nu,code,name,capital,region,subregion,Unnamed: 6,quara/into/where/e,quara/into/where/v,quara/into/where/uv,quara/into/min/e,quara/into/min/v,quara/into/min/uv,quara/into/max/e,quara/into/max/v,quara/into/max/uv,quara/into/comment,test/into/pcr/e,test/into/pcr/v,test/into/pcr/uv,test/into/ag/e,test/into/ag/v,test/into/ag/uv,test/into/comment,visa/into,visa/into/comment,loadStates/into,Unnamed: 27,Unnamed: 28,Unnamed: 29,Unnamed: 30,Unnamed: 31,Unnamed: 32,Unnamed: 33,Unnamed: 34,Unnamed: 35,Unnamed: 36,Unnamed: 37,Unnamed: 38,Unnamed: 39,Unnamed: 40,Unnamed: 41,quara/out/where/e,quara/out/where/v,quara/out/where/uv,quara/out/min/e,quara/out/min/v,quara/out/min/uv,quara/out/max/e,quara/out/max/v,quara/out/max/uv,quara/out/comment,test/out/pcr/e,test/out/pcr/v,test/out/pcr/uv,test/out/ag/e,test/out/ag/v,test/out/ag/uv,test/out/comment,visa/out,visa/out/comment
AF,AFG,Afghanistan,Kabul,Asia,Southern Asia,,AF-->DE,AF-->DE,AF-->DE,AF-->DE,AF-->DE,AF-->DE,AF-->DE,AF-->DE,AF-->DE,AF-->DE,AF-->DE,AF-->DE,AF-->DE,AF-->DE,AF-->DE,AF-->DE,AF-->DE,AF-->DE,AF-->DE,,,,,,,,,,,,,,,,,DE-->AF,DE-->AF,DE-->AF,DE-->AF,DE-->AF,DE-->AF,DE-->AF,DE-->AF,DE-->AF,DE-->AF,DE-->AF,DE-->AF,DE-->AF,DE-->AF,DE-->AF,DE-->AF,DE-->AF,DE-->AF,DE-->AF
AX,ALA,Åland Islands,Mariehamn,Europe,Northern Europe,,AX-->DE,AX-->DE,AX-->DE,AX-->DE,AX-->DE,AX-->DE,AX-->DE,AX-->DE,AX-->DE,AX-->DE,AX-->DE,AX-->DE,AX-->DE,AX-->DE,AX-->DE,AX-->DE,AX-->DE,AX-->DE,AX-->DE,,,,,,,,,,,,,,,,,DE-->AX,DE-->AX,DE-->AX,DE-->AX,DE-->AX,DE-->AX,DE-->AX,DE-->AX,DE-->AX,DE-->AX,DE-->AX,DE-->AX,DE-->AX,DE-->AX,DE-->AX,DE-->AX,DE-->AX,DE-->AX,DE-->AX
AL,ALB,Albania,Tirana,Europe,Southern Europe,,AL-->DE,AL-->DE,AL-->DE,AL-->DE,AL-->DE,AL-->DE,AL-->DE,AL-->DE,AL-->DE,AL-->DE,AL-->DE,AL-->DE,AL-->DE,AL-->DE,AL-->DE,AL-->DE,AL-->DE,AL-->DE,AL-->DE,,,,,,,,,,,,,,,,,DE-->AL,DE-->AL,DE-->AL,DE-->AL,DE-->AL,DE-->AL,DE-->AL,DE-->AL,DE-->AL,DE-->AL,DE-->AL,DE-->AL,DE-->AL,DE-->AL,DE-->AL,DE-->AL,DE-->AL,DE-->AL,DE-->AL
DZ,DZA,Algeria,Algiers,Africa,Northern Africa,,DZ-->DE,DZ-->DE,DZ-->DE,DZ-->DE,DZ-->DE,DZ-->DE,DZ-->DE,DZ-->DE,DZ-->DE,DZ-->DE,DZ-->DE,DZ-->DE,DZ-->DE,DZ-->DE,DZ-->DE,DZ-->DE,DZ-->DE,DZ-->DE,DZ-->DE,,,,,,,,,,,,,,,,,DE-->DZ,DE-->DZ,DE-->DZ,DE-->DZ,DE-->DZ,DE-->DZ,DE-->DZ,DE-->DZ,DE-->DZ,DE-->DZ,DE-->DZ,DE-->DZ,DE-->DZ,DE-->DZ,DE-->DZ,DE-->DZ,DE-->DZ,DE-->DZ,DE-->DZ
AS,ASM,American Samoa,Pago Pago,Oceania,Polynesia,,AS-->DE,AS-->DE,AS-->DE,AS-->DE,AS-->DE,AS-->DE,AS-->DE,AS-->DE,AS-->DE,AS-->DE,AS-->DE,AS-->DE,AS-->DE,AS-->DE,AS-->DE,AS-->DE,AS-->DE,AS-->DE,AS-->DE,,,,,,,,,,,,,,,,,DE-->AS,DE-->AS,DE-->AS,DE-->AS,DE-->AS,DE-->AS,DE-->AS,DE-->AS,DE-->AS,DE-->AS,DE-->AS,DE-->AS,DE-->AS,DE-->AS,DE-->AS,DE-->AS,DE-->AS,DE-->AS,DE-->AS
AD,AND,Andorra,Andorra la Vella,Europe,Southern Europe,,AD-->DE,AD-->DE,AD-->DE,AD-->DE,AD-->DE,AD-->DE,AD-->DE,AD-->DE,AD-->DE,AD-->DE,AD-->DE,AD-->DE,AD-->DE,AD-->DE,AD-->DE,AD-->DE,AD-->DE,AD-->DE,AD-->DE,,,,,,,,,,,,,,,,,DE-->AD,DE-->AD,DE-->AD,DE-->AD,DE-->AD,DE-->AD,DE-->AD,DE-->AD,DE-->AD,DE-->AD,DE-->AD,DE-->AD,DE-->AD,DE-->AD,DE-->AD,DE-->AD,DE-->AD,DE-->AD,DE-->AD
AO,AGO,Angola,Luanda,Africa,Middle Africa,,AO-->DE,AO-->DE,AO-->DE,AO-->DE,AO-->DE,AO-->DE,AO-->DE,AO-->DE,AO-->DE,AO-->DE,AO-->DE,AO-->DE,AO-->DE,AO-->DE,AO-->DE,AO-->DE,AO-->DE,AO-->DE,AO-->DE,,,,,,,,,,,,,,,,,DE-->AO,DE-->AO,DE-->AO,DE-->AO,DE-->AO,DE-->AO,DE-->AO,DE-->AO,DE-->AO,DE-->AO,DE-->AO,DE-->AO,DE-->AO,DE-->AO,DE-->AO,DE-->AO,DE-->AO,DE-->AO,DE-->AO
AI,AIA,Anguilla,The Valley,Americas,Caribbean,,AI-->DE,AI-->DE,AI-->DE,AI-->DE,AI-->DE,AI-->DE,AI-->DE,AI-->DE,AI-->DE,AI-->DE,AI-->DE,AI-->DE,AI-->DE,AI-->DE,AI-->DE,AI-->DE,AI-->DE,AI-->DE,AI-->DE,,,,,,,,,,,,,,,,,DE-->AI,DE-->AI,DE-->AI,DE-->AI,DE-->AI,DE-->AI,DE-->AI,DE-->AI,DE-->AI,DE-->AI,DE-->AI,DE-->AI,DE-->AI,DE-->AI,DE-->AI,DE-->AI,DE-->AI,DE-->AI,DE-->AI
AQ,ATA,Antarctica,,Polar,,,AQ-->DE,AQ-->DE,AQ-->DE,AQ-->DE,AQ-->DE,AQ-->DE,AQ-->DE,AQ-->DE,AQ-->DE,AQ-->DE,AQ-->DE,AQ-->DE,AQ-->DE,AQ-->DE,AQ-->DE,AQ-->DE,AQ-->DE,AQ-->DE,AQ-->DE,,,,,,,,,,,,,,,,,DE-->AQ,DE-->AQ,DE-->AQ,DE-->AQ,DE-->AQ,DE-->AQ,DE-->AQ,DE-->AQ,DE-->AQ,DE-->AQ,DE-->AQ,DE-->AQ,DE-->AQ,DE-->AQ,DE-->AQ,DE-->AQ,DE-->AQ,DE-->AQ,DE-->AQ
AG,ATG,Antigua and Barbuda,Saint John's,Americas,Caribbean,,AG-->DE,AG-->DE,AG-->DE,AG-->DE,AG-->DE,AG-->DE,AG-->DE,AG-->DE,AG-->DE,AG-->DE,AG-->DE,AG-->DE,AG-->DE,AG-->DE,AG-->DE,AG-->DE,AG-->DE,AG-->DE,AG-->DE,,,,,,,,,,,,,,,,,DE-->AG,DE-->AG,DE-->AG,DE-->AG,DE-->AG,DE-->AG,DE-->AG,DE-->AG,DE-->AG,DE-->AG,DE-->AG,DE-->AG,DE-->AG,DE-->AG,DE-->AG,DE-->AG,DE-->AG,DE-->AG,DE-->AG
AR,ARG,Argentina,Buenos Aires,Americas,South America,,AR-->DE,AR-->DE,AR-->DE,AR-->DE,AR-->DE,AR-->DE,AR-->DE,AR-->DE,AR-->DE,AR-->DE,AR-->DE,AR-->DE,AR-->DE,AR-->DE,AR-->DE,AR-->DE,AR-->DE,AR-->DE,AR-->DE,,,,,,,,,,,,,,,,,DE-->AR,DE-->AR,DE-->AR,DE-->AR,DE-->AR,DE-->AR,DE-->AR,DE-->AR,DE-->AR,DE-->AR,DE-->AR,DE-->AR,DE-->AR,DE-->AR,DE-->AR,DE-->AR,DE-->AR,DE-->AR,DE-->AR
AM,ARM,Armenia,Yerevan,Asia,Western Asia,,AM-->DE,AM-->DE,AM-->DE,AM-->DE,AM-->DE,AM-->DE,AM-->DE,AM-->DE,AM-->DE,AM-->DE,AM-->DE,AM-->DE,AM-->DE,AM-->DE,AM-->DE,AM-->DE,AM-->DE,AM-->DE,AM-->DE,,,,,,,,,,,,,,,,,DE-->AM,DE-->AM,DE-->AM,DE-->AM,DE-->AM,DE-->AM,DE-->AM,DE-->AM,DE-->AM,DE-->AM,DE-->AM,DE-->AM,DE-->AM,DE-->AM,DE-->AM,DE-->AM,DE-->AM,DE-->AM,DE-->AM
AW,ABW,Aruba,Oranjestad,Americas,Caribbean,,AW-->DE,AW-->DE,AW-->DE,AW-->DE,AW-->DE,AW-->DE,AW-->DE,AW-->DE,AW-->DE,AW-->DE,AW-->DE,AW-->DE,AW-->DE,AW-->DE,AW-->DE,AW-->DE,AW-->DE,AW-->DE,AW-->DE,,,,,,,,,,,,,,,,,DE-->AW,DE-->AW,DE-->AW,DE-->AW,DE-->AW,DE-->AW,DE-->AW,DE-->AW,DE-->AW,DE-->AW,DE-->AW,DE-->AW,DE-->AW,DE-->AW,DE-->AW,DE-->AW,DE-->AW,DE-->AW,DE-->AW
AU,AUS,Australia,Canberra,Oceania,Australia and New Zealand,,AU-->DE,AU-->DE,AU-->DE,AU-->DE,AU-->DE,AU-->DE,AU-->DE,AU-->DE,AU-->DE,AU-->DE,AU-->DE,AU-->DE,AU-->DE,AU-->DE,AU-->DE,AU-->DE,AU-->DE,AU-->DE,AU-->DE,,,,,,,,,,,,,,,,,DE-->AU,DE-->AU,DE-->AU,DE-->AU,DE-->AU,DE-->AU,DE-->AU,DE-->AU,DE-->AU,DE-->AU,DE-->AU,DE-->AU,DE-->AU,DE-->AU,DE-->AU,DE-->AU,DE-->AU,DE-->AU,DE-->AU
AT,AUT,Austria,Vienna,Europe,Western Europe,,AT-->DE,AT-->DE,AT-->DE,AT-->DE,AT-->DE,AT-->DE,AT-->DE,AT-->DE,AT-->DE,AT-->DE,AT-->DE,AT-->DE,AT-->DE,AT-->DE,AT-->DE,AT-->DE,AT-->DE,AT-->DE,AT-->DE,,,,,,,,,,,,,,,,,DE-->AT,DE-->AT,DE-->AT,DE-->AT,DE-->AT,DE-->AT,DE-->AT,DE-->AT,DE-->AT,DE-->AT,DE-->AT,DE-->AT,DE-->AT,DE-->AT,DE-->AT,DE-->AT,DE-->AT,DE-->AT,DE-->AT
AZ,AZE,Azerbaijan,Baku,Asia,Western Asia,,AZ-->DE,AZ-->DE,AZ-->DE,AZ-->DE,AZ-->DE,AZ-->DE,AZ-->DE,AZ-->DE,AZ-->DE,AZ-->DE,AZ-->DE,AZ-->DE,AZ-->DE,AZ-->DE,AZ-->DE,AZ-->DE,AZ-->DE,AZ-->DE,AZ-->DE,,,,,,,,,,,,,,,,,DE-->AZ,DE-->AZ,DE-->AZ,DE-->AZ,DE-->AZ,DE-->AZ,DE-->AZ,DE-->AZ,DE-->AZ,DE-->AZ,DE-->AZ,DE-->AZ,DE-->AZ,DE-->AZ,DE-->AZ,DE-->AZ,DE-->AZ,DE-->AZ,DE-->AZ
BS,BHS,The Bahamas,Nassau,Americas,Caribbean,,BS-->DE,BS-->DE,BS-->DE,BS-->DE,BS-->DE,BS-->DE,BS-->DE,BS-->DE,BS-->DE,BS-->DE,BS-->DE,BS-->DE,BS-->DE,BS-->DE,BS-->DE,BS-->DE,BS-->DE,BS-->DE,BS-->DE,,,,,,,,,,,,,,,,,DE-->BS,DE-->BS,DE-->BS,DE-->BS,DE-->BS,DE-->BS,DE-->BS,DE-->BS,DE-->BS,DE-->BS,DE-->BS,DE-->BS,DE-->BS,DE-->BS,DE-->BS,DE-->BS,DE-->BS,DE-->BS,DE-->BS
BH,BHR,Bahrain,Manama,Asia,Western Asia,,BH-->DE,BH-->DE,BH-->DE,BH-->DE,BH-->DE,BH-->DE,BH-->DE,BH-->DE,BH-->DE,BH-->DE,BH-->DE,BH-->DE,BH-->DE,BH-->DE,BH-->DE,BH-->DE,BH-->DE,BH-->DE,BH-->DE,,,,,,,,,,,,,,,,,DE-->BH,DE-->BH,DE-->BH,DE-->BH,DE-->BH,DE-->BH,DE-->BH,DE-->BH,DE-->BH,DE-->BH,DE-->BH,DE-->BH,DE-->BH,DE-->BH,DE-->BH,DE-->BH,DE-->BH,DE-->BH,DE-->BH
BD,BGD,Bangladesh,Dhaka,Asia,Southern Asia,,BD-->DE,BD-->DE,BD-->DE,BD-->DE,BD-->DE,BD-->DE,BD-->DE,BD-->DE,BD-->DE,BD-->DE,BD-->DE,BD-->DE,BD-->DE,BD-->DE,BD-->DE,BD-->DE,BD-->DE,BD-->DE,BD-->DE,,,,,,,,,,,,,,,,,DE-->BD,DE-->BD,DE-->BD,DE-->BD,DE-->BD,DE-->BD,DE-->BD,DE-->BD,DE-->BD,DE-->BD,DE-->BD,DE-->BD,DE-->BD,DE-->BD,DE-->BD,DE-->BD,DE-->BD,DE-->BD,DE-->BD
BB,BRB,Barbados,Bridgetown,Americas,Caribbean,,BB-->DE,BB-->DE,BB-->DE,BB-->DE,BB-->DE,BB-->DE,BB-->DE,BB-->DE,BB-->DE,BB-->DE,BB-->DE,BB-->DE,BB-->DE,BB-->DE,BB-->DE,BB-->DE,BB-->DE,BB-->DE,BB-->DE,,,,,,,,,,,,,,,,,DE-->BB,DE-->BB,DE-->BB,DE-->BB,DE-->BB,DE-->BB,DE-->BB,DE-->BB,DE-->BB,DE-->BB,DE-->BB,DE-->BB,DE-->BB,DE-->BB,DE-->BB,DE-->BB,DE-->BB,DE-->BB,DE-->BB
BY,BLR,Belarus,Minsk,Europe,Eastern Europe,,BY-->DE,BY-->DE,BY-->DE,BY-->DE,BY-->DE,BY-->DE,BY-->DE,BY-->DE,BY-->DE,BY-->DE,BY-->DE,BY-->DE,BY-->DE,BY-->DE,BY-->DE,BY-->DE,BY-->DE,BY-->DE,BY-->DE,,,,,,,,,,,,,,,,,DE-->BY,DE-->BY,DE-->BY,DE-->BY,DE-->BY,DE-->BY,DE-->BY,DE-->BY,DE-->BY,DE-->BY,DE-->BY,DE-->BY,DE-->BY,DE-->BY,DE-->BY,DE-->BY,DE-->BY,DE-->BY,DE-->BY
BE,BEL,Belgium,Brussels,Europe,Western Europe,,BE-->DE,BE-->DE,BE-->DE,BE-->DE,BE-->DE,BE-->DE,BE-->DE,BE-->DE,BE-->DE,BE-->DE,BE-->DE,BE-->DE,BE-->DE,BE-->DE,BE-->DE,BE-->DE,BE-->DE,BE-->DE,BE-->DE,,,,,,,,,,,,,,,,,DE-->BE,DE-->BE,DE-->BE,DE-->BE,DE-->BE,DE-->BE,DE-->BE,DE-->BE,DE-->BE,DE-->BE,DE-->BE,DE-->BE,DE-->BE,DE-->BE,DE-->BE,DE-->BE,DE-->BE,DE-->BE,DE-->BE
BZ,BLZ,Belize,Belmopan,Americas,Central America,,BZ-->DE,BZ-->DE,BZ-->DE,BZ-->DE,BZ-->DE,BZ-->DE,BZ-->DE,BZ-->DE,BZ-->DE,BZ-->DE,BZ-->DE,BZ-->DE,BZ-->DE,BZ-->DE,BZ-->DE,BZ-->DE,BZ-->DE,BZ-->DE,BZ-->DE,,,,,,,,,,,,,,,,,DE-->BZ,DE-->BZ,DE-->BZ,DE-->BZ,DE-->BZ,DE-->BZ,DE-->BZ,DE-->BZ,DE-->BZ,DE-->BZ,DE-->BZ,DE-->BZ,DE-->BZ,DE-->BZ,DE-->BZ,DE-->BZ,DE-->BZ,DE-->BZ,DE-->BZ
BJ,BEN,Benin,Porto-Novo,Africa,Western Africa,,BJ-->DE,BJ-->DE,BJ-->DE,BJ-->DE,BJ-->DE,BJ-->DE,BJ-->DE,BJ-->DE,BJ-->DE,BJ-->DE,BJ-->DE,BJ-->DE,BJ-->DE,BJ-->DE,BJ-->DE,BJ-->DE,BJ-->DE,BJ-->DE,BJ-->DE,,,,,,,,,,,,,,,,,DE-->BJ,DE-->BJ,DE-->BJ,DE-->BJ,DE-->BJ,DE-->BJ,DE-->BJ,DE-->BJ,DE-->BJ,DE-->BJ,DE-->BJ,DE-->BJ,DE-->BJ,DE-->BJ,DE-->BJ,DE-->BJ,DE-->BJ,DE-->BJ,DE-->BJ
BM,BMU,Bermuda,Hamilton,Americas,Northern America,,BM-->DE,BM-->DE,BM-->DE,BM-->DE,BM-->DE,BM-->DE,BM-->DE,BM-->DE,BM-->DE,BM-->DE,BM-->DE,BM-->DE,BM-->DE,BM-->DE,BM-->DE,BM-->DE,BM-->DE,BM-->DE,BM-->DE,,,,,,,,,,,,,,,,,DE-->BM,DE-->BM,DE-->BM,DE-->BM,DE-->BM,DE-->BM,DE-->BM,DE-->BM,DE-->BM,DE-->BM,DE-->BM,DE-->BM,DE-->BM,DE-->BM,DE-->BM,DE-->BM,DE-->BM,DE-->BM,DE-->BM
BT,BTN,Bhutan,Thimphu,Asia,Southern Asia,,BT-->DE,BT-->DE,BT-->DE,BT-->DE,BT-->DE,BT-->DE,BT-->DE,BT-->DE,BT-->DE,BT-->DE,BT-->DE,BT-->DE,BT-->DE,BT-->DE,BT-->DE,BT-->DE,BT-->DE,BT-->DE,BT-->DE,,,,,,,,,,,,,,,,,DE-->BT,DE-->BT,DE-->BT,DE-->BT,DE-->BT,DE-->BT,DE-->BT,DE-->BT,DE-->BT,DE-->BT,DE-->BT,DE-->BT,DE-->BT,DE-->BT,DE-->BT,DE-->BT,DE-->BT,DE-->BT,DE-->BT
BO,BOL,Bolivia,Sucre,Americas,South America,,BO-->DE,BO-->DE,BO-->DE,BO-->DE,BO-->DE,BO-->DE,BO-->DE,BO-->DE,BO-->DE,BO-->DE,BO-->DE,BO-->DE,BO-->DE,BO-->DE,BO-->DE,BO-->DE,BO-->DE,BO-->DE,BO-->DE,,,,,,,,,,,,,,,,,DE-->BO,DE-->BO,DE-->BO,DE-->BO,DE-->BO,DE-->BO,DE-->BO,DE-->BO,DE-->BO,DE-->BO,DE-->BO,DE-->BO,DE-->BO,DE-->BO,DE-->BO,DE-->BO,DE-->BO,DE-->BO,DE-->BO
BQ,BES,Bonaire,Kralendijk,Americas,Caribbean,,BQ-->DE,BQ-->DE,BQ-->DE,BQ-->DE,BQ-->DE,BQ-->DE,BQ-->DE,BQ-->DE,BQ-->DE,BQ-->DE,BQ-->DE,BQ-->DE,BQ-->DE,BQ-->DE,BQ-->DE,BQ-->DE,BQ-->DE,BQ-->DE,BQ-->DE,,,,,,,,,,,,,,,,,DE-->BQ,DE-->BQ,DE-->BQ,DE-->BQ,DE-->BQ,DE-->BQ,DE-->BQ,DE-->BQ,DE-->BQ,DE-->BQ,DE-->BQ,DE-->BQ,DE-->BQ,DE-->BQ,DE-->BQ,DE-->BQ,DE-->BQ,DE-->BQ,DE-->BQ
BA,BIH,Bosnia and Herzegovina,Sarajevo,Europe,Southern Europe,,BA-->DE,BA-->DE,BA-->DE,BA-->DE,BA-->DE,BA-->DE,BA-->DE,BA-->DE,BA-->DE,BA-->DE,BA-->DE,BA-->DE,BA-->DE,BA-->DE,BA-->DE,BA-->DE,BA-->DE,BA-->DE,BA-->DE,,,,,,,,,,,,,,,,,DE-->BA,DE-->BA,DE-->BA,DE-->BA,DE-->BA,DE-->BA,DE-->BA,DE-->BA,DE-->BA,DE-->BA,DE-->BA,DE-->BA,DE-->BA,DE-->BA,DE-->BA,DE-->BA,DE-->BA,DE-->BA,DE-->BA
BW,BWA,Botswana,Gaborone,Africa,Southern Africa,,BW-->DE,BW-->DE,BW-->DE,BW-->DE,BW-->DE,BW-->DE,BW-->DE,BW-->DE,BW-->DE,BW-->DE,BW-->DE,BW-->DE,BW-->DE,BW-->DE,BW-->DE,BW-->DE,BW-->DE,BW-->DE,BW-->DE,,,,,,,,,,,,,,,,,DE-->BW,DE-->BW,DE-->BW,DE-->BW,DE-->BW,DE-->BW,DE-->BW,DE-->BW,DE-->BW,DE-->BW,DE-->BW,DE-->BW,DE-->BW,DE-->BW,DE-->BW,DE-->BW,DE-->BW,DE-->BW,DE-->BW
BV,BVT,Bouvet Island,,,,,BV-->DE,BV-->DE,BV-->DE,BV-->DE,BV-->DE,BV-->DE,BV-->DE,BV-->DE,BV-->DE,BV-->DE,BV-->DE,BV-->DE,BV-->DE,BV-->DE,BV-->DE,BV-->DE,BV-->DE,BV-->DE,BV-->DE,,,,,,,,,,,,,,,,,DE-->BV,DE-->BV,DE-->BV,DE-->BV,DE-->BV,DE-->BV,DE-->BV,DE-->BV,DE-->BV,DE-->BV,DE-->BV,DE-->BV,DE-->BV,DE-->BV,DE-->BV,DE-->BV,DE-->BV,DE-->BV,DE-->BV
BR,BRA,Brazil,Brasília,Americas,South America,,BR-->DE,BR-->DE,BR-->DE,BR-->DE,BR-->DE,BR-->DE,BR-->DE,BR-->DE,BR-->DE,BR-->DE,BR-->DE,BR-->DE,BR-->DE,BR-->DE,BR-->DE,BR-->DE,BR-->DE,BR-->DE,BR-->DE,,,,,,,,,,,,,,,,,DE-->BR,DE-->BR,DE-->BR,DE-->BR,DE-->BR,DE-->BR,DE-->BR,DE-->BR,DE-->BR,DE-->BR,DE-->BR,DE-->BR,DE-->BR,DE-->BR,DE-->BR,DE-->BR,DE-->BR,DE-->BR,DE-->BR
IO,IOT,British Indian Ocean Territory,Diego Garcia,Africa,Eastern Africa,,IO-->DE,IO-->DE,IO-->DE,IO-->DE,IO-->DE,IO-->DE,IO-->DE,IO-->DE,IO-->DE,IO-->DE,IO-->DE,IO-->DE,IO-->DE,IO-->DE,IO-->DE,IO-->DE,IO-->DE,IO-->DE,IO-->DE,,,,,,,,,,,,,,,,,DE-->IO,DE-->IO,DE-->IO,DE-->IO,DE-->IO,DE-->IO,DE-->IO,DE-->IO,DE-->IO,DE-->IO,DE-->IO,DE-->IO,DE-->IO,DE-->IO,DE-->IO,DE-->IO,DE-->IO,DE-->IO,DE-->IO
UM,UMI,United States Minor Outlying Islands,,Americas,Northern America,,UM-->DE,UM-->DE,UM-->DE,UM-->DE,UM-->DE,UM-->DE,UM-->DE,UM-->DE,UM-->DE,UM-->DE,UM-->DE,UM-->DE,UM-->DE,UM-->DE,UM-->DE,UM-->DE,UM-->DE,UM-->DE,UM-->DE,,,,,,,,,,,,,,,,,DE-->UM,DE-->UM,DE-->UM,DE-->UM,DE-->UM,DE-->UM,DE-->UM,DE-->UM,DE-->UM,DE-->UM,DE-->UM,DE-->UM,DE-->UM,DE-->UM,DE-->UM,DE-->UM,DE-->UM,DE-->UM,DE-->UM
VG,VGB,Virgin Islands (British),Road Town,Americas,Caribbean,,VG-->DE,VG-->DE,VG-->DE,VG-->DE,VG-->DE,VG-->DE,VG-->DE,VG-->DE,VG-->DE,VG-->DE,VG-->DE,VG-->DE,VG-->DE,VG-->DE,VG-->DE,VG-->DE,VG-->DE,VG-->DE,VG-->DE,,,,,,,,,,,,,,,,,DE-->VG,DE-->VG,DE-->VG,DE-->VG,DE-->VG,DE-->VG,DE-->VG,DE-->VG,DE-->VG,DE-->VG,DE-->VG,DE-->VG,DE-->VG,DE-->VG,DE-->VG,DE-->VG,DE-->VG,DE-->VG,DE-->VG
VI,VIR,Virgin Islands (U.S.),Charlotte Amalie,Americas,Caribbean,,VI-->DE,VI-->DE,VI-->DE,VI-->DE,VI-->DE,VI-->DE,VI-->DE,VI-->DE,VI-->DE,VI-->DE,VI-->DE,VI-->DE,VI-->DE,VI-->DE,VI-->DE,VI-->DE,VI-->DE,VI-->DE,VI-->DE,,,,,,,,,,,,,,,,,DE-->VI,DE-->VI,DE-->VI,DE-->VI,DE-->VI,DE-->VI,DE-->VI,DE-->VI,DE-->VI,DE-->VI,DE-->VI,DE-->VI,DE-->VI,DE-->VI,DE-->VI,DE-->VI,DE-->VI,DE-->VI,DE-->VI
BN,BRN,Brunei,Bandar Seri Begawan,Asia,South-Eastern Asia,,BN-->DE,BN-->DE,BN-->DE,BN-->DE,BN-->DE,BN-->DE,BN-->DE,BN-->DE,BN-->DE,BN-->DE,BN-->DE,BN-->DE,BN-->DE,BN-->DE,BN-->DE,BN-->DE,BN-->DE,BN-->DE,BN-->DE,,,,,,,,,,,,,,,,,DE-->BN,DE-->BN,DE-->BN,DE-->BN,DE-->BN,DE-->BN,DE-->BN,DE-->BN,DE-->BN,DE-->BN,DE-->BN,DE-->BN,DE-->BN,DE-->BN,DE-->BN,DE-->BN,DE-->BN,DE-->BN,DE-->BN
BG,BGR,Bulgaria,Sofia,Europe,Eastern Europe,,BG-->DE,BG-->DE,BG-->DE,BG-->DE,BG-->DE,BG-->DE,BG-->DE,BG-->DE,BG-->DE,BG-->DE,BG-->DE,BG-->DE,BG-->DE,BG-->DE,BG-->DE,BG-->DE,BG-->DE,BG-->DE,BG-->DE,,,,,,,,,,,,,,,,,DE-->BG,DE-->BG,DE-->BG,DE-->BG,DE-->BG,DE-->BG,DE-->BG,DE-->BG,DE-->BG,DE-->BG,DE-->BG,DE-->BG,DE-->BG,DE-->BG,DE-->BG,DE-->BG,DE-->BG,DE-->BG,DE-->BG
BF,BFA,Burkina Faso,Ouagadougou,Africa,Western Africa,,BF-->DE,BF-->DE,BF-->DE,BF-->DE,BF-->DE,BF-->DE,BF-->DE,BF-->DE,BF-->DE,BF-->DE,BF-->DE,BF-->DE,BF-->DE,BF-->DE,BF-->DE,BF-->DE,BF-->DE,BF-->DE,BF-->DE,,,,,,,,,,,,,,,,,DE-->BF,DE-->BF,DE-->BF,DE-->BF,DE-->BF,DE-->BF,DE-->BF,DE-->BF,DE-->BF,DE-->BF,DE-->BF,DE-->BF,DE-->BF,DE-->BF,DE-->BF,DE-->BF,DE-->BF,DE-->BF,DE-->BF
BI,BDI,Burundi,Bujumbura,Africa,Eastern Africa,,BI-->DE,BI-->DE,BI-->DE,BI-->DE,BI-->DE,BI-->DE,BI-->DE,BI-->DE,BI-->DE,BI-->DE,BI-->DE,BI-->DE,BI-->DE,BI-->DE,BI-->DE,BI-->DE,BI-->DE,BI-->DE,BI-->DE,,,,,,,,,,,,,,,,,DE-->BI,DE-->BI,DE-->BI,DE-->BI,DE-->BI,DE-->BI,DE-->BI,DE-->BI,DE-->BI,DE-->BI,DE-->BI,DE-->BI,DE-->BI,DE-->BI,DE-->BI,DE-->BI,DE-->BI,DE-->BI,DE-->BI
KH,KHM,Cambodia,Phnom Penh,Asia,South-Eastern Asia,,KH-->DE,KH-->DE,KH-->DE,KH-->DE,KH-->DE,KH-->DE,KH-->DE,KH-->DE,KH-->DE,KH-->DE,KH-->DE,KH-->DE,KH-->DE,KH-->DE,KH-->DE,KH-->DE,KH-->DE,KH-->DE,KH-->DE,,,,,,,,,,,,,,,,,DE-->KH,DE-->KH,DE-->KH,DE-->KH,DE-->KH,DE-->KH,DE-->KH,DE-->KH,DE-->KH,DE-->KH,DE-->KH,DE-->KH,DE-->KH,DE-->KH,DE-->KH,DE-->KH,DE-->KH,DE-->KH,DE-->KH
CM,CMR,Cameroon,Yaoundé,Africa,Middle Africa,,CM-->DE,CM-->DE,CM-->DE,CM-->DE,CM-->DE,CM-->DE,CM-->DE,CM-->DE,CM-->DE,CM-->DE,CM-->DE,CM-->DE,CM-->DE,CM-->DE,CM-->DE,CM-->DE,CM-->DE,CM-->DE,CM-->DE,,,,,,,,,,,,,,,,,DE-->CM,DE-->CM,DE-->CM,DE-->CM,DE-->CM,DE-->CM,DE-->CM,DE-->CM,DE-->CM,DE-->CM,DE-->CM,DE-->CM,DE-->CM,DE-->CM,DE-->CM,DE-->CM,DE-->CM,DE-->CM,DE-->CM
CA,CAN,Canada,Ottawa,Americas,Northern America,,CA-->DE,CA-->DE,CA-->DE,CA-->DE,CA-->DE,CA-->DE,CA-->DE,CA-->DE,CA-->DE,CA-->DE,CA-->DE,CA-->DE,CA-->DE,CA-->DE,CA-->DE,CA-->DE,CA-->DE,CA-->DE,CA-->DE,,,,,,,,,,,,,,,,,DE-->CA,DE-->CA,DE-->CA,DE-->CA,DE-->CA,DE-->CA,DE-->CA,DE-->CA,DE-->CA,DE-->CA,DE-->CA,DE-->CA,DE-->CA,DE-->CA,DE-->CA,DE-->CA,DE-->CA,DE-->CA,DE-->CA
CV,CPV,Cape Verde,Praia,Africa,Western Africa,,CV-->DE,CV-->DE,CV-->DE,CV-->DE,CV-->DE,CV-->DE,CV-->DE,CV-->DE,CV-->DE,CV-->DE,CV-->DE,CV-->DE,CV-->DE,CV-->DE,CV-->DE,CV-->DE,CV-->DE,CV-->DE,CV-->DE,,,,,,,,,,,,,,,,,DE-->CV,DE-->CV,DE-->CV,DE-->CV,DE-->CV,DE-->CV,DE-->CV,DE-->CV,DE-->CV,DE-->CV,DE-->CV,DE-->CV,DE-->CV,DE-->CV,DE-->CV,DE-->CV,DE-->CV,DE-->CV,DE-->CV
KY,CYM,Cayman Islands,George Town,Americas,Caribbean,,KY-->DE,KY-->DE,KY-->DE,KY-->DE,KY-->DE,KY-->DE,KY-->DE,KY-->DE,KY-->DE,KY-->DE,KY-->DE,KY-->DE,KY-->DE,KY-->DE,KY-->DE,KY-->DE,KY-->DE,KY-->DE,KY-->DE,,,,,,,,,,,,,,,,,DE-->KY,DE-->KY,DE-->KY,DE-->KY,DE-->KY,DE-->KY,DE-->KY,DE-->KY,DE-->KY,DE-->KY,DE-->KY,DE-->KY,DE-->KY,DE-->KY,DE-->KY,DE-->KY,DE-->KY,DE-->KY,DE-->KY
CF,CAF,Central African Republic,Bangui,Africa,Middle Africa,,CF-->DE,CF-->DE,CF-->DE,CF-->DE,CF-->DE,CF-->DE,CF-->DE,CF-->DE,CF-->DE,CF-->DE,CF-->DE,CF-->DE,CF-->DE,CF-->DE,CF-->DE,CF-->DE,CF-->DE,CF-->DE,CF-->DE,,,,,,,,,,,,,,,,,DE-->CF,DE-->CF,DE-->CF,DE-->CF,DE-->CF,DE-->CF,DE-->CF,DE-->CF,DE-->CF,DE-->CF,DE-->CF,DE-->CF,DE-->CF,DE-->CF,DE-->CF,DE-->CF,DE-->CF,DE-->CF,DE-->CF
TD,TCD,Chad,N'Djamena,Africa,Middle Africa,,TD-->DE,TD-->DE,TD-->DE,TD-->DE,TD-->DE,TD-->DE,TD-->DE,TD-->DE,TD-->DE,TD-->DE,TD-->DE,TD-->DE,TD-->DE,TD-->DE,TD-->DE,TD-->DE,TD-->DE,TD-->DE,TD-->DE,,,,,,,,,,,,,,,,,DE-->TD,DE-->TD,DE-->TD,DE-->TD,DE-->TD,DE-->TD,DE-->TD,DE-->TD,DE-->TD,DE-->TD,DE-->TD,DE-->TD,DE-->TD,DE-->TD,DE-->TD,DE-->TD,DE-->TD,DE-->TD,DE-->TD
CL,CHL,Chile,Santiago,Americas,South America,,CL-->DE,CL-->DE,CL-->DE,CL-->DE,CL-->DE,CL-->DE,CL-->DE,CL-->DE,CL-->DE,CL-->DE,CL-->DE,CL-->DE,CL-->DE,CL-->DE,CL-->DE,CL-->DE,CL-->DE,CL-->DE,CL-->DE,,,,,,,,,,,,,,,,,DE-->CL,DE-->CL,DE-->CL,DE-->CL,DE-->CL,DE-->CL,DE-->CL,DE-->CL,DE-->CL,DE-->CL,DE-->CL,DE-->CL,DE-->CL,DE-->CL,DE-->CL,DE-->CL,DE-->CL,DE-->CL,DE-->CL
CN,CHN,China,Beijing,Asia,Eastern Asia,,CN-->DE,CN-->DE,CN-->DE,CN-->DE,CN-->DE,CN-->DE,CN-->DE,CN-->DE,CN-->DE,CN-->DE,CN-->DE,CN-->DE,CN-->DE,CN-->DE,CN-->DE,CN-->DE,CN-->DE,CN-->DE,CN-->DE,,,,,,,,,,,,,,,,,DE-->CN,DE-->CN,DE-->CN,DE-->CN,DE-->CN,DE-->CN,DE-->CN,DE-->CN,DE-->CN,DE-->CN,DE-->CN,DE-->CN,DE-->CN,DE-->CN,DE-->CN,DE-->CN,DE-->CN,DE-->CN,DE-->CN
CX,CXR,Christmas Island,Flying Fish Cove,Oceania,Australia and New Zealand,,CX-->DE,CX-->DE,CX-->DE,CX-->DE,CX-->DE,CX-->DE,CX-->DE,CX-->DE,CX-->DE,CX-->DE,CX-->DE,CX-->DE,CX-->DE,CX-->DE,CX-->DE,CX-->DE,CX-->DE,CX-->DE,CX-->DE,,,,,,,,,,,,,,,,,DE-->CX,DE-->CX,DE-->CX,DE-->CX,DE-->CX,DE-->CX,DE-->CX,DE-->CX,DE-->CX,DE-->CX,DE-->CX,DE-->CX,DE-->CX,DE-->CX,DE-->CX,DE-->CX,DE-->CX,DE-->CX,DE-->CX
CC,CCK,Cocos (Keeling) Islands,West Island,Oceania,Australia and New Zealand,,CC-->DE,CC-->DE,CC-->DE,CC-->DE,CC-->DE,CC-->DE,CC-->DE,CC-->DE,CC-->DE,CC-->DE,CC-->DE,CC-->DE,CC-->DE,CC-->DE,CC-->DE,CC-->DE,CC-->DE,CC-->DE,CC-->DE,,,,,,,,,,,,,,,,,DE-->CC,DE-->CC,DE-->CC,DE-->CC,DE-->CC,DE-->CC,DE-->CC,DE-->CC,DE-->CC,DE-->CC,DE-->CC,DE-->CC,DE-->CC,DE-->CC,DE-->CC,DE-->CC,DE-->CC,DE-->CC,DE-->CC
CO,COL,Colombia,Bogotá,Americas,South America,,CO-->DE,CO-->DE,CO-->DE,CO-->DE,CO-->DE,CO-->DE,CO-->DE,CO-->DE,CO-->DE,CO-->DE,CO-->DE,CO-->DE,CO-->DE,CO-->DE,CO-->DE,CO-->DE,CO-->DE,CO-->DE,CO-->DE,,,,,,,,,,,,,,,,,DE-->CO,DE-->CO,DE-->CO,DE-->CO,DE-->CO,DE-->CO,DE-->CO,DE-->CO,DE-->CO,DE-->CO,DE-->CO,DE-->CO,DE-->CO,DE-->CO,DE-->CO,DE-->CO,DE-->CO,DE-->CO,DE-->CO
KM,COM,Comoros,Moroni,Africa,Eastern Africa,,KM-->DE,KM-->DE,KM-->DE,KM-->DE,KM-->DE,KM-->DE,KM-->DE,KM-->DE,KM-->DE,KM-->DE,KM-->DE,KM-->DE,KM-->DE,KM-->DE,KM-->DE,KM-->DE,KM-->DE,KM-->DE,KM-->DE,,,,,,,,,,,,,,,,,DE-->KM,DE-->KM,DE-->KM,DE-->KM,DE-->KM,DE-->KM,DE-->KM,DE-->KM,DE-->KM,DE-->KM,DE-->KM,DE-->KM,DE-->KM,DE-->KM,DE-->KM,DE-->KM,DE-->KM,DE-->KM,DE-->KM
CG,COG,Republic of the Congo,Brazzaville,Africa,Middle Africa,,CG-->DE,CG-->DE,CG-->DE,CG-->DE,CG-->DE,CG-->DE,CG-->DE,CG-->DE,CG-->DE,CG-->DE,CG-->DE,CG-->DE,CG-->DE,CG-->DE,CG-->DE,CG-->DE,CG-->DE,CG-->DE,CG-->DE,,,,,,,,,,,,,,,,,DE-->CG,DE-->CG,DE-->CG,DE-->CG,DE-->CG,DE-->CG,DE-->CG,DE-->CG,DE-->CG,DE-->CG,DE-->CG,DE-->CG,DE-->CG,DE-->CG,DE-->CG,DE-->CG,DE-->CG,DE-->CG,DE-->CG
CD,COD,Democratic Republic of the Congo,Kinshasa,Africa,Middle Africa,,CD-->DE,CD-->DE,CD-->DE,CD-->DE,CD-->DE,CD-->DE,CD-->DE,CD-->DE,CD-->DE,CD-->DE,CD-->DE,CD-->DE,CD-->DE,CD-->DE,CD-->DE,CD-->DE,CD-->DE,CD-->DE,CD-->DE,,,,,,,,,,,,,,,,,DE-->CD,DE-->CD,DE-->CD,DE-->CD,DE-->CD,DE-->CD,DE-->CD,DE-->CD,DE-->CD,DE-->CD,DE-->CD,DE-->CD,DE-->CD,DE-->CD,DE-->CD,DE-->CD,DE-->CD,DE-->CD,DE-->CD
CK,COK,Cook Islands,Avarua,Oceania,Polynesia,,CK-->DE,CK-->DE,CK-->DE,CK-->DE,CK-->DE,CK-->DE,CK-->DE,CK-->DE,CK-->DE,CK-->DE,CK-->DE,CK-->DE,CK-->DE,CK-->DE,CK-->DE,CK-->DE,CK-->DE,CK-->DE,CK-->DE,,,,,,,,,,,,,,,,,DE-->CK,DE-->CK,DE-->CK,DE-->CK,DE-->CK,DE-->CK,DE-->CK,DE-->CK,DE-->CK,DE-->CK,DE-->CK,DE-->CK,DE-->CK,DE-->CK,DE-->CK,DE-->CK,DE-->CK,DE-->CK,DE-->CK
CR,CRI,Costa Rica,San José,Americas,Central America,,CR-->DE,CR-->DE,CR-->DE,CR-->DE,CR-->DE,CR-->DE,CR-->DE,CR-->DE,CR-->DE,CR-->DE,CR-->DE,CR-->DE,CR-->DE,CR-->DE,CR-->DE,CR-->DE,CR-->DE,CR-->DE,CR-->DE,,,,,,,,,,,,,,,,,DE-->CR,DE-->CR,DE-->CR,DE-->CR,DE-->CR,DE-->CR,DE-->CR,DE-->CR,DE-->CR,DE-->CR,DE-->CR,DE-->CR,DE-->CR,DE-->CR,DE-->CR,DE-->CR,DE-->CR,DE-->CR,DE-->CR
HR,HRV,Croatia,Zagreb,Europe,Southern Europe,,HR-->DE,HR-->DE,HR-->DE,HR-->DE,HR-->DE,HR-->DE,HR-->DE,HR-->DE,HR-->DE,HR-->DE,HR-->DE,HR-->DE,HR-->DE,HR-->DE,HR-->DE,HR-->DE,HR-->DE,HR-->DE,HR-->DE,,,,,,,,,,,,,,,,,DE-->HR,DE-->HR,DE-->HR,DE-->HR,DE-->HR,DE-->HR,DE-->HR,DE-->HR,DE-->HR,DE-->HR,DE-->HR,DE-->HR,DE-->HR,DE-->HR,DE-->HR,DE-->HR,DE-->HR,DE-->HR,DE-->HR
CU,CUB,Cuba,Havana,Americas,Caribbean,,CU-->DE,CU-->DE,CU-->DE,CU-->DE,CU-->DE,CU-->DE,CU-->DE,CU-->DE,CU-->DE,CU-->DE,CU-->DE,CU-->DE,CU-->DE,CU-->DE,CU-->DE,CU-->DE,CU-->DE,CU-->DE,CU-->DE,,,,,,,,,,,,,,,,,DE-->CU,DE-->CU,DE-->CU,DE-->CU,DE-->CU,DE-->CU,DE-->CU,DE-->CU,DE-->CU,DE-->CU,DE-->CU,DE-->CU,DE-->CU,DE-->CU,DE-->CU,DE-->CU,DE-->CU,DE-->CU,DE-->CU
CW,CUW,Curaçao,Willemstad,Americas,Caribbean,,CW-->DE,CW-->DE,CW-->DE,CW-->DE,CW-->DE,CW-->DE,CW-->DE,CW-->DE,CW-->DE,CW-->DE,CW-->DE,CW-->DE,CW-->DE,CW-->DE,CW-->DE,CW-->DE,CW-->DE,CW-->DE,CW-->DE,,,,,,,,,,,,,,,,,DE-->CW,DE-->CW,DE-->CW,DE-->CW,DE-->CW,DE-->CW,DE-->CW,DE-->CW,DE-->CW,DE-->CW,DE-->CW,DE-->CW,DE-->CW,DE-->CW,DE-->CW,DE-->CW,DE-->CW,DE-->CW,DE-->CW
CY,CYP,Cyprus,Nicosia,Europe,Southern Europe,,CY-->DE,CY-->DE,CY-->DE,CY-->DE,CY-->DE,CY-->DE,CY-->DE,CY-->DE,CY-->DE,CY-->DE,CY-->DE,CY-->DE,CY-->DE,CY-->DE,CY-->DE,CY-->DE,CY-->DE,CY-->DE,CY-->DE,,,,,,,,,,,,,,,,,DE-->CY,DE-->CY,DE-->CY,DE-->CY,DE-->CY,DE-->CY,DE-->CY,DE-->CY,DE-->CY,DE-->CY,DE-->CY,DE-->CY,DE-->CY,DE-->CY,DE-->CY,DE-->CY,DE-->CY,DE-->CY,DE-->CY
CZ,CZE,Czech Republic,Prague,Europe,Eastern Europe,,CZ-->DE,CZ-->DE,CZ-->DE,CZ-->DE,CZ-->DE,CZ-->DE,CZ-->DE,CZ-->DE,CZ-->DE,CZ-->DE,CZ-->DE,CZ-->DE,CZ-->DE,CZ-->DE,CZ-->DE,CZ-->DE,CZ-->DE,CZ-->DE,CZ-->DE,,,,,,,,,,,,,,,,,DE-->CZ,DE-->CZ,DE-->CZ,DE-->CZ,DE-->CZ,DE-->CZ,DE-->CZ,DE-->CZ,DE-->CZ,DE-->CZ,DE-->CZ,DE-->CZ,DE-->CZ,DE-->CZ,DE-->CZ,DE-->CZ,DE-->CZ,DE-->CZ,DE-->CZ
DK,DNK,Denmark,Copenhagen,Europe,Northern Europe,,DK-->DE,DK-->DE,DK-->DE,DK-->DE,DK-->DE,DK-->DE,DK-->DE,DK-->DE,DK-->DE,DK-->DE,DK-->DE,DK-->DE,DK-->DE,DK-->DE,DK-->DE,DK-->DE,DK-->DE,DK-->DE,DK-->DE,,,,,,,,,,,,,,,,,DE-->DK,DE-->DK,DE-->DK,DE-->DK,DE-->DK,DE-->DK,DE-->DK,DE-->DK,DE-->DK,DE-->DK,DE-->DK,DE-->DK,DE-->DK,DE-->DK,DE-->DK,DE-->DK,DE-->DK,DE-->DK,DE-->DK
DJ,DJI,Djibouti,Djibouti,Africa,Eastern Africa,,DJ-->DE,DJ-->DE,DJ-->DE,DJ-->DE,DJ-->DE,DJ-->DE,DJ-->DE,DJ-->DE,DJ-->DE,DJ-->DE,DJ-->DE,DJ-->DE,DJ-->DE,DJ-->DE,DJ-->DE,DJ-->DE,DJ-->DE,DJ-->DE,DJ-->DE,,,,,,,,,,,,,,,,,DE-->DJ,DE-->DJ,DE-->DJ,DE-->DJ,DE-->DJ,DE-->DJ,DE-->DJ,DE-->DJ,DE-->DJ,DE-->DJ,DE-->DJ,DE-->DJ,DE-->DJ,DE-->DJ,DE-->DJ,DE-->DJ,DE-->DJ,DE-->DJ,DE-->DJ
DM,DMA,Dominica,Roseau,Americas,Caribbean,,DM-->DE,DM-->DE,DM-->DE,DM-->DE,DM-->DE,DM-->DE,DM-->DE,DM-->DE,DM-->DE,DM-->DE,DM-->DE,DM-->DE,DM-->DE,DM-->DE,DM-->DE,DM-->DE,DM-->DE,DM-->DE,DM-->DE,,,,,,,,,,,,,,,,,DE-->DM,DE-->DM,DE-->DM,DE-->DM,DE-->DM,DE-->DM,DE-->DM,DE-->DM,DE-->DM,DE-->DM,DE-->DM,DE-->DM,DE-->DM,DE-->DM,DE-->DM,DE-->DM,DE-->DM,DE-->DM,DE-->DM
DO,DOM,Dominican Republic,Santo Domingo,Americas,Caribbean,,DO-->DE,DO-->DE,DO-->DE,DO-->DE,DO-->DE,DO-->DE,DO-->DE,DO-->DE,DO-->DE,DO-->DE,DO-->DE,DO-->DE,DO-->DE,DO-->DE,DO-->DE,DO-->DE,DO-->DE,DO-->DE,DO-->DE,,,,,,,,,,,,,,,,,DE-->DO,DE-->DO,DE-->DO,DE-->DO,DE-->DO,DE-->DO,DE-->DO,DE-->DO,DE-->DO,DE-->DO,DE-->DO,DE-->DO,DE-->DO,DE-->DO,DE-->DO,DE-->DO,DE-->DO,DE-->DO,DE-->DO
EC,ECU,Ecuador,Quito,Americas,South America,,EC-->DE,EC-->DE,EC-->DE,EC-->DE,EC-->DE,EC-->DE,EC-->DE,EC-->DE,EC-->DE,EC-->DE,EC-->DE,EC-->DE,EC-->DE,EC-->DE,EC-->DE,EC-->DE,EC-->DE,EC-->DE,EC-->DE,,,,,,,,,,,,,,,,,DE-->EC,DE-->EC,DE-->EC,DE-->EC,DE-->EC,DE-->EC,DE-->EC,DE-->EC,DE-->EC,DE-->EC,DE-->EC,DE-->EC,DE-->EC,DE-->EC,DE-->EC,DE-->EC,DE-->EC,DE-->EC,DE-->EC
EG,EGY,Egypt,Cairo,Africa,Northern Africa,,EG-->DE,EG-->DE,EG-->DE,EG-->DE,EG-->DE,EG-->DE,EG-->DE,EG-->DE,EG-->DE,EG-->DE,EG-->DE,EG-->DE,EG-->DE,EG-->DE,EG-->DE,EG-->DE,EG-->DE,EG-->DE,EG-->DE,,,,,,,,,,,,,,,,,DE-->EG,DE-->EG,DE-->EG,DE-->EG,DE-->EG,DE-->EG,DE-->EG,DE-->EG,DE-->EG,DE-->EG,DE-->EG,DE-->EG,DE-->EG,DE-->EG,DE-->EG,DE-->EG,DE-->EG,DE-->EG,DE-->EG
SV,SLV,El Salvador,San Salvador,Americas,Central America,,SV-->DE,SV-->DE,SV-->DE,SV-->DE,SV-->DE,SV-->DE,SV-->DE,SV-->DE,SV-->DE,SV-->DE,SV-->DE,SV-->DE,SV-->DE,SV-->DE,SV-->DE,SV-->DE,SV-->DE,SV-->DE,SV-->DE,,,,,,,,,,,,,,,,,DE-->SV,DE-->SV,DE-->SV,DE-->SV,DE-->SV,DE-->SV,DE-->SV,DE-->SV,DE-->SV,DE-->SV,DE-->SV,DE-->SV,DE-->SV,DE-->SV,DE-->SV,DE-->SV,DE-->SV,DE-->SV,DE-->SV
GQ,GNQ,Equatorial Guinea,Malabo,Africa,Middle Africa,,GQ-->DE,GQ-->DE,GQ-->DE,GQ-->DE,GQ-->DE,GQ-->DE,GQ-->DE,GQ-->DE,GQ-->DE,GQ-->DE,GQ-->DE,GQ-->DE,GQ-->DE,GQ-->DE,GQ-->DE,GQ-->DE,GQ-->DE,GQ-->DE,GQ-->DE,,,,,,,,,,,,,,,,,DE-->GQ,DE-->GQ,DE-->GQ,DE-->GQ,DE-->GQ,DE-->GQ,DE-->GQ,DE-->GQ,DE-->GQ,DE-->GQ,DE-->GQ,DE-->GQ,DE-->GQ,DE-->GQ,DE-->GQ,DE-->GQ,DE-->GQ,DE-->GQ,DE-->GQ
ER,ERI,Eritrea,Asmara,Africa,Eastern Africa,,ER-->DE,ER-->DE,ER-->DE,ER-->DE,ER-->DE,ER-->DE,ER-->DE,ER-->DE,ER-->DE,ER-->DE,ER-->DE,ER-->DE,ER-->DE,ER-->DE,ER-->DE,ER-->DE,ER-->DE,ER-->DE,ER-->DE,,,,,,,,,,,,,,,,,DE-->ER,DE-->ER,DE-->ER,DE-->ER,DE-->ER,DE-->ER,DE-->ER,DE-->ER,DE-->ER,DE-->ER,DE-->ER,DE-->ER,DE-->ER,DE-->ER,DE-->ER,DE-->ER,DE-->ER,DE-->ER,DE-->ER
EE,EST,Estonia,Tallinn,Europe,Northern Europe,,EE-->DE,EE-->DE,EE-->DE,EE-->DE,EE-->DE,EE-->DE,EE-->DE,EE-->DE,EE-->DE,EE-->DE,EE-->DE,EE-->DE,EE-->DE,EE-->DE,EE-->DE,EE-->DE,EE-->DE,EE-->DE,EE-->DE,,,,,,,,,,,,,,,,,DE-->EE,DE-->EE,DE-->EE,DE-->EE,DE-->EE,DE-->EE,DE-->EE,DE-->EE,DE-->EE,DE-->EE,DE-->EE,DE-->EE,DE-->EE,DE-->EE,DE-->EE,DE-->EE,DE-->EE,DE-->EE,DE-->EE
ET,ETH,Ethiopia,Addis Ababa,Africa,Eastern Africa,,ET-->DE,ET-->DE,ET-->DE,ET-->DE,ET-->DE,ET-->DE,ET-->DE,ET-->DE,ET-->DE,ET-->DE,ET-->DE,ET-->DE,ET-->DE,ET-->DE,ET-->DE,ET-->DE,ET-->DE,ET-->DE,ET-->DE,,,,,,,,,,,,,,,,,DE-->ET,DE-->ET,DE-->ET,DE-->ET,DE-->ET,DE-->ET,DE-->ET,DE-->ET,DE-->ET,DE-->ET,DE-->ET,DE-->ET,DE-->ET,DE-->ET,DE-->ET,DE-->ET,DE-->ET,DE-->ET,DE-->ET
FK,FLK,Falkland Islands,Stanley,Americas,South America,,FK-->DE,FK-->DE,FK-->DE,FK-->DE,FK-->DE,FK-->DE,FK-->DE,FK-->DE,FK-->DE,FK-->DE,FK-->DE,FK-->DE,FK-->DE,FK-->DE,FK-->DE,FK-->DE,FK-->DE,FK-->DE,FK-->DE,,,,,,,,,,,,,,,,,DE-->FK,DE-->FK,DE-->FK,DE-->FK,DE-->FK,DE-->FK,DE-->FK,DE-->FK,DE-->FK,DE-->FK,DE-->FK,DE-->FK,DE-->FK,DE-->FK,DE-->FK,DE-->FK,DE-->FK,DE-->FK,DE-->FK
FO,FRO,Faroe Islands,Tórshavn,Europe,Northern Europe,,FO-->DE,FO-->DE,FO-->DE,FO-->DE,FO-->DE,FO-->DE,FO-->DE,FO-->DE,FO-->DE,FO-->DE,FO-->DE,FO-->DE,FO-->DE,FO-->DE,FO-->DE,FO-->DE,FO-->DE,FO-->DE,FO-->DE,,,,,,,,,,,,,,,,,DE-->FO,DE-->FO,DE-->FO,DE-->FO,DE-->FO,DE-->FO,DE-->FO,DE-->FO,DE-->FO,DE-->FO,DE-->FO,DE-->FO,DE-->FO,DE-->FO,DE-->FO,DE-->FO,DE-->FO,DE-->FO,DE-->FO
FJ,FJI,Fiji,Suva,Oceania,Melanesia,,FJ-->DE,FJ-->DE,FJ-->DE,FJ-->DE,FJ-->DE,FJ-->DE,FJ-->DE,FJ-->DE,FJ-->DE,FJ-->DE,FJ-->DE,FJ-->DE,FJ-->DE,FJ-->DE,FJ-->DE,FJ-->DE,FJ-->DE,FJ-->DE,FJ-->DE,,,,,,,,,,,,,,,,,DE-->FJ,DE-->FJ,DE-->FJ,DE-->FJ,DE-->FJ,DE-->FJ,DE-->FJ,DE-->FJ,DE-->FJ,DE-->FJ,DE-->FJ,DE-->FJ,DE-->FJ,DE-->FJ,DE-->FJ,DE-->FJ,DE-->FJ,DE-->FJ,DE-->FJ
FI,FIN,Finland,Helsinki,Europe,Northern Europe,,FI-->DE,FI-->DE,FI-->DE,FI-->DE,FI-->DE,FI-->DE,FI-->DE,FI-->DE,FI-->DE,FI-->DE,FI-->DE,FI-->DE,FI-->DE,FI-->DE,FI-->DE,FI-->DE,FI-->DE,FI-->DE,FI-->DE,,,,,,,,,,,,,,,,,DE-->FI,DE-->FI,DE-->FI,DE-->FI,DE-->FI,DE-->FI,DE-->FI,DE-->FI,DE-->FI,DE-->FI,DE-->FI,DE-->FI,DE-->FI,DE-->FI,DE-->FI,DE-->FI,DE-->FI,DE-->FI,DE-->FI
FR,FRA,France,Paris,Europe,Western Europe,,FR-->DE,FR-->DE,FR-->DE,FR-->DE,FR-->DE,FR-->DE,FR-->DE,FR-->DE,FR-->DE,FR-->DE,FR-->DE,FR-->DE,FR-->DE,FR-->DE,FR-->DE,FR-->DE,FR-->DE,FR-->DE,FR-->DE,,,,,,,,,,,,,,,,,DE-->FR,DE-->FR,DE-->FR,DE-->FR,DE-->FR,DE-->FR,DE-->FR,DE-->FR,DE-->FR,DE-->FR,DE-->FR,DE-->FR,DE-->FR,DE-->FR,DE-->FR,DE-->FR,DE-->FR,DE-->FR,DE-->FR
GF,GUF,French Guiana,Cayenne,Americas,South America,,GF-->DE,GF-->DE,GF-->DE,GF-->DE,GF-->DE,GF-->DE,GF-->DE,GF-->DE,GF-->DE,GF-->DE,GF-->DE,GF-->DE,GF-->DE,GF-->DE,GF-->DE,GF-->DE,GF-->DE,GF-->DE,GF-->DE,,,,,,,,,,,,,,,,,DE-->GF,DE-->GF,DE-->GF,DE-->GF,DE-->GF,DE-->GF,DE-->GF,DE-->GF,DE-->GF,DE-->GF,DE-->GF,DE-->GF,DE-->GF,DE-->GF,DE-->GF,DE-->GF,DE-->GF,DE-->GF,DE-->GF
PF,PYF,French Polynesia,Papeetē,Oceania,Polynesia,,PF-->DE,PF-->DE,PF-->DE,PF-->DE,PF-->DE,PF-->DE,PF-->DE,PF-->DE,PF-->DE,PF-->DE,PF-->DE,PF-->DE,PF-->DE,PF-->DE,PF-->DE,PF-->DE,PF-->DE,PF-->DE,PF-->DE,,,,,,,,,,,,,,,,,DE-->PF,DE-->PF,DE-->PF,DE-->PF,DE-->PF,DE-->PF,DE-->PF,DE-->PF,DE-->PF,DE-->PF,DE-->PF,DE-->PF,DE-->PF,DE-->PF,DE-->PF,DE-->PF,DE-->PF,DE-->PF,DE-->PF
TF,ATF,French Southern and Antarctic Lands,Port-aux-Français,Africa,Southern Africa,,TF-->DE,TF-->DE,TF-->DE,TF-->DE,TF-->DE,TF-->DE,TF-->DE,TF-->DE,TF-->DE,TF-->DE,TF-->DE,TF-->DE,TF-->DE,TF-->DE,TF-->DE,TF-->DE,TF-->DE,TF-->DE,TF-->DE,,,,,,,,,,,,,,,,,DE-->TF,DE-->TF,DE-->TF,DE-->TF,DE-->TF,DE-->TF,DE-->TF,DE-->TF,DE-->TF,DE-->TF,DE-->TF,DE-->TF,DE-->TF,DE-->TF,DE-->TF,DE-->TF,DE-->TF,DE-->TF,DE-->TF
GA,GAB,Gabon,Libreville,Africa,Middle Africa,,GA-->DE,GA-->DE,GA-->DE,GA-->DE,GA-->DE,GA-->DE,GA-->DE,GA-->DE,GA-->DE,GA-->DE,GA-->DE,GA-->DE,GA-->DE,GA-->DE,GA-->DE,GA-->DE,GA-->DE,GA-->DE,GA-->DE,,,,,,,,,,,,,,,,,DE-->GA,DE-->GA,DE-->GA,DE-->GA,DE-->GA,DE-->GA,DE-->GA,DE-->GA,DE-->GA,DE-->GA,DE-->GA,DE-->GA,DE-->GA,DE-->GA,DE-->GA,DE-->GA,DE-->GA,DE-->GA,DE-->GA
GM,GMB,The Gambia,Banjul,Africa,Western Africa,,GM-->DE,GM-->DE,GM-->DE,GM-->DE,GM-->DE,GM-->DE,GM-->DE,GM-->DE,GM-->DE,GM-->DE,GM-->DE,GM-->DE,GM-->DE,GM-->DE,GM-->DE,GM-->DE,GM-->DE,GM-->DE,GM-->DE,,,,,,,,,,,,,,,,,DE-->GM,DE-->GM,DE-->GM,DE-->GM,DE-->GM,DE-->GM,DE-->GM,DE-->GM,DE-->GM,DE-->GM,DE-->GM,DE-->GM,DE-->GM,DE-->GM,DE-->GM,DE-->GM,DE-->GM,DE-->GM,DE-->GM
GE,GEO,Georgia,Tbilisi,Asia,Western Asia,,GE-->DE,GE-->DE,GE-->DE,GE-->DE,GE-->DE,GE-->DE,GE-->DE,GE-->DE,GE-->DE,GE-->DE,GE-->DE,GE-->DE,GE-->DE,GE-->DE,GE-->DE,GE-->DE,GE-->DE,GE-->DE,GE-->DE,,,,,,,,,,,,,,,,,DE-->GE,DE-->GE,DE-->GE,DE-->GE,DE-->GE,DE-->GE,DE-->GE,DE-->GE,DE-->GE,DE-->GE,DE-->GE,DE-->GE,DE-->GE,DE-->GE,DE-->GE,DE-->GE,DE-->GE,DE-->GE,DE-->GE
DE,DEU,Germany,Berlin,Europe,Western Europe,,DE-->DE,DE-->DE,DE-->DE,DE-->DE,DE-->DE,DE-->DE,DE-->DE,DE-->DE,DE-->DE,DE-->DE,DE-->DE,DE-->DE,DE-->DE,DE-->DE,DE-->DE,DE-->DE,DE-->DE,DE-->DE,DE-->DE,,,,,,,,,,,,,,,,,DE-->DE,DE-->DE,DE-->DE,DE-->DE,DE-->DE,DE-->DE,DE-->DE,DE-->DE,DE-->DE,DE-->DE,DE-->DE,DE-->DE,DE-->DE,DE-->DE,DE-->DE,DE-->DE,DE-->DE,DE-->DE,DE-->DE
GH,GHA,Ghana,Accra,Africa,Western Africa,,GH-->DE,GH-->DE,GH-->DE,GH-->DE,GH-->DE,GH-->DE,GH-->DE,GH-->DE,GH-->DE,GH-->DE,GH-->DE,GH-->DE,GH-->DE,GH-->DE,GH-->DE,GH-->DE,GH-->DE,GH-->DE,GH-->DE,,,,,,,,,,,,,,,,,DE-->GH,DE-->GH,DE-->GH,DE-->GH,DE-->GH,DE-->GH,DE-->GH,DE-->GH,DE-->GH,DE-->GH,DE-->GH,DE-->GH,DE-->GH,DE-->GH,DE-->GH,DE-->GH,DE-->GH,DE-->GH,DE-->GH
GI,GIB,Gibraltar,Gibraltar,Europe,Southern Europe,,GI-->DE,GI-->DE,GI-->DE,GI-->DE,GI-->DE,GI-->DE,GI-->DE,GI-->DE,GI-->DE,GI-->DE,GI-->DE,GI-->DE,GI-->DE,GI-->DE,GI-->DE,GI-->DE,GI-->DE,GI-->DE,GI-->DE,,,,,,,,,,,,,,,,,DE-->GI,DE-->GI,DE-->GI,DE-->GI,DE-->GI,DE-->GI,DE-->GI,DE-->GI,DE-->GI,DE-->GI,DE-->GI,DE-->GI,DE-->GI,DE-->GI,DE-->GI,DE-->GI,DE-->GI,DE-->GI,DE-->GI
GR,GRC,Greece,Athens,Europe,Southern Europe,,GR-->DE,GR-->DE,GR-->DE,GR-->DE,GR-->DE,GR-->DE,GR-->DE,GR-->DE,GR-->DE,GR-->DE,GR-->DE,GR-->DE,GR-->DE,GR-->DE,GR-->DE,GR-->DE,GR-->DE,GR-->DE,GR-->DE,,,,,,,,,,,,,,,,,DE-->GR,DE-->GR,DE-->GR,DE-->GR,DE-->GR,DE-->GR,DE-->GR,DE-->GR,DE-->GR,DE-->GR,DE-->GR,DE-->GR,DE-->GR,DE-->GR,DE-->GR,DE-->GR,DE-->GR,DE-->GR,DE-->GR
GL,GRL,Greenland,Nuuk,Americas,Northern America,,GL-->DE,GL-->DE,GL-->DE,GL-->DE,GL-->DE,GL-->DE,GL-->DE,GL-->DE,GL-->DE,GL-->DE,GL-->DE,GL-->DE,GL-->DE,GL-->DE,GL-->DE,GL-->DE,GL-->DE,GL-->DE,GL-->DE,,,,,,,,,,,,,,,,,DE-->GL,DE-->GL,DE-->GL,DE-->GL,DE-->GL,DE-->GL,DE-->GL,DE-->GL,DE-->GL,DE-->GL,DE-->GL,DE-->GL,DE-->GL,DE-->GL,DE-->GL,DE-->GL,DE-->GL,DE-->GL,DE-->GL
GD,GRD,Grenada,St. George's,Americas,Caribbean,,GD-->DE,GD-->DE,GD-->DE,GD-->DE,GD-->DE,GD-->DE,GD-->DE,GD-->DE,GD-->DE,GD-->DE,GD-->DE,GD-->DE,GD-->DE,GD-->DE,GD-->DE,GD-->DE,GD-->DE,GD-->DE,GD-->DE,,,,,,,,,,,,,,,,,DE-->GD,DE-->GD,DE-->GD,DE-->GD,DE-->GD,DE-->GD,DE-->GD,DE-->GD,DE-->GD,DE-->GD,DE-->GD,DE-->GD,DE-->GD,DE-->GD,DE-->GD,DE-->GD,DE-->GD,DE-->GD,DE-->GD
GP,GLP,Guadeloupe,Basse-Terre,Americas,Caribbean,,GP-->DE,GP-->DE,GP-->DE,GP-->DE,GP-->DE,GP-->DE,GP-->DE,GP-->DE,GP-->DE,GP-->DE,GP-->DE,GP-->DE,GP-->DE,GP-->DE,GP-->DE,GP-->DE,GP-->DE,GP-->DE,GP-->DE,,,,,,,,,,,,,,,,,DE-->GP,DE-->GP,DE-->GP,DE-->GP,DE-->GP,DE-->GP,DE-->GP,DE-->GP,DE-->GP,DE-->GP,DE-->GP,DE-->GP,DE-->GP,DE-->GP,DE-->GP,DE-->GP,DE-->GP,DE-->GP,DE-->GP
GU,GUM,Guam,Hagåtña,Oceania,Micronesia,,GU-->DE,GU-->DE,GU-->DE,GU-->DE,GU-->DE,GU-->DE,GU-->DE,GU-->DE,GU-->DE,GU-->DE,GU-->DE,GU-->DE,GU-->DE,GU-->DE,GU-->DE,GU-->DE,GU-->DE,GU-->DE,GU-->DE,,,,,,,,,,,,,,,,,DE-->GU,DE-->GU,DE-->GU,DE-->GU,DE-->GU,DE-->GU,DE-->GU,DE-->GU,DE-->GU,DE-->GU,DE-->GU,DE-->GU,DE-->GU,DE-->GU,DE-->GU,DE-->GU,DE-->GU,DE-->GU,DE-->GU
GT,GTM,Guatemala,Guatemala City,Americas,Central America,,GT-->DE,GT-->DE,GT-->DE,GT-->DE,GT-->DE,GT-->DE,GT-->DE,GT-->DE,GT-->DE,GT-->DE,GT-->DE,GT-->DE,GT-->DE,GT-->DE,GT-->DE,GT-->DE,GT-->DE,GT-->DE,GT-->DE,,,,,,,,,,,,,,,,,DE-->GT,DE-->GT,DE-->GT,DE-->GT,DE-->GT,DE-->GT,DE-->GT,DE-->GT,DE-->GT,DE-->GT,DE-->GT,DE-->GT,DE-->GT,DE-->GT,DE-->GT,DE-->GT,DE-->GT,DE-->GT,DE-->GT
GG,GGY,Guernsey,St. Peter Port,Europe,Northern Europe,,GG-->DE,GG-->DE,GG-->DE,GG-->DE,GG-->DE,GG-->DE,GG-->DE,GG-->DE,GG-->DE,GG-->DE,GG-->DE,GG-->DE,GG-->DE,GG-->DE,GG-->DE,GG-->DE,GG-->DE,GG-->DE,GG-->DE,,,,,,,,,,,,,,,,,DE-->GG,DE-->GG,DE-->GG,DE-->GG,DE-->GG,DE-->GG,DE-->GG,DE-->GG,DE-->GG,DE-->GG,DE-->GG,DE-->GG,DE-->GG,DE-->GG,DE-->GG,DE-->GG,DE-->GG,DE-->GG,DE-->GG
GN,GIN,Guinea,Conakry,Africa,Western Africa,,GN-->DE,GN-->DE,GN-->DE,GN-->DE,GN-->DE,GN-->DE,GN-->DE,GN-->DE,GN-->DE,GN-->DE,GN-->DE,GN-->DE,GN-->DE,GN-->DE,GN-->DE,GN-->DE,GN-->DE,GN-->DE,GN-->DE,,,,,,,,,,,,,,,,,DE-->GN,DE-->GN,DE-->GN,DE-->GN,DE-->GN,DE-->GN,DE-->GN,DE-->GN,DE-->GN,DE-->GN,DE-->GN,DE-->GN,DE-->GN,DE-->GN,DE-->GN,DE-->GN,DE-->GN,DE-->GN,DE-->GN
GW,GNB,Guinea-Bissau,Bissau,Africa,Western Africa,,GW-->DE,GW-->DE,GW-->DE,GW-->DE,GW-->DE,GW-->DE,GW-->DE,GW-->DE,GW-->DE,GW-->DE,GW-->DE,GW-->DE,GW-->DE,GW-->DE,GW-->DE,GW-->DE,GW-->DE,GW-->DE,GW-->DE,,,,,,,,,,,,,,,,,DE-->GW,DE-->GW,DE-->GW,DE-->GW,DE-->GW,DE-->GW,DE-->GW,DE-->GW,DE-->GW,DE-->GW,DE-->GW,DE-->GW,DE-->GW,DE-->GW,DE-->GW,DE-->GW,DE-->GW,DE-->GW,DE-->GW
GY,GUY,Guyana,Georgetown,Americas,South America,,GY-->DE,GY-->DE,GY-->DE,GY-->DE,GY-->DE,GY-->DE,GY-->DE,GY-->DE,GY-->DE,GY-->DE,GY-->DE,GY-->DE,GY-->DE,GY-->DE,GY-->DE,GY-->DE,GY-->DE,GY-->DE,GY-->DE,,,,,,,,,,,,,,,,,DE-->GY,DE-->GY,DE-->GY,DE-->GY,DE-->GY,DE-->GY,DE-->GY,DE-->GY,DE-->GY,DE-->GY,DE-->GY,DE-->GY,DE-->GY,DE-->GY,DE-->GY,DE-->GY,DE-->GY,DE-->GY,DE-->GY
HT,HTI,Haiti,Port-au-Prince,Americas,Caribbean,,HT-->DE,HT-->DE,HT-->DE,HT-->DE,HT-->DE,HT-->DE,HT-->DE,HT-->DE,HT-->DE,HT-->DE,HT-->DE,HT-->DE,HT-->DE,HT-->DE,HT-->DE,HT-->DE,HT-->DE,HT-->DE,HT-->DE,,,,,,,,,,,,,,,,,DE-->HT,DE-->HT,DE-->HT,DE-->HT,DE-->HT,DE-->HT,DE-->HT,DE-->HT,DE-->HT,DE-->HT,DE-->HT,DE-->HT,DE-->HT,DE-->HT,DE-->HT,DE-->HT,DE-->HT,DE-->HT,DE-->HT
HM,HMD,Heard Island and McDonald Islands,,,,,HM-->DE,HM-->DE,HM-->DE,HM-->DE,HM-->DE,HM-->DE,HM-->DE,HM-->DE,HM-->DE,HM-->DE,HM-->DE,HM-->DE,HM-->DE,HM-->DE,HM-->DE,HM-->DE,HM-->DE,HM-->DE,HM-->DE,,,,,,,,,,,,,,,,,DE-->HM,DE-->HM,DE-->HM,DE-->HM,DE-->HM,DE-->HM,DE-->HM,DE-->HM,DE-->HM,DE-->HM,DE-->HM,DE-->HM,DE-->HM,DE-->HM,DE-->HM,DE-->HM,DE-->HM,DE-->HM,DE-->HM
VA,VAT,Holy See,Rome,Europe,Southern Europe,,VA-->DE,VA-->DE,VA-->DE,VA-->DE,VA-->DE,VA-->DE,VA-->DE,VA-->DE,VA-->DE,VA-->DE,VA-->DE,VA-->DE,VA-->DE,VA-->DE,VA-->DE,VA-->DE,VA-->DE,VA-->DE,VA-->DE,,,,,,,,,,,,,,,,,DE-->VA,DE-->VA,DE-->VA,DE-->VA,DE-->VA,DE-->VA,DE-->VA,DE-->VA,DE-->VA,DE-->VA,DE-->VA,DE-->VA,DE-->VA,DE-->VA,DE-->VA,DE-->VA,DE-->VA,DE-->VA,DE-->VA
HN,HND,Honduras,Tegucigalpa,Americas,Central America,,HN-->DE,HN-->DE,HN-->DE,HN-->DE,HN-->DE,HN-->DE,HN-->DE,HN-->DE,HN-->DE,HN-->DE,HN-->DE,HN-->DE,HN-->DE,HN-->DE,HN-->DE,HN-->DE,HN-->DE,HN-->DE,HN-->DE,,,,,,,,,,,,,,,,,DE-->HN,DE-->HN,DE-->HN,DE-->HN,DE-->HN,DE-->HN,DE-->HN,DE-->HN,DE-->HN,DE-->HN,DE-->HN,DE-->HN,DE-->HN,DE-->HN,DE-->HN,DE-->HN,DE-->HN,DE-->HN,DE-->HN
HK,HKG,Hong Kong,City of Victoria,Asia,Eastern Asia,,HK-->DE,HK-->DE,HK-->DE,HK-->DE,HK-->DE,HK-->DE,HK-->DE,HK-->DE,HK-->DE,HK-->DE,HK-->DE,HK-->DE,HK-->DE,HK-->DE,HK-->DE,HK-->DE,HK-->DE,HK-->DE,HK-->DE,,,,,,,,,,,,,,,,,DE-->HK,DE-->HK,DE-->HK,DE-->HK,DE-->HK,DE-->HK,DE-->HK,DE-->HK,DE-->HK,DE-->HK,DE-->HK,DE-->HK,DE-->HK,DE-->HK,DE-->HK,DE-->HK,DE-->HK,DE-->HK,DE-->HK
HU,HUN,Hungary,Budapest,Europe,Eastern Europe,,HU-->DE,HU-->DE,HU-->DE,HU-->DE,HU-->DE,HU-->DE,HU-->DE,HU-->DE,HU-->DE,HU-->DE,HU-->DE,HU-->DE,HU-->DE,HU-->DE,HU-->DE,HU-->DE,HU-->DE,HU-->DE,HU-->DE,,,,,,,,,,,,,,,,,DE-->HU,DE-->HU,DE-->HU,DE-->HU,DE-->HU,DE-->HU,DE-->HU,DE-->HU,DE-->HU,DE-->HU,DE-->HU,DE-->HU,DE-->HU,DE-->HU,DE-->HU,DE-->HU,DE-->HU,DE-->HU,DE-->HU
IS,ISL,Iceland,Reykjavík,Europe,Northern Europe,,IS-->DE,IS-->DE,IS-->DE,IS-->DE,IS-->DE,IS-->DE,IS-->DE,IS-->DE,IS-->DE,IS-->DE,IS-->DE,IS-->DE,IS-->DE,IS-->DE,IS-->DE,IS-->DE,IS-->DE,IS-->DE,IS-->DE,,,,,,,,,,,,,,,,,DE-->IS,DE-->IS,DE-->IS,DE-->IS,DE-->IS,DE-->IS,DE-->IS,DE-->IS,DE-->IS,DE-->IS,DE-->IS,DE-->IS,DE-->IS,DE-->IS,DE-->IS,DE-->IS,DE-->IS,DE-->IS,DE-->IS
IN,IND,India,New Delhi,Asia,Southern Asia,,IN-->DE,IN-->DE,IN-->DE,IN-->DE,IN-->DE,IN-->DE,IN-->DE,IN-->DE,IN-->DE,IN-->DE,IN-->DE,IN-->DE,IN-->DE,IN-->DE,IN-->DE,IN-->DE,IN-->DE,IN-->DE,IN-->DE,,,,,,,,,,,,,,,,,DE-->IN,DE-->IN,DE-->IN,DE-->IN,DE-->IN,DE-->IN,DE-->IN,DE-->IN,DE-->IN,DE-->IN,DE-->IN,DE-->IN,DE-->IN,DE-->IN,DE-->IN,DE-->IN,DE-->IN,DE-->IN,DE-->IN
ID,IDN,Indonesia,Jakarta,Asia,South-Eastern Asia,,ID-->DE,ID-->DE,ID-->DE,ID-->DE,ID-->DE,ID-->DE,ID-->DE,ID-->DE,ID-->DE,ID-->DE,ID-->DE,ID-->DE,ID-->DE,ID-->DE,ID-->DE,ID-->DE,ID-->DE,ID-->DE,ID-->DE,,,,,,,,,,,,,,,,,DE-->ID,DE-->ID,DE-->ID,DE-->ID,DE-->ID,DE-->ID,DE-->ID,DE-->ID,DE-->ID,DE-->ID,DE-->ID,DE-->ID,DE-->ID,DE-->ID,DE-->ID,DE-->ID,DE-->ID,DE-->ID,DE-->ID
CI,CIV,Ivory Coast,Yamoussoukro,Africa,Western Africa,,CI-->DE,CI-->DE,CI-->DE,CI-->DE,CI-->DE,CI-->DE,CI-->DE,CI-->DE,CI-->DE,CI-->DE,CI-->DE,CI-->DE,CI-->DE,CI-->DE,CI-->DE,CI-->DE,CI-->DE,CI-->DE,CI-->DE,,,,,,,,,,,,,,,,,DE-->CI,DE-->CI,DE-->CI,DE-->CI,DE-->CI,DE-->CI,DE-->CI,DE-->CI,DE-->CI,DE-->CI,DE-->CI,DE-->CI,DE-->CI,DE-->CI,DE-->CI,DE-->CI,DE-->CI,DE-->CI,DE-->CI
IR,IRN,Iran,Tehran,Asia,Southern Asia,,IR-->DE,IR-->DE,IR-->DE,IR-->DE,IR-->DE,IR-->DE,IR-->DE,IR-->DE,IR-->DE,IR-->DE,IR-->DE,IR-->DE,IR-->DE,IR-->DE,IR-->DE,IR-->DE,IR-->DE,IR-->DE,IR-->DE,,,,,,,,,,,,,,,,,DE-->IR,DE-->IR,DE-->IR,DE-->IR,DE-->IR,DE-->IR,DE-->IR,DE-->IR,DE-->IR,DE-->IR,DE-->IR,DE-->IR,DE-->IR,DE-->IR,DE-->IR,DE-->IR,DE-->IR,DE-->IR,DE-->IR
IQ,IRQ,Iraq,Baghdad,Asia,Western Asia,,IQ-->DE,IQ-->DE,IQ-->DE,IQ-->DE,IQ-->DE,IQ-->DE,IQ-->DE,IQ-->DE,IQ-->DE,IQ-->DE,IQ-->DE,IQ-->DE,IQ-->DE,IQ-->DE,IQ-->DE,IQ-->DE,IQ-->DE,IQ-->DE,IQ-->DE,,,,,,,,,,,,,,,,,DE-->IQ,DE-->IQ,DE-->IQ,DE-->IQ,DE-->IQ,DE-->IQ,DE-->IQ,DE-->IQ,DE-->IQ,DE-->IQ,DE-->IQ,DE-->IQ,DE-->IQ,DE-->IQ,DE-->IQ,DE-->IQ,DE-->IQ,DE-->IQ,DE-->IQ
IE,IRL,Republic of Ireland,Dublin,Europe,Northern Europe,,IE-->DE,IE-->DE,IE-->DE,IE-->DE,IE-->DE,IE-->DE,IE-->DE,IE-->DE,IE-->DE,IE-->DE,IE-->DE,IE-->DE,IE-->DE,IE-->DE,IE-->DE,IE-->DE,IE-->DE,IE-->DE,IE-->DE,,,,,,,,,,,,,,,,,DE-->IE,DE-->IE,DE-->IE,DE-->IE,DE-->IE,DE-->IE,DE-->IE,DE-->IE,DE-->IE,DE-->IE,DE-->IE,DE-->IE,DE-->IE,DE-->IE,DE-->IE,DE-->IE,DE-->IE,DE-->IE,DE-->IE
IM,IMN,Isle of Man,Douglas,Europe,Northern Europe,,IM-->DE,IM-->DE,IM-->DE,IM-->DE,IM-->DE,IM-->DE,IM-->DE,IM-->DE,IM-->DE,IM-->DE,IM-->DE,IM-->DE,IM-->DE,IM-->DE,IM-->DE,IM-->DE,IM-->DE,IM-->DE,IM-->DE,,,,,,,,,,,,,,,,,DE-->IM,DE-->IM,DE-->IM,DE-->IM,DE-->IM,DE-->IM,DE-->IM,DE-->IM,DE-->IM,DE-->IM,DE-->IM,DE-->IM,DE-->IM,DE-->IM,DE-->IM,DE-->IM,DE-->IM,DE-->IM,DE-->IM
IL,ISR,Israel,Jerusalem,Asia,Western Asia,,IL-->DE,IL-->DE,IL-->DE,IL-->DE,IL-->DE,IL-->DE,IL-->DE,IL-->DE,IL-->DE,IL-->DE,IL-->DE,IL-->DE,IL-->DE,IL-->DE,IL-->DE,IL-->DE,IL-->DE,IL-->DE,IL-->DE,,,,,,,,,,,,,,,,,DE-->IL,DE-->IL,DE-->IL,DE-->IL,DE-->IL,DE-->IL,DE-->IL,DE-->IL,DE-->IL,DE-->IL,DE-->IL,DE-->IL,DE-->IL,DE-->IL,DE-->IL,DE-->IL,DE-->IL,DE-->IL,DE-->IL
IT,ITA,Italy,Rome,Europe,Southern Europe,,IT-->DE,IT-->DE,IT-->DE,IT-->DE,IT-->DE,IT-->DE,IT-->DE,IT-->DE,IT-->DE,IT-->DE,IT-->DE,IT-->DE,IT-->DE,IT-->DE,IT-->DE,IT-->DE,IT-->DE,IT-->DE,IT-->DE,,,,,,,,,,,,,,,,,DE-->IT,DE-->IT,DE-->IT,DE-->IT,DE-->IT,DE-->IT,DE-->IT,DE-->IT,DE-->IT,DE-->IT,DE-->IT,DE-->IT,DE-->IT,DE-->IT,DE-->IT,DE-->IT,DE-->IT,DE-->IT,DE-->IT
JM,JAM,Jamaica,Kingston,Americas,Caribbean,,JM-->DE,JM-->DE,JM-->DE,JM-->DE,JM-->DE,JM-->DE,JM-->DE,JM-->DE,JM-->DE,JM-->DE,JM-->DE,JM-->DE,JM-->DE,JM-->DE,JM-->DE,JM-->DE,JM-->DE,JM-->DE,JM-->DE,,,,,,,,,,,,,,,,,DE-->JM,DE-->JM,DE-->JM,DE-->JM,DE-->JM,DE-->JM,DE-->JM,DE-->JM,DE-->JM,DE-->JM,DE-->JM,DE-->JM,DE-->JM,DE-->JM,DE-->JM,DE-->JM,DE-->JM,DE-->JM,DE-->JM
JP,JPN,Japan,Tokyo,Asia,Eastern Asia,,JP-->DE,JP-->DE,JP-->DE,JP-->DE,JP-->DE,JP-->DE,JP-->DE,JP-->DE,JP-->DE,JP-->DE,JP-->DE,JP-->DE,JP-->DE,JP-->DE,JP-->DE,JP-->DE,JP-->DE,JP-->DE,JP-->DE,,,,,,,,,,,,,,,,,DE-->JP,DE-->JP,DE-->JP,DE-->JP,DE-->JP,DE-->JP,DE-->JP,DE-->JP,DE-->JP,DE-->JP,DE-->JP,DE-->JP,DE-->JP,DE-->JP,DE-->JP,DE-->JP,DE-->JP,DE-->JP,DE-->JP
JE,JEY,Jersey,Saint Helier,Europe,Northern Europe,,JE-->DE,JE-->DE,JE-->DE,JE-->DE,JE-->DE,JE-->DE,JE-->DE,JE-->DE,JE-->DE,JE-->DE,JE-->DE,JE-->DE,JE-->DE,JE-->DE,JE-->DE,JE-->DE,JE-->DE,JE-->DE,JE-->DE,,,,,,,,,,,,,,,,,DE-->JE,DE-->JE,DE-->JE,DE-->JE,DE-->JE,DE-->JE,DE-->JE,DE-->JE,DE-->JE,DE-->JE,DE-->JE,DE-->JE,DE-->JE,DE-->JE,DE-->JE,DE-->JE,DE-->JE,DE-->JE,DE-->JE
JO,JOR,Jordan,Amman,Asia,Western Asia,,JO-->DE,JO-->DE,JO-->DE,JO-->DE,JO-->DE,JO-->DE,JO-->DE,JO-->DE,JO-->DE,JO-->DE,JO-->DE,JO-->DE,JO-->DE,JO-->DE,JO-->DE,JO-->DE,JO-->DE,JO-->DE,JO-->DE,,,,,,,,,,,,,,,,,DE-->JO,DE-->JO,DE-->JO,DE-->JO,DE-->JO,DE-->JO,DE-->JO,DE-->JO,DE-->JO,DE-->JO,DE-->JO,DE-->JO,DE-->JO,DE-->JO,DE-->JO,DE-->JO,DE-->JO,DE-->JO,DE-->JO
KZ,KAZ,Kazakhstan,Astana,Asia,Central Asia,,KZ-->DE,KZ-->DE,KZ-->DE,KZ-->DE,KZ-->DE,KZ-->DE,KZ-->DE,KZ-->DE,KZ-->DE,KZ-->DE,KZ-->DE,KZ-->DE,KZ-->DE,KZ-->DE,KZ-->DE,KZ-->DE,KZ-->DE,KZ-->DE,KZ-->DE,,,,,,,,,,,,,,,,,DE-->KZ,DE-->KZ,DE-->KZ,DE-->KZ,DE-->KZ,DE-->KZ,DE-->KZ,DE-->KZ,DE-->KZ,DE-->KZ,DE-->KZ,DE-->KZ,DE-->KZ,DE-->KZ,DE-->KZ,DE-->KZ,DE-->KZ,DE-->KZ,DE-->KZ
KE,KEN,Kenya,Nairobi,Africa,Eastern Africa,,KE-->DE,KE-->DE,KE-->DE,KE-->DE,KE-->DE,KE-->DE,KE-->DE,KE-->DE,KE-->DE,KE-->DE,KE-->DE,KE-->DE,KE-->DE,KE-->DE,KE-->DE,KE-->DE,KE-->DE,KE-->DE,KE-->DE,,,,,,,,,,,,,,,,,DE-->KE,DE-->KE,DE-->KE,DE-->KE,DE-->KE,DE-->KE,DE-->KE,DE-->KE,DE-->KE,DE-->KE,DE-->KE,DE-->KE,DE-->KE,DE-->KE,DE-->KE,DE-->KE,DE-->KE,DE-->KE,DE-->KE
KI,KIR,Kiribati,South Tarawa,Oceania,Micronesia,,KI-->DE,KI-->DE,KI-->DE,KI-->DE,KI-->DE,KI-->DE,KI-->DE,KI-->DE,KI-->DE,KI-->DE,KI-->DE,KI-->DE,KI-->DE,KI-->DE,KI-->DE,KI-->DE,KI-->DE,KI-->DE,KI-->DE,,,,,,,,,,,,,,,,,DE-->KI,DE-->KI,DE-->KI,DE-->KI,DE-->KI,DE-->KI,DE-->KI,DE-->KI,DE-->KI,DE-->KI,DE-->KI,DE-->KI,DE-->KI,DE-->KI,DE-->KI,DE-->KI,DE-->KI,DE-->KI,DE-->KI
KW,KWT,Kuwait,Kuwait City,Asia,Western Asia,,KW-->DE,KW-->DE,KW-->DE,KW-->DE,KW-->DE,KW-->DE,KW-->DE,KW-->DE,KW-->DE,KW-->DE,KW-->DE,KW-->DE,KW-->DE,KW-->DE,KW-->DE,KW-->DE,KW-->DE,KW-->DE,KW-->DE,,,,,,,,,,,,,,,,,DE-->KW,DE-->KW,DE-->KW,DE-->KW,DE-->KW,DE-->KW,DE-->KW,DE-->KW,DE-->KW,DE-->KW,DE-->KW,DE-->KW,DE-->KW,DE-->KW,DE-->KW,DE-->KW,DE-->KW,DE-->KW,DE-->KW
KG,KGZ,Kyrgyzstan,Bishkek,Asia,Central Asia,,KG-->DE,KG-->DE,KG-->DE,KG-->DE,KG-->DE,KG-->DE,KG-->DE,KG-->DE,KG-->DE,KG-->DE,KG-->DE,KG-->DE,KG-->DE,KG-->DE,KG-->DE,KG-->DE,KG-->DE,KG-->DE,KG-->DE,,,,,,,,,,,,,,,,,DE-->KG,DE-->KG,DE-->KG,DE-->KG,DE-->KG,DE-->KG,DE-->KG,DE-->KG,DE-->KG,DE-->KG,DE-->KG,DE-->KG,DE-->KG,DE-->KG,DE-->KG,DE-->KG,DE-->KG,DE-->KG,DE-->KG
LA,LAO,Laos,Vientiane,Asia,South-Eastern Asia,,LA-->DE,LA-->DE,LA-->DE,LA-->DE,LA-->DE,LA-->DE,LA-->DE,LA-->DE,LA-->DE,LA-->DE,LA-->DE,LA-->DE,LA-->DE,LA-->DE,LA-->DE,LA-->DE,LA-->DE,LA-->DE,LA-->DE,,,,,,,,,,,,,,,,,DE-->LA,DE-->LA,DE-->LA,DE-->LA,DE-->LA,DE-->LA,DE-->LA,DE-->LA,DE-->LA,DE-->LA,DE-->LA,DE-->LA,DE-->LA,DE-->LA,DE-->LA,DE-->LA,DE-->LA,DE-->LA,DE-->LA
LV,LVA,Latvia,Riga,Europe,Northern Europe,,LV-->DE,LV-->DE,LV-->DE,LV-->DE,LV-->DE,LV-->DE,LV-->DE,LV-->DE,LV-->DE,LV-->DE,LV-->DE,LV-->DE,LV-->DE,LV-->DE,LV-->DE,LV-->DE,LV-->DE,LV-->DE,LV-->DE,,,,,,,,,,,,,,,,,DE-->LV,DE-->LV,DE-->LV,DE-->LV,DE-->LV,DE-->LV,DE-->LV,DE-->LV,DE-->LV,DE-->LV,DE-->LV,DE-->LV,DE-->LV,DE-->LV,DE-->LV,DE-->LV,DE-->LV,DE-->LV,DE-->LV
LB,LBN,Lebanon,Beirut,Asia,Western Asia,,LB-->DE,LB-->DE,LB-->DE,LB-->DE,LB-->DE,LB-->DE,LB-->DE,LB-->DE,LB-->DE,LB-->DE,LB-->DE,LB-->DE,LB-->DE,LB-->DE,LB-->DE,LB-->DE,LB-->DE,LB-->DE,LB-->DE,,,,,,,,,,,,,,,,,DE-->LB,DE-->LB,DE-->LB,DE-->LB,DE-->LB,DE-->LB,DE-->LB,DE-->LB,DE-->LB,DE-->LB,DE-->LB,DE-->LB,DE-->LB,DE-->LB,DE-->LB,DE-->LB,DE-->LB,DE-->LB,DE-->LB
LS,LSO,Lesotho,Maseru,Africa,Southern Africa,,LS-->DE,LS-->DE,LS-->DE,LS-->DE,LS-->DE,LS-->DE,LS-->DE,LS-->DE,LS-->DE,LS-->DE,LS-->DE,LS-->DE,LS-->DE,LS-->DE,LS-->DE,LS-->DE,LS-->DE,LS-->DE,LS-->DE,,,,,,,,,,,,,,,,,DE-->LS,DE-->LS,DE-->LS,DE-->LS,DE-->LS,DE-->LS,DE-->LS,DE-->LS,DE-->LS,DE-->LS,DE-->LS,DE-->LS,DE-->LS,DE-->LS,DE-->LS,DE-->LS,DE-->LS,DE-->LS,DE-->LS
LR,LBR,Liberia,Monrovia,Africa,Western Africa,,LR-->DE,LR-->DE,LR-->DE,LR-->DE,LR-->DE,LR-->DE,LR-->DE,LR-->DE,LR-->DE,LR-->DE,LR-->DE,LR-->DE,LR-->DE,LR-->DE,LR-->DE,LR-->DE,LR-->DE,LR-->DE,LR-->DE,,,,,,,,,,,,,,,,,DE-->LR,DE-->LR,DE-->LR,DE-->LR,DE-->LR,DE-->LR,DE-->LR,DE-->LR,DE-->LR,DE-->LR,DE-->LR,DE-->LR,DE-->LR,DE-->LR,DE-->LR,DE-->LR,DE-->LR,DE-->LR,DE-->LR
LY,LBY,Libya,Tripoli,Africa,Northern Africa,,LY-->DE,LY-->DE,LY-->DE,LY-->DE,LY-->DE,LY-->DE,LY-->DE,LY-->DE,LY-->DE,LY-->DE,LY-->DE,LY-->DE,LY-->DE,LY-->DE,LY-->DE,LY-->DE,LY-->DE,LY-->DE,LY-->DE,,,,,,,,,,,,,,,,,DE-->LY,DE-->LY,DE-->LY,DE-->LY,DE-->LY,DE-->LY,DE-->LY,DE-->LY,DE-->LY,DE-->LY,DE-->LY,DE-->LY,DE-->LY,DE-->LY,DE-->LY,DE-->LY,DE-->LY,DE-->LY,DE-->LY
LI,LIE,Liechtenstein,Vaduz,Europe,Western Europe,,LI-->DE,LI-->DE,LI-->DE,LI-->DE,LI-->DE,LI-->DE,LI-->DE,LI-->DE,LI-->DE,LI-->DE,LI-->DE,LI-->DE,LI-->DE,LI-->DE,LI-->DE,LI-->DE,LI-->DE,LI-->DE,LI-->DE,,,,,,,,,,,,,,,,,DE-->LI,DE-->LI,DE-->LI,DE-->LI,DE-->LI,DE-->LI,DE-->LI,DE-->LI,DE-->LI,DE-->LI,DE-->LI,DE-->LI,DE-->LI,DE-->LI,DE-->LI,DE-->LI,DE-->LI,DE-->LI,DE-->LI
LT,LTU,Lithuania,Vilnius,Europe,Northern Europe,,LT-->DE,LT-->DE,LT-->DE,LT-->DE,LT-->DE,LT-->DE,LT-->DE,LT-->DE,LT-->DE,LT-->DE,LT-->DE,LT-->DE,LT-->DE,LT-->DE,LT-->DE,LT-->DE,LT-->DE,LT-->DE,LT-->DE,,,,,,,,,,,,,,,,,DE-->LT,DE-->LT,DE-->LT,DE-->LT,DE-->LT,DE-->LT,DE-->LT,DE-->LT,DE-->LT,DE-->LT,DE-->LT,DE-->LT,DE-->LT,DE-->LT,DE-->LT,DE-->LT,DE-->LT,DE-->LT,DE-->LT
LU,LUX,Luxembourg,Luxembourg,Europe,Western Europe,,LU-->DE,LU-->DE,LU-->DE,LU-->DE,LU-->DE,LU-->DE,LU-->DE,LU-->DE,LU-->DE,LU-->DE,LU-->DE,LU-->DE,LU-->DE,LU-->DE,LU-->DE,LU-->DE,LU-->DE,LU-->DE,LU-->DE,,,,,,,,,,,,,,,,,DE-->LU,DE-->LU,DE-->LU,DE-->LU,DE-->LU,DE-->LU,DE-->LU,DE-->LU,DE-->LU,DE-->LU,DE-->LU,DE-->LU,DE-->LU,DE-->LU,DE-->LU,DE-->LU,DE-->LU,DE-->LU,DE-->LU
MO,MAC,Macau,,Asia,Eastern Asia,,MO-->DE,MO-->DE,MO-->DE,MO-->DE,MO-->DE,MO-->DE,MO-->DE,MO-->DE,MO-->DE,MO-->DE,MO-->DE,MO-->DE,MO-->DE,MO-->DE,MO-->DE,MO-->DE,MO-->DE,MO-->DE,MO-->DE,,,,,,,,,,,,,,,,,DE-->MO,DE-->MO,DE-->MO,DE-->MO,DE-->MO,DE-->MO,DE-->MO,DE-->MO,DE-->MO,DE-->MO,DE-->MO,DE-->MO,DE-->MO,DE-->MO,DE-->MO,DE-->MO,DE-->MO,DE-->MO,DE-->MO
MK,MKD,Republic of Macedonia,Skopje,Europe,Southern Europe,,MK-->DE,MK-->DE,MK-->DE,MK-->DE,MK-->DE,MK-->DE,MK-->DE,MK-->DE,MK-->DE,MK-->DE,MK-->DE,MK-->DE,MK-->DE,MK-->DE,MK-->DE,MK-->DE,MK-->DE,MK-->DE,MK-->DE,,,,,,,,,,,,,,,,,DE-->MK,DE-->MK,DE-->MK,DE-->MK,DE-->MK,DE-->MK,DE-->MK,DE-->MK,DE-->MK,DE-->MK,DE-->MK,DE-->MK,DE-->MK,DE-->MK,DE-->MK,DE-->MK,DE-->MK,DE-->MK,DE-->MK
MG,MDG,Madagascar,Antananarivo,Africa,Eastern Africa,,MG-->DE,MG-->DE,MG-->DE,MG-->DE,MG-->DE,MG-->DE,MG-->DE,MG-->DE,MG-->DE,MG-->DE,MG-->DE,MG-->DE,MG-->DE,MG-->DE,MG-->DE,MG-->DE,MG-->DE,MG-->DE,MG-->DE,,,,,,,,,,,,,,,,,DE-->MG,DE-->MG,DE-->MG,DE-->MG,DE-->MG,DE-->MG,DE-->MG,DE-->MG,DE-->MG,DE-->MG,DE-->MG,DE-->MG,DE-->MG,DE-->MG,DE-->MG,DE-->MG,DE-->MG,DE-->MG,DE-->MG
MW,MWI,Malawi,Lilongwe,Africa,Eastern Africa,,MW-->DE,MW-->DE,MW-->DE,MW-->DE,MW-->DE,MW-->DE,MW-->DE,MW-->DE,MW-->DE,MW-->DE,MW-->DE,MW-->DE,MW-->DE,MW-->DE,MW-->DE,MW-->DE,MW-->DE,MW-->DE,MW-->DE,,,,,,,,,,,,,,,,,DE-->MW,DE-->MW,DE-->MW,DE-->MW,DE-->MW,DE-->MW,DE-->MW,DE-->MW,DE-->MW,DE-->MW,DE-->MW,DE-->MW,DE-->MW,DE-->MW,DE-->MW,DE-->MW,DE-->MW,DE-->MW,DE-->MW
MY,MYS,Malaysia,Kuala Lumpur,Asia,South-Eastern Asia,,MY-->DE,MY-->DE,MY-->DE,MY-->DE,MY-->DE,MY-->DE,MY-->DE,MY-->DE,MY-->DE,MY-->DE,MY-->DE,MY-->DE,MY-->DE,MY-->DE,MY-->DE,MY-->DE,MY-->DE,MY-->DE,MY-->DE,,,,,,,,,,,,,,,,,DE-->MY,DE-->MY,DE-->MY,DE-->MY,DE-->MY,DE-->MY,DE-->MY,DE-->MY,DE-->MY,DE-->MY,DE-->MY,DE-->MY,DE-->MY,DE-->MY,DE-->MY,DE-->MY,DE-->MY,DE-->MY,DE-->MY
MV,MDV,Maldives,Malé,Asia,Southern Asia,,MV-->DE,MV-->DE,MV-->DE,MV-->DE,MV-->DE,MV-->DE,MV-->DE,MV-->DE,MV-->DE,MV-->DE,MV-->DE,MV-->DE,MV-->DE,MV-->DE,MV-->DE,MV-->DE,MV-->DE,MV-->DE,MV-->DE,,,,,,,,,,,,,,,,,DE-->MV,DE-->MV,DE-->MV,DE-->MV,DE-->MV,DE-->MV,DE-->MV,DE-->MV,DE-->MV,DE-->MV,DE-->MV,DE-->MV,DE-->MV,DE-->MV,DE-->MV,DE-->MV,DE-->MV,DE-->MV,DE-->MV
ML,MLI,Mali,Bamako,Africa,Western Africa,,ML-->DE,ML-->DE,ML-->DE,ML-->DE,ML-->DE,ML-->DE,ML-->DE,ML-->DE,ML-->DE,ML-->DE,ML-->DE,ML-->DE,ML-->DE,ML-->DE,ML-->DE,ML-->DE,ML-->DE,ML-->DE,ML-->DE,,,,,,,,,,,,,,,,,DE-->ML,DE-->ML,DE-->ML,DE-->ML,DE-->ML,DE-->ML,DE-->ML,DE-->ML,DE-->ML,DE-->ML,DE-->ML,DE-->ML,DE-->ML,DE-->ML,DE-->ML,DE-->ML,DE-->ML,DE-->ML,DE-->ML
MT,MLT,Malta,Valletta,Europe,Southern Europe,,MT-->DE,MT-->DE,MT-->DE,MT-->DE,MT-->DE,MT-->DE,MT-->DE,MT-->DE,MT-->DE,MT-->DE,MT-->DE,MT-->DE,MT-->DE,MT-->DE,MT-->DE,MT-->DE,MT-->DE,MT-->DE,MT-->DE,,,,,,,,,,,,,,,,,DE-->MT,DE-->MT,DE-->MT,DE-->MT,DE-->MT,DE-->MT,DE-->MT,DE-->MT,DE-->MT,DE-->MT,DE-->MT,DE-->MT,DE-->MT,DE-->MT,DE-->MT,DE-->MT,DE-->MT,DE-->MT,DE-->MT
MH,MHL,Marshall Islands,Majuro,Oceania,Micronesia,,MH-->DE,MH-->DE,MH-->DE,MH-->DE,MH-->DE,MH-->DE,MH-->DE,MH-->DE,MH-->DE,MH-->DE,MH-->DE,MH-->DE,MH-->DE,MH-->DE,MH-->DE,MH-->DE,MH-->DE,MH-->DE,MH-->DE,,,,,,,,,,,,,,,,,DE-->MH,DE-->MH,DE-->MH,DE-->MH,DE-->MH,DE-->MH,DE-->MH,DE-->MH,DE-->MH,DE-->MH,DE-->MH,DE-->MH,DE-->MH,DE-->MH,DE-->MH,DE-->MH,DE-->MH,DE-->MH,DE-->MH
MQ,MTQ,Martinique,Fort-de-France,Americas,Caribbean,,MQ-->DE,MQ-->DE,MQ-->DE,MQ-->DE,MQ-->DE,MQ-->DE,MQ-->DE,MQ-->DE,MQ-->DE,MQ-->DE,MQ-->DE,MQ-->DE,MQ-->DE,MQ-->DE,MQ-->DE,MQ-->DE,MQ-->DE,MQ-->DE,MQ-->DE,,,,,,,,,,,,,,,,,DE-->MQ,DE-->MQ,DE-->MQ,DE-->MQ,DE-->MQ,DE-->MQ,DE-->MQ,DE-->MQ,DE-->MQ,DE-->MQ,DE-->MQ,DE-->MQ,DE-->MQ,DE-->MQ,DE-->MQ,DE-->MQ,DE-->MQ,DE-->MQ,DE-->MQ
MR,MRT,Mauritania,Nouakchott,Africa,Western Africa,,MR-->DE,MR-->DE,MR-->DE,MR-->DE,MR-->DE,MR-->DE,MR-->DE,MR-->DE,MR-->DE,MR-->DE,MR-->DE,MR-->DE,MR-->DE,MR-->DE,MR-->DE,MR-->DE,MR-->DE,MR-->DE,MR-->DE,0.0,,,,,,,,,,,,,,,,DE-->MR,DE-->MR,DE-->MR,DE-->MR,DE-->MR,DE-->MR,DE-->MR,DE-->MR,DE-->MR,DE-->MR,DE-->MR,DE-->MR,DE-->MR,DE-->MR,DE-->MR,DE-->MR,DE-->MR,DE-->MR,DE-->MR
MU,MUS,Mauritius,Port Louis,Africa,Eastern Africa,,MU-->DE,MU-->DE,MU-->DE,MU-->DE,MU-->DE,MU-->DE,MU-->DE,MU-->DE,MU-->DE,MU-->DE,MU-->DE,MU-->DE,MU-->DE,MU-->DE,MU-->DE,MU-->DE,MU-->DE,MU-->DE,MU-->DE,,,,,,,,,,,,,,,,,DE-->MU,DE-->MU,DE-->MU,DE-->MU,DE-->MU,DE-->MU,DE-->MU,DE-->MU,DE-->MU,DE-->MU,DE-->MU,DE-->MU,DE-->MU,DE-->MU,DE-->MU,DE-->MU,DE-->MU,DE-->MU,DE-->MU
YT,MYT,Mayotte,Mamoudzou,Africa,Eastern Africa,,YT-->DE,YT-->DE,YT-->DE,YT-->DE,YT-->DE,YT-->DE,YT-->DE,YT-->DE,YT-->DE,YT-->DE,YT-->DE,YT-->DE,YT-->DE,YT-->DE,YT-->DE,YT-->DE,YT-->DE,YT-->DE,YT-->DE,,,,,,,,,,,,,,,,,DE-->YT,DE-->YT,DE-->YT,DE-->YT,DE-->YT,DE-->YT,DE-->YT,DE-->YT,DE-->YT,DE-->YT,DE-->YT,DE-->YT,DE-->YT,DE-->YT,DE-->YT,DE-->YT,DE-->YT,DE-->YT,DE-->YT
MX,MEX,Mexico,Mexico City,Americas,Central America,,MX-->DE,MX-->DE,MX-->DE,MX-->DE,MX-->DE,MX-->DE,MX-->DE,MX-->DE,MX-->DE,MX-->DE,MX-->DE,MX-->DE,MX-->DE,MX-->DE,MX-->DE,MX-->DE,MX-->DE,MX-->DE,MX-->DE,,,,,,,,,,,,,,,,,DE-->MX,DE-->MX,DE-->MX,DE-->MX,DE-->MX,DE-->MX,DE-->MX,DE-->MX,DE-->MX,DE-->MX,DE-->MX,DE-->MX,DE-->MX,DE-->MX,DE-->MX,DE-->MX,DE-->MX,DE-->MX,DE-->MX
FM,FSM,Federated States of Micronesia,Palikir,Oceania,Micronesia,,FM-->DE,FM-->DE,FM-->DE,FM-->DE,FM-->DE,FM-->DE,FM-->DE,FM-->DE,FM-->DE,FM-->DE,FM-->DE,FM-->DE,FM-->DE,FM-->DE,FM-->DE,FM-->DE,FM-->DE,FM-->DE,FM-->DE,,,,,,,,,,,,,,,,,DE-->FM,DE-->FM,DE-->FM,DE-->FM,DE-->FM,DE-->FM,DE-->FM,DE-->FM,DE-->FM,DE-->FM,DE-->FM,DE-->FM,DE-->FM,DE-->FM,DE-->FM,DE-->FM,DE-->FM,DE-->FM,DE-->FM
MD,MDA,Moldova,Chișinău,Europe,Eastern Europe,,MD-->DE,MD-->DE,MD-->DE,MD-->DE,MD-->DE,MD-->DE,MD-->DE,MD-->DE,MD-->DE,MD-->DE,MD-->DE,MD-->DE,MD-->DE,MD-->DE,MD-->DE,MD-->DE,MD-->DE,MD-->DE,MD-->DE,,,,,,,,,,,,,,,,,DE-->MD,DE-->MD,DE-->MD,DE-->MD,DE-->MD,DE-->MD,DE-->MD,DE-->MD,DE-->MD,DE-->MD,DE-->MD,DE-->MD,DE-->MD,DE-->MD,DE-->MD,DE-->MD,DE-->MD,DE-->MD,DE-->MD
MC,MCO,Monaco,Monaco,Europe,Western Europe,,MC-->DE,MC-->DE,MC-->DE,MC-->DE,MC-->DE,MC-->DE,MC-->DE,MC-->DE,MC-->DE,MC-->DE,MC-->DE,MC-->DE,MC-->DE,MC-->DE,MC-->DE,MC-->DE,MC-->DE,MC-->DE,MC-->DE,,,,,,,,,,,,,,,,,DE-->MC,DE-->MC,DE-->MC,DE-->MC,DE-->MC,DE-->MC,DE-->MC,DE-->MC,DE-->MC,DE-->MC,DE-->MC,DE-->MC,DE-->MC,DE-->MC,DE-->MC,DE-->MC,DE-->MC,DE-->MC,DE-->MC
MN,MNG,Mongolia,Ulan Bator,Asia,Eastern Asia,,MN-->DE,MN-->DE,MN-->DE,MN-->DE,MN-->DE,MN-->DE,MN-->DE,MN-->DE,MN-->DE,MN-->DE,MN-->DE,MN-->DE,MN-->DE,MN-->DE,MN-->DE,MN-->DE,MN-->DE,MN-->DE,MN-->DE,,,,,,,,,,,,,,,,,DE-->MN,DE-->MN,DE-->MN,DE-->MN,DE-->MN,DE-->MN,DE-->MN,DE-->MN,DE-->MN,DE-->MN,DE-->MN,DE-->MN,DE-->MN,DE-->MN,DE-->MN,DE-->MN,DE-->MN,DE-->MN,DE-->MN
ME,MNE,Montenegro,Podgorica,Europe,Southern Europe,,ME-->DE,ME-->DE,ME-->DE,ME-->DE,ME-->DE,ME-->DE,ME-->DE,ME-->DE,ME-->DE,ME-->DE,ME-->DE,ME-->DE,ME-->DE,ME-->DE,ME-->DE,ME-->DE,ME-->DE,ME-->DE,ME-->DE,,,,,,,,,,,,,,,,,DE-->ME,DE-->ME,DE-->ME,DE-->ME,DE-->ME,DE-->ME,DE-->ME,DE-->ME,DE-->ME,DE-->ME,DE-->ME,DE-->ME,DE-->ME,DE-->ME,DE-->ME,DE-->ME,DE-->ME,DE-->ME,DE-->ME
MS,MSR,Montserrat,Plymouth,Americas,Caribbean,,MS-->DE,MS-->DE,MS-->DE,MS-->DE,MS-->DE,MS-->DE,MS-->DE,MS-->DE,MS-->DE,MS-->DE,MS-->DE,MS-->DE,MS-->DE,MS-->DE,MS-->DE,MS-->DE,MS-->DE,MS-->DE,MS-->DE,,,,,,,,,,,,,,,,,DE-->MS,DE-->MS,DE-->MS,DE-->MS,DE-->MS,DE-->MS,DE-->MS,DE-->MS,DE-->MS,DE-->MS,DE-->MS,DE-->MS,DE-->MS,DE-->MS,DE-->MS,DE-->MS,DE-->MS,DE-->MS,DE-->MS
MA,MAR,Morocco,Rabat,Africa,Northern Africa,,MA-->DE,MA-->DE,MA-->DE,MA-->DE,MA-->DE,MA-->DE,MA-->DE,MA-->DE,MA-->DE,MA-->DE,MA-->DE,MA-->DE,MA-->DE,MA-->DE,MA-->DE,MA-->DE,MA-->DE,MA-->DE,MA-->DE,,,,,,,,,,,,,,,,,DE-->MA,DE-->MA,DE-->MA,DE-->MA,DE-->MA,DE-->MA,DE-->MA,DE-->MA,DE-->MA,DE-->MA,DE-->MA,DE-->MA,DE-->MA,DE-->MA,DE-->MA,DE-->MA,DE-->MA,DE-->MA,DE-->MA
MZ,MOZ,Mozambique,Maputo,Africa,Eastern Africa,,MZ-->DE,MZ-->DE,MZ-->DE,MZ-->DE,MZ-->DE,MZ-->DE,MZ-->DE,MZ-->DE,MZ-->DE,MZ-->DE,MZ-->DE,MZ-->DE,MZ-->DE,MZ-->DE,MZ-->DE,MZ-->DE,MZ-->DE,MZ-->DE,MZ-->DE,,,,,,,,,,,,,,,,,DE-->MZ,DE-->MZ,DE-->MZ,DE-->MZ,DE-->MZ,DE-->MZ,DE-->MZ,DE-->MZ,DE-->MZ,DE-->MZ,DE-->MZ,DE-->MZ,DE-->MZ,DE-->MZ,DE-->MZ,DE-->MZ,DE-->MZ,DE-->MZ,DE-->MZ
MM,MMR,Myanmar,Naypyidaw,Asia,South-Eastern Asia,,MM-->DE,MM-->DE,MM-->DE,MM-->DE,MM-->DE,MM-->DE,MM-->DE,MM-->DE,MM-->DE,MM-->DE,MM-->DE,MM-->DE,MM-->DE,MM-->DE,MM-->DE,MM-->DE,MM-->DE,MM-->DE,MM-->DE,,,,,,,,,,,,,,,,,DE-->MM,DE-->MM,DE-->MM,DE-->MM,DE-->MM,DE-->MM,DE-->MM,DE-->MM,DE-->MM,DE-->MM,DE-->MM,DE-->MM,DE-->MM,DE-->MM,DE-->MM,DE-->MM,DE-->MM,DE-->MM,DE-->MM
,NAM,Namibia,Windhoek,Africa,Southern Africa,,NA-->DE,NA-->DE,NA-->DE,NA-->DE,NA-->DE,NA-->DE,NA-->DE,NA-->DE,NA-->DE,NA-->DE,NA-->DE,NA-->DE,NA-->DE,NA-->DE,NA-->DE,NA-->DE,NA-->DE,NA-->DE,NA-->DE,,,,,,,,,,,,,,,,,DE-->NA,DE-->NA,DE-->NA,DE-->NA,DE-->NA,DE-->NA,DE-->NA,DE-->NA,DE-->NA,DE-->NA,DE-->NA,DE-->NA,DE-->NA,DE-->NA,DE-->NA,DE-->NA,DE-->NA,DE-->NA,DE-->NA
NR,NRU,Nauru,Yaren,Oceania,Micronesia,,NR-->DE,NR-->DE,NR-->DE,NR-->DE,NR-->DE,NR-->DE,NR-->DE,NR-->DE,NR-->DE,NR-->DE,NR-->DE,NR-->DE,NR-->DE,NR-->DE,NR-->DE,NR-->DE,NR-->DE,NR-->DE,NR-->DE,,,,,,,,,,,,,,,,,DE-->NR,DE-->NR,DE-->NR,DE-->NR,DE-->NR,DE-->NR,DE-->NR,DE-->NR,DE-->NR,DE-->NR,DE-->NR,DE-->NR,DE-->NR,DE-->NR,DE-->NR,DE-->NR,DE-->NR,DE-->NR,DE-->NR
NP,NPL,Nepal,Kathmandu,Asia,Southern Asia,,NP-->DE,NP-->DE,NP-->DE,NP-->DE,NP-->DE,NP-->DE,NP-->DE,NP-->DE,NP-->DE,NP-->DE,NP-->DE,NP-->DE,NP-->DE,NP-->DE,NP-->DE,NP-->DE,NP-->DE,NP-->DE,NP-->DE,,,,,,,,,,,,,,,,,DE-->NP,DE-->NP,DE-->NP,DE-->NP,DE-->NP,DE-->NP,DE-->NP,DE-->NP,DE-->NP,DE-->NP,DE-->NP,DE-->NP,DE-->NP,DE-->NP,DE-->NP,DE-->NP,DE-->NP,DE-->NP,DE-->NP
NL,NLD,Netherlands,Amsterdam,Europe,Western Europe,,NL-->DE,NL-->DE,NL-->DE,NL-->DE,NL-->DE,NL-->DE,NL-->DE,NL-->DE,NL-->DE,NL-->DE,NL-->DE,NL-->DE,NL-->DE,NL-->DE,NL-->DE,NL-->DE,NL-->DE,NL-->DE,NL-->DE,,,,,,,,,,,,,,,,,DE-->NL,DE-->NL,DE-->NL,DE-->NL,DE-->NL,DE-->NL,DE-->NL,DE-->NL,DE-->NL,DE-->NL,DE-->NL,DE-->NL,DE-->NL,DE-->NL,DE-->NL,DE-->NL,DE-->NL,DE-->NL,DE-->NL
NC,NCL,New Caledonia,Nouméa,Oceania,Melanesia,,NC-->DE,NC-->DE,NC-->DE,NC-->DE,NC-->DE,NC-->DE,NC-->DE,NC-->DE,NC-->DE,NC-->DE,NC-->DE,NC-->DE,NC-->DE,NC-->DE,NC-->DE,NC-->DE,NC-->DE,NC-->DE,NC-->DE,,,,,,,,,,,,,,,,,DE-->NC,DE-->NC,DE-->NC,DE-->NC,DE-->NC,DE-->NC,DE-->NC,DE-->NC,DE-->NC,DE-->NC,DE-->NC,DE-->NC,DE-->NC,DE-->NC,DE-->NC,DE-->NC,DE-->NC,DE-->NC,DE-->NC
NZ,NZL,New Zealand,Wellington,Oceania,Australia and New Zealand,,NZ-->DE,NZ-->DE,NZ-->DE,NZ-->DE,NZ-->DE,NZ-->DE,NZ-->DE,NZ-->DE,NZ-->DE,NZ-->DE,NZ-->DE,NZ-->DE,NZ-->DE,NZ-->DE,NZ-->DE,NZ-->DE,NZ-->DE,NZ-->DE,NZ-->DE,,,,,,,,,,,,,,,,,DE-->NZ,DE-->NZ,DE-->NZ,DE-->NZ,DE-->NZ,DE-->NZ,DE-->NZ,DE-->NZ,DE-->NZ,DE-->NZ,DE-->NZ,DE-->NZ,DE-->NZ,DE-->NZ,DE-->NZ,DE-->NZ,DE-->NZ,DE-->NZ,DE-->NZ
NI,NIC,Nicaragua,Managua,Americas,Central America,,NI-->DE,NI-->DE,NI-->DE,NI-->DE,NI-->DE,NI-->DE,NI-->DE,NI-->DE,NI-->DE,NI-->DE,NI-->DE,NI-->DE,NI-->DE,NI-->DE,NI-->DE,NI-->DE,NI-->DE,NI-->DE,NI-->DE,,,,,,,,,,,,,,,,,DE-->NI,DE-->NI,DE-->NI,DE-->NI,DE-->NI,DE-->NI,DE-->NI,DE-->NI,DE-->NI,DE-->NI,DE-->NI,DE-->NI,DE-->NI,DE-->NI,DE-->NI,DE-->NI,DE-->NI,DE-->NI,DE-->NI
NE,NER,Niger,Niamey,Africa,Western Africa,,NE-->DE,NE-->DE,NE-->DE,NE-->DE,NE-->DE,NE-->DE,NE-->DE,NE-->DE,NE-->DE,NE-->DE,NE-->DE,NE-->DE,NE-->DE,NE-->DE,NE-->DE,NE-->DE,NE-->DE,NE-->DE,NE-->DE,,,,,,,,,,,,,,,,,DE-->NE,DE-->NE,DE-->NE,DE-->NE,DE-->NE,DE-->NE,DE-->NE,DE-->NE,DE-->NE,DE-->NE,DE-->NE,DE-->NE,DE-->NE,DE-->NE,DE-->NE,DE-->NE,DE-->NE,DE-->NE,DE-->NE
NG,NGA,Nigeria,Abuja,Africa,Western Africa,,NG-->DE,NG-->DE,NG-->DE,NG-->DE,NG-->DE,NG-->DE,NG-->DE,NG-->DE,NG-->DE,NG-->DE,NG-->DE,NG-->DE,NG-->DE,NG-->DE,NG-->DE,NG-->DE,NG-->DE,NG-->DE,NG-->DE,,,,,,,,,,,,,,,,,DE-->NG,DE-->NG,DE-->NG,DE-->NG,DE-->NG,DE-->NG,DE-->NG,DE-->NG,DE-->NG,DE-->NG,DE-->NG,DE-->NG,DE-->NG,DE-->NG,DE-->NG,DE-->NG,DE-->NG,DE-->NG,DE-->NG
NU,NIU,Niue,Alofi,Oceania,Polynesia,,NU-->DE,NU-->DE,NU-->DE,NU-->DE,NU-->DE,NU-->DE,NU-->DE,NU-->DE,NU-->DE,NU-->DE,NU-->DE,NU-->DE,NU-->DE,NU-->DE,NU-->DE,NU-->DE,NU-->DE,NU-->DE,NU-->DE,,,,,,,,,,,,,,,,,DE-->NU,DE-->NU,DE-->NU,DE-->NU,DE-->NU,DE-->NU,DE-->NU,DE-->NU,DE-->NU,DE-->NU,DE-->NU,DE-->NU,DE-->NU,DE-->NU,DE-->NU,DE-->NU,DE-->NU,DE-->NU,DE-->NU
NF,NFK,Norfolk Island,Kingston,Oceania,Australia and New Zealand,,NF-->DE,NF-->DE,NF-->DE,NF-->DE,NF-->DE,NF-->DE,NF-->DE,NF-->DE,NF-->DE,NF-->DE,NF-->DE,NF-->DE,NF-->DE,NF-->DE,NF-->DE,NF-->DE,NF-->DE,NF-->DE,NF-->DE,,,,,,,,,,,,,,,,,DE-->NF,DE-->NF,DE-->NF,DE-->NF,DE-->NF,DE-->NF,DE-->NF,DE-->NF,DE-->NF,DE-->NF,DE-->NF,DE-->NF,DE-->NF,DE-->NF,DE-->NF,DE-->NF,DE-->NF,DE-->NF,DE-->NF
KP,PRK,North Korea,Pyongyang,Asia,Eastern Asia,,KP-->DE,KP-->DE,KP-->DE,KP-->DE,KP-->DE,KP-->DE,KP-->DE,KP-->DE,KP-->DE,KP-->DE,KP-->DE,KP-->DE,KP-->DE,KP-->DE,KP-->DE,KP-->DE,KP-->DE,KP-->DE,KP-->DE,,,,,,,,,,,,,,,,,DE-->KP,DE-->KP,DE-->KP,DE-->KP,DE-->KP,DE-->KP,DE-->KP,DE-->KP,DE-->KP,DE-->KP,DE-->KP,DE-->KP,DE-->KP,DE-->KP,DE-->KP,DE-->KP,DE-->KP,DE-->KP,DE-->KP
MP,MNP,Northern Mariana Islands,Saipan,Oceania,Micronesia,,MP-->DE,MP-->DE,MP-->DE,MP-->DE,MP-->DE,MP-->DE,MP-->DE,MP-->DE,MP-->DE,MP-->DE,MP-->DE,MP-->DE,MP-->DE,MP-->DE,MP-->DE,MP-->DE,MP-->DE,MP-->DE,MP-->DE,,,,,,,,,,,,,,,,,DE-->MP,DE-->MP,DE-->MP,DE-->MP,DE-->MP,DE-->MP,DE-->MP,DE-->MP,DE-->MP,DE-->MP,DE-->MP,DE-->MP,DE-->MP,DE-->MP,DE-->MP,DE-->MP,DE-->MP,DE-->MP,DE-->MP
NO,NOR,Norway,Oslo,Europe,Northern Europe,,NO-->DE,NO-->DE,NO-->DE,NO-->DE,NO-->DE,NO-->DE,NO-->DE,NO-->DE,NO-->DE,NO-->DE,NO-->DE,NO-->DE,NO-->DE,NO-->DE,NO-->DE,NO-->DE,NO-->DE,NO-->DE,NO-->DE,,,,,,,,,,,,,,,,,DE-->NO,DE-->NO,DE-->NO,DE-->NO,DE-->NO,DE-->NO,DE-->NO,DE-->NO,DE-->NO,DE-->NO,DE-->NO,DE-->NO,DE-->NO,DE-->NO,DE-->NO,DE-->NO,DE-->NO,DE-->NO,DE-->NO
OM,OMN,Oman,Muscat,Asia,Western Asia,,OM-->DE,OM-->DE,OM-->DE,OM-->DE,OM-->DE,OM-->DE,OM-->DE,OM-->DE,OM-->DE,OM-->DE,OM-->DE,OM-->DE,OM-->DE,OM-->DE,OM-->DE,OM-->DE,OM-->DE,OM-->DE,OM-->DE,,,,,,,,,,,,,,,,,DE-->OM,DE-->OM,DE-->OM,DE-->OM,DE-->OM,DE-->OM,DE-->OM,DE-->OM,DE-->OM,DE-->OM,DE-->OM,DE-->OM,DE-->OM,DE-->OM,DE-->OM,DE-->OM,DE-->OM,DE-->OM,DE-->OM
PK,PAK,Pakistan,Islamabad,Asia,Southern Asia,,PK-->DE,PK-->DE,PK-->DE,PK-->DE,PK-->DE,PK-->DE,PK-->DE,PK-->DE,PK-->DE,PK-->DE,PK-->DE,PK-->DE,PK-->DE,PK-->DE,PK-->DE,PK-->DE,PK-->DE,PK-->DE,PK-->DE,,,,,,,,,,,,,,,,,DE-->PK,DE-->PK,DE-->PK,DE-->PK,DE-->PK,DE-->PK,DE-->PK,DE-->PK,DE-->PK,DE-->PK,DE-->PK,DE-->PK,DE-->PK,DE-->PK,DE-->PK,DE-->PK,DE-->PK,DE-->PK,DE-->PK
PW,PLW,Palau,Ngerulmud,Oceania,Micronesia,,PW-->DE,PW-->DE,PW-->DE,PW-->DE,PW-->DE,PW-->DE,PW-->DE,PW-->DE,PW-->DE,PW-->DE,PW-->DE,PW-->DE,PW-->DE,PW-->DE,PW-->DE,PW-->DE,PW-->DE,PW-->DE,PW-->DE,,,,,,,,,,,,,,,,,DE-->PW,DE-->PW,DE-->PW,DE-->PW,DE-->PW,DE-->PW,DE-->PW,DE-->PW,DE-->PW,DE-->PW,DE-->PW,DE-->PW,DE-->PW,DE-->PW,DE-->PW,DE-->PW,DE-->PW,DE-->PW,DE-->PW
PS,PSE,Palestine,Ramallah,Asia,Western Asia,,PS-->DE,PS-->DE,PS-->DE,PS-->DE,PS-->DE,PS-->DE,PS-->DE,PS-->DE,PS-->DE,PS-->DE,PS-->DE,PS-->DE,PS-->DE,PS-->DE,PS-->DE,PS-->DE,PS-->DE,PS-->DE,PS-->DE,,,,,,,,,,,,,,,,,DE-->PS,DE-->PS,DE-->PS,DE-->PS,DE-->PS,DE-->PS,DE-->PS,DE-->PS,DE-->PS,DE-->PS,DE-->PS,DE-->PS,DE-->PS,DE-->PS,DE-->PS,DE-->PS,DE-->PS,DE-->PS,DE-->PS
PA,PAN,Panama,Panama City,Americas,Central America,,PA-->DE,PA-->DE,PA-->DE,PA-->DE,PA-->DE,PA-->DE,PA-->DE,PA-->DE,PA-->DE,PA-->DE,PA-->DE,PA-->DE,PA-->DE,PA-->DE,PA-->DE,PA-->DE,PA-->DE,PA-->DE,PA-->DE,,,,,,,,,,,,,,,,,DE-->PA,DE-->PA,DE-->PA,DE-->PA,DE-->PA,DE-->PA,DE-->PA,DE-->PA,DE-->PA,DE-->PA,DE-->PA,DE-->PA,DE-->PA,DE-->PA,DE-->PA,DE-->PA,DE-->PA,DE-->PA,DE-->PA
PG,PNG,Papua New Guinea,Port Moresby,Oceania,Melanesia,,PG-->DE,PG-->DE,PG-->DE,PG-->DE,PG-->DE,PG-->DE,PG-->DE,PG-->DE,PG-->DE,PG-->DE,PG-->DE,PG-->DE,PG-->DE,PG-->DE,PG-->DE,PG-->DE,PG-->DE,PG-->DE,PG-->DE,,,,,,,,,,,,,,,,,DE-->PG,DE-->PG,DE-->PG,DE-->PG,DE-->PG,DE-->PG,DE-->PG,DE-->PG,DE-->PG,DE-->PG,DE-->PG,DE-->PG,DE-->PG,DE-->PG,DE-->PG,DE-->PG,DE-->PG,DE-->PG,DE-->PG
PY,PRY,Paraguay,Asunción,Americas,South America,,PY-->DE,PY-->DE,PY-->DE,PY-->DE,PY-->DE,PY-->DE,PY-->DE,PY-->DE,PY-->DE,PY-->DE,PY-->DE,PY-->DE,PY-->DE,PY-->DE,PY-->DE,PY-->DE,PY-->DE,PY-->DE,PY-->DE,,,,,,,,,,,,,,,,,DE-->PY,DE-->PY,DE-->PY,DE-->PY,DE-->PY,DE-->PY,DE-->PY,DE-->PY,DE-->PY,DE-->PY,DE-->PY,DE-->PY,DE-->PY,DE-->PY,DE-->PY,DE-->PY,DE-->PY,DE-->PY,DE-->PY
PE,PER,Peru,Lima,Americas,South America,,PE-->DE,PE-->DE,PE-->DE,PE-->DE,PE-->DE,PE-->DE,PE-->DE,PE-->DE,PE-->DE,PE-->DE,PE-->DE,PE-->DE,PE-->DE,PE-->DE,PE-->DE,PE-->DE,PE-->DE,PE-->DE,PE-->DE,,,,,,,,,,,,,,,,,DE-->PE,DE-->PE,DE-->PE,DE-->PE,DE-->PE,DE-->PE,DE-->PE,DE-->PE,DE-->PE,DE-->PE,DE-->PE,DE-->PE,DE-->PE,DE-->PE,DE-->PE,DE-->PE,DE-->PE,DE-->PE,DE-->PE
PH,PHL,Philippines,Manila,Asia,South-Eastern Asia,,PH-->DE,PH-->DE,PH-->DE,PH-->DE,PH-->DE,PH-->DE,PH-->DE,PH-->DE,PH-->DE,PH-->DE,PH-->DE,PH-->DE,PH-->DE,PH-->DE,PH-->DE,PH-->DE,PH-->DE,PH-->DE,PH-->DE,,,,,,,,,,,,,,,,,DE-->PH,DE-->PH,DE-->PH,DE-->PH,DE-->PH,DE-->PH,DE-->PH,DE-->PH,DE-->PH,DE-->PH,DE-->PH,DE-->PH,DE-->PH,DE-->PH,DE-->PH,DE-->PH,DE-->PH,DE-->PH,DE-->PH
PN,PCN,Pitcairn Islands,Adamstown,Oceania,Polynesia,,PN-->DE,PN-->DE,PN-->DE,PN-->DE,PN-->DE,PN-->DE,PN-->DE,PN-->DE,PN-->DE,PN-->DE,PN-->DE,PN-->DE,PN-->DE,PN-->DE,PN-->DE,PN-->DE,PN-->DE,PN-->DE,PN-->DE,,,,,,,,,,,,,,,,,DE-->PN,DE-->PN,DE-->PN,DE-->PN,DE-->PN,DE-->PN,DE-->PN,DE-->PN,DE-->PN,DE-->PN,DE-->PN,DE-->PN,DE-->PN,DE-->PN,DE-->PN,DE-->PN,DE-->PN,DE-->PN,DE-->PN
PL,POL,Poland,Warsaw,Europe,Eastern Europe,,PL-->DE,PL-->DE,PL-->DE,PL-->DE,PL-->DE,PL-->DE,PL-->DE,PL-->DE,PL-->DE,PL-->DE,PL-->DE,PL-->DE,PL-->DE,PL-->DE,PL-->DE,PL-->DE,PL-->DE,PL-->DE,PL-->DE,,,,,,,,,,,,,,,,,DE-->PL,DE-->PL,DE-->PL,DE-->PL,DE-->PL,DE-->PL,DE-->PL,DE-->PL,DE-->PL,DE-->PL,DE-->PL,DE-->PL,DE-->PL,DE-->PL,DE-->PL,DE-->PL,DE-->PL,DE-->PL,DE-->PL
PT,PRT,Portugal,Lisbon,Europe,Southern Europe,,PT-->DE,PT-->DE,PT-->DE,PT-->DE,PT-->DE,PT-->DE,PT-->DE,PT-->DE,PT-->DE,PT-->DE,PT-->DE,PT-->DE,PT-->DE,PT-->DE,PT-->DE,PT-->DE,PT-->DE,PT-->DE,PT-->DE,,,,,,,,,,,,,,,,,DE-->PT,DE-->PT,DE-->PT,DE-->PT,DE-->PT,DE-->PT,DE-->PT,DE-->PT,DE-->PT,DE-->PT,DE-->PT,DE-->PT,DE-->PT,DE-->PT,DE-->PT,DE-->PT,DE-->PT,DE-->PT,DE-->PT
PR,PRI,Puerto Rico,San Juan,Americas,Caribbean,,PR-->DE,PR-->DE,PR-->DE,PR-->DE,PR-->DE,PR-->DE,PR-->DE,PR-->DE,PR-->DE,PR-->DE,PR-->DE,PR-->DE,PR-->DE,PR-->DE,PR-->DE,PR-->DE,PR-->DE,PR-->DE,PR-->DE,,,,,,,,,,,,,,,,,DE-->PR,DE-->PR,DE-->PR,DE-->PR,DE-->PR,DE-->PR,DE-->PR,DE-->PR,DE-->PR,DE-->PR,DE-->PR,DE-->PR,DE-->PR,DE-->PR,DE-->PR,DE-->PR,DE-->PR,DE-->PR,DE-->PR
QA,QAT,Qatar,Doha,Asia,Western Asia,,QA-->DE,QA-->DE,QA-->DE,QA-->DE,QA-->DE,QA-->DE,QA-->DE,QA-->DE,QA-->DE,QA-->DE,QA-->DE,QA-->DE,QA-->DE,QA-->DE,QA-->DE,QA-->DE,QA-->DE,QA-->DE,QA-->DE,,,,,,,,,,,,,,,,,DE-->QA,DE-->QA,DE-->QA,DE-->QA,DE-->QA,DE-->QA,DE-->QA,DE-->QA,DE-->QA,DE-->QA,DE-->QA,DE-->QA,DE-->QA,DE-->QA,DE-->QA,DE-->QA,DE-->QA,DE-->QA,DE-->QA
XK,KOS,Republic of Kosovo,Pristina,Europe,Eastern Europe,,XK-->DE,XK-->DE,XK-->DE,XK-->DE,XK-->DE,XK-->DE,XK-->DE,XK-->DE,XK-->DE,XK-->DE,XK-->DE,XK-->DE,XK-->DE,XK-->DE,XK-->DE,XK-->DE,XK-->DE,XK-->DE,XK-->DE,,,,,,,,,,,,,,,,,DE-->XK,DE-->XK,DE-->XK,DE-->XK,DE-->XK,DE-->XK,DE-->XK,DE-->XK,DE-->XK,DE-->XK,DE-->XK,DE-->XK,DE-->XK,DE-->XK,DE-->XK,DE-->XK,DE-->XK,DE-->XK,DE-->XK
RE,REU,Réunion,Saint-Denis,Africa,Eastern Africa,,RE-->DE,RE-->DE,RE-->DE,RE-->DE,RE-->DE,RE-->DE,RE-->DE,RE-->DE,RE-->DE,RE-->DE,RE-->DE,RE-->DE,RE-->DE,RE-->DE,RE-->DE,RE-->DE,RE-->DE,RE-->DE,RE-->DE,,,,,,,,,,,,,,,,,DE-->RE,DE-->RE,DE-->RE,DE-->RE,DE-->RE,DE-->RE,DE-->RE,DE-->RE,DE-->RE,DE-->RE,DE-->RE,DE-->RE,DE-->RE,DE-->RE,DE-->RE,DE-->RE,DE-->RE,DE-->RE,DE-->RE
RO,ROU,Romania,Bucharest,Europe,Eastern Europe,,RO-->DE,RO-->DE,RO-->DE,RO-->DE,RO-->DE,RO-->DE,RO-->DE,RO-->DE,RO-->DE,RO-->DE,RO-->DE,RO-->DE,RO-->DE,RO-->DE,RO-->DE,RO-->DE,RO-->DE,RO-->DE,RO-->DE,,,,,,,,,,,,,,,,,DE-->RO,DE-->RO,DE-->RO,DE-->RO,DE-->RO,DE-->RO,DE-->RO,DE-->RO,DE-->RO,DE-->RO,DE-->RO,DE-->RO,DE-->RO,DE-->RO,DE-->RO,DE-->RO,DE-->RO,DE-->RO,DE-->RO
RU,RUS,Russia,Moscow,Europe,Eastern Europe,,RU-->DE,RU-->DE,RU-->DE,RU-->DE,RU-->DE,RU-->DE,RU-->DE,RU-->DE,RU-->DE,RU-->DE,RU-->DE,RU-->DE,RU-->DE,RU-->DE,RU-->DE,RU-->DE,RU-->DE,RU-->DE,RU-->DE,,,,,,,,,,,,,,,,,DE-->RU,DE-->RU,DE-->RU,DE-->RU,DE-->RU,DE-->RU,DE-->RU,DE-->RU,DE-->RU,DE-->RU,DE-->RU,DE-->RU,DE-->RU,DE-->RU,DE-->RU,DE-->RU,DE-->RU,DE-->RU,DE-->RU
RW,RWA,Rwanda,Kigali,Africa,Eastern Africa,,RW-->DE,RW-->DE,RW-->DE,RW-->DE,RW-->DE,RW-->DE,RW-->DE,RW-->DE,RW-->DE,RW-->DE,RW-->DE,RW-->DE,RW-->DE,RW-->DE,RW-->DE,RW-->DE,RW-->DE,RW-->DE,RW-->DE,,,,,,,,,,,,,,,,,DE-->RW,DE-->RW,DE-->RW,DE-->RW,DE-->RW,DE-->RW,DE-->RW,DE-->RW,DE-->RW,DE-->RW,DE-->RW,DE-->RW,DE-->RW,DE-->RW,DE-->RW,DE-->RW,DE-->RW,DE-->RW,DE-->RW
BL,BLM,Saint Barthélemy,Gustavia,Americas,Caribbean,,BL-->DE,BL-->DE,BL-->DE,BL-->DE,BL-->DE,BL-->DE,BL-->DE,BL-->DE,BL-->DE,BL-->DE,BL-->DE,BL-->DE,BL-->DE,BL-->DE,BL-->DE,BL-->DE,BL-->DE,BL-->DE,BL-->DE,,,,,,,,,,,,,,,,,DE-->BL,DE-->BL,DE-->BL,DE-->BL,DE-->BL,DE-->BL,DE-->BL,DE-->BL,DE-->BL,DE-->BL,DE-->BL,DE-->BL,DE-->BL,DE-->BL,DE-->BL,DE-->BL,DE-->BL,DE-->BL,DE-->BL
SH,SHN,Saint Helena,Jamestown,Africa,Western Africa,,SH-->DE,SH-->DE,SH-->DE,SH-->DE,SH-->DE,SH-->DE,SH-->DE,SH-->DE,SH-->DE,SH-->DE,SH-->DE,SH-->DE,SH-->DE,SH-->DE,SH-->DE,SH-->DE,SH-->DE,SH-->DE,SH-->DE,,,,,,,,,,,,,,,,,DE-->SH,DE-->SH,DE-->SH,DE-->SH,DE-->SH,DE-->SH,DE-->SH,DE-->SH,DE-->SH,DE-->SH,DE-->SH,DE-->SH,DE-->SH,DE-->SH,DE-->SH,DE-->SH,DE-->SH,DE-->SH,DE-->SH
KN,KNA,Saint Kitts and Nevis,Basseterre,Americas,Caribbean,,KN-->DE,KN-->DE,KN-->DE,KN-->DE,KN-->DE,KN-->DE,KN-->DE,KN-->DE,KN-->DE,KN-->DE,KN-->DE,KN-->DE,KN-->DE,KN-->DE,KN-->DE,KN-->DE,KN-->DE,KN-->DE,KN-->DE,,,,,,,,,,,,,,,,,DE-->KN,DE-->KN,DE-->KN,DE-->KN,DE-->KN,DE-->KN,DE-->KN,DE-->KN,DE-->KN,DE-->KN,DE-->KN,DE-->KN,DE-->KN,DE-->KN,DE-->KN,DE-->KN,DE-->KN,DE-->KN,DE-->KN
LC,LCA,Saint Lucia,Castries,Americas,Caribbean,,LC-->DE,LC-->DE,LC-->DE,LC-->DE,LC-->DE,LC-->DE,LC-->DE,LC-->DE,LC-->DE,LC-->DE,LC-->DE,LC-->DE,LC-->DE,LC-->DE,LC-->DE,LC-->DE,LC-->DE,LC-->DE,LC-->DE,,,,,,,,,,,,,,,,,DE-->LC,DE-->LC,DE-->LC,DE-->LC,DE-->LC,DE-->LC,DE-->LC,DE-->LC,DE-->LC,DE-->LC,DE-->LC,DE-->LC,DE-->LC,DE-->LC,DE-->LC,DE-->LC,DE-->LC,DE-->LC,DE-->LC
MF,MAF,Saint Martin,Marigot,Americas,Caribbean,,MF-->DE,MF-->DE,MF-->DE,MF-->DE,MF-->DE,MF-->DE,MF-->DE,MF-->DE,MF-->DE,MF-->DE,MF-->DE,MF-->DE,MF-->DE,MF-->DE,MF-->DE,MF-->DE,MF-->DE,MF-->DE,MF-->DE,,,,,,,,,,,,,,,,,DE-->MF,DE-->MF,DE-->MF,DE-->MF,DE-->MF,DE-->MF,DE-->MF,DE-->MF,DE-->MF,DE-->MF,DE-->MF,DE-->MF,DE-->MF,DE-->MF,DE-->MF,DE-->MF,DE-->MF,DE-->MF,DE-->MF
PM,SPM,Saint Pierre and Miquelon,Saint-Pierre,Americas,Northern America,,PM-->DE,PM-->DE,PM-->DE,PM-->DE,PM-->DE,PM-->DE,PM-->DE,PM-->DE,PM-->DE,PM-->DE,PM-->DE,PM-->DE,PM-->DE,PM-->DE,PM-->DE,PM-->DE,PM-->DE,PM-->DE,PM-->DE,,,,,,,,,,,,,,,,,DE-->PM,DE-->PM,DE-->PM,DE-->PM,DE-->PM,DE-->PM,DE-->PM,DE-->PM,DE-->PM,DE-->PM,DE-->PM,DE-->PM,DE-->PM,DE-->PM,DE-->PM,DE-->PM,DE-->PM,DE-->PM,DE-->PM
VC,VCT,Saint Vincent and the Grenadines,Kingstown,Americas,Caribbean,,VC-->DE,VC-->DE,VC-->DE,VC-->DE,VC-->DE,VC-->DE,VC-->DE,VC-->DE,VC-->DE,VC-->DE,VC-->DE,VC-->DE,VC-->DE,VC-->DE,VC-->DE,VC-->DE,VC-->DE,VC-->DE,VC-->DE,,,,,,,,,,,,,,,,,DE-->VC,DE-->VC,DE-->VC,DE-->VC,DE-->VC,DE-->VC,DE-->VC,DE-->VC,DE-->VC,DE-->VC,DE-->VC,DE-->VC,DE-->VC,DE-->VC,DE-->VC,DE-->VC,DE-->VC,DE-->VC,DE-->VC
WS,WSM,Samoa,Apia,Oceania,Polynesia,,WS-->DE,WS-->DE,WS-->DE,WS-->DE,WS-->DE,WS-->DE,WS-->DE,WS-->DE,WS-->DE,WS-->DE,WS-->DE,WS-->DE,WS-->DE,WS-->DE,WS-->DE,WS-->DE,WS-->DE,WS-->DE,WS-->DE,,,,,,,,,,,,,,,,,DE-->WS,DE-->WS,DE-->WS,DE-->WS,DE-->WS,DE-->WS,DE-->WS,DE-->WS,DE-->WS,DE-->WS,DE-->WS,DE-->WS,DE-->WS,DE-->WS,DE-->WS,DE-->WS,DE-->WS,DE-->WS,DE-->WS
SM,SMR,San Marino,City of San Marino,Europe,Southern Europe,,SM-->DE,SM-->DE,SM-->DE,SM-->DE,SM-->DE,SM-->DE,SM-->DE,SM-->DE,SM-->DE,SM-->DE,SM-->DE,SM-->DE,SM-->DE,SM-->DE,SM-->DE,SM-->DE,SM-->DE,SM-->DE,SM-->DE,,,,,,,,,,,,,,,,,DE-->SM,DE-->SM,DE-->SM,DE-->SM,DE-->SM,DE-->SM,DE-->SM,DE-->SM,DE-->SM,DE-->SM,DE-->SM,DE-->SM,DE-->SM,DE-->SM,DE-->SM,DE-->SM,DE-->SM,DE-->SM,DE-->SM
ST,STP,São Tomé and Príncipe,São Tomé,Africa,Middle Africa,,ST-->DE,ST-->DE,ST-->DE,ST-->DE,ST-->DE,ST-->DE,ST-->DE,ST-->DE,ST-->DE,ST-->DE,ST-->DE,ST-->DE,ST-->DE,ST-->DE,ST-->DE,ST-->DE,ST-->DE,ST-->DE,ST-->DE,,,,,,,,,,,,,,,,,DE-->ST,DE-->ST,DE-->ST,DE-->ST,DE-->ST,DE-->ST,DE-->ST,DE-->ST,DE-->ST,DE-->ST,DE-->ST,DE-->ST,DE-->ST,DE-->ST,DE-->ST,DE-->ST,DE-->ST,DE-->ST,DE-->ST
SA,SAU,Saudi Arabia,Riyadh,Asia,Western Asia,,SA-->DE,SA-->DE,SA-->DE,SA-->DE,SA-->DE,SA-->DE,SA-->DE,SA-->DE,SA-->DE,SA-->DE,SA-->DE,SA-->DE,SA-->DE,SA-->DE,SA-->DE,SA-->DE,SA-->DE,SA-->DE,SA-->DE,,,,,,,,,,,,,,,,,DE-->SA,DE-->SA,DE-->SA,DE-->SA,DE-->SA,DE-->SA,DE-->SA,DE-->SA,DE-->SA,DE-->SA,DE-->SA,DE-->SA,DE-->SA,DE-->SA,DE-->SA,DE-->SA,DE-->SA,DE-->SA,DE-->SA
SN,SEN,Senegal,Dakar,Africa,Western Africa,,SN-->DE,SN-->DE,SN-->DE,SN-->DE,SN-->DE,SN-->DE,SN-->DE,SN-->DE,SN-->DE,SN-->DE,SN-->DE,SN-->DE,SN-->DE,SN-->DE,SN-->DE,SN-->DE,SN-->DE,SN-->DE,SN-->DE,,,,,,,,,,,,,,,,,DE-->SN,DE-->SN,DE-->SN,DE-->SN,DE-->SN,DE-->SN,DE-->SN,DE-->SN,DE-->SN,DE-->SN,DE-->SN,DE-->SN,DE-->SN,DE-->SN,DE-->SN,DE-->SN,DE-->SN,DE-->SN,DE-->SN
RS,SRB,Serbia,Belgrade,Europe,Southern Europe,,RS-->DE,RS-->DE,RS-->DE,RS-->DE,RS-->DE,RS-->DE,RS-->DE,RS-->DE,RS-->DE,RS-->DE,RS-->DE,RS-->DE,RS-->DE,RS-->DE,RS-->DE,RS-->DE,RS-->DE,RS-->DE,RS-->DE,,,,,,,,,,,,,,,,,DE-->RS,DE-->RS,DE-->RS,DE-->RS,DE-->RS,DE-->RS,DE-->RS,DE-->RS,DE-->RS,DE-->RS,DE-->RS,DE-->RS,DE-->RS,DE-->RS,DE-->RS,DE-->RS,DE-->RS,DE-->RS,DE-->RS
SC,SYC,Seychelles,Victoria,Africa,Eastern Africa,,SC-->DE,SC-->DE,SC-->DE,SC-->DE,SC-->DE,SC-->DE,SC-->DE,SC-->DE,SC-->DE,SC-->DE,SC-->DE,SC-->DE,SC-->DE,SC-->DE,SC-->DE,SC-->DE,SC-->DE,SC-->DE,SC-->DE,,,,,,,,,,,,,,,,,DE-->SC,DE-->SC,DE-->SC,DE-->SC,DE-->SC,DE-->SC,DE-->SC,DE-->SC,DE-->SC,DE-->SC,DE-->SC,DE-->SC,DE-->SC,DE-->SC,DE-->SC,DE-->SC,DE-->SC,DE-->SC,DE-->SC
SL,SLE,Sierra Leone,Freetown,Africa,Western Africa,,SL-->DE,SL-->DE,SL-->DE,SL-->DE,SL-->DE,SL-->DE,SL-->DE,SL-->DE,SL-->DE,SL-->DE,SL-->DE,SL-->DE,SL-->DE,SL-->DE,SL-->DE,SL-->DE,SL-->DE,SL-->DE,SL-->DE,,,,,,,,,,,,,,,,,DE-->SL,DE-->SL,DE-->SL,DE-->SL,DE-->SL,DE-->SL,DE-->SL,DE-->SL,DE-->SL,DE-->SL,DE-->SL,DE-->SL,DE-->SL,DE-->SL,DE-->SL,DE-->SL,DE-->SL,DE-->SL,DE-->SL
SG,SGP,Singapore,Singapore,Asia,South-Eastern Asia,,SG-->DE,SG-->DE,SG-->DE,SG-->DE,SG-->DE,SG-->DE,SG-->DE,SG-->DE,SG-->DE,SG-->DE,SG-->DE,SG-->DE,SG-->DE,SG-->DE,SG-->DE,SG-->DE,SG-->DE,SG-->DE,SG-->DE,,,,,,,,,,,,,,,,,DE-->SG,DE-->SG,DE-->SG,DE-->SG,DE-->SG,DE-->SG,DE-->SG,DE-->SG,DE-->SG,DE-->SG,DE-->SG,DE-->SG,DE-->SG,DE-->SG,DE-->SG,DE-->SG,DE-->SG,DE-->SG,DE-->SG
SX,SXM,Sint Maarten,Philipsburg,Americas,Caribbean,,SX-->DE,SX-->DE,SX-->DE,SX-->DE,SX-->DE,SX-->DE,SX-->DE,SX-->DE,SX-->DE,SX-->DE,SX-->DE,SX-->DE,SX-->DE,SX-->DE,SX-->DE,SX-->DE,SX-->DE,SX-->DE,SX-->DE,,,,,,,,,,,,,,,,,DE-->SX,DE-->SX,DE-->SX,DE-->SX,DE-->SX,DE-->SX,DE-->SX,DE-->SX,DE-->SX,DE-->SX,DE-->SX,DE-->SX,DE-->SX,DE-->SX,DE-->SX,DE-->SX,DE-->SX,DE-->SX,DE-->SX
SK,SVK,Slovakia,Bratislava,Europe,Eastern Europe,,SK-->DE,SK-->DE,SK-->DE,SK-->DE,SK-->DE,SK-->DE,SK-->DE,SK-->DE,SK-->DE,SK-->DE,SK-->DE,SK-->DE,SK-->DE,SK-->DE,SK-->DE,SK-->DE,SK-->DE,SK-->DE,SK-->DE,,,,,,,,,,,,,,,,,DE-->SK,DE-->SK,DE-->SK,DE-->SK,DE-->SK,DE-->SK,DE-->SK,DE-->SK,DE-->SK,DE-->SK,DE-->SK,DE-->SK,DE-->SK,DE-->SK,DE-->SK,DE-->SK,DE-->SK,DE-->SK,DE-->SK
SI,SVN,Slovenia,Ljubljana,Europe,Southern Europe,,SI-->DE,SI-->DE,SI-->DE,SI-->DE,SI-->DE,SI-->DE,SI-->DE,SI-->DE,SI-->DE,SI-->DE,SI-->DE,SI-->DE,SI-->DE,SI-->DE,SI-->DE,SI-->DE,SI-->DE,SI-->DE,SI-->DE,,,,,,,,,,,,,,,,,DE-->SI,DE-->SI,DE-->SI,DE-->SI,DE-->SI,DE-->SI,DE-->SI,DE-->SI,DE-->SI,DE-->SI,DE-->SI,DE-->SI,DE-->SI,DE-->SI,DE-->SI,DE-->SI,DE-->SI,DE-->SI,DE-->SI
SB,SLB,Solomon Islands,Honiara,Oceania,Melanesia,,SB-->DE,SB-->DE,SB-->DE,SB-->DE,SB-->DE,SB-->DE,SB-->DE,SB-->DE,SB-->DE,SB-->DE,SB-->DE,SB-->DE,SB-->DE,SB-->DE,SB-->DE,SB-->DE,SB-->DE,SB-->DE,SB-->DE,,,,,,,,,,,,,,,,,DE-->SB,DE-->SB,DE-->SB,DE-->SB,DE-->SB,DE-->SB,DE-->SB,DE-->SB,DE-->SB,DE-->SB,DE-->SB,DE-->SB,DE-->SB,DE-->SB,DE-->SB,DE-->SB,DE-->SB,DE-->SB,DE-->SB
SO,SOM,Somalia,Mogadishu,Africa,Eastern Africa,,SO-->DE,SO-->DE,SO-->DE,SO-->DE,SO-->DE,SO-->DE,SO-->DE,SO-->DE,SO-->DE,SO-->DE,SO-->DE,SO-->DE,SO-->DE,SO-->DE,SO-->DE,SO-->DE,SO-->DE,SO-->DE,SO-->DE,,,,,,,,,,,,,,,,,DE-->SO,DE-->SO,DE-->SO,DE-->SO,DE-->SO,DE-->SO,DE-->SO,DE-->SO,DE-->SO,DE-->SO,DE-->SO,DE-->SO,DE-->SO,DE-->SO,DE-->SO,DE-->SO,DE-->SO,DE-->SO,DE-->SO
ZA,ZAF,South Africa,Pretoria,Africa,Southern Africa,,ZA-->DE,ZA-->DE,ZA-->DE,ZA-->DE,ZA-->DE,ZA-->DE,ZA-->DE,ZA-->DE,ZA-->DE,ZA-->DE,ZA-->DE,ZA-->DE,ZA-->DE,ZA-->DE,ZA-->DE,ZA-->DE,ZA-->DE,ZA-->DE,ZA-->DE,,,,,,,,,,,,,,,,,DE-->ZA,DE-->ZA,DE-->ZA,DE-->ZA,DE-->ZA,DE-->ZA,DE-->ZA,DE-->ZA,DE-->ZA,DE-->ZA,DE-->ZA,DE-->ZA,DE-->ZA,DE-->ZA,DE-->ZA,DE-->ZA,DE-->ZA,DE-->ZA,DE-->ZA
GS,SGS,South Georgia,King Edward Point,Americas,South America,,GS-->DE,GS-->DE,GS-->DE,GS-->DE,GS-->DE,GS-->DE,GS-->DE,GS-->DE,GS-->DE,GS-->DE,GS-->DE,GS-->DE,GS-->DE,GS-->DE,GS-->DE,GS-->DE,GS-->DE,GS-->DE,GS-->DE,,,,,,,,,,,,,,,,,DE-->GS,DE-->GS,DE-->GS,DE-->GS,DE-->GS,DE-->GS,DE-->GS,DE-->GS,DE-->GS,DE-->GS,DE-->GS,DE-->GS,DE-->GS,DE-->GS,DE-->GS,DE-->GS,DE-->GS,DE-->GS,DE-->GS
KR,KOR,South Korea,Seoul,Asia,Eastern Asia,,KR-->DE,KR-->DE,KR-->DE,KR-->DE,KR-->DE,KR-->DE,KR-->DE,KR-->DE,KR-->DE,KR-->DE,KR-->DE,KR-->DE,KR-->DE,KR-->DE,KR-->DE,KR-->DE,KR-->DE,KR-->DE,KR-->DE,,,,,,,,,,,,,,,,,DE-->KR,DE-->KR,DE-->KR,DE-->KR,DE-->KR,DE-->KR,DE-->KR,DE-->KR,DE-->KR,DE-->KR,DE-->KR,DE-->KR,DE-->KR,DE-->KR,DE-->KR,DE-->KR,DE-->KR,DE-->KR,DE-->KR
SS,SSD,South Sudan,Juba,Africa,Middle Africa,,SS-->DE,SS-->DE,SS-->DE,SS-->DE,SS-->DE,SS-->DE,SS-->DE,SS-->DE,SS-->DE,SS-->DE,SS-->DE,SS-->DE,SS-->DE,SS-->DE,SS-->DE,SS-->DE,SS-->DE,SS-->DE,SS-->DE,,,,,,,,,,,,,,,,,DE-->SS,DE-->SS,DE-->SS,DE-->SS,DE-->SS,DE-->SS,DE-->SS,DE-->SS,DE-->SS,DE-->SS,DE-->SS,DE-->SS,DE-->SS,DE-->SS,DE-->SS,DE-->SS,DE-->SS,DE-->SS,DE-->SS
ES,ESP,Spain,Madrid,Europe,Southern Europe,,ES-->DE,ES-->DE,ES-->DE,ES-->DE,ES-->DE,ES-->DE,ES-->DE,ES-->DE,ES-->DE,ES-->DE,ES-->DE,ES-->DE,ES-->DE,ES-->DE,ES-->DE,ES-->DE,ES-->DE,ES-->DE,ES-->DE,,,,,,,,,,,,,,,,,DE-->ES,DE-->ES,DE-->ES,DE-->ES,DE-->ES,DE-->ES,DE-->ES,DE-->ES,DE-->ES,DE-->ES,DE-->ES,DE-->ES,DE-->ES,DE-->ES,DE-->ES,DE-->ES,DE-->ES,DE-->ES,DE-->ES
LK,LKA,Sri Lanka,Colombo,Asia,Southern Asia,,LK-->DE,LK-->DE,LK-->DE,LK-->DE,LK-->DE,LK-->DE,LK-->DE,LK-->DE,LK-->DE,LK-->DE,LK-->DE,LK-->DE,LK-->DE,LK-->DE,LK-->DE,LK-->DE,LK-->DE,LK-->DE,LK-->DE,,,,,,,,,,,,,,,,,DE-->LK,DE-->LK,DE-->LK,DE-->LK,DE-->LK,DE-->LK,DE-->LK,DE-->LK,DE-->LK,DE-->LK,DE-->LK,DE-->LK,DE-->LK,DE-->LK,DE-->LK,DE-->LK,DE-->LK,DE-->LK,DE-->LK
SD,SDN,Sudan,Khartoum,Africa,Northern Africa,,SD-->DE,SD-->DE,SD-->DE,SD-->DE,SD-->DE,SD-->DE,SD-->DE,SD-->DE,SD-->DE,SD-->DE,SD-->DE,SD-->DE,SD-->DE,SD-->DE,SD-->DE,SD-->DE,SD-->DE,SD-->DE,SD-->DE,,,,,,,,,,,,,,,,,DE-->SD,DE-->SD,DE-->SD,DE-->SD,DE-->SD,DE-->SD,DE-->SD,DE-->SD,DE-->SD,DE-->SD,DE-->SD,DE-->SD,DE-->SD,DE-->SD,DE-->SD,DE-->SD,DE-->SD,DE-->SD,DE-->SD
SR,SUR,Suriname,Paramaribo,Americas,South America,,SR-->DE,SR-->DE,SR-->DE,SR-->DE,SR-->DE,SR-->DE,SR-->DE,SR-->DE,SR-->DE,SR-->DE,SR-->DE,SR-->DE,SR-->DE,SR-->DE,SR-->DE,SR-->DE,SR-->DE,SR-->DE,SR-->DE,,,,,,,,,,,,,,,,,DE-->SR,DE-->SR,DE-->SR,DE-->SR,DE-->SR,DE-->SR,DE-->SR,DE-->SR,DE-->SR,DE-->SR,DE-->SR,DE-->SR,DE-->SR,DE-->SR,DE-->SR,DE-->SR,DE-->SR,DE-->SR,DE-->SR
SJ,SJM,Svalbard and Jan Mayen,Longyearbyen,Europe,Northern Europe,,SJ-->DE,SJ-->DE,SJ-->DE,SJ-->DE,SJ-->DE,SJ-->DE,SJ-->DE,SJ-->DE,SJ-->DE,SJ-->DE,SJ-->DE,SJ-->DE,SJ-->DE,SJ-->DE,SJ-->DE,SJ-->DE,SJ-->DE,SJ-->DE,SJ-->DE,,,,,,,,,,,,,,,,,DE-->SJ,DE-->SJ,DE-->SJ,DE-->SJ,DE-->SJ,DE-->SJ,DE-->SJ,DE-->SJ,DE-->SJ,DE-->SJ,DE-->SJ,DE-->SJ,DE-->SJ,DE-->SJ,DE-->SJ,DE-->SJ,DE-->SJ,DE-->SJ,DE-->SJ
SZ,SWZ,Swaziland,Lobamba,Africa,Southern Africa,,SZ-->DE,SZ-->DE,SZ-->DE,SZ-->DE,SZ-->DE,SZ-->DE,SZ-->DE,SZ-->DE,SZ-->DE,SZ-->DE,SZ-->DE,SZ-->DE,SZ-->DE,SZ-->DE,SZ-->DE,SZ-->DE,SZ-->DE,SZ-->DE,SZ-->DE,,,,,,,,,,,,,,,,,DE-->SZ,DE-->SZ,DE-->SZ,DE-->SZ,DE-->SZ,DE-->SZ,DE-->SZ,DE-->SZ,DE-->SZ,DE-->SZ,DE-->SZ,DE-->SZ,DE-->SZ,DE-->SZ,DE-->SZ,DE-->SZ,DE-->SZ,DE-->SZ,DE-->SZ
SE,SWE,Sweden,Stockholm,Europe,Northern Europe,,SE-->DE,SE-->DE,SE-->DE,SE-->DE,SE-->DE,SE-->DE,SE-->DE,SE-->DE,SE-->DE,SE-->DE,SE-->DE,SE-->DE,SE-->DE,SE-->DE,SE-->DE,SE-->DE,SE-->DE,SE-->DE,SE-->DE,,,,,,,,,,,,,,,,,DE-->SE,DE-->SE,DE-->SE,DE-->SE,DE-->SE,DE-->SE,DE-->SE,DE-->SE,DE-->SE,DE-->SE,DE-->SE,DE-->SE,DE-->SE,DE-->SE,DE-->SE,DE-->SE,DE-->SE,DE-->SE,DE-->SE
CH,CHE,Switzerland,Bern,Europe,Western Europe,,CH-->DE,CH-->DE,CH-->DE,CH-->DE,CH-->DE,CH-->DE,CH-->DE,CH-->DE,CH-->DE,CH-->DE,CH-->DE,CH-->DE,CH-->DE,CH-->DE,CH-->DE,CH-->DE,CH-->DE,CH-->DE,CH-->DE,,,,,,,,,,,,,,,,,DE-->CH,DE-->CH,DE-->CH,DE-->CH,DE-->CH,DE-->CH,DE-->CH,DE-->CH,DE-->CH,DE-->CH,DE-->CH,DE-->CH,DE-->CH,DE-->CH,DE-->CH,DE-->CH,DE-->CH,DE-->CH,DE-->CH
SY,SYR,Syria,Damascus,Asia,Western Asia,,SY-->DE,SY-->DE,SY-->DE,SY-->DE,SY-->DE,SY-->DE,SY-->DE,SY-->DE,SY-->DE,SY-->DE,SY-->DE,SY-->DE,SY-->DE,SY-->DE,SY-->DE,SY-->DE,SY-->DE,SY-->DE,SY-->DE,,,,,,,,,,,,,,,,,DE-->SY,DE-->SY,DE-->SY,DE-->SY,DE-->SY,DE-->SY,DE-->SY,DE-->SY,DE-->SY,DE-->SY,DE-->SY,DE-->SY,DE-->SY,DE-->SY,DE-->SY,DE-->SY,DE-->SY,DE-->SY,DE-->SY
TW,TWN,Taiwan,Taipei,Asia,Eastern Asia,,TW-->DE,TW-->DE,TW-->DE,TW-->DE,TW-->DE,TW-->DE,TW-->DE,TW-->DE,TW-->DE,TW-->DE,TW-->DE,TW-->DE,TW-->DE,TW-->DE,TW-->DE,TW-->DE,TW-->DE,TW-->DE,TW-->DE,,,,,,,,,,,,,,,,,DE-->TW,DE-->TW,DE-->TW,DE-->TW,DE-->TW,DE-->TW,DE-->TW,DE-->TW,DE-->TW,DE-->TW,DE-->TW,DE-->TW,DE-->TW,DE-->TW,DE-->TW,DE-->TW,DE-->TW,DE-->TW,DE-->TW
TJ,TJK,Tajikistan,Dushanbe,Asia,Central Asia,,TJ-->DE,TJ-->DE,TJ-->DE,TJ-->DE,TJ-->DE,TJ-->DE,TJ-->DE,TJ-->DE,TJ-->DE,TJ-->DE,TJ-->DE,TJ-->DE,TJ-->DE,TJ-->DE,TJ-->DE,TJ-->DE,TJ-->DE,TJ-->DE,TJ-->DE,,,,,,,,,,,,,,,,,DE-->TJ,DE-->TJ,DE-->TJ,DE-->TJ,DE-->TJ,DE-->TJ,DE-->TJ,DE-->TJ,DE-->TJ,DE-->TJ,DE-->TJ,DE-->TJ,DE-->TJ,DE-->TJ,DE-->TJ,DE-->TJ,DE-->TJ,DE-->TJ,DE-->TJ
TZ,TZA,Tanzania,Dodoma,Africa,Eastern Africa,,TZ-->DE,TZ-->DE,TZ-->DE,TZ-->DE,TZ-->DE,TZ-->DE,TZ-->DE,TZ-->DE,TZ-->DE,TZ-->DE,TZ-->DE,TZ-->DE,TZ-->DE,TZ-->DE,TZ-->DE,TZ-->DE,TZ-->DE,TZ-->DE,TZ-->DE,,,,,,,,,,,,,,,,,DE-->TZ,DE-->TZ,DE-->TZ,DE-->TZ,DE-->TZ,DE-->TZ,DE-->TZ,DE-->TZ,DE-->TZ,DE-->TZ,DE-->TZ,DE-->TZ,DE-->TZ,DE-->TZ,DE-->TZ,DE-->TZ,DE-->TZ,DE-->TZ,DE-->TZ
TH,THA,Thailand,Bangkok,Asia,South-Eastern Asia,,TH-->DE,TH-->DE,TH-->DE,TH-->DE,TH-->DE,TH-->DE,TH-->DE,TH-->DE,TH-->DE,TH-->DE,TH-->DE,TH-->DE,TH-->DE,TH-->DE,TH-->DE,TH-->DE,TH-->DE,TH-->DE,TH-->DE,,,,,,,,,,,,,,,,,DE-->TH,DE-->TH,DE-->TH,DE-->TH,DE-->TH,DE-->TH,DE-->TH,DE-->TH,DE-->TH,DE-->TH,DE-->TH,DE-->TH,DE-->TH,DE-->TH,DE-->TH,DE-->TH,DE-->TH,DE-->TH,DE-->TH
TL,TLS,East Timor,Dili,Asia,South-Eastern Asia,,TL-->DE,TL-->DE,TL-->DE,TL-->DE,TL-->DE,TL-->DE,TL-->DE,TL-->DE,TL-->DE,TL-->DE,TL-->DE,TL-->DE,TL-->DE,TL-->DE,TL-->DE,TL-->DE,TL-->DE,TL-->DE,TL-->DE,,,,,,,,,,,,,,,,,DE-->TL,DE-->TL,DE-->TL,DE-->TL,DE-->TL,DE-->TL,DE-->TL,DE-->TL,DE-->TL,DE-->TL,DE-->TL,DE-->TL,DE-->TL,DE-->TL,DE-->TL,DE-->TL,DE-->TL,DE-->TL,DE-->TL
TG,TGO,Togo,Lomé,Africa,Western Africa,,TG-->DE,TG-->DE,TG-->DE,TG-->DE,TG-->DE,TG-->DE,TG-->DE,TG-->DE,TG-->DE,TG-->DE,TG-->DE,TG-->DE,TG-->DE,TG-->DE,TG-->DE,TG-->DE,TG-->DE,TG-->DE,TG-->DE,,,,,,,,,,,,,,,,,DE-->TG,DE-->TG,DE-->TG,DE-->TG,DE-->TG,DE-->TG,DE-->TG,DE-->TG,DE-->TG,DE-->TG,DE-->TG,DE-->TG,DE-->TG,DE-->TG,DE-->TG,DE-->TG,DE-->TG,DE-->TG,DE-->TG
TK,TKL,Tokelau,Fakaofo,Oceania,Polynesia,,TK-->DE,TK-->DE,TK-->DE,TK-->DE,TK-->DE,TK-->DE,TK-->DE,TK-->DE,TK-->DE,TK-->DE,TK-->DE,TK-->DE,TK-->DE,TK-->DE,TK-->DE,TK-->DE,TK-->DE,TK-->DE,TK-->DE,,,,,,,,,,,,,,,,,DE-->TK,DE-->TK,DE-->TK,DE-->TK,DE-->TK,DE-->TK,DE-->TK,DE-->TK,DE-->TK,DE-->TK,DE-->TK,DE-->TK,DE-->TK,DE-->TK,DE-->TK,DE-->TK,DE-->TK,DE-->TK,DE-->TK
TO,TON,Tonga,Nuku'alofa,Oceania,Polynesia,,TO-->DE,TO-->DE,TO-->DE,TO-->DE,TO-->DE,TO-->DE,TO-->DE,TO-->DE,TO-->DE,TO-->DE,TO-->DE,TO-->DE,TO-->DE,TO-->DE,TO-->DE,TO-->DE,TO-->DE,TO-->DE,TO-->DE,,,,,,,,,,,,,,,,,DE-->TO,DE-->TO,DE-->TO,DE-->TO,DE-->TO,DE-->TO,DE-->TO,DE-->TO,DE-->TO,DE-->TO,DE-->TO,DE-->TO,DE-->TO,DE-->TO,DE-->TO,DE-->TO,DE-->TO,DE-->TO,DE-->TO
TT,TTO,Trinidad and Tobago,Port of Spain,Americas,Caribbean,,TT-->DE,TT-->DE,TT-->DE,TT-->DE,TT-->DE,TT-->DE,TT-->DE,TT-->DE,TT-->DE,TT-->DE,TT-->DE,TT-->DE,TT-->DE,TT-->DE,TT-->DE,TT-->DE,TT-->DE,TT-->DE,TT-->DE,,,,,,,,,,,,,,,,,DE-->TT,DE-->TT,DE-->TT,DE-->TT,DE-->TT,DE-->TT,DE-->TT,DE-->TT,DE-->TT,DE-->TT,DE-->TT,DE-->TT,DE-->TT,DE-->TT,DE-->TT,DE-->TT,DE-->TT,DE-->TT,DE-->TT
TN,TUN,Tunisia,Tunis,Africa,Northern Africa,,TN-->DE,TN-->DE,TN-->DE,TN-->DE,TN-->DE,TN-->DE,TN-->DE,TN-->DE,TN-->DE,TN-->DE,TN-->DE,TN-->DE,TN-->DE,TN-->DE,TN-->DE,TN-->DE,TN-->DE,TN-->DE,TN-->DE,,,,,,,,,,,,,,,,,DE-->TN,DE-->TN,DE-->TN,DE-->TN,DE-->TN,DE-->TN,DE-->TN,DE-->TN,DE-->TN,DE-->TN,DE-->TN,DE-->TN,DE-->TN,DE-->TN,DE-->TN,DE-->TN,DE-->TN,DE-->TN,DE-->TN
TR,TUR,Turkey,Ankara,Asia,Western Asia,,TR-->DE,TR-->DE,TR-->DE,TR-->DE,TR-->DE,TR-->DE,TR-->DE,TR-->DE,TR-->DE,TR-->DE,TR-->DE,TR-->DE,TR-->DE,TR-->DE,TR-->DE,TR-->DE,TR-->DE,TR-->DE,TR-->DE,,,,,,,,,,,,,,,,,DE-->TR,DE-->TR,DE-->TR,DE-->TR,DE-->TR,DE-->TR,DE-->TR,DE-->TR,DE-->TR,DE-->TR,DE-->TR,DE-->TR,DE-->TR,DE-->TR,DE-->TR,DE-->TR,DE-->TR,DE-->TR,DE-->TR
TM,TKM,Turkmenistan,Ashgabat,Asia,Central Asia,,TM-->DE,TM-->DE,TM-->DE,TM-->DE,TM-->DE,TM-->DE,TM-->DE,TM-->DE,TM-->DE,TM-->DE,TM-->DE,TM-->DE,TM-->DE,TM-->DE,TM-->DE,TM-->DE,TM-->DE,TM-->DE,TM-->DE,,,,,,,,,,,,,,,,,DE-->TM,DE-->TM,DE-->TM,DE-->TM,DE-->TM,DE-->TM,DE-->TM,DE-->TM,DE-->TM,DE-->TM,DE-->TM,DE-->TM,DE-->TM,DE-->TM,DE-->TM,DE-->TM,DE-->TM,DE-->TM,DE-->TM
TC,TCA,Turks and Caicos Islands,Cockburn Town,Americas,Caribbean,,TC-->DE,TC-->DE,TC-->DE,TC-->DE,TC-->DE,TC-->DE,TC-->DE,TC-->DE,TC-->DE,TC-->DE,TC-->DE,TC-->DE,TC-->DE,TC-->DE,TC-->DE,TC-->DE,TC-->DE,TC-->DE,TC-->DE,,,,,,,,,,,,,,,,,DE-->TC,DE-->TC,DE-->TC,DE-->TC,DE-->TC,DE-->TC,DE-->TC,DE-->TC,DE-->TC,DE-->TC,DE-->TC,DE-->TC,DE-->TC,DE-->TC,DE-->TC,DE-->TC,DE-->TC,DE-->TC,DE-->TC
TV,TUV,Tuvalu,Funafuti,Oceania,Polynesia,,TV-->DE,TV-->DE,TV-->DE,TV-->DE,TV-->DE,TV-->DE,TV-->DE,TV-->DE,TV-->DE,TV-->DE,TV-->DE,TV-->DE,TV-->DE,TV-->DE,TV-->DE,TV-->DE,TV-->DE,TV-->DE,TV-->DE,,,,,,,,,,,,,,,,,DE-->TV,DE-->TV,DE-->TV,DE-->TV,DE-->TV,DE-->TV,DE-->TV,DE-->TV,DE-->TV,DE-->TV,DE-->TV,DE-->TV,DE-->TV,DE-->TV,DE-->TV,DE-->TV,DE-->TV,DE-->TV,DE-->TV
UG,UGA,Uganda,Kampala,Africa,Eastern Africa,,UG-->DE,UG-->DE,UG-->DE,UG-->DE,UG-->DE,UG-->DE,UG-->DE,UG-->DE,UG-->DE,UG-->DE,UG-->DE,UG-->DE,UG-->DE,UG-->DE,UG-->DE,UG-->DE,UG-->DE,UG-->DE,UG-->DE,,,,,,,,,,,,,,,,,DE-->UG,DE-->UG,DE-->UG,DE-->UG,DE-->UG,DE-->UG,DE-->UG,DE-->UG,DE-->UG,DE-->UG,DE-->UG,DE-->UG,DE-->UG,DE-->UG,DE-->UG,DE-->UG,DE-->UG,DE-->UG,DE-->UG
UA,UKR,Ukraine,Kiev,Europe,Eastern Europe,,UA-->DE,UA-->DE,UA-->DE,UA-->DE,UA-->DE,UA-->DE,UA-->DE,UA-->DE,UA-->DE,UA-->DE,UA-->DE,UA-->DE,UA-->DE,UA-->DE,UA-->DE,UA-->DE,UA-->DE,UA-->DE,UA-->DE,,,,,,,,,,,,,,,,,DE-->UA,DE-->UA,DE-->UA,DE-->UA,DE-->UA,DE-->UA,DE-->UA,DE-->UA,DE-->UA,DE-->UA,DE-->UA,DE-->UA,DE-->UA,DE-->UA,DE-->UA,DE-->UA,DE-->UA,DE-->UA,DE-->UA
AE,ARE,United Arab Emirates,Abu Dhabi,Asia,Western Asia,,AE-->DE,AE-->DE,AE-->DE,AE-->DE,AE-->DE,AE-->DE,AE-->DE,AE-->DE,AE-->DE,AE-->DE,AE-->DE,AE-->DE,AE-->DE,AE-->DE,AE-->DE,AE-->DE,AE-->DE,AE-->DE,AE-->DE,,,,,,,,,,,,,,,,,DE-->AE,DE-->AE,DE-->AE,DE-->AE,DE-->AE,DE-->AE,DE-->AE,DE-->AE,DE-->AE,DE-->AE,DE-->AE,DE-->AE,DE-->AE,DE-->AE,DE-->AE,DE-->AE,DE-->AE,DE-->AE,DE-->AE
GB,GBR,United Kingdom,London,Europe,Northern Europe,,GB-->DE,GB-->DE,GB-->DE,GB-->DE,GB-->DE,GB-->DE,GB-->DE,GB-->DE,GB-->DE,GB-->DE,GB-->DE,GB-->DE,GB-->DE,GB-->DE,GB-->DE,GB-->DE,GB-->DE,GB-->DE,GB-->DE,,,,,,,,,,,,,,,,,DE-->GB,DE-->GB,DE-->GB,DE-->GB,DE-->GB,DE-->GB,DE-->GB,DE-->GB,DE-->GB,DE-->GB,DE-->GB,DE-->GB,DE-->GB,DE-->GB,DE-->GB,DE-->GB,DE-->GB,DE-->GB,DE-->GB
US,USA,United States,"Washington, D.C.",Americas,Northern America,,US-->DE,US-->DE,US-->DE,US-->DE,US-->DE,US-->DE,US-->DE,US-->DE,US-->DE,US-->DE,US-->DE,US-->DE,US-->DE,US-->DE,US-->DE,US-->DE,US-->DE,US-->DE,US-->DE,,,,,,,,,,,,,,,,,DE-->US,DE-->US,DE-->US,DE-->US,DE-->US,DE-->US,DE-->US,DE-->US,DE-->US,DE-->US,DE-->US,DE-->US,DE-->US,DE-->US,DE-->US,DE-->US,DE-->US,DE-->US,DE-->US
UY,URY,Uruguay,Montevideo,Americas,South America,,UY-->DE,UY-->DE,UY-->DE,UY-->DE,UY-->DE,UY-->DE,UY-->DE,UY-->DE,UY-->DE,UY-->DE,UY-->DE,UY-->DE,UY-->DE,UY-->DE,UY-->DE,UY-->DE,UY-->DE,UY-->DE,UY-->DE,,,,,,,,,,,,,,,,,DE-->UY,DE-->UY,DE-->UY,DE-->UY,DE-->UY,DE-->UY,DE-->UY,DE-->UY,DE-->UY,DE-->UY,DE-->UY,DE-->UY,DE-->UY,DE-->UY,DE-->UY,DE-->UY,DE-->UY,DE-->UY,DE-->UY
UZ,UZB,Uzbekistan,Tashkent,Asia,Central Asia,,UZ-->DE,UZ-->DE,UZ-->DE,UZ-->DE,UZ-->DE,UZ-->DE,UZ-->DE,UZ-->DE,UZ-->DE,UZ-->DE,UZ-->DE,UZ-->DE,UZ-->DE,UZ-->DE,UZ-->DE,UZ-->DE,UZ-->DE,UZ-->DE,UZ-->DE,,,,,,,,,,,,,,,,,DE-->UZ,DE-->UZ,DE-->UZ,DE-->UZ,DE-->UZ,DE-->UZ,DE-->UZ,DE-->UZ,DE-->UZ,DE-->UZ,DE-->UZ,DE-->UZ,DE-->UZ,DE-->UZ,DE-->UZ,DE-->UZ,DE-->UZ,DE-->UZ,DE-->UZ
VU,VUT,Vanuatu,Port Vila,Oceania,Melanesia,,VU-->DE,VU-->DE,VU-->DE,VU-->DE,VU-->DE,VU-->DE,VU-->DE,VU-->DE,VU-->DE,VU-->DE,VU-->DE,VU-->DE,VU-->DE,VU-->DE,VU-->DE,VU-->DE,VU-->DE,VU-->DE,VU-->DE,,,,,,,,,,,,,,,,,DE-->VU,DE-->VU,DE-->VU,DE-->VU,DE-->VU,DE-->VU,DE-->VU,DE-->VU,DE-->VU,DE-->VU,DE-->VU,DE-->VU,DE-->VU,DE-->VU,DE-->VU,DE-->VU,DE-->VU,DE-->VU,DE-->VU
VE,VEN,Venezuela,Caracas,Americas,South America,,VE-->DE,VE-->DE,VE-->DE,VE-->DE,VE-->DE,VE-->DE,VE-->DE,VE-->DE,VE-->DE,VE-->DE,VE-->DE,VE-->DE,VE-->DE,VE-->DE,VE-->DE,VE-->DE,VE-->DE,VE-->DE,VE-->DE,,,,,,,,,,,,,,,,,DE-->VE,DE-->VE,DE-->VE,DE-->VE,DE-->VE,DE-->VE,DE-->VE,DE-->VE,DE-->VE,DE-->VE,DE-->VE,DE-->VE,DE-->VE,DE-->VE,DE-->VE,DE-->VE,DE-->VE,DE-->VE,DE-->VE
VN,VNM,Vietnam,Hanoi,Asia,South-Eastern Asia,,VN-->DE,VN-->DE,VN-->DE,VN-->DE,VN-->DE,VN-->DE,VN-->DE,VN-->DE,VN-->DE,VN-->DE,VN-->DE,VN-->DE,VN-->DE,VN-->DE,VN-->DE,VN-->DE,VN-->DE,VN-->DE,VN-->DE,,,,,,,,,,,,,,,,,DE-->VN,DE-->VN,DE-->VN,DE-->VN,DE-->VN,DE-->VN,DE-->VN,DE-->VN,DE-->VN,DE-->VN,DE-->VN,DE-->VN,DE-->VN,DE-->VN,DE-->VN,DE-->VN,DE-->VN,DE-->VN,DE-->VN
WF,WLF,Wallis and Futuna,Mata-Utu,Oceania,Polynesia,,WF-->DE,WF-->DE,WF-->DE,WF-->DE,WF-->DE,WF-->DE,WF-->DE,WF-->DE,WF-->DE,WF-->DE,WF-->DE,WF-->DE,WF-->DE,WF-->DE,WF-->DE,WF-->DE,WF-->DE,WF-->DE,WF-->DE,,,,,,,,,,,,,,,,,DE-->WF,DE-->WF,DE-->WF,DE-->WF,DE-->WF,DE-->WF,DE-->WF,DE-->WF,DE-->WF,DE-->WF,DE-->WF,DE-->WF,DE-->WF,DE-->WF,DE-->WF,DE-->WF,DE-->WF,DE-->WF,DE-->WF
EH,ESH,Western Sahara,El Aaiún,Africa,Northern Africa,,EH-->DE,EH-->DE,EH-->DE,EH-->DE,EH-->DE,EH-->DE,EH-->DE,EH-->DE,EH-->DE,EH-->DE,EH-->DE,EH-->DE,EH-->DE,EH-->DE,EH-->DE,EH-->DE,EH-->DE,EH-->DE,EH-->DE,,,,,,,,,,,,,,,,,DE-->EH,DE-->EH,DE-->EH,DE-->EH,DE-->EH,DE-->EH,DE-->EH,DE-->EH,DE-->EH,DE-->EH,DE-->EH,DE-->EH,DE-->EH,DE-->EH,DE-->EH,DE-->EH,DE-->EH,DE-->EH,DE-->EH
YE,YEM,Yemen,Sana'a,Asia,Western Asia,,YE-->DE,YE-->DE,YE-->DE,YE-->DE,YE-->DE,YE-->DE,YE-->DE,YE-->DE,YE-->DE,YE-->DE,YE-->DE,YE-->DE,YE-->DE,YE-->DE,YE-->DE,YE-->DE,YE-->DE,YE-->DE,YE-->DE,,,,,,,,,,,,,,,,,DE-->YE,DE-->YE,DE-->YE,DE-->YE,DE-->YE,DE-->YE,DE-->YE,DE-->YE,DE-->YE,DE-->YE,DE-->YE,DE-->YE,DE-->YE,DE-->YE,DE-->YE,DE-->YE,DE-->YE,DE-->YE,DE-->YE
ZM,ZMB,Zambia,Lusaka,Africa,Eastern Africa,,ZM-->DE,ZM-->DE,ZM-->DE,ZM-->DE,ZM-->DE,ZM-->DE,ZM-->DE,ZM-->DE,ZM-->DE,ZM-->DE,ZM-->DE,ZM-->DE,ZM-->DE,ZM-->DE,ZM-->DE,ZM-->DE,ZM-->DE,ZM-->DE,ZM-->DE,,,,,,,,,,,,,,,,,DE-->ZM,DE-->ZM,DE-->ZM,DE-->ZM,DE-->ZM,DE-->ZM,DE-->ZM,DE-->ZM,DE-->ZM,DE-->ZM,DE-->ZM,DE-->ZM,DE-->ZM,DE-->ZM,DE-->ZM,DE-->ZM,DE-->ZM,DE-->ZM,DE-->ZM
ZW,ZWE,Zimbabwe,Harare,Africa,Eastern Africa,,ZW-->DE,ZW-->DE,ZW-->DE,ZW-->DE,ZW-->DE,ZW-->DE,ZW-->DE,ZW-->DE,ZW-->DE,ZW-->DE,ZW-->DE,ZW-->DE,ZW-->DE,ZW-->DE,ZW-->DE,ZW-->DE,ZW-->DE,ZW-->DE,ZW-->DE,,,,,,,,,,,,,,,,,DE-->ZW,DE-->ZW,DE-->ZW,DE-->ZW,DE-->ZW,DE-->ZW,DE-->ZW,DE-->ZW,DE-->ZW,DE-->ZW,DE-->ZW,DE-->ZW,DE-->ZW,DE-->ZW,DE-->ZW,DE-->ZW,DE-->ZW,DE-->ZW,DE-->ZW
