nu,code,name,capital,region,subregion,Unnamed: 6,quara/into/where/e,quara/into/where/v,quara/into/where/uv,quara/into/min/e,quara/into/min/v,quara/into/min/uv,quara/into/max/e,quara/into/max/v,quara/into/max/uv,quara/into/comment,test/into/pcr/e,test/into/pcr/v,test/into/pcr/uv,test/into/ag/e,test/into/ag/v,test/into/ag/uv,test/into/comment,visa/into,visa/into/comment,loadStates/into,Unnamed: 27,Unnamed: 28,Unnamed: 29,Unnamed: 30,Unnamed: 31,Unnamed: 32,Unnamed: 33,Unnamed: 34,Unnamed: 35,Unnamed: 36,Unnamed: 37,Unnamed: 38,Unnamed: 39,Unnamed: 40,Unnamed: 41,quara/out/where/e,quara/out/where/v,quara/out/where/uv,quara/out/min/e,quara/out/min/v,quara/out/min/uv,quara/out/max/e,quara/out/max/v,quara/out/max/uv,quara/out/comment,test/out/pcr/e,test/out/pcr/v,test/out/pcr/uv,test/out/ag/e,test/out/ag/v,test/out/ag/uv,test/out/comment,visa/out,visa/out/comment
AF,AFG,Afghanistan,Kabul,Asia,Southern Asia,,AF-->AZ,AF-->AZ,AF-->AZ,AF-->AZ,AF-->AZ,AF-->AZ,AF-->AZ,AF-->AZ,AF-->AZ,AF-->AZ,AF-->AZ,AF-->AZ,AF-->AZ,AF-->AZ,AF-->AZ,AF-->AZ,AF-->AZ,AF-->AZ,AF-->AZ,,,,,,,,,,,,,,,,,AZ-->AF,AZ-->AF,AZ-->AF,AZ-->AF,AZ-->AF,AZ-->AF,AZ-->AF,AZ-->AF,AZ-->AF,AZ-->AF,AZ-->AF,AZ-->AF,AZ-->AF,AZ-->AF,AZ-->AF,AZ-->AF,AZ-->AF,AZ-->AF,AZ-->AF
AX,ALA,Åland Islands,Mariehamn,Europe,Northern Europe,,AX-->AZ,AX-->AZ,AX-->AZ,AX-->AZ,AX-->AZ,AX-->AZ,AX-->AZ,AX-->AZ,AX-->AZ,AX-->AZ,AX-->AZ,AX-->AZ,AX-->AZ,AX-->AZ,AX-->AZ,AX-->AZ,AX-->AZ,AX-->AZ,AX-->AZ,,,,,,,,,,,,,,,,,AZ-->AX,AZ-->AX,AZ-->AX,AZ-->AX,AZ-->AX,AZ-->AX,AZ-->AX,AZ-->AX,AZ-->AX,AZ-->AX,AZ-->AX,AZ-->AX,AZ-->AX,AZ-->AX,AZ-->AX,AZ-->AX,AZ-->AX,AZ-->AX,AZ-->AX
AL,ALB,Albania,Tirana,Europe,Southern Europe,,AL-->AZ,AL-->AZ,AL-->AZ,AL-->AZ,AL-->AZ,AL-->AZ,AL-->AZ,AL-->AZ,AL-->AZ,AL-->AZ,AL-->AZ,AL-->AZ,AL-->AZ,AL-->AZ,AL-->AZ,AL-->AZ,AL-->AZ,AL-->AZ,AL-->AZ,,,,,,,,,,,,,,,,,AZ-->AL,AZ-->AL,AZ-->AL,AZ-->AL,AZ-->AL,AZ-->AL,AZ-->AL,AZ-->AL,AZ-->AL,AZ-->AL,AZ-->AL,AZ-->AL,AZ-->AL,AZ-->AL,AZ-->AL,AZ-->AL,AZ-->AL,AZ-->AL,AZ-->AL
DZ,DZA,Algeria,Algiers,Africa,Northern Africa,,DZ-->AZ,DZ-->AZ,DZ-->AZ,DZ-->AZ,DZ-->AZ,DZ-->AZ,DZ-->AZ,DZ-->AZ,DZ-->AZ,DZ-->AZ,DZ-->AZ,DZ-->AZ,DZ-->AZ,DZ-->AZ,DZ-->AZ,DZ-->AZ,DZ-->AZ,DZ-->AZ,DZ-->AZ,,,,,,,,,,,,,,,,,AZ-->DZ,AZ-->DZ,AZ-->DZ,AZ-->DZ,AZ-->DZ,AZ-->DZ,AZ-->DZ,AZ-->DZ,AZ-->DZ,AZ-->DZ,AZ-->DZ,AZ-->DZ,AZ-->DZ,AZ-->DZ,AZ-->DZ,AZ-->DZ,AZ-->DZ,AZ-->DZ,AZ-->DZ
AS,ASM,American Samoa,Pago Pago,Oceania,Polynesia,,AS-->AZ,AS-->AZ,AS-->AZ,AS-->AZ,AS-->AZ,AS-->AZ,AS-->AZ,AS-->AZ,AS-->AZ,AS-->AZ,AS-->AZ,AS-->AZ,AS-->AZ,AS-->AZ,AS-->AZ,AS-->AZ,AS-->AZ,AS-->AZ,AS-->AZ,,,,,,,,,,,,,,,,,AZ-->AS,AZ-->AS,AZ-->AS,AZ-->AS,AZ-->AS,AZ-->AS,AZ-->AS,AZ-->AS,AZ-->AS,AZ-->AS,AZ-->AS,AZ-->AS,AZ-->AS,AZ-->AS,AZ-->AS,AZ-->AS,AZ-->AS,AZ-->AS,AZ-->AS
AD,AND,Andorra,Andorra la Vella,Europe,Southern Europe,,AD-->AZ,AD-->AZ,AD-->AZ,AD-->AZ,AD-->AZ,AD-->AZ,AD-->AZ,AD-->AZ,AD-->AZ,AD-->AZ,AD-->AZ,AD-->AZ,AD-->AZ,AD-->AZ,AD-->AZ,AD-->AZ,AD-->AZ,AD-->AZ,AD-->AZ,,,,,,,,,,,,,,,,,AZ-->AD,AZ-->AD,AZ-->AD,AZ-->AD,AZ-->AD,AZ-->AD,AZ-->AD,AZ-->AD,AZ-->AD,AZ-->AD,AZ-->AD,AZ-->AD,AZ-->AD,AZ-->AD,AZ-->AD,AZ-->AD,AZ-->AD,AZ-->AD,AZ-->AD
AO,AGO,Angola,Luanda,Africa,Middle Africa,,AO-->AZ,AO-->AZ,AO-->AZ,AO-->AZ,AO-->AZ,AO-->AZ,AO-->AZ,AO-->AZ,AO-->AZ,AO-->AZ,AO-->AZ,AO-->AZ,AO-->AZ,AO-->AZ,AO-->AZ,AO-->AZ,AO-->AZ,AO-->AZ,AO-->AZ,,,,,,,,,,,,,,,,,AZ-->AO,AZ-->AO,AZ-->AO,AZ-->AO,AZ-->AO,AZ-->AO,AZ-->AO,AZ-->AO,AZ-->AO,AZ-->AO,AZ-->AO,AZ-->AO,AZ-->AO,AZ-->AO,AZ-->AO,AZ-->AO,AZ-->AO,AZ-->AO,AZ-->AO
AI,AIA,Anguilla,The Valley,Americas,Caribbean,,AI-->AZ,AI-->AZ,AI-->AZ,AI-->AZ,AI-->AZ,AI-->AZ,AI-->AZ,AI-->AZ,AI-->AZ,AI-->AZ,AI-->AZ,AI-->AZ,AI-->AZ,AI-->AZ,AI-->AZ,AI-->AZ,AI-->AZ,AI-->AZ,AI-->AZ,,,,,,,,,,,,,,,,,AZ-->AI,AZ-->AI,AZ-->AI,AZ-->AI,AZ-->AI,AZ-->AI,AZ-->AI,AZ-->AI,AZ-->AI,AZ-->AI,AZ-->AI,AZ-->AI,AZ-->AI,AZ-->AI,AZ-->AI,AZ-->AI,AZ-->AI,AZ-->AI,AZ-->AI
AQ,ATA,Antarctica,,Polar,,,AQ-->AZ,AQ-->AZ,AQ-->AZ,AQ-->AZ,AQ-->AZ,AQ-->AZ,AQ-->AZ,AQ-->AZ,AQ-->AZ,AQ-->AZ,AQ-->AZ,AQ-->AZ,AQ-->AZ,AQ-->AZ,AQ-->AZ,AQ-->AZ,AQ-->AZ,AQ-->AZ,AQ-->AZ,,,,,,,,,,,,,,,,,AZ-->AQ,AZ-->AQ,AZ-->AQ,AZ-->AQ,AZ-->AQ,AZ-->AQ,AZ-->AQ,AZ-->AQ,AZ-->AQ,AZ-->AQ,AZ-->AQ,AZ-->AQ,AZ-->AQ,AZ-->AQ,AZ-->AQ,AZ-->AQ,AZ-->AQ,AZ-->AQ,AZ-->AQ
AG,ATG,Antigua and Barbuda,Saint John's,Americas,Caribbean,,AG-->AZ,AG-->AZ,AG-->AZ,AG-->AZ,AG-->AZ,AG-->AZ,AG-->AZ,AG-->AZ,AG-->AZ,AG-->AZ,AG-->AZ,AG-->AZ,AG-->AZ,AG-->AZ,AG-->AZ,AG-->AZ,AG-->AZ,AG-->AZ,AG-->AZ,,,,,,,,,,,,,,,,,AZ-->AG,AZ-->AG,AZ-->AG,AZ-->AG,AZ-->AG,AZ-->AG,AZ-->AG,AZ-->AG,AZ-->AG,AZ-->AG,AZ-->AG,AZ-->AG,AZ-->AG,AZ-->AG,AZ-->AG,AZ-->AG,AZ-->AG,AZ-->AG,AZ-->AG
AR,ARG,Argentina,Buenos Aires,Americas,South America,,AR-->AZ,AR-->AZ,AR-->AZ,AR-->AZ,AR-->AZ,AR-->AZ,AR-->AZ,AR-->AZ,AR-->AZ,AR-->AZ,AR-->AZ,AR-->AZ,AR-->AZ,AR-->AZ,AR-->AZ,AR-->AZ,AR-->AZ,AR-->AZ,AR-->AZ,,,,,,,,,,,,,,,,,AZ-->AR,AZ-->AR,AZ-->AR,AZ-->AR,AZ-->AR,AZ-->AR,AZ-->AR,AZ-->AR,AZ-->AR,AZ-->AR,AZ-->AR,AZ-->AR,AZ-->AR,AZ-->AR,AZ-->AR,AZ-->AR,AZ-->AR,AZ-->AR,AZ-->AR
AM,ARM,Armenia,Yerevan,Asia,Western Asia,,AM-->AZ,AM-->AZ,AM-->AZ,AM-->AZ,AM-->AZ,AM-->AZ,AM-->AZ,AM-->AZ,AM-->AZ,AM-->AZ,AM-->AZ,AM-->AZ,AM-->AZ,AM-->AZ,AM-->AZ,AM-->AZ,AM-->AZ,AM-->AZ,AM-->AZ,,,,,,,,,,,,,,,,,AZ-->AM,AZ-->AM,AZ-->AM,AZ-->AM,AZ-->AM,AZ-->AM,AZ-->AM,AZ-->AM,AZ-->AM,AZ-->AM,AZ-->AM,AZ-->AM,AZ-->AM,AZ-->AM,AZ-->AM,AZ-->AM,AZ-->AM,AZ-->AM,AZ-->AM
AW,ABW,Aruba,Oranjestad,Americas,Caribbean,,AW-->AZ,AW-->AZ,AW-->AZ,AW-->AZ,AW-->AZ,AW-->AZ,AW-->AZ,AW-->AZ,AW-->AZ,AW-->AZ,AW-->AZ,AW-->AZ,AW-->AZ,AW-->AZ,AW-->AZ,AW-->AZ,AW-->AZ,AW-->AZ,AW-->AZ,,,,,,,,,,,,,,,,,AZ-->AW,AZ-->AW,AZ-->AW,AZ-->AW,AZ-->AW,AZ-->AW,AZ-->AW,AZ-->AW,AZ-->AW,AZ-->AW,AZ-->AW,AZ-->AW,AZ-->AW,AZ-->AW,AZ-->AW,AZ-->AW,AZ-->AW,AZ-->AW,AZ-->AW
AU,AUS,Australia,Canberra,Oceania,Australia and New Zealand,,AU-->AZ,AU-->AZ,AU-->AZ,AU-->AZ,AU-->AZ,AU-->AZ,AU-->AZ,AU-->AZ,AU-->AZ,AU-->AZ,AU-->AZ,AU-->AZ,AU-->AZ,AU-->AZ,AU-->AZ,AU-->AZ,AU-->AZ,AU-->AZ,AU-->AZ,,,,,,,,,,,,,,,,,AZ-->AU,AZ-->AU,AZ-->AU,AZ-->AU,AZ-->AU,AZ-->AU,AZ-->AU,AZ-->AU,AZ-->AU,AZ-->AU,AZ-->AU,AZ-->AU,AZ-->AU,AZ-->AU,AZ-->AU,AZ-->AU,AZ-->AU,AZ-->AU,AZ-->AU
AT,AUT,Austria,Vienna,Europe,Western Europe,,AT-->AZ,AT-->AZ,AT-->AZ,AT-->AZ,AT-->AZ,AT-->AZ,AT-->AZ,AT-->AZ,AT-->AZ,AT-->AZ,AT-->AZ,AT-->AZ,AT-->AZ,AT-->AZ,AT-->AZ,AT-->AZ,AT-->AZ,AT-->AZ,AT-->AZ,,,,,,,,,,,,,,,,,AZ-->AT,AZ-->AT,AZ-->AT,AZ-->AT,AZ-->AT,AZ-->AT,AZ-->AT,AZ-->AT,AZ-->AT,AZ-->AT,AZ-->AT,AZ-->AT,AZ-->AT,AZ-->AT,AZ-->AT,AZ-->AT,AZ-->AT,AZ-->AT,AZ-->AT
AZ,AZE,Azerbaijan,Baku,Asia,Western Asia,,AZ-->AZ,AZ-->AZ,AZ-->AZ,AZ-->AZ,AZ-->AZ,AZ-->AZ,AZ-->AZ,AZ-->AZ,AZ-->AZ,AZ-->AZ,AZ-->AZ,AZ-->AZ,AZ-->AZ,AZ-->AZ,AZ-->AZ,AZ-->AZ,AZ-->AZ,AZ-->AZ,AZ-->AZ,,,,,,,,,,,,,,,,,AZ-->AZ,AZ-->AZ,AZ-->AZ,AZ-->AZ,AZ-->AZ,AZ-->AZ,AZ-->AZ,AZ-->AZ,AZ-->AZ,AZ-->AZ,AZ-->AZ,AZ-->AZ,AZ-->AZ,AZ-->AZ,AZ-->AZ,AZ-->AZ,AZ-->AZ,AZ-->AZ,AZ-->AZ
BS,BHS,The Bahamas,Nassau,Americas,Caribbean,,BS-->AZ,BS-->AZ,BS-->AZ,BS-->AZ,BS-->AZ,BS-->AZ,BS-->AZ,BS-->AZ,BS-->AZ,BS-->AZ,BS-->AZ,BS-->AZ,BS-->AZ,BS-->AZ,BS-->AZ,BS-->AZ,BS-->AZ,BS-->AZ,BS-->AZ,,,,,,,,,,,,,,,,,AZ-->BS,AZ-->BS,AZ-->BS,AZ-->BS,AZ-->BS,AZ-->BS,AZ-->BS,AZ-->BS,AZ-->BS,AZ-->BS,AZ-->BS,AZ-->BS,AZ-->BS,AZ-->BS,AZ-->BS,AZ-->BS,AZ-->BS,AZ-->BS,AZ-->BS
BH,BHR,Bahrain,Manama,Asia,Western Asia,,BH-->AZ,BH-->AZ,BH-->AZ,BH-->AZ,BH-->AZ,BH-->AZ,BH-->AZ,BH-->AZ,BH-->AZ,BH-->AZ,BH-->AZ,BH-->AZ,BH-->AZ,BH-->AZ,BH-->AZ,BH-->AZ,BH-->AZ,BH-->AZ,BH-->AZ,,,,,,,,,,,,,,,,,AZ-->BH,AZ-->BH,AZ-->BH,AZ-->BH,AZ-->BH,AZ-->BH,AZ-->BH,AZ-->BH,AZ-->BH,AZ-->BH,AZ-->BH,AZ-->BH,AZ-->BH,AZ-->BH,AZ-->BH,AZ-->BH,AZ-->BH,AZ-->BH,AZ-->BH
BD,BGD,Bangladesh,Dhaka,Asia,Southern Asia,,BD-->AZ,BD-->AZ,BD-->AZ,BD-->AZ,BD-->AZ,BD-->AZ,BD-->AZ,BD-->AZ,BD-->AZ,BD-->AZ,BD-->AZ,BD-->AZ,BD-->AZ,BD-->AZ,BD-->AZ,BD-->AZ,BD-->AZ,BD-->AZ,BD-->AZ,,,,,,,,,,,,,,,,,AZ-->BD,AZ-->BD,AZ-->BD,AZ-->BD,AZ-->BD,AZ-->BD,AZ-->BD,AZ-->BD,AZ-->BD,AZ-->BD,AZ-->BD,AZ-->BD,AZ-->BD,AZ-->BD,AZ-->BD,AZ-->BD,AZ-->BD,AZ-->BD,AZ-->BD
BB,BRB,Barbados,Bridgetown,Americas,Caribbean,,BB-->AZ,BB-->AZ,BB-->AZ,BB-->AZ,BB-->AZ,BB-->AZ,BB-->AZ,BB-->AZ,BB-->AZ,BB-->AZ,BB-->AZ,BB-->AZ,BB-->AZ,BB-->AZ,BB-->AZ,BB-->AZ,BB-->AZ,BB-->AZ,BB-->AZ,,,,,,,,,,,,,,,,,AZ-->BB,AZ-->BB,AZ-->BB,AZ-->BB,AZ-->BB,AZ-->BB,AZ-->BB,AZ-->BB,AZ-->BB,AZ-->BB,AZ-->BB,AZ-->BB,AZ-->BB,AZ-->BB,AZ-->BB,AZ-->BB,AZ-->BB,AZ-->BB,AZ-->BB
BY,BLR,Belarus,Minsk,Europe,Eastern Europe,,BY-->AZ,BY-->AZ,BY-->AZ,BY-->AZ,BY-->AZ,BY-->AZ,BY-->AZ,BY-->AZ,BY-->AZ,BY-->AZ,BY-->AZ,BY-->AZ,BY-->AZ,BY-->AZ,BY-->AZ,BY-->AZ,BY-->AZ,BY-->AZ,BY-->AZ,,,,,,,,,,,,,,,,,AZ-->BY,AZ-->BY,AZ-->BY,AZ-->BY,AZ-->BY,AZ-->BY,AZ-->BY,AZ-->BY,AZ-->BY,AZ-->BY,AZ-->BY,AZ-->BY,AZ-->BY,AZ-->BY,AZ-->BY,AZ-->BY,AZ-->BY,AZ-->BY,AZ-->BY
BE,BEL,Belgium,Brussels,Europe,Western Europe,,BE-->AZ,BE-->AZ,BE-->AZ,BE-->AZ,BE-->AZ,BE-->AZ,BE-->AZ,BE-->AZ,BE-->AZ,BE-->AZ,BE-->AZ,BE-->AZ,BE-->AZ,BE-->AZ,BE-->AZ,BE-->AZ,BE-->AZ,BE-->AZ,BE-->AZ,,,,,,,,,,,,,,,,,AZ-->BE,AZ-->BE,AZ-->BE,AZ-->BE,AZ-->BE,AZ-->BE,AZ-->BE,AZ-->BE,AZ-->BE,AZ-->BE,AZ-->BE,AZ-->BE,AZ-->BE,AZ-->BE,AZ-->BE,AZ-->BE,AZ-->BE,AZ-->BE,AZ-->BE
BZ,BLZ,Belize,Belmopan,Americas,Central America,,BZ-->AZ,BZ-->AZ,BZ-->AZ,BZ-->AZ,BZ-->AZ,BZ-->AZ,BZ-->AZ,BZ-->AZ,BZ-->AZ,BZ-->AZ,BZ-->AZ,BZ-->AZ,BZ-->AZ,BZ-->AZ,BZ-->AZ,BZ-->AZ,BZ-->AZ,BZ-->AZ,BZ-->AZ,,,,,,,,,,,,,,,,,AZ-->BZ,AZ-->BZ,AZ-->BZ,AZ-->BZ,AZ-->BZ,AZ-->BZ,AZ-->BZ,AZ-->BZ,AZ-->BZ,AZ-->BZ,AZ-->BZ,AZ-->BZ,AZ-->BZ,AZ-->BZ,AZ-->BZ,AZ-->BZ,AZ-->BZ,AZ-->BZ,AZ-->BZ
BJ,BEN,Benin,Porto-Novo,Africa,Western Africa,,BJ-->AZ,BJ-->AZ,BJ-->AZ,BJ-->AZ,BJ-->AZ,BJ-->AZ,BJ-->AZ,BJ-->AZ,BJ-->AZ,BJ-->AZ,BJ-->AZ,BJ-->AZ,BJ-->AZ,BJ-->AZ,BJ-->AZ,BJ-->AZ,BJ-->AZ,BJ-->AZ,BJ-->AZ,,,,,,,,,,,,,,,,,AZ-->BJ,AZ-->BJ,AZ-->BJ,AZ-->BJ,AZ-->BJ,AZ-->BJ,AZ-->BJ,AZ-->BJ,AZ-->BJ,AZ-->BJ,AZ-->BJ,AZ-->BJ,AZ-->BJ,AZ-->BJ,AZ-->BJ,AZ-->BJ,AZ-->BJ,AZ-->BJ,AZ-->BJ
BM,BMU,Bermuda,Hamilton,Americas,Northern America,,BM-->AZ,BM-->AZ,BM-->AZ,BM-->AZ,BM-->AZ,BM-->AZ,BM-->AZ,BM-->AZ,BM-->AZ,BM-->AZ,BM-->AZ,BM-->AZ,BM-->AZ,BM-->AZ,BM-->AZ,BM-->AZ,BM-->AZ,BM-->AZ,BM-->AZ,,,,,,,,,,,,,,,,,AZ-->BM,AZ-->BM,AZ-->BM,AZ-->BM,AZ-->BM,AZ-->BM,AZ-->BM,AZ-->BM,AZ-->BM,AZ-->BM,AZ-->BM,AZ-->BM,AZ-->BM,AZ-->BM,AZ-->BM,AZ-->BM,AZ-->BM,AZ-->BM,AZ-->BM
BT,BTN,Bhutan,Thimphu,Asia,Southern Asia,,BT-->AZ,BT-->AZ,BT-->AZ,BT-->AZ,BT-->AZ,BT-->AZ,BT-->AZ,BT-->AZ,BT-->AZ,BT-->AZ,BT-->AZ,BT-->AZ,BT-->AZ,BT-->AZ,BT-->AZ,BT-->AZ,BT-->AZ,BT-->AZ,BT-->AZ,,,,,,,,,,,,,,,,,AZ-->BT,AZ-->BT,AZ-->BT,AZ-->BT,AZ-->BT,AZ-->BT,AZ-->BT,AZ-->BT,AZ-->BT,AZ-->BT,AZ-->BT,AZ-->BT,AZ-->BT,AZ-->BT,AZ-->BT,AZ-->BT,AZ-->BT,AZ-->BT,AZ-->BT
BO,BOL,Bolivia,Sucre,Americas,South America,,BO-->AZ,BO-->AZ,BO-->AZ,BO-->AZ,BO-->AZ,BO-->AZ,BO-->AZ,BO-->AZ,BO-->AZ,BO-->AZ,BO-->AZ,BO-->AZ,BO-->AZ,BO-->AZ,BO-->AZ,BO-->AZ,BO-->AZ,BO-->AZ,BO-->AZ,,,,,,,,,,,,,,,,,AZ-->BO,AZ-->BO,AZ-->BO,AZ-->BO,AZ-->BO,AZ-->BO,AZ-->BO,AZ-->BO,AZ-->BO,AZ-->BO,AZ-->BO,AZ-->BO,AZ-->BO,AZ-->BO,AZ-->BO,AZ-->BO,AZ-->BO,AZ-->BO,AZ-->BO
BQ,BES,Bonaire,Kralendijk,Americas,Caribbean,,BQ-->AZ,BQ-->AZ,BQ-->AZ,BQ-->AZ,BQ-->AZ,BQ-->AZ,BQ-->AZ,BQ-->AZ,BQ-->AZ,BQ-->AZ,BQ-->AZ,BQ-->AZ,BQ-->AZ,BQ-->AZ,BQ-->AZ,BQ-->AZ,BQ-->AZ,BQ-->AZ,BQ-->AZ,,,,,,,,,,,,,,,,,AZ-->BQ,AZ-->BQ,AZ-->BQ,AZ-->BQ,AZ-->BQ,AZ-->BQ,AZ-->BQ,AZ-->BQ,AZ-->BQ,AZ-->BQ,AZ-->BQ,AZ-->BQ,AZ-->BQ,AZ-->BQ,AZ-->BQ,AZ-->BQ,AZ-->BQ,AZ-->BQ,AZ-->BQ
BA,BIH,Bosnia and Herzegovina,Sarajevo,Europe,Southern Europe,,BA-->AZ,BA-->AZ,BA-->AZ,BA-->AZ,BA-->AZ,BA-->AZ,BA-->AZ,BA-->AZ,BA-->AZ,BA-->AZ,BA-->AZ,BA-->AZ,BA-->AZ,BA-->AZ,BA-->AZ,BA-->AZ,BA-->AZ,BA-->AZ,BA-->AZ,,,,,,,,,,,,,,,,,AZ-->BA,AZ-->BA,AZ-->BA,AZ-->BA,AZ-->BA,AZ-->BA,AZ-->BA,AZ-->BA,AZ-->BA,AZ-->BA,AZ-->BA,AZ-->BA,AZ-->BA,AZ-->BA,AZ-->BA,AZ-->BA,AZ-->BA,AZ-->BA,AZ-->BA
BW,BWA,Botswana,Gaborone,Africa,Southern Africa,,BW-->AZ,BW-->AZ,BW-->AZ,BW-->AZ,BW-->AZ,BW-->AZ,BW-->AZ,BW-->AZ,BW-->AZ,BW-->AZ,BW-->AZ,BW-->AZ,BW-->AZ,BW-->AZ,BW-->AZ,BW-->AZ,BW-->AZ,BW-->AZ,BW-->AZ,,,,,,,,,,,,,,,,,AZ-->BW,AZ-->BW,AZ-->BW,AZ-->BW,AZ-->BW,AZ-->BW,AZ-->BW,AZ-->BW,AZ-->BW,AZ-->BW,AZ-->BW,AZ-->BW,AZ-->BW,AZ-->BW,AZ-->BW,AZ-->BW,AZ-->BW,AZ-->BW,AZ-->BW
BV,BVT,Bouvet Island,,,,,BV-->AZ,BV-->AZ,BV-->AZ,BV-->AZ,BV-->AZ,BV-->AZ,BV-->AZ,BV-->AZ,BV-->AZ,BV-->AZ,BV-->AZ,BV-->AZ,BV-->AZ,BV-->AZ,BV-->AZ,BV-->AZ,BV-->AZ,BV-->AZ,BV-->AZ,,,,,,,,,,,,,,,,,AZ-->BV,AZ-->BV,AZ-->BV,AZ-->BV,AZ-->BV,AZ-->BV,AZ-->BV,AZ-->BV,AZ-->BV,AZ-->BV,AZ-->BV,AZ-->BV,AZ-->BV,AZ-->BV,AZ-->BV,AZ-->BV,AZ-->BV,AZ-->BV,AZ-->BV
BR,BRA,Brazil,Brasília,Americas,South America,,BR-->AZ,BR-->AZ,BR-->AZ,BR-->AZ,BR-->AZ,BR-->AZ,BR-->AZ,BR-->AZ,BR-->AZ,BR-->AZ,BR-->AZ,BR-->AZ,BR-->AZ,BR-->AZ,BR-->AZ,BR-->AZ,BR-->AZ,BR-->AZ,BR-->AZ,,,,,,,,,,,,,,,,,AZ-->BR,AZ-->BR,AZ-->BR,AZ-->BR,AZ-->BR,AZ-->BR,AZ-->BR,AZ-->BR,AZ-->BR,AZ-->BR,AZ-->BR,AZ-->BR,AZ-->BR,AZ-->BR,AZ-->BR,AZ-->BR,AZ-->BR,AZ-->BR,AZ-->BR
IO,IOT,British Indian Ocean Territory,Diego Garcia,Africa,Eastern Africa,,IO-->AZ,IO-->AZ,IO-->AZ,IO-->AZ,IO-->AZ,IO-->AZ,IO-->AZ,IO-->AZ,IO-->AZ,IO-->AZ,IO-->AZ,IO-->AZ,IO-->AZ,IO-->AZ,IO-->AZ,IO-->AZ,IO-->AZ,IO-->AZ,IO-->AZ,,,,,,,,,,,,,,,,,AZ-->IO,AZ-->IO,AZ-->IO,AZ-->IO,AZ-->IO,AZ-->IO,AZ-->IO,AZ-->IO,AZ-->IO,AZ-->IO,AZ-->IO,AZ-->IO,AZ-->IO,AZ-->IO,AZ-->IO,AZ-->IO,AZ-->IO,AZ-->IO,AZ-->IO
UM,UMI,United States Minor Outlying Islands,,Americas,Northern America,,UM-->AZ,UM-->AZ,UM-->AZ,UM-->AZ,UM-->AZ,UM-->AZ,UM-->AZ,UM-->AZ,UM-->AZ,UM-->AZ,UM-->AZ,UM-->AZ,UM-->AZ,UM-->AZ,UM-->AZ,UM-->AZ,UM-->AZ,UM-->AZ,UM-->AZ,,,,,,,,,,,,,,,,,AZ-->UM,AZ-->UM,AZ-->UM,AZ-->UM,AZ-->UM,AZ-->UM,AZ-->UM,AZ-->UM,AZ-->UM,AZ-->UM,AZ-->UM,AZ-->UM,AZ-->UM,AZ-->UM,AZ-->UM,AZ-->UM,AZ-->UM,AZ-->UM,AZ-->UM
VG,VGB,Virgin Islands (British),Road Town,Americas,Caribbean,,VG-->AZ,VG-->AZ,VG-->AZ,VG-->AZ,VG-->AZ,VG-->AZ,VG-->AZ,VG-->AZ,VG-->AZ,VG-->AZ,VG-->AZ,VG-->AZ,VG-->AZ,VG-->AZ,VG-->AZ,VG-->AZ,VG-->AZ,VG-->AZ,VG-->AZ,,,,,,,,,,,,,,,,,AZ-->VG,AZ-->VG,AZ-->VG,AZ-->VG,AZ-->VG,AZ-->VG,AZ-->VG,AZ-->VG,AZ-->VG,AZ-->VG,AZ-->VG,AZ-->VG,AZ-->VG,AZ-->VG,AZ-->VG,AZ-->VG,AZ-->VG,AZ-->VG,AZ-->VG
VI,VIR,Virgin Islands (U.S.),Charlotte Amalie,Americas,Caribbean,,VI-->AZ,VI-->AZ,VI-->AZ,VI-->AZ,VI-->AZ,VI-->AZ,VI-->AZ,VI-->AZ,VI-->AZ,VI-->AZ,VI-->AZ,VI-->AZ,VI-->AZ,VI-->AZ,VI-->AZ,VI-->AZ,VI-->AZ,VI-->AZ,VI-->AZ,,,,,,,,,,,,,,,,,AZ-->VI,AZ-->VI,AZ-->VI,AZ-->VI,AZ-->VI,AZ-->VI,AZ-->VI,AZ-->VI,AZ-->VI,AZ-->VI,AZ-->VI,AZ-->VI,AZ-->VI,AZ-->VI,AZ-->VI,AZ-->VI,AZ-->VI,AZ-->VI,AZ-->VI
BN,BRN,Brunei,Bandar Seri Begawan,Asia,South-Eastern Asia,,BN-->AZ,BN-->AZ,BN-->AZ,BN-->AZ,BN-->AZ,BN-->AZ,BN-->AZ,BN-->AZ,BN-->AZ,BN-->AZ,BN-->AZ,BN-->AZ,BN-->AZ,BN-->AZ,BN-->AZ,BN-->AZ,BN-->AZ,BN-->AZ,BN-->AZ,,,,,,,,,,,,,,,,,AZ-->BN,AZ-->BN,AZ-->BN,AZ-->BN,AZ-->BN,AZ-->BN,AZ-->BN,AZ-->BN,AZ-->BN,AZ-->BN,AZ-->BN,AZ-->BN,AZ-->BN,AZ-->BN,AZ-->BN,AZ-->BN,AZ-->BN,AZ-->BN,AZ-->BN
BG,BGR,Bulgaria,Sofia,Europe,Eastern Europe,,BG-->AZ,BG-->AZ,BG-->AZ,BG-->AZ,BG-->AZ,BG-->AZ,BG-->AZ,BG-->AZ,BG-->AZ,BG-->AZ,BG-->AZ,BG-->AZ,BG-->AZ,BG-->AZ,BG-->AZ,BG-->AZ,BG-->AZ,BG-->AZ,BG-->AZ,,,,,,,,,,,,,,,,,AZ-->BG,AZ-->BG,AZ-->BG,AZ-->BG,AZ-->BG,AZ-->BG,AZ-->BG,AZ-->BG,AZ-->BG,AZ-->BG,AZ-->BG,AZ-->BG,AZ-->BG,AZ-->BG,AZ-->BG,AZ-->BG,AZ-->BG,AZ-->BG,AZ-->BG
BF,BFA,Burkina Faso,Ouagadougou,Africa,Western Africa,,BF-->AZ,BF-->AZ,BF-->AZ,BF-->AZ,BF-->AZ,BF-->AZ,BF-->AZ,BF-->AZ,BF-->AZ,BF-->AZ,BF-->AZ,BF-->AZ,BF-->AZ,BF-->AZ,BF-->AZ,BF-->AZ,BF-->AZ,BF-->AZ,BF-->AZ,,,,,,,,,,,,,,,,,AZ-->BF,AZ-->BF,AZ-->BF,AZ-->BF,AZ-->BF,AZ-->BF,AZ-->BF,AZ-->BF,AZ-->BF,AZ-->BF,AZ-->BF,AZ-->BF,AZ-->BF,AZ-->BF,AZ-->BF,AZ-->BF,AZ-->BF,AZ-->BF,AZ-->BF
BI,BDI,Burundi,Bujumbura,Africa,Eastern Africa,,BI-->AZ,BI-->AZ,BI-->AZ,BI-->AZ,BI-->AZ,BI-->AZ,BI-->AZ,BI-->AZ,BI-->AZ,BI-->AZ,BI-->AZ,BI-->AZ,BI-->AZ,BI-->AZ,BI-->AZ,BI-->AZ,BI-->AZ,BI-->AZ,BI-->AZ,,,,,,,,,,,,,,,,,AZ-->BI,AZ-->BI,AZ-->BI,AZ-->BI,AZ-->BI,AZ-->BI,AZ-->BI,AZ-->BI,AZ-->BI,AZ-->BI,AZ-->BI,AZ-->BI,AZ-->BI,AZ-->BI,AZ-->BI,AZ-->BI,AZ-->BI,AZ-->BI,AZ-->BI
KH,KHM,Cambodia,Phnom Penh,Asia,South-Eastern Asia,,KH-->AZ,KH-->AZ,KH-->AZ,KH-->AZ,KH-->AZ,KH-->AZ,KH-->AZ,KH-->AZ,KH-->AZ,KH-->AZ,KH-->AZ,KH-->AZ,KH-->AZ,KH-->AZ,KH-->AZ,KH-->AZ,KH-->AZ,KH-->AZ,KH-->AZ,,,,,,,,,,,,,,,,,AZ-->KH,AZ-->KH,AZ-->KH,AZ-->KH,AZ-->KH,AZ-->KH,AZ-->KH,AZ-->KH,AZ-->KH,AZ-->KH,AZ-->KH,AZ-->KH,AZ-->KH,AZ-->KH,AZ-->KH,AZ-->KH,AZ-->KH,AZ-->KH,AZ-->KH
CM,CMR,Cameroon,Yaoundé,Africa,Middle Africa,,CM-->AZ,CM-->AZ,CM-->AZ,CM-->AZ,CM-->AZ,CM-->AZ,CM-->AZ,CM-->AZ,CM-->AZ,CM-->AZ,CM-->AZ,CM-->AZ,CM-->AZ,CM-->AZ,CM-->AZ,CM-->AZ,CM-->AZ,CM-->AZ,CM-->AZ,,,,,,,,,,,,,,,,,AZ-->CM,AZ-->CM,AZ-->CM,AZ-->CM,AZ-->CM,AZ-->CM,AZ-->CM,AZ-->CM,AZ-->CM,AZ-->CM,AZ-->CM,AZ-->CM,AZ-->CM,AZ-->CM,AZ-->CM,AZ-->CM,AZ-->CM,AZ-->CM,AZ-->CM
CA,CAN,Canada,Ottawa,Americas,Northern America,,CA-->AZ,CA-->AZ,CA-->AZ,CA-->AZ,CA-->AZ,CA-->AZ,CA-->AZ,CA-->AZ,CA-->AZ,CA-->AZ,CA-->AZ,CA-->AZ,CA-->AZ,CA-->AZ,CA-->AZ,CA-->AZ,CA-->AZ,CA-->AZ,CA-->AZ,,,,,,,,,,,,,,,,,AZ-->CA,AZ-->CA,AZ-->CA,AZ-->CA,AZ-->CA,AZ-->CA,AZ-->CA,AZ-->CA,AZ-->CA,AZ-->CA,AZ-->CA,AZ-->CA,AZ-->CA,AZ-->CA,AZ-->CA,AZ-->CA,AZ-->CA,AZ-->CA,AZ-->CA
CV,CPV,Cape Verde,Praia,Africa,Western Africa,,CV-->AZ,CV-->AZ,CV-->AZ,CV-->AZ,CV-->AZ,CV-->AZ,CV-->AZ,CV-->AZ,CV-->AZ,CV-->AZ,CV-->AZ,CV-->AZ,CV-->AZ,CV-->AZ,CV-->AZ,CV-->AZ,CV-->AZ,CV-->AZ,CV-->AZ,,,,,,,,,,,,,,,,,AZ-->CV,AZ-->CV,AZ-->CV,AZ-->CV,AZ-->CV,AZ-->CV,AZ-->CV,AZ-->CV,AZ-->CV,AZ-->CV,AZ-->CV,AZ-->CV,AZ-->CV,AZ-->CV,AZ-->CV,AZ-->CV,AZ-->CV,AZ-->CV,AZ-->CV
KY,CYM,Cayman Islands,George Town,Americas,Caribbean,,KY-->AZ,KY-->AZ,KY-->AZ,KY-->AZ,KY-->AZ,KY-->AZ,KY-->AZ,KY-->AZ,KY-->AZ,KY-->AZ,KY-->AZ,KY-->AZ,KY-->AZ,KY-->AZ,KY-->AZ,KY-->AZ,KY-->AZ,KY-->AZ,KY-->AZ,,,,,,,,,,,,,,,,,AZ-->KY,AZ-->KY,AZ-->KY,AZ-->KY,AZ-->KY,AZ-->KY,AZ-->KY,AZ-->KY,AZ-->KY,AZ-->KY,AZ-->KY,AZ-->KY,AZ-->KY,AZ-->KY,AZ-->KY,AZ-->KY,AZ-->KY,AZ-->KY,AZ-->KY
CF,CAF,Central African Republic,Bangui,Africa,Middle Africa,,CF-->AZ,CF-->AZ,CF-->AZ,CF-->AZ,CF-->AZ,CF-->AZ,CF-->AZ,CF-->AZ,CF-->AZ,CF-->AZ,CF-->AZ,CF-->AZ,CF-->AZ,CF-->AZ,CF-->AZ,CF-->AZ,CF-->AZ,CF-->AZ,CF-->AZ,,,,,,,,,,,,,,,,,AZ-->CF,AZ-->CF,AZ-->CF,AZ-->CF,AZ-->CF,AZ-->CF,AZ-->CF,AZ-->CF,AZ-->CF,AZ-->CF,AZ-->CF,AZ-->CF,AZ-->CF,AZ-->CF,AZ-->CF,AZ-->CF,AZ-->CF,AZ-->CF,AZ-->CF
TD,TCD,Chad,N'Djamena,Africa,Middle Africa,,TD-->AZ,TD-->AZ,TD-->AZ,TD-->AZ,TD-->AZ,TD-->AZ,TD-->AZ,TD-->AZ,TD-->AZ,TD-->AZ,TD-->AZ,TD-->AZ,TD-->AZ,TD-->AZ,TD-->AZ,TD-->AZ,TD-->AZ,TD-->AZ,TD-->AZ,,,,,,,,,,,,,,,,,AZ-->TD,AZ-->TD,AZ-->TD,AZ-->TD,AZ-->TD,AZ-->TD,AZ-->TD,AZ-->TD,AZ-->TD,AZ-->TD,AZ-->TD,AZ-->TD,AZ-->TD,AZ-->TD,AZ-->TD,AZ-->TD,AZ-->TD,AZ-->TD,AZ-->TD
CL,CHL,Chile,Santiago,Americas,South America,,CL-->AZ,CL-->AZ,CL-->AZ,CL-->AZ,CL-->AZ,CL-->AZ,CL-->AZ,CL-->AZ,CL-->AZ,CL-->AZ,CL-->AZ,CL-->AZ,CL-->AZ,CL-->AZ,CL-->AZ,CL-->AZ,CL-->AZ,CL-->AZ,CL-->AZ,,,,,,,,,,,,,,,,,AZ-->CL,AZ-->CL,AZ-->CL,AZ-->CL,AZ-->CL,AZ-->CL,AZ-->CL,AZ-->CL,AZ-->CL,AZ-->CL,AZ-->CL,AZ-->CL,AZ-->CL,AZ-->CL,AZ-->CL,AZ-->CL,AZ-->CL,AZ-->CL,AZ-->CL
CN,CHN,China,Beijing,Asia,Eastern Asia,,CN-->AZ,CN-->AZ,CN-->AZ,CN-->AZ,CN-->AZ,CN-->AZ,CN-->AZ,CN-->AZ,CN-->AZ,CN-->AZ,CN-->AZ,CN-->AZ,CN-->AZ,CN-->AZ,CN-->AZ,CN-->AZ,CN-->AZ,CN-->AZ,CN-->AZ,,,,,,,,,,,,,,,,,AZ-->CN,AZ-->CN,AZ-->CN,AZ-->CN,AZ-->CN,AZ-->CN,AZ-->CN,AZ-->CN,AZ-->CN,AZ-->CN,AZ-->CN,AZ-->CN,AZ-->CN,AZ-->CN,AZ-->CN,AZ-->CN,AZ-->CN,AZ-->CN,AZ-->CN
CX,CXR,Christmas Island,Flying Fish Cove,Oceania,Australia and New Zealand,,CX-->AZ,CX-->AZ,CX-->AZ,CX-->AZ,CX-->AZ,CX-->AZ,CX-->AZ,CX-->AZ,CX-->AZ,CX-->AZ,CX-->AZ,CX-->AZ,CX-->AZ,CX-->AZ,CX-->AZ,CX-->AZ,CX-->AZ,CX-->AZ,CX-->AZ,,,,,,,,,,,,,,,,,AZ-->CX,AZ-->CX,AZ-->CX,AZ-->CX,AZ-->CX,AZ-->CX,AZ-->CX,AZ-->CX,AZ-->CX,AZ-->CX,AZ-->CX,AZ-->CX,AZ-->CX,AZ-->CX,AZ-->CX,AZ-->CX,AZ-->CX,AZ-->CX,AZ-->CX
CC,CCK,Cocos (Keeling) Islands,West Island,Oceania,Australia and New Zealand,,CC-->AZ,CC-->AZ,CC-->AZ,CC-->AZ,CC-->AZ,CC-->AZ,CC-->AZ,CC-->AZ,CC-->AZ,CC-->AZ,CC-->AZ,CC-->AZ,CC-->AZ,CC-->AZ,CC-->AZ,CC-->AZ,CC-->AZ,CC-->AZ,CC-->AZ,,,,,,,,,,,,,,,,,AZ-->CC,AZ-->CC,AZ-->CC,AZ-->CC,AZ-->CC,AZ-->CC,AZ-->CC,AZ-->CC,AZ-->CC,AZ-->CC,AZ-->CC,AZ-->CC,AZ-->CC,AZ-->CC,AZ-->CC,AZ-->CC,AZ-->CC,AZ-->CC,AZ-->CC
CO,COL,Colombia,Bogotá,Americas,South America,,CO-->AZ,CO-->AZ,CO-->AZ,CO-->AZ,CO-->AZ,CO-->AZ,CO-->AZ,CO-->AZ,CO-->AZ,CO-->AZ,CO-->AZ,CO-->AZ,CO-->AZ,CO-->AZ,CO-->AZ,CO-->AZ,CO-->AZ,CO-->AZ,CO-->AZ,,,,,,,,,,,,,,,,,AZ-->CO,AZ-->CO,AZ-->CO,AZ-->CO,AZ-->CO,AZ-->CO,AZ-->CO,AZ-->CO,AZ-->CO,AZ-->CO,AZ-->CO,AZ-->CO,AZ-->CO,AZ-->CO,AZ-->CO,AZ-->CO,AZ-->CO,AZ-->CO,AZ-->CO
KM,COM,Comoros,Moroni,Africa,Eastern Africa,,KM-->AZ,KM-->AZ,KM-->AZ,KM-->AZ,KM-->AZ,KM-->AZ,KM-->AZ,KM-->AZ,KM-->AZ,KM-->AZ,KM-->AZ,KM-->AZ,KM-->AZ,KM-->AZ,KM-->AZ,KM-->AZ,KM-->AZ,KM-->AZ,KM-->AZ,,,,,,,,,,,,,,,,,AZ-->KM,AZ-->KM,AZ-->KM,AZ-->KM,AZ-->KM,AZ-->KM,AZ-->KM,AZ-->KM,AZ-->KM,AZ-->KM,AZ-->KM,AZ-->KM,AZ-->KM,AZ-->KM,AZ-->KM,AZ-->KM,AZ-->KM,AZ-->KM,AZ-->KM
CG,COG,Republic of the Congo,Brazzaville,Africa,Middle Africa,,CG-->AZ,CG-->AZ,CG-->AZ,CG-->AZ,CG-->AZ,CG-->AZ,CG-->AZ,CG-->AZ,CG-->AZ,CG-->AZ,CG-->AZ,CG-->AZ,CG-->AZ,CG-->AZ,CG-->AZ,CG-->AZ,CG-->AZ,CG-->AZ,CG-->AZ,,,,,,,,,,,,,,,,,AZ-->CG,AZ-->CG,AZ-->CG,AZ-->CG,AZ-->CG,AZ-->CG,AZ-->CG,AZ-->CG,AZ-->CG,AZ-->CG,AZ-->CG,AZ-->CG,AZ-->CG,AZ-->CG,AZ-->CG,AZ-->CG,AZ-->CG,AZ-->CG,AZ-->CG
CD,COD,Democratic Republic of the Congo,Kinshasa,Africa,Middle Africa,,CD-->AZ,CD-->AZ,CD-->AZ,CD-->AZ,CD-->AZ,CD-->AZ,CD-->AZ,CD-->AZ,CD-->AZ,CD-->AZ,CD-->AZ,CD-->AZ,CD-->AZ,CD-->AZ,CD-->AZ,CD-->AZ,CD-->AZ,CD-->AZ,CD-->AZ,,,,,,,,,,,,,,,,,AZ-->CD,AZ-->CD,AZ-->CD,AZ-->CD,AZ-->CD,AZ-->CD,AZ-->CD,AZ-->CD,AZ-->CD,AZ-->CD,AZ-->CD,AZ-->CD,AZ-->CD,AZ-->CD,AZ-->CD,AZ-->CD,AZ-->CD,AZ-->CD,AZ-->CD
CK,COK,Cook Islands,Avarua,Oceania,Polynesia,,CK-->AZ,CK-->AZ,CK-->AZ,CK-->AZ,CK-->AZ,CK-->AZ,CK-->AZ,CK-->AZ,CK-->AZ,CK-->AZ,CK-->AZ,CK-->AZ,CK-->AZ,CK-->AZ,CK-->AZ,CK-->AZ,CK-->AZ,CK-->AZ,CK-->AZ,,,,,,,,,,,,,,,,,AZ-->CK,AZ-->CK,AZ-->CK,AZ-->CK,AZ-->CK,AZ-->CK,AZ-->CK,AZ-->CK,AZ-->CK,AZ-->CK,AZ-->CK,AZ-->CK,AZ-->CK,AZ-->CK,AZ-->CK,AZ-->CK,AZ-->CK,AZ-->CK,AZ-->CK
CR,CRI,Costa Rica,San José,Americas,Central America,,CR-->AZ,CR-->AZ,CR-->AZ,CR-->AZ,CR-->AZ,CR-->AZ,CR-->AZ,CR-->AZ,CR-->AZ,CR-->AZ,CR-->AZ,CR-->AZ,CR-->AZ,CR-->AZ,CR-->AZ,CR-->AZ,CR-->AZ,CR-->AZ,CR-->AZ,,,,,,,,,,,,,,,,,AZ-->CR,AZ-->CR,AZ-->CR,AZ-->CR,AZ-->CR,AZ-->CR,AZ-->CR,AZ-->CR,AZ-->CR,AZ-->CR,AZ-->CR,AZ-->CR,AZ-->CR,AZ-->CR,AZ-->CR,AZ-->CR,AZ-->CR,AZ-->CR,AZ-->CR
HR,HRV,Croatia,Zagreb,Europe,Southern Europe,,HR-->AZ,HR-->AZ,HR-->AZ,HR-->AZ,HR-->AZ,HR-->AZ,HR-->AZ,HR-->AZ,HR-->AZ,HR-->AZ,HR-->AZ,HR-->AZ,HR-->AZ,HR-->AZ,HR-->AZ,HR-->AZ,HR-->AZ,HR-->AZ,HR-->AZ,,,,,,,,,,,,,,,,,AZ-->HR,AZ-->HR,AZ-->HR,AZ-->HR,AZ-->HR,AZ-->HR,AZ-->HR,AZ-->HR,AZ-->HR,AZ-->HR,AZ-->HR,AZ-->HR,AZ-->HR,AZ-->HR,AZ-->HR,AZ-->HR,AZ-->HR,AZ-->HR,AZ-->HR
CU,CUB,Cuba,Havana,Americas,Caribbean,,CU-->AZ,CU-->AZ,CU-->AZ,CU-->AZ,CU-->AZ,CU-->AZ,CU-->AZ,CU-->AZ,CU-->AZ,CU-->AZ,CU-->AZ,CU-->AZ,CU-->AZ,CU-->AZ,CU-->AZ,CU-->AZ,CU-->AZ,CU-->AZ,CU-->AZ,,,,,,,,,,,,,,,,,AZ-->CU,AZ-->CU,AZ-->CU,AZ-->CU,AZ-->CU,AZ-->CU,AZ-->CU,AZ-->CU,AZ-->CU,AZ-->CU,AZ-->CU,AZ-->CU,AZ-->CU,AZ-->CU,AZ-->CU,AZ-->CU,AZ-->CU,AZ-->CU,AZ-->CU
CW,CUW,Curaçao,Willemstad,Americas,Caribbean,,CW-->AZ,CW-->AZ,CW-->AZ,CW-->AZ,CW-->AZ,CW-->AZ,CW-->AZ,CW-->AZ,CW-->AZ,CW-->AZ,CW-->AZ,CW-->AZ,CW-->AZ,CW-->AZ,CW-->AZ,CW-->AZ,CW-->AZ,CW-->AZ,CW-->AZ,,,,,,,,,,,,,,,,,AZ-->CW,AZ-->CW,AZ-->CW,AZ-->CW,AZ-->CW,AZ-->CW,AZ-->CW,AZ-->CW,AZ-->CW,AZ-->CW,AZ-->CW,AZ-->CW,AZ-->CW,AZ-->CW,AZ-->CW,AZ-->CW,AZ-->CW,AZ-->CW,AZ-->CW
CY,CYP,Cyprus,Nicosia,Europe,Southern Europe,,CY-->AZ,CY-->AZ,CY-->AZ,CY-->AZ,CY-->AZ,CY-->AZ,CY-->AZ,CY-->AZ,CY-->AZ,CY-->AZ,CY-->AZ,CY-->AZ,CY-->AZ,CY-->AZ,CY-->AZ,CY-->AZ,CY-->AZ,CY-->AZ,CY-->AZ,,,,,,,,,,,,,,,,,AZ-->CY,AZ-->CY,AZ-->CY,AZ-->CY,AZ-->CY,AZ-->CY,AZ-->CY,AZ-->CY,AZ-->CY,AZ-->CY,AZ-->CY,AZ-->CY,AZ-->CY,AZ-->CY,AZ-->CY,AZ-->CY,AZ-->CY,AZ-->CY,AZ-->CY
CZ,CZE,Czech Republic,Prague,Europe,Eastern Europe,,CZ-->AZ,CZ-->AZ,CZ-->AZ,CZ-->AZ,CZ-->AZ,CZ-->AZ,CZ-->AZ,CZ-->AZ,CZ-->AZ,CZ-->AZ,CZ-->AZ,CZ-->AZ,CZ-->AZ,CZ-->AZ,CZ-->AZ,CZ-->AZ,CZ-->AZ,CZ-->AZ,CZ-->AZ,,,,,,,,,,,,,,,,,AZ-->CZ,AZ-->CZ,AZ-->CZ,AZ-->CZ,AZ-->CZ,AZ-->CZ,AZ-->CZ,AZ-->CZ,AZ-->CZ,AZ-->CZ,AZ-->CZ,AZ-->CZ,AZ-->CZ,AZ-->CZ,AZ-->CZ,AZ-->CZ,AZ-->CZ,AZ-->CZ,AZ-->CZ
DK,DNK,Denmark,Copenhagen,Europe,Northern Europe,,DK-->AZ,DK-->AZ,DK-->AZ,DK-->AZ,DK-->AZ,DK-->AZ,DK-->AZ,DK-->AZ,DK-->AZ,DK-->AZ,DK-->AZ,DK-->AZ,DK-->AZ,DK-->AZ,DK-->AZ,DK-->AZ,DK-->AZ,DK-->AZ,DK-->AZ,,,,,,,,,,,,,,,,,AZ-->DK,AZ-->DK,AZ-->DK,AZ-->DK,AZ-->DK,AZ-->DK,AZ-->DK,AZ-->DK,AZ-->DK,AZ-->DK,AZ-->DK,AZ-->DK,AZ-->DK,AZ-->DK,AZ-->DK,AZ-->DK,AZ-->DK,AZ-->DK,AZ-->DK
DJ,DJI,Djibouti,Djibouti,Africa,Eastern Africa,,DJ-->AZ,DJ-->AZ,DJ-->AZ,DJ-->AZ,DJ-->AZ,DJ-->AZ,DJ-->AZ,DJ-->AZ,DJ-->AZ,DJ-->AZ,DJ-->AZ,DJ-->AZ,DJ-->AZ,DJ-->AZ,DJ-->AZ,DJ-->AZ,DJ-->AZ,DJ-->AZ,DJ-->AZ,,,,,,,,,,,,,,,,,AZ-->DJ,AZ-->DJ,AZ-->DJ,AZ-->DJ,AZ-->DJ,AZ-->DJ,AZ-->DJ,AZ-->DJ,AZ-->DJ,AZ-->DJ,AZ-->DJ,AZ-->DJ,AZ-->DJ,AZ-->DJ,AZ-->DJ,AZ-->DJ,AZ-->DJ,AZ-->DJ,AZ-->DJ
DM,DMA,Dominica,Roseau,Americas,Caribbean,,DM-->AZ,DM-->AZ,DM-->AZ,DM-->AZ,DM-->AZ,DM-->AZ,DM-->AZ,DM-->AZ,DM-->AZ,DM-->AZ,DM-->AZ,DM-->AZ,DM-->AZ,DM-->AZ,DM-->AZ,DM-->AZ,DM-->AZ,DM-->AZ,DM-->AZ,,,,,,,,,,,,,,,,,AZ-->DM,AZ-->DM,AZ-->DM,AZ-->DM,AZ-->DM,AZ-->DM,AZ-->DM,AZ-->DM,AZ-->DM,AZ-->DM,AZ-->DM,AZ-->DM,AZ-->DM,AZ-->DM,AZ-->DM,AZ-->DM,AZ-->DM,AZ-->DM,AZ-->DM
DO,DOM,Dominican Republic,Santo Domingo,Americas,Caribbean,,DO-->AZ,DO-->AZ,DO-->AZ,DO-->AZ,DO-->AZ,DO-->AZ,DO-->AZ,DO-->AZ,DO-->AZ,DO-->AZ,DO-->AZ,DO-->AZ,DO-->AZ,DO-->AZ,DO-->AZ,DO-->AZ,DO-->AZ,DO-->AZ,DO-->AZ,,,,,,,,,,,,,,,,,AZ-->DO,AZ-->DO,AZ-->DO,AZ-->DO,AZ-->DO,AZ-->DO,AZ-->DO,AZ-->DO,AZ-->DO,AZ-->DO,AZ-->DO,AZ-->DO,AZ-->DO,AZ-->DO,AZ-->DO,AZ-->DO,AZ-->DO,AZ-->DO,AZ-->DO
EC,ECU,Ecuador,Quito,Americas,South America,,EC-->AZ,EC-->AZ,EC-->AZ,EC-->AZ,EC-->AZ,EC-->AZ,EC-->AZ,EC-->AZ,EC-->AZ,EC-->AZ,EC-->AZ,EC-->AZ,EC-->AZ,EC-->AZ,EC-->AZ,EC-->AZ,EC-->AZ,EC-->AZ,EC-->AZ,,,,,,,,,,,,,,,,,AZ-->EC,AZ-->EC,AZ-->EC,AZ-->EC,AZ-->EC,AZ-->EC,AZ-->EC,AZ-->EC,AZ-->EC,AZ-->EC,AZ-->EC,AZ-->EC,AZ-->EC,AZ-->EC,AZ-->EC,AZ-->EC,AZ-->EC,AZ-->EC,AZ-->EC
EG,EGY,Egypt,Cairo,Africa,Northern Africa,,EG-->AZ,EG-->AZ,EG-->AZ,EG-->AZ,EG-->AZ,EG-->AZ,EG-->AZ,EG-->AZ,EG-->AZ,EG-->AZ,EG-->AZ,EG-->AZ,EG-->AZ,EG-->AZ,EG-->AZ,EG-->AZ,EG-->AZ,EG-->AZ,EG-->AZ,,,,,,,,,,,,,,,,,AZ-->EG,AZ-->EG,AZ-->EG,AZ-->EG,AZ-->EG,AZ-->EG,AZ-->EG,AZ-->EG,AZ-->EG,AZ-->EG,AZ-->EG,AZ-->EG,AZ-->EG,AZ-->EG,AZ-->EG,AZ-->EG,AZ-->EG,AZ-->EG,AZ-->EG
SV,SLV,El Salvador,San Salvador,Americas,Central America,,SV-->AZ,SV-->AZ,SV-->AZ,SV-->AZ,SV-->AZ,SV-->AZ,SV-->AZ,SV-->AZ,SV-->AZ,SV-->AZ,SV-->AZ,SV-->AZ,SV-->AZ,SV-->AZ,SV-->AZ,SV-->AZ,SV-->AZ,SV-->AZ,SV-->AZ,,,,,,,,,,,,,,,,,AZ-->SV,AZ-->SV,AZ-->SV,AZ-->SV,AZ-->SV,AZ-->SV,AZ-->SV,AZ-->SV,AZ-->SV,AZ-->SV,AZ-->SV,AZ-->SV,AZ-->SV,AZ-->SV,AZ-->SV,AZ-->SV,AZ-->SV,AZ-->SV,AZ-->SV
GQ,GNQ,Equatorial Guinea,Malabo,Africa,Middle Africa,,GQ-->AZ,GQ-->AZ,GQ-->AZ,GQ-->AZ,GQ-->AZ,GQ-->AZ,GQ-->AZ,GQ-->AZ,GQ-->AZ,GQ-->AZ,GQ-->AZ,GQ-->AZ,GQ-->AZ,GQ-->AZ,GQ-->AZ,GQ-->AZ,GQ-->AZ,GQ-->AZ,GQ-->AZ,,,,,,,,,,,,,,,,,AZ-->GQ,AZ-->GQ,AZ-->GQ,AZ-->GQ,AZ-->GQ,AZ-->GQ,AZ-->GQ,AZ-->GQ,AZ-->GQ,AZ-->GQ,AZ-->GQ,AZ-->GQ,AZ-->GQ,AZ-->GQ,AZ-->GQ,AZ-->GQ,AZ-->GQ,AZ-->GQ,AZ-->GQ
ER,ERI,Eritrea,Asmara,Africa,Eastern Africa,,ER-->AZ,ER-->AZ,ER-->AZ,ER-->AZ,ER-->AZ,ER-->AZ,ER-->AZ,ER-->AZ,ER-->AZ,ER-->AZ,ER-->AZ,ER-->AZ,ER-->AZ,ER-->AZ,ER-->AZ,ER-->AZ,ER-->AZ,ER-->AZ,ER-->AZ,,,,,,,,,,,,,,,,,AZ-->ER,AZ-->ER,AZ-->ER,AZ-->ER,AZ-->ER,AZ-->ER,AZ-->ER,AZ-->ER,AZ-->ER,AZ-->ER,AZ-->ER,AZ-->ER,AZ-->ER,AZ-->ER,AZ-->ER,AZ-->ER,AZ-->ER,AZ-->ER,AZ-->ER
EE,EST,Estonia,Tallinn,Europe,Northern Europe,,EE-->AZ,EE-->AZ,EE-->AZ,EE-->AZ,EE-->AZ,EE-->AZ,EE-->AZ,EE-->AZ,EE-->AZ,EE-->AZ,EE-->AZ,EE-->AZ,EE-->AZ,EE-->AZ,EE-->AZ,EE-->AZ,EE-->AZ,EE-->AZ,EE-->AZ,,,,,,,,,,,,,,,,,AZ-->EE,AZ-->EE,AZ-->EE,AZ-->EE,AZ-->EE,AZ-->EE,AZ-->EE,AZ-->EE,AZ-->EE,AZ-->EE,AZ-->EE,AZ-->EE,AZ-->EE,AZ-->EE,AZ-->EE,AZ-->EE,AZ-->EE,AZ-->EE,AZ-->EE
ET,ETH,Ethiopia,Addis Ababa,Africa,Eastern Africa,,ET-->AZ,ET-->AZ,ET-->AZ,ET-->AZ,ET-->AZ,ET-->AZ,ET-->AZ,ET-->AZ,ET-->AZ,ET-->AZ,ET-->AZ,ET-->AZ,ET-->AZ,ET-->AZ,ET-->AZ,ET-->AZ,ET-->AZ,ET-->AZ,ET-->AZ,,,,,,,,,,,,,,,,,AZ-->ET,AZ-->ET,AZ-->ET,AZ-->ET,AZ-->ET,AZ-->ET,AZ-->ET,AZ-->ET,AZ-->ET,AZ-->ET,AZ-->ET,AZ-->ET,AZ-->ET,AZ-->ET,AZ-->ET,AZ-->ET,AZ-->ET,AZ-->ET,AZ-->ET
FK,FLK,Falkland Islands,Stanley,Americas,South America,,FK-->AZ,FK-->AZ,FK-->AZ,FK-->AZ,FK-->AZ,FK-->AZ,FK-->AZ,FK-->AZ,FK-->AZ,FK-->AZ,FK-->AZ,FK-->AZ,FK-->AZ,FK-->AZ,FK-->AZ,FK-->AZ,FK-->AZ,FK-->AZ,FK-->AZ,,,,,,,,,,,,,,,,,AZ-->FK,AZ-->FK,AZ-->FK,AZ-->FK,AZ-->FK,AZ-->FK,AZ-->FK,AZ-->FK,AZ-->FK,AZ-->FK,AZ-->FK,AZ-->FK,AZ-->FK,AZ-->FK,AZ-->FK,AZ-->FK,AZ-->FK,AZ-->FK,AZ-->FK
FO,FRO,Faroe Islands,Tórshavn,Europe,Northern Europe,,FO-->AZ,FO-->AZ,FO-->AZ,FO-->AZ,FO-->AZ,FO-->AZ,FO-->AZ,FO-->AZ,FO-->AZ,FO-->AZ,FO-->AZ,FO-->AZ,FO-->AZ,FO-->AZ,FO-->AZ,FO-->AZ,FO-->AZ,FO-->AZ,FO-->AZ,,,,,,,,,,,,,,,,,AZ-->FO,AZ-->FO,AZ-->FO,AZ-->FO,AZ-->FO,AZ-->FO,AZ-->FO,AZ-->FO,AZ-->FO,AZ-->FO,AZ-->FO,AZ-->FO,AZ-->FO,AZ-->FO,AZ-->FO,AZ-->FO,AZ-->FO,AZ-->FO,AZ-->FO
FJ,FJI,Fiji,Suva,Oceania,Melanesia,,FJ-->AZ,FJ-->AZ,FJ-->AZ,FJ-->AZ,FJ-->AZ,FJ-->AZ,FJ-->AZ,FJ-->AZ,FJ-->AZ,FJ-->AZ,FJ-->AZ,FJ-->AZ,FJ-->AZ,FJ-->AZ,FJ-->AZ,FJ-->AZ,FJ-->AZ,FJ-->AZ,FJ-->AZ,,,,,,,,,,,,,,,,,AZ-->FJ,AZ-->FJ,AZ-->FJ,AZ-->FJ,AZ-->FJ,AZ-->FJ,AZ-->FJ,AZ-->FJ,AZ-->FJ,AZ-->FJ,AZ-->FJ,AZ-->FJ,AZ-->FJ,AZ-->FJ,AZ-->FJ,AZ-->FJ,AZ-->FJ,AZ-->FJ,AZ-->FJ
FI,FIN,Finland,Helsinki,Europe,Northern Europe,,FI-->AZ,FI-->AZ,FI-->AZ,FI-->AZ,FI-->AZ,FI-->AZ,FI-->AZ,FI-->AZ,FI-->AZ,FI-->AZ,FI-->AZ,FI-->AZ,FI-->AZ,FI-->AZ,FI-->AZ,FI-->AZ,FI-->AZ,FI-->AZ,FI-->AZ,,,,,,,,,,,,,,,,,AZ-->FI,AZ-->FI,AZ-->FI,AZ-->FI,AZ-->FI,AZ-->FI,AZ-->FI,AZ-->FI,AZ-->FI,AZ-->FI,AZ-->FI,AZ-->FI,AZ-->FI,AZ-->FI,AZ-->FI,AZ-->FI,AZ-->FI,AZ-->FI,AZ-->FI
FR,FRA,France,Paris,Europe,Western Europe,,FR-->AZ,FR-->AZ,FR-->AZ,FR-->AZ,FR-->AZ,FR-->AZ,FR-->AZ,FR-->AZ,FR-->AZ,FR-->AZ,FR-->AZ,FR-->AZ,FR-->AZ,FR-->AZ,FR-->AZ,FR-->AZ,FR-->AZ,FR-->AZ,FR-->AZ,,,,,,,,,,,,,,,,,AZ-->FR,AZ-->FR,AZ-->FR,AZ-->FR,AZ-->FR,AZ-->FR,AZ-->FR,AZ-->FR,AZ-->FR,AZ-->FR,AZ-->FR,AZ-->FR,AZ-->FR,AZ-->FR,AZ-->FR,AZ-->FR,AZ-->FR,AZ-->FR,AZ-->FR
GF,GUF,French Guiana,Cayenne,Americas,South America,,GF-->AZ,GF-->AZ,GF-->AZ,GF-->AZ,GF-->AZ,GF-->AZ,GF-->AZ,GF-->AZ,GF-->AZ,GF-->AZ,GF-->AZ,GF-->AZ,GF-->AZ,GF-->AZ,GF-->AZ,GF-->AZ,GF-->AZ,GF-->AZ,GF-->AZ,,,,,,,,,,,,,,,,,AZ-->GF,AZ-->GF,AZ-->GF,AZ-->GF,AZ-->GF,AZ-->GF,AZ-->GF,AZ-->GF,AZ-->GF,AZ-->GF,AZ-->GF,AZ-->GF,AZ-->GF,AZ-->GF,AZ-->GF,AZ-->GF,AZ-->GF,AZ-->GF,AZ-->GF
PF,PYF,French Polynesia,Papeetē,Oceania,Polynesia,,PF-->AZ,PF-->AZ,PF-->AZ,PF-->AZ,PF-->AZ,PF-->AZ,PF-->AZ,PF-->AZ,PF-->AZ,PF-->AZ,PF-->AZ,PF-->AZ,PF-->AZ,PF-->AZ,PF-->AZ,PF-->AZ,PF-->AZ,PF-->AZ,PF-->AZ,,,,,,,,,,,,,,,,,AZ-->PF,AZ-->PF,AZ-->PF,AZ-->PF,AZ-->PF,AZ-->PF,AZ-->PF,AZ-->PF,AZ-->PF,AZ-->PF,AZ-->PF,AZ-->PF,AZ-->PF,AZ-->PF,AZ-->PF,AZ-->PF,AZ-->PF,AZ-->PF,AZ-->PF
TF,ATF,French Southern and Antarctic Lands,Port-aux-Français,Africa,Southern Africa,,TF-->AZ,TF-->AZ,TF-->AZ,TF-->AZ,TF-->AZ,TF-->AZ,TF-->AZ,TF-->AZ,TF-->AZ,TF-->AZ,TF-->AZ,TF-->AZ,TF-->AZ,TF-->AZ,TF-->AZ,TF-->AZ,TF-->AZ,TF-->AZ,TF-->AZ,,,,,,,,,,,,,,,,,AZ-->TF,AZ-->TF,AZ-->TF,AZ-->TF,AZ-->TF,AZ-->TF,AZ-->TF,AZ-->TF,AZ-->TF,AZ-->TF,AZ-->TF,AZ-->TF,AZ-->TF,AZ-->TF,AZ-->TF,AZ-->TF,AZ-->TF,AZ-->TF,AZ-->TF
GA,GAB,Gabon,Libreville,Africa,Middle Africa,,GA-->AZ,GA-->AZ,GA-->AZ,GA-->AZ,GA-->AZ,GA-->AZ,GA-->AZ,GA-->AZ,GA-->AZ,GA-->AZ,GA-->AZ,GA-->AZ,GA-->AZ,GA-->AZ,GA-->AZ,GA-->AZ,GA-->AZ,GA-->AZ,GA-->AZ,,,,,,,,,,,,,,,,,AZ-->GA,AZ-->GA,AZ-->GA,AZ-->GA,AZ-->GA,AZ-->GA,AZ-->GA,AZ-->GA,AZ-->GA,AZ-->GA,AZ-->GA,AZ-->GA,AZ-->GA,AZ-->GA,AZ-->GA,AZ-->GA,AZ-->GA,AZ-->GA,AZ-->GA
GM,GMB,The Gambia,Banjul,Africa,Western Africa,,GM-->AZ,GM-->AZ,GM-->AZ,GM-->AZ,GM-->AZ,GM-->AZ,GM-->AZ,GM-->AZ,GM-->AZ,GM-->AZ,GM-->AZ,GM-->AZ,GM-->AZ,GM-->AZ,GM-->AZ,GM-->AZ,GM-->AZ,GM-->AZ,GM-->AZ,,,,,,,,,,,,,,,,,AZ-->GM,AZ-->GM,AZ-->GM,AZ-->GM,AZ-->GM,AZ-->GM,AZ-->GM,AZ-->GM,AZ-->GM,AZ-->GM,AZ-->GM,AZ-->GM,AZ-->GM,AZ-->GM,AZ-->GM,AZ-->GM,AZ-->GM,AZ-->GM,AZ-->GM
GE,GEO,Georgia,Tbilisi,Asia,Western Asia,,GE-->AZ,GE-->AZ,GE-->AZ,GE-->AZ,GE-->AZ,GE-->AZ,GE-->AZ,GE-->AZ,GE-->AZ,GE-->AZ,GE-->AZ,GE-->AZ,GE-->AZ,GE-->AZ,GE-->AZ,GE-->AZ,GE-->AZ,GE-->AZ,GE-->AZ,,,,,,,,,,,,,,,,,AZ-->GE,AZ-->GE,AZ-->GE,AZ-->GE,AZ-->GE,AZ-->GE,AZ-->GE,AZ-->GE,AZ-->GE,AZ-->GE,AZ-->GE,AZ-->GE,AZ-->GE,AZ-->GE,AZ-->GE,AZ-->GE,AZ-->GE,AZ-->GE,AZ-->GE
DE,DEU,Germany,Berlin,Europe,Western Europe,,DE-->AZ,DE-->AZ,DE-->AZ,DE-->AZ,DE-->AZ,DE-->AZ,DE-->AZ,DE-->AZ,DE-->AZ,DE-->AZ,DE-->AZ,DE-->AZ,DE-->AZ,DE-->AZ,DE-->AZ,DE-->AZ,DE-->AZ,DE-->AZ,DE-->AZ,,,,,,,,,,,,,,,,,AZ-->DE,AZ-->DE,AZ-->DE,AZ-->DE,AZ-->DE,AZ-->DE,AZ-->DE,AZ-->DE,AZ-->DE,AZ-->DE,AZ-->DE,AZ-->DE,AZ-->DE,AZ-->DE,AZ-->DE,AZ-->DE,AZ-->DE,AZ-->DE,AZ-->DE
GH,GHA,Ghana,Accra,Africa,Western Africa,,GH-->AZ,GH-->AZ,GH-->AZ,GH-->AZ,GH-->AZ,GH-->AZ,GH-->AZ,GH-->AZ,GH-->AZ,GH-->AZ,GH-->AZ,GH-->AZ,GH-->AZ,GH-->AZ,GH-->AZ,GH-->AZ,GH-->AZ,GH-->AZ,GH-->AZ,,,,,,,,,,,,,,,,,AZ-->GH,AZ-->GH,AZ-->GH,AZ-->GH,AZ-->GH,AZ-->GH,AZ-->GH,AZ-->GH,AZ-->GH,AZ-->GH,AZ-->GH,AZ-->GH,AZ-->GH,AZ-->GH,AZ-->GH,AZ-->GH,AZ-->GH,AZ-->GH,AZ-->GH
GI,GIB,Gibraltar,Gibraltar,Europe,Southern Europe,,GI-->AZ,GI-->AZ,GI-->AZ,GI-->AZ,GI-->AZ,GI-->AZ,GI-->AZ,GI-->AZ,GI-->AZ,GI-->AZ,GI-->AZ,GI-->AZ,GI-->AZ,GI-->AZ,GI-->AZ,GI-->AZ,GI-->AZ,GI-->AZ,GI-->AZ,,,,,,,,,,,,,,,,,AZ-->GI,AZ-->GI,AZ-->GI,AZ-->GI,AZ-->GI,AZ-->GI,AZ-->GI,AZ-->GI,AZ-->GI,AZ-->GI,AZ-->GI,AZ-->GI,AZ-->GI,AZ-->GI,AZ-->GI,AZ-->GI,AZ-->GI,AZ-->GI,AZ-->GI
GR,GRC,Greece,Athens,Europe,Southern Europe,,GR-->AZ,GR-->AZ,GR-->AZ,GR-->AZ,GR-->AZ,GR-->AZ,GR-->AZ,GR-->AZ,GR-->AZ,GR-->AZ,GR-->AZ,GR-->AZ,GR-->AZ,GR-->AZ,GR-->AZ,GR-->AZ,GR-->AZ,GR-->AZ,GR-->AZ,,,,,,,,,,,,,,,,,AZ-->GR,AZ-->GR,AZ-->GR,AZ-->GR,AZ-->GR,AZ-->GR,AZ-->GR,AZ-->GR,AZ-->GR,AZ-->GR,AZ-->GR,AZ-->GR,AZ-->GR,AZ-->GR,AZ-->GR,AZ-->GR,AZ-->GR,AZ-->GR,AZ-->GR
GL,GRL,Greenland,Nuuk,Americas,Northern America,,GL-->AZ,GL-->AZ,GL-->AZ,GL-->AZ,GL-->AZ,GL-->AZ,GL-->AZ,GL-->AZ,GL-->AZ,GL-->AZ,GL-->AZ,GL-->AZ,GL-->AZ,GL-->AZ,GL-->AZ,GL-->AZ,GL-->AZ,GL-->AZ,GL-->AZ,,,,,,,,,,,,,,,,,AZ-->GL,AZ-->GL,AZ-->GL,AZ-->GL,AZ-->GL,AZ-->GL,AZ-->GL,AZ-->GL,AZ-->GL,AZ-->GL,AZ-->GL,AZ-->GL,AZ-->GL,AZ-->GL,AZ-->GL,AZ-->GL,AZ-->GL,AZ-->GL,AZ-->GL
GD,GRD,Grenada,St. George's,Americas,Caribbean,,GD-->AZ,GD-->AZ,GD-->AZ,GD-->AZ,GD-->AZ,GD-->AZ,GD-->AZ,GD-->AZ,GD-->AZ,GD-->AZ,GD-->AZ,GD-->AZ,GD-->AZ,GD-->AZ,GD-->AZ,GD-->AZ,GD-->AZ,GD-->AZ,GD-->AZ,,,,,,,,,,,,,,,,,AZ-->GD,AZ-->GD,AZ-->GD,AZ-->GD,AZ-->GD,AZ-->GD,AZ-->GD,AZ-->GD,AZ-->GD,AZ-->GD,AZ-->GD,AZ-->GD,AZ-->GD,AZ-->GD,AZ-->GD,AZ-->GD,AZ-->GD,AZ-->GD,AZ-->GD
GP,GLP,Guadeloupe,Basse-Terre,Americas,Caribbean,,GP-->AZ,GP-->AZ,GP-->AZ,GP-->AZ,GP-->AZ,GP-->AZ,GP-->AZ,GP-->AZ,GP-->AZ,GP-->AZ,GP-->AZ,GP-->AZ,GP-->AZ,GP-->AZ,GP-->AZ,GP-->AZ,GP-->AZ,GP-->AZ,GP-->AZ,,,,,,,,,,,,,,,,,AZ-->GP,AZ-->GP,AZ-->GP,AZ-->GP,AZ-->GP,AZ-->GP,AZ-->GP,AZ-->GP,AZ-->GP,AZ-->GP,AZ-->GP,AZ-->GP,AZ-->GP,AZ-->GP,AZ-->GP,AZ-->GP,AZ-->GP,AZ-->GP,AZ-->GP
GU,GUM,Guam,Hagåtña,Oceania,Micronesia,,GU-->AZ,GU-->AZ,GU-->AZ,GU-->AZ,GU-->AZ,GU-->AZ,GU-->AZ,GU-->AZ,GU-->AZ,GU-->AZ,GU-->AZ,GU-->AZ,GU-->AZ,GU-->AZ,GU-->AZ,GU-->AZ,GU-->AZ,GU-->AZ,GU-->AZ,,,,,,,,,,,,,,,,,AZ-->GU,AZ-->GU,AZ-->GU,AZ-->GU,AZ-->GU,AZ-->GU,AZ-->GU,AZ-->GU,AZ-->GU,AZ-->GU,AZ-->GU,AZ-->GU,AZ-->GU,AZ-->GU,AZ-->GU,AZ-->GU,AZ-->GU,AZ-->GU,AZ-->GU
GT,GTM,Guatemala,Guatemala City,Americas,Central America,,GT-->AZ,GT-->AZ,GT-->AZ,GT-->AZ,GT-->AZ,GT-->AZ,GT-->AZ,GT-->AZ,GT-->AZ,GT-->AZ,GT-->AZ,GT-->AZ,GT-->AZ,GT-->AZ,GT-->AZ,GT-->AZ,GT-->AZ,GT-->AZ,GT-->AZ,,,,,,,,,,,,,,,,,AZ-->GT,AZ-->GT,AZ-->GT,AZ-->GT,AZ-->GT,AZ-->GT,AZ-->GT,AZ-->GT,AZ-->GT,AZ-->GT,AZ-->GT,AZ-->GT,AZ-->GT,AZ-->GT,AZ-->GT,AZ-->GT,AZ-->GT,AZ-->GT,AZ-->GT
GG,GGY,Guernsey,St. Peter Port,Europe,Northern Europe,,GG-->AZ,GG-->AZ,GG-->AZ,GG-->AZ,GG-->AZ,GG-->AZ,GG-->AZ,GG-->AZ,GG-->AZ,GG-->AZ,GG-->AZ,GG-->AZ,GG-->AZ,GG-->AZ,GG-->AZ,GG-->AZ,GG-->AZ,GG-->AZ,GG-->AZ,,,,,,,,,,,,,,,,,AZ-->GG,AZ-->GG,AZ-->GG,AZ-->GG,AZ-->GG,AZ-->GG,AZ-->GG,AZ-->GG,AZ-->GG,AZ-->GG,AZ-->GG,AZ-->GG,AZ-->GG,AZ-->GG,AZ-->GG,AZ-->GG,AZ-->GG,AZ-->GG,AZ-->GG
GN,GIN,Guinea,Conakry,Africa,Western Africa,,GN-->AZ,GN-->AZ,GN-->AZ,GN-->AZ,GN-->AZ,GN-->AZ,GN-->AZ,GN-->AZ,GN-->AZ,GN-->AZ,GN-->AZ,GN-->AZ,GN-->AZ,GN-->AZ,GN-->AZ,GN-->AZ,GN-->AZ,GN-->AZ,GN-->AZ,,,,,,,,,,,,,,,,,AZ-->GN,AZ-->GN,AZ-->GN,AZ-->GN,AZ-->GN,AZ-->GN,AZ-->GN,AZ-->GN,AZ-->GN,AZ-->GN,AZ-->GN,AZ-->GN,AZ-->GN,AZ-->GN,AZ-->GN,AZ-->GN,AZ-->GN,AZ-->GN,AZ-->GN
GW,GNB,Guinea-Bissau,Bissau,Africa,Western Africa,,GW-->AZ,GW-->AZ,GW-->AZ,GW-->AZ,GW-->AZ,GW-->AZ,GW-->AZ,GW-->AZ,GW-->AZ,GW-->AZ,GW-->AZ,GW-->AZ,GW-->AZ,GW-->AZ,GW-->AZ,GW-->AZ,GW-->AZ,GW-->AZ,GW-->AZ,,,,,,,,,,,,,,,,,AZ-->GW,AZ-->GW,AZ-->GW,AZ-->GW,AZ-->GW,AZ-->GW,AZ-->GW,AZ-->GW,AZ-->GW,AZ-->GW,AZ-->GW,AZ-->GW,AZ-->GW,AZ-->GW,AZ-->GW,AZ-->GW,AZ-->GW,AZ-->GW,AZ-->GW
GY,GUY,Guyana,Georgetown,Americas,South America,,GY-->AZ,GY-->AZ,GY-->AZ,GY-->AZ,GY-->AZ,GY-->AZ,GY-->AZ,GY-->AZ,GY-->AZ,GY-->AZ,GY-->AZ,GY-->AZ,GY-->AZ,GY-->AZ,GY-->AZ,GY-->AZ,GY-->AZ,GY-->AZ,GY-->AZ,,,,,,,,,,,,,,,,,AZ-->GY,AZ-->GY,AZ-->GY,AZ-->GY,AZ-->GY,AZ-->GY,AZ-->GY,AZ-->GY,AZ-->GY,AZ-->GY,AZ-->GY,AZ-->GY,AZ-->GY,AZ-->GY,AZ-->GY,AZ-->GY,AZ-->GY,AZ-->GY,AZ-->GY
HT,HTI,Haiti,Port-au-Prince,Americas,Caribbean,,HT-->AZ,HT-->AZ,HT-->AZ,HT-->AZ,HT-->AZ,HT-->AZ,HT-->AZ,HT-->AZ,HT-->AZ,HT-->AZ,HT-->AZ,HT-->AZ,HT-->AZ,HT-->AZ,HT-->AZ,HT-->AZ,HT-->AZ,HT-->AZ,HT-->AZ,,,,,,,,,,,,,,,,,AZ-->HT,AZ-->HT,AZ-->HT,AZ-->HT,AZ-->HT,AZ-->HT,AZ-->HT,AZ-->HT,AZ-->HT,AZ-->HT,AZ-->HT,AZ-->HT,AZ-->HT,AZ-->HT,AZ-->HT,AZ-->HT,AZ-->HT,AZ-->HT,AZ-->HT
HM,HMD,Heard Island and McDonald Islands,,,,,HM-->AZ,HM-->AZ,HM-->AZ,HM-->AZ,HM-->AZ,HM-->AZ,HM-->AZ,HM-->AZ,HM-->AZ,HM-->AZ,HM-->AZ,HM-->AZ,HM-->AZ,HM-->AZ,HM-->AZ,HM-->AZ,HM-->AZ,HM-->AZ,HM-->AZ,,,,,,,,,,,,,,,,,AZ-->HM,AZ-->HM,AZ-->HM,AZ-->HM,AZ-->HM,AZ-->HM,AZ-->HM,AZ-->HM,AZ-->HM,AZ-->HM,AZ-->HM,AZ-->HM,AZ-->HM,AZ-->HM,AZ-->HM,AZ-->HM,AZ-->HM,AZ-->HM,AZ-->HM
VA,VAT,Holy See,Rome,Europe,Southern Europe,,VA-->AZ,VA-->AZ,VA-->AZ,VA-->AZ,VA-->AZ,VA-->AZ,VA-->AZ,VA-->AZ,VA-->AZ,VA-->AZ,VA-->AZ,VA-->AZ,VA-->AZ,VA-->AZ,VA-->AZ,VA-->AZ,VA-->AZ,VA-->AZ,VA-->AZ,,,,,,,,,,,,,,,,,AZ-->VA,AZ-->VA,AZ-->VA,AZ-->VA,AZ-->VA,AZ-->VA,AZ-->VA,AZ-->VA,AZ-->VA,AZ-->VA,AZ-->VA,AZ-->VA,AZ-->VA,AZ-->VA,AZ-->VA,AZ-->VA,AZ-->VA,AZ-->VA,AZ-->VA
HN,HND,Honduras,Tegucigalpa,Americas,Central America,,HN-->AZ,HN-->AZ,HN-->AZ,HN-->AZ,HN-->AZ,HN-->AZ,HN-->AZ,HN-->AZ,HN-->AZ,HN-->AZ,HN-->AZ,HN-->AZ,HN-->AZ,HN-->AZ,HN-->AZ,HN-->AZ,HN-->AZ,HN-->AZ,HN-->AZ,,,,,,,,,,,,,,,,,AZ-->HN,AZ-->HN,AZ-->HN,AZ-->HN,AZ-->HN,AZ-->HN,AZ-->HN,AZ-->HN,AZ-->HN,AZ-->HN,AZ-->HN,AZ-->HN,AZ-->HN,AZ-->HN,AZ-->HN,AZ-->HN,AZ-->HN,AZ-->HN,AZ-->HN
HK,HKG,Hong Kong,City of Victoria,Asia,Eastern Asia,,HK-->AZ,HK-->AZ,HK-->AZ,HK-->AZ,HK-->AZ,HK-->AZ,HK-->AZ,HK-->AZ,HK-->AZ,HK-->AZ,HK-->AZ,HK-->AZ,HK-->AZ,HK-->AZ,HK-->AZ,HK-->AZ,HK-->AZ,HK-->AZ,HK-->AZ,,,,,,,,,,,,,,,,,AZ-->HK,AZ-->HK,AZ-->HK,AZ-->HK,AZ-->HK,AZ-->HK,AZ-->HK,AZ-->HK,AZ-->HK,AZ-->HK,AZ-->HK,AZ-->HK,AZ-->HK,AZ-->HK,AZ-->HK,AZ-->HK,AZ-->HK,AZ-->HK,AZ-->HK
HU,HUN,Hungary,Budapest,Europe,Eastern Europe,,HU-->AZ,HU-->AZ,HU-->AZ,HU-->AZ,HU-->AZ,HU-->AZ,HU-->AZ,HU-->AZ,HU-->AZ,HU-->AZ,HU-->AZ,HU-->AZ,HU-->AZ,HU-->AZ,HU-->AZ,HU-->AZ,HU-->AZ,HU-->AZ,HU-->AZ,,,,,,,,,,,,,,,,,AZ-->HU,AZ-->HU,AZ-->HU,AZ-->HU,AZ-->HU,AZ-->HU,AZ-->HU,AZ-->HU,AZ-->HU,AZ-->HU,AZ-->HU,AZ-->HU,AZ-->HU,AZ-->HU,AZ-->HU,AZ-->HU,AZ-->HU,AZ-->HU,AZ-->HU
IS,ISL,Iceland,Reykjavík,Europe,Northern Europe,,IS-->AZ,IS-->AZ,IS-->AZ,IS-->AZ,IS-->AZ,IS-->AZ,IS-->AZ,IS-->AZ,IS-->AZ,IS-->AZ,IS-->AZ,IS-->AZ,IS-->AZ,IS-->AZ,IS-->AZ,IS-->AZ,IS-->AZ,IS-->AZ,IS-->AZ,,,,,,,,,,,,,,,,,AZ-->IS,AZ-->IS,AZ-->IS,AZ-->IS,AZ-->IS,AZ-->IS,AZ-->IS,AZ-->IS,AZ-->IS,AZ-->IS,AZ-->IS,AZ-->IS,AZ-->IS,AZ-->IS,AZ-->IS,AZ-->IS,AZ-->IS,AZ-->IS,AZ-->IS
IN,IND,India,New Delhi,Asia,Southern Asia,,IN-->AZ,IN-->AZ,IN-->AZ,IN-->AZ,IN-->AZ,IN-->AZ,IN-->AZ,IN-->AZ,IN-->AZ,IN-->AZ,IN-->AZ,IN-->AZ,IN-->AZ,IN-->AZ,IN-->AZ,IN-->AZ,IN-->AZ,IN-->AZ,IN-->AZ,,,,,,,,,,,,,,,,,AZ-->IN,AZ-->IN,AZ-->IN,AZ-->IN,AZ-->IN,AZ-->IN,AZ-->IN,AZ-->IN,AZ-->IN,AZ-->IN,AZ-->IN,AZ-->IN,AZ-->IN,AZ-->IN,AZ-->IN,AZ-->IN,AZ-->IN,AZ-->IN,AZ-->IN
ID,IDN,Indonesia,Jakarta,Asia,South-Eastern Asia,,ID-->AZ,ID-->AZ,ID-->AZ,ID-->AZ,ID-->AZ,ID-->AZ,ID-->AZ,ID-->AZ,ID-->AZ,ID-->AZ,ID-->AZ,ID-->AZ,ID-->AZ,ID-->AZ,ID-->AZ,ID-->AZ,ID-->AZ,ID-->AZ,ID-->AZ,,,,,,,,,,,,,,,,,AZ-->ID,AZ-->ID,AZ-->ID,AZ-->ID,AZ-->ID,AZ-->ID,AZ-->ID,AZ-->ID,AZ-->ID,AZ-->ID,AZ-->ID,AZ-->ID,AZ-->ID,AZ-->ID,AZ-->ID,AZ-->ID,AZ-->ID,AZ-->ID,AZ-->ID
CI,CIV,Ivory Coast,Yamoussoukro,Africa,Western Africa,,CI-->AZ,CI-->AZ,CI-->AZ,CI-->AZ,CI-->AZ,CI-->AZ,CI-->AZ,CI-->AZ,CI-->AZ,CI-->AZ,CI-->AZ,CI-->AZ,CI-->AZ,CI-->AZ,CI-->AZ,CI-->AZ,CI-->AZ,CI-->AZ,CI-->AZ,,,,,,,,,,,,,,,,,AZ-->CI,AZ-->CI,AZ-->CI,AZ-->CI,AZ-->CI,AZ-->CI,AZ-->CI,AZ-->CI,AZ-->CI,AZ-->CI,AZ-->CI,AZ-->CI,AZ-->CI,AZ-->CI,AZ-->CI,AZ-->CI,AZ-->CI,AZ-->CI,AZ-->CI
IR,IRN,Iran,Tehran,Asia,Southern Asia,,IR-->AZ,IR-->AZ,IR-->AZ,IR-->AZ,IR-->AZ,IR-->AZ,IR-->AZ,IR-->AZ,IR-->AZ,IR-->AZ,IR-->AZ,IR-->AZ,IR-->AZ,IR-->AZ,IR-->AZ,IR-->AZ,IR-->AZ,IR-->AZ,IR-->AZ,,,,,,,,,,,,,,,,,AZ-->IR,AZ-->IR,AZ-->IR,AZ-->IR,AZ-->IR,AZ-->IR,AZ-->IR,AZ-->IR,AZ-->IR,AZ-->IR,AZ-->IR,AZ-->IR,AZ-->IR,AZ-->IR,AZ-->IR,AZ-->IR,AZ-->IR,AZ-->IR,AZ-->IR
IQ,IRQ,Iraq,Baghdad,Asia,Western Asia,,IQ-->AZ,IQ-->AZ,IQ-->AZ,IQ-->AZ,IQ-->AZ,IQ-->AZ,IQ-->AZ,IQ-->AZ,IQ-->AZ,IQ-->AZ,IQ-->AZ,IQ-->AZ,IQ-->AZ,IQ-->AZ,IQ-->AZ,IQ-->AZ,IQ-->AZ,IQ-->AZ,IQ-->AZ,,,,,,,,,,,,,,,,,AZ-->IQ,AZ-->IQ,AZ-->IQ,AZ-->IQ,AZ-->IQ,AZ-->IQ,AZ-->IQ,AZ-->IQ,AZ-->IQ,AZ-->IQ,AZ-->IQ,AZ-->IQ,AZ-->IQ,AZ-->IQ,AZ-->IQ,AZ-->IQ,AZ-->IQ,AZ-->IQ,AZ-->IQ
IE,IRL,Republic of Ireland,Dublin,Europe,Northern Europe,,IE-->AZ,IE-->AZ,IE-->AZ,IE-->AZ,IE-->AZ,IE-->AZ,IE-->AZ,IE-->AZ,IE-->AZ,IE-->AZ,IE-->AZ,IE-->AZ,IE-->AZ,IE-->AZ,IE-->AZ,IE-->AZ,IE-->AZ,IE-->AZ,IE-->AZ,,,,,,,,,,,,,,,,,AZ-->IE,AZ-->IE,AZ-->IE,AZ-->IE,AZ-->IE,AZ-->IE,AZ-->IE,AZ-->IE,AZ-->IE,AZ-->IE,AZ-->IE,AZ-->IE,AZ-->IE,AZ-->IE,AZ-->IE,AZ-->IE,AZ-->IE,AZ-->IE,AZ-->IE
IM,IMN,Isle of Man,Douglas,Europe,Northern Europe,,IM-->AZ,IM-->AZ,IM-->AZ,IM-->AZ,IM-->AZ,IM-->AZ,IM-->AZ,IM-->AZ,IM-->AZ,IM-->AZ,IM-->AZ,IM-->AZ,IM-->AZ,IM-->AZ,IM-->AZ,IM-->AZ,IM-->AZ,IM-->AZ,IM-->AZ,,,,,,,,,,,,,,,,,AZ-->IM,AZ-->IM,AZ-->IM,AZ-->IM,AZ-->IM,AZ-->IM,AZ-->IM,AZ-->IM,AZ-->IM,AZ-->IM,AZ-->IM,AZ-->IM,AZ-->IM,AZ-->IM,AZ-->IM,AZ-->IM,AZ-->IM,AZ-->IM,AZ-->IM
IL,ISR,Israel,Jerusalem,Asia,Western Asia,,IL-->AZ,IL-->AZ,IL-->AZ,IL-->AZ,IL-->AZ,IL-->AZ,IL-->AZ,IL-->AZ,IL-->AZ,IL-->AZ,IL-->AZ,IL-->AZ,IL-->AZ,IL-->AZ,IL-->AZ,IL-->AZ,IL-->AZ,IL-->AZ,IL-->AZ,,,,,,,,,,,,,,,,,AZ-->IL,AZ-->IL,AZ-->IL,AZ-->IL,AZ-->IL,AZ-->IL,AZ-->IL,AZ-->IL,AZ-->IL,AZ-->IL,AZ-->IL,AZ-->IL,AZ-->IL,AZ-->IL,AZ-->IL,AZ-->IL,AZ-->IL,AZ-->IL,AZ-->IL
IT,ITA,Italy,Rome,Europe,Southern Europe,,IT-->AZ,IT-->AZ,IT-->AZ,IT-->AZ,IT-->AZ,IT-->AZ,IT-->AZ,IT-->AZ,IT-->AZ,IT-->AZ,IT-->AZ,IT-->AZ,IT-->AZ,IT-->AZ,IT-->AZ,IT-->AZ,IT-->AZ,IT-->AZ,IT-->AZ,,,,,,,,,,,,,,,,,AZ-->IT,AZ-->IT,AZ-->IT,AZ-->IT,AZ-->IT,AZ-->IT,AZ-->IT,AZ-->IT,AZ-->IT,AZ-->IT,AZ-->IT,AZ-->IT,AZ-->IT,AZ-->IT,AZ-->IT,AZ-->IT,AZ-->IT,AZ-->IT,AZ-->IT
JM,JAM,Jamaica,Kingston,Americas,Caribbean,,JM-->AZ,JM-->AZ,JM-->AZ,JM-->AZ,JM-->AZ,JM-->AZ,JM-->AZ,JM-->AZ,JM-->AZ,JM-->AZ,JM-->AZ,JM-->AZ,JM-->AZ,JM-->AZ,JM-->AZ,JM-->AZ,JM-->AZ,JM-->AZ,JM-->AZ,,,,,,,,,,,,,,,,,AZ-->JM,AZ-->JM,AZ-->JM,AZ-->JM,AZ-->JM,AZ-->JM,AZ-->JM,AZ-->JM,AZ-->JM,AZ-->JM,AZ-->JM,AZ-->JM,AZ-->JM,AZ-->JM,AZ-->JM,AZ-->JM,AZ-->JM,AZ-->JM,AZ-->JM
JP,JPN,Japan,Tokyo,Asia,Eastern Asia,,JP-->AZ,JP-->AZ,JP-->AZ,JP-->AZ,JP-->AZ,JP-->AZ,JP-->AZ,JP-->AZ,JP-->AZ,JP-->AZ,JP-->AZ,JP-->AZ,JP-->AZ,JP-->AZ,JP-->AZ,JP-->AZ,JP-->AZ,JP-->AZ,JP-->AZ,,,,,,,,,,,,,,,,,AZ-->JP,AZ-->JP,AZ-->JP,AZ-->JP,AZ-->JP,AZ-->JP,AZ-->JP,AZ-->JP,AZ-->JP,AZ-->JP,AZ-->JP,AZ-->JP,AZ-->JP,AZ-->JP,AZ-->JP,AZ-->JP,AZ-->JP,AZ-->JP,AZ-->JP
JE,JEY,Jersey,Saint Helier,Europe,Northern Europe,,JE-->AZ,JE-->AZ,JE-->AZ,JE-->AZ,JE-->AZ,JE-->AZ,JE-->AZ,JE-->AZ,JE-->AZ,JE-->AZ,JE-->AZ,JE-->AZ,JE-->AZ,JE-->AZ,JE-->AZ,JE-->AZ,JE-->AZ,JE-->AZ,JE-->AZ,,,,,,,,,,,,,,,,,AZ-->JE,AZ-->JE,AZ-->JE,AZ-->JE,AZ-->JE,AZ-->JE,AZ-->JE,AZ-->JE,AZ-->JE,AZ-->JE,AZ-->JE,AZ-->JE,AZ-->JE,AZ-->JE,AZ-->JE,AZ-->JE,AZ-->JE,AZ-->JE,AZ-->JE
JO,JOR,Jordan,Amman,Asia,Western Asia,,JO-->AZ,JO-->AZ,JO-->AZ,JO-->AZ,JO-->AZ,JO-->AZ,JO-->AZ,JO-->AZ,JO-->AZ,JO-->AZ,JO-->AZ,JO-->AZ,JO-->AZ,JO-->AZ,JO-->AZ,JO-->AZ,JO-->AZ,JO-->AZ,JO-->AZ,,,,,,,,,,,,,,,,,AZ-->JO,AZ-->JO,AZ-->JO,AZ-->JO,AZ-->JO,AZ-->JO,AZ-->JO,AZ-->JO,AZ-->JO,AZ-->JO,AZ-->JO,AZ-->JO,AZ-->JO,AZ-->JO,AZ-->JO,AZ-->JO,AZ-->JO,AZ-->JO,AZ-->JO
KZ,KAZ,Kazakhstan,Astana,Asia,Central Asia,,KZ-->AZ,KZ-->AZ,KZ-->AZ,KZ-->AZ,KZ-->AZ,KZ-->AZ,KZ-->AZ,KZ-->AZ,KZ-->AZ,KZ-->AZ,KZ-->AZ,KZ-->AZ,KZ-->AZ,KZ-->AZ,KZ-->AZ,KZ-->AZ,KZ-->AZ,KZ-->AZ,KZ-->AZ,,,,,,,,,,,,,,,,,AZ-->KZ,AZ-->KZ,AZ-->KZ,AZ-->KZ,AZ-->KZ,AZ-->KZ,AZ-->KZ,AZ-->KZ,AZ-->KZ,AZ-->KZ,AZ-->KZ,AZ-->KZ,AZ-->KZ,AZ-->KZ,AZ-->KZ,AZ-->KZ,AZ-->KZ,AZ-->KZ,AZ-->KZ
KE,KEN,Kenya,Nairobi,Africa,Eastern Africa,,KE-->AZ,KE-->AZ,KE-->AZ,KE-->AZ,KE-->AZ,KE-->AZ,KE-->AZ,KE-->AZ,KE-->AZ,KE-->AZ,KE-->AZ,KE-->AZ,KE-->AZ,KE-->AZ,KE-->AZ,KE-->AZ,KE-->AZ,KE-->AZ,KE-->AZ,,,,,,,,,,,,,,,,,AZ-->KE,AZ-->KE,AZ-->KE,AZ-->KE,AZ-->KE,AZ-->KE,AZ-->KE,AZ-->KE,AZ-->KE,AZ-->KE,AZ-->KE,AZ-->KE,AZ-->KE,AZ-->KE,AZ-->KE,AZ-->KE,AZ-->KE,AZ-->KE,AZ-->KE
KI,KIR,Kiribati,South Tarawa,Oceania,Micronesia,,KI-->AZ,KI-->AZ,KI-->AZ,KI-->AZ,KI-->AZ,KI-->AZ,KI-->AZ,KI-->AZ,KI-->AZ,KI-->AZ,KI-->AZ,KI-->AZ,KI-->AZ,KI-->AZ,KI-->AZ,KI-->AZ,KI-->AZ,KI-->AZ,KI-->AZ,,,,,,,,,,,,,,,,,AZ-->KI,AZ-->KI,AZ-->KI,AZ-->KI,AZ-->KI,AZ-->KI,AZ-->KI,AZ-->KI,AZ-->KI,AZ-->KI,AZ-->KI,AZ-->KI,AZ-->KI,AZ-->KI,AZ-->KI,AZ-->KI,AZ-->KI,AZ-->KI,AZ-->KI
KW,KWT,Kuwait,Kuwait City,Asia,Western Asia,,KW-->AZ,KW-->AZ,KW-->AZ,KW-->AZ,KW-->AZ,KW-->AZ,KW-->AZ,KW-->AZ,KW-->AZ,KW-->AZ,KW-->AZ,KW-->AZ,KW-->AZ,KW-->AZ,KW-->AZ,KW-->AZ,KW-->AZ,KW-->AZ,KW-->AZ,,,,,,,,,,,,,,,,,AZ-->KW,AZ-->KW,AZ-->KW,AZ-->KW,AZ-->KW,AZ-->KW,AZ-->KW,AZ-->KW,AZ-->KW,AZ-->KW,AZ-->KW,AZ-->KW,AZ-->KW,AZ-->KW,AZ-->KW,AZ-->KW,AZ-->KW,AZ-->KW,AZ-->KW
KG,KGZ,Kyrgyzstan,Bishkek,Asia,Central Asia,,KG-->AZ,KG-->AZ,KG-->AZ,KG-->AZ,KG-->AZ,KG-->AZ,KG-->AZ,KG-->AZ,KG-->AZ,KG-->AZ,KG-->AZ,KG-->AZ,KG-->AZ,KG-->AZ,KG-->AZ,KG-->AZ,KG-->AZ,KG-->AZ,KG-->AZ,,,,,,,,,,,,,,,,,AZ-->KG,AZ-->KG,AZ-->KG,AZ-->KG,AZ-->KG,AZ-->KG,AZ-->KG,AZ-->KG,AZ-->KG,AZ-->KG,AZ-->KG,AZ-->KG,AZ-->KG,AZ-->KG,AZ-->KG,AZ-->KG,AZ-->KG,AZ-->KG,AZ-->KG
LA,LAO,Laos,Vientiane,Asia,South-Eastern Asia,,LA-->AZ,LA-->AZ,LA-->AZ,LA-->AZ,LA-->AZ,LA-->AZ,LA-->AZ,LA-->AZ,LA-->AZ,LA-->AZ,LA-->AZ,LA-->AZ,LA-->AZ,LA-->AZ,LA-->AZ,LA-->AZ,LA-->AZ,LA-->AZ,LA-->AZ,,,,,,,,,,,,,,,,,AZ-->LA,AZ-->LA,AZ-->LA,AZ-->LA,AZ-->LA,AZ-->LA,AZ-->LA,AZ-->LA,AZ-->LA,AZ-->LA,AZ-->LA,AZ-->LA,AZ-->LA,AZ-->LA,AZ-->LA,AZ-->LA,AZ-->LA,AZ-->LA,AZ-->LA
LV,LVA,Latvia,Riga,Europe,Northern Europe,,LV-->AZ,LV-->AZ,LV-->AZ,LV-->AZ,LV-->AZ,LV-->AZ,LV-->AZ,LV-->AZ,LV-->AZ,LV-->AZ,LV-->AZ,LV-->AZ,LV-->AZ,LV-->AZ,LV-->AZ,LV-->AZ,LV-->AZ,LV-->AZ,LV-->AZ,,,,,,,,,,,,,,,,,AZ-->LV,AZ-->LV,AZ-->LV,AZ-->LV,AZ-->LV,AZ-->LV,AZ-->LV,AZ-->LV,AZ-->LV,AZ-->LV,AZ-->LV,AZ-->LV,AZ-->LV,AZ-->LV,AZ-->LV,AZ-->LV,AZ-->LV,AZ-->LV,AZ-->LV
LB,LBN,Lebanon,Beirut,Asia,Western Asia,,LB-->AZ,LB-->AZ,LB-->AZ,LB-->AZ,LB-->AZ,LB-->AZ,LB-->AZ,LB-->AZ,LB-->AZ,LB-->AZ,LB-->AZ,LB-->AZ,LB-->AZ,LB-->AZ,LB-->AZ,LB-->AZ,LB-->AZ,LB-->AZ,LB-->AZ,,,,,,,,,,,,,,,,,AZ-->LB,AZ-->LB,AZ-->LB,AZ-->LB,AZ-->LB,AZ-->LB,AZ-->LB,AZ-->LB,AZ-->LB,AZ-->LB,AZ-->LB,AZ-->LB,AZ-->LB,AZ-->LB,AZ-->LB,AZ-->LB,AZ-->LB,AZ-->LB,AZ-->LB
LS,LSO,Lesotho,Maseru,Africa,Southern Africa,,LS-->AZ,LS-->AZ,LS-->AZ,LS-->AZ,LS-->AZ,LS-->AZ,LS-->AZ,LS-->AZ,LS-->AZ,LS-->AZ,LS-->AZ,LS-->AZ,LS-->AZ,LS-->AZ,LS-->AZ,LS-->AZ,LS-->AZ,LS-->AZ,LS-->AZ,,,,,,,,,,,,,,,,,AZ-->LS,AZ-->LS,AZ-->LS,AZ-->LS,AZ-->LS,AZ-->LS,AZ-->LS,AZ-->LS,AZ-->LS,AZ-->LS,AZ-->LS,AZ-->LS,AZ-->LS,AZ-->LS,AZ-->LS,AZ-->LS,AZ-->LS,AZ-->LS,AZ-->LS
LR,LBR,Liberia,Monrovia,Africa,Western Africa,,LR-->AZ,LR-->AZ,LR-->AZ,LR-->AZ,LR-->AZ,LR-->AZ,LR-->AZ,LR-->AZ,LR-->AZ,LR-->AZ,LR-->AZ,LR-->AZ,LR-->AZ,LR-->AZ,LR-->AZ,LR-->AZ,LR-->AZ,LR-->AZ,LR-->AZ,,,,,,,,,,,,,,,,,AZ-->LR,AZ-->LR,AZ-->LR,AZ-->LR,AZ-->LR,AZ-->LR,AZ-->LR,AZ-->LR,AZ-->LR,AZ-->LR,AZ-->LR,AZ-->LR,AZ-->LR,AZ-->LR,AZ-->LR,AZ-->LR,AZ-->LR,AZ-->LR,AZ-->LR
LY,LBY,Libya,Tripoli,Africa,Northern Africa,,LY-->AZ,LY-->AZ,LY-->AZ,LY-->AZ,LY-->AZ,LY-->AZ,LY-->AZ,LY-->AZ,LY-->AZ,LY-->AZ,LY-->AZ,LY-->AZ,LY-->AZ,LY-->AZ,LY-->AZ,LY-->AZ,LY-->AZ,LY-->AZ,LY-->AZ,,,,,,,,,,,,,,,,,AZ-->LY,AZ-->LY,AZ-->LY,AZ-->LY,AZ-->LY,AZ-->LY,AZ-->LY,AZ-->LY,AZ-->LY,AZ-->LY,AZ-->LY,AZ-->LY,AZ-->LY,AZ-->LY,AZ-->LY,AZ-->LY,AZ-->LY,AZ-->LY,AZ-->LY
LI,LIE,Liechtenstein,Vaduz,Europe,Western Europe,,LI-->AZ,LI-->AZ,LI-->AZ,LI-->AZ,LI-->AZ,LI-->AZ,LI-->AZ,LI-->AZ,LI-->AZ,LI-->AZ,LI-->AZ,LI-->AZ,LI-->AZ,LI-->AZ,LI-->AZ,LI-->AZ,LI-->AZ,LI-->AZ,LI-->AZ,,,,,,,,,,,,,,,,,AZ-->LI,AZ-->LI,AZ-->LI,AZ-->LI,AZ-->LI,AZ-->LI,AZ-->LI,AZ-->LI,AZ-->LI,AZ-->LI,AZ-->LI,AZ-->LI,AZ-->LI,AZ-->LI,AZ-->LI,AZ-->LI,AZ-->LI,AZ-->LI,AZ-->LI
LT,LTU,Lithuania,Vilnius,Europe,Northern Europe,,LT-->AZ,LT-->AZ,LT-->AZ,LT-->AZ,LT-->AZ,LT-->AZ,LT-->AZ,LT-->AZ,LT-->AZ,LT-->AZ,LT-->AZ,LT-->AZ,LT-->AZ,LT-->AZ,LT-->AZ,LT-->AZ,LT-->AZ,LT-->AZ,LT-->AZ,,,,,,,,,,,,,,,,,AZ-->LT,AZ-->LT,AZ-->LT,AZ-->LT,AZ-->LT,AZ-->LT,AZ-->LT,AZ-->LT,AZ-->LT,AZ-->LT,AZ-->LT,AZ-->LT,AZ-->LT,AZ-->LT,AZ-->LT,AZ-->LT,AZ-->LT,AZ-->LT,AZ-->LT
LU,LUX,Luxembourg,Luxembourg,Europe,Western Europe,,LU-->AZ,LU-->AZ,LU-->AZ,LU-->AZ,LU-->AZ,LU-->AZ,LU-->AZ,LU-->AZ,LU-->AZ,LU-->AZ,LU-->AZ,LU-->AZ,LU-->AZ,LU-->AZ,LU-->AZ,LU-->AZ,LU-->AZ,LU-->AZ,LU-->AZ,,,,,,,,,,,,,,,,,AZ-->LU,AZ-->LU,AZ-->LU,AZ-->LU,AZ-->LU,AZ-->LU,AZ-->LU,AZ-->LU,AZ-->LU,AZ-->LU,AZ-->LU,AZ-->LU,AZ-->LU,AZ-->LU,AZ-->LU,AZ-->LU,AZ-->LU,AZ-->LU,AZ-->LU
MO,MAC,Macau,,Asia,Eastern Asia,,MO-->AZ,MO-->AZ,MO-->AZ,MO-->AZ,MO-->AZ,MO-->AZ,MO-->AZ,MO-->AZ,MO-->AZ,MO-->AZ,MO-->AZ,MO-->AZ,MO-->AZ,MO-->AZ,MO-->AZ,MO-->AZ,MO-->AZ,MO-->AZ,MO-->AZ,,,,,,,,,,,,,,,,,AZ-->MO,AZ-->MO,AZ-->MO,AZ-->MO,AZ-->MO,AZ-->MO,AZ-->MO,AZ-->MO,AZ-->MO,AZ-->MO,AZ-->MO,AZ-->MO,AZ-->MO,AZ-->MO,AZ-->MO,AZ-->MO,AZ-->MO,AZ-->MO,AZ-->MO
MK,MKD,Republic of Macedonia,Skopje,Europe,Southern Europe,,MK-->AZ,MK-->AZ,MK-->AZ,MK-->AZ,MK-->AZ,MK-->AZ,MK-->AZ,MK-->AZ,MK-->AZ,MK-->AZ,MK-->AZ,MK-->AZ,MK-->AZ,MK-->AZ,MK-->AZ,MK-->AZ,MK-->AZ,MK-->AZ,MK-->AZ,,,,,,,,,,,,,,,,,AZ-->MK,AZ-->MK,AZ-->MK,AZ-->MK,AZ-->MK,AZ-->MK,AZ-->MK,AZ-->MK,AZ-->MK,AZ-->MK,AZ-->MK,AZ-->MK,AZ-->MK,AZ-->MK,AZ-->MK,AZ-->MK,AZ-->MK,AZ-->MK,AZ-->MK
MG,MDG,Madagascar,Antananarivo,Africa,Eastern Africa,,MG-->AZ,MG-->AZ,MG-->AZ,MG-->AZ,MG-->AZ,MG-->AZ,MG-->AZ,MG-->AZ,MG-->AZ,MG-->AZ,MG-->AZ,MG-->AZ,MG-->AZ,MG-->AZ,MG-->AZ,MG-->AZ,MG-->AZ,MG-->AZ,MG-->AZ,,,,,,,,,,,,,,,,,AZ-->MG,AZ-->MG,AZ-->MG,AZ-->MG,AZ-->MG,AZ-->MG,AZ-->MG,AZ-->MG,AZ-->MG,AZ-->MG,AZ-->MG,AZ-->MG,AZ-->MG,AZ-->MG,AZ-->MG,AZ-->MG,AZ-->MG,AZ-->MG,AZ-->MG
MW,MWI,Malawi,Lilongwe,Africa,Eastern Africa,,MW-->AZ,MW-->AZ,MW-->AZ,MW-->AZ,MW-->AZ,MW-->AZ,MW-->AZ,MW-->AZ,MW-->AZ,MW-->AZ,MW-->AZ,MW-->AZ,MW-->AZ,MW-->AZ,MW-->AZ,MW-->AZ,MW-->AZ,MW-->AZ,MW-->AZ,,,,,,,,,,,,,,,,,AZ-->MW,AZ-->MW,AZ-->MW,AZ-->MW,AZ-->MW,AZ-->MW,AZ-->MW,AZ-->MW,AZ-->MW,AZ-->MW,AZ-->MW,AZ-->MW,AZ-->MW,AZ-->MW,AZ-->MW,AZ-->MW,AZ-->MW,AZ-->MW,AZ-->MW
MY,MYS,Malaysia,Kuala Lumpur,Asia,South-Eastern Asia,,MY-->AZ,MY-->AZ,MY-->AZ,MY-->AZ,MY-->AZ,MY-->AZ,MY-->AZ,MY-->AZ,MY-->AZ,MY-->AZ,MY-->AZ,MY-->AZ,MY-->AZ,MY-->AZ,MY-->AZ,MY-->AZ,MY-->AZ,MY-->AZ,MY-->AZ,,,,,,,,,,,,,,,,,AZ-->MY,AZ-->MY,AZ-->MY,AZ-->MY,AZ-->MY,AZ-->MY,AZ-->MY,AZ-->MY,AZ-->MY,AZ-->MY,AZ-->MY,AZ-->MY,AZ-->MY,AZ-->MY,AZ-->MY,AZ-->MY,AZ-->MY,AZ-->MY,AZ-->MY
MV,MDV,Maldives,Malé,Asia,Southern Asia,,MV-->AZ,MV-->AZ,MV-->AZ,MV-->AZ,MV-->AZ,MV-->AZ,MV-->AZ,MV-->AZ,MV-->AZ,MV-->AZ,MV-->AZ,MV-->AZ,MV-->AZ,MV-->AZ,MV-->AZ,MV-->AZ,MV-->AZ,MV-->AZ,MV-->AZ,,,,,,,,,,,,,,,,,AZ-->MV,AZ-->MV,AZ-->MV,AZ-->MV,AZ-->MV,AZ-->MV,AZ-->MV,AZ-->MV,AZ-->MV,AZ-->MV,AZ-->MV,AZ-->MV,AZ-->MV,AZ-->MV,AZ-->MV,AZ-->MV,AZ-->MV,AZ-->MV,AZ-->MV
ML,MLI,Mali,Bamako,Africa,Western Africa,,ML-->AZ,ML-->AZ,ML-->AZ,ML-->AZ,ML-->AZ,ML-->AZ,ML-->AZ,ML-->AZ,ML-->AZ,ML-->AZ,ML-->AZ,ML-->AZ,ML-->AZ,ML-->AZ,ML-->AZ,ML-->AZ,ML-->AZ,ML-->AZ,ML-->AZ,,,,,,,,,,,,,,,,,AZ-->ML,AZ-->ML,AZ-->ML,AZ-->ML,AZ-->ML,AZ-->ML,AZ-->ML,AZ-->ML,AZ-->ML,AZ-->ML,AZ-->ML,AZ-->ML,AZ-->ML,AZ-->ML,AZ-->ML,AZ-->ML,AZ-->ML,AZ-->ML,AZ-->ML
MT,MLT,Malta,Valletta,Europe,Southern Europe,,MT-->AZ,MT-->AZ,MT-->AZ,MT-->AZ,MT-->AZ,MT-->AZ,MT-->AZ,MT-->AZ,MT-->AZ,MT-->AZ,MT-->AZ,MT-->AZ,MT-->AZ,MT-->AZ,MT-->AZ,MT-->AZ,MT-->AZ,MT-->AZ,MT-->AZ,,,,,,,,,,,,,,,,,AZ-->MT,AZ-->MT,AZ-->MT,AZ-->MT,AZ-->MT,AZ-->MT,AZ-->MT,AZ-->MT,AZ-->MT,AZ-->MT,AZ-->MT,AZ-->MT,AZ-->MT,AZ-->MT,AZ-->MT,AZ-->MT,AZ-->MT,AZ-->MT,AZ-->MT
MH,MHL,Marshall Islands,Majuro,Oceania,Micronesia,,MH-->AZ,MH-->AZ,MH-->AZ,MH-->AZ,MH-->AZ,MH-->AZ,MH-->AZ,MH-->AZ,MH-->AZ,MH-->AZ,MH-->AZ,MH-->AZ,MH-->AZ,MH-->AZ,MH-->AZ,MH-->AZ,MH-->AZ,MH-->AZ,MH-->AZ,,,,,,,,,,,,,,,,,AZ-->MH,AZ-->MH,AZ-->MH,AZ-->MH,AZ-->MH,AZ-->MH,AZ-->MH,AZ-->MH,AZ-->MH,AZ-->MH,AZ-->MH,AZ-->MH,AZ-->MH,AZ-->MH,AZ-->MH,AZ-->MH,AZ-->MH,AZ-->MH,AZ-->MH
MQ,MTQ,Martinique,Fort-de-France,Americas,Caribbean,,MQ-->AZ,MQ-->AZ,MQ-->AZ,MQ-->AZ,MQ-->AZ,MQ-->AZ,MQ-->AZ,MQ-->AZ,MQ-->AZ,MQ-->AZ,MQ-->AZ,MQ-->AZ,MQ-->AZ,MQ-->AZ,MQ-->AZ,MQ-->AZ,MQ-->AZ,MQ-->AZ,MQ-->AZ,,,,,,,,,,,,,,,,,AZ-->MQ,AZ-->MQ,AZ-->MQ,AZ-->MQ,AZ-->MQ,AZ-->MQ,AZ-->MQ,AZ-->MQ,AZ-->MQ,AZ-->MQ,AZ-->MQ,AZ-->MQ,AZ-->MQ,AZ-->MQ,AZ-->MQ,AZ-->MQ,AZ-->MQ,AZ-->MQ,AZ-->MQ
MR,MRT,Mauritania,Nouakchott,Africa,Western Africa,,MR-->AZ,MR-->AZ,MR-->AZ,MR-->AZ,MR-->AZ,MR-->AZ,MR-->AZ,MR-->AZ,MR-->AZ,MR-->AZ,MR-->AZ,MR-->AZ,MR-->AZ,MR-->AZ,MR-->AZ,MR-->AZ,MR-->AZ,MR-->AZ,MR-->AZ,0.0,,,,,,,,,,,,,,,,AZ-->MR,AZ-->MR,AZ-->MR,AZ-->MR,AZ-->MR,AZ-->MR,AZ-->MR,AZ-->MR,AZ-->MR,AZ-->MR,AZ-->MR,AZ-->MR,AZ-->MR,AZ-->MR,AZ-->MR,AZ-->MR,AZ-->MR,AZ-->MR,AZ-->MR
MU,MUS,Mauritius,Port Louis,Africa,Eastern Africa,,MU-->AZ,MU-->AZ,MU-->AZ,MU-->AZ,MU-->AZ,MU-->AZ,MU-->AZ,MU-->AZ,MU-->AZ,MU-->AZ,MU-->AZ,MU-->AZ,MU-->AZ,MU-->AZ,MU-->AZ,MU-->AZ,MU-->AZ,MU-->AZ,MU-->AZ,,,,,,,,,,,,,,,,,AZ-->MU,AZ-->MU,AZ-->MU,AZ-->MU,AZ-->MU,AZ-->MU,AZ-->MU,AZ-->MU,AZ-->MU,AZ-->MU,AZ-->MU,AZ-->MU,AZ-->MU,AZ-->MU,AZ-->MU,AZ-->MU,AZ-->MU,AZ-->MU,AZ-->MU
YT,MYT,Mayotte,Mamoudzou,Africa,Eastern Africa,,YT-->AZ,YT-->AZ,YT-->AZ,YT-->AZ,YT-->AZ,YT-->AZ,YT-->AZ,YT-->AZ,YT-->AZ,YT-->AZ,YT-->AZ,YT-->AZ,YT-->AZ,YT-->AZ,YT-->AZ,YT-->AZ,YT-->AZ,YT-->AZ,YT-->AZ,,,,,,,,,,,,,,,,,AZ-->YT,AZ-->YT,AZ-->YT,AZ-->YT,AZ-->YT,AZ-->YT,AZ-->YT,AZ-->YT,AZ-->YT,AZ-->YT,AZ-->YT,AZ-->YT,AZ-->YT,AZ-->YT,AZ-->YT,AZ-->YT,AZ-->YT,AZ-->YT,AZ-->YT
MX,MEX,Mexico,Mexico City,Americas,Central America,,MX-->AZ,MX-->AZ,MX-->AZ,MX-->AZ,MX-->AZ,MX-->AZ,MX-->AZ,MX-->AZ,MX-->AZ,MX-->AZ,MX-->AZ,MX-->AZ,MX-->AZ,MX-->AZ,MX-->AZ,MX-->AZ,MX-->AZ,MX-->AZ,MX-->AZ,,,,,,,,,,,,,,,,,AZ-->MX,AZ-->MX,AZ-->MX,AZ-->MX,AZ-->MX,AZ-->MX,AZ-->MX,AZ-->MX,AZ-->MX,AZ-->MX,AZ-->MX,AZ-->MX,AZ-->MX,AZ-->MX,AZ-->MX,AZ-->MX,AZ-->MX,AZ-->MX,AZ-->MX
FM,FSM,Federated States of Micronesia,Palikir,Oceania,Micronesia,,FM-->AZ,FM-->AZ,FM-->AZ,FM-->AZ,FM-->AZ,FM-->AZ,FM-->AZ,FM-->AZ,FM-->AZ,FM-->AZ,FM-->AZ,FM-->AZ,FM-->AZ,FM-->AZ,FM-->AZ,FM-->AZ,FM-->AZ,FM-->AZ,FM-->AZ,,,,,,,,,,,,,,,,,AZ-->FM,AZ-->FM,AZ-->FM,AZ-->FM,AZ-->FM,AZ-->FM,AZ-->FM,AZ-->FM,AZ-->FM,AZ-->FM,AZ-->FM,AZ-->FM,AZ-->FM,AZ-->FM,AZ-->FM,AZ-->FM,AZ-->FM,AZ-->FM,AZ-->FM
MD,MDA,Moldova,Chișinău,Europe,Eastern Europe,,MD-->AZ,MD-->AZ,MD-->AZ,MD-->AZ,MD-->AZ,MD-->AZ,MD-->AZ,MD-->AZ,MD-->AZ,MD-->AZ,MD-->AZ,MD-->AZ,MD-->AZ,MD-->AZ,MD-->AZ,MD-->AZ,MD-->AZ,MD-->AZ,MD-->AZ,,,,,,,,,,,,,,,,,AZ-->MD,AZ-->MD,AZ-->MD,AZ-->MD,AZ-->MD,AZ-->MD,AZ-->MD,AZ-->MD,AZ-->MD,AZ-->MD,AZ-->MD,AZ-->MD,AZ-->MD,AZ-->MD,AZ-->MD,AZ-->MD,AZ-->MD,AZ-->MD,AZ-->MD
MC,MCO,Monaco,Monaco,Europe,Western Europe,,MC-->AZ,MC-->AZ,MC-->AZ,MC-->AZ,MC-->AZ,MC-->AZ,MC-->AZ,MC-->AZ,MC-->AZ,MC-->AZ,MC-->AZ,MC-->AZ,MC-->AZ,MC-->AZ,MC-->AZ,MC-->AZ,MC-->AZ,MC-->AZ,MC-->AZ,,,,,,,,,,,,,,,,,AZ-->MC,AZ-->MC,AZ-->MC,AZ-->MC,AZ-->MC,AZ-->MC,AZ-->MC,AZ-->MC,AZ-->MC,AZ-->MC,AZ-->MC,AZ-->MC,AZ-->MC,AZ-->MC,AZ-->MC,AZ-->MC,AZ-->MC,AZ-->MC,AZ-->MC
MN,MNG,Mongolia,Ulan Bator,Asia,Eastern Asia,,MN-->AZ,MN-->AZ,MN-->AZ,MN-->AZ,MN-->AZ,MN-->AZ,MN-->AZ,MN-->AZ,MN-->AZ,MN-->AZ,MN-->AZ,MN-->AZ,MN-->AZ,MN-->AZ,MN-->AZ,MN-->AZ,MN-->AZ,MN-->AZ,MN-->AZ,,,,,,,,,,,,,,,,,AZ-->MN,AZ-->MN,AZ-->MN,AZ-->MN,AZ-->MN,AZ-->MN,AZ-->MN,AZ-->MN,AZ-->MN,AZ-->MN,AZ-->MN,AZ-->MN,AZ-->MN,AZ-->MN,AZ-->MN,AZ-->MN,AZ-->MN,AZ-->MN,AZ-->MN
ME,MNE,Montenegro,Podgorica,Europe,Southern Europe,,ME-->AZ,ME-->AZ,ME-->AZ,ME-->AZ,ME-->AZ,ME-->AZ,ME-->AZ,ME-->AZ,ME-->AZ,ME-->AZ,ME-->AZ,ME-->AZ,ME-->AZ,ME-->AZ,ME-->AZ,ME-->AZ,ME-->AZ,ME-->AZ,ME-->AZ,,,,,,,,,,,,,,,,,AZ-->ME,AZ-->ME,AZ-->ME,AZ-->ME,AZ-->ME,AZ-->ME,AZ-->ME,AZ-->ME,AZ-->ME,AZ-->ME,AZ-->ME,AZ-->ME,AZ-->ME,AZ-->ME,AZ-->ME,AZ-->ME,AZ-->ME,AZ-->ME,AZ-->ME
MS,MSR,Montserrat,Plymouth,Americas,Caribbean,,MS-->AZ,MS-->AZ,MS-->AZ,MS-->AZ,MS-->AZ,MS-->AZ,MS-->AZ,MS-->AZ,MS-->AZ,MS-->AZ,MS-->AZ,MS-->AZ,MS-->AZ,MS-->AZ,MS-->AZ,MS-->AZ,MS-->AZ,MS-->AZ,MS-->AZ,,,,,,,,,,,,,,,,,AZ-->MS,AZ-->MS,AZ-->MS,AZ-->MS,AZ-->MS,AZ-->MS,AZ-->MS,AZ-->MS,AZ-->MS,AZ-->MS,AZ-->MS,AZ-->MS,AZ-->MS,AZ-->MS,AZ-->MS,AZ-->MS,AZ-->MS,AZ-->MS,AZ-->MS
MA,MAR,Morocco,Rabat,Africa,Northern Africa,,MA-->AZ,MA-->AZ,MA-->AZ,MA-->AZ,MA-->AZ,MA-->AZ,MA-->AZ,MA-->AZ,MA-->AZ,MA-->AZ,MA-->AZ,MA-->AZ,MA-->AZ,MA-->AZ,MA-->AZ,MA-->AZ,MA-->AZ,MA-->AZ,MA-->AZ,,,,,,,,,,,,,,,,,AZ-->MA,AZ-->MA,AZ-->MA,AZ-->MA,AZ-->MA,AZ-->MA,AZ-->MA,AZ-->MA,AZ-->MA,AZ-->MA,AZ-->MA,AZ-->MA,AZ-->MA,AZ-->MA,AZ-->MA,AZ-->MA,AZ-->MA,AZ-->MA,AZ-->MA
MZ,MOZ,Mozambique,Maputo,Africa,Eastern Africa,,MZ-->AZ,MZ-->AZ,MZ-->AZ,MZ-->AZ,MZ-->AZ,MZ-->AZ,MZ-->AZ,MZ-->AZ,MZ-->AZ,MZ-->AZ,MZ-->AZ,MZ-->AZ,MZ-->AZ,MZ-->AZ,MZ-->AZ,MZ-->AZ,MZ-->AZ,MZ-->AZ,MZ-->AZ,,,,,,,,,,,,,,,,,AZ-->MZ,AZ-->MZ,AZ-->MZ,AZ-->MZ,AZ-->MZ,AZ-->MZ,AZ-->MZ,AZ-->MZ,AZ-->MZ,AZ-->MZ,AZ-->MZ,AZ-->MZ,AZ-->MZ,AZ-->MZ,AZ-->MZ,AZ-->MZ,AZ-->MZ,AZ-->MZ,AZ-->MZ
MM,MMR,Myanmar,Naypyidaw,Asia,South-Eastern Asia,,MM-->AZ,MM-->AZ,MM-->AZ,MM-->AZ,MM-->AZ,MM-->AZ,MM-->AZ,MM-->AZ,MM-->AZ,MM-->AZ,MM-->AZ,MM-->AZ,MM-->AZ,MM-->AZ,MM-->AZ,MM-->AZ,MM-->AZ,MM-->AZ,MM-->AZ,,,,,,,,,,,,,,,,,AZ-->MM,AZ-->MM,AZ-->MM,AZ-->MM,AZ-->MM,AZ-->MM,AZ-->MM,AZ-->MM,AZ-->MM,AZ-->MM,AZ-->MM,AZ-->MM,AZ-->MM,AZ-->MM,AZ-->MM,AZ-->MM,AZ-->MM,AZ-->MM,AZ-->MM
,NAM,Namibia,Windhoek,Africa,Southern Africa,,NA-->AZ,NA-->AZ,NA-->AZ,NA-->AZ,NA-->AZ,NA-->AZ,NA-->AZ,NA-->AZ,NA-->AZ,NA-->AZ,NA-->AZ,NA-->AZ,NA-->AZ,NA-->AZ,NA-->AZ,NA-->AZ,NA-->AZ,NA-->AZ,NA-->AZ,,,,,,,,,,,,,,,,,AZ-->NA,AZ-->NA,AZ-->NA,AZ-->NA,AZ-->NA,AZ-->NA,AZ-->NA,AZ-->NA,AZ-->NA,AZ-->NA,AZ-->NA,AZ-->NA,AZ-->NA,AZ-->NA,AZ-->NA,AZ-->NA,AZ-->NA,AZ-->NA,AZ-->NA
NR,NRU,Nauru,Yaren,Oceania,Micronesia,,NR-->AZ,NR-->AZ,NR-->AZ,NR-->AZ,NR-->AZ,NR-->AZ,NR-->AZ,NR-->AZ,NR-->AZ,NR-->AZ,NR-->AZ,NR-->AZ,NR-->AZ,NR-->AZ,NR-->AZ,NR-->AZ,NR-->AZ,NR-->AZ,NR-->AZ,,,,,,,,,,,,,,,,,AZ-->NR,AZ-->NR,AZ-->NR,AZ-->NR,AZ-->NR,AZ-->NR,AZ-->NR,AZ-->NR,AZ-->NR,AZ-->NR,AZ-->NR,AZ-->NR,AZ-->NR,AZ-->NR,AZ-->NR,AZ-->NR,AZ-->NR,AZ-->NR,AZ-->NR
NP,NPL,Nepal,Kathmandu,Asia,Southern Asia,,NP-->AZ,NP-->AZ,NP-->AZ,NP-->AZ,NP-->AZ,NP-->AZ,NP-->AZ,NP-->AZ,NP-->AZ,NP-->AZ,NP-->AZ,NP-->AZ,NP-->AZ,NP-->AZ,NP-->AZ,NP-->AZ,NP-->AZ,NP-->AZ,NP-->AZ,,,,,,,,,,,,,,,,,AZ-->NP,AZ-->NP,AZ-->NP,AZ-->NP,AZ-->NP,AZ-->NP,AZ-->NP,AZ-->NP,AZ-->NP,AZ-->NP,AZ-->NP,AZ-->NP,AZ-->NP,AZ-->NP,AZ-->NP,AZ-->NP,AZ-->NP,AZ-->NP,AZ-->NP
NL,NLD,Netherlands,Amsterdam,Europe,Western Europe,,NL-->AZ,NL-->AZ,NL-->AZ,NL-->AZ,NL-->AZ,NL-->AZ,NL-->AZ,NL-->AZ,NL-->AZ,NL-->AZ,NL-->AZ,NL-->AZ,NL-->AZ,NL-->AZ,NL-->AZ,NL-->AZ,NL-->AZ,NL-->AZ,NL-->AZ,,,,,,,,,,,,,,,,,AZ-->NL,AZ-->NL,AZ-->NL,AZ-->NL,AZ-->NL,AZ-->NL,AZ-->NL,AZ-->NL,AZ-->NL,AZ-->NL,AZ-->NL,AZ-->NL,AZ-->NL,AZ-->NL,AZ-->NL,AZ-->NL,AZ-->NL,AZ-->NL,AZ-->NL
NC,NCL,New Caledonia,Nouméa,Oceania,Melanesia,,NC-->AZ,NC-->AZ,NC-->AZ,NC-->AZ,NC-->AZ,NC-->AZ,NC-->AZ,NC-->AZ,NC-->AZ,NC-->AZ,NC-->AZ,NC-->AZ,NC-->AZ,NC-->AZ,NC-->AZ,NC-->AZ,NC-->AZ,NC-->AZ,NC-->AZ,,,,,,,,,,,,,,,,,AZ-->NC,AZ-->NC,AZ-->NC,AZ-->NC,AZ-->NC,AZ-->NC,AZ-->NC,AZ-->NC,AZ-->NC,AZ-->NC,AZ-->NC,AZ-->NC,AZ-->NC,AZ-->NC,AZ-->NC,AZ-->NC,AZ-->NC,AZ-->NC,AZ-->NC
NZ,NZL,New Zealand,Wellington,Oceania,Australia and New Zealand,,NZ-->AZ,NZ-->AZ,NZ-->AZ,NZ-->AZ,NZ-->AZ,NZ-->AZ,NZ-->AZ,NZ-->AZ,NZ-->AZ,NZ-->AZ,NZ-->AZ,NZ-->AZ,NZ-->AZ,NZ-->AZ,NZ-->AZ,NZ-->AZ,NZ-->AZ,NZ-->AZ,NZ-->AZ,,,,,,,,,,,,,,,,,AZ-->NZ,AZ-->NZ,AZ-->NZ,AZ-->NZ,AZ-->NZ,AZ-->NZ,AZ-->NZ,AZ-->NZ,AZ-->NZ,AZ-->NZ,AZ-->NZ,AZ-->NZ,AZ-->NZ,AZ-->NZ,AZ-->NZ,AZ-->NZ,AZ-->NZ,AZ-->NZ,AZ-->NZ
NI,NIC,Nicaragua,Managua,Americas,Central America,,NI-->AZ,NI-->AZ,NI-->AZ,NI-->AZ,NI-->AZ,NI-->AZ,NI-->AZ,NI-->AZ,NI-->AZ,NI-->AZ,NI-->AZ,NI-->AZ,NI-->AZ,NI-->AZ,NI-->AZ,NI-->AZ,NI-->AZ,NI-->AZ,NI-->AZ,,,,,,,,,,,,,,,,,AZ-->NI,AZ-->NI,AZ-->NI,AZ-->NI,AZ-->NI,AZ-->NI,AZ-->NI,AZ-->NI,AZ-->NI,AZ-->NI,AZ-->NI,AZ-->NI,AZ-->NI,AZ-->NI,AZ-->NI,AZ-->NI,AZ-->NI,AZ-->NI,AZ-->NI
NE,NER,Niger,Niamey,Africa,Western Africa,,NE-->AZ,NE-->AZ,NE-->AZ,NE-->AZ,NE-->AZ,NE-->AZ,NE-->AZ,NE-->AZ,NE-->AZ,NE-->AZ,NE-->AZ,NE-->AZ,NE-->AZ,NE-->AZ,NE-->AZ,NE-->AZ,NE-->AZ,NE-->AZ,NE-->AZ,,,,,,,,,,,,,,,,,AZ-->NE,AZ-->NE,AZ-->NE,AZ-->NE,AZ-->NE,AZ-->NE,AZ-->NE,AZ-->NE,AZ-->NE,AZ-->NE,AZ-->NE,AZ-->NE,AZ-->NE,AZ-->NE,AZ-->NE,AZ-->NE,AZ-->NE,AZ-->NE,AZ-->NE
NG,NGA,Nigeria,Abuja,Africa,Western Africa,,NG-->AZ,NG-->AZ,NG-->AZ,NG-->AZ,NG-->AZ,NG-->AZ,NG-->AZ,NG-->AZ,NG-->AZ,NG-->AZ,NG-->AZ,NG-->AZ,NG-->AZ,NG-->AZ,NG-->AZ,NG-->AZ,NG-->AZ,NG-->AZ,NG-->AZ,,,,,,,,,,,,,,,,,AZ-->NG,AZ-->NG,AZ-->NG,AZ-->NG,AZ-->NG,AZ-->NG,AZ-->NG,AZ-->NG,AZ-->NG,AZ-->NG,AZ-->NG,AZ-->NG,AZ-->NG,AZ-->NG,AZ-->NG,AZ-->NG,AZ-->NG,AZ-->NG,AZ-->NG
NU,NIU,Niue,Alofi,Oceania,Polynesia,,NU-->AZ,NU-->AZ,NU-->AZ,NU-->AZ,NU-->AZ,NU-->AZ,NU-->AZ,NU-->AZ,NU-->AZ,NU-->AZ,NU-->AZ,NU-->AZ,NU-->AZ,NU-->AZ,NU-->AZ,NU-->AZ,NU-->AZ,NU-->AZ,NU-->AZ,,,,,,,,,,,,,,,,,AZ-->NU,AZ-->NU,AZ-->NU,AZ-->NU,AZ-->NU,AZ-->NU,AZ-->NU,AZ-->NU,AZ-->NU,AZ-->NU,AZ-->NU,AZ-->NU,AZ-->NU,AZ-->NU,AZ-->NU,AZ-->NU,AZ-->NU,AZ-->NU,AZ-->NU
NF,NFK,Norfolk Island,Kingston,Oceania,Australia and New Zealand,,NF-->AZ,NF-->AZ,NF-->AZ,NF-->AZ,NF-->AZ,NF-->AZ,NF-->AZ,NF-->AZ,NF-->AZ,NF-->AZ,NF-->AZ,NF-->AZ,NF-->AZ,NF-->AZ,NF-->AZ,NF-->AZ,NF-->AZ,NF-->AZ,NF-->AZ,,,,,,,,,,,,,,,,,AZ-->NF,AZ-->NF,AZ-->NF,AZ-->NF,AZ-->NF,AZ-->NF,AZ-->NF,AZ-->NF,AZ-->NF,AZ-->NF,AZ-->NF,AZ-->NF,AZ-->NF,AZ-->NF,AZ-->NF,AZ-->NF,AZ-->NF,AZ-->NF,AZ-->NF
KP,PRK,North Korea,Pyongyang,Asia,Eastern Asia,,KP-->AZ,KP-->AZ,KP-->AZ,KP-->AZ,KP-->AZ,KP-->AZ,KP-->AZ,KP-->AZ,KP-->AZ,KP-->AZ,KP-->AZ,KP-->AZ,KP-->AZ,KP-->AZ,KP-->AZ,KP-->AZ,KP-->AZ,KP-->AZ,KP-->AZ,,,,,,,,,,,,,,,,,AZ-->KP,AZ-->KP,AZ-->KP,AZ-->KP,AZ-->KP,AZ-->KP,AZ-->KP,AZ-->KP,AZ-->KP,AZ-->KP,AZ-->KP,AZ-->KP,AZ-->KP,AZ-->KP,AZ-->KP,AZ-->KP,AZ-->KP,AZ-->KP,AZ-->KP
MP,MNP,Northern Mariana Islands,Saipan,Oceania,Micronesia,,MP-->AZ,MP-->AZ,MP-->AZ,MP-->AZ,MP-->AZ,MP-->AZ,MP-->AZ,MP-->AZ,MP-->AZ,MP-->AZ,MP-->AZ,MP-->AZ,MP-->AZ,MP-->AZ,MP-->AZ,MP-->AZ,MP-->AZ,MP-->AZ,MP-->AZ,,,,,,,,,,,,,,,,,AZ-->MP,AZ-->MP,AZ-->MP,AZ-->MP,AZ-->MP,AZ-->MP,AZ-->MP,AZ-->MP,AZ-->MP,AZ-->MP,AZ-->MP,AZ-->MP,AZ-->MP,AZ-->MP,AZ-->MP,AZ-->MP,AZ-->MP,AZ-->MP,AZ-->MP
NO,NOR,Norway,Oslo,Europe,Northern Europe,,NO-->AZ,NO-->AZ,NO-->AZ,NO-->AZ,NO-->AZ,NO-->AZ,NO-->AZ,NO-->AZ,NO-->AZ,NO-->AZ,NO-->AZ,NO-->AZ,NO-->AZ,NO-->AZ,NO-->AZ,NO-->AZ,NO-->AZ,NO-->AZ,NO-->AZ,,,,,,,,,,,,,,,,,AZ-->NO,AZ-->NO,AZ-->NO,AZ-->NO,AZ-->NO,AZ-->NO,AZ-->NO,AZ-->NO,AZ-->NO,AZ-->NO,AZ-->NO,AZ-->NO,AZ-->NO,AZ-->NO,AZ-->NO,AZ-->NO,AZ-->NO,AZ-->NO,AZ-->NO
OM,OMN,Oman,Muscat,Asia,Western Asia,,OM-->AZ,OM-->AZ,OM-->AZ,OM-->AZ,OM-->AZ,OM-->AZ,OM-->AZ,OM-->AZ,OM-->AZ,OM-->AZ,OM-->AZ,OM-->AZ,OM-->AZ,OM-->AZ,OM-->AZ,OM-->AZ,OM-->AZ,OM-->AZ,OM-->AZ,,,,,,,,,,,,,,,,,AZ-->OM,AZ-->OM,AZ-->OM,AZ-->OM,AZ-->OM,AZ-->OM,AZ-->OM,AZ-->OM,AZ-->OM,AZ-->OM,AZ-->OM,AZ-->OM,AZ-->OM,AZ-->OM,AZ-->OM,AZ-->OM,AZ-->OM,AZ-->OM,AZ-->OM
PK,PAK,Pakistan,Islamabad,Asia,Southern Asia,,PK-->AZ,PK-->AZ,PK-->AZ,PK-->AZ,PK-->AZ,PK-->AZ,PK-->AZ,PK-->AZ,PK-->AZ,PK-->AZ,PK-->AZ,PK-->AZ,PK-->AZ,PK-->AZ,PK-->AZ,PK-->AZ,PK-->AZ,PK-->AZ,PK-->AZ,,,,,,,,,,,,,,,,,AZ-->PK,AZ-->PK,AZ-->PK,AZ-->PK,AZ-->PK,AZ-->PK,AZ-->PK,AZ-->PK,AZ-->PK,AZ-->PK,AZ-->PK,AZ-->PK,AZ-->PK,AZ-->PK,AZ-->PK,AZ-->PK,AZ-->PK,AZ-->PK,AZ-->PK
PW,PLW,Palau,Ngerulmud,Oceania,Micronesia,,PW-->AZ,PW-->AZ,PW-->AZ,PW-->AZ,PW-->AZ,PW-->AZ,PW-->AZ,PW-->AZ,PW-->AZ,PW-->AZ,PW-->AZ,PW-->AZ,PW-->AZ,PW-->AZ,PW-->AZ,PW-->AZ,PW-->AZ,PW-->AZ,PW-->AZ,,,,,,,,,,,,,,,,,AZ-->PW,AZ-->PW,AZ-->PW,AZ-->PW,AZ-->PW,AZ-->PW,AZ-->PW,AZ-->PW,AZ-->PW,AZ-->PW,AZ-->PW,AZ-->PW,AZ-->PW,AZ-->PW,AZ-->PW,AZ-->PW,AZ-->PW,AZ-->PW,AZ-->PW
PS,PSE,Palestine,Ramallah,Asia,Western Asia,,PS-->AZ,PS-->AZ,PS-->AZ,PS-->AZ,PS-->AZ,PS-->AZ,PS-->AZ,PS-->AZ,PS-->AZ,PS-->AZ,PS-->AZ,PS-->AZ,PS-->AZ,PS-->AZ,PS-->AZ,PS-->AZ,PS-->AZ,PS-->AZ,PS-->AZ,,,,,,,,,,,,,,,,,AZ-->PS,AZ-->PS,AZ-->PS,AZ-->PS,AZ-->PS,AZ-->PS,AZ-->PS,AZ-->PS,AZ-->PS,AZ-->PS,AZ-->PS,AZ-->PS,AZ-->PS,AZ-->PS,AZ-->PS,AZ-->PS,AZ-->PS,AZ-->PS,AZ-->PS
PA,PAN,Panama,Panama City,Americas,Central America,,PA-->AZ,PA-->AZ,PA-->AZ,PA-->AZ,PA-->AZ,PA-->AZ,PA-->AZ,PA-->AZ,PA-->AZ,PA-->AZ,PA-->AZ,PA-->AZ,PA-->AZ,PA-->AZ,PA-->AZ,PA-->AZ,PA-->AZ,PA-->AZ,PA-->AZ,,,,,,,,,,,,,,,,,AZ-->PA,AZ-->PA,AZ-->PA,AZ-->PA,AZ-->PA,AZ-->PA,AZ-->PA,AZ-->PA,AZ-->PA,AZ-->PA,AZ-->PA,AZ-->PA,AZ-->PA,AZ-->PA,AZ-->PA,AZ-->PA,AZ-->PA,AZ-->PA,AZ-->PA
PG,PNG,Papua New Guinea,Port Moresby,Oceania,Melanesia,,PG-->AZ,PG-->AZ,PG-->AZ,PG-->AZ,PG-->AZ,PG-->AZ,PG-->AZ,PG-->AZ,PG-->AZ,PG-->AZ,PG-->AZ,PG-->AZ,PG-->AZ,PG-->AZ,PG-->AZ,PG-->AZ,PG-->AZ,PG-->AZ,PG-->AZ,,,,,,,,,,,,,,,,,AZ-->PG,AZ-->PG,AZ-->PG,AZ-->PG,AZ-->PG,AZ-->PG,AZ-->PG,AZ-->PG,AZ-->PG,AZ-->PG,AZ-->PG,AZ-->PG,AZ-->PG,AZ-->PG,AZ-->PG,AZ-->PG,AZ-->PG,AZ-->PG,AZ-->PG
PY,PRY,Paraguay,Asunción,Americas,South America,,PY-->AZ,PY-->AZ,PY-->AZ,PY-->AZ,PY-->AZ,PY-->AZ,PY-->AZ,PY-->AZ,PY-->AZ,PY-->AZ,PY-->AZ,PY-->AZ,PY-->AZ,PY-->AZ,PY-->AZ,PY-->AZ,PY-->AZ,PY-->AZ,PY-->AZ,,,,,,,,,,,,,,,,,AZ-->PY,AZ-->PY,AZ-->PY,AZ-->PY,AZ-->PY,AZ-->PY,AZ-->PY,AZ-->PY,AZ-->PY,AZ-->PY,AZ-->PY,AZ-->PY,AZ-->PY,AZ-->PY,AZ-->PY,AZ-->PY,AZ-->PY,AZ-->PY,AZ-->PY
PE,PER,Peru,Lima,Americas,South America,,PE-->AZ,PE-->AZ,PE-->AZ,PE-->AZ,PE-->AZ,PE-->AZ,PE-->AZ,PE-->AZ,PE-->AZ,PE-->AZ,PE-->AZ,PE-->AZ,PE-->AZ,PE-->AZ,PE-->AZ,PE-->AZ,PE-->AZ,PE-->AZ,PE-->AZ,,,,,,,,,,,,,,,,,AZ-->PE,AZ-->PE,AZ-->PE,AZ-->PE,AZ-->PE,AZ-->PE,AZ-->PE,AZ-->PE,AZ-->PE,AZ-->PE,AZ-->PE,AZ-->PE,AZ-->PE,AZ-->PE,AZ-->PE,AZ-->PE,AZ-->PE,AZ-->PE,AZ-->PE
PH,PHL,Philippines,Manila,Asia,South-Eastern Asia,,PH-->AZ,PH-->AZ,PH-->AZ,PH-->AZ,PH-->AZ,PH-->AZ,PH-->AZ,PH-->AZ,PH-->AZ,PH-->AZ,PH-->AZ,PH-->AZ,PH-->AZ,PH-->AZ,PH-->AZ,PH-->AZ,PH-->AZ,PH-->AZ,PH-->AZ,,,,,,,,,,,,,,,,,AZ-->PH,AZ-->PH,AZ-->PH,AZ-->PH,AZ-->PH,AZ-->PH,AZ-->PH,AZ-->PH,AZ-->PH,AZ-->PH,AZ-->PH,AZ-->PH,AZ-->PH,AZ-->PH,AZ-->PH,AZ-->PH,AZ-->PH,AZ-->PH,AZ-->PH
PN,PCN,Pitcairn Islands,Adamstown,Oceania,Polynesia,,PN-->AZ,PN-->AZ,PN-->AZ,PN-->AZ,PN-->AZ,PN-->AZ,PN-->AZ,PN-->AZ,PN-->AZ,PN-->AZ,PN-->AZ,PN-->AZ,PN-->AZ,PN-->AZ,PN-->AZ,PN-->AZ,PN-->AZ,PN-->AZ,PN-->AZ,,,,,,,,,,,,,,,,,AZ-->PN,AZ-->PN,AZ-->PN,AZ-->PN,AZ-->PN,AZ-->PN,AZ-->PN,AZ-->PN,AZ-->PN,AZ-->PN,AZ-->PN,AZ-->PN,AZ-->PN,AZ-->PN,AZ-->PN,AZ-->PN,AZ-->PN,AZ-->PN,AZ-->PN
PL,POL,Poland,Warsaw,Europe,Eastern Europe,,PL-->AZ,PL-->AZ,PL-->AZ,PL-->AZ,PL-->AZ,PL-->AZ,PL-->AZ,PL-->AZ,PL-->AZ,PL-->AZ,PL-->AZ,PL-->AZ,PL-->AZ,PL-->AZ,PL-->AZ,PL-->AZ,PL-->AZ,PL-->AZ,PL-->AZ,,,,,,,,,,,,,,,,,AZ-->PL,AZ-->PL,AZ-->PL,AZ-->PL,AZ-->PL,AZ-->PL,AZ-->PL,AZ-->PL,AZ-->PL,AZ-->PL,AZ-->PL,AZ-->PL,AZ-->PL,AZ-->PL,AZ-->PL,AZ-->PL,AZ-->PL,AZ-->PL,AZ-->PL
PT,PRT,Portugal,Lisbon,Europe,Southern Europe,,PT-->AZ,PT-->AZ,PT-->AZ,PT-->AZ,PT-->AZ,PT-->AZ,PT-->AZ,PT-->AZ,PT-->AZ,PT-->AZ,PT-->AZ,PT-->AZ,PT-->AZ,PT-->AZ,PT-->AZ,PT-->AZ,PT-->AZ,PT-->AZ,PT-->AZ,,,,,,,,,,,,,,,,,AZ-->PT,AZ-->PT,AZ-->PT,AZ-->PT,AZ-->PT,AZ-->PT,AZ-->PT,AZ-->PT,AZ-->PT,AZ-->PT,AZ-->PT,AZ-->PT,AZ-->PT,AZ-->PT,AZ-->PT,AZ-->PT,AZ-->PT,AZ-->PT,AZ-->PT
PR,PRI,Puerto Rico,San Juan,Americas,Caribbean,,PR-->AZ,PR-->AZ,PR-->AZ,PR-->AZ,PR-->AZ,PR-->AZ,PR-->AZ,PR-->AZ,PR-->AZ,PR-->AZ,PR-->AZ,PR-->AZ,PR-->AZ,PR-->AZ,PR-->AZ,PR-->AZ,PR-->AZ,PR-->AZ,PR-->AZ,,,,,,,,,,,,,,,,,AZ-->PR,AZ-->PR,AZ-->PR,AZ-->PR,AZ-->PR,AZ-->PR,AZ-->PR,AZ-->PR,AZ-->PR,AZ-->PR,AZ-->PR,AZ-->PR,AZ-->PR,AZ-->PR,AZ-->PR,AZ-->PR,AZ-->PR,AZ-->PR,AZ-->PR
QA,QAT,Qatar,Doha,Asia,Western Asia,,QA-->AZ,QA-->AZ,QA-->AZ,QA-->AZ,QA-->AZ,QA-->AZ,QA-->AZ,QA-->AZ,QA-->AZ,QA-->AZ,QA-->AZ,QA-->AZ,QA-->AZ,QA-->AZ,QA-->AZ,QA-->AZ,QA-->AZ,QA-->AZ,QA-->AZ,,,,,,,,,,,,,,,,,AZ-->QA,AZ-->QA,AZ-->QA,AZ-->QA,AZ-->QA,AZ-->QA,AZ-->QA,AZ-->QA,AZ-->QA,AZ-->QA,AZ-->QA,AZ-->QA,AZ-->QA,AZ-->QA,AZ-->QA,AZ-->QA,AZ-->QA,AZ-->QA,AZ-->QA
XK,KOS,Republic of Kosovo,Pristina,Europe,Eastern Europe,,XK-->AZ,XK-->AZ,XK-->AZ,XK-->AZ,XK-->AZ,XK-->AZ,XK-->AZ,XK-->AZ,XK-->AZ,XK-->AZ,XK-->AZ,XK-->AZ,XK-->AZ,XK-->AZ,XK-->AZ,XK-->AZ,XK-->AZ,XK-->AZ,XK-->AZ,,,,,,,,,,,,,,,,,AZ-->XK,AZ-->XK,AZ-->XK,AZ-->XK,AZ-->XK,AZ-->XK,AZ-->XK,AZ-->XK,AZ-->XK,AZ-->XK,AZ-->XK,AZ-->XK,AZ-->XK,AZ-->XK,AZ-->XK,AZ-->XK,AZ-->XK,AZ-->XK,AZ-->XK
RE,REU,Réunion,Saint-Denis,Africa,Eastern Africa,,RE-->AZ,RE-->AZ,RE-->AZ,RE-->AZ,RE-->AZ,RE-->AZ,RE-->AZ,RE-->AZ,RE-->AZ,RE-->AZ,RE-->AZ,RE-->AZ,RE-->AZ,RE-->AZ,RE-->AZ,RE-->AZ,RE-->AZ,RE-->AZ,RE-->AZ,,,,,,,,,,,,,,,,,AZ-->RE,AZ-->RE,AZ-->RE,AZ-->RE,AZ-->RE,AZ-->RE,AZ-->RE,AZ-->RE,AZ-->RE,AZ-->RE,AZ-->RE,AZ-->RE,AZ-->RE,AZ-->RE,AZ-->RE,AZ-->RE,AZ-->RE,AZ-->RE,AZ-->RE
RO,ROU,Romania,Bucharest,Europe,Eastern Europe,,RO-->AZ,RO-->AZ,RO-->AZ,RO-->AZ,RO-->AZ,RO-->AZ,RO-->AZ,RO-->AZ,RO-->AZ,RO-->AZ,RO-->AZ,RO-->AZ,RO-->AZ,RO-->AZ,RO-->AZ,RO-->AZ,RO-->AZ,RO-->AZ,RO-->AZ,,,,,,,,,,,,,,,,,AZ-->RO,AZ-->RO,AZ-->RO,AZ-->RO,AZ-->RO,AZ-->RO,AZ-->RO,AZ-->RO,AZ-->RO,AZ-->RO,AZ-->RO,AZ-->RO,AZ-->RO,AZ-->RO,AZ-->RO,AZ-->RO,AZ-->RO,AZ-->RO,AZ-->RO
RU,RUS,Russia,Moscow,Europe,Eastern Europe,,RU-->AZ,RU-->AZ,RU-->AZ,RU-->AZ,RU-->AZ,RU-->AZ,RU-->AZ,RU-->AZ,RU-->AZ,RU-->AZ,RU-->AZ,RU-->AZ,RU-->AZ,RU-->AZ,RU-->AZ,RU-->AZ,RU-->AZ,RU-->AZ,RU-->AZ,,,,,,,,,,,,,,,,,AZ-->RU,AZ-->RU,AZ-->RU,AZ-->RU,AZ-->RU,AZ-->RU,AZ-->RU,AZ-->RU,AZ-->RU,AZ-->RU,AZ-->RU,AZ-->RU,AZ-->RU,AZ-->RU,AZ-->RU,AZ-->RU,AZ-->RU,AZ-->RU,AZ-->RU
RW,RWA,Rwanda,Kigali,Africa,Eastern Africa,,RW-->AZ,RW-->AZ,RW-->AZ,RW-->AZ,RW-->AZ,RW-->AZ,RW-->AZ,RW-->AZ,RW-->AZ,RW-->AZ,RW-->AZ,RW-->AZ,RW-->AZ,RW-->AZ,RW-->AZ,RW-->AZ,RW-->AZ,RW-->AZ,RW-->AZ,,,,,,,,,,,,,,,,,AZ-->RW,AZ-->RW,AZ-->RW,AZ-->RW,AZ-->RW,AZ-->RW,AZ-->RW,AZ-->RW,AZ-->RW,AZ-->RW,AZ-->RW,AZ-->RW,AZ-->RW,AZ-->RW,AZ-->RW,AZ-->RW,AZ-->RW,AZ-->RW,AZ-->RW
BL,BLM,Saint Barthélemy,Gustavia,Americas,Caribbean,,BL-->AZ,BL-->AZ,BL-->AZ,BL-->AZ,BL-->AZ,BL-->AZ,BL-->AZ,BL-->AZ,BL-->AZ,BL-->AZ,BL-->AZ,BL-->AZ,BL-->AZ,BL-->AZ,BL-->AZ,BL-->AZ,BL-->AZ,BL-->AZ,BL-->AZ,,,,,,,,,,,,,,,,,AZ-->BL,AZ-->BL,AZ-->BL,AZ-->BL,AZ-->BL,AZ-->BL,AZ-->BL,AZ-->BL,AZ-->BL,AZ-->BL,AZ-->BL,AZ-->BL,AZ-->BL,AZ-->BL,AZ-->BL,AZ-->BL,AZ-->BL,AZ-->BL,AZ-->BL
SH,SHN,Saint Helena,Jamestown,Africa,Western Africa,,SH-->AZ,SH-->AZ,SH-->AZ,SH-->AZ,SH-->AZ,SH-->AZ,SH-->AZ,SH-->AZ,SH-->AZ,SH-->AZ,SH-->AZ,SH-->AZ,SH-->AZ,SH-->AZ,SH-->AZ,SH-->AZ,SH-->AZ,SH-->AZ,SH-->AZ,,,,,,,,,,,,,,,,,AZ-->SH,AZ-->SH,AZ-->SH,AZ-->SH,AZ-->SH,AZ-->SH,AZ-->SH,AZ-->SH,AZ-->SH,AZ-->SH,AZ-->SH,AZ-->SH,AZ-->SH,AZ-->SH,AZ-->SH,AZ-->SH,AZ-->SH,AZ-->SH,AZ-->SH
KN,KNA,Saint Kitts and Nevis,Basseterre,Americas,Caribbean,,KN-->AZ,KN-->AZ,KN-->AZ,KN-->AZ,KN-->AZ,KN-->AZ,KN-->AZ,KN-->AZ,KN-->AZ,KN-->AZ,KN-->AZ,KN-->AZ,KN-->AZ,KN-->AZ,KN-->AZ,KN-->AZ,KN-->AZ,KN-->AZ,KN-->AZ,,,,,,,,,,,,,,,,,AZ-->KN,AZ-->KN,AZ-->KN,AZ-->KN,AZ-->KN,AZ-->KN,AZ-->KN,AZ-->KN,AZ-->KN,AZ-->KN,AZ-->KN,AZ-->KN,AZ-->KN,AZ-->KN,AZ-->KN,AZ-->KN,AZ-->KN,AZ-->KN,AZ-->KN
LC,LCA,Saint Lucia,Castries,Americas,Caribbean,,LC-->AZ,LC-->AZ,LC-->AZ,LC-->AZ,LC-->AZ,LC-->AZ,LC-->AZ,LC-->AZ,LC-->AZ,LC-->AZ,LC-->AZ,LC-->AZ,LC-->AZ,LC-->AZ,LC-->AZ,LC-->AZ,LC-->AZ,LC-->AZ,LC-->AZ,,,,,,,,,,,,,,,,,AZ-->LC,AZ-->LC,AZ-->LC,AZ-->LC,AZ-->LC,AZ-->LC,AZ-->LC,AZ-->LC,AZ-->LC,AZ-->LC,AZ-->LC,AZ-->LC,AZ-->LC,AZ-->LC,AZ-->LC,AZ-->LC,AZ-->LC,AZ-->LC,AZ-->LC
MF,MAF,Saint Martin,Marigot,Americas,Caribbean,,MF-->AZ,MF-->AZ,MF-->AZ,MF-->AZ,MF-->AZ,MF-->AZ,MF-->AZ,MF-->AZ,MF-->AZ,MF-->AZ,MF-->AZ,MF-->AZ,MF-->AZ,MF-->AZ,MF-->AZ,MF-->AZ,MF-->AZ,MF-->AZ,MF-->AZ,,,,,,,,,,,,,,,,,AZ-->MF,AZ-->MF,AZ-->MF,AZ-->MF,AZ-->MF,AZ-->MF,AZ-->MF,AZ-->MF,AZ-->MF,AZ-->MF,AZ-->MF,AZ-->MF,AZ-->MF,AZ-->MF,AZ-->MF,AZ-->MF,AZ-->MF,AZ-->MF,AZ-->MF
PM,SPM,Saint Pierre and Miquelon,Saint-Pierre,Americas,Northern America,,PM-->AZ,PM-->AZ,PM-->AZ,PM-->AZ,PM-->AZ,PM-->AZ,PM-->AZ,PM-->AZ,PM-->AZ,PM-->AZ,PM-->AZ,PM-->AZ,PM-->AZ,PM-->AZ,PM-->AZ,PM-->AZ,PM-->AZ,PM-->AZ,PM-->AZ,,,,,,,,,,,,,,,,,AZ-->PM,AZ-->PM,AZ-->PM,AZ-->PM,AZ-->PM,AZ-->PM,AZ-->PM,AZ-->PM,AZ-->PM,AZ-->PM,AZ-->PM,AZ-->PM,AZ-->PM,AZ-->PM,AZ-->PM,AZ-->PM,AZ-->PM,AZ-->PM,AZ-->PM
VC,VCT,Saint Vincent and the Grenadines,Kingstown,Americas,Caribbean,,VC-->AZ,VC-->AZ,VC-->AZ,VC-->AZ,VC-->AZ,VC-->AZ,VC-->AZ,VC-->AZ,VC-->AZ,VC-->AZ,VC-->AZ,VC-->AZ,VC-->AZ,VC-->AZ,VC-->AZ,VC-->AZ,VC-->AZ,VC-->AZ,VC-->AZ,,,,,,,,,,,,,,,,,AZ-->VC,AZ-->VC,AZ-->VC,AZ-->VC,AZ-->VC,AZ-->VC,AZ-->VC,AZ-->VC,AZ-->VC,AZ-->VC,AZ-->VC,AZ-->VC,AZ-->VC,AZ-->VC,AZ-->VC,AZ-->VC,AZ-->VC,AZ-->VC,AZ-->VC
WS,WSM,Samoa,Apia,Oceania,Polynesia,,WS-->AZ,WS-->AZ,WS-->AZ,WS-->AZ,WS-->AZ,WS-->AZ,WS-->AZ,WS-->AZ,WS-->AZ,WS-->AZ,WS-->AZ,WS-->AZ,WS-->AZ,WS-->AZ,WS-->AZ,WS-->AZ,WS-->AZ,WS-->AZ,WS-->AZ,,,,,,,,,,,,,,,,,AZ-->WS,AZ-->WS,AZ-->WS,AZ-->WS,AZ-->WS,AZ-->WS,AZ-->WS,AZ-->WS,AZ-->WS,AZ-->WS,AZ-->WS,AZ-->WS,AZ-->WS,AZ-->WS,AZ-->WS,AZ-->WS,AZ-->WS,AZ-->WS,AZ-->WS
SM,SMR,San Marino,City of San Marino,Europe,Southern Europe,,SM-->AZ,SM-->AZ,SM-->AZ,SM-->AZ,SM-->AZ,SM-->AZ,SM-->AZ,SM-->AZ,SM-->AZ,SM-->AZ,SM-->AZ,SM-->AZ,SM-->AZ,SM-->AZ,SM-->AZ,SM-->AZ,SM-->AZ,SM-->AZ,SM-->AZ,,,,,,,,,,,,,,,,,AZ-->SM,AZ-->SM,AZ-->SM,AZ-->SM,AZ-->SM,AZ-->SM,AZ-->SM,AZ-->SM,AZ-->SM,AZ-->SM,AZ-->SM,AZ-->SM,AZ-->SM,AZ-->SM,AZ-->SM,AZ-->SM,AZ-->SM,AZ-->SM,AZ-->SM
ST,STP,São Tomé and Príncipe,São Tomé,Africa,Middle Africa,,ST-->AZ,ST-->AZ,ST-->AZ,ST-->AZ,ST-->AZ,ST-->AZ,ST-->AZ,ST-->AZ,ST-->AZ,ST-->AZ,ST-->AZ,ST-->AZ,ST-->AZ,ST-->AZ,ST-->AZ,ST-->AZ,ST-->AZ,ST-->AZ,ST-->AZ,,,,,,,,,,,,,,,,,AZ-->ST,AZ-->ST,AZ-->ST,AZ-->ST,AZ-->ST,AZ-->ST,AZ-->ST,AZ-->ST,AZ-->ST,AZ-->ST,AZ-->ST,AZ-->ST,AZ-->ST,AZ-->ST,AZ-->ST,AZ-->ST,AZ-->ST,AZ-->ST,AZ-->ST
SA,SAU,Saudi Arabia,Riyadh,Asia,Western Asia,,SA-->AZ,SA-->AZ,SA-->AZ,SA-->AZ,SA-->AZ,SA-->AZ,SA-->AZ,SA-->AZ,SA-->AZ,SA-->AZ,SA-->AZ,SA-->AZ,SA-->AZ,SA-->AZ,SA-->AZ,SA-->AZ,SA-->AZ,SA-->AZ,SA-->AZ,,,,,,,,,,,,,,,,,AZ-->SA,AZ-->SA,AZ-->SA,AZ-->SA,AZ-->SA,AZ-->SA,AZ-->SA,AZ-->SA,AZ-->SA,AZ-->SA,AZ-->SA,AZ-->SA,AZ-->SA,AZ-->SA,AZ-->SA,AZ-->SA,AZ-->SA,AZ-->SA,AZ-->SA
SN,SEN,Senegal,Dakar,Africa,Western Africa,,SN-->AZ,SN-->AZ,SN-->AZ,SN-->AZ,SN-->AZ,SN-->AZ,SN-->AZ,SN-->AZ,SN-->AZ,SN-->AZ,SN-->AZ,SN-->AZ,SN-->AZ,SN-->AZ,SN-->AZ,SN-->AZ,SN-->AZ,SN-->AZ,SN-->AZ,,,,,,,,,,,,,,,,,AZ-->SN,AZ-->SN,AZ-->SN,AZ-->SN,AZ-->SN,AZ-->SN,AZ-->SN,AZ-->SN,AZ-->SN,AZ-->SN,AZ-->SN,AZ-->SN,AZ-->SN,AZ-->SN,AZ-->SN,AZ-->SN,AZ-->SN,AZ-->SN,AZ-->SN
RS,SRB,Serbia,Belgrade,Europe,Southern Europe,,RS-->AZ,RS-->AZ,RS-->AZ,RS-->AZ,RS-->AZ,RS-->AZ,RS-->AZ,RS-->AZ,RS-->AZ,RS-->AZ,RS-->AZ,RS-->AZ,RS-->AZ,RS-->AZ,RS-->AZ,RS-->AZ,RS-->AZ,RS-->AZ,RS-->AZ,,,,,,,,,,,,,,,,,AZ-->RS,AZ-->RS,AZ-->RS,AZ-->RS,AZ-->RS,AZ-->RS,AZ-->RS,AZ-->RS,AZ-->RS,AZ-->RS,AZ-->RS,AZ-->RS,AZ-->RS,AZ-->RS,AZ-->RS,AZ-->RS,AZ-->RS,AZ-->RS,AZ-->RS
SC,SYC,Seychelles,Victoria,Africa,Eastern Africa,,SC-->AZ,SC-->AZ,SC-->AZ,SC-->AZ,SC-->AZ,SC-->AZ,SC-->AZ,SC-->AZ,SC-->AZ,SC-->AZ,SC-->AZ,SC-->AZ,SC-->AZ,SC-->AZ,SC-->AZ,SC-->AZ,SC-->AZ,SC-->AZ,SC-->AZ,,,,,,,,,,,,,,,,,AZ-->SC,AZ-->SC,AZ-->SC,AZ-->SC,AZ-->SC,AZ-->SC,AZ-->SC,AZ-->SC,AZ-->SC,AZ-->SC,AZ-->SC,AZ-->SC,AZ-->SC,AZ-->SC,AZ-->SC,AZ-->SC,AZ-->SC,AZ-->SC,AZ-->SC
SL,SLE,Sierra Leone,Freetown,Africa,Western Africa,,SL-->AZ,SL-->AZ,SL-->AZ,SL-->AZ,SL-->AZ,SL-->AZ,SL-->AZ,SL-->AZ,SL-->AZ,SL-->AZ,SL-->AZ,SL-->AZ,SL-->AZ,SL-->AZ,SL-->AZ,SL-->AZ,SL-->AZ,SL-->AZ,SL-->AZ,,,,,,,,,,,,,,,,,AZ-->SL,AZ-->SL,AZ-->SL,AZ-->SL,AZ-->SL,AZ-->SL,AZ-->SL,AZ-->SL,AZ-->SL,AZ-->SL,AZ-->SL,AZ-->SL,AZ-->SL,AZ-->SL,AZ-->SL,AZ-->SL,AZ-->SL,AZ-->SL,AZ-->SL
SG,SGP,Singapore,Singapore,Asia,South-Eastern Asia,,SG-->AZ,SG-->AZ,SG-->AZ,SG-->AZ,SG-->AZ,SG-->AZ,SG-->AZ,SG-->AZ,SG-->AZ,SG-->AZ,SG-->AZ,SG-->AZ,SG-->AZ,SG-->AZ,SG-->AZ,SG-->AZ,SG-->AZ,SG-->AZ,SG-->AZ,,,,,,,,,,,,,,,,,AZ-->SG,AZ-->SG,AZ-->SG,AZ-->SG,AZ-->SG,AZ-->SG,AZ-->SG,AZ-->SG,AZ-->SG,AZ-->SG,AZ-->SG,AZ-->SG,AZ-->SG,AZ-->SG,AZ-->SG,AZ-->SG,AZ-->SG,AZ-->SG,AZ-->SG
SX,SXM,Sint Maarten,Philipsburg,Americas,Caribbean,,SX-->AZ,SX-->AZ,SX-->AZ,SX-->AZ,SX-->AZ,SX-->AZ,SX-->AZ,SX-->AZ,SX-->AZ,SX-->AZ,SX-->AZ,SX-->AZ,SX-->AZ,SX-->AZ,SX-->AZ,SX-->AZ,SX-->AZ,SX-->AZ,SX-->AZ,,,,,,,,,,,,,,,,,AZ-->SX,AZ-->SX,AZ-->SX,AZ-->SX,AZ-->SX,AZ-->SX,AZ-->SX,AZ-->SX,AZ-->SX,AZ-->SX,AZ-->SX,AZ-->SX,AZ-->SX,AZ-->SX,AZ-->SX,AZ-->SX,AZ-->SX,AZ-->SX,AZ-->SX
SK,SVK,Slovakia,Bratislava,Europe,Eastern Europe,,SK-->AZ,SK-->AZ,SK-->AZ,SK-->AZ,SK-->AZ,SK-->AZ,SK-->AZ,SK-->AZ,SK-->AZ,SK-->AZ,SK-->AZ,SK-->AZ,SK-->AZ,SK-->AZ,SK-->AZ,SK-->AZ,SK-->AZ,SK-->AZ,SK-->AZ,,,,,,,,,,,,,,,,,AZ-->SK,AZ-->SK,AZ-->SK,AZ-->SK,AZ-->SK,AZ-->SK,AZ-->SK,AZ-->SK,AZ-->SK,AZ-->SK,AZ-->SK,AZ-->SK,AZ-->SK,AZ-->SK,AZ-->SK,AZ-->SK,AZ-->SK,AZ-->SK,AZ-->SK
SI,SVN,Slovenia,Ljubljana,Europe,Southern Europe,,SI-->AZ,SI-->AZ,SI-->AZ,SI-->AZ,SI-->AZ,SI-->AZ,SI-->AZ,SI-->AZ,SI-->AZ,SI-->AZ,SI-->AZ,SI-->AZ,SI-->AZ,SI-->AZ,SI-->AZ,SI-->AZ,SI-->AZ,SI-->AZ,SI-->AZ,,,,,,,,,,,,,,,,,AZ-->SI,AZ-->SI,AZ-->SI,AZ-->SI,AZ-->SI,AZ-->SI,AZ-->SI,AZ-->SI,AZ-->SI,AZ-->SI,AZ-->SI,AZ-->SI,AZ-->SI,AZ-->SI,AZ-->SI,AZ-->SI,AZ-->SI,AZ-->SI,AZ-->SI
SB,SLB,Solomon Islands,Honiara,Oceania,Melanesia,,SB-->AZ,SB-->AZ,SB-->AZ,SB-->AZ,SB-->AZ,SB-->AZ,SB-->AZ,SB-->AZ,SB-->AZ,SB-->AZ,SB-->AZ,SB-->AZ,SB-->AZ,SB-->AZ,SB-->AZ,SB-->AZ,SB-->AZ,SB-->AZ,SB-->AZ,,,,,,,,,,,,,,,,,AZ-->SB,AZ-->SB,AZ-->SB,AZ-->SB,AZ-->SB,AZ-->SB,AZ-->SB,AZ-->SB,AZ-->SB,AZ-->SB,AZ-->SB,AZ-->SB,AZ-->SB,AZ-->SB,AZ-->SB,AZ-->SB,AZ-->SB,AZ-->SB,AZ-->SB
SO,SOM,Somalia,Mogadishu,Africa,Eastern Africa,,SO-->AZ,SO-->AZ,SO-->AZ,SO-->AZ,SO-->AZ,SO-->AZ,SO-->AZ,SO-->AZ,SO-->AZ,SO-->AZ,SO-->AZ,SO-->AZ,SO-->AZ,SO-->AZ,SO-->AZ,SO-->AZ,SO-->AZ,SO-->AZ,SO-->AZ,,,,,,,,,,,,,,,,,AZ-->SO,AZ-->SO,AZ-->SO,AZ-->SO,AZ-->SO,AZ-->SO,AZ-->SO,AZ-->SO,AZ-->SO,AZ-->SO,AZ-->SO,AZ-->SO,AZ-->SO,AZ-->SO,AZ-->SO,AZ-->SO,AZ-->SO,AZ-->SO,AZ-->SO
ZA,ZAF,South Africa,Pretoria,Africa,Southern Africa,,ZA-->AZ,ZA-->AZ,ZA-->AZ,ZA-->AZ,ZA-->AZ,ZA-->AZ,ZA-->AZ,ZA-->AZ,ZA-->AZ,ZA-->AZ,ZA-->AZ,ZA-->AZ,ZA-->AZ,ZA-->AZ,ZA-->AZ,ZA-->AZ,ZA-->AZ,ZA-->AZ,ZA-->AZ,,,,,,,,,,,,,,,,,AZ-->ZA,AZ-->ZA,AZ-->ZA,AZ-->ZA,AZ-->ZA,AZ-->ZA,AZ-->ZA,AZ-->ZA,AZ-->ZA,AZ-->ZA,AZ-->ZA,AZ-->ZA,AZ-->ZA,AZ-->ZA,AZ-->ZA,AZ-->ZA,AZ-->ZA,AZ-->ZA,AZ-->ZA
GS,SGS,South Georgia,King Edward Point,Americas,South America,,GS-->AZ,GS-->AZ,GS-->AZ,GS-->AZ,GS-->AZ,GS-->AZ,GS-->AZ,GS-->AZ,GS-->AZ,GS-->AZ,GS-->AZ,GS-->AZ,GS-->AZ,GS-->AZ,GS-->AZ,GS-->AZ,GS-->AZ,GS-->AZ,GS-->AZ,,,,,,,,,,,,,,,,,AZ-->GS,AZ-->GS,AZ-->GS,AZ-->GS,AZ-->GS,AZ-->GS,AZ-->GS,AZ-->GS,AZ-->GS,AZ-->GS,AZ-->GS,AZ-->GS,AZ-->GS,AZ-->GS,AZ-->GS,AZ-->GS,AZ-->GS,AZ-->GS,AZ-->GS
KR,KOR,South Korea,Seoul,Asia,Eastern Asia,,KR-->AZ,KR-->AZ,KR-->AZ,KR-->AZ,KR-->AZ,KR-->AZ,KR-->AZ,KR-->AZ,KR-->AZ,KR-->AZ,KR-->AZ,KR-->AZ,KR-->AZ,KR-->AZ,KR-->AZ,KR-->AZ,KR-->AZ,KR-->AZ,KR-->AZ,,,,,,,,,,,,,,,,,AZ-->KR,AZ-->KR,AZ-->KR,AZ-->KR,AZ-->KR,AZ-->KR,AZ-->KR,AZ-->KR,AZ-->KR,AZ-->KR,AZ-->KR,AZ-->KR,AZ-->KR,AZ-->KR,AZ-->KR,AZ-->KR,AZ-->KR,AZ-->KR,AZ-->KR
SS,SSD,South Sudan,Juba,Africa,Middle Africa,,SS-->AZ,SS-->AZ,SS-->AZ,SS-->AZ,SS-->AZ,SS-->AZ,SS-->AZ,SS-->AZ,SS-->AZ,SS-->AZ,SS-->AZ,SS-->AZ,SS-->AZ,SS-->AZ,SS-->AZ,SS-->AZ,SS-->AZ,SS-->AZ,SS-->AZ,,,,,,,,,,,,,,,,,AZ-->SS,AZ-->SS,AZ-->SS,AZ-->SS,AZ-->SS,AZ-->SS,AZ-->SS,AZ-->SS,AZ-->SS,AZ-->SS,AZ-->SS,AZ-->SS,AZ-->SS,AZ-->SS,AZ-->SS,AZ-->SS,AZ-->SS,AZ-->SS,AZ-->SS
ES,ESP,Spain,Madrid,Europe,Southern Europe,,ES-->AZ,ES-->AZ,ES-->AZ,ES-->AZ,ES-->AZ,ES-->AZ,ES-->AZ,ES-->AZ,ES-->AZ,ES-->AZ,ES-->AZ,ES-->AZ,ES-->AZ,ES-->AZ,ES-->AZ,ES-->AZ,ES-->AZ,ES-->AZ,ES-->AZ,,,,,,,,,,,,,,,,,AZ-->ES,AZ-->ES,AZ-->ES,AZ-->ES,AZ-->ES,AZ-->ES,AZ-->ES,AZ-->ES,AZ-->ES,AZ-->ES,AZ-->ES,AZ-->ES,AZ-->ES,AZ-->ES,AZ-->ES,AZ-->ES,AZ-->ES,AZ-->ES,AZ-->ES
LK,LKA,Sri Lanka,Colombo,Asia,Southern Asia,,LK-->AZ,LK-->AZ,LK-->AZ,LK-->AZ,LK-->AZ,LK-->AZ,LK-->AZ,LK-->AZ,LK-->AZ,LK-->AZ,LK-->AZ,LK-->AZ,LK-->AZ,LK-->AZ,LK-->AZ,LK-->AZ,LK-->AZ,LK-->AZ,LK-->AZ,,,,,,,,,,,,,,,,,AZ-->LK,AZ-->LK,AZ-->LK,AZ-->LK,AZ-->LK,AZ-->LK,AZ-->LK,AZ-->LK,AZ-->LK,AZ-->LK,AZ-->LK,AZ-->LK,AZ-->LK,AZ-->LK,AZ-->LK,AZ-->LK,AZ-->LK,AZ-->LK,AZ-->LK
SD,SDN,Sudan,Khartoum,Africa,Northern Africa,,SD-->AZ,SD-->AZ,SD-->AZ,SD-->AZ,SD-->AZ,SD-->AZ,SD-->AZ,SD-->AZ,SD-->AZ,SD-->AZ,SD-->AZ,SD-->AZ,SD-->AZ,SD-->AZ,SD-->AZ,SD-->AZ,SD-->AZ,SD-->AZ,SD-->AZ,,,,,,,,,,,,,,,,,AZ-->SD,AZ-->SD,AZ-->SD,AZ-->SD,AZ-->SD,AZ-->SD,AZ-->SD,AZ-->SD,AZ-->SD,AZ-->SD,AZ-->SD,AZ-->SD,AZ-->SD,AZ-->SD,AZ-->SD,AZ-->SD,AZ-->SD,AZ-->SD,AZ-->SD
SR,SUR,Suriname,Paramaribo,Americas,South America,,SR-->AZ,SR-->AZ,SR-->AZ,SR-->AZ,SR-->AZ,SR-->AZ,SR-->AZ,SR-->AZ,SR-->AZ,SR-->AZ,SR-->AZ,SR-->AZ,SR-->AZ,SR-->AZ,SR-->AZ,SR-->AZ,SR-->AZ,SR-->AZ,SR-->AZ,,,,,,,,,,,,,,,,,AZ-->SR,AZ-->SR,AZ-->SR,AZ-->SR,AZ-->SR,AZ-->SR,AZ-->SR,AZ-->SR,AZ-->SR,AZ-->SR,AZ-->SR,AZ-->SR,AZ-->SR,AZ-->SR,AZ-->SR,AZ-->SR,AZ-->SR,AZ-->SR,AZ-->SR
SJ,SJM,Svalbard and Jan Mayen,Longyearbyen,Europe,Northern Europe,,SJ-->AZ,SJ-->AZ,SJ-->AZ,SJ-->AZ,SJ-->AZ,SJ-->AZ,SJ-->AZ,SJ-->AZ,SJ-->AZ,SJ-->AZ,SJ-->AZ,SJ-->AZ,SJ-->AZ,SJ-->AZ,SJ-->AZ,SJ-->AZ,SJ-->AZ,SJ-->AZ,SJ-->AZ,,,,,,,,,,,,,,,,,AZ-->SJ,AZ-->SJ,AZ-->SJ,AZ-->SJ,AZ-->SJ,AZ-->SJ,AZ-->SJ,AZ-->SJ,AZ-->SJ,AZ-->SJ,AZ-->SJ,AZ-->SJ,AZ-->SJ,AZ-->SJ,AZ-->SJ,AZ-->SJ,AZ-->SJ,AZ-->SJ,AZ-->SJ
SZ,SWZ,Swaziland,Lobamba,Africa,Southern Africa,,SZ-->AZ,SZ-->AZ,SZ-->AZ,SZ-->AZ,SZ-->AZ,SZ-->AZ,SZ-->AZ,SZ-->AZ,SZ-->AZ,SZ-->AZ,SZ-->AZ,SZ-->AZ,SZ-->AZ,SZ-->AZ,SZ-->AZ,SZ-->AZ,SZ-->AZ,SZ-->AZ,SZ-->AZ,,,,,,,,,,,,,,,,,AZ-->SZ,AZ-->SZ,AZ-->SZ,AZ-->SZ,AZ-->SZ,AZ-->SZ,AZ-->SZ,AZ-->SZ,AZ-->SZ,AZ-->SZ,AZ-->SZ,AZ-->SZ,AZ-->SZ,AZ-->SZ,AZ-->SZ,AZ-->SZ,AZ-->SZ,AZ-->SZ,AZ-->SZ
SE,SWE,Sweden,Stockholm,Europe,Northern Europe,,SE-->AZ,SE-->AZ,SE-->AZ,SE-->AZ,SE-->AZ,SE-->AZ,SE-->AZ,SE-->AZ,SE-->AZ,SE-->AZ,SE-->AZ,SE-->AZ,SE-->AZ,SE-->AZ,SE-->AZ,SE-->AZ,SE-->AZ,SE-->AZ,SE-->AZ,,,,,,,,,,,,,,,,,AZ-->SE,AZ-->SE,AZ-->SE,AZ-->SE,AZ-->SE,AZ-->SE,AZ-->SE,AZ-->SE,AZ-->SE,AZ-->SE,AZ-->SE,AZ-->SE,AZ-->SE,AZ-->SE,AZ-->SE,AZ-->SE,AZ-->SE,AZ-->SE,AZ-->SE
CH,CHE,Switzerland,Bern,Europe,Western Europe,,CH-->AZ,CH-->AZ,CH-->AZ,CH-->AZ,CH-->AZ,CH-->AZ,CH-->AZ,CH-->AZ,CH-->AZ,CH-->AZ,CH-->AZ,CH-->AZ,CH-->AZ,CH-->AZ,CH-->AZ,CH-->AZ,CH-->AZ,CH-->AZ,CH-->AZ,,,,,,,,,,,,,,,,,AZ-->CH,AZ-->CH,AZ-->CH,AZ-->CH,AZ-->CH,AZ-->CH,AZ-->CH,AZ-->CH,AZ-->CH,AZ-->CH,AZ-->CH,AZ-->CH,AZ-->CH,AZ-->CH,AZ-->CH,AZ-->CH,AZ-->CH,AZ-->CH,AZ-->CH
SY,SYR,Syria,Damascus,Asia,Western Asia,,SY-->AZ,SY-->AZ,SY-->AZ,SY-->AZ,SY-->AZ,SY-->AZ,SY-->AZ,SY-->AZ,SY-->AZ,SY-->AZ,SY-->AZ,SY-->AZ,SY-->AZ,SY-->AZ,SY-->AZ,SY-->AZ,SY-->AZ,SY-->AZ,SY-->AZ,,,,,,,,,,,,,,,,,AZ-->SY,AZ-->SY,AZ-->SY,AZ-->SY,AZ-->SY,AZ-->SY,AZ-->SY,AZ-->SY,AZ-->SY,AZ-->SY,AZ-->SY,AZ-->SY,AZ-->SY,AZ-->SY,AZ-->SY,AZ-->SY,AZ-->SY,AZ-->SY,AZ-->SY
TW,TWN,Taiwan,Taipei,Asia,Eastern Asia,,TW-->AZ,TW-->AZ,TW-->AZ,TW-->AZ,TW-->AZ,TW-->AZ,TW-->AZ,TW-->AZ,TW-->AZ,TW-->AZ,TW-->AZ,TW-->AZ,TW-->AZ,TW-->AZ,TW-->AZ,TW-->AZ,TW-->AZ,TW-->AZ,TW-->AZ,,,,,,,,,,,,,,,,,AZ-->TW,AZ-->TW,AZ-->TW,AZ-->TW,AZ-->TW,AZ-->TW,AZ-->TW,AZ-->TW,AZ-->TW,AZ-->TW,AZ-->TW,AZ-->TW,AZ-->TW,AZ-->TW,AZ-->TW,AZ-->TW,AZ-->TW,AZ-->TW,AZ-->TW
TJ,TJK,Tajikistan,Dushanbe,Asia,Central Asia,,TJ-->AZ,TJ-->AZ,TJ-->AZ,TJ-->AZ,TJ-->AZ,TJ-->AZ,TJ-->AZ,TJ-->AZ,TJ-->AZ,TJ-->AZ,TJ-->AZ,TJ-->AZ,TJ-->AZ,TJ-->AZ,TJ-->AZ,TJ-->AZ,TJ-->AZ,TJ-->AZ,TJ-->AZ,,,,,,,,,,,,,,,,,AZ-->TJ,AZ-->TJ,AZ-->TJ,AZ-->TJ,AZ-->TJ,AZ-->TJ,AZ-->TJ,AZ-->TJ,AZ-->TJ,AZ-->TJ,AZ-->TJ,AZ-->TJ,AZ-->TJ,AZ-->TJ,AZ-->TJ,AZ-->TJ,AZ-->TJ,AZ-->TJ,AZ-->TJ
TZ,TZA,Tanzania,Dodoma,Africa,Eastern Africa,,TZ-->AZ,TZ-->AZ,TZ-->AZ,TZ-->AZ,TZ-->AZ,TZ-->AZ,TZ-->AZ,TZ-->AZ,TZ-->AZ,TZ-->AZ,TZ-->AZ,TZ-->AZ,TZ-->AZ,TZ-->AZ,TZ-->AZ,TZ-->AZ,TZ-->AZ,TZ-->AZ,TZ-->AZ,,,,,,,,,,,,,,,,,AZ-->TZ,AZ-->TZ,AZ-->TZ,AZ-->TZ,AZ-->TZ,AZ-->TZ,AZ-->TZ,AZ-->TZ,AZ-->TZ,AZ-->TZ,AZ-->TZ,AZ-->TZ,AZ-->TZ,AZ-->TZ,AZ-->TZ,AZ-->TZ,AZ-->TZ,AZ-->TZ,AZ-->TZ
TH,THA,Thailand,Bangkok,Asia,South-Eastern Asia,,TH-->AZ,TH-->AZ,TH-->AZ,TH-->AZ,TH-->AZ,TH-->AZ,TH-->AZ,TH-->AZ,TH-->AZ,TH-->AZ,TH-->AZ,TH-->AZ,TH-->AZ,TH-->AZ,TH-->AZ,TH-->AZ,TH-->AZ,TH-->AZ,TH-->AZ,,,,,,,,,,,,,,,,,AZ-->TH,AZ-->TH,AZ-->TH,AZ-->TH,AZ-->TH,AZ-->TH,AZ-->TH,AZ-->TH,AZ-->TH,AZ-->TH,AZ-->TH,AZ-->TH,AZ-->TH,AZ-->TH,AZ-->TH,AZ-->TH,AZ-->TH,AZ-->TH,AZ-->TH
TL,TLS,East Timor,Dili,Asia,South-Eastern Asia,,TL-->AZ,TL-->AZ,TL-->AZ,TL-->AZ,TL-->AZ,TL-->AZ,TL-->AZ,TL-->AZ,TL-->AZ,TL-->AZ,TL-->AZ,TL-->AZ,TL-->AZ,TL-->AZ,TL-->AZ,TL-->AZ,TL-->AZ,TL-->AZ,TL-->AZ,,,,,,,,,,,,,,,,,AZ-->TL,AZ-->TL,AZ-->TL,AZ-->TL,AZ-->TL,AZ-->TL,AZ-->TL,AZ-->TL,AZ-->TL,AZ-->TL,AZ-->TL,AZ-->TL,AZ-->TL,AZ-->TL,AZ-->TL,AZ-->TL,AZ-->TL,AZ-->TL,AZ-->TL
TG,TGO,Togo,Lomé,Africa,Western Africa,,TG-->AZ,TG-->AZ,TG-->AZ,TG-->AZ,TG-->AZ,TG-->AZ,TG-->AZ,TG-->AZ,TG-->AZ,TG-->AZ,TG-->AZ,TG-->AZ,TG-->AZ,TG-->AZ,TG-->AZ,TG-->AZ,TG-->AZ,TG-->AZ,TG-->AZ,,,,,,,,,,,,,,,,,AZ-->TG,AZ-->TG,AZ-->TG,AZ-->TG,AZ-->TG,AZ-->TG,AZ-->TG,AZ-->TG,AZ-->TG,AZ-->TG,AZ-->TG,AZ-->TG,AZ-->TG,AZ-->TG,AZ-->TG,AZ-->TG,AZ-->TG,AZ-->TG,AZ-->TG
TK,TKL,Tokelau,Fakaofo,Oceania,Polynesia,,TK-->AZ,TK-->AZ,TK-->AZ,TK-->AZ,TK-->AZ,TK-->AZ,TK-->AZ,TK-->AZ,TK-->AZ,TK-->AZ,TK-->AZ,TK-->AZ,TK-->AZ,TK-->AZ,TK-->AZ,TK-->AZ,TK-->AZ,TK-->AZ,TK-->AZ,,,,,,,,,,,,,,,,,AZ-->TK,AZ-->TK,AZ-->TK,AZ-->TK,AZ-->TK,AZ-->TK,AZ-->TK,AZ-->TK,AZ-->TK,AZ-->TK,AZ-->TK,AZ-->TK,AZ-->TK,AZ-->TK,AZ-->TK,AZ-->TK,AZ-->TK,AZ-->TK,AZ-->TK
TO,TON,Tonga,Nuku'alofa,Oceania,Polynesia,,TO-->AZ,TO-->AZ,TO-->AZ,TO-->AZ,TO-->AZ,TO-->AZ,TO-->AZ,TO-->AZ,TO-->AZ,TO-->AZ,TO-->AZ,TO-->AZ,TO-->AZ,TO-->AZ,TO-->AZ,TO-->AZ,TO-->AZ,TO-->AZ,TO-->AZ,,,,,,,,,,,,,,,,,AZ-->TO,AZ-->TO,AZ-->TO,AZ-->TO,AZ-->TO,AZ-->TO,AZ-->TO,AZ-->TO,AZ-->TO,AZ-->TO,AZ-->TO,AZ-->TO,AZ-->TO,AZ-->TO,AZ-->TO,AZ-->TO,AZ-->TO,AZ-->TO,AZ-->TO
TT,TTO,Trinidad and Tobago,Port of Spain,Americas,Caribbean,,TT-->AZ,TT-->AZ,TT-->AZ,TT-->AZ,TT-->AZ,TT-->AZ,TT-->AZ,TT-->AZ,TT-->AZ,TT-->AZ,TT-->AZ,TT-->AZ,TT-->AZ,TT-->AZ,TT-->AZ,TT-->AZ,TT-->AZ,TT-->AZ,TT-->AZ,,,,,,,,,,,,,,,,,AZ-->TT,AZ-->TT,AZ-->TT,AZ-->TT,AZ-->TT,AZ-->TT,AZ-->TT,AZ-->TT,AZ-->TT,AZ-->TT,AZ-->TT,AZ-->TT,AZ-->TT,AZ-->TT,AZ-->TT,AZ-->TT,AZ-->TT,AZ-->TT,AZ-->TT
TN,TUN,Tunisia,Tunis,Africa,Northern Africa,,TN-->AZ,TN-->AZ,TN-->AZ,TN-->AZ,TN-->AZ,TN-->AZ,TN-->AZ,TN-->AZ,TN-->AZ,TN-->AZ,TN-->AZ,TN-->AZ,TN-->AZ,TN-->AZ,TN-->AZ,TN-->AZ,TN-->AZ,TN-->AZ,TN-->AZ,,,,,,,,,,,,,,,,,AZ-->TN,AZ-->TN,AZ-->TN,AZ-->TN,AZ-->TN,AZ-->TN,AZ-->TN,AZ-->TN,AZ-->TN,AZ-->TN,AZ-->TN,AZ-->TN,AZ-->TN,AZ-->TN,AZ-->TN,AZ-->TN,AZ-->TN,AZ-->TN,AZ-->TN
TR,TUR,Turkey,Ankara,Asia,Western Asia,,TR-->AZ,TR-->AZ,TR-->AZ,TR-->AZ,TR-->AZ,TR-->AZ,TR-->AZ,TR-->AZ,TR-->AZ,TR-->AZ,TR-->AZ,TR-->AZ,TR-->AZ,TR-->AZ,TR-->AZ,TR-->AZ,TR-->AZ,TR-->AZ,TR-->AZ,,,,,,,,,,,,,,,,,AZ-->TR,AZ-->TR,AZ-->TR,AZ-->TR,AZ-->TR,AZ-->TR,AZ-->TR,AZ-->TR,AZ-->TR,AZ-->TR,AZ-->TR,AZ-->TR,AZ-->TR,AZ-->TR,AZ-->TR,AZ-->TR,AZ-->TR,AZ-->TR,AZ-->TR
TM,TKM,Turkmenistan,Ashgabat,Asia,Central Asia,,TM-->AZ,TM-->AZ,TM-->AZ,TM-->AZ,TM-->AZ,TM-->AZ,TM-->AZ,TM-->AZ,TM-->AZ,TM-->AZ,TM-->AZ,TM-->AZ,TM-->AZ,TM-->AZ,TM-->AZ,TM-->AZ,TM-->AZ,TM-->AZ,TM-->AZ,,,,,,,,,,,,,,,,,AZ-->TM,AZ-->TM,AZ-->TM,AZ-->TM,AZ-->TM,AZ-->TM,AZ-->TM,AZ-->TM,AZ-->TM,AZ-->TM,AZ-->TM,AZ-->TM,AZ-->TM,AZ-->TM,AZ-->TM,AZ-->TM,AZ-->TM,AZ-->TM,AZ-->TM
TC,TCA,Turks and Caicos Islands,Cockburn Town,Americas,Caribbean,,TC-->AZ,TC-->AZ,TC-->AZ,TC-->AZ,TC-->AZ,TC-->AZ,TC-->AZ,TC-->AZ,TC-->AZ,TC-->AZ,TC-->AZ,TC-->AZ,TC-->AZ,TC-->AZ,TC-->AZ,TC-->AZ,TC-->AZ,TC-->AZ,TC-->AZ,,,,,,,,,,,,,,,,,AZ-->TC,AZ-->TC,AZ-->TC,AZ-->TC,AZ-->TC,AZ-->TC,AZ-->TC,AZ-->TC,AZ-->TC,AZ-->TC,AZ-->TC,AZ-->TC,AZ-->TC,AZ-->TC,AZ-->TC,AZ-->TC,AZ-->TC,AZ-->TC,AZ-->TC
TV,TUV,Tuvalu,Funafuti,Oceania,Polynesia,,TV-->AZ,TV-->AZ,TV-->AZ,TV-->AZ,TV-->AZ,TV-->AZ,TV-->AZ,TV-->AZ,TV-->AZ,TV-->AZ,TV-->AZ,TV-->AZ,TV-->AZ,TV-->AZ,TV-->AZ,TV-->AZ,TV-->AZ,TV-->AZ,TV-->AZ,,,,,,,,,,,,,,,,,AZ-->TV,AZ-->TV,AZ-->TV,AZ-->TV,AZ-->TV,AZ-->TV,AZ-->TV,AZ-->TV,AZ-->TV,AZ-->TV,AZ-->TV,AZ-->TV,AZ-->TV,AZ-->TV,AZ-->TV,AZ-->TV,AZ-->TV,AZ-->TV,AZ-->TV
UG,UGA,Uganda,Kampala,Africa,Eastern Africa,,UG-->AZ,UG-->AZ,UG-->AZ,UG-->AZ,UG-->AZ,UG-->AZ,UG-->AZ,UG-->AZ,UG-->AZ,UG-->AZ,UG-->AZ,UG-->AZ,UG-->AZ,UG-->AZ,UG-->AZ,UG-->AZ,UG-->AZ,UG-->AZ,UG-->AZ,,,,,,,,,,,,,,,,,AZ-->UG,AZ-->UG,AZ-->UG,AZ-->UG,AZ-->UG,AZ-->UG,AZ-->UG,AZ-->UG,AZ-->UG,AZ-->UG,AZ-->UG,AZ-->UG,AZ-->UG,AZ-->UG,AZ-->UG,AZ-->UG,AZ-->UG,AZ-->UG,AZ-->UG
UA,UKR,Ukraine,Kiev,Europe,Eastern Europe,,UA-->AZ,UA-->AZ,UA-->AZ,UA-->AZ,UA-->AZ,UA-->AZ,UA-->AZ,UA-->AZ,UA-->AZ,UA-->AZ,UA-->AZ,UA-->AZ,UA-->AZ,UA-->AZ,UA-->AZ,UA-->AZ,UA-->AZ,UA-->AZ,UA-->AZ,,,,,,,,,,,,,,,,,AZ-->UA,AZ-->UA,AZ-->UA,AZ-->UA,AZ-->UA,AZ-->UA,AZ-->UA,AZ-->UA,AZ-->UA,AZ-->UA,AZ-->UA,AZ-->UA,AZ-->UA,AZ-->UA,AZ-->UA,AZ-->UA,AZ-->UA,AZ-->UA,AZ-->UA
AE,ARE,United Arab Emirates,Abu Dhabi,Asia,Western Asia,,AE-->AZ,AE-->AZ,AE-->AZ,AE-->AZ,AE-->AZ,AE-->AZ,AE-->AZ,AE-->AZ,AE-->AZ,AE-->AZ,AE-->AZ,AE-->AZ,AE-->AZ,AE-->AZ,AE-->AZ,AE-->AZ,AE-->AZ,AE-->AZ,AE-->AZ,,,,,,,,,,,,,,,,,AZ-->AE,AZ-->AE,AZ-->AE,AZ-->AE,AZ-->AE,AZ-->AE,AZ-->AE,AZ-->AE,AZ-->AE,AZ-->AE,AZ-->AE,AZ-->AE,AZ-->AE,AZ-->AE,AZ-->AE,AZ-->AE,AZ-->AE,AZ-->AE,AZ-->AE
GB,GBR,United Kingdom,London,Europe,Northern Europe,,GB-->AZ,GB-->AZ,GB-->AZ,GB-->AZ,GB-->AZ,GB-->AZ,GB-->AZ,GB-->AZ,GB-->AZ,GB-->AZ,GB-->AZ,GB-->AZ,GB-->AZ,GB-->AZ,GB-->AZ,GB-->AZ,GB-->AZ,GB-->AZ,GB-->AZ,,,,,,,,,,,,,,,,,AZ-->GB,AZ-->GB,AZ-->GB,AZ-->GB,AZ-->GB,AZ-->GB,AZ-->GB,AZ-->GB,AZ-->GB,AZ-->GB,AZ-->GB,AZ-->GB,AZ-->GB,AZ-->GB,AZ-->GB,AZ-->GB,AZ-->GB,AZ-->GB,AZ-->GB
US,USA,United States,"Washington, D.C.",Americas,Northern America,,US-->AZ,US-->AZ,US-->AZ,US-->AZ,US-->AZ,US-->AZ,US-->AZ,US-->AZ,US-->AZ,US-->AZ,US-->AZ,US-->AZ,US-->AZ,US-->AZ,US-->AZ,US-->AZ,US-->AZ,US-->AZ,US-->AZ,,,,,,,,,,,,,,,,,AZ-->US,AZ-->US,AZ-->US,AZ-->US,AZ-->US,AZ-->US,AZ-->US,AZ-->US,AZ-->US,AZ-->US,AZ-->US,AZ-->US,AZ-->US,AZ-->US,AZ-->US,AZ-->US,AZ-->US,AZ-->US,AZ-->US
UY,URY,Uruguay,Montevideo,Americas,South America,,UY-->AZ,UY-->AZ,UY-->AZ,UY-->AZ,UY-->AZ,UY-->AZ,UY-->AZ,UY-->AZ,UY-->AZ,UY-->AZ,UY-->AZ,UY-->AZ,UY-->AZ,UY-->AZ,UY-->AZ,UY-->AZ,UY-->AZ,UY-->AZ,UY-->AZ,,,,,,,,,,,,,,,,,AZ-->UY,AZ-->UY,AZ-->UY,AZ-->UY,AZ-->UY,AZ-->UY,AZ-->UY,AZ-->UY,AZ-->UY,AZ-->UY,AZ-->UY,AZ-->UY,AZ-->UY,AZ-->UY,AZ-->UY,AZ-->UY,AZ-->UY,AZ-->UY,AZ-->UY
UZ,UZB,Uzbekistan,Tashkent,Asia,Central Asia,,UZ-->AZ,UZ-->AZ,UZ-->AZ,UZ-->AZ,UZ-->AZ,UZ-->AZ,UZ-->AZ,UZ-->AZ,UZ-->AZ,UZ-->AZ,UZ-->AZ,UZ-->AZ,UZ-->AZ,UZ-->AZ,UZ-->AZ,UZ-->AZ,UZ-->AZ,UZ-->AZ,UZ-->AZ,,,,,,,,,,,,,,,,,AZ-->UZ,AZ-->UZ,AZ-->UZ,AZ-->UZ,AZ-->UZ,AZ-->UZ,AZ-->UZ,AZ-->UZ,AZ-->UZ,AZ-->UZ,AZ-->UZ,AZ-->UZ,AZ-->UZ,AZ-->UZ,AZ-->UZ,AZ-->UZ,AZ-->UZ,AZ-->UZ,AZ-->UZ
VU,VUT,Vanuatu,Port Vila,Oceania,Melanesia,,VU-->AZ,VU-->AZ,VU-->AZ,VU-->AZ,VU-->AZ,VU-->AZ,VU-->AZ,VU-->AZ,VU-->AZ,VU-->AZ,VU-->AZ,VU-->AZ,VU-->AZ,VU-->AZ,VU-->AZ,VU-->AZ,VU-->AZ,VU-->AZ,VU-->AZ,,,,,,,,,,,,,,,,,AZ-->VU,AZ-->VU,AZ-->VU,AZ-->VU,AZ-->VU,AZ-->VU,AZ-->VU,AZ-->VU,AZ-->VU,AZ-->VU,AZ-->VU,AZ-->VU,AZ-->VU,AZ-->VU,AZ-->VU,AZ-->VU,AZ-->VU,AZ-->VU,AZ-->VU
VE,VEN,Venezuela,Caracas,Americas,South America,,VE-->AZ,VE-->AZ,VE-->AZ,VE-->AZ,VE-->AZ,VE-->AZ,VE-->AZ,VE-->AZ,VE-->AZ,VE-->AZ,VE-->AZ,VE-->AZ,VE-->AZ,VE-->AZ,VE-->AZ,VE-->AZ,VE-->AZ,VE-->AZ,VE-->AZ,,,,,,,,,,,,,,,,,AZ-->VE,AZ-->VE,AZ-->VE,AZ-->VE,AZ-->VE,AZ-->VE,AZ-->VE,AZ-->VE,AZ-->VE,AZ-->VE,AZ-->VE,AZ-->VE,AZ-->VE,AZ-->VE,AZ-->VE,AZ-->VE,AZ-->VE,AZ-->VE,AZ-->VE
VN,VNM,Vietnam,Hanoi,Asia,South-Eastern Asia,,VN-->AZ,VN-->AZ,VN-->AZ,VN-->AZ,VN-->AZ,VN-->AZ,VN-->AZ,VN-->AZ,VN-->AZ,VN-->AZ,VN-->AZ,VN-->AZ,VN-->AZ,VN-->AZ,VN-->AZ,VN-->AZ,VN-->AZ,VN-->AZ,VN-->AZ,,,,,,,,,,,,,,,,,AZ-->VN,AZ-->VN,AZ-->VN,AZ-->VN,AZ-->VN,AZ-->VN,AZ-->VN,AZ-->VN,AZ-->VN,AZ-->VN,AZ-->VN,AZ-->VN,AZ-->VN,AZ-->VN,AZ-->VN,AZ-->VN,AZ-->VN,AZ-->VN,AZ-->VN
WF,WLF,Wallis and Futuna,Mata-Utu,Oceania,Polynesia,,WF-->AZ,WF-->AZ,WF-->AZ,WF-->AZ,WF-->AZ,WF-->AZ,WF-->AZ,WF-->AZ,WF-->AZ,WF-->AZ,WF-->AZ,WF-->AZ,WF-->AZ,WF-->AZ,WF-->AZ,WF-->AZ,WF-->AZ,WF-->AZ,WF-->AZ,,,,,,,,,,,,,,,,,AZ-->WF,AZ-->WF,AZ-->WF,AZ-->WF,AZ-->WF,AZ-->WF,AZ-->WF,AZ-->WF,AZ-->WF,AZ-->WF,AZ-->WF,AZ-->WF,AZ-->WF,AZ-->WF,AZ-->WF,AZ-->WF,AZ-->WF,AZ-->WF,AZ-->WF
EH,ESH,Western Sahara,El Aaiún,Africa,Northern Africa,,EH-->AZ,EH-->AZ,EH-->AZ,EH-->AZ,EH-->AZ,EH-->AZ,EH-->AZ,EH-->AZ,EH-->AZ,EH-->AZ,EH-->AZ,EH-->AZ,EH-->AZ,EH-->AZ,EH-->AZ,EH-->AZ,EH-->AZ,EH-->AZ,EH-->AZ,,,,,,,,,,,,,,,,,AZ-->EH,AZ-->EH,AZ-->EH,AZ-->EH,AZ-->EH,AZ-->EH,AZ-->EH,AZ-->EH,AZ-->EH,AZ-->EH,AZ-->EH,AZ-->EH,AZ-->EH,AZ-->EH,AZ-->EH,AZ-->EH,AZ-->EH,AZ-->EH,AZ-->EH
YE,YEM,Yemen,Sana'a,Asia,Western Asia,,YE-->AZ,YE-->AZ,YE-->AZ,YE-->AZ,YE-->AZ,YE-->AZ,YE-->AZ,YE-->AZ,YE-->AZ,YE-->AZ,YE-->AZ,YE-->AZ,YE-->AZ,YE-->AZ,YE-->AZ,YE-->AZ,YE-->AZ,YE-->AZ,YE-->AZ,,,,,,,,,,,,,,,,,AZ-->YE,AZ-->YE,AZ-->YE,AZ-->YE,AZ-->YE,AZ-->YE,AZ-->YE,AZ-->YE,AZ-->YE,AZ-->YE,AZ-->YE,AZ-->YE,AZ-->YE,AZ-->YE,AZ-->YE,AZ-->YE,AZ-->YE,AZ-->YE,AZ-->YE
ZM,ZMB,Zambia,Lusaka,Africa,Eastern Africa,,ZM-->AZ,ZM-->AZ,ZM-->AZ,ZM-->AZ,ZM-->AZ,ZM-->AZ,ZM-->AZ,ZM-->AZ,ZM-->AZ,ZM-->AZ,ZM-->AZ,ZM-->AZ,ZM-->AZ,ZM-->AZ,ZM-->AZ,ZM-->AZ,ZM-->AZ,ZM-->AZ,ZM-->AZ,,,,,,,,,,,,,,,,,AZ-->ZM,AZ-->ZM,AZ-->ZM,AZ-->ZM,AZ-->ZM,AZ-->ZM,AZ-->ZM,AZ-->ZM,AZ-->ZM,AZ-->ZM,AZ-->ZM,AZ-->ZM,AZ-->ZM,AZ-->ZM,AZ-->ZM,AZ-->ZM,AZ-->ZM,AZ-->ZM,AZ-->ZM
ZW,ZWE,Zimbabwe,Harare,Africa,Eastern Africa,,ZW-->AZ,ZW-->AZ,ZW-->AZ,ZW-->AZ,ZW-->AZ,ZW-->AZ,ZW-->AZ,ZW-->AZ,ZW-->AZ,ZW-->AZ,ZW-->AZ,ZW-->AZ,ZW-->AZ,ZW-->AZ,ZW-->AZ,ZW-->AZ,ZW-->AZ,ZW-->AZ,ZW-->AZ,,,,,,,,,,,,,,,,,AZ-->ZW,AZ-->ZW,AZ-->ZW,AZ-->ZW,AZ-->ZW,AZ-->ZW,AZ-->ZW,AZ-->ZW,AZ-->ZW,AZ-->ZW,AZ-->ZW,AZ-->ZW,AZ-->ZW,AZ-->ZW,AZ-->ZW,AZ-->ZW,AZ-->ZW,AZ-->ZW,AZ-->ZW
