nu,code,name,capital,region,subregion,Unnamed: 6,quara/into/where/e,quara/into/where/v,quara/into/where/uv,quara/into/min/e,quara/into/min/v,quara/into/min/uv,quara/into/max/e,quara/into/max/v,quara/into/max/uv,quara/into/comment,test/into/pcr/e,test/into/pcr/v,test/into/pcr/uv,test/into/ag/e,test/into/ag/v,test/into/ag/uv,test/into/comment,visa/into,visa/into/comment,loadStates/into,Unnamed: 27,Unnamed: 28,Unnamed: 29,Unnamed: 30,Unnamed: 31,Unnamed: 32,Unnamed: 33,Unnamed: 34,Unnamed: 35,Unnamed: 36,Unnamed: 37,Unnamed: 38,Unnamed: 39,Unnamed: 40,Unnamed: 41,quara/out/where/e,quara/out/where/v,quara/out/where/uv,quara/out/min/e,quara/out/min/v,quara/out/min/uv,quara/out/max/e,quara/out/max/v,quara/out/max/uv,quara/out/comment,test/out/pcr/e,test/out/pcr/v,test/out/pcr/uv,test/out/ag/e,test/out/ag/v,test/out/ag/uv,test/out/comment,visa/out,visa/out/comment
AF,AFG,Afghanistan,Kabul,Asia,Southern Asia,,AF-->MO,AF-->MO,AF-->MO,AF-->MO,AF-->MO,AF-->MO,AF-->MO,AF-->MO,AF-->MO,AF-->MO,AF-->MO,AF-->MO,AF-->MO,AF-->MO,AF-->MO,AF-->MO,AF-->MO,AF-->MO,AF-->MO,,,,,,,,,,,,,,,,,MO-->AF,MO-->AF,MO-->AF,MO-->AF,MO-->AF,MO-->AF,MO-->AF,MO-->AF,MO-->AF,MO-->AF,MO-->AF,MO-->AF,MO-->AF,MO-->AF,MO-->AF,MO-->AF,MO-->AF,MO-->AF,MO-->AF
AX,ALA,Åland Islands,Mariehamn,Europe,Northern Europe,,AX-->MO,AX-->MO,AX-->MO,AX-->MO,AX-->MO,AX-->MO,AX-->MO,AX-->MO,AX-->MO,AX-->MO,AX-->MO,AX-->MO,AX-->MO,AX-->MO,AX-->MO,AX-->MO,AX-->MO,AX-->MO,AX-->MO,,,,,,,,,,,,,,,,,MO-->AX,MO-->AX,MO-->AX,MO-->AX,MO-->AX,MO-->AX,MO-->AX,MO-->AX,MO-->AX,MO-->AX,MO-->AX,MO-->AX,MO-->AX,MO-->AX,MO-->AX,MO-->AX,MO-->AX,MO-->AX,MO-->AX
AL,ALB,Albania,Tirana,Europe,Southern Europe,,AL-->MO,AL-->MO,AL-->MO,AL-->MO,AL-->MO,AL-->MO,AL-->MO,AL-->MO,AL-->MO,AL-->MO,AL-->MO,AL-->MO,AL-->MO,AL-->MO,AL-->MO,AL-->MO,AL-->MO,AL-->MO,AL-->MO,,,,,,,,,,,,,,,,,MO-->AL,MO-->AL,MO-->AL,MO-->AL,MO-->AL,MO-->AL,MO-->AL,MO-->AL,MO-->AL,MO-->AL,MO-->AL,MO-->AL,MO-->AL,MO-->AL,MO-->AL,MO-->AL,MO-->AL,MO-->AL,MO-->AL
DZ,DZA,Algeria,Algiers,Africa,Northern Africa,,DZ-->MO,DZ-->MO,DZ-->MO,DZ-->MO,DZ-->MO,DZ-->MO,DZ-->MO,DZ-->MO,DZ-->MO,DZ-->MO,DZ-->MO,DZ-->MO,DZ-->MO,DZ-->MO,DZ-->MO,DZ-->MO,DZ-->MO,DZ-->MO,DZ-->MO,,,,,,,,,,,,,,,,,MO-->DZ,MO-->DZ,MO-->DZ,MO-->DZ,MO-->DZ,MO-->DZ,MO-->DZ,MO-->DZ,MO-->DZ,MO-->DZ,MO-->DZ,MO-->DZ,MO-->DZ,MO-->DZ,MO-->DZ,MO-->DZ,MO-->DZ,MO-->DZ,MO-->DZ
AS,ASM,American Samoa,Pago Pago,Oceania,Polynesia,,AS-->MO,AS-->MO,AS-->MO,AS-->MO,AS-->MO,AS-->MO,AS-->MO,AS-->MO,AS-->MO,AS-->MO,AS-->MO,AS-->MO,AS-->MO,AS-->MO,AS-->MO,AS-->MO,AS-->MO,AS-->MO,AS-->MO,,,,,,,,,,,,,,,,,MO-->AS,MO-->AS,MO-->AS,MO-->AS,MO-->AS,MO-->AS,MO-->AS,MO-->AS,MO-->AS,MO-->AS,MO-->AS,MO-->AS,MO-->AS,MO-->AS,MO-->AS,MO-->AS,MO-->AS,MO-->AS,MO-->AS
AD,AND,Andorra,Andorra la Vella,Europe,Southern Europe,,AD-->MO,AD-->MO,AD-->MO,AD-->MO,AD-->MO,AD-->MO,AD-->MO,AD-->MO,AD-->MO,AD-->MO,AD-->MO,AD-->MO,AD-->MO,AD-->MO,AD-->MO,AD-->MO,AD-->MO,AD-->MO,AD-->MO,,,,,,,,,,,,,,,,,MO-->AD,MO-->AD,MO-->AD,MO-->AD,MO-->AD,MO-->AD,MO-->AD,MO-->AD,MO-->AD,MO-->AD,MO-->AD,MO-->AD,MO-->AD,MO-->AD,MO-->AD,MO-->AD,MO-->AD,MO-->AD,MO-->AD
AO,AGO,Angola,Luanda,Africa,Middle Africa,,AO-->MO,AO-->MO,AO-->MO,AO-->MO,AO-->MO,AO-->MO,AO-->MO,AO-->MO,AO-->MO,AO-->MO,AO-->MO,AO-->MO,AO-->MO,AO-->MO,AO-->MO,AO-->MO,AO-->MO,AO-->MO,AO-->MO,,,,,,,,,,,,,,,,,MO-->AO,MO-->AO,MO-->AO,MO-->AO,MO-->AO,MO-->AO,MO-->AO,MO-->AO,MO-->AO,MO-->AO,MO-->AO,MO-->AO,MO-->AO,MO-->AO,MO-->AO,MO-->AO,MO-->AO,MO-->AO,MO-->AO
AI,AIA,Anguilla,The Valley,Americas,Caribbean,,AI-->MO,AI-->MO,AI-->MO,AI-->MO,AI-->MO,AI-->MO,AI-->MO,AI-->MO,AI-->MO,AI-->MO,AI-->MO,AI-->MO,AI-->MO,AI-->MO,AI-->MO,AI-->MO,AI-->MO,AI-->MO,AI-->MO,,,,,,,,,,,,,,,,,MO-->AI,MO-->AI,MO-->AI,MO-->AI,MO-->AI,MO-->AI,MO-->AI,MO-->AI,MO-->AI,MO-->AI,MO-->AI,MO-->AI,MO-->AI,MO-->AI,MO-->AI,MO-->AI,MO-->AI,MO-->AI,MO-->AI
AQ,ATA,Antarctica,,Polar,,,AQ-->MO,AQ-->MO,AQ-->MO,AQ-->MO,AQ-->MO,AQ-->MO,AQ-->MO,AQ-->MO,AQ-->MO,AQ-->MO,AQ-->MO,AQ-->MO,AQ-->MO,AQ-->MO,AQ-->MO,AQ-->MO,AQ-->MO,AQ-->MO,AQ-->MO,,,,,,,,,,,,,,,,,MO-->AQ,MO-->AQ,MO-->AQ,MO-->AQ,MO-->AQ,MO-->AQ,MO-->AQ,MO-->AQ,MO-->AQ,MO-->AQ,MO-->AQ,MO-->AQ,MO-->AQ,MO-->AQ,MO-->AQ,MO-->AQ,MO-->AQ,MO-->AQ,MO-->AQ
AG,ATG,Antigua and Barbuda,Saint John's,Americas,Caribbean,,AG-->MO,AG-->MO,AG-->MO,AG-->MO,AG-->MO,AG-->MO,AG-->MO,AG-->MO,AG-->MO,AG-->MO,AG-->MO,AG-->MO,AG-->MO,AG-->MO,AG-->MO,AG-->MO,AG-->MO,AG-->MO,AG-->MO,,,,,,,,,,,,,,,,,MO-->AG,MO-->AG,MO-->AG,MO-->AG,MO-->AG,MO-->AG,MO-->AG,MO-->AG,MO-->AG,MO-->AG,MO-->AG,MO-->AG,MO-->AG,MO-->AG,MO-->AG,MO-->AG,MO-->AG,MO-->AG,MO-->AG
AR,ARG,Argentina,Buenos Aires,Americas,South America,,AR-->MO,AR-->MO,AR-->MO,AR-->MO,AR-->MO,AR-->MO,AR-->MO,AR-->MO,AR-->MO,AR-->MO,AR-->MO,AR-->MO,AR-->MO,AR-->MO,AR-->MO,AR-->MO,AR-->MO,AR-->MO,AR-->MO,,,,,,,,,,,,,,,,,MO-->AR,MO-->AR,MO-->AR,MO-->AR,MO-->AR,MO-->AR,MO-->AR,MO-->AR,MO-->AR,MO-->AR,MO-->AR,MO-->AR,MO-->AR,MO-->AR,MO-->AR,MO-->AR,MO-->AR,MO-->AR,MO-->AR
AM,ARM,Armenia,Yerevan,Asia,Western Asia,,AM-->MO,AM-->MO,AM-->MO,AM-->MO,AM-->MO,AM-->MO,AM-->MO,AM-->MO,AM-->MO,AM-->MO,AM-->MO,AM-->MO,AM-->MO,AM-->MO,AM-->MO,AM-->MO,AM-->MO,AM-->MO,AM-->MO,,,,,,,,,,,,,,,,,MO-->AM,MO-->AM,MO-->AM,MO-->AM,MO-->AM,MO-->AM,MO-->AM,MO-->AM,MO-->AM,MO-->AM,MO-->AM,MO-->AM,MO-->AM,MO-->AM,MO-->AM,MO-->AM,MO-->AM,MO-->AM,MO-->AM
AW,ABW,Aruba,Oranjestad,Americas,Caribbean,,AW-->MO,AW-->MO,AW-->MO,AW-->MO,AW-->MO,AW-->MO,AW-->MO,AW-->MO,AW-->MO,AW-->MO,AW-->MO,AW-->MO,AW-->MO,AW-->MO,AW-->MO,AW-->MO,AW-->MO,AW-->MO,AW-->MO,,,,,,,,,,,,,,,,,MO-->AW,MO-->AW,MO-->AW,MO-->AW,MO-->AW,MO-->AW,MO-->AW,MO-->AW,MO-->AW,MO-->AW,MO-->AW,MO-->AW,MO-->AW,MO-->AW,MO-->AW,MO-->AW,MO-->AW,MO-->AW,MO-->AW
AU,AUS,Australia,Canberra,Oceania,Australia and New Zealand,,AU-->MO,AU-->MO,AU-->MO,AU-->MO,AU-->MO,AU-->MO,AU-->MO,AU-->MO,AU-->MO,AU-->MO,AU-->MO,AU-->MO,AU-->MO,AU-->MO,AU-->MO,AU-->MO,AU-->MO,AU-->MO,AU-->MO,,,,,,,,,,,,,,,,,MO-->AU,MO-->AU,MO-->AU,MO-->AU,MO-->AU,MO-->AU,MO-->AU,MO-->AU,MO-->AU,MO-->AU,MO-->AU,MO-->AU,MO-->AU,MO-->AU,MO-->AU,MO-->AU,MO-->AU,MO-->AU,MO-->AU
AT,AUT,Austria,Vienna,Europe,Western Europe,,AT-->MO,AT-->MO,AT-->MO,AT-->MO,AT-->MO,AT-->MO,AT-->MO,AT-->MO,AT-->MO,AT-->MO,AT-->MO,AT-->MO,AT-->MO,AT-->MO,AT-->MO,AT-->MO,AT-->MO,AT-->MO,AT-->MO,,,,,,,,,,,,,,,,,MO-->AT,MO-->AT,MO-->AT,MO-->AT,MO-->AT,MO-->AT,MO-->AT,MO-->AT,MO-->AT,MO-->AT,MO-->AT,MO-->AT,MO-->AT,MO-->AT,MO-->AT,MO-->AT,MO-->AT,MO-->AT,MO-->AT
AZ,AZE,Azerbaijan,Baku,Asia,Western Asia,,AZ-->MO,AZ-->MO,AZ-->MO,AZ-->MO,AZ-->MO,AZ-->MO,AZ-->MO,AZ-->MO,AZ-->MO,AZ-->MO,AZ-->MO,AZ-->MO,AZ-->MO,AZ-->MO,AZ-->MO,AZ-->MO,AZ-->MO,AZ-->MO,AZ-->MO,,,,,,,,,,,,,,,,,MO-->AZ,MO-->AZ,MO-->AZ,MO-->AZ,MO-->AZ,MO-->AZ,MO-->AZ,MO-->AZ,MO-->AZ,MO-->AZ,MO-->AZ,MO-->AZ,MO-->AZ,MO-->AZ,MO-->AZ,MO-->AZ,MO-->AZ,MO-->AZ,MO-->AZ
BS,BHS,The Bahamas,Nassau,Americas,Caribbean,,BS-->MO,BS-->MO,BS-->MO,BS-->MO,BS-->MO,BS-->MO,BS-->MO,BS-->MO,BS-->MO,BS-->MO,BS-->MO,BS-->MO,BS-->MO,BS-->MO,BS-->MO,BS-->MO,BS-->MO,BS-->MO,BS-->MO,,,,,,,,,,,,,,,,,MO-->BS,MO-->BS,MO-->BS,MO-->BS,MO-->BS,MO-->BS,MO-->BS,MO-->BS,MO-->BS,MO-->BS,MO-->BS,MO-->BS,MO-->BS,MO-->BS,MO-->BS,MO-->BS,MO-->BS,MO-->BS,MO-->BS
BH,BHR,Bahrain,Manama,Asia,Western Asia,,BH-->MO,BH-->MO,BH-->MO,BH-->MO,BH-->MO,BH-->MO,BH-->MO,BH-->MO,BH-->MO,BH-->MO,BH-->MO,BH-->MO,BH-->MO,BH-->MO,BH-->MO,BH-->MO,BH-->MO,BH-->MO,BH-->MO,,,,,,,,,,,,,,,,,MO-->BH,MO-->BH,MO-->BH,MO-->BH,MO-->BH,MO-->BH,MO-->BH,MO-->BH,MO-->BH,MO-->BH,MO-->BH,MO-->BH,MO-->BH,MO-->BH,MO-->BH,MO-->BH,MO-->BH,MO-->BH,MO-->BH
BD,BGD,Bangladesh,Dhaka,Asia,Southern Asia,,BD-->MO,BD-->MO,BD-->MO,BD-->MO,BD-->MO,BD-->MO,BD-->MO,BD-->MO,BD-->MO,BD-->MO,BD-->MO,BD-->MO,BD-->MO,BD-->MO,BD-->MO,BD-->MO,BD-->MO,BD-->MO,BD-->MO,,,,,,,,,,,,,,,,,MO-->BD,MO-->BD,MO-->BD,MO-->BD,MO-->BD,MO-->BD,MO-->BD,MO-->BD,MO-->BD,MO-->BD,MO-->BD,MO-->BD,MO-->BD,MO-->BD,MO-->BD,MO-->BD,MO-->BD,MO-->BD,MO-->BD
BB,BRB,Barbados,Bridgetown,Americas,Caribbean,,BB-->MO,BB-->MO,BB-->MO,BB-->MO,BB-->MO,BB-->MO,BB-->MO,BB-->MO,BB-->MO,BB-->MO,BB-->MO,BB-->MO,BB-->MO,BB-->MO,BB-->MO,BB-->MO,BB-->MO,BB-->MO,BB-->MO,,,,,,,,,,,,,,,,,MO-->BB,MO-->BB,MO-->BB,MO-->BB,MO-->BB,MO-->BB,MO-->BB,MO-->BB,MO-->BB,MO-->BB,MO-->BB,MO-->BB,MO-->BB,MO-->BB,MO-->BB,MO-->BB,MO-->BB,MO-->BB,MO-->BB
BY,BLR,Belarus,Minsk,Europe,Eastern Europe,,BY-->MO,BY-->MO,BY-->MO,BY-->MO,BY-->MO,BY-->MO,BY-->MO,BY-->MO,BY-->MO,BY-->MO,BY-->MO,BY-->MO,BY-->MO,BY-->MO,BY-->MO,BY-->MO,BY-->MO,BY-->MO,BY-->MO,,,,,,,,,,,,,,,,,MO-->BY,MO-->BY,MO-->BY,MO-->BY,MO-->BY,MO-->BY,MO-->BY,MO-->BY,MO-->BY,MO-->BY,MO-->BY,MO-->BY,MO-->BY,MO-->BY,MO-->BY,MO-->BY,MO-->BY,MO-->BY,MO-->BY
BE,BEL,Belgium,Brussels,Europe,Western Europe,,BE-->MO,BE-->MO,BE-->MO,BE-->MO,BE-->MO,BE-->MO,BE-->MO,BE-->MO,BE-->MO,BE-->MO,BE-->MO,BE-->MO,BE-->MO,BE-->MO,BE-->MO,BE-->MO,BE-->MO,BE-->MO,BE-->MO,,,,,,,,,,,,,,,,,MO-->BE,MO-->BE,MO-->BE,MO-->BE,MO-->BE,MO-->BE,MO-->BE,MO-->BE,MO-->BE,MO-->BE,MO-->BE,MO-->BE,MO-->BE,MO-->BE,MO-->BE,MO-->BE,MO-->BE,MO-->BE,MO-->BE
BZ,BLZ,Belize,Belmopan,Americas,Central America,,BZ-->MO,BZ-->MO,BZ-->MO,BZ-->MO,BZ-->MO,BZ-->MO,BZ-->MO,BZ-->MO,BZ-->MO,BZ-->MO,BZ-->MO,BZ-->MO,BZ-->MO,BZ-->MO,BZ-->MO,BZ-->MO,BZ-->MO,BZ-->MO,BZ-->MO,,,,,,,,,,,,,,,,,MO-->BZ,MO-->BZ,MO-->BZ,MO-->BZ,MO-->BZ,MO-->BZ,MO-->BZ,MO-->BZ,MO-->BZ,MO-->BZ,MO-->BZ,MO-->BZ,MO-->BZ,MO-->BZ,MO-->BZ,MO-->BZ,MO-->BZ,MO-->BZ,MO-->BZ
BJ,BEN,Benin,Porto-Novo,Africa,Western Africa,,BJ-->MO,BJ-->MO,BJ-->MO,BJ-->MO,BJ-->MO,BJ-->MO,BJ-->MO,BJ-->MO,BJ-->MO,BJ-->MO,BJ-->MO,BJ-->MO,BJ-->MO,BJ-->MO,BJ-->MO,BJ-->MO,BJ-->MO,BJ-->MO,BJ-->MO,,,,,,,,,,,,,,,,,MO-->BJ,MO-->BJ,MO-->BJ,MO-->BJ,MO-->BJ,MO-->BJ,MO-->BJ,MO-->BJ,MO-->BJ,MO-->BJ,MO-->BJ,MO-->BJ,MO-->BJ,MO-->BJ,MO-->BJ,MO-->BJ,MO-->BJ,MO-->BJ,MO-->BJ
BM,BMU,Bermuda,Hamilton,Americas,Northern America,,BM-->MO,BM-->MO,BM-->MO,BM-->MO,BM-->MO,BM-->MO,BM-->MO,BM-->MO,BM-->MO,BM-->MO,BM-->MO,BM-->MO,BM-->MO,BM-->MO,BM-->MO,BM-->MO,BM-->MO,BM-->MO,BM-->MO,,,,,,,,,,,,,,,,,MO-->BM,MO-->BM,MO-->BM,MO-->BM,MO-->BM,MO-->BM,MO-->BM,MO-->BM,MO-->BM,MO-->BM,MO-->BM,MO-->BM,MO-->BM,MO-->BM,MO-->BM,MO-->BM,MO-->BM,MO-->BM,MO-->BM
BT,BTN,Bhutan,Thimphu,Asia,Southern Asia,,BT-->MO,BT-->MO,BT-->MO,BT-->MO,BT-->MO,BT-->MO,BT-->MO,BT-->MO,BT-->MO,BT-->MO,BT-->MO,BT-->MO,BT-->MO,BT-->MO,BT-->MO,BT-->MO,BT-->MO,BT-->MO,BT-->MO,,,,,,,,,,,,,,,,,MO-->BT,MO-->BT,MO-->BT,MO-->BT,MO-->BT,MO-->BT,MO-->BT,MO-->BT,MO-->BT,MO-->BT,MO-->BT,MO-->BT,MO-->BT,MO-->BT,MO-->BT,MO-->BT,MO-->BT,MO-->BT,MO-->BT
BO,BOL,Bolivia,Sucre,Americas,South America,,BO-->MO,BO-->MO,BO-->MO,BO-->MO,BO-->MO,BO-->MO,BO-->MO,BO-->MO,BO-->MO,BO-->MO,BO-->MO,BO-->MO,BO-->MO,BO-->MO,BO-->MO,BO-->MO,BO-->MO,BO-->MO,BO-->MO,,,,,,,,,,,,,,,,,MO-->BO,MO-->BO,MO-->BO,MO-->BO,MO-->BO,MO-->BO,MO-->BO,MO-->BO,MO-->BO,MO-->BO,MO-->BO,MO-->BO,MO-->BO,MO-->BO,MO-->BO,MO-->BO,MO-->BO,MO-->BO,MO-->BO
BQ,BES,Bonaire,Kralendijk,Americas,Caribbean,,BQ-->MO,BQ-->MO,BQ-->MO,BQ-->MO,BQ-->MO,BQ-->MO,BQ-->MO,BQ-->MO,BQ-->MO,BQ-->MO,BQ-->MO,BQ-->MO,BQ-->MO,BQ-->MO,BQ-->MO,BQ-->MO,BQ-->MO,BQ-->MO,BQ-->MO,,,,,,,,,,,,,,,,,MO-->BQ,MO-->BQ,MO-->BQ,MO-->BQ,MO-->BQ,MO-->BQ,MO-->BQ,MO-->BQ,MO-->BQ,MO-->BQ,MO-->BQ,MO-->BQ,MO-->BQ,MO-->BQ,MO-->BQ,MO-->BQ,MO-->BQ,MO-->BQ,MO-->BQ
BA,BIH,Bosnia and Herzegovina,Sarajevo,Europe,Southern Europe,,BA-->MO,BA-->MO,BA-->MO,BA-->MO,BA-->MO,BA-->MO,BA-->MO,BA-->MO,BA-->MO,BA-->MO,BA-->MO,BA-->MO,BA-->MO,BA-->MO,BA-->MO,BA-->MO,BA-->MO,BA-->MO,BA-->MO,,,,,,,,,,,,,,,,,MO-->BA,MO-->BA,MO-->BA,MO-->BA,MO-->BA,MO-->BA,MO-->BA,MO-->BA,MO-->BA,MO-->BA,MO-->BA,MO-->BA,MO-->BA,MO-->BA,MO-->BA,MO-->BA,MO-->BA,MO-->BA,MO-->BA
BW,BWA,Botswana,Gaborone,Africa,Southern Africa,,BW-->MO,BW-->MO,BW-->MO,BW-->MO,BW-->MO,BW-->MO,BW-->MO,BW-->MO,BW-->MO,BW-->MO,BW-->MO,BW-->MO,BW-->MO,BW-->MO,BW-->MO,BW-->MO,BW-->MO,BW-->MO,BW-->MO,,,,,,,,,,,,,,,,,MO-->BW,MO-->BW,MO-->BW,MO-->BW,MO-->BW,MO-->BW,MO-->BW,MO-->BW,MO-->BW,MO-->BW,MO-->BW,MO-->BW,MO-->BW,MO-->BW,MO-->BW,MO-->BW,MO-->BW,MO-->BW,MO-->BW
BV,BVT,Bouvet Island,,,,,BV-->MO,BV-->MO,BV-->MO,BV-->MO,BV-->MO,BV-->MO,BV-->MO,BV-->MO,BV-->MO,BV-->MO,BV-->MO,BV-->MO,BV-->MO,BV-->MO,BV-->MO,BV-->MO,BV-->MO,BV-->MO,BV-->MO,,,,,,,,,,,,,,,,,MO-->BV,MO-->BV,MO-->BV,MO-->BV,MO-->BV,MO-->BV,MO-->BV,MO-->BV,MO-->BV,MO-->BV,MO-->BV,MO-->BV,MO-->BV,MO-->BV,MO-->BV,MO-->BV,MO-->BV,MO-->BV,MO-->BV
BR,BRA,Brazil,Brasília,Americas,South America,,BR-->MO,BR-->MO,BR-->MO,BR-->MO,BR-->MO,BR-->MO,BR-->MO,BR-->MO,BR-->MO,BR-->MO,BR-->MO,BR-->MO,BR-->MO,BR-->MO,BR-->MO,BR-->MO,BR-->MO,BR-->MO,BR-->MO,,,,,,,,,,,,,,,,,MO-->BR,MO-->BR,MO-->BR,MO-->BR,MO-->BR,MO-->BR,MO-->BR,MO-->BR,MO-->BR,MO-->BR,MO-->BR,MO-->BR,MO-->BR,MO-->BR,MO-->BR,MO-->BR,MO-->BR,MO-->BR,MO-->BR
IO,IOT,British Indian Ocean Territory,Diego Garcia,Africa,Eastern Africa,,IO-->MO,IO-->MO,IO-->MO,IO-->MO,IO-->MO,IO-->MO,IO-->MO,IO-->MO,IO-->MO,IO-->MO,IO-->MO,IO-->MO,IO-->MO,IO-->MO,IO-->MO,IO-->MO,IO-->MO,IO-->MO,IO-->MO,,,,,,,,,,,,,,,,,MO-->IO,MO-->IO,MO-->IO,MO-->IO,MO-->IO,MO-->IO,MO-->IO,MO-->IO,MO-->IO,MO-->IO,MO-->IO,MO-->IO,MO-->IO,MO-->IO,MO-->IO,MO-->IO,MO-->IO,MO-->IO,MO-->IO
UM,UMI,United States Minor Outlying Islands,,Americas,Northern America,,UM-->MO,UM-->MO,UM-->MO,UM-->MO,UM-->MO,UM-->MO,UM-->MO,UM-->MO,UM-->MO,UM-->MO,UM-->MO,UM-->MO,UM-->MO,UM-->MO,UM-->MO,UM-->MO,UM-->MO,UM-->MO,UM-->MO,,,,,,,,,,,,,,,,,MO-->UM,MO-->UM,MO-->UM,MO-->UM,MO-->UM,MO-->UM,MO-->UM,MO-->UM,MO-->UM,MO-->UM,MO-->UM,MO-->UM,MO-->UM,MO-->UM,MO-->UM,MO-->UM,MO-->UM,MO-->UM,MO-->UM
VG,VGB,Virgin Islands (British),Road Town,Americas,Caribbean,,VG-->MO,VG-->MO,VG-->MO,VG-->MO,VG-->MO,VG-->MO,VG-->MO,VG-->MO,VG-->MO,VG-->MO,VG-->MO,VG-->MO,VG-->MO,VG-->MO,VG-->MO,VG-->MO,VG-->MO,VG-->MO,VG-->MO,,,,,,,,,,,,,,,,,MO-->VG,MO-->VG,MO-->VG,MO-->VG,MO-->VG,MO-->VG,MO-->VG,MO-->VG,MO-->VG,MO-->VG,MO-->VG,MO-->VG,MO-->VG,MO-->VG,MO-->VG,MO-->VG,MO-->VG,MO-->VG,MO-->VG
VI,VIR,Virgin Islands (U.S.),Charlotte Amalie,Americas,Caribbean,,VI-->MO,VI-->MO,VI-->MO,VI-->MO,VI-->MO,VI-->MO,VI-->MO,VI-->MO,VI-->MO,VI-->MO,VI-->MO,VI-->MO,VI-->MO,VI-->MO,VI-->MO,VI-->MO,VI-->MO,VI-->MO,VI-->MO,,,,,,,,,,,,,,,,,MO-->VI,MO-->VI,MO-->VI,MO-->VI,MO-->VI,MO-->VI,MO-->VI,MO-->VI,MO-->VI,MO-->VI,MO-->VI,MO-->VI,MO-->VI,MO-->VI,MO-->VI,MO-->VI,MO-->VI,MO-->VI,MO-->VI
BN,BRN,Brunei,Bandar Seri Begawan,Asia,South-Eastern Asia,,BN-->MO,BN-->MO,BN-->MO,BN-->MO,BN-->MO,BN-->MO,BN-->MO,BN-->MO,BN-->MO,BN-->MO,BN-->MO,BN-->MO,BN-->MO,BN-->MO,BN-->MO,BN-->MO,BN-->MO,BN-->MO,BN-->MO,,,,,,,,,,,,,,,,,MO-->BN,MO-->BN,MO-->BN,MO-->BN,MO-->BN,MO-->BN,MO-->BN,MO-->BN,MO-->BN,MO-->BN,MO-->BN,MO-->BN,MO-->BN,MO-->BN,MO-->BN,MO-->BN,MO-->BN,MO-->BN,MO-->BN
BG,BGR,Bulgaria,Sofia,Europe,Eastern Europe,,BG-->MO,BG-->MO,BG-->MO,BG-->MO,BG-->MO,BG-->MO,BG-->MO,BG-->MO,BG-->MO,BG-->MO,BG-->MO,BG-->MO,BG-->MO,BG-->MO,BG-->MO,BG-->MO,BG-->MO,BG-->MO,BG-->MO,,,,,,,,,,,,,,,,,MO-->BG,MO-->BG,MO-->BG,MO-->BG,MO-->BG,MO-->BG,MO-->BG,MO-->BG,MO-->BG,MO-->BG,MO-->BG,MO-->BG,MO-->BG,MO-->BG,MO-->BG,MO-->BG,MO-->BG,MO-->BG,MO-->BG
BF,BFA,Burkina Faso,Ouagadougou,Africa,Western Africa,,BF-->MO,BF-->MO,BF-->MO,BF-->MO,BF-->MO,BF-->MO,BF-->MO,BF-->MO,BF-->MO,BF-->MO,BF-->MO,BF-->MO,BF-->MO,BF-->MO,BF-->MO,BF-->MO,BF-->MO,BF-->MO,BF-->MO,,,,,,,,,,,,,,,,,MO-->BF,MO-->BF,MO-->BF,MO-->BF,MO-->BF,MO-->BF,MO-->BF,MO-->BF,MO-->BF,MO-->BF,MO-->BF,MO-->BF,MO-->BF,MO-->BF,MO-->BF,MO-->BF,MO-->BF,MO-->BF,MO-->BF
BI,BDI,Burundi,Bujumbura,Africa,Eastern Africa,,BI-->MO,BI-->MO,BI-->MO,BI-->MO,BI-->MO,BI-->MO,BI-->MO,BI-->MO,BI-->MO,BI-->MO,BI-->MO,BI-->MO,BI-->MO,BI-->MO,BI-->MO,BI-->MO,BI-->MO,BI-->MO,BI-->MO,,,,,,,,,,,,,,,,,MO-->BI,MO-->BI,MO-->BI,MO-->BI,MO-->BI,MO-->BI,MO-->BI,MO-->BI,MO-->BI,MO-->BI,MO-->BI,MO-->BI,MO-->BI,MO-->BI,MO-->BI,MO-->BI,MO-->BI,MO-->BI,MO-->BI
KH,KHM,Cambodia,Phnom Penh,Asia,South-Eastern Asia,,KH-->MO,KH-->MO,KH-->MO,KH-->MO,KH-->MO,KH-->MO,KH-->MO,KH-->MO,KH-->MO,KH-->MO,KH-->MO,KH-->MO,KH-->MO,KH-->MO,KH-->MO,KH-->MO,KH-->MO,KH-->MO,KH-->MO,,,,,,,,,,,,,,,,,MO-->KH,MO-->KH,MO-->KH,MO-->KH,MO-->KH,MO-->KH,MO-->KH,MO-->KH,MO-->KH,MO-->KH,MO-->KH,MO-->KH,MO-->KH,MO-->KH,MO-->KH,MO-->KH,MO-->KH,MO-->KH,MO-->KH
CM,CMR,Cameroon,Yaoundé,Africa,Middle Africa,,CM-->MO,CM-->MO,CM-->MO,CM-->MO,CM-->MO,CM-->MO,CM-->MO,CM-->MO,CM-->MO,CM-->MO,CM-->MO,CM-->MO,CM-->MO,CM-->MO,CM-->MO,CM-->MO,CM-->MO,CM-->MO,CM-->MO,,,,,,,,,,,,,,,,,MO-->CM,MO-->CM,MO-->CM,MO-->CM,MO-->CM,MO-->CM,MO-->CM,MO-->CM,MO-->CM,MO-->CM,MO-->CM,MO-->CM,MO-->CM,MO-->CM,MO-->CM,MO-->CM,MO-->CM,MO-->CM,MO-->CM
CA,CAN,Canada,Ottawa,Americas,Northern America,,CA-->MO,CA-->MO,CA-->MO,CA-->MO,CA-->MO,CA-->MO,CA-->MO,CA-->MO,CA-->MO,CA-->MO,CA-->MO,CA-->MO,CA-->MO,CA-->MO,CA-->MO,CA-->MO,CA-->MO,CA-->MO,CA-->MO,,,,,,,,,,,,,,,,,MO-->CA,MO-->CA,MO-->CA,MO-->CA,MO-->CA,MO-->CA,MO-->CA,MO-->CA,MO-->CA,MO-->CA,MO-->CA,MO-->CA,MO-->CA,MO-->CA,MO-->CA,MO-->CA,MO-->CA,MO-->CA,MO-->CA
CV,CPV,Cape Verde,Praia,Africa,Western Africa,,CV-->MO,CV-->MO,CV-->MO,CV-->MO,CV-->MO,CV-->MO,CV-->MO,CV-->MO,CV-->MO,CV-->MO,CV-->MO,CV-->MO,CV-->MO,CV-->MO,CV-->MO,CV-->MO,CV-->MO,CV-->MO,CV-->MO,,,,,,,,,,,,,,,,,MO-->CV,MO-->CV,MO-->CV,MO-->CV,MO-->CV,MO-->CV,MO-->CV,MO-->CV,MO-->CV,MO-->CV,MO-->CV,MO-->CV,MO-->CV,MO-->CV,MO-->CV,MO-->CV,MO-->CV,MO-->CV,MO-->CV
KY,CYM,Cayman Islands,George Town,Americas,Caribbean,,KY-->MO,KY-->MO,KY-->MO,KY-->MO,KY-->MO,KY-->MO,KY-->MO,KY-->MO,KY-->MO,KY-->MO,KY-->MO,KY-->MO,KY-->MO,KY-->MO,KY-->MO,KY-->MO,KY-->MO,KY-->MO,KY-->MO,,,,,,,,,,,,,,,,,MO-->KY,MO-->KY,MO-->KY,MO-->KY,MO-->KY,MO-->KY,MO-->KY,MO-->KY,MO-->KY,MO-->KY,MO-->KY,MO-->KY,MO-->KY,MO-->KY,MO-->KY,MO-->KY,MO-->KY,MO-->KY,MO-->KY
CF,CAF,Central African Republic,Bangui,Africa,Middle Africa,,CF-->MO,CF-->MO,CF-->MO,CF-->MO,CF-->MO,CF-->MO,CF-->MO,CF-->MO,CF-->MO,CF-->MO,CF-->MO,CF-->MO,CF-->MO,CF-->MO,CF-->MO,CF-->MO,CF-->MO,CF-->MO,CF-->MO,,,,,,,,,,,,,,,,,MO-->CF,MO-->CF,MO-->CF,MO-->CF,MO-->CF,MO-->CF,MO-->CF,MO-->CF,MO-->CF,MO-->CF,MO-->CF,MO-->CF,MO-->CF,MO-->CF,MO-->CF,MO-->CF,MO-->CF,MO-->CF,MO-->CF
TD,TCD,Chad,N'Djamena,Africa,Middle Africa,,TD-->MO,TD-->MO,TD-->MO,TD-->MO,TD-->MO,TD-->MO,TD-->MO,TD-->MO,TD-->MO,TD-->MO,TD-->MO,TD-->MO,TD-->MO,TD-->MO,TD-->MO,TD-->MO,TD-->MO,TD-->MO,TD-->MO,,,,,,,,,,,,,,,,,MO-->TD,MO-->TD,MO-->TD,MO-->TD,MO-->TD,MO-->TD,MO-->TD,MO-->TD,MO-->TD,MO-->TD,MO-->TD,MO-->TD,MO-->TD,MO-->TD,MO-->TD,MO-->TD,MO-->TD,MO-->TD,MO-->TD
CL,CHL,Chile,Santiago,Americas,South America,,CL-->MO,CL-->MO,CL-->MO,CL-->MO,CL-->MO,CL-->MO,CL-->MO,CL-->MO,CL-->MO,CL-->MO,CL-->MO,CL-->MO,CL-->MO,CL-->MO,CL-->MO,CL-->MO,CL-->MO,CL-->MO,CL-->MO,,,,,,,,,,,,,,,,,MO-->CL,MO-->CL,MO-->CL,MO-->CL,MO-->CL,MO-->CL,MO-->CL,MO-->CL,MO-->CL,MO-->CL,MO-->CL,MO-->CL,MO-->CL,MO-->CL,MO-->CL,MO-->CL,MO-->CL,MO-->CL,MO-->CL
CN,CHN,China,Beijing,Asia,Eastern Asia,,CN-->MO,CN-->MO,CN-->MO,CN-->MO,CN-->MO,CN-->MO,CN-->MO,CN-->MO,CN-->MO,CN-->MO,CN-->MO,CN-->MO,CN-->MO,CN-->MO,CN-->MO,CN-->MO,CN-->MO,CN-->MO,CN-->MO,,,,,,,,,,,,,,,,,MO-->CN,MO-->CN,MO-->CN,MO-->CN,MO-->CN,MO-->CN,MO-->CN,MO-->CN,MO-->CN,MO-->CN,MO-->CN,MO-->CN,MO-->CN,MO-->CN,MO-->CN,MO-->CN,MO-->CN,MO-->CN,MO-->CN
CX,CXR,Christmas Island,Flying Fish Cove,Oceania,Australia and New Zealand,,CX-->MO,CX-->MO,CX-->MO,CX-->MO,CX-->MO,CX-->MO,CX-->MO,CX-->MO,CX-->MO,CX-->MO,CX-->MO,CX-->MO,CX-->MO,CX-->MO,CX-->MO,CX-->MO,CX-->MO,CX-->MO,CX-->MO,,,,,,,,,,,,,,,,,MO-->CX,MO-->CX,MO-->CX,MO-->CX,MO-->CX,MO-->CX,MO-->CX,MO-->CX,MO-->CX,MO-->CX,MO-->CX,MO-->CX,MO-->CX,MO-->CX,MO-->CX,MO-->CX,MO-->CX,MO-->CX,MO-->CX
CC,CCK,Cocos (Keeling) Islands,West Island,Oceania,Australia and New Zealand,,CC-->MO,CC-->MO,CC-->MO,CC-->MO,CC-->MO,CC-->MO,CC-->MO,CC-->MO,CC-->MO,CC-->MO,CC-->MO,CC-->MO,CC-->MO,CC-->MO,CC-->MO,CC-->MO,CC-->MO,CC-->MO,CC-->MO,,,,,,,,,,,,,,,,,MO-->CC,MO-->CC,MO-->CC,MO-->CC,MO-->CC,MO-->CC,MO-->CC,MO-->CC,MO-->CC,MO-->CC,MO-->CC,MO-->CC,MO-->CC,MO-->CC,MO-->CC,MO-->CC,MO-->CC,MO-->CC,MO-->CC
CO,COL,Colombia,Bogotá,Americas,South America,,CO-->MO,CO-->MO,CO-->MO,CO-->MO,CO-->MO,CO-->MO,CO-->MO,CO-->MO,CO-->MO,CO-->MO,CO-->MO,CO-->MO,CO-->MO,CO-->MO,CO-->MO,CO-->MO,CO-->MO,CO-->MO,CO-->MO,,,,,,,,,,,,,,,,,MO-->CO,MO-->CO,MO-->CO,MO-->CO,MO-->CO,MO-->CO,MO-->CO,MO-->CO,MO-->CO,MO-->CO,MO-->CO,MO-->CO,MO-->CO,MO-->CO,MO-->CO,MO-->CO,MO-->CO,MO-->CO,MO-->CO
KM,COM,Comoros,Moroni,Africa,Eastern Africa,,KM-->MO,KM-->MO,KM-->MO,KM-->MO,KM-->MO,KM-->MO,KM-->MO,KM-->MO,KM-->MO,KM-->MO,KM-->MO,KM-->MO,KM-->MO,KM-->MO,KM-->MO,KM-->MO,KM-->MO,KM-->MO,KM-->MO,,,,,,,,,,,,,,,,,MO-->KM,MO-->KM,MO-->KM,MO-->KM,MO-->KM,MO-->KM,MO-->KM,MO-->KM,MO-->KM,MO-->KM,MO-->KM,MO-->KM,MO-->KM,MO-->KM,MO-->KM,MO-->KM,MO-->KM,MO-->KM,MO-->KM
CG,COG,Republic of the Congo,Brazzaville,Africa,Middle Africa,,CG-->MO,CG-->MO,CG-->MO,CG-->MO,CG-->MO,CG-->MO,CG-->MO,CG-->MO,CG-->MO,CG-->MO,CG-->MO,CG-->MO,CG-->MO,CG-->MO,CG-->MO,CG-->MO,CG-->MO,CG-->MO,CG-->MO,,,,,,,,,,,,,,,,,MO-->CG,MO-->CG,MO-->CG,MO-->CG,MO-->CG,MO-->CG,MO-->CG,MO-->CG,MO-->CG,MO-->CG,MO-->CG,MO-->CG,MO-->CG,MO-->CG,MO-->CG,MO-->CG,MO-->CG,MO-->CG,MO-->CG
CD,COD,Democratic Republic of the Congo,Kinshasa,Africa,Middle Africa,,CD-->MO,CD-->MO,CD-->MO,CD-->MO,CD-->MO,CD-->MO,CD-->MO,CD-->MO,CD-->MO,CD-->MO,CD-->MO,CD-->MO,CD-->MO,CD-->MO,CD-->MO,CD-->MO,CD-->MO,CD-->MO,CD-->MO,,,,,,,,,,,,,,,,,MO-->CD,MO-->CD,MO-->CD,MO-->CD,MO-->CD,MO-->CD,MO-->CD,MO-->CD,MO-->CD,MO-->CD,MO-->CD,MO-->CD,MO-->CD,MO-->CD,MO-->CD,MO-->CD,MO-->CD,MO-->CD,MO-->CD
CK,COK,Cook Islands,Avarua,Oceania,Polynesia,,CK-->MO,CK-->MO,CK-->MO,CK-->MO,CK-->MO,CK-->MO,CK-->MO,CK-->MO,CK-->MO,CK-->MO,CK-->MO,CK-->MO,CK-->MO,CK-->MO,CK-->MO,CK-->MO,CK-->MO,CK-->MO,CK-->MO,,,,,,,,,,,,,,,,,MO-->CK,MO-->CK,MO-->CK,MO-->CK,MO-->CK,MO-->CK,MO-->CK,MO-->CK,MO-->CK,MO-->CK,MO-->CK,MO-->CK,MO-->CK,MO-->CK,MO-->CK,MO-->CK,MO-->CK,MO-->CK,MO-->CK
CR,CRI,Costa Rica,San José,Americas,Central America,,CR-->MO,CR-->MO,CR-->MO,CR-->MO,CR-->MO,CR-->MO,CR-->MO,CR-->MO,CR-->MO,CR-->MO,CR-->MO,CR-->MO,CR-->MO,CR-->MO,CR-->MO,CR-->MO,CR-->MO,CR-->MO,CR-->MO,,,,,,,,,,,,,,,,,MO-->CR,MO-->CR,MO-->CR,MO-->CR,MO-->CR,MO-->CR,MO-->CR,MO-->CR,MO-->CR,MO-->CR,MO-->CR,MO-->CR,MO-->CR,MO-->CR,MO-->CR,MO-->CR,MO-->CR,MO-->CR,MO-->CR
HR,HRV,Croatia,Zagreb,Europe,Southern Europe,,HR-->MO,HR-->MO,HR-->MO,HR-->MO,HR-->MO,HR-->MO,HR-->MO,HR-->MO,HR-->MO,HR-->MO,HR-->MO,HR-->MO,HR-->MO,HR-->MO,HR-->MO,HR-->MO,HR-->MO,HR-->MO,HR-->MO,,,,,,,,,,,,,,,,,MO-->HR,MO-->HR,MO-->HR,MO-->HR,MO-->HR,MO-->HR,MO-->HR,MO-->HR,MO-->HR,MO-->HR,MO-->HR,MO-->HR,MO-->HR,MO-->HR,MO-->HR,MO-->HR,MO-->HR,MO-->HR,MO-->HR
CU,CUB,Cuba,Havana,Americas,Caribbean,,CU-->MO,CU-->MO,CU-->MO,CU-->MO,CU-->MO,CU-->MO,CU-->MO,CU-->MO,CU-->MO,CU-->MO,CU-->MO,CU-->MO,CU-->MO,CU-->MO,CU-->MO,CU-->MO,CU-->MO,CU-->MO,CU-->MO,,,,,,,,,,,,,,,,,MO-->CU,MO-->CU,MO-->CU,MO-->CU,MO-->CU,MO-->CU,MO-->CU,MO-->CU,MO-->CU,MO-->CU,MO-->CU,MO-->CU,MO-->CU,MO-->CU,MO-->CU,MO-->CU,MO-->CU,MO-->CU,MO-->CU
CW,CUW,Curaçao,Willemstad,Americas,Caribbean,,CW-->MO,CW-->MO,CW-->MO,CW-->MO,CW-->MO,CW-->MO,CW-->MO,CW-->MO,CW-->MO,CW-->MO,CW-->MO,CW-->MO,CW-->MO,CW-->MO,CW-->MO,CW-->MO,CW-->MO,CW-->MO,CW-->MO,,,,,,,,,,,,,,,,,MO-->CW,MO-->CW,MO-->CW,MO-->CW,MO-->CW,MO-->CW,MO-->CW,MO-->CW,MO-->CW,MO-->CW,MO-->CW,MO-->CW,MO-->CW,MO-->CW,MO-->CW,MO-->CW,MO-->CW,MO-->CW,MO-->CW
CY,CYP,Cyprus,Nicosia,Europe,Southern Europe,,CY-->MO,CY-->MO,CY-->MO,CY-->MO,CY-->MO,CY-->MO,CY-->MO,CY-->MO,CY-->MO,CY-->MO,CY-->MO,CY-->MO,CY-->MO,CY-->MO,CY-->MO,CY-->MO,CY-->MO,CY-->MO,CY-->MO,,,,,,,,,,,,,,,,,MO-->CY,MO-->CY,MO-->CY,MO-->CY,MO-->CY,MO-->CY,MO-->CY,MO-->CY,MO-->CY,MO-->CY,MO-->CY,MO-->CY,MO-->CY,MO-->CY,MO-->CY,MO-->CY,MO-->CY,MO-->CY,MO-->CY
CZ,CZE,Czech Republic,Prague,Europe,Eastern Europe,,CZ-->MO,CZ-->MO,CZ-->MO,CZ-->MO,CZ-->MO,CZ-->MO,CZ-->MO,CZ-->MO,CZ-->MO,CZ-->MO,CZ-->MO,CZ-->MO,CZ-->MO,CZ-->MO,CZ-->MO,CZ-->MO,CZ-->MO,CZ-->MO,CZ-->MO,,,,,,,,,,,,,,,,,MO-->CZ,MO-->CZ,MO-->CZ,MO-->CZ,MO-->CZ,MO-->CZ,MO-->CZ,MO-->CZ,MO-->CZ,MO-->CZ,MO-->CZ,MO-->CZ,MO-->CZ,MO-->CZ,MO-->CZ,MO-->CZ,MO-->CZ,MO-->CZ,MO-->CZ
DK,DNK,Denmark,Copenhagen,Europe,Northern Europe,,DK-->MO,DK-->MO,DK-->MO,DK-->MO,DK-->MO,DK-->MO,DK-->MO,DK-->MO,DK-->MO,DK-->MO,DK-->MO,DK-->MO,DK-->MO,DK-->MO,DK-->MO,DK-->MO,DK-->MO,DK-->MO,DK-->MO,,,,,,,,,,,,,,,,,MO-->DK,MO-->DK,MO-->DK,MO-->DK,MO-->DK,MO-->DK,MO-->DK,MO-->DK,MO-->DK,MO-->DK,MO-->DK,MO-->DK,MO-->DK,MO-->DK,MO-->DK,MO-->DK,MO-->DK,MO-->DK,MO-->DK
DJ,DJI,Djibouti,Djibouti,Africa,Eastern Africa,,DJ-->MO,DJ-->MO,DJ-->MO,DJ-->MO,DJ-->MO,DJ-->MO,DJ-->MO,DJ-->MO,DJ-->MO,DJ-->MO,DJ-->MO,DJ-->MO,DJ-->MO,DJ-->MO,DJ-->MO,DJ-->MO,DJ-->MO,DJ-->MO,DJ-->MO,,,,,,,,,,,,,,,,,MO-->DJ,MO-->DJ,MO-->DJ,MO-->DJ,MO-->DJ,MO-->DJ,MO-->DJ,MO-->DJ,MO-->DJ,MO-->DJ,MO-->DJ,MO-->DJ,MO-->DJ,MO-->DJ,MO-->DJ,MO-->DJ,MO-->DJ,MO-->DJ,MO-->DJ
DM,DMA,Dominica,Roseau,Americas,Caribbean,,DM-->MO,DM-->MO,DM-->MO,DM-->MO,DM-->MO,DM-->MO,DM-->MO,DM-->MO,DM-->MO,DM-->MO,DM-->MO,DM-->MO,DM-->MO,DM-->MO,DM-->MO,DM-->MO,DM-->MO,DM-->MO,DM-->MO,,,,,,,,,,,,,,,,,MO-->DM,MO-->DM,MO-->DM,MO-->DM,MO-->DM,MO-->DM,MO-->DM,MO-->DM,MO-->DM,MO-->DM,MO-->DM,MO-->DM,MO-->DM,MO-->DM,MO-->DM,MO-->DM,MO-->DM,MO-->DM,MO-->DM
DO,DOM,Dominican Republic,Santo Domingo,Americas,Caribbean,,DO-->MO,DO-->MO,DO-->MO,DO-->MO,DO-->MO,DO-->MO,DO-->MO,DO-->MO,DO-->MO,DO-->MO,DO-->MO,DO-->MO,DO-->MO,DO-->MO,DO-->MO,DO-->MO,DO-->MO,DO-->MO,DO-->MO,,,,,,,,,,,,,,,,,MO-->DO,MO-->DO,MO-->DO,MO-->DO,MO-->DO,MO-->DO,MO-->DO,MO-->DO,MO-->DO,MO-->DO,MO-->DO,MO-->DO,MO-->DO,MO-->DO,MO-->DO,MO-->DO,MO-->DO,MO-->DO,MO-->DO
EC,ECU,Ecuador,Quito,Americas,South America,,EC-->MO,EC-->MO,EC-->MO,EC-->MO,EC-->MO,EC-->MO,EC-->MO,EC-->MO,EC-->MO,EC-->MO,EC-->MO,EC-->MO,EC-->MO,EC-->MO,EC-->MO,EC-->MO,EC-->MO,EC-->MO,EC-->MO,,,,,,,,,,,,,,,,,MO-->EC,MO-->EC,MO-->EC,MO-->EC,MO-->EC,MO-->EC,MO-->EC,MO-->EC,MO-->EC,MO-->EC,MO-->EC,MO-->EC,MO-->EC,MO-->EC,MO-->EC,MO-->EC,MO-->EC,MO-->EC,MO-->EC
EG,EGY,Egypt,Cairo,Africa,Northern Africa,,EG-->MO,EG-->MO,EG-->MO,EG-->MO,EG-->MO,EG-->MO,EG-->MO,EG-->MO,EG-->MO,EG-->MO,EG-->MO,EG-->MO,EG-->MO,EG-->MO,EG-->MO,EG-->MO,EG-->MO,EG-->MO,EG-->MO,,,,,,,,,,,,,,,,,MO-->EG,MO-->EG,MO-->EG,MO-->EG,MO-->EG,MO-->EG,MO-->EG,MO-->EG,MO-->EG,MO-->EG,MO-->EG,MO-->EG,MO-->EG,MO-->EG,MO-->EG,MO-->EG,MO-->EG,MO-->EG,MO-->EG
SV,SLV,El Salvador,San Salvador,Americas,Central America,,SV-->MO,SV-->MO,SV-->MO,SV-->MO,SV-->MO,SV-->MO,SV-->MO,SV-->MO,SV-->MO,SV-->MO,SV-->MO,SV-->MO,SV-->MO,SV-->MO,SV-->MO,SV-->MO,SV-->MO,SV-->MO,SV-->MO,,,,,,,,,,,,,,,,,MO-->SV,MO-->SV,MO-->SV,MO-->SV,MO-->SV,MO-->SV,MO-->SV,MO-->SV,MO-->SV,MO-->SV,MO-->SV,MO-->SV,MO-->SV,MO-->SV,MO-->SV,MO-->SV,MO-->SV,MO-->SV,MO-->SV
GQ,GNQ,Equatorial Guinea,Malabo,Africa,Middle Africa,,GQ-->MO,GQ-->MO,GQ-->MO,GQ-->MO,GQ-->MO,GQ-->MO,GQ-->MO,GQ-->MO,GQ-->MO,GQ-->MO,GQ-->MO,GQ-->MO,GQ-->MO,GQ-->MO,GQ-->MO,GQ-->MO,GQ-->MO,GQ-->MO,GQ-->MO,,,,,,,,,,,,,,,,,MO-->GQ,MO-->GQ,MO-->GQ,MO-->GQ,MO-->GQ,MO-->GQ,MO-->GQ,MO-->GQ,MO-->GQ,MO-->GQ,MO-->GQ,MO-->GQ,MO-->GQ,MO-->GQ,MO-->GQ,MO-->GQ,MO-->GQ,MO-->GQ,MO-->GQ
ER,ERI,Eritrea,Asmara,Africa,Eastern Africa,,ER-->MO,ER-->MO,ER-->MO,ER-->MO,ER-->MO,ER-->MO,ER-->MO,ER-->MO,ER-->MO,ER-->MO,ER-->MO,ER-->MO,ER-->MO,ER-->MO,ER-->MO,ER-->MO,ER-->MO,ER-->MO,ER-->MO,,,,,,,,,,,,,,,,,MO-->ER,MO-->ER,MO-->ER,MO-->ER,MO-->ER,MO-->ER,MO-->ER,MO-->ER,MO-->ER,MO-->ER,MO-->ER,MO-->ER,MO-->ER,MO-->ER,MO-->ER,MO-->ER,MO-->ER,MO-->ER,MO-->ER
EE,EST,Estonia,Tallinn,Europe,Northern Europe,,EE-->MO,EE-->MO,EE-->MO,EE-->MO,EE-->MO,EE-->MO,EE-->MO,EE-->MO,EE-->MO,EE-->MO,EE-->MO,EE-->MO,EE-->MO,EE-->MO,EE-->MO,EE-->MO,EE-->MO,EE-->MO,EE-->MO,,,,,,,,,,,,,,,,,MO-->EE,MO-->EE,MO-->EE,MO-->EE,MO-->EE,MO-->EE,MO-->EE,MO-->EE,MO-->EE,MO-->EE,MO-->EE,MO-->EE,MO-->EE,MO-->EE,MO-->EE,MO-->EE,MO-->EE,MO-->EE,MO-->EE
ET,ETH,Ethiopia,Addis Ababa,Africa,Eastern Africa,,ET-->MO,ET-->MO,ET-->MO,ET-->MO,ET-->MO,ET-->MO,ET-->MO,ET-->MO,ET-->MO,ET-->MO,ET-->MO,ET-->MO,ET-->MO,ET-->MO,ET-->MO,ET-->MO,ET-->MO,ET-->MO,ET-->MO,,,,,,,,,,,,,,,,,MO-->ET,MO-->ET,MO-->ET,MO-->ET,MO-->ET,MO-->ET,MO-->ET,MO-->ET,MO-->ET,MO-->ET,MO-->ET,MO-->ET,MO-->ET,MO-->ET,MO-->ET,MO-->ET,MO-->ET,MO-->ET,MO-->ET
FK,FLK,Falkland Islands,Stanley,Americas,South America,,FK-->MO,FK-->MO,FK-->MO,FK-->MO,FK-->MO,FK-->MO,FK-->MO,FK-->MO,FK-->MO,FK-->MO,FK-->MO,FK-->MO,FK-->MO,FK-->MO,FK-->MO,FK-->MO,FK-->MO,FK-->MO,FK-->MO,,,,,,,,,,,,,,,,,MO-->FK,MO-->FK,MO-->FK,MO-->FK,MO-->FK,MO-->FK,MO-->FK,MO-->FK,MO-->FK,MO-->FK,MO-->FK,MO-->FK,MO-->FK,MO-->FK,MO-->FK,MO-->FK,MO-->FK,MO-->FK,MO-->FK
FO,FRO,Faroe Islands,Tórshavn,Europe,Northern Europe,,FO-->MO,FO-->MO,FO-->MO,FO-->MO,FO-->MO,FO-->MO,FO-->MO,FO-->MO,FO-->MO,FO-->MO,FO-->MO,FO-->MO,FO-->MO,FO-->MO,FO-->MO,FO-->MO,FO-->MO,FO-->MO,FO-->MO,,,,,,,,,,,,,,,,,MO-->FO,MO-->FO,MO-->FO,MO-->FO,MO-->FO,MO-->FO,MO-->FO,MO-->FO,MO-->FO,MO-->FO,MO-->FO,MO-->FO,MO-->FO,MO-->FO,MO-->FO,MO-->FO,MO-->FO,MO-->FO,MO-->FO
FJ,FJI,Fiji,Suva,Oceania,Melanesia,,FJ-->MO,FJ-->MO,FJ-->MO,FJ-->MO,FJ-->MO,FJ-->MO,FJ-->MO,FJ-->MO,FJ-->MO,FJ-->MO,FJ-->MO,FJ-->MO,FJ-->MO,FJ-->MO,FJ-->MO,FJ-->MO,FJ-->MO,FJ-->MO,FJ-->MO,,,,,,,,,,,,,,,,,MO-->FJ,MO-->FJ,MO-->FJ,MO-->FJ,MO-->FJ,MO-->FJ,MO-->FJ,MO-->FJ,MO-->FJ,MO-->FJ,MO-->FJ,MO-->FJ,MO-->FJ,MO-->FJ,MO-->FJ,MO-->FJ,MO-->FJ,MO-->FJ,MO-->FJ
FI,FIN,Finland,Helsinki,Europe,Northern Europe,,FI-->MO,FI-->MO,FI-->MO,FI-->MO,FI-->MO,FI-->MO,FI-->MO,FI-->MO,FI-->MO,FI-->MO,FI-->MO,FI-->MO,FI-->MO,FI-->MO,FI-->MO,FI-->MO,FI-->MO,FI-->MO,FI-->MO,,,,,,,,,,,,,,,,,MO-->FI,MO-->FI,MO-->FI,MO-->FI,MO-->FI,MO-->FI,MO-->FI,MO-->FI,MO-->FI,MO-->FI,MO-->FI,MO-->FI,MO-->FI,MO-->FI,MO-->FI,MO-->FI,MO-->FI,MO-->FI,MO-->FI
FR,FRA,France,Paris,Europe,Western Europe,,FR-->MO,FR-->MO,FR-->MO,FR-->MO,FR-->MO,FR-->MO,FR-->MO,FR-->MO,FR-->MO,FR-->MO,FR-->MO,FR-->MO,FR-->MO,FR-->MO,FR-->MO,FR-->MO,FR-->MO,FR-->MO,FR-->MO,,,,,,,,,,,,,,,,,MO-->FR,MO-->FR,MO-->FR,MO-->FR,MO-->FR,MO-->FR,MO-->FR,MO-->FR,MO-->FR,MO-->FR,MO-->FR,MO-->FR,MO-->FR,MO-->FR,MO-->FR,MO-->FR,MO-->FR,MO-->FR,MO-->FR
GF,GUF,French Guiana,Cayenne,Americas,South America,,GF-->MO,GF-->MO,GF-->MO,GF-->MO,GF-->MO,GF-->MO,GF-->MO,GF-->MO,GF-->MO,GF-->MO,GF-->MO,GF-->MO,GF-->MO,GF-->MO,GF-->MO,GF-->MO,GF-->MO,GF-->MO,GF-->MO,,,,,,,,,,,,,,,,,MO-->GF,MO-->GF,MO-->GF,MO-->GF,MO-->GF,MO-->GF,MO-->GF,MO-->GF,MO-->GF,MO-->GF,MO-->GF,MO-->GF,MO-->GF,MO-->GF,MO-->GF,MO-->GF,MO-->GF,MO-->GF,MO-->GF
PF,PYF,French Polynesia,Papeetē,Oceania,Polynesia,,PF-->MO,PF-->MO,PF-->MO,PF-->MO,PF-->MO,PF-->MO,PF-->MO,PF-->MO,PF-->MO,PF-->MO,PF-->MO,PF-->MO,PF-->MO,PF-->MO,PF-->MO,PF-->MO,PF-->MO,PF-->MO,PF-->MO,,,,,,,,,,,,,,,,,MO-->PF,MO-->PF,MO-->PF,MO-->PF,MO-->PF,MO-->PF,MO-->PF,MO-->PF,MO-->PF,MO-->PF,MO-->PF,MO-->PF,MO-->PF,MO-->PF,MO-->PF,MO-->PF,MO-->PF,MO-->PF,MO-->PF
TF,ATF,French Southern and Antarctic Lands,Port-aux-Français,Africa,Southern Africa,,TF-->MO,TF-->MO,TF-->MO,TF-->MO,TF-->MO,TF-->MO,TF-->MO,TF-->MO,TF-->MO,TF-->MO,TF-->MO,TF-->MO,TF-->MO,TF-->MO,TF-->MO,TF-->MO,TF-->MO,TF-->MO,TF-->MO,,,,,,,,,,,,,,,,,MO-->TF,MO-->TF,MO-->TF,MO-->TF,MO-->TF,MO-->TF,MO-->TF,MO-->TF,MO-->TF,MO-->TF,MO-->TF,MO-->TF,MO-->TF,MO-->TF,MO-->TF,MO-->TF,MO-->TF,MO-->TF,MO-->TF
GA,GAB,Gabon,Libreville,Africa,Middle Africa,,GA-->MO,GA-->MO,GA-->MO,GA-->MO,GA-->MO,GA-->MO,GA-->MO,GA-->MO,GA-->MO,GA-->MO,GA-->MO,GA-->MO,GA-->MO,GA-->MO,GA-->MO,GA-->MO,GA-->MO,GA-->MO,GA-->MO,,,,,,,,,,,,,,,,,MO-->GA,MO-->GA,MO-->GA,MO-->GA,MO-->GA,MO-->GA,MO-->GA,MO-->GA,MO-->GA,MO-->GA,MO-->GA,MO-->GA,MO-->GA,MO-->GA,MO-->GA,MO-->GA,MO-->GA,MO-->GA,MO-->GA
GM,GMB,The Gambia,Banjul,Africa,Western Africa,,GM-->MO,GM-->MO,GM-->MO,GM-->MO,GM-->MO,GM-->MO,GM-->MO,GM-->MO,GM-->MO,GM-->MO,GM-->MO,GM-->MO,GM-->MO,GM-->MO,GM-->MO,GM-->MO,GM-->MO,GM-->MO,GM-->MO,,,,,,,,,,,,,,,,,MO-->GM,MO-->GM,MO-->GM,MO-->GM,MO-->GM,MO-->GM,MO-->GM,MO-->GM,MO-->GM,MO-->GM,MO-->GM,MO-->GM,MO-->GM,MO-->GM,MO-->GM,MO-->GM,MO-->GM,MO-->GM,MO-->GM
GE,GEO,Georgia,Tbilisi,Asia,Western Asia,,GE-->MO,GE-->MO,GE-->MO,GE-->MO,GE-->MO,GE-->MO,GE-->MO,GE-->MO,GE-->MO,GE-->MO,GE-->MO,GE-->MO,GE-->MO,GE-->MO,GE-->MO,GE-->MO,GE-->MO,GE-->MO,GE-->MO,,,,,,,,,,,,,,,,,MO-->GE,MO-->GE,MO-->GE,MO-->GE,MO-->GE,MO-->GE,MO-->GE,MO-->GE,MO-->GE,MO-->GE,MO-->GE,MO-->GE,MO-->GE,MO-->GE,MO-->GE,MO-->GE,MO-->GE,MO-->GE,MO-->GE
DE,DEU,Germany,Berlin,Europe,Western Europe,,DE-->MO,DE-->MO,DE-->MO,DE-->MO,DE-->MO,DE-->MO,DE-->MO,DE-->MO,DE-->MO,DE-->MO,DE-->MO,DE-->MO,DE-->MO,DE-->MO,DE-->MO,DE-->MO,DE-->MO,DE-->MO,DE-->MO,,,,,,,,,,,,,,,,,MO-->DE,MO-->DE,MO-->DE,MO-->DE,MO-->DE,MO-->DE,MO-->DE,MO-->DE,MO-->DE,MO-->DE,MO-->DE,MO-->DE,MO-->DE,MO-->DE,MO-->DE,MO-->DE,MO-->DE,MO-->DE,MO-->DE
GH,GHA,Ghana,Accra,Africa,Western Africa,,GH-->MO,GH-->MO,GH-->MO,GH-->MO,GH-->MO,GH-->MO,GH-->MO,GH-->MO,GH-->MO,GH-->MO,GH-->MO,GH-->MO,GH-->MO,GH-->MO,GH-->MO,GH-->MO,GH-->MO,GH-->MO,GH-->MO,,,,,,,,,,,,,,,,,MO-->GH,MO-->GH,MO-->GH,MO-->GH,MO-->GH,MO-->GH,MO-->GH,MO-->GH,MO-->GH,MO-->GH,MO-->GH,MO-->GH,MO-->GH,MO-->GH,MO-->GH,MO-->GH,MO-->GH,MO-->GH,MO-->GH
GI,GIB,Gibraltar,Gibraltar,Europe,Southern Europe,,GI-->MO,GI-->MO,GI-->MO,GI-->MO,GI-->MO,GI-->MO,GI-->MO,GI-->MO,GI-->MO,GI-->MO,GI-->MO,GI-->MO,GI-->MO,GI-->MO,GI-->MO,GI-->MO,GI-->MO,GI-->MO,GI-->MO,,,,,,,,,,,,,,,,,MO-->GI,MO-->GI,MO-->GI,MO-->GI,MO-->GI,MO-->GI,MO-->GI,MO-->GI,MO-->GI,MO-->GI,MO-->GI,MO-->GI,MO-->GI,MO-->GI,MO-->GI,MO-->GI,MO-->GI,MO-->GI,MO-->GI
GR,GRC,Greece,Athens,Europe,Southern Europe,,GR-->MO,GR-->MO,GR-->MO,GR-->MO,GR-->MO,GR-->MO,GR-->MO,GR-->MO,GR-->MO,GR-->MO,GR-->MO,GR-->MO,GR-->MO,GR-->MO,GR-->MO,GR-->MO,GR-->MO,GR-->MO,GR-->MO,,,,,,,,,,,,,,,,,MO-->GR,MO-->GR,MO-->GR,MO-->GR,MO-->GR,MO-->GR,MO-->GR,MO-->GR,MO-->GR,MO-->GR,MO-->GR,MO-->GR,MO-->GR,MO-->GR,MO-->GR,MO-->GR,MO-->GR,MO-->GR,MO-->GR
GL,GRL,Greenland,Nuuk,Americas,Northern America,,GL-->MO,GL-->MO,GL-->MO,GL-->MO,GL-->MO,GL-->MO,GL-->MO,GL-->MO,GL-->MO,GL-->MO,GL-->MO,GL-->MO,GL-->MO,GL-->MO,GL-->MO,GL-->MO,GL-->MO,GL-->MO,GL-->MO,,,,,,,,,,,,,,,,,MO-->GL,MO-->GL,MO-->GL,MO-->GL,MO-->GL,MO-->GL,MO-->GL,MO-->GL,MO-->GL,MO-->GL,MO-->GL,MO-->GL,MO-->GL,MO-->GL,MO-->GL,MO-->GL,MO-->GL,MO-->GL,MO-->GL
GD,GRD,Grenada,St. George's,Americas,Caribbean,,GD-->MO,GD-->MO,GD-->MO,GD-->MO,GD-->MO,GD-->MO,GD-->MO,GD-->MO,GD-->MO,GD-->MO,GD-->MO,GD-->MO,GD-->MO,GD-->MO,GD-->MO,GD-->MO,GD-->MO,GD-->MO,GD-->MO,,,,,,,,,,,,,,,,,MO-->GD,MO-->GD,MO-->GD,MO-->GD,MO-->GD,MO-->GD,MO-->GD,MO-->GD,MO-->GD,MO-->GD,MO-->GD,MO-->GD,MO-->GD,MO-->GD,MO-->GD,MO-->GD,MO-->GD,MO-->GD,MO-->GD
GP,GLP,Guadeloupe,Basse-Terre,Americas,Caribbean,,GP-->MO,GP-->MO,GP-->MO,GP-->MO,GP-->MO,GP-->MO,GP-->MO,GP-->MO,GP-->MO,GP-->MO,GP-->MO,GP-->MO,GP-->MO,GP-->MO,GP-->MO,GP-->MO,GP-->MO,GP-->MO,GP-->MO,,,,,,,,,,,,,,,,,MO-->GP,MO-->GP,MO-->GP,MO-->GP,MO-->GP,MO-->GP,MO-->GP,MO-->GP,MO-->GP,MO-->GP,MO-->GP,MO-->GP,MO-->GP,MO-->GP,MO-->GP,MO-->GP,MO-->GP,MO-->GP,MO-->GP
GU,GUM,Guam,Hagåtña,Oceania,Micronesia,,GU-->MO,GU-->MO,GU-->MO,GU-->MO,GU-->MO,GU-->MO,GU-->MO,GU-->MO,GU-->MO,GU-->MO,GU-->MO,GU-->MO,GU-->MO,GU-->MO,GU-->MO,GU-->MO,GU-->MO,GU-->MO,GU-->MO,,,,,,,,,,,,,,,,,MO-->GU,MO-->GU,MO-->GU,MO-->GU,MO-->GU,MO-->GU,MO-->GU,MO-->GU,MO-->GU,MO-->GU,MO-->GU,MO-->GU,MO-->GU,MO-->GU,MO-->GU,MO-->GU,MO-->GU,MO-->GU,MO-->GU
GT,GTM,Guatemala,Guatemala City,Americas,Central America,,GT-->MO,GT-->MO,GT-->MO,GT-->MO,GT-->MO,GT-->MO,GT-->MO,GT-->MO,GT-->MO,GT-->MO,GT-->MO,GT-->MO,GT-->MO,GT-->MO,GT-->MO,GT-->MO,GT-->MO,GT-->MO,GT-->MO,,,,,,,,,,,,,,,,,MO-->GT,MO-->GT,MO-->GT,MO-->GT,MO-->GT,MO-->GT,MO-->GT,MO-->GT,MO-->GT,MO-->GT,MO-->GT,MO-->GT,MO-->GT,MO-->GT,MO-->GT,MO-->GT,MO-->GT,MO-->GT,MO-->GT
GG,GGY,Guernsey,St. Peter Port,Europe,Northern Europe,,GG-->MO,GG-->MO,GG-->MO,GG-->MO,GG-->MO,GG-->MO,GG-->MO,GG-->MO,GG-->MO,GG-->MO,GG-->MO,GG-->MO,GG-->MO,GG-->MO,GG-->MO,GG-->MO,GG-->MO,GG-->MO,GG-->MO,,,,,,,,,,,,,,,,,MO-->GG,MO-->GG,MO-->GG,MO-->GG,MO-->GG,MO-->GG,MO-->GG,MO-->GG,MO-->GG,MO-->GG,MO-->GG,MO-->GG,MO-->GG,MO-->GG,MO-->GG,MO-->GG,MO-->GG,MO-->GG,MO-->GG
GN,GIN,Guinea,Conakry,Africa,Western Africa,,GN-->MO,GN-->MO,GN-->MO,GN-->MO,GN-->MO,GN-->MO,GN-->MO,GN-->MO,GN-->MO,GN-->MO,GN-->MO,GN-->MO,GN-->MO,GN-->MO,GN-->MO,GN-->MO,GN-->MO,GN-->MO,GN-->MO,,,,,,,,,,,,,,,,,MO-->GN,MO-->GN,MO-->GN,MO-->GN,MO-->GN,MO-->GN,MO-->GN,MO-->GN,MO-->GN,MO-->GN,MO-->GN,MO-->GN,MO-->GN,MO-->GN,MO-->GN,MO-->GN,MO-->GN,MO-->GN,MO-->GN
GW,GNB,Guinea-Bissau,Bissau,Africa,Western Africa,,GW-->MO,GW-->MO,GW-->MO,GW-->MO,GW-->MO,GW-->MO,GW-->MO,GW-->MO,GW-->MO,GW-->MO,GW-->MO,GW-->MO,GW-->MO,GW-->MO,GW-->MO,GW-->MO,GW-->MO,GW-->MO,GW-->MO,,,,,,,,,,,,,,,,,MO-->GW,MO-->GW,MO-->GW,MO-->GW,MO-->GW,MO-->GW,MO-->GW,MO-->GW,MO-->GW,MO-->GW,MO-->GW,MO-->GW,MO-->GW,MO-->GW,MO-->GW,MO-->GW,MO-->GW,MO-->GW,MO-->GW
GY,GUY,Guyana,Georgetown,Americas,South America,,GY-->MO,GY-->MO,GY-->MO,GY-->MO,GY-->MO,GY-->MO,GY-->MO,GY-->MO,GY-->MO,GY-->MO,GY-->MO,GY-->MO,GY-->MO,GY-->MO,GY-->MO,GY-->MO,GY-->MO,GY-->MO,GY-->MO,,,,,,,,,,,,,,,,,MO-->GY,MO-->GY,MO-->GY,MO-->GY,MO-->GY,MO-->GY,MO-->GY,MO-->GY,MO-->GY,MO-->GY,MO-->GY,MO-->GY,MO-->GY,MO-->GY,MO-->GY,MO-->GY,MO-->GY,MO-->GY,MO-->GY
HT,HTI,Haiti,Port-au-Prince,Americas,Caribbean,,HT-->MO,HT-->MO,HT-->MO,HT-->MO,HT-->MO,HT-->MO,HT-->MO,HT-->MO,HT-->MO,HT-->MO,HT-->MO,HT-->MO,HT-->MO,HT-->MO,HT-->MO,HT-->MO,HT-->MO,HT-->MO,HT-->MO,,,,,,,,,,,,,,,,,MO-->HT,MO-->HT,MO-->HT,MO-->HT,MO-->HT,MO-->HT,MO-->HT,MO-->HT,MO-->HT,MO-->HT,MO-->HT,MO-->HT,MO-->HT,MO-->HT,MO-->HT,MO-->HT,MO-->HT,MO-->HT,MO-->HT
HM,HMD,Heard Island and McDonald Islands,,,,,HM-->MO,HM-->MO,HM-->MO,HM-->MO,HM-->MO,HM-->MO,HM-->MO,HM-->MO,HM-->MO,HM-->MO,HM-->MO,HM-->MO,HM-->MO,HM-->MO,HM-->MO,HM-->MO,HM-->MO,HM-->MO,HM-->MO,,,,,,,,,,,,,,,,,MO-->HM,MO-->HM,MO-->HM,MO-->HM,MO-->HM,MO-->HM,MO-->HM,MO-->HM,MO-->HM,MO-->HM,MO-->HM,MO-->HM,MO-->HM,MO-->HM,MO-->HM,MO-->HM,MO-->HM,MO-->HM,MO-->HM
VA,VAT,Holy See,Rome,Europe,Southern Europe,,VA-->MO,VA-->MO,VA-->MO,VA-->MO,VA-->MO,VA-->MO,VA-->MO,VA-->MO,VA-->MO,VA-->MO,VA-->MO,VA-->MO,VA-->MO,VA-->MO,VA-->MO,VA-->MO,VA-->MO,VA-->MO,VA-->MO,,,,,,,,,,,,,,,,,MO-->VA,MO-->VA,MO-->VA,MO-->VA,MO-->VA,MO-->VA,MO-->VA,MO-->VA,MO-->VA,MO-->VA,MO-->VA,MO-->VA,MO-->VA,MO-->VA,MO-->VA,MO-->VA,MO-->VA,MO-->VA,MO-->VA
HN,HND,Honduras,Tegucigalpa,Americas,Central America,,HN-->MO,HN-->MO,HN-->MO,HN-->MO,HN-->MO,HN-->MO,HN-->MO,HN-->MO,HN-->MO,HN-->MO,HN-->MO,HN-->MO,HN-->MO,HN-->MO,HN-->MO,HN-->MO,HN-->MO,HN-->MO,HN-->MO,,,,,,,,,,,,,,,,,MO-->HN,MO-->HN,MO-->HN,MO-->HN,MO-->HN,MO-->HN,MO-->HN,MO-->HN,MO-->HN,MO-->HN,MO-->HN,MO-->HN,MO-->HN,MO-->HN,MO-->HN,MO-->HN,MO-->HN,MO-->HN,MO-->HN
HK,HKG,Hong Kong,City of Victoria,Asia,Eastern Asia,,HK-->MO,HK-->MO,HK-->MO,HK-->MO,HK-->MO,HK-->MO,HK-->MO,HK-->MO,HK-->MO,HK-->MO,HK-->MO,HK-->MO,HK-->MO,HK-->MO,HK-->MO,HK-->MO,HK-->MO,HK-->MO,HK-->MO,,,,,,,,,,,,,,,,,MO-->HK,MO-->HK,MO-->HK,MO-->HK,MO-->HK,MO-->HK,MO-->HK,MO-->HK,MO-->HK,MO-->HK,MO-->HK,MO-->HK,MO-->HK,MO-->HK,MO-->HK,MO-->HK,MO-->HK,MO-->HK,MO-->HK
HU,HUN,Hungary,Budapest,Europe,Eastern Europe,,HU-->MO,HU-->MO,HU-->MO,HU-->MO,HU-->MO,HU-->MO,HU-->MO,HU-->MO,HU-->MO,HU-->MO,HU-->MO,HU-->MO,HU-->MO,HU-->MO,HU-->MO,HU-->MO,HU-->MO,HU-->MO,HU-->MO,,,,,,,,,,,,,,,,,MO-->HU,MO-->HU,MO-->HU,MO-->HU,MO-->HU,MO-->HU,MO-->HU,MO-->HU,MO-->HU,MO-->HU,MO-->HU,MO-->HU,MO-->HU,MO-->HU,MO-->HU,MO-->HU,MO-->HU,MO-->HU,MO-->HU
IS,ISL,Iceland,Reykjavík,Europe,Northern Europe,,IS-->MO,IS-->MO,IS-->MO,IS-->MO,IS-->MO,IS-->MO,IS-->MO,IS-->MO,IS-->MO,IS-->MO,IS-->MO,IS-->MO,IS-->MO,IS-->MO,IS-->MO,IS-->MO,IS-->MO,IS-->MO,IS-->MO,,,,,,,,,,,,,,,,,MO-->IS,MO-->IS,MO-->IS,MO-->IS,MO-->IS,MO-->IS,MO-->IS,MO-->IS,MO-->IS,MO-->IS,MO-->IS,MO-->IS,MO-->IS,MO-->IS,MO-->IS,MO-->IS,MO-->IS,MO-->IS,MO-->IS
IN,IND,India,New Delhi,Asia,Southern Asia,,IN-->MO,IN-->MO,IN-->MO,IN-->MO,IN-->MO,IN-->MO,IN-->MO,IN-->MO,IN-->MO,IN-->MO,IN-->MO,IN-->MO,IN-->MO,IN-->MO,IN-->MO,IN-->MO,IN-->MO,IN-->MO,IN-->MO,,,,,,,,,,,,,,,,,MO-->IN,MO-->IN,MO-->IN,MO-->IN,MO-->IN,MO-->IN,MO-->IN,MO-->IN,MO-->IN,MO-->IN,MO-->IN,MO-->IN,MO-->IN,MO-->IN,MO-->IN,MO-->IN,MO-->IN,MO-->IN,MO-->IN
ID,IDN,Indonesia,Jakarta,Asia,South-Eastern Asia,,ID-->MO,ID-->MO,ID-->MO,ID-->MO,ID-->MO,ID-->MO,ID-->MO,ID-->MO,ID-->MO,ID-->MO,ID-->MO,ID-->MO,ID-->MO,ID-->MO,ID-->MO,ID-->MO,ID-->MO,ID-->MO,ID-->MO,,,,,,,,,,,,,,,,,MO-->ID,MO-->ID,MO-->ID,MO-->ID,MO-->ID,MO-->ID,MO-->ID,MO-->ID,MO-->ID,MO-->ID,MO-->ID,MO-->ID,MO-->ID,MO-->ID,MO-->ID,MO-->ID,MO-->ID,MO-->ID,MO-->ID
CI,CIV,Ivory Coast,Yamoussoukro,Africa,Western Africa,,CI-->MO,CI-->MO,CI-->MO,CI-->MO,CI-->MO,CI-->MO,CI-->MO,CI-->MO,CI-->MO,CI-->MO,CI-->MO,CI-->MO,CI-->MO,CI-->MO,CI-->MO,CI-->MO,CI-->MO,CI-->MO,CI-->MO,,,,,,,,,,,,,,,,,MO-->CI,MO-->CI,MO-->CI,MO-->CI,MO-->CI,MO-->CI,MO-->CI,MO-->CI,MO-->CI,MO-->CI,MO-->CI,MO-->CI,MO-->CI,MO-->CI,MO-->CI,MO-->CI,MO-->CI,MO-->CI,MO-->CI
IR,IRN,Iran,Tehran,Asia,Southern Asia,,IR-->MO,IR-->MO,IR-->MO,IR-->MO,IR-->MO,IR-->MO,IR-->MO,IR-->MO,IR-->MO,IR-->MO,IR-->MO,IR-->MO,IR-->MO,IR-->MO,IR-->MO,IR-->MO,IR-->MO,IR-->MO,IR-->MO,,,,,,,,,,,,,,,,,MO-->IR,MO-->IR,MO-->IR,MO-->IR,MO-->IR,MO-->IR,MO-->IR,MO-->IR,MO-->IR,MO-->IR,MO-->IR,MO-->IR,MO-->IR,MO-->IR,MO-->IR,MO-->IR,MO-->IR,MO-->IR,MO-->IR
IQ,IRQ,Iraq,Baghdad,Asia,Western Asia,,IQ-->MO,IQ-->MO,IQ-->MO,IQ-->MO,IQ-->MO,IQ-->MO,IQ-->MO,IQ-->MO,IQ-->MO,IQ-->MO,IQ-->MO,IQ-->MO,IQ-->MO,IQ-->MO,IQ-->MO,IQ-->MO,IQ-->MO,IQ-->MO,IQ-->MO,,,,,,,,,,,,,,,,,MO-->IQ,MO-->IQ,MO-->IQ,MO-->IQ,MO-->IQ,MO-->IQ,MO-->IQ,MO-->IQ,MO-->IQ,MO-->IQ,MO-->IQ,MO-->IQ,MO-->IQ,MO-->IQ,MO-->IQ,MO-->IQ,MO-->IQ,MO-->IQ,MO-->IQ
IE,IRL,Republic of Ireland,Dublin,Europe,Northern Europe,,IE-->MO,IE-->MO,IE-->MO,IE-->MO,IE-->MO,IE-->MO,IE-->MO,IE-->MO,IE-->MO,IE-->MO,IE-->MO,IE-->MO,IE-->MO,IE-->MO,IE-->MO,IE-->MO,IE-->MO,IE-->MO,IE-->MO,,,,,,,,,,,,,,,,,MO-->IE,MO-->IE,MO-->IE,MO-->IE,MO-->IE,MO-->IE,MO-->IE,MO-->IE,MO-->IE,MO-->IE,MO-->IE,MO-->IE,MO-->IE,MO-->IE,MO-->IE,MO-->IE,MO-->IE,MO-->IE,MO-->IE
IM,IMN,Isle of Man,Douglas,Europe,Northern Europe,,IM-->MO,IM-->MO,IM-->MO,IM-->MO,IM-->MO,IM-->MO,IM-->MO,IM-->MO,IM-->MO,IM-->MO,IM-->MO,IM-->MO,IM-->MO,IM-->MO,IM-->MO,IM-->MO,IM-->MO,IM-->MO,IM-->MO,,,,,,,,,,,,,,,,,MO-->IM,MO-->IM,MO-->IM,MO-->IM,MO-->IM,MO-->IM,MO-->IM,MO-->IM,MO-->IM,MO-->IM,MO-->IM,MO-->IM,MO-->IM,MO-->IM,MO-->IM,MO-->IM,MO-->IM,MO-->IM,MO-->IM
IL,ISR,Israel,Jerusalem,Asia,Western Asia,,IL-->MO,IL-->MO,IL-->MO,IL-->MO,IL-->MO,IL-->MO,IL-->MO,IL-->MO,IL-->MO,IL-->MO,IL-->MO,IL-->MO,IL-->MO,IL-->MO,IL-->MO,IL-->MO,IL-->MO,IL-->MO,IL-->MO,,,,,,,,,,,,,,,,,MO-->IL,MO-->IL,MO-->IL,MO-->IL,MO-->IL,MO-->IL,MO-->IL,MO-->IL,MO-->IL,MO-->IL,MO-->IL,MO-->IL,MO-->IL,MO-->IL,MO-->IL,MO-->IL,MO-->IL,MO-->IL,MO-->IL
IT,ITA,Italy,Rome,Europe,Southern Europe,,IT-->MO,IT-->MO,IT-->MO,IT-->MO,IT-->MO,IT-->MO,IT-->MO,IT-->MO,IT-->MO,IT-->MO,IT-->MO,IT-->MO,IT-->MO,IT-->MO,IT-->MO,IT-->MO,IT-->MO,IT-->MO,IT-->MO,,,,,,,,,,,,,,,,,MO-->IT,MO-->IT,MO-->IT,MO-->IT,MO-->IT,MO-->IT,MO-->IT,MO-->IT,MO-->IT,MO-->IT,MO-->IT,MO-->IT,MO-->IT,MO-->IT,MO-->IT,MO-->IT,MO-->IT,MO-->IT,MO-->IT
JM,JAM,Jamaica,Kingston,Americas,Caribbean,,JM-->MO,JM-->MO,JM-->MO,JM-->MO,JM-->MO,JM-->MO,JM-->MO,JM-->MO,JM-->MO,JM-->MO,JM-->MO,JM-->MO,JM-->MO,JM-->MO,JM-->MO,JM-->MO,JM-->MO,JM-->MO,JM-->MO,,,,,,,,,,,,,,,,,MO-->JM,MO-->JM,MO-->JM,MO-->JM,MO-->JM,MO-->JM,MO-->JM,MO-->JM,MO-->JM,MO-->JM,MO-->JM,MO-->JM,MO-->JM,MO-->JM,MO-->JM,MO-->JM,MO-->JM,MO-->JM,MO-->JM
JP,JPN,Japan,Tokyo,Asia,Eastern Asia,,JP-->MO,JP-->MO,JP-->MO,JP-->MO,JP-->MO,JP-->MO,JP-->MO,JP-->MO,JP-->MO,JP-->MO,JP-->MO,JP-->MO,JP-->MO,JP-->MO,JP-->MO,JP-->MO,JP-->MO,JP-->MO,JP-->MO,,,,,,,,,,,,,,,,,MO-->JP,MO-->JP,MO-->JP,MO-->JP,MO-->JP,MO-->JP,MO-->JP,MO-->JP,MO-->JP,MO-->JP,MO-->JP,MO-->JP,MO-->JP,MO-->JP,MO-->JP,MO-->JP,MO-->JP,MO-->JP,MO-->JP
JE,JEY,Jersey,Saint Helier,Europe,Northern Europe,,JE-->MO,JE-->MO,JE-->MO,JE-->MO,JE-->MO,JE-->MO,JE-->MO,JE-->MO,JE-->MO,JE-->MO,JE-->MO,JE-->MO,JE-->MO,JE-->MO,JE-->MO,JE-->MO,JE-->MO,JE-->MO,JE-->MO,,,,,,,,,,,,,,,,,MO-->JE,MO-->JE,MO-->JE,MO-->JE,MO-->JE,MO-->JE,MO-->JE,MO-->JE,MO-->JE,MO-->JE,MO-->JE,MO-->JE,MO-->JE,MO-->JE,MO-->JE,MO-->JE,MO-->JE,MO-->JE,MO-->JE
JO,JOR,Jordan,Amman,Asia,Western Asia,,JO-->MO,JO-->MO,JO-->MO,JO-->MO,JO-->MO,JO-->MO,JO-->MO,JO-->MO,JO-->MO,JO-->MO,JO-->MO,JO-->MO,JO-->MO,JO-->MO,JO-->MO,JO-->MO,JO-->MO,JO-->MO,JO-->MO,,,,,,,,,,,,,,,,,MO-->JO,MO-->JO,MO-->JO,MO-->JO,MO-->JO,MO-->JO,MO-->JO,MO-->JO,MO-->JO,MO-->JO,MO-->JO,MO-->JO,MO-->JO,MO-->JO,MO-->JO,MO-->JO,MO-->JO,MO-->JO,MO-->JO
KZ,KAZ,Kazakhstan,Astana,Asia,Central Asia,,KZ-->MO,KZ-->MO,KZ-->MO,KZ-->MO,KZ-->MO,KZ-->MO,KZ-->MO,KZ-->MO,KZ-->MO,KZ-->MO,KZ-->MO,KZ-->MO,KZ-->MO,KZ-->MO,KZ-->MO,KZ-->MO,KZ-->MO,KZ-->MO,KZ-->MO,,,,,,,,,,,,,,,,,MO-->KZ,MO-->KZ,MO-->KZ,MO-->KZ,MO-->KZ,MO-->KZ,MO-->KZ,MO-->KZ,MO-->KZ,MO-->KZ,MO-->KZ,MO-->KZ,MO-->KZ,MO-->KZ,MO-->KZ,MO-->KZ,MO-->KZ,MO-->KZ,MO-->KZ
KE,KEN,Kenya,Nairobi,Africa,Eastern Africa,,KE-->MO,KE-->MO,KE-->MO,KE-->MO,KE-->MO,KE-->MO,KE-->MO,KE-->MO,KE-->MO,KE-->MO,KE-->MO,KE-->MO,KE-->MO,KE-->MO,KE-->MO,KE-->MO,KE-->MO,KE-->MO,KE-->MO,,,,,,,,,,,,,,,,,MO-->KE,MO-->KE,MO-->KE,MO-->KE,MO-->KE,MO-->KE,MO-->KE,MO-->KE,MO-->KE,MO-->KE,MO-->KE,MO-->KE,MO-->KE,MO-->KE,MO-->KE,MO-->KE,MO-->KE,MO-->KE,MO-->KE
KI,KIR,Kiribati,South Tarawa,Oceania,Micronesia,,KI-->MO,KI-->MO,KI-->MO,KI-->MO,KI-->MO,KI-->MO,KI-->MO,KI-->MO,KI-->MO,KI-->MO,KI-->MO,KI-->MO,KI-->MO,KI-->MO,KI-->MO,KI-->MO,KI-->MO,KI-->MO,KI-->MO,,,,,,,,,,,,,,,,,MO-->KI,MO-->KI,MO-->KI,MO-->KI,MO-->KI,MO-->KI,MO-->KI,MO-->KI,MO-->KI,MO-->KI,MO-->KI,MO-->KI,MO-->KI,MO-->KI,MO-->KI,MO-->KI,MO-->KI,MO-->KI,MO-->KI
KW,KWT,Kuwait,Kuwait City,Asia,Western Asia,,KW-->MO,KW-->MO,KW-->MO,KW-->MO,KW-->MO,KW-->MO,KW-->MO,KW-->MO,KW-->MO,KW-->MO,KW-->MO,KW-->MO,KW-->MO,KW-->MO,KW-->MO,KW-->MO,KW-->MO,KW-->MO,KW-->MO,,,,,,,,,,,,,,,,,MO-->KW,MO-->KW,MO-->KW,MO-->KW,MO-->KW,MO-->KW,MO-->KW,MO-->KW,MO-->KW,MO-->KW,MO-->KW,MO-->KW,MO-->KW,MO-->KW,MO-->KW,MO-->KW,MO-->KW,MO-->KW,MO-->KW
KG,KGZ,Kyrgyzstan,Bishkek,Asia,Central Asia,,KG-->MO,KG-->MO,KG-->MO,KG-->MO,KG-->MO,KG-->MO,KG-->MO,KG-->MO,KG-->MO,KG-->MO,KG-->MO,KG-->MO,KG-->MO,KG-->MO,KG-->MO,KG-->MO,KG-->MO,KG-->MO,KG-->MO,,,,,,,,,,,,,,,,,MO-->KG,MO-->KG,MO-->KG,MO-->KG,MO-->KG,MO-->KG,MO-->KG,MO-->KG,MO-->KG,MO-->KG,MO-->KG,MO-->KG,MO-->KG,MO-->KG,MO-->KG,MO-->KG,MO-->KG,MO-->KG,MO-->KG
LA,LAO,Laos,Vientiane,Asia,South-Eastern Asia,,LA-->MO,LA-->MO,LA-->MO,LA-->MO,LA-->MO,LA-->MO,LA-->MO,LA-->MO,LA-->MO,LA-->MO,LA-->MO,LA-->MO,LA-->MO,LA-->MO,LA-->MO,LA-->MO,LA-->MO,LA-->MO,LA-->MO,,,,,,,,,,,,,,,,,MO-->LA,MO-->LA,MO-->LA,MO-->LA,MO-->LA,MO-->LA,MO-->LA,MO-->LA,MO-->LA,MO-->LA,MO-->LA,MO-->LA,MO-->LA,MO-->LA,MO-->LA,MO-->LA,MO-->LA,MO-->LA,MO-->LA
LV,LVA,Latvia,Riga,Europe,Northern Europe,,LV-->MO,LV-->MO,LV-->MO,LV-->MO,LV-->MO,LV-->MO,LV-->MO,LV-->MO,LV-->MO,LV-->MO,LV-->MO,LV-->MO,LV-->MO,LV-->MO,LV-->MO,LV-->MO,LV-->MO,LV-->MO,LV-->MO,,,,,,,,,,,,,,,,,MO-->LV,MO-->LV,MO-->LV,MO-->LV,MO-->LV,MO-->LV,MO-->LV,MO-->LV,MO-->LV,MO-->LV,MO-->LV,MO-->LV,MO-->LV,MO-->LV,MO-->LV,MO-->LV,MO-->LV,MO-->LV,MO-->LV
LB,LBN,Lebanon,Beirut,Asia,Western Asia,,LB-->MO,LB-->MO,LB-->MO,LB-->MO,LB-->MO,LB-->MO,LB-->MO,LB-->MO,LB-->MO,LB-->MO,LB-->MO,LB-->MO,LB-->MO,LB-->MO,LB-->MO,LB-->MO,LB-->MO,LB-->MO,LB-->MO,,,,,,,,,,,,,,,,,MO-->LB,MO-->LB,MO-->LB,MO-->LB,MO-->LB,MO-->LB,MO-->LB,MO-->LB,MO-->LB,MO-->LB,MO-->LB,MO-->LB,MO-->LB,MO-->LB,MO-->LB,MO-->LB,MO-->LB,MO-->LB,MO-->LB
LS,LSO,Lesotho,Maseru,Africa,Southern Africa,,LS-->MO,LS-->MO,LS-->MO,LS-->MO,LS-->MO,LS-->MO,LS-->MO,LS-->MO,LS-->MO,LS-->MO,LS-->MO,LS-->MO,LS-->MO,LS-->MO,LS-->MO,LS-->MO,LS-->MO,LS-->MO,LS-->MO,,,,,,,,,,,,,,,,,MO-->LS,MO-->LS,MO-->LS,MO-->LS,MO-->LS,MO-->LS,MO-->LS,MO-->LS,MO-->LS,MO-->LS,MO-->LS,MO-->LS,MO-->LS,MO-->LS,MO-->LS,MO-->LS,MO-->LS,MO-->LS,MO-->LS
LR,LBR,Liberia,Monrovia,Africa,Western Africa,,LR-->MO,LR-->MO,LR-->MO,LR-->MO,LR-->MO,LR-->MO,LR-->MO,LR-->MO,LR-->MO,LR-->MO,LR-->MO,LR-->MO,LR-->MO,LR-->MO,LR-->MO,LR-->MO,LR-->MO,LR-->MO,LR-->MO,,,,,,,,,,,,,,,,,MO-->LR,MO-->LR,MO-->LR,MO-->LR,MO-->LR,MO-->LR,MO-->LR,MO-->LR,MO-->LR,MO-->LR,MO-->LR,MO-->LR,MO-->LR,MO-->LR,MO-->LR,MO-->LR,MO-->LR,MO-->LR,MO-->LR
LY,LBY,Libya,Tripoli,Africa,Northern Africa,,LY-->MO,LY-->MO,LY-->MO,LY-->MO,LY-->MO,LY-->MO,LY-->MO,LY-->MO,LY-->MO,LY-->MO,LY-->MO,LY-->MO,LY-->MO,LY-->MO,LY-->MO,LY-->MO,LY-->MO,LY-->MO,LY-->MO,,,,,,,,,,,,,,,,,MO-->LY,MO-->LY,MO-->LY,MO-->LY,MO-->LY,MO-->LY,MO-->LY,MO-->LY,MO-->LY,MO-->LY,MO-->LY,MO-->LY,MO-->LY,MO-->LY,MO-->LY,MO-->LY,MO-->LY,MO-->LY,MO-->LY
LI,LIE,Liechtenstein,Vaduz,Europe,Western Europe,,LI-->MO,LI-->MO,LI-->MO,LI-->MO,LI-->MO,LI-->MO,LI-->MO,LI-->MO,LI-->MO,LI-->MO,LI-->MO,LI-->MO,LI-->MO,LI-->MO,LI-->MO,LI-->MO,LI-->MO,LI-->MO,LI-->MO,,,,,,,,,,,,,,,,,MO-->LI,MO-->LI,MO-->LI,MO-->LI,MO-->LI,MO-->LI,MO-->LI,MO-->LI,MO-->LI,MO-->LI,MO-->LI,MO-->LI,MO-->LI,MO-->LI,MO-->LI,MO-->LI,MO-->LI,MO-->LI,MO-->LI
LT,LTU,Lithuania,Vilnius,Europe,Northern Europe,,LT-->MO,LT-->MO,LT-->MO,LT-->MO,LT-->MO,LT-->MO,LT-->MO,LT-->MO,LT-->MO,LT-->MO,LT-->MO,LT-->MO,LT-->MO,LT-->MO,LT-->MO,LT-->MO,LT-->MO,LT-->MO,LT-->MO,,,,,,,,,,,,,,,,,MO-->LT,MO-->LT,MO-->LT,MO-->LT,MO-->LT,MO-->LT,MO-->LT,MO-->LT,MO-->LT,MO-->LT,MO-->LT,MO-->LT,MO-->LT,MO-->LT,MO-->LT,MO-->LT,MO-->LT,MO-->LT,MO-->LT
LU,LUX,Luxembourg,Luxembourg,Europe,Western Europe,,LU-->MO,LU-->MO,LU-->MO,LU-->MO,LU-->MO,LU-->MO,LU-->MO,LU-->MO,LU-->MO,LU-->MO,LU-->MO,LU-->MO,LU-->MO,LU-->MO,LU-->MO,LU-->MO,LU-->MO,LU-->MO,LU-->MO,,,,,,,,,,,,,,,,,MO-->LU,MO-->LU,MO-->LU,MO-->LU,MO-->LU,MO-->LU,MO-->LU,MO-->LU,MO-->LU,MO-->LU,MO-->LU,MO-->LU,MO-->LU,MO-->LU,MO-->LU,MO-->LU,MO-->LU,MO-->LU,MO-->LU
MO,MAC,Macau,,Asia,Eastern Asia,,MO-->MO,MO-->MO,MO-->MO,MO-->MO,MO-->MO,MO-->MO,MO-->MO,MO-->MO,MO-->MO,MO-->MO,MO-->MO,MO-->MO,MO-->MO,MO-->MO,MO-->MO,MO-->MO,MO-->MO,MO-->MO,MO-->MO,,,,,,,,,,,,,,,,,MO-->MO,MO-->MO,MO-->MO,MO-->MO,MO-->MO,MO-->MO,MO-->MO,MO-->MO,MO-->MO,MO-->MO,MO-->MO,MO-->MO,MO-->MO,MO-->MO,MO-->MO,MO-->MO,MO-->MO,MO-->MO,MO-->MO
MK,MKD,Republic of Macedonia,Skopje,Europe,Southern Europe,,MK-->MO,MK-->MO,MK-->MO,MK-->MO,MK-->MO,MK-->MO,MK-->MO,MK-->MO,MK-->MO,MK-->MO,MK-->MO,MK-->MO,MK-->MO,MK-->MO,MK-->MO,MK-->MO,MK-->MO,MK-->MO,MK-->MO,,,,,,,,,,,,,,,,,MO-->MK,MO-->MK,MO-->MK,MO-->MK,MO-->MK,MO-->MK,MO-->MK,MO-->MK,MO-->MK,MO-->MK,MO-->MK,MO-->MK,MO-->MK,MO-->MK,MO-->MK,MO-->MK,MO-->MK,MO-->MK,MO-->MK
MG,MDG,Madagascar,Antananarivo,Africa,Eastern Africa,,MG-->MO,MG-->MO,MG-->MO,MG-->MO,MG-->MO,MG-->MO,MG-->MO,MG-->MO,MG-->MO,MG-->MO,MG-->MO,MG-->MO,MG-->MO,MG-->MO,MG-->MO,MG-->MO,MG-->MO,MG-->MO,MG-->MO,,,,,,,,,,,,,,,,,MO-->MG,MO-->MG,MO-->MG,MO-->MG,MO-->MG,MO-->MG,MO-->MG,MO-->MG,MO-->MG,MO-->MG,MO-->MG,MO-->MG,MO-->MG,MO-->MG,MO-->MG,MO-->MG,MO-->MG,MO-->MG,MO-->MG
MW,MWI,Malawi,Lilongwe,Africa,Eastern Africa,,MW-->MO,MW-->MO,MW-->MO,MW-->MO,MW-->MO,MW-->MO,MW-->MO,MW-->MO,MW-->MO,MW-->MO,MW-->MO,MW-->MO,MW-->MO,MW-->MO,MW-->MO,MW-->MO,MW-->MO,MW-->MO,MW-->MO,,,,,,,,,,,,,,,,,MO-->MW,MO-->MW,MO-->MW,MO-->MW,MO-->MW,MO-->MW,MO-->MW,MO-->MW,MO-->MW,MO-->MW,MO-->MW,MO-->MW,MO-->MW,MO-->MW,MO-->MW,MO-->MW,MO-->MW,MO-->MW,MO-->MW
MY,MYS,Malaysia,Kuala Lumpur,Asia,South-Eastern Asia,,MY-->MO,MY-->MO,MY-->MO,MY-->MO,MY-->MO,MY-->MO,MY-->MO,MY-->MO,MY-->MO,MY-->MO,MY-->MO,MY-->MO,MY-->MO,MY-->MO,MY-->MO,MY-->MO,MY-->MO,MY-->MO,MY-->MO,,,,,,,,,,,,,,,,,MO-->MY,MO-->MY,MO-->MY,MO-->MY,MO-->MY,MO-->MY,MO-->MY,MO-->MY,MO-->MY,MO-->MY,MO-->MY,MO-->MY,MO-->MY,MO-->MY,MO-->MY,MO-->MY,MO-->MY,MO-->MY,MO-->MY
MV,MDV,Maldives,Malé,Asia,Southern Asia,,MV-->MO,MV-->MO,MV-->MO,MV-->MO,MV-->MO,MV-->MO,MV-->MO,MV-->MO,MV-->MO,MV-->MO,MV-->MO,MV-->MO,MV-->MO,MV-->MO,MV-->MO,MV-->MO,MV-->MO,MV-->MO,MV-->MO,,,,,,,,,,,,,,,,,MO-->MV,MO-->MV,MO-->MV,MO-->MV,MO-->MV,MO-->MV,MO-->MV,MO-->MV,MO-->MV,MO-->MV,MO-->MV,MO-->MV,MO-->MV,MO-->MV,MO-->MV,MO-->MV,MO-->MV,MO-->MV,MO-->MV
ML,MLI,Mali,Bamako,Africa,Western Africa,,ML-->MO,ML-->MO,ML-->MO,ML-->MO,ML-->MO,ML-->MO,ML-->MO,ML-->MO,ML-->MO,ML-->MO,ML-->MO,ML-->MO,ML-->MO,ML-->MO,ML-->MO,ML-->MO,ML-->MO,ML-->MO,ML-->MO,,,,,,,,,,,,,,,,,MO-->ML,MO-->ML,MO-->ML,MO-->ML,MO-->ML,MO-->ML,MO-->ML,MO-->ML,MO-->ML,MO-->ML,MO-->ML,MO-->ML,MO-->ML,MO-->ML,MO-->ML,MO-->ML,MO-->ML,MO-->ML,MO-->ML
MT,MLT,Malta,Valletta,Europe,Southern Europe,,MT-->MO,MT-->MO,MT-->MO,MT-->MO,MT-->MO,MT-->MO,MT-->MO,MT-->MO,MT-->MO,MT-->MO,MT-->MO,MT-->MO,MT-->MO,MT-->MO,MT-->MO,MT-->MO,MT-->MO,MT-->MO,MT-->MO,,,,,,,,,,,,,,,,,MO-->MT,MO-->MT,MO-->MT,MO-->MT,MO-->MT,MO-->MT,MO-->MT,MO-->MT,MO-->MT,MO-->MT,MO-->MT,MO-->MT,MO-->MT,MO-->MT,MO-->MT,MO-->MT,MO-->MT,MO-->MT,MO-->MT
MH,MHL,Marshall Islands,Majuro,Oceania,Micronesia,,MH-->MO,MH-->MO,MH-->MO,MH-->MO,MH-->MO,MH-->MO,MH-->MO,MH-->MO,MH-->MO,MH-->MO,MH-->MO,MH-->MO,MH-->MO,MH-->MO,MH-->MO,MH-->MO,MH-->MO,MH-->MO,MH-->MO,,,,,,,,,,,,,,,,,MO-->MH,MO-->MH,MO-->MH,MO-->MH,MO-->MH,MO-->MH,MO-->MH,MO-->MH,MO-->MH,MO-->MH,MO-->MH,MO-->MH,MO-->MH,MO-->MH,MO-->MH,MO-->MH,MO-->MH,MO-->MH,MO-->MH
MQ,MTQ,Martinique,Fort-de-France,Americas,Caribbean,,MQ-->MO,MQ-->MO,MQ-->MO,MQ-->MO,MQ-->MO,MQ-->MO,MQ-->MO,MQ-->MO,MQ-->MO,MQ-->MO,MQ-->MO,MQ-->MO,MQ-->MO,MQ-->MO,MQ-->MO,MQ-->MO,MQ-->MO,MQ-->MO,MQ-->MO,,,,,,,,,,,,,,,,,MO-->MQ,MO-->MQ,MO-->MQ,MO-->MQ,MO-->MQ,MO-->MQ,MO-->MQ,MO-->MQ,MO-->MQ,MO-->MQ,MO-->MQ,MO-->MQ,MO-->MQ,MO-->MQ,MO-->MQ,MO-->MQ,MO-->MQ,MO-->MQ,MO-->MQ
MR,MRT,Mauritania,Nouakchott,Africa,Western Africa,,MR-->MO,MR-->MO,MR-->MO,MR-->MO,MR-->MO,MR-->MO,MR-->MO,MR-->MO,MR-->MO,MR-->MO,MR-->MO,MR-->MO,MR-->MO,MR-->MO,MR-->MO,MR-->MO,MR-->MO,MR-->MO,MR-->MO,0.0,,,,,,,,,,,,,,,,MO-->MR,MO-->MR,MO-->MR,MO-->MR,MO-->MR,MO-->MR,MO-->MR,MO-->MR,MO-->MR,MO-->MR,MO-->MR,MO-->MR,MO-->MR,MO-->MR,MO-->MR,MO-->MR,MO-->MR,MO-->MR,MO-->MR
MU,MUS,Mauritius,Port Louis,Africa,Eastern Africa,,MU-->MO,MU-->MO,MU-->MO,MU-->MO,MU-->MO,MU-->MO,MU-->MO,MU-->MO,MU-->MO,MU-->MO,MU-->MO,MU-->MO,MU-->MO,MU-->MO,MU-->MO,MU-->MO,MU-->MO,MU-->MO,MU-->MO,,,,,,,,,,,,,,,,,MO-->MU,MO-->MU,MO-->MU,MO-->MU,MO-->MU,MO-->MU,MO-->MU,MO-->MU,MO-->MU,MO-->MU,MO-->MU,MO-->MU,MO-->MU,MO-->MU,MO-->MU,MO-->MU,MO-->MU,MO-->MU,MO-->MU
YT,MYT,Mayotte,Mamoudzou,Africa,Eastern Africa,,YT-->MO,YT-->MO,YT-->MO,YT-->MO,YT-->MO,YT-->MO,YT-->MO,YT-->MO,YT-->MO,YT-->MO,YT-->MO,YT-->MO,YT-->MO,YT-->MO,YT-->MO,YT-->MO,YT-->MO,YT-->MO,YT-->MO,,,,,,,,,,,,,,,,,MO-->YT,MO-->YT,MO-->YT,MO-->YT,MO-->YT,MO-->YT,MO-->YT,MO-->YT,MO-->YT,MO-->YT,MO-->YT,MO-->YT,MO-->YT,MO-->YT,MO-->YT,MO-->YT,MO-->YT,MO-->YT,MO-->YT
MX,MEX,Mexico,Mexico City,Americas,Central America,,MX-->MO,MX-->MO,MX-->MO,MX-->MO,MX-->MO,MX-->MO,MX-->MO,MX-->MO,MX-->MO,MX-->MO,MX-->MO,MX-->MO,MX-->MO,MX-->MO,MX-->MO,MX-->MO,MX-->MO,MX-->MO,MX-->MO,,,,,,,,,,,,,,,,,MO-->MX,MO-->MX,MO-->MX,MO-->MX,MO-->MX,MO-->MX,MO-->MX,MO-->MX,MO-->MX,MO-->MX,MO-->MX,MO-->MX,MO-->MX,MO-->MX,MO-->MX,MO-->MX,MO-->MX,MO-->MX,MO-->MX
FM,FSM,Federated States of Micronesia,Palikir,Oceania,Micronesia,,FM-->MO,FM-->MO,FM-->MO,FM-->MO,FM-->MO,FM-->MO,FM-->MO,FM-->MO,FM-->MO,FM-->MO,FM-->MO,FM-->MO,FM-->MO,FM-->MO,FM-->MO,FM-->MO,FM-->MO,FM-->MO,FM-->MO,,,,,,,,,,,,,,,,,MO-->FM,MO-->FM,MO-->FM,MO-->FM,MO-->FM,MO-->FM,MO-->FM,MO-->FM,MO-->FM,MO-->FM,MO-->FM,MO-->FM,MO-->FM,MO-->FM,MO-->FM,MO-->FM,MO-->FM,MO-->FM,MO-->FM
MD,MDA,Moldova,Chișinău,Europe,Eastern Europe,,MD-->MO,MD-->MO,MD-->MO,MD-->MO,MD-->MO,MD-->MO,MD-->MO,MD-->MO,MD-->MO,MD-->MO,MD-->MO,MD-->MO,MD-->MO,MD-->MO,MD-->MO,MD-->MO,MD-->MO,MD-->MO,MD-->MO,,,,,,,,,,,,,,,,,MO-->MD,MO-->MD,MO-->MD,MO-->MD,MO-->MD,MO-->MD,MO-->MD,MO-->MD,MO-->MD,MO-->MD,MO-->MD,MO-->MD,MO-->MD,MO-->MD,MO-->MD,MO-->MD,MO-->MD,MO-->MD,MO-->MD
MC,MCO,Monaco,Monaco,Europe,Western Europe,,MC-->MO,MC-->MO,MC-->MO,MC-->MO,MC-->MO,MC-->MO,MC-->MO,MC-->MO,MC-->MO,MC-->MO,MC-->MO,MC-->MO,MC-->MO,MC-->MO,MC-->MO,MC-->MO,MC-->MO,MC-->MO,MC-->MO,,,,,,,,,,,,,,,,,MO-->MC,MO-->MC,MO-->MC,MO-->MC,MO-->MC,MO-->MC,MO-->MC,MO-->MC,MO-->MC,MO-->MC,MO-->MC,MO-->MC,MO-->MC,MO-->MC,MO-->MC,MO-->MC,MO-->MC,MO-->MC,MO-->MC
MN,MNG,Mongolia,Ulan Bator,Asia,Eastern Asia,,MN-->MO,MN-->MO,MN-->MO,MN-->MO,MN-->MO,MN-->MO,MN-->MO,MN-->MO,MN-->MO,MN-->MO,MN-->MO,MN-->MO,MN-->MO,MN-->MO,MN-->MO,MN-->MO,MN-->MO,MN-->MO,MN-->MO,,,,,,,,,,,,,,,,,MO-->MN,MO-->MN,MO-->MN,MO-->MN,MO-->MN,MO-->MN,MO-->MN,MO-->MN,MO-->MN,MO-->MN,MO-->MN,MO-->MN,MO-->MN,MO-->MN,MO-->MN,MO-->MN,MO-->MN,MO-->MN,MO-->MN
ME,MNE,Montenegro,Podgorica,Europe,Southern Europe,,ME-->MO,ME-->MO,ME-->MO,ME-->MO,ME-->MO,ME-->MO,ME-->MO,ME-->MO,ME-->MO,ME-->MO,ME-->MO,ME-->MO,ME-->MO,ME-->MO,ME-->MO,ME-->MO,ME-->MO,ME-->MO,ME-->MO,,,,,,,,,,,,,,,,,MO-->ME,MO-->ME,MO-->ME,MO-->ME,MO-->ME,MO-->ME,MO-->ME,MO-->ME,MO-->ME,MO-->ME,MO-->ME,MO-->ME,MO-->ME,MO-->ME,MO-->ME,MO-->ME,MO-->ME,MO-->ME,MO-->ME
MS,MSR,Montserrat,Plymouth,Americas,Caribbean,,MS-->MO,MS-->MO,MS-->MO,MS-->MO,MS-->MO,MS-->MO,MS-->MO,MS-->MO,MS-->MO,MS-->MO,MS-->MO,MS-->MO,MS-->MO,MS-->MO,MS-->MO,MS-->MO,MS-->MO,MS-->MO,MS-->MO,,,,,,,,,,,,,,,,,MO-->MS,MO-->MS,MO-->MS,MO-->MS,MO-->MS,MO-->MS,MO-->MS,MO-->MS,MO-->MS,MO-->MS,MO-->MS,MO-->MS,MO-->MS,MO-->MS,MO-->MS,MO-->MS,MO-->MS,MO-->MS,MO-->MS
MA,MAR,Morocco,Rabat,Africa,Northern Africa,,MA-->MO,MA-->MO,MA-->MO,MA-->MO,MA-->MO,MA-->MO,MA-->MO,MA-->MO,MA-->MO,MA-->MO,MA-->MO,MA-->MO,MA-->MO,MA-->MO,MA-->MO,MA-->MO,MA-->MO,MA-->MO,MA-->MO,,,,,,,,,,,,,,,,,MO-->MA,MO-->MA,MO-->MA,MO-->MA,MO-->MA,MO-->MA,MO-->MA,MO-->MA,MO-->MA,MO-->MA,MO-->MA,MO-->MA,MO-->MA,MO-->MA,MO-->MA,MO-->MA,MO-->MA,MO-->MA,MO-->MA
MZ,MOZ,Mozambique,Maputo,Africa,Eastern Africa,,MZ-->MO,MZ-->MO,MZ-->MO,MZ-->MO,MZ-->MO,MZ-->MO,MZ-->MO,MZ-->MO,MZ-->MO,MZ-->MO,MZ-->MO,MZ-->MO,MZ-->MO,MZ-->MO,MZ-->MO,MZ-->MO,MZ-->MO,MZ-->MO,MZ-->MO,,,,,,,,,,,,,,,,,MO-->MZ,MO-->MZ,MO-->MZ,MO-->MZ,MO-->MZ,MO-->MZ,MO-->MZ,MO-->MZ,MO-->MZ,MO-->MZ,MO-->MZ,MO-->MZ,MO-->MZ,MO-->MZ,MO-->MZ,MO-->MZ,MO-->MZ,MO-->MZ,MO-->MZ
MM,MMR,Myanmar,Naypyidaw,Asia,South-Eastern Asia,,MM-->MO,MM-->MO,MM-->MO,MM-->MO,MM-->MO,MM-->MO,MM-->MO,MM-->MO,MM-->MO,MM-->MO,MM-->MO,MM-->MO,MM-->MO,MM-->MO,MM-->MO,MM-->MO,MM-->MO,MM-->MO,MM-->MO,,,,,,,,,,,,,,,,,MO-->MM,MO-->MM,MO-->MM,MO-->MM,MO-->MM,MO-->MM,MO-->MM,MO-->MM,MO-->MM,MO-->MM,MO-->MM,MO-->MM,MO-->MM,MO-->MM,MO-->MM,MO-->MM,MO-->MM,MO-->MM,MO-->MM
,NAM,Namibia,Windhoek,Africa,Southern Africa,,NA-->MO,NA-->MO,NA-->MO,NA-->MO,NA-->MO,NA-->MO,NA-->MO,NA-->MO,NA-->MO,NA-->MO,NA-->MO,NA-->MO,NA-->MO,NA-->MO,NA-->MO,NA-->MO,NA-->MO,NA-->MO,NA-->MO,,,,,,,,,,,,,,,,,MO-->NA,MO-->NA,MO-->NA,MO-->NA,MO-->NA,MO-->NA,MO-->NA,MO-->NA,MO-->NA,MO-->NA,MO-->NA,MO-->NA,MO-->NA,MO-->NA,MO-->NA,MO-->NA,MO-->NA,MO-->NA,MO-->NA
NR,NRU,Nauru,Yaren,Oceania,Micronesia,,NR-->MO,NR-->MO,NR-->MO,NR-->MO,NR-->MO,NR-->MO,NR-->MO,NR-->MO,NR-->MO,NR-->MO,NR-->MO,NR-->MO,NR-->MO,NR-->MO,NR-->MO,NR-->MO,NR-->MO,NR-->MO,NR-->MO,,,,,,,,,,,,,,,,,MO-->NR,MO-->NR,MO-->NR,MO-->NR,MO-->NR,MO-->NR,MO-->NR,MO-->NR,MO-->NR,MO-->NR,MO-->NR,MO-->NR,MO-->NR,MO-->NR,MO-->NR,MO-->NR,MO-->NR,MO-->NR,MO-->NR
NP,NPL,Nepal,Kathmandu,Asia,Southern Asia,,NP-->MO,NP-->MO,NP-->MO,NP-->MO,NP-->MO,NP-->MO,NP-->MO,NP-->MO,NP-->MO,NP-->MO,NP-->MO,NP-->MO,NP-->MO,NP-->MO,NP-->MO,NP-->MO,NP-->MO,NP-->MO,NP-->MO,,,,,,,,,,,,,,,,,MO-->NP,MO-->NP,MO-->NP,MO-->NP,MO-->NP,MO-->NP,MO-->NP,MO-->NP,MO-->NP,MO-->NP,MO-->NP,MO-->NP,MO-->NP,MO-->NP,MO-->NP,MO-->NP,MO-->NP,MO-->NP,MO-->NP
NL,NLD,Netherlands,Amsterdam,Europe,Western Europe,,NL-->MO,NL-->MO,NL-->MO,NL-->MO,NL-->MO,NL-->MO,NL-->MO,NL-->MO,NL-->MO,NL-->MO,NL-->MO,NL-->MO,NL-->MO,NL-->MO,NL-->MO,NL-->MO,NL-->MO,NL-->MO,NL-->MO,,,,,,,,,,,,,,,,,MO-->NL,MO-->NL,MO-->NL,MO-->NL,MO-->NL,MO-->NL,MO-->NL,MO-->NL,MO-->NL,MO-->NL,MO-->NL,MO-->NL,MO-->NL,MO-->NL,MO-->NL,MO-->NL,MO-->NL,MO-->NL,MO-->NL
NC,NCL,New Caledonia,Nouméa,Oceania,Melanesia,,NC-->MO,NC-->MO,NC-->MO,NC-->MO,NC-->MO,NC-->MO,NC-->MO,NC-->MO,NC-->MO,NC-->MO,NC-->MO,NC-->MO,NC-->MO,NC-->MO,NC-->MO,NC-->MO,NC-->MO,NC-->MO,NC-->MO,,,,,,,,,,,,,,,,,MO-->NC,MO-->NC,MO-->NC,MO-->NC,MO-->NC,MO-->NC,MO-->NC,MO-->NC,MO-->NC,MO-->NC,MO-->NC,MO-->NC,MO-->NC,MO-->NC,MO-->NC,MO-->NC,MO-->NC,MO-->NC,MO-->NC
NZ,NZL,New Zealand,Wellington,Oceania,Australia and New Zealand,,NZ-->MO,NZ-->MO,NZ-->MO,NZ-->MO,NZ-->MO,NZ-->MO,NZ-->MO,NZ-->MO,NZ-->MO,NZ-->MO,NZ-->MO,NZ-->MO,NZ-->MO,NZ-->MO,NZ-->MO,NZ-->MO,NZ-->MO,NZ-->MO,NZ-->MO,,,,,,,,,,,,,,,,,MO-->NZ,MO-->NZ,MO-->NZ,MO-->NZ,MO-->NZ,MO-->NZ,MO-->NZ,MO-->NZ,MO-->NZ,MO-->NZ,MO-->NZ,MO-->NZ,MO-->NZ,MO-->NZ,MO-->NZ,MO-->NZ,MO-->NZ,MO-->NZ,MO-->NZ
NI,NIC,Nicaragua,Managua,Americas,Central America,,NI-->MO,NI-->MO,NI-->MO,NI-->MO,NI-->MO,NI-->MO,NI-->MO,NI-->MO,NI-->MO,NI-->MO,NI-->MO,NI-->MO,NI-->MO,NI-->MO,NI-->MO,NI-->MO,NI-->MO,NI-->MO,NI-->MO,,,,,,,,,,,,,,,,,MO-->NI,MO-->NI,MO-->NI,MO-->NI,MO-->NI,MO-->NI,MO-->NI,MO-->NI,MO-->NI,MO-->NI,MO-->NI,MO-->NI,MO-->NI,MO-->NI,MO-->NI,MO-->NI,MO-->NI,MO-->NI,MO-->NI
NE,NER,Niger,Niamey,Africa,Western Africa,,NE-->MO,NE-->MO,NE-->MO,NE-->MO,NE-->MO,NE-->MO,NE-->MO,NE-->MO,NE-->MO,NE-->MO,NE-->MO,NE-->MO,NE-->MO,NE-->MO,NE-->MO,NE-->MO,NE-->MO,NE-->MO,NE-->MO,,,,,,,,,,,,,,,,,MO-->NE,MO-->NE,MO-->NE,MO-->NE,MO-->NE,MO-->NE,MO-->NE,MO-->NE,MO-->NE,MO-->NE,MO-->NE,MO-->NE,MO-->NE,MO-->NE,MO-->NE,MO-->NE,MO-->NE,MO-->NE,MO-->NE
NG,NGA,Nigeria,Abuja,Africa,Western Africa,,NG-->MO,NG-->MO,NG-->MO,NG-->MO,NG-->MO,NG-->MO,NG-->MO,NG-->MO,NG-->MO,NG-->MO,NG-->MO,NG-->MO,NG-->MO,NG-->MO,NG-->MO,NG-->MO,NG-->MO,NG-->MO,NG-->MO,,,,,,,,,,,,,,,,,MO-->NG,MO-->NG,MO-->NG,MO-->NG,MO-->NG,MO-->NG,MO-->NG,MO-->NG,MO-->NG,MO-->NG,MO-->NG,MO-->NG,MO-->NG,MO-->NG,MO-->NG,MO-->NG,MO-->NG,MO-->NG,MO-->NG
NU,NIU,Niue,Alofi,Oceania,Polynesia,,NU-->MO,NU-->MO,NU-->MO,NU-->MO,NU-->MO,NU-->MO,NU-->MO,NU-->MO,NU-->MO,NU-->MO,NU-->MO,NU-->MO,NU-->MO,NU-->MO,NU-->MO,NU-->MO,NU-->MO,NU-->MO,NU-->MO,,,,,,,,,,,,,,,,,MO-->NU,MO-->NU,MO-->NU,MO-->NU,MO-->NU,MO-->NU,MO-->NU,MO-->NU,MO-->NU,MO-->NU,MO-->NU,MO-->NU,MO-->NU,MO-->NU,MO-->NU,MO-->NU,MO-->NU,MO-->NU,MO-->NU
NF,NFK,Norfolk Island,Kingston,Oceania,Australia and New Zealand,,NF-->MO,NF-->MO,NF-->MO,NF-->MO,NF-->MO,NF-->MO,NF-->MO,NF-->MO,NF-->MO,NF-->MO,NF-->MO,NF-->MO,NF-->MO,NF-->MO,NF-->MO,NF-->MO,NF-->MO,NF-->MO,NF-->MO,,,,,,,,,,,,,,,,,MO-->NF,MO-->NF,MO-->NF,MO-->NF,MO-->NF,MO-->NF,MO-->NF,MO-->NF,MO-->NF,MO-->NF,MO-->NF,MO-->NF,MO-->NF,MO-->NF,MO-->NF,MO-->NF,MO-->NF,MO-->NF,MO-->NF
KP,PRK,North Korea,Pyongyang,Asia,Eastern Asia,,KP-->MO,KP-->MO,KP-->MO,KP-->MO,KP-->MO,KP-->MO,KP-->MO,KP-->MO,KP-->MO,KP-->MO,KP-->MO,KP-->MO,KP-->MO,KP-->MO,KP-->MO,KP-->MO,KP-->MO,KP-->MO,KP-->MO,,,,,,,,,,,,,,,,,MO-->KP,MO-->KP,MO-->KP,MO-->KP,MO-->KP,MO-->KP,MO-->KP,MO-->KP,MO-->KP,MO-->KP,MO-->KP,MO-->KP,MO-->KP,MO-->KP,MO-->KP,MO-->KP,MO-->KP,MO-->KP,MO-->KP
MP,MNP,Northern Mariana Islands,Saipan,Oceania,Micronesia,,MP-->MO,MP-->MO,MP-->MO,MP-->MO,MP-->MO,MP-->MO,MP-->MO,MP-->MO,MP-->MO,MP-->MO,MP-->MO,MP-->MO,MP-->MO,MP-->MO,MP-->MO,MP-->MO,MP-->MO,MP-->MO,MP-->MO,,,,,,,,,,,,,,,,,MO-->MP,MO-->MP,MO-->MP,MO-->MP,MO-->MP,MO-->MP,MO-->MP,MO-->MP,MO-->MP,MO-->MP,MO-->MP,MO-->MP,MO-->MP,MO-->MP,MO-->MP,MO-->MP,MO-->MP,MO-->MP,MO-->MP
NO,NOR,Norway,Oslo,Europe,Northern Europe,,NO-->MO,NO-->MO,NO-->MO,NO-->MO,NO-->MO,NO-->MO,NO-->MO,NO-->MO,NO-->MO,NO-->MO,NO-->MO,NO-->MO,NO-->MO,NO-->MO,NO-->MO,NO-->MO,NO-->MO,NO-->MO,NO-->MO,,,,,,,,,,,,,,,,,MO-->NO,MO-->NO,MO-->NO,MO-->NO,MO-->NO,MO-->NO,MO-->NO,MO-->NO,MO-->NO,MO-->NO,MO-->NO,MO-->NO,MO-->NO,MO-->NO,MO-->NO,MO-->NO,MO-->NO,MO-->NO,MO-->NO
OM,OMN,Oman,Muscat,Asia,Western Asia,,OM-->MO,OM-->MO,OM-->MO,OM-->MO,OM-->MO,OM-->MO,OM-->MO,OM-->MO,OM-->MO,OM-->MO,OM-->MO,OM-->MO,OM-->MO,OM-->MO,OM-->MO,OM-->MO,OM-->MO,OM-->MO,OM-->MO,,,,,,,,,,,,,,,,,MO-->OM,MO-->OM,MO-->OM,MO-->OM,MO-->OM,MO-->OM,MO-->OM,MO-->OM,MO-->OM,MO-->OM,MO-->OM,MO-->OM,MO-->OM,MO-->OM,MO-->OM,MO-->OM,MO-->OM,MO-->OM,MO-->OM
PK,PAK,Pakistan,Islamabad,Asia,Southern Asia,,PK-->MO,PK-->MO,PK-->MO,PK-->MO,PK-->MO,PK-->MO,PK-->MO,PK-->MO,PK-->MO,PK-->MO,PK-->MO,PK-->MO,PK-->MO,PK-->MO,PK-->MO,PK-->MO,PK-->MO,PK-->MO,PK-->MO,,,,,,,,,,,,,,,,,MO-->PK,MO-->PK,MO-->PK,MO-->PK,MO-->PK,MO-->PK,MO-->PK,MO-->PK,MO-->PK,MO-->PK,MO-->PK,MO-->PK,MO-->PK,MO-->PK,MO-->PK,MO-->PK,MO-->PK,MO-->PK,MO-->PK
PW,PLW,Palau,Ngerulmud,Oceania,Micronesia,,PW-->MO,PW-->MO,PW-->MO,PW-->MO,PW-->MO,PW-->MO,PW-->MO,PW-->MO,PW-->MO,PW-->MO,PW-->MO,PW-->MO,PW-->MO,PW-->MO,PW-->MO,PW-->MO,PW-->MO,PW-->MO,PW-->MO,,,,,,,,,,,,,,,,,MO-->PW,MO-->PW,MO-->PW,MO-->PW,MO-->PW,MO-->PW,MO-->PW,MO-->PW,MO-->PW,MO-->PW,MO-->PW,MO-->PW,MO-->PW,MO-->PW,MO-->PW,MO-->PW,MO-->PW,MO-->PW,MO-->PW
PS,PSE,Palestine,Ramallah,Asia,Western Asia,,PS-->MO,PS-->MO,PS-->MO,PS-->MO,PS-->MO,PS-->MO,PS-->MO,PS-->MO,PS-->MO,PS-->MO,PS-->MO,PS-->MO,PS-->MO,PS-->MO,PS-->MO,PS-->MO,PS-->MO,PS-->MO,PS-->MO,,,,,,,,,,,,,,,,,MO-->PS,MO-->PS,MO-->PS,MO-->PS,MO-->PS,MO-->PS,MO-->PS,MO-->PS,MO-->PS,MO-->PS,MO-->PS,MO-->PS,MO-->PS,MO-->PS,MO-->PS,MO-->PS,MO-->PS,MO-->PS,MO-->PS
PA,PAN,Panama,Panama City,Americas,Central America,,PA-->MO,PA-->MO,PA-->MO,PA-->MO,PA-->MO,PA-->MO,PA-->MO,PA-->MO,PA-->MO,PA-->MO,PA-->MO,PA-->MO,PA-->MO,PA-->MO,PA-->MO,PA-->MO,PA-->MO,PA-->MO,PA-->MO,,,,,,,,,,,,,,,,,MO-->PA,MO-->PA,MO-->PA,MO-->PA,MO-->PA,MO-->PA,MO-->PA,MO-->PA,MO-->PA,MO-->PA,MO-->PA,MO-->PA,MO-->PA,MO-->PA,MO-->PA,MO-->PA,MO-->PA,MO-->PA,MO-->PA
PG,PNG,Papua New Guinea,Port Moresby,Oceania,Melanesia,,PG-->MO,PG-->MO,PG-->MO,PG-->MO,PG-->MO,PG-->MO,PG-->MO,PG-->MO,PG-->MO,PG-->MO,PG-->MO,PG-->MO,PG-->MO,PG-->MO,PG-->MO,PG-->MO,PG-->MO,PG-->MO,PG-->MO,,,,,,,,,,,,,,,,,MO-->PG,MO-->PG,MO-->PG,MO-->PG,MO-->PG,MO-->PG,MO-->PG,MO-->PG,MO-->PG,MO-->PG,MO-->PG,MO-->PG,MO-->PG,MO-->PG,MO-->PG,MO-->PG,MO-->PG,MO-->PG,MO-->PG
PY,PRY,Paraguay,Asunción,Americas,South America,,PY-->MO,PY-->MO,PY-->MO,PY-->MO,PY-->MO,PY-->MO,PY-->MO,PY-->MO,PY-->MO,PY-->MO,PY-->MO,PY-->MO,PY-->MO,PY-->MO,PY-->MO,PY-->MO,PY-->MO,PY-->MO,PY-->MO,,,,,,,,,,,,,,,,,MO-->PY,MO-->PY,MO-->PY,MO-->PY,MO-->PY,MO-->PY,MO-->PY,MO-->PY,MO-->PY,MO-->PY,MO-->PY,MO-->PY,MO-->PY,MO-->PY,MO-->PY,MO-->PY,MO-->PY,MO-->PY,MO-->PY
PE,PER,Peru,Lima,Americas,South America,,PE-->MO,PE-->MO,PE-->MO,PE-->MO,PE-->MO,PE-->MO,PE-->MO,PE-->MO,PE-->MO,PE-->MO,PE-->MO,PE-->MO,PE-->MO,PE-->MO,PE-->MO,PE-->MO,PE-->MO,PE-->MO,PE-->MO,,,,,,,,,,,,,,,,,MO-->PE,MO-->PE,MO-->PE,MO-->PE,MO-->PE,MO-->PE,MO-->PE,MO-->PE,MO-->PE,MO-->PE,MO-->PE,MO-->PE,MO-->PE,MO-->PE,MO-->PE,MO-->PE,MO-->PE,MO-->PE,MO-->PE
PH,PHL,Philippines,Manila,Asia,South-Eastern Asia,,PH-->MO,PH-->MO,PH-->MO,PH-->MO,PH-->MO,PH-->MO,PH-->MO,PH-->MO,PH-->MO,PH-->MO,PH-->MO,PH-->MO,PH-->MO,PH-->MO,PH-->MO,PH-->MO,PH-->MO,PH-->MO,PH-->MO,,,,,,,,,,,,,,,,,MO-->PH,MO-->PH,MO-->PH,MO-->PH,MO-->PH,MO-->PH,MO-->PH,MO-->PH,MO-->PH,MO-->PH,MO-->PH,MO-->PH,MO-->PH,MO-->PH,MO-->PH,MO-->PH,MO-->PH,MO-->PH,MO-->PH
PN,PCN,Pitcairn Islands,Adamstown,Oceania,Polynesia,,PN-->MO,PN-->MO,PN-->MO,PN-->MO,PN-->MO,PN-->MO,PN-->MO,PN-->MO,PN-->MO,PN-->MO,PN-->MO,PN-->MO,PN-->MO,PN-->MO,PN-->MO,PN-->MO,PN-->MO,PN-->MO,PN-->MO,,,,,,,,,,,,,,,,,MO-->PN,MO-->PN,MO-->PN,MO-->PN,MO-->PN,MO-->PN,MO-->PN,MO-->PN,MO-->PN,MO-->PN,MO-->PN,MO-->PN,MO-->PN,MO-->PN,MO-->PN,MO-->PN,MO-->PN,MO-->PN,MO-->PN
PL,POL,Poland,Warsaw,Europe,Eastern Europe,,PL-->MO,PL-->MO,PL-->MO,PL-->MO,PL-->MO,PL-->MO,PL-->MO,PL-->MO,PL-->MO,PL-->MO,PL-->MO,PL-->MO,PL-->MO,PL-->MO,PL-->MO,PL-->MO,PL-->MO,PL-->MO,PL-->MO,,,,,,,,,,,,,,,,,MO-->PL,MO-->PL,MO-->PL,MO-->PL,MO-->PL,MO-->PL,MO-->PL,MO-->PL,MO-->PL,MO-->PL,MO-->PL,MO-->PL,MO-->PL,MO-->PL,MO-->PL,MO-->PL,MO-->PL,MO-->PL,MO-->PL
PT,PRT,Portugal,Lisbon,Europe,Southern Europe,,PT-->MO,PT-->MO,PT-->MO,PT-->MO,PT-->MO,PT-->MO,PT-->MO,PT-->MO,PT-->MO,PT-->MO,PT-->MO,PT-->MO,PT-->MO,PT-->MO,PT-->MO,PT-->MO,PT-->MO,PT-->MO,PT-->MO,,,,,,,,,,,,,,,,,MO-->PT,MO-->PT,MO-->PT,MO-->PT,MO-->PT,MO-->PT,MO-->PT,MO-->PT,MO-->PT,MO-->PT,MO-->PT,MO-->PT,MO-->PT,MO-->PT,MO-->PT,MO-->PT,MO-->PT,MO-->PT,MO-->PT
PR,PRI,Puerto Rico,San Juan,Americas,Caribbean,,PR-->MO,PR-->MO,PR-->MO,PR-->MO,PR-->MO,PR-->MO,PR-->MO,PR-->MO,PR-->MO,PR-->MO,PR-->MO,PR-->MO,PR-->MO,PR-->MO,PR-->MO,PR-->MO,PR-->MO,PR-->MO,PR-->MO,,,,,,,,,,,,,,,,,MO-->PR,MO-->PR,MO-->PR,MO-->PR,MO-->PR,MO-->PR,MO-->PR,MO-->PR,MO-->PR,MO-->PR,MO-->PR,MO-->PR,MO-->PR,MO-->PR,MO-->PR,MO-->PR,MO-->PR,MO-->PR,MO-->PR
QA,QAT,Qatar,Doha,Asia,Western Asia,,QA-->MO,QA-->MO,QA-->MO,QA-->MO,QA-->MO,QA-->MO,QA-->MO,QA-->MO,QA-->MO,QA-->MO,QA-->MO,QA-->MO,QA-->MO,QA-->MO,QA-->MO,QA-->MO,QA-->MO,QA-->MO,QA-->MO,,,,,,,,,,,,,,,,,MO-->QA,MO-->QA,MO-->QA,MO-->QA,MO-->QA,MO-->QA,MO-->QA,MO-->QA,MO-->QA,MO-->QA,MO-->QA,MO-->QA,MO-->QA,MO-->QA,MO-->QA,MO-->QA,MO-->QA,MO-->QA,MO-->QA
XK,KOS,Republic of Kosovo,Pristina,Europe,Eastern Europe,,XK-->MO,XK-->MO,XK-->MO,XK-->MO,XK-->MO,XK-->MO,XK-->MO,XK-->MO,XK-->MO,XK-->MO,XK-->MO,XK-->MO,XK-->MO,XK-->MO,XK-->MO,XK-->MO,XK-->MO,XK-->MO,XK-->MO,,,,,,,,,,,,,,,,,MO-->XK,MO-->XK,MO-->XK,MO-->XK,MO-->XK,MO-->XK,MO-->XK,MO-->XK,MO-->XK,MO-->XK,MO-->XK,MO-->XK,MO-->XK,MO-->XK,MO-->XK,MO-->XK,MO-->XK,MO-->XK,MO-->XK
RE,REU,Réunion,Saint-Denis,Africa,Eastern Africa,,RE-->MO,RE-->MO,RE-->MO,RE-->MO,RE-->MO,RE-->MO,RE-->MO,RE-->MO,RE-->MO,RE-->MO,RE-->MO,RE-->MO,RE-->MO,RE-->MO,RE-->MO,RE-->MO,RE-->MO,RE-->MO,RE-->MO,,,,,,,,,,,,,,,,,MO-->RE,MO-->RE,MO-->RE,MO-->RE,MO-->RE,MO-->RE,MO-->RE,MO-->RE,MO-->RE,MO-->RE,MO-->RE,MO-->RE,MO-->RE,MO-->RE,MO-->RE,MO-->RE,MO-->RE,MO-->RE,MO-->RE
RO,ROU,Romania,Bucharest,Europe,Eastern Europe,,RO-->MO,RO-->MO,RO-->MO,RO-->MO,RO-->MO,RO-->MO,RO-->MO,RO-->MO,RO-->MO,RO-->MO,RO-->MO,RO-->MO,RO-->MO,RO-->MO,RO-->MO,RO-->MO,RO-->MO,RO-->MO,RO-->MO,,,,,,,,,,,,,,,,,MO-->RO,MO-->RO,MO-->RO,MO-->RO,MO-->RO,MO-->RO,MO-->RO,MO-->RO,MO-->RO,MO-->RO,MO-->RO,MO-->RO,MO-->RO,MO-->RO,MO-->RO,MO-->RO,MO-->RO,MO-->RO,MO-->RO
RU,RUS,Russia,Moscow,Europe,Eastern Europe,,RU-->MO,RU-->MO,RU-->MO,RU-->MO,RU-->MO,RU-->MO,RU-->MO,RU-->MO,RU-->MO,RU-->MO,RU-->MO,RU-->MO,RU-->MO,RU-->MO,RU-->MO,RU-->MO,RU-->MO,RU-->MO,RU-->MO,,,,,,,,,,,,,,,,,MO-->RU,MO-->RU,MO-->RU,MO-->RU,MO-->RU,MO-->RU,MO-->RU,MO-->RU,MO-->RU,MO-->RU,MO-->RU,MO-->RU,MO-->RU,MO-->RU,MO-->RU,MO-->RU,MO-->RU,MO-->RU,MO-->RU
RW,RWA,Rwanda,Kigali,Africa,Eastern Africa,,RW-->MO,RW-->MO,RW-->MO,RW-->MO,RW-->MO,RW-->MO,RW-->MO,RW-->MO,RW-->MO,RW-->MO,RW-->MO,RW-->MO,RW-->MO,RW-->MO,RW-->MO,RW-->MO,RW-->MO,RW-->MO,RW-->MO,,,,,,,,,,,,,,,,,MO-->RW,MO-->RW,MO-->RW,MO-->RW,MO-->RW,MO-->RW,MO-->RW,MO-->RW,MO-->RW,MO-->RW,MO-->RW,MO-->RW,MO-->RW,MO-->RW,MO-->RW,MO-->RW,MO-->RW,MO-->RW,MO-->RW
BL,BLM,Saint Barthélemy,Gustavia,Americas,Caribbean,,BL-->MO,BL-->MO,BL-->MO,BL-->MO,BL-->MO,BL-->MO,BL-->MO,BL-->MO,BL-->MO,BL-->MO,BL-->MO,BL-->MO,BL-->MO,BL-->MO,BL-->MO,BL-->MO,BL-->MO,BL-->MO,BL-->MO,,,,,,,,,,,,,,,,,MO-->BL,MO-->BL,MO-->BL,MO-->BL,MO-->BL,MO-->BL,MO-->BL,MO-->BL,MO-->BL,MO-->BL,MO-->BL,MO-->BL,MO-->BL,MO-->BL,MO-->BL,MO-->BL,MO-->BL,MO-->BL,MO-->BL
SH,SHN,Saint Helena,Jamestown,Africa,Western Africa,,SH-->MO,SH-->MO,SH-->MO,SH-->MO,SH-->MO,SH-->MO,SH-->MO,SH-->MO,SH-->MO,SH-->MO,SH-->MO,SH-->MO,SH-->MO,SH-->MO,SH-->MO,SH-->MO,SH-->MO,SH-->MO,SH-->MO,,,,,,,,,,,,,,,,,MO-->SH,MO-->SH,MO-->SH,MO-->SH,MO-->SH,MO-->SH,MO-->SH,MO-->SH,MO-->SH,MO-->SH,MO-->SH,MO-->SH,MO-->SH,MO-->SH,MO-->SH,MO-->SH,MO-->SH,MO-->SH,MO-->SH
KN,KNA,Saint Kitts and Nevis,Basseterre,Americas,Caribbean,,KN-->MO,KN-->MO,KN-->MO,KN-->MO,KN-->MO,KN-->MO,KN-->MO,KN-->MO,KN-->MO,KN-->MO,KN-->MO,KN-->MO,KN-->MO,KN-->MO,KN-->MO,KN-->MO,KN-->MO,KN-->MO,KN-->MO,,,,,,,,,,,,,,,,,MO-->KN,MO-->KN,MO-->KN,MO-->KN,MO-->KN,MO-->KN,MO-->KN,MO-->KN,MO-->KN,MO-->KN,MO-->KN,MO-->KN,MO-->KN,MO-->KN,MO-->KN,MO-->KN,MO-->KN,MO-->KN,MO-->KN
LC,LCA,Saint Lucia,Castries,Americas,Caribbean,,LC-->MO,LC-->MO,LC-->MO,LC-->MO,LC-->MO,LC-->MO,LC-->MO,LC-->MO,LC-->MO,LC-->MO,LC-->MO,LC-->MO,LC-->MO,LC-->MO,LC-->MO,LC-->MO,LC-->MO,LC-->MO,LC-->MO,,,,,,,,,,,,,,,,,MO-->LC,MO-->LC,MO-->LC,MO-->LC,MO-->LC,MO-->LC,MO-->LC,MO-->LC,MO-->LC,MO-->LC,MO-->LC,MO-->LC,MO-->LC,MO-->LC,MO-->LC,MO-->LC,MO-->LC,MO-->LC,MO-->LC
MF,MAF,Saint Martin,Marigot,Americas,Caribbean,,MF-->MO,MF-->MO,MF-->MO,MF-->MO,MF-->MO,MF-->MO,MF-->MO,MF-->MO,MF-->MO,MF-->MO,MF-->MO,MF-->MO,MF-->MO,MF-->MO,MF-->MO,MF-->MO,MF-->MO,MF-->MO,MF-->MO,,,,,,,,,,,,,,,,,MO-->MF,MO-->MF,MO-->MF,MO-->MF,MO-->MF,MO-->MF,MO-->MF,MO-->MF,MO-->MF,MO-->MF,MO-->MF,MO-->MF,MO-->MF,MO-->MF,MO-->MF,MO-->MF,MO-->MF,MO-->MF,MO-->MF
PM,SPM,Saint Pierre and Miquelon,Saint-Pierre,Americas,Northern America,,PM-->MO,PM-->MO,PM-->MO,PM-->MO,PM-->MO,PM-->MO,PM-->MO,PM-->MO,PM-->MO,PM-->MO,PM-->MO,PM-->MO,PM-->MO,PM-->MO,PM-->MO,PM-->MO,PM-->MO,PM-->MO,PM-->MO,,,,,,,,,,,,,,,,,MO-->PM,MO-->PM,MO-->PM,MO-->PM,MO-->PM,MO-->PM,MO-->PM,MO-->PM,MO-->PM,MO-->PM,MO-->PM,MO-->PM,MO-->PM,MO-->PM,MO-->PM,MO-->PM,MO-->PM,MO-->PM,MO-->PM
VC,VCT,Saint Vincent and the Grenadines,Kingstown,Americas,Caribbean,,VC-->MO,VC-->MO,VC-->MO,VC-->MO,VC-->MO,VC-->MO,VC-->MO,VC-->MO,VC-->MO,VC-->MO,VC-->MO,VC-->MO,VC-->MO,VC-->MO,VC-->MO,VC-->MO,VC-->MO,VC-->MO,VC-->MO,,,,,,,,,,,,,,,,,MO-->VC,MO-->VC,MO-->VC,MO-->VC,MO-->VC,MO-->VC,MO-->VC,MO-->VC,MO-->VC,MO-->VC,MO-->VC,MO-->VC,MO-->VC,MO-->VC,MO-->VC,MO-->VC,MO-->VC,MO-->VC,MO-->VC
WS,WSM,Samoa,Apia,Oceania,Polynesia,,WS-->MO,WS-->MO,WS-->MO,WS-->MO,WS-->MO,WS-->MO,WS-->MO,WS-->MO,WS-->MO,WS-->MO,WS-->MO,WS-->MO,WS-->MO,WS-->MO,WS-->MO,WS-->MO,WS-->MO,WS-->MO,WS-->MO,,,,,,,,,,,,,,,,,MO-->WS,MO-->WS,MO-->WS,MO-->WS,MO-->WS,MO-->WS,MO-->WS,MO-->WS,MO-->WS,MO-->WS,MO-->WS,MO-->WS,MO-->WS,MO-->WS,MO-->WS,MO-->WS,MO-->WS,MO-->WS,MO-->WS
SM,SMR,San Marino,City of San Marino,Europe,Southern Europe,,SM-->MO,SM-->MO,SM-->MO,SM-->MO,SM-->MO,SM-->MO,SM-->MO,SM-->MO,SM-->MO,SM-->MO,SM-->MO,SM-->MO,SM-->MO,SM-->MO,SM-->MO,SM-->MO,SM-->MO,SM-->MO,SM-->MO,,,,,,,,,,,,,,,,,MO-->SM,MO-->SM,MO-->SM,MO-->SM,MO-->SM,MO-->SM,MO-->SM,MO-->SM,MO-->SM,MO-->SM,MO-->SM,MO-->SM,MO-->SM,MO-->SM,MO-->SM,MO-->SM,MO-->SM,MO-->SM,MO-->SM
ST,STP,São Tomé and Príncipe,São Tomé,Africa,Middle Africa,,ST-->MO,ST-->MO,ST-->MO,ST-->MO,ST-->MO,ST-->MO,ST-->MO,ST-->MO,ST-->MO,ST-->MO,ST-->MO,ST-->MO,ST-->MO,ST-->MO,ST-->MO,ST-->MO,ST-->MO,ST-->MO,ST-->MO,,,,,,,,,,,,,,,,,MO-->ST,MO-->ST,MO-->ST,MO-->ST,MO-->ST,MO-->ST,MO-->ST,MO-->ST,MO-->ST,MO-->ST,MO-->ST,MO-->ST,MO-->ST,MO-->ST,MO-->ST,MO-->ST,MO-->ST,MO-->ST,MO-->ST
SA,SAU,Saudi Arabia,Riyadh,Asia,Western Asia,,SA-->MO,SA-->MO,SA-->MO,SA-->MO,SA-->MO,SA-->MO,SA-->MO,SA-->MO,SA-->MO,SA-->MO,SA-->MO,SA-->MO,SA-->MO,SA-->MO,SA-->MO,SA-->MO,SA-->MO,SA-->MO,SA-->MO,,,,,,,,,,,,,,,,,MO-->SA,MO-->SA,MO-->SA,MO-->SA,MO-->SA,MO-->SA,MO-->SA,MO-->SA,MO-->SA,MO-->SA,MO-->SA,MO-->SA,MO-->SA,MO-->SA,MO-->SA,MO-->SA,MO-->SA,MO-->SA,MO-->SA
SN,SEN,Senegal,Dakar,Africa,Western Africa,,SN-->MO,SN-->MO,SN-->MO,SN-->MO,SN-->MO,SN-->MO,SN-->MO,SN-->MO,SN-->MO,SN-->MO,SN-->MO,SN-->MO,SN-->MO,SN-->MO,SN-->MO,SN-->MO,SN-->MO,SN-->MO,SN-->MO,,,,,,,,,,,,,,,,,MO-->SN,MO-->SN,MO-->SN,MO-->SN,MO-->SN,MO-->SN,MO-->SN,MO-->SN,MO-->SN,MO-->SN,MO-->SN,MO-->SN,MO-->SN,MO-->SN,MO-->SN,MO-->SN,MO-->SN,MO-->SN,MO-->SN
RS,SRB,Serbia,Belgrade,Europe,Southern Europe,,RS-->MO,RS-->MO,RS-->MO,RS-->MO,RS-->MO,RS-->MO,RS-->MO,RS-->MO,RS-->MO,RS-->MO,RS-->MO,RS-->MO,RS-->MO,RS-->MO,RS-->MO,RS-->MO,RS-->MO,RS-->MO,RS-->MO,,,,,,,,,,,,,,,,,MO-->RS,MO-->RS,MO-->RS,MO-->RS,MO-->RS,MO-->RS,MO-->RS,MO-->RS,MO-->RS,MO-->RS,MO-->RS,MO-->RS,MO-->RS,MO-->RS,MO-->RS,MO-->RS,MO-->RS,MO-->RS,MO-->RS
SC,SYC,Seychelles,Victoria,Africa,Eastern Africa,,SC-->MO,SC-->MO,SC-->MO,SC-->MO,SC-->MO,SC-->MO,SC-->MO,SC-->MO,SC-->MO,SC-->MO,SC-->MO,SC-->MO,SC-->MO,SC-->MO,SC-->MO,SC-->MO,SC-->MO,SC-->MO,SC-->MO,,,,,,,,,,,,,,,,,MO-->SC,MO-->SC,MO-->SC,MO-->SC,MO-->SC,MO-->SC,MO-->SC,MO-->SC,MO-->SC,MO-->SC,MO-->SC,MO-->SC,MO-->SC,MO-->SC,MO-->SC,MO-->SC,MO-->SC,MO-->SC,MO-->SC
SL,SLE,Sierra Leone,Freetown,Africa,Western Africa,,SL-->MO,SL-->MO,SL-->MO,SL-->MO,SL-->MO,SL-->MO,SL-->MO,SL-->MO,SL-->MO,SL-->MO,SL-->MO,SL-->MO,SL-->MO,SL-->MO,SL-->MO,SL-->MO,SL-->MO,SL-->MO,SL-->MO,,,,,,,,,,,,,,,,,MO-->SL,MO-->SL,MO-->SL,MO-->SL,MO-->SL,MO-->SL,MO-->SL,MO-->SL,MO-->SL,MO-->SL,MO-->SL,MO-->SL,MO-->SL,MO-->SL,MO-->SL,MO-->SL,MO-->SL,MO-->SL,MO-->SL
SG,SGP,Singapore,Singapore,Asia,South-Eastern Asia,,SG-->MO,SG-->MO,SG-->MO,SG-->MO,SG-->MO,SG-->MO,SG-->MO,SG-->MO,SG-->MO,SG-->MO,SG-->MO,SG-->MO,SG-->MO,SG-->MO,SG-->MO,SG-->MO,SG-->MO,SG-->MO,SG-->MO,,,,,,,,,,,,,,,,,MO-->SG,MO-->SG,MO-->SG,MO-->SG,MO-->SG,MO-->SG,MO-->SG,MO-->SG,MO-->SG,MO-->SG,MO-->SG,MO-->SG,MO-->SG,MO-->SG,MO-->SG,MO-->SG,MO-->SG,MO-->SG,MO-->SG
SX,SXM,Sint Maarten,Philipsburg,Americas,Caribbean,,SX-->MO,SX-->MO,SX-->MO,SX-->MO,SX-->MO,SX-->MO,SX-->MO,SX-->MO,SX-->MO,SX-->MO,SX-->MO,SX-->MO,SX-->MO,SX-->MO,SX-->MO,SX-->MO,SX-->MO,SX-->MO,SX-->MO,,,,,,,,,,,,,,,,,MO-->SX,MO-->SX,MO-->SX,MO-->SX,MO-->SX,MO-->SX,MO-->SX,MO-->SX,MO-->SX,MO-->SX,MO-->SX,MO-->SX,MO-->SX,MO-->SX,MO-->SX,MO-->SX,MO-->SX,MO-->SX,MO-->SX
SK,SVK,Slovakia,Bratislava,Europe,Eastern Europe,,SK-->MO,SK-->MO,SK-->MO,SK-->MO,SK-->MO,SK-->MO,SK-->MO,SK-->MO,SK-->MO,SK-->MO,SK-->MO,SK-->MO,SK-->MO,SK-->MO,SK-->MO,SK-->MO,SK-->MO,SK-->MO,SK-->MO,,,,,,,,,,,,,,,,,MO-->SK,MO-->SK,MO-->SK,MO-->SK,MO-->SK,MO-->SK,MO-->SK,MO-->SK,MO-->SK,MO-->SK,MO-->SK,MO-->SK,MO-->SK,MO-->SK,MO-->SK,MO-->SK,MO-->SK,MO-->SK,MO-->SK
SI,SVN,Slovenia,Ljubljana,Europe,Southern Europe,,SI-->MO,SI-->MO,SI-->MO,SI-->MO,SI-->MO,SI-->MO,SI-->MO,SI-->MO,SI-->MO,SI-->MO,SI-->MO,SI-->MO,SI-->MO,SI-->MO,SI-->MO,SI-->MO,SI-->MO,SI-->MO,SI-->MO,,,,,,,,,,,,,,,,,MO-->SI,MO-->SI,MO-->SI,MO-->SI,MO-->SI,MO-->SI,MO-->SI,MO-->SI,MO-->SI,MO-->SI,MO-->SI,MO-->SI,MO-->SI,MO-->SI,MO-->SI,MO-->SI,MO-->SI,MO-->SI,MO-->SI
SB,SLB,Solomon Islands,Honiara,Oceania,Melanesia,,SB-->MO,SB-->MO,SB-->MO,SB-->MO,SB-->MO,SB-->MO,SB-->MO,SB-->MO,SB-->MO,SB-->MO,SB-->MO,SB-->MO,SB-->MO,SB-->MO,SB-->MO,SB-->MO,SB-->MO,SB-->MO,SB-->MO,,,,,,,,,,,,,,,,,MO-->SB,MO-->SB,MO-->SB,MO-->SB,MO-->SB,MO-->SB,MO-->SB,MO-->SB,MO-->SB,MO-->SB,MO-->SB,MO-->SB,MO-->SB,MO-->SB,MO-->SB,MO-->SB,MO-->SB,MO-->SB,MO-->SB
SO,SOM,Somalia,Mogadishu,Africa,Eastern Africa,,SO-->MO,SO-->MO,SO-->MO,SO-->MO,SO-->MO,SO-->MO,SO-->MO,SO-->MO,SO-->MO,SO-->MO,SO-->MO,SO-->MO,SO-->MO,SO-->MO,SO-->MO,SO-->MO,SO-->MO,SO-->MO,SO-->MO,,,,,,,,,,,,,,,,,MO-->SO,MO-->SO,MO-->SO,MO-->SO,MO-->SO,MO-->SO,MO-->SO,MO-->SO,MO-->SO,MO-->SO,MO-->SO,MO-->SO,MO-->SO,MO-->SO,MO-->SO,MO-->SO,MO-->SO,MO-->SO,MO-->SO
ZA,ZAF,South Africa,Pretoria,Africa,Southern Africa,,ZA-->MO,ZA-->MO,ZA-->MO,ZA-->MO,ZA-->MO,ZA-->MO,ZA-->MO,ZA-->MO,ZA-->MO,ZA-->MO,ZA-->MO,ZA-->MO,ZA-->MO,ZA-->MO,ZA-->MO,ZA-->MO,ZA-->MO,ZA-->MO,ZA-->MO,,,,,,,,,,,,,,,,,MO-->ZA,MO-->ZA,MO-->ZA,MO-->ZA,MO-->ZA,MO-->ZA,MO-->ZA,MO-->ZA,MO-->ZA,MO-->ZA,MO-->ZA,MO-->ZA,MO-->ZA,MO-->ZA,MO-->ZA,MO-->ZA,MO-->ZA,MO-->ZA,MO-->ZA
GS,SGS,South Georgia,King Edward Point,Americas,South America,,GS-->MO,GS-->MO,GS-->MO,GS-->MO,GS-->MO,GS-->MO,GS-->MO,GS-->MO,GS-->MO,GS-->MO,GS-->MO,GS-->MO,GS-->MO,GS-->MO,GS-->MO,GS-->MO,GS-->MO,GS-->MO,GS-->MO,,,,,,,,,,,,,,,,,MO-->GS,MO-->GS,MO-->GS,MO-->GS,MO-->GS,MO-->GS,MO-->GS,MO-->GS,MO-->GS,MO-->GS,MO-->GS,MO-->GS,MO-->GS,MO-->GS,MO-->GS,MO-->GS,MO-->GS,MO-->GS,MO-->GS
KR,KOR,South Korea,Seoul,Asia,Eastern Asia,,KR-->MO,KR-->MO,KR-->MO,KR-->MO,KR-->MO,KR-->MO,KR-->MO,KR-->MO,KR-->MO,KR-->MO,KR-->MO,KR-->MO,KR-->MO,KR-->MO,KR-->MO,KR-->MO,KR-->MO,KR-->MO,KR-->MO,,,,,,,,,,,,,,,,,MO-->KR,MO-->KR,MO-->KR,MO-->KR,MO-->KR,MO-->KR,MO-->KR,MO-->KR,MO-->KR,MO-->KR,MO-->KR,MO-->KR,MO-->KR,MO-->KR,MO-->KR,MO-->KR,MO-->KR,MO-->KR,MO-->KR
SS,SSD,South Sudan,Juba,Africa,Middle Africa,,SS-->MO,SS-->MO,SS-->MO,SS-->MO,SS-->MO,SS-->MO,SS-->MO,SS-->MO,SS-->MO,SS-->MO,SS-->MO,SS-->MO,SS-->MO,SS-->MO,SS-->MO,SS-->MO,SS-->MO,SS-->MO,SS-->MO,,,,,,,,,,,,,,,,,MO-->SS,MO-->SS,MO-->SS,MO-->SS,MO-->SS,MO-->SS,MO-->SS,MO-->SS,MO-->SS,MO-->SS,MO-->SS,MO-->SS,MO-->SS,MO-->SS,MO-->SS,MO-->SS,MO-->SS,MO-->SS,MO-->SS
ES,ESP,Spain,Madrid,Europe,Southern Europe,,ES-->MO,ES-->MO,ES-->MO,ES-->MO,ES-->MO,ES-->MO,ES-->MO,ES-->MO,ES-->MO,ES-->MO,ES-->MO,ES-->MO,ES-->MO,ES-->MO,ES-->MO,ES-->MO,ES-->MO,ES-->MO,ES-->MO,,,,,,,,,,,,,,,,,MO-->ES,MO-->ES,MO-->ES,MO-->ES,MO-->ES,MO-->ES,MO-->ES,MO-->ES,MO-->ES,MO-->ES,MO-->ES,MO-->ES,MO-->ES,MO-->ES,MO-->ES,MO-->ES,MO-->ES,MO-->ES,MO-->ES
LK,LKA,Sri Lanka,Colombo,Asia,Southern Asia,,LK-->MO,LK-->MO,LK-->MO,LK-->MO,LK-->MO,LK-->MO,LK-->MO,LK-->MO,LK-->MO,LK-->MO,LK-->MO,LK-->MO,LK-->MO,LK-->MO,LK-->MO,LK-->MO,LK-->MO,LK-->MO,LK-->MO,,,,,,,,,,,,,,,,,MO-->LK,MO-->LK,MO-->LK,MO-->LK,MO-->LK,MO-->LK,MO-->LK,MO-->LK,MO-->LK,MO-->LK,MO-->LK,MO-->LK,MO-->LK,MO-->LK,MO-->LK,MO-->LK,MO-->LK,MO-->LK,MO-->LK
SD,SDN,Sudan,Khartoum,Africa,Northern Africa,,SD-->MO,SD-->MO,SD-->MO,SD-->MO,SD-->MO,SD-->MO,SD-->MO,SD-->MO,SD-->MO,SD-->MO,SD-->MO,SD-->MO,SD-->MO,SD-->MO,SD-->MO,SD-->MO,SD-->MO,SD-->MO,SD-->MO,,,,,,,,,,,,,,,,,MO-->SD,MO-->SD,MO-->SD,MO-->SD,MO-->SD,MO-->SD,MO-->SD,MO-->SD,MO-->SD,MO-->SD,MO-->SD,MO-->SD,MO-->SD,MO-->SD,MO-->SD,MO-->SD,MO-->SD,MO-->SD,MO-->SD
SR,SUR,Suriname,Paramaribo,Americas,South America,,SR-->MO,SR-->MO,SR-->MO,SR-->MO,SR-->MO,SR-->MO,SR-->MO,SR-->MO,SR-->MO,SR-->MO,SR-->MO,SR-->MO,SR-->MO,SR-->MO,SR-->MO,SR-->MO,SR-->MO,SR-->MO,SR-->MO,,,,,,,,,,,,,,,,,MO-->SR,MO-->SR,MO-->SR,MO-->SR,MO-->SR,MO-->SR,MO-->SR,MO-->SR,MO-->SR,MO-->SR,MO-->SR,MO-->SR,MO-->SR,MO-->SR,MO-->SR,MO-->SR,MO-->SR,MO-->SR,MO-->SR
SJ,SJM,Svalbard and Jan Mayen,Longyearbyen,Europe,Northern Europe,,SJ-->MO,SJ-->MO,SJ-->MO,SJ-->MO,SJ-->MO,SJ-->MO,SJ-->MO,SJ-->MO,SJ-->MO,SJ-->MO,SJ-->MO,SJ-->MO,SJ-->MO,SJ-->MO,SJ-->MO,SJ-->MO,SJ-->MO,SJ-->MO,SJ-->MO,,,,,,,,,,,,,,,,,MO-->SJ,MO-->SJ,MO-->SJ,MO-->SJ,MO-->SJ,MO-->SJ,MO-->SJ,MO-->SJ,MO-->SJ,MO-->SJ,MO-->SJ,MO-->SJ,MO-->SJ,MO-->SJ,MO-->SJ,MO-->SJ,MO-->SJ,MO-->SJ,MO-->SJ
SZ,SWZ,Swaziland,Lobamba,Africa,Southern Africa,,SZ-->MO,SZ-->MO,SZ-->MO,SZ-->MO,SZ-->MO,SZ-->MO,SZ-->MO,SZ-->MO,SZ-->MO,SZ-->MO,SZ-->MO,SZ-->MO,SZ-->MO,SZ-->MO,SZ-->MO,SZ-->MO,SZ-->MO,SZ-->MO,SZ-->MO,,,,,,,,,,,,,,,,,MO-->SZ,MO-->SZ,MO-->SZ,MO-->SZ,MO-->SZ,MO-->SZ,MO-->SZ,MO-->SZ,MO-->SZ,MO-->SZ,MO-->SZ,MO-->SZ,MO-->SZ,MO-->SZ,MO-->SZ,MO-->SZ,MO-->SZ,MO-->SZ,MO-->SZ
SE,SWE,Sweden,Stockholm,Europe,Northern Europe,,SE-->MO,SE-->MO,SE-->MO,SE-->MO,SE-->MO,SE-->MO,SE-->MO,SE-->MO,SE-->MO,SE-->MO,SE-->MO,SE-->MO,SE-->MO,SE-->MO,SE-->MO,SE-->MO,SE-->MO,SE-->MO,SE-->MO,,,,,,,,,,,,,,,,,MO-->SE,MO-->SE,MO-->SE,MO-->SE,MO-->SE,MO-->SE,MO-->SE,MO-->SE,MO-->SE,MO-->SE,MO-->SE,MO-->SE,MO-->SE,MO-->SE,MO-->SE,MO-->SE,MO-->SE,MO-->SE,MO-->SE
CH,CHE,Switzerland,Bern,Europe,Western Europe,,CH-->MO,CH-->MO,CH-->MO,CH-->MO,CH-->MO,CH-->MO,CH-->MO,CH-->MO,CH-->MO,CH-->MO,CH-->MO,CH-->MO,CH-->MO,CH-->MO,CH-->MO,CH-->MO,CH-->MO,CH-->MO,CH-->MO,,,,,,,,,,,,,,,,,MO-->CH,MO-->CH,MO-->CH,MO-->CH,MO-->CH,MO-->CH,MO-->CH,MO-->CH,MO-->CH,MO-->CH,MO-->CH,MO-->CH,MO-->CH,MO-->CH,MO-->CH,MO-->CH,MO-->CH,MO-->CH,MO-->CH
SY,SYR,Syria,Damascus,Asia,Western Asia,,SY-->MO,SY-->MO,SY-->MO,SY-->MO,SY-->MO,SY-->MO,SY-->MO,SY-->MO,SY-->MO,SY-->MO,SY-->MO,SY-->MO,SY-->MO,SY-->MO,SY-->MO,SY-->MO,SY-->MO,SY-->MO,SY-->MO,,,,,,,,,,,,,,,,,MO-->SY,MO-->SY,MO-->SY,MO-->SY,MO-->SY,MO-->SY,MO-->SY,MO-->SY,MO-->SY,MO-->SY,MO-->SY,MO-->SY,MO-->SY,MO-->SY,MO-->SY,MO-->SY,MO-->SY,MO-->SY,MO-->SY
TW,TWN,Taiwan,Taipei,Asia,Eastern Asia,,TW-->MO,TW-->MO,TW-->MO,TW-->MO,TW-->MO,TW-->MO,TW-->MO,TW-->MO,TW-->MO,TW-->MO,TW-->MO,TW-->MO,TW-->MO,TW-->MO,TW-->MO,TW-->MO,TW-->MO,TW-->MO,TW-->MO,,,,,,,,,,,,,,,,,MO-->TW,MO-->TW,MO-->TW,MO-->TW,MO-->TW,MO-->TW,MO-->TW,MO-->TW,MO-->TW,MO-->TW,MO-->TW,MO-->TW,MO-->TW,MO-->TW,MO-->TW,MO-->TW,MO-->TW,MO-->TW,MO-->TW
TJ,TJK,Tajikistan,Dushanbe,Asia,Central Asia,,TJ-->MO,TJ-->MO,TJ-->MO,TJ-->MO,TJ-->MO,TJ-->MO,TJ-->MO,TJ-->MO,TJ-->MO,TJ-->MO,TJ-->MO,TJ-->MO,TJ-->MO,TJ-->MO,TJ-->MO,TJ-->MO,TJ-->MO,TJ-->MO,TJ-->MO,,,,,,,,,,,,,,,,,MO-->TJ,MO-->TJ,MO-->TJ,MO-->TJ,MO-->TJ,MO-->TJ,MO-->TJ,MO-->TJ,MO-->TJ,MO-->TJ,MO-->TJ,MO-->TJ,MO-->TJ,MO-->TJ,MO-->TJ,MO-->TJ,MO-->TJ,MO-->TJ,MO-->TJ
TZ,TZA,Tanzania,Dodoma,Africa,Eastern Africa,,TZ-->MO,TZ-->MO,TZ-->MO,TZ-->MO,TZ-->MO,TZ-->MO,TZ-->MO,TZ-->MO,TZ-->MO,TZ-->MO,TZ-->MO,TZ-->MO,TZ-->MO,TZ-->MO,TZ-->MO,TZ-->MO,TZ-->MO,TZ-->MO,TZ-->MO,,,,,,,,,,,,,,,,,MO-->TZ,MO-->TZ,MO-->TZ,MO-->TZ,MO-->TZ,MO-->TZ,MO-->TZ,MO-->TZ,MO-->TZ,MO-->TZ,MO-->TZ,MO-->TZ,MO-->TZ,MO-->TZ,MO-->TZ,MO-->TZ,MO-->TZ,MO-->TZ,MO-->TZ
TH,THA,Thailand,Bangkok,Asia,South-Eastern Asia,,TH-->MO,TH-->MO,TH-->MO,TH-->MO,TH-->MO,TH-->MO,TH-->MO,TH-->MO,TH-->MO,TH-->MO,TH-->MO,TH-->MO,TH-->MO,TH-->MO,TH-->MO,TH-->MO,TH-->MO,TH-->MO,TH-->MO,,,,,,,,,,,,,,,,,MO-->TH,MO-->TH,MO-->TH,MO-->TH,MO-->TH,MO-->TH,MO-->TH,MO-->TH,MO-->TH,MO-->TH,MO-->TH,MO-->TH,MO-->TH,MO-->TH,MO-->TH,MO-->TH,MO-->TH,MO-->TH,MO-->TH
TL,TLS,East Timor,Dili,Asia,South-Eastern Asia,,TL-->MO,TL-->MO,TL-->MO,TL-->MO,TL-->MO,TL-->MO,TL-->MO,TL-->MO,TL-->MO,TL-->MO,TL-->MO,TL-->MO,TL-->MO,TL-->MO,TL-->MO,TL-->MO,TL-->MO,TL-->MO,TL-->MO,,,,,,,,,,,,,,,,,MO-->TL,MO-->TL,MO-->TL,MO-->TL,MO-->TL,MO-->TL,MO-->TL,MO-->TL,MO-->TL,MO-->TL,MO-->TL,MO-->TL,MO-->TL,MO-->TL,MO-->TL,MO-->TL,MO-->TL,MO-->TL,MO-->TL
TG,TGO,Togo,Lomé,Africa,Western Africa,,TG-->MO,TG-->MO,TG-->MO,TG-->MO,TG-->MO,TG-->MO,TG-->MO,TG-->MO,TG-->MO,TG-->MO,TG-->MO,TG-->MO,TG-->MO,TG-->MO,TG-->MO,TG-->MO,TG-->MO,TG-->MO,TG-->MO,,,,,,,,,,,,,,,,,MO-->TG,MO-->TG,MO-->TG,MO-->TG,MO-->TG,MO-->TG,MO-->TG,MO-->TG,MO-->TG,MO-->TG,MO-->TG,MO-->TG,MO-->TG,MO-->TG,MO-->TG,MO-->TG,MO-->TG,MO-->TG,MO-->TG
TK,TKL,Tokelau,Fakaofo,Oceania,Polynesia,,TK-->MO,TK-->MO,TK-->MO,TK-->MO,TK-->MO,TK-->MO,TK-->MO,TK-->MO,TK-->MO,TK-->MO,TK-->MO,TK-->MO,TK-->MO,TK-->MO,TK-->MO,TK-->MO,TK-->MO,TK-->MO,TK-->MO,,,,,,,,,,,,,,,,,MO-->TK,MO-->TK,MO-->TK,MO-->TK,MO-->TK,MO-->TK,MO-->TK,MO-->TK,MO-->TK,MO-->TK,MO-->TK,MO-->TK,MO-->TK,MO-->TK,MO-->TK,MO-->TK,MO-->TK,MO-->TK,MO-->TK
TO,TON,Tonga,Nuku'alofa,Oceania,Polynesia,,TO-->MO,TO-->MO,TO-->MO,TO-->MO,TO-->MO,TO-->MO,TO-->MO,TO-->MO,TO-->MO,TO-->MO,TO-->MO,TO-->MO,TO-->MO,TO-->MO,TO-->MO,TO-->MO,TO-->MO,TO-->MO,TO-->MO,,,,,,,,,,,,,,,,,MO-->TO,MO-->TO,MO-->TO,MO-->TO,MO-->TO,MO-->TO,MO-->TO,MO-->TO,MO-->TO,MO-->TO,MO-->TO,MO-->TO,MO-->TO,MO-->TO,MO-->TO,MO-->TO,MO-->TO,MO-->TO,MO-->TO
TT,TTO,Trinidad and Tobago,Port of Spain,Americas,Caribbean,,TT-->MO,TT-->MO,TT-->MO,TT-->MO,TT-->MO,TT-->MO,TT-->MO,TT-->MO,TT-->MO,TT-->MO,TT-->MO,TT-->MO,TT-->MO,TT-->MO,TT-->MO,TT-->MO,TT-->MO,TT-->MO,TT-->MO,,,,,,,,,,,,,,,,,MO-->TT,MO-->TT,MO-->TT,MO-->TT,MO-->TT,MO-->TT,MO-->TT,MO-->TT,MO-->TT,MO-->TT,MO-->TT,MO-->TT,MO-->TT,MO-->TT,MO-->TT,MO-->TT,MO-->TT,MO-->TT,MO-->TT
TN,TUN,Tunisia,Tunis,Africa,Northern Africa,,TN-->MO,TN-->MO,TN-->MO,TN-->MO,TN-->MO,TN-->MO,TN-->MO,TN-->MO,TN-->MO,TN-->MO,TN-->MO,TN-->MO,TN-->MO,TN-->MO,TN-->MO,TN-->MO,TN-->MO,TN-->MO,TN-->MO,,,,,,,,,,,,,,,,,MO-->TN,MO-->TN,MO-->TN,MO-->TN,MO-->TN,MO-->TN,MO-->TN,MO-->TN,MO-->TN,MO-->TN,MO-->TN,MO-->TN,MO-->TN,MO-->TN,MO-->TN,MO-->TN,MO-->TN,MO-->TN,MO-->TN
TR,TUR,Turkey,Ankara,Asia,Western Asia,,TR-->MO,TR-->MO,TR-->MO,TR-->MO,TR-->MO,TR-->MO,TR-->MO,TR-->MO,TR-->MO,TR-->MO,TR-->MO,TR-->MO,TR-->MO,TR-->MO,TR-->MO,TR-->MO,TR-->MO,TR-->MO,TR-->MO,,,,,,,,,,,,,,,,,MO-->TR,MO-->TR,MO-->TR,MO-->TR,MO-->TR,MO-->TR,MO-->TR,MO-->TR,MO-->TR,MO-->TR,MO-->TR,MO-->TR,MO-->TR,MO-->TR,MO-->TR,MO-->TR,MO-->TR,MO-->TR,MO-->TR
TM,TKM,Turkmenistan,Ashgabat,Asia,Central Asia,,TM-->MO,TM-->MO,TM-->MO,TM-->MO,TM-->MO,TM-->MO,TM-->MO,TM-->MO,TM-->MO,TM-->MO,TM-->MO,TM-->MO,TM-->MO,TM-->MO,TM-->MO,TM-->MO,TM-->MO,TM-->MO,TM-->MO,,,,,,,,,,,,,,,,,MO-->TM,MO-->TM,MO-->TM,MO-->TM,MO-->TM,MO-->TM,MO-->TM,MO-->TM,MO-->TM,MO-->TM,MO-->TM,MO-->TM,MO-->TM,MO-->TM,MO-->TM,MO-->TM,MO-->TM,MO-->TM,MO-->TM
TC,TCA,Turks and Caicos Islands,Cockburn Town,Americas,Caribbean,,TC-->MO,TC-->MO,TC-->MO,TC-->MO,TC-->MO,TC-->MO,TC-->MO,TC-->MO,TC-->MO,TC-->MO,TC-->MO,TC-->MO,TC-->MO,TC-->MO,TC-->MO,TC-->MO,TC-->MO,TC-->MO,TC-->MO,,,,,,,,,,,,,,,,,MO-->TC,MO-->TC,MO-->TC,MO-->TC,MO-->TC,MO-->TC,MO-->TC,MO-->TC,MO-->TC,MO-->TC,MO-->TC,MO-->TC,MO-->TC,MO-->TC,MO-->TC,MO-->TC,MO-->TC,MO-->TC,MO-->TC
TV,TUV,Tuvalu,Funafuti,Oceania,Polynesia,,TV-->MO,TV-->MO,TV-->MO,TV-->MO,TV-->MO,TV-->MO,TV-->MO,TV-->MO,TV-->MO,TV-->MO,TV-->MO,TV-->MO,TV-->MO,TV-->MO,TV-->MO,TV-->MO,TV-->MO,TV-->MO,TV-->MO,,,,,,,,,,,,,,,,,MO-->TV,MO-->TV,MO-->TV,MO-->TV,MO-->TV,MO-->TV,MO-->TV,MO-->TV,MO-->TV,MO-->TV,MO-->TV,MO-->TV,MO-->TV,MO-->TV,MO-->TV,MO-->TV,MO-->TV,MO-->TV,MO-->TV
UG,UGA,Uganda,Kampala,Africa,Eastern Africa,,UG-->MO,UG-->MO,UG-->MO,UG-->MO,UG-->MO,UG-->MO,UG-->MO,UG-->MO,UG-->MO,UG-->MO,UG-->MO,UG-->MO,UG-->MO,UG-->MO,UG-->MO,UG-->MO,UG-->MO,UG-->MO,UG-->MO,,,,,,,,,,,,,,,,,MO-->UG,MO-->UG,MO-->UG,MO-->UG,MO-->UG,MO-->UG,MO-->UG,MO-->UG,MO-->UG,MO-->UG,MO-->UG,MO-->UG,MO-->UG,MO-->UG,MO-->UG,MO-->UG,MO-->UG,MO-->UG,MO-->UG
UA,UKR,Ukraine,Kiev,Europe,Eastern Europe,,UA-->MO,UA-->MO,UA-->MO,UA-->MO,UA-->MO,UA-->MO,UA-->MO,UA-->MO,UA-->MO,UA-->MO,UA-->MO,UA-->MO,UA-->MO,UA-->MO,UA-->MO,UA-->MO,UA-->MO,UA-->MO,UA-->MO,,,,,,,,,,,,,,,,,MO-->UA,MO-->UA,MO-->UA,MO-->UA,MO-->UA,MO-->UA,MO-->UA,MO-->UA,MO-->UA,MO-->UA,MO-->UA,MO-->UA,MO-->UA,MO-->UA,MO-->UA,MO-->UA,MO-->UA,MO-->UA,MO-->UA
AE,ARE,United Arab Emirates,Abu Dhabi,Asia,Western Asia,,AE-->MO,AE-->MO,AE-->MO,AE-->MO,AE-->MO,AE-->MO,AE-->MO,AE-->MO,AE-->MO,AE-->MO,AE-->MO,AE-->MO,AE-->MO,AE-->MO,AE-->MO,AE-->MO,AE-->MO,AE-->MO,AE-->MO,,,,,,,,,,,,,,,,,MO-->AE,MO-->AE,MO-->AE,MO-->AE,MO-->AE,MO-->AE,MO-->AE,MO-->AE,MO-->AE,MO-->AE,MO-->AE,MO-->AE,MO-->AE,MO-->AE,MO-->AE,MO-->AE,MO-->AE,MO-->AE,MO-->AE
GB,GBR,United Kingdom,London,Europe,Northern Europe,,GB-->MO,GB-->MO,GB-->MO,GB-->MO,GB-->MO,GB-->MO,GB-->MO,GB-->MO,GB-->MO,GB-->MO,GB-->MO,GB-->MO,GB-->MO,GB-->MO,GB-->MO,GB-->MO,GB-->MO,GB-->MO,GB-->MO,,,,,,,,,,,,,,,,,MO-->GB,MO-->GB,MO-->GB,MO-->GB,MO-->GB,MO-->GB,MO-->GB,MO-->GB,MO-->GB,MO-->GB,MO-->GB,MO-->GB,MO-->GB,MO-->GB,MO-->GB,MO-->GB,MO-->GB,MO-->GB,MO-->GB
US,USA,United States,"Washington, D.C.",Americas,Northern America,,US-->MO,US-->MO,US-->MO,US-->MO,US-->MO,US-->MO,US-->MO,US-->MO,US-->MO,US-->MO,US-->MO,US-->MO,US-->MO,US-->MO,US-->MO,US-->MO,US-->MO,US-->MO,US-->MO,,,,,,,,,,,,,,,,,MO-->US,MO-->US,MO-->US,MO-->US,MO-->US,MO-->US,MO-->US,MO-->US,MO-->US,MO-->US,MO-->US,MO-->US,MO-->US,MO-->US,MO-->US,MO-->US,MO-->US,MO-->US,MO-->US
UY,URY,Uruguay,Montevideo,Americas,South America,,UY-->MO,UY-->MO,UY-->MO,UY-->MO,UY-->MO,UY-->MO,UY-->MO,UY-->MO,UY-->MO,UY-->MO,UY-->MO,UY-->MO,UY-->MO,UY-->MO,UY-->MO,UY-->MO,UY-->MO,UY-->MO,UY-->MO,,,,,,,,,,,,,,,,,MO-->UY,MO-->UY,MO-->UY,MO-->UY,MO-->UY,MO-->UY,MO-->UY,MO-->UY,MO-->UY,MO-->UY,MO-->UY,MO-->UY,MO-->UY,MO-->UY,MO-->UY,MO-->UY,MO-->UY,MO-->UY,MO-->UY
UZ,UZB,Uzbekistan,Tashkent,Asia,Central Asia,,UZ-->MO,UZ-->MO,UZ-->MO,UZ-->MO,UZ-->MO,UZ-->MO,UZ-->MO,UZ-->MO,UZ-->MO,UZ-->MO,UZ-->MO,UZ-->MO,UZ-->MO,UZ-->MO,UZ-->MO,UZ-->MO,UZ-->MO,UZ-->MO,UZ-->MO,,,,,,,,,,,,,,,,,MO-->UZ,MO-->UZ,MO-->UZ,MO-->UZ,MO-->UZ,MO-->UZ,MO-->UZ,MO-->UZ,MO-->UZ,MO-->UZ,MO-->UZ,MO-->UZ,MO-->UZ,MO-->UZ,MO-->UZ,MO-->UZ,MO-->UZ,MO-->UZ,MO-->UZ
VU,VUT,Vanuatu,Port Vila,Oceania,Melanesia,,VU-->MO,VU-->MO,VU-->MO,VU-->MO,VU-->MO,VU-->MO,VU-->MO,VU-->MO,VU-->MO,VU-->MO,VU-->MO,VU-->MO,VU-->MO,VU-->MO,VU-->MO,VU-->MO,VU-->MO,VU-->MO,VU-->MO,,,,,,,,,,,,,,,,,MO-->VU,MO-->VU,MO-->VU,MO-->VU,MO-->VU,MO-->VU,MO-->VU,MO-->VU,MO-->VU,MO-->VU,MO-->VU,MO-->VU,MO-->VU,MO-->VU,MO-->VU,MO-->VU,MO-->VU,MO-->VU,MO-->VU
VE,VEN,Venezuela,Caracas,Americas,South America,,VE-->MO,VE-->MO,VE-->MO,VE-->MO,VE-->MO,VE-->MO,VE-->MO,VE-->MO,VE-->MO,VE-->MO,VE-->MO,VE-->MO,VE-->MO,VE-->MO,VE-->MO,VE-->MO,VE-->MO,VE-->MO,VE-->MO,,,,,,,,,,,,,,,,,MO-->VE,MO-->VE,MO-->VE,MO-->VE,MO-->VE,MO-->VE,MO-->VE,MO-->VE,MO-->VE,MO-->VE,MO-->VE,MO-->VE,MO-->VE,MO-->VE,MO-->VE,MO-->VE,MO-->VE,MO-->VE,MO-->VE
VN,VNM,Vietnam,Hanoi,Asia,South-Eastern Asia,,VN-->MO,VN-->MO,VN-->MO,VN-->MO,VN-->MO,VN-->MO,VN-->MO,VN-->MO,VN-->MO,VN-->MO,VN-->MO,VN-->MO,VN-->MO,VN-->MO,VN-->MO,VN-->MO,VN-->MO,VN-->MO,VN-->MO,,,,,,,,,,,,,,,,,MO-->VN,MO-->VN,MO-->VN,MO-->VN,MO-->VN,MO-->VN,MO-->VN,MO-->VN,MO-->VN,MO-->VN,MO-->VN,MO-->VN,MO-->VN,MO-->VN,MO-->VN,MO-->VN,MO-->VN,MO-->VN,MO-->VN
WF,WLF,Wallis and Futuna,Mata-Utu,Oceania,Polynesia,,WF-->MO,WF-->MO,WF-->MO,WF-->MO,WF-->MO,WF-->MO,WF-->MO,WF-->MO,WF-->MO,WF-->MO,WF-->MO,WF-->MO,WF-->MO,WF-->MO,WF-->MO,WF-->MO,WF-->MO,WF-->MO,WF-->MO,,,,,,,,,,,,,,,,,MO-->WF,MO-->WF,MO-->WF,MO-->WF,MO-->WF,MO-->WF,MO-->WF,MO-->WF,MO-->WF,MO-->WF,MO-->WF,MO-->WF,MO-->WF,MO-->WF,MO-->WF,MO-->WF,MO-->WF,MO-->WF,MO-->WF
EH,ESH,Western Sahara,El Aaiún,Africa,Northern Africa,,EH-->MO,EH-->MO,EH-->MO,EH-->MO,EH-->MO,EH-->MO,EH-->MO,EH-->MO,EH-->MO,EH-->MO,EH-->MO,EH-->MO,EH-->MO,EH-->MO,EH-->MO,EH-->MO,EH-->MO,EH-->MO,EH-->MO,,,,,,,,,,,,,,,,,MO-->EH,MO-->EH,MO-->EH,MO-->EH,MO-->EH,MO-->EH,MO-->EH,MO-->EH,MO-->EH,MO-->EH,MO-->EH,MO-->EH,MO-->EH,MO-->EH,MO-->EH,MO-->EH,MO-->EH,MO-->EH,MO-->EH
YE,YEM,Yemen,Sana'a,Asia,Western Asia,,YE-->MO,YE-->MO,YE-->MO,YE-->MO,YE-->MO,YE-->MO,YE-->MO,YE-->MO,YE-->MO,YE-->MO,YE-->MO,YE-->MO,YE-->MO,YE-->MO,YE-->MO,YE-->MO,YE-->MO,YE-->MO,YE-->MO,,,,,,,,,,,,,,,,,MO-->YE,MO-->YE,MO-->YE,MO-->YE,MO-->YE,MO-->YE,MO-->YE,MO-->YE,MO-->YE,MO-->YE,MO-->YE,MO-->YE,MO-->YE,MO-->YE,MO-->YE,MO-->YE,MO-->YE,MO-->YE,MO-->YE
ZM,ZMB,Zambia,Lusaka,Africa,Eastern Africa,,ZM-->MO,ZM-->MO,ZM-->MO,ZM-->MO,ZM-->MO,ZM-->MO,ZM-->MO,ZM-->MO,ZM-->MO,ZM-->MO,ZM-->MO,ZM-->MO,ZM-->MO,ZM-->MO,ZM-->MO,ZM-->MO,ZM-->MO,ZM-->MO,ZM-->MO,,,,,,,,,,,,,,,,,MO-->ZM,MO-->ZM,MO-->ZM,MO-->ZM,MO-->ZM,MO-->ZM,MO-->ZM,MO-->ZM,MO-->ZM,MO-->ZM,MO-->ZM,MO-->ZM,MO-->ZM,MO-->ZM,MO-->ZM,MO-->ZM,MO-->ZM,MO-->ZM,MO-->ZM
ZW,ZWE,Zimbabwe,Harare,Africa,Eastern Africa,,ZW-->MO,ZW-->MO,ZW-->MO,ZW-->MO,ZW-->MO,ZW-->MO,ZW-->MO,ZW-->MO,ZW-->MO,ZW-->MO,ZW-->MO,ZW-->MO,ZW-->MO,ZW-->MO,ZW-->MO,ZW-->MO,ZW-->MO,ZW-->MO,ZW-->MO,,,,,,,,,,,,,,,,,MO-->ZW,MO-->ZW,MO-->ZW,MO-->ZW,MO-->ZW,MO-->ZW,MO-->ZW,MO-->ZW,MO-->ZW,MO-->ZW,MO-->ZW,MO-->ZW,MO-->ZW,MO-->ZW,MO-->ZW,MO-->ZW,MO-->ZW,MO-->ZW,MO-->ZW
