nu,code,name,capital,region,subregion,Unnamed: 6,quara/into/where/e,quara/into/where/v,quara/into/where/uv,quara/into/min/e,quara/into/min/v,quara/into/min/uv,quara/into/max/e,quara/into/max/v,quara/into/max/uv,quara/into/comment,test/into/pcr/e,test/into/pcr/v,test/into/pcr/uv,test/into/ag/e,test/into/ag/v,test/into/ag/uv,test/into/comment,visa/into,visa/into/comment,loadStates/into,Unnamed: 27,Unnamed: 28,Unnamed: 29,Unnamed: 30,Unnamed: 31,Unnamed: 32,Unnamed: 33,Unnamed: 34,Unnamed: 35,Unnamed: 36,Unnamed: 37,Unnamed: 38,Unnamed: 39,Unnamed: 40,Unnamed: 41,quara/out/where/e,quara/out/where/v,quara/out/where/uv,quara/out/min/e,quara/out/min/v,quara/out/min/uv,quara/out/max/e,quara/out/max/v,quara/out/max/uv,quara/out/comment,test/out/pcr/e,test/out/pcr/v,test/out/pcr/uv,test/out/ag/e,test/out/ag/v,test/out/ag/uv,test/out/comment,visa/out,visa/out/comment
AF,AFG,Afghanistan,Kabul,Asia,Southern Asia,,AF-->LB,AF-->LB,AF-->LB,AF-->LB,AF-->LB,AF-->LB,AF-->LB,AF-->LB,AF-->LB,AF-->LB,AF-->LB,AF-->LB,AF-->LB,AF-->LB,AF-->LB,AF-->LB,AF-->LB,AF-->LB,AF-->LB,,,,,,,,,,,,,,,,,LB-->AF,LB-->AF,LB-->AF,LB-->AF,LB-->AF,LB-->AF,LB-->AF,LB-->AF,LB-->AF,LB-->AF,LB-->AF,LB-->AF,LB-->AF,LB-->AF,LB-->AF,LB-->AF,LB-->AF,LB-->AF,LB-->AF
AX,ALA,Åland Islands,Mariehamn,Europe,Northern Europe,,AX-->LB,AX-->LB,AX-->LB,AX-->LB,AX-->LB,AX-->LB,AX-->LB,AX-->LB,AX-->LB,AX-->LB,AX-->LB,AX-->LB,AX-->LB,AX-->LB,AX-->LB,AX-->LB,AX-->LB,AX-->LB,AX-->LB,,,,,,,,,,,,,,,,,LB-->AX,LB-->AX,LB-->AX,LB-->AX,LB-->AX,LB-->AX,LB-->AX,LB-->AX,LB-->AX,LB-->AX,LB-->AX,LB-->AX,LB-->AX,LB-->AX,LB-->AX,LB-->AX,LB-->AX,LB-->AX,LB-->AX
AL,ALB,Albania,Tirana,Europe,Southern Europe,,AL-->LB,AL-->LB,AL-->LB,AL-->LB,AL-->LB,AL-->LB,AL-->LB,AL-->LB,AL-->LB,AL-->LB,AL-->LB,AL-->LB,AL-->LB,AL-->LB,AL-->LB,AL-->LB,AL-->LB,AL-->LB,AL-->LB,,,,,,,,,,,,,,,,,LB-->AL,LB-->AL,LB-->AL,LB-->AL,LB-->AL,LB-->AL,LB-->AL,LB-->AL,LB-->AL,LB-->AL,LB-->AL,LB-->AL,LB-->AL,LB-->AL,LB-->AL,LB-->AL,LB-->AL,LB-->AL,LB-->AL
DZ,DZA,Algeria,Algiers,Africa,Northern Africa,,DZ-->LB,DZ-->LB,DZ-->LB,DZ-->LB,DZ-->LB,DZ-->LB,DZ-->LB,DZ-->LB,DZ-->LB,DZ-->LB,DZ-->LB,DZ-->LB,DZ-->LB,DZ-->LB,DZ-->LB,DZ-->LB,DZ-->LB,DZ-->LB,DZ-->LB,,,,,,,,,,,,,,,,,LB-->DZ,LB-->DZ,LB-->DZ,LB-->DZ,LB-->DZ,LB-->DZ,LB-->DZ,LB-->DZ,LB-->DZ,LB-->DZ,LB-->DZ,LB-->DZ,LB-->DZ,LB-->DZ,LB-->DZ,LB-->DZ,LB-->DZ,LB-->DZ,LB-->DZ
AS,ASM,American Samoa,Pago Pago,Oceania,Polynesia,,AS-->LB,AS-->LB,AS-->LB,AS-->LB,AS-->LB,AS-->LB,AS-->LB,AS-->LB,AS-->LB,AS-->LB,AS-->LB,AS-->LB,AS-->LB,AS-->LB,AS-->LB,AS-->LB,AS-->LB,AS-->LB,AS-->LB,,,,,,,,,,,,,,,,,LB-->AS,LB-->AS,LB-->AS,LB-->AS,LB-->AS,LB-->AS,LB-->AS,LB-->AS,LB-->AS,LB-->AS,LB-->AS,LB-->AS,LB-->AS,LB-->AS,LB-->AS,LB-->AS,LB-->AS,LB-->AS,LB-->AS
AD,AND,Andorra,Andorra la Vella,Europe,Southern Europe,,AD-->LB,AD-->LB,AD-->LB,AD-->LB,AD-->LB,AD-->LB,AD-->LB,AD-->LB,AD-->LB,AD-->LB,AD-->LB,AD-->LB,AD-->LB,AD-->LB,AD-->LB,AD-->LB,AD-->LB,AD-->LB,AD-->LB,,,,,,,,,,,,,,,,,LB-->AD,LB-->AD,LB-->AD,LB-->AD,LB-->AD,LB-->AD,LB-->AD,LB-->AD,LB-->AD,LB-->AD,LB-->AD,LB-->AD,LB-->AD,LB-->AD,LB-->AD,LB-->AD,LB-->AD,LB-->AD,LB-->AD
AO,AGO,Angola,Luanda,Africa,Middle Africa,,AO-->LB,AO-->LB,AO-->LB,AO-->LB,AO-->LB,AO-->LB,AO-->LB,AO-->LB,AO-->LB,AO-->LB,AO-->LB,AO-->LB,AO-->LB,AO-->LB,AO-->LB,AO-->LB,AO-->LB,AO-->LB,AO-->LB,,,,,,,,,,,,,,,,,LB-->AO,LB-->AO,LB-->AO,LB-->AO,LB-->AO,LB-->AO,LB-->AO,LB-->AO,LB-->AO,LB-->AO,LB-->AO,LB-->AO,LB-->AO,LB-->AO,LB-->AO,LB-->AO,LB-->AO,LB-->AO,LB-->AO
AI,AIA,Anguilla,The Valley,Americas,Caribbean,,AI-->LB,AI-->LB,AI-->LB,AI-->LB,AI-->LB,AI-->LB,AI-->LB,AI-->LB,AI-->LB,AI-->LB,AI-->LB,AI-->LB,AI-->LB,AI-->LB,AI-->LB,AI-->LB,AI-->LB,AI-->LB,AI-->LB,,,,,,,,,,,,,,,,,LB-->AI,LB-->AI,LB-->AI,LB-->AI,LB-->AI,LB-->AI,LB-->AI,LB-->AI,LB-->AI,LB-->AI,LB-->AI,LB-->AI,LB-->AI,LB-->AI,LB-->AI,LB-->AI,LB-->AI,LB-->AI,LB-->AI
AQ,ATA,Antarctica,,Polar,,,AQ-->LB,AQ-->LB,AQ-->LB,AQ-->LB,AQ-->LB,AQ-->LB,AQ-->LB,AQ-->LB,AQ-->LB,AQ-->LB,AQ-->LB,AQ-->LB,AQ-->LB,AQ-->LB,AQ-->LB,AQ-->LB,AQ-->LB,AQ-->LB,AQ-->LB,,,,,,,,,,,,,,,,,LB-->AQ,LB-->AQ,LB-->AQ,LB-->AQ,LB-->AQ,LB-->AQ,LB-->AQ,LB-->AQ,LB-->AQ,LB-->AQ,LB-->AQ,LB-->AQ,LB-->AQ,LB-->AQ,LB-->AQ,LB-->AQ,LB-->AQ,LB-->AQ,LB-->AQ
AG,ATG,Antigua and Barbuda,Saint John's,Americas,Caribbean,,AG-->LB,AG-->LB,AG-->LB,AG-->LB,AG-->LB,AG-->LB,AG-->LB,AG-->LB,AG-->LB,AG-->LB,AG-->LB,AG-->LB,AG-->LB,AG-->LB,AG-->LB,AG-->LB,AG-->LB,AG-->LB,AG-->LB,,,,,,,,,,,,,,,,,LB-->AG,LB-->AG,LB-->AG,LB-->AG,LB-->AG,LB-->AG,LB-->AG,LB-->AG,LB-->AG,LB-->AG,LB-->AG,LB-->AG,LB-->AG,LB-->AG,LB-->AG,LB-->AG,LB-->AG,LB-->AG,LB-->AG
AR,ARG,Argentina,Buenos Aires,Americas,South America,,AR-->LB,AR-->LB,AR-->LB,AR-->LB,AR-->LB,AR-->LB,AR-->LB,AR-->LB,AR-->LB,AR-->LB,AR-->LB,AR-->LB,AR-->LB,AR-->LB,AR-->LB,AR-->LB,AR-->LB,AR-->LB,AR-->LB,,,,,,,,,,,,,,,,,LB-->AR,LB-->AR,LB-->AR,LB-->AR,LB-->AR,LB-->AR,LB-->AR,LB-->AR,LB-->AR,LB-->AR,LB-->AR,LB-->AR,LB-->AR,LB-->AR,LB-->AR,LB-->AR,LB-->AR,LB-->AR,LB-->AR
AM,ARM,Armenia,Yerevan,Asia,Western Asia,,AM-->LB,AM-->LB,AM-->LB,AM-->LB,AM-->LB,AM-->LB,AM-->LB,AM-->LB,AM-->LB,AM-->LB,AM-->LB,AM-->LB,AM-->LB,AM-->LB,AM-->LB,AM-->LB,AM-->LB,AM-->LB,AM-->LB,,,,,,,,,,,,,,,,,LB-->AM,LB-->AM,LB-->AM,LB-->AM,LB-->AM,LB-->AM,LB-->AM,LB-->AM,LB-->AM,LB-->AM,LB-->AM,LB-->AM,LB-->AM,LB-->AM,LB-->AM,LB-->AM,LB-->AM,LB-->AM,LB-->AM
AW,ABW,Aruba,Oranjestad,Americas,Caribbean,,AW-->LB,AW-->LB,AW-->LB,AW-->LB,AW-->LB,AW-->LB,AW-->LB,AW-->LB,AW-->LB,AW-->LB,AW-->LB,AW-->LB,AW-->LB,AW-->LB,AW-->LB,AW-->LB,AW-->LB,AW-->LB,AW-->LB,,,,,,,,,,,,,,,,,LB-->AW,LB-->AW,LB-->AW,LB-->AW,LB-->AW,LB-->AW,LB-->AW,LB-->AW,LB-->AW,LB-->AW,LB-->AW,LB-->AW,LB-->AW,LB-->AW,LB-->AW,LB-->AW,LB-->AW,LB-->AW,LB-->AW
AU,AUS,Australia,Canberra,Oceania,Australia and New Zealand,,AU-->LB,AU-->LB,AU-->LB,AU-->LB,AU-->LB,AU-->LB,AU-->LB,AU-->LB,AU-->LB,AU-->LB,AU-->LB,AU-->LB,AU-->LB,AU-->LB,AU-->LB,AU-->LB,AU-->LB,AU-->LB,AU-->LB,,,,,,,,,,,,,,,,,LB-->AU,LB-->AU,LB-->AU,LB-->AU,LB-->AU,LB-->AU,LB-->AU,LB-->AU,LB-->AU,LB-->AU,LB-->AU,LB-->AU,LB-->AU,LB-->AU,LB-->AU,LB-->AU,LB-->AU,LB-->AU,LB-->AU
AT,AUT,Austria,Vienna,Europe,Western Europe,,AT-->LB,AT-->LB,AT-->LB,AT-->LB,AT-->LB,AT-->LB,AT-->LB,AT-->LB,AT-->LB,AT-->LB,AT-->LB,AT-->LB,AT-->LB,AT-->LB,AT-->LB,AT-->LB,AT-->LB,AT-->LB,AT-->LB,,,,,,,,,,,,,,,,,LB-->AT,LB-->AT,LB-->AT,LB-->AT,LB-->AT,LB-->AT,LB-->AT,LB-->AT,LB-->AT,LB-->AT,LB-->AT,LB-->AT,LB-->AT,LB-->AT,LB-->AT,LB-->AT,LB-->AT,LB-->AT,LB-->AT
AZ,AZE,Azerbaijan,Baku,Asia,Western Asia,,AZ-->LB,AZ-->LB,AZ-->LB,AZ-->LB,AZ-->LB,AZ-->LB,AZ-->LB,AZ-->LB,AZ-->LB,AZ-->LB,AZ-->LB,AZ-->LB,AZ-->LB,AZ-->LB,AZ-->LB,AZ-->LB,AZ-->LB,AZ-->LB,AZ-->LB,,,,,,,,,,,,,,,,,LB-->AZ,LB-->AZ,LB-->AZ,LB-->AZ,LB-->AZ,LB-->AZ,LB-->AZ,LB-->AZ,LB-->AZ,LB-->AZ,LB-->AZ,LB-->AZ,LB-->AZ,LB-->AZ,LB-->AZ,LB-->AZ,LB-->AZ,LB-->AZ,LB-->AZ
BS,BHS,The Bahamas,Nassau,Americas,Caribbean,,BS-->LB,BS-->LB,BS-->LB,BS-->LB,BS-->LB,BS-->LB,BS-->LB,BS-->LB,BS-->LB,BS-->LB,BS-->LB,BS-->LB,BS-->LB,BS-->LB,BS-->LB,BS-->LB,BS-->LB,BS-->LB,BS-->LB,,,,,,,,,,,,,,,,,LB-->BS,LB-->BS,LB-->BS,LB-->BS,LB-->BS,LB-->BS,LB-->BS,LB-->BS,LB-->BS,LB-->BS,LB-->BS,LB-->BS,LB-->BS,LB-->BS,LB-->BS,LB-->BS,LB-->BS,LB-->BS,LB-->BS
BH,BHR,Bahrain,Manama,Asia,Western Asia,,BH-->LB,BH-->LB,BH-->LB,BH-->LB,BH-->LB,BH-->LB,BH-->LB,BH-->LB,BH-->LB,BH-->LB,BH-->LB,BH-->LB,BH-->LB,BH-->LB,BH-->LB,BH-->LB,BH-->LB,BH-->LB,BH-->LB,,,,,,,,,,,,,,,,,LB-->BH,LB-->BH,LB-->BH,LB-->BH,LB-->BH,LB-->BH,LB-->BH,LB-->BH,LB-->BH,LB-->BH,LB-->BH,LB-->BH,LB-->BH,LB-->BH,LB-->BH,LB-->BH,LB-->BH,LB-->BH,LB-->BH
BD,BGD,Bangladesh,Dhaka,Asia,Southern Asia,,BD-->LB,BD-->LB,BD-->LB,BD-->LB,BD-->LB,BD-->LB,BD-->LB,BD-->LB,BD-->LB,BD-->LB,BD-->LB,BD-->LB,BD-->LB,BD-->LB,BD-->LB,BD-->LB,BD-->LB,BD-->LB,BD-->LB,,,,,,,,,,,,,,,,,LB-->BD,LB-->BD,LB-->BD,LB-->BD,LB-->BD,LB-->BD,LB-->BD,LB-->BD,LB-->BD,LB-->BD,LB-->BD,LB-->BD,LB-->BD,LB-->BD,LB-->BD,LB-->BD,LB-->BD,LB-->BD,LB-->BD
BB,BRB,Barbados,Bridgetown,Americas,Caribbean,,BB-->LB,BB-->LB,BB-->LB,BB-->LB,BB-->LB,BB-->LB,BB-->LB,BB-->LB,BB-->LB,BB-->LB,BB-->LB,BB-->LB,BB-->LB,BB-->LB,BB-->LB,BB-->LB,BB-->LB,BB-->LB,BB-->LB,,,,,,,,,,,,,,,,,LB-->BB,LB-->BB,LB-->BB,LB-->BB,LB-->BB,LB-->BB,LB-->BB,LB-->BB,LB-->BB,LB-->BB,LB-->BB,LB-->BB,LB-->BB,LB-->BB,LB-->BB,LB-->BB,LB-->BB,LB-->BB,LB-->BB
BY,BLR,Belarus,Minsk,Europe,Eastern Europe,,BY-->LB,BY-->LB,BY-->LB,BY-->LB,BY-->LB,BY-->LB,BY-->LB,BY-->LB,BY-->LB,BY-->LB,BY-->LB,BY-->LB,BY-->LB,BY-->LB,BY-->LB,BY-->LB,BY-->LB,BY-->LB,BY-->LB,,,,,,,,,,,,,,,,,LB-->BY,LB-->BY,LB-->BY,LB-->BY,LB-->BY,LB-->BY,LB-->BY,LB-->BY,LB-->BY,LB-->BY,LB-->BY,LB-->BY,LB-->BY,LB-->BY,LB-->BY,LB-->BY,LB-->BY,LB-->BY,LB-->BY
BE,BEL,Belgium,Brussels,Europe,Western Europe,,BE-->LB,BE-->LB,BE-->LB,BE-->LB,BE-->LB,BE-->LB,BE-->LB,BE-->LB,BE-->LB,BE-->LB,BE-->LB,BE-->LB,BE-->LB,BE-->LB,BE-->LB,BE-->LB,BE-->LB,BE-->LB,BE-->LB,,,,,,,,,,,,,,,,,LB-->BE,LB-->BE,LB-->BE,LB-->BE,LB-->BE,LB-->BE,LB-->BE,LB-->BE,LB-->BE,LB-->BE,LB-->BE,LB-->BE,LB-->BE,LB-->BE,LB-->BE,LB-->BE,LB-->BE,LB-->BE,LB-->BE
BZ,BLZ,Belize,Belmopan,Americas,Central America,,BZ-->LB,BZ-->LB,BZ-->LB,BZ-->LB,BZ-->LB,BZ-->LB,BZ-->LB,BZ-->LB,BZ-->LB,BZ-->LB,BZ-->LB,BZ-->LB,BZ-->LB,BZ-->LB,BZ-->LB,BZ-->LB,BZ-->LB,BZ-->LB,BZ-->LB,,,,,,,,,,,,,,,,,LB-->BZ,LB-->BZ,LB-->BZ,LB-->BZ,LB-->BZ,LB-->BZ,LB-->BZ,LB-->BZ,LB-->BZ,LB-->BZ,LB-->BZ,LB-->BZ,LB-->BZ,LB-->BZ,LB-->BZ,LB-->BZ,LB-->BZ,LB-->BZ,LB-->BZ
BJ,BEN,Benin,Porto-Novo,Africa,Western Africa,,BJ-->LB,BJ-->LB,BJ-->LB,BJ-->LB,BJ-->LB,BJ-->LB,BJ-->LB,BJ-->LB,BJ-->LB,BJ-->LB,BJ-->LB,BJ-->LB,BJ-->LB,BJ-->LB,BJ-->LB,BJ-->LB,BJ-->LB,BJ-->LB,BJ-->LB,,,,,,,,,,,,,,,,,LB-->BJ,LB-->BJ,LB-->BJ,LB-->BJ,LB-->BJ,LB-->BJ,LB-->BJ,LB-->BJ,LB-->BJ,LB-->BJ,LB-->BJ,LB-->BJ,LB-->BJ,LB-->BJ,LB-->BJ,LB-->BJ,LB-->BJ,LB-->BJ,LB-->BJ
BM,BMU,Bermuda,Hamilton,Americas,Northern America,,BM-->LB,BM-->LB,BM-->LB,BM-->LB,BM-->LB,BM-->LB,BM-->LB,BM-->LB,BM-->LB,BM-->LB,BM-->LB,BM-->LB,BM-->LB,BM-->LB,BM-->LB,BM-->LB,BM-->LB,BM-->LB,BM-->LB,,,,,,,,,,,,,,,,,LB-->BM,LB-->BM,LB-->BM,LB-->BM,LB-->BM,LB-->BM,LB-->BM,LB-->BM,LB-->BM,LB-->BM,LB-->BM,LB-->BM,LB-->BM,LB-->BM,LB-->BM,LB-->BM,LB-->BM,LB-->BM,LB-->BM
BT,BTN,Bhutan,Thimphu,Asia,Southern Asia,,BT-->LB,BT-->LB,BT-->LB,BT-->LB,BT-->LB,BT-->LB,BT-->LB,BT-->LB,BT-->LB,BT-->LB,BT-->LB,BT-->LB,BT-->LB,BT-->LB,BT-->LB,BT-->LB,BT-->LB,BT-->LB,BT-->LB,,,,,,,,,,,,,,,,,LB-->BT,LB-->BT,LB-->BT,LB-->BT,LB-->BT,LB-->BT,LB-->BT,LB-->BT,LB-->BT,LB-->BT,LB-->BT,LB-->BT,LB-->BT,LB-->BT,LB-->BT,LB-->BT,LB-->BT,LB-->BT,LB-->BT
BO,BOL,Bolivia,Sucre,Americas,South America,,BO-->LB,BO-->LB,BO-->LB,BO-->LB,BO-->LB,BO-->LB,BO-->LB,BO-->LB,BO-->LB,BO-->LB,BO-->LB,BO-->LB,BO-->LB,BO-->LB,BO-->LB,BO-->LB,BO-->LB,BO-->LB,BO-->LB,,,,,,,,,,,,,,,,,LB-->BO,LB-->BO,LB-->BO,LB-->BO,LB-->BO,LB-->BO,LB-->BO,LB-->BO,LB-->BO,LB-->BO,LB-->BO,LB-->BO,LB-->BO,LB-->BO,LB-->BO,LB-->BO,LB-->BO,LB-->BO,LB-->BO
BQ,BES,Bonaire,Kralendijk,Americas,Caribbean,,BQ-->LB,BQ-->LB,BQ-->LB,BQ-->LB,BQ-->LB,BQ-->LB,BQ-->LB,BQ-->LB,BQ-->LB,BQ-->LB,BQ-->LB,BQ-->LB,BQ-->LB,BQ-->LB,BQ-->LB,BQ-->LB,BQ-->LB,BQ-->LB,BQ-->LB,,,,,,,,,,,,,,,,,LB-->BQ,LB-->BQ,LB-->BQ,LB-->BQ,LB-->BQ,LB-->BQ,LB-->BQ,LB-->BQ,LB-->BQ,LB-->BQ,LB-->BQ,LB-->BQ,LB-->BQ,LB-->BQ,LB-->BQ,LB-->BQ,LB-->BQ,LB-->BQ,LB-->BQ
BA,BIH,Bosnia and Herzegovina,Sarajevo,Europe,Southern Europe,,BA-->LB,BA-->LB,BA-->LB,BA-->LB,BA-->LB,BA-->LB,BA-->LB,BA-->LB,BA-->LB,BA-->LB,BA-->LB,BA-->LB,BA-->LB,BA-->LB,BA-->LB,BA-->LB,BA-->LB,BA-->LB,BA-->LB,,,,,,,,,,,,,,,,,LB-->BA,LB-->BA,LB-->BA,LB-->BA,LB-->BA,LB-->BA,LB-->BA,LB-->BA,LB-->BA,LB-->BA,LB-->BA,LB-->BA,LB-->BA,LB-->BA,LB-->BA,LB-->BA,LB-->BA,LB-->BA,LB-->BA
BW,BWA,Botswana,Gaborone,Africa,Southern Africa,,BW-->LB,BW-->LB,BW-->LB,BW-->LB,BW-->LB,BW-->LB,BW-->LB,BW-->LB,BW-->LB,BW-->LB,BW-->LB,BW-->LB,BW-->LB,BW-->LB,BW-->LB,BW-->LB,BW-->LB,BW-->LB,BW-->LB,,,,,,,,,,,,,,,,,LB-->BW,LB-->BW,LB-->BW,LB-->BW,LB-->BW,LB-->BW,LB-->BW,LB-->BW,LB-->BW,LB-->BW,LB-->BW,LB-->BW,LB-->BW,LB-->BW,LB-->BW,LB-->BW,LB-->BW,LB-->BW,LB-->BW
BV,BVT,Bouvet Island,,,,,BV-->LB,BV-->LB,BV-->LB,BV-->LB,BV-->LB,BV-->LB,BV-->LB,BV-->LB,BV-->LB,BV-->LB,BV-->LB,BV-->LB,BV-->LB,BV-->LB,BV-->LB,BV-->LB,BV-->LB,BV-->LB,BV-->LB,,,,,,,,,,,,,,,,,LB-->BV,LB-->BV,LB-->BV,LB-->BV,LB-->BV,LB-->BV,LB-->BV,LB-->BV,LB-->BV,LB-->BV,LB-->BV,LB-->BV,LB-->BV,LB-->BV,LB-->BV,LB-->BV,LB-->BV,LB-->BV,LB-->BV
BR,BRA,Brazil,Brasília,Americas,South America,,BR-->LB,BR-->LB,BR-->LB,BR-->LB,BR-->LB,BR-->LB,BR-->LB,BR-->LB,BR-->LB,BR-->LB,BR-->LB,BR-->LB,BR-->LB,BR-->LB,BR-->LB,BR-->LB,BR-->LB,BR-->LB,BR-->LB,,,,,,,,,,,,,,,,,LB-->BR,LB-->BR,LB-->BR,LB-->BR,LB-->BR,LB-->BR,LB-->BR,LB-->BR,LB-->BR,LB-->BR,LB-->BR,LB-->BR,LB-->BR,LB-->BR,LB-->BR,LB-->BR,LB-->BR,LB-->BR,LB-->BR
IO,IOT,British Indian Ocean Territory,Diego Garcia,Africa,Eastern Africa,,IO-->LB,IO-->LB,IO-->LB,IO-->LB,IO-->LB,IO-->LB,IO-->LB,IO-->LB,IO-->LB,IO-->LB,IO-->LB,IO-->LB,IO-->LB,IO-->LB,IO-->LB,IO-->LB,IO-->LB,IO-->LB,IO-->LB,,,,,,,,,,,,,,,,,LB-->IO,LB-->IO,LB-->IO,LB-->IO,LB-->IO,LB-->IO,LB-->IO,LB-->IO,LB-->IO,LB-->IO,LB-->IO,LB-->IO,LB-->IO,LB-->IO,LB-->IO,LB-->IO,LB-->IO,LB-->IO,LB-->IO
UM,UMI,United States Minor Outlying Islands,,Americas,Northern America,,UM-->LB,UM-->LB,UM-->LB,UM-->LB,UM-->LB,UM-->LB,UM-->LB,UM-->LB,UM-->LB,UM-->LB,UM-->LB,UM-->LB,UM-->LB,UM-->LB,UM-->LB,UM-->LB,UM-->LB,UM-->LB,UM-->LB,,,,,,,,,,,,,,,,,LB-->UM,LB-->UM,LB-->UM,LB-->UM,LB-->UM,LB-->UM,LB-->UM,LB-->UM,LB-->UM,LB-->UM,LB-->UM,LB-->UM,LB-->UM,LB-->UM,LB-->UM,LB-->UM,LB-->UM,LB-->UM,LB-->UM
VG,VGB,Virgin Islands (British),Road Town,Americas,Caribbean,,VG-->LB,VG-->LB,VG-->LB,VG-->LB,VG-->LB,VG-->LB,VG-->LB,VG-->LB,VG-->LB,VG-->LB,VG-->LB,VG-->LB,VG-->LB,VG-->LB,VG-->LB,VG-->LB,VG-->LB,VG-->LB,VG-->LB,,,,,,,,,,,,,,,,,LB-->VG,LB-->VG,LB-->VG,LB-->VG,LB-->VG,LB-->VG,LB-->VG,LB-->VG,LB-->VG,LB-->VG,LB-->VG,LB-->VG,LB-->VG,LB-->VG,LB-->VG,LB-->VG,LB-->VG,LB-->VG,LB-->VG
VI,VIR,Virgin Islands (U.S.),Charlotte Amalie,Americas,Caribbean,,VI-->LB,VI-->LB,VI-->LB,VI-->LB,VI-->LB,VI-->LB,VI-->LB,VI-->LB,VI-->LB,VI-->LB,VI-->LB,VI-->LB,VI-->LB,VI-->LB,VI-->LB,VI-->LB,VI-->LB,VI-->LB,VI-->LB,,,,,,,,,,,,,,,,,LB-->VI,LB-->VI,LB-->VI,LB-->VI,LB-->VI,LB-->VI,LB-->VI,LB-->VI,LB-->VI,LB-->VI,LB-->VI,LB-->VI,LB-->VI,LB-->VI,LB-->VI,LB-->VI,LB-->VI,LB-->VI,LB-->VI
BN,BRN,Brunei,Bandar Seri Begawan,Asia,South-Eastern Asia,,BN-->LB,BN-->LB,BN-->LB,BN-->LB,BN-->LB,BN-->LB,BN-->LB,BN-->LB,BN-->LB,BN-->LB,BN-->LB,BN-->LB,BN-->LB,BN-->LB,BN-->LB,BN-->LB,BN-->LB,BN-->LB,BN-->LB,,,,,,,,,,,,,,,,,LB-->BN,LB-->BN,LB-->BN,LB-->BN,LB-->BN,LB-->BN,LB-->BN,LB-->BN,LB-->BN,LB-->BN,LB-->BN,LB-->BN,LB-->BN,LB-->BN,LB-->BN,LB-->BN,LB-->BN,LB-->BN,LB-->BN
BG,BGR,Bulgaria,Sofia,Europe,Eastern Europe,,BG-->LB,BG-->LB,BG-->LB,BG-->LB,BG-->LB,BG-->LB,BG-->LB,BG-->LB,BG-->LB,BG-->LB,BG-->LB,BG-->LB,BG-->LB,BG-->LB,BG-->LB,BG-->LB,BG-->LB,BG-->LB,BG-->LB,,,,,,,,,,,,,,,,,LB-->BG,LB-->BG,LB-->BG,LB-->BG,LB-->BG,LB-->BG,LB-->BG,LB-->BG,LB-->BG,LB-->BG,LB-->BG,LB-->BG,LB-->BG,LB-->BG,LB-->BG,LB-->BG,LB-->BG,LB-->BG,LB-->BG
BF,BFA,Burkina Faso,Ouagadougou,Africa,Western Africa,,BF-->LB,BF-->LB,BF-->LB,BF-->LB,BF-->LB,BF-->LB,BF-->LB,BF-->LB,BF-->LB,BF-->LB,BF-->LB,BF-->LB,BF-->LB,BF-->LB,BF-->LB,BF-->LB,BF-->LB,BF-->LB,BF-->LB,,,,,,,,,,,,,,,,,LB-->BF,LB-->BF,LB-->BF,LB-->BF,LB-->BF,LB-->BF,LB-->BF,LB-->BF,LB-->BF,LB-->BF,LB-->BF,LB-->BF,LB-->BF,LB-->BF,LB-->BF,LB-->BF,LB-->BF,LB-->BF,LB-->BF
BI,BDI,Burundi,Bujumbura,Africa,Eastern Africa,,BI-->LB,BI-->LB,BI-->LB,BI-->LB,BI-->LB,BI-->LB,BI-->LB,BI-->LB,BI-->LB,BI-->LB,BI-->LB,BI-->LB,BI-->LB,BI-->LB,BI-->LB,BI-->LB,BI-->LB,BI-->LB,BI-->LB,,,,,,,,,,,,,,,,,LB-->BI,LB-->BI,LB-->BI,LB-->BI,LB-->BI,LB-->BI,LB-->BI,LB-->BI,LB-->BI,LB-->BI,LB-->BI,LB-->BI,LB-->BI,LB-->BI,LB-->BI,LB-->BI,LB-->BI,LB-->BI,LB-->BI
KH,KHM,Cambodia,Phnom Penh,Asia,South-Eastern Asia,,KH-->LB,KH-->LB,KH-->LB,KH-->LB,KH-->LB,KH-->LB,KH-->LB,KH-->LB,KH-->LB,KH-->LB,KH-->LB,KH-->LB,KH-->LB,KH-->LB,KH-->LB,KH-->LB,KH-->LB,KH-->LB,KH-->LB,,,,,,,,,,,,,,,,,LB-->KH,LB-->KH,LB-->KH,LB-->KH,LB-->KH,LB-->KH,LB-->KH,LB-->KH,LB-->KH,LB-->KH,LB-->KH,LB-->KH,LB-->KH,LB-->KH,LB-->KH,LB-->KH,LB-->KH,LB-->KH,LB-->KH
CM,CMR,Cameroon,Yaoundé,Africa,Middle Africa,,CM-->LB,CM-->LB,CM-->LB,CM-->LB,CM-->LB,CM-->LB,CM-->LB,CM-->LB,CM-->LB,CM-->LB,CM-->LB,CM-->LB,CM-->LB,CM-->LB,CM-->LB,CM-->LB,CM-->LB,CM-->LB,CM-->LB,,,,,,,,,,,,,,,,,LB-->CM,LB-->CM,LB-->CM,LB-->CM,LB-->CM,LB-->CM,LB-->CM,LB-->CM,LB-->CM,LB-->CM,LB-->CM,LB-->CM,LB-->CM,LB-->CM,LB-->CM,LB-->CM,LB-->CM,LB-->CM,LB-->CM
CA,CAN,Canada,Ottawa,Americas,Northern America,,CA-->LB,CA-->LB,CA-->LB,CA-->LB,CA-->LB,CA-->LB,CA-->LB,CA-->LB,CA-->LB,CA-->LB,CA-->LB,CA-->LB,CA-->LB,CA-->LB,CA-->LB,CA-->LB,CA-->LB,CA-->LB,CA-->LB,,,,,,,,,,,,,,,,,LB-->CA,LB-->CA,LB-->CA,LB-->CA,LB-->CA,LB-->CA,LB-->CA,LB-->CA,LB-->CA,LB-->CA,LB-->CA,LB-->CA,LB-->CA,LB-->CA,LB-->CA,LB-->CA,LB-->CA,LB-->CA,LB-->CA
CV,CPV,Cape Verde,Praia,Africa,Western Africa,,CV-->LB,CV-->LB,CV-->LB,CV-->LB,CV-->LB,CV-->LB,CV-->LB,CV-->LB,CV-->LB,CV-->LB,CV-->LB,CV-->LB,CV-->LB,CV-->LB,CV-->LB,CV-->LB,CV-->LB,CV-->LB,CV-->LB,,,,,,,,,,,,,,,,,LB-->CV,LB-->CV,LB-->CV,LB-->CV,LB-->CV,LB-->CV,LB-->CV,LB-->CV,LB-->CV,LB-->CV,LB-->CV,LB-->CV,LB-->CV,LB-->CV,LB-->CV,LB-->CV,LB-->CV,LB-->CV,LB-->CV
KY,CYM,Cayman Islands,George Town,Americas,Caribbean,,KY-->LB,KY-->LB,KY-->LB,KY-->LB,KY-->LB,KY-->LB,KY-->LB,KY-->LB,KY-->LB,KY-->LB,KY-->LB,KY-->LB,KY-->LB,KY-->LB,KY-->LB,KY-->LB,KY-->LB,KY-->LB,KY-->LB,,,,,,,,,,,,,,,,,LB-->KY,LB-->KY,LB-->KY,LB-->KY,LB-->KY,LB-->KY,LB-->KY,LB-->KY,LB-->KY,LB-->KY,LB-->KY,LB-->KY,LB-->KY,LB-->KY,LB-->KY,LB-->KY,LB-->KY,LB-->KY,LB-->KY
CF,CAF,Central African Republic,Bangui,Africa,Middle Africa,,CF-->LB,CF-->LB,CF-->LB,CF-->LB,CF-->LB,CF-->LB,CF-->LB,CF-->LB,CF-->LB,CF-->LB,CF-->LB,CF-->LB,CF-->LB,CF-->LB,CF-->LB,CF-->LB,CF-->LB,CF-->LB,CF-->LB,,,,,,,,,,,,,,,,,LB-->CF,LB-->CF,LB-->CF,LB-->CF,LB-->CF,LB-->CF,LB-->CF,LB-->CF,LB-->CF,LB-->CF,LB-->CF,LB-->CF,LB-->CF,LB-->CF,LB-->CF,LB-->CF,LB-->CF,LB-->CF,LB-->CF
TD,TCD,Chad,N'Djamena,Africa,Middle Africa,,TD-->LB,TD-->LB,TD-->LB,TD-->LB,TD-->LB,TD-->LB,TD-->LB,TD-->LB,TD-->LB,TD-->LB,TD-->LB,TD-->LB,TD-->LB,TD-->LB,TD-->LB,TD-->LB,TD-->LB,TD-->LB,TD-->LB,,,,,,,,,,,,,,,,,LB-->TD,LB-->TD,LB-->TD,LB-->TD,LB-->TD,LB-->TD,LB-->TD,LB-->TD,LB-->TD,LB-->TD,LB-->TD,LB-->TD,LB-->TD,LB-->TD,LB-->TD,LB-->TD,LB-->TD,LB-->TD,LB-->TD
CL,CHL,Chile,Santiago,Americas,South America,,CL-->LB,CL-->LB,CL-->LB,CL-->LB,CL-->LB,CL-->LB,CL-->LB,CL-->LB,CL-->LB,CL-->LB,CL-->LB,CL-->LB,CL-->LB,CL-->LB,CL-->LB,CL-->LB,CL-->LB,CL-->LB,CL-->LB,,,,,,,,,,,,,,,,,LB-->CL,LB-->CL,LB-->CL,LB-->CL,LB-->CL,LB-->CL,LB-->CL,LB-->CL,LB-->CL,LB-->CL,LB-->CL,LB-->CL,LB-->CL,LB-->CL,LB-->CL,LB-->CL,LB-->CL,LB-->CL,LB-->CL
CN,CHN,China,Beijing,Asia,Eastern Asia,,CN-->LB,CN-->LB,CN-->LB,CN-->LB,CN-->LB,CN-->LB,CN-->LB,CN-->LB,CN-->LB,CN-->LB,CN-->LB,CN-->LB,CN-->LB,CN-->LB,CN-->LB,CN-->LB,CN-->LB,CN-->LB,CN-->LB,,,,,,,,,,,,,,,,,LB-->CN,LB-->CN,LB-->CN,LB-->CN,LB-->CN,LB-->CN,LB-->CN,LB-->CN,LB-->CN,LB-->CN,LB-->CN,LB-->CN,LB-->CN,LB-->CN,LB-->CN,LB-->CN,LB-->CN,LB-->CN,LB-->CN
CX,CXR,Christmas Island,Flying Fish Cove,Oceania,Australia and New Zealand,,CX-->LB,CX-->LB,CX-->LB,CX-->LB,CX-->LB,CX-->LB,CX-->LB,CX-->LB,CX-->LB,CX-->LB,CX-->LB,CX-->LB,CX-->LB,CX-->LB,CX-->LB,CX-->LB,CX-->LB,CX-->LB,CX-->LB,,,,,,,,,,,,,,,,,LB-->CX,LB-->CX,LB-->CX,LB-->CX,LB-->CX,LB-->CX,LB-->CX,LB-->CX,LB-->CX,LB-->CX,LB-->CX,LB-->CX,LB-->CX,LB-->CX,LB-->CX,LB-->CX,LB-->CX,LB-->CX,LB-->CX
CC,CCK,Cocos (Keeling) Islands,West Island,Oceania,Australia and New Zealand,,CC-->LB,CC-->LB,CC-->LB,CC-->LB,CC-->LB,CC-->LB,CC-->LB,CC-->LB,CC-->LB,CC-->LB,CC-->LB,CC-->LB,CC-->LB,CC-->LB,CC-->LB,CC-->LB,CC-->LB,CC-->LB,CC-->LB,,,,,,,,,,,,,,,,,LB-->CC,LB-->CC,LB-->CC,LB-->CC,LB-->CC,LB-->CC,LB-->CC,LB-->CC,LB-->CC,LB-->CC,LB-->CC,LB-->CC,LB-->CC,LB-->CC,LB-->CC,LB-->CC,LB-->CC,LB-->CC,LB-->CC
CO,COL,Colombia,Bogotá,Americas,South America,,CO-->LB,CO-->LB,CO-->LB,CO-->LB,CO-->LB,CO-->LB,CO-->LB,CO-->LB,CO-->LB,CO-->LB,CO-->LB,CO-->LB,CO-->LB,CO-->LB,CO-->LB,CO-->LB,CO-->LB,CO-->LB,CO-->LB,,,,,,,,,,,,,,,,,LB-->CO,LB-->CO,LB-->CO,LB-->CO,LB-->CO,LB-->CO,LB-->CO,LB-->CO,LB-->CO,LB-->CO,LB-->CO,LB-->CO,LB-->CO,LB-->CO,LB-->CO,LB-->CO,LB-->CO,LB-->CO,LB-->CO
KM,COM,Comoros,Moroni,Africa,Eastern Africa,,KM-->LB,KM-->LB,KM-->LB,KM-->LB,KM-->LB,KM-->LB,KM-->LB,KM-->LB,KM-->LB,KM-->LB,KM-->LB,KM-->LB,KM-->LB,KM-->LB,KM-->LB,KM-->LB,KM-->LB,KM-->LB,KM-->LB,,,,,,,,,,,,,,,,,LB-->KM,LB-->KM,LB-->KM,LB-->KM,LB-->KM,LB-->KM,LB-->KM,LB-->KM,LB-->KM,LB-->KM,LB-->KM,LB-->KM,LB-->KM,LB-->KM,LB-->KM,LB-->KM,LB-->KM,LB-->KM,LB-->KM
CG,COG,Republic of the Congo,Brazzaville,Africa,Middle Africa,,CG-->LB,CG-->LB,CG-->LB,CG-->LB,CG-->LB,CG-->LB,CG-->LB,CG-->LB,CG-->LB,CG-->LB,CG-->LB,CG-->LB,CG-->LB,CG-->LB,CG-->LB,CG-->LB,CG-->LB,CG-->LB,CG-->LB,,,,,,,,,,,,,,,,,LB-->CG,LB-->CG,LB-->CG,LB-->CG,LB-->CG,LB-->CG,LB-->CG,LB-->CG,LB-->CG,LB-->CG,LB-->CG,LB-->CG,LB-->CG,LB-->CG,LB-->CG,LB-->CG,LB-->CG,LB-->CG,LB-->CG
CD,COD,Democratic Republic of the Congo,Kinshasa,Africa,Middle Africa,,CD-->LB,CD-->LB,CD-->LB,CD-->LB,CD-->LB,CD-->LB,CD-->LB,CD-->LB,CD-->LB,CD-->LB,CD-->LB,CD-->LB,CD-->LB,CD-->LB,CD-->LB,CD-->LB,CD-->LB,CD-->LB,CD-->LB,,,,,,,,,,,,,,,,,LB-->CD,LB-->CD,LB-->CD,LB-->CD,LB-->CD,LB-->CD,LB-->CD,LB-->CD,LB-->CD,LB-->CD,LB-->CD,LB-->CD,LB-->CD,LB-->CD,LB-->CD,LB-->CD,LB-->CD,LB-->CD,LB-->CD
CK,COK,Cook Islands,Avarua,Oceania,Polynesia,,CK-->LB,CK-->LB,CK-->LB,CK-->LB,CK-->LB,CK-->LB,CK-->LB,CK-->LB,CK-->LB,CK-->LB,CK-->LB,CK-->LB,CK-->LB,CK-->LB,CK-->LB,CK-->LB,CK-->LB,CK-->LB,CK-->LB,,,,,,,,,,,,,,,,,LB-->CK,LB-->CK,LB-->CK,LB-->CK,LB-->CK,LB-->CK,LB-->CK,LB-->CK,LB-->CK,LB-->CK,LB-->CK,LB-->CK,LB-->CK,LB-->CK,LB-->CK,LB-->CK,LB-->CK,LB-->CK,LB-->CK
CR,CRI,Costa Rica,San José,Americas,Central America,,CR-->LB,CR-->LB,CR-->LB,CR-->LB,CR-->LB,CR-->LB,CR-->LB,CR-->LB,CR-->LB,CR-->LB,CR-->LB,CR-->LB,CR-->LB,CR-->LB,CR-->LB,CR-->LB,CR-->LB,CR-->LB,CR-->LB,,,,,,,,,,,,,,,,,LB-->CR,LB-->CR,LB-->CR,LB-->CR,LB-->CR,LB-->CR,LB-->CR,LB-->CR,LB-->CR,LB-->CR,LB-->CR,LB-->CR,LB-->CR,LB-->CR,LB-->CR,LB-->CR,LB-->CR,LB-->CR,LB-->CR
HR,HRV,Croatia,Zagreb,Europe,Southern Europe,,HR-->LB,HR-->LB,HR-->LB,HR-->LB,HR-->LB,HR-->LB,HR-->LB,HR-->LB,HR-->LB,HR-->LB,HR-->LB,HR-->LB,HR-->LB,HR-->LB,HR-->LB,HR-->LB,HR-->LB,HR-->LB,HR-->LB,,,,,,,,,,,,,,,,,LB-->HR,LB-->HR,LB-->HR,LB-->HR,LB-->HR,LB-->HR,LB-->HR,LB-->HR,LB-->HR,LB-->HR,LB-->HR,LB-->HR,LB-->HR,LB-->HR,LB-->HR,LB-->HR,LB-->HR,LB-->HR,LB-->HR
CU,CUB,Cuba,Havana,Americas,Caribbean,,CU-->LB,CU-->LB,CU-->LB,CU-->LB,CU-->LB,CU-->LB,CU-->LB,CU-->LB,CU-->LB,CU-->LB,CU-->LB,CU-->LB,CU-->LB,CU-->LB,CU-->LB,CU-->LB,CU-->LB,CU-->LB,CU-->LB,,,,,,,,,,,,,,,,,LB-->CU,LB-->CU,LB-->CU,LB-->CU,LB-->CU,LB-->CU,LB-->CU,LB-->CU,LB-->CU,LB-->CU,LB-->CU,LB-->CU,LB-->CU,LB-->CU,LB-->CU,LB-->CU,LB-->CU,LB-->CU,LB-->CU
CW,CUW,Curaçao,Willemstad,Americas,Caribbean,,CW-->LB,CW-->LB,CW-->LB,CW-->LB,CW-->LB,CW-->LB,CW-->LB,CW-->LB,CW-->LB,CW-->LB,CW-->LB,CW-->LB,CW-->LB,CW-->LB,CW-->LB,CW-->LB,CW-->LB,CW-->LB,CW-->LB,,,,,,,,,,,,,,,,,LB-->CW,LB-->CW,LB-->CW,LB-->CW,LB-->CW,LB-->CW,LB-->CW,LB-->CW,LB-->CW,LB-->CW,LB-->CW,LB-->CW,LB-->CW,LB-->CW,LB-->CW,LB-->CW,LB-->CW,LB-->CW,LB-->CW
CY,CYP,Cyprus,Nicosia,Europe,Southern Europe,,CY-->LB,CY-->LB,CY-->LB,CY-->LB,CY-->LB,CY-->LB,CY-->LB,CY-->LB,CY-->LB,CY-->LB,CY-->LB,CY-->LB,CY-->LB,CY-->LB,CY-->LB,CY-->LB,CY-->LB,CY-->LB,CY-->LB,,,,,,,,,,,,,,,,,LB-->CY,LB-->CY,LB-->CY,LB-->CY,LB-->CY,LB-->CY,LB-->CY,LB-->CY,LB-->CY,LB-->CY,LB-->CY,LB-->CY,LB-->CY,LB-->CY,LB-->CY,LB-->CY,LB-->CY,LB-->CY,LB-->CY
CZ,CZE,Czech Republic,Prague,Europe,Eastern Europe,,CZ-->LB,CZ-->LB,CZ-->LB,CZ-->LB,CZ-->LB,CZ-->LB,CZ-->LB,CZ-->LB,CZ-->LB,CZ-->LB,CZ-->LB,CZ-->LB,CZ-->LB,CZ-->LB,CZ-->LB,CZ-->LB,CZ-->LB,CZ-->LB,CZ-->LB,,,,,,,,,,,,,,,,,LB-->CZ,LB-->CZ,LB-->CZ,LB-->CZ,LB-->CZ,LB-->CZ,LB-->CZ,LB-->CZ,LB-->CZ,LB-->CZ,LB-->CZ,LB-->CZ,LB-->CZ,LB-->CZ,LB-->CZ,LB-->CZ,LB-->CZ,LB-->CZ,LB-->CZ
DK,DNK,Denmark,Copenhagen,Europe,Northern Europe,,DK-->LB,DK-->LB,DK-->LB,DK-->LB,DK-->LB,DK-->LB,DK-->LB,DK-->LB,DK-->LB,DK-->LB,DK-->LB,DK-->LB,DK-->LB,DK-->LB,DK-->LB,DK-->LB,DK-->LB,DK-->LB,DK-->LB,,,,,,,,,,,,,,,,,LB-->DK,LB-->DK,LB-->DK,LB-->DK,LB-->DK,LB-->DK,LB-->DK,LB-->DK,LB-->DK,LB-->DK,LB-->DK,LB-->DK,LB-->DK,LB-->DK,LB-->DK,LB-->DK,LB-->DK,LB-->DK,LB-->DK
DJ,DJI,Djibouti,Djibouti,Africa,Eastern Africa,,DJ-->LB,DJ-->LB,DJ-->LB,DJ-->LB,DJ-->LB,DJ-->LB,DJ-->LB,DJ-->LB,DJ-->LB,DJ-->LB,DJ-->LB,DJ-->LB,DJ-->LB,DJ-->LB,DJ-->LB,DJ-->LB,DJ-->LB,DJ-->LB,DJ-->LB,,,,,,,,,,,,,,,,,LB-->DJ,LB-->DJ,LB-->DJ,LB-->DJ,LB-->DJ,LB-->DJ,LB-->DJ,LB-->DJ,LB-->DJ,LB-->DJ,LB-->DJ,LB-->DJ,LB-->DJ,LB-->DJ,LB-->DJ,LB-->DJ,LB-->DJ,LB-->DJ,LB-->DJ
DM,DMA,Dominica,Roseau,Americas,Caribbean,,DM-->LB,DM-->LB,DM-->LB,DM-->LB,DM-->LB,DM-->LB,DM-->LB,DM-->LB,DM-->LB,DM-->LB,DM-->LB,DM-->LB,DM-->LB,DM-->LB,DM-->LB,DM-->LB,DM-->LB,DM-->LB,DM-->LB,,,,,,,,,,,,,,,,,LB-->DM,LB-->DM,LB-->DM,LB-->DM,LB-->DM,LB-->DM,LB-->DM,LB-->DM,LB-->DM,LB-->DM,LB-->DM,LB-->DM,LB-->DM,LB-->DM,LB-->DM,LB-->DM,LB-->DM,LB-->DM,LB-->DM
DO,DOM,Dominican Republic,Santo Domingo,Americas,Caribbean,,DO-->LB,DO-->LB,DO-->LB,DO-->LB,DO-->LB,DO-->LB,DO-->LB,DO-->LB,DO-->LB,DO-->LB,DO-->LB,DO-->LB,DO-->LB,DO-->LB,DO-->LB,DO-->LB,DO-->LB,DO-->LB,DO-->LB,,,,,,,,,,,,,,,,,LB-->DO,LB-->DO,LB-->DO,LB-->DO,LB-->DO,LB-->DO,LB-->DO,LB-->DO,LB-->DO,LB-->DO,LB-->DO,LB-->DO,LB-->DO,LB-->DO,LB-->DO,LB-->DO,LB-->DO,LB-->DO,LB-->DO
EC,ECU,Ecuador,Quito,Americas,South America,,EC-->LB,EC-->LB,EC-->LB,EC-->LB,EC-->LB,EC-->LB,EC-->LB,EC-->LB,EC-->LB,EC-->LB,EC-->LB,EC-->LB,EC-->LB,EC-->LB,EC-->LB,EC-->LB,EC-->LB,EC-->LB,EC-->LB,,,,,,,,,,,,,,,,,LB-->EC,LB-->EC,LB-->EC,LB-->EC,LB-->EC,LB-->EC,LB-->EC,LB-->EC,LB-->EC,LB-->EC,LB-->EC,LB-->EC,LB-->EC,LB-->EC,LB-->EC,LB-->EC,LB-->EC,LB-->EC,LB-->EC
EG,EGY,Egypt,Cairo,Africa,Northern Africa,,EG-->LB,EG-->LB,EG-->LB,EG-->LB,EG-->LB,EG-->LB,EG-->LB,EG-->LB,EG-->LB,EG-->LB,EG-->LB,EG-->LB,EG-->LB,EG-->LB,EG-->LB,EG-->LB,EG-->LB,EG-->LB,EG-->LB,,,,,,,,,,,,,,,,,LB-->EG,LB-->EG,LB-->EG,LB-->EG,LB-->EG,LB-->EG,LB-->EG,LB-->EG,LB-->EG,LB-->EG,LB-->EG,LB-->EG,LB-->EG,LB-->EG,LB-->EG,LB-->EG,LB-->EG,LB-->EG,LB-->EG
SV,SLV,El Salvador,San Salvador,Americas,Central America,,SV-->LB,SV-->LB,SV-->LB,SV-->LB,SV-->LB,SV-->LB,SV-->LB,SV-->LB,SV-->LB,SV-->LB,SV-->LB,SV-->LB,SV-->LB,SV-->LB,SV-->LB,SV-->LB,SV-->LB,SV-->LB,SV-->LB,,,,,,,,,,,,,,,,,LB-->SV,LB-->SV,LB-->SV,LB-->SV,LB-->SV,LB-->SV,LB-->SV,LB-->SV,LB-->SV,LB-->SV,LB-->SV,LB-->SV,LB-->SV,LB-->SV,LB-->SV,LB-->SV,LB-->SV,LB-->SV,LB-->SV
GQ,GNQ,Equatorial Guinea,Malabo,Africa,Middle Africa,,GQ-->LB,GQ-->LB,GQ-->LB,GQ-->LB,GQ-->LB,GQ-->LB,GQ-->LB,GQ-->LB,GQ-->LB,GQ-->LB,GQ-->LB,GQ-->LB,GQ-->LB,GQ-->LB,GQ-->LB,GQ-->LB,GQ-->LB,GQ-->LB,GQ-->LB,,,,,,,,,,,,,,,,,LB-->GQ,LB-->GQ,LB-->GQ,LB-->GQ,LB-->GQ,LB-->GQ,LB-->GQ,LB-->GQ,LB-->GQ,LB-->GQ,LB-->GQ,LB-->GQ,LB-->GQ,LB-->GQ,LB-->GQ,LB-->GQ,LB-->GQ,LB-->GQ,LB-->GQ
ER,ERI,Eritrea,Asmara,Africa,Eastern Africa,,ER-->LB,ER-->LB,ER-->LB,ER-->LB,ER-->LB,ER-->LB,ER-->LB,ER-->LB,ER-->LB,ER-->LB,ER-->LB,ER-->LB,ER-->LB,ER-->LB,ER-->LB,ER-->LB,ER-->LB,ER-->LB,ER-->LB,,,,,,,,,,,,,,,,,LB-->ER,LB-->ER,LB-->ER,LB-->ER,LB-->ER,LB-->ER,LB-->ER,LB-->ER,LB-->ER,LB-->ER,LB-->ER,LB-->ER,LB-->ER,LB-->ER,LB-->ER,LB-->ER,LB-->ER,LB-->ER,LB-->ER
EE,EST,Estonia,Tallinn,Europe,Northern Europe,,EE-->LB,EE-->LB,EE-->LB,EE-->LB,EE-->LB,EE-->LB,EE-->LB,EE-->LB,EE-->LB,EE-->LB,EE-->LB,EE-->LB,EE-->LB,EE-->LB,EE-->LB,EE-->LB,EE-->LB,EE-->LB,EE-->LB,,,,,,,,,,,,,,,,,LB-->EE,LB-->EE,LB-->EE,LB-->EE,LB-->EE,LB-->EE,LB-->EE,LB-->EE,LB-->EE,LB-->EE,LB-->EE,LB-->EE,LB-->EE,LB-->EE,LB-->EE,LB-->EE,LB-->EE,LB-->EE,LB-->EE
ET,ETH,Ethiopia,Addis Ababa,Africa,Eastern Africa,,ET-->LB,ET-->LB,ET-->LB,ET-->LB,ET-->LB,ET-->LB,ET-->LB,ET-->LB,ET-->LB,ET-->LB,ET-->LB,ET-->LB,ET-->LB,ET-->LB,ET-->LB,ET-->LB,ET-->LB,ET-->LB,ET-->LB,,,,,,,,,,,,,,,,,LB-->ET,LB-->ET,LB-->ET,LB-->ET,LB-->ET,LB-->ET,LB-->ET,LB-->ET,LB-->ET,LB-->ET,LB-->ET,LB-->ET,LB-->ET,LB-->ET,LB-->ET,LB-->ET,LB-->ET,LB-->ET,LB-->ET
FK,FLK,Falkland Islands,Stanley,Americas,South America,,FK-->LB,FK-->LB,FK-->LB,FK-->LB,FK-->LB,FK-->LB,FK-->LB,FK-->LB,FK-->LB,FK-->LB,FK-->LB,FK-->LB,FK-->LB,FK-->LB,FK-->LB,FK-->LB,FK-->LB,FK-->LB,FK-->LB,,,,,,,,,,,,,,,,,LB-->FK,LB-->FK,LB-->FK,LB-->FK,LB-->FK,LB-->FK,LB-->FK,LB-->FK,LB-->FK,LB-->FK,LB-->FK,LB-->FK,LB-->FK,LB-->FK,LB-->FK,LB-->FK,LB-->FK,LB-->FK,LB-->FK
FO,FRO,Faroe Islands,Tórshavn,Europe,Northern Europe,,FO-->LB,FO-->LB,FO-->LB,FO-->LB,FO-->LB,FO-->LB,FO-->LB,FO-->LB,FO-->LB,FO-->LB,FO-->LB,FO-->LB,FO-->LB,FO-->LB,FO-->LB,FO-->LB,FO-->LB,FO-->LB,FO-->LB,,,,,,,,,,,,,,,,,LB-->FO,LB-->FO,LB-->FO,LB-->FO,LB-->FO,LB-->FO,LB-->FO,LB-->FO,LB-->FO,LB-->FO,LB-->FO,LB-->FO,LB-->FO,LB-->FO,LB-->FO,LB-->FO,LB-->FO,LB-->FO,LB-->FO
FJ,FJI,Fiji,Suva,Oceania,Melanesia,,FJ-->LB,FJ-->LB,FJ-->LB,FJ-->LB,FJ-->LB,FJ-->LB,FJ-->LB,FJ-->LB,FJ-->LB,FJ-->LB,FJ-->LB,FJ-->LB,FJ-->LB,FJ-->LB,FJ-->LB,FJ-->LB,FJ-->LB,FJ-->LB,FJ-->LB,,,,,,,,,,,,,,,,,LB-->FJ,LB-->FJ,LB-->FJ,LB-->FJ,LB-->FJ,LB-->FJ,LB-->FJ,LB-->FJ,LB-->FJ,LB-->FJ,LB-->FJ,LB-->FJ,LB-->FJ,LB-->FJ,LB-->FJ,LB-->FJ,LB-->FJ,LB-->FJ,LB-->FJ
FI,FIN,Finland,Helsinki,Europe,Northern Europe,,FI-->LB,FI-->LB,FI-->LB,FI-->LB,FI-->LB,FI-->LB,FI-->LB,FI-->LB,FI-->LB,FI-->LB,FI-->LB,FI-->LB,FI-->LB,FI-->LB,FI-->LB,FI-->LB,FI-->LB,FI-->LB,FI-->LB,,,,,,,,,,,,,,,,,LB-->FI,LB-->FI,LB-->FI,LB-->FI,LB-->FI,LB-->FI,LB-->FI,LB-->FI,LB-->FI,LB-->FI,LB-->FI,LB-->FI,LB-->FI,LB-->FI,LB-->FI,LB-->FI,LB-->FI,LB-->FI,LB-->FI
FR,FRA,France,Paris,Europe,Western Europe,,FR-->LB,FR-->LB,FR-->LB,FR-->LB,FR-->LB,FR-->LB,FR-->LB,FR-->LB,FR-->LB,FR-->LB,FR-->LB,FR-->LB,FR-->LB,FR-->LB,FR-->LB,FR-->LB,FR-->LB,FR-->LB,FR-->LB,,,,,,,,,,,,,,,,,LB-->FR,LB-->FR,LB-->FR,LB-->FR,LB-->FR,LB-->FR,LB-->FR,LB-->FR,LB-->FR,LB-->FR,LB-->FR,LB-->FR,LB-->FR,LB-->FR,LB-->FR,LB-->FR,LB-->FR,LB-->FR,LB-->FR
GF,GUF,French Guiana,Cayenne,Americas,South America,,GF-->LB,GF-->LB,GF-->LB,GF-->LB,GF-->LB,GF-->LB,GF-->LB,GF-->LB,GF-->LB,GF-->LB,GF-->LB,GF-->LB,GF-->LB,GF-->LB,GF-->LB,GF-->LB,GF-->LB,GF-->LB,GF-->LB,,,,,,,,,,,,,,,,,LB-->GF,LB-->GF,LB-->GF,LB-->GF,LB-->GF,LB-->GF,LB-->GF,LB-->GF,LB-->GF,LB-->GF,LB-->GF,LB-->GF,LB-->GF,LB-->GF,LB-->GF,LB-->GF,LB-->GF,LB-->GF,LB-->GF
PF,PYF,French Polynesia,Papeetē,Oceania,Polynesia,,PF-->LB,PF-->LB,PF-->LB,PF-->LB,PF-->LB,PF-->LB,PF-->LB,PF-->LB,PF-->LB,PF-->LB,PF-->LB,PF-->LB,PF-->LB,PF-->LB,PF-->LB,PF-->LB,PF-->LB,PF-->LB,PF-->LB,,,,,,,,,,,,,,,,,LB-->PF,LB-->PF,LB-->PF,LB-->PF,LB-->PF,LB-->PF,LB-->PF,LB-->PF,LB-->PF,LB-->PF,LB-->PF,LB-->PF,LB-->PF,LB-->PF,LB-->PF,LB-->PF,LB-->PF,LB-->PF,LB-->PF
TF,ATF,French Southern and Antarctic Lands,Port-aux-Français,Africa,Southern Africa,,TF-->LB,TF-->LB,TF-->LB,TF-->LB,TF-->LB,TF-->LB,TF-->LB,TF-->LB,TF-->LB,TF-->LB,TF-->LB,TF-->LB,TF-->LB,TF-->LB,TF-->LB,TF-->LB,TF-->LB,TF-->LB,TF-->LB,,,,,,,,,,,,,,,,,LB-->TF,LB-->TF,LB-->TF,LB-->TF,LB-->TF,LB-->TF,LB-->TF,LB-->TF,LB-->TF,LB-->TF,LB-->TF,LB-->TF,LB-->TF,LB-->TF,LB-->TF,LB-->TF,LB-->TF,LB-->TF,LB-->TF
GA,GAB,Gabon,Libreville,Africa,Middle Africa,,GA-->LB,GA-->LB,GA-->LB,GA-->LB,GA-->LB,GA-->LB,GA-->LB,GA-->LB,GA-->LB,GA-->LB,GA-->LB,GA-->LB,GA-->LB,GA-->LB,GA-->LB,GA-->LB,GA-->LB,GA-->LB,GA-->LB,,,,,,,,,,,,,,,,,LB-->GA,LB-->GA,LB-->GA,LB-->GA,LB-->GA,LB-->GA,LB-->GA,LB-->GA,LB-->GA,LB-->GA,LB-->GA,LB-->GA,LB-->GA,LB-->GA,LB-->GA,LB-->GA,LB-->GA,LB-->GA,LB-->GA
GM,GMB,The Gambia,Banjul,Africa,Western Africa,,GM-->LB,GM-->LB,GM-->LB,GM-->LB,GM-->LB,GM-->LB,GM-->LB,GM-->LB,GM-->LB,GM-->LB,GM-->LB,GM-->LB,GM-->LB,GM-->LB,GM-->LB,GM-->LB,GM-->LB,GM-->LB,GM-->LB,,,,,,,,,,,,,,,,,LB-->GM,LB-->GM,LB-->GM,LB-->GM,LB-->GM,LB-->GM,LB-->GM,LB-->GM,LB-->GM,LB-->GM,LB-->GM,LB-->GM,LB-->GM,LB-->GM,LB-->GM,LB-->GM,LB-->GM,LB-->GM,LB-->GM
GE,GEO,Georgia,Tbilisi,Asia,Western Asia,,GE-->LB,GE-->LB,GE-->LB,GE-->LB,GE-->LB,GE-->LB,GE-->LB,GE-->LB,GE-->LB,GE-->LB,GE-->LB,GE-->LB,GE-->LB,GE-->LB,GE-->LB,GE-->LB,GE-->LB,GE-->LB,GE-->LB,,,,,,,,,,,,,,,,,LB-->GE,LB-->GE,LB-->GE,LB-->GE,LB-->GE,LB-->GE,LB-->GE,LB-->GE,LB-->GE,LB-->GE,LB-->GE,LB-->GE,LB-->GE,LB-->GE,LB-->GE,LB-->GE,LB-->GE,LB-->GE,LB-->GE
DE,DEU,Germany,Berlin,Europe,Western Europe,,DE-->LB,DE-->LB,DE-->LB,DE-->LB,DE-->LB,DE-->LB,DE-->LB,DE-->LB,DE-->LB,DE-->LB,DE-->LB,DE-->LB,DE-->LB,DE-->LB,DE-->LB,DE-->LB,DE-->LB,DE-->LB,DE-->LB,,,,,,,,,,,,,,,,,LB-->DE,LB-->DE,LB-->DE,LB-->DE,LB-->DE,LB-->DE,LB-->DE,LB-->DE,LB-->DE,LB-->DE,LB-->DE,LB-->DE,LB-->DE,LB-->DE,LB-->DE,LB-->DE,LB-->DE,LB-->DE,LB-->DE
GH,GHA,Ghana,Accra,Africa,Western Africa,,GH-->LB,GH-->LB,GH-->LB,GH-->LB,GH-->LB,GH-->LB,GH-->LB,GH-->LB,GH-->LB,GH-->LB,GH-->LB,GH-->LB,GH-->LB,GH-->LB,GH-->LB,GH-->LB,GH-->LB,GH-->LB,GH-->LB,,,,,,,,,,,,,,,,,LB-->GH,LB-->GH,LB-->GH,LB-->GH,LB-->GH,LB-->GH,LB-->GH,LB-->GH,LB-->GH,LB-->GH,LB-->GH,LB-->GH,LB-->GH,LB-->GH,LB-->GH,LB-->GH,LB-->GH,LB-->GH,LB-->GH
GI,GIB,Gibraltar,Gibraltar,Europe,Southern Europe,,GI-->LB,GI-->LB,GI-->LB,GI-->LB,GI-->LB,GI-->LB,GI-->LB,GI-->LB,GI-->LB,GI-->LB,GI-->LB,GI-->LB,GI-->LB,GI-->LB,GI-->LB,GI-->LB,GI-->LB,GI-->LB,GI-->LB,,,,,,,,,,,,,,,,,LB-->GI,LB-->GI,LB-->GI,LB-->GI,LB-->GI,LB-->GI,LB-->GI,LB-->GI,LB-->GI,LB-->GI,LB-->GI,LB-->GI,LB-->GI,LB-->GI,LB-->GI,LB-->GI,LB-->GI,LB-->GI,LB-->GI
GR,GRC,Greece,Athens,Europe,Southern Europe,,GR-->LB,GR-->LB,GR-->LB,GR-->LB,GR-->LB,GR-->LB,GR-->LB,GR-->LB,GR-->LB,GR-->LB,GR-->LB,GR-->LB,GR-->LB,GR-->LB,GR-->LB,GR-->LB,GR-->LB,GR-->LB,GR-->LB,,,,,,,,,,,,,,,,,LB-->GR,LB-->GR,LB-->GR,LB-->GR,LB-->GR,LB-->GR,LB-->GR,LB-->GR,LB-->GR,LB-->GR,LB-->GR,LB-->GR,LB-->GR,LB-->GR,LB-->GR,LB-->GR,LB-->GR,LB-->GR,LB-->GR
GL,GRL,Greenland,Nuuk,Americas,Northern America,,GL-->LB,GL-->LB,GL-->LB,GL-->LB,GL-->LB,GL-->LB,GL-->LB,GL-->LB,GL-->LB,GL-->LB,GL-->LB,GL-->LB,GL-->LB,GL-->LB,GL-->LB,GL-->LB,GL-->LB,GL-->LB,GL-->LB,,,,,,,,,,,,,,,,,LB-->GL,LB-->GL,LB-->GL,LB-->GL,LB-->GL,LB-->GL,LB-->GL,LB-->GL,LB-->GL,LB-->GL,LB-->GL,LB-->GL,LB-->GL,LB-->GL,LB-->GL,LB-->GL,LB-->GL,LB-->GL,LB-->GL
GD,GRD,Grenada,St. George's,Americas,Caribbean,,GD-->LB,GD-->LB,GD-->LB,GD-->LB,GD-->LB,GD-->LB,GD-->LB,GD-->LB,GD-->LB,GD-->LB,GD-->LB,GD-->LB,GD-->LB,GD-->LB,GD-->LB,GD-->LB,GD-->LB,GD-->LB,GD-->LB,,,,,,,,,,,,,,,,,LB-->GD,LB-->GD,LB-->GD,LB-->GD,LB-->GD,LB-->GD,LB-->GD,LB-->GD,LB-->GD,LB-->GD,LB-->GD,LB-->GD,LB-->GD,LB-->GD,LB-->GD,LB-->GD,LB-->GD,LB-->GD,LB-->GD
GP,GLP,Guadeloupe,Basse-Terre,Americas,Caribbean,,GP-->LB,GP-->LB,GP-->LB,GP-->LB,GP-->LB,GP-->LB,GP-->LB,GP-->LB,GP-->LB,GP-->LB,GP-->LB,GP-->LB,GP-->LB,GP-->LB,GP-->LB,GP-->LB,GP-->LB,GP-->LB,GP-->LB,,,,,,,,,,,,,,,,,LB-->GP,LB-->GP,LB-->GP,LB-->GP,LB-->GP,LB-->GP,LB-->GP,LB-->GP,LB-->GP,LB-->GP,LB-->GP,LB-->GP,LB-->GP,LB-->GP,LB-->GP,LB-->GP,LB-->GP,LB-->GP,LB-->GP
GU,GUM,Guam,Hagåtña,Oceania,Micronesia,,GU-->LB,GU-->LB,GU-->LB,GU-->LB,GU-->LB,GU-->LB,GU-->LB,GU-->LB,GU-->LB,GU-->LB,GU-->LB,GU-->LB,GU-->LB,GU-->LB,GU-->LB,GU-->LB,GU-->LB,GU-->LB,GU-->LB,,,,,,,,,,,,,,,,,LB-->GU,LB-->GU,LB-->GU,LB-->GU,LB-->GU,LB-->GU,LB-->GU,LB-->GU,LB-->GU,LB-->GU,LB-->GU,LB-->GU,LB-->GU,LB-->GU,LB-->GU,LB-->GU,LB-->GU,LB-->GU,LB-->GU
GT,GTM,Guatemala,Guatemala City,Americas,Central America,,GT-->LB,GT-->LB,GT-->LB,GT-->LB,GT-->LB,GT-->LB,GT-->LB,GT-->LB,GT-->LB,GT-->LB,GT-->LB,GT-->LB,GT-->LB,GT-->LB,GT-->LB,GT-->LB,GT-->LB,GT-->LB,GT-->LB,,,,,,,,,,,,,,,,,LB-->GT,LB-->GT,LB-->GT,LB-->GT,LB-->GT,LB-->GT,LB-->GT,LB-->GT,LB-->GT,LB-->GT,LB-->GT,LB-->GT,LB-->GT,LB-->GT,LB-->GT,LB-->GT,LB-->GT,LB-->GT,LB-->GT
GG,GGY,Guernsey,St. Peter Port,Europe,Northern Europe,,GG-->LB,GG-->LB,GG-->LB,GG-->LB,GG-->LB,GG-->LB,GG-->LB,GG-->LB,GG-->LB,GG-->LB,GG-->LB,GG-->LB,GG-->LB,GG-->LB,GG-->LB,GG-->LB,GG-->LB,GG-->LB,GG-->LB,,,,,,,,,,,,,,,,,LB-->GG,LB-->GG,LB-->GG,LB-->GG,LB-->GG,LB-->GG,LB-->GG,LB-->GG,LB-->GG,LB-->GG,LB-->GG,LB-->GG,LB-->GG,LB-->GG,LB-->GG,LB-->GG,LB-->GG,LB-->GG,LB-->GG
GN,GIN,Guinea,Conakry,Africa,Western Africa,,GN-->LB,GN-->LB,GN-->LB,GN-->LB,GN-->LB,GN-->LB,GN-->LB,GN-->LB,GN-->LB,GN-->LB,GN-->LB,GN-->LB,GN-->LB,GN-->LB,GN-->LB,GN-->LB,GN-->LB,GN-->LB,GN-->LB,,,,,,,,,,,,,,,,,LB-->GN,LB-->GN,LB-->GN,LB-->GN,LB-->GN,LB-->GN,LB-->GN,LB-->GN,LB-->GN,LB-->GN,LB-->GN,LB-->GN,LB-->GN,LB-->GN,LB-->GN,LB-->GN,LB-->GN,LB-->GN,LB-->GN
GW,GNB,Guinea-Bissau,Bissau,Africa,Western Africa,,GW-->LB,GW-->LB,GW-->LB,GW-->LB,GW-->LB,GW-->LB,GW-->LB,GW-->LB,GW-->LB,GW-->LB,GW-->LB,GW-->LB,GW-->LB,GW-->LB,GW-->LB,GW-->LB,GW-->LB,GW-->LB,GW-->LB,,,,,,,,,,,,,,,,,LB-->GW,LB-->GW,LB-->GW,LB-->GW,LB-->GW,LB-->GW,LB-->GW,LB-->GW,LB-->GW,LB-->GW,LB-->GW,LB-->GW,LB-->GW,LB-->GW,LB-->GW,LB-->GW,LB-->GW,LB-->GW,LB-->GW
GY,GUY,Guyana,Georgetown,Americas,South America,,GY-->LB,GY-->LB,GY-->LB,GY-->LB,GY-->LB,GY-->LB,GY-->LB,GY-->LB,GY-->LB,GY-->LB,GY-->LB,GY-->LB,GY-->LB,GY-->LB,GY-->LB,GY-->LB,GY-->LB,GY-->LB,GY-->LB,,,,,,,,,,,,,,,,,LB-->GY,LB-->GY,LB-->GY,LB-->GY,LB-->GY,LB-->GY,LB-->GY,LB-->GY,LB-->GY,LB-->GY,LB-->GY,LB-->GY,LB-->GY,LB-->GY,LB-->GY,LB-->GY,LB-->GY,LB-->GY,LB-->GY
HT,HTI,Haiti,Port-au-Prince,Americas,Caribbean,,HT-->LB,HT-->LB,HT-->LB,HT-->LB,HT-->LB,HT-->LB,HT-->LB,HT-->LB,HT-->LB,HT-->LB,HT-->LB,HT-->LB,HT-->LB,HT-->LB,HT-->LB,HT-->LB,HT-->LB,HT-->LB,HT-->LB,,,,,,,,,,,,,,,,,LB-->HT,LB-->HT,LB-->HT,LB-->HT,LB-->HT,LB-->HT,LB-->HT,LB-->HT,LB-->HT,LB-->HT,LB-->HT,LB-->HT,LB-->HT,LB-->HT,LB-->HT,LB-->HT,LB-->HT,LB-->HT,LB-->HT
HM,HMD,Heard Island and McDonald Islands,,,,,HM-->LB,HM-->LB,HM-->LB,HM-->LB,HM-->LB,HM-->LB,HM-->LB,HM-->LB,HM-->LB,HM-->LB,HM-->LB,HM-->LB,HM-->LB,HM-->LB,HM-->LB,HM-->LB,HM-->LB,HM-->LB,HM-->LB,,,,,,,,,,,,,,,,,LB-->HM,LB-->HM,LB-->HM,LB-->HM,LB-->HM,LB-->HM,LB-->HM,LB-->HM,LB-->HM,LB-->HM,LB-->HM,LB-->HM,LB-->HM,LB-->HM,LB-->HM,LB-->HM,LB-->HM,LB-->HM,LB-->HM
VA,VAT,Holy See,Rome,Europe,Southern Europe,,VA-->LB,VA-->LB,VA-->LB,VA-->LB,VA-->LB,VA-->LB,VA-->LB,VA-->LB,VA-->LB,VA-->LB,VA-->LB,VA-->LB,VA-->LB,VA-->LB,VA-->LB,VA-->LB,VA-->LB,VA-->LB,VA-->LB,,,,,,,,,,,,,,,,,LB-->VA,LB-->VA,LB-->VA,LB-->VA,LB-->VA,LB-->VA,LB-->VA,LB-->VA,LB-->VA,LB-->VA,LB-->VA,LB-->VA,LB-->VA,LB-->VA,LB-->VA,LB-->VA,LB-->VA,LB-->VA,LB-->VA
HN,HND,Honduras,Tegucigalpa,Americas,Central America,,HN-->LB,HN-->LB,HN-->LB,HN-->LB,HN-->LB,HN-->LB,HN-->LB,HN-->LB,HN-->LB,HN-->LB,HN-->LB,HN-->LB,HN-->LB,HN-->LB,HN-->LB,HN-->LB,HN-->LB,HN-->LB,HN-->LB,,,,,,,,,,,,,,,,,LB-->HN,LB-->HN,LB-->HN,LB-->HN,LB-->HN,LB-->HN,LB-->HN,LB-->HN,LB-->HN,LB-->HN,LB-->HN,LB-->HN,LB-->HN,LB-->HN,LB-->HN,LB-->HN,LB-->HN,LB-->HN,LB-->HN
HK,HKG,Hong Kong,City of Victoria,Asia,Eastern Asia,,HK-->LB,HK-->LB,HK-->LB,HK-->LB,HK-->LB,HK-->LB,HK-->LB,HK-->LB,HK-->LB,HK-->LB,HK-->LB,HK-->LB,HK-->LB,HK-->LB,HK-->LB,HK-->LB,HK-->LB,HK-->LB,HK-->LB,,,,,,,,,,,,,,,,,LB-->HK,LB-->HK,LB-->HK,LB-->HK,LB-->HK,LB-->HK,LB-->HK,LB-->HK,LB-->HK,LB-->HK,LB-->HK,LB-->HK,LB-->HK,LB-->HK,LB-->HK,LB-->HK,LB-->HK,LB-->HK,LB-->HK
HU,HUN,Hungary,Budapest,Europe,Eastern Europe,,HU-->LB,HU-->LB,HU-->LB,HU-->LB,HU-->LB,HU-->LB,HU-->LB,HU-->LB,HU-->LB,HU-->LB,HU-->LB,HU-->LB,HU-->LB,HU-->LB,HU-->LB,HU-->LB,HU-->LB,HU-->LB,HU-->LB,,,,,,,,,,,,,,,,,LB-->HU,LB-->HU,LB-->HU,LB-->HU,LB-->HU,LB-->HU,LB-->HU,LB-->HU,LB-->HU,LB-->HU,LB-->HU,LB-->HU,LB-->HU,LB-->HU,LB-->HU,LB-->HU,LB-->HU,LB-->HU,LB-->HU
IS,ISL,Iceland,Reykjavík,Europe,Northern Europe,,IS-->LB,IS-->LB,IS-->LB,IS-->LB,IS-->LB,IS-->LB,IS-->LB,IS-->LB,IS-->LB,IS-->LB,IS-->LB,IS-->LB,IS-->LB,IS-->LB,IS-->LB,IS-->LB,IS-->LB,IS-->LB,IS-->LB,,,,,,,,,,,,,,,,,LB-->IS,LB-->IS,LB-->IS,LB-->IS,LB-->IS,LB-->IS,LB-->IS,LB-->IS,LB-->IS,LB-->IS,LB-->IS,LB-->IS,LB-->IS,LB-->IS,LB-->IS,LB-->IS,LB-->IS,LB-->IS,LB-->IS
IN,IND,India,New Delhi,Asia,Southern Asia,,IN-->LB,IN-->LB,IN-->LB,IN-->LB,IN-->LB,IN-->LB,IN-->LB,IN-->LB,IN-->LB,IN-->LB,IN-->LB,IN-->LB,IN-->LB,IN-->LB,IN-->LB,IN-->LB,IN-->LB,IN-->LB,IN-->LB,,,,,,,,,,,,,,,,,LB-->IN,LB-->IN,LB-->IN,LB-->IN,LB-->IN,LB-->IN,LB-->IN,LB-->IN,LB-->IN,LB-->IN,LB-->IN,LB-->IN,LB-->IN,LB-->IN,LB-->IN,LB-->IN,LB-->IN,LB-->IN,LB-->IN
ID,IDN,Indonesia,Jakarta,Asia,South-Eastern Asia,,ID-->LB,ID-->LB,ID-->LB,ID-->LB,ID-->LB,ID-->LB,ID-->LB,ID-->LB,ID-->LB,ID-->LB,ID-->LB,ID-->LB,ID-->LB,ID-->LB,ID-->LB,ID-->LB,ID-->LB,ID-->LB,ID-->LB,,,,,,,,,,,,,,,,,LB-->ID,LB-->ID,LB-->ID,LB-->ID,LB-->ID,LB-->ID,LB-->ID,LB-->ID,LB-->ID,LB-->ID,LB-->ID,LB-->ID,LB-->ID,LB-->ID,LB-->ID,LB-->ID,LB-->ID,LB-->ID,LB-->ID
CI,CIV,Ivory Coast,Yamoussoukro,Africa,Western Africa,,CI-->LB,CI-->LB,CI-->LB,CI-->LB,CI-->LB,CI-->LB,CI-->LB,CI-->LB,CI-->LB,CI-->LB,CI-->LB,CI-->LB,CI-->LB,CI-->LB,CI-->LB,CI-->LB,CI-->LB,CI-->LB,CI-->LB,,,,,,,,,,,,,,,,,LB-->CI,LB-->CI,LB-->CI,LB-->CI,LB-->CI,LB-->CI,LB-->CI,LB-->CI,LB-->CI,LB-->CI,LB-->CI,LB-->CI,LB-->CI,LB-->CI,LB-->CI,LB-->CI,LB-->CI,LB-->CI,LB-->CI
IR,IRN,Iran,Tehran,Asia,Southern Asia,,IR-->LB,IR-->LB,IR-->LB,IR-->LB,IR-->LB,IR-->LB,IR-->LB,IR-->LB,IR-->LB,IR-->LB,IR-->LB,IR-->LB,IR-->LB,IR-->LB,IR-->LB,IR-->LB,IR-->LB,IR-->LB,IR-->LB,,,,,,,,,,,,,,,,,LB-->IR,LB-->IR,LB-->IR,LB-->IR,LB-->IR,LB-->IR,LB-->IR,LB-->IR,LB-->IR,LB-->IR,LB-->IR,LB-->IR,LB-->IR,LB-->IR,LB-->IR,LB-->IR,LB-->IR,LB-->IR,LB-->IR
IQ,IRQ,Iraq,Baghdad,Asia,Western Asia,,IQ-->LB,IQ-->LB,IQ-->LB,IQ-->LB,IQ-->LB,IQ-->LB,IQ-->LB,IQ-->LB,IQ-->LB,IQ-->LB,IQ-->LB,IQ-->LB,IQ-->LB,IQ-->LB,IQ-->LB,IQ-->LB,IQ-->LB,IQ-->LB,IQ-->LB,,,,,,,,,,,,,,,,,LB-->IQ,LB-->IQ,LB-->IQ,LB-->IQ,LB-->IQ,LB-->IQ,LB-->IQ,LB-->IQ,LB-->IQ,LB-->IQ,LB-->IQ,LB-->IQ,LB-->IQ,LB-->IQ,LB-->IQ,LB-->IQ,LB-->IQ,LB-->IQ,LB-->IQ
IE,IRL,Republic of Ireland,Dublin,Europe,Northern Europe,,IE-->LB,IE-->LB,IE-->LB,IE-->LB,IE-->LB,IE-->LB,IE-->LB,IE-->LB,IE-->LB,IE-->LB,IE-->LB,IE-->LB,IE-->LB,IE-->LB,IE-->LB,IE-->LB,IE-->LB,IE-->LB,IE-->LB,,,,,,,,,,,,,,,,,LB-->IE,LB-->IE,LB-->IE,LB-->IE,LB-->IE,LB-->IE,LB-->IE,LB-->IE,LB-->IE,LB-->IE,LB-->IE,LB-->IE,LB-->IE,LB-->IE,LB-->IE,LB-->IE,LB-->IE,LB-->IE,LB-->IE
IM,IMN,Isle of Man,Douglas,Europe,Northern Europe,,IM-->LB,IM-->LB,IM-->LB,IM-->LB,IM-->LB,IM-->LB,IM-->LB,IM-->LB,IM-->LB,IM-->LB,IM-->LB,IM-->LB,IM-->LB,IM-->LB,IM-->LB,IM-->LB,IM-->LB,IM-->LB,IM-->LB,,,,,,,,,,,,,,,,,LB-->IM,LB-->IM,LB-->IM,LB-->IM,LB-->IM,LB-->IM,LB-->IM,LB-->IM,LB-->IM,LB-->IM,LB-->IM,LB-->IM,LB-->IM,LB-->IM,LB-->IM,LB-->IM,LB-->IM,LB-->IM,LB-->IM
IL,ISR,Israel,Jerusalem,Asia,Western Asia,,IL-->LB,IL-->LB,IL-->LB,IL-->LB,IL-->LB,IL-->LB,IL-->LB,IL-->LB,IL-->LB,IL-->LB,IL-->LB,IL-->LB,IL-->LB,IL-->LB,IL-->LB,IL-->LB,IL-->LB,IL-->LB,IL-->LB,,,,,,,,,,,,,,,,,LB-->IL,LB-->IL,LB-->IL,LB-->IL,LB-->IL,LB-->IL,LB-->IL,LB-->IL,LB-->IL,LB-->IL,LB-->IL,LB-->IL,LB-->IL,LB-->IL,LB-->IL,LB-->IL,LB-->IL,LB-->IL,LB-->IL
IT,ITA,Italy,Rome,Europe,Southern Europe,,IT-->LB,IT-->LB,IT-->LB,IT-->LB,IT-->LB,IT-->LB,IT-->LB,IT-->LB,IT-->LB,IT-->LB,IT-->LB,IT-->LB,IT-->LB,IT-->LB,IT-->LB,IT-->LB,IT-->LB,IT-->LB,IT-->LB,,,,,,,,,,,,,,,,,LB-->IT,LB-->IT,LB-->IT,LB-->IT,LB-->IT,LB-->IT,LB-->IT,LB-->IT,LB-->IT,LB-->IT,LB-->IT,LB-->IT,LB-->IT,LB-->IT,LB-->IT,LB-->IT,LB-->IT,LB-->IT,LB-->IT
JM,JAM,Jamaica,Kingston,Americas,Caribbean,,JM-->LB,JM-->LB,JM-->LB,JM-->LB,JM-->LB,JM-->LB,JM-->LB,JM-->LB,JM-->LB,JM-->LB,JM-->LB,JM-->LB,JM-->LB,JM-->LB,JM-->LB,JM-->LB,JM-->LB,JM-->LB,JM-->LB,,,,,,,,,,,,,,,,,LB-->JM,LB-->JM,LB-->JM,LB-->JM,LB-->JM,LB-->JM,LB-->JM,LB-->JM,LB-->JM,LB-->JM,LB-->JM,LB-->JM,LB-->JM,LB-->JM,LB-->JM,LB-->JM,LB-->JM,LB-->JM,LB-->JM
JP,JPN,Japan,Tokyo,Asia,Eastern Asia,,JP-->LB,JP-->LB,JP-->LB,JP-->LB,JP-->LB,JP-->LB,JP-->LB,JP-->LB,JP-->LB,JP-->LB,JP-->LB,JP-->LB,JP-->LB,JP-->LB,JP-->LB,JP-->LB,JP-->LB,JP-->LB,JP-->LB,,,,,,,,,,,,,,,,,LB-->JP,LB-->JP,LB-->JP,LB-->JP,LB-->JP,LB-->JP,LB-->JP,LB-->JP,LB-->JP,LB-->JP,LB-->JP,LB-->JP,LB-->JP,LB-->JP,LB-->JP,LB-->JP,LB-->JP,LB-->JP,LB-->JP
JE,JEY,Jersey,Saint Helier,Europe,Northern Europe,,JE-->LB,JE-->LB,JE-->LB,JE-->LB,JE-->LB,JE-->LB,JE-->LB,JE-->LB,JE-->LB,JE-->LB,JE-->LB,JE-->LB,JE-->LB,JE-->LB,JE-->LB,JE-->LB,JE-->LB,JE-->LB,JE-->LB,,,,,,,,,,,,,,,,,LB-->JE,LB-->JE,LB-->JE,LB-->JE,LB-->JE,LB-->JE,LB-->JE,LB-->JE,LB-->JE,LB-->JE,LB-->JE,LB-->JE,LB-->JE,LB-->JE,LB-->JE,LB-->JE,LB-->JE,LB-->JE,LB-->JE
JO,JOR,Jordan,Amman,Asia,Western Asia,,JO-->LB,JO-->LB,JO-->LB,JO-->LB,JO-->LB,JO-->LB,JO-->LB,JO-->LB,JO-->LB,JO-->LB,JO-->LB,JO-->LB,JO-->LB,JO-->LB,JO-->LB,JO-->LB,JO-->LB,JO-->LB,JO-->LB,,,,,,,,,,,,,,,,,LB-->JO,LB-->JO,LB-->JO,LB-->JO,LB-->JO,LB-->JO,LB-->JO,LB-->JO,LB-->JO,LB-->JO,LB-->JO,LB-->JO,LB-->JO,LB-->JO,LB-->JO,LB-->JO,LB-->JO,LB-->JO,LB-->JO
KZ,KAZ,Kazakhstan,Astana,Asia,Central Asia,,KZ-->LB,KZ-->LB,KZ-->LB,KZ-->LB,KZ-->LB,KZ-->LB,KZ-->LB,KZ-->LB,KZ-->LB,KZ-->LB,KZ-->LB,KZ-->LB,KZ-->LB,KZ-->LB,KZ-->LB,KZ-->LB,KZ-->LB,KZ-->LB,KZ-->LB,,,,,,,,,,,,,,,,,LB-->KZ,LB-->KZ,LB-->KZ,LB-->KZ,LB-->KZ,LB-->KZ,LB-->KZ,LB-->KZ,LB-->KZ,LB-->KZ,LB-->KZ,LB-->KZ,LB-->KZ,LB-->KZ,LB-->KZ,LB-->KZ,LB-->KZ,LB-->KZ,LB-->KZ
KE,KEN,Kenya,Nairobi,Africa,Eastern Africa,,KE-->LB,KE-->LB,KE-->LB,KE-->LB,KE-->LB,KE-->LB,KE-->LB,KE-->LB,KE-->LB,KE-->LB,KE-->LB,KE-->LB,KE-->LB,KE-->LB,KE-->LB,KE-->LB,KE-->LB,KE-->LB,KE-->LB,,,,,,,,,,,,,,,,,LB-->KE,LB-->KE,LB-->KE,LB-->KE,LB-->KE,LB-->KE,LB-->KE,LB-->KE,LB-->KE,LB-->KE,LB-->KE,LB-->KE,LB-->KE,LB-->KE,LB-->KE,LB-->KE,LB-->KE,LB-->KE,LB-->KE
KI,KIR,Kiribati,South Tarawa,Oceania,Micronesia,,KI-->LB,KI-->LB,KI-->LB,KI-->LB,KI-->LB,KI-->LB,KI-->LB,KI-->LB,KI-->LB,KI-->LB,KI-->LB,KI-->LB,KI-->LB,KI-->LB,KI-->LB,KI-->LB,KI-->LB,KI-->LB,KI-->LB,,,,,,,,,,,,,,,,,LB-->KI,LB-->KI,LB-->KI,LB-->KI,LB-->KI,LB-->KI,LB-->KI,LB-->KI,LB-->KI,LB-->KI,LB-->KI,LB-->KI,LB-->KI,LB-->KI,LB-->KI,LB-->KI,LB-->KI,LB-->KI,LB-->KI
KW,KWT,Kuwait,Kuwait City,Asia,Western Asia,,KW-->LB,KW-->LB,KW-->LB,KW-->LB,KW-->LB,KW-->LB,KW-->LB,KW-->LB,KW-->LB,KW-->LB,KW-->LB,KW-->LB,KW-->LB,KW-->LB,KW-->LB,KW-->LB,KW-->LB,KW-->LB,KW-->LB,,,,,,,,,,,,,,,,,LB-->KW,LB-->KW,LB-->KW,LB-->KW,LB-->KW,LB-->KW,LB-->KW,LB-->KW,LB-->KW,LB-->KW,LB-->KW,LB-->KW,LB-->KW,LB-->KW,LB-->KW,LB-->KW,LB-->KW,LB-->KW,LB-->KW
KG,KGZ,Kyrgyzstan,Bishkek,Asia,Central Asia,,KG-->LB,KG-->LB,KG-->LB,KG-->LB,KG-->LB,KG-->LB,KG-->LB,KG-->LB,KG-->LB,KG-->LB,KG-->LB,KG-->LB,KG-->LB,KG-->LB,KG-->LB,KG-->LB,KG-->LB,KG-->LB,KG-->LB,,,,,,,,,,,,,,,,,LB-->KG,LB-->KG,LB-->KG,LB-->KG,LB-->KG,LB-->KG,LB-->KG,LB-->KG,LB-->KG,LB-->KG,LB-->KG,LB-->KG,LB-->KG,LB-->KG,LB-->KG,LB-->KG,LB-->KG,LB-->KG,LB-->KG
LA,LAO,Laos,Vientiane,Asia,South-Eastern Asia,,LA-->LB,LA-->LB,LA-->LB,LA-->LB,LA-->LB,LA-->LB,LA-->LB,LA-->LB,LA-->LB,LA-->LB,LA-->LB,LA-->LB,LA-->LB,LA-->LB,LA-->LB,LA-->LB,LA-->LB,LA-->LB,LA-->LB,,,,,,,,,,,,,,,,,LB-->LA,LB-->LA,LB-->LA,LB-->LA,LB-->LA,LB-->LA,LB-->LA,LB-->LA,LB-->LA,LB-->LA,LB-->LA,LB-->LA,LB-->LA,LB-->LA,LB-->LA,LB-->LA,LB-->LA,LB-->LA,LB-->LA
LV,LVA,Latvia,Riga,Europe,Northern Europe,,LV-->LB,LV-->LB,LV-->LB,LV-->LB,LV-->LB,LV-->LB,LV-->LB,LV-->LB,LV-->LB,LV-->LB,LV-->LB,LV-->LB,LV-->LB,LV-->LB,LV-->LB,LV-->LB,LV-->LB,LV-->LB,LV-->LB,,,,,,,,,,,,,,,,,LB-->LV,LB-->LV,LB-->LV,LB-->LV,LB-->LV,LB-->LV,LB-->LV,LB-->LV,LB-->LV,LB-->LV,LB-->LV,LB-->LV,LB-->LV,LB-->LV,LB-->LV,LB-->LV,LB-->LV,LB-->LV,LB-->LV
LB,LBN,Lebanon,Beirut,Asia,Western Asia,,LB-->LB,LB-->LB,LB-->LB,LB-->LB,LB-->LB,LB-->LB,LB-->LB,LB-->LB,LB-->LB,LB-->LB,LB-->LB,LB-->LB,LB-->LB,LB-->LB,LB-->LB,LB-->LB,LB-->LB,LB-->LB,LB-->LB,,,,,,,,,,,,,,,,,LB-->LB,LB-->LB,LB-->LB,LB-->LB,LB-->LB,LB-->LB,LB-->LB,LB-->LB,LB-->LB,LB-->LB,LB-->LB,LB-->LB,LB-->LB,LB-->LB,LB-->LB,LB-->LB,LB-->LB,LB-->LB,LB-->LB
LS,LSO,Lesotho,Maseru,Africa,Southern Africa,,LS-->LB,LS-->LB,LS-->LB,LS-->LB,LS-->LB,LS-->LB,LS-->LB,LS-->LB,LS-->LB,LS-->LB,LS-->LB,LS-->LB,LS-->LB,LS-->LB,LS-->LB,LS-->LB,LS-->LB,LS-->LB,LS-->LB,,,,,,,,,,,,,,,,,LB-->LS,LB-->LS,LB-->LS,LB-->LS,LB-->LS,LB-->LS,LB-->LS,LB-->LS,LB-->LS,LB-->LS,LB-->LS,LB-->LS,LB-->LS,LB-->LS,LB-->LS,LB-->LS,LB-->LS,LB-->LS,LB-->LS
LR,LBR,Liberia,Monrovia,Africa,Western Africa,,LR-->LB,LR-->LB,LR-->LB,LR-->LB,LR-->LB,LR-->LB,LR-->LB,LR-->LB,LR-->LB,LR-->LB,LR-->LB,LR-->LB,LR-->LB,LR-->LB,LR-->LB,LR-->LB,LR-->LB,LR-->LB,LR-->LB,,,,,,,,,,,,,,,,,LB-->LR,LB-->LR,LB-->LR,LB-->LR,LB-->LR,LB-->LR,LB-->LR,LB-->LR,LB-->LR,LB-->LR,LB-->LR,LB-->LR,LB-->LR,LB-->LR,LB-->LR,LB-->LR,LB-->LR,LB-->LR,LB-->LR
LY,LBY,Libya,Tripoli,Africa,Northern Africa,,LY-->LB,LY-->LB,LY-->LB,LY-->LB,LY-->LB,LY-->LB,LY-->LB,LY-->LB,LY-->LB,LY-->LB,LY-->LB,LY-->LB,LY-->LB,LY-->LB,LY-->LB,LY-->LB,LY-->LB,LY-->LB,LY-->LB,,,,,,,,,,,,,,,,,LB-->LY,LB-->LY,LB-->LY,LB-->LY,LB-->LY,LB-->LY,LB-->LY,LB-->LY,LB-->LY,LB-->LY,LB-->LY,LB-->LY,LB-->LY,LB-->LY,LB-->LY,LB-->LY,LB-->LY,LB-->LY,LB-->LY
LI,LIE,Liechtenstein,Vaduz,Europe,Western Europe,,LI-->LB,LI-->LB,LI-->LB,LI-->LB,LI-->LB,LI-->LB,LI-->LB,LI-->LB,LI-->LB,LI-->LB,LI-->LB,LI-->LB,LI-->LB,LI-->LB,LI-->LB,LI-->LB,LI-->LB,LI-->LB,LI-->LB,,,,,,,,,,,,,,,,,LB-->LI,LB-->LI,LB-->LI,LB-->LI,LB-->LI,LB-->LI,LB-->LI,LB-->LI,LB-->LI,LB-->LI,LB-->LI,LB-->LI,LB-->LI,LB-->LI,LB-->LI,LB-->LI,LB-->LI,LB-->LI,LB-->LI
LT,LTU,Lithuania,Vilnius,Europe,Northern Europe,,LT-->LB,LT-->LB,LT-->LB,LT-->LB,LT-->LB,LT-->LB,LT-->LB,LT-->LB,LT-->LB,LT-->LB,LT-->LB,LT-->LB,LT-->LB,LT-->LB,LT-->LB,LT-->LB,LT-->LB,LT-->LB,LT-->LB,,,,,,,,,,,,,,,,,LB-->LT,LB-->LT,LB-->LT,LB-->LT,LB-->LT,LB-->LT,LB-->LT,LB-->LT,LB-->LT,LB-->LT,LB-->LT,LB-->LT,LB-->LT,LB-->LT,LB-->LT,LB-->LT,LB-->LT,LB-->LT,LB-->LT
LU,LUX,Luxembourg,Luxembourg,Europe,Western Europe,,LU-->LB,LU-->LB,LU-->LB,LU-->LB,LU-->LB,LU-->LB,LU-->LB,LU-->LB,LU-->LB,LU-->LB,LU-->LB,LU-->LB,LU-->LB,LU-->LB,LU-->LB,LU-->LB,LU-->LB,LU-->LB,LU-->LB,,,,,,,,,,,,,,,,,LB-->LU,LB-->LU,LB-->LU,LB-->LU,LB-->LU,LB-->LU,LB-->LU,LB-->LU,LB-->LU,LB-->LU,LB-->LU,LB-->LU,LB-->LU,LB-->LU,LB-->LU,LB-->LU,LB-->LU,LB-->LU,LB-->LU
MO,MAC,Macau,,Asia,Eastern Asia,,MO-->LB,MO-->LB,MO-->LB,MO-->LB,MO-->LB,MO-->LB,MO-->LB,MO-->LB,MO-->LB,MO-->LB,MO-->LB,MO-->LB,MO-->LB,MO-->LB,MO-->LB,MO-->LB,MO-->LB,MO-->LB,MO-->LB,,,,,,,,,,,,,,,,,LB-->MO,LB-->MO,LB-->MO,LB-->MO,LB-->MO,LB-->MO,LB-->MO,LB-->MO,LB-->MO,LB-->MO,LB-->MO,LB-->MO,LB-->MO,LB-->MO,LB-->MO,LB-->MO,LB-->MO,LB-->MO,LB-->MO
MK,MKD,Republic of Macedonia,Skopje,Europe,Southern Europe,,MK-->LB,MK-->LB,MK-->LB,MK-->LB,MK-->LB,MK-->LB,MK-->LB,MK-->LB,MK-->LB,MK-->LB,MK-->LB,MK-->LB,MK-->LB,MK-->LB,MK-->LB,MK-->LB,MK-->LB,MK-->LB,MK-->LB,,,,,,,,,,,,,,,,,LB-->MK,LB-->MK,LB-->MK,LB-->MK,LB-->MK,LB-->MK,LB-->MK,LB-->MK,LB-->MK,LB-->MK,LB-->MK,LB-->MK,LB-->MK,LB-->MK,LB-->MK,LB-->MK,LB-->MK,LB-->MK,LB-->MK
MG,MDG,Madagascar,Antananarivo,Africa,Eastern Africa,,MG-->LB,MG-->LB,MG-->LB,MG-->LB,MG-->LB,MG-->LB,MG-->LB,MG-->LB,MG-->LB,MG-->LB,MG-->LB,MG-->LB,MG-->LB,MG-->LB,MG-->LB,MG-->LB,MG-->LB,MG-->LB,MG-->LB,,,,,,,,,,,,,,,,,LB-->MG,LB-->MG,LB-->MG,LB-->MG,LB-->MG,LB-->MG,LB-->MG,LB-->MG,LB-->MG,LB-->MG,LB-->MG,LB-->MG,LB-->MG,LB-->MG,LB-->MG,LB-->MG,LB-->MG,LB-->MG,LB-->MG
MW,MWI,Malawi,Lilongwe,Africa,Eastern Africa,,MW-->LB,MW-->LB,MW-->LB,MW-->LB,MW-->LB,MW-->LB,MW-->LB,MW-->LB,MW-->LB,MW-->LB,MW-->LB,MW-->LB,MW-->LB,MW-->LB,MW-->LB,MW-->LB,MW-->LB,MW-->LB,MW-->LB,,,,,,,,,,,,,,,,,LB-->MW,LB-->MW,LB-->MW,LB-->MW,LB-->MW,LB-->MW,LB-->MW,LB-->MW,LB-->MW,LB-->MW,LB-->MW,LB-->MW,LB-->MW,LB-->MW,LB-->MW,LB-->MW,LB-->MW,LB-->MW,LB-->MW
MY,MYS,Malaysia,Kuala Lumpur,Asia,South-Eastern Asia,,MY-->LB,MY-->LB,MY-->LB,MY-->LB,MY-->LB,MY-->LB,MY-->LB,MY-->LB,MY-->LB,MY-->LB,MY-->LB,MY-->LB,MY-->LB,MY-->LB,MY-->LB,MY-->LB,MY-->LB,MY-->LB,MY-->LB,,,,,,,,,,,,,,,,,LB-->MY,LB-->MY,LB-->MY,LB-->MY,LB-->MY,LB-->MY,LB-->MY,LB-->MY,LB-->MY,LB-->MY,LB-->MY,LB-->MY,LB-->MY,LB-->MY,LB-->MY,LB-->MY,LB-->MY,LB-->MY,LB-->MY
MV,MDV,Maldives,Malé,Asia,Southern Asia,,MV-->LB,MV-->LB,MV-->LB,MV-->LB,MV-->LB,MV-->LB,MV-->LB,MV-->LB,MV-->LB,MV-->LB,MV-->LB,MV-->LB,MV-->LB,MV-->LB,MV-->LB,MV-->LB,MV-->LB,MV-->LB,MV-->LB,,,,,,,,,,,,,,,,,LB-->MV,LB-->MV,LB-->MV,LB-->MV,LB-->MV,LB-->MV,LB-->MV,LB-->MV,LB-->MV,LB-->MV,LB-->MV,LB-->MV,LB-->MV,LB-->MV,LB-->MV,LB-->MV,LB-->MV,LB-->MV,LB-->MV
ML,MLI,Mali,Bamako,Africa,Western Africa,,ML-->LB,ML-->LB,ML-->LB,ML-->LB,ML-->LB,ML-->LB,ML-->LB,ML-->LB,ML-->LB,ML-->LB,ML-->LB,ML-->LB,ML-->LB,ML-->LB,ML-->LB,ML-->LB,ML-->LB,ML-->LB,ML-->LB,,,,,,,,,,,,,,,,,LB-->ML,LB-->ML,LB-->ML,LB-->ML,LB-->ML,LB-->ML,LB-->ML,LB-->ML,LB-->ML,LB-->ML,LB-->ML,LB-->ML,LB-->ML,LB-->ML,LB-->ML,LB-->ML,LB-->ML,LB-->ML,LB-->ML
MT,MLT,Malta,Valletta,Europe,Southern Europe,,MT-->LB,MT-->LB,MT-->LB,MT-->LB,MT-->LB,MT-->LB,MT-->LB,MT-->LB,MT-->LB,MT-->LB,MT-->LB,MT-->LB,MT-->LB,MT-->LB,MT-->LB,MT-->LB,MT-->LB,MT-->LB,MT-->LB,,,,,,,,,,,,,,,,,LB-->MT,LB-->MT,LB-->MT,LB-->MT,LB-->MT,LB-->MT,LB-->MT,LB-->MT,LB-->MT,LB-->MT,LB-->MT,LB-->MT,LB-->MT,LB-->MT,LB-->MT,LB-->MT,LB-->MT,LB-->MT,LB-->MT
MH,MHL,Marshall Islands,Majuro,Oceania,Micronesia,,MH-->LB,MH-->LB,MH-->LB,MH-->LB,MH-->LB,MH-->LB,MH-->LB,MH-->LB,MH-->LB,MH-->LB,MH-->LB,MH-->LB,MH-->LB,MH-->LB,MH-->LB,MH-->LB,MH-->LB,MH-->LB,MH-->LB,,,,,,,,,,,,,,,,,LB-->MH,LB-->MH,LB-->MH,LB-->MH,LB-->MH,LB-->MH,LB-->MH,LB-->MH,LB-->MH,LB-->MH,LB-->MH,LB-->MH,LB-->MH,LB-->MH,LB-->MH,LB-->MH,LB-->MH,LB-->MH,LB-->MH
MQ,MTQ,Martinique,Fort-de-France,Americas,Caribbean,,MQ-->LB,MQ-->LB,MQ-->LB,MQ-->LB,MQ-->LB,MQ-->LB,MQ-->LB,MQ-->LB,MQ-->LB,MQ-->LB,MQ-->LB,MQ-->LB,MQ-->LB,MQ-->LB,MQ-->LB,MQ-->LB,MQ-->LB,MQ-->LB,MQ-->LB,,,,,,,,,,,,,,,,,LB-->MQ,LB-->MQ,LB-->MQ,LB-->MQ,LB-->MQ,LB-->MQ,LB-->MQ,LB-->MQ,LB-->MQ,LB-->MQ,LB-->MQ,LB-->MQ,LB-->MQ,LB-->MQ,LB-->MQ,LB-->MQ,LB-->MQ,LB-->MQ,LB-->MQ
MR,MRT,Mauritania,Nouakchott,Africa,Western Africa,,MR-->LB,MR-->LB,MR-->LB,MR-->LB,MR-->LB,MR-->LB,MR-->LB,MR-->LB,MR-->LB,MR-->LB,MR-->LB,MR-->LB,MR-->LB,MR-->LB,MR-->LB,MR-->LB,MR-->LB,MR-->LB,MR-->LB,0.0,,,,,,,,,,,,,,,,LB-->MR,LB-->MR,LB-->MR,LB-->MR,LB-->MR,LB-->MR,LB-->MR,LB-->MR,LB-->MR,LB-->MR,LB-->MR,LB-->MR,LB-->MR,LB-->MR,LB-->MR,LB-->MR,LB-->MR,LB-->MR,LB-->MR
MU,MUS,Mauritius,Port Louis,Africa,Eastern Africa,,MU-->LB,MU-->LB,MU-->LB,MU-->LB,MU-->LB,MU-->LB,MU-->LB,MU-->LB,MU-->LB,MU-->LB,MU-->LB,MU-->LB,MU-->LB,MU-->LB,MU-->LB,MU-->LB,MU-->LB,MU-->LB,MU-->LB,,,,,,,,,,,,,,,,,LB-->MU,LB-->MU,LB-->MU,LB-->MU,LB-->MU,LB-->MU,LB-->MU,LB-->MU,LB-->MU,LB-->MU,LB-->MU,LB-->MU,LB-->MU,LB-->MU,LB-->MU,LB-->MU,LB-->MU,LB-->MU,LB-->MU
YT,MYT,Mayotte,Mamoudzou,Africa,Eastern Africa,,YT-->LB,YT-->LB,YT-->LB,YT-->LB,YT-->LB,YT-->LB,YT-->LB,YT-->LB,YT-->LB,YT-->LB,YT-->LB,YT-->LB,YT-->LB,YT-->LB,YT-->LB,YT-->LB,YT-->LB,YT-->LB,YT-->LB,,,,,,,,,,,,,,,,,LB-->YT,LB-->YT,LB-->YT,LB-->YT,LB-->YT,LB-->YT,LB-->YT,LB-->YT,LB-->YT,LB-->YT,LB-->YT,LB-->YT,LB-->YT,LB-->YT,LB-->YT,LB-->YT,LB-->YT,LB-->YT,LB-->YT
MX,MEX,Mexico,Mexico City,Americas,Central America,,MX-->LB,MX-->LB,MX-->LB,MX-->LB,MX-->LB,MX-->LB,MX-->LB,MX-->LB,MX-->LB,MX-->LB,MX-->LB,MX-->LB,MX-->LB,MX-->LB,MX-->LB,MX-->LB,MX-->LB,MX-->LB,MX-->LB,,,,,,,,,,,,,,,,,LB-->MX,LB-->MX,LB-->MX,LB-->MX,LB-->MX,LB-->MX,LB-->MX,LB-->MX,LB-->MX,LB-->MX,LB-->MX,LB-->MX,LB-->MX,LB-->MX,LB-->MX,LB-->MX,LB-->MX,LB-->MX,LB-->MX
FM,FSM,Federated States of Micronesia,Palikir,Oceania,Micronesia,,FM-->LB,FM-->LB,FM-->LB,FM-->LB,FM-->LB,FM-->LB,FM-->LB,FM-->LB,FM-->LB,FM-->LB,FM-->LB,FM-->LB,FM-->LB,FM-->LB,FM-->LB,FM-->LB,FM-->LB,FM-->LB,FM-->LB,,,,,,,,,,,,,,,,,LB-->FM,LB-->FM,LB-->FM,LB-->FM,LB-->FM,LB-->FM,LB-->FM,LB-->FM,LB-->FM,LB-->FM,LB-->FM,LB-->FM,LB-->FM,LB-->FM,LB-->FM,LB-->FM,LB-->FM,LB-->FM,LB-->FM
MD,MDA,Moldova,Chișinău,Europe,Eastern Europe,,MD-->LB,MD-->LB,MD-->LB,MD-->LB,MD-->LB,MD-->LB,MD-->LB,MD-->LB,MD-->LB,MD-->LB,MD-->LB,MD-->LB,MD-->LB,MD-->LB,MD-->LB,MD-->LB,MD-->LB,MD-->LB,MD-->LB,,,,,,,,,,,,,,,,,LB-->MD,LB-->MD,LB-->MD,LB-->MD,LB-->MD,LB-->MD,LB-->MD,LB-->MD,LB-->MD,LB-->MD,LB-->MD,LB-->MD,LB-->MD,LB-->MD,LB-->MD,LB-->MD,LB-->MD,LB-->MD,LB-->MD
MC,MCO,Monaco,Monaco,Europe,Western Europe,,MC-->LB,MC-->LB,MC-->LB,MC-->LB,MC-->LB,MC-->LB,MC-->LB,MC-->LB,MC-->LB,MC-->LB,MC-->LB,MC-->LB,MC-->LB,MC-->LB,MC-->LB,MC-->LB,MC-->LB,MC-->LB,MC-->LB,,,,,,,,,,,,,,,,,LB-->MC,LB-->MC,LB-->MC,LB-->MC,LB-->MC,LB-->MC,LB-->MC,LB-->MC,LB-->MC,LB-->MC,LB-->MC,LB-->MC,LB-->MC,LB-->MC,LB-->MC,LB-->MC,LB-->MC,LB-->MC,LB-->MC
MN,MNG,Mongolia,Ulan Bator,Asia,Eastern Asia,,MN-->LB,MN-->LB,MN-->LB,MN-->LB,MN-->LB,MN-->LB,MN-->LB,MN-->LB,MN-->LB,MN-->LB,MN-->LB,MN-->LB,MN-->LB,MN-->LB,MN-->LB,MN-->LB,MN-->LB,MN-->LB,MN-->LB,,,,,,,,,,,,,,,,,LB-->MN,LB-->MN,LB-->MN,LB-->MN,LB-->MN,LB-->MN,LB-->MN,LB-->MN,LB-->MN,LB-->MN,LB-->MN,LB-->MN,LB-->MN,LB-->MN,LB-->MN,LB-->MN,LB-->MN,LB-->MN,LB-->MN
ME,MNE,Montenegro,Podgorica,Europe,Southern Europe,,ME-->LB,ME-->LB,ME-->LB,ME-->LB,ME-->LB,ME-->LB,ME-->LB,ME-->LB,ME-->LB,ME-->LB,ME-->LB,ME-->LB,ME-->LB,ME-->LB,ME-->LB,ME-->LB,ME-->LB,ME-->LB,ME-->LB,,,,,,,,,,,,,,,,,LB-->ME,LB-->ME,LB-->ME,LB-->ME,LB-->ME,LB-->ME,LB-->ME,LB-->ME,LB-->ME,LB-->ME,LB-->ME,LB-->ME,LB-->ME,LB-->ME,LB-->ME,LB-->ME,LB-->ME,LB-->ME,LB-->ME
MS,MSR,Montserrat,Plymouth,Americas,Caribbean,,MS-->LB,MS-->LB,MS-->LB,MS-->LB,MS-->LB,MS-->LB,MS-->LB,MS-->LB,MS-->LB,MS-->LB,MS-->LB,MS-->LB,MS-->LB,MS-->LB,MS-->LB,MS-->LB,MS-->LB,MS-->LB,MS-->LB,,,,,,,,,,,,,,,,,LB-->MS,LB-->MS,LB-->MS,LB-->MS,LB-->MS,LB-->MS,LB-->MS,LB-->MS,LB-->MS,LB-->MS,LB-->MS,LB-->MS,LB-->MS,LB-->MS,LB-->MS,LB-->MS,LB-->MS,LB-->MS,LB-->MS
MA,MAR,Morocco,Rabat,Africa,Northern Africa,,MA-->LB,MA-->LB,MA-->LB,MA-->LB,MA-->LB,MA-->LB,MA-->LB,MA-->LB,MA-->LB,MA-->LB,MA-->LB,MA-->LB,MA-->LB,MA-->LB,MA-->LB,MA-->LB,MA-->LB,MA-->LB,MA-->LB,,,,,,,,,,,,,,,,,LB-->MA,LB-->MA,LB-->MA,LB-->MA,LB-->MA,LB-->MA,LB-->MA,LB-->MA,LB-->MA,LB-->MA,LB-->MA,LB-->MA,LB-->MA,LB-->MA,LB-->MA,LB-->MA,LB-->MA,LB-->MA,LB-->MA
MZ,MOZ,Mozambique,Maputo,Africa,Eastern Africa,,MZ-->LB,MZ-->LB,MZ-->LB,MZ-->LB,MZ-->LB,MZ-->LB,MZ-->LB,MZ-->LB,MZ-->LB,MZ-->LB,MZ-->LB,MZ-->LB,MZ-->LB,MZ-->LB,MZ-->LB,MZ-->LB,MZ-->LB,MZ-->LB,MZ-->LB,,,,,,,,,,,,,,,,,LB-->MZ,LB-->MZ,LB-->MZ,LB-->MZ,LB-->MZ,LB-->MZ,LB-->MZ,LB-->MZ,LB-->MZ,LB-->MZ,LB-->MZ,LB-->MZ,LB-->MZ,LB-->MZ,LB-->MZ,LB-->MZ,LB-->MZ,LB-->MZ,LB-->MZ
MM,MMR,Myanmar,Naypyidaw,Asia,South-Eastern Asia,,MM-->LB,MM-->LB,MM-->LB,MM-->LB,MM-->LB,MM-->LB,MM-->LB,MM-->LB,MM-->LB,MM-->LB,MM-->LB,MM-->LB,MM-->LB,MM-->LB,MM-->LB,MM-->LB,MM-->LB,MM-->LB,MM-->LB,,,,,,,,,,,,,,,,,LB-->MM,LB-->MM,LB-->MM,LB-->MM,LB-->MM,LB-->MM,LB-->MM,LB-->MM,LB-->MM,LB-->MM,LB-->MM,LB-->MM,LB-->MM,LB-->MM,LB-->MM,LB-->MM,LB-->MM,LB-->MM,LB-->MM
,NAM,Namibia,Windhoek,Africa,Southern Africa,,NA-->LB,NA-->LB,NA-->LB,NA-->LB,NA-->LB,NA-->LB,NA-->LB,NA-->LB,NA-->LB,NA-->LB,NA-->LB,NA-->LB,NA-->LB,NA-->LB,NA-->LB,NA-->LB,NA-->LB,NA-->LB,NA-->LB,,,,,,,,,,,,,,,,,LB-->NA,LB-->NA,LB-->NA,LB-->NA,LB-->NA,LB-->NA,LB-->NA,LB-->NA,LB-->NA,LB-->NA,LB-->NA,LB-->NA,LB-->NA,LB-->NA,LB-->NA,LB-->NA,LB-->NA,LB-->NA,LB-->NA
NR,NRU,Nauru,Yaren,Oceania,Micronesia,,NR-->LB,NR-->LB,NR-->LB,NR-->LB,NR-->LB,NR-->LB,NR-->LB,NR-->LB,NR-->LB,NR-->LB,NR-->LB,NR-->LB,NR-->LB,NR-->LB,NR-->LB,NR-->LB,NR-->LB,NR-->LB,NR-->LB,,,,,,,,,,,,,,,,,LB-->NR,LB-->NR,LB-->NR,LB-->NR,LB-->NR,LB-->NR,LB-->NR,LB-->NR,LB-->NR,LB-->NR,LB-->NR,LB-->NR,LB-->NR,LB-->NR,LB-->NR,LB-->NR,LB-->NR,LB-->NR,LB-->NR
NP,NPL,Nepal,Kathmandu,Asia,Southern Asia,,NP-->LB,NP-->LB,NP-->LB,NP-->LB,NP-->LB,NP-->LB,NP-->LB,NP-->LB,NP-->LB,NP-->LB,NP-->LB,NP-->LB,NP-->LB,NP-->LB,NP-->LB,NP-->LB,NP-->LB,NP-->LB,NP-->LB,,,,,,,,,,,,,,,,,LB-->NP,LB-->NP,LB-->NP,LB-->NP,LB-->NP,LB-->NP,LB-->NP,LB-->NP,LB-->NP,LB-->NP,LB-->NP,LB-->NP,LB-->NP,LB-->NP,LB-->NP,LB-->NP,LB-->NP,LB-->NP,LB-->NP
NL,NLD,Netherlands,Amsterdam,Europe,Western Europe,,NL-->LB,NL-->LB,NL-->LB,NL-->LB,NL-->LB,NL-->LB,NL-->LB,NL-->LB,NL-->LB,NL-->LB,NL-->LB,NL-->LB,NL-->LB,NL-->LB,NL-->LB,NL-->LB,NL-->LB,NL-->LB,NL-->LB,,,,,,,,,,,,,,,,,LB-->NL,LB-->NL,LB-->NL,LB-->NL,LB-->NL,LB-->NL,LB-->NL,LB-->NL,LB-->NL,LB-->NL,LB-->NL,LB-->NL,LB-->NL,LB-->NL,LB-->NL,LB-->NL,LB-->NL,LB-->NL,LB-->NL
NC,NCL,New Caledonia,Nouméa,Oceania,Melanesia,,NC-->LB,NC-->LB,NC-->LB,NC-->LB,NC-->LB,NC-->LB,NC-->LB,NC-->LB,NC-->LB,NC-->LB,NC-->LB,NC-->LB,NC-->LB,NC-->LB,NC-->LB,NC-->LB,NC-->LB,NC-->LB,NC-->LB,,,,,,,,,,,,,,,,,LB-->NC,LB-->NC,LB-->NC,LB-->NC,LB-->NC,LB-->NC,LB-->NC,LB-->NC,LB-->NC,LB-->NC,LB-->NC,LB-->NC,LB-->NC,LB-->NC,LB-->NC,LB-->NC,LB-->NC,LB-->NC,LB-->NC
NZ,NZL,New Zealand,Wellington,Oceania,Australia and New Zealand,,NZ-->LB,NZ-->LB,NZ-->LB,NZ-->LB,NZ-->LB,NZ-->LB,NZ-->LB,NZ-->LB,NZ-->LB,NZ-->LB,NZ-->LB,NZ-->LB,NZ-->LB,NZ-->LB,NZ-->LB,NZ-->LB,NZ-->LB,NZ-->LB,NZ-->LB,,,,,,,,,,,,,,,,,LB-->NZ,LB-->NZ,LB-->NZ,LB-->NZ,LB-->NZ,LB-->NZ,LB-->NZ,LB-->NZ,LB-->NZ,LB-->NZ,LB-->NZ,LB-->NZ,LB-->NZ,LB-->NZ,LB-->NZ,LB-->NZ,LB-->NZ,LB-->NZ,LB-->NZ
NI,NIC,Nicaragua,Managua,Americas,Central America,,NI-->LB,NI-->LB,NI-->LB,NI-->LB,NI-->LB,NI-->LB,NI-->LB,NI-->LB,NI-->LB,NI-->LB,NI-->LB,NI-->LB,NI-->LB,NI-->LB,NI-->LB,NI-->LB,NI-->LB,NI-->LB,NI-->LB,,,,,,,,,,,,,,,,,LB-->NI,LB-->NI,LB-->NI,LB-->NI,LB-->NI,LB-->NI,LB-->NI,LB-->NI,LB-->NI,LB-->NI,LB-->NI,LB-->NI,LB-->NI,LB-->NI,LB-->NI,LB-->NI,LB-->NI,LB-->NI,LB-->NI
NE,NER,Niger,Niamey,Africa,Western Africa,,NE-->LB,NE-->LB,NE-->LB,NE-->LB,NE-->LB,NE-->LB,NE-->LB,NE-->LB,NE-->LB,NE-->LB,NE-->LB,NE-->LB,NE-->LB,NE-->LB,NE-->LB,NE-->LB,NE-->LB,NE-->LB,NE-->LB,,,,,,,,,,,,,,,,,LB-->NE,LB-->NE,LB-->NE,LB-->NE,LB-->NE,LB-->NE,LB-->NE,LB-->NE,LB-->NE,LB-->NE,LB-->NE,LB-->NE,LB-->NE,LB-->NE,LB-->NE,LB-->NE,LB-->NE,LB-->NE,LB-->NE
NG,NGA,Nigeria,Abuja,Africa,Western Africa,,NG-->LB,NG-->LB,NG-->LB,NG-->LB,NG-->LB,NG-->LB,NG-->LB,NG-->LB,NG-->LB,NG-->LB,NG-->LB,NG-->LB,NG-->LB,NG-->LB,NG-->LB,NG-->LB,NG-->LB,NG-->LB,NG-->LB,,,,,,,,,,,,,,,,,LB-->NG,LB-->NG,LB-->NG,LB-->NG,LB-->NG,LB-->NG,LB-->NG,LB-->NG,LB-->NG,LB-->NG,LB-->NG,LB-->NG,LB-->NG,LB-->NG,LB-->NG,LB-->NG,LB-->NG,LB-->NG,LB-->NG
NU,NIU,Niue,Alofi,Oceania,Polynesia,,NU-->LB,NU-->LB,NU-->LB,NU-->LB,NU-->LB,NU-->LB,NU-->LB,NU-->LB,NU-->LB,NU-->LB,NU-->LB,NU-->LB,NU-->LB,NU-->LB,NU-->LB,NU-->LB,NU-->LB,NU-->LB,NU-->LB,,,,,,,,,,,,,,,,,LB-->NU,LB-->NU,LB-->NU,LB-->NU,LB-->NU,LB-->NU,LB-->NU,LB-->NU,LB-->NU,LB-->NU,LB-->NU,LB-->NU,LB-->NU,LB-->NU,LB-->NU,LB-->NU,LB-->NU,LB-->NU,LB-->NU
NF,NFK,Norfolk Island,Kingston,Oceania,Australia and New Zealand,,NF-->LB,NF-->LB,NF-->LB,NF-->LB,NF-->LB,NF-->LB,NF-->LB,NF-->LB,NF-->LB,NF-->LB,NF-->LB,NF-->LB,NF-->LB,NF-->LB,NF-->LB,NF-->LB,NF-->LB,NF-->LB,NF-->LB,,,,,,,,,,,,,,,,,LB-->NF,LB-->NF,LB-->NF,LB-->NF,LB-->NF,LB-->NF,LB-->NF,LB-->NF,LB-->NF,LB-->NF,LB-->NF,LB-->NF,LB-->NF,LB-->NF,LB-->NF,LB-->NF,LB-->NF,LB-->NF,LB-->NF
KP,PRK,North Korea,Pyongyang,Asia,Eastern Asia,,KP-->LB,KP-->LB,KP-->LB,KP-->LB,KP-->LB,KP-->LB,KP-->LB,KP-->LB,KP-->LB,KP-->LB,KP-->LB,KP-->LB,KP-->LB,KP-->LB,KP-->LB,KP-->LB,KP-->LB,KP-->LB,KP-->LB,,,,,,,,,,,,,,,,,LB-->KP,LB-->KP,LB-->KP,LB-->KP,LB-->KP,LB-->KP,LB-->KP,LB-->KP,LB-->KP,LB-->KP,LB-->KP,LB-->KP,LB-->KP,LB-->KP,LB-->KP,LB-->KP,LB-->KP,LB-->KP,LB-->KP
MP,MNP,Northern Mariana Islands,Saipan,Oceania,Micronesia,,MP-->LB,MP-->LB,MP-->LB,MP-->LB,MP-->LB,MP-->LB,MP-->LB,MP-->LB,MP-->LB,MP-->LB,MP-->LB,MP-->LB,MP-->LB,MP-->LB,MP-->LB,MP-->LB,MP-->LB,MP-->LB,MP-->LB,,,,,,,,,,,,,,,,,LB-->MP,LB-->MP,LB-->MP,LB-->MP,LB-->MP,LB-->MP,LB-->MP,LB-->MP,LB-->MP,LB-->MP,LB-->MP,LB-->MP,LB-->MP,LB-->MP,LB-->MP,LB-->MP,LB-->MP,LB-->MP,LB-->MP
NO,NOR,Norway,Oslo,Europe,Northern Europe,,NO-->LB,NO-->LB,NO-->LB,NO-->LB,NO-->LB,NO-->LB,NO-->LB,NO-->LB,NO-->LB,NO-->LB,NO-->LB,NO-->LB,NO-->LB,NO-->LB,NO-->LB,NO-->LB,NO-->LB,NO-->LB,NO-->LB,,,,,,,,,,,,,,,,,LB-->NO,LB-->NO,LB-->NO,LB-->NO,LB-->NO,LB-->NO,LB-->NO,LB-->NO,LB-->NO,LB-->NO,LB-->NO,LB-->NO,LB-->NO,LB-->NO,LB-->NO,LB-->NO,LB-->NO,LB-->NO,LB-->NO
OM,OMN,Oman,Muscat,Asia,Western Asia,,OM-->LB,OM-->LB,OM-->LB,OM-->LB,OM-->LB,OM-->LB,OM-->LB,OM-->LB,OM-->LB,OM-->LB,OM-->LB,OM-->LB,OM-->LB,OM-->LB,OM-->LB,OM-->LB,OM-->LB,OM-->LB,OM-->LB,,,,,,,,,,,,,,,,,LB-->OM,LB-->OM,LB-->OM,LB-->OM,LB-->OM,LB-->OM,LB-->OM,LB-->OM,LB-->OM,LB-->OM,LB-->OM,LB-->OM,LB-->OM,LB-->OM,LB-->OM,LB-->OM,LB-->OM,LB-->OM,LB-->OM
PK,PAK,Pakistan,Islamabad,Asia,Southern Asia,,PK-->LB,PK-->LB,PK-->LB,PK-->LB,PK-->LB,PK-->LB,PK-->LB,PK-->LB,PK-->LB,PK-->LB,PK-->LB,PK-->LB,PK-->LB,PK-->LB,PK-->LB,PK-->LB,PK-->LB,PK-->LB,PK-->LB,,,,,,,,,,,,,,,,,LB-->PK,LB-->PK,LB-->PK,LB-->PK,LB-->PK,LB-->PK,LB-->PK,LB-->PK,LB-->PK,LB-->PK,LB-->PK,LB-->PK,LB-->PK,LB-->PK,LB-->PK,LB-->PK,LB-->PK,LB-->PK,LB-->PK
PW,PLW,Palau,Ngerulmud,Oceania,Micronesia,,PW-->LB,PW-->LB,PW-->LB,PW-->LB,PW-->LB,PW-->LB,PW-->LB,PW-->LB,PW-->LB,PW-->LB,PW-->LB,PW-->LB,PW-->LB,PW-->LB,PW-->LB,PW-->LB,PW-->LB,PW-->LB,PW-->LB,,,,,,,,,,,,,,,,,LB-->PW,LB-->PW,LB-->PW,LB-->PW,LB-->PW,LB-->PW,LB-->PW,LB-->PW,LB-->PW,LB-->PW,LB-->PW,LB-->PW,LB-->PW,LB-->PW,LB-->PW,LB-->PW,LB-->PW,LB-->PW,LB-->PW
PS,PSE,Palestine,Ramallah,Asia,Western Asia,,PS-->LB,PS-->LB,PS-->LB,PS-->LB,PS-->LB,PS-->LB,PS-->LB,PS-->LB,PS-->LB,PS-->LB,PS-->LB,PS-->LB,PS-->LB,PS-->LB,PS-->LB,PS-->LB,PS-->LB,PS-->LB,PS-->LB,,,,,,,,,,,,,,,,,LB-->PS,LB-->PS,LB-->PS,LB-->PS,LB-->PS,LB-->PS,LB-->PS,LB-->PS,LB-->PS,LB-->PS,LB-->PS,LB-->PS,LB-->PS,LB-->PS,LB-->PS,LB-->PS,LB-->PS,LB-->PS,LB-->PS
PA,PAN,Panama,Panama City,Americas,Central America,,PA-->LB,PA-->LB,PA-->LB,PA-->LB,PA-->LB,PA-->LB,PA-->LB,PA-->LB,PA-->LB,PA-->LB,PA-->LB,PA-->LB,PA-->LB,PA-->LB,PA-->LB,PA-->LB,PA-->LB,PA-->LB,PA-->LB,,,,,,,,,,,,,,,,,LB-->PA,LB-->PA,LB-->PA,LB-->PA,LB-->PA,LB-->PA,LB-->PA,LB-->PA,LB-->PA,LB-->PA,LB-->PA,LB-->PA,LB-->PA,LB-->PA,LB-->PA,LB-->PA,LB-->PA,LB-->PA,LB-->PA
PG,PNG,Papua New Guinea,Port Moresby,Oceania,Melanesia,,PG-->LB,PG-->LB,PG-->LB,PG-->LB,PG-->LB,PG-->LB,PG-->LB,PG-->LB,PG-->LB,PG-->LB,PG-->LB,PG-->LB,PG-->LB,PG-->LB,PG-->LB,PG-->LB,PG-->LB,PG-->LB,PG-->LB,,,,,,,,,,,,,,,,,LB-->PG,LB-->PG,LB-->PG,LB-->PG,LB-->PG,LB-->PG,LB-->PG,LB-->PG,LB-->PG,LB-->PG,LB-->PG,LB-->PG,LB-->PG,LB-->PG,LB-->PG,LB-->PG,LB-->PG,LB-->PG,LB-->PG
PY,PRY,Paraguay,Asunción,Americas,South America,,PY-->LB,PY-->LB,PY-->LB,PY-->LB,PY-->LB,PY-->LB,PY-->LB,PY-->LB,PY-->LB,PY-->LB,PY-->LB,PY-->LB,PY-->LB,PY-->LB,PY-->LB,PY-->LB,PY-->LB,PY-->LB,PY-->LB,,,,,,,,,,,,,,,,,LB-->PY,LB-->PY,LB-->PY,LB-->PY,LB-->PY,LB-->PY,LB-->PY,LB-->PY,LB-->PY,LB-->PY,LB-->PY,LB-->PY,LB-->PY,LB-->PY,LB-->PY,LB-->PY,LB-->PY,LB-->PY,LB-->PY
PE,PER,Peru,Lima,Americas,South America,,PE-->LB,PE-->LB,PE-->LB,PE-->LB,PE-->LB,PE-->LB,PE-->LB,PE-->LB,PE-->LB,PE-->LB,PE-->LB,PE-->LB,PE-->LB,PE-->LB,PE-->LB,PE-->LB,PE-->LB,PE-->LB,PE-->LB,,,,,,,,,,,,,,,,,LB-->PE,LB-->PE,LB-->PE,LB-->PE,LB-->PE,LB-->PE,LB-->PE,LB-->PE,LB-->PE,LB-->PE,LB-->PE,LB-->PE,LB-->PE,LB-->PE,LB-->PE,LB-->PE,LB-->PE,LB-->PE,LB-->PE
PH,PHL,Philippines,Manila,Asia,South-Eastern Asia,,PH-->LB,PH-->LB,PH-->LB,PH-->LB,PH-->LB,PH-->LB,PH-->LB,PH-->LB,PH-->LB,PH-->LB,PH-->LB,PH-->LB,PH-->LB,PH-->LB,PH-->LB,PH-->LB,PH-->LB,PH-->LB,PH-->LB,,,,,,,,,,,,,,,,,LB-->PH,LB-->PH,LB-->PH,LB-->PH,LB-->PH,LB-->PH,LB-->PH,LB-->PH,LB-->PH,LB-->PH,LB-->PH,LB-->PH,LB-->PH,LB-->PH,LB-->PH,LB-->PH,LB-->PH,LB-->PH,LB-->PH
PN,PCN,Pitcairn Islands,Adamstown,Oceania,Polynesia,,PN-->LB,PN-->LB,PN-->LB,PN-->LB,PN-->LB,PN-->LB,PN-->LB,PN-->LB,PN-->LB,PN-->LB,PN-->LB,PN-->LB,PN-->LB,PN-->LB,PN-->LB,PN-->LB,PN-->LB,PN-->LB,PN-->LB,,,,,,,,,,,,,,,,,LB-->PN,LB-->PN,LB-->PN,LB-->PN,LB-->PN,LB-->PN,LB-->PN,LB-->PN,LB-->PN,LB-->PN,LB-->PN,LB-->PN,LB-->PN,LB-->PN,LB-->PN,LB-->PN,LB-->PN,LB-->PN,LB-->PN
PL,POL,Poland,Warsaw,Europe,Eastern Europe,,PL-->LB,PL-->LB,PL-->LB,PL-->LB,PL-->LB,PL-->LB,PL-->LB,PL-->LB,PL-->LB,PL-->LB,PL-->LB,PL-->LB,PL-->LB,PL-->LB,PL-->LB,PL-->LB,PL-->LB,PL-->LB,PL-->LB,,,,,,,,,,,,,,,,,LB-->PL,LB-->PL,LB-->PL,LB-->PL,LB-->PL,LB-->PL,LB-->PL,LB-->PL,LB-->PL,LB-->PL,LB-->PL,LB-->PL,LB-->PL,LB-->PL,LB-->PL,LB-->PL,LB-->PL,LB-->PL,LB-->PL
PT,PRT,Portugal,Lisbon,Europe,Southern Europe,,PT-->LB,PT-->LB,PT-->LB,PT-->LB,PT-->LB,PT-->LB,PT-->LB,PT-->LB,PT-->LB,PT-->LB,PT-->LB,PT-->LB,PT-->LB,PT-->LB,PT-->LB,PT-->LB,PT-->LB,PT-->LB,PT-->LB,,,,,,,,,,,,,,,,,LB-->PT,LB-->PT,LB-->PT,LB-->PT,LB-->PT,LB-->PT,LB-->PT,LB-->PT,LB-->PT,LB-->PT,LB-->PT,LB-->PT,LB-->PT,LB-->PT,LB-->PT,LB-->PT,LB-->PT,LB-->PT,LB-->PT
PR,PRI,Puerto Rico,San Juan,Americas,Caribbean,,PR-->LB,PR-->LB,PR-->LB,PR-->LB,PR-->LB,PR-->LB,PR-->LB,PR-->LB,PR-->LB,PR-->LB,PR-->LB,PR-->LB,PR-->LB,PR-->LB,PR-->LB,PR-->LB,PR-->LB,PR-->LB,PR-->LB,,,,,,,,,,,,,,,,,LB-->PR,LB-->PR,LB-->PR,LB-->PR,LB-->PR,LB-->PR,LB-->PR,LB-->PR,LB-->PR,LB-->PR,LB-->PR,LB-->PR,LB-->PR,LB-->PR,LB-->PR,LB-->PR,LB-->PR,LB-->PR,LB-->PR
QA,QAT,Qatar,Doha,Asia,Western Asia,,QA-->LB,QA-->LB,QA-->LB,QA-->LB,QA-->LB,QA-->LB,QA-->LB,QA-->LB,QA-->LB,QA-->LB,QA-->LB,QA-->LB,QA-->LB,QA-->LB,QA-->LB,QA-->LB,QA-->LB,QA-->LB,QA-->LB,,,,,,,,,,,,,,,,,LB-->QA,LB-->QA,LB-->QA,LB-->QA,LB-->QA,LB-->QA,LB-->QA,LB-->QA,LB-->QA,LB-->QA,LB-->QA,LB-->QA,LB-->QA,LB-->QA,LB-->QA,LB-->QA,LB-->QA,LB-->QA,LB-->QA
XK,KOS,Republic of Kosovo,Pristina,Europe,Eastern Europe,,XK-->LB,XK-->LB,XK-->LB,XK-->LB,XK-->LB,XK-->LB,XK-->LB,XK-->LB,XK-->LB,XK-->LB,XK-->LB,XK-->LB,XK-->LB,XK-->LB,XK-->LB,XK-->LB,XK-->LB,XK-->LB,XK-->LB,,,,,,,,,,,,,,,,,LB-->XK,LB-->XK,LB-->XK,LB-->XK,LB-->XK,LB-->XK,LB-->XK,LB-->XK,LB-->XK,LB-->XK,LB-->XK,LB-->XK,LB-->XK,LB-->XK,LB-->XK,LB-->XK,LB-->XK,LB-->XK,LB-->XK
RE,REU,Réunion,Saint-Denis,Africa,Eastern Africa,,RE-->LB,RE-->LB,RE-->LB,RE-->LB,RE-->LB,RE-->LB,RE-->LB,RE-->LB,RE-->LB,RE-->LB,RE-->LB,RE-->LB,RE-->LB,RE-->LB,RE-->LB,RE-->LB,RE-->LB,RE-->LB,RE-->LB,,,,,,,,,,,,,,,,,LB-->RE,LB-->RE,LB-->RE,LB-->RE,LB-->RE,LB-->RE,LB-->RE,LB-->RE,LB-->RE,LB-->RE,LB-->RE,LB-->RE,LB-->RE,LB-->RE,LB-->RE,LB-->RE,LB-->RE,LB-->RE,LB-->RE
RO,ROU,Romania,Bucharest,Europe,Eastern Europe,,RO-->LB,RO-->LB,RO-->LB,RO-->LB,RO-->LB,RO-->LB,RO-->LB,RO-->LB,RO-->LB,RO-->LB,RO-->LB,RO-->LB,RO-->LB,RO-->LB,RO-->LB,RO-->LB,RO-->LB,RO-->LB,RO-->LB,,,,,,,,,,,,,,,,,LB-->RO,LB-->RO,LB-->RO,LB-->RO,LB-->RO,LB-->RO,LB-->RO,LB-->RO,LB-->RO,LB-->RO,LB-->RO,LB-->RO,LB-->RO,LB-->RO,LB-->RO,LB-->RO,LB-->RO,LB-->RO,LB-->RO
RU,RUS,Russia,Moscow,Europe,Eastern Europe,,RU-->LB,RU-->LB,RU-->LB,RU-->LB,RU-->LB,RU-->LB,RU-->LB,RU-->LB,RU-->LB,RU-->LB,RU-->LB,RU-->LB,RU-->LB,RU-->LB,RU-->LB,RU-->LB,RU-->LB,RU-->LB,RU-->LB,,,,,,,,,,,,,,,,,LB-->RU,LB-->RU,LB-->RU,LB-->RU,LB-->RU,LB-->RU,LB-->RU,LB-->RU,LB-->RU,LB-->RU,LB-->RU,LB-->RU,LB-->RU,LB-->RU,LB-->RU,LB-->RU,LB-->RU,LB-->RU,LB-->RU
RW,RWA,Rwanda,Kigali,Africa,Eastern Africa,,RW-->LB,RW-->LB,RW-->LB,RW-->LB,RW-->LB,RW-->LB,RW-->LB,RW-->LB,RW-->LB,RW-->LB,RW-->LB,RW-->LB,RW-->LB,RW-->LB,RW-->LB,RW-->LB,RW-->LB,RW-->LB,RW-->LB,,,,,,,,,,,,,,,,,LB-->RW,LB-->RW,LB-->RW,LB-->RW,LB-->RW,LB-->RW,LB-->RW,LB-->RW,LB-->RW,LB-->RW,LB-->RW,LB-->RW,LB-->RW,LB-->RW,LB-->RW,LB-->RW,LB-->RW,LB-->RW,LB-->RW
BL,BLM,Saint Barthélemy,Gustavia,Americas,Caribbean,,BL-->LB,BL-->LB,BL-->LB,BL-->LB,BL-->LB,BL-->LB,BL-->LB,BL-->LB,BL-->LB,BL-->LB,BL-->LB,BL-->LB,BL-->LB,BL-->LB,BL-->LB,BL-->LB,BL-->LB,BL-->LB,BL-->LB,,,,,,,,,,,,,,,,,LB-->BL,LB-->BL,LB-->BL,LB-->BL,LB-->BL,LB-->BL,LB-->BL,LB-->BL,LB-->BL,LB-->BL,LB-->BL,LB-->BL,LB-->BL,LB-->BL,LB-->BL,LB-->BL,LB-->BL,LB-->BL,LB-->BL
SH,SHN,Saint Helena,Jamestown,Africa,Western Africa,,SH-->LB,SH-->LB,SH-->LB,SH-->LB,SH-->LB,SH-->LB,SH-->LB,SH-->LB,SH-->LB,SH-->LB,SH-->LB,SH-->LB,SH-->LB,SH-->LB,SH-->LB,SH-->LB,SH-->LB,SH-->LB,SH-->LB,,,,,,,,,,,,,,,,,LB-->SH,LB-->SH,LB-->SH,LB-->SH,LB-->SH,LB-->SH,LB-->SH,LB-->SH,LB-->SH,LB-->SH,LB-->SH,LB-->SH,LB-->SH,LB-->SH,LB-->SH,LB-->SH,LB-->SH,LB-->SH,LB-->SH
KN,KNA,Saint Kitts and Nevis,Basseterre,Americas,Caribbean,,KN-->LB,KN-->LB,KN-->LB,KN-->LB,KN-->LB,KN-->LB,KN-->LB,KN-->LB,KN-->LB,KN-->LB,KN-->LB,KN-->LB,KN-->LB,KN-->LB,KN-->LB,KN-->LB,KN-->LB,KN-->LB,KN-->LB,,,,,,,,,,,,,,,,,LB-->KN,LB-->KN,LB-->KN,LB-->KN,LB-->KN,LB-->KN,LB-->KN,LB-->KN,LB-->KN,LB-->KN,LB-->KN,LB-->KN,LB-->KN,LB-->KN,LB-->KN,LB-->KN,LB-->KN,LB-->KN,LB-->KN
LC,LCA,Saint Lucia,Castries,Americas,Caribbean,,LC-->LB,LC-->LB,LC-->LB,LC-->LB,LC-->LB,LC-->LB,LC-->LB,LC-->LB,LC-->LB,LC-->LB,LC-->LB,LC-->LB,LC-->LB,LC-->LB,LC-->LB,LC-->LB,LC-->LB,LC-->LB,LC-->LB,,,,,,,,,,,,,,,,,LB-->LC,LB-->LC,LB-->LC,LB-->LC,LB-->LC,LB-->LC,LB-->LC,LB-->LC,LB-->LC,LB-->LC,LB-->LC,LB-->LC,LB-->LC,LB-->LC,LB-->LC,LB-->LC,LB-->LC,LB-->LC,LB-->LC
MF,MAF,Saint Martin,Marigot,Americas,Caribbean,,MF-->LB,MF-->LB,MF-->LB,MF-->LB,MF-->LB,MF-->LB,MF-->LB,MF-->LB,MF-->LB,MF-->LB,MF-->LB,MF-->LB,MF-->LB,MF-->LB,MF-->LB,MF-->LB,MF-->LB,MF-->LB,MF-->LB,,,,,,,,,,,,,,,,,LB-->MF,LB-->MF,LB-->MF,LB-->MF,LB-->MF,LB-->MF,LB-->MF,LB-->MF,LB-->MF,LB-->MF,LB-->MF,LB-->MF,LB-->MF,LB-->MF,LB-->MF,LB-->MF,LB-->MF,LB-->MF,LB-->MF
PM,SPM,Saint Pierre and Miquelon,Saint-Pierre,Americas,Northern America,,PM-->LB,PM-->LB,PM-->LB,PM-->LB,PM-->LB,PM-->LB,PM-->LB,PM-->LB,PM-->LB,PM-->LB,PM-->LB,PM-->LB,PM-->LB,PM-->LB,PM-->LB,PM-->LB,PM-->LB,PM-->LB,PM-->LB,,,,,,,,,,,,,,,,,LB-->PM,LB-->PM,LB-->PM,LB-->PM,LB-->PM,LB-->PM,LB-->PM,LB-->PM,LB-->PM,LB-->PM,LB-->PM,LB-->PM,LB-->PM,LB-->PM,LB-->PM,LB-->PM,LB-->PM,LB-->PM,LB-->PM
VC,VCT,Saint Vincent and the Grenadines,Kingstown,Americas,Caribbean,,VC-->LB,VC-->LB,VC-->LB,VC-->LB,VC-->LB,VC-->LB,VC-->LB,VC-->LB,VC-->LB,VC-->LB,VC-->LB,VC-->LB,VC-->LB,VC-->LB,VC-->LB,VC-->LB,VC-->LB,VC-->LB,VC-->LB,,,,,,,,,,,,,,,,,LB-->VC,LB-->VC,LB-->VC,LB-->VC,LB-->VC,LB-->VC,LB-->VC,LB-->VC,LB-->VC,LB-->VC,LB-->VC,LB-->VC,LB-->VC,LB-->VC,LB-->VC,LB-->VC,LB-->VC,LB-->VC,LB-->VC
WS,WSM,Samoa,Apia,Oceania,Polynesia,,WS-->LB,WS-->LB,WS-->LB,WS-->LB,WS-->LB,WS-->LB,WS-->LB,WS-->LB,WS-->LB,WS-->LB,WS-->LB,WS-->LB,WS-->LB,WS-->LB,WS-->LB,WS-->LB,WS-->LB,WS-->LB,WS-->LB,,,,,,,,,,,,,,,,,LB-->WS,LB-->WS,LB-->WS,LB-->WS,LB-->WS,LB-->WS,LB-->WS,LB-->WS,LB-->WS,LB-->WS,LB-->WS,LB-->WS,LB-->WS,LB-->WS,LB-->WS,LB-->WS,LB-->WS,LB-->WS,LB-->WS
SM,SMR,San Marino,City of San Marino,Europe,Southern Europe,,SM-->LB,SM-->LB,SM-->LB,SM-->LB,SM-->LB,SM-->LB,SM-->LB,SM-->LB,SM-->LB,SM-->LB,SM-->LB,SM-->LB,SM-->LB,SM-->LB,SM-->LB,SM-->LB,SM-->LB,SM-->LB,SM-->LB,,,,,,,,,,,,,,,,,LB-->SM,LB-->SM,LB-->SM,LB-->SM,LB-->SM,LB-->SM,LB-->SM,LB-->SM,LB-->SM,LB-->SM,LB-->SM,LB-->SM,LB-->SM,LB-->SM,LB-->SM,LB-->SM,LB-->SM,LB-->SM,LB-->SM
ST,STP,São Tomé and Príncipe,São Tomé,Africa,Middle Africa,,ST-->LB,ST-->LB,ST-->LB,ST-->LB,ST-->LB,ST-->LB,ST-->LB,ST-->LB,ST-->LB,ST-->LB,ST-->LB,ST-->LB,ST-->LB,ST-->LB,ST-->LB,ST-->LB,ST-->LB,ST-->LB,ST-->LB,,,,,,,,,,,,,,,,,LB-->ST,LB-->ST,LB-->ST,LB-->ST,LB-->ST,LB-->ST,LB-->ST,LB-->ST,LB-->ST,LB-->ST,LB-->ST,LB-->ST,LB-->ST,LB-->ST,LB-->ST,LB-->ST,LB-->ST,LB-->ST,LB-->ST
SA,SAU,Saudi Arabia,Riyadh,Asia,Western Asia,,SA-->LB,SA-->LB,SA-->LB,SA-->LB,SA-->LB,SA-->LB,SA-->LB,SA-->LB,SA-->LB,SA-->LB,SA-->LB,SA-->LB,SA-->LB,SA-->LB,SA-->LB,SA-->LB,SA-->LB,SA-->LB,SA-->LB,,,,,,,,,,,,,,,,,LB-->SA,LB-->SA,LB-->SA,LB-->SA,LB-->SA,LB-->SA,LB-->SA,LB-->SA,LB-->SA,LB-->SA,LB-->SA,LB-->SA,LB-->SA,LB-->SA,LB-->SA,LB-->SA,LB-->SA,LB-->SA,LB-->SA
SN,SEN,Senegal,Dakar,Africa,Western Africa,,SN-->LB,SN-->LB,SN-->LB,SN-->LB,SN-->LB,SN-->LB,SN-->LB,SN-->LB,SN-->LB,SN-->LB,SN-->LB,SN-->LB,SN-->LB,SN-->LB,SN-->LB,SN-->LB,SN-->LB,SN-->LB,SN-->LB,,,,,,,,,,,,,,,,,LB-->SN,LB-->SN,LB-->SN,LB-->SN,LB-->SN,LB-->SN,LB-->SN,LB-->SN,LB-->SN,LB-->SN,LB-->SN,LB-->SN,LB-->SN,LB-->SN,LB-->SN,LB-->SN,LB-->SN,LB-->SN,LB-->SN
RS,SRB,Serbia,Belgrade,Europe,Southern Europe,,RS-->LB,RS-->LB,RS-->LB,RS-->LB,RS-->LB,RS-->LB,RS-->LB,RS-->LB,RS-->LB,RS-->LB,RS-->LB,RS-->LB,RS-->LB,RS-->LB,RS-->LB,RS-->LB,RS-->LB,RS-->LB,RS-->LB,,,,,,,,,,,,,,,,,LB-->RS,LB-->RS,LB-->RS,LB-->RS,LB-->RS,LB-->RS,LB-->RS,LB-->RS,LB-->RS,LB-->RS,LB-->RS,LB-->RS,LB-->RS,LB-->RS,LB-->RS,LB-->RS,LB-->RS,LB-->RS,LB-->RS
SC,SYC,Seychelles,Victoria,Africa,Eastern Africa,,SC-->LB,SC-->LB,SC-->LB,SC-->LB,SC-->LB,SC-->LB,SC-->LB,SC-->LB,SC-->LB,SC-->LB,SC-->LB,SC-->LB,SC-->LB,SC-->LB,SC-->LB,SC-->LB,SC-->LB,SC-->LB,SC-->LB,,,,,,,,,,,,,,,,,LB-->SC,LB-->SC,LB-->SC,LB-->SC,LB-->SC,LB-->SC,LB-->SC,LB-->SC,LB-->SC,LB-->SC,LB-->SC,LB-->SC,LB-->SC,LB-->SC,LB-->SC,LB-->SC,LB-->SC,LB-->SC,LB-->SC
SL,SLE,Sierra Leone,Freetown,Africa,Western Africa,,SL-->LB,SL-->LB,SL-->LB,SL-->LB,SL-->LB,SL-->LB,SL-->LB,SL-->LB,SL-->LB,SL-->LB,SL-->LB,SL-->LB,SL-->LB,SL-->LB,SL-->LB,SL-->LB,SL-->LB,SL-->LB,SL-->LB,,,,,,,,,,,,,,,,,LB-->SL,LB-->SL,LB-->SL,LB-->SL,LB-->SL,LB-->SL,LB-->SL,LB-->SL,LB-->SL,LB-->SL,LB-->SL,LB-->SL,LB-->SL,LB-->SL,LB-->SL,LB-->SL,LB-->SL,LB-->SL,LB-->SL
SG,SGP,Singapore,Singapore,Asia,South-Eastern Asia,,SG-->LB,SG-->LB,SG-->LB,SG-->LB,SG-->LB,SG-->LB,SG-->LB,SG-->LB,SG-->LB,SG-->LB,SG-->LB,SG-->LB,SG-->LB,SG-->LB,SG-->LB,SG-->LB,SG-->LB,SG-->LB,SG-->LB,,,,,,,,,,,,,,,,,LB-->SG,LB-->SG,LB-->SG,LB-->SG,LB-->SG,LB-->SG,LB-->SG,LB-->SG,LB-->SG,LB-->SG,LB-->SG,LB-->SG,LB-->SG,LB-->SG,LB-->SG,LB-->SG,LB-->SG,LB-->SG,LB-->SG
SX,SXM,Sint Maarten,Philipsburg,Americas,Caribbean,,SX-->LB,SX-->LB,SX-->LB,SX-->LB,SX-->LB,SX-->LB,SX-->LB,SX-->LB,SX-->LB,SX-->LB,SX-->LB,SX-->LB,SX-->LB,SX-->LB,SX-->LB,SX-->LB,SX-->LB,SX-->LB,SX-->LB,,,,,,,,,,,,,,,,,LB-->SX,LB-->SX,LB-->SX,LB-->SX,LB-->SX,LB-->SX,LB-->SX,LB-->SX,LB-->SX,LB-->SX,LB-->SX,LB-->SX,LB-->SX,LB-->SX,LB-->SX,LB-->SX,LB-->SX,LB-->SX,LB-->SX
SK,SVK,Slovakia,Bratislava,Europe,Eastern Europe,,SK-->LB,SK-->LB,SK-->LB,SK-->LB,SK-->LB,SK-->LB,SK-->LB,SK-->LB,SK-->LB,SK-->LB,SK-->LB,SK-->LB,SK-->LB,SK-->LB,SK-->LB,SK-->LB,SK-->LB,SK-->LB,SK-->LB,,,,,,,,,,,,,,,,,LB-->SK,LB-->SK,LB-->SK,LB-->SK,LB-->SK,LB-->SK,LB-->SK,LB-->SK,LB-->SK,LB-->SK,LB-->SK,LB-->SK,LB-->SK,LB-->SK,LB-->SK,LB-->SK,LB-->SK,LB-->SK,LB-->SK
SI,SVN,Slovenia,Ljubljana,Europe,Southern Europe,,SI-->LB,SI-->LB,SI-->LB,SI-->LB,SI-->LB,SI-->LB,SI-->LB,SI-->LB,SI-->LB,SI-->LB,SI-->LB,SI-->LB,SI-->LB,SI-->LB,SI-->LB,SI-->LB,SI-->LB,SI-->LB,SI-->LB,,,,,,,,,,,,,,,,,LB-->SI,LB-->SI,LB-->SI,LB-->SI,LB-->SI,LB-->SI,LB-->SI,LB-->SI,LB-->SI,LB-->SI,LB-->SI,LB-->SI,LB-->SI,LB-->SI,LB-->SI,LB-->SI,LB-->SI,LB-->SI,LB-->SI
SB,SLB,Solomon Islands,Honiara,Oceania,Melanesia,,SB-->LB,SB-->LB,SB-->LB,SB-->LB,SB-->LB,SB-->LB,SB-->LB,SB-->LB,SB-->LB,SB-->LB,SB-->LB,SB-->LB,SB-->LB,SB-->LB,SB-->LB,SB-->LB,SB-->LB,SB-->LB,SB-->LB,,,,,,,,,,,,,,,,,LB-->SB,LB-->SB,LB-->SB,LB-->SB,LB-->SB,LB-->SB,LB-->SB,LB-->SB,LB-->SB,LB-->SB,LB-->SB,LB-->SB,LB-->SB,LB-->SB,LB-->SB,LB-->SB,LB-->SB,LB-->SB,LB-->SB
SO,SOM,Somalia,Mogadishu,Africa,Eastern Africa,,SO-->LB,SO-->LB,SO-->LB,SO-->LB,SO-->LB,SO-->LB,SO-->LB,SO-->LB,SO-->LB,SO-->LB,SO-->LB,SO-->LB,SO-->LB,SO-->LB,SO-->LB,SO-->LB,SO-->LB,SO-->LB,SO-->LB,,,,,,,,,,,,,,,,,LB-->SO,LB-->SO,LB-->SO,LB-->SO,LB-->SO,LB-->SO,LB-->SO,LB-->SO,LB-->SO,LB-->SO,LB-->SO,LB-->SO,LB-->SO,LB-->SO,LB-->SO,LB-->SO,LB-->SO,LB-->SO,LB-->SO
ZA,ZAF,South Africa,Pretoria,Africa,Southern Africa,,ZA-->LB,ZA-->LB,ZA-->LB,ZA-->LB,ZA-->LB,ZA-->LB,ZA-->LB,ZA-->LB,ZA-->LB,ZA-->LB,ZA-->LB,ZA-->LB,ZA-->LB,ZA-->LB,ZA-->LB,ZA-->LB,ZA-->LB,ZA-->LB,ZA-->LB,,,,,,,,,,,,,,,,,LB-->ZA,LB-->ZA,LB-->ZA,LB-->ZA,LB-->ZA,LB-->ZA,LB-->ZA,LB-->ZA,LB-->ZA,LB-->ZA,LB-->ZA,LB-->ZA,LB-->ZA,LB-->ZA,LB-->ZA,LB-->ZA,LB-->ZA,LB-->ZA,LB-->ZA
GS,SGS,South Georgia,King Edward Point,Americas,South America,,GS-->LB,GS-->LB,GS-->LB,GS-->LB,GS-->LB,GS-->LB,GS-->LB,GS-->LB,GS-->LB,GS-->LB,GS-->LB,GS-->LB,GS-->LB,GS-->LB,GS-->LB,GS-->LB,GS-->LB,GS-->LB,GS-->LB,,,,,,,,,,,,,,,,,LB-->GS,LB-->GS,LB-->GS,LB-->GS,LB-->GS,LB-->GS,LB-->GS,LB-->GS,LB-->GS,LB-->GS,LB-->GS,LB-->GS,LB-->GS,LB-->GS,LB-->GS,LB-->GS,LB-->GS,LB-->GS,LB-->GS
KR,KOR,South Korea,Seoul,Asia,Eastern Asia,,KR-->LB,KR-->LB,KR-->LB,KR-->LB,KR-->LB,KR-->LB,KR-->LB,KR-->LB,KR-->LB,KR-->LB,KR-->LB,KR-->LB,KR-->LB,KR-->LB,KR-->LB,KR-->LB,KR-->LB,KR-->LB,KR-->LB,,,,,,,,,,,,,,,,,LB-->KR,LB-->KR,LB-->KR,LB-->KR,LB-->KR,LB-->KR,LB-->KR,LB-->KR,LB-->KR,LB-->KR,LB-->KR,LB-->KR,LB-->KR,LB-->KR,LB-->KR,LB-->KR,LB-->KR,LB-->KR,LB-->KR
SS,SSD,South Sudan,Juba,Africa,Middle Africa,,SS-->LB,SS-->LB,SS-->LB,SS-->LB,SS-->LB,SS-->LB,SS-->LB,SS-->LB,SS-->LB,SS-->LB,SS-->LB,SS-->LB,SS-->LB,SS-->LB,SS-->LB,SS-->LB,SS-->LB,SS-->LB,SS-->LB,,,,,,,,,,,,,,,,,LB-->SS,LB-->SS,LB-->SS,LB-->SS,LB-->SS,LB-->SS,LB-->SS,LB-->SS,LB-->SS,LB-->SS,LB-->SS,LB-->SS,LB-->SS,LB-->SS,LB-->SS,LB-->SS,LB-->SS,LB-->SS,LB-->SS
ES,ESP,Spain,Madrid,Europe,Southern Europe,,ES-->LB,ES-->LB,ES-->LB,ES-->LB,ES-->LB,ES-->LB,ES-->LB,ES-->LB,ES-->LB,ES-->LB,ES-->LB,ES-->LB,ES-->LB,ES-->LB,ES-->LB,ES-->LB,ES-->LB,ES-->LB,ES-->LB,,,,,,,,,,,,,,,,,LB-->ES,LB-->ES,LB-->ES,LB-->ES,LB-->ES,LB-->ES,LB-->ES,LB-->ES,LB-->ES,LB-->ES,LB-->ES,LB-->ES,LB-->ES,LB-->ES,LB-->ES,LB-->ES,LB-->ES,LB-->ES,LB-->ES
LK,LKA,Sri Lanka,Colombo,Asia,Southern Asia,,LK-->LB,LK-->LB,LK-->LB,LK-->LB,LK-->LB,LK-->LB,LK-->LB,LK-->LB,LK-->LB,LK-->LB,LK-->LB,LK-->LB,LK-->LB,LK-->LB,LK-->LB,LK-->LB,LK-->LB,LK-->LB,LK-->LB,,,,,,,,,,,,,,,,,LB-->LK,LB-->LK,LB-->LK,LB-->LK,LB-->LK,LB-->LK,LB-->LK,LB-->LK,LB-->LK,LB-->LK,LB-->LK,LB-->LK,LB-->LK,LB-->LK,LB-->LK,LB-->LK,LB-->LK,LB-->LK,LB-->LK
SD,SDN,Sudan,Khartoum,Africa,Northern Africa,,SD-->LB,SD-->LB,SD-->LB,SD-->LB,SD-->LB,SD-->LB,SD-->LB,SD-->LB,SD-->LB,SD-->LB,SD-->LB,SD-->LB,SD-->LB,SD-->LB,SD-->LB,SD-->LB,SD-->LB,SD-->LB,SD-->LB,,,,,,,,,,,,,,,,,LB-->SD,LB-->SD,LB-->SD,LB-->SD,LB-->SD,LB-->SD,LB-->SD,LB-->SD,LB-->SD,LB-->SD,LB-->SD,LB-->SD,LB-->SD,LB-->SD,LB-->SD,LB-->SD,LB-->SD,LB-->SD,LB-->SD
SR,SUR,Suriname,Paramaribo,Americas,South America,,SR-->LB,SR-->LB,SR-->LB,SR-->LB,SR-->LB,SR-->LB,SR-->LB,SR-->LB,SR-->LB,SR-->LB,SR-->LB,SR-->LB,SR-->LB,SR-->LB,SR-->LB,SR-->LB,SR-->LB,SR-->LB,SR-->LB,,,,,,,,,,,,,,,,,LB-->SR,LB-->SR,LB-->SR,LB-->SR,LB-->SR,LB-->SR,LB-->SR,LB-->SR,LB-->SR,LB-->SR,LB-->SR,LB-->SR,LB-->SR,LB-->SR,LB-->SR,LB-->SR,LB-->SR,LB-->SR,LB-->SR
SJ,SJM,Svalbard and Jan Mayen,Longyearbyen,Europe,Northern Europe,,SJ-->LB,SJ-->LB,SJ-->LB,SJ-->LB,SJ-->LB,SJ-->LB,SJ-->LB,SJ-->LB,SJ-->LB,SJ-->LB,SJ-->LB,SJ-->LB,SJ-->LB,SJ-->LB,SJ-->LB,SJ-->LB,SJ-->LB,SJ-->LB,SJ-->LB,,,,,,,,,,,,,,,,,LB-->SJ,LB-->SJ,LB-->SJ,LB-->SJ,LB-->SJ,LB-->SJ,LB-->SJ,LB-->SJ,LB-->SJ,LB-->SJ,LB-->SJ,LB-->SJ,LB-->SJ,LB-->SJ,LB-->SJ,LB-->SJ,LB-->SJ,LB-->SJ,LB-->SJ
SZ,SWZ,Swaziland,Lobamba,Africa,Southern Africa,,SZ-->LB,SZ-->LB,SZ-->LB,SZ-->LB,SZ-->LB,SZ-->LB,SZ-->LB,SZ-->LB,SZ-->LB,SZ-->LB,SZ-->LB,SZ-->LB,SZ-->LB,SZ-->LB,SZ-->LB,SZ-->LB,SZ-->LB,SZ-->LB,SZ-->LB,,,,,,,,,,,,,,,,,LB-->SZ,LB-->SZ,LB-->SZ,LB-->SZ,LB-->SZ,LB-->SZ,LB-->SZ,LB-->SZ,LB-->SZ,LB-->SZ,LB-->SZ,LB-->SZ,LB-->SZ,LB-->SZ,LB-->SZ,LB-->SZ,LB-->SZ,LB-->SZ,LB-->SZ
SE,SWE,Sweden,Stockholm,Europe,Northern Europe,,SE-->LB,SE-->LB,SE-->LB,SE-->LB,SE-->LB,SE-->LB,SE-->LB,SE-->LB,SE-->LB,SE-->LB,SE-->LB,SE-->LB,SE-->LB,SE-->LB,SE-->LB,SE-->LB,SE-->LB,SE-->LB,SE-->LB,,,,,,,,,,,,,,,,,LB-->SE,LB-->SE,LB-->SE,LB-->SE,LB-->SE,LB-->SE,LB-->SE,LB-->SE,LB-->SE,LB-->SE,LB-->SE,LB-->SE,LB-->SE,LB-->SE,LB-->SE,LB-->SE,LB-->SE,LB-->SE,LB-->SE
CH,CHE,Switzerland,Bern,Europe,Western Europe,,CH-->LB,CH-->LB,CH-->LB,CH-->LB,CH-->LB,CH-->LB,CH-->LB,CH-->LB,CH-->LB,CH-->LB,CH-->LB,CH-->LB,CH-->LB,CH-->LB,CH-->LB,CH-->LB,CH-->LB,CH-->LB,CH-->LB,,,,,,,,,,,,,,,,,LB-->CH,LB-->CH,LB-->CH,LB-->CH,LB-->CH,LB-->CH,LB-->CH,LB-->CH,LB-->CH,LB-->CH,LB-->CH,LB-->CH,LB-->CH,LB-->CH,LB-->CH,LB-->CH,LB-->CH,LB-->CH,LB-->CH
SY,SYR,Syria,Damascus,Asia,Western Asia,,SY-->LB,SY-->LB,SY-->LB,SY-->LB,SY-->LB,SY-->LB,SY-->LB,SY-->LB,SY-->LB,SY-->LB,SY-->LB,SY-->LB,SY-->LB,SY-->LB,SY-->LB,SY-->LB,SY-->LB,SY-->LB,SY-->LB,,,,,,,,,,,,,,,,,LB-->SY,LB-->SY,LB-->SY,LB-->SY,LB-->SY,LB-->SY,LB-->SY,LB-->SY,LB-->SY,LB-->SY,LB-->SY,LB-->SY,LB-->SY,LB-->SY,LB-->SY,LB-->SY,LB-->SY,LB-->SY,LB-->SY
TW,TWN,Taiwan,Taipei,Asia,Eastern Asia,,TW-->LB,TW-->LB,TW-->LB,TW-->LB,TW-->LB,TW-->LB,TW-->LB,TW-->LB,TW-->LB,TW-->LB,TW-->LB,TW-->LB,TW-->LB,TW-->LB,TW-->LB,TW-->LB,TW-->LB,TW-->LB,TW-->LB,,,,,,,,,,,,,,,,,LB-->TW,LB-->TW,LB-->TW,LB-->TW,LB-->TW,LB-->TW,LB-->TW,LB-->TW,LB-->TW,LB-->TW,LB-->TW,LB-->TW,LB-->TW,LB-->TW,LB-->TW,LB-->TW,LB-->TW,LB-->TW,LB-->TW
TJ,TJK,Tajikistan,Dushanbe,Asia,Central Asia,,TJ-->LB,TJ-->LB,TJ-->LB,TJ-->LB,TJ-->LB,TJ-->LB,TJ-->LB,TJ-->LB,TJ-->LB,TJ-->LB,TJ-->LB,TJ-->LB,TJ-->LB,TJ-->LB,TJ-->LB,TJ-->LB,TJ-->LB,TJ-->LB,TJ-->LB,,,,,,,,,,,,,,,,,LB-->TJ,LB-->TJ,LB-->TJ,LB-->TJ,LB-->TJ,LB-->TJ,LB-->TJ,LB-->TJ,LB-->TJ,LB-->TJ,LB-->TJ,LB-->TJ,LB-->TJ,LB-->TJ,LB-->TJ,LB-->TJ,LB-->TJ,LB-->TJ,LB-->TJ
TZ,TZA,Tanzania,Dodoma,Africa,Eastern Africa,,TZ-->LB,TZ-->LB,TZ-->LB,TZ-->LB,TZ-->LB,TZ-->LB,TZ-->LB,TZ-->LB,TZ-->LB,TZ-->LB,TZ-->LB,TZ-->LB,TZ-->LB,TZ-->LB,TZ-->LB,TZ-->LB,TZ-->LB,TZ-->LB,TZ-->LB,,,,,,,,,,,,,,,,,LB-->TZ,LB-->TZ,LB-->TZ,LB-->TZ,LB-->TZ,LB-->TZ,LB-->TZ,LB-->TZ,LB-->TZ,LB-->TZ,LB-->TZ,LB-->TZ,LB-->TZ,LB-->TZ,LB-->TZ,LB-->TZ,LB-->TZ,LB-->TZ,LB-->TZ
TH,THA,Thailand,Bangkok,Asia,South-Eastern Asia,,TH-->LB,TH-->LB,TH-->LB,TH-->LB,TH-->LB,TH-->LB,TH-->LB,TH-->LB,TH-->LB,TH-->LB,TH-->LB,TH-->LB,TH-->LB,TH-->LB,TH-->LB,TH-->LB,TH-->LB,TH-->LB,TH-->LB,,,,,,,,,,,,,,,,,LB-->TH,LB-->TH,LB-->TH,LB-->TH,LB-->TH,LB-->TH,LB-->TH,LB-->TH,LB-->TH,LB-->TH,LB-->TH,LB-->TH,LB-->TH,LB-->TH,LB-->TH,LB-->TH,LB-->TH,LB-->TH,LB-->TH
TL,TLS,East Timor,Dili,Asia,South-Eastern Asia,,TL-->LB,TL-->LB,TL-->LB,TL-->LB,TL-->LB,TL-->LB,TL-->LB,TL-->LB,TL-->LB,TL-->LB,TL-->LB,TL-->LB,TL-->LB,TL-->LB,TL-->LB,TL-->LB,TL-->LB,TL-->LB,TL-->LB,,,,,,,,,,,,,,,,,LB-->TL,LB-->TL,LB-->TL,LB-->TL,LB-->TL,LB-->TL,LB-->TL,LB-->TL,LB-->TL,LB-->TL,LB-->TL,LB-->TL,LB-->TL,LB-->TL,LB-->TL,LB-->TL,LB-->TL,LB-->TL,LB-->TL
TG,TGO,Togo,Lomé,Africa,Western Africa,,TG-->LB,TG-->LB,TG-->LB,TG-->LB,TG-->LB,TG-->LB,TG-->LB,TG-->LB,TG-->LB,TG-->LB,TG-->LB,TG-->LB,TG-->LB,TG-->LB,TG-->LB,TG-->LB,TG-->LB,TG-->LB,TG-->LB,,,,,,,,,,,,,,,,,LB-->TG,LB-->TG,LB-->TG,LB-->TG,LB-->TG,LB-->TG,LB-->TG,LB-->TG,LB-->TG,LB-->TG,LB-->TG,LB-->TG,LB-->TG,LB-->TG,LB-->TG,LB-->TG,LB-->TG,LB-->TG,LB-->TG
TK,TKL,Tokelau,Fakaofo,Oceania,Polynesia,,TK-->LB,TK-->LB,TK-->LB,TK-->LB,TK-->LB,TK-->LB,TK-->LB,TK-->LB,TK-->LB,TK-->LB,TK-->LB,TK-->LB,TK-->LB,TK-->LB,TK-->LB,TK-->LB,TK-->LB,TK-->LB,TK-->LB,,,,,,,,,,,,,,,,,LB-->TK,LB-->TK,LB-->TK,LB-->TK,LB-->TK,LB-->TK,LB-->TK,LB-->TK,LB-->TK,LB-->TK,LB-->TK,LB-->TK,LB-->TK,LB-->TK,LB-->TK,LB-->TK,LB-->TK,LB-->TK,LB-->TK
TO,TON,Tonga,Nuku'alofa,Oceania,Polynesia,,TO-->LB,TO-->LB,TO-->LB,TO-->LB,TO-->LB,TO-->LB,TO-->LB,TO-->LB,TO-->LB,TO-->LB,TO-->LB,TO-->LB,TO-->LB,TO-->LB,TO-->LB,TO-->LB,TO-->LB,TO-->LB,TO-->LB,,,,,,,,,,,,,,,,,LB-->TO,LB-->TO,LB-->TO,LB-->TO,LB-->TO,LB-->TO,LB-->TO,LB-->TO,LB-->TO,LB-->TO,LB-->TO,LB-->TO,LB-->TO,LB-->TO,LB-->TO,LB-->TO,LB-->TO,LB-->TO,LB-->TO
TT,TTO,Trinidad and Tobago,Port of Spain,Americas,Caribbean,,TT-->LB,TT-->LB,TT-->LB,TT-->LB,TT-->LB,TT-->LB,TT-->LB,TT-->LB,TT-->LB,TT-->LB,TT-->LB,TT-->LB,TT-->LB,TT-->LB,TT-->LB,TT-->LB,TT-->LB,TT-->LB,TT-->LB,,,,,,,,,,,,,,,,,LB-->TT,LB-->TT,LB-->TT,LB-->TT,LB-->TT,LB-->TT,LB-->TT,LB-->TT,LB-->TT,LB-->TT,LB-->TT,LB-->TT,LB-->TT,LB-->TT,LB-->TT,LB-->TT,LB-->TT,LB-->TT,LB-->TT
TN,TUN,Tunisia,Tunis,Africa,Northern Africa,,TN-->LB,TN-->LB,TN-->LB,TN-->LB,TN-->LB,TN-->LB,TN-->LB,TN-->LB,TN-->LB,TN-->LB,TN-->LB,TN-->LB,TN-->LB,TN-->LB,TN-->LB,TN-->LB,TN-->LB,TN-->LB,TN-->LB,,,,,,,,,,,,,,,,,LB-->TN,LB-->TN,LB-->TN,LB-->TN,LB-->TN,LB-->TN,LB-->TN,LB-->TN,LB-->TN,LB-->TN,LB-->TN,LB-->TN,LB-->TN,LB-->TN,LB-->TN,LB-->TN,LB-->TN,LB-->TN,LB-->TN
TR,TUR,Turkey,Ankara,Asia,Western Asia,,TR-->LB,TR-->LB,TR-->LB,TR-->LB,TR-->LB,TR-->LB,TR-->LB,TR-->LB,TR-->LB,TR-->LB,TR-->LB,TR-->LB,TR-->LB,TR-->LB,TR-->LB,TR-->LB,TR-->LB,TR-->LB,TR-->LB,,,,,,,,,,,,,,,,,LB-->TR,LB-->TR,LB-->TR,LB-->TR,LB-->TR,LB-->TR,LB-->TR,LB-->TR,LB-->TR,LB-->TR,LB-->TR,LB-->TR,LB-->TR,LB-->TR,LB-->TR,LB-->TR,LB-->TR,LB-->TR,LB-->TR
TM,TKM,Turkmenistan,Ashgabat,Asia,Central Asia,,TM-->LB,TM-->LB,TM-->LB,TM-->LB,TM-->LB,TM-->LB,TM-->LB,TM-->LB,TM-->LB,TM-->LB,TM-->LB,TM-->LB,TM-->LB,TM-->LB,TM-->LB,TM-->LB,TM-->LB,TM-->LB,TM-->LB,,,,,,,,,,,,,,,,,LB-->TM,LB-->TM,LB-->TM,LB-->TM,LB-->TM,LB-->TM,LB-->TM,LB-->TM,LB-->TM,LB-->TM,LB-->TM,LB-->TM,LB-->TM,LB-->TM,LB-->TM,LB-->TM,LB-->TM,LB-->TM,LB-->TM
TC,TCA,Turks and Caicos Islands,Cockburn Town,Americas,Caribbean,,TC-->LB,TC-->LB,TC-->LB,TC-->LB,TC-->LB,TC-->LB,TC-->LB,TC-->LB,TC-->LB,TC-->LB,TC-->LB,TC-->LB,TC-->LB,TC-->LB,TC-->LB,TC-->LB,TC-->LB,TC-->LB,TC-->LB,,,,,,,,,,,,,,,,,LB-->TC,LB-->TC,LB-->TC,LB-->TC,LB-->TC,LB-->TC,LB-->TC,LB-->TC,LB-->TC,LB-->TC,LB-->TC,LB-->TC,LB-->TC,LB-->TC,LB-->TC,LB-->TC,LB-->TC,LB-->TC,LB-->TC
TV,TUV,Tuvalu,Funafuti,Oceania,Polynesia,,TV-->LB,TV-->LB,TV-->LB,TV-->LB,TV-->LB,TV-->LB,TV-->LB,TV-->LB,TV-->LB,TV-->LB,TV-->LB,TV-->LB,TV-->LB,TV-->LB,TV-->LB,TV-->LB,TV-->LB,TV-->LB,TV-->LB,,,,,,,,,,,,,,,,,LB-->TV,LB-->TV,LB-->TV,LB-->TV,LB-->TV,LB-->TV,LB-->TV,LB-->TV,LB-->TV,LB-->TV,LB-->TV,LB-->TV,LB-->TV,LB-->TV,LB-->TV,LB-->TV,LB-->TV,LB-->TV,LB-->TV
UG,UGA,Uganda,Kampala,Africa,Eastern Africa,,UG-->LB,UG-->LB,UG-->LB,UG-->LB,UG-->LB,UG-->LB,UG-->LB,UG-->LB,UG-->LB,UG-->LB,UG-->LB,UG-->LB,UG-->LB,UG-->LB,UG-->LB,UG-->LB,UG-->LB,UG-->LB,UG-->LB,,,,,,,,,,,,,,,,,LB-->UG,LB-->UG,LB-->UG,LB-->UG,LB-->UG,LB-->UG,LB-->UG,LB-->UG,LB-->UG,LB-->UG,LB-->UG,LB-->UG,LB-->UG,LB-->UG,LB-->UG,LB-->UG,LB-->UG,LB-->UG,LB-->UG
UA,UKR,Ukraine,Kiev,Europe,Eastern Europe,,UA-->LB,UA-->LB,UA-->LB,UA-->LB,UA-->LB,UA-->LB,UA-->LB,UA-->LB,UA-->LB,UA-->LB,UA-->LB,UA-->LB,UA-->LB,UA-->LB,UA-->LB,UA-->LB,UA-->LB,UA-->LB,UA-->LB,,,,,,,,,,,,,,,,,LB-->UA,LB-->UA,LB-->UA,LB-->UA,LB-->UA,LB-->UA,LB-->UA,LB-->UA,LB-->UA,LB-->UA,LB-->UA,LB-->UA,LB-->UA,LB-->UA,LB-->UA,LB-->UA,LB-->UA,LB-->UA,LB-->UA
AE,ARE,United Arab Emirates,Abu Dhabi,Asia,Western Asia,,AE-->LB,AE-->LB,AE-->LB,AE-->LB,AE-->LB,AE-->LB,AE-->LB,AE-->LB,AE-->LB,AE-->LB,AE-->LB,AE-->LB,AE-->LB,AE-->LB,AE-->LB,AE-->LB,AE-->LB,AE-->LB,AE-->LB,,,,,,,,,,,,,,,,,LB-->AE,LB-->AE,LB-->AE,LB-->AE,LB-->AE,LB-->AE,LB-->AE,LB-->AE,LB-->AE,LB-->AE,LB-->AE,LB-->AE,LB-->AE,LB-->AE,LB-->AE,LB-->AE,LB-->AE,LB-->AE,LB-->AE
GB,GBR,United Kingdom,London,Europe,Northern Europe,,GB-->LB,GB-->LB,GB-->LB,GB-->LB,GB-->LB,GB-->LB,GB-->LB,GB-->LB,GB-->LB,GB-->LB,GB-->LB,GB-->LB,GB-->LB,GB-->LB,GB-->LB,GB-->LB,GB-->LB,GB-->LB,GB-->LB,,,,,,,,,,,,,,,,,LB-->GB,LB-->GB,LB-->GB,LB-->GB,LB-->GB,LB-->GB,LB-->GB,LB-->GB,LB-->GB,LB-->GB,LB-->GB,LB-->GB,LB-->GB,LB-->GB,LB-->GB,LB-->GB,LB-->GB,LB-->GB,LB-->GB
US,USA,United States,"Washington, D.C.",Americas,Northern America,,US-->LB,US-->LB,US-->LB,US-->LB,US-->LB,US-->LB,US-->LB,US-->LB,US-->LB,US-->LB,US-->LB,US-->LB,US-->LB,US-->LB,US-->LB,US-->LB,US-->LB,US-->LB,US-->LB,,,,,,,,,,,,,,,,,LB-->US,LB-->US,LB-->US,LB-->US,LB-->US,LB-->US,LB-->US,LB-->US,LB-->US,LB-->US,LB-->US,LB-->US,LB-->US,LB-->US,LB-->US,LB-->US,LB-->US,LB-->US,LB-->US
UY,URY,Uruguay,Montevideo,Americas,South America,,UY-->LB,UY-->LB,UY-->LB,UY-->LB,UY-->LB,UY-->LB,UY-->LB,UY-->LB,UY-->LB,UY-->LB,UY-->LB,UY-->LB,UY-->LB,UY-->LB,UY-->LB,UY-->LB,UY-->LB,UY-->LB,UY-->LB,,,,,,,,,,,,,,,,,LB-->UY,LB-->UY,LB-->UY,LB-->UY,LB-->UY,LB-->UY,LB-->UY,LB-->UY,LB-->UY,LB-->UY,LB-->UY,LB-->UY,LB-->UY,LB-->UY,LB-->UY,LB-->UY,LB-->UY,LB-->UY,LB-->UY
UZ,UZB,Uzbekistan,Tashkent,Asia,Central Asia,,UZ-->LB,UZ-->LB,UZ-->LB,UZ-->LB,UZ-->LB,UZ-->LB,UZ-->LB,UZ-->LB,UZ-->LB,UZ-->LB,UZ-->LB,UZ-->LB,UZ-->LB,UZ-->LB,UZ-->LB,UZ-->LB,UZ-->LB,UZ-->LB,UZ-->LB,,,,,,,,,,,,,,,,,LB-->UZ,LB-->UZ,LB-->UZ,LB-->UZ,LB-->UZ,LB-->UZ,LB-->UZ,LB-->UZ,LB-->UZ,LB-->UZ,LB-->UZ,LB-->UZ,LB-->UZ,LB-->UZ,LB-->UZ,LB-->UZ,LB-->UZ,LB-->UZ,LB-->UZ
VU,VUT,Vanuatu,Port Vila,Oceania,Melanesia,,VU-->LB,VU-->LB,VU-->LB,VU-->LB,VU-->LB,VU-->LB,VU-->LB,VU-->LB,VU-->LB,VU-->LB,VU-->LB,VU-->LB,VU-->LB,VU-->LB,VU-->LB,VU-->LB,VU-->LB,VU-->LB,VU-->LB,,,,,,,,,,,,,,,,,LB-->VU,LB-->VU,LB-->VU,LB-->VU,LB-->VU,LB-->VU,LB-->VU,LB-->VU,LB-->VU,LB-->VU,LB-->VU,LB-->VU,LB-->VU,LB-->VU,LB-->VU,LB-->VU,LB-->VU,LB-->VU,LB-->VU
VE,VEN,Venezuela,Caracas,Americas,South America,,VE-->LB,VE-->LB,VE-->LB,VE-->LB,VE-->LB,VE-->LB,VE-->LB,VE-->LB,VE-->LB,VE-->LB,VE-->LB,VE-->LB,VE-->LB,VE-->LB,VE-->LB,VE-->LB,VE-->LB,VE-->LB,VE-->LB,,,,,,,,,,,,,,,,,LB-->VE,LB-->VE,LB-->VE,LB-->VE,LB-->VE,LB-->VE,LB-->VE,LB-->VE,LB-->VE,LB-->VE,LB-->VE,LB-->VE,LB-->VE,LB-->VE,LB-->VE,LB-->VE,LB-->VE,LB-->VE,LB-->VE
VN,VNM,Vietnam,Hanoi,Asia,South-Eastern Asia,,VN-->LB,VN-->LB,VN-->LB,VN-->LB,VN-->LB,VN-->LB,VN-->LB,VN-->LB,VN-->LB,VN-->LB,VN-->LB,VN-->LB,VN-->LB,VN-->LB,VN-->LB,VN-->LB,VN-->LB,VN-->LB,VN-->LB,,,,,,,,,,,,,,,,,LB-->VN,LB-->VN,LB-->VN,LB-->VN,LB-->VN,LB-->VN,LB-->VN,LB-->VN,LB-->VN,LB-->VN,LB-->VN,LB-->VN,LB-->VN,LB-->VN,LB-->VN,LB-->VN,LB-->VN,LB-->VN,LB-->VN
WF,WLF,Wallis and Futuna,Mata-Utu,Oceania,Polynesia,,WF-->LB,WF-->LB,WF-->LB,WF-->LB,WF-->LB,WF-->LB,WF-->LB,WF-->LB,WF-->LB,WF-->LB,WF-->LB,WF-->LB,WF-->LB,WF-->LB,WF-->LB,WF-->LB,WF-->LB,WF-->LB,WF-->LB,,,,,,,,,,,,,,,,,LB-->WF,LB-->WF,LB-->WF,LB-->WF,LB-->WF,LB-->WF,LB-->WF,LB-->WF,LB-->WF,LB-->WF,LB-->WF,LB-->WF,LB-->WF,LB-->WF,LB-->WF,LB-->WF,LB-->WF,LB-->WF,LB-->WF
EH,ESH,Western Sahara,El Aaiún,Africa,Northern Africa,,EH-->LB,EH-->LB,EH-->LB,EH-->LB,EH-->LB,EH-->LB,EH-->LB,EH-->LB,EH-->LB,EH-->LB,EH-->LB,EH-->LB,EH-->LB,EH-->LB,EH-->LB,EH-->LB,EH-->LB,EH-->LB,EH-->LB,,,,,,,,,,,,,,,,,LB-->EH,LB-->EH,LB-->EH,LB-->EH,LB-->EH,LB-->EH,LB-->EH,LB-->EH,LB-->EH,LB-->EH,LB-->EH,LB-->EH,LB-->EH,LB-->EH,LB-->EH,LB-->EH,LB-->EH,LB-->EH,LB-->EH
YE,YEM,Yemen,Sana'a,Asia,Western Asia,,YE-->LB,YE-->LB,YE-->LB,YE-->LB,YE-->LB,YE-->LB,YE-->LB,YE-->LB,YE-->LB,YE-->LB,YE-->LB,YE-->LB,YE-->LB,YE-->LB,YE-->LB,YE-->LB,YE-->LB,YE-->LB,YE-->LB,,,,,,,,,,,,,,,,,LB-->YE,LB-->YE,LB-->YE,LB-->YE,LB-->YE,LB-->YE,LB-->YE,LB-->YE,LB-->YE,LB-->YE,LB-->YE,LB-->YE,LB-->YE,LB-->YE,LB-->YE,LB-->YE,LB-->YE,LB-->YE,LB-->YE
ZM,ZMB,Zambia,Lusaka,Africa,Eastern Africa,,ZM-->LB,ZM-->LB,ZM-->LB,ZM-->LB,ZM-->LB,ZM-->LB,ZM-->LB,ZM-->LB,ZM-->LB,ZM-->LB,ZM-->LB,ZM-->LB,ZM-->LB,ZM-->LB,ZM-->LB,ZM-->LB,ZM-->LB,ZM-->LB,ZM-->LB,,,,,,,,,,,,,,,,,LB-->ZM,LB-->ZM,LB-->ZM,LB-->ZM,LB-->ZM,LB-->ZM,LB-->ZM,LB-->ZM,LB-->ZM,LB-->ZM,LB-->ZM,LB-->ZM,LB-->ZM,LB-->ZM,LB-->ZM,LB-->ZM,LB-->ZM,LB-->ZM,LB-->ZM
ZW,ZWE,Zimbabwe,Harare,Africa,Eastern Africa,,ZW-->LB,ZW-->LB,ZW-->LB,ZW-->LB,ZW-->LB,ZW-->LB,ZW-->LB,ZW-->LB,ZW-->LB,ZW-->LB,ZW-->LB,ZW-->LB,ZW-->LB,ZW-->LB,ZW-->LB,ZW-->LB,ZW-->LB,ZW-->LB,ZW-->LB,,,,,,,,,,,,,,,,,LB-->ZW,LB-->ZW,LB-->ZW,LB-->ZW,LB-->ZW,LB-->ZW,LB-->ZW,LB-->ZW,LB-->ZW,LB-->ZW,LB-->ZW,LB-->ZW,LB-->ZW,LB-->ZW,LB-->ZW,LB-->ZW,LB-->ZW,LB-->ZW,LB-->ZW
