nu,code,name,capital,region,subregion,Unnamed: 6,quara/into/where/e,quara/into/where/v,quara/into/where/uv,quara/into/min/e,quara/into/min/v,quara/into/min/uv,quara/into/max/e,quara/into/max/v,quara/into/max/uv,quara/into/comment,test/into/pcr/e,test/into/pcr/v,test/into/pcr/uv,test/into/ag/e,test/into/ag/v,test/into/ag/uv,test/into/comment,visa/into,visa/into/comment,loadStates/into,Unnamed: 27,Unnamed: 28,Unnamed: 29,Unnamed: 30,Unnamed: 31,Unnamed: 32,Unnamed: 33,Unnamed: 34,Unnamed: 35,Unnamed: 36,Unnamed: 37,Unnamed: 38,Unnamed: 39,Unnamed: 40,Unnamed: 41,quara/out/where/e,quara/out/where/v,quara/out/where/uv,quara/out/min/e,quara/out/min/v,quara/out/min/uv,quara/out/max/e,quara/out/max/v,quara/out/max/uv,quara/out/comment,test/out/pcr/e,test/out/pcr/v,test/out/pcr/uv,test/out/ag/e,test/out/ag/v,test/out/ag/uv,test/out/comment,visa/out,visa/out/comment
AF,AFG,Afghanistan,Kabul,Asia,Southern Asia,,AF-->SZ,AF-->SZ,AF-->SZ,AF-->SZ,AF-->SZ,AF-->SZ,AF-->SZ,AF-->SZ,AF-->SZ,AF-->SZ,AF-->SZ,AF-->SZ,AF-->SZ,AF-->SZ,AF-->SZ,AF-->SZ,AF-->SZ,AF-->SZ,AF-->SZ,,,,,,,,,,,,,,,,,SZ-->AF,SZ-->AF,SZ-->AF,SZ-->AF,SZ-->AF,SZ-->AF,SZ-->AF,SZ-->AF,SZ-->AF,SZ-->AF,SZ-->AF,SZ-->AF,SZ-->AF,SZ-->AF,SZ-->AF,SZ-->AF,SZ-->AF,SZ-->AF,SZ-->AF
AX,ALA,Åland Islands,Mariehamn,Europe,Northern Europe,,AX-->SZ,AX-->SZ,AX-->SZ,AX-->SZ,AX-->SZ,AX-->SZ,AX-->SZ,AX-->SZ,AX-->SZ,AX-->SZ,AX-->SZ,AX-->SZ,AX-->SZ,AX-->SZ,AX-->SZ,AX-->SZ,AX-->SZ,AX-->SZ,AX-->SZ,,,,,,,,,,,,,,,,,SZ-->AX,SZ-->AX,SZ-->AX,SZ-->AX,SZ-->AX,SZ-->AX,SZ-->AX,SZ-->AX,SZ-->AX,SZ-->AX,SZ-->AX,SZ-->AX,SZ-->AX,SZ-->AX,SZ-->AX,SZ-->AX,SZ-->AX,SZ-->AX,SZ-->AX
AL,ALB,Albania,Tirana,Europe,Southern Europe,,AL-->SZ,AL-->SZ,AL-->SZ,AL-->SZ,AL-->SZ,AL-->SZ,AL-->SZ,AL-->SZ,AL-->SZ,AL-->SZ,AL-->SZ,AL-->SZ,AL-->SZ,AL-->SZ,AL-->SZ,AL-->SZ,AL-->SZ,AL-->SZ,AL-->SZ,,,,,,,,,,,,,,,,,SZ-->AL,SZ-->AL,SZ-->AL,SZ-->AL,SZ-->AL,SZ-->AL,SZ-->AL,SZ-->AL,SZ-->AL,SZ-->AL,SZ-->AL,SZ-->AL,SZ-->AL,SZ-->AL,SZ-->AL,SZ-->AL,SZ-->AL,SZ-->AL,SZ-->AL
DZ,DZA,Algeria,Algiers,Africa,Northern Africa,,DZ-->SZ,DZ-->SZ,DZ-->SZ,DZ-->SZ,DZ-->SZ,DZ-->SZ,DZ-->SZ,DZ-->SZ,DZ-->SZ,DZ-->SZ,DZ-->SZ,DZ-->SZ,DZ-->SZ,DZ-->SZ,DZ-->SZ,DZ-->SZ,DZ-->SZ,DZ-->SZ,DZ-->SZ,,,,,,,,,,,,,,,,,SZ-->DZ,SZ-->DZ,SZ-->DZ,SZ-->DZ,SZ-->DZ,SZ-->DZ,SZ-->DZ,SZ-->DZ,SZ-->DZ,SZ-->DZ,SZ-->DZ,SZ-->DZ,SZ-->DZ,SZ-->DZ,SZ-->DZ,SZ-->DZ,SZ-->DZ,SZ-->DZ,SZ-->DZ
AS,ASM,American Samoa,Pago Pago,Oceania,Polynesia,,AS-->SZ,AS-->SZ,AS-->SZ,AS-->SZ,AS-->SZ,AS-->SZ,AS-->SZ,AS-->SZ,AS-->SZ,AS-->SZ,AS-->SZ,AS-->SZ,AS-->SZ,AS-->SZ,AS-->SZ,AS-->SZ,AS-->SZ,AS-->SZ,AS-->SZ,,,,,,,,,,,,,,,,,SZ-->AS,SZ-->AS,SZ-->AS,SZ-->AS,SZ-->AS,SZ-->AS,SZ-->AS,SZ-->AS,SZ-->AS,SZ-->AS,SZ-->AS,SZ-->AS,SZ-->AS,SZ-->AS,SZ-->AS,SZ-->AS,SZ-->AS,SZ-->AS,SZ-->AS
AD,AND,Andorra,Andorra la Vella,Europe,Southern Europe,,AD-->SZ,AD-->SZ,AD-->SZ,AD-->SZ,AD-->SZ,AD-->SZ,AD-->SZ,AD-->SZ,AD-->SZ,AD-->SZ,AD-->SZ,AD-->SZ,AD-->SZ,AD-->SZ,AD-->SZ,AD-->SZ,AD-->SZ,AD-->SZ,AD-->SZ,,,,,,,,,,,,,,,,,SZ-->AD,SZ-->AD,SZ-->AD,SZ-->AD,SZ-->AD,SZ-->AD,SZ-->AD,SZ-->AD,SZ-->AD,SZ-->AD,SZ-->AD,SZ-->AD,SZ-->AD,SZ-->AD,SZ-->AD,SZ-->AD,SZ-->AD,SZ-->AD,SZ-->AD
AO,AGO,Angola,Luanda,Africa,Middle Africa,,AO-->SZ,AO-->SZ,AO-->SZ,AO-->SZ,AO-->SZ,AO-->SZ,AO-->SZ,AO-->SZ,AO-->SZ,AO-->SZ,AO-->SZ,AO-->SZ,AO-->SZ,AO-->SZ,AO-->SZ,AO-->SZ,AO-->SZ,AO-->SZ,AO-->SZ,,,,,,,,,,,,,,,,,SZ-->AO,SZ-->AO,SZ-->AO,SZ-->AO,SZ-->AO,SZ-->AO,SZ-->AO,SZ-->AO,SZ-->AO,SZ-->AO,SZ-->AO,SZ-->AO,SZ-->AO,SZ-->AO,SZ-->AO,SZ-->AO,SZ-->AO,SZ-->AO,SZ-->AO
AI,AIA,Anguilla,The Valley,Americas,Caribbean,,AI-->SZ,AI-->SZ,AI-->SZ,AI-->SZ,AI-->SZ,AI-->SZ,AI-->SZ,AI-->SZ,AI-->SZ,AI-->SZ,AI-->SZ,AI-->SZ,AI-->SZ,AI-->SZ,AI-->SZ,AI-->SZ,AI-->SZ,AI-->SZ,AI-->SZ,,,,,,,,,,,,,,,,,SZ-->AI,SZ-->AI,SZ-->AI,SZ-->AI,SZ-->AI,SZ-->AI,SZ-->AI,SZ-->AI,SZ-->AI,SZ-->AI,SZ-->AI,SZ-->AI,SZ-->AI,SZ-->AI,SZ-->AI,SZ-->AI,SZ-->AI,SZ-->AI,SZ-->AI
AQ,ATA,Antarctica,,Polar,,,AQ-->SZ,AQ-->SZ,AQ-->SZ,AQ-->SZ,AQ-->SZ,AQ-->SZ,AQ-->SZ,AQ-->SZ,AQ-->SZ,AQ-->SZ,AQ-->SZ,AQ-->SZ,AQ-->SZ,AQ-->SZ,AQ-->SZ,AQ-->SZ,AQ-->SZ,AQ-->SZ,AQ-->SZ,,,,,,,,,,,,,,,,,SZ-->AQ,SZ-->AQ,SZ-->AQ,SZ-->AQ,SZ-->AQ,SZ-->AQ,SZ-->AQ,SZ-->AQ,SZ-->AQ,SZ-->AQ,SZ-->AQ,SZ-->AQ,SZ-->AQ,SZ-->AQ,SZ-->AQ,SZ-->AQ,SZ-->AQ,SZ-->AQ,SZ-->AQ
AG,ATG,Antigua and Barbuda,Saint John's,Americas,Caribbean,,AG-->SZ,AG-->SZ,AG-->SZ,AG-->SZ,AG-->SZ,AG-->SZ,AG-->SZ,AG-->SZ,AG-->SZ,AG-->SZ,AG-->SZ,AG-->SZ,AG-->SZ,AG-->SZ,AG-->SZ,AG-->SZ,AG-->SZ,AG-->SZ,AG-->SZ,,,,,,,,,,,,,,,,,SZ-->AG,SZ-->AG,SZ-->AG,SZ-->AG,SZ-->AG,SZ-->AG,SZ-->AG,SZ-->AG,SZ-->AG,SZ-->AG,SZ-->AG,SZ-->AG,SZ-->AG,SZ-->AG,SZ-->AG,SZ-->AG,SZ-->AG,SZ-->AG,SZ-->AG
AR,ARG,Argentina,Buenos Aires,Americas,South America,,AR-->SZ,AR-->SZ,AR-->SZ,AR-->SZ,AR-->SZ,AR-->SZ,AR-->SZ,AR-->SZ,AR-->SZ,AR-->SZ,AR-->SZ,AR-->SZ,AR-->SZ,AR-->SZ,AR-->SZ,AR-->SZ,AR-->SZ,AR-->SZ,AR-->SZ,,,,,,,,,,,,,,,,,SZ-->AR,SZ-->AR,SZ-->AR,SZ-->AR,SZ-->AR,SZ-->AR,SZ-->AR,SZ-->AR,SZ-->AR,SZ-->AR,SZ-->AR,SZ-->AR,SZ-->AR,SZ-->AR,SZ-->AR,SZ-->AR,SZ-->AR,SZ-->AR,SZ-->AR
AM,ARM,Armenia,Yerevan,Asia,Western Asia,,AM-->SZ,AM-->SZ,AM-->SZ,AM-->SZ,AM-->SZ,AM-->SZ,AM-->SZ,AM-->SZ,AM-->SZ,AM-->SZ,AM-->SZ,AM-->SZ,AM-->SZ,AM-->SZ,AM-->SZ,AM-->SZ,AM-->SZ,AM-->SZ,AM-->SZ,,,,,,,,,,,,,,,,,SZ-->AM,SZ-->AM,SZ-->AM,SZ-->AM,SZ-->AM,SZ-->AM,SZ-->AM,SZ-->AM,SZ-->AM,SZ-->AM,SZ-->AM,SZ-->AM,SZ-->AM,SZ-->AM,SZ-->AM,SZ-->AM,SZ-->AM,SZ-->AM,SZ-->AM
AW,ABW,Aruba,Oranjestad,Americas,Caribbean,,AW-->SZ,AW-->SZ,AW-->SZ,AW-->SZ,AW-->SZ,AW-->SZ,AW-->SZ,AW-->SZ,AW-->SZ,AW-->SZ,AW-->SZ,AW-->SZ,AW-->SZ,AW-->SZ,AW-->SZ,AW-->SZ,AW-->SZ,AW-->SZ,AW-->SZ,,,,,,,,,,,,,,,,,SZ-->AW,SZ-->AW,SZ-->AW,SZ-->AW,SZ-->AW,SZ-->AW,SZ-->AW,SZ-->AW,SZ-->AW,SZ-->AW,SZ-->AW,SZ-->AW,SZ-->AW,SZ-->AW,SZ-->AW,SZ-->AW,SZ-->AW,SZ-->AW,SZ-->AW
AU,AUS,Australia,Canberra,Oceania,Australia and New Zealand,,AU-->SZ,AU-->SZ,AU-->SZ,AU-->SZ,AU-->SZ,AU-->SZ,AU-->SZ,AU-->SZ,AU-->SZ,AU-->SZ,AU-->SZ,AU-->SZ,AU-->SZ,AU-->SZ,AU-->SZ,AU-->SZ,AU-->SZ,AU-->SZ,AU-->SZ,,,,,,,,,,,,,,,,,SZ-->AU,SZ-->AU,SZ-->AU,SZ-->AU,SZ-->AU,SZ-->AU,SZ-->AU,SZ-->AU,SZ-->AU,SZ-->AU,SZ-->AU,SZ-->AU,SZ-->AU,SZ-->AU,SZ-->AU,SZ-->AU,SZ-->AU,SZ-->AU,SZ-->AU
AT,AUT,Austria,Vienna,Europe,Western Europe,,AT-->SZ,AT-->SZ,AT-->SZ,AT-->SZ,AT-->SZ,AT-->SZ,AT-->SZ,AT-->SZ,AT-->SZ,AT-->SZ,AT-->SZ,AT-->SZ,AT-->SZ,AT-->SZ,AT-->SZ,AT-->SZ,AT-->SZ,AT-->SZ,AT-->SZ,,,,,,,,,,,,,,,,,SZ-->AT,SZ-->AT,SZ-->AT,SZ-->AT,SZ-->AT,SZ-->AT,SZ-->AT,SZ-->AT,SZ-->AT,SZ-->AT,SZ-->AT,SZ-->AT,SZ-->AT,SZ-->AT,SZ-->AT,SZ-->AT,SZ-->AT,SZ-->AT,SZ-->AT
AZ,AZE,Azerbaijan,Baku,Asia,Western Asia,,AZ-->SZ,AZ-->SZ,AZ-->SZ,AZ-->SZ,AZ-->SZ,AZ-->SZ,AZ-->SZ,AZ-->SZ,AZ-->SZ,AZ-->SZ,AZ-->SZ,AZ-->SZ,AZ-->SZ,AZ-->SZ,AZ-->SZ,AZ-->SZ,AZ-->SZ,AZ-->SZ,AZ-->SZ,,,,,,,,,,,,,,,,,SZ-->AZ,SZ-->AZ,SZ-->AZ,SZ-->AZ,SZ-->AZ,SZ-->AZ,SZ-->AZ,SZ-->AZ,SZ-->AZ,SZ-->AZ,SZ-->AZ,SZ-->AZ,SZ-->AZ,SZ-->AZ,SZ-->AZ,SZ-->AZ,SZ-->AZ,SZ-->AZ,SZ-->AZ
BS,BHS,The Bahamas,Nassau,Americas,Caribbean,,BS-->SZ,BS-->SZ,BS-->SZ,BS-->SZ,BS-->SZ,BS-->SZ,BS-->SZ,BS-->SZ,BS-->SZ,BS-->SZ,BS-->SZ,BS-->SZ,BS-->SZ,BS-->SZ,BS-->SZ,BS-->SZ,BS-->SZ,BS-->SZ,BS-->SZ,,,,,,,,,,,,,,,,,SZ-->BS,SZ-->BS,SZ-->BS,SZ-->BS,SZ-->BS,SZ-->BS,SZ-->BS,SZ-->BS,SZ-->BS,SZ-->BS,SZ-->BS,SZ-->BS,SZ-->BS,SZ-->BS,SZ-->BS,SZ-->BS,SZ-->BS,SZ-->BS,SZ-->BS
BH,BHR,Bahrain,Manama,Asia,Western Asia,,BH-->SZ,BH-->SZ,BH-->SZ,BH-->SZ,BH-->SZ,BH-->SZ,BH-->SZ,BH-->SZ,BH-->SZ,BH-->SZ,BH-->SZ,BH-->SZ,BH-->SZ,BH-->SZ,BH-->SZ,BH-->SZ,BH-->SZ,BH-->SZ,BH-->SZ,,,,,,,,,,,,,,,,,SZ-->BH,SZ-->BH,SZ-->BH,SZ-->BH,SZ-->BH,SZ-->BH,SZ-->BH,SZ-->BH,SZ-->BH,SZ-->BH,SZ-->BH,SZ-->BH,SZ-->BH,SZ-->BH,SZ-->BH,SZ-->BH,SZ-->BH,SZ-->BH,SZ-->BH
BD,BGD,Bangladesh,Dhaka,Asia,Southern Asia,,BD-->SZ,BD-->SZ,BD-->SZ,BD-->SZ,BD-->SZ,BD-->SZ,BD-->SZ,BD-->SZ,BD-->SZ,BD-->SZ,BD-->SZ,BD-->SZ,BD-->SZ,BD-->SZ,BD-->SZ,BD-->SZ,BD-->SZ,BD-->SZ,BD-->SZ,,,,,,,,,,,,,,,,,SZ-->BD,SZ-->BD,SZ-->BD,SZ-->BD,SZ-->BD,SZ-->BD,SZ-->BD,SZ-->BD,SZ-->BD,SZ-->BD,SZ-->BD,SZ-->BD,SZ-->BD,SZ-->BD,SZ-->BD,SZ-->BD,SZ-->BD,SZ-->BD,SZ-->BD
BB,BRB,Barbados,Bridgetown,Americas,Caribbean,,BB-->SZ,BB-->SZ,BB-->SZ,BB-->SZ,BB-->SZ,BB-->SZ,BB-->SZ,BB-->SZ,BB-->SZ,BB-->SZ,BB-->SZ,BB-->SZ,BB-->SZ,BB-->SZ,BB-->SZ,BB-->SZ,BB-->SZ,BB-->SZ,BB-->SZ,,,,,,,,,,,,,,,,,SZ-->BB,SZ-->BB,SZ-->BB,SZ-->BB,SZ-->BB,SZ-->BB,SZ-->BB,SZ-->BB,SZ-->BB,SZ-->BB,SZ-->BB,SZ-->BB,SZ-->BB,SZ-->BB,SZ-->BB,SZ-->BB,SZ-->BB,SZ-->BB,SZ-->BB
BY,BLR,Belarus,Minsk,Europe,Eastern Europe,,BY-->SZ,BY-->SZ,BY-->SZ,BY-->SZ,BY-->SZ,BY-->SZ,BY-->SZ,BY-->SZ,BY-->SZ,BY-->SZ,BY-->SZ,BY-->SZ,BY-->SZ,BY-->SZ,BY-->SZ,BY-->SZ,BY-->SZ,BY-->SZ,BY-->SZ,,,,,,,,,,,,,,,,,SZ-->BY,SZ-->BY,SZ-->BY,SZ-->BY,SZ-->BY,SZ-->BY,SZ-->BY,SZ-->BY,SZ-->BY,SZ-->BY,SZ-->BY,SZ-->BY,SZ-->BY,SZ-->BY,SZ-->BY,SZ-->BY,SZ-->BY,SZ-->BY,SZ-->BY
BE,BEL,Belgium,Brussels,Europe,Western Europe,,BE-->SZ,BE-->SZ,BE-->SZ,BE-->SZ,BE-->SZ,BE-->SZ,BE-->SZ,BE-->SZ,BE-->SZ,BE-->SZ,BE-->SZ,BE-->SZ,BE-->SZ,BE-->SZ,BE-->SZ,BE-->SZ,BE-->SZ,BE-->SZ,BE-->SZ,,,,,,,,,,,,,,,,,SZ-->BE,SZ-->BE,SZ-->BE,SZ-->BE,SZ-->BE,SZ-->BE,SZ-->BE,SZ-->BE,SZ-->BE,SZ-->BE,SZ-->BE,SZ-->BE,SZ-->BE,SZ-->BE,SZ-->BE,SZ-->BE,SZ-->BE,SZ-->BE,SZ-->BE
BZ,BLZ,Belize,Belmopan,Americas,Central America,,BZ-->SZ,BZ-->SZ,BZ-->SZ,BZ-->SZ,BZ-->SZ,BZ-->SZ,BZ-->SZ,BZ-->SZ,BZ-->SZ,BZ-->SZ,BZ-->SZ,BZ-->SZ,BZ-->SZ,BZ-->SZ,BZ-->SZ,BZ-->SZ,BZ-->SZ,BZ-->SZ,BZ-->SZ,,,,,,,,,,,,,,,,,SZ-->BZ,SZ-->BZ,SZ-->BZ,SZ-->BZ,SZ-->BZ,SZ-->BZ,SZ-->BZ,SZ-->BZ,SZ-->BZ,SZ-->BZ,SZ-->BZ,SZ-->BZ,SZ-->BZ,SZ-->BZ,SZ-->BZ,SZ-->BZ,SZ-->BZ,SZ-->BZ,SZ-->BZ
BJ,BEN,Benin,Porto-Novo,Africa,Western Africa,,BJ-->SZ,BJ-->SZ,BJ-->SZ,BJ-->SZ,BJ-->SZ,BJ-->SZ,BJ-->SZ,BJ-->SZ,BJ-->SZ,BJ-->SZ,BJ-->SZ,BJ-->SZ,BJ-->SZ,BJ-->SZ,BJ-->SZ,BJ-->SZ,BJ-->SZ,BJ-->SZ,BJ-->SZ,,,,,,,,,,,,,,,,,SZ-->BJ,SZ-->BJ,SZ-->BJ,SZ-->BJ,SZ-->BJ,SZ-->BJ,SZ-->BJ,SZ-->BJ,SZ-->BJ,SZ-->BJ,SZ-->BJ,SZ-->BJ,SZ-->BJ,SZ-->BJ,SZ-->BJ,SZ-->BJ,SZ-->BJ,SZ-->BJ,SZ-->BJ
BM,BMU,Bermuda,Hamilton,Americas,Northern America,,BM-->SZ,BM-->SZ,BM-->SZ,BM-->SZ,BM-->SZ,BM-->SZ,BM-->SZ,BM-->SZ,BM-->SZ,BM-->SZ,BM-->SZ,BM-->SZ,BM-->SZ,BM-->SZ,BM-->SZ,BM-->SZ,BM-->SZ,BM-->SZ,BM-->SZ,,,,,,,,,,,,,,,,,SZ-->BM,SZ-->BM,SZ-->BM,SZ-->BM,SZ-->BM,SZ-->BM,SZ-->BM,SZ-->BM,SZ-->BM,SZ-->BM,SZ-->BM,SZ-->BM,SZ-->BM,SZ-->BM,SZ-->BM,SZ-->BM,SZ-->BM,SZ-->BM,SZ-->BM
BT,BTN,Bhutan,Thimphu,Asia,Southern Asia,,BT-->SZ,BT-->SZ,BT-->SZ,BT-->SZ,BT-->SZ,BT-->SZ,BT-->SZ,BT-->SZ,BT-->SZ,BT-->SZ,BT-->SZ,BT-->SZ,BT-->SZ,BT-->SZ,BT-->SZ,BT-->SZ,BT-->SZ,BT-->SZ,BT-->SZ,,,,,,,,,,,,,,,,,SZ-->BT,SZ-->BT,SZ-->BT,SZ-->BT,SZ-->BT,SZ-->BT,SZ-->BT,SZ-->BT,SZ-->BT,SZ-->BT,SZ-->BT,SZ-->BT,SZ-->BT,SZ-->BT,SZ-->BT,SZ-->BT,SZ-->BT,SZ-->BT,SZ-->BT
BO,BOL,Bolivia,Sucre,Americas,South America,,BO-->SZ,BO-->SZ,BO-->SZ,BO-->SZ,BO-->SZ,BO-->SZ,BO-->SZ,BO-->SZ,BO-->SZ,BO-->SZ,BO-->SZ,BO-->SZ,BO-->SZ,BO-->SZ,BO-->SZ,BO-->SZ,BO-->SZ,BO-->SZ,BO-->SZ,,,,,,,,,,,,,,,,,SZ-->BO,SZ-->BO,SZ-->BO,SZ-->BO,SZ-->BO,SZ-->BO,SZ-->BO,SZ-->BO,SZ-->BO,SZ-->BO,SZ-->BO,SZ-->BO,SZ-->BO,SZ-->BO,SZ-->BO,SZ-->BO,SZ-->BO,SZ-->BO,SZ-->BO
BQ,BES,Bonaire,Kralendijk,Americas,Caribbean,,BQ-->SZ,BQ-->SZ,BQ-->SZ,BQ-->SZ,BQ-->SZ,BQ-->SZ,BQ-->SZ,BQ-->SZ,BQ-->SZ,BQ-->SZ,BQ-->SZ,BQ-->SZ,BQ-->SZ,BQ-->SZ,BQ-->SZ,BQ-->SZ,BQ-->SZ,BQ-->SZ,BQ-->SZ,,,,,,,,,,,,,,,,,SZ-->BQ,SZ-->BQ,SZ-->BQ,SZ-->BQ,SZ-->BQ,SZ-->BQ,SZ-->BQ,SZ-->BQ,SZ-->BQ,SZ-->BQ,SZ-->BQ,SZ-->BQ,SZ-->BQ,SZ-->BQ,SZ-->BQ,SZ-->BQ,SZ-->BQ,SZ-->BQ,SZ-->BQ
BA,BIH,Bosnia and Herzegovina,Sarajevo,Europe,Southern Europe,,BA-->SZ,BA-->SZ,BA-->SZ,BA-->SZ,BA-->SZ,BA-->SZ,BA-->SZ,BA-->SZ,BA-->SZ,BA-->SZ,BA-->SZ,BA-->SZ,BA-->SZ,BA-->SZ,BA-->SZ,BA-->SZ,BA-->SZ,BA-->SZ,BA-->SZ,,,,,,,,,,,,,,,,,SZ-->BA,SZ-->BA,SZ-->BA,SZ-->BA,SZ-->BA,SZ-->BA,SZ-->BA,SZ-->BA,SZ-->BA,SZ-->BA,SZ-->BA,SZ-->BA,SZ-->BA,SZ-->BA,SZ-->BA,SZ-->BA,SZ-->BA,SZ-->BA,SZ-->BA
BW,BWA,Botswana,Gaborone,Africa,Southern Africa,,BW-->SZ,BW-->SZ,BW-->SZ,BW-->SZ,BW-->SZ,BW-->SZ,BW-->SZ,BW-->SZ,BW-->SZ,BW-->SZ,BW-->SZ,BW-->SZ,BW-->SZ,BW-->SZ,BW-->SZ,BW-->SZ,BW-->SZ,BW-->SZ,BW-->SZ,,,,,,,,,,,,,,,,,SZ-->BW,SZ-->BW,SZ-->BW,SZ-->BW,SZ-->BW,SZ-->BW,SZ-->BW,SZ-->BW,SZ-->BW,SZ-->BW,SZ-->BW,SZ-->BW,SZ-->BW,SZ-->BW,SZ-->BW,SZ-->BW,SZ-->BW,SZ-->BW,SZ-->BW
BV,BVT,Bouvet Island,,,,,BV-->SZ,BV-->SZ,BV-->SZ,BV-->SZ,BV-->SZ,BV-->SZ,BV-->SZ,BV-->SZ,BV-->SZ,BV-->SZ,BV-->SZ,BV-->SZ,BV-->SZ,BV-->SZ,BV-->SZ,BV-->SZ,BV-->SZ,BV-->SZ,BV-->SZ,,,,,,,,,,,,,,,,,SZ-->BV,SZ-->BV,SZ-->BV,SZ-->BV,SZ-->BV,SZ-->BV,SZ-->BV,SZ-->BV,SZ-->BV,SZ-->BV,SZ-->BV,SZ-->BV,SZ-->BV,SZ-->BV,SZ-->BV,SZ-->BV,SZ-->BV,SZ-->BV,SZ-->BV
BR,BRA,Brazil,Brasília,Americas,South America,,BR-->SZ,BR-->SZ,BR-->SZ,BR-->SZ,BR-->SZ,BR-->SZ,BR-->SZ,BR-->SZ,BR-->SZ,BR-->SZ,BR-->SZ,BR-->SZ,BR-->SZ,BR-->SZ,BR-->SZ,BR-->SZ,BR-->SZ,BR-->SZ,BR-->SZ,,,,,,,,,,,,,,,,,SZ-->BR,SZ-->BR,SZ-->BR,SZ-->BR,SZ-->BR,SZ-->BR,SZ-->BR,SZ-->BR,SZ-->BR,SZ-->BR,SZ-->BR,SZ-->BR,SZ-->BR,SZ-->BR,SZ-->BR,SZ-->BR,SZ-->BR,SZ-->BR,SZ-->BR
IO,IOT,British Indian Ocean Territory,Diego Garcia,Africa,Eastern Africa,,IO-->SZ,IO-->SZ,IO-->SZ,IO-->SZ,IO-->SZ,IO-->SZ,IO-->SZ,IO-->SZ,IO-->SZ,IO-->SZ,IO-->SZ,IO-->SZ,IO-->SZ,IO-->SZ,IO-->SZ,IO-->SZ,IO-->SZ,IO-->SZ,IO-->SZ,,,,,,,,,,,,,,,,,SZ-->IO,SZ-->IO,SZ-->IO,SZ-->IO,SZ-->IO,SZ-->IO,SZ-->IO,SZ-->IO,SZ-->IO,SZ-->IO,SZ-->IO,SZ-->IO,SZ-->IO,SZ-->IO,SZ-->IO,SZ-->IO,SZ-->IO,SZ-->IO,SZ-->IO
UM,UMI,United States Minor Outlying Islands,,Americas,Northern America,,UM-->SZ,UM-->SZ,UM-->SZ,UM-->SZ,UM-->SZ,UM-->SZ,UM-->SZ,UM-->SZ,UM-->SZ,UM-->SZ,UM-->SZ,UM-->SZ,UM-->SZ,UM-->SZ,UM-->SZ,UM-->SZ,UM-->SZ,UM-->SZ,UM-->SZ,,,,,,,,,,,,,,,,,SZ-->UM,SZ-->UM,SZ-->UM,SZ-->UM,SZ-->UM,SZ-->UM,SZ-->UM,SZ-->UM,SZ-->UM,SZ-->UM,SZ-->UM,SZ-->UM,SZ-->UM,SZ-->UM,SZ-->UM,SZ-->UM,SZ-->UM,SZ-->UM,SZ-->UM
VG,VGB,Virgin Islands (British),Road Town,Americas,Caribbean,,VG-->SZ,VG-->SZ,VG-->SZ,VG-->SZ,VG-->SZ,VG-->SZ,VG-->SZ,VG-->SZ,VG-->SZ,VG-->SZ,VG-->SZ,VG-->SZ,VG-->SZ,VG-->SZ,VG-->SZ,VG-->SZ,VG-->SZ,VG-->SZ,VG-->SZ,,,,,,,,,,,,,,,,,SZ-->VG,SZ-->VG,SZ-->VG,SZ-->VG,SZ-->VG,SZ-->VG,SZ-->VG,SZ-->VG,SZ-->VG,SZ-->VG,SZ-->VG,SZ-->VG,SZ-->VG,SZ-->VG,SZ-->VG,SZ-->VG,SZ-->VG,SZ-->VG,SZ-->VG
VI,VIR,Virgin Islands (U.S.),Charlotte Amalie,Americas,Caribbean,,VI-->SZ,VI-->SZ,VI-->SZ,VI-->SZ,VI-->SZ,VI-->SZ,VI-->SZ,VI-->SZ,VI-->SZ,VI-->SZ,VI-->SZ,VI-->SZ,VI-->SZ,VI-->SZ,VI-->SZ,VI-->SZ,VI-->SZ,VI-->SZ,VI-->SZ,,,,,,,,,,,,,,,,,SZ-->VI,SZ-->VI,SZ-->VI,SZ-->VI,SZ-->VI,SZ-->VI,SZ-->VI,SZ-->VI,SZ-->VI,SZ-->VI,SZ-->VI,SZ-->VI,SZ-->VI,SZ-->VI,SZ-->VI,SZ-->VI,SZ-->VI,SZ-->VI,SZ-->VI
BN,BRN,Brunei,Bandar Seri Begawan,Asia,South-Eastern Asia,,BN-->SZ,BN-->SZ,BN-->SZ,BN-->SZ,BN-->SZ,BN-->SZ,BN-->SZ,BN-->SZ,BN-->SZ,BN-->SZ,BN-->SZ,BN-->SZ,BN-->SZ,BN-->SZ,BN-->SZ,BN-->SZ,BN-->SZ,BN-->SZ,BN-->SZ,,,,,,,,,,,,,,,,,SZ-->BN,SZ-->BN,SZ-->BN,SZ-->BN,SZ-->BN,SZ-->BN,SZ-->BN,SZ-->BN,SZ-->BN,SZ-->BN,SZ-->BN,SZ-->BN,SZ-->BN,SZ-->BN,SZ-->BN,SZ-->BN,SZ-->BN,SZ-->BN,SZ-->BN
BG,BGR,Bulgaria,Sofia,Europe,Eastern Europe,,BG-->SZ,BG-->SZ,BG-->SZ,BG-->SZ,BG-->SZ,BG-->SZ,BG-->SZ,BG-->SZ,BG-->SZ,BG-->SZ,BG-->SZ,BG-->SZ,BG-->SZ,BG-->SZ,BG-->SZ,BG-->SZ,BG-->SZ,BG-->SZ,BG-->SZ,,,,,,,,,,,,,,,,,SZ-->BG,SZ-->BG,SZ-->BG,SZ-->BG,SZ-->BG,SZ-->BG,SZ-->BG,SZ-->BG,SZ-->BG,SZ-->BG,SZ-->BG,SZ-->BG,SZ-->BG,SZ-->BG,SZ-->BG,SZ-->BG,SZ-->BG,SZ-->BG,SZ-->BG
BF,BFA,Burkina Faso,Ouagadougou,Africa,Western Africa,,BF-->SZ,BF-->SZ,BF-->SZ,BF-->SZ,BF-->SZ,BF-->SZ,BF-->SZ,BF-->SZ,BF-->SZ,BF-->SZ,BF-->SZ,BF-->SZ,BF-->SZ,BF-->SZ,BF-->SZ,BF-->SZ,BF-->SZ,BF-->SZ,BF-->SZ,,,,,,,,,,,,,,,,,SZ-->BF,SZ-->BF,SZ-->BF,SZ-->BF,SZ-->BF,SZ-->BF,SZ-->BF,SZ-->BF,SZ-->BF,SZ-->BF,SZ-->BF,SZ-->BF,SZ-->BF,SZ-->BF,SZ-->BF,SZ-->BF,SZ-->BF,SZ-->BF,SZ-->BF
BI,BDI,Burundi,Bujumbura,Africa,Eastern Africa,,BI-->SZ,BI-->SZ,BI-->SZ,BI-->SZ,BI-->SZ,BI-->SZ,BI-->SZ,BI-->SZ,BI-->SZ,BI-->SZ,BI-->SZ,BI-->SZ,BI-->SZ,BI-->SZ,BI-->SZ,BI-->SZ,BI-->SZ,BI-->SZ,BI-->SZ,,,,,,,,,,,,,,,,,SZ-->BI,SZ-->BI,SZ-->BI,SZ-->BI,SZ-->BI,SZ-->BI,SZ-->BI,SZ-->BI,SZ-->BI,SZ-->BI,SZ-->BI,SZ-->BI,SZ-->BI,SZ-->BI,SZ-->BI,SZ-->BI,SZ-->BI,SZ-->BI,SZ-->BI
KH,KHM,Cambodia,Phnom Penh,Asia,South-Eastern Asia,,KH-->SZ,KH-->SZ,KH-->SZ,KH-->SZ,KH-->SZ,KH-->SZ,KH-->SZ,KH-->SZ,KH-->SZ,KH-->SZ,KH-->SZ,KH-->SZ,KH-->SZ,KH-->SZ,KH-->SZ,KH-->SZ,KH-->SZ,KH-->SZ,KH-->SZ,,,,,,,,,,,,,,,,,SZ-->KH,SZ-->KH,SZ-->KH,SZ-->KH,SZ-->KH,SZ-->KH,SZ-->KH,SZ-->KH,SZ-->KH,SZ-->KH,SZ-->KH,SZ-->KH,SZ-->KH,SZ-->KH,SZ-->KH,SZ-->KH,SZ-->KH,SZ-->KH,SZ-->KH
CM,CMR,Cameroon,Yaoundé,Africa,Middle Africa,,CM-->SZ,CM-->SZ,CM-->SZ,CM-->SZ,CM-->SZ,CM-->SZ,CM-->SZ,CM-->SZ,CM-->SZ,CM-->SZ,CM-->SZ,CM-->SZ,CM-->SZ,CM-->SZ,CM-->SZ,CM-->SZ,CM-->SZ,CM-->SZ,CM-->SZ,,,,,,,,,,,,,,,,,SZ-->CM,SZ-->CM,SZ-->CM,SZ-->CM,SZ-->CM,SZ-->CM,SZ-->CM,SZ-->CM,SZ-->CM,SZ-->CM,SZ-->CM,SZ-->CM,SZ-->CM,SZ-->CM,SZ-->CM,SZ-->CM,SZ-->CM,SZ-->CM,SZ-->CM
CA,CAN,Canada,Ottawa,Americas,Northern America,,CA-->SZ,CA-->SZ,CA-->SZ,CA-->SZ,CA-->SZ,CA-->SZ,CA-->SZ,CA-->SZ,CA-->SZ,CA-->SZ,CA-->SZ,CA-->SZ,CA-->SZ,CA-->SZ,CA-->SZ,CA-->SZ,CA-->SZ,CA-->SZ,CA-->SZ,,,,,,,,,,,,,,,,,SZ-->CA,SZ-->CA,SZ-->CA,SZ-->CA,SZ-->CA,SZ-->CA,SZ-->CA,SZ-->CA,SZ-->CA,SZ-->CA,SZ-->CA,SZ-->CA,SZ-->CA,SZ-->CA,SZ-->CA,SZ-->CA,SZ-->CA,SZ-->CA,SZ-->CA
CV,CPV,Cape Verde,Praia,Africa,Western Africa,,CV-->SZ,CV-->SZ,CV-->SZ,CV-->SZ,CV-->SZ,CV-->SZ,CV-->SZ,CV-->SZ,CV-->SZ,CV-->SZ,CV-->SZ,CV-->SZ,CV-->SZ,CV-->SZ,CV-->SZ,CV-->SZ,CV-->SZ,CV-->SZ,CV-->SZ,,,,,,,,,,,,,,,,,SZ-->CV,SZ-->CV,SZ-->CV,SZ-->CV,SZ-->CV,SZ-->CV,SZ-->CV,SZ-->CV,SZ-->CV,SZ-->CV,SZ-->CV,SZ-->CV,SZ-->CV,SZ-->CV,SZ-->CV,SZ-->CV,SZ-->CV,SZ-->CV,SZ-->CV
KY,CYM,Cayman Islands,George Town,Americas,Caribbean,,KY-->SZ,KY-->SZ,KY-->SZ,KY-->SZ,KY-->SZ,KY-->SZ,KY-->SZ,KY-->SZ,KY-->SZ,KY-->SZ,KY-->SZ,KY-->SZ,KY-->SZ,KY-->SZ,KY-->SZ,KY-->SZ,KY-->SZ,KY-->SZ,KY-->SZ,,,,,,,,,,,,,,,,,SZ-->KY,SZ-->KY,SZ-->KY,SZ-->KY,SZ-->KY,SZ-->KY,SZ-->KY,SZ-->KY,SZ-->KY,SZ-->KY,SZ-->KY,SZ-->KY,SZ-->KY,SZ-->KY,SZ-->KY,SZ-->KY,SZ-->KY,SZ-->KY,SZ-->KY
CF,CAF,Central African Republic,Bangui,Africa,Middle Africa,,CF-->SZ,CF-->SZ,CF-->SZ,CF-->SZ,CF-->SZ,CF-->SZ,CF-->SZ,CF-->SZ,CF-->SZ,CF-->SZ,CF-->SZ,CF-->SZ,CF-->SZ,CF-->SZ,CF-->SZ,CF-->SZ,CF-->SZ,CF-->SZ,CF-->SZ,,,,,,,,,,,,,,,,,SZ-->CF,SZ-->CF,SZ-->CF,SZ-->CF,SZ-->CF,SZ-->CF,SZ-->CF,SZ-->CF,SZ-->CF,SZ-->CF,SZ-->CF,SZ-->CF,SZ-->CF,SZ-->CF,SZ-->CF,SZ-->CF,SZ-->CF,SZ-->CF,SZ-->CF
TD,TCD,Chad,N'Djamena,Africa,Middle Africa,,TD-->SZ,TD-->SZ,TD-->SZ,TD-->SZ,TD-->SZ,TD-->SZ,TD-->SZ,TD-->SZ,TD-->SZ,TD-->SZ,TD-->SZ,TD-->SZ,TD-->SZ,TD-->SZ,TD-->SZ,TD-->SZ,TD-->SZ,TD-->SZ,TD-->SZ,,,,,,,,,,,,,,,,,SZ-->TD,SZ-->TD,SZ-->TD,SZ-->TD,SZ-->TD,SZ-->TD,SZ-->TD,SZ-->TD,SZ-->TD,SZ-->TD,SZ-->TD,SZ-->TD,SZ-->TD,SZ-->TD,SZ-->TD,SZ-->TD,SZ-->TD,SZ-->TD,SZ-->TD
CL,CHL,Chile,Santiago,Americas,South America,,CL-->SZ,CL-->SZ,CL-->SZ,CL-->SZ,CL-->SZ,CL-->SZ,CL-->SZ,CL-->SZ,CL-->SZ,CL-->SZ,CL-->SZ,CL-->SZ,CL-->SZ,CL-->SZ,CL-->SZ,CL-->SZ,CL-->SZ,CL-->SZ,CL-->SZ,,,,,,,,,,,,,,,,,SZ-->CL,SZ-->CL,SZ-->CL,SZ-->CL,SZ-->CL,SZ-->CL,SZ-->CL,SZ-->CL,SZ-->CL,SZ-->CL,SZ-->CL,SZ-->CL,SZ-->CL,SZ-->CL,SZ-->CL,SZ-->CL,SZ-->CL,SZ-->CL,SZ-->CL
CN,CHN,China,Beijing,Asia,Eastern Asia,,CN-->SZ,CN-->SZ,CN-->SZ,CN-->SZ,CN-->SZ,CN-->SZ,CN-->SZ,CN-->SZ,CN-->SZ,CN-->SZ,CN-->SZ,CN-->SZ,CN-->SZ,CN-->SZ,CN-->SZ,CN-->SZ,CN-->SZ,CN-->SZ,CN-->SZ,,,,,,,,,,,,,,,,,SZ-->CN,SZ-->CN,SZ-->CN,SZ-->CN,SZ-->CN,SZ-->CN,SZ-->CN,SZ-->CN,SZ-->CN,SZ-->CN,SZ-->CN,SZ-->CN,SZ-->CN,SZ-->CN,SZ-->CN,SZ-->CN,SZ-->CN,SZ-->CN,SZ-->CN
CX,CXR,Christmas Island,Flying Fish Cove,Oceania,Australia and New Zealand,,CX-->SZ,CX-->SZ,CX-->SZ,CX-->SZ,CX-->SZ,CX-->SZ,CX-->SZ,CX-->SZ,CX-->SZ,CX-->SZ,CX-->SZ,CX-->SZ,CX-->SZ,CX-->SZ,CX-->SZ,CX-->SZ,CX-->SZ,CX-->SZ,CX-->SZ,,,,,,,,,,,,,,,,,SZ-->CX,SZ-->CX,SZ-->CX,SZ-->CX,SZ-->CX,SZ-->CX,SZ-->CX,SZ-->CX,SZ-->CX,SZ-->CX,SZ-->CX,SZ-->CX,SZ-->CX,SZ-->CX,SZ-->CX,SZ-->CX,SZ-->CX,SZ-->CX,SZ-->CX
CC,CCK,Cocos (Keeling) Islands,West Island,Oceania,Australia and New Zealand,,CC-->SZ,CC-->SZ,CC-->SZ,CC-->SZ,CC-->SZ,CC-->SZ,CC-->SZ,CC-->SZ,CC-->SZ,CC-->SZ,CC-->SZ,CC-->SZ,CC-->SZ,CC-->SZ,CC-->SZ,CC-->SZ,CC-->SZ,CC-->SZ,CC-->SZ,,,,,,,,,,,,,,,,,SZ-->CC,SZ-->CC,SZ-->CC,SZ-->CC,SZ-->CC,SZ-->CC,SZ-->CC,SZ-->CC,SZ-->CC,SZ-->CC,SZ-->CC,SZ-->CC,SZ-->CC,SZ-->CC,SZ-->CC,SZ-->CC,SZ-->CC,SZ-->CC,SZ-->CC
CO,COL,Colombia,Bogotá,Americas,South America,,CO-->SZ,CO-->SZ,CO-->SZ,CO-->SZ,CO-->SZ,CO-->SZ,CO-->SZ,CO-->SZ,CO-->SZ,CO-->SZ,CO-->SZ,CO-->SZ,CO-->SZ,CO-->SZ,CO-->SZ,CO-->SZ,CO-->SZ,CO-->SZ,CO-->SZ,,,,,,,,,,,,,,,,,SZ-->CO,SZ-->CO,SZ-->CO,SZ-->CO,SZ-->CO,SZ-->CO,SZ-->CO,SZ-->CO,SZ-->CO,SZ-->CO,SZ-->CO,SZ-->CO,SZ-->CO,SZ-->CO,SZ-->CO,SZ-->CO,SZ-->CO,SZ-->CO,SZ-->CO
KM,COM,Comoros,Moroni,Africa,Eastern Africa,,KM-->SZ,KM-->SZ,KM-->SZ,KM-->SZ,KM-->SZ,KM-->SZ,KM-->SZ,KM-->SZ,KM-->SZ,KM-->SZ,KM-->SZ,KM-->SZ,KM-->SZ,KM-->SZ,KM-->SZ,KM-->SZ,KM-->SZ,KM-->SZ,KM-->SZ,,,,,,,,,,,,,,,,,SZ-->KM,SZ-->KM,SZ-->KM,SZ-->KM,SZ-->KM,SZ-->KM,SZ-->KM,SZ-->KM,SZ-->KM,SZ-->KM,SZ-->KM,SZ-->KM,SZ-->KM,SZ-->KM,SZ-->KM,SZ-->KM,SZ-->KM,SZ-->KM,SZ-->KM
CG,COG,Republic of the Congo,Brazzaville,Africa,Middle Africa,,CG-->SZ,CG-->SZ,CG-->SZ,CG-->SZ,CG-->SZ,CG-->SZ,CG-->SZ,CG-->SZ,CG-->SZ,CG-->SZ,CG-->SZ,CG-->SZ,CG-->SZ,CG-->SZ,CG-->SZ,CG-->SZ,CG-->SZ,CG-->SZ,CG-->SZ,,,,,,,,,,,,,,,,,SZ-->CG,SZ-->CG,SZ-->CG,SZ-->CG,SZ-->CG,SZ-->CG,SZ-->CG,SZ-->CG,SZ-->CG,SZ-->CG,SZ-->CG,SZ-->CG,SZ-->CG,SZ-->CG,SZ-->CG,SZ-->CG,SZ-->CG,SZ-->CG,SZ-->CG
CD,COD,Democratic Republic of the Congo,Kinshasa,Africa,Middle Africa,,CD-->SZ,CD-->SZ,CD-->SZ,CD-->SZ,CD-->SZ,CD-->SZ,CD-->SZ,CD-->SZ,CD-->SZ,CD-->SZ,CD-->SZ,CD-->SZ,CD-->SZ,CD-->SZ,CD-->SZ,CD-->SZ,CD-->SZ,CD-->SZ,CD-->SZ,,,,,,,,,,,,,,,,,SZ-->CD,SZ-->CD,SZ-->CD,SZ-->CD,SZ-->CD,SZ-->CD,SZ-->CD,SZ-->CD,SZ-->CD,SZ-->CD,SZ-->CD,SZ-->CD,SZ-->CD,SZ-->CD,SZ-->CD,SZ-->CD,SZ-->CD,SZ-->CD,SZ-->CD
CK,COK,Cook Islands,Avarua,Oceania,Polynesia,,CK-->SZ,CK-->SZ,CK-->SZ,CK-->SZ,CK-->SZ,CK-->SZ,CK-->SZ,CK-->SZ,CK-->SZ,CK-->SZ,CK-->SZ,CK-->SZ,CK-->SZ,CK-->SZ,CK-->SZ,CK-->SZ,CK-->SZ,CK-->SZ,CK-->SZ,,,,,,,,,,,,,,,,,SZ-->CK,SZ-->CK,SZ-->CK,SZ-->CK,SZ-->CK,SZ-->CK,SZ-->CK,SZ-->CK,SZ-->CK,SZ-->CK,SZ-->CK,SZ-->CK,SZ-->CK,SZ-->CK,SZ-->CK,SZ-->CK,SZ-->CK,SZ-->CK,SZ-->CK
CR,CRI,Costa Rica,San José,Americas,Central America,,CR-->SZ,CR-->SZ,CR-->SZ,CR-->SZ,CR-->SZ,CR-->SZ,CR-->SZ,CR-->SZ,CR-->SZ,CR-->SZ,CR-->SZ,CR-->SZ,CR-->SZ,CR-->SZ,CR-->SZ,CR-->SZ,CR-->SZ,CR-->SZ,CR-->SZ,,,,,,,,,,,,,,,,,SZ-->CR,SZ-->CR,SZ-->CR,SZ-->CR,SZ-->CR,SZ-->CR,SZ-->CR,SZ-->CR,SZ-->CR,SZ-->CR,SZ-->CR,SZ-->CR,SZ-->CR,SZ-->CR,SZ-->CR,SZ-->CR,SZ-->CR,SZ-->CR,SZ-->CR
HR,HRV,Croatia,Zagreb,Europe,Southern Europe,,HR-->SZ,HR-->SZ,HR-->SZ,HR-->SZ,HR-->SZ,HR-->SZ,HR-->SZ,HR-->SZ,HR-->SZ,HR-->SZ,HR-->SZ,HR-->SZ,HR-->SZ,HR-->SZ,HR-->SZ,HR-->SZ,HR-->SZ,HR-->SZ,HR-->SZ,,,,,,,,,,,,,,,,,SZ-->HR,SZ-->HR,SZ-->HR,SZ-->HR,SZ-->HR,SZ-->HR,SZ-->HR,SZ-->HR,SZ-->HR,SZ-->HR,SZ-->HR,SZ-->HR,SZ-->HR,SZ-->HR,SZ-->HR,SZ-->HR,SZ-->HR,SZ-->HR,SZ-->HR
CU,CUB,Cuba,Havana,Americas,Caribbean,,CU-->SZ,CU-->SZ,CU-->SZ,CU-->SZ,CU-->SZ,CU-->SZ,CU-->SZ,CU-->SZ,CU-->SZ,CU-->SZ,CU-->SZ,CU-->SZ,CU-->SZ,CU-->SZ,CU-->SZ,CU-->SZ,CU-->SZ,CU-->SZ,CU-->SZ,,,,,,,,,,,,,,,,,SZ-->CU,SZ-->CU,SZ-->CU,SZ-->CU,SZ-->CU,SZ-->CU,SZ-->CU,SZ-->CU,SZ-->CU,SZ-->CU,SZ-->CU,SZ-->CU,SZ-->CU,SZ-->CU,SZ-->CU,SZ-->CU,SZ-->CU,SZ-->CU,SZ-->CU
CW,CUW,Curaçao,Willemstad,Americas,Caribbean,,CW-->SZ,CW-->SZ,CW-->SZ,CW-->SZ,CW-->SZ,CW-->SZ,CW-->SZ,CW-->SZ,CW-->SZ,CW-->SZ,CW-->SZ,CW-->SZ,CW-->SZ,CW-->SZ,CW-->SZ,CW-->SZ,CW-->SZ,CW-->SZ,CW-->SZ,,,,,,,,,,,,,,,,,SZ-->CW,SZ-->CW,SZ-->CW,SZ-->CW,SZ-->CW,SZ-->CW,SZ-->CW,SZ-->CW,SZ-->CW,SZ-->CW,SZ-->CW,SZ-->CW,SZ-->CW,SZ-->CW,SZ-->CW,SZ-->CW,SZ-->CW,SZ-->CW,SZ-->CW
CY,CYP,Cyprus,Nicosia,Europe,Southern Europe,,CY-->SZ,CY-->SZ,CY-->SZ,CY-->SZ,CY-->SZ,CY-->SZ,CY-->SZ,CY-->SZ,CY-->SZ,CY-->SZ,CY-->SZ,CY-->SZ,CY-->SZ,CY-->SZ,CY-->SZ,CY-->SZ,CY-->SZ,CY-->SZ,CY-->SZ,,,,,,,,,,,,,,,,,SZ-->CY,SZ-->CY,SZ-->CY,SZ-->CY,SZ-->CY,SZ-->CY,SZ-->CY,SZ-->CY,SZ-->CY,SZ-->CY,SZ-->CY,SZ-->CY,SZ-->CY,SZ-->CY,SZ-->CY,SZ-->CY,SZ-->CY,SZ-->CY,SZ-->CY
CZ,CZE,Czech Republic,Prague,Europe,Eastern Europe,,CZ-->SZ,CZ-->SZ,CZ-->SZ,CZ-->SZ,CZ-->SZ,CZ-->SZ,CZ-->SZ,CZ-->SZ,CZ-->SZ,CZ-->SZ,CZ-->SZ,CZ-->SZ,CZ-->SZ,CZ-->SZ,CZ-->SZ,CZ-->SZ,CZ-->SZ,CZ-->SZ,CZ-->SZ,,,,,,,,,,,,,,,,,SZ-->CZ,SZ-->CZ,SZ-->CZ,SZ-->CZ,SZ-->CZ,SZ-->CZ,SZ-->CZ,SZ-->CZ,SZ-->CZ,SZ-->CZ,SZ-->CZ,SZ-->CZ,SZ-->CZ,SZ-->CZ,SZ-->CZ,SZ-->CZ,SZ-->CZ,SZ-->CZ,SZ-->CZ
DK,DNK,Denmark,Copenhagen,Europe,Northern Europe,,DK-->SZ,DK-->SZ,DK-->SZ,DK-->SZ,DK-->SZ,DK-->SZ,DK-->SZ,DK-->SZ,DK-->SZ,DK-->SZ,DK-->SZ,DK-->SZ,DK-->SZ,DK-->SZ,DK-->SZ,DK-->SZ,DK-->SZ,DK-->SZ,DK-->SZ,,,,,,,,,,,,,,,,,SZ-->DK,SZ-->DK,SZ-->DK,SZ-->DK,SZ-->DK,SZ-->DK,SZ-->DK,SZ-->DK,SZ-->DK,SZ-->DK,SZ-->DK,SZ-->DK,SZ-->DK,SZ-->DK,SZ-->DK,SZ-->DK,SZ-->DK,SZ-->DK,SZ-->DK
DJ,DJI,Djibouti,Djibouti,Africa,Eastern Africa,,DJ-->SZ,DJ-->SZ,DJ-->SZ,DJ-->SZ,DJ-->SZ,DJ-->SZ,DJ-->SZ,DJ-->SZ,DJ-->SZ,DJ-->SZ,DJ-->SZ,DJ-->SZ,DJ-->SZ,DJ-->SZ,DJ-->SZ,DJ-->SZ,DJ-->SZ,DJ-->SZ,DJ-->SZ,,,,,,,,,,,,,,,,,SZ-->DJ,SZ-->DJ,SZ-->DJ,SZ-->DJ,SZ-->DJ,SZ-->DJ,SZ-->DJ,SZ-->DJ,SZ-->DJ,SZ-->DJ,SZ-->DJ,SZ-->DJ,SZ-->DJ,SZ-->DJ,SZ-->DJ,SZ-->DJ,SZ-->DJ,SZ-->DJ,SZ-->DJ
DM,DMA,Dominica,Roseau,Americas,Caribbean,,DM-->SZ,DM-->SZ,DM-->SZ,DM-->SZ,DM-->SZ,DM-->SZ,DM-->SZ,DM-->SZ,DM-->SZ,DM-->SZ,DM-->SZ,DM-->SZ,DM-->SZ,DM-->SZ,DM-->SZ,DM-->SZ,DM-->SZ,DM-->SZ,DM-->SZ,,,,,,,,,,,,,,,,,SZ-->DM,SZ-->DM,SZ-->DM,SZ-->DM,SZ-->DM,SZ-->DM,SZ-->DM,SZ-->DM,SZ-->DM,SZ-->DM,SZ-->DM,SZ-->DM,SZ-->DM,SZ-->DM,SZ-->DM,SZ-->DM,SZ-->DM,SZ-->DM,SZ-->DM
DO,DOM,Dominican Republic,Santo Domingo,Americas,Caribbean,,DO-->SZ,DO-->SZ,DO-->SZ,DO-->SZ,DO-->SZ,DO-->SZ,DO-->SZ,DO-->SZ,DO-->SZ,DO-->SZ,DO-->SZ,DO-->SZ,DO-->SZ,DO-->SZ,DO-->SZ,DO-->SZ,DO-->SZ,DO-->SZ,DO-->SZ,,,,,,,,,,,,,,,,,SZ-->DO,SZ-->DO,SZ-->DO,SZ-->DO,SZ-->DO,SZ-->DO,SZ-->DO,SZ-->DO,SZ-->DO,SZ-->DO,SZ-->DO,SZ-->DO,SZ-->DO,SZ-->DO,SZ-->DO,SZ-->DO,SZ-->DO,SZ-->DO,SZ-->DO
EC,ECU,Ecuador,Quito,Americas,South America,,EC-->SZ,EC-->SZ,EC-->SZ,EC-->SZ,EC-->SZ,EC-->SZ,EC-->SZ,EC-->SZ,EC-->SZ,EC-->SZ,EC-->SZ,EC-->SZ,EC-->SZ,EC-->SZ,EC-->SZ,EC-->SZ,EC-->SZ,EC-->SZ,EC-->SZ,,,,,,,,,,,,,,,,,SZ-->EC,SZ-->EC,SZ-->EC,SZ-->EC,SZ-->EC,SZ-->EC,SZ-->EC,SZ-->EC,SZ-->EC,SZ-->EC,SZ-->EC,SZ-->EC,SZ-->EC,SZ-->EC,SZ-->EC,SZ-->EC,SZ-->EC,SZ-->EC,SZ-->EC
EG,EGY,Egypt,Cairo,Africa,Northern Africa,,EG-->SZ,EG-->SZ,EG-->SZ,EG-->SZ,EG-->SZ,EG-->SZ,EG-->SZ,EG-->SZ,EG-->SZ,EG-->SZ,EG-->SZ,EG-->SZ,EG-->SZ,EG-->SZ,EG-->SZ,EG-->SZ,EG-->SZ,EG-->SZ,EG-->SZ,,,,,,,,,,,,,,,,,SZ-->EG,SZ-->EG,SZ-->EG,SZ-->EG,SZ-->EG,SZ-->EG,SZ-->EG,SZ-->EG,SZ-->EG,SZ-->EG,SZ-->EG,SZ-->EG,SZ-->EG,SZ-->EG,SZ-->EG,SZ-->EG,SZ-->EG,SZ-->EG,SZ-->EG
SV,SLV,El Salvador,San Salvador,Americas,Central America,,SV-->SZ,SV-->SZ,SV-->SZ,SV-->SZ,SV-->SZ,SV-->SZ,SV-->SZ,SV-->SZ,SV-->SZ,SV-->SZ,SV-->SZ,SV-->SZ,SV-->SZ,SV-->SZ,SV-->SZ,SV-->SZ,SV-->SZ,SV-->SZ,SV-->SZ,,,,,,,,,,,,,,,,,SZ-->SV,SZ-->SV,SZ-->SV,SZ-->SV,SZ-->SV,SZ-->SV,SZ-->SV,SZ-->SV,SZ-->SV,SZ-->SV,SZ-->SV,SZ-->SV,SZ-->SV,SZ-->SV,SZ-->SV,SZ-->SV,SZ-->SV,SZ-->SV,SZ-->SV
GQ,GNQ,Equatorial Guinea,Malabo,Africa,Middle Africa,,GQ-->SZ,GQ-->SZ,GQ-->SZ,GQ-->SZ,GQ-->SZ,GQ-->SZ,GQ-->SZ,GQ-->SZ,GQ-->SZ,GQ-->SZ,GQ-->SZ,GQ-->SZ,GQ-->SZ,GQ-->SZ,GQ-->SZ,GQ-->SZ,GQ-->SZ,GQ-->SZ,GQ-->SZ,,,,,,,,,,,,,,,,,SZ-->GQ,SZ-->GQ,SZ-->GQ,SZ-->GQ,SZ-->GQ,SZ-->GQ,SZ-->GQ,SZ-->GQ,SZ-->GQ,SZ-->GQ,SZ-->GQ,SZ-->GQ,SZ-->GQ,SZ-->GQ,SZ-->GQ,SZ-->GQ,SZ-->GQ,SZ-->GQ,SZ-->GQ
ER,ERI,Eritrea,Asmara,Africa,Eastern Africa,,ER-->SZ,ER-->SZ,ER-->SZ,ER-->SZ,ER-->SZ,ER-->SZ,ER-->SZ,ER-->SZ,ER-->SZ,ER-->SZ,ER-->SZ,ER-->SZ,ER-->SZ,ER-->SZ,ER-->SZ,ER-->SZ,ER-->SZ,ER-->SZ,ER-->SZ,,,,,,,,,,,,,,,,,SZ-->ER,SZ-->ER,SZ-->ER,SZ-->ER,SZ-->ER,SZ-->ER,SZ-->ER,SZ-->ER,SZ-->ER,SZ-->ER,SZ-->ER,SZ-->ER,SZ-->ER,SZ-->ER,SZ-->ER,SZ-->ER,SZ-->ER,SZ-->ER,SZ-->ER
EE,EST,Estonia,Tallinn,Europe,Northern Europe,,EE-->SZ,EE-->SZ,EE-->SZ,EE-->SZ,EE-->SZ,EE-->SZ,EE-->SZ,EE-->SZ,EE-->SZ,EE-->SZ,EE-->SZ,EE-->SZ,EE-->SZ,EE-->SZ,EE-->SZ,EE-->SZ,EE-->SZ,EE-->SZ,EE-->SZ,,,,,,,,,,,,,,,,,SZ-->EE,SZ-->EE,SZ-->EE,SZ-->EE,SZ-->EE,SZ-->EE,SZ-->EE,SZ-->EE,SZ-->EE,SZ-->EE,SZ-->EE,SZ-->EE,SZ-->EE,SZ-->EE,SZ-->EE,SZ-->EE,SZ-->EE,SZ-->EE,SZ-->EE
ET,ETH,Ethiopia,Addis Ababa,Africa,Eastern Africa,,ET-->SZ,ET-->SZ,ET-->SZ,ET-->SZ,ET-->SZ,ET-->SZ,ET-->SZ,ET-->SZ,ET-->SZ,ET-->SZ,ET-->SZ,ET-->SZ,ET-->SZ,ET-->SZ,ET-->SZ,ET-->SZ,ET-->SZ,ET-->SZ,ET-->SZ,,,,,,,,,,,,,,,,,SZ-->ET,SZ-->ET,SZ-->ET,SZ-->ET,SZ-->ET,SZ-->ET,SZ-->ET,SZ-->ET,SZ-->ET,SZ-->ET,SZ-->ET,SZ-->ET,SZ-->ET,SZ-->ET,SZ-->ET,SZ-->ET,SZ-->ET,SZ-->ET,SZ-->ET
FK,FLK,Falkland Islands,Stanley,Americas,South America,,FK-->SZ,FK-->SZ,FK-->SZ,FK-->SZ,FK-->SZ,FK-->SZ,FK-->SZ,FK-->SZ,FK-->SZ,FK-->SZ,FK-->SZ,FK-->SZ,FK-->SZ,FK-->SZ,FK-->SZ,FK-->SZ,FK-->SZ,FK-->SZ,FK-->SZ,,,,,,,,,,,,,,,,,SZ-->FK,SZ-->FK,SZ-->FK,SZ-->FK,SZ-->FK,SZ-->FK,SZ-->FK,SZ-->FK,SZ-->FK,SZ-->FK,SZ-->FK,SZ-->FK,SZ-->FK,SZ-->FK,SZ-->FK,SZ-->FK,SZ-->FK,SZ-->FK,SZ-->FK
FO,FRO,Faroe Islands,Tórshavn,Europe,Northern Europe,,FO-->SZ,FO-->SZ,FO-->SZ,FO-->SZ,FO-->SZ,FO-->SZ,FO-->SZ,FO-->SZ,FO-->SZ,FO-->SZ,FO-->SZ,FO-->SZ,FO-->SZ,FO-->SZ,FO-->SZ,FO-->SZ,FO-->SZ,FO-->SZ,FO-->SZ,,,,,,,,,,,,,,,,,SZ-->FO,SZ-->FO,SZ-->FO,SZ-->FO,SZ-->FO,SZ-->FO,SZ-->FO,SZ-->FO,SZ-->FO,SZ-->FO,SZ-->FO,SZ-->FO,SZ-->FO,SZ-->FO,SZ-->FO,SZ-->FO,SZ-->FO,SZ-->FO,SZ-->FO
FJ,FJI,Fiji,Suva,Oceania,Melanesia,,FJ-->SZ,FJ-->SZ,FJ-->SZ,FJ-->SZ,FJ-->SZ,FJ-->SZ,FJ-->SZ,FJ-->SZ,FJ-->SZ,FJ-->SZ,FJ-->SZ,FJ-->SZ,FJ-->SZ,FJ-->SZ,FJ-->SZ,FJ-->SZ,FJ-->SZ,FJ-->SZ,FJ-->SZ,,,,,,,,,,,,,,,,,SZ-->FJ,SZ-->FJ,SZ-->FJ,SZ-->FJ,SZ-->FJ,SZ-->FJ,SZ-->FJ,SZ-->FJ,SZ-->FJ,SZ-->FJ,SZ-->FJ,SZ-->FJ,SZ-->FJ,SZ-->FJ,SZ-->FJ,SZ-->FJ,SZ-->FJ,SZ-->FJ,SZ-->FJ
FI,FIN,Finland,Helsinki,Europe,Northern Europe,,FI-->SZ,FI-->SZ,FI-->SZ,FI-->SZ,FI-->SZ,FI-->SZ,FI-->SZ,FI-->SZ,FI-->SZ,FI-->SZ,FI-->SZ,FI-->SZ,FI-->SZ,FI-->SZ,FI-->SZ,FI-->SZ,FI-->SZ,FI-->SZ,FI-->SZ,,,,,,,,,,,,,,,,,SZ-->FI,SZ-->FI,SZ-->FI,SZ-->FI,SZ-->FI,SZ-->FI,SZ-->FI,SZ-->FI,SZ-->FI,SZ-->FI,SZ-->FI,SZ-->FI,SZ-->FI,SZ-->FI,SZ-->FI,SZ-->FI,SZ-->FI,SZ-->FI,SZ-->FI
FR,FRA,France,Paris,Europe,Western Europe,,FR-->SZ,FR-->SZ,FR-->SZ,FR-->SZ,FR-->SZ,FR-->SZ,FR-->SZ,FR-->SZ,FR-->SZ,FR-->SZ,FR-->SZ,FR-->SZ,FR-->SZ,FR-->SZ,FR-->SZ,FR-->SZ,FR-->SZ,FR-->SZ,FR-->SZ,,,,,,,,,,,,,,,,,SZ-->FR,SZ-->FR,SZ-->FR,SZ-->FR,SZ-->FR,SZ-->FR,SZ-->FR,SZ-->FR,SZ-->FR,SZ-->FR,SZ-->FR,SZ-->FR,SZ-->FR,SZ-->FR,SZ-->FR,SZ-->FR,SZ-->FR,SZ-->FR,SZ-->FR
GF,GUF,French Guiana,Cayenne,Americas,South America,,GF-->SZ,GF-->SZ,GF-->SZ,GF-->SZ,GF-->SZ,GF-->SZ,GF-->SZ,GF-->SZ,GF-->SZ,GF-->SZ,GF-->SZ,GF-->SZ,GF-->SZ,GF-->SZ,GF-->SZ,GF-->SZ,GF-->SZ,GF-->SZ,GF-->SZ,,,,,,,,,,,,,,,,,SZ-->GF,SZ-->GF,SZ-->GF,SZ-->GF,SZ-->GF,SZ-->GF,SZ-->GF,SZ-->GF,SZ-->GF,SZ-->GF,SZ-->GF,SZ-->GF,SZ-->GF,SZ-->GF,SZ-->GF,SZ-->GF,SZ-->GF,SZ-->GF,SZ-->GF
PF,PYF,French Polynesia,Papeetē,Oceania,Polynesia,,PF-->SZ,PF-->SZ,PF-->SZ,PF-->SZ,PF-->SZ,PF-->SZ,PF-->SZ,PF-->SZ,PF-->SZ,PF-->SZ,PF-->SZ,PF-->SZ,PF-->SZ,PF-->SZ,PF-->SZ,PF-->SZ,PF-->SZ,PF-->SZ,PF-->SZ,,,,,,,,,,,,,,,,,SZ-->PF,SZ-->PF,SZ-->PF,SZ-->PF,SZ-->PF,SZ-->PF,SZ-->PF,SZ-->PF,SZ-->PF,SZ-->PF,SZ-->PF,SZ-->PF,SZ-->PF,SZ-->PF,SZ-->PF,SZ-->PF,SZ-->PF,SZ-->PF,SZ-->PF
TF,ATF,French Southern and Antarctic Lands,Port-aux-Français,Africa,Southern Africa,,TF-->SZ,TF-->SZ,TF-->SZ,TF-->SZ,TF-->SZ,TF-->SZ,TF-->SZ,TF-->SZ,TF-->SZ,TF-->SZ,TF-->SZ,TF-->SZ,TF-->SZ,TF-->SZ,TF-->SZ,TF-->SZ,TF-->SZ,TF-->SZ,TF-->SZ,,,,,,,,,,,,,,,,,SZ-->TF,SZ-->TF,SZ-->TF,SZ-->TF,SZ-->TF,SZ-->TF,SZ-->TF,SZ-->TF,SZ-->TF,SZ-->TF,SZ-->TF,SZ-->TF,SZ-->TF,SZ-->TF,SZ-->TF,SZ-->TF,SZ-->TF,SZ-->TF,SZ-->TF
GA,GAB,Gabon,Libreville,Africa,Middle Africa,,GA-->SZ,GA-->SZ,GA-->SZ,GA-->SZ,GA-->SZ,GA-->SZ,GA-->SZ,GA-->SZ,GA-->SZ,GA-->SZ,GA-->SZ,GA-->SZ,GA-->SZ,GA-->SZ,GA-->SZ,GA-->SZ,GA-->SZ,GA-->SZ,GA-->SZ,,,,,,,,,,,,,,,,,SZ-->GA,SZ-->GA,SZ-->GA,SZ-->GA,SZ-->GA,SZ-->GA,SZ-->GA,SZ-->GA,SZ-->GA,SZ-->GA,SZ-->GA,SZ-->GA,SZ-->GA,SZ-->GA,SZ-->GA,SZ-->GA,SZ-->GA,SZ-->GA,SZ-->GA
GM,GMB,The Gambia,Banjul,Africa,Western Africa,,GM-->SZ,GM-->SZ,GM-->SZ,GM-->SZ,GM-->SZ,GM-->SZ,GM-->SZ,GM-->SZ,GM-->SZ,GM-->SZ,GM-->SZ,GM-->SZ,GM-->SZ,GM-->SZ,GM-->SZ,GM-->SZ,GM-->SZ,GM-->SZ,GM-->SZ,,,,,,,,,,,,,,,,,SZ-->GM,SZ-->GM,SZ-->GM,SZ-->GM,SZ-->GM,SZ-->GM,SZ-->GM,SZ-->GM,SZ-->GM,SZ-->GM,SZ-->GM,SZ-->GM,SZ-->GM,SZ-->GM,SZ-->GM,SZ-->GM,SZ-->GM,SZ-->GM,SZ-->GM
GE,GEO,Georgia,Tbilisi,Asia,Western Asia,,GE-->SZ,GE-->SZ,GE-->SZ,GE-->SZ,GE-->SZ,GE-->SZ,GE-->SZ,GE-->SZ,GE-->SZ,GE-->SZ,GE-->SZ,GE-->SZ,GE-->SZ,GE-->SZ,GE-->SZ,GE-->SZ,GE-->SZ,GE-->SZ,GE-->SZ,,,,,,,,,,,,,,,,,SZ-->GE,SZ-->GE,SZ-->GE,SZ-->GE,SZ-->GE,SZ-->GE,SZ-->GE,SZ-->GE,SZ-->GE,SZ-->GE,SZ-->GE,SZ-->GE,SZ-->GE,SZ-->GE,SZ-->GE,SZ-->GE,SZ-->GE,SZ-->GE,SZ-->GE
DE,DEU,Germany,Berlin,Europe,Western Europe,,DE-->SZ,DE-->SZ,DE-->SZ,DE-->SZ,DE-->SZ,DE-->SZ,DE-->SZ,DE-->SZ,DE-->SZ,DE-->SZ,DE-->SZ,DE-->SZ,DE-->SZ,DE-->SZ,DE-->SZ,DE-->SZ,DE-->SZ,DE-->SZ,DE-->SZ,,,,,,,,,,,,,,,,,SZ-->DE,SZ-->DE,SZ-->DE,SZ-->DE,SZ-->DE,SZ-->DE,SZ-->DE,SZ-->DE,SZ-->DE,SZ-->DE,SZ-->DE,SZ-->DE,SZ-->DE,SZ-->DE,SZ-->DE,SZ-->DE,SZ-->DE,SZ-->DE,SZ-->DE
GH,GHA,Ghana,Accra,Africa,Western Africa,,GH-->SZ,GH-->SZ,GH-->SZ,GH-->SZ,GH-->SZ,GH-->SZ,GH-->SZ,GH-->SZ,GH-->SZ,GH-->SZ,GH-->SZ,GH-->SZ,GH-->SZ,GH-->SZ,GH-->SZ,GH-->SZ,GH-->SZ,GH-->SZ,GH-->SZ,,,,,,,,,,,,,,,,,SZ-->GH,SZ-->GH,SZ-->GH,SZ-->GH,SZ-->GH,SZ-->GH,SZ-->GH,SZ-->GH,SZ-->GH,SZ-->GH,SZ-->GH,SZ-->GH,SZ-->GH,SZ-->GH,SZ-->GH,SZ-->GH,SZ-->GH,SZ-->GH,SZ-->GH
GI,GIB,Gibraltar,Gibraltar,Europe,Southern Europe,,GI-->SZ,GI-->SZ,GI-->SZ,GI-->SZ,GI-->SZ,GI-->SZ,GI-->SZ,GI-->SZ,GI-->SZ,GI-->SZ,GI-->SZ,GI-->SZ,GI-->SZ,GI-->SZ,GI-->SZ,GI-->SZ,GI-->SZ,GI-->SZ,GI-->SZ,,,,,,,,,,,,,,,,,SZ-->GI,SZ-->GI,SZ-->GI,SZ-->GI,SZ-->GI,SZ-->GI,SZ-->GI,SZ-->GI,SZ-->GI,SZ-->GI,SZ-->GI,SZ-->GI,SZ-->GI,SZ-->GI,SZ-->GI,SZ-->GI,SZ-->GI,SZ-->GI,SZ-->GI
GR,GRC,Greece,Athens,Europe,Southern Europe,,GR-->SZ,GR-->SZ,GR-->SZ,GR-->SZ,GR-->SZ,GR-->SZ,GR-->SZ,GR-->SZ,GR-->SZ,GR-->SZ,GR-->SZ,GR-->SZ,GR-->SZ,GR-->SZ,GR-->SZ,GR-->SZ,GR-->SZ,GR-->SZ,GR-->SZ,,,,,,,,,,,,,,,,,SZ-->GR,SZ-->GR,SZ-->GR,SZ-->GR,SZ-->GR,SZ-->GR,SZ-->GR,SZ-->GR,SZ-->GR,SZ-->GR,SZ-->GR,SZ-->GR,SZ-->GR,SZ-->GR,SZ-->GR,SZ-->GR,SZ-->GR,SZ-->GR,SZ-->GR
GL,GRL,Greenland,Nuuk,Americas,Northern America,,GL-->SZ,GL-->SZ,GL-->SZ,GL-->SZ,GL-->SZ,GL-->SZ,GL-->SZ,GL-->SZ,GL-->SZ,GL-->SZ,GL-->SZ,GL-->SZ,GL-->SZ,GL-->SZ,GL-->SZ,GL-->SZ,GL-->SZ,GL-->SZ,GL-->SZ,,,,,,,,,,,,,,,,,SZ-->GL,SZ-->GL,SZ-->GL,SZ-->GL,SZ-->GL,SZ-->GL,SZ-->GL,SZ-->GL,SZ-->GL,SZ-->GL,SZ-->GL,SZ-->GL,SZ-->GL,SZ-->GL,SZ-->GL,SZ-->GL,SZ-->GL,SZ-->GL,SZ-->GL
GD,GRD,Grenada,St. George's,Americas,Caribbean,,GD-->SZ,GD-->SZ,GD-->SZ,GD-->SZ,GD-->SZ,GD-->SZ,GD-->SZ,GD-->SZ,GD-->SZ,GD-->SZ,GD-->SZ,GD-->SZ,GD-->SZ,GD-->SZ,GD-->SZ,GD-->SZ,GD-->SZ,GD-->SZ,GD-->SZ,,,,,,,,,,,,,,,,,SZ-->GD,SZ-->GD,SZ-->GD,SZ-->GD,SZ-->GD,SZ-->GD,SZ-->GD,SZ-->GD,SZ-->GD,SZ-->GD,SZ-->GD,SZ-->GD,SZ-->GD,SZ-->GD,SZ-->GD,SZ-->GD,SZ-->GD,SZ-->GD,SZ-->GD
GP,GLP,Guadeloupe,Basse-Terre,Americas,Caribbean,,GP-->SZ,GP-->SZ,GP-->SZ,GP-->SZ,GP-->SZ,GP-->SZ,GP-->SZ,GP-->SZ,GP-->SZ,GP-->SZ,GP-->SZ,GP-->SZ,GP-->SZ,GP-->SZ,GP-->SZ,GP-->SZ,GP-->SZ,GP-->SZ,GP-->SZ,,,,,,,,,,,,,,,,,SZ-->GP,SZ-->GP,SZ-->GP,SZ-->GP,SZ-->GP,SZ-->GP,SZ-->GP,SZ-->GP,SZ-->GP,SZ-->GP,SZ-->GP,SZ-->GP,SZ-->GP,SZ-->GP,SZ-->GP,SZ-->GP,SZ-->GP,SZ-->GP,SZ-->GP
GU,GUM,Guam,Hagåtña,Oceania,Micronesia,,GU-->SZ,GU-->SZ,GU-->SZ,GU-->SZ,GU-->SZ,GU-->SZ,GU-->SZ,GU-->SZ,GU-->SZ,GU-->SZ,GU-->SZ,GU-->SZ,GU-->SZ,GU-->SZ,GU-->SZ,GU-->SZ,GU-->SZ,GU-->SZ,GU-->SZ,,,,,,,,,,,,,,,,,SZ-->GU,SZ-->GU,SZ-->GU,SZ-->GU,SZ-->GU,SZ-->GU,SZ-->GU,SZ-->GU,SZ-->GU,SZ-->GU,SZ-->GU,SZ-->GU,SZ-->GU,SZ-->GU,SZ-->GU,SZ-->GU,SZ-->GU,SZ-->GU,SZ-->GU
GT,GTM,Guatemala,Guatemala City,Americas,Central America,,GT-->SZ,GT-->SZ,GT-->SZ,GT-->SZ,GT-->SZ,GT-->SZ,GT-->SZ,GT-->SZ,GT-->SZ,GT-->SZ,GT-->SZ,GT-->SZ,GT-->SZ,GT-->SZ,GT-->SZ,GT-->SZ,GT-->SZ,GT-->SZ,GT-->SZ,,,,,,,,,,,,,,,,,SZ-->GT,SZ-->GT,SZ-->GT,SZ-->GT,SZ-->GT,SZ-->GT,SZ-->GT,SZ-->GT,SZ-->GT,SZ-->GT,SZ-->GT,SZ-->GT,SZ-->GT,SZ-->GT,SZ-->GT,SZ-->GT,SZ-->GT,SZ-->GT,SZ-->GT
GG,GGY,Guernsey,St. Peter Port,Europe,Northern Europe,,GG-->SZ,GG-->SZ,GG-->SZ,GG-->SZ,GG-->SZ,GG-->SZ,GG-->SZ,GG-->SZ,GG-->SZ,GG-->SZ,GG-->SZ,GG-->SZ,GG-->SZ,GG-->SZ,GG-->SZ,GG-->SZ,GG-->SZ,GG-->SZ,GG-->SZ,,,,,,,,,,,,,,,,,SZ-->GG,SZ-->GG,SZ-->GG,SZ-->GG,SZ-->GG,SZ-->GG,SZ-->GG,SZ-->GG,SZ-->GG,SZ-->GG,SZ-->GG,SZ-->GG,SZ-->GG,SZ-->GG,SZ-->GG,SZ-->GG,SZ-->GG,SZ-->GG,SZ-->GG
GN,GIN,Guinea,Conakry,Africa,Western Africa,,GN-->SZ,GN-->SZ,GN-->SZ,GN-->SZ,GN-->SZ,GN-->SZ,GN-->SZ,GN-->SZ,GN-->SZ,GN-->SZ,GN-->SZ,GN-->SZ,GN-->SZ,GN-->SZ,GN-->SZ,GN-->SZ,GN-->SZ,GN-->SZ,GN-->SZ,,,,,,,,,,,,,,,,,SZ-->GN,SZ-->GN,SZ-->GN,SZ-->GN,SZ-->GN,SZ-->GN,SZ-->GN,SZ-->GN,SZ-->GN,SZ-->GN,SZ-->GN,SZ-->GN,SZ-->GN,SZ-->GN,SZ-->GN,SZ-->GN,SZ-->GN,SZ-->GN,SZ-->GN
GW,GNB,Guinea-Bissau,Bissau,Africa,Western Africa,,GW-->SZ,GW-->SZ,GW-->SZ,GW-->SZ,GW-->SZ,GW-->SZ,GW-->SZ,GW-->SZ,GW-->SZ,GW-->SZ,GW-->SZ,GW-->SZ,GW-->SZ,GW-->SZ,GW-->SZ,GW-->SZ,GW-->SZ,GW-->SZ,GW-->SZ,,,,,,,,,,,,,,,,,SZ-->GW,SZ-->GW,SZ-->GW,SZ-->GW,SZ-->GW,SZ-->GW,SZ-->GW,SZ-->GW,SZ-->GW,SZ-->GW,SZ-->GW,SZ-->GW,SZ-->GW,SZ-->GW,SZ-->GW,SZ-->GW,SZ-->GW,SZ-->GW,SZ-->GW
GY,GUY,Guyana,Georgetown,Americas,South America,,GY-->SZ,GY-->SZ,GY-->SZ,GY-->SZ,GY-->SZ,GY-->SZ,GY-->SZ,GY-->SZ,GY-->SZ,GY-->SZ,GY-->SZ,GY-->SZ,GY-->SZ,GY-->SZ,GY-->SZ,GY-->SZ,GY-->SZ,GY-->SZ,GY-->SZ,,,,,,,,,,,,,,,,,SZ-->GY,SZ-->GY,SZ-->GY,SZ-->GY,SZ-->GY,SZ-->GY,SZ-->GY,SZ-->GY,SZ-->GY,SZ-->GY,SZ-->GY,SZ-->GY,SZ-->GY,SZ-->GY,SZ-->GY,SZ-->GY,SZ-->GY,SZ-->GY,SZ-->GY
HT,HTI,Haiti,Port-au-Prince,Americas,Caribbean,,HT-->SZ,HT-->SZ,HT-->SZ,HT-->SZ,HT-->SZ,HT-->SZ,HT-->SZ,HT-->SZ,HT-->SZ,HT-->SZ,HT-->SZ,HT-->SZ,HT-->SZ,HT-->SZ,HT-->SZ,HT-->SZ,HT-->SZ,HT-->SZ,HT-->SZ,,,,,,,,,,,,,,,,,SZ-->HT,SZ-->HT,SZ-->HT,SZ-->HT,SZ-->HT,SZ-->HT,SZ-->HT,SZ-->HT,SZ-->HT,SZ-->HT,SZ-->HT,SZ-->HT,SZ-->HT,SZ-->HT,SZ-->HT,SZ-->HT,SZ-->HT,SZ-->HT,SZ-->HT
HM,HMD,Heard Island and McDonald Islands,,,,,HM-->SZ,HM-->SZ,HM-->SZ,HM-->SZ,HM-->SZ,HM-->SZ,HM-->SZ,HM-->SZ,HM-->SZ,HM-->SZ,HM-->SZ,HM-->SZ,HM-->SZ,HM-->SZ,HM-->SZ,HM-->SZ,HM-->SZ,HM-->SZ,HM-->SZ,,,,,,,,,,,,,,,,,SZ-->HM,SZ-->HM,SZ-->HM,SZ-->HM,SZ-->HM,SZ-->HM,SZ-->HM,SZ-->HM,SZ-->HM,SZ-->HM,SZ-->HM,SZ-->HM,SZ-->HM,SZ-->HM,SZ-->HM,SZ-->HM,SZ-->HM,SZ-->HM,SZ-->HM
VA,VAT,Holy See,Rome,Europe,Southern Europe,,VA-->SZ,VA-->SZ,VA-->SZ,VA-->SZ,VA-->SZ,VA-->SZ,VA-->SZ,VA-->SZ,VA-->SZ,VA-->SZ,VA-->SZ,VA-->SZ,VA-->SZ,VA-->SZ,VA-->SZ,VA-->SZ,VA-->SZ,VA-->SZ,VA-->SZ,,,,,,,,,,,,,,,,,SZ-->VA,SZ-->VA,SZ-->VA,SZ-->VA,SZ-->VA,SZ-->VA,SZ-->VA,SZ-->VA,SZ-->VA,SZ-->VA,SZ-->VA,SZ-->VA,SZ-->VA,SZ-->VA,SZ-->VA,SZ-->VA,SZ-->VA,SZ-->VA,SZ-->VA
HN,HND,Honduras,Tegucigalpa,Americas,Central America,,HN-->SZ,HN-->SZ,HN-->SZ,HN-->SZ,HN-->SZ,HN-->SZ,HN-->SZ,HN-->SZ,HN-->SZ,HN-->SZ,HN-->SZ,HN-->SZ,HN-->SZ,HN-->SZ,HN-->SZ,HN-->SZ,HN-->SZ,HN-->SZ,HN-->SZ,,,,,,,,,,,,,,,,,SZ-->HN,SZ-->HN,SZ-->HN,SZ-->HN,SZ-->HN,SZ-->HN,SZ-->HN,SZ-->HN,SZ-->HN,SZ-->HN,SZ-->HN,SZ-->HN,SZ-->HN,SZ-->HN,SZ-->HN,SZ-->HN,SZ-->HN,SZ-->HN,SZ-->HN
HK,HKG,Hong Kong,City of Victoria,Asia,Eastern Asia,,HK-->SZ,HK-->SZ,HK-->SZ,HK-->SZ,HK-->SZ,HK-->SZ,HK-->SZ,HK-->SZ,HK-->SZ,HK-->SZ,HK-->SZ,HK-->SZ,HK-->SZ,HK-->SZ,HK-->SZ,HK-->SZ,HK-->SZ,HK-->SZ,HK-->SZ,,,,,,,,,,,,,,,,,SZ-->HK,SZ-->HK,SZ-->HK,SZ-->HK,SZ-->HK,SZ-->HK,SZ-->HK,SZ-->HK,SZ-->HK,SZ-->HK,SZ-->HK,SZ-->HK,SZ-->HK,SZ-->HK,SZ-->HK,SZ-->HK,SZ-->HK,SZ-->HK,SZ-->HK
HU,HUN,Hungary,Budapest,Europe,Eastern Europe,,HU-->SZ,HU-->SZ,HU-->SZ,HU-->SZ,HU-->SZ,HU-->SZ,HU-->SZ,HU-->SZ,HU-->SZ,HU-->SZ,HU-->SZ,HU-->SZ,HU-->SZ,HU-->SZ,HU-->SZ,HU-->SZ,HU-->SZ,HU-->SZ,HU-->SZ,,,,,,,,,,,,,,,,,SZ-->HU,SZ-->HU,SZ-->HU,SZ-->HU,SZ-->HU,SZ-->HU,SZ-->HU,SZ-->HU,SZ-->HU,SZ-->HU,SZ-->HU,SZ-->HU,SZ-->HU,SZ-->HU,SZ-->HU,SZ-->HU,SZ-->HU,SZ-->HU,SZ-->HU
IS,ISL,Iceland,Reykjavík,Europe,Northern Europe,,IS-->SZ,IS-->SZ,IS-->SZ,IS-->SZ,IS-->SZ,IS-->SZ,IS-->SZ,IS-->SZ,IS-->SZ,IS-->SZ,IS-->SZ,IS-->SZ,IS-->SZ,IS-->SZ,IS-->SZ,IS-->SZ,IS-->SZ,IS-->SZ,IS-->SZ,,,,,,,,,,,,,,,,,SZ-->IS,SZ-->IS,SZ-->IS,SZ-->IS,SZ-->IS,SZ-->IS,SZ-->IS,SZ-->IS,SZ-->IS,SZ-->IS,SZ-->IS,SZ-->IS,SZ-->IS,SZ-->IS,SZ-->IS,SZ-->IS,SZ-->IS,SZ-->IS,SZ-->IS
IN,IND,India,New Delhi,Asia,Southern Asia,,IN-->SZ,IN-->SZ,IN-->SZ,IN-->SZ,IN-->SZ,IN-->SZ,IN-->SZ,IN-->SZ,IN-->SZ,IN-->SZ,IN-->SZ,IN-->SZ,IN-->SZ,IN-->SZ,IN-->SZ,IN-->SZ,IN-->SZ,IN-->SZ,IN-->SZ,,,,,,,,,,,,,,,,,SZ-->IN,SZ-->IN,SZ-->IN,SZ-->IN,SZ-->IN,SZ-->IN,SZ-->IN,SZ-->IN,SZ-->IN,SZ-->IN,SZ-->IN,SZ-->IN,SZ-->IN,SZ-->IN,SZ-->IN,SZ-->IN,SZ-->IN,SZ-->IN,SZ-->IN
ID,IDN,Indonesia,Jakarta,Asia,South-Eastern Asia,,ID-->SZ,ID-->SZ,ID-->SZ,ID-->SZ,ID-->SZ,ID-->SZ,ID-->SZ,ID-->SZ,ID-->SZ,ID-->SZ,ID-->SZ,ID-->SZ,ID-->SZ,ID-->SZ,ID-->SZ,ID-->SZ,ID-->SZ,ID-->SZ,ID-->SZ,,,,,,,,,,,,,,,,,SZ-->ID,SZ-->ID,SZ-->ID,SZ-->ID,SZ-->ID,SZ-->ID,SZ-->ID,SZ-->ID,SZ-->ID,SZ-->ID,SZ-->ID,SZ-->ID,SZ-->ID,SZ-->ID,SZ-->ID,SZ-->ID,SZ-->ID,SZ-->ID,SZ-->ID
CI,CIV,Ivory Coast,Yamoussoukro,Africa,Western Africa,,CI-->SZ,CI-->SZ,CI-->SZ,CI-->SZ,CI-->SZ,CI-->SZ,CI-->SZ,CI-->SZ,CI-->SZ,CI-->SZ,CI-->SZ,CI-->SZ,CI-->SZ,CI-->SZ,CI-->SZ,CI-->SZ,CI-->SZ,CI-->SZ,CI-->SZ,,,,,,,,,,,,,,,,,SZ-->CI,SZ-->CI,SZ-->CI,SZ-->CI,SZ-->CI,SZ-->CI,SZ-->CI,SZ-->CI,SZ-->CI,SZ-->CI,SZ-->CI,SZ-->CI,SZ-->CI,SZ-->CI,SZ-->CI,SZ-->CI,SZ-->CI,SZ-->CI,SZ-->CI
IR,IRN,Iran,Tehran,Asia,Southern Asia,,IR-->SZ,IR-->SZ,IR-->SZ,IR-->SZ,IR-->SZ,IR-->SZ,IR-->SZ,IR-->SZ,IR-->SZ,IR-->SZ,IR-->SZ,IR-->SZ,IR-->SZ,IR-->SZ,IR-->SZ,IR-->SZ,IR-->SZ,IR-->SZ,IR-->SZ,,,,,,,,,,,,,,,,,SZ-->IR,SZ-->IR,SZ-->IR,SZ-->IR,SZ-->IR,SZ-->IR,SZ-->IR,SZ-->IR,SZ-->IR,SZ-->IR,SZ-->IR,SZ-->IR,SZ-->IR,SZ-->IR,SZ-->IR,SZ-->IR,SZ-->IR,SZ-->IR,SZ-->IR
IQ,IRQ,Iraq,Baghdad,Asia,Western Asia,,IQ-->SZ,IQ-->SZ,IQ-->SZ,IQ-->SZ,IQ-->SZ,IQ-->SZ,IQ-->SZ,IQ-->SZ,IQ-->SZ,IQ-->SZ,IQ-->SZ,IQ-->SZ,IQ-->SZ,IQ-->SZ,IQ-->SZ,IQ-->SZ,IQ-->SZ,IQ-->SZ,IQ-->SZ,,,,,,,,,,,,,,,,,SZ-->IQ,SZ-->IQ,SZ-->IQ,SZ-->IQ,SZ-->IQ,SZ-->IQ,SZ-->IQ,SZ-->IQ,SZ-->IQ,SZ-->IQ,SZ-->IQ,SZ-->IQ,SZ-->IQ,SZ-->IQ,SZ-->IQ,SZ-->IQ,SZ-->IQ,SZ-->IQ,SZ-->IQ
IE,IRL,Republic of Ireland,Dublin,Europe,Northern Europe,,IE-->SZ,IE-->SZ,IE-->SZ,IE-->SZ,IE-->SZ,IE-->SZ,IE-->SZ,IE-->SZ,IE-->SZ,IE-->SZ,IE-->SZ,IE-->SZ,IE-->SZ,IE-->SZ,IE-->SZ,IE-->SZ,IE-->SZ,IE-->SZ,IE-->SZ,,,,,,,,,,,,,,,,,SZ-->IE,SZ-->IE,SZ-->IE,SZ-->IE,SZ-->IE,SZ-->IE,SZ-->IE,SZ-->IE,SZ-->IE,SZ-->IE,SZ-->IE,SZ-->IE,SZ-->IE,SZ-->IE,SZ-->IE,SZ-->IE,SZ-->IE,SZ-->IE,SZ-->IE
IM,IMN,Isle of Man,Douglas,Europe,Northern Europe,,IM-->SZ,IM-->SZ,IM-->SZ,IM-->SZ,IM-->SZ,IM-->SZ,IM-->SZ,IM-->SZ,IM-->SZ,IM-->SZ,IM-->SZ,IM-->SZ,IM-->SZ,IM-->SZ,IM-->SZ,IM-->SZ,IM-->SZ,IM-->SZ,IM-->SZ,,,,,,,,,,,,,,,,,SZ-->IM,SZ-->IM,SZ-->IM,SZ-->IM,SZ-->IM,SZ-->IM,SZ-->IM,SZ-->IM,SZ-->IM,SZ-->IM,SZ-->IM,SZ-->IM,SZ-->IM,SZ-->IM,SZ-->IM,SZ-->IM,SZ-->IM,SZ-->IM,SZ-->IM
IL,ISR,Israel,Jerusalem,Asia,Western Asia,,IL-->SZ,IL-->SZ,IL-->SZ,IL-->SZ,IL-->SZ,IL-->SZ,IL-->SZ,IL-->SZ,IL-->SZ,IL-->SZ,IL-->SZ,IL-->SZ,IL-->SZ,IL-->SZ,IL-->SZ,IL-->SZ,IL-->SZ,IL-->SZ,IL-->SZ,,,,,,,,,,,,,,,,,SZ-->IL,SZ-->IL,SZ-->IL,SZ-->IL,SZ-->IL,SZ-->IL,SZ-->IL,SZ-->IL,SZ-->IL,SZ-->IL,SZ-->IL,SZ-->IL,SZ-->IL,SZ-->IL,SZ-->IL,SZ-->IL,SZ-->IL,SZ-->IL,SZ-->IL
IT,ITA,Italy,Rome,Europe,Southern Europe,,IT-->SZ,IT-->SZ,IT-->SZ,IT-->SZ,IT-->SZ,IT-->SZ,IT-->SZ,IT-->SZ,IT-->SZ,IT-->SZ,IT-->SZ,IT-->SZ,IT-->SZ,IT-->SZ,IT-->SZ,IT-->SZ,IT-->SZ,IT-->SZ,IT-->SZ,,,,,,,,,,,,,,,,,SZ-->IT,SZ-->IT,SZ-->IT,SZ-->IT,SZ-->IT,SZ-->IT,SZ-->IT,SZ-->IT,SZ-->IT,SZ-->IT,SZ-->IT,SZ-->IT,SZ-->IT,SZ-->IT,SZ-->IT,SZ-->IT,SZ-->IT,SZ-->IT,SZ-->IT
JM,JAM,Jamaica,Kingston,Americas,Caribbean,,JM-->SZ,JM-->SZ,JM-->SZ,JM-->SZ,JM-->SZ,JM-->SZ,JM-->SZ,JM-->SZ,JM-->SZ,JM-->SZ,JM-->SZ,JM-->SZ,JM-->SZ,JM-->SZ,JM-->SZ,JM-->SZ,JM-->SZ,JM-->SZ,JM-->SZ,,,,,,,,,,,,,,,,,SZ-->JM,SZ-->JM,SZ-->JM,SZ-->JM,SZ-->JM,SZ-->JM,SZ-->JM,SZ-->JM,SZ-->JM,SZ-->JM,SZ-->JM,SZ-->JM,SZ-->JM,SZ-->JM,SZ-->JM,SZ-->JM,SZ-->JM,SZ-->JM,SZ-->JM
JP,JPN,Japan,Tokyo,Asia,Eastern Asia,,JP-->SZ,JP-->SZ,JP-->SZ,JP-->SZ,JP-->SZ,JP-->SZ,JP-->SZ,JP-->SZ,JP-->SZ,JP-->SZ,JP-->SZ,JP-->SZ,JP-->SZ,JP-->SZ,JP-->SZ,JP-->SZ,JP-->SZ,JP-->SZ,JP-->SZ,,,,,,,,,,,,,,,,,SZ-->JP,SZ-->JP,SZ-->JP,SZ-->JP,SZ-->JP,SZ-->JP,SZ-->JP,SZ-->JP,SZ-->JP,SZ-->JP,SZ-->JP,SZ-->JP,SZ-->JP,SZ-->JP,SZ-->JP,SZ-->JP,SZ-->JP,SZ-->JP,SZ-->JP
JE,JEY,Jersey,Saint Helier,Europe,Northern Europe,,JE-->SZ,JE-->SZ,JE-->SZ,JE-->SZ,JE-->SZ,JE-->SZ,JE-->SZ,JE-->SZ,JE-->SZ,JE-->SZ,JE-->SZ,JE-->SZ,JE-->SZ,JE-->SZ,JE-->SZ,JE-->SZ,JE-->SZ,JE-->SZ,JE-->SZ,,,,,,,,,,,,,,,,,SZ-->JE,SZ-->JE,SZ-->JE,SZ-->JE,SZ-->JE,SZ-->JE,SZ-->JE,SZ-->JE,SZ-->JE,SZ-->JE,SZ-->JE,SZ-->JE,SZ-->JE,SZ-->JE,SZ-->JE,SZ-->JE,SZ-->JE,SZ-->JE,SZ-->JE
JO,JOR,Jordan,Amman,Asia,Western Asia,,JO-->SZ,JO-->SZ,JO-->SZ,JO-->SZ,JO-->SZ,JO-->SZ,JO-->SZ,JO-->SZ,JO-->SZ,JO-->SZ,JO-->SZ,JO-->SZ,JO-->SZ,JO-->SZ,JO-->SZ,JO-->SZ,JO-->SZ,JO-->SZ,JO-->SZ,,,,,,,,,,,,,,,,,SZ-->JO,SZ-->JO,SZ-->JO,SZ-->JO,SZ-->JO,SZ-->JO,SZ-->JO,SZ-->JO,SZ-->JO,SZ-->JO,SZ-->JO,SZ-->JO,SZ-->JO,SZ-->JO,SZ-->JO,SZ-->JO,SZ-->JO,SZ-->JO,SZ-->JO
KZ,KAZ,Kazakhstan,Astana,Asia,Central Asia,,KZ-->SZ,KZ-->SZ,KZ-->SZ,KZ-->SZ,KZ-->SZ,KZ-->SZ,KZ-->SZ,KZ-->SZ,KZ-->SZ,KZ-->SZ,KZ-->SZ,KZ-->SZ,KZ-->SZ,KZ-->SZ,KZ-->SZ,KZ-->SZ,KZ-->SZ,KZ-->SZ,KZ-->SZ,,,,,,,,,,,,,,,,,SZ-->KZ,SZ-->KZ,SZ-->KZ,SZ-->KZ,SZ-->KZ,SZ-->KZ,SZ-->KZ,SZ-->KZ,SZ-->KZ,SZ-->KZ,SZ-->KZ,SZ-->KZ,SZ-->KZ,SZ-->KZ,SZ-->KZ,SZ-->KZ,SZ-->KZ,SZ-->KZ,SZ-->KZ
KE,KEN,Kenya,Nairobi,Africa,Eastern Africa,,KE-->SZ,KE-->SZ,KE-->SZ,KE-->SZ,KE-->SZ,KE-->SZ,KE-->SZ,KE-->SZ,KE-->SZ,KE-->SZ,KE-->SZ,KE-->SZ,KE-->SZ,KE-->SZ,KE-->SZ,KE-->SZ,KE-->SZ,KE-->SZ,KE-->SZ,,,,,,,,,,,,,,,,,SZ-->KE,SZ-->KE,SZ-->KE,SZ-->KE,SZ-->KE,SZ-->KE,SZ-->KE,SZ-->KE,SZ-->KE,SZ-->KE,SZ-->KE,SZ-->KE,SZ-->KE,SZ-->KE,SZ-->KE,SZ-->KE,SZ-->KE,SZ-->KE,SZ-->KE
KI,KIR,Kiribati,South Tarawa,Oceania,Micronesia,,KI-->SZ,KI-->SZ,KI-->SZ,KI-->SZ,KI-->SZ,KI-->SZ,KI-->SZ,KI-->SZ,KI-->SZ,KI-->SZ,KI-->SZ,KI-->SZ,KI-->SZ,KI-->SZ,KI-->SZ,KI-->SZ,KI-->SZ,KI-->SZ,KI-->SZ,,,,,,,,,,,,,,,,,SZ-->KI,SZ-->KI,SZ-->KI,SZ-->KI,SZ-->KI,SZ-->KI,SZ-->KI,SZ-->KI,SZ-->KI,SZ-->KI,SZ-->KI,SZ-->KI,SZ-->KI,SZ-->KI,SZ-->KI,SZ-->KI,SZ-->KI,SZ-->KI,SZ-->KI
KW,KWT,Kuwait,Kuwait City,Asia,Western Asia,,KW-->SZ,KW-->SZ,KW-->SZ,KW-->SZ,KW-->SZ,KW-->SZ,KW-->SZ,KW-->SZ,KW-->SZ,KW-->SZ,KW-->SZ,KW-->SZ,KW-->SZ,KW-->SZ,KW-->SZ,KW-->SZ,KW-->SZ,KW-->SZ,KW-->SZ,,,,,,,,,,,,,,,,,SZ-->KW,SZ-->KW,SZ-->KW,SZ-->KW,SZ-->KW,SZ-->KW,SZ-->KW,SZ-->KW,SZ-->KW,SZ-->KW,SZ-->KW,SZ-->KW,SZ-->KW,SZ-->KW,SZ-->KW,SZ-->KW,SZ-->KW,SZ-->KW,SZ-->KW
KG,KGZ,Kyrgyzstan,Bishkek,Asia,Central Asia,,KG-->SZ,KG-->SZ,KG-->SZ,KG-->SZ,KG-->SZ,KG-->SZ,KG-->SZ,KG-->SZ,KG-->SZ,KG-->SZ,KG-->SZ,KG-->SZ,KG-->SZ,KG-->SZ,KG-->SZ,KG-->SZ,KG-->SZ,KG-->SZ,KG-->SZ,,,,,,,,,,,,,,,,,SZ-->KG,SZ-->KG,SZ-->KG,SZ-->KG,SZ-->KG,SZ-->KG,SZ-->KG,SZ-->KG,SZ-->KG,SZ-->KG,SZ-->KG,SZ-->KG,SZ-->KG,SZ-->KG,SZ-->KG,SZ-->KG,SZ-->KG,SZ-->KG,SZ-->KG
LA,LAO,Laos,Vientiane,Asia,South-Eastern Asia,,LA-->SZ,LA-->SZ,LA-->SZ,LA-->SZ,LA-->SZ,LA-->SZ,LA-->SZ,LA-->SZ,LA-->SZ,LA-->SZ,LA-->SZ,LA-->SZ,LA-->SZ,LA-->SZ,LA-->SZ,LA-->SZ,LA-->SZ,LA-->SZ,LA-->SZ,,,,,,,,,,,,,,,,,SZ-->LA,SZ-->LA,SZ-->LA,SZ-->LA,SZ-->LA,SZ-->LA,SZ-->LA,SZ-->LA,SZ-->LA,SZ-->LA,SZ-->LA,SZ-->LA,SZ-->LA,SZ-->LA,SZ-->LA,SZ-->LA,SZ-->LA,SZ-->LA,SZ-->LA
LV,LVA,Latvia,Riga,Europe,Northern Europe,,LV-->SZ,LV-->SZ,LV-->SZ,LV-->SZ,LV-->SZ,LV-->SZ,LV-->SZ,LV-->SZ,LV-->SZ,LV-->SZ,LV-->SZ,LV-->SZ,LV-->SZ,LV-->SZ,LV-->SZ,LV-->SZ,LV-->SZ,LV-->SZ,LV-->SZ,,,,,,,,,,,,,,,,,SZ-->LV,SZ-->LV,SZ-->LV,SZ-->LV,SZ-->LV,SZ-->LV,SZ-->LV,SZ-->LV,SZ-->LV,SZ-->LV,SZ-->LV,SZ-->LV,SZ-->LV,SZ-->LV,SZ-->LV,SZ-->LV,SZ-->LV,SZ-->LV,SZ-->LV
LB,LBN,Lebanon,Beirut,Asia,Western Asia,,LB-->SZ,LB-->SZ,LB-->SZ,LB-->SZ,LB-->SZ,LB-->SZ,LB-->SZ,LB-->SZ,LB-->SZ,LB-->SZ,LB-->SZ,LB-->SZ,LB-->SZ,LB-->SZ,LB-->SZ,LB-->SZ,LB-->SZ,LB-->SZ,LB-->SZ,,,,,,,,,,,,,,,,,SZ-->LB,SZ-->LB,SZ-->LB,SZ-->LB,SZ-->LB,SZ-->LB,SZ-->LB,SZ-->LB,SZ-->LB,SZ-->LB,SZ-->LB,SZ-->LB,SZ-->LB,SZ-->LB,SZ-->LB,SZ-->LB,SZ-->LB,SZ-->LB,SZ-->LB
LS,LSO,Lesotho,Maseru,Africa,Southern Africa,,LS-->SZ,LS-->SZ,LS-->SZ,LS-->SZ,LS-->SZ,LS-->SZ,LS-->SZ,LS-->SZ,LS-->SZ,LS-->SZ,LS-->SZ,LS-->SZ,LS-->SZ,LS-->SZ,LS-->SZ,LS-->SZ,LS-->SZ,LS-->SZ,LS-->SZ,,,,,,,,,,,,,,,,,SZ-->LS,SZ-->LS,SZ-->LS,SZ-->LS,SZ-->LS,SZ-->LS,SZ-->LS,SZ-->LS,SZ-->LS,SZ-->LS,SZ-->LS,SZ-->LS,SZ-->LS,SZ-->LS,SZ-->LS,SZ-->LS,SZ-->LS,SZ-->LS,SZ-->LS
LR,LBR,Liberia,Monrovia,Africa,Western Africa,,LR-->SZ,LR-->SZ,LR-->SZ,LR-->SZ,LR-->SZ,LR-->SZ,LR-->SZ,LR-->SZ,LR-->SZ,LR-->SZ,LR-->SZ,LR-->SZ,LR-->SZ,LR-->SZ,LR-->SZ,LR-->SZ,LR-->SZ,LR-->SZ,LR-->SZ,,,,,,,,,,,,,,,,,SZ-->LR,SZ-->LR,SZ-->LR,SZ-->LR,SZ-->LR,SZ-->LR,SZ-->LR,SZ-->LR,SZ-->LR,SZ-->LR,SZ-->LR,SZ-->LR,SZ-->LR,SZ-->LR,SZ-->LR,SZ-->LR,SZ-->LR,SZ-->LR,SZ-->LR
LY,LBY,Libya,Tripoli,Africa,Northern Africa,,LY-->SZ,LY-->SZ,LY-->SZ,LY-->SZ,LY-->SZ,LY-->SZ,LY-->SZ,LY-->SZ,LY-->SZ,LY-->SZ,LY-->SZ,LY-->SZ,LY-->SZ,LY-->SZ,LY-->SZ,LY-->SZ,LY-->SZ,LY-->SZ,LY-->SZ,,,,,,,,,,,,,,,,,SZ-->LY,SZ-->LY,SZ-->LY,SZ-->LY,SZ-->LY,SZ-->LY,SZ-->LY,SZ-->LY,SZ-->LY,SZ-->LY,SZ-->LY,SZ-->LY,SZ-->LY,SZ-->LY,SZ-->LY,SZ-->LY,SZ-->LY,SZ-->LY,SZ-->LY
LI,LIE,Liechtenstein,Vaduz,Europe,Western Europe,,LI-->SZ,LI-->SZ,LI-->SZ,LI-->SZ,LI-->SZ,LI-->SZ,LI-->SZ,LI-->SZ,LI-->SZ,LI-->SZ,LI-->SZ,LI-->SZ,LI-->SZ,LI-->SZ,LI-->SZ,LI-->SZ,LI-->SZ,LI-->SZ,LI-->SZ,,,,,,,,,,,,,,,,,SZ-->LI,SZ-->LI,SZ-->LI,SZ-->LI,SZ-->LI,SZ-->LI,SZ-->LI,SZ-->LI,SZ-->LI,SZ-->LI,SZ-->LI,SZ-->LI,SZ-->LI,SZ-->LI,SZ-->LI,SZ-->LI,SZ-->LI,SZ-->LI,SZ-->LI
LT,LTU,Lithuania,Vilnius,Europe,Northern Europe,,LT-->SZ,LT-->SZ,LT-->SZ,LT-->SZ,LT-->SZ,LT-->SZ,LT-->SZ,LT-->SZ,LT-->SZ,LT-->SZ,LT-->SZ,LT-->SZ,LT-->SZ,LT-->SZ,LT-->SZ,LT-->SZ,LT-->SZ,LT-->SZ,LT-->SZ,,,,,,,,,,,,,,,,,SZ-->LT,SZ-->LT,SZ-->LT,SZ-->LT,SZ-->LT,SZ-->LT,SZ-->LT,SZ-->LT,SZ-->LT,SZ-->LT,SZ-->LT,SZ-->LT,SZ-->LT,SZ-->LT,SZ-->LT,SZ-->LT,SZ-->LT,SZ-->LT,SZ-->LT
LU,LUX,Luxembourg,Luxembourg,Europe,Western Europe,,LU-->SZ,LU-->SZ,LU-->SZ,LU-->SZ,LU-->SZ,LU-->SZ,LU-->SZ,LU-->SZ,LU-->SZ,LU-->SZ,LU-->SZ,LU-->SZ,LU-->SZ,LU-->SZ,LU-->SZ,LU-->SZ,LU-->SZ,LU-->SZ,LU-->SZ,,,,,,,,,,,,,,,,,SZ-->LU,SZ-->LU,SZ-->LU,SZ-->LU,SZ-->LU,SZ-->LU,SZ-->LU,SZ-->LU,SZ-->LU,SZ-->LU,SZ-->LU,SZ-->LU,SZ-->LU,SZ-->LU,SZ-->LU,SZ-->LU,SZ-->LU,SZ-->LU,SZ-->LU
MO,MAC,Macau,,Asia,Eastern Asia,,MO-->SZ,MO-->SZ,MO-->SZ,MO-->SZ,MO-->SZ,MO-->SZ,MO-->SZ,MO-->SZ,MO-->SZ,MO-->SZ,MO-->SZ,MO-->SZ,MO-->SZ,MO-->SZ,MO-->SZ,MO-->SZ,MO-->SZ,MO-->SZ,MO-->SZ,,,,,,,,,,,,,,,,,SZ-->MO,SZ-->MO,SZ-->MO,SZ-->MO,SZ-->MO,SZ-->MO,SZ-->MO,SZ-->MO,SZ-->MO,SZ-->MO,SZ-->MO,SZ-->MO,SZ-->MO,SZ-->MO,SZ-->MO,SZ-->MO,SZ-->MO,SZ-->MO,SZ-->MO
MK,MKD,Republic of Macedonia,Skopje,Europe,Southern Europe,,MK-->SZ,MK-->SZ,MK-->SZ,MK-->SZ,MK-->SZ,MK-->SZ,MK-->SZ,MK-->SZ,MK-->SZ,MK-->SZ,MK-->SZ,MK-->SZ,MK-->SZ,MK-->SZ,MK-->SZ,MK-->SZ,MK-->SZ,MK-->SZ,MK-->SZ,,,,,,,,,,,,,,,,,SZ-->MK,SZ-->MK,SZ-->MK,SZ-->MK,SZ-->MK,SZ-->MK,SZ-->MK,SZ-->MK,SZ-->MK,SZ-->MK,SZ-->MK,SZ-->MK,SZ-->MK,SZ-->MK,SZ-->MK,SZ-->MK,SZ-->MK,SZ-->MK,SZ-->MK
MG,MDG,Madagascar,Antananarivo,Africa,Eastern Africa,,MG-->SZ,MG-->SZ,MG-->SZ,MG-->SZ,MG-->SZ,MG-->SZ,MG-->SZ,MG-->SZ,MG-->SZ,MG-->SZ,MG-->SZ,MG-->SZ,MG-->SZ,MG-->SZ,MG-->SZ,MG-->SZ,MG-->SZ,MG-->SZ,MG-->SZ,,,,,,,,,,,,,,,,,SZ-->MG,SZ-->MG,SZ-->MG,SZ-->MG,SZ-->MG,SZ-->MG,SZ-->MG,SZ-->MG,SZ-->MG,SZ-->MG,SZ-->MG,SZ-->MG,SZ-->MG,SZ-->MG,SZ-->MG,SZ-->MG,SZ-->MG,SZ-->MG,SZ-->MG
MW,MWI,Malawi,Lilongwe,Africa,Eastern Africa,,MW-->SZ,MW-->SZ,MW-->SZ,MW-->SZ,MW-->SZ,MW-->SZ,MW-->SZ,MW-->SZ,MW-->SZ,MW-->SZ,MW-->SZ,MW-->SZ,MW-->SZ,MW-->SZ,MW-->SZ,MW-->SZ,MW-->SZ,MW-->SZ,MW-->SZ,,,,,,,,,,,,,,,,,SZ-->MW,SZ-->MW,SZ-->MW,SZ-->MW,SZ-->MW,SZ-->MW,SZ-->MW,SZ-->MW,SZ-->MW,SZ-->MW,SZ-->MW,SZ-->MW,SZ-->MW,SZ-->MW,SZ-->MW,SZ-->MW,SZ-->MW,SZ-->MW,SZ-->MW
MY,MYS,Malaysia,Kuala Lumpur,Asia,South-Eastern Asia,,MY-->SZ,MY-->SZ,MY-->SZ,MY-->SZ,MY-->SZ,MY-->SZ,MY-->SZ,MY-->SZ,MY-->SZ,MY-->SZ,MY-->SZ,MY-->SZ,MY-->SZ,MY-->SZ,MY-->SZ,MY-->SZ,MY-->SZ,MY-->SZ,MY-->SZ,,,,,,,,,,,,,,,,,SZ-->MY,SZ-->MY,SZ-->MY,SZ-->MY,SZ-->MY,SZ-->MY,SZ-->MY,SZ-->MY,SZ-->MY,SZ-->MY,SZ-->MY,SZ-->MY,SZ-->MY,SZ-->MY,SZ-->MY,SZ-->MY,SZ-->MY,SZ-->MY,SZ-->MY
MV,MDV,Maldives,Malé,Asia,Southern Asia,,MV-->SZ,MV-->SZ,MV-->SZ,MV-->SZ,MV-->SZ,MV-->SZ,MV-->SZ,MV-->SZ,MV-->SZ,MV-->SZ,MV-->SZ,MV-->SZ,MV-->SZ,MV-->SZ,MV-->SZ,MV-->SZ,MV-->SZ,MV-->SZ,MV-->SZ,,,,,,,,,,,,,,,,,SZ-->MV,SZ-->MV,SZ-->MV,SZ-->MV,SZ-->MV,SZ-->MV,SZ-->MV,SZ-->MV,SZ-->MV,SZ-->MV,SZ-->MV,SZ-->MV,SZ-->MV,SZ-->MV,SZ-->MV,SZ-->MV,SZ-->MV,SZ-->MV,SZ-->MV
ML,MLI,Mali,Bamako,Africa,Western Africa,,ML-->SZ,ML-->SZ,ML-->SZ,ML-->SZ,ML-->SZ,ML-->SZ,ML-->SZ,ML-->SZ,ML-->SZ,ML-->SZ,ML-->SZ,ML-->SZ,ML-->SZ,ML-->SZ,ML-->SZ,ML-->SZ,ML-->SZ,ML-->SZ,ML-->SZ,,,,,,,,,,,,,,,,,SZ-->ML,SZ-->ML,SZ-->ML,SZ-->ML,SZ-->ML,SZ-->ML,SZ-->ML,SZ-->ML,SZ-->ML,SZ-->ML,SZ-->ML,SZ-->ML,SZ-->ML,SZ-->ML,SZ-->ML,SZ-->ML,SZ-->ML,SZ-->ML,SZ-->ML
MT,MLT,Malta,Valletta,Europe,Southern Europe,,MT-->SZ,MT-->SZ,MT-->SZ,MT-->SZ,MT-->SZ,MT-->SZ,MT-->SZ,MT-->SZ,MT-->SZ,MT-->SZ,MT-->SZ,MT-->SZ,MT-->SZ,MT-->SZ,MT-->SZ,MT-->SZ,MT-->SZ,MT-->SZ,MT-->SZ,,,,,,,,,,,,,,,,,SZ-->MT,SZ-->MT,SZ-->MT,SZ-->MT,SZ-->MT,SZ-->MT,SZ-->MT,SZ-->MT,SZ-->MT,SZ-->MT,SZ-->MT,SZ-->MT,SZ-->MT,SZ-->MT,SZ-->MT,SZ-->MT,SZ-->MT,SZ-->MT,SZ-->MT
MH,MHL,Marshall Islands,Majuro,Oceania,Micronesia,,MH-->SZ,MH-->SZ,MH-->SZ,MH-->SZ,MH-->SZ,MH-->SZ,MH-->SZ,MH-->SZ,MH-->SZ,MH-->SZ,MH-->SZ,MH-->SZ,MH-->SZ,MH-->SZ,MH-->SZ,MH-->SZ,MH-->SZ,MH-->SZ,MH-->SZ,,,,,,,,,,,,,,,,,SZ-->MH,SZ-->MH,SZ-->MH,SZ-->MH,SZ-->MH,SZ-->MH,SZ-->MH,SZ-->MH,SZ-->MH,SZ-->MH,SZ-->MH,SZ-->MH,SZ-->MH,SZ-->MH,SZ-->MH,SZ-->MH,SZ-->MH,SZ-->MH,SZ-->MH
MQ,MTQ,Martinique,Fort-de-France,Americas,Caribbean,,MQ-->SZ,MQ-->SZ,MQ-->SZ,MQ-->SZ,MQ-->SZ,MQ-->SZ,MQ-->SZ,MQ-->SZ,MQ-->SZ,MQ-->SZ,MQ-->SZ,MQ-->SZ,MQ-->SZ,MQ-->SZ,MQ-->SZ,MQ-->SZ,MQ-->SZ,MQ-->SZ,MQ-->SZ,,,,,,,,,,,,,,,,,SZ-->MQ,SZ-->MQ,SZ-->MQ,SZ-->MQ,SZ-->MQ,SZ-->MQ,SZ-->MQ,SZ-->MQ,SZ-->MQ,SZ-->MQ,SZ-->MQ,SZ-->MQ,SZ-->MQ,SZ-->MQ,SZ-->MQ,SZ-->MQ,SZ-->MQ,SZ-->MQ,SZ-->MQ
MR,MRT,Mauritania,Nouakchott,Africa,Western Africa,,MR-->SZ,MR-->SZ,MR-->SZ,MR-->SZ,MR-->SZ,MR-->SZ,MR-->SZ,MR-->SZ,MR-->SZ,MR-->SZ,MR-->SZ,MR-->SZ,MR-->SZ,MR-->SZ,MR-->SZ,MR-->SZ,MR-->SZ,MR-->SZ,MR-->SZ,0.0,,,,,,,,,,,,,,,,SZ-->MR,SZ-->MR,SZ-->MR,SZ-->MR,SZ-->MR,SZ-->MR,SZ-->MR,SZ-->MR,SZ-->MR,SZ-->MR,SZ-->MR,SZ-->MR,SZ-->MR,SZ-->MR,SZ-->MR,SZ-->MR,SZ-->MR,SZ-->MR,SZ-->MR
MU,MUS,Mauritius,Port Louis,Africa,Eastern Africa,,MU-->SZ,MU-->SZ,MU-->SZ,MU-->SZ,MU-->SZ,MU-->SZ,MU-->SZ,MU-->SZ,MU-->SZ,MU-->SZ,MU-->SZ,MU-->SZ,MU-->SZ,MU-->SZ,MU-->SZ,MU-->SZ,MU-->SZ,MU-->SZ,MU-->SZ,,,,,,,,,,,,,,,,,SZ-->MU,SZ-->MU,SZ-->MU,SZ-->MU,SZ-->MU,SZ-->MU,SZ-->MU,SZ-->MU,SZ-->MU,SZ-->MU,SZ-->MU,SZ-->MU,SZ-->MU,SZ-->MU,SZ-->MU,SZ-->MU,SZ-->MU,SZ-->MU,SZ-->MU
YT,MYT,Mayotte,Mamoudzou,Africa,Eastern Africa,,YT-->SZ,YT-->SZ,YT-->SZ,YT-->SZ,YT-->SZ,YT-->SZ,YT-->SZ,YT-->SZ,YT-->SZ,YT-->SZ,YT-->SZ,YT-->SZ,YT-->SZ,YT-->SZ,YT-->SZ,YT-->SZ,YT-->SZ,YT-->SZ,YT-->SZ,,,,,,,,,,,,,,,,,SZ-->YT,SZ-->YT,SZ-->YT,SZ-->YT,SZ-->YT,SZ-->YT,SZ-->YT,SZ-->YT,SZ-->YT,SZ-->YT,SZ-->YT,SZ-->YT,SZ-->YT,SZ-->YT,SZ-->YT,SZ-->YT,SZ-->YT,SZ-->YT,SZ-->YT
MX,MEX,Mexico,Mexico City,Americas,Central America,,MX-->SZ,MX-->SZ,MX-->SZ,MX-->SZ,MX-->SZ,MX-->SZ,MX-->SZ,MX-->SZ,MX-->SZ,MX-->SZ,MX-->SZ,MX-->SZ,MX-->SZ,MX-->SZ,MX-->SZ,MX-->SZ,MX-->SZ,MX-->SZ,MX-->SZ,,,,,,,,,,,,,,,,,SZ-->MX,SZ-->MX,SZ-->MX,SZ-->MX,SZ-->MX,SZ-->MX,SZ-->MX,SZ-->MX,SZ-->MX,SZ-->MX,SZ-->MX,SZ-->MX,SZ-->MX,SZ-->MX,SZ-->MX,SZ-->MX,SZ-->MX,SZ-->MX,SZ-->MX
FM,FSM,Federated States of Micronesia,Palikir,Oceania,Micronesia,,FM-->SZ,FM-->SZ,FM-->SZ,FM-->SZ,FM-->SZ,FM-->SZ,FM-->SZ,FM-->SZ,FM-->SZ,FM-->SZ,FM-->SZ,FM-->SZ,FM-->SZ,FM-->SZ,FM-->SZ,FM-->SZ,FM-->SZ,FM-->SZ,FM-->SZ,,,,,,,,,,,,,,,,,SZ-->FM,SZ-->FM,SZ-->FM,SZ-->FM,SZ-->FM,SZ-->FM,SZ-->FM,SZ-->FM,SZ-->FM,SZ-->FM,SZ-->FM,SZ-->FM,SZ-->FM,SZ-->FM,SZ-->FM,SZ-->FM,SZ-->FM,SZ-->FM,SZ-->FM
MD,MDA,Moldova,Chișinău,Europe,Eastern Europe,,MD-->SZ,MD-->SZ,MD-->SZ,MD-->SZ,MD-->SZ,MD-->SZ,MD-->SZ,MD-->SZ,MD-->SZ,MD-->SZ,MD-->SZ,MD-->SZ,MD-->SZ,MD-->SZ,MD-->SZ,MD-->SZ,MD-->SZ,MD-->SZ,MD-->SZ,,,,,,,,,,,,,,,,,SZ-->MD,SZ-->MD,SZ-->MD,SZ-->MD,SZ-->MD,SZ-->MD,SZ-->MD,SZ-->MD,SZ-->MD,SZ-->MD,SZ-->MD,SZ-->MD,SZ-->MD,SZ-->MD,SZ-->MD,SZ-->MD,SZ-->MD,SZ-->MD,SZ-->MD
MC,MCO,Monaco,Monaco,Europe,Western Europe,,MC-->SZ,MC-->SZ,MC-->SZ,MC-->SZ,MC-->SZ,MC-->SZ,MC-->SZ,MC-->SZ,MC-->SZ,MC-->SZ,MC-->SZ,MC-->SZ,MC-->SZ,MC-->SZ,MC-->SZ,MC-->SZ,MC-->SZ,MC-->SZ,MC-->SZ,,,,,,,,,,,,,,,,,SZ-->MC,SZ-->MC,SZ-->MC,SZ-->MC,SZ-->MC,SZ-->MC,SZ-->MC,SZ-->MC,SZ-->MC,SZ-->MC,SZ-->MC,SZ-->MC,SZ-->MC,SZ-->MC,SZ-->MC,SZ-->MC,SZ-->MC,SZ-->MC,SZ-->MC
MN,MNG,Mongolia,Ulan Bator,Asia,Eastern Asia,,MN-->SZ,MN-->SZ,MN-->SZ,MN-->SZ,MN-->SZ,MN-->SZ,MN-->SZ,MN-->SZ,MN-->SZ,MN-->SZ,MN-->SZ,MN-->SZ,MN-->SZ,MN-->SZ,MN-->SZ,MN-->SZ,MN-->SZ,MN-->SZ,MN-->SZ,,,,,,,,,,,,,,,,,SZ-->MN,SZ-->MN,SZ-->MN,SZ-->MN,SZ-->MN,SZ-->MN,SZ-->MN,SZ-->MN,SZ-->MN,SZ-->MN,SZ-->MN,SZ-->MN,SZ-->MN,SZ-->MN,SZ-->MN,SZ-->MN,SZ-->MN,SZ-->MN,SZ-->MN
ME,MNE,Montenegro,Podgorica,Europe,Southern Europe,,ME-->SZ,ME-->SZ,ME-->SZ,ME-->SZ,ME-->SZ,ME-->SZ,ME-->SZ,ME-->SZ,ME-->SZ,ME-->SZ,ME-->SZ,ME-->SZ,ME-->SZ,ME-->SZ,ME-->SZ,ME-->SZ,ME-->SZ,ME-->SZ,ME-->SZ,,,,,,,,,,,,,,,,,SZ-->ME,SZ-->ME,SZ-->ME,SZ-->ME,SZ-->ME,SZ-->ME,SZ-->ME,SZ-->ME,SZ-->ME,SZ-->ME,SZ-->ME,SZ-->ME,SZ-->ME,SZ-->ME,SZ-->ME,SZ-->ME,SZ-->ME,SZ-->ME,SZ-->ME
MS,MSR,Montserrat,Plymouth,Americas,Caribbean,,MS-->SZ,MS-->SZ,MS-->SZ,MS-->SZ,MS-->SZ,MS-->SZ,MS-->SZ,MS-->SZ,MS-->SZ,MS-->SZ,MS-->SZ,MS-->SZ,MS-->SZ,MS-->SZ,MS-->SZ,MS-->SZ,MS-->SZ,MS-->SZ,MS-->SZ,,,,,,,,,,,,,,,,,SZ-->MS,SZ-->MS,SZ-->MS,SZ-->MS,SZ-->MS,SZ-->MS,SZ-->MS,SZ-->MS,SZ-->MS,SZ-->MS,SZ-->MS,SZ-->MS,SZ-->MS,SZ-->MS,SZ-->MS,SZ-->MS,SZ-->MS,SZ-->MS,SZ-->MS
MA,MAR,Morocco,Rabat,Africa,Northern Africa,,MA-->SZ,MA-->SZ,MA-->SZ,MA-->SZ,MA-->SZ,MA-->SZ,MA-->SZ,MA-->SZ,MA-->SZ,MA-->SZ,MA-->SZ,MA-->SZ,MA-->SZ,MA-->SZ,MA-->SZ,MA-->SZ,MA-->SZ,MA-->SZ,MA-->SZ,,,,,,,,,,,,,,,,,SZ-->MA,SZ-->MA,SZ-->MA,SZ-->MA,SZ-->MA,SZ-->MA,SZ-->MA,SZ-->MA,SZ-->MA,SZ-->MA,SZ-->MA,SZ-->MA,SZ-->MA,SZ-->MA,SZ-->MA,SZ-->MA,SZ-->MA,SZ-->MA,SZ-->MA
MZ,MOZ,Mozambique,Maputo,Africa,Eastern Africa,,MZ-->SZ,MZ-->SZ,MZ-->SZ,MZ-->SZ,MZ-->SZ,MZ-->SZ,MZ-->SZ,MZ-->SZ,MZ-->SZ,MZ-->SZ,MZ-->SZ,MZ-->SZ,MZ-->SZ,MZ-->SZ,MZ-->SZ,MZ-->SZ,MZ-->SZ,MZ-->SZ,MZ-->SZ,,,,,,,,,,,,,,,,,SZ-->MZ,SZ-->MZ,SZ-->MZ,SZ-->MZ,SZ-->MZ,SZ-->MZ,SZ-->MZ,SZ-->MZ,SZ-->MZ,SZ-->MZ,SZ-->MZ,SZ-->MZ,SZ-->MZ,SZ-->MZ,SZ-->MZ,SZ-->MZ,SZ-->MZ,SZ-->MZ,SZ-->MZ
MM,MMR,Myanmar,Naypyidaw,Asia,South-Eastern Asia,,MM-->SZ,MM-->SZ,MM-->SZ,MM-->SZ,MM-->SZ,MM-->SZ,MM-->SZ,MM-->SZ,MM-->SZ,MM-->SZ,MM-->SZ,MM-->SZ,MM-->SZ,MM-->SZ,MM-->SZ,MM-->SZ,MM-->SZ,MM-->SZ,MM-->SZ,,,,,,,,,,,,,,,,,SZ-->MM,SZ-->MM,SZ-->MM,SZ-->MM,SZ-->MM,SZ-->MM,SZ-->MM,SZ-->MM,SZ-->MM,SZ-->MM,SZ-->MM,SZ-->MM,SZ-->MM,SZ-->MM,SZ-->MM,SZ-->MM,SZ-->MM,SZ-->MM,SZ-->MM
,NAM,Namibia,Windhoek,Africa,Southern Africa,,NA-->SZ,NA-->SZ,NA-->SZ,NA-->SZ,NA-->SZ,NA-->SZ,NA-->SZ,NA-->SZ,NA-->SZ,NA-->SZ,NA-->SZ,NA-->SZ,NA-->SZ,NA-->SZ,NA-->SZ,NA-->SZ,NA-->SZ,NA-->SZ,NA-->SZ,,,,,,,,,,,,,,,,,SZ-->NA,SZ-->NA,SZ-->NA,SZ-->NA,SZ-->NA,SZ-->NA,SZ-->NA,SZ-->NA,SZ-->NA,SZ-->NA,SZ-->NA,SZ-->NA,SZ-->NA,SZ-->NA,SZ-->NA,SZ-->NA,SZ-->NA,SZ-->NA,SZ-->NA
NR,NRU,Nauru,Yaren,Oceania,Micronesia,,NR-->SZ,NR-->SZ,NR-->SZ,NR-->SZ,NR-->SZ,NR-->SZ,NR-->SZ,NR-->SZ,NR-->SZ,NR-->SZ,NR-->SZ,NR-->SZ,NR-->SZ,NR-->SZ,NR-->SZ,NR-->SZ,NR-->SZ,NR-->SZ,NR-->SZ,,,,,,,,,,,,,,,,,SZ-->NR,SZ-->NR,SZ-->NR,SZ-->NR,SZ-->NR,SZ-->NR,SZ-->NR,SZ-->NR,SZ-->NR,SZ-->NR,SZ-->NR,SZ-->NR,SZ-->NR,SZ-->NR,SZ-->NR,SZ-->NR,SZ-->NR,SZ-->NR,SZ-->NR
NP,NPL,Nepal,Kathmandu,Asia,Southern Asia,,NP-->SZ,NP-->SZ,NP-->SZ,NP-->SZ,NP-->SZ,NP-->SZ,NP-->SZ,NP-->SZ,NP-->SZ,NP-->SZ,NP-->SZ,NP-->SZ,NP-->SZ,NP-->SZ,NP-->SZ,NP-->SZ,NP-->SZ,NP-->SZ,NP-->SZ,,,,,,,,,,,,,,,,,SZ-->NP,SZ-->NP,SZ-->NP,SZ-->NP,SZ-->NP,SZ-->NP,SZ-->NP,SZ-->NP,SZ-->NP,SZ-->NP,SZ-->NP,SZ-->NP,SZ-->NP,SZ-->NP,SZ-->NP,SZ-->NP,SZ-->NP,SZ-->NP,SZ-->NP
NL,NLD,Netherlands,Amsterdam,Europe,Western Europe,,NL-->SZ,NL-->SZ,NL-->SZ,NL-->SZ,NL-->SZ,NL-->SZ,NL-->SZ,NL-->SZ,NL-->SZ,NL-->SZ,NL-->SZ,NL-->SZ,NL-->SZ,NL-->SZ,NL-->SZ,NL-->SZ,NL-->SZ,NL-->SZ,NL-->SZ,,,,,,,,,,,,,,,,,SZ-->NL,SZ-->NL,SZ-->NL,SZ-->NL,SZ-->NL,SZ-->NL,SZ-->NL,SZ-->NL,SZ-->NL,SZ-->NL,SZ-->NL,SZ-->NL,SZ-->NL,SZ-->NL,SZ-->NL,SZ-->NL,SZ-->NL,SZ-->NL,SZ-->NL
NC,NCL,New Caledonia,Nouméa,Oceania,Melanesia,,NC-->SZ,NC-->SZ,NC-->SZ,NC-->SZ,NC-->SZ,NC-->SZ,NC-->SZ,NC-->SZ,NC-->SZ,NC-->SZ,NC-->SZ,NC-->SZ,NC-->SZ,NC-->SZ,NC-->SZ,NC-->SZ,NC-->SZ,NC-->SZ,NC-->SZ,,,,,,,,,,,,,,,,,SZ-->NC,SZ-->NC,SZ-->NC,SZ-->NC,SZ-->NC,SZ-->NC,SZ-->NC,SZ-->NC,SZ-->NC,SZ-->NC,SZ-->NC,SZ-->NC,SZ-->NC,SZ-->NC,SZ-->NC,SZ-->NC,SZ-->NC,SZ-->NC,SZ-->NC
NZ,NZL,New Zealand,Wellington,Oceania,Australia and New Zealand,,NZ-->SZ,NZ-->SZ,NZ-->SZ,NZ-->SZ,NZ-->SZ,NZ-->SZ,NZ-->SZ,NZ-->SZ,NZ-->SZ,NZ-->SZ,NZ-->SZ,NZ-->SZ,NZ-->SZ,NZ-->SZ,NZ-->SZ,NZ-->SZ,NZ-->SZ,NZ-->SZ,NZ-->SZ,,,,,,,,,,,,,,,,,SZ-->NZ,SZ-->NZ,SZ-->NZ,SZ-->NZ,SZ-->NZ,SZ-->NZ,SZ-->NZ,SZ-->NZ,SZ-->NZ,SZ-->NZ,SZ-->NZ,SZ-->NZ,SZ-->NZ,SZ-->NZ,SZ-->NZ,SZ-->NZ,SZ-->NZ,SZ-->NZ,SZ-->NZ
NI,NIC,Nicaragua,Managua,Americas,Central America,,NI-->SZ,NI-->SZ,NI-->SZ,NI-->SZ,NI-->SZ,NI-->SZ,NI-->SZ,NI-->SZ,NI-->SZ,NI-->SZ,NI-->SZ,NI-->SZ,NI-->SZ,NI-->SZ,NI-->SZ,NI-->SZ,NI-->SZ,NI-->SZ,NI-->SZ,,,,,,,,,,,,,,,,,SZ-->NI,SZ-->NI,SZ-->NI,SZ-->NI,SZ-->NI,SZ-->NI,SZ-->NI,SZ-->NI,SZ-->NI,SZ-->NI,SZ-->NI,SZ-->NI,SZ-->NI,SZ-->NI,SZ-->NI,SZ-->NI,SZ-->NI,SZ-->NI,SZ-->NI
NE,NER,Niger,Niamey,Africa,Western Africa,,NE-->SZ,NE-->SZ,NE-->SZ,NE-->SZ,NE-->SZ,NE-->SZ,NE-->SZ,NE-->SZ,NE-->SZ,NE-->SZ,NE-->SZ,NE-->SZ,NE-->SZ,NE-->SZ,NE-->SZ,NE-->SZ,NE-->SZ,NE-->SZ,NE-->SZ,,,,,,,,,,,,,,,,,SZ-->NE,SZ-->NE,SZ-->NE,SZ-->NE,SZ-->NE,SZ-->NE,SZ-->NE,SZ-->NE,SZ-->NE,SZ-->NE,SZ-->NE,SZ-->NE,SZ-->NE,SZ-->NE,SZ-->NE,SZ-->NE,SZ-->NE,SZ-->NE,SZ-->NE
NG,NGA,Nigeria,Abuja,Africa,Western Africa,,NG-->SZ,NG-->SZ,NG-->SZ,NG-->SZ,NG-->SZ,NG-->SZ,NG-->SZ,NG-->SZ,NG-->SZ,NG-->SZ,NG-->SZ,NG-->SZ,NG-->SZ,NG-->SZ,NG-->SZ,NG-->SZ,NG-->SZ,NG-->SZ,NG-->SZ,,,,,,,,,,,,,,,,,SZ-->NG,SZ-->NG,SZ-->NG,SZ-->NG,SZ-->NG,SZ-->NG,SZ-->NG,SZ-->NG,SZ-->NG,SZ-->NG,SZ-->NG,SZ-->NG,SZ-->NG,SZ-->NG,SZ-->NG,SZ-->NG,SZ-->NG,SZ-->NG,SZ-->NG
NU,NIU,Niue,Alofi,Oceania,Polynesia,,NU-->SZ,NU-->SZ,NU-->SZ,NU-->SZ,NU-->SZ,NU-->SZ,NU-->SZ,NU-->SZ,NU-->SZ,NU-->SZ,NU-->SZ,NU-->SZ,NU-->SZ,NU-->SZ,NU-->SZ,NU-->SZ,NU-->SZ,NU-->SZ,NU-->SZ,,,,,,,,,,,,,,,,,SZ-->NU,SZ-->NU,SZ-->NU,SZ-->NU,SZ-->NU,SZ-->NU,SZ-->NU,SZ-->NU,SZ-->NU,SZ-->NU,SZ-->NU,SZ-->NU,SZ-->NU,SZ-->NU,SZ-->NU,SZ-->NU,SZ-->NU,SZ-->NU,SZ-->NU
NF,NFK,Norfolk Island,Kingston,Oceania,Australia and New Zealand,,NF-->SZ,NF-->SZ,NF-->SZ,NF-->SZ,NF-->SZ,NF-->SZ,NF-->SZ,NF-->SZ,NF-->SZ,NF-->SZ,NF-->SZ,NF-->SZ,NF-->SZ,NF-->SZ,NF-->SZ,NF-->SZ,NF-->SZ,NF-->SZ,NF-->SZ,,,,,,,,,,,,,,,,,SZ-->NF,SZ-->NF,SZ-->NF,SZ-->NF,SZ-->NF,SZ-->NF,SZ-->NF,SZ-->NF,SZ-->NF,SZ-->NF,SZ-->NF,SZ-->NF,SZ-->NF,SZ-->NF,SZ-->NF,SZ-->NF,SZ-->NF,SZ-->NF,SZ-->NF
KP,PRK,North Korea,Pyongyang,Asia,Eastern Asia,,KP-->SZ,KP-->SZ,KP-->SZ,KP-->SZ,KP-->SZ,KP-->SZ,KP-->SZ,KP-->SZ,KP-->SZ,KP-->SZ,KP-->SZ,KP-->SZ,KP-->SZ,KP-->SZ,KP-->SZ,KP-->SZ,KP-->SZ,KP-->SZ,KP-->SZ,,,,,,,,,,,,,,,,,SZ-->KP,SZ-->KP,SZ-->KP,SZ-->KP,SZ-->KP,SZ-->KP,SZ-->KP,SZ-->KP,SZ-->KP,SZ-->KP,SZ-->KP,SZ-->KP,SZ-->KP,SZ-->KP,SZ-->KP,SZ-->KP,SZ-->KP,SZ-->KP,SZ-->KP
MP,MNP,Northern Mariana Islands,Saipan,Oceania,Micronesia,,MP-->SZ,MP-->SZ,MP-->SZ,MP-->SZ,MP-->SZ,MP-->SZ,MP-->SZ,MP-->SZ,MP-->SZ,MP-->SZ,MP-->SZ,MP-->SZ,MP-->SZ,MP-->SZ,MP-->SZ,MP-->SZ,MP-->SZ,MP-->SZ,MP-->SZ,,,,,,,,,,,,,,,,,SZ-->MP,SZ-->MP,SZ-->MP,SZ-->MP,SZ-->MP,SZ-->MP,SZ-->MP,SZ-->MP,SZ-->MP,SZ-->MP,SZ-->MP,SZ-->MP,SZ-->MP,SZ-->MP,SZ-->MP,SZ-->MP,SZ-->MP,SZ-->MP,SZ-->MP
NO,NOR,Norway,Oslo,Europe,Northern Europe,,NO-->SZ,NO-->SZ,NO-->SZ,NO-->SZ,NO-->SZ,NO-->SZ,NO-->SZ,NO-->SZ,NO-->SZ,NO-->SZ,NO-->SZ,NO-->SZ,NO-->SZ,NO-->SZ,NO-->SZ,NO-->SZ,NO-->SZ,NO-->SZ,NO-->SZ,,,,,,,,,,,,,,,,,SZ-->NO,SZ-->NO,SZ-->NO,SZ-->NO,SZ-->NO,SZ-->NO,SZ-->NO,SZ-->NO,SZ-->NO,SZ-->NO,SZ-->NO,SZ-->NO,SZ-->NO,SZ-->NO,SZ-->NO,SZ-->NO,SZ-->NO,SZ-->NO,SZ-->NO
OM,OMN,Oman,Muscat,Asia,Western Asia,,OM-->SZ,OM-->SZ,OM-->SZ,OM-->SZ,OM-->SZ,OM-->SZ,OM-->SZ,OM-->SZ,OM-->SZ,OM-->SZ,OM-->SZ,OM-->SZ,OM-->SZ,OM-->SZ,OM-->SZ,OM-->SZ,OM-->SZ,OM-->SZ,OM-->SZ,,,,,,,,,,,,,,,,,SZ-->OM,SZ-->OM,SZ-->OM,SZ-->OM,SZ-->OM,SZ-->OM,SZ-->OM,SZ-->OM,SZ-->OM,SZ-->OM,SZ-->OM,SZ-->OM,SZ-->OM,SZ-->OM,SZ-->OM,SZ-->OM,SZ-->OM,SZ-->OM,SZ-->OM
PK,PAK,Pakistan,Islamabad,Asia,Southern Asia,,PK-->SZ,PK-->SZ,PK-->SZ,PK-->SZ,PK-->SZ,PK-->SZ,PK-->SZ,PK-->SZ,PK-->SZ,PK-->SZ,PK-->SZ,PK-->SZ,PK-->SZ,PK-->SZ,PK-->SZ,PK-->SZ,PK-->SZ,PK-->SZ,PK-->SZ,,,,,,,,,,,,,,,,,SZ-->PK,SZ-->PK,SZ-->PK,SZ-->PK,SZ-->PK,SZ-->PK,SZ-->PK,SZ-->PK,SZ-->PK,SZ-->PK,SZ-->PK,SZ-->PK,SZ-->PK,SZ-->PK,SZ-->PK,SZ-->PK,SZ-->PK,SZ-->PK,SZ-->PK
PW,PLW,Palau,Ngerulmud,Oceania,Micronesia,,PW-->SZ,PW-->SZ,PW-->SZ,PW-->SZ,PW-->SZ,PW-->SZ,PW-->SZ,PW-->SZ,PW-->SZ,PW-->SZ,PW-->SZ,PW-->SZ,PW-->SZ,PW-->SZ,PW-->SZ,PW-->SZ,PW-->SZ,PW-->SZ,PW-->SZ,,,,,,,,,,,,,,,,,SZ-->PW,SZ-->PW,SZ-->PW,SZ-->PW,SZ-->PW,SZ-->PW,SZ-->PW,SZ-->PW,SZ-->PW,SZ-->PW,SZ-->PW,SZ-->PW,SZ-->PW,SZ-->PW,SZ-->PW,SZ-->PW,SZ-->PW,SZ-->PW,SZ-->PW
PS,PSE,Palestine,Ramallah,Asia,Western Asia,,PS-->SZ,PS-->SZ,PS-->SZ,PS-->SZ,PS-->SZ,PS-->SZ,PS-->SZ,PS-->SZ,PS-->SZ,PS-->SZ,PS-->SZ,PS-->SZ,PS-->SZ,PS-->SZ,PS-->SZ,PS-->SZ,PS-->SZ,PS-->SZ,PS-->SZ,,,,,,,,,,,,,,,,,SZ-->PS,SZ-->PS,SZ-->PS,SZ-->PS,SZ-->PS,SZ-->PS,SZ-->PS,SZ-->PS,SZ-->PS,SZ-->PS,SZ-->PS,SZ-->PS,SZ-->PS,SZ-->PS,SZ-->PS,SZ-->PS,SZ-->PS,SZ-->PS,SZ-->PS
PA,PAN,Panama,Panama City,Americas,Central America,,PA-->SZ,PA-->SZ,PA-->SZ,PA-->SZ,PA-->SZ,PA-->SZ,PA-->SZ,PA-->SZ,PA-->SZ,PA-->SZ,PA-->SZ,PA-->SZ,PA-->SZ,PA-->SZ,PA-->SZ,PA-->SZ,PA-->SZ,PA-->SZ,PA-->SZ,,,,,,,,,,,,,,,,,SZ-->PA,SZ-->PA,SZ-->PA,SZ-->PA,SZ-->PA,SZ-->PA,SZ-->PA,SZ-->PA,SZ-->PA,SZ-->PA,SZ-->PA,SZ-->PA,SZ-->PA,SZ-->PA,SZ-->PA,SZ-->PA,SZ-->PA,SZ-->PA,SZ-->PA
PG,PNG,Papua New Guinea,Port Moresby,Oceania,Melanesia,,PG-->SZ,PG-->SZ,PG-->SZ,PG-->SZ,PG-->SZ,PG-->SZ,PG-->SZ,PG-->SZ,PG-->SZ,PG-->SZ,PG-->SZ,PG-->SZ,PG-->SZ,PG-->SZ,PG-->SZ,PG-->SZ,PG-->SZ,PG-->SZ,PG-->SZ,,,,,,,,,,,,,,,,,SZ-->PG,SZ-->PG,SZ-->PG,SZ-->PG,SZ-->PG,SZ-->PG,SZ-->PG,SZ-->PG,SZ-->PG,SZ-->PG,SZ-->PG,SZ-->PG,SZ-->PG,SZ-->PG,SZ-->PG,SZ-->PG,SZ-->PG,SZ-->PG,SZ-->PG
PY,PRY,Paraguay,Asunción,Americas,South America,,PY-->SZ,PY-->SZ,PY-->SZ,PY-->SZ,PY-->SZ,PY-->SZ,PY-->SZ,PY-->SZ,PY-->SZ,PY-->SZ,PY-->SZ,PY-->SZ,PY-->SZ,PY-->SZ,PY-->SZ,PY-->SZ,PY-->SZ,PY-->SZ,PY-->SZ,,,,,,,,,,,,,,,,,SZ-->PY,SZ-->PY,SZ-->PY,SZ-->PY,SZ-->PY,SZ-->PY,SZ-->PY,SZ-->PY,SZ-->PY,SZ-->PY,SZ-->PY,SZ-->PY,SZ-->PY,SZ-->PY,SZ-->PY,SZ-->PY,SZ-->PY,SZ-->PY,SZ-->PY
PE,PER,Peru,Lima,Americas,South America,,PE-->SZ,PE-->SZ,PE-->SZ,PE-->SZ,PE-->SZ,PE-->SZ,PE-->SZ,PE-->SZ,PE-->SZ,PE-->SZ,PE-->SZ,PE-->SZ,PE-->SZ,PE-->SZ,PE-->SZ,PE-->SZ,PE-->SZ,PE-->SZ,PE-->SZ,,,,,,,,,,,,,,,,,SZ-->PE,SZ-->PE,SZ-->PE,SZ-->PE,SZ-->PE,SZ-->PE,SZ-->PE,SZ-->PE,SZ-->PE,SZ-->PE,SZ-->PE,SZ-->PE,SZ-->PE,SZ-->PE,SZ-->PE,SZ-->PE,SZ-->PE,SZ-->PE,SZ-->PE
PH,PHL,Philippines,Manila,Asia,South-Eastern Asia,,PH-->SZ,PH-->SZ,PH-->SZ,PH-->SZ,PH-->SZ,PH-->SZ,PH-->SZ,PH-->SZ,PH-->SZ,PH-->SZ,PH-->SZ,PH-->SZ,PH-->SZ,PH-->SZ,PH-->SZ,PH-->SZ,PH-->SZ,PH-->SZ,PH-->SZ,,,,,,,,,,,,,,,,,SZ-->PH,SZ-->PH,SZ-->PH,SZ-->PH,SZ-->PH,SZ-->PH,SZ-->PH,SZ-->PH,SZ-->PH,SZ-->PH,SZ-->PH,SZ-->PH,SZ-->PH,SZ-->PH,SZ-->PH,SZ-->PH,SZ-->PH,SZ-->PH,SZ-->PH
PN,PCN,Pitcairn Islands,Adamstown,Oceania,Polynesia,,PN-->SZ,PN-->SZ,PN-->SZ,PN-->SZ,PN-->SZ,PN-->SZ,PN-->SZ,PN-->SZ,PN-->SZ,PN-->SZ,PN-->SZ,PN-->SZ,PN-->SZ,PN-->SZ,PN-->SZ,PN-->SZ,PN-->SZ,PN-->SZ,PN-->SZ,,,,,,,,,,,,,,,,,SZ-->PN,SZ-->PN,SZ-->PN,SZ-->PN,SZ-->PN,SZ-->PN,SZ-->PN,SZ-->PN,SZ-->PN,SZ-->PN,SZ-->PN,SZ-->PN,SZ-->PN,SZ-->PN,SZ-->PN,SZ-->PN,SZ-->PN,SZ-->PN,SZ-->PN
PL,POL,Poland,Warsaw,Europe,Eastern Europe,,PL-->SZ,PL-->SZ,PL-->SZ,PL-->SZ,PL-->SZ,PL-->SZ,PL-->SZ,PL-->SZ,PL-->SZ,PL-->SZ,PL-->SZ,PL-->SZ,PL-->SZ,PL-->SZ,PL-->SZ,PL-->SZ,PL-->SZ,PL-->SZ,PL-->SZ,,,,,,,,,,,,,,,,,SZ-->PL,SZ-->PL,SZ-->PL,SZ-->PL,SZ-->PL,SZ-->PL,SZ-->PL,SZ-->PL,SZ-->PL,SZ-->PL,SZ-->PL,SZ-->PL,SZ-->PL,SZ-->PL,SZ-->PL,SZ-->PL,SZ-->PL,SZ-->PL,SZ-->PL
PT,PRT,Portugal,Lisbon,Europe,Southern Europe,,PT-->SZ,PT-->SZ,PT-->SZ,PT-->SZ,PT-->SZ,PT-->SZ,PT-->SZ,PT-->SZ,PT-->SZ,PT-->SZ,PT-->SZ,PT-->SZ,PT-->SZ,PT-->SZ,PT-->SZ,PT-->SZ,PT-->SZ,PT-->SZ,PT-->SZ,,,,,,,,,,,,,,,,,SZ-->PT,SZ-->PT,SZ-->PT,SZ-->PT,SZ-->PT,SZ-->PT,SZ-->PT,SZ-->PT,SZ-->PT,SZ-->PT,SZ-->PT,SZ-->PT,SZ-->PT,SZ-->PT,SZ-->PT,SZ-->PT,SZ-->PT,SZ-->PT,SZ-->PT
PR,PRI,Puerto Rico,San Juan,Americas,Caribbean,,PR-->SZ,PR-->SZ,PR-->SZ,PR-->SZ,PR-->SZ,PR-->SZ,PR-->SZ,PR-->SZ,PR-->SZ,PR-->SZ,PR-->SZ,PR-->SZ,PR-->SZ,PR-->SZ,PR-->SZ,PR-->SZ,PR-->SZ,PR-->SZ,PR-->SZ,,,,,,,,,,,,,,,,,SZ-->PR,SZ-->PR,SZ-->PR,SZ-->PR,SZ-->PR,SZ-->PR,SZ-->PR,SZ-->PR,SZ-->PR,SZ-->PR,SZ-->PR,SZ-->PR,SZ-->PR,SZ-->PR,SZ-->PR,SZ-->PR,SZ-->PR,SZ-->PR,SZ-->PR
QA,QAT,Qatar,Doha,Asia,Western Asia,,QA-->SZ,QA-->SZ,QA-->SZ,QA-->SZ,QA-->SZ,QA-->SZ,QA-->SZ,QA-->SZ,QA-->SZ,QA-->SZ,QA-->SZ,QA-->SZ,QA-->SZ,QA-->SZ,QA-->SZ,QA-->SZ,QA-->SZ,QA-->SZ,QA-->SZ,,,,,,,,,,,,,,,,,SZ-->QA,SZ-->QA,SZ-->QA,SZ-->QA,SZ-->QA,SZ-->QA,SZ-->QA,SZ-->QA,SZ-->QA,SZ-->QA,SZ-->QA,SZ-->QA,SZ-->QA,SZ-->QA,SZ-->QA,SZ-->QA,SZ-->QA,SZ-->QA,SZ-->QA
XK,KOS,Republic of Kosovo,Pristina,Europe,Eastern Europe,,XK-->SZ,XK-->SZ,XK-->SZ,XK-->SZ,XK-->SZ,XK-->SZ,XK-->SZ,XK-->SZ,XK-->SZ,XK-->SZ,XK-->SZ,XK-->SZ,XK-->SZ,XK-->SZ,XK-->SZ,XK-->SZ,XK-->SZ,XK-->SZ,XK-->SZ,,,,,,,,,,,,,,,,,SZ-->XK,SZ-->XK,SZ-->XK,SZ-->XK,SZ-->XK,SZ-->XK,SZ-->XK,SZ-->XK,SZ-->XK,SZ-->XK,SZ-->XK,SZ-->XK,SZ-->XK,SZ-->XK,SZ-->XK,SZ-->XK,SZ-->XK,SZ-->XK,SZ-->XK
RE,REU,Réunion,Saint-Denis,Africa,Eastern Africa,,RE-->SZ,RE-->SZ,RE-->SZ,RE-->SZ,RE-->SZ,RE-->SZ,RE-->SZ,RE-->SZ,RE-->SZ,RE-->SZ,RE-->SZ,RE-->SZ,RE-->SZ,RE-->SZ,RE-->SZ,RE-->SZ,RE-->SZ,RE-->SZ,RE-->SZ,,,,,,,,,,,,,,,,,SZ-->RE,SZ-->RE,SZ-->RE,SZ-->RE,SZ-->RE,SZ-->RE,SZ-->RE,SZ-->RE,SZ-->RE,SZ-->RE,SZ-->RE,SZ-->RE,SZ-->RE,SZ-->RE,SZ-->RE,SZ-->RE,SZ-->RE,SZ-->RE,SZ-->RE
RO,ROU,Romania,Bucharest,Europe,Eastern Europe,,RO-->SZ,RO-->SZ,RO-->SZ,RO-->SZ,RO-->SZ,RO-->SZ,RO-->SZ,RO-->SZ,RO-->SZ,RO-->SZ,RO-->SZ,RO-->SZ,RO-->SZ,RO-->SZ,RO-->SZ,RO-->SZ,RO-->SZ,RO-->SZ,RO-->SZ,,,,,,,,,,,,,,,,,SZ-->RO,SZ-->RO,SZ-->RO,SZ-->RO,SZ-->RO,SZ-->RO,SZ-->RO,SZ-->RO,SZ-->RO,SZ-->RO,SZ-->RO,SZ-->RO,SZ-->RO,SZ-->RO,SZ-->RO,SZ-->RO,SZ-->RO,SZ-->RO,SZ-->RO
RU,RUS,Russia,Moscow,Europe,Eastern Europe,,RU-->SZ,RU-->SZ,RU-->SZ,RU-->SZ,RU-->SZ,RU-->SZ,RU-->SZ,RU-->SZ,RU-->SZ,RU-->SZ,RU-->SZ,RU-->SZ,RU-->SZ,RU-->SZ,RU-->SZ,RU-->SZ,RU-->SZ,RU-->SZ,RU-->SZ,,,,,,,,,,,,,,,,,SZ-->RU,SZ-->RU,SZ-->RU,SZ-->RU,SZ-->RU,SZ-->RU,SZ-->RU,SZ-->RU,SZ-->RU,SZ-->RU,SZ-->RU,SZ-->RU,SZ-->RU,SZ-->RU,SZ-->RU,SZ-->RU,SZ-->RU,SZ-->RU,SZ-->RU
RW,RWA,Rwanda,Kigali,Africa,Eastern Africa,,RW-->SZ,RW-->SZ,RW-->SZ,RW-->SZ,RW-->SZ,RW-->SZ,RW-->SZ,RW-->SZ,RW-->SZ,RW-->SZ,RW-->SZ,RW-->SZ,RW-->SZ,RW-->SZ,RW-->SZ,RW-->SZ,RW-->SZ,RW-->SZ,RW-->SZ,,,,,,,,,,,,,,,,,SZ-->RW,SZ-->RW,SZ-->RW,SZ-->RW,SZ-->RW,SZ-->RW,SZ-->RW,SZ-->RW,SZ-->RW,SZ-->RW,SZ-->RW,SZ-->RW,SZ-->RW,SZ-->RW,SZ-->RW,SZ-->RW,SZ-->RW,SZ-->RW,SZ-->RW
BL,BLM,Saint Barthélemy,Gustavia,Americas,Caribbean,,BL-->SZ,BL-->SZ,BL-->SZ,BL-->SZ,BL-->SZ,BL-->SZ,BL-->SZ,BL-->SZ,BL-->SZ,BL-->SZ,BL-->SZ,BL-->SZ,BL-->SZ,BL-->SZ,BL-->SZ,BL-->SZ,BL-->SZ,BL-->SZ,BL-->SZ,,,,,,,,,,,,,,,,,SZ-->BL,SZ-->BL,SZ-->BL,SZ-->BL,SZ-->BL,SZ-->BL,SZ-->BL,SZ-->BL,SZ-->BL,SZ-->BL,SZ-->BL,SZ-->BL,SZ-->BL,SZ-->BL,SZ-->BL,SZ-->BL,SZ-->BL,SZ-->BL,SZ-->BL
SH,SHN,Saint Helena,Jamestown,Africa,Western Africa,,SH-->SZ,SH-->SZ,SH-->SZ,SH-->SZ,SH-->SZ,SH-->SZ,SH-->SZ,SH-->SZ,SH-->SZ,SH-->SZ,SH-->SZ,SH-->SZ,SH-->SZ,SH-->SZ,SH-->SZ,SH-->SZ,SH-->SZ,SH-->SZ,SH-->SZ,,,,,,,,,,,,,,,,,SZ-->SH,SZ-->SH,SZ-->SH,SZ-->SH,SZ-->SH,SZ-->SH,SZ-->SH,SZ-->SH,SZ-->SH,SZ-->SH,SZ-->SH,SZ-->SH,SZ-->SH,SZ-->SH,SZ-->SH,SZ-->SH,SZ-->SH,SZ-->SH,SZ-->SH
KN,KNA,Saint Kitts and Nevis,Basseterre,Americas,Caribbean,,KN-->SZ,KN-->SZ,KN-->SZ,KN-->SZ,KN-->SZ,KN-->SZ,KN-->SZ,KN-->SZ,KN-->SZ,KN-->SZ,KN-->SZ,KN-->SZ,KN-->SZ,KN-->SZ,KN-->SZ,KN-->SZ,KN-->SZ,KN-->SZ,KN-->SZ,,,,,,,,,,,,,,,,,SZ-->KN,SZ-->KN,SZ-->KN,SZ-->KN,SZ-->KN,SZ-->KN,SZ-->KN,SZ-->KN,SZ-->KN,SZ-->KN,SZ-->KN,SZ-->KN,SZ-->KN,SZ-->KN,SZ-->KN,SZ-->KN,SZ-->KN,SZ-->KN,SZ-->KN
LC,LCA,Saint Lucia,Castries,Americas,Caribbean,,LC-->SZ,LC-->SZ,LC-->SZ,LC-->SZ,LC-->SZ,LC-->SZ,LC-->SZ,LC-->SZ,LC-->SZ,LC-->SZ,LC-->SZ,LC-->SZ,LC-->SZ,LC-->SZ,LC-->SZ,LC-->SZ,LC-->SZ,LC-->SZ,LC-->SZ,,,,,,,,,,,,,,,,,SZ-->LC,SZ-->LC,SZ-->LC,SZ-->LC,SZ-->LC,SZ-->LC,SZ-->LC,SZ-->LC,SZ-->LC,SZ-->LC,SZ-->LC,SZ-->LC,SZ-->LC,SZ-->LC,SZ-->LC,SZ-->LC,SZ-->LC,SZ-->LC,SZ-->LC
MF,MAF,Saint Martin,Marigot,Americas,Caribbean,,MF-->SZ,MF-->SZ,MF-->SZ,MF-->SZ,MF-->SZ,MF-->SZ,MF-->SZ,MF-->SZ,MF-->SZ,MF-->SZ,MF-->SZ,MF-->SZ,MF-->SZ,MF-->SZ,MF-->SZ,MF-->SZ,MF-->SZ,MF-->SZ,MF-->SZ,,,,,,,,,,,,,,,,,SZ-->MF,SZ-->MF,SZ-->MF,SZ-->MF,SZ-->MF,SZ-->MF,SZ-->MF,SZ-->MF,SZ-->MF,SZ-->MF,SZ-->MF,SZ-->MF,SZ-->MF,SZ-->MF,SZ-->MF,SZ-->MF,SZ-->MF,SZ-->MF,SZ-->MF
PM,SPM,Saint Pierre and Miquelon,Saint-Pierre,Americas,Northern America,,PM-->SZ,PM-->SZ,PM-->SZ,PM-->SZ,PM-->SZ,PM-->SZ,PM-->SZ,PM-->SZ,PM-->SZ,PM-->SZ,PM-->SZ,PM-->SZ,PM-->SZ,PM-->SZ,PM-->SZ,PM-->SZ,PM-->SZ,PM-->SZ,PM-->SZ,,,,,,,,,,,,,,,,,SZ-->PM,SZ-->PM,SZ-->PM,SZ-->PM,SZ-->PM,SZ-->PM,SZ-->PM,SZ-->PM,SZ-->PM,SZ-->PM,SZ-->PM,SZ-->PM,SZ-->PM,SZ-->PM,SZ-->PM,SZ-->PM,SZ-->PM,SZ-->PM,SZ-->PM
VC,VCT,Saint Vincent and the Grenadines,Kingstown,Americas,Caribbean,,VC-->SZ,VC-->SZ,VC-->SZ,VC-->SZ,VC-->SZ,VC-->SZ,VC-->SZ,VC-->SZ,VC-->SZ,VC-->SZ,VC-->SZ,VC-->SZ,VC-->SZ,VC-->SZ,VC-->SZ,VC-->SZ,VC-->SZ,VC-->SZ,VC-->SZ,,,,,,,,,,,,,,,,,SZ-->VC,SZ-->VC,SZ-->VC,SZ-->VC,SZ-->VC,SZ-->VC,SZ-->VC,SZ-->VC,SZ-->VC,SZ-->VC,SZ-->VC,SZ-->VC,SZ-->VC,SZ-->VC,SZ-->VC,SZ-->VC,SZ-->VC,SZ-->VC,SZ-->VC
WS,WSM,Samoa,Apia,Oceania,Polynesia,,WS-->SZ,WS-->SZ,WS-->SZ,WS-->SZ,WS-->SZ,WS-->SZ,WS-->SZ,WS-->SZ,WS-->SZ,WS-->SZ,WS-->SZ,WS-->SZ,WS-->SZ,WS-->SZ,WS-->SZ,WS-->SZ,WS-->SZ,WS-->SZ,WS-->SZ,,,,,,,,,,,,,,,,,SZ-->WS,SZ-->WS,SZ-->WS,SZ-->WS,SZ-->WS,SZ-->WS,SZ-->WS,SZ-->WS,SZ-->WS,SZ-->WS,SZ-->WS,SZ-->WS,SZ-->WS,SZ-->WS,SZ-->WS,SZ-->WS,SZ-->WS,SZ-->WS,SZ-->WS
SM,SMR,San Marino,City of San Marino,Europe,Southern Europe,,SM-->SZ,SM-->SZ,SM-->SZ,SM-->SZ,SM-->SZ,SM-->SZ,SM-->SZ,SM-->SZ,SM-->SZ,SM-->SZ,SM-->SZ,SM-->SZ,SM-->SZ,SM-->SZ,SM-->SZ,SM-->SZ,SM-->SZ,SM-->SZ,SM-->SZ,,,,,,,,,,,,,,,,,SZ-->SM,SZ-->SM,SZ-->SM,SZ-->SM,SZ-->SM,SZ-->SM,SZ-->SM,SZ-->SM,SZ-->SM,SZ-->SM,SZ-->SM,SZ-->SM,SZ-->SM,SZ-->SM,SZ-->SM,SZ-->SM,SZ-->SM,SZ-->SM,SZ-->SM
ST,STP,São Tomé and Príncipe,São Tomé,Africa,Middle Africa,,ST-->SZ,ST-->SZ,ST-->SZ,ST-->SZ,ST-->SZ,ST-->SZ,ST-->SZ,ST-->SZ,ST-->SZ,ST-->SZ,ST-->SZ,ST-->SZ,ST-->SZ,ST-->SZ,ST-->SZ,ST-->SZ,ST-->SZ,ST-->SZ,ST-->SZ,,,,,,,,,,,,,,,,,SZ-->ST,SZ-->ST,SZ-->ST,SZ-->ST,SZ-->ST,SZ-->ST,SZ-->ST,SZ-->ST,SZ-->ST,SZ-->ST,SZ-->ST,SZ-->ST,SZ-->ST,SZ-->ST,SZ-->ST,SZ-->ST,SZ-->ST,SZ-->ST,SZ-->ST
SA,SAU,Saudi Arabia,Riyadh,Asia,Western Asia,,SA-->SZ,SA-->SZ,SA-->SZ,SA-->SZ,SA-->SZ,SA-->SZ,SA-->SZ,SA-->SZ,SA-->SZ,SA-->SZ,SA-->SZ,SA-->SZ,SA-->SZ,SA-->SZ,SA-->SZ,SA-->SZ,SA-->SZ,SA-->SZ,SA-->SZ,,,,,,,,,,,,,,,,,SZ-->SA,SZ-->SA,SZ-->SA,SZ-->SA,SZ-->SA,SZ-->SA,SZ-->SA,SZ-->SA,SZ-->SA,SZ-->SA,SZ-->SA,SZ-->SA,SZ-->SA,SZ-->SA,SZ-->SA,SZ-->SA,SZ-->SA,SZ-->SA,SZ-->SA
SN,SEN,Senegal,Dakar,Africa,Western Africa,,SN-->SZ,SN-->SZ,SN-->SZ,SN-->SZ,SN-->SZ,SN-->SZ,SN-->SZ,SN-->SZ,SN-->SZ,SN-->SZ,SN-->SZ,SN-->SZ,SN-->SZ,SN-->SZ,SN-->SZ,SN-->SZ,SN-->SZ,SN-->SZ,SN-->SZ,,,,,,,,,,,,,,,,,SZ-->SN,SZ-->SN,SZ-->SN,SZ-->SN,SZ-->SN,SZ-->SN,SZ-->SN,SZ-->SN,SZ-->SN,SZ-->SN,SZ-->SN,SZ-->SN,SZ-->SN,SZ-->SN,SZ-->SN,SZ-->SN,SZ-->SN,SZ-->SN,SZ-->SN
RS,SRB,Serbia,Belgrade,Europe,Southern Europe,,RS-->SZ,RS-->SZ,RS-->SZ,RS-->SZ,RS-->SZ,RS-->SZ,RS-->SZ,RS-->SZ,RS-->SZ,RS-->SZ,RS-->SZ,RS-->SZ,RS-->SZ,RS-->SZ,RS-->SZ,RS-->SZ,RS-->SZ,RS-->SZ,RS-->SZ,,,,,,,,,,,,,,,,,SZ-->RS,SZ-->RS,SZ-->RS,SZ-->RS,SZ-->RS,SZ-->RS,SZ-->RS,SZ-->RS,SZ-->RS,SZ-->RS,SZ-->RS,SZ-->RS,SZ-->RS,SZ-->RS,SZ-->RS,SZ-->RS,SZ-->RS,SZ-->RS,SZ-->RS
SC,SYC,Seychelles,Victoria,Africa,Eastern Africa,,SC-->SZ,SC-->SZ,SC-->SZ,SC-->SZ,SC-->SZ,SC-->SZ,SC-->SZ,SC-->SZ,SC-->SZ,SC-->SZ,SC-->SZ,SC-->SZ,SC-->SZ,SC-->SZ,SC-->SZ,SC-->SZ,SC-->SZ,SC-->SZ,SC-->SZ,,,,,,,,,,,,,,,,,SZ-->SC,SZ-->SC,SZ-->SC,SZ-->SC,SZ-->SC,SZ-->SC,SZ-->SC,SZ-->SC,SZ-->SC,SZ-->SC,SZ-->SC,SZ-->SC,SZ-->SC,SZ-->SC,SZ-->SC,SZ-->SC,SZ-->SC,SZ-->SC,SZ-->SC
SL,SLE,Sierra Leone,Freetown,Africa,Western Africa,,SL-->SZ,SL-->SZ,SL-->SZ,SL-->SZ,SL-->SZ,SL-->SZ,SL-->SZ,SL-->SZ,SL-->SZ,SL-->SZ,SL-->SZ,SL-->SZ,SL-->SZ,SL-->SZ,SL-->SZ,SL-->SZ,SL-->SZ,SL-->SZ,SL-->SZ,,,,,,,,,,,,,,,,,SZ-->SL,SZ-->SL,SZ-->SL,SZ-->SL,SZ-->SL,SZ-->SL,SZ-->SL,SZ-->SL,SZ-->SL,SZ-->SL,SZ-->SL,SZ-->SL,SZ-->SL,SZ-->SL,SZ-->SL,SZ-->SL,SZ-->SL,SZ-->SL,SZ-->SL
SG,SGP,Singapore,Singapore,Asia,South-Eastern Asia,,SG-->SZ,SG-->SZ,SG-->SZ,SG-->SZ,SG-->SZ,SG-->SZ,SG-->SZ,SG-->SZ,SG-->SZ,SG-->SZ,SG-->SZ,SG-->SZ,SG-->SZ,SG-->SZ,SG-->SZ,SG-->SZ,SG-->SZ,SG-->SZ,SG-->SZ,,,,,,,,,,,,,,,,,SZ-->SG,SZ-->SG,SZ-->SG,SZ-->SG,SZ-->SG,SZ-->SG,SZ-->SG,SZ-->SG,SZ-->SG,SZ-->SG,SZ-->SG,SZ-->SG,SZ-->SG,SZ-->SG,SZ-->SG,SZ-->SG,SZ-->SG,SZ-->SG,SZ-->SG
SX,SXM,Sint Maarten,Philipsburg,Americas,Caribbean,,SX-->SZ,SX-->SZ,SX-->SZ,SX-->SZ,SX-->SZ,SX-->SZ,SX-->SZ,SX-->SZ,SX-->SZ,SX-->SZ,SX-->SZ,SX-->SZ,SX-->SZ,SX-->SZ,SX-->SZ,SX-->SZ,SX-->SZ,SX-->SZ,SX-->SZ,,,,,,,,,,,,,,,,,SZ-->SX,SZ-->SX,SZ-->SX,SZ-->SX,SZ-->SX,SZ-->SX,SZ-->SX,SZ-->SX,SZ-->SX,SZ-->SX,SZ-->SX,SZ-->SX,SZ-->SX,SZ-->SX,SZ-->SX,SZ-->SX,SZ-->SX,SZ-->SX,SZ-->SX
SK,SVK,Slovakia,Bratislava,Europe,Eastern Europe,,SK-->SZ,SK-->SZ,SK-->SZ,SK-->SZ,SK-->SZ,SK-->SZ,SK-->SZ,SK-->SZ,SK-->SZ,SK-->SZ,SK-->SZ,SK-->SZ,SK-->SZ,SK-->SZ,SK-->SZ,SK-->SZ,SK-->SZ,SK-->SZ,SK-->SZ,,,,,,,,,,,,,,,,,SZ-->SK,SZ-->SK,SZ-->SK,SZ-->SK,SZ-->SK,SZ-->SK,SZ-->SK,SZ-->SK,SZ-->SK,SZ-->SK,SZ-->SK,SZ-->SK,SZ-->SK,SZ-->SK,SZ-->SK,SZ-->SK,SZ-->SK,SZ-->SK,SZ-->SK
SI,SVN,Slovenia,Ljubljana,Europe,Southern Europe,,SI-->SZ,SI-->SZ,SI-->SZ,SI-->SZ,SI-->SZ,SI-->SZ,SI-->SZ,SI-->SZ,SI-->SZ,SI-->SZ,SI-->SZ,SI-->SZ,SI-->SZ,SI-->SZ,SI-->SZ,SI-->SZ,SI-->SZ,SI-->SZ,SI-->SZ,,,,,,,,,,,,,,,,,SZ-->SI,SZ-->SI,SZ-->SI,SZ-->SI,SZ-->SI,SZ-->SI,SZ-->SI,SZ-->SI,SZ-->SI,SZ-->SI,SZ-->SI,SZ-->SI,SZ-->SI,SZ-->SI,SZ-->SI,SZ-->SI,SZ-->SI,SZ-->SI,SZ-->SI
SB,SLB,Solomon Islands,Honiara,Oceania,Melanesia,,SB-->SZ,SB-->SZ,SB-->SZ,SB-->SZ,SB-->SZ,SB-->SZ,SB-->SZ,SB-->SZ,SB-->SZ,SB-->SZ,SB-->SZ,SB-->SZ,SB-->SZ,SB-->SZ,SB-->SZ,SB-->SZ,SB-->SZ,SB-->SZ,SB-->SZ,,,,,,,,,,,,,,,,,SZ-->SB,SZ-->SB,SZ-->SB,SZ-->SB,SZ-->SB,SZ-->SB,SZ-->SB,SZ-->SB,SZ-->SB,SZ-->SB,SZ-->SB,SZ-->SB,SZ-->SB,SZ-->SB,SZ-->SB,SZ-->SB,SZ-->SB,SZ-->SB,SZ-->SB
SO,SOM,Somalia,Mogadishu,Africa,Eastern Africa,,SO-->SZ,SO-->SZ,SO-->SZ,SO-->SZ,SO-->SZ,SO-->SZ,SO-->SZ,SO-->SZ,SO-->SZ,SO-->SZ,SO-->SZ,SO-->SZ,SO-->SZ,SO-->SZ,SO-->SZ,SO-->SZ,SO-->SZ,SO-->SZ,SO-->SZ,,,,,,,,,,,,,,,,,SZ-->SO,SZ-->SO,SZ-->SO,SZ-->SO,SZ-->SO,SZ-->SO,SZ-->SO,SZ-->SO,SZ-->SO,SZ-->SO,SZ-->SO,SZ-->SO,SZ-->SO,SZ-->SO,SZ-->SO,SZ-->SO,SZ-->SO,SZ-->SO,SZ-->SO
ZA,ZAF,South Africa,Pretoria,Africa,Southern Africa,,ZA-->SZ,ZA-->SZ,ZA-->SZ,ZA-->SZ,ZA-->SZ,ZA-->SZ,ZA-->SZ,ZA-->SZ,ZA-->SZ,ZA-->SZ,ZA-->SZ,ZA-->SZ,ZA-->SZ,ZA-->SZ,ZA-->SZ,ZA-->SZ,ZA-->SZ,ZA-->SZ,ZA-->SZ,,,,,,,,,,,,,,,,,SZ-->ZA,SZ-->ZA,SZ-->ZA,SZ-->ZA,SZ-->ZA,SZ-->ZA,SZ-->ZA,SZ-->ZA,SZ-->ZA,SZ-->ZA,SZ-->ZA,SZ-->ZA,SZ-->ZA,SZ-->ZA,SZ-->ZA,SZ-->ZA,SZ-->ZA,SZ-->ZA,SZ-->ZA
GS,SGS,South Georgia,King Edward Point,Americas,South America,,GS-->SZ,GS-->SZ,GS-->SZ,GS-->SZ,GS-->SZ,GS-->SZ,GS-->SZ,GS-->SZ,GS-->SZ,GS-->SZ,GS-->SZ,GS-->SZ,GS-->SZ,GS-->SZ,GS-->SZ,GS-->SZ,GS-->SZ,GS-->SZ,GS-->SZ,,,,,,,,,,,,,,,,,SZ-->GS,SZ-->GS,SZ-->GS,SZ-->GS,SZ-->GS,SZ-->GS,SZ-->GS,SZ-->GS,SZ-->GS,SZ-->GS,SZ-->GS,SZ-->GS,SZ-->GS,SZ-->GS,SZ-->GS,SZ-->GS,SZ-->GS,SZ-->GS,SZ-->GS
KR,KOR,South Korea,Seoul,Asia,Eastern Asia,,KR-->SZ,KR-->SZ,KR-->SZ,KR-->SZ,KR-->SZ,KR-->SZ,KR-->SZ,KR-->SZ,KR-->SZ,KR-->SZ,KR-->SZ,KR-->SZ,KR-->SZ,KR-->SZ,KR-->SZ,KR-->SZ,KR-->SZ,KR-->SZ,KR-->SZ,,,,,,,,,,,,,,,,,SZ-->KR,SZ-->KR,SZ-->KR,SZ-->KR,SZ-->KR,SZ-->KR,SZ-->KR,SZ-->KR,SZ-->KR,SZ-->KR,SZ-->KR,SZ-->KR,SZ-->KR,SZ-->KR,SZ-->KR,SZ-->KR,SZ-->KR,SZ-->KR,SZ-->KR
SS,SSD,South Sudan,Juba,Africa,Middle Africa,,SS-->SZ,SS-->SZ,SS-->SZ,SS-->SZ,SS-->SZ,SS-->SZ,SS-->SZ,SS-->SZ,SS-->SZ,SS-->SZ,SS-->SZ,SS-->SZ,SS-->SZ,SS-->SZ,SS-->SZ,SS-->SZ,SS-->SZ,SS-->SZ,SS-->SZ,,,,,,,,,,,,,,,,,SZ-->SS,SZ-->SS,SZ-->SS,SZ-->SS,SZ-->SS,SZ-->SS,SZ-->SS,SZ-->SS,SZ-->SS,SZ-->SS,SZ-->SS,SZ-->SS,SZ-->SS,SZ-->SS,SZ-->SS,SZ-->SS,SZ-->SS,SZ-->SS,SZ-->SS
ES,ESP,Spain,Madrid,Europe,Southern Europe,,ES-->SZ,ES-->SZ,ES-->SZ,ES-->SZ,ES-->SZ,ES-->SZ,ES-->SZ,ES-->SZ,ES-->SZ,ES-->SZ,ES-->SZ,ES-->SZ,ES-->SZ,ES-->SZ,ES-->SZ,ES-->SZ,ES-->SZ,ES-->SZ,ES-->SZ,,,,,,,,,,,,,,,,,SZ-->ES,SZ-->ES,SZ-->ES,SZ-->ES,SZ-->ES,SZ-->ES,SZ-->ES,SZ-->ES,SZ-->ES,SZ-->ES,SZ-->ES,SZ-->ES,SZ-->ES,SZ-->ES,SZ-->ES,SZ-->ES,SZ-->ES,SZ-->ES,SZ-->ES
LK,LKA,Sri Lanka,Colombo,Asia,Southern Asia,,LK-->SZ,LK-->SZ,LK-->SZ,LK-->SZ,LK-->SZ,LK-->SZ,LK-->SZ,LK-->SZ,LK-->SZ,LK-->SZ,LK-->SZ,LK-->SZ,LK-->SZ,LK-->SZ,LK-->SZ,LK-->SZ,LK-->SZ,LK-->SZ,LK-->SZ,,,,,,,,,,,,,,,,,SZ-->LK,SZ-->LK,SZ-->LK,SZ-->LK,SZ-->LK,SZ-->LK,SZ-->LK,SZ-->LK,SZ-->LK,SZ-->LK,SZ-->LK,SZ-->LK,SZ-->LK,SZ-->LK,SZ-->LK,SZ-->LK,SZ-->LK,SZ-->LK,SZ-->LK
SD,SDN,Sudan,Khartoum,Africa,Northern Africa,,SD-->SZ,SD-->SZ,SD-->SZ,SD-->SZ,SD-->SZ,SD-->SZ,SD-->SZ,SD-->SZ,SD-->SZ,SD-->SZ,SD-->SZ,SD-->SZ,SD-->SZ,SD-->SZ,SD-->SZ,SD-->SZ,SD-->SZ,SD-->SZ,SD-->SZ,,,,,,,,,,,,,,,,,SZ-->SD,SZ-->SD,SZ-->SD,SZ-->SD,SZ-->SD,SZ-->SD,SZ-->SD,SZ-->SD,SZ-->SD,SZ-->SD,SZ-->SD,SZ-->SD,SZ-->SD,SZ-->SD,SZ-->SD,SZ-->SD,SZ-->SD,SZ-->SD,SZ-->SD
SR,SUR,Suriname,Paramaribo,Americas,South America,,SR-->SZ,SR-->SZ,SR-->SZ,SR-->SZ,SR-->SZ,SR-->SZ,SR-->SZ,SR-->SZ,SR-->SZ,SR-->SZ,SR-->SZ,SR-->SZ,SR-->SZ,SR-->SZ,SR-->SZ,SR-->SZ,SR-->SZ,SR-->SZ,SR-->SZ,,,,,,,,,,,,,,,,,SZ-->SR,SZ-->SR,SZ-->SR,SZ-->SR,SZ-->SR,SZ-->SR,SZ-->SR,SZ-->SR,SZ-->SR,SZ-->SR,SZ-->SR,SZ-->SR,SZ-->SR,SZ-->SR,SZ-->SR,SZ-->SR,SZ-->SR,SZ-->SR,SZ-->SR
SJ,SJM,Svalbard and Jan Mayen,Longyearbyen,Europe,Northern Europe,,SJ-->SZ,SJ-->SZ,SJ-->SZ,SJ-->SZ,SJ-->SZ,SJ-->SZ,SJ-->SZ,SJ-->SZ,SJ-->SZ,SJ-->SZ,SJ-->SZ,SJ-->SZ,SJ-->SZ,SJ-->SZ,SJ-->SZ,SJ-->SZ,SJ-->SZ,SJ-->SZ,SJ-->SZ,,,,,,,,,,,,,,,,,SZ-->SJ,SZ-->SJ,SZ-->SJ,SZ-->SJ,SZ-->SJ,SZ-->SJ,SZ-->SJ,SZ-->SJ,SZ-->SJ,SZ-->SJ,SZ-->SJ,SZ-->SJ,SZ-->SJ,SZ-->SJ,SZ-->SJ,SZ-->SJ,SZ-->SJ,SZ-->SJ,SZ-->SJ
SZ,SWZ,Swaziland,Lobamba,Africa,Southern Africa,,SZ-->SZ,SZ-->SZ,SZ-->SZ,SZ-->SZ,SZ-->SZ,SZ-->SZ,SZ-->SZ,SZ-->SZ,SZ-->SZ,SZ-->SZ,SZ-->SZ,SZ-->SZ,SZ-->SZ,SZ-->SZ,SZ-->SZ,SZ-->SZ,SZ-->SZ,SZ-->SZ,SZ-->SZ,,,,,,,,,,,,,,,,,SZ-->SZ,SZ-->SZ,SZ-->SZ,SZ-->SZ,SZ-->SZ,SZ-->SZ,SZ-->SZ,SZ-->SZ,SZ-->SZ,SZ-->SZ,SZ-->SZ,SZ-->SZ,SZ-->SZ,SZ-->SZ,SZ-->SZ,SZ-->SZ,SZ-->SZ,SZ-->SZ,SZ-->SZ
SE,SWE,Sweden,Stockholm,Europe,Northern Europe,,SE-->SZ,SE-->SZ,SE-->SZ,SE-->SZ,SE-->SZ,SE-->SZ,SE-->SZ,SE-->SZ,SE-->SZ,SE-->SZ,SE-->SZ,SE-->SZ,SE-->SZ,SE-->SZ,SE-->SZ,SE-->SZ,SE-->SZ,SE-->SZ,SE-->SZ,,,,,,,,,,,,,,,,,SZ-->SE,SZ-->SE,SZ-->SE,SZ-->SE,SZ-->SE,SZ-->SE,SZ-->SE,SZ-->SE,SZ-->SE,SZ-->SE,SZ-->SE,SZ-->SE,SZ-->SE,SZ-->SE,SZ-->SE,SZ-->SE,SZ-->SE,SZ-->SE,SZ-->SE
CH,CHE,Switzerland,Bern,Europe,Western Europe,,CH-->SZ,CH-->SZ,CH-->SZ,CH-->SZ,CH-->SZ,CH-->SZ,CH-->SZ,CH-->SZ,CH-->SZ,CH-->SZ,CH-->SZ,CH-->SZ,CH-->SZ,CH-->SZ,CH-->SZ,CH-->SZ,CH-->SZ,CH-->SZ,CH-->SZ,,,,,,,,,,,,,,,,,SZ-->CH,SZ-->CH,SZ-->CH,SZ-->CH,SZ-->CH,SZ-->CH,SZ-->CH,SZ-->CH,SZ-->CH,SZ-->CH,SZ-->CH,SZ-->CH,SZ-->CH,SZ-->CH,SZ-->CH,SZ-->CH,SZ-->CH,SZ-->CH,SZ-->CH
SY,SYR,Syria,Damascus,Asia,Western Asia,,SY-->SZ,SY-->SZ,SY-->SZ,SY-->SZ,SY-->SZ,SY-->SZ,SY-->SZ,SY-->SZ,SY-->SZ,SY-->SZ,SY-->SZ,SY-->SZ,SY-->SZ,SY-->SZ,SY-->SZ,SY-->SZ,SY-->SZ,SY-->SZ,SY-->SZ,,,,,,,,,,,,,,,,,SZ-->SY,SZ-->SY,SZ-->SY,SZ-->SY,SZ-->SY,SZ-->SY,SZ-->SY,SZ-->SY,SZ-->SY,SZ-->SY,SZ-->SY,SZ-->SY,SZ-->SY,SZ-->SY,SZ-->SY,SZ-->SY,SZ-->SY,SZ-->SY,SZ-->SY
TW,TWN,Taiwan,Taipei,Asia,Eastern Asia,,TW-->SZ,TW-->SZ,TW-->SZ,TW-->SZ,TW-->SZ,TW-->SZ,TW-->SZ,TW-->SZ,TW-->SZ,TW-->SZ,TW-->SZ,TW-->SZ,TW-->SZ,TW-->SZ,TW-->SZ,TW-->SZ,TW-->SZ,TW-->SZ,TW-->SZ,,,,,,,,,,,,,,,,,SZ-->TW,SZ-->TW,SZ-->TW,SZ-->TW,SZ-->TW,SZ-->TW,SZ-->TW,SZ-->TW,SZ-->TW,SZ-->TW,SZ-->TW,SZ-->TW,SZ-->TW,SZ-->TW,SZ-->TW,SZ-->TW,SZ-->TW,SZ-->TW,SZ-->TW
TJ,TJK,Tajikistan,Dushanbe,Asia,Central Asia,,TJ-->SZ,TJ-->SZ,TJ-->SZ,TJ-->SZ,TJ-->SZ,TJ-->SZ,TJ-->SZ,TJ-->SZ,TJ-->SZ,TJ-->SZ,TJ-->SZ,TJ-->SZ,TJ-->SZ,TJ-->SZ,TJ-->SZ,TJ-->SZ,TJ-->SZ,TJ-->SZ,TJ-->SZ,,,,,,,,,,,,,,,,,SZ-->TJ,SZ-->TJ,SZ-->TJ,SZ-->TJ,SZ-->TJ,SZ-->TJ,SZ-->TJ,SZ-->TJ,SZ-->TJ,SZ-->TJ,SZ-->TJ,SZ-->TJ,SZ-->TJ,SZ-->TJ,SZ-->TJ,SZ-->TJ,SZ-->TJ,SZ-->TJ,SZ-->TJ
TZ,TZA,Tanzania,Dodoma,Africa,Eastern Africa,,TZ-->SZ,TZ-->SZ,TZ-->SZ,TZ-->SZ,TZ-->SZ,TZ-->SZ,TZ-->SZ,TZ-->SZ,TZ-->SZ,TZ-->SZ,TZ-->SZ,TZ-->SZ,TZ-->SZ,TZ-->SZ,TZ-->SZ,TZ-->SZ,TZ-->SZ,TZ-->SZ,TZ-->SZ,,,,,,,,,,,,,,,,,SZ-->TZ,SZ-->TZ,SZ-->TZ,SZ-->TZ,SZ-->TZ,SZ-->TZ,SZ-->TZ,SZ-->TZ,SZ-->TZ,SZ-->TZ,SZ-->TZ,SZ-->TZ,SZ-->TZ,SZ-->TZ,SZ-->TZ,SZ-->TZ,SZ-->TZ,SZ-->TZ,SZ-->TZ
TH,THA,Thailand,Bangkok,Asia,South-Eastern Asia,,TH-->SZ,TH-->SZ,TH-->SZ,TH-->SZ,TH-->SZ,TH-->SZ,TH-->SZ,TH-->SZ,TH-->SZ,TH-->SZ,TH-->SZ,TH-->SZ,TH-->SZ,TH-->SZ,TH-->SZ,TH-->SZ,TH-->SZ,TH-->SZ,TH-->SZ,,,,,,,,,,,,,,,,,SZ-->TH,SZ-->TH,SZ-->TH,SZ-->TH,SZ-->TH,SZ-->TH,SZ-->TH,SZ-->TH,SZ-->TH,SZ-->TH,SZ-->TH,SZ-->TH,SZ-->TH,SZ-->TH,SZ-->TH,SZ-->TH,SZ-->TH,SZ-->TH,SZ-->TH
TL,TLS,East Timor,Dili,Asia,South-Eastern Asia,,TL-->SZ,TL-->SZ,TL-->SZ,TL-->SZ,TL-->SZ,TL-->SZ,TL-->SZ,TL-->SZ,TL-->SZ,TL-->SZ,TL-->SZ,TL-->SZ,TL-->SZ,TL-->SZ,TL-->SZ,TL-->SZ,TL-->SZ,TL-->SZ,TL-->SZ,,,,,,,,,,,,,,,,,SZ-->TL,SZ-->TL,SZ-->TL,SZ-->TL,SZ-->TL,SZ-->TL,SZ-->TL,SZ-->TL,SZ-->TL,SZ-->TL,SZ-->TL,SZ-->TL,SZ-->TL,SZ-->TL,SZ-->TL,SZ-->TL,SZ-->TL,SZ-->TL,SZ-->TL
TG,TGO,Togo,Lomé,Africa,Western Africa,,TG-->SZ,TG-->SZ,TG-->SZ,TG-->SZ,TG-->SZ,TG-->SZ,TG-->SZ,TG-->SZ,TG-->SZ,TG-->SZ,TG-->SZ,TG-->SZ,TG-->SZ,TG-->SZ,TG-->SZ,TG-->SZ,TG-->SZ,TG-->SZ,TG-->SZ,,,,,,,,,,,,,,,,,SZ-->TG,SZ-->TG,SZ-->TG,SZ-->TG,SZ-->TG,SZ-->TG,SZ-->TG,SZ-->TG,SZ-->TG,SZ-->TG,SZ-->TG,SZ-->TG,SZ-->TG,SZ-->TG,SZ-->TG,SZ-->TG,SZ-->TG,SZ-->TG,SZ-->TG
TK,TKL,Tokelau,Fakaofo,Oceania,Polynesia,,TK-->SZ,TK-->SZ,TK-->SZ,TK-->SZ,TK-->SZ,TK-->SZ,TK-->SZ,TK-->SZ,TK-->SZ,TK-->SZ,TK-->SZ,TK-->SZ,TK-->SZ,TK-->SZ,TK-->SZ,TK-->SZ,TK-->SZ,TK-->SZ,TK-->SZ,,,,,,,,,,,,,,,,,SZ-->TK,SZ-->TK,SZ-->TK,SZ-->TK,SZ-->TK,SZ-->TK,SZ-->TK,SZ-->TK,SZ-->TK,SZ-->TK,SZ-->TK,SZ-->TK,SZ-->TK,SZ-->TK,SZ-->TK,SZ-->TK,SZ-->TK,SZ-->TK,SZ-->TK
TO,TON,Tonga,Nuku'alofa,Oceania,Polynesia,,TO-->SZ,TO-->SZ,TO-->SZ,TO-->SZ,TO-->SZ,TO-->SZ,TO-->SZ,TO-->SZ,TO-->SZ,TO-->SZ,TO-->SZ,TO-->SZ,TO-->SZ,TO-->SZ,TO-->SZ,TO-->SZ,TO-->SZ,TO-->SZ,TO-->SZ,,,,,,,,,,,,,,,,,SZ-->TO,SZ-->TO,SZ-->TO,SZ-->TO,SZ-->TO,SZ-->TO,SZ-->TO,SZ-->TO,SZ-->TO,SZ-->TO,SZ-->TO,SZ-->TO,SZ-->TO,SZ-->TO,SZ-->TO,SZ-->TO,SZ-->TO,SZ-->TO,SZ-->TO
TT,TTO,Trinidad and Tobago,Port of Spain,Americas,Caribbean,,TT-->SZ,TT-->SZ,TT-->SZ,TT-->SZ,TT-->SZ,TT-->SZ,TT-->SZ,TT-->SZ,TT-->SZ,TT-->SZ,TT-->SZ,TT-->SZ,TT-->SZ,TT-->SZ,TT-->SZ,TT-->SZ,TT-->SZ,TT-->SZ,TT-->SZ,,,,,,,,,,,,,,,,,SZ-->TT,SZ-->TT,SZ-->TT,SZ-->TT,SZ-->TT,SZ-->TT,SZ-->TT,SZ-->TT,SZ-->TT,SZ-->TT,SZ-->TT,SZ-->TT,SZ-->TT,SZ-->TT,SZ-->TT,SZ-->TT,SZ-->TT,SZ-->TT,SZ-->TT
TN,TUN,Tunisia,Tunis,Africa,Northern Africa,,TN-->SZ,TN-->SZ,TN-->SZ,TN-->SZ,TN-->SZ,TN-->SZ,TN-->SZ,TN-->SZ,TN-->SZ,TN-->SZ,TN-->SZ,TN-->SZ,TN-->SZ,TN-->SZ,TN-->SZ,TN-->SZ,TN-->SZ,TN-->SZ,TN-->SZ,,,,,,,,,,,,,,,,,SZ-->TN,SZ-->TN,SZ-->TN,SZ-->TN,SZ-->TN,SZ-->TN,SZ-->TN,SZ-->TN,SZ-->TN,SZ-->TN,SZ-->TN,SZ-->TN,SZ-->TN,SZ-->TN,SZ-->TN,SZ-->TN,SZ-->TN,SZ-->TN,SZ-->TN
TR,TUR,Turkey,Ankara,Asia,Western Asia,,TR-->SZ,TR-->SZ,TR-->SZ,TR-->SZ,TR-->SZ,TR-->SZ,TR-->SZ,TR-->SZ,TR-->SZ,TR-->SZ,TR-->SZ,TR-->SZ,TR-->SZ,TR-->SZ,TR-->SZ,TR-->SZ,TR-->SZ,TR-->SZ,TR-->SZ,,,,,,,,,,,,,,,,,SZ-->TR,SZ-->TR,SZ-->TR,SZ-->TR,SZ-->TR,SZ-->TR,SZ-->TR,SZ-->TR,SZ-->TR,SZ-->TR,SZ-->TR,SZ-->TR,SZ-->TR,SZ-->TR,SZ-->TR,SZ-->TR,SZ-->TR,SZ-->TR,SZ-->TR
TM,TKM,Turkmenistan,Ashgabat,Asia,Central Asia,,TM-->SZ,TM-->SZ,TM-->SZ,TM-->SZ,TM-->SZ,TM-->SZ,TM-->SZ,TM-->SZ,TM-->SZ,TM-->SZ,TM-->SZ,TM-->SZ,TM-->SZ,TM-->SZ,TM-->SZ,TM-->SZ,TM-->SZ,TM-->SZ,TM-->SZ,,,,,,,,,,,,,,,,,SZ-->TM,SZ-->TM,SZ-->TM,SZ-->TM,SZ-->TM,SZ-->TM,SZ-->TM,SZ-->TM,SZ-->TM,SZ-->TM,SZ-->TM,SZ-->TM,SZ-->TM,SZ-->TM,SZ-->TM,SZ-->TM,SZ-->TM,SZ-->TM,SZ-->TM
TC,TCA,Turks and Caicos Islands,Cockburn Town,Americas,Caribbean,,TC-->SZ,TC-->SZ,TC-->SZ,TC-->SZ,TC-->SZ,TC-->SZ,TC-->SZ,TC-->SZ,TC-->SZ,TC-->SZ,TC-->SZ,TC-->SZ,TC-->SZ,TC-->SZ,TC-->SZ,TC-->SZ,TC-->SZ,TC-->SZ,TC-->SZ,,,,,,,,,,,,,,,,,SZ-->TC,SZ-->TC,SZ-->TC,SZ-->TC,SZ-->TC,SZ-->TC,SZ-->TC,SZ-->TC,SZ-->TC,SZ-->TC,SZ-->TC,SZ-->TC,SZ-->TC,SZ-->TC,SZ-->TC,SZ-->TC,SZ-->TC,SZ-->TC,SZ-->TC
TV,TUV,Tuvalu,Funafuti,Oceania,Polynesia,,TV-->SZ,TV-->SZ,TV-->SZ,TV-->SZ,TV-->SZ,TV-->SZ,TV-->SZ,TV-->SZ,TV-->SZ,TV-->SZ,TV-->SZ,TV-->SZ,TV-->SZ,TV-->SZ,TV-->SZ,TV-->SZ,TV-->SZ,TV-->SZ,TV-->SZ,,,,,,,,,,,,,,,,,SZ-->TV,SZ-->TV,SZ-->TV,SZ-->TV,SZ-->TV,SZ-->TV,SZ-->TV,SZ-->TV,SZ-->TV,SZ-->TV,SZ-->TV,SZ-->TV,SZ-->TV,SZ-->TV,SZ-->TV,SZ-->TV,SZ-->TV,SZ-->TV,SZ-->TV
UG,UGA,Uganda,Kampala,Africa,Eastern Africa,,UG-->SZ,UG-->SZ,UG-->SZ,UG-->SZ,UG-->SZ,UG-->SZ,UG-->SZ,UG-->SZ,UG-->SZ,UG-->SZ,UG-->SZ,UG-->SZ,UG-->SZ,UG-->SZ,UG-->SZ,UG-->SZ,UG-->SZ,UG-->SZ,UG-->SZ,,,,,,,,,,,,,,,,,SZ-->UG,SZ-->UG,SZ-->UG,SZ-->UG,SZ-->UG,SZ-->UG,SZ-->UG,SZ-->UG,SZ-->UG,SZ-->UG,SZ-->UG,SZ-->UG,SZ-->UG,SZ-->UG,SZ-->UG,SZ-->UG,SZ-->UG,SZ-->UG,SZ-->UG
UA,UKR,Ukraine,Kiev,Europe,Eastern Europe,,UA-->SZ,UA-->SZ,UA-->SZ,UA-->SZ,UA-->SZ,UA-->SZ,UA-->SZ,UA-->SZ,UA-->SZ,UA-->SZ,UA-->SZ,UA-->SZ,UA-->SZ,UA-->SZ,UA-->SZ,UA-->SZ,UA-->SZ,UA-->SZ,UA-->SZ,,,,,,,,,,,,,,,,,SZ-->UA,SZ-->UA,SZ-->UA,SZ-->UA,SZ-->UA,SZ-->UA,SZ-->UA,SZ-->UA,SZ-->UA,SZ-->UA,SZ-->UA,SZ-->UA,SZ-->UA,SZ-->UA,SZ-->UA,SZ-->UA,SZ-->UA,SZ-->UA,SZ-->UA
AE,ARE,United Arab Emirates,Abu Dhabi,Asia,Western Asia,,AE-->SZ,AE-->SZ,AE-->SZ,AE-->SZ,AE-->SZ,AE-->SZ,AE-->SZ,AE-->SZ,AE-->SZ,AE-->SZ,AE-->SZ,AE-->SZ,AE-->SZ,AE-->SZ,AE-->SZ,AE-->SZ,AE-->SZ,AE-->SZ,AE-->SZ,,,,,,,,,,,,,,,,,SZ-->AE,SZ-->AE,SZ-->AE,SZ-->AE,SZ-->AE,SZ-->AE,SZ-->AE,SZ-->AE,SZ-->AE,SZ-->AE,SZ-->AE,SZ-->AE,SZ-->AE,SZ-->AE,SZ-->AE,SZ-->AE,SZ-->AE,SZ-->AE,SZ-->AE
GB,GBR,United Kingdom,London,Europe,Northern Europe,,GB-->SZ,GB-->SZ,GB-->SZ,GB-->SZ,GB-->SZ,GB-->SZ,GB-->SZ,GB-->SZ,GB-->SZ,GB-->SZ,GB-->SZ,GB-->SZ,GB-->SZ,GB-->SZ,GB-->SZ,GB-->SZ,GB-->SZ,GB-->SZ,GB-->SZ,,,,,,,,,,,,,,,,,SZ-->GB,SZ-->GB,SZ-->GB,SZ-->GB,SZ-->GB,SZ-->GB,SZ-->GB,SZ-->GB,SZ-->GB,SZ-->GB,SZ-->GB,SZ-->GB,SZ-->GB,SZ-->GB,SZ-->GB,SZ-->GB,SZ-->GB,SZ-->GB,SZ-->GB
US,USA,United States,"Washington, D.C.",Americas,Northern America,,US-->SZ,US-->SZ,US-->SZ,US-->SZ,US-->SZ,US-->SZ,US-->SZ,US-->SZ,US-->SZ,US-->SZ,US-->SZ,US-->SZ,US-->SZ,US-->SZ,US-->SZ,US-->SZ,US-->SZ,US-->SZ,US-->SZ,,,,,,,,,,,,,,,,,SZ-->US,SZ-->US,SZ-->US,SZ-->US,SZ-->US,SZ-->US,SZ-->US,SZ-->US,SZ-->US,SZ-->US,SZ-->US,SZ-->US,SZ-->US,SZ-->US,SZ-->US,SZ-->US,SZ-->US,SZ-->US,SZ-->US
UY,URY,Uruguay,Montevideo,Americas,South America,,UY-->SZ,UY-->SZ,UY-->SZ,UY-->SZ,UY-->SZ,UY-->SZ,UY-->SZ,UY-->SZ,UY-->SZ,UY-->SZ,UY-->SZ,UY-->SZ,UY-->SZ,UY-->SZ,UY-->SZ,UY-->SZ,UY-->SZ,UY-->SZ,UY-->SZ,,,,,,,,,,,,,,,,,SZ-->UY,SZ-->UY,SZ-->UY,SZ-->UY,SZ-->UY,SZ-->UY,SZ-->UY,SZ-->UY,SZ-->UY,SZ-->UY,SZ-->UY,SZ-->UY,SZ-->UY,SZ-->UY,SZ-->UY,SZ-->UY,SZ-->UY,SZ-->UY,SZ-->UY
UZ,UZB,Uzbekistan,Tashkent,Asia,Central Asia,,UZ-->SZ,UZ-->SZ,UZ-->SZ,UZ-->SZ,UZ-->SZ,UZ-->SZ,UZ-->SZ,UZ-->SZ,UZ-->SZ,UZ-->SZ,UZ-->SZ,UZ-->SZ,UZ-->SZ,UZ-->SZ,UZ-->SZ,UZ-->SZ,UZ-->SZ,UZ-->SZ,UZ-->SZ,,,,,,,,,,,,,,,,,SZ-->UZ,SZ-->UZ,SZ-->UZ,SZ-->UZ,SZ-->UZ,SZ-->UZ,SZ-->UZ,SZ-->UZ,SZ-->UZ,SZ-->UZ,SZ-->UZ,SZ-->UZ,SZ-->UZ,SZ-->UZ,SZ-->UZ,SZ-->UZ,SZ-->UZ,SZ-->UZ,SZ-->UZ
VU,VUT,Vanuatu,Port Vila,Oceania,Melanesia,,VU-->SZ,VU-->SZ,VU-->SZ,VU-->SZ,VU-->SZ,VU-->SZ,VU-->SZ,VU-->SZ,VU-->SZ,VU-->SZ,VU-->SZ,VU-->SZ,VU-->SZ,VU-->SZ,VU-->SZ,VU-->SZ,VU-->SZ,VU-->SZ,VU-->SZ,,,,,,,,,,,,,,,,,SZ-->VU,SZ-->VU,SZ-->VU,SZ-->VU,SZ-->VU,SZ-->VU,SZ-->VU,SZ-->VU,SZ-->VU,SZ-->VU,SZ-->VU,SZ-->VU,SZ-->VU,SZ-->VU,SZ-->VU,SZ-->VU,SZ-->VU,SZ-->VU,SZ-->VU
VE,VEN,Venezuela,Caracas,Americas,South America,,VE-->SZ,VE-->SZ,VE-->SZ,VE-->SZ,VE-->SZ,VE-->SZ,VE-->SZ,VE-->SZ,VE-->SZ,VE-->SZ,VE-->SZ,VE-->SZ,VE-->SZ,VE-->SZ,VE-->SZ,VE-->SZ,VE-->SZ,VE-->SZ,VE-->SZ,,,,,,,,,,,,,,,,,SZ-->VE,SZ-->VE,SZ-->VE,SZ-->VE,SZ-->VE,SZ-->VE,SZ-->VE,SZ-->VE,SZ-->VE,SZ-->VE,SZ-->VE,SZ-->VE,SZ-->VE,SZ-->VE,SZ-->VE,SZ-->VE,SZ-->VE,SZ-->VE,SZ-->VE
VN,VNM,Vietnam,Hanoi,Asia,South-Eastern Asia,,VN-->SZ,VN-->SZ,VN-->SZ,VN-->SZ,VN-->SZ,VN-->SZ,VN-->SZ,VN-->SZ,VN-->SZ,VN-->SZ,VN-->SZ,VN-->SZ,VN-->SZ,VN-->SZ,VN-->SZ,VN-->SZ,VN-->SZ,VN-->SZ,VN-->SZ,,,,,,,,,,,,,,,,,SZ-->VN,SZ-->VN,SZ-->VN,SZ-->VN,SZ-->VN,SZ-->VN,SZ-->VN,SZ-->VN,SZ-->VN,SZ-->VN,SZ-->VN,SZ-->VN,SZ-->VN,SZ-->VN,SZ-->VN,SZ-->VN,SZ-->VN,SZ-->VN,SZ-->VN
WF,WLF,Wallis and Futuna,Mata-Utu,Oceania,Polynesia,,WF-->SZ,WF-->SZ,WF-->SZ,WF-->SZ,WF-->SZ,WF-->SZ,WF-->SZ,WF-->SZ,WF-->SZ,WF-->SZ,WF-->SZ,WF-->SZ,WF-->SZ,WF-->SZ,WF-->SZ,WF-->SZ,WF-->SZ,WF-->SZ,WF-->SZ,,,,,,,,,,,,,,,,,SZ-->WF,SZ-->WF,SZ-->WF,SZ-->WF,SZ-->WF,SZ-->WF,SZ-->WF,SZ-->WF,SZ-->WF,SZ-->WF,SZ-->WF,SZ-->WF,SZ-->WF,SZ-->WF,SZ-->WF,SZ-->WF,SZ-->WF,SZ-->WF,SZ-->WF
EH,ESH,Western Sahara,El Aaiún,Africa,Northern Africa,,EH-->SZ,EH-->SZ,EH-->SZ,EH-->SZ,EH-->SZ,EH-->SZ,EH-->SZ,EH-->SZ,EH-->SZ,EH-->SZ,EH-->SZ,EH-->SZ,EH-->SZ,EH-->SZ,EH-->SZ,EH-->SZ,EH-->SZ,EH-->SZ,EH-->SZ,,,,,,,,,,,,,,,,,SZ-->EH,SZ-->EH,SZ-->EH,SZ-->EH,SZ-->EH,SZ-->EH,SZ-->EH,SZ-->EH,SZ-->EH,SZ-->EH,SZ-->EH,SZ-->EH,SZ-->EH,SZ-->EH,SZ-->EH,SZ-->EH,SZ-->EH,SZ-->EH,SZ-->EH
YE,YEM,Yemen,Sana'a,Asia,Western Asia,,YE-->SZ,YE-->SZ,YE-->SZ,YE-->SZ,YE-->SZ,YE-->SZ,YE-->SZ,YE-->SZ,YE-->SZ,YE-->SZ,YE-->SZ,YE-->SZ,YE-->SZ,YE-->SZ,YE-->SZ,YE-->SZ,YE-->SZ,YE-->SZ,YE-->SZ,,,,,,,,,,,,,,,,,SZ-->YE,SZ-->YE,SZ-->YE,SZ-->YE,SZ-->YE,SZ-->YE,SZ-->YE,SZ-->YE,SZ-->YE,SZ-->YE,SZ-->YE,SZ-->YE,SZ-->YE,SZ-->YE,SZ-->YE,SZ-->YE,SZ-->YE,SZ-->YE,SZ-->YE
ZM,ZMB,Zambia,Lusaka,Africa,Eastern Africa,,ZM-->SZ,ZM-->SZ,ZM-->SZ,ZM-->SZ,ZM-->SZ,ZM-->SZ,ZM-->SZ,ZM-->SZ,ZM-->SZ,ZM-->SZ,ZM-->SZ,ZM-->SZ,ZM-->SZ,ZM-->SZ,ZM-->SZ,ZM-->SZ,ZM-->SZ,ZM-->SZ,ZM-->SZ,,,,,,,,,,,,,,,,,SZ-->ZM,SZ-->ZM,SZ-->ZM,SZ-->ZM,SZ-->ZM,SZ-->ZM,SZ-->ZM,SZ-->ZM,SZ-->ZM,SZ-->ZM,SZ-->ZM,SZ-->ZM,SZ-->ZM,SZ-->ZM,SZ-->ZM,SZ-->ZM,SZ-->ZM,SZ-->ZM,SZ-->ZM
ZW,ZWE,Zimbabwe,Harare,Africa,Eastern Africa,,ZW-->SZ,ZW-->SZ,ZW-->SZ,ZW-->SZ,ZW-->SZ,ZW-->SZ,ZW-->SZ,ZW-->SZ,ZW-->SZ,ZW-->SZ,ZW-->SZ,ZW-->SZ,ZW-->SZ,ZW-->SZ,ZW-->SZ,ZW-->SZ,ZW-->SZ,ZW-->SZ,ZW-->SZ,,,,,,,,,,,,,,,,,SZ-->ZW,SZ-->ZW,SZ-->ZW,SZ-->ZW,SZ-->ZW,SZ-->ZW,SZ-->ZW,SZ-->ZW,SZ-->ZW,SZ-->ZW,SZ-->ZW,SZ-->ZW,SZ-->ZW,SZ-->ZW,SZ-->ZW,SZ-->ZW,SZ-->ZW,SZ-->ZW,SZ-->ZW
