nu,code,name,capital,region,subregion,Unnamed: 6,quara/into/where/e,quara/into/where/v,quara/into/where/uv,quara/into/min/e,quara/into/min/v,quara/into/min/uv,quara/into/max/e,quara/into/max/v,quara/into/max/uv,quara/into/comment,test/into/pcr/e,test/into/pcr/v,test/into/pcr/uv,test/into/ag/e,test/into/ag/v,test/into/ag/uv,test/into/comment,visa/into,visa/into/comment,loadStates/into,Unnamed: 27,Unnamed: 28,Unnamed: 29,Unnamed: 30,Unnamed: 31,Unnamed: 32,Unnamed: 33,Unnamed: 34,Unnamed: 35,Unnamed: 36,Unnamed: 37,Unnamed: 38,Unnamed: 39,Unnamed: 40,Unnamed: 41,quara/out/where/e,quara/out/where/v,quara/out/where/uv,quara/out/min/e,quara/out/min/v,quara/out/min/uv,quara/out/max/e,quara/out/max/v,quara/out/max/uv,quara/out/comment,test/out/pcr/e,test/out/pcr/v,test/out/pcr/uv,test/out/ag/e,test/out/ag/v,test/out/ag/uv,test/out/comment,visa/out,visa/out/comment
AF,AFG,Afghanistan,Kabul,Asia,Southern Asia,,AF-->US,AF-->US,AF-->US,AF-->US,AF-->US,AF-->US,AF-->US,AF-->US,AF-->US,AF-->US,AF-->US,AF-->US,AF-->US,AF-->US,AF-->US,AF-->US,AF-->US,AF-->US,AF-->US,,,,,,,,,,,,,,,,,US-->AF,US-->AF,US-->AF,US-->AF,US-->AF,US-->AF,US-->AF,US-->AF,US-->AF,US-->AF,US-->AF,US-->AF,US-->AF,US-->AF,US-->AF,US-->AF,US-->AF,US-->AF,US-->AF
AX,ALA,Åland Islands,Mariehamn,Europe,Northern Europe,,AX-->US,AX-->US,AX-->US,AX-->US,AX-->US,AX-->US,AX-->US,AX-->US,AX-->US,AX-->US,AX-->US,AX-->US,AX-->US,AX-->US,AX-->US,AX-->US,AX-->US,AX-->US,AX-->US,,,,,,,,,,,,,,,,,US-->AX,US-->AX,US-->AX,US-->AX,US-->AX,US-->AX,US-->AX,US-->AX,US-->AX,US-->AX,US-->AX,US-->AX,US-->AX,US-->AX,US-->AX,US-->AX,US-->AX,US-->AX,US-->AX
AL,ALB,Albania,Tirana,Europe,Southern Europe,,AL-->US,AL-->US,AL-->US,AL-->US,AL-->US,AL-->US,AL-->US,AL-->US,AL-->US,AL-->US,AL-->US,AL-->US,AL-->US,AL-->US,AL-->US,AL-->US,AL-->US,AL-->US,AL-->US,,,,,,,,,,,,,,,,,US-->AL,US-->AL,US-->AL,US-->AL,US-->AL,US-->AL,US-->AL,US-->AL,US-->AL,US-->AL,US-->AL,US-->AL,US-->AL,US-->AL,US-->AL,US-->AL,US-->AL,US-->AL,US-->AL
DZ,DZA,Algeria,Algiers,Africa,Northern Africa,,DZ-->US,DZ-->US,DZ-->US,DZ-->US,DZ-->US,DZ-->US,DZ-->US,DZ-->US,DZ-->US,DZ-->US,DZ-->US,DZ-->US,DZ-->US,DZ-->US,DZ-->US,DZ-->US,DZ-->US,DZ-->US,DZ-->US,,,,,,,,,,,,,,,,,US-->DZ,US-->DZ,US-->DZ,US-->DZ,US-->DZ,US-->DZ,US-->DZ,US-->DZ,US-->DZ,US-->DZ,US-->DZ,US-->DZ,US-->DZ,US-->DZ,US-->DZ,US-->DZ,US-->DZ,US-->DZ,US-->DZ
AS,ASM,American Samoa,Pago Pago,Oceania,Polynesia,,AS-->US,AS-->US,AS-->US,AS-->US,AS-->US,AS-->US,AS-->US,AS-->US,AS-->US,AS-->US,AS-->US,AS-->US,AS-->US,AS-->US,AS-->US,AS-->US,AS-->US,AS-->US,AS-->US,,,,,,,,,,,,,,,,,US-->AS,US-->AS,US-->AS,US-->AS,US-->AS,US-->AS,US-->AS,US-->AS,US-->AS,US-->AS,US-->AS,US-->AS,US-->AS,US-->AS,US-->AS,US-->AS,US-->AS,US-->AS,US-->AS
AD,AND,Andorra,Andorra la Vella,Europe,Southern Europe,,AD-->US,AD-->US,AD-->US,AD-->US,AD-->US,AD-->US,AD-->US,AD-->US,AD-->US,AD-->US,AD-->US,AD-->US,AD-->US,AD-->US,AD-->US,AD-->US,AD-->US,AD-->US,AD-->US,,,,,,,,,,,,,,,,,US-->AD,US-->AD,US-->AD,US-->AD,US-->AD,US-->AD,US-->AD,US-->AD,US-->AD,US-->AD,US-->AD,US-->AD,US-->AD,US-->AD,US-->AD,US-->AD,US-->AD,US-->AD,US-->AD
AO,AGO,Angola,Luanda,Africa,Middle Africa,,AO-->US,AO-->US,AO-->US,AO-->US,AO-->US,AO-->US,AO-->US,AO-->US,AO-->US,AO-->US,AO-->US,AO-->US,AO-->US,AO-->US,AO-->US,AO-->US,AO-->US,AO-->US,AO-->US,,,,,,,,,,,,,,,,,US-->AO,US-->AO,US-->AO,US-->AO,US-->AO,US-->AO,US-->AO,US-->AO,US-->AO,US-->AO,US-->AO,US-->AO,US-->AO,US-->AO,US-->AO,US-->AO,US-->AO,US-->AO,US-->AO
AI,AIA,Anguilla,The Valley,Americas,Caribbean,,AI-->US,AI-->US,AI-->US,AI-->US,AI-->US,AI-->US,AI-->US,AI-->US,AI-->US,AI-->US,AI-->US,AI-->US,AI-->US,AI-->US,AI-->US,AI-->US,AI-->US,AI-->US,AI-->US,,,,,,,,,,,,,,,,,US-->AI,US-->AI,US-->AI,US-->AI,US-->AI,US-->AI,US-->AI,US-->AI,US-->AI,US-->AI,US-->AI,US-->AI,US-->AI,US-->AI,US-->AI,US-->AI,US-->AI,US-->AI,US-->AI
AQ,ATA,Antarctica,,Polar,,,AQ-->US,AQ-->US,AQ-->US,AQ-->US,AQ-->US,AQ-->US,AQ-->US,AQ-->US,AQ-->US,AQ-->US,AQ-->US,AQ-->US,AQ-->US,AQ-->US,AQ-->US,AQ-->US,AQ-->US,AQ-->US,AQ-->US,,,,,,,,,,,,,,,,,US-->AQ,US-->AQ,US-->AQ,US-->AQ,US-->AQ,US-->AQ,US-->AQ,US-->AQ,US-->AQ,US-->AQ,US-->AQ,US-->AQ,US-->AQ,US-->AQ,US-->AQ,US-->AQ,US-->AQ,US-->AQ,US-->AQ
AG,ATG,Antigua and Barbuda,Saint John's,Americas,Caribbean,,AG-->US,AG-->US,AG-->US,AG-->US,AG-->US,AG-->US,AG-->US,AG-->US,AG-->US,AG-->US,AG-->US,AG-->US,AG-->US,AG-->US,AG-->US,AG-->US,AG-->US,AG-->US,AG-->US,,,,,,,,,,,,,,,,,US-->AG,US-->AG,US-->AG,US-->AG,US-->AG,US-->AG,US-->AG,US-->AG,US-->AG,US-->AG,US-->AG,US-->AG,US-->AG,US-->AG,US-->AG,US-->AG,US-->AG,US-->AG,US-->AG
AR,ARG,Argentina,Buenos Aires,Americas,South America,,AR-->US,AR-->US,AR-->US,AR-->US,AR-->US,AR-->US,AR-->US,AR-->US,AR-->US,AR-->US,AR-->US,AR-->US,AR-->US,AR-->US,AR-->US,AR-->US,AR-->US,AR-->US,AR-->US,,,,,,,,,,,,,,,,,US-->AR,US-->AR,US-->AR,US-->AR,US-->AR,US-->AR,US-->AR,US-->AR,US-->AR,US-->AR,US-->AR,US-->AR,US-->AR,US-->AR,US-->AR,US-->AR,US-->AR,US-->AR,US-->AR
AM,ARM,Armenia,Yerevan,Asia,Western Asia,,AM-->US,AM-->US,AM-->US,AM-->US,AM-->US,AM-->US,AM-->US,AM-->US,AM-->US,AM-->US,AM-->US,AM-->US,AM-->US,AM-->US,AM-->US,AM-->US,AM-->US,AM-->US,AM-->US,,,,,,,,,,,,,,,,,US-->AM,US-->AM,US-->AM,US-->AM,US-->AM,US-->AM,US-->AM,US-->AM,US-->AM,US-->AM,US-->AM,US-->AM,US-->AM,US-->AM,US-->AM,US-->AM,US-->AM,US-->AM,US-->AM
AW,ABW,Aruba,Oranjestad,Americas,Caribbean,,AW-->US,AW-->US,AW-->US,AW-->US,AW-->US,AW-->US,AW-->US,AW-->US,AW-->US,AW-->US,AW-->US,AW-->US,AW-->US,AW-->US,AW-->US,AW-->US,AW-->US,AW-->US,AW-->US,,,,,,,,,,,,,,,,,US-->AW,US-->AW,US-->AW,US-->AW,US-->AW,US-->AW,US-->AW,US-->AW,US-->AW,US-->AW,US-->AW,US-->AW,US-->AW,US-->AW,US-->AW,US-->AW,US-->AW,US-->AW,US-->AW
AU,AUS,Australia,Canberra,Oceania,Australia and New Zealand,,AU-->US,AU-->US,AU-->US,AU-->US,AU-->US,AU-->US,AU-->US,AU-->US,AU-->US,AU-->US,AU-->US,AU-->US,AU-->US,AU-->US,AU-->US,AU-->US,AU-->US,AU-->US,AU-->US,,,,,,,,,,,,,,,,,US-->AU,US-->AU,US-->AU,US-->AU,US-->AU,US-->AU,US-->AU,US-->AU,US-->AU,US-->AU,US-->AU,US-->AU,US-->AU,US-->AU,US-->AU,US-->AU,US-->AU,US-->AU,US-->AU
AT,AUT,Austria,Vienna,Europe,Western Europe,,AT-->US,AT-->US,AT-->US,AT-->US,AT-->US,AT-->US,AT-->US,AT-->US,AT-->US,AT-->US,AT-->US,AT-->US,AT-->US,AT-->US,AT-->US,AT-->US,AT-->US,AT-->US,AT-->US,,,,,,,,,,,,,,,,,US-->AT,US-->AT,US-->AT,US-->AT,US-->AT,US-->AT,US-->AT,US-->AT,US-->AT,US-->AT,US-->AT,US-->AT,US-->AT,US-->AT,US-->AT,US-->AT,US-->AT,US-->AT,US-->AT
AZ,AZE,Azerbaijan,Baku,Asia,Western Asia,,AZ-->US,AZ-->US,AZ-->US,AZ-->US,AZ-->US,AZ-->US,AZ-->US,AZ-->US,AZ-->US,AZ-->US,AZ-->US,AZ-->US,AZ-->US,AZ-->US,AZ-->US,AZ-->US,AZ-->US,AZ-->US,AZ-->US,,,,,,,,,,,,,,,,,US-->AZ,US-->AZ,US-->AZ,US-->AZ,US-->AZ,US-->AZ,US-->AZ,US-->AZ,US-->AZ,US-->AZ,US-->AZ,US-->AZ,US-->AZ,US-->AZ,US-->AZ,US-->AZ,US-->AZ,US-->AZ,US-->AZ
BS,BHS,The Bahamas,Nassau,Americas,Caribbean,,BS-->US,BS-->US,BS-->US,BS-->US,BS-->US,BS-->US,BS-->US,BS-->US,BS-->US,BS-->US,BS-->US,BS-->US,BS-->US,BS-->US,BS-->US,BS-->US,BS-->US,BS-->US,BS-->US,,,,,,,,,,,,,,,,,US-->BS,US-->BS,US-->BS,US-->BS,US-->BS,US-->BS,US-->BS,US-->BS,US-->BS,US-->BS,US-->BS,US-->BS,US-->BS,US-->BS,US-->BS,US-->BS,US-->BS,US-->BS,US-->BS
BH,BHR,Bahrain,Manama,Asia,Western Asia,,BH-->US,BH-->US,BH-->US,BH-->US,BH-->US,BH-->US,BH-->US,BH-->US,BH-->US,BH-->US,BH-->US,BH-->US,BH-->US,BH-->US,BH-->US,BH-->US,BH-->US,BH-->US,BH-->US,,,,,,,,,,,,,,,,,US-->BH,US-->BH,US-->BH,US-->BH,US-->BH,US-->BH,US-->BH,US-->BH,US-->BH,US-->BH,US-->BH,US-->BH,US-->BH,US-->BH,US-->BH,US-->BH,US-->BH,US-->BH,US-->BH
BD,BGD,Bangladesh,Dhaka,Asia,Southern Asia,,BD-->US,BD-->US,BD-->US,BD-->US,BD-->US,BD-->US,BD-->US,BD-->US,BD-->US,BD-->US,BD-->US,BD-->US,BD-->US,BD-->US,BD-->US,BD-->US,BD-->US,BD-->US,BD-->US,,,,,,,,,,,,,,,,,US-->BD,US-->BD,US-->BD,US-->BD,US-->BD,US-->BD,US-->BD,US-->BD,US-->BD,US-->BD,US-->BD,US-->BD,US-->BD,US-->BD,US-->BD,US-->BD,US-->BD,US-->BD,US-->BD
BB,BRB,Barbados,Bridgetown,Americas,Caribbean,,BB-->US,BB-->US,BB-->US,BB-->US,BB-->US,BB-->US,BB-->US,BB-->US,BB-->US,BB-->US,BB-->US,BB-->US,BB-->US,BB-->US,BB-->US,BB-->US,BB-->US,BB-->US,BB-->US,,,,,,,,,,,,,,,,,US-->BB,US-->BB,US-->BB,US-->BB,US-->BB,US-->BB,US-->BB,US-->BB,US-->BB,US-->BB,US-->BB,US-->BB,US-->BB,US-->BB,US-->BB,US-->BB,US-->BB,US-->BB,US-->BB
BY,BLR,Belarus,Minsk,Europe,Eastern Europe,,BY-->US,BY-->US,BY-->US,BY-->US,BY-->US,BY-->US,BY-->US,BY-->US,BY-->US,BY-->US,BY-->US,BY-->US,BY-->US,BY-->US,BY-->US,BY-->US,BY-->US,BY-->US,BY-->US,,,,,,,,,,,,,,,,,US-->BY,US-->BY,US-->BY,US-->BY,US-->BY,US-->BY,US-->BY,US-->BY,US-->BY,US-->BY,US-->BY,US-->BY,US-->BY,US-->BY,US-->BY,US-->BY,US-->BY,US-->BY,US-->BY
BE,BEL,Belgium,Brussels,Europe,Western Europe,,BE-->US,BE-->US,BE-->US,BE-->US,BE-->US,BE-->US,BE-->US,BE-->US,BE-->US,BE-->US,BE-->US,BE-->US,BE-->US,BE-->US,BE-->US,BE-->US,BE-->US,BE-->US,BE-->US,,,,,,,,,,,,,,,,,US-->BE,US-->BE,US-->BE,US-->BE,US-->BE,US-->BE,US-->BE,US-->BE,US-->BE,US-->BE,US-->BE,US-->BE,US-->BE,US-->BE,US-->BE,US-->BE,US-->BE,US-->BE,US-->BE
BZ,BLZ,Belize,Belmopan,Americas,Central America,,BZ-->US,BZ-->US,BZ-->US,BZ-->US,BZ-->US,BZ-->US,BZ-->US,BZ-->US,BZ-->US,BZ-->US,BZ-->US,BZ-->US,BZ-->US,BZ-->US,BZ-->US,BZ-->US,BZ-->US,BZ-->US,BZ-->US,,,,,,,,,,,,,,,,,US-->BZ,US-->BZ,US-->BZ,US-->BZ,US-->BZ,US-->BZ,US-->BZ,US-->BZ,US-->BZ,US-->BZ,US-->BZ,US-->BZ,US-->BZ,US-->BZ,US-->BZ,US-->BZ,US-->BZ,US-->BZ,US-->BZ
BJ,BEN,Benin,Porto-Novo,Africa,Western Africa,,BJ-->US,BJ-->US,BJ-->US,BJ-->US,BJ-->US,BJ-->US,BJ-->US,BJ-->US,BJ-->US,BJ-->US,BJ-->US,BJ-->US,BJ-->US,BJ-->US,BJ-->US,BJ-->US,BJ-->US,BJ-->US,BJ-->US,,,,,,,,,,,,,,,,,US-->BJ,US-->BJ,US-->BJ,US-->BJ,US-->BJ,US-->BJ,US-->BJ,US-->BJ,US-->BJ,US-->BJ,US-->BJ,US-->BJ,US-->BJ,US-->BJ,US-->BJ,US-->BJ,US-->BJ,US-->BJ,US-->BJ
BM,BMU,Bermuda,Hamilton,Americas,Northern America,,BM-->US,BM-->US,BM-->US,BM-->US,BM-->US,BM-->US,BM-->US,BM-->US,BM-->US,BM-->US,BM-->US,BM-->US,BM-->US,BM-->US,BM-->US,BM-->US,BM-->US,BM-->US,BM-->US,,,,,,,,,,,,,,,,,US-->BM,US-->BM,US-->BM,US-->BM,US-->BM,US-->BM,US-->BM,US-->BM,US-->BM,US-->BM,US-->BM,US-->BM,US-->BM,US-->BM,US-->BM,US-->BM,US-->BM,US-->BM,US-->BM
BT,BTN,Bhutan,Thimphu,Asia,Southern Asia,,BT-->US,BT-->US,BT-->US,BT-->US,BT-->US,BT-->US,BT-->US,BT-->US,BT-->US,BT-->US,BT-->US,BT-->US,BT-->US,BT-->US,BT-->US,BT-->US,BT-->US,BT-->US,BT-->US,,,,,,,,,,,,,,,,,US-->BT,US-->BT,US-->BT,US-->BT,US-->BT,US-->BT,US-->BT,US-->BT,US-->BT,US-->BT,US-->BT,US-->BT,US-->BT,US-->BT,US-->BT,US-->BT,US-->BT,US-->BT,US-->BT
BO,BOL,Bolivia,Sucre,Americas,South America,,BO-->US,BO-->US,BO-->US,BO-->US,BO-->US,BO-->US,BO-->US,BO-->US,BO-->US,BO-->US,BO-->US,BO-->US,BO-->US,BO-->US,BO-->US,BO-->US,BO-->US,BO-->US,BO-->US,,,,,,,,,,,,,,,,,US-->BO,US-->BO,US-->BO,US-->BO,US-->BO,US-->BO,US-->BO,US-->BO,US-->BO,US-->BO,US-->BO,US-->BO,US-->BO,US-->BO,US-->BO,US-->BO,US-->BO,US-->BO,US-->BO
BQ,BES,Bonaire,Kralendijk,Americas,Caribbean,,BQ-->US,BQ-->US,BQ-->US,BQ-->US,BQ-->US,BQ-->US,BQ-->US,BQ-->US,BQ-->US,BQ-->US,BQ-->US,BQ-->US,BQ-->US,BQ-->US,BQ-->US,BQ-->US,BQ-->US,BQ-->US,BQ-->US,,,,,,,,,,,,,,,,,US-->BQ,US-->BQ,US-->BQ,US-->BQ,US-->BQ,US-->BQ,US-->BQ,US-->BQ,US-->BQ,US-->BQ,US-->BQ,US-->BQ,US-->BQ,US-->BQ,US-->BQ,US-->BQ,US-->BQ,US-->BQ,US-->BQ
BA,BIH,Bosnia and Herzegovina,Sarajevo,Europe,Southern Europe,,BA-->US,BA-->US,BA-->US,BA-->US,BA-->US,BA-->US,BA-->US,BA-->US,BA-->US,BA-->US,BA-->US,BA-->US,BA-->US,BA-->US,BA-->US,BA-->US,BA-->US,BA-->US,BA-->US,,,,,,,,,,,,,,,,,US-->BA,US-->BA,US-->BA,US-->BA,US-->BA,US-->BA,US-->BA,US-->BA,US-->BA,US-->BA,US-->BA,US-->BA,US-->BA,US-->BA,US-->BA,US-->BA,US-->BA,US-->BA,US-->BA
BW,BWA,Botswana,Gaborone,Africa,Southern Africa,,BW-->US,BW-->US,BW-->US,BW-->US,BW-->US,BW-->US,BW-->US,BW-->US,BW-->US,BW-->US,BW-->US,BW-->US,BW-->US,BW-->US,BW-->US,BW-->US,BW-->US,BW-->US,BW-->US,,,,,,,,,,,,,,,,,US-->BW,US-->BW,US-->BW,US-->BW,US-->BW,US-->BW,US-->BW,US-->BW,US-->BW,US-->BW,US-->BW,US-->BW,US-->BW,US-->BW,US-->BW,US-->BW,US-->BW,US-->BW,US-->BW
BV,BVT,Bouvet Island,,,,,BV-->US,BV-->US,BV-->US,BV-->US,BV-->US,BV-->US,BV-->US,BV-->US,BV-->US,BV-->US,BV-->US,BV-->US,BV-->US,BV-->US,BV-->US,BV-->US,BV-->US,BV-->US,BV-->US,,,,,,,,,,,,,,,,,US-->BV,US-->BV,US-->BV,US-->BV,US-->BV,US-->BV,US-->BV,US-->BV,US-->BV,US-->BV,US-->BV,US-->BV,US-->BV,US-->BV,US-->BV,US-->BV,US-->BV,US-->BV,US-->BV
BR,BRA,Brazil,Brasília,Americas,South America,,BR-->US,BR-->US,BR-->US,BR-->US,BR-->US,BR-->US,BR-->US,BR-->US,BR-->US,BR-->US,BR-->US,BR-->US,BR-->US,BR-->US,BR-->US,BR-->US,BR-->US,BR-->US,BR-->US,,,,,,,,,,,,,,,,,US-->BR,US-->BR,US-->BR,US-->BR,US-->BR,US-->BR,US-->BR,US-->BR,US-->BR,US-->BR,US-->BR,US-->BR,US-->BR,US-->BR,US-->BR,US-->BR,US-->BR,US-->BR,US-->BR
IO,IOT,British Indian Ocean Territory,Diego Garcia,Africa,Eastern Africa,,IO-->US,IO-->US,IO-->US,IO-->US,IO-->US,IO-->US,IO-->US,IO-->US,IO-->US,IO-->US,IO-->US,IO-->US,IO-->US,IO-->US,IO-->US,IO-->US,IO-->US,IO-->US,IO-->US,,,,,,,,,,,,,,,,,US-->IO,US-->IO,US-->IO,US-->IO,US-->IO,US-->IO,US-->IO,US-->IO,US-->IO,US-->IO,US-->IO,US-->IO,US-->IO,US-->IO,US-->IO,US-->IO,US-->IO,US-->IO,US-->IO
UM,UMI,United States Minor Outlying Islands,,Americas,Northern America,,UM-->US,UM-->US,UM-->US,UM-->US,UM-->US,UM-->US,UM-->US,UM-->US,UM-->US,UM-->US,UM-->US,UM-->US,UM-->US,UM-->US,UM-->US,UM-->US,UM-->US,UM-->US,UM-->US,,,,,,,,,,,,,,,,,US-->UM,US-->UM,US-->UM,US-->UM,US-->UM,US-->UM,US-->UM,US-->UM,US-->UM,US-->UM,US-->UM,US-->UM,US-->UM,US-->UM,US-->UM,US-->UM,US-->UM,US-->UM,US-->UM
VG,VGB,Virgin Islands (British),Road Town,Americas,Caribbean,,VG-->US,VG-->US,VG-->US,VG-->US,VG-->US,VG-->US,VG-->US,VG-->US,VG-->US,VG-->US,VG-->US,VG-->US,VG-->US,VG-->US,VG-->US,VG-->US,VG-->US,VG-->US,VG-->US,,,,,,,,,,,,,,,,,US-->VG,US-->VG,US-->VG,US-->VG,US-->VG,US-->VG,US-->VG,US-->VG,US-->VG,US-->VG,US-->VG,US-->VG,US-->VG,US-->VG,US-->VG,US-->VG,US-->VG,US-->VG,US-->VG
VI,VIR,Virgin Islands (U.S.),Charlotte Amalie,Americas,Caribbean,,VI-->US,VI-->US,VI-->US,VI-->US,VI-->US,VI-->US,VI-->US,VI-->US,VI-->US,VI-->US,VI-->US,VI-->US,VI-->US,VI-->US,VI-->US,VI-->US,VI-->US,VI-->US,VI-->US,,,,,,,,,,,,,,,,,US-->VI,US-->VI,US-->VI,US-->VI,US-->VI,US-->VI,US-->VI,US-->VI,US-->VI,US-->VI,US-->VI,US-->VI,US-->VI,US-->VI,US-->VI,US-->VI,US-->VI,US-->VI,US-->VI
BN,BRN,Brunei,Bandar Seri Begawan,Asia,South-Eastern Asia,,BN-->US,BN-->US,BN-->US,BN-->US,BN-->US,BN-->US,BN-->US,BN-->US,BN-->US,BN-->US,BN-->US,BN-->US,BN-->US,BN-->US,BN-->US,BN-->US,BN-->US,BN-->US,BN-->US,,,,,,,,,,,,,,,,,US-->BN,US-->BN,US-->BN,US-->BN,US-->BN,US-->BN,US-->BN,US-->BN,US-->BN,US-->BN,US-->BN,US-->BN,US-->BN,US-->BN,US-->BN,US-->BN,US-->BN,US-->BN,US-->BN
BG,BGR,Bulgaria,Sofia,Europe,Eastern Europe,,BG-->US,BG-->US,BG-->US,BG-->US,BG-->US,BG-->US,BG-->US,BG-->US,BG-->US,BG-->US,BG-->US,BG-->US,BG-->US,BG-->US,BG-->US,BG-->US,BG-->US,BG-->US,BG-->US,,,,,,,,,,,,,,,,,US-->BG,US-->BG,US-->BG,US-->BG,US-->BG,US-->BG,US-->BG,US-->BG,US-->BG,US-->BG,US-->BG,US-->BG,US-->BG,US-->BG,US-->BG,US-->BG,US-->BG,US-->BG,US-->BG
BF,BFA,Burkina Faso,Ouagadougou,Africa,Western Africa,,BF-->US,BF-->US,BF-->US,BF-->US,BF-->US,BF-->US,BF-->US,BF-->US,BF-->US,BF-->US,BF-->US,BF-->US,BF-->US,BF-->US,BF-->US,BF-->US,BF-->US,BF-->US,BF-->US,,,,,,,,,,,,,,,,,US-->BF,US-->BF,US-->BF,US-->BF,US-->BF,US-->BF,US-->BF,US-->BF,US-->BF,US-->BF,US-->BF,US-->BF,US-->BF,US-->BF,US-->BF,US-->BF,US-->BF,US-->BF,US-->BF
BI,BDI,Burundi,Bujumbura,Africa,Eastern Africa,,BI-->US,BI-->US,BI-->US,BI-->US,BI-->US,BI-->US,BI-->US,BI-->US,BI-->US,BI-->US,BI-->US,BI-->US,BI-->US,BI-->US,BI-->US,BI-->US,BI-->US,BI-->US,BI-->US,,,,,,,,,,,,,,,,,US-->BI,US-->BI,US-->BI,US-->BI,US-->BI,US-->BI,US-->BI,US-->BI,US-->BI,US-->BI,US-->BI,US-->BI,US-->BI,US-->BI,US-->BI,US-->BI,US-->BI,US-->BI,US-->BI
KH,KHM,Cambodia,Phnom Penh,Asia,South-Eastern Asia,,KH-->US,KH-->US,KH-->US,KH-->US,KH-->US,KH-->US,KH-->US,KH-->US,KH-->US,KH-->US,KH-->US,KH-->US,KH-->US,KH-->US,KH-->US,KH-->US,KH-->US,KH-->US,KH-->US,,,,,,,,,,,,,,,,,US-->KH,US-->KH,US-->KH,US-->KH,US-->KH,US-->KH,US-->KH,US-->KH,US-->KH,US-->KH,US-->KH,US-->KH,US-->KH,US-->KH,US-->KH,US-->KH,US-->KH,US-->KH,US-->KH
CM,CMR,Cameroon,Yaoundé,Africa,Middle Africa,,CM-->US,CM-->US,CM-->US,CM-->US,CM-->US,CM-->US,CM-->US,CM-->US,CM-->US,CM-->US,CM-->US,CM-->US,CM-->US,CM-->US,CM-->US,CM-->US,CM-->US,CM-->US,CM-->US,,,,,,,,,,,,,,,,,US-->CM,US-->CM,US-->CM,US-->CM,US-->CM,US-->CM,US-->CM,US-->CM,US-->CM,US-->CM,US-->CM,US-->CM,US-->CM,US-->CM,US-->CM,US-->CM,US-->CM,US-->CM,US-->CM
CA,CAN,Canada,Ottawa,Americas,Northern America,,CA-->US,CA-->US,CA-->US,CA-->US,CA-->US,CA-->US,CA-->US,CA-->US,CA-->US,CA-->US,CA-->US,CA-->US,CA-->US,CA-->US,CA-->US,CA-->US,CA-->US,CA-->US,CA-->US,,,,,,,,,,,,,,,,,US-->CA,US-->CA,US-->CA,US-->CA,US-->CA,US-->CA,US-->CA,US-->CA,US-->CA,US-->CA,US-->CA,US-->CA,US-->CA,US-->CA,US-->CA,US-->CA,US-->CA,US-->CA,US-->CA
CV,CPV,Cape Verde,Praia,Africa,Western Africa,,CV-->US,CV-->US,CV-->US,CV-->US,CV-->US,CV-->US,CV-->US,CV-->US,CV-->US,CV-->US,CV-->US,CV-->US,CV-->US,CV-->US,CV-->US,CV-->US,CV-->US,CV-->US,CV-->US,,,,,,,,,,,,,,,,,US-->CV,US-->CV,US-->CV,US-->CV,US-->CV,US-->CV,US-->CV,US-->CV,US-->CV,US-->CV,US-->CV,US-->CV,US-->CV,US-->CV,US-->CV,US-->CV,US-->CV,US-->CV,US-->CV
KY,CYM,Cayman Islands,George Town,Americas,Caribbean,,KY-->US,KY-->US,KY-->US,KY-->US,KY-->US,KY-->US,KY-->US,KY-->US,KY-->US,KY-->US,KY-->US,KY-->US,KY-->US,KY-->US,KY-->US,KY-->US,KY-->US,KY-->US,KY-->US,,,,,,,,,,,,,,,,,US-->KY,US-->KY,US-->KY,US-->KY,US-->KY,US-->KY,US-->KY,US-->KY,US-->KY,US-->KY,US-->KY,US-->KY,US-->KY,US-->KY,US-->KY,US-->KY,US-->KY,US-->KY,US-->KY
CF,CAF,Central African Republic,Bangui,Africa,Middle Africa,,CF-->US,CF-->US,CF-->US,CF-->US,CF-->US,CF-->US,CF-->US,CF-->US,CF-->US,CF-->US,CF-->US,CF-->US,CF-->US,CF-->US,CF-->US,CF-->US,CF-->US,CF-->US,CF-->US,,,,,,,,,,,,,,,,,US-->CF,US-->CF,US-->CF,US-->CF,US-->CF,US-->CF,US-->CF,US-->CF,US-->CF,US-->CF,US-->CF,US-->CF,US-->CF,US-->CF,US-->CF,US-->CF,US-->CF,US-->CF,US-->CF
TD,TCD,Chad,N'Djamena,Africa,Middle Africa,,TD-->US,TD-->US,TD-->US,TD-->US,TD-->US,TD-->US,TD-->US,TD-->US,TD-->US,TD-->US,TD-->US,TD-->US,TD-->US,TD-->US,TD-->US,TD-->US,TD-->US,TD-->US,TD-->US,,,,,,,,,,,,,,,,,US-->TD,US-->TD,US-->TD,US-->TD,US-->TD,US-->TD,US-->TD,US-->TD,US-->TD,US-->TD,US-->TD,US-->TD,US-->TD,US-->TD,US-->TD,US-->TD,US-->TD,US-->TD,US-->TD
CL,CHL,Chile,Santiago,Americas,South America,,CL-->US,CL-->US,CL-->US,CL-->US,CL-->US,CL-->US,CL-->US,CL-->US,CL-->US,CL-->US,CL-->US,CL-->US,CL-->US,CL-->US,CL-->US,CL-->US,CL-->US,CL-->US,CL-->US,,,,,,,,,,,,,,,,,US-->CL,US-->CL,US-->CL,US-->CL,US-->CL,US-->CL,US-->CL,US-->CL,US-->CL,US-->CL,US-->CL,US-->CL,US-->CL,US-->CL,US-->CL,US-->CL,US-->CL,US-->CL,US-->CL
CN,CHN,China,Beijing,Asia,Eastern Asia,,CN-->US,CN-->US,CN-->US,CN-->US,CN-->US,CN-->US,CN-->US,CN-->US,CN-->US,CN-->US,CN-->US,CN-->US,CN-->US,CN-->US,CN-->US,CN-->US,CN-->US,CN-->US,CN-->US,,,,,,,,,,,,,,,,,US-->CN,US-->CN,US-->CN,US-->CN,US-->CN,US-->CN,US-->CN,US-->CN,US-->CN,US-->CN,US-->CN,US-->CN,US-->CN,US-->CN,US-->CN,US-->CN,US-->CN,US-->CN,US-->CN
CX,CXR,Christmas Island,Flying Fish Cove,Oceania,Australia and New Zealand,,CX-->US,CX-->US,CX-->US,CX-->US,CX-->US,CX-->US,CX-->US,CX-->US,CX-->US,CX-->US,CX-->US,CX-->US,CX-->US,CX-->US,CX-->US,CX-->US,CX-->US,CX-->US,CX-->US,,,,,,,,,,,,,,,,,US-->CX,US-->CX,US-->CX,US-->CX,US-->CX,US-->CX,US-->CX,US-->CX,US-->CX,US-->CX,US-->CX,US-->CX,US-->CX,US-->CX,US-->CX,US-->CX,US-->CX,US-->CX,US-->CX
CC,CCK,Cocos (Keeling) Islands,West Island,Oceania,Australia and New Zealand,,CC-->US,CC-->US,CC-->US,CC-->US,CC-->US,CC-->US,CC-->US,CC-->US,CC-->US,CC-->US,CC-->US,CC-->US,CC-->US,CC-->US,CC-->US,CC-->US,CC-->US,CC-->US,CC-->US,,,,,,,,,,,,,,,,,US-->CC,US-->CC,US-->CC,US-->CC,US-->CC,US-->CC,US-->CC,US-->CC,US-->CC,US-->CC,US-->CC,US-->CC,US-->CC,US-->CC,US-->CC,US-->CC,US-->CC,US-->CC,US-->CC
CO,COL,Colombia,Bogotá,Americas,South America,,CO-->US,CO-->US,CO-->US,CO-->US,CO-->US,CO-->US,CO-->US,CO-->US,CO-->US,CO-->US,CO-->US,CO-->US,CO-->US,CO-->US,CO-->US,CO-->US,CO-->US,CO-->US,CO-->US,,,,,,,,,,,,,,,,,US-->CO,US-->CO,US-->CO,US-->CO,US-->CO,US-->CO,US-->CO,US-->CO,US-->CO,US-->CO,US-->CO,US-->CO,US-->CO,US-->CO,US-->CO,US-->CO,US-->CO,US-->CO,US-->CO
KM,COM,Comoros,Moroni,Africa,Eastern Africa,,KM-->US,KM-->US,KM-->US,KM-->US,KM-->US,KM-->US,KM-->US,KM-->US,KM-->US,KM-->US,KM-->US,KM-->US,KM-->US,KM-->US,KM-->US,KM-->US,KM-->US,KM-->US,KM-->US,,,,,,,,,,,,,,,,,US-->KM,US-->KM,US-->KM,US-->KM,US-->KM,US-->KM,US-->KM,US-->KM,US-->KM,US-->KM,US-->KM,US-->KM,US-->KM,US-->KM,US-->KM,US-->KM,US-->KM,US-->KM,US-->KM
CG,COG,Republic of the Congo,Brazzaville,Africa,Middle Africa,,CG-->US,CG-->US,CG-->US,CG-->US,CG-->US,CG-->US,CG-->US,CG-->US,CG-->US,CG-->US,CG-->US,CG-->US,CG-->US,CG-->US,CG-->US,CG-->US,CG-->US,CG-->US,CG-->US,,,,,,,,,,,,,,,,,US-->CG,US-->CG,US-->CG,US-->CG,US-->CG,US-->CG,US-->CG,US-->CG,US-->CG,US-->CG,US-->CG,US-->CG,US-->CG,US-->CG,US-->CG,US-->CG,US-->CG,US-->CG,US-->CG
CD,COD,Democratic Republic of the Congo,Kinshasa,Africa,Middle Africa,,CD-->US,CD-->US,CD-->US,CD-->US,CD-->US,CD-->US,CD-->US,CD-->US,CD-->US,CD-->US,CD-->US,CD-->US,CD-->US,CD-->US,CD-->US,CD-->US,CD-->US,CD-->US,CD-->US,,,,,,,,,,,,,,,,,US-->CD,US-->CD,US-->CD,US-->CD,US-->CD,US-->CD,US-->CD,US-->CD,US-->CD,US-->CD,US-->CD,US-->CD,US-->CD,US-->CD,US-->CD,US-->CD,US-->CD,US-->CD,US-->CD
CK,COK,Cook Islands,Avarua,Oceania,Polynesia,,CK-->US,CK-->US,CK-->US,CK-->US,CK-->US,CK-->US,CK-->US,CK-->US,CK-->US,CK-->US,CK-->US,CK-->US,CK-->US,CK-->US,CK-->US,CK-->US,CK-->US,CK-->US,CK-->US,,,,,,,,,,,,,,,,,US-->CK,US-->CK,US-->CK,US-->CK,US-->CK,US-->CK,US-->CK,US-->CK,US-->CK,US-->CK,US-->CK,US-->CK,US-->CK,US-->CK,US-->CK,US-->CK,US-->CK,US-->CK,US-->CK
CR,CRI,Costa Rica,San José,Americas,Central America,,CR-->US,CR-->US,CR-->US,CR-->US,CR-->US,CR-->US,CR-->US,CR-->US,CR-->US,CR-->US,CR-->US,CR-->US,CR-->US,CR-->US,CR-->US,CR-->US,CR-->US,CR-->US,CR-->US,,,,,,,,,,,,,,,,,US-->CR,US-->CR,US-->CR,US-->CR,US-->CR,US-->CR,US-->CR,US-->CR,US-->CR,US-->CR,US-->CR,US-->CR,US-->CR,US-->CR,US-->CR,US-->CR,US-->CR,US-->CR,US-->CR
HR,HRV,Croatia,Zagreb,Europe,Southern Europe,,HR-->US,HR-->US,HR-->US,HR-->US,HR-->US,HR-->US,HR-->US,HR-->US,HR-->US,HR-->US,HR-->US,HR-->US,HR-->US,HR-->US,HR-->US,HR-->US,HR-->US,HR-->US,HR-->US,,,,,,,,,,,,,,,,,US-->HR,US-->HR,US-->HR,US-->HR,US-->HR,US-->HR,US-->HR,US-->HR,US-->HR,US-->HR,US-->HR,US-->HR,US-->HR,US-->HR,US-->HR,US-->HR,US-->HR,US-->HR,US-->HR
CU,CUB,Cuba,Havana,Americas,Caribbean,,CU-->US,CU-->US,CU-->US,CU-->US,CU-->US,CU-->US,CU-->US,CU-->US,CU-->US,CU-->US,CU-->US,CU-->US,CU-->US,CU-->US,CU-->US,CU-->US,CU-->US,CU-->US,CU-->US,,,,,,,,,,,,,,,,,US-->CU,US-->CU,US-->CU,US-->CU,US-->CU,US-->CU,US-->CU,US-->CU,US-->CU,US-->CU,US-->CU,US-->CU,US-->CU,US-->CU,US-->CU,US-->CU,US-->CU,US-->CU,US-->CU
CW,CUW,Curaçao,Willemstad,Americas,Caribbean,,CW-->US,CW-->US,CW-->US,CW-->US,CW-->US,CW-->US,CW-->US,CW-->US,CW-->US,CW-->US,CW-->US,CW-->US,CW-->US,CW-->US,CW-->US,CW-->US,CW-->US,CW-->US,CW-->US,,,,,,,,,,,,,,,,,US-->CW,US-->CW,US-->CW,US-->CW,US-->CW,US-->CW,US-->CW,US-->CW,US-->CW,US-->CW,US-->CW,US-->CW,US-->CW,US-->CW,US-->CW,US-->CW,US-->CW,US-->CW,US-->CW
CY,CYP,Cyprus,Nicosia,Europe,Southern Europe,,CY-->US,CY-->US,CY-->US,CY-->US,CY-->US,CY-->US,CY-->US,CY-->US,CY-->US,CY-->US,CY-->US,CY-->US,CY-->US,CY-->US,CY-->US,CY-->US,CY-->US,CY-->US,CY-->US,,,,,,,,,,,,,,,,,US-->CY,US-->CY,US-->CY,US-->CY,US-->CY,US-->CY,US-->CY,US-->CY,US-->CY,US-->CY,US-->CY,US-->CY,US-->CY,US-->CY,US-->CY,US-->CY,US-->CY,US-->CY,US-->CY
CZ,CZE,Czech Republic,Prague,Europe,Eastern Europe,,CZ-->US,CZ-->US,CZ-->US,CZ-->US,CZ-->US,CZ-->US,CZ-->US,CZ-->US,CZ-->US,CZ-->US,CZ-->US,CZ-->US,CZ-->US,CZ-->US,CZ-->US,CZ-->US,CZ-->US,CZ-->US,CZ-->US,,,,,,,,,,,,,,,,,US-->CZ,US-->CZ,US-->CZ,US-->CZ,US-->CZ,US-->CZ,US-->CZ,US-->CZ,US-->CZ,US-->CZ,US-->CZ,US-->CZ,US-->CZ,US-->CZ,US-->CZ,US-->CZ,US-->CZ,US-->CZ,US-->CZ
DK,DNK,Denmark,Copenhagen,Europe,Northern Europe,,DK-->US,DK-->US,DK-->US,DK-->US,DK-->US,DK-->US,DK-->US,DK-->US,DK-->US,DK-->US,DK-->US,DK-->US,DK-->US,DK-->US,DK-->US,DK-->US,DK-->US,DK-->US,DK-->US,,,,,,,,,,,,,,,,,US-->DK,US-->DK,US-->DK,US-->DK,US-->DK,US-->DK,US-->DK,US-->DK,US-->DK,US-->DK,US-->DK,US-->DK,US-->DK,US-->DK,US-->DK,US-->DK,US-->DK,US-->DK,US-->DK
DJ,DJI,Djibouti,Djibouti,Africa,Eastern Africa,,DJ-->US,DJ-->US,DJ-->US,DJ-->US,DJ-->US,DJ-->US,DJ-->US,DJ-->US,DJ-->US,DJ-->US,DJ-->US,DJ-->US,DJ-->US,DJ-->US,DJ-->US,DJ-->US,DJ-->US,DJ-->US,DJ-->US,,,,,,,,,,,,,,,,,US-->DJ,US-->DJ,US-->DJ,US-->DJ,US-->DJ,US-->DJ,US-->DJ,US-->DJ,US-->DJ,US-->DJ,US-->DJ,US-->DJ,US-->DJ,US-->DJ,US-->DJ,US-->DJ,US-->DJ,US-->DJ,US-->DJ
DM,DMA,Dominica,Roseau,Americas,Caribbean,,DM-->US,DM-->US,DM-->US,DM-->US,DM-->US,DM-->US,DM-->US,DM-->US,DM-->US,DM-->US,DM-->US,DM-->US,DM-->US,DM-->US,DM-->US,DM-->US,DM-->US,DM-->US,DM-->US,,,,,,,,,,,,,,,,,US-->DM,US-->DM,US-->DM,US-->DM,US-->DM,US-->DM,US-->DM,US-->DM,US-->DM,US-->DM,US-->DM,US-->DM,US-->DM,US-->DM,US-->DM,US-->DM,US-->DM,US-->DM,US-->DM
DO,DOM,Dominican Republic,Santo Domingo,Americas,Caribbean,,DO-->US,DO-->US,DO-->US,DO-->US,DO-->US,DO-->US,DO-->US,DO-->US,DO-->US,DO-->US,DO-->US,DO-->US,DO-->US,DO-->US,DO-->US,DO-->US,DO-->US,DO-->US,DO-->US,,,,,,,,,,,,,,,,,US-->DO,US-->DO,US-->DO,US-->DO,US-->DO,US-->DO,US-->DO,US-->DO,US-->DO,US-->DO,US-->DO,US-->DO,US-->DO,US-->DO,US-->DO,US-->DO,US-->DO,US-->DO,US-->DO
EC,ECU,Ecuador,Quito,Americas,South America,,EC-->US,EC-->US,EC-->US,EC-->US,EC-->US,EC-->US,EC-->US,EC-->US,EC-->US,EC-->US,EC-->US,EC-->US,EC-->US,EC-->US,EC-->US,EC-->US,EC-->US,EC-->US,EC-->US,,,,,,,,,,,,,,,,,US-->EC,US-->EC,US-->EC,US-->EC,US-->EC,US-->EC,US-->EC,US-->EC,US-->EC,US-->EC,US-->EC,US-->EC,US-->EC,US-->EC,US-->EC,US-->EC,US-->EC,US-->EC,US-->EC
EG,EGY,Egypt,Cairo,Africa,Northern Africa,,EG-->US,EG-->US,EG-->US,EG-->US,EG-->US,EG-->US,EG-->US,EG-->US,EG-->US,EG-->US,EG-->US,EG-->US,EG-->US,EG-->US,EG-->US,EG-->US,EG-->US,EG-->US,EG-->US,,,,,,,,,,,,,,,,,US-->EG,US-->EG,US-->EG,US-->EG,US-->EG,US-->EG,US-->EG,US-->EG,US-->EG,US-->EG,US-->EG,US-->EG,US-->EG,US-->EG,US-->EG,US-->EG,US-->EG,US-->EG,US-->EG
SV,SLV,El Salvador,San Salvador,Americas,Central America,,SV-->US,SV-->US,SV-->US,SV-->US,SV-->US,SV-->US,SV-->US,SV-->US,SV-->US,SV-->US,SV-->US,SV-->US,SV-->US,SV-->US,SV-->US,SV-->US,SV-->US,SV-->US,SV-->US,,,,,,,,,,,,,,,,,US-->SV,US-->SV,US-->SV,US-->SV,US-->SV,US-->SV,US-->SV,US-->SV,US-->SV,US-->SV,US-->SV,US-->SV,US-->SV,US-->SV,US-->SV,US-->SV,US-->SV,US-->SV,US-->SV
GQ,GNQ,Equatorial Guinea,Malabo,Africa,Middle Africa,,GQ-->US,GQ-->US,GQ-->US,GQ-->US,GQ-->US,GQ-->US,GQ-->US,GQ-->US,GQ-->US,GQ-->US,GQ-->US,GQ-->US,GQ-->US,GQ-->US,GQ-->US,GQ-->US,GQ-->US,GQ-->US,GQ-->US,,,,,,,,,,,,,,,,,US-->GQ,US-->GQ,US-->GQ,US-->GQ,US-->GQ,US-->GQ,US-->GQ,US-->GQ,US-->GQ,US-->GQ,US-->GQ,US-->GQ,US-->GQ,US-->GQ,US-->GQ,US-->GQ,US-->GQ,US-->GQ,US-->GQ
ER,ERI,Eritrea,Asmara,Africa,Eastern Africa,,ER-->US,ER-->US,ER-->US,ER-->US,ER-->US,ER-->US,ER-->US,ER-->US,ER-->US,ER-->US,ER-->US,ER-->US,ER-->US,ER-->US,ER-->US,ER-->US,ER-->US,ER-->US,ER-->US,,,,,,,,,,,,,,,,,US-->ER,US-->ER,US-->ER,US-->ER,US-->ER,US-->ER,US-->ER,US-->ER,US-->ER,US-->ER,US-->ER,US-->ER,US-->ER,US-->ER,US-->ER,US-->ER,US-->ER,US-->ER,US-->ER
EE,EST,Estonia,Tallinn,Europe,Northern Europe,,EE-->US,EE-->US,EE-->US,EE-->US,EE-->US,EE-->US,EE-->US,EE-->US,EE-->US,EE-->US,EE-->US,EE-->US,EE-->US,EE-->US,EE-->US,EE-->US,EE-->US,EE-->US,EE-->US,,,,,,,,,,,,,,,,,US-->EE,US-->EE,US-->EE,US-->EE,US-->EE,US-->EE,US-->EE,US-->EE,US-->EE,US-->EE,US-->EE,US-->EE,US-->EE,US-->EE,US-->EE,US-->EE,US-->EE,US-->EE,US-->EE
ET,ETH,Ethiopia,Addis Ababa,Africa,Eastern Africa,,ET-->US,ET-->US,ET-->US,ET-->US,ET-->US,ET-->US,ET-->US,ET-->US,ET-->US,ET-->US,ET-->US,ET-->US,ET-->US,ET-->US,ET-->US,ET-->US,ET-->US,ET-->US,ET-->US,,,,,,,,,,,,,,,,,US-->ET,US-->ET,US-->ET,US-->ET,US-->ET,US-->ET,US-->ET,US-->ET,US-->ET,US-->ET,US-->ET,US-->ET,US-->ET,US-->ET,US-->ET,US-->ET,US-->ET,US-->ET,US-->ET
FK,FLK,Falkland Islands,Stanley,Americas,South America,,FK-->US,FK-->US,FK-->US,FK-->US,FK-->US,FK-->US,FK-->US,FK-->US,FK-->US,FK-->US,FK-->US,FK-->US,FK-->US,FK-->US,FK-->US,FK-->US,FK-->US,FK-->US,FK-->US,,,,,,,,,,,,,,,,,US-->FK,US-->FK,US-->FK,US-->FK,US-->FK,US-->FK,US-->FK,US-->FK,US-->FK,US-->FK,US-->FK,US-->FK,US-->FK,US-->FK,US-->FK,US-->FK,US-->FK,US-->FK,US-->FK
FO,FRO,Faroe Islands,Tórshavn,Europe,Northern Europe,,FO-->US,FO-->US,FO-->US,FO-->US,FO-->US,FO-->US,FO-->US,FO-->US,FO-->US,FO-->US,FO-->US,FO-->US,FO-->US,FO-->US,FO-->US,FO-->US,FO-->US,FO-->US,FO-->US,,,,,,,,,,,,,,,,,US-->FO,US-->FO,US-->FO,US-->FO,US-->FO,US-->FO,US-->FO,US-->FO,US-->FO,US-->FO,US-->FO,US-->FO,US-->FO,US-->FO,US-->FO,US-->FO,US-->FO,US-->FO,US-->FO
FJ,FJI,Fiji,Suva,Oceania,Melanesia,,FJ-->US,FJ-->US,FJ-->US,FJ-->US,FJ-->US,FJ-->US,FJ-->US,FJ-->US,FJ-->US,FJ-->US,FJ-->US,FJ-->US,FJ-->US,FJ-->US,FJ-->US,FJ-->US,FJ-->US,FJ-->US,FJ-->US,,,,,,,,,,,,,,,,,US-->FJ,US-->FJ,US-->FJ,US-->FJ,US-->FJ,US-->FJ,US-->FJ,US-->FJ,US-->FJ,US-->FJ,US-->FJ,US-->FJ,US-->FJ,US-->FJ,US-->FJ,US-->FJ,US-->FJ,US-->FJ,US-->FJ
FI,FIN,Finland,Helsinki,Europe,Northern Europe,,FI-->US,FI-->US,FI-->US,FI-->US,FI-->US,FI-->US,FI-->US,FI-->US,FI-->US,FI-->US,FI-->US,FI-->US,FI-->US,FI-->US,FI-->US,FI-->US,FI-->US,FI-->US,FI-->US,,,,,,,,,,,,,,,,,US-->FI,US-->FI,US-->FI,US-->FI,US-->FI,US-->FI,US-->FI,US-->FI,US-->FI,US-->FI,US-->FI,US-->FI,US-->FI,US-->FI,US-->FI,US-->FI,US-->FI,US-->FI,US-->FI
FR,FRA,France,Paris,Europe,Western Europe,,FR-->US,FR-->US,FR-->US,FR-->US,FR-->US,FR-->US,FR-->US,FR-->US,FR-->US,FR-->US,FR-->US,FR-->US,FR-->US,FR-->US,FR-->US,FR-->US,FR-->US,FR-->US,FR-->US,,,,,,,,,,,,,,,,,US-->FR,US-->FR,US-->FR,US-->FR,US-->FR,US-->FR,US-->FR,US-->FR,US-->FR,US-->FR,US-->FR,US-->FR,US-->FR,US-->FR,US-->FR,US-->FR,US-->FR,US-->FR,US-->FR
GF,GUF,French Guiana,Cayenne,Americas,South America,,GF-->US,GF-->US,GF-->US,GF-->US,GF-->US,GF-->US,GF-->US,GF-->US,GF-->US,GF-->US,GF-->US,GF-->US,GF-->US,GF-->US,GF-->US,GF-->US,GF-->US,GF-->US,GF-->US,,,,,,,,,,,,,,,,,US-->GF,US-->GF,US-->GF,US-->GF,US-->GF,US-->GF,US-->GF,US-->GF,US-->GF,US-->GF,US-->GF,US-->GF,US-->GF,US-->GF,US-->GF,US-->GF,US-->GF,US-->GF,US-->GF
PF,PYF,French Polynesia,Papeetē,Oceania,Polynesia,,PF-->US,PF-->US,PF-->US,PF-->US,PF-->US,PF-->US,PF-->US,PF-->US,PF-->US,PF-->US,PF-->US,PF-->US,PF-->US,PF-->US,PF-->US,PF-->US,PF-->US,PF-->US,PF-->US,,,,,,,,,,,,,,,,,US-->PF,US-->PF,US-->PF,US-->PF,US-->PF,US-->PF,US-->PF,US-->PF,US-->PF,US-->PF,US-->PF,US-->PF,US-->PF,US-->PF,US-->PF,US-->PF,US-->PF,US-->PF,US-->PF
TF,ATF,French Southern and Antarctic Lands,Port-aux-Français,Africa,Southern Africa,,TF-->US,TF-->US,TF-->US,TF-->US,TF-->US,TF-->US,TF-->US,TF-->US,TF-->US,TF-->US,TF-->US,TF-->US,TF-->US,TF-->US,TF-->US,TF-->US,TF-->US,TF-->US,TF-->US,,,,,,,,,,,,,,,,,US-->TF,US-->TF,US-->TF,US-->TF,US-->TF,US-->TF,US-->TF,US-->TF,US-->TF,US-->TF,US-->TF,US-->TF,US-->TF,US-->TF,US-->TF,US-->TF,US-->TF,US-->TF,US-->TF
GA,GAB,Gabon,Libreville,Africa,Middle Africa,,GA-->US,GA-->US,GA-->US,GA-->US,GA-->US,GA-->US,GA-->US,GA-->US,GA-->US,GA-->US,GA-->US,GA-->US,GA-->US,GA-->US,GA-->US,GA-->US,GA-->US,GA-->US,GA-->US,,,,,,,,,,,,,,,,,US-->GA,US-->GA,US-->GA,US-->GA,US-->GA,US-->GA,US-->GA,US-->GA,US-->GA,US-->GA,US-->GA,US-->GA,US-->GA,US-->GA,US-->GA,US-->GA,US-->GA,US-->GA,US-->GA
GM,GMB,The Gambia,Banjul,Africa,Western Africa,,GM-->US,GM-->US,GM-->US,GM-->US,GM-->US,GM-->US,GM-->US,GM-->US,GM-->US,GM-->US,GM-->US,GM-->US,GM-->US,GM-->US,GM-->US,GM-->US,GM-->US,GM-->US,GM-->US,,,,,,,,,,,,,,,,,US-->GM,US-->GM,US-->GM,US-->GM,US-->GM,US-->GM,US-->GM,US-->GM,US-->GM,US-->GM,US-->GM,US-->GM,US-->GM,US-->GM,US-->GM,US-->GM,US-->GM,US-->GM,US-->GM
GE,GEO,Georgia,Tbilisi,Asia,Western Asia,,GE-->US,GE-->US,GE-->US,GE-->US,GE-->US,GE-->US,GE-->US,GE-->US,GE-->US,GE-->US,GE-->US,GE-->US,GE-->US,GE-->US,GE-->US,GE-->US,GE-->US,GE-->US,GE-->US,,,,,,,,,,,,,,,,,US-->GE,US-->GE,US-->GE,US-->GE,US-->GE,US-->GE,US-->GE,US-->GE,US-->GE,US-->GE,US-->GE,US-->GE,US-->GE,US-->GE,US-->GE,US-->GE,US-->GE,US-->GE,US-->GE
DE,DEU,Germany,Berlin,Europe,Western Europe,,DE-->US,DE-->US,DE-->US,DE-->US,DE-->US,DE-->US,DE-->US,DE-->US,DE-->US,DE-->US,DE-->US,DE-->US,DE-->US,DE-->US,DE-->US,DE-->US,DE-->US,DE-->US,DE-->US,,,,,,,,,,,,,,,,,US-->DE,US-->DE,US-->DE,US-->DE,US-->DE,US-->DE,US-->DE,US-->DE,US-->DE,US-->DE,US-->DE,US-->DE,US-->DE,US-->DE,US-->DE,US-->DE,US-->DE,US-->DE,US-->DE
GH,GHA,Ghana,Accra,Africa,Western Africa,,GH-->US,GH-->US,GH-->US,GH-->US,GH-->US,GH-->US,GH-->US,GH-->US,GH-->US,GH-->US,GH-->US,GH-->US,GH-->US,GH-->US,GH-->US,GH-->US,GH-->US,GH-->US,GH-->US,,,,,,,,,,,,,,,,,US-->GH,US-->GH,US-->GH,US-->GH,US-->GH,US-->GH,US-->GH,US-->GH,US-->GH,US-->GH,US-->GH,US-->GH,US-->GH,US-->GH,US-->GH,US-->GH,US-->GH,US-->GH,US-->GH
GI,GIB,Gibraltar,Gibraltar,Europe,Southern Europe,,GI-->US,GI-->US,GI-->US,GI-->US,GI-->US,GI-->US,GI-->US,GI-->US,GI-->US,GI-->US,GI-->US,GI-->US,GI-->US,GI-->US,GI-->US,GI-->US,GI-->US,GI-->US,GI-->US,,,,,,,,,,,,,,,,,US-->GI,US-->GI,US-->GI,US-->GI,US-->GI,US-->GI,US-->GI,US-->GI,US-->GI,US-->GI,US-->GI,US-->GI,US-->GI,US-->GI,US-->GI,US-->GI,US-->GI,US-->GI,US-->GI
GR,GRC,Greece,Athens,Europe,Southern Europe,,GR-->US,GR-->US,GR-->US,GR-->US,GR-->US,GR-->US,GR-->US,GR-->US,GR-->US,GR-->US,GR-->US,GR-->US,GR-->US,GR-->US,GR-->US,GR-->US,GR-->US,GR-->US,GR-->US,,,,,,,,,,,,,,,,,US-->GR,US-->GR,US-->GR,US-->GR,US-->GR,US-->GR,US-->GR,US-->GR,US-->GR,US-->GR,US-->GR,US-->GR,US-->GR,US-->GR,US-->GR,US-->GR,US-->GR,US-->GR,US-->GR
GL,GRL,Greenland,Nuuk,Americas,Northern America,,GL-->US,GL-->US,GL-->US,GL-->US,GL-->US,GL-->US,GL-->US,GL-->US,GL-->US,GL-->US,GL-->US,GL-->US,GL-->US,GL-->US,GL-->US,GL-->US,GL-->US,GL-->US,GL-->US,,,,,,,,,,,,,,,,,US-->GL,US-->GL,US-->GL,US-->GL,US-->GL,US-->GL,US-->GL,US-->GL,US-->GL,US-->GL,US-->GL,US-->GL,US-->GL,US-->GL,US-->GL,US-->GL,US-->GL,US-->GL,US-->GL
GD,GRD,Grenada,St. George's,Americas,Caribbean,,GD-->US,GD-->US,GD-->US,GD-->US,GD-->US,GD-->US,GD-->US,GD-->US,GD-->US,GD-->US,GD-->US,GD-->US,GD-->US,GD-->US,GD-->US,GD-->US,GD-->US,GD-->US,GD-->US,,,,,,,,,,,,,,,,,US-->GD,US-->GD,US-->GD,US-->GD,US-->GD,US-->GD,US-->GD,US-->GD,US-->GD,US-->GD,US-->GD,US-->GD,US-->GD,US-->GD,US-->GD,US-->GD,US-->GD,US-->GD,US-->GD
GP,GLP,Guadeloupe,Basse-Terre,Americas,Caribbean,,GP-->US,GP-->US,GP-->US,GP-->US,GP-->US,GP-->US,GP-->US,GP-->US,GP-->US,GP-->US,GP-->US,GP-->US,GP-->US,GP-->US,GP-->US,GP-->US,GP-->US,GP-->US,GP-->US,,,,,,,,,,,,,,,,,US-->GP,US-->GP,US-->GP,US-->GP,US-->GP,US-->GP,US-->GP,US-->GP,US-->GP,US-->GP,US-->GP,US-->GP,US-->GP,US-->GP,US-->GP,US-->GP,US-->GP,US-->GP,US-->GP
GU,GUM,Guam,Hagåtña,Oceania,Micronesia,,GU-->US,GU-->US,GU-->US,GU-->US,GU-->US,GU-->US,GU-->US,GU-->US,GU-->US,GU-->US,GU-->US,GU-->US,GU-->US,GU-->US,GU-->US,GU-->US,GU-->US,GU-->US,GU-->US,,,,,,,,,,,,,,,,,US-->GU,US-->GU,US-->GU,US-->GU,US-->GU,US-->GU,US-->GU,US-->GU,US-->GU,US-->GU,US-->GU,US-->GU,US-->GU,US-->GU,US-->GU,US-->GU,US-->GU,US-->GU,US-->GU
GT,GTM,Guatemala,Guatemala City,Americas,Central America,,GT-->US,GT-->US,GT-->US,GT-->US,GT-->US,GT-->US,GT-->US,GT-->US,GT-->US,GT-->US,GT-->US,GT-->US,GT-->US,GT-->US,GT-->US,GT-->US,GT-->US,GT-->US,GT-->US,,,,,,,,,,,,,,,,,US-->GT,US-->GT,US-->GT,US-->GT,US-->GT,US-->GT,US-->GT,US-->GT,US-->GT,US-->GT,US-->GT,US-->GT,US-->GT,US-->GT,US-->GT,US-->GT,US-->GT,US-->GT,US-->GT
GG,GGY,Guernsey,St. Peter Port,Europe,Northern Europe,,GG-->US,GG-->US,GG-->US,GG-->US,GG-->US,GG-->US,GG-->US,GG-->US,GG-->US,GG-->US,GG-->US,GG-->US,GG-->US,GG-->US,GG-->US,GG-->US,GG-->US,GG-->US,GG-->US,,,,,,,,,,,,,,,,,US-->GG,US-->GG,US-->GG,US-->GG,US-->GG,US-->GG,US-->GG,US-->GG,US-->GG,US-->GG,US-->GG,US-->GG,US-->GG,US-->GG,US-->GG,US-->GG,US-->GG,US-->GG,US-->GG
GN,GIN,Guinea,Conakry,Africa,Western Africa,,GN-->US,GN-->US,GN-->US,GN-->US,GN-->US,GN-->US,GN-->US,GN-->US,GN-->US,GN-->US,GN-->US,GN-->US,GN-->US,GN-->US,GN-->US,GN-->US,GN-->US,GN-->US,GN-->US,,,,,,,,,,,,,,,,,US-->GN,US-->GN,US-->GN,US-->GN,US-->GN,US-->GN,US-->GN,US-->GN,US-->GN,US-->GN,US-->GN,US-->GN,US-->GN,US-->GN,US-->GN,US-->GN,US-->GN,US-->GN,US-->GN
GW,GNB,Guinea-Bissau,Bissau,Africa,Western Africa,,GW-->US,GW-->US,GW-->US,GW-->US,GW-->US,GW-->US,GW-->US,GW-->US,GW-->US,GW-->US,GW-->US,GW-->US,GW-->US,GW-->US,GW-->US,GW-->US,GW-->US,GW-->US,GW-->US,,,,,,,,,,,,,,,,,US-->GW,US-->GW,US-->GW,US-->GW,US-->GW,US-->GW,US-->GW,US-->GW,US-->GW,US-->GW,US-->GW,US-->GW,US-->GW,US-->GW,US-->GW,US-->GW,US-->GW,US-->GW,US-->GW
GY,GUY,Guyana,Georgetown,Americas,South America,,GY-->US,GY-->US,GY-->US,GY-->US,GY-->US,GY-->US,GY-->US,GY-->US,GY-->US,GY-->US,GY-->US,GY-->US,GY-->US,GY-->US,GY-->US,GY-->US,GY-->US,GY-->US,GY-->US,,,,,,,,,,,,,,,,,US-->GY,US-->GY,US-->GY,US-->GY,US-->GY,US-->GY,US-->GY,US-->GY,US-->GY,US-->GY,US-->GY,US-->GY,US-->GY,US-->GY,US-->GY,US-->GY,US-->GY,US-->GY,US-->GY
HT,HTI,Haiti,Port-au-Prince,Americas,Caribbean,,HT-->US,HT-->US,HT-->US,HT-->US,HT-->US,HT-->US,HT-->US,HT-->US,HT-->US,HT-->US,HT-->US,HT-->US,HT-->US,HT-->US,HT-->US,HT-->US,HT-->US,HT-->US,HT-->US,,,,,,,,,,,,,,,,,US-->HT,US-->HT,US-->HT,US-->HT,US-->HT,US-->HT,US-->HT,US-->HT,US-->HT,US-->HT,US-->HT,US-->HT,US-->HT,US-->HT,US-->HT,US-->HT,US-->HT,US-->HT,US-->HT
HM,HMD,Heard Island and McDonald Islands,,,,,HM-->US,HM-->US,HM-->US,HM-->US,HM-->US,HM-->US,HM-->US,HM-->US,HM-->US,HM-->US,HM-->US,HM-->US,HM-->US,HM-->US,HM-->US,HM-->US,HM-->US,HM-->US,HM-->US,,,,,,,,,,,,,,,,,US-->HM,US-->HM,US-->HM,US-->HM,US-->HM,US-->HM,US-->HM,US-->HM,US-->HM,US-->HM,US-->HM,US-->HM,US-->HM,US-->HM,US-->HM,US-->HM,US-->HM,US-->HM,US-->HM
VA,VAT,Holy See,Rome,Europe,Southern Europe,,VA-->US,VA-->US,VA-->US,VA-->US,VA-->US,VA-->US,VA-->US,VA-->US,VA-->US,VA-->US,VA-->US,VA-->US,VA-->US,VA-->US,VA-->US,VA-->US,VA-->US,VA-->US,VA-->US,,,,,,,,,,,,,,,,,US-->VA,US-->VA,US-->VA,US-->VA,US-->VA,US-->VA,US-->VA,US-->VA,US-->VA,US-->VA,US-->VA,US-->VA,US-->VA,US-->VA,US-->VA,US-->VA,US-->VA,US-->VA,US-->VA
HN,HND,Honduras,Tegucigalpa,Americas,Central America,,HN-->US,HN-->US,HN-->US,HN-->US,HN-->US,HN-->US,HN-->US,HN-->US,HN-->US,HN-->US,HN-->US,HN-->US,HN-->US,HN-->US,HN-->US,HN-->US,HN-->US,HN-->US,HN-->US,,,,,,,,,,,,,,,,,US-->HN,US-->HN,US-->HN,US-->HN,US-->HN,US-->HN,US-->HN,US-->HN,US-->HN,US-->HN,US-->HN,US-->HN,US-->HN,US-->HN,US-->HN,US-->HN,US-->HN,US-->HN,US-->HN
HK,HKG,Hong Kong,City of Victoria,Asia,Eastern Asia,,HK-->US,HK-->US,HK-->US,HK-->US,HK-->US,HK-->US,HK-->US,HK-->US,HK-->US,HK-->US,HK-->US,HK-->US,HK-->US,HK-->US,HK-->US,HK-->US,HK-->US,HK-->US,HK-->US,,,,,,,,,,,,,,,,,US-->HK,US-->HK,US-->HK,US-->HK,US-->HK,US-->HK,US-->HK,US-->HK,US-->HK,US-->HK,US-->HK,US-->HK,US-->HK,US-->HK,US-->HK,US-->HK,US-->HK,US-->HK,US-->HK
HU,HUN,Hungary,Budapest,Europe,Eastern Europe,,HU-->US,HU-->US,HU-->US,HU-->US,HU-->US,HU-->US,HU-->US,HU-->US,HU-->US,HU-->US,HU-->US,HU-->US,HU-->US,HU-->US,HU-->US,HU-->US,HU-->US,HU-->US,HU-->US,,,,,,,,,,,,,,,,,US-->HU,US-->HU,US-->HU,US-->HU,US-->HU,US-->HU,US-->HU,US-->HU,US-->HU,US-->HU,US-->HU,US-->HU,US-->HU,US-->HU,US-->HU,US-->HU,US-->HU,US-->HU,US-->HU
IS,ISL,Iceland,Reykjavík,Europe,Northern Europe,,IS-->US,IS-->US,IS-->US,IS-->US,IS-->US,IS-->US,IS-->US,IS-->US,IS-->US,IS-->US,IS-->US,IS-->US,IS-->US,IS-->US,IS-->US,IS-->US,IS-->US,IS-->US,IS-->US,,,,,,,,,,,,,,,,,US-->IS,US-->IS,US-->IS,US-->IS,US-->IS,US-->IS,US-->IS,US-->IS,US-->IS,US-->IS,US-->IS,US-->IS,US-->IS,US-->IS,US-->IS,US-->IS,US-->IS,US-->IS,US-->IS
IN,IND,India,New Delhi,Asia,Southern Asia,,IN-->US,IN-->US,IN-->US,IN-->US,IN-->US,IN-->US,IN-->US,IN-->US,IN-->US,IN-->US,IN-->US,IN-->US,IN-->US,IN-->US,IN-->US,IN-->US,IN-->US,IN-->US,IN-->US,,,,,,,,,,,,,,,,,US-->IN,US-->IN,US-->IN,US-->IN,US-->IN,US-->IN,US-->IN,US-->IN,US-->IN,US-->IN,US-->IN,US-->IN,US-->IN,US-->IN,US-->IN,US-->IN,US-->IN,US-->IN,US-->IN
ID,IDN,Indonesia,Jakarta,Asia,South-Eastern Asia,,ID-->US,ID-->US,ID-->US,ID-->US,ID-->US,ID-->US,ID-->US,ID-->US,ID-->US,ID-->US,ID-->US,ID-->US,ID-->US,ID-->US,ID-->US,ID-->US,ID-->US,ID-->US,ID-->US,,,,,,,,,,,,,,,,,US-->ID,US-->ID,US-->ID,US-->ID,US-->ID,US-->ID,US-->ID,US-->ID,US-->ID,US-->ID,US-->ID,US-->ID,US-->ID,US-->ID,US-->ID,US-->ID,US-->ID,US-->ID,US-->ID
CI,CIV,Ivory Coast,Yamoussoukro,Africa,Western Africa,,CI-->US,CI-->US,CI-->US,CI-->US,CI-->US,CI-->US,CI-->US,CI-->US,CI-->US,CI-->US,CI-->US,CI-->US,CI-->US,CI-->US,CI-->US,CI-->US,CI-->US,CI-->US,CI-->US,,,,,,,,,,,,,,,,,US-->CI,US-->CI,US-->CI,US-->CI,US-->CI,US-->CI,US-->CI,US-->CI,US-->CI,US-->CI,US-->CI,US-->CI,US-->CI,US-->CI,US-->CI,US-->CI,US-->CI,US-->CI,US-->CI
IR,IRN,Iran,Tehran,Asia,Southern Asia,,IR-->US,IR-->US,IR-->US,IR-->US,IR-->US,IR-->US,IR-->US,IR-->US,IR-->US,IR-->US,IR-->US,IR-->US,IR-->US,IR-->US,IR-->US,IR-->US,IR-->US,IR-->US,IR-->US,,,,,,,,,,,,,,,,,US-->IR,US-->IR,US-->IR,US-->IR,US-->IR,US-->IR,US-->IR,US-->IR,US-->IR,US-->IR,US-->IR,US-->IR,US-->IR,US-->IR,US-->IR,US-->IR,US-->IR,US-->IR,US-->IR
IQ,IRQ,Iraq,Baghdad,Asia,Western Asia,,IQ-->US,IQ-->US,IQ-->US,IQ-->US,IQ-->US,IQ-->US,IQ-->US,IQ-->US,IQ-->US,IQ-->US,IQ-->US,IQ-->US,IQ-->US,IQ-->US,IQ-->US,IQ-->US,IQ-->US,IQ-->US,IQ-->US,,,,,,,,,,,,,,,,,US-->IQ,US-->IQ,US-->IQ,US-->IQ,US-->IQ,US-->IQ,US-->IQ,US-->IQ,US-->IQ,US-->IQ,US-->IQ,US-->IQ,US-->IQ,US-->IQ,US-->IQ,US-->IQ,US-->IQ,US-->IQ,US-->IQ
IE,IRL,Republic of Ireland,Dublin,Europe,Northern Europe,,IE-->US,IE-->US,IE-->US,IE-->US,IE-->US,IE-->US,IE-->US,IE-->US,IE-->US,IE-->US,IE-->US,IE-->US,IE-->US,IE-->US,IE-->US,IE-->US,IE-->US,IE-->US,IE-->US,,,,,,,,,,,,,,,,,US-->IE,US-->IE,US-->IE,US-->IE,US-->IE,US-->IE,US-->IE,US-->IE,US-->IE,US-->IE,US-->IE,US-->IE,US-->IE,US-->IE,US-->IE,US-->IE,US-->IE,US-->IE,US-->IE
IM,IMN,Isle of Man,Douglas,Europe,Northern Europe,,IM-->US,IM-->US,IM-->US,IM-->US,IM-->US,IM-->US,IM-->US,IM-->US,IM-->US,IM-->US,IM-->US,IM-->US,IM-->US,IM-->US,IM-->US,IM-->US,IM-->US,IM-->US,IM-->US,,,,,,,,,,,,,,,,,US-->IM,US-->IM,US-->IM,US-->IM,US-->IM,US-->IM,US-->IM,US-->IM,US-->IM,US-->IM,US-->IM,US-->IM,US-->IM,US-->IM,US-->IM,US-->IM,US-->IM,US-->IM,US-->IM
IL,ISR,Israel,Jerusalem,Asia,Western Asia,,IL-->US,IL-->US,IL-->US,IL-->US,IL-->US,IL-->US,IL-->US,IL-->US,IL-->US,IL-->US,IL-->US,IL-->US,IL-->US,IL-->US,IL-->US,IL-->US,IL-->US,IL-->US,IL-->US,,,,,,,,,,,,,,,,,US-->IL,US-->IL,US-->IL,US-->IL,US-->IL,US-->IL,US-->IL,US-->IL,US-->IL,US-->IL,US-->IL,US-->IL,US-->IL,US-->IL,US-->IL,US-->IL,US-->IL,US-->IL,US-->IL
IT,ITA,Italy,Rome,Europe,Southern Europe,,IT-->US,IT-->US,IT-->US,IT-->US,IT-->US,IT-->US,IT-->US,IT-->US,IT-->US,IT-->US,IT-->US,IT-->US,IT-->US,IT-->US,IT-->US,IT-->US,IT-->US,IT-->US,IT-->US,,,,,,,,,,,,,,,,,US-->IT,US-->IT,US-->IT,US-->IT,US-->IT,US-->IT,US-->IT,US-->IT,US-->IT,US-->IT,US-->IT,US-->IT,US-->IT,US-->IT,US-->IT,US-->IT,US-->IT,US-->IT,US-->IT
JM,JAM,Jamaica,Kingston,Americas,Caribbean,,JM-->US,JM-->US,JM-->US,JM-->US,JM-->US,JM-->US,JM-->US,JM-->US,JM-->US,JM-->US,JM-->US,JM-->US,JM-->US,JM-->US,JM-->US,JM-->US,JM-->US,JM-->US,JM-->US,,,,,,,,,,,,,,,,,US-->JM,US-->JM,US-->JM,US-->JM,US-->JM,US-->JM,US-->JM,US-->JM,US-->JM,US-->JM,US-->JM,US-->JM,US-->JM,US-->JM,US-->JM,US-->JM,US-->JM,US-->JM,US-->JM
JP,JPN,Japan,Tokyo,Asia,Eastern Asia,,JP-->US,JP-->US,JP-->US,JP-->US,JP-->US,JP-->US,JP-->US,JP-->US,JP-->US,JP-->US,JP-->US,JP-->US,JP-->US,JP-->US,JP-->US,JP-->US,JP-->US,JP-->US,JP-->US,,,,,,,,,,,,,,,,,US-->JP,US-->JP,US-->JP,US-->JP,US-->JP,US-->JP,US-->JP,US-->JP,US-->JP,US-->JP,US-->JP,US-->JP,US-->JP,US-->JP,US-->JP,US-->JP,US-->JP,US-->JP,US-->JP
JE,JEY,Jersey,Saint Helier,Europe,Northern Europe,,JE-->US,JE-->US,JE-->US,JE-->US,JE-->US,JE-->US,JE-->US,JE-->US,JE-->US,JE-->US,JE-->US,JE-->US,JE-->US,JE-->US,JE-->US,JE-->US,JE-->US,JE-->US,JE-->US,,,,,,,,,,,,,,,,,US-->JE,US-->JE,US-->JE,US-->JE,US-->JE,US-->JE,US-->JE,US-->JE,US-->JE,US-->JE,US-->JE,US-->JE,US-->JE,US-->JE,US-->JE,US-->JE,US-->JE,US-->JE,US-->JE
JO,JOR,Jordan,Amman,Asia,Western Asia,,JO-->US,JO-->US,JO-->US,JO-->US,JO-->US,JO-->US,JO-->US,JO-->US,JO-->US,JO-->US,JO-->US,JO-->US,JO-->US,JO-->US,JO-->US,JO-->US,JO-->US,JO-->US,JO-->US,,,,,,,,,,,,,,,,,US-->JO,US-->JO,US-->JO,US-->JO,US-->JO,US-->JO,US-->JO,US-->JO,US-->JO,US-->JO,US-->JO,US-->JO,US-->JO,US-->JO,US-->JO,US-->JO,US-->JO,US-->JO,US-->JO
KZ,KAZ,Kazakhstan,Astana,Asia,Central Asia,,KZ-->US,KZ-->US,KZ-->US,KZ-->US,KZ-->US,KZ-->US,KZ-->US,KZ-->US,KZ-->US,KZ-->US,KZ-->US,KZ-->US,KZ-->US,KZ-->US,KZ-->US,KZ-->US,KZ-->US,KZ-->US,KZ-->US,,,,,,,,,,,,,,,,,US-->KZ,US-->KZ,US-->KZ,US-->KZ,US-->KZ,US-->KZ,US-->KZ,US-->KZ,US-->KZ,US-->KZ,US-->KZ,US-->KZ,US-->KZ,US-->KZ,US-->KZ,US-->KZ,US-->KZ,US-->KZ,US-->KZ
KE,KEN,Kenya,Nairobi,Africa,Eastern Africa,,KE-->US,KE-->US,KE-->US,KE-->US,KE-->US,KE-->US,KE-->US,KE-->US,KE-->US,KE-->US,KE-->US,KE-->US,KE-->US,KE-->US,KE-->US,KE-->US,KE-->US,KE-->US,KE-->US,,,,,,,,,,,,,,,,,US-->KE,US-->KE,US-->KE,US-->KE,US-->KE,US-->KE,US-->KE,US-->KE,US-->KE,US-->KE,US-->KE,US-->KE,US-->KE,US-->KE,US-->KE,US-->KE,US-->KE,US-->KE,US-->KE
KI,KIR,Kiribati,South Tarawa,Oceania,Micronesia,,KI-->US,KI-->US,KI-->US,KI-->US,KI-->US,KI-->US,KI-->US,KI-->US,KI-->US,KI-->US,KI-->US,KI-->US,KI-->US,KI-->US,KI-->US,KI-->US,KI-->US,KI-->US,KI-->US,,,,,,,,,,,,,,,,,US-->KI,US-->KI,US-->KI,US-->KI,US-->KI,US-->KI,US-->KI,US-->KI,US-->KI,US-->KI,US-->KI,US-->KI,US-->KI,US-->KI,US-->KI,US-->KI,US-->KI,US-->KI,US-->KI
KW,KWT,Kuwait,Kuwait City,Asia,Western Asia,,KW-->US,KW-->US,KW-->US,KW-->US,KW-->US,KW-->US,KW-->US,KW-->US,KW-->US,KW-->US,KW-->US,KW-->US,KW-->US,KW-->US,KW-->US,KW-->US,KW-->US,KW-->US,KW-->US,,,,,,,,,,,,,,,,,US-->KW,US-->KW,US-->KW,US-->KW,US-->KW,US-->KW,US-->KW,US-->KW,US-->KW,US-->KW,US-->KW,US-->KW,US-->KW,US-->KW,US-->KW,US-->KW,US-->KW,US-->KW,US-->KW
KG,KGZ,Kyrgyzstan,Bishkek,Asia,Central Asia,,KG-->US,KG-->US,KG-->US,KG-->US,KG-->US,KG-->US,KG-->US,KG-->US,KG-->US,KG-->US,KG-->US,KG-->US,KG-->US,KG-->US,KG-->US,KG-->US,KG-->US,KG-->US,KG-->US,,,,,,,,,,,,,,,,,US-->KG,US-->KG,US-->KG,US-->KG,US-->KG,US-->KG,US-->KG,US-->KG,US-->KG,US-->KG,US-->KG,US-->KG,US-->KG,US-->KG,US-->KG,US-->KG,US-->KG,US-->KG,US-->KG
LA,LAO,Laos,Vientiane,Asia,South-Eastern Asia,,LA-->US,LA-->US,LA-->US,LA-->US,LA-->US,LA-->US,LA-->US,LA-->US,LA-->US,LA-->US,LA-->US,LA-->US,LA-->US,LA-->US,LA-->US,LA-->US,LA-->US,LA-->US,LA-->US,,,,,,,,,,,,,,,,,US-->LA,US-->LA,US-->LA,US-->LA,US-->LA,US-->LA,US-->LA,US-->LA,US-->LA,US-->LA,US-->LA,US-->LA,US-->LA,US-->LA,US-->LA,US-->LA,US-->LA,US-->LA,US-->LA
LV,LVA,Latvia,Riga,Europe,Northern Europe,,LV-->US,LV-->US,LV-->US,LV-->US,LV-->US,LV-->US,LV-->US,LV-->US,LV-->US,LV-->US,LV-->US,LV-->US,LV-->US,LV-->US,LV-->US,LV-->US,LV-->US,LV-->US,LV-->US,,,,,,,,,,,,,,,,,US-->LV,US-->LV,US-->LV,US-->LV,US-->LV,US-->LV,US-->LV,US-->LV,US-->LV,US-->LV,US-->LV,US-->LV,US-->LV,US-->LV,US-->LV,US-->LV,US-->LV,US-->LV,US-->LV
LB,LBN,Lebanon,Beirut,Asia,Western Asia,,LB-->US,LB-->US,LB-->US,LB-->US,LB-->US,LB-->US,LB-->US,LB-->US,LB-->US,LB-->US,LB-->US,LB-->US,LB-->US,LB-->US,LB-->US,LB-->US,LB-->US,LB-->US,LB-->US,,,,,,,,,,,,,,,,,US-->LB,US-->LB,US-->LB,US-->LB,US-->LB,US-->LB,US-->LB,US-->LB,US-->LB,US-->LB,US-->LB,US-->LB,US-->LB,US-->LB,US-->LB,US-->LB,US-->LB,US-->LB,US-->LB
LS,LSO,Lesotho,Maseru,Africa,Southern Africa,,LS-->US,LS-->US,LS-->US,LS-->US,LS-->US,LS-->US,LS-->US,LS-->US,LS-->US,LS-->US,LS-->US,LS-->US,LS-->US,LS-->US,LS-->US,LS-->US,LS-->US,LS-->US,LS-->US,,,,,,,,,,,,,,,,,US-->LS,US-->LS,US-->LS,US-->LS,US-->LS,US-->LS,US-->LS,US-->LS,US-->LS,US-->LS,US-->LS,US-->LS,US-->LS,US-->LS,US-->LS,US-->LS,US-->LS,US-->LS,US-->LS
LR,LBR,Liberia,Monrovia,Africa,Western Africa,,LR-->US,LR-->US,LR-->US,LR-->US,LR-->US,LR-->US,LR-->US,LR-->US,LR-->US,LR-->US,LR-->US,LR-->US,LR-->US,LR-->US,LR-->US,LR-->US,LR-->US,LR-->US,LR-->US,,,,,,,,,,,,,,,,,US-->LR,US-->LR,US-->LR,US-->LR,US-->LR,US-->LR,US-->LR,US-->LR,US-->LR,US-->LR,US-->LR,US-->LR,US-->LR,US-->LR,US-->LR,US-->LR,US-->LR,US-->LR,US-->LR
LY,LBY,Libya,Tripoli,Africa,Northern Africa,,LY-->US,LY-->US,LY-->US,LY-->US,LY-->US,LY-->US,LY-->US,LY-->US,LY-->US,LY-->US,LY-->US,LY-->US,LY-->US,LY-->US,LY-->US,LY-->US,LY-->US,LY-->US,LY-->US,,,,,,,,,,,,,,,,,US-->LY,US-->LY,US-->LY,US-->LY,US-->LY,US-->LY,US-->LY,US-->LY,US-->LY,US-->LY,US-->LY,US-->LY,US-->LY,US-->LY,US-->LY,US-->LY,US-->LY,US-->LY,US-->LY
LI,LIE,Liechtenstein,Vaduz,Europe,Western Europe,,LI-->US,LI-->US,LI-->US,LI-->US,LI-->US,LI-->US,LI-->US,LI-->US,LI-->US,LI-->US,LI-->US,LI-->US,LI-->US,LI-->US,LI-->US,LI-->US,LI-->US,LI-->US,LI-->US,,,,,,,,,,,,,,,,,US-->LI,US-->LI,US-->LI,US-->LI,US-->LI,US-->LI,US-->LI,US-->LI,US-->LI,US-->LI,US-->LI,US-->LI,US-->LI,US-->LI,US-->LI,US-->LI,US-->LI,US-->LI,US-->LI
LT,LTU,Lithuania,Vilnius,Europe,Northern Europe,,LT-->US,LT-->US,LT-->US,LT-->US,LT-->US,LT-->US,LT-->US,LT-->US,LT-->US,LT-->US,LT-->US,LT-->US,LT-->US,LT-->US,LT-->US,LT-->US,LT-->US,LT-->US,LT-->US,,,,,,,,,,,,,,,,,US-->LT,US-->LT,US-->LT,US-->LT,US-->LT,US-->LT,US-->LT,US-->LT,US-->LT,US-->LT,US-->LT,US-->LT,US-->LT,US-->LT,US-->LT,US-->LT,US-->LT,US-->LT,US-->LT
LU,LUX,Luxembourg,Luxembourg,Europe,Western Europe,,LU-->US,LU-->US,LU-->US,LU-->US,LU-->US,LU-->US,LU-->US,LU-->US,LU-->US,LU-->US,LU-->US,LU-->US,LU-->US,LU-->US,LU-->US,LU-->US,LU-->US,LU-->US,LU-->US,,,,,,,,,,,,,,,,,US-->LU,US-->LU,US-->LU,US-->LU,US-->LU,US-->LU,US-->LU,US-->LU,US-->LU,US-->LU,US-->LU,US-->LU,US-->LU,US-->LU,US-->LU,US-->LU,US-->LU,US-->LU,US-->LU
MO,MAC,Macau,,Asia,Eastern Asia,,MO-->US,MO-->US,MO-->US,MO-->US,MO-->US,MO-->US,MO-->US,MO-->US,MO-->US,MO-->US,MO-->US,MO-->US,MO-->US,MO-->US,MO-->US,MO-->US,MO-->US,MO-->US,MO-->US,,,,,,,,,,,,,,,,,US-->MO,US-->MO,US-->MO,US-->MO,US-->MO,US-->MO,US-->MO,US-->MO,US-->MO,US-->MO,US-->MO,US-->MO,US-->MO,US-->MO,US-->MO,US-->MO,US-->MO,US-->MO,US-->MO
MK,MKD,Republic of Macedonia,Skopje,Europe,Southern Europe,,MK-->US,MK-->US,MK-->US,MK-->US,MK-->US,MK-->US,MK-->US,MK-->US,MK-->US,MK-->US,MK-->US,MK-->US,MK-->US,MK-->US,MK-->US,MK-->US,MK-->US,MK-->US,MK-->US,,,,,,,,,,,,,,,,,US-->MK,US-->MK,US-->MK,US-->MK,US-->MK,US-->MK,US-->MK,US-->MK,US-->MK,US-->MK,US-->MK,US-->MK,US-->MK,US-->MK,US-->MK,US-->MK,US-->MK,US-->MK,US-->MK
MG,MDG,Madagascar,Antananarivo,Africa,Eastern Africa,,MG-->US,MG-->US,MG-->US,MG-->US,MG-->US,MG-->US,MG-->US,MG-->US,MG-->US,MG-->US,MG-->US,MG-->US,MG-->US,MG-->US,MG-->US,MG-->US,MG-->US,MG-->US,MG-->US,,,,,,,,,,,,,,,,,US-->MG,US-->MG,US-->MG,US-->MG,US-->MG,US-->MG,US-->MG,US-->MG,US-->MG,US-->MG,US-->MG,US-->MG,US-->MG,US-->MG,US-->MG,US-->MG,US-->MG,US-->MG,US-->MG
MW,MWI,Malawi,Lilongwe,Africa,Eastern Africa,,MW-->US,MW-->US,MW-->US,MW-->US,MW-->US,MW-->US,MW-->US,MW-->US,MW-->US,MW-->US,MW-->US,MW-->US,MW-->US,MW-->US,MW-->US,MW-->US,MW-->US,MW-->US,MW-->US,,,,,,,,,,,,,,,,,US-->MW,US-->MW,US-->MW,US-->MW,US-->MW,US-->MW,US-->MW,US-->MW,US-->MW,US-->MW,US-->MW,US-->MW,US-->MW,US-->MW,US-->MW,US-->MW,US-->MW,US-->MW,US-->MW
MY,MYS,Malaysia,Kuala Lumpur,Asia,South-Eastern Asia,,MY-->US,MY-->US,MY-->US,MY-->US,MY-->US,MY-->US,MY-->US,MY-->US,MY-->US,MY-->US,MY-->US,MY-->US,MY-->US,MY-->US,MY-->US,MY-->US,MY-->US,MY-->US,MY-->US,,,,,,,,,,,,,,,,,US-->MY,US-->MY,US-->MY,US-->MY,US-->MY,US-->MY,US-->MY,US-->MY,US-->MY,US-->MY,US-->MY,US-->MY,US-->MY,US-->MY,US-->MY,US-->MY,US-->MY,US-->MY,US-->MY
MV,MDV,Maldives,Malé,Asia,Southern Asia,,MV-->US,MV-->US,MV-->US,MV-->US,MV-->US,MV-->US,MV-->US,MV-->US,MV-->US,MV-->US,MV-->US,MV-->US,MV-->US,MV-->US,MV-->US,MV-->US,MV-->US,MV-->US,MV-->US,,,,,,,,,,,,,,,,,US-->MV,US-->MV,US-->MV,US-->MV,US-->MV,US-->MV,US-->MV,US-->MV,US-->MV,US-->MV,US-->MV,US-->MV,US-->MV,US-->MV,US-->MV,US-->MV,US-->MV,US-->MV,US-->MV
ML,MLI,Mali,Bamako,Africa,Western Africa,,ML-->US,ML-->US,ML-->US,ML-->US,ML-->US,ML-->US,ML-->US,ML-->US,ML-->US,ML-->US,ML-->US,ML-->US,ML-->US,ML-->US,ML-->US,ML-->US,ML-->US,ML-->US,ML-->US,,,,,,,,,,,,,,,,,US-->ML,US-->ML,US-->ML,US-->ML,US-->ML,US-->ML,US-->ML,US-->ML,US-->ML,US-->ML,US-->ML,US-->ML,US-->ML,US-->ML,US-->ML,US-->ML,US-->ML,US-->ML,US-->ML
MT,MLT,Malta,Valletta,Europe,Southern Europe,,MT-->US,MT-->US,MT-->US,MT-->US,MT-->US,MT-->US,MT-->US,MT-->US,MT-->US,MT-->US,MT-->US,MT-->US,MT-->US,MT-->US,MT-->US,MT-->US,MT-->US,MT-->US,MT-->US,,,,,,,,,,,,,,,,,US-->MT,US-->MT,US-->MT,US-->MT,US-->MT,US-->MT,US-->MT,US-->MT,US-->MT,US-->MT,US-->MT,US-->MT,US-->MT,US-->MT,US-->MT,US-->MT,US-->MT,US-->MT,US-->MT
MH,MHL,Marshall Islands,Majuro,Oceania,Micronesia,,MH-->US,MH-->US,MH-->US,MH-->US,MH-->US,MH-->US,MH-->US,MH-->US,MH-->US,MH-->US,MH-->US,MH-->US,MH-->US,MH-->US,MH-->US,MH-->US,MH-->US,MH-->US,MH-->US,,,,,,,,,,,,,,,,,US-->MH,US-->MH,US-->MH,US-->MH,US-->MH,US-->MH,US-->MH,US-->MH,US-->MH,US-->MH,US-->MH,US-->MH,US-->MH,US-->MH,US-->MH,US-->MH,US-->MH,US-->MH,US-->MH
MQ,MTQ,Martinique,Fort-de-France,Americas,Caribbean,,MQ-->US,MQ-->US,MQ-->US,MQ-->US,MQ-->US,MQ-->US,MQ-->US,MQ-->US,MQ-->US,MQ-->US,MQ-->US,MQ-->US,MQ-->US,MQ-->US,MQ-->US,MQ-->US,MQ-->US,MQ-->US,MQ-->US,,,,,,,,,,,,,,,,,US-->MQ,US-->MQ,US-->MQ,US-->MQ,US-->MQ,US-->MQ,US-->MQ,US-->MQ,US-->MQ,US-->MQ,US-->MQ,US-->MQ,US-->MQ,US-->MQ,US-->MQ,US-->MQ,US-->MQ,US-->MQ,US-->MQ
MR,MRT,Mauritania,Nouakchott,Africa,Western Africa,,MR-->US,MR-->US,MR-->US,MR-->US,MR-->US,MR-->US,MR-->US,MR-->US,MR-->US,MR-->US,MR-->US,MR-->US,MR-->US,MR-->US,MR-->US,MR-->US,MR-->US,MR-->US,MR-->US,0.0,,,,,,,,,,,,,,,,US-->MR,US-->MR,US-->MR,US-->MR,US-->MR,US-->MR,US-->MR,US-->MR,US-->MR,US-->MR,US-->MR,US-->MR,US-->MR,US-->MR,US-->MR,US-->MR,US-->MR,US-->MR,US-->MR
MU,MUS,Mauritius,Port Louis,Africa,Eastern Africa,,MU-->US,MU-->US,MU-->US,MU-->US,MU-->US,MU-->US,MU-->US,MU-->US,MU-->US,MU-->US,MU-->US,MU-->US,MU-->US,MU-->US,MU-->US,MU-->US,MU-->US,MU-->US,MU-->US,,,,,,,,,,,,,,,,,US-->MU,US-->MU,US-->MU,US-->MU,US-->MU,US-->MU,US-->MU,US-->MU,US-->MU,US-->MU,US-->MU,US-->MU,US-->MU,US-->MU,US-->MU,US-->MU,US-->MU,US-->MU,US-->MU
YT,MYT,Mayotte,Mamoudzou,Africa,Eastern Africa,,YT-->US,YT-->US,YT-->US,YT-->US,YT-->US,YT-->US,YT-->US,YT-->US,YT-->US,YT-->US,YT-->US,YT-->US,YT-->US,YT-->US,YT-->US,YT-->US,YT-->US,YT-->US,YT-->US,,,,,,,,,,,,,,,,,US-->YT,US-->YT,US-->YT,US-->YT,US-->YT,US-->YT,US-->YT,US-->YT,US-->YT,US-->YT,US-->YT,US-->YT,US-->YT,US-->YT,US-->YT,US-->YT,US-->YT,US-->YT,US-->YT
MX,MEX,Mexico,Mexico City,Americas,Central America,,MX-->US,MX-->US,MX-->US,MX-->US,MX-->US,MX-->US,MX-->US,MX-->US,MX-->US,MX-->US,MX-->US,MX-->US,MX-->US,MX-->US,MX-->US,MX-->US,MX-->US,MX-->US,MX-->US,,,,,,,,,,,,,,,,,US-->MX,US-->MX,US-->MX,US-->MX,US-->MX,US-->MX,US-->MX,US-->MX,US-->MX,US-->MX,US-->MX,US-->MX,US-->MX,US-->MX,US-->MX,US-->MX,US-->MX,US-->MX,US-->MX
FM,FSM,Federated States of Micronesia,Palikir,Oceania,Micronesia,,FM-->US,FM-->US,FM-->US,FM-->US,FM-->US,FM-->US,FM-->US,FM-->US,FM-->US,FM-->US,FM-->US,FM-->US,FM-->US,FM-->US,FM-->US,FM-->US,FM-->US,FM-->US,FM-->US,,,,,,,,,,,,,,,,,US-->FM,US-->FM,US-->FM,US-->FM,US-->FM,US-->FM,US-->FM,US-->FM,US-->FM,US-->FM,US-->FM,US-->FM,US-->FM,US-->FM,US-->FM,US-->FM,US-->FM,US-->FM,US-->FM
MD,MDA,Moldova,Chișinău,Europe,Eastern Europe,,MD-->US,MD-->US,MD-->US,MD-->US,MD-->US,MD-->US,MD-->US,MD-->US,MD-->US,MD-->US,MD-->US,MD-->US,MD-->US,MD-->US,MD-->US,MD-->US,MD-->US,MD-->US,MD-->US,,,,,,,,,,,,,,,,,US-->MD,US-->MD,US-->MD,US-->MD,US-->MD,US-->MD,US-->MD,US-->MD,US-->MD,US-->MD,US-->MD,US-->MD,US-->MD,US-->MD,US-->MD,US-->MD,US-->MD,US-->MD,US-->MD
MC,MCO,Monaco,Monaco,Europe,Western Europe,,MC-->US,MC-->US,MC-->US,MC-->US,MC-->US,MC-->US,MC-->US,MC-->US,MC-->US,MC-->US,MC-->US,MC-->US,MC-->US,MC-->US,MC-->US,MC-->US,MC-->US,MC-->US,MC-->US,,,,,,,,,,,,,,,,,US-->MC,US-->MC,US-->MC,US-->MC,US-->MC,US-->MC,US-->MC,US-->MC,US-->MC,US-->MC,US-->MC,US-->MC,US-->MC,US-->MC,US-->MC,US-->MC,US-->MC,US-->MC,US-->MC
MN,MNG,Mongolia,Ulan Bator,Asia,Eastern Asia,,MN-->US,MN-->US,MN-->US,MN-->US,MN-->US,MN-->US,MN-->US,MN-->US,MN-->US,MN-->US,MN-->US,MN-->US,MN-->US,MN-->US,MN-->US,MN-->US,MN-->US,MN-->US,MN-->US,,,,,,,,,,,,,,,,,US-->MN,US-->MN,US-->MN,US-->MN,US-->MN,US-->MN,US-->MN,US-->MN,US-->MN,US-->MN,US-->MN,US-->MN,US-->MN,US-->MN,US-->MN,US-->MN,US-->MN,US-->MN,US-->MN
ME,MNE,Montenegro,Podgorica,Europe,Southern Europe,,ME-->US,ME-->US,ME-->US,ME-->US,ME-->US,ME-->US,ME-->US,ME-->US,ME-->US,ME-->US,ME-->US,ME-->US,ME-->US,ME-->US,ME-->US,ME-->US,ME-->US,ME-->US,ME-->US,,,,,,,,,,,,,,,,,US-->ME,US-->ME,US-->ME,US-->ME,US-->ME,US-->ME,US-->ME,US-->ME,US-->ME,US-->ME,US-->ME,US-->ME,US-->ME,US-->ME,US-->ME,US-->ME,US-->ME,US-->ME,US-->ME
MS,MSR,Montserrat,Plymouth,Americas,Caribbean,,MS-->US,MS-->US,MS-->US,MS-->US,MS-->US,MS-->US,MS-->US,MS-->US,MS-->US,MS-->US,MS-->US,MS-->US,MS-->US,MS-->US,MS-->US,MS-->US,MS-->US,MS-->US,MS-->US,,,,,,,,,,,,,,,,,US-->MS,US-->MS,US-->MS,US-->MS,US-->MS,US-->MS,US-->MS,US-->MS,US-->MS,US-->MS,US-->MS,US-->MS,US-->MS,US-->MS,US-->MS,US-->MS,US-->MS,US-->MS,US-->MS
MA,MAR,Morocco,Rabat,Africa,Northern Africa,,MA-->US,MA-->US,MA-->US,MA-->US,MA-->US,MA-->US,MA-->US,MA-->US,MA-->US,MA-->US,MA-->US,MA-->US,MA-->US,MA-->US,MA-->US,MA-->US,MA-->US,MA-->US,MA-->US,,,,,,,,,,,,,,,,,US-->MA,US-->MA,US-->MA,US-->MA,US-->MA,US-->MA,US-->MA,US-->MA,US-->MA,US-->MA,US-->MA,US-->MA,US-->MA,US-->MA,US-->MA,US-->MA,US-->MA,US-->MA,US-->MA
MZ,MOZ,Mozambique,Maputo,Africa,Eastern Africa,,MZ-->US,MZ-->US,MZ-->US,MZ-->US,MZ-->US,MZ-->US,MZ-->US,MZ-->US,MZ-->US,MZ-->US,MZ-->US,MZ-->US,MZ-->US,MZ-->US,MZ-->US,MZ-->US,MZ-->US,MZ-->US,MZ-->US,,,,,,,,,,,,,,,,,US-->MZ,US-->MZ,US-->MZ,US-->MZ,US-->MZ,US-->MZ,US-->MZ,US-->MZ,US-->MZ,US-->MZ,US-->MZ,US-->MZ,US-->MZ,US-->MZ,US-->MZ,US-->MZ,US-->MZ,US-->MZ,US-->MZ
MM,MMR,Myanmar,Naypyidaw,Asia,South-Eastern Asia,,MM-->US,MM-->US,MM-->US,MM-->US,MM-->US,MM-->US,MM-->US,MM-->US,MM-->US,MM-->US,MM-->US,MM-->US,MM-->US,MM-->US,MM-->US,MM-->US,MM-->US,MM-->US,MM-->US,,,,,,,,,,,,,,,,,US-->MM,US-->MM,US-->MM,US-->MM,US-->MM,US-->MM,US-->MM,US-->MM,US-->MM,US-->MM,US-->MM,US-->MM,US-->MM,US-->MM,US-->MM,US-->MM,US-->MM,US-->MM,US-->MM
,NAM,Namibia,Windhoek,Africa,Southern Africa,,NA-->US,NA-->US,NA-->US,NA-->US,NA-->US,NA-->US,NA-->US,NA-->US,NA-->US,NA-->US,NA-->US,NA-->US,NA-->US,NA-->US,NA-->US,NA-->US,NA-->US,NA-->US,NA-->US,,,,,,,,,,,,,,,,,US-->NA,US-->NA,US-->NA,US-->NA,US-->NA,US-->NA,US-->NA,US-->NA,US-->NA,US-->NA,US-->NA,US-->NA,US-->NA,US-->NA,US-->NA,US-->NA,US-->NA,US-->NA,US-->NA
NR,NRU,Nauru,Yaren,Oceania,Micronesia,,NR-->US,NR-->US,NR-->US,NR-->US,NR-->US,NR-->US,NR-->US,NR-->US,NR-->US,NR-->US,NR-->US,NR-->US,NR-->US,NR-->US,NR-->US,NR-->US,NR-->US,NR-->US,NR-->US,,,,,,,,,,,,,,,,,US-->NR,US-->NR,US-->NR,US-->NR,US-->NR,US-->NR,US-->NR,US-->NR,US-->NR,US-->NR,US-->NR,US-->NR,US-->NR,US-->NR,US-->NR,US-->NR,US-->NR,US-->NR,US-->NR
NP,NPL,Nepal,Kathmandu,Asia,Southern Asia,,NP-->US,NP-->US,NP-->US,NP-->US,NP-->US,NP-->US,NP-->US,NP-->US,NP-->US,NP-->US,NP-->US,NP-->US,NP-->US,NP-->US,NP-->US,NP-->US,NP-->US,NP-->US,NP-->US,,,,,,,,,,,,,,,,,US-->NP,US-->NP,US-->NP,US-->NP,US-->NP,US-->NP,US-->NP,US-->NP,US-->NP,US-->NP,US-->NP,US-->NP,US-->NP,US-->NP,US-->NP,US-->NP,US-->NP,US-->NP,US-->NP
NL,NLD,Netherlands,Amsterdam,Europe,Western Europe,,NL-->US,NL-->US,NL-->US,NL-->US,NL-->US,NL-->US,NL-->US,NL-->US,NL-->US,NL-->US,NL-->US,NL-->US,NL-->US,NL-->US,NL-->US,NL-->US,NL-->US,NL-->US,NL-->US,,,,,,,,,,,,,,,,,US-->NL,US-->NL,US-->NL,US-->NL,US-->NL,US-->NL,US-->NL,US-->NL,US-->NL,US-->NL,US-->NL,US-->NL,US-->NL,US-->NL,US-->NL,US-->NL,US-->NL,US-->NL,US-->NL
NC,NCL,New Caledonia,Nouméa,Oceania,Melanesia,,NC-->US,NC-->US,NC-->US,NC-->US,NC-->US,NC-->US,NC-->US,NC-->US,NC-->US,NC-->US,NC-->US,NC-->US,NC-->US,NC-->US,NC-->US,NC-->US,NC-->US,NC-->US,NC-->US,,,,,,,,,,,,,,,,,US-->NC,US-->NC,US-->NC,US-->NC,US-->NC,US-->NC,US-->NC,US-->NC,US-->NC,US-->NC,US-->NC,US-->NC,US-->NC,US-->NC,US-->NC,US-->NC,US-->NC,US-->NC,US-->NC
NZ,NZL,New Zealand,Wellington,Oceania,Australia and New Zealand,,NZ-->US,NZ-->US,NZ-->US,NZ-->US,NZ-->US,NZ-->US,NZ-->US,NZ-->US,NZ-->US,NZ-->US,NZ-->US,NZ-->US,NZ-->US,NZ-->US,NZ-->US,NZ-->US,NZ-->US,NZ-->US,NZ-->US,,,,,,,,,,,,,,,,,US-->NZ,US-->NZ,US-->NZ,US-->NZ,US-->NZ,US-->NZ,US-->NZ,US-->NZ,US-->NZ,US-->NZ,US-->NZ,US-->NZ,US-->NZ,US-->NZ,US-->NZ,US-->NZ,US-->NZ,US-->NZ,US-->NZ
NI,NIC,Nicaragua,Managua,Americas,Central America,,NI-->US,NI-->US,NI-->US,NI-->US,NI-->US,NI-->US,NI-->US,NI-->US,NI-->US,NI-->US,NI-->US,NI-->US,NI-->US,NI-->US,NI-->US,NI-->US,NI-->US,NI-->US,NI-->US,,,,,,,,,,,,,,,,,US-->NI,US-->NI,US-->NI,US-->NI,US-->NI,US-->NI,US-->NI,US-->NI,US-->NI,US-->NI,US-->NI,US-->NI,US-->NI,US-->NI,US-->NI,US-->NI,US-->NI,US-->NI,US-->NI
NE,NER,Niger,Niamey,Africa,Western Africa,,NE-->US,NE-->US,NE-->US,NE-->US,NE-->US,NE-->US,NE-->US,NE-->US,NE-->US,NE-->US,NE-->US,NE-->US,NE-->US,NE-->US,NE-->US,NE-->US,NE-->US,NE-->US,NE-->US,,,,,,,,,,,,,,,,,US-->NE,US-->NE,US-->NE,US-->NE,US-->NE,US-->NE,US-->NE,US-->NE,US-->NE,US-->NE,US-->NE,US-->NE,US-->NE,US-->NE,US-->NE,US-->NE,US-->NE,US-->NE,US-->NE
NG,NGA,Nigeria,Abuja,Africa,Western Africa,,NG-->US,NG-->US,NG-->US,NG-->US,NG-->US,NG-->US,NG-->US,NG-->US,NG-->US,NG-->US,NG-->US,NG-->US,NG-->US,NG-->US,NG-->US,NG-->US,NG-->US,NG-->US,NG-->US,,,,,,,,,,,,,,,,,US-->NG,US-->NG,US-->NG,US-->NG,US-->NG,US-->NG,US-->NG,US-->NG,US-->NG,US-->NG,US-->NG,US-->NG,US-->NG,US-->NG,US-->NG,US-->NG,US-->NG,US-->NG,US-->NG
NU,NIU,Niue,Alofi,Oceania,Polynesia,,NU-->US,NU-->US,NU-->US,NU-->US,NU-->US,NU-->US,NU-->US,NU-->US,NU-->US,NU-->US,NU-->US,NU-->US,NU-->US,NU-->US,NU-->US,NU-->US,NU-->US,NU-->US,NU-->US,,,,,,,,,,,,,,,,,US-->NU,US-->NU,US-->NU,US-->NU,US-->NU,US-->NU,US-->NU,US-->NU,US-->NU,US-->NU,US-->NU,US-->NU,US-->NU,US-->NU,US-->NU,US-->NU,US-->NU,US-->NU,US-->NU
NF,NFK,Norfolk Island,Kingston,Oceania,Australia and New Zealand,,NF-->US,NF-->US,NF-->US,NF-->US,NF-->US,NF-->US,NF-->US,NF-->US,NF-->US,NF-->US,NF-->US,NF-->US,NF-->US,NF-->US,NF-->US,NF-->US,NF-->US,NF-->US,NF-->US,,,,,,,,,,,,,,,,,US-->NF,US-->NF,US-->NF,US-->NF,US-->NF,US-->NF,US-->NF,US-->NF,US-->NF,US-->NF,US-->NF,US-->NF,US-->NF,US-->NF,US-->NF,US-->NF,US-->NF,US-->NF,US-->NF
KP,PRK,North Korea,Pyongyang,Asia,Eastern Asia,,KP-->US,KP-->US,KP-->US,KP-->US,KP-->US,KP-->US,KP-->US,KP-->US,KP-->US,KP-->US,KP-->US,KP-->US,KP-->US,KP-->US,KP-->US,KP-->US,KP-->US,KP-->US,KP-->US,,,,,,,,,,,,,,,,,US-->KP,US-->KP,US-->KP,US-->KP,US-->KP,US-->KP,US-->KP,US-->KP,US-->KP,US-->KP,US-->KP,US-->KP,US-->KP,US-->KP,US-->KP,US-->KP,US-->KP,US-->KP,US-->KP
MP,MNP,Northern Mariana Islands,Saipan,Oceania,Micronesia,,MP-->US,MP-->US,MP-->US,MP-->US,MP-->US,MP-->US,MP-->US,MP-->US,MP-->US,MP-->US,MP-->US,MP-->US,MP-->US,MP-->US,MP-->US,MP-->US,MP-->US,MP-->US,MP-->US,,,,,,,,,,,,,,,,,US-->MP,US-->MP,US-->MP,US-->MP,US-->MP,US-->MP,US-->MP,US-->MP,US-->MP,US-->MP,US-->MP,US-->MP,US-->MP,US-->MP,US-->MP,US-->MP,US-->MP,US-->MP,US-->MP
NO,NOR,Norway,Oslo,Europe,Northern Europe,,NO-->US,NO-->US,NO-->US,NO-->US,NO-->US,NO-->US,NO-->US,NO-->US,NO-->US,NO-->US,NO-->US,NO-->US,NO-->US,NO-->US,NO-->US,NO-->US,NO-->US,NO-->US,NO-->US,,,,,,,,,,,,,,,,,US-->NO,US-->NO,US-->NO,US-->NO,US-->NO,US-->NO,US-->NO,US-->NO,US-->NO,US-->NO,US-->NO,US-->NO,US-->NO,US-->NO,US-->NO,US-->NO,US-->NO,US-->NO,US-->NO
OM,OMN,Oman,Muscat,Asia,Western Asia,,OM-->US,OM-->US,OM-->US,OM-->US,OM-->US,OM-->US,OM-->US,OM-->US,OM-->US,OM-->US,OM-->US,OM-->US,OM-->US,OM-->US,OM-->US,OM-->US,OM-->US,OM-->US,OM-->US,,,,,,,,,,,,,,,,,US-->OM,US-->OM,US-->OM,US-->OM,US-->OM,US-->OM,US-->OM,US-->OM,US-->OM,US-->OM,US-->OM,US-->OM,US-->OM,US-->OM,US-->OM,US-->OM,US-->OM,US-->OM,US-->OM
PK,PAK,Pakistan,Islamabad,Asia,Southern Asia,,PK-->US,PK-->US,PK-->US,PK-->US,PK-->US,PK-->US,PK-->US,PK-->US,PK-->US,PK-->US,PK-->US,PK-->US,PK-->US,PK-->US,PK-->US,PK-->US,PK-->US,PK-->US,PK-->US,,,,,,,,,,,,,,,,,US-->PK,US-->PK,US-->PK,US-->PK,US-->PK,US-->PK,US-->PK,US-->PK,US-->PK,US-->PK,US-->PK,US-->PK,US-->PK,US-->PK,US-->PK,US-->PK,US-->PK,US-->PK,US-->PK
PW,PLW,Palau,Ngerulmud,Oceania,Micronesia,,PW-->US,PW-->US,PW-->US,PW-->US,PW-->US,PW-->US,PW-->US,PW-->US,PW-->US,PW-->US,PW-->US,PW-->US,PW-->US,PW-->US,PW-->US,PW-->US,PW-->US,PW-->US,PW-->US,,,,,,,,,,,,,,,,,US-->PW,US-->PW,US-->PW,US-->PW,US-->PW,US-->PW,US-->PW,US-->PW,US-->PW,US-->PW,US-->PW,US-->PW,US-->PW,US-->PW,US-->PW,US-->PW,US-->PW,US-->PW,US-->PW
PS,PSE,Palestine,Ramallah,Asia,Western Asia,,PS-->US,PS-->US,PS-->US,PS-->US,PS-->US,PS-->US,PS-->US,PS-->US,PS-->US,PS-->US,PS-->US,PS-->US,PS-->US,PS-->US,PS-->US,PS-->US,PS-->US,PS-->US,PS-->US,,,,,,,,,,,,,,,,,US-->PS,US-->PS,US-->PS,US-->PS,US-->PS,US-->PS,US-->PS,US-->PS,US-->PS,US-->PS,US-->PS,US-->PS,US-->PS,US-->PS,US-->PS,US-->PS,US-->PS,US-->PS,US-->PS
PA,PAN,Panama,Panama City,Americas,Central America,,PA-->US,PA-->US,PA-->US,PA-->US,PA-->US,PA-->US,PA-->US,PA-->US,PA-->US,PA-->US,PA-->US,PA-->US,PA-->US,PA-->US,PA-->US,PA-->US,PA-->US,PA-->US,PA-->US,,,,,,,,,,,,,,,,,US-->PA,US-->PA,US-->PA,US-->PA,US-->PA,US-->PA,US-->PA,US-->PA,US-->PA,US-->PA,US-->PA,US-->PA,US-->PA,US-->PA,US-->PA,US-->PA,US-->PA,US-->PA,US-->PA
PG,PNG,Papua New Guinea,Port Moresby,Oceania,Melanesia,,PG-->US,PG-->US,PG-->US,PG-->US,PG-->US,PG-->US,PG-->US,PG-->US,PG-->US,PG-->US,PG-->US,PG-->US,PG-->US,PG-->US,PG-->US,PG-->US,PG-->US,PG-->US,PG-->US,,,,,,,,,,,,,,,,,US-->PG,US-->PG,US-->PG,US-->PG,US-->PG,US-->PG,US-->PG,US-->PG,US-->PG,US-->PG,US-->PG,US-->PG,US-->PG,US-->PG,US-->PG,US-->PG,US-->PG,US-->PG,US-->PG
PY,PRY,Paraguay,Asunción,Americas,South America,,PY-->US,PY-->US,PY-->US,PY-->US,PY-->US,PY-->US,PY-->US,PY-->US,PY-->US,PY-->US,PY-->US,PY-->US,PY-->US,PY-->US,PY-->US,PY-->US,PY-->US,PY-->US,PY-->US,,,,,,,,,,,,,,,,,US-->PY,US-->PY,US-->PY,US-->PY,US-->PY,US-->PY,US-->PY,US-->PY,US-->PY,US-->PY,US-->PY,US-->PY,US-->PY,US-->PY,US-->PY,US-->PY,US-->PY,US-->PY,US-->PY
PE,PER,Peru,Lima,Americas,South America,,PE-->US,PE-->US,PE-->US,PE-->US,PE-->US,PE-->US,PE-->US,PE-->US,PE-->US,PE-->US,PE-->US,PE-->US,PE-->US,PE-->US,PE-->US,PE-->US,PE-->US,PE-->US,PE-->US,,,,,,,,,,,,,,,,,US-->PE,US-->PE,US-->PE,US-->PE,US-->PE,US-->PE,US-->PE,US-->PE,US-->PE,US-->PE,US-->PE,US-->PE,US-->PE,US-->PE,US-->PE,US-->PE,US-->PE,US-->PE,US-->PE
PH,PHL,Philippines,Manila,Asia,South-Eastern Asia,,PH-->US,PH-->US,PH-->US,PH-->US,PH-->US,PH-->US,PH-->US,PH-->US,PH-->US,PH-->US,PH-->US,PH-->US,PH-->US,PH-->US,PH-->US,PH-->US,PH-->US,PH-->US,PH-->US,,,,,,,,,,,,,,,,,US-->PH,US-->PH,US-->PH,US-->PH,US-->PH,US-->PH,US-->PH,US-->PH,US-->PH,US-->PH,US-->PH,US-->PH,US-->PH,US-->PH,US-->PH,US-->PH,US-->PH,US-->PH,US-->PH
PN,PCN,Pitcairn Islands,Adamstown,Oceania,Polynesia,,PN-->US,PN-->US,PN-->US,PN-->US,PN-->US,PN-->US,PN-->US,PN-->US,PN-->US,PN-->US,PN-->US,PN-->US,PN-->US,PN-->US,PN-->US,PN-->US,PN-->US,PN-->US,PN-->US,,,,,,,,,,,,,,,,,US-->PN,US-->PN,US-->PN,US-->PN,US-->PN,US-->PN,US-->PN,US-->PN,US-->PN,US-->PN,US-->PN,US-->PN,US-->PN,US-->PN,US-->PN,US-->PN,US-->PN,US-->PN,US-->PN
PL,POL,Poland,Warsaw,Europe,Eastern Europe,,PL-->US,PL-->US,PL-->US,PL-->US,PL-->US,PL-->US,PL-->US,PL-->US,PL-->US,PL-->US,PL-->US,PL-->US,PL-->US,PL-->US,PL-->US,PL-->US,PL-->US,PL-->US,PL-->US,,,,,,,,,,,,,,,,,US-->PL,US-->PL,US-->PL,US-->PL,US-->PL,US-->PL,US-->PL,US-->PL,US-->PL,US-->PL,US-->PL,US-->PL,US-->PL,US-->PL,US-->PL,US-->PL,US-->PL,US-->PL,US-->PL
PT,PRT,Portugal,Lisbon,Europe,Southern Europe,,PT-->US,PT-->US,PT-->US,PT-->US,PT-->US,PT-->US,PT-->US,PT-->US,PT-->US,PT-->US,PT-->US,PT-->US,PT-->US,PT-->US,PT-->US,PT-->US,PT-->US,PT-->US,PT-->US,,,,,,,,,,,,,,,,,US-->PT,US-->PT,US-->PT,US-->PT,US-->PT,US-->PT,US-->PT,US-->PT,US-->PT,US-->PT,US-->PT,US-->PT,US-->PT,US-->PT,US-->PT,US-->PT,US-->PT,US-->PT,US-->PT
PR,PRI,Puerto Rico,San Juan,Americas,Caribbean,,PR-->US,PR-->US,PR-->US,PR-->US,PR-->US,PR-->US,PR-->US,PR-->US,PR-->US,PR-->US,PR-->US,PR-->US,PR-->US,PR-->US,PR-->US,PR-->US,PR-->US,PR-->US,PR-->US,,,,,,,,,,,,,,,,,US-->PR,US-->PR,US-->PR,US-->PR,US-->PR,US-->PR,US-->PR,US-->PR,US-->PR,US-->PR,US-->PR,US-->PR,US-->PR,US-->PR,US-->PR,US-->PR,US-->PR,US-->PR,US-->PR
QA,QAT,Qatar,Doha,Asia,Western Asia,,QA-->US,QA-->US,QA-->US,QA-->US,QA-->US,QA-->US,QA-->US,QA-->US,QA-->US,QA-->US,QA-->US,QA-->US,QA-->US,QA-->US,QA-->US,QA-->US,QA-->US,QA-->US,QA-->US,,,,,,,,,,,,,,,,,US-->QA,US-->QA,US-->QA,US-->QA,US-->QA,US-->QA,US-->QA,US-->QA,US-->QA,US-->QA,US-->QA,US-->QA,US-->QA,US-->QA,US-->QA,US-->QA,US-->QA,US-->QA,US-->QA
XK,KOS,Republic of Kosovo,Pristina,Europe,Eastern Europe,,XK-->US,XK-->US,XK-->US,XK-->US,XK-->US,XK-->US,XK-->US,XK-->US,XK-->US,XK-->US,XK-->US,XK-->US,XK-->US,XK-->US,XK-->US,XK-->US,XK-->US,XK-->US,XK-->US,,,,,,,,,,,,,,,,,US-->XK,US-->XK,US-->XK,US-->XK,US-->XK,US-->XK,US-->XK,US-->XK,US-->XK,US-->XK,US-->XK,US-->XK,US-->XK,US-->XK,US-->XK,US-->XK,US-->XK,US-->XK,US-->XK
RE,REU,Réunion,Saint-Denis,Africa,Eastern Africa,,RE-->US,RE-->US,RE-->US,RE-->US,RE-->US,RE-->US,RE-->US,RE-->US,RE-->US,RE-->US,RE-->US,RE-->US,RE-->US,RE-->US,RE-->US,RE-->US,RE-->US,RE-->US,RE-->US,,,,,,,,,,,,,,,,,US-->RE,US-->RE,US-->RE,US-->RE,US-->RE,US-->RE,US-->RE,US-->RE,US-->RE,US-->RE,US-->RE,US-->RE,US-->RE,US-->RE,US-->RE,US-->RE,US-->RE,US-->RE,US-->RE
RO,ROU,Romania,Bucharest,Europe,Eastern Europe,,RO-->US,RO-->US,RO-->US,RO-->US,RO-->US,RO-->US,RO-->US,RO-->US,RO-->US,RO-->US,RO-->US,RO-->US,RO-->US,RO-->US,RO-->US,RO-->US,RO-->US,RO-->US,RO-->US,,,,,,,,,,,,,,,,,US-->RO,US-->RO,US-->RO,US-->RO,US-->RO,US-->RO,US-->RO,US-->RO,US-->RO,US-->RO,US-->RO,US-->RO,US-->RO,US-->RO,US-->RO,US-->RO,US-->RO,US-->RO,US-->RO
RU,RUS,Russia,Moscow,Europe,Eastern Europe,,RU-->US,RU-->US,RU-->US,RU-->US,RU-->US,RU-->US,RU-->US,RU-->US,RU-->US,RU-->US,RU-->US,RU-->US,RU-->US,RU-->US,RU-->US,RU-->US,RU-->US,RU-->US,RU-->US,,,,,,,,,,,,,,,,,US-->RU,US-->RU,US-->RU,US-->RU,US-->RU,US-->RU,US-->RU,US-->RU,US-->RU,US-->RU,US-->RU,US-->RU,US-->RU,US-->RU,US-->RU,US-->RU,US-->RU,US-->RU,US-->RU
RW,RWA,Rwanda,Kigali,Africa,Eastern Africa,,RW-->US,RW-->US,RW-->US,RW-->US,RW-->US,RW-->US,RW-->US,RW-->US,RW-->US,RW-->US,RW-->US,RW-->US,RW-->US,RW-->US,RW-->US,RW-->US,RW-->US,RW-->US,RW-->US,,,,,,,,,,,,,,,,,US-->RW,US-->RW,US-->RW,US-->RW,US-->RW,US-->RW,US-->RW,US-->RW,US-->RW,US-->RW,US-->RW,US-->RW,US-->RW,US-->RW,US-->RW,US-->RW,US-->RW,US-->RW,US-->RW
BL,BLM,Saint Barthélemy,Gustavia,Americas,Caribbean,,BL-->US,BL-->US,BL-->US,BL-->US,BL-->US,BL-->US,BL-->US,BL-->US,BL-->US,BL-->US,BL-->US,BL-->US,BL-->US,BL-->US,BL-->US,BL-->US,BL-->US,BL-->US,BL-->US,,,,,,,,,,,,,,,,,US-->BL,US-->BL,US-->BL,US-->BL,US-->BL,US-->BL,US-->BL,US-->BL,US-->BL,US-->BL,US-->BL,US-->BL,US-->BL,US-->BL,US-->BL,US-->BL,US-->BL,US-->BL,US-->BL
SH,SHN,Saint Helena,Jamestown,Africa,Western Africa,,SH-->US,SH-->US,SH-->US,SH-->US,SH-->US,SH-->US,SH-->US,SH-->US,SH-->US,SH-->US,SH-->US,SH-->US,SH-->US,SH-->US,SH-->US,SH-->US,SH-->US,SH-->US,SH-->US,,,,,,,,,,,,,,,,,US-->SH,US-->SH,US-->SH,US-->SH,US-->SH,US-->SH,US-->SH,US-->SH,US-->SH,US-->SH,US-->SH,US-->SH,US-->SH,US-->SH,US-->SH,US-->SH,US-->SH,US-->SH,US-->SH
KN,KNA,Saint Kitts and Nevis,Basseterre,Americas,Caribbean,,KN-->US,KN-->US,KN-->US,KN-->US,KN-->US,KN-->US,KN-->US,KN-->US,KN-->US,KN-->US,KN-->US,KN-->US,KN-->US,KN-->US,KN-->US,KN-->US,KN-->US,KN-->US,KN-->US,,,,,,,,,,,,,,,,,US-->KN,US-->KN,US-->KN,US-->KN,US-->KN,US-->KN,US-->KN,US-->KN,US-->KN,US-->KN,US-->KN,US-->KN,US-->KN,US-->KN,US-->KN,US-->KN,US-->KN,US-->KN,US-->KN
LC,LCA,Saint Lucia,Castries,Americas,Caribbean,,LC-->US,LC-->US,LC-->US,LC-->US,LC-->US,LC-->US,LC-->US,LC-->US,LC-->US,LC-->US,LC-->US,LC-->US,LC-->US,LC-->US,LC-->US,LC-->US,LC-->US,LC-->US,LC-->US,,,,,,,,,,,,,,,,,US-->LC,US-->LC,US-->LC,US-->LC,US-->LC,US-->LC,US-->LC,US-->LC,US-->LC,US-->LC,US-->LC,US-->LC,US-->LC,US-->LC,US-->LC,US-->LC,US-->LC,US-->LC,US-->LC
MF,MAF,Saint Martin,Marigot,Americas,Caribbean,,MF-->US,MF-->US,MF-->US,MF-->US,MF-->US,MF-->US,MF-->US,MF-->US,MF-->US,MF-->US,MF-->US,MF-->US,MF-->US,MF-->US,MF-->US,MF-->US,MF-->US,MF-->US,MF-->US,,,,,,,,,,,,,,,,,US-->MF,US-->MF,US-->MF,US-->MF,US-->MF,US-->MF,US-->MF,US-->MF,US-->MF,US-->MF,US-->MF,US-->MF,US-->MF,US-->MF,US-->MF,US-->MF,US-->MF,US-->MF,US-->MF
PM,SPM,Saint Pierre and Miquelon,Saint-Pierre,Americas,Northern America,,PM-->US,PM-->US,PM-->US,PM-->US,PM-->US,PM-->US,PM-->US,PM-->US,PM-->US,PM-->US,PM-->US,PM-->US,PM-->US,PM-->US,PM-->US,PM-->US,PM-->US,PM-->US,PM-->US,,,,,,,,,,,,,,,,,US-->PM,US-->PM,US-->PM,US-->PM,US-->PM,US-->PM,US-->PM,US-->PM,US-->PM,US-->PM,US-->PM,US-->PM,US-->PM,US-->PM,US-->PM,US-->PM,US-->PM,US-->PM,US-->PM
VC,VCT,Saint Vincent and the Grenadines,Kingstown,Americas,Caribbean,,VC-->US,VC-->US,VC-->US,VC-->US,VC-->US,VC-->US,VC-->US,VC-->US,VC-->US,VC-->US,VC-->US,VC-->US,VC-->US,VC-->US,VC-->US,VC-->US,VC-->US,VC-->US,VC-->US,,,,,,,,,,,,,,,,,US-->VC,US-->VC,US-->VC,US-->VC,US-->VC,US-->VC,US-->VC,US-->VC,US-->VC,US-->VC,US-->VC,US-->VC,US-->VC,US-->VC,US-->VC,US-->VC,US-->VC,US-->VC,US-->VC
WS,WSM,Samoa,Apia,Oceania,Polynesia,,WS-->US,WS-->US,WS-->US,WS-->US,WS-->US,WS-->US,WS-->US,WS-->US,WS-->US,WS-->US,WS-->US,WS-->US,WS-->US,WS-->US,WS-->US,WS-->US,WS-->US,WS-->US,WS-->US,,,,,,,,,,,,,,,,,US-->WS,US-->WS,US-->WS,US-->WS,US-->WS,US-->WS,US-->WS,US-->WS,US-->WS,US-->WS,US-->WS,US-->WS,US-->WS,US-->WS,US-->WS,US-->WS,US-->WS,US-->WS,US-->WS
SM,SMR,San Marino,City of San Marino,Europe,Southern Europe,,SM-->US,SM-->US,SM-->US,SM-->US,SM-->US,SM-->US,SM-->US,SM-->US,SM-->US,SM-->US,SM-->US,SM-->US,SM-->US,SM-->US,SM-->US,SM-->US,SM-->US,SM-->US,SM-->US,,,,,,,,,,,,,,,,,US-->SM,US-->SM,US-->SM,US-->SM,US-->SM,US-->SM,US-->SM,US-->SM,US-->SM,US-->SM,US-->SM,US-->SM,US-->SM,US-->SM,US-->SM,US-->SM,US-->SM,US-->SM,US-->SM
ST,STP,São Tomé and Príncipe,São Tomé,Africa,Middle Africa,,ST-->US,ST-->US,ST-->US,ST-->US,ST-->US,ST-->US,ST-->US,ST-->US,ST-->US,ST-->US,ST-->US,ST-->US,ST-->US,ST-->US,ST-->US,ST-->US,ST-->US,ST-->US,ST-->US,,,,,,,,,,,,,,,,,US-->ST,US-->ST,US-->ST,US-->ST,US-->ST,US-->ST,US-->ST,US-->ST,US-->ST,US-->ST,US-->ST,US-->ST,US-->ST,US-->ST,US-->ST,US-->ST,US-->ST,US-->ST,US-->ST
SA,SAU,Saudi Arabia,Riyadh,Asia,Western Asia,,SA-->US,SA-->US,SA-->US,SA-->US,SA-->US,SA-->US,SA-->US,SA-->US,SA-->US,SA-->US,SA-->US,SA-->US,SA-->US,SA-->US,SA-->US,SA-->US,SA-->US,SA-->US,SA-->US,,,,,,,,,,,,,,,,,US-->SA,US-->SA,US-->SA,US-->SA,US-->SA,US-->SA,US-->SA,US-->SA,US-->SA,US-->SA,US-->SA,US-->SA,US-->SA,US-->SA,US-->SA,US-->SA,US-->SA,US-->SA,US-->SA
SN,SEN,Senegal,Dakar,Africa,Western Africa,,SN-->US,SN-->US,SN-->US,SN-->US,SN-->US,SN-->US,SN-->US,SN-->US,SN-->US,SN-->US,SN-->US,SN-->US,SN-->US,SN-->US,SN-->US,SN-->US,SN-->US,SN-->US,SN-->US,,,,,,,,,,,,,,,,,US-->SN,US-->SN,US-->SN,US-->SN,US-->SN,US-->SN,US-->SN,US-->SN,US-->SN,US-->SN,US-->SN,US-->SN,US-->SN,US-->SN,US-->SN,US-->SN,US-->SN,US-->SN,US-->SN
RS,SRB,Serbia,Belgrade,Europe,Southern Europe,,RS-->US,RS-->US,RS-->US,RS-->US,RS-->US,RS-->US,RS-->US,RS-->US,RS-->US,RS-->US,RS-->US,RS-->US,RS-->US,RS-->US,RS-->US,RS-->US,RS-->US,RS-->US,RS-->US,,,,,,,,,,,,,,,,,US-->RS,US-->RS,US-->RS,US-->RS,US-->RS,US-->RS,US-->RS,US-->RS,US-->RS,US-->RS,US-->RS,US-->RS,US-->RS,US-->RS,US-->RS,US-->RS,US-->RS,US-->RS,US-->RS
SC,SYC,Seychelles,Victoria,Africa,Eastern Africa,,SC-->US,SC-->US,SC-->US,SC-->US,SC-->US,SC-->US,SC-->US,SC-->US,SC-->US,SC-->US,SC-->US,SC-->US,SC-->US,SC-->US,SC-->US,SC-->US,SC-->US,SC-->US,SC-->US,,,,,,,,,,,,,,,,,US-->SC,US-->SC,US-->SC,US-->SC,US-->SC,US-->SC,US-->SC,US-->SC,US-->SC,US-->SC,US-->SC,US-->SC,US-->SC,US-->SC,US-->SC,US-->SC,US-->SC,US-->SC,US-->SC
SL,SLE,Sierra Leone,Freetown,Africa,Western Africa,,SL-->US,SL-->US,SL-->US,SL-->US,SL-->US,SL-->US,SL-->US,SL-->US,SL-->US,SL-->US,SL-->US,SL-->US,SL-->US,SL-->US,SL-->US,SL-->US,SL-->US,SL-->US,SL-->US,,,,,,,,,,,,,,,,,US-->SL,US-->SL,US-->SL,US-->SL,US-->SL,US-->SL,US-->SL,US-->SL,US-->SL,US-->SL,US-->SL,US-->SL,US-->SL,US-->SL,US-->SL,US-->SL,US-->SL,US-->SL,US-->SL
SG,SGP,Singapore,Singapore,Asia,South-Eastern Asia,,SG-->US,SG-->US,SG-->US,SG-->US,SG-->US,SG-->US,SG-->US,SG-->US,SG-->US,SG-->US,SG-->US,SG-->US,SG-->US,SG-->US,SG-->US,SG-->US,SG-->US,SG-->US,SG-->US,,,,,,,,,,,,,,,,,US-->SG,US-->SG,US-->SG,US-->SG,US-->SG,US-->SG,US-->SG,US-->SG,US-->SG,US-->SG,US-->SG,US-->SG,US-->SG,US-->SG,US-->SG,US-->SG,US-->SG,US-->SG,US-->SG
SX,SXM,Sint Maarten,Philipsburg,Americas,Caribbean,,SX-->US,SX-->US,SX-->US,SX-->US,SX-->US,SX-->US,SX-->US,SX-->US,SX-->US,SX-->US,SX-->US,SX-->US,SX-->US,SX-->US,SX-->US,SX-->US,SX-->US,SX-->US,SX-->US,,,,,,,,,,,,,,,,,US-->SX,US-->SX,US-->SX,US-->SX,US-->SX,US-->SX,US-->SX,US-->SX,US-->SX,US-->SX,US-->SX,US-->SX,US-->SX,US-->SX,US-->SX,US-->SX,US-->SX,US-->SX,US-->SX
SK,SVK,Slovakia,Bratislava,Europe,Eastern Europe,,SK-->US,SK-->US,SK-->US,SK-->US,SK-->US,SK-->US,SK-->US,SK-->US,SK-->US,SK-->US,SK-->US,SK-->US,SK-->US,SK-->US,SK-->US,SK-->US,SK-->US,SK-->US,SK-->US,,,,,,,,,,,,,,,,,US-->SK,US-->SK,US-->SK,US-->SK,US-->SK,US-->SK,US-->SK,US-->SK,US-->SK,US-->SK,US-->SK,US-->SK,US-->SK,US-->SK,US-->SK,US-->SK,US-->SK,US-->SK,US-->SK
SI,SVN,Slovenia,Ljubljana,Europe,Southern Europe,,SI-->US,SI-->US,SI-->US,SI-->US,SI-->US,SI-->US,SI-->US,SI-->US,SI-->US,SI-->US,SI-->US,SI-->US,SI-->US,SI-->US,SI-->US,SI-->US,SI-->US,SI-->US,SI-->US,,,,,,,,,,,,,,,,,US-->SI,US-->SI,US-->SI,US-->SI,US-->SI,US-->SI,US-->SI,US-->SI,US-->SI,US-->SI,US-->SI,US-->SI,US-->SI,US-->SI,US-->SI,US-->SI,US-->SI,US-->SI,US-->SI
SB,SLB,Solomon Islands,Honiara,Oceania,Melanesia,,SB-->US,SB-->US,SB-->US,SB-->US,SB-->US,SB-->US,SB-->US,SB-->US,SB-->US,SB-->US,SB-->US,SB-->US,SB-->US,SB-->US,SB-->US,SB-->US,SB-->US,SB-->US,SB-->US,,,,,,,,,,,,,,,,,US-->SB,US-->SB,US-->SB,US-->SB,US-->SB,US-->SB,US-->SB,US-->SB,US-->SB,US-->SB,US-->SB,US-->SB,US-->SB,US-->SB,US-->SB,US-->SB,US-->SB,US-->SB,US-->SB
SO,SOM,Somalia,Mogadishu,Africa,Eastern Africa,,SO-->US,SO-->US,SO-->US,SO-->US,SO-->US,SO-->US,SO-->US,SO-->US,SO-->US,SO-->US,SO-->US,SO-->US,SO-->US,SO-->US,SO-->US,SO-->US,SO-->US,SO-->US,SO-->US,,,,,,,,,,,,,,,,,US-->SO,US-->SO,US-->SO,US-->SO,US-->SO,US-->SO,US-->SO,US-->SO,US-->SO,US-->SO,US-->SO,US-->SO,US-->SO,US-->SO,US-->SO,US-->SO,US-->SO,US-->SO,US-->SO
ZA,ZAF,South Africa,Pretoria,Africa,Southern Africa,,ZA-->US,ZA-->US,ZA-->US,ZA-->US,ZA-->US,ZA-->US,ZA-->US,ZA-->US,ZA-->US,ZA-->US,ZA-->US,ZA-->US,ZA-->US,ZA-->US,ZA-->US,ZA-->US,ZA-->US,ZA-->US,ZA-->US,,,,,,,,,,,,,,,,,US-->ZA,US-->ZA,US-->ZA,US-->ZA,US-->ZA,US-->ZA,US-->ZA,US-->ZA,US-->ZA,US-->ZA,US-->ZA,US-->ZA,US-->ZA,US-->ZA,US-->ZA,US-->ZA,US-->ZA,US-->ZA,US-->ZA
GS,SGS,South Georgia,King Edward Point,Americas,South America,,GS-->US,GS-->US,GS-->US,GS-->US,GS-->US,GS-->US,GS-->US,GS-->US,GS-->US,GS-->US,GS-->US,GS-->US,GS-->US,GS-->US,GS-->US,GS-->US,GS-->US,GS-->US,GS-->US,,,,,,,,,,,,,,,,,US-->GS,US-->GS,US-->GS,US-->GS,US-->GS,US-->GS,US-->GS,US-->GS,US-->GS,US-->GS,US-->GS,US-->GS,US-->GS,US-->GS,US-->GS,US-->GS,US-->GS,US-->GS,US-->GS
KR,KOR,South Korea,Seoul,Asia,Eastern Asia,,KR-->US,KR-->US,KR-->US,KR-->US,KR-->US,KR-->US,KR-->US,KR-->US,KR-->US,KR-->US,KR-->US,KR-->US,KR-->US,KR-->US,KR-->US,KR-->US,KR-->US,KR-->US,KR-->US,,,,,,,,,,,,,,,,,US-->KR,US-->KR,US-->KR,US-->KR,US-->KR,US-->KR,US-->KR,US-->KR,US-->KR,US-->KR,US-->KR,US-->KR,US-->KR,US-->KR,US-->KR,US-->KR,US-->KR,US-->KR,US-->KR
SS,SSD,South Sudan,Juba,Africa,Middle Africa,,SS-->US,SS-->US,SS-->US,SS-->US,SS-->US,SS-->US,SS-->US,SS-->US,SS-->US,SS-->US,SS-->US,SS-->US,SS-->US,SS-->US,SS-->US,SS-->US,SS-->US,SS-->US,SS-->US,,,,,,,,,,,,,,,,,US-->SS,US-->SS,US-->SS,US-->SS,US-->SS,US-->SS,US-->SS,US-->SS,US-->SS,US-->SS,US-->SS,US-->SS,US-->SS,US-->SS,US-->SS,US-->SS,US-->SS,US-->SS,US-->SS
ES,ESP,Spain,Madrid,Europe,Southern Europe,,ES-->US,ES-->US,ES-->US,ES-->US,ES-->US,ES-->US,ES-->US,ES-->US,ES-->US,ES-->US,ES-->US,ES-->US,ES-->US,ES-->US,ES-->US,ES-->US,ES-->US,ES-->US,ES-->US,,,,,,,,,,,,,,,,,US-->ES,US-->ES,US-->ES,US-->ES,US-->ES,US-->ES,US-->ES,US-->ES,US-->ES,US-->ES,US-->ES,US-->ES,US-->ES,US-->ES,US-->ES,US-->ES,US-->ES,US-->ES,US-->ES
LK,LKA,Sri Lanka,Colombo,Asia,Southern Asia,,LK-->US,LK-->US,LK-->US,LK-->US,LK-->US,LK-->US,LK-->US,LK-->US,LK-->US,LK-->US,LK-->US,LK-->US,LK-->US,LK-->US,LK-->US,LK-->US,LK-->US,LK-->US,LK-->US,,,,,,,,,,,,,,,,,US-->LK,US-->LK,US-->LK,US-->LK,US-->LK,US-->LK,US-->LK,US-->LK,US-->LK,US-->LK,US-->LK,US-->LK,US-->LK,US-->LK,US-->LK,US-->LK,US-->LK,US-->LK,US-->LK
SD,SDN,Sudan,Khartoum,Africa,Northern Africa,,SD-->US,SD-->US,SD-->US,SD-->US,SD-->US,SD-->US,SD-->US,SD-->US,SD-->US,SD-->US,SD-->US,SD-->US,SD-->US,SD-->US,SD-->US,SD-->US,SD-->US,SD-->US,SD-->US,,,,,,,,,,,,,,,,,US-->SD,US-->SD,US-->SD,US-->SD,US-->SD,US-->SD,US-->SD,US-->SD,US-->SD,US-->SD,US-->SD,US-->SD,US-->SD,US-->SD,US-->SD,US-->SD,US-->SD,US-->SD,US-->SD
SR,SUR,Suriname,Paramaribo,Americas,South America,,SR-->US,SR-->US,SR-->US,SR-->US,SR-->US,SR-->US,SR-->US,SR-->US,SR-->US,SR-->US,SR-->US,SR-->US,SR-->US,SR-->US,SR-->US,SR-->US,SR-->US,SR-->US,SR-->US,,,,,,,,,,,,,,,,,US-->SR,US-->SR,US-->SR,US-->SR,US-->SR,US-->SR,US-->SR,US-->SR,US-->SR,US-->SR,US-->SR,US-->SR,US-->SR,US-->SR,US-->SR,US-->SR,US-->SR,US-->SR,US-->SR
SJ,SJM,Svalbard and Jan Mayen,Longyearbyen,Europe,Northern Europe,,SJ-->US,SJ-->US,SJ-->US,SJ-->US,SJ-->US,SJ-->US,SJ-->US,SJ-->US,SJ-->US,SJ-->US,SJ-->US,SJ-->US,SJ-->US,SJ-->US,SJ-->US,SJ-->US,SJ-->US,SJ-->US,SJ-->US,,,,,,,,,,,,,,,,,US-->SJ,US-->SJ,US-->SJ,US-->SJ,US-->SJ,US-->SJ,US-->SJ,US-->SJ,US-->SJ,US-->SJ,US-->SJ,US-->SJ,US-->SJ,US-->SJ,US-->SJ,US-->SJ,US-->SJ,US-->SJ,US-->SJ
SZ,SWZ,Swaziland,Lobamba,Africa,Southern Africa,,SZ-->US,SZ-->US,SZ-->US,SZ-->US,SZ-->US,SZ-->US,SZ-->US,SZ-->US,SZ-->US,SZ-->US,SZ-->US,SZ-->US,SZ-->US,SZ-->US,SZ-->US,SZ-->US,SZ-->US,SZ-->US,SZ-->US,,,,,,,,,,,,,,,,,US-->SZ,US-->SZ,US-->SZ,US-->SZ,US-->SZ,US-->SZ,US-->SZ,US-->SZ,US-->SZ,US-->SZ,US-->SZ,US-->SZ,US-->SZ,US-->SZ,US-->SZ,US-->SZ,US-->SZ,US-->SZ,US-->SZ
SE,SWE,Sweden,Stockholm,Europe,Northern Europe,,SE-->US,SE-->US,SE-->US,SE-->US,SE-->US,SE-->US,SE-->US,SE-->US,SE-->US,SE-->US,SE-->US,SE-->US,SE-->US,SE-->US,SE-->US,SE-->US,SE-->US,SE-->US,SE-->US,,,,,,,,,,,,,,,,,US-->SE,US-->SE,US-->SE,US-->SE,US-->SE,US-->SE,US-->SE,US-->SE,US-->SE,US-->SE,US-->SE,US-->SE,US-->SE,US-->SE,US-->SE,US-->SE,US-->SE,US-->SE,US-->SE
CH,CHE,Switzerland,Bern,Europe,Western Europe,,CH-->US,CH-->US,CH-->US,CH-->US,CH-->US,CH-->US,CH-->US,CH-->US,CH-->US,CH-->US,CH-->US,CH-->US,CH-->US,CH-->US,CH-->US,CH-->US,CH-->US,CH-->US,CH-->US,,,,,,,,,,,,,,,,,US-->CH,US-->CH,US-->CH,US-->CH,US-->CH,US-->CH,US-->CH,US-->CH,US-->CH,US-->CH,US-->CH,US-->CH,US-->CH,US-->CH,US-->CH,US-->CH,US-->CH,US-->CH,US-->CH
SY,SYR,Syria,Damascus,Asia,Western Asia,,SY-->US,SY-->US,SY-->US,SY-->US,SY-->US,SY-->US,SY-->US,SY-->US,SY-->US,SY-->US,SY-->US,SY-->US,SY-->US,SY-->US,SY-->US,SY-->US,SY-->US,SY-->US,SY-->US,,,,,,,,,,,,,,,,,US-->SY,US-->SY,US-->SY,US-->SY,US-->SY,US-->SY,US-->SY,US-->SY,US-->SY,US-->SY,US-->SY,US-->SY,US-->SY,US-->SY,US-->SY,US-->SY,US-->SY,US-->SY,US-->SY
TW,TWN,Taiwan,Taipei,Asia,Eastern Asia,,TW-->US,TW-->US,TW-->US,TW-->US,TW-->US,TW-->US,TW-->US,TW-->US,TW-->US,TW-->US,TW-->US,TW-->US,TW-->US,TW-->US,TW-->US,TW-->US,TW-->US,TW-->US,TW-->US,,,,,,,,,,,,,,,,,US-->TW,US-->TW,US-->TW,US-->TW,US-->TW,US-->TW,US-->TW,US-->TW,US-->TW,US-->TW,US-->TW,US-->TW,US-->TW,US-->TW,US-->TW,US-->TW,US-->TW,US-->TW,US-->TW
TJ,TJK,Tajikistan,Dushanbe,Asia,Central Asia,,TJ-->US,TJ-->US,TJ-->US,TJ-->US,TJ-->US,TJ-->US,TJ-->US,TJ-->US,TJ-->US,TJ-->US,TJ-->US,TJ-->US,TJ-->US,TJ-->US,TJ-->US,TJ-->US,TJ-->US,TJ-->US,TJ-->US,,,,,,,,,,,,,,,,,US-->TJ,US-->TJ,US-->TJ,US-->TJ,US-->TJ,US-->TJ,US-->TJ,US-->TJ,US-->TJ,US-->TJ,US-->TJ,US-->TJ,US-->TJ,US-->TJ,US-->TJ,US-->TJ,US-->TJ,US-->TJ,US-->TJ
TZ,TZA,Tanzania,Dodoma,Africa,Eastern Africa,,TZ-->US,TZ-->US,TZ-->US,TZ-->US,TZ-->US,TZ-->US,TZ-->US,TZ-->US,TZ-->US,TZ-->US,TZ-->US,TZ-->US,TZ-->US,TZ-->US,TZ-->US,TZ-->US,TZ-->US,TZ-->US,TZ-->US,,,,,,,,,,,,,,,,,US-->TZ,US-->TZ,US-->TZ,US-->TZ,US-->TZ,US-->TZ,US-->TZ,US-->TZ,US-->TZ,US-->TZ,US-->TZ,US-->TZ,US-->TZ,US-->TZ,US-->TZ,US-->TZ,US-->TZ,US-->TZ,US-->TZ
TH,THA,Thailand,Bangkok,Asia,South-Eastern Asia,,TH-->US,TH-->US,TH-->US,TH-->US,TH-->US,TH-->US,TH-->US,TH-->US,TH-->US,TH-->US,TH-->US,TH-->US,TH-->US,TH-->US,TH-->US,TH-->US,TH-->US,TH-->US,TH-->US,,,,,,,,,,,,,,,,,US-->TH,US-->TH,US-->TH,US-->TH,US-->TH,US-->TH,US-->TH,US-->TH,US-->TH,US-->TH,US-->TH,US-->TH,US-->TH,US-->TH,US-->TH,US-->TH,US-->TH,US-->TH,US-->TH
TL,TLS,East Timor,Dili,Asia,South-Eastern Asia,,TL-->US,TL-->US,TL-->US,TL-->US,TL-->US,TL-->US,TL-->US,TL-->US,TL-->US,TL-->US,TL-->US,TL-->US,TL-->US,TL-->US,TL-->US,TL-->US,TL-->US,TL-->US,TL-->US,,,,,,,,,,,,,,,,,US-->TL,US-->TL,US-->TL,US-->TL,US-->TL,US-->TL,US-->TL,US-->TL,US-->TL,US-->TL,US-->TL,US-->TL,US-->TL,US-->TL,US-->TL,US-->TL,US-->TL,US-->TL,US-->TL
TG,TGO,Togo,Lomé,Africa,Western Africa,,TG-->US,TG-->US,TG-->US,TG-->US,TG-->US,TG-->US,TG-->US,TG-->US,TG-->US,TG-->US,TG-->US,TG-->US,TG-->US,TG-->US,TG-->US,TG-->US,TG-->US,TG-->US,TG-->US,,,,,,,,,,,,,,,,,US-->TG,US-->TG,US-->TG,US-->TG,US-->TG,US-->TG,US-->TG,US-->TG,US-->TG,US-->TG,US-->TG,US-->TG,US-->TG,US-->TG,US-->TG,US-->TG,US-->TG,US-->TG,US-->TG
TK,TKL,Tokelau,Fakaofo,Oceania,Polynesia,,TK-->US,TK-->US,TK-->US,TK-->US,TK-->US,TK-->US,TK-->US,TK-->US,TK-->US,TK-->US,TK-->US,TK-->US,TK-->US,TK-->US,TK-->US,TK-->US,TK-->US,TK-->US,TK-->US,,,,,,,,,,,,,,,,,US-->TK,US-->TK,US-->TK,US-->TK,US-->TK,US-->TK,US-->TK,US-->TK,US-->TK,US-->TK,US-->TK,US-->TK,US-->TK,US-->TK,US-->TK,US-->TK,US-->TK,US-->TK,US-->TK
TO,TON,Tonga,Nuku'alofa,Oceania,Polynesia,,TO-->US,TO-->US,TO-->US,TO-->US,TO-->US,TO-->US,TO-->US,TO-->US,TO-->US,TO-->US,TO-->US,TO-->US,TO-->US,TO-->US,TO-->US,TO-->US,TO-->US,TO-->US,TO-->US,,,,,,,,,,,,,,,,,US-->TO,US-->TO,US-->TO,US-->TO,US-->TO,US-->TO,US-->TO,US-->TO,US-->TO,US-->TO,US-->TO,US-->TO,US-->TO,US-->TO,US-->TO,US-->TO,US-->TO,US-->TO,US-->TO
TT,TTO,Trinidad and Tobago,Port of Spain,Americas,Caribbean,,TT-->US,TT-->US,TT-->US,TT-->US,TT-->US,TT-->US,TT-->US,TT-->US,TT-->US,TT-->US,TT-->US,TT-->US,TT-->US,TT-->US,TT-->US,TT-->US,TT-->US,TT-->US,TT-->US,,,,,,,,,,,,,,,,,US-->TT,US-->TT,US-->TT,US-->TT,US-->TT,US-->TT,US-->TT,US-->TT,US-->TT,US-->TT,US-->TT,US-->TT,US-->TT,US-->TT,US-->TT,US-->TT,US-->TT,US-->TT,US-->TT
TN,TUN,Tunisia,Tunis,Africa,Northern Africa,,TN-->US,TN-->US,TN-->US,TN-->US,TN-->US,TN-->US,TN-->US,TN-->US,TN-->US,TN-->US,TN-->US,TN-->US,TN-->US,TN-->US,TN-->US,TN-->US,TN-->US,TN-->US,TN-->US,,,,,,,,,,,,,,,,,US-->TN,US-->TN,US-->TN,US-->TN,US-->TN,US-->TN,US-->TN,US-->TN,US-->TN,US-->TN,US-->TN,US-->TN,US-->TN,US-->TN,US-->TN,US-->TN,US-->TN,US-->TN,US-->TN
TR,TUR,Turkey,Ankara,Asia,Western Asia,,TR-->US,TR-->US,TR-->US,TR-->US,TR-->US,TR-->US,TR-->US,TR-->US,TR-->US,TR-->US,TR-->US,TR-->US,TR-->US,TR-->US,TR-->US,TR-->US,TR-->US,TR-->US,TR-->US,,,,,,,,,,,,,,,,,US-->TR,US-->TR,US-->TR,US-->TR,US-->TR,US-->TR,US-->TR,US-->TR,US-->TR,US-->TR,US-->TR,US-->TR,US-->TR,US-->TR,US-->TR,US-->TR,US-->TR,US-->TR,US-->TR
TM,TKM,Turkmenistan,Ashgabat,Asia,Central Asia,,TM-->US,TM-->US,TM-->US,TM-->US,TM-->US,TM-->US,TM-->US,TM-->US,TM-->US,TM-->US,TM-->US,TM-->US,TM-->US,TM-->US,TM-->US,TM-->US,TM-->US,TM-->US,TM-->US,,,,,,,,,,,,,,,,,US-->TM,US-->TM,US-->TM,US-->TM,US-->TM,US-->TM,US-->TM,US-->TM,US-->TM,US-->TM,US-->TM,US-->TM,US-->TM,US-->TM,US-->TM,US-->TM,US-->TM,US-->TM,US-->TM
TC,TCA,Turks and Caicos Islands,Cockburn Town,Americas,Caribbean,,TC-->US,TC-->US,TC-->US,TC-->US,TC-->US,TC-->US,TC-->US,TC-->US,TC-->US,TC-->US,TC-->US,TC-->US,TC-->US,TC-->US,TC-->US,TC-->US,TC-->US,TC-->US,TC-->US,,,,,,,,,,,,,,,,,US-->TC,US-->TC,US-->TC,US-->TC,US-->TC,US-->TC,US-->TC,US-->TC,US-->TC,US-->TC,US-->TC,US-->TC,US-->TC,US-->TC,US-->TC,US-->TC,US-->TC,US-->TC,US-->TC
TV,TUV,Tuvalu,Funafuti,Oceania,Polynesia,,TV-->US,TV-->US,TV-->US,TV-->US,TV-->US,TV-->US,TV-->US,TV-->US,TV-->US,TV-->US,TV-->US,TV-->US,TV-->US,TV-->US,TV-->US,TV-->US,TV-->US,TV-->US,TV-->US,,,,,,,,,,,,,,,,,US-->TV,US-->TV,US-->TV,US-->TV,US-->TV,US-->TV,US-->TV,US-->TV,US-->TV,US-->TV,US-->TV,US-->TV,US-->TV,US-->TV,US-->TV,US-->TV,US-->TV,US-->TV,US-->TV
UG,UGA,Uganda,Kampala,Africa,Eastern Africa,,UG-->US,UG-->US,UG-->US,UG-->US,UG-->US,UG-->US,UG-->US,UG-->US,UG-->US,UG-->US,UG-->US,UG-->US,UG-->US,UG-->US,UG-->US,UG-->US,UG-->US,UG-->US,UG-->US,,,,,,,,,,,,,,,,,US-->UG,US-->UG,US-->UG,US-->UG,US-->UG,US-->UG,US-->UG,US-->UG,US-->UG,US-->UG,US-->UG,US-->UG,US-->UG,US-->UG,US-->UG,US-->UG,US-->UG,US-->UG,US-->UG
UA,UKR,Ukraine,Kiev,Europe,Eastern Europe,,UA-->US,UA-->US,UA-->US,UA-->US,UA-->US,UA-->US,UA-->US,UA-->US,UA-->US,UA-->US,UA-->US,UA-->US,UA-->US,UA-->US,UA-->US,UA-->US,UA-->US,UA-->US,UA-->US,,,,,,,,,,,,,,,,,US-->UA,US-->UA,US-->UA,US-->UA,US-->UA,US-->UA,US-->UA,US-->UA,US-->UA,US-->UA,US-->UA,US-->UA,US-->UA,US-->UA,US-->UA,US-->UA,US-->UA,US-->UA,US-->UA
AE,ARE,United Arab Emirates,Abu Dhabi,Asia,Western Asia,,AE-->US,AE-->US,AE-->US,AE-->US,AE-->US,AE-->US,AE-->US,AE-->US,AE-->US,AE-->US,AE-->US,AE-->US,AE-->US,AE-->US,AE-->US,AE-->US,AE-->US,AE-->US,AE-->US,,,,,,,,,,,,,,,,,US-->AE,US-->AE,US-->AE,US-->AE,US-->AE,US-->AE,US-->AE,US-->AE,US-->AE,US-->AE,US-->AE,US-->AE,US-->AE,US-->AE,US-->AE,US-->AE,US-->AE,US-->AE,US-->AE
GB,GBR,United Kingdom,London,Europe,Northern Europe,,GB-->US,GB-->US,GB-->US,GB-->US,GB-->US,GB-->US,GB-->US,GB-->US,GB-->US,GB-->US,GB-->US,GB-->US,GB-->US,GB-->US,GB-->US,GB-->US,GB-->US,GB-->US,GB-->US,,,,,,,,,,,,,,,,,US-->GB,US-->GB,US-->GB,US-->GB,US-->GB,US-->GB,US-->GB,US-->GB,US-->GB,US-->GB,US-->GB,US-->GB,US-->GB,US-->GB,US-->GB,US-->GB,US-->GB,US-->GB,US-->GB
US,USA,United States,"Washington, D.C.",Americas,Northern America,,US-->US,US-->US,US-->US,US-->US,US-->US,US-->US,US-->US,US-->US,US-->US,US-->US,US-->US,US-->US,US-->US,US-->US,US-->US,US-->US,US-->US,US-->US,US-->US,,,,,,,,,,,,,,,,,US-->US,US-->US,US-->US,US-->US,US-->US,US-->US,US-->US,US-->US,US-->US,US-->US,US-->US,US-->US,US-->US,US-->US,US-->US,US-->US,US-->US,US-->US,US-->US
UY,URY,Uruguay,Montevideo,Americas,South America,,UY-->US,UY-->US,UY-->US,UY-->US,UY-->US,UY-->US,UY-->US,UY-->US,UY-->US,UY-->US,UY-->US,UY-->US,UY-->US,UY-->US,UY-->US,UY-->US,UY-->US,UY-->US,UY-->US,,,,,,,,,,,,,,,,,US-->UY,US-->UY,US-->UY,US-->UY,US-->UY,US-->UY,US-->UY,US-->UY,US-->UY,US-->UY,US-->UY,US-->UY,US-->UY,US-->UY,US-->UY,US-->UY,US-->UY,US-->UY,US-->UY
UZ,UZB,Uzbekistan,Tashkent,Asia,Central Asia,,UZ-->US,UZ-->US,UZ-->US,UZ-->US,UZ-->US,UZ-->US,UZ-->US,UZ-->US,UZ-->US,UZ-->US,UZ-->US,UZ-->US,UZ-->US,UZ-->US,UZ-->US,UZ-->US,UZ-->US,UZ-->US,UZ-->US,,,,,,,,,,,,,,,,,US-->UZ,US-->UZ,US-->UZ,US-->UZ,US-->UZ,US-->UZ,US-->UZ,US-->UZ,US-->UZ,US-->UZ,US-->UZ,US-->UZ,US-->UZ,US-->UZ,US-->UZ,US-->UZ,US-->UZ,US-->UZ,US-->UZ
VU,VUT,Vanuatu,Port Vila,Oceania,Melanesia,,VU-->US,VU-->US,VU-->US,VU-->US,VU-->US,VU-->US,VU-->US,VU-->US,VU-->US,VU-->US,VU-->US,VU-->US,VU-->US,VU-->US,VU-->US,VU-->US,VU-->US,VU-->US,VU-->US,,,,,,,,,,,,,,,,,US-->VU,US-->VU,US-->VU,US-->VU,US-->VU,US-->VU,US-->VU,US-->VU,US-->VU,US-->VU,US-->VU,US-->VU,US-->VU,US-->VU,US-->VU,US-->VU,US-->VU,US-->VU,US-->VU
VE,VEN,Venezuela,Caracas,Americas,South America,,VE-->US,VE-->US,VE-->US,VE-->US,VE-->US,VE-->US,VE-->US,VE-->US,VE-->US,VE-->US,VE-->US,VE-->US,VE-->US,VE-->US,VE-->US,VE-->US,VE-->US,VE-->US,VE-->US,,,,,,,,,,,,,,,,,US-->VE,US-->VE,US-->VE,US-->VE,US-->VE,US-->VE,US-->VE,US-->VE,US-->VE,US-->VE,US-->VE,US-->VE,US-->VE,US-->VE,US-->VE,US-->VE,US-->VE,US-->VE,US-->VE
VN,VNM,Vietnam,Hanoi,Asia,South-Eastern Asia,,VN-->US,VN-->US,VN-->US,VN-->US,VN-->US,VN-->US,VN-->US,VN-->US,VN-->US,VN-->US,VN-->US,VN-->US,VN-->US,VN-->US,VN-->US,VN-->US,VN-->US,VN-->US,VN-->US,,,,,,,,,,,,,,,,,US-->VN,US-->VN,US-->VN,US-->VN,US-->VN,US-->VN,US-->VN,US-->VN,US-->VN,US-->VN,US-->VN,US-->VN,US-->VN,US-->VN,US-->VN,US-->VN,US-->VN,US-->VN,US-->VN
WF,WLF,Wallis and Futuna,Mata-Utu,Oceania,Polynesia,,WF-->US,WF-->US,WF-->US,WF-->US,WF-->US,WF-->US,WF-->US,WF-->US,WF-->US,WF-->US,WF-->US,WF-->US,WF-->US,WF-->US,WF-->US,WF-->US,WF-->US,WF-->US,WF-->US,,,,,,,,,,,,,,,,,US-->WF,US-->WF,US-->WF,US-->WF,US-->WF,US-->WF,US-->WF,US-->WF,US-->WF,US-->WF,US-->WF,US-->WF,US-->WF,US-->WF,US-->WF,US-->WF,US-->WF,US-->WF,US-->WF
EH,ESH,Western Sahara,El Aaiún,Africa,Northern Africa,,EH-->US,EH-->US,EH-->US,EH-->US,EH-->US,EH-->US,EH-->US,EH-->US,EH-->US,EH-->US,EH-->US,EH-->US,EH-->US,EH-->US,EH-->US,EH-->US,EH-->US,EH-->US,EH-->US,,,,,,,,,,,,,,,,,US-->EH,US-->EH,US-->EH,US-->EH,US-->EH,US-->EH,US-->EH,US-->EH,US-->EH,US-->EH,US-->EH,US-->EH,US-->EH,US-->EH,US-->EH,US-->EH,US-->EH,US-->EH,US-->EH
YE,YEM,Yemen,Sana'a,Asia,Western Asia,,YE-->US,YE-->US,YE-->US,YE-->US,YE-->US,YE-->US,YE-->US,YE-->US,YE-->US,YE-->US,YE-->US,YE-->US,YE-->US,YE-->US,YE-->US,YE-->US,YE-->US,YE-->US,YE-->US,,,,,,,,,,,,,,,,,US-->YE,US-->YE,US-->YE,US-->YE,US-->YE,US-->YE,US-->YE,US-->YE,US-->YE,US-->YE,US-->YE,US-->YE,US-->YE,US-->YE,US-->YE,US-->YE,US-->YE,US-->YE,US-->YE
ZM,ZMB,Zambia,Lusaka,Africa,Eastern Africa,,ZM-->US,ZM-->US,ZM-->US,ZM-->US,ZM-->US,ZM-->US,ZM-->US,ZM-->US,ZM-->US,ZM-->US,ZM-->US,ZM-->US,ZM-->US,ZM-->US,ZM-->US,ZM-->US,ZM-->US,ZM-->US,ZM-->US,,,,,,,,,,,,,,,,,US-->ZM,US-->ZM,US-->ZM,US-->ZM,US-->ZM,US-->ZM,US-->ZM,US-->ZM,US-->ZM,US-->ZM,US-->ZM,US-->ZM,US-->ZM,US-->ZM,US-->ZM,US-->ZM,US-->ZM,US-->ZM,US-->ZM
ZW,ZWE,Zimbabwe,Harare,Africa,Eastern Africa,,ZW-->US,ZW-->US,ZW-->US,ZW-->US,ZW-->US,ZW-->US,ZW-->US,ZW-->US,ZW-->US,ZW-->US,ZW-->US,ZW-->US,ZW-->US,ZW-->US,ZW-->US,ZW-->US,ZW-->US,ZW-->US,ZW-->US,,,,,,,,,,,,,,,,,US-->ZW,US-->ZW,US-->ZW,US-->ZW,US-->ZW,US-->ZW,US-->ZW,US-->ZW,US-->ZW,US-->ZW,US-->ZW,US-->ZW,US-->ZW,US-->ZW,US-->ZW,US-->ZW,US-->ZW,US-->ZW,US-->ZW
