nu,code,name,capital,region,subregion,Unnamed: 6,quara/into/where/e,quara/into/where/v,quara/into/where/uv,quara/into/min/e,quara/into/min/v,quara/into/min/uv,quara/into/max/e,quara/into/max/v,quara/into/max/uv,quara/into/comment,test/into/pcr/e,test/into/pcr/v,test/into/pcr/uv,test/into/ag/e,test/into/ag/v,test/into/ag/uv,test/into/comment,visa/into,visa/into/comment,loadStates/into,Unnamed: 27,Unnamed: 28,Unnamed: 29,Unnamed: 30,Unnamed: 31,Unnamed: 32,Unnamed: 33,Unnamed: 34,Unnamed: 35,Unnamed: 36,Unnamed: 37,Unnamed: 38,Unnamed: 39,Unnamed: 40,Unnamed: 41,quara/out/where/e,quara/out/where/v,quara/out/where/uv,quara/out/min/e,quara/out/min/v,quara/out/min/uv,quara/out/max/e,quara/out/max/v,quara/out/max/uv,quara/out/comment,test/out/pcr/e,test/out/pcr/v,test/out/pcr/uv,test/out/ag/e,test/out/ag/v,test/out/ag/uv,test/out/comment,visa/out,visa/out/comment
AF,AFG,Afghanistan,Kabul,Asia,Southern Asia,,AF-->AT,AF-->AT,AF-->AT,AF-->AT,AF-->AT,AF-->AT,AF-->AT,AF-->AT,AF-->AT,AF-->AT,AF-->AT,AF-->AT,AF-->AT,AF-->AT,AF-->AT,AF-->AT,AF-->AT,AF-->AT,AF-->AT,,,,,,,,,,,,,,,,,AT-->AF,AT-->AF,AT-->AF,AT-->AF,AT-->AF,AT-->AF,AT-->AF,AT-->AF,AT-->AF,AT-->AF,AT-->AF,AT-->AF,AT-->AF,AT-->AF,AT-->AF,AT-->AF,AT-->AF,AT-->AF,AT-->AF
AX,ALA,Åland Islands,Mariehamn,Europe,Northern Europe,,AX-->AT,AX-->AT,AX-->AT,AX-->AT,AX-->AT,AX-->AT,AX-->AT,AX-->AT,AX-->AT,AX-->AT,AX-->AT,AX-->AT,AX-->AT,AX-->AT,AX-->AT,AX-->AT,AX-->AT,AX-->AT,AX-->AT,,,,,,,,,,,,,,,,,AT-->AX,AT-->AX,AT-->AX,AT-->AX,AT-->AX,AT-->AX,AT-->AX,AT-->AX,AT-->AX,AT-->AX,AT-->AX,AT-->AX,AT-->AX,AT-->AX,AT-->AX,AT-->AX,AT-->AX,AT-->AX,AT-->AX
AL,ALB,Albania,Tirana,Europe,Southern Europe,,AL-->AT,AL-->AT,AL-->AT,AL-->AT,AL-->AT,AL-->AT,AL-->AT,AL-->AT,AL-->AT,AL-->AT,AL-->AT,AL-->AT,AL-->AT,AL-->AT,AL-->AT,AL-->AT,AL-->AT,AL-->AT,AL-->AT,,,,,,,,,,,,,,,,,AT-->AL,AT-->AL,AT-->AL,AT-->AL,AT-->AL,AT-->AL,AT-->AL,AT-->AL,AT-->AL,AT-->AL,AT-->AL,AT-->AL,AT-->AL,AT-->AL,AT-->AL,AT-->AL,AT-->AL,AT-->AL,AT-->AL
DZ,DZA,Algeria,Algiers,Africa,Northern Africa,,DZ-->AT,DZ-->AT,DZ-->AT,DZ-->AT,DZ-->AT,DZ-->AT,DZ-->AT,DZ-->AT,DZ-->AT,DZ-->AT,DZ-->AT,DZ-->AT,DZ-->AT,DZ-->AT,DZ-->AT,DZ-->AT,DZ-->AT,DZ-->AT,DZ-->AT,,,,,,,,,,,,,,,,,AT-->DZ,AT-->DZ,AT-->DZ,AT-->DZ,AT-->DZ,AT-->DZ,AT-->DZ,AT-->DZ,AT-->DZ,AT-->DZ,AT-->DZ,AT-->DZ,AT-->DZ,AT-->DZ,AT-->DZ,AT-->DZ,AT-->DZ,AT-->DZ,AT-->DZ
AS,ASM,American Samoa,Pago Pago,Oceania,Polynesia,,AS-->AT,AS-->AT,AS-->AT,AS-->AT,AS-->AT,AS-->AT,AS-->AT,AS-->AT,AS-->AT,AS-->AT,AS-->AT,AS-->AT,AS-->AT,AS-->AT,AS-->AT,AS-->AT,AS-->AT,AS-->AT,AS-->AT,,,,,,,,,,,,,,,,,AT-->AS,AT-->AS,AT-->AS,AT-->AS,AT-->AS,AT-->AS,AT-->AS,AT-->AS,AT-->AS,AT-->AS,AT-->AS,AT-->AS,AT-->AS,AT-->AS,AT-->AS,AT-->AS,AT-->AS,AT-->AS,AT-->AS
AD,AND,Andorra,Andorra la Vella,Europe,Southern Europe,,AD-->AT,AD-->AT,AD-->AT,AD-->AT,AD-->AT,AD-->AT,AD-->AT,AD-->AT,AD-->AT,AD-->AT,AD-->AT,AD-->AT,AD-->AT,AD-->AT,AD-->AT,AD-->AT,AD-->AT,AD-->AT,AD-->AT,,,,,,,,,,,,,,,,,AT-->AD,AT-->AD,AT-->AD,AT-->AD,AT-->AD,AT-->AD,AT-->AD,AT-->AD,AT-->AD,AT-->AD,AT-->AD,AT-->AD,AT-->AD,AT-->AD,AT-->AD,AT-->AD,AT-->AD,AT-->AD,AT-->AD
AO,AGO,Angola,Luanda,Africa,Middle Africa,,AO-->AT,AO-->AT,AO-->AT,AO-->AT,AO-->AT,AO-->AT,AO-->AT,AO-->AT,AO-->AT,AO-->AT,AO-->AT,AO-->AT,AO-->AT,AO-->AT,AO-->AT,AO-->AT,AO-->AT,AO-->AT,AO-->AT,,,,,,,,,,,,,,,,,AT-->AO,AT-->AO,AT-->AO,AT-->AO,AT-->AO,AT-->AO,AT-->AO,AT-->AO,AT-->AO,AT-->AO,AT-->AO,AT-->AO,AT-->AO,AT-->AO,AT-->AO,AT-->AO,AT-->AO,AT-->AO,AT-->AO
AI,AIA,Anguilla,The Valley,Americas,Caribbean,,AI-->AT,AI-->AT,AI-->AT,AI-->AT,AI-->AT,AI-->AT,AI-->AT,AI-->AT,AI-->AT,AI-->AT,AI-->AT,AI-->AT,AI-->AT,AI-->AT,AI-->AT,AI-->AT,AI-->AT,AI-->AT,AI-->AT,,,,,,,,,,,,,,,,,AT-->AI,AT-->AI,AT-->AI,AT-->AI,AT-->AI,AT-->AI,AT-->AI,AT-->AI,AT-->AI,AT-->AI,AT-->AI,AT-->AI,AT-->AI,AT-->AI,AT-->AI,AT-->AI,AT-->AI,AT-->AI,AT-->AI
AQ,ATA,Antarctica,,Polar,,,AQ-->AT,AQ-->AT,AQ-->AT,AQ-->AT,AQ-->AT,AQ-->AT,AQ-->AT,AQ-->AT,AQ-->AT,AQ-->AT,AQ-->AT,AQ-->AT,AQ-->AT,AQ-->AT,AQ-->AT,AQ-->AT,AQ-->AT,AQ-->AT,AQ-->AT,,,,,,,,,,,,,,,,,AT-->AQ,AT-->AQ,AT-->AQ,AT-->AQ,AT-->AQ,AT-->AQ,AT-->AQ,AT-->AQ,AT-->AQ,AT-->AQ,AT-->AQ,AT-->AQ,AT-->AQ,AT-->AQ,AT-->AQ,AT-->AQ,AT-->AQ,AT-->AQ,AT-->AQ
AG,ATG,Antigua and Barbuda,Saint John's,Americas,Caribbean,,AG-->AT,AG-->AT,AG-->AT,AG-->AT,AG-->AT,AG-->AT,AG-->AT,AG-->AT,AG-->AT,AG-->AT,AG-->AT,AG-->AT,AG-->AT,AG-->AT,AG-->AT,AG-->AT,AG-->AT,AG-->AT,AG-->AT,,,,,,,,,,,,,,,,,AT-->AG,AT-->AG,AT-->AG,AT-->AG,AT-->AG,AT-->AG,AT-->AG,AT-->AG,AT-->AG,AT-->AG,AT-->AG,AT-->AG,AT-->AG,AT-->AG,AT-->AG,AT-->AG,AT-->AG,AT-->AG,AT-->AG
AR,ARG,Argentina,Buenos Aires,Americas,South America,,AR-->AT,AR-->AT,AR-->AT,AR-->AT,AR-->AT,AR-->AT,AR-->AT,AR-->AT,AR-->AT,AR-->AT,AR-->AT,AR-->AT,AR-->AT,AR-->AT,AR-->AT,AR-->AT,AR-->AT,AR-->AT,AR-->AT,,,,,,,,,,,,,,,,,AT-->AR,AT-->AR,AT-->AR,AT-->AR,AT-->AR,AT-->AR,AT-->AR,AT-->AR,AT-->AR,AT-->AR,AT-->AR,AT-->AR,AT-->AR,AT-->AR,AT-->AR,AT-->AR,AT-->AR,AT-->AR,AT-->AR
AM,ARM,Armenia,Yerevan,Asia,Western Asia,,AM-->AT,AM-->AT,AM-->AT,AM-->AT,AM-->AT,AM-->AT,AM-->AT,AM-->AT,AM-->AT,AM-->AT,AM-->AT,AM-->AT,AM-->AT,AM-->AT,AM-->AT,AM-->AT,AM-->AT,AM-->AT,AM-->AT,,,,,,,,,,,,,,,,,AT-->AM,AT-->AM,AT-->AM,AT-->AM,AT-->AM,AT-->AM,AT-->AM,AT-->AM,AT-->AM,AT-->AM,AT-->AM,AT-->AM,AT-->AM,AT-->AM,AT-->AM,AT-->AM,AT-->AM,AT-->AM,AT-->AM
AW,ABW,Aruba,Oranjestad,Americas,Caribbean,,AW-->AT,AW-->AT,AW-->AT,AW-->AT,AW-->AT,AW-->AT,AW-->AT,AW-->AT,AW-->AT,AW-->AT,AW-->AT,AW-->AT,AW-->AT,AW-->AT,AW-->AT,AW-->AT,AW-->AT,AW-->AT,AW-->AT,,,,,,,,,,,,,,,,,AT-->AW,AT-->AW,AT-->AW,AT-->AW,AT-->AW,AT-->AW,AT-->AW,AT-->AW,AT-->AW,AT-->AW,AT-->AW,AT-->AW,AT-->AW,AT-->AW,AT-->AW,AT-->AW,AT-->AW,AT-->AW,AT-->AW
AU,AUS,Australia,Canberra,Oceania,Australia and New Zealand,,AU-->AT,AU-->AT,AU-->AT,AU-->AT,AU-->AT,AU-->AT,AU-->AT,AU-->AT,AU-->AT,AU-->AT,AU-->AT,AU-->AT,AU-->AT,AU-->AT,AU-->AT,AU-->AT,AU-->AT,AU-->AT,AU-->AT,,,,,,,,,,,,,,,,,AT-->AU,AT-->AU,AT-->AU,AT-->AU,AT-->AU,AT-->AU,AT-->AU,AT-->AU,AT-->AU,AT-->AU,AT-->AU,AT-->AU,AT-->AU,AT-->AU,AT-->AU,AT-->AU,AT-->AU,AT-->AU,AT-->AU
AT,AUT,Austria,Vienna,Europe,Western Europe,,AT-->AT,AT-->AT,AT-->AT,AT-->AT,AT-->AT,AT-->AT,AT-->AT,AT-->AT,AT-->AT,AT-->AT,AT-->AT,AT-->AT,AT-->AT,AT-->AT,AT-->AT,AT-->AT,AT-->AT,AT-->AT,AT-->AT,,,,,,,,,,,,,,,,,AT-->AT,AT-->AT,AT-->AT,AT-->AT,AT-->AT,AT-->AT,AT-->AT,AT-->AT,AT-->AT,AT-->AT,AT-->AT,AT-->AT,AT-->AT,AT-->AT,AT-->AT,AT-->AT,AT-->AT,AT-->AT,AT-->AT
AZ,AZE,Azerbaijan,Baku,Asia,Western Asia,,AZ-->AT,AZ-->AT,AZ-->AT,AZ-->AT,AZ-->AT,AZ-->AT,AZ-->AT,AZ-->AT,AZ-->AT,AZ-->AT,AZ-->AT,AZ-->AT,AZ-->AT,AZ-->AT,AZ-->AT,AZ-->AT,AZ-->AT,AZ-->AT,AZ-->AT,,,,,,,,,,,,,,,,,AT-->AZ,AT-->AZ,AT-->AZ,AT-->AZ,AT-->AZ,AT-->AZ,AT-->AZ,AT-->AZ,AT-->AZ,AT-->AZ,AT-->AZ,AT-->AZ,AT-->AZ,AT-->AZ,AT-->AZ,AT-->AZ,AT-->AZ,AT-->AZ,AT-->AZ
BS,BHS,The Bahamas,Nassau,Americas,Caribbean,,BS-->AT,BS-->AT,BS-->AT,BS-->AT,BS-->AT,BS-->AT,BS-->AT,BS-->AT,BS-->AT,BS-->AT,BS-->AT,BS-->AT,BS-->AT,BS-->AT,BS-->AT,BS-->AT,BS-->AT,BS-->AT,BS-->AT,,,,,,,,,,,,,,,,,AT-->BS,AT-->BS,AT-->BS,AT-->BS,AT-->BS,AT-->BS,AT-->BS,AT-->BS,AT-->BS,AT-->BS,AT-->BS,AT-->BS,AT-->BS,AT-->BS,AT-->BS,AT-->BS,AT-->BS,AT-->BS,AT-->BS
BH,BHR,Bahrain,Manama,Asia,Western Asia,,BH-->AT,BH-->AT,BH-->AT,BH-->AT,BH-->AT,BH-->AT,BH-->AT,BH-->AT,BH-->AT,BH-->AT,BH-->AT,BH-->AT,BH-->AT,BH-->AT,BH-->AT,BH-->AT,BH-->AT,BH-->AT,BH-->AT,,,,,,,,,,,,,,,,,AT-->BH,AT-->BH,AT-->BH,AT-->BH,AT-->BH,AT-->BH,AT-->BH,AT-->BH,AT-->BH,AT-->BH,AT-->BH,AT-->BH,AT-->BH,AT-->BH,AT-->BH,AT-->BH,AT-->BH,AT-->BH,AT-->BH
BD,BGD,Bangladesh,Dhaka,Asia,Southern Asia,,BD-->AT,BD-->AT,BD-->AT,BD-->AT,BD-->AT,BD-->AT,BD-->AT,BD-->AT,BD-->AT,BD-->AT,BD-->AT,BD-->AT,BD-->AT,BD-->AT,BD-->AT,BD-->AT,BD-->AT,BD-->AT,BD-->AT,,,,,,,,,,,,,,,,,AT-->BD,AT-->BD,AT-->BD,AT-->BD,AT-->BD,AT-->BD,AT-->BD,AT-->BD,AT-->BD,AT-->BD,AT-->BD,AT-->BD,AT-->BD,AT-->BD,AT-->BD,AT-->BD,AT-->BD,AT-->BD,AT-->BD
BB,BRB,Barbados,Bridgetown,Americas,Caribbean,,BB-->AT,BB-->AT,BB-->AT,BB-->AT,BB-->AT,BB-->AT,BB-->AT,BB-->AT,BB-->AT,BB-->AT,BB-->AT,BB-->AT,BB-->AT,BB-->AT,BB-->AT,BB-->AT,BB-->AT,BB-->AT,BB-->AT,,,,,,,,,,,,,,,,,AT-->BB,AT-->BB,AT-->BB,AT-->BB,AT-->BB,AT-->BB,AT-->BB,AT-->BB,AT-->BB,AT-->BB,AT-->BB,AT-->BB,AT-->BB,AT-->BB,AT-->BB,AT-->BB,AT-->BB,AT-->BB,AT-->BB
BY,BLR,Belarus,Minsk,Europe,Eastern Europe,,BY-->AT,BY-->AT,BY-->AT,BY-->AT,BY-->AT,BY-->AT,BY-->AT,BY-->AT,BY-->AT,BY-->AT,BY-->AT,BY-->AT,BY-->AT,BY-->AT,BY-->AT,BY-->AT,BY-->AT,BY-->AT,BY-->AT,,,,,,,,,,,,,,,,,AT-->BY,AT-->BY,AT-->BY,AT-->BY,AT-->BY,AT-->BY,AT-->BY,AT-->BY,AT-->BY,AT-->BY,AT-->BY,AT-->BY,AT-->BY,AT-->BY,AT-->BY,AT-->BY,AT-->BY,AT-->BY,AT-->BY
BE,BEL,Belgium,Brussels,Europe,Western Europe,,BE-->AT,BE-->AT,BE-->AT,BE-->AT,BE-->AT,BE-->AT,BE-->AT,BE-->AT,BE-->AT,BE-->AT,BE-->AT,BE-->AT,BE-->AT,BE-->AT,BE-->AT,BE-->AT,BE-->AT,BE-->AT,BE-->AT,,,,,,,,,,,,,,,,,AT-->BE,AT-->BE,AT-->BE,AT-->BE,AT-->BE,AT-->BE,AT-->BE,AT-->BE,AT-->BE,AT-->BE,AT-->BE,AT-->BE,AT-->BE,AT-->BE,AT-->BE,AT-->BE,AT-->BE,AT-->BE,AT-->BE
BZ,BLZ,Belize,Belmopan,Americas,Central America,,BZ-->AT,BZ-->AT,BZ-->AT,BZ-->AT,BZ-->AT,BZ-->AT,BZ-->AT,BZ-->AT,BZ-->AT,BZ-->AT,BZ-->AT,BZ-->AT,BZ-->AT,BZ-->AT,BZ-->AT,BZ-->AT,BZ-->AT,BZ-->AT,BZ-->AT,,,,,,,,,,,,,,,,,AT-->BZ,AT-->BZ,AT-->BZ,AT-->BZ,AT-->BZ,AT-->BZ,AT-->BZ,AT-->BZ,AT-->BZ,AT-->BZ,AT-->BZ,AT-->BZ,AT-->BZ,AT-->BZ,AT-->BZ,AT-->BZ,AT-->BZ,AT-->BZ,AT-->BZ
BJ,BEN,Benin,Porto-Novo,Africa,Western Africa,,BJ-->AT,BJ-->AT,BJ-->AT,BJ-->AT,BJ-->AT,BJ-->AT,BJ-->AT,BJ-->AT,BJ-->AT,BJ-->AT,BJ-->AT,BJ-->AT,BJ-->AT,BJ-->AT,BJ-->AT,BJ-->AT,BJ-->AT,BJ-->AT,BJ-->AT,,,,,,,,,,,,,,,,,AT-->BJ,AT-->BJ,AT-->BJ,AT-->BJ,AT-->BJ,AT-->BJ,AT-->BJ,AT-->BJ,AT-->BJ,AT-->BJ,AT-->BJ,AT-->BJ,AT-->BJ,AT-->BJ,AT-->BJ,AT-->BJ,AT-->BJ,AT-->BJ,AT-->BJ
BM,BMU,Bermuda,Hamilton,Americas,Northern America,,BM-->AT,BM-->AT,BM-->AT,BM-->AT,BM-->AT,BM-->AT,BM-->AT,BM-->AT,BM-->AT,BM-->AT,BM-->AT,BM-->AT,BM-->AT,BM-->AT,BM-->AT,BM-->AT,BM-->AT,BM-->AT,BM-->AT,,,,,,,,,,,,,,,,,AT-->BM,AT-->BM,AT-->BM,AT-->BM,AT-->BM,AT-->BM,AT-->BM,AT-->BM,AT-->BM,AT-->BM,AT-->BM,AT-->BM,AT-->BM,AT-->BM,AT-->BM,AT-->BM,AT-->BM,AT-->BM,AT-->BM
BT,BTN,Bhutan,Thimphu,Asia,Southern Asia,,BT-->AT,BT-->AT,BT-->AT,BT-->AT,BT-->AT,BT-->AT,BT-->AT,BT-->AT,BT-->AT,BT-->AT,BT-->AT,BT-->AT,BT-->AT,BT-->AT,BT-->AT,BT-->AT,BT-->AT,BT-->AT,BT-->AT,,,,,,,,,,,,,,,,,AT-->BT,AT-->BT,AT-->BT,AT-->BT,AT-->BT,AT-->BT,AT-->BT,AT-->BT,AT-->BT,AT-->BT,AT-->BT,AT-->BT,AT-->BT,AT-->BT,AT-->BT,AT-->BT,AT-->BT,AT-->BT,AT-->BT
BO,BOL,Bolivia,Sucre,Americas,South America,,BO-->AT,BO-->AT,BO-->AT,BO-->AT,BO-->AT,BO-->AT,BO-->AT,BO-->AT,BO-->AT,BO-->AT,BO-->AT,BO-->AT,BO-->AT,BO-->AT,BO-->AT,BO-->AT,BO-->AT,BO-->AT,BO-->AT,,,,,,,,,,,,,,,,,AT-->BO,AT-->BO,AT-->BO,AT-->BO,AT-->BO,AT-->BO,AT-->BO,AT-->BO,AT-->BO,AT-->BO,AT-->BO,AT-->BO,AT-->BO,AT-->BO,AT-->BO,AT-->BO,AT-->BO,AT-->BO,AT-->BO
BQ,BES,Bonaire,Kralendijk,Americas,Caribbean,,BQ-->AT,BQ-->AT,BQ-->AT,BQ-->AT,BQ-->AT,BQ-->AT,BQ-->AT,BQ-->AT,BQ-->AT,BQ-->AT,BQ-->AT,BQ-->AT,BQ-->AT,BQ-->AT,BQ-->AT,BQ-->AT,BQ-->AT,BQ-->AT,BQ-->AT,,,,,,,,,,,,,,,,,AT-->BQ,AT-->BQ,AT-->BQ,AT-->BQ,AT-->BQ,AT-->BQ,AT-->BQ,AT-->BQ,AT-->BQ,AT-->BQ,AT-->BQ,AT-->BQ,AT-->BQ,AT-->BQ,AT-->BQ,AT-->BQ,AT-->BQ,AT-->BQ,AT-->BQ
BA,BIH,Bosnia and Herzegovina,Sarajevo,Europe,Southern Europe,,BA-->AT,BA-->AT,BA-->AT,BA-->AT,BA-->AT,BA-->AT,BA-->AT,BA-->AT,BA-->AT,BA-->AT,BA-->AT,BA-->AT,BA-->AT,BA-->AT,BA-->AT,BA-->AT,BA-->AT,BA-->AT,BA-->AT,,,,,,,,,,,,,,,,,AT-->BA,AT-->BA,AT-->BA,AT-->BA,AT-->BA,AT-->BA,AT-->BA,AT-->BA,AT-->BA,AT-->BA,AT-->BA,AT-->BA,AT-->BA,AT-->BA,AT-->BA,AT-->BA,AT-->BA,AT-->BA,AT-->BA
BW,BWA,Botswana,Gaborone,Africa,Southern Africa,,BW-->AT,BW-->AT,BW-->AT,BW-->AT,BW-->AT,BW-->AT,BW-->AT,BW-->AT,BW-->AT,BW-->AT,BW-->AT,BW-->AT,BW-->AT,BW-->AT,BW-->AT,BW-->AT,BW-->AT,BW-->AT,BW-->AT,,,,,,,,,,,,,,,,,AT-->BW,AT-->BW,AT-->BW,AT-->BW,AT-->BW,AT-->BW,AT-->BW,AT-->BW,AT-->BW,AT-->BW,AT-->BW,AT-->BW,AT-->BW,AT-->BW,AT-->BW,AT-->BW,AT-->BW,AT-->BW,AT-->BW
BV,BVT,Bouvet Island,,,,,BV-->AT,BV-->AT,BV-->AT,BV-->AT,BV-->AT,BV-->AT,BV-->AT,BV-->AT,BV-->AT,BV-->AT,BV-->AT,BV-->AT,BV-->AT,BV-->AT,BV-->AT,BV-->AT,BV-->AT,BV-->AT,BV-->AT,,,,,,,,,,,,,,,,,AT-->BV,AT-->BV,AT-->BV,AT-->BV,AT-->BV,AT-->BV,AT-->BV,AT-->BV,AT-->BV,AT-->BV,AT-->BV,AT-->BV,AT-->BV,AT-->BV,AT-->BV,AT-->BV,AT-->BV,AT-->BV,AT-->BV
BR,BRA,Brazil,Brasília,Americas,South America,,BR-->AT,BR-->AT,BR-->AT,BR-->AT,BR-->AT,BR-->AT,BR-->AT,BR-->AT,BR-->AT,BR-->AT,BR-->AT,BR-->AT,BR-->AT,BR-->AT,BR-->AT,BR-->AT,BR-->AT,BR-->AT,BR-->AT,,,,,,,,,,,,,,,,,AT-->BR,AT-->BR,AT-->BR,AT-->BR,AT-->BR,AT-->BR,AT-->BR,AT-->BR,AT-->BR,AT-->BR,AT-->BR,AT-->BR,AT-->BR,AT-->BR,AT-->BR,AT-->BR,AT-->BR,AT-->BR,AT-->BR
IO,IOT,British Indian Ocean Territory,Diego Garcia,Africa,Eastern Africa,,IO-->AT,IO-->AT,IO-->AT,IO-->AT,IO-->AT,IO-->AT,IO-->AT,IO-->AT,IO-->AT,IO-->AT,IO-->AT,IO-->AT,IO-->AT,IO-->AT,IO-->AT,IO-->AT,IO-->AT,IO-->AT,IO-->AT,,,,,,,,,,,,,,,,,AT-->IO,AT-->IO,AT-->IO,AT-->IO,AT-->IO,AT-->IO,AT-->IO,AT-->IO,AT-->IO,AT-->IO,AT-->IO,AT-->IO,AT-->IO,AT-->IO,AT-->IO,AT-->IO,AT-->IO,AT-->IO,AT-->IO
UM,UMI,United States Minor Outlying Islands,,Americas,Northern America,,UM-->AT,UM-->AT,UM-->AT,UM-->AT,UM-->AT,UM-->AT,UM-->AT,UM-->AT,UM-->AT,UM-->AT,UM-->AT,UM-->AT,UM-->AT,UM-->AT,UM-->AT,UM-->AT,UM-->AT,UM-->AT,UM-->AT,,,,,,,,,,,,,,,,,AT-->UM,AT-->UM,AT-->UM,AT-->UM,AT-->UM,AT-->UM,AT-->UM,AT-->UM,AT-->UM,AT-->UM,AT-->UM,AT-->UM,AT-->UM,AT-->UM,AT-->UM,AT-->UM,AT-->UM,AT-->UM,AT-->UM
VG,VGB,Virgin Islands (British),Road Town,Americas,Caribbean,,VG-->AT,VG-->AT,VG-->AT,VG-->AT,VG-->AT,VG-->AT,VG-->AT,VG-->AT,VG-->AT,VG-->AT,VG-->AT,VG-->AT,VG-->AT,VG-->AT,VG-->AT,VG-->AT,VG-->AT,VG-->AT,VG-->AT,,,,,,,,,,,,,,,,,AT-->VG,AT-->VG,AT-->VG,AT-->VG,AT-->VG,AT-->VG,AT-->VG,AT-->VG,AT-->VG,AT-->VG,AT-->VG,AT-->VG,AT-->VG,AT-->VG,AT-->VG,AT-->VG,AT-->VG,AT-->VG,AT-->VG
VI,VIR,Virgin Islands (U.S.),Charlotte Amalie,Americas,Caribbean,,VI-->AT,VI-->AT,VI-->AT,VI-->AT,VI-->AT,VI-->AT,VI-->AT,VI-->AT,VI-->AT,VI-->AT,VI-->AT,VI-->AT,VI-->AT,VI-->AT,VI-->AT,VI-->AT,VI-->AT,VI-->AT,VI-->AT,,,,,,,,,,,,,,,,,AT-->VI,AT-->VI,AT-->VI,AT-->VI,AT-->VI,AT-->VI,AT-->VI,AT-->VI,AT-->VI,AT-->VI,AT-->VI,AT-->VI,AT-->VI,AT-->VI,AT-->VI,AT-->VI,AT-->VI,AT-->VI,AT-->VI
BN,BRN,Brunei,Bandar Seri Begawan,Asia,South-Eastern Asia,,BN-->AT,BN-->AT,BN-->AT,BN-->AT,BN-->AT,BN-->AT,BN-->AT,BN-->AT,BN-->AT,BN-->AT,BN-->AT,BN-->AT,BN-->AT,BN-->AT,BN-->AT,BN-->AT,BN-->AT,BN-->AT,BN-->AT,,,,,,,,,,,,,,,,,AT-->BN,AT-->BN,AT-->BN,AT-->BN,AT-->BN,AT-->BN,AT-->BN,AT-->BN,AT-->BN,AT-->BN,AT-->BN,AT-->BN,AT-->BN,AT-->BN,AT-->BN,AT-->BN,AT-->BN,AT-->BN,AT-->BN
BG,BGR,Bulgaria,Sofia,Europe,Eastern Europe,,BG-->AT,BG-->AT,BG-->AT,BG-->AT,BG-->AT,BG-->AT,BG-->AT,BG-->AT,BG-->AT,BG-->AT,BG-->AT,BG-->AT,BG-->AT,BG-->AT,BG-->AT,BG-->AT,BG-->AT,BG-->AT,BG-->AT,,,,,,,,,,,,,,,,,AT-->BG,AT-->BG,AT-->BG,AT-->BG,AT-->BG,AT-->BG,AT-->BG,AT-->BG,AT-->BG,AT-->BG,AT-->BG,AT-->BG,AT-->BG,AT-->BG,AT-->BG,AT-->BG,AT-->BG,AT-->BG,AT-->BG
BF,BFA,Burkina Faso,Ouagadougou,Africa,Western Africa,,BF-->AT,BF-->AT,BF-->AT,BF-->AT,BF-->AT,BF-->AT,BF-->AT,BF-->AT,BF-->AT,BF-->AT,BF-->AT,BF-->AT,BF-->AT,BF-->AT,BF-->AT,BF-->AT,BF-->AT,BF-->AT,BF-->AT,,,,,,,,,,,,,,,,,AT-->BF,AT-->BF,AT-->BF,AT-->BF,AT-->BF,AT-->BF,AT-->BF,AT-->BF,AT-->BF,AT-->BF,AT-->BF,AT-->BF,AT-->BF,AT-->BF,AT-->BF,AT-->BF,AT-->BF,AT-->BF,AT-->BF
BI,BDI,Burundi,Bujumbura,Africa,Eastern Africa,,BI-->AT,BI-->AT,BI-->AT,BI-->AT,BI-->AT,BI-->AT,BI-->AT,BI-->AT,BI-->AT,BI-->AT,BI-->AT,BI-->AT,BI-->AT,BI-->AT,BI-->AT,BI-->AT,BI-->AT,BI-->AT,BI-->AT,,,,,,,,,,,,,,,,,AT-->BI,AT-->BI,AT-->BI,AT-->BI,AT-->BI,AT-->BI,AT-->BI,AT-->BI,AT-->BI,AT-->BI,AT-->BI,AT-->BI,AT-->BI,AT-->BI,AT-->BI,AT-->BI,AT-->BI,AT-->BI,AT-->BI
KH,KHM,Cambodia,Phnom Penh,Asia,South-Eastern Asia,,KH-->AT,KH-->AT,KH-->AT,KH-->AT,KH-->AT,KH-->AT,KH-->AT,KH-->AT,KH-->AT,KH-->AT,KH-->AT,KH-->AT,KH-->AT,KH-->AT,KH-->AT,KH-->AT,KH-->AT,KH-->AT,KH-->AT,,,,,,,,,,,,,,,,,AT-->KH,AT-->KH,AT-->KH,AT-->KH,AT-->KH,AT-->KH,AT-->KH,AT-->KH,AT-->KH,AT-->KH,AT-->KH,AT-->KH,AT-->KH,AT-->KH,AT-->KH,AT-->KH,AT-->KH,AT-->KH,AT-->KH
CM,CMR,Cameroon,Yaoundé,Africa,Middle Africa,,CM-->AT,CM-->AT,CM-->AT,CM-->AT,CM-->AT,CM-->AT,CM-->AT,CM-->AT,CM-->AT,CM-->AT,CM-->AT,CM-->AT,CM-->AT,CM-->AT,CM-->AT,CM-->AT,CM-->AT,CM-->AT,CM-->AT,,,,,,,,,,,,,,,,,AT-->CM,AT-->CM,AT-->CM,AT-->CM,AT-->CM,AT-->CM,AT-->CM,AT-->CM,AT-->CM,AT-->CM,AT-->CM,AT-->CM,AT-->CM,AT-->CM,AT-->CM,AT-->CM,AT-->CM,AT-->CM,AT-->CM
CA,CAN,Canada,Ottawa,Americas,Northern America,,CA-->AT,CA-->AT,CA-->AT,CA-->AT,CA-->AT,CA-->AT,CA-->AT,CA-->AT,CA-->AT,CA-->AT,CA-->AT,CA-->AT,CA-->AT,CA-->AT,CA-->AT,CA-->AT,CA-->AT,CA-->AT,CA-->AT,,,,,,,,,,,,,,,,,AT-->CA,AT-->CA,AT-->CA,AT-->CA,AT-->CA,AT-->CA,AT-->CA,AT-->CA,AT-->CA,AT-->CA,AT-->CA,AT-->CA,AT-->CA,AT-->CA,AT-->CA,AT-->CA,AT-->CA,AT-->CA,AT-->CA
CV,CPV,Cape Verde,Praia,Africa,Western Africa,,CV-->AT,CV-->AT,CV-->AT,CV-->AT,CV-->AT,CV-->AT,CV-->AT,CV-->AT,CV-->AT,CV-->AT,CV-->AT,CV-->AT,CV-->AT,CV-->AT,CV-->AT,CV-->AT,CV-->AT,CV-->AT,CV-->AT,,,,,,,,,,,,,,,,,AT-->CV,AT-->CV,AT-->CV,AT-->CV,AT-->CV,AT-->CV,AT-->CV,AT-->CV,AT-->CV,AT-->CV,AT-->CV,AT-->CV,AT-->CV,AT-->CV,AT-->CV,AT-->CV,AT-->CV,AT-->CV,AT-->CV
KY,CYM,Cayman Islands,George Town,Americas,Caribbean,,KY-->AT,KY-->AT,KY-->AT,KY-->AT,KY-->AT,KY-->AT,KY-->AT,KY-->AT,KY-->AT,KY-->AT,KY-->AT,KY-->AT,KY-->AT,KY-->AT,KY-->AT,KY-->AT,KY-->AT,KY-->AT,KY-->AT,,,,,,,,,,,,,,,,,AT-->KY,AT-->KY,AT-->KY,AT-->KY,AT-->KY,AT-->KY,AT-->KY,AT-->KY,AT-->KY,AT-->KY,AT-->KY,AT-->KY,AT-->KY,AT-->KY,AT-->KY,AT-->KY,AT-->KY,AT-->KY,AT-->KY
CF,CAF,Central African Republic,Bangui,Africa,Middle Africa,,CF-->AT,CF-->AT,CF-->AT,CF-->AT,CF-->AT,CF-->AT,CF-->AT,CF-->AT,CF-->AT,CF-->AT,CF-->AT,CF-->AT,CF-->AT,CF-->AT,CF-->AT,CF-->AT,CF-->AT,CF-->AT,CF-->AT,,,,,,,,,,,,,,,,,AT-->CF,AT-->CF,AT-->CF,AT-->CF,AT-->CF,AT-->CF,AT-->CF,AT-->CF,AT-->CF,AT-->CF,AT-->CF,AT-->CF,AT-->CF,AT-->CF,AT-->CF,AT-->CF,AT-->CF,AT-->CF,AT-->CF
TD,TCD,Chad,N'Djamena,Africa,Middle Africa,,TD-->AT,TD-->AT,TD-->AT,TD-->AT,TD-->AT,TD-->AT,TD-->AT,TD-->AT,TD-->AT,TD-->AT,TD-->AT,TD-->AT,TD-->AT,TD-->AT,TD-->AT,TD-->AT,TD-->AT,TD-->AT,TD-->AT,,,,,,,,,,,,,,,,,AT-->TD,AT-->TD,AT-->TD,AT-->TD,AT-->TD,AT-->TD,AT-->TD,AT-->TD,AT-->TD,AT-->TD,AT-->TD,AT-->TD,AT-->TD,AT-->TD,AT-->TD,AT-->TD,AT-->TD,AT-->TD,AT-->TD
CL,CHL,Chile,Santiago,Americas,South America,,CL-->AT,CL-->AT,CL-->AT,CL-->AT,CL-->AT,CL-->AT,CL-->AT,CL-->AT,CL-->AT,CL-->AT,CL-->AT,CL-->AT,CL-->AT,CL-->AT,CL-->AT,CL-->AT,CL-->AT,CL-->AT,CL-->AT,,,,,,,,,,,,,,,,,AT-->CL,AT-->CL,AT-->CL,AT-->CL,AT-->CL,AT-->CL,AT-->CL,AT-->CL,AT-->CL,AT-->CL,AT-->CL,AT-->CL,AT-->CL,AT-->CL,AT-->CL,AT-->CL,AT-->CL,AT-->CL,AT-->CL
CN,CHN,China,Beijing,Asia,Eastern Asia,,CN-->AT,CN-->AT,CN-->AT,CN-->AT,CN-->AT,CN-->AT,CN-->AT,CN-->AT,CN-->AT,CN-->AT,CN-->AT,CN-->AT,CN-->AT,CN-->AT,CN-->AT,CN-->AT,CN-->AT,CN-->AT,CN-->AT,,,,,,,,,,,,,,,,,AT-->CN,AT-->CN,AT-->CN,AT-->CN,AT-->CN,AT-->CN,AT-->CN,AT-->CN,AT-->CN,AT-->CN,AT-->CN,AT-->CN,AT-->CN,AT-->CN,AT-->CN,AT-->CN,AT-->CN,AT-->CN,AT-->CN
CX,CXR,Christmas Island,Flying Fish Cove,Oceania,Australia and New Zealand,,CX-->AT,CX-->AT,CX-->AT,CX-->AT,CX-->AT,CX-->AT,CX-->AT,CX-->AT,CX-->AT,CX-->AT,CX-->AT,CX-->AT,CX-->AT,CX-->AT,CX-->AT,CX-->AT,CX-->AT,CX-->AT,CX-->AT,,,,,,,,,,,,,,,,,AT-->CX,AT-->CX,AT-->CX,AT-->CX,AT-->CX,AT-->CX,AT-->CX,AT-->CX,AT-->CX,AT-->CX,AT-->CX,AT-->CX,AT-->CX,AT-->CX,AT-->CX,AT-->CX,AT-->CX,AT-->CX,AT-->CX
CC,CCK,Cocos (Keeling) Islands,West Island,Oceania,Australia and New Zealand,,CC-->AT,CC-->AT,CC-->AT,CC-->AT,CC-->AT,CC-->AT,CC-->AT,CC-->AT,CC-->AT,CC-->AT,CC-->AT,CC-->AT,CC-->AT,CC-->AT,CC-->AT,CC-->AT,CC-->AT,CC-->AT,CC-->AT,,,,,,,,,,,,,,,,,AT-->CC,AT-->CC,AT-->CC,AT-->CC,AT-->CC,AT-->CC,AT-->CC,AT-->CC,AT-->CC,AT-->CC,AT-->CC,AT-->CC,AT-->CC,AT-->CC,AT-->CC,AT-->CC,AT-->CC,AT-->CC,AT-->CC
CO,COL,Colombia,Bogotá,Americas,South America,,CO-->AT,CO-->AT,CO-->AT,CO-->AT,CO-->AT,CO-->AT,CO-->AT,CO-->AT,CO-->AT,CO-->AT,CO-->AT,CO-->AT,CO-->AT,CO-->AT,CO-->AT,CO-->AT,CO-->AT,CO-->AT,CO-->AT,,,,,,,,,,,,,,,,,AT-->CO,AT-->CO,AT-->CO,AT-->CO,AT-->CO,AT-->CO,AT-->CO,AT-->CO,AT-->CO,AT-->CO,AT-->CO,AT-->CO,AT-->CO,AT-->CO,AT-->CO,AT-->CO,AT-->CO,AT-->CO,AT-->CO
KM,COM,Comoros,Moroni,Africa,Eastern Africa,,KM-->AT,KM-->AT,KM-->AT,KM-->AT,KM-->AT,KM-->AT,KM-->AT,KM-->AT,KM-->AT,KM-->AT,KM-->AT,KM-->AT,KM-->AT,KM-->AT,KM-->AT,KM-->AT,KM-->AT,KM-->AT,KM-->AT,,,,,,,,,,,,,,,,,AT-->KM,AT-->KM,AT-->KM,AT-->KM,AT-->KM,AT-->KM,AT-->KM,AT-->KM,AT-->KM,AT-->KM,AT-->KM,AT-->KM,AT-->KM,AT-->KM,AT-->KM,AT-->KM,AT-->KM,AT-->KM,AT-->KM
CG,COG,Republic of the Congo,Brazzaville,Africa,Middle Africa,,CG-->AT,CG-->AT,CG-->AT,CG-->AT,CG-->AT,CG-->AT,CG-->AT,CG-->AT,CG-->AT,CG-->AT,CG-->AT,CG-->AT,CG-->AT,CG-->AT,CG-->AT,CG-->AT,CG-->AT,CG-->AT,CG-->AT,,,,,,,,,,,,,,,,,AT-->CG,AT-->CG,AT-->CG,AT-->CG,AT-->CG,AT-->CG,AT-->CG,AT-->CG,AT-->CG,AT-->CG,AT-->CG,AT-->CG,AT-->CG,AT-->CG,AT-->CG,AT-->CG,AT-->CG,AT-->CG,AT-->CG
CD,COD,Democratic Republic of the Congo,Kinshasa,Africa,Middle Africa,,CD-->AT,CD-->AT,CD-->AT,CD-->AT,CD-->AT,CD-->AT,CD-->AT,CD-->AT,CD-->AT,CD-->AT,CD-->AT,CD-->AT,CD-->AT,CD-->AT,CD-->AT,CD-->AT,CD-->AT,CD-->AT,CD-->AT,,,,,,,,,,,,,,,,,AT-->CD,AT-->CD,AT-->CD,AT-->CD,AT-->CD,AT-->CD,AT-->CD,AT-->CD,AT-->CD,AT-->CD,AT-->CD,AT-->CD,AT-->CD,AT-->CD,AT-->CD,AT-->CD,AT-->CD,AT-->CD,AT-->CD
CK,COK,Cook Islands,Avarua,Oceania,Polynesia,,CK-->AT,CK-->AT,CK-->AT,CK-->AT,CK-->AT,CK-->AT,CK-->AT,CK-->AT,CK-->AT,CK-->AT,CK-->AT,CK-->AT,CK-->AT,CK-->AT,CK-->AT,CK-->AT,CK-->AT,CK-->AT,CK-->AT,,,,,,,,,,,,,,,,,AT-->CK,AT-->CK,AT-->CK,AT-->CK,AT-->CK,AT-->CK,AT-->CK,AT-->CK,AT-->CK,AT-->CK,AT-->CK,AT-->CK,AT-->CK,AT-->CK,AT-->CK,AT-->CK,AT-->CK,AT-->CK,AT-->CK
CR,CRI,Costa Rica,San José,Americas,Central America,,CR-->AT,CR-->AT,CR-->AT,CR-->AT,CR-->AT,CR-->AT,CR-->AT,CR-->AT,CR-->AT,CR-->AT,CR-->AT,CR-->AT,CR-->AT,CR-->AT,CR-->AT,CR-->AT,CR-->AT,CR-->AT,CR-->AT,,,,,,,,,,,,,,,,,AT-->CR,AT-->CR,AT-->CR,AT-->CR,AT-->CR,AT-->CR,AT-->CR,AT-->CR,AT-->CR,AT-->CR,AT-->CR,AT-->CR,AT-->CR,AT-->CR,AT-->CR,AT-->CR,AT-->CR,AT-->CR,AT-->CR
HR,HRV,Croatia,Zagreb,Europe,Southern Europe,,HR-->AT,HR-->AT,HR-->AT,HR-->AT,HR-->AT,HR-->AT,HR-->AT,HR-->AT,HR-->AT,HR-->AT,HR-->AT,HR-->AT,HR-->AT,HR-->AT,HR-->AT,HR-->AT,HR-->AT,HR-->AT,HR-->AT,,,,,,,,,,,,,,,,,AT-->HR,AT-->HR,AT-->HR,AT-->HR,AT-->HR,AT-->HR,AT-->HR,AT-->HR,AT-->HR,AT-->HR,AT-->HR,AT-->HR,AT-->HR,AT-->HR,AT-->HR,AT-->HR,AT-->HR,AT-->HR,AT-->HR
CU,CUB,Cuba,Havana,Americas,Caribbean,,CU-->AT,CU-->AT,CU-->AT,CU-->AT,CU-->AT,CU-->AT,CU-->AT,CU-->AT,CU-->AT,CU-->AT,CU-->AT,CU-->AT,CU-->AT,CU-->AT,CU-->AT,CU-->AT,CU-->AT,CU-->AT,CU-->AT,,,,,,,,,,,,,,,,,AT-->CU,AT-->CU,AT-->CU,AT-->CU,AT-->CU,AT-->CU,AT-->CU,AT-->CU,AT-->CU,AT-->CU,AT-->CU,AT-->CU,AT-->CU,AT-->CU,AT-->CU,AT-->CU,AT-->CU,AT-->CU,AT-->CU
CW,CUW,Curaçao,Willemstad,Americas,Caribbean,,CW-->AT,CW-->AT,CW-->AT,CW-->AT,CW-->AT,CW-->AT,CW-->AT,CW-->AT,CW-->AT,CW-->AT,CW-->AT,CW-->AT,CW-->AT,CW-->AT,CW-->AT,CW-->AT,CW-->AT,CW-->AT,CW-->AT,,,,,,,,,,,,,,,,,AT-->CW,AT-->CW,AT-->CW,AT-->CW,AT-->CW,AT-->CW,AT-->CW,AT-->CW,AT-->CW,AT-->CW,AT-->CW,AT-->CW,AT-->CW,AT-->CW,AT-->CW,AT-->CW,AT-->CW,AT-->CW,AT-->CW
CY,CYP,Cyprus,Nicosia,Europe,Southern Europe,,CY-->AT,CY-->AT,CY-->AT,CY-->AT,CY-->AT,CY-->AT,CY-->AT,CY-->AT,CY-->AT,CY-->AT,CY-->AT,CY-->AT,CY-->AT,CY-->AT,CY-->AT,CY-->AT,CY-->AT,CY-->AT,CY-->AT,,,,,,,,,,,,,,,,,AT-->CY,AT-->CY,AT-->CY,AT-->CY,AT-->CY,AT-->CY,AT-->CY,AT-->CY,AT-->CY,AT-->CY,AT-->CY,AT-->CY,AT-->CY,AT-->CY,AT-->CY,AT-->CY,AT-->CY,AT-->CY,AT-->CY
CZ,CZE,Czech Republic,Prague,Europe,Eastern Europe,,CZ-->AT,CZ-->AT,CZ-->AT,CZ-->AT,CZ-->AT,CZ-->AT,CZ-->AT,CZ-->AT,CZ-->AT,CZ-->AT,CZ-->AT,CZ-->AT,CZ-->AT,CZ-->AT,CZ-->AT,CZ-->AT,CZ-->AT,CZ-->AT,CZ-->AT,,,,,,,,,,,,,,,,,AT-->CZ,AT-->CZ,AT-->CZ,AT-->CZ,AT-->CZ,AT-->CZ,AT-->CZ,AT-->CZ,AT-->CZ,AT-->CZ,AT-->CZ,AT-->CZ,AT-->CZ,AT-->CZ,AT-->CZ,AT-->CZ,AT-->CZ,AT-->CZ,AT-->CZ
DK,DNK,Denmark,Copenhagen,Europe,Northern Europe,,DK-->AT,DK-->AT,DK-->AT,DK-->AT,DK-->AT,DK-->AT,DK-->AT,DK-->AT,DK-->AT,DK-->AT,DK-->AT,DK-->AT,DK-->AT,DK-->AT,DK-->AT,DK-->AT,DK-->AT,DK-->AT,DK-->AT,,,,,,,,,,,,,,,,,AT-->DK,AT-->DK,AT-->DK,AT-->DK,AT-->DK,AT-->DK,AT-->DK,AT-->DK,AT-->DK,AT-->DK,AT-->DK,AT-->DK,AT-->DK,AT-->DK,AT-->DK,AT-->DK,AT-->DK,AT-->DK,AT-->DK
DJ,DJI,Djibouti,Djibouti,Africa,Eastern Africa,,DJ-->AT,DJ-->AT,DJ-->AT,DJ-->AT,DJ-->AT,DJ-->AT,DJ-->AT,DJ-->AT,DJ-->AT,DJ-->AT,DJ-->AT,DJ-->AT,DJ-->AT,DJ-->AT,DJ-->AT,DJ-->AT,DJ-->AT,DJ-->AT,DJ-->AT,,,,,,,,,,,,,,,,,AT-->DJ,AT-->DJ,AT-->DJ,AT-->DJ,AT-->DJ,AT-->DJ,AT-->DJ,AT-->DJ,AT-->DJ,AT-->DJ,AT-->DJ,AT-->DJ,AT-->DJ,AT-->DJ,AT-->DJ,AT-->DJ,AT-->DJ,AT-->DJ,AT-->DJ
DM,DMA,Dominica,Roseau,Americas,Caribbean,,DM-->AT,DM-->AT,DM-->AT,DM-->AT,DM-->AT,DM-->AT,DM-->AT,DM-->AT,DM-->AT,DM-->AT,DM-->AT,DM-->AT,DM-->AT,DM-->AT,DM-->AT,DM-->AT,DM-->AT,DM-->AT,DM-->AT,,,,,,,,,,,,,,,,,AT-->DM,AT-->DM,AT-->DM,AT-->DM,AT-->DM,AT-->DM,AT-->DM,AT-->DM,AT-->DM,AT-->DM,AT-->DM,AT-->DM,AT-->DM,AT-->DM,AT-->DM,AT-->DM,AT-->DM,AT-->DM,AT-->DM
DO,DOM,Dominican Republic,Santo Domingo,Americas,Caribbean,,DO-->AT,DO-->AT,DO-->AT,DO-->AT,DO-->AT,DO-->AT,DO-->AT,DO-->AT,DO-->AT,DO-->AT,DO-->AT,DO-->AT,DO-->AT,DO-->AT,DO-->AT,DO-->AT,DO-->AT,DO-->AT,DO-->AT,,,,,,,,,,,,,,,,,AT-->DO,AT-->DO,AT-->DO,AT-->DO,AT-->DO,AT-->DO,AT-->DO,AT-->DO,AT-->DO,AT-->DO,AT-->DO,AT-->DO,AT-->DO,AT-->DO,AT-->DO,AT-->DO,AT-->DO,AT-->DO,AT-->DO
EC,ECU,Ecuador,Quito,Americas,South America,,EC-->AT,EC-->AT,EC-->AT,EC-->AT,EC-->AT,EC-->AT,EC-->AT,EC-->AT,EC-->AT,EC-->AT,EC-->AT,EC-->AT,EC-->AT,EC-->AT,EC-->AT,EC-->AT,EC-->AT,EC-->AT,EC-->AT,,,,,,,,,,,,,,,,,AT-->EC,AT-->EC,AT-->EC,AT-->EC,AT-->EC,AT-->EC,AT-->EC,AT-->EC,AT-->EC,AT-->EC,AT-->EC,AT-->EC,AT-->EC,AT-->EC,AT-->EC,AT-->EC,AT-->EC,AT-->EC,AT-->EC
EG,EGY,Egypt,Cairo,Africa,Northern Africa,,EG-->AT,EG-->AT,EG-->AT,EG-->AT,EG-->AT,EG-->AT,EG-->AT,EG-->AT,EG-->AT,EG-->AT,EG-->AT,EG-->AT,EG-->AT,EG-->AT,EG-->AT,EG-->AT,EG-->AT,EG-->AT,EG-->AT,,,,,,,,,,,,,,,,,AT-->EG,AT-->EG,AT-->EG,AT-->EG,AT-->EG,AT-->EG,AT-->EG,AT-->EG,AT-->EG,AT-->EG,AT-->EG,AT-->EG,AT-->EG,AT-->EG,AT-->EG,AT-->EG,AT-->EG,AT-->EG,AT-->EG
SV,SLV,El Salvador,San Salvador,Americas,Central America,,SV-->AT,SV-->AT,SV-->AT,SV-->AT,SV-->AT,SV-->AT,SV-->AT,SV-->AT,SV-->AT,SV-->AT,SV-->AT,SV-->AT,SV-->AT,SV-->AT,SV-->AT,SV-->AT,SV-->AT,SV-->AT,SV-->AT,,,,,,,,,,,,,,,,,AT-->SV,AT-->SV,AT-->SV,AT-->SV,AT-->SV,AT-->SV,AT-->SV,AT-->SV,AT-->SV,AT-->SV,AT-->SV,AT-->SV,AT-->SV,AT-->SV,AT-->SV,AT-->SV,AT-->SV,AT-->SV,AT-->SV
GQ,GNQ,Equatorial Guinea,Malabo,Africa,Middle Africa,,GQ-->AT,GQ-->AT,GQ-->AT,GQ-->AT,GQ-->AT,GQ-->AT,GQ-->AT,GQ-->AT,GQ-->AT,GQ-->AT,GQ-->AT,GQ-->AT,GQ-->AT,GQ-->AT,GQ-->AT,GQ-->AT,GQ-->AT,GQ-->AT,GQ-->AT,,,,,,,,,,,,,,,,,AT-->GQ,AT-->GQ,AT-->GQ,AT-->GQ,AT-->GQ,AT-->GQ,AT-->GQ,AT-->GQ,AT-->GQ,AT-->GQ,AT-->GQ,AT-->GQ,AT-->GQ,AT-->GQ,AT-->GQ,AT-->GQ,AT-->GQ,AT-->GQ,AT-->GQ
ER,ERI,Eritrea,Asmara,Africa,Eastern Africa,,ER-->AT,ER-->AT,ER-->AT,ER-->AT,ER-->AT,ER-->AT,ER-->AT,ER-->AT,ER-->AT,ER-->AT,ER-->AT,ER-->AT,ER-->AT,ER-->AT,ER-->AT,ER-->AT,ER-->AT,ER-->AT,ER-->AT,,,,,,,,,,,,,,,,,AT-->ER,AT-->ER,AT-->ER,AT-->ER,AT-->ER,AT-->ER,AT-->ER,AT-->ER,AT-->ER,AT-->ER,AT-->ER,AT-->ER,AT-->ER,AT-->ER,AT-->ER,AT-->ER,AT-->ER,AT-->ER,AT-->ER
EE,EST,Estonia,Tallinn,Europe,Northern Europe,,EE-->AT,EE-->AT,EE-->AT,EE-->AT,EE-->AT,EE-->AT,EE-->AT,EE-->AT,EE-->AT,EE-->AT,EE-->AT,EE-->AT,EE-->AT,EE-->AT,EE-->AT,EE-->AT,EE-->AT,EE-->AT,EE-->AT,,,,,,,,,,,,,,,,,AT-->EE,AT-->EE,AT-->EE,AT-->EE,AT-->EE,AT-->EE,AT-->EE,AT-->EE,AT-->EE,AT-->EE,AT-->EE,AT-->EE,AT-->EE,AT-->EE,AT-->EE,AT-->EE,AT-->EE,AT-->EE,AT-->EE
ET,ETH,Ethiopia,Addis Ababa,Africa,Eastern Africa,,ET-->AT,ET-->AT,ET-->AT,ET-->AT,ET-->AT,ET-->AT,ET-->AT,ET-->AT,ET-->AT,ET-->AT,ET-->AT,ET-->AT,ET-->AT,ET-->AT,ET-->AT,ET-->AT,ET-->AT,ET-->AT,ET-->AT,,,,,,,,,,,,,,,,,AT-->ET,AT-->ET,AT-->ET,AT-->ET,AT-->ET,AT-->ET,AT-->ET,AT-->ET,AT-->ET,AT-->ET,AT-->ET,AT-->ET,AT-->ET,AT-->ET,AT-->ET,AT-->ET,AT-->ET,AT-->ET,AT-->ET
FK,FLK,Falkland Islands,Stanley,Americas,South America,,FK-->AT,FK-->AT,FK-->AT,FK-->AT,FK-->AT,FK-->AT,FK-->AT,FK-->AT,FK-->AT,FK-->AT,FK-->AT,FK-->AT,FK-->AT,FK-->AT,FK-->AT,FK-->AT,FK-->AT,FK-->AT,FK-->AT,,,,,,,,,,,,,,,,,AT-->FK,AT-->FK,AT-->FK,AT-->FK,AT-->FK,AT-->FK,AT-->FK,AT-->FK,AT-->FK,AT-->FK,AT-->FK,AT-->FK,AT-->FK,AT-->FK,AT-->FK,AT-->FK,AT-->FK,AT-->FK,AT-->FK
FO,FRO,Faroe Islands,Tórshavn,Europe,Northern Europe,,FO-->AT,FO-->AT,FO-->AT,FO-->AT,FO-->AT,FO-->AT,FO-->AT,FO-->AT,FO-->AT,FO-->AT,FO-->AT,FO-->AT,FO-->AT,FO-->AT,FO-->AT,FO-->AT,FO-->AT,FO-->AT,FO-->AT,,,,,,,,,,,,,,,,,AT-->FO,AT-->FO,AT-->FO,AT-->FO,AT-->FO,AT-->FO,AT-->FO,AT-->FO,AT-->FO,AT-->FO,AT-->FO,AT-->FO,AT-->FO,AT-->FO,AT-->FO,AT-->FO,AT-->FO,AT-->FO,AT-->FO
FJ,FJI,Fiji,Suva,Oceania,Melanesia,,FJ-->AT,FJ-->AT,FJ-->AT,FJ-->AT,FJ-->AT,FJ-->AT,FJ-->AT,FJ-->AT,FJ-->AT,FJ-->AT,FJ-->AT,FJ-->AT,FJ-->AT,FJ-->AT,FJ-->AT,FJ-->AT,FJ-->AT,FJ-->AT,FJ-->AT,,,,,,,,,,,,,,,,,AT-->FJ,AT-->FJ,AT-->FJ,AT-->FJ,AT-->FJ,AT-->FJ,AT-->FJ,AT-->FJ,AT-->FJ,AT-->FJ,AT-->FJ,AT-->FJ,AT-->FJ,AT-->FJ,AT-->FJ,AT-->FJ,AT-->FJ,AT-->FJ,AT-->FJ
FI,FIN,Finland,Helsinki,Europe,Northern Europe,,FI-->AT,FI-->AT,FI-->AT,FI-->AT,FI-->AT,FI-->AT,FI-->AT,FI-->AT,FI-->AT,FI-->AT,FI-->AT,FI-->AT,FI-->AT,FI-->AT,FI-->AT,FI-->AT,FI-->AT,FI-->AT,FI-->AT,,,,,,,,,,,,,,,,,AT-->FI,AT-->FI,AT-->FI,AT-->FI,AT-->FI,AT-->FI,AT-->FI,AT-->FI,AT-->FI,AT-->FI,AT-->FI,AT-->FI,AT-->FI,AT-->FI,AT-->FI,AT-->FI,AT-->FI,AT-->FI,AT-->FI
FR,FRA,France,Paris,Europe,Western Europe,,FR-->AT,FR-->AT,FR-->AT,FR-->AT,FR-->AT,FR-->AT,FR-->AT,FR-->AT,FR-->AT,FR-->AT,FR-->AT,FR-->AT,FR-->AT,FR-->AT,FR-->AT,FR-->AT,FR-->AT,FR-->AT,FR-->AT,,,,,,,,,,,,,,,,,AT-->FR,AT-->FR,AT-->FR,AT-->FR,AT-->FR,AT-->FR,AT-->FR,AT-->FR,AT-->FR,AT-->FR,AT-->FR,AT-->FR,AT-->FR,AT-->FR,AT-->FR,AT-->FR,AT-->FR,AT-->FR,AT-->FR
GF,GUF,French Guiana,Cayenne,Americas,South America,,GF-->AT,GF-->AT,GF-->AT,GF-->AT,GF-->AT,GF-->AT,GF-->AT,GF-->AT,GF-->AT,GF-->AT,GF-->AT,GF-->AT,GF-->AT,GF-->AT,GF-->AT,GF-->AT,GF-->AT,GF-->AT,GF-->AT,,,,,,,,,,,,,,,,,AT-->GF,AT-->GF,AT-->GF,AT-->GF,AT-->GF,AT-->GF,AT-->GF,AT-->GF,AT-->GF,AT-->GF,AT-->GF,AT-->GF,AT-->GF,AT-->GF,AT-->GF,AT-->GF,AT-->GF,AT-->GF,AT-->GF
PF,PYF,French Polynesia,Papeetē,Oceania,Polynesia,,PF-->AT,PF-->AT,PF-->AT,PF-->AT,PF-->AT,PF-->AT,PF-->AT,PF-->AT,PF-->AT,PF-->AT,PF-->AT,PF-->AT,PF-->AT,PF-->AT,PF-->AT,PF-->AT,PF-->AT,PF-->AT,PF-->AT,,,,,,,,,,,,,,,,,AT-->PF,AT-->PF,AT-->PF,AT-->PF,AT-->PF,AT-->PF,AT-->PF,AT-->PF,AT-->PF,AT-->PF,AT-->PF,AT-->PF,AT-->PF,AT-->PF,AT-->PF,AT-->PF,AT-->PF,AT-->PF,AT-->PF
TF,ATF,French Southern and Antarctic Lands,Port-aux-Français,Africa,Southern Africa,,TF-->AT,TF-->AT,TF-->AT,TF-->AT,TF-->AT,TF-->AT,TF-->AT,TF-->AT,TF-->AT,TF-->AT,TF-->AT,TF-->AT,TF-->AT,TF-->AT,TF-->AT,TF-->AT,TF-->AT,TF-->AT,TF-->AT,,,,,,,,,,,,,,,,,AT-->TF,AT-->TF,AT-->TF,AT-->TF,AT-->TF,AT-->TF,AT-->TF,AT-->TF,AT-->TF,AT-->TF,AT-->TF,AT-->TF,AT-->TF,AT-->TF,AT-->TF,AT-->TF,AT-->TF,AT-->TF,AT-->TF
GA,GAB,Gabon,Libreville,Africa,Middle Africa,,GA-->AT,GA-->AT,GA-->AT,GA-->AT,GA-->AT,GA-->AT,GA-->AT,GA-->AT,GA-->AT,GA-->AT,GA-->AT,GA-->AT,GA-->AT,GA-->AT,GA-->AT,GA-->AT,GA-->AT,GA-->AT,GA-->AT,,,,,,,,,,,,,,,,,AT-->GA,AT-->GA,AT-->GA,AT-->GA,AT-->GA,AT-->GA,AT-->GA,AT-->GA,AT-->GA,AT-->GA,AT-->GA,AT-->GA,AT-->GA,AT-->GA,AT-->GA,AT-->GA,AT-->GA,AT-->GA,AT-->GA
GM,GMB,The Gambia,Banjul,Africa,Western Africa,,GM-->AT,GM-->AT,GM-->AT,GM-->AT,GM-->AT,GM-->AT,GM-->AT,GM-->AT,GM-->AT,GM-->AT,GM-->AT,GM-->AT,GM-->AT,GM-->AT,GM-->AT,GM-->AT,GM-->AT,GM-->AT,GM-->AT,,,,,,,,,,,,,,,,,AT-->GM,AT-->GM,AT-->GM,AT-->GM,AT-->GM,AT-->GM,AT-->GM,AT-->GM,AT-->GM,AT-->GM,AT-->GM,AT-->GM,AT-->GM,AT-->GM,AT-->GM,AT-->GM,AT-->GM,AT-->GM,AT-->GM
GE,GEO,Georgia,Tbilisi,Asia,Western Asia,,GE-->AT,GE-->AT,GE-->AT,GE-->AT,GE-->AT,GE-->AT,GE-->AT,GE-->AT,GE-->AT,GE-->AT,GE-->AT,GE-->AT,GE-->AT,GE-->AT,GE-->AT,GE-->AT,GE-->AT,GE-->AT,GE-->AT,,,,,,,,,,,,,,,,,AT-->GE,AT-->GE,AT-->GE,AT-->GE,AT-->GE,AT-->GE,AT-->GE,AT-->GE,AT-->GE,AT-->GE,AT-->GE,AT-->GE,AT-->GE,AT-->GE,AT-->GE,AT-->GE,AT-->GE,AT-->GE,AT-->GE
DE,DEU,Germany,Berlin,Europe,Western Europe,,DE-->AT,DE-->AT,DE-->AT,DE-->AT,DE-->AT,DE-->AT,DE-->AT,DE-->AT,DE-->AT,DE-->AT,DE-->AT,DE-->AT,DE-->AT,DE-->AT,DE-->AT,DE-->AT,DE-->AT,DE-->AT,DE-->AT,,,,,,,,,,,,,,,,,AT-->DE,AT-->DE,AT-->DE,AT-->DE,AT-->DE,AT-->DE,AT-->DE,AT-->DE,AT-->DE,AT-->DE,AT-->DE,AT-->DE,AT-->DE,AT-->DE,AT-->DE,AT-->DE,AT-->DE,AT-->DE,AT-->DE
GH,GHA,Ghana,Accra,Africa,Western Africa,,GH-->AT,GH-->AT,GH-->AT,GH-->AT,GH-->AT,GH-->AT,GH-->AT,GH-->AT,GH-->AT,GH-->AT,GH-->AT,GH-->AT,GH-->AT,GH-->AT,GH-->AT,GH-->AT,GH-->AT,GH-->AT,GH-->AT,,,,,,,,,,,,,,,,,AT-->GH,AT-->GH,AT-->GH,AT-->GH,AT-->GH,AT-->GH,AT-->GH,AT-->GH,AT-->GH,AT-->GH,AT-->GH,AT-->GH,AT-->GH,AT-->GH,AT-->GH,AT-->GH,AT-->GH,AT-->GH,AT-->GH
GI,GIB,Gibraltar,Gibraltar,Europe,Southern Europe,,GI-->AT,GI-->AT,GI-->AT,GI-->AT,GI-->AT,GI-->AT,GI-->AT,GI-->AT,GI-->AT,GI-->AT,GI-->AT,GI-->AT,GI-->AT,GI-->AT,GI-->AT,GI-->AT,GI-->AT,GI-->AT,GI-->AT,,,,,,,,,,,,,,,,,AT-->GI,AT-->GI,AT-->GI,AT-->GI,AT-->GI,AT-->GI,AT-->GI,AT-->GI,AT-->GI,AT-->GI,AT-->GI,AT-->GI,AT-->GI,AT-->GI,AT-->GI,AT-->GI,AT-->GI,AT-->GI,AT-->GI
GR,GRC,Greece,Athens,Europe,Southern Europe,,GR-->AT,GR-->AT,GR-->AT,GR-->AT,GR-->AT,GR-->AT,GR-->AT,GR-->AT,GR-->AT,GR-->AT,GR-->AT,GR-->AT,GR-->AT,GR-->AT,GR-->AT,GR-->AT,GR-->AT,GR-->AT,GR-->AT,,,,,,,,,,,,,,,,,AT-->GR,AT-->GR,AT-->GR,AT-->GR,AT-->GR,AT-->GR,AT-->GR,AT-->GR,AT-->GR,AT-->GR,AT-->GR,AT-->GR,AT-->GR,AT-->GR,AT-->GR,AT-->GR,AT-->GR,AT-->GR,AT-->GR
GL,GRL,Greenland,Nuuk,Americas,Northern America,,GL-->AT,GL-->AT,GL-->AT,GL-->AT,GL-->AT,GL-->AT,GL-->AT,GL-->AT,GL-->AT,GL-->AT,GL-->AT,GL-->AT,GL-->AT,GL-->AT,GL-->AT,GL-->AT,GL-->AT,GL-->AT,GL-->AT,,,,,,,,,,,,,,,,,AT-->GL,AT-->GL,AT-->GL,AT-->GL,AT-->GL,AT-->GL,AT-->GL,AT-->GL,AT-->GL,AT-->GL,AT-->GL,AT-->GL,AT-->GL,AT-->GL,AT-->GL,AT-->GL,AT-->GL,AT-->GL,AT-->GL
GD,GRD,Grenada,St. George's,Americas,Caribbean,,GD-->AT,GD-->AT,GD-->AT,GD-->AT,GD-->AT,GD-->AT,GD-->AT,GD-->AT,GD-->AT,GD-->AT,GD-->AT,GD-->AT,GD-->AT,GD-->AT,GD-->AT,GD-->AT,GD-->AT,GD-->AT,GD-->AT,,,,,,,,,,,,,,,,,AT-->GD,AT-->GD,AT-->GD,AT-->GD,AT-->GD,AT-->GD,AT-->GD,AT-->GD,AT-->GD,AT-->GD,AT-->GD,AT-->GD,AT-->GD,AT-->GD,AT-->GD,AT-->GD,AT-->GD,AT-->GD,AT-->GD
GP,GLP,Guadeloupe,Basse-Terre,Americas,Caribbean,,GP-->AT,GP-->AT,GP-->AT,GP-->AT,GP-->AT,GP-->AT,GP-->AT,GP-->AT,GP-->AT,GP-->AT,GP-->AT,GP-->AT,GP-->AT,GP-->AT,GP-->AT,GP-->AT,GP-->AT,GP-->AT,GP-->AT,,,,,,,,,,,,,,,,,AT-->GP,AT-->GP,AT-->GP,AT-->GP,AT-->GP,AT-->GP,AT-->GP,AT-->GP,AT-->GP,AT-->GP,AT-->GP,AT-->GP,AT-->GP,AT-->GP,AT-->GP,AT-->GP,AT-->GP,AT-->GP,AT-->GP
GU,GUM,Guam,Hagåtña,Oceania,Micronesia,,GU-->AT,GU-->AT,GU-->AT,GU-->AT,GU-->AT,GU-->AT,GU-->AT,GU-->AT,GU-->AT,GU-->AT,GU-->AT,GU-->AT,GU-->AT,GU-->AT,GU-->AT,GU-->AT,GU-->AT,GU-->AT,GU-->AT,,,,,,,,,,,,,,,,,AT-->GU,AT-->GU,AT-->GU,AT-->GU,AT-->GU,AT-->GU,AT-->GU,AT-->GU,AT-->GU,AT-->GU,AT-->GU,AT-->GU,AT-->GU,AT-->GU,AT-->GU,AT-->GU,AT-->GU,AT-->GU,AT-->GU
GT,GTM,Guatemala,Guatemala City,Americas,Central America,,GT-->AT,GT-->AT,GT-->AT,GT-->AT,GT-->AT,GT-->AT,GT-->AT,GT-->AT,GT-->AT,GT-->AT,GT-->AT,GT-->AT,GT-->AT,GT-->AT,GT-->AT,GT-->AT,GT-->AT,GT-->AT,GT-->AT,,,,,,,,,,,,,,,,,AT-->GT,AT-->GT,AT-->GT,AT-->GT,AT-->GT,AT-->GT,AT-->GT,AT-->GT,AT-->GT,AT-->GT,AT-->GT,AT-->GT,AT-->GT,AT-->GT,AT-->GT,AT-->GT,AT-->GT,AT-->GT,AT-->GT
GG,GGY,Guernsey,St. Peter Port,Europe,Northern Europe,,GG-->AT,GG-->AT,GG-->AT,GG-->AT,GG-->AT,GG-->AT,GG-->AT,GG-->AT,GG-->AT,GG-->AT,GG-->AT,GG-->AT,GG-->AT,GG-->AT,GG-->AT,GG-->AT,GG-->AT,GG-->AT,GG-->AT,,,,,,,,,,,,,,,,,AT-->GG,AT-->GG,AT-->GG,AT-->GG,AT-->GG,AT-->GG,AT-->GG,AT-->GG,AT-->GG,AT-->GG,AT-->GG,AT-->GG,AT-->GG,AT-->GG,AT-->GG,AT-->GG,AT-->GG,AT-->GG,AT-->GG
GN,GIN,Guinea,Conakry,Africa,Western Africa,,GN-->AT,GN-->AT,GN-->AT,GN-->AT,GN-->AT,GN-->AT,GN-->AT,GN-->AT,GN-->AT,GN-->AT,GN-->AT,GN-->AT,GN-->AT,GN-->AT,GN-->AT,GN-->AT,GN-->AT,GN-->AT,GN-->AT,,,,,,,,,,,,,,,,,AT-->GN,AT-->GN,AT-->GN,AT-->GN,AT-->GN,AT-->GN,AT-->GN,AT-->GN,AT-->GN,AT-->GN,AT-->GN,AT-->GN,AT-->GN,AT-->GN,AT-->GN,AT-->GN,AT-->GN,AT-->GN,AT-->GN
GW,GNB,Guinea-Bissau,Bissau,Africa,Western Africa,,GW-->AT,GW-->AT,GW-->AT,GW-->AT,GW-->AT,GW-->AT,GW-->AT,GW-->AT,GW-->AT,GW-->AT,GW-->AT,GW-->AT,GW-->AT,GW-->AT,GW-->AT,GW-->AT,GW-->AT,GW-->AT,GW-->AT,,,,,,,,,,,,,,,,,AT-->GW,AT-->GW,AT-->GW,AT-->GW,AT-->GW,AT-->GW,AT-->GW,AT-->GW,AT-->GW,AT-->GW,AT-->GW,AT-->GW,AT-->GW,AT-->GW,AT-->GW,AT-->GW,AT-->GW,AT-->GW,AT-->GW
GY,GUY,Guyana,Georgetown,Americas,South America,,GY-->AT,GY-->AT,GY-->AT,GY-->AT,GY-->AT,GY-->AT,GY-->AT,GY-->AT,GY-->AT,GY-->AT,GY-->AT,GY-->AT,GY-->AT,GY-->AT,GY-->AT,GY-->AT,GY-->AT,GY-->AT,GY-->AT,,,,,,,,,,,,,,,,,AT-->GY,AT-->GY,AT-->GY,AT-->GY,AT-->GY,AT-->GY,AT-->GY,AT-->GY,AT-->GY,AT-->GY,AT-->GY,AT-->GY,AT-->GY,AT-->GY,AT-->GY,AT-->GY,AT-->GY,AT-->GY,AT-->GY
HT,HTI,Haiti,Port-au-Prince,Americas,Caribbean,,HT-->AT,HT-->AT,HT-->AT,HT-->AT,HT-->AT,HT-->AT,HT-->AT,HT-->AT,HT-->AT,HT-->AT,HT-->AT,HT-->AT,HT-->AT,HT-->AT,HT-->AT,HT-->AT,HT-->AT,HT-->AT,HT-->AT,,,,,,,,,,,,,,,,,AT-->HT,AT-->HT,AT-->HT,AT-->HT,AT-->HT,AT-->HT,AT-->HT,AT-->HT,AT-->HT,AT-->HT,AT-->HT,AT-->HT,AT-->HT,AT-->HT,AT-->HT,AT-->HT,AT-->HT,AT-->HT,AT-->HT
HM,HMD,Heard Island and McDonald Islands,,,,,HM-->AT,HM-->AT,HM-->AT,HM-->AT,HM-->AT,HM-->AT,HM-->AT,HM-->AT,HM-->AT,HM-->AT,HM-->AT,HM-->AT,HM-->AT,HM-->AT,HM-->AT,HM-->AT,HM-->AT,HM-->AT,HM-->AT,,,,,,,,,,,,,,,,,AT-->HM,AT-->HM,AT-->HM,AT-->HM,AT-->HM,AT-->HM,AT-->HM,AT-->HM,AT-->HM,AT-->HM,AT-->HM,AT-->HM,AT-->HM,AT-->HM,AT-->HM,AT-->HM,AT-->HM,AT-->HM,AT-->HM
VA,VAT,Holy See,Rome,Europe,Southern Europe,,VA-->AT,VA-->AT,VA-->AT,VA-->AT,VA-->AT,VA-->AT,VA-->AT,VA-->AT,VA-->AT,VA-->AT,VA-->AT,VA-->AT,VA-->AT,VA-->AT,VA-->AT,VA-->AT,VA-->AT,VA-->AT,VA-->AT,,,,,,,,,,,,,,,,,AT-->VA,AT-->VA,AT-->VA,AT-->VA,AT-->VA,AT-->VA,AT-->VA,AT-->VA,AT-->VA,AT-->VA,AT-->VA,AT-->VA,AT-->VA,AT-->VA,AT-->VA,AT-->VA,AT-->VA,AT-->VA,AT-->VA
HN,HND,Honduras,Tegucigalpa,Americas,Central America,,HN-->AT,HN-->AT,HN-->AT,HN-->AT,HN-->AT,HN-->AT,HN-->AT,HN-->AT,HN-->AT,HN-->AT,HN-->AT,HN-->AT,HN-->AT,HN-->AT,HN-->AT,HN-->AT,HN-->AT,HN-->AT,HN-->AT,,,,,,,,,,,,,,,,,AT-->HN,AT-->HN,AT-->HN,AT-->HN,AT-->HN,AT-->HN,AT-->HN,AT-->HN,AT-->HN,AT-->HN,AT-->HN,AT-->HN,AT-->HN,AT-->HN,AT-->HN,AT-->HN,AT-->HN,AT-->HN,AT-->HN
HK,HKG,Hong Kong,City of Victoria,Asia,Eastern Asia,,HK-->AT,HK-->AT,HK-->AT,HK-->AT,HK-->AT,HK-->AT,HK-->AT,HK-->AT,HK-->AT,HK-->AT,HK-->AT,HK-->AT,HK-->AT,HK-->AT,HK-->AT,HK-->AT,HK-->AT,HK-->AT,HK-->AT,,,,,,,,,,,,,,,,,AT-->HK,AT-->HK,AT-->HK,AT-->HK,AT-->HK,AT-->HK,AT-->HK,AT-->HK,AT-->HK,AT-->HK,AT-->HK,AT-->HK,AT-->HK,AT-->HK,AT-->HK,AT-->HK,AT-->HK,AT-->HK,AT-->HK
HU,HUN,Hungary,Budapest,Europe,Eastern Europe,,HU-->AT,HU-->AT,HU-->AT,HU-->AT,HU-->AT,HU-->AT,HU-->AT,HU-->AT,HU-->AT,HU-->AT,HU-->AT,HU-->AT,HU-->AT,HU-->AT,HU-->AT,HU-->AT,HU-->AT,HU-->AT,HU-->AT,,,,,,,,,,,,,,,,,AT-->HU,AT-->HU,AT-->HU,AT-->HU,AT-->HU,AT-->HU,AT-->HU,AT-->HU,AT-->HU,AT-->HU,AT-->HU,AT-->HU,AT-->HU,AT-->HU,AT-->HU,AT-->HU,AT-->HU,AT-->HU,AT-->HU
IS,ISL,Iceland,Reykjavík,Europe,Northern Europe,,IS-->AT,IS-->AT,IS-->AT,IS-->AT,IS-->AT,IS-->AT,IS-->AT,IS-->AT,IS-->AT,IS-->AT,IS-->AT,IS-->AT,IS-->AT,IS-->AT,IS-->AT,IS-->AT,IS-->AT,IS-->AT,IS-->AT,,,,,,,,,,,,,,,,,AT-->IS,AT-->IS,AT-->IS,AT-->IS,AT-->IS,AT-->IS,AT-->IS,AT-->IS,AT-->IS,AT-->IS,AT-->IS,AT-->IS,AT-->IS,AT-->IS,AT-->IS,AT-->IS,AT-->IS,AT-->IS,AT-->IS
IN,IND,India,New Delhi,Asia,Southern Asia,,IN-->AT,IN-->AT,IN-->AT,IN-->AT,IN-->AT,IN-->AT,IN-->AT,IN-->AT,IN-->AT,IN-->AT,IN-->AT,IN-->AT,IN-->AT,IN-->AT,IN-->AT,IN-->AT,IN-->AT,IN-->AT,IN-->AT,,,,,,,,,,,,,,,,,AT-->IN,AT-->IN,AT-->IN,AT-->IN,AT-->IN,AT-->IN,AT-->IN,AT-->IN,AT-->IN,AT-->IN,AT-->IN,AT-->IN,AT-->IN,AT-->IN,AT-->IN,AT-->IN,AT-->IN,AT-->IN,AT-->IN
ID,IDN,Indonesia,Jakarta,Asia,South-Eastern Asia,,ID-->AT,ID-->AT,ID-->AT,ID-->AT,ID-->AT,ID-->AT,ID-->AT,ID-->AT,ID-->AT,ID-->AT,ID-->AT,ID-->AT,ID-->AT,ID-->AT,ID-->AT,ID-->AT,ID-->AT,ID-->AT,ID-->AT,,,,,,,,,,,,,,,,,AT-->ID,AT-->ID,AT-->ID,AT-->ID,AT-->ID,AT-->ID,AT-->ID,AT-->ID,AT-->ID,AT-->ID,AT-->ID,AT-->ID,AT-->ID,AT-->ID,AT-->ID,AT-->ID,AT-->ID,AT-->ID,AT-->ID
CI,CIV,Ivory Coast,Yamoussoukro,Africa,Western Africa,,CI-->AT,CI-->AT,CI-->AT,CI-->AT,CI-->AT,CI-->AT,CI-->AT,CI-->AT,CI-->AT,CI-->AT,CI-->AT,CI-->AT,CI-->AT,CI-->AT,CI-->AT,CI-->AT,CI-->AT,CI-->AT,CI-->AT,,,,,,,,,,,,,,,,,AT-->CI,AT-->CI,AT-->CI,AT-->CI,AT-->CI,AT-->CI,AT-->CI,AT-->CI,AT-->CI,AT-->CI,AT-->CI,AT-->CI,AT-->CI,AT-->CI,AT-->CI,AT-->CI,AT-->CI,AT-->CI,AT-->CI
IR,IRN,Iran,Tehran,Asia,Southern Asia,,IR-->AT,IR-->AT,IR-->AT,IR-->AT,IR-->AT,IR-->AT,IR-->AT,IR-->AT,IR-->AT,IR-->AT,IR-->AT,IR-->AT,IR-->AT,IR-->AT,IR-->AT,IR-->AT,IR-->AT,IR-->AT,IR-->AT,,,,,,,,,,,,,,,,,AT-->IR,AT-->IR,AT-->IR,AT-->IR,AT-->IR,AT-->IR,AT-->IR,AT-->IR,AT-->IR,AT-->IR,AT-->IR,AT-->IR,AT-->IR,AT-->IR,AT-->IR,AT-->IR,AT-->IR,AT-->IR,AT-->IR
IQ,IRQ,Iraq,Baghdad,Asia,Western Asia,,IQ-->AT,IQ-->AT,IQ-->AT,IQ-->AT,IQ-->AT,IQ-->AT,IQ-->AT,IQ-->AT,IQ-->AT,IQ-->AT,IQ-->AT,IQ-->AT,IQ-->AT,IQ-->AT,IQ-->AT,IQ-->AT,IQ-->AT,IQ-->AT,IQ-->AT,,,,,,,,,,,,,,,,,AT-->IQ,AT-->IQ,AT-->IQ,AT-->IQ,AT-->IQ,AT-->IQ,AT-->IQ,AT-->IQ,AT-->IQ,AT-->IQ,AT-->IQ,AT-->IQ,AT-->IQ,AT-->IQ,AT-->IQ,AT-->IQ,AT-->IQ,AT-->IQ,AT-->IQ
IE,IRL,Republic of Ireland,Dublin,Europe,Northern Europe,,IE-->AT,IE-->AT,IE-->AT,IE-->AT,IE-->AT,IE-->AT,IE-->AT,IE-->AT,IE-->AT,IE-->AT,IE-->AT,IE-->AT,IE-->AT,IE-->AT,IE-->AT,IE-->AT,IE-->AT,IE-->AT,IE-->AT,,,,,,,,,,,,,,,,,AT-->IE,AT-->IE,AT-->IE,AT-->IE,AT-->IE,AT-->IE,AT-->IE,AT-->IE,AT-->IE,AT-->IE,AT-->IE,AT-->IE,AT-->IE,AT-->IE,AT-->IE,AT-->IE,AT-->IE,AT-->IE,AT-->IE
IM,IMN,Isle of Man,Douglas,Europe,Northern Europe,,IM-->AT,IM-->AT,IM-->AT,IM-->AT,IM-->AT,IM-->AT,IM-->AT,IM-->AT,IM-->AT,IM-->AT,IM-->AT,IM-->AT,IM-->AT,IM-->AT,IM-->AT,IM-->AT,IM-->AT,IM-->AT,IM-->AT,,,,,,,,,,,,,,,,,AT-->IM,AT-->IM,AT-->IM,AT-->IM,AT-->IM,AT-->IM,AT-->IM,AT-->IM,AT-->IM,AT-->IM,AT-->IM,AT-->IM,AT-->IM,AT-->IM,AT-->IM,AT-->IM,AT-->IM,AT-->IM,AT-->IM
IL,ISR,Israel,Jerusalem,Asia,Western Asia,,IL-->AT,IL-->AT,IL-->AT,IL-->AT,IL-->AT,IL-->AT,IL-->AT,IL-->AT,IL-->AT,IL-->AT,IL-->AT,IL-->AT,IL-->AT,IL-->AT,IL-->AT,IL-->AT,IL-->AT,IL-->AT,IL-->AT,,,,,,,,,,,,,,,,,AT-->IL,AT-->IL,AT-->IL,AT-->IL,AT-->IL,AT-->IL,AT-->IL,AT-->IL,AT-->IL,AT-->IL,AT-->IL,AT-->IL,AT-->IL,AT-->IL,AT-->IL,AT-->IL,AT-->IL,AT-->IL,AT-->IL
IT,ITA,Italy,Rome,Europe,Southern Europe,,IT-->AT,IT-->AT,IT-->AT,IT-->AT,IT-->AT,IT-->AT,IT-->AT,IT-->AT,IT-->AT,IT-->AT,IT-->AT,IT-->AT,IT-->AT,IT-->AT,IT-->AT,IT-->AT,IT-->AT,IT-->AT,IT-->AT,,,,,,,,,,,,,,,,,AT-->IT,AT-->IT,AT-->IT,AT-->IT,AT-->IT,AT-->IT,AT-->IT,AT-->IT,AT-->IT,AT-->IT,AT-->IT,AT-->IT,AT-->IT,AT-->IT,AT-->IT,AT-->IT,AT-->IT,AT-->IT,AT-->IT
JM,JAM,Jamaica,Kingston,Americas,Caribbean,,JM-->AT,JM-->AT,JM-->AT,JM-->AT,JM-->AT,JM-->AT,JM-->AT,JM-->AT,JM-->AT,JM-->AT,JM-->AT,JM-->AT,JM-->AT,JM-->AT,JM-->AT,JM-->AT,JM-->AT,JM-->AT,JM-->AT,,,,,,,,,,,,,,,,,AT-->JM,AT-->JM,AT-->JM,AT-->JM,AT-->JM,AT-->JM,AT-->JM,AT-->JM,AT-->JM,AT-->JM,AT-->JM,AT-->JM,AT-->JM,AT-->JM,AT-->JM,AT-->JM,AT-->JM,AT-->JM,AT-->JM
JP,JPN,Japan,Tokyo,Asia,Eastern Asia,,JP-->AT,JP-->AT,JP-->AT,JP-->AT,JP-->AT,JP-->AT,JP-->AT,JP-->AT,JP-->AT,JP-->AT,JP-->AT,JP-->AT,JP-->AT,JP-->AT,JP-->AT,JP-->AT,JP-->AT,JP-->AT,JP-->AT,,,,,,,,,,,,,,,,,AT-->JP,AT-->JP,AT-->JP,AT-->JP,AT-->JP,AT-->JP,AT-->JP,AT-->JP,AT-->JP,AT-->JP,AT-->JP,AT-->JP,AT-->JP,AT-->JP,AT-->JP,AT-->JP,AT-->JP,AT-->JP,AT-->JP
JE,JEY,Jersey,Saint Helier,Europe,Northern Europe,,JE-->AT,JE-->AT,JE-->AT,JE-->AT,JE-->AT,JE-->AT,JE-->AT,JE-->AT,JE-->AT,JE-->AT,JE-->AT,JE-->AT,JE-->AT,JE-->AT,JE-->AT,JE-->AT,JE-->AT,JE-->AT,JE-->AT,,,,,,,,,,,,,,,,,AT-->JE,AT-->JE,AT-->JE,AT-->JE,AT-->JE,AT-->JE,AT-->JE,AT-->JE,AT-->JE,AT-->JE,AT-->JE,AT-->JE,AT-->JE,AT-->JE,AT-->JE,AT-->JE,AT-->JE,AT-->JE,AT-->JE
JO,JOR,Jordan,Amman,Asia,Western Asia,,JO-->AT,JO-->AT,JO-->AT,JO-->AT,JO-->AT,JO-->AT,JO-->AT,JO-->AT,JO-->AT,JO-->AT,JO-->AT,JO-->AT,JO-->AT,JO-->AT,JO-->AT,JO-->AT,JO-->AT,JO-->AT,JO-->AT,,,,,,,,,,,,,,,,,AT-->JO,AT-->JO,AT-->JO,AT-->JO,AT-->JO,AT-->JO,AT-->JO,AT-->JO,AT-->JO,AT-->JO,AT-->JO,AT-->JO,AT-->JO,AT-->JO,AT-->JO,AT-->JO,AT-->JO,AT-->JO,AT-->JO
KZ,KAZ,Kazakhstan,Astana,Asia,Central Asia,,KZ-->AT,KZ-->AT,KZ-->AT,KZ-->AT,KZ-->AT,KZ-->AT,KZ-->AT,KZ-->AT,KZ-->AT,KZ-->AT,KZ-->AT,KZ-->AT,KZ-->AT,KZ-->AT,KZ-->AT,KZ-->AT,KZ-->AT,KZ-->AT,KZ-->AT,,,,,,,,,,,,,,,,,AT-->KZ,AT-->KZ,AT-->KZ,AT-->KZ,AT-->KZ,AT-->KZ,AT-->KZ,AT-->KZ,AT-->KZ,AT-->KZ,AT-->KZ,AT-->KZ,AT-->KZ,AT-->KZ,AT-->KZ,AT-->KZ,AT-->KZ,AT-->KZ,AT-->KZ
KE,KEN,Kenya,Nairobi,Africa,Eastern Africa,,KE-->AT,KE-->AT,KE-->AT,KE-->AT,KE-->AT,KE-->AT,KE-->AT,KE-->AT,KE-->AT,KE-->AT,KE-->AT,KE-->AT,KE-->AT,KE-->AT,KE-->AT,KE-->AT,KE-->AT,KE-->AT,KE-->AT,,,,,,,,,,,,,,,,,AT-->KE,AT-->KE,AT-->KE,AT-->KE,AT-->KE,AT-->KE,AT-->KE,AT-->KE,AT-->KE,AT-->KE,AT-->KE,AT-->KE,AT-->KE,AT-->KE,AT-->KE,AT-->KE,AT-->KE,AT-->KE,AT-->KE
KI,KIR,Kiribati,South Tarawa,Oceania,Micronesia,,KI-->AT,KI-->AT,KI-->AT,KI-->AT,KI-->AT,KI-->AT,KI-->AT,KI-->AT,KI-->AT,KI-->AT,KI-->AT,KI-->AT,KI-->AT,KI-->AT,KI-->AT,KI-->AT,KI-->AT,KI-->AT,KI-->AT,,,,,,,,,,,,,,,,,AT-->KI,AT-->KI,AT-->KI,AT-->KI,AT-->KI,AT-->KI,AT-->KI,AT-->KI,AT-->KI,AT-->KI,AT-->KI,AT-->KI,AT-->KI,AT-->KI,AT-->KI,AT-->KI,AT-->KI,AT-->KI,AT-->KI
KW,KWT,Kuwait,Kuwait City,Asia,Western Asia,,KW-->AT,KW-->AT,KW-->AT,KW-->AT,KW-->AT,KW-->AT,KW-->AT,KW-->AT,KW-->AT,KW-->AT,KW-->AT,KW-->AT,KW-->AT,KW-->AT,KW-->AT,KW-->AT,KW-->AT,KW-->AT,KW-->AT,,,,,,,,,,,,,,,,,AT-->KW,AT-->KW,AT-->KW,AT-->KW,AT-->KW,AT-->KW,AT-->KW,AT-->KW,AT-->KW,AT-->KW,AT-->KW,AT-->KW,AT-->KW,AT-->KW,AT-->KW,AT-->KW,AT-->KW,AT-->KW,AT-->KW
KG,KGZ,Kyrgyzstan,Bishkek,Asia,Central Asia,,KG-->AT,KG-->AT,KG-->AT,KG-->AT,KG-->AT,KG-->AT,KG-->AT,KG-->AT,KG-->AT,KG-->AT,KG-->AT,KG-->AT,KG-->AT,KG-->AT,KG-->AT,KG-->AT,KG-->AT,KG-->AT,KG-->AT,,,,,,,,,,,,,,,,,AT-->KG,AT-->KG,AT-->KG,AT-->KG,AT-->KG,AT-->KG,AT-->KG,AT-->KG,AT-->KG,AT-->KG,AT-->KG,AT-->KG,AT-->KG,AT-->KG,AT-->KG,AT-->KG,AT-->KG,AT-->KG,AT-->KG
LA,LAO,Laos,Vientiane,Asia,South-Eastern Asia,,LA-->AT,LA-->AT,LA-->AT,LA-->AT,LA-->AT,LA-->AT,LA-->AT,LA-->AT,LA-->AT,LA-->AT,LA-->AT,LA-->AT,LA-->AT,LA-->AT,LA-->AT,LA-->AT,LA-->AT,LA-->AT,LA-->AT,,,,,,,,,,,,,,,,,AT-->LA,AT-->LA,AT-->LA,AT-->LA,AT-->LA,AT-->LA,AT-->LA,AT-->LA,AT-->LA,AT-->LA,AT-->LA,AT-->LA,AT-->LA,AT-->LA,AT-->LA,AT-->LA,AT-->LA,AT-->LA,AT-->LA
LV,LVA,Latvia,Riga,Europe,Northern Europe,,LV-->AT,LV-->AT,LV-->AT,LV-->AT,LV-->AT,LV-->AT,LV-->AT,LV-->AT,LV-->AT,LV-->AT,LV-->AT,LV-->AT,LV-->AT,LV-->AT,LV-->AT,LV-->AT,LV-->AT,LV-->AT,LV-->AT,,,,,,,,,,,,,,,,,AT-->LV,AT-->LV,AT-->LV,AT-->LV,AT-->LV,AT-->LV,AT-->LV,AT-->LV,AT-->LV,AT-->LV,AT-->LV,AT-->LV,AT-->LV,AT-->LV,AT-->LV,AT-->LV,AT-->LV,AT-->LV,AT-->LV
LB,LBN,Lebanon,Beirut,Asia,Western Asia,,LB-->AT,LB-->AT,LB-->AT,LB-->AT,LB-->AT,LB-->AT,LB-->AT,LB-->AT,LB-->AT,LB-->AT,LB-->AT,LB-->AT,LB-->AT,LB-->AT,LB-->AT,LB-->AT,LB-->AT,LB-->AT,LB-->AT,,,,,,,,,,,,,,,,,AT-->LB,AT-->LB,AT-->LB,AT-->LB,AT-->LB,AT-->LB,AT-->LB,AT-->LB,AT-->LB,AT-->LB,AT-->LB,AT-->LB,AT-->LB,AT-->LB,AT-->LB,AT-->LB,AT-->LB,AT-->LB,AT-->LB
LS,LSO,Lesotho,Maseru,Africa,Southern Africa,,LS-->AT,LS-->AT,LS-->AT,LS-->AT,LS-->AT,LS-->AT,LS-->AT,LS-->AT,LS-->AT,LS-->AT,LS-->AT,LS-->AT,LS-->AT,LS-->AT,LS-->AT,LS-->AT,LS-->AT,LS-->AT,LS-->AT,,,,,,,,,,,,,,,,,AT-->LS,AT-->LS,AT-->LS,AT-->LS,AT-->LS,AT-->LS,AT-->LS,AT-->LS,AT-->LS,AT-->LS,AT-->LS,AT-->LS,AT-->LS,AT-->LS,AT-->LS,AT-->LS,AT-->LS,AT-->LS,AT-->LS
LR,LBR,Liberia,Monrovia,Africa,Western Africa,,LR-->AT,LR-->AT,LR-->AT,LR-->AT,LR-->AT,LR-->AT,LR-->AT,LR-->AT,LR-->AT,LR-->AT,LR-->AT,LR-->AT,LR-->AT,LR-->AT,LR-->AT,LR-->AT,LR-->AT,LR-->AT,LR-->AT,,,,,,,,,,,,,,,,,AT-->LR,AT-->LR,AT-->LR,AT-->LR,AT-->LR,AT-->LR,AT-->LR,AT-->LR,AT-->LR,AT-->LR,AT-->LR,AT-->LR,AT-->LR,AT-->LR,AT-->LR,AT-->LR,AT-->LR,AT-->LR,AT-->LR
LY,LBY,Libya,Tripoli,Africa,Northern Africa,,LY-->AT,LY-->AT,LY-->AT,LY-->AT,LY-->AT,LY-->AT,LY-->AT,LY-->AT,LY-->AT,LY-->AT,LY-->AT,LY-->AT,LY-->AT,LY-->AT,LY-->AT,LY-->AT,LY-->AT,LY-->AT,LY-->AT,,,,,,,,,,,,,,,,,AT-->LY,AT-->LY,AT-->LY,AT-->LY,AT-->LY,AT-->LY,AT-->LY,AT-->LY,AT-->LY,AT-->LY,AT-->LY,AT-->LY,AT-->LY,AT-->LY,AT-->LY,AT-->LY,AT-->LY,AT-->LY,AT-->LY
LI,LIE,Liechtenstein,Vaduz,Europe,Western Europe,,LI-->AT,LI-->AT,LI-->AT,LI-->AT,LI-->AT,LI-->AT,LI-->AT,LI-->AT,LI-->AT,LI-->AT,LI-->AT,LI-->AT,LI-->AT,LI-->AT,LI-->AT,LI-->AT,LI-->AT,LI-->AT,LI-->AT,,,,,,,,,,,,,,,,,AT-->LI,AT-->LI,AT-->LI,AT-->LI,AT-->LI,AT-->LI,AT-->LI,AT-->LI,AT-->LI,AT-->LI,AT-->LI,AT-->LI,AT-->LI,AT-->LI,AT-->LI,AT-->LI,AT-->LI,AT-->LI,AT-->LI
LT,LTU,Lithuania,Vilnius,Europe,Northern Europe,,LT-->AT,LT-->AT,LT-->AT,LT-->AT,LT-->AT,LT-->AT,LT-->AT,LT-->AT,LT-->AT,LT-->AT,LT-->AT,LT-->AT,LT-->AT,LT-->AT,LT-->AT,LT-->AT,LT-->AT,LT-->AT,LT-->AT,,,,,,,,,,,,,,,,,AT-->LT,AT-->LT,AT-->LT,AT-->LT,AT-->LT,AT-->LT,AT-->LT,AT-->LT,AT-->LT,AT-->LT,AT-->LT,AT-->LT,AT-->LT,AT-->LT,AT-->LT,AT-->LT,AT-->LT,AT-->LT,AT-->LT
LU,LUX,Luxembourg,Luxembourg,Europe,Western Europe,,LU-->AT,LU-->AT,LU-->AT,LU-->AT,LU-->AT,LU-->AT,LU-->AT,LU-->AT,LU-->AT,LU-->AT,LU-->AT,LU-->AT,LU-->AT,LU-->AT,LU-->AT,LU-->AT,LU-->AT,LU-->AT,LU-->AT,,,,,,,,,,,,,,,,,AT-->LU,AT-->LU,AT-->LU,AT-->LU,AT-->LU,AT-->LU,AT-->LU,AT-->LU,AT-->LU,AT-->LU,AT-->LU,AT-->LU,AT-->LU,AT-->LU,AT-->LU,AT-->LU,AT-->LU,AT-->LU,AT-->LU
MO,MAC,Macau,,Asia,Eastern Asia,,MO-->AT,MO-->AT,MO-->AT,MO-->AT,MO-->AT,MO-->AT,MO-->AT,MO-->AT,MO-->AT,MO-->AT,MO-->AT,MO-->AT,MO-->AT,MO-->AT,MO-->AT,MO-->AT,MO-->AT,MO-->AT,MO-->AT,,,,,,,,,,,,,,,,,AT-->MO,AT-->MO,AT-->MO,AT-->MO,AT-->MO,AT-->MO,AT-->MO,AT-->MO,AT-->MO,AT-->MO,AT-->MO,AT-->MO,AT-->MO,AT-->MO,AT-->MO,AT-->MO,AT-->MO,AT-->MO,AT-->MO
MK,MKD,Republic of Macedonia,Skopje,Europe,Southern Europe,,MK-->AT,MK-->AT,MK-->AT,MK-->AT,MK-->AT,MK-->AT,MK-->AT,MK-->AT,MK-->AT,MK-->AT,MK-->AT,MK-->AT,MK-->AT,MK-->AT,MK-->AT,MK-->AT,MK-->AT,MK-->AT,MK-->AT,,,,,,,,,,,,,,,,,AT-->MK,AT-->MK,AT-->MK,AT-->MK,AT-->MK,AT-->MK,AT-->MK,AT-->MK,AT-->MK,AT-->MK,AT-->MK,AT-->MK,AT-->MK,AT-->MK,AT-->MK,AT-->MK,AT-->MK,AT-->MK,AT-->MK
MG,MDG,Madagascar,Antananarivo,Africa,Eastern Africa,,MG-->AT,MG-->AT,MG-->AT,MG-->AT,MG-->AT,MG-->AT,MG-->AT,MG-->AT,MG-->AT,MG-->AT,MG-->AT,MG-->AT,MG-->AT,MG-->AT,MG-->AT,MG-->AT,MG-->AT,MG-->AT,MG-->AT,,,,,,,,,,,,,,,,,AT-->MG,AT-->MG,AT-->MG,AT-->MG,AT-->MG,AT-->MG,AT-->MG,AT-->MG,AT-->MG,AT-->MG,AT-->MG,AT-->MG,AT-->MG,AT-->MG,AT-->MG,AT-->MG,AT-->MG,AT-->MG,AT-->MG
MW,MWI,Malawi,Lilongwe,Africa,Eastern Africa,,MW-->AT,MW-->AT,MW-->AT,MW-->AT,MW-->AT,MW-->AT,MW-->AT,MW-->AT,MW-->AT,MW-->AT,MW-->AT,MW-->AT,MW-->AT,MW-->AT,MW-->AT,MW-->AT,MW-->AT,MW-->AT,MW-->AT,,,,,,,,,,,,,,,,,AT-->MW,AT-->MW,AT-->MW,AT-->MW,AT-->MW,AT-->MW,AT-->MW,AT-->MW,AT-->MW,AT-->MW,AT-->MW,AT-->MW,AT-->MW,AT-->MW,AT-->MW,AT-->MW,AT-->MW,AT-->MW,AT-->MW
MY,MYS,Malaysia,Kuala Lumpur,Asia,South-Eastern Asia,,MY-->AT,MY-->AT,MY-->AT,MY-->AT,MY-->AT,MY-->AT,MY-->AT,MY-->AT,MY-->AT,MY-->AT,MY-->AT,MY-->AT,MY-->AT,MY-->AT,MY-->AT,MY-->AT,MY-->AT,MY-->AT,MY-->AT,,,,,,,,,,,,,,,,,AT-->MY,AT-->MY,AT-->MY,AT-->MY,AT-->MY,AT-->MY,AT-->MY,AT-->MY,AT-->MY,AT-->MY,AT-->MY,AT-->MY,AT-->MY,AT-->MY,AT-->MY,AT-->MY,AT-->MY,AT-->MY,AT-->MY
MV,MDV,Maldives,Malé,Asia,Southern Asia,,MV-->AT,MV-->AT,MV-->AT,MV-->AT,MV-->AT,MV-->AT,MV-->AT,MV-->AT,MV-->AT,MV-->AT,MV-->AT,MV-->AT,MV-->AT,MV-->AT,MV-->AT,MV-->AT,MV-->AT,MV-->AT,MV-->AT,,,,,,,,,,,,,,,,,AT-->MV,AT-->MV,AT-->MV,AT-->MV,AT-->MV,AT-->MV,AT-->MV,AT-->MV,AT-->MV,AT-->MV,AT-->MV,AT-->MV,AT-->MV,AT-->MV,AT-->MV,AT-->MV,AT-->MV,AT-->MV,AT-->MV
ML,MLI,Mali,Bamako,Africa,Western Africa,,ML-->AT,ML-->AT,ML-->AT,ML-->AT,ML-->AT,ML-->AT,ML-->AT,ML-->AT,ML-->AT,ML-->AT,ML-->AT,ML-->AT,ML-->AT,ML-->AT,ML-->AT,ML-->AT,ML-->AT,ML-->AT,ML-->AT,,,,,,,,,,,,,,,,,AT-->ML,AT-->ML,AT-->ML,AT-->ML,AT-->ML,AT-->ML,AT-->ML,AT-->ML,AT-->ML,AT-->ML,AT-->ML,AT-->ML,AT-->ML,AT-->ML,AT-->ML,AT-->ML,AT-->ML,AT-->ML,AT-->ML
MT,MLT,Malta,Valletta,Europe,Southern Europe,,MT-->AT,MT-->AT,MT-->AT,MT-->AT,MT-->AT,MT-->AT,MT-->AT,MT-->AT,MT-->AT,MT-->AT,MT-->AT,MT-->AT,MT-->AT,MT-->AT,MT-->AT,MT-->AT,MT-->AT,MT-->AT,MT-->AT,,,,,,,,,,,,,,,,,AT-->MT,AT-->MT,AT-->MT,AT-->MT,AT-->MT,AT-->MT,AT-->MT,AT-->MT,AT-->MT,AT-->MT,AT-->MT,AT-->MT,AT-->MT,AT-->MT,AT-->MT,AT-->MT,AT-->MT,AT-->MT,AT-->MT
MH,MHL,Marshall Islands,Majuro,Oceania,Micronesia,,MH-->AT,MH-->AT,MH-->AT,MH-->AT,MH-->AT,MH-->AT,MH-->AT,MH-->AT,MH-->AT,MH-->AT,MH-->AT,MH-->AT,MH-->AT,MH-->AT,MH-->AT,MH-->AT,MH-->AT,MH-->AT,MH-->AT,,,,,,,,,,,,,,,,,AT-->MH,AT-->MH,AT-->MH,AT-->MH,AT-->MH,AT-->MH,AT-->MH,AT-->MH,AT-->MH,AT-->MH,AT-->MH,AT-->MH,AT-->MH,AT-->MH,AT-->MH,AT-->MH,AT-->MH,AT-->MH,AT-->MH
MQ,MTQ,Martinique,Fort-de-France,Americas,Caribbean,,MQ-->AT,MQ-->AT,MQ-->AT,MQ-->AT,MQ-->AT,MQ-->AT,MQ-->AT,MQ-->AT,MQ-->AT,MQ-->AT,MQ-->AT,MQ-->AT,MQ-->AT,MQ-->AT,MQ-->AT,MQ-->AT,MQ-->AT,MQ-->AT,MQ-->AT,,,,,,,,,,,,,,,,,AT-->MQ,AT-->MQ,AT-->MQ,AT-->MQ,AT-->MQ,AT-->MQ,AT-->MQ,AT-->MQ,AT-->MQ,AT-->MQ,AT-->MQ,AT-->MQ,AT-->MQ,AT-->MQ,AT-->MQ,AT-->MQ,AT-->MQ,AT-->MQ,AT-->MQ
MR,MRT,Mauritania,Nouakchott,Africa,Western Africa,,MR-->AT,MR-->AT,MR-->AT,MR-->AT,MR-->AT,MR-->AT,MR-->AT,MR-->AT,MR-->AT,MR-->AT,MR-->AT,MR-->AT,MR-->AT,MR-->AT,MR-->AT,MR-->AT,MR-->AT,MR-->AT,MR-->AT,0.0,,,,,,,,,,,,,,,,AT-->MR,AT-->MR,AT-->MR,AT-->MR,AT-->MR,AT-->MR,AT-->MR,AT-->MR,AT-->MR,AT-->MR,AT-->MR,AT-->MR,AT-->MR,AT-->MR,AT-->MR,AT-->MR,AT-->MR,AT-->MR,AT-->MR
MU,MUS,Mauritius,Port Louis,Africa,Eastern Africa,,MU-->AT,MU-->AT,MU-->AT,MU-->AT,MU-->AT,MU-->AT,MU-->AT,MU-->AT,MU-->AT,MU-->AT,MU-->AT,MU-->AT,MU-->AT,MU-->AT,MU-->AT,MU-->AT,MU-->AT,MU-->AT,MU-->AT,,,,,,,,,,,,,,,,,AT-->MU,AT-->MU,AT-->MU,AT-->MU,AT-->MU,AT-->MU,AT-->MU,AT-->MU,AT-->MU,AT-->MU,AT-->MU,AT-->MU,AT-->MU,AT-->MU,AT-->MU,AT-->MU,AT-->MU,AT-->MU,AT-->MU
YT,MYT,Mayotte,Mamoudzou,Africa,Eastern Africa,,YT-->AT,YT-->AT,YT-->AT,YT-->AT,YT-->AT,YT-->AT,YT-->AT,YT-->AT,YT-->AT,YT-->AT,YT-->AT,YT-->AT,YT-->AT,YT-->AT,YT-->AT,YT-->AT,YT-->AT,YT-->AT,YT-->AT,,,,,,,,,,,,,,,,,AT-->YT,AT-->YT,AT-->YT,AT-->YT,AT-->YT,AT-->YT,AT-->YT,AT-->YT,AT-->YT,AT-->YT,AT-->YT,AT-->YT,AT-->YT,AT-->YT,AT-->YT,AT-->YT,AT-->YT,AT-->YT,AT-->YT
MX,MEX,Mexico,Mexico City,Americas,Central America,,MX-->AT,MX-->AT,MX-->AT,MX-->AT,MX-->AT,MX-->AT,MX-->AT,MX-->AT,MX-->AT,MX-->AT,MX-->AT,MX-->AT,MX-->AT,MX-->AT,MX-->AT,MX-->AT,MX-->AT,MX-->AT,MX-->AT,,,,,,,,,,,,,,,,,AT-->MX,AT-->MX,AT-->MX,AT-->MX,AT-->MX,AT-->MX,AT-->MX,AT-->MX,AT-->MX,AT-->MX,AT-->MX,AT-->MX,AT-->MX,AT-->MX,AT-->MX,AT-->MX,AT-->MX,AT-->MX,AT-->MX
FM,FSM,Federated States of Micronesia,Palikir,Oceania,Micronesia,,FM-->AT,FM-->AT,FM-->AT,FM-->AT,FM-->AT,FM-->AT,FM-->AT,FM-->AT,FM-->AT,FM-->AT,FM-->AT,FM-->AT,FM-->AT,FM-->AT,FM-->AT,FM-->AT,FM-->AT,FM-->AT,FM-->AT,,,,,,,,,,,,,,,,,AT-->FM,AT-->FM,AT-->FM,AT-->FM,AT-->FM,AT-->FM,AT-->FM,AT-->FM,AT-->FM,AT-->FM,AT-->FM,AT-->FM,AT-->FM,AT-->FM,AT-->FM,AT-->FM,AT-->FM,AT-->FM,AT-->FM
MD,MDA,Moldova,Chișinău,Europe,Eastern Europe,,MD-->AT,MD-->AT,MD-->AT,MD-->AT,MD-->AT,MD-->AT,MD-->AT,MD-->AT,MD-->AT,MD-->AT,MD-->AT,MD-->AT,MD-->AT,MD-->AT,MD-->AT,MD-->AT,MD-->AT,MD-->AT,MD-->AT,,,,,,,,,,,,,,,,,AT-->MD,AT-->MD,AT-->MD,AT-->MD,AT-->MD,AT-->MD,AT-->MD,AT-->MD,AT-->MD,AT-->MD,AT-->MD,AT-->MD,AT-->MD,AT-->MD,AT-->MD,AT-->MD,AT-->MD,AT-->MD,AT-->MD
MC,MCO,Monaco,Monaco,Europe,Western Europe,,MC-->AT,MC-->AT,MC-->AT,MC-->AT,MC-->AT,MC-->AT,MC-->AT,MC-->AT,MC-->AT,MC-->AT,MC-->AT,MC-->AT,MC-->AT,MC-->AT,MC-->AT,MC-->AT,MC-->AT,MC-->AT,MC-->AT,,,,,,,,,,,,,,,,,AT-->MC,AT-->MC,AT-->MC,AT-->MC,AT-->MC,AT-->MC,AT-->MC,AT-->MC,AT-->MC,AT-->MC,AT-->MC,AT-->MC,AT-->MC,AT-->MC,AT-->MC,AT-->MC,AT-->MC,AT-->MC,AT-->MC
MN,MNG,Mongolia,Ulan Bator,Asia,Eastern Asia,,MN-->AT,MN-->AT,MN-->AT,MN-->AT,MN-->AT,MN-->AT,MN-->AT,MN-->AT,MN-->AT,MN-->AT,MN-->AT,MN-->AT,MN-->AT,MN-->AT,MN-->AT,MN-->AT,MN-->AT,MN-->AT,MN-->AT,,,,,,,,,,,,,,,,,AT-->MN,AT-->MN,AT-->MN,AT-->MN,AT-->MN,AT-->MN,AT-->MN,AT-->MN,AT-->MN,AT-->MN,AT-->MN,AT-->MN,AT-->MN,AT-->MN,AT-->MN,AT-->MN,AT-->MN,AT-->MN,AT-->MN
ME,MNE,Montenegro,Podgorica,Europe,Southern Europe,,ME-->AT,ME-->AT,ME-->AT,ME-->AT,ME-->AT,ME-->AT,ME-->AT,ME-->AT,ME-->AT,ME-->AT,ME-->AT,ME-->AT,ME-->AT,ME-->AT,ME-->AT,ME-->AT,ME-->AT,ME-->AT,ME-->AT,,,,,,,,,,,,,,,,,AT-->ME,AT-->ME,AT-->ME,AT-->ME,AT-->ME,AT-->ME,AT-->ME,AT-->ME,AT-->ME,AT-->ME,AT-->ME,AT-->ME,AT-->ME,AT-->ME,AT-->ME,AT-->ME,AT-->ME,AT-->ME,AT-->ME
MS,MSR,Montserrat,Plymouth,Americas,Caribbean,,MS-->AT,MS-->AT,MS-->AT,MS-->AT,MS-->AT,MS-->AT,MS-->AT,MS-->AT,MS-->AT,MS-->AT,MS-->AT,MS-->AT,MS-->AT,MS-->AT,MS-->AT,MS-->AT,MS-->AT,MS-->AT,MS-->AT,,,,,,,,,,,,,,,,,AT-->MS,AT-->MS,AT-->MS,AT-->MS,AT-->MS,AT-->MS,AT-->MS,AT-->MS,AT-->MS,AT-->MS,AT-->MS,AT-->MS,AT-->MS,AT-->MS,AT-->MS,AT-->MS,AT-->MS,AT-->MS,AT-->MS
MA,MAR,Morocco,Rabat,Africa,Northern Africa,,MA-->AT,MA-->AT,MA-->AT,MA-->AT,MA-->AT,MA-->AT,MA-->AT,MA-->AT,MA-->AT,MA-->AT,MA-->AT,MA-->AT,MA-->AT,MA-->AT,MA-->AT,MA-->AT,MA-->AT,MA-->AT,MA-->AT,,,,,,,,,,,,,,,,,AT-->MA,AT-->MA,AT-->MA,AT-->MA,AT-->MA,AT-->MA,AT-->MA,AT-->MA,AT-->MA,AT-->MA,AT-->MA,AT-->MA,AT-->MA,AT-->MA,AT-->MA,AT-->MA,AT-->MA,AT-->MA,AT-->MA
MZ,MOZ,Mozambique,Maputo,Africa,Eastern Africa,,MZ-->AT,MZ-->AT,MZ-->AT,MZ-->AT,MZ-->AT,MZ-->AT,MZ-->AT,MZ-->AT,MZ-->AT,MZ-->AT,MZ-->AT,MZ-->AT,MZ-->AT,MZ-->AT,MZ-->AT,MZ-->AT,MZ-->AT,MZ-->AT,MZ-->AT,,,,,,,,,,,,,,,,,AT-->MZ,AT-->MZ,AT-->MZ,AT-->MZ,AT-->MZ,AT-->MZ,AT-->MZ,AT-->MZ,AT-->MZ,AT-->MZ,AT-->MZ,AT-->MZ,AT-->MZ,AT-->MZ,AT-->MZ,AT-->MZ,AT-->MZ,AT-->MZ,AT-->MZ
MM,MMR,Myanmar,Naypyidaw,Asia,South-Eastern Asia,,MM-->AT,MM-->AT,MM-->AT,MM-->AT,MM-->AT,MM-->AT,MM-->AT,MM-->AT,MM-->AT,MM-->AT,MM-->AT,MM-->AT,MM-->AT,MM-->AT,MM-->AT,MM-->AT,MM-->AT,MM-->AT,MM-->AT,,,,,,,,,,,,,,,,,AT-->MM,AT-->MM,AT-->MM,AT-->MM,AT-->MM,AT-->MM,AT-->MM,AT-->MM,AT-->MM,AT-->MM,AT-->MM,AT-->MM,AT-->MM,AT-->MM,AT-->MM,AT-->MM,AT-->MM,AT-->MM,AT-->MM
,NAM,Namibia,Windhoek,Africa,Southern Africa,,NA-->AT,NA-->AT,NA-->AT,NA-->AT,NA-->AT,NA-->AT,NA-->AT,NA-->AT,NA-->AT,NA-->AT,NA-->AT,NA-->AT,NA-->AT,NA-->AT,NA-->AT,NA-->AT,NA-->AT,NA-->AT,NA-->AT,,,,,,,,,,,,,,,,,AT-->NA,AT-->NA,AT-->NA,AT-->NA,AT-->NA,AT-->NA,AT-->NA,AT-->NA,AT-->NA,AT-->NA,AT-->NA,AT-->NA,AT-->NA,AT-->NA,AT-->NA,AT-->NA,AT-->NA,AT-->NA,AT-->NA
NR,NRU,Nauru,Yaren,Oceania,Micronesia,,NR-->AT,NR-->AT,NR-->AT,NR-->AT,NR-->AT,NR-->AT,NR-->AT,NR-->AT,NR-->AT,NR-->AT,NR-->AT,NR-->AT,NR-->AT,NR-->AT,NR-->AT,NR-->AT,NR-->AT,NR-->AT,NR-->AT,,,,,,,,,,,,,,,,,AT-->NR,AT-->NR,AT-->NR,AT-->NR,AT-->NR,AT-->NR,AT-->NR,AT-->NR,AT-->NR,AT-->NR,AT-->NR,AT-->NR,AT-->NR,AT-->NR,AT-->NR,AT-->NR,AT-->NR,AT-->NR,AT-->NR
NP,NPL,Nepal,Kathmandu,Asia,Southern Asia,,NP-->AT,NP-->AT,NP-->AT,NP-->AT,NP-->AT,NP-->AT,NP-->AT,NP-->AT,NP-->AT,NP-->AT,NP-->AT,NP-->AT,NP-->AT,NP-->AT,NP-->AT,NP-->AT,NP-->AT,NP-->AT,NP-->AT,,,,,,,,,,,,,,,,,AT-->NP,AT-->NP,AT-->NP,AT-->NP,AT-->NP,AT-->NP,AT-->NP,AT-->NP,AT-->NP,AT-->NP,AT-->NP,AT-->NP,AT-->NP,AT-->NP,AT-->NP,AT-->NP,AT-->NP,AT-->NP,AT-->NP
NL,NLD,Netherlands,Amsterdam,Europe,Western Europe,,NL-->AT,NL-->AT,NL-->AT,NL-->AT,NL-->AT,NL-->AT,NL-->AT,NL-->AT,NL-->AT,NL-->AT,NL-->AT,NL-->AT,NL-->AT,NL-->AT,NL-->AT,NL-->AT,NL-->AT,NL-->AT,NL-->AT,,,,,,,,,,,,,,,,,AT-->NL,AT-->NL,AT-->NL,AT-->NL,AT-->NL,AT-->NL,AT-->NL,AT-->NL,AT-->NL,AT-->NL,AT-->NL,AT-->NL,AT-->NL,AT-->NL,AT-->NL,AT-->NL,AT-->NL,AT-->NL,AT-->NL
NC,NCL,New Caledonia,Nouméa,Oceania,Melanesia,,NC-->AT,NC-->AT,NC-->AT,NC-->AT,NC-->AT,NC-->AT,NC-->AT,NC-->AT,NC-->AT,NC-->AT,NC-->AT,NC-->AT,NC-->AT,NC-->AT,NC-->AT,NC-->AT,NC-->AT,NC-->AT,NC-->AT,,,,,,,,,,,,,,,,,AT-->NC,AT-->NC,AT-->NC,AT-->NC,AT-->NC,AT-->NC,AT-->NC,AT-->NC,AT-->NC,AT-->NC,AT-->NC,AT-->NC,AT-->NC,AT-->NC,AT-->NC,AT-->NC,AT-->NC,AT-->NC,AT-->NC
NZ,NZL,New Zealand,Wellington,Oceania,Australia and New Zealand,,NZ-->AT,NZ-->AT,NZ-->AT,NZ-->AT,NZ-->AT,NZ-->AT,NZ-->AT,NZ-->AT,NZ-->AT,NZ-->AT,NZ-->AT,NZ-->AT,NZ-->AT,NZ-->AT,NZ-->AT,NZ-->AT,NZ-->AT,NZ-->AT,NZ-->AT,,,,,,,,,,,,,,,,,AT-->NZ,AT-->NZ,AT-->NZ,AT-->NZ,AT-->NZ,AT-->NZ,AT-->NZ,AT-->NZ,AT-->NZ,AT-->NZ,AT-->NZ,AT-->NZ,AT-->NZ,AT-->NZ,AT-->NZ,AT-->NZ,AT-->NZ,AT-->NZ,AT-->NZ
NI,NIC,Nicaragua,Managua,Americas,Central America,,NI-->AT,NI-->AT,NI-->AT,NI-->AT,NI-->AT,NI-->AT,NI-->AT,NI-->AT,NI-->AT,NI-->AT,NI-->AT,NI-->AT,NI-->AT,NI-->AT,NI-->AT,NI-->AT,NI-->AT,NI-->AT,NI-->AT,,,,,,,,,,,,,,,,,AT-->NI,AT-->NI,AT-->NI,AT-->NI,AT-->NI,AT-->NI,AT-->NI,AT-->NI,AT-->NI,AT-->NI,AT-->NI,AT-->NI,AT-->NI,AT-->NI,AT-->NI,AT-->NI,AT-->NI,AT-->NI,AT-->NI
NE,NER,Niger,Niamey,Africa,Western Africa,,NE-->AT,NE-->AT,NE-->AT,NE-->AT,NE-->AT,NE-->AT,NE-->AT,NE-->AT,NE-->AT,NE-->AT,NE-->AT,NE-->AT,NE-->AT,NE-->AT,NE-->AT,NE-->AT,NE-->AT,NE-->AT,NE-->AT,,,,,,,,,,,,,,,,,AT-->NE,AT-->NE,AT-->NE,AT-->NE,AT-->NE,AT-->NE,AT-->NE,AT-->NE,AT-->NE,AT-->NE,AT-->NE,AT-->NE,AT-->NE,AT-->NE,AT-->NE,AT-->NE,AT-->NE,AT-->NE,AT-->NE
NG,NGA,Nigeria,Abuja,Africa,Western Africa,,NG-->AT,NG-->AT,NG-->AT,NG-->AT,NG-->AT,NG-->AT,NG-->AT,NG-->AT,NG-->AT,NG-->AT,NG-->AT,NG-->AT,NG-->AT,NG-->AT,NG-->AT,NG-->AT,NG-->AT,NG-->AT,NG-->AT,,,,,,,,,,,,,,,,,AT-->NG,AT-->NG,AT-->NG,AT-->NG,AT-->NG,AT-->NG,AT-->NG,AT-->NG,AT-->NG,AT-->NG,AT-->NG,AT-->NG,AT-->NG,AT-->NG,AT-->NG,AT-->NG,AT-->NG,AT-->NG,AT-->NG
NU,NIU,Niue,Alofi,Oceania,Polynesia,,NU-->AT,NU-->AT,NU-->AT,NU-->AT,NU-->AT,NU-->AT,NU-->AT,NU-->AT,NU-->AT,NU-->AT,NU-->AT,NU-->AT,NU-->AT,NU-->AT,NU-->AT,NU-->AT,NU-->AT,NU-->AT,NU-->AT,,,,,,,,,,,,,,,,,AT-->NU,AT-->NU,AT-->NU,AT-->NU,AT-->NU,AT-->NU,AT-->NU,AT-->NU,AT-->NU,AT-->NU,AT-->NU,AT-->NU,AT-->NU,AT-->NU,AT-->NU,AT-->NU,AT-->NU,AT-->NU,AT-->NU
NF,NFK,Norfolk Island,Kingston,Oceania,Australia and New Zealand,,NF-->AT,NF-->AT,NF-->AT,NF-->AT,NF-->AT,NF-->AT,NF-->AT,NF-->AT,NF-->AT,NF-->AT,NF-->AT,NF-->AT,NF-->AT,NF-->AT,NF-->AT,NF-->AT,NF-->AT,NF-->AT,NF-->AT,,,,,,,,,,,,,,,,,AT-->NF,AT-->NF,AT-->NF,AT-->NF,AT-->NF,AT-->NF,AT-->NF,AT-->NF,AT-->NF,AT-->NF,AT-->NF,AT-->NF,AT-->NF,AT-->NF,AT-->NF,AT-->NF,AT-->NF,AT-->NF,AT-->NF
KP,PRK,North Korea,Pyongyang,Asia,Eastern Asia,,KP-->AT,KP-->AT,KP-->AT,KP-->AT,KP-->AT,KP-->AT,KP-->AT,KP-->AT,KP-->AT,KP-->AT,KP-->AT,KP-->AT,KP-->AT,KP-->AT,KP-->AT,KP-->AT,KP-->AT,KP-->AT,KP-->AT,,,,,,,,,,,,,,,,,AT-->KP,AT-->KP,AT-->KP,AT-->KP,AT-->KP,AT-->KP,AT-->KP,AT-->KP,AT-->KP,AT-->KP,AT-->KP,AT-->KP,AT-->KP,AT-->KP,AT-->KP,AT-->KP,AT-->KP,AT-->KP,AT-->KP
MP,MNP,Northern Mariana Islands,Saipan,Oceania,Micronesia,,MP-->AT,MP-->AT,MP-->AT,MP-->AT,MP-->AT,MP-->AT,MP-->AT,MP-->AT,MP-->AT,MP-->AT,MP-->AT,MP-->AT,MP-->AT,MP-->AT,MP-->AT,MP-->AT,MP-->AT,MP-->AT,MP-->AT,,,,,,,,,,,,,,,,,AT-->MP,AT-->MP,AT-->MP,AT-->MP,AT-->MP,AT-->MP,AT-->MP,AT-->MP,AT-->MP,AT-->MP,AT-->MP,AT-->MP,AT-->MP,AT-->MP,AT-->MP,AT-->MP,AT-->MP,AT-->MP,AT-->MP
NO,NOR,Norway,Oslo,Europe,Northern Europe,,NO-->AT,NO-->AT,NO-->AT,NO-->AT,NO-->AT,NO-->AT,NO-->AT,NO-->AT,NO-->AT,NO-->AT,NO-->AT,NO-->AT,NO-->AT,NO-->AT,NO-->AT,NO-->AT,NO-->AT,NO-->AT,NO-->AT,,,,,,,,,,,,,,,,,AT-->NO,AT-->NO,AT-->NO,AT-->NO,AT-->NO,AT-->NO,AT-->NO,AT-->NO,AT-->NO,AT-->NO,AT-->NO,AT-->NO,AT-->NO,AT-->NO,AT-->NO,AT-->NO,AT-->NO,AT-->NO,AT-->NO
OM,OMN,Oman,Muscat,Asia,Western Asia,,OM-->AT,OM-->AT,OM-->AT,OM-->AT,OM-->AT,OM-->AT,OM-->AT,OM-->AT,OM-->AT,OM-->AT,OM-->AT,OM-->AT,OM-->AT,OM-->AT,OM-->AT,OM-->AT,OM-->AT,OM-->AT,OM-->AT,,,,,,,,,,,,,,,,,AT-->OM,AT-->OM,AT-->OM,AT-->OM,AT-->OM,AT-->OM,AT-->OM,AT-->OM,AT-->OM,AT-->OM,AT-->OM,AT-->OM,AT-->OM,AT-->OM,AT-->OM,AT-->OM,AT-->OM,AT-->OM,AT-->OM
PK,PAK,Pakistan,Islamabad,Asia,Southern Asia,,PK-->AT,PK-->AT,PK-->AT,PK-->AT,PK-->AT,PK-->AT,PK-->AT,PK-->AT,PK-->AT,PK-->AT,PK-->AT,PK-->AT,PK-->AT,PK-->AT,PK-->AT,PK-->AT,PK-->AT,PK-->AT,PK-->AT,,,,,,,,,,,,,,,,,AT-->PK,AT-->PK,AT-->PK,AT-->PK,AT-->PK,AT-->PK,AT-->PK,AT-->PK,AT-->PK,AT-->PK,AT-->PK,AT-->PK,AT-->PK,AT-->PK,AT-->PK,AT-->PK,AT-->PK,AT-->PK,AT-->PK
PW,PLW,Palau,Ngerulmud,Oceania,Micronesia,,PW-->AT,PW-->AT,PW-->AT,PW-->AT,PW-->AT,PW-->AT,PW-->AT,PW-->AT,PW-->AT,PW-->AT,PW-->AT,PW-->AT,PW-->AT,PW-->AT,PW-->AT,PW-->AT,PW-->AT,PW-->AT,PW-->AT,,,,,,,,,,,,,,,,,AT-->PW,AT-->PW,AT-->PW,AT-->PW,AT-->PW,AT-->PW,AT-->PW,AT-->PW,AT-->PW,AT-->PW,AT-->PW,AT-->PW,AT-->PW,AT-->PW,AT-->PW,AT-->PW,AT-->PW,AT-->PW,AT-->PW
PS,PSE,Palestine,Ramallah,Asia,Western Asia,,PS-->AT,PS-->AT,PS-->AT,PS-->AT,PS-->AT,PS-->AT,PS-->AT,PS-->AT,PS-->AT,PS-->AT,PS-->AT,PS-->AT,PS-->AT,PS-->AT,PS-->AT,PS-->AT,PS-->AT,PS-->AT,PS-->AT,,,,,,,,,,,,,,,,,AT-->PS,AT-->PS,AT-->PS,AT-->PS,AT-->PS,AT-->PS,AT-->PS,AT-->PS,AT-->PS,AT-->PS,AT-->PS,AT-->PS,AT-->PS,AT-->PS,AT-->PS,AT-->PS,AT-->PS,AT-->PS,AT-->PS
PA,PAN,Panama,Panama City,Americas,Central America,,PA-->AT,PA-->AT,PA-->AT,PA-->AT,PA-->AT,PA-->AT,PA-->AT,PA-->AT,PA-->AT,PA-->AT,PA-->AT,PA-->AT,PA-->AT,PA-->AT,PA-->AT,PA-->AT,PA-->AT,PA-->AT,PA-->AT,,,,,,,,,,,,,,,,,AT-->PA,AT-->PA,AT-->PA,AT-->PA,AT-->PA,AT-->PA,AT-->PA,AT-->PA,AT-->PA,AT-->PA,AT-->PA,AT-->PA,AT-->PA,AT-->PA,AT-->PA,AT-->PA,AT-->PA,AT-->PA,AT-->PA
PG,PNG,Papua New Guinea,Port Moresby,Oceania,Melanesia,,PG-->AT,PG-->AT,PG-->AT,PG-->AT,PG-->AT,PG-->AT,PG-->AT,PG-->AT,PG-->AT,PG-->AT,PG-->AT,PG-->AT,PG-->AT,PG-->AT,PG-->AT,PG-->AT,PG-->AT,PG-->AT,PG-->AT,,,,,,,,,,,,,,,,,AT-->PG,AT-->PG,AT-->PG,AT-->PG,AT-->PG,AT-->PG,AT-->PG,AT-->PG,AT-->PG,AT-->PG,AT-->PG,AT-->PG,AT-->PG,AT-->PG,AT-->PG,AT-->PG,AT-->PG,AT-->PG,AT-->PG
PY,PRY,Paraguay,Asunción,Americas,South America,,PY-->AT,PY-->AT,PY-->AT,PY-->AT,PY-->AT,PY-->AT,PY-->AT,PY-->AT,PY-->AT,PY-->AT,PY-->AT,PY-->AT,PY-->AT,PY-->AT,PY-->AT,PY-->AT,PY-->AT,PY-->AT,PY-->AT,,,,,,,,,,,,,,,,,AT-->PY,AT-->PY,AT-->PY,AT-->PY,AT-->PY,AT-->PY,AT-->PY,AT-->PY,AT-->PY,AT-->PY,AT-->PY,AT-->PY,AT-->PY,AT-->PY,AT-->PY,AT-->PY,AT-->PY,AT-->PY,AT-->PY
PE,PER,Peru,Lima,Americas,South America,,PE-->AT,PE-->AT,PE-->AT,PE-->AT,PE-->AT,PE-->AT,PE-->AT,PE-->AT,PE-->AT,PE-->AT,PE-->AT,PE-->AT,PE-->AT,PE-->AT,PE-->AT,PE-->AT,PE-->AT,PE-->AT,PE-->AT,,,,,,,,,,,,,,,,,AT-->PE,AT-->PE,AT-->PE,AT-->PE,AT-->PE,AT-->PE,AT-->PE,AT-->PE,AT-->PE,AT-->PE,AT-->PE,AT-->PE,AT-->PE,AT-->PE,AT-->PE,AT-->PE,AT-->PE,AT-->PE,AT-->PE
PH,PHL,Philippines,Manila,Asia,South-Eastern Asia,,PH-->AT,PH-->AT,PH-->AT,PH-->AT,PH-->AT,PH-->AT,PH-->AT,PH-->AT,PH-->AT,PH-->AT,PH-->AT,PH-->AT,PH-->AT,PH-->AT,PH-->AT,PH-->AT,PH-->AT,PH-->AT,PH-->AT,,,,,,,,,,,,,,,,,AT-->PH,AT-->PH,AT-->PH,AT-->PH,AT-->PH,AT-->PH,AT-->PH,AT-->PH,AT-->PH,AT-->PH,AT-->PH,AT-->PH,AT-->PH,AT-->PH,AT-->PH,AT-->PH,AT-->PH,AT-->PH,AT-->PH
PN,PCN,Pitcairn Islands,Adamstown,Oceania,Polynesia,,PN-->AT,PN-->AT,PN-->AT,PN-->AT,PN-->AT,PN-->AT,PN-->AT,PN-->AT,PN-->AT,PN-->AT,PN-->AT,PN-->AT,PN-->AT,PN-->AT,PN-->AT,PN-->AT,PN-->AT,PN-->AT,PN-->AT,,,,,,,,,,,,,,,,,AT-->PN,AT-->PN,AT-->PN,AT-->PN,AT-->PN,AT-->PN,AT-->PN,AT-->PN,AT-->PN,AT-->PN,AT-->PN,AT-->PN,AT-->PN,AT-->PN,AT-->PN,AT-->PN,AT-->PN,AT-->PN,AT-->PN
PL,POL,Poland,Warsaw,Europe,Eastern Europe,,PL-->AT,PL-->AT,PL-->AT,PL-->AT,PL-->AT,PL-->AT,PL-->AT,PL-->AT,PL-->AT,PL-->AT,PL-->AT,PL-->AT,PL-->AT,PL-->AT,PL-->AT,PL-->AT,PL-->AT,PL-->AT,PL-->AT,,,,,,,,,,,,,,,,,AT-->PL,AT-->PL,AT-->PL,AT-->PL,AT-->PL,AT-->PL,AT-->PL,AT-->PL,AT-->PL,AT-->PL,AT-->PL,AT-->PL,AT-->PL,AT-->PL,AT-->PL,AT-->PL,AT-->PL,AT-->PL,AT-->PL
PT,PRT,Portugal,Lisbon,Europe,Southern Europe,,PT-->AT,PT-->AT,PT-->AT,PT-->AT,PT-->AT,PT-->AT,PT-->AT,PT-->AT,PT-->AT,PT-->AT,PT-->AT,PT-->AT,PT-->AT,PT-->AT,PT-->AT,PT-->AT,PT-->AT,PT-->AT,PT-->AT,,,,,,,,,,,,,,,,,AT-->PT,AT-->PT,AT-->PT,AT-->PT,AT-->PT,AT-->PT,AT-->PT,AT-->PT,AT-->PT,AT-->PT,AT-->PT,AT-->PT,AT-->PT,AT-->PT,AT-->PT,AT-->PT,AT-->PT,AT-->PT,AT-->PT
PR,PRI,Puerto Rico,San Juan,Americas,Caribbean,,PR-->AT,PR-->AT,PR-->AT,PR-->AT,PR-->AT,PR-->AT,PR-->AT,PR-->AT,PR-->AT,PR-->AT,PR-->AT,PR-->AT,PR-->AT,PR-->AT,PR-->AT,PR-->AT,PR-->AT,PR-->AT,PR-->AT,,,,,,,,,,,,,,,,,AT-->PR,AT-->PR,AT-->PR,AT-->PR,AT-->PR,AT-->PR,AT-->PR,AT-->PR,AT-->PR,AT-->PR,AT-->PR,AT-->PR,AT-->PR,AT-->PR,AT-->PR,AT-->PR,AT-->PR,AT-->PR,AT-->PR
QA,QAT,Qatar,Doha,Asia,Western Asia,,QA-->AT,QA-->AT,QA-->AT,QA-->AT,QA-->AT,QA-->AT,QA-->AT,QA-->AT,QA-->AT,QA-->AT,QA-->AT,QA-->AT,QA-->AT,QA-->AT,QA-->AT,QA-->AT,QA-->AT,QA-->AT,QA-->AT,,,,,,,,,,,,,,,,,AT-->QA,AT-->QA,AT-->QA,AT-->QA,AT-->QA,AT-->QA,AT-->QA,AT-->QA,AT-->QA,AT-->QA,AT-->QA,AT-->QA,AT-->QA,AT-->QA,AT-->QA,AT-->QA,AT-->QA,AT-->QA,AT-->QA
XK,KOS,Republic of Kosovo,Pristina,Europe,Eastern Europe,,XK-->AT,XK-->AT,XK-->AT,XK-->AT,XK-->AT,XK-->AT,XK-->AT,XK-->AT,XK-->AT,XK-->AT,XK-->AT,XK-->AT,XK-->AT,XK-->AT,XK-->AT,XK-->AT,XK-->AT,XK-->AT,XK-->AT,,,,,,,,,,,,,,,,,AT-->XK,AT-->XK,AT-->XK,AT-->XK,AT-->XK,AT-->XK,AT-->XK,AT-->XK,AT-->XK,AT-->XK,AT-->XK,AT-->XK,AT-->XK,AT-->XK,AT-->XK,AT-->XK,AT-->XK,AT-->XK,AT-->XK
RE,REU,Réunion,Saint-Denis,Africa,Eastern Africa,,RE-->AT,RE-->AT,RE-->AT,RE-->AT,RE-->AT,RE-->AT,RE-->AT,RE-->AT,RE-->AT,RE-->AT,RE-->AT,RE-->AT,RE-->AT,RE-->AT,RE-->AT,RE-->AT,RE-->AT,RE-->AT,RE-->AT,,,,,,,,,,,,,,,,,AT-->RE,AT-->RE,AT-->RE,AT-->RE,AT-->RE,AT-->RE,AT-->RE,AT-->RE,AT-->RE,AT-->RE,AT-->RE,AT-->RE,AT-->RE,AT-->RE,AT-->RE,AT-->RE,AT-->RE,AT-->RE,AT-->RE
RO,ROU,Romania,Bucharest,Europe,Eastern Europe,,RO-->AT,RO-->AT,RO-->AT,RO-->AT,RO-->AT,RO-->AT,RO-->AT,RO-->AT,RO-->AT,RO-->AT,RO-->AT,RO-->AT,RO-->AT,RO-->AT,RO-->AT,RO-->AT,RO-->AT,RO-->AT,RO-->AT,,,,,,,,,,,,,,,,,AT-->RO,AT-->RO,AT-->RO,AT-->RO,AT-->RO,AT-->RO,AT-->RO,AT-->RO,AT-->RO,AT-->RO,AT-->RO,AT-->RO,AT-->RO,AT-->RO,AT-->RO,AT-->RO,AT-->RO,AT-->RO,AT-->RO
RU,RUS,Russia,Moscow,Europe,Eastern Europe,,RU-->AT,RU-->AT,RU-->AT,RU-->AT,RU-->AT,RU-->AT,RU-->AT,RU-->AT,RU-->AT,RU-->AT,RU-->AT,RU-->AT,RU-->AT,RU-->AT,RU-->AT,RU-->AT,RU-->AT,RU-->AT,RU-->AT,,,,,,,,,,,,,,,,,AT-->RU,AT-->RU,AT-->RU,AT-->RU,AT-->RU,AT-->RU,AT-->RU,AT-->RU,AT-->RU,AT-->RU,AT-->RU,AT-->RU,AT-->RU,AT-->RU,AT-->RU,AT-->RU,AT-->RU,AT-->RU,AT-->RU
RW,RWA,Rwanda,Kigali,Africa,Eastern Africa,,RW-->AT,RW-->AT,RW-->AT,RW-->AT,RW-->AT,RW-->AT,RW-->AT,RW-->AT,RW-->AT,RW-->AT,RW-->AT,RW-->AT,RW-->AT,RW-->AT,RW-->AT,RW-->AT,RW-->AT,RW-->AT,RW-->AT,,,,,,,,,,,,,,,,,AT-->RW,AT-->RW,AT-->RW,AT-->RW,AT-->RW,AT-->RW,AT-->RW,AT-->RW,AT-->RW,AT-->RW,AT-->RW,AT-->RW,AT-->RW,AT-->RW,AT-->RW,AT-->RW,AT-->RW,AT-->RW,AT-->RW
BL,BLM,Saint Barthélemy,Gustavia,Americas,Caribbean,,BL-->AT,BL-->AT,BL-->AT,BL-->AT,BL-->AT,BL-->AT,BL-->AT,BL-->AT,BL-->AT,BL-->AT,BL-->AT,BL-->AT,BL-->AT,BL-->AT,BL-->AT,BL-->AT,BL-->AT,BL-->AT,BL-->AT,,,,,,,,,,,,,,,,,AT-->BL,AT-->BL,AT-->BL,AT-->BL,AT-->BL,AT-->BL,AT-->BL,AT-->BL,AT-->BL,AT-->BL,AT-->BL,AT-->BL,AT-->BL,AT-->BL,AT-->BL,AT-->BL,AT-->BL,AT-->BL,AT-->BL
SH,SHN,Saint Helena,Jamestown,Africa,Western Africa,,SH-->AT,SH-->AT,SH-->AT,SH-->AT,SH-->AT,SH-->AT,SH-->AT,SH-->AT,SH-->AT,SH-->AT,SH-->AT,SH-->AT,SH-->AT,SH-->AT,SH-->AT,SH-->AT,SH-->AT,SH-->AT,SH-->AT,,,,,,,,,,,,,,,,,AT-->SH,AT-->SH,AT-->SH,AT-->SH,AT-->SH,AT-->SH,AT-->SH,AT-->SH,AT-->SH,AT-->SH,AT-->SH,AT-->SH,AT-->SH,AT-->SH,AT-->SH,AT-->SH,AT-->SH,AT-->SH,AT-->SH
KN,KNA,Saint Kitts and Nevis,Basseterre,Americas,Caribbean,,KN-->AT,KN-->AT,KN-->AT,KN-->AT,KN-->AT,KN-->AT,KN-->AT,KN-->AT,KN-->AT,KN-->AT,KN-->AT,KN-->AT,KN-->AT,KN-->AT,KN-->AT,KN-->AT,KN-->AT,KN-->AT,KN-->AT,,,,,,,,,,,,,,,,,AT-->KN,AT-->KN,AT-->KN,AT-->KN,AT-->KN,AT-->KN,AT-->KN,AT-->KN,AT-->KN,AT-->KN,AT-->KN,AT-->KN,AT-->KN,AT-->KN,AT-->KN,AT-->KN,AT-->KN,AT-->KN,AT-->KN
LC,LCA,Saint Lucia,Castries,Americas,Caribbean,,LC-->AT,LC-->AT,LC-->AT,LC-->AT,LC-->AT,LC-->AT,LC-->AT,LC-->AT,LC-->AT,LC-->AT,LC-->AT,LC-->AT,LC-->AT,LC-->AT,LC-->AT,LC-->AT,LC-->AT,LC-->AT,LC-->AT,,,,,,,,,,,,,,,,,AT-->LC,AT-->LC,AT-->LC,AT-->LC,AT-->LC,AT-->LC,AT-->LC,AT-->LC,AT-->LC,AT-->LC,AT-->LC,AT-->LC,AT-->LC,AT-->LC,AT-->LC,AT-->LC,AT-->LC,AT-->LC,AT-->LC
MF,MAF,Saint Martin,Marigot,Americas,Caribbean,,MF-->AT,MF-->AT,MF-->AT,MF-->AT,MF-->AT,MF-->AT,MF-->AT,MF-->AT,MF-->AT,MF-->AT,MF-->AT,MF-->AT,MF-->AT,MF-->AT,MF-->AT,MF-->AT,MF-->AT,MF-->AT,MF-->AT,,,,,,,,,,,,,,,,,AT-->MF,AT-->MF,AT-->MF,AT-->MF,AT-->MF,AT-->MF,AT-->MF,AT-->MF,AT-->MF,AT-->MF,AT-->MF,AT-->MF,AT-->MF,AT-->MF,AT-->MF,AT-->MF,AT-->MF,AT-->MF,AT-->MF
PM,SPM,Saint Pierre and Miquelon,Saint-Pierre,Americas,Northern America,,PM-->AT,PM-->AT,PM-->AT,PM-->AT,PM-->AT,PM-->AT,PM-->AT,PM-->AT,PM-->AT,PM-->AT,PM-->AT,PM-->AT,PM-->AT,PM-->AT,PM-->AT,PM-->AT,PM-->AT,PM-->AT,PM-->AT,,,,,,,,,,,,,,,,,AT-->PM,AT-->PM,AT-->PM,AT-->PM,AT-->PM,AT-->PM,AT-->PM,AT-->PM,AT-->PM,AT-->PM,AT-->PM,AT-->PM,AT-->PM,AT-->PM,AT-->PM,AT-->PM,AT-->PM,AT-->PM,AT-->PM
VC,VCT,Saint Vincent and the Grenadines,Kingstown,Americas,Caribbean,,VC-->AT,VC-->AT,VC-->AT,VC-->AT,VC-->AT,VC-->AT,VC-->AT,VC-->AT,VC-->AT,VC-->AT,VC-->AT,VC-->AT,VC-->AT,VC-->AT,VC-->AT,VC-->AT,VC-->AT,VC-->AT,VC-->AT,,,,,,,,,,,,,,,,,AT-->VC,AT-->VC,AT-->VC,AT-->VC,AT-->VC,AT-->VC,AT-->VC,AT-->VC,AT-->VC,AT-->VC,AT-->VC,AT-->VC,AT-->VC,AT-->VC,AT-->VC,AT-->VC,AT-->VC,AT-->VC,AT-->VC
WS,WSM,Samoa,Apia,Oceania,Polynesia,,WS-->AT,WS-->AT,WS-->AT,WS-->AT,WS-->AT,WS-->AT,WS-->AT,WS-->AT,WS-->AT,WS-->AT,WS-->AT,WS-->AT,WS-->AT,WS-->AT,WS-->AT,WS-->AT,WS-->AT,WS-->AT,WS-->AT,,,,,,,,,,,,,,,,,AT-->WS,AT-->WS,AT-->WS,AT-->WS,AT-->WS,AT-->WS,AT-->WS,AT-->WS,AT-->WS,AT-->WS,AT-->WS,AT-->WS,AT-->WS,AT-->WS,AT-->WS,AT-->WS,AT-->WS,AT-->WS,AT-->WS
SM,SMR,San Marino,City of San Marino,Europe,Southern Europe,,SM-->AT,SM-->AT,SM-->AT,SM-->AT,SM-->AT,SM-->AT,SM-->AT,SM-->AT,SM-->AT,SM-->AT,SM-->AT,SM-->AT,SM-->AT,SM-->AT,SM-->AT,SM-->AT,SM-->AT,SM-->AT,SM-->AT,,,,,,,,,,,,,,,,,AT-->SM,AT-->SM,AT-->SM,AT-->SM,AT-->SM,AT-->SM,AT-->SM,AT-->SM,AT-->SM,AT-->SM,AT-->SM,AT-->SM,AT-->SM,AT-->SM,AT-->SM,AT-->SM,AT-->SM,AT-->SM,AT-->SM
ST,STP,São Tomé and Príncipe,São Tomé,Africa,Middle Africa,,ST-->AT,ST-->AT,ST-->AT,ST-->AT,ST-->AT,ST-->AT,ST-->AT,ST-->AT,ST-->AT,ST-->AT,ST-->AT,ST-->AT,ST-->AT,ST-->AT,ST-->AT,ST-->AT,ST-->AT,ST-->AT,ST-->AT,,,,,,,,,,,,,,,,,AT-->ST,AT-->ST,AT-->ST,AT-->ST,AT-->ST,AT-->ST,AT-->ST,AT-->ST,AT-->ST,AT-->ST,AT-->ST,AT-->ST,AT-->ST,AT-->ST,AT-->ST,AT-->ST,AT-->ST,AT-->ST,AT-->ST
SA,SAU,Saudi Arabia,Riyadh,Asia,Western Asia,,SA-->AT,SA-->AT,SA-->AT,SA-->AT,SA-->AT,SA-->AT,SA-->AT,SA-->AT,SA-->AT,SA-->AT,SA-->AT,SA-->AT,SA-->AT,SA-->AT,SA-->AT,SA-->AT,SA-->AT,SA-->AT,SA-->AT,,,,,,,,,,,,,,,,,AT-->SA,AT-->SA,AT-->SA,AT-->SA,AT-->SA,AT-->SA,AT-->SA,AT-->SA,AT-->SA,AT-->SA,AT-->SA,AT-->SA,AT-->SA,AT-->SA,AT-->SA,AT-->SA,AT-->SA,AT-->SA,AT-->SA
SN,SEN,Senegal,Dakar,Africa,Western Africa,,SN-->AT,SN-->AT,SN-->AT,SN-->AT,SN-->AT,SN-->AT,SN-->AT,SN-->AT,SN-->AT,SN-->AT,SN-->AT,SN-->AT,SN-->AT,SN-->AT,SN-->AT,SN-->AT,SN-->AT,SN-->AT,SN-->AT,,,,,,,,,,,,,,,,,AT-->SN,AT-->SN,AT-->SN,AT-->SN,AT-->SN,AT-->SN,AT-->SN,AT-->SN,AT-->SN,AT-->SN,AT-->SN,AT-->SN,AT-->SN,AT-->SN,AT-->SN,AT-->SN,AT-->SN,AT-->SN,AT-->SN
RS,SRB,Serbia,Belgrade,Europe,Southern Europe,,RS-->AT,RS-->AT,RS-->AT,RS-->AT,RS-->AT,RS-->AT,RS-->AT,RS-->AT,RS-->AT,RS-->AT,RS-->AT,RS-->AT,RS-->AT,RS-->AT,RS-->AT,RS-->AT,RS-->AT,RS-->AT,RS-->AT,,,,,,,,,,,,,,,,,AT-->RS,AT-->RS,AT-->RS,AT-->RS,AT-->RS,AT-->RS,AT-->RS,AT-->RS,AT-->RS,AT-->RS,AT-->RS,AT-->RS,AT-->RS,AT-->RS,AT-->RS,AT-->RS,AT-->RS,AT-->RS,AT-->RS
SC,SYC,Seychelles,Victoria,Africa,Eastern Africa,,SC-->AT,SC-->AT,SC-->AT,SC-->AT,SC-->AT,SC-->AT,SC-->AT,SC-->AT,SC-->AT,SC-->AT,SC-->AT,SC-->AT,SC-->AT,SC-->AT,SC-->AT,SC-->AT,SC-->AT,SC-->AT,SC-->AT,,,,,,,,,,,,,,,,,AT-->SC,AT-->SC,AT-->SC,AT-->SC,AT-->SC,AT-->SC,AT-->SC,AT-->SC,AT-->SC,AT-->SC,AT-->SC,AT-->SC,AT-->SC,AT-->SC,AT-->SC,AT-->SC,AT-->SC,AT-->SC,AT-->SC
SL,SLE,Sierra Leone,Freetown,Africa,Western Africa,,SL-->AT,SL-->AT,SL-->AT,SL-->AT,SL-->AT,SL-->AT,SL-->AT,SL-->AT,SL-->AT,SL-->AT,SL-->AT,SL-->AT,SL-->AT,SL-->AT,SL-->AT,SL-->AT,SL-->AT,SL-->AT,SL-->AT,,,,,,,,,,,,,,,,,AT-->SL,AT-->SL,AT-->SL,AT-->SL,AT-->SL,AT-->SL,AT-->SL,AT-->SL,AT-->SL,AT-->SL,AT-->SL,AT-->SL,AT-->SL,AT-->SL,AT-->SL,AT-->SL,AT-->SL,AT-->SL,AT-->SL
SG,SGP,Singapore,Singapore,Asia,South-Eastern Asia,,SG-->AT,SG-->AT,SG-->AT,SG-->AT,SG-->AT,SG-->AT,SG-->AT,SG-->AT,SG-->AT,SG-->AT,SG-->AT,SG-->AT,SG-->AT,SG-->AT,SG-->AT,SG-->AT,SG-->AT,SG-->AT,SG-->AT,,,,,,,,,,,,,,,,,AT-->SG,AT-->SG,AT-->SG,AT-->SG,AT-->SG,AT-->SG,AT-->SG,AT-->SG,AT-->SG,AT-->SG,AT-->SG,AT-->SG,AT-->SG,AT-->SG,AT-->SG,AT-->SG,AT-->SG,AT-->SG,AT-->SG
SX,SXM,Sint Maarten,Philipsburg,Americas,Caribbean,,SX-->AT,SX-->AT,SX-->AT,SX-->AT,SX-->AT,SX-->AT,SX-->AT,SX-->AT,SX-->AT,SX-->AT,SX-->AT,SX-->AT,SX-->AT,SX-->AT,SX-->AT,SX-->AT,SX-->AT,SX-->AT,SX-->AT,,,,,,,,,,,,,,,,,AT-->SX,AT-->SX,AT-->SX,AT-->SX,AT-->SX,AT-->SX,AT-->SX,AT-->SX,AT-->SX,AT-->SX,AT-->SX,AT-->SX,AT-->SX,AT-->SX,AT-->SX,AT-->SX,AT-->SX,AT-->SX,AT-->SX
SK,SVK,Slovakia,Bratislava,Europe,Eastern Europe,,SK-->AT,SK-->AT,SK-->AT,SK-->AT,SK-->AT,SK-->AT,SK-->AT,SK-->AT,SK-->AT,SK-->AT,SK-->AT,SK-->AT,SK-->AT,SK-->AT,SK-->AT,SK-->AT,SK-->AT,SK-->AT,SK-->AT,,,,,,,,,,,,,,,,,AT-->SK,AT-->SK,AT-->SK,AT-->SK,AT-->SK,AT-->SK,AT-->SK,AT-->SK,AT-->SK,AT-->SK,AT-->SK,AT-->SK,AT-->SK,AT-->SK,AT-->SK,AT-->SK,AT-->SK,AT-->SK,AT-->SK
SI,SVN,Slovenia,Ljubljana,Europe,Southern Europe,,SI-->AT,SI-->AT,SI-->AT,SI-->AT,SI-->AT,SI-->AT,SI-->AT,SI-->AT,SI-->AT,SI-->AT,SI-->AT,SI-->AT,SI-->AT,SI-->AT,SI-->AT,SI-->AT,SI-->AT,SI-->AT,SI-->AT,,,,,,,,,,,,,,,,,AT-->SI,AT-->SI,AT-->SI,AT-->SI,AT-->SI,AT-->SI,AT-->SI,AT-->SI,AT-->SI,AT-->SI,AT-->SI,AT-->SI,AT-->SI,AT-->SI,AT-->SI,AT-->SI,AT-->SI,AT-->SI,AT-->SI
SB,SLB,Solomon Islands,Honiara,Oceania,Melanesia,,SB-->AT,SB-->AT,SB-->AT,SB-->AT,SB-->AT,SB-->AT,SB-->AT,SB-->AT,SB-->AT,SB-->AT,SB-->AT,SB-->AT,SB-->AT,SB-->AT,SB-->AT,SB-->AT,SB-->AT,SB-->AT,SB-->AT,,,,,,,,,,,,,,,,,AT-->SB,AT-->SB,AT-->SB,AT-->SB,AT-->SB,AT-->SB,AT-->SB,AT-->SB,AT-->SB,AT-->SB,AT-->SB,AT-->SB,AT-->SB,AT-->SB,AT-->SB,AT-->SB,AT-->SB,AT-->SB,AT-->SB
SO,SOM,Somalia,Mogadishu,Africa,Eastern Africa,,SO-->AT,SO-->AT,SO-->AT,SO-->AT,SO-->AT,SO-->AT,SO-->AT,SO-->AT,SO-->AT,SO-->AT,SO-->AT,SO-->AT,SO-->AT,SO-->AT,SO-->AT,SO-->AT,SO-->AT,SO-->AT,SO-->AT,,,,,,,,,,,,,,,,,AT-->SO,AT-->SO,AT-->SO,AT-->SO,AT-->SO,AT-->SO,AT-->SO,AT-->SO,AT-->SO,AT-->SO,AT-->SO,AT-->SO,AT-->SO,AT-->SO,AT-->SO,AT-->SO,AT-->SO,AT-->SO,AT-->SO
ZA,ZAF,South Africa,Pretoria,Africa,Southern Africa,,ZA-->AT,ZA-->AT,ZA-->AT,ZA-->AT,ZA-->AT,ZA-->AT,ZA-->AT,ZA-->AT,ZA-->AT,ZA-->AT,ZA-->AT,ZA-->AT,ZA-->AT,ZA-->AT,ZA-->AT,ZA-->AT,ZA-->AT,ZA-->AT,ZA-->AT,,,,,,,,,,,,,,,,,AT-->ZA,AT-->ZA,AT-->ZA,AT-->ZA,AT-->ZA,AT-->ZA,AT-->ZA,AT-->ZA,AT-->ZA,AT-->ZA,AT-->ZA,AT-->ZA,AT-->ZA,AT-->ZA,AT-->ZA,AT-->ZA,AT-->ZA,AT-->ZA,AT-->ZA
GS,SGS,South Georgia,King Edward Point,Americas,South America,,GS-->AT,GS-->AT,GS-->AT,GS-->AT,GS-->AT,GS-->AT,GS-->AT,GS-->AT,GS-->AT,GS-->AT,GS-->AT,GS-->AT,GS-->AT,GS-->AT,GS-->AT,GS-->AT,GS-->AT,GS-->AT,GS-->AT,,,,,,,,,,,,,,,,,AT-->GS,AT-->GS,AT-->GS,AT-->GS,AT-->GS,AT-->GS,AT-->GS,AT-->GS,AT-->GS,AT-->GS,AT-->GS,AT-->GS,AT-->GS,AT-->GS,AT-->GS,AT-->GS,AT-->GS,AT-->GS,AT-->GS
KR,KOR,South Korea,Seoul,Asia,Eastern Asia,,KR-->AT,KR-->AT,KR-->AT,KR-->AT,KR-->AT,KR-->AT,KR-->AT,KR-->AT,KR-->AT,KR-->AT,KR-->AT,KR-->AT,KR-->AT,KR-->AT,KR-->AT,KR-->AT,KR-->AT,KR-->AT,KR-->AT,,,,,,,,,,,,,,,,,AT-->KR,AT-->KR,AT-->KR,AT-->KR,AT-->KR,AT-->KR,AT-->KR,AT-->KR,AT-->KR,AT-->KR,AT-->KR,AT-->KR,AT-->KR,AT-->KR,AT-->KR,AT-->KR,AT-->KR,AT-->KR,AT-->KR
SS,SSD,South Sudan,Juba,Africa,Middle Africa,,SS-->AT,SS-->AT,SS-->AT,SS-->AT,SS-->AT,SS-->AT,SS-->AT,SS-->AT,SS-->AT,SS-->AT,SS-->AT,SS-->AT,SS-->AT,SS-->AT,SS-->AT,SS-->AT,SS-->AT,SS-->AT,SS-->AT,,,,,,,,,,,,,,,,,AT-->SS,AT-->SS,AT-->SS,AT-->SS,AT-->SS,AT-->SS,AT-->SS,AT-->SS,AT-->SS,AT-->SS,AT-->SS,AT-->SS,AT-->SS,AT-->SS,AT-->SS,AT-->SS,AT-->SS,AT-->SS,AT-->SS
ES,ESP,Spain,Madrid,Europe,Southern Europe,,ES-->AT,ES-->AT,ES-->AT,ES-->AT,ES-->AT,ES-->AT,ES-->AT,ES-->AT,ES-->AT,ES-->AT,ES-->AT,ES-->AT,ES-->AT,ES-->AT,ES-->AT,ES-->AT,ES-->AT,ES-->AT,ES-->AT,,,,,,,,,,,,,,,,,AT-->ES,AT-->ES,AT-->ES,AT-->ES,AT-->ES,AT-->ES,AT-->ES,AT-->ES,AT-->ES,AT-->ES,AT-->ES,AT-->ES,AT-->ES,AT-->ES,AT-->ES,AT-->ES,AT-->ES,AT-->ES,AT-->ES
LK,LKA,Sri Lanka,Colombo,Asia,Southern Asia,,LK-->AT,LK-->AT,LK-->AT,LK-->AT,LK-->AT,LK-->AT,LK-->AT,LK-->AT,LK-->AT,LK-->AT,LK-->AT,LK-->AT,LK-->AT,LK-->AT,LK-->AT,LK-->AT,LK-->AT,LK-->AT,LK-->AT,,,,,,,,,,,,,,,,,AT-->LK,AT-->LK,AT-->LK,AT-->LK,AT-->LK,AT-->LK,AT-->LK,AT-->LK,AT-->LK,AT-->LK,AT-->LK,AT-->LK,AT-->LK,AT-->LK,AT-->LK,AT-->LK,AT-->LK,AT-->LK,AT-->LK
SD,SDN,Sudan,Khartoum,Africa,Northern Africa,,SD-->AT,SD-->AT,SD-->AT,SD-->AT,SD-->AT,SD-->AT,SD-->AT,SD-->AT,SD-->AT,SD-->AT,SD-->AT,SD-->AT,SD-->AT,SD-->AT,SD-->AT,SD-->AT,SD-->AT,SD-->AT,SD-->AT,,,,,,,,,,,,,,,,,AT-->SD,AT-->SD,AT-->SD,AT-->SD,AT-->SD,AT-->SD,AT-->SD,AT-->SD,AT-->SD,AT-->SD,AT-->SD,AT-->SD,AT-->SD,AT-->SD,AT-->SD,AT-->SD,AT-->SD,AT-->SD,AT-->SD
SR,SUR,Suriname,Paramaribo,Americas,South America,,SR-->AT,SR-->AT,SR-->AT,SR-->AT,SR-->AT,SR-->AT,SR-->AT,SR-->AT,SR-->AT,SR-->AT,SR-->AT,SR-->AT,SR-->AT,SR-->AT,SR-->AT,SR-->AT,SR-->AT,SR-->AT,SR-->AT,,,,,,,,,,,,,,,,,AT-->SR,AT-->SR,AT-->SR,AT-->SR,AT-->SR,AT-->SR,AT-->SR,AT-->SR,AT-->SR,AT-->SR,AT-->SR,AT-->SR,AT-->SR,AT-->SR,AT-->SR,AT-->SR,AT-->SR,AT-->SR,AT-->SR
SJ,SJM,Svalbard and Jan Mayen,Longyearbyen,Europe,Northern Europe,,SJ-->AT,SJ-->AT,SJ-->AT,SJ-->AT,SJ-->AT,SJ-->AT,SJ-->AT,SJ-->AT,SJ-->AT,SJ-->AT,SJ-->AT,SJ-->AT,SJ-->AT,SJ-->AT,SJ-->AT,SJ-->AT,SJ-->AT,SJ-->AT,SJ-->AT,,,,,,,,,,,,,,,,,AT-->SJ,AT-->SJ,AT-->SJ,AT-->SJ,AT-->SJ,AT-->SJ,AT-->SJ,AT-->SJ,AT-->SJ,AT-->SJ,AT-->SJ,AT-->SJ,AT-->SJ,AT-->SJ,AT-->SJ,AT-->SJ,AT-->SJ,AT-->SJ,AT-->SJ
SZ,SWZ,Swaziland,Lobamba,Africa,Southern Africa,,SZ-->AT,SZ-->AT,SZ-->AT,SZ-->AT,SZ-->AT,SZ-->AT,SZ-->AT,SZ-->AT,SZ-->AT,SZ-->AT,SZ-->AT,SZ-->AT,SZ-->AT,SZ-->AT,SZ-->AT,SZ-->AT,SZ-->AT,SZ-->AT,SZ-->AT,,,,,,,,,,,,,,,,,AT-->SZ,AT-->SZ,AT-->SZ,AT-->SZ,AT-->SZ,AT-->SZ,AT-->SZ,AT-->SZ,AT-->SZ,AT-->SZ,AT-->SZ,AT-->SZ,AT-->SZ,AT-->SZ,AT-->SZ,AT-->SZ,AT-->SZ,AT-->SZ,AT-->SZ
SE,SWE,Sweden,Stockholm,Europe,Northern Europe,,SE-->AT,SE-->AT,SE-->AT,SE-->AT,SE-->AT,SE-->AT,SE-->AT,SE-->AT,SE-->AT,SE-->AT,SE-->AT,SE-->AT,SE-->AT,SE-->AT,SE-->AT,SE-->AT,SE-->AT,SE-->AT,SE-->AT,,,,,,,,,,,,,,,,,AT-->SE,AT-->SE,AT-->SE,AT-->SE,AT-->SE,AT-->SE,AT-->SE,AT-->SE,AT-->SE,AT-->SE,AT-->SE,AT-->SE,AT-->SE,AT-->SE,AT-->SE,AT-->SE,AT-->SE,AT-->SE,AT-->SE
CH,CHE,Switzerland,Bern,Europe,Western Europe,,CH-->AT,CH-->AT,CH-->AT,CH-->AT,CH-->AT,CH-->AT,CH-->AT,CH-->AT,CH-->AT,CH-->AT,CH-->AT,CH-->AT,CH-->AT,CH-->AT,CH-->AT,CH-->AT,CH-->AT,CH-->AT,CH-->AT,,,,,,,,,,,,,,,,,AT-->CH,AT-->CH,AT-->CH,AT-->CH,AT-->CH,AT-->CH,AT-->CH,AT-->CH,AT-->CH,AT-->CH,AT-->CH,AT-->CH,AT-->CH,AT-->CH,AT-->CH,AT-->CH,AT-->CH,AT-->CH,AT-->CH
SY,SYR,Syria,Damascus,Asia,Western Asia,,SY-->AT,SY-->AT,SY-->AT,SY-->AT,SY-->AT,SY-->AT,SY-->AT,SY-->AT,SY-->AT,SY-->AT,SY-->AT,SY-->AT,SY-->AT,SY-->AT,SY-->AT,SY-->AT,SY-->AT,SY-->AT,SY-->AT,,,,,,,,,,,,,,,,,AT-->SY,AT-->SY,AT-->SY,AT-->SY,AT-->SY,AT-->SY,AT-->SY,AT-->SY,AT-->SY,AT-->SY,AT-->SY,AT-->SY,AT-->SY,AT-->SY,AT-->SY,AT-->SY,AT-->SY,AT-->SY,AT-->SY
TW,TWN,Taiwan,Taipei,Asia,Eastern Asia,,TW-->AT,TW-->AT,TW-->AT,TW-->AT,TW-->AT,TW-->AT,TW-->AT,TW-->AT,TW-->AT,TW-->AT,TW-->AT,TW-->AT,TW-->AT,TW-->AT,TW-->AT,TW-->AT,TW-->AT,TW-->AT,TW-->AT,,,,,,,,,,,,,,,,,AT-->TW,AT-->TW,AT-->TW,AT-->TW,AT-->TW,AT-->TW,AT-->TW,AT-->TW,AT-->TW,AT-->TW,AT-->TW,AT-->TW,AT-->TW,AT-->TW,AT-->TW,AT-->TW,AT-->TW,AT-->TW,AT-->TW
TJ,TJK,Tajikistan,Dushanbe,Asia,Central Asia,,TJ-->AT,TJ-->AT,TJ-->AT,TJ-->AT,TJ-->AT,TJ-->AT,TJ-->AT,TJ-->AT,TJ-->AT,TJ-->AT,TJ-->AT,TJ-->AT,TJ-->AT,TJ-->AT,TJ-->AT,TJ-->AT,TJ-->AT,TJ-->AT,TJ-->AT,,,,,,,,,,,,,,,,,AT-->TJ,AT-->TJ,AT-->TJ,AT-->TJ,AT-->TJ,AT-->TJ,AT-->TJ,AT-->TJ,AT-->TJ,AT-->TJ,AT-->TJ,AT-->TJ,AT-->TJ,AT-->TJ,AT-->TJ,AT-->TJ,AT-->TJ,AT-->TJ,AT-->TJ
TZ,TZA,Tanzania,Dodoma,Africa,Eastern Africa,,TZ-->AT,TZ-->AT,TZ-->AT,TZ-->AT,TZ-->AT,TZ-->AT,TZ-->AT,TZ-->AT,TZ-->AT,TZ-->AT,TZ-->AT,TZ-->AT,TZ-->AT,TZ-->AT,TZ-->AT,TZ-->AT,TZ-->AT,TZ-->AT,TZ-->AT,,,,,,,,,,,,,,,,,AT-->TZ,AT-->TZ,AT-->TZ,AT-->TZ,AT-->TZ,AT-->TZ,AT-->TZ,AT-->TZ,AT-->TZ,AT-->TZ,AT-->TZ,AT-->TZ,AT-->TZ,AT-->TZ,AT-->TZ,AT-->TZ,AT-->TZ,AT-->TZ,AT-->TZ
TH,THA,Thailand,Bangkok,Asia,South-Eastern Asia,,TH-->AT,TH-->AT,TH-->AT,TH-->AT,TH-->AT,TH-->AT,TH-->AT,TH-->AT,TH-->AT,TH-->AT,TH-->AT,TH-->AT,TH-->AT,TH-->AT,TH-->AT,TH-->AT,TH-->AT,TH-->AT,TH-->AT,,,,,,,,,,,,,,,,,AT-->TH,AT-->TH,AT-->TH,AT-->TH,AT-->TH,AT-->TH,AT-->TH,AT-->TH,AT-->TH,AT-->TH,AT-->TH,AT-->TH,AT-->TH,AT-->TH,AT-->TH,AT-->TH,AT-->TH,AT-->TH,AT-->TH
TL,TLS,East Timor,Dili,Asia,South-Eastern Asia,,TL-->AT,TL-->AT,TL-->AT,TL-->AT,TL-->AT,TL-->AT,TL-->AT,TL-->AT,TL-->AT,TL-->AT,TL-->AT,TL-->AT,TL-->AT,TL-->AT,TL-->AT,TL-->AT,TL-->AT,TL-->AT,TL-->AT,,,,,,,,,,,,,,,,,AT-->TL,AT-->TL,AT-->TL,AT-->TL,AT-->TL,AT-->TL,AT-->TL,AT-->TL,AT-->TL,AT-->TL,AT-->TL,AT-->TL,AT-->TL,AT-->TL,AT-->TL,AT-->TL,AT-->TL,AT-->TL,AT-->TL
TG,TGO,Togo,Lomé,Africa,Western Africa,,TG-->AT,TG-->AT,TG-->AT,TG-->AT,TG-->AT,TG-->AT,TG-->AT,TG-->AT,TG-->AT,TG-->AT,TG-->AT,TG-->AT,TG-->AT,TG-->AT,TG-->AT,TG-->AT,TG-->AT,TG-->AT,TG-->AT,,,,,,,,,,,,,,,,,AT-->TG,AT-->TG,AT-->TG,AT-->TG,AT-->TG,AT-->TG,AT-->TG,AT-->TG,AT-->TG,AT-->TG,AT-->TG,AT-->TG,AT-->TG,AT-->TG,AT-->TG,AT-->TG,AT-->TG,AT-->TG,AT-->TG
TK,TKL,Tokelau,Fakaofo,Oceania,Polynesia,,TK-->AT,TK-->AT,TK-->AT,TK-->AT,TK-->AT,TK-->AT,TK-->AT,TK-->AT,TK-->AT,TK-->AT,TK-->AT,TK-->AT,TK-->AT,TK-->AT,TK-->AT,TK-->AT,TK-->AT,TK-->AT,TK-->AT,,,,,,,,,,,,,,,,,AT-->TK,AT-->TK,AT-->TK,AT-->TK,AT-->TK,AT-->TK,AT-->TK,AT-->TK,AT-->TK,AT-->TK,AT-->TK,AT-->TK,AT-->TK,AT-->TK,AT-->TK,AT-->TK,AT-->TK,AT-->TK,AT-->TK
TO,TON,Tonga,Nuku'alofa,Oceania,Polynesia,,TO-->AT,TO-->AT,TO-->AT,TO-->AT,TO-->AT,TO-->AT,TO-->AT,TO-->AT,TO-->AT,TO-->AT,TO-->AT,TO-->AT,TO-->AT,TO-->AT,TO-->AT,TO-->AT,TO-->AT,TO-->AT,TO-->AT,,,,,,,,,,,,,,,,,AT-->TO,AT-->TO,AT-->TO,AT-->TO,AT-->TO,AT-->TO,AT-->TO,AT-->TO,AT-->TO,AT-->TO,AT-->TO,AT-->TO,AT-->TO,AT-->TO,AT-->TO,AT-->TO,AT-->TO,AT-->TO,AT-->TO
TT,TTO,Trinidad and Tobago,Port of Spain,Americas,Caribbean,,TT-->AT,TT-->AT,TT-->AT,TT-->AT,TT-->AT,TT-->AT,TT-->AT,TT-->AT,TT-->AT,TT-->AT,TT-->AT,TT-->AT,TT-->AT,TT-->AT,TT-->AT,TT-->AT,TT-->AT,TT-->AT,TT-->AT,,,,,,,,,,,,,,,,,AT-->TT,AT-->TT,AT-->TT,AT-->TT,AT-->TT,AT-->TT,AT-->TT,AT-->TT,AT-->TT,AT-->TT,AT-->TT,AT-->TT,AT-->TT,AT-->TT,AT-->TT,AT-->TT,AT-->TT,AT-->TT,AT-->TT
TN,TUN,Tunisia,Tunis,Africa,Northern Africa,,TN-->AT,TN-->AT,TN-->AT,TN-->AT,TN-->AT,TN-->AT,TN-->AT,TN-->AT,TN-->AT,TN-->AT,TN-->AT,TN-->AT,TN-->AT,TN-->AT,TN-->AT,TN-->AT,TN-->AT,TN-->AT,TN-->AT,,,,,,,,,,,,,,,,,AT-->TN,AT-->TN,AT-->TN,AT-->TN,AT-->TN,AT-->TN,AT-->TN,AT-->TN,AT-->TN,AT-->TN,AT-->TN,AT-->TN,AT-->TN,AT-->TN,AT-->TN,AT-->TN,AT-->TN,AT-->TN,AT-->TN
TR,TUR,Turkey,Ankara,Asia,Western Asia,,TR-->AT,TR-->AT,TR-->AT,TR-->AT,TR-->AT,TR-->AT,TR-->AT,TR-->AT,TR-->AT,TR-->AT,TR-->AT,TR-->AT,TR-->AT,TR-->AT,TR-->AT,TR-->AT,TR-->AT,TR-->AT,TR-->AT,,,,,,,,,,,,,,,,,AT-->TR,AT-->TR,AT-->TR,AT-->TR,AT-->TR,AT-->TR,AT-->TR,AT-->TR,AT-->TR,AT-->TR,AT-->TR,AT-->TR,AT-->TR,AT-->TR,AT-->TR,AT-->TR,AT-->TR,AT-->TR,AT-->TR
TM,TKM,Turkmenistan,Ashgabat,Asia,Central Asia,,TM-->AT,TM-->AT,TM-->AT,TM-->AT,TM-->AT,TM-->AT,TM-->AT,TM-->AT,TM-->AT,TM-->AT,TM-->AT,TM-->AT,TM-->AT,TM-->AT,TM-->AT,TM-->AT,TM-->AT,TM-->AT,TM-->AT,,,,,,,,,,,,,,,,,AT-->TM,AT-->TM,AT-->TM,AT-->TM,AT-->TM,AT-->TM,AT-->TM,AT-->TM,AT-->TM,AT-->TM,AT-->TM,AT-->TM,AT-->TM,AT-->TM,AT-->TM,AT-->TM,AT-->TM,AT-->TM,AT-->TM
TC,TCA,Turks and Caicos Islands,Cockburn Town,Americas,Caribbean,,TC-->AT,TC-->AT,TC-->AT,TC-->AT,TC-->AT,TC-->AT,TC-->AT,TC-->AT,TC-->AT,TC-->AT,TC-->AT,TC-->AT,TC-->AT,TC-->AT,TC-->AT,TC-->AT,TC-->AT,TC-->AT,TC-->AT,,,,,,,,,,,,,,,,,AT-->TC,AT-->TC,AT-->TC,AT-->TC,AT-->TC,AT-->TC,AT-->TC,AT-->TC,AT-->TC,AT-->TC,AT-->TC,AT-->TC,AT-->TC,AT-->TC,AT-->TC,AT-->TC,AT-->TC,AT-->TC,AT-->TC
TV,TUV,Tuvalu,Funafuti,Oceania,Polynesia,,TV-->AT,TV-->AT,TV-->AT,TV-->AT,TV-->AT,TV-->AT,TV-->AT,TV-->AT,TV-->AT,TV-->AT,TV-->AT,TV-->AT,TV-->AT,TV-->AT,TV-->AT,TV-->AT,TV-->AT,TV-->AT,TV-->AT,,,,,,,,,,,,,,,,,AT-->TV,AT-->TV,AT-->TV,AT-->TV,AT-->TV,AT-->TV,AT-->TV,AT-->TV,AT-->TV,AT-->TV,AT-->TV,AT-->TV,AT-->TV,AT-->TV,AT-->TV,AT-->TV,AT-->TV,AT-->TV,AT-->TV
UG,UGA,Uganda,Kampala,Africa,Eastern Africa,,UG-->AT,UG-->AT,UG-->AT,UG-->AT,UG-->AT,UG-->AT,UG-->AT,UG-->AT,UG-->AT,UG-->AT,UG-->AT,UG-->AT,UG-->AT,UG-->AT,UG-->AT,UG-->AT,UG-->AT,UG-->AT,UG-->AT,,,,,,,,,,,,,,,,,AT-->UG,AT-->UG,AT-->UG,AT-->UG,AT-->UG,AT-->UG,AT-->UG,AT-->UG,AT-->UG,AT-->UG,AT-->UG,AT-->UG,AT-->UG,AT-->UG,AT-->UG,AT-->UG,AT-->UG,AT-->UG,AT-->UG
UA,UKR,Ukraine,Kiev,Europe,Eastern Europe,,UA-->AT,UA-->AT,UA-->AT,UA-->AT,UA-->AT,UA-->AT,UA-->AT,UA-->AT,UA-->AT,UA-->AT,UA-->AT,UA-->AT,UA-->AT,UA-->AT,UA-->AT,UA-->AT,UA-->AT,UA-->AT,UA-->AT,,,,,,,,,,,,,,,,,AT-->UA,AT-->UA,AT-->UA,AT-->UA,AT-->UA,AT-->UA,AT-->UA,AT-->UA,AT-->UA,AT-->UA,AT-->UA,AT-->UA,AT-->UA,AT-->UA,AT-->UA,AT-->UA,AT-->UA,AT-->UA,AT-->UA
AE,ARE,United Arab Emirates,Abu Dhabi,Asia,Western Asia,,AE-->AT,AE-->AT,AE-->AT,AE-->AT,AE-->AT,AE-->AT,AE-->AT,AE-->AT,AE-->AT,AE-->AT,AE-->AT,AE-->AT,AE-->AT,AE-->AT,AE-->AT,AE-->AT,AE-->AT,AE-->AT,AE-->AT,,,,,,,,,,,,,,,,,AT-->AE,AT-->AE,AT-->AE,AT-->AE,AT-->AE,AT-->AE,AT-->AE,AT-->AE,AT-->AE,AT-->AE,AT-->AE,AT-->AE,AT-->AE,AT-->AE,AT-->AE,AT-->AE,AT-->AE,AT-->AE,AT-->AE
GB,GBR,United Kingdom,London,Europe,Northern Europe,,GB-->AT,GB-->AT,GB-->AT,GB-->AT,GB-->AT,GB-->AT,GB-->AT,GB-->AT,GB-->AT,GB-->AT,GB-->AT,GB-->AT,GB-->AT,GB-->AT,GB-->AT,GB-->AT,GB-->AT,GB-->AT,GB-->AT,,,,,,,,,,,,,,,,,AT-->GB,AT-->GB,AT-->GB,AT-->GB,AT-->GB,AT-->GB,AT-->GB,AT-->GB,AT-->GB,AT-->GB,AT-->GB,AT-->GB,AT-->GB,AT-->GB,AT-->GB,AT-->GB,AT-->GB,AT-->GB,AT-->GB
US,USA,United States,"Washington, D.C.",Americas,Northern America,,US-->AT,US-->AT,US-->AT,US-->AT,US-->AT,US-->AT,US-->AT,US-->AT,US-->AT,US-->AT,US-->AT,US-->AT,US-->AT,US-->AT,US-->AT,US-->AT,US-->AT,US-->AT,US-->AT,,,,,,,,,,,,,,,,,AT-->US,AT-->US,AT-->US,AT-->US,AT-->US,AT-->US,AT-->US,AT-->US,AT-->US,AT-->US,AT-->US,AT-->US,AT-->US,AT-->US,AT-->US,AT-->US,AT-->US,AT-->US,AT-->US
UY,URY,Uruguay,Montevideo,Americas,South America,,UY-->AT,UY-->AT,UY-->AT,UY-->AT,UY-->AT,UY-->AT,UY-->AT,UY-->AT,UY-->AT,UY-->AT,UY-->AT,UY-->AT,UY-->AT,UY-->AT,UY-->AT,UY-->AT,UY-->AT,UY-->AT,UY-->AT,,,,,,,,,,,,,,,,,AT-->UY,AT-->UY,AT-->UY,AT-->UY,AT-->UY,AT-->UY,AT-->UY,AT-->UY,AT-->UY,AT-->UY,AT-->UY,AT-->UY,AT-->UY,AT-->UY,AT-->UY,AT-->UY,AT-->UY,AT-->UY,AT-->UY
UZ,UZB,Uzbekistan,Tashkent,Asia,Central Asia,,UZ-->AT,UZ-->AT,UZ-->AT,UZ-->AT,UZ-->AT,UZ-->AT,UZ-->AT,UZ-->AT,UZ-->AT,UZ-->AT,UZ-->AT,UZ-->AT,UZ-->AT,UZ-->AT,UZ-->AT,UZ-->AT,UZ-->AT,UZ-->AT,UZ-->AT,,,,,,,,,,,,,,,,,AT-->UZ,AT-->UZ,AT-->UZ,AT-->UZ,AT-->UZ,AT-->UZ,AT-->UZ,AT-->UZ,AT-->UZ,AT-->UZ,AT-->UZ,AT-->UZ,AT-->UZ,AT-->UZ,AT-->UZ,AT-->UZ,AT-->UZ,AT-->UZ,AT-->UZ
VU,VUT,Vanuatu,Port Vila,Oceania,Melanesia,,VU-->AT,VU-->AT,VU-->AT,VU-->AT,VU-->AT,VU-->AT,VU-->AT,VU-->AT,VU-->AT,VU-->AT,VU-->AT,VU-->AT,VU-->AT,VU-->AT,VU-->AT,VU-->AT,VU-->AT,VU-->AT,VU-->AT,,,,,,,,,,,,,,,,,AT-->VU,AT-->VU,AT-->VU,AT-->VU,AT-->VU,AT-->VU,AT-->VU,AT-->VU,AT-->VU,AT-->VU,AT-->VU,AT-->VU,AT-->VU,AT-->VU,AT-->VU,AT-->VU,AT-->VU,AT-->VU,AT-->VU
VE,VEN,Venezuela,Caracas,Americas,South America,,VE-->AT,VE-->AT,VE-->AT,VE-->AT,VE-->AT,VE-->AT,VE-->AT,VE-->AT,VE-->AT,VE-->AT,VE-->AT,VE-->AT,VE-->AT,VE-->AT,VE-->AT,VE-->AT,VE-->AT,VE-->AT,VE-->AT,,,,,,,,,,,,,,,,,AT-->VE,AT-->VE,AT-->VE,AT-->VE,AT-->VE,AT-->VE,AT-->VE,AT-->VE,AT-->VE,AT-->VE,AT-->VE,AT-->VE,AT-->VE,AT-->VE,AT-->VE,AT-->VE,AT-->VE,AT-->VE,AT-->VE
VN,VNM,Vietnam,Hanoi,Asia,South-Eastern Asia,,VN-->AT,VN-->AT,VN-->AT,VN-->AT,VN-->AT,VN-->AT,VN-->AT,VN-->AT,VN-->AT,VN-->AT,VN-->AT,VN-->AT,VN-->AT,VN-->AT,VN-->AT,VN-->AT,VN-->AT,VN-->AT,VN-->AT,,,,,,,,,,,,,,,,,AT-->VN,AT-->VN,AT-->VN,AT-->VN,AT-->VN,AT-->VN,AT-->VN,AT-->VN,AT-->VN,AT-->VN,AT-->VN,AT-->VN,AT-->VN,AT-->VN,AT-->VN,AT-->VN,AT-->VN,AT-->VN,AT-->VN
WF,WLF,Wallis and Futuna,Mata-Utu,Oceania,Polynesia,,WF-->AT,WF-->AT,WF-->AT,WF-->AT,WF-->AT,WF-->AT,WF-->AT,WF-->AT,WF-->AT,WF-->AT,WF-->AT,WF-->AT,WF-->AT,WF-->AT,WF-->AT,WF-->AT,WF-->AT,WF-->AT,WF-->AT,,,,,,,,,,,,,,,,,AT-->WF,AT-->WF,AT-->WF,AT-->WF,AT-->WF,AT-->WF,AT-->WF,AT-->WF,AT-->WF,AT-->WF,AT-->WF,AT-->WF,AT-->WF,AT-->WF,AT-->WF,AT-->WF,AT-->WF,AT-->WF,AT-->WF
EH,ESH,Western Sahara,El Aaiún,Africa,Northern Africa,,EH-->AT,EH-->AT,EH-->AT,EH-->AT,EH-->AT,EH-->AT,EH-->AT,EH-->AT,EH-->AT,EH-->AT,EH-->AT,EH-->AT,EH-->AT,EH-->AT,EH-->AT,EH-->AT,EH-->AT,EH-->AT,EH-->AT,,,,,,,,,,,,,,,,,AT-->EH,AT-->EH,AT-->EH,AT-->EH,AT-->EH,AT-->EH,AT-->EH,AT-->EH,AT-->EH,AT-->EH,AT-->EH,AT-->EH,AT-->EH,AT-->EH,AT-->EH,AT-->EH,AT-->EH,AT-->EH,AT-->EH
YE,YEM,Yemen,Sana'a,Asia,Western Asia,,YE-->AT,YE-->AT,YE-->AT,YE-->AT,YE-->AT,YE-->AT,YE-->AT,YE-->AT,YE-->AT,YE-->AT,YE-->AT,YE-->AT,YE-->AT,YE-->AT,YE-->AT,YE-->AT,YE-->AT,YE-->AT,YE-->AT,,,,,,,,,,,,,,,,,AT-->YE,AT-->YE,AT-->YE,AT-->YE,AT-->YE,AT-->YE,AT-->YE,AT-->YE,AT-->YE,AT-->YE,AT-->YE,AT-->YE,AT-->YE,AT-->YE,AT-->YE,AT-->YE,AT-->YE,AT-->YE,AT-->YE
ZM,ZMB,Zambia,Lusaka,Africa,Eastern Africa,,ZM-->AT,ZM-->AT,ZM-->AT,ZM-->AT,ZM-->AT,ZM-->AT,ZM-->AT,ZM-->AT,ZM-->AT,ZM-->AT,ZM-->AT,ZM-->AT,ZM-->AT,ZM-->AT,ZM-->AT,ZM-->AT,ZM-->AT,ZM-->AT,ZM-->AT,,,,,,,,,,,,,,,,,AT-->ZM,AT-->ZM,AT-->ZM,AT-->ZM,AT-->ZM,AT-->ZM,AT-->ZM,AT-->ZM,AT-->ZM,AT-->ZM,AT-->ZM,AT-->ZM,AT-->ZM,AT-->ZM,AT-->ZM,AT-->ZM,AT-->ZM,AT-->ZM,AT-->ZM
ZW,ZWE,Zimbabwe,Harare,Africa,Eastern Africa,,ZW-->AT,ZW-->AT,ZW-->AT,ZW-->AT,ZW-->AT,ZW-->AT,ZW-->AT,ZW-->AT,ZW-->AT,ZW-->AT,ZW-->AT,ZW-->AT,ZW-->AT,ZW-->AT,ZW-->AT,ZW-->AT,ZW-->AT,ZW-->AT,ZW-->AT,,,,,,,,,,,,,,,,,AT-->ZW,AT-->ZW,AT-->ZW,AT-->ZW,AT-->ZW,AT-->ZW,AT-->ZW,AT-->ZW,AT-->ZW,AT-->ZW,AT-->ZW,AT-->ZW,AT-->ZW,AT-->ZW,AT-->ZW,AT-->ZW,AT-->ZW,AT-->ZW,AT-->ZW
