nu,code,name,capital,region,subregion,Unnamed: 6,quara/into/where/e,quara/into/where/v,quara/into/where/uv,quara/into/min/e,quara/into/min/v,quara/into/min/uv,quara/into/max/e,quara/into/max/v,quara/into/max/uv,quara/into/comment,test/into/pcr/e,test/into/pcr/v,test/into/pcr/uv,test/into/ag/e,test/into/ag/v,test/into/ag/uv,test/into/comment,visa/into,visa/into/comment,loadStates/into,Unnamed: 27,Unnamed: 28,Unnamed: 29,Unnamed: 30,Unnamed: 31,Unnamed: 32,Unnamed: 33,Unnamed: 34,Unnamed: 35,Unnamed: 36,Unnamed: 37,Unnamed: 38,Unnamed: 39,Unnamed: 40,Unnamed: 41,quara/out/where/e,quara/out/where/v,quara/out/where/uv,quara/out/min/e,quara/out/min/v,quara/out/min/uv,quara/out/max/e,quara/out/max/v,quara/out/max/uv,quara/out/comment,test/out/pcr/e,test/out/pcr/v,test/out/pcr/uv,test/out/ag/e,test/out/ag/v,test/out/ag/uv,test/out/comment,visa/out,visa/out/comment
AF,AFG,Afghanistan,Kabul,Asia,Southern Asia,,AF-->BE,AF-->BE,AF-->BE,AF-->BE,AF-->BE,AF-->BE,AF-->BE,AF-->BE,AF-->BE,AF-->BE,AF-->BE,AF-->BE,AF-->BE,AF-->BE,AF-->BE,AF-->BE,AF-->BE,AF-->BE,AF-->BE,,,,,,,,,,,,,,,,,BE-->AF,BE-->AF,BE-->AF,BE-->AF,BE-->AF,BE-->AF,BE-->AF,BE-->AF,BE-->AF,BE-->AF,BE-->AF,BE-->AF,BE-->AF,BE-->AF,BE-->AF,BE-->AF,BE-->AF,BE-->AF,BE-->AF
AX,ALA,Åland Islands,Mariehamn,Europe,Northern Europe,,AX-->BE,AX-->BE,AX-->BE,AX-->BE,AX-->BE,AX-->BE,AX-->BE,AX-->BE,AX-->BE,AX-->BE,AX-->BE,AX-->BE,AX-->BE,AX-->BE,AX-->BE,AX-->BE,AX-->BE,AX-->BE,AX-->BE,,,,,,,,,,,,,,,,,BE-->AX,BE-->AX,BE-->AX,BE-->AX,BE-->AX,BE-->AX,BE-->AX,BE-->AX,BE-->AX,BE-->AX,BE-->AX,BE-->AX,BE-->AX,BE-->AX,BE-->AX,BE-->AX,BE-->AX,BE-->AX,BE-->AX
AL,ALB,Albania,Tirana,Europe,Southern Europe,,AL-->BE,AL-->BE,AL-->BE,AL-->BE,AL-->BE,AL-->BE,AL-->BE,AL-->BE,AL-->BE,AL-->BE,AL-->BE,AL-->BE,AL-->BE,AL-->BE,AL-->BE,AL-->BE,AL-->BE,AL-->BE,AL-->BE,,,,,,,,,,,,,,,,,BE-->AL,BE-->AL,BE-->AL,BE-->AL,BE-->AL,BE-->AL,BE-->AL,BE-->AL,BE-->AL,BE-->AL,BE-->AL,BE-->AL,BE-->AL,BE-->AL,BE-->AL,BE-->AL,BE-->AL,BE-->AL,BE-->AL
DZ,DZA,Algeria,Algiers,Africa,Northern Africa,,DZ-->BE,DZ-->BE,DZ-->BE,DZ-->BE,DZ-->BE,DZ-->BE,DZ-->BE,DZ-->BE,DZ-->BE,DZ-->BE,DZ-->BE,DZ-->BE,DZ-->BE,DZ-->BE,DZ-->BE,DZ-->BE,DZ-->BE,DZ-->BE,DZ-->BE,,,,,,,,,,,,,,,,,BE-->DZ,BE-->DZ,BE-->DZ,BE-->DZ,BE-->DZ,BE-->DZ,BE-->DZ,BE-->DZ,BE-->DZ,BE-->DZ,BE-->DZ,BE-->DZ,BE-->DZ,BE-->DZ,BE-->DZ,BE-->DZ,BE-->DZ,BE-->DZ,BE-->DZ
AS,ASM,American Samoa,Pago Pago,Oceania,Polynesia,,AS-->BE,AS-->BE,AS-->BE,AS-->BE,AS-->BE,AS-->BE,AS-->BE,AS-->BE,AS-->BE,AS-->BE,AS-->BE,AS-->BE,AS-->BE,AS-->BE,AS-->BE,AS-->BE,AS-->BE,AS-->BE,AS-->BE,,,,,,,,,,,,,,,,,BE-->AS,BE-->AS,BE-->AS,BE-->AS,BE-->AS,BE-->AS,BE-->AS,BE-->AS,BE-->AS,BE-->AS,BE-->AS,BE-->AS,BE-->AS,BE-->AS,BE-->AS,BE-->AS,BE-->AS,BE-->AS,BE-->AS
AD,AND,Andorra,Andorra la Vella,Europe,Southern Europe,,AD-->BE,AD-->BE,AD-->BE,AD-->BE,AD-->BE,AD-->BE,AD-->BE,AD-->BE,AD-->BE,AD-->BE,AD-->BE,AD-->BE,AD-->BE,AD-->BE,AD-->BE,AD-->BE,AD-->BE,AD-->BE,AD-->BE,,,,,,,,,,,,,,,,,BE-->AD,BE-->AD,BE-->AD,BE-->AD,BE-->AD,BE-->AD,BE-->AD,BE-->AD,BE-->AD,BE-->AD,BE-->AD,BE-->AD,BE-->AD,BE-->AD,BE-->AD,BE-->AD,BE-->AD,BE-->AD,BE-->AD
AO,AGO,Angola,Luanda,Africa,Middle Africa,,AO-->BE,AO-->BE,AO-->BE,AO-->BE,AO-->BE,AO-->BE,AO-->BE,AO-->BE,AO-->BE,AO-->BE,AO-->BE,AO-->BE,AO-->BE,AO-->BE,AO-->BE,AO-->BE,AO-->BE,AO-->BE,AO-->BE,,,,,,,,,,,,,,,,,BE-->AO,BE-->AO,BE-->AO,BE-->AO,BE-->AO,BE-->AO,BE-->AO,BE-->AO,BE-->AO,BE-->AO,BE-->AO,BE-->AO,BE-->AO,BE-->AO,BE-->AO,BE-->AO,BE-->AO,BE-->AO,BE-->AO
AI,AIA,Anguilla,The Valley,Americas,Caribbean,,AI-->BE,AI-->BE,AI-->BE,AI-->BE,AI-->BE,AI-->BE,AI-->BE,AI-->BE,AI-->BE,AI-->BE,AI-->BE,AI-->BE,AI-->BE,AI-->BE,AI-->BE,AI-->BE,AI-->BE,AI-->BE,AI-->BE,,,,,,,,,,,,,,,,,BE-->AI,BE-->AI,BE-->AI,BE-->AI,BE-->AI,BE-->AI,BE-->AI,BE-->AI,BE-->AI,BE-->AI,BE-->AI,BE-->AI,BE-->AI,BE-->AI,BE-->AI,BE-->AI,BE-->AI,BE-->AI,BE-->AI
AQ,ATA,Antarctica,,Polar,,,AQ-->BE,AQ-->BE,AQ-->BE,AQ-->BE,AQ-->BE,AQ-->BE,AQ-->BE,AQ-->BE,AQ-->BE,AQ-->BE,AQ-->BE,AQ-->BE,AQ-->BE,AQ-->BE,AQ-->BE,AQ-->BE,AQ-->BE,AQ-->BE,AQ-->BE,,,,,,,,,,,,,,,,,BE-->AQ,BE-->AQ,BE-->AQ,BE-->AQ,BE-->AQ,BE-->AQ,BE-->AQ,BE-->AQ,BE-->AQ,BE-->AQ,BE-->AQ,BE-->AQ,BE-->AQ,BE-->AQ,BE-->AQ,BE-->AQ,BE-->AQ,BE-->AQ,BE-->AQ
AG,ATG,Antigua and Barbuda,Saint John's,Americas,Caribbean,,AG-->BE,AG-->BE,AG-->BE,AG-->BE,AG-->BE,AG-->BE,AG-->BE,AG-->BE,AG-->BE,AG-->BE,AG-->BE,AG-->BE,AG-->BE,AG-->BE,AG-->BE,AG-->BE,AG-->BE,AG-->BE,AG-->BE,,,,,,,,,,,,,,,,,BE-->AG,BE-->AG,BE-->AG,BE-->AG,BE-->AG,BE-->AG,BE-->AG,BE-->AG,BE-->AG,BE-->AG,BE-->AG,BE-->AG,BE-->AG,BE-->AG,BE-->AG,BE-->AG,BE-->AG,BE-->AG,BE-->AG
AR,ARG,Argentina,Buenos Aires,Americas,South America,,AR-->BE,AR-->BE,AR-->BE,AR-->BE,AR-->BE,AR-->BE,AR-->BE,AR-->BE,AR-->BE,AR-->BE,AR-->BE,AR-->BE,AR-->BE,AR-->BE,AR-->BE,AR-->BE,AR-->BE,AR-->BE,AR-->BE,,,,,,,,,,,,,,,,,BE-->AR,BE-->AR,BE-->AR,BE-->AR,BE-->AR,BE-->AR,BE-->AR,BE-->AR,BE-->AR,BE-->AR,BE-->AR,BE-->AR,BE-->AR,BE-->AR,BE-->AR,BE-->AR,BE-->AR,BE-->AR,BE-->AR
AM,ARM,Armenia,Yerevan,Asia,Western Asia,,AM-->BE,AM-->BE,AM-->BE,AM-->BE,AM-->BE,AM-->BE,AM-->BE,AM-->BE,AM-->BE,AM-->BE,AM-->BE,AM-->BE,AM-->BE,AM-->BE,AM-->BE,AM-->BE,AM-->BE,AM-->BE,AM-->BE,,,,,,,,,,,,,,,,,BE-->AM,BE-->AM,BE-->AM,BE-->AM,BE-->AM,BE-->AM,BE-->AM,BE-->AM,BE-->AM,BE-->AM,BE-->AM,BE-->AM,BE-->AM,BE-->AM,BE-->AM,BE-->AM,BE-->AM,BE-->AM,BE-->AM
AW,ABW,Aruba,Oranjestad,Americas,Caribbean,,AW-->BE,AW-->BE,AW-->BE,AW-->BE,AW-->BE,AW-->BE,AW-->BE,AW-->BE,AW-->BE,AW-->BE,AW-->BE,AW-->BE,AW-->BE,AW-->BE,AW-->BE,AW-->BE,AW-->BE,AW-->BE,AW-->BE,,,,,,,,,,,,,,,,,BE-->AW,BE-->AW,BE-->AW,BE-->AW,BE-->AW,BE-->AW,BE-->AW,BE-->AW,BE-->AW,BE-->AW,BE-->AW,BE-->AW,BE-->AW,BE-->AW,BE-->AW,BE-->AW,BE-->AW,BE-->AW,BE-->AW
AU,AUS,Australia,Canberra,Oceania,Australia and New Zealand,,AU-->BE,AU-->BE,AU-->BE,AU-->BE,AU-->BE,AU-->BE,AU-->BE,AU-->BE,AU-->BE,AU-->BE,AU-->BE,AU-->BE,AU-->BE,AU-->BE,AU-->BE,AU-->BE,AU-->BE,AU-->BE,AU-->BE,,,,,,,,,,,,,,,,,BE-->AU,BE-->AU,BE-->AU,BE-->AU,BE-->AU,BE-->AU,BE-->AU,BE-->AU,BE-->AU,BE-->AU,BE-->AU,BE-->AU,BE-->AU,BE-->AU,BE-->AU,BE-->AU,BE-->AU,BE-->AU,BE-->AU
AT,AUT,Austria,Vienna,Europe,Western Europe,,AT-->BE,AT-->BE,AT-->BE,AT-->BE,AT-->BE,AT-->BE,AT-->BE,AT-->BE,AT-->BE,AT-->BE,AT-->BE,AT-->BE,AT-->BE,AT-->BE,AT-->BE,AT-->BE,AT-->BE,AT-->BE,AT-->BE,,,,,,,,,,,,,,,,,BE-->AT,BE-->AT,BE-->AT,BE-->AT,BE-->AT,BE-->AT,BE-->AT,BE-->AT,BE-->AT,BE-->AT,BE-->AT,BE-->AT,BE-->AT,BE-->AT,BE-->AT,BE-->AT,BE-->AT,BE-->AT,BE-->AT
AZ,AZE,Azerbaijan,Baku,Asia,Western Asia,,AZ-->BE,AZ-->BE,AZ-->BE,AZ-->BE,AZ-->BE,AZ-->BE,AZ-->BE,AZ-->BE,AZ-->BE,AZ-->BE,AZ-->BE,AZ-->BE,AZ-->BE,AZ-->BE,AZ-->BE,AZ-->BE,AZ-->BE,AZ-->BE,AZ-->BE,,,,,,,,,,,,,,,,,BE-->AZ,BE-->AZ,BE-->AZ,BE-->AZ,BE-->AZ,BE-->AZ,BE-->AZ,BE-->AZ,BE-->AZ,BE-->AZ,BE-->AZ,BE-->AZ,BE-->AZ,BE-->AZ,BE-->AZ,BE-->AZ,BE-->AZ,BE-->AZ,BE-->AZ
BS,BHS,The Bahamas,Nassau,Americas,Caribbean,,BS-->BE,BS-->BE,BS-->BE,BS-->BE,BS-->BE,BS-->BE,BS-->BE,BS-->BE,BS-->BE,BS-->BE,BS-->BE,BS-->BE,BS-->BE,BS-->BE,BS-->BE,BS-->BE,BS-->BE,BS-->BE,BS-->BE,,,,,,,,,,,,,,,,,BE-->BS,BE-->BS,BE-->BS,BE-->BS,BE-->BS,BE-->BS,BE-->BS,BE-->BS,BE-->BS,BE-->BS,BE-->BS,BE-->BS,BE-->BS,BE-->BS,BE-->BS,BE-->BS,BE-->BS,BE-->BS,BE-->BS
BH,BHR,Bahrain,Manama,Asia,Western Asia,,BH-->BE,BH-->BE,BH-->BE,BH-->BE,BH-->BE,BH-->BE,BH-->BE,BH-->BE,BH-->BE,BH-->BE,BH-->BE,BH-->BE,BH-->BE,BH-->BE,BH-->BE,BH-->BE,BH-->BE,BH-->BE,BH-->BE,,,,,,,,,,,,,,,,,BE-->BH,BE-->BH,BE-->BH,BE-->BH,BE-->BH,BE-->BH,BE-->BH,BE-->BH,BE-->BH,BE-->BH,BE-->BH,BE-->BH,BE-->BH,BE-->BH,BE-->BH,BE-->BH,BE-->BH,BE-->BH,BE-->BH
BD,BGD,Bangladesh,Dhaka,Asia,Southern Asia,,BD-->BE,BD-->BE,BD-->BE,BD-->BE,BD-->BE,BD-->BE,BD-->BE,BD-->BE,BD-->BE,BD-->BE,BD-->BE,BD-->BE,BD-->BE,BD-->BE,BD-->BE,BD-->BE,BD-->BE,BD-->BE,BD-->BE,,,,,,,,,,,,,,,,,BE-->BD,BE-->BD,BE-->BD,BE-->BD,BE-->BD,BE-->BD,BE-->BD,BE-->BD,BE-->BD,BE-->BD,BE-->BD,BE-->BD,BE-->BD,BE-->BD,BE-->BD,BE-->BD,BE-->BD,BE-->BD,BE-->BD
BB,BRB,Barbados,Bridgetown,Americas,Caribbean,,BB-->BE,BB-->BE,BB-->BE,BB-->BE,BB-->BE,BB-->BE,BB-->BE,BB-->BE,BB-->BE,BB-->BE,BB-->BE,BB-->BE,BB-->BE,BB-->BE,BB-->BE,BB-->BE,BB-->BE,BB-->BE,BB-->BE,,,,,,,,,,,,,,,,,BE-->BB,BE-->BB,BE-->BB,BE-->BB,BE-->BB,BE-->BB,BE-->BB,BE-->BB,BE-->BB,BE-->BB,BE-->BB,BE-->BB,BE-->BB,BE-->BB,BE-->BB,BE-->BB,BE-->BB,BE-->BB,BE-->BB
BY,BLR,Belarus,Minsk,Europe,Eastern Europe,,BY-->BE,BY-->BE,BY-->BE,BY-->BE,BY-->BE,BY-->BE,BY-->BE,BY-->BE,BY-->BE,BY-->BE,BY-->BE,BY-->BE,BY-->BE,BY-->BE,BY-->BE,BY-->BE,BY-->BE,BY-->BE,BY-->BE,,,,,,,,,,,,,,,,,BE-->BY,BE-->BY,BE-->BY,BE-->BY,BE-->BY,BE-->BY,BE-->BY,BE-->BY,BE-->BY,BE-->BY,BE-->BY,BE-->BY,BE-->BY,BE-->BY,BE-->BY,BE-->BY,BE-->BY,BE-->BY,BE-->BY
BE,BEL,Belgium,Brussels,Europe,Western Europe,,BE-->BE,BE-->BE,BE-->BE,BE-->BE,BE-->BE,BE-->BE,BE-->BE,BE-->BE,BE-->BE,BE-->BE,BE-->BE,BE-->BE,BE-->BE,BE-->BE,BE-->BE,BE-->BE,BE-->BE,BE-->BE,BE-->BE,,,,,,,,,,,,,,,,,BE-->BE,BE-->BE,BE-->BE,BE-->BE,BE-->BE,BE-->BE,BE-->BE,BE-->BE,BE-->BE,BE-->BE,BE-->BE,BE-->BE,BE-->BE,BE-->BE,BE-->BE,BE-->BE,BE-->BE,BE-->BE,BE-->BE
BZ,BLZ,Belize,Belmopan,Americas,Central America,,BZ-->BE,BZ-->BE,BZ-->BE,BZ-->BE,BZ-->BE,BZ-->BE,BZ-->BE,BZ-->BE,BZ-->BE,BZ-->BE,BZ-->BE,BZ-->BE,BZ-->BE,BZ-->BE,BZ-->BE,BZ-->BE,BZ-->BE,BZ-->BE,BZ-->BE,,,,,,,,,,,,,,,,,BE-->BZ,BE-->BZ,BE-->BZ,BE-->BZ,BE-->BZ,BE-->BZ,BE-->BZ,BE-->BZ,BE-->BZ,BE-->BZ,BE-->BZ,BE-->BZ,BE-->BZ,BE-->BZ,BE-->BZ,BE-->BZ,BE-->BZ,BE-->BZ,BE-->BZ
BJ,BEN,Benin,Porto-Novo,Africa,Western Africa,,BJ-->BE,BJ-->BE,BJ-->BE,BJ-->BE,BJ-->BE,BJ-->BE,BJ-->BE,BJ-->BE,BJ-->BE,BJ-->BE,BJ-->BE,BJ-->BE,BJ-->BE,BJ-->BE,BJ-->BE,BJ-->BE,BJ-->BE,BJ-->BE,BJ-->BE,,,,,,,,,,,,,,,,,BE-->BJ,BE-->BJ,BE-->BJ,BE-->BJ,BE-->BJ,BE-->BJ,BE-->BJ,BE-->BJ,BE-->BJ,BE-->BJ,BE-->BJ,BE-->BJ,BE-->BJ,BE-->BJ,BE-->BJ,BE-->BJ,BE-->BJ,BE-->BJ,BE-->BJ
BM,BMU,Bermuda,Hamilton,Americas,Northern America,,BM-->BE,BM-->BE,BM-->BE,BM-->BE,BM-->BE,BM-->BE,BM-->BE,BM-->BE,BM-->BE,BM-->BE,BM-->BE,BM-->BE,BM-->BE,BM-->BE,BM-->BE,BM-->BE,BM-->BE,BM-->BE,BM-->BE,,,,,,,,,,,,,,,,,BE-->BM,BE-->BM,BE-->BM,BE-->BM,BE-->BM,BE-->BM,BE-->BM,BE-->BM,BE-->BM,BE-->BM,BE-->BM,BE-->BM,BE-->BM,BE-->BM,BE-->BM,BE-->BM,BE-->BM,BE-->BM,BE-->BM
BT,BTN,Bhutan,Thimphu,Asia,Southern Asia,,BT-->BE,BT-->BE,BT-->BE,BT-->BE,BT-->BE,BT-->BE,BT-->BE,BT-->BE,BT-->BE,BT-->BE,BT-->BE,BT-->BE,BT-->BE,BT-->BE,BT-->BE,BT-->BE,BT-->BE,BT-->BE,BT-->BE,,,,,,,,,,,,,,,,,BE-->BT,BE-->BT,BE-->BT,BE-->BT,BE-->BT,BE-->BT,BE-->BT,BE-->BT,BE-->BT,BE-->BT,BE-->BT,BE-->BT,BE-->BT,BE-->BT,BE-->BT,BE-->BT,BE-->BT,BE-->BT,BE-->BT
BO,BOL,Bolivia,Sucre,Americas,South America,,BO-->BE,BO-->BE,BO-->BE,BO-->BE,BO-->BE,BO-->BE,BO-->BE,BO-->BE,BO-->BE,BO-->BE,BO-->BE,BO-->BE,BO-->BE,BO-->BE,BO-->BE,BO-->BE,BO-->BE,BO-->BE,BO-->BE,,,,,,,,,,,,,,,,,BE-->BO,BE-->BO,BE-->BO,BE-->BO,BE-->BO,BE-->BO,BE-->BO,BE-->BO,BE-->BO,BE-->BO,BE-->BO,BE-->BO,BE-->BO,BE-->BO,BE-->BO,BE-->BO,BE-->BO,BE-->BO,BE-->BO
BQ,BES,Bonaire,Kralendijk,Americas,Caribbean,,BQ-->BE,BQ-->BE,BQ-->BE,BQ-->BE,BQ-->BE,BQ-->BE,BQ-->BE,BQ-->BE,BQ-->BE,BQ-->BE,BQ-->BE,BQ-->BE,BQ-->BE,BQ-->BE,BQ-->BE,BQ-->BE,BQ-->BE,BQ-->BE,BQ-->BE,,,,,,,,,,,,,,,,,BE-->BQ,BE-->BQ,BE-->BQ,BE-->BQ,BE-->BQ,BE-->BQ,BE-->BQ,BE-->BQ,BE-->BQ,BE-->BQ,BE-->BQ,BE-->BQ,BE-->BQ,BE-->BQ,BE-->BQ,BE-->BQ,BE-->BQ,BE-->BQ,BE-->BQ
BA,BIH,Bosnia and Herzegovina,Sarajevo,Europe,Southern Europe,,BA-->BE,BA-->BE,BA-->BE,BA-->BE,BA-->BE,BA-->BE,BA-->BE,BA-->BE,BA-->BE,BA-->BE,BA-->BE,BA-->BE,BA-->BE,BA-->BE,BA-->BE,BA-->BE,BA-->BE,BA-->BE,BA-->BE,,,,,,,,,,,,,,,,,BE-->BA,BE-->BA,BE-->BA,BE-->BA,BE-->BA,BE-->BA,BE-->BA,BE-->BA,BE-->BA,BE-->BA,BE-->BA,BE-->BA,BE-->BA,BE-->BA,BE-->BA,BE-->BA,BE-->BA,BE-->BA,BE-->BA
BW,BWA,Botswana,Gaborone,Africa,Southern Africa,,BW-->BE,BW-->BE,BW-->BE,BW-->BE,BW-->BE,BW-->BE,BW-->BE,BW-->BE,BW-->BE,BW-->BE,BW-->BE,BW-->BE,BW-->BE,BW-->BE,BW-->BE,BW-->BE,BW-->BE,BW-->BE,BW-->BE,,,,,,,,,,,,,,,,,BE-->BW,BE-->BW,BE-->BW,BE-->BW,BE-->BW,BE-->BW,BE-->BW,BE-->BW,BE-->BW,BE-->BW,BE-->BW,BE-->BW,BE-->BW,BE-->BW,BE-->BW,BE-->BW,BE-->BW,BE-->BW,BE-->BW
BV,BVT,Bouvet Island,,,,,BV-->BE,BV-->BE,BV-->BE,BV-->BE,BV-->BE,BV-->BE,BV-->BE,BV-->BE,BV-->BE,BV-->BE,BV-->BE,BV-->BE,BV-->BE,BV-->BE,BV-->BE,BV-->BE,BV-->BE,BV-->BE,BV-->BE,,,,,,,,,,,,,,,,,BE-->BV,BE-->BV,BE-->BV,BE-->BV,BE-->BV,BE-->BV,BE-->BV,BE-->BV,BE-->BV,BE-->BV,BE-->BV,BE-->BV,BE-->BV,BE-->BV,BE-->BV,BE-->BV,BE-->BV,BE-->BV,BE-->BV
BR,BRA,Brazil,Brasília,Americas,South America,,BR-->BE,BR-->BE,BR-->BE,BR-->BE,BR-->BE,BR-->BE,BR-->BE,BR-->BE,BR-->BE,BR-->BE,BR-->BE,BR-->BE,BR-->BE,BR-->BE,BR-->BE,BR-->BE,BR-->BE,BR-->BE,BR-->BE,,,,,,,,,,,,,,,,,BE-->BR,BE-->BR,BE-->BR,BE-->BR,BE-->BR,BE-->BR,BE-->BR,BE-->BR,BE-->BR,BE-->BR,BE-->BR,BE-->BR,BE-->BR,BE-->BR,BE-->BR,BE-->BR,BE-->BR,BE-->BR,BE-->BR
IO,IOT,British Indian Ocean Territory,Diego Garcia,Africa,Eastern Africa,,IO-->BE,IO-->BE,IO-->BE,IO-->BE,IO-->BE,IO-->BE,IO-->BE,IO-->BE,IO-->BE,IO-->BE,IO-->BE,IO-->BE,IO-->BE,IO-->BE,IO-->BE,IO-->BE,IO-->BE,IO-->BE,IO-->BE,,,,,,,,,,,,,,,,,BE-->IO,BE-->IO,BE-->IO,BE-->IO,BE-->IO,BE-->IO,BE-->IO,BE-->IO,BE-->IO,BE-->IO,BE-->IO,BE-->IO,BE-->IO,BE-->IO,BE-->IO,BE-->IO,BE-->IO,BE-->IO,BE-->IO
UM,UMI,United States Minor Outlying Islands,,Americas,Northern America,,UM-->BE,UM-->BE,UM-->BE,UM-->BE,UM-->BE,UM-->BE,UM-->BE,UM-->BE,UM-->BE,UM-->BE,UM-->BE,UM-->BE,UM-->BE,UM-->BE,UM-->BE,UM-->BE,UM-->BE,UM-->BE,UM-->BE,,,,,,,,,,,,,,,,,BE-->UM,BE-->UM,BE-->UM,BE-->UM,BE-->UM,BE-->UM,BE-->UM,BE-->UM,BE-->UM,BE-->UM,BE-->UM,BE-->UM,BE-->UM,BE-->UM,BE-->UM,BE-->UM,BE-->UM,BE-->UM,BE-->UM
VG,VGB,Virgin Islands (British),Road Town,Americas,Caribbean,,VG-->BE,VG-->BE,VG-->BE,VG-->BE,VG-->BE,VG-->BE,VG-->BE,VG-->BE,VG-->BE,VG-->BE,VG-->BE,VG-->BE,VG-->BE,VG-->BE,VG-->BE,VG-->BE,VG-->BE,VG-->BE,VG-->BE,,,,,,,,,,,,,,,,,BE-->VG,BE-->VG,BE-->VG,BE-->VG,BE-->VG,BE-->VG,BE-->VG,BE-->VG,BE-->VG,BE-->VG,BE-->VG,BE-->VG,BE-->VG,BE-->VG,BE-->VG,BE-->VG,BE-->VG,BE-->VG,BE-->VG
VI,VIR,Virgin Islands (U.S.),Charlotte Amalie,Americas,Caribbean,,VI-->BE,VI-->BE,VI-->BE,VI-->BE,VI-->BE,VI-->BE,VI-->BE,VI-->BE,VI-->BE,VI-->BE,VI-->BE,VI-->BE,VI-->BE,VI-->BE,VI-->BE,VI-->BE,VI-->BE,VI-->BE,VI-->BE,,,,,,,,,,,,,,,,,BE-->VI,BE-->VI,BE-->VI,BE-->VI,BE-->VI,BE-->VI,BE-->VI,BE-->VI,BE-->VI,BE-->VI,BE-->VI,BE-->VI,BE-->VI,BE-->VI,BE-->VI,BE-->VI,BE-->VI,BE-->VI,BE-->VI
BN,BRN,Brunei,Bandar Seri Begawan,Asia,South-Eastern Asia,,BN-->BE,BN-->BE,BN-->BE,BN-->BE,BN-->BE,BN-->BE,BN-->BE,BN-->BE,BN-->BE,BN-->BE,BN-->BE,BN-->BE,BN-->BE,BN-->BE,BN-->BE,BN-->BE,BN-->BE,BN-->BE,BN-->BE,,,,,,,,,,,,,,,,,BE-->BN,BE-->BN,BE-->BN,BE-->BN,BE-->BN,BE-->BN,BE-->BN,BE-->BN,BE-->BN,BE-->BN,BE-->BN,BE-->BN,BE-->BN,BE-->BN,BE-->BN,BE-->BN,BE-->BN,BE-->BN,BE-->BN
BG,BGR,Bulgaria,Sofia,Europe,Eastern Europe,,BG-->BE,BG-->BE,BG-->BE,BG-->BE,BG-->BE,BG-->BE,BG-->BE,BG-->BE,BG-->BE,BG-->BE,BG-->BE,BG-->BE,BG-->BE,BG-->BE,BG-->BE,BG-->BE,BG-->BE,BG-->BE,BG-->BE,,,,,,,,,,,,,,,,,BE-->BG,BE-->BG,BE-->BG,BE-->BG,BE-->BG,BE-->BG,BE-->BG,BE-->BG,BE-->BG,BE-->BG,BE-->BG,BE-->BG,BE-->BG,BE-->BG,BE-->BG,BE-->BG,BE-->BG,BE-->BG,BE-->BG
BF,BFA,Burkina Faso,Ouagadougou,Africa,Western Africa,,BF-->BE,BF-->BE,BF-->BE,BF-->BE,BF-->BE,BF-->BE,BF-->BE,BF-->BE,BF-->BE,BF-->BE,BF-->BE,BF-->BE,BF-->BE,BF-->BE,BF-->BE,BF-->BE,BF-->BE,BF-->BE,BF-->BE,,,,,,,,,,,,,,,,,BE-->BF,BE-->BF,BE-->BF,BE-->BF,BE-->BF,BE-->BF,BE-->BF,BE-->BF,BE-->BF,BE-->BF,BE-->BF,BE-->BF,BE-->BF,BE-->BF,BE-->BF,BE-->BF,BE-->BF,BE-->BF,BE-->BF
BI,BDI,Burundi,Bujumbura,Africa,Eastern Africa,,BI-->BE,BI-->BE,BI-->BE,BI-->BE,BI-->BE,BI-->BE,BI-->BE,BI-->BE,BI-->BE,BI-->BE,BI-->BE,BI-->BE,BI-->BE,BI-->BE,BI-->BE,BI-->BE,BI-->BE,BI-->BE,BI-->BE,,,,,,,,,,,,,,,,,BE-->BI,BE-->BI,BE-->BI,BE-->BI,BE-->BI,BE-->BI,BE-->BI,BE-->BI,BE-->BI,BE-->BI,BE-->BI,BE-->BI,BE-->BI,BE-->BI,BE-->BI,BE-->BI,BE-->BI,BE-->BI,BE-->BI
KH,KHM,Cambodia,Phnom Penh,Asia,South-Eastern Asia,,KH-->BE,KH-->BE,KH-->BE,KH-->BE,KH-->BE,KH-->BE,KH-->BE,KH-->BE,KH-->BE,KH-->BE,KH-->BE,KH-->BE,KH-->BE,KH-->BE,KH-->BE,KH-->BE,KH-->BE,KH-->BE,KH-->BE,,,,,,,,,,,,,,,,,BE-->KH,BE-->KH,BE-->KH,BE-->KH,BE-->KH,BE-->KH,BE-->KH,BE-->KH,BE-->KH,BE-->KH,BE-->KH,BE-->KH,BE-->KH,BE-->KH,BE-->KH,BE-->KH,BE-->KH,BE-->KH,BE-->KH
CM,CMR,Cameroon,Yaoundé,Africa,Middle Africa,,CM-->BE,CM-->BE,CM-->BE,CM-->BE,CM-->BE,CM-->BE,CM-->BE,CM-->BE,CM-->BE,CM-->BE,CM-->BE,CM-->BE,CM-->BE,CM-->BE,CM-->BE,CM-->BE,CM-->BE,CM-->BE,CM-->BE,,,,,,,,,,,,,,,,,BE-->CM,BE-->CM,BE-->CM,BE-->CM,BE-->CM,BE-->CM,BE-->CM,BE-->CM,BE-->CM,BE-->CM,BE-->CM,BE-->CM,BE-->CM,BE-->CM,BE-->CM,BE-->CM,BE-->CM,BE-->CM,BE-->CM
CA,CAN,Canada,Ottawa,Americas,Northern America,,CA-->BE,CA-->BE,CA-->BE,CA-->BE,CA-->BE,CA-->BE,CA-->BE,CA-->BE,CA-->BE,CA-->BE,CA-->BE,CA-->BE,CA-->BE,CA-->BE,CA-->BE,CA-->BE,CA-->BE,CA-->BE,CA-->BE,,,,,,,,,,,,,,,,,BE-->CA,BE-->CA,BE-->CA,BE-->CA,BE-->CA,BE-->CA,BE-->CA,BE-->CA,BE-->CA,BE-->CA,BE-->CA,BE-->CA,BE-->CA,BE-->CA,BE-->CA,BE-->CA,BE-->CA,BE-->CA,BE-->CA
CV,CPV,Cape Verde,Praia,Africa,Western Africa,,CV-->BE,CV-->BE,CV-->BE,CV-->BE,CV-->BE,CV-->BE,CV-->BE,CV-->BE,CV-->BE,CV-->BE,CV-->BE,CV-->BE,CV-->BE,CV-->BE,CV-->BE,CV-->BE,CV-->BE,CV-->BE,CV-->BE,,,,,,,,,,,,,,,,,BE-->CV,BE-->CV,BE-->CV,BE-->CV,BE-->CV,BE-->CV,BE-->CV,BE-->CV,BE-->CV,BE-->CV,BE-->CV,BE-->CV,BE-->CV,BE-->CV,BE-->CV,BE-->CV,BE-->CV,BE-->CV,BE-->CV
KY,CYM,Cayman Islands,George Town,Americas,Caribbean,,KY-->BE,KY-->BE,KY-->BE,KY-->BE,KY-->BE,KY-->BE,KY-->BE,KY-->BE,KY-->BE,KY-->BE,KY-->BE,KY-->BE,KY-->BE,KY-->BE,KY-->BE,KY-->BE,KY-->BE,KY-->BE,KY-->BE,,,,,,,,,,,,,,,,,BE-->KY,BE-->KY,BE-->KY,BE-->KY,BE-->KY,BE-->KY,BE-->KY,BE-->KY,BE-->KY,BE-->KY,BE-->KY,BE-->KY,BE-->KY,BE-->KY,BE-->KY,BE-->KY,BE-->KY,BE-->KY,BE-->KY
CF,CAF,Central African Republic,Bangui,Africa,Middle Africa,,CF-->BE,CF-->BE,CF-->BE,CF-->BE,CF-->BE,CF-->BE,CF-->BE,CF-->BE,CF-->BE,CF-->BE,CF-->BE,CF-->BE,CF-->BE,CF-->BE,CF-->BE,CF-->BE,CF-->BE,CF-->BE,CF-->BE,,,,,,,,,,,,,,,,,BE-->CF,BE-->CF,BE-->CF,BE-->CF,BE-->CF,BE-->CF,BE-->CF,BE-->CF,BE-->CF,BE-->CF,BE-->CF,BE-->CF,BE-->CF,BE-->CF,BE-->CF,BE-->CF,BE-->CF,BE-->CF,BE-->CF
TD,TCD,Chad,N'Djamena,Africa,Middle Africa,,TD-->BE,TD-->BE,TD-->BE,TD-->BE,TD-->BE,TD-->BE,TD-->BE,TD-->BE,TD-->BE,TD-->BE,TD-->BE,TD-->BE,TD-->BE,TD-->BE,TD-->BE,TD-->BE,TD-->BE,TD-->BE,TD-->BE,,,,,,,,,,,,,,,,,BE-->TD,BE-->TD,BE-->TD,BE-->TD,BE-->TD,BE-->TD,BE-->TD,BE-->TD,BE-->TD,BE-->TD,BE-->TD,BE-->TD,BE-->TD,BE-->TD,BE-->TD,BE-->TD,BE-->TD,BE-->TD,BE-->TD
CL,CHL,Chile,Santiago,Americas,South America,,CL-->BE,CL-->BE,CL-->BE,CL-->BE,CL-->BE,CL-->BE,CL-->BE,CL-->BE,CL-->BE,CL-->BE,CL-->BE,CL-->BE,CL-->BE,CL-->BE,CL-->BE,CL-->BE,CL-->BE,CL-->BE,CL-->BE,,,,,,,,,,,,,,,,,BE-->CL,BE-->CL,BE-->CL,BE-->CL,BE-->CL,BE-->CL,BE-->CL,BE-->CL,BE-->CL,BE-->CL,BE-->CL,BE-->CL,BE-->CL,BE-->CL,BE-->CL,BE-->CL,BE-->CL,BE-->CL,BE-->CL
CN,CHN,China,Beijing,Asia,Eastern Asia,,CN-->BE,CN-->BE,CN-->BE,CN-->BE,CN-->BE,CN-->BE,CN-->BE,CN-->BE,CN-->BE,CN-->BE,CN-->BE,CN-->BE,CN-->BE,CN-->BE,CN-->BE,CN-->BE,CN-->BE,CN-->BE,CN-->BE,,,,,,,,,,,,,,,,,BE-->CN,BE-->CN,BE-->CN,BE-->CN,BE-->CN,BE-->CN,BE-->CN,BE-->CN,BE-->CN,BE-->CN,BE-->CN,BE-->CN,BE-->CN,BE-->CN,BE-->CN,BE-->CN,BE-->CN,BE-->CN,BE-->CN
CX,CXR,Christmas Island,Flying Fish Cove,Oceania,Australia and New Zealand,,CX-->BE,CX-->BE,CX-->BE,CX-->BE,CX-->BE,CX-->BE,CX-->BE,CX-->BE,CX-->BE,CX-->BE,CX-->BE,CX-->BE,CX-->BE,CX-->BE,CX-->BE,CX-->BE,CX-->BE,CX-->BE,CX-->BE,,,,,,,,,,,,,,,,,BE-->CX,BE-->CX,BE-->CX,BE-->CX,BE-->CX,BE-->CX,BE-->CX,BE-->CX,BE-->CX,BE-->CX,BE-->CX,BE-->CX,BE-->CX,BE-->CX,BE-->CX,BE-->CX,BE-->CX,BE-->CX,BE-->CX
CC,CCK,Cocos (Keeling) Islands,West Island,Oceania,Australia and New Zealand,,CC-->BE,CC-->BE,CC-->BE,CC-->BE,CC-->BE,CC-->BE,CC-->BE,CC-->BE,CC-->BE,CC-->BE,CC-->BE,CC-->BE,CC-->BE,CC-->BE,CC-->BE,CC-->BE,CC-->BE,CC-->BE,CC-->BE,,,,,,,,,,,,,,,,,BE-->CC,BE-->CC,BE-->CC,BE-->CC,BE-->CC,BE-->CC,BE-->CC,BE-->CC,BE-->CC,BE-->CC,BE-->CC,BE-->CC,BE-->CC,BE-->CC,BE-->CC,BE-->CC,BE-->CC,BE-->CC,BE-->CC
CO,COL,Colombia,Bogotá,Americas,South America,,CO-->BE,CO-->BE,CO-->BE,CO-->BE,CO-->BE,CO-->BE,CO-->BE,CO-->BE,CO-->BE,CO-->BE,CO-->BE,CO-->BE,CO-->BE,CO-->BE,CO-->BE,CO-->BE,CO-->BE,CO-->BE,CO-->BE,,,,,,,,,,,,,,,,,BE-->CO,BE-->CO,BE-->CO,BE-->CO,BE-->CO,BE-->CO,BE-->CO,BE-->CO,BE-->CO,BE-->CO,BE-->CO,BE-->CO,BE-->CO,BE-->CO,BE-->CO,BE-->CO,BE-->CO,BE-->CO,BE-->CO
KM,COM,Comoros,Moroni,Africa,Eastern Africa,,KM-->BE,KM-->BE,KM-->BE,KM-->BE,KM-->BE,KM-->BE,KM-->BE,KM-->BE,KM-->BE,KM-->BE,KM-->BE,KM-->BE,KM-->BE,KM-->BE,KM-->BE,KM-->BE,KM-->BE,KM-->BE,KM-->BE,,,,,,,,,,,,,,,,,BE-->KM,BE-->KM,BE-->KM,BE-->KM,BE-->KM,BE-->KM,BE-->KM,BE-->KM,BE-->KM,BE-->KM,BE-->KM,BE-->KM,BE-->KM,BE-->KM,BE-->KM,BE-->KM,BE-->KM,BE-->KM,BE-->KM
CG,COG,Republic of the Congo,Brazzaville,Africa,Middle Africa,,CG-->BE,CG-->BE,CG-->BE,CG-->BE,CG-->BE,CG-->BE,CG-->BE,CG-->BE,CG-->BE,CG-->BE,CG-->BE,CG-->BE,CG-->BE,CG-->BE,CG-->BE,CG-->BE,CG-->BE,CG-->BE,CG-->BE,,,,,,,,,,,,,,,,,BE-->CG,BE-->CG,BE-->CG,BE-->CG,BE-->CG,BE-->CG,BE-->CG,BE-->CG,BE-->CG,BE-->CG,BE-->CG,BE-->CG,BE-->CG,BE-->CG,BE-->CG,BE-->CG,BE-->CG,BE-->CG,BE-->CG
CD,COD,Democratic Republic of the Congo,Kinshasa,Africa,Middle Africa,,CD-->BE,CD-->BE,CD-->BE,CD-->BE,CD-->BE,CD-->BE,CD-->BE,CD-->BE,CD-->BE,CD-->BE,CD-->BE,CD-->BE,CD-->BE,CD-->BE,CD-->BE,CD-->BE,CD-->BE,CD-->BE,CD-->BE,,,,,,,,,,,,,,,,,BE-->CD,BE-->CD,BE-->CD,BE-->CD,BE-->CD,BE-->CD,BE-->CD,BE-->CD,BE-->CD,BE-->CD,BE-->CD,BE-->CD,BE-->CD,BE-->CD,BE-->CD,BE-->CD,BE-->CD,BE-->CD,BE-->CD
CK,COK,Cook Islands,Avarua,Oceania,Polynesia,,CK-->BE,CK-->BE,CK-->BE,CK-->BE,CK-->BE,CK-->BE,CK-->BE,CK-->BE,CK-->BE,CK-->BE,CK-->BE,CK-->BE,CK-->BE,CK-->BE,CK-->BE,CK-->BE,CK-->BE,CK-->BE,CK-->BE,,,,,,,,,,,,,,,,,BE-->CK,BE-->CK,BE-->CK,BE-->CK,BE-->CK,BE-->CK,BE-->CK,BE-->CK,BE-->CK,BE-->CK,BE-->CK,BE-->CK,BE-->CK,BE-->CK,BE-->CK,BE-->CK,BE-->CK,BE-->CK,BE-->CK
CR,CRI,Costa Rica,San José,Americas,Central America,,CR-->BE,CR-->BE,CR-->BE,CR-->BE,CR-->BE,CR-->BE,CR-->BE,CR-->BE,CR-->BE,CR-->BE,CR-->BE,CR-->BE,CR-->BE,CR-->BE,CR-->BE,CR-->BE,CR-->BE,CR-->BE,CR-->BE,,,,,,,,,,,,,,,,,BE-->CR,BE-->CR,BE-->CR,BE-->CR,BE-->CR,BE-->CR,BE-->CR,BE-->CR,BE-->CR,BE-->CR,BE-->CR,BE-->CR,BE-->CR,BE-->CR,BE-->CR,BE-->CR,BE-->CR,BE-->CR,BE-->CR
HR,HRV,Croatia,Zagreb,Europe,Southern Europe,,HR-->BE,HR-->BE,HR-->BE,HR-->BE,HR-->BE,HR-->BE,HR-->BE,HR-->BE,HR-->BE,HR-->BE,HR-->BE,HR-->BE,HR-->BE,HR-->BE,HR-->BE,HR-->BE,HR-->BE,HR-->BE,HR-->BE,,,,,,,,,,,,,,,,,BE-->HR,BE-->HR,BE-->HR,BE-->HR,BE-->HR,BE-->HR,BE-->HR,BE-->HR,BE-->HR,BE-->HR,BE-->HR,BE-->HR,BE-->HR,BE-->HR,BE-->HR,BE-->HR,BE-->HR,BE-->HR,BE-->HR
CU,CUB,Cuba,Havana,Americas,Caribbean,,CU-->BE,CU-->BE,CU-->BE,CU-->BE,CU-->BE,CU-->BE,CU-->BE,CU-->BE,CU-->BE,CU-->BE,CU-->BE,CU-->BE,CU-->BE,CU-->BE,CU-->BE,CU-->BE,CU-->BE,CU-->BE,CU-->BE,,,,,,,,,,,,,,,,,BE-->CU,BE-->CU,BE-->CU,BE-->CU,BE-->CU,BE-->CU,BE-->CU,BE-->CU,BE-->CU,BE-->CU,BE-->CU,BE-->CU,BE-->CU,BE-->CU,BE-->CU,BE-->CU,BE-->CU,BE-->CU,BE-->CU
CW,CUW,Curaçao,Willemstad,Americas,Caribbean,,CW-->BE,CW-->BE,CW-->BE,CW-->BE,CW-->BE,CW-->BE,CW-->BE,CW-->BE,CW-->BE,CW-->BE,CW-->BE,CW-->BE,CW-->BE,CW-->BE,CW-->BE,CW-->BE,CW-->BE,CW-->BE,CW-->BE,,,,,,,,,,,,,,,,,BE-->CW,BE-->CW,BE-->CW,BE-->CW,BE-->CW,BE-->CW,BE-->CW,BE-->CW,BE-->CW,BE-->CW,BE-->CW,BE-->CW,BE-->CW,BE-->CW,BE-->CW,BE-->CW,BE-->CW,BE-->CW,BE-->CW
CY,CYP,Cyprus,Nicosia,Europe,Southern Europe,,CY-->BE,CY-->BE,CY-->BE,CY-->BE,CY-->BE,CY-->BE,CY-->BE,CY-->BE,CY-->BE,CY-->BE,CY-->BE,CY-->BE,CY-->BE,CY-->BE,CY-->BE,CY-->BE,CY-->BE,CY-->BE,CY-->BE,,,,,,,,,,,,,,,,,BE-->CY,BE-->CY,BE-->CY,BE-->CY,BE-->CY,BE-->CY,BE-->CY,BE-->CY,BE-->CY,BE-->CY,BE-->CY,BE-->CY,BE-->CY,BE-->CY,BE-->CY,BE-->CY,BE-->CY,BE-->CY,BE-->CY
CZ,CZE,Czech Republic,Prague,Europe,Eastern Europe,,CZ-->BE,CZ-->BE,CZ-->BE,CZ-->BE,CZ-->BE,CZ-->BE,CZ-->BE,CZ-->BE,CZ-->BE,CZ-->BE,CZ-->BE,CZ-->BE,CZ-->BE,CZ-->BE,CZ-->BE,CZ-->BE,CZ-->BE,CZ-->BE,CZ-->BE,,,,,,,,,,,,,,,,,BE-->CZ,BE-->CZ,BE-->CZ,BE-->CZ,BE-->CZ,BE-->CZ,BE-->CZ,BE-->CZ,BE-->CZ,BE-->CZ,BE-->CZ,BE-->CZ,BE-->CZ,BE-->CZ,BE-->CZ,BE-->CZ,BE-->CZ,BE-->CZ,BE-->CZ
DK,DNK,Denmark,Copenhagen,Europe,Northern Europe,,DK-->BE,DK-->BE,DK-->BE,DK-->BE,DK-->BE,DK-->BE,DK-->BE,DK-->BE,DK-->BE,DK-->BE,DK-->BE,DK-->BE,DK-->BE,DK-->BE,DK-->BE,DK-->BE,DK-->BE,DK-->BE,DK-->BE,,,,,,,,,,,,,,,,,BE-->DK,BE-->DK,BE-->DK,BE-->DK,BE-->DK,BE-->DK,BE-->DK,BE-->DK,BE-->DK,BE-->DK,BE-->DK,BE-->DK,BE-->DK,BE-->DK,BE-->DK,BE-->DK,BE-->DK,BE-->DK,BE-->DK
DJ,DJI,Djibouti,Djibouti,Africa,Eastern Africa,,DJ-->BE,DJ-->BE,DJ-->BE,DJ-->BE,DJ-->BE,DJ-->BE,DJ-->BE,DJ-->BE,DJ-->BE,DJ-->BE,DJ-->BE,DJ-->BE,DJ-->BE,DJ-->BE,DJ-->BE,DJ-->BE,DJ-->BE,DJ-->BE,DJ-->BE,,,,,,,,,,,,,,,,,BE-->DJ,BE-->DJ,BE-->DJ,BE-->DJ,BE-->DJ,BE-->DJ,BE-->DJ,BE-->DJ,BE-->DJ,BE-->DJ,BE-->DJ,BE-->DJ,BE-->DJ,BE-->DJ,BE-->DJ,BE-->DJ,BE-->DJ,BE-->DJ,BE-->DJ
DM,DMA,Dominica,Roseau,Americas,Caribbean,,DM-->BE,DM-->BE,DM-->BE,DM-->BE,DM-->BE,DM-->BE,DM-->BE,DM-->BE,DM-->BE,DM-->BE,DM-->BE,DM-->BE,DM-->BE,DM-->BE,DM-->BE,DM-->BE,DM-->BE,DM-->BE,DM-->BE,,,,,,,,,,,,,,,,,BE-->DM,BE-->DM,BE-->DM,BE-->DM,BE-->DM,BE-->DM,BE-->DM,BE-->DM,BE-->DM,BE-->DM,BE-->DM,BE-->DM,BE-->DM,BE-->DM,BE-->DM,BE-->DM,BE-->DM,BE-->DM,BE-->DM
DO,DOM,Dominican Republic,Santo Domingo,Americas,Caribbean,,DO-->BE,DO-->BE,DO-->BE,DO-->BE,DO-->BE,DO-->BE,DO-->BE,DO-->BE,DO-->BE,DO-->BE,DO-->BE,DO-->BE,DO-->BE,DO-->BE,DO-->BE,DO-->BE,DO-->BE,DO-->BE,DO-->BE,,,,,,,,,,,,,,,,,BE-->DO,BE-->DO,BE-->DO,BE-->DO,BE-->DO,BE-->DO,BE-->DO,BE-->DO,BE-->DO,BE-->DO,BE-->DO,BE-->DO,BE-->DO,BE-->DO,BE-->DO,BE-->DO,BE-->DO,BE-->DO,BE-->DO
EC,ECU,Ecuador,Quito,Americas,South America,,EC-->BE,EC-->BE,EC-->BE,EC-->BE,EC-->BE,EC-->BE,EC-->BE,EC-->BE,EC-->BE,EC-->BE,EC-->BE,EC-->BE,EC-->BE,EC-->BE,EC-->BE,EC-->BE,EC-->BE,EC-->BE,EC-->BE,,,,,,,,,,,,,,,,,BE-->EC,BE-->EC,BE-->EC,BE-->EC,BE-->EC,BE-->EC,BE-->EC,BE-->EC,BE-->EC,BE-->EC,BE-->EC,BE-->EC,BE-->EC,BE-->EC,BE-->EC,BE-->EC,BE-->EC,BE-->EC,BE-->EC
EG,EGY,Egypt,Cairo,Africa,Northern Africa,,EG-->BE,EG-->BE,EG-->BE,EG-->BE,EG-->BE,EG-->BE,EG-->BE,EG-->BE,EG-->BE,EG-->BE,EG-->BE,EG-->BE,EG-->BE,EG-->BE,EG-->BE,EG-->BE,EG-->BE,EG-->BE,EG-->BE,,,,,,,,,,,,,,,,,BE-->EG,BE-->EG,BE-->EG,BE-->EG,BE-->EG,BE-->EG,BE-->EG,BE-->EG,BE-->EG,BE-->EG,BE-->EG,BE-->EG,BE-->EG,BE-->EG,BE-->EG,BE-->EG,BE-->EG,BE-->EG,BE-->EG
SV,SLV,El Salvador,San Salvador,Americas,Central America,,SV-->BE,SV-->BE,SV-->BE,SV-->BE,SV-->BE,SV-->BE,SV-->BE,SV-->BE,SV-->BE,SV-->BE,SV-->BE,SV-->BE,SV-->BE,SV-->BE,SV-->BE,SV-->BE,SV-->BE,SV-->BE,SV-->BE,,,,,,,,,,,,,,,,,BE-->SV,BE-->SV,BE-->SV,BE-->SV,BE-->SV,BE-->SV,BE-->SV,BE-->SV,BE-->SV,BE-->SV,BE-->SV,BE-->SV,BE-->SV,BE-->SV,BE-->SV,BE-->SV,BE-->SV,BE-->SV,BE-->SV
GQ,GNQ,Equatorial Guinea,Malabo,Africa,Middle Africa,,GQ-->BE,GQ-->BE,GQ-->BE,GQ-->BE,GQ-->BE,GQ-->BE,GQ-->BE,GQ-->BE,GQ-->BE,GQ-->BE,GQ-->BE,GQ-->BE,GQ-->BE,GQ-->BE,GQ-->BE,GQ-->BE,GQ-->BE,GQ-->BE,GQ-->BE,,,,,,,,,,,,,,,,,BE-->GQ,BE-->GQ,BE-->GQ,BE-->GQ,BE-->GQ,BE-->GQ,BE-->GQ,BE-->GQ,BE-->GQ,BE-->GQ,BE-->GQ,BE-->GQ,BE-->GQ,BE-->GQ,BE-->GQ,BE-->GQ,BE-->GQ,BE-->GQ,BE-->GQ
ER,ERI,Eritrea,Asmara,Africa,Eastern Africa,,ER-->BE,ER-->BE,ER-->BE,ER-->BE,ER-->BE,ER-->BE,ER-->BE,ER-->BE,ER-->BE,ER-->BE,ER-->BE,ER-->BE,ER-->BE,ER-->BE,ER-->BE,ER-->BE,ER-->BE,ER-->BE,ER-->BE,,,,,,,,,,,,,,,,,BE-->ER,BE-->ER,BE-->ER,BE-->ER,BE-->ER,BE-->ER,BE-->ER,BE-->ER,BE-->ER,BE-->ER,BE-->ER,BE-->ER,BE-->ER,BE-->ER,BE-->ER,BE-->ER,BE-->ER,BE-->ER,BE-->ER
EE,EST,Estonia,Tallinn,Europe,Northern Europe,,EE-->BE,EE-->BE,EE-->BE,EE-->BE,EE-->BE,EE-->BE,EE-->BE,EE-->BE,EE-->BE,EE-->BE,EE-->BE,EE-->BE,EE-->BE,EE-->BE,EE-->BE,EE-->BE,EE-->BE,EE-->BE,EE-->BE,,,,,,,,,,,,,,,,,BE-->EE,BE-->EE,BE-->EE,BE-->EE,BE-->EE,BE-->EE,BE-->EE,BE-->EE,BE-->EE,BE-->EE,BE-->EE,BE-->EE,BE-->EE,BE-->EE,BE-->EE,BE-->EE,BE-->EE,BE-->EE,BE-->EE
ET,ETH,Ethiopia,Addis Ababa,Africa,Eastern Africa,,ET-->BE,ET-->BE,ET-->BE,ET-->BE,ET-->BE,ET-->BE,ET-->BE,ET-->BE,ET-->BE,ET-->BE,ET-->BE,ET-->BE,ET-->BE,ET-->BE,ET-->BE,ET-->BE,ET-->BE,ET-->BE,ET-->BE,,,,,,,,,,,,,,,,,BE-->ET,BE-->ET,BE-->ET,BE-->ET,BE-->ET,BE-->ET,BE-->ET,BE-->ET,BE-->ET,BE-->ET,BE-->ET,BE-->ET,BE-->ET,BE-->ET,BE-->ET,BE-->ET,BE-->ET,BE-->ET,BE-->ET
FK,FLK,Falkland Islands,Stanley,Americas,South America,,FK-->BE,FK-->BE,FK-->BE,FK-->BE,FK-->BE,FK-->BE,FK-->BE,FK-->BE,FK-->BE,FK-->BE,FK-->BE,FK-->BE,FK-->BE,FK-->BE,FK-->BE,FK-->BE,FK-->BE,FK-->BE,FK-->BE,,,,,,,,,,,,,,,,,BE-->FK,BE-->FK,BE-->FK,BE-->FK,BE-->FK,BE-->FK,BE-->FK,BE-->FK,BE-->FK,BE-->FK,BE-->FK,BE-->FK,BE-->FK,BE-->FK,BE-->FK,BE-->FK,BE-->FK,BE-->FK,BE-->FK
FO,FRO,Faroe Islands,Tórshavn,Europe,Northern Europe,,FO-->BE,FO-->BE,FO-->BE,FO-->BE,FO-->BE,FO-->BE,FO-->BE,FO-->BE,FO-->BE,FO-->BE,FO-->BE,FO-->BE,FO-->BE,FO-->BE,FO-->BE,FO-->BE,FO-->BE,FO-->BE,FO-->BE,,,,,,,,,,,,,,,,,BE-->FO,BE-->FO,BE-->FO,BE-->FO,BE-->FO,BE-->FO,BE-->FO,BE-->FO,BE-->FO,BE-->FO,BE-->FO,BE-->FO,BE-->FO,BE-->FO,BE-->FO,BE-->FO,BE-->FO,BE-->FO,BE-->FO
FJ,FJI,Fiji,Suva,Oceania,Melanesia,,FJ-->BE,FJ-->BE,FJ-->BE,FJ-->BE,FJ-->BE,FJ-->BE,FJ-->BE,FJ-->BE,FJ-->BE,FJ-->BE,FJ-->BE,FJ-->BE,FJ-->BE,FJ-->BE,FJ-->BE,FJ-->BE,FJ-->BE,FJ-->BE,FJ-->BE,,,,,,,,,,,,,,,,,BE-->FJ,BE-->FJ,BE-->FJ,BE-->FJ,BE-->FJ,BE-->FJ,BE-->FJ,BE-->FJ,BE-->FJ,BE-->FJ,BE-->FJ,BE-->FJ,BE-->FJ,BE-->FJ,BE-->FJ,BE-->FJ,BE-->FJ,BE-->FJ,BE-->FJ
FI,FIN,Finland,Helsinki,Europe,Northern Europe,,FI-->BE,FI-->BE,FI-->BE,FI-->BE,FI-->BE,FI-->BE,FI-->BE,FI-->BE,FI-->BE,FI-->BE,FI-->BE,FI-->BE,FI-->BE,FI-->BE,FI-->BE,FI-->BE,FI-->BE,FI-->BE,FI-->BE,,,,,,,,,,,,,,,,,BE-->FI,BE-->FI,BE-->FI,BE-->FI,BE-->FI,BE-->FI,BE-->FI,BE-->FI,BE-->FI,BE-->FI,BE-->FI,BE-->FI,BE-->FI,BE-->FI,BE-->FI,BE-->FI,BE-->FI,BE-->FI,BE-->FI
FR,FRA,France,Paris,Europe,Western Europe,,FR-->BE,FR-->BE,FR-->BE,FR-->BE,FR-->BE,FR-->BE,FR-->BE,FR-->BE,FR-->BE,FR-->BE,FR-->BE,FR-->BE,FR-->BE,FR-->BE,FR-->BE,FR-->BE,FR-->BE,FR-->BE,FR-->BE,,,,,,,,,,,,,,,,,BE-->FR,BE-->FR,BE-->FR,BE-->FR,BE-->FR,BE-->FR,BE-->FR,BE-->FR,BE-->FR,BE-->FR,BE-->FR,BE-->FR,BE-->FR,BE-->FR,BE-->FR,BE-->FR,BE-->FR,BE-->FR,BE-->FR
GF,GUF,French Guiana,Cayenne,Americas,South America,,GF-->BE,GF-->BE,GF-->BE,GF-->BE,GF-->BE,GF-->BE,GF-->BE,GF-->BE,GF-->BE,GF-->BE,GF-->BE,GF-->BE,GF-->BE,GF-->BE,GF-->BE,GF-->BE,GF-->BE,GF-->BE,GF-->BE,,,,,,,,,,,,,,,,,BE-->GF,BE-->GF,BE-->GF,BE-->GF,BE-->GF,BE-->GF,BE-->GF,BE-->GF,BE-->GF,BE-->GF,BE-->GF,BE-->GF,BE-->GF,BE-->GF,BE-->GF,BE-->GF,BE-->GF,BE-->GF,BE-->GF
PF,PYF,French Polynesia,Papeetē,Oceania,Polynesia,,PF-->BE,PF-->BE,PF-->BE,PF-->BE,PF-->BE,PF-->BE,PF-->BE,PF-->BE,PF-->BE,PF-->BE,PF-->BE,PF-->BE,PF-->BE,PF-->BE,PF-->BE,PF-->BE,PF-->BE,PF-->BE,PF-->BE,,,,,,,,,,,,,,,,,BE-->PF,BE-->PF,BE-->PF,BE-->PF,BE-->PF,BE-->PF,BE-->PF,BE-->PF,BE-->PF,BE-->PF,BE-->PF,BE-->PF,BE-->PF,BE-->PF,BE-->PF,BE-->PF,BE-->PF,BE-->PF,BE-->PF
TF,ATF,French Southern and Antarctic Lands,Port-aux-Français,Africa,Southern Africa,,TF-->BE,TF-->BE,TF-->BE,TF-->BE,TF-->BE,TF-->BE,TF-->BE,TF-->BE,TF-->BE,TF-->BE,TF-->BE,TF-->BE,TF-->BE,TF-->BE,TF-->BE,TF-->BE,TF-->BE,TF-->BE,TF-->BE,,,,,,,,,,,,,,,,,BE-->TF,BE-->TF,BE-->TF,BE-->TF,BE-->TF,BE-->TF,BE-->TF,BE-->TF,BE-->TF,BE-->TF,BE-->TF,BE-->TF,BE-->TF,BE-->TF,BE-->TF,BE-->TF,BE-->TF,BE-->TF,BE-->TF
GA,GAB,Gabon,Libreville,Africa,Middle Africa,,GA-->BE,GA-->BE,GA-->BE,GA-->BE,GA-->BE,GA-->BE,GA-->BE,GA-->BE,GA-->BE,GA-->BE,GA-->BE,GA-->BE,GA-->BE,GA-->BE,GA-->BE,GA-->BE,GA-->BE,GA-->BE,GA-->BE,,,,,,,,,,,,,,,,,BE-->GA,BE-->GA,BE-->GA,BE-->GA,BE-->GA,BE-->GA,BE-->GA,BE-->GA,BE-->GA,BE-->GA,BE-->GA,BE-->GA,BE-->GA,BE-->GA,BE-->GA,BE-->GA,BE-->GA,BE-->GA,BE-->GA
GM,GMB,The Gambia,Banjul,Africa,Western Africa,,GM-->BE,GM-->BE,GM-->BE,GM-->BE,GM-->BE,GM-->BE,GM-->BE,GM-->BE,GM-->BE,GM-->BE,GM-->BE,GM-->BE,GM-->BE,GM-->BE,GM-->BE,GM-->BE,GM-->BE,GM-->BE,GM-->BE,,,,,,,,,,,,,,,,,BE-->GM,BE-->GM,BE-->GM,BE-->GM,BE-->GM,BE-->GM,BE-->GM,BE-->GM,BE-->GM,BE-->GM,BE-->GM,BE-->GM,BE-->GM,BE-->GM,BE-->GM,BE-->GM,BE-->GM,BE-->GM,BE-->GM
GE,GEO,Georgia,Tbilisi,Asia,Western Asia,,GE-->BE,GE-->BE,GE-->BE,GE-->BE,GE-->BE,GE-->BE,GE-->BE,GE-->BE,GE-->BE,GE-->BE,GE-->BE,GE-->BE,GE-->BE,GE-->BE,GE-->BE,GE-->BE,GE-->BE,GE-->BE,GE-->BE,,,,,,,,,,,,,,,,,BE-->GE,BE-->GE,BE-->GE,BE-->GE,BE-->GE,BE-->GE,BE-->GE,BE-->GE,BE-->GE,BE-->GE,BE-->GE,BE-->GE,BE-->GE,BE-->GE,BE-->GE,BE-->GE,BE-->GE,BE-->GE,BE-->GE
DE,DEU,Germany,Berlin,Europe,Western Europe,,DE-->BE,DE-->BE,DE-->BE,DE-->BE,DE-->BE,DE-->BE,DE-->BE,DE-->BE,DE-->BE,DE-->BE,DE-->BE,DE-->BE,DE-->BE,DE-->BE,DE-->BE,DE-->BE,DE-->BE,DE-->BE,DE-->BE,,,,,,,,,,,,,,,,,BE-->DE,BE-->DE,BE-->DE,BE-->DE,BE-->DE,BE-->DE,BE-->DE,BE-->DE,BE-->DE,BE-->DE,BE-->DE,BE-->DE,BE-->DE,BE-->DE,BE-->DE,BE-->DE,BE-->DE,BE-->DE,BE-->DE
GH,GHA,Ghana,Accra,Africa,Western Africa,,GH-->BE,GH-->BE,GH-->BE,GH-->BE,GH-->BE,GH-->BE,GH-->BE,GH-->BE,GH-->BE,GH-->BE,GH-->BE,GH-->BE,GH-->BE,GH-->BE,GH-->BE,GH-->BE,GH-->BE,GH-->BE,GH-->BE,,,,,,,,,,,,,,,,,BE-->GH,BE-->GH,BE-->GH,BE-->GH,BE-->GH,BE-->GH,BE-->GH,BE-->GH,BE-->GH,BE-->GH,BE-->GH,BE-->GH,BE-->GH,BE-->GH,BE-->GH,BE-->GH,BE-->GH,BE-->GH,BE-->GH
GI,GIB,Gibraltar,Gibraltar,Europe,Southern Europe,,GI-->BE,GI-->BE,GI-->BE,GI-->BE,GI-->BE,GI-->BE,GI-->BE,GI-->BE,GI-->BE,GI-->BE,GI-->BE,GI-->BE,GI-->BE,GI-->BE,GI-->BE,GI-->BE,GI-->BE,GI-->BE,GI-->BE,,,,,,,,,,,,,,,,,BE-->GI,BE-->GI,BE-->GI,BE-->GI,BE-->GI,BE-->GI,BE-->GI,BE-->GI,BE-->GI,BE-->GI,BE-->GI,BE-->GI,BE-->GI,BE-->GI,BE-->GI,BE-->GI,BE-->GI,BE-->GI,BE-->GI
GR,GRC,Greece,Athens,Europe,Southern Europe,,GR-->BE,GR-->BE,GR-->BE,GR-->BE,GR-->BE,GR-->BE,GR-->BE,GR-->BE,GR-->BE,GR-->BE,GR-->BE,GR-->BE,GR-->BE,GR-->BE,GR-->BE,GR-->BE,GR-->BE,GR-->BE,GR-->BE,,,,,,,,,,,,,,,,,BE-->GR,BE-->GR,BE-->GR,BE-->GR,BE-->GR,BE-->GR,BE-->GR,BE-->GR,BE-->GR,BE-->GR,BE-->GR,BE-->GR,BE-->GR,BE-->GR,BE-->GR,BE-->GR,BE-->GR,BE-->GR,BE-->GR
GL,GRL,Greenland,Nuuk,Americas,Northern America,,GL-->BE,GL-->BE,GL-->BE,GL-->BE,GL-->BE,GL-->BE,GL-->BE,GL-->BE,GL-->BE,GL-->BE,GL-->BE,GL-->BE,GL-->BE,GL-->BE,GL-->BE,GL-->BE,GL-->BE,GL-->BE,GL-->BE,,,,,,,,,,,,,,,,,BE-->GL,BE-->GL,BE-->GL,BE-->GL,BE-->GL,BE-->GL,BE-->GL,BE-->GL,BE-->GL,BE-->GL,BE-->GL,BE-->GL,BE-->GL,BE-->GL,BE-->GL,BE-->GL,BE-->GL,BE-->GL,BE-->GL
GD,GRD,Grenada,St. George's,Americas,Caribbean,,GD-->BE,GD-->BE,GD-->BE,GD-->BE,GD-->BE,GD-->BE,GD-->BE,GD-->BE,GD-->BE,GD-->BE,GD-->BE,GD-->BE,GD-->BE,GD-->BE,GD-->BE,GD-->BE,GD-->BE,GD-->BE,GD-->BE,,,,,,,,,,,,,,,,,BE-->GD,BE-->GD,BE-->GD,BE-->GD,BE-->GD,BE-->GD,BE-->GD,BE-->GD,BE-->GD,BE-->GD,BE-->GD,BE-->GD,BE-->GD,BE-->GD,BE-->GD,BE-->GD,BE-->GD,BE-->GD,BE-->GD
GP,GLP,Guadeloupe,Basse-Terre,Americas,Caribbean,,GP-->BE,GP-->BE,GP-->BE,GP-->BE,GP-->BE,GP-->BE,GP-->BE,GP-->BE,GP-->BE,GP-->BE,GP-->BE,GP-->BE,GP-->BE,GP-->BE,GP-->BE,GP-->BE,GP-->BE,GP-->BE,GP-->BE,,,,,,,,,,,,,,,,,BE-->GP,BE-->GP,BE-->GP,BE-->GP,BE-->GP,BE-->GP,BE-->GP,BE-->GP,BE-->GP,BE-->GP,BE-->GP,BE-->GP,BE-->GP,BE-->GP,BE-->GP,BE-->GP,BE-->GP,BE-->GP,BE-->GP
GU,GUM,Guam,Hagåtña,Oceania,Micronesia,,GU-->BE,GU-->BE,GU-->BE,GU-->BE,GU-->BE,GU-->BE,GU-->BE,GU-->BE,GU-->BE,GU-->BE,GU-->BE,GU-->BE,GU-->BE,GU-->BE,GU-->BE,GU-->BE,GU-->BE,GU-->BE,GU-->BE,,,,,,,,,,,,,,,,,BE-->GU,BE-->GU,BE-->GU,BE-->GU,BE-->GU,BE-->GU,BE-->GU,BE-->GU,BE-->GU,BE-->GU,BE-->GU,BE-->GU,BE-->GU,BE-->GU,BE-->GU,BE-->GU,BE-->GU,BE-->GU,BE-->GU
GT,GTM,Guatemala,Guatemala City,Americas,Central America,,GT-->BE,GT-->BE,GT-->BE,GT-->BE,GT-->BE,GT-->BE,GT-->BE,GT-->BE,GT-->BE,GT-->BE,GT-->BE,GT-->BE,GT-->BE,GT-->BE,GT-->BE,GT-->BE,GT-->BE,GT-->BE,GT-->BE,,,,,,,,,,,,,,,,,BE-->GT,BE-->GT,BE-->GT,BE-->GT,BE-->GT,BE-->GT,BE-->GT,BE-->GT,BE-->GT,BE-->GT,BE-->GT,BE-->GT,BE-->GT,BE-->GT,BE-->GT,BE-->GT,BE-->GT,BE-->GT,BE-->GT
GG,GGY,Guernsey,St. Peter Port,Europe,Northern Europe,,GG-->BE,GG-->BE,GG-->BE,GG-->BE,GG-->BE,GG-->BE,GG-->BE,GG-->BE,GG-->BE,GG-->BE,GG-->BE,GG-->BE,GG-->BE,GG-->BE,GG-->BE,GG-->BE,GG-->BE,GG-->BE,GG-->BE,,,,,,,,,,,,,,,,,BE-->GG,BE-->GG,BE-->GG,BE-->GG,BE-->GG,BE-->GG,BE-->GG,BE-->GG,BE-->GG,BE-->GG,BE-->GG,BE-->GG,BE-->GG,BE-->GG,BE-->GG,BE-->GG,BE-->GG,BE-->GG,BE-->GG
GN,GIN,Guinea,Conakry,Africa,Western Africa,,GN-->BE,GN-->BE,GN-->BE,GN-->BE,GN-->BE,GN-->BE,GN-->BE,GN-->BE,GN-->BE,GN-->BE,GN-->BE,GN-->BE,GN-->BE,GN-->BE,GN-->BE,GN-->BE,GN-->BE,GN-->BE,GN-->BE,,,,,,,,,,,,,,,,,BE-->GN,BE-->GN,BE-->GN,BE-->GN,BE-->GN,BE-->GN,BE-->GN,BE-->GN,BE-->GN,BE-->GN,BE-->GN,BE-->GN,BE-->GN,BE-->GN,BE-->GN,BE-->GN,BE-->GN,BE-->GN,BE-->GN
GW,GNB,Guinea-Bissau,Bissau,Africa,Western Africa,,GW-->BE,GW-->BE,GW-->BE,GW-->BE,GW-->BE,GW-->BE,GW-->BE,GW-->BE,GW-->BE,GW-->BE,GW-->BE,GW-->BE,GW-->BE,GW-->BE,GW-->BE,GW-->BE,GW-->BE,GW-->BE,GW-->BE,,,,,,,,,,,,,,,,,BE-->GW,BE-->GW,BE-->GW,BE-->GW,BE-->GW,BE-->GW,BE-->GW,BE-->GW,BE-->GW,BE-->GW,BE-->GW,BE-->GW,BE-->GW,BE-->GW,BE-->GW,BE-->GW,BE-->GW,BE-->GW,BE-->GW
GY,GUY,Guyana,Georgetown,Americas,South America,,GY-->BE,GY-->BE,GY-->BE,GY-->BE,GY-->BE,GY-->BE,GY-->BE,GY-->BE,GY-->BE,GY-->BE,GY-->BE,GY-->BE,GY-->BE,GY-->BE,GY-->BE,GY-->BE,GY-->BE,GY-->BE,GY-->BE,,,,,,,,,,,,,,,,,BE-->GY,BE-->GY,BE-->GY,BE-->GY,BE-->GY,BE-->GY,BE-->GY,BE-->GY,BE-->GY,BE-->GY,BE-->GY,BE-->GY,BE-->GY,BE-->GY,BE-->GY,BE-->GY,BE-->GY,BE-->GY,BE-->GY
HT,HTI,Haiti,Port-au-Prince,Americas,Caribbean,,HT-->BE,HT-->BE,HT-->BE,HT-->BE,HT-->BE,HT-->BE,HT-->BE,HT-->BE,HT-->BE,HT-->BE,HT-->BE,HT-->BE,HT-->BE,HT-->BE,HT-->BE,HT-->BE,HT-->BE,HT-->BE,HT-->BE,,,,,,,,,,,,,,,,,BE-->HT,BE-->HT,BE-->HT,BE-->HT,BE-->HT,BE-->HT,BE-->HT,BE-->HT,BE-->HT,BE-->HT,BE-->HT,BE-->HT,BE-->HT,BE-->HT,BE-->HT,BE-->HT,BE-->HT,BE-->HT,BE-->HT
HM,HMD,Heard Island and McDonald Islands,,,,,HM-->BE,HM-->BE,HM-->BE,HM-->BE,HM-->BE,HM-->BE,HM-->BE,HM-->BE,HM-->BE,HM-->BE,HM-->BE,HM-->BE,HM-->BE,HM-->BE,HM-->BE,HM-->BE,HM-->BE,HM-->BE,HM-->BE,,,,,,,,,,,,,,,,,BE-->HM,BE-->HM,BE-->HM,BE-->HM,BE-->HM,BE-->HM,BE-->HM,BE-->HM,BE-->HM,BE-->HM,BE-->HM,BE-->HM,BE-->HM,BE-->HM,BE-->HM,BE-->HM,BE-->HM,BE-->HM,BE-->HM
VA,VAT,Holy See,Rome,Europe,Southern Europe,,VA-->BE,VA-->BE,VA-->BE,VA-->BE,VA-->BE,VA-->BE,VA-->BE,VA-->BE,VA-->BE,VA-->BE,VA-->BE,VA-->BE,VA-->BE,VA-->BE,VA-->BE,VA-->BE,VA-->BE,VA-->BE,VA-->BE,,,,,,,,,,,,,,,,,BE-->VA,BE-->VA,BE-->VA,BE-->VA,BE-->VA,BE-->VA,BE-->VA,BE-->VA,BE-->VA,BE-->VA,BE-->VA,BE-->VA,BE-->VA,BE-->VA,BE-->VA,BE-->VA,BE-->VA,BE-->VA,BE-->VA
HN,HND,Honduras,Tegucigalpa,Americas,Central America,,HN-->BE,HN-->BE,HN-->BE,HN-->BE,HN-->BE,HN-->BE,HN-->BE,HN-->BE,HN-->BE,HN-->BE,HN-->BE,HN-->BE,HN-->BE,HN-->BE,HN-->BE,HN-->BE,HN-->BE,HN-->BE,HN-->BE,,,,,,,,,,,,,,,,,BE-->HN,BE-->HN,BE-->HN,BE-->HN,BE-->HN,BE-->HN,BE-->HN,BE-->HN,BE-->HN,BE-->HN,BE-->HN,BE-->HN,BE-->HN,BE-->HN,BE-->HN,BE-->HN,BE-->HN,BE-->HN,BE-->HN
HK,HKG,Hong Kong,City of Victoria,Asia,Eastern Asia,,HK-->BE,HK-->BE,HK-->BE,HK-->BE,HK-->BE,HK-->BE,HK-->BE,HK-->BE,HK-->BE,HK-->BE,HK-->BE,HK-->BE,HK-->BE,HK-->BE,HK-->BE,HK-->BE,HK-->BE,HK-->BE,HK-->BE,,,,,,,,,,,,,,,,,BE-->HK,BE-->HK,BE-->HK,BE-->HK,BE-->HK,BE-->HK,BE-->HK,BE-->HK,BE-->HK,BE-->HK,BE-->HK,BE-->HK,BE-->HK,BE-->HK,BE-->HK,BE-->HK,BE-->HK,BE-->HK,BE-->HK
HU,HUN,Hungary,Budapest,Europe,Eastern Europe,,HU-->BE,HU-->BE,HU-->BE,HU-->BE,HU-->BE,HU-->BE,HU-->BE,HU-->BE,HU-->BE,HU-->BE,HU-->BE,HU-->BE,HU-->BE,HU-->BE,HU-->BE,HU-->BE,HU-->BE,HU-->BE,HU-->BE,,,,,,,,,,,,,,,,,BE-->HU,BE-->HU,BE-->HU,BE-->HU,BE-->HU,BE-->HU,BE-->HU,BE-->HU,BE-->HU,BE-->HU,BE-->HU,BE-->HU,BE-->HU,BE-->HU,BE-->HU,BE-->HU,BE-->HU,BE-->HU,BE-->HU
IS,ISL,Iceland,Reykjavík,Europe,Northern Europe,,IS-->BE,IS-->BE,IS-->BE,IS-->BE,IS-->BE,IS-->BE,IS-->BE,IS-->BE,IS-->BE,IS-->BE,IS-->BE,IS-->BE,IS-->BE,IS-->BE,IS-->BE,IS-->BE,IS-->BE,IS-->BE,IS-->BE,,,,,,,,,,,,,,,,,BE-->IS,BE-->IS,BE-->IS,BE-->IS,BE-->IS,BE-->IS,BE-->IS,BE-->IS,BE-->IS,BE-->IS,BE-->IS,BE-->IS,BE-->IS,BE-->IS,BE-->IS,BE-->IS,BE-->IS,BE-->IS,BE-->IS
IN,IND,India,New Delhi,Asia,Southern Asia,,IN-->BE,IN-->BE,IN-->BE,IN-->BE,IN-->BE,IN-->BE,IN-->BE,IN-->BE,IN-->BE,IN-->BE,IN-->BE,IN-->BE,IN-->BE,IN-->BE,IN-->BE,IN-->BE,IN-->BE,IN-->BE,IN-->BE,,,,,,,,,,,,,,,,,BE-->IN,BE-->IN,BE-->IN,BE-->IN,BE-->IN,BE-->IN,BE-->IN,BE-->IN,BE-->IN,BE-->IN,BE-->IN,BE-->IN,BE-->IN,BE-->IN,BE-->IN,BE-->IN,BE-->IN,BE-->IN,BE-->IN
ID,IDN,Indonesia,Jakarta,Asia,South-Eastern Asia,,ID-->BE,ID-->BE,ID-->BE,ID-->BE,ID-->BE,ID-->BE,ID-->BE,ID-->BE,ID-->BE,ID-->BE,ID-->BE,ID-->BE,ID-->BE,ID-->BE,ID-->BE,ID-->BE,ID-->BE,ID-->BE,ID-->BE,,,,,,,,,,,,,,,,,BE-->ID,BE-->ID,BE-->ID,BE-->ID,BE-->ID,BE-->ID,BE-->ID,BE-->ID,BE-->ID,BE-->ID,BE-->ID,BE-->ID,BE-->ID,BE-->ID,BE-->ID,BE-->ID,BE-->ID,BE-->ID,BE-->ID
CI,CIV,Ivory Coast,Yamoussoukro,Africa,Western Africa,,CI-->BE,CI-->BE,CI-->BE,CI-->BE,CI-->BE,CI-->BE,CI-->BE,CI-->BE,CI-->BE,CI-->BE,CI-->BE,CI-->BE,CI-->BE,CI-->BE,CI-->BE,CI-->BE,CI-->BE,CI-->BE,CI-->BE,,,,,,,,,,,,,,,,,BE-->CI,BE-->CI,BE-->CI,BE-->CI,BE-->CI,BE-->CI,BE-->CI,BE-->CI,BE-->CI,BE-->CI,BE-->CI,BE-->CI,BE-->CI,BE-->CI,BE-->CI,BE-->CI,BE-->CI,BE-->CI,BE-->CI
IR,IRN,Iran,Tehran,Asia,Southern Asia,,IR-->BE,IR-->BE,IR-->BE,IR-->BE,IR-->BE,IR-->BE,IR-->BE,IR-->BE,IR-->BE,IR-->BE,IR-->BE,IR-->BE,IR-->BE,IR-->BE,IR-->BE,IR-->BE,IR-->BE,IR-->BE,IR-->BE,,,,,,,,,,,,,,,,,BE-->IR,BE-->IR,BE-->IR,BE-->IR,BE-->IR,BE-->IR,BE-->IR,BE-->IR,BE-->IR,BE-->IR,BE-->IR,BE-->IR,BE-->IR,BE-->IR,BE-->IR,BE-->IR,BE-->IR,BE-->IR,BE-->IR
IQ,IRQ,Iraq,Baghdad,Asia,Western Asia,,IQ-->BE,IQ-->BE,IQ-->BE,IQ-->BE,IQ-->BE,IQ-->BE,IQ-->BE,IQ-->BE,IQ-->BE,IQ-->BE,IQ-->BE,IQ-->BE,IQ-->BE,IQ-->BE,IQ-->BE,IQ-->BE,IQ-->BE,IQ-->BE,IQ-->BE,,,,,,,,,,,,,,,,,BE-->IQ,BE-->IQ,BE-->IQ,BE-->IQ,BE-->IQ,BE-->IQ,BE-->IQ,BE-->IQ,BE-->IQ,BE-->IQ,BE-->IQ,BE-->IQ,BE-->IQ,BE-->IQ,BE-->IQ,BE-->IQ,BE-->IQ,BE-->IQ,BE-->IQ
IE,IRL,Republic of Ireland,Dublin,Europe,Northern Europe,,IE-->BE,IE-->BE,IE-->BE,IE-->BE,IE-->BE,IE-->BE,IE-->BE,IE-->BE,IE-->BE,IE-->BE,IE-->BE,IE-->BE,IE-->BE,IE-->BE,IE-->BE,IE-->BE,IE-->BE,IE-->BE,IE-->BE,,,,,,,,,,,,,,,,,BE-->IE,BE-->IE,BE-->IE,BE-->IE,BE-->IE,BE-->IE,BE-->IE,BE-->IE,BE-->IE,BE-->IE,BE-->IE,BE-->IE,BE-->IE,BE-->IE,BE-->IE,BE-->IE,BE-->IE,BE-->IE,BE-->IE
IM,IMN,Isle of Man,Douglas,Europe,Northern Europe,,IM-->BE,IM-->BE,IM-->BE,IM-->BE,IM-->BE,IM-->BE,IM-->BE,IM-->BE,IM-->BE,IM-->BE,IM-->BE,IM-->BE,IM-->BE,IM-->BE,IM-->BE,IM-->BE,IM-->BE,IM-->BE,IM-->BE,,,,,,,,,,,,,,,,,BE-->IM,BE-->IM,BE-->IM,BE-->IM,BE-->IM,BE-->IM,BE-->IM,BE-->IM,BE-->IM,BE-->IM,BE-->IM,BE-->IM,BE-->IM,BE-->IM,BE-->IM,BE-->IM,BE-->IM,BE-->IM,BE-->IM
IL,ISR,Israel,Jerusalem,Asia,Western Asia,,IL-->BE,IL-->BE,IL-->BE,IL-->BE,IL-->BE,IL-->BE,IL-->BE,IL-->BE,IL-->BE,IL-->BE,IL-->BE,IL-->BE,IL-->BE,IL-->BE,IL-->BE,IL-->BE,IL-->BE,IL-->BE,IL-->BE,,,,,,,,,,,,,,,,,BE-->IL,BE-->IL,BE-->IL,BE-->IL,BE-->IL,BE-->IL,BE-->IL,BE-->IL,BE-->IL,BE-->IL,BE-->IL,BE-->IL,BE-->IL,BE-->IL,BE-->IL,BE-->IL,BE-->IL,BE-->IL,BE-->IL
IT,ITA,Italy,Rome,Europe,Southern Europe,,IT-->BE,IT-->BE,IT-->BE,IT-->BE,IT-->BE,IT-->BE,IT-->BE,IT-->BE,IT-->BE,IT-->BE,IT-->BE,IT-->BE,IT-->BE,IT-->BE,IT-->BE,IT-->BE,IT-->BE,IT-->BE,IT-->BE,,,,,,,,,,,,,,,,,BE-->IT,BE-->IT,BE-->IT,BE-->IT,BE-->IT,BE-->IT,BE-->IT,BE-->IT,BE-->IT,BE-->IT,BE-->IT,BE-->IT,BE-->IT,BE-->IT,BE-->IT,BE-->IT,BE-->IT,BE-->IT,BE-->IT
JM,JAM,Jamaica,Kingston,Americas,Caribbean,,JM-->BE,JM-->BE,JM-->BE,JM-->BE,JM-->BE,JM-->BE,JM-->BE,JM-->BE,JM-->BE,JM-->BE,JM-->BE,JM-->BE,JM-->BE,JM-->BE,JM-->BE,JM-->BE,JM-->BE,JM-->BE,JM-->BE,,,,,,,,,,,,,,,,,BE-->JM,BE-->JM,BE-->JM,BE-->JM,BE-->JM,BE-->JM,BE-->JM,BE-->JM,BE-->JM,BE-->JM,BE-->JM,BE-->JM,BE-->JM,BE-->JM,BE-->JM,BE-->JM,BE-->JM,BE-->JM,BE-->JM
JP,JPN,Japan,Tokyo,Asia,Eastern Asia,,JP-->BE,JP-->BE,JP-->BE,JP-->BE,JP-->BE,JP-->BE,JP-->BE,JP-->BE,JP-->BE,JP-->BE,JP-->BE,JP-->BE,JP-->BE,JP-->BE,JP-->BE,JP-->BE,JP-->BE,JP-->BE,JP-->BE,,,,,,,,,,,,,,,,,BE-->JP,BE-->JP,BE-->JP,BE-->JP,BE-->JP,BE-->JP,BE-->JP,BE-->JP,BE-->JP,BE-->JP,BE-->JP,BE-->JP,BE-->JP,BE-->JP,BE-->JP,BE-->JP,BE-->JP,BE-->JP,BE-->JP
JE,JEY,Jersey,Saint Helier,Europe,Northern Europe,,JE-->BE,JE-->BE,JE-->BE,JE-->BE,JE-->BE,JE-->BE,JE-->BE,JE-->BE,JE-->BE,JE-->BE,JE-->BE,JE-->BE,JE-->BE,JE-->BE,JE-->BE,JE-->BE,JE-->BE,JE-->BE,JE-->BE,,,,,,,,,,,,,,,,,BE-->JE,BE-->JE,BE-->JE,BE-->JE,BE-->JE,BE-->JE,BE-->JE,BE-->JE,BE-->JE,BE-->JE,BE-->JE,BE-->JE,BE-->JE,BE-->JE,BE-->JE,BE-->JE,BE-->JE,BE-->JE,BE-->JE
JO,JOR,Jordan,Amman,Asia,Western Asia,,JO-->BE,JO-->BE,JO-->BE,JO-->BE,JO-->BE,JO-->BE,JO-->BE,JO-->BE,JO-->BE,JO-->BE,JO-->BE,JO-->BE,JO-->BE,JO-->BE,JO-->BE,JO-->BE,JO-->BE,JO-->BE,JO-->BE,,,,,,,,,,,,,,,,,BE-->JO,BE-->JO,BE-->JO,BE-->JO,BE-->JO,BE-->JO,BE-->JO,BE-->JO,BE-->JO,BE-->JO,BE-->JO,BE-->JO,BE-->JO,BE-->JO,BE-->JO,BE-->JO,BE-->JO,BE-->JO,BE-->JO
KZ,KAZ,Kazakhstan,Astana,Asia,Central Asia,,KZ-->BE,KZ-->BE,KZ-->BE,KZ-->BE,KZ-->BE,KZ-->BE,KZ-->BE,KZ-->BE,KZ-->BE,KZ-->BE,KZ-->BE,KZ-->BE,KZ-->BE,KZ-->BE,KZ-->BE,KZ-->BE,KZ-->BE,KZ-->BE,KZ-->BE,,,,,,,,,,,,,,,,,BE-->KZ,BE-->KZ,BE-->KZ,BE-->KZ,BE-->KZ,BE-->KZ,BE-->KZ,BE-->KZ,BE-->KZ,BE-->KZ,BE-->KZ,BE-->KZ,BE-->KZ,BE-->KZ,BE-->KZ,BE-->KZ,BE-->KZ,BE-->KZ,BE-->KZ
KE,KEN,Kenya,Nairobi,Africa,Eastern Africa,,KE-->BE,KE-->BE,KE-->BE,KE-->BE,KE-->BE,KE-->BE,KE-->BE,KE-->BE,KE-->BE,KE-->BE,KE-->BE,KE-->BE,KE-->BE,KE-->BE,KE-->BE,KE-->BE,KE-->BE,KE-->BE,KE-->BE,,,,,,,,,,,,,,,,,BE-->KE,BE-->KE,BE-->KE,BE-->KE,BE-->KE,BE-->KE,BE-->KE,BE-->KE,BE-->KE,BE-->KE,BE-->KE,BE-->KE,BE-->KE,BE-->KE,BE-->KE,BE-->KE,BE-->KE,BE-->KE,BE-->KE
KI,KIR,Kiribati,South Tarawa,Oceania,Micronesia,,KI-->BE,KI-->BE,KI-->BE,KI-->BE,KI-->BE,KI-->BE,KI-->BE,KI-->BE,KI-->BE,KI-->BE,KI-->BE,KI-->BE,KI-->BE,KI-->BE,KI-->BE,KI-->BE,KI-->BE,KI-->BE,KI-->BE,,,,,,,,,,,,,,,,,BE-->KI,BE-->KI,BE-->KI,BE-->KI,BE-->KI,BE-->KI,BE-->KI,BE-->KI,BE-->KI,BE-->KI,BE-->KI,BE-->KI,BE-->KI,BE-->KI,BE-->KI,BE-->KI,BE-->KI,BE-->KI,BE-->KI
KW,KWT,Kuwait,Kuwait City,Asia,Western Asia,,KW-->BE,KW-->BE,KW-->BE,KW-->BE,KW-->BE,KW-->BE,KW-->BE,KW-->BE,KW-->BE,KW-->BE,KW-->BE,KW-->BE,KW-->BE,KW-->BE,KW-->BE,KW-->BE,KW-->BE,KW-->BE,KW-->BE,,,,,,,,,,,,,,,,,BE-->KW,BE-->KW,BE-->KW,BE-->KW,BE-->KW,BE-->KW,BE-->KW,BE-->KW,BE-->KW,BE-->KW,BE-->KW,BE-->KW,BE-->KW,BE-->KW,BE-->KW,BE-->KW,BE-->KW,BE-->KW,BE-->KW
KG,KGZ,Kyrgyzstan,Bishkek,Asia,Central Asia,,KG-->BE,KG-->BE,KG-->BE,KG-->BE,KG-->BE,KG-->BE,KG-->BE,KG-->BE,KG-->BE,KG-->BE,KG-->BE,KG-->BE,KG-->BE,KG-->BE,KG-->BE,KG-->BE,KG-->BE,KG-->BE,KG-->BE,,,,,,,,,,,,,,,,,BE-->KG,BE-->KG,BE-->KG,BE-->KG,BE-->KG,BE-->KG,BE-->KG,BE-->KG,BE-->KG,BE-->KG,BE-->KG,BE-->KG,BE-->KG,BE-->KG,BE-->KG,BE-->KG,BE-->KG,BE-->KG,BE-->KG
LA,LAO,Laos,Vientiane,Asia,South-Eastern Asia,,LA-->BE,LA-->BE,LA-->BE,LA-->BE,LA-->BE,LA-->BE,LA-->BE,LA-->BE,LA-->BE,LA-->BE,LA-->BE,LA-->BE,LA-->BE,LA-->BE,LA-->BE,LA-->BE,LA-->BE,LA-->BE,LA-->BE,,,,,,,,,,,,,,,,,BE-->LA,BE-->LA,BE-->LA,BE-->LA,BE-->LA,BE-->LA,BE-->LA,BE-->LA,BE-->LA,BE-->LA,BE-->LA,BE-->LA,BE-->LA,BE-->LA,BE-->LA,BE-->LA,BE-->LA,BE-->LA,BE-->LA
LV,LVA,Latvia,Riga,Europe,Northern Europe,,LV-->BE,LV-->BE,LV-->BE,LV-->BE,LV-->BE,LV-->BE,LV-->BE,LV-->BE,LV-->BE,LV-->BE,LV-->BE,LV-->BE,LV-->BE,LV-->BE,LV-->BE,LV-->BE,LV-->BE,LV-->BE,LV-->BE,,,,,,,,,,,,,,,,,BE-->LV,BE-->LV,BE-->LV,BE-->LV,BE-->LV,BE-->LV,BE-->LV,BE-->LV,BE-->LV,BE-->LV,BE-->LV,BE-->LV,BE-->LV,BE-->LV,BE-->LV,BE-->LV,BE-->LV,BE-->LV,BE-->LV
LB,LBN,Lebanon,Beirut,Asia,Western Asia,,LB-->BE,LB-->BE,LB-->BE,LB-->BE,LB-->BE,LB-->BE,LB-->BE,LB-->BE,LB-->BE,LB-->BE,LB-->BE,LB-->BE,LB-->BE,LB-->BE,LB-->BE,LB-->BE,LB-->BE,LB-->BE,LB-->BE,,,,,,,,,,,,,,,,,BE-->LB,BE-->LB,BE-->LB,BE-->LB,BE-->LB,BE-->LB,BE-->LB,BE-->LB,BE-->LB,BE-->LB,BE-->LB,BE-->LB,BE-->LB,BE-->LB,BE-->LB,BE-->LB,BE-->LB,BE-->LB,BE-->LB
LS,LSO,Lesotho,Maseru,Africa,Southern Africa,,LS-->BE,LS-->BE,LS-->BE,LS-->BE,LS-->BE,LS-->BE,LS-->BE,LS-->BE,LS-->BE,LS-->BE,LS-->BE,LS-->BE,LS-->BE,LS-->BE,LS-->BE,LS-->BE,LS-->BE,LS-->BE,LS-->BE,,,,,,,,,,,,,,,,,BE-->LS,BE-->LS,BE-->LS,BE-->LS,BE-->LS,BE-->LS,BE-->LS,BE-->LS,BE-->LS,BE-->LS,BE-->LS,BE-->LS,BE-->LS,BE-->LS,BE-->LS,BE-->LS,BE-->LS,BE-->LS,BE-->LS
LR,LBR,Liberia,Monrovia,Africa,Western Africa,,LR-->BE,LR-->BE,LR-->BE,LR-->BE,LR-->BE,LR-->BE,LR-->BE,LR-->BE,LR-->BE,LR-->BE,LR-->BE,LR-->BE,LR-->BE,LR-->BE,LR-->BE,LR-->BE,LR-->BE,LR-->BE,LR-->BE,,,,,,,,,,,,,,,,,BE-->LR,BE-->LR,BE-->LR,BE-->LR,BE-->LR,BE-->LR,BE-->LR,BE-->LR,BE-->LR,BE-->LR,BE-->LR,BE-->LR,BE-->LR,BE-->LR,BE-->LR,BE-->LR,BE-->LR,BE-->LR,BE-->LR
LY,LBY,Libya,Tripoli,Africa,Northern Africa,,LY-->BE,LY-->BE,LY-->BE,LY-->BE,LY-->BE,LY-->BE,LY-->BE,LY-->BE,LY-->BE,LY-->BE,LY-->BE,LY-->BE,LY-->BE,LY-->BE,LY-->BE,LY-->BE,LY-->BE,LY-->BE,LY-->BE,,,,,,,,,,,,,,,,,BE-->LY,BE-->LY,BE-->LY,BE-->LY,BE-->LY,BE-->LY,BE-->LY,BE-->LY,BE-->LY,BE-->LY,BE-->LY,BE-->LY,BE-->LY,BE-->LY,BE-->LY,BE-->LY,BE-->LY,BE-->LY,BE-->LY
LI,LIE,Liechtenstein,Vaduz,Europe,Western Europe,,LI-->BE,LI-->BE,LI-->BE,LI-->BE,LI-->BE,LI-->BE,LI-->BE,LI-->BE,LI-->BE,LI-->BE,LI-->BE,LI-->BE,LI-->BE,LI-->BE,LI-->BE,LI-->BE,LI-->BE,LI-->BE,LI-->BE,,,,,,,,,,,,,,,,,BE-->LI,BE-->LI,BE-->LI,BE-->LI,BE-->LI,BE-->LI,BE-->LI,BE-->LI,BE-->LI,BE-->LI,BE-->LI,BE-->LI,BE-->LI,BE-->LI,BE-->LI,BE-->LI,BE-->LI,BE-->LI,BE-->LI
LT,LTU,Lithuania,Vilnius,Europe,Northern Europe,,LT-->BE,LT-->BE,LT-->BE,LT-->BE,LT-->BE,LT-->BE,LT-->BE,LT-->BE,LT-->BE,LT-->BE,LT-->BE,LT-->BE,LT-->BE,LT-->BE,LT-->BE,LT-->BE,LT-->BE,LT-->BE,LT-->BE,,,,,,,,,,,,,,,,,BE-->LT,BE-->LT,BE-->LT,BE-->LT,BE-->LT,BE-->LT,BE-->LT,BE-->LT,BE-->LT,BE-->LT,BE-->LT,BE-->LT,BE-->LT,BE-->LT,BE-->LT,BE-->LT,BE-->LT,BE-->LT,BE-->LT
LU,LUX,Luxembourg,Luxembourg,Europe,Western Europe,,LU-->BE,LU-->BE,LU-->BE,LU-->BE,LU-->BE,LU-->BE,LU-->BE,LU-->BE,LU-->BE,LU-->BE,LU-->BE,LU-->BE,LU-->BE,LU-->BE,LU-->BE,LU-->BE,LU-->BE,LU-->BE,LU-->BE,,,,,,,,,,,,,,,,,BE-->LU,BE-->LU,BE-->LU,BE-->LU,BE-->LU,BE-->LU,BE-->LU,BE-->LU,BE-->LU,BE-->LU,BE-->LU,BE-->LU,BE-->LU,BE-->LU,BE-->LU,BE-->LU,BE-->LU,BE-->LU,BE-->LU
MO,MAC,Macau,,Asia,Eastern Asia,,MO-->BE,MO-->BE,MO-->BE,MO-->BE,MO-->BE,MO-->BE,MO-->BE,MO-->BE,MO-->BE,MO-->BE,MO-->BE,MO-->BE,MO-->BE,MO-->BE,MO-->BE,MO-->BE,MO-->BE,MO-->BE,MO-->BE,,,,,,,,,,,,,,,,,BE-->MO,BE-->MO,BE-->MO,BE-->MO,BE-->MO,BE-->MO,BE-->MO,BE-->MO,BE-->MO,BE-->MO,BE-->MO,BE-->MO,BE-->MO,BE-->MO,BE-->MO,BE-->MO,BE-->MO,BE-->MO,BE-->MO
MK,MKD,Republic of Macedonia,Skopje,Europe,Southern Europe,,MK-->BE,MK-->BE,MK-->BE,MK-->BE,MK-->BE,MK-->BE,MK-->BE,MK-->BE,MK-->BE,MK-->BE,MK-->BE,MK-->BE,MK-->BE,MK-->BE,MK-->BE,MK-->BE,MK-->BE,MK-->BE,MK-->BE,,,,,,,,,,,,,,,,,BE-->MK,BE-->MK,BE-->MK,BE-->MK,BE-->MK,BE-->MK,BE-->MK,BE-->MK,BE-->MK,BE-->MK,BE-->MK,BE-->MK,BE-->MK,BE-->MK,BE-->MK,BE-->MK,BE-->MK,BE-->MK,BE-->MK
MG,MDG,Madagascar,Antananarivo,Africa,Eastern Africa,,MG-->BE,MG-->BE,MG-->BE,MG-->BE,MG-->BE,MG-->BE,MG-->BE,MG-->BE,MG-->BE,MG-->BE,MG-->BE,MG-->BE,MG-->BE,MG-->BE,MG-->BE,MG-->BE,MG-->BE,MG-->BE,MG-->BE,,,,,,,,,,,,,,,,,BE-->MG,BE-->MG,BE-->MG,BE-->MG,BE-->MG,BE-->MG,BE-->MG,BE-->MG,BE-->MG,BE-->MG,BE-->MG,BE-->MG,BE-->MG,BE-->MG,BE-->MG,BE-->MG,BE-->MG,BE-->MG,BE-->MG
MW,MWI,Malawi,Lilongwe,Africa,Eastern Africa,,MW-->BE,MW-->BE,MW-->BE,MW-->BE,MW-->BE,MW-->BE,MW-->BE,MW-->BE,MW-->BE,MW-->BE,MW-->BE,MW-->BE,MW-->BE,MW-->BE,MW-->BE,MW-->BE,MW-->BE,MW-->BE,MW-->BE,,,,,,,,,,,,,,,,,BE-->MW,BE-->MW,BE-->MW,BE-->MW,BE-->MW,BE-->MW,BE-->MW,BE-->MW,BE-->MW,BE-->MW,BE-->MW,BE-->MW,BE-->MW,BE-->MW,BE-->MW,BE-->MW,BE-->MW,BE-->MW,BE-->MW
MY,MYS,Malaysia,Kuala Lumpur,Asia,South-Eastern Asia,,MY-->BE,MY-->BE,MY-->BE,MY-->BE,MY-->BE,MY-->BE,MY-->BE,MY-->BE,MY-->BE,MY-->BE,MY-->BE,MY-->BE,MY-->BE,MY-->BE,MY-->BE,MY-->BE,MY-->BE,MY-->BE,MY-->BE,,,,,,,,,,,,,,,,,BE-->MY,BE-->MY,BE-->MY,BE-->MY,BE-->MY,BE-->MY,BE-->MY,BE-->MY,BE-->MY,BE-->MY,BE-->MY,BE-->MY,BE-->MY,BE-->MY,BE-->MY,BE-->MY,BE-->MY,BE-->MY,BE-->MY
MV,MDV,Maldives,Malé,Asia,Southern Asia,,MV-->BE,MV-->BE,MV-->BE,MV-->BE,MV-->BE,MV-->BE,MV-->BE,MV-->BE,MV-->BE,MV-->BE,MV-->BE,MV-->BE,MV-->BE,MV-->BE,MV-->BE,MV-->BE,MV-->BE,MV-->BE,MV-->BE,,,,,,,,,,,,,,,,,BE-->MV,BE-->MV,BE-->MV,BE-->MV,BE-->MV,BE-->MV,BE-->MV,BE-->MV,BE-->MV,BE-->MV,BE-->MV,BE-->MV,BE-->MV,BE-->MV,BE-->MV,BE-->MV,BE-->MV,BE-->MV,BE-->MV
ML,MLI,Mali,Bamako,Africa,Western Africa,,ML-->BE,ML-->BE,ML-->BE,ML-->BE,ML-->BE,ML-->BE,ML-->BE,ML-->BE,ML-->BE,ML-->BE,ML-->BE,ML-->BE,ML-->BE,ML-->BE,ML-->BE,ML-->BE,ML-->BE,ML-->BE,ML-->BE,,,,,,,,,,,,,,,,,BE-->ML,BE-->ML,BE-->ML,BE-->ML,BE-->ML,BE-->ML,BE-->ML,BE-->ML,BE-->ML,BE-->ML,BE-->ML,BE-->ML,BE-->ML,BE-->ML,BE-->ML,BE-->ML,BE-->ML,BE-->ML,BE-->ML
MT,MLT,Malta,Valletta,Europe,Southern Europe,,MT-->BE,MT-->BE,MT-->BE,MT-->BE,MT-->BE,MT-->BE,MT-->BE,MT-->BE,MT-->BE,MT-->BE,MT-->BE,MT-->BE,MT-->BE,MT-->BE,MT-->BE,MT-->BE,MT-->BE,MT-->BE,MT-->BE,,,,,,,,,,,,,,,,,BE-->MT,BE-->MT,BE-->MT,BE-->MT,BE-->MT,BE-->MT,BE-->MT,BE-->MT,BE-->MT,BE-->MT,BE-->MT,BE-->MT,BE-->MT,BE-->MT,BE-->MT,BE-->MT,BE-->MT,BE-->MT,BE-->MT
MH,MHL,Marshall Islands,Majuro,Oceania,Micronesia,,MH-->BE,MH-->BE,MH-->BE,MH-->BE,MH-->BE,MH-->BE,MH-->BE,MH-->BE,MH-->BE,MH-->BE,MH-->BE,MH-->BE,MH-->BE,MH-->BE,MH-->BE,MH-->BE,MH-->BE,MH-->BE,MH-->BE,,,,,,,,,,,,,,,,,BE-->MH,BE-->MH,BE-->MH,BE-->MH,BE-->MH,BE-->MH,BE-->MH,BE-->MH,BE-->MH,BE-->MH,BE-->MH,BE-->MH,BE-->MH,BE-->MH,BE-->MH,BE-->MH,BE-->MH,BE-->MH,BE-->MH
MQ,MTQ,Martinique,Fort-de-France,Americas,Caribbean,,MQ-->BE,MQ-->BE,MQ-->BE,MQ-->BE,MQ-->BE,MQ-->BE,MQ-->BE,MQ-->BE,MQ-->BE,MQ-->BE,MQ-->BE,MQ-->BE,MQ-->BE,MQ-->BE,MQ-->BE,MQ-->BE,MQ-->BE,MQ-->BE,MQ-->BE,,,,,,,,,,,,,,,,,BE-->MQ,BE-->MQ,BE-->MQ,BE-->MQ,BE-->MQ,BE-->MQ,BE-->MQ,BE-->MQ,BE-->MQ,BE-->MQ,BE-->MQ,BE-->MQ,BE-->MQ,BE-->MQ,BE-->MQ,BE-->MQ,BE-->MQ,BE-->MQ,BE-->MQ
MR,MRT,Mauritania,Nouakchott,Africa,Western Africa,,MR-->BE,MR-->BE,MR-->BE,MR-->BE,MR-->BE,MR-->BE,MR-->BE,MR-->BE,MR-->BE,MR-->BE,MR-->BE,MR-->BE,MR-->BE,MR-->BE,MR-->BE,MR-->BE,MR-->BE,MR-->BE,MR-->BE,0.0,,,,,,,,,,,,,,,,BE-->MR,BE-->MR,BE-->MR,BE-->MR,BE-->MR,BE-->MR,BE-->MR,BE-->MR,BE-->MR,BE-->MR,BE-->MR,BE-->MR,BE-->MR,BE-->MR,BE-->MR,BE-->MR,BE-->MR,BE-->MR,BE-->MR
MU,MUS,Mauritius,Port Louis,Africa,Eastern Africa,,MU-->BE,MU-->BE,MU-->BE,MU-->BE,MU-->BE,MU-->BE,MU-->BE,MU-->BE,MU-->BE,MU-->BE,MU-->BE,MU-->BE,MU-->BE,MU-->BE,MU-->BE,MU-->BE,MU-->BE,MU-->BE,MU-->BE,,,,,,,,,,,,,,,,,BE-->MU,BE-->MU,BE-->MU,BE-->MU,BE-->MU,BE-->MU,BE-->MU,BE-->MU,BE-->MU,BE-->MU,BE-->MU,BE-->MU,BE-->MU,BE-->MU,BE-->MU,BE-->MU,BE-->MU,BE-->MU,BE-->MU
YT,MYT,Mayotte,Mamoudzou,Africa,Eastern Africa,,YT-->BE,YT-->BE,YT-->BE,YT-->BE,YT-->BE,YT-->BE,YT-->BE,YT-->BE,YT-->BE,YT-->BE,YT-->BE,YT-->BE,YT-->BE,YT-->BE,YT-->BE,YT-->BE,YT-->BE,YT-->BE,YT-->BE,,,,,,,,,,,,,,,,,BE-->YT,BE-->YT,BE-->YT,BE-->YT,BE-->YT,BE-->YT,BE-->YT,BE-->YT,BE-->YT,BE-->YT,BE-->YT,BE-->YT,BE-->YT,BE-->YT,BE-->YT,BE-->YT,BE-->YT,BE-->YT,BE-->YT
MX,MEX,Mexico,Mexico City,Americas,Central America,,MX-->BE,MX-->BE,MX-->BE,MX-->BE,MX-->BE,MX-->BE,MX-->BE,MX-->BE,MX-->BE,MX-->BE,MX-->BE,MX-->BE,MX-->BE,MX-->BE,MX-->BE,MX-->BE,MX-->BE,MX-->BE,MX-->BE,,,,,,,,,,,,,,,,,BE-->MX,BE-->MX,BE-->MX,BE-->MX,BE-->MX,BE-->MX,BE-->MX,BE-->MX,BE-->MX,BE-->MX,BE-->MX,BE-->MX,BE-->MX,BE-->MX,BE-->MX,BE-->MX,BE-->MX,BE-->MX,BE-->MX
FM,FSM,Federated States of Micronesia,Palikir,Oceania,Micronesia,,FM-->BE,FM-->BE,FM-->BE,FM-->BE,FM-->BE,FM-->BE,FM-->BE,FM-->BE,FM-->BE,FM-->BE,FM-->BE,FM-->BE,FM-->BE,FM-->BE,FM-->BE,FM-->BE,FM-->BE,FM-->BE,FM-->BE,,,,,,,,,,,,,,,,,BE-->FM,BE-->FM,BE-->FM,BE-->FM,BE-->FM,BE-->FM,BE-->FM,BE-->FM,BE-->FM,BE-->FM,BE-->FM,BE-->FM,BE-->FM,BE-->FM,BE-->FM,BE-->FM,BE-->FM,BE-->FM,BE-->FM
MD,MDA,Moldova,Chișinău,Europe,Eastern Europe,,MD-->BE,MD-->BE,MD-->BE,MD-->BE,MD-->BE,MD-->BE,MD-->BE,MD-->BE,MD-->BE,MD-->BE,MD-->BE,MD-->BE,MD-->BE,MD-->BE,MD-->BE,MD-->BE,MD-->BE,MD-->BE,MD-->BE,,,,,,,,,,,,,,,,,BE-->MD,BE-->MD,BE-->MD,BE-->MD,BE-->MD,BE-->MD,BE-->MD,BE-->MD,BE-->MD,BE-->MD,BE-->MD,BE-->MD,BE-->MD,BE-->MD,BE-->MD,BE-->MD,BE-->MD,BE-->MD,BE-->MD
MC,MCO,Monaco,Monaco,Europe,Western Europe,,MC-->BE,MC-->BE,MC-->BE,MC-->BE,MC-->BE,MC-->BE,MC-->BE,MC-->BE,MC-->BE,MC-->BE,MC-->BE,MC-->BE,MC-->BE,MC-->BE,MC-->BE,MC-->BE,MC-->BE,MC-->BE,MC-->BE,,,,,,,,,,,,,,,,,BE-->MC,BE-->MC,BE-->MC,BE-->MC,BE-->MC,BE-->MC,BE-->MC,BE-->MC,BE-->MC,BE-->MC,BE-->MC,BE-->MC,BE-->MC,BE-->MC,BE-->MC,BE-->MC,BE-->MC,BE-->MC,BE-->MC
MN,MNG,Mongolia,Ulan Bator,Asia,Eastern Asia,,MN-->BE,MN-->BE,MN-->BE,MN-->BE,MN-->BE,MN-->BE,MN-->BE,MN-->BE,MN-->BE,MN-->BE,MN-->BE,MN-->BE,MN-->BE,MN-->BE,MN-->BE,MN-->BE,MN-->BE,MN-->BE,MN-->BE,,,,,,,,,,,,,,,,,BE-->MN,BE-->MN,BE-->MN,BE-->MN,BE-->MN,BE-->MN,BE-->MN,BE-->MN,BE-->MN,BE-->MN,BE-->MN,BE-->MN,BE-->MN,BE-->MN,BE-->MN,BE-->MN,BE-->MN,BE-->MN,BE-->MN
ME,MNE,Montenegro,Podgorica,Europe,Southern Europe,,ME-->BE,ME-->BE,ME-->BE,ME-->BE,ME-->BE,ME-->BE,ME-->BE,ME-->BE,ME-->BE,ME-->BE,ME-->BE,ME-->BE,ME-->BE,ME-->BE,ME-->BE,ME-->BE,ME-->BE,ME-->BE,ME-->BE,,,,,,,,,,,,,,,,,BE-->ME,BE-->ME,BE-->ME,BE-->ME,BE-->ME,BE-->ME,BE-->ME,BE-->ME,BE-->ME,BE-->ME,BE-->ME,BE-->ME,BE-->ME,BE-->ME,BE-->ME,BE-->ME,BE-->ME,BE-->ME,BE-->ME
MS,MSR,Montserrat,Plymouth,Americas,Caribbean,,MS-->BE,MS-->BE,MS-->BE,MS-->BE,MS-->BE,MS-->BE,MS-->BE,MS-->BE,MS-->BE,MS-->BE,MS-->BE,MS-->BE,MS-->BE,MS-->BE,MS-->BE,MS-->BE,MS-->BE,MS-->BE,MS-->BE,,,,,,,,,,,,,,,,,BE-->MS,BE-->MS,BE-->MS,BE-->MS,BE-->MS,BE-->MS,BE-->MS,BE-->MS,BE-->MS,BE-->MS,BE-->MS,BE-->MS,BE-->MS,BE-->MS,BE-->MS,BE-->MS,BE-->MS,BE-->MS,BE-->MS
MA,MAR,Morocco,Rabat,Africa,Northern Africa,,MA-->BE,MA-->BE,MA-->BE,MA-->BE,MA-->BE,MA-->BE,MA-->BE,MA-->BE,MA-->BE,MA-->BE,MA-->BE,MA-->BE,MA-->BE,MA-->BE,MA-->BE,MA-->BE,MA-->BE,MA-->BE,MA-->BE,,,,,,,,,,,,,,,,,BE-->MA,BE-->MA,BE-->MA,BE-->MA,BE-->MA,BE-->MA,BE-->MA,BE-->MA,BE-->MA,BE-->MA,BE-->MA,BE-->MA,BE-->MA,BE-->MA,BE-->MA,BE-->MA,BE-->MA,BE-->MA,BE-->MA
MZ,MOZ,Mozambique,Maputo,Africa,Eastern Africa,,MZ-->BE,MZ-->BE,MZ-->BE,MZ-->BE,MZ-->BE,MZ-->BE,MZ-->BE,MZ-->BE,MZ-->BE,MZ-->BE,MZ-->BE,MZ-->BE,MZ-->BE,MZ-->BE,MZ-->BE,MZ-->BE,MZ-->BE,MZ-->BE,MZ-->BE,,,,,,,,,,,,,,,,,BE-->MZ,BE-->MZ,BE-->MZ,BE-->MZ,BE-->MZ,BE-->MZ,BE-->MZ,BE-->MZ,BE-->MZ,BE-->MZ,BE-->MZ,BE-->MZ,BE-->MZ,BE-->MZ,BE-->MZ,BE-->MZ,BE-->MZ,BE-->MZ,BE-->MZ
MM,MMR,Myanmar,Naypyidaw,Asia,South-Eastern Asia,,MM-->BE,MM-->BE,MM-->BE,MM-->BE,MM-->BE,MM-->BE,MM-->BE,MM-->BE,MM-->BE,MM-->BE,MM-->BE,MM-->BE,MM-->BE,MM-->BE,MM-->BE,MM-->BE,MM-->BE,MM-->BE,MM-->BE,,,,,,,,,,,,,,,,,BE-->MM,BE-->MM,BE-->MM,BE-->MM,BE-->MM,BE-->MM,BE-->MM,BE-->MM,BE-->MM,BE-->MM,BE-->MM,BE-->MM,BE-->MM,BE-->MM,BE-->MM,BE-->MM,BE-->MM,BE-->MM,BE-->MM
,NAM,Namibia,Windhoek,Africa,Southern Africa,,NA-->BE,NA-->BE,NA-->BE,NA-->BE,NA-->BE,NA-->BE,NA-->BE,NA-->BE,NA-->BE,NA-->BE,NA-->BE,NA-->BE,NA-->BE,NA-->BE,NA-->BE,NA-->BE,NA-->BE,NA-->BE,NA-->BE,,,,,,,,,,,,,,,,,BE-->NA,BE-->NA,BE-->NA,BE-->NA,BE-->NA,BE-->NA,BE-->NA,BE-->NA,BE-->NA,BE-->NA,BE-->NA,BE-->NA,BE-->NA,BE-->NA,BE-->NA,BE-->NA,BE-->NA,BE-->NA,BE-->NA
NR,NRU,Nauru,Yaren,Oceania,Micronesia,,NR-->BE,NR-->BE,NR-->BE,NR-->BE,NR-->BE,NR-->BE,NR-->BE,NR-->BE,NR-->BE,NR-->BE,NR-->BE,NR-->BE,NR-->BE,NR-->BE,NR-->BE,NR-->BE,NR-->BE,NR-->BE,NR-->BE,,,,,,,,,,,,,,,,,BE-->NR,BE-->NR,BE-->NR,BE-->NR,BE-->NR,BE-->NR,BE-->NR,BE-->NR,BE-->NR,BE-->NR,BE-->NR,BE-->NR,BE-->NR,BE-->NR,BE-->NR,BE-->NR,BE-->NR,BE-->NR,BE-->NR
NP,NPL,Nepal,Kathmandu,Asia,Southern Asia,,NP-->BE,NP-->BE,NP-->BE,NP-->BE,NP-->BE,NP-->BE,NP-->BE,NP-->BE,NP-->BE,NP-->BE,NP-->BE,NP-->BE,NP-->BE,NP-->BE,NP-->BE,NP-->BE,NP-->BE,NP-->BE,NP-->BE,,,,,,,,,,,,,,,,,BE-->NP,BE-->NP,BE-->NP,BE-->NP,BE-->NP,BE-->NP,BE-->NP,BE-->NP,BE-->NP,BE-->NP,BE-->NP,BE-->NP,BE-->NP,BE-->NP,BE-->NP,BE-->NP,BE-->NP,BE-->NP,BE-->NP
NL,NLD,Netherlands,Amsterdam,Europe,Western Europe,,NL-->BE,NL-->BE,NL-->BE,NL-->BE,NL-->BE,NL-->BE,NL-->BE,NL-->BE,NL-->BE,NL-->BE,NL-->BE,NL-->BE,NL-->BE,NL-->BE,NL-->BE,NL-->BE,NL-->BE,NL-->BE,NL-->BE,,,,,,,,,,,,,,,,,BE-->NL,BE-->NL,BE-->NL,BE-->NL,BE-->NL,BE-->NL,BE-->NL,BE-->NL,BE-->NL,BE-->NL,BE-->NL,BE-->NL,BE-->NL,BE-->NL,BE-->NL,BE-->NL,BE-->NL,BE-->NL,BE-->NL
NC,NCL,New Caledonia,Nouméa,Oceania,Melanesia,,NC-->BE,NC-->BE,NC-->BE,NC-->BE,NC-->BE,NC-->BE,NC-->BE,NC-->BE,NC-->BE,NC-->BE,NC-->BE,NC-->BE,NC-->BE,NC-->BE,NC-->BE,NC-->BE,NC-->BE,NC-->BE,NC-->BE,,,,,,,,,,,,,,,,,BE-->NC,BE-->NC,BE-->NC,BE-->NC,BE-->NC,BE-->NC,BE-->NC,BE-->NC,BE-->NC,BE-->NC,BE-->NC,BE-->NC,BE-->NC,BE-->NC,BE-->NC,BE-->NC,BE-->NC,BE-->NC,BE-->NC
NZ,NZL,New Zealand,Wellington,Oceania,Australia and New Zealand,,NZ-->BE,NZ-->BE,NZ-->BE,NZ-->BE,NZ-->BE,NZ-->BE,NZ-->BE,NZ-->BE,NZ-->BE,NZ-->BE,NZ-->BE,NZ-->BE,NZ-->BE,NZ-->BE,NZ-->BE,NZ-->BE,NZ-->BE,NZ-->BE,NZ-->BE,,,,,,,,,,,,,,,,,BE-->NZ,BE-->NZ,BE-->NZ,BE-->NZ,BE-->NZ,BE-->NZ,BE-->NZ,BE-->NZ,BE-->NZ,BE-->NZ,BE-->NZ,BE-->NZ,BE-->NZ,BE-->NZ,BE-->NZ,BE-->NZ,BE-->NZ,BE-->NZ,BE-->NZ
NI,NIC,Nicaragua,Managua,Americas,Central America,,NI-->BE,NI-->BE,NI-->BE,NI-->BE,NI-->BE,NI-->BE,NI-->BE,NI-->BE,NI-->BE,NI-->BE,NI-->BE,NI-->BE,NI-->BE,NI-->BE,NI-->BE,NI-->BE,NI-->BE,NI-->BE,NI-->BE,,,,,,,,,,,,,,,,,BE-->NI,BE-->NI,BE-->NI,BE-->NI,BE-->NI,BE-->NI,BE-->NI,BE-->NI,BE-->NI,BE-->NI,BE-->NI,BE-->NI,BE-->NI,BE-->NI,BE-->NI,BE-->NI,BE-->NI,BE-->NI,BE-->NI
NE,NER,Niger,Niamey,Africa,Western Africa,,NE-->BE,NE-->BE,NE-->BE,NE-->BE,NE-->BE,NE-->BE,NE-->BE,NE-->BE,NE-->BE,NE-->BE,NE-->BE,NE-->BE,NE-->BE,NE-->BE,NE-->BE,NE-->BE,NE-->BE,NE-->BE,NE-->BE,,,,,,,,,,,,,,,,,BE-->NE,BE-->NE,BE-->NE,BE-->NE,BE-->NE,BE-->NE,BE-->NE,BE-->NE,BE-->NE,BE-->NE,BE-->NE,BE-->NE,BE-->NE,BE-->NE,BE-->NE,BE-->NE,BE-->NE,BE-->NE,BE-->NE
NG,NGA,Nigeria,Abuja,Africa,Western Africa,,NG-->BE,NG-->BE,NG-->BE,NG-->BE,NG-->BE,NG-->BE,NG-->BE,NG-->BE,NG-->BE,NG-->BE,NG-->BE,NG-->BE,NG-->BE,NG-->BE,NG-->BE,NG-->BE,NG-->BE,NG-->BE,NG-->BE,,,,,,,,,,,,,,,,,BE-->NG,BE-->NG,BE-->NG,BE-->NG,BE-->NG,BE-->NG,BE-->NG,BE-->NG,BE-->NG,BE-->NG,BE-->NG,BE-->NG,BE-->NG,BE-->NG,BE-->NG,BE-->NG,BE-->NG,BE-->NG,BE-->NG
NU,NIU,Niue,Alofi,Oceania,Polynesia,,NU-->BE,NU-->BE,NU-->BE,NU-->BE,NU-->BE,NU-->BE,NU-->BE,NU-->BE,NU-->BE,NU-->BE,NU-->BE,NU-->BE,NU-->BE,NU-->BE,NU-->BE,NU-->BE,NU-->BE,NU-->BE,NU-->BE,,,,,,,,,,,,,,,,,BE-->NU,BE-->NU,BE-->NU,BE-->NU,BE-->NU,BE-->NU,BE-->NU,BE-->NU,BE-->NU,BE-->NU,BE-->NU,BE-->NU,BE-->NU,BE-->NU,BE-->NU,BE-->NU,BE-->NU,BE-->NU,BE-->NU
NF,NFK,Norfolk Island,Kingston,Oceania,Australia and New Zealand,,NF-->BE,NF-->BE,NF-->BE,NF-->BE,NF-->BE,NF-->BE,NF-->BE,NF-->BE,NF-->BE,NF-->BE,NF-->BE,NF-->BE,NF-->BE,NF-->BE,NF-->BE,NF-->BE,NF-->BE,NF-->BE,NF-->BE,,,,,,,,,,,,,,,,,BE-->NF,BE-->NF,BE-->NF,BE-->NF,BE-->NF,BE-->NF,BE-->NF,BE-->NF,BE-->NF,BE-->NF,BE-->NF,BE-->NF,BE-->NF,BE-->NF,BE-->NF,BE-->NF,BE-->NF,BE-->NF,BE-->NF
KP,PRK,North Korea,Pyongyang,Asia,Eastern Asia,,KP-->BE,KP-->BE,KP-->BE,KP-->BE,KP-->BE,KP-->BE,KP-->BE,KP-->BE,KP-->BE,KP-->BE,KP-->BE,KP-->BE,KP-->BE,KP-->BE,KP-->BE,KP-->BE,KP-->BE,KP-->BE,KP-->BE,,,,,,,,,,,,,,,,,BE-->KP,BE-->KP,BE-->KP,BE-->KP,BE-->KP,BE-->KP,BE-->KP,BE-->KP,BE-->KP,BE-->KP,BE-->KP,BE-->KP,BE-->KP,BE-->KP,BE-->KP,BE-->KP,BE-->KP,BE-->KP,BE-->KP
MP,MNP,Northern Mariana Islands,Saipan,Oceania,Micronesia,,MP-->BE,MP-->BE,MP-->BE,MP-->BE,MP-->BE,MP-->BE,MP-->BE,MP-->BE,MP-->BE,MP-->BE,MP-->BE,MP-->BE,MP-->BE,MP-->BE,MP-->BE,MP-->BE,MP-->BE,MP-->BE,MP-->BE,,,,,,,,,,,,,,,,,BE-->MP,BE-->MP,BE-->MP,BE-->MP,BE-->MP,BE-->MP,BE-->MP,BE-->MP,BE-->MP,BE-->MP,BE-->MP,BE-->MP,BE-->MP,BE-->MP,BE-->MP,BE-->MP,BE-->MP,BE-->MP,BE-->MP
NO,NOR,Norway,Oslo,Europe,Northern Europe,,NO-->BE,NO-->BE,NO-->BE,NO-->BE,NO-->BE,NO-->BE,NO-->BE,NO-->BE,NO-->BE,NO-->BE,NO-->BE,NO-->BE,NO-->BE,NO-->BE,NO-->BE,NO-->BE,NO-->BE,NO-->BE,NO-->BE,,,,,,,,,,,,,,,,,BE-->NO,BE-->NO,BE-->NO,BE-->NO,BE-->NO,BE-->NO,BE-->NO,BE-->NO,BE-->NO,BE-->NO,BE-->NO,BE-->NO,BE-->NO,BE-->NO,BE-->NO,BE-->NO,BE-->NO,BE-->NO,BE-->NO
OM,OMN,Oman,Muscat,Asia,Western Asia,,OM-->BE,OM-->BE,OM-->BE,OM-->BE,OM-->BE,OM-->BE,OM-->BE,OM-->BE,OM-->BE,OM-->BE,OM-->BE,OM-->BE,OM-->BE,OM-->BE,OM-->BE,OM-->BE,OM-->BE,OM-->BE,OM-->BE,,,,,,,,,,,,,,,,,BE-->OM,BE-->OM,BE-->OM,BE-->OM,BE-->OM,BE-->OM,BE-->OM,BE-->OM,BE-->OM,BE-->OM,BE-->OM,BE-->OM,BE-->OM,BE-->OM,BE-->OM,BE-->OM,BE-->OM,BE-->OM,BE-->OM
PK,PAK,Pakistan,Islamabad,Asia,Southern Asia,,PK-->BE,PK-->BE,PK-->BE,PK-->BE,PK-->BE,PK-->BE,PK-->BE,PK-->BE,PK-->BE,PK-->BE,PK-->BE,PK-->BE,PK-->BE,PK-->BE,PK-->BE,PK-->BE,PK-->BE,PK-->BE,PK-->BE,,,,,,,,,,,,,,,,,BE-->PK,BE-->PK,BE-->PK,BE-->PK,BE-->PK,BE-->PK,BE-->PK,BE-->PK,BE-->PK,BE-->PK,BE-->PK,BE-->PK,BE-->PK,BE-->PK,BE-->PK,BE-->PK,BE-->PK,BE-->PK,BE-->PK
PW,PLW,Palau,Ngerulmud,Oceania,Micronesia,,PW-->BE,PW-->BE,PW-->BE,PW-->BE,PW-->BE,PW-->BE,PW-->BE,PW-->BE,PW-->BE,PW-->BE,PW-->BE,PW-->BE,PW-->BE,PW-->BE,PW-->BE,PW-->BE,PW-->BE,PW-->BE,PW-->BE,,,,,,,,,,,,,,,,,BE-->PW,BE-->PW,BE-->PW,BE-->PW,BE-->PW,BE-->PW,BE-->PW,BE-->PW,BE-->PW,BE-->PW,BE-->PW,BE-->PW,BE-->PW,BE-->PW,BE-->PW,BE-->PW,BE-->PW,BE-->PW,BE-->PW
PS,PSE,Palestine,Ramallah,Asia,Western Asia,,PS-->BE,PS-->BE,PS-->BE,PS-->BE,PS-->BE,PS-->BE,PS-->BE,PS-->BE,PS-->BE,PS-->BE,PS-->BE,PS-->BE,PS-->BE,PS-->BE,PS-->BE,PS-->BE,PS-->BE,PS-->BE,PS-->BE,,,,,,,,,,,,,,,,,BE-->PS,BE-->PS,BE-->PS,BE-->PS,BE-->PS,BE-->PS,BE-->PS,BE-->PS,BE-->PS,BE-->PS,BE-->PS,BE-->PS,BE-->PS,BE-->PS,BE-->PS,BE-->PS,BE-->PS,BE-->PS,BE-->PS
PA,PAN,Panama,Panama City,Americas,Central America,,PA-->BE,PA-->BE,PA-->BE,PA-->BE,PA-->BE,PA-->BE,PA-->BE,PA-->BE,PA-->BE,PA-->BE,PA-->BE,PA-->BE,PA-->BE,PA-->BE,PA-->BE,PA-->BE,PA-->BE,PA-->BE,PA-->BE,,,,,,,,,,,,,,,,,BE-->PA,BE-->PA,BE-->PA,BE-->PA,BE-->PA,BE-->PA,BE-->PA,BE-->PA,BE-->PA,BE-->PA,BE-->PA,BE-->PA,BE-->PA,BE-->PA,BE-->PA,BE-->PA,BE-->PA,BE-->PA,BE-->PA
PG,PNG,Papua New Guinea,Port Moresby,Oceania,Melanesia,,PG-->BE,PG-->BE,PG-->BE,PG-->BE,PG-->BE,PG-->BE,PG-->BE,PG-->BE,PG-->BE,PG-->BE,PG-->BE,PG-->BE,PG-->BE,PG-->BE,PG-->BE,PG-->BE,PG-->BE,PG-->BE,PG-->BE,,,,,,,,,,,,,,,,,BE-->PG,BE-->PG,BE-->PG,BE-->PG,BE-->PG,BE-->PG,BE-->PG,BE-->PG,BE-->PG,BE-->PG,BE-->PG,BE-->PG,BE-->PG,BE-->PG,BE-->PG,BE-->PG,BE-->PG,BE-->PG,BE-->PG
PY,PRY,Paraguay,Asunción,Americas,South America,,PY-->BE,PY-->BE,PY-->BE,PY-->BE,PY-->BE,PY-->BE,PY-->BE,PY-->BE,PY-->BE,PY-->BE,PY-->BE,PY-->BE,PY-->BE,PY-->BE,PY-->BE,PY-->BE,PY-->BE,PY-->BE,PY-->BE,,,,,,,,,,,,,,,,,BE-->PY,BE-->PY,BE-->PY,BE-->PY,BE-->PY,BE-->PY,BE-->PY,BE-->PY,BE-->PY,BE-->PY,BE-->PY,BE-->PY,BE-->PY,BE-->PY,BE-->PY,BE-->PY,BE-->PY,BE-->PY,BE-->PY
PE,PER,Peru,Lima,Americas,South America,,PE-->BE,PE-->BE,PE-->BE,PE-->BE,PE-->BE,PE-->BE,PE-->BE,PE-->BE,PE-->BE,PE-->BE,PE-->BE,PE-->BE,PE-->BE,PE-->BE,PE-->BE,PE-->BE,PE-->BE,PE-->BE,PE-->BE,,,,,,,,,,,,,,,,,BE-->PE,BE-->PE,BE-->PE,BE-->PE,BE-->PE,BE-->PE,BE-->PE,BE-->PE,BE-->PE,BE-->PE,BE-->PE,BE-->PE,BE-->PE,BE-->PE,BE-->PE,BE-->PE,BE-->PE,BE-->PE,BE-->PE
PH,PHL,Philippines,Manila,Asia,South-Eastern Asia,,PH-->BE,PH-->BE,PH-->BE,PH-->BE,PH-->BE,PH-->BE,PH-->BE,PH-->BE,PH-->BE,PH-->BE,PH-->BE,PH-->BE,PH-->BE,PH-->BE,PH-->BE,PH-->BE,PH-->BE,PH-->BE,PH-->BE,,,,,,,,,,,,,,,,,BE-->PH,BE-->PH,BE-->PH,BE-->PH,BE-->PH,BE-->PH,BE-->PH,BE-->PH,BE-->PH,BE-->PH,BE-->PH,BE-->PH,BE-->PH,BE-->PH,BE-->PH,BE-->PH,BE-->PH,BE-->PH,BE-->PH
PN,PCN,Pitcairn Islands,Adamstown,Oceania,Polynesia,,PN-->BE,PN-->BE,PN-->BE,PN-->BE,PN-->BE,PN-->BE,PN-->BE,PN-->BE,PN-->BE,PN-->BE,PN-->BE,PN-->BE,PN-->BE,PN-->BE,PN-->BE,PN-->BE,PN-->BE,PN-->BE,PN-->BE,,,,,,,,,,,,,,,,,BE-->PN,BE-->PN,BE-->PN,BE-->PN,BE-->PN,BE-->PN,BE-->PN,BE-->PN,BE-->PN,BE-->PN,BE-->PN,BE-->PN,BE-->PN,BE-->PN,BE-->PN,BE-->PN,BE-->PN,BE-->PN,BE-->PN
PL,POL,Poland,Warsaw,Europe,Eastern Europe,,PL-->BE,PL-->BE,PL-->BE,PL-->BE,PL-->BE,PL-->BE,PL-->BE,PL-->BE,PL-->BE,PL-->BE,PL-->BE,PL-->BE,PL-->BE,PL-->BE,PL-->BE,PL-->BE,PL-->BE,PL-->BE,PL-->BE,,,,,,,,,,,,,,,,,BE-->PL,BE-->PL,BE-->PL,BE-->PL,BE-->PL,BE-->PL,BE-->PL,BE-->PL,BE-->PL,BE-->PL,BE-->PL,BE-->PL,BE-->PL,BE-->PL,BE-->PL,BE-->PL,BE-->PL,BE-->PL,BE-->PL
PT,PRT,Portugal,Lisbon,Europe,Southern Europe,,PT-->BE,PT-->BE,PT-->BE,PT-->BE,PT-->BE,PT-->BE,PT-->BE,PT-->BE,PT-->BE,PT-->BE,PT-->BE,PT-->BE,PT-->BE,PT-->BE,PT-->BE,PT-->BE,PT-->BE,PT-->BE,PT-->BE,,,,,,,,,,,,,,,,,BE-->PT,BE-->PT,BE-->PT,BE-->PT,BE-->PT,BE-->PT,BE-->PT,BE-->PT,BE-->PT,BE-->PT,BE-->PT,BE-->PT,BE-->PT,BE-->PT,BE-->PT,BE-->PT,BE-->PT,BE-->PT,BE-->PT
PR,PRI,Puerto Rico,San Juan,Americas,Caribbean,,PR-->BE,PR-->BE,PR-->BE,PR-->BE,PR-->BE,PR-->BE,PR-->BE,PR-->BE,PR-->BE,PR-->BE,PR-->BE,PR-->BE,PR-->BE,PR-->BE,PR-->BE,PR-->BE,PR-->BE,PR-->BE,PR-->BE,,,,,,,,,,,,,,,,,BE-->PR,BE-->PR,BE-->PR,BE-->PR,BE-->PR,BE-->PR,BE-->PR,BE-->PR,BE-->PR,BE-->PR,BE-->PR,BE-->PR,BE-->PR,BE-->PR,BE-->PR,BE-->PR,BE-->PR,BE-->PR,BE-->PR
QA,QAT,Qatar,Doha,Asia,Western Asia,,QA-->BE,QA-->BE,QA-->BE,QA-->BE,QA-->BE,QA-->BE,QA-->BE,QA-->BE,QA-->BE,QA-->BE,QA-->BE,QA-->BE,QA-->BE,QA-->BE,QA-->BE,QA-->BE,QA-->BE,QA-->BE,QA-->BE,,,,,,,,,,,,,,,,,BE-->QA,BE-->QA,BE-->QA,BE-->QA,BE-->QA,BE-->QA,BE-->QA,BE-->QA,BE-->QA,BE-->QA,BE-->QA,BE-->QA,BE-->QA,BE-->QA,BE-->QA,BE-->QA,BE-->QA,BE-->QA,BE-->QA
XK,KOS,Republic of Kosovo,Pristina,Europe,Eastern Europe,,XK-->BE,XK-->BE,XK-->BE,XK-->BE,XK-->BE,XK-->BE,XK-->BE,XK-->BE,XK-->BE,XK-->BE,XK-->BE,XK-->BE,XK-->BE,XK-->BE,XK-->BE,XK-->BE,XK-->BE,XK-->BE,XK-->BE,,,,,,,,,,,,,,,,,BE-->XK,BE-->XK,BE-->XK,BE-->XK,BE-->XK,BE-->XK,BE-->XK,BE-->XK,BE-->XK,BE-->XK,BE-->XK,BE-->XK,BE-->XK,BE-->XK,BE-->XK,BE-->XK,BE-->XK,BE-->XK,BE-->XK
RE,REU,Réunion,Saint-Denis,Africa,Eastern Africa,,RE-->BE,RE-->BE,RE-->BE,RE-->BE,RE-->BE,RE-->BE,RE-->BE,RE-->BE,RE-->BE,RE-->BE,RE-->BE,RE-->BE,RE-->BE,RE-->BE,RE-->BE,RE-->BE,RE-->BE,RE-->BE,RE-->BE,,,,,,,,,,,,,,,,,BE-->RE,BE-->RE,BE-->RE,BE-->RE,BE-->RE,BE-->RE,BE-->RE,BE-->RE,BE-->RE,BE-->RE,BE-->RE,BE-->RE,BE-->RE,BE-->RE,BE-->RE,BE-->RE,BE-->RE,BE-->RE,BE-->RE
RO,ROU,Romania,Bucharest,Europe,Eastern Europe,,RO-->BE,RO-->BE,RO-->BE,RO-->BE,RO-->BE,RO-->BE,RO-->BE,RO-->BE,RO-->BE,RO-->BE,RO-->BE,RO-->BE,RO-->BE,RO-->BE,RO-->BE,RO-->BE,RO-->BE,RO-->BE,RO-->BE,,,,,,,,,,,,,,,,,BE-->RO,BE-->RO,BE-->RO,BE-->RO,BE-->RO,BE-->RO,BE-->RO,BE-->RO,BE-->RO,BE-->RO,BE-->RO,BE-->RO,BE-->RO,BE-->RO,BE-->RO,BE-->RO,BE-->RO,BE-->RO,BE-->RO
RU,RUS,Russia,Moscow,Europe,Eastern Europe,,RU-->BE,RU-->BE,RU-->BE,RU-->BE,RU-->BE,RU-->BE,RU-->BE,RU-->BE,RU-->BE,RU-->BE,RU-->BE,RU-->BE,RU-->BE,RU-->BE,RU-->BE,RU-->BE,RU-->BE,RU-->BE,RU-->BE,,,,,,,,,,,,,,,,,BE-->RU,BE-->RU,BE-->RU,BE-->RU,BE-->RU,BE-->RU,BE-->RU,BE-->RU,BE-->RU,BE-->RU,BE-->RU,BE-->RU,BE-->RU,BE-->RU,BE-->RU,BE-->RU,BE-->RU,BE-->RU,BE-->RU
RW,RWA,Rwanda,Kigali,Africa,Eastern Africa,,RW-->BE,RW-->BE,RW-->BE,RW-->BE,RW-->BE,RW-->BE,RW-->BE,RW-->BE,RW-->BE,RW-->BE,RW-->BE,RW-->BE,RW-->BE,RW-->BE,RW-->BE,RW-->BE,RW-->BE,RW-->BE,RW-->BE,,,,,,,,,,,,,,,,,BE-->RW,BE-->RW,BE-->RW,BE-->RW,BE-->RW,BE-->RW,BE-->RW,BE-->RW,BE-->RW,BE-->RW,BE-->RW,BE-->RW,BE-->RW,BE-->RW,BE-->RW,BE-->RW,BE-->RW,BE-->RW,BE-->RW
BL,BLM,Saint Barthélemy,Gustavia,Americas,Caribbean,,BL-->BE,BL-->BE,BL-->BE,BL-->BE,BL-->BE,BL-->BE,BL-->BE,BL-->BE,BL-->BE,BL-->BE,BL-->BE,BL-->BE,BL-->BE,BL-->BE,BL-->BE,BL-->BE,BL-->BE,BL-->BE,BL-->BE,,,,,,,,,,,,,,,,,BE-->BL,BE-->BL,BE-->BL,BE-->BL,BE-->BL,BE-->BL,BE-->BL,BE-->BL,BE-->BL,BE-->BL,BE-->BL,BE-->BL,BE-->BL,BE-->BL,BE-->BL,BE-->BL,BE-->BL,BE-->BL,BE-->BL
SH,SHN,Saint Helena,Jamestown,Africa,Western Africa,,SH-->BE,SH-->BE,SH-->BE,SH-->BE,SH-->BE,SH-->BE,SH-->BE,SH-->BE,SH-->BE,SH-->BE,SH-->BE,SH-->BE,SH-->BE,SH-->BE,SH-->BE,SH-->BE,SH-->BE,SH-->BE,SH-->BE,,,,,,,,,,,,,,,,,BE-->SH,BE-->SH,BE-->SH,BE-->SH,BE-->SH,BE-->SH,BE-->SH,BE-->SH,BE-->SH,BE-->SH,BE-->SH,BE-->SH,BE-->SH,BE-->SH,BE-->SH,BE-->SH,BE-->SH,BE-->SH,BE-->SH
KN,KNA,Saint Kitts and Nevis,Basseterre,Americas,Caribbean,,KN-->BE,KN-->BE,KN-->BE,KN-->BE,KN-->BE,KN-->BE,KN-->BE,KN-->BE,KN-->BE,KN-->BE,KN-->BE,KN-->BE,KN-->BE,KN-->BE,KN-->BE,KN-->BE,KN-->BE,KN-->BE,KN-->BE,,,,,,,,,,,,,,,,,BE-->KN,BE-->KN,BE-->KN,BE-->KN,BE-->KN,BE-->KN,BE-->KN,BE-->KN,BE-->KN,BE-->KN,BE-->KN,BE-->KN,BE-->KN,BE-->KN,BE-->KN,BE-->KN,BE-->KN,BE-->KN,BE-->KN
LC,LCA,Saint Lucia,Castries,Americas,Caribbean,,LC-->BE,LC-->BE,LC-->BE,LC-->BE,LC-->BE,LC-->BE,LC-->BE,LC-->BE,LC-->BE,LC-->BE,LC-->BE,LC-->BE,LC-->BE,LC-->BE,LC-->BE,LC-->BE,LC-->BE,LC-->BE,LC-->BE,,,,,,,,,,,,,,,,,BE-->LC,BE-->LC,BE-->LC,BE-->LC,BE-->LC,BE-->LC,BE-->LC,BE-->LC,BE-->LC,BE-->LC,BE-->LC,BE-->LC,BE-->LC,BE-->LC,BE-->LC,BE-->LC,BE-->LC,BE-->LC,BE-->LC
MF,MAF,Saint Martin,Marigot,Americas,Caribbean,,MF-->BE,MF-->BE,MF-->BE,MF-->BE,MF-->BE,MF-->BE,MF-->BE,MF-->BE,MF-->BE,MF-->BE,MF-->BE,MF-->BE,MF-->BE,MF-->BE,MF-->BE,MF-->BE,MF-->BE,MF-->BE,MF-->BE,,,,,,,,,,,,,,,,,BE-->MF,BE-->MF,BE-->MF,BE-->MF,BE-->MF,BE-->MF,BE-->MF,BE-->MF,BE-->MF,BE-->MF,BE-->MF,BE-->MF,BE-->MF,BE-->MF,BE-->MF,BE-->MF,BE-->MF,BE-->MF,BE-->MF
PM,SPM,Saint Pierre and Miquelon,Saint-Pierre,Americas,Northern America,,PM-->BE,PM-->BE,PM-->BE,PM-->BE,PM-->BE,PM-->BE,PM-->BE,PM-->BE,PM-->BE,PM-->BE,PM-->BE,PM-->BE,PM-->BE,PM-->BE,PM-->BE,PM-->BE,PM-->BE,PM-->BE,PM-->BE,,,,,,,,,,,,,,,,,BE-->PM,BE-->PM,BE-->PM,BE-->PM,BE-->PM,BE-->PM,BE-->PM,BE-->PM,BE-->PM,BE-->PM,BE-->PM,BE-->PM,BE-->PM,BE-->PM,BE-->PM,BE-->PM,BE-->PM,BE-->PM,BE-->PM
VC,VCT,Saint Vincent and the Grenadines,Kingstown,Americas,Caribbean,,VC-->BE,VC-->BE,VC-->BE,VC-->BE,VC-->BE,VC-->BE,VC-->BE,VC-->BE,VC-->BE,VC-->BE,VC-->BE,VC-->BE,VC-->BE,VC-->BE,VC-->BE,VC-->BE,VC-->BE,VC-->BE,VC-->BE,,,,,,,,,,,,,,,,,BE-->VC,BE-->VC,BE-->VC,BE-->VC,BE-->VC,BE-->VC,BE-->VC,BE-->VC,BE-->VC,BE-->VC,BE-->VC,BE-->VC,BE-->VC,BE-->VC,BE-->VC,BE-->VC,BE-->VC,BE-->VC,BE-->VC
WS,WSM,Samoa,Apia,Oceania,Polynesia,,WS-->BE,WS-->BE,WS-->BE,WS-->BE,WS-->BE,WS-->BE,WS-->BE,WS-->BE,WS-->BE,WS-->BE,WS-->BE,WS-->BE,WS-->BE,WS-->BE,WS-->BE,WS-->BE,WS-->BE,WS-->BE,WS-->BE,,,,,,,,,,,,,,,,,BE-->WS,BE-->WS,BE-->WS,BE-->WS,BE-->WS,BE-->WS,BE-->WS,BE-->WS,BE-->WS,BE-->WS,BE-->WS,BE-->WS,BE-->WS,BE-->WS,BE-->WS,BE-->WS,BE-->WS,BE-->WS,BE-->WS
SM,SMR,San Marino,City of San Marino,Europe,Southern Europe,,SM-->BE,SM-->BE,SM-->BE,SM-->BE,SM-->BE,SM-->BE,SM-->BE,SM-->BE,SM-->BE,SM-->BE,SM-->BE,SM-->BE,SM-->BE,SM-->BE,SM-->BE,SM-->BE,SM-->BE,SM-->BE,SM-->BE,,,,,,,,,,,,,,,,,BE-->SM,BE-->SM,BE-->SM,BE-->SM,BE-->SM,BE-->SM,BE-->SM,BE-->SM,BE-->SM,BE-->SM,BE-->SM,BE-->SM,BE-->SM,BE-->SM,BE-->SM,BE-->SM,BE-->SM,BE-->SM,BE-->SM
ST,STP,São Tomé and Príncipe,São Tomé,Africa,Middle Africa,,ST-->BE,ST-->BE,ST-->BE,ST-->BE,ST-->BE,ST-->BE,ST-->BE,ST-->BE,ST-->BE,ST-->BE,ST-->BE,ST-->BE,ST-->BE,ST-->BE,ST-->BE,ST-->BE,ST-->BE,ST-->BE,ST-->BE,,,,,,,,,,,,,,,,,BE-->ST,BE-->ST,BE-->ST,BE-->ST,BE-->ST,BE-->ST,BE-->ST,BE-->ST,BE-->ST,BE-->ST,BE-->ST,BE-->ST,BE-->ST,BE-->ST,BE-->ST,BE-->ST,BE-->ST,BE-->ST,BE-->ST
SA,SAU,Saudi Arabia,Riyadh,Asia,Western Asia,,SA-->BE,SA-->BE,SA-->BE,SA-->BE,SA-->BE,SA-->BE,SA-->BE,SA-->BE,SA-->BE,SA-->BE,SA-->BE,SA-->BE,SA-->BE,SA-->BE,SA-->BE,SA-->BE,SA-->BE,SA-->BE,SA-->BE,,,,,,,,,,,,,,,,,BE-->SA,BE-->SA,BE-->SA,BE-->SA,BE-->SA,BE-->SA,BE-->SA,BE-->SA,BE-->SA,BE-->SA,BE-->SA,BE-->SA,BE-->SA,BE-->SA,BE-->SA,BE-->SA,BE-->SA,BE-->SA,BE-->SA
SN,SEN,Senegal,Dakar,Africa,Western Africa,,SN-->BE,SN-->BE,SN-->BE,SN-->BE,SN-->BE,SN-->BE,SN-->BE,SN-->BE,SN-->BE,SN-->BE,SN-->BE,SN-->BE,SN-->BE,SN-->BE,SN-->BE,SN-->BE,SN-->BE,SN-->BE,SN-->BE,,,,,,,,,,,,,,,,,BE-->SN,BE-->SN,BE-->SN,BE-->SN,BE-->SN,BE-->SN,BE-->SN,BE-->SN,BE-->SN,BE-->SN,BE-->SN,BE-->SN,BE-->SN,BE-->SN,BE-->SN,BE-->SN,BE-->SN,BE-->SN,BE-->SN
RS,SRB,Serbia,Belgrade,Europe,Southern Europe,,RS-->BE,RS-->BE,RS-->BE,RS-->BE,RS-->BE,RS-->BE,RS-->BE,RS-->BE,RS-->BE,RS-->BE,RS-->BE,RS-->BE,RS-->BE,RS-->BE,RS-->BE,RS-->BE,RS-->BE,RS-->BE,RS-->BE,,,,,,,,,,,,,,,,,BE-->RS,BE-->RS,BE-->RS,BE-->RS,BE-->RS,BE-->RS,BE-->RS,BE-->RS,BE-->RS,BE-->RS,BE-->RS,BE-->RS,BE-->RS,BE-->RS,BE-->RS,BE-->RS,BE-->RS,BE-->RS,BE-->RS
SC,SYC,Seychelles,Victoria,Africa,Eastern Africa,,SC-->BE,SC-->BE,SC-->BE,SC-->BE,SC-->BE,SC-->BE,SC-->BE,SC-->BE,SC-->BE,SC-->BE,SC-->BE,SC-->BE,SC-->BE,SC-->BE,SC-->BE,SC-->BE,SC-->BE,SC-->BE,SC-->BE,,,,,,,,,,,,,,,,,BE-->SC,BE-->SC,BE-->SC,BE-->SC,BE-->SC,BE-->SC,BE-->SC,BE-->SC,BE-->SC,BE-->SC,BE-->SC,BE-->SC,BE-->SC,BE-->SC,BE-->SC,BE-->SC,BE-->SC,BE-->SC,BE-->SC
SL,SLE,Sierra Leone,Freetown,Africa,Western Africa,,SL-->BE,SL-->BE,SL-->BE,SL-->BE,SL-->BE,SL-->BE,SL-->BE,SL-->BE,SL-->BE,SL-->BE,SL-->BE,SL-->BE,SL-->BE,SL-->BE,SL-->BE,SL-->BE,SL-->BE,SL-->BE,SL-->BE,,,,,,,,,,,,,,,,,BE-->SL,BE-->SL,BE-->SL,BE-->SL,BE-->SL,BE-->SL,BE-->SL,BE-->SL,BE-->SL,BE-->SL,BE-->SL,BE-->SL,BE-->SL,BE-->SL,BE-->SL,BE-->SL,BE-->SL,BE-->SL,BE-->SL
SG,SGP,Singapore,Singapore,Asia,South-Eastern Asia,,SG-->BE,SG-->BE,SG-->BE,SG-->BE,SG-->BE,SG-->BE,SG-->BE,SG-->BE,SG-->BE,SG-->BE,SG-->BE,SG-->BE,SG-->BE,SG-->BE,SG-->BE,SG-->BE,SG-->BE,SG-->BE,SG-->BE,,,,,,,,,,,,,,,,,BE-->SG,BE-->SG,BE-->SG,BE-->SG,BE-->SG,BE-->SG,BE-->SG,BE-->SG,BE-->SG,BE-->SG,BE-->SG,BE-->SG,BE-->SG,BE-->SG,BE-->SG,BE-->SG,BE-->SG,BE-->SG,BE-->SG
SX,SXM,Sint Maarten,Philipsburg,Americas,Caribbean,,SX-->BE,SX-->BE,SX-->BE,SX-->BE,SX-->BE,SX-->BE,SX-->BE,SX-->BE,SX-->BE,SX-->BE,SX-->BE,SX-->BE,SX-->BE,SX-->BE,SX-->BE,SX-->BE,SX-->BE,SX-->BE,SX-->BE,,,,,,,,,,,,,,,,,BE-->SX,BE-->SX,BE-->SX,BE-->SX,BE-->SX,BE-->SX,BE-->SX,BE-->SX,BE-->SX,BE-->SX,BE-->SX,BE-->SX,BE-->SX,BE-->SX,BE-->SX,BE-->SX,BE-->SX,BE-->SX,BE-->SX
SK,SVK,Slovakia,Bratislava,Europe,Eastern Europe,,SK-->BE,SK-->BE,SK-->BE,SK-->BE,SK-->BE,SK-->BE,SK-->BE,SK-->BE,SK-->BE,SK-->BE,SK-->BE,SK-->BE,SK-->BE,SK-->BE,SK-->BE,SK-->BE,SK-->BE,SK-->BE,SK-->BE,,,,,,,,,,,,,,,,,BE-->SK,BE-->SK,BE-->SK,BE-->SK,BE-->SK,BE-->SK,BE-->SK,BE-->SK,BE-->SK,BE-->SK,BE-->SK,BE-->SK,BE-->SK,BE-->SK,BE-->SK,BE-->SK,BE-->SK,BE-->SK,BE-->SK
SI,SVN,Slovenia,Ljubljana,Europe,Southern Europe,,SI-->BE,SI-->BE,SI-->BE,SI-->BE,SI-->BE,SI-->BE,SI-->BE,SI-->BE,SI-->BE,SI-->BE,SI-->BE,SI-->BE,SI-->BE,SI-->BE,SI-->BE,SI-->BE,SI-->BE,SI-->BE,SI-->BE,,,,,,,,,,,,,,,,,BE-->SI,BE-->SI,BE-->SI,BE-->SI,BE-->SI,BE-->SI,BE-->SI,BE-->SI,BE-->SI,BE-->SI,BE-->SI,BE-->SI,BE-->SI,BE-->SI,BE-->SI,BE-->SI,BE-->SI,BE-->SI,BE-->SI
SB,SLB,Solomon Islands,Honiara,Oceania,Melanesia,,SB-->BE,SB-->BE,SB-->BE,SB-->BE,SB-->BE,SB-->BE,SB-->BE,SB-->BE,SB-->BE,SB-->BE,SB-->BE,SB-->BE,SB-->BE,SB-->BE,SB-->BE,SB-->BE,SB-->BE,SB-->BE,SB-->BE,,,,,,,,,,,,,,,,,BE-->SB,BE-->SB,BE-->SB,BE-->SB,BE-->SB,BE-->SB,BE-->SB,BE-->SB,BE-->SB,BE-->SB,BE-->SB,BE-->SB,BE-->SB,BE-->SB,BE-->SB,BE-->SB,BE-->SB,BE-->SB,BE-->SB
SO,SOM,Somalia,Mogadishu,Africa,Eastern Africa,,SO-->BE,SO-->BE,SO-->BE,SO-->BE,SO-->BE,SO-->BE,SO-->BE,SO-->BE,SO-->BE,SO-->BE,SO-->BE,SO-->BE,SO-->BE,SO-->BE,SO-->BE,SO-->BE,SO-->BE,SO-->BE,SO-->BE,,,,,,,,,,,,,,,,,BE-->SO,BE-->SO,BE-->SO,BE-->SO,BE-->SO,BE-->SO,BE-->SO,BE-->SO,BE-->SO,BE-->SO,BE-->SO,BE-->SO,BE-->SO,BE-->SO,BE-->SO,BE-->SO,BE-->SO,BE-->SO,BE-->SO
ZA,ZAF,South Africa,Pretoria,Africa,Southern Africa,,ZA-->BE,ZA-->BE,ZA-->BE,ZA-->BE,ZA-->BE,ZA-->BE,ZA-->BE,ZA-->BE,ZA-->BE,ZA-->BE,ZA-->BE,ZA-->BE,ZA-->BE,ZA-->BE,ZA-->BE,ZA-->BE,ZA-->BE,ZA-->BE,ZA-->BE,,,,,,,,,,,,,,,,,BE-->ZA,BE-->ZA,BE-->ZA,BE-->ZA,BE-->ZA,BE-->ZA,BE-->ZA,BE-->ZA,BE-->ZA,BE-->ZA,BE-->ZA,BE-->ZA,BE-->ZA,BE-->ZA,BE-->ZA,BE-->ZA,BE-->ZA,BE-->ZA,BE-->ZA
GS,SGS,South Georgia,King Edward Point,Americas,South America,,GS-->BE,GS-->BE,GS-->BE,GS-->BE,GS-->BE,GS-->BE,GS-->BE,GS-->BE,GS-->BE,GS-->BE,GS-->BE,GS-->BE,GS-->BE,GS-->BE,GS-->BE,GS-->BE,GS-->BE,GS-->BE,GS-->BE,,,,,,,,,,,,,,,,,BE-->GS,BE-->GS,BE-->GS,BE-->GS,BE-->GS,BE-->GS,BE-->GS,BE-->GS,BE-->GS,BE-->GS,BE-->GS,BE-->GS,BE-->GS,BE-->GS,BE-->GS,BE-->GS,BE-->GS,BE-->GS,BE-->GS
KR,KOR,South Korea,Seoul,Asia,Eastern Asia,,KR-->BE,KR-->BE,KR-->BE,KR-->BE,KR-->BE,KR-->BE,KR-->BE,KR-->BE,KR-->BE,KR-->BE,KR-->BE,KR-->BE,KR-->BE,KR-->BE,KR-->BE,KR-->BE,KR-->BE,KR-->BE,KR-->BE,,,,,,,,,,,,,,,,,BE-->KR,BE-->KR,BE-->KR,BE-->KR,BE-->KR,BE-->KR,BE-->KR,BE-->KR,BE-->KR,BE-->KR,BE-->KR,BE-->KR,BE-->KR,BE-->KR,BE-->KR,BE-->KR,BE-->KR,BE-->KR,BE-->KR
SS,SSD,South Sudan,Juba,Africa,Middle Africa,,SS-->BE,SS-->BE,SS-->BE,SS-->BE,SS-->BE,SS-->BE,SS-->BE,SS-->BE,SS-->BE,SS-->BE,SS-->BE,SS-->BE,SS-->BE,SS-->BE,SS-->BE,SS-->BE,SS-->BE,SS-->BE,SS-->BE,,,,,,,,,,,,,,,,,BE-->SS,BE-->SS,BE-->SS,BE-->SS,BE-->SS,BE-->SS,BE-->SS,BE-->SS,BE-->SS,BE-->SS,BE-->SS,BE-->SS,BE-->SS,BE-->SS,BE-->SS,BE-->SS,BE-->SS,BE-->SS,BE-->SS
ES,ESP,Spain,Madrid,Europe,Southern Europe,,ES-->BE,ES-->BE,ES-->BE,ES-->BE,ES-->BE,ES-->BE,ES-->BE,ES-->BE,ES-->BE,ES-->BE,ES-->BE,ES-->BE,ES-->BE,ES-->BE,ES-->BE,ES-->BE,ES-->BE,ES-->BE,ES-->BE,,,,,,,,,,,,,,,,,BE-->ES,BE-->ES,BE-->ES,BE-->ES,BE-->ES,BE-->ES,BE-->ES,BE-->ES,BE-->ES,BE-->ES,BE-->ES,BE-->ES,BE-->ES,BE-->ES,BE-->ES,BE-->ES,BE-->ES,BE-->ES,BE-->ES
LK,LKA,Sri Lanka,Colombo,Asia,Southern Asia,,LK-->BE,LK-->BE,LK-->BE,LK-->BE,LK-->BE,LK-->BE,LK-->BE,LK-->BE,LK-->BE,LK-->BE,LK-->BE,LK-->BE,LK-->BE,LK-->BE,LK-->BE,LK-->BE,LK-->BE,LK-->BE,LK-->BE,,,,,,,,,,,,,,,,,BE-->LK,BE-->LK,BE-->LK,BE-->LK,BE-->LK,BE-->LK,BE-->LK,BE-->LK,BE-->LK,BE-->LK,BE-->LK,BE-->LK,BE-->LK,BE-->LK,BE-->LK,BE-->LK,BE-->LK,BE-->LK,BE-->LK
SD,SDN,Sudan,Khartoum,Africa,Northern Africa,,SD-->BE,SD-->BE,SD-->BE,SD-->BE,SD-->BE,SD-->BE,SD-->BE,SD-->BE,SD-->BE,SD-->BE,SD-->BE,SD-->BE,SD-->BE,SD-->BE,SD-->BE,SD-->BE,SD-->BE,SD-->BE,SD-->BE,,,,,,,,,,,,,,,,,BE-->SD,BE-->SD,BE-->SD,BE-->SD,BE-->SD,BE-->SD,BE-->SD,BE-->SD,BE-->SD,BE-->SD,BE-->SD,BE-->SD,BE-->SD,BE-->SD,BE-->SD,BE-->SD,BE-->SD,BE-->SD,BE-->SD
SR,SUR,Suriname,Paramaribo,Americas,South America,,SR-->BE,SR-->BE,SR-->BE,SR-->BE,SR-->BE,SR-->BE,SR-->BE,SR-->BE,SR-->BE,SR-->BE,SR-->BE,SR-->BE,SR-->BE,SR-->BE,SR-->BE,SR-->BE,SR-->BE,SR-->BE,SR-->BE,,,,,,,,,,,,,,,,,BE-->SR,BE-->SR,BE-->SR,BE-->SR,BE-->SR,BE-->SR,BE-->SR,BE-->SR,BE-->SR,BE-->SR,BE-->SR,BE-->SR,BE-->SR,BE-->SR,BE-->SR,BE-->SR,BE-->SR,BE-->SR,BE-->SR
SJ,SJM,Svalbard and Jan Mayen,Longyearbyen,Europe,Northern Europe,,SJ-->BE,SJ-->BE,SJ-->BE,SJ-->BE,SJ-->BE,SJ-->BE,SJ-->BE,SJ-->BE,SJ-->BE,SJ-->BE,SJ-->BE,SJ-->BE,SJ-->BE,SJ-->BE,SJ-->BE,SJ-->BE,SJ-->BE,SJ-->BE,SJ-->BE,,,,,,,,,,,,,,,,,BE-->SJ,BE-->SJ,BE-->SJ,BE-->SJ,BE-->SJ,BE-->SJ,BE-->SJ,BE-->SJ,BE-->SJ,BE-->SJ,BE-->SJ,BE-->SJ,BE-->SJ,BE-->SJ,BE-->SJ,BE-->SJ,BE-->SJ,BE-->SJ,BE-->SJ
SZ,SWZ,Swaziland,Lobamba,Africa,Southern Africa,,SZ-->BE,SZ-->BE,SZ-->BE,SZ-->BE,SZ-->BE,SZ-->BE,SZ-->BE,SZ-->BE,SZ-->BE,SZ-->BE,SZ-->BE,SZ-->BE,SZ-->BE,SZ-->BE,SZ-->BE,SZ-->BE,SZ-->BE,SZ-->BE,SZ-->BE,,,,,,,,,,,,,,,,,BE-->SZ,BE-->SZ,BE-->SZ,BE-->SZ,BE-->SZ,BE-->SZ,BE-->SZ,BE-->SZ,BE-->SZ,BE-->SZ,BE-->SZ,BE-->SZ,BE-->SZ,BE-->SZ,BE-->SZ,BE-->SZ,BE-->SZ,BE-->SZ,BE-->SZ
SE,SWE,Sweden,Stockholm,Europe,Northern Europe,,SE-->BE,SE-->BE,SE-->BE,SE-->BE,SE-->BE,SE-->BE,SE-->BE,SE-->BE,SE-->BE,SE-->BE,SE-->BE,SE-->BE,SE-->BE,SE-->BE,SE-->BE,SE-->BE,SE-->BE,SE-->BE,SE-->BE,,,,,,,,,,,,,,,,,BE-->SE,BE-->SE,BE-->SE,BE-->SE,BE-->SE,BE-->SE,BE-->SE,BE-->SE,BE-->SE,BE-->SE,BE-->SE,BE-->SE,BE-->SE,BE-->SE,BE-->SE,BE-->SE,BE-->SE,BE-->SE,BE-->SE
CH,CHE,Switzerland,Bern,Europe,Western Europe,,CH-->BE,CH-->BE,CH-->BE,CH-->BE,CH-->BE,CH-->BE,CH-->BE,CH-->BE,CH-->BE,CH-->BE,CH-->BE,CH-->BE,CH-->BE,CH-->BE,CH-->BE,CH-->BE,CH-->BE,CH-->BE,CH-->BE,,,,,,,,,,,,,,,,,BE-->CH,BE-->CH,BE-->CH,BE-->CH,BE-->CH,BE-->CH,BE-->CH,BE-->CH,BE-->CH,BE-->CH,BE-->CH,BE-->CH,BE-->CH,BE-->CH,BE-->CH,BE-->CH,BE-->CH,BE-->CH,BE-->CH
SY,SYR,Syria,Damascus,Asia,Western Asia,,SY-->BE,SY-->BE,SY-->BE,SY-->BE,SY-->BE,SY-->BE,SY-->BE,SY-->BE,SY-->BE,SY-->BE,SY-->BE,SY-->BE,SY-->BE,SY-->BE,SY-->BE,SY-->BE,SY-->BE,SY-->BE,SY-->BE,,,,,,,,,,,,,,,,,BE-->SY,BE-->SY,BE-->SY,BE-->SY,BE-->SY,BE-->SY,BE-->SY,BE-->SY,BE-->SY,BE-->SY,BE-->SY,BE-->SY,BE-->SY,BE-->SY,BE-->SY,BE-->SY,BE-->SY,BE-->SY,BE-->SY
TW,TWN,Taiwan,Taipei,Asia,Eastern Asia,,TW-->BE,TW-->BE,TW-->BE,TW-->BE,TW-->BE,TW-->BE,TW-->BE,TW-->BE,TW-->BE,TW-->BE,TW-->BE,TW-->BE,TW-->BE,TW-->BE,TW-->BE,TW-->BE,TW-->BE,TW-->BE,TW-->BE,,,,,,,,,,,,,,,,,BE-->TW,BE-->TW,BE-->TW,BE-->TW,BE-->TW,BE-->TW,BE-->TW,BE-->TW,BE-->TW,BE-->TW,BE-->TW,BE-->TW,BE-->TW,BE-->TW,BE-->TW,BE-->TW,BE-->TW,BE-->TW,BE-->TW
TJ,TJK,Tajikistan,Dushanbe,Asia,Central Asia,,TJ-->BE,TJ-->BE,TJ-->BE,TJ-->BE,TJ-->BE,TJ-->BE,TJ-->BE,TJ-->BE,TJ-->BE,TJ-->BE,TJ-->BE,TJ-->BE,TJ-->BE,TJ-->BE,TJ-->BE,TJ-->BE,TJ-->BE,TJ-->BE,TJ-->BE,,,,,,,,,,,,,,,,,BE-->TJ,BE-->TJ,BE-->TJ,BE-->TJ,BE-->TJ,BE-->TJ,BE-->TJ,BE-->TJ,BE-->TJ,BE-->TJ,BE-->TJ,BE-->TJ,BE-->TJ,BE-->TJ,BE-->TJ,BE-->TJ,BE-->TJ,BE-->TJ,BE-->TJ
TZ,TZA,Tanzania,Dodoma,Africa,Eastern Africa,,TZ-->BE,TZ-->BE,TZ-->BE,TZ-->BE,TZ-->BE,TZ-->BE,TZ-->BE,TZ-->BE,TZ-->BE,TZ-->BE,TZ-->BE,TZ-->BE,TZ-->BE,TZ-->BE,TZ-->BE,TZ-->BE,TZ-->BE,TZ-->BE,TZ-->BE,,,,,,,,,,,,,,,,,BE-->TZ,BE-->TZ,BE-->TZ,BE-->TZ,BE-->TZ,BE-->TZ,BE-->TZ,BE-->TZ,BE-->TZ,BE-->TZ,BE-->TZ,BE-->TZ,BE-->TZ,BE-->TZ,BE-->TZ,BE-->TZ,BE-->TZ,BE-->TZ,BE-->TZ
TH,THA,Thailand,Bangkok,Asia,South-Eastern Asia,,TH-->BE,TH-->BE,TH-->BE,TH-->BE,TH-->BE,TH-->BE,TH-->BE,TH-->BE,TH-->BE,TH-->BE,TH-->BE,TH-->BE,TH-->BE,TH-->BE,TH-->BE,TH-->BE,TH-->BE,TH-->BE,TH-->BE,,,,,,,,,,,,,,,,,BE-->TH,BE-->TH,BE-->TH,BE-->TH,BE-->TH,BE-->TH,BE-->TH,BE-->TH,BE-->TH,BE-->TH,BE-->TH,BE-->TH,BE-->TH,BE-->TH,BE-->TH,BE-->TH,BE-->TH,BE-->TH,BE-->TH
TL,TLS,East Timor,Dili,Asia,South-Eastern Asia,,TL-->BE,TL-->BE,TL-->BE,TL-->BE,TL-->BE,TL-->BE,TL-->BE,TL-->BE,TL-->BE,TL-->BE,TL-->BE,TL-->BE,TL-->BE,TL-->BE,TL-->BE,TL-->BE,TL-->BE,TL-->BE,TL-->BE,,,,,,,,,,,,,,,,,BE-->TL,BE-->TL,BE-->TL,BE-->TL,BE-->TL,BE-->TL,BE-->TL,BE-->TL,BE-->TL,BE-->TL,BE-->TL,BE-->TL,BE-->TL,BE-->TL,BE-->TL,BE-->TL,BE-->TL,BE-->TL,BE-->TL
TG,TGO,Togo,Lomé,Africa,Western Africa,,TG-->BE,TG-->BE,TG-->BE,TG-->BE,TG-->BE,TG-->BE,TG-->BE,TG-->BE,TG-->BE,TG-->BE,TG-->BE,TG-->BE,TG-->BE,TG-->BE,TG-->BE,TG-->BE,TG-->BE,TG-->BE,TG-->BE,,,,,,,,,,,,,,,,,BE-->TG,BE-->TG,BE-->TG,BE-->TG,BE-->TG,BE-->TG,BE-->TG,BE-->TG,BE-->TG,BE-->TG,BE-->TG,BE-->TG,BE-->TG,BE-->TG,BE-->TG,BE-->TG,BE-->TG,BE-->TG,BE-->TG
TK,TKL,Tokelau,Fakaofo,Oceania,Polynesia,,TK-->BE,TK-->BE,TK-->BE,TK-->BE,TK-->BE,TK-->BE,TK-->BE,TK-->BE,TK-->BE,TK-->BE,TK-->BE,TK-->BE,TK-->BE,TK-->BE,TK-->BE,TK-->BE,TK-->BE,TK-->BE,TK-->BE,,,,,,,,,,,,,,,,,BE-->TK,BE-->TK,BE-->TK,BE-->TK,BE-->TK,BE-->TK,BE-->TK,BE-->TK,BE-->TK,BE-->TK,BE-->TK,BE-->TK,BE-->TK,BE-->TK,BE-->TK,BE-->TK,BE-->TK,BE-->TK,BE-->TK
TO,TON,Tonga,Nuku'alofa,Oceania,Polynesia,,TO-->BE,TO-->BE,TO-->BE,TO-->BE,TO-->BE,TO-->BE,TO-->BE,TO-->BE,TO-->BE,TO-->BE,TO-->BE,TO-->BE,TO-->BE,TO-->BE,TO-->BE,TO-->BE,TO-->BE,TO-->BE,TO-->BE,,,,,,,,,,,,,,,,,BE-->TO,BE-->TO,BE-->TO,BE-->TO,BE-->TO,BE-->TO,BE-->TO,BE-->TO,BE-->TO,BE-->TO,BE-->TO,BE-->TO,BE-->TO,BE-->TO,BE-->TO,BE-->TO,BE-->TO,BE-->TO,BE-->TO
TT,TTO,Trinidad and Tobago,Port of Spain,Americas,Caribbean,,TT-->BE,TT-->BE,TT-->BE,TT-->BE,TT-->BE,TT-->BE,TT-->BE,TT-->BE,TT-->BE,TT-->BE,TT-->BE,TT-->BE,TT-->BE,TT-->BE,TT-->BE,TT-->BE,TT-->BE,TT-->BE,TT-->BE,,,,,,,,,,,,,,,,,BE-->TT,BE-->TT,BE-->TT,BE-->TT,BE-->TT,BE-->TT,BE-->TT,BE-->TT,BE-->TT,BE-->TT,BE-->TT,BE-->TT,BE-->TT,BE-->TT,BE-->TT,BE-->TT,BE-->TT,BE-->TT,BE-->TT
TN,TUN,Tunisia,Tunis,Africa,Northern Africa,,TN-->BE,TN-->BE,TN-->BE,TN-->BE,TN-->BE,TN-->BE,TN-->BE,TN-->BE,TN-->BE,TN-->BE,TN-->BE,TN-->BE,TN-->BE,TN-->BE,TN-->BE,TN-->BE,TN-->BE,TN-->BE,TN-->BE,,,,,,,,,,,,,,,,,BE-->TN,BE-->TN,BE-->TN,BE-->TN,BE-->TN,BE-->TN,BE-->TN,BE-->TN,BE-->TN,BE-->TN,BE-->TN,BE-->TN,BE-->TN,BE-->TN,BE-->TN,BE-->TN,BE-->TN,BE-->TN,BE-->TN
TR,TUR,Turkey,Ankara,Asia,Western Asia,,TR-->BE,TR-->BE,TR-->BE,TR-->BE,TR-->BE,TR-->BE,TR-->BE,TR-->BE,TR-->BE,TR-->BE,TR-->BE,TR-->BE,TR-->BE,TR-->BE,TR-->BE,TR-->BE,TR-->BE,TR-->BE,TR-->BE,,,,,,,,,,,,,,,,,BE-->TR,BE-->TR,BE-->TR,BE-->TR,BE-->TR,BE-->TR,BE-->TR,BE-->TR,BE-->TR,BE-->TR,BE-->TR,BE-->TR,BE-->TR,BE-->TR,BE-->TR,BE-->TR,BE-->TR,BE-->TR,BE-->TR
TM,TKM,Turkmenistan,Ashgabat,Asia,Central Asia,,TM-->BE,TM-->BE,TM-->BE,TM-->BE,TM-->BE,TM-->BE,TM-->BE,TM-->BE,TM-->BE,TM-->BE,TM-->BE,TM-->BE,TM-->BE,TM-->BE,TM-->BE,TM-->BE,TM-->BE,TM-->BE,TM-->BE,,,,,,,,,,,,,,,,,BE-->TM,BE-->TM,BE-->TM,BE-->TM,BE-->TM,BE-->TM,BE-->TM,BE-->TM,BE-->TM,BE-->TM,BE-->TM,BE-->TM,BE-->TM,BE-->TM,BE-->TM,BE-->TM,BE-->TM,BE-->TM,BE-->TM
TC,TCA,Turks and Caicos Islands,Cockburn Town,Americas,Caribbean,,TC-->BE,TC-->BE,TC-->BE,TC-->BE,TC-->BE,TC-->BE,TC-->BE,TC-->BE,TC-->BE,TC-->BE,TC-->BE,TC-->BE,TC-->BE,TC-->BE,TC-->BE,TC-->BE,TC-->BE,TC-->BE,TC-->BE,,,,,,,,,,,,,,,,,BE-->TC,BE-->TC,BE-->TC,BE-->TC,BE-->TC,BE-->TC,BE-->TC,BE-->TC,BE-->TC,BE-->TC,BE-->TC,BE-->TC,BE-->TC,BE-->TC,BE-->TC,BE-->TC,BE-->TC,BE-->TC,BE-->TC
TV,TUV,Tuvalu,Funafuti,Oceania,Polynesia,,TV-->BE,TV-->BE,TV-->BE,TV-->BE,TV-->BE,TV-->BE,TV-->BE,TV-->BE,TV-->BE,TV-->BE,TV-->BE,TV-->BE,TV-->BE,TV-->BE,TV-->BE,TV-->BE,TV-->BE,TV-->BE,TV-->BE,,,,,,,,,,,,,,,,,BE-->TV,BE-->TV,BE-->TV,BE-->TV,BE-->TV,BE-->TV,BE-->TV,BE-->TV,BE-->TV,BE-->TV,BE-->TV,BE-->TV,BE-->TV,BE-->TV,BE-->TV,BE-->TV,BE-->TV,BE-->TV,BE-->TV
UG,UGA,Uganda,Kampala,Africa,Eastern Africa,,UG-->BE,UG-->BE,UG-->BE,UG-->BE,UG-->BE,UG-->BE,UG-->BE,UG-->BE,UG-->BE,UG-->BE,UG-->BE,UG-->BE,UG-->BE,UG-->BE,UG-->BE,UG-->BE,UG-->BE,UG-->BE,UG-->BE,,,,,,,,,,,,,,,,,BE-->UG,BE-->UG,BE-->UG,BE-->UG,BE-->UG,BE-->UG,BE-->UG,BE-->UG,BE-->UG,BE-->UG,BE-->UG,BE-->UG,BE-->UG,BE-->UG,BE-->UG,BE-->UG,BE-->UG,BE-->UG,BE-->UG
UA,UKR,Ukraine,Kiev,Europe,Eastern Europe,,UA-->BE,UA-->BE,UA-->BE,UA-->BE,UA-->BE,UA-->BE,UA-->BE,UA-->BE,UA-->BE,UA-->BE,UA-->BE,UA-->BE,UA-->BE,UA-->BE,UA-->BE,UA-->BE,UA-->BE,UA-->BE,UA-->BE,,,,,,,,,,,,,,,,,BE-->UA,BE-->UA,BE-->UA,BE-->UA,BE-->UA,BE-->UA,BE-->UA,BE-->UA,BE-->UA,BE-->UA,BE-->UA,BE-->UA,BE-->UA,BE-->UA,BE-->UA,BE-->UA,BE-->UA,BE-->UA,BE-->UA
AE,ARE,United Arab Emirates,Abu Dhabi,Asia,Western Asia,,AE-->BE,AE-->BE,AE-->BE,AE-->BE,AE-->BE,AE-->BE,AE-->BE,AE-->BE,AE-->BE,AE-->BE,AE-->BE,AE-->BE,AE-->BE,AE-->BE,AE-->BE,AE-->BE,AE-->BE,AE-->BE,AE-->BE,,,,,,,,,,,,,,,,,BE-->AE,BE-->AE,BE-->AE,BE-->AE,BE-->AE,BE-->AE,BE-->AE,BE-->AE,BE-->AE,BE-->AE,BE-->AE,BE-->AE,BE-->AE,BE-->AE,BE-->AE,BE-->AE,BE-->AE,BE-->AE,BE-->AE
GB,GBR,United Kingdom,London,Europe,Northern Europe,,GB-->BE,GB-->BE,GB-->BE,GB-->BE,GB-->BE,GB-->BE,GB-->BE,GB-->BE,GB-->BE,GB-->BE,GB-->BE,GB-->BE,GB-->BE,GB-->BE,GB-->BE,GB-->BE,GB-->BE,GB-->BE,GB-->BE,,,,,,,,,,,,,,,,,BE-->GB,BE-->GB,BE-->GB,BE-->GB,BE-->GB,BE-->GB,BE-->GB,BE-->GB,BE-->GB,BE-->GB,BE-->GB,BE-->GB,BE-->GB,BE-->GB,BE-->GB,BE-->GB,BE-->GB,BE-->GB,BE-->GB
US,USA,United States,"Washington, D.C.",Americas,Northern America,,US-->BE,US-->BE,US-->BE,US-->BE,US-->BE,US-->BE,US-->BE,US-->BE,US-->BE,US-->BE,US-->BE,US-->BE,US-->BE,US-->BE,US-->BE,US-->BE,US-->BE,US-->BE,US-->BE,,,,,,,,,,,,,,,,,BE-->US,BE-->US,BE-->US,BE-->US,BE-->US,BE-->US,BE-->US,BE-->US,BE-->US,BE-->US,BE-->US,BE-->US,BE-->US,BE-->US,BE-->US,BE-->US,BE-->US,BE-->US,BE-->US
UY,URY,Uruguay,Montevideo,Americas,South America,,UY-->BE,UY-->BE,UY-->BE,UY-->BE,UY-->BE,UY-->BE,UY-->BE,UY-->BE,UY-->BE,UY-->BE,UY-->BE,UY-->BE,UY-->BE,UY-->BE,UY-->BE,UY-->BE,UY-->BE,UY-->BE,UY-->BE,,,,,,,,,,,,,,,,,BE-->UY,BE-->UY,BE-->UY,BE-->UY,BE-->UY,BE-->UY,BE-->UY,BE-->UY,BE-->UY,BE-->UY,BE-->UY,BE-->UY,BE-->UY,BE-->UY,BE-->UY,BE-->UY,BE-->UY,BE-->UY,BE-->UY
UZ,UZB,Uzbekistan,Tashkent,Asia,Central Asia,,UZ-->BE,UZ-->BE,UZ-->BE,UZ-->BE,UZ-->BE,UZ-->BE,UZ-->BE,UZ-->BE,UZ-->BE,UZ-->BE,UZ-->BE,UZ-->BE,UZ-->BE,UZ-->BE,UZ-->BE,UZ-->BE,UZ-->BE,UZ-->BE,UZ-->BE,,,,,,,,,,,,,,,,,BE-->UZ,BE-->UZ,BE-->UZ,BE-->UZ,BE-->UZ,BE-->UZ,BE-->UZ,BE-->UZ,BE-->UZ,BE-->UZ,BE-->UZ,BE-->UZ,BE-->UZ,BE-->UZ,BE-->UZ,BE-->UZ,BE-->UZ,BE-->UZ,BE-->UZ
VU,VUT,Vanuatu,Port Vila,Oceania,Melanesia,,VU-->BE,VU-->BE,VU-->BE,VU-->BE,VU-->BE,VU-->BE,VU-->BE,VU-->BE,VU-->BE,VU-->BE,VU-->BE,VU-->BE,VU-->BE,VU-->BE,VU-->BE,VU-->BE,VU-->BE,VU-->BE,VU-->BE,,,,,,,,,,,,,,,,,BE-->VU,BE-->VU,BE-->VU,BE-->VU,BE-->VU,BE-->VU,BE-->VU,BE-->VU,BE-->VU,BE-->VU,BE-->VU,BE-->VU,BE-->VU,BE-->VU,BE-->VU,BE-->VU,BE-->VU,BE-->VU,BE-->VU
VE,VEN,Venezuela,Caracas,Americas,South America,,VE-->BE,VE-->BE,VE-->BE,VE-->BE,VE-->BE,VE-->BE,VE-->BE,VE-->BE,VE-->BE,VE-->BE,VE-->BE,VE-->BE,VE-->BE,VE-->BE,VE-->BE,VE-->BE,VE-->BE,VE-->BE,VE-->BE,,,,,,,,,,,,,,,,,BE-->VE,BE-->VE,BE-->VE,BE-->VE,BE-->VE,BE-->VE,BE-->VE,BE-->VE,BE-->VE,BE-->VE,BE-->VE,BE-->VE,BE-->VE,BE-->VE,BE-->VE,BE-->VE,BE-->VE,BE-->VE,BE-->VE
VN,VNM,Vietnam,Hanoi,Asia,South-Eastern Asia,,VN-->BE,VN-->BE,VN-->BE,VN-->BE,VN-->BE,VN-->BE,VN-->BE,VN-->BE,VN-->BE,VN-->BE,VN-->BE,VN-->BE,VN-->BE,VN-->BE,VN-->BE,VN-->BE,VN-->BE,VN-->BE,VN-->BE,,,,,,,,,,,,,,,,,BE-->VN,BE-->VN,BE-->VN,BE-->VN,BE-->VN,BE-->VN,BE-->VN,BE-->VN,BE-->VN,BE-->VN,BE-->VN,BE-->VN,BE-->VN,BE-->VN,BE-->VN,BE-->VN,BE-->VN,BE-->VN,BE-->VN
WF,WLF,Wallis and Futuna,Mata-Utu,Oceania,Polynesia,,WF-->BE,WF-->BE,WF-->BE,WF-->BE,WF-->BE,WF-->BE,WF-->BE,WF-->BE,WF-->BE,WF-->BE,WF-->BE,WF-->BE,WF-->BE,WF-->BE,WF-->BE,WF-->BE,WF-->BE,WF-->BE,WF-->BE,,,,,,,,,,,,,,,,,BE-->WF,BE-->WF,BE-->WF,BE-->WF,BE-->WF,BE-->WF,BE-->WF,BE-->WF,BE-->WF,BE-->WF,BE-->WF,BE-->WF,BE-->WF,BE-->WF,BE-->WF,BE-->WF,BE-->WF,BE-->WF,BE-->WF
EH,ESH,Western Sahara,El Aaiún,Africa,Northern Africa,,EH-->BE,EH-->BE,EH-->BE,EH-->BE,EH-->BE,EH-->BE,EH-->BE,EH-->BE,EH-->BE,EH-->BE,EH-->BE,EH-->BE,EH-->BE,EH-->BE,EH-->BE,EH-->BE,EH-->BE,EH-->BE,EH-->BE,,,,,,,,,,,,,,,,,BE-->EH,BE-->EH,BE-->EH,BE-->EH,BE-->EH,BE-->EH,BE-->EH,BE-->EH,BE-->EH,BE-->EH,BE-->EH,BE-->EH,BE-->EH,BE-->EH,BE-->EH,BE-->EH,BE-->EH,BE-->EH,BE-->EH
YE,YEM,Yemen,Sana'a,Asia,Western Asia,,YE-->BE,YE-->BE,YE-->BE,YE-->BE,YE-->BE,YE-->BE,YE-->BE,YE-->BE,YE-->BE,YE-->BE,YE-->BE,YE-->BE,YE-->BE,YE-->BE,YE-->BE,YE-->BE,YE-->BE,YE-->BE,YE-->BE,,,,,,,,,,,,,,,,,BE-->YE,BE-->YE,BE-->YE,BE-->YE,BE-->YE,BE-->YE,BE-->YE,BE-->YE,BE-->YE,BE-->YE,BE-->YE,BE-->YE,BE-->YE,BE-->YE,BE-->YE,BE-->YE,BE-->YE,BE-->YE,BE-->YE
ZM,ZMB,Zambia,Lusaka,Africa,Eastern Africa,,ZM-->BE,ZM-->BE,ZM-->BE,ZM-->BE,ZM-->BE,ZM-->BE,ZM-->BE,ZM-->BE,ZM-->BE,ZM-->BE,ZM-->BE,ZM-->BE,ZM-->BE,ZM-->BE,ZM-->BE,ZM-->BE,ZM-->BE,ZM-->BE,ZM-->BE,,,,,,,,,,,,,,,,,BE-->ZM,BE-->ZM,BE-->ZM,BE-->ZM,BE-->ZM,BE-->ZM,BE-->ZM,BE-->ZM,BE-->ZM,BE-->ZM,BE-->ZM,BE-->ZM,BE-->ZM,BE-->ZM,BE-->ZM,BE-->ZM,BE-->ZM,BE-->ZM,BE-->ZM
ZW,ZWE,Zimbabwe,Harare,Africa,Eastern Africa,,ZW-->BE,ZW-->BE,ZW-->BE,ZW-->BE,ZW-->BE,ZW-->BE,ZW-->BE,ZW-->BE,ZW-->BE,ZW-->BE,ZW-->BE,ZW-->BE,ZW-->BE,ZW-->BE,ZW-->BE,ZW-->BE,ZW-->BE,ZW-->BE,ZW-->BE,,,,,,,,,,,,,,,,,BE-->ZW,BE-->ZW,BE-->ZW,BE-->ZW,BE-->ZW,BE-->ZW,BE-->ZW,BE-->ZW,BE-->ZW,BE-->ZW,BE-->ZW,BE-->ZW,BE-->ZW,BE-->ZW,BE-->ZW,BE-->ZW,BE-->ZW,BE-->ZW,BE-->ZW
