nu,code,name,capital,region,subregion,Unnamed: 6,quara/into/where/e,quara/into/where/v,quara/into/where/uv,quara/into/min/e,quara/into/min/v,quara/into/min/uv,quara/into/max/e,quara/into/max/v,quara/into/max/uv,quara/into/comment,test/into/pcr/e,test/into/pcr/v,test/into/pcr/uv,test/into/ag/e,test/into/ag/v,test/into/ag/uv,test/into/comment,visa/into,visa/into/comment,loadStates/into,Unnamed: 27,Unnamed: 28,Unnamed: 29,Unnamed: 30,Unnamed: 31,Unnamed: 32,Unnamed: 33,Unnamed: 34,Unnamed: 35,Unnamed: 36,Unnamed: 37,Unnamed: 38,Unnamed: 39,Unnamed: 40,Unnamed: 41,quara/out/where/e,quara/out/where/v,quara/out/where/uv,quara/out/min/e,quara/out/min/v,quara/out/min/uv,quara/out/max/e,quara/out/max/v,quara/out/max/uv,quara/out/comment,test/out/pcr/e,test/out/pcr/v,test/out/pcr/uv,test/out/ag/e,test/out/ag/v,test/out/ag/uv,test/out/comment,visa/out,visa/out/comment
AF,AFG,Afghanistan,Kabul,Asia,Southern Asia,,AF-->LU,AF-->LU,AF-->LU,AF-->LU,AF-->LU,AF-->LU,AF-->LU,AF-->LU,AF-->LU,AF-->LU,AF-->LU,AF-->LU,AF-->LU,AF-->LU,AF-->LU,AF-->LU,AF-->LU,AF-->LU,AF-->LU,,,,,,,,,,,,,,,,,LU-->AF,LU-->AF,LU-->AF,LU-->AF,LU-->AF,LU-->AF,LU-->AF,LU-->AF,LU-->AF,LU-->AF,LU-->AF,LU-->AF,LU-->AF,LU-->AF,LU-->AF,LU-->AF,LU-->AF,LU-->AF,LU-->AF
AX,ALA,Åland Islands,Mariehamn,Europe,Northern Europe,,AX-->LU,AX-->LU,AX-->LU,AX-->LU,AX-->LU,AX-->LU,AX-->LU,AX-->LU,AX-->LU,AX-->LU,AX-->LU,AX-->LU,AX-->LU,AX-->LU,AX-->LU,AX-->LU,AX-->LU,AX-->LU,AX-->LU,,,,,,,,,,,,,,,,,LU-->AX,LU-->AX,LU-->AX,LU-->AX,LU-->AX,LU-->AX,LU-->AX,LU-->AX,LU-->AX,LU-->AX,LU-->AX,LU-->AX,LU-->AX,LU-->AX,LU-->AX,LU-->AX,LU-->AX,LU-->AX,LU-->AX
AL,ALB,Albania,Tirana,Europe,Southern Europe,,AL-->LU,AL-->LU,AL-->LU,AL-->LU,AL-->LU,AL-->LU,AL-->LU,AL-->LU,AL-->LU,AL-->LU,AL-->LU,AL-->LU,AL-->LU,AL-->LU,AL-->LU,AL-->LU,AL-->LU,AL-->LU,AL-->LU,,,,,,,,,,,,,,,,,LU-->AL,LU-->AL,LU-->AL,LU-->AL,LU-->AL,LU-->AL,LU-->AL,LU-->AL,LU-->AL,LU-->AL,LU-->AL,LU-->AL,LU-->AL,LU-->AL,LU-->AL,LU-->AL,LU-->AL,LU-->AL,LU-->AL
DZ,DZA,Algeria,Algiers,Africa,Northern Africa,,DZ-->LU,DZ-->LU,DZ-->LU,DZ-->LU,DZ-->LU,DZ-->LU,DZ-->LU,DZ-->LU,DZ-->LU,DZ-->LU,DZ-->LU,DZ-->LU,DZ-->LU,DZ-->LU,DZ-->LU,DZ-->LU,DZ-->LU,DZ-->LU,DZ-->LU,,,,,,,,,,,,,,,,,LU-->DZ,LU-->DZ,LU-->DZ,LU-->DZ,LU-->DZ,LU-->DZ,LU-->DZ,LU-->DZ,LU-->DZ,LU-->DZ,LU-->DZ,LU-->DZ,LU-->DZ,LU-->DZ,LU-->DZ,LU-->DZ,LU-->DZ,LU-->DZ,LU-->DZ
AS,ASM,American Samoa,Pago Pago,Oceania,Polynesia,,AS-->LU,AS-->LU,AS-->LU,AS-->LU,AS-->LU,AS-->LU,AS-->LU,AS-->LU,AS-->LU,AS-->LU,AS-->LU,AS-->LU,AS-->LU,AS-->LU,AS-->LU,AS-->LU,AS-->LU,AS-->LU,AS-->LU,,,,,,,,,,,,,,,,,LU-->AS,LU-->AS,LU-->AS,LU-->AS,LU-->AS,LU-->AS,LU-->AS,LU-->AS,LU-->AS,LU-->AS,LU-->AS,LU-->AS,LU-->AS,LU-->AS,LU-->AS,LU-->AS,LU-->AS,LU-->AS,LU-->AS
AD,AND,Andorra,Andorra la Vella,Europe,Southern Europe,,AD-->LU,AD-->LU,AD-->LU,AD-->LU,AD-->LU,AD-->LU,AD-->LU,AD-->LU,AD-->LU,AD-->LU,AD-->LU,AD-->LU,AD-->LU,AD-->LU,AD-->LU,AD-->LU,AD-->LU,AD-->LU,AD-->LU,,,,,,,,,,,,,,,,,LU-->AD,LU-->AD,LU-->AD,LU-->AD,LU-->AD,LU-->AD,LU-->AD,LU-->AD,LU-->AD,LU-->AD,LU-->AD,LU-->AD,LU-->AD,LU-->AD,LU-->AD,LU-->AD,LU-->AD,LU-->AD,LU-->AD
AO,AGO,Angola,Luanda,Africa,Middle Africa,,AO-->LU,AO-->LU,AO-->LU,AO-->LU,AO-->LU,AO-->LU,AO-->LU,AO-->LU,AO-->LU,AO-->LU,AO-->LU,AO-->LU,AO-->LU,AO-->LU,AO-->LU,AO-->LU,AO-->LU,AO-->LU,AO-->LU,,,,,,,,,,,,,,,,,LU-->AO,LU-->AO,LU-->AO,LU-->AO,LU-->AO,LU-->AO,LU-->AO,LU-->AO,LU-->AO,LU-->AO,LU-->AO,LU-->AO,LU-->AO,LU-->AO,LU-->AO,LU-->AO,LU-->AO,LU-->AO,LU-->AO
AI,AIA,Anguilla,The Valley,Americas,Caribbean,,AI-->LU,AI-->LU,AI-->LU,AI-->LU,AI-->LU,AI-->LU,AI-->LU,AI-->LU,AI-->LU,AI-->LU,AI-->LU,AI-->LU,AI-->LU,AI-->LU,AI-->LU,AI-->LU,AI-->LU,AI-->LU,AI-->LU,,,,,,,,,,,,,,,,,LU-->AI,LU-->AI,LU-->AI,LU-->AI,LU-->AI,LU-->AI,LU-->AI,LU-->AI,LU-->AI,LU-->AI,LU-->AI,LU-->AI,LU-->AI,LU-->AI,LU-->AI,LU-->AI,LU-->AI,LU-->AI,LU-->AI
AQ,ATA,Antarctica,,Polar,,,AQ-->LU,AQ-->LU,AQ-->LU,AQ-->LU,AQ-->LU,AQ-->LU,AQ-->LU,AQ-->LU,AQ-->LU,AQ-->LU,AQ-->LU,AQ-->LU,AQ-->LU,AQ-->LU,AQ-->LU,AQ-->LU,AQ-->LU,AQ-->LU,AQ-->LU,,,,,,,,,,,,,,,,,LU-->AQ,LU-->AQ,LU-->AQ,LU-->AQ,LU-->AQ,LU-->AQ,LU-->AQ,LU-->AQ,LU-->AQ,LU-->AQ,LU-->AQ,LU-->AQ,LU-->AQ,LU-->AQ,LU-->AQ,LU-->AQ,LU-->AQ,LU-->AQ,LU-->AQ
AG,ATG,Antigua and Barbuda,Saint John's,Americas,Caribbean,,AG-->LU,AG-->LU,AG-->LU,AG-->LU,AG-->LU,AG-->LU,AG-->LU,AG-->LU,AG-->LU,AG-->LU,AG-->LU,AG-->LU,AG-->LU,AG-->LU,AG-->LU,AG-->LU,AG-->LU,AG-->LU,AG-->LU,,,,,,,,,,,,,,,,,LU-->AG,LU-->AG,LU-->AG,LU-->AG,LU-->AG,LU-->AG,LU-->AG,LU-->AG,LU-->AG,LU-->AG,LU-->AG,LU-->AG,LU-->AG,LU-->AG,LU-->AG,LU-->AG,LU-->AG,LU-->AG,LU-->AG
AR,ARG,Argentina,Buenos Aires,Americas,South America,,AR-->LU,AR-->LU,AR-->LU,AR-->LU,AR-->LU,AR-->LU,AR-->LU,AR-->LU,AR-->LU,AR-->LU,AR-->LU,AR-->LU,AR-->LU,AR-->LU,AR-->LU,AR-->LU,AR-->LU,AR-->LU,AR-->LU,,,,,,,,,,,,,,,,,LU-->AR,LU-->AR,LU-->AR,LU-->AR,LU-->AR,LU-->AR,LU-->AR,LU-->AR,LU-->AR,LU-->AR,LU-->AR,LU-->AR,LU-->AR,LU-->AR,LU-->AR,LU-->AR,LU-->AR,LU-->AR,LU-->AR
AM,ARM,Armenia,Yerevan,Asia,Western Asia,,AM-->LU,AM-->LU,AM-->LU,AM-->LU,AM-->LU,AM-->LU,AM-->LU,AM-->LU,AM-->LU,AM-->LU,AM-->LU,AM-->LU,AM-->LU,AM-->LU,AM-->LU,AM-->LU,AM-->LU,AM-->LU,AM-->LU,,,,,,,,,,,,,,,,,LU-->AM,LU-->AM,LU-->AM,LU-->AM,LU-->AM,LU-->AM,LU-->AM,LU-->AM,LU-->AM,LU-->AM,LU-->AM,LU-->AM,LU-->AM,LU-->AM,LU-->AM,LU-->AM,LU-->AM,LU-->AM,LU-->AM
AW,ABW,Aruba,Oranjestad,Americas,Caribbean,,AW-->LU,AW-->LU,AW-->LU,AW-->LU,AW-->LU,AW-->LU,AW-->LU,AW-->LU,AW-->LU,AW-->LU,AW-->LU,AW-->LU,AW-->LU,AW-->LU,AW-->LU,AW-->LU,AW-->LU,AW-->LU,AW-->LU,,,,,,,,,,,,,,,,,LU-->AW,LU-->AW,LU-->AW,LU-->AW,LU-->AW,LU-->AW,LU-->AW,LU-->AW,LU-->AW,LU-->AW,LU-->AW,LU-->AW,LU-->AW,LU-->AW,LU-->AW,LU-->AW,LU-->AW,LU-->AW,LU-->AW
AU,AUS,Australia,Canberra,Oceania,Australia and New Zealand,,AU-->LU,AU-->LU,AU-->LU,AU-->LU,AU-->LU,AU-->LU,AU-->LU,AU-->LU,AU-->LU,AU-->LU,AU-->LU,AU-->LU,AU-->LU,AU-->LU,AU-->LU,AU-->LU,AU-->LU,AU-->LU,AU-->LU,,,,,,,,,,,,,,,,,LU-->AU,LU-->AU,LU-->AU,LU-->AU,LU-->AU,LU-->AU,LU-->AU,LU-->AU,LU-->AU,LU-->AU,LU-->AU,LU-->AU,LU-->AU,LU-->AU,LU-->AU,LU-->AU,LU-->AU,LU-->AU,LU-->AU
AT,AUT,Austria,Vienna,Europe,Western Europe,,AT-->LU,AT-->LU,AT-->LU,AT-->LU,AT-->LU,AT-->LU,AT-->LU,AT-->LU,AT-->LU,AT-->LU,AT-->LU,AT-->LU,AT-->LU,AT-->LU,AT-->LU,AT-->LU,AT-->LU,AT-->LU,AT-->LU,,,,,,,,,,,,,,,,,LU-->AT,LU-->AT,LU-->AT,LU-->AT,LU-->AT,LU-->AT,LU-->AT,LU-->AT,LU-->AT,LU-->AT,LU-->AT,LU-->AT,LU-->AT,LU-->AT,LU-->AT,LU-->AT,LU-->AT,LU-->AT,LU-->AT
AZ,AZE,Azerbaijan,Baku,Asia,Western Asia,,AZ-->LU,AZ-->LU,AZ-->LU,AZ-->LU,AZ-->LU,AZ-->LU,AZ-->LU,AZ-->LU,AZ-->LU,AZ-->LU,AZ-->LU,AZ-->LU,AZ-->LU,AZ-->LU,AZ-->LU,AZ-->LU,AZ-->LU,AZ-->LU,AZ-->LU,,,,,,,,,,,,,,,,,LU-->AZ,LU-->AZ,LU-->AZ,LU-->AZ,LU-->AZ,LU-->AZ,LU-->AZ,LU-->AZ,LU-->AZ,LU-->AZ,LU-->AZ,LU-->AZ,LU-->AZ,LU-->AZ,LU-->AZ,LU-->AZ,LU-->AZ,LU-->AZ,LU-->AZ
BS,BHS,The Bahamas,Nassau,Americas,Caribbean,,BS-->LU,BS-->LU,BS-->LU,BS-->LU,BS-->LU,BS-->LU,BS-->LU,BS-->LU,BS-->LU,BS-->LU,BS-->LU,BS-->LU,BS-->LU,BS-->LU,BS-->LU,BS-->LU,BS-->LU,BS-->LU,BS-->LU,,,,,,,,,,,,,,,,,LU-->BS,LU-->BS,LU-->BS,LU-->BS,LU-->BS,LU-->BS,LU-->BS,LU-->BS,LU-->BS,LU-->BS,LU-->BS,LU-->BS,LU-->BS,LU-->BS,LU-->BS,LU-->BS,LU-->BS,LU-->BS,LU-->BS
BH,BHR,Bahrain,Manama,Asia,Western Asia,,BH-->LU,BH-->LU,BH-->LU,BH-->LU,BH-->LU,BH-->LU,BH-->LU,BH-->LU,BH-->LU,BH-->LU,BH-->LU,BH-->LU,BH-->LU,BH-->LU,BH-->LU,BH-->LU,BH-->LU,BH-->LU,BH-->LU,,,,,,,,,,,,,,,,,LU-->BH,LU-->BH,LU-->BH,LU-->BH,LU-->BH,LU-->BH,LU-->BH,LU-->BH,LU-->BH,LU-->BH,LU-->BH,LU-->BH,LU-->BH,LU-->BH,LU-->BH,LU-->BH,LU-->BH,LU-->BH,LU-->BH
BD,BGD,Bangladesh,Dhaka,Asia,Southern Asia,,BD-->LU,BD-->LU,BD-->LU,BD-->LU,BD-->LU,BD-->LU,BD-->LU,BD-->LU,BD-->LU,BD-->LU,BD-->LU,BD-->LU,BD-->LU,BD-->LU,BD-->LU,BD-->LU,BD-->LU,BD-->LU,BD-->LU,,,,,,,,,,,,,,,,,LU-->BD,LU-->BD,LU-->BD,LU-->BD,LU-->BD,LU-->BD,LU-->BD,LU-->BD,LU-->BD,LU-->BD,LU-->BD,LU-->BD,LU-->BD,LU-->BD,LU-->BD,LU-->BD,LU-->BD,LU-->BD,LU-->BD
BB,BRB,Barbados,Bridgetown,Americas,Caribbean,,BB-->LU,BB-->LU,BB-->LU,BB-->LU,BB-->LU,BB-->LU,BB-->LU,BB-->LU,BB-->LU,BB-->LU,BB-->LU,BB-->LU,BB-->LU,BB-->LU,BB-->LU,BB-->LU,BB-->LU,BB-->LU,BB-->LU,,,,,,,,,,,,,,,,,LU-->BB,LU-->BB,LU-->BB,LU-->BB,LU-->BB,LU-->BB,LU-->BB,LU-->BB,LU-->BB,LU-->BB,LU-->BB,LU-->BB,LU-->BB,LU-->BB,LU-->BB,LU-->BB,LU-->BB,LU-->BB,LU-->BB
BY,BLR,Belarus,Minsk,Europe,Eastern Europe,,BY-->LU,BY-->LU,BY-->LU,BY-->LU,BY-->LU,BY-->LU,BY-->LU,BY-->LU,BY-->LU,BY-->LU,BY-->LU,BY-->LU,BY-->LU,BY-->LU,BY-->LU,BY-->LU,BY-->LU,BY-->LU,BY-->LU,,,,,,,,,,,,,,,,,LU-->BY,LU-->BY,LU-->BY,LU-->BY,LU-->BY,LU-->BY,LU-->BY,LU-->BY,LU-->BY,LU-->BY,LU-->BY,LU-->BY,LU-->BY,LU-->BY,LU-->BY,LU-->BY,LU-->BY,LU-->BY,LU-->BY
BE,BEL,Belgium,Brussels,Europe,Western Europe,,BE-->LU,BE-->LU,BE-->LU,BE-->LU,BE-->LU,BE-->LU,BE-->LU,BE-->LU,BE-->LU,BE-->LU,BE-->LU,BE-->LU,BE-->LU,BE-->LU,BE-->LU,BE-->LU,BE-->LU,BE-->LU,BE-->LU,,,,,,,,,,,,,,,,,LU-->BE,LU-->BE,LU-->BE,LU-->BE,LU-->BE,LU-->BE,LU-->BE,LU-->BE,LU-->BE,LU-->BE,LU-->BE,LU-->BE,LU-->BE,LU-->BE,LU-->BE,LU-->BE,LU-->BE,LU-->BE,LU-->BE
BZ,BLZ,Belize,Belmopan,Americas,Central America,,BZ-->LU,BZ-->LU,BZ-->LU,BZ-->LU,BZ-->LU,BZ-->LU,BZ-->LU,BZ-->LU,BZ-->LU,BZ-->LU,BZ-->LU,BZ-->LU,BZ-->LU,BZ-->LU,BZ-->LU,BZ-->LU,BZ-->LU,BZ-->LU,BZ-->LU,,,,,,,,,,,,,,,,,LU-->BZ,LU-->BZ,LU-->BZ,LU-->BZ,LU-->BZ,LU-->BZ,LU-->BZ,LU-->BZ,LU-->BZ,LU-->BZ,LU-->BZ,LU-->BZ,LU-->BZ,LU-->BZ,LU-->BZ,LU-->BZ,LU-->BZ,LU-->BZ,LU-->BZ
BJ,BEN,Benin,Porto-Novo,Africa,Western Africa,,BJ-->LU,BJ-->LU,BJ-->LU,BJ-->LU,BJ-->LU,BJ-->LU,BJ-->LU,BJ-->LU,BJ-->LU,BJ-->LU,BJ-->LU,BJ-->LU,BJ-->LU,BJ-->LU,BJ-->LU,BJ-->LU,BJ-->LU,BJ-->LU,BJ-->LU,,,,,,,,,,,,,,,,,LU-->BJ,LU-->BJ,LU-->BJ,LU-->BJ,LU-->BJ,LU-->BJ,LU-->BJ,LU-->BJ,LU-->BJ,LU-->BJ,LU-->BJ,LU-->BJ,LU-->BJ,LU-->BJ,LU-->BJ,LU-->BJ,LU-->BJ,LU-->BJ,LU-->BJ
BM,BMU,Bermuda,Hamilton,Americas,Northern America,,BM-->LU,BM-->LU,BM-->LU,BM-->LU,BM-->LU,BM-->LU,BM-->LU,BM-->LU,BM-->LU,BM-->LU,BM-->LU,BM-->LU,BM-->LU,BM-->LU,BM-->LU,BM-->LU,BM-->LU,BM-->LU,BM-->LU,,,,,,,,,,,,,,,,,LU-->BM,LU-->BM,LU-->BM,LU-->BM,LU-->BM,LU-->BM,LU-->BM,LU-->BM,LU-->BM,LU-->BM,LU-->BM,LU-->BM,LU-->BM,LU-->BM,LU-->BM,LU-->BM,LU-->BM,LU-->BM,LU-->BM
BT,BTN,Bhutan,Thimphu,Asia,Southern Asia,,BT-->LU,BT-->LU,BT-->LU,BT-->LU,BT-->LU,BT-->LU,BT-->LU,BT-->LU,BT-->LU,BT-->LU,BT-->LU,BT-->LU,BT-->LU,BT-->LU,BT-->LU,BT-->LU,BT-->LU,BT-->LU,BT-->LU,,,,,,,,,,,,,,,,,LU-->BT,LU-->BT,LU-->BT,LU-->BT,LU-->BT,LU-->BT,LU-->BT,LU-->BT,LU-->BT,LU-->BT,LU-->BT,LU-->BT,LU-->BT,LU-->BT,LU-->BT,LU-->BT,LU-->BT,LU-->BT,LU-->BT
BO,BOL,Bolivia,Sucre,Americas,South America,,BO-->LU,BO-->LU,BO-->LU,BO-->LU,BO-->LU,BO-->LU,BO-->LU,BO-->LU,BO-->LU,BO-->LU,BO-->LU,BO-->LU,BO-->LU,BO-->LU,BO-->LU,BO-->LU,BO-->LU,BO-->LU,BO-->LU,,,,,,,,,,,,,,,,,LU-->BO,LU-->BO,LU-->BO,LU-->BO,LU-->BO,LU-->BO,LU-->BO,LU-->BO,LU-->BO,LU-->BO,LU-->BO,LU-->BO,LU-->BO,LU-->BO,LU-->BO,LU-->BO,LU-->BO,LU-->BO,LU-->BO
BQ,BES,Bonaire,Kralendijk,Americas,Caribbean,,BQ-->LU,BQ-->LU,BQ-->LU,BQ-->LU,BQ-->LU,BQ-->LU,BQ-->LU,BQ-->LU,BQ-->LU,BQ-->LU,BQ-->LU,BQ-->LU,BQ-->LU,BQ-->LU,BQ-->LU,BQ-->LU,BQ-->LU,BQ-->LU,BQ-->LU,,,,,,,,,,,,,,,,,LU-->BQ,LU-->BQ,LU-->BQ,LU-->BQ,LU-->BQ,LU-->BQ,LU-->BQ,LU-->BQ,LU-->BQ,LU-->BQ,LU-->BQ,LU-->BQ,LU-->BQ,LU-->BQ,LU-->BQ,LU-->BQ,LU-->BQ,LU-->BQ,LU-->BQ
BA,BIH,Bosnia and Herzegovina,Sarajevo,Europe,Southern Europe,,BA-->LU,BA-->LU,BA-->LU,BA-->LU,BA-->LU,BA-->LU,BA-->LU,BA-->LU,BA-->LU,BA-->LU,BA-->LU,BA-->LU,BA-->LU,BA-->LU,BA-->LU,BA-->LU,BA-->LU,BA-->LU,BA-->LU,,,,,,,,,,,,,,,,,LU-->BA,LU-->BA,LU-->BA,LU-->BA,LU-->BA,LU-->BA,LU-->BA,LU-->BA,LU-->BA,LU-->BA,LU-->BA,LU-->BA,LU-->BA,LU-->BA,LU-->BA,LU-->BA,LU-->BA,LU-->BA,LU-->BA
BW,BWA,Botswana,Gaborone,Africa,Southern Africa,,BW-->LU,BW-->LU,BW-->LU,BW-->LU,BW-->LU,BW-->LU,BW-->LU,BW-->LU,BW-->LU,BW-->LU,BW-->LU,BW-->LU,BW-->LU,BW-->LU,BW-->LU,BW-->LU,BW-->LU,BW-->LU,BW-->LU,,,,,,,,,,,,,,,,,LU-->BW,LU-->BW,LU-->BW,LU-->BW,LU-->BW,LU-->BW,LU-->BW,LU-->BW,LU-->BW,LU-->BW,LU-->BW,LU-->BW,LU-->BW,LU-->BW,LU-->BW,LU-->BW,LU-->BW,LU-->BW,LU-->BW
BV,BVT,Bouvet Island,,,,,BV-->LU,BV-->LU,BV-->LU,BV-->LU,BV-->LU,BV-->LU,BV-->LU,BV-->LU,BV-->LU,BV-->LU,BV-->LU,BV-->LU,BV-->LU,BV-->LU,BV-->LU,BV-->LU,BV-->LU,BV-->LU,BV-->LU,,,,,,,,,,,,,,,,,LU-->BV,LU-->BV,LU-->BV,LU-->BV,LU-->BV,LU-->BV,LU-->BV,LU-->BV,LU-->BV,LU-->BV,LU-->BV,LU-->BV,LU-->BV,LU-->BV,LU-->BV,LU-->BV,LU-->BV,LU-->BV,LU-->BV
BR,BRA,Brazil,Brasília,Americas,South America,,BR-->LU,BR-->LU,BR-->LU,BR-->LU,BR-->LU,BR-->LU,BR-->LU,BR-->LU,BR-->LU,BR-->LU,BR-->LU,BR-->LU,BR-->LU,BR-->LU,BR-->LU,BR-->LU,BR-->LU,BR-->LU,BR-->LU,,,,,,,,,,,,,,,,,LU-->BR,LU-->BR,LU-->BR,LU-->BR,LU-->BR,LU-->BR,LU-->BR,LU-->BR,LU-->BR,LU-->BR,LU-->BR,LU-->BR,LU-->BR,LU-->BR,LU-->BR,LU-->BR,LU-->BR,LU-->BR,LU-->BR
IO,IOT,British Indian Ocean Territory,Diego Garcia,Africa,Eastern Africa,,IO-->LU,IO-->LU,IO-->LU,IO-->LU,IO-->LU,IO-->LU,IO-->LU,IO-->LU,IO-->LU,IO-->LU,IO-->LU,IO-->LU,IO-->LU,IO-->LU,IO-->LU,IO-->LU,IO-->LU,IO-->LU,IO-->LU,,,,,,,,,,,,,,,,,LU-->IO,LU-->IO,LU-->IO,LU-->IO,LU-->IO,LU-->IO,LU-->IO,LU-->IO,LU-->IO,LU-->IO,LU-->IO,LU-->IO,LU-->IO,LU-->IO,LU-->IO,LU-->IO,LU-->IO,LU-->IO,LU-->IO
UM,UMI,United States Minor Outlying Islands,,Americas,Northern America,,UM-->LU,UM-->LU,UM-->LU,UM-->LU,UM-->LU,UM-->LU,UM-->LU,UM-->LU,UM-->LU,UM-->LU,UM-->LU,UM-->LU,UM-->LU,UM-->LU,UM-->LU,UM-->LU,UM-->LU,UM-->LU,UM-->LU,,,,,,,,,,,,,,,,,LU-->UM,LU-->UM,LU-->UM,LU-->UM,LU-->UM,LU-->UM,LU-->UM,LU-->UM,LU-->UM,LU-->UM,LU-->UM,LU-->UM,LU-->UM,LU-->UM,LU-->UM,LU-->UM,LU-->UM,LU-->UM,LU-->UM
VG,VGB,Virgin Islands (British),Road Town,Americas,Caribbean,,VG-->LU,VG-->LU,VG-->LU,VG-->LU,VG-->LU,VG-->LU,VG-->LU,VG-->LU,VG-->LU,VG-->LU,VG-->LU,VG-->LU,VG-->LU,VG-->LU,VG-->LU,VG-->LU,VG-->LU,VG-->LU,VG-->LU,,,,,,,,,,,,,,,,,LU-->VG,LU-->VG,LU-->VG,LU-->VG,LU-->VG,LU-->VG,LU-->VG,LU-->VG,LU-->VG,LU-->VG,LU-->VG,LU-->VG,LU-->VG,LU-->VG,LU-->VG,LU-->VG,LU-->VG,LU-->VG,LU-->VG
VI,VIR,Virgin Islands (U.S.),Charlotte Amalie,Americas,Caribbean,,VI-->LU,VI-->LU,VI-->LU,VI-->LU,VI-->LU,VI-->LU,VI-->LU,VI-->LU,VI-->LU,VI-->LU,VI-->LU,VI-->LU,VI-->LU,VI-->LU,VI-->LU,VI-->LU,VI-->LU,VI-->LU,VI-->LU,,,,,,,,,,,,,,,,,LU-->VI,LU-->VI,LU-->VI,LU-->VI,LU-->VI,LU-->VI,LU-->VI,LU-->VI,LU-->VI,LU-->VI,LU-->VI,LU-->VI,LU-->VI,LU-->VI,LU-->VI,LU-->VI,LU-->VI,LU-->VI,LU-->VI
BN,BRN,Brunei,Bandar Seri Begawan,Asia,South-Eastern Asia,,BN-->LU,BN-->LU,BN-->LU,BN-->LU,BN-->LU,BN-->LU,BN-->LU,BN-->LU,BN-->LU,BN-->LU,BN-->LU,BN-->LU,BN-->LU,BN-->LU,BN-->LU,BN-->LU,BN-->LU,BN-->LU,BN-->LU,,,,,,,,,,,,,,,,,LU-->BN,LU-->BN,LU-->BN,LU-->BN,LU-->BN,LU-->BN,LU-->BN,LU-->BN,LU-->BN,LU-->BN,LU-->BN,LU-->BN,LU-->BN,LU-->BN,LU-->BN,LU-->BN,LU-->BN,LU-->BN,LU-->BN
BG,BGR,Bulgaria,Sofia,Europe,Eastern Europe,,BG-->LU,BG-->LU,BG-->LU,BG-->LU,BG-->LU,BG-->LU,BG-->LU,BG-->LU,BG-->LU,BG-->LU,BG-->LU,BG-->LU,BG-->LU,BG-->LU,BG-->LU,BG-->LU,BG-->LU,BG-->LU,BG-->LU,,,,,,,,,,,,,,,,,LU-->BG,LU-->BG,LU-->BG,LU-->BG,LU-->BG,LU-->BG,LU-->BG,LU-->BG,LU-->BG,LU-->BG,LU-->BG,LU-->BG,LU-->BG,LU-->BG,LU-->BG,LU-->BG,LU-->BG,LU-->BG,LU-->BG
BF,BFA,Burkina Faso,Ouagadougou,Africa,Western Africa,,BF-->LU,BF-->LU,BF-->LU,BF-->LU,BF-->LU,BF-->LU,BF-->LU,BF-->LU,BF-->LU,BF-->LU,BF-->LU,BF-->LU,BF-->LU,BF-->LU,BF-->LU,BF-->LU,BF-->LU,BF-->LU,BF-->LU,,,,,,,,,,,,,,,,,LU-->BF,LU-->BF,LU-->BF,LU-->BF,LU-->BF,LU-->BF,LU-->BF,LU-->BF,LU-->BF,LU-->BF,LU-->BF,LU-->BF,LU-->BF,LU-->BF,LU-->BF,LU-->BF,LU-->BF,LU-->BF,LU-->BF
BI,BDI,Burundi,Bujumbura,Africa,Eastern Africa,,BI-->LU,BI-->LU,BI-->LU,BI-->LU,BI-->LU,BI-->LU,BI-->LU,BI-->LU,BI-->LU,BI-->LU,BI-->LU,BI-->LU,BI-->LU,BI-->LU,BI-->LU,BI-->LU,BI-->LU,BI-->LU,BI-->LU,,,,,,,,,,,,,,,,,LU-->BI,LU-->BI,LU-->BI,LU-->BI,LU-->BI,LU-->BI,LU-->BI,LU-->BI,LU-->BI,LU-->BI,LU-->BI,LU-->BI,LU-->BI,LU-->BI,LU-->BI,LU-->BI,LU-->BI,LU-->BI,LU-->BI
KH,KHM,Cambodia,Phnom Penh,Asia,South-Eastern Asia,,KH-->LU,KH-->LU,KH-->LU,KH-->LU,KH-->LU,KH-->LU,KH-->LU,KH-->LU,KH-->LU,KH-->LU,KH-->LU,KH-->LU,KH-->LU,KH-->LU,KH-->LU,KH-->LU,KH-->LU,KH-->LU,KH-->LU,,,,,,,,,,,,,,,,,LU-->KH,LU-->KH,LU-->KH,LU-->KH,LU-->KH,LU-->KH,LU-->KH,LU-->KH,LU-->KH,LU-->KH,LU-->KH,LU-->KH,LU-->KH,LU-->KH,LU-->KH,LU-->KH,LU-->KH,LU-->KH,LU-->KH
CM,CMR,Cameroon,Yaoundé,Africa,Middle Africa,,CM-->LU,CM-->LU,CM-->LU,CM-->LU,CM-->LU,CM-->LU,CM-->LU,CM-->LU,CM-->LU,CM-->LU,CM-->LU,CM-->LU,CM-->LU,CM-->LU,CM-->LU,CM-->LU,CM-->LU,CM-->LU,CM-->LU,,,,,,,,,,,,,,,,,LU-->CM,LU-->CM,LU-->CM,LU-->CM,LU-->CM,LU-->CM,LU-->CM,LU-->CM,LU-->CM,LU-->CM,LU-->CM,LU-->CM,LU-->CM,LU-->CM,LU-->CM,LU-->CM,LU-->CM,LU-->CM,LU-->CM
CA,CAN,Canada,Ottawa,Americas,Northern America,,CA-->LU,CA-->LU,CA-->LU,CA-->LU,CA-->LU,CA-->LU,CA-->LU,CA-->LU,CA-->LU,CA-->LU,CA-->LU,CA-->LU,CA-->LU,CA-->LU,CA-->LU,CA-->LU,CA-->LU,CA-->LU,CA-->LU,,,,,,,,,,,,,,,,,LU-->CA,LU-->CA,LU-->CA,LU-->CA,LU-->CA,LU-->CA,LU-->CA,LU-->CA,LU-->CA,LU-->CA,LU-->CA,LU-->CA,LU-->CA,LU-->CA,LU-->CA,LU-->CA,LU-->CA,LU-->CA,LU-->CA
CV,CPV,Cape Verde,Praia,Africa,Western Africa,,CV-->LU,CV-->LU,CV-->LU,CV-->LU,CV-->LU,CV-->LU,CV-->LU,CV-->LU,CV-->LU,CV-->LU,CV-->LU,CV-->LU,CV-->LU,CV-->LU,CV-->LU,CV-->LU,CV-->LU,CV-->LU,CV-->LU,,,,,,,,,,,,,,,,,LU-->CV,LU-->CV,LU-->CV,LU-->CV,LU-->CV,LU-->CV,LU-->CV,LU-->CV,LU-->CV,LU-->CV,LU-->CV,LU-->CV,LU-->CV,LU-->CV,LU-->CV,LU-->CV,LU-->CV,LU-->CV,LU-->CV
KY,CYM,Cayman Islands,George Town,Americas,Caribbean,,KY-->LU,KY-->LU,KY-->LU,KY-->LU,KY-->LU,KY-->LU,KY-->LU,KY-->LU,KY-->LU,KY-->LU,KY-->LU,KY-->LU,KY-->LU,KY-->LU,KY-->LU,KY-->LU,KY-->LU,KY-->LU,KY-->LU,,,,,,,,,,,,,,,,,LU-->KY,LU-->KY,LU-->KY,LU-->KY,LU-->KY,LU-->KY,LU-->KY,LU-->KY,LU-->KY,LU-->KY,LU-->KY,LU-->KY,LU-->KY,LU-->KY,LU-->KY,LU-->KY,LU-->KY,LU-->KY,LU-->KY
CF,CAF,Central African Republic,Bangui,Africa,Middle Africa,,CF-->LU,CF-->LU,CF-->LU,CF-->LU,CF-->LU,CF-->LU,CF-->LU,CF-->LU,CF-->LU,CF-->LU,CF-->LU,CF-->LU,CF-->LU,CF-->LU,CF-->LU,CF-->LU,CF-->LU,CF-->LU,CF-->LU,,,,,,,,,,,,,,,,,LU-->CF,LU-->CF,LU-->CF,LU-->CF,LU-->CF,LU-->CF,LU-->CF,LU-->CF,LU-->CF,LU-->CF,LU-->CF,LU-->CF,LU-->CF,LU-->CF,LU-->CF,LU-->CF,LU-->CF,LU-->CF,LU-->CF
TD,TCD,Chad,N'Djamena,Africa,Middle Africa,,TD-->LU,TD-->LU,TD-->LU,TD-->LU,TD-->LU,TD-->LU,TD-->LU,TD-->LU,TD-->LU,TD-->LU,TD-->LU,TD-->LU,TD-->LU,TD-->LU,TD-->LU,TD-->LU,TD-->LU,TD-->LU,TD-->LU,,,,,,,,,,,,,,,,,LU-->TD,LU-->TD,LU-->TD,LU-->TD,LU-->TD,LU-->TD,LU-->TD,LU-->TD,LU-->TD,LU-->TD,LU-->TD,LU-->TD,LU-->TD,LU-->TD,LU-->TD,LU-->TD,LU-->TD,LU-->TD,LU-->TD
CL,CHL,Chile,Santiago,Americas,South America,,CL-->LU,CL-->LU,CL-->LU,CL-->LU,CL-->LU,CL-->LU,CL-->LU,CL-->LU,CL-->LU,CL-->LU,CL-->LU,CL-->LU,CL-->LU,CL-->LU,CL-->LU,CL-->LU,CL-->LU,CL-->LU,CL-->LU,,,,,,,,,,,,,,,,,LU-->CL,LU-->CL,LU-->CL,LU-->CL,LU-->CL,LU-->CL,LU-->CL,LU-->CL,LU-->CL,LU-->CL,LU-->CL,LU-->CL,LU-->CL,LU-->CL,LU-->CL,LU-->CL,LU-->CL,LU-->CL,LU-->CL
CN,CHN,China,Beijing,Asia,Eastern Asia,,CN-->LU,CN-->LU,CN-->LU,CN-->LU,CN-->LU,CN-->LU,CN-->LU,CN-->LU,CN-->LU,CN-->LU,CN-->LU,CN-->LU,CN-->LU,CN-->LU,CN-->LU,CN-->LU,CN-->LU,CN-->LU,CN-->LU,,,,,,,,,,,,,,,,,LU-->CN,LU-->CN,LU-->CN,LU-->CN,LU-->CN,LU-->CN,LU-->CN,LU-->CN,LU-->CN,LU-->CN,LU-->CN,LU-->CN,LU-->CN,LU-->CN,LU-->CN,LU-->CN,LU-->CN,LU-->CN,LU-->CN
CX,CXR,Christmas Island,Flying Fish Cove,Oceania,Australia and New Zealand,,CX-->LU,CX-->LU,CX-->LU,CX-->LU,CX-->LU,CX-->LU,CX-->LU,CX-->LU,CX-->LU,CX-->LU,CX-->LU,CX-->LU,CX-->LU,CX-->LU,CX-->LU,CX-->LU,CX-->LU,CX-->LU,CX-->LU,,,,,,,,,,,,,,,,,LU-->CX,LU-->CX,LU-->CX,LU-->CX,LU-->CX,LU-->CX,LU-->CX,LU-->CX,LU-->CX,LU-->CX,LU-->CX,LU-->CX,LU-->CX,LU-->CX,LU-->CX,LU-->CX,LU-->CX,LU-->CX,LU-->CX
CC,CCK,Cocos (Keeling) Islands,West Island,Oceania,Australia and New Zealand,,CC-->LU,CC-->LU,CC-->LU,CC-->LU,CC-->LU,CC-->LU,CC-->LU,CC-->LU,CC-->LU,CC-->LU,CC-->LU,CC-->LU,CC-->LU,CC-->LU,CC-->LU,CC-->LU,CC-->LU,CC-->LU,CC-->LU,,,,,,,,,,,,,,,,,LU-->CC,LU-->CC,LU-->CC,LU-->CC,LU-->CC,LU-->CC,LU-->CC,LU-->CC,LU-->CC,LU-->CC,LU-->CC,LU-->CC,LU-->CC,LU-->CC,LU-->CC,LU-->CC,LU-->CC,LU-->CC,LU-->CC
CO,COL,Colombia,Bogotá,Americas,South America,,CO-->LU,CO-->LU,CO-->LU,CO-->LU,CO-->LU,CO-->LU,CO-->LU,CO-->LU,CO-->LU,CO-->LU,CO-->LU,CO-->LU,CO-->LU,CO-->LU,CO-->LU,CO-->LU,CO-->LU,CO-->LU,CO-->LU,,,,,,,,,,,,,,,,,LU-->CO,LU-->CO,LU-->CO,LU-->CO,LU-->CO,LU-->CO,LU-->CO,LU-->CO,LU-->CO,LU-->CO,LU-->CO,LU-->CO,LU-->CO,LU-->CO,LU-->CO,LU-->CO,LU-->CO,LU-->CO,LU-->CO
KM,COM,Comoros,Moroni,Africa,Eastern Africa,,KM-->LU,KM-->LU,KM-->LU,KM-->LU,KM-->LU,KM-->LU,KM-->LU,KM-->LU,KM-->LU,KM-->LU,KM-->LU,KM-->LU,KM-->LU,KM-->LU,KM-->LU,KM-->LU,KM-->LU,KM-->LU,KM-->LU,,,,,,,,,,,,,,,,,LU-->KM,LU-->KM,LU-->KM,LU-->KM,LU-->KM,LU-->KM,LU-->KM,LU-->KM,LU-->KM,LU-->KM,LU-->KM,LU-->KM,LU-->KM,LU-->KM,LU-->KM,LU-->KM,LU-->KM,LU-->KM,LU-->KM
CG,COG,Republic of the Congo,Brazzaville,Africa,Middle Africa,,CG-->LU,CG-->LU,CG-->LU,CG-->LU,CG-->LU,CG-->LU,CG-->LU,CG-->LU,CG-->LU,CG-->LU,CG-->LU,CG-->LU,CG-->LU,CG-->LU,CG-->LU,CG-->LU,CG-->LU,CG-->LU,CG-->LU,,,,,,,,,,,,,,,,,LU-->CG,LU-->CG,LU-->CG,LU-->CG,LU-->CG,LU-->CG,LU-->CG,LU-->CG,LU-->CG,LU-->CG,LU-->CG,LU-->CG,LU-->CG,LU-->CG,LU-->CG,LU-->CG,LU-->CG,LU-->CG,LU-->CG
CD,COD,Democratic Republic of the Congo,Kinshasa,Africa,Middle Africa,,CD-->LU,CD-->LU,CD-->LU,CD-->LU,CD-->LU,CD-->LU,CD-->LU,CD-->LU,CD-->LU,CD-->LU,CD-->LU,CD-->LU,CD-->LU,CD-->LU,CD-->LU,CD-->LU,CD-->LU,CD-->LU,CD-->LU,,,,,,,,,,,,,,,,,LU-->CD,LU-->CD,LU-->CD,LU-->CD,LU-->CD,LU-->CD,LU-->CD,LU-->CD,LU-->CD,LU-->CD,LU-->CD,LU-->CD,LU-->CD,LU-->CD,LU-->CD,LU-->CD,LU-->CD,LU-->CD,LU-->CD
CK,COK,Cook Islands,Avarua,Oceania,Polynesia,,CK-->LU,CK-->LU,CK-->LU,CK-->LU,CK-->LU,CK-->LU,CK-->LU,CK-->LU,CK-->LU,CK-->LU,CK-->LU,CK-->LU,CK-->LU,CK-->LU,CK-->LU,CK-->LU,CK-->LU,CK-->LU,CK-->LU,,,,,,,,,,,,,,,,,LU-->CK,LU-->CK,LU-->CK,LU-->CK,LU-->CK,LU-->CK,LU-->CK,LU-->CK,LU-->CK,LU-->CK,LU-->CK,LU-->CK,LU-->CK,LU-->CK,LU-->CK,LU-->CK,LU-->CK,LU-->CK,LU-->CK
CR,CRI,Costa Rica,San José,Americas,Central America,,CR-->LU,CR-->LU,CR-->LU,CR-->LU,CR-->LU,CR-->LU,CR-->LU,CR-->LU,CR-->LU,CR-->LU,CR-->LU,CR-->LU,CR-->LU,CR-->LU,CR-->LU,CR-->LU,CR-->LU,CR-->LU,CR-->LU,,,,,,,,,,,,,,,,,LU-->CR,LU-->CR,LU-->CR,LU-->CR,LU-->CR,LU-->CR,LU-->CR,LU-->CR,LU-->CR,LU-->CR,LU-->CR,LU-->CR,LU-->CR,LU-->CR,LU-->CR,LU-->CR,LU-->CR,LU-->CR,LU-->CR
HR,HRV,Croatia,Zagreb,Europe,Southern Europe,,HR-->LU,HR-->LU,HR-->LU,HR-->LU,HR-->LU,HR-->LU,HR-->LU,HR-->LU,HR-->LU,HR-->LU,HR-->LU,HR-->LU,HR-->LU,HR-->LU,HR-->LU,HR-->LU,HR-->LU,HR-->LU,HR-->LU,,,,,,,,,,,,,,,,,LU-->HR,LU-->HR,LU-->HR,LU-->HR,LU-->HR,LU-->HR,LU-->HR,LU-->HR,LU-->HR,LU-->HR,LU-->HR,LU-->HR,LU-->HR,LU-->HR,LU-->HR,LU-->HR,LU-->HR,LU-->HR,LU-->HR
CU,CUB,Cuba,Havana,Americas,Caribbean,,CU-->LU,CU-->LU,CU-->LU,CU-->LU,CU-->LU,CU-->LU,CU-->LU,CU-->LU,CU-->LU,CU-->LU,CU-->LU,CU-->LU,CU-->LU,CU-->LU,CU-->LU,CU-->LU,CU-->LU,CU-->LU,CU-->LU,,,,,,,,,,,,,,,,,LU-->CU,LU-->CU,LU-->CU,LU-->CU,LU-->CU,LU-->CU,LU-->CU,LU-->CU,LU-->CU,LU-->CU,LU-->CU,LU-->CU,LU-->CU,LU-->CU,LU-->CU,LU-->CU,LU-->CU,LU-->CU,LU-->CU
CW,CUW,Curaçao,Willemstad,Americas,Caribbean,,CW-->LU,CW-->LU,CW-->LU,CW-->LU,CW-->LU,CW-->LU,CW-->LU,CW-->LU,CW-->LU,CW-->LU,CW-->LU,CW-->LU,CW-->LU,CW-->LU,CW-->LU,CW-->LU,CW-->LU,CW-->LU,CW-->LU,,,,,,,,,,,,,,,,,LU-->CW,LU-->CW,LU-->CW,LU-->CW,LU-->CW,LU-->CW,LU-->CW,LU-->CW,LU-->CW,LU-->CW,LU-->CW,LU-->CW,LU-->CW,LU-->CW,LU-->CW,LU-->CW,LU-->CW,LU-->CW,LU-->CW
CY,CYP,Cyprus,Nicosia,Europe,Southern Europe,,CY-->LU,CY-->LU,CY-->LU,CY-->LU,CY-->LU,CY-->LU,CY-->LU,CY-->LU,CY-->LU,CY-->LU,CY-->LU,CY-->LU,CY-->LU,CY-->LU,CY-->LU,CY-->LU,CY-->LU,CY-->LU,CY-->LU,,,,,,,,,,,,,,,,,LU-->CY,LU-->CY,LU-->CY,LU-->CY,LU-->CY,LU-->CY,LU-->CY,LU-->CY,LU-->CY,LU-->CY,LU-->CY,LU-->CY,LU-->CY,LU-->CY,LU-->CY,LU-->CY,LU-->CY,LU-->CY,LU-->CY
CZ,CZE,Czech Republic,Prague,Europe,Eastern Europe,,CZ-->LU,CZ-->LU,CZ-->LU,CZ-->LU,CZ-->LU,CZ-->LU,CZ-->LU,CZ-->LU,CZ-->LU,CZ-->LU,CZ-->LU,CZ-->LU,CZ-->LU,CZ-->LU,CZ-->LU,CZ-->LU,CZ-->LU,CZ-->LU,CZ-->LU,,,,,,,,,,,,,,,,,LU-->CZ,LU-->CZ,LU-->CZ,LU-->CZ,LU-->CZ,LU-->CZ,LU-->CZ,LU-->CZ,LU-->CZ,LU-->CZ,LU-->CZ,LU-->CZ,LU-->CZ,LU-->CZ,LU-->CZ,LU-->CZ,LU-->CZ,LU-->CZ,LU-->CZ
DK,DNK,Denmark,Copenhagen,Europe,Northern Europe,,DK-->LU,DK-->LU,DK-->LU,DK-->LU,DK-->LU,DK-->LU,DK-->LU,DK-->LU,DK-->LU,DK-->LU,DK-->LU,DK-->LU,DK-->LU,DK-->LU,DK-->LU,DK-->LU,DK-->LU,DK-->LU,DK-->LU,,,,,,,,,,,,,,,,,LU-->DK,LU-->DK,LU-->DK,LU-->DK,LU-->DK,LU-->DK,LU-->DK,LU-->DK,LU-->DK,LU-->DK,LU-->DK,LU-->DK,LU-->DK,LU-->DK,LU-->DK,LU-->DK,LU-->DK,LU-->DK,LU-->DK
DJ,DJI,Djibouti,Djibouti,Africa,Eastern Africa,,DJ-->LU,DJ-->LU,DJ-->LU,DJ-->LU,DJ-->LU,DJ-->LU,DJ-->LU,DJ-->LU,DJ-->LU,DJ-->LU,DJ-->LU,DJ-->LU,DJ-->LU,DJ-->LU,DJ-->LU,DJ-->LU,DJ-->LU,DJ-->LU,DJ-->LU,,,,,,,,,,,,,,,,,LU-->DJ,LU-->DJ,LU-->DJ,LU-->DJ,LU-->DJ,LU-->DJ,LU-->DJ,LU-->DJ,LU-->DJ,LU-->DJ,LU-->DJ,LU-->DJ,LU-->DJ,LU-->DJ,LU-->DJ,LU-->DJ,LU-->DJ,LU-->DJ,LU-->DJ
DM,DMA,Dominica,Roseau,Americas,Caribbean,,DM-->LU,DM-->LU,DM-->LU,DM-->LU,DM-->LU,DM-->LU,DM-->LU,DM-->LU,DM-->LU,DM-->LU,DM-->LU,DM-->LU,DM-->LU,DM-->LU,DM-->LU,DM-->LU,DM-->LU,DM-->LU,DM-->LU,,,,,,,,,,,,,,,,,LU-->DM,LU-->DM,LU-->DM,LU-->DM,LU-->DM,LU-->DM,LU-->DM,LU-->DM,LU-->DM,LU-->DM,LU-->DM,LU-->DM,LU-->DM,LU-->DM,LU-->DM,LU-->DM,LU-->DM,LU-->DM,LU-->DM
DO,DOM,Dominican Republic,Santo Domingo,Americas,Caribbean,,DO-->LU,DO-->LU,DO-->LU,DO-->LU,DO-->LU,DO-->LU,DO-->LU,DO-->LU,DO-->LU,DO-->LU,DO-->LU,DO-->LU,DO-->LU,DO-->LU,DO-->LU,DO-->LU,DO-->LU,DO-->LU,DO-->LU,,,,,,,,,,,,,,,,,LU-->DO,LU-->DO,LU-->DO,LU-->DO,LU-->DO,LU-->DO,LU-->DO,LU-->DO,LU-->DO,LU-->DO,LU-->DO,LU-->DO,LU-->DO,LU-->DO,LU-->DO,LU-->DO,LU-->DO,LU-->DO,LU-->DO
EC,ECU,Ecuador,Quito,Americas,South America,,EC-->LU,EC-->LU,EC-->LU,EC-->LU,EC-->LU,EC-->LU,EC-->LU,EC-->LU,EC-->LU,EC-->LU,EC-->LU,EC-->LU,EC-->LU,EC-->LU,EC-->LU,EC-->LU,EC-->LU,EC-->LU,EC-->LU,,,,,,,,,,,,,,,,,LU-->EC,LU-->EC,LU-->EC,LU-->EC,LU-->EC,LU-->EC,LU-->EC,LU-->EC,LU-->EC,LU-->EC,LU-->EC,LU-->EC,LU-->EC,LU-->EC,LU-->EC,LU-->EC,LU-->EC,LU-->EC,LU-->EC
EG,EGY,Egypt,Cairo,Africa,Northern Africa,,EG-->LU,EG-->LU,EG-->LU,EG-->LU,EG-->LU,EG-->LU,EG-->LU,EG-->LU,EG-->LU,EG-->LU,EG-->LU,EG-->LU,EG-->LU,EG-->LU,EG-->LU,EG-->LU,EG-->LU,EG-->LU,EG-->LU,,,,,,,,,,,,,,,,,LU-->EG,LU-->EG,LU-->EG,LU-->EG,LU-->EG,LU-->EG,LU-->EG,LU-->EG,LU-->EG,LU-->EG,LU-->EG,LU-->EG,LU-->EG,LU-->EG,LU-->EG,LU-->EG,LU-->EG,LU-->EG,LU-->EG
SV,SLV,El Salvador,San Salvador,Americas,Central America,,SV-->LU,SV-->LU,SV-->LU,SV-->LU,SV-->LU,SV-->LU,SV-->LU,SV-->LU,SV-->LU,SV-->LU,SV-->LU,SV-->LU,SV-->LU,SV-->LU,SV-->LU,SV-->LU,SV-->LU,SV-->LU,SV-->LU,,,,,,,,,,,,,,,,,LU-->SV,LU-->SV,LU-->SV,LU-->SV,LU-->SV,LU-->SV,LU-->SV,LU-->SV,LU-->SV,LU-->SV,LU-->SV,LU-->SV,LU-->SV,LU-->SV,LU-->SV,LU-->SV,LU-->SV,LU-->SV,LU-->SV
GQ,GNQ,Equatorial Guinea,Malabo,Africa,Middle Africa,,GQ-->LU,GQ-->LU,GQ-->LU,GQ-->LU,GQ-->LU,GQ-->LU,GQ-->LU,GQ-->LU,GQ-->LU,GQ-->LU,GQ-->LU,GQ-->LU,GQ-->LU,GQ-->LU,GQ-->LU,GQ-->LU,GQ-->LU,GQ-->LU,GQ-->LU,,,,,,,,,,,,,,,,,LU-->GQ,LU-->GQ,LU-->GQ,LU-->GQ,LU-->GQ,LU-->GQ,LU-->GQ,LU-->GQ,LU-->GQ,LU-->GQ,LU-->GQ,LU-->GQ,LU-->GQ,LU-->GQ,LU-->GQ,LU-->GQ,LU-->GQ,LU-->GQ,LU-->GQ
ER,ERI,Eritrea,Asmara,Africa,Eastern Africa,,ER-->LU,ER-->LU,ER-->LU,ER-->LU,ER-->LU,ER-->LU,ER-->LU,ER-->LU,ER-->LU,ER-->LU,ER-->LU,ER-->LU,ER-->LU,ER-->LU,ER-->LU,ER-->LU,ER-->LU,ER-->LU,ER-->LU,,,,,,,,,,,,,,,,,LU-->ER,LU-->ER,LU-->ER,LU-->ER,LU-->ER,LU-->ER,LU-->ER,LU-->ER,LU-->ER,LU-->ER,LU-->ER,LU-->ER,LU-->ER,LU-->ER,LU-->ER,LU-->ER,LU-->ER,LU-->ER,LU-->ER
EE,EST,Estonia,Tallinn,Europe,Northern Europe,,EE-->LU,EE-->LU,EE-->LU,EE-->LU,EE-->LU,EE-->LU,EE-->LU,EE-->LU,EE-->LU,EE-->LU,EE-->LU,EE-->LU,EE-->LU,EE-->LU,EE-->LU,EE-->LU,EE-->LU,EE-->LU,EE-->LU,,,,,,,,,,,,,,,,,LU-->EE,LU-->EE,LU-->EE,LU-->EE,LU-->EE,LU-->EE,LU-->EE,LU-->EE,LU-->EE,LU-->EE,LU-->EE,LU-->EE,LU-->EE,LU-->EE,LU-->EE,LU-->EE,LU-->EE,LU-->EE,LU-->EE
ET,ETH,Ethiopia,Addis Ababa,Africa,Eastern Africa,,ET-->LU,ET-->LU,ET-->LU,ET-->LU,ET-->LU,ET-->LU,ET-->LU,ET-->LU,ET-->LU,ET-->LU,ET-->LU,ET-->LU,ET-->LU,ET-->LU,ET-->LU,ET-->LU,ET-->LU,ET-->LU,ET-->LU,,,,,,,,,,,,,,,,,LU-->ET,LU-->ET,LU-->ET,LU-->ET,LU-->ET,LU-->ET,LU-->ET,LU-->ET,LU-->ET,LU-->ET,LU-->ET,LU-->ET,LU-->ET,LU-->ET,LU-->ET,LU-->ET,LU-->ET,LU-->ET,LU-->ET
FK,FLK,Falkland Islands,Stanley,Americas,South America,,FK-->LU,FK-->LU,FK-->LU,FK-->LU,FK-->LU,FK-->LU,FK-->LU,FK-->LU,FK-->LU,FK-->LU,FK-->LU,FK-->LU,FK-->LU,FK-->LU,FK-->LU,FK-->LU,FK-->LU,FK-->LU,FK-->LU,,,,,,,,,,,,,,,,,LU-->FK,LU-->FK,LU-->FK,LU-->FK,LU-->FK,LU-->FK,LU-->FK,LU-->FK,LU-->FK,LU-->FK,LU-->FK,LU-->FK,LU-->FK,LU-->FK,LU-->FK,LU-->FK,LU-->FK,LU-->FK,LU-->FK
FO,FRO,Faroe Islands,Tórshavn,Europe,Northern Europe,,FO-->LU,FO-->LU,FO-->LU,FO-->LU,FO-->LU,FO-->LU,FO-->LU,FO-->LU,FO-->LU,FO-->LU,FO-->LU,FO-->LU,FO-->LU,FO-->LU,FO-->LU,FO-->LU,FO-->LU,FO-->LU,FO-->LU,,,,,,,,,,,,,,,,,LU-->FO,LU-->FO,LU-->FO,LU-->FO,LU-->FO,LU-->FO,LU-->FO,LU-->FO,LU-->FO,LU-->FO,LU-->FO,LU-->FO,LU-->FO,LU-->FO,LU-->FO,LU-->FO,LU-->FO,LU-->FO,LU-->FO
FJ,FJI,Fiji,Suva,Oceania,Melanesia,,FJ-->LU,FJ-->LU,FJ-->LU,FJ-->LU,FJ-->LU,FJ-->LU,FJ-->LU,FJ-->LU,FJ-->LU,FJ-->LU,FJ-->LU,FJ-->LU,FJ-->LU,FJ-->LU,FJ-->LU,FJ-->LU,FJ-->LU,FJ-->LU,FJ-->LU,,,,,,,,,,,,,,,,,LU-->FJ,LU-->FJ,LU-->FJ,LU-->FJ,LU-->FJ,LU-->FJ,LU-->FJ,LU-->FJ,LU-->FJ,LU-->FJ,LU-->FJ,LU-->FJ,LU-->FJ,LU-->FJ,LU-->FJ,LU-->FJ,LU-->FJ,LU-->FJ,LU-->FJ
FI,FIN,Finland,Helsinki,Europe,Northern Europe,,FI-->LU,FI-->LU,FI-->LU,FI-->LU,FI-->LU,FI-->LU,FI-->LU,FI-->LU,FI-->LU,FI-->LU,FI-->LU,FI-->LU,FI-->LU,FI-->LU,FI-->LU,FI-->LU,FI-->LU,FI-->LU,FI-->LU,,,,,,,,,,,,,,,,,LU-->FI,LU-->FI,LU-->FI,LU-->FI,LU-->FI,LU-->FI,LU-->FI,LU-->FI,LU-->FI,LU-->FI,LU-->FI,LU-->FI,LU-->FI,LU-->FI,LU-->FI,LU-->FI,LU-->FI,LU-->FI,LU-->FI
FR,FRA,France,Paris,Europe,Western Europe,,FR-->LU,FR-->LU,FR-->LU,FR-->LU,FR-->LU,FR-->LU,FR-->LU,FR-->LU,FR-->LU,FR-->LU,FR-->LU,FR-->LU,FR-->LU,FR-->LU,FR-->LU,FR-->LU,FR-->LU,FR-->LU,FR-->LU,,,,,,,,,,,,,,,,,LU-->FR,LU-->FR,LU-->FR,LU-->FR,LU-->FR,LU-->FR,LU-->FR,LU-->FR,LU-->FR,LU-->FR,LU-->FR,LU-->FR,LU-->FR,LU-->FR,LU-->FR,LU-->FR,LU-->FR,LU-->FR,LU-->FR
GF,GUF,French Guiana,Cayenne,Americas,South America,,GF-->LU,GF-->LU,GF-->LU,GF-->LU,GF-->LU,GF-->LU,GF-->LU,GF-->LU,GF-->LU,GF-->LU,GF-->LU,GF-->LU,GF-->LU,GF-->LU,GF-->LU,GF-->LU,GF-->LU,GF-->LU,GF-->LU,,,,,,,,,,,,,,,,,LU-->GF,LU-->GF,LU-->GF,LU-->GF,LU-->GF,LU-->GF,LU-->GF,LU-->GF,LU-->GF,LU-->GF,LU-->GF,LU-->GF,LU-->GF,LU-->GF,LU-->GF,LU-->GF,LU-->GF,LU-->GF,LU-->GF
PF,PYF,French Polynesia,Papeetē,Oceania,Polynesia,,PF-->LU,PF-->LU,PF-->LU,PF-->LU,PF-->LU,PF-->LU,PF-->LU,PF-->LU,PF-->LU,PF-->LU,PF-->LU,PF-->LU,PF-->LU,PF-->LU,PF-->LU,PF-->LU,PF-->LU,PF-->LU,PF-->LU,,,,,,,,,,,,,,,,,LU-->PF,LU-->PF,LU-->PF,LU-->PF,LU-->PF,LU-->PF,LU-->PF,LU-->PF,LU-->PF,LU-->PF,LU-->PF,LU-->PF,LU-->PF,LU-->PF,LU-->PF,LU-->PF,LU-->PF,LU-->PF,LU-->PF
TF,ATF,French Southern and Antarctic Lands,Port-aux-Français,Africa,Southern Africa,,TF-->LU,TF-->LU,TF-->LU,TF-->LU,TF-->LU,TF-->LU,TF-->LU,TF-->LU,TF-->LU,TF-->LU,TF-->LU,TF-->LU,TF-->LU,TF-->LU,TF-->LU,TF-->LU,TF-->LU,TF-->LU,TF-->LU,,,,,,,,,,,,,,,,,LU-->TF,LU-->TF,LU-->TF,LU-->TF,LU-->TF,LU-->TF,LU-->TF,LU-->TF,LU-->TF,LU-->TF,LU-->TF,LU-->TF,LU-->TF,LU-->TF,LU-->TF,LU-->TF,LU-->TF,LU-->TF,LU-->TF
GA,GAB,Gabon,Libreville,Africa,Middle Africa,,GA-->LU,GA-->LU,GA-->LU,GA-->LU,GA-->LU,GA-->LU,GA-->LU,GA-->LU,GA-->LU,GA-->LU,GA-->LU,GA-->LU,GA-->LU,GA-->LU,GA-->LU,GA-->LU,GA-->LU,GA-->LU,GA-->LU,,,,,,,,,,,,,,,,,LU-->GA,LU-->GA,LU-->GA,LU-->GA,LU-->GA,LU-->GA,LU-->GA,LU-->GA,LU-->GA,LU-->GA,LU-->GA,LU-->GA,LU-->GA,LU-->GA,LU-->GA,LU-->GA,LU-->GA,LU-->GA,LU-->GA
GM,GMB,The Gambia,Banjul,Africa,Western Africa,,GM-->LU,GM-->LU,GM-->LU,GM-->LU,GM-->LU,GM-->LU,GM-->LU,GM-->LU,GM-->LU,GM-->LU,GM-->LU,GM-->LU,GM-->LU,GM-->LU,GM-->LU,GM-->LU,GM-->LU,GM-->LU,GM-->LU,,,,,,,,,,,,,,,,,LU-->GM,LU-->GM,LU-->GM,LU-->GM,LU-->GM,LU-->GM,LU-->GM,LU-->GM,LU-->GM,LU-->GM,LU-->GM,LU-->GM,LU-->GM,LU-->GM,LU-->GM,LU-->GM,LU-->GM,LU-->GM,LU-->GM
GE,GEO,Georgia,Tbilisi,Asia,Western Asia,,GE-->LU,GE-->LU,GE-->LU,GE-->LU,GE-->LU,GE-->LU,GE-->LU,GE-->LU,GE-->LU,GE-->LU,GE-->LU,GE-->LU,GE-->LU,GE-->LU,GE-->LU,GE-->LU,GE-->LU,GE-->LU,GE-->LU,,,,,,,,,,,,,,,,,LU-->GE,LU-->GE,LU-->GE,LU-->GE,LU-->GE,LU-->GE,LU-->GE,LU-->GE,LU-->GE,LU-->GE,LU-->GE,LU-->GE,LU-->GE,LU-->GE,LU-->GE,LU-->GE,LU-->GE,LU-->GE,LU-->GE
DE,DEU,Germany,Berlin,Europe,Western Europe,,DE-->LU,DE-->LU,DE-->LU,DE-->LU,DE-->LU,DE-->LU,DE-->LU,DE-->LU,DE-->LU,DE-->LU,DE-->LU,DE-->LU,DE-->LU,DE-->LU,DE-->LU,DE-->LU,DE-->LU,DE-->LU,DE-->LU,,,,,,,,,,,,,,,,,LU-->DE,LU-->DE,LU-->DE,LU-->DE,LU-->DE,LU-->DE,LU-->DE,LU-->DE,LU-->DE,LU-->DE,LU-->DE,LU-->DE,LU-->DE,LU-->DE,LU-->DE,LU-->DE,LU-->DE,LU-->DE,LU-->DE
GH,GHA,Ghana,Accra,Africa,Western Africa,,GH-->LU,GH-->LU,GH-->LU,GH-->LU,GH-->LU,GH-->LU,GH-->LU,GH-->LU,GH-->LU,GH-->LU,GH-->LU,GH-->LU,GH-->LU,GH-->LU,GH-->LU,GH-->LU,GH-->LU,GH-->LU,GH-->LU,,,,,,,,,,,,,,,,,LU-->GH,LU-->GH,LU-->GH,LU-->GH,LU-->GH,LU-->GH,LU-->GH,LU-->GH,LU-->GH,LU-->GH,LU-->GH,LU-->GH,LU-->GH,LU-->GH,LU-->GH,LU-->GH,LU-->GH,LU-->GH,LU-->GH
GI,GIB,Gibraltar,Gibraltar,Europe,Southern Europe,,GI-->LU,GI-->LU,GI-->LU,GI-->LU,GI-->LU,GI-->LU,GI-->LU,GI-->LU,GI-->LU,GI-->LU,GI-->LU,GI-->LU,GI-->LU,GI-->LU,GI-->LU,GI-->LU,GI-->LU,GI-->LU,GI-->LU,,,,,,,,,,,,,,,,,LU-->GI,LU-->GI,LU-->GI,LU-->GI,LU-->GI,LU-->GI,LU-->GI,LU-->GI,LU-->GI,LU-->GI,LU-->GI,LU-->GI,LU-->GI,LU-->GI,LU-->GI,LU-->GI,LU-->GI,LU-->GI,LU-->GI
GR,GRC,Greece,Athens,Europe,Southern Europe,,GR-->LU,GR-->LU,GR-->LU,GR-->LU,GR-->LU,GR-->LU,GR-->LU,GR-->LU,GR-->LU,GR-->LU,GR-->LU,GR-->LU,GR-->LU,GR-->LU,GR-->LU,GR-->LU,GR-->LU,GR-->LU,GR-->LU,,,,,,,,,,,,,,,,,LU-->GR,LU-->GR,LU-->GR,LU-->GR,LU-->GR,LU-->GR,LU-->GR,LU-->GR,LU-->GR,LU-->GR,LU-->GR,LU-->GR,LU-->GR,LU-->GR,LU-->GR,LU-->GR,LU-->GR,LU-->GR,LU-->GR
GL,GRL,Greenland,Nuuk,Americas,Northern America,,GL-->LU,GL-->LU,GL-->LU,GL-->LU,GL-->LU,GL-->LU,GL-->LU,GL-->LU,GL-->LU,GL-->LU,GL-->LU,GL-->LU,GL-->LU,GL-->LU,GL-->LU,GL-->LU,GL-->LU,GL-->LU,GL-->LU,,,,,,,,,,,,,,,,,LU-->GL,LU-->GL,LU-->GL,LU-->GL,LU-->GL,LU-->GL,LU-->GL,LU-->GL,LU-->GL,LU-->GL,LU-->GL,LU-->GL,LU-->GL,LU-->GL,LU-->GL,LU-->GL,LU-->GL,LU-->GL,LU-->GL
GD,GRD,Grenada,St. George's,Americas,Caribbean,,GD-->LU,GD-->LU,GD-->LU,GD-->LU,GD-->LU,GD-->LU,GD-->LU,GD-->LU,GD-->LU,GD-->LU,GD-->LU,GD-->LU,GD-->LU,GD-->LU,GD-->LU,GD-->LU,GD-->LU,GD-->LU,GD-->LU,,,,,,,,,,,,,,,,,LU-->GD,LU-->GD,LU-->GD,LU-->GD,LU-->GD,LU-->GD,LU-->GD,LU-->GD,LU-->GD,LU-->GD,LU-->GD,LU-->GD,LU-->GD,LU-->GD,LU-->GD,LU-->GD,LU-->GD,LU-->GD,LU-->GD
GP,GLP,Guadeloupe,Basse-Terre,Americas,Caribbean,,GP-->LU,GP-->LU,GP-->LU,GP-->LU,GP-->LU,GP-->LU,GP-->LU,GP-->LU,GP-->LU,GP-->LU,GP-->LU,GP-->LU,GP-->LU,GP-->LU,GP-->LU,GP-->LU,GP-->LU,GP-->LU,GP-->LU,,,,,,,,,,,,,,,,,LU-->GP,LU-->GP,LU-->GP,LU-->GP,LU-->GP,LU-->GP,LU-->GP,LU-->GP,LU-->GP,LU-->GP,LU-->GP,LU-->GP,LU-->GP,LU-->GP,LU-->GP,LU-->GP,LU-->GP,LU-->GP,LU-->GP
GU,GUM,Guam,Hagåtña,Oceania,Micronesia,,GU-->LU,GU-->LU,GU-->LU,GU-->LU,GU-->LU,GU-->LU,GU-->LU,GU-->LU,GU-->LU,GU-->LU,GU-->LU,GU-->LU,GU-->LU,GU-->LU,GU-->LU,GU-->LU,GU-->LU,GU-->LU,GU-->LU,,,,,,,,,,,,,,,,,LU-->GU,LU-->GU,LU-->GU,LU-->GU,LU-->GU,LU-->GU,LU-->GU,LU-->GU,LU-->GU,LU-->GU,LU-->GU,LU-->GU,LU-->GU,LU-->GU,LU-->GU,LU-->GU,LU-->GU,LU-->GU,LU-->GU
GT,GTM,Guatemala,Guatemala City,Americas,Central America,,GT-->LU,GT-->LU,GT-->LU,GT-->LU,GT-->LU,GT-->LU,GT-->LU,GT-->LU,GT-->LU,GT-->LU,GT-->LU,GT-->LU,GT-->LU,GT-->LU,GT-->LU,GT-->LU,GT-->LU,GT-->LU,GT-->LU,,,,,,,,,,,,,,,,,LU-->GT,LU-->GT,LU-->GT,LU-->GT,LU-->GT,LU-->GT,LU-->GT,LU-->GT,LU-->GT,LU-->GT,LU-->GT,LU-->GT,LU-->GT,LU-->GT,LU-->GT,LU-->GT,LU-->GT,LU-->GT,LU-->GT
GG,GGY,Guernsey,St. Peter Port,Europe,Northern Europe,,GG-->LU,GG-->LU,GG-->LU,GG-->LU,GG-->LU,GG-->LU,GG-->LU,GG-->LU,GG-->LU,GG-->LU,GG-->LU,GG-->LU,GG-->LU,GG-->LU,GG-->LU,GG-->LU,GG-->LU,GG-->LU,GG-->LU,,,,,,,,,,,,,,,,,LU-->GG,LU-->GG,LU-->GG,LU-->GG,LU-->GG,LU-->GG,LU-->GG,LU-->GG,LU-->GG,LU-->GG,LU-->GG,LU-->GG,LU-->GG,LU-->GG,LU-->GG,LU-->GG,LU-->GG,LU-->GG,LU-->GG
GN,GIN,Guinea,Conakry,Africa,Western Africa,,GN-->LU,GN-->LU,GN-->LU,GN-->LU,GN-->LU,GN-->LU,GN-->LU,GN-->LU,GN-->LU,GN-->LU,GN-->LU,GN-->LU,GN-->LU,GN-->LU,GN-->LU,GN-->LU,GN-->LU,GN-->LU,GN-->LU,,,,,,,,,,,,,,,,,LU-->GN,LU-->GN,LU-->GN,LU-->GN,LU-->GN,LU-->GN,LU-->GN,LU-->GN,LU-->GN,LU-->GN,LU-->GN,LU-->GN,LU-->GN,LU-->GN,LU-->GN,LU-->GN,LU-->GN,LU-->GN,LU-->GN
GW,GNB,Guinea-Bissau,Bissau,Africa,Western Africa,,GW-->LU,GW-->LU,GW-->LU,GW-->LU,GW-->LU,GW-->LU,GW-->LU,GW-->LU,GW-->LU,GW-->LU,GW-->LU,GW-->LU,GW-->LU,GW-->LU,GW-->LU,GW-->LU,GW-->LU,GW-->LU,GW-->LU,,,,,,,,,,,,,,,,,LU-->GW,LU-->GW,LU-->GW,LU-->GW,LU-->GW,LU-->GW,LU-->GW,LU-->GW,LU-->GW,LU-->GW,LU-->GW,LU-->GW,LU-->GW,LU-->GW,LU-->GW,LU-->GW,LU-->GW,LU-->GW,LU-->GW
GY,GUY,Guyana,Georgetown,Americas,South America,,GY-->LU,GY-->LU,GY-->LU,GY-->LU,GY-->LU,GY-->LU,GY-->LU,GY-->LU,GY-->LU,GY-->LU,GY-->LU,GY-->LU,GY-->LU,GY-->LU,GY-->LU,GY-->LU,GY-->LU,GY-->LU,GY-->LU,,,,,,,,,,,,,,,,,LU-->GY,LU-->GY,LU-->GY,LU-->GY,LU-->GY,LU-->GY,LU-->GY,LU-->GY,LU-->GY,LU-->GY,LU-->GY,LU-->GY,LU-->GY,LU-->GY,LU-->GY,LU-->GY,LU-->GY,LU-->GY,LU-->GY
HT,HTI,Haiti,Port-au-Prince,Americas,Caribbean,,HT-->LU,HT-->LU,HT-->LU,HT-->LU,HT-->LU,HT-->LU,HT-->LU,HT-->LU,HT-->LU,HT-->LU,HT-->LU,HT-->LU,HT-->LU,HT-->LU,HT-->LU,HT-->LU,HT-->LU,HT-->LU,HT-->LU,,,,,,,,,,,,,,,,,LU-->HT,LU-->HT,LU-->HT,LU-->HT,LU-->HT,LU-->HT,LU-->HT,LU-->HT,LU-->HT,LU-->HT,LU-->HT,LU-->HT,LU-->HT,LU-->HT,LU-->HT,LU-->HT,LU-->HT,LU-->HT,LU-->HT
HM,HMD,Heard Island and McDonald Islands,,,,,HM-->LU,HM-->LU,HM-->LU,HM-->LU,HM-->LU,HM-->LU,HM-->LU,HM-->LU,HM-->LU,HM-->LU,HM-->LU,HM-->LU,HM-->LU,HM-->LU,HM-->LU,HM-->LU,HM-->LU,HM-->LU,HM-->LU,,,,,,,,,,,,,,,,,LU-->HM,LU-->HM,LU-->HM,LU-->HM,LU-->HM,LU-->HM,LU-->HM,LU-->HM,LU-->HM,LU-->HM,LU-->HM,LU-->HM,LU-->HM,LU-->HM,LU-->HM,LU-->HM,LU-->HM,LU-->HM,LU-->HM
VA,VAT,Holy See,Rome,Europe,Southern Europe,,VA-->LU,VA-->LU,VA-->LU,VA-->LU,VA-->LU,VA-->LU,VA-->LU,VA-->LU,VA-->LU,VA-->LU,VA-->LU,VA-->LU,VA-->LU,VA-->LU,VA-->LU,VA-->LU,VA-->LU,VA-->LU,VA-->LU,,,,,,,,,,,,,,,,,LU-->VA,LU-->VA,LU-->VA,LU-->VA,LU-->VA,LU-->VA,LU-->VA,LU-->VA,LU-->VA,LU-->VA,LU-->VA,LU-->VA,LU-->VA,LU-->VA,LU-->VA,LU-->VA,LU-->VA,LU-->VA,LU-->VA
HN,HND,Honduras,Tegucigalpa,Americas,Central America,,HN-->LU,HN-->LU,HN-->LU,HN-->LU,HN-->LU,HN-->LU,HN-->LU,HN-->LU,HN-->LU,HN-->LU,HN-->LU,HN-->LU,HN-->LU,HN-->LU,HN-->LU,HN-->LU,HN-->LU,HN-->LU,HN-->LU,,,,,,,,,,,,,,,,,LU-->HN,LU-->HN,LU-->HN,LU-->HN,LU-->HN,LU-->HN,LU-->HN,LU-->HN,LU-->HN,LU-->HN,LU-->HN,LU-->HN,LU-->HN,LU-->HN,LU-->HN,LU-->HN,LU-->HN,LU-->HN,LU-->HN
HK,HKG,Hong Kong,City of Victoria,Asia,Eastern Asia,,HK-->LU,HK-->LU,HK-->LU,HK-->LU,HK-->LU,HK-->LU,HK-->LU,HK-->LU,HK-->LU,HK-->LU,HK-->LU,HK-->LU,HK-->LU,HK-->LU,HK-->LU,HK-->LU,HK-->LU,HK-->LU,HK-->LU,,,,,,,,,,,,,,,,,LU-->HK,LU-->HK,LU-->HK,LU-->HK,LU-->HK,LU-->HK,LU-->HK,LU-->HK,LU-->HK,LU-->HK,LU-->HK,LU-->HK,LU-->HK,LU-->HK,LU-->HK,LU-->HK,LU-->HK,LU-->HK,LU-->HK
HU,HUN,Hungary,Budapest,Europe,Eastern Europe,,HU-->LU,HU-->LU,HU-->LU,HU-->LU,HU-->LU,HU-->LU,HU-->LU,HU-->LU,HU-->LU,HU-->LU,HU-->LU,HU-->LU,HU-->LU,HU-->LU,HU-->LU,HU-->LU,HU-->LU,HU-->LU,HU-->LU,,,,,,,,,,,,,,,,,LU-->HU,LU-->HU,LU-->HU,LU-->HU,LU-->HU,LU-->HU,LU-->HU,LU-->HU,LU-->HU,LU-->HU,LU-->HU,LU-->HU,LU-->HU,LU-->HU,LU-->HU,LU-->HU,LU-->HU,LU-->HU,LU-->HU
IS,ISL,Iceland,Reykjavík,Europe,Northern Europe,,IS-->LU,IS-->LU,IS-->LU,IS-->LU,IS-->LU,IS-->LU,IS-->LU,IS-->LU,IS-->LU,IS-->LU,IS-->LU,IS-->LU,IS-->LU,IS-->LU,IS-->LU,IS-->LU,IS-->LU,IS-->LU,IS-->LU,,,,,,,,,,,,,,,,,LU-->IS,LU-->IS,LU-->IS,LU-->IS,LU-->IS,LU-->IS,LU-->IS,LU-->IS,LU-->IS,LU-->IS,LU-->IS,LU-->IS,LU-->IS,LU-->IS,LU-->IS,LU-->IS,LU-->IS,LU-->IS,LU-->IS
IN,IND,India,New Delhi,Asia,Southern Asia,,IN-->LU,IN-->LU,IN-->LU,IN-->LU,IN-->LU,IN-->LU,IN-->LU,IN-->LU,IN-->LU,IN-->LU,IN-->LU,IN-->LU,IN-->LU,IN-->LU,IN-->LU,IN-->LU,IN-->LU,IN-->LU,IN-->LU,,,,,,,,,,,,,,,,,LU-->IN,LU-->IN,LU-->IN,LU-->IN,LU-->IN,LU-->IN,LU-->IN,LU-->IN,LU-->IN,LU-->IN,LU-->IN,LU-->IN,LU-->IN,LU-->IN,LU-->IN,LU-->IN,LU-->IN,LU-->IN,LU-->IN
ID,IDN,Indonesia,Jakarta,Asia,South-Eastern Asia,,ID-->LU,ID-->LU,ID-->LU,ID-->LU,ID-->LU,ID-->LU,ID-->LU,ID-->LU,ID-->LU,ID-->LU,ID-->LU,ID-->LU,ID-->LU,ID-->LU,ID-->LU,ID-->LU,ID-->LU,ID-->LU,ID-->LU,,,,,,,,,,,,,,,,,LU-->ID,LU-->ID,LU-->ID,LU-->ID,LU-->ID,LU-->ID,LU-->ID,LU-->ID,LU-->ID,LU-->ID,LU-->ID,LU-->ID,LU-->ID,LU-->ID,LU-->ID,LU-->ID,LU-->ID,LU-->ID,LU-->ID
CI,CIV,Ivory Coast,Yamoussoukro,Africa,Western Africa,,CI-->LU,CI-->LU,CI-->LU,CI-->LU,CI-->LU,CI-->LU,CI-->LU,CI-->LU,CI-->LU,CI-->LU,CI-->LU,CI-->LU,CI-->LU,CI-->LU,CI-->LU,CI-->LU,CI-->LU,CI-->LU,CI-->LU,,,,,,,,,,,,,,,,,LU-->CI,LU-->CI,LU-->CI,LU-->CI,LU-->CI,LU-->CI,LU-->CI,LU-->CI,LU-->CI,LU-->CI,LU-->CI,LU-->CI,LU-->CI,LU-->CI,LU-->CI,LU-->CI,LU-->CI,LU-->CI,LU-->CI
IR,IRN,Iran,Tehran,Asia,Southern Asia,,IR-->LU,IR-->LU,IR-->LU,IR-->LU,IR-->LU,IR-->LU,IR-->LU,IR-->LU,IR-->LU,IR-->LU,IR-->LU,IR-->LU,IR-->LU,IR-->LU,IR-->LU,IR-->LU,IR-->LU,IR-->LU,IR-->LU,,,,,,,,,,,,,,,,,LU-->IR,LU-->IR,LU-->IR,LU-->IR,LU-->IR,LU-->IR,LU-->IR,LU-->IR,LU-->IR,LU-->IR,LU-->IR,LU-->IR,LU-->IR,LU-->IR,LU-->IR,LU-->IR,LU-->IR,LU-->IR,LU-->IR
IQ,IRQ,Iraq,Baghdad,Asia,Western Asia,,IQ-->LU,IQ-->LU,IQ-->LU,IQ-->LU,IQ-->LU,IQ-->LU,IQ-->LU,IQ-->LU,IQ-->LU,IQ-->LU,IQ-->LU,IQ-->LU,IQ-->LU,IQ-->LU,IQ-->LU,IQ-->LU,IQ-->LU,IQ-->LU,IQ-->LU,,,,,,,,,,,,,,,,,LU-->IQ,LU-->IQ,LU-->IQ,LU-->IQ,LU-->IQ,LU-->IQ,LU-->IQ,LU-->IQ,LU-->IQ,LU-->IQ,LU-->IQ,LU-->IQ,LU-->IQ,LU-->IQ,LU-->IQ,LU-->IQ,LU-->IQ,LU-->IQ,LU-->IQ
IE,IRL,Republic of Ireland,Dublin,Europe,Northern Europe,,IE-->LU,IE-->LU,IE-->LU,IE-->LU,IE-->LU,IE-->LU,IE-->LU,IE-->LU,IE-->LU,IE-->LU,IE-->LU,IE-->LU,IE-->LU,IE-->LU,IE-->LU,IE-->LU,IE-->LU,IE-->LU,IE-->LU,,,,,,,,,,,,,,,,,LU-->IE,LU-->IE,LU-->IE,LU-->IE,LU-->IE,LU-->IE,LU-->IE,LU-->IE,LU-->IE,LU-->IE,LU-->IE,LU-->IE,LU-->IE,LU-->IE,LU-->IE,LU-->IE,LU-->IE,LU-->IE,LU-->IE
IM,IMN,Isle of Man,Douglas,Europe,Northern Europe,,IM-->LU,IM-->LU,IM-->LU,IM-->LU,IM-->LU,IM-->LU,IM-->LU,IM-->LU,IM-->LU,IM-->LU,IM-->LU,IM-->LU,IM-->LU,IM-->LU,IM-->LU,IM-->LU,IM-->LU,IM-->LU,IM-->LU,,,,,,,,,,,,,,,,,LU-->IM,LU-->IM,LU-->IM,LU-->IM,LU-->IM,LU-->IM,LU-->IM,LU-->IM,LU-->IM,LU-->IM,LU-->IM,LU-->IM,LU-->IM,LU-->IM,LU-->IM,LU-->IM,LU-->IM,LU-->IM,LU-->IM
IL,ISR,Israel,Jerusalem,Asia,Western Asia,,IL-->LU,IL-->LU,IL-->LU,IL-->LU,IL-->LU,IL-->LU,IL-->LU,IL-->LU,IL-->LU,IL-->LU,IL-->LU,IL-->LU,IL-->LU,IL-->LU,IL-->LU,IL-->LU,IL-->LU,IL-->LU,IL-->LU,,,,,,,,,,,,,,,,,LU-->IL,LU-->IL,LU-->IL,LU-->IL,LU-->IL,LU-->IL,LU-->IL,LU-->IL,LU-->IL,LU-->IL,LU-->IL,LU-->IL,LU-->IL,LU-->IL,LU-->IL,LU-->IL,LU-->IL,LU-->IL,LU-->IL
IT,ITA,Italy,Rome,Europe,Southern Europe,,IT-->LU,IT-->LU,IT-->LU,IT-->LU,IT-->LU,IT-->LU,IT-->LU,IT-->LU,IT-->LU,IT-->LU,IT-->LU,IT-->LU,IT-->LU,IT-->LU,IT-->LU,IT-->LU,IT-->LU,IT-->LU,IT-->LU,,,,,,,,,,,,,,,,,LU-->IT,LU-->IT,LU-->IT,LU-->IT,LU-->IT,LU-->IT,LU-->IT,LU-->IT,LU-->IT,LU-->IT,LU-->IT,LU-->IT,LU-->IT,LU-->IT,LU-->IT,LU-->IT,LU-->IT,LU-->IT,LU-->IT
JM,JAM,Jamaica,Kingston,Americas,Caribbean,,JM-->LU,JM-->LU,JM-->LU,JM-->LU,JM-->LU,JM-->LU,JM-->LU,JM-->LU,JM-->LU,JM-->LU,JM-->LU,JM-->LU,JM-->LU,JM-->LU,JM-->LU,JM-->LU,JM-->LU,JM-->LU,JM-->LU,,,,,,,,,,,,,,,,,LU-->JM,LU-->JM,LU-->JM,LU-->JM,LU-->JM,LU-->JM,LU-->JM,LU-->JM,LU-->JM,LU-->JM,LU-->JM,LU-->JM,LU-->JM,LU-->JM,LU-->JM,LU-->JM,LU-->JM,LU-->JM,LU-->JM
JP,JPN,Japan,Tokyo,Asia,Eastern Asia,,JP-->LU,JP-->LU,JP-->LU,JP-->LU,JP-->LU,JP-->LU,JP-->LU,JP-->LU,JP-->LU,JP-->LU,JP-->LU,JP-->LU,JP-->LU,JP-->LU,JP-->LU,JP-->LU,JP-->LU,JP-->LU,JP-->LU,,,,,,,,,,,,,,,,,LU-->JP,LU-->JP,LU-->JP,LU-->JP,LU-->JP,LU-->JP,LU-->JP,LU-->JP,LU-->JP,LU-->JP,LU-->JP,LU-->JP,LU-->JP,LU-->JP,LU-->JP,LU-->JP,LU-->JP,LU-->JP,LU-->JP
JE,JEY,Jersey,Saint Helier,Europe,Northern Europe,,JE-->LU,JE-->LU,JE-->LU,JE-->LU,JE-->LU,JE-->LU,JE-->LU,JE-->LU,JE-->LU,JE-->LU,JE-->LU,JE-->LU,JE-->LU,JE-->LU,JE-->LU,JE-->LU,JE-->LU,JE-->LU,JE-->LU,,,,,,,,,,,,,,,,,LU-->JE,LU-->JE,LU-->JE,LU-->JE,LU-->JE,LU-->JE,LU-->JE,LU-->JE,LU-->JE,LU-->JE,LU-->JE,LU-->JE,LU-->JE,LU-->JE,LU-->JE,LU-->JE,LU-->JE,LU-->JE,LU-->JE
JO,JOR,Jordan,Amman,Asia,Western Asia,,JO-->LU,JO-->LU,JO-->LU,JO-->LU,JO-->LU,JO-->LU,JO-->LU,JO-->LU,JO-->LU,JO-->LU,JO-->LU,JO-->LU,JO-->LU,JO-->LU,JO-->LU,JO-->LU,JO-->LU,JO-->LU,JO-->LU,,,,,,,,,,,,,,,,,LU-->JO,LU-->JO,LU-->JO,LU-->JO,LU-->JO,LU-->JO,LU-->JO,LU-->JO,LU-->JO,LU-->JO,LU-->JO,LU-->JO,LU-->JO,LU-->JO,LU-->JO,LU-->JO,LU-->JO,LU-->JO,LU-->JO
KZ,KAZ,Kazakhstan,Astana,Asia,Central Asia,,KZ-->LU,KZ-->LU,KZ-->LU,KZ-->LU,KZ-->LU,KZ-->LU,KZ-->LU,KZ-->LU,KZ-->LU,KZ-->LU,KZ-->LU,KZ-->LU,KZ-->LU,KZ-->LU,KZ-->LU,KZ-->LU,KZ-->LU,KZ-->LU,KZ-->LU,,,,,,,,,,,,,,,,,LU-->KZ,LU-->KZ,LU-->KZ,LU-->KZ,LU-->KZ,LU-->KZ,LU-->KZ,LU-->KZ,LU-->KZ,LU-->KZ,LU-->KZ,LU-->KZ,LU-->KZ,LU-->KZ,LU-->KZ,LU-->KZ,LU-->KZ,LU-->KZ,LU-->KZ
KE,KEN,Kenya,Nairobi,Africa,Eastern Africa,,KE-->LU,KE-->LU,KE-->LU,KE-->LU,KE-->LU,KE-->LU,KE-->LU,KE-->LU,KE-->LU,KE-->LU,KE-->LU,KE-->LU,KE-->LU,KE-->LU,KE-->LU,KE-->LU,KE-->LU,KE-->LU,KE-->LU,,,,,,,,,,,,,,,,,LU-->KE,LU-->KE,LU-->KE,LU-->KE,LU-->KE,LU-->KE,LU-->KE,LU-->KE,LU-->KE,LU-->KE,LU-->KE,LU-->KE,LU-->KE,LU-->KE,LU-->KE,LU-->KE,LU-->KE,LU-->KE,LU-->KE
KI,KIR,Kiribati,South Tarawa,Oceania,Micronesia,,KI-->LU,KI-->LU,KI-->LU,KI-->LU,KI-->LU,KI-->LU,KI-->LU,KI-->LU,KI-->LU,KI-->LU,KI-->LU,KI-->LU,KI-->LU,KI-->LU,KI-->LU,KI-->LU,KI-->LU,KI-->LU,KI-->LU,,,,,,,,,,,,,,,,,LU-->KI,LU-->KI,LU-->KI,LU-->KI,LU-->KI,LU-->KI,LU-->KI,LU-->KI,LU-->KI,LU-->KI,LU-->KI,LU-->KI,LU-->KI,LU-->KI,LU-->KI,LU-->KI,LU-->KI,LU-->KI,LU-->KI
KW,KWT,Kuwait,Kuwait City,Asia,Western Asia,,KW-->LU,KW-->LU,KW-->LU,KW-->LU,KW-->LU,KW-->LU,KW-->LU,KW-->LU,KW-->LU,KW-->LU,KW-->LU,KW-->LU,KW-->LU,KW-->LU,KW-->LU,KW-->LU,KW-->LU,KW-->LU,KW-->LU,,,,,,,,,,,,,,,,,LU-->KW,LU-->KW,LU-->KW,LU-->KW,LU-->KW,LU-->KW,LU-->KW,LU-->KW,LU-->KW,LU-->KW,LU-->KW,LU-->KW,LU-->KW,LU-->KW,LU-->KW,LU-->KW,LU-->KW,LU-->KW,LU-->KW
KG,KGZ,Kyrgyzstan,Bishkek,Asia,Central Asia,,KG-->LU,KG-->LU,KG-->LU,KG-->LU,KG-->LU,KG-->LU,KG-->LU,KG-->LU,KG-->LU,KG-->LU,KG-->LU,KG-->LU,KG-->LU,KG-->LU,KG-->LU,KG-->LU,KG-->LU,KG-->LU,KG-->LU,,,,,,,,,,,,,,,,,LU-->KG,LU-->KG,LU-->KG,LU-->KG,LU-->KG,LU-->KG,LU-->KG,LU-->KG,LU-->KG,LU-->KG,LU-->KG,LU-->KG,LU-->KG,LU-->KG,LU-->KG,LU-->KG,LU-->KG,LU-->KG,LU-->KG
LA,LAO,Laos,Vientiane,Asia,South-Eastern Asia,,LA-->LU,LA-->LU,LA-->LU,LA-->LU,LA-->LU,LA-->LU,LA-->LU,LA-->LU,LA-->LU,LA-->LU,LA-->LU,LA-->LU,LA-->LU,LA-->LU,LA-->LU,LA-->LU,LA-->LU,LA-->LU,LA-->LU,,,,,,,,,,,,,,,,,LU-->LA,LU-->LA,LU-->LA,LU-->LA,LU-->LA,LU-->LA,LU-->LA,LU-->LA,LU-->LA,LU-->LA,LU-->LA,LU-->LA,LU-->LA,LU-->LA,LU-->LA,LU-->LA,LU-->LA,LU-->LA,LU-->LA
LV,LVA,Latvia,Riga,Europe,Northern Europe,,LV-->LU,LV-->LU,LV-->LU,LV-->LU,LV-->LU,LV-->LU,LV-->LU,LV-->LU,LV-->LU,LV-->LU,LV-->LU,LV-->LU,LV-->LU,LV-->LU,LV-->LU,LV-->LU,LV-->LU,LV-->LU,LV-->LU,,,,,,,,,,,,,,,,,LU-->LV,LU-->LV,LU-->LV,LU-->LV,LU-->LV,LU-->LV,LU-->LV,LU-->LV,LU-->LV,LU-->LV,LU-->LV,LU-->LV,LU-->LV,LU-->LV,LU-->LV,LU-->LV,LU-->LV,LU-->LV,LU-->LV
LB,LBN,Lebanon,Beirut,Asia,Western Asia,,LB-->LU,LB-->LU,LB-->LU,LB-->LU,LB-->LU,LB-->LU,LB-->LU,LB-->LU,LB-->LU,LB-->LU,LB-->LU,LB-->LU,LB-->LU,LB-->LU,LB-->LU,LB-->LU,LB-->LU,LB-->LU,LB-->LU,,,,,,,,,,,,,,,,,LU-->LB,LU-->LB,LU-->LB,LU-->LB,LU-->LB,LU-->LB,LU-->LB,LU-->LB,LU-->LB,LU-->LB,LU-->LB,LU-->LB,LU-->LB,LU-->LB,LU-->LB,LU-->LB,LU-->LB,LU-->LB,LU-->LB
LS,LSO,Lesotho,Maseru,Africa,Southern Africa,,LS-->LU,LS-->LU,LS-->LU,LS-->LU,LS-->LU,LS-->LU,LS-->LU,LS-->LU,LS-->LU,LS-->LU,LS-->LU,LS-->LU,LS-->LU,LS-->LU,LS-->LU,LS-->LU,LS-->LU,LS-->LU,LS-->LU,,,,,,,,,,,,,,,,,LU-->LS,LU-->LS,LU-->LS,LU-->LS,LU-->LS,LU-->LS,LU-->LS,LU-->LS,LU-->LS,LU-->LS,LU-->LS,LU-->LS,LU-->LS,LU-->LS,LU-->LS,LU-->LS,LU-->LS,LU-->LS,LU-->LS
LR,LBR,Liberia,Monrovia,Africa,Western Africa,,LR-->LU,LR-->LU,LR-->LU,LR-->LU,LR-->LU,LR-->LU,LR-->LU,LR-->LU,LR-->LU,LR-->LU,LR-->LU,LR-->LU,LR-->LU,LR-->LU,LR-->LU,LR-->LU,LR-->LU,LR-->LU,LR-->LU,,,,,,,,,,,,,,,,,LU-->LR,LU-->LR,LU-->LR,LU-->LR,LU-->LR,LU-->LR,LU-->LR,LU-->LR,LU-->LR,LU-->LR,LU-->LR,LU-->LR,LU-->LR,LU-->LR,LU-->LR,LU-->LR,LU-->LR,LU-->LR,LU-->LR
LY,LBY,Libya,Tripoli,Africa,Northern Africa,,LY-->LU,LY-->LU,LY-->LU,LY-->LU,LY-->LU,LY-->LU,LY-->LU,LY-->LU,LY-->LU,LY-->LU,LY-->LU,LY-->LU,LY-->LU,LY-->LU,LY-->LU,LY-->LU,LY-->LU,LY-->LU,LY-->LU,,,,,,,,,,,,,,,,,LU-->LY,LU-->LY,LU-->LY,LU-->LY,LU-->LY,LU-->LY,LU-->LY,LU-->LY,LU-->LY,LU-->LY,LU-->LY,LU-->LY,LU-->LY,LU-->LY,LU-->LY,LU-->LY,LU-->LY,LU-->LY,LU-->LY
LI,LIE,Liechtenstein,Vaduz,Europe,Western Europe,,LI-->LU,LI-->LU,LI-->LU,LI-->LU,LI-->LU,LI-->LU,LI-->LU,LI-->LU,LI-->LU,LI-->LU,LI-->LU,LI-->LU,LI-->LU,LI-->LU,LI-->LU,LI-->LU,LI-->LU,LI-->LU,LI-->LU,,,,,,,,,,,,,,,,,LU-->LI,LU-->LI,LU-->LI,LU-->LI,LU-->LI,LU-->LI,LU-->LI,LU-->LI,LU-->LI,LU-->LI,LU-->LI,LU-->LI,LU-->LI,LU-->LI,LU-->LI,LU-->LI,LU-->LI,LU-->LI,LU-->LI
LT,LTU,Lithuania,Vilnius,Europe,Northern Europe,,LT-->LU,LT-->LU,LT-->LU,LT-->LU,LT-->LU,LT-->LU,LT-->LU,LT-->LU,LT-->LU,LT-->LU,LT-->LU,LT-->LU,LT-->LU,LT-->LU,LT-->LU,LT-->LU,LT-->LU,LT-->LU,LT-->LU,,,,,,,,,,,,,,,,,LU-->LT,LU-->LT,LU-->LT,LU-->LT,LU-->LT,LU-->LT,LU-->LT,LU-->LT,LU-->LT,LU-->LT,LU-->LT,LU-->LT,LU-->LT,LU-->LT,LU-->LT,LU-->LT,LU-->LT,LU-->LT,LU-->LT
LU,LUX,Luxembourg,Luxembourg,Europe,Western Europe,,LU-->LU,LU-->LU,LU-->LU,LU-->LU,LU-->LU,LU-->LU,LU-->LU,LU-->LU,LU-->LU,LU-->LU,LU-->LU,LU-->LU,LU-->LU,LU-->LU,LU-->LU,LU-->LU,LU-->LU,LU-->LU,LU-->LU,,,,,,,,,,,,,,,,,LU-->LU,LU-->LU,LU-->LU,LU-->LU,LU-->LU,LU-->LU,LU-->LU,LU-->LU,LU-->LU,LU-->LU,LU-->LU,LU-->LU,LU-->LU,LU-->LU,LU-->LU,LU-->LU,LU-->LU,LU-->LU,LU-->LU
MO,MAC,Macau,,Asia,Eastern Asia,,MO-->LU,MO-->LU,MO-->LU,MO-->LU,MO-->LU,MO-->LU,MO-->LU,MO-->LU,MO-->LU,MO-->LU,MO-->LU,MO-->LU,MO-->LU,MO-->LU,MO-->LU,MO-->LU,MO-->LU,MO-->LU,MO-->LU,,,,,,,,,,,,,,,,,LU-->MO,LU-->MO,LU-->MO,LU-->MO,LU-->MO,LU-->MO,LU-->MO,LU-->MO,LU-->MO,LU-->MO,LU-->MO,LU-->MO,LU-->MO,LU-->MO,LU-->MO,LU-->MO,LU-->MO,LU-->MO,LU-->MO
MK,MKD,Republic of Macedonia,Skopje,Europe,Southern Europe,,MK-->LU,MK-->LU,MK-->LU,MK-->LU,MK-->LU,MK-->LU,MK-->LU,MK-->LU,MK-->LU,MK-->LU,MK-->LU,MK-->LU,MK-->LU,MK-->LU,MK-->LU,MK-->LU,MK-->LU,MK-->LU,MK-->LU,,,,,,,,,,,,,,,,,LU-->MK,LU-->MK,LU-->MK,LU-->MK,LU-->MK,LU-->MK,LU-->MK,LU-->MK,LU-->MK,LU-->MK,LU-->MK,LU-->MK,LU-->MK,LU-->MK,LU-->MK,LU-->MK,LU-->MK,LU-->MK,LU-->MK
MG,MDG,Madagascar,Antananarivo,Africa,Eastern Africa,,MG-->LU,MG-->LU,MG-->LU,MG-->LU,MG-->LU,MG-->LU,MG-->LU,MG-->LU,MG-->LU,MG-->LU,MG-->LU,MG-->LU,MG-->LU,MG-->LU,MG-->LU,MG-->LU,MG-->LU,MG-->LU,MG-->LU,,,,,,,,,,,,,,,,,LU-->MG,LU-->MG,LU-->MG,LU-->MG,LU-->MG,LU-->MG,LU-->MG,LU-->MG,LU-->MG,LU-->MG,LU-->MG,LU-->MG,LU-->MG,LU-->MG,LU-->MG,LU-->MG,LU-->MG,LU-->MG,LU-->MG
MW,MWI,Malawi,Lilongwe,Africa,Eastern Africa,,MW-->LU,MW-->LU,MW-->LU,MW-->LU,MW-->LU,MW-->LU,MW-->LU,MW-->LU,MW-->LU,MW-->LU,MW-->LU,MW-->LU,MW-->LU,MW-->LU,MW-->LU,MW-->LU,MW-->LU,MW-->LU,MW-->LU,,,,,,,,,,,,,,,,,LU-->MW,LU-->MW,LU-->MW,LU-->MW,LU-->MW,LU-->MW,LU-->MW,LU-->MW,LU-->MW,LU-->MW,LU-->MW,LU-->MW,LU-->MW,LU-->MW,LU-->MW,LU-->MW,LU-->MW,LU-->MW,LU-->MW
MY,MYS,Malaysia,Kuala Lumpur,Asia,South-Eastern Asia,,MY-->LU,MY-->LU,MY-->LU,MY-->LU,MY-->LU,MY-->LU,MY-->LU,MY-->LU,MY-->LU,MY-->LU,MY-->LU,MY-->LU,MY-->LU,MY-->LU,MY-->LU,MY-->LU,MY-->LU,MY-->LU,MY-->LU,,,,,,,,,,,,,,,,,LU-->MY,LU-->MY,LU-->MY,LU-->MY,LU-->MY,LU-->MY,LU-->MY,LU-->MY,LU-->MY,LU-->MY,LU-->MY,LU-->MY,LU-->MY,LU-->MY,LU-->MY,LU-->MY,LU-->MY,LU-->MY,LU-->MY
MV,MDV,Maldives,Malé,Asia,Southern Asia,,MV-->LU,MV-->LU,MV-->LU,MV-->LU,MV-->LU,MV-->LU,MV-->LU,MV-->LU,MV-->LU,MV-->LU,MV-->LU,MV-->LU,MV-->LU,MV-->LU,MV-->LU,MV-->LU,MV-->LU,MV-->LU,MV-->LU,,,,,,,,,,,,,,,,,LU-->MV,LU-->MV,LU-->MV,LU-->MV,LU-->MV,LU-->MV,LU-->MV,LU-->MV,LU-->MV,LU-->MV,LU-->MV,LU-->MV,LU-->MV,LU-->MV,LU-->MV,LU-->MV,LU-->MV,LU-->MV,LU-->MV
ML,MLI,Mali,Bamako,Africa,Western Africa,,ML-->LU,ML-->LU,ML-->LU,ML-->LU,ML-->LU,ML-->LU,ML-->LU,ML-->LU,ML-->LU,ML-->LU,ML-->LU,ML-->LU,ML-->LU,ML-->LU,ML-->LU,ML-->LU,ML-->LU,ML-->LU,ML-->LU,,,,,,,,,,,,,,,,,LU-->ML,LU-->ML,LU-->ML,LU-->ML,LU-->ML,LU-->ML,LU-->ML,LU-->ML,LU-->ML,LU-->ML,LU-->ML,LU-->ML,LU-->ML,LU-->ML,LU-->ML,LU-->ML,LU-->ML,LU-->ML,LU-->ML
MT,MLT,Malta,Valletta,Europe,Southern Europe,,MT-->LU,MT-->LU,MT-->LU,MT-->LU,MT-->LU,MT-->LU,MT-->LU,MT-->LU,MT-->LU,MT-->LU,MT-->LU,MT-->LU,MT-->LU,MT-->LU,MT-->LU,MT-->LU,MT-->LU,MT-->LU,MT-->LU,,,,,,,,,,,,,,,,,LU-->MT,LU-->MT,LU-->MT,LU-->MT,LU-->MT,LU-->MT,LU-->MT,LU-->MT,LU-->MT,LU-->MT,LU-->MT,LU-->MT,LU-->MT,LU-->MT,LU-->MT,LU-->MT,LU-->MT,LU-->MT,LU-->MT
MH,MHL,Marshall Islands,Majuro,Oceania,Micronesia,,MH-->LU,MH-->LU,MH-->LU,MH-->LU,MH-->LU,MH-->LU,MH-->LU,MH-->LU,MH-->LU,MH-->LU,MH-->LU,MH-->LU,MH-->LU,MH-->LU,MH-->LU,MH-->LU,MH-->LU,MH-->LU,MH-->LU,,,,,,,,,,,,,,,,,LU-->MH,LU-->MH,LU-->MH,LU-->MH,LU-->MH,LU-->MH,LU-->MH,LU-->MH,LU-->MH,LU-->MH,LU-->MH,LU-->MH,LU-->MH,LU-->MH,LU-->MH,LU-->MH,LU-->MH,LU-->MH,LU-->MH
MQ,MTQ,Martinique,Fort-de-France,Americas,Caribbean,,MQ-->LU,MQ-->LU,MQ-->LU,MQ-->LU,MQ-->LU,MQ-->LU,MQ-->LU,MQ-->LU,MQ-->LU,MQ-->LU,MQ-->LU,MQ-->LU,MQ-->LU,MQ-->LU,MQ-->LU,MQ-->LU,MQ-->LU,MQ-->LU,MQ-->LU,,,,,,,,,,,,,,,,,LU-->MQ,LU-->MQ,LU-->MQ,LU-->MQ,LU-->MQ,LU-->MQ,LU-->MQ,LU-->MQ,LU-->MQ,LU-->MQ,LU-->MQ,LU-->MQ,LU-->MQ,LU-->MQ,LU-->MQ,LU-->MQ,LU-->MQ,LU-->MQ,LU-->MQ
MR,MRT,Mauritania,Nouakchott,Africa,Western Africa,,MR-->LU,MR-->LU,MR-->LU,MR-->LU,MR-->LU,MR-->LU,MR-->LU,MR-->LU,MR-->LU,MR-->LU,MR-->LU,MR-->LU,MR-->LU,MR-->LU,MR-->LU,MR-->LU,MR-->LU,MR-->LU,MR-->LU,0.0,,,,,,,,,,,,,,,,LU-->MR,LU-->MR,LU-->MR,LU-->MR,LU-->MR,LU-->MR,LU-->MR,LU-->MR,LU-->MR,LU-->MR,LU-->MR,LU-->MR,LU-->MR,LU-->MR,LU-->MR,LU-->MR,LU-->MR,LU-->MR,LU-->MR
MU,MUS,Mauritius,Port Louis,Africa,Eastern Africa,,MU-->LU,MU-->LU,MU-->LU,MU-->LU,MU-->LU,MU-->LU,MU-->LU,MU-->LU,MU-->LU,MU-->LU,MU-->LU,MU-->LU,MU-->LU,MU-->LU,MU-->LU,MU-->LU,MU-->LU,MU-->LU,MU-->LU,,,,,,,,,,,,,,,,,LU-->MU,LU-->MU,LU-->MU,LU-->MU,LU-->MU,LU-->MU,LU-->MU,LU-->MU,LU-->MU,LU-->MU,LU-->MU,LU-->MU,LU-->MU,LU-->MU,LU-->MU,LU-->MU,LU-->MU,LU-->MU,LU-->MU
YT,MYT,Mayotte,Mamoudzou,Africa,Eastern Africa,,YT-->LU,YT-->LU,YT-->LU,YT-->LU,YT-->LU,YT-->LU,YT-->LU,YT-->LU,YT-->LU,YT-->LU,YT-->LU,YT-->LU,YT-->LU,YT-->LU,YT-->LU,YT-->LU,YT-->LU,YT-->LU,YT-->LU,,,,,,,,,,,,,,,,,LU-->YT,LU-->YT,LU-->YT,LU-->YT,LU-->YT,LU-->YT,LU-->YT,LU-->YT,LU-->YT,LU-->YT,LU-->YT,LU-->YT,LU-->YT,LU-->YT,LU-->YT,LU-->YT,LU-->YT,LU-->YT,LU-->YT
MX,MEX,Mexico,Mexico City,Americas,Central America,,MX-->LU,MX-->LU,MX-->LU,MX-->LU,MX-->LU,MX-->LU,MX-->LU,MX-->LU,MX-->LU,MX-->LU,MX-->LU,MX-->LU,MX-->LU,MX-->LU,MX-->LU,MX-->LU,MX-->LU,MX-->LU,MX-->LU,,,,,,,,,,,,,,,,,LU-->MX,LU-->MX,LU-->MX,LU-->MX,LU-->MX,LU-->MX,LU-->MX,LU-->MX,LU-->MX,LU-->MX,LU-->MX,LU-->MX,LU-->MX,LU-->MX,LU-->MX,LU-->MX,LU-->MX,LU-->MX,LU-->MX
FM,FSM,Federated States of Micronesia,Palikir,Oceania,Micronesia,,FM-->LU,FM-->LU,FM-->LU,FM-->LU,FM-->LU,FM-->LU,FM-->LU,FM-->LU,FM-->LU,FM-->LU,FM-->LU,FM-->LU,FM-->LU,FM-->LU,FM-->LU,FM-->LU,FM-->LU,FM-->LU,FM-->LU,,,,,,,,,,,,,,,,,LU-->FM,LU-->FM,LU-->FM,LU-->FM,LU-->FM,LU-->FM,LU-->FM,LU-->FM,LU-->FM,LU-->FM,LU-->FM,LU-->FM,LU-->FM,LU-->FM,LU-->FM,LU-->FM,LU-->FM,LU-->FM,LU-->FM
MD,MDA,Moldova,Chișinău,Europe,Eastern Europe,,MD-->LU,MD-->LU,MD-->LU,MD-->LU,MD-->LU,MD-->LU,MD-->LU,MD-->LU,MD-->LU,MD-->LU,MD-->LU,MD-->LU,MD-->LU,MD-->LU,MD-->LU,MD-->LU,MD-->LU,MD-->LU,MD-->LU,,,,,,,,,,,,,,,,,LU-->MD,LU-->MD,LU-->MD,LU-->MD,LU-->MD,LU-->MD,LU-->MD,LU-->MD,LU-->MD,LU-->MD,LU-->MD,LU-->MD,LU-->MD,LU-->MD,LU-->MD,LU-->MD,LU-->MD,LU-->MD,LU-->MD
MC,MCO,Monaco,Monaco,Europe,Western Europe,,MC-->LU,MC-->LU,MC-->LU,MC-->LU,MC-->LU,MC-->LU,MC-->LU,MC-->LU,MC-->LU,MC-->LU,MC-->LU,MC-->LU,MC-->LU,MC-->LU,MC-->LU,MC-->LU,MC-->LU,MC-->LU,MC-->LU,,,,,,,,,,,,,,,,,LU-->MC,LU-->MC,LU-->MC,LU-->MC,LU-->MC,LU-->MC,LU-->MC,LU-->MC,LU-->MC,LU-->MC,LU-->MC,LU-->MC,LU-->MC,LU-->MC,LU-->MC,LU-->MC,LU-->MC,LU-->MC,LU-->MC
MN,MNG,Mongolia,Ulan Bator,Asia,Eastern Asia,,MN-->LU,MN-->LU,MN-->LU,MN-->LU,MN-->LU,MN-->LU,MN-->LU,MN-->LU,MN-->LU,MN-->LU,MN-->LU,MN-->LU,MN-->LU,MN-->LU,MN-->LU,MN-->LU,MN-->LU,MN-->LU,MN-->LU,,,,,,,,,,,,,,,,,LU-->MN,LU-->MN,LU-->MN,LU-->MN,LU-->MN,LU-->MN,LU-->MN,LU-->MN,LU-->MN,LU-->MN,LU-->MN,LU-->MN,LU-->MN,LU-->MN,LU-->MN,LU-->MN,LU-->MN,LU-->MN,LU-->MN
ME,MNE,Montenegro,Podgorica,Europe,Southern Europe,,ME-->LU,ME-->LU,ME-->LU,ME-->LU,ME-->LU,ME-->LU,ME-->LU,ME-->LU,ME-->LU,ME-->LU,ME-->LU,ME-->LU,ME-->LU,ME-->LU,ME-->LU,ME-->LU,ME-->LU,ME-->LU,ME-->LU,,,,,,,,,,,,,,,,,LU-->ME,LU-->ME,LU-->ME,LU-->ME,LU-->ME,LU-->ME,LU-->ME,LU-->ME,LU-->ME,LU-->ME,LU-->ME,LU-->ME,LU-->ME,LU-->ME,LU-->ME,LU-->ME,LU-->ME,LU-->ME,LU-->ME
MS,MSR,Montserrat,Plymouth,Americas,Caribbean,,MS-->LU,MS-->LU,MS-->LU,MS-->LU,MS-->LU,MS-->LU,MS-->LU,MS-->LU,MS-->LU,MS-->LU,MS-->LU,MS-->LU,MS-->LU,MS-->LU,MS-->LU,MS-->LU,MS-->LU,MS-->LU,MS-->LU,,,,,,,,,,,,,,,,,LU-->MS,LU-->MS,LU-->MS,LU-->MS,LU-->MS,LU-->MS,LU-->MS,LU-->MS,LU-->MS,LU-->MS,LU-->MS,LU-->MS,LU-->MS,LU-->MS,LU-->MS,LU-->MS,LU-->MS,LU-->MS,LU-->MS
MA,MAR,Morocco,Rabat,Africa,Northern Africa,,MA-->LU,MA-->LU,MA-->LU,MA-->LU,MA-->LU,MA-->LU,MA-->LU,MA-->LU,MA-->LU,MA-->LU,MA-->LU,MA-->LU,MA-->LU,MA-->LU,MA-->LU,MA-->LU,MA-->LU,MA-->LU,MA-->LU,,,,,,,,,,,,,,,,,LU-->MA,LU-->MA,LU-->MA,LU-->MA,LU-->MA,LU-->MA,LU-->MA,LU-->MA,LU-->MA,LU-->MA,LU-->MA,LU-->MA,LU-->MA,LU-->MA,LU-->MA,LU-->MA,LU-->MA,LU-->MA,LU-->MA
MZ,MOZ,Mozambique,Maputo,Africa,Eastern Africa,,MZ-->LU,MZ-->LU,MZ-->LU,MZ-->LU,MZ-->LU,MZ-->LU,MZ-->LU,MZ-->LU,MZ-->LU,MZ-->LU,MZ-->LU,MZ-->LU,MZ-->LU,MZ-->LU,MZ-->LU,MZ-->LU,MZ-->LU,MZ-->LU,MZ-->LU,,,,,,,,,,,,,,,,,LU-->MZ,LU-->MZ,LU-->MZ,LU-->MZ,LU-->MZ,LU-->MZ,LU-->MZ,LU-->MZ,LU-->MZ,LU-->MZ,LU-->MZ,LU-->MZ,LU-->MZ,LU-->MZ,LU-->MZ,LU-->MZ,LU-->MZ,LU-->MZ,LU-->MZ
MM,MMR,Myanmar,Naypyidaw,Asia,South-Eastern Asia,,MM-->LU,MM-->LU,MM-->LU,MM-->LU,MM-->LU,MM-->LU,MM-->LU,MM-->LU,MM-->LU,MM-->LU,MM-->LU,MM-->LU,MM-->LU,MM-->LU,MM-->LU,MM-->LU,MM-->LU,MM-->LU,MM-->LU,,,,,,,,,,,,,,,,,LU-->MM,LU-->MM,LU-->MM,LU-->MM,LU-->MM,LU-->MM,LU-->MM,LU-->MM,LU-->MM,LU-->MM,LU-->MM,LU-->MM,LU-->MM,LU-->MM,LU-->MM,LU-->MM,LU-->MM,LU-->MM,LU-->MM
,NAM,Namibia,Windhoek,Africa,Southern Africa,,NA-->LU,NA-->LU,NA-->LU,NA-->LU,NA-->LU,NA-->LU,NA-->LU,NA-->LU,NA-->LU,NA-->LU,NA-->LU,NA-->LU,NA-->LU,NA-->LU,NA-->LU,NA-->LU,NA-->LU,NA-->LU,NA-->LU,,,,,,,,,,,,,,,,,LU-->NA,LU-->NA,LU-->NA,LU-->NA,LU-->NA,LU-->NA,LU-->NA,LU-->NA,LU-->NA,LU-->NA,LU-->NA,LU-->NA,LU-->NA,LU-->NA,LU-->NA,LU-->NA,LU-->NA,LU-->NA,LU-->NA
NR,NRU,Nauru,Yaren,Oceania,Micronesia,,NR-->LU,NR-->LU,NR-->LU,NR-->LU,NR-->LU,NR-->LU,NR-->LU,NR-->LU,NR-->LU,NR-->LU,NR-->LU,NR-->LU,NR-->LU,NR-->LU,NR-->LU,NR-->LU,NR-->LU,NR-->LU,NR-->LU,,,,,,,,,,,,,,,,,LU-->NR,LU-->NR,LU-->NR,LU-->NR,LU-->NR,LU-->NR,LU-->NR,LU-->NR,LU-->NR,LU-->NR,LU-->NR,LU-->NR,LU-->NR,LU-->NR,LU-->NR,LU-->NR,LU-->NR,LU-->NR,LU-->NR
NP,NPL,Nepal,Kathmandu,Asia,Southern Asia,,NP-->LU,NP-->LU,NP-->LU,NP-->LU,NP-->LU,NP-->LU,NP-->LU,NP-->LU,NP-->LU,NP-->LU,NP-->LU,NP-->LU,NP-->LU,NP-->LU,NP-->LU,NP-->LU,NP-->LU,NP-->LU,NP-->LU,,,,,,,,,,,,,,,,,LU-->NP,LU-->NP,LU-->NP,LU-->NP,LU-->NP,LU-->NP,LU-->NP,LU-->NP,LU-->NP,LU-->NP,LU-->NP,LU-->NP,LU-->NP,LU-->NP,LU-->NP,LU-->NP,LU-->NP,LU-->NP,LU-->NP
NL,NLD,Netherlands,Amsterdam,Europe,Western Europe,,NL-->LU,NL-->LU,NL-->LU,NL-->LU,NL-->LU,NL-->LU,NL-->LU,NL-->LU,NL-->LU,NL-->LU,NL-->LU,NL-->LU,NL-->LU,NL-->LU,NL-->LU,NL-->LU,NL-->LU,NL-->LU,NL-->LU,,,,,,,,,,,,,,,,,LU-->NL,LU-->NL,LU-->NL,LU-->NL,LU-->NL,LU-->NL,LU-->NL,LU-->NL,LU-->NL,LU-->NL,LU-->NL,LU-->NL,LU-->NL,LU-->NL,LU-->NL,LU-->NL,LU-->NL,LU-->NL,LU-->NL
NC,NCL,New Caledonia,Nouméa,Oceania,Melanesia,,NC-->LU,NC-->LU,NC-->LU,NC-->LU,NC-->LU,NC-->LU,NC-->LU,NC-->LU,NC-->LU,NC-->LU,NC-->LU,NC-->LU,NC-->LU,NC-->LU,NC-->LU,NC-->LU,NC-->LU,NC-->LU,NC-->LU,,,,,,,,,,,,,,,,,LU-->NC,LU-->NC,LU-->NC,LU-->NC,LU-->NC,LU-->NC,LU-->NC,LU-->NC,LU-->NC,LU-->NC,LU-->NC,LU-->NC,LU-->NC,LU-->NC,LU-->NC,LU-->NC,LU-->NC,LU-->NC,LU-->NC
NZ,NZL,New Zealand,Wellington,Oceania,Australia and New Zealand,,NZ-->LU,NZ-->LU,NZ-->LU,NZ-->LU,NZ-->LU,NZ-->LU,NZ-->LU,NZ-->LU,NZ-->LU,NZ-->LU,NZ-->LU,NZ-->LU,NZ-->LU,NZ-->LU,NZ-->LU,NZ-->LU,NZ-->LU,NZ-->LU,NZ-->LU,,,,,,,,,,,,,,,,,LU-->NZ,LU-->NZ,LU-->NZ,LU-->NZ,LU-->NZ,LU-->NZ,LU-->NZ,LU-->NZ,LU-->NZ,LU-->NZ,LU-->NZ,LU-->NZ,LU-->NZ,LU-->NZ,LU-->NZ,LU-->NZ,LU-->NZ,LU-->NZ,LU-->NZ
NI,NIC,Nicaragua,Managua,Americas,Central America,,NI-->LU,NI-->LU,NI-->LU,NI-->LU,NI-->LU,NI-->LU,NI-->LU,NI-->LU,NI-->LU,NI-->LU,NI-->LU,NI-->LU,NI-->LU,NI-->LU,NI-->LU,NI-->LU,NI-->LU,NI-->LU,NI-->LU,,,,,,,,,,,,,,,,,LU-->NI,LU-->NI,LU-->NI,LU-->NI,LU-->NI,LU-->NI,LU-->NI,LU-->NI,LU-->NI,LU-->NI,LU-->NI,LU-->NI,LU-->NI,LU-->NI,LU-->NI,LU-->NI,LU-->NI,LU-->NI,LU-->NI
NE,NER,Niger,Niamey,Africa,Western Africa,,NE-->LU,NE-->LU,NE-->LU,NE-->LU,NE-->LU,NE-->LU,NE-->LU,NE-->LU,NE-->LU,NE-->LU,NE-->LU,NE-->LU,NE-->LU,NE-->LU,NE-->LU,NE-->LU,NE-->LU,NE-->LU,NE-->LU,,,,,,,,,,,,,,,,,LU-->NE,LU-->NE,LU-->NE,LU-->NE,LU-->NE,LU-->NE,LU-->NE,LU-->NE,LU-->NE,LU-->NE,LU-->NE,LU-->NE,LU-->NE,LU-->NE,LU-->NE,LU-->NE,LU-->NE,LU-->NE,LU-->NE
NG,NGA,Nigeria,Abuja,Africa,Western Africa,,NG-->LU,NG-->LU,NG-->LU,NG-->LU,NG-->LU,NG-->LU,NG-->LU,NG-->LU,NG-->LU,NG-->LU,NG-->LU,NG-->LU,NG-->LU,NG-->LU,NG-->LU,NG-->LU,NG-->LU,NG-->LU,NG-->LU,,,,,,,,,,,,,,,,,LU-->NG,LU-->NG,LU-->NG,LU-->NG,LU-->NG,LU-->NG,LU-->NG,LU-->NG,LU-->NG,LU-->NG,LU-->NG,LU-->NG,LU-->NG,LU-->NG,LU-->NG,LU-->NG,LU-->NG,LU-->NG,LU-->NG
NU,NIU,Niue,Alofi,Oceania,Polynesia,,NU-->LU,NU-->LU,NU-->LU,NU-->LU,NU-->LU,NU-->LU,NU-->LU,NU-->LU,NU-->LU,NU-->LU,NU-->LU,NU-->LU,NU-->LU,NU-->LU,NU-->LU,NU-->LU,NU-->LU,NU-->LU,NU-->LU,,,,,,,,,,,,,,,,,LU-->NU,LU-->NU,LU-->NU,LU-->NU,LU-->NU,LU-->NU,LU-->NU,LU-->NU,LU-->NU,LU-->NU,LU-->NU,LU-->NU,LU-->NU,LU-->NU,LU-->NU,LU-->NU,LU-->NU,LU-->NU,LU-->NU
NF,NFK,Norfolk Island,Kingston,Oceania,Australia and New Zealand,,NF-->LU,NF-->LU,NF-->LU,NF-->LU,NF-->LU,NF-->LU,NF-->LU,NF-->LU,NF-->LU,NF-->LU,NF-->LU,NF-->LU,NF-->LU,NF-->LU,NF-->LU,NF-->LU,NF-->LU,NF-->LU,NF-->LU,,,,,,,,,,,,,,,,,LU-->NF,LU-->NF,LU-->NF,LU-->NF,LU-->NF,LU-->NF,LU-->NF,LU-->NF,LU-->NF,LU-->NF,LU-->NF,LU-->NF,LU-->NF,LU-->NF,LU-->NF,LU-->NF,LU-->NF,LU-->NF,LU-->NF
KP,PRK,North Korea,Pyongyang,Asia,Eastern Asia,,KP-->LU,KP-->LU,KP-->LU,KP-->LU,KP-->LU,KP-->LU,KP-->LU,KP-->LU,KP-->LU,KP-->LU,KP-->LU,KP-->LU,KP-->LU,KP-->LU,KP-->LU,KP-->LU,KP-->LU,KP-->LU,KP-->LU,,,,,,,,,,,,,,,,,LU-->KP,LU-->KP,LU-->KP,LU-->KP,LU-->KP,LU-->KP,LU-->KP,LU-->KP,LU-->KP,LU-->KP,LU-->KP,LU-->KP,LU-->KP,LU-->KP,LU-->KP,LU-->KP,LU-->KP,LU-->KP,LU-->KP
MP,MNP,Northern Mariana Islands,Saipan,Oceania,Micronesia,,MP-->LU,MP-->LU,MP-->LU,MP-->LU,MP-->LU,MP-->LU,MP-->LU,MP-->LU,MP-->LU,MP-->LU,MP-->LU,MP-->LU,MP-->LU,MP-->LU,MP-->LU,MP-->LU,MP-->LU,MP-->LU,MP-->LU,,,,,,,,,,,,,,,,,LU-->MP,LU-->MP,LU-->MP,LU-->MP,LU-->MP,LU-->MP,LU-->MP,LU-->MP,LU-->MP,LU-->MP,LU-->MP,LU-->MP,LU-->MP,LU-->MP,LU-->MP,LU-->MP,LU-->MP,LU-->MP,LU-->MP
NO,NOR,Norway,Oslo,Europe,Northern Europe,,NO-->LU,NO-->LU,NO-->LU,NO-->LU,NO-->LU,NO-->LU,NO-->LU,NO-->LU,NO-->LU,NO-->LU,NO-->LU,NO-->LU,NO-->LU,NO-->LU,NO-->LU,NO-->LU,NO-->LU,NO-->LU,NO-->LU,,,,,,,,,,,,,,,,,LU-->NO,LU-->NO,LU-->NO,LU-->NO,LU-->NO,LU-->NO,LU-->NO,LU-->NO,LU-->NO,LU-->NO,LU-->NO,LU-->NO,LU-->NO,LU-->NO,LU-->NO,LU-->NO,LU-->NO,LU-->NO,LU-->NO
OM,OMN,Oman,Muscat,Asia,Western Asia,,OM-->LU,OM-->LU,OM-->LU,OM-->LU,OM-->LU,OM-->LU,OM-->LU,OM-->LU,OM-->LU,OM-->LU,OM-->LU,OM-->LU,OM-->LU,OM-->LU,OM-->LU,OM-->LU,OM-->LU,OM-->LU,OM-->LU,,,,,,,,,,,,,,,,,LU-->OM,LU-->OM,LU-->OM,LU-->OM,LU-->OM,LU-->OM,LU-->OM,LU-->OM,LU-->OM,LU-->OM,LU-->OM,LU-->OM,LU-->OM,LU-->OM,LU-->OM,LU-->OM,LU-->OM,LU-->OM,LU-->OM
PK,PAK,Pakistan,Islamabad,Asia,Southern Asia,,PK-->LU,PK-->LU,PK-->LU,PK-->LU,PK-->LU,PK-->LU,PK-->LU,PK-->LU,PK-->LU,PK-->LU,PK-->LU,PK-->LU,PK-->LU,PK-->LU,PK-->LU,PK-->LU,PK-->LU,PK-->LU,PK-->LU,,,,,,,,,,,,,,,,,LU-->PK,LU-->PK,LU-->PK,LU-->PK,LU-->PK,LU-->PK,LU-->PK,LU-->PK,LU-->PK,LU-->PK,LU-->PK,LU-->PK,LU-->PK,LU-->PK,LU-->PK,LU-->PK,LU-->PK,LU-->PK,LU-->PK
PW,PLW,Palau,Ngerulmud,Oceania,Micronesia,,PW-->LU,PW-->LU,PW-->LU,PW-->LU,PW-->LU,PW-->LU,PW-->LU,PW-->LU,PW-->LU,PW-->LU,PW-->LU,PW-->LU,PW-->LU,PW-->LU,PW-->LU,PW-->LU,PW-->LU,PW-->LU,PW-->LU,,,,,,,,,,,,,,,,,LU-->PW,LU-->PW,LU-->PW,LU-->PW,LU-->PW,LU-->PW,LU-->PW,LU-->PW,LU-->PW,LU-->PW,LU-->PW,LU-->PW,LU-->PW,LU-->PW,LU-->PW,LU-->PW,LU-->PW,LU-->PW,LU-->PW
PS,PSE,Palestine,Ramallah,Asia,Western Asia,,PS-->LU,PS-->LU,PS-->LU,PS-->LU,PS-->LU,PS-->LU,PS-->LU,PS-->LU,PS-->LU,PS-->LU,PS-->LU,PS-->LU,PS-->LU,PS-->LU,PS-->LU,PS-->LU,PS-->LU,PS-->LU,PS-->LU,,,,,,,,,,,,,,,,,LU-->PS,LU-->PS,LU-->PS,LU-->PS,LU-->PS,LU-->PS,LU-->PS,LU-->PS,LU-->PS,LU-->PS,LU-->PS,LU-->PS,LU-->PS,LU-->PS,LU-->PS,LU-->PS,LU-->PS,LU-->PS,LU-->PS
PA,PAN,Panama,Panama City,Americas,Central America,,PA-->LU,PA-->LU,PA-->LU,PA-->LU,PA-->LU,PA-->LU,PA-->LU,PA-->LU,PA-->LU,PA-->LU,PA-->LU,PA-->LU,PA-->LU,PA-->LU,PA-->LU,PA-->LU,PA-->LU,PA-->LU,PA-->LU,,,,,,,,,,,,,,,,,LU-->PA,LU-->PA,LU-->PA,LU-->PA,LU-->PA,LU-->PA,LU-->PA,LU-->PA,LU-->PA,LU-->PA,LU-->PA,LU-->PA,LU-->PA,LU-->PA,LU-->PA,LU-->PA,LU-->PA,LU-->PA,LU-->PA
PG,PNG,Papua New Guinea,Port Moresby,Oceania,Melanesia,,PG-->LU,PG-->LU,PG-->LU,PG-->LU,PG-->LU,PG-->LU,PG-->LU,PG-->LU,PG-->LU,PG-->LU,PG-->LU,PG-->LU,PG-->LU,PG-->LU,PG-->LU,PG-->LU,PG-->LU,PG-->LU,PG-->LU,,,,,,,,,,,,,,,,,LU-->PG,LU-->PG,LU-->PG,LU-->PG,LU-->PG,LU-->PG,LU-->PG,LU-->PG,LU-->PG,LU-->PG,LU-->PG,LU-->PG,LU-->PG,LU-->PG,LU-->PG,LU-->PG,LU-->PG,LU-->PG,LU-->PG
PY,PRY,Paraguay,Asunción,Americas,South America,,PY-->LU,PY-->LU,PY-->LU,PY-->LU,PY-->LU,PY-->LU,PY-->LU,PY-->LU,PY-->LU,PY-->LU,PY-->LU,PY-->LU,PY-->LU,PY-->LU,PY-->LU,PY-->LU,PY-->LU,PY-->LU,PY-->LU,,,,,,,,,,,,,,,,,LU-->PY,LU-->PY,LU-->PY,LU-->PY,LU-->PY,LU-->PY,LU-->PY,LU-->PY,LU-->PY,LU-->PY,LU-->PY,LU-->PY,LU-->PY,LU-->PY,LU-->PY,LU-->PY,LU-->PY,LU-->PY,LU-->PY
PE,PER,Peru,Lima,Americas,South America,,PE-->LU,PE-->LU,PE-->LU,PE-->LU,PE-->LU,PE-->LU,PE-->LU,PE-->LU,PE-->LU,PE-->LU,PE-->LU,PE-->LU,PE-->LU,PE-->LU,PE-->LU,PE-->LU,PE-->LU,PE-->LU,PE-->LU,,,,,,,,,,,,,,,,,LU-->PE,LU-->PE,LU-->PE,LU-->PE,LU-->PE,LU-->PE,LU-->PE,LU-->PE,LU-->PE,LU-->PE,LU-->PE,LU-->PE,LU-->PE,LU-->PE,LU-->PE,LU-->PE,LU-->PE,LU-->PE,LU-->PE
PH,PHL,Philippines,Manila,Asia,South-Eastern Asia,,PH-->LU,PH-->LU,PH-->LU,PH-->LU,PH-->LU,PH-->LU,PH-->LU,PH-->LU,PH-->LU,PH-->LU,PH-->LU,PH-->LU,PH-->LU,PH-->LU,PH-->LU,PH-->LU,PH-->LU,PH-->LU,PH-->LU,,,,,,,,,,,,,,,,,LU-->PH,LU-->PH,LU-->PH,LU-->PH,LU-->PH,LU-->PH,LU-->PH,LU-->PH,LU-->PH,LU-->PH,LU-->PH,LU-->PH,LU-->PH,LU-->PH,LU-->PH,LU-->PH,LU-->PH,LU-->PH,LU-->PH
PN,PCN,Pitcairn Islands,Adamstown,Oceania,Polynesia,,PN-->LU,PN-->LU,PN-->LU,PN-->LU,PN-->LU,PN-->LU,PN-->LU,PN-->LU,PN-->LU,PN-->LU,PN-->LU,PN-->LU,PN-->LU,PN-->LU,PN-->LU,PN-->LU,PN-->LU,PN-->LU,PN-->LU,,,,,,,,,,,,,,,,,LU-->PN,LU-->PN,LU-->PN,LU-->PN,LU-->PN,LU-->PN,LU-->PN,LU-->PN,LU-->PN,LU-->PN,LU-->PN,LU-->PN,LU-->PN,LU-->PN,LU-->PN,LU-->PN,LU-->PN,LU-->PN,LU-->PN
PL,POL,Poland,Warsaw,Europe,Eastern Europe,,PL-->LU,PL-->LU,PL-->LU,PL-->LU,PL-->LU,PL-->LU,PL-->LU,PL-->LU,PL-->LU,PL-->LU,PL-->LU,PL-->LU,PL-->LU,PL-->LU,PL-->LU,PL-->LU,PL-->LU,PL-->LU,PL-->LU,,,,,,,,,,,,,,,,,LU-->PL,LU-->PL,LU-->PL,LU-->PL,LU-->PL,LU-->PL,LU-->PL,LU-->PL,LU-->PL,LU-->PL,LU-->PL,LU-->PL,LU-->PL,LU-->PL,LU-->PL,LU-->PL,LU-->PL,LU-->PL,LU-->PL
PT,PRT,Portugal,Lisbon,Europe,Southern Europe,,PT-->LU,PT-->LU,PT-->LU,PT-->LU,PT-->LU,PT-->LU,PT-->LU,PT-->LU,PT-->LU,PT-->LU,PT-->LU,PT-->LU,PT-->LU,PT-->LU,PT-->LU,PT-->LU,PT-->LU,PT-->LU,PT-->LU,,,,,,,,,,,,,,,,,LU-->PT,LU-->PT,LU-->PT,LU-->PT,LU-->PT,LU-->PT,LU-->PT,LU-->PT,LU-->PT,LU-->PT,LU-->PT,LU-->PT,LU-->PT,LU-->PT,LU-->PT,LU-->PT,LU-->PT,LU-->PT,LU-->PT
PR,PRI,Puerto Rico,San Juan,Americas,Caribbean,,PR-->LU,PR-->LU,PR-->LU,PR-->LU,PR-->LU,PR-->LU,PR-->LU,PR-->LU,PR-->LU,PR-->LU,PR-->LU,PR-->LU,PR-->LU,PR-->LU,PR-->LU,PR-->LU,PR-->LU,PR-->LU,PR-->LU,,,,,,,,,,,,,,,,,LU-->PR,LU-->PR,LU-->PR,LU-->PR,LU-->PR,LU-->PR,LU-->PR,LU-->PR,LU-->PR,LU-->PR,LU-->PR,LU-->PR,LU-->PR,LU-->PR,LU-->PR,LU-->PR,LU-->PR,LU-->PR,LU-->PR
QA,QAT,Qatar,Doha,Asia,Western Asia,,QA-->LU,QA-->LU,QA-->LU,QA-->LU,QA-->LU,QA-->LU,QA-->LU,QA-->LU,QA-->LU,QA-->LU,QA-->LU,QA-->LU,QA-->LU,QA-->LU,QA-->LU,QA-->LU,QA-->LU,QA-->LU,QA-->LU,,,,,,,,,,,,,,,,,LU-->QA,LU-->QA,LU-->QA,LU-->QA,LU-->QA,LU-->QA,LU-->QA,LU-->QA,LU-->QA,LU-->QA,LU-->QA,LU-->QA,LU-->QA,LU-->QA,LU-->QA,LU-->QA,LU-->QA,LU-->QA,LU-->QA
XK,KOS,Republic of Kosovo,Pristina,Europe,Eastern Europe,,XK-->LU,XK-->LU,XK-->LU,XK-->LU,XK-->LU,XK-->LU,XK-->LU,XK-->LU,XK-->LU,XK-->LU,XK-->LU,XK-->LU,XK-->LU,XK-->LU,XK-->LU,XK-->LU,XK-->LU,XK-->LU,XK-->LU,,,,,,,,,,,,,,,,,LU-->XK,LU-->XK,LU-->XK,LU-->XK,LU-->XK,LU-->XK,LU-->XK,LU-->XK,LU-->XK,LU-->XK,LU-->XK,LU-->XK,LU-->XK,LU-->XK,LU-->XK,LU-->XK,LU-->XK,LU-->XK,LU-->XK
RE,REU,Réunion,Saint-Denis,Africa,Eastern Africa,,RE-->LU,RE-->LU,RE-->LU,RE-->LU,RE-->LU,RE-->LU,RE-->LU,RE-->LU,RE-->LU,RE-->LU,RE-->LU,RE-->LU,RE-->LU,RE-->LU,RE-->LU,RE-->LU,RE-->LU,RE-->LU,RE-->LU,,,,,,,,,,,,,,,,,LU-->RE,LU-->RE,LU-->RE,LU-->RE,LU-->RE,LU-->RE,LU-->RE,LU-->RE,LU-->RE,LU-->RE,LU-->RE,LU-->RE,LU-->RE,LU-->RE,LU-->RE,LU-->RE,LU-->RE,LU-->RE,LU-->RE
RO,ROU,Romania,Bucharest,Europe,Eastern Europe,,RO-->LU,RO-->LU,RO-->LU,RO-->LU,RO-->LU,RO-->LU,RO-->LU,RO-->LU,RO-->LU,RO-->LU,RO-->LU,RO-->LU,RO-->LU,RO-->LU,RO-->LU,RO-->LU,RO-->LU,RO-->LU,RO-->LU,,,,,,,,,,,,,,,,,LU-->RO,LU-->RO,LU-->RO,LU-->RO,LU-->RO,LU-->RO,LU-->RO,LU-->RO,LU-->RO,LU-->RO,LU-->RO,LU-->RO,LU-->RO,LU-->RO,LU-->RO,LU-->RO,LU-->RO,LU-->RO,LU-->RO
RU,RUS,Russia,Moscow,Europe,Eastern Europe,,RU-->LU,RU-->LU,RU-->LU,RU-->LU,RU-->LU,RU-->LU,RU-->LU,RU-->LU,RU-->LU,RU-->LU,RU-->LU,RU-->LU,RU-->LU,RU-->LU,RU-->LU,RU-->LU,RU-->LU,RU-->LU,RU-->LU,,,,,,,,,,,,,,,,,LU-->RU,LU-->RU,LU-->RU,LU-->RU,LU-->RU,LU-->RU,LU-->RU,LU-->RU,LU-->RU,LU-->RU,LU-->RU,LU-->RU,LU-->RU,LU-->RU,LU-->RU,LU-->RU,LU-->RU,LU-->RU,LU-->RU
RW,RWA,Rwanda,Kigali,Africa,Eastern Africa,,RW-->LU,RW-->LU,RW-->LU,RW-->LU,RW-->LU,RW-->LU,RW-->LU,RW-->LU,RW-->LU,RW-->LU,RW-->LU,RW-->LU,RW-->LU,RW-->LU,RW-->LU,RW-->LU,RW-->LU,RW-->LU,RW-->LU,,,,,,,,,,,,,,,,,LU-->RW,LU-->RW,LU-->RW,LU-->RW,LU-->RW,LU-->RW,LU-->RW,LU-->RW,LU-->RW,LU-->RW,LU-->RW,LU-->RW,LU-->RW,LU-->RW,LU-->RW,LU-->RW,LU-->RW,LU-->RW,LU-->RW
BL,BLM,Saint Barthélemy,Gustavia,Americas,Caribbean,,BL-->LU,BL-->LU,BL-->LU,BL-->LU,BL-->LU,BL-->LU,BL-->LU,BL-->LU,BL-->LU,BL-->LU,BL-->LU,BL-->LU,BL-->LU,BL-->LU,BL-->LU,BL-->LU,BL-->LU,BL-->LU,BL-->LU,,,,,,,,,,,,,,,,,LU-->BL,LU-->BL,LU-->BL,LU-->BL,LU-->BL,LU-->BL,LU-->BL,LU-->BL,LU-->BL,LU-->BL,LU-->BL,LU-->BL,LU-->BL,LU-->BL,LU-->BL,LU-->BL,LU-->BL,LU-->BL,LU-->BL
SH,SHN,Saint Helena,Jamestown,Africa,Western Africa,,SH-->LU,SH-->LU,SH-->LU,SH-->LU,SH-->LU,SH-->LU,SH-->LU,SH-->LU,SH-->LU,SH-->LU,SH-->LU,SH-->LU,SH-->LU,SH-->LU,SH-->LU,SH-->LU,SH-->LU,SH-->LU,SH-->LU,,,,,,,,,,,,,,,,,LU-->SH,LU-->SH,LU-->SH,LU-->SH,LU-->SH,LU-->SH,LU-->SH,LU-->SH,LU-->SH,LU-->SH,LU-->SH,LU-->SH,LU-->SH,LU-->SH,LU-->SH,LU-->SH,LU-->SH,LU-->SH,LU-->SH
KN,KNA,Saint Kitts and Nevis,Basseterre,Americas,Caribbean,,KN-->LU,KN-->LU,KN-->LU,KN-->LU,KN-->LU,KN-->LU,KN-->LU,KN-->LU,KN-->LU,KN-->LU,KN-->LU,KN-->LU,KN-->LU,KN-->LU,KN-->LU,KN-->LU,KN-->LU,KN-->LU,KN-->LU,,,,,,,,,,,,,,,,,LU-->KN,LU-->KN,LU-->KN,LU-->KN,LU-->KN,LU-->KN,LU-->KN,LU-->KN,LU-->KN,LU-->KN,LU-->KN,LU-->KN,LU-->KN,LU-->KN,LU-->KN,LU-->KN,LU-->KN,LU-->KN,LU-->KN
LC,LCA,Saint Lucia,Castries,Americas,Caribbean,,LC-->LU,LC-->LU,LC-->LU,LC-->LU,LC-->LU,LC-->LU,LC-->LU,LC-->LU,LC-->LU,LC-->LU,LC-->LU,LC-->LU,LC-->LU,LC-->LU,LC-->LU,LC-->LU,LC-->LU,LC-->LU,LC-->LU,,,,,,,,,,,,,,,,,LU-->LC,LU-->LC,LU-->LC,LU-->LC,LU-->LC,LU-->LC,LU-->LC,LU-->LC,LU-->LC,LU-->LC,LU-->LC,LU-->LC,LU-->LC,LU-->LC,LU-->LC,LU-->LC,LU-->LC,LU-->LC,LU-->LC
MF,MAF,Saint Martin,Marigot,Americas,Caribbean,,MF-->LU,MF-->LU,MF-->LU,MF-->LU,MF-->LU,MF-->LU,MF-->LU,MF-->LU,MF-->LU,MF-->LU,MF-->LU,MF-->LU,MF-->LU,MF-->LU,MF-->LU,MF-->LU,MF-->LU,MF-->LU,MF-->LU,,,,,,,,,,,,,,,,,LU-->MF,LU-->MF,LU-->MF,LU-->MF,LU-->MF,LU-->MF,LU-->MF,LU-->MF,LU-->MF,LU-->MF,LU-->MF,LU-->MF,LU-->MF,LU-->MF,LU-->MF,LU-->MF,LU-->MF,LU-->MF,LU-->MF
PM,SPM,Saint Pierre and Miquelon,Saint-Pierre,Americas,Northern America,,PM-->LU,PM-->LU,PM-->LU,PM-->LU,PM-->LU,PM-->LU,PM-->LU,PM-->LU,PM-->LU,PM-->LU,PM-->LU,PM-->LU,PM-->LU,PM-->LU,PM-->LU,PM-->LU,PM-->LU,PM-->LU,PM-->LU,,,,,,,,,,,,,,,,,LU-->PM,LU-->PM,LU-->PM,LU-->PM,LU-->PM,LU-->PM,LU-->PM,LU-->PM,LU-->PM,LU-->PM,LU-->PM,LU-->PM,LU-->PM,LU-->PM,LU-->PM,LU-->PM,LU-->PM,LU-->PM,LU-->PM
VC,VCT,Saint Vincent and the Grenadines,Kingstown,Americas,Caribbean,,VC-->LU,VC-->LU,VC-->LU,VC-->LU,VC-->LU,VC-->LU,VC-->LU,VC-->LU,VC-->LU,VC-->LU,VC-->LU,VC-->LU,VC-->LU,VC-->LU,VC-->LU,VC-->LU,VC-->LU,VC-->LU,VC-->LU,,,,,,,,,,,,,,,,,LU-->VC,LU-->VC,LU-->VC,LU-->VC,LU-->VC,LU-->VC,LU-->VC,LU-->VC,LU-->VC,LU-->VC,LU-->VC,LU-->VC,LU-->VC,LU-->VC,LU-->VC,LU-->VC,LU-->VC,LU-->VC,LU-->VC
WS,WSM,Samoa,Apia,Oceania,Polynesia,,WS-->LU,WS-->LU,WS-->LU,WS-->LU,WS-->LU,WS-->LU,WS-->LU,WS-->LU,WS-->LU,WS-->LU,WS-->LU,WS-->LU,WS-->LU,WS-->LU,WS-->LU,WS-->LU,WS-->LU,WS-->LU,WS-->LU,,,,,,,,,,,,,,,,,LU-->WS,LU-->WS,LU-->WS,LU-->WS,LU-->WS,LU-->WS,LU-->WS,LU-->WS,LU-->WS,LU-->WS,LU-->WS,LU-->WS,LU-->WS,LU-->WS,LU-->WS,LU-->WS,LU-->WS,LU-->WS,LU-->WS
SM,SMR,San Marino,City of San Marino,Europe,Southern Europe,,SM-->LU,SM-->LU,SM-->LU,SM-->LU,SM-->LU,SM-->LU,SM-->LU,SM-->LU,SM-->LU,SM-->LU,SM-->LU,SM-->LU,SM-->LU,SM-->LU,SM-->LU,SM-->LU,SM-->LU,SM-->LU,SM-->LU,,,,,,,,,,,,,,,,,LU-->SM,LU-->SM,LU-->SM,LU-->SM,LU-->SM,LU-->SM,LU-->SM,LU-->SM,LU-->SM,LU-->SM,LU-->SM,LU-->SM,LU-->SM,LU-->SM,LU-->SM,LU-->SM,LU-->SM,LU-->SM,LU-->SM
ST,STP,São Tomé and Príncipe,São Tomé,Africa,Middle Africa,,ST-->LU,ST-->LU,ST-->LU,ST-->LU,ST-->LU,ST-->LU,ST-->LU,ST-->LU,ST-->LU,ST-->LU,ST-->LU,ST-->LU,ST-->LU,ST-->LU,ST-->LU,ST-->LU,ST-->LU,ST-->LU,ST-->LU,,,,,,,,,,,,,,,,,LU-->ST,LU-->ST,LU-->ST,LU-->ST,LU-->ST,LU-->ST,LU-->ST,LU-->ST,LU-->ST,LU-->ST,LU-->ST,LU-->ST,LU-->ST,LU-->ST,LU-->ST,LU-->ST,LU-->ST,LU-->ST,LU-->ST
SA,SAU,Saudi Arabia,Riyadh,Asia,Western Asia,,SA-->LU,SA-->LU,SA-->LU,SA-->LU,SA-->LU,SA-->LU,SA-->LU,SA-->LU,SA-->LU,SA-->LU,SA-->LU,SA-->LU,SA-->LU,SA-->LU,SA-->LU,SA-->LU,SA-->LU,SA-->LU,SA-->LU,,,,,,,,,,,,,,,,,LU-->SA,LU-->SA,LU-->SA,LU-->SA,LU-->SA,LU-->SA,LU-->SA,LU-->SA,LU-->SA,LU-->SA,LU-->SA,LU-->SA,LU-->SA,LU-->SA,LU-->SA,LU-->SA,LU-->SA,LU-->SA,LU-->SA
SN,SEN,Senegal,Dakar,Africa,Western Africa,,SN-->LU,SN-->LU,SN-->LU,SN-->LU,SN-->LU,SN-->LU,SN-->LU,SN-->LU,SN-->LU,SN-->LU,SN-->LU,SN-->LU,SN-->LU,SN-->LU,SN-->LU,SN-->LU,SN-->LU,SN-->LU,SN-->LU,,,,,,,,,,,,,,,,,LU-->SN,LU-->SN,LU-->SN,LU-->SN,LU-->SN,LU-->SN,LU-->SN,LU-->SN,LU-->SN,LU-->SN,LU-->SN,LU-->SN,LU-->SN,LU-->SN,LU-->SN,LU-->SN,LU-->SN,LU-->SN,LU-->SN
RS,SRB,Serbia,Belgrade,Europe,Southern Europe,,RS-->LU,RS-->LU,RS-->LU,RS-->LU,RS-->LU,RS-->LU,RS-->LU,RS-->LU,RS-->LU,RS-->LU,RS-->LU,RS-->LU,RS-->LU,RS-->LU,RS-->LU,RS-->LU,RS-->LU,RS-->LU,RS-->LU,,,,,,,,,,,,,,,,,LU-->RS,LU-->RS,LU-->RS,LU-->RS,LU-->RS,LU-->RS,LU-->RS,LU-->RS,LU-->RS,LU-->RS,LU-->RS,LU-->RS,LU-->RS,LU-->RS,LU-->RS,LU-->RS,LU-->RS,LU-->RS,LU-->RS
SC,SYC,Seychelles,Victoria,Africa,Eastern Africa,,SC-->LU,SC-->LU,SC-->LU,SC-->LU,SC-->LU,SC-->LU,SC-->LU,SC-->LU,SC-->LU,SC-->LU,SC-->LU,SC-->LU,SC-->LU,SC-->LU,SC-->LU,SC-->LU,SC-->LU,SC-->LU,SC-->LU,,,,,,,,,,,,,,,,,LU-->SC,LU-->SC,LU-->SC,LU-->SC,LU-->SC,LU-->SC,LU-->SC,LU-->SC,LU-->SC,LU-->SC,LU-->SC,LU-->SC,LU-->SC,LU-->SC,LU-->SC,LU-->SC,LU-->SC,LU-->SC,LU-->SC
SL,SLE,Sierra Leone,Freetown,Africa,Western Africa,,SL-->LU,SL-->LU,SL-->LU,SL-->LU,SL-->LU,SL-->LU,SL-->LU,SL-->LU,SL-->LU,SL-->LU,SL-->LU,SL-->LU,SL-->LU,SL-->LU,SL-->LU,SL-->LU,SL-->LU,SL-->LU,SL-->LU,,,,,,,,,,,,,,,,,LU-->SL,LU-->SL,LU-->SL,LU-->SL,LU-->SL,LU-->SL,LU-->SL,LU-->SL,LU-->SL,LU-->SL,LU-->SL,LU-->SL,LU-->SL,LU-->SL,LU-->SL,LU-->SL,LU-->SL,LU-->SL,LU-->SL
SG,SGP,Singapore,Singapore,Asia,South-Eastern Asia,,SG-->LU,SG-->LU,SG-->LU,SG-->LU,SG-->LU,SG-->LU,SG-->LU,SG-->LU,SG-->LU,SG-->LU,SG-->LU,SG-->LU,SG-->LU,SG-->LU,SG-->LU,SG-->LU,SG-->LU,SG-->LU,SG-->LU,,,,,,,,,,,,,,,,,LU-->SG,LU-->SG,LU-->SG,LU-->SG,LU-->SG,LU-->SG,LU-->SG,LU-->SG,LU-->SG,LU-->SG,LU-->SG,LU-->SG,LU-->SG,LU-->SG,LU-->SG,LU-->SG,LU-->SG,LU-->SG,LU-->SG
SX,SXM,Sint Maarten,Philipsburg,Americas,Caribbean,,SX-->LU,SX-->LU,SX-->LU,SX-->LU,SX-->LU,SX-->LU,SX-->LU,SX-->LU,SX-->LU,SX-->LU,SX-->LU,SX-->LU,SX-->LU,SX-->LU,SX-->LU,SX-->LU,SX-->LU,SX-->LU,SX-->LU,,,,,,,,,,,,,,,,,LU-->SX,LU-->SX,LU-->SX,LU-->SX,LU-->SX,LU-->SX,LU-->SX,LU-->SX,LU-->SX,LU-->SX,LU-->SX,LU-->SX,LU-->SX,LU-->SX,LU-->SX,LU-->SX,LU-->SX,LU-->SX,LU-->SX
SK,SVK,Slovakia,Bratislava,Europe,Eastern Europe,,SK-->LU,SK-->LU,SK-->LU,SK-->LU,SK-->LU,SK-->LU,SK-->LU,SK-->LU,SK-->LU,SK-->LU,SK-->LU,SK-->LU,SK-->LU,SK-->LU,SK-->LU,SK-->LU,SK-->LU,SK-->LU,SK-->LU,,,,,,,,,,,,,,,,,LU-->SK,LU-->SK,LU-->SK,LU-->SK,LU-->SK,LU-->SK,LU-->SK,LU-->SK,LU-->SK,LU-->SK,LU-->SK,LU-->SK,LU-->SK,LU-->SK,LU-->SK,LU-->SK,LU-->SK,LU-->SK,LU-->SK
SI,SVN,Slovenia,Ljubljana,Europe,Southern Europe,,SI-->LU,SI-->LU,SI-->LU,SI-->LU,SI-->LU,SI-->LU,SI-->LU,SI-->LU,SI-->LU,SI-->LU,SI-->LU,SI-->LU,SI-->LU,SI-->LU,SI-->LU,SI-->LU,SI-->LU,SI-->LU,SI-->LU,,,,,,,,,,,,,,,,,LU-->SI,LU-->SI,LU-->SI,LU-->SI,LU-->SI,LU-->SI,LU-->SI,LU-->SI,LU-->SI,LU-->SI,LU-->SI,LU-->SI,LU-->SI,LU-->SI,LU-->SI,LU-->SI,LU-->SI,LU-->SI,LU-->SI
SB,SLB,Solomon Islands,Honiara,Oceania,Melanesia,,SB-->LU,SB-->LU,SB-->LU,SB-->LU,SB-->LU,SB-->LU,SB-->LU,SB-->LU,SB-->LU,SB-->LU,SB-->LU,SB-->LU,SB-->LU,SB-->LU,SB-->LU,SB-->LU,SB-->LU,SB-->LU,SB-->LU,,,,,,,,,,,,,,,,,LU-->SB,LU-->SB,LU-->SB,LU-->SB,LU-->SB,LU-->SB,LU-->SB,LU-->SB,LU-->SB,LU-->SB,LU-->SB,LU-->SB,LU-->SB,LU-->SB,LU-->SB,LU-->SB,LU-->SB,LU-->SB,LU-->SB
SO,SOM,Somalia,Mogadishu,Africa,Eastern Africa,,SO-->LU,SO-->LU,SO-->LU,SO-->LU,SO-->LU,SO-->LU,SO-->LU,SO-->LU,SO-->LU,SO-->LU,SO-->LU,SO-->LU,SO-->LU,SO-->LU,SO-->LU,SO-->LU,SO-->LU,SO-->LU,SO-->LU,,,,,,,,,,,,,,,,,LU-->SO,LU-->SO,LU-->SO,LU-->SO,LU-->SO,LU-->SO,LU-->SO,LU-->SO,LU-->SO,LU-->SO,LU-->SO,LU-->SO,LU-->SO,LU-->SO,LU-->SO,LU-->SO,LU-->SO,LU-->SO,LU-->SO
ZA,ZAF,South Africa,Pretoria,Africa,Southern Africa,,ZA-->LU,ZA-->LU,ZA-->LU,ZA-->LU,ZA-->LU,ZA-->LU,ZA-->LU,ZA-->LU,ZA-->LU,ZA-->LU,ZA-->LU,ZA-->LU,ZA-->LU,ZA-->LU,ZA-->LU,ZA-->LU,ZA-->LU,ZA-->LU,ZA-->LU,,,,,,,,,,,,,,,,,LU-->ZA,LU-->ZA,LU-->ZA,LU-->ZA,LU-->ZA,LU-->ZA,LU-->ZA,LU-->ZA,LU-->ZA,LU-->ZA,LU-->ZA,LU-->ZA,LU-->ZA,LU-->ZA,LU-->ZA,LU-->ZA,LU-->ZA,LU-->ZA,LU-->ZA
GS,SGS,South Georgia,King Edward Point,Americas,South America,,GS-->LU,GS-->LU,GS-->LU,GS-->LU,GS-->LU,GS-->LU,GS-->LU,GS-->LU,GS-->LU,GS-->LU,GS-->LU,GS-->LU,GS-->LU,GS-->LU,GS-->LU,GS-->LU,GS-->LU,GS-->LU,GS-->LU,,,,,,,,,,,,,,,,,LU-->GS,LU-->GS,LU-->GS,LU-->GS,LU-->GS,LU-->GS,LU-->GS,LU-->GS,LU-->GS,LU-->GS,LU-->GS,LU-->GS,LU-->GS,LU-->GS,LU-->GS,LU-->GS,LU-->GS,LU-->GS,LU-->GS
KR,KOR,South Korea,Seoul,Asia,Eastern Asia,,KR-->LU,KR-->LU,KR-->LU,KR-->LU,KR-->LU,KR-->LU,KR-->LU,KR-->LU,KR-->LU,KR-->LU,KR-->LU,KR-->LU,KR-->LU,KR-->LU,KR-->LU,KR-->LU,KR-->LU,KR-->LU,KR-->LU,,,,,,,,,,,,,,,,,LU-->KR,LU-->KR,LU-->KR,LU-->KR,LU-->KR,LU-->KR,LU-->KR,LU-->KR,LU-->KR,LU-->KR,LU-->KR,LU-->KR,LU-->KR,LU-->KR,LU-->KR,LU-->KR,LU-->KR,LU-->KR,LU-->KR
SS,SSD,South Sudan,Juba,Africa,Middle Africa,,SS-->LU,SS-->LU,SS-->LU,SS-->LU,SS-->LU,SS-->LU,SS-->LU,SS-->LU,SS-->LU,SS-->LU,SS-->LU,SS-->LU,SS-->LU,SS-->LU,SS-->LU,SS-->LU,SS-->LU,SS-->LU,SS-->LU,,,,,,,,,,,,,,,,,LU-->SS,LU-->SS,LU-->SS,LU-->SS,LU-->SS,LU-->SS,LU-->SS,LU-->SS,LU-->SS,LU-->SS,LU-->SS,LU-->SS,LU-->SS,LU-->SS,LU-->SS,LU-->SS,LU-->SS,LU-->SS,LU-->SS
ES,ESP,Spain,Madrid,Europe,Southern Europe,,ES-->LU,ES-->LU,ES-->LU,ES-->LU,ES-->LU,ES-->LU,ES-->LU,ES-->LU,ES-->LU,ES-->LU,ES-->LU,ES-->LU,ES-->LU,ES-->LU,ES-->LU,ES-->LU,ES-->LU,ES-->LU,ES-->LU,,,,,,,,,,,,,,,,,LU-->ES,LU-->ES,LU-->ES,LU-->ES,LU-->ES,LU-->ES,LU-->ES,LU-->ES,LU-->ES,LU-->ES,LU-->ES,LU-->ES,LU-->ES,LU-->ES,LU-->ES,LU-->ES,LU-->ES,LU-->ES,LU-->ES
LK,LKA,Sri Lanka,Colombo,Asia,Southern Asia,,LK-->LU,LK-->LU,LK-->LU,LK-->LU,LK-->LU,LK-->LU,LK-->LU,LK-->LU,LK-->LU,LK-->LU,LK-->LU,LK-->LU,LK-->LU,LK-->LU,LK-->LU,LK-->LU,LK-->LU,LK-->LU,LK-->LU,,,,,,,,,,,,,,,,,LU-->LK,LU-->LK,LU-->LK,LU-->LK,LU-->LK,LU-->LK,LU-->LK,LU-->LK,LU-->LK,LU-->LK,LU-->LK,LU-->LK,LU-->LK,LU-->LK,LU-->LK,LU-->LK,LU-->LK,LU-->LK,LU-->LK
SD,SDN,Sudan,Khartoum,Africa,Northern Africa,,SD-->LU,SD-->LU,SD-->LU,SD-->LU,SD-->LU,SD-->LU,SD-->LU,SD-->LU,SD-->LU,SD-->LU,SD-->LU,SD-->LU,SD-->LU,SD-->LU,SD-->LU,SD-->LU,SD-->LU,SD-->LU,SD-->LU,,,,,,,,,,,,,,,,,LU-->SD,LU-->SD,LU-->SD,LU-->SD,LU-->SD,LU-->SD,LU-->SD,LU-->SD,LU-->SD,LU-->SD,LU-->SD,LU-->SD,LU-->SD,LU-->SD,LU-->SD,LU-->SD,LU-->SD,LU-->SD,LU-->SD
SR,SUR,Suriname,Paramaribo,Americas,South America,,SR-->LU,SR-->LU,SR-->LU,SR-->LU,SR-->LU,SR-->LU,SR-->LU,SR-->LU,SR-->LU,SR-->LU,SR-->LU,SR-->LU,SR-->LU,SR-->LU,SR-->LU,SR-->LU,SR-->LU,SR-->LU,SR-->LU,,,,,,,,,,,,,,,,,LU-->SR,LU-->SR,LU-->SR,LU-->SR,LU-->SR,LU-->SR,LU-->SR,LU-->SR,LU-->SR,LU-->SR,LU-->SR,LU-->SR,LU-->SR,LU-->SR,LU-->SR,LU-->SR,LU-->SR,LU-->SR,LU-->SR
SJ,SJM,Svalbard and Jan Mayen,Longyearbyen,Europe,Northern Europe,,SJ-->LU,SJ-->LU,SJ-->LU,SJ-->LU,SJ-->LU,SJ-->LU,SJ-->LU,SJ-->LU,SJ-->LU,SJ-->LU,SJ-->LU,SJ-->LU,SJ-->LU,SJ-->LU,SJ-->LU,SJ-->LU,SJ-->LU,SJ-->LU,SJ-->LU,,,,,,,,,,,,,,,,,LU-->SJ,LU-->SJ,LU-->SJ,LU-->SJ,LU-->SJ,LU-->SJ,LU-->SJ,LU-->SJ,LU-->SJ,LU-->SJ,LU-->SJ,LU-->SJ,LU-->SJ,LU-->SJ,LU-->SJ,LU-->SJ,LU-->SJ,LU-->SJ,LU-->SJ
SZ,SWZ,Swaziland,Lobamba,Africa,Southern Africa,,SZ-->LU,SZ-->LU,SZ-->LU,SZ-->LU,SZ-->LU,SZ-->LU,SZ-->LU,SZ-->LU,SZ-->LU,SZ-->LU,SZ-->LU,SZ-->LU,SZ-->LU,SZ-->LU,SZ-->LU,SZ-->LU,SZ-->LU,SZ-->LU,SZ-->LU,,,,,,,,,,,,,,,,,LU-->SZ,LU-->SZ,LU-->SZ,LU-->SZ,LU-->SZ,LU-->SZ,LU-->SZ,LU-->SZ,LU-->SZ,LU-->SZ,LU-->SZ,LU-->SZ,LU-->SZ,LU-->SZ,LU-->SZ,LU-->SZ,LU-->SZ,LU-->SZ,LU-->SZ
SE,SWE,Sweden,Stockholm,Europe,Northern Europe,,SE-->LU,SE-->LU,SE-->LU,SE-->LU,SE-->LU,SE-->LU,SE-->LU,SE-->LU,SE-->LU,SE-->LU,SE-->LU,SE-->LU,SE-->LU,SE-->LU,SE-->LU,SE-->LU,SE-->LU,SE-->LU,SE-->LU,,,,,,,,,,,,,,,,,LU-->SE,LU-->SE,LU-->SE,LU-->SE,LU-->SE,LU-->SE,LU-->SE,LU-->SE,LU-->SE,LU-->SE,LU-->SE,LU-->SE,LU-->SE,LU-->SE,LU-->SE,LU-->SE,LU-->SE,LU-->SE,LU-->SE
CH,CHE,Switzerland,Bern,Europe,Western Europe,,CH-->LU,CH-->LU,CH-->LU,CH-->LU,CH-->LU,CH-->LU,CH-->LU,CH-->LU,CH-->LU,CH-->LU,CH-->LU,CH-->LU,CH-->LU,CH-->LU,CH-->LU,CH-->LU,CH-->LU,CH-->LU,CH-->LU,,,,,,,,,,,,,,,,,LU-->CH,LU-->CH,LU-->CH,LU-->CH,LU-->CH,LU-->CH,LU-->CH,LU-->CH,LU-->CH,LU-->CH,LU-->CH,LU-->CH,LU-->CH,LU-->CH,LU-->CH,LU-->CH,LU-->CH,LU-->CH,LU-->CH
SY,SYR,Syria,Damascus,Asia,Western Asia,,SY-->LU,SY-->LU,SY-->LU,SY-->LU,SY-->LU,SY-->LU,SY-->LU,SY-->LU,SY-->LU,SY-->LU,SY-->LU,SY-->LU,SY-->LU,SY-->LU,SY-->LU,SY-->LU,SY-->LU,SY-->LU,SY-->LU,,,,,,,,,,,,,,,,,LU-->SY,LU-->SY,LU-->SY,LU-->SY,LU-->SY,LU-->SY,LU-->SY,LU-->SY,LU-->SY,LU-->SY,LU-->SY,LU-->SY,LU-->SY,LU-->SY,LU-->SY,LU-->SY,LU-->SY,LU-->SY,LU-->SY
TW,TWN,Taiwan,Taipei,Asia,Eastern Asia,,TW-->LU,TW-->LU,TW-->LU,TW-->LU,TW-->LU,TW-->LU,TW-->LU,TW-->LU,TW-->LU,TW-->LU,TW-->LU,TW-->LU,TW-->LU,TW-->LU,TW-->LU,TW-->LU,TW-->LU,TW-->LU,TW-->LU,,,,,,,,,,,,,,,,,LU-->TW,LU-->TW,LU-->TW,LU-->TW,LU-->TW,LU-->TW,LU-->TW,LU-->TW,LU-->TW,LU-->TW,LU-->TW,LU-->TW,LU-->TW,LU-->TW,LU-->TW,LU-->TW,LU-->TW,LU-->TW,LU-->TW
TJ,TJK,Tajikistan,Dushanbe,Asia,Central Asia,,TJ-->LU,TJ-->LU,TJ-->LU,TJ-->LU,TJ-->LU,TJ-->LU,TJ-->LU,TJ-->LU,TJ-->LU,TJ-->LU,TJ-->LU,TJ-->LU,TJ-->LU,TJ-->LU,TJ-->LU,TJ-->LU,TJ-->LU,TJ-->LU,TJ-->LU,,,,,,,,,,,,,,,,,LU-->TJ,LU-->TJ,LU-->TJ,LU-->TJ,LU-->TJ,LU-->TJ,LU-->TJ,LU-->TJ,LU-->TJ,LU-->TJ,LU-->TJ,LU-->TJ,LU-->TJ,LU-->TJ,LU-->TJ,LU-->TJ,LU-->TJ,LU-->TJ,LU-->TJ
TZ,TZA,Tanzania,Dodoma,Africa,Eastern Africa,,TZ-->LU,TZ-->LU,TZ-->LU,TZ-->LU,TZ-->LU,TZ-->LU,TZ-->LU,TZ-->LU,TZ-->LU,TZ-->LU,TZ-->LU,TZ-->LU,TZ-->LU,TZ-->LU,TZ-->LU,TZ-->LU,TZ-->LU,TZ-->LU,TZ-->LU,,,,,,,,,,,,,,,,,LU-->TZ,LU-->TZ,LU-->TZ,LU-->TZ,LU-->TZ,LU-->TZ,LU-->TZ,LU-->TZ,LU-->TZ,LU-->TZ,LU-->TZ,LU-->TZ,LU-->TZ,LU-->TZ,LU-->TZ,LU-->TZ,LU-->TZ,LU-->TZ,LU-->TZ
TH,THA,Thailand,Bangkok,Asia,South-Eastern Asia,,TH-->LU,TH-->LU,TH-->LU,TH-->LU,TH-->LU,TH-->LU,TH-->LU,TH-->LU,TH-->LU,TH-->LU,TH-->LU,TH-->LU,TH-->LU,TH-->LU,TH-->LU,TH-->LU,TH-->LU,TH-->LU,TH-->LU,,,,,,,,,,,,,,,,,LU-->TH,LU-->TH,LU-->TH,LU-->TH,LU-->TH,LU-->TH,LU-->TH,LU-->TH,LU-->TH,LU-->TH,LU-->TH,LU-->TH,LU-->TH,LU-->TH,LU-->TH,LU-->TH,LU-->TH,LU-->TH,LU-->TH
TL,TLS,East Timor,Dili,Asia,South-Eastern Asia,,TL-->LU,TL-->LU,TL-->LU,TL-->LU,TL-->LU,TL-->LU,TL-->LU,TL-->LU,TL-->LU,TL-->LU,TL-->LU,TL-->LU,TL-->LU,TL-->LU,TL-->LU,TL-->LU,TL-->LU,TL-->LU,TL-->LU,,,,,,,,,,,,,,,,,LU-->TL,LU-->TL,LU-->TL,LU-->TL,LU-->TL,LU-->TL,LU-->TL,LU-->TL,LU-->TL,LU-->TL,LU-->TL,LU-->TL,LU-->TL,LU-->TL,LU-->TL,LU-->TL,LU-->TL,LU-->TL,LU-->TL
TG,TGO,Togo,Lomé,Africa,Western Africa,,TG-->LU,TG-->LU,TG-->LU,TG-->LU,TG-->LU,TG-->LU,TG-->LU,TG-->LU,TG-->LU,TG-->LU,TG-->LU,TG-->LU,TG-->LU,TG-->LU,TG-->LU,TG-->LU,TG-->LU,TG-->LU,TG-->LU,,,,,,,,,,,,,,,,,LU-->TG,LU-->TG,LU-->TG,LU-->TG,LU-->TG,LU-->TG,LU-->TG,LU-->TG,LU-->TG,LU-->TG,LU-->TG,LU-->TG,LU-->TG,LU-->TG,LU-->TG,LU-->TG,LU-->TG,LU-->TG,LU-->TG
TK,TKL,Tokelau,Fakaofo,Oceania,Polynesia,,TK-->LU,TK-->LU,TK-->LU,TK-->LU,TK-->LU,TK-->LU,TK-->LU,TK-->LU,TK-->LU,TK-->LU,TK-->LU,TK-->LU,TK-->LU,TK-->LU,TK-->LU,TK-->LU,TK-->LU,TK-->LU,TK-->LU,,,,,,,,,,,,,,,,,LU-->TK,LU-->TK,LU-->TK,LU-->TK,LU-->TK,LU-->TK,LU-->TK,LU-->TK,LU-->TK,LU-->TK,LU-->TK,LU-->TK,LU-->TK,LU-->TK,LU-->TK,LU-->TK,LU-->TK,LU-->TK,LU-->TK
TO,TON,Tonga,Nuku'alofa,Oceania,Polynesia,,TO-->LU,TO-->LU,TO-->LU,TO-->LU,TO-->LU,TO-->LU,TO-->LU,TO-->LU,TO-->LU,TO-->LU,TO-->LU,TO-->LU,TO-->LU,TO-->LU,TO-->LU,TO-->LU,TO-->LU,TO-->LU,TO-->LU,,,,,,,,,,,,,,,,,LU-->TO,LU-->TO,LU-->TO,LU-->TO,LU-->TO,LU-->TO,LU-->TO,LU-->TO,LU-->TO,LU-->TO,LU-->TO,LU-->TO,LU-->TO,LU-->TO,LU-->TO,LU-->TO,LU-->TO,LU-->TO,LU-->TO
TT,TTO,Trinidad and Tobago,Port of Spain,Americas,Caribbean,,TT-->LU,TT-->LU,TT-->LU,TT-->LU,TT-->LU,TT-->LU,TT-->LU,TT-->LU,TT-->LU,TT-->LU,TT-->LU,TT-->LU,TT-->LU,TT-->LU,TT-->LU,TT-->LU,TT-->LU,TT-->LU,TT-->LU,,,,,,,,,,,,,,,,,LU-->TT,LU-->TT,LU-->TT,LU-->TT,LU-->TT,LU-->TT,LU-->TT,LU-->TT,LU-->TT,LU-->TT,LU-->TT,LU-->TT,LU-->TT,LU-->TT,LU-->TT,LU-->TT,LU-->TT,LU-->TT,LU-->TT
TN,TUN,Tunisia,Tunis,Africa,Northern Africa,,TN-->LU,TN-->LU,TN-->LU,TN-->LU,TN-->LU,TN-->LU,TN-->LU,TN-->LU,TN-->LU,TN-->LU,TN-->LU,TN-->LU,TN-->LU,TN-->LU,TN-->LU,TN-->LU,TN-->LU,TN-->LU,TN-->LU,,,,,,,,,,,,,,,,,LU-->TN,LU-->TN,LU-->TN,LU-->TN,LU-->TN,LU-->TN,LU-->TN,LU-->TN,LU-->TN,LU-->TN,LU-->TN,LU-->TN,LU-->TN,LU-->TN,LU-->TN,LU-->TN,LU-->TN,LU-->TN,LU-->TN
TR,TUR,Turkey,Ankara,Asia,Western Asia,,TR-->LU,TR-->LU,TR-->LU,TR-->LU,TR-->LU,TR-->LU,TR-->LU,TR-->LU,TR-->LU,TR-->LU,TR-->LU,TR-->LU,TR-->LU,TR-->LU,TR-->LU,TR-->LU,TR-->LU,TR-->LU,TR-->LU,,,,,,,,,,,,,,,,,LU-->TR,LU-->TR,LU-->TR,LU-->TR,LU-->TR,LU-->TR,LU-->TR,LU-->TR,LU-->TR,LU-->TR,LU-->TR,LU-->TR,LU-->TR,LU-->TR,LU-->TR,LU-->TR,LU-->TR,LU-->TR,LU-->TR
TM,TKM,Turkmenistan,Ashgabat,Asia,Central Asia,,TM-->LU,TM-->LU,TM-->LU,TM-->LU,TM-->LU,TM-->LU,TM-->LU,TM-->LU,TM-->LU,TM-->LU,TM-->LU,TM-->LU,TM-->LU,TM-->LU,TM-->LU,TM-->LU,TM-->LU,TM-->LU,TM-->LU,,,,,,,,,,,,,,,,,LU-->TM,LU-->TM,LU-->TM,LU-->TM,LU-->TM,LU-->TM,LU-->TM,LU-->TM,LU-->TM,LU-->TM,LU-->TM,LU-->TM,LU-->TM,LU-->TM,LU-->TM,LU-->TM,LU-->TM,LU-->TM,LU-->TM
TC,TCA,Turks and Caicos Islands,Cockburn Town,Americas,Caribbean,,TC-->LU,TC-->LU,TC-->LU,TC-->LU,TC-->LU,TC-->LU,TC-->LU,TC-->LU,TC-->LU,TC-->LU,TC-->LU,TC-->LU,TC-->LU,TC-->LU,TC-->LU,TC-->LU,TC-->LU,TC-->LU,TC-->LU,,,,,,,,,,,,,,,,,LU-->TC,LU-->TC,LU-->TC,LU-->TC,LU-->TC,LU-->TC,LU-->TC,LU-->TC,LU-->TC,LU-->TC,LU-->TC,LU-->TC,LU-->TC,LU-->TC,LU-->TC,LU-->TC,LU-->TC,LU-->TC,LU-->TC
TV,TUV,Tuvalu,Funafuti,Oceania,Polynesia,,TV-->LU,TV-->LU,TV-->LU,TV-->LU,TV-->LU,TV-->LU,TV-->LU,TV-->LU,TV-->LU,TV-->LU,TV-->LU,TV-->LU,TV-->LU,TV-->LU,TV-->LU,TV-->LU,TV-->LU,TV-->LU,TV-->LU,,,,,,,,,,,,,,,,,LU-->TV,LU-->TV,LU-->TV,LU-->TV,LU-->TV,LU-->TV,LU-->TV,LU-->TV,LU-->TV,LU-->TV,LU-->TV,LU-->TV,LU-->TV,LU-->TV,LU-->TV,LU-->TV,LU-->TV,LU-->TV,LU-->TV
UG,UGA,Uganda,Kampala,Africa,Eastern Africa,,UG-->LU,UG-->LU,UG-->LU,UG-->LU,UG-->LU,UG-->LU,UG-->LU,UG-->LU,UG-->LU,UG-->LU,UG-->LU,UG-->LU,UG-->LU,UG-->LU,UG-->LU,UG-->LU,UG-->LU,UG-->LU,UG-->LU,,,,,,,,,,,,,,,,,LU-->UG,LU-->UG,LU-->UG,LU-->UG,LU-->UG,LU-->UG,LU-->UG,LU-->UG,LU-->UG,LU-->UG,LU-->UG,LU-->UG,LU-->UG,LU-->UG,LU-->UG,LU-->UG,LU-->UG,LU-->UG,LU-->UG
UA,UKR,Ukraine,Kiev,Europe,Eastern Europe,,UA-->LU,UA-->LU,UA-->LU,UA-->LU,UA-->LU,UA-->LU,UA-->LU,UA-->LU,UA-->LU,UA-->LU,UA-->LU,UA-->LU,UA-->LU,UA-->LU,UA-->LU,UA-->LU,UA-->LU,UA-->LU,UA-->LU,,,,,,,,,,,,,,,,,LU-->UA,LU-->UA,LU-->UA,LU-->UA,LU-->UA,LU-->UA,LU-->UA,LU-->UA,LU-->UA,LU-->UA,LU-->UA,LU-->UA,LU-->UA,LU-->UA,LU-->UA,LU-->UA,LU-->UA,LU-->UA,LU-->UA
AE,ARE,United Arab Emirates,Abu Dhabi,Asia,Western Asia,,AE-->LU,AE-->LU,AE-->LU,AE-->LU,AE-->LU,AE-->LU,AE-->LU,AE-->LU,AE-->LU,AE-->LU,AE-->LU,AE-->LU,AE-->LU,AE-->LU,AE-->LU,AE-->LU,AE-->LU,AE-->LU,AE-->LU,,,,,,,,,,,,,,,,,LU-->AE,LU-->AE,LU-->AE,LU-->AE,LU-->AE,LU-->AE,LU-->AE,LU-->AE,LU-->AE,LU-->AE,LU-->AE,LU-->AE,LU-->AE,LU-->AE,LU-->AE,LU-->AE,LU-->AE,LU-->AE,LU-->AE
GB,GBR,United Kingdom,London,Europe,Northern Europe,,GB-->LU,GB-->LU,GB-->LU,GB-->LU,GB-->LU,GB-->LU,GB-->LU,GB-->LU,GB-->LU,GB-->LU,GB-->LU,GB-->LU,GB-->LU,GB-->LU,GB-->LU,GB-->LU,GB-->LU,GB-->LU,GB-->LU,,,,,,,,,,,,,,,,,LU-->GB,LU-->GB,LU-->GB,LU-->GB,LU-->GB,LU-->GB,LU-->GB,LU-->GB,LU-->GB,LU-->GB,LU-->GB,LU-->GB,LU-->GB,LU-->GB,LU-->GB,LU-->GB,LU-->GB,LU-->GB,LU-->GB
US,USA,United States,"Washington, D.C.",Americas,Northern America,,US-->LU,US-->LU,US-->LU,US-->LU,US-->LU,US-->LU,US-->LU,US-->LU,US-->LU,US-->LU,US-->LU,US-->LU,US-->LU,US-->LU,US-->LU,US-->LU,US-->LU,US-->LU,US-->LU,,,,,,,,,,,,,,,,,LU-->US,LU-->US,LU-->US,LU-->US,LU-->US,LU-->US,LU-->US,LU-->US,LU-->US,LU-->US,LU-->US,LU-->US,LU-->US,LU-->US,LU-->US,LU-->US,LU-->US,LU-->US,LU-->US
UY,URY,Uruguay,Montevideo,Americas,South America,,UY-->LU,UY-->LU,UY-->LU,UY-->LU,UY-->LU,UY-->LU,UY-->LU,UY-->LU,UY-->LU,UY-->LU,UY-->LU,UY-->LU,UY-->LU,UY-->LU,UY-->LU,UY-->LU,UY-->LU,UY-->LU,UY-->LU,,,,,,,,,,,,,,,,,LU-->UY,LU-->UY,LU-->UY,LU-->UY,LU-->UY,LU-->UY,LU-->UY,LU-->UY,LU-->UY,LU-->UY,LU-->UY,LU-->UY,LU-->UY,LU-->UY,LU-->UY,LU-->UY,LU-->UY,LU-->UY,LU-->UY
UZ,UZB,Uzbekistan,Tashkent,Asia,Central Asia,,UZ-->LU,UZ-->LU,UZ-->LU,UZ-->LU,UZ-->LU,UZ-->LU,UZ-->LU,UZ-->LU,UZ-->LU,UZ-->LU,UZ-->LU,UZ-->LU,UZ-->LU,UZ-->LU,UZ-->LU,UZ-->LU,UZ-->LU,UZ-->LU,UZ-->LU,,,,,,,,,,,,,,,,,LU-->UZ,LU-->UZ,LU-->UZ,LU-->UZ,LU-->UZ,LU-->UZ,LU-->UZ,LU-->UZ,LU-->UZ,LU-->UZ,LU-->UZ,LU-->UZ,LU-->UZ,LU-->UZ,LU-->UZ,LU-->UZ,LU-->UZ,LU-->UZ,LU-->UZ
VU,VUT,Vanuatu,Port Vila,Oceania,Melanesia,,VU-->LU,VU-->LU,VU-->LU,VU-->LU,VU-->LU,VU-->LU,VU-->LU,VU-->LU,VU-->LU,VU-->LU,VU-->LU,VU-->LU,VU-->LU,VU-->LU,VU-->LU,VU-->LU,VU-->LU,VU-->LU,VU-->LU,,,,,,,,,,,,,,,,,LU-->VU,LU-->VU,LU-->VU,LU-->VU,LU-->VU,LU-->VU,LU-->VU,LU-->VU,LU-->VU,LU-->VU,LU-->VU,LU-->VU,LU-->VU,LU-->VU,LU-->VU,LU-->VU,LU-->VU,LU-->VU,LU-->VU
VE,VEN,Venezuela,Caracas,Americas,South America,,VE-->LU,VE-->LU,VE-->LU,VE-->LU,VE-->LU,VE-->LU,VE-->LU,VE-->LU,VE-->LU,VE-->LU,VE-->LU,VE-->LU,VE-->LU,VE-->LU,VE-->LU,VE-->LU,VE-->LU,VE-->LU,VE-->LU,,,,,,,,,,,,,,,,,LU-->VE,LU-->VE,LU-->VE,LU-->VE,LU-->VE,LU-->VE,LU-->VE,LU-->VE,LU-->VE,LU-->VE,LU-->VE,LU-->VE,LU-->VE,LU-->VE,LU-->VE,LU-->VE,LU-->VE,LU-->VE,LU-->VE
VN,VNM,Vietnam,Hanoi,Asia,South-Eastern Asia,,VN-->LU,VN-->LU,VN-->LU,VN-->LU,VN-->LU,VN-->LU,VN-->LU,VN-->LU,VN-->LU,VN-->LU,VN-->LU,VN-->LU,VN-->LU,VN-->LU,VN-->LU,VN-->LU,VN-->LU,VN-->LU,VN-->LU,,,,,,,,,,,,,,,,,LU-->VN,LU-->VN,LU-->VN,LU-->VN,LU-->VN,LU-->VN,LU-->VN,LU-->VN,LU-->VN,LU-->VN,LU-->VN,LU-->VN,LU-->VN,LU-->VN,LU-->VN,LU-->VN,LU-->VN,LU-->VN,LU-->VN
WF,WLF,Wallis and Futuna,Mata-Utu,Oceania,Polynesia,,WF-->LU,WF-->LU,WF-->LU,WF-->LU,WF-->LU,WF-->LU,WF-->LU,WF-->LU,WF-->LU,WF-->LU,WF-->LU,WF-->LU,WF-->LU,WF-->LU,WF-->LU,WF-->LU,WF-->LU,WF-->LU,WF-->LU,,,,,,,,,,,,,,,,,LU-->WF,LU-->WF,LU-->WF,LU-->WF,LU-->WF,LU-->WF,LU-->WF,LU-->WF,LU-->WF,LU-->WF,LU-->WF,LU-->WF,LU-->WF,LU-->WF,LU-->WF,LU-->WF,LU-->WF,LU-->WF,LU-->WF
EH,ESH,Western Sahara,El Aaiún,Africa,Northern Africa,,EH-->LU,EH-->LU,EH-->LU,EH-->LU,EH-->LU,EH-->LU,EH-->LU,EH-->LU,EH-->LU,EH-->LU,EH-->LU,EH-->LU,EH-->LU,EH-->LU,EH-->LU,EH-->LU,EH-->LU,EH-->LU,EH-->LU,,,,,,,,,,,,,,,,,LU-->EH,LU-->EH,LU-->EH,LU-->EH,LU-->EH,LU-->EH,LU-->EH,LU-->EH,LU-->EH,LU-->EH,LU-->EH,LU-->EH,LU-->EH,LU-->EH,LU-->EH,LU-->EH,LU-->EH,LU-->EH,LU-->EH
YE,YEM,Yemen,Sana'a,Asia,Western Asia,,YE-->LU,YE-->LU,YE-->LU,YE-->LU,YE-->LU,YE-->LU,YE-->LU,YE-->LU,YE-->LU,YE-->LU,YE-->LU,YE-->LU,YE-->LU,YE-->LU,YE-->LU,YE-->LU,YE-->LU,YE-->LU,YE-->LU,,,,,,,,,,,,,,,,,LU-->YE,LU-->YE,LU-->YE,LU-->YE,LU-->YE,LU-->YE,LU-->YE,LU-->YE,LU-->YE,LU-->YE,LU-->YE,LU-->YE,LU-->YE,LU-->YE,LU-->YE,LU-->YE,LU-->YE,LU-->YE,LU-->YE
ZM,ZMB,Zambia,Lusaka,Africa,Eastern Africa,,ZM-->LU,ZM-->LU,ZM-->LU,ZM-->LU,ZM-->LU,ZM-->LU,ZM-->LU,ZM-->LU,ZM-->LU,ZM-->LU,ZM-->LU,ZM-->LU,ZM-->LU,ZM-->LU,ZM-->LU,ZM-->LU,ZM-->LU,ZM-->LU,ZM-->LU,,,,,,,,,,,,,,,,,LU-->ZM,LU-->ZM,LU-->ZM,LU-->ZM,LU-->ZM,LU-->ZM,LU-->ZM,LU-->ZM,LU-->ZM,LU-->ZM,LU-->ZM,LU-->ZM,LU-->ZM,LU-->ZM,LU-->ZM,LU-->ZM,LU-->ZM,LU-->ZM,LU-->ZM
ZW,ZWE,Zimbabwe,Harare,Africa,Eastern Africa,,ZW-->LU,ZW-->LU,ZW-->LU,ZW-->LU,ZW-->LU,ZW-->LU,ZW-->LU,ZW-->LU,ZW-->LU,ZW-->LU,ZW-->LU,ZW-->LU,ZW-->LU,ZW-->LU,ZW-->LU,ZW-->LU,ZW-->LU,ZW-->LU,ZW-->LU,,,,,,,,,,,,,,,,,LU-->ZW,LU-->ZW,LU-->ZW,LU-->ZW,LU-->ZW,LU-->ZW,LU-->ZW,LU-->ZW,LU-->ZW,LU-->ZW,LU-->ZW,LU-->ZW,LU-->ZW,LU-->ZW,LU-->ZW,LU-->ZW,LU-->ZW,LU-->ZW,LU-->ZW
