nu,code,name,capital,region,subregion,Unnamed: 6,quara/into/where/e,quara/into/where/v,quara/into/where/uv,quara/into/min/e,quara/into/min/v,quara/into/min/uv,quara/into/max/e,quara/into/max/v,quara/into/max/uv,quara/into/comment,test/into/pcr/e,test/into/pcr/v,test/into/pcr/uv,test/into/ag/e,test/into/ag/v,test/into/ag/uv,test/into/comment,visa/into,visa/into/comment,loadStates/into,Unnamed: 27,Unnamed: 28,Unnamed: 29,Unnamed: 30,Unnamed: 31,Unnamed: 32,Unnamed: 33,Unnamed: 34,Unnamed: 35,Unnamed: 36,Unnamed: 37,Unnamed: 38,Unnamed: 39,Unnamed: 40,Unnamed: 41,quara/out/where/e,quara/out/where/v,quara/out/where/uv,quara/out/min/e,quara/out/min/v,quara/out/min/uv,quara/out/max/e,quara/out/max/v,quara/out/max/uv,quara/out/comment,test/out/pcr/e,test/out/pcr/v,test/out/pcr/uv,test/out/ag/e,test/out/ag/v,test/out/ag/uv,test/out/comment,visa/out,visa/out/comment
AF,AFG,Afghanistan,Kabul,Asia,Southern Asia,,AF-->VA,AF-->VA,AF-->VA,AF-->VA,AF-->VA,AF-->VA,AF-->VA,AF-->VA,AF-->VA,AF-->VA,AF-->VA,AF-->VA,AF-->VA,AF-->VA,AF-->VA,AF-->VA,AF-->VA,AF-->VA,AF-->VA,,,,,,,,,,,,,,,,,VA-->AF,VA-->AF,VA-->AF,VA-->AF,VA-->AF,VA-->AF,VA-->AF,VA-->AF,VA-->AF,VA-->AF,VA-->AF,VA-->AF,VA-->AF,VA-->AF,VA-->AF,VA-->AF,VA-->AF,VA-->AF,VA-->AF
AX,ALA,Åland Islands,Mariehamn,Europe,Northern Europe,,AX-->VA,AX-->VA,AX-->VA,AX-->VA,AX-->VA,AX-->VA,AX-->VA,AX-->VA,AX-->VA,AX-->VA,AX-->VA,AX-->VA,AX-->VA,AX-->VA,AX-->VA,AX-->VA,AX-->VA,AX-->VA,AX-->VA,,,,,,,,,,,,,,,,,VA-->AX,VA-->AX,VA-->AX,VA-->AX,VA-->AX,VA-->AX,VA-->AX,VA-->AX,VA-->AX,VA-->AX,VA-->AX,VA-->AX,VA-->AX,VA-->AX,VA-->AX,VA-->AX,VA-->AX,VA-->AX,VA-->AX
AL,ALB,Albania,Tirana,Europe,Southern Europe,,AL-->VA,AL-->VA,AL-->VA,AL-->VA,AL-->VA,AL-->VA,AL-->VA,AL-->VA,AL-->VA,AL-->VA,AL-->VA,AL-->VA,AL-->VA,AL-->VA,AL-->VA,AL-->VA,AL-->VA,AL-->VA,AL-->VA,,,,,,,,,,,,,,,,,VA-->AL,VA-->AL,VA-->AL,VA-->AL,VA-->AL,VA-->AL,VA-->AL,VA-->AL,VA-->AL,VA-->AL,VA-->AL,VA-->AL,VA-->AL,VA-->AL,VA-->AL,VA-->AL,VA-->AL,VA-->AL,VA-->AL
DZ,DZA,Algeria,Algiers,Africa,Northern Africa,,DZ-->VA,DZ-->VA,DZ-->VA,DZ-->VA,DZ-->VA,DZ-->VA,DZ-->VA,DZ-->VA,DZ-->VA,DZ-->VA,DZ-->VA,DZ-->VA,DZ-->VA,DZ-->VA,DZ-->VA,DZ-->VA,DZ-->VA,DZ-->VA,DZ-->VA,,,,,,,,,,,,,,,,,VA-->DZ,VA-->DZ,VA-->DZ,VA-->DZ,VA-->DZ,VA-->DZ,VA-->DZ,VA-->DZ,VA-->DZ,VA-->DZ,VA-->DZ,VA-->DZ,VA-->DZ,VA-->DZ,VA-->DZ,VA-->DZ,VA-->DZ,VA-->DZ,VA-->DZ
AS,ASM,American Samoa,Pago Pago,Oceania,Polynesia,,AS-->VA,AS-->VA,AS-->VA,AS-->VA,AS-->VA,AS-->VA,AS-->VA,AS-->VA,AS-->VA,AS-->VA,AS-->VA,AS-->VA,AS-->VA,AS-->VA,AS-->VA,AS-->VA,AS-->VA,AS-->VA,AS-->VA,,,,,,,,,,,,,,,,,VA-->AS,VA-->AS,VA-->AS,VA-->AS,VA-->AS,VA-->AS,VA-->AS,VA-->AS,VA-->AS,VA-->AS,VA-->AS,VA-->AS,VA-->AS,VA-->AS,VA-->AS,VA-->AS,VA-->AS,VA-->AS,VA-->AS
AD,AND,Andorra,Andorra la Vella,Europe,Southern Europe,,AD-->VA,AD-->VA,AD-->VA,AD-->VA,AD-->VA,AD-->VA,AD-->VA,AD-->VA,AD-->VA,AD-->VA,AD-->VA,AD-->VA,AD-->VA,AD-->VA,AD-->VA,AD-->VA,AD-->VA,AD-->VA,AD-->VA,,,,,,,,,,,,,,,,,VA-->AD,VA-->AD,VA-->AD,VA-->AD,VA-->AD,VA-->AD,VA-->AD,VA-->AD,VA-->AD,VA-->AD,VA-->AD,VA-->AD,VA-->AD,VA-->AD,VA-->AD,VA-->AD,VA-->AD,VA-->AD,VA-->AD
AO,AGO,Angola,Luanda,Africa,Middle Africa,,AO-->VA,AO-->VA,AO-->VA,AO-->VA,AO-->VA,AO-->VA,AO-->VA,AO-->VA,AO-->VA,AO-->VA,AO-->VA,AO-->VA,AO-->VA,AO-->VA,AO-->VA,AO-->VA,AO-->VA,AO-->VA,AO-->VA,,,,,,,,,,,,,,,,,VA-->AO,VA-->AO,VA-->AO,VA-->AO,VA-->AO,VA-->AO,VA-->AO,VA-->AO,VA-->AO,VA-->AO,VA-->AO,VA-->AO,VA-->AO,VA-->AO,VA-->AO,VA-->AO,VA-->AO,VA-->AO,VA-->AO
AI,AIA,Anguilla,The Valley,Americas,Caribbean,,AI-->VA,AI-->VA,AI-->VA,AI-->VA,AI-->VA,AI-->VA,AI-->VA,AI-->VA,AI-->VA,AI-->VA,AI-->VA,AI-->VA,AI-->VA,AI-->VA,AI-->VA,AI-->VA,AI-->VA,AI-->VA,AI-->VA,,,,,,,,,,,,,,,,,VA-->AI,VA-->AI,VA-->AI,VA-->AI,VA-->AI,VA-->AI,VA-->AI,VA-->AI,VA-->AI,VA-->AI,VA-->AI,VA-->AI,VA-->AI,VA-->AI,VA-->AI,VA-->AI,VA-->AI,VA-->AI,VA-->AI
AQ,ATA,Antarctica,,Polar,,,AQ-->VA,AQ-->VA,AQ-->VA,AQ-->VA,AQ-->VA,AQ-->VA,AQ-->VA,AQ-->VA,AQ-->VA,AQ-->VA,AQ-->VA,AQ-->VA,AQ-->VA,AQ-->VA,AQ-->VA,AQ-->VA,AQ-->VA,AQ-->VA,AQ-->VA,,,,,,,,,,,,,,,,,VA-->AQ,VA-->AQ,VA-->AQ,VA-->AQ,VA-->AQ,VA-->AQ,VA-->AQ,VA-->AQ,VA-->AQ,VA-->AQ,VA-->AQ,VA-->AQ,VA-->AQ,VA-->AQ,VA-->AQ,VA-->AQ,VA-->AQ,VA-->AQ,VA-->AQ
AG,ATG,Antigua and Barbuda,Saint John's,Americas,Caribbean,,AG-->VA,AG-->VA,AG-->VA,AG-->VA,AG-->VA,AG-->VA,AG-->VA,AG-->VA,AG-->VA,AG-->VA,AG-->VA,AG-->VA,AG-->VA,AG-->VA,AG-->VA,AG-->VA,AG-->VA,AG-->VA,AG-->VA,,,,,,,,,,,,,,,,,VA-->AG,VA-->AG,VA-->AG,VA-->AG,VA-->AG,VA-->AG,VA-->AG,VA-->AG,VA-->AG,VA-->AG,VA-->AG,VA-->AG,VA-->AG,VA-->AG,VA-->AG,VA-->AG,VA-->AG,VA-->AG,VA-->AG
AR,ARG,Argentina,Buenos Aires,Americas,South America,,AR-->VA,AR-->VA,AR-->VA,AR-->VA,AR-->VA,AR-->VA,AR-->VA,AR-->VA,AR-->VA,AR-->VA,AR-->VA,AR-->VA,AR-->VA,AR-->VA,AR-->VA,AR-->VA,AR-->VA,AR-->VA,AR-->VA,,,,,,,,,,,,,,,,,VA-->AR,VA-->AR,VA-->AR,VA-->AR,VA-->AR,VA-->AR,VA-->AR,VA-->AR,VA-->AR,VA-->AR,VA-->AR,VA-->AR,VA-->AR,VA-->AR,VA-->AR,VA-->AR,VA-->AR,VA-->AR,VA-->AR
AM,ARM,Armenia,Yerevan,Asia,Western Asia,,AM-->VA,AM-->VA,AM-->VA,AM-->VA,AM-->VA,AM-->VA,AM-->VA,AM-->VA,AM-->VA,AM-->VA,AM-->VA,AM-->VA,AM-->VA,AM-->VA,AM-->VA,AM-->VA,AM-->VA,AM-->VA,AM-->VA,,,,,,,,,,,,,,,,,VA-->AM,VA-->AM,VA-->AM,VA-->AM,VA-->AM,VA-->AM,VA-->AM,VA-->AM,VA-->AM,VA-->AM,VA-->AM,VA-->AM,VA-->AM,VA-->AM,VA-->AM,VA-->AM,VA-->AM,VA-->AM,VA-->AM
AW,ABW,Aruba,Oranjestad,Americas,Caribbean,,AW-->VA,AW-->VA,AW-->VA,AW-->VA,AW-->VA,AW-->VA,AW-->VA,AW-->VA,AW-->VA,AW-->VA,AW-->VA,AW-->VA,AW-->VA,AW-->VA,AW-->VA,AW-->VA,AW-->VA,AW-->VA,AW-->VA,,,,,,,,,,,,,,,,,VA-->AW,VA-->AW,VA-->AW,VA-->AW,VA-->AW,VA-->AW,VA-->AW,VA-->AW,VA-->AW,VA-->AW,VA-->AW,VA-->AW,VA-->AW,VA-->AW,VA-->AW,VA-->AW,VA-->AW,VA-->AW,VA-->AW
AU,AUS,Australia,Canberra,Oceania,Australia and New Zealand,,AU-->VA,AU-->VA,AU-->VA,AU-->VA,AU-->VA,AU-->VA,AU-->VA,AU-->VA,AU-->VA,AU-->VA,AU-->VA,AU-->VA,AU-->VA,AU-->VA,AU-->VA,AU-->VA,AU-->VA,AU-->VA,AU-->VA,,,,,,,,,,,,,,,,,VA-->AU,VA-->AU,VA-->AU,VA-->AU,VA-->AU,VA-->AU,VA-->AU,VA-->AU,VA-->AU,VA-->AU,VA-->AU,VA-->AU,VA-->AU,VA-->AU,VA-->AU,VA-->AU,VA-->AU,VA-->AU,VA-->AU
AT,AUT,Austria,Vienna,Europe,Western Europe,,AT-->VA,AT-->VA,AT-->VA,AT-->VA,AT-->VA,AT-->VA,AT-->VA,AT-->VA,AT-->VA,AT-->VA,AT-->VA,AT-->VA,AT-->VA,AT-->VA,AT-->VA,AT-->VA,AT-->VA,AT-->VA,AT-->VA,,,,,,,,,,,,,,,,,VA-->AT,VA-->AT,VA-->AT,VA-->AT,VA-->AT,VA-->AT,VA-->AT,VA-->AT,VA-->AT,VA-->AT,VA-->AT,VA-->AT,VA-->AT,VA-->AT,VA-->AT,VA-->AT,VA-->AT,VA-->AT,VA-->AT
AZ,AZE,Azerbaijan,Baku,Asia,Western Asia,,AZ-->VA,AZ-->VA,AZ-->VA,AZ-->VA,AZ-->VA,AZ-->VA,AZ-->VA,AZ-->VA,AZ-->VA,AZ-->VA,AZ-->VA,AZ-->VA,AZ-->VA,AZ-->VA,AZ-->VA,AZ-->VA,AZ-->VA,AZ-->VA,AZ-->VA,,,,,,,,,,,,,,,,,VA-->AZ,VA-->AZ,VA-->AZ,VA-->AZ,VA-->AZ,VA-->AZ,VA-->AZ,VA-->AZ,VA-->AZ,VA-->AZ,VA-->AZ,VA-->AZ,VA-->AZ,VA-->AZ,VA-->AZ,VA-->AZ,VA-->AZ,VA-->AZ,VA-->AZ
BS,BHS,The Bahamas,Nassau,Americas,Caribbean,,BS-->VA,BS-->VA,BS-->VA,BS-->VA,BS-->VA,BS-->VA,BS-->VA,BS-->VA,BS-->VA,BS-->VA,BS-->VA,BS-->VA,BS-->VA,BS-->VA,BS-->VA,BS-->VA,BS-->VA,BS-->VA,BS-->VA,,,,,,,,,,,,,,,,,VA-->BS,VA-->BS,VA-->BS,VA-->BS,VA-->BS,VA-->BS,VA-->BS,VA-->BS,VA-->BS,VA-->BS,VA-->BS,VA-->BS,VA-->BS,VA-->BS,VA-->BS,VA-->BS,VA-->BS,VA-->BS,VA-->BS
BH,BHR,Bahrain,Manama,Asia,Western Asia,,BH-->VA,BH-->VA,BH-->VA,BH-->VA,BH-->VA,BH-->VA,BH-->VA,BH-->VA,BH-->VA,BH-->VA,BH-->VA,BH-->VA,BH-->VA,BH-->VA,BH-->VA,BH-->VA,BH-->VA,BH-->VA,BH-->VA,,,,,,,,,,,,,,,,,VA-->BH,VA-->BH,VA-->BH,VA-->BH,VA-->BH,VA-->BH,VA-->BH,VA-->BH,VA-->BH,VA-->BH,VA-->BH,VA-->BH,VA-->BH,VA-->BH,VA-->BH,VA-->BH,VA-->BH,VA-->BH,VA-->BH
BD,BGD,Bangladesh,Dhaka,Asia,Southern Asia,,BD-->VA,BD-->VA,BD-->VA,BD-->VA,BD-->VA,BD-->VA,BD-->VA,BD-->VA,BD-->VA,BD-->VA,BD-->VA,BD-->VA,BD-->VA,BD-->VA,BD-->VA,BD-->VA,BD-->VA,BD-->VA,BD-->VA,,,,,,,,,,,,,,,,,VA-->BD,VA-->BD,VA-->BD,VA-->BD,VA-->BD,VA-->BD,VA-->BD,VA-->BD,VA-->BD,VA-->BD,VA-->BD,VA-->BD,VA-->BD,VA-->BD,VA-->BD,VA-->BD,VA-->BD,VA-->BD,VA-->BD
BB,BRB,Barbados,Bridgetown,Americas,Caribbean,,BB-->VA,BB-->VA,BB-->VA,BB-->VA,BB-->VA,BB-->VA,BB-->VA,BB-->VA,BB-->VA,BB-->VA,BB-->VA,BB-->VA,BB-->VA,BB-->VA,BB-->VA,BB-->VA,BB-->VA,BB-->VA,BB-->VA,,,,,,,,,,,,,,,,,VA-->BB,VA-->BB,VA-->BB,VA-->BB,VA-->BB,VA-->BB,VA-->BB,VA-->BB,VA-->BB,VA-->BB,VA-->BB,VA-->BB,VA-->BB,VA-->BB,VA-->BB,VA-->BB,VA-->BB,VA-->BB,VA-->BB
BY,BLR,Belarus,Minsk,Europe,Eastern Europe,,BY-->VA,BY-->VA,BY-->VA,BY-->VA,BY-->VA,BY-->VA,BY-->VA,BY-->VA,BY-->VA,BY-->VA,BY-->VA,BY-->VA,BY-->VA,BY-->VA,BY-->VA,BY-->VA,BY-->VA,BY-->VA,BY-->VA,,,,,,,,,,,,,,,,,VA-->BY,VA-->BY,VA-->BY,VA-->BY,VA-->BY,VA-->BY,VA-->BY,VA-->BY,VA-->BY,VA-->BY,VA-->BY,VA-->BY,VA-->BY,VA-->BY,VA-->BY,VA-->BY,VA-->BY,VA-->BY,VA-->BY
BE,BEL,Belgium,Brussels,Europe,Western Europe,,BE-->VA,BE-->VA,BE-->VA,BE-->VA,BE-->VA,BE-->VA,BE-->VA,BE-->VA,BE-->VA,BE-->VA,BE-->VA,BE-->VA,BE-->VA,BE-->VA,BE-->VA,BE-->VA,BE-->VA,BE-->VA,BE-->VA,,,,,,,,,,,,,,,,,VA-->BE,VA-->BE,VA-->BE,VA-->BE,VA-->BE,VA-->BE,VA-->BE,VA-->BE,VA-->BE,VA-->BE,VA-->BE,VA-->BE,VA-->BE,VA-->BE,VA-->BE,VA-->BE,VA-->BE,VA-->BE,VA-->BE
BZ,BLZ,Belize,Belmopan,Americas,Central America,,BZ-->VA,BZ-->VA,BZ-->VA,BZ-->VA,BZ-->VA,BZ-->VA,BZ-->VA,BZ-->VA,BZ-->VA,BZ-->VA,BZ-->VA,BZ-->VA,BZ-->VA,BZ-->VA,BZ-->VA,BZ-->VA,BZ-->VA,BZ-->VA,BZ-->VA,,,,,,,,,,,,,,,,,VA-->BZ,VA-->BZ,VA-->BZ,VA-->BZ,VA-->BZ,VA-->BZ,VA-->BZ,VA-->BZ,VA-->BZ,VA-->BZ,VA-->BZ,VA-->BZ,VA-->BZ,VA-->BZ,VA-->BZ,VA-->BZ,VA-->BZ,VA-->BZ,VA-->BZ
BJ,BEN,Benin,Porto-Novo,Africa,Western Africa,,BJ-->VA,BJ-->VA,BJ-->VA,BJ-->VA,BJ-->VA,BJ-->VA,BJ-->VA,BJ-->VA,BJ-->VA,BJ-->VA,BJ-->VA,BJ-->VA,BJ-->VA,BJ-->VA,BJ-->VA,BJ-->VA,BJ-->VA,BJ-->VA,BJ-->VA,,,,,,,,,,,,,,,,,VA-->BJ,VA-->BJ,VA-->BJ,VA-->BJ,VA-->BJ,VA-->BJ,VA-->BJ,VA-->BJ,VA-->BJ,VA-->BJ,VA-->BJ,VA-->BJ,VA-->BJ,VA-->BJ,VA-->BJ,VA-->BJ,VA-->BJ,VA-->BJ,VA-->BJ
BM,BMU,Bermuda,Hamilton,Americas,Northern America,,BM-->VA,BM-->VA,BM-->VA,BM-->VA,BM-->VA,BM-->VA,BM-->VA,BM-->VA,BM-->VA,BM-->VA,BM-->VA,BM-->VA,BM-->VA,BM-->VA,BM-->VA,BM-->VA,BM-->VA,BM-->VA,BM-->VA,,,,,,,,,,,,,,,,,VA-->BM,VA-->BM,VA-->BM,VA-->BM,VA-->BM,VA-->BM,VA-->BM,VA-->BM,VA-->BM,VA-->BM,VA-->BM,VA-->BM,VA-->BM,VA-->BM,VA-->BM,VA-->BM,VA-->BM,VA-->BM,VA-->BM
BT,BTN,Bhutan,Thimphu,Asia,Southern Asia,,BT-->VA,BT-->VA,BT-->VA,BT-->VA,BT-->VA,BT-->VA,BT-->VA,BT-->VA,BT-->VA,BT-->VA,BT-->VA,BT-->VA,BT-->VA,BT-->VA,BT-->VA,BT-->VA,BT-->VA,BT-->VA,BT-->VA,,,,,,,,,,,,,,,,,VA-->BT,VA-->BT,VA-->BT,VA-->BT,VA-->BT,VA-->BT,VA-->BT,VA-->BT,VA-->BT,VA-->BT,VA-->BT,VA-->BT,VA-->BT,VA-->BT,VA-->BT,VA-->BT,VA-->BT,VA-->BT,VA-->BT
BO,BOL,Bolivia,Sucre,Americas,South America,,BO-->VA,BO-->VA,BO-->VA,BO-->VA,BO-->VA,BO-->VA,BO-->VA,BO-->VA,BO-->VA,BO-->VA,BO-->VA,BO-->VA,BO-->VA,BO-->VA,BO-->VA,BO-->VA,BO-->VA,BO-->VA,BO-->VA,,,,,,,,,,,,,,,,,VA-->BO,VA-->BO,VA-->BO,VA-->BO,VA-->BO,VA-->BO,VA-->BO,VA-->BO,VA-->BO,VA-->BO,VA-->BO,VA-->BO,VA-->BO,VA-->BO,VA-->BO,VA-->BO,VA-->BO,VA-->BO,VA-->BO
BQ,BES,Bonaire,Kralendijk,Americas,Caribbean,,BQ-->VA,BQ-->VA,BQ-->VA,BQ-->VA,BQ-->VA,BQ-->VA,BQ-->VA,BQ-->VA,BQ-->VA,BQ-->VA,BQ-->VA,BQ-->VA,BQ-->VA,BQ-->VA,BQ-->VA,BQ-->VA,BQ-->VA,BQ-->VA,BQ-->VA,,,,,,,,,,,,,,,,,VA-->BQ,VA-->BQ,VA-->BQ,VA-->BQ,VA-->BQ,VA-->BQ,VA-->BQ,VA-->BQ,VA-->BQ,VA-->BQ,VA-->BQ,VA-->BQ,VA-->BQ,VA-->BQ,VA-->BQ,VA-->BQ,VA-->BQ,VA-->BQ,VA-->BQ
BA,BIH,Bosnia and Herzegovina,Sarajevo,Europe,Southern Europe,,BA-->VA,BA-->VA,BA-->VA,BA-->VA,BA-->VA,BA-->VA,BA-->VA,BA-->VA,BA-->VA,BA-->VA,BA-->VA,BA-->VA,BA-->VA,BA-->VA,BA-->VA,BA-->VA,BA-->VA,BA-->VA,BA-->VA,,,,,,,,,,,,,,,,,VA-->BA,VA-->BA,VA-->BA,VA-->BA,VA-->BA,VA-->BA,VA-->BA,VA-->BA,VA-->BA,VA-->BA,VA-->BA,VA-->BA,VA-->BA,VA-->BA,VA-->BA,VA-->BA,VA-->BA,VA-->BA,VA-->BA
BW,BWA,Botswana,Gaborone,Africa,Southern Africa,,BW-->VA,BW-->VA,BW-->VA,BW-->VA,BW-->VA,BW-->VA,BW-->VA,BW-->VA,BW-->VA,BW-->VA,BW-->VA,BW-->VA,BW-->VA,BW-->VA,BW-->VA,BW-->VA,BW-->VA,BW-->VA,BW-->VA,,,,,,,,,,,,,,,,,VA-->BW,VA-->BW,VA-->BW,VA-->BW,VA-->BW,VA-->BW,VA-->BW,VA-->BW,VA-->BW,VA-->BW,VA-->BW,VA-->BW,VA-->BW,VA-->BW,VA-->BW,VA-->BW,VA-->BW,VA-->BW,VA-->BW
BV,BVT,Bouvet Island,,,,,BV-->VA,BV-->VA,BV-->VA,BV-->VA,BV-->VA,BV-->VA,BV-->VA,BV-->VA,BV-->VA,BV-->VA,BV-->VA,BV-->VA,BV-->VA,BV-->VA,BV-->VA,BV-->VA,BV-->VA,BV-->VA,BV-->VA,,,,,,,,,,,,,,,,,VA-->BV,VA-->BV,VA-->BV,VA-->BV,VA-->BV,VA-->BV,VA-->BV,VA-->BV,VA-->BV,VA-->BV,VA-->BV,VA-->BV,VA-->BV,VA-->BV,VA-->BV,VA-->BV,VA-->BV,VA-->BV,VA-->BV
BR,BRA,Brazil,Brasília,Americas,South America,,BR-->VA,BR-->VA,BR-->VA,BR-->VA,BR-->VA,BR-->VA,BR-->VA,BR-->VA,BR-->VA,BR-->VA,BR-->VA,BR-->VA,BR-->VA,BR-->VA,BR-->VA,BR-->VA,BR-->VA,BR-->VA,BR-->VA,,,,,,,,,,,,,,,,,VA-->BR,VA-->BR,VA-->BR,VA-->BR,VA-->BR,VA-->BR,VA-->BR,VA-->BR,VA-->BR,VA-->BR,VA-->BR,VA-->BR,VA-->BR,VA-->BR,VA-->BR,VA-->BR,VA-->BR,VA-->BR,VA-->BR
IO,IOT,British Indian Ocean Territory,Diego Garcia,Africa,Eastern Africa,,IO-->VA,IO-->VA,IO-->VA,IO-->VA,IO-->VA,IO-->VA,IO-->VA,IO-->VA,IO-->VA,IO-->VA,IO-->VA,IO-->VA,IO-->VA,IO-->VA,IO-->VA,IO-->VA,IO-->VA,IO-->VA,IO-->VA,,,,,,,,,,,,,,,,,VA-->IO,VA-->IO,VA-->IO,VA-->IO,VA-->IO,VA-->IO,VA-->IO,VA-->IO,VA-->IO,VA-->IO,VA-->IO,VA-->IO,VA-->IO,VA-->IO,VA-->IO,VA-->IO,VA-->IO,VA-->IO,VA-->IO
UM,UMI,United States Minor Outlying Islands,,Americas,Northern America,,UM-->VA,UM-->VA,UM-->VA,UM-->VA,UM-->VA,UM-->VA,UM-->VA,UM-->VA,UM-->VA,UM-->VA,UM-->VA,UM-->VA,UM-->VA,UM-->VA,UM-->VA,UM-->VA,UM-->VA,UM-->VA,UM-->VA,,,,,,,,,,,,,,,,,VA-->UM,VA-->UM,VA-->UM,VA-->UM,VA-->UM,VA-->UM,VA-->UM,VA-->UM,VA-->UM,VA-->UM,VA-->UM,VA-->UM,VA-->UM,VA-->UM,VA-->UM,VA-->UM,VA-->UM,VA-->UM,VA-->UM
VG,VGB,Virgin Islands (British),Road Town,Americas,Caribbean,,VG-->VA,VG-->VA,VG-->VA,VG-->VA,VG-->VA,VG-->VA,VG-->VA,VG-->VA,VG-->VA,VG-->VA,VG-->VA,VG-->VA,VG-->VA,VG-->VA,VG-->VA,VG-->VA,VG-->VA,VG-->VA,VG-->VA,,,,,,,,,,,,,,,,,VA-->VG,VA-->VG,VA-->VG,VA-->VG,VA-->VG,VA-->VG,VA-->VG,VA-->VG,VA-->VG,VA-->VG,VA-->VG,VA-->VG,VA-->VG,VA-->VG,VA-->VG,VA-->VG,VA-->VG,VA-->VG,VA-->VG
VI,VIR,Virgin Islands (U.S.),Charlotte Amalie,Americas,Caribbean,,VI-->VA,VI-->VA,VI-->VA,VI-->VA,VI-->VA,VI-->VA,VI-->VA,VI-->VA,VI-->VA,VI-->VA,VI-->VA,VI-->VA,VI-->VA,VI-->VA,VI-->VA,VI-->VA,VI-->VA,VI-->VA,VI-->VA,,,,,,,,,,,,,,,,,VA-->VI,VA-->VI,VA-->VI,VA-->VI,VA-->VI,VA-->VI,VA-->VI,VA-->VI,VA-->VI,VA-->VI,VA-->VI,VA-->VI,VA-->VI,VA-->VI,VA-->VI,VA-->VI,VA-->VI,VA-->VI,VA-->VI
BN,BRN,Brunei,Bandar Seri Begawan,Asia,South-Eastern Asia,,BN-->VA,BN-->VA,BN-->VA,BN-->VA,BN-->VA,BN-->VA,BN-->VA,BN-->VA,BN-->VA,BN-->VA,BN-->VA,BN-->VA,BN-->VA,BN-->VA,BN-->VA,BN-->VA,BN-->VA,BN-->VA,BN-->VA,,,,,,,,,,,,,,,,,VA-->BN,VA-->BN,VA-->BN,VA-->BN,VA-->BN,VA-->BN,VA-->BN,VA-->BN,VA-->BN,VA-->BN,VA-->BN,VA-->BN,VA-->BN,VA-->BN,VA-->BN,VA-->BN,VA-->BN,VA-->BN,VA-->BN
BG,BGR,Bulgaria,Sofia,Europe,Eastern Europe,,BG-->VA,BG-->VA,BG-->VA,BG-->VA,BG-->VA,BG-->VA,BG-->VA,BG-->VA,BG-->VA,BG-->VA,BG-->VA,BG-->VA,BG-->VA,BG-->VA,BG-->VA,BG-->VA,BG-->VA,BG-->VA,BG-->VA,,,,,,,,,,,,,,,,,VA-->BG,VA-->BG,VA-->BG,VA-->BG,VA-->BG,VA-->BG,VA-->BG,VA-->BG,VA-->BG,VA-->BG,VA-->BG,VA-->BG,VA-->BG,VA-->BG,VA-->BG,VA-->BG,VA-->BG,VA-->BG,VA-->BG
BF,BFA,Burkina Faso,Ouagadougou,Africa,Western Africa,,BF-->VA,BF-->VA,BF-->VA,BF-->VA,BF-->VA,BF-->VA,BF-->VA,BF-->VA,BF-->VA,BF-->VA,BF-->VA,BF-->VA,BF-->VA,BF-->VA,BF-->VA,BF-->VA,BF-->VA,BF-->VA,BF-->VA,,,,,,,,,,,,,,,,,VA-->BF,VA-->BF,VA-->BF,VA-->BF,VA-->BF,VA-->BF,VA-->BF,VA-->BF,VA-->BF,VA-->BF,VA-->BF,VA-->BF,VA-->BF,VA-->BF,VA-->BF,VA-->BF,VA-->BF,VA-->BF,VA-->BF
BI,BDI,Burundi,Bujumbura,Africa,Eastern Africa,,BI-->VA,BI-->VA,BI-->VA,BI-->VA,BI-->VA,BI-->VA,BI-->VA,BI-->VA,BI-->VA,BI-->VA,BI-->VA,BI-->VA,BI-->VA,BI-->VA,BI-->VA,BI-->VA,BI-->VA,BI-->VA,BI-->VA,,,,,,,,,,,,,,,,,VA-->BI,VA-->BI,VA-->BI,VA-->BI,VA-->BI,VA-->BI,VA-->BI,VA-->BI,VA-->BI,VA-->BI,VA-->BI,VA-->BI,VA-->BI,VA-->BI,VA-->BI,VA-->BI,VA-->BI,VA-->BI,VA-->BI
KH,KHM,Cambodia,Phnom Penh,Asia,South-Eastern Asia,,KH-->VA,KH-->VA,KH-->VA,KH-->VA,KH-->VA,KH-->VA,KH-->VA,KH-->VA,KH-->VA,KH-->VA,KH-->VA,KH-->VA,KH-->VA,KH-->VA,KH-->VA,KH-->VA,KH-->VA,KH-->VA,KH-->VA,,,,,,,,,,,,,,,,,VA-->KH,VA-->KH,VA-->KH,VA-->KH,VA-->KH,VA-->KH,VA-->KH,VA-->KH,VA-->KH,VA-->KH,VA-->KH,VA-->KH,VA-->KH,VA-->KH,VA-->KH,VA-->KH,VA-->KH,VA-->KH,VA-->KH
CM,CMR,Cameroon,Yaoundé,Africa,Middle Africa,,CM-->VA,CM-->VA,CM-->VA,CM-->VA,CM-->VA,CM-->VA,CM-->VA,CM-->VA,CM-->VA,CM-->VA,CM-->VA,CM-->VA,CM-->VA,CM-->VA,CM-->VA,CM-->VA,CM-->VA,CM-->VA,CM-->VA,,,,,,,,,,,,,,,,,VA-->CM,VA-->CM,VA-->CM,VA-->CM,VA-->CM,VA-->CM,VA-->CM,VA-->CM,VA-->CM,VA-->CM,VA-->CM,VA-->CM,VA-->CM,VA-->CM,VA-->CM,VA-->CM,VA-->CM,VA-->CM,VA-->CM
CA,CAN,Canada,Ottawa,Americas,Northern America,,CA-->VA,CA-->VA,CA-->VA,CA-->VA,CA-->VA,CA-->VA,CA-->VA,CA-->VA,CA-->VA,CA-->VA,CA-->VA,CA-->VA,CA-->VA,CA-->VA,CA-->VA,CA-->VA,CA-->VA,CA-->VA,CA-->VA,,,,,,,,,,,,,,,,,VA-->CA,VA-->CA,VA-->CA,VA-->CA,VA-->CA,VA-->CA,VA-->CA,VA-->CA,VA-->CA,VA-->CA,VA-->CA,VA-->CA,VA-->CA,VA-->CA,VA-->CA,VA-->CA,VA-->CA,VA-->CA,VA-->CA
CV,CPV,Cape Verde,Praia,Africa,Western Africa,,CV-->VA,CV-->VA,CV-->VA,CV-->VA,CV-->VA,CV-->VA,CV-->VA,CV-->VA,CV-->VA,CV-->VA,CV-->VA,CV-->VA,CV-->VA,CV-->VA,CV-->VA,CV-->VA,CV-->VA,CV-->VA,CV-->VA,,,,,,,,,,,,,,,,,VA-->CV,VA-->CV,VA-->CV,VA-->CV,VA-->CV,VA-->CV,VA-->CV,VA-->CV,VA-->CV,VA-->CV,VA-->CV,VA-->CV,VA-->CV,VA-->CV,VA-->CV,VA-->CV,VA-->CV,VA-->CV,VA-->CV
KY,CYM,Cayman Islands,George Town,Americas,Caribbean,,KY-->VA,KY-->VA,KY-->VA,KY-->VA,KY-->VA,KY-->VA,KY-->VA,KY-->VA,KY-->VA,KY-->VA,KY-->VA,KY-->VA,KY-->VA,KY-->VA,KY-->VA,KY-->VA,KY-->VA,KY-->VA,KY-->VA,,,,,,,,,,,,,,,,,VA-->KY,VA-->KY,VA-->KY,VA-->KY,VA-->KY,VA-->KY,VA-->KY,VA-->KY,VA-->KY,VA-->KY,VA-->KY,VA-->KY,VA-->KY,VA-->KY,VA-->KY,VA-->KY,VA-->KY,VA-->KY,VA-->KY
CF,CAF,Central African Republic,Bangui,Africa,Middle Africa,,CF-->VA,CF-->VA,CF-->VA,CF-->VA,CF-->VA,CF-->VA,CF-->VA,CF-->VA,CF-->VA,CF-->VA,CF-->VA,CF-->VA,CF-->VA,CF-->VA,CF-->VA,CF-->VA,CF-->VA,CF-->VA,CF-->VA,,,,,,,,,,,,,,,,,VA-->CF,VA-->CF,VA-->CF,VA-->CF,VA-->CF,VA-->CF,VA-->CF,VA-->CF,VA-->CF,VA-->CF,VA-->CF,VA-->CF,VA-->CF,VA-->CF,VA-->CF,VA-->CF,VA-->CF,VA-->CF,VA-->CF
TD,TCD,Chad,N'Djamena,Africa,Middle Africa,,TD-->VA,TD-->VA,TD-->VA,TD-->VA,TD-->VA,TD-->VA,TD-->VA,TD-->VA,TD-->VA,TD-->VA,TD-->VA,TD-->VA,TD-->VA,TD-->VA,TD-->VA,TD-->VA,TD-->VA,TD-->VA,TD-->VA,,,,,,,,,,,,,,,,,VA-->TD,VA-->TD,VA-->TD,VA-->TD,VA-->TD,VA-->TD,VA-->TD,VA-->TD,VA-->TD,VA-->TD,VA-->TD,VA-->TD,VA-->TD,VA-->TD,VA-->TD,VA-->TD,VA-->TD,VA-->TD,VA-->TD
CL,CHL,Chile,Santiago,Americas,South America,,CL-->VA,CL-->VA,CL-->VA,CL-->VA,CL-->VA,CL-->VA,CL-->VA,CL-->VA,CL-->VA,CL-->VA,CL-->VA,CL-->VA,CL-->VA,CL-->VA,CL-->VA,CL-->VA,CL-->VA,CL-->VA,CL-->VA,,,,,,,,,,,,,,,,,VA-->CL,VA-->CL,VA-->CL,VA-->CL,VA-->CL,VA-->CL,VA-->CL,VA-->CL,VA-->CL,VA-->CL,VA-->CL,VA-->CL,VA-->CL,VA-->CL,VA-->CL,VA-->CL,VA-->CL,VA-->CL,VA-->CL
CN,CHN,China,Beijing,Asia,Eastern Asia,,CN-->VA,CN-->VA,CN-->VA,CN-->VA,CN-->VA,CN-->VA,CN-->VA,CN-->VA,CN-->VA,CN-->VA,CN-->VA,CN-->VA,CN-->VA,CN-->VA,CN-->VA,CN-->VA,CN-->VA,CN-->VA,CN-->VA,,,,,,,,,,,,,,,,,VA-->CN,VA-->CN,VA-->CN,VA-->CN,VA-->CN,VA-->CN,VA-->CN,VA-->CN,VA-->CN,VA-->CN,VA-->CN,VA-->CN,VA-->CN,VA-->CN,VA-->CN,VA-->CN,VA-->CN,VA-->CN,VA-->CN
CX,CXR,Christmas Island,Flying Fish Cove,Oceania,Australia and New Zealand,,CX-->VA,CX-->VA,CX-->VA,CX-->VA,CX-->VA,CX-->VA,CX-->VA,CX-->VA,CX-->VA,CX-->VA,CX-->VA,CX-->VA,CX-->VA,CX-->VA,CX-->VA,CX-->VA,CX-->VA,CX-->VA,CX-->VA,,,,,,,,,,,,,,,,,VA-->CX,VA-->CX,VA-->CX,VA-->CX,VA-->CX,VA-->CX,VA-->CX,VA-->CX,VA-->CX,VA-->CX,VA-->CX,VA-->CX,VA-->CX,VA-->CX,VA-->CX,VA-->CX,VA-->CX,VA-->CX,VA-->CX
CC,CCK,Cocos (Keeling) Islands,West Island,Oceania,Australia and New Zealand,,CC-->VA,CC-->VA,CC-->VA,CC-->VA,CC-->VA,CC-->VA,CC-->VA,CC-->VA,CC-->VA,CC-->VA,CC-->VA,CC-->VA,CC-->VA,CC-->VA,CC-->VA,CC-->VA,CC-->VA,CC-->VA,CC-->VA,,,,,,,,,,,,,,,,,VA-->CC,VA-->CC,VA-->CC,VA-->CC,VA-->CC,VA-->CC,VA-->CC,VA-->CC,VA-->CC,VA-->CC,VA-->CC,VA-->CC,VA-->CC,VA-->CC,VA-->CC,VA-->CC,VA-->CC,VA-->CC,VA-->CC
CO,COL,Colombia,Bogotá,Americas,South America,,CO-->VA,CO-->VA,CO-->VA,CO-->VA,CO-->VA,CO-->VA,CO-->VA,CO-->VA,CO-->VA,CO-->VA,CO-->VA,CO-->VA,CO-->VA,CO-->VA,CO-->VA,CO-->VA,CO-->VA,CO-->VA,CO-->VA,,,,,,,,,,,,,,,,,VA-->CO,VA-->CO,VA-->CO,VA-->CO,VA-->CO,VA-->CO,VA-->CO,VA-->CO,VA-->CO,VA-->CO,VA-->CO,VA-->CO,VA-->CO,VA-->CO,VA-->CO,VA-->CO,VA-->CO,VA-->CO,VA-->CO
KM,COM,Comoros,Moroni,Africa,Eastern Africa,,KM-->VA,KM-->VA,KM-->VA,KM-->VA,KM-->VA,KM-->VA,KM-->VA,KM-->VA,KM-->VA,KM-->VA,KM-->VA,KM-->VA,KM-->VA,KM-->VA,KM-->VA,KM-->VA,KM-->VA,KM-->VA,KM-->VA,,,,,,,,,,,,,,,,,VA-->KM,VA-->KM,VA-->KM,VA-->KM,VA-->KM,VA-->KM,VA-->KM,VA-->KM,VA-->KM,VA-->KM,VA-->KM,VA-->KM,VA-->KM,VA-->KM,VA-->KM,VA-->KM,VA-->KM,VA-->KM,VA-->KM
CG,COG,Republic of the Congo,Brazzaville,Africa,Middle Africa,,CG-->VA,CG-->VA,CG-->VA,CG-->VA,CG-->VA,CG-->VA,CG-->VA,CG-->VA,CG-->VA,CG-->VA,CG-->VA,CG-->VA,CG-->VA,CG-->VA,CG-->VA,CG-->VA,CG-->VA,CG-->VA,CG-->VA,,,,,,,,,,,,,,,,,VA-->CG,VA-->CG,VA-->CG,VA-->CG,VA-->CG,VA-->CG,VA-->CG,VA-->CG,VA-->CG,VA-->CG,VA-->CG,VA-->CG,VA-->CG,VA-->CG,VA-->CG,VA-->CG,VA-->CG,VA-->CG,VA-->CG
CD,COD,Democratic Republic of the Congo,Kinshasa,Africa,Middle Africa,,CD-->VA,CD-->VA,CD-->VA,CD-->VA,CD-->VA,CD-->VA,CD-->VA,CD-->VA,CD-->VA,CD-->VA,CD-->VA,CD-->VA,CD-->VA,CD-->VA,CD-->VA,CD-->VA,CD-->VA,CD-->VA,CD-->VA,,,,,,,,,,,,,,,,,VA-->CD,VA-->CD,VA-->CD,VA-->CD,VA-->CD,VA-->CD,VA-->CD,VA-->CD,VA-->CD,VA-->CD,VA-->CD,VA-->CD,VA-->CD,VA-->CD,VA-->CD,VA-->CD,VA-->CD,VA-->CD,VA-->CD
CK,COK,Cook Islands,Avarua,Oceania,Polynesia,,CK-->VA,CK-->VA,CK-->VA,CK-->VA,CK-->VA,CK-->VA,CK-->VA,CK-->VA,CK-->VA,CK-->VA,CK-->VA,CK-->VA,CK-->VA,CK-->VA,CK-->VA,CK-->VA,CK-->VA,CK-->VA,CK-->VA,,,,,,,,,,,,,,,,,VA-->CK,VA-->CK,VA-->CK,VA-->CK,VA-->CK,VA-->CK,VA-->CK,VA-->CK,VA-->CK,VA-->CK,VA-->CK,VA-->CK,VA-->CK,VA-->CK,VA-->CK,VA-->CK,VA-->CK,VA-->CK,VA-->CK
CR,CRI,Costa Rica,San José,Americas,Central America,,CR-->VA,CR-->VA,CR-->VA,CR-->VA,CR-->VA,CR-->VA,CR-->VA,CR-->VA,CR-->VA,CR-->VA,CR-->VA,CR-->VA,CR-->VA,CR-->VA,CR-->VA,CR-->VA,CR-->VA,CR-->VA,CR-->VA,,,,,,,,,,,,,,,,,VA-->CR,VA-->CR,VA-->CR,VA-->CR,VA-->CR,VA-->CR,VA-->CR,VA-->CR,VA-->CR,VA-->CR,VA-->CR,VA-->CR,VA-->CR,VA-->CR,VA-->CR,VA-->CR,VA-->CR,VA-->CR,VA-->CR
HR,HRV,Croatia,Zagreb,Europe,Southern Europe,,HR-->VA,HR-->VA,HR-->VA,HR-->VA,HR-->VA,HR-->VA,HR-->VA,HR-->VA,HR-->VA,HR-->VA,HR-->VA,HR-->VA,HR-->VA,HR-->VA,HR-->VA,HR-->VA,HR-->VA,HR-->VA,HR-->VA,,,,,,,,,,,,,,,,,VA-->HR,VA-->HR,VA-->HR,VA-->HR,VA-->HR,VA-->HR,VA-->HR,VA-->HR,VA-->HR,VA-->HR,VA-->HR,VA-->HR,VA-->HR,VA-->HR,VA-->HR,VA-->HR,VA-->HR,VA-->HR,VA-->HR
CU,CUB,Cuba,Havana,Americas,Caribbean,,CU-->VA,CU-->VA,CU-->VA,CU-->VA,CU-->VA,CU-->VA,CU-->VA,CU-->VA,CU-->VA,CU-->VA,CU-->VA,CU-->VA,CU-->VA,CU-->VA,CU-->VA,CU-->VA,CU-->VA,CU-->VA,CU-->VA,,,,,,,,,,,,,,,,,VA-->CU,VA-->CU,VA-->CU,VA-->CU,VA-->CU,VA-->CU,VA-->CU,VA-->CU,VA-->CU,VA-->CU,VA-->CU,VA-->CU,VA-->CU,VA-->CU,VA-->CU,VA-->CU,VA-->CU,VA-->CU,VA-->CU
CW,CUW,Curaçao,Willemstad,Americas,Caribbean,,CW-->VA,CW-->VA,CW-->VA,CW-->VA,CW-->VA,CW-->VA,CW-->VA,CW-->VA,CW-->VA,CW-->VA,CW-->VA,CW-->VA,CW-->VA,CW-->VA,CW-->VA,CW-->VA,CW-->VA,CW-->VA,CW-->VA,,,,,,,,,,,,,,,,,VA-->CW,VA-->CW,VA-->CW,VA-->CW,VA-->CW,VA-->CW,VA-->CW,VA-->CW,VA-->CW,VA-->CW,VA-->CW,VA-->CW,VA-->CW,VA-->CW,VA-->CW,VA-->CW,VA-->CW,VA-->CW,VA-->CW
CY,CYP,Cyprus,Nicosia,Europe,Southern Europe,,CY-->VA,CY-->VA,CY-->VA,CY-->VA,CY-->VA,CY-->VA,CY-->VA,CY-->VA,CY-->VA,CY-->VA,CY-->VA,CY-->VA,CY-->VA,CY-->VA,CY-->VA,CY-->VA,CY-->VA,CY-->VA,CY-->VA,,,,,,,,,,,,,,,,,VA-->CY,VA-->CY,VA-->CY,VA-->CY,VA-->CY,VA-->CY,VA-->CY,VA-->CY,VA-->CY,VA-->CY,VA-->CY,VA-->CY,VA-->CY,VA-->CY,VA-->CY,VA-->CY,VA-->CY,VA-->CY,VA-->CY
CZ,CZE,Czech Republic,Prague,Europe,Eastern Europe,,CZ-->VA,CZ-->VA,CZ-->VA,CZ-->VA,CZ-->VA,CZ-->VA,CZ-->VA,CZ-->VA,CZ-->VA,CZ-->VA,CZ-->VA,CZ-->VA,CZ-->VA,CZ-->VA,CZ-->VA,CZ-->VA,CZ-->VA,CZ-->VA,CZ-->VA,,,,,,,,,,,,,,,,,VA-->CZ,VA-->CZ,VA-->CZ,VA-->CZ,VA-->CZ,VA-->CZ,VA-->CZ,VA-->CZ,VA-->CZ,VA-->CZ,VA-->CZ,VA-->CZ,VA-->CZ,VA-->CZ,VA-->CZ,VA-->CZ,VA-->CZ,VA-->CZ,VA-->CZ
DK,DNK,Denmark,Copenhagen,Europe,Northern Europe,,DK-->VA,DK-->VA,DK-->VA,DK-->VA,DK-->VA,DK-->VA,DK-->VA,DK-->VA,DK-->VA,DK-->VA,DK-->VA,DK-->VA,DK-->VA,DK-->VA,DK-->VA,DK-->VA,DK-->VA,DK-->VA,DK-->VA,,,,,,,,,,,,,,,,,VA-->DK,VA-->DK,VA-->DK,VA-->DK,VA-->DK,VA-->DK,VA-->DK,VA-->DK,VA-->DK,VA-->DK,VA-->DK,VA-->DK,VA-->DK,VA-->DK,VA-->DK,VA-->DK,VA-->DK,VA-->DK,VA-->DK
DJ,DJI,Djibouti,Djibouti,Africa,Eastern Africa,,DJ-->VA,DJ-->VA,DJ-->VA,DJ-->VA,DJ-->VA,DJ-->VA,DJ-->VA,DJ-->VA,DJ-->VA,DJ-->VA,DJ-->VA,DJ-->VA,DJ-->VA,DJ-->VA,DJ-->VA,DJ-->VA,DJ-->VA,DJ-->VA,DJ-->VA,,,,,,,,,,,,,,,,,VA-->DJ,VA-->DJ,VA-->DJ,VA-->DJ,VA-->DJ,VA-->DJ,VA-->DJ,VA-->DJ,VA-->DJ,VA-->DJ,VA-->DJ,VA-->DJ,VA-->DJ,VA-->DJ,VA-->DJ,VA-->DJ,VA-->DJ,VA-->DJ,VA-->DJ
DM,DMA,Dominica,Roseau,Americas,Caribbean,,DM-->VA,DM-->VA,DM-->VA,DM-->VA,DM-->VA,DM-->VA,DM-->VA,DM-->VA,DM-->VA,DM-->VA,DM-->VA,DM-->VA,DM-->VA,DM-->VA,DM-->VA,DM-->VA,DM-->VA,DM-->VA,DM-->VA,,,,,,,,,,,,,,,,,VA-->DM,VA-->DM,VA-->DM,VA-->DM,VA-->DM,VA-->DM,VA-->DM,VA-->DM,VA-->DM,VA-->DM,VA-->DM,VA-->DM,VA-->DM,VA-->DM,VA-->DM,VA-->DM,VA-->DM,VA-->DM,VA-->DM
DO,DOM,Dominican Republic,Santo Domingo,Americas,Caribbean,,DO-->VA,DO-->VA,DO-->VA,DO-->VA,DO-->VA,DO-->VA,DO-->VA,DO-->VA,DO-->VA,DO-->VA,DO-->VA,DO-->VA,DO-->VA,DO-->VA,DO-->VA,DO-->VA,DO-->VA,DO-->VA,DO-->VA,,,,,,,,,,,,,,,,,VA-->DO,VA-->DO,VA-->DO,VA-->DO,VA-->DO,VA-->DO,VA-->DO,VA-->DO,VA-->DO,VA-->DO,VA-->DO,VA-->DO,VA-->DO,VA-->DO,VA-->DO,VA-->DO,VA-->DO,VA-->DO,VA-->DO
EC,ECU,Ecuador,Quito,Americas,South America,,EC-->VA,EC-->VA,EC-->VA,EC-->VA,EC-->VA,EC-->VA,EC-->VA,EC-->VA,EC-->VA,EC-->VA,EC-->VA,EC-->VA,EC-->VA,EC-->VA,EC-->VA,EC-->VA,EC-->VA,EC-->VA,EC-->VA,,,,,,,,,,,,,,,,,VA-->EC,VA-->EC,VA-->EC,VA-->EC,VA-->EC,VA-->EC,VA-->EC,VA-->EC,VA-->EC,VA-->EC,VA-->EC,VA-->EC,VA-->EC,VA-->EC,VA-->EC,VA-->EC,VA-->EC,VA-->EC,VA-->EC
EG,EGY,Egypt,Cairo,Africa,Northern Africa,,EG-->VA,EG-->VA,EG-->VA,EG-->VA,EG-->VA,EG-->VA,EG-->VA,EG-->VA,EG-->VA,EG-->VA,EG-->VA,EG-->VA,EG-->VA,EG-->VA,EG-->VA,EG-->VA,EG-->VA,EG-->VA,EG-->VA,,,,,,,,,,,,,,,,,VA-->EG,VA-->EG,VA-->EG,VA-->EG,VA-->EG,VA-->EG,VA-->EG,VA-->EG,VA-->EG,VA-->EG,VA-->EG,VA-->EG,VA-->EG,VA-->EG,VA-->EG,VA-->EG,VA-->EG,VA-->EG,VA-->EG
SV,SLV,El Salvador,San Salvador,Americas,Central America,,SV-->VA,SV-->VA,SV-->VA,SV-->VA,SV-->VA,SV-->VA,SV-->VA,SV-->VA,SV-->VA,SV-->VA,SV-->VA,SV-->VA,SV-->VA,SV-->VA,SV-->VA,SV-->VA,SV-->VA,SV-->VA,SV-->VA,,,,,,,,,,,,,,,,,VA-->SV,VA-->SV,VA-->SV,VA-->SV,VA-->SV,VA-->SV,VA-->SV,VA-->SV,VA-->SV,VA-->SV,VA-->SV,VA-->SV,VA-->SV,VA-->SV,VA-->SV,VA-->SV,VA-->SV,VA-->SV,VA-->SV
GQ,GNQ,Equatorial Guinea,Malabo,Africa,Middle Africa,,GQ-->VA,GQ-->VA,GQ-->VA,GQ-->VA,GQ-->VA,GQ-->VA,GQ-->VA,GQ-->VA,GQ-->VA,GQ-->VA,GQ-->VA,GQ-->VA,GQ-->VA,GQ-->VA,GQ-->VA,GQ-->VA,GQ-->VA,GQ-->VA,GQ-->VA,,,,,,,,,,,,,,,,,VA-->GQ,VA-->GQ,VA-->GQ,VA-->GQ,VA-->GQ,VA-->GQ,VA-->GQ,VA-->GQ,VA-->GQ,VA-->GQ,VA-->GQ,VA-->GQ,VA-->GQ,VA-->GQ,VA-->GQ,VA-->GQ,VA-->GQ,VA-->GQ,VA-->GQ
ER,ERI,Eritrea,Asmara,Africa,Eastern Africa,,ER-->VA,ER-->VA,ER-->VA,ER-->VA,ER-->VA,ER-->VA,ER-->VA,ER-->VA,ER-->VA,ER-->VA,ER-->VA,ER-->VA,ER-->VA,ER-->VA,ER-->VA,ER-->VA,ER-->VA,ER-->VA,ER-->VA,,,,,,,,,,,,,,,,,VA-->ER,VA-->ER,VA-->ER,VA-->ER,VA-->ER,VA-->ER,VA-->ER,VA-->ER,VA-->ER,VA-->ER,VA-->ER,VA-->ER,VA-->ER,VA-->ER,VA-->ER,VA-->ER,VA-->ER,VA-->ER,VA-->ER
EE,EST,Estonia,Tallinn,Europe,Northern Europe,,EE-->VA,EE-->VA,EE-->VA,EE-->VA,EE-->VA,EE-->VA,EE-->VA,EE-->VA,EE-->VA,EE-->VA,EE-->VA,EE-->VA,EE-->VA,EE-->VA,EE-->VA,EE-->VA,EE-->VA,EE-->VA,EE-->VA,,,,,,,,,,,,,,,,,VA-->EE,VA-->EE,VA-->EE,VA-->EE,VA-->EE,VA-->EE,VA-->EE,VA-->EE,VA-->EE,VA-->EE,VA-->EE,VA-->EE,VA-->EE,VA-->EE,VA-->EE,VA-->EE,VA-->EE,VA-->EE,VA-->EE
ET,ETH,Ethiopia,Addis Ababa,Africa,Eastern Africa,,ET-->VA,ET-->VA,ET-->VA,ET-->VA,ET-->VA,ET-->VA,ET-->VA,ET-->VA,ET-->VA,ET-->VA,ET-->VA,ET-->VA,ET-->VA,ET-->VA,ET-->VA,ET-->VA,ET-->VA,ET-->VA,ET-->VA,,,,,,,,,,,,,,,,,VA-->ET,VA-->ET,VA-->ET,VA-->ET,VA-->ET,VA-->ET,VA-->ET,VA-->ET,VA-->ET,VA-->ET,VA-->ET,VA-->ET,VA-->ET,VA-->ET,VA-->ET,VA-->ET,VA-->ET,VA-->ET,VA-->ET
FK,FLK,Falkland Islands,Stanley,Americas,South America,,FK-->VA,FK-->VA,FK-->VA,FK-->VA,FK-->VA,FK-->VA,FK-->VA,FK-->VA,FK-->VA,FK-->VA,FK-->VA,FK-->VA,FK-->VA,FK-->VA,FK-->VA,FK-->VA,FK-->VA,FK-->VA,FK-->VA,,,,,,,,,,,,,,,,,VA-->FK,VA-->FK,VA-->FK,VA-->FK,VA-->FK,VA-->FK,VA-->FK,VA-->FK,VA-->FK,VA-->FK,VA-->FK,VA-->FK,VA-->FK,VA-->FK,VA-->FK,VA-->FK,VA-->FK,VA-->FK,VA-->FK
FO,FRO,Faroe Islands,Tórshavn,Europe,Northern Europe,,FO-->VA,FO-->VA,FO-->VA,FO-->VA,FO-->VA,FO-->VA,FO-->VA,FO-->VA,FO-->VA,FO-->VA,FO-->VA,FO-->VA,FO-->VA,FO-->VA,FO-->VA,FO-->VA,FO-->VA,FO-->VA,FO-->VA,,,,,,,,,,,,,,,,,VA-->FO,VA-->FO,VA-->FO,VA-->FO,VA-->FO,VA-->FO,VA-->FO,VA-->FO,VA-->FO,VA-->FO,VA-->FO,VA-->FO,VA-->FO,VA-->FO,VA-->FO,VA-->FO,VA-->FO,VA-->FO,VA-->FO
FJ,FJI,Fiji,Suva,Oceania,Melanesia,,FJ-->VA,FJ-->VA,FJ-->VA,FJ-->VA,FJ-->VA,FJ-->VA,FJ-->VA,FJ-->VA,FJ-->VA,FJ-->VA,FJ-->VA,FJ-->VA,FJ-->VA,FJ-->VA,FJ-->VA,FJ-->VA,FJ-->VA,FJ-->VA,FJ-->VA,,,,,,,,,,,,,,,,,VA-->FJ,VA-->FJ,VA-->FJ,VA-->FJ,VA-->FJ,VA-->FJ,VA-->FJ,VA-->FJ,VA-->FJ,VA-->FJ,VA-->FJ,VA-->FJ,VA-->FJ,VA-->FJ,VA-->FJ,VA-->FJ,VA-->FJ,VA-->FJ,VA-->FJ
FI,FIN,Finland,Helsinki,Europe,Northern Europe,,FI-->VA,FI-->VA,FI-->VA,FI-->VA,FI-->VA,FI-->VA,FI-->VA,FI-->VA,FI-->VA,FI-->VA,FI-->VA,FI-->VA,FI-->VA,FI-->VA,FI-->VA,FI-->VA,FI-->VA,FI-->VA,FI-->VA,,,,,,,,,,,,,,,,,VA-->FI,VA-->FI,VA-->FI,VA-->FI,VA-->FI,VA-->FI,VA-->FI,VA-->FI,VA-->FI,VA-->FI,VA-->FI,VA-->FI,VA-->FI,VA-->FI,VA-->FI,VA-->FI,VA-->FI,VA-->FI,VA-->FI
FR,FRA,France,Paris,Europe,Western Europe,,FR-->VA,FR-->VA,FR-->VA,FR-->VA,FR-->VA,FR-->VA,FR-->VA,FR-->VA,FR-->VA,FR-->VA,FR-->VA,FR-->VA,FR-->VA,FR-->VA,FR-->VA,FR-->VA,FR-->VA,FR-->VA,FR-->VA,,,,,,,,,,,,,,,,,VA-->FR,VA-->FR,VA-->FR,VA-->FR,VA-->FR,VA-->FR,VA-->FR,VA-->FR,VA-->FR,VA-->FR,VA-->FR,VA-->FR,VA-->FR,VA-->FR,VA-->FR,VA-->FR,VA-->FR,VA-->FR,VA-->FR
GF,GUF,French Guiana,Cayenne,Americas,South America,,GF-->VA,GF-->VA,GF-->VA,GF-->VA,GF-->VA,GF-->VA,GF-->VA,GF-->VA,GF-->VA,GF-->VA,GF-->VA,GF-->VA,GF-->VA,GF-->VA,GF-->VA,GF-->VA,GF-->VA,GF-->VA,GF-->VA,,,,,,,,,,,,,,,,,VA-->GF,VA-->GF,VA-->GF,VA-->GF,VA-->GF,VA-->GF,VA-->GF,VA-->GF,VA-->GF,VA-->GF,VA-->GF,VA-->GF,VA-->GF,VA-->GF,VA-->GF,VA-->GF,VA-->GF,VA-->GF,VA-->GF
PF,PYF,French Polynesia,Papeetē,Oceania,Polynesia,,PF-->VA,PF-->VA,PF-->VA,PF-->VA,PF-->VA,PF-->VA,PF-->VA,PF-->VA,PF-->VA,PF-->VA,PF-->VA,PF-->VA,PF-->VA,PF-->VA,PF-->VA,PF-->VA,PF-->VA,PF-->VA,PF-->VA,,,,,,,,,,,,,,,,,VA-->PF,VA-->PF,VA-->PF,VA-->PF,VA-->PF,VA-->PF,VA-->PF,VA-->PF,VA-->PF,VA-->PF,VA-->PF,VA-->PF,VA-->PF,VA-->PF,VA-->PF,VA-->PF,VA-->PF,VA-->PF,VA-->PF
TF,ATF,French Southern and Antarctic Lands,Port-aux-Français,Africa,Southern Africa,,TF-->VA,TF-->VA,TF-->VA,TF-->VA,TF-->VA,TF-->VA,TF-->VA,TF-->VA,TF-->VA,TF-->VA,TF-->VA,TF-->VA,TF-->VA,TF-->VA,TF-->VA,TF-->VA,TF-->VA,TF-->VA,TF-->VA,,,,,,,,,,,,,,,,,VA-->TF,VA-->TF,VA-->TF,VA-->TF,VA-->TF,VA-->TF,VA-->TF,VA-->TF,VA-->TF,VA-->TF,VA-->TF,VA-->TF,VA-->TF,VA-->TF,VA-->TF,VA-->TF,VA-->TF,VA-->TF,VA-->TF
GA,GAB,Gabon,Libreville,Africa,Middle Africa,,GA-->VA,GA-->VA,GA-->VA,GA-->VA,GA-->VA,GA-->VA,GA-->VA,GA-->VA,GA-->VA,GA-->VA,GA-->VA,GA-->VA,GA-->VA,GA-->VA,GA-->VA,GA-->VA,GA-->VA,GA-->VA,GA-->VA,,,,,,,,,,,,,,,,,VA-->GA,VA-->GA,VA-->GA,VA-->GA,VA-->GA,VA-->GA,VA-->GA,VA-->GA,VA-->GA,VA-->GA,VA-->GA,VA-->GA,VA-->GA,VA-->GA,VA-->GA,VA-->GA,VA-->GA,VA-->GA,VA-->GA
GM,GMB,The Gambia,Banjul,Africa,Western Africa,,GM-->VA,GM-->VA,GM-->VA,GM-->VA,GM-->VA,GM-->VA,GM-->VA,GM-->VA,GM-->VA,GM-->VA,GM-->VA,GM-->VA,GM-->VA,GM-->VA,GM-->VA,GM-->VA,GM-->VA,GM-->VA,GM-->VA,,,,,,,,,,,,,,,,,VA-->GM,VA-->GM,VA-->GM,VA-->GM,VA-->GM,VA-->GM,VA-->GM,VA-->GM,VA-->GM,VA-->GM,VA-->GM,VA-->GM,VA-->GM,VA-->GM,VA-->GM,VA-->GM,VA-->GM,VA-->GM,VA-->GM
GE,GEO,Georgia,Tbilisi,Asia,Western Asia,,GE-->VA,GE-->VA,GE-->VA,GE-->VA,GE-->VA,GE-->VA,GE-->VA,GE-->VA,GE-->VA,GE-->VA,GE-->VA,GE-->VA,GE-->VA,GE-->VA,GE-->VA,GE-->VA,GE-->VA,GE-->VA,GE-->VA,,,,,,,,,,,,,,,,,VA-->GE,VA-->GE,VA-->GE,VA-->GE,VA-->GE,VA-->GE,VA-->GE,VA-->GE,VA-->GE,VA-->GE,VA-->GE,VA-->GE,VA-->GE,VA-->GE,VA-->GE,VA-->GE,VA-->GE,VA-->GE,VA-->GE
DE,DEU,Germany,Berlin,Europe,Western Europe,,DE-->VA,DE-->VA,DE-->VA,DE-->VA,DE-->VA,DE-->VA,DE-->VA,DE-->VA,DE-->VA,DE-->VA,DE-->VA,DE-->VA,DE-->VA,DE-->VA,DE-->VA,DE-->VA,DE-->VA,DE-->VA,DE-->VA,,,,,,,,,,,,,,,,,VA-->DE,VA-->DE,VA-->DE,VA-->DE,VA-->DE,VA-->DE,VA-->DE,VA-->DE,VA-->DE,VA-->DE,VA-->DE,VA-->DE,VA-->DE,VA-->DE,VA-->DE,VA-->DE,VA-->DE,VA-->DE,VA-->DE
GH,GHA,Ghana,Accra,Africa,Western Africa,,GH-->VA,GH-->VA,GH-->VA,GH-->VA,GH-->VA,GH-->VA,GH-->VA,GH-->VA,GH-->VA,GH-->VA,GH-->VA,GH-->VA,GH-->VA,GH-->VA,GH-->VA,GH-->VA,GH-->VA,GH-->VA,GH-->VA,,,,,,,,,,,,,,,,,VA-->GH,VA-->GH,VA-->GH,VA-->GH,VA-->GH,VA-->GH,VA-->GH,VA-->GH,VA-->GH,VA-->GH,VA-->GH,VA-->GH,VA-->GH,VA-->GH,VA-->GH,VA-->GH,VA-->GH,VA-->GH,VA-->GH
GI,GIB,Gibraltar,Gibraltar,Europe,Southern Europe,,GI-->VA,GI-->VA,GI-->VA,GI-->VA,GI-->VA,GI-->VA,GI-->VA,GI-->VA,GI-->VA,GI-->VA,GI-->VA,GI-->VA,GI-->VA,GI-->VA,GI-->VA,GI-->VA,GI-->VA,GI-->VA,GI-->VA,,,,,,,,,,,,,,,,,VA-->GI,VA-->GI,VA-->GI,VA-->GI,VA-->GI,VA-->GI,VA-->GI,VA-->GI,VA-->GI,VA-->GI,VA-->GI,VA-->GI,VA-->GI,VA-->GI,VA-->GI,VA-->GI,VA-->GI,VA-->GI,VA-->GI
GR,GRC,Greece,Athens,Europe,Southern Europe,,GR-->VA,GR-->VA,GR-->VA,GR-->VA,GR-->VA,GR-->VA,GR-->VA,GR-->VA,GR-->VA,GR-->VA,GR-->VA,GR-->VA,GR-->VA,GR-->VA,GR-->VA,GR-->VA,GR-->VA,GR-->VA,GR-->VA,,,,,,,,,,,,,,,,,VA-->GR,VA-->GR,VA-->GR,VA-->GR,VA-->GR,VA-->GR,VA-->GR,VA-->GR,VA-->GR,VA-->GR,VA-->GR,VA-->GR,VA-->GR,VA-->GR,VA-->GR,VA-->GR,VA-->GR,VA-->GR,VA-->GR
GL,GRL,Greenland,Nuuk,Americas,Northern America,,GL-->VA,GL-->VA,GL-->VA,GL-->VA,GL-->VA,GL-->VA,GL-->VA,GL-->VA,GL-->VA,GL-->VA,GL-->VA,GL-->VA,GL-->VA,GL-->VA,GL-->VA,GL-->VA,GL-->VA,GL-->VA,GL-->VA,,,,,,,,,,,,,,,,,VA-->GL,VA-->GL,VA-->GL,VA-->GL,VA-->GL,VA-->GL,VA-->GL,VA-->GL,VA-->GL,VA-->GL,VA-->GL,VA-->GL,VA-->GL,VA-->GL,VA-->GL,VA-->GL,VA-->GL,VA-->GL,VA-->GL
GD,GRD,Grenada,St. George's,Americas,Caribbean,,GD-->VA,GD-->VA,GD-->VA,GD-->VA,GD-->VA,GD-->VA,GD-->VA,GD-->VA,GD-->VA,GD-->VA,GD-->VA,GD-->VA,GD-->VA,GD-->VA,GD-->VA,GD-->VA,GD-->VA,GD-->VA,GD-->VA,,,,,,,,,,,,,,,,,VA-->GD,VA-->GD,VA-->GD,VA-->GD,VA-->GD,VA-->GD,VA-->GD,VA-->GD,VA-->GD,VA-->GD,VA-->GD,VA-->GD,VA-->GD,VA-->GD,VA-->GD,VA-->GD,VA-->GD,VA-->GD,VA-->GD
GP,GLP,Guadeloupe,Basse-Terre,Americas,Caribbean,,GP-->VA,GP-->VA,GP-->VA,GP-->VA,GP-->VA,GP-->VA,GP-->VA,GP-->VA,GP-->VA,GP-->VA,GP-->VA,GP-->VA,GP-->VA,GP-->VA,GP-->VA,GP-->VA,GP-->VA,GP-->VA,GP-->VA,,,,,,,,,,,,,,,,,VA-->GP,VA-->GP,VA-->GP,VA-->GP,VA-->GP,VA-->GP,VA-->GP,VA-->GP,VA-->GP,VA-->GP,VA-->GP,VA-->GP,VA-->GP,VA-->GP,VA-->GP,VA-->GP,VA-->GP,VA-->GP,VA-->GP
GU,GUM,Guam,Hagåtña,Oceania,Micronesia,,GU-->VA,GU-->VA,GU-->VA,GU-->VA,GU-->VA,GU-->VA,GU-->VA,GU-->VA,GU-->VA,GU-->VA,GU-->VA,GU-->VA,GU-->VA,GU-->VA,GU-->VA,GU-->VA,GU-->VA,GU-->VA,GU-->VA,,,,,,,,,,,,,,,,,VA-->GU,VA-->GU,VA-->GU,VA-->GU,VA-->GU,VA-->GU,VA-->GU,VA-->GU,VA-->GU,VA-->GU,VA-->GU,VA-->GU,VA-->GU,VA-->GU,VA-->GU,VA-->GU,VA-->GU,VA-->GU,VA-->GU
GT,GTM,Guatemala,Guatemala City,Americas,Central America,,GT-->VA,GT-->VA,GT-->VA,GT-->VA,GT-->VA,GT-->VA,GT-->VA,GT-->VA,GT-->VA,GT-->VA,GT-->VA,GT-->VA,GT-->VA,GT-->VA,GT-->VA,GT-->VA,GT-->VA,GT-->VA,GT-->VA,,,,,,,,,,,,,,,,,VA-->GT,VA-->GT,VA-->GT,VA-->GT,VA-->GT,VA-->GT,VA-->GT,VA-->GT,VA-->GT,VA-->GT,VA-->GT,VA-->GT,VA-->GT,VA-->GT,VA-->GT,VA-->GT,VA-->GT,VA-->GT,VA-->GT
GG,GGY,Guernsey,St. Peter Port,Europe,Northern Europe,,GG-->VA,GG-->VA,GG-->VA,GG-->VA,GG-->VA,GG-->VA,GG-->VA,GG-->VA,GG-->VA,GG-->VA,GG-->VA,GG-->VA,GG-->VA,GG-->VA,GG-->VA,GG-->VA,GG-->VA,GG-->VA,GG-->VA,,,,,,,,,,,,,,,,,VA-->GG,VA-->GG,VA-->GG,VA-->GG,VA-->GG,VA-->GG,VA-->GG,VA-->GG,VA-->GG,VA-->GG,VA-->GG,VA-->GG,VA-->GG,VA-->GG,VA-->GG,VA-->GG,VA-->GG,VA-->GG,VA-->GG
GN,GIN,Guinea,Conakry,Africa,Western Africa,,GN-->VA,GN-->VA,GN-->VA,GN-->VA,GN-->VA,GN-->VA,GN-->VA,GN-->VA,GN-->VA,GN-->VA,GN-->VA,GN-->VA,GN-->VA,GN-->VA,GN-->VA,GN-->VA,GN-->VA,GN-->VA,GN-->VA,,,,,,,,,,,,,,,,,VA-->GN,VA-->GN,VA-->GN,VA-->GN,VA-->GN,VA-->GN,VA-->GN,VA-->GN,VA-->GN,VA-->GN,VA-->GN,VA-->GN,VA-->GN,VA-->GN,VA-->GN,VA-->GN,VA-->GN,VA-->GN,VA-->GN
GW,GNB,Guinea-Bissau,Bissau,Africa,Western Africa,,GW-->VA,GW-->VA,GW-->VA,GW-->VA,GW-->VA,GW-->VA,GW-->VA,GW-->VA,GW-->VA,GW-->VA,GW-->VA,GW-->VA,GW-->VA,GW-->VA,GW-->VA,GW-->VA,GW-->VA,GW-->VA,GW-->VA,,,,,,,,,,,,,,,,,VA-->GW,VA-->GW,VA-->GW,VA-->GW,VA-->GW,VA-->GW,VA-->GW,VA-->GW,VA-->GW,VA-->GW,VA-->GW,VA-->GW,VA-->GW,VA-->GW,VA-->GW,VA-->GW,VA-->GW,VA-->GW,VA-->GW
GY,GUY,Guyana,Georgetown,Americas,South America,,GY-->VA,GY-->VA,GY-->VA,GY-->VA,GY-->VA,GY-->VA,GY-->VA,GY-->VA,GY-->VA,GY-->VA,GY-->VA,GY-->VA,GY-->VA,GY-->VA,GY-->VA,GY-->VA,GY-->VA,GY-->VA,GY-->VA,,,,,,,,,,,,,,,,,VA-->GY,VA-->GY,VA-->GY,VA-->GY,VA-->GY,VA-->GY,VA-->GY,VA-->GY,VA-->GY,VA-->GY,VA-->GY,VA-->GY,VA-->GY,VA-->GY,VA-->GY,VA-->GY,VA-->GY,VA-->GY,VA-->GY
HT,HTI,Haiti,Port-au-Prince,Americas,Caribbean,,HT-->VA,HT-->VA,HT-->VA,HT-->VA,HT-->VA,HT-->VA,HT-->VA,HT-->VA,HT-->VA,HT-->VA,HT-->VA,HT-->VA,HT-->VA,HT-->VA,HT-->VA,HT-->VA,HT-->VA,HT-->VA,HT-->VA,,,,,,,,,,,,,,,,,VA-->HT,VA-->HT,VA-->HT,VA-->HT,VA-->HT,VA-->HT,VA-->HT,VA-->HT,VA-->HT,VA-->HT,VA-->HT,VA-->HT,VA-->HT,VA-->HT,VA-->HT,VA-->HT,VA-->HT,VA-->HT,VA-->HT
HM,HMD,Heard Island and McDonald Islands,,,,,HM-->VA,HM-->VA,HM-->VA,HM-->VA,HM-->VA,HM-->VA,HM-->VA,HM-->VA,HM-->VA,HM-->VA,HM-->VA,HM-->VA,HM-->VA,HM-->VA,HM-->VA,HM-->VA,HM-->VA,HM-->VA,HM-->VA,,,,,,,,,,,,,,,,,VA-->HM,VA-->HM,VA-->HM,VA-->HM,VA-->HM,VA-->HM,VA-->HM,VA-->HM,VA-->HM,VA-->HM,VA-->HM,VA-->HM,VA-->HM,VA-->HM,VA-->HM,VA-->HM,VA-->HM,VA-->HM,VA-->HM
VA,VAT,Holy See,Rome,Europe,Southern Europe,,VA-->VA,VA-->VA,VA-->VA,VA-->VA,VA-->VA,VA-->VA,VA-->VA,VA-->VA,VA-->VA,VA-->VA,VA-->VA,VA-->VA,VA-->VA,VA-->VA,VA-->VA,VA-->VA,VA-->VA,VA-->VA,VA-->VA,,,,,,,,,,,,,,,,,VA-->VA,VA-->VA,VA-->VA,VA-->VA,VA-->VA,VA-->VA,VA-->VA,VA-->VA,VA-->VA,VA-->VA,VA-->VA,VA-->VA,VA-->VA,VA-->VA,VA-->VA,VA-->VA,VA-->VA,VA-->VA,VA-->VA
HN,HND,Honduras,Tegucigalpa,Americas,Central America,,HN-->VA,HN-->VA,HN-->VA,HN-->VA,HN-->VA,HN-->VA,HN-->VA,HN-->VA,HN-->VA,HN-->VA,HN-->VA,HN-->VA,HN-->VA,HN-->VA,HN-->VA,HN-->VA,HN-->VA,HN-->VA,HN-->VA,,,,,,,,,,,,,,,,,VA-->HN,VA-->HN,VA-->HN,VA-->HN,VA-->HN,VA-->HN,VA-->HN,VA-->HN,VA-->HN,VA-->HN,VA-->HN,VA-->HN,VA-->HN,VA-->HN,VA-->HN,VA-->HN,VA-->HN,VA-->HN,VA-->HN
HK,HKG,Hong Kong,City of Victoria,Asia,Eastern Asia,,HK-->VA,HK-->VA,HK-->VA,HK-->VA,HK-->VA,HK-->VA,HK-->VA,HK-->VA,HK-->VA,HK-->VA,HK-->VA,HK-->VA,HK-->VA,HK-->VA,HK-->VA,HK-->VA,HK-->VA,HK-->VA,HK-->VA,,,,,,,,,,,,,,,,,VA-->HK,VA-->HK,VA-->HK,VA-->HK,VA-->HK,VA-->HK,VA-->HK,VA-->HK,VA-->HK,VA-->HK,VA-->HK,VA-->HK,VA-->HK,VA-->HK,VA-->HK,VA-->HK,VA-->HK,VA-->HK,VA-->HK
HU,HUN,Hungary,Budapest,Europe,Eastern Europe,,HU-->VA,HU-->VA,HU-->VA,HU-->VA,HU-->VA,HU-->VA,HU-->VA,HU-->VA,HU-->VA,HU-->VA,HU-->VA,HU-->VA,HU-->VA,HU-->VA,HU-->VA,HU-->VA,HU-->VA,HU-->VA,HU-->VA,,,,,,,,,,,,,,,,,VA-->HU,VA-->HU,VA-->HU,VA-->HU,VA-->HU,VA-->HU,VA-->HU,VA-->HU,VA-->HU,VA-->HU,VA-->HU,VA-->HU,VA-->HU,VA-->HU,VA-->HU,VA-->HU,VA-->HU,VA-->HU,VA-->HU
IS,ISL,Iceland,Reykjavík,Europe,Northern Europe,,IS-->VA,IS-->VA,IS-->VA,IS-->VA,IS-->VA,IS-->VA,IS-->VA,IS-->VA,IS-->VA,IS-->VA,IS-->VA,IS-->VA,IS-->VA,IS-->VA,IS-->VA,IS-->VA,IS-->VA,IS-->VA,IS-->VA,,,,,,,,,,,,,,,,,VA-->IS,VA-->IS,VA-->IS,VA-->IS,VA-->IS,VA-->IS,VA-->IS,VA-->IS,VA-->IS,VA-->IS,VA-->IS,VA-->IS,VA-->IS,VA-->IS,VA-->IS,VA-->IS,VA-->IS,VA-->IS,VA-->IS
IN,IND,India,New Delhi,Asia,Southern Asia,,IN-->VA,IN-->VA,IN-->VA,IN-->VA,IN-->VA,IN-->VA,IN-->VA,IN-->VA,IN-->VA,IN-->VA,IN-->VA,IN-->VA,IN-->VA,IN-->VA,IN-->VA,IN-->VA,IN-->VA,IN-->VA,IN-->VA,,,,,,,,,,,,,,,,,VA-->IN,VA-->IN,VA-->IN,VA-->IN,VA-->IN,VA-->IN,VA-->IN,VA-->IN,VA-->IN,VA-->IN,VA-->IN,VA-->IN,VA-->IN,VA-->IN,VA-->IN,VA-->IN,VA-->IN,VA-->IN,VA-->IN
ID,IDN,Indonesia,Jakarta,Asia,South-Eastern Asia,,ID-->VA,ID-->VA,ID-->VA,ID-->VA,ID-->VA,ID-->VA,ID-->VA,ID-->VA,ID-->VA,ID-->VA,ID-->VA,ID-->VA,ID-->VA,ID-->VA,ID-->VA,ID-->VA,ID-->VA,ID-->VA,ID-->VA,,,,,,,,,,,,,,,,,VA-->ID,VA-->ID,VA-->ID,VA-->ID,VA-->ID,VA-->ID,VA-->ID,VA-->ID,VA-->ID,VA-->ID,VA-->ID,VA-->ID,VA-->ID,VA-->ID,VA-->ID,VA-->ID,VA-->ID,VA-->ID,VA-->ID
CI,CIV,Ivory Coast,Yamoussoukro,Africa,Western Africa,,CI-->VA,CI-->VA,CI-->VA,CI-->VA,CI-->VA,CI-->VA,CI-->VA,CI-->VA,CI-->VA,CI-->VA,CI-->VA,CI-->VA,CI-->VA,CI-->VA,CI-->VA,CI-->VA,CI-->VA,CI-->VA,CI-->VA,,,,,,,,,,,,,,,,,VA-->CI,VA-->CI,VA-->CI,VA-->CI,VA-->CI,VA-->CI,VA-->CI,VA-->CI,VA-->CI,VA-->CI,VA-->CI,VA-->CI,VA-->CI,VA-->CI,VA-->CI,VA-->CI,VA-->CI,VA-->CI,VA-->CI
IR,IRN,Iran,Tehran,Asia,Southern Asia,,IR-->VA,IR-->VA,IR-->VA,IR-->VA,IR-->VA,IR-->VA,IR-->VA,IR-->VA,IR-->VA,IR-->VA,IR-->VA,IR-->VA,IR-->VA,IR-->VA,IR-->VA,IR-->VA,IR-->VA,IR-->VA,IR-->VA,,,,,,,,,,,,,,,,,VA-->IR,VA-->IR,VA-->IR,VA-->IR,VA-->IR,VA-->IR,VA-->IR,VA-->IR,VA-->IR,VA-->IR,VA-->IR,VA-->IR,VA-->IR,VA-->IR,VA-->IR,VA-->IR,VA-->IR,VA-->IR,VA-->IR
IQ,IRQ,Iraq,Baghdad,Asia,Western Asia,,IQ-->VA,IQ-->VA,IQ-->VA,IQ-->VA,IQ-->VA,IQ-->VA,IQ-->VA,IQ-->VA,IQ-->VA,IQ-->VA,IQ-->VA,IQ-->VA,IQ-->VA,IQ-->VA,IQ-->VA,IQ-->VA,IQ-->VA,IQ-->VA,IQ-->VA,,,,,,,,,,,,,,,,,VA-->IQ,VA-->IQ,VA-->IQ,VA-->IQ,VA-->IQ,VA-->IQ,VA-->IQ,VA-->IQ,VA-->IQ,VA-->IQ,VA-->IQ,VA-->IQ,VA-->IQ,VA-->IQ,VA-->IQ,VA-->IQ,VA-->IQ,VA-->IQ,VA-->IQ
IE,IRL,Republic of Ireland,Dublin,Europe,Northern Europe,,IE-->VA,IE-->VA,IE-->VA,IE-->VA,IE-->VA,IE-->VA,IE-->VA,IE-->VA,IE-->VA,IE-->VA,IE-->VA,IE-->VA,IE-->VA,IE-->VA,IE-->VA,IE-->VA,IE-->VA,IE-->VA,IE-->VA,,,,,,,,,,,,,,,,,VA-->IE,VA-->IE,VA-->IE,VA-->IE,VA-->IE,VA-->IE,VA-->IE,VA-->IE,VA-->IE,VA-->IE,VA-->IE,VA-->IE,VA-->IE,VA-->IE,VA-->IE,VA-->IE,VA-->IE,VA-->IE,VA-->IE
IM,IMN,Isle of Man,Douglas,Europe,Northern Europe,,IM-->VA,IM-->VA,IM-->VA,IM-->VA,IM-->VA,IM-->VA,IM-->VA,IM-->VA,IM-->VA,IM-->VA,IM-->VA,IM-->VA,IM-->VA,IM-->VA,IM-->VA,IM-->VA,IM-->VA,IM-->VA,IM-->VA,,,,,,,,,,,,,,,,,VA-->IM,VA-->IM,VA-->IM,VA-->IM,VA-->IM,VA-->IM,VA-->IM,VA-->IM,VA-->IM,VA-->IM,VA-->IM,VA-->IM,VA-->IM,VA-->IM,VA-->IM,VA-->IM,VA-->IM,VA-->IM,VA-->IM
IL,ISR,Israel,Jerusalem,Asia,Western Asia,,IL-->VA,IL-->VA,IL-->VA,IL-->VA,IL-->VA,IL-->VA,IL-->VA,IL-->VA,IL-->VA,IL-->VA,IL-->VA,IL-->VA,IL-->VA,IL-->VA,IL-->VA,IL-->VA,IL-->VA,IL-->VA,IL-->VA,,,,,,,,,,,,,,,,,VA-->IL,VA-->IL,VA-->IL,VA-->IL,VA-->IL,VA-->IL,VA-->IL,VA-->IL,VA-->IL,VA-->IL,VA-->IL,VA-->IL,VA-->IL,VA-->IL,VA-->IL,VA-->IL,VA-->IL,VA-->IL,VA-->IL
IT,ITA,Italy,Rome,Europe,Southern Europe,,IT-->VA,IT-->VA,IT-->VA,IT-->VA,IT-->VA,IT-->VA,IT-->VA,IT-->VA,IT-->VA,IT-->VA,IT-->VA,IT-->VA,IT-->VA,IT-->VA,IT-->VA,IT-->VA,IT-->VA,IT-->VA,IT-->VA,,,,,,,,,,,,,,,,,VA-->IT,VA-->IT,VA-->IT,VA-->IT,VA-->IT,VA-->IT,VA-->IT,VA-->IT,VA-->IT,VA-->IT,VA-->IT,VA-->IT,VA-->IT,VA-->IT,VA-->IT,VA-->IT,VA-->IT,VA-->IT,VA-->IT
JM,JAM,Jamaica,Kingston,Americas,Caribbean,,JM-->VA,JM-->VA,JM-->VA,JM-->VA,JM-->VA,JM-->VA,JM-->VA,JM-->VA,JM-->VA,JM-->VA,JM-->VA,JM-->VA,JM-->VA,JM-->VA,JM-->VA,JM-->VA,JM-->VA,JM-->VA,JM-->VA,,,,,,,,,,,,,,,,,VA-->JM,VA-->JM,VA-->JM,VA-->JM,VA-->JM,VA-->JM,VA-->JM,VA-->JM,VA-->JM,VA-->JM,VA-->JM,VA-->JM,VA-->JM,VA-->JM,VA-->JM,VA-->JM,VA-->JM,VA-->JM,VA-->JM
JP,JPN,Japan,Tokyo,Asia,Eastern Asia,,JP-->VA,JP-->VA,JP-->VA,JP-->VA,JP-->VA,JP-->VA,JP-->VA,JP-->VA,JP-->VA,JP-->VA,JP-->VA,JP-->VA,JP-->VA,JP-->VA,JP-->VA,JP-->VA,JP-->VA,JP-->VA,JP-->VA,,,,,,,,,,,,,,,,,VA-->JP,VA-->JP,VA-->JP,VA-->JP,VA-->JP,VA-->JP,VA-->JP,VA-->JP,VA-->JP,VA-->JP,VA-->JP,VA-->JP,VA-->JP,VA-->JP,VA-->JP,VA-->JP,VA-->JP,VA-->JP,VA-->JP
JE,JEY,Jersey,Saint Helier,Europe,Northern Europe,,JE-->VA,JE-->VA,JE-->VA,JE-->VA,JE-->VA,JE-->VA,JE-->VA,JE-->VA,JE-->VA,JE-->VA,JE-->VA,JE-->VA,JE-->VA,JE-->VA,JE-->VA,JE-->VA,JE-->VA,JE-->VA,JE-->VA,,,,,,,,,,,,,,,,,VA-->JE,VA-->JE,VA-->JE,VA-->JE,VA-->JE,VA-->JE,VA-->JE,VA-->JE,VA-->JE,VA-->JE,VA-->JE,VA-->JE,VA-->JE,VA-->JE,VA-->JE,VA-->JE,VA-->JE,VA-->JE,VA-->JE
JO,JOR,Jordan,Amman,Asia,Western Asia,,JO-->VA,JO-->VA,JO-->VA,JO-->VA,JO-->VA,JO-->VA,JO-->VA,JO-->VA,JO-->VA,JO-->VA,JO-->VA,JO-->VA,JO-->VA,JO-->VA,JO-->VA,JO-->VA,JO-->VA,JO-->VA,JO-->VA,,,,,,,,,,,,,,,,,VA-->JO,VA-->JO,VA-->JO,VA-->JO,VA-->JO,VA-->JO,VA-->JO,VA-->JO,VA-->JO,VA-->JO,VA-->JO,VA-->JO,VA-->JO,VA-->JO,VA-->JO,VA-->JO,VA-->JO,VA-->JO,VA-->JO
KZ,KAZ,Kazakhstan,Astana,Asia,Central Asia,,KZ-->VA,KZ-->VA,KZ-->VA,KZ-->VA,KZ-->VA,KZ-->VA,KZ-->VA,KZ-->VA,KZ-->VA,KZ-->VA,KZ-->VA,KZ-->VA,KZ-->VA,KZ-->VA,KZ-->VA,KZ-->VA,KZ-->VA,KZ-->VA,KZ-->VA,,,,,,,,,,,,,,,,,VA-->KZ,VA-->KZ,VA-->KZ,VA-->KZ,VA-->KZ,VA-->KZ,VA-->KZ,VA-->KZ,VA-->KZ,VA-->KZ,VA-->KZ,VA-->KZ,VA-->KZ,VA-->KZ,VA-->KZ,VA-->KZ,VA-->KZ,VA-->KZ,VA-->KZ
KE,KEN,Kenya,Nairobi,Africa,Eastern Africa,,KE-->VA,KE-->VA,KE-->VA,KE-->VA,KE-->VA,KE-->VA,KE-->VA,KE-->VA,KE-->VA,KE-->VA,KE-->VA,KE-->VA,KE-->VA,KE-->VA,KE-->VA,KE-->VA,KE-->VA,KE-->VA,KE-->VA,,,,,,,,,,,,,,,,,VA-->KE,VA-->KE,VA-->KE,VA-->KE,VA-->KE,VA-->KE,VA-->KE,VA-->KE,VA-->KE,VA-->KE,VA-->KE,VA-->KE,VA-->KE,VA-->KE,VA-->KE,VA-->KE,VA-->KE,VA-->KE,VA-->KE
KI,KIR,Kiribati,South Tarawa,Oceania,Micronesia,,KI-->VA,KI-->VA,KI-->VA,KI-->VA,KI-->VA,KI-->VA,KI-->VA,KI-->VA,KI-->VA,KI-->VA,KI-->VA,KI-->VA,KI-->VA,KI-->VA,KI-->VA,KI-->VA,KI-->VA,KI-->VA,KI-->VA,,,,,,,,,,,,,,,,,VA-->KI,VA-->KI,VA-->KI,VA-->KI,VA-->KI,VA-->KI,VA-->KI,VA-->KI,VA-->KI,VA-->KI,VA-->KI,VA-->KI,VA-->KI,VA-->KI,VA-->KI,VA-->KI,VA-->KI,VA-->KI,VA-->KI
KW,KWT,Kuwait,Kuwait City,Asia,Western Asia,,KW-->VA,KW-->VA,KW-->VA,KW-->VA,KW-->VA,KW-->VA,KW-->VA,KW-->VA,KW-->VA,KW-->VA,KW-->VA,KW-->VA,KW-->VA,KW-->VA,KW-->VA,KW-->VA,KW-->VA,KW-->VA,KW-->VA,,,,,,,,,,,,,,,,,VA-->KW,VA-->KW,VA-->KW,VA-->KW,VA-->KW,VA-->KW,VA-->KW,VA-->KW,VA-->KW,VA-->KW,VA-->KW,VA-->KW,VA-->KW,VA-->KW,VA-->KW,VA-->KW,VA-->KW,VA-->KW,VA-->KW
KG,KGZ,Kyrgyzstan,Bishkek,Asia,Central Asia,,KG-->VA,KG-->VA,KG-->VA,KG-->VA,KG-->VA,KG-->VA,KG-->VA,KG-->VA,KG-->VA,KG-->VA,KG-->VA,KG-->VA,KG-->VA,KG-->VA,KG-->VA,KG-->VA,KG-->VA,KG-->VA,KG-->VA,,,,,,,,,,,,,,,,,VA-->KG,VA-->KG,VA-->KG,VA-->KG,VA-->KG,VA-->KG,VA-->KG,VA-->KG,VA-->KG,VA-->KG,VA-->KG,VA-->KG,VA-->KG,VA-->KG,VA-->KG,VA-->KG,VA-->KG,VA-->KG,VA-->KG
LA,LAO,Laos,Vientiane,Asia,South-Eastern Asia,,LA-->VA,LA-->VA,LA-->VA,LA-->VA,LA-->VA,LA-->VA,LA-->VA,LA-->VA,LA-->VA,LA-->VA,LA-->VA,LA-->VA,LA-->VA,LA-->VA,LA-->VA,LA-->VA,LA-->VA,LA-->VA,LA-->VA,,,,,,,,,,,,,,,,,VA-->LA,VA-->LA,VA-->LA,VA-->LA,VA-->LA,VA-->LA,VA-->LA,VA-->LA,VA-->LA,VA-->LA,VA-->LA,VA-->LA,VA-->LA,VA-->LA,VA-->LA,VA-->LA,VA-->LA,VA-->LA,VA-->LA
LV,LVA,Latvia,Riga,Europe,Northern Europe,,LV-->VA,LV-->VA,LV-->VA,LV-->VA,LV-->VA,LV-->VA,LV-->VA,LV-->VA,LV-->VA,LV-->VA,LV-->VA,LV-->VA,LV-->VA,LV-->VA,LV-->VA,LV-->VA,LV-->VA,LV-->VA,LV-->VA,,,,,,,,,,,,,,,,,VA-->LV,VA-->LV,VA-->LV,VA-->LV,VA-->LV,VA-->LV,VA-->LV,VA-->LV,VA-->LV,VA-->LV,VA-->LV,VA-->LV,VA-->LV,VA-->LV,VA-->LV,VA-->LV,VA-->LV,VA-->LV,VA-->LV
LB,LBN,Lebanon,Beirut,Asia,Western Asia,,LB-->VA,LB-->VA,LB-->VA,LB-->VA,LB-->VA,LB-->VA,LB-->VA,LB-->VA,LB-->VA,LB-->VA,LB-->VA,LB-->VA,LB-->VA,LB-->VA,LB-->VA,LB-->VA,LB-->VA,LB-->VA,LB-->VA,,,,,,,,,,,,,,,,,VA-->LB,VA-->LB,VA-->LB,VA-->LB,VA-->LB,VA-->LB,VA-->LB,VA-->LB,VA-->LB,VA-->LB,VA-->LB,VA-->LB,VA-->LB,VA-->LB,VA-->LB,VA-->LB,VA-->LB,VA-->LB,VA-->LB
LS,LSO,Lesotho,Maseru,Africa,Southern Africa,,LS-->VA,LS-->VA,LS-->VA,LS-->VA,LS-->VA,LS-->VA,LS-->VA,LS-->VA,LS-->VA,LS-->VA,LS-->VA,LS-->VA,LS-->VA,LS-->VA,LS-->VA,LS-->VA,LS-->VA,LS-->VA,LS-->VA,,,,,,,,,,,,,,,,,VA-->LS,VA-->LS,VA-->LS,VA-->LS,VA-->LS,VA-->LS,VA-->LS,VA-->LS,VA-->LS,VA-->LS,VA-->LS,VA-->LS,VA-->LS,VA-->LS,VA-->LS,VA-->LS,VA-->LS,VA-->LS,VA-->LS
LR,LBR,Liberia,Monrovia,Africa,Western Africa,,LR-->VA,LR-->VA,LR-->VA,LR-->VA,LR-->VA,LR-->VA,LR-->VA,LR-->VA,LR-->VA,LR-->VA,LR-->VA,LR-->VA,LR-->VA,LR-->VA,LR-->VA,LR-->VA,LR-->VA,LR-->VA,LR-->VA,,,,,,,,,,,,,,,,,VA-->LR,VA-->LR,VA-->LR,VA-->LR,VA-->LR,VA-->LR,VA-->LR,VA-->LR,VA-->LR,VA-->LR,VA-->LR,VA-->LR,VA-->LR,VA-->LR,VA-->LR,VA-->LR,VA-->LR,VA-->LR,VA-->LR
LY,LBY,Libya,Tripoli,Africa,Northern Africa,,LY-->VA,LY-->VA,LY-->VA,LY-->VA,LY-->VA,LY-->VA,LY-->VA,LY-->VA,LY-->VA,LY-->VA,LY-->VA,LY-->VA,LY-->VA,LY-->VA,LY-->VA,LY-->VA,LY-->VA,LY-->VA,LY-->VA,,,,,,,,,,,,,,,,,VA-->LY,VA-->LY,VA-->LY,VA-->LY,VA-->LY,VA-->LY,VA-->LY,VA-->LY,VA-->LY,VA-->LY,VA-->LY,VA-->LY,VA-->LY,VA-->LY,VA-->LY,VA-->LY,VA-->LY,VA-->LY,VA-->LY
LI,LIE,Liechtenstein,Vaduz,Europe,Western Europe,,LI-->VA,LI-->VA,LI-->VA,LI-->VA,LI-->VA,LI-->VA,LI-->VA,LI-->VA,LI-->VA,LI-->VA,LI-->VA,LI-->VA,LI-->VA,LI-->VA,LI-->VA,LI-->VA,LI-->VA,LI-->VA,LI-->VA,,,,,,,,,,,,,,,,,VA-->LI,VA-->LI,VA-->LI,VA-->LI,VA-->LI,VA-->LI,VA-->LI,VA-->LI,VA-->LI,VA-->LI,VA-->LI,VA-->LI,VA-->LI,VA-->LI,VA-->LI,VA-->LI,VA-->LI,VA-->LI,VA-->LI
LT,LTU,Lithuania,Vilnius,Europe,Northern Europe,,LT-->VA,LT-->VA,LT-->VA,LT-->VA,LT-->VA,LT-->VA,LT-->VA,LT-->VA,LT-->VA,LT-->VA,LT-->VA,LT-->VA,LT-->VA,LT-->VA,LT-->VA,LT-->VA,LT-->VA,LT-->VA,LT-->VA,,,,,,,,,,,,,,,,,VA-->LT,VA-->LT,VA-->LT,VA-->LT,VA-->LT,VA-->LT,VA-->LT,VA-->LT,VA-->LT,VA-->LT,VA-->LT,VA-->LT,VA-->LT,VA-->LT,VA-->LT,VA-->LT,VA-->LT,VA-->LT,VA-->LT
LU,LUX,Luxembourg,Luxembourg,Europe,Western Europe,,LU-->VA,LU-->VA,LU-->VA,LU-->VA,LU-->VA,LU-->VA,LU-->VA,LU-->VA,LU-->VA,LU-->VA,LU-->VA,LU-->VA,LU-->VA,LU-->VA,LU-->VA,LU-->VA,LU-->VA,LU-->VA,LU-->VA,,,,,,,,,,,,,,,,,VA-->LU,VA-->LU,VA-->LU,VA-->LU,VA-->LU,VA-->LU,VA-->LU,VA-->LU,VA-->LU,VA-->LU,VA-->LU,VA-->LU,VA-->LU,VA-->LU,VA-->LU,VA-->LU,VA-->LU,VA-->LU,VA-->LU
MO,MAC,Macau,,Asia,Eastern Asia,,MO-->VA,MO-->VA,MO-->VA,MO-->VA,MO-->VA,MO-->VA,MO-->VA,MO-->VA,MO-->VA,MO-->VA,MO-->VA,MO-->VA,MO-->VA,MO-->VA,MO-->VA,MO-->VA,MO-->VA,MO-->VA,MO-->VA,,,,,,,,,,,,,,,,,VA-->MO,VA-->MO,VA-->MO,VA-->MO,VA-->MO,VA-->MO,VA-->MO,VA-->MO,VA-->MO,VA-->MO,VA-->MO,VA-->MO,VA-->MO,VA-->MO,VA-->MO,VA-->MO,VA-->MO,VA-->MO,VA-->MO
MK,MKD,Republic of Macedonia,Skopje,Europe,Southern Europe,,MK-->VA,MK-->VA,MK-->VA,MK-->VA,MK-->VA,MK-->VA,MK-->VA,MK-->VA,MK-->VA,MK-->VA,MK-->VA,MK-->VA,MK-->VA,MK-->VA,MK-->VA,MK-->VA,MK-->VA,MK-->VA,MK-->VA,,,,,,,,,,,,,,,,,VA-->MK,VA-->MK,VA-->MK,VA-->MK,VA-->MK,VA-->MK,VA-->MK,VA-->MK,VA-->MK,VA-->MK,VA-->MK,VA-->MK,VA-->MK,VA-->MK,VA-->MK,VA-->MK,VA-->MK,VA-->MK,VA-->MK
MG,MDG,Madagascar,Antananarivo,Africa,Eastern Africa,,MG-->VA,MG-->VA,MG-->VA,MG-->VA,MG-->VA,MG-->VA,MG-->VA,MG-->VA,MG-->VA,MG-->VA,MG-->VA,MG-->VA,MG-->VA,MG-->VA,MG-->VA,MG-->VA,MG-->VA,MG-->VA,MG-->VA,,,,,,,,,,,,,,,,,VA-->MG,VA-->MG,VA-->MG,VA-->MG,VA-->MG,VA-->MG,VA-->MG,VA-->MG,VA-->MG,VA-->MG,VA-->MG,VA-->MG,VA-->MG,VA-->MG,VA-->MG,VA-->MG,VA-->MG,VA-->MG,VA-->MG
MW,MWI,Malawi,Lilongwe,Africa,Eastern Africa,,MW-->VA,MW-->VA,MW-->VA,MW-->VA,MW-->VA,MW-->VA,MW-->VA,MW-->VA,MW-->VA,MW-->VA,MW-->VA,MW-->VA,MW-->VA,MW-->VA,MW-->VA,MW-->VA,MW-->VA,MW-->VA,MW-->VA,,,,,,,,,,,,,,,,,VA-->MW,VA-->MW,VA-->MW,VA-->MW,VA-->MW,VA-->MW,VA-->MW,VA-->MW,VA-->MW,VA-->MW,VA-->MW,VA-->MW,VA-->MW,VA-->MW,VA-->MW,VA-->MW,VA-->MW,VA-->MW,VA-->MW
MY,MYS,Malaysia,Kuala Lumpur,Asia,South-Eastern Asia,,MY-->VA,MY-->VA,MY-->VA,MY-->VA,MY-->VA,MY-->VA,MY-->VA,MY-->VA,MY-->VA,MY-->VA,MY-->VA,MY-->VA,MY-->VA,MY-->VA,MY-->VA,MY-->VA,MY-->VA,MY-->VA,MY-->VA,,,,,,,,,,,,,,,,,VA-->MY,VA-->MY,VA-->MY,VA-->MY,VA-->MY,VA-->MY,VA-->MY,VA-->MY,VA-->MY,VA-->MY,VA-->MY,VA-->MY,VA-->MY,VA-->MY,VA-->MY,VA-->MY,VA-->MY,VA-->MY,VA-->MY
MV,MDV,Maldives,Malé,Asia,Southern Asia,,MV-->VA,MV-->VA,MV-->VA,MV-->VA,MV-->VA,MV-->VA,MV-->VA,MV-->VA,MV-->VA,MV-->VA,MV-->VA,MV-->VA,MV-->VA,MV-->VA,MV-->VA,MV-->VA,MV-->VA,MV-->VA,MV-->VA,,,,,,,,,,,,,,,,,VA-->MV,VA-->MV,VA-->MV,VA-->MV,VA-->MV,VA-->MV,VA-->MV,VA-->MV,VA-->MV,VA-->MV,VA-->MV,VA-->MV,VA-->MV,VA-->MV,VA-->MV,VA-->MV,VA-->MV,VA-->MV,VA-->MV
ML,MLI,Mali,Bamako,Africa,Western Africa,,ML-->VA,ML-->VA,ML-->VA,ML-->VA,ML-->VA,ML-->VA,ML-->VA,ML-->VA,ML-->VA,ML-->VA,ML-->VA,ML-->VA,ML-->VA,ML-->VA,ML-->VA,ML-->VA,ML-->VA,ML-->VA,ML-->VA,,,,,,,,,,,,,,,,,VA-->ML,VA-->ML,VA-->ML,VA-->ML,VA-->ML,VA-->ML,VA-->ML,VA-->ML,VA-->ML,VA-->ML,VA-->ML,VA-->ML,VA-->ML,VA-->ML,VA-->ML,VA-->ML,VA-->ML,VA-->ML,VA-->ML
MT,MLT,Malta,Valletta,Europe,Southern Europe,,MT-->VA,MT-->VA,MT-->VA,MT-->VA,MT-->VA,MT-->VA,MT-->VA,MT-->VA,MT-->VA,MT-->VA,MT-->VA,MT-->VA,MT-->VA,MT-->VA,MT-->VA,MT-->VA,MT-->VA,MT-->VA,MT-->VA,,,,,,,,,,,,,,,,,VA-->MT,VA-->MT,VA-->MT,VA-->MT,VA-->MT,VA-->MT,VA-->MT,VA-->MT,VA-->MT,VA-->MT,VA-->MT,VA-->MT,VA-->MT,VA-->MT,VA-->MT,VA-->MT,VA-->MT,VA-->MT,VA-->MT
MH,MHL,Marshall Islands,Majuro,Oceania,Micronesia,,MH-->VA,MH-->VA,MH-->VA,MH-->VA,MH-->VA,MH-->VA,MH-->VA,MH-->VA,MH-->VA,MH-->VA,MH-->VA,MH-->VA,MH-->VA,MH-->VA,MH-->VA,MH-->VA,MH-->VA,MH-->VA,MH-->VA,,,,,,,,,,,,,,,,,VA-->MH,VA-->MH,VA-->MH,VA-->MH,VA-->MH,VA-->MH,VA-->MH,VA-->MH,VA-->MH,VA-->MH,VA-->MH,VA-->MH,VA-->MH,VA-->MH,VA-->MH,VA-->MH,VA-->MH,VA-->MH,VA-->MH
MQ,MTQ,Martinique,Fort-de-France,Americas,Caribbean,,MQ-->VA,MQ-->VA,MQ-->VA,MQ-->VA,MQ-->VA,MQ-->VA,MQ-->VA,MQ-->VA,MQ-->VA,MQ-->VA,MQ-->VA,MQ-->VA,MQ-->VA,MQ-->VA,MQ-->VA,MQ-->VA,MQ-->VA,MQ-->VA,MQ-->VA,,,,,,,,,,,,,,,,,VA-->MQ,VA-->MQ,VA-->MQ,VA-->MQ,VA-->MQ,VA-->MQ,VA-->MQ,VA-->MQ,VA-->MQ,VA-->MQ,VA-->MQ,VA-->MQ,VA-->MQ,VA-->MQ,VA-->MQ,VA-->MQ,VA-->MQ,VA-->MQ,VA-->MQ
MR,MRT,Mauritania,Nouakchott,Africa,Western Africa,,MR-->VA,MR-->VA,MR-->VA,MR-->VA,MR-->VA,MR-->VA,MR-->VA,MR-->VA,MR-->VA,MR-->VA,MR-->VA,MR-->VA,MR-->VA,MR-->VA,MR-->VA,MR-->VA,MR-->VA,MR-->VA,MR-->VA,0.0,,,,,,,,,,,,,,,,VA-->MR,VA-->MR,VA-->MR,VA-->MR,VA-->MR,VA-->MR,VA-->MR,VA-->MR,VA-->MR,VA-->MR,VA-->MR,VA-->MR,VA-->MR,VA-->MR,VA-->MR,VA-->MR,VA-->MR,VA-->MR,VA-->MR
MU,MUS,Mauritius,Port Louis,Africa,Eastern Africa,,MU-->VA,MU-->VA,MU-->VA,MU-->VA,MU-->VA,MU-->VA,MU-->VA,MU-->VA,MU-->VA,MU-->VA,MU-->VA,MU-->VA,MU-->VA,MU-->VA,MU-->VA,MU-->VA,MU-->VA,MU-->VA,MU-->VA,,,,,,,,,,,,,,,,,VA-->MU,VA-->MU,VA-->MU,VA-->MU,VA-->MU,VA-->MU,VA-->MU,VA-->MU,VA-->MU,VA-->MU,VA-->MU,VA-->MU,VA-->MU,VA-->MU,VA-->MU,VA-->MU,VA-->MU,VA-->MU,VA-->MU
YT,MYT,Mayotte,Mamoudzou,Africa,Eastern Africa,,YT-->VA,YT-->VA,YT-->VA,YT-->VA,YT-->VA,YT-->VA,YT-->VA,YT-->VA,YT-->VA,YT-->VA,YT-->VA,YT-->VA,YT-->VA,YT-->VA,YT-->VA,YT-->VA,YT-->VA,YT-->VA,YT-->VA,,,,,,,,,,,,,,,,,VA-->YT,VA-->YT,VA-->YT,VA-->YT,VA-->YT,VA-->YT,VA-->YT,VA-->YT,VA-->YT,VA-->YT,VA-->YT,VA-->YT,VA-->YT,VA-->YT,VA-->YT,VA-->YT,VA-->YT,VA-->YT,VA-->YT
MX,MEX,Mexico,Mexico City,Americas,Central America,,MX-->VA,MX-->VA,MX-->VA,MX-->VA,MX-->VA,MX-->VA,MX-->VA,MX-->VA,MX-->VA,MX-->VA,MX-->VA,MX-->VA,MX-->VA,MX-->VA,MX-->VA,MX-->VA,MX-->VA,MX-->VA,MX-->VA,,,,,,,,,,,,,,,,,VA-->MX,VA-->MX,VA-->MX,VA-->MX,VA-->MX,VA-->MX,VA-->MX,VA-->MX,VA-->MX,VA-->MX,VA-->MX,VA-->MX,VA-->MX,VA-->MX,VA-->MX,VA-->MX,VA-->MX,VA-->MX,VA-->MX
FM,FSM,Federated States of Micronesia,Palikir,Oceania,Micronesia,,FM-->VA,FM-->VA,FM-->VA,FM-->VA,FM-->VA,FM-->VA,FM-->VA,FM-->VA,FM-->VA,FM-->VA,FM-->VA,FM-->VA,FM-->VA,FM-->VA,FM-->VA,FM-->VA,FM-->VA,FM-->VA,FM-->VA,,,,,,,,,,,,,,,,,VA-->FM,VA-->FM,VA-->FM,VA-->FM,VA-->FM,VA-->FM,VA-->FM,VA-->FM,VA-->FM,VA-->FM,VA-->FM,VA-->FM,VA-->FM,VA-->FM,VA-->FM,VA-->FM,VA-->FM,VA-->FM,VA-->FM
MD,MDA,Moldova,Chișinău,Europe,Eastern Europe,,MD-->VA,MD-->VA,MD-->VA,MD-->VA,MD-->VA,MD-->VA,MD-->VA,MD-->VA,MD-->VA,MD-->VA,MD-->VA,MD-->VA,MD-->VA,MD-->VA,MD-->VA,MD-->VA,MD-->VA,MD-->VA,MD-->VA,,,,,,,,,,,,,,,,,VA-->MD,VA-->MD,VA-->MD,VA-->MD,VA-->MD,VA-->MD,VA-->MD,VA-->MD,VA-->MD,VA-->MD,VA-->MD,VA-->MD,VA-->MD,VA-->MD,VA-->MD,VA-->MD,VA-->MD,VA-->MD,VA-->MD
MC,MCO,Monaco,Monaco,Europe,Western Europe,,MC-->VA,MC-->VA,MC-->VA,MC-->VA,MC-->VA,MC-->VA,MC-->VA,MC-->VA,MC-->VA,MC-->VA,MC-->VA,MC-->VA,MC-->VA,MC-->VA,MC-->VA,MC-->VA,MC-->VA,MC-->VA,MC-->VA,,,,,,,,,,,,,,,,,VA-->MC,VA-->MC,VA-->MC,VA-->MC,VA-->MC,VA-->MC,VA-->MC,VA-->MC,VA-->MC,VA-->MC,VA-->MC,VA-->MC,VA-->MC,VA-->MC,VA-->MC,VA-->MC,VA-->MC,VA-->MC,VA-->MC
MN,MNG,Mongolia,Ulan Bator,Asia,Eastern Asia,,MN-->VA,MN-->VA,MN-->VA,MN-->VA,MN-->VA,MN-->VA,MN-->VA,MN-->VA,MN-->VA,MN-->VA,MN-->VA,MN-->VA,MN-->VA,MN-->VA,MN-->VA,MN-->VA,MN-->VA,MN-->VA,MN-->VA,,,,,,,,,,,,,,,,,VA-->MN,VA-->MN,VA-->MN,VA-->MN,VA-->MN,VA-->MN,VA-->MN,VA-->MN,VA-->MN,VA-->MN,VA-->MN,VA-->MN,VA-->MN,VA-->MN,VA-->MN,VA-->MN,VA-->MN,VA-->MN,VA-->MN
ME,MNE,Montenegro,Podgorica,Europe,Southern Europe,,ME-->VA,ME-->VA,ME-->VA,ME-->VA,ME-->VA,ME-->VA,ME-->VA,ME-->VA,ME-->VA,ME-->VA,ME-->VA,ME-->VA,ME-->VA,ME-->VA,ME-->VA,ME-->VA,ME-->VA,ME-->VA,ME-->VA,,,,,,,,,,,,,,,,,VA-->ME,VA-->ME,VA-->ME,VA-->ME,VA-->ME,VA-->ME,VA-->ME,VA-->ME,VA-->ME,VA-->ME,VA-->ME,VA-->ME,VA-->ME,VA-->ME,VA-->ME,VA-->ME,VA-->ME,VA-->ME,VA-->ME
MS,MSR,Montserrat,Plymouth,Americas,Caribbean,,MS-->VA,MS-->VA,MS-->VA,MS-->VA,MS-->VA,MS-->VA,MS-->VA,MS-->VA,MS-->VA,MS-->VA,MS-->VA,MS-->VA,MS-->VA,MS-->VA,MS-->VA,MS-->VA,MS-->VA,MS-->VA,MS-->VA,,,,,,,,,,,,,,,,,VA-->MS,VA-->MS,VA-->MS,VA-->MS,VA-->MS,VA-->MS,VA-->MS,VA-->MS,VA-->MS,VA-->MS,VA-->MS,VA-->MS,VA-->MS,VA-->MS,VA-->MS,VA-->MS,VA-->MS,VA-->MS,VA-->MS
MA,MAR,Morocco,Rabat,Africa,Northern Africa,,MA-->VA,MA-->VA,MA-->VA,MA-->VA,MA-->VA,MA-->VA,MA-->VA,MA-->VA,MA-->VA,MA-->VA,MA-->VA,MA-->VA,MA-->VA,MA-->VA,MA-->VA,MA-->VA,MA-->VA,MA-->VA,MA-->VA,,,,,,,,,,,,,,,,,VA-->MA,VA-->MA,VA-->MA,VA-->MA,VA-->MA,VA-->MA,VA-->MA,VA-->MA,VA-->MA,VA-->MA,VA-->MA,VA-->MA,VA-->MA,VA-->MA,VA-->MA,VA-->MA,VA-->MA,VA-->MA,VA-->MA
MZ,MOZ,Mozambique,Maputo,Africa,Eastern Africa,,MZ-->VA,MZ-->VA,MZ-->VA,MZ-->VA,MZ-->VA,MZ-->VA,MZ-->VA,MZ-->VA,MZ-->VA,MZ-->VA,MZ-->VA,MZ-->VA,MZ-->VA,MZ-->VA,MZ-->VA,MZ-->VA,MZ-->VA,MZ-->VA,MZ-->VA,,,,,,,,,,,,,,,,,VA-->MZ,VA-->MZ,VA-->MZ,VA-->MZ,VA-->MZ,VA-->MZ,VA-->MZ,VA-->MZ,VA-->MZ,VA-->MZ,VA-->MZ,VA-->MZ,VA-->MZ,VA-->MZ,VA-->MZ,VA-->MZ,VA-->MZ,VA-->MZ,VA-->MZ
MM,MMR,Myanmar,Naypyidaw,Asia,South-Eastern Asia,,MM-->VA,MM-->VA,MM-->VA,MM-->VA,MM-->VA,MM-->VA,MM-->VA,MM-->VA,MM-->VA,MM-->VA,MM-->VA,MM-->VA,MM-->VA,MM-->VA,MM-->VA,MM-->VA,MM-->VA,MM-->VA,MM-->VA,,,,,,,,,,,,,,,,,VA-->MM,VA-->MM,VA-->MM,VA-->MM,VA-->MM,VA-->MM,VA-->MM,VA-->MM,VA-->MM,VA-->MM,VA-->MM,VA-->MM,VA-->MM,VA-->MM,VA-->MM,VA-->MM,VA-->MM,VA-->MM,VA-->MM
,NAM,Namibia,Windhoek,Africa,Southern Africa,,NA-->VA,NA-->VA,NA-->VA,NA-->VA,NA-->VA,NA-->VA,NA-->VA,NA-->VA,NA-->VA,NA-->VA,NA-->VA,NA-->VA,NA-->VA,NA-->VA,NA-->VA,NA-->VA,NA-->VA,NA-->VA,NA-->VA,,,,,,,,,,,,,,,,,VA-->NA,VA-->NA,VA-->NA,VA-->NA,VA-->NA,VA-->NA,VA-->NA,VA-->NA,VA-->NA,VA-->NA,VA-->NA,VA-->NA,VA-->NA,VA-->NA,VA-->NA,VA-->NA,VA-->NA,VA-->NA,VA-->NA
NR,NRU,Nauru,Yaren,Oceania,Micronesia,,NR-->VA,NR-->VA,NR-->VA,NR-->VA,NR-->VA,NR-->VA,NR-->VA,NR-->VA,NR-->VA,NR-->VA,NR-->VA,NR-->VA,NR-->VA,NR-->VA,NR-->VA,NR-->VA,NR-->VA,NR-->VA,NR-->VA,,,,,,,,,,,,,,,,,VA-->NR,VA-->NR,VA-->NR,VA-->NR,VA-->NR,VA-->NR,VA-->NR,VA-->NR,VA-->NR,VA-->NR,VA-->NR,VA-->NR,VA-->NR,VA-->NR,VA-->NR,VA-->NR,VA-->NR,VA-->NR,VA-->NR
NP,NPL,Nepal,Kathmandu,Asia,Southern Asia,,NP-->VA,NP-->VA,NP-->VA,NP-->VA,NP-->VA,NP-->VA,NP-->VA,NP-->VA,NP-->VA,NP-->VA,NP-->VA,NP-->VA,NP-->VA,NP-->VA,NP-->VA,NP-->VA,NP-->VA,NP-->VA,NP-->VA,,,,,,,,,,,,,,,,,VA-->NP,VA-->NP,VA-->NP,VA-->NP,VA-->NP,VA-->NP,VA-->NP,VA-->NP,VA-->NP,VA-->NP,VA-->NP,VA-->NP,VA-->NP,VA-->NP,VA-->NP,VA-->NP,VA-->NP,VA-->NP,VA-->NP
NL,NLD,Netherlands,Amsterdam,Europe,Western Europe,,NL-->VA,NL-->VA,NL-->VA,NL-->VA,NL-->VA,NL-->VA,NL-->VA,NL-->VA,NL-->VA,NL-->VA,NL-->VA,NL-->VA,NL-->VA,NL-->VA,NL-->VA,NL-->VA,NL-->VA,NL-->VA,NL-->VA,,,,,,,,,,,,,,,,,VA-->NL,VA-->NL,VA-->NL,VA-->NL,VA-->NL,VA-->NL,VA-->NL,VA-->NL,VA-->NL,VA-->NL,VA-->NL,VA-->NL,VA-->NL,VA-->NL,VA-->NL,VA-->NL,VA-->NL,VA-->NL,VA-->NL
NC,NCL,New Caledonia,Nouméa,Oceania,Melanesia,,NC-->VA,NC-->VA,NC-->VA,NC-->VA,NC-->VA,NC-->VA,NC-->VA,NC-->VA,NC-->VA,NC-->VA,NC-->VA,NC-->VA,NC-->VA,NC-->VA,NC-->VA,NC-->VA,NC-->VA,NC-->VA,NC-->VA,,,,,,,,,,,,,,,,,VA-->NC,VA-->NC,VA-->NC,VA-->NC,VA-->NC,VA-->NC,VA-->NC,VA-->NC,VA-->NC,VA-->NC,VA-->NC,VA-->NC,VA-->NC,VA-->NC,VA-->NC,VA-->NC,VA-->NC,VA-->NC,VA-->NC
NZ,NZL,New Zealand,Wellington,Oceania,Australia and New Zealand,,NZ-->VA,NZ-->VA,NZ-->VA,NZ-->VA,NZ-->VA,NZ-->VA,NZ-->VA,NZ-->VA,NZ-->VA,NZ-->VA,NZ-->VA,NZ-->VA,NZ-->VA,NZ-->VA,NZ-->VA,NZ-->VA,NZ-->VA,NZ-->VA,NZ-->VA,,,,,,,,,,,,,,,,,VA-->NZ,VA-->NZ,VA-->NZ,VA-->NZ,VA-->NZ,VA-->NZ,VA-->NZ,VA-->NZ,VA-->NZ,VA-->NZ,VA-->NZ,VA-->NZ,VA-->NZ,VA-->NZ,VA-->NZ,VA-->NZ,VA-->NZ,VA-->NZ,VA-->NZ
NI,NIC,Nicaragua,Managua,Americas,Central America,,NI-->VA,NI-->VA,NI-->VA,NI-->VA,NI-->VA,NI-->VA,NI-->VA,NI-->VA,NI-->VA,NI-->VA,NI-->VA,NI-->VA,NI-->VA,NI-->VA,NI-->VA,NI-->VA,NI-->VA,NI-->VA,NI-->VA,,,,,,,,,,,,,,,,,VA-->NI,VA-->NI,VA-->NI,VA-->NI,VA-->NI,VA-->NI,VA-->NI,VA-->NI,VA-->NI,VA-->NI,VA-->NI,VA-->NI,VA-->NI,VA-->NI,VA-->NI,VA-->NI,VA-->NI,VA-->NI,VA-->NI
NE,NER,Niger,Niamey,Africa,Western Africa,,NE-->VA,NE-->VA,NE-->VA,NE-->VA,NE-->VA,NE-->VA,NE-->VA,NE-->VA,NE-->VA,NE-->VA,NE-->VA,NE-->VA,NE-->VA,NE-->VA,NE-->VA,NE-->VA,NE-->VA,NE-->VA,NE-->VA,,,,,,,,,,,,,,,,,VA-->NE,VA-->NE,VA-->NE,VA-->NE,VA-->NE,VA-->NE,VA-->NE,VA-->NE,VA-->NE,VA-->NE,VA-->NE,VA-->NE,VA-->NE,VA-->NE,VA-->NE,VA-->NE,VA-->NE,VA-->NE,VA-->NE
NG,NGA,Nigeria,Abuja,Africa,Western Africa,,NG-->VA,NG-->VA,NG-->VA,NG-->VA,NG-->VA,NG-->VA,NG-->VA,NG-->VA,NG-->VA,NG-->VA,NG-->VA,NG-->VA,NG-->VA,NG-->VA,NG-->VA,NG-->VA,NG-->VA,NG-->VA,NG-->VA,,,,,,,,,,,,,,,,,VA-->NG,VA-->NG,VA-->NG,VA-->NG,VA-->NG,VA-->NG,VA-->NG,VA-->NG,VA-->NG,VA-->NG,VA-->NG,VA-->NG,VA-->NG,VA-->NG,VA-->NG,VA-->NG,VA-->NG,VA-->NG,VA-->NG
NU,NIU,Niue,Alofi,Oceania,Polynesia,,NU-->VA,NU-->VA,NU-->VA,NU-->VA,NU-->VA,NU-->VA,NU-->VA,NU-->VA,NU-->VA,NU-->VA,NU-->VA,NU-->VA,NU-->VA,NU-->VA,NU-->VA,NU-->VA,NU-->VA,NU-->VA,NU-->VA,,,,,,,,,,,,,,,,,VA-->NU,VA-->NU,VA-->NU,VA-->NU,VA-->NU,VA-->NU,VA-->NU,VA-->NU,VA-->NU,VA-->NU,VA-->NU,VA-->NU,VA-->NU,VA-->NU,VA-->NU,VA-->NU,VA-->NU,VA-->NU,VA-->NU
NF,NFK,Norfolk Island,Kingston,Oceania,Australia and New Zealand,,NF-->VA,NF-->VA,NF-->VA,NF-->VA,NF-->VA,NF-->VA,NF-->VA,NF-->VA,NF-->VA,NF-->VA,NF-->VA,NF-->VA,NF-->VA,NF-->VA,NF-->VA,NF-->VA,NF-->VA,NF-->VA,NF-->VA,,,,,,,,,,,,,,,,,VA-->NF,VA-->NF,VA-->NF,VA-->NF,VA-->NF,VA-->NF,VA-->NF,VA-->NF,VA-->NF,VA-->NF,VA-->NF,VA-->NF,VA-->NF,VA-->NF,VA-->NF,VA-->NF,VA-->NF,VA-->NF,VA-->NF
KP,PRK,North Korea,Pyongyang,Asia,Eastern Asia,,KP-->VA,KP-->VA,KP-->VA,KP-->VA,KP-->VA,KP-->VA,KP-->VA,KP-->VA,KP-->VA,KP-->VA,KP-->VA,KP-->VA,KP-->VA,KP-->VA,KP-->VA,KP-->VA,KP-->VA,KP-->VA,KP-->VA,,,,,,,,,,,,,,,,,VA-->KP,VA-->KP,VA-->KP,VA-->KP,VA-->KP,VA-->KP,VA-->KP,VA-->KP,VA-->KP,VA-->KP,VA-->KP,VA-->KP,VA-->KP,VA-->KP,VA-->KP,VA-->KP,VA-->KP,VA-->KP,VA-->KP
MP,MNP,Northern Mariana Islands,Saipan,Oceania,Micronesia,,MP-->VA,MP-->VA,MP-->VA,MP-->VA,MP-->VA,MP-->VA,MP-->VA,MP-->VA,MP-->VA,MP-->VA,MP-->VA,MP-->VA,MP-->VA,MP-->VA,MP-->VA,MP-->VA,MP-->VA,MP-->VA,MP-->VA,,,,,,,,,,,,,,,,,VA-->MP,VA-->MP,VA-->MP,VA-->MP,VA-->MP,VA-->MP,VA-->MP,VA-->MP,VA-->MP,VA-->MP,VA-->MP,VA-->MP,VA-->MP,VA-->MP,VA-->MP,VA-->MP,VA-->MP,VA-->MP,VA-->MP
NO,NOR,Norway,Oslo,Europe,Northern Europe,,NO-->VA,NO-->VA,NO-->VA,NO-->VA,NO-->VA,NO-->VA,NO-->VA,NO-->VA,NO-->VA,NO-->VA,NO-->VA,NO-->VA,NO-->VA,NO-->VA,NO-->VA,NO-->VA,NO-->VA,NO-->VA,NO-->VA,,,,,,,,,,,,,,,,,VA-->NO,VA-->NO,VA-->NO,VA-->NO,VA-->NO,VA-->NO,VA-->NO,VA-->NO,VA-->NO,VA-->NO,VA-->NO,VA-->NO,VA-->NO,VA-->NO,VA-->NO,VA-->NO,VA-->NO,VA-->NO,VA-->NO
OM,OMN,Oman,Muscat,Asia,Western Asia,,OM-->VA,OM-->VA,OM-->VA,OM-->VA,OM-->VA,OM-->VA,OM-->VA,OM-->VA,OM-->VA,OM-->VA,OM-->VA,OM-->VA,OM-->VA,OM-->VA,OM-->VA,OM-->VA,OM-->VA,OM-->VA,OM-->VA,,,,,,,,,,,,,,,,,VA-->OM,VA-->OM,VA-->OM,VA-->OM,VA-->OM,VA-->OM,VA-->OM,VA-->OM,VA-->OM,VA-->OM,VA-->OM,VA-->OM,VA-->OM,VA-->OM,VA-->OM,VA-->OM,VA-->OM,VA-->OM,VA-->OM
PK,PAK,Pakistan,Islamabad,Asia,Southern Asia,,PK-->VA,PK-->VA,PK-->VA,PK-->VA,PK-->VA,PK-->VA,PK-->VA,PK-->VA,PK-->VA,PK-->VA,PK-->VA,PK-->VA,PK-->VA,PK-->VA,PK-->VA,PK-->VA,PK-->VA,PK-->VA,PK-->VA,,,,,,,,,,,,,,,,,VA-->PK,VA-->PK,VA-->PK,VA-->PK,VA-->PK,VA-->PK,VA-->PK,VA-->PK,VA-->PK,VA-->PK,VA-->PK,VA-->PK,VA-->PK,VA-->PK,VA-->PK,VA-->PK,VA-->PK,VA-->PK,VA-->PK
PW,PLW,Palau,Ngerulmud,Oceania,Micronesia,,PW-->VA,PW-->VA,PW-->VA,PW-->VA,PW-->VA,PW-->VA,PW-->VA,PW-->VA,PW-->VA,PW-->VA,PW-->VA,PW-->VA,PW-->VA,PW-->VA,PW-->VA,PW-->VA,PW-->VA,PW-->VA,PW-->VA,,,,,,,,,,,,,,,,,VA-->PW,VA-->PW,VA-->PW,VA-->PW,VA-->PW,VA-->PW,VA-->PW,VA-->PW,VA-->PW,VA-->PW,VA-->PW,VA-->PW,VA-->PW,VA-->PW,VA-->PW,VA-->PW,VA-->PW,VA-->PW,VA-->PW
PS,PSE,Palestine,Ramallah,Asia,Western Asia,,PS-->VA,PS-->VA,PS-->VA,PS-->VA,PS-->VA,PS-->VA,PS-->VA,PS-->VA,PS-->VA,PS-->VA,PS-->VA,PS-->VA,PS-->VA,PS-->VA,PS-->VA,PS-->VA,PS-->VA,PS-->VA,PS-->VA,,,,,,,,,,,,,,,,,VA-->PS,VA-->PS,VA-->PS,VA-->PS,VA-->PS,VA-->PS,VA-->PS,VA-->PS,VA-->PS,VA-->PS,VA-->PS,VA-->PS,VA-->PS,VA-->PS,VA-->PS,VA-->PS,VA-->PS,VA-->PS,VA-->PS
PA,PAN,Panama,Panama City,Americas,Central America,,PA-->VA,PA-->VA,PA-->VA,PA-->VA,PA-->VA,PA-->VA,PA-->VA,PA-->VA,PA-->VA,PA-->VA,PA-->VA,PA-->VA,PA-->VA,PA-->VA,PA-->VA,PA-->VA,PA-->VA,PA-->VA,PA-->VA,,,,,,,,,,,,,,,,,VA-->PA,VA-->PA,VA-->PA,VA-->PA,VA-->PA,VA-->PA,VA-->PA,VA-->PA,VA-->PA,VA-->PA,VA-->PA,VA-->PA,VA-->PA,VA-->PA,VA-->PA,VA-->PA,VA-->PA,VA-->PA,VA-->PA
PG,PNG,Papua New Guinea,Port Moresby,Oceania,Melanesia,,PG-->VA,PG-->VA,PG-->VA,PG-->VA,PG-->VA,PG-->VA,PG-->VA,PG-->VA,PG-->VA,PG-->VA,PG-->VA,PG-->VA,PG-->VA,PG-->VA,PG-->VA,PG-->VA,PG-->VA,PG-->VA,PG-->VA,,,,,,,,,,,,,,,,,VA-->PG,VA-->PG,VA-->PG,VA-->PG,VA-->PG,VA-->PG,VA-->PG,VA-->PG,VA-->PG,VA-->PG,VA-->PG,VA-->PG,VA-->PG,VA-->PG,VA-->PG,VA-->PG,VA-->PG,VA-->PG,VA-->PG
PY,PRY,Paraguay,Asunción,Americas,South America,,PY-->VA,PY-->VA,PY-->VA,PY-->VA,PY-->VA,PY-->VA,PY-->VA,PY-->VA,PY-->VA,PY-->VA,PY-->VA,PY-->VA,PY-->VA,PY-->VA,PY-->VA,PY-->VA,PY-->VA,PY-->VA,PY-->VA,,,,,,,,,,,,,,,,,VA-->PY,VA-->PY,VA-->PY,VA-->PY,VA-->PY,VA-->PY,VA-->PY,VA-->PY,VA-->PY,VA-->PY,VA-->PY,VA-->PY,VA-->PY,VA-->PY,VA-->PY,VA-->PY,VA-->PY,VA-->PY,VA-->PY
PE,PER,Peru,Lima,Americas,South America,,PE-->VA,PE-->VA,PE-->VA,PE-->VA,PE-->VA,PE-->VA,PE-->VA,PE-->VA,PE-->VA,PE-->VA,PE-->VA,PE-->VA,PE-->VA,PE-->VA,PE-->VA,PE-->VA,PE-->VA,PE-->VA,PE-->VA,,,,,,,,,,,,,,,,,VA-->PE,VA-->PE,VA-->PE,VA-->PE,VA-->PE,VA-->PE,VA-->PE,VA-->PE,VA-->PE,VA-->PE,VA-->PE,VA-->PE,VA-->PE,VA-->PE,VA-->PE,VA-->PE,VA-->PE,VA-->PE,VA-->PE
PH,PHL,Philippines,Manila,Asia,South-Eastern Asia,,PH-->VA,PH-->VA,PH-->VA,PH-->VA,PH-->VA,PH-->VA,PH-->VA,PH-->VA,PH-->VA,PH-->VA,PH-->VA,PH-->VA,PH-->VA,PH-->VA,PH-->VA,PH-->VA,PH-->VA,PH-->VA,PH-->VA,,,,,,,,,,,,,,,,,VA-->PH,VA-->PH,VA-->PH,VA-->PH,VA-->PH,VA-->PH,VA-->PH,VA-->PH,VA-->PH,VA-->PH,VA-->PH,VA-->PH,VA-->PH,VA-->PH,VA-->PH,VA-->PH,VA-->PH,VA-->PH,VA-->PH
PN,PCN,Pitcairn Islands,Adamstown,Oceania,Polynesia,,PN-->VA,PN-->VA,PN-->VA,PN-->VA,PN-->VA,PN-->VA,PN-->VA,PN-->VA,PN-->VA,PN-->VA,PN-->VA,PN-->VA,PN-->VA,PN-->VA,PN-->VA,PN-->VA,PN-->VA,PN-->VA,PN-->VA,,,,,,,,,,,,,,,,,VA-->PN,VA-->PN,VA-->PN,VA-->PN,VA-->PN,VA-->PN,VA-->PN,VA-->PN,VA-->PN,VA-->PN,VA-->PN,VA-->PN,VA-->PN,VA-->PN,VA-->PN,VA-->PN,VA-->PN,VA-->PN,VA-->PN
PL,POL,Poland,Warsaw,Europe,Eastern Europe,,PL-->VA,PL-->VA,PL-->VA,PL-->VA,PL-->VA,PL-->VA,PL-->VA,PL-->VA,PL-->VA,PL-->VA,PL-->VA,PL-->VA,PL-->VA,PL-->VA,PL-->VA,PL-->VA,PL-->VA,PL-->VA,PL-->VA,,,,,,,,,,,,,,,,,VA-->PL,VA-->PL,VA-->PL,VA-->PL,VA-->PL,VA-->PL,VA-->PL,VA-->PL,VA-->PL,VA-->PL,VA-->PL,VA-->PL,VA-->PL,VA-->PL,VA-->PL,VA-->PL,VA-->PL,VA-->PL,VA-->PL
PT,PRT,Portugal,Lisbon,Europe,Southern Europe,,PT-->VA,PT-->VA,PT-->VA,PT-->VA,PT-->VA,PT-->VA,PT-->VA,PT-->VA,PT-->VA,PT-->VA,PT-->VA,PT-->VA,PT-->VA,PT-->VA,PT-->VA,PT-->VA,PT-->VA,PT-->VA,PT-->VA,,,,,,,,,,,,,,,,,VA-->PT,VA-->PT,VA-->PT,VA-->PT,VA-->PT,VA-->PT,VA-->PT,VA-->PT,VA-->PT,VA-->PT,VA-->PT,VA-->PT,VA-->PT,VA-->PT,VA-->PT,VA-->PT,VA-->PT,VA-->PT,VA-->PT
PR,PRI,Puerto Rico,San Juan,Americas,Caribbean,,PR-->VA,PR-->VA,PR-->VA,PR-->VA,PR-->VA,PR-->VA,PR-->VA,PR-->VA,PR-->VA,PR-->VA,PR-->VA,PR-->VA,PR-->VA,PR-->VA,PR-->VA,PR-->VA,PR-->VA,PR-->VA,PR-->VA,,,,,,,,,,,,,,,,,VA-->PR,VA-->PR,VA-->PR,VA-->PR,VA-->PR,VA-->PR,VA-->PR,VA-->PR,VA-->PR,VA-->PR,VA-->PR,VA-->PR,VA-->PR,VA-->PR,VA-->PR,VA-->PR,VA-->PR,VA-->PR,VA-->PR
QA,QAT,Qatar,Doha,Asia,Western Asia,,QA-->VA,QA-->VA,QA-->VA,QA-->VA,QA-->VA,QA-->VA,QA-->VA,QA-->VA,QA-->VA,QA-->VA,QA-->VA,QA-->VA,QA-->VA,QA-->VA,QA-->VA,QA-->VA,QA-->VA,QA-->VA,QA-->VA,,,,,,,,,,,,,,,,,VA-->QA,VA-->QA,VA-->QA,VA-->QA,VA-->QA,VA-->QA,VA-->QA,VA-->QA,VA-->QA,VA-->QA,VA-->QA,VA-->QA,VA-->QA,VA-->QA,VA-->QA,VA-->QA,VA-->QA,VA-->QA,VA-->QA
XK,KOS,Republic of Kosovo,Pristina,Europe,Eastern Europe,,XK-->VA,XK-->VA,XK-->VA,XK-->VA,XK-->VA,XK-->VA,XK-->VA,XK-->VA,XK-->VA,XK-->VA,XK-->VA,XK-->VA,XK-->VA,XK-->VA,XK-->VA,XK-->VA,XK-->VA,XK-->VA,XK-->VA,,,,,,,,,,,,,,,,,VA-->XK,VA-->XK,VA-->XK,VA-->XK,VA-->XK,VA-->XK,VA-->XK,VA-->XK,VA-->XK,VA-->XK,VA-->XK,VA-->XK,VA-->XK,VA-->XK,VA-->XK,VA-->XK,VA-->XK,VA-->XK,VA-->XK
RE,REU,Réunion,Saint-Denis,Africa,Eastern Africa,,RE-->VA,RE-->VA,RE-->VA,RE-->VA,RE-->VA,RE-->VA,RE-->VA,RE-->VA,RE-->VA,RE-->VA,RE-->VA,RE-->VA,RE-->VA,RE-->VA,RE-->VA,RE-->VA,RE-->VA,RE-->VA,RE-->VA,,,,,,,,,,,,,,,,,VA-->RE,VA-->RE,VA-->RE,VA-->RE,VA-->RE,VA-->RE,VA-->RE,VA-->RE,VA-->RE,VA-->RE,VA-->RE,VA-->RE,VA-->RE,VA-->RE,VA-->RE,VA-->RE,VA-->RE,VA-->RE,VA-->RE
RO,ROU,Romania,Bucharest,Europe,Eastern Europe,,RO-->VA,RO-->VA,RO-->VA,RO-->VA,RO-->VA,RO-->VA,RO-->VA,RO-->VA,RO-->VA,RO-->VA,RO-->VA,RO-->VA,RO-->VA,RO-->VA,RO-->VA,RO-->VA,RO-->VA,RO-->VA,RO-->VA,,,,,,,,,,,,,,,,,VA-->RO,VA-->RO,VA-->RO,VA-->RO,VA-->RO,VA-->RO,VA-->RO,VA-->RO,VA-->RO,VA-->RO,VA-->RO,VA-->RO,VA-->RO,VA-->RO,VA-->RO,VA-->RO,VA-->RO,VA-->RO,VA-->RO
RU,RUS,Russia,Moscow,Europe,Eastern Europe,,RU-->VA,RU-->VA,RU-->VA,RU-->VA,RU-->VA,RU-->VA,RU-->VA,RU-->VA,RU-->VA,RU-->VA,RU-->VA,RU-->VA,RU-->VA,RU-->VA,RU-->VA,RU-->VA,RU-->VA,RU-->VA,RU-->VA,,,,,,,,,,,,,,,,,VA-->RU,VA-->RU,VA-->RU,VA-->RU,VA-->RU,VA-->RU,VA-->RU,VA-->RU,VA-->RU,VA-->RU,VA-->RU,VA-->RU,VA-->RU,VA-->RU,VA-->RU,VA-->RU,VA-->RU,VA-->RU,VA-->RU
RW,RWA,Rwanda,Kigali,Africa,Eastern Africa,,RW-->VA,RW-->VA,RW-->VA,RW-->VA,RW-->VA,RW-->VA,RW-->VA,RW-->VA,RW-->VA,RW-->VA,RW-->VA,RW-->VA,RW-->VA,RW-->VA,RW-->VA,RW-->VA,RW-->VA,RW-->VA,RW-->VA,,,,,,,,,,,,,,,,,VA-->RW,VA-->RW,VA-->RW,VA-->RW,VA-->RW,VA-->RW,VA-->RW,VA-->RW,VA-->RW,VA-->RW,VA-->RW,VA-->RW,VA-->RW,VA-->RW,VA-->RW,VA-->RW,VA-->RW,VA-->RW,VA-->RW
BL,BLM,Saint Barthélemy,Gustavia,Americas,Caribbean,,BL-->VA,BL-->VA,BL-->VA,BL-->VA,BL-->VA,BL-->VA,BL-->VA,BL-->VA,BL-->VA,BL-->VA,BL-->VA,BL-->VA,BL-->VA,BL-->VA,BL-->VA,BL-->VA,BL-->VA,BL-->VA,BL-->VA,,,,,,,,,,,,,,,,,VA-->BL,VA-->BL,VA-->BL,VA-->BL,VA-->BL,VA-->BL,VA-->BL,VA-->BL,VA-->BL,VA-->BL,VA-->BL,VA-->BL,VA-->BL,VA-->BL,VA-->BL,VA-->BL,VA-->BL,VA-->BL,VA-->BL
SH,SHN,Saint Helena,Jamestown,Africa,Western Africa,,SH-->VA,SH-->VA,SH-->VA,SH-->VA,SH-->VA,SH-->VA,SH-->VA,SH-->VA,SH-->VA,SH-->VA,SH-->VA,SH-->VA,SH-->VA,SH-->VA,SH-->VA,SH-->VA,SH-->VA,SH-->VA,SH-->VA,,,,,,,,,,,,,,,,,VA-->SH,VA-->SH,VA-->SH,VA-->SH,VA-->SH,VA-->SH,VA-->SH,VA-->SH,VA-->SH,VA-->SH,VA-->SH,VA-->SH,VA-->SH,VA-->SH,VA-->SH,VA-->SH,VA-->SH,VA-->SH,VA-->SH
KN,KNA,Saint Kitts and Nevis,Basseterre,Americas,Caribbean,,KN-->VA,KN-->VA,KN-->VA,KN-->VA,KN-->VA,KN-->VA,KN-->VA,KN-->VA,KN-->VA,KN-->VA,KN-->VA,KN-->VA,KN-->VA,KN-->VA,KN-->VA,KN-->VA,KN-->VA,KN-->VA,KN-->VA,,,,,,,,,,,,,,,,,VA-->KN,VA-->KN,VA-->KN,VA-->KN,VA-->KN,VA-->KN,VA-->KN,VA-->KN,VA-->KN,VA-->KN,VA-->KN,VA-->KN,VA-->KN,VA-->KN,VA-->KN,VA-->KN,VA-->KN,VA-->KN,VA-->KN
LC,LCA,Saint Lucia,Castries,Americas,Caribbean,,LC-->VA,LC-->VA,LC-->VA,LC-->VA,LC-->VA,LC-->VA,LC-->VA,LC-->VA,LC-->VA,LC-->VA,LC-->VA,LC-->VA,LC-->VA,LC-->VA,LC-->VA,LC-->VA,LC-->VA,LC-->VA,LC-->VA,,,,,,,,,,,,,,,,,VA-->LC,VA-->LC,VA-->LC,VA-->LC,VA-->LC,VA-->LC,VA-->LC,VA-->LC,VA-->LC,VA-->LC,VA-->LC,VA-->LC,VA-->LC,VA-->LC,VA-->LC,VA-->LC,VA-->LC,VA-->LC,VA-->LC
MF,MAF,Saint Martin,Marigot,Americas,Caribbean,,MF-->VA,MF-->VA,MF-->VA,MF-->VA,MF-->VA,MF-->VA,MF-->VA,MF-->VA,MF-->VA,MF-->VA,MF-->VA,MF-->VA,MF-->VA,MF-->VA,MF-->VA,MF-->VA,MF-->VA,MF-->VA,MF-->VA,,,,,,,,,,,,,,,,,VA-->MF,VA-->MF,VA-->MF,VA-->MF,VA-->MF,VA-->MF,VA-->MF,VA-->MF,VA-->MF,VA-->MF,VA-->MF,VA-->MF,VA-->MF,VA-->MF,VA-->MF,VA-->MF,VA-->MF,VA-->MF,VA-->MF
PM,SPM,Saint Pierre and Miquelon,Saint-Pierre,Americas,Northern America,,PM-->VA,PM-->VA,PM-->VA,PM-->VA,PM-->VA,PM-->VA,PM-->VA,PM-->VA,PM-->VA,PM-->VA,PM-->VA,PM-->VA,PM-->VA,PM-->VA,PM-->VA,PM-->VA,PM-->VA,PM-->VA,PM-->VA,,,,,,,,,,,,,,,,,VA-->PM,VA-->PM,VA-->PM,VA-->PM,VA-->PM,VA-->PM,VA-->PM,VA-->PM,VA-->PM,VA-->PM,VA-->PM,VA-->PM,VA-->PM,VA-->PM,VA-->PM,VA-->PM,VA-->PM,VA-->PM,VA-->PM
VC,VCT,Saint Vincent and the Grenadines,Kingstown,Americas,Caribbean,,VC-->VA,VC-->VA,VC-->VA,VC-->VA,VC-->VA,VC-->VA,VC-->VA,VC-->VA,VC-->VA,VC-->VA,VC-->VA,VC-->VA,VC-->VA,VC-->VA,VC-->VA,VC-->VA,VC-->VA,VC-->VA,VC-->VA,,,,,,,,,,,,,,,,,VA-->VC,VA-->VC,VA-->VC,VA-->VC,VA-->VC,VA-->VC,VA-->VC,VA-->VC,VA-->VC,VA-->VC,VA-->VC,VA-->VC,VA-->VC,VA-->VC,VA-->VC,VA-->VC,VA-->VC,VA-->VC,VA-->VC
WS,WSM,Samoa,Apia,Oceania,Polynesia,,WS-->VA,WS-->VA,WS-->VA,WS-->VA,WS-->VA,WS-->VA,WS-->VA,WS-->VA,WS-->VA,WS-->VA,WS-->VA,WS-->VA,WS-->VA,WS-->VA,WS-->VA,WS-->VA,WS-->VA,WS-->VA,WS-->VA,,,,,,,,,,,,,,,,,VA-->WS,VA-->WS,VA-->WS,VA-->WS,VA-->WS,VA-->WS,VA-->WS,VA-->WS,VA-->WS,VA-->WS,VA-->WS,VA-->WS,VA-->WS,VA-->WS,VA-->WS,VA-->WS,VA-->WS,VA-->WS,VA-->WS
SM,SMR,San Marino,City of San Marino,Europe,Southern Europe,,SM-->VA,SM-->VA,SM-->VA,SM-->VA,SM-->VA,SM-->VA,SM-->VA,SM-->VA,SM-->VA,SM-->VA,SM-->VA,SM-->VA,SM-->VA,SM-->VA,SM-->VA,SM-->VA,SM-->VA,SM-->VA,SM-->VA,,,,,,,,,,,,,,,,,VA-->SM,VA-->SM,VA-->SM,VA-->SM,VA-->SM,VA-->SM,VA-->SM,VA-->SM,VA-->SM,VA-->SM,VA-->SM,VA-->SM,VA-->SM,VA-->SM,VA-->SM,VA-->SM,VA-->SM,VA-->SM,VA-->SM
ST,STP,São Tomé and Príncipe,São Tomé,Africa,Middle Africa,,ST-->VA,ST-->VA,ST-->VA,ST-->VA,ST-->VA,ST-->VA,ST-->VA,ST-->VA,ST-->VA,ST-->VA,ST-->VA,ST-->VA,ST-->VA,ST-->VA,ST-->VA,ST-->VA,ST-->VA,ST-->VA,ST-->VA,,,,,,,,,,,,,,,,,VA-->ST,VA-->ST,VA-->ST,VA-->ST,VA-->ST,VA-->ST,VA-->ST,VA-->ST,VA-->ST,VA-->ST,VA-->ST,VA-->ST,VA-->ST,VA-->ST,VA-->ST,VA-->ST,VA-->ST,VA-->ST,VA-->ST
SA,SAU,Saudi Arabia,Riyadh,Asia,Western Asia,,SA-->VA,SA-->VA,SA-->VA,SA-->VA,SA-->VA,SA-->VA,SA-->VA,SA-->VA,SA-->VA,SA-->VA,SA-->VA,SA-->VA,SA-->VA,SA-->VA,SA-->VA,SA-->VA,SA-->VA,SA-->VA,SA-->VA,,,,,,,,,,,,,,,,,VA-->SA,VA-->SA,VA-->SA,VA-->SA,VA-->SA,VA-->SA,VA-->SA,VA-->SA,VA-->SA,VA-->SA,VA-->SA,VA-->SA,VA-->SA,VA-->SA,VA-->SA,VA-->SA,VA-->SA,VA-->SA,VA-->SA
SN,SEN,Senegal,Dakar,Africa,Western Africa,,SN-->VA,SN-->VA,SN-->VA,SN-->VA,SN-->VA,SN-->VA,SN-->VA,SN-->VA,SN-->VA,SN-->VA,SN-->VA,SN-->VA,SN-->VA,SN-->VA,SN-->VA,SN-->VA,SN-->VA,SN-->VA,SN-->VA,,,,,,,,,,,,,,,,,VA-->SN,VA-->SN,VA-->SN,VA-->SN,VA-->SN,VA-->SN,VA-->SN,VA-->SN,VA-->SN,VA-->SN,VA-->SN,VA-->SN,VA-->SN,VA-->SN,VA-->SN,VA-->SN,VA-->SN,VA-->SN,VA-->SN
RS,SRB,Serbia,Belgrade,Europe,Southern Europe,,RS-->VA,RS-->VA,RS-->VA,RS-->VA,RS-->VA,RS-->VA,RS-->VA,RS-->VA,RS-->VA,RS-->VA,RS-->VA,RS-->VA,RS-->VA,RS-->VA,RS-->VA,RS-->VA,RS-->VA,RS-->VA,RS-->VA,,,,,,,,,,,,,,,,,VA-->RS,VA-->RS,VA-->RS,VA-->RS,VA-->RS,VA-->RS,VA-->RS,VA-->RS,VA-->RS,VA-->RS,VA-->RS,VA-->RS,VA-->RS,VA-->RS,VA-->RS,VA-->RS,VA-->RS,VA-->RS,VA-->RS
SC,SYC,Seychelles,Victoria,Africa,Eastern Africa,,SC-->VA,SC-->VA,SC-->VA,SC-->VA,SC-->VA,SC-->VA,SC-->VA,SC-->VA,SC-->VA,SC-->VA,SC-->VA,SC-->VA,SC-->VA,SC-->VA,SC-->VA,SC-->VA,SC-->VA,SC-->VA,SC-->VA,,,,,,,,,,,,,,,,,VA-->SC,VA-->SC,VA-->SC,VA-->SC,VA-->SC,VA-->SC,VA-->SC,VA-->SC,VA-->SC,VA-->SC,VA-->SC,VA-->SC,VA-->SC,VA-->SC,VA-->SC,VA-->SC,VA-->SC,VA-->SC,VA-->SC
SL,SLE,Sierra Leone,Freetown,Africa,Western Africa,,SL-->VA,SL-->VA,SL-->VA,SL-->VA,SL-->VA,SL-->VA,SL-->VA,SL-->VA,SL-->VA,SL-->VA,SL-->VA,SL-->VA,SL-->VA,SL-->VA,SL-->VA,SL-->VA,SL-->VA,SL-->VA,SL-->VA,,,,,,,,,,,,,,,,,VA-->SL,VA-->SL,VA-->SL,VA-->SL,VA-->SL,VA-->SL,VA-->SL,VA-->SL,VA-->SL,VA-->SL,VA-->SL,VA-->SL,VA-->SL,VA-->SL,VA-->SL,VA-->SL,VA-->SL,VA-->SL,VA-->SL
SG,SGP,Singapore,Singapore,Asia,South-Eastern Asia,,SG-->VA,SG-->VA,SG-->VA,SG-->VA,SG-->VA,SG-->VA,SG-->VA,SG-->VA,SG-->VA,SG-->VA,SG-->VA,SG-->VA,SG-->VA,SG-->VA,SG-->VA,SG-->VA,SG-->VA,SG-->VA,SG-->VA,,,,,,,,,,,,,,,,,VA-->SG,VA-->SG,VA-->SG,VA-->SG,VA-->SG,VA-->SG,VA-->SG,VA-->SG,VA-->SG,VA-->SG,VA-->SG,VA-->SG,VA-->SG,VA-->SG,VA-->SG,VA-->SG,VA-->SG,VA-->SG,VA-->SG
SX,SXM,Sint Maarten,Philipsburg,Americas,Caribbean,,SX-->VA,SX-->VA,SX-->VA,SX-->VA,SX-->VA,SX-->VA,SX-->VA,SX-->VA,SX-->VA,SX-->VA,SX-->VA,SX-->VA,SX-->VA,SX-->VA,SX-->VA,SX-->VA,SX-->VA,SX-->VA,SX-->VA,,,,,,,,,,,,,,,,,VA-->SX,VA-->SX,VA-->SX,VA-->SX,VA-->SX,VA-->SX,VA-->SX,VA-->SX,VA-->SX,VA-->SX,VA-->SX,VA-->SX,VA-->SX,VA-->SX,VA-->SX,VA-->SX,VA-->SX,VA-->SX,VA-->SX
SK,SVK,Slovakia,Bratislava,Europe,Eastern Europe,,SK-->VA,SK-->VA,SK-->VA,SK-->VA,SK-->VA,SK-->VA,SK-->VA,SK-->VA,SK-->VA,SK-->VA,SK-->VA,SK-->VA,SK-->VA,SK-->VA,SK-->VA,SK-->VA,SK-->VA,SK-->VA,SK-->VA,,,,,,,,,,,,,,,,,VA-->SK,VA-->SK,VA-->SK,VA-->SK,VA-->SK,VA-->SK,VA-->SK,VA-->SK,VA-->SK,VA-->SK,VA-->SK,VA-->SK,VA-->SK,VA-->SK,VA-->SK,VA-->SK,VA-->SK,VA-->SK,VA-->SK
SI,SVN,Slovenia,Ljubljana,Europe,Southern Europe,,SI-->VA,SI-->VA,SI-->VA,SI-->VA,SI-->VA,SI-->VA,SI-->VA,SI-->VA,SI-->VA,SI-->VA,SI-->VA,SI-->VA,SI-->VA,SI-->VA,SI-->VA,SI-->VA,SI-->VA,SI-->VA,SI-->VA,,,,,,,,,,,,,,,,,VA-->SI,VA-->SI,VA-->SI,VA-->SI,VA-->SI,VA-->SI,VA-->SI,VA-->SI,VA-->SI,VA-->SI,VA-->SI,VA-->SI,VA-->SI,VA-->SI,VA-->SI,VA-->SI,VA-->SI,VA-->SI,VA-->SI
SB,SLB,Solomon Islands,Honiara,Oceania,Melanesia,,SB-->VA,SB-->VA,SB-->VA,SB-->VA,SB-->VA,SB-->VA,SB-->VA,SB-->VA,SB-->VA,SB-->VA,SB-->VA,SB-->VA,SB-->VA,SB-->VA,SB-->VA,SB-->VA,SB-->VA,SB-->VA,SB-->VA,,,,,,,,,,,,,,,,,VA-->SB,VA-->SB,VA-->SB,VA-->SB,VA-->SB,VA-->SB,VA-->SB,VA-->SB,VA-->SB,VA-->SB,VA-->SB,VA-->SB,VA-->SB,VA-->SB,VA-->SB,VA-->SB,VA-->SB,VA-->SB,VA-->SB
SO,SOM,Somalia,Mogadishu,Africa,Eastern Africa,,SO-->VA,SO-->VA,SO-->VA,SO-->VA,SO-->VA,SO-->VA,SO-->VA,SO-->VA,SO-->VA,SO-->VA,SO-->VA,SO-->VA,SO-->VA,SO-->VA,SO-->VA,SO-->VA,SO-->VA,SO-->VA,SO-->VA,,,,,,,,,,,,,,,,,VA-->SO,VA-->SO,VA-->SO,VA-->SO,VA-->SO,VA-->SO,VA-->SO,VA-->SO,VA-->SO,VA-->SO,VA-->SO,VA-->SO,VA-->SO,VA-->SO,VA-->SO,VA-->SO,VA-->SO,VA-->SO,VA-->SO
ZA,ZAF,South Africa,Pretoria,Africa,Southern Africa,,ZA-->VA,ZA-->VA,ZA-->VA,ZA-->VA,ZA-->VA,ZA-->VA,ZA-->VA,ZA-->VA,ZA-->VA,ZA-->VA,ZA-->VA,ZA-->VA,ZA-->VA,ZA-->VA,ZA-->VA,ZA-->VA,ZA-->VA,ZA-->VA,ZA-->VA,,,,,,,,,,,,,,,,,VA-->ZA,VA-->ZA,VA-->ZA,VA-->ZA,VA-->ZA,VA-->ZA,VA-->ZA,VA-->ZA,VA-->ZA,VA-->ZA,VA-->ZA,VA-->ZA,VA-->ZA,VA-->ZA,VA-->ZA,VA-->ZA,VA-->ZA,VA-->ZA,VA-->ZA
GS,SGS,South Georgia,King Edward Point,Americas,South America,,GS-->VA,GS-->VA,GS-->VA,GS-->VA,GS-->VA,GS-->VA,GS-->VA,GS-->VA,GS-->VA,GS-->VA,GS-->VA,GS-->VA,GS-->VA,GS-->VA,GS-->VA,GS-->VA,GS-->VA,GS-->VA,GS-->VA,,,,,,,,,,,,,,,,,VA-->GS,VA-->GS,VA-->GS,VA-->GS,VA-->GS,VA-->GS,VA-->GS,VA-->GS,VA-->GS,VA-->GS,VA-->GS,VA-->GS,VA-->GS,VA-->GS,VA-->GS,VA-->GS,VA-->GS,VA-->GS,VA-->GS
KR,KOR,South Korea,Seoul,Asia,Eastern Asia,,KR-->VA,KR-->VA,KR-->VA,KR-->VA,KR-->VA,KR-->VA,KR-->VA,KR-->VA,KR-->VA,KR-->VA,KR-->VA,KR-->VA,KR-->VA,KR-->VA,KR-->VA,KR-->VA,KR-->VA,KR-->VA,KR-->VA,,,,,,,,,,,,,,,,,VA-->KR,VA-->KR,VA-->KR,VA-->KR,VA-->KR,VA-->KR,VA-->KR,VA-->KR,VA-->KR,VA-->KR,VA-->KR,VA-->KR,VA-->KR,VA-->KR,VA-->KR,VA-->KR,VA-->KR,VA-->KR,VA-->KR
SS,SSD,South Sudan,Juba,Africa,Middle Africa,,SS-->VA,SS-->VA,SS-->VA,SS-->VA,SS-->VA,SS-->VA,SS-->VA,SS-->VA,SS-->VA,SS-->VA,SS-->VA,SS-->VA,SS-->VA,SS-->VA,SS-->VA,SS-->VA,SS-->VA,SS-->VA,SS-->VA,,,,,,,,,,,,,,,,,VA-->SS,VA-->SS,VA-->SS,VA-->SS,VA-->SS,VA-->SS,VA-->SS,VA-->SS,VA-->SS,VA-->SS,VA-->SS,VA-->SS,VA-->SS,VA-->SS,VA-->SS,VA-->SS,VA-->SS,VA-->SS,VA-->SS
ES,ESP,Spain,Madrid,Europe,Southern Europe,,ES-->VA,ES-->VA,ES-->VA,ES-->VA,ES-->VA,ES-->VA,ES-->VA,ES-->VA,ES-->VA,ES-->VA,ES-->VA,ES-->VA,ES-->VA,ES-->VA,ES-->VA,ES-->VA,ES-->VA,ES-->VA,ES-->VA,,,,,,,,,,,,,,,,,VA-->ES,VA-->ES,VA-->ES,VA-->ES,VA-->ES,VA-->ES,VA-->ES,VA-->ES,VA-->ES,VA-->ES,VA-->ES,VA-->ES,VA-->ES,VA-->ES,VA-->ES,VA-->ES,VA-->ES,VA-->ES,VA-->ES
LK,LKA,Sri Lanka,Colombo,Asia,Southern Asia,,LK-->VA,LK-->VA,LK-->VA,LK-->VA,LK-->VA,LK-->VA,LK-->VA,LK-->VA,LK-->VA,LK-->VA,LK-->VA,LK-->VA,LK-->VA,LK-->VA,LK-->VA,LK-->VA,LK-->VA,LK-->VA,LK-->VA,,,,,,,,,,,,,,,,,VA-->LK,VA-->LK,VA-->LK,VA-->LK,VA-->LK,VA-->LK,VA-->LK,VA-->LK,VA-->LK,VA-->LK,VA-->LK,VA-->LK,VA-->LK,VA-->LK,VA-->LK,VA-->LK,VA-->LK,VA-->LK,VA-->LK
SD,SDN,Sudan,Khartoum,Africa,Northern Africa,,SD-->VA,SD-->VA,SD-->VA,SD-->VA,SD-->VA,SD-->VA,SD-->VA,SD-->VA,SD-->VA,SD-->VA,SD-->VA,SD-->VA,SD-->VA,SD-->VA,SD-->VA,SD-->VA,SD-->VA,SD-->VA,SD-->VA,,,,,,,,,,,,,,,,,VA-->SD,VA-->SD,VA-->SD,VA-->SD,VA-->SD,VA-->SD,VA-->SD,VA-->SD,VA-->SD,VA-->SD,VA-->SD,VA-->SD,VA-->SD,VA-->SD,VA-->SD,VA-->SD,VA-->SD,VA-->SD,VA-->SD
SR,SUR,Suriname,Paramaribo,Americas,South America,,SR-->VA,SR-->VA,SR-->VA,SR-->VA,SR-->VA,SR-->VA,SR-->VA,SR-->VA,SR-->VA,SR-->VA,SR-->VA,SR-->VA,SR-->VA,SR-->VA,SR-->VA,SR-->VA,SR-->VA,SR-->VA,SR-->VA,,,,,,,,,,,,,,,,,VA-->SR,VA-->SR,VA-->SR,VA-->SR,VA-->SR,VA-->SR,VA-->SR,VA-->SR,VA-->SR,VA-->SR,VA-->SR,VA-->SR,VA-->SR,VA-->SR,VA-->SR,VA-->SR,VA-->SR,VA-->SR,VA-->SR
SJ,SJM,Svalbard and Jan Mayen,Longyearbyen,Europe,Northern Europe,,SJ-->VA,SJ-->VA,SJ-->VA,SJ-->VA,SJ-->VA,SJ-->VA,SJ-->VA,SJ-->VA,SJ-->VA,SJ-->VA,SJ-->VA,SJ-->VA,SJ-->VA,SJ-->VA,SJ-->VA,SJ-->VA,SJ-->VA,SJ-->VA,SJ-->VA,,,,,,,,,,,,,,,,,VA-->SJ,VA-->SJ,VA-->SJ,VA-->SJ,VA-->SJ,VA-->SJ,VA-->SJ,VA-->SJ,VA-->SJ,VA-->SJ,VA-->SJ,VA-->SJ,VA-->SJ,VA-->SJ,VA-->SJ,VA-->SJ,VA-->SJ,VA-->SJ,VA-->SJ
SZ,SWZ,Swaziland,Lobamba,Africa,Southern Africa,,SZ-->VA,SZ-->VA,SZ-->VA,SZ-->VA,SZ-->VA,SZ-->VA,SZ-->VA,SZ-->VA,SZ-->VA,SZ-->VA,SZ-->VA,SZ-->VA,SZ-->VA,SZ-->VA,SZ-->VA,SZ-->VA,SZ-->VA,SZ-->VA,SZ-->VA,,,,,,,,,,,,,,,,,VA-->SZ,VA-->SZ,VA-->SZ,VA-->SZ,VA-->SZ,VA-->SZ,VA-->SZ,VA-->SZ,VA-->SZ,VA-->SZ,VA-->SZ,VA-->SZ,VA-->SZ,VA-->SZ,VA-->SZ,VA-->SZ,VA-->SZ,VA-->SZ,VA-->SZ
SE,SWE,Sweden,Stockholm,Europe,Northern Europe,,SE-->VA,SE-->VA,SE-->VA,SE-->VA,SE-->VA,SE-->VA,SE-->VA,SE-->VA,SE-->VA,SE-->VA,SE-->VA,SE-->VA,SE-->VA,SE-->VA,SE-->VA,SE-->VA,SE-->VA,SE-->VA,SE-->VA,,,,,,,,,,,,,,,,,VA-->SE,VA-->SE,VA-->SE,VA-->SE,VA-->SE,VA-->SE,VA-->SE,VA-->SE,VA-->SE,VA-->SE,VA-->SE,VA-->SE,VA-->SE,VA-->SE,VA-->SE,VA-->SE,VA-->SE,VA-->SE,VA-->SE
CH,CHE,Switzerland,Bern,Europe,Western Europe,,CH-->VA,CH-->VA,CH-->VA,CH-->VA,CH-->VA,CH-->VA,CH-->VA,CH-->VA,CH-->VA,CH-->VA,CH-->VA,CH-->VA,CH-->VA,CH-->VA,CH-->VA,CH-->VA,CH-->VA,CH-->VA,CH-->VA,,,,,,,,,,,,,,,,,VA-->CH,VA-->CH,VA-->CH,VA-->CH,VA-->CH,VA-->CH,VA-->CH,VA-->CH,VA-->CH,VA-->CH,VA-->CH,VA-->CH,VA-->CH,VA-->CH,VA-->CH,VA-->CH,VA-->CH,VA-->CH,VA-->CH
SY,SYR,Syria,Damascus,Asia,Western Asia,,SY-->VA,SY-->VA,SY-->VA,SY-->VA,SY-->VA,SY-->VA,SY-->VA,SY-->VA,SY-->VA,SY-->VA,SY-->VA,SY-->VA,SY-->VA,SY-->VA,SY-->VA,SY-->VA,SY-->VA,SY-->VA,SY-->VA,,,,,,,,,,,,,,,,,VA-->SY,VA-->SY,VA-->SY,VA-->SY,VA-->SY,VA-->SY,VA-->SY,VA-->SY,VA-->SY,VA-->SY,VA-->SY,VA-->SY,VA-->SY,VA-->SY,VA-->SY,VA-->SY,VA-->SY,VA-->SY,VA-->SY
TW,TWN,Taiwan,Taipei,Asia,Eastern Asia,,TW-->VA,TW-->VA,TW-->VA,TW-->VA,TW-->VA,TW-->VA,TW-->VA,TW-->VA,TW-->VA,TW-->VA,TW-->VA,TW-->VA,TW-->VA,TW-->VA,TW-->VA,TW-->VA,TW-->VA,TW-->VA,TW-->VA,,,,,,,,,,,,,,,,,VA-->TW,VA-->TW,VA-->TW,VA-->TW,VA-->TW,VA-->TW,VA-->TW,VA-->TW,VA-->TW,VA-->TW,VA-->TW,VA-->TW,VA-->TW,VA-->TW,VA-->TW,VA-->TW,VA-->TW,VA-->TW,VA-->TW
TJ,TJK,Tajikistan,Dushanbe,Asia,Central Asia,,TJ-->VA,TJ-->VA,TJ-->VA,TJ-->VA,TJ-->VA,TJ-->VA,TJ-->VA,TJ-->VA,TJ-->VA,TJ-->VA,TJ-->VA,TJ-->VA,TJ-->VA,TJ-->VA,TJ-->VA,TJ-->VA,TJ-->VA,TJ-->VA,TJ-->VA,,,,,,,,,,,,,,,,,VA-->TJ,VA-->TJ,VA-->TJ,VA-->TJ,VA-->TJ,VA-->TJ,VA-->TJ,VA-->TJ,VA-->TJ,VA-->TJ,VA-->TJ,VA-->TJ,VA-->TJ,VA-->TJ,VA-->TJ,VA-->TJ,VA-->TJ,VA-->TJ,VA-->TJ
TZ,TZA,Tanzania,Dodoma,Africa,Eastern Africa,,TZ-->VA,TZ-->VA,TZ-->VA,TZ-->VA,TZ-->VA,TZ-->VA,TZ-->VA,TZ-->VA,TZ-->VA,TZ-->VA,TZ-->VA,TZ-->VA,TZ-->VA,TZ-->VA,TZ-->VA,TZ-->VA,TZ-->VA,TZ-->VA,TZ-->VA,,,,,,,,,,,,,,,,,VA-->TZ,VA-->TZ,VA-->TZ,VA-->TZ,VA-->TZ,VA-->TZ,VA-->TZ,VA-->TZ,VA-->TZ,VA-->TZ,VA-->TZ,VA-->TZ,VA-->TZ,VA-->TZ,VA-->TZ,VA-->TZ,VA-->TZ,VA-->TZ,VA-->TZ
TH,THA,Thailand,Bangkok,Asia,South-Eastern Asia,,TH-->VA,TH-->VA,TH-->VA,TH-->VA,TH-->VA,TH-->VA,TH-->VA,TH-->VA,TH-->VA,TH-->VA,TH-->VA,TH-->VA,TH-->VA,TH-->VA,TH-->VA,TH-->VA,TH-->VA,TH-->VA,TH-->VA,,,,,,,,,,,,,,,,,VA-->TH,VA-->TH,VA-->TH,VA-->TH,VA-->TH,VA-->TH,VA-->TH,VA-->TH,VA-->TH,VA-->TH,VA-->TH,VA-->TH,VA-->TH,VA-->TH,VA-->TH,VA-->TH,VA-->TH,VA-->TH,VA-->TH
TL,TLS,East Timor,Dili,Asia,South-Eastern Asia,,TL-->VA,TL-->VA,TL-->VA,TL-->VA,TL-->VA,TL-->VA,TL-->VA,TL-->VA,TL-->VA,TL-->VA,TL-->VA,TL-->VA,TL-->VA,TL-->VA,TL-->VA,TL-->VA,TL-->VA,TL-->VA,TL-->VA,,,,,,,,,,,,,,,,,VA-->TL,VA-->TL,VA-->TL,VA-->TL,VA-->TL,VA-->TL,VA-->TL,VA-->TL,VA-->TL,VA-->TL,VA-->TL,VA-->TL,VA-->TL,VA-->TL,VA-->TL,VA-->TL,VA-->TL,VA-->TL,VA-->TL
TG,TGO,Togo,Lomé,Africa,Western Africa,,TG-->VA,TG-->VA,TG-->VA,TG-->VA,TG-->VA,TG-->VA,TG-->VA,TG-->VA,TG-->VA,TG-->VA,TG-->VA,TG-->VA,TG-->VA,TG-->VA,TG-->VA,TG-->VA,TG-->VA,TG-->VA,TG-->VA,,,,,,,,,,,,,,,,,VA-->TG,VA-->TG,VA-->TG,VA-->TG,VA-->TG,VA-->TG,VA-->TG,VA-->TG,VA-->TG,VA-->TG,VA-->TG,VA-->TG,VA-->TG,VA-->TG,VA-->TG,VA-->TG,VA-->TG,VA-->TG,VA-->TG
TK,TKL,Tokelau,Fakaofo,Oceania,Polynesia,,TK-->VA,TK-->VA,TK-->VA,TK-->VA,TK-->VA,TK-->VA,TK-->VA,TK-->VA,TK-->VA,TK-->VA,TK-->VA,TK-->VA,TK-->VA,TK-->VA,TK-->VA,TK-->VA,TK-->VA,TK-->VA,TK-->VA,,,,,,,,,,,,,,,,,VA-->TK,VA-->TK,VA-->TK,VA-->TK,VA-->TK,VA-->TK,VA-->TK,VA-->TK,VA-->TK,VA-->TK,VA-->TK,VA-->TK,VA-->TK,VA-->TK,VA-->TK,VA-->TK,VA-->TK,VA-->TK,VA-->TK
TO,TON,Tonga,Nuku'alofa,Oceania,Polynesia,,TO-->VA,TO-->VA,TO-->VA,TO-->VA,TO-->VA,TO-->VA,TO-->VA,TO-->VA,TO-->VA,TO-->VA,TO-->VA,TO-->VA,TO-->VA,TO-->VA,TO-->VA,TO-->VA,TO-->VA,TO-->VA,TO-->VA,,,,,,,,,,,,,,,,,VA-->TO,VA-->TO,VA-->TO,VA-->TO,VA-->TO,VA-->TO,VA-->TO,VA-->TO,VA-->TO,VA-->TO,VA-->TO,VA-->TO,VA-->TO,VA-->TO,VA-->TO,VA-->TO,VA-->TO,VA-->TO,VA-->TO
TT,TTO,Trinidad and Tobago,Port of Spain,Americas,Caribbean,,TT-->VA,TT-->VA,TT-->VA,TT-->VA,TT-->VA,TT-->VA,TT-->VA,TT-->VA,TT-->VA,TT-->VA,TT-->VA,TT-->VA,TT-->VA,TT-->VA,TT-->VA,TT-->VA,TT-->VA,TT-->VA,TT-->VA,,,,,,,,,,,,,,,,,VA-->TT,VA-->TT,VA-->TT,VA-->TT,VA-->TT,VA-->TT,VA-->TT,VA-->TT,VA-->TT,VA-->TT,VA-->TT,VA-->TT,VA-->TT,VA-->TT,VA-->TT,VA-->TT,VA-->TT,VA-->TT,VA-->TT
TN,TUN,Tunisia,Tunis,Africa,Northern Africa,,TN-->VA,TN-->VA,TN-->VA,TN-->VA,TN-->VA,TN-->VA,TN-->VA,TN-->VA,TN-->VA,TN-->VA,TN-->VA,TN-->VA,TN-->VA,TN-->VA,TN-->VA,TN-->VA,TN-->VA,TN-->VA,TN-->VA,,,,,,,,,,,,,,,,,VA-->TN,VA-->TN,VA-->TN,VA-->TN,VA-->TN,VA-->TN,VA-->TN,VA-->TN,VA-->TN,VA-->TN,VA-->TN,VA-->TN,VA-->TN,VA-->TN,VA-->TN,VA-->TN,VA-->TN,VA-->TN,VA-->TN
TR,TUR,Turkey,Ankara,Asia,Western Asia,,TR-->VA,TR-->VA,TR-->VA,TR-->VA,TR-->VA,TR-->VA,TR-->VA,TR-->VA,TR-->VA,TR-->VA,TR-->VA,TR-->VA,TR-->VA,TR-->VA,TR-->VA,TR-->VA,TR-->VA,TR-->VA,TR-->VA,,,,,,,,,,,,,,,,,VA-->TR,VA-->TR,VA-->TR,VA-->TR,VA-->TR,VA-->TR,VA-->TR,VA-->TR,VA-->TR,VA-->TR,VA-->TR,VA-->TR,VA-->TR,VA-->TR,VA-->TR,VA-->TR,VA-->TR,VA-->TR,VA-->TR
TM,TKM,Turkmenistan,Ashgabat,Asia,Central Asia,,TM-->VA,TM-->VA,TM-->VA,TM-->VA,TM-->VA,TM-->VA,TM-->VA,TM-->VA,TM-->VA,TM-->VA,TM-->VA,TM-->VA,TM-->VA,TM-->VA,TM-->VA,TM-->VA,TM-->VA,TM-->VA,TM-->VA,,,,,,,,,,,,,,,,,VA-->TM,VA-->TM,VA-->TM,VA-->TM,VA-->TM,VA-->TM,VA-->TM,VA-->TM,VA-->TM,VA-->TM,VA-->TM,VA-->TM,VA-->TM,VA-->TM,VA-->TM,VA-->TM,VA-->TM,VA-->TM,VA-->TM
TC,TCA,Turks and Caicos Islands,Cockburn Town,Americas,Caribbean,,TC-->VA,TC-->VA,TC-->VA,TC-->VA,TC-->VA,TC-->VA,TC-->VA,TC-->VA,TC-->VA,TC-->VA,TC-->VA,TC-->VA,TC-->VA,TC-->VA,TC-->VA,TC-->VA,TC-->VA,TC-->VA,TC-->VA,,,,,,,,,,,,,,,,,VA-->TC,VA-->TC,VA-->TC,VA-->TC,VA-->TC,VA-->TC,VA-->TC,VA-->TC,VA-->TC,VA-->TC,VA-->TC,VA-->TC,VA-->TC,VA-->TC,VA-->TC,VA-->TC,VA-->TC,VA-->TC,VA-->TC
TV,TUV,Tuvalu,Funafuti,Oceania,Polynesia,,TV-->VA,TV-->VA,TV-->VA,TV-->VA,TV-->VA,TV-->VA,TV-->VA,TV-->VA,TV-->VA,TV-->VA,TV-->VA,TV-->VA,TV-->VA,TV-->VA,TV-->VA,TV-->VA,TV-->VA,TV-->VA,TV-->VA,,,,,,,,,,,,,,,,,VA-->TV,VA-->TV,VA-->TV,VA-->TV,VA-->TV,VA-->TV,VA-->TV,VA-->TV,VA-->TV,VA-->TV,VA-->TV,VA-->TV,VA-->TV,VA-->TV,VA-->TV,VA-->TV,VA-->TV,VA-->TV,VA-->TV
UG,UGA,Uganda,Kampala,Africa,Eastern Africa,,UG-->VA,UG-->VA,UG-->VA,UG-->VA,UG-->VA,UG-->VA,UG-->VA,UG-->VA,UG-->VA,UG-->VA,UG-->VA,UG-->VA,UG-->VA,UG-->VA,UG-->VA,UG-->VA,UG-->VA,UG-->VA,UG-->VA,,,,,,,,,,,,,,,,,VA-->UG,VA-->UG,VA-->UG,VA-->UG,VA-->UG,VA-->UG,VA-->UG,VA-->UG,VA-->UG,VA-->UG,VA-->UG,VA-->UG,VA-->UG,VA-->UG,VA-->UG,VA-->UG,VA-->UG,VA-->UG,VA-->UG
UA,UKR,Ukraine,Kiev,Europe,Eastern Europe,,UA-->VA,UA-->VA,UA-->VA,UA-->VA,UA-->VA,UA-->VA,UA-->VA,UA-->VA,UA-->VA,UA-->VA,UA-->VA,UA-->VA,UA-->VA,UA-->VA,UA-->VA,UA-->VA,UA-->VA,UA-->VA,UA-->VA,,,,,,,,,,,,,,,,,VA-->UA,VA-->UA,VA-->UA,VA-->UA,VA-->UA,VA-->UA,VA-->UA,VA-->UA,VA-->UA,VA-->UA,VA-->UA,VA-->UA,VA-->UA,VA-->UA,VA-->UA,VA-->UA,VA-->UA,VA-->UA,VA-->UA
AE,ARE,United Arab Emirates,Abu Dhabi,Asia,Western Asia,,AE-->VA,AE-->VA,AE-->VA,AE-->VA,AE-->VA,AE-->VA,AE-->VA,AE-->VA,AE-->VA,AE-->VA,AE-->VA,AE-->VA,AE-->VA,AE-->VA,AE-->VA,AE-->VA,AE-->VA,AE-->VA,AE-->VA,,,,,,,,,,,,,,,,,VA-->AE,VA-->AE,VA-->AE,VA-->AE,VA-->AE,VA-->AE,VA-->AE,VA-->AE,VA-->AE,VA-->AE,VA-->AE,VA-->AE,VA-->AE,VA-->AE,VA-->AE,VA-->AE,VA-->AE,VA-->AE,VA-->AE
GB,GBR,United Kingdom,London,Europe,Northern Europe,,GB-->VA,GB-->VA,GB-->VA,GB-->VA,GB-->VA,GB-->VA,GB-->VA,GB-->VA,GB-->VA,GB-->VA,GB-->VA,GB-->VA,GB-->VA,GB-->VA,GB-->VA,GB-->VA,GB-->VA,GB-->VA,GB-->VA,,,,,,,,,,,,,,,,,VA-->GB,VA-->GB,VA-->GB,VA-->GB,VA-->GB,VA-->GB,VA-->GB,VA-->GB,VA-->GB,VA-->GB,VA-->GB,VA-->GB,VA-->GB,VA-->GB,VA-->GB,VA-->GB,VA-->GB,VA-->GB,VA-->GB
US,USA,United States,"Washington, D.C.",Americas,Northern America,,US-->VA,US-->VA,US-->VA,US-->VA,US-->VA,US-->VA,US-->VA,US-->VA,US-->VA,US-->VA,US-->VA,US-->VA,US-->VA,US-->VA,US-->VA,US-->VA,US-->VA,US-->VA,US-->VA,,,,,,,,,,,,,,,,,VA-->US,VA-->US,VA-->US,VA-->US,VA-->US,VA-->US,VA-->US,VA-->US,VA-->US,VA-->US,VA-->US,VA-->US,VA-->US,VA-->US,VA-->US,VA-->US,VA-->US,VA-->US,VA-->US
UY,URY,Uruguay,Montevideo,Americas,South America,,UY-->VA,UY-->VA,UY-->VA,UY-->VA,UY-->VA,UY-->VA,UY-->VA,UY-->VA,UY-->VA,UY-->VA,UY-->VA,UY-->VA,UY-->VA,UY-->VA,UY-->VA,UY-->VA,UY-->VA,UY-->VA,UY-->VA,,,,,,,,,,,,,,,,,VA-->UY,VA-->UY,VA-->UY,VA-->UY,VA-->UY,VA-->UY,VA-->UY,VA-->UY,VA-->UY,VA-->UY,VA-->UY,VA-->UY,VA-->UY,VA-->UY,VA-->UY,VA-->UY,VA-->UY,VA-->UY,VA-->UY
UZ,UZB,Uzbekistan,Tashkent,Asia,Central Asia,,UZ-->VA,UZ-->VA,UZ-->VA,UZ-->VA,UZ-->VA,UZ-->VA,UZ-->VA,UZ-->VA,UZ-->VA,UZ-->VA,UZ-->VA,UZ-->VA,UZ-->VA,UZ-->VA,UZ-->VA,UZ-->VA,UZ-->VA,UZ-->VA,UZ-->VA,,,,,,,,,,,,,,,,,VA-->UZ,VA-->UZ,VA-->UZ,VA-->UZ,VA-->UZ,VA-->UZ,VA-->UZ,VA-->UZ,VA-->UZ,VA-->UZ,VA-->UZ,VA-->UZ,VA-->UZ,VA-->UZ,VA-->UZ,VA-->UZ,VA-->UZ,VA-->UZ,VA-->UZ
VU,VUT,Vanuatu,Port Vila,Oceania,Melanesia,,VU-->VA,VU-->VA,VU-->VA,VU-->VA,VU-->VA,VU-->VA,VU-->VA,VU-->VA,VU-->VA,VU-->VA,VU-->VA,VU-->VA,VU-->VA,VU-->VA,VU-->VA,VU-->VA,VU-->VA,VU-->VA,VU-->VA,,,,,,,,,,,,,,,,,VA-->VU,VA-->VU,VA-->VU,VA-->VU,VA-->VU,VA-->VU,VA-->VU,VA-->VU,VA-->VU,VA-->VU,VA-->VU,VA-->VU,VA-->VU,VA-->VU,VA-->VU,VA-->VU,VA-->VU,VA-->VU,VA-->VU
VE,VEN,Venezuela,Caracas,Americas,South America,,VE-->VA,VE-->VA,VE-->VA,VE-->VA,VE-->VA,VE-->VA,VE-->VA,VE-->VA,VE-->VA,VE-->VA,VE-->VA,VE-->VA,VE-->VA,VE-->VA,VE-->VA,VE-->VA,VE-->VA,VE-->VA,VE-->VA,,,,,,,,,,,,,,,,,VA-->VE,VA-->VE,VA-->VE,VA-->VE,VA-->VE,VA-->VE,VA-->VE,VA-->VE,VA-->VE,VA-->VE,VA-->VE,VA-->VE,VA-->VE,VA-->VE,VA-->VE,VA-->VE,VA-->VE,VA-->VE,VA-->VE
VN,VNM,Vietnam,Hanoi,Asia,South-Eastern Asia,,VN-->VA,VN-->VA,VN-->VA,VN-->VA,VN-->VA,VN-->VA,VN-->VA,VN-->VA,VN-->VA,VN-->VA,VN-->VA,VN-->VA,VN-->VA,VN-->VA,VN-->VA,VN-->VA,VN-->VA,VN-->VA,VN-->VA,,,,,,,,,,,,,,,,,VA-->VN,VA-->VN,VA-->VN,VA-->VN,VA-->VN,VA-->VN,VA-->VN,VA-->VN,VA-->VN,VA-->VN,VA-->VN,VA-->VN,VA-->VN,VA-->VN,VA-->VN,VA-->VN,VA-->VN,VA-->VN,VA-->VN
WF,WLF,Wallis and Futuna,Mata-Utu,Oceania,Polynesia,,WF-->VA,WF-->VA,WF-->VA,WF-->VA,WF-->VA,WF-->VA,WF-->VA,WF-->VA,WF-->VA,WF-->VA,WF-->VA,WF-->VA,WF-->VA,WF-->VA,WF-->VA,WF-->VA,WF-->VA,WF-->VA,WF-->VA,,,,,,,,,,,,,,,,,VA-->WF,VA-->WF,VA-->WF,VA-->WF,VA-->WF,VA-->WF,VA-->WF,VA-->WF,VA-->WF,VA-->WF,VA-->WF,VA-->WF,VA-->WF,VA-->WF,VA-->WF,VA-->WF,VA-->WF,VA-->WF,VA-->WF
EH,ESH,Western Sahara,El Aaiún,Africa,Northern Africa,,EH-->VA,EH-->VA,EH-->VA,EH-->VA,EH-->VA,EH-->VA,EH-->VA,EH-->VA,EH-->VA,EH-->VA,EH-->VA,EH-->VA,EH-->VA,EH-->VA,EH-->VA,EH-->VA,EH-->VA,EH-->VA,EH-->VA,,,,,,,,,,,,,,,,,VA-->EH,VA-->EH,VA-->EH,VA-->EH,VA-->EH,VA-->EH,VA-->EH,VA-->EH,VA-->EH,VA-->EH,VA-->EH,VA-->EH,VA-->EH,VA-->EH,VA-->EH,VA-->EH,VA-->EH,VA-->EH,VA-->EH
YE,YEM,Yemen,Sana'a,Asia,Western Asia,,YE-->VA,YE-->VA,YE-->VA,YE-->VA,YE-->VA,YE-->VA,YE-->VA,YE-->VA,YE-->VA,YE-->VA,YE-->VA,YE-->VA,YE-->VA,YE-->VA,YE-->VA,YE-->VA,YE-->VA,YE-->VA,YE-->VA,,,,,,,,,,,,,,,,,VA-->YE,VA-->YE,VA-->YE,VA-->YE,VA-->YE,VA-->YE,VA-->YE,VA-->YE,VA-->YE,VA-->YE,VA-->YE,VA-->YE,VA-->YE,VA-->YE,VA-->YE,VA-->YE,VA-->YE,VA-->YE,VA-->YE
ZM,ZMB,Zambia,Lusaka,Africa,Eastern Africa,,ZM-->VA,ZM-->VA,ZM-->VA,ZM-->VA,ZM-->VA,ZM-->VA,ZM-->VA,ZM-->VA,ZM-->VA,ZM-->VA,ZM-->VA,ZM-->VA,ZM-->VA,ZM-->VA,ZM-->VA,ZM-->VA,ZM-->VA,ZM-->VA,ZM-->VA,,,,,,,,,,,,,,,,,VA-->ZM,VA-->ZM,VA-->ZM,VA-->ZM,VA-->ZM,VA-->ZM,VA-->ZM,VA-->ZM,VA-->ZM,VA-->ZM,VA-->ZM,VA-->ZM,VA-->ZM,VA-->ZM,VA-->ZM,VA-->ZM,VA-->ZM,VA-->ZM,VA-->ZM
ZW,ZWE,Zimbabwe,Harare,Africa,Eastern Africa,,ZW-->VA,ZW-->VA,ZW-->VA,ZW-->VA,ZW-->VA,ZW-->VA,ZW-->VA,ZW-->VA,ZW-->VA,ZW-->VA,ZW-->VA,ZW-->VA,ZW-->VA,ZW-->VA,ZW-->VA,ZW-->VA,ZW-->VA,ZW-->VA,ZW-->VA,,,,,,,,,,,,,,,,,VA-->ZW,VA-->ZW,VA-->ZW,VA-->ZW,VA-->ZW,VA-->ZW,VA-->ZW,VA-->ZW,VA-->ZW,VA-->ZW,VA-->ZW,VA-->ZW,VA-->ZW,VA-->ZW,VA-->ZW,VA-->ZW,VA-->ZW,VA-->ZW,VA-->ZW
