nu,code,name,capital,region,subregion,Unnamed: 6,quara/into/where/e,quara/into/where/v,quara/into/where/uv,quara/into/min/e,quara/into/min/v,quara/into/min/uv,quara/into/max/e,quara/into/max/v,quara/into/max/uv,quara/into/comment,test/into/pcr/e,test/into/pcr/v,test/into/pcr/uv,test/into/ag/e,test/into/ag/v,test/into/ag/uv,test/into/comment,visa/into,visa/into/comment,loadStates/into,Unnamed: 27,Unnamed: 28,Unnamed: 29,Unnamed: 30,Unnamed: 31,Unnamed: 32,Unnamed: 33,Unnamed: 34,Unnamed: 35,Unnamed: 36,Unnamed: 37,Unnamed: 38,Unnamed: 39,Unnamed: 40,Unnamed: 41,quara/out/where/e,quara/out/where/v,quara/out/where/uv,quara/out/min/e,quara/out/min/v,quara/out/min/uv,quara/out/max/e,quara/out/max/v,quara/out/max/uv,quara/out/comment,test/out/pcr/e,test/out/pcr/v,test/out/pcr/uv,test/out/ag/e,test/out/ag/v,test/out/ag/uv,test/out/comment,visa/out,visa/out/comment
AF,AFG,Afghanistan,Kabul,Asia,Southern Asia,,AF-->DZ,AF-->DZ,AF-->DZ,AF-->DZ,AF-->DZ,AF-->DZ,AF-->DZ,AF-->DZ,AF-->DZ,AF-->DZ,AF-->DZ,AF-->DZ,AF-->DZ,AF-->DZ,AF-->DZ,AF-->DZ,AF-->DZ,AF-->DZ,AF-->DZ,,,,,,,,,,,,,,,,,DZ-->AF,DZ-->AF,DZ-->AF,DZ-->AF,DZ-->AF,DZ-->AF,DZ-->AF,DZ-->AF,DZ-->AF,DZ-->AF,DZ-->AF,DZ-->AF,DZ-->AF,DZ-->AF,DZ-->AF,DZ-->AF,DZ-->AF,DZ-->AF,DZ-->AF
AX,ALA,Åland Islands,Mariehamn,Europe,Northern Europe,,AX-->DZ,AX-->DZ,AX-->DZ,AX-->DZ,AX-->DZ,AX-->DZ,AX-->DZ,AX-->DZ,AX-->DZ,AX-->DZ,AX-->DZ,AX-->DZ,AX-->DZ,AX-->DZ,AX-->DZ,AX-->DZ,AX-->DZ,AX-->DZ,AX-->DZ,,,,,,,,,,,,,,,,,DZ-->AX,DZ-->AX,DZ-->AX,DZ-->AX,DZ-->AX,DZ-->AX,DZ-->AX,DZ-->AX,DZ-->AX,DZ-->AX,DZ-->AX,DZ-->AX,DZ-->AX,DZ-->AX,DZ-->AX,DZ-->AX,DZ-->AX,DZ-->AX,DZ-->AX
AL,ALB,Albania,Tirana,Europe,Southern Europe,,AL-->DZ,AL-->DZ,AL-->DZ,AL-->DZ,AL-->DZ,AL-->DZ,AL-->DZ,AL-->DZ,AL-->DZ,AL-->DZ,AL-->DZ,AL-->DZ,AL-->DZ,AL-->DZ,AL-->DZ,AL-->DZ,AL-->DZ,AL-->DZ,AL-->DZ,,,,,,,,,,,,,,,,,DZ-->AL,DZ-->AL,DZ-->AL,DZ-->AL,DZ-->AL,DZ-->AL,DZ-->AL,DZ-->AL,DZ-->AL,DZ-->AL,DZ-->AL,DZ-->AL,DZ-->AL,DZ-->AL,DZ-->AL,DZ-->AL,DZ-->AL,DZ-->AL,DZ-->AL
DZ,DZA,Algeria,Algiers,Africa,Northern Africa,,DZ-->DZ,DZ-->DZ,DZ-->DZ,DZ-->DZ,DZ-->DZ,DZ-->DZ,DZ-->DZ,DZ-->DZ,DZ-->DZ,DZ-->DZ,DZ-->DZ,DZ-->DZ,DZ-->DZ,DZ-->DZ,DZ-->DZ,DZ-->DZ,DZ-->DZ,DZ-->DZ,DZ-->DZ,,,,,,,,,,,,,,,,,DZ-->DZ,DZ-->DZ,DZ-->DZ,DZ-->DZ,DZ-->DZ,DZ-->DZ,DZ-->DZ,DZ-->DZ,DZ-->DZ,DZ-->DZ,DZ-->DZ,DZ-->DZ,DZ-->DZ,DZ-->DZ,DZ-->DZ,DZ-->DZ,DZ-->DZ,DZ-->DZ,DZ-->DZ
AS,ASM,American Samoa,Pago Pago,Oceania,Polynesia,,AS-->DZ,AS-->DZ,AS-->DZ,AS-->DZ,AS-->DZ,AS-->DZ,AS-->DZ,AS-->DZ,AS-->DZ,AS-->DZ,AS-->DZ,AS-->DZ,AS-->DZ,AS-->DZ,AS-->DZ,AS-->DZ,AS-->DZ,AS-->DZ,AS-->DZ,,,,,,,,,,,,,,,,,DZ-->AS,DZ-->AS,DZ-->AS,DZ-->AS,DZ-->AS,DZ-->AS,DZ-->AS,DZ-->AS,DZ-->AS,DZ-->AS,DZ-->AS,DZ-->AS,DZ-->AS,DZ-->AS,DZ-->AS,DZ-->AS,DZ-->AS,DZ-->AS,DZ-->AS
AD,AND,Andorra,Andorra la Vella,Europe,Southern Europe,,AD-->DZ,AD-->DZ,AD-->DZ,AD-->DZ,AD-->DZ,AD-->DZ,AD-->DZ,AD-->DZ,AD-->DZ,AD-->DZ,AD-->DZ,AD-->DZ,AD-->DZ,AD-->DZ,AD-->DZ,AD-->DZ,AD-->DZ,AD-->DZ,AD-->DZ,,,,,,,,,,,,,,,,,DZ-->AD,DZ-->AD,DZ-->AD,DZ-->AD,DZ-->AD,DZ-->AD,DZ-->AD,DZ-->AD,DZ-->AD,DZ-->AD,DZ-->AD,DZ-->AD,DZ-->AD,DZ-->AD,DZ-->AD,DZ-->AD,DZ-->AD,DZ-->AD,DZ-->AD
AO,AGO,Angola,Luanda,Africa,Middle Africa,,AO-->DZ,AO-->DZ,AO-->DZ,AO-->DZ,AO-->DZ,AO-->DZ,AO-->DZ,AO-->DZ,AO-->DZ,AO-->DZ,AO-->DZ,AO-->DZ,AO-->DZ,AO-->DZ,AO-->DZ,AO-->DZ,AO-->DZ,AO-->DZ,AO-->DZ,,,,,,,,,,,,,,,,,DZ-->AO,DZ-->AO,DZ-->AO,DZ-->AO,DZ-->AO,DZ-->AO,DZ-->AO,DZ-->AO,DZ-->AO,DZ-->AO,DZ-->AO,DZ-->AO,DZ-->AO,DZ-->AO,DZ-->AO,DZ-->AO,DZ-->AO,DZ-->AO,DZ-->AO
AI,AIA,Anguilla,The Valley,Americas,Caribbean,,AI-->DZ,AI-->DZ,AI-->DZ,AI-->DZ,AI-->DZ,AI-->DZ,AI-->DZ,AI-->DZ,AI-->DZ,AI-->DZ,AI-->DZ,AI-->DZ,AI-->DZ,AI-->DZ,AI-->DZ,AI-->DZ,AI-->DZ,AI-->DZ,AI-->DZ,,,,,,,,,,,,,,,,,DZ-->AI,DZ-->AI,DZ-->AI,DZ-->AI,DZ-->AI,DZ-->AI,DZ-->AI,DZ-->AI,DZ-->AI,DZ-->AI,DZ-->AI,DZ-->AI,DZ-->AI,DZ-->AI,DZ-->AI,DZ-->AI,DZ-->AI,DZ-->AI,DZ-->AI
AQ,ATA,Antarctica,,Polar,,,AQ-->DZ,AQ-->DZ,AQ-->DZ,AQ-->DZ,AQ-->DZ,AQ-->DZ,AQ-->DZ,AQ-->DZ,AQ-->DZ,AQ-->DZ,AQ-->DZ,AQ-->DZ,AQ-->DZ,AQ-->DZ,AQ-->DZ,AQ-->DZ,AQ-->DZ,AQ-->DZ,AQ-->DZ,,,,,,,,,,,,,,,,,DZ-->AQ,DZ-->AQ,DZ-->AQ,DZ-->AQ,DZ-->AQ,DZ-->AQ,DZ-->AQ,DZ-->AQ,DZ-->AQ,DZ-->AQ,DZ-->AQ,DZ-->AQ,DZ-->AQ,DZ-->AQ,DZ-->AQ,DZ-->AQ,DZ-->AQ,DZ-->AQ,DZ-->AQ
AG,ATG,Antigua and Barbuda,Saint John's,Americas,Caribbean,,AG-->DZ,AG-->DZ,AG-->DZ,AG-->DZ,AG-->DZ,AG-->DZ,AG-->DZ,AG-->DZ,AG-->DZ,AG-->DZ,AG-->DZ,AG-->DZ,AG-->DZ,AG-->DZ,AG-->DZ,AG-->DZ,AG-->DZ,AG-->DZ,AG-->DZ,,,,,,,,,,,,,,,,,DZ-->AG,DZ-->AG,DZ-->AG,DZ-->AG,DZ-->AG,DZ-->AG,DZ-->AG,DZ-->AG,DZ-->AG,DZ-->AG,DZ-->AG,DZ-->AG,DZ-->AG,DZ-->AG,DZ-->AG,DZ-->AG,DZ-->AG,DZ-->AG,DZ-->AG
AR,ARG,Argentina,Buenos Aires,Americas,South America,,AR-->DZ,AR-->DZ,AR-->DZ,AR-->DZ,AR-->DZ,AR-->DZ,AR-->DZ,AR-->DZ,AR-->DZ,AR-->DZ,AR-->DZ,AR-->DZ,AR-->DZ,AR-->DZ,AR-->DZ,AR-->DZ,AR-->DZ,AR-->DZ,AR-->DZ,,,,,,,,,,,,,,,,,DZ-->AR,DZ-->AR,DZ-->AR,DZ-->AR,DZ-->AR,DZ-->AR,DZ-->AR,DZ-->AR,DZ-->AR,DZ-->AR,DZ-->AR,DZ-->AR,DZ-->AR,DZ-->AR,DZ-->AR,DZ-->AR,DZ-->AR,DZ-->AR,DZ-->AR
AM,ARM,Armenia,Yerevan,Asia,Western Asia,,AM-->DZ,AM-->DZ,AM-->DZ,AM-->DZ,AM-->DZ,AM-->DZ,AM-->DZ,AM-->DZ,AM-->DZ,AM-->DZ,AM-->DZ,AM-->DZ,AM-->DZ,AM-->DZ,AM-->DZ,AM-->DZ,AM-->DZ,AM-->DZ,AM-->DZ,,,,,,,,,,,,,,,,,DZ-->AM,DZ-->AM,DZ-->AM,DZ-->AM,DZ-->AM,DZ-->AM,DZ-->AM,DZ-->AM,DZ-->AM,DZ-->AM,DZ-->AM,DZ-->AM,DZ-->AM,DZ-->AM,DZ-->AM,DZ-->AM,DZ-->AM,DZ-->AM,DZ-->AM
AW,ABW,Aruba,Oranjestad,Americas,Caribbean,,AW-->DZ,AW-->DZ,AW-->DZ,AW-->DZ,AW-->DZ,AW-->DZ,AW-->DZ,AW-->DZ,AW-->DZ,AW-->DZ,AW-->DZ,AW-->DZ,AW-->DZ,AW-->DZ,AW-->DZ,AW-->DZ,AW-->DZ,AW-->DZ,AW-->DZ,,,,,,,,,,,,,,,,,DZ-->AW,DZ-->AW,DZ-->AW,DZ-->AW,DZ-->AW,DZ-->AW,DZ-->AW,DZ-->AW,DZ-->AW,DZ-->AW,DZ-->AW,DZ-->AW,DZ-->AW,DZ-->AW,DZ-->AW,DZ-->AW,DZ-->AW,DZ-->AW,DZ-->AW
AU,AUS,Australia,Canberra,Oceania,Australia and New Zealand,,AU-->DZ,AU-->DZ,AU-->DZ,AU-->DZ,AU-->DZ,AU-->DZ,AU-->DZ,AU-->DZ,AU-->DZ,AU-->DZ,AU-->DZ,AU-->DZ,AU-->DZ,AU-->DZ,AU-->DZ,AU-->DZ,AU-->DZ,AU-->DZ,AU-->DZ,,,,,,,,,,,,,,,,,DZ-->AU,DZ-->AU,DZ-->AU,DZ-->AU,DZ-->AU,DZ-->AU,DZ-->AU,DZ-->AU,DZ-->AU,DZ-->AU,DZ-->AU,DZ-->AU,DZ-->AU,DZ-->AU,DZ-->AU,DZ-->AU,DZ-->AU,DZ-->AU,DZ-->AU
AT,AUT,Austria,Vienna,Europe,Western Europe,,AT-->DZ,AT-->DZ,AT-->DZ,AT-->DZ,AT-->DZ,AT-->DZ,AT-->DZ,AT-->DZ,AT-->DZ,AT-->DZ,AT-->DZ,AT-->DZ,AT-->DZ,AT-->DZ,AT-->DZ,AT-->DZ,AT-->DZ,AT-->DZ,AT-->DZ,,,,,,,,,,,,,,,,,DZ-->AT,DZ-->AT,DZ-->AT,DZ-->AT,DZ-->AT,DZ-->AT,DZ-->AT,DZ-->AT,DZ-->AT,DZ-->AT,DZ-->AT,DZ-->AT,DZ-->AT,DZ-->AT,DZ-->AT,DZ-->AT,DZ-->AT,DZ-->AT,DZ-->AT
AZ,AZE,Azerbaijan,Baku,Asia,Western Asia,,AZ-->DZ,AZ-->DZ,AZ-->DZ,AZ-->DZ,AZ-->DZ,AZ-->DZ,AZ-->DZ,AZ-->DZ,AZ-->DZ,AZ-->DZ,AZ-->DZ,AZ-->DZ,AZ-->DZ,AZ-->DZ,AZ-->DZ,AZ-->DZ,AZ-->DZ,AZ-->DZ,AZ-->DZ,,,,,,,,,,,,,,,,,DZ-->AZ,DZ-->AZ,DZ-->AZ,DZ-->AZ,DZ-->AZ,DZ-->AZ,DZ-->AZ,DZ-->AZ,DZ-->AZ,DZ-->AZ,DZ-->AZ,DZ-->AZ,DZ-->AZ,DZ-->AZ,DZ-->AZ,DZ-->AZ,DZ-->AZ,DZ-->AZ,DZ-->AZ
BS,BHS,The Bahamas,Nassau,Americas,Caribbean,,BS-->DZ,BS-->DZ,BS-->DZ,BS-->DZ,BS-->DZ,BS-->DZ,BS-->DZ,BS-->DZ,BS-->DZ,BS-->DZ,BS-->DZ,BS-->DZ,BS-->DZ,BS-->DZ,BS-->DZ,BS-->DZ,BS-->DZ,BS-->DZ,BS-->DZ,,,,,,,,,,,,,,,,,DZ-->BS,DZ-->BS,DZ-->BS,DZ-->BS,DZ-->BS,DZ-->BS,DZ-->BS,DZ-->BS,DZ-->BS,DZ-->BS,DZ-->BS,DZ-->BS,DZ-->BS,DZ-->BS,DZ-->BS,DZ-->BS,DZ-->BS,DZ-->BS,DZ-->BS
BH,BHR,Bahrain,Manama,Asia,Western Asia,,BH-->DZ,BH-->DZ,BH-->DZ,BH-->DZ,BH-->DZ,BH-->DZ,BH-->DZ,BH-->DZ,BH-->DZ,BH-->DZ,BH-->DZ,BH-->DZ,BH-->DZ,BH-->DZ,BH-->DZ,BH-->DZ,BH-->DZ,BH-->DZ,BH-->DZ,,,,,,,,,,,,,,,,,DZ-->BH,DZ-->BH,DZ-->BH,DZ-->BH,DZ-->BH,DZ-->BH,DZ-->BH,DZ-->BH,DZ-->BH,DZ-->BH,DZ-->BH,DZ-->BH,DZ-->BH,DZ-->BH,DZ-->BH,DZ-->BH,DZ-->BH,DZ-->BH,DZ-->BH
BD,BGD,Bangladesh,Dhaka,Asia,Southern Asia,,BD-->DZ,BD-->DZ,BD-->DZ,BD-->DZ,BD-->DZ,BD-->DZ,BD-->DZ,BD-->DZ,BD-->DZ,BD-->DZ,BD-->DZ,BD-->DZ,BD-->DZ,BD-->DZ,BD-->DZ,BD-->DZ,BD-->DZ,BD-->DZ,BD-->DZ,,,,,,,,,,,,,,,,,DZ-->BD,DZ-->BD,DZ-->BD,DZ-->BD,DZ-->BD,DZ-->BD,DZ-->BD,DZ-->BD,DZ-->BD,DZ-->BD,DZ-->BD,DZ-->BD,DZ-->BD,DZ-->BD,DZ-->BD,DZ-->BD,DZ-->BD,DZ-->BD,DZ-->BD
BB,BRB,Barbados,Bridgetown,Americas,Caribbean,,BB-->DZ,BB-->DZ,BB-->DZ,BB-->DZ,BB-->DZ,BB-->DZ,BB-->DZ,BB-->DZ,BB-->DZ,BB-->DZ,BB-->DZ,BB-->DZ,BB-->DZ,BB-->DZ,BB-->DZ,BB-->DZ,BB-->DZ,BB-->DZ,BB-->DZ,,,,,,,,,,,,,,,,,DZ-->BB,DZ-->BB,DZ-->BB,DZ-->BB,DZ-->BB,DZ-->BB,DZ-->BB,DZ-->BB,DZ-->BB,DZ-->BB,DZ-->BB,DZ-->BB,DZ-->BB,DZ-->BB,DZ-->BB,DZ-->BB,DZ-->BB,DZ-->BB,DZ-->BB
BY,BLR,Belarus,Minsk,Europe,Eastern Europe,,BY-->DZ,BY-->DZ,BY-->DZ,BY-->DZ,BY-->DZ,BY-->DZ,BY-->DZ,BY-->DZ,BY-->DZ,BY-->DZ,BY-->DZ,BY-->DZ,BY-->DZ,BY-->DZ,BY-->DZ,BY-->DZ,BY-->DZ,BY-->DZ,BY-->DZ,,,,,,,,,,,,,,,,,DZ-->BY,DZ-->BY,DZ-->BY,DZ-->BY,DZ-->BY,DZ-->BY,DZ-->BY,DZ-->BY,DZ-->BY,DZ-->BY,DZ-->BY,DZ-->BY,DZ-->BY,DZ-->BY,DZ-->BY,DZ-->BY,DZ-->BY,DZ-->BY,DZ-->BY
BE,BEL,Belgium,Brussels,Europe,Western Europe,,BE-->DZ,BE-->DZ,BE-->DZ,BE-->DZ,BE-->DZ,BE-->DZ,BE-->DZ,BE-->DZ,BE-->DZ,BE-->DZ,BE-->DZ,BE-->DZ,BE-->DZ,BE-->DZ,BE-->DZ,BE-->DZ,BE-->DZ,BE-->DZ,BE-->DZ,,,,,,,,,,,,,,,,,DZ-->BE,DZ-->BE,DZ-->BE,DZ-->BE,DZ-->BE,DZ-->BE,DZ-->BE,DZ-->BE,DZ-->BE,DZ-->BE,DZ-->BE,DZ-->BE,DZ-->BE,DZ-->BE,DZ-->BE,DZ-->BE,DZ-->BE,DZ-->BE,DZ-->BE
BZ,BLZ,Belize,Belmopan,Americas,Central America,,BZ-->DZ,BZ-->DZ,BZ-->DZ,BZ-->DZ,BZ-->DZ,BZ-->DZ,BZ-->DZ,BZ-->DZ,BZ-->DZ,BZ-->DZ,BZ-->DZ,BZ-->DZ,BZ-->DZ,BZ-->DZ,BZ-->DZ,BZ-->DZ,BZ-->DZ,BZ-->DZ,BZ-->DZ,,,,,,,,,,,,,,,,,DZ-->BZ,DZ-->BZ,DZ-->BZ,DZ-->BZ,DZ-->BZ,DZ-->BZ,DZ-->BZ,DZ-->BZ,DZ-->BZ,DZ-->BZ,DZ-->BZ,DZ-->BZ,DZ-->BZ,DZ-->BZ,DZ-->BZ,DZ-->BZ,DZ-->BZ,DZ-->BZ,DZ-->BZ
BJ,BEN,Benin,Porto-Novo,Africa,Western Africa,,BJ-->DZ,BJ-->DZ,BJ-->DZ,BJ-->DZ,BJ-->DZ,BJ-->DZ,BJ-->DZ,BJ-->DZ,BJ-->DZ,BJ-->DZ,BJ-->DZ,BJ-->DZ,BJ-->DZ,BJ-->DZ,BJ-->DZ,BJ-->DZ,BJ-->DZ,BJ-->DZ,BJ-->DZ,,,,,,,,,,,,,,,,,DZ-->BJ,DZ-->BJ,DZ-->BJ,DZ-->BJ,DZ-->BJ,DZ-->BJ,DZ-->BJ,DZ-->BJ,DZ-->BJ,DZ-->BJ,DZ-->BJ,DZ-->BJ,DZ-->BJ,DZ-->BJ,DZ-->BJ,DZ-->BJ,DZ-->BJ,DZ-->BJ,DZ-->BJ
BM,BMU,Bermuda,Hamilton,Americas,Northern America,,BM-->DZ,BM-->DZ,BM-->DZ,BM-->DZ,BM-->DZ,BM-->DZ,BM-->DZ,BM-->DZ,BM-->DZ,BM-->DZ,BM-->DZ,BM-->DZ,BM-->DZ,BM-->DZ,BM-->DZ,BM-->DZ,BM-->DZ,BM-->DZ,BM-->DZ,,,,,,,,,,,,,,,,,DZ-->BM,DZ-->BM,DZ-->BM,DZ-->BM,DZ-->BM,DZ-->BM,DZ-->BM,DZ-->BM,DZ-->BM,DZ-->BM,DZ-->BM,DZ-->BM,DZ-->BM,DZ-->BM,DZ-->BM,DZ-->BM,DZ-->BM,DZ-->BM,DZ-->BM
BT,BTN,Bhutan,Thimphu,Asia,Southern Asia,,BT-->DZ,BT-->DZ,BT-->DZ,BT-->DZ,BT-->DZ,BT-->DZ,BT-->DZ,BT-->DZ,BT-->DZ,BT-->DZ,BT-->DZ,BT-->DZ,BT-->DZ,BT-->DZ,BT-->DZ,BT-->DZ,BT-->DZ,BT-->DZ,BT-->DZ,,,,,,,,,,,,,,,,,DZ-->BT,DZ-->BT,DZ-->BT,DZ-->BT,DZ-->BT,DZ-->BT,DZ-->BT,DZ-->BT,DZ-->BT,DZ-->BT,DZ-->BT,DZ-->BT,DZ-->BT,DZ-->BT,DZ-->BT,DZ-->BT,DZ-->BT,DZ-->BT,DZ-->BT
BO,BOL,Bolivia,Sucre,Americas,South America,,BO-->DZ,BO-->DZ,BO-->DZ,BO-->DZ,BO-->DZ,BO-->DZ,BO-->DZ,BO-->DZ,BO-->DZ,BO-->DZ,BO-->DZ,BO-->DZ,BO-->DZ,BO-->DZ,BO-->DZ,BO-->DZ,BO-->DZ,BO-->DZ,BO-->DZ,,,,,,,,,,,,,,,,,DZ-->BO,DZ-->BO,DZ-->BO,DZ-->BO,DZ-->BO,DZ-->BO,DZ-->BO,DZ-->BO,DZ-->BO,DZ-->BO,DZ-->BO,DZ-->BO,DZ-->BO,DZ-->BO,DZ-->BO,DZ-->BO,DZ-->BO,DZ-->BO,DZ-->BO
BQ,BES,Bonaire,Kralendijk,Americas,Caribbean,,BQ-->DZ,BQ-->DZ,BQ-->DZ,BQ-->DZ,BQ-->DZ,BQ-->DZ,BQ-->DZ,BQ-->DZ,BQ-->DZ,BQ-->DZ,BQ-->DZ,BQ-->DZ,BQ-->DZ,BQ-->DZ,BQ-->DZ,BQ-->DZ,BQ-->DZ,BQ-->DZ,BQ-->DZ,,,,,,,,,,,,,,,,,DZ-->BQ,DZ-->BQ,DZ-->BQ,DZ-->BQ,DZ-->BQ,DZ-->BQ,DZ-->BQ,DZ-->BQ,DZ-->BQ,DZ-->BQ,DZ-->BQ,DZ-->BQ,DZ-->BQ,DZ-->BQ,DZ-->BQ,DZ-->BQ,DZ-->BQ,DZ-->BQ,DZ-->BQ
BA,BIH,Bosnia and Herzegovina,Sarajevo,Europe,Southern Europe,,BA-->DZ,BA-->DZ,BA-->DZ,BA-->DZ,BA-->DZ,BA-->DZ,BA-->DZ,BA-->DZ,BA-->DZ,BA-->DZ,BA-->DZ,BA-->DZ,BA-->DZ,BA-->DZ,BA-->DZ,BA-->DZ,BA-->DZ,BA-->DZ,BA-->DZ,,,,,,,,,,,,,,,,,DZ-->BA,DZ-->BA,DZ-->BA,DZ-->BA,DZ-->BA,DZ-->BA,DZ-->BA,DZ-->BA,DZ-->BA,DZ-->BA,DZ-->BA,DZ-->BA,DZ-->BA,DZ-->BA,DZ-->BA,DZ-->BA,DZ-->BA,DZ-->BA,DZ-->BA
BW,BWA,Botswana,Gaborone,Africa,Southern Africa,,BW-->DZ,BW-->DZ,BW-->DZ,BW-->DZ,BW-->DZ,BW-->DZ,BW-->DZ,BW-->DZ,BW-->DZ,BW-->DZ,BW-->DZ,BW-->DZ,BW-->DZ,BW-->DZ,BW-->DZ,BW-->DZ,BW-->DZ,BW-->DZ,BW-->DZ,,,,,,,,,,,,,,,,,DZ-->BW,DZ-->BW,DZ-->BW,DZ-->BW,DZ-->BW,DZ-->BW,DZ-->BW,DZ-->BW,DZ-->BW,DZ-->BW,DZ-->BW,DZ-->BW,DZ-->BW,DZ-->BW,DZ-->BW,DZ-->BW,DZ-->BW,DZ-->BW,DZ-->BW
BV,BVT,Bouvet Island,,,,,BV-->DZ,BV-->DZ,BV-->DZ,BV-->DZ,BV-->DZ,BV-->DZ,BV-->DZ,BV-->DZ,BV-->DZ,BV-->DZ,BV-->DZ,BV-->DZ,BV-->DZ,BV-->DZ,BV-->DZ,BV-->DZ,BV-->DZ,BV-->DZ,BV-->DZ,,,,,,,,,,,,,,,,,DZ-->BV,DZ-->BV,DZ-->BV,DZ-->BV,DZ-->BV,DZ-->BV,DZ-->BV,DZ-->BV,DZ-->BV,DZ-->BV,DZ-->BV,DZ-->BV,DZ-->BV,DZ-->BV,DZ-->BV,DZ-->BV,DZ-->BV,DZ-->BV,DZ-->BV
BR,BRA,Brazil,Brasília,Americas,South America,,BR-->DZ,BR-->DZ,BR-->DZ,BR-->DZ,BR-->DZ,BR-->DZ,BR-->DZ,BR-->DZ,BR-->DZ,BR-->DZ,BR-->DZ,BR-->DZ,BR-->DZ,BR-->DZ,BR-->DZ,BR-->DZ,BR-->DZ,BR-->DZ,BR-->DZ,,,,,,,,,,,,,,,,,DZ-->BR,DZ-->BR,DZ-->BR,DZ-->BR,DZ-->BR,DZ-->BR,DZ-->BR,DZ-->BR,DZ-->BR,DZ-->BR,DZ-->BR,DZ-->BR,DZ-->BR,DZ-->BR,DZ-->BR,DZ-->BR,DZ-->BR,DZ-->BR,DZ-->BR
IO,IOT,British Indian Ocean Territory,Diego Garcia,Africa,Eastern Africa,,IO-->DZ,IO-->DZ,IO-->DZ,IO-->DZ,IO-->DZ,IO-->DZ,IO-->DZ,IO-->DZ,IO-->DZ,IO-->DZ,IO-->DZ,IO-->DZ,IO-->DZ,IO-->DZ,IO-->DZ,IO-->DZ,IO-->DZ,IO-->DZ,IO-->DZ,,,,,,,,,,,,,,,,,DZ-->IO,DZ-->IO,DZ-->IO,DZ-->IO,DZ-->IO,DZ-->IO,DZ-->IO,DZ-->IO,DZ-->IO,DZ-->IO,DZ-->IO,DZ-->IO,DZ-->IO,DZ-->IO,DZ-->IO,DZ-->IO,DZ-->IO,DZ-->IO,DZ-->IO
UM,UMI,United States Minor Outlying Islands,,Americas,Northern America,,UM-->DZ,UM-->DZ,UM-->DZ,UM-->DZ,UM-->DZ,UM-->DZ,UM-->DZ,UM-->DZ,UM-->DZ,UM-->DZ,UM-->DZ,UM-->DZ,UM-->DZ,UM-->DZ,UM-->DZ,UM-->DZ,UM-->DZ,UM-->DZ,UM-->DZ,,,,,,,,,,,,,,,,,DZ-->UM,DZ-->UM,DZ-->UM,DZ-->UM,DZ-->UM,DZ-->UM,DZ-->UM,DZ-->UM,DZ-->UM,DZ-->UM,DZ-->UM,DZ-->UM,DZ-->UM,DZ-->UM,DZ-->UM,DZ-->UM,DZ-->UM,DZ-->UM,DZ-->UM
VG,VGB,Virgin Islands (British),Road Town,Americas,Caribbean,,VG-->DZ,VG-->DZ,VG-->DZ,VG-->DZ,VG-->DZ,VG-->DZ,VG-->DZ,VG-->DZ,VG-->DZ,VG-->DZ,VG-->DZ,VG-->DZ,VG-->DZ,VG-->DZ,VG-->DZ,VG-->DZ,VG-->DZ,VG-->DZ,VG-->DZ,,,,,,,,,,,,,,,,,DZ-->VG,DZ-->VG,DZ-->VG,DZ-->VG,DZ-->VG,DZ-->VG,DZ-->VG,DZ-->VG,DZ-->VG,DZ-->VG,DZ-->VG,DZ-->VG,DZ-->VG,DZ-->VG,DZ-->VG,DZ-->VG,DZ-->VG,DZ-->VG,DZ-->VG
VI,VIR,Virgin Islands (U.S.),Charlotte Amalie,Americas,Caribbean,,VI-->DZ,VI-->DZ,VI-->DZ,VI-->DZ,VI-->DZ,VI-->DZ,VI-->DZ,VI-->DZ,VI-->DZ,VI-->DZ,VI-->DZ,VI-->DZ,VI-->DZ,VI-->DZ,VI-->DZ,VI-->DZ,VI-->DZ,VI-->DZ,VI-->DZ,,,,,,,,,,,,,,,,,DZ-->VI,DZ-->VI,DZ-->VI,DZ-->VI,DZ-->VI,DZ-->VI,DZ-->VI,DZ-->VI,DZ-->VI,DZ-->VI,DZ-->VI,DZ-->VI,DZ-->VI,DZ-->VI,DZ-->VI,DZ-->VI,DZ-->VI,DZ-->VI,DZ-->VI
BN,BRN,Brunei,Bandar Seri Begawan,Asia,South-Eastern Asia,,BN-->DZ,BN-->DZ,BN-->DZ,BN-->DZ,BN-->DZ,BN-->DZ,BN-->DZ,BN-->DZ,BN-->DZ,BN-->DZ,BN-->DZ,BN-->DZ,BN-->DZ,BN-->DZ,BN-->DZ,BN-->DZ,BN-->DZ,BN-->DZ,BN-->DZ,,,,,,,,,,,,,,,,,DZ-->BN,DZ-->BN,DZ-->BN,DZ-->BN,DZ-->BN,DZ-->BN,DZ-->BN,DZ-->BN,DZ-->BN,DZ-->BN,DZ-->BN,DZ-->BN,DZ-->BN,DZ-->BN,DZ-->BN,DZ-->BN,DZ-->BN,DZ-->BN,DZ-->BN
BG,BGR,Bulgaria,Sofia,Europe,Eastern Europe,,BG-->DZ,BG-->DZ,BG-->DZ,BG-->DZ,BG-->DZ,BG-->DZ,BG-->DZ,BG-->DZ,BG-->DZ,BG-->DZ,BG-->DZ,BG-->DZ,BG-->DZ,BG-->DZ,BG-->DZ,BG-->DZ,BG-->DZ,BG-->DZ,BG-->DZ,,,,,,,,,,,,,,,,,DZ-->BG,DZ-->BG,DZ-->BG,DZ-->BG,DZ-->BG,DZ-->BG,DZ-->BG,DZ-->BG,DZ-->BG,DZ-->BG,DZ-->BG,DZ-->BG,DZ-->BG,DZ-->BG,DZ-->BG,DZ-->BG,DZ-->BG,DZ-->BG,DZ-->BG
BF,BFA,Burkina Faso,Ouagadougou,Africa,Western Africa,,BF-->DZ,BF-->DZ,BF-->DZ,BF-->DZ,BF-->DZ,BF-->DZ,BF-->DZ,BF-->DZ,BF-->DZ,BF-->DZ,BF-->DZ,BF-->DZ,BF-->DZ,BF-->DZ,BF-->DZ,BF-->DZ,BF-->DZ,BF-->DZ,BF-->DZ,,,,,,,,,,,,,,,,,DZ-->BF,DZ-->BF,DZ-->BF,DZ-->BF,DZ-->BF,DZ-->BF,DZ-->BF,DZ-->BF,DZ-->BF,DZ-->BF,DZ-->BF,DZ-->BF,DZ-->BF,DZ-->BF,DZ-->BF,DZ-->BF,DZ-->BF,DZ-->BF,DZ-->BF
BI,BDI,Burundi,Bujumbura,Africa,Eastern Africa,,BI-->DZ,BI-->DZ,BI-->DZ,BI-->DZ,BI-->DZ,BI-->DZ,BI-->DZ,BI-->DZ,BI-->DZ,BI-->DZ,BI-->DZ,BI-->DZ,BI-->DZ,BI-->DZ,BI-->DZ,BI-->DZ,BI-->DZ,BI-->DZ,BI-->DZ,,,,,,,,,,,,,,,,,DZ-->BI,DZ-->BI,DZ-->BI,DZ-->BI,DZ-->BI,DZ-->BI,DZ-->BI,DZ-->BI,DZ-->BI,DZ-->BI,DZ-->BI,DZ-->BI,DZ-->BI,DZ-->BI,DZ-->BI,DZ-->BI,DZ-->BI,DZ-->BI,DZ-->BI
KH,KHM,Cambodia,Phnom Penh,Asia,South-Eastern Asia,,KH-->DZ,KH-->DZ,KH-->DZ,KH-->DZ,KH-->DZ,KH-->DZ,KH-->DZ,KH-->DZ,KH-->DZ,KH-->DZ,KH-->DZ,KH-->DZ,KH-->DZ,KH-->DZ,KH-->DZ,KH-->DZ,KH-->DZ,KH-->DZ,KH-->DZ,,,,,,,,,,,,,,,,,DZ-->KH,DZ-->KH,DZ-->KH,DZ-->KH,DZ-->KH,DZ-->KH,DZ-->KH,DZ-->KH,DZ-->KH,DZ-->KH,DZ-->KH,DZ-->KH,DZ-->KH,DZ-->KH,DZ-->KH,DZ-->KH,DZ-->KH,DZ-->KH,DZ-->KH
CM,CMR,Cameroon,Yaoundé,Africa,Middle Africa,,CM-->DZ,CM-->DZ,CM-->DZ,CM-->DZ,CM-->DZ,CM-->DZ,CM-->DZ,CM-->DZ,CM-->DZ,CM-->DZ,CM-->DZ,CM-->DZ,CM-->DZ,CM-->DZ,CM-->DZ,CM-->DZ,CM-->DZ,CM-->DZ,CM-->DZ,,,,,,,,,,,,,,,,,DZ-->CM,DZ-->CM,DZ-->CM,DZ-->CM,DZ-->CM,DZ-->CM,DZ-->CM,DZ-->CM,DZ-->CM,DZ-->CM,DZ-->CM,DZ-->CM,DZ-->CM,DZ-->CM,DZ-->CM,DZ-->CM,DZ-->CM,DZ-->CM,DZ-->CM
CA,CAN,Canada,Ottawa,Americas,Northern America,,CA-->DZ,CA-->DZ,CA-->DZ,CA-->DZ,CA-->DZ,CA-->DZ,CA-->DZ,CA-->DZ,CA-->DZ,CA-->DZ,CA-->DZ,CA-->DZ,CA-->DZ,CA-->DZ,CA-->DZ,CA-->DZ,CA-->DZ,CA-->DZ,CA-->DZ,,,,,,,,,,,,,,,,,DZ-->CA,DZ-->CA,DZ-->CA,DZ-->CA,DZ-->CA,DZ-->CA,DZ-->CA,DZ-->CA,DZ-->CA,DZ-->CA,DZ-->CA,DZ-->CA,DZ-->CA,DZ-->CA,DZ-->CA,DZ-->CA,DZ-->CA,DZ-->CA,DZ-->CA
CV,CPV,Cape Verde,Praia,Africa,Western Africa,,CV-->DZ,CV-->DZ,CV-->DZ,CV-->DZ,CV-->DZ,CV-->DZ,CV-->DZ,CV-->DZ,CV-->DZ,CV-->DZ,CV-->DZ,CV-->DZ,CV-->DZ,CV-->DZ,CV-->DZ,CV-->DZ,CV-->DZ,CV-->DZ,CV-->DZ,,,,,,,,,,,,,,,,,DZ-->CV,DZ-->CV,DZ-->CV,DZ-->CV,DZ-->CV,DZ-->CV,DZ-->CV,DZ-->CV,DZ-->CV,DZ-->CV,DZ-->CV,DZ-->CV,DZ-->CV,DZ-->CV,DZ-->CV,DZ-->CV,DZ-->CV,DZ-->CV,DZ-->CV
KY,CYM,Cayman Islands,George Town,Americas,Caribbean,,KY-->DZ,KY-->DZ,KY-->DZ,KY-->DZ,KY-->DZ,KY-->DZ,KY-->DZ,KY-->DZ,KY-->DZ,KY-->DZ,KY-->DZ,KY-->DZ,KY-->DZ,KY-->DZ,KY-->DZ,KY-->DZ,KY-->DZ,KY-->DZ,KY-->DZ,,,,,,,,,,,,,,,,,DZ-->KY,DZ-->KY,DZ-->KY,DZ-->KY,DZ-->KY,DZ-->KY,DZ-->KY,DZ-->KY,DZ-->KY,DZ-->KY,DZ-->KY,DZ-->KY,DZ-->KY,DZ-->KY,DZ-->KY,DZ-->KY,DZ-->KY,DZ-->KY,DZ-->KY
CF,CAF,Central African Republic,Bangui,Africa,Middle Africa,,CF-->DZ,CF-->DZ,CF-->DZ,CF-->DZ,CF-->DZ,CF-->DZ,CF-->DZ,CF-->DZ,CF-->DZ,CF-->DZ,CF-->DZ,CF-->DZ,CF-->DZ,CF-->DZ,CF-->DZ,CF-->DZ,CF-->DZ,CF-->DZ,CF-->DZ,,,,,,,,,,,,,,,,,DZ-->CF,DZ-->CF,DZ-->CF,DZ-->CF,DZ-->CF,DZ-->CF,DZ-->CF,DZ-->CF,DZ-->CF,DZ-->CF,DZ-->CF,DZ-->CF,DZ-->CF,DZ-->CF,DZ-->CF,DZ-->CF,DZ-->CF,DZ-->CF,DZ-->CF
TD,TCD,Chad,N'Djamena,Africa,Middle Africa,,TD-->DZ,TD-->DZ,TD-->DZ,TD-->DZ,TD-->DZ,TD-->DZ,TD-->DZ,TD-->DZ,TD-->DZ,TD-->DZ,TD-->DZ,TD-->DZ,TD-->DZ,TD-->DZ,TD-->DZ,TD-->DZ,TD-->DZ,TD-->DZ,TD-->DZ,,,,,,,,,,,,,,,,,DZ-->TD,DZ-->TD,DZ-->TD,DZ-->TD,DZ-->TD,DZ-->TD,DZ-->TD,DZ-->TD,DZ-->TD,DZ-->TD,DZ-->TD,DZ-->TD,DZ-->TD,DZ-->TD,DZ-->TD,DZ-->TD,DZ-->TD,DZ-->TD,DZ-->TD
CL,CHL,Chile,Santiago,Americas,South America,,CL-->DZ,CL-->DZ,CL-->DZ,CL-->DZ,CL-->DZ,CL-->DZ,CL-->DZ,CL-->DZ,CL-->DZ,CL-->DZ,CL-->DZ,CL-->DZ,CL-->DZ,CL-->DZ,CL-->DZ,CL-->DZ,CL-->DZ,CL-->DZ,CL-->DZ,,,,,,,,,,,,,,,,,DZ-->CL,DZ-->CL,DZ-->CL,DZ-->CL,DZ-->CL,DZ-->CL,DZ-->CL,DZ-->CL,DZ-->CL,DZ-->CL,DZ-->CL,DZ-->CL,DZ-->CL,DZ-->CL,DZ-->CL,DZ-->CL,DZ-->CL,DZ-->CL,DZ-->CL
CN,CHN,China,Beijing,Asia,Eastern Asia,,CN-->DZ,CN-->DZ,CN-->DZ,CN-->DZ,CN-->DZ,CN-->DZ,CN-->DZ,CN-->DZ,CN-->DZ,CN-->DZ,CN-->DZ,CN-->DZ,CN-->DZ,CN-->DZ,CN-->DZ,CN-->DZ,CN-->DZ,CN-->DZ,CN-->DZ,,,,,,,,,,,,,,,,,DZ-->CN,DZ-->CN,DZ-->CN,DZ-->CN,DZ-->CN,DZ-->CN,DZ-->CN,DZ-->CN,DZ-->CN,DZ-->CN,DZ-->CN,DZ-->CN,DZ-->CN,DZ-->CN,DZ-->CN,DZ-->CN,DZ-->CN,DZ-->CN,DZ-->CN
CX,CXR,Christmas Island,Flying Fish Cove,Oceania,Australia and New Zealand,,CX-->DZ,CX-->DZ,CX-->DZ,CX-->DZ,CX-->DZ,CX-->DZ,CX-->DZ,CX-->DZ,CX-->DZ,CX-->DZ,CX-->DZ,CX-->DZ,CX-->DZ,CX-->DZ,CX-->DZ,CX-->DZ,CX-->DZ,CX-->DZ,CX-->DZ,,,,,,,,,,,,,,,,,DZ-->CX,DZ-->CX,DZ-->CX,DZ-->CX,DZ-->CX,DZ-->CX,DZ-->CX,DZ-->CX,DZ-->CX,DZ-->CX,DZ-->CX,DZ-->CX,DZ-->CX,DZ-->CX,DZ-->CX,DZ-->CX,DZ-->CX,DZ-->CX,DZ-->CX
CC,CCK,Cocos (Keeling) Islands,West Island,Oceania,Australia and New Zealand,,CC-->DZ,CC-->DZ,CC-->DZ,CC-->DZ,CC-->DZ,CC-->DZ,CC-->DZ,CC-->DZ,CC-->DZ,CC-->DZ,CC-->DZ,CC-->DZ,CC-->DZ,CC-->DZ,CC-->DZ,CC-->DZ,CC-->DZ,CC-->DZ,CC-->DZ,,,,,,,,,,,,,,,,,DZ-->CC,DZ-->CC,DZ-->CC,DZ-->CC,DZ-->CC,DZ-->CC,DZ-->CC,DZ-->CC,DZ-->CC,DZ-->CC,DZ-->CC,DZ-->CC,DZ-->CC,DZ-->CC,DZ-->CC,DZ-->CC,DZ-->CC,DZ-->CC,DZ-->CC
CO,COL,Colombia,Bogotá,Americas,South America,,CO-->DZ,CO-->DZ,CO-->DZ,CO-->DZ,CO-->DZ,CO-->DZ,CO-->DZ,CO-->DZ,CO-->DZ,CO-->DZ,CO-->DZ,CO-->DZ,CO-->DZ,CO-->DZ,CO-->DZ,CO-->DZ,CO-->DZ,CO-->DZ,CO-->DZ,,,,,,,,,,,,,,,,,DZ-->CO,DZ-->CO,DZ-->CO,DZ-->CO,DZ-->CO,DZ-->CO,DZ-->CO,DZ-->CO,DZ-->CO,DZ-->CO,DZ-->CO,DZ-->CO,DZ-->CO,DZ-->CO,DZ-->CO,DZ-->CO,DZ-->CO,DZ-->CO,DZ-->CO
KM,COM,Comoros,Moroni,Africa,Eastern Africa,,KM-->DZ,KM-->DZ,KM-->DZ,KM-->DZ,KM-->DZ,KM-->DZ,KM-->DZ,KM-->DZ,KM-->DZ,KM-->DZ,KM-->DZ,KM-->DZ,KM-->DZ,KM-->DZ,KM-->DZ,KM-->DZ,KM-->DZ,KM-->DZ,KM-->DZ,,,,,,,,,,,,,,,,,DZ-->KM,DZ-->KM,DZ-->KM,DZ-->KM,DZ-->KM,DZ-->KM,DZ-->KM,DZ-->KM,DZ-->KM,DZ-->KM,DZ-->KM,DZ-->KM,DZ-->KM,DZ-->KM,DZ-->KM,DZ-->KM,DZ-->KM,DZ-->KM,DZ-->KM
CG,COG,Republic of the Congo,Brazzaville,Africa,Middle Africa,,CG-->DZ,CG-->DZ,CG-->DZ,CG-->DZ,CG-->DZ,CG-->DZ,CG-->DZ,CG-->DZ,CG-->DZ,CG-->DZ,CG-->DZ,CG-->DZ,CG-->DZ,CG-->DZ,CG-->DZ,CG-->DZ,CG-->DZ,CG-->DZ,CG-->DZ,,,,,,,,,,,,,,,,,DZ-->CG,DZ-->CG,DZ-->CG,DZ-->CG,DZ-->CG,DZ-->CG,DZ-->CG,DZ-->CG,DZ-->CG,DZ-->CG,DZ-->CG,DZ-->CG,DZ-->CG,DZ-->CG,DZ-->CG,DZ-->CG,DZ-->CG,DZ-->CG,DZ-->CG
CD,COD,Democratic Republic of the Congo,Kinshasa,Africa,Middle Africa,,CD-->DZ,CD-->DZ,CD-->DZ,CD-->DZ,CD-->DZ,CD-->DZ,CD-->DZ,CD-->DZ,CD-->DZ,CD-->DZ,CD-->DZ,CD-->DZ,CD-->DZ,CD-->DZ,CD-->DZ,CD-->DZ,CD-->DZ,CD-->DZ,CD-->DZ,,,,,,,,,,,,,,,,,DZ-->CD,DZ-->CD,DZ-->CD,DZ-->CD,DZ-->CD,DZ-->CD,DZ-->CD,DZ-->CD,DZ-->CD,DZ-->CD,DZ-->CD,DZ-->CD,DZ-->CD,DZ-->CD,DZ-->CD,DZ-->CD,DZ-->CD,DZ-->CD,DZ-->CD
CK,COK,Cook Islands,Avarua,Oceania,Polynesia,,CK-->DZ,CK-->DZ,CK-->DZ,CK-->DZ,CK-->DZ,CK-->DZ,CK-->DZ,CK-->DZ,CK-->DZ,CK-->DZ,CK-->DZ,CK-->DZ,CK-->DZ,CK-->DZ,CK-->DZ,CK-->DZ,CK-->DZ,CK-->DZ,CK-->DZ,,,,,,,,,,,,,,,,,DZ-->CK,DZ-->CK,DZ-->CK,DZ-->CK,DZ-->CK,DZ-->CK,DZ-->CK,DZ-->CK,DZ-->CK,DZ-->CK,DZ-->CK,DZ-->CK,DZ-->CK,DZ-->CK,DZ-->CK,DZ-->CK,DZ-->CK,DZ-->CK,DZ-->CK
CR,CRI,Costa Rica,San José,Americas,Central America,,CR-->DZ,CR-->DZ,CR-->DZ,CR-->DZ,CR-->DZ,CR-->DZ,CR-->DZ,CR-->DZ,CR-->DZ,CR-->DZ,CR-->DZ,CR-->DZ,CR-->DZ,CR-->DZ,CR-->DZ,CR-->DZ,CR-->DZ,CR-->DZ,CR-->DZ,,,,,,,,,,,,,,,,,DZ-->CR,DZ-->CR,DZ-->CR,DZ-->CR,DZ-->CR,DZ-->CR,DZ-->CR,DZ-->CR,DZ-->CR,DZ-->CR,DZ-->CR,DZ-->CR,DZ-->CR,DZ-->CR,DZ-->CR,DZ-->CR,DZ-->CR,DZ-->CR,DZ-->CR
HR,HRV,Croatia,Zagreb,Europe,Southern Europe,,HR-->DZ,HR-->DZ,HR-->DZ,HR-->DZ,HR-->DZ,HR-->DZ,HR-->DZ,HR-->DZ,HR-->DZ,HR-->DZ,HR-->DZ,HR-->DZ,HR-->DZ,HR-->DZ,HR-->DZ,HR-->DZ,HR-->DZ,HR-->DZ,HR-->DZ,,,,,,,,,,,,,,,,,DZ-->HR,DZ-->HR,DZ-->HR,DZ-->HR,DZ-->HR,DZ-->HR,DZ-->HR,DZ-->HR,DZ-->HR,DZ-->HR,DZ-->HR,DZ-->HR,DZ-->HR,DZ-->HR,DZ-->HR,DZ-->HR,DZ-->HR,DZ-->HR,DZ-->HR
CU,CUB,Cuba,Havana,Americas,Caribbean,,CU-->DZ,CU-->DZ,CU-->DZ,CU-->DZ,CU-->DZ,CU-->DZ,CU-->DZ,CU-->DZ,CU-->DZ,CU-->DZ,CU-->DZ,CU-->DZ,CU-->DZ,CU-->DZ,CU-->DZ,CU-->DZ,CU-->DZ,CU-->DZ,CU-->DZ,,,,,,,,,,,,,,,,,DZ-->CU,DZ-->CU,DZ-->CU,DZ-->CU,DZ-->CU,DZ-->CU,DZ-->CU,DZ-->CU,DZ-->CU,DZ-->CU,DZ-->CU,DZ-->CU,DZ-->CU,DZ-->CU,DZ-->CU,DZ-->CU,DZ-->CU,DZ-->CU,DZ-->CU
CW,CUW,Curaçao,Willemstad,Americas,Caribbean,,CW-->DZ,CW-->DZ,CW-->DZ,CW-->DZ,CW-->DZ,CW-->DZ,CW-->DZ,CW-->DZ,CW-->DZ,CW-->DZ,CW-->DZ,CW-->DZ,CW-->DZ,CW-->DZ,CW-->DZ,CW-->DZ,CW-->DZ,CW-->DZ,CW-->DZ,,,,,,,,,,,,,,,,,DZ-->CW,DZ-->CW,DZ-->CW,DZ-->CW,DZ-->CW,DZ-->CW,DZ-->CW,DZ-->CW,DZ-->CW,DZ-->CW,DZ-->CW,DZ-->CW,DZ-->CW,DZ-->CW,DZ-->CW,DZ-->CW,DZ-->CW,DZ-->CW,DZ-->CW
CY,CYP,Cyprus,Nicosia,Europe,Southern Europe,,CY-->DZ,CY-->DZ,CY-->DZ,CY-->DZ,CY-->DZ,CY-->DZ,CY-->DZ,CY-->DZ,CY-->DZ,CY-->DZ,CY-->DZ,CY-->DZ,CY-->DZ,CY-->DZ,CY-->DZ,CY-->DZ,CY-->DZ,CY-->DZ,CY-->DZ,,,,,,,,,,,,,,,,,DZ-->CY,DZ-->CY,DZ-->CY,DZ-->CY,DZ-->CY,DZ-->CY,DZ-->CY,DZ-->CY,DZ-->CY,DZ-->CY,DZ-->CY,DZ-->CY,DZ-->CY,DZ-->CY,DZ-->CY,DZ-->CY,DZ-->CY,DZ-->CY,DZ-->CY
CZ,CZE,Czech Republic,Prague,Europe,Eastern Europe,,CZ-->DZ,CZ-->DZ,CZ-->DZ,CZ-->DZ,CZ-->DZ,CZ-->DZ,CZ-->DZ,CZ-->DZ,CZ-->DZ,CZ-->DZ,CZ-->DZ,CZ-->DZ,CZ-->DZ,CZ-->DZ,CZ-->DZ,CZ-->DZ,CZ-->DZ,CZ-->DZ,CZ-->DZ,,,,,,,,,,,,,,,,,DZ-->CZ,DZ-->CZ,DZ-->CZ,DZ-->CZ,DZ-->CZ,DZ-->CZ,DZ-->CZ,DZ-->CZ,DZ-->CZ,DZ-->CZ,DZ-->CZ,DZ-->CZ,DZ-->CZ,DZ-->CZ,DZ-->CZ,DZ-->CZ,DZ-->CZ,DZ-->CZ,DZ-->CZ
DK,DNK,Denmark,Copenhagen,Europe,Northern Europe,,DK-->DZ,DK-->DZ,DK-->DZ,DK-->DZ,DK-->DZ,DK-->DZ,DK-->DZ,DK-->DZ,DK-->DZ,DK-->DZ,DK-->DZ,DK-->DZ,DK-->DZ,DK-->DZ,DK-->DZ,DK-->DZ,DK-->DZ,DK-->DZ,DK-->DZ,,,,,,,,,,,,,,,,,DZ-->DK,DZ-->DK,DZ-->DK,DZ-->DK,DZ-->DK,DZ-->DK,DZ-->DK,DZ-->DK,DZ-->DK,DZ-->DK,DZ-->DK,DZ-->DK,DZ-->DK,DZ-->DK,DZ-->DK,DZ-->DK,DZ-->DK,DZ-->DK,DZ-->DK
DJ,DJI,Djibouti,Djibouti,Africa,Eastern Africa,,DJ-->DZ,DJ-->DZ,DJ-->DZ,DJ-->DZ,DJ-->DZ,DJ-->DZ,DJ-->DZ,DJ-->DZ,DJ-->DZ,DJ-->DZ,DJ-->DZ,DJ-->DZ,DJ-->DZ,DJ-->DZ,DJ-->DZ,DJ-->DZ,DJ-->DZ,DJ-->DZ,DJ-->DZ,,,,,,,,,,,,,,,,,DZ-->DJ,DZ-->DJ,DZ-->DJ,DZ-->DJ,DZ-->DJ,DZ-->DJ,DZ-->DJ,DZ-->DJ,DZ-->DJ,DZ-->DJ,DZ-->DJ,DZ-->DJ,DZ-->DJ,DZ-->DJ,DZ-->DJ,DZ-->DJ,DZ-->DJ,DZ-->DJ,DZ-->DJ
DM,DMA,Dominica,Roseau,Americas,Caribbean,,DM-->DZ,DM-->DZ,DM-->DZ,DM-->DZ,DM-->DZ,DM-->DZ,DM-->DZ,DM-->DZ,DM-->DZ,DM-->DZ,DM-->DZ,DM-->DZ,DM-->DZ,DM-->DZ,DM-->DZ,DM-->DZ,DM-->DZ,DM-->DZ,DM-->DZ,,,,,,,,,,,,,,,,,DZ-->DM,DZ-->DM,DZ-->DM,DZ-->DM,DZ-->DM,DZ-->DM,DZ-->DM,DZ-->DM,DZ-->DM,DZ-->DM,DZ-->DM,DZ-->DM,DZ-->DM,DZ-->DM,DZ-->DM,DZ-->DM,DZ-->DM,DZ-->DM,DZ-->DM
DO,DOM,Dominican Republic,Santo Domingo,Americas,Caribbean,,DO-->DZ,DO-->DZ,DO-->DZ,DO-->DZ,DO-->DZ,DO-->DZ,DO-->DZ,DO-->DZ,DO-->DZ,DO-->DZ,DO-->DZ,DO-->DZ,DO-->DZ,DO-->DZ,DO-->DZ,DO-->DZ,DO-->DZ,DO-->DZ,DO-->DZ,,,,,,,,,,,,,,,,,DZ-->DO,DZ-->DO,DZ-->DO,DZ-->DO,DZ-->DO,DZ-->DO,DZ-->DO,DZ-->DO,DZ-->DO,DZ-->DO,DZ-->DO,DZ-->DO,DZ-->DO,DZ-->DO,DZ-->DO,DZ-->DO,DZ-->DO,DZ-->DO,DZ-->DO
EC,ECU,Ecuador,Quito,Americas,South America,,EC-->DZ,EC-->DZ,EC-->DZ,EC-->DZ,EC-->DZ,EC-->DZ,EC-->DZ,EC-->DZ,EC-->DZ,EC-->DZ,EC-->DZ,EC-->DZ,EC-->DZ,EC-->DZ,EC-->DZ,EC-->DZ,EC-->DZ,EC-->DZ,EC-->DZ,,,,,,,,,,,,,,,,,DZ-->EC,DZ-->EC,DZ-->EC,DZ-->EC,DZ-->EC,DZ-->EC,DZ-->EC,DZ-->EC,DZ-->EC,DZ-->EC,DZ-->EC,DZ-->EC,DZ-->EC,DZ-->EC,DZ-->EC,DZ-->EC,DZ-->EC,DZ-->EC,DZ-->EC
EG,EGY,Egypt,Cairo,Africa,Northern Africa,,EG-->DZ,EG-->DZ,EG-->DZ,EG-->DZ,EG-->DZ,EG-->DZ,EG-->DZ,EG-->DZ,EG-->DZ,EG-->DZ,EG-->DZ,EG-->DZ,EG-->DZ,EG-->DZ,EG-->DZ,EG-->DZ,EG-->DZ,EG-->DZ,EG-->DZ,,,,,,,,,,,,,,,,,DZ-->EG,DZ-->EG,DZ-->EG,DZ-->EG,DZ-->EG,DZ-->EG,DZ-->EG,DZ-->EG,DZ-->EG,DZ-->EG,DZ-->EG,DZ-->EG,DZ-->EG,DZ-->EG,DZ-->EG,DZ-->EG,DZ-->EG,DZ-->EG,DZ-->EG
SV,SLV,El Salvador,San Salvador,Americas,Central America,,SV-->DZ,SV-->DZ,SV-->DZ,SV-->DZ,SV-->DZ,SV-->DZ,SV-->DZ,SV-->DZ,SV-->DZ,SV-->DZ,SV-->DZ,SV-->DZ,SV-->DZ,SV-->DZ,SV-->DZ,SV-->DZ,SV-->DZ,SV-->DZ,SV-->DZ,,,,,,,,,,,,,,,,,DZ-->SV,DZ-->SV,DZ-->SV,DZ-->SV,DZ-->SV,DZ-->SV,DZ-->SV,DZ-->SV,DZ-->SV,DZ-->SV,DZ-->SV,DZ-->SV,DZ-->SV,DZ-->SV,DZ-->SV,DZ-->SV,DZ-->SV,DZ-->SV,DZ-->SV
GQ,GNQ,Equatorial Guinea,Malabo,Africa,Middle Africa,,GQ-->DZ,GQ-->DZ,GQ-->DZ,GQ-->DZ,GQ-->DZ,GQ-->DZ,GQ-->DZ,GQ-->DZ,GQ-->DZ,GQ-->DZ,GQ-->DZ,GQ-->DZ,GQ-->DZ,GQ-->DZ,GQ-->DZ,GQ-->DZ,GQ-->DZ,GQ-->DZ,GQ-->DZ,,,,,,,,,,,,,,,,,DZ-->GQ,DZ-->GQ,DZ-->GQ,DZ-->GQ,DZ-->GQ,DZ-->GQ,DZ-->GQ,DZ-->GQ,DZ-->GQ,DZ-->GQ,DZ-->GQ,DZ-->GQ,DZ-->GQ,DZ-->GQ,DZ-->GQ,DZ-->GQ,DZ-->GQ,DZ-->GQ,DZ-->GQ
ER,ERI,Eritrea,Asmara,Africa,Eastern Africa,,ER-->DZ,ER-->DZ,ER-->DZ,ER-->DZ,ER-->DZ,ER-->DZ,ER-->DZ,ER-->DZ,ER-->DZ,ER-->DZ,ER-->DZ,ER-->DZ,ER-->DZ,ER-->DZ,ER-->DZ,ER-->DZ,ER-->DZ,ER-->DZ,ER-->DZ,,,,,,,,,,,,,,,,,DZ-->ER,DZ-->ER,DZ-->ER,DZ-->ER,DZ-->ER,DZ-->ER,DZ-->ER,DZ-->ER,DZ-->ER,DZ-->ER,DZ-->ER,DZ-->ER,DZ-->ER,DZ-->ER,DZ-->ER,DZ-->ER,DZ-->ER,DZ-->ER,DZ-->ER
EE,EST,Estonia,Tallinn,Europe,Northern Europe,,EE-->DZ,EE-->DZ,EE-->DZ,EE-->DZ,EE-->DZ,EE-->DZ,EE-->DZ,EE-->DZ,EE-->DZ,EE-->DZ,EE-->DZ,EE-->DZ,EE-->DZ,EE-->DZ,EE-->DZ,EE-->DZ,EE-->DZ,EE-->DZ,EE-->DZ,,,,,,,,,,,,,,,,,DZ-->EE,DZ-->EE,DZ-->EE,DZ-->EE,DZ-->EE,DZ-->EE,DZ-->EE,DZ-->EE,DZ-->EE,DZ-->EE,DZ-->EE,DZ-->EE,DZ-->EE,DZ-->EE,DZ-->EE,DZ-->EE,DZ-->EE,DZ-->EE,DZ-->EE
ET,ETH,Ethiopia,Addis Ababa,Africa,Eastern Africa,,ET-->DZ,ET-->DZ,ET-->DZ,ET-->DZ,ET-->DZ,ET-->DZ,ET-->DZ,ET-->DZ,ET-->DZ,ET-->DZ,ET-->DZ,ET-->DZ,ET-->DZ,ET-->DZ,ET-->DZ,ET-->DZ,ET-->DZ,ET-->DZ,ET-->DZ,,,,,,,,,,,,,,,,,DZ-->ET,DZ-->ET,DZ-->ET,DZ-->ET,DZ-->ET,DZ-->ET,DZ-->ET,DZ-->ET,DZ-->ET,DZ-->ET,DZ-->ET,DZ-->ET,DZ-->ET,DZ-->ET,DZ-->ET,DZ-->ET,DZ-->ET,DZ-->ET,DZ-->ET
FK,FLK,Falkland Islands,Stanley,Americas,South America,,FK-->DZ,FK-->DZ,FK-->DZ,FK-->DZ,FK-->DZ,FK-->DZ,FK-->DZ,FK-->DZ,FK-->DZ,FK-->DZ,FK-->DZ,FK-->DZ,FK-->DZ,FK-->DZ,FK-->DZ,FK-->DZ,FK-->DZ,FK-->DZ,FK-->DZ,,,,,,,,,,,,,,,,,DZ-->FK,DZ-->FK,DZ-->FK,DZ-->FK,DZ-->FK,DZ-->FK,DZ-->FK,DZ-->FK,DZ-->FK,DZ-->FK,DZ-->FK,DZ-->FK,DZ-->FK,DZ-->FK,DZ-->FK,DZ-->FK,DZ-->FK,DZ-->FK,DZ-->FK
FO,FRO,Faroe Islands,Tórshavn,Europe,Northern Europe,,FO-->DZ,FO-->DZ,FO-->DZ,FO-->DZ,FO-->DZ,FO-->DZ,FO-->DZ,FO-->DZ,FO-->DZ,FO-->DZ,FO-->DZ,FO-->DZ,FO-->DZ,FO-->DZ,FO-->DZ,FO-->DZ,FO-->DZ,FO-->DZ,FO-->DZ,,,,,,,,,,,,,,,,,DZ-->FO,DZ-->FO,DZ-->FO,DZ-->FO,DZ-->FO,DZ-->FO,DZ-->FO,DZ-->FO,DZ-->FO,DZ-->FO,DZ-->FO,DZ-->FO,DZ-->FO,DZ-->FO,DZ-->FO,DZ-->FO,DZ-->FO,DZ-->FO,DZ-->FO
FJ,FJI,Fiji,Suva,Oceania,Melanesia,,FJ-->DZ,FJ-->DZ,FJ-->DZ,FJ-->DZ,FJ-->DZ,FJ-->DZ,FJ-->DZ,FJ-->DZ,FJ-->DZ,FJ-->DZ,FJ-->DZ,FJ-->DZ,FJ-->DZ,FJ-->DZ,FJ-->DZ,FJ-->DZ,FJ-->DZ,FJ-->DZ,FJ-->DZ,,,,,,,,,,,,,,,,,DZ-->FJ,DZ-->FJ,DZ-->FJ,DZ-->FJ,DZ-->FJ,DZ-->FJ,DZ-->FJ,DZ-->FJ,DZ-->FJ,DZ-->FJ,DZ-->FJ,DZ-->FJ,DZ-->FJ,DZ-->FJ,DZ-->FJ,DZ-->FJ,DZ-->FJ,DZ-->FJ,DZ-->FJ
FI,FIN,Finland,Helsinki,Europe,Northern Europe,,FI-->DZ,FI-->DZ,FI-->DZ,FI-->DZ,FI-->DZ,FI-->DZ,FI-->DZ,FI-->DZ,FI-->DZ,FI-->DZ,FI-->DZ,FI-->DZ,FI-->DZ,FI-->DZ,FI-->DZ,FI-->DZ,FI-->DZ,FI-->DZ,FI-->DZ,,,,,,,,,,,,,,,,,DZ-->FI,DZ-->FI,DZ-->FI,DZ-->FI,DZ-->FI,DZ-->FI,DZ-->FI,DZ-->FI,DZ-->FI,DZ-->FI,DZ-->FI,DZ-->FI,DZ-->FI,DZ-->FI,DZ-->FI,DZ-->FI,DZ-->FI,DZ-->FI,DZ-->FI
FR,FRA,France,Paris,Europe,Western Europe,,FR-->DZ,FR-->DZ,FR-->DZ,FR-->DZ,FR-->DZ,FR-->DZ,FR-->DZ,FR-->DZ,FR-->DZ,FR-->DZ,FR-->DZ,FR-->DZ,FR-->DZ,FR-->DZ,FR-->DZ,FR-->DZ,FR-->DZ,FR-->DZ,FR-->DZ,,,,,,,,,,,,,,,,,DZ-->FR,DZ-->FR,DZ-->FR,DZ-->FR,DZ-->FR,DZ-->FR,DZ-->FR,DZ-->FR,DZ-->FR,DZ-->FR,DZ-->FR,DZ-->FR,DZ-->FR,DZ-->FR,DZ-->FR,DZ-->FR,DZ-->FR,DZ-->FR,DZ-->FR
GF,GUF,French Guiana,Cayenne,Americas,South America,,GF-->DZ,GF-->DZ,GF-->DZ,GF-->DZ,GF-->DZ,GF-->DZ,GF-->DZ,GF-->DZ,GF-->DZ,GF-->DZ,GF-->DZ,GF-->DZ,GF-->DZ,GF-->DZ,GF-->DZ,GF-->DZ,GF-->DZ,GF-->DZ,GF-->DZ,,,,,,,,,,,,,,,,,DZ-->GF,DZ-->GF,DZ-->GF,DZ-->GF,DZ-->GF,DZ-->GF,DZ-->GF,DZ-->GF,DZ-->GF,DZ-->GF,DZ-->GF,DZ-->GF,DZ-->GF,DZ-->GF,DZ-->GF,DZ-->GF,DZ-->GF,DZ-->GF,DZ-->GF
PF,PYF,French Polynesia,Papeetē,Oceania,Polynesia,,PF-->DZ,PF-->DZ,PF-->DZ,PF-->DZ,PF-->DZ,PF-->DZ,PF-->DZ,PF-->DZ,PF-->DZ,PF-->DZ,PF-->DZ,PF-->DZ,PF-->DZ,PF-->DZ,PF-->DZ,PF-->DZ,PF-->DZ,PF-->DZ,PF-->DZ,,,,,,,,,,,,,,,,,DZ-->PF,DZ-->PF,DZ-->PF,DZ-->PF,DZ-->PF,DZ-->PF,DZ-->PF,DZ-->PF,DZ-->PF,DZ-->PF,DZ-->PF,DZ-->PF,DZ-->PF,DZ-->PF,DZ-->PF,DZ-->PF,DZ-->PF,DZ-->PF,DZ-->PF
TF,ATF,French Southern and Antarctic Lands,Port-aux-Français,Africa,Southern Africa,,TF-->DZ,TF-->DZ,TF-->DZ,TF-->DZ,TF-->DZ,TF-->DZ,TF-->DZ,TF-->DZ,TF-->DZ,TF-->DZ,TF-->DZ,TF-->DZ,TF-->DZ,TF-->DZ,TF-->DZ,TF-->DZ,TF-->DZ,TF-->DZ,TF-->DZ,,,,,,,,,,,,,,,,,DZ-->TF,DZ-->TF,DZ-->TF,DZ-->TF,DZ-->TF,DZ-->TF,DZ-->TF,DZ-->TF,DZ-->TF,DZ-->TF,DZ-->TF,DZ-->TF,DZ-->TF,DZ-->TF,DZ-->TF,DZ-->TF,DZ-->TF,DZ-->TF,DZ-->TF
GA,GAB,Gabon,Libreville,Africa,Middle Africa,,GA-->DZ,GA-->DZ,GA-->DZ,GA-->DZ,GA-->DZ,GA-->DZ,GA-->DZ,GA-->DZ,GA-->DZ,GA-->DZ,GA-->DZ,GA-->DZ,GA-->DZ,GA-->DZ,GA-->DZ,GA-->DZ,GA-->DZ,GA-->DZ,GA-->DZ,,,,,,,,,,,,,,,,,DZ-->GA,DZ-->GA,DZ-->GA,DZ-->GA,DZ-->GA,DZ-->GA,DZ-->GA,DZ-->GA,DZ-->GA,DZ-->GA,DZ-->GA,DZ-->GA,DZ-->GA,DZ-->GA,DZ-->GA,DZ-->GA,DZ-->GA,DZ-->GA,DZ-->GA
GM,GMB,The Gambia,Banjul,Africa,Western Africa,,GM-->DZ,GM-->DZ,GM-->DZ,GM-->DZ,GM-->DZ,GM-->DZ,GM-->DZ,GM-->DZ,GM-->DZ,GM-->DZ,GM-->DZ,GM-->DZ,GM-->DZ,GM-->DZ,GM-->DZ,GM-->DZ,GM-->DZ,GM-->DZ,GM-->DZ,,,,,,,,,,,,,,,,,DZ-->GM,DZ-->GM,DZ-->GM,DZ-->GM,DZ-->GM,DZ-->GM,DZ-->GM,DZ-->GM,DZ-->GM,DZ-->GM,DZ-->GM,DZ-->GM,DZ-->GM,DZ-->GM,DZ-->GM,DZ-->GM,DZ-->GM,DZ-->GM,DZ-->GM
GE,GEO,Georgia,Tbilisi,Asia,Western Asia,,GE-->DZ,GE-->DZ,GE-->DZ,GE-->DZ,GE-->DZ,GE-->DZ,GE-->DZ,GE-->DZ,GE-->DZ,GE-->DZ,GE-->DZ,GE-->DZ,GE-->DZ,GE-->DZ,GE-->DZ,GE-->DZ,GE-->DZ,GE-->DZ,GE-->DZ,,,,,,,,,,,,,,,,,DZ-->GE,DZ-->GE,DZ-->GE,DZ-->GE,DZ-->GE,DZ-->GE,DZ-->GE,DZ-->GE,DZ-->GE,DZ-->GE,DZ-->GE,DZ-->GE,DZ-->GE,DZ-->GE,DZ-->GE,DZ-->GE,DZ-->GE,DZ-->GE,DZ-->GE
DE,DEU,Germany,Berlin,Europe,Western Europe,,DE-->DZ,DE-->DZ,DE-->DZ,DE-->DZ,DE-->DZ,DE-->DZ,DE-->DZ,DE-->DZ,DE-->DZ,DE-->DZ,DE-->DZ,DE-->DZ,DE-->DZ,DE-->DZ,DE-->DZ,DE-->DZ,DE-->DZ,DE-->DZ,DE-->DZ,,,,,,,,,,,,,,,,,DZ-->DE,DZ-->DE,DZ-->DE,DZ-->DE,DZ-->DE,DZ-->DE,DZ-->DE,DZ-->DE,DZ-->DE,DZ-->DE,DZ-->DE,DZ-->DE,DZ-->DE,DZ-->DE,DZ-->DE,DZ-->DE,DZ-->DE,DZ-->DE,DZ-->DE
GH,GHA,Ghana,Accra,Africa,Western Africa,,GH-->DZ,GH-->DZ,GH-->DZ,GH-->DZ,GH-->DZ,GH-->DZ,GH-->DZ,GH-->DZ,GH-->DZ,GH-->DZ,GH-->DZ,GH-->DZ,GH-->DZ,GH-->DZ,GH-->DZ,GH-->DZ,GH-->DZ,GH-->DZ,GH-->DZ,,,,,,,,,,,,,,,,,DZ-->GH,DZ-->GH,DZ-->GH,DZ-->GH,DZ-->GH,DZ-->GH,DZ-->GH,DZ-->GH,DZ-->GH,DZ-->GH,DZ-->GH,DZ-->GH,DZ-->GH,DZ-->GH,DZ-->GH,DZ-->GH,DZ-->GH,DZ-->GH,DZ-->GH
GI,GIB,Gibraltar,Gibraltar,Europe,Southern Europe,,GI-->DZ,GI-->DZ,GI-->DZ,GI-->DZ,GI-->DZ,GI-->DZ,GI-->DZ,GI-->DZ,GI-->DZ,GI-->DZ,GI-->DZ,GI-->DZ,GI-->DZ,GI-->DZ,GI-->DZ,GI-->DZ,GI-->DZ,GI-->DZ,GI-->DZ,,,,,,,,,,,,,,,,,DZ-->GI,DZ-->GI,DZ-->GI,DZ-->GI,DZ-->GI,DZ-->GI,DZ-->GI,DZ-->GI,DZ-->GI,DZ-->GI,DZ-->GI,DZ-->GI,DZ-->GI,DZ-->GI,DZ-->GI,DZ-->GI,DZ-->GI,DZ-->GI,DZ-->GI
GR,GRC,Greece,Athens,Europe,Southern Europe,,GR-->DZ,GR-->DZ,GR-->DZ,GR-->DZ,GR-->DZ,GR-->DZ,GR-->DZ,GR-->DZ,GR-->DZ,GR-->DZ,GR-->DZ,GR-->DZ,GR-->DZ,GR-->DZ,GR-->DZ,GR-->DZ,GR-->DZ,GR-->DZ,GR-->DZ,,,,,,,,,,,,,,,,,DZ-->GR,DZ-->GR,DZ-->GR,DZ-->GR,DZ-->GR,DZ-->GR,DZ-->GR,DZ-->GR,DZ-->GR,DZ-->GR,DZ-->GR,DZ-->GR,DZ-->GR,DZ-->GR,DZ-->GR,DZ-->GR,DZ-->GR,DZ-->GR,DZ-->GR
GL,GRL,Greenland,Nuuk,Americas,Northern America,,GL-->DZ,GL-->DZ,GL-->DZ,GL-->DZ,GL-->DZ,GL-->DZ,GL-->DZ,GL-->DZ,GL-->DZ,GL-->DZ,GL-->DZ,GL-->DZ,GL-->DZ,GL-->DZ,GL-->DZ,GL-->DZ,GL-->DZ,GL-->DZ,GL-->DZ,,,,,,,,,,,,,,,,,DZ-->GL,DZ-->GL,DZ-->GL,DZ-->GL,DZ-->GL,DZ-->GL,DZ-->GL,DZ-->GL,DZ-->GL,DZ-->GL,DZ-->GL,DZ-->GL,DZ-->GL,DZ-->GL,DZ-->GL,DZ-->GL,DZ-->GL,DZ-->GL,DZ-->GL
GD,GRD,Grenada,St. George's,Americas,Caribbean,,GD-->DZ,GD-->DZ,GD-->DZ,GD-->DZ,GD-->DZ,GD-->DZ,GD-->DZ,GD-->DZ,GD-->DZ,GD-->DZ,GD-->DZ,GD-->DZ,GD-->DZ,GD-->DZ,GD-->DZ,GD-->DZ,GD-->DZ,GD-->DZ,GD-->DZ,,,,,,,,,,,,,,,,,DZ-->GD,DZ-->GD,DZ-->GD,DZ-->GD,DZ-->GD,DZ-->GD,DZ-->GD,DZ-->GD,DZ-->GD,DZ-->GD,DZ-->GD,DZ-->GD,DZ-->GD,DZ-->GD,DZ-->GD,DZ-->GD,DZ-->GD,DZ-->GD,DZ-->GD
GP,GLP,Guadeloupe,Basse-Terre,Americas,Caribbean,,GP-->DZ,GP-->DZ,GP-->DZ,GP-->DZ,GP-->DZ,GP-->DZ,GP-->DZ,GP-->DZ,GP-->DZ,GP-->DZ,GP-->DZ,GP-->DZ,GP-->DZ,GP-->DZ,GP-->DZ,GP-->DZ,GP-->DZ,GP-->DZ,GP-->DZ,,,,,,,,,,,,,,,,,DZ-->GP,DZ-->GP,DZ-->GP,DZ-->GP,DZ-->GP,DZ-->GP,DZ-->GP,DZ-->GP,DZ-->GP,DZ-->GP,DZ-->GP,DZ-->GP,DZ-->GP,DZ-->GP,DZ-->GP,DZ-->GP,DZ-->GP,DZ-->GP,DZ-->GP
GU,GUM,Guam,Hagåtña,Oceania,Micronesia,,GU-->DZ,GU-->DZ,GU-->DZ,GU-->DZ,GU-->DZ,GU-->DZ,GU-->DZ,GU-->DZ,GU-->DZ,GU-->DZ,GU-->DZ,GU-->DZ,GU-->DZ,GU-->DZ,GU-->DZ,GU-->DZ,GU-->DZ,GU-->DZ,GU-->DZ,,,,,,,,,,,,,,,,,DZ-->GU,DZ-->GU,DZ-->GU,DZ-->GU,DZ-->GU,DZ-->GU,DZ-->GU,DZ-->GU,DZ-->GU,DZ-->GU,DZ-->GU,DZ-->GU,DZ-->GU,DZ-->GU,DZ-->GU,DZ-->GU,DZ-->GU,DZ-->GU,DZ-->GU
GT,GTM,Guatemala,Guatemala City,Americas,Central America,,GT-->DZ,GT-->DZ,GT-->DZ,GT-->DZ,GT-->DZ,GT-->DZ,GT-->DZ,GT-->DZ,GT-->DZ,GT-->DZ,GT-->DZ,GT-->DZ,GT-->DZ,GT-->DZ,GT-->DZ,GT-->DZ,GT-->DZ,GT-->DZ,GT-->DZ,,,,,,,,,,,,,,,,,DZ-->GT,DZ-->GT,DZ-->GT,DZ-->GT,DZ-->GT,DZ-->GT,DZ-->GT,DZ-->GT,DZ-->GT,DZ-->GT,DZ-->GT,DZ-->GT,DZ-->GT,DZ-->GT,DZ-->GT,DZ-->GT,DZ-->GT,DZ-->GT,DZ-->GT
GG,GGY,Guernsey,St. Peter Port,Europe,Northern Europe,,GG-->DZ,GG-->DZ,GG-->DZ,GG-->DZ,GG-->DZ,GG-->DZ,GG-->DZ,GG-->DZ,GG-->DZ,GG-->DZ,GG-->DZ,GG-->DZ,GG-->DZ,GG-->DZ,GG-->DZ,GG-->DZ,GG-->DZ,GG-->DZ,GG-->DZ,,,,,,,,,,,,,,,,,DZ-->GG,DZ-->GG,DZ-->GG,DZ-->GG,DZ-->GG,DZ-->GG,DZ-->GG,DZ-->GG,DZ-->GG,DZ-->GG,DZ-->GG,DZ-->GG,DZ-->GG,DZ-->GG,DZ-->GG,DZ-->GG,DZ-->GG,DZ-->GG,DZ-->GG
GN,GIN,Guinea,Conakry,Africa,Western Africa,,GN-->DZ,GN-->DZ,GN-->DZ,GN-->DZ,GN-->DZ,GN-->DZ,GN-->DZ,GN-->DZ,GN-->DZ,GN-->DZ,GN-->DZ,GN-->DZ,GN-->DZ,GN-->DZ,GN-->DZ,GN-->DZ,GN-->DZ,GN-->DZ,GN-->DZ,,,,,,,,,,,,,,,,,DZ-->GN,DZ-->GN,DZ-->GN,DZ-->GN,DZ-->GN,DZ-->GN,DZ-->GN,DZ-->GN,DZ-->GN,DZ-->GN,DZ-->GN,DZ-->GN,DZ-->GN,DZ-->GN,DZ-->GN,DZ-->GN,DZ-->GN,DZ-->GN,DZ-->GN
GW,GNB,Guinea-Bissau,Bissau,Africa,Western Africa,,GW-->DZ,GW-->DZ,GW-->DZ,GW-->DZ,GW-->DZ,GW-->DZ,GW-->DZ,GW-->DZ,GW-->DZ,GW-->DZ,GW-->DZ,GW-->DZ,GW-->DZ,GW-->DZ,GW-->DZ,GW-->DZ,GW-->DZ,GW-->DZ,GW-->DZ,,,,,,,,,,,,,,,,,DZ-->GW,DZ-->GW,DZ-->GW,DZ-->GW,DZ-->GW,DZ-->GW,DZ-->GW,DZ-->GW,DZ-->GW,DZ-->GW,DZ-->GW,DZ-->GW,DZ-->GW,DZ-->GW,DZ-->GW,DZ-->GW,DZ-->GW,DZ-->GW,DZ-->GW
GY,GUY,Guyana,Georgetown,Americas,South America,,GY-->DZ,GY-->DZ,GY-->DZ,GY-->DZ,GY-->DZ,GY-->DZ,GY-->DZ,GY-->DZ,GY-->DZ,GY-->DZ,GY-->DZ,GY-->DZ,GY-->DZ,GY-->DZ,GY-->DZ,GY-->DZ,GY-->DZ,GY-->DZ,GY-->DZ,,,,,,,,,,,,,,,,,DZ-->GY,DZ-->GY,DZ-->GY,DZ-->GY,DZ-->GY,DZ-->GY,DZ-->GY,DZ-->GY,DZ-->GY,DZ-->GY,DZ-->GY,DZ-->GY,DZ-->GY,DZ-->GY,DZ-->GY,DZ-->GY,DZ-->GY,DZ-->GY,DZ-->GY
HT,HTI,Haiti,Port-au-Prince,Americas,Caribbean,,HT-->DZ,HT-->DZ,HT-->DZ,HT-->DZ,HT-->DZ,HT-->DZ,HT-->DZ,HT-->DZ,HT-->DZ,HT-->DZ,HT-->DZ,HT-->DZ,HT-->DZ,HT-->DZ,HT-->DZ,HT-->DZ,HT-->DZ,HT-->DZ,HT-->DZ,,,,,,,,,,,,,,,,,DZ-->HT,DZ-->HT,DZ-->HT,DZ-->HT,DZ-->HT,DZ-->HT,DZ-->HT,DZ-->HT,DZ-->HT,DZ-->HT,DZ-->HT,DZ-->HT,DZ-->HT,DZ-->HT,DZ-->HT,DZ-->HT,DZ-->HT,DZ-->HT,DZ-->HT
HM,HMD,Heard Island and McDonald Islands,,,,,HM-->DZ,HM-->DZ,HM-->DZ,HM-->DZ,HM-->DZ,HM-->DZ,HM-->DZ,HM-->DZ,HM-->DZ,HM-->DZ,HM-->DZ,HM-->DZ,HM-->DZ,HM-->DZ,HM-->DZ,HM-->DZ,HM-->DZ,HM-->DZ,HM-->DZ,,,,,,,,,,,,,,,,,DZ-->HM,DZ-->HM,DZ-->HM,DZ-->HM,DZ-->HM,DZ-->HM,DZ-->HM,DZ-->HM,DZ-->HM,DZ-->HM,DZ-->HM,DZ-->HM,DZ-->HM,DZ-->HM,DZ-->HM,DZ-->HM,DZ-->HM,DZ-->HM,DZ-->HM
VA,VAT,Holy See,Rome,Europe,Southern Europe,,VA-->DZ,VA-->DZ,VA-->DZ,VA-->DZ,VA-->DZ,VA-->DZ,VA-->DZ,VA-->DZ,VA-->DZ,VA-->DZ,VA-->DZ,VA-->DZ,VA-->DZ,VA-->DZ,VA-->DZ,VA-->DZ,VA-->DZ,VA-->DZ,VA-->DZ,,,,,,,,,,,,,,,,,DZ-->VA,DZ-->VA,DZ-->VA,DZ-->VA,DZ-->VA,DZ-->VA,DZ-->VA,DZ-->VA,DZ-->VA,DZ-->VA,DZ-->VA,DZ-->VA,DZ-->VA,DZ-->VA,DZ-->VA,DZ-->VA,DZ-->VA,DZ-->VA,DZ-->VA
HN,HND,Honduras,Tegucigalpa,Americas,Central America,,HN-->DZ,HN-->DZ,HN-->DZ,HN-->DZ,HN-->DZ,HN-->DZ,HN-->DZ,HN-->DZ,HN-->DZ,HN-->DZ,HN-->DZ,HN-->DZ,HN-->DZ,HN-->DZ,HN-->DZ,HN-->DZ,HN-->DZ,HN-->DZ,HN-->DZ,,,,,,,,,,,,,,,,,DZ-->HN,DZ-->HN,DZ-->HN,DZ-->HN,DZ-->HN,DZ-->HN,DZ-->HN,DZ-->HN,DZ-->HN,DZ-->HN,DZ-->HN,DZ-->HN,DZ-->HN,DZ-->HN,DZ-->HN,DZ-->HN,DZ-->HN,DZ-->HN,DZ-->HN
HK,HKG,Hong Kong,City of Victoria,Asia,Eastern Asia,,HK-->DZ,HK-->DZ,HK-->DZ,HK-->DZ,HK-->DZ,HK-->DZ,HK-->DZ,HK-->DZ,HK-->DZ,HK-->DZ,HK-->DZ,HK-->DZ,HK-->DZ,HK-->DZ,HK-->DZ,HK-->DZ,HK-->DZ,HK-->DZ,HK-->DZ,,,,,,,,,,,,,,,,,DZ-->HK,DZ-->HK,DZ-->HK,DZ-->HK,DZ-->HK,DZ-->HK,DZ-->HK,DZ-->HK,DZ-->HK,DZ-->HK,DZ-->HK,DZ-->HK,DZ-->HK,DZ-->HK,DZ-->HK,DZ-->HK,DZ-->HK,DZ-->HK,DZ-->HK
HU,HUN,Hungary,Budapest,Europe,Eastern Europe,,HU-->DZ,HU-->DZ,HU-->DZ,HU-->DZ,HU-->DZ,HU-->DZ,HU-->DZ,HU-->DZ,HU-->DZ,HU-->DZ,HU-->DZ,HU-->DZ,HU-->DZ,HU-->DZ,HU-->DZ,HU-->DZ,HU-->DZ,HU-->DZ,HU-->DZ,,,,,,,,,,,,,,,,,DZ-->HU,DZ-->HU,DZ-->HU,DZ-->HU,DZ-->HU,DZ-->HU,DZ-->HU,DZ-->HU,DZ-->HU,DZ-->HU,DZ-->HU,DZ-->HU,DZ-->HU,DZ-->HU,DZ-->HU,DZ-->HU,DZ-->HU,DZ-->HU,DZ-->HU
IS,ISL,Iceland,Reykjavík,Europe,Northern Europe,,IS-->DZ,IS-->DZ,IS-->DZ,IS-->DZ,IS-->DZ,IS-->DZ,IS-->DZ,IS-->DZ,IS-->DZ,IS-->DZ,IS-->DZ,IS-->DZ,IS-->DZ,IS-->DZ,IS-->DZ,IS-->DZ,IS-->DZ,IS-->DZ,IS-->DZ,,,,,,,,,,,,,,,,,DZ-->IS,DZ-->IS,DZ-->IS,DZ-->IS,DZ-->IS,DZ-->IS,DZ-->IS,DZ-->IS,DZ-->IS,DZ-->IS,DZ-->IS,DZ-->IS,DZ-->IS,DZ-->IS,DZ-->IS,DZ-->IS,DZ-->IS,DZ-->IS,DZ-->IS
IN,IND,India,New Delhi,Asia,Southern Asia,,IN-->DZ,IN-->DZ,IN-->DZ,IN-->DZ,IN-->DZ,IN-->DZ,IN-->DZ,IN-->DZ,IN-->DZ,IN-->DZ,IN-->DZ,IN-->DZ,IN-->DZ,IN-->DZ,IN-->DZ,IN-->DZ,IN-->DZ,IN-->DZ,IN-->DZ,,,,,,,,,,,,,,,,,DZ-->IN,DZ-->IN,DZ-->IN,DZ-->IN,DZ-->IN,DZ-->IN,DZ-->IN,DZ-->IN,DZ-->IN,DZ-->IN,DZ-->IN,DZ-->IN,DZ-->IN,DZ-->IN,DZ-->IN,DZ-->IN,DZ-->IN,DZ-->IN,DZ-->IN
ID,IDN,Indonesia,Jakarta,Asia,South-Eastern Asia,,ID-->DZ,ID-->DZ,ID-->DZ,ID-->DZ,ID-->DZ,ID-->DZ,ID-->DZ,ID-->DZ,ID-->DZ,ID-->DZ,ID-->DZ,ID-->DZ,ID-->DZ,ID-->DZ,ID-->DZ,ID-->DZ,ID-->DZ,ID-->DZ,ID-->DZ,,,,,,,,,,,,,,,,,DZ-->ID,DZ-->ID,DZ-->ID,DZ-->ID,DZ-->ID,DZ-->ID,DZ-->ID,DZ-->ID,DZ-->ID,DZ-->ID,DZ-->ID,DZ-->ID,DZ-->ID,DZ-->ID,DZ-->ID,DZ-->ID,DZ-->ID,DZ-->ID,DZ-->ID
CI,CIV,Ivory Coast,Yamoussoukro,Africa,Western Africa,,CI-->DZ,CI-->DZ,CI-->DZ,CI-->DZ,CI-->DZ,CI-->DZ,CI-->DZ,CI-->DZ,CI-->DZ,CI-->DZ,CI-->DZ,CI-->DZ,CI-->DZ,CI-->DZ,CI-->DZ,CI-->DZ,CI-->DZ,CI-->DZ,CI-->DZ,,,,,,,,,,,,,,,,,DZ-->CI,DZ-->CI,DZ-->CI,DZ-->CI,DZ-->CI,DZ-->CI,DZ-->CI,DZ-->CI,DZ-->CI,DZ-->CI,DZ-->CI,DZ-->CI,DZ-->CI,DZ-->CI,DZ-->CI,DZ-->CI,DZ-->CI,DZ-->CI,DZ-->CI
IR,IRN,Iran,Tehran,Asia,Southern Asia,,IR-->DZ,IR-->DZ,IR-->DZ,IR-->DZ,IR-->DZ,IR-->DZ,IR-->DZ,IR-->DZ,IR-->DZ,IR-->DZ,IR-->DZ,IR-->DZ,IR-->DZ,IR-->DZ,IR-->DZ,IR-->DZ,IR-->DZ,IR-->DZ,IR-->DZ,,,,,,,,,,,,,,,,,DZ-->IR,DZ-->IR,DZ-->IR,DZ-->IR,DZ-->IR,DZ-->IR,DZ-->IR,DZ-->IR,DZ-->IR,DZ-->IR,DZ-->IR,DZ-->IR,DZ-->IR,DZ-->IR,DZ-->IR,DZ-->IR,DZ-->IR,DZ-->IR,DZ-->IR
IQ,IRQ,Iraq,Baghdad,Asia,Western Asia,,IQ-->DZ,IQ-->DZ,IQ-->DZ,IQ-->DZ,IQ-->DZ,IQ-->DZ,IQ-->DZ,IQ-->DZ,IQ-->DZ,IQ-->DZ,IQ-->DZ,IQ-->DZ,IQ-->DZ,IQ-->DZ,IQ-->DZ,IQ-->DZ,IQ-->DZ,IQ-->DZ,IQ-->DZ,,,,,,,,,,,,,,,,,DZ-->IQ,DZ-->IQ,DZ-->IQ,DZ-->IQ,DZ-->IQ,DZ-->IQ,DZ-->IQ,DZ-->IQ,DZ-->IQ,DZ-->IQ,DZ-->IQ,DZ-->IQ,DZ-->IQ,DZ-->IQ,DZ-->IQ,DZ-->IQ,DZ-->IQ,DZ-->IQ,DZ-->IQ
IE,IRL,Republic of Ireland,Dublin,Europe,Northern Europe,,IE-->DZ,IE-->DZ,IE-->DZ,IE-->DZ,IE-->DZ,IE-->DZ,IE-->DZ,IE-->DZ,IE-->DZ,IE-->DZ,IE-->DZ,IE-->DZ,IE-->DZ,IE-->DZ,IE-->DZ,IE-->DZ,IE-->DZ,IE-->DZ,IE-->DZ,,,,,,,,,,,,,,,,,DZ-->IE,DZ-->IE,DZ-->IE,DZ-->IE,DZ-->IE,DZ-->IE,DZ-->IE,DZ-->IE,DZ-->IE,DZ-->IE,DZ-->IE,DZ-->IE,DZ-->IE,DZ-->IE,DZ-->IE,DZ-->IE,DZ-->IE,DZ-->IE,DZ-->IE
IM,IMN,Isle of Man,Douglas,Europe,Northern Europe,,IM-->DZ,IM-->DZ,IM-->DZ,IM-->DZ,IM-->DZ,IM-->DZ,IM-->DZ,IM-->DZ,IM-->DZ,IM-->DZ,IM-->DZ,IM-->DZ,IM-->DZ,IM-->DZ,IM-->DZ,IM-->DZ,IM-->DZ,IM-->DZ,IM-->DZ,,,,,,,,,,,,,,,,,DZ-->IM,DZ-->IM,DZ-->IM,DZ-->IM,DZ-->IM,DZ-->IM,DZ-->IM,DZ-->IM,DZ-->IM,DZ-->IM,DZ-->IM,DZ-->IM,DZ-->IM,DZ-->IM,DZ-->IM,DZ-->IM,DZ-->IM,DZ-->IM,DZ-->IM
IL,ISR,Israel,Jerusalem,Asia,Western Asia,,IL-->DZ,IL-->DZ,IL-->DZ,IL-->DZ,IL-->DZ,IL-->DZ,IL-->DZ,IL-->DZ,IL-->DZ,IL-->DZ,IL-->DZ,IL-->DZ,IL-->DZ,IL-->DZ,IL-->DZ,IL-->DZ,IL-->DZ,IL-->DZ,IL-->DZ,,,,,,,,,,,,,,,,,DZ-->IL,DZ-->IL,DZ-->IL,DZ-->IL,DZ-->IL,DZ-->IL,DZ-->IL,DZ-->IL,DZ-->IL,DZ-->IL,DZ-->IL,DZ-->IL,DZ-->IL,DZ-->IL,DZ-->IL,DZ-->IL,DZ-->IL,DZ-->IL,DZ-->IL
IT,ITA,Italy,Rome,Europe,Southern Europe,,IT-->DZ,IT-->DZ,IT-->DZ,IT-->DZ,IT-->DZ,IT-->DZ,IT-->DZ,IT-->DZ,IT-->DZ,IT-->DZ,IT-->DZ,IT-->DZ,IT-->DZ,IT-->DZ,IT-->DZ,IT-->DZ,IT-->DZ,IT-->DZ,IT-->DZ,,,,,,,,,,,,,,,,,DZ-->IT,DZ-->IT,DZ-->IT,DZ-->IT,DZ-->IT,DZ-->IT,DZ-->IT,DZ-->IT,DZ-->IT,DZ-->IT,DZ-->IT,DZ-->IT,DZ-->IT,DZ-->IT,DZ-->IT,DZ-->IT,DZ-->IT,DZ-->IT,DZ-->IT
JM,JAM,Jamaica,Kingston,Americas,Caribbean,,JM-->DZ,JM-->DZ,JM-->DZ,JM-->DZ,JM-->DZ,JM-->DZ,JM-->DZ,JM-->DZ,JM-->DZ,JM-->DZ,JM-->DZ,JM-->DZ,JM-->DZ,JM-->DZ,JM-->DZ,JM-->DZ,JM-->DZ,JM-->DZ,JM-->DZ,,,,,,,,,,,,,,,,,DZ-->JM,DZ-->JM,DZ-->JM,DZ-->JM,DZ-->JM,DZ-->JM,DZ-->JM,DZ-->JM,DZ-->JM,DZ-->JM,DZ-->JM,DZ-->JM,DZ-->JM,DZ-->JM,DZ-->JM,DZ-->JM,DZ-->JM,DZ-->JM,DZ-->JM
JP,JPN,Japan,Tokyo,Asia,Eastern Asia,,JP-->DZ,JP-->DZ,JP-->DZ,JP-->DZ,JP-->DZ,JP-->DZ,JP-->DZ,JP-->DZ,JP-->DZ,JP-->DZ,JP-->DZ,JP-->DZ,JP-->DZ,JP-->DZ,JP-->DZ,JP-->DZ,JP-->DZ,JP-->DZ,JP-->DZ,,,,,,,,,,,,,,,,,DZ-->JP,DZ-->JP,DZ-->JP,DZ-->JP,DZ-->JP,DZ-->JP,DZ-->JP,DZ-->JP,DZ-->JP,DZ-->JP,DZ-->JP,DZ-->JP,DZ-->JP,DZ-->JP,DZ-->JP,DZ-->JP,DZ-->JP,DZ-->JP,DZ-->JP
JE,JEY,Jersey,Saint Helier,Europe,Northern Europe,,JE-->DZ,JE-->DZ,JE-->DZ,JE-->DZ,JE-->DZ,JE-->DZ,JE-->DZ,JE-->DZ,JE-->DZ,JE-->DZ,JE-->DZ,JE-->DZ,JE-->DZ,JE-->DZ,JE-->DZ,JE-->DZ,JE-->DZ,JE-->DZ,JE-->DZ,,,,,,,,,,,,,,,,,DZ-->JE,DZ-->JE,DZ-->JE,DZ-->JE,DZ-->JE,DZ-->JE,DZ-->JE,DZ-->JE,DZ-->JE,DZ-->JE,DZ-->JE,DZ-->JE,DZ-->JE,DZ-->JE,DZ-->JE,DZ-->JE,DZ-->JE,DZ-->JE,DZ-->JE
JO,JOR,Jordan,Amman,Asia,Western Asia,,JO-->DZ,JO-->DZ,JO-->DZ,JO-->DZ,JO-->DZ,JO-->DZ,JO-->DZ,JO-->DZ,JO-->DZ,JO-->DZ,JO-->DZ,JO-->DZ,JO-->DZ,JO-->DZ,JO-->DZ,JO-->DZ,JO-->DZ,JO-->DZ,JO-->DZ,,,,,,,,,,,,,,,,,DZ-->JO,DZ-->JO,DZ-->JO,DZ-->JO,DZ-->JO,DZ-->JO,DZ-->JO,DZ-->JO,DZ-->JO,DZ-->JO,DZ-->JO,DZ-->JO,DZ-->JO,DZ-->JO,DZ-->JO,DZ-->JO,DZ-->JO,DZ-->JO,DZ-->JO
KZ,KAZ,Kazakhstan,Astana,Asia,Central Asia,,KZ-->DZ,KZ-->DZ,KZ-->DZ,KZ-->DZ,KZ-->DZ,KZ-->DZ,KZ-->DZ,KZ-->DZ,KZ-->DZ,KZ-->DZ,KZ-->DZ,KZ-->DZ,KZ-->DZ,KZ-->DZ,KZ-->DZ,KZ-->DZ,KZ-->DZ,KZ-->DZ,KZ-->DZ,,,,,,,,,,,,,,,,,DZ-->KZ,DZ-->KZ,DZ-->KZ,DZ-->KZ,DZ-->KZ,DZ-->KZ,DZ-->KZ,DZ-->KZ,DZ-->KZ,DZ-->KZ,DZ-->KZ,DZ-->KZ,DZ-->KZ,DZ-->KZ,DZ-->KZ,DZ-->KZ,DZ-->KZ,DZ-->KZ,DZ-->KZ
KE,KEN,Kenya,Nairobi,Africa,Eastern Africa,,KE-->DZ,KE-->DZ,KE-->DZ,KE-->DZ,KE-->DZ,KE-->DZ,KE-->DZ,KE-->DZ,KE-->DZ,KE-->DZ,KE-->DZ,KE-->DZ,KE-->DZ,KE-->DZ,KE-->DZ,KE-->DZ,KE-->DZ,KE-->DZ,KE-->DZ,,,,,,,,,,,,,,,,,DZ-->KE,DZ-->KE,DZ-->KE,DZ-->KE,DZ-->KE,DZ-->KE,DZ-->KE,DZ-->KE,DZ-->KE,DZ-->KE,DZ-->KE,DZ-->KE,DZ-->KE,DZ-->KE,DZ-->KE,DZ-->KE,DZ-->KE,DZ-->KE,DZ-->KE
KI,KIR,Kiribati,South Tarawa,Oceania,Micronesia,,KI-->DZ,KI-->DZ,KI-->DZ,KI-->DZ,KI-->DZ,KI-->DZ,KI-->DZ,KI-->DZ,KI-->DZ,KI-->DZ,KI-->DZ,KI-->DZ,KI-->DZ,KI-->DZ,KI-->DZ,KI-->DZ,KI-->DZ,KI-->DZ,KI-->DZ,,,,,,,,,,,,,,,,,DZ-->KI,DZ-->KI,DZ-->KI,DZ-->KI,DZ-->KI,DZ-->KI,DZ-->KI,DZ-->KI,DZ-->KI,DZ-->KI,DZ-->KI,DZ-->KI,DZ-->KI,DZ-->KI,DZ-->KI,DZ-->KI,DZ-->KI,DZ-->KI,DZ-->KI
KW,KWT,Kuwait,Kuwait City,Asia,Western Asia,,KW-->DZ,KW-->DZ,KW-->DZ,KW-->DZ,KW-->DZ,KW-->DZ,KW-->DZ,KW-->DZ,KW-->DZ,KW-->DZ,KW-->DZ,KW-->DZ,KW-->DZ,KW-->DZ,KW-->DZ,KW-->DZ,KW-->DZ,KW-->DZ,KW-->DZ,,,,,,,,,,,,,,,,,DZ-->KW,DZ-->KW,DZ-->KW,DZ-->KW,DZ-->KW,DZ-->KW,DZ-->KW,DZ-->KW,DZ-->KW,DZ-->KW,DZ-->KW,DZ-->KW,DZ-->KW,DZ-->KW,DZ-->KW,DZ-->KW,DZ-->KW,DZ-->KW,DZ-->KW
KG,KGZ,Kyrgyzstan,Bishkek,Asia,Central Asia,,KG-->DZ,KG-->DZ,KG-->DZ,KG-->DZ,KG-->DZ,KG-->DZ,KG-->DZ,KG-->DZ,KG-->DZ,KG-->DZ,KG-->DZ,KG-->DZ,KG-->DZ,KG-->DZ,KG-->DZ,KG-->DZ,KG-->DZ,KG-->DZ,KG-->DZ,,,,,,,,,,,,,,,,,DZ-->KG,DZ-->KG,DZ-->KG,DZ-->KG,DZ-->KG,DZ-->KG,DZ-->KG,DZ-->KG,DZ-->KG,DZ-->KG,DZ-->KG,DZ-->KG,DZ-->KG,DZ-->KG,DZ-->KG,DZ-->KG,DZ-->KG,DZ-->KG,DZ-->KG
LA,LAO,Laos,Vientiane,Asia,South-Eastern Asia,,LA-->DZ,LA-->DZ,LA-->DZ,LA-->DZ,LA-->DZ,LA-->DZ,LA-->DZ,LA-->DZ,LA-->DZ,LA-->DZ,LA-->DZ,LA-->DZ,LA-->DZ,LA-->DZ,LA-->DZ,LA-->DZ,LA-->DZ,LA-->DZ,LA-->DZ,,,,,,,,,,,,,,,,,DZ-->LA,DZ-->LA,DZ-->LA,DZ-->LA,DZ-->LA,DZ-->LA,DZ-->LA,DZ-->LA,DZ-->LA,DZ-->LA,DZ-->LA,DZ-->LA,DZ-->LA,DZ-->LA,DZ-->LA,DZ-->LA,DZ-->LA,DZ-->LA,DZ-->LA
LV,LVA,Latvia,Riga,Europe,Northern Europe,,LV-->DZ,LV-->DZ,LV-->DZ,LV-->DZ,LV-->DZ,LV-->DZ,LV-->DZ,LV-->DZ,LV-->DZ,LV-->DZ,LV-->DZ,LV-->DZ,LV-->DZ,LV-->DZ,LV-->DZ,LV-->DZ,LV-->DZ,LV-->DZ,LV-->DZ,,,,,,,,,,,,,,,,,DZ-->LV,DZ-->LV,DZ-->LV,DZ-->LV,DZ-->LV,DZ-->LV,DZ-->LV,DZ-->LV,DZ-->LV,DZ-->LV,DZ-->LV,DZ-->LV,DZ-->LV,DZ-->LV,DZ-->LV,DZ-->LV,DZ-->LV,DZ-->LV,DZ-->LV
LB,LBN,Lebanon,Beirut,Asia,Western Asia,,LB-->DZ,LB-->DZ,LB-->DZ,LB-->DZ,LB-->DZ,LB-->DZ,LB-->DZ,LB-->DZ,LB-->DZ,LB-->DZ,LB-->DZ,LB-->DZ,LB-->DZ,LB-->DZ,LB-->DZ,LB-->DZ,LB-->DZ,LB-->DZ,LB-->DZ,,,,,,,,,,,,,,,,,DZ-->LB,DZ-->LB,DZ-->LB,DZ-->LB,DZ-->LB,DZ-->LB,DZ-->LB,DZ-->LB,DZ-->LB,DZ-->LB,DZ-->LB,DZ-->LB,DZ-->LB,DZ-->LB,DZ-->LB,DZ-->LB,DZ-->LB,DZ-->LB,DZ-->LB
LS,LSO,Lesotho,Maseru,Africa,Southern Africa,,LS-->DZ,LS-->DZ,LS-->DZ,LS-->DZ,LS-->DZ,LS-->DZ,LS-->DZ,LS-->DZ,LS-->DZ,LS-->DZ,LS-->DZ,LS-->DZ,LS-->DZ,LS-->DZ,LS-->DZ,LS-->DZ,LS-->DZ,LS-->DZ,LS-->DZ,,,,,,,,,,,,,,,,,DZ-->LS,DZ-->LS,DZ-->LS,DZ-->LS,DZ-->LS,DZ-->LS,DZ-->LS,DZ-->LS,DZ-->LS,DZ-->LS,DZ-->LS,DZ-->LS,DZ-->LS,DZ-->LS,DZ-->LS,DZ-->LS,DZ-->LS,DZ-->LS,DZ-->LS
LR,LBR,Liberia,Monrovia,Africa,Western Africa,,LR-->DZ,LR-->DZ,LR-->DZ,LR-->DZ,LR-->DZ,LR-->DZ,LR-->DZ,LR-->DZ,LR-->DZ,LR-->DZ,LR-->DZ,LR-->DZ,LR-->DZ,LR-->DZ,LR-->DZ,LR-->DZ,LR-->DZ,LR-->DZ,LR-->DZ,,,,,,,,,,,,,,,,,DZ-->LR,DZ-->LR,DZ-->LR,DZ-->LR,DZ-->LR,DZ-->LR,DZ-->LR,DZ-->LR,DZ-->LR,DZ-->LR,DZ-->LR,DZ-->LR,DZ-->LR,DZ-->LR,DZ-->LR,DZ-->LR,DZ-->LR,DZ-->LR,DZ-->LR
LY,LBY,Libya,Tripoli,Africa,Northern Africa,,LY-->DZ,LY-->DZ,LY-->DZ,LY-->DZ,LY-->DZ,LY-->DZ,LY-->DZ,LY-->DZ,LY-->DZ,LY-->DZ,LY-->DZ,LY-->DZ,LY-->DZ,LY-->DZ,LY-->DZ,LY-->DZ,LY-->DZ,LY-->DZ,LY-->DZ,,,,,,,,,,,,,,,,,DZ-->LY,DZ-->LY,DZ-->LY,DZ-->LY,DZ-->LY,DZ-->LY,DZ-->LY,DZ-->LY,DZ-->LY,DZ-->LY,DZ-->LY,DZ-->LY,DZ-->LY,DZ-->LY,DZ-->LY,DZ-->LY,DZ-->LY,DZ-->LY,DZ-->LY
LI,LIE,Liechtenstein,Vaduz,Europe,Western Europe,,LI-->DZ,LI-->DZ,LI-->DZ,LI-->DZ,LI-->DZ,LI-->DZ,LI-->DZ,LI-->DZ,LI-->DZ,LI-->DZ,LI-->DZ,LI-->DZ,LI-->DZ,LI-->DZ,LI-->DZ,LI-->DZ,LI-->DZ,LI-->DZ,LI-->DZ,,,,,,,,,,,,,,,,,DZ-->LI,DZ-->LI,DZ-->LI,DZ-->LI,DZ-->LI,DZ-->LI,DZ-->LI,DZ-->LI,DZ-->LI,DZ-->LI,DZ-->LI,DZ-->LI,DZ-->LI,DZ-->LI,DZ-->LI,DZ-->LI,DZ-->LI,DZ-->LI,DZ-->LI
LT,LTU,Lithuania,Vilnius,Europe,Northern Europe,,LT-->DZ,LT-->DZ,LT-->DZ,LT-->DZ,LT-->DZ,LT-->DZ,LT-->DZ,LT-->DZ,LT-->DZ,LT-->DZ,LT-->DZ,LT-->DZ,LT-->DZ,LT-->DZ,LT-->DZ,LT-->DZ,LT-->DZ,LT-->DZ,LT-->DZ,,,,,,,,,,,,,,,,,DZ-->LT,DZ-->LT,DZ-->LT,DZ-->LT,DZ-->LT,DZ-->LT,DZ-->LT,DZ-->LT,DZ-->LT,DZ-->LT,DZ-->LT,DZ-->LT,DZ-->LT,DZ-->LT,DZ-->LT,DZ-->LT,DZ-->LT,DZ-->LT,DZ-->LT
LU,LUX,Luxembourg,Luxembourg,Europe,Western Europe,,LU-->DZ,LU-->DZ,LU-->DZ,LU-->DZ,LU-->DZ,LU-->DZ,LU-->DZ,LU-->DZ,LU-->DZ,LU-->DZ,LU-->DZ,LU-->DZ,LU-->DZ,LU-->DZ,LU-->DZ,LU-->DZ,LU-->DZ,LU-->DZ,LU-->DZ,,,,,,,,,,,,,,,,,DZ-->LU,DZ-->LU,DZ-->LU,DZ-->LU,DZ-->LU,DZ-->LU,DZ-->LU,DZ-->LU,DZ-->LU,DZ-->LU,DZ-->LU,DZ-->LU,DZ-->LU,DZ-->LU,DZ-->LU,DZ-->LU,DZ-->LU,DZ-->LU,DZ-->LU
MO,MAC,Macau,,Asia,Eastern Asia,,MO-->DZ,MO-->DZ,MO-->DZ,MO-->DZ,MO-->DZ,MO-->DZ,MO-->DZ,MO-->DZ,MO-->DZ,MO-->DZ,MO-->DZ,MO-->DZ,MO-->DZ,MO-->DZ,MO-->DZ,MO-->DZ,MO-->DZ,MO-->DZ,MO-->DZ,,,,,,,,,,,,,,,,,DZ-->MO,DZ-->MO,DZ-->MO,DZ-->MO,DZ-->MO,DZ-->MO,DZ-->MO,DZ-->MO,DZ-->MO,DZ-->MO,DZ-->MO,DZ-->MO,DZ-->MO,DZ-->MO,DZ-->MO,DZ-->MO,DZ-->MO,DZ-->MO,DZ-->MO
MK,MKD,Republic of Macedonia,Skopje,Europe,Southern Europe,,MK-->DZ,MK-->DZ,MK-->DZ,MK-->DZ,MK-->DZ,MK-->DZ,MK-->DZ,MK-->DZ,MK-->DZ,MK-->DZ,MK-->DZ,MK-->DZ,MK-->DZ,MK-->DZ,MK-->DZ,MK-->DZ,MK-->DZ,MK-->DZ,MK-->DZ,,,,,,,,,,,,,,,,,DZ-->MK,DZ-->MK,DZ-->MK,DZ-->MK,DZ-->MK,DZ-->MK,DZ-->MK,DZ-->MK,DZ-->MK,DZ-->MK,DZ-->MK,DZ-->MK,DZ-->MK,DZ-->MK,DZ-->MK,DZ-->MK,DZ-->MK,DZ-->MK,DZ-->MK
MG,MDG,Madagascar,Antananarivo,Africa,Eastern Africa,,MG-->DZ,MG-->DZ,MG-->DZ,MG-->DZ,MG-->DZ,MG-->DZ,MG-->DZ,MG-->DZ,MG-->DZ,MG-->DZ,MG-->DZ,MG-->DZ,MG-->DZ,MG-->DZ,MG-->DZ,MG-->DZ,MG-->DZ,MG-->DZ,MG-->DZ,,,,,,,,,,,,,,,,,DZ-->MG,DZ-->MG,DZ-->MG,DZ-->MG,DZ-->MG,DZ-->MG,DZ-->MG,DZ-->MG,DZ-->MG,DZ-->MG,DZ-->MG,DZ-->MG,DZ-->MG,DZ-->MG,DZ-->MG,DZ-->MG,DZ-->MG,DZ-->MG,DZ-->MG
MW,MWI,Malawi,Lilongwe,Africa,Eastern Africa,,MW-->DZ,MW-->DZ,MW-->DZ,MW-->DZ,MW-->DZ,MW-->DZ,MW-->DZ,MW-->DZ,MW-->DZ,MW-->DZ,MW-->DZ,MW-->DZ,MW-->DZ,MW-->DZ,MW-->DZ,MW-->DZ,MW-->DZ,MW-->DZ,MW-->DZ,,,,,,,,,,,,,,,,,DZ-->MW,DZ-->MW,DZ-->MW,DZ-->MW,DZ-->MW,DZ-->MW,DZ-->MW,DZ-->MW,DZ-->MW,DZ-->MW,DZ-->MW,DZ-->MW,DZ-->MW,DZ-->MW,DZ-->MW,DZ-->MW,DZ-->MW,DZ-->MW,DZ-->MW
MY,MYS,Malaysia,Kuala Lumpur,Asia,South-Eastern Asia,,MY-->DZ,MY-->DZ,MY-->DZ,MY-->DZ,MY-->DZ,MY-->DZ,MY-->DZ,MY-->DZ,MY-->DZ,MY-->DZ,MY-->DZ,MY-->DZ,MY-->DZ,MY-->DZ,MY-->DZ,MY-->DZ,MY-->DZ,MY-->DZ,MY-->DZ,,,,,,,,,,,,,,,,,DZ-->MY,DZ-->MY,DZ-->MY,DZ-->MY,DZ-->MY,DZ-->MY,DZ-->MY,DZ-->MY,DZ-->MY,DZ-->MY,DZ-->MY,DZ-->MY,DZ-->MY,DZ-->MY,DZ-->MY,DZ-->MY,DZ-->MY,DZ-->MY,DZ-->MY
MV,MDV,Maldives,Malé,Asia,Southern Asia,,MV-->DZ,MV-->DZ,MV-->DZ,MV-->DZ,MV-->DZ,MV-->DZ,MV-->DZ,MV-->DZ,MV-->DZ,MV-->DZ,MV-->DZ,MV-->DZ,MV-->DZ,MV-->DZ,MV-->DZ,MV-->DZ,MV-->DZ,MV-->DZ,MV-->DZ,,,,,,,,,,,,,,,,,DZ-->MV,DZ-->MV,DZ-->MV,DZ-->MV,DZ-->MV,DZ-->MV,DZ-->MV,DZ-->MV,DZ-->MV,DZ-->MV,DZ-->MV,DZ-->MV,DZ-->MV,DZ-->MV,DZ-->MV,DZ-->MV,DZ-->MV,DZ-->MV,DZ-->MV
ML,MLI,Mali,Bamako,Africa,Western Africa,,ML-->DZ,ML-->DZ,ML-->DZ,ML-->DZ,ML-->DZ,ML-->DZ,ML-->DZ,ML-->DZ,ML-->DZ,ML-->DZ,ML-->DZ,ML-->DZ,ML-->DZ,ML-->DZ,ML-->DZ,ML-->DZ,ML-->DZ,ML-->DZ,ML-->DZ,,,,,,,,,,,,,,,,,DZ-->ML,DZ-->ML,DZ-->ML,DZ-->ML,DZ-->ML,DZ-->ML,DZ-->ML,DZ-->ML,DZ-->ML,DZ-->ML,DZ-->ML,DZ-->ML,DZ-->ML,DZ-->ML,DZ-->ML,DZ-->ML,DZ-->ML,DZ-->ML,DZ-->ML
MT,MLT,Malta,Valletta,Europe,Southern Europe,,MT-->DZ,MT-->DZ,MT-->DZ,MT-->DZ,MT-->DZ,MT-->DZ,MT-->DZ,MT-->DZ,MT-->DZ,MT-->DZ,MT-->DZ,MT-->DZ,MT-->DZ,MT-->DZ,MT-->DZ,MT-->DZ,MT-->DZ,MT-->DZ,MT-->DZ,,,,,,,,,,,,,,,,,DZ-->MT,DZ-->MT,DZ-->MT,DZ-->MT,DZ-->MT,DZ-->MT,DZ-->MT,DZ-->MT,DZ-->MT,DZ-->MT,DZ-->MT,DZ-->MT,DZ-->MT,DZ-->MT,DZ-->MT,DZ-->MT,DZ-->MT,DZ-->MT,DZ-->MT
MH,MHL,Marshall Islands,Majuro,Oceania,Micronesia,,MH-->DZ,MH-->DZ,MH-->DZ,MH-->DZ,MH-->DZ,MH-->DZ,MH-->DZ,MH-->DZ,MH-->DZ,MH-->DZ,MH-->DZ,MH-->DZ,MH-->DZ,MH-->DZ,MH-->DZ,MH-->DZ,MH-->DZ,MH-->DZ,MH-->DZ,,,,,,,,,,,,,,,,,DZ-->MH,DZ-->MH,DZ-->MH,DZ-->MH,DZ-->MH,DZ-->MH,DZ-->MH,DZ-->MH,DZ-->MH,DZ-->MH,DZ-->MH,DZ-->MH,DZ-->MH,DZ-->MH,DZ-->MH,DZ-->MH,DZ-->MH,DZ-->MH,DZ-->MH
MQ,MTQ,Martinique,Fort-de-France,Americas,Caribbean,,MQ-->DZ,MQ-->DZ,MQ-->DZ,MQ-->DZ,MQ-->DZ,MQ-->DZ,MQ-->DZ,MQ-->DZ,MQ-->DZ,MQ-->DZ,MQ-->DZ,MQ-->DZ,MQ-->DZ,MQ-->DZ,MQ-->DZ,MQ-->DZ,MQ-->DZ,MQ-->DZ,MQ-->DZ,,,,,,,,,,,,,,,,,DZ-->MQ,DZ-->MQ,DZ-->MQ,DZ-->MQ,DZ-->MQ,DZ-->MQ,DZ-->MQ,DZ-->MQ,DZ-->MQ,DZ-->MQ,DZ-->MQ,DZ-->MQ,DZ-->MQ,DZ-->MQ,DZ-->MQ,DZ-->MQ,DZ-->MQ,DZ-->MQ,DZ-->MQ
MR,MRT,Mauritania,Nouakchott,Africa,Western Africa,,MR-->DZ,MR-->DZ,MR-->DZ,MR-->DZ,MR-->DZ,MR-->DZ,MR-->DZ,MR-->DZ,MR-->DZ,MR-->DZ,MR-->DZ,MR-->DZ,MR-->DZ,MR-->DZ,MR-->DZ,MR-->DZ,MR-->DZ,MR-->DZ,MR-->DZ,0.0,,,,,,,,,,,,,,,,DZ-->MR,DZ-->MR,DZ-->MR,DZ-->MR,DZ-->MR,DZ-->MR,DZ-->MR,DZ-->MR,DZ-->MR,DZ-->MR,DZ-->MR,DZ-->MR,DZ-->MR,DZ-->MR,DZ-->MR,DZ-->MR,DZ-->MR,DZ-->MR,DZ-->MR
MU,MUS,Mauritius,Port Louis,Africa,Eastern Africa,,MU-->DZ,MU-->DZ,MU-->DZ,MU-->DZ,MU-->DZ,MU-->DZ,MU-->DZ,MU-->DZ,MU-->DZ,MU-->DZ,MU-->DZ,MU-->DZ,MU-->DZ,MU-->DZ,MU-->DZ,MU-->DZ,MU-->DZ,MU-->DZ,MU-->DZ,,,,,,,,,,,,,,,,,DZ-->MU,DZ-->MU,DZ-->MU,DZ-->MU,DZ-->MU,DZ-->MU,DZ-->MU,DZ-->MU,DZ-->MU,DZ-->MU,DZ-->MU,DZ-->MU,DZ-->MU,DZ-->MU,DZ-->MU,DZ-->MU,DZ-->MU,DZ-->MU,DZ-->MU
YT,MYT,Mayotte,Mamoudzou,Africa,Eastern Africa,,YT-->DZ,YT-->DZ,YT-->DZ,YT-->DZ,YT-->DZ,YT-->DZ,YT-->DZ,YT-->DZ,YT-->DZ,YT-->DZ,YT-->DZ,YT-->DZ,YT-->DZ,YT-->DZ,YT-->DZ,YT-->DZ,YT-->DZ,YT-->DZ,YT-->DZ,,,,,,,,,,,,,,,,,DZ-->YT,DZ-->YT,DZ-->YT,DZ-->YT,DZ-->YT,DZ-->YT,DZ-->YT,DZ-->YT,DZ-->YT,DZ-->YT,DZ-->YT,DZ-->YT,DZ-->YT,DZ-->YT,DZ-->YT,DZ-->YT,DZ-->YT,DZ-->YT,DZ-->YT
MX,MEX,Mexico,Mexico City,Americas,Central America,,MX-->DZ,MX-->DZ,MX-->DZ,MX-->DZ,MX-->DZ,MX-->DZ,MX-->DZ,MX-->DZ,MX-->DZ,MX-->DZ,MX-->DZ,MX-->DZ,MX-->DZ,MX-->DZ,MX-->DZ,MX-->DZ,MX-->DZ,MX-->DZ,MX-->DZ,,,,,,,,,,,,,,,,,DZ-->MX,DZ-->MX,DZ-->MX,DZ-->MX,DZ-->MX,DZ-->MX,DZ-->MX,DZ-->MX,DZ-->MX,DZ-->MX,DZ-->MX,DZ-->MX,DZ-->MX,DZ-->MX,DZ-->MX,DZ-->MX,DZ-->MX,DZ-->MX,DZ-->MX
FM,FSM,Federated States of Micronesia,Palikir,Oceania,Micronesia,,FM-->DZ,FM-->DZ,FM-->DZ,FM-->DZ,FM-->DZ,FM-->DZ,FM-->DZ,FM-->DZ,FM-->DZ,FM-->DZ,FM-->DZ,FM-->DZ,FM-->DZ,FM-->DZ,FM-->DZ,FM-->DZ,FM-->DZ,FM-->DZ,FM-->DZ,,,,,,,,,,,,,,,,,DZ-->FM,DZ-->FM,DZ-->FM,DZ-->FM,DZ-->FM,DZ-->FM,DZ-->FM,DZ-->FM,DZ-->FM,DZ-->FM,DZ-->FM,DZ-->FM,DZ-->FM,DZ-->FM,DZ-->FM,DZ-->FM,DZ-->FM,DZ-->FM,DZ-->FM
MD,MDA,Moldova,Chișinău,Europe,Eastern Europe,,MD-->DZ,MD-->DZ,MD-->DZ,MD-->DZ,MD-->DZ,MD-->DZ,MD-->DZ,MD-->DZ,MD-->DZ,MD-->DZ,MD-->DZ,MD-->DZ,MD-->DZ,MD-->DZ,MD-->DZ,MD-->DZ,MD-->DZ,MD-->DZ,MD-->DZ,,,,,,,,,,,,,,,,,DZ-->MD,DZ-->MD,DZ-->MD,DZ-->MD,DZ-->MD,DZ-->MD,DZ-->MD,DZ-->MD,DZ-->MD,DZ-->MD,DZ-->MD,DZ-->MD,DZ-->MD,DZ-->MD,DZ-->MD,DZ-->MD,DZ-->MD,DZ-->MD,DZ-->MD
MC,MCO,Monaco,Monaco,Europe,Western Europe,,MC-->DZ,MC-->DZ,MC-->DZ,MC-->DZ,MC-->DZ,MC-->DZ,MC-->DZ,MC-->DZ,MC-->DZ,MC-->DZ,MC-->DZ,MC-->DZ,MC-->DZ,MC-->DZ,MC-->DZ,MC-->DZ,MC-->DZ,MC-->DZ,MC-->DZ,,,,,,,,,,,,,,,,,DZ-->MC,DZ-->MC,DZ-->MC,DZ-->MC,DZ-->MC,DZ-->MC,DZ-->MC,DZ-->MC,DZ-->MC,DZ-->MC,DZ-->MC,DZ-->MC,DZ-->MC,DZ-->MC,DZ-->MC,DZ-->MC,DZ-->MC,DZ-->MC,DZ-->MC
MN,MNG,Mongolia,Ulan Bator,Asia,Eastern Asia,,MN-->DZ,MN-->DZ,MN-->DZ,MN-->DZ,MN-->DZ,MN-->DZ,MN-->DZ,MN-->DZ,MN-->DZ,MN-->DZ,MN-->DZ,MN-->DZ,MN-->DZ,MN-->DZ,MN-->DZ,MN-->DZ,MN-->DZ,MN-->DZ,MN-->DZ,,,,,,,,,,,,,,,,,DZ-->MN,DZ-->MN,DZ-->MN,DZ-->MN,DZ-->MN,DZ-->MN,DZ-->MN,DZ-->MN,DZ-->MN,DZ-->MN,DZ-->MN,DZ-->MN,DZ-->MN,DZ-->MN,DZ-->MN,DZ-->MN,DZ-->MN,DZ-->MN,DZ-->MN
ME,MNE,Montenegro,Podgorica,Europe,Southern Europe,,ME-->DZ,ME-->DZ,ME-->DZ,ME-->DZ,ME-->DZ,ME-->DZ,ME-->DZ,ME-->DZ,ME-->DZ,ME-->DZ,ME-->DZ,ME-->DZ,ME-->DZ,ME-->DZ,ME-->DZ,ME-->DZ,ME-->DZ,ME-->DZ,ME-->DZ,,,,,,,,,,,,,,,,,DZ-->ME,DZ-->ME,DZ-->ME,DZ-->ME,DZ-->ME,DZ-->ME,DZ-->ME,DZ-->ME,DZ-->ME,DZ-->ME,DZ-->ME,DZ-->ME,DZ-->ME,DZ-->ME,DZ-->ME,DZ-->ME,DZ-->ME,DZ-->ME,DZ-->ME
MS,MSR,Montserrat,Plymouth,Americas,Caribbean,,MS-->DZ,MS-->DZ,MS-->DZ,MS-->DZ,MS-->DZ,MS-->DZ,MS-->DZ,MS-->DZ,MS-->DZ,MS-->DZ,MS-->DZ,MS-->DZ,MS-->DZ,MS-->DZ,MS-->DZ,MS-->DZ,MS-->DZ,MS-->DZ,MS-->DZ,,,,,,,,,,,,,,,,,DZ-->MS,DZ-->MS,DZ-->MS,DZ-->MS,DZ-->MS,DZ-->MS,DZ-->MS,DZ-->MS,DZ-->MS,DZ-->MS,DZ-->MS,DZ-->MS,DZ-->MS,DZ-->MS,DZ-->MS,DZ-->MS,DZ-->MS,DZ-->MS,DZ-->MS
MA,MAR,Morocco,Rabat,Africa,Northern Africa,,MA-->DZ,MA-->DZ,MA-->DZ,MA-->DZ,MA-->DZ,MA-->DZ,MA-->DZ,MA-->DZ,MA-->DZ,MA-->DZ,MA-->DZ,MA-->DZ,MA-->DZ,MA-->DZ,MA-->DZ,MA-->DZ,MA-->DZ,MA-->DZ,MA-->DZ,,,,,,,,,,,,,,,,,DZ-->MA,DZ-->MA,DZ-->MA,DZ-->MA,DZ-->MA,DZ-->MA,DZ-->MA,DZ-->MA,DZ-->MA,DZ-->MA,DZ-->MA,DZ-->MA,DZ-->MA,DZ-->MA,DZ-->MA,DZ-->MA,DZ-->MA,DZ-->MA,DZ-->MA
MZ,MOZ,Mozambique,Maputo,Africa,Eastern Africa,,MZ-->DZ,MZ-->DZ,MZ-->DZ,MZ-->DZ,MZ-->DZ,MZ-->DZ,MZ-->DZ,MZ-->DZ,MZ-->DZ,MZ-->DZ,MZ-->DZ,MZ-->DZ,MZ-->DZ,MZ-->DZ,MZ-->DZ,MZ-->DZ,MZ-->DZ,MZ-->DZ,MZ-->DZ,,,,,,,,,,,,,,,,,DZ-->MZ,DZ-->MZ,DZ-->MZ,DZ-->MZ,DZ-->MZ,DZ-->MZ,DZ-->MZ,DZ-->MZ,DZ-->MZ,DZ-->MZ,DZ-->MZ,DZ-->MZ,DZ-->MZ,DZ-->MZ,DZ-->MZ,DZ-->MZ,DZ-->MZ,DZ-->MZ,DZ-->MZ
MM,MMR,Myanmar,Naypyidaw,Asia,South-Eastern Asia,,MM-->DZ,MM-->DZ,MM-->DZ,MM-->DZ,MM-->DZ,MM-->DZ,MM-->DZ,MM-->DZ,MM-->DZ,MM-->DZ,MM-->DZ,MM-->DZ,MM-->DZ,MM-->DZ,MM-->DZ,MM-->DZ,MM-->DZ,MM-->DZ,MM-->DZ,,,,,,,,,,,,,,,,,DZ-->MM,DZ-->MM,DZ-->MM,DZ-->MM,DZ-->MM,DZ-->MM,DZ-->MM,DZ-->MM,DZ-->MM,DZ-->MM,DZ-->MM,DZ-->MM,DZ-->MM,DZ-->MM,DZ-->MM,DZ-->MM,DZ-->MM,DZ-->MM,DZ-->MM
,NAM,Namibia,Windhoek,Africa,Southern Africa,,NA-->DZ,NA-->DZ,NA-->DZ,NA-->DZ,NA-->DZ,NA-->DZ,NA-->DZ,NA-->DZ,NA-->DZ,NA-->DZ,NA-->DZ,NA-->DZ,NA-->DZ,NA-->DZ,NA-->DZ,NA-->DZ,NA-->DZ,NA-->DZ,NA-->DZ,,,,,,,,,,,,,,,,,DZ-->NA,DZ-->NA,DZ-->NA,DZ-->NA,DZ-->NA,DZ-->NA,DZ-->NA,DZ-->NA,DZ-->NA,DZ-->NA,DZ-->NA,DZ-->NA,DZ-->NA,DZ-->NA,DZ-->NA,DZ-->NA,DZ-->NA,DZ-->NA,DZ-->NA
NR,NRU,Nauru,Yaren,Oceania,Micronesia,,NR-->DZ,NR-->DZ,NR-->DZ,NR-->DZ,NR-->DZ,NR-->DZ,NR-->DZ,NR-->DZ,NR-->DZ,NR-->DZ,NR-->DZ,NR-->DZ,NR-->DZ,NR-->DZ,NR-->DZ,NR-->DZ,NR-->DZ,NR-->DZ,NR-->DZ,,,,,,,,,,,,,,,,,DZ-->NR,DZ-->NR,DZ-->NR,DZ-->NR,DZ-->NR,DZ-->NR,DZ-->NR,DZ-->NR,DZ-->NR,DZ-->NR,DZ-->NR,DZ-->NR,DZ-->NR,DZ-->NR,DZ-->NR,DZ-->NR,DZ-->NR,DZ-->NR,DZ-->NR
NP,NPL,Nepal,Kathmandu,Asia,Southern Asia,,NP-->DZ,NP-->DZ,NP-->DZ,NP-->DZ,NP-->DZ,NP-->DZ,NP-->DZ,NP-->DZ,NP-->DZ,NP-->DZ,NP-->DZ,NP-->DZ,NP-->DZ,NP-->DZ,NP-->DZ,NP-->DZ,NP-->DZ,NP-->DZ,NP-->DZ,,,,,,,,,,,,,,,,,DZ-->NP,DZ-->NP,DZ-->NP,DZ-->NP,DZ-->NP,DZ-->NP,DZ-->NP,DZ-->NP,DZ-->NP,DZ-->NP,DZ-->NP,DZ-->NP,DZ-->NP,DZ-->NP,DZ-->NP,DZ-->NP,DZ-->NP,DZ-->NP,DZ-->NP
NL,NLD,Netherlands,Amsterdam,Europe,Western Europe,,NL-->DZ,NL-->DZ,NL-->DZ,NL-->DZ,NL-->DZ,NL-->DZ,NL-->DZ,NL-->DZ,NL-->DZ,NL-->DZ,NL-->DZ,NL-->DZ,NL-->DZ,NL-->DZ,NL-->DZ,NL-->DZ,NL-->DZ,NL-->DZ,NL-->DZ,,,,,,,,,,,,,,,,,DZ-->NL,DZ-->NL,DZ-->NL,DZ-->NL,DZ-->NL,DZ-->NL,DZ-->NL,DZ-->NL,DZ-->NL,DZ-->NL,DZ-->NL,DZ-->NL,DZ-->NL,DZ-->NL,DZ-->NL,DZ-->NL,DZ-->NL,DZ-->NL,DZ-->NL
NC,NCL,New Caledonia,Nouméa,Oceania,Melanesia,,NC-->DZ,NC-->DZ,NC-->DZ,NC-->DZ,NC-->DZ,NC-->DZ,NC-->DZ,NC-->DZ,NC-->DZ,NC-->DZ,NC-->DZ,NC-->DZ,NC-->DZ,NC-->DZ,NC-->DZ,NC-->DZ,NC-->DZ,NC-->DZ,NC-->DZ,,,,,,,,,,,,,,,,,DZ-->NC,DZ-->NC,DZ-->NC,DZ-->NC,DZ-->NC,DZ-->NC,DZ-->NC,DZ-->NC,DZ-->NC,DZ-->NC,DZ-->NC,DZ-->NC,DZ-->NC,DZ-->NC,DZ-->NC,DZ-->NC,DZ-->NC,DZ-->NC,DZ-->NC
NZ,NZL,New Zealand,Wellington,Oceania,Australia and New Zealand,,NZ-->DZ,NZ-->DZ,NZ-->DZ,NZ-->DZ,NZ-->DZ,NZ-->DZ,NZ-->DZ,NZ-->DZ,NZ-->DZ,NZ-->DZ,NZ-->DZ,NZ-->DZ,NZ-->DZ,NZ-->DZ,NZ-->DZ,NZ-->DZ,NZ-->DZ,NZ-->DZ,NZ-->DZ,,,,,,,,,,,,,,,,,DZ-->NZ,DZ-->NZ,DZ-->NZ,DZ-->NZ,DZ-->NZ,DZ-->NZ,DZ-->NZ,DZ-->NZ,DZ-->NZ,DZ-->NZ,DZ-->NZ,DZ-->NZ,DZ-->NZ,DZ-->NZ,DZ-->NZ,DZ-->NZ,DZ-->NZ,DZ-->NZ,DZ-->NZ
NI,NIC,Nicaragua,Managua,Americas,Central America,,NI-->DZ,NI-->DZ,NI-->DZ,NI-->DZ,NI-->DZ,NI-->DZ,NI-->DZ,NI-->DZ,NI-->DZ,NI-->DZ,NI-->DZ,NI-->DZ,NI-->DZ,NI-->DZ,NI-->DZ,NI-->DZ,NI-->DZ,NI-->DZ,NI-->DZ,,,,,,,,,,,,,,,,,DZ-->NI,DZ-->NI,DZ-->NI,DZ-->NI,DZ-->NI,DZ-->NI,DZ-->NI,DZ-->NI,DZ-->NI,DZ-->NI,DZ-->NI,DZ-->NI,DZ-->NI,DZ-->NI,DZ-->NI,DZ-->NI,DZ-->NI,DZ-->NI,DZ-->NI
NE,NER,Niger,Niamey,Africa,Western Africa,,NE-->DZ,NE-->DZ,NE-->DZ,NE-->DZ,NE-->DZ,NE-->DZ,NE-->DZ,NE-->DZ,NE-->DZ,NE-->DZ,NE-->DZ,NE-->DZ,NE-->DZ,NE-->DZ,NE-->DZ,NE-->DZ,NE-->DZ,NE-->DZ,NE-->DZ,,,,,,,,,,,,,,,,,DZ-->NE,DZ-->NE,DZ-->NE,DZ-->NE,DZ-->NE,DZ-->NE,DZ-->NE,DZ-->NE,DZ-->NE,DZ-->NE,DZ-->NE,DZ-->NE,DZ-->NE,DZ-->NE,DZ-->NE,DZ-->NE,DZ-->NE,DZ-->NE,DZ-->NE
NG,NGA,Nigeria,Abuja,Africa,Western Africa,,NG-->DZ,NG-->DZ,NG-->DZ,NG-->DZ,NG-->DZ,NG-->DZ,NG-->DZ,NG-->DZ,NG-->DZ,NG-->DZ,NG-->DZ,NG-->DZ,NG-->DZ,NG-->DZ,NG-->DZ,NG-->DZ,NG-->DZ,NG-->DZ,NG-->DZ,,,,,,,,,,,,,,,,,DZ-->NG,DZ-->NG,DZ-->NG,DZ-->NG,DZ-->NG,DZ-->NG,DZ-->NG,DZ-->NG,DZ-->NG,DZ-->NG,DZ-->NG,DZ-->NG,DZ-->NG,DZ-->NG,DZ-->NG,DZ-->NG,DZ-->NG,DZ-->NG,DZ-->NG
NU,NIU,Niue,Alofi,Oceania,Polynesia,,NU-->DZ,NU-->DZ,NU-->DZ,NU-->DZ,NU-->DZ,NU-->DZ,NU-->DZ,NU-->DZ,NU-->DZ,NU-->DZ,NU-->DZ,NU-->DZ,NU-->DZ,NU-->DZ,NU-->DZ,NU-->DZ,NU-->DZ,NU-->DZ,NU-->DZ,,,,,,,,,,,,,,,,,DZ-->NU,DZ-->NU,DZ-->NU,DZ-->NU,DZ-->NU,DZ-->NU,DZ-->NU,DZ-->NU,DZ-->NU,DZ-->NU,DZ-->NU,DZ-->NU,DZ-->NU,DZ-->NU,DZ-->NU,DZ-->NU,DZ-->NU,DZ-->NU,DZ-->NU
NF,NFK,Norfolk Island,Kingston,Oceania,Australia and New Zealand,,NF-->DZ,NF-->DZ,NF-->DZ,NF-->DZ,NF-->DZ,NF-->DZ,NF-->DZ,NF-->DZ,NF-->DZ,NF-->DZ,NF-->DZ,NF-->DZ,NF-->DZ,NF-->DZ,NF-->DZ,NF-->DZ,NF-->DZ,NF-->DZ,NF-->DZ,,,,,,,,,,,,,,,,,DZ-->NF,DZ-->NF,DZ-->NF,DZ-->NF,DZ-->NF,DZ-->NF,DZ-->NF,DZ-->NF,DZ-->NF,DZ-->NF,DZ-->NF,DZ-->NF,DZ-->NF,DZ-->NF,DZ-->NF,DZ-->NF,DZ-->NF,DZ-->NF,DZ-->NF
KP,PRK,North Korea,Pyongyang,Asia,Eastern Asia,,KP-->DZ,KP-->DZ,KP-->DZ,KP-->DZ,KP-->DZ,KP-->DZ,KP-->DZ,KP-->DZ,KP-->DZ,KP-->DZ,KP-->DZ,KP-->DZ,KP-->DZ,KP-->DZ,KP-->DZ,KP-->DZ,KP-->DZ,KP-->DZ,KP-->DZ,,,,,,,,,,,,,,,,,DZ-->KP,DZ-->KP,DZ-->KP,DZ-->KP,DZ-->KP,DZ-->KP,DZ-->KP,DZ-->KP,DZ-->KP,DZ-->KP,DZ-->KP,DZ-->KP,DZ-->KP,DZ-->KP,DZ-->KP,DZ-->KP,DZ-->KP,DZ-->KP,DZ-->KP
MP,MNP,Northern Mariana Islands,Saipan,Oceania,Micronesia,,MP-->DZ,MP-->DZ,MP-->DZ,MP-->DZ,MP-->DZ,MP-->DZ,MP-->DZ,MP-->DZ,MP-->DZ,MP-->DZ,MP-->DZ,MP-->DZ,MP-->DZ,MP-->DZ,MP-->DZ,MP-->DZ,MP-->DZ,MP-->DZ,MP-->DZ,,,,,,,,,,,,,,,,,DZ-->MP,DZ-->MP,DZ-->MP,DZ-->MP,DZ-->MP,DZ-->MP,DZ-->MP,DZ-->MP,DZ-->MP,DZ-->MP,DZ-->MP,DZ-->MP,DZ-->MP,DZ-->MP,DZ-->MP,DZ-->MP,DZ-->MP,DZ-->MP,DZ-->MP
NO,NOR,Norway,Oslo,Europe,Northern Europe,,NO-->DZ,NO-->DZ,NO-->DZ,NO-->DZ,NO-->DZ,NO-->DZ,NO-->DZ,NO-->DZ,NO-->DZ,NO-->DZ,NO-->DZ,NO-->DZ,NO-->DZ,NO-->DZ,NO-->DZ,NO-->DZ,NO-->DZ,NO-->DZ,NO-->DZ,,,,,,,,,,,,,,,,,DZ-->NO,DZ-->NO,DZ-->NO,DZ-->NO,DZ-->NO,DZ-->NO,DZ-->NO,DZ-->NO,DZ-->NO,DZ-->NO,DZ-->NO,DZ-->NO,DZ-->NO,DZ-->NO,DZ-->NO,DZ-->NO,DZ-->NO,DZ-->NO,DZ-->NO
OM,OMN,Oman,Muscat,Asia,Western Asia,,OM-->DZ,OM-->DZ,OM-->DZ,OM-->DZ,OM-->DZ,OM-->DZ,OM-->DZ,OM-->DZ,OM-->DZ,OM-->DZ,OM-->DZ,OM-->DZ,OM-->DZ,OM-->DZ,OM-->DZ,OM-->DZ,OM-->DZ,OM-->DZ,OM-->DZ,,,,,,,,,,,,,,,,,DZ-->OM,DZ-->OM,DZ-->OM,DZ-->OM,DZ-->OM,DZ-->OM,DZ-->OM,DZ-->OM,DZ-->OM,DZ-->OM,DZ-->OM,DZ-->OM,DZ-->OM,DZ-->OM,DZ-->OM,DZ-->OM,DZ-->OM,DZ-->OM,DZ-->OM
PK,PAK,Pakistan,Islamabad,Asia,Southern Asia,,PK-->DZ,PK-->DZ,PK-->DZ,PK-->DZ,PK-->DZ,PK-->DZ,PK-->DZ,PK-->DZ,PK-->DZ,PK-->DZ,PK-->DZ,PK-->DZ,PK-->DZ,PK-->DZ,PK-->DZ,PK-->DZ,PK-->DZ,PK-->DZ,PK-->DZ,,,,,,,,,,,,,,,,,DZ-->PK,DZ-->PK,DZ-->PK,DZ-->PK,DZ-->PK,DZ-->PK,DZ-->PK,DZ-->PK,DZ-->PK,DZ-->PK,DZ-->PK,DZ-->PK,DZ-->PK,DZ-->PK,DZ-->PK,DZ-->PK,DZ-->PK,DZ-->PK,DZ-->PK
PW,PLW,Palau,Ngerulmud,Oceania,Micronesia,,PW-->DZ,PW-->DZ,PW-->DZ,PW-->DZ,PW-->DZ,PW-->DZ,PW-->DZ,PW-->DZ,PW-->DZ,PW-->DZ,PW-->DZ,PW-->DZ,PW-->DZ,PW-->DZ,PW-->DZ,PW-->DZ,PW-->DZ,PW-->DZ,PW-->DZ,,,,,,,,,,,,,,,,,DZ-->PW,DZ-->PW,DZ-->PW,DZ-->PW,DZ-->PW,DZ-->PW,DZ-->PW,DZ-->PW,DZ-->PW,DZ-->PW,DZ-->PW,DZ-->PW,DZ-->PW,DZ-->PW,DZ-->PW,DZ-->PW,DZ-->PW,DZ-->PW,DZ-->PW
PS,PSE,Palestine,Ramallah,Asia,Western Asia,,PS-->DZ,PS-->DZ,PS-->DZ,PS-->DZ,PS-->DZ,PS-->DZ,PS-->DZ,PS-->DZ,PS-->DZ,PS-->DZ,PS-->DZ,PS-->DZ,PS-->DZ,PS-->DZ,PS-->DZ,PS-->DZ,PS-->DZ,PS-->DZ,PS-->DZ,,,,,,,,,,,,,,,,,DZ-->PS,DZ-->PS,DZ-->PS,DZ-->PS,DZ-->PS,DZ-->PS,DZ-->PS,DZ-->PS,DZ-->PS,DZ-->PS,DZ-->PS,DZ-->PS,DZ-->PS,DZ-->PS,DZ-->PS,DZ-->PS,DZ-->PS,DZ-->PS,DZ-->PS
PA,PAN,Panama,Panama City,Americas,Central America,,PA-->DZ,PA-->DZ,PA-->DZ,PA-->DZ,PA-->DZ,PA-->DZ,PA-->DZ,PA-->DZ,PA-->DZ,PA-->DZ,PA-->DZ,PA-->DZ,PA-->DZ,PA-->DZ,PA-->DZ,PA-->DZ,PA-->DZ,PA-->DZ,PA-->DZ,,,,,,,,,,,,,,,,,DZ-->PA,DZ-->PA,DZ-->PA,DZ-->PA,DZ-->PA,DZ-->PA,DZ-->PA,DZ-->PA,DZ-->PA,DZ-->PA,DZ-->PA,DZ-->PA,DZ-->PA,DZ-->PA,DZ-->PA,DZ-->PA,DZ-->PA,DZ-->PA,DZ-->PA
PG,PNG,Papua New Guinea,Port Moresby,Oceania,Melanesia,,PG-->DZ,PG-->DZ,PG-->DZ,PG-->DZ,PG-->DZ,PG-->DZ,PG-->DZ,PG-->DZ,PG-->DZ,PG-->DZ,PG-->DZ,PG-->DZ,PG-->DZ,PG-->DZ,PG-->DZ,PG-->DZ,PG-->DZ,PG-->DZ,PG-->DZ,,,,,,,,,,,,,,,,,DZ-->PG,DZ-->PG,DZ-->PG,DZ-->PG,DZ-->PG,DZ-->PG,DZ-->PG,DZ-->PG,DZ-->PG,DZ-->PG,DZ-->PG,DZ-->PG,DZ-->PG,DZ-->PG,DZ-->PG,DZ-->PG,DZ-->PG,DZ-->PG,DZ-->PG
PY,PRY,Paraguay,Asunción,Americas,South America,,PY-->DZ,PY-->DZ,PY-->DZ,PY-->DZ,PY-->DZ,PY-->DZ,PY-->DZ,PY-->DZ,PY-->DZ,PY-->DZ,PY-->DZ,PY-->DZ,PY-->DZ,PY-->DZ,PY-->DZ,PY-->DZ,PY-->DZ,PY-->DZ,PY-->DZ,,,,,,,,,,,,,,,,,DZ-->PY,DZ-->PY,DZ-->PY,DZ-->PY,DZ-->PY,DZ-->PY,DZ-->PY,DZ-->PY,DZ-->PY,DZ-->PY,DZ-->PY,DZ-->PY,DZ-->PY,DZ-->PY,DZ-->PY,DZ-->PY,DZ-->PY,DZ-->PY,DZ-->PY
PE,PER,Peru,Lima,Americas,South America,,PE-->DZ,PE-->DZ,PE-->DZ,PE-->DZ,PE-->DZ,PE-->DZ,PE-->DZ,PE-->DZ,PE-->DZ,PE-->DZ,PE-->DZ,PE-->DZ,PE-->DZ,PE-->DZ,PE-->DZ,PE-->DZ,PE-->DZ,PE-->DZ,PE-->DZ,,,,,,,,,,,,,,,,,DZ-->PE,DZ-->PE,DZ-->PE,DZ-->PE,DZ-->PE,DZ-->PE,DZ-->PE,DZ-->PE,DZ-->PE,DZ-->PE,DZ-->PE,DZ-->PE,DZ-->PE,DZ-->PE,DZ-->PE,DZ-->PE,DZ-->PE,DZ-->PE,DZ-->PE
PH,PHL,Philippines,Manila,Asia,South-Eastern Asia,,PH-->DZ,PH-->DZ,PH-->DZ,PH-->DZ,PH-->DZ,PH-->DZ,PH-->DZ,PH-->DZ,PH-->DZ,PH-->DZ,PH-->DZ,PH-->DZ,PH-->DZ,PH-->DZ,PH-->DZ,PH-->DZ,PH-->DZ,PH-->DZ,PH-->DZ,,,,,,,,,,,,,,,,,DZ-->PH,DZ-->PH,DZ-->PH,DZ-->PH,DZ-->PH,DZ-->PH,DZ-->PH,DZ-->PH,DZ-->PH,DZ-->PH,DZ-->PH,DZ-->PH,DZ-->PH,DZ-->PH,DZ-->PH,DZ-->PH,DZ-->PH,DZ-->PH,DZ-->PH
PN,PCN,Pitcairn Islands,Adamstown,Oceania,Polynesia,,PN-->DZ,PN-->DZ,PN-->DZ,PN-->DZ,PN-->DZ,PN-->DZ,PN-->DZ,PN-->DZ,PN-->DZ,PN-->DZ,PN-->DZ,PN-->DZ,PN-->DZ,PN-->DZ,PN-->DZ,PN-->DZ,PN-->DZ,PN-->DZ,PN-->DZ,,,,,,,,,,,,,,,,,DZ-->PN,DZ-->PN,DZ-->PN,DZ-->PN,DZ-->PN,DZ-->PN,DZ-->PN,DZ-->PN,DZ-->PN,DZ-->PN,DZ-->PN,DZ-->PN,DZ-->PN,DZ-->PN,DZ-->PN,DZ-->PN,DZ-->PN,DZ-->PN,DZ-->PN
PL,POL,Poland,Warsaw,Europe,Eastern Europe,,PL-->DZ,PL-->DZ,PL-->DZ,PL-->DZ,PL-->DZ,PL-->DZ,PL-->DZ,PL-->DZ,PL-->DZ,PL-->DZ,PL-->DZ,PL-->DZ,PL-->DZ,PL-->DZ,PL-->DZ,PL-->DZ,PL-->DZ,PL-->DZ,PL-->DZ,,,,,,,,,,,,,,,,,DZ-->PL,DZ-->PL,DZ-->PL,DZ-->PL,DZ-->PL,DZ-->PL,DZ-->PL,DZ-->PL,DZ-->PL,DZ-->PL,DZ-->PL,DZ-->PL,DZ-->PL,DZ-->PL,DZ-->PL,DZ-->PL,DZ-->PL,DZ-->PL,DZ-->PL
PT,PRT,Portugal,Lisbon,Europe,Southern Europe,,PT-->DZ,PT-->DZ,PT-->DZ,PT-->DZ,PT-->DZ,PT-->DZ,PT-->DZ,PT-->DZ,PT-->DZ,PT-->DZ,PT-->DZ,PT-->DZ,PT-->DZ,PT-->DZ,PT-->DZ,PT-->DZ,PT-->DZ,PT-->DZ,PT-->DZ,,,,,,,,,,,,,,,,,DZ-->PT,DZ-->PT,DZ-->PT,DZ-->PT,DZ-->PT,DZ-->PT,DZ-->PT,DZ-->PT,DZ-->PT,DZ-->PT,DZ-->PT,DZ-->PT,DZ-->PT,DZ-->PT,DZ-->PT,DZ-->PT,DZ-->PT,DZ-->PT,DZ-->PT
PR,PRI,Puerto Rico,San Juan,Americas,Caribbean,,PR-->DZ,PR-->DZ,PR-->DZ,PR-->DZ,PR-->DZ,PR-->DZ,PR-->DZ,PR-->DZ,PR-->DZ,PR-->DZ,PR-->DZ,PR-->DZ,PR-->DZ,PR-->DZ,PR-->DZ,PR-->DZ,PR-->DZ,PR-->DZ,PR-->DZ,,,,,,,,,,,,,,,,,DZ-->PR,DZ-->PR,DZ-->PR,DZ-->PR,DZ-->PR,DZ-->PR,DZ-->PR,DZ-->PR,DZ-->PR,DZ-->PR,DZ-->PR,DZ-->PR,DZ-->PR,DZ-->PR,DZ-->PR,DZ-->PR,DZ-->PR,DZ-->PR,DZ-->PR
QA,QAT,Qatar,Doha,Asia,Western Asia,,QA-->DZ,QA-->DZ,QA-->DZ,QA-->DZ,QA-->DZ,QA-->DZ,QA-->DZ,QA-->DZ,QA-->DZ,QA-->DZ,QA-->DZ,QA-->DZ,QA-->DZ,QA-->DZ,QA-->DZ,QA-->DZ,QA-->DZ,QA-->DZ,QA-->DZ,,,,,,,,,,,,,,,,,DZ-->QA,DZ-->QA,DZ-->QA,DZ-->QA,DZ-->QA,DZ-->QA,DZ-->QA,DZ-->QA,DZ-->QA,DZ-->QA,DZ-->QA,DZ-->QA,DZ-->QA,DZ-->QA,DZ-->QA,DZ-->QA,DZ-->QA,DZ-->QA,DZ-->QA
XK,KOS,Republic of Kosovo,Pristina,Europe,Eastern Europe,,XK-->DZ,XK-->DZ,XK-->DZ,XK-->DZ,XK-->DZ,XK-->DZ,XK-->DZ,XK-->DZ,XK-->DZ,XK-->DZ,XK-->DZ,XK-->DZ,XK-->DZ,XK-->DZ,XK-->DZ,XK-->DZ,XK-->DZ,XK-->DZ,XK-->DZ,,,,,,,,,,,,,,,,,DZ-->XK,DZ-->XK,DZ-->XK,DZ-->XK,DZ-->XK,DZ-->XK,DZ-->XK,DZ-->XK,DZ-->XK,DZ-->XK,DZ-->XK,DZ-->XK,DZ-->XK,DZ-->XK,DZ-->XK,DZ-->XK,DZ-->XK,DZ-->XK,DZ-->XK
RE,REU,Réunion,Saint-Denis,Africa,Eastern Africa,,RE-->DZ,RE-->DZ,RE-->DZ,RE-->DZ,RE-->DZ,RE-->DZ,RE-->DZ,RE-->DZ,RE-->DZ,RE-->DZ,RE-->DZ,RE-->DZ,RE-->DZ,RE-->DZ,RE-->DZ,RE-->DZ,RE-->DZ,RE-->DZ,RE-->DZ,,,,,,,,,,,,,,,,,DZ-->RE,DZ-->RE,DZ-->RE,DZ-->RE,DZ-->RE,DZ-->RE,DZ-->RE,DZ-->RE,DZ-->RE,DZ-->RE,DZ-->RE,DZ-->RE,DZ-->RE,DZ-->RE,DZ-->RE,DZ-->RE,DZ-->RE,DZ-->RE,DZ-->RE
RO,ROU,Romania,Bucharest,Europe,Eastern Europe,,RO-->DZ,RO-->DZ,RO-->DZ,RO-->DZ,RO-->DZ,RO-->DZ,RO-->DZ,RO-->DZ,RO-->DZ,RO-->DZ,RO-->DZ,RO-->DZ,RO-->DZ,RO-->DZ,RO-->DZ,RO-->DZ,RO-->DZ,RO-->DZ,RO-->DZ,,,,,,,,,,,,,,,,,DZ-->RO,DZ-->RO,DZ-->RO,DZ-->RO,DZ-->RO,DZ-->RO,DZ-->RO,DZ-->RO,DZ-->RO,DZ-->RO,DZ-->RO,DZ-->RO,DZ-->RO,DZ-->RO,DZ-->RO,DZ-->RO,DZ-->RO,DZ-->RO,DZ-->RO
RU,RUS,Russia,Moscow,Europe,Eastern Europe,,RU-->DZ,RU-->DZ,RU-->DZ,RU-->DZ,RU-->DZ,RU-->DZ,RU-->DZ,RU-->DZ,RU-->DZ,RU-->DZ,RU-->DZ,RU-->DZ,RU-->DZ,RU-->DZ,RU-->DZ,RU-->DZ,RU-->DZ,RU-->DZ,RU-->DZ,,,,,,,,,,,,,,,,,DZ-->RU,DZ-->RU,DZ-->RU,DZ-->RU,DZ-->RU,DZ-->RU,DZ-->RU,DZ-->RU,DZ-->RU,DZ-->RU,DZ-->RU,DZ-->RU,DZ-->RU,DZ-->RU,DZ-->RU,DZ-->RU,DZ-->RU,DZ-->RU,DZ-->RU
RW,RWA,Rwanda,Kigali,Africa,Eastern Africa,,RW-->DZ,RW-->DZ,RW-->DZ,RW-->DZ,RW-->DZ,RW-->DZ,RW-->DZ,RW-->DZ,RW-->DZ,RW-->DZ,RW-->DZ,RW-->DZ,RW-->DZ,RW-->DZ,RW-->DZ,RW-->DZ,RW-->DZ,RW-->DZ,RW-->DZ,,,,,,,,,,,,,,,,,DZ-->RW,DZ-->RW,DZ-->RW,DZ-->RW,DZ-->RW,DZ-->RW,DZ-->RW,DZ-->RW,DZ-->RW,DZ-->RW,DZ-->RW,DZ-->RW,DZ-->RW,DZ-->RW,DZ-->RW,DZ-->RW,DZ-->RW,DZ-->RW,DZ-->RW
BL,BLM,Saint Barthélemy,Gustavia,Americas,Caribbean,,BL-->DZ,BL-->DZ,BL-->DZ,BL-->DZ,BL-->DZ,BL-->DZ,BL-->DZ,BL-->DZ,BL-->DZ,BL-->DZ,BL-->DZ,BL-->DZ,BL-->DZ,BL-->DZ,BL-->DZ,BL-->DZ,BL-->DZ,BL-->DZ,BL-->DZ,,,,,,,,,,,,,,,,,DZ-->BL,DZ-->BL,DZ-->BL,DZ-->BL,DZ-->BL,DZ-->BL,DZ-->BL,DZ-->BL,DZ-->BL,DZ-->BL,DZ-->BL,DZ-->BL,DZ-->BL,DZ-->BL,DZ-->BL,DZ-->BL,DZ-->BL,DZ-->BL,DZ-->BL
SH,SHN,Saint Helena,Jamestown,Africa,Western Africa,,SH-->DZ,SH-->DZ,SH-->DZ,SH-->DZ,SH-->DZ,SH-->DZ,SH-->DZ,SH-->DZ,SH-->DZ,SH-->DZ,SH-->DZ,SH-->DZ,SH-->DZ,SH-->DZ,SH-->DZ,SH-->DZ,SH-->DZ,SH-->DZ,SH-->DZ,,,,,,,,,,,,,,,,,DZ-->SH,DZ-->SH,DZ-->SH,DZ-->SH,DZ-->SH,DZ-->SH,DZ-->SH,DZ-->SH,DZ-->SH,DZ-->SH,DZ-->SH,DZ-->SH,DZ-->SH,DZ-->SH,DZ-->SH,DZ-->SH,DZ-->SH,DZ-->SH,DZ-->SH
KN,KNA,Saint Kitts and Nevis,Basseterre,Americas,Caribbean,,KN-->DZ,KN-->DZ,KN-->DZ,KN-->DZ,KN-->DZ,KN-->DZ,KN-->DZ,KN-->DZ,KN-->DZ,KN-->DZ,KN-->DZ,KN-->DZ,KN-->DZ,KN-->DZ,KN-->DZ,KN-->DZ,KN-->DZ,KN-->DZ,KN-->DZ,,,,,,,,,,,,,,,,,DZ-->KN,DZ-->KN,DZ-->KN,DZ-->KN,DZ-->KN,DZ-->KN,DZ-->KN,DZ-->KN,DZ-->KN,DZ-->KN,DZ-->KN,DZ-->KN,DZ-->KN,DZ-->KN,DZ-->KN,DZ-->KN,DZ-->KN,DZ-->KN,DZ-->KN
LC,LCA,Saint Lucia,Castries,Americas,Caribbean,,LC-->DZ,LC-->DZ,LC-->DZ,LC-->DZ,LC-->DZ,LC-->DZ,LC-->DZ,LC-->DZ,LC-->DZ,LC-->DZ,LC-->DZ,LC-->DZ,LC-->DZ,LC-->DZ,LC-->DZ,LC-->DZ,LC-->DZ,LC-->DZ,LC-->DZ,,,,,,,,,,,,,,,,,DZ-->LC,DZ-->LC,DZ-->LC,DZ-->LC,DZ-->LC,DZ-->LC,DZ-->LC,DZ-->LC,DZ-->LC,DZ-->LC,DZ-->LC,DZ-->LC,DZ-->LC,DZ-->LC,DZ-->LC,DZ-->LC,DZ-->LC,DZ-->LC,DZ-->LC
MF,MAF,Saint Martin,Marigot,Americas,Caribbean,,MF-->DZ,MF-->DZ,MF-->DZ,MF-->DZ,MF-->DZ,MF-->DZ,MF-->DZ,MF-->DZ,MF-->DZ,MF-->DZ,MF-->DZ,MF-->DZ,MF-->DZ,MF-->DZ,MF-->DZ,MF-->DZ,MF-->DZ,MF-->DZ,MF-->DZ,,,,,,,,,,,,,,,,,DZ-->MF,DZ-->MF,DZ-->MF,DZ-->MF,DZ-->MF,DZ-->MF,DZ-->MF,DZ-->MF,DZ-->MF,DZ-->MF,DZ-->MF,DZ-->MF,DZ-->MF,DZ-->MF,DZ-->MF,DZ-->MF,DZ-->MF,DZ-->MF,DZ-->MF
PM,SPM,Saint Pierre and Miquelon,Saint-Pierre,Americas,Northern America,,PM-->DZ,PM-->DZ,PM-->DZ,PM-->DZ,PM-->DZ,PM-->DZ,PM-->DZ,PM-->DZ,PM-->DZ,PM-->DZ,PM-->DZ,PM-->DZ,PM-->DZ,PM-->DZ,PM-->DZ,PM-->DZ,PM-->DZ,PM-->DZ,PM-->DZ,,,,,,,,,,,,,,,,,DZ-->PM,DZ-->PM,DZ-->PM,DZ-->PM,DZ-->PM,DZ-->PM,DZ-->PM,DZ-->PM,DZ-->PM,DZ-->PM,DZ-->PM,DZ-->PM,DZ-->PM,DZ-->PM,DZ-->PM,DZ-->PM,DZ-->PM,DZ-->PM,DZ-->PM
VC,VCT,Saint Vincent and the Grenadines,Kingstown,Americas,Caribbean,,VC-->DZ,VC-->DZ,VC-->DZ,VC-->DZ,VC-->DZ,VC-->DZ,VC-->DZ,VC-->DZ,VC-->DZ,VC-->DZ,VC-->DZ,VC-->DZ,VC-->DZ,VC-->DZ,VC-->DZ,VC-->DZ,VC-->DZ,VC-->DZ,VC-->DZ,,,,,,,,,,,,,,,,,DZ-->VC,DZ-->VC,DZ-->VC,DZ-->VC,DZ-->VC,DZ-->VC,DZ-->VC,DZ-->VC,DZ-->VC,DZ-->VC,DZ-->VC,DZ-->VC,DZ-->VC,DZ-->VC,DZ-->VC,DZ-->VC,DZ-->VC,DZ-->VC,DZ-->VC
WS,WSM,Samoa,Apia,Oceania,Polynesia,,WS-->DZ,WS-->DZ,WS-->DZ,WS-->DZ,WS-->DZ,WS-->DZ,WS-->DZ,WS-->DZ,WS-->DZ,WS-->DZ,WS-->DZ,WS-->DZ,WS-->DZ,WS-->DZ,WS-->DZ,WS-->DZ,WS-->DZ,WS-->DZ,WS-->DZ,,,,,,,,,,,,,,,,,DZ-->WS,DZ-->WS,DZ-->WS,DZ-->WS,DZ-->WS,DZ-->WS,DZ-->WS,DZ-->WS,DZ-->WS,DZ-->WS,DZ-->WS,DZ-->WS,DZ-->WS,DZ-->WS,DZ-->WS,DZ-->WS,DZ-->WS,DZ-->WS,DZ-->WS
SM,SMR,San Marino,City of San Marino,Europe,Southern Europe,,SM-->DZ,SM-->DZ,SM-->DZ,SM-->DZ,SM-->DZ,SM-->DZ,SM-->DZ,SM-->DZ,SM-->DZ,SM-->DZ,SM-->DZ,SM-->DZ,SM-->DZ,SM-->DZ,SM-->DZ,SM-->DZ,SM-->DZ,SM-->DZ,SM-->DZ,,,,,,,,,,,,,,,,,DZ-->SM,DZ-->SM,DZ-->SM,DZ-->SM,DZ-->SM,DZ-->SM,DZ-->SM,DZ-->SM,DZ-->SM,DZ-->SM,DZ-->SM,DZ-->SM,DZ-->SM,DZ-->SM,DZ-->SM,DZ-->SM,DZ-->SM,DZ-->SM,DZ-->SM
ST,STP,São Tomé and Príncipe,São Tomé,Africa,Middle Africa,,ST-->DZ,ST-->DZ,ST-->DZ,ST-->DZ,ST-->DZ,ST-->DZ,ST-->DZ,ST-->DZ,ST-->DZ,ST-->DZ,ST-->DZ,ST-->DZ,ST-->DZ,ST-->DZ,ST-->DZ,ST-->DZ,ST-->DZ,ST-->DZ,ST-->DZ,,,,,,,,,,,,,,,,,DZ-->ST,DZ-->ST,DZ-->ST,DZ-->ST,DZ-->ST,DZ-->ST,DZ-->ST,DZ-->ST,DZ-->ST,DZ-->ST,DZ-->ST,DZ-->ST,DZ-->ST,DZ-->ST,DZ-->ST,DZ-->ST,DZ-->ST,DZ-->ST,DZ-->ST
SA,SAU,Saudi Arabia,Riyadh,Asia,Western Asia,,SA-->DZ,SA-->DZ,SA-->DZ,SA-->DZ,SA-->DZ,SA-->DZ,SA-->DZ,SA-->DZ,SA-->DZ,SA-->DZ,SA-->DZ,SA-->DZ,SA-->DZ,SA-->DZ,SA-->DZ,SA-->DZ,SA-->DZ,SA-->DZ,SA-->DZ,,,,,,,,,,,,,,,,,DZ-->SA,DZ-->SA,DZ-->SA,DZ-->SA,DZ-->SA,DZ-->SA,DZ-->SA,DZ-->SA,DZ-->SA,DZ-->SA,DZ-->SA,DZ-->SA,DZ-->SA,DZ-->SA,DZ-->SA,DZ-->SA,DZ-->SA,DZ-->SA,DZ-->SA
SN,SEN,Senegal,Dakar,Africa,Western Africa,,SN-->DZ,SN-->DZ,SN-->DZ,SN-->DZ,SN-->DZ,SN-->DZ,SN-->DZ,SN-->DZ,SN-->DZ,SN-->DZ,SN-->DZ,SN-->DZ,SN-->DZ,SN-->DZ,SN-->DZ,SN-->DZ,SN-->DZ,SN-->DZ,SN-->DZ,,,,,,,,,,,,,,,,,DZ-->SN,DZ-->SN,DZ-->SN,DZ-->SN,DZ-->SN,DZ-->SN,DZ-->SN,DZ-->SN,DZ-->SN,DZ-->SN,DZ-->SN,DZ-->SN,DZ-->SN,DZ-->SN,DZ-->SN,DZ-->SN,DZ-->SN,DZ-->SN,DZ-->SN
RS,SRB,Serbia,Belgrade,Europe,Southern Europe,,RS-->DZ,RS-->DZ,RS-->DZ,RS-->DZ,RS-->DZ,RS-->DZ,RS-->DZ,RS-->DZ,RS-->DZ,RS-->DZ,RS-->DZ,RS-->DZ,RS-->DZ,RS-->DZ,RS-->DZ,RS-->DZ,RS-->DZ,RS-->DZ,RS-->DZ,,,,,,,,,,,,,,,,,DZ-->RS,DZ-->RS,DZ-->RS,DZ-->RS,DZ-->RS,DZ-->RS,DZ-->RS,DZ-->RS,DZ-->RS,DZ-->RS,DZ-->RS,DZ-->RS,DZ-->RS,DZ-->RS,DZ-->RS,DZ-->RS,DZ-->RS,DZ-->RS,DZ-->RS
SC,SYC,Seychelles,Victoria,Africa,Eastern Africa,,SC-->DZ,SC-->DZ,SC-->DZ,SC-->DZ,SC-->DZ,SC-->DZ,SC-->DZ,SC-->DZ,SC-->DZ,SC-->DZ,SC-->DZ,SC-->DZ,SC-->DZ,SC-->DZ,SC-->DZ,SC-->DZ,SC-->DZ,SC-->DZ,SC-->DZ,,,,,,,,,,,,,,,,,DZ-->SC,DZ-->SC,DZ-->SC,DZ-->SC,DZ-->SC,DZ-->SC,DZ-->SC,DZ-->SC,DZ-->SC,DZ-->SC,DZ-->SC,DZ-->SC,DZ-->SC,DZ-->SC,DZ-->SC,DZ-->SC,DZ-->SC,DZ-->SC,DZ-->SC
SL,SLE,Sierra Leone,Freetown,Africa,Western Africa,,SL-->DZ,SL-->DZ,SL-->DZ,SL-->DZ,SL-->DZ,SL-->DZ,SL-->DZ,SL-->DZ,SL-->DZ,SL-->DZ,SL-->DZ,SL-->DZ,SL-->DZ,SL-->DZ,SL-->DZ,SL-->DZ,SL-->DZ,SL-->DZ,SL-->DZ,,,,,,,,,,,,,,,,,DZ-->SL,DZ-->SL,DZ-->SL,DZ-->SL,DZ-->SL,DZ-->SL,DZ-->SL,DZ-->SL,DZ-->SL,DZ-->SL,DZ-->SL,DZ-->SL,DZ-->SL,DZ-->SL,DZ-->SL,DZ-->SL,DZ-->SL,DZ-->SL,DZ-->SL
SG,SGP,Singapore,Singapore,Asia,South-Eastern Asia,,SG-->DZ,SG-->DZ,SG-->DZ,SG-->DZ,SG-->DZ,SG-->DZ,SG-->DZ,SG-->DZ,SG-->DZ,SG-->DZ,SG-->DZ,SG-->DZ,SG-->DZ,SG-->DZ,SG-->DZ,SG-->DZ,SG-->DZ,SG-->DZ,SG-->DZ,,,,,,,,,,,,,,,,,DZ-->SG,DZ-->SG,DZ-->SG,DZ-->SG,DZ-->SG,DZ-->SG,DZ-->SG,DZ-->SG,DZ-->SG,DZ-->SG,DZ-->SG,DZ-->SG,DZ-->SG,DZ-->SG,DZ-->SG,DZ-->SG,DZ-->SG,DZ-->SG,DZ-->SG
SX,SXM,Sint Maarten,Philipsburg,Americas,Caribbean,,SX-->DZ,SX-->DZ,SX-->DZ,SX-->DZ,SX-->DZ,SX-->DZ,SX-->DZ,SX-->DZ,SX-->DZ,SX-->DZ,SX-->DZ,SX-->DZ,SX-->DZ,SX-->DZ,SX-->DZ,SX-->DZ,SX-->DZ,SX-->DZ,SX-->DZ,,,,,,,,,,,,,,,,,DZ-->SX,DZ-->SX,DZ-->SX,DZ-->SX,DZ-->SX,DZ-->SX,DZ-->SX,DZ-->SX,DZ-->SX,DZ-->SX,DZ-->SX,DZ-->SX,DZ-->SX,DZ-->SX,DZ-->SX,DZ-->SX,DZ-->SX,DZ-->SX,DZ-->SX
SK,SVK,Slovakia,Bratislava,Europe,Eastern Europe,,SK-->DZ,SK-->DZ,SK-->DZ,SK-->DZ,SK-->DZ,SK-->DZ,SK-->DZ,SK-->DZ,SK-->DZ,SK-->DZ,SK-->DZ,SK-->DZ,SK-->DZ,SK-->DZ,SK-->DZ,SK-->DZ,SK-->DZ,SK-->DZ,SK-->DZ,,,,,,,,,,,,,,,,,DZ-->SK,DZ-->SK,DZ-->SK,DZ-->SK,DZ-->SK,DZ-->SK,DZ-->SK,DZ-->SK,DZ-->SK,DZ-->SK,DZ-->SK,DZ-->SK,DZ-->SK,DZ-->SK,DZ-->SK,DZ-->SK,DZ-->SK,DZ-->SK,DZ-->SK
SI,SVN,Slovenia,Ljubljana,Europe,Southern Europe,,SI-->DZ,SI-->DZ,SI-->DZ,SI-->DZ,SI-->DZ,SI-->DZ,SI-->DZ,SI-->DZ,SI-->DZ,SI-->DZ,SI-->DZ,SI-->DZ,SI-->DZ,SI-->DZ,SI-->DZ,SI-->DZ,SI-->DZ,SI-->DZ,SI-->DZ,,,,,,,,,,,,,,,,,DZ-->SI,DZ-->SI,DZ-->SI,DZ-->SI,DZ-->SI,DZ-->SI,DZ-->SI,DZ-->SI,DZ-->SI,DZ-->SI,DZ-->SI,DZ-->SI,DZ-->SI,DZ-->SI,DZ-->SI,DZ-->SI,DZ-->SI,DZ-->SI,DZ-->SI
SB,SLB,Solomon Islands,Honiara,Oceania,Melanesia,,SB-->DZ,SB-->DZ,SB-->DZ,SB-->DZ,SB-->DZ,SB-->DZ,SB-->DZ,SB-->DZ,SB-->DZ,SB-->DZ,SB-->DZ,SB-->DZ,SB-->DZ,SB-->DZ,SB-->DZ,SB-->DZ,SB-->DZ,SB-->DZ,SB-->DZ,,,,,,,,,,,,,,,,,DZ-->SB,DZ-->SB,DZ-->SB,DZ-->SB,DZ-->SB,DZ-->SB,DZ-->SB,DZ-->SB,DZ-->SB,DZ-->SB,DZ-->SB,DZ-->SB,DZ-->SB,DZ-->SB,DZ-->SB,DZ-->SB,DZ-->SB,DZ-->SB,DZ-->SB
SO,SOM,Somalia,Mogadishu,Africa,Eastern Africa,,SO-->DZ,SO-->DZ,SO-->DZ,SO-->DZ,SO-->DZ,SO-->DZ,SO-->DZ,SO-->DZ,SO-->DZ,SO-->DZ,SO-->DZ,SO-->DZ,SO-->DZ,SO-->DZ,SO-->DZ,SO-->DZ,SO-->DZ,SO-->DZ,SO-->DZ,,,,,,,,,,,,,,,,,DZ-->SO,DZ-->SO,DZ-->SO,DZ-->SO,DZ-->SO,DZ-->SO,DZ-->SO,DZ-->SO,DZ-->SO,DZ-->SO,DZ-->SO,DZ-->SO,DZ-->SO,DZ-->SO,DZ-->SO,DZ-->SO,DZ-->SO,DZ-->SO,DZ-->SO
ZA,ZAF,South Africa,Pretoria,Africa,Southern Africa,,ZA-->DZ,ZA-->DZ,ZA-->DZ,ZA-->DZ,ZA-->DZ,ZA-->DZ,ZA-->DZ,ZA-->DZ,ZA-->DZ,ZA-->DZ,ZA-->DZ,ZA-->DZ,ZA-->DZ,ZA-->DZ,ZA-->DZ,ZA-->DZ,ZA-->DZ,ZA-->DZ,ZA-->DZ,,,,,,,,,,,,,,,,,DZ-->ZA,DZ-->ZA,DZ-->ZA,DZ-->ZA,DZ-->ZA,DZ-->ZA,DZ-->ZA,DZ-->ZA,DZ-->ZA,DZ-->ZA,DZ-->ZA,DZ-->ZA,DZ-->ZA,DZ-->ZA,DZ-->ZA,DZ-->ZA,DZ-->ZA,DZ-->ZA,DZ-->ZA
GS,SGS,South Georgia,King Edward Point,Americas,South America,,GS-->DZ,GS-->DZ,GS-->DZ,GS-->DZ,GS-->DZ,GS-->DZ,GS-->DZ,GS-->DZ,GS-->DZ,GS-->DZ,GS-->DZ,GS-->DZ,GS-->DZ,GS-->DZ,GS-->DZ,GS-->DZ,GS-->DZ,GS-->DZ,GS-->DZ,,,,,,,,,,,,,,,,,DZ-->GS,DZ-->GS,DZ-->GS,DZ-->GS,DZ-->GS,DZ-->GS,DZ-->GS,DZ-->GS,DZ-->GS,DZ-->GS,DZ-->GS,DZ-->GS,DZ-->GS,DZ-->GS,DZ-->GS,DZ-->GS,DZ-->GS,DZ-->GS,DZ-->GS
KR,KOR,South Korea,Seoul,Asia,Eastern Asia,,KR-->DZ,KR-->DZ,KR-->DZ,KR-->DZ,KR-->DZ,KR-->DZ,KR-->DZ,KR-->DZ,KR-->DZ,KR-->DZ,KR-->DZ,KR-->DZ,KR-->DZ,KR-->DZ,KR-->DZ,KR-->DZ,KR-->DZ,KR-->DZ,KR-->DZ,,,,,,,,,,,,,,,,,DZ-->KR,DZ-->KR,DZ-->KR,DZ-->KR,DZ-->KR,DZ-->KR,DZ-->KR,DZ-->KR,DZ-->KR,DZ-->KR,DZ-->KR,DZ-->KR,DZ-->KR,DZ-->KR,DZ-->KR,DZ-->KR,DZ-->KR,DZ-->KR,DZ-->KR
SS,SSD,South Sudan,Juba,Africa,Middle Africa,,SS-->DZ,SS-->DZ,SS-->DZ,SS-->DZ,SS-->DZ,SS-->DZ,SS-->DZ,SS-->DZ,SS-->DZ,SS-->DZ,SS-->DZ,SS-->DZ,SS-->DZ,SS-->DZ,SS-->DZ,SS-->DZ,SS-->DZ,SS-->DZ,SS-->DZ,,,,,,,,,,,,,,,,,DZ-->SS,DZ-->SS,DZ-->SS,DZ-->SS,DZ-->SS,DZ-->SS,DZ-->SS,DZ-->SS,DZ-->SS,DZ-->SS,DZ-->SS,DZ-->SS,DZ-->SS,DZ-->SS,DZ-->SS,DZ-->SS,DZ-->SS,DZ-->SS,DZ-->SS
ES,ESP,Spain,Madrid,Europe,Southern Europe,,ES-->DZ,ES-->DZ,ES-->DZ,ES-->DZ,ES-->DZ,ES-->DZ,ES-->DZ,ES-->DZ,ES-->DZ,ES-->DZ,ES-->DZ,ES-->DZ,ES-->DZ,ES-->DZ,ES-->DZ,ES-->DZ,ES-->DZ,ES-->DZ,ES-->DZ,,,,,,,,,,,,,,,,,DZ-->ES,DZ-->ES,DZ-->ES,DZ-->ES,DZ-->ES,DZ-->ES,DZ-->ES,DZ-->ES,DZ-->ES,DZ-->ES,DZ-->ES,DZ-->ES,DZ-->ES,DZ-->ES,DZ-->ES,DZ-->ES,DZ-->ES,DZ-->ES,DZ-->ES
LK,LKA,Sri Lanka,Colombo,Asia,Southern Asia,,LK-->DZ,LK-->DZ,LK-->DZ,LK-->DZ,LK-->DZ,LK-->DZ,LK-->DZ,LK-->DZ,LK-->DZ,LK-->DZ,LK-->DZ,LK-->DZ,LK-->DZ,LK-->DZ,LK-->DZ,LK-->DZ,LK-->DZ,LK-->DZ,LK-->DZ,,,,,,,,,,,,,,,,,DZ-->LK,DZ-->LK,DZ-->LK,DZ-->LK,DZ-->LK,DZ-->LK,DZ-->LK,DZ-->LK,DZ-->LK,DZ-->LK,DZ-->LK,DZ-->LK,DZ-->LK,DZ-->LK,DZ-->LK,DZ-->LK,DZ-->LK,DZ-->LK,DZ-->LK
SD,SDN,Sudan,Khartoum,Africa,Northern Africa,,SD-->DZ,SD-->DZ,SD-->DZ,SD-->DZ,SD-->DZ,SD-->DZ,SD-->DZ,SD-->DZ,SD-->DZ,SD-->DZ,SD-->DZ,SD-->DZ,SD-->DZ,SD-->DZ,SD-->DZ,SD-->DZ,SD-->DZ,SD-->DZ,SD-->DZ,,,,,,,,,,,,,,,,,DZ-->SD,DZ-->SD,DZ-->SD,DZ-->SD,DZ-->SD,DZ-->SD,DZ-->SD,DZ-->SD,DZ-->SD,DZ-->SD,DZ-->SD,DZ-->SD,DZ-->SD,DZ-->SD,DZ-->SD,DZ-->SD,DZ-->SD,DZ-->SD,DZ-->SD
SR,SUR,Suriname,Paramaribo,Americas,South America,,SR-->DZ,SR-->DZ,SR-->DZ,SR-->DZ,SR-->DZ,SR-->DZ,SR-->DZ,SR-->DZ,SR-->DZ,SR-->DZ,SR-->DZ,SR-->DZ,SR-->DZ,SR-->DZ,SR-->DZ,SR-->DZ,SR-->DZ,SR-->DZ,SR-->DZ,,,,,,,,,,,,,,,,,DZ-->SR,DZ-->SR,DZ-->SR,DZ-->SR,DZ-->SR,DZ-->SR,DZ-->SR,DZ-->SR,DZ-->SR,DZ-->SR,DZ-->SR,DZ-->SR,DZ-->SR,DZ-->SR,DZ-->SR,DZ-->SR,DZ-->SR,DZ-->SR,DZ-->SR
SJ,SJM,Svalbard and Jan Mayen,Longyearbyen,Europe,Northern Europe,,SJ-->DZ,SJ-->DZ,SJ-->DZ,SJ-->DZ,SJ-->DZ,SJ-->DZ,SJ-->DZ,SJ-->DZ,SJ-->DZ,SJ-->DZ,SJ-->DZ,SJ-->DZ,SJ-->DZ,SJ-->DZ,SJ-->DZ,SJ-->DZ,SJ-->DZ,SJ-->DZ,SJ-->DZ,,,,,,,,,,,,,,,,,DZ-->SJ,DZ-->SJ,DZ-->SJ,DZ-->SJ,DZ-->SJ,DZ-->SJ,DZ-->SJ,DZ-->SJ,DZ-->SJ,DZ-->SJ,DZ-->SJ,DZ-->SJ,DZ-->SJ,DZ-->SJ,DZ-->SJ,DZ-->SJ,DZ-->SJ,DZ-->SJ,DZ-->SJ
SZ,SWZ,Swaziland,Lobamba,Africa,Southern Africa,,SZ-->DZ,SZ-->DZ,SZ-->DZ,SZ-->DZ,SZ-->DZ,SZ-->DZ,SZ-->DZ,SZ-->DZ,SZ-->DZ,SZ-->DZ,SZ-->DZ,SZ-->DZ,SZ-->DZ,SZ-->DZ,SZ-->DZ,SZ-->DZ,SZ-->DZ,SZ-->DZ,SZ-->DZ,,,,,,,,,,,,,,,,,DZ-->SZ,DZ-->SZ,DZ-->SZ,DZ-->SZ,DZ-->SZ,DZ-->SZ,DZ-->SZ,DZ-->SZ,DZ-->SZ,DZ-->SZ,DZ-->SZ,DZ-->SZ,DZ-->SZ,DZ-->SZ,DZ-->SZ,DZ-->SZ,DZ-->SZ,DZ-->SZ,DZ-->SZ
SE,SWE,Sweden,Stockholm,Europe,Northern Europe,,SE-->DZ,SE-->DZ,SE-->DZ,SE-->DZ,SE-->DZ,SE-->DZ,SE-->DZ,SE-->DZ,SE-->DZ,SE-->DZ,SE-->DZ,SE-->DZ,SE-->DZ,SE-->DZ,SE-->DZ,SE-->DZ,SE-->DZ,SE-->DZ,SE-->DZ,,,,,,,,,,,,,,,,,DZ-->SE,DZ-->SE,DZ-->SE,DZ-->SE,DZ-->SE,DZ-->SE,DZ-->SE,DZ-->SE,DZ-->SE,DZ-->SE,DZ-->SE,DZ-->SE,DZ-->SE,DZ-->SE,DZ-->SE,DZ-->SE,DZ-->SE,DZ-->SE,DZ-->SE
CH,CHE,Switzerland,Bern,Europe,Western Europe,,CH-->DZ,CH-->DZ,CH-->DZ,CH-->DZ,CH-->DZ,CH-->DZ,CH-->DZ,CH-->DZ,CH-->DZ,CH-->DZ,CH-->DZ,CH-->DZ,CH-->DZ,CH-->DZ,CH-->DZ,CH-->DZ,CH-->DZ,CH-->DZ,CH-->DZ,,,,,,,,,,,,,,,,,DZ-->CH,DZ-->CH,DZ-->CH,DZ-->CH,DZ-->CH,DZ-->CH,DZ-->CH,DZ-->CH,DZ-->CH,DZ-->CH,DZ-->CH,DZ-->CH,DZ-->CH,DZ-->CH,DZ-->CH,DZ-->CH,DZ-->CH,DZ-->CH,DZ-->CH
SY,SYR,Syria,Damascus,Asia,Western Asia,,SY-->DZ,SY-->DZ,SY-->DZ,SY-->DZ,SY-->DZ,SY-->DZ,SY-->DZ,SY-->DZ,SY-->DZ,SY-->DZ,SY-->DZ,SY-->DZ,SY-->DZ,SY-->DZ,SY-->DZ,SY-->DZ,SY-->DZ,SY-->DZ,SY-->DZ,,,,,,,,,,,,,,,,,DZ-->SY,DZ-->SY,DZ-->SY,DZ-->SY,DZ-->SY,DZ-->SY,DZ-->SY,DZ-->SY,DZ-->SY,DZ-->SY,DZ-->SY,DZ-->SY,DZ-->SY,DZ-->SY,DZ-->SY,DZ-->SY,DZ-->SY,DZ-->SY,DZ-->SY
TW,TWN,Taiwan,Taipei,Asia,Eastern Asia,,TW-->DZ,TW-->DZ,TW-->DZ,TW-->DZ,TW-->DZ,TW-->DZ,TW-->DZ,TW-->DZ,TW-->DZ,TW-->DZ,TW-->DZ,TW-->DZ,TW-->DZ,TW-->DZ,TW-->DZ,TW-->DZ,TW-->DZ,TW-->DZ,TW-->DZ,,,,,,,,,,,,,,,,,DZ-->TW,DZ-->TW,DZ-->TW,DZ-->TW,DZ-->TW,DZ-->TW,DZ-->TW,DZ-->TW,DZ-->TW,DZ-->TW,DZ-->TW,DZ-->TW,DZ-->TW,DZ-->TW,DZ-->TW,DZ-->TW,DZ-->TW,DZ-->TW,DZ-->TW
TJ,TJK,Tajikistan,Dushanbe,Asia,Central Asia,,TJ-->DZ,TJ-->DZ,TJ-->DZ,TJ-->DZ,TJ-->DZ,TJ-->DZ,TJ-->DZ,TJ-->DZ,TJ-->DZ,TJ-->DZ,TJ-->DZ,TJ-->DZ,TJ-->DZ,TJ-->DZ,TJ-->DZ,TJ-->DZ,TJ-->DZ,TJ-->DZ,TJ-->DZ,,,,,,,,,,,,,,,,,DZ-->TJ,DZ-->TJ,DZ-->TJ,DZ-->TJ,DZ-->TJ,DZ-->TJ,DZ-->TJ,DZ-->TJ,DZ-->TJ,DZ-->TJ,DZ-->TJ,DZ-->TJ,DZ-->TJ,DZ-->TJ,DZ-->TJ,DZ-->TJ,DZ-->TJ,DZ-->TJ,DZ-->TJ
TZ,TZA,Tanzania,Dodoma,Africa,Eastern Africa,,TZ-->DZ,TZ-->DZ,TZ-->DZ,TZ-->DZ,TZ-->DZ,TZ-->DZ,TZ-->DZ,TZ-->DZ,TZ-->DZ,TZ-->DZ,TZ-->DZ,TZ-->DZ,TZ-->DZ,TZ-->DZ,TZ-->DZ,TZ-->DZ,TZ-->DZ,TZ-->DZ,TZ-->DZ,,,,,,,,,,,,,,,,,DZ-->TZ,DZ-->TZ,DZ-->TZ,DZ-->TZ,DZ-->TZ,DZ-->TZ,DZ-->TZ,DZ-->TZ,DZ-->TZ,DZ-->TZ,DZ-->TZ,DZ-->TZ,DZ-->TZ,DZ-->TZ,DZ-->TZ,DZ-->TZ,DZ-->TZ,DZ-->TZ,DZ-->TZ
TH,THA,Thailand,Bangkok,Asia,South-Eastern Asia,,TH-->DZ,TH-->DZ,TH-->DZ,TH-->DZ,TH-->DZ,TH-->DZ,TH-->DZ,TH-->DZ,TH-->DZ,TH-->DZ,TH-->DZ,TH-->DZ,TH-->DZ,TH-->DZ,TH-->DZ,TH-->DZ,TH-->DZ,TH-->DZ,TH-->DZ,,,,,,,,,,,,,,,,,DZ-->TH,DZ-->TH,DZ-->TH,DZ-->TH,DZ-->TH,DZ-->TH,DZ-->TH,DZ-->TH,DZ-->TH,DZ-->TH,DZ-->TH,DZ-->TH,DZ-->TH,DZ-->TH,DZ-->TH,DZ-->TH,DZ-->TH,DZ-->TH,DZ-->TH
TL,TLS,East Timor,Dili,Asia,South-Eastern Asia,,TL-->DZ,TL-->DZ,TL-->DZ,TL-->DZ,TL-->DZ,TL-->DZ,TL-->DZ,TL-->DZ,TL-->DZ,TL-->DZ,TL-->DZ,TL-->DZ,TL-->DZ,TL-->DZ,TL-->DZ,TL-->DZ,TL-->DZ,TL-->DZ,TL-->DZ,,,,,,,,,,,,,,,,,DZ-->TL,DZ-->TL,DZ-->TL,DZ-->TL,DZ-->TL,DZ-->TL,DZ-->TL,DZ-->TL,DZ-->TL,DZ-->TL,DZ-->TL,DZ-->TL,DZ-->TL,DZ-->TL,DZ-->TL,DZ-->TL,DZ-->TL,DZ-->TL,DZ-->TL
TG,TGO,Togo,Lomé,Africa,Western Africa,,TG-->DZ,TG-->DZ,TG-->DZ,TG-->DZ,TG-->DZ,TG-->DZ,TG-->DZ,TG-->DZ,TG-->DZ,TG-->DZ,TG-->DZ,TG-->DZ,TG-->DZ,TG-->DZ,TG-->DZ,TG-->DZ,TG-->DZ,TG-->DZ,TG-->DZ,,,,,,,,,,,,,,,,,DZ-->TG,DZ-->TG,DZ-->TG,DZ-->TG,DZ-->TG,DZ-->TG,DZ-->TG,DZ-->TG,DZ-->TG,DZ-->TG,DZ-->TG,DZ-->TG,DZ-->TG,DZ-->TG,DZ-->TG,DZ-->TG,DZ-->TG,DZ-->TG,DZ-->TG
TK,TKL,Tokelau,Fakaofo,Oceania,Polynesia,,TK-->DZ,TK-->DZ,TK-->DZ,TK-->DZ,TK-->DZ,TK-->DZ,TK-->DZ,TK-->DZ,TK-->DZ,TK-->DZ,TK-->DZ,TK-->DZ,TK-->DZ,TK-->DZ,TK-->DZ,TK-->DZ,TK-->DZ,TK-->DZ,TK-->DZ,,,,,,,,,,,,,,,,,DZ-->TK,DZ-->TK,DZ-->TK,DZ-->TK,DZ-->TK,DZ-->TK,DZ-->TK,DZ-->TK,DZ-->TK,DZ-->TK,DZ-->TK,DZ-->TK,DZ-->TK,DZ-->TK,DZ-->TK,DZ-->TK,DZ-->TK,DZ-->TK,DZ-->TK
TO,TON,Tonga,Nuku'alofa,Oceania,Polynesia,,TO-->DZ,TO-->DZ,TO-->DZ,TO-->DZ,TO-->DZ,TO-->DZ,TO-->DZ,TO-->DZ,TO-->DZ,TO-->DZ,TO-->DZ,TO-->DZ,TO-->DZ,TO-->DZ,TO-->DZ,TO-->DZ,TO-->DZ,TO-->DZ,TO-->DZ,,,,,,,,,,,,,,,,,DZ-->TO,DZ-->TO,DZ-->TO,DZ-->TO,DZ-->TO,DZ-->TO,DZ-->TO,DZ-->TO,DZ-->TO,DZ-->TO,DZ-->TO,DZ-->TO,DZ-->TO,DZ-->TO,DZ-->TO,DZ-->TO,DZ-->TO,DZ-->TO,DZ-->TO
TT,TTO,Trinidad and Tobago,Port of Spain,Americas,Caribbean,,TT-->DZ,TT-->DZ,TT-->DZ,TT-->DZ,TT-->DZ,TT-->DZ,TT-->DZ,TT-->DZ,TT-->DZ,TT-->DZ,TT-->DZ,TT-->DZ,TT-->DZ,TT-->DZ,TT-->DZ,TT-->DZ,TT-->DZ,TT-->DZ,TT-->DZ,,,,,,,,,,,,,,,,,DZ-->TT,DZ-->TT,DZ-->TT,DZ-->TT,DZ-->TT,DZ-->TT,DZ-->TT,DZ-->TT,DZ-->TT,DZ-->TT,DZ-->TT,DZ-->TT,DZ-->TT,DZ-->TT,DZ-->TT,DZ-->TT,DZ-->TT,DZ-->TT,DZ-->TT
TN,TUN,Tunisia,Tunis,Africa,Northern Africa,,TN-->DZ,TN-->DZ,TN-->DZ,TN-->DZ,TN-->DZ,TN-->DZ,TN-->DZ,TN-->DZ,TN-->DZ,TN-->DZ,TN-->DZ,TN-->DZ,TN-->DZ,TN-->DZ,TN-->DZ,TN-->DZ,TN-->DZ,TN-->DZ,TN-->DZ,,,,,,,,,,,,,,,,,DZ-->TN,DZ-->TN,DZ-->TN,DZ-->TN,DZ-->TN,DZ-->TN,DZ-->TN,DZ-->TN,DZ-->TN,DZ-->TN,DZ-->TN,DZ-->TN,DZ-->TN,DZ-->TN,DZ-->TN,DZ-->TN,DZ-->TN,DZ-->TN,DZ-->TN
TR,TUR,Turkey,Ankara,Asia,Western Asia,,TR-->DZ,TR-->DZ,TR-->DZ,TR-->DZ,TR-->DZ,TR-->DZ,TR-->DZ,TR-->DZ,TR-->DZ,TR-->DZ,TR-->DZ,TR-->DZ,TR-->DZ,TR-->DZ,TR-->DZ,TR-->DZ,TR-->DZ,TR-->DZ,TR-->DZ,,,,,,,,,,,,,,,,,DZ-->TR,DZ-->TR,DZ-->TR,DZ-->TR,DZ-->TR,DZ-->TR,DZ-->TR,DZ-->TR,DZ-->TR,DZ-->TR,DZ-->TR,DZ-->TR,DZ-->TR,DZ-->TR,DZ-->TR,DZ-->TR,DZ-->TR,DZ-->TR,DZ-->TR
TM,TKM,Turkmenistan,Ashgabat,Asia,Central Asia,,TM-->DZ,TM-->DZ,TM-->DZ,TM-->DZ,TM-->DZ,TM-->DZ,TM-->DZ,TM-->DZ,TM-->DZ,TM-->DZ,TM-->DZ,TM-->DZ,TM-->DZ,TM-->DZ,TM-->DZ,TM-->DZ,TM-->DZ,TM-->DZ,TM-->DZ,,,,,,,,,,,,,,,,,DZ-->TM,DZ-->TM,DZ-->TM,DZ-->TM,DZ-->TM,DZ-->TM,DZ-->TM,DZ-->TM,DZ-->TM,DZ-->TM,DZ-->TM,DZ-->TM,DZ-->TM,DZ-->TM,DZ-->TM,DZ-->TM,DZ-->TM,DZ-->TM,DZ-->TM
TC,TCA,Turks and Caicos Islands,Cockburn Town,Americas,Caribbean,,TC-->DZ,TC-->DZ,TC-->DZ,TC-->DZ,TC-->DZ,TC-->DZ,TC-->DZ,TC-->DZ,TC-->DZ,TC-->DZ,TC-->DZ,TC-->DZ,TC-->DZ,TC-->DZ,TC-->DZ,TC-->DZ,TC-->DZ,TC-->DZ,TC-->DZ,,,,,,,,,,,,,,,,,DZ-->TC,DZ-->TC,DZ-->TC,DZ-->TC,DZ-->TC,DZ-->TC,DZ-->TC,DZ-->TC,DZ-->TC,DZ-->TC,DZ-->TC,DZ-->TC,DZ-->TC,DZ-->TC,DZ-->TC,DZ-->TC,DZ-->TC,DZ-->TC,DZ-->TC
TV,TUV,Tuvalu,Funafuti,Oceania,Polynesia,,TV-->DZ,TV-->DZ,TV-->DZ,TV-->DZ,TV-->DZ,TV-->DZ,TV-->DZ,TV-->DZ,TV-->DZ,TV-->DZ,TV-->DZ,TV-->DZ,TV-->DZ,TV-->DZ,TV-->DZ,TV-->DZ,TV-->DZ,TV-->DZ,TV-->DZ,,,,,,,,,,,,,,,,,DZ-->TV,DZ-->TV,DZ-->TV,DZ-->TV,DZ-->TV,DZ-->TV,DZ-->TV,DZ-->TV,DZ-->TV,DZ-->TV,DZ-->TV,DZ-->TV,DZ-->TV,DZ-->TV,DZ-->TV,DZ-->TV,DZ-->TV,DZ-->TV,DZ-->TV
UG,UGA,Uganda,Kampala,Africa,Eastern Africa,,UG-->DZ,UG-->DZ,UG-->DZ,UG-->DZ,UG-->DZ,UG-->DZ,UG-->DZ,UG-->DZ,UG-->DZ,UG-->DZ,UG-->DZ,UG-->DZ,UG-->DZ,UG-->DZ,UG-->DZ,UG-->DZ,UG-->DZ,UG-->DZ,UG-->DZ,,,,,,,,,,,,,,,,,DZ-->UG,DZ-->UG,DZ-->UG,DZ-->UG,DZ-->UG,DZ-->UG,DZ-->UG,DZ-->UG,DZ-->UG,DZ-->UG,DZ-->UG,DZ-->UG,DZ-->UG,DZ-->UG,DZ-->UG,DZ-->UG,DZ-->UG,DZ-->UG,DZ-->UG
UA,UKR,Ukraine,Kiev,Europe,Eastern Europe,,UA-->DZ,UA-->DZ,UA-->DZ,UA-->DZ,UA-->DZ,UA-->DZ,UA-->DZ,UA-->DZ,UA-->DZ,UA-->DZ,UA-->DZ,UA-->DZ,UA-->DZ,UA-->DZ,UA-->DZ,UA-->DZ,UA-->DZ,UA-->DZ,UA-->DZ,,,,,,,,,,,,,,,,,DZ-->UA,DZ-->UA,DZ-->UA,DZ-->UA,DZ-->UA,DZ-->UA,DZ-->UA,DZ-->UA,DZ-->UA,DZ-->UA,DZ-->UA,DZ-->UA,DZ-->UA,DZ-->UA,DZ-->UA,DZ-->UA,DZ-->UA,DZ-->UA,DZ-->UA
AE,ARE,United Arab Emirates,Abu Dhabi,Asia,Western Asia,,AE-->DZ,AE-->DZ,AE-->DZ,AE-->DZ,AE-->DZ,AE-->DZ,AE-->DZ,AE-->DZ,AE-->DZ,AE-->DZ,AE-->DZ,AE-->DZ,AE-->DZ,AE-->DZ,AE-->DZ,AE-->DZ,AE-->DZ,AE-->DZ,AE-->DZ,,,,,,,,,,,,,,,,,DZ-->AE,DZ-->AE,DZ-->AE,DZ-->AE,DZ-->AE,DZ-->AE,DZ-->AE,DZ-->AE,DZ-->AE,DZ-->AE,DZ-->AE,DZ-->AE,DZ-->AE,DZ-->AE,DZ-->AE,DZ-->AE,DZ-->AE,DZ-->AE,DZ-->AE
GB,GBR,United Kingdom,London,Europe,Northern Europe,,GB-->DZ,GB-->DZ,GB-->DZ,GB-->DZ,GB-->DZ,GB-->DZ,GB-->DZ,GB-->DZ,GB-->DZ,GB-->DZ,GB-->DZ,GB-->DZ,GB-->DZ,GB-->DZ,GB-->DZ,GB-->DZ,GB-->DZ,GB-->DZ,GB-->DZ,,,,,,,,,,,,,,,,,DZ-->GB,DZ-->GB,DZ-->GB,DZ-->GB,DZ-->GB,DZ-->GB,DZ-->GB,DZ-->GB,DZ-->GB,DZ-->GB,DZ-->GB,DZ-->GB,DZ-->GB,DZ-->GB,DZ-->GB,DZ-->GB,DZ-->GB,DZ-->GB,DZ-->GB
US,USA,United States,"Washington, D.C.",Americas,Northern America,,US-->DZ,US-->DZ,US-->DZ,US-->DZ,US-->DZ,US-->DZ,US-->DZ,US-->DZ,US-->DZ,US-->DZ,US-->DZ,US-->DZ,US-->DZ,US-->DZ,US-->DZ,US-->DZ,US-->DZ,US-->DZ,US-->DZ,,,,,,,,,,,,,,,,,DZ-->US,DZ-->US,DZ-->US,DZ-->US,DZ-->US,DZ-->US,DZ-->US,DZ-->US,DZ-->US,DZ-->US,DZ-->US,DZ-->US,DZ-->US,DZ-->US,DZ-->US,DZ-->US,DZ-->US,DZ-->US,DZ-->US
UY,URY,Uruguay,Montevideo,Americas,South America,,UY-->DZ,UY-->DZ,UY-->DZ,UY-->DZ,UY-->DZ,UY-->DZ,UY-->DZ,UY-->DZ,UY-->DZ,UY-->DZ,UY-->DZ,UY-->DZ,UY-->DZ,UY-->DZ,UY-->DZ,UY-->DZ,UY-->DZ,UY-->DZ,UY-->DZ,,,,,,,,,,,,,,,,,DZ-->UY,DZ-->UY,DZ-->UY,DZ-->UY,DZ-->UY,DZ-->UY,DZ-->UY,DZ-->UY,DZ-->UY,DZ-->UY,DZ-->UY,DZ-->UY,DZ-->UY,DZ-->UY,DZ-->UY,DZ-->UY,DZ-->UY,DZ-->UY,DZ-->UY
UZ,UZB,Uzbekistan,Tashkent,Asia,Central Asia,,UZ-->DZ,UZ-->DZ,UZ-->DZ,UZ-->DZ,UZ-->DZ,UZ-->DZ,UZ-->DZ,UZ-->DZ,UZ-->DZ,UZ-->DZ,UZ-->DZ,UZ-->DZ,UZ-->DZ,UZ-->DZ,UZ-->DZ,UZ-->DZ,UZ-->DZ,UZ-->DZ,UZ-->DZ,,,,,,,,,,,,,,,,,DZ-->UZ,DZ-->UZ,DZ-->UZ,DZ-->UZ,DZ-->UZ,DZ-->UZ,DZ-->UZ,DZ-->UZ,DZ-->UZ,DZ-->UZ,DZ-->UZ,DZ-->UZ,DZ-->UZ,DZ-->UZ,DZ-->UZ,DZ-->UZ,DZ-->UZ,DZ-->UZ,DZ-->UZ
VU,VUT,Vanuatu,Port Vila,Oceania,Melanesia,,VU-->DZ,VU-->DZ,VU-->DZ,VU-->DZ,VU-->DZ,VU-->DZ,VU-->DZ,VU-->DZ,VU-->DZ,VU-->DZ,VU-->DZ,VU-->DZ,VU-->DZ,VU-->DZ,VU-->DZ,VU-->DZ,VU-->DZ,VU-->DZ,VU-->DZ,,,,,,,,,,,,,,,,,DZ-->VU,DZ-->VU,DZ-->VU,DZ-->VU,DZ-->VU,DZ-->VU,DZ-->VU,DZ-->VU,DZ-->VU,DZ-->VU,DZ-->VU,DZ-->VU,DZ-->VU,DZ-->VU,DZ-->VU,DZ-->VU,DZ-->VU,DZ-->VU,DZ-->VU
VE,VEN,Venezuela,Caracas,Americas,South America,,VE-->DZ,VE-->DZ,VE-->DZ,VE-->DZ,VE-->DZ,VE-->DZ,VE-->DZ,VE-->DZ,VE-->DZ,VE-->DZ,VE-->DZ,VE-->DZ,VE-->DZ,VE-->DZ,VE-->DZ,VE-->DZ,VE-->DZ,VE-->DZ,VE-->DZ,,,,,,,,,,,,,,,,,DZ-->VE,DZ-->VE,DZ-->VE,DZ-->VE,DZ-->VE,DZ-->VE,DZ-->VE,DZ-->VE,DZ-->VE,DZ-->VE,DZ-->VE,DZ-->VE,DZ-->VE,DZ-->VE,DZ-->VE,DZ-->VE,DZ-->VE,DZ-->VE,DZ-->VE
VN,VNM,Vietnam,Hanoi,Asia,South-Eastern Asia,,VN-->DZ,VN-->DZ,VN-->DZ,VN-->DZ,VN-->DZ,VN-->DZ,VN-->DZ,VN-->DZ,VN-->DZ,VN-->DZ,VN-->DZ,VN-->DZ,VN-->DZ,VN-->DZ,VN-->DZ,VN-->DZ,VN-->DZ,VN-->DZ,VN-->DZ,,,,,,,,,,,,,,,,,DZ-->VN,DZ-->VN,DZ-->VN,DZ-->VN,DZ-->VN,DZ-->VN,DZ-->VN,DZ-->VN,DZ-->VN,DZ-->VN,DZ-->VN,DZ-->VN,DZ-->VN,DZ-->VN,DZ-->VN,DZ-->VN,DZ-->VN,DZ-->VN,DZ-->VN
WF,WLF,Wallis and Futuna,Mata-Utu,Oceania,Polynesia,,WF-->DZ,WF-->DZ,WF-->DZ,WF-->DZ,WF-->DZ,WF-->DZ,WF-->DZ,WF-->DZ,WF-->DZ,WF-->DZ,WF-->DZ,WF-->DZ,WF-->DZ,WF-->DZ,WF-->DZ,WF-->DZ,WF-->DZ,WF-->DZ,WF-->DZ,,,,,,,,,,,,,,,,,DZ-->WF,DZ-->WF,DZ-->WF,DZ-->WF,DZ-->WF,DZ-->WF,DZ-->WF,DZ-->WF,DZ-->WF,DZ-->WF,DZ-->WF,DZ-->WF,DZ-->WF,DZ-->WF,DZ-->WF,DZ-->WF,DZ-->WF,DZ-->WF,DZ-->WF
EH,ESH,Western Sahara,El Aaiún,Africa,Northern Africa,,EH-->DZ,EH-->DZ,EH-->DZ,EH-->DZ,EH-->DZ,EH-->DZ,EH-->DZ,EH-->DZ,EH-->DZ,EH-->DZ,EH-->DZ,EH-->DZ,EH-->DZ,EH-->DZ,EH-->DZ,EH-->DZ,EH-->DZ,EH-->DZ,EH-->DZ,,,,,,,,,,,,,,,,,DZ-->EH,DZ-->EH,DZ-->EH,DZ-->EH,DZ-->EH,DZ-->EH,DZ-->EH,DZ-->EH,DZ-->EH,DZ-->EH,DZ-->EH,DZ-->EH,DZ-->EH,DZ-->EH,DZ-->EH,DZ-->EH,DZ-->EH,DZ-->EH,DZ-->EH
YE,YEM,Yemen,Sana'a,Asia,Western Asia,,YE-->DZ,YE-->DZ,YE-->DZ,YE-->DZ,YE-->DZ,YE-->DZ,YE-->DZ,YE-->DZ,YE-->DZ,YE-->DZ,YE-->DZ,YE-->DZ,YE-->DZ,YE-->DZ,YE-->DZ,YE-->DZ,YE-->DZ,YE-->DZ,YE-->DZ,,,,,,,,,,,,,,,,,DZ-->YE,DZ-->YE,DZ-->YE,DZ-->YE,DZ-->YE,DZ-->YE,DZ-->YE,DZ-->YE,DZ-->YE,DZ-->YE,DZ-->YE,DZ-->YE,DZ-->YE,DZ-->YE,DZ-->YE,DZ-->YE,DZ-->YE,DZ-->YE,DZ-->YE
ZM,ZMB,Zambia,Lusaka,Africa,Eastern Africa,,ZM-->DZ,ZM-->DZ,ZM-->DZ,ZM-->DZ,ZM-->DZ,ZM-->DZ,ZM-->DZ,ZM-->DZ,ZM-->DZ,ZM-->DZ,ZM-->DZ,ZM-->DZ,ZM-->DZ,ZM-->DZ,ZM-->DZ,ZM-->DZ,ZM-->DZ,ZM-->DZ,ZM-->DZ,,,,,,,,,,,,,,,,,DZ-->ZM,DZ-->ZM,DZ-->ZM,DZ-->ZM,DZ-->ZM,DZ-->ZM,DZ-->ZM,DZ-->ZM,DZ-->ZM,DZ-->ZM,DZ-->ZM,DZ-->ZM,DZ-->ZM,DZ-->ZM,DZ-->ZM,DZ-->ZM,DZ-->ZM,DZ-->ZM,DZ-->ZM
ZW,ZWE,Zimbabwe,Harare,Africa,Eastern Africa,,ZW-->DZ,ZW-->DZ,ZW-->DZ,ZW-->DZ,ZW-->DZ,ZW-->DZ,ZW-->DZ,ZW-->DZ,ZW-->DZ,ZW-->DZ,ZW-->DZ,ZW-->DZ,ZW-->DZ,ZW-->DZ,ZW-->DZ,ZW-->DZ,ZW-->DZ,ZW-->DZ,ZW-->DZ,,,,,,,,,,,,,,,,,DZ-->ZW,DZ-->ZW,DZ-->ZW,DZ-->ZW,DZ-->ZW,DZ-->ZW,DZ-->ZW,DZ-->ZW,DZ-->ZW,DZ-->ZW,DZ-->ZW,DZ-->ZW,DZ-->ZW,DZ-->ZW,DZ-->ZW,DZ-->ZW,DZ-->ZW,DZ-->ZW,DZ-->ZW
