nu,code,name,capital,region,subregion,Unnamed: 6,quara/into/where/e,quara/into/where/v,quara/into/where/uv,quara/into/min/e,quara/into/min/v,quara/into/min/uv,quara/into/max/e,quara/into/max/v,quara/into/max/uv,quara/into/comment,test/into/pcr/e,test/into/pcr/v,test/into/pcr/uv,test/into/ag/e,test/into/ag/v,test/into/ag/uv,test/into/comment,visa/into,visa/into/comment,loadStates/into,Unnamed: 27,Unnamed: 28,Unnamed: 29,Unnamed: 30,Unnamed: 31,Unnamed: 32,Unnamed: 33,Unnamed: 34,Unnamed: 35,Unnamed: 36,Unnamed: 37,Unnamed: 38,Unnamed: 39,Unnamed: 40,Unnamed: 41,quara/out/where/e,quara/out/where/v,quara/out/where/uv,quara/out/min/e,quara/out/min/v,quara/out/min/uv,quara/out/max/e,quara/out/max/v,quara/out/max/uv,quara/out/comment,test/out/pcr/e,test/out/pcr/v,test/out/pcr/uv,test/out/ag/e,test/out/ag/v,test/out/ag/uv,test/out/comment,visa/out,visa/out/comment
AF,AFG,Afghanistan,Kabul,Asia,Southern Asia,,AF-->FR,AF-->FR,AF-->FR,AF-->FR,AF-->FR,AF-->FR,AF-->FR,AF-->FR,AF-->FR,AF-->FR,AF-->FR,AF-->FR,AF-->FR,AF-->FR,AF-->FR,AF-->FR,AF-->FR,AF-->FR,AF-->FR,,,,,,,,,,,,,,,,,FR-->AF,FR-->AF,FR-->AF,FR-->AF,FR-->AF,FR-->AF,FR-->AF,FR-->AF,FR-->AF,FR-->AF,FR-->AF,FR-->AF,FR-->AF,FR-->AF,FR-->AF,FR-->AF,FR-->AF,FR-->AF,FR-->AF
AX,ALA,Åland Islands,Mariehamn,Europe,Northern Europe,,AX-->FR,AX-->FR,AX-->FR,AX-->FR,AX-->FR,AX-->FR,AX-->FR,AX-->FR,AX-->FR,AX-->FR,AX-->FR,AX-->FR,AX-->FR,AX-->FR,AX-->FR,AX-->FR,AX-->FR,AX-->FR,AX-->FR,,,,,,,,,,,,,,,,,FR-->AX,FR-->AX,FR-->AX,FR-->AX,FR-->AX,FR-->AX,FR-->AX,FR-->AX,FR-->AX,FR-->AX,FR-->AX,FR-->AX,FR-->AX,FR-->AX,FR-->AX,FR-->AX,FR-->AX,FR-->AX,FR-->AX
AL,ALB,Albania,Tirana,Europe,Southern Europe,,AL-->FR,AL-->FR,AL-->FR,AL-->FR,AL-->FR,AL-->FR,AL-->FR,AL-->FR,AL-->FR,AL-->FR,AL-->FR,AL-->FR,AL-->FR,AL-->FR,AL-->FR,AL-->FR,AL-->FR,AL-->FR,AL-->FR,,,,,,,,,,,,,,,,,FR-->AL,FR-->AL,FR-->AL,FR-->AL,FR-->AL,FR-->AL,FR-->AL,FR-->AL,FR-->AL,FR-->AL,FR-->AL,FR-->AL,FR-->AL,FR-->AL,FR-->AL,FR-->AL,FR-->AL,FR-->AL,FR-->AL
DZ,DZA,Algeria,Algiers,Africa,Northern Africa,,DZ-->FR,DZ-->FR,DZ-->FR,DZ-->FR,DZ-->FR,DZ-->FR,DZ-->FR,DZ-->FR,DZ-->FR,DZ-->FR,DZ-->FR,DZ-->FR,DZ-->FR,DZ-->FR,DZ-->FR,DZ-->FR,DZ-->FR,DZ-->FR,DZ-->FR,,,,,,,,,,,,,,,,,FR-->DZ,FR-->DZ,FR-->DZ,FR-->DZ,FR-->DZ,FR-->DZ,FR-->DZ,FR-->DZ,FR-->DZ,FR-->DZ,FR-->DZ,FR-->DZ,FR-->DZ,FR-->DZ,FR-->DZ,FR-->DZ,FR-->DZ,FR-->DZ,FR-->DZ
AS,ASM,American Samoa,Pago Pago,Oceania,Polynesia,,AS-->FR,AS-->FR,AS-->FR,AS-->FR,AS-->FR,AS-->FR,AS-->FR,AS-->FR,AS-->FR,AS-->FR,AS-->FR,AS-->FR,AS-->FR,AS-->FR,AS-->FR,AS-->FR,AS-->FR,AS-->FR,AS-->FR,,,,,,,,,,,,,,,,,FR-->AS,FR-->AS,FR-->AS,FR-->AS,FR-->AS,FR-->AS,FR-->AS,FR-->AS,FR-->AS,FR-->AS,FR-->AS,FR-->AS,FR-->AS,FR-->AS,FR-->AS,FR-->AS,FR-->AS,FR-->AS,FR-->AS
AD,AND,Andorra,Andorra la Vella,Europe,Southern Europe,,AD-->FR,AD-->FR,AD-->FR,AD-->FR,AD-->FR,AD-->FR,AD-->FR,AD-->FR,AD-->FR,AD-->FR,AD-->FR,AD-->FR,AD-->FR,AD-->FR,AD-->FR,AD-->FR,AD-->FR,AD-->FR,AD-->FR,,,,,,,,,,,,,,,,,FR-->AD,FR-->AD,FR-->AD,FR-->AD,FR-->AD,FR-->AD,FR-->AD,FR-->AD,FR-->AD,FR-->AD,FR-->AD,FR-->AD,FR-->AD,FR-->AD,FR-->AD,FR-->AD,FR-->AD,FR-->AD,FR-->AD
AO,AGO,Angola,Luanda,Africa,Middle Africa,,AO-->FR,AO-->FR,AO-->FR,AO-->FR,AO-->FR,AO-->FR,AO-->FR,AO-->FR,AO-->FR,AO-->FR,AO-->FR,AO-->FR,AO-->FR,AO-->FR,AO-->FR,AO-->FR,AO-->FR,AO-->FR,AO-->FR,,,,,,,,,,,,,,,,,FR-->AO,FR-->AO,FR-->AO,FR-->AO,FR-->AO,FR-->AO,FR-->AO,FR-->AO,FR-->AO,FR-->AO,FR-->AO,FR-->AO,FR-->AO,FR-->AO,FR-->AO,FR-->AO,FR-->AO,FR-->AO,FR-->AO
AI,AIA,Anguilla,The Valley,Americas,Caribbean,,AI-->FR,AI-->FR,AI-->FR,AI-->FR,AI-->FR,AI-->FR,AI-->FR,AI-->FR,AI-->FR,AI-->FR,AI-->FR,AI-->FR,AI-->FR,AI-->FR,AI-->FR,AI-->FR,AI-->FR,AI-->FR,AI-->FR,,,,,,,,,,,,,,,,,FR-->AI,FR-->AI,FR-->AI,FR-->AI,FR-->AI,FR-->AI,FR-->AI,FR-->AI,FR-->AI,FR-->AI,FR-->AI,FR-->AI,FR-->AI,FR-->AI,FR-->AI,FR-->AI,FR-->AI,FR-->AI,FR-->AI
AQ,ATA,Antarctica,,Polar,,,AQ-->FR,AQ-->FR,AQ-->FR,AQ-->FR,AQ-->FR,AQ-->FR,AQ-->FR,AQ-->FR,AQ-->FR,AQ-->FR,AQ-->FR,AQ-->FR,AQ-->FR,AQ-->FR,AQ-->FR,AQ-->FR,AQ-->FR,AQ-->FR,AQ-->FR,,,,,,,,,,,,,,,,,FR-->AQ,FR-->AQ,FR-->AQ,FR-->AQ,FR-->AQ,FR-->AQ,FR-->AQ,FR-->AQ,FR-->AQ,FR-->AQ,FR-->AQ,FR-->AQ,FR-->AQ,FR-->AQ,FR-->AQ,FR-->AQ,FR-->AQ,FR-->AQ,FR-->AQ
AG,ATG,Antigua and Barbuda,Saint John's,Americas,Caribbean,,AG-->FR,AG-->FR,AG-->FR,AG-->FR,AG-->FR,AG-->FR,AG-->FR,AG-->FR,AG-->FR,AG-->FR,AG-->FR,AG-->FR,AG-->FR,AG-->FR,AG-->FR,AG-->FR,AG-->FR,AG-->FR,AG-->FR,,,,,,,,,,,,,,,,,FR-->AG,FR-->AG,FR-->AG,FR-->AG,FR-->AG,FR-->AG,FR-->AG,FR-->AG,FR-->AG,FR-->AG,FR-->AG,FR-->AG,FR-->AG,FR-->AG,FR-->AG,FR-->AG,FR-->AG,FR-->AG,FR-->AG
AR,ARG,Argentina,Buenos Aires,Americas,South America,,AR-->FR,AR-->FR,AR-->FR,AR-->FR,AR-->FR,AR-->FR,AR-->FR,AR-->FR,AR-->FR,AR-->FR,AR-->FR,AR-->FR,AR-->FR,AR-->FR,AR-->FR,AR-->FR,AR-->FR,AR-->FR,AR-->FR,,,,,,,,,,,,,,,,,FR-->AR,FR-->AR,FR-->AR,FR-->AR,FR-->AR,FR-->AR,FR-->AR,FR-->AR,FR-->AR,FR-->AR,FR-->AR,FR-->AR,FR-->AR,FR-->AR,FR-->AR,FR-->AR,FR-->AR,FR-->AR,FR-->AR
AM,ARM,Armenia,Yerevan,Asia,Western Asia,,AM-->FR,AM-->FR,AM-->FR,AM-->FR,AM-->FR,AM-->FR,AM-->FR,AM-->FR,AM-->FR,AM-->FR,AM-->FR,AM-->FR,AM-->FR,AM-->FR,AM-->FR,AM-->FR,AM-->FR,AM-->FR,AM-->FR,,,,,,,,,,,,,,,,,FR-->AM,FR-->AM,FR-->AM,FR-->AM,FR-->AM,FR-->AM,FR-->AM,FR-->AM,FR-->AM,FR-->AM,FR-->AM,FR-->AM,FR-->AM,FR-->AM,FR-->AM,FR-->AM,FR-->AM,FR-->AM,FR-->AM
AW,ABW,Aruba,Oranjestad,Americas,Caribbean,,AW-->FR,AW-->FR,AW-->FR,AW-->FR,AW-->FR,AW-->FR,AW-->FR,AW-->FR,AW-->FR,AW-->FR,AW-->FR,AW-->FR,AW-->FR,AW-->FR,AW-->FR,AW-->FR,AW-->FR,AW-->FR,AW-->FR,,,,,,,,,,,,,,,,,FR-->AW,FR-->AW,FR-->AW,FR-->AW,FR-->AW,FR-->AW,FR-->AW,FR-->AW,FR-->AW,FR-->AW,FR-->AW,FR-->AW,FR-->AW,FR-->AW,FR-->AW,FR-->AW,FR-->AW,FR-->AW,FR-->AW
AU,AUS,Australia,Canberra,Oceania,Australia and New Zealand,,AU-->FR,AU-->FR,AU-->FR,AU-->FR,AU-->FR,AU-->FR,AU-->FR,AU-->FR,AU-->FR,AU-->FR,AU-->FR,AU-->FR,AU-->FR,AU-->FR,AU-->FR,AU-->FR,AU-->FR,AU-->FR,AU-->FR,,,,,,,,,,,,,,,,,FR-->AU,FR-->AU,FR-->AU,FR-->AU,FR-->AU,FR-->AU,FR-->AU,FR-->AU,FR-->AU,FR-->AU,FR-->AU,FR-->AU,FR-->AU,FR-->AU,FR-->AU,FR-->AU,FR-->AU,FR-->AU,FR-->AU
AT,AUT,Austria,Vienna,Europe,Western Europe,,AT-->FR,AT-->FR,AT-->FR,AT-->FR,AT-->FR,AT-->FR,AT-->FR,AT-->FR,AT-->FR,AT-->FR,AT-->FR,AT-->FR,AT-->FR,AT-->FR,AT-->FR,AT-->FR,AT-->FR,AT-->FR,AT-->FR,,,,,,,,,,,,,,,,,FR-->AT,FR-->AT,FR-->AT,FR-->AT,FR-->AT,FR-->AT,FR-->AT,FR-->AT,FR-->AT,FR-->AT,FR-->AT,FR-->AT,FR-->AT,FR-->AT,FR-->AT,FR-->AT,FR-->AT,FR-->AT,FR-->AT
AZ,AZE,Azerbaijan,Baku,Asia,Western Asia,,AZ-->FR,AZ-->FR,AZ-->FR,AZ-->FR,AZ-->FR,AZ-->FR,AZ-->FR,AZ-->FR,AZ-->FR,AZ-->FR,AZ-->FR,AZ-->FR,AZ-->FR,AZ-->FR,AZ-->FR,AZ-->FR,AZ-->FR,AZ-->FR,AZ-->FR,,,,,,,,,,,,,,,,,FR-->AZ,FR-->AZ,FR-->AZ,FR-->AZ,FR-->AZ,FR-->AZ,FR-->AZ,FR-->AZ,FR-->AZ,FR-->AZ,FR-->AZ,FR-->AZ,FR-->AZ,FR-->AZ,FR-->AZ,FR-->AZ,FR-->AZ,FR-->AZ,FR-->AZ
BS,BHS,The Bahamas,Nassau,Americas,Caribbean,,BS-->FR,BS-->FR,BS-->FR,BS-->FR,BS-->FR,BS-->FR,BS-->FR,BS-->FR,BS-->FR,BS-->FR,BS-->FR,BS-->FR,BS-->FR,BS-->FR,BS-->FR,BS-->FR,BS-->FR,BS-->FR,BS-->FR,,,,,,,,,,,,,,,,,FR-->BS,FR-->BS,FR-->BS,FR-->BS,FR-->BS,FR-->BS,FR-->BS,FR-->BS,FR-->BS,FR-->BS,FR-->BS,FR-->BS,FR-->BS,FR-->BS,FR-->BS,FR-->BS,FR-->BS,FR-->BS,FR-->BS
BH,BHR,Bahrain,Manama,Asia,Western Asia,,BH-->FR,BH-->FR,BH-->FR,BH-->FR,BH-->FR,BH-->FR,BH-->FR,BH-->FR,BH-->FR,BH-->FR,BH-->FR,BH-->FR,BH-->FR,BH-->FR,BH-->FR,BH-->FR,BH-->FR,BH-->FR,BH-->FR,,,,,,,,,,,,,,,,,FR-->BH,FR-->BH,FR-->BH,FR-->BH,FR-->BH,FR-->BH,FR-->BH,FR-->BH,FR-->BH,FR-->BH,FR-->BH,FR-->BH,FR-->BH,FR-->BH,FR-->BH,FR-->BH,FR-->BH,FR-->BH,FR-->BH
BD,BGD,Bangladesh,Dhaka,Asia,Southern Asia,,BD-->FR,BD-->FR,BD-->FR,BD-->FR,BD-->FR,BD-->FR,BD-->FR,BD-->FR,BD-->FR,BD-->FR,BD-->FR,BD-->FR,BD-->FR,BD-->FR,BD-->FR,BD-->FR,BD-->FR,BD-->FR,BD-->FR,,,,,,,,,,,,,,,,,FR-->BD,FR-->BD,FR-->BD,FR-->BD,FR-->BD,FR-->BD,FR-->BD,FR-->BD,FR-->BD,FR-->BD,FR-->BD,FR-->BD,FR-->BD,FR-->BD,FR-->BD,FR-->BD,FR-->BD,FR-->BD,FR-->BD
BB,BRB,Barbados,Bridgetown,Americas,Caribbean,,BB-->FR,BB-->FR,BB-->FR,BB-->FR,BB-->FR,BB-->FR,BB-->FR,BB-->FR,BB-->FR,BB-->FR,BB-->FR,BB-->FR,BB-->FR,BB-->FR,BB-->FR,BB-->FR,BB-->FR,BB-->FR,BB-->FR,,,,,,,,,,,,,,,,,FR-->BB,FR-->BB,FR-->BB,FR-->BB,FR-->BB,FR-->BB,FR-->BB,FR-->BB,FR-->BB,FR-->BB,FR-->BB,FR-->BB,FR-->BB,FR-->BB,FR-->BB,FR-->BB,FR-->BB,FR-->BB,FR-->BB
BY,BLR,Belarus,Minsk,Europe,Eastern Europe,,BY-->FR,BY-->FR,BY-->FR,BY-->FR,BY-->FR,BY-->FR,BY-->FR,BY-->FR,BY-->FR,BY-->FR,BY-->FR,BY-->FR,BY-->FR,BY-->FR,BY-->FR,BY-->FR,BY-->FR,BY-->FR,BY-->FR,,,,,,,,,,,,,,,,,FR-->BY,FR-->BY,FR-->BY,FR-->BY,FR-->BY,FR-->BY,FR-->BY,FR-->BY,FR-->BY,FR-->BY,FR-->BY,FR-->BY,FR-->BY,FR-->BY,FR-->BY,FR-->BY,FR-->BY,FR-->BY,FR-->BY
BE,BEL,Belgium,Brussels,Europe,Western Europe,,BE-->FR,BE-->FR,BE-->FR,BE-->FR,BE-->FR,BE-->FR,BE-->FR,BE-->FR,BE-->FR,BE-->FR,BE-->FR,BE-->FR,BE-->FR,BE-->FR,BE-->FR,BE-->FR,BE-->FR,BE-->FR,BE-->FR,,,,,,,,,,,,,,,,,FR-->BE,FR-->BE,FR-->BE,FR-->BE,FR-->BE,FR-->BE,FR-->BE,FR-->BE,FR-->BE,FR-->BE,FR-->BE,FR-->BE,FR-->BE,FR-->BE,FR-->BE,FR-->BE,FR-->BE,FR-->BE,FR-->BE
BZ,BLZ,Belize,Belmopan,Americas,Central America,,BZ-->FR,BZ-->FR,BZ-->FR,BZ-->FR,BZ-->FR,BZ-->FR,BZ-->FR,BZ-->FR,BZ-->FR,BZ-->FR,BZ-->FR,BZ-->FR,BZ-->FR,BZ-->FR,BZ-->FR,BZ-->FR,BZ-->FR,BZ-->FR,BZ-->FR,,,,,,,,,,,,,,,,,FR-->BZ,FR-->BZ,FR-->BZ,FR-->BZ,FR-->BZ,FR-->BZ,FR-->BZ,FR-->BZ,FR-->BZ,FR-->BZ,FR-->BZ,FR-->BZ,FR-->BZ,FR-->BZ,FR-->BZ,FR-->BZ,FR-->BZ,FR-->BZ,FR-->BZ
BJ,BEN,Benin,Porto-Novo,Africa,Western Africa,,BJ-->FR,BJ-->FR,BJ-->FR,BJ-->FR,BJ-->FR,BJ-->FR,BJ-->FR,BJ-->FR,BJ-->FR,BJ-->FR,BJ-->FR,BJ-->FR,BJ-->FR,BJ-->FR,BJ-->FR,BJ-->FR,BJ-->FR,BJ-->FR,BJ-->FR,,,,,,,,,,,,,,,,,FR-->BJ,FR-->BJ,FR-->BJ,FR-->BJ,FR-->BJ,FR-->BJ,FR-->BJ,FR-->BJ,FR-->BJ,FR-->BJ,FR-->BJ,FR-->BJ,FR-->BJ,FR-->BJ,FR-->BJ,FR-->BJ,FR-->BJ,FR-->BJ,FR-->BJ
BM,BMU,Bermuda,Hamilton,Americas,Northern America,,BM-->FR,BM-->FR,BM-->FR,BM-->FR,BM-->FR,BM-->FR,BM-->FR,BM-->FR,BM-->FR,BM-->FR,BM-->FR,BM-->FR,BM-->FR,BM-->FR,BM-->FR,BM-->FR,BM-->FR,BM-->FR,BM-->FR,,,,,,,,,,,,,,,,,FR-->BM,FR-->BM,FR-->BM,FR-->BM,FR-->BM,FR-->BM,FR-->BM,FR-->BM,FR-->BM,FR-->BM,FR-->BM,FR-->BM,FR-->BM,FR-->BM,FR-->BM,FR-->BM,FR-->BM,FR-->BM,FR-->BM
BT,BTN,Bhutan,Thimphu,Asia,Southern Asia,,BT-->FR,BT-->FR,BT-->FR,BT-->FR,BT-->FR,BT-->FR,BT-->FR,BT-->FR,BT-->FR,BT-->FR,BT-->FR,BT-->FR,BT-->FR,BT-->FR,BT-->FR,BT-->FR,BT-->FR,BT-->FR,BT-->FR,,,,,,,,,,,,,,,,,FR-->BT,FR-->BT,FR-->BT,FR-->BT,FR-->BT,FR-->BT,FR-->BT,FR-->BT,FR-->BT,FR-->BT,FR-->BT,FR-->BT,FR-->BT,FR-->BT,FR-->BT,FR-->BT,FR-->BT,FR-->BT,FR-->BT
BO,BOL,Bolivia,Sucre,Americas,South America,,BO-->FR,BO-->FR,BO-->FR,BO-->FR,BO-->FR,BO-->FR,BO-->FR,BO-->FR,BO-->FR,BO-->FR,BO-->FR,BO-->FR,BO-->FR,BO-->FR,BO-->FR,BO-->FR,BO-->FR,BO-->FR,BO-->FR,,,,,,,,,,,,,,,,,FR-->BO,FR-->BO,FR-->BO,FR-->BO,FR-->BO,FR-->BO,FR-->BO,FR-->BO,FR-->BO,FR-->BO,FR-->BO,FR-->BO,FR-->BO,FR-->BO,FR-->BO,FR-->BO,FR-->BO,FR-->BO,FR-->BO
BQ,BES,Bonaire,Kralendijk,Americas,Caribbean,,BQ-->FR,BQ-->FR,BQ-->FR,BQ-->FR,BQ-->FR,BQ-->FR,BQ-->FR,BQ-->FR,BQ-->FR,BQ-->FR,BQ-->FR,BQ-->FR,BQ-->FR,BQ-->FR,BQ-->FR,BQ-->FR,BQ-->FR,BQ-->FR,BQ-->FR,,,,,,,,,,,,,,,,,FR-->BQ,FR-->BQ,FR-->BQ,FR-->BQ,FR-->BQ,FR-->BQ,FR-->BQ,FR-->BQ,FR-->BQ,FR-->BQ,FR-->BQ,FR-->BQ,FR-->BQ,FR-->BQ,FR-->BQ,FR-->BQ,FR-->BQ,FR-->BQ,FR-->BQ
BA,BIH,Bosnia and Herzegovina,Sarajevo,Europe,Southern Europe,,BA-->FR,BA-->FR,BA-->FR,BA-->FR,BA-->FR,BA-->FR,BA-->FR,BA-->FR,BA-->FR,BA-->FR,BA-->FR,BA-->FR,BA-->FR,BA-->FR,BA-->FR,BA-->FR,BA-->FR,BA-->FR,BA-->FR,,,,,,,,,,,,,,,,,FR-->BA,FR-->BA,FR-->BA,FR-->BA,FR-->BA,FR-->BA,FR-->BA,FR-->BA,FR-->BA,FR-->BA,FR-->BA,FR-->BA,FR-->BA,FR-->BA,FR-->BA,FR-->BA,FR-->BA,FR-->BA,FR-->BA
BW,BWA,Botswana,Gaborone,Africa,Southern Africa,,BW-->FR,BW-->FR,BW-->FR,BW-->FR,BW-->FR,BW-->FR,BW-->FR,BW-->FR,BW-->FR,BW-->FR,BW-->FR,BW-->FR,BW-->FR,BW-->FR,BW-->FR,BW-->FR,BW-->FR,BW-->FR,BW-->FR,,,,,,,,,,,,,,,,,FR-->BW,FR-->BW,FR-->BW,FR-->BW,FR-->BW,FR-->BW,FR-->BW,FR-->BW,FR-->BW,FR-->BW,FR-->BW,FR-->BW,FR-->BW,FR-->BW,FR-->BW,FR-->BW,FR-->BW,FR-->BW,FR-->BW
BV,BVT,Bouvet Island,,,,,BV-->FR,BV-->FR,BV-->FR,BV-->FR,BV-->FR,BV-->FR,BV-->FR,BV-->FR,BV-->FR,BV-->FR,BV-->FR,BV-->FR,BV-->FR,BV-->FR,BV-->FR,BV-->FR,BV-->FR,BV-->FR,BV-->FR,,,,,,,,,,,,,,,,,FR-->BV,FR-->BV,FR-->BV,FR-->BV,FR-->BV,FR-->BV,FR-->BV,FR-->BV,FR-->BV,FR-->BV,FR-->BV,FR-->BV,FR-->BV,FR-->BV,FR-->BV,FR-->BV,FR-->BV,FR-->BV,FR-->BV
BR,BRA,Brazil,Brasília,Americas,South America,,BR-->FR,BR-->FR,BR-->FR,BR-->FR,BR-->FR,BR-->FR,BR-->FR,BR-->FR,BR-->FR,BR-->FR,BR-->FR,BR-->FR,BR-->FR,BR-->FR,BR-->FR,BR-->FR,BR-->FR,BR-->FR,BR-->FR,,,,,,,,,,,,,,,,,FR-->BR,FR-->BR,FR-->BR,FR-->BR,FR-->BR,FR-->BR,FR-->BR,FR-->BR,FR-->BR,FR-->BR,FR-->BR,FR-->BR,FR-->BR,FR-->BR,FR-->BR,FR-->BR,FR-->BR,FR-->BR,FR-->BR
IO,IOT,British Indian Ocean Territory,Diego Garcia,Africa,Eastern Africa,,IO-->FR,IO-->FR,IO-->FR,IO-->FR,IO-->FR,IO-->FR,IO-->FR,IO-->FR,IO-->FR,IO-->FR,IO-->FR,IO-->FR,IO-->FR,IO-->FR,IO-->FR,IO-->FR,IO-->FR,IO-->FR,IO-->FR,,,,,,,,,,,,,,,,,FR-->IO,FR-->IO,FR-->IO,FR-->IO,FR-->IO,FR-->IO,FR-->IO,FR-->IO,FR-->IO,FR-->IO,FR-->IO,FR-->IO,FR-->IO,FR-->IO,FR-->IO,FR-->IO,FR-->IO,FR-->IO,FR-->IO
UM,UMI,United States Minor Outlying Islands,,Americas,Northern America,,UM-->FR,UM-->FR,UM-->FR,UM-->FR,UM-->FR,UM-->FR,UM-->FR,UM-->FR,UM-->FR,UM-->FR,UM-->FR,UM-->FR,UM-->FR,UM-->FR,UM-->FR,UM-->FR,UM-->FR,UM-->FR,UM-->FR,,,,,,,,,,,,,,,,,FR-->UM,FR-->UM,FR-->UM,FR-->UM,FR-->UM,FR-->UM,FR-->UM,FR-->UM,FR-->UM,FR-->UM,FR-->UM,FR-->UM,FR-->UM,FR-->UM,FR-->UM,FR-->UM,FR-->UM,FR-->UM,FR-->UM
VG,VGB,Virgin Islands (British),Road Town,Americas,Caribbean,,VG-->FR,VG-->FR,VG-->FR,VG-->FR,VG-->FR,VG-->FR,VG-->FR,VG-->FR,VG-->FR,VG-->FR,VG-->FR,VG-->FR,VG-->FR,VG-->FR,VG-->FR,VG-->FR,VG-->FR,VG-->FR,VG-->FR,,,,,,,,,,,,,,,,,FR-->VG,FR-->VG,FR-->VG,FR-->VG,FR-->VG,FR-->VG,FR-->VG,FR-->VG,FR-->VG,FR-->VG,FR-->VG,FR-->VG,FR-->VG,FR-->VG,FR-->VG,FR-->VG,FR-->VG,FR-->VG,FR-->VG
VI,VIR,Virgin Islands (U.S.),Charlotte Amalie,Americas,Caribbean,,VI-->FR,VI-->FR,VI-->FR,VI-->FR,VI-->FR,VI-->FR,VI-->FR,VI-->FR,VI-->FR,VI-->FR,VI-->FR,VI-->FR,VI-->FR,VI-->FR,VI-->FR,VI-->FR,VI-->FR,VI-->FR,VI-->FR,,,,,,,,,,,,,,,,,FR-->VI,FR-->VI,FR-->VI,FR-->VI,FR-->VI,FR-->VI,FR-->VI,FR-->VI,FR-->VI,FR-->VI,FR-->VI,FR-->VI,FR-->VI,FR-->VI,FR-->VI,FR-->VI,FR-->VI,FR-->VI,FR-->VI
BN,BRN,Brunei,Bandar Seri Begawan,Asia,South-Eastern Asia,,BN-->FR,BN-->FR,BN-->FR,BN-->FR,BN-->FR,BN-->FR,BN-->FR,BN-->FR,BN-->FR,BN-->FR,BN-->FR,BN-->FR,BN-->FR,BN-->FR,BN-->FR,BN-->FR,BN-->FR,BN-->FR,BN-->FR,,,,,,,,,,,,,,,,,FR-->BN,FR-->BN,FR-->BN,FR-->BN,FR-->BN,FR-->BN,FR-->BN,FR-->BN,FR-->BN,FR-->BN,FR-->BN,FR-->BN,FR-->BN,FR-->BN,FR-->BN,FR-->BN,FR-->BN,FR-->BN,FR-->BN
BG,BGR,Bulgaria,Sofia,Europe,Eastern Europe,,BG-->FR,BG-->FR,BG-->FR,BG-->FR,BG-->FR,BG-->FR,BG-->FR,BG-->FR,BG-->FR,BG-->FR,BG-->FR,BG-->FR,BG-->FR,BG-->FR,BG-->FR,BG-->FR,BG-->FR,BG-->FR,BG-->FR,,,,,,,,,,,,,,,,,FR-->BG,FR-->BG,FR-->BG,FR-->BG,FR-->BG,FR-->BG,FR-->BG,FR-->BG,FR-->BG,FR-->BG,FR-->BG,FR-->BG,FR-->BG,FR-->BG,FR-->BG,FR-->BG,FR-->BG,FR-->BG,FR-->BG
BF,BFA,Burkina Faso,Ouagadougou,Africa,Western Africa,,BF-->FR,BF-->FR,BF-->FR,BF-->FR,BF-->FR,BF-->FR,BF-->FR,BF-->FR,BF-->FR,BF-->FR,BF-->FR,BF-->FR,BF-->FR,BF-->FR,BF-->FR,BF-->FR,BF-->FR,BF-->FR,BF-->FR,,,,,,,,,,,,,,,,,FR-->BF,FR-->BF,FR-->BF,FR-->BF,FR-->BF,FR-->BF,FR-->BF,FR-->BF,FR-->BF,FR-->BF,FR-->BF,FR-->BF,FR-->BF,FR-->BF,FR-->BF,FR-->BF,FR-->BF,FR-->BF,FR-->BF
BI,BDI,Burundi,Bujumbura,Africa,Eastern Africa,,BI-->FR,BI-->FR,BI-->FR,BI-->FR,BI-->FR,BI-->FR,BI-->FR,BI-->FR,BI-->FR,BI-->FR,BI-->FR,BI-->FR,BI-->FR,BI-->FR,BI-->FR,BI-->FR,BI-->FR,BI-->FR,BI-->FR,,,,,,,,,,,,,,,,,FR-->BI,FR-->BI,FR-->BI,FR-->BI,FR-->BI,FR-->BI,FR-->BI,FR-->BI,FR-->BI,FR-->BI,FR-->BI,FR-->BI,FR-->BI,FR-->BI,FR-->BI,FR-->BI,FR-->BI,FR-->BI,FR-->BI
KH,KHM,Cambodia,Phnom Penh,Asia,South-Eastern Asia,,KH-->FR,KH-->FR,KH-->FR,KH-->FR,KH-->FR,KH-->FR,KH-->FR,KH-->FR,KH-->FR,KH-->FR,KH-->FR,KH-->FR,KH-->FR,KH-->FR,KH-->FR,KH-->FR,KH-->FR,KH-->FR,KH-->FR,,,,,,,,,,,,,,,,,FR-->KH,FR-->KH,FR-->KH,FR-->KH,FR-->KH,FR-->KH,FR-->KH,FR-->KH,FR-->KH,FR-->KH,FR-->KH,FR-->KH,FR-->KH,FR-->KH,FR-->KH,FR-->KH,FR-->KH,FR-->KH,FR-->KH
CM,CMR,Cameroon,Yaoundé,Africa,Middle Africa,,CM-->FR,CM-->FR,CM-->FR,CM-->FR,CM-->FR,CM-->FR,CM-->FR,CM-->FR,CM-->FR,CM-->FR,CM-->FR,CM-->FR,CM-->FR,CM-->FR,CM-->FR,CM-->FR,CM-->FR,CM-->FR,CM-->FR,,,,,,,,,,,,,,,,,FR-->CM,FR-->CM,FR-->CM,FR-->CM,FR-->CM,FR-->CM,FR-->CM,FR-->CM,FR-->CM,FR-->CM,FR-->CM,FR-->CM,FR-->CM,FR-->CM,FR-->CM,FR-->CM,FR-->CM,FR-->CM,FR-->CM
CA,CAN,Canada,Ottawa,Americas,Northern America,,CA-->FR,CA-->FR,CA-->FR,CA-->FR,CA-->FR,CA-->FR,CA-->FR,CA-->FR,CA-->FR,CA-->FR,CA-->FR,CA-->FR,CA-->FR,CA-->FR,CA-->FR,CA-->FR,CA-->FR,CA-->FR,CA-->FR,,,,,,,,,,,,,,,,,FR-->CA,FR-->CA,FR-->CA,FR-->CA,FR-->CA,FR-->CA,FR-->CA,FR-->CA,FR-->CA,FR-->CA,FR-->CA,FR-->CA,FR-->CA,FR-->CA,FR-->CA,FR-->CA,FR-->CA,FR-->CA,FR-->CA
CV,CPV,Cape Verde,Praia,Africa,Western Africa,,CV-->FR,CV-->FR,CV-->FR,CV-->FR,CV-->FR,CV-->FR,CV-->FR,CV-->FR,CV-->FR,CV-->FR,CV-->FR,CV-->FR,CV-->FR,CV-->FR,CV-->FR,CV-->FR,CV-->FR,CV-->FR,CV-->FR,,,,,,,,,,,,,,,,,FR-->CV,FR-->CV,FR-->CV,FR-->CV,FR-->CV,FR-->CV,FR-->CV,FR-->CV,FR-->CV,FR-->CV,FR-->CV,FR-->CV,FR-->CV,FR-->CV,FR-->CV,FR-->CV,FR-->CV,FR-->CV,FR-->CV
KY,CYM,Cayman Islands,George Town,Americas,Caribbean,,KY-->FR,KY-->FR,KY-->FR,KY-->FR,KY-->FR,KY-->FR,KY-->FR,KY-->FR,KY-->FR,KY-->FR,KY-->FR,KY-->FR,KY-->FR,KY-->FR,KY-->FR,KY-->FR,KY-->FR,KY-->FR,KY-->FR,,,,,,,,,,,,,,,,,FR-->KY,FR-->KY,FR-->KY,FR-->KY,FR-->KY,FR-->KY,FR-->KY,FR-->KY,FR-->KY,FR-->KY,FR-->KY,FR-->KY,FR-->KY,FR-->KY,FR-->KY,FR-->KY,FR-->KY,FR-->KY,FR-->KY
CF,CAF,Central African Republic,Bangui,Africa,Middle Africa,,CF-->FR,CF-->FR,CF-->FR,CF-->FR,CF-->FR,CF-->FR,CF-->FR,CF-->FR,CF-->FR,CF-->FR,CF-->FR,CF-->FR,CF-->FR,CF-->FR,CF-->FR,CF-->FR,CF-->FR,CF-->FR,CF-->FR,,,,,,,,,,,,,,,,,FR-->CF,FR-->CF,FR-->CF,FR-->CF,FR-->CF,FR-->CF,FR-->CF,FR-->CF,FR-->CF,FR-->CF,FR-->CF,FR-->CF,FR-->CF,FR-->CF,FR-->CF,FR-->CF,FR-->CF,FR-->CF,FR-->CF
TD,TCD,Chad,N'Djamena,Africa,Middle Africa,,TD-->FR,TD-->FR,TD-->FR,TD-->FR,TD-->FR,TD-->FR,TD-->FR,TD-->FR,TD-->FR,TD-->FR,TD-->FR,TD-->FR,TD-->FR,TD-->FR,TD-->FR,TD-->FR,TD-->FR,TD-->FR,TD-->FR,,,,,,,,,,,,,,,,,FR-->TD,FR-->TD,FR-->TD,FR-->TD,FR-->TD,FR-->TD,FR-->TD,FR-->TD,FR-->TD,FR-->TD,FR-->TD,FR-->TD,FR-->TD,FR-->TD,FR-->TD,FR-->TD,FR-->TD,FR-->TD,FR-->TD
CL,CHL,Chile,Santiago,Americas,South America,,CL-->FR,CL-->FR,CL-->FR,CL-->FR,CL-->FR,CL-->FR,CL-->FR,CL-->FR,CL-->FR,CL-->FR,CL-->FR,CL-->FR,CL-->FR,CL-->FR,CL-->FR,CL-->FR,CL-->FR,CL-->FR,CL-->FR,,,,,,,,,,,,,,,,,FR-->CL,FR-->CL,FR-->CL,FR-->CL,FR-->CL,FR-->CL,FR-->CL,FR-->CL,FR-->CL,FR-->CL,FR-->CL,FR-->CL,FR-->CL,FR-->CL,FR-->CL,FR-->CL,FR-->CL,FR-->CL,FR-->CL
CN,CHN,China,Beijing,Asia,Eastern Asia,,CN-->FR,CN-->FR,CN-->FR,CN-->FR,CN-->FR,CN-->FR,CN-->FR,CN-->FR,CN-->FR,CN-->FR,CN-->FR,CN-->FR,CN-->FR,CN-->FR,CN-->FR,CN-->FR,CN-->FR,CN-->FR,CN-->FR,,,,,,,,,,,,,,,,,FR-->CN,FR-->CN,FR-->CN,FR-->CN,FR-->CN,FR-->CN,FR-->CN,FR-->CN,FR-->CN,FR-->CN,FR-->CN,FR-->CN,FR-->CN,FR-->CN,FR-->CN,FR-->CN,FR-->CN,FR-->CN,FR-->CN
CX,CXR,Christmas Island,Flying Fish Cove,Oceania,Australia and New Zealand,,CX-->FR,CX-->FR,CX-->FR,CX-->FR,CX-->FR,CX-->FR,CX-->FR,CX-->FR,CX-->FR,CX-->FR,CX-->FR,CX-->FR,CX-->FR,CX-->FR,CX-->FR,CX-->FR,CX-->FR,CX-->FR,CX-->FR,,,,,,,,,,,,,,,,,FR-->CX,FR-->CX,FR-->CX,FR-->CX,FR-->CX,FR-->CX,FR-->CX,FR-->CX,FR-->CX,FR-->CX,FR-->CX,FR-->CX,FR-->CX,FR-->CX,FR-->CX,FR-->CX,FR-->CX,FR-->CX,FR-->CX
CC,CCK,Cocos (Keeling) Islands,West Island,Oceania,Australia and New Zealand,,CC-->FR,CC-->FR,CC-->FR,CC-->FR,CC-->FR,CC-->FR,CC-->FR,CC-->FR,CC-->FR,CC-->FR,CC-->FR,CC-->FR,CC-->FR,CC-->FR,CC-->FR,CC-->FR,CC-->FR,CC-->FR,CC-->FR,,,,,,,,,,,,,,,,,FR-->CC,FR-->CC,FR-->CC,FR-->CC,FR-->CC,FR-->CC,FR-->CC,FR-->CC,FR-->CC,FR-->CC,FR-->CC,FR-->CC,FR-->CC,FR-->CC,FR-->CC,FR-->CC,FR-->CC,FR-->CC,FR-->CC
CO,COL,Colombia,Bogotá,Americas,South America,,CO-->FR,CO-->FR,CO-->FR,CO-->FR,CO-->FR,CO-->FR,CO-->FR,CO-->FR,CO-->FR,CO-->FR,CO-->FR,CO-->FR,CO-->FR,CO-->FR,CO-->FR,CO-->FR,CO-->FR,CO-->FR,CO-->FR,,,,,,,,,,,,,,,,,FR-->CO,FR-->CO,FR-->CO,FR-->CO,FR-->CO,FR-->CO,FR-->CO,FR-->CO,FR-->CO,FR-->CO,FR-->CO,FR-->CO,FR-->CO,FR-->CO,FR-->CO,FR-->CO,FR-->CO,FR-->CO,FR-->CO
KM,COM,Comoros,Moroni,Africa,Eastern Africa,,KM-->FR,KM-->FR,KM-->FR,KM-->FR,KM-->FR,KM-->FR,KM-->FR,KM-->FR,KM-->FR,KM-->FR,KM-->FR,KM-->FR,KM-->FR,KM-->FR,KM-->FR,KM-->FR,KM-->FR,KM-->FR,KM-->FR,,,,,,,,,,,,,,,,,FR-->KM,FR-->KM,FR-->KM,FR-->KM,FR-->KM,FR-->KM,FR-->KM,FR-->KM,FR-->KM,FR-->KM,FR-->KM,FR-->KM,FR-->KM,FR-->KM,FR-->KM,FR-->KM,FR-->KM,FR-->KM,FR-->KM
CG,COG,Republic of the Congo,Brazzaville,Africa,Middle Africa,,CG-->FR,CG-->FR,CG-->FR,CG-->FR,CG-->FR,CG-->FR,CG-->FR,CG-->FR,CG-->FR,CG-->FR,CG-->FR,CG-->FR,CG-->FR,CG-->FR,CG-->FR,CG-->FR,CG-->FR,CG-->FR,CG-->FR,,,,,,,,,,,,,,,,,FR-->CG,FR-->CG,FR-->CG,FR-->CG,FR-->CG,FR-->CG,FR-->CG,FR-->CG,FR-->CG,FR-->CG,FR-->CG,FR-->CG,FR-->CG,FR-->CG,FR-->CG,FR-->CG,FR-->CG,FR-->CG,FR-->CG
CD,COD,Democratic Republic of the Congo,Kinshasa,Africa,Middle Africa,,CD-->FR,CD-->FR,CD-->FR,CD-->FR,CD-->FR,CD-->FR,CD-->FR,CD-->FR,CD-->FR,CD-->FR,CD-->FR,CD-->FR,CD-->FR,CD-->FR,CD-->FR,CD-->FR,CD-->FR,CD-->FR,CD-->FR,,,,,,,,,,,,,,,,,FR-->CD,FR-->CD,FR-->CD,FR-->CD,FR-->CD,FR-->CD,FR-->CD,FR-->CD,FR-->CD,FR-->CD,FR-->CD,FR-->CD,FR-->CD,FR-->CD,FR-->CD,FR-->CD,FR-->CD,FR-->CD,FR-->CD
CK,COK,Cook Islands,Avarua,Oceania,Polynesia,,CK-->FR,CK-->FR,CK-->FR,CK-->FR,CK-->FR,CK-->FR,CK-->FR,CK-->FR,CK-->FR,CK-->FR,CK-->FR,CK-->FR,CK-->FR,CK-->FR,CK-->FR,CK-->FR,CK-->FR,CK-->FR,CK-->FR,,,,,,,,,,,,,,,,,FR-->CK,FR-->CK,FR-->CK,FR-->CK,FR-->CK,FR-->CK,FR-->CK,FR-->CK,FR-->CK,FR-->CK,FR-->CK,FR-->CK,FR-->CK,FR-->CK,FR-->CK,FR-->CK,FR-->CK,FR-->CK,FR-->CK
CR,CRI,Costa Rica,San José,Americas,Central America,,CR-->FR,CR-->FR,CR-->FR,CR-->FR,CR-->FR,CR-->FR,CR-->FR,CR-->FR,CR-->FR,CR-->FR,CR-->FR,CR-->FR,CR-->FR,CR-->FR,CR-->FR,CR-->FR,CR-->FR,CR-->FR,CR-->FR,,,,,,,,,,,,,,,,,FR-->CR,FR-->CR,FR-->CR,FR-->CR,FR-->CR,FR-->CR,FR-->CR,FR-->CR,FR-->CR,FR-->CR,FR-->CR,FR-->CR,FR-->CR,FR-->CR,FR-->CR,FR-->CR,FR-->CR,FR-->CR,FR-->CR
HR,HRV,Croatia,Zagreb,Europe,Southern Europe,,HR-->FR,HR-->FR,HR-->FR,HR-->FR,HR-->FR,HR-->FR,HR-->FR,HR-->FR,HR-->FR,HR-->FR,HR-->FR,HR-->FR,HR-->FR,HR-->FR,HR-->FR,HR-->FR,HR-->FR,HR-->FR,HR-->FR,,,,,,,,,,,,,,,,,FR-->HR,FR-->HR,FR-->HR,FR-->HR,FR-->HR,FR-->HR,FR-->HR,FR-->HR,FR-->HR,FR-->HR,FR-->HR,FR-->HR,FR-->HR,FR-->HR,FR-->HR,FR-->HR,FR-->HR,FR-->HR,FR-->HR
CU,CUB,Cuba,Havana,Americas,Caribbean,,CU-->FR,CU-->FR,CU-->FR,CU-->FR,CU-->FR,CU-->FR,CU-->FR,CU-->FR,CU-->FR,CU-->FR,CU-->FR,CU-->FR,CU-->FR,CU-->FR,CU-->FR,CU-->FR,CU-->FR,CU-->FR,CU-->FR,,,,,,,,,,,,,,,,,FR-->CU,FR-->CU,FR-->CU,FR-->CU,FR-->CU,FR-->CU,FR-->CU,FR-->CU,FR-->CU,FR-->CU,FR-->CU,FR-->CU,FR-->CU,FR-->CU,FR-->CU,FR-->CU,FR-->CU,FR-->CU,FR-->CU
CW,CUW,Curaçao,Willemstad,Americas,Caribbean,,CW-->FR,CW-->FR,CW-->FR,CW-->FR,CW-->FR,CW-->FR,CW-->FR,CW-->FR,CW-->FR,CW-->FR,CW-->FR,CW-->FR,CW-->FR,CW-->FR,CW-->FR,CW-->FR,CW-->FR,CW-->FR,CW-->FR,,,,,,,,,,,,,,,,,FR-->CW,FR-->CW,FR-->CW,FR-->CW,FR-->CW,FR-->CW,FR-->CW,FR-->CW,FR-->CW,FR-->CW,FR-->CW,FR-->CW,FR-->CW,FR-->CW,FR-->CW,FR-->CW,FR-->CW,FR-->CW,FR-->CW
CY,CYP,Cyprus,Nicosia,Europe,Southern Europe,,CY-->FR,CY-->FR,CY-->FR,CY-->FR,CY-->FR,CY-->FR,CY-->FR,CY-->FR,CY-->FR,CY-->FR,CY-->FR,CY-->FR,CY-->FR,CY-->FR,CY-->FR,CY-->FR,CY-->FR,CY-->FR,CY-->FR,,,,,,,,,,,,,,,,,FR-->CY,FR-->CY,FR-->CY,FR-->CY,FR-->CY,FR-->CY,FR-->CY,FR-->CY,FR-->CY,FR-->CY,FR-->CY,FR-->CY,FR-->CY,FR-->CY,FR-->CY,FR-->CY,FR-->CY,FR-->CY,FR-->CY
CZ,CZE,Czech Republic,Prague,Europe,Eastern Europe,,CZ-->FR,CZ-->FR,CZ-->FR,CZ-->FR,CZ-->FR,CZ-->FR,CZ-->FR,CZ-->FR,CZ-->FR,CZ-->FR,CZ-->FR,CZ-->FR,CZ-->FR,CZ-->FR,CZ-->FR,CZ-->FR,CZ-->FR,CZ-->FR,CZ-->FR,,,,,,,,,,,,,,,,,FR-->CZ,FR-->CZ,FR-->CZ,FR-->CZ,FR-->CZ,FR-->CZ,FR-->CZ,FR-->CZ,FR-->CZ,FR-->CZ,FR-->CZ,FR-->CZ,FR-->CZ,FR-->CZ,FR-->CZ,FR-->CZ,FR-->CZ,FR-->CZ,FR-->CZ
DK,DNK,Denmark,Copenhagen,Europe,Northern Europe,,DK-->FR,DK-->FR,DK-->FR,DK-->FR,DK-->FR,DK-->FR,DK-->FR,DK-->FR,DK-->FR,DK-->FR,DK-->FR,DK-->FR,DK-->FR,DK-->FR,DK-->FR,DK-->FR,DK-->FR,DK-->FR,DK-->FR,,,,,,,,,,,,,,,,,FR-->DK,FR-->DK,FR-->DK,FR-->DK,FR-->DK,FR-->DK,FR-->DK,FR-->DK,FR-->DK,FR-->DK,FR-->DK,FR-->DK,FR-->DK,FR-->DK,FR-->DK,FR-->DK,FR-->DK,FR-->DK,FR-->DK
DJ,DJI,Djibouti,Djibouti,Africa,Eastern Africa,,DJ-->FR,DJ-->FR,DJ-->FR,DJ-->FR,DJ-->FR,DJ-->FR,DJ-->FR,DJ-->FR,DJ-->FR,DJ-->FR,DJ-->FR,DJ-->FR,DJ-->FR,DJ-->FR,DJ-->FR,DJ-->FR,DJ-->FR,DJ-->FR,DJ-->FR,,,,,,,,,,,,,,,,,FR-->DJ,FR-->DJ,FR-->DJ,FR-->DJ,FR-->DJ,FR-->DJ,FR-->DJ,FR-->DJ,FR-->DJ,FR-->DJ,FR-->DJ,FR-->DJ,FR-->DJ,FR-->DJ,FR-->DJ,FR-->DJ,FR-->DJ,FR-->DJ,FR-->DJ
DM,DMA,Dominica,Roseau,Americas,Caribbean,,DM-->FR,DM-->FR,DM-->FR,DM-->FR,DM-->FR,DM-->FR,DM-->FR,DM-->FR,DM-->FR,DM-->FR,DM-->FR,DM-->FR,DM-->FR,DM-->FR,DM-->FR,DM-->FR,DM-->FR,DM-->FR,DM-->FR,,,,,,,,,,,,,,,,,FR-->DM,FR-->DM,FR-->DM,FR-->DM,FR-->DM,FR-->DM,FR-->DM,FR-->DM,FR-->DM,FR-->DM,FR-->DM,FR-->DM,FR-->DM,FR-->DM,FR-->DM,FR-->DM,FR-->DM,FR-->DM,FR-->DM
DO,DOM,Dominican Republic,Santo Domingo,Americas,Caribbean,,DO-->FR,DO-->FR,DO-->FR,DO-->FR,DO-->FR,DO-->FR,DO-->FR,DO-->FR,DO-->FR,DO-->FR,DO-->FR,DO-->FR,DO-->FR,DO-->FR,DO-->FR,DO-->FR,DO-->FR,DO-->FR,DO-->FR,,,,,,,,,,,,,,,,,FR-->DO,FR-->DO,FR-->DO,FR-->DO,FR-->DO,FR-->DO,FR-->DO,FR-->DO,FR-->DO,FR-->DO,FR-->DO,FR-->DO,FR-->DO,FR-->DO,FR-->DO,FR-->DO,FR-->DO,FR-->DO,FR-->DO
EC,ECU,Ecuador,Quito,Americas,South America,,EC-->FR,EC-->FR,EC-->FR,EC-->FR,EC-->FR,EC-->FR,EC-->FR,EC-->FR,EC-->FR,EC-->FR,EC-->FR,EC-->FR,EC-->FR,EC-->FR,EC-->FR,EC-->FR,EC-->FR,EC-->FR,EC-->FR,,,,,,,,,,,,,,,,,FR-->EC,FR-->EC,FR-->EC,FR-->EC,FR-->EC,FR-->EC,FR-->EC,FR-->EC,FR-->EC,FR-->EC,FR-->EC,FR-->EC,FR-->EC,FR-->EC,FR-->EC,FR-->EC,FR-->EC,FR-->EC,FR-->EC
EG,EGY,Egypt,Cairo,Africa,Northern Africa,,EG-->FR,EG-->FR,EG-->FR,EG-->FR,EG-->FR,EG-->FR,EG-->FR,EG-->FR,EG-->FR,EG-->FR,EG-->FR,EG-->FR,EG-->FR,EG-->FR,EG-->FR,EG-->FR,EG-->FR,EG-->FR,EG-->FR,,,,,,,,,,,,,,,,,FR-->EG,FR-->EG,FR-->EG,FR-->EG,FR-->EG,FR-->EG,FR-->EG,FR-->EG,FR-->EG,FR-->EG,FR-->EG,FR-->EG,FR-->EG,FR-->EG,FR-->EG,FR-->EG,FR-->EG,FR-->EG,FR-->EG
SV,SLV,El Salvador,San Salvador,Americas,Central America,,SV-->FR,SV-->FR,SV-->FR,SV-->FR,SV-->FR,SV-->FR,SV-->FR,SV-->FR,SV-->FR,SV-->FR,SV-->FR,SV-->FR,SV-->FR,SV-->FR,SV-->FR,SV-->FR,SV-->FR,SV-->FR,SV-->FR,,,,,,,,,,,,,,,,,FR-->SV,FR-->SV,FR-->SV,FR-->SV,FR-->SV,FR-->SV,FR-->SV,FR-->SV,FR-->SV,FR-->SV,FR-->SV,FR-->SV,FR-->SV,FR-->SV,FR-->SV,FR-->SV,FR-->SV,FR-->SV,FR-->SV
GQ,GNQ,Equatorial Guinea,Malabo,Africa,Middle Africa,,GQ-->FR,GQ-->FR,GQ-->FR,GQ-->FR,GQ-->FR,GQ-->FR,GQ-->FR,GQ-->FR,GQ-->FR,GQ-->FR,GQ-->FR,GQ-->FR,GQ-->FR,GQ-->FR,GQ-->FR,GQ-->FR,GQ-->FR,GQ-->FR,GQ-->FR,,,,,,,,,,,,,,,,,FR-->GQ,FR-->GQ,FR-->GQ,FR-->GQ,FR-->GQ,FR-->GQ,FR-->GQ,FR-->GQ,FR-->GQ,FR-->GQ,FR-->GQ,FR-->GQ,FR-->GQ,FR-->GQ,FR-->GQ,FR-->GQ,FR-->GQ,FR-->GQ,FR-->GQ
ER,ERI,Eritrea,Asmara,Africa,Eastern Africa,,ER-->FR,ER-->FR,ER-->FR,ER-->FR,ER-->FR,ER-->FR,ER-->FR,ER-->FR,ER-->FR,ER-->FR,ER-->FR,ER-->FR,ER-->FR,ER-->FR,ER-->FR,ER-->FR,ER-->FR,ER-->FR,ER-->FR,,,,,,,,,,,,,,,,,FR-->ER,FR-->ER,FR-->ER,FR-->ER,FR-->ER,FR-->ER,FR-->ER,FR-->ER,FR-->ER,FR-->ER,FR-->ER,FR-->ER,FR-->ER,FR-->ER,FR-->ER,FR-->ER,FR-->ER,FR-->ER,FR-->ER
EE,EST,Estonia,Tallinn,Europe,Northern Europe,,EE-->FR,EE-->FR,EE-->FR,EE-->FR,EE-->FR,EE-->FR,EE-->FR,EE-->FR,EE-->FR,EE-->FR,EE-->FR,EE-->FR,EE-->FR,EE-->FR,EE-->FR,EE-->FR,EE-->FR,EE-->FR,EE-->FR,,,,,,,,,,,,,,,,,FR-->EE,FR-->EE,FR-->EE,FR-->EE,FR-->EE,FR-->EE,FR-->EE,FR-->EE,FR-->EE,FR-->EE,FR-->EE,FR-->EE,FR-->EE,FR-->EE,FR-->EE,FR-->EE,FR-->EE,FR-->EE,FR-->EE
ET,ETH,Ethiopia,Addis Ababa,Africa,Eastern Africa,,ET-->FR,ET-->FR,ET-->FR,ET-->FR,ET-->FR,ET-->FR,ET-->FR,ET-->FR,ET-->FR,ET-->FR,ET-->FR,ET-->FR,ET-->FR,ET-->FR,ET-->FR,ET-->FR,ET-->FR,ET-->FR,ET-->FR,,,,,,,,,,,,,,,,,FR-->ET,FR-->ET,FR-->ET,FR-->ET,FR-->ET,FR-->ET,FR-->ET,FR-->ET,FR-->ET,FR-->ET,FR-->ET,FR-->ET,FR-->ET,FR-->ET,FR-->ET,FR-->ET,FR-->ET,FR-->ET,FR-->ET
FK,FLK,Falkland Islands,Stanley,Americas,South America,,FK-->FR,FK-->FR,FK-->FR,FK-->FR,FK-->FR,FK-->FR,FK-->FR,FK-->FR,FK-->FR,FK-->FR,FK-->FR,FK-->FR,FK-->FR,FK-->FR,FK-->FR,FK-->FR,FK-->FR,FK-->FR,FK-->FR,,,,,,,,,,,,,,,,,FR-->FK,FR-->FK,FR-->FK,FR-->FK,FR-->FK,FR-->FK,FR-->FK,FR-->FK,FR-->FK,FR-->FK,FR-->FK,FR-->FK,FR-->FK,FR-->FK,FR-->FK,FR-->FK,FR-->FK,FR-->FK,FR-->FK
FO,FRO,Faroe Islands,Tórshavn,Europe,Northern Europe,,FO-->FR,FO-->FR,FO-->FR,FO-->FR,FO-->FR,FO-->FR,FO-->FR,FO-->FR,FO-->FR,FO-->FR,FO-->FR,FO-->FR,FO-->FR,FO-->FR,FO-->FR,FO-->FR,FO-->FR,FO-->FR,FO-->FR,,,,,,,,,,,,,,,,,FR-->FO,FR-->FO,FR-->FO,FR-->FO,FR-->FO,FR-->FO,FR-->FO,FR-->FO,FR-->FO,FR-->FO,FR-->FO,FR-->FO,FR-->FO,FR-->FO,FR-->FO,FR-->FO,FR-->FO,FR-->FO,FR-->FO
FJ,FJI,Fiji,Suva,Oceania,Melanesia,,FJ-->FR,FJ-->FR,FJ-->FR,FJ-->FR,FJ-->FR,FJ-->FR,FJ-->FR,FJ-->FR,FJ-->FR,FJ-->FR,FJ-->FR,FJ-->FR,FJ-->FR,FJ-->FR,FJ-->FR,FJ-->FR,FJ-->FR,FJ-->FR,FJ-->FR,,,,,,,,,,,,,,,,,FR-->FJ,FR-->FJ,FR-->FJ,FR-->FJ,FR-->FJ,FR-->FJ,FR-->FJ,FR-->FJ,FR-->FJ,FR-->FJ,FR-->FJ,FR-->FJ,FR-->FJ,FR-->FJ,FR-->FJ,FR-->FJ,FR-->FJ,FR-->FJ,FR-->FJ
FI,FIN,Finland,Helsinki,Europe,Northern Europe,,FI-->FR,FI-->FR,FI-->FR,FI-->FR,FI-->FR,FI-->FR,FI-->FR,FI-->FR,FI-->FR,FI-->FR,FI-->FR,FI-->FR,FI-->FR,FI-->FR,FI-->FR,FI-->FR,FI-->FR,FI-->FR,FI-->FR,,,,,,,,,,,,,,,,,FR-->FI,FR-->FI,FR-->FI,FR-->FI,FR-->FI,FR-->FI,FR-->FI,FR-->FI,FR-->FI,FR-->FI,FR-->FI,FR-->FI,FR-->FI,FR-->FI,FR-->FI,FR-->FI,FR-->FI,FR-->FI,FR-->FI
FR,FRA,France,Paris,Europe,Western Europe,,FR-->FR,FR-->FR,FR-->FR,FR-->FR,FR-->FR,FR-->FR,FR-->FR,FR-->FR,FR-->FR,FR-->FR,FR-->FR,FR-->FR,FR-->FR,FR-->FR,FR-->FR,FR-->FR,FR-->FR,FR-->FR,FR-->FR,,,,,,,,,,,,,,,,,FR-->FR,FR-->FR,FR-->FR,FR-->FR,FR-->FR,FR-->FR,FR-->FR,FR-->FR,FR-->FR,FR-->FR,FR-->FR,FR-->FR,FR-->FR,FR-->FR,FR-->FR,FR-->FR,FR-->FR,FR-->FR,FR-->FR
GF,GUF,French Guiana,Cayenne,Americas,South America,,GF-->FR,GF-->FR,GF-->FR,GF-->FR,GF-->FR,GF-->FR,GF-->FR,GF-->FR,GF-->FR,GF-->FR,GF-->FR,GF-->FR,GF-->FR,GF-->FR,GF-->FR,GF-->FR,GF-->FR,GF-->FR,GF-->FR,,,,,,,,,,,,,,,,,FR-->GF,FR-->GF,FR-->GF,FR-->GF,FR-->GF,FR-->GF,FR-->GF,FR-->GF,FR-->GF,FR-->GF,FR-->GF,FR-->GF,FR-->GF,FR-->GF,FR-->GF,FR-->GF,FR-->GF,FR-->GF,FR-->GF
PF,PYF,French Polynesia,Papeetē,Oceania,Polynesia,,PF-->FR,PF-->FR,PF-->FR,PF-->FR,PF-->FR,PF-->FR,PF-->FR,PF-->FR,PF-->FR,PF-->FR,PF-->FR,PF-->FR,PF-->FR,PF-->FR,PF-->FR,PF-->FR,PF-->FR,PF-->FR,PF-->FR,,,,,,,,,,,,,,,,,FR-->PF,FR-->PF,FR-->PF,FR-->PF,FR-->PF,FR-->PF,FR-->PF,FR-->PF,FR-->PF,FR-->PF,FR-->PF,FR-->PF,FR-->PF,FR-->PF,FR-->PF,FR-->PF,FR-->PF,FR-->PF,FR-->PF
TF,ATF,French Southern and Antarctic Lands,Port-aux-Français,Africa,Southern Africa,,TF-->FR,TF-->FR,TF-->FR,TF-->FR,TF-->FR,TF-->FR,TF-->FR,TF-->FR,TF-->FR,TF-->FR,TF-->FR,TF-->FR,TF-->FR,TF-->FR,TF-->FR,TF-->FR,TF-->FR,TF-->FR,TF-->FR,,,,,,,,,,,,,,,,,FR-->TF,FR-->TF,FR-->TF,FR-->TF,FR-->TF,FR-->TF,FR-->TF,FR-->TF,FR-->TF,FR-->TF,FR-->TF,FR-->TF,FR-->TF,FR-->TF,FR-->TF,FR-->TF,FR-->TF,FR-->TF,FR-->TF
GA,GAB,Gabon,Libreville,Africa,Middle Africa,,GA-->FR,GA-->FR,GA-->FR,GA-->FR,GA-->FR,GA-->FR,GA-->FR,GA-->FR,GA-->FR,GA-->FR,GA-->FR,GA-->FR,GA-->FR,GA-->FR,GA-->FR,GA-->FR,GA-->FR,GA-->FR,GA-->FR,,,,,,,,,,,,,,,,,FR-->GA,FR-->GA,FR-->GA,FR-->GA,FR-->GA,FR-->GA,FR-->GA,FR-->GA,FR-->GA,FR-->GA,FR-->GA,FR-->GA,FR-->GA,FR-->GA,FR-->GA,FR-->GA,FR-->GA,FR-->GA,FR-->GA
GM,GMB,The Gambia,Banjul,Africa,Western Africa,,GM-->FR,GM-->FR,GM-->FR,GM-->FR,GM-->FR,GM-->FR,GM-->FR,GM-->FR,GM-->FR,GM-->FR,GM-->FR,GM-->FR,GM-->FR,GM-->FR,GM-->FR,GM-->FR,GM-->FR,GM-->FR,GM-->FR,,,,,,,,,,,,,,,,,FR-->GM,FR-->GM,FR-->GM,FR-->GM,FR-->GM,FR-->GM,FR-->GM,FR-->GM,FR-->GM,FR-->GM,FR-->GM,FR-->GM,FR-->GM,FR-->GM,FR-->GM,FR-->GM,FR-->GM,FR-->GM,FR-->GM
GE,GEO,Georgia,Tbilisi,Asia,Western Asia,,GE-->FR,GE-->FR,GE-->FR,GE-->FR,GE-->FR,GE-->FR,GE-->FR,GE-->FR,GE-->FR,GE-->FR,GE-->FR,GE-->FR,GE-->FR,GE-->FR,GE-->FR,GE-->FR,GE-->FR,GE-->FR,GE-->FR,,,,,,,,,,,,,,,,,FR-->GE,FR-->GE,FR-->GE,FR-->GE,FR-->GE,FR-->GE,FR-->GE,FR-->GE,FR-->GE,FR-->GE,FR-->GE,FR-->GE,FR-->GE,FR-->GE,FR-->GE,FR-->GE,FR-->GE,FR-->GE,FR-->GE
DE,DEU,Germany,Berlin,Europe,Western Europe,,DE-->FR,DE-->FR,DE-->FR,DE-->FR,DE-->FR,DE-->FR,DE-->FR,DE-->FR,DE-->FR,DE-->FR,DE-->FR,DE-->FR,DE-->FR,DE-->FR,DE-->FR,DE-->FR,DE-->FR,DE-->FR,DE-->FR,,,,,,,,,,,,,,,,,FR-->DE,FR-->DE,FR-->DE,FR-->DE,FR-->DE,FR-->DE,FR-->DE,FR-->DE,FR-->DE,FR-->DE,FR-->DE,FR-->DE,FR-->DE,FR-->DE,FR-->DE,FR-->DE,FR-->DE,FR-->DE,FR-->DE
GH,GHA,Ghana,Accra,Africa,Western Africa,,GH-->FR,GH-->FR,GH-->FR,GH-->FR,GH-->FR,GH-->FR,GH-->FR,GH-->FR,GH-->FR,GH-->FR,GH-->FR,GH-->FR,GH-->FR,GH-->FR,GH-->FR,GH-->FR,GH-->FR,GH-->FR,GH-->FR,,,,,,,,,,,,,,,,,FR-->GH,FR-->GH,FR-->GH,FR-->GH,FR-->GH,FR-->GH,FR-->GH,FR-->GH,FR-->GH,FR-->GH,FR-->GH,FR-->GH,FR-->GH,FR-->GH,FR-->GH,FR-->GH,FR-->GH,FR-->GH,FR-->GH
GI,GIB,Gibraltar,Gibraltar,Europe,Southern Europe,,GI-->FR,GI-->FR,GI-->FR,GI-->FR,GI-->FR,GI-->FR,GI-->FR,GI-->FR,GI-->FR,GI-->FR,GI-->FR,GI-->FR,GI-->FR,GI-->FR,GI-->FR,GI-->FR,GI-->FR,GI-->FR,GI-->FR,,,,,,,,,,,,,,,,,FR-->GI,FR-->GI,FR-->GI,FR-->GI,FR-->GI,FR-->GI,FR-->GI,FR-->GI,FR-->GI,FR-->GI,FR-->GI,FR-->GI,FR-->GI,FR-->GI,FR-->GI,FR-->GI,FR-->GI,FR-->GI,FR-->GI
GR,GRC,Greece,Athens,Europe,Southern Europe,,GR-->FR,GR-->FR,GR-->FR,GR-->FR,GR-->FR,GR-->FR,GR-->FR,GR-->FR,GR-->FR,GR-->FR,GR-->FR,GR-->FR,GR-->FR,GR-->FR,GR-->FR,GR-->FR,GR-->FR,GR-->FR,GR-->FR,,,,,,,,,,,,,,,,,FR-->GR,FR-->GR,FR-->GR,FR-->GR,FR-->GR,FR-->GR,FR-->GR,FR-->GR,FR-->GR,FR-->GR,FR-->GR,FR-->GR,FR-->GR,FR-->GR,FR-->GR,FR-->GR,FR-->GR,FR-->GR,FR-->GR
GL,GRL,Greenland,Nuuk,Americas,Northern America,,GL-->FR,GL-->FR,GL-->FR,GL-->FR,GL-->FR,GL-->FR,GL-->FR,GL-->FR,GL-->FR,GL-->FR,GL-->FR,GL-->FR,GL-->FR,GL-->FR,GL-->FR,GL-->FR,GL-->FR,GL-->FR,GL-->FR,,,,,,,,,,,,,,,,,FR-->GL,FR-->GL,FR-->GL,FR-->GL,FR-->GL,FR-->GL,FR-->GL,FR-->GL,FR-->GL,FR-->GL,FR-->GL,FR-->GL,FR-->GL,FR-->GL,FR-->GL,FR-->GL,FR-->GL,FR-->GL,FR-->GL
GD,GRD,Grenada,St. George's,Americas,Caribbean,,GD-->FR,GD-->FR,GD-->FR,GD-->FR,GD-->FR,GD-->FR,GD-->FR,GD-->FR,GD-->FR,GD-->FR,GD-->FR,GD-->FR,GD-->FR,GD-->FR,GD-->FR,GD-->FR,GD-->FR,GD-->FR,GD-->FR,,,,,,,,,,,,,,,,,FR-->GD,FR-->GD,FR-->GD,FR-->GD,FR-->GD,FR-->GD,FR-->GD,FR-->GD,FR-->GD,FR-->GD,FR-->GD,FR-->GD,FR-->GD,FR-->GD,FR-->GD,FR-->GD,FR-->GD,FR-->GD,FR-->GD
GP,GLP,Guadeloupe,Basse-Terre,Americas,Caribbean,,GP-->FR,GP-->FR,GP-->FR,GP-->FR,GP-->FR,GP-->FR,GP-->FR,GP-->FR,GP-->FR,GP-->FR,GP-->FR,GP-->FR,GP-->FR,GP-->FR,GP-->FR,GP-->FR,GP-->FR,GP-->FR,GP-->FR,,,,,,,,,,,,,,,,,FR-->GP,FR-->GP,FR-->GP,FR-->GP,FR-->GP,FR-->GP,FR-->GP,FR-->GP,FR-->GP,FR-->GP,FR-->GP,FR-->GP,FR-->GP,FR-->GP,FR-->GP,FR-->GP,FR-->GP,FR-->GP,FR-->GP
GU,GUM,Guam,Hagåtña,Oceania,Micronesia,,GU-->FR,GU-->FR,GU-->FR,GU-->FR,GU-->FR,GU-->FR,GU-->FR,GU-->FR,GU-->FR,GU-->FR,GU-->FR,GU-->FR,GU-->FR,GU-->FR,GU-->FR,GU-->FR,GU-->FR,GU-->FR,GU-->FR,,,,,,,,,,,,,,,,,FR-->GU,FR-->GU,FR-->GU,FR-->GU,FR-->GU,FR-->GU,FR-->GU,FR-->GU,FR-->GU,FR-->GU,FR-->GU,FR-->GU,FR-->GU,FR-->GU,FR-->GU,FR-->GU,FR-->GU,FR-->GU,FR-->GU
GT,GTM,Guatemala,Guatemala City,Americas,Central America,,GT-->FR,GT-->FR,GT-->FR,GT-->FR,GT-->FR,GT-->FR,GT-->FR,GT-->FR,GT-->FR,GT-->FR,GT-->FR,GT-->FR,GT-->FR,GT-->FR,GT-->FR,GT-->FR,GT-->FR,GT-->FR,GT-->FR,,,,,,,,,,,,,,,,,FR-->GT,FR-->GT,FR-->GT,FR-->GT,FR-->GT,FR-->GT,FR-->GT,FR-->GT,FR-->GT,FR-->GT,FR-->GT,FR-->GT,FR-->GT,FR-->GT,FR-->GT,FR-->GT,FR-->GT,FR-->GT,FR-->GT
GG,GGY,Guernsey,St. Peter Port,Europe,Northern Europe,,GG-->FR,GG-->FR,GG-->FR,GG-->FR,GG-->FR,GG-->FR,GG-->FR,GG-->FR,GG-->FR,GG-->FR,GG-->FR,GG-->FR,GG-->FR,GG-->FR,GG-->FR,GG-->FR,GG-->FR,GG-->FR,GG-->FR,,,,,,,,,,,,,,,,,FR-->GG,FR-->GG,FR-->GG,FR-->GG,FR-->GG,FR-->GG,FR-->GG,FR-->GG,FR-->GG,FR-->GG,FR-->GG,FR-->GG,FR-->GG,FR-->GG,FR-->GG,FR-->GG,FR-->GG,FR-->GG,FR-->GG
GN,GIN,Guinea,Conakry,Africa,Western Africa,,GN-->FR,GN-->FR,GN-->FR,GN-->FR,GN-->FR,GN-->FR,GN-->FR,GN-->FR,GN-->FR,GN-->FR,GN-->FR,GN-->FR,GN-->FR,GN-->FR,GN-->FR,GN-->FR,GN-->FR,GN-->FR,GN-->FR,,,,,,,,,,,,,,,,,FR-->GN,FR-->GN,FR-->GN,FR-->GN,FR-->GN,FR-->GN,FR-->GN,FR-->GN,FR-->GN,FR-->GN,FR-->GN,FR-->GN,FR-->GN,FR-->GN,FR-->GN,FR-->GN,FR-->GN,FR-->GN,FR-->GN
GW,GNB,Guinea-Bissau,Bissau,Africa,Western Africa,,GW-->FR,GW-->FR,GW-->FR,GW-->FR,GW-->FR,GW-->FR,GW-->FR,GW-->FR,GW-->FR,GW-->FR,GW-->FR,GW-->FR,GW-->FR,GW-->FR,GW-->FR,GW-->FR,GW-->FR,GW-->FR,GW-->FR,,,,,,,,,,,,,,,,,FR-->GW,FR-->GW,FR-->GW,FR-->GW,FR-->GW,FR-->GW,FR-->GW,FR-->GW,FR-->GW,FR-->GW,FR-->GW,FR-->GW,FR-->GW,FR-->GW,FR-->GW,FR-->GW,FR-->GW,FR-->GW,FR-->GW
GY,GUY,Guyana,Georgetown,Americas,South America,,GY-->FR,GY-->FR,GY-->FR,GY-->FR,GY-->FR,GY-->FR,GY-->FR,GY-->FR,GY-->FR,GY-->FR,GY-->FR,GY-->FR,GY-->FR,GY-->FR,GY-->FR,GY-->FR,GY-->FR,GY-->FR,GY-->FR,,,,,,,,,,,,,,,,,FR-->GY,FR-->GY,FR-->GY,FR-->GY,FR-->GY,FR-->GY,FR-->GY,FR-->GY,FR-->GY,FR-->GY,FR-->GY,FR-->GY,FR-->GY,FR-->GY,FR-->GY,FR-->GY,FR-->GY,FR-->GY,FR-->GY
HT,HTI,Haiti,Port-au-Prince,Americas,Caribbean,,HT-->FR,HT-->FR,HT-->FR,HT-->FR,HT-->FR,HT-->FR,HT-->FR,HT-->FR,HT-->FR,HT-->FR,HT-->FR,HT-->FR,HT-->FR,HT-->FR,HT-->FR,HT-->FR,HT-->FR,HT-->FR,HT-->FR,,,,,,,,,,,,,,,,,FR-->HT,FR-->HT,FR-->HT,FR-->HT,FR-->HT,FR-->HT,FR-->HT,FR-->HT,FR-->HT,FR-->HT,FR-->HT,FR-->HT,FR-->HT,FR-->HT,FR-->HT,FR-->HT,FR-->HT,FR-->HT,FR-->HT
HM,HMD,Heard Island and McDonald Islands,,,,,HM-->FR,HM-->FR,HM-->FR,HM-->FR,HM-->FR,HM-->FR,HM-->FR,HM-->FR,HM-->FR,HM-->FR,HM-->FR,HM-->FR,HM-->FR,HM-->FR,HM-->FR,HM-->FR,HM-->FR,HM-->FR,HM-->FR,,,,,,,,,,,,,,,,,FR-->HM,FR-->HM,FR-->HM,FR-->HM,FR-->HM,FR-->HM,FR-->HM,FR-->HM,FR-->HM,FR-->HM,FR-->HM,FR-->HM,FR-->HM,FR-->HM,FR-->HM,FR-->HM,FR-->HM,FR-->HM,FR-->HM
VA,VAT,Holy See,Rome,Europe,Southern Europe,,VA-->FR,VA-->FR,VA-->FR,VA-->FR,VA-->FR,VA-->FR,VA-->FR,VA-->FR,VA-->FR,VA-->FR,VA-->FR,VA-->FR,VA-->FR,VA-->FR,VA-->FR,VA-->FR,VA-->FR,VA-->FR,VA-->FR,,,,,,,,,,,,,,,,,FR-->VA,FR-->VA,FR-->VA,FR-->VA,FR-->VA,FR-->VA,FR-->VA,FR-->VA,FR-->VA,FR-->VA,FR-->VA,FR-->VA,FR-->VA,FR-->VA,FR-->VA,FR-->VA,FR-->VA,FR-->VA,FR-->VA
HN,HND,Honduras,Tegucigalpa,Americas,Central America,,HN-->FR,HN-->FR,HN-->FR,HN-->FR,HN-->FR,HN-->FR,HN-->FR,HN-->FR,HN-->FR,HN-->FR,HN-->FR,HN-->FR,HN-->FR,HN-->FR,HN-->FR,HN-->FR,HN-->FR,HN-->FR,HN-->FR,,,,,,,,,,,,,,,,,FR-->HN,FR-->HN,FR-->HN,FR-->HN,FR-->HN,FR-->HN,FR-->HN,FR-->HN,FR-->HN,FR-->HN,FR-->HN,FR-->HN,FR-->HN,FR-->HN,FR-->HN,FR-->HN,FR-->HN,FR-->HN,FR-->HN
HK,HKG,Hong Kong,City of Victoria,Asia,Eastern Asia,,HK-->FR,HK-->FR,HK-->FR,HK-->FR,HK-->FR,HK-->FR,HK-->FR,HK-->FR,HK-->FR,HK-->FR,HK-->FR,HK-->FR,HK-->FR,HK-->FR,HK-->FR,HK-->FR,HK-->FR,HK-->FR,HK-->FR,,,,,,,,,,,,,,,,,FR-->HK,FR-->HK,FR-->HK,FR-->HK,FR-->HK,FR-->HK,FR-->HK,FR-->HK,FR-->HK,FR-->HK,FR-->HK,FR-->HK,FR-->HK,FR-->HK,FR-->HK,FR-->HK,FR-->HK,FR-->HK,FR-->HK
HU,HUN,Hungary,Budapest,Europe,Eastern Europe,,HU-->FR,HU-->FR,HU-->FR,HU-->FR,HU-->FR,HU-->FR,HU-->FR,HU-->FR,HU-->FR,HU-->FR,HU-->FR,HU-->FR,HU-->FR,HU-->FR,HU-->FR,HU-->FR,HU-->FR,HU-->FR,HU-->FR,,,,,,,,,,,,,,,,,FR-->HU,FR-->HU,FR-->HU,FR-->HU,FR-->HU,FR-->HU,FR-->HU,FR-->HU,FR-->HU,FR-->HU,FR-->HU,FR-->HU,FR-->HU,FR-->HU,FR-->HU,FR-->HU,FR-->HU,FR-->HU,FR-->HU
IS,ISL,Iceland,Reykjavík,Europe,Northern Europe,,IS-->FR,IS-->FR,IS-->FR,IS-->FR,IS-->FR,IS-->FR,IS-->FR,IS-->FR,IS-->FR,IS-->FR,IS-->FR,IS-->FR,IS-->FR,IS-->FR,IS-->FR,IS-->FR,IS-->FR,IS-->FR,IS-->FR,,,,,,,,,,,,,,,,,FR-->IS,FR-->IS,FR-->IS,FR-->IS,FR-->IS,FR-->IS,FR-->IS,FR-->IS,FR-->IS,FR-->IS,FR-->IS,FR-->IS,FR-->IS,FR-->IS,FR-->IS,FR-->IS,FR-->IS,FR-->IS,FR-->IS
IN,IND,India,New Delhi,Asia,Southern Asia,,IN-->FR,IN-->FR,IN-->FR,IN-->FR,IN-->FR,IN-->FR,IN-->FR,IN-->FR,IN-->FR,IN-->FR,IN-->FR,IN-->FR,IN-->FR,IN-->FR,IN-->FR,IN-->FR,IN-->FR,IN-->FR,IN-->FR,,,,,,,,,,,,,,,,,FR-->IN,FR-->IN,FR-->IN,FR-->IN,FR-->IN,FR-->IN,FR-->IN,FR-->IN,FR-->IN,FR-->IN,FR-->IN,FR-->IN,FR-->IN,FR-->IN,FR-->IN,FR-->IN,FR-->IN,FR-->IN,FR-->IN
ID,IDN,Indonesia,Jakarta,Asia,South-Eastern Asia,,ID-->FR,ID-->FR,ID-->FR,ID-->FR,ID-->FR,ID-->FR,ID-->FR,ID-->FR,ID-->FR,ID-->FR,ID-->FR,ID-->FR,ID-->FR,ID-->FR,ID-->FR,ID-->FR,ID-->FR,ID-->FR,ID-->FR,,,,,,,,,,,,,,,,,FR-->ID,FR-->ID,FR-->ID,FR-->ID,FR-->ID,FR-->ID,FR-->ID,FR-->ID,FR-->ID,FR-->ID,FR-->ID,FR-->ID,FR-->ID,FR-->ID,FR-->ID,FR-->ID,FR-->ID,FR-->ID,FR-->ID
CI,CIV,Ivory Coast,Yamoussoukro,Africa,Western Africa,,CI-->FR,CI-->FR,CI-->FR,CI-->FR,CI-->FR,CI-->FR,CI-->FR,CI-->FR,CI-->FR,CI-->FR,CI-->FR,CI-->FR,CI-->FR,CI-->FR,CI-->FR,CI-->FR,CI-->FR,CI-->FR,CI-->FR,,,,,,,,,,,,,,,,,FR-->CI,FR-->CI,FR-->CI,FR-->CI,FR-->CI,FR-->CI,FR-->CI,FR-->CI,FR-->CI,FR-->CI,FR-->CI,FR-->CI,FR-->CI,FR-->CI,FR-->CI,FR-->CI,FR-->CI,FR-->CI,FR-->CI
IR,IRN,Iran,Tehran,Asia,Southern Asia,,IR-->FR,IR-->FR,IR-->FR,IR-->FR,IR-->FR,IR-->FR,IR-->FR,IR-->FR,IR-->FR,IR-->FR,IR-->FR,IR-->FR,IR-->FR,IR-->FR,IR-->FR,IR-->FR,IR-->FR,IR-->FR,IR-->FR,,,,,,,,,,,,,,,,,FR-->IR,FR-->IR,FR-->IR,FR-->IR,FR-->IR,FR-->IR,FR-->IR,FR-->IR,FR-->IR,FR-->IR,FR-->IR,FR-->IR,FR-->IR,FR-->IR,FR-->IR,FR-->IR,FR-->IR,FR-->IR,FR-->IR
IQ,IRQ,Iraq,Baghdad,Asia,Western Asia,,IQ-->FR,IQ-->FR,IQ-->FR,IQ-->FR,IQ-->FR,IQ-->FR,IQ-->FR,IQ-->FR,IQ-->FR,IQ-->FR,IQ-->FR,IQ-->FR,IQ-->FR,IQ-->FR,IQ-->FR,IQ-->FR,IQ-->FR,IQ-->FR,IQ-->FR,,,,,,,,,,,,,,,,,FR-->IQ,FR-->IQ,FR-->IQ,FR-->IQ,FR-->IQ,FR-->IQ,FR-->IQ,FR-->IQ,FR-->IQ,FR-->IQ,FR-->IQ,FR-->IQ,FR-->IQ,FR-->IQ,FR-->IQ,FR-->IQ,FR-->IQ,FR-->IQ,FR-->IQ
IE,IRL,Republic of Ireland,Dublin,Europe,Northern Europe,,IE-->FR,IE-->FR,IE-->FR,IE-->FR,IE-->FR,IE-->FR,IE-->FR,IE-->FR,IE-->FR,IE-->FR,IE-->FR,IE-->FR,IE-->FR,IE-->FR,IE-->FR,IE-->FR,IE-->FR,IE-->FR,IE-->FR,,,,,,,,,,,,,,,,,FR-->IE,FR-->IE,FR-->IE,FR-->IE,FR-->IE,FR-->IE,FR-->IE,FR-->IE,FR-->IE,FR-->IE,FR-->IE,FR-->IE,FR-->IE,FR-->IE,FR-->IE,FR-->IE,FR-->IE,FR-->IE,FR-->IE
IM,IMN,Isle of Man,Douglas,Europe,Northern Europe,,IM-->FR,IM-->FR,IM-->FR,IM-->FR,IM-->FR,IM-->FR,IM-->FR,IM-->FR,IM-->FR,IM-->FR,IM-->FR,IM-->FR,IM-->FR,IM-->FR,IM-->FR,IM-->FR,IM-->FR,IM-->FR,IM-->FR,,,,,,,,,,,,,,,,,FR-->IM,FR-->IM,FR-->IM,FR-->IM,FR-->IM,FR-->IM,FR-->IM,FR-->IM,FR-->IM,FR-->IM,FR-->IM,FR-->IM,FR-->IM,FR-->IM,FR-->IM,FR-->IM,FR-->IM,FR-->IM,FR-->IM
IL,ISR,Israel,Jerusalem,Asia,Western Asia,,IL-->FR,IL-->FR,IL-->FR,IL-->FR,IL-->FR,IL-->FR,IL-->FR,IL-->FR,IL-->FR,IL-->FR,IL-->FR,IL-->FR,IL-->FR,IL-->FR,IL-->FR,IL-->FR,IL-->FR,IL-->FR,IL-->FR,,,,,,,,,,,,,,,,,FR-->IL,FR-->IL,FR-->IL,FR-->IL,FR-->IL,FR-->IL,FR-->IL,FR-->IL,FR-->IL,FR-->IL,FR-->IL,FR-->IL,FR-->IL,FR-->IL,FR-->IL,FR-->IL,FR-->IL,FR-->IL,FR-->IL
IT,ITA,Italy,Rome,Europe,Southern Europe,,IT-->FR,IT-->FR,IT-->FR,IT-->FR,IT-->FR,IT-->FR,IT-->FR,IT-->FR,IT-->FR,IT-->FR,IT-->FR,IT-->FR,IT-->FR,IT-->FR,IT-->FR,IT-->FR,IT-->FR,IT-->FR,IT-->FR,,,,,,,,,,,,,,,,,FR-->IT,FR-->IT,FR-->IT,FR-->IT,FR-->IT,FR-->IT,FR-->IT,FR-->IT,FR-->IT,FR-->IT,FR-->IT,FR-->IT,FR-->IT,FR-->IT,FR-->IT,FR-->IT,FR-->IT,FR-->IT,FR-->IT
JM,JAM,Jamaica,Kingston,Americas,Caribbean,,JM-->FR,JM-->FR,JM-->FR,JM-->FR,JM-->FR,JM-->FR,JM-->FR,JM-->FR,JM-->FR,JM-->FR,JM-->FR,JM-->FR,JM-->FR,JM-->FR,JM-->FR,JM-->FR,JM-->FR,JM-->FR,JM-->FR,,,,,,,,,,,,,,,,,FR-->JM,FR-->JM,FR-->JM,FR-->JM,FR-->JM,FR-->JM,FR-->JM,FR-->JM,FR-->JM,FR-->JM,FR-->JM,FR-->JM,FR-->JM,FR-->JM,FR-->JM,FR-->JM,FR-->JM,FR-->JM,FR-->JM
JP,JPN,Japan,Tokyo,Asia,Eastern Asia,,JP-->FR,JP-->FR,JP-->FR,JP-->FR,JP-->FR,JP-->FR,JP-->FR,JP-->FR,JP-->FR,JP-->FR,JP-->FR,JP-->FR,JP-->FR,JP-->FR,JP-->FR,JP-->FR,JP-->FR,JP-->FR,JP-->FR,,,,,,,,,,,,,,,,,FR-->JP,FR-->JP,FR-->JP,FR-->JP,FR-->JP,FR-->JP,FR-->JP,FR-->JP,FR-->JP,FR-->JP,FR-->JP,FR-->JP,FR-->JP,FR-->JP,FR-->JP,FR-->JP,FR-->JP,FR-->JP,FR-->JP
JE,JEY,Jersey,Saint Helier,Europe,Northern Europe,,JE-->FR,JE-->FR,JE-->FR,JE-->FR,JE-->FR,JE-->FR,JE-->FR,JE-->FR,JE-->FR,JE-->FR,JE-->FR,JE-->FR,JE-->FR,JE-->FR,JE-->FR,JE-->FR,JE-->FR,JE-->FR,JE-->FR,,,,,,,,,,,,,,,,,FR-->JE,FR-->JE,FR-->JE,FR-->JE,FR-->JE,FR-->JE,FR-->JE,FR-->JE,FR-->JE,FR-->JE,FR-->JE,FR-->JE,FR-->JE,FR-->JE,FR-->JE,FR-->JE,FR-->JE,FR-->JE,FR-->JE
JO,JOR,Jordan,Amman,Asia,Western Asia,,JO-->FR,JO-->FR,JO-->FR,JO-->FR,JO-->FR,JO-->FR,JO-->FR,JO-->FR,JO-->FR,JO-->FR,JO-->FR,JO-->FR,JO-->FR,JO-->FR,JO-->FR,JO-->FR,JO-->FR,JO-->FR,JO-->FR,,,,,,,,,,,,,,,,,FR-->JO,FR-->JO,FR-->JO,FR-->JO,FR-->JO,FR-->JO,FR-->JO,FR-->JO,FR-->JO,FR-->JO,FR-->JO,FR-->JO,FR-->JO,FR-->JO,FR-->JO,FR-->JO,FR-->JO,FR-->JO,FR-->JO
KZ,KAZ,Kazakhstan,Astana,Asia,Central Asia,,KZ-->FR,KZ-->FR,KZ-->FR,KZ-->FR,KZ-->FR,KZ-->FR,KZ-->FR,KZ-->FR,KZ-->FR,KZ-->FR,KZ-->FR,KZ-->FR,KZ-->FR,KZ-->FR,KZ-->FR,KZ-->FR,KZ-->FR,KZ-->FR,KZ-->FR,,,,,,,,,,,,,,,,,FR-->KZ,FR-->KZ,FR-->KZ,FR-->KZ,FR-->KZ,FR-->KZ,FR-->KZ,FR-->KZ,FR-->KZ,FR-->KZ,FR-->KZ,FR-->KZ,FR-->KZ,FR-->KZ,FR-->KZ,FR-->KZ,FR-->KZ,FR-->KZ,FR-->KZ
KE,KEN,Kenya,Nairobi,Africa,Eastern Africa,,KE-->FR,KE-->FR,KE-->FR,KE-->FR,KE-->FR,KE-->FR,KE-->FR,KE-->FR,KE-->FR,KE-->FR,KE-->FR,KE-->FR,KE-->FR,KE-->FR,KE-->FR,KE-->FR,KE-->FR,KE-->FR,KE-->FR,,,,,,,,,,,,,,,,,FR-->KE,FR-->KE,FR-->KE,FR-->KE,FR-->KE,FR-->KE,FR-->KE,FR-->KE,FR-->KE,FR-->KE,FR-->KE,FR-->KE,FR-->KE,FR-->KE,FR-->KE,FR-->KE,FR-->KE,FR-->KE,FR-->KE
KI,KIR,Kiribati,South Tarawa,Oceania,Micronesia,,KI-->FR,KI-->FR,KI-->FR,KI-->FR,KI-->FR,KI-->FR,KI-->FR,KI-->FR,KI-->FR,KI-->FR,KI-->FR,KI-->FR,KI-->FR,KI-->FR,KI-->FR,KI-->FR,KI-->FR,KI-->FR,KI-->FR,,,,,,,,,,,,,,,,,FR-->KI,FR-->KI,FR-->KI,FR-->KI,FR-->KI,FR-->KI,FR-->KI,FR-->KI,FR-->KI,FR-->KI,FR-->KI,FR-->KI,FR-->KI,FR-->KI,FR-->KI,FR-->KI,FR-->KI,FR-->KI,FR-->KI
KW,KWT,Kuwait,Kuwait City,Asia,Western Asia,,KW-->FR,KW-->FR,KW-->FR,KW-->FR,KW-->FR,KW-->FR,KW-->FR,KW-->FR,KW-->FR,KW-->FR,KW-->FR,KW-->FR,KW-->FR,KW-->FR,KW-->FR,KW-->FR,KW-->FR,KW-->FR,KW-->FR,,,,,,,,,,,,,,,,,FR-->KW,FR-->KW,FR-->KW,FR-->KW,FR-->KW,FR-->KW,FR-->KW,FR-->KW,FR-->KW,FR-->KW,FR-->KW,FR-->KW,FR-->KW,FR-->KW,FR-->KW,FR-->KW,FR-->KW,FR-->KW,FR-->KW
KG,KGZ,Kyrgyzstan,Bishkek,Asia,Central Asia,,KG-->FR,KG-->FR,KG-->FR,KG-->FR,KG-->FR,KG-->FR,KG-->FR,KG-->FR,KG-->FR,KG-->FR,KG-->FR,KG-->FR,KG-->FR,KG-->FR,KG-->FR,KG-->FR,KG-->FR,KG-->FR,KG-->FR,,,,,,,,,,,,,,,,,FR-->KG,FR-->KG,FR-->KG,FR-->KG,FR-->KG,FR-->KG,FR-->KG,FR-->KG,FR-->KG,FR-->KG,FR-->KG,FR-->KG,FR-->KG,FR-->KG,FR-->KG,FR-->KG,FR-->KG,FR-->KG,FR-->KG
LA,LAO,Laos,Vientiane,Asia,South-Eastern Asia,,LA-->FR,LA-->FR,LA-->FR,LA-->FR,LA-->FR,LA-->FR,LA-->FR,LA-->FR,LA-->FR,LA-->FR,LA-->FR,LA-->FR,LA-->FR,LA-->FR,LA-->FR,LA-->FR,LA-->FR,LA-->FR,LA-->FR,,,,,,,,,,,,,,,,,FR-->LA,FR-->LA,FR-->LA,FR-->LA,FR-->LA,FR-->LA,FR-->LA,FR-->LA,FR-->LA,FR-->LA,FR-->LA,FR-->LA,FR-->LA,FR-->LA,FR-->LA,FR-->LA,FR-->LA,FR-->LA,FR-->LA
LV,LVA,Latvia,Riga,Europe,Northern Europe,,LV-->FR,LV-->FR,LV-->FR,LV-->FR,LV-->FR,LV-->FR,LV-->FR,LV-->FR,LV-->FR,LV-->FR,LV-->FR,LV-->FR,LV-->FR,LV-->FR,LV-->FR,LV-->FR,LV-->FR,LV-->FR,LV-->FR,,,,,,,,,,,,,,,,,FR-->LV,FR-->LV,FR-->LV,FR-->LV,FR-->LV,FR-->LV,FR-->LV,FR-->LV,FR-->LV,FR-->LV,FR-->LV,FR-->LV,FR-->LV,FR-->LV,FR-->LV,FR-->LV,FR-->LV,FR-->LV,FR-->LV
LB,LBN,Lebanon,Beirut,Asia,Western Asia,,LB-->FR,LB-->FR,LB-->FR,LB-->FR,LB-->FR,LB-->FR,LB-->FR,LB-->FR,LB-->FR,LB-->FR,LB-->FR,LB-->FR,LB-->FR,LB-->FR,LB-->FR,LB-->FR,LB-->FR,LB-->FR,LB-->FR,,,,,,,,,,,,,,,,,FR-->LB,FR-->LB,FR-->LB,FR-->LB,FR-->LB,FR-->LB,FR-->LB,FR-->LB,FR-->LB,FR-->LB,FR-->LB,FR-->LB,FR-->LB,FR-->LB,FR-->LB,FR-->LB,FR-->LB,FR-->LB,FR-->LB
LS,LSO,Lesotho,Maseru,Africa,Southern Africa,,LS-->FR,LS-->FR,LS-->FR,LS-->FR,LS-->FR,LS-->FR,LS-->FR,LS-->FR,LS-->FR,LS-->FR,LS-->FR,LS-->FR,LS-->FR,LS-->FR,LS-->FR,LS-->FR,LS-->FR,LS-->FR,LS-->FR,,,,,,,,,,,,,,,,,FR-->LS,FR-->LS,FR-->LS,FR-->LS,FR-->LS,FR-->LS,FR-->LS,FR-->LS,FR-->LS,FR-->LS,FR-->LS,FR-->LS,FR-->LS,FR-->LS,FR-->LS,FR-->LS,FR-->LS,FR-->LS,FR-->LS
LR,LBR,Liberia,Monrovia,Africa,Western Africa,,LR-->FR,LR-->FR,LR-->FR,LR-->FR,LR-->FR,LR-->FR,LR-->FR,LR-->FR,LR-->FR,LR-->FR,LR-->FR,LR-->FR,LR-->FR,LR-->FR,LR-->FR,LR-->FR,LR-->FR,LR-->FR,LR-->FR,,,,,,,,,,,,,,,,,FR-->LR,FR-->LR,FR-->LR,FR-->LR,FR-->LR,FR-->LR,FR-->LR,FR-->LR,FR-->LR,FR-->LR,FR-->LR,FR-->LR,FR-->LR,FR-->LR,FR-->LR,FR-->LR,FR-->LR,FR-->LR,FR-->LR
LY,LBY,Libya,Tripoli,Africa,Northern Africa,,LY-->FR,LY-->FR,LY-->FR,LY-->FR,LY-->FR,LY-->FR,LY-->FR,LY-->FR,LY-->FR,LY-->FR,LY-->FR,LY-->FR,LY-->FR,LY-->FR,LY-->FR,LY-->FR,LY-->FR,LY-->FR,LY-->FR,,,,,,,,,,,,,,,,,FR-->LY,FR-->LY,FR-->LY,FR-->LY,FR-->LY,FR-->LY,FR-->LY,FR-->LY,FR-->LY,FR-->LY,FR-->LY,FR-->LY,FR-->LY,FR-->LY,FR-->LY,FR-->LY,FR-->LY,FR-->LY,FR-->LY
LI,LIE,Liechtenstein,Vaduz,Europe,Western Europe,,LI-->FR,LI-->FR,LI-->FR,LI-->FR,LI-->FR,LI-->FR,LI-->FR,LI-->FR,LI-->FR,LI-->FR,LI-->FR,LI-->FR,LI-->FR,LI-->FR,LI-->FR,LI-->FR,LI-->FR,LI-->FR,LI-->FR,,,,,,,,,,,,,,,,,FR-->LI,FR-->LI,FR-->LI,FR-->LI,FR-->LI,FR-->LI,FR-->LI,FR-->LI,FR-->LI,FR-->LI,FR-->LI,FR-->LI,FR-->LI,FR-->LI,FR-->LI,FR-->LI,FR-->LI,FR-->LI,FR-->LI
LT,LTU,Lithuania,Vilnius,Europe,Northern Europe,,LT-->FR,LT-->FR,LT-->FR,LT-->FR,LT-->FR,LT-->FR,LT-->FR,LT-->FR,LT-->FR,LT-->FR,LT-->FR,LT-->FR,LT-->FR,LT-->FR,LT-->FR,LT-->FR,LT-->FR,LT-->FR,LT-->FR,,,,,,,,,,,,,,,,,FR-->LT,FR-->LT,FR-->LT,FR-->LT,FR-->LT,FR-->LT,FR-->LT,FR-->LT,FR-->LT,FR-->LT,FR-->LT,FR-->LT,FR-->LT,FR-->LT,FR-->LT,FR-->LT,FR-->LT,FR-->LT,FR-->LT
LU,LUX,Luxembourg,Luxembourg,Europe,Western Europe,,LU-->FR,LU-->FR,LU-->FR,LU-->FR,LU-->FR,LU-->FR,LU-->FR,LU-->FR,LU-->FR,LU-->FR,LU-->FR,LU-->FR,LU-->FR,LU-->FR,LU-->FR,LU-->FR,LU-->FR,LU-->FR,LU-->FR,,,,,,,,,,,,,,,,,FR-->LU,FR-->LU,FR-->LU,FR-->LU,FR-->LU,FR-->LU,FR-->LU,FR-->LU,FR-->LU,FR-->LU,FR-->LU,FR-->LU,FR-->LU,FR-->LU,FR-->LU,FR-->LU,FR-->LU,FR-->LU,FR-->LU
MO,MAC,Macau,,Asia,Eastern Asia,,MO-->FR,MO-->FR,MO-->FR,MO-->FR,MO-->FR,MO-->FR,MO-->FR,MO-->FR,MO-->FR,MO-->FR,MO-->FR,MO-->FR,MO-->FR,MO-->FR,MO-->FR,MO-->FR,MO-->FR,MO-->FR,MO-->FR,,,,,,,,,,,,,,,,,FR-->MO,FR-->MO,FR-->MO,FR-->MO,FR-->MO,FR-->MO,FR-->MO,FR-->MO,FR-->MO,FR-->MO,FR-->MO,FR-->MO,FR-->MO,FR-->MO,FR-->MO,FR-->MO,FR-->MO,FR-->MO,FR-->MO
MK,MKD,Republic of Macedonia,Skopje,Europe,Southern Europe,,MK-->FR,MK-->FR,MK-->FR,MK-->FR,MK-->FR,MK-->FR,MK-->FR,MK-->FR,MK-->FR,MK-->FR,MK-->FR,MK-->FR,MK-->FR,MK-->FR,MK-->FR,MK-->FR,MK-->FR,MK-->FR,MK-->FR,,,,,,,,,,,,,,,,,FR-->MK,FR-->MK,FR-->MK,FR-->MK,FR-->MK,FR-->MK,FR-->MK,FR-->MK,FR-->MK,FR-->MK,FR-->MK,FR-->MK,FR-->MK,FR-->MK,FR-->MK,FR-->MK,FR-->MK,FR-->MK,FR-->MK
MG,MDG,Madagascar,Antananarivo,Africa,Eastern Africa,,MG-->FR,MG-->FR,MG-->FR,MG-->FR,MG-->FR,MG-->FR,MG-->FR,MG-->FR,MG-->FR,MG-->FR,MG-->FR,MG-->FR,MG-->FR,MG-->FR,MG-->FR,MG-->FR,MG-->FR,MG-->FR,MG-->FR,,,,,,,,,,,,,,,,,FR-->MG,FR-->MG,FR-->MG,FR-->MG,FR-->MG,FR-->MG,FR-->MG,FR-->MG,FR-->MG,FR-->MG,FR-->MG,FR-->MG,FR-->MG,FR-->MG,FR-->MG,FR-->MG,FR-->MG,FR-->MG,FR-->MG
MW,MWI,Malawi,Lilongwe,Africa,Eastern Africa,,MW-->FR,MW-->FR,MW-->FR,MW-->FR,MW-->FR,MW-->FR,MW-->FR,MW-->FR,MW-->FR,MW-->FR,MW-->FR,MW-->FR,MW-->FR,MW-->FR,MW-->FR,MW-->FR,MW-->FR,MW-->FR,MW-->FR,,,,,,,,,,,,,,,,,FR-->MW,FR-->MW,FR-->MW,FR-->MW,FR-->MW,FR-->MW,FR-->MW,FR-->MW,FR-->MW,FR-->MW,FR-->MW,FR-->MW,FR-->MW,FR-->MW,FR-->MW,FR-->MW,FR-->MW,FR-->MW,FR-->MW
MY,MYS,Malaysia,Kuala Lumpur,Asia,South-Eastern Asia,,MY-->FR,MY-->FR,MY-->FR,MY-->FR,MY-->FR,MY-->FR,MY-->FR,MY-->FR,MY-->FR,MY-->FR,MY-->FR,MY-->FR,MY-->FR,MY-->FR,MY-->FR,MY-->FR,MY-->FR,MY-->FR,MY-->FR,,,,,,,,,,,,,,,,,FR-->MY,FR-->MY,FR-->MY,FR-->MY,FR-->MY,FR-->MY,FR-->MY,FR-->MY,FR-->MY,FR-->MY,FR-->MY,FR-->MY,FR-->MY,FR-->MY,FR-->MY,FR-->MY,FR-->MY,FR-->MY,FR-->MY
MV,MDV,Maldives,Malé,Asia,Southern Asia,,MV-->FR,MV-->FR,MV-->FR,MV-->FR,MV-->FR,MV-->FR,MV-->FR,MV-->FR,MV-->FR,MV-->FR,MV-->FR,MV-->FR,MV-->FR,MV-->FR,MV-->FR,MV-->FR,MV-->FR,MV-->FR,MV-->FR,,,,,,,,,,,,,,,,,FR-->MV,FR-->MV,FR-->MV,FR-->MV,FR-->MV,FR-->MV,FR-->MV,FR-->MV,FR-->MV,FR-->MV,FR-->MV,FR-->MV,FR-->MV,FR-->MV,FR-->MV,FR-->MV,FR-->MV,FR-->MV,FR-->MV
ML,MLI,Mali,Bamako,Africa,Western Africa,,ML-->FR,ML-->FR,ML-->FR,ML-->FR,ML-->FR,ML-->FR,ML-->FR,ML-->FR,ML-->FR,ML-->FR,ML-->FR,ML-->FR,ML-->FR,ML-->FR,ML-->FR,ML-->FR,ML-->FR,ML-->FR,ML-->FR,,,,,,,,,,,,,,,,,FR-->ML,FR-->ML,FR-->ML,FR-->ML,FR-->ML,FR-->ML,FR-->ML,FR-->ML,FR-->ML,FR-->ML,FR-->ML,FR-->ML,FR-->ML,FR-->ML,FR-->ML,FR-->ML,FR-->ML,FR-->ML,FR-->ML
MT,MLT,Malta,Valletta,Europe,Southern Europe,,MT-->FR,MT-->FR,MT-->FR,MT-->FR,MT-->FR,MT-->FR,MT-->FR,MT-->FR,MT-->FR,MT-->FR,MT-->FR,MT-->FR,MT-->FR,MT-->FR,MT-->FR,MT-->FR,MT-->FR,MT-->FR,MT-->FR,,,,,,,,,,,,,,,,,FR-->MT,FR-->MT,FR-->MT,FR-->MT,FR-->MT,FR-->MT,FR-->MT,FR-->MT,FR-->MT,FR-->MT,FR-->MT,FR-->MT,FR-->MT,FR-->MT,FR-->MT,FR-->MT,FR-->MT,FR-->MT,FR-->MT
MH,MHL,Marshall Islands,Majuro,Oceania,Micronesia,,MH-->FR,MH-->FR,MH-->FR,MH-->FR,MH-->FR,MH-->FR,MH-->FR,MH-->FR,MH-->FR,MH-->FR,MH-->FR,MH-->FR,MH-->FR,MH-->FR,MH-->FR,MH-->FR,MH-->FR,MH-->FR,MH-->FR,,,,,,,,,,,,,,,,,FR-->MH,FR-->MH,FR-->MH,FR-->MH,FR-->MH,FR-->MH,FR-->MH,FR-->MH,FR-->MH,FR-->MH,FR-->MH,FR-->MH,FR-->MH,FR-->MH,FR-->MH,FR-->MH,FR-->MH,FR-->MH,FR-->MH
MQ,MTQ,Martinique,Fort-de-France,Americas,Caribbean,,MQ-->FR,MQ-->FR,MQ-->FR,MQ-->FR,MQ-->FR,MQ-->FR,MQ-->FR,MQ-->FR,MQ-->FR,MQ-->FR,MQ-->FR,MQ-->FR,MQ-->FR,MQ-->FR,MQ-->FR,MQ-->FR,MQ-->FR,MQ-->FR,MQ-->FR,,,,,,,,,,,,,,,,,FR-->MQ,FR-->MQ,FR-->MQ,FR-->MQ,FR-->MQ,FR-->MQ,FR-->MQ,FR-->MQ,FR-->MQ,FR-->MQ,FR-->MQ,FR-->MQ,FR-->MQ,FR-->MQ,FR-->MQ,FR-->MQ,FR-->MQ,FR-->MQ,FR-->MQ
MR,MRT,Mauritania,Nouakchott,Africa,Western Africa,,MR-->FR,MR-->FR,MR-->FR,MR-->FR,MR-->FR,MR-->FR,MR-->FR,MR-->FR,MR-->FR,MR-->FR,MR-->FR,MR-->FR,MR-->FR,MR-->FR,MR-->FR,MR-->FR,MR-->FR,MR-->FR,MR-->FR,0.0,,,,,,,,,,,,,,,,FR-->MR,FR-->MR,FR-->MR,FR-->MR,FR-->MR,FR-->MR,FR-->MR,FR-->MR,FR-->MR,FR-->MR,FR-->MR,FR-->MR,FR-->MR,FR-->MR,FR-->MR,FR-->MR,FR-->MR,FR-->MR,FR-->MR
MU,MUS,Mauritius,Port Louis,Africa,Eastern Africa,,MU-->FR,MU-->FR,MU-->FR,MU-->FR,MU-->FR,MU-->FR,MU-->FR,MU-->FR,MU-->FR,MU-->FR,MU-->FR,MU-->FR,MU-->FR,MU-->FR,MU-->FR,MU-->FR,MU-->FR,MU-->FR,MU-->FR,,,,,,,,,,,,,,,,,FR-->MU,FR-->MU,FR-->MU,FR-->MU,FR-->MU,FR-->MU,FR-->MU,FR-->MU,FR-->MU,FR-->MU,FR-->MU,FR-->MU,FR-->MU,FR-->MU,FR-->MU,FR-->MU,FR-->MU,FR-->MU,FR-->MU
YT,MYT,Mayotte,Mamoudzou,Africa,Eastern Africa,,YT-->FR,YT-->FR,YT-->FR,YT-->FR,YT-->FR,YT-->FR,YT-->FR,YT-->FR,YT-->FR,YT-->FR,YT-->FR,YT-->FR,YT-->FR,YT-->FR,YT-->FR,YT-->FR,YT-->FR,YT-->FR,YT-->FR,,,,,,,,,,,,,,,,,FR-->YT,FR-->YT,FR-->YT,FR-->YT,FR-->YT,FR-->YT,FR-->YT,FR-->YT,FR-->YT,FR-->YT,FR-->YT,FR-->YT,FR-->YT,FR-->YT,FR-->YT,FR-->YT,FR-->YT,FR-->YT,FR-->YT
MX,MEX,Mexico,Mexico City,Americas,Central America,,MX-->FR,MX-->FR,MX-->FR,MX-->FR,MX-->FR,MX-->FR,MX-->FR,MX-->FR,MX-->FR,MX-->FR,MX-->FR,MX-->FR,MX-->FR,MX-->FR,MX-->FR,MX-->FR,MX-->FR,MX-->FR,MX-->FR,,,,,,,,,,,,,,,,,FR-->MX,FR-->MX,FR-->MX,FR-->MX,FR-->MX,FR-->MX,FR-->MX,FR-->MX,FR-->MX,FR-->MX,FR-->MX,FR-->MX,FR-->MX,FR-->MX,FR-->MX,FR-->MX,FR-->MX,FR-->MX,FR-->MX
FM,FSM,Federated States of Micronesia,Palikir,Oceania,Micronesia,,FM-->FR,FM-->FR,FM-->FR,FM-->FR,FM-->FR,FM-->FR,FM-->FR,FM-->FR,FM-->FR,FM-->FR,FM-->FR,FM-->FR,FM-->FR,FM-->FR,FM-->FR,FM-->FR,FM-->FR,FM-->FR,FM-->FR,,,,,,,,,,,,,,,,,FR-->FM,FR-->FM,FR-->FM,FR-->FM,FR-->FM,FR-->FM,FR-->FM,FR-->FM,FR-->FM,FR-->FM,FR-->FM,FR-->FM,FR-->FM,FR-->FM,FR-->FM,FR-->FM,FR-->FM,FR-->FM,FR-->FM
MD,MDA,Moldova,Chișinău,Europe,Eastern Europe,,MD-->FR,MD-->FR,MD-->FR,MD-->FR,MD-->FR,MD-->FR,MD-->FR,MD-->FR,MD-->FR,MD-->FR,MD-->FR,MD-->FR,MD-->FR,MD-->FR,MD-->FR,MD-->FR,MD-->FR,MD-->FR,MD-->FR,,,,,,,,,,,,,,,,,FR-->MD,FR-->MD,FR-->MD,FR-->MD,FR-->MD,FR-->MD,FR-->MD,FR-->MD,FR-->MD,FR-->MD,FR-->MD,FR-->MD,FR-->MD,FR-->MD,FR-->MD,FR-->MD,FR-->MD,FR-->MD,FR-->MD
MC,MCO,Monaco,Monaco,Europe,Western Europe,,MC-->FR,MC-->FR,MC-->FR,MC-->FR,MC-->FR,MC-->FR,MC-->FR,MC-->FR,MC-->FR,MC-->FR,MC-->FR,MC-->FR,MC-->FR,MC-->FR,MC-->FR,MC-->FR,MC-->FR,MC-->FR,MC-->FR,,,,,,,,,,,,,,,,,FR-->MC,FR-->MC,FR-->MC,FR-->MC,FR-->MC,FR-->MC,FR-->MC,FR-->MC,FR-->MC,FR-->MC,FR-->MC,FR-->MC,FR-->MC,FR-->MC,FR-->MC,FR-->MC,FR-->MC,FR-->MC,FR-->MC
MN,MNG,Mongolia,Ulan Bator,Asia,Eastern Asia,,MN-->FR,MN-->FR,MN-->FR,MN-->FR,MN-->FR,MN-->FR,MN-->FR,MN-->FR,MN-->FR,MN-->FR,MN-->FR,MN-->FR,MN-->FR,MN-->FR,MN-->FR,MN-->FR,MN-->FR,MN-->FR,MN-->FR,,,,,,,,,,,,,,,,,FR-->MN,FR-->MN,FR-->MN,FR-->MN,FR-->MN,FR-->MN,FR-->MN,FR-->MN,FR-->MN,FR-->MN,FR-->MN,FR-->MN,FR-->MN,FR-->MN,FR-->MN,FR-->MN,FR-->MN,FR-->MN,FR-->MN
ME,MNE,Montenegro,Podgorica,Europe,Southern Europe,,ME-->FR,ME-->FR,ME-->FR,ME-->FR,ME-->FR,ME-->FR,ME-->FR,ME-->FR,ME-->FR,ME-->FR,ME-->FR,ME-->FR,ME-->FR,ME-->FR,ME-->FR,ME-->FR,ME-->FR,ME-->FR,ME-->FR,,,,,,,,,,,,,,,,,FR-->ME,FR-->ME,FR-->ME,FR-->ME,FR-->ME,FR-->ME,FR-->ME,FR-->ME,FR-->ME,FR-->ME,FR-->ME,FR-->ME,FR-->ME,FR-->ME,FR-->ME,FR-->ME,FR-->ME,FR-->ME,FR-->ME
MS,MSR,Montserrat,Plymouth,Americas,Caribbean,,MS-->FR,MS-->FR,MS-->FR,MS-->FR,MS-->FR,MS-->FR,MS-->FR,MS-->FR,MS-->FR,MS-->FR,MS-->FR,MS-->FR,MS-->FR,MS-->FR,MS-->FR,MS-->FR,MS-->FR,MS-->FR,MS-->FR,,,,,,,,,,,,,,,,,FR-->MS,FR-->MS,FR-->MS,FR-->MS,FR-->MS,FR-->MS,FR-->MS,FR-->MS,FR-->MS,FR-->MS,FR-->MS,FR-->MS,FR-->MS,FR-->MS,FR-->MS,FR-->MS,FR-->MS,FR-->MS,FR-->MS
MA,MAR,Morocco,Rabat,Africa,Northern Africa,,MA-->FR,MA-->FR,MA-->FR,MA-->FR,MA-->FR,MA-->FR,MA-->FR,MA-->FR,MA-->FR,MA-->FR,MA-->FR,MA-->FR,MA-->FR,MA-->FR,MA-->FR,MA-->FR,MA-->FR,MA-->FR,MA-->FR,,,,,,,,,,,,,,,,,FR-->MA,FR-->MA,FR-->MA,FR-->MA,FR-->MA,FR-->MA,FR-->MA,FR-->MA,FR-->MA,FR-->MA,FR-->MA,FR-->MA,FR-->MA,FR-->MA,FR-->MA,FR-->MA,FR-->MA,FR-->MA,FR-->MA
MZ,MOZ,Mozambique,Maputo,Africa,Eastern Africa,,MZ-->FR,MZ-->FR,MZ-->FR,MZ-->FR,MZ-->FR,MZ-->FR,MZ-->FR,MZ-->FR,MZ-->FR,MZ-->FR,MZ-->FR,MZ-->FR,MZ-->FR,MZ-->FR,MZ-->FR,MZ-->FR,MZ-->FR,MZ-->FR,MZ-->FR,,,,,,,,,,,,,,,,,FR-->MZ,FR-->MZ,FR-->MZ,FR-->MZ,FR-->MZ,FR-->MZ,FR-->MZ,FR-->MZ,FR-->MZ,FR-->MZ,FR-->MZ,FR-->MZ,FR-->MZ,FR-->MZ,FR-->MZ,FR-->MZ,FR-->MZ,FR-->MZ,FR-->MZ
MM,MMR,Myanmar,Naypyidaw,Asia,South-Eastern Asia,,MM-->FR,MM-->FR,MM-->FR,MM-->FR,MM-->FR,MM-->FR,MM-->FR,MM-->FR,MM-->FR,MM-->FR,MM-->FR,MM-->FR,MM-->FR,MM-->FR,MM-->FR,MM-->FR,MM-->FR,MM-->FR,MM-->FR,,,,,,,,,,,,,,,,,FR-->MM,FR-->MM,FR-->MM,FR-->MM,FR-->MM,FR-->MM,FR-->MM,FR-->MM,FR-->MM,FR-->MM,FR-->MM,FR-->MM,FR-->MM,FR-->MM,FR-->MM,FR-->MM,FR-->MM,FR-->MM,FR-->MM
,NAM,Namibia,Windhoek,Africa,Southern Africa,,NA-->FR,NA-->FR,NA-->FR,NA-->FR,NA-->FR,NA-->FR,NA-->FR,NA-->FR,NA-->FR,NA-->FR,NA-->FR,NA-->FR,NA-->FR,NA-->FR,NA-->FR,NA-->FR,NA-->FR,NA-->FR,NA-->FR,,,,,,,,,,,,,,,,,FR-->NA,FR-->NA,FR-->NA,FR-->NA,FR-->NA,FR-->NA,FR-->NA,FR-->NA,FR-->NA,FR-->NA,FR-->NA,FR-->NA,FR-->NA,FR-->NA,FR-->NA,FR-->NA,FR-->NA,FR-->NA,FR-->NA
NR,NRU,Nauru,Yaren,Oceania,Micronesia,,NR-->FR,NR-->FR,NR-->FR,NR-->FR,NR-->FR,NR-->FR,NR-->FR,NR-->FR,NR-->FR,NR-->FR,NR-->FR,NR-->FR,NR-->FR,NR-->FR,NR-->FR,NR-->FR,NR-->FR,NR-->FR,NR-->FR,,,,,,,,,,,,,,,,,FR-->NR,FR-->NR,FR-->NR,FR-->NR,FR-->NR,FR-->NR,FR-->NR,FR-->NR,FR-->NR,FR-->NR,FR-->NR,FR-->NR,FR-->NR,FR-->NR,FR-->NR,FR-->NR,FR-->NR,FR-->NR,FR-->NR
NP,NPL,Nepal,Kathmandu,Asia,Southern Asia,,NP-->FR,NP-->FR,NP-->FR,NP-->FR,NP-->FR,NP-->FR,NP-->FR,NP-->FR,NP-->FR,NP-->FR,NP-->FR,NP-->FR,NP-->FR,NP-->FR,NP-->FR,NP-->FR,NP-->FR,NP-->FR,NP-->FR,,,,,,,,,,,,,,,,,FR-->NP,FR-->NP,FR-->NP,FR-->NP,FR-->NP,FR-->NP,FR-->NP,FR-->NP,FR-->NP,FR-->NP,FR-->NP,FR-->NP,FR-->NP,FR-->NP,FR-->NP,FR-->NP,FR-->NP,FR-->NP,FR-->NP
NL,NLD,Netherlands,Amsterdam,Europe,Western Europe,,NL-->FR,NL-->FR,NL-->FR,NL-->FR,NL-->FR,NL-->FR,NL-->FR,NL-->FR,NL-->FR,NL-->FR,NL-->FR,NL-->FR,NL-->FR,NL-->FR,NL-->FR,NL-->FR,NL-->FR,NL-->FR,NL-->FR,,,,,,,,,,,,,,,,,FR-->NL,FR-->NL,FR-->NL,FR-->NL,FR-->NL,FR-->NL,FR-->NL,FR-->NL,FR-->NL,FR-->NL,FR-->NL,FR-->NL,FR-->NL,FR-->NL,FR-->NL,FR-->NL,FR-->NL,FR-->NL,FR-->NL
NC,NCL,New Caledonia,Nouméa,Oceania,Melanesia,,NC-->FR,NC-->FR,NC-->FR,NC-->FR,NC-->FR,NC-->FR,NC-->FR,NC-->FR,NC-->FR,NC-->FR,NC-->FR,NC-->FR,NC-->FR,NC-->FR,NC-->FR,NC-->FR,NC-->FR,NC-->FR,NC-->FR,,,,,,,,,,,,,,,,,FR-->NC,FR-->NC,FR-->NC,FR-->NC,FR-->NC,FR-->NC,FR-->NC,FR-->NC,FR-->NC,FR-->NC,FR-->NC,FR-->NC,FR-->NC,FR-->NC,FR-->NC,FR-->NC,FR-->NC,FR-->NC,FR-->NC
NZ,NZL,New Zealand,Wellington,Oceania,Australia and New Zealand,,NZ-->FR,NZ-->FR,NZ-->FR,NZ-->FR,NZ-->FR,NZ-->FR,NZ-->FR,NZ-->FR,NZ-->FR,NZ-->FR,NZ-->FR,NZ-->FR,NZ-->FR,NZ-->FR,NZ-->FR,NZ-->FR,NZ-->FR,NZ-->FR,NZ-->FR,,,,,,,,,,,,,,,,,FR-->NZ,FR-->NZ,FR-->NZ,FR-->NZ,FR-->NZ,FR-->NZ,FR-->NZ,FR-->NZ,FR-->NZ,FR-->NZ,FR-->NZ,FR-->NZ,FR-->NZ,FR-->NZ,FR-->NZ,FR-->NZ,FR-->NZ,FR-->NZ,FR-->NZ
NI,NIC,Nicaragua,Managua,Americas,Central America,,NI-->FR,NI-->FR,NI-->FR,NI-->FR,NI-->FR,NI-->FR,NI-->FR,NI-->FR,NI-->FR,NI-->FR,NI-->FR,NI-->FR,NI-->FR,NI-->FR,NI-->FR,NI-->FR,NI-->FR,NI-->FR,NI-->FR,,,,,,,,,,,,,,,,,FR-->NI,FR-->NI,FR-->NI,FR-->NI,FR-->NI,FR-->NI,FR-->NI,FR-->NI,FR-->NI,FR-->NI,FR-->NI,FR-->NI,FR-->NI,FR-->NI,FR-->NI,FR-->NI,FR-->NI,FR-->NI,FR-->NI
NE,NER,Niger,Niamey,Africa,Western Africa,,NE-->FR,NE-->FR,NE-->FR,NE-->FR,NE-->FR,NE-->FR,NE-->FR,NE-->FR,NE-->FR,NE-->FR,NE-->FR,NE-->FR,NE-->FR,NE-->FR,NE-->FR,NE-->FR,NE-->FR,NE-->FR,NE-->FR,,,,,,,,,,,,,,,,,FR-->NE,FR-->NE,FR-->NE,FR-->NE,FR-->NE,FR-->NE,FR-->NE,FR-->NE,FR-->NE,FR-->NE,FR-->NE,FR-->NE,FR-->NE,FR-->NE,FR-->NE,FR-->NE,FR-->NE,FR-->NE,FR-->NE
NG,NGA,Nigeria,Abuja,Africa,Western Africa,,NG-->FR,NG-->FR,NG-->FR,NG-->FR,NG-->FR,NG-->FR,NG-->FR,NG-->FR,NG-->FR,NG-->FR,NG-->FR,NG-->FR,NG-->FR,NG-->FR,NG-->FR,NG-->FR,NG-->FR,NG-->FR,NG-->FR,,,,,,,,,,,,,,,,,FR-->NG,FR-->NG,FR-->NG,FR-->NG,FR-->NG,FR-->NG,FR-->NG,FR-->NG,FR-->NG,FR-->NG,FR-->NG,FR-->NG,FR-->NG,FR-->NG,FR-->NG,FR-->NG,FR-->NG,FR-->NG,FR-->NG
NU,NIU,Niue,Alofi,Oceania,Polynesia,,NU-->FR,NU-->FR,NU-->FR,NU-->FR,NU-->FR,NU-->FR,NU-->FR,NU-->FR,NU-->FR,NU-->FR,NU-->FR,NU-->FR,NU-->FR,NU-->FR,NU-->FR,NU-->FR,NU-->FR,NU-->FR,NU-->FR,,,,,,,,,,,,,,,,,FR-->NU,FR-->NU,FR-->NU,FR-->NU,FR-->NU,FR-->NU,FR-->NU,FR-->NU,FR-->NU,FR-->NU,FR-->NU,FR-->NU,FR-->NU,FR-->NU,FR-->NU,FR-->NU,FR-->NU,FR-->NU,FR-->NU
NF,NFK,Norfolk Island,Kingston,Oceania,Australia and New Zealand,,NF-->FR,NF-->FR,NF-->FR,NF-->FR,NF-->FR,NF-->FR,NF-->FR,NF-->FR,NF-->FR,NF-->FR,NF-->FR,NF-->FR,NF-->FR,NF-->FR,NF-->FR,NF-->FR,NF-->FR,NF-->FR,NF-->FR,,,,,,,,,,,,,,,,,FR-->NF,FR-->NF,FR-->NF,FR-->NF,FR-->NF,FR-->NF,FR-->NF,FR-->NF,FR-->NF,FR-->NF,FR-->NF,FR-->NF,FR-->NF,FR-->NF,FR-->NF,FR-->NF,FR-->NF,FR-->NF,FR-->NF
KP,PRK,North Korea,Pyongyang,Asia,Eastern Asia,,KP-->FR,KP-->FR,KP-->FR,KP-->FR,KP-->FR,KP-->FR,KP-->FR,KP-->FR,KP-->FR,KP-->FR,KP-->FR,KP-->FR,KP-->FR,KP-->FR,KP-->FR,KP-->FR,KP-->FR,KP-->FR,KP-->FR,,,,,,,,,,,,,,,,,FR-->KP,FR-->KP,FR-->KP,FR-->KP,FR-->KP,FR-->KP,FR-->KP,FR-->KP,FR-->KP,FR-->KP,FR-->KP,FR-->KP,FR-->KP,FR-->KP,FR-->KP,FR-->KP,FR-->KP,FR-->KP,FR-->KP
MP,MNP,Northern Mariana Islands,Saipan,Oceania,Micronesia,,MP-->FR,MP-->FR,MP-->FR,MP-->FR,MP-->FR,MP-->FR,MP-->FR,MP-->FR,MP-->FR,MP-->FR,MP-->FR,MP-->FR,MP-->FR,MP-->FR,MP-->FR,MP-->FR,MP-->FR,MP-->FR,MP-->FR,,,,,,,,,,,,,,,,,FR-->MP,FR-->MP,FR-->MP,FR-->MP,FR-->MP,FR-->MP,FR-->MP,FR-->MP,FR-->MP,FR-->MP,FR-->MP,FR-->MP,FR-->MP,FR-->MP,FR-->MP,FR-->MP,FR-->MP,FR-->MP,FR-->MP
NO,NOR,Norway,Oslo,Europe,Northern Europe,,NO-->FR,NO-->FR,NO-->FR,NO-->FR,NO-->FR,NO-->FR,NO-->FR,NO-->FR,NO-->FR,NO-->FR,NO-->FR,NO-->FR,NO-->FR,NO-->FR,NO-->FR,NO-->FR,NO-->FR,NO-->FR,NO-->FR,,,,,,,,,,,,,,,,,FR-->NO,FR-->NO,FR-->NO,FR-->NO,FR-->NO,FR-->NO,FR-->NO,FR-->NO,FR-->NO,FR-->NO,FR-->NO,FR-->NO,FR-->NO,FR-->NO,FR-->NO,FR-->NO,FR-->NO,FR-->NO,FR-->NO
OM,OMN,Oman,Muscat,Asia,Western Asia,,OM-->FR,OM-->FR,OM-->FR,OM-->FR,OM-->FR,OM-->FR,OM-->FR,OM-->FR,OM-->FR,OM-->FR,OM-->FR,OM-->FR,OM-->FR,OM-->FR,OM-->FR,OM-->FR,OM-->FR,OM-->FR,OM-->FR,,,,,,,,,,,,,,,,,FR-->OM,FR-->OM,FR-->OM,FR-->OM,FR-->OM,FR-->OM,FR-->OM,FR-->OM,FR-->OM,FR-->OM,FR-->OM,FR-->OM,FR-->OM,FR-->OM,FR-->OM,FR-->OM,FR-->OM,FR-->OM,FR-->OM
PK,PAK,Pakistan,Islamabad,Asia,Southern Asia,,PK-->FR,PK-->FR,PK-->FR,PK-->FR,PK-->FR,PK-->FR,PK-->FR,PK-->FR,PK-->FR,PK-->FR,PK-->FR,PK-->FR,PK-->FR,PK-->FR,PK-->FR,PK-->FR,PK-->FR,PK-->FR,PK-->FR,,,,,,,,,,,,,,,,,FR-->PK,FR-->PK,FR-->PK,FR-->PK,FR-->PK,FR-->PK,FR-->PK,FR-->PK,FR-->PK,FR-->PK,FR-->PK,FR-->PK,FR-->PK,FR-->PK,FR-->PK,FR-->PK,FR-->PK,FR-->PK,FR-->PK
PW,PLW,Palau,Ngerulmud,Oceania,Micronesia,,PW-->FR,PW-->FR,PW-->FR,PW-->FR,PW-->FR,PW-->FR,PW-->FR,PW-->FR,PW-->FR,PW-->FR,PW-->FR,PW-->FR,PW-->FR,PW-->FR,PW-->FR,PW-->FR,PW-->FR,PW-->FR,PW-->FR,,,,,,,,,,,,,,,,,FR-->PW,FR-->PW,FR-->PW,FR-->PW,FR-->PW,FR-->PW,FR-->PW,FR-->PW,FR-->PW,FR-->PW,FR-->PW,FR-->PW,FR-->PW,FR-->PW,FR-->PW,FR-->PW,FR-->PW,FR-->PW,FR-->PW
PS,PSE,Palestine,Ramallah,Asia,Western Asia,,PS-->FR,PS-->FR,PS-->FR,PS-->FR,PS-->FR,PS-->FR,PS-->FR,PS-->FR,PS-->FR,PS-->FR,PS-->FR,PS-->FR,PS-->FR,PS-->FR,PS-->FR,PS-->FR,PS-->FR,PS-->FR,PS-->FR,,,,,,,,,,,,,,,,,FR-->PS,FR-->PS,FR-->PS,FR-->PS,FR-->PS,FR-->PS,FR-->PS,FR-->PS,FR-->PS,FR-->PS,FR-->PS,FR-->PS,FR-->PS,FR-->PS,FR-->PS,FR-->PS,FR-->PS,FR-->PS,FR-->PS
PA,PAN,Panama,Panama City,Americas,Central America,,PA-->FR,PA-->FR,PA-->FR,PA-->FR,PA-->FR,PA-->FR,PA-->FR,PA-->FR,PA-->FR,PA-->FR,PA-->FR,PA-->FR,PA-->FR,PA-->FR,PA-->FR,PA-->FR,PA-->FR,PA-->FR,PA-->FR,,,,,,,,,,,,,,,,,FR-->PA,FR-->PA,FR-->PA,FR-->PA,FR-->PA,FR-->PA,FR-->PA,FR-->PA,FR-->PA,FR-->PA,FR-->PA,FR-->PA,FR-->PA,FR-->PA,FR-->PA,FR-->PA,FR-->PA,FR-->PA,FR-->PA
PG,PNG,Papua New Guinea,Port Moresby,Oceania,Melanesia,,PG-->FR,PG-->FR,PG-->FR,PG-->FR,PG-->FR,PG-->FR,PG-->FR,PG-->FR,PG-->FR,PG-->FR,PG-->FR,PG-->FR,PG-->FR,PG-->FR,PG-->FR,PG-->FR,PG-->FR,PG-->FR,PG-->FR,,,,,,,,,,,,,,,,,FR-->PG,FR-->PG,FR-->PG,FR-->PG,FR-->PG,FR-->PG,FR-->PG,FR-->PG,FR-->PG,FR-->PG,FR-->PG,FR-->PG,FR-->PG,FR-->PG,FR-->PG,FR-->PG,FR-->PG,FR-->PG,FR-->PG
PY,PRY,Paraguay,Asunción,Americas,South America,,PY-->FR,PY-->FR,PY-->FR,PY-->FR,PY-->FR,PY-->FR,PY-->FR,PY-->FR,PY-->FR,PY-->FR,PY-->FR,PY-->FR,PY-->FR,PY-->FR,PY-->FR,PY-->FR,PY-->FR,PY-->FR,PY-->FR,,,,,,,,,,,,,,,,,FR-->PY,FR-->PY,FR-->PY,FR-->PY,FR-->PY,FR-->PY,FR-->PY,FR-->PY,FR-->PY,FR-->PY,FR-->PY,FR-->PY,FR-->PY,FR-->PY,FR-->PY,FR-->PY,FR-->PY,FR-->PY,FR-->PY
PE,PER,Peru,Lima,Americas,South America,,PE-->FR,PE-->FR,PE-->FR,PE-->FR,PE-->FR,PE-->FR,PE-->FR,PE-->FR,PE-->FR,PE-->FR,PE-->FR,PE-->FR,PE-->FR,PE-->FR,PE-->FR,PE-->FR,PE-->FR,PE-->FR,PE-->FR,,,,,,,,,,,,,,,,,FR-->PE,FR-->PE,FR-->PE,FR-->PE,FR-->PE,FR-->PE,FR-->PE,FR-->PE,FR-->PE,FR-->PE,FR-->PE,FR-->PE,FR-->PE,FR-->PE,FR-->PE,FR-->PE,FR-->PE,FR-->PE,FR-->PE
PH,PHL,Philippines,Manila,Asia,South-Eastern Asia,,PH-->FR,PH-->FR,PH-->FR,PH-->FR,PH-->FR,PH-->FR,PH-->FR,PH-->FR,PH-->FR,PH-->FR,PH-->FR,PH-->FR,PH-->FR,PH-->FR,PH-->FR,PH-->FR,PH-->FR,PH-->FR,PH-->FR,,,,,,,,,,,,,,,,,FR-->PH,FR-->PH,FR-->PH,FR-->PH,FR-->PH,FR-->PH,FR-->PH,FR-->PH,FR-->PH,FR-->PH,FR-->PH,FR-->PH,FR-->PH,FR-->PH,FR-->PH,FR-->PH,FR-->PH,FR-->PH,FR-->PH
PN,PCN,Pitcairn Islands,Adamstown,Oceania,Polynesia,,PN-->FR,PN-->FR,PN-->FR,PN-->FR,PN-->FR,PN-->FR,PN-->FR,PN-->FR,PN-->FR,PN-->FR,PN-->FR,PN-->FR,PN-->FR,PN-->FR,PN-->FR,PN-->FR,PN-->FR,PN-->FR,PN-->FR,,,,,,,,,,,,,,,,,FR-->PN,FR-->PN,FR-->PN,FR-->PN,FR-->PN,FR-->PN,FR-->PN,FR-->PN,FR-->PN,FR-->PN,FR-->PN,FR-->PN,FR-->PN,FR-->PN,FR-->PN,FR-->PN,FR-->PN,FR-->PN,FR-->PN
PL,POL,Poland,Warsaw,Europe,Eastern Europe,,PL-->FR,PL-->FR,PL-->FR,PL-->FR,PL-->FR,PL-->FR,PL-->FR,PL-->FR,PL-->FR,PL-->FR,PL-->FR,PL-->FR,PL-->FR,PL-->FR,PL-->FR,PL-->FR,PL-->FR,PL-->FR,PL-->FR,,,,,,,,,,,,,,,,,FR-->PL,FR-->PL,FR-->PL,FR-->PL,FR-->PL,FR-->PL,FR-->PL,FR-->PL,FR-->PL,FR-->PL,FR-->PL,FR-->PL,FR-->PL,FR-->PL,FR-->PL,FR-->PL,FR-->PL,FR-->PL,FR-->PL
PT,PRT,Portugal,Lisbon,Europe,Southern Europe,,PT-->FR,PT-->FR,PT-->FR,PT-->FR,PT-->FR,PT-->FR,PT-->FR,PT-->FR,PT-->FR,PT-->FR,PT-->FR,PT-->FR,PT-->FR,PT-->FR,PT-->FR,PT-->FR,PT-->FR,PT-->FR,PT-->FR,,,,,,,,,,,,,,,,,FR-->PT,FR-->PT,FR-->PT,FR-->PT,FR-->PT,FR-->PT,FR-->PT,FR-->PT,FR-->PT,FR-->PT,FR-->PT,FR-->PT,FR-->PT,FR-->PT,FR-->PT,FR-->PT,FR-->PT,FR-->PT,FR-->PT
PR,PRI,Puerto Rico,San Juan,Americas,Caribbean,,PR-->FR,PR-->FR,PR-->FR,PR-->FR,PR-->FR,PR-->FR,PR-->FR,PR-->FR,PR-->FR,PR-->FR,PR-->FR,PR-->FR,PR-->FR,PR-->FR,PR-->FR,PR-->FR,PR-->FR,PR-->FR,PR-->FR,,,,,,,,,,,,,,,,,FR-->PR,FR-->PR,FR-->PR,FR-->PR,FR-->PR,FR-->PR,FR-->PR,FR-->PR,FR-->PR,FR-->PR,FR-->PR,FR-->PR,FR-->PR,FR-->PR,FR-->PR,FR-->PR,FR-->PR,FR-->PR,FR-->PR
QA,QAT,Qatar,Doha,Asia,Western Asia,,QA-->FR,QA-->FR,QA-->FR,QA-->FR,QA-->FR,QA-->FR,QA-->FR,QA-->FR,QA-->FR,QA-->FR,QA-->FR,QA-->FR,QA-->FR,QA-->FR,QA-->FR,QA-->FR,QA-->FR,QA-->FR,QA-->FR,,,,,,,,,,,,,,,,,FR-->QA,FR-->QA,FR-->QA,FR-->QA,FR-->QA,FR-->QA,FR-->QA,FR-->QA,FR-->QA,FR-->QA,FR-->QA,FR-->QA,FR-->QA,FR-->QA,FR-->QA,FR-->QA,FR-->QA,FR-->QA,FR-->QA
XK,KOS,Republic of Kosovo,Pristina,Europe,Eastern Europe,,XK-->FR,XK-->FR,XK-->FR,XK-->FR,XK-->FR,XK-->FR,XK-->FR,XK-->FR,XK-->FR,XK-->FR,XK-->FR,XK-->FR,XK-->FR,XK-->FR,XK-->FR,XK-->FR,XK-->FR,XK-->FR,XK-->FR,,,,,,,,,,,,,,,,,FR-->XK,FR-->XK,FR-->XK,FR-->XK,FR-->XK,FR-->XK,FR-->XK,FR-->XK,FR-->XK,FR-->XK,FR-->XK,FR-->XK,FR-->XK,FR-->XK,FR-->XK,FR-->XK,FR-->XK,FR-->XK,FR-->XK
RE,REU,Réunion,Saint-Denis,Africa,Eastern Africa,,RE-->FR,RE-->FR,RE-->FR,RE-->FR,RE-->FR,RE-->FR,RE-->FR,RE-->FR,RE-->FR,RE-->FR,RE-->FR,RE-->FR,RE-->FR,RE-->FR,RE-->FR,RE-->FR,RE-->FR,RE-->FR,RE-->FR,,,,,,,,,,,,,,,,,FR-->RE,FR-->RE,FR-->RE,FR-->RE,FR-->RE,FR-->RE,FR-->RE,FR-->RE,FR-->RE,FR-->RE,FR-->RE,FR-->RE,FR-->RE,FR-->RE,FR-->RE,FR-->RE,FR-->RE,FR-->RE,FR-->RE
RO,ROU,Romania,Bucharest,Europe,Eastern Europe,,RO-->FR,RO-->FR,RO-->FR,RO-->FR,RO-->FR,RO-->FR,RO-->FR,RO-->FR,RO-->FR,RO-->FR,RO-->FR,RO-->FR,RO-->FR,RO-->FR,RO-->FR,RO-->FR,RO-->FR,RO-->FR,RO-->FR,,,,,,,,,,,,,,,,,FR-->RO,FR-->RO,FR-->RO,FR-->RO,FR-->RO,FR-->RO,FR-->RO,FR-->RO,FR-->RO,FR-->RO,FR-->RO,FR-->RO,FR-->RO,FR-->RO,FR-->RO,FR-->RO,FR-->RO,FR-->RO,FR-->RO
RU,RUS,Russia,Moscow,Europe,Eastern Europe,,RU-->FR,RU-->FR,RU-->FR,RU-->FR,RU-->FR,RU-->FR,RU-->FR,RU-->FR,RU-->FR,RU-->FR,RU-->FR,RU-->FR,RU-->FR,RU-->FR,RU-->FR,RU-->FR,RU-->FR,RU-->FR,RU-->FR,,,,,,,,,,,,,,,,,FR-->RU,FR-->RU,FR-->RU,FR-->RU,FR-->RU,FR-->RU,FR-->RU,FR-->RU,FR-->RU,FR-->RU,FR-->RU,FR-->RU,FR-->RU,FR-->RU,FR-->RU,FR-->RU,FR-->RU,FR-->RU,FR-->RU
RW,RWA,Rwanda,Kigali,Africa,Eastern Africa,,RW-->FR,RW-->FR,RW-->FR,RW-->FR,RW-->FR,RW-->FR,RW-->FR,RW-->FR,RW-->FR,RW-->FR,RW-->FR,RW-->FR,RW-->FR,RW-->FR,RW-->FR,RW-->FR,RW-->FR,RW-->FR,RW-->FR,,,,,,,,,,,,,,,,,FR-->RW,FR-->RW,FR-->RW,FR-->RW,FR-->RW,FR-->RW,FR-->RW,FR-->RW,FR-->RW,FR-->RW,FR-->RW,FR-->RW,FR-->RW,FR-->RW,FR-->RW,FR-->RW,FR-->RW,FR-->RW,FR-->RW
BL,BLM,Saint Barthélemy,Gustavia,Americas,Caribbean,,BL-->FR,BL-->FR,BL-->FR,BL-->FR,BL-->FR,BL-->FR,BL-->FR,BL-->FR,BL-->FR,BL-->FR,BL-->FR,BL-->FR,BL-->FR,BL-->FR,BL-->FR,BL-->FR,BL-->FR,BL-->FR,BL-->FR,,,,,,,,,,,,,,,,,FR-->BL,FR-->BL,FR-->BL,FR-->BL,FR-->BL,FR-->BL,FR-->BL,FR-->BL,FR-->BL,FR-->BL,FR-->BL,FR-->BL,FR-->BL,FR-->BL,FR-->BL,FR-->BL,FR-->BL,FR-->BL,FR-->BL
SH,SHN,Saint Helena,Jamestown,Africa,Western Africa,,SH-->FR,SH-->FR,SH-->FR,SH-->FR,SH-->FR,SH-->FR,SH-->FR,SH-->FR,SH-->FR,SH-->FR,SH-->FR,SH-->FR,SH-->FR,SH-->FR,SH-->FR,SH-->FR,SH-->FR,SH-->FR,SH-->FR,,,,,,,,,,,,,,,,,FR-->SH,FR-->SH,FR-->SH,FR-->SH,FR-->SH,FR-->SH,FR-->SH,FR-->SH,FR-->SH,FR-->SH,FR-->SH,FR-->SH,FR-->SH,FR-->SH,FR-->SH,FR-->SH,FR-->SH,FR-->SH,FR-->SH
KN,KNA,Saint Kitts and Nevis,Basseterre,Americas,Caribbean,,KN-->FR,KN-->FR,KN-->FR,KN-->FR,KN-->FR,KN-->FR,KN-->FR,KN-->FR,KN-->FR,KN-->FR,KN-->FR,KN-->FR,KN-->FR,KN-->FR,KN-->FR,KN-->FR,KN-->FR,KN-->FR,KN-->FR,,,,,,,,,,,,,,,,,FR-->KN,FR-->KN,FR-->KN,FR-->KN,FR-->KN,FR-->KN,FR-->KN,FR-->KN,FR-->KN,FR-->KN,FR-->KN,FR-->KN,FR-->KN,FR-->KN,FR-->KN,FR-->KN,FR-->KN,FR-->KN,FR-->KN
LC,LCA,Saint Lucia,Castries,Americas,Caribbean,,LC-->FR,LC-->FR,LC-->FR,LC-->FR,LC-->FR,LC-->FR,LC-->FR,LC-->FR,LC-->FR,LC-->FR,LC-->FR,LC-->FR,LC-->FR,LC-->FR,LC-->FR,LC-->FR,LC-->FR,LC-->FR,LC-->FR,,,,,,,,,,,,,,,,,FR-->LC,FR-->LC,FR-->LC,FR-->LC,FR-->LC,FR-->LC,FR-->LC,FR-->LC,FR-->LC,FR-->LC,FR-->LC,FR-->LC,FR-->LC,FR-->LC,FR-->LC,FR-->LC,FR-->LC,FR-->LC,FR-->LC
MF,MAF,Saint Martin,Marigot,Americas,Caribbean,,MF-->FR,MF-->FR,MF-->FR,MF-->FR,MF-->FR,MF-->FR,MF-->FR,MF-->FR,MF-->FR,MF-->FR,MF-->FR,MF-->FR,MF-->FR,MF-->FR,MF-->FR,MF-->FR,MF-->FR,MF-->FR,MF-->FR,,,,,,,,,,,,,,,,,FR-->MF,FR-->MF,FR-->MF,FR-->MF,FR-->MF,FR-->MF,FR-->MF,FR-->MF,FR-->MF,FR-->MF,FR-->MF,FR-->MF,FR-->MF,FR-->MF,FR-->MF,FR-->MF,FR-->MF,FR-->MF,FR-->MF
PM,SPM,Saint Pierre and Miquelon,Saint-Pierre,Americas,Northern America,,PM-->FR,PM-->FR,PM-->FR,PM-->FR,PM-->FR,PM-->FR,PM-->FR,PM-->FR,PM-->FR,PM-->FR,PM-->FR,PM-->FR,PM-->FR,PM-->FR,PM-->FR,PM-->FR,PM-->FR,PM-->FR,PM-->FR,,,,,,,,,,,,,,,,,FR-->PM,FR-->PM,FR-->PM,FR-->PM,FR-->PM,FR-->PM,FR-->PM,FR-->PM,FR-->PM,FR-->PM,FR-->PM,FR-->PM,FR-->PM,FR-->PM,FR-->PM,FR-->PM,FR-->PM,FR-->PM,FR-->PM
VC,VCT,Saint Vincent and the Grenadines,Kingstown,Americas,Caribbean,,VC-->FR,VC-->FR,VC-->FR,VC-->FR,VC-->FR,VC-->FR,VC-->FR,VC-->FR,VC-->FR,VC-->FR,VC-->FR,VC-->FR,VC-->FR,VC-->FR,VC-->FR,VC-->FR,VC-->FR,VC-->FR,VC-->FR,,,,,,,,,,,,,,,,,FR-->VC,FR-->VC,FR-->VC,FR-->VC,FR-->VC,FR-->VC,FR-->VC,FR-->VC,FR-->VC,FR-->VC,FR-->VC,FR-->VC,FR-->VC,FR-->VC,FR-->VC,FR-->VC,FR-->VC,FR-->VC,FR-->VC
WS,WSM,Samoa,Apia,Oceania,Polynesia,,WS-->FR,WS-->FR,WS-->FR,WS-->FR,WS-->FR,WS-->FR,WS-->FR,WS-->FR,WS-->FR,WS-->FR,WS-->FR,WS-->FR,WS-->FR,WS-->FR,WS-->FR,WS-->FR,WS-->FR,WS-->FR,WS-->FR,,,,,,,,,,,,,,,,,FR-->WS,FR-->WS,FR-->WS,FR-->WS,FR-->WS,FR-->WS,FR-->WS,FR-->WS,FR-->WS,FR-->WS,FR-->WS,FR-->WS,FR-->WS,FR-->WS,FR-->WS,FR-->WS,FR-->WS,FR-->WS,FR-->WS
SM,SMR,San Marino,City of San Marino,Europe,Southern Europe,,SM-->FR,SM-->FR,SM-->FR,SM-->FR,SM-->FR,SM-->FR,SM-->FR,SM-->FR,SM-->FR,SM-->FR,SM-->FR,SM-->FR,SM-->FR,SM-->FR,SM-->FR,SM-->FR,SM-->FR,SM-->FR,SM-->FR,,,,,,,,,,,,,,,,,FR-->SM,FR-->SM,FR-->SM,FR-->SM,FR-->SM,FR-->SM,FR-->SM,FR-->SM,FR-->SM,FR-->SM,FR-->SM,FR-->SM,FR-->SM,FR-->SM,FR-->SM,FR-->SM,FR-->SM,FR-->SM,FR-->SM
ST,STP,São Tomé and Príncipe,São Tomé,Africa,Middle Africa,,ST-->FR,ST-->FR,ST-->FR,ST-->FR,ST-->FR,ST-->FR,ST-->FR,ST-->FR,ST-->FR,ST-->FR,ST-->FR,ST-->FR,ST-->FR,ST-->FR,ST-->FR,ST-->FR,ST-->FR,ST-->FR,ST-->FR,,,,,,,,,,,,,,,,,FR-->ST,FR-->ST,FR-->ST,FR-->ST,FR-->ST,FR-->ST,FR-->ST,FR-->ST,FR-->ST,FR-->ST,FR-->ST,FR-->ST,FR-->ST,FR-->ST,FR-->ST,FR-->ST,FR-->ST,FR-->ST,FR-->ST
SA,SAU,Saudi Arabia,Riyadh,Asia,Western Asia,,SA-->FR,SA-->FR,SA-->FR,SA-->FR,SA-->FR,SA-->FR,SA-->FR,SA-->FR,SA-->FR,SA-->FR,SA-->FR,SA-->FR,SA-->FR,SA-->FR,SA-->FR,SA-->FR,SA-->FR,SA-->FR,SA-->FR,,,,,,,,,,,,,,,,,FR-->SA,FR-->SA,FR-->SA,FR-->SA,FR-->SA,FR-->SA,FR-->SA,FR-->SA,FR-->SA,FR-->SA,FR-->SA,FR-->SA,FR-->SA,FR-->SA,FR-->SA,FR-->SA,FR-->SA,FR-->SA,FR-->SA
SN,SEN,Senegal,Dakar,Africa,Western Africa,,SN-->FR,SN-->FR,SN-->FR,SN-->FR,SN-->FR,SN-->FR,SN-->FR,SN-->FR,SN-->FR,SN-->FR,SN-->FR,SN-->FR,SN-->FR,SN-->FR,SN-->FR,SN-->FR,SN-->FR,SN-->FR,SN-->FR,,,,,,,,,,,,,,,,,FR-->SN,FR-->SN,FR-->SN,FR-->SN,FR-->SN,FR-->SN,FR-->SN,FR-->SN,FR-->SN,FR-->SN,FR-->SN,FR-->SN,FR-->SN,FR-->SN,FR-->SN,FR-->SN,FR-->SN,FR-->SN,FR-->SN
RS,SRB,Serbia,Belgrade,Europe,Southern Europe,,RS-->FR,RS-->FR,RS-->FR,RS-->FR,RS-->FR,RS-->FR,RS-->FR,RS-->FR,RS-->FR,RS-->FR,RS-->FR,RS-->FR,RS-->FR,RS-->FR,RS-->FR,RS-->FR,RS-->FR,RS-->FR,RS-->FR,,,,,,,,,,,,,,,,,FR-->RS,FR-->RS,FR-->RS,FR-->RS,FR-->RS,FR-->RS,FR-->RS,FR-->RS,FR-->RS,FR-->RS,FR-->RS,FR-->RS,FR-->RS,FR-->RS,FR-->RS,FR-->RS,FR-->RS,FR-->RS,FR-->RS
SC,SYC,Seychelles,Victoria,Africa,Eastern Africa,,SC-->FR,SC-->FR,SC-->FR,SC-->FR,SC-->FR,SC-->FR,SC-->FR,SC-->FR,SC-->FR,SC-->FR,SC-->FR,SC-->FR,SC-->FR,SC-->FR,SC-->FR,SC-->FR,SC-->FR,SC-->FR,SC-->FR,,,,,,,,,,,,,,,,,FR-->SC,FR-->SC,FR-->SC,FR-->SC,FR-->SC,FR-->SC,FR-->SC,FR-->SC,FR-->SC,FR-->SC,FR-->SC,FR-->SC,FR-->SC,FR-->SC,FR-->SC,FR-->SC,FR-->SC,FR-->SC,FR-->SC
SL,SLE,Sierra Leone,Freetown,Africa,Western Africa,,SL-->FR,SL-->FR,SL-->FR,SL-->FR,SL-->FR,SL-->FR,SL-->FR,SL-->FR,SL-->FR,SL-->FR,SL-->FR,SL-->FR,SL-->FR,SL-->FR,SL-->FR,SL-->FR,SL-->FR,SL-->FR,SL-->FR,,,,,,,,,,,,,,,,,FR-->SL,FR-->SL,FR-->SL,FR-->SL,FR-->SL,FR-->SL,FR-->SL,FR-->SL,FR-->SL,FR-->SL,FR-->SL,FR-->SL,FR-->SL,FR-->SL,FR-->SL,FR-->SL,FR-->SL,FR-->SL,FR-->SL
SG,SGP,Singapore,Singapore,Asia,South-Eastern Asia,,SG-->FR,SG-->FR,SG-->FR,SG-->FR,SG-->FR,SG-->FR,SG-->FR,SG-->FR,SG-->FR,SG-->FR,SG-->FR,SG-->FR,SG-->FR,SG-->FR,SG-->FR,SG-->FR,SG-->FR,SG-->FR,SG-->FR,,,,,,,,,,,,,,,,,FR-->SG,FR-->SG,FR-->SG,FR-->SG,FR-->SG,FR-->SG,FR-->SG,FR-->SG,FR-->SG,FR-->SG,FR-->SG,FR-->SG,FR-->SG,FR-->SG,FR-->SG,FR-->SG,FR-->SG,FR-->SG,FR-->SG
SX,SXM,Sint Maarten,Philipsburg,Americas,Caribbean,,SX-->FR,SX-->FR,SX-->FR,SX-->FR,SX-->FR,SX-->FR,SX-->FR,SX-->FR,SX-->FR,SX-->FR,SX-->FR,SX-->FR,SX-->FR,SX-->FR,SX-->FR,SX-->FR,SX-->FR,SX-->FR,SX-->FR,,,,,,,,,,,,,,,,,FR-->SX,FR-->SX,FR-->SX,FR-->SX,FR-->SX,FR-->SX,FR-->SX,FR-->SX,FR-->SX,FR-->SX,FR-->SX,FR-->SX,FR-->SX,FR-->SX,FR-->SX,FR-->SX,FR-->SX,FR-->SX,FR-->SX
SK,SVK,Slovakia,Bratislava,Europe,Eastern Europe,,SK-->FR,SK-->FR,SK-->FR,SK-->FR,SK-->FR,SK-->FR,SK-->FR,SK-->FR,SK-->FR,SK-->FR,SK-->FR,SK-->FR,SK-->FR,SK-->FR,SK-->FR,SK-->FR,SK-->FR,SK-->FR,SK-->FR,,,,,,,,,,,,,,,,,FR-->SK,FR-->SK,FR-->SK,FR-->SK,FR-->SK,FR-->SK,FR-->SK,FR-->SK,FR-->SK,FR-->SK,FR-->SK,FR-->SK,FR-->SK,FR-->SK,FR-->SK,FR-->SK,FR-->SK,FR-->SK,FR-->SK
SI,SVN,Slovenia,Ljubljana,Europe,Southern Europe,,SI-->FR,SI-->FR,SI-->FR,SI-->FR,SI-->FR,SI-->FR,SI-->FR,SI-->FR,SI-->FR,SI-->FR,SI-->FR,SI-->FR,SI-->FR,SI-->FR,SI-->FR,SI-->FR,SI-->FR,SI-->FR,SI-->FR,,,,,,,,,,,,,,,,,FR-->SI,FR-->SI,FR-->SI,FR-->SI,FR-->SI,FR-->SI,FR-->SI,FR-->SI,FR-->SI,FR-->SI,FR-->SI,FR-->SI,FR-->SI,FR-->SI,FR-->SI,FR-->SI,FR-->SI,FR-->SI,FR-->SI
SB,SLB,Solomon Islands,Honiara,Oceania,Melanesia,,SB-->FR,SB-->FR,SB-->FR,SB-->FR,SB-->FR,SB-->FR,SB-->FR,SB-->FR,SB-->FR,SB-->FR,SB-->FR,SB-->FR,SB-->FR,SB-->FR,SB-->FR,SB-->FR,SB-->FR,SB-->FR,SB-->FR,,,,,,,,,,,,,,,,,FR-->SB,FR-->SB,FR-->SB,FR-->SB,FR-->SB,FR-->SB,FR-->SB,FR-->SB,FR-->SB,FR-->SB,FR-->SB,FR-->SB,FR-->SB,FR-->SB,FR-->SB,FR-->SB,FR-->SB,FR-->SB,FR-->SB
SO,SOM,Somalia,Mogadishu,Africa,Eastern Africa,,SO-->FR,SO-->FR,SO-->FR,SO-->FR,SO-->FR,SO-->FR,SO-->FR,SO-->FR,SO-->FR,SO-->FR,SO-->FR,SO-->FR,SO-->FR,SO-->FR,SO-->FR,SO-->FR,SO-->FR,SO-->FR,SO-->FR,,,,,,,,,,,,,,,,,FR-->SO,FR-->SO,FR-->SO,FR-->SO,FR-->SO,FR-->SO,FR-->SO,FR-->SO,FR-->SO,FR-->SO,FR-->SO,FR-->SO,FR-->SO,FR-->SO,FR-->SO,FR-->SO,FR-->SO,FR-->SO,FR-->SO
ZA,ZAF,South Africa,Pretoria,Africa,Southern Africa,,ZA-->FR,ZA-->FR,ZA-->FR,ZA-->FR,ZA-->FR,ZA-->FR,ZA-->FR,ZA-->FR,ZA-->FR,ZA-->FR,ZA-->FR,ZA-->FR,ZA-->FR,ZA-->FR,ZA-->FR,ZA-->FR,ZA-->FR,ZA-->FR,ZA-->FR,,,,,,,,,,,,,,,,,FR-->ZA,FR-->ZA,FR-->ZA,FR-->ZA,FR-->ZA,FR-->ZA,FR-->ZA,FR-->ZA,FR-->ZA,FR-->ZA,FR-->ZA,FR-->ZA,FR-->ZA,FR-->ZA,FR-->ZA,FR-->ZA,FR-->ZA,FR-->ZA,FR-->ZA
GS,SGS,South Georgia,King Edward Point,Americas,South America,,GS-->FR,GS-->FR,GS-->FR,GS-->FR,GS-->FR,GS-->FR,GS-->FR,GS-->FR,GS-->FR,GS-->FR,GS-->FR,GS-->FR,GS-->FR,GS-->FR,GS-->FR,GS-->FR,GS-->FR,GS-->FR,GS-->FR,,,,,,,,,,,,,,,,,FR-->GS,FR-->GS,FR-->GS,FR-->GS,FR-->GS,FR-->GS,FR-->GS,FR-->GS,FR-->GS,FR-->GS,FR-->GS,FR-->GS,FR-->GS,FR-->GS,FR-->GS,FR-->GS,FR-->GS,FR-->GS,FR-->GS
KR,KOR,South Korea,Seoul,Asia,Eastern Asia,,KR-->FR,KR-->FR,KR-->FR,KR-->FR,KR-->FR,KR-->FR,KR-->FR,KR-->FR,KR-->FR,KR-->FR,KR-->FR,KR-->FR,KR-->FR,KR-->FR,KR-->FR,KR-->FR,KR-->FR,KR-->FR,KR-->FR,,,,,,,,,,,,,,,,,FR-->KR,FR-->KR,FR-->KR,FR-->KR,FR-->KR,FR-->KR,FR-->KR,FR-->KR,FR-->KR,FR-->KR,FR-->KR,FR-->KR,FR-->KR,FR-->KR,FR-->KR,FR-->KR,FR-->KR,FR-->KR,FR-->KR
SS,SSD,South Sudan,Juba,Africa,Middle Africa,,SS-->FR,SS-->FR,SS-->FR,SS-->FR,SS-->FR,SS-->FR,SS-->FR,SS-->FR,SS-->FR,SS-->FR,SS-->FR,SS-->FR,SS-->FR,SS-->FR,SS-->FR,SS-->FR,SS-->FR,SS-->FR,SS-->FR,,,,,,,,,,,,,,,,,FR-->SS,FR-->SS,FR-->SS,FR-->SS,FR-->SS,FR-->SS,FR-->SS,FR-->SS,FR-->SS,FR-->SS,FR-->SS,FR-->SS,FR-->SS,FR-->SS,FR-->SS,FR-->SS,FR-->SS,FR-->SS,FR-->SS
ES,ESP,Spain,Madrid,Europe,Southern Europe,,ES-->FR,ES-->FR,ES-->FR,ES-->FR,ES-->FR,ES-->FR,ES-->FR,ES-->FR,ES-->FR,ES-->FR,ES-->FR,ES-->FR,ES-->FR,ES-->FR,ES-->FR,ES-->FR,ES-->FR,ES-->FR,ES-->FR,,,,,,,,,,,,,,,,,FR-->ES,FR-->ES,FR-->ES,FR-->ES,FR-->ES,FR-->ES,FR-->ES,FR-->ES,FR-->ES,FR-->ES,FR-->ES,FR-->ES,FR-->ES,FR-->ES,FR-->ES,FR-->ES,FR-->ES,FR-->ES,FR-->ES
LK,LKA,Sri Lanka,Colombo,Asia,Southern Asia,,LK-->FR,LK-->FR,LK-->FR,LK-->FR,LK-->FR,LK-->FR,LK-->FR,LK-->FR,LK-->FR,LK-->FR,LK-->FR,LK-->FR,LK-->FR,LK-->FR,LK-->FR,LK-->FR,LK-->FR,LK-->FR,LK-->FR,,,,,,,,,,,,,,,,,FR-->LK,FR-->LK,FR-->LK,FR-->LK,FR-->LK,FR-->LK,FR-->LK,FR-->LK,FR-->LK,FR-->LK,FR-->LK,FR-->LK,FR-->LK,FR-->LK,FR-->LK,FR-->LK,FR-->LK,FR-->LK,FR-->LK
SD,SDN,Sudan,Khartoum,Africa,Northern Africa,,SD-->FR,SD-->FR,SD-->FR,SD-->FR,SD-->FR,SD-->FR,SD-->FR,SD-->FR,SD-->FR,SD-->FR,SD-->FR,SD-->FR,SD-->FR,SD-->FR,SD-->FR,SD-->FR,SD-->FR,SD-->FR,SD-->FR,,,,,,,,,,,,,,,,,FR-->SD,FR-->SD,FR-->SD,FR-->SD,FR-->SD,FR-->SD,FR-->SD,FR-->SD,FR-->SD,FR-->SD,FR-->SD,FR-->SD,FR-->SD,FR-->SD,FR-->SD,FR-->SD,FR-->SD,FR-->SD,FR-->SD
SR,SUR,Suriname,Paramaribo,Americas,South America,,SR-->FR,SR-->FR,SR-->FR,SR-->FR,SR-->FR,SR-->FR,SR-->FR,SR-->FR,SR-->FR,SR-->FR,SR-->FR,SR-->FR,SR-->FR,SR-->FR,SR-->FR,SR-->FR,SR-->FR,SR-->FR,SR-->FR,,,,,,,,,,,,,,,,,FR-->SR,FR-->SR,FR-->SR,FR-->SR,FR-->SR,FR-->SR,FR-->SR,FR-->SR,FR-->SR,FR-->SR,FR-->SR,FR-->SR,FR-->SR,FR-->SR,FR-->SR,FR-->SR,FR-->SR,FR-->SR,FR-->SR
SJ,SJM,Svalbard and Jan Mayen,Longyearbyen,Europe,Northern Europe,,SJ-->FR,SJ-->FR,SJ-->FR,SJ-->FR,SJ-->FR,SJ-->FR,SJ-->FR,SJ-->FR,SJ-->FR,SJ-->FR,SJ-->FR,SJ-->FR,SJ-->FR,SJ-->FR,SJ-->FR,SJ-->FR,SJ-->FR,SJ-->FR,SJ-->FR,,,,,,,,,,,,,,,,,FR-->SJ,FR-->SJ,FR-->SJ,FR-->SJ,FR-->SJ,FR-->SJ,FR-->SJ,FR-->SJ,FR-->SJ,FR-->SJ,FR-->SJ,FR-->SJ,FR-->SJ,FR-->SJ,FR-->SJ,FR-->SJ,FR-->SJ,FR-->SJ,FR-->SJ
SZ,SWZ,Swaziland,Lobamba,Africa,Southern Africa,,SZ-->FR,SZ-->FR,SZ-->FR,SZ-->FR,SZ-->FR,SZ-->FR,SZ-->FR,SZ-->FR,SZ-->FR,SZ-->FR,SZ-->FR,SZ-->FR,SZ-->FR,SZ-->FR,SZ-->FR,SZ-->FR,SZ-->FR,SZ-->FR,SZ-->FR,,,,,,,,,,,,,,,,,FR-->SZ,FR-->SZ,FR-->SZ,FR-->SZ,FR-->SZ,FR-->SZ,FR-->SZ,FR-->SZ,FR-->SZ,FR-->SZ,FR-->SZ,FR-->SZ,FR-->SZ,FR-->SZ,FR-->SZ,FR-->SZ,FR-->SZ,FR-->SZ,FR-->SZ
SE,SWE,Sweden,Stockholm,Europe,Northern Europe,,SE-->FR,SE-->FR,SE-->FR,SE-->FR,SE-->FR,SE-->FR,SE-->FR,SE-->FR,SE-->FR,SE-->FR,SE-->FR,SE-->FR,SE-->FR,SE-->FR,SE-->FR,SE-->FR,SE-->FR,SE-->FR,SE-->FR,,,,,,,,,,,,,,,,,FR-->SE,FR-->SE,FR-->SE,FR-->SE,FR-->SE,FR-->SE,FR-->SE,FR-->SE,FR-->SE,FR-->SE,FR-->SE,FR-->SE,FR-->SE,FR-->SE,FR-->SE,FR-->SE,FR-->SE,FR-->SE,FR-->SE
CH,CHE,Switzerland,Bern,Europe,Western Europe,,CH-->FR,CH-->FR,CH-->FR,CH-->FR,CH-->FR,CH-->FR,CH-->FR,CH-->FR,CH-->FR,CH-->FR,CH-->FR,CH-->FR,CH-->FR,CH-->FR,CH-->FR,CH-->FR,CH-->FR,CH-->FR,CH-->FR,,,,,,,,,,,,,,,,,FR-->CH,FR-->CH,FR-->CH,FR-->CH,FR-->CH,FR-->CH,FR-->CH,FR-->CH,FR-->CH,FR-->CH,FR-->CH,FR-->CH,FR-->CH,FR-->CH,FR-->CH,FR-->CH,FR-->CH,FR-->CH,FR-->CH
SY,SYR,Syria,Damascus,Asia,Western Asia,,SY-->FR,SY-->FR,SY-->FR,SY-->FR,SY-->FR,SY-->FR,SY-->FR,SY-->FR,SY-->FR,SY-->FR,SY-->FR,SY-->FR,SY-->FR,SY-->FR,SY-->FR,SY-->FR,SY-->FR,SY-->FR,SY-->FR,,,,,,,,,,,,,,,,,FR-->SY,FR-->SY,FR-->SY,FR-->SY,FR-->SY,FR-->SY,FR-->SY,FR-->SY,FR-->SY,FR-->SY,FR-->SY,FR-->SY,FR-->SY,FR-->SY,FR-->SY,FR-->SY,FR-->SY,FR-->SY,FR-->SY
TW,TWN,Taiwan,Taipei,Asia,Eastern Asia,,TW-->FR,TW-->FR,TW-->FR,TW-->FR,TW-->FR,TW-->FR,TW-->FR,TW-->FR,TW-->FR,TW-->FR,TW-->FR,TW-->FR,TW-->FR,TW-->FR,TW-->FR,TW-->FR,TW-->FR,TW-->FR,TW-->FR,,,,,,,,,,,,,,,,,FR-->TW,FR-->TW,FR-->TW,FR-->TW,FR-->TW,FR-->TW,FR-->TW,FR-->TW,FR-->TW,FR-->TW,FR-->TW,FR-->TW,FR-->TW,FR-->TW,FR-->TW,FR-->TW,FR-->TW,FR-->TW,FR-->TW
TJ,TJK,Tajikistan,Dushanbe,Asia,Central Asia,,TJ-->FR,TJ-->FR,TJ-->FR,TJ-->FR,TJ-->FR,TJ-->FR,TJ-->FR,TJ-->FR,TJ-->FR,TJ-->FR,TJ-->FR,TJ-->FR,TJ-->FR,TJ-->FR,TJ-->FR,TJ-->FR,TJ-->FR,TJ-->FR,TJ-->FR,,,,,,,,,,,,,,,,,FR-->TJ,FR-->TJ,FR-->TJ,FR-->TJ,FR-->TJ,FR-->TJ,FR-->TJ,FR-->TJ,FR-->TJ,FR-->TJ,FR-->TJ,FR-->TJ,FR-->TJ,FR-->TJ,FR-->TJ,FR-->TJ,FR-->TJ,FR-->TJ,FR-->TJ
TZ,TZA,Tanzania,Dodoma,Africa,Eastern Africa,,TZ-->FR,TZ-->FR,TZ-->FR,TZ-->FR,TZ-->FR,TZ-->FR,TZ-->FR,TZ-->FR,TZ-->FR,TZ-->FR,TZ-->FR,TZ-->FR,TZ-->FR,TZ-->FR,TZ-->FR,TZ-->FR,TZ-->FR,TZ-->FR,TZ-->FR,,,,,,,,,,,,,,,,,FR-->TZ,FR-->TZ,FR-->TZ,FR-->TZ,FR-->TZ,FR-->TZ,FR-->TZ,FR-->TZ,FR-->TZ,FR-->TZ,FR-->TZ,FR-->TZ,FR-->TZ,FR-->TZ,FR-->TZ,FR-->TZ,FR-->TZ,FR-->TZ,FR-->TZ
TH,THA,Thailand,Bangkok,Asia,South-Eastern Asia,,TH-->FR,TH-->FR,TH-->FR,TH-->FR,TH-->FR,TH-->FR,TH-->FR,TH-->FR,TH-->FR,TH-->FR,TH-->FR,TH-->FR,TH-->FR,TH-->FR,TH-->FR,TH-->FR,TH-->FR,TH-->FR,TH-->FR,,,,,,,,,,,,,,,,,FR-->TH,FR-->TH,FR-->TH,FR-->TH,FR-->TH,FR-->TH,FR-->TH,FR-->TH,FR-->TH,FR-->TH,FR-->TH,FR-->TH,FR-->TH,FR-->TH,FR-->TH,FR-->TH,FR-->TH,FR-->TH,FR-->TH
TL,TLS,East Timor,Dili,Asia,South-Eastern Asia,,TL-->FR,TL-->FR,TL-->FR,TL-->FR,TL-->FR,TL-->FR,TL-->FR,TL-->FR,TL-->FR,TL-->FR,TL-->FR,TL-->FR,TL-->FR,TL-->FR,TL-->FR,TL-->FR,TL-->FR,TL-->FR,TL-->FR,,,,,,,,,,,,,,,,,FR-->TL,FR-->TL,FR-->TL,FR-->TL,FR-->TL,FR-->TL,FR-->TL,FR-->TL,FR-->TL,FR-->TL,FR-->TL,FR-->TL,FR-->TL,FR-->TL,FR-->TL,FR-->TL,FR-->TL,FR-->TL,FR-->TL
TG,TGO,Togo,Lomé,Africa,Western Africa,,TG-->FR,TG-->FR,TG-->FR,TG-->FR,TG-->FR,TG-->FR,TG-->FR,TG-->FR,TG-->FR,TG-->FR,TG-->FR,TG-->FR,TG-->FR,TG-->FR,TG-->FR,TG-->FR,TG-->FR,TG-->FR,TG-->FR,,,,,,,,,,,,,,,,,FR-->TG,FR-->TG,FR-->TG,FR-->TG,FR-->TG,FR-->TG,FR-->TG,FR-->TG,FR-->TG,FR-->TG,FR-->TG,FR-->TG,FR-->TG,FR-->TG,FR-->TG,FR-->TG,FR-->TG,FR-->TG,FR-->TG
TK,TKL,Tokelau,Fakaofo,Oceania,Polynesia,,TK-->FR,TK-->FR,TK-->FR,TK-->FR,TK-->FR,TK-->FR,TK-->FR,TK-->FR,TK-->FR,TK-->FR,TK-->FR,TK-->FR,TK-->FR,TK-->FR,TK-->FR,TK-->FR,TK-->FR,TK-->FR,TK-->FR,,,,,,,,,,,,,,,,,FR-->TK,FR-->TK,FR-->TK,FR-->TK,FR-->TK,FR-->TK,FR-->TK,FR-->TK,FR-->TK,FR-->TK,FR-->TK,FR-->TK,FR-->TK,FR-->TK,FR-->TK,FR-->TK,FR-->TK,FR-->TK,FR-->TK
TO,TON,Tonga,Nuku'alofa,Oceania,Polynesia,,TO-->FR,TO-->FR,TO-->FR,TO-->FR,TO-->FR,TO-->FR,TO-->FR,TO-->FR,TO-->FR,TO-->FR,TO-->FR,TO-->FR,TO-->FR,TO-->FR,TO-->FR,TO-->FR,TO-->FR,TO-->FR,TO-->FR,,,,,,,,,,,,,,,,,FR-->TO,FR-->TO,FR-->TO,FR-->TO,FR-->TO,FR-->TO,FR-->TO,FR-->TO,FR-->TO,FR-->TO,FR-->TO,FR-->TO,FR-->TO,FR-->TO,FR-->TO,FR-->TO,FR-->TO,FR-->TO,FR-->TO
TT,TTO,Trinidad and Tobago,Port of Spain,Americas,Caribbean,,TT-->FR,TT-->FR,TT-->FR,TT-->FR,TT-->FR,TT-->FR,TT-->FR,TT-->FR,TT-->FR,TT-->FR,TT-->FR,TT-->FR,TT-->FR,TT-->FR,TT-->FR,TT-->FR,TT-->FR,TT-->FR,TT-->FR,,,,,,,,,,,,,,,,,FR-->TT,FR-->TT,FR-->TT,FR-->TT,FR-->TT,FR-->TT,FR-->TT,FR-->TT,FR-->TT,FR-->TT,FR-->TT,FR-->TT,FR-->TT,FR-->TT,FR-->TT,FR-->TT,FR-->TT,FR-->TT,FR-->TT
TN,TUN,Tunisia,Tunis,Africa,Northern Africa,,TN-->FR,TN-->FR,TN-->FR,TN-->FR,TN-->FR,TN-->FR,TN-->FR,TN-->FR,TN-->FR,TN-->FR,TN-->FR,TN-->FR,TN-->FR,TN-->FR,TN-->FR,TN-->FR,TN-->FR,TN-->FR,TN-->FR,,,,,,,,,,,,,,,,,FR-->TN,FR-->TN,FR-->TN,FR-->TN,FR-->TN,FR-->TN,FR-->TN,FR-->TN,FR-->TN,FR-->TN,FR-->TN,FR-->TN,FR-->TN,FR-->TN,FR-->TN,FR-->TN,FR-->TN,FR-->TN,FR-->TN
TR,TUR,Turkey,Ankara,Asia,Western Asia,,TR-->FR,TR-->FR,TR-->FR,TR-->FR,TR-->FR,TR-->FR,TR-->FR,TR-->FR,TR-->FR,TR-->FR,TR-->FR,TR-->FR,TR-->FR,TR-->FR,TR-->FR,TR-->FR,TR-->FR,TR-->FR,TR-->FR,,,,,,,,,,,,,,,,,FR-->TR,FR-->TR,FR-->TR,FR-->TR,FR-->TR,FR-->TR,FR-->TR,FR-->TR,FR-->TR,FR-->TR,FR-->TR,FR-->TR,FR-->TR,FR-->TR,FR-->TR,FR-->TR,FR-->TR,FR-->TR,FR-->TR
TM,TKM,Turkmenistan,Ashgabat,Asia,Central Asia,,TM-->FR,TM-->FR,TM-->FR,TM-->FR,TM-->FR,TM-->FR,TM-->FR,TM-->FR,TM-->FR,TM-->FR,TM-->FR,TM-->FR,TM-->FR,TM-->FR,TM-->FR,TM-->FR,TM-->FR,TM-->FR,TM-->FR,,,,,,,,,,,,,,,,,FR-->TM,FR-->TM,FR-->TM,FR-->TM,FR-->TM,FR-->TM,FR-->TM,FR-->TM,FR-->TM,FR-->TM,FR-->TM,FR-->TM,FR-->TM,FR-->TM,FR-->TM,FR-->TM,FR-->TM,FR-->TM,FR-->TM
TC,TCA,Turks and Caicos Islands,Cockburn Town,Americas,Caribbean,,TC-->FR,TC-->FR,TC-->FR,TC-->FR,TC-->FR,TC-->FR,TC-->FR,TC-->FR,TC-->FR,TC-->FR,TC-->FR,TC-->FR,TC-->FR,TC-->FR,TC-->FR,TC-->FR,TC-->FR,TC-->FR,TC-->FR,,,,,,,,,,,,,,,,,FR-->TC,FR-->TC,FR-->TC,FR-->TC,FR-->TC,FR-->TC,FR-->TC,FR-->TC,FR-->TC,FR-->TC,FR-->TC,FR-->TC,FR-->TC,FR-->TC,FR-->TC,FR-->TC,FR-->TC,FR-->TC,FR-->TC
TV,TUV,Tuvalu,Funafuti,Oceania,Polynesia,,TV-->FR,TV-->FR,TV-->FR,TV-->FR,TV-->FR,TV-->FR,TV-->FR,TV-->FR,TV-->FR,TV-->FR,TV-->FR,TV-->FR,TV-->FR,TV-->FR,TV-->FR,TV-->FR,TV-->FR,TV-->FR,TV-->FR,,,,,,,,,,,,,,,,,FR-->TV,FR-->TV,FR-->TV,FR-->TV,FR-->TV,FR-->TV,FR-->TV,FR-->TV,FR-->TV,FR-->TV,FR-->TV,FR-->TV,FR-->TV,FR-->TV,FR-->TV,FR-->TV,FR-->TV,FR-->TV,FR-->TV
UG,UGA,Uganda,Kampala,Africa,Eastern Africa,,UG-->FR,UG-->FR,UG-->FR,UG-->FR,UG-->FR,UG-->FR,UG-->FR,UG-->FR,UG-->FR,UG-->FR,UG-->FR,UG-->FR,UG-->FR,UG-->FR,UG-->FR,UG-->FR,UG-->FR,UG-->FR,UG-->FR,,,,,,,,,,,,,,,,,FR-->UG,FR-->UG,FR-->UG,FR-->UG,FR-->UG,FR-->UG,FR-->UG,FR-->UG,FR-->UG,FR-->UG,FR-->UG,FR-->UG,FR-->UG,FR-->UG,FR-->UG,FR-->UG,FR-->UG,FR-->UG,FR-->UG
UA,UKR,Ukraine,Kiev,Europe,Eastern Europe,,UA-->FR,UA-->FR,UA-->FR,UA-->FR,UA-->FR,UA-->FR,UA-->FR,UA-->FR,UA-->FR,UA-->FR,UA-->FR,UA-->FR,UA-->FR,UA-->FR,UA-->FR,UA-->FR,UA-->FR,UA-->FR,UA-->FR,,,,,,,,,,,,,,,,,FR-->UA,FR-->UA,FR-->UA,FR-->UA,FR-->UA,FR-->UA,FR-->UA,FR-->UA,FR-->UA,FR-->UA,FR-->UA,FR-->UA,FR-->UA,FR-->UA,FR-->UA,FR-->UA,FR-->UA,FR-->UA,FR-->UA
AE,ARE,United Arab Emirates,Abu Dhabi,Asia,Western Asia,,AE-->FR,AE-->FR,AE-->FR,AE-->FR,AE-->FR,AE-->FR,AE-->FR,AE-->FR,AE-->FR,AE-->FR,AE-->FR,AE-->FR,AE-->FR,AE-->FR,AE-->FR,AE-->FR,AE-->FR,AE-->FR,AE-->FR,,,,,,,,,,,,,,,,,FR-->AE,FR-->AE,FR-->AE,FR-->AE,FR-->AE,FR-->AE,FR-->AE,FR-->AE,FR-->AE,FR-->AE,FR-->AE,FR-->AE,FR-->AE,FR-->AE,FR-->AE,FR-->AE,FR-->AE,FR-->AE,FR-->AE
GB,GBR,United Kingdom,London,Europe,Northern Europe,,GB-->FR,GB-->FR,GB-->FR,GB-->FR,GB-->FR,GB-->FR,GB-->FR,GB-->FR,GB-->FR,GB-->FR,GB-->FR,GB-->FR,GB-->FR,GB-->FR,GB-->FR,GB-->FR,GB-->FR,GB-->FR,GB-->FR,,,,,,,,,,,,,,,,,FR-->GB,FR-->GB,FR-->GB,FR-->GB,FR-->GB,FR-->GB,FR-->GB,FR-->GB,FR-->GB,FR-->GB,FR-->GB,FR-->GB,FR-->GB,FR-->GB,FR-->GB,FR-->GB,FR-->GB,FR-->GB,FR-->GB
US,USA,United States,"Washington, D.C.",Americas,Northern America,,US-->FR,US-->FR,US-->FR,US-->FR,US-->FR,US-->FR,US-->FR,US-->FR,US-->FR,US-->FR,US-->FR,US-->FR,US-->FR,US-->FR,US-->FR,US-->FR,US-->FR,US-->FR,US-->FR,,,,,,,,,,,,,,,,,FR-->US,FR-->US,FR-->US,FR-->US,FR-->US,FR-->US,FR-->US,FR-->US,FR-->US,FR-->US,FR-->US,FR-->US,FR-->US,FR-->US,FR-->US,FR-->US,FR-->US,FR-->US,FR-->US
UY,URY,Uruguay,Montevideo,Americas,South America,,UY-->FR,UY-->FR,UY-->FR,UY-->FR,UY-->FR,UY-->FR,UY-->FR,UY-->FR,UY-->FR,UY-->FR,UY-->FR,UY-->FR,UY-->FR,UY-->FR,UY-->FR,UY-->FR,UY-->FR,UY-->FR,UY-->FR,,,,,,,,,,,,,,,,,FR-->UY,FR-->UY,FR-->UY,FR-->UY,FR-->UY,FR-->UY,FR-->UY,FR-->UY,FR-->UY,FR-->UY,FR-->UY,FR-->UY,FR-->UY,FR-->UY,FR-->UY,FR-->UY,FR-->UY,FR-->UY,FR-->UY
UZ,UZB,Uzbekistan,Tashkent,Asia,Central Asia,,UZ-->FR,UZ-->FR,UZ-->FR,UZ-->FR,UZ-->FR,UZ-->FR,UZ-->FR,UZ-->FR,UZ-->FR,UZ-->FR,UZ-->FR,UZ-->FR,UZ-->FR,UZ-->FR,UZ-->FR,UZ-->FR,UZ-->FR,UZ-->FR,UZ-->FR,,,,,,,,,,,,,,,,,FR-->UZ,FR-->UZ,FR-->UZ,FR-->UZ,FR-->UZ,FR-->UZ,FR-->UZ,FR-->UZ,FR-->UZ,FR-->UZ,FR-->UZ,FR-->UZ,FR-->UZ,FR-->UZ,FR-->UZ,FR-->UZ,FR-->UZ,FR-->UZ,FR-->UZ
VU,VUT,Vanuatu,Port Vila,Oceania,Melanesia,,VU-->FR,VU-->FR,VU-->FR,VU-->FR,VU-->FR,VU-->FR,VU-->FR,VU-->FR,VU-->FR,VU-->FR,VU-->FR,VU-->FR,VU-->FR,VU-->FR,VU-->FR,VU-->FR,VU-->FR,VU-->FR,VU-->FR,,,,,,,,,,,,,,,,,FR-->VU,FR-->VU,FR-->VU,FR-->VU,FR-->VU,FR-->VU,FR-->VU,FR-->VU,FR-->VU,FR-->VU,FR-->VU,FR-->VU,FR-->VU,FR-->VU,FR-->VU,FR-->VU,FR-->VU,FR-->VU,FR-->VU
VE,VEN,Venezuela,Caracas,Americas,South America,,VE-->FR,VE-->FR,VE-->FR,VE-->FR,VE-->FR,VE-->FR,VE-->FR,VE-->FR,VE-->FR,VE-->FR,VE-->FR,VE-->FR,VE-->FR,VE-->FR,VE-->FR,VE-->FR,VE-->FR,VE-->FR,VE-->FR,,,,,,,,,,,,,,,,,FR-->VE,FR-->VE,FR-->VE,FR-->VE,FR-->VE,FR-->VE,FR-->VE,FR-->VE,FR-->VE,FR-->VE,FR-->VE,FR-->VE,FR-->VE,FR-->VE,FR-->VE,FR-->VE,FR-->VE,FR-->VE,FR-->VE
VN,VNM,Vietnam,Hanoi,Asia,South-Eastern Asia,,VN-->FR,VN-->FR,VN-->FR,VN-->FR,VN-->FR,VN-->FR,VN-->FR,VN-->FR,VN-->FR,VN-->FR,VN-->FR,VN-->FR,VN-->FR,VN-->FR,VN-->FR,VN-->FR,VN-->FR,VN-->FR,VN-->FR,,,,,,,,,,,,,,,,,FR-->VN,FR-->VN,FR-->VN,FR-->VN,FR-->VN,FR-->VN,FR-->VN,FR-->VN,FR-->VN,FR-->VN,FR-->VN,FR-->VN,FR-->VN,FR-->VN,FR-->VN,FR-->VN,FR-->VN,FR-->VN,FR-->VN
WF,WLF,Wallis and Futuna,Mata-Utu,Oceania,Polynesia,,WF-->FR,WF-->FR,WF-->FR,WF-->FR,WF-->FR,WF-->FR,WF-->FR,WF-->FR,WF-->FR,WF-->FR,WF-->FR,WF-->FR,WF-->FR,WF-->FR,WF-->FR,WF-->FR,WF-->FR,WF-->FR,WF-->FR,,,,,,,,,,,,,,,,,FR-->WF,FR-->WF,FR-->WF,FR-->WF,FR-->WF,FR-->WF,FR-->WF,FR-->WF,FR-->WF,FR-->WF,FR-->WF,FR-->WF,FR-->WF,FR-->WF,FR-->WF,FR-->WF,FR-->WF,FR-->WF,FR-->WF
EH,ESH,Western Sahara,El Aaiún,Africa,Northern Africa,,EH-->FR,EH-->FR,EH-->FR,EH-->FR,EH-->FR,EH-->FR,EH-->FR,EH-->FR,EH-->FR,EH-->FR,EH-->FR,EH-->FR,EH-->FR,EH-->FR,EH-->FR,EH-->FR,EH-->FR,EH-->FR,EH-->FR,,,,,,,,,,,,,,,,,FR-->EH,FR-->EH,FR-->EH,FR-->EH,FR-->EH,FR-->EH,FR-->EH,FR-->EH,FR-->EH,FR-->EH,FR-->EH,FR-->EH,FR-->EH,FR-->EH,FR-->EH,FR-->EH,FR-->EH,FR-->EH,FR-->EH
YE,YEM,Yemen,Sana'a,Asia,Western Asia,,YE-->FR,YE-->FR,YE-->FR,YE-->FR,YE-->FR,YE-->FR,YE-->FR,YE-->FR,YE-->FR,YE-->FR,YE-->FR,YE-->FR,YE-->FR,YE-->FR,YE-->FR,YE-->FR,YE-->FR,YE-->FR,YE-->FR,,,,,,,,,,,,,,,,,FR-->YE,FR-->YE,FR-->YE,FR-->YE,FR-->YE,FR-->YE,FR-->YE,FR-->YE,FR-->YE,FR-->YE,FR-->YE,FR-->YE,FR-->YE,FR-->YE,FR-->YE,FR-->YE,FR-->YE,FR-->YE,FR-->YE
ZM,ZMB,Zambia,Lusaka,Africa,Eastern Africa,,ZM-->FR,ZM-->FR,ZM-->FR,ZM-->FR,ZM-->FR,ZM-->FR,ZM-->FR,ZM-->FR,ZM-->FR,ZM-->FR,ZM-->FR,ZM-->FR,ZM-->FR,ZM-->FR,ZM-->FR,ZM-->FR,ZM-->FR,ZM-->FR,ZM-->FR,,,,,,,,,,,,,,,,,FR-->ZM,FR-->ZM,FR-->ZM,FR-->ZM,FR-->ZM,FR-->ZM,FR-->ZM,FR-->ZM,FR-->ZM,FR-->ZM,FR-->ZM,FR-->ZM,FR-->ZM,FR-->ZM,FR-->ZM,FR-->ZM,FR-->ZM,FR-->ZM,FR-->ZM
ZW,ZWE,Zimbabwe,Harare,Africa,Eastern Africa,,ZW-->FR,ZW-->FR,ZW-->FR,ZW-->FR,ZW-->FR,ZW-->FR,ZW-->FR,ZW-->FR,ZW-->FR,ZW-->FR,ZW-->FR,ZW-->FR,ZW-->FR,ZW-->FR,ZW-->FR,ZW-->FR,ZW-->FR,ZW-->FR,ZW-->FR,,,,,,,,,,,,,,,,,FR-->ZW,FR-->ZW,FR-->ZW,FR-->ZW,FR-->ZW,FR-->ZW,FR-->ZW,FR-->ZW,FR-->ZW,FR-->ZW,FR-->ZW,FR-->ZW,FR-->ZW,FR-->ZW,FR-->ZW,FR-->ZW,FR-->ZW,FR-->ZW,FR-->ZW
