nu,code,name,capital,region,subregion,Unnamed: 6,quara/into/where/e,quara/into/where/v,quara/into/where/uv,quara/into/min/e,quara/into/min/v,quara/into/min/uv,quara/into/max/e,quara/into/max/v,quara/into/max/uv,quara/into/comment,test/into/pcr/e,test/into/pcr/v,test/into/pcr/uv,test/into/ag/e,test/into/ag/v,test/into/ag/uv,test/into/comment,visa/into,visa/into/comment,loadStates/into,Unnamed: 27,Unnamed: 28,Unnamed: 29,Unnamed: 30,Unnamed: 31,Unnamed: 32,Unnamed: 33,Unnamed: 34,Unnamed: 35,Unnamed: 36,Unnamed: 37,Unnamed: 38,Unnamed: 39,Unnamed: 40,Unnamed: 41,quara/out/where/e,quara/out/where/v,quara/out/where/uv,quara/out/min/e,quara/out/min/v,quara/out/min/uv,quara/out/max/e,quara/out/max/v,quara/out/max/uv,quara/out/comment,test/out/pcr/e,test/out/pcr/v,test/out/pcr/uv,test/out/ag/e,test/out/ag/v,test/out/ag/uv,test/out/comment,visa/out,visa/out/comment
AF,AFG,Afghanistan,Kabul,Asia,Southern Asia,,AF-->PT,AF-->PT,AF-->PT,AF-->PT,AF-->PT,AF-->PT,AF-->PT,AF-->PT,AF-->PT,AF-->PT,AF-->PT,AF-->PT,AF-->PT,AF-->PT,AF-->PT,AF-->PT,AF-->PT,AF-->PT,AF-->PT,,,,,,,,,,,,,,,,,PT-->AF,PT-->AF,PT-->AF,PT-->AF,PT-->AF,PT-->AF,PT-->AF,PT-->AF,PT-->AF,PT-->AF,PT-->AF,PT-->AF,PT-->AF,PT-->AF,PT-->AF,PT-->AF,PT-->AF,PT-->AF,PT-->AF
AX,ALA,Åland Islands,Mariehamn,Europe,Northern Europe,,AX-->PT,AX-->PT,AX-->PT,AX-->PT,AX-->PT,AX-->PT,AX-->PT,AX-->PT,AX-->PT,AX-->PT,AX-->PT,AX-->PT,AX-->PT,AX-->PT,AX-->PT,AX-->PT,AX-->PT,AX-->PT,AX-->PT,,,,,,,,,,,,,,,,,PT-->AX,PT-->AX,PT-->AX,PT-->AX,PT-->AX,PT-->AX,PT-->AX,PT-->AX,PT-->AX,PT-->AX,PT-->AX,PT-->AX,PT-->AX,PT-->AX,PT-->AX,PT-->AX,PT-->AX,PT-->AX,PT-->AX
AL,ALB,Albania,Tirana,Europe,Southern Europe,,AL-->PT,AL-->PT,AL-->PT,AL-->PT,AL-->PT,AL-->PT,AL-->PT,AL-->PT,AL-->PT,AL-->PT,AL-->PT,AL-->PT,AL-->PT,AL-->PT,AL-->PT,AL-->PT,AL-->PT,AL-->PT,AL-->PT,,,,,,,,,,,,,,,,,PT-->AL,PT-->AL,PT-->AL,PT-->AL,PT-->AL,PT-->AL,PT-->AL,PT-->AL,PT-->AL,PT-->AL,PT-->AL,PT-->AL,PT-->AL,PT-->AL,PT-->AL,PT-->AL,PT-->AL,PT-->AL,PT-->AL
DZ,DZA,Algeria,Algiers,Africa,Northern Africa,,DZ-->PT,DZ-->PT,DZ-->PT,DZ-->PT,DZ-->PT,DZ-->PT,DZ-->PT,DZ-->PT,DZ-->PT,DZ-->PT,DZ-->PT,DZ-->PT,DZ-->PT,DZ-->PT,DZ-->PT,DZ-->PT,DZ-->PT,DZ-->PT,DZ-->PT,,,,,,,,,,,,,,,,,PT-->DZ,PT-->DZ,PT-->DZ,PT-->DZ,PT-->DZ,PT-->DZ,PT-->DZ,PT-->DZ,PT-->DZ,PT-->DZ,PT-->DZ,PT-->DZ,PT-->DZ,PT-->DZ,PT-->DZ,PT-->DZ,PT-->DZ,PT-->DZ,PT-->DZ
AS,ASM,American Samoa,Pago Pago,Oceania,Polynesia,,AS-->PT,AS-->PT,AS-->PT,AS-->PT,AS-->PT,AS-->PT,AS-->PT,AS-->PT,AS-->PT,AS-->PT,AS-->PT,AS-->PT,AS-->PT,AS-->PT,AS-->PT,AS-->PT,AS-->PT,AS-->PT,AS-->PT,,,,,,,,,,,,,,,,,PT-->AS,PT-->AS,PT-->AS,PT-->AS,PT-->AS,PT-->AS,PT-->AS,PT-->AS,PT-->AS,PT-->AS,PT-->AS,PT-->AS,PT-->AS,PT-->AS,PT-->AS,PT-->AS,PT-->AS,PT-->AS,PT-->AS
AD,AND,Andorra,Andorra la Vella,Europe,Southern Europe,,AD-->PT,AD-->PT,AD-->PT,AD-->PT,AD-->PT,AD-->PT,AD-->PT,AD-->PT,AD-->PT,AD-->PT,AD-->PT,AD-->PT,AD-->PT,AD-->PT,AD-->PT,AD-->PT,AD-->PT,AD-->PT,AD-->PT,,,,,,,,,,,,,,,,,PT-->AD,PT-->AD,PT-->AD,PT-->AD,PT-->AD,PT-->AD,PT-->AD,PT-->AD,PT-->AD,PT-->AD,PT-->AD,PT-->AD,PT-->AD,PT-->AD,PT-->AD,PT-->AD,PT-->AD,PT-->AD,PT-->AD
AO,AGO,Angola,Luanda,Africa,Middle Africa,,AO-->PT,AO-->PT,AO-->PT,AO-->PT,AO-->PT,AO-->PT,AO-->PT,AO-->PT,AO-->PT,AO-->PT,AO-->PT,AO-->PT,AO-->PT,AO-->PT,AO-->PT,AO-->PT,AO-->PT,AO-->PT,AO-->PT,,,,,,,,,,,,,,,,,PT-->AO,PT-->AO,PT-->AO,PT-->AO,PT-->AO,PT-->AO,PT-->AO,PT-->AO,PT-->AO,PT-->AO,PT-->AO,PT-->AO,PT-->AO,PT-->AO,PT-->AO,PT-->AO,PT-->AO,PT-->AO,PT-->AO
AI,AIA,Anguilla,The Valley,Americas,Caribbean,,AI-->PT,AI-->PT,AI-->PT,AI-->PT,AI-->PT,AI-->PT,AI-->PT,AI-->PT,AI-->PT,AI-->PT,AI-->PT,AI-->PT,AI-->PT,AI-->PT,AI-->PT,AI-->PT,AI-->PT,AI-->PT,AI-->PT,,,,,,,,,,,,,,,,,PT-->AI,PT-->AI,PT-->AI,PT-->AI,PT-->AI,PT-->AI,PT-->AI,PT-->AI,PT-->AI,PT-->AI,PT-->AI,PT-->AI,PT-->AI,PT-->AI,PT-->AI,PT-->AI,PT-->AI,PT-->AI,PT-->AI
AQ,ATA,Antarctica,,Polar,,,AQ-->PT,AQ-->PT,AQ-->PT,AQ-->PT,AQ-->PT,AQ-->PT,AQ-->PT,AQ-->PT,AQ-->PT,AQ-->PT,AQ-->PT,AQ-->PT,AQ-->PT,AQ-->PT,AQ-->PT,AQ-->PT,AQ-->PT,AQ-->PT,AQ-->PT,,,,,,,,,,,,,,,,,PT-->AQ,PT-->AQ,PT-->AQ,PT-->AQ,PT-->AQ,PT-->AQ,PT-->AQ,PT-->AQ,PT-->AQ,PT-->AQ,PT-->AQ,PT-->AQ,PT-->AQ,PT-->AQ,PT-->AQ,PT-->AQ,PT-->AQ,PT-->AQ,PT-->AQ
AG,ATG,Antigua and Barbuda,Saint John's,Americas,Caribbean,,AG-->PT,AG-->PT,AG-->PT,AG-->PT,AG-->PT,AG-->PT,AG-->PT,AG-->PT,AG-->PT,AG-->PT,AG-->PT,AG-->PT,AG-->PT,AG-->PT,AG-->PT,AG-->PT,AG-->PT,AG-->PT,AG-->PT,,,,,,,,,,,,,,,,,PT-->AG,PT-->AG,PT-->AG,PT-->AG,PT-->AG,PT-->AG,PT-->AG,PT-->AG,PT-->AG,PT-->AG,PT-->AG,PT-->AG,PT-->AG,PT-->AG,PT-->AG,PT-->AG,PT-->AG,PT-->AG,PT-->AG
AR,ARG,Argentina,Buenos Aires,Americas,South America,,AR-->PT,AR-->PT,AR-->PT,AR-->PT,AR-->PT,AR-->PT,AR-->PT,AR-->PT,AR-->PT,AR-->PT,AR-->PT,AR-->PT,AR-->PT,AR-->PT,AR-->PT,AR-->PT,AR-->PT,AR-->PT,AR-->PT,,,,,,,,,,,,,,,,,PT-->AR,PT-->AR,PT-->AR,PT-->AR,PT-->AR,PT-->AR,PT-->AR,PT-->AR,PT-->AR,PT-->AR,PT-->AR,PT-->AR,PT-->AR,PT-->AR,PT-->AR,PT-->AR,PT-->AR,PT-->AR,PT-->AR
AM,ARM,Armenia,Yerevan,Asia,Western Asia,,AM-->PT,AM-->PT,AM-->PT,AM-->PT,AM-->PT,AM-->PT,AM-->PT,AM-->PT,AM-->PT,AM-->PT,AM-->PT,AM-->PT,AM-->PT,AM-->PT,AM-->PT,AM-->PT,AM-->PT,AM-->PT,AM-->PT,,,,,,,,,,,,,,,,,PT-->AM,PT-->AM,PT-->AM,PT-->AM,PT-->AM,PT-->AM,PT-->AM,PT-->AM,PT-->AM,PT-->AM,PT-->AM,PT-->AM,PT-->AM,PT-->AM,PT-->AM,PT-->AM,PT-->AM,PT-->AM,PT-->AM
AW,ABW,Aruba,Oranjestad,Americas,Caribbean,,AW-->PT,AW-->PT,AW-->PT,AW-->PT,AW-->PT,AW-->PT,AW-->PT,AW-->PT,AW-->PT,AW-->PT,AW-->PT,AW-->PT,AW-->PT,AW-->PT,AW-->PT,AW-->PT,AW-->PT,AW-->PT,AW-->PT,,,,,,,,,,,,,,,,,PT-->AW,PT-->AW,PT-->AW,PT-->AW,PT-->AW,PT-->AW,PT-->AW,PT-->AW,PT-->AW,PT-->AW,PT-->AW,PT-->AW,PT-->AW,PT-->AW,PT-->AW,PT-->AW,PT-->AW,PT-->AW,PT-->AW
AU,AUS,Australia,Canberra,Oceania,Australia and New Zealand,,AU-->PT,AU-->PT,AU-->PT,AU-->PT,AU-->PT,AU-->PT,AU-->PT,AU-->PT,AU-->PT,AU-->PT,AU-->PT,AU-->PT,AU-->PT,AU-->PT,AU-->PT,AU-->PT,AU-->PT,AU-->PT,AU-->PT,,,,,,,,,,,,,,,,,PT-->AU,PT-->AU,PT-->AU,PT-->AU,PT-->AU,PT-->AU,PT-->AU,PT-->AU,PT-->AU,PT-->AU,PT-->AU,PT-->AU,PT-->AU,PT-->AU,PT-->AU,PT-->AU,PT-->AU,PT-->AU,PT-->AU
AT,AUT,Austria,Vienna,Europe,Western Europe,,AT-->PT,AT-->PT,AT-->PT,AT-->PT,AT-->PT,AT-->PT,AT-->PT,AT-->PT,AT-->PT,AT-->PT,AT-->PT,AT-->PT,AT-->PT,AT-->PT,AT-->PT,AT-->PT,AT-->PT,AT-->PT,AT-->PT,,,,,,,,,,,,,,,,,PT-->AT,PT-->AT,PT-->AT,PT-->AT,PT-->AT,PT-->AT,PT-->AT,PT-->AT,PT-->AT,PT-->AT,PT-->AT,PT-->AT,PT-->AT,PT-->AT,PT-->AT,PT-->AT,PT-->AT,PT-->AT,PT-->AT
AZ,AZE,Azerbaijan,Baku,Asia,Western Asia,,AZ-->PT,AZ-->PT,AZ-->PT,AZ-->PT,AZ-->PT,AZ-->PT,AZ-->PT,AZ-->PT,AZ-->PT,AZ-->PT,AZ-->PT,AZ-->PT,AZ-->PT,AZ-->PT,AZ-->PT,AZ-->PT,AZ-->PT,AZ-->PT,AZ-->PT,,,,,,,,,,,,,,,,,PT-->AZ,PT-->AZ,PT-->AZ,PT-->AZ,PT-->AZ,PT-->AZ,PT-->AZ,PT-->AZ,PT-->AZ,PT-->AZ,PT-->AZ,PT-->AZ,PT-->AZ,PT-->AZ,PT-->AZ,PT-->AZ,PT-->AZ,PT-->AZ,PT-->AZ
BS,BHS,The Bahamas,Nassau,Americas,Caribbean,,BS-->PT,BS-->PT,BS-->PT,BS-->PT,BS-->PT,BS-->PT,BS-->PT,BS-->PT,BS-->PT,BS-->PT,BS-->PT,BS-->PT,BS-->PT,BS-->PT,BS-->PT,BS-->PT,BS-->PT,BS-->PT,BS-->PT,,,,,,,,,,,,,,,,,PT-->BS,PT-->BS,PT-->BS,PT-->BS,PT-->BS,PT-->BS,PT-->BS,PT-->BS,PT-->BS,PT-->BS,PT-->BS,PT-->BS,PT-->BS,PT-->BS,PT-->BS,PT-->BS,PT-->BS,PT-->BS,PT-->BS
BH,BHR,Bahrain,Manama,Asia,Western Asia,,BH-->PT,BH-->PT,BH-->PT,BH-->PT,BH-->PT,BH-->PT,BH-->PT,BH-->PT,BH-->PT,BH-->PT,BH-->PT,BH-->PT,BH-->PT,BH-->PT,BH-->PT,BH-->PT,BH-->PT,BH-->PT,BH-->PT,,,,,,,,,,,,,,,,,PT-->BH,PT-->BH,PT-->BH,PT-->BH,PT-->BH,PT-->BH,PT-->BH,PT-->BH,PT-->BH,PT-->BH,PT-->BH,PT-->BH,PT-->BH,PT-->BH,PT-->BH,PT-->BH,PT-->BH,PT-->BH,PT-->BH
BD,BGD,Bangladesh,Dhaka,Asia,Southern Asia,,BD-->PT,BD-->PT,BD-->PT,BD-->PT,BD-->PT,BD-->PT,BD-->PT,BD-->PT,BD-->PT,BD-->PT,BD-->PT,BD-->PT,BD-->PT,BD-->PT,BD-->PT,BD-->PT,BD-->PT,BD-->PT,BD-->PT,,,,,,,,,,,,,,,,,PT-->BD,PT-->BD,PT-->BD,PT-->BD,PT-->BD,PT-->BD,PT-->BD,PT-->BD,PT-->BD,PT-->BD,PT-->BD,PT-->BD,PT-->BD,PT-->BD,PT-->BD,PT-->BD,PT-->BD,PT-->BD,PT-->BD
BB,BRB,Barbados,Bridgetown,Americas,Caribbean,,BB-->PT,BB-->PT,BB-->PT,BB-->PT,BB-->PT,BB-->PT,BB-->PT,BB-->PT,BB-->PT,BB-->PT,BB-->PT,BB-->PT,BB-->PT,BB-->PT,BB-->PT,BB-->PT,BB-->PT,BB-->PT,BB-->PT,,,,,,,,,,,,,,,,,PT-->BB,PT-->BB,PT-->BB,PT-->BB,PT-->BB,PT-->BB,PT-->BB,PT-->BB,PT-->BB,PT-->BB,PT-->BB,PT-->BB,PT-->BB,PT-->BB,PT-->BB,PT-->BB,PT-->BB,PT-->BB,PT-->BB
BY,BLR,Belarus,Minsk,Europe,Eastern Europe,,BY-->PT,BY-->PT,BY-->PT,BY-->PT,BY-->PT,BY-->PT,BY-->PT,BY-->PT,BY-->PT,BY-->PT,BY-->PT,BY-->PT,BY-->PT,BY-->PT,BY-->PT,BY-->PT,BY-->PT,BY-->PT,BY-->PT,,,,,,,,,,,,,,,,,PT-->BY,PT-->BY,PT-->BY,PT-->BY,PT-->BY,PT-->BY,PT-->BY,PT-->BY,PT-->BY,PT-->BY,PT-->BY,PT-->BY,PT-->BY,PT-->BY,PT-->BY,PT-->BY,PT-->BY,PT-->BY,PT-->BY
BE,BEL,Belgium,Brussels,Europe,Western Europe,,BE-->PT,BE-->PT,BE-->PT,BE-->PT,BE-->PT,BE-->PT,BE-->PT,BE-->PT,BE-->PT,BE-->PT,BE-->PT,BE-->PT,BE-->PT,BE-->PT,BE-->PT,BE-->PT,BE-->PT,BE-->PT,BE-->PT,,,,,,,,,,,,,,,,,PT-->BE,PT-->BE,PT-->BE,PT-->BE,PT-->BE,PT-->BE,PT-->BE,PT-->BE,PT-->BE,PT-->BE,PT-->BE,PT-->BE,PT-->BE,PT-->BE,PT-->BE,PT-->BE,PT-->BE,PT-->BE,PT-->BE
BZ,BLZ,Belize,Belmopan,Americas,Central America,,BZ-->PT,BZ-->PT,BZ-->PT,BZ-->PT,BZ-->PT,BZ-->PT,BZ-->PT,BZ-->PT,BZ-->PT,BZ-->PT,BZ-->PT,BZ-->PT,BZ-->PT,BZ-->PT,BZ-->PT,BZ-->PT,BZ-->PT,BZ-->PT,BZ-->PT,,,,,,,,,,,,,,,,,PT-->BZ,PT-->BZ,PT-->BZ,PT-->BZ,PT-->BZ,PT-->BZ,PT-->BZ,PT-->BZ,PT-->BZ,PT-->BZ,PT-->BZ,PT-->BZ,PT-->BZ,PT-->BZ,PT-->BZ,PT-->BZ,PT-->BZ,PT-->BZ,PT-->BZ
BJ,BEN,Benin,Porto-Novo,Africa,Western Africa,,BJ-->PT,BJ-->PT,BJ-->PT,BJ-->PT,BJ-->PT,BJ-->PT,BJ-->PT,BJ-->PT,BJ-->PT,BJ-->PT,BJ-->PT,BJ-->PT,BJ-->PT,BJ-->PT,BJ-->PT,BJ-->PT,BJ-->PT,BJ-->PT,BJ-->PT,,,,,,,,,,,,,,,,,PT-->BJ,PT-->BJ,PT-->BJ,PT-->BJ,PT-->BJ,PT-->BJ,PT-->BJ,PT-->BJ,PT-->BJ,PT-->BJ,PT-->BJ,PT-->BJ,PT-->BJ,PT-->BJ,PT-->BJ,PT-->BJ,PT-->BJ,PT-->BJ,PT-->BJ
BM,BMU,Bermuda,Hamilton,Americas,Northern America,,BM-->PT,BM-->PT,BM-->PT,BM-->PT,BM-->PT,BM-->PT,BM-->PT,BM-->PT,BM-->PT,BM-->PT,BM-->PT,BM-->PT,BM-->PT,BM-->PT,BM-->PT,BM-->PT,BM-->PT,BM-->PT,BM-->PT,,,,,,,,,,,,,,,,,PT-->BM,PT-->BM,PT-->BM,PT-->BM,PT-->BM,PT-->BM,PT-->BM,PT-->BM,PT-->BM,PT-->BM,PT-->BM,PT-->BM,PT-->BM,PT-->BM,PT-->BM,PT-->BM,PT-->BM,PT-->BM,PT-->BM
BT,BTN,Bhutan,Thimphu,Asia,Southern Asia,,BT-->PT,BT-->PT,BT-->PT,BT-->PT,BT-->PT,BT-->PT,BT-->PT,BT-->PT,BT-->PT,BT-->PT,BT-->PT,BT-->PT,BT-->PT,BT-->PT,BT-->PT,BT-->PT,BT-->PT,BT-->PT,BT-->PT,,,,,,,,,,,,,,,,,PT-->BT,PT-->BT,PT-->BT,PT-->BT,PT-->BT,PT-->BT,PT-->BT,PT-->BT,PT-->BT,PT-->BT,PT-->BT,PT-->BT,PT-->BT,PT-->BT,PT-->BT,PT-->BT,PT-->BT,PT-->BT,PT-->BT
BO,BOL,Bolivia,Sucre,Americas,South America,,BO-->PT,BO-->PT,BO-->PT,BO-->PT,BO-->PT,BO-->PT,BO-->PT,BO-->PT,BO-->PT,BO-->PT,BO-->PT,BO-->PT,BO-->PT,BO-->PT,BO-->PT,BO-->PT,BO-->PT,BO-->PT,BO-->PT,,,,,,,,,,,,,,,,,PT-->BO,PT-->BO,PT-->BO,PT-->BO,PT-->BO,PT-->BO,PT-->BO,PT-->BO,PT-->BO,PT-->BO,PT-->BO,PT-->BO,PT-->BO,PT-->BO,PT-->BO,PT-->BO,PT-->BO,PT-->BO,PT-->BO
BQ,BES,Bonaire,Kralendijk,Americas,Caribbean,,BQ-->PT,BQ-->PT,BQ-->PT,BQ-->PT,BQ-->PT,BQ-->PT,BQ-->PT,BQ-->PT,BQ-->PT,BQ-->PT,BQ-->PT,BQ-->PT,BQ-->PT,BQ-->PT,BQ-->PT,BQ-->PT,BQ-->PT,BQ-->PT,BQ-->PT,,,,,,,,,,,,,,,,,PT-->BQ,PT-->BQ,PT-->BQ,PT-->BQ,PT-->BQ,PT-->BQ,PT-->BQ,PT-->BQ,PT-->BQ,PT-->BQ,PT-->BQ,PT-->BQ,PT-->BQ,PT-->BQ,PT-->BQ,PT-->BQ,PT-->BQ,PT-->BQ,PT-->BQ
BA,BIH,Bosnia and Herzegovina,Sarajevo,Europe,Southern Europe,,BA-->PT,BA-->PT,BA-->PT,BA-->PT,BA-->PT,BA-->PT,BA-->PT,BA-->PT,BA-->PT,BA-->PT,BA-->PT,BA-->PT,BA-->PT,BA-->PT,BA-->PT,BA-->PT,BA-->PT,BA-->PT,BA-->PT,,,,,,,,,,,,,,,,,PT-->BA,PT-->BA,PT-->BA,PT-->BA,PT-->BA,PT-->BA,PT-->BA,PT-->BA,PT-->BA,PT-->BA,PT-->BA,PT-->BA,PT-->BA,PT-->BA,PT-->BA,PT-->BA,PT-->BA,PT-->BA,PT-->BA
BW,BWA,Botswana,Gaborone,Africa,Southern Africa,,BW-->PT,BW-->PT,BW-->PT,BW-->PT,BW-->PT,BW-->PT,BW-->PT,BW-->PT,BW-->PT,BW-->PT,BW-->PT,BW-->PT,BW-->PT,BW-->PT,BW-->PT,BW-->PT,BW-->PT,BW-->PT,BW-->PT,,,,,,,,,,,,,,,,,PT-->BW,PT-->BW,PT-->BW,PT-->BW,PT-->BW,PT-->BW,PT-->BW,PT-->BW,PT-->BW,PT-->BW,PT-->BW,PT-->BW,PT-->BW,PT-->BW,PT-->BW,PT-->BW,PT-->BW,PT-->BW,PT-->BW
BV,BVT,Bouvet Island,,,,,BV-->PT,BV-->PT,BV-->PT,BV-->PT,BV-->PT,BV-->PT,BV-->PT,BV-->PT,BV-->PT,BV-->PT,BV-->PT,BV-->PT,BV-->PT,BV-->PT,BV-->PT,BV-->PT,BV-->PT,BV-->PT,BV-->PT,,,,,,,,,,,,,,,,,PT-->BV,PT-->BV,PT-->BV,PT-->BV,PT-->BV,PT-->BV,PT-->BV,PT-->BV,PT-->BV,PT-->BV,PT-->BV,PT-->BV,PT-->BV,PT-->BV,PT-->BV,PT-->BV,PT-->BV,PT-->BV,PT-->BV
BR,BRA,Brazil,Brasília,Americas,South America,,BR-->PT,BR-->PT,BR-->PT,BR-->PT,BR-->PT,BR-->PT,BR-->PT,BR-->PT,BR-->PT,BR-->PT,BR-->PT,BR-->PT,BR-->PT,BR-->PT,BR-->PT,BR-->PT,BR-->PT,BR-->PT,BR-->PT,,,,,,,,,,,,,,,,,PT-->BR,PT-->BR,PT-->BR,PT-->BR,PT-->BR,PT-->BR,PT-->BR,PT-->BR,PT-->BR,PT-->BR,PT-->BR,PT-->BR,PT-->BR,PT-->BR,PT-->BR,PT-->BR,PT-->BR,PT-->BR,PT-->BR
IO,IOT,British Indian Ocean Territory,Diego Garcia,Africa,Eastern Africa,,IO-->PT,IO-->PT,IO-->PT,IO-->PT,IO-->PT,IO-->PT,IO-->PT,IO-->PT,IO-->PT,IO-->PT,IO-->PT,IO-->PT,IO-->PT,IO-->PT,IO-->PT,IO-->PT,IO-->PT,IO-->PT,IO-->PT,,,,,,,,,,,,,,,,,PT-->IO,PT-->IO,PT-->IO,PT-->IO,PT-->IO,PT-->IO,PT-->IO,PT-->IO,PT-->IO,PT-->IO,PT-->IO,PT-->IO,PT-->IO,PT-->IO,PT-->IO,PT-->IO,PT-->IO,PT-->IO,PT-->IO
UM,UMI,United States Minor Outlying Islands,,Americas,Northern America,,UM-->PT,UM-->PT,UM-->PT,UM-->PT,UM-->PT,UM-->PT,UM-->PT,UM-->PT,UM-->PT,UM-->PT,UM-->PT,UM-->PT,UM-->PT,UM-->PT,UM-->PT,UM-->PT,UM-->PT,UM-->PT,UM-->PT,,,,,,,,,,,,,,,,,PT-->UM,PT-->UM,PT-->UM,PT-->UM,PT-->UM,PT-->UM,PT-->UM,PT-->UM,PT-->UM,PT-->UM,PT-->UM,PT-->UM,PT-->UM,PT-->UM,PT-->UM,PT-->UM,PT-->UM,PT-->UM,PT-->UM
VG,VGB,Virgin Islands (British),Road Town,Americas,Caribbean,,VG-->PT,VG-->PT,VG-->PT,VG-->PT,VG-->PT,VG-->PT,VG-->PT,VG-->PT,VG-->PT,VG-->PT,VG-->PT,VG-->PT,VG-->PT,VG-->PT,VG-->PT,VG-->PT,VG-->PT,VG-->PT,VG-->PT,,,,,,,,,,,,,,,,,PT-->VG,PT-->VG,PT-->VG,PT-->VG,PT-->VG,PT-->VG,PT-->VG,PT-->VG,PT-->VG,PT-->VG,PT-->VG,PT-->VG,PT-->VG,PT-->VG,PT-->VG,PT-->VG,PT-->VG,PT-->VG,PT-->VG
VI,VIR,Virgin Islands (U.S.),Charlotte Amalie,Americas,Caribbean,,VI-->PT,VI-->PT,VI-->PT,VI-->PT,VI-->PT,VI-->PT,VI-->PT,VI-->PT,VI-->PT,VI-->PT,VI-->PT,VI-->PT,VI-->PT,VI-->PT,VI-->PT,VI-->PT,VI-->PT,VI-->PT,VI-->PT,,,,,,,,,,,,,,,,,PT-->VI,PT-->VI,PT-->VI,PT-->VI,PT-->VI,PT-->VI,PT-->VI,PT-->VI,PT-->VI,PT-->VI,PT-->VI,PT-->VI,PT-->VI,PT-->VI,PT-->VI,PT-->VI,PT-->VI,PT-->VI,PT-->VI
BN,BRN,Brunei,Bandar Seri Begawan,Asia,South-Eastern Asia,,BN-->PT,BN-->PT,BN-->PT,BN-->PT,BN-->PT,BN-->PT,BN-->PT,BN-->PT,BN-->PT,BN-->PT,BN-->PT,BN-->PT,BN-->PT,BN-->PT,BN-->PT,BN-->PT,BN-->PT,BN-->PT,BN-->PT,,,,,,,,,,,,,,,,,PT-->BN,PT-->BN,PT-->BN,PT-->BN,PT-->BN,PT-->BN,PT-->BN,PT-->BN,PT-->BN,PT-->BN,PT-->BN,PT-->BN,PT-->BN,PT-->BN,PT-->BN,PT-->BN,PT-->BN,PT-->BN,PT-->BN
BG,BGR,Bulgaria,Sofia,Europe,Eastern Europe,,BG-->PT,BG-->PT,BG-->PT,BG-->PT,BG-->PT,BG-->PT,BG-->PT,BG-->PT,BG-->PT,BG-->PT,BG-->PT,BG-->PT,BG-->PT,BG-->PT,BG-->PT,BG-->PT,BG-->PT,BG-->PT,BG-->PT,,,,,,,,,,,,,,,,,PT-->BG,PT-->BG,PT-->BG,PT-->BG,PT-->BG,PT-->BG,PT-->BG,PT-->BG,PT-->BG,PT-->BG,PT-->BG,PT-->BG,PT-->BG,PT-->BG,PT-->BG,PT-->BG,PT-->BG,PT-->BG,PT-->BG
BF,BFA,Burkina Faso,Ouagadougou,Africa,Western Africa,,BF-->PT,BF-->PT,BF-->PT,BF-->PT,BF-->PT,BF-->PT,BF-->PT,BF-->PT,BF-->PT,BF-->PT,BF-->PT,BF-->PT,BF-->PT,BF-->PT,BF-->PT,BF-->PT,BF-->PT,BF-->PT,BF-->PT,,,,,,,,,,,,,,,,,PT-->BF,PT-->BF,PT-->BF,PT-->BF,PT-->BF,PT-->BF,PT-->BF,PT-->BF,PT-->BF,PT-->BF,PT-->BF,PT-->BF,PT-->BF,PT-->BF,PT-->BF,PT-->BF,PT-->BF,PT-->BF,PT-->BF
BI,BDI,Burundi,Bujumbura,Africa,Eastern Africa,,BI-->PT,BI-->PT,BI-->PT,BI-->PT,BI-->PT,BI-->PT,BI-->PT,BI-->PT,BI-->PT,BI-->PT,BI-->PT,BI-->PT,BI-->PT,BI-->PT,BI-->PT,BI-->PT,BI-->PT,BI-->PT,BI-->PT,,,,,,,,,,,,,,,,,PT-->BI,PT-->BI,PT-->BI,PT-->BI,PT-->BI,PT-->BI,PT-->BI,PT-->BI,PT-->BI,PT-->BI,PT-->BI,PT-->BI,PT-->BI,PT-->BI,PT-->BI,PT-->BI,PT-->BI,PT-->BI,PT-->BI
KH,KHM,Cambodia,Phnom Penh,Asia,South-Eastern Asia,,KH-->PT,KH-->PT,KH-->PT,KH-->PT,KH-->PT,KH-->PT,KH-->PT,KH-->PT,KH-->PT,KH-->PT,KH-->PT,KH-->PT,KH-->PT,KH-->PT,KH-->PT,KH-->PT,KH-->PT,KH-->PT,KH-->PT,,,,,,,,,,,,,,,,,PT-->KH,PT-->KH,PT-->KH,PT-->KH,PT-->KH,PT-->KH,PT-->KH,PT-->KH,PT-->KH,PT-->KH,PT-->KH,PT-->KH,PT-->KH,PT-->KH,PT-->KH,PT-->KH,PT-->KH,PT-->KH,PT-->KH
CM,CMR,Cameroon,Yaoundé,Africa,Middle Africa,,CM-->PT,CM-->PT,CM-->PT,CM-->PT,CM-->PT,CM-->PT,CM-->PT,CM-->PT,CM-->PT,CM-->PT,CM-->PT,CM-->PT,CM-->PT,CM-->PT,CM-->PT,CM-->PT,CM-->PT,CM-->PT,CM-->PT,,,,,,,,,,,,,,,,,PT-->CM,PT-->CM,PT-->CM,PT-->CM,PT-->CM,PT-->CM,PT-->CM,PT-->CM,PT-->CM,PT-->CM,PT-->CM,PT-->CM,PT-->CM,PT-->CM,PT-->CM,PT-->CM,PT-->CM,PT-->CM,PT-->CM
CA,CAN,Canada,Ottawa,Americas,Northern America,,CA-->PT,CA-->PT,CA-->PT,CA-->PT,CA-->PT,CA-->PT,CA-->PT,CA-->PT,CA-->PT,CA-->PT,CA-->PT,CA-->PT,CA-->PT,CA-->PT,CA-->PT,CA-->PT,CA-->PT,CA-->PT,CA-->PT,,,,,,,,,,,,,,,,,PT-->CA,PT-->CA,PT-->CA,PT-->CA,PT-->CA,PT-->CA,PT-->CA,PT-->CA,PT-->CA,PT-->CA,PT-->CA,PT-->CA,PT-->CA,PT-->CA,PT-->CA,PT-->CA,PT-->CA,PT-->CA,PT-->CA
CV,CPV,Cape Verde,Praia,Africa,Western Africa,,CV-->PT,CV-->PT,CV-->PT,CV-->PT,CV-->PT,CV-->PT,CV-->PT,CV-->PT,CV-->PT,CV-->PT,CV-->PT,CV-->PT,CV-->PT,CV-->PT,CV-->PT,CV-->PT,CV-->PT,CV-->PT,CV-->PT,,,,,,,,,,,,,,,,,PT-->CV,PT-->CV,PT-->CV,PT-->CV,PT-->CV,PT-->CV,PT-->CV,PT-->CV,PT-->CV,PT-->CV,PT-->CV,PT-->CV,PT-->CV,PT-->CV,PT-->CV,PT-->CV,PT-->CV,PT-->CV,PT-->CV
KY,CYM,Cayman Islands,George Town,Americas,Caribbean,,KY-->PT,KY-->PT,KY-->PT,KY-->PT,KY-->PT,KY-->PT,KY-->PT,KY-->PT,KY-->PT,KY-->PT,KY-->PT,KY-->PT,KY-->PT,KY-->PT,KY-->PT,KY-->PT,KY-->PT,KY-->PT,KY-->PT,,,,,,,,,,,,,,,,,PT-->KY,PT-->KY,PT-->KY,PT-->KY,PT-->KY,PT-->KY,PT-->KY,PT-->KY,PT-->KY,PT-->KY,PT-->KY,PT-->KY,PT-->KY,PT-->KY,PT-->KY,PT-->KY,PT-->KY,PT-->KY,PT-->KY
CF,CAF,Central African Republic,Bangui,Africa,Middle Africa,,CF-->PT,CF-->PT,CF-->PT,CF-->PT,CF-->PT,CF-->PT,CF-->PT,CF-->PT,CF-->PT,CF-->PT,CF-->PT,CF-->PT,CF-->PT,CF-->PT,CF-->PT,CF-->PT,CF-->PT,CF-->PT,CF-->PT,,,,,,,,,,,,,,,,,PT-->CF,PT-->CF,PT-->CF,PT-->CF,PT-->CF,PT-->CF,PT-->CF,PT-->CF,PT-->CF,PT-->CF,PT-->CF,PT-->CF,PT-->CF,PT-->CF,PT-->CF,PT-->CF,PT-->CF,PT-->CF,PT-->CF
TD,TCD,Chad,N'Djamena,Africa,Middle Africa,,TD-->PT,TD-->PT,TD-->PT,TD-->PT,TD-->PT,TD-->PT,TD-->PT,TD-->PT,TD-->PT,TD-->PT,TD-->PT,TD-->PT,TD-->PT,TD-->PT,TD-->PT,TD-->PT,TD-->PT,TD-->PT,TD-->PT,,,,,,,,,,,,,,,,,PT-->TD,PT-->TD,PT-->TD,PT-->TD,PT-->TD,PT-->TD,PT-->TD,PT-->TD,PT-->TD,PT-->TD,PT-->TD,PT-->TD,PT-->TD,PT-->TD,PT-->TD,PT-->TD,PT-->TD,PT-->TD,PT-->TD
CL,CHL,Chile,Santiago,Americas,South America,,CL-->PT,CL-->PT,CL-->PT,CL-->PT,CL-->PT,CL-->PT,CL-->PT,CL-->PT,CL-->PT,CL-->PT,CL-->PT,CL-->PT,CL-->PT,CL-->PT,CL-->PT,CL-->PT,CL-->PT,CL-->PT,CL-->PT,,,,,,,,,,,,,,,,,PT-->CL,PT-->CL,PT-->CL,PT-->CL,PT-->CL,PT-->CL,PT-->CL,PT-->CL,PT-->CL,PT-->CL,PT-->CL,PT-->CL,PT-->CL,PT-->CL,PT-->CL,PT-->CL,PT-->CL,PT-->CL,PT-->CL
CN,CHN,China,Beijing,Asia,Eastern Asia,,CN-->PT,CN-->PT,CN-->PT,CN-->PT,CN-->PT,CN-->PT,CN-->PT,CN-->PT,CN-->PT,CN-->PT,CN-->PT,CN-->PT,CN-->PT,CN-->PT,CN-->PT,CN-->PT,CN-->PT,CN-->PT,CN-->PT,,,,,,,,,,,,,,,,,PT-->CN,PT-->CN,PT-->CN,PT-->CN,PT-->CN,PT-->CN,PT-->CN,PT-->CN,PT-->CN,PT-->CN,PT-->CN,PT-->CN,PT-->CN,PT-->CN,PT-->CN,PT-->CN,PT-->CN,PT-->CN,PT-->CN
CX,CXR,Christmas Island,Flying Fish Cove,Oceania,Australia and New Zealand,,CX-->PT,CX-->PT,CX-->PT,CX-->PT,CX-->PT,CX-->PT,CX-->PT,CX-->PT,CX-->PT,CX-->PT,CX-->PT,CX-->PT,CX-->PT,CX-->PT,CX-->PT,CX-->PT,CX-->PT,CX-->PT,CX-->PT,,,,,,,,,,,,,,,,,PT-->CX,PT-->CX,PT-->CX,PT-->CX,PT-->CX,PT-->CX,PT-->CX,PT-->CX,PT-->CX,PT-->CX,PT-->CX,PT-->CX,PT-->CX,PT-->CX,PT-->CX,PT-->CX,PT-->CX,PT-->CX,PT-->CX
CC,CCK,Cocos (Keeling) Islands,West Island,Oceania,Australia and New Zealand,,CC-->PT,CC-->PT,CC-->PT,CC-->PT,CC-->PT,CC-->PT,CC-->PT,CC-->PT,CC-->PT,CC-->PT,CC-->PT,CC-->PT,CC-->PT,CC-->PT,CC-->PT,CC-->PT,CC-->PT,CC-->PT,CC-->PT,,,,,,,,,,,,,,,,,PT-->CC,PT-->CC,PT-->CC,PT-->CC,PT-->CC,PT-->CC,PT-->CC,PT-->CC,PT-->CC,PT-->CC,PT-->CC,PT-->CC,PT-->CC,PT-->CC,PT-->CC,PT-->CC,PT-->CC,PT-->CC,PT-->CC
CO,COL,Colombia,Bogotá,Americas,South America,,CO-->PT,CO-->PT,CO-->PT,CO-->PT,CO-->PT,CO-->PT,CO-->PT,CO-->PT,CO-->PT,CO-->PT,CO-->PT,CO-->PT,CO-->PT,CO-->PT,CO-->PT,CO-->PT,CO-->PT,CO-->PT,CO-->PT,,,,,,,,,,,,,,,,,PT-->CO,PT-->CO,PT-->CO,PT-->CO,PT-->CO,PT-->CO,PT-->CO,PT-->CO,PT-->CO,PT-->CO,PT-->CO,PT-->CO,PT-->CO,PT-->CO,PT-->CO,PT-->CO,PT-->CO,PT-->CO,PT-->CO
KM,COM,Comoros,Moroni,Africa,Eastern Africa,,KM-->PT,KM-->PT,KM-->PT,KM-->PT,KM-->PT,KM-->PT,KM-->PT,KM-->PT,KM-->PT,KM-->PT,KM-->PT,KM-->PT,KM-->PT,KM-->PT,KM-->PT,KM-->PT,KM-->PT,KM-->PT,KM-->PT,,,,,,,,,,,,,,,,,PT-->KM,PT-->KM,PT-->KM,PT-->KM,PT-->KM,PT-->KM,PT-->KM,PT-->KM,PT-->KM,PT-->KM,PT-->KM,PT-->KM,PT-->KM,PT-->KM,PT-->KM,PT-->KM,PT-->KM,PT-->KM,PT-->KM
CG,COG,Republic of the Congo,Brazzaville,Africa,Middle Africa,,CG-->PT,CG-->PT,CG-->PT,CG-->PT,CG-->PT,CG-->PT,CG-->PT,CG-->PT,CG-->PT,CG-->PT,CG-->PT,CG-->PT,CG-->PT,CG-->PT,CG-->PT,CG-->PT,CG-->PT,CG-->PT,CG-->PT,,,,,,,,,,,,,,,,,PT-->CG,PT-->CG,PT-->CG,PT-->CG,PT-->CG,PT-->CG,PT-->CG,PT-->CG,PT-->CG,PT-->CG,PT-->CG,PT-->CG,PT-->CG,PT-->CG,PT-->CG,PT-->CG,PT-->CG,PT-->CG,PT-->CG
CD,COD,Democratic Republic of the Congo,Kinshasa,Africa,Middle Africa,,CD-->PT,CD-->PT,CD-->PT,CD-->PT,CD-->PT,CD-->PT,CD-->PT,CD-->PT,CD-->PT,CD-->PT,CD-->PT,CD-->PT,CD-->PT,CD-->PT,CD-->PT,CD-->PT,CD-->PT,CD-->PT,CD-->PT,,,,,,,,,,,,,,,,,PT-->CD,PT-->CD,PT-->CD,PT-->CD,PT-->CD,PT-->CD,PT-->CD,PT-->CD,PT-->CD,PT-->CD,PT-->CD,PT-->CD,PT-->CD,PT-->CD,PT-->CD,PT-->CD,PT-->CD,PT-->CD,PT-->CD
CK,COK,Cook Islands,Avarua,Oceania,Polynesia,,CK-->PT,CK-->PT,CK-->PT,CK-->PT,CK-->PT,CK-->PT,CK-->PT,CK-->PT,CK-->PT,CK-->PT,CK-->PT,CK-->PT,CK-->PT,CK-->PT,CK-->PT,CK-->PT,CK-->PT,CK-->PT,CK-->PT,,,,,,,,,,,,,,,,,PT-->CK,PT-->CK,PT-->CK,PT-->CK,PT-->CK,PT-->CK,PT-->CK,PT-->CK,PT-->CK,PT-->CK,PT-->CK,PT-->CK,PT-->CK,PT-->CK,PT-->CK,PT-->CK,PT-->CK,PT-->CK,PT-->CK
CR,CRI,Costa Rica,San José,Americas,Central America,,CR-->PT,CR-->PT,CR-->PT,CR-->PT,CR-->PT,CR-->PT,CR-->PT,CR-->PT,CR-->PT,CR-->PT,CR-->PT,CR-->PT,CR-->PT,CR-->PT,CR-->PT,CR-->PT,CR-->PT,CR-->PT,CR-->PT,,,,,,,,,,,,,,,,,PT-->CR,PT-->CR,PT-->CR,PT-->CR,PT-->CR,PT-->CR,PT-->CR,PT-->CR,PT-->CR,PT-->CR,PT-->CR,PT-->CR,PT-->CR,PT-->CR,PT-->CR,PT-->CR,PT-->CR,PT-->CR,PT-->CR
HR,HRV,Croatia,Zagreb,Europe,Southern Europe,,HR-->PT,HR-->PT,HR-->PT,HR-->PT,HR-->PT,HR-->PT,HR-->PT,HR-->PT,HR-->PT,HR-->PT,HR-->PT,HR-->PT,HR-->PT,HR-->PT,HR-->PT,HR-->PT,HR-->PT,HR-->PT,HR-->PT,,,,,,,,,,,,,,,,,PT-->HR,PT-->HR,PT-->HR,PT-->HR,PT-->HR,PT-->HR,PT-->HR,PT-->HR,PT-->HR,PT-->HR,PT-->HR,PT-->HR,PT-->HR,PT-->HR,PT-->HR,PT-->HR,PT-->HR,PT-->HR,PT-->HR
CU,CUB,Cuba,Havana,Americas,Caribbean,,CU-->PT,CU-->PT,CU-->PT,CU-->PT,CU-->PT,CU-->PT,CU-->PT,CU-->PT,CU-->PT,CU-->PT,CU-->PT,CU-->PT,CU-->PT,CU-->PT,CU-->PT,CU-->PT,CU-->PT,CU-->PT,CU-->PT,,,,,,,,,,,,,,,,,PT-->CU,PT-->CU,PT-->CU,PT-->CU,PT-->CU,PT-->CU,PT-->CU,PT-->CU,PT-->CU,PT-->CU,PT-->CU,PT-->CU,PT-->CU,PT-->CU,PT-->CU,PT-->CU,PT-->CU,PT-->CU,PT-->CU
CW,CUW,Curaçao,Willemstad,Americas,Caribbean,,CW-->PT,CW-->PT,CW-->PT,CW-->PT,CW-->PT,CW-->PT,CW-->PT,CW-->PT,CW-->PT,CW-->PT,CW-->PT,CW-->PT,CW-->PT,CW-->PT,CW-->PT,CW-->PT,CW-->PT,CW-->PT,CW-->PT,,,,,,,,,,,,,,,,,PT-->CW,PT-->CW,PT-->CW,PT-->CW,PT-->CW,PT-->CW,PT-->CW,PT-->CW,PT-->CW,PT-->CW,PT-->CW,PT-->CW,PT-->CW,PT-->CW,PT-->CW,PT-->CW,PT-->CW,PT-->CW,PT-->CW
CY,CYP,Cyprus,Nicosia,Europe,Southern Europe,,CY-->PT,CY-->PT,CY-->PT,CY-->PT,CY-->PT,CY-->PT,CY-->PT,CY-->PT,CY-->PT,CY-->PT,CY-->PT,CY-->PT,CY-->PT,CY-->PT,CY-->PT,CY-->PT,CY-->PT,CY-->PT,CY-->PT,,,,,,,,,,,,,,,,,PT-->CY,PT-->CY,PT-->CY,PT-->CY,PT-->CY,PT-->CY,PT-->CY,PT-->CY,PT-->CY,PT-->CY,PT-->CY,PT-->CY,PT-->CY,PT-->CY,PT-->CY,PT-->CY,PT-->CY,PT-->CY,PT-->CY
CZ,CZE,Czech Republic,Prague,Europe,Eastern Europe,,CZ-->PT,CZ-->PT,CZ-->PT,CZ-->PT,CZ-->PT,CZ-->PT,CZ-->PT,CZ-->PT,CZ-->PT,CZ-->PT,CZ-->PT,CZ-->PT,CZ-->PT,CZ-->PT,CZ-->PT,CZ-->PT,CZ-->PT,CZ-->PT,CZ-->PT,,,,,,,,,,,,,,,,,PT-->CZ,PT-->CZ,PT-->CZ,PT-->CZ,PT-->CZ,PT-->CZ,PT-->CZ,PT-->CZ,PT-->CZ,PT-->CZ,PT-->CZ,PT-->CZ,PT-->CZ,PT-->CZ,PT-->CZ,PT-->CZ,PT-->CZ,PT-->CZ,PT-->CZ
DK,DNK,Denmark,Copenhagen,Europe,Northern Europe,,DK-->PT,DK-->PT,DK-->PT,DK-->PT,DK-->PT,DK-->PT,DK-->PT,DK-->PT,DK-->PT,DK-->PT,DK-->PT,DK-->PT,DK-->PT,DK-->PT,DK-->PT,DK-->PT,DK-->PT,DK-->PT,DK-->PT,,,,,,,,,,,,,,,,,PT-->DK,PT-->DK,PT-->DK,PT-->DK,PT-->DK,PT-->DK,PT-->DK,PT-->DK,PT-->DK,PT-->DK,PT-->DK,PT-->DK,PT-->DK,PT-->DK,PT-->DK,PT-->DK,PT-->DK,PT-->DK,PT-->DK
DJ,DJI,Djibouti,Djibouti,Africa,Eastern Africa,,DJ-->PT,DJ-->PT,DJ-->PT,DJ-->PT,DJ-->PT,DJ-->PT,DJ-->PT,DJ-->PT,DJ-->PT,DJ-->PT,DJ-->PT,DJ-->PT,DJ-->PT,DJ-->PT,DJ-->PT,DJ-->PT,DJ-->PT,DJ-->PT,DJ-->PT,,,,,,,,,,,,,,,,,PT-->DJ,PT-->DJ,PT-->DJ,PT-->DJ,PT-->DJ,PT-->DJ,PT-->DJ,PT-->DJ,PT-->DJ,PT-->DJ,PT-->DJ,PT-->DJ,PT-->DJ,PT-->DJ,PT-->DJ,PT-->DJ,PT-->DJ,PT-->DJ,PT-->DJ
DM,DMA,Dominica,Roseau,Americas,Caribbean,,DM-->PT,DM-->PT,DM-->PT,DM-->PT,DM-->PT,DM-->PT,DM-->PT,DM-->PT,DM-->PT,DM-->PT,DM-->PT,DM-->PT,DM-->PT,DM-->PT,DM-->PT,DM-->PT,DM-->PT,DM-->PT,DM-->PT,,,,,,,,,,,,,,,,,PT-->DM,PT-->DM,PT-->DM,PT-->DM,PT-->DM,PT-->DM,PT-->DM,PT-->DM,PT-->DM,PT-->DM,PT-->DM,PT-->DM,PT-->DM,PT-->DM,PT-->DM,PT-->DM,PT-->DM,PT-->DM,PT-->DM
DO,DOM,Dominican Republic,Santo Domingo,Americas,Caribbean,,DO-->PT,DO-->PT,DO-->PT,DO-->PT,DO-->PT,DO-->PT,DO-->PT,DO-->PT,DO-->PT,DO-->PT,DO-->PT,DO-->PT,DO-->PT,DO-->PT,DO-->PT,DO-->PT,DO-->PT,DO-->PT,DO-->PT,,,,,,,,,,,,,,,,,PT-->DO,PT-->DO,PT-->DO,PT-->DO,PT-->DO,PT-->DO,PT-->DO,PT-->DO,PT-->DO,PT-->DO,PT-->DO,PT-->DO,PT-->DO,PT-->DO,PT-->DO,PT-->DO,PT-->DO,PT-->DO,PT-->DO
EC,ECU,Ecuador,Quito,Americas,South America,,EC-->PT,EC-->PT,EC-->PT,EC-->PT,EC-->PT,EC-->PT,EC-->PT,EC-->PT,EC-->PT,EC-->PT,EC-->PT,EC-->PT,EC-->PT,EC-->PT,EC-->PT,EC-->PT,EC-->PT,EC-->PT,EC-->PT,,,,,,,,,,,,,,,,,PT-->EC,PT-->EC,PT-->EC,PT-->EC,PT-->EC,PT-->EC,PT-->EC,PT-->EC,PT-->EC,PT-->EC,PT-->EC,PT-->EC,PT-->EC,PT-->EC,PT-->EC,PT-->EC,PT-->EC,PT-->EC,PT-->EC
EG,EGY,Egypt,Cairo,Africa,Northern Africa,,EG-->PT,EG-->PT,EG-->PT,EG-->PT,EG-->PT,EG-->PT,EG-->PT,EG-->PT,EG-->PT,EG-->PT,EG-->PT,EG-->PT,EG-->PT,EG-->PT,EG-->PT,EG-->PT,EG-->PT,EG-->PT,EG-->PT,,,,,,,,,,,,,,,,,PT-->EG,PT-->EG,PT-->EG,PT-->EG,PT-->EG,PT-->EG,PT-->EG,PT-->EG,PT-->EG,PT-->EG,PT-->EG,PT-->EG,PT-->EG,PT-->EG,PT-->EG,PT-->EG,PT-->EG,PT-->EG,PT-->EG
SV,SLV,El Salvador,San Salvador,Americas,Central America,,SV-->PT,SV-->PT,SV-->PT,SV-->PT,SV-->PT,SV-->PT,SV-->PT,SV-->PT,SV-->PT,SV-->PT,SV-->PT,SV-->PT,SV-->PT,SV-->PT,SV-->PT,SV-->PT,SV-->PT,SV-->PT,SV-->PT,,,,,,,,,,,,,,,,,PT-->SV,PT-->SV,PT-->SV,PT-->SV,PT-->SV,PT-->SV,PT-->SV,PT-->SV,PT-->SV,PT-->SV,PT-->SV,PT-->SV,PT-->SV,PT-->SV,PT-->SV,PT-->SV,PT-->SV,PT-->SV,PT-->SV
GQ,GNQ,Equatorial Guinea,Malabo,Africa,Middle Africa,,GQ-->PT,GQ-->PT,GQ-->PT,GQ-->PT,GQ-->PT,GQ-->PT,GQ-->PT,GQ-->PT,GQ-->PT,GQ-->PT,GQ-->PT,GQ-->PT,GQ-->PT,GQ-->PT,GQ-->PT,GQ-->PT,GQ-->PT,GQ-->PT,GQ-->PT,,,,,,,,,,,,,,,,,PT-->GQ,PT-->GQ,PT-->GQ,PT-->GQ,PT-->GQ,PT-->GQ,PT-->GQ,PT-->GQ,PT-->GQ,PT-->GQ,PT-->GQ,PT-->GQ,PT-->GQ,PT-->GQ,PT-->GQ,PT-->GQ,PT-->GQ,PT-->GQ,PT-->GQ
ER,ERI,Eritrea,Asmara,Africa,Eastern Africa,,ER-->PT,ER-->PT,ER-->PT,ER-->PT,ER-->PT,ER-->PT,ER-->PT,ER-->PT,ER-->PT,ER-->PT,ER-->PT,ER-->PT,ER-->PT,ER-->PT,ER-->PT,ER-->PT,ER-->PT,ER-->PT,ER-->PT,,,,,,,,,,,,,,,,,PT-->ER,PT-->ER,PT-->ER,PT-->ER,PT-->ER,PT-->ER,PT-->ER,PT-->ER,PT-->ER,PT-->ER,PT-->ER,PT-->ER,PT-->ER,PT-->ER,PT-->ER,PT-->ER,PT-->ER,PT-->ER,PT-->ER
EE,EST,Estonia,Tallinn,Europe,Northern Europe,,EE-->PT,EE-->PT,EE-->PT,EE-->PT,EE-->PT,EE-->PT,EE-->PT,EE-->PT,EE-->PT,EE-->PT,EE-->PT,EE-->PT,EE-->PT,EE-->PT,EE-->PT,EE-->PT,EE-->PT,EE-->PT,EE-->PT,,,,,,,,,,,,,,,,,PT-->EE,PT-->EE,PT-->EE,PT-->EE,PT-->EE,PT-->EE,PT-->EE,PT-->EE,PT-->EE,PT-->EE,PT-->EE,PT-->EE,PT-->EE,PT-->EE,PT-->EE,PT-->EE,PT-->EE,PT-->EE,PT-->EE
ET,ETH,Ethiopia,Addis Ababa,Africa,Eastern Africa,,ET-->PT,ET-->PT,ET-->PT,ET-->PT,ET-->PT,ET-->PT,ET-->PT,ET-->PT,ET-->PT,ET-->PT,ET-->PT,ET-->PT,ET-->PT,ET-->PT,ET-->PT,ET-->PT,ET-->PT,ET-->PT,ET-->PT,,,,,,,,,,,,,,,,,PT-->ET,PT-->ET,PT-->ET,PT-->ET,PT-->ET,PT-->ET,PT-->ET,PT-->ET,PT-->ET,PT-->ET,PT-->ET,PT-->ET,PT-->ET,PT-->ET,PT-->ET,PT-->ET,PT-->ET,PT-->ET,PT-->ET
FK,FLK,Falkland Islands,Stanley,Americas,South America,,FK-->PT,FK-->PT,FK-->PT,FK-->PT,FK-->PT,FK-->PT,FK-->PT,FK-->PT,FK-->PT,FK-->PT,FK-->PT,FK-->PT,FK-->PT,FK-->PT,FK-->PT,FK-->PT,FK-->PT,FK-->PT,FK-->PT,,,,,,,,,,,,,,,,,PT-->FK,PT-->FK,PT-->FK,PT-->FK,PT-->FK,PT-->FK,PT-->FK,PT-->FK,PT-->FK,PT-->FK,PT-->FK,PT-->FK,PT-->FK,PT-->FK,PT-->FK,PT-->FK,PT-->FK,PT-->FK,PT-->FK
FO,FRO,Faroe Islands,Tórshavn,Europe,Northern Europe,,FO-->PT,FO-->PT,FO-->PT,FO-->PT,FO-->PT,FO-->PT,FO-->PT,FO-->PT,FO-->PT,FO-->PT,FO-->PT,FO-->PT,FO-->PT,FO-->PT,FO-->PT,FO-->PT,FO-->PT,FO-->PT,FO-->PT,,,,,,,,,,,,,,,,,PT-->FO,PT-->FO,PT-->FO,PT-->FO,PT-->FO,PT-->FO,PT-->FO,PT-->FO,PT-->FO,PT-->FO,PT-->FO,PT-->FO,PT-->FO,PT-->FO,PT-->FO,PT-->FO,PT-->FO,PT-->FO,PT-->FO
FJ,FJI,Fiji,Suva,Oceania,Melanesia,,FJ-->PT,FJ-->PT,FJ-->PT,FJ-->PT,FJ-->PT,FJ-->PT,FJ-->PT,FJ-->PT,FJ-->PT,FJ-->PT,FJ-->PT,FJ-->PT,FJ-->PT,FJ-->PT,FJ-->PT,FJ-->PT,FJ-->PT,FJ-->PT,FJ-->PT,,,,,,,,,,,,,,,,,PT-->FJ,PT-->FJ,PT-->FJ,PT-->FJ,PT-->FJ,PT-->FJ,PT-->FJ,PT-->FJ,PT-->FJ,PT-->FJ,PT-->FJ,PT-->FJ,PT-->FJ,PT-->FJ,PT-->FJ,PT-->FJ,PT-->FJ,PT-->FJ,PT-->FJ
FI,FIN,Finland,Helsinki,Europe,Northern Europe,,FI-->PT,FI-->PT,FI-->PT,FI-->PT,FI-->PT,FI-->PT,FI-->PT,FI-->PT,FI-->PT,FI-->PT,FI-->PT,FI-->PT,FI-->PT,FI-->PT,FI-->PT,FI-->PT,FI-->PT,FI-->PT,FI-->PT,,,,,,,,,,,,,,,,,PT-->FI,PT-->FI,PT-->FI,PT-->FI,PT-->FI,PT-->FI,PT-->FI,PT-->FI,PT-->FI,PT-->FI,PT-->FI,PT-->FI,PT-->FI,PT-->FI,PT-->FI,PT-->FI,PT-->FI,PT-->FI,PT-->FI
FR,FRA,France,Paris,Europe,Western Europe,,FR-->PT,FR-->PT,FR-->PT,FR-->PT,FR-->PT,FR-->PT,FR-->PT,FR-->PT,FR-->PT,FR-->PT,FR-->PT,FR-->PT,FR-->PT,FR-->PT,FR-->PT,FR-->PT,FR-->PT,FR-->PT,FR-->PT,,,,,,,,,,,,,,,,,PT-->FR,PT-->FR,PT-->FR,PT-->FR,PT-->FR,PT-->FR,PT-->FR,PT-->FR,PT-->FR,PT-->FR,PT-->FR,PT-->FR,PT-->FR,PT-->FR,PT-->FR,PT-->FR,PT-->FR,PT-->FR,PT-->FR
GF,GUF,French Guiana,Cayenne,Americas,South America,,GF-->PT,GF-->PT,GF-->PT,GF-->PT,GF-->PT,GF-->PT,GF-->PT,GF-->PT,GF-->PT,GF-->PT,GF-->PT,GF-->PT,GF-->PT,GF-->PT,GF-->PT,GF-->PT,GF-->PT,GF-->PT,GF-->PT,,,,,,,,,,,,,,,,,PT-->GF,PT-->GF,PT-->GF,PT-->GF,PT-->GF,PT-->GF,PT-->GF,PT-->GF,PT-->GF,PT-->GF,PT-->GF,PT-->GF,PT-->GF,PT-->GF,PT-->GF,PT-->GF,PT-->GF,PT-->GF,PT-->GF
PF,PYF,French Polynesia,Papeetē,Oceania,Polynesia,,PF-->PT,PF-->PT,PF-->PT,PF-->PT,PF-->PT,PF-->PT,PF-->PT,PF-->PT,PF-->PT,PF-->PT,PF-->PT,PF-->PT,PF-->PT,PF-->PT,PF-->PT,PF-->PT,PF-->PT,PF-->PT,PF-->PT,,,,,,,,,,,,,,,,,PT-->PF,PT-->PF,PT-->PF,PT-->PF,PT-->PF,PT-->PF,PT-->PF,PT-->PF,PT-->PF,PT-->PF,PT-->PF,PT-->PF,PT-->PF,PT-->PF,PT-->PF,PT-->PF,PT-->PF,PT-->PF,PT-->PF
TF,ATF,French Southern and Antarctic Lands,Port-aux-Français,Africa,Southern Africa,,TF-->PT,TF-->PT,TF-->PT,TF-->PT,TF-->PT,TF-->PT,TF-->PT,TF-->PT,TF-->PT,TF-->PT,TF-->PT,TF-->PT,TF-->PT,TF-->PT,TF-->PT,TF-->PT,TF-->PT,TF-->PT,TF-->PT,,,,,,,,,,,,,,,,,PT-->TF,PT-->TF,PT-->TF,PT-->TF,PT-->TF,PT-->TF,PT-->TF,PT-->TF,PT-->TF,PT-->TF,PT-->TF,PT-->TF,PT-->TF,PT-->TF,PT-->TF,PT-->TF,PT-->TF,PT-->TF,PT-->TF
GA,GAB,Gabon,Libreville,Africa,Middle Africa,,GA-->PT,GA-->PT,GA-->PT,GA-->PT,GA-->PT,GA-->PT,GA-->PT,GA-->PT,GA-->PT,GA-->PT,GA-->PT,GA-->PT,GA-->PT,GA-->PT,GA-->PT,GA-->PT,GA-->PT,GA-->PT,GA-->PT,,,,,,,,,,,,,,,,,PT-->GA,PT-->GA,PT-->GA,PT-->GA,PT-->GA,PT-->GA,PT-->GA,PT-->GA,PT-->GA,PT-->GA,PT-->GA,PT-->GA,PT-->GA,PT-->GA,PT-->GA,PT-->GA,PT-->GA,PT-->GA,PT-->GA
GM,GMB,The Gambia,Banjul,Africa,Western Africa,,GM-->PT,GM-->PT,GM-->PT,GM-->PT,GM-->PT,GM-->PT,GM-->PT,GM-->PT,GM-->PT,GM-->PT,GM-->PT,GM-->PT,GM-->PT,GM-->PT,GM-->PT,GM-->PT,GM-->PT,GM-->PT,GM-->PT,,,,,,,,,,,,,,,,,PT-->GM,PT-->GM,PT-->GM,PT-->GM,PT-->GM,PT-->GM,PT-->GM,PT-->GM,PT-->GM,PT-->GM,PT-->GM,PT-->GM,PT-->GM,PT-->GM,PT-->GM,PT-->GM,PT-->GM,PT-->GM,PT-->GM
GE,GEO,Georgia,Tbilisi,Asia,Western Asia,,GE-->PT,GE-->PT,GE-->PT,GE-->PT,GE-->PT,GE-->PT,GE-->PT,GE-->PT,GE-->PT,GE-->PT,GE-->PT,GE-->PT,GE-->PT,GE-->PT,GE-->PT,GE-->PT,GE-->PT,GE-->PT,GE-->PT,,,,,,,,,,,,,,,,,PT-->GE,PT-->GE,PT-->GE,PT-->GE,PT-->GE,PT-->GE,PT-->GE,PT-->GE,PT-->GE,PT-->GE,PT-->GE,PT-->GE,PT-->GE,PT-->GE,PT-->GE,PT-->GE,PT-->GE,PT-->GE,PT-->GE
DE,DEU,Germany,Berlin,Europe,Western Europe,,DE-->PT,DE-->PT,DE-->PT,DE-->PT,DE-->PT,DE-->PT,DE-->PT,DE-->PT,DE-->PT,DE-->PT,DE-->PT,DE-->PT,DE-->PT,DE-->PT,DE-->PT,DE-->PT,DE-->PT,DE-->PT,DE-->PT,,,,,,,,,,,,,,,,,PT-->DE,PT-->DE,PT-->DE,PT-->DE,PT-->DE,PT-->DE,PT-->DE,PT-->DE,PT-->DE,PT-->DE,PT-->DE,PT-->DE,PT-->DE,PT-->DE,PT-->DE,PT-->DE,PT-->DE,PT-->DE,PT-->DE
GH,GHA,Ghana,Accra,Africa,Western Africa,,GH-->PT,GH-->PT,GH-->PT,GH-->PT,GH-->PT,GH-->PT,GH-->PT,GH-->PT,GH-->PT,GH-->PT,GH-->PT,GH-->PT,GH-->PT,GH-->PT,GH-->PT,GH-->PT,GH-->PT,GH-->PT,GH-->PT,,,,,,,,,,,,,,,,,PT-->GH,PT-->GH,PT-->GH,PT-->GH,PT-->GH,PT-->GH,PT-->GH,PT-->GH,PT-->GH,PT-->GH,PT-->GH,PT-->GH,PT-->GH,PT-->GH,PT-->GH,PT-->GH,PT-->GH,PT-->GH,PT-->GH
GI,GIB,Gibraltar,Gibraltar,Europe,Southern Europe,,GI-->PT,GI-->PT,GI-->PT,GI-->PT,GI-->PT,GI-->PT,GI-->PT,GI-->PT,GI-->PT,GI-->PT,GI-->PT,GI-->PT,GI-->PT,GI-->PT,GI-->PT,GI-->PT,GI-->PT,GI-->PT,GI-->PT,,,,,,,,,,,,,,,,,PT-->GI,PT-->GI,PT-->GI,PT-->GI,PT-->GI,PT-->GI,PT-->GI,PT-->GI,PT-->GI,PT-->GI,PT-->GI,PT-->GI,PT-->GI,PT-->GI,PT-->GI,PT-->GI,PT-->GI,PT-->GI,PT-->GI
GR,GRC,Greece,Athens,Europe,Southern Europe,,GR-->PT,GR-->PT,GR-->PT,GR-->PT,GR-->PT,GR-->PT,GR-->PT,GR-->PT,GR-->PT,GR-->PT,GR-->PT,GR-->PT,GR-->PT,GR-->PT,GR-->PT,GR-->PT,GR-->PT,GR-->PT,GR-->PT,,,,,,,,,,,,,,,,,PT-->GR,PT-->GR,PT-->GR,PT-->GR,PT-->GR,PT-->GR,PT-->GR,PT-->GR,PT-->GR,PT-->GR,PT-->GR,PT-->GR,PT-->GR,PT-->GR,PT-->GR,PT-->GR,PT-->GR,PT-->GR,PT-->GR
GL,GRL,Greenland,Nuuk,Americas,Northern America,,GL-->PT,GL-->PT,GL-->PT,GL-->PT,GL-->PT,GL-->PT,GL-->PT,GL-->PT,GL-->PT,GL-->PT,GL-->PT,GL-->PT,GL-->PT,GL-->PT,GL-->PT,GL-->PT,GL-->PT,GL-->PT,GL-->PT,,,,,,,,,,,,,,,,,PT-->GL,PT-->GL,PT-->GL,PT-->GL,PT-->GL,PT-->GL,PT-->GL,PT-->GL,PT-->GL,PT-->GL,PT-->GL,PT-->GL,PT-->GL,PT-->GL,PT-->GL,PT-->GL,PT-->GL,PT-->GL,PT-->GL
GD,GRD,Grenada,St. George's,Americas,Caribbean,,GD-->PT,GD-->PT,GD-->PT,GD-->PT,GD-->PT,GD-->PT,GD-->PT,GD-->PT,GD-->PT,GD-->PT,GD-->PT,GD-->PT,GD-->PT,GD-->PT,GD-->PT,GD-->PT,GD-->PT,GD-->PT,GD-->PT,,,,,,,,,,,,,,,,,PT-->GD,PT-->GD,PT-->GD,PT-->GD,PT-->GD,PT-->GD,PT-->GD,PT-->GD,PT-->GD,PT-->GD,PT-->GD,PT-->GD,PT-->GD,PT-->GD,PT-->GD,PT-->GD,PT-->GD,PT-->GD,PT-->GD
GP,GLP,Guadeloupe,Basse-Terre,Americas,Caribbean,,GP-->PT,GP-->PT,GP-->PT,GP-->PT,GP-->PT,GP-->PT,GP-->PT,GP-->PT,GP-->PT,GP-->PT,GP-->PT,GP-->PT,GP-->PT,GP-->PT,GP-->PT,GP-->PT,GP-->PT,GP-->PT,GP-->PT,,,,,,,,,,,,,,,,,PT-->GP,PT-->GP,PT-->GP,PT-->GP,PT-->GP,PT-->GP,PT-->GP,PT-->GP,PT-->GP,PT-->GP,PT-->GP,PT-->GP,PT-->GP,PT-->GP,PT-->GP,PT-->GP,PT-->GP,PT-->GP,PT-->GP
GU,GUM,Guam,Hagåtña,Oceania,Micronesia,,GU-->PT,GU-->PT,GU-->PT,GU-->PT,GU-->PT,GU-->PT,GU-->PT,GU-->PT,GU-->PT,GU-->PT,GU-->PT,GU-->PT,GU-->PT,GU-->PT,GU-->PT,GU-->PT,GU-->PT,GU-->PT,GU-->PT,,,,,,,,,,,,,,,,,PT-->GU,PT-->GU,PT-->GU,PT-->GU,PT-->GU,PT-->GU,PT-->GU,PT-->GU,PT-->GU,PT-->GU,PT-->GU,PT-->GU,PT-->GU,PT-->GU,PT-->GU,PT-->GU,PT-->GU,PT-->GU,PT-->GU
GT,GTM,Guatemala,Guatemala City,Americas,Central America,,GT-->PT,GT-->PT,GT-->PT,GT-->PT,GT-->PT,GT-->PT,GT-->PT,GT-->PT,GT-->PT,GT-->PT,GT-->PT,GT-->PT,GT-->PT,GT-->PT,GT-->PT,GT-->PT,GT-->PT,GT-->PT,GT-->PT,,,,,,,,,,,,,,,,,PT-->GT,PT-->GT,PT-->GT,PT-->GT,PT-->GT,PT-->GT,PT-->GT,PT-->GT,PT-->GT,PT-->GT,PT-->GT,PT-->GT,PT-->GT,PT-->GT,PT-->GT,PT-->GT,PT-->GT,PT-->GT,PT-->GT
GG,GGY,Guernsey,St. Peter Port,Europe,Northern Europe,,GG-->PT,GG-->PT,GG-->PT,GG-->PT,GG-->PT,GG-->PT,GG-->PT,GG-->PT,GG-->PT,GG-->PT,GG-->PT,GG-->PT,GG-->PT,GG-->PT,GG-->PT,GG-->PT,GG-->PT,GG-->PT,GG-->PT,,,,,,,,,,,,,,,,,PT-->GG,PT-->GG,PT-->GG,PT-->GG,PT-->GG,PT-->GG,PT-->GG,PT-->GG,PT-->GG,PT-->GG,PT-->GG,PT-->GG,PT-->GG,PT-->GG,PT-->GG,PT-->GG,PT-->GG,PT-->GG,PT-->GG
GN,GIN,Guinea,Conakry,Africa,Western Africa,,GN-->PT,GN-->PT,GN-->PT,GN-->PT,GN-->PT,GN-->PT,GN-->PT,GN-->PT,GN-->PT,GN-->PT,GN-->PT,GN-->PT,GN-->PT,GN-->PT,GN-->PT,GN-->PT,GN-->PT,GN-->PT,GN-->PT,,,,,,,,,,,,,,,,,PT-->GN,PT-->GN,PT-->GN,PT-->GN,PT-->GN,PT-->GN,PT-->GN,PT-->GN,PT-->GN,PT-->GN,PT-->GN,PT-->GN,PT-->GN,PT-->GN,PT-->GN,PT-->GN,PT-->GN,PT-->GN,PT-->GN
GW,GNB,Guinea-Bissau,Bissau,Africa,Western Africa,,GW-->PT,GW-->PT,GW-->PT,GW-->PT,GW-->PT,GW-->PT,GW-->PT,GW-->PT,GW-->PT,GW-->PT,GW-->PT,GW-->PT,GW-->PT,GW-->PT,GW-->PT,GW-->PT,GW-->PT,GW-->PT,GW-->PT,,,,,,,,,,,,,,,,,PT-->GW,PT-->GW,PT-->GW,PT-->GW,PT-->GW,PT-->GW,PT-->GW,PT-->GW,PT-->GW,PT-->GW,PT-->GW,PT-->GW,PT-->GW,PT-->GW,PT-->GW,PT-->GW,PT-->GW,PT-->GW,PT-->GW
GY,GUY,Guyana,Georgetown,Americas,South America,,GY-->PT,GY-->PT,GY-->PT,GY-->PT,GY-->PT,GY-->PT,GY-->PT,GY-->PT,GY-->PT,GY-->PT,GY-->PT,GY-->PT,GY-->PT,GY-->PT,GY-->PT,GY-->PT,GY-->PT,GY-->PT,GY-->PT,,,,,,,,,,,,,,,,,PT-->GY,PT-->GY,PT-->GY,PT-->GY,PT-->GY,PT-->GY,PT-->GY,PT-->GY,PT-->GY,PT-->GY,PT-->GY,PT-->GY,PT-->GY,PT-->GY,PT-->GY,PT-->GY,PT-->GY,PT-->GY,PT-->GY
HT,HTI,Haiti,Port-au-Prince,Americas,Caribbean,,HT-->PT,HT-->PT,HT-->PT,HT-->PT,HT-->PT,HT-->PT,HT-->PT,HT-->PT,HT-->PT,HT-->PT,HT-->PT,HT-->PT,HT-->PT,HT-->PT,HT-->PT,HT-->PT,HT-->PT,HT-->PT,HT-->PT,,,,,,,,,,,,,,,,,PT-->HT,PT-->HT,PT-->HT,PT-->HT,PT-->HT,PT-->HT,PT-->HT,PT-->HT,PT-->HT,PT-->HT,PT-->HT,PT-->HT,PT-->HT,PT-->HT,PT-->HT,PT-->HT,PT-->HT,PT-->HT,PT-->HT
HM,HMD,Heard Island and McDonald Islands,,,,,HM-->PT,HM-->PT,HM-->PT,HM-->PT,HM-->PT,HM-->PT,HM-->PT,HM-->PT,HM-->PT,HM-->PT,HM-->PT,HM-->PT,HM-->PT,HM-->PT,HM-->PT,HM-->PT,HM-->PT,HM-->PT,HM-->PT,,,,,,,,,,,,,,,,,PT-->HM,PT-->HM,PT-->HM,PT-->HM,PT-->HM,PT-->HM,PT-->HM,PT-->HM,PT-->HM,PT-->HM,PT-->HM,PT-->HM,PT-->HM,PT-->HM,PT-->HM,PT-->HM,PT-->HM,PT-->HM,PT-->HM
VA,VAT,Holy See,Rome,Europe,Southern Europe,,VA-->PT,VA-->PT,VA-->PT,VA-->PT,VA-->PT,VA-->PT,VA-->PT,VA-->PT,VA-->PT,VA-->PT,VA-->PT,VA-->PT,VA-->PT,VA-->PT,VA-->PT,VA-->PT,VA-->PT,VA-->PT,VA-->PT,,,,,,,,,,,,,,,,,PT-->VA,PT-->VA,PT-->VA,PT-->VA,PT-->VA,PT-->VA,PT-->VA,PT-->VA,PT-->VA,PT-->VA,PT-->VA,PT-->VA,PT-->VA,PT-->VA,PT-->VA,PT-->VA,PT-->VA,PT-->VA,PT-->VA
HN,HND,Honduras,Tegucigalpa,Americas,Central America,,HN-->PT,HN-->PT,HN-->PT,HN-->PT,HN-->PT,HN-->PT,HN-->PT,HN-->PT,HN-->PT,HN-->PT,HN-->PT,HN-->PT,HN-->PT,HN-->PT,HN-->PT,HN-->PT,HN-->PT,HN-->PT,HN-->PT,,,,,,,,,,,,,,,,,PT-->HN,PT-->HN,PT-->HN,PT-->HN,PT-->HN,PT-->HN,PT-->HN,PT-->HN,PT-->HN,PT-->HN,PT-->HN,PT-->HN,PT-->HN,PT-->HN,PT-->HN,PT-->HN,PT-->HN,PT-->HN,PT-->HN
HK,HKG,Hong Kong,City of Victoria,Asia,Eastern Asia,,HK-->PT,HK-->PT,HK-->PT,HK-->PT,HK-->PT,HK-->PT,HK-->PT,HK-->PT,HK-->PT,HK-->PT,HK-->PT,HK-->PT,HK-->PT,HK-->PT,HK-->PT,HK-->PT,HK-->PT,HK-->PT,HK-->PT,,,,,,,,,,,,,,,,,PT-->HK,PT-->HK,PT-->HK,PT-->HK,PT-->HK,PT-->HK,PT-->HK,PT-->HK,PT-->HK,PT-->HK,PT-->HK,PT-->HK,PT-->HK,PT-->HK,PT-->HK,PT-->HK,PT-->HK,PT-->HK,PT-->HK
HU,HUN,Hungary,Budapest,Europe,Eastern Europe,,HU-->PT,HU-->PT,HU-->PT,HU-->PT,HU-->PT,HU-->PT,HU-->PT,HU-->PT,HU-->PT,HU-->PT,HU-->PT,HU-->PT,HU-->PT,HU-->PT,HU-->PT,HU-->PT,HU-->PT,HU-->PT,HU-->PT,,,,,,,,,,,,,,,,,PT-->HU,PT-->HU,PT-->HU,PT-->HU,PT-->HU,PT-->HU,PT-->HU,PT-->HU,PT-->HU,PT-->HU,PT-->HU,PT-->HU,PT-->HU,PT-->HU,PT-->HU,PT-->HU,PT-->HU,PT-->HU,PT-->HU
IS,ISL,Iceland,Reykjavík,Europe,Northern Europe,,IS-->PT,IS-->PT,IS-->PT,IS-->PT,IS-->PT,IS-->PT,IS-->PT,IS-->PT,IS-->PT,IS-->PT,IS-->PT,IS-->PT,IS-->PT,IS-->PT,IS-->PT,IS-->PT,IS-->PT,IS-->PT,IS-->PT,,,,,,,,,,,,,,,,,PT-->IS,PT-->IS,PT-->IS,PT-->IS,PT-->IS,PT-->IS,PT-->IS,PT-->IS,PT-->IS,PT-->IS,PT-->IS,PT-->IS,PT-->IS,PT-->IS,PT-->IS,PT-->IS,PT-->IS,PT-->IS,PT-->IS
IN,IND,India,New Delhi,Asia,Southern Asia,,IN-->PT,IN-->PT,IN-->PT,IN-->PT,IN-->PT,IN-->PT,IN-->PT,IN-->PT,IN-->PT,IN-->PT,IN-->PT,IN-->PT,IN-->PT,IN-->PT,IN-->PT,IN-->PT,IN-->PT,IN-->PT,IN-->PT,,,,,,,,,,,,,,,,,PT-->IN,PT-->IN,PT-->IN,PT-->IN,PT-->IN,PT-->IN,PT-->IN,PT-->IN,PT-->IN,PT-->IN,PT-->IN,PT-->IN,PT-->IN,PT-->IN,PT-->IN,PT-->IN,PT-->IN,PT-->IN,PT-->IN
ID,IDN,Indonesia,Jakarta,Asia,South-Eastern Asia,,ID-->PT,ID-->PT,ID-->PT,ID-->PT,ID-->PT,ID-->PT,ID-->PT,ID-->PT,ID-->PT,ID-->PT,ID-->PT,ID-->PT,ID-->PT,ID-->PT,ID-->PT,ID-->PT,ID-->PT,ID-->PT,ID-->PT,,,,,,,,,,,,,,,,,PT-->ID,PT-->ID,PT-->ID,PT-->ID,PT-->ID,PT-->ID,PT-->ID,PT-->ID,PT-->ID,PT-->ID,PT-->ID,PT-->ID,PT-->ID,PT-->ID,PT-->ID,PT-->ID,PT-->ID,PT-->ID,PT-->ID
CI,CIV,Ivory Coast,Yamoussoukro,Africa,Western Africa,,CI-->PT,CI-->PT,CI-->PT,CI-->PT,CI-->PT,CI-->PT,CI-->PT,CI-->PT,CI-->PT,CI-->PT,CI-->PT,CI-->PT,CI-->PT,CI-->PT,CI-->PT,CI-->PT,CI-->PT,CI-->PT,CI-->PT,,,,,,,,,,,,,,,,,PT-->CI,PT-->CI,PT-->CI,PT-->CI,PT-->CI,PT-->CI,PT-->CI,PT-->CI,PT-->CI,PT-->CI,PT-->CI,PT-->CI,PT-->CI,PT-->CI,PT-->CI,PT-->CI,PT-->CI,PT-->CI,PT-->CI
IR,IRN,Iran,Tehran,Asia,Southern Asia,,IR-->PT,IR-->PT,IR-->PT,IR-->PT,IR-->PT,IR-->PT,IR-->PT,IR-->PT,IR-->PT,IR-->PT,IR-->PT,IR-->PT,IR-->PT,IR-->PT,IR-->PT,IR-->PT,IR-->PT,IR-->PT,IR-->PT,,,,,,,,,,,,,,,,,PT-->IR,PT-->IR,PT-->IR,PT-->IR,PT-->IR,PT-->IR,PT-->IR,PT-->IR,PT-->IR,PT-->IR,PT-->IR,PT-->IR,PT-->IR,PT-->IR,PT-->IR,PT-->IR,PT-->IR,PT-->IR,PT-->IR
IQ,IRQ,Iraq,Baghdad,Asia,Western Asia,,IQ-->PT,IQ-->PT,IQ-->PT,IQ-->PT,IQ-->PT,IQ-->PT,IQ-->PT,IQ-->PT,IQ-->PT,IQ-->PT,IQ-->PT,IQ-->PT,IQ-->PT,IQ-->PT,IQ-->PT,IQ-->PT,IQ-->PT,IQ-->PT,IQ-->PT,,,,,,,,,,,,,,,,,PT-->IQ,PT-->IQ,PT-->IQ,PT-->IQ,PT-->IQ,PT-->IQ,PT-->IQ,PT-->IQ,PT-->IQ,PT-->IQ,PT-->IQ,PT-->IQ,PT-->IQ,PT-->IQ,PT-->IQ,PT-->IQ,PT-->IQ,PT-->IQ,PT-->IQ
IE,IRL,Republic of Ireland,Dublin,Europe,Northern Europe,,IE-->PT,IE-->PT,IE-->PT,IE-->PT,IE-->PT,IE-->PT,IE-->PT,IE-->PT,IE-->PT,IE-->PT,IE-->PT,IE-->PT,IE-->PT,IE-->PT,IE-->PT,IE-->PT,IE-->PT,IE-->PT,IE-->PT,,,,,,,,,,,,,,,,,PT-->IE,PT-->IE,PT-->IE,PT-->IE,PT-->IE,PT-->IE,PT-->IE,PT-->IE,PT-->IE,PT-->IE,PT-->IE,PT-->IE,PT-->IE,PT-->IE,PT-->IE,PT-->IE,PT-->IE,PT-->IE,PT-->IE
IM,IMN,Isle of Man,Douglas,Europe,Northern Europe,,IM-->PT,IM-->PT,IM-->PT,IM-->PT,IM-->PT,IM-->PT,IM-->PT,IM-->PT,IM-->PT,IM-->PT,IM-->PT,IM-->PT,IM-->PT,IM-->PT,IM-->PT,IM-->PT,IM-->PT,IM-->PT,IM-->PT,,,,,,,,,,,,,,,,,PT-->IM,PT-->IM,PT-->IM,PT-->IM,PT-->IM,PT-->IM,PT-->IM,PT-->IM,PT-->IM,PT-->IM,PT-->IM,PT-->IM,PT-->IM,PT-->IM,PT-->IM,PT-->IM,PT-->IM,PT-->IM,PT-->IM
IL,ISR,Israel,Jerusalem,Asia,Western Asia,,IL-->PT,IL-->PT,IL-->PT,IL-->PT,IL-->PT,IL-->PT,IL-->PT,IL-->PT,IL-->PT,IL-->PT,IL-->PT,IL-->PT,IL-->PT,IL-->PT,IL-->PT,IL-->PT,IL-->PT,IL-->PT,IL-->PT,,,,,,,,,,,,,,,,,PT-->IL,PT-->IL,PT-->IL,PT-->IL,PT-->IL,PT-->IL,PT-->IL,PT-->IL,PT-->IL,PT-->IL,PT-->IL,PT-->IL,PT-->IL,PT-->IL,PT-->IL,PT-->IL,PT-->IL,PT-->IL,PT-->IL
IT,ITA,Italy,Rome,Europe,Southern Europe,,IT-->PT,IT-->PT,IT-->PT,IT-->PT,IT-->PT,IT-->PT,IT-->PT,IT-->PT,IT-->PT,IT-->PT,IT-->PT,IT-->PT,IT-->PT,IT-->PT,IT-->PT,IT-->PT,IT-->PT,IT-->PT,IT-->PT,,,,,,,,,,,,,,,,,PT-->IT,PT-->IT,PT-->IT,PT-->IT,PT-->IT,PT-->IT,PT-->IT,PT-->IT,PT-->IT,PT-->IT,PT-->IT,PT-->IT,PT-->IT,PT-->IT,PT-->IT,PT-->IT,PT-->IT,PT-->IT,PT-->IT
JM,JAM,Jamaica,Kingston,Americas,Caribbean,,JM-->PT,JM-->PT,JM-->PT,JM-->PT,JM-->PT,JM-->PT,JM-->PT,JM-->PT,JM-->PT,JM-->PT,JM-->PT,JM-->PT,JM-->PT,JM-->PT,JM-->PT,JM-->PT,JM-->PT,JM-->PT,JM-->PT,,,,,,,,,,,,,,,,,PT-->JM,PT-->JM,PT-->JM,PT-->JM,PT-->JM,PT-->JM,PT-->JM,PT-->JM,PT-->JM,PT-->JM,PT-->JM,PT-->JM,PT-->JM,PT-->JM,PT-->JM,PT-->JM,PT-->JM,PT-->JM,PT-->JM
JP,JPN,Japan,Tokyo,Asia,Eastern Asia,,JP-->PT,JP-->PT,JP-->PT,JP-->PT,JP-->PT,JP-->PT,JP-->PT,JP-->PT,JP-->PT,JP-->PT,JP-->PT,JP-->PT,JP-->PT,JP-->PT,JP-->PT,JP-->PT,JP-->PT,JP-->PT,JP-->PT,,,,,,,,,,,,,,,,,PT-->JP,PT-->JP,PT-->JP,PT-->JP,PT-->JP,PT-->JP,PT-->JP,PT-->JP,PT-->JP,PT-->JP,PT-->JP,PT-->JP,PT-->JP,PT-->JP,PT-->JP,PT-->JP,PT-->JP,PT-->JP,PT-->JP
JE,JEY,Jersey,Saint Helier,Europe,Northern Europe,,JE-->PT,JE-->PT,JE-->PT,JE-->PT,JE-->PT,JE-->PT,JE-->PT,JE-->PT,JE-->PT,JE-->PT,JE-->PT,JE-->PT,JE-->PT,JE-->PT,JE-->PT,JE-->PT,JE-->PT,JE-->PT,JE-->PT,,,,,,,,,,,,,,,,,PT-->JE,PT-->JE,PT-->JE,PT-->JE,PT-->JE,PT-->JE,PT-->JE,PT-->JE,PT-->JE,PT-->JE,PT-->JE,PT-->JE,PT-->JE,PT-->JE,PT-->JE,PT-->JE,PT-->JE,PT-->JE,PT-->JE
JO,JOR,Jordan,Amman,Asia,Western Asia,,JO-->PT,JO-->PT,JO-->PT,JO-->PT,JO-->PT,JO-->PT,JO-->PT,JO-->PT,JO-->PT,JO-->PT,JO-->PT,JO-->PT,JO-->PT,JO-->PT,JO-->PT,JO-->PT,JO-->PT,JO-->PT,JO-->PT,,,,,,,,,,,,,,,,,PT-->JO,PT-->JO,PT-->JO,PT-->JO,PT-->JO,PT-->JO,PT-->JO,PT-->JO,PT-->JO,PT-->JO,PT-->JO,PT-->JO,PT-->JO,PT-->JO,PT-->JO,PT-->JO,PT-->JO,PT-->JO,PT-->JO
KZ,KAZ,Kazakhstan,Astana,Asia,Central Asia,,KZ-->PT,KZ-->PT,KZ-->PT,KZ-->PT,KZ-->PT,KZ-->PT,KZ-->PT,KZ-->PT,KZ-->PT,KZ-->PT,KZ-->PT,KZ-->PT,KZ-->PT,KZ-->PT,KZ-->PT,KZ-->PT,KZ-->PT,KZ-->PT,KZ-->PT,,,,,,,,,,,,,,,,,PT-->KZ,PT-->KZ,PT-->KZ,PT-->KZ,PT-->KZ,PT-->KZ,PT-->KZ,PT-->KZ,PT-->KZ,PT-->KZ,PT-->KZ,PT-->KZ,PT-->KZ,PT-->KZ,PT-->KZ,PT-->KZ,PT-->KZ,PT-->KZ,PT-->KZ
KE,KEN,Kenya,Nairobi,Africa,Eastern Africa,,KE-->PT,KE-->PT,KE-->PT,KE-->PT,KE-->PT,KE-->PT,KE-->PT,KE-->PT,KE-->PT,KE-->PT,KE-->PT,KE-->PT,KE-->PT,KE-->PT,KE-->PT,KE-->PT,KE-->PT,KE-->PT,KE-->PT,,,,,,,,,,,,,,,,,PT-->KE,PT-->KE,PT-->KE,PT-->KE,PT-->KE,PT-->KE,PT-->KE,PT-->KE,PT-->KE,PT-->KE,PT-->KE,PT-->KE,PT-->KE,PT-->KE,PT-->KE,PT-->KE,PT-->KE,PT-->KE,PT-->KE
KI,KIR,Kiribati,South Tarawa,Oceania,Micronesia,,KI-->PT,KI-->PT,KI-->PT,KI-->PT,KI-->PT,KI-->PT,KI-->PT,KI-->PT,KI-->PT,KI-->PT,KI-->PT,KI-->PT,KI-->PT,KI-->PT,KI-->PT,KI-->PT,KI-->PT,KI-->PT,KI-->PT,,,,,,,,,,,,,,,,,PT-->KI,PT-->KI,PT-->KI,PT-->KI,PT-->KI,PT-->KI,PT-->KI,PT-->KI,PT-->KI,PT-->KI,PT-->KI,PT-->KI,PT-->KI,PT-->KI,PT-->KI,PT-->KI,PT-->KI,PT-->KI,PT-->KI
KW,KWT,Kuwait,Kuwait City,Asia,Western Asia,,KW-->PT,KW-->PT,KW-->PT,KW-->PT,KW-->PT,KW-->PT,KW-->PT,KW-->PT,KW-->PT,KW-->PT,KW-->PT,KW-->PT,KW-->PT,KW-->PT,KW-->PT,KW-->PT,KW-->PT,KW-->PT,KW-->PT,,,,,,,,,,,,,,,,,PT-->KW,PT-->KW,PT-->KW,PT-->KW,PT-->KW,PT-->KW,PT-->KW,PT-->KW,PT-->KW,PT-->KW,PT-->KW,PT-->KW,PT-->KW,PT-->KW,PT-->KW,PT-->KW,PT-->KW,PT-->KW,PT-->KW
KG,KGZ,Kyrgyzstan,Bishkek,Asia,Central Asia,,KG-->PT,KG-->PT,KG-->PT,KG-->PT,KG-->PT,KG-->PT,KG-->PT,KG-->PT,KG-->PT,KG-->PT,KG-->PT,KG-->PT,KG-->PT,KG-->PT,KG-->PT,KG-->PT,KG-->PT,KG-->PT,KG-->PT,,,,,,,,,,,,,,,,,PT-->KG,PT-->KG,PT-->KG,PT-->KG,PT-->KG,PT-->KG,PT-->KG,PT-->KG,PT-->KG,PT-->KG,PT-->KG,PT-->KG,PT-->KG,PT-->KG,PT-->KG,PT-->KG,PT-->KG,PT-->KG,PT-->KG
LA,LAO,Laos,Vientiane,Asia,South-Eastern Asia,,LA-->PT,LA-->PT,LA-->PT,LA-->PT,LA-->PT,LA-->PT,LA-->PT,LA-->PT,LA-->PT,LA-->PT,LA-->PT,LA-->PT,LA-->PT,LA-->PT,LA-->PT,LA-->PT,LA-->PT,LA-->PT,LA-->PT,,,,,,,,,,,,,,,,,PT-->LA,PT-->LA,PT-->LA,PT-->LA,PT-->LA,PT-->LA,PT-->LA,PT-->LA,PT-->LA,PT-->LA,PT-->LA,PT-->LA,PT-->LA,PT-->LA,PT-->LA,PT-->LA,PT-->LA,PT-->LA,PT-->LA
LV,LVA,Latvia,Riga,Europe,Northern Europe,,LV-->PT,LV-->PT,LV-->PT,LV-->PT,LV-->PT,LV-->PT,LV-->PT,LV-->PT,LV-->PT,LV-->PT,LV-->PT,LV-->PT,LV-->PT,LV-->PT,LV-->PT,LV-->PT,LV-->PT,LV-->PT,LV-->PT,,,,,,,,,,,,,,,,,PT-->LV,PT-->LV,PT-->LV,PT-->LV,PT-->LV,PT-->LV,PT-->LV,PT-->LV,PT-->LV,PT-->LV,PT-->LV,PT-->LV,PT-->LV,PT-->LV,PT-->LV,PT-->LV,PT-->LV,PT-->LV,PT-->LV
LB,LBN,Lebanon,Beirut,Asia,Western Asia,,LB-->PT,LB-->PT,LB-->PT,LB-->PT,LB-->PT,LB-->PT,LB-->PT,LB-->PT,LB-->PT,LB-->PT,LB-->PT,LB-->PT,LB-->PT,LB-->PT,LB-->PT,LB-->PT,LB-->PT,LB-->PT,LB-->PT,,,,,,,,,,,,,,,,,PT-->LB,PT-->LB,PT-->LB,PT-->LB,PT-->LB,PT-->LB,PT-->LB,PT-->LB,PT-->LB,PT-->LB,PT-->LB,PT-->LB,PT-->LB,PT-->LB,PT-->LB,PT-->LB,PT-->LB,PT-->LB,PT-->LB
LS,LSO,Lesotho,Maseru,Africa,Southern Africa,,LS-->PT,LS-->PT,LS-->PT,LS-->PT,LS-->PT,LS-->PT,LS-->PT,LS-->PT,LS-->PT,LS-->PT,LS-->PT,LS-->PT,LS-->PT,LS-->PT,LS-->PT,LS-->PT,LS-->PT,LS-->PT,LS-->PT,,,,,,,,,,,,,,,,,PT-->LS,PT-->LS,PT-->LS,PT-->LS,PT-->LS,PT-->LS,PT-->LS,PT-->LS,PT-->LS,PT-->LS,PT-->LS,PT-->LS,PT-->LS,PT-->LS,PT-->LS,PT-->LS,PT-->LS,PT-->LS,PT-->LS
LR,LBR,Liberia,Monrovia,Africa,Western Africa,,LR-->PT,LR-->PT,LR-->PT,LR-->PT,LR-->PT,LR-->PT,LR-->PT,LR-->PT,LR-->PT,LR-->PT,LR-->PT,LR-->PT,LR-->PT,LR-->PT,LR-->PT,LR-->PT,LR-->PT,LR-->PT,LR-->PT,,,,,,,,,,,,,,,,,PT-->LR,PT-->LR,PT-->LR,PT-->LR,PT-->LR,PT-->LR,PT-->LR,PT-->LR,PT-->LR,PT-->LR,PT-->LR,PT-->LR,PT-->LR,PT-->LR,PT-->LR,PT-->LR,PT-->LR,PT-->LR,PT-->LR
LY,LBY,Libya,Tripoli,Africa,Northern Africa,,LY-->PT,LY-->PT,LY-->PT,LY-->PT,LY-->PT,LY-->PT,LY-->PT,LY-->PT,LY-->PT,LY-->PT,LY-->PT,LY-->PT,LY-->PT,LY-->PT,LY-->PT,LY-->PT,LY-->PT,LY-->PT,LY-->PT,,,,,,,,,,,,,,,,,PT-->LY,PT-->LY,PT-->LY,PT-->LY,PT-->LY,PT-->LY,PT-->LY,PT-->LY,PT-->LY,PT-->LY,PT-->LY,PT-->LY,PT-->LY,PT-->LY,PT-->LY,PT-->LY,PT-->LY,PT-->LY,PT-->LY
LI,LIE,Liechtenstein,Vaduz,Europe,Western Europe,,LI-->PT,LI-->PT,LI-->PT,LI-->PT,LI-->PT,LI-->PT,LI-->PT,LI-->PT,LI-->PT,LI-->PT,LI-->PT,LI-->PT,LI-->PT,LI-->PT,LI-->PT,LI-->PT,LI-->PT,LI-->PT,LI-->PT,,,,,,,,,,,,,,,,,PT-->LI,PT-->LI,PT-->LI,PT-->LI,PT-->LI,PT-->LI,PT-->LI,PT-->LI,PT-->LI,PT-->LI,PT-->LI,PT-->LI,PT-->LI,PT-->LI,PT-->LI,PT-->LI,PT-->LI,PT-->LI,PT-->LI
LT,LTU,Lithuania,Vilnius,Europe,Northern Europe,,LT-->PT,LT-->PT,LT-->PT,LT-->PT,LT-->PT,LT-->PT,LT-->PT,LT-->PT,LT-->PT,LT-->PT,LT-->PT,LT-->PT,LT-->PT,LT-->PT,LT-->PT,LT-->PT,LT-->PT,LT-->PT,LT-->PT,,,,,,,,,,,,,,,,,PT-->LT,PT-->LT,PT-->LT,PT-->LT,PT-->LT,PT-->LT,PT-->LT,PT-->LT,PT-->LT,PT-->LT,PT-->LT,PT-->LT,PT-->LT,PT-->LT,PT-->LT,PT-->LT,PT-->LT,PT-->LT,PT-->LT
LU,LUX,Luxembourg,Luxembourg,Europe,Western Europe,,LU-->PT,LU-->PT,LU-->PT,LU-->PT,LU-->PT,LU-->PT,LU-->PT,LU-->PT,LU-->PT,LU-->PT,LU-->PT,LU-->PT,LU-->PT,LU-->PT,LU-->PT,LU-->PT,LU-->PT,LU-->PT,LU-->PT,,,,,,,,,,,,,,,,,PT-->LU,PT-->LU,PT-->LU,PT-->LU,PT-->LU,PT-->LU,PT-->LU,PT-->LU,PT-->LU,PT-->LU,PT-->LU,PT-->LU,PT-->LU,PT-->LU,PT-->LU,PT-->LU,PT-->LU,PT-->LU,PT-->LU
MO,MAC,Macau,,Asia,Eastern Asia,,MO-->PT,MO-->PT,MO-->PT,MO-->PT,MO-->PT,MO-->PT,MO-->PT,MO-->PT,MO-->PT,MO-->PT,MO-->PT,MO-->PT,MO-->PT,MO-->PT,MO-->PT,MO-->PT,MO-->PT,MO-->PT,MO-->PT,,,,,,,,,,,,,,,,,PT-->MO,PT-->MO,PT-->MO,PT-->MO,PT-->MO,PT-->MO,PT-->MO,PT-->MO,PT-->MO,PT-->MO,PT-->MO,PT-->MO,PT-->MO,PT-->MO,PT-->MO,PT-->MO,PT-->MO,PT-->MO,PT-->MO
MK,MKD,Republic of Macedonia,Skopje,Europe,Southern Europe,,MK-->PT,MK-->PT,MK-->PT,MK-->PT,MK-->PT,MK-->PT,MK-->PT,MK-->PT,MK-->PT,MK-->PT,MK-->PT,MK-->PT,MK-->PT,MK-->PT,MK-->PT,MK-->PT,MK-->PT,MK-->PT,MK-->PT,,,,,,,,,,,,,,,,,PT-->MK,PT-->MK,PT-->MK,PT-->MK,PT-->MK,PT-->MK,PT-->MK,PT-->MK,PT-->MK,PT-->MK,PT-->MK,PT-->MK,PT-->MK,PT-->MK,PT-->MK,PT-->MK,PT-->MK,PT-->MK,PT-->MK
MG,MDG,Madagascar,Antananarivo,Africa,Eastern Africa,,MG-->PT,MG-->PT,MG-->PT,MG-->PT,MG-->PT,MG-->PT,MG-->PT,MG-->PT,MG-->PT,MG-->PT,MG-->PT,MG-->PT,MG-->PT,MG-->PT,MG-->PT,MG-->PT,MG-->PT,MG-->PT,MG-->PT,,,,,,,,,,,,,,,,,PT-->MG,PT-->MG,PT-->MG,PT-->MG,PT-->MG,PT-->MG,PT-->MG,PT-->MG,PT-->MG,PT-->MG,PT-->MG,PT-->MG,PT-->MG,PT-->MG,PT-->MG,PT-->MG,PT-->MG,PT-->MG,PT-->MG
MW,MWI,Malawi,Lilongwe,Africa,Eastern Africa,,MW-->PT,MW-->PT,MW-->PT,MW-->PT,MW-->PT,MW-->PT,MW-->PT,MW-->PT,MW-->PT,MW-->PT,MW-->PT,MW-->PT,MW-->PT,MW-->PT,MW-->PT,MW-->PT,MW-->PT,MW-->PT,MW-->PT,,,,,,,,,,,,,,,,,PT-->MW,PT-->MW,PT-->MW,PT-->MW,PT-->MW,PT-->MW,PT-->MW,PT-->MW,PT-->MW,PT-->MW,PT-->MW,PT-->MW,PT-->MW,PT-->MW,PT-->MW,PT-->MW,PT-->MW,PT-->MW,PT-->MW
MY,MYS,Malaysia,Kuala Lumpur,Asia,South-Eastern Asia,,MY-->PT,MY-->PT,MY-->PT,MY-->PT,MY-->PT,MY-->PT,MY-->PT,MY-->PT,MY-->PT,MY-->PT,MY-->PT,MY-->PT,MY-->PT,MY-->PT,MY-->PT,MY-->PT,MY-->PT,MY-->PT,MY-->PT,,,,,,,,,,,,,,,,,PT-->MY,PT-->MY,PT-->MY,PT-->MY,PT-->MY,PT-->MY,PT-->MY,PT-->MY,PT-->MY,PT-->MY,PT-->MY,PT-->MY,PT-->MY,PT-->MY,PT-->MY,PT-->MY,PT-->MY,PT-->MY,PT-->MY
MV,MDV,Maldives,Malé,Asia,Southern Asia,,MV-->PT,MV-->PT,MV-->PT,MV-->PT,MV-->PT,MV-->PT,MV-->PT,MV-->PT,MV-->PT,MV-->PT,MV-->PT,MV-->PT,MV-->PT,MV-->PT,MV-->PT,MV-->PT,MV-->PT,MV-->PT,MV-->PT,,,,,,,,,,,,,,,,,PT-->MV,PT-->MV,PT-->MV,PT-->MV,PT-->MV,PT-->MV,PT-->MV,PT-->MV,PT-->MV,PT-->MV,PT-->MV,PT-->MV,PT-->MV,PT-->MV,PT-->MV,PT-->MV,PT-->MV,PT-->MV,PT-->MV
ML,MLI,Mali,Bamako,Africa,Western Africa,,ML-->PT,ML-->PT,ML-->PT,ML-->PT,ML-->PT,ML-->PT,ML-->PT,ML-->PT,ML-->PT,ML-->PT,ML-->PT,ML-->PT,ML-->PT,ML-->PT,ML-->PT,ML-->PT,ML-->PT,ML-->PT,ML-->PT,,,,,,,,,,,,,,,,,PT-->ML,PT-->ML,PT-->ML,PT-->ML,PT-->ML,PT-->ML,PT-->ML,PT-->ML,PT-->ML,PT-->ML,PT-->ML,PT-->ML,PT-->ML,PT-->ML,PT-->ML,PT-->ML,PT-->ML,PT-->ML,PT-->ML
MT,MLT,Malta,Valletta,Europe,Southern Europe,,MT-->PT,MT-->PT,MT-->PT,MT-->PT,MT-->PT,MT-->PT,MT-->PT,MT-->PT,MT-->PT,MT-->PT,MT-->PT,MT-->PT,MT-->PT,MT-->PT,MT-->PT,MT-->PT,MT-->PT,MT-->PT,MT-->PT,,,,,,,,,,,,,,,,,PT-->MT,PT-->MT,PT-->MT,PT-->MT,PT-->MT,PT-->MT,PT-->MT,PT-->MT,PT-->MT,PT-->MT,PT-->MT,PT-->MT,PT-->MT,PT-->MT,PT-->MT,PT-->MT,PT-->MT,PT-->MT,PT-->MT
MH,MHL,Marshall Islands,Majuro,Oceania,Micronesia,,MH-->PT,MH-->PT,MH-->PT,MH-->PT,MH-->PT,MH-->PT,MH-->PT,MH-->PT,MH-->PT,MH-->PT,MH-->PT,MH-->PT,MH-->PT,MH-->PT,MH-->PT,MH-->PT,MH-->PT,MH-->PT,MH-->PT,,,,,,,,,,,,,,,,,PT-->MH,PT-->MH,PT-->MH,PT-->MH,PT-->MH,PT-->MH,PT-->MH,PT-->MH,PT-->MH,PT-->MH,PT-->MH,PT-->MH,PT-->MH,PT-->MH,PT-->MH,PT-->MH,PT-->MH,PT-->MH,PT-->MH
MQ,MTQ,Martinique,Fort-de-France,Americas,Caribbean,,MQ-->PT,MQ-->PT,MQ-->PT,MQ-->PT,MQ-->PT,MQ-->PT,MQ-->PT,MQ-->PT,MQ-->PT,MQ-->PT,MQ-->PT,MQ-->PT,MQ-->PT,MQ-->PT,MQ-->PT,MQ-->PT,MQ-->PT,MQ-->PT,MQ-->PT,,,,,,,,,,,,,,,,,PT-->MQ,PT-->MQ,PT-->MQ,PT-->MQ,PT-->MQ,PT-->MQ,PT-->MQ,PT-->MQ,PT-->MQ,PT-->MQ,PT-->MQ,PT-->MQ,PT-->MQ,PT-->MQ,PT-->MQ,PT-->MQ,PT-->MQ,PT-->MQ,PT-->MQ
MR,MRT,Mauritania,Nouakchott,Africa,Western Africa,,MR-->PT,MR-->PT,MR-->PT,MR-->PT,MR-->PT,MR-->PT,MR-->PT,MR-->PT,MR-->PT,MR-->PT,MR-->PT,MR-->PT,MR-->PT,MR-->PT,MR-->PT,MR-->PT,MR-->PT,MR-->PT,MR-->PT,0.0,,,,,,,,,,,,,,,,PT-->MR,PT-->MR,PT-->MR,PT-->MR,PT-->MR,PT-->MR,PT-->MR,PT-->MR,PT-->MR,PT-->MR,PT-->MR,PT-->MR,PT-->MR,PT-->MR,PT-->MR,PT-->MR,PT-->MR,PT-->MR,PT-->MR
MU,MUS,Mauritius,Port Louis,Africa,Eastern Africa,,MU-->PT,MU-->PT,MU-->PT,MU-->PT,MU-->PT,MU-->PT,MU-->PT,MU-->PT,MU-->PT,MU-->PT,MU-->PT,MU-->PT,MU-->PT,MU-->PT,MU-->PT,MU-->PT,MU-->PT,MU-->PT,MU-->PT,,,,,,,,,,,,,,,,,PT-->MU,PT-->MU,PT-->MU,PT-->MU,PT-->MU,PT-->MU,PT-->MU,PT-->MU,PT-->MU,PT-->MU,PT-->MU,PT-->MU,PT-->MU,PT-->MU,PT-->MU,PT-->MU,PT-->MU,PT-->MU,PT-->MU
YT,MYT,Mayotte,Mamoudzou,Africa,Eastern Africa,,YT-->PT,YT-->PT,YT-->PT,YT-->PT,YT-->PT,YT-->PT,YT-->PT,YT-->PT,YT-->PT,YT-->PT,YT-->PT,YT-->PT,YT-->PT,YT-->PT,YT-->PT,YT-->PT,YT-->PT,YT-->PT,YT-->PT,,,,,,,,,,,,,,,,,PT-->YT,PT-->YT,PT-->YT,PT-->YT,PT-->YT,PT-->YT,PT-->YT,PT-->YT,PT-->YT,PT-->YT,PT-->YT,PT-->YT,PT-->YT,PT-->YT,PT-->YT,PT-->YT,PT-->YT,PT-->YT,PT-->YT
MX,MEX,Mexico,Mexico City,Americas,Central America,,MX-->PT,MX-->PT,MX-->PT,MX-->PT,MX-->PT,MX-->PT,MX-->PT,MX-->PT,MX-->PT,MX-->PT,MX-->PT,MX-->PT,MX-->PT,MX-->PT,MX-->PT,MX-->PT,MX-->PT,MX-->PT,MX-->PT,,,,,,,,,,,,,,,,,PT-->MX,PT-->MX,PT-->MX,PT-->MX,PT-->MX,PT-->MX,PT-->MX,PT-->MX,PT-->MX,PT-->MX,PT-->MX,PT-->MX,PT-->MX,PT-->MX,PT-->MX,PT-->MX,PT-->MX,PT-->MX,PT-->MX
FM,FSM,Federated States of Micronesia,Palikir,Oceania,Micronesia,,FM-->PT,FM-->PT,FM-->PT,FM-->PT,FM-->PT,FM-->PT,FM-->PT,FM-->PT,FM-->PT,FM-->PT,FM-->PT,FM-->PT,FM-->PT,FM-->PT,FM-->PT,FM-->PT,FM-->PT,FM-->PT,FM-->PT,,,,,,,,,,,,,,,,,PT-->FM,PT-->FM,PT-->FM,PT-->FM,PT-->FM,PT-->FM,PT-->FM,PT-->FM,PT-->FM,PT-->FM,PT-->FM,PT-->FM,PT-->FM,PT-->FM,PT-->FM,PT-->FM,PT-->FM,PT-->FM,PT-->FM
MD,MDA,Moldova,Chișinău,Europe,Eastern Europe,,MD-->PT,MD-->PT,MD-->PT,MD-->PT,MD-->PT,MD-->PT,MD-->PT,MD-->PT,MD-->PT,MD-->PT,MD-->PT,MD-->PT,MD-->PT,MD-->PT,MD-->PT,MD-->PT,MD-->PT,MD-->PT,MD-->PT,,,,,,,,,,,,,,,,,PT-->MD,PT-->MD,PT-->MD,PT-->MD,PT-->MD,PT-->MD,PT-->MD,PT-->MD,PT-->MD,PT-->MD,PT-->MD,PT-->MD,PT-->MD,PT-->MD,PT-->MD,PT-->MD,PT-->MD,PT-->MD,PT-->MD
MC,MCO,Monaco,Monaco,Europe,Western Europe,,MC-->PT,MC-->PT,MC-->PT,MC-->PT,MC-->PT,MC-->PT,MC-->PT,MC-->PT,MC-->PT,MC-->PT,MC-->PT,MC-->PT,MC-->PT,MC-->PT,MC-->PT,MC-->PT,MC-->PT,MC-->PT,MC-->PT,,,,,,,,,,,,,,,,,PT-->MC,PT-->MC,PT-->MC,PT-->MC,PT-->MC,PT-->MC,PT-->MC,PT-->MC,PT-->MC,PT-->MC,PT-->MC,PT-->MC,PT-->MC,PT-->MC,PT-->MC,PT-->MC,PT-->MC,PT-->MC,PT-->MC
MN,MNG,Mongolia,Ulan Bator,Asia,Eastern Asia,,MN-->PT,MN-->PT,MN-->PT,MN-->PT,MN-->PT,MN-->PT,MN-->PT,MN-->PT,MN-->PT,MN-->PT,MN-->PT,MN-->PT,MN-->PT,MN-->PT,MN-->PT,MN-->PT,MN-->PT,MN-->PT,MN-->PT,,,,,,,,,,,,,,,,,PT-->MN,PT-->MN,PT-->MN,PT-->MN,PT-->MN,PT-->MN,PT-->MN,PT-->MN,PT-->MN,PT-->MN,PT-->MN,PT-->MN,PT-->MN,PT-->MN,PT-->MN,PT-->MN,PT-->MN,PT-->MN,PT-->MN
ME,MNE,Montenegro,Podgorica,Europe,Southern Europe,,ME-->PT,ME-->PT,ME-->PT,ME-->PT,ME-->PT,ME-->PT,ME-->PT,ME-->PT,ME-->PT,ME-->PT,ME-->PT,ME-->PT,ME-->PT,ME-->PT,ME-->PT,ME-->PT,ME-->PT,ME-->PT,ME-->PT,,,,,,,,,,,,,,,,,PT-->ME,PT-->ME,PT-->ME,PT-->ME,PT-->ME,PT-->ME,PT-->ME,PT-->ME,PT-->ME,PT-->ME,PT-->ME,PT-->ME,PT-->ME,PT-->ME,PT-->ME,PT-->ME,PT-->ME,PT-->ME,PT-->ME
MS,MSR,Montserrat,Plymouth,Americas,Caribbean,,MS-->PT,MS-->PT,MS-->PT,MS-->PT,MS-->PT,MS-->PT,MS-->PT,MS-->PT,MS-->PT,MS-->PT,MS-->PT,MS-->PT,MS-->PT,MS-->PT,MS-->PT,MS-->PT,MS-->PT,MS-->PT,MS-->PT,,,,,,,,,,,,,,,,,PT-->MS,PT-->MS,PT-->MS,PT-->MS,PT-->MS,PT-->MS,PT-->MS,PT-->MS,PT-->MS,PT-->MS,PT-->MS,PT-->MS,PT-->MS,PT-->MS,PT-->MS,PT-->MS,PT-->MS,PT-->MS,PT-->MS
MA,MAR,Morocco,Rabat,Africa,Northern Africa,,MA-->PT,MA-->PT,MA-->PT,MA-->PT,MA-->PT,MA-->PT,MA-->PT,MA-->PT,MA-->PT,MA-->PT,MA-->PT,MA-->PT,MA-->PT,MA-->PT,MA-->PT,MA-->PT,MA-->PT,MA-->PT,MA-->PT,,,,,,,,,,,,,,,,,PT-->MA,PT-->MA,PT-->MA,PT-->MA,PT-->MA,PT-->MA,PT-->MA,PT-->MA,PT-->MA,PT-->MA,PT-->MA,PT-->MA,PT-->MA,PT-->MA,PT-->MA,PT-->MA,PT-->MA,PT-->MA,PT-->MA
MZ,MOZ,Mozambique,Maputo,Africa,Eastern Africa,,MZ-->PT,MZ-->PT,MZ-->PT,MZ-->PT,MZ-->PT,MZ-->PT,MZ-->PT,MZ-->PT,MZ-->PT,MZ-->PT,MZ-->PT,MZ-->PT,MZ-->PT,MZ-->PT,MZ-->PT,MZ-->PT,MZ-->PT,MZ-->PT,MZ-->PT,,,,,,,,,,,,,,,,,PT-->MZ,PT-->MZ,PT-->MZ,PT-->MZ,PT-->MZ,PT-->MZ,PT-->MZ,PT-->MZ,PT-->MZ,PT-->MZ,PT-->MZ,PT-->MZ,PT-->MZ,PT-->MZ,PT-->MZ,PT-->MZ,PT-->MZ,PT-->MZ,PT-->MZ
MM,MMR,Myanmar,Naypyidaw,Asia,South-Eastern Asia,,MM-->PT,MM-->PT,MM-->PT,MM-->PT,MM-->PT,MM-->PT,MM-->PT,MM-->PT,MM-->PT,MM-->PT,MM-->PT,MM-->PT,MM-->PT,MM-->PT,MM-->PT,MM-->PT,MM-->PT,MM-->PT,MM-->PT,,,,,,,,,,,,,,,,,PT-->MM,PT-->MM,PT-->MM,PT-->MM,PT-->MM,PT-->MM,PT-->MM,PT-->MM,PT-->MM,PT-->MM,PT-->MM,PT-->MM,PT-->MM,PT-->MM,PT-->MM,PT-->MM,PT-->MM,PT-->MM,PT-->MM
,NAM,Namibia,Windhoek,Africa,Southern Africa,,NA-->PT,NA-->PT,NA-->PT,NA-->PT,NA-->PT,NA-->PT,NA-->PT,NA-->PT,NA-->PT,NA-->PT,NA-->PT,NA-->PT,NA-->PT,NA-->PT,NA-->PT,NA-->PT,NA-->PT,NA-->PT,NA-->PT,,,,,,,,,,,,,,,,,PT-->NA,PT-->NA,PT-->NA,PT-->NA,PT-->NA,PT-->NA,PT-->NA,PT-->NA,PT-->NA,PT-->NA,PT-->NA,PT-->NA,PT-->NA,PT-->NA,PT-->NA,PT-->NA,PT-->NA,PT-->NA,PT-->NA
NR,NRU,Nauru,Yaren,Oceania,Micronesia,,NR-->PT,NR-->PT,NR-->PT,NR-->PT,NR-->PT,NR-->PT,NR-->PT,NR-->PT,NR-->PT,NR-->PT,NR-->PT,NR-->PT,NR-->PT,NR-->PT,NR-->PT,NR-->PT,NR-->PT,NR-->PT,NR-->PT,,,,,,,,,,,,,,,,,PT-->NR,PT-->NR,PT-->NR,PT-->NR,PT-->NR,PT-->NR,PT-->NR,PT-->NR,PT-->NR,PT-->NR,PT-->NR,PT-->NR,PT-->NR,PT-->NR,PT-->NR,PT-->NR,PT-->NR,PT-->NR,PT-->NR
NP,NPL,Nepal,Kathmandu,Asia,Southern Asia,,NP-->PT,NP-->PT,NP-->PT,NP-->PT,NP-->PT,NP-->PT,NP-->PT,NP-->PT,NP-->PT,NP-->PT,NP-->PT,NP-->PT,NP-->PT,NP-->PT,NP-->PT,NP-->PT,NP-->PT,NP-->PT,NP-->PT,,,,,,,,,,,,,,,,,PT-->NP,PT-->NP,PT-->NP,PT-->NP,PT-->NP,PT-->NP,PT-->NP,PT-->NP,PT-->NP,PT-->NP,PT-->NP,PT-->NP,PT-->NP,PT-->NP,PT-->NP,PT-->NP,PT-->NP,PT-->NP,PT-->NP
NL,NLD,Netherlands,Amsterdam,Europe,Western Europe,,NL-->PT,NL-->PT,NL-->PT,NL-->PT,NL-->PT,NL-->PT,NL-->PT,NL-->PT,NL-->PT,NL-->PT,NL-->PT,NL-->PT,NL-->PT,NL-->PT,NL-->PT,NL-->PT,NL-->PT,NL-->PT,NL-->PT,,,,,,,,,,,,,,,,,PT-->NL,PT-->NL,PT-->NL,PT-->NL,PT-->NL,PT-->NL,PT-->NL,PT-->NL,PT-->NL,PT-->NL,PT-->NL,PT-->NL,PT-->NL,PT-->NL,PT-->NL,PT-->NL,PT-->NL,PT-->NL,PT-->NL
NC,NCL,New Caledonia,Nouméa,Oceania,Melanesia,,NC-->PT,NC-->PT,NC-->PT,NC-->PT,NC-->PT,NC-->PT,NC-->PT,NC-->PT,NC-->PT,NC-->PT,NC-->PT,NC-->PT,NC-->PT,NC-->PT,NC-->PT,NC-->PT,NC-->PT,NC-->PT,NC-->PT,,,,,,,,,,,,,,,,,PT-->NC,PT-->NC,PT-->NC,PT-->NC,PT-->NC,PT-->NC,PT-->NC,PT-->NC,PT-->NC,PT-->NC,PT-->NC,PT-->NC,PT-->NC,PT-->NC,PT-->NC,PT-->NC,PT-->NC,PT-->NC,PT-->NC
NZ,NZL,New Zealand,Wellington,Oceania,Australia and New Zealand,,NZ-->PT,NZ-->PT,NZ-->PT,NZ-->PT,NZ-->PT,NZ-->PT,NZ-->PT,NZ-->PT,NZ-->PT,NZ-->PT,NZ-->PT,NZ-->PT,NZ-->PT,NZ-->PT,NZ-->PT,NZ-->PT,NZ-->PT,NZ-->PT,NZ-->PT,,,,,,,,,,,,,,,,,PT-->NZ,PT-->NZ,PT-->NZ,PT-->NZ,PT-->NZ,PT-->NZ,PT-->NZ,PT-->NZ,PT-->NZ,PT-->NZ,PT-->NZ,PT-->NZ,PT-->NZ,PT-->NZ,PT-->NZ,PT-->NZ,PT-->NZ,PT-->NZ,PT-->NZ
NI,NIC,Nicaragua,Managua,Americas,Central America,,NI-->PT,NI-->PT,NI-->PT,NI-->PT,NI-->PT,NI-->PT,NI-->PT,NI-->PT,NI-->PT,NI-->PT,NI-->PT,NI-->PT,NI-->PT,NI-->PT,NI-->PT,NI-->PT,NI-->PT,NI-->PT,NI-->PT,,,,,,,,,,,,,,,,,PT-->NI,PT-->NI,PT-->NI,PT-->NI,PT-->NI,PT-->NI,PT-->NI,PT-->NI,PT-->NI,PT-->NI,PT-->NI,PT-->NI,PT-->NI,PT-->NI,PT-->NI,PT-->NI,PT-->NI,PT-->NI,PT-->NI
NE,NER,Niger,Niamey,Africa,Western Africa,,NE-->PT,NE-->PT,NE-->PT,NE-->PT,NE-->PT,NE-->PT,NE-->PT,NE-->PT,NE-->PT,NE-->PT,NE-->PT,NE-->PT,NE-->PT,NE-->PT,NE-->PT,NE-->PT,NE-->PT,NE-->PT,NE-->PT,,,,,,,,,,,,,,,,,PT-->NE,PT-->NE,PT-->NE,PT-->NE,PT-->NE,PT-->NE,PT-->NE,PT-->NE,PT-->NE,PT-->NE,PT-->NE,PT-->NE,PT-->NE,PT-->NE,PT-->NE,PT-->NE,PT-->NE,PT-->NE,PT-->NE
NG,NGA,Nigeria,Abuja,Africa,Western Africa,,NG-->PT,NG-->PT,NG-->PT,NG-->PT,NG-->PT,NG-->PT,NG-->PT,NG-->PT,NG-->PT,NG-->PT,NG-->PT,NG-->PT,NG-->PT,NG-->PT,NG-->PT,NG-->PT,NG-->PT,NG-->PT,NG-->PT,,,,,,,,,,,,,,,,,PT-->NG,PT-->NG,PT-->NG,PT-->NG,PT-->NG,PT-->NG,PT-->NG,PT-->NG,PT-->NG,PT-->NG,PT-->NG,PT-->NG,PT-->NG,PT-->NG,PT-->NG,PT-->NG,PT-->NG,PT-->NG,PT-->NG
NU,NIU,Niue,Alofi,Oceania,Polynesia,,NU-->PT,NU-->PT,NU-->PT,NU-->PT,NU-->PT,NU-->PT,NU-->PT,NU-->PT,NU-->PT,NU-->PT,NU-->PT,NU-->PT,NU-->PT,NU-->PT,NU-->PT,NU-->PT,NU-->PT,NU-->PT,NU-->PT,,,,,,,,,,,,,,,,,PT-->NU,PT-->NU,PT-->NU,PT-->NU,PT-->NU,PT-->NU,PT-->NU,PT-->NU,PT-->NU,PT-->NU,PT-->NU,PT-->NU,PT-->NU,PT-->NU,PT-->NU,PT-->NU,PT-->NU,PT-->NU,PT-->NU
NF,NFK,Norfolk Island,Kingston,Oceania,Australia and New Zealand,,NF-->PT,NF-->PT,NF-->PT,NF-->PT,NF-->PT,NF-->PT,NF-->PT,NF-->PT,NF-->PT,NF-->PT,NF-->PT,NF-->PT,NF-->PT,NF-->PT,NF-->PT,NF-->PT,NF-->PT,NF-->PT,NF-->PT,,,,,,,,,,,,,,,,,PT-->NF,PT-->NF,PT-->NF,PT-->NF,PT-->NF,PT-->NF,PT-->NF,PT-->NF,PT-->NF,PT-->NF,PT-->NF,PT-->NF,PT-->NF,PT-->NF,PT-->NF,PT-->NF,PT-->NF,PT-->NF,PT-->NF
KP,PRK,North Korea,Pyongyang,Asia,Eastern Asia,,KP-->PT,KP-->PT,KP-->PT,KP-->PT,KP-->PT,KP-->PT,KP-->PT,KP-->PT,KP-->PT,KP-->PT,KP-->PT,KP-->PT,KP-->PT,KP-->PT,KP-->PT,KP-->PT,KP-->PT,KP-->PT,KP-->PT,,,,,,,,,,,,,,,,,PT-->KP,PT-->KP,PT-->KP,PT-->KP,PT-->KP,PT-->KP,PT-->KP,PT-->KP,PT-->KP,PT-->KP,PT-->KP,PT-->KP,PT-->KP,PT-->KP,PT-->KP,PT-->KP,PT-->KP,PT-->KP,PT-->KP
MP,MNP,Northern Mariana Islands,Saipan,Oceania,Micronesia,,MP-->PT,MP-->PT,MP-->PT,MP-->PT,MP-->PT,MP-->PT,MP-->PT,MP-->PT,MP-->PT,MP-->PT,MP-->PT,MP-->PT,MP-->PT,MP-->PT,MP-->PT,MP-->PT,MP-->PT,MP-->PT,MP-->PT,,,,,,,,,,,,,,,,,PT-->MP,PT-->MP,PT-->MP,PT-->MP,PT-->MP,PT-->MP,PT-->MP,PT-->MP,PT-->MP,PT-->MP,PT-->MP,PT-->MP,PT-->MP,PT-->MP,PT-->MP,PT-->MP,PT-->MP,PT-->MP,PT-->MP
NO,NOR,Norway,Oslo,Europe,Northern Europe,,NO-->PT,NO-->PT,NO-->PT,NO-->PT,NO-->PT,NO-->PT,NO-->PT,NO-->PT,NO-->PT,NO-->PT,NO-->PT,NO-->PT,NO-->PT,NO-->PT,NO-->PT,NO-->PT,NO-->PT,NO-->PT,NO-->PT,,,,,,,,,,,,,,,,,PT-->NO,PT-->NO,PT-->NO,PT-->NO,PT-->NO,PT-->NO,PT-->NO,PT-->NO,PT-->NO,PT-->NO,PT-->NO,PT-->NO,PT-->NO,PT-->NO,PT-->NO,PT-->NO,PT-->NO,PT-->NO,PT-->NO
OM,OMN,Oman,Muscat,Asia,Western Asia,,OM-->PT,OM-->PT,OM-->PT,OM-->PT,OM-->PT,OM-->PT,OM-->PT,OM-->PT,OM-->PT,OM-->PT,OM-->PT,OM-->PT,OM-->PT,OM-->PT,OM-->PT,OM-->PT,OM-->PT,OM-->PT,OM-->PT,,,,,,,,,,,,,,,,,PT-->OM,PT-->OM,PT-->OM,PT-->OM,PT-->OM,PT-->OM,PT-->OM,PT-->OM,PT-->OM,PT-->OM,PT-->OM,PT-->OM,PT-->OM,PT-->OM,PT-->OM,PT-->OM,PT-->OM,PT-->OM,PT-->OM
PK,PAK,Pakistan,Islamabad,Asia,Southern Asia,,PK-->PT,PK-->PT,PK-->PT,PK-->PT,PK-->PT,PK-->PT,PK-->PT,PK-->PT,PK-->PT,PK-->PT,PK-->PT,PK-->PT,PK-->PT,PK-->PT,PK-->PT,PK-->PT,PK-->PT,PK-->PT,PK-->PT,,,,,,,,,,,,,,,,,PT-->PK,PT-->PK,PT-->PK,PT-->PK,PT-->PK,PT-->PK,PT-->PK,PT-->PK,PT-->PK,PT-->PK,PT-->PK,PT-->PK,PT-->PK,PT-->PK,PT-->PK,PT-->PK,PT-->PK,PT-->PK,PT-->PK
PW,PLW,Palau,Ngerulmud,Oceania,Micronesia,,PW-->PT,PW-->PT,PW-->PT,PW-->PT,PW-->PT,PW-->PT,PW-->PT,PW-->PT,PW-->PT,PW-->PT,PW-->PT,PW-->PT,PW-->PT,PW-->PT,PW-->PT,PW-->PT,PW-->PT,PW-->PT,PW-->PT,,,,,,,,,,,,,,,,,PT-->PW,PT-->PW,PT-->PW,PT-->PW,PT-->PW,PT-->PW,PT-->PW,PT-->PW,PT-->PW,PT-->PW,PT-->PW,PT-->PW,PT-->PW,PT-->PW,PT-->PW,PT-->PW,PT-->PW,PT-->PW,PT-->PW
PS,PSE,Palestine,Ramallah,Asia,Western Asia,,PS-->PT,PS-->PT,PS-->PT,PS-->PT,PS-->PT,PS-->PT,PS-->PT,PS-->PT,PS-->PT,PS-->PT,PS-->PT,PS-->PT,PS-->PT,PS-->PT,PS-->PT,PS-->PT,PS-->PT,PS-->PT,PS-->PT,,,,,,,,,,,,,,,,,PT-->PS,PT-->PS,PT-->PS,PT-->PS,PT-->PS,PT-->PS,PT-->PS,PT-->PS,PT-->PS,PT-->PS,PT-->PS,PT-->PS,PT-->PS,PT-->PS,PT-->PS,PT-->PS,PT-->PS,PT-->PS,PT-->PS
PA,PAN,Panama,Panama City,Americas,Central America,,PA-->PT,PA-->PT,PA-->PT,PA-->PT,PA-->PT,PA-->PT,PA-->PT,PA-->PT,PA-->PT,PA-->PT,PA-->PT,PA-->PT,PA-->PT,PA-->PT,PA-->PT,PA-->PT,PA-->PT,PA-->PT,PA-->PT,,,,,,,,,,,,,,,,,PT-->PA,PT-->PA,PT-->PA,PT-->PA,PT-->PA,PT-->PA,PT-->PA,PT-->PA,PT-->PA,PT-->PA,PT-->PA,PT-->PA,PT-->PA,PT-->PA,PT-->PA,PT-->PA,PT-->PA,PT-->PA,PT-->PA
PG,PNG,Papua New Guinea,Port Moresby,Oceania,Melanesia,,PG-->PT,PG-->PT,PG-->PT,PG-->PT,PG-->PT,PG-->PT,PG-->PT,PG-->PT,PG-->PT,PG-->PT,PG-->PT,PG-->PT,PG-->PT,PG-->PT,PG-->PT,PG-->PT,PG-->PT,PG-->PT,PG-->PT,,,,,,,,,,,,,,,,,PT-->PG,PT-->PG,PT-->PG,PT-->PG,PT-->PG,PT-->PG,PT-->PG,PT-->PG,PT-->PG,PT-->PG,PT-->PG,PT-->PG,PT-->PG,PT-->PG,PT-->PG,PT-->PG,PT-->PG,PT-->PG,PT-->PG
PY,PRY,Paraguay,Asunción,Americas,South America,,PY-->PT,PY-->PT,PY-->PT,PY-->PT,PY-->PT,PY-->PT,PY-->PT,PY-->PT,PY-->PT,PY-->PT,PY-->PT,PY-->PT,PY-->PT,PY-->PT,PY-->PT,PY-->PT,PY-->PT,PY-->PT,PY-->PT,,,,,,,,,,,,,,,,,PT-->PY,PT-->PY,PT-->PY,PT-->PY,PT-->PY,PT-->PY,PT-->PY,PT-->PY,PT-->PY,PT-->PY,PT-->PY,PT-->PY,PT-->PY,PT-->PY,PT-->PY,PT-->PY,PT-->PY,PT-->PY,PT-->PY
PE,PER,Peru,Lima,Americas,South America,,PE-->PT,PE-->PT,PE-->PT,PE-->PT,PE-->PT,PE-->PT,PE-->PT,PE-->PT,PE-->PT,PE-->PT,PE-->PT,PE-->PT,PE-->PT,PE-->PT,PE-->PT,PE-->PT,PE-->PT,PE-->PT,PE-->PT,,,,,,,,,,,,,,,,,PT-->PE,PT-->PE,PT-->PE,PT-->PE,PT-->PE,PT-->PE,PT-->PE,PT-->PE,PT-->PE,PT-->PE,PT-->PE,PT-->PE,PT-->PE,PT-->PE,PT-->PE,PT-->PE,PT-->PE,PT-->PE,PT-->PE
PH,PHL,Philippines,Manila,Asia,South-Eastern Asia,,PH-->PT,PH-->PT,PH-->PT,PH-->PT,PH-->PT,PH-->PT,PH-->PT,PH-->PT,PH-->PT,PH-->PT,PH-->PT,PH-->PT,PH-->PT,PH-->PT,PH-->PT,PH-->PT,PH-->PT,PH-->PT,PH-->PT,,,,,,,,,,,,,,,,,PT-->PH,PT-->PH,PT-->PH,PT-->PH,PT-->PH,PT-->PH,PT-->PH,PT-->PH,PT-->PH,PT-->PH,PT-->PH,PT-->PH,PT-->PH,PT-->PH,PT-->PH,PT-->PH,PT-->PH,PT-->PH,PT-->PH
PN,PCN,Pitcairn Islands,Adamstown,Oceania,Polynesia,,PN-->PT,PN-->PT,PN-->PT,PN-->PT,PN-->PT,PN-->PT,PN-->PT,PN-->PT,PN-->PT,PN-->PT,PN-->PT,PN-->PT,PN-->PT,PN-->PT,PN-->PT,PN-->PT,PN-->PT,PN-->PT,PN-->PT,,,,,,,,,,,,,,,,,PT-->PN,PT-->PN,PT-->PN,PT-->PN,PT-->PN,PT-->PN,PT-->PN,PT-->PN,PT-->PN,PT-->PN,PT-->PN,PT-->PN,PT-->PN,PT-->PN,PT-->PN,PT-->PN,PT-->PN,PT-->PN,PT-->PN
PL,POL,Poland,Warsaw,Europe,Eastern Europe,,PL-->PT,PL-->PT,PL-->PT,PL-->PT,PL-->PT,PL-->PT,PL-->PT,PL-->PT,PL-->PT,PL-->PT,PL-->PT,PL-->PT,PL-->PT,PL-->PT,PL-->PT,PL-->PT,PL-->PT,PL-->PT,PL-->PT,,,,,,,,,,,,,,,,,PT-->PL,PT-->PL,PT-->PL,PT-->PL,PT-->PL,PT-->PL,PT-->PL,PT-->PL,PT-->PL,PT-->PL,PT-->PL,PT-->PL,PT-->PL,PT-->PL,PT-->PL,PT-->PL,PT-->PL,PT-->PL,PT-->PL
PT,PRT,Portugal,Lisbon,Europe,Southern Europe,,PT-->PT,PT-->PT,PT-->PT,PT-->PT,PT-->PT,PT-->PT,PT-->PT,PT-->PT,PT-->PT,PT-->PT,PT-->PT,PT-->PT,PT-->PT,PT-->PT,PT-->PT,PT-->PT,PT-->PT,PT-->PT,PT-->PT,,,,,,,,,,,,,,,,,PT-->PT,PT-->PT,PT-->PT,PT-->PT,PT-->PT,PT-->PT,PT-->PT,PT-->PT,PT-->PT,PT-->PT,PT-->PT,PT-->PT,PT-->PT,PT-->PT,PT-->PT,PT-->PT,PT-->PT,PT-->PT,PT-->PT
PR,PRI,Puerto Rico,San Juan,Americas,Caribbean,,PR-->PT,PR-->PT,PR-->PT,PR-->PT,PR-->PT,PR-->PT,PR-->PT,PR-->PT,PR-->PT,PR-->PT,PR-->PT,PR-->PT,PR-->PT,PR-->PT,PR-->PT,PR-->PT,PR-->PT,PR-->PT,PR-->PT,,,,,,,,,,,,,,,,,PT-->PR,PT-->PR,PT-->PR,PT-->PR,PT-->PR,PT-->PR,PT-->PR,PT-->PR,PT-->PR,PT-->PR,PT-->PR,PT-->PR,PT-->PR,PT-->PR,PT-->PR,PT-->PR,PT-->PR,PT-->PR,PT-->PR
QA,QAT,Qatar,Doha,Asia,Western Asia,,QA-->PT,QA-->PT,QA-->PT,QA-->PT,QA-->PT,QA-->PT,QA-->PT,QA-->PT,QA-->PT,QA-->PT,QA-->PT,QA-->PT,QA-->PT,QA-->PT,QA-->PT,QA-->PT,QA-->PT,QA-->PT,QA-->PT,,,,,,,,,,,,,,,,,PT-->QA,PT-->QA,PT-->QA,PT-->QA,PT-->QA,PT-->QA,PT-->QA,PT-->QA,PT-->QA,PT-->QA,PT-->QA,PT-->QA,PT-->QA,PT-->QA,PT-->QA,PT-->QA,PT-->QA,PT-->QA,PT-->QA
XK,KOS,Republic of Kosovo,Pristina,Europe,Eastern Europe,,XK-->PT,XK-->PT,XK-->PT,XK-->PT,XK-->PT,XK-->PT,XK-->PT,XK-->PT,XK-->PT,XK-->PT,XK-->PT,XK-->PT,XK-->PT,XK-->PT,XK-->PT,XK-->PT,XK-->PT,XK-->PT,XK-->PT,,,,,,,,,,,,,,,,,PT-->XK,PT-->XK,PT-->XK,PT-->XK,PT-->XK,PT-->XK,PT-->XK,PT-->XK,PT-->XK,PT-->XK,PT-->XK,PT-->XK,PT-->XK,PT-->XK,PT-->XK,PT-->XK,PT-->XK,PT-->XK,PT-->XK
RE,REU,Réunion,Saint-Denis,Africa,Eastern Africa,,RE-->PT,RE-->PT,RE-->PT,RE-->PT,RE-->PT,RE-->PT,RE-->PT,RE-->PT,RE-->PT,RE-->PT,RE-->PT,RE-->PT,RE-->PT,RE-->PT,RE-->PT,RE-->PT,RE-->PT,RE-->PT,RE-->PT,,,,,,,,,,,,,,,,,PT-->RE,PT-->RE,PT-->RE,PT-->RE,PT-->RE,PT-->RE,PT-->RE,PT-->RE,PT-->RE,PT-->RE,PT-->RE,PT-->RE,PT-->RE,PT-->RE,PT-->RE,PT-->RE,PT-->RE,PT-->RE,PT-->RE
RO,ROU,Romania,Bucharest,Europe,Eastern Europe,,RO-->PT,RO-->PT,RO-->PT,RO-->PT,RO-->PT,RO-->PT,RO-->PT,RO-->PT,RO-->PT,RO-->PT,RO-->PT,RO-->PT,RO-->PT,RO-->PT,RO-->PT,RO-->PT,RO-->PT,RO-->PT,RO-->PT,,,,,,,,,,,,,,,,,PT-->RO,PT-->RO,PT-->RO,PT-->RO,PT-->RO,PT-->RO,PT-->RO,PT-->RO,PT-->RO,PT-->RO,PT-->RO,PT-->RO,PT-->RO,PT-->RO,PT-->RO,PT-->RO,PT-->RO,PT-->RO,PT-->RO
RU,RUS,Russia,Moscow,Europe,Eastern Europe,,RU-->PT,RU-->PT,RU-->PT,RU-->PT,RU-->PT,RU-->PT,RU-->PT,RU-->PT,RU-->PT,RU-->PT,RU-->PT,RU-->PT,RU-->PT,RU-->PT,RU-->PT,RU-->PT,RU-->PT,RU-->PT,RU-->PT,,,,,,,,,,,,,,,,,PT-->RU,PT-->RU,PT-->RU,PT-->RU,PT-->RU,PT-->RU,PT-->RU,PT-->RU,PT-->RU,PT-->RU,PT-->RU,PT-->RU,PT-->RU,PT-->RU,PT-->RU,PT-->RU,PT-->RU,PT-->RU,PT-->RU
RW,RWA,Rwanda,Kigali,Africa,Eastern Africa,,RW-->PT,RW-->PT,RW-->PT,RW-->PT,RW-->PT,RW-->PT,RW-->PT,RW-->PT,RW-->PT,RW-->PT,RW-->PT,RW-->PT,RW-->PT,RW-->PT,RW-->PT,RW-->PT,RW-->PT,RW-->PT,RW-->PT,,,,,,,,,,,,,,,,,PT-->RW,PT-->RW,PT-->RW,PT-->RW,PT-->RW,PT-->RW,PT-->RW,PT-->RW,PT-->RW,PT-->RW,PT-->RW,PT-->RW,PT-->RW,PT-->RW,PT-->RW,PT-->RW,PT-->RW,PT-->RW,PT-->RW
BL,BLM,Saint Barthélemy,Gustavia,Americas,Caribbean,,BL-->PT,BL-->PT,BL-->PT,BL-->PT,BL-->PT,BL-->PT,BL-->PT,BL-->PT,BL-->PT,BL-->PT,BL-->PT,BL-->PT,BL-->PT,BL-->PT,BL-->PT,BL-->PT,BL-->PT,BL-->PT,BL-->PT,,,,,,,,,,,,,,,,,PT-->BL,PT-->BL,PT-->BL,PT-->BL,PT-->BL,PT-->BL,PT-->BL,PT-->BL,PT-->BL,PT-->BL,PT-->BL,PT-->BL,PT-->BL,PT-->BL,PT-->BL,PT-->BL,PT-->BL,PT-->BL,PT-->BL
SH,SHN,Saint Helena,Jamestown,Africa,Western Africa,,SH-->PT,SH-->PT,SH-->PT,SH-->PT,SH-->PT,SH-->PT,SH-->PT,SH-->PT,SH-->PT,SH-->PT,SH-->PT,SH-->PT,SH-->PT,SH-->PT,SH-->PT,SH-->PT,SH-->PT,SH-->PT,SH-->PT,,,,,,,,,,,,,,,,,PT-->SH,PT-->SH,PT-->SH,PT-->SH,PT-->SH,PT-->SH,PT-->SH,PT-->SH,PT-->SH,PT-->SH,PT-->SH,PT-->SH,PT-->SH,PT-->SH,PT-->SH,PT-->SH,PT-->SH,PT-->SH,PT-->SH
KN,KNA,Saint Kitts and Nevis,Basseterre,Americas,Caribbean,,KN-->PT,KN-->PT,KN-->PT,KN-->PT,KN-->PT,KN-->PT,KN-->PT,KN-->PT,KN-->PT,KN-->PT,KN-->PT,KN-->PT,KN-->PT,KN-->PT,KN-->PT,KN-->PT,KN-->PT,KN-->PT,KN-->PT,,,,,,,,,,,,,,,,,PT-->KN,PT-->KN,PT-->KN,PT-->KN,PT-->KN,PT-->KN,PT-->KN,PT-->KN,PT-->KN,PT-->KN,PT-->KN,PT-->KN,PT-->KN,PT-->KN,PT-->KN,PT-->KN,PT-->KN,PT-->KN,PT-->KN
LC,LCA,Saint Lucia,Castries,Americas,Caribbean,,LC-->PT,LC-->PT,LC-->PT,LC-->PT,LC-->PT,LC-->PT,LC-->PT,LC-->PT,LC-->PT,LC-->PT,LC-->PT,LC-->PT,LC-->PT,LC-->PT,LC-->PT,LC-->PT,LC-->PT,LC-->PT,LC-->PT,,,,,,,,,,,,,,,,,PT-->LC,PT-->LC,PT-->LC,PT-->LC,PT-->LC,PT-->LC,PT-->LC,PT-->LC,PT-->LC,PT-->LC,PT-->LC,PT-->LC,PT-->LC,PT-->LC,PT-->LC,PT-->LC,PT-->LC,PT-->LC,PT-->LC
MF,MAF,Saint Martin,Marigot,Americas,Caribbean,,MF-->PT,MF-->PT,MF-->PT,MF-->PT,MF-->PT,MF-->PT,MF-->PT,MF-->PT,MF-->PT,MF-->PT,MF-->PT,MF-->PT,MF-->PT,MF-->PT,MF-->PT,MF-->PT,MF-->PT,MF-->PT,MF-->PT,,,,,,,,,,,,,,,,,PT-->MF,PT-->MF,PT-->MF,PT-->MF,PT-->MF,PT-->MF,PT-->MF,PT-->MF,PT-->MF,PT-->MF,PT-->MF,PT-->MF,PT-->MF,PT-->MF,PT-->MF,PT-->MF,PT-->MF,PT-->MF,PT-->MF
PM,SPM,Saint Pierre and Miquelon,Saint-Pierre,Americas,Northern America,,PM-->PT,PM-->PT,PM-->PT,PM-->PT,PM-->PT,PM-->PT,PM-->PT,PM-->PT,PM-->PT,PM-->PT,PM-->PT,PM-->PT,PM-->PT,PM-->PT,PM-->PT,PM-->PT,PM-->PT,PM-->PT,PM-->PT,,,,,,,,,,,,,,,,,PT-->PM,PT-->PM,PT-->PM,PT-->PM,PT-->PM,PT-->PM,PT-->PM,PT-->PM,PT-->PM,PT-->PM,PT-->PM,PT-->PM,PT-->PM,PT-->PM,PT-->PM,PT-->PM,PT-->PM,PT-->PM,PT-->PM
VC,VCT,Saint Vincent and the Grenadines,Kingstown,Americas,Caribbean,,VC-->PT,VC-->PT,VC-->PT,VC-->PT,VC-->PT,VC-->PT,VC-->PT,VC-->PT,VC-->PT,VC-->PT,VC-->PT,VC-->PT,VC-->PT,VC-->PT,VC-->PT,VC-->PT,VC-->PT,VC-->PT,VC-->PT,,,,,,,,,,,,,,,,,PT-->VC,PT-->VC,PT-->VC,PT-->VC,PT-->VC,PT-->VC,PT-->VC,PT-->VC,PT-->VC,PT-->VC,PT-->VC,PT-->VC,PT-->VC,PT-->VC,PT-->VC,PT-->VC,PT-->VC,PT-->VC,PT-->VC
WS,WSM,Samoa,Apia,Oceania,Polynesia,,WS-->PT,WS-->PT,WS-->PT,WS-->PT,WS-->PT,WS-->PT,WS-->PT,WS-->PT,WS-->PT,WS-->PT,WS-->PT,WS-->PT,WS-->PT,WS-->PT,WS-->PT,WS-->PT,WS-->PT,WS-->PT,WS-->PT,,,,,,,,,,,,,,,,,PT-->WS,PT-->WS,PT-->WS,PT-->WS,PT-->WS,PT-->WS,PT-->WS,PT-->WS,PT-->WS,PT-->WS,PT-->WS,PT-->WS,PT-->WS,PT-->WS,PT-->WS,PT-->WS,PT-->WS,PT-->WS,PT-->WS
SM,SMR,San Marino,City of San Marino,Europe,Southern Europe,,SM-->PT,SM-->PT,SM-->PT,SM-->PT,SM-->PT,SM-->PT,SM-->PT,SM-->PT,SM-->PT,SM-->PT,SM-->PT,SM-->PT,SM-->PT,SM-->PT,SM-->PT,SM-->PT,SM-->PT,SM-->PT,SM-->PT,,,,,,,,,,,,,,,,,PT-->SM,PT-->SM,PT-->SM,PT-->SM,PT-->SM,PT-->SM,PT-->SM,PT-->SM,PT-->SM,PT-->SM,PT-->SM,PT-->SM,PT-->SM,PT-->SM,PT-->SM,PT-->SM,PT-->SM,PT-->SM,PT-->SM
ST,STP,São Tomé and Príncipe,São Tomé,Africa,Middle Africa,,ST-->PT,ST-->PT,ST-->PT,ST-->PT,ST-->PT,ST-->PT,ST-->PT,ST-->PT,ST-->PT,ST-->PT,ST-->PT,ST-->PT,ST-->PT,ST-->PT,ST-->PT,ST-->PT,ST-->PT,ST-->PT,ST-->PT,,,,,,,,,,,,,,,,,PT-->ST,PT-->ST,PT-->ST,PT-->ST,PT-->ST,PT-->ST,PT-->ST,PT-->ST,PT-->ST,PT-->ST,PT-->ST,PT-->ST,PT-->ST,PT-->ST,PT-->ST,PT-->ST,PT-->ST,PT-->ST,PT-->ST
SA,SAU,Saudi Arabia,Riyadh,Asia,Western Asia,,SA-->PT,SA-->PT,SA-->PT,SA-->PT,SA-->PT,SA-->PT,SA-->PT,SA-->PT,SA-->PT,SA-->PT,SA-->PT,SA-->PT,SA-->PT,SA-->PT,SA-->PT,SA-->PT,SA-->PT,SA-->PT,SA-->PT,,,,,,,,,,,,,,,,,PT-->SA,PT-->SA,PT-->SA,PT-->SA,PT-->SA,PT-->SA,PT-->SA,PT-->SA,PT-->SA,PT-->SA,PT-->SA,PT-->SA,PT-->SA,PT-->SA,PT-->SA,PT-->SA,PT-->SA,PT-->SA,PT-->SA
SN,SEN,Senegal,Dakar,Africa,Western Africa,,SN-->PT,SN-->PT,SN-->PT,SN-->PT,SN-->PT,SN-->PT,SN-->PT,SN-->PT,SN-->PT,SN-->PT,SN-->PT,SN-->PT,SN-->PT,SN-->PT,SN-->PT,SN-->PT,SN-->PT,SN-->PT,SN-->PT,,,,,,,,,,,,,,,,,PT-->SN,PT-->SN,PT-->SN,PT-->SN,PT-->SN,PT-->SN,PT-->SN,PT-->SN,PT-->SN,PT-->SN,PT-->SN,PT-->SN,PT-->SN,PT-->SN,PT-->SN,PT-->SN,PT-->SN,PT-->SN,PT-->SN
RS,SRB,Serbia,Belgrade,Europe,Southern Europe,,RS-->PT,RS-->PT,RS-->PT,RS-->PT,RS-->PT,RS-->PT,RS-->PT,RS-->PT,RS-->PT,RS-->PT,RS-->PT,RS-->PT,RS-->PT,RS-->PT,RS-->PT,RS-->PT,RS-->PT,RS-->PT,RS-->PT,,,,,,,,,,,,,,,,,PT-->RS,PT-->RS,PT-->RS,PT-->RS,PT-->RS,PT-->RS,PT-->RS,PT-->RS,PT-->RS,PT-->RS,PT-->RS,PT-->RS,PT-->RS,PT-->RS,PT-->RS,PT-->RS,PT-->RS,PT-->RS,PT-->RS
SC,SYC,Seychelles,Victoria,Africa,Eastern Africa,,SC-->PT,SC-->PT,SC-->PT,SC-->PT,SC-->PT,SC-->PT,SC-->PT,SC-->PT,SC-->PT,SC-->PT,SC-->PT,SC-->PT,SC-->PT,SC-->PT,SC-->PT,SC-->PT,SC-->PT,SC-->PT,SC-->PT,,,,,,,,,,,,,,,,,PT-->SC,PT-->SC,PT-->SC,PT-->SC,PT-->SC,PT-->SC,PT-->SC,PT-->SC,PT-->SC,PT-->SC,PT-->SC,PT-->SC,PT-->SC,PT-->SC,PT-->SC,PT-->SC,PT-->SC,PT-->SC,PT-->SC
SL,SLE,Sierra Leone,Freetown,Africa,Western Africa,,SL-->PT,SL-->PT,SL-->PT,SL-->PT,SL-->PT,SL-->PT,SL-->PT,SL-->PT,SL-->PT,SL-->PT,SL-->PT,SL-->PT,SL-->PT,SL-->PT,SL-->PT,SL-->PT,SL-->PT,SL-->PT,SL-->PT,,,,,,,,,,,,,,,,,PT-->SL,PT-->SL,PT-->SL,PT-->SL,PT-->SL,PT-->SL,PT-->SL,PT-->SL,PT-->SL,PT-->SL,PT-->SL,PT-->SL,PT-->SL,PT-->SL,PT-->SL,PT-->SL,PT-->SL,PT-->SL,PT-->SL
SG,SGP,Singapore,Singapore,Asia,South-Eastern Asia,,SG-->PT,SG-->PT,SG-->PT,SG-->PT,SG-->PT,SG-->PT,SG-->PT,SG-->PT,SG-->PT,SG-->PT,SG-->PT,SG-->PT,SG-->PT,SG-->PT,SG-->PT,SG-->PT,SG-->PT,SG-->PT,SG-->PT,,,,,,,,,,,,,,,,,PT-->SG,PT-->SG,PT-->SG,PT-->SG,PT-->SG,PT-->SG,PT-->SG,PT-->SG,PT-->SG,PT-->SG,PT-->SG,PT-->SG,PT-->SG,PT-->SG,PT-->SG,PT-->SG,PT-->SG,PT-->SG,PT-->SG
SX,SXM,Sint Maarten,Philipsburg,Americas,Caribbean,,SX-->PT,SX-->PT,SX-->PT,SX-->PT,SX-->PT,SX-->PT,SX-->PT,SX-->PT,SX-->PT,SX-->PT,SX-->PT,SX-->PT,SX-->PT,SX-->PT,SX-->PT,SX-->PT,SX-->PT,SX-->PT,SX-->PT,,,,,,,,,,,,,,,,,PT-->SX,PT-->SX,PT-->SX,PT-->SX,PT-->SX,PT-->SX,PT-->SX,PT-->SX,PT-->SX,PT-->SX,PT-->SX,PT-->SX,PT-->SX,PT-->SX,PT-->SX,PT-->SX,PT-->SX,PT-->SX,PT-->SX
SK,SVK,Slovakia,Bratislava,Europe,Eastern Europe,,SK-->PT,SK-->PT,SK-->PT,SK-->PT,SK-->PT,SK-->PT,SK-->PT,SK-->PT,SK-->PT,SK-->PT,SK-->PT,SK-->PT,SK-->PT,SK-->PT,SK-->PT,SK-->PT,SK-->PT,SK-->PT,SK-->PT,,,,,,,,,,,,,,,,,PT-->SK,PT-->SK,PT-->SK,PT-->SK,PT-->SK,PT-->SK,PT-->SK,PT-->SK,PT-->SK,PT-->SK,PT-->SK,PT-->SK,PT-->SK,PT-->SK,PT-->SK,PT-->SK,PT-->SK,PT-->SK,PT-->SK
SI,SVN,Slovenia,Ljubljana,Europe,Southern Europe,,SI-->PT,SI-->PT,SI-->PT,SI-->PT,SI-->PT,SI-->PT,SI-->PT,SI-->PT,SI-->PT,SI-->PT,SI-->PT,SI-->PT,SI-->PT,SI-->PT,SI-->PT,SI-->PT,SI-->PT,SI-->PT,SI-->PT,,,,,,,,,,,,,,,,,PT-->SI,PT-->SI,PT-->SI,PT-->SI,PT-->SI,PT-->SI,PT-->SI,PT-->SI,PT-->SI,PT-->SI,PT-->SI,PT-->SI,PT-->SI,PT-->SI,PT-->SI,PT-->SI,PT-->SI,PT-->SI,PT-->SI
SB,SLB,Solomon Islands,Honiara,Oceania,Melanesia,,SB-->PT,SB-->PT,SB-->PT,SB-->PT,SB-->PT,SB-->PT,SB-->PT,SB-->PT,SB-->PT,SB-->PT,SB-->PT,SB-->PT,SB-->PT,SB-->PT,SB-->PT,SB-->PT,SB-->PT,SB-->PT,SB-->PT,,,,,,,,,,,,,,,,,PT-->SB,PT-->SB,PT-->SB,PT-->SB,PT-->SB,PT-->SB,PT-->SB,PT-->SB,PT-->SB,PT-->SB,PT-->SB,PT-->SB,PT-->SB,PT-->SB,PT-->SB,PT-->SB,PT-->SB,PT-->SB,PT-->SB
SO,SOM,Somalia,Mogadishu,Africa,Eastern Africa,,SO-->PT,SO-->PT,SO-->PT,SO-->PT,SO-->PT,SO-->PT,SO-->PT,SO-->PT,SO-->PT,SO-->PT,SO-->PT,SO-->PT,SO-->PT,SO-->PT,SO-->PT,SO-->PT,SO-->PT,SO-->PT,SO-->PT,,,,,,,,,,,,,,,,,PT-->SO,PT-->SO,PT-->SO,PT-->SO,PT-->SO,PT-->SO,PT-->SO,PT-->SO,PT-->SO,PT-->SO,PT-->SO,PT-->SO,PT-->SO,PT-->SO,PT-->SO,PT-->SO,PT-->SO,PT-->SO,PT-->SO
ZA,ZAF,South Africa,Pretoria,Africa,Southern Africa,,ZA-->PT,ZA-->PT,ZA-->PT,ZA-->PT,ZA-->PT,ZA-->PT,ZA-->PT,ZA-->PT,ZA-->PT,ZA-->PT,ZA-->PT,ZA-->PT,ZA-->PT,ZA-->PT,ZA-->PT,ZA-->PT,ZA-->PT,ZA-->PT,ZA-->PT,,,,,,,,,,,,,,,,,PT-->ZA,PT-->ZA,PT-->ZA,PT-->ZA,PT-->ZA,PT-->ZA,PT-->ZA,PT-->ZA,PT-->ZA,PT-->ZA,PT-->ZA,PT-->ZA,PT-->ZA,PT-->ZA,PT-->ZA,PT-->ZA,PT-->ZA,PT-->ZA,PT-->ZA
GS,SGS,South Georgia,King Edward Point,Americas,South America,,GS-->PT,GS-->PT,GS-->PT,GS-->PT,GS-->PT,GS-->PT,GS-->PT,GS-->PT,GS-->PT,GS-->PT,GS-->PT,GS-->PT,GS-->PT,GS-->PT,GS-->PT,GS-->PT,GS-->PT,GS-->PT,GS-->PT,,,,,,,,,,,,,,,,,PT-->GS,PT-->GS,PT-->GS,PT-->GS,PT-->GS,PT-->GS,PT-->GS,PT-->GS,PT-->GS,PT-->GS,PT-->GS,PT-->GS,PT-->GS,PT-->GS,PT-->GS,PT-->GS,PT-->GS,PT-->GS,PT-->GS
KR,KOR,South Korea,Seoul,Asia,Eastern Asia,,KR-->PT,KR-->PT,KR-->PT,KR-->PT,KR-->PT,KR-->PT,KR-->PT,KR-->PT,KR-->PT,KR-->PT,KR-->PT,KR-->PT,KR-->PT,KR-->PT,KR-->PT,KR-->PT,KR-->PT,KR-->PT,KR-->PT,,,,,,,,,,,,,,,,,PT-->KR,PT-->KR,PT-->KR,PT-->KR,PT-->KR,PT-->KR,PT-->KR,PT-->KR,PT-->KR,PT-->KR,PT-->KR,PT-->KR,PT-->KR,PT-->KR,PT-->KR,PT-->KR,PT-->KR,PT-->KR,PT-->KR
SS,SSD,South Sudan,Juba,Africa,Middle Africa,,SS-->PT,SS-->PT,SS-->PT,SS-->PT,SS-->PT,SS-->PT,SS-->PT,SS-->PT,SS-->PT,SS-->PT,SS-->PT,SS-->PT,SS-->PT,SS-->PT,SS-->PT,SS-->PT,SS-->PT,SS-->PT,SS-->PT,,,,,,,,,,,,,,,,,PT-->SS,PT-->SS,PT-->SS,PT-->SS,PT-->SS,PT-->SS,PT-->SS,PT-->SS,PT-->SS,PT-->SS,PT-->SS,PT-->SS,PT-->SS,PT-->SS,PT-->SS,PT-->SS,PT-->SS,PT-->SS,PT-->SS
ES,ESP,Spain,Madrid,Europe,Southern Europe,,ES-->PT,ES-->PT,ES-->PT,ES-->PT,ES-->PT,ES-->PT,ES-->PT,ES-->PT,ES-->PT,ES-->PT,ES-->PT,ES-->PT,ES-->PT,ES-->PT,ES-->PT,ES-->PT,ES-->PT,ES-->PT,ES-->PT,,,,,,,,,,,,,,,,,PT-->ES,PT-->ES,PT-->ES,PT-->ES,PT-->ES,PT-->ES,PT-->ES,PT-->ES,PT-->ES,PT-->ES,PT-->ES,PT-->ES,PT-->ES,PT-->ES,PT-->ES,PT-->ES,PT-->ES,PT-->ES,PT-->ES
LK,LKA,Sri Lanka,Colombo,Asia,Southern Asia,,LK-->PT,LK-->PT,LK-->PT,LK-->PT,LK-->PT,LK-->PT,LK-->PT,LK-->PT,LK-->PT,LK-->PT,LK-->PT,LK-->PT,LK-->PT,LK-->PT,LK-->PT,LK-->PT,LK-->PT,LK-->PT,LK-->PT,,,,,,,,,,,,,,,,,PT-->LK,PT-->LK,PT-->LK,PT-->LK,PT-->LK,PT-->LK,PT-->LK,PT-->LK,PT-->LK,PT-->LK,PT-->LK,PT-->LK,PT-->LK,PT-->LK,PT-->LK,PT-->LK,PT-->LK,PT-->LK,PT-->LK
SD,SDN,Sudan,Khartoum,Africa,Northern Africa,,SD-->PT,SD-->PT,SD-->PT,SD-->PT,SD-->PT,SD-->PT,SD-->PT,SD-->PT,SD-->PT,SD-->PT,SD-->PT,SD-->PT,SD-->PT,SD-->PT,SD-->PT,SD-->PT,SD-->PT,SD-->PT,SD-->PT,,,,,,,,,,,,,,,,,PT-->SD,PT-->SD,PT-->SD,PT-->SD,PT-->SD,PT-->SD,PT-->SD,PT-->SD,PT-->SD,PT-->SD,PT-->SD,PT-->SD,PT-->SD,PT-->SD,PT-->SD,PT-->SD,PT-->SD,PT-->SD,PT-->SD
SR,SUR,Suriname,Paramaribo,Americas,South America,,SR-->PT,SR-->PT,SR-->PT,SR-->PT,SR-->PT,SR-->PT,SR-->PT,SR-->PT,SR-->PT,SR-->PT,SR-->PT,SR-->PT,SR-->PT,SR-->PT,SR-->PT,SR-->PT,SR-->PT,SR-->PT,SR-->PT,,,,,,,,,,,,,,,,,PT-->SR,PT-->SR,PT-->SR,PT-->SR,PT-->SR,PT-->SR,PT-->SR,PT-->SR,PT-->SR,PT-->SR,PT-->SR,PT-->SR,PT-->SR,PT-->SR,PT-->SR,PT-->SR,PT-->SR,PT-->SR,PT-->SR
SJ,SJM,Svalbard and Jan Mayen,Longyearbyen,Europe,Northern Europe,,SJ-->PT,SJ-->PT,SJ-->PT,SJ-->PT,SJ-->PT,SJ-->PT,SJ-->PT,SJ-->PT,SJ-->PT,SJ-->PT,SJ-->PT,SJ-->PT,SJ-->PT,SJ-->PT,SJ-->PT,SJ-->PT,SJ-->PT,SJ-->PT,SJ-->PT,,,,,,,,,,,,,,,,,PT-->SJ,PT-->SJ,PT-->SJ,PT-->SJ,PT-->SJ,PT-->SJ,PT-->SJ,PT-->SJ,PT-->SJ,PT-->SJ,PT-->SJ,PT-->SJ,PT-->SJ,PT-->SJ,PT-->SJ,PT-->SJ,PT-->SJ,PT-->SJ,PT-->SJ
SZ,SWZ,Swaziland,Lobamba,Africa,Southern Africa,,SZ-->PT,SZ-->PT,SZ-->PT,SZ-->PT,SZ-->PT,SZ-->PT,SZ-->PT,SZ-->PT,SZ-->PT,SZ-->PT,SZ-->PT,SZ-->PT,SZ-->PT,SZ-->PT,SZ-->PT,SZ-->PT,SZ-->PT,SZ-->PT,SZ-->PT,,,,,,,,,,,,,,,,,PT-->SZ,PT-->SZ,PT-->SZ,PT-->SZ,PT-->SZ,PT-->SZ,PT-->SZ,PT-->SZ,PT-->SZ,PT-->SZ,PT-->SZ,PT-->SZ,PT-->SZ,PT-->SZ,PT-->SZ,PT-->SZ,PT-->SZ,PT-->SZ,PT-->SZ
SE,SWE,Sweden,Stockholm,Europe,Northern Europe,,SE-->PT,SE-->PT,SE-->PT,SE-->PT,SE-->PT,SE-->PT,SE-->PT,SE-->PT,SE-->PT,SE-->PT,SE-->PT,SE-->PT,SE-->PT,SE-->PT,SE-->PT,SE-->PT,SE-->PT,SE-->PT,SE-->PT,,,,,,,,,,,,,,,,,PT-->SE,PT-->SE,PT-->SE,PT-->SE,PT-->SE,PT-->SE,PT-->SE,PT-->SE,PT-->SE,PT-->SE,PT-->SE,PT-->SE,PT-->SE,PT-->SE,PT-->SE,PT-->SE,PT-->SE,PT-->SE,PT-->SE
CH,CHE,Switzerland,Bern,Europe,Western Europe,,CH-->PT,CH-->PT,CH-->PT,CH-->PT,CH-->PT,CH-->PT,CH-->PT,CH-->PT,CH-->PT,CH-->PT,CH-->PT,CH-->PT,CH-->PT,CH-->PT,CH-->PT,CH-->PT,CH-->PT,CH-->PT,CH-->PT,,,,,,,,,,,,,,,,,PT-->CH,PT-->CH,PT-->CH,PT-->CH,PT-->CH,PT-->CH,PT-->CH,PT-->CH,PT-->CH,PT-->CH,PT-->CH,PT-->CH,PT-->CH,PT-->CH,PT-->CH,PT-->CH,PT-->CH,PT-->CH,PT-->CH
SY,SYR,Syria,Damascus,Asia,Western Asia,,SY-->PT,SY-->PT,SY-->PT,SY-->PT,SY-->PT,SY-->PT,SY-->PT,SY-->PT,SY-->PT,SY-->PT,SY-->PT,SY-->PT,SY-->PT,SY-->PT,SY-->PT,SY-->PT,SY-->PT,SY-->PT,SY-->PT,,,,,,,,,,,,,,,,,PT-->SY,PT-->SY,PT-->SY,PT-->SY,PT-->SY,PT-->SY,PT-->SY,PT-->SY,PT-->SY,PT-->SY,PT-->SY,PT-->SY,PT-->SY,PT-->SY,PT-->SY,PT-->SY,PT-->SY,PT-->SY,PT-->SY
TW,TWN,Taiwan,Taipei,Asia,Eastern Asia,,TW-->PT,TW-->PT,TW-->PT,TW-->PT,TW-->PT,TW-->PT,TW-->PT,TW-->PT,TW-->PT,TW-->PT,TW-->PT,TW-->PT,TW-->PT,TW-->PT,TW-->PT,TW-->PT,TW-->PT,TW-->PT,TW-->PT,,,,,,,,,,,,,,,,,PT-->TW,PT-->TW,PT-->TW,PT-->TW,PT-->TW,PT-->TW,PT-->TW,PT-->TW,PT-->TW,PT-->TW,PT-->TW,PT-->TW,PT-->TW,PT-->TW,PT-->TW,PT-->TW,PT-->TW,PT-->TW,PT-->TW
TJ,TJK,Tajikistan,Dushanbe,Asia,Central Asia,,TJ-->PT,TJ-->PT,TJ-->PT,TJ-->PT,TJ-->PT,TJ-->PT,TJ-->PT,TJ-->PT,TJ-->PT,TJ-->PT,TJ-->PT,TJ-->PT,TJ-->PT,TJ-->PT,TJ-->PT,TJ-->PT,TJ-->PT,TJ-->PT,TJ-->PT,,,,,,,,,,,,,,,,,PT-->TJ,PT-->TJ,PT-->TJ,PT-->TJ,PT-->TJ,PT-->TJ,PT-->TJ,PT-->TJ,PT-->TJ,PT-->TJ,PT-->TJ,PT-->TJ,PT-->TJ,PT-->TJ,PT-->TJ,PT-->TJ,PT-->TJ,PT-->TJ,PT-->TJ
TZ,TZA,Tanzania,Dodoma,Africa,Eastern Africa,,TZ-->PT,TZ-->PT,TZ-->PT,TZ-->PT,TZ-->PT,TZ-->PT,TZ-->PT,TZ-->PT,TZ-->PT,TZ-->PT,TZ-->PT,TZ-->PT,TZ-->PT,TZ-->PT,TZ-->PT,TZ-->PT,TZ-->PT,TZ-->PT,TZ-->PT,,,,,,,,,,,,,,,,,PT-->TZ,PT-->TZ,PT-->TZ,PT-->TZ,PT-->TZ,PT-->TZ,PT-->TZ,PT-->TZ,PT-->TZ,PT-->TZ,PT-->TZ,PT-->TZ,PT-->TZ,PT-->TZ,PT-->TZ,PT-->TZ,PT-->TZ,PT-->TZ,PT-->TZ
TH,THA,Thailand,Bangkok,Asia,South-Eastern Asia,,TH-->PT,TH-->PT,TH-->PT,TH-->PT,TH-->PT,TH-->PT,TH-->PT,TH-->PT,TH-->PT,TH-->PT,TH-->PT,TH-->PT,TH-->PT,TH-->PT,TH-->PT,TH-->PT,TH-->PT,TH-->PT,TH-->PT,,,,,,,,,,,,,,,,,PT-->TH,PT-->TH,PT-->TH,PT-->TH,PT-->TH,PT-->TH,PT-->TH,PT-->TH,PT-->TH,PT-->TH,PT-->TH,PT-->TH,PT-->TH,PT-->TH,PT-->TH,PT-->TH,PT-->TH,PT-->TH,PT-->TH
TL,TLS,East Timor,Dili,Asia,South-Eastern Asia,,TL-->PT,TL-->PT,TL-->PT,TL-->PT,TL-->PT,TL-->PT,TL-->PT,TL-->PT,TL-->PT,TL-->PT,TL-->PT,TL-->PT,TL-->PT,TL-->PT,TL-->PT,TL-->PT,TL-->PT,TL-->PT,TL-->PT,,,,,,,,,,,,,,,,,PT-->TL,PT-->TL,PT-->TL,PT-->TL,PT-->TL,PT-->TL,PT-->TL,PT-->TL,PT-->TL,PT-->TL,PT-->TL,PT-->TL,PT-->TL,PT-->TL,PT-->TL,PT-->TL,PT-->TL,PT-->TL,PT-->TL
TG,TGO,Togo,Lomé,Africa,Western Africa,,TG-->PT,TG-->PT,TG-->PT,TG-->PT,TG-->PT,TG-->PT,TG-->PT,TG-->PT,TG-->PT,TG-->PT,TG-->PT,TG-->PT,TG-->PT,TG-->PT,TG-->PT,TG-->PT,TG-->PT,TG-->PT,TG-->PT,,,,,,,,,,,,,,,,,PT-->TG,PT-->TG,PT-->TG,PT-->TG,PT-->TG,PT-->TG,PT-->TG,PT-->TG,PT-->TG,PT-->TG,PT-->TG,PT-->TG,PT-->TG,PT-->TG,PT-->TG,PT-->TG,PT-->TG,PT-->TG,PT-->TG
TK,TKL,Tokelau,Fakaofo,Oceania,Polynesia,,TK-->PT,TK-->PT,TK-->PT,TK-->PT,TK-->PT,TK-->PT,TK-->PT,TK-->PT,TK-->PT,TK-->PT,TK-->PT,TK-->PT,TK-->PT,TK-->PT,TK-->PT,TK-->PT,TK-->PT,TK-->PT,TK-->PT,,,,,,,,,,,,,,,,,PT-->TK,PT-->TK,PT-->TK,PT-->TK,PT-->TK,PT-->TK,PT-->TK,PT-->TK,PT-->TK,PT-->TK,PT-->TK,PT-->TK,PT-->TK,PT-->TK,PT-->TK,PT-->TK,PT-->TK,PT-->TK,PT-->TK
TO,TON,Tonga,Nuku'alofa,Oceania,Polynesia,,TO-->PT,TO-->PT,TO-->PT,TO-->PT,TO-->PT,TO-->PT,TO-->PT,TO-->PT,TO-->PT,TO-->PT,TO-->PT,TO-->PT,TO-->PT,TO-->PT,TO-->PT,TO-->PT,TO-->PT,TO-->PT,TO-->PT,,,,,,,,,,,,,,,,,PT-->TO,PT-->TO,PT-->TO,PT-->TO,PT-->TO,PT-->TO,PT-->TO,PT-->TO,PT-->TO,PT-->TO,PT-->TO,PT-->TO,PT-->TO,PT-->TO,PT-->TO,PT-->TO,PT-->TO,PT-->TO,PT-->TO
TT,TTO,Trinidad and Tobago,Port of Spain,Americas,Caribbean,,TT-->PT,TT-->PT,TT-->PT,TT-->PT,TT-->PT,TT-->PT,TT-->PT,TT-->PT,TT-->PT,TT-->PT,TT-->PT,TT-->PT,TT-->PT,TT-->PT,TT-->PT,TT-->PT,TT-->PT,TT-->PT,TT-->PT,,,,,,,,,,,,,,,,,PT-->TT,PT-->TT,PT-->TT,PT-->TT,PT-->TT,PT-->TT,PT-->TT,PT-->TT,PT-->TT,PT-->TT,PT-->TT,PT-->TT,PT-->TT,PT-->TT,PT-->TT,PT-->TT,PT-->TT,PT-->TT,PT-->TT
TN,TUN,Tunisia,Tunis,Africa,Northern Africa,,TN-->PT,TN-->PT,TN-->PT,TN-->PT,TN-->PT,TN-->PT,TN-->PT,TN-->PT,TN-->PT,TN-->PT,TN-->PT,TN-->PT,TN-->PT,TN-->PT,TN-->PT,TN-->PT,TN-->PT,TN-->PT,TN-->PT,,,,,,,,,,,,,,,,,PT-->TN,PT-->TN,PT-->TN,PT-->TN,PT-->TN,PT-->TN,PT-->TN,PT-->TN,PT-->TN,PT-->TN,PT-->TN,PT-->TN,PT-->TN,PT-->TN,PT-->TN,PT-->TN,PT-->TN,PT-->TN,PT-->TN
TR,TUR,Turkey,Ankara,Asia,Western Asia,,TR-->PT,TR-->PT,TR-->PT,TR-->PT,TR-->PT,TR-->PT,TR-->PT,TR-->PT,TR-->PT,TR-->PT,TR-->PT,TR-->PT,TR-->PT,TR-->PT,TR-->PT,TR-->PT,TR-->PT,TR-->PT,TR-->PT,,,,,,,,,,,,,,,,,PT-->TR,PT-->TR,PT-->TR,PT-->TR,PT-->TR,PT-->TR,PT-->TR,PT-->TR,PT-->TR,PT-->TR,PT-->TR,PT-->TR,PT-->TR,PT-->TR,PT-->TR,PT-->TR,PT-->TR,PT-->TR,PT-->TR
TM,TKM,Turkmenistan,Ashgabat,Asia,Central Asia,,TM-->PT,TM-->PT,TM-->PT,TM-->PT,TM-->PT,TM-->PT,TM-->PT,TM-->PT,TM-->PT,TM-->PT,TM-->PT,TM-->PT,TM-->PT,TM-->PT,TM-->PT,TM-->PT,TM-->PT,TM-->PT,TM-->PT,,,,,,,,,,,,,,,,,PT-->TM,PT-->TM,PT-->TM,PT-->TM,PT-->TM,PT-->TM,PT-->TM,PT-->TM,PT-->TM,PT-->TM,PT-->TM,PT-->TM,PT-->TM,PT-->TM,PT-->TM,PT-->TM,PT-->TM,PT-->TM,PT-->TM
TC,TCA,Turks and Caicos Islands,Cockburn Town,Americas,Caribbean,,TC-->PT,TC-->PT,TC-->PT,TC-->PT,TC-->PT,TC-->PT,TC-->PT,TC-->PT,TC-->PT,TC-->PT,TC-->PT,TC-->PT,TC-->PT,TC-->PT,TC-->PT,TC-->PT,TC-->PT,TC-->PT,TC-->PT,,,,,,,,,,,,,,,,,PT-->TC,PT-->TC,PT-->TC,PT-->TC,PT-->TC,PT-->TC,PT-->TC,PT-->TC,PT-->TC,PT-->TC,PT-->TC,PT-->TC,PT-->TC,PT-->TC,PT-->TC,PT-->TC,PT-->TC,PT-->TC,PT-->TC
TV,TUV,Tuvalu,Funafuti,Oceania,Polynesia,,TV-->PT,TV-->PT,TV-->PT,TV-->PT,TV-->PT,TV-->PT,TV-->PT,TV-->PT,TV-->PT,TV-->PT,TV-->PT,TV-->PT,TV-->PT,TV-->PT,TV-->PT,TV-->PT,TV-->PT,TV-->PT,TV-->PT,,,,,,,,,,,,,,,,,PT-->TV,PT-->TV,PT-->TV,PT-->TV,PT-->TV,PT-->TV,PT-->TV,PT-->TV,PT-->TV,PT-->TV,PT-->TV,PT-->TV,PT-->TV,PT-->TV,PT-->TV,PT-->TV,PT-->TV,PT-->TV,PT-->TV
UG,UGA,Uganda,Kampala,Africa,Eastern Africa,,UG-->PT,UG-->PT,UG-->PT,UG-->PT,UG-->PT,UG-->PT,UG-->PT,UG-->PT,UG-->PT,UG-->PT,UG-->PT,UG-->PT,UG-->PT,UG-->PT,UG-->PT,UG-->PT,UG-->PT,UG-->PT,UG-->PT,,,,,,,,,,,,,,,,,PT-->UG,PT-->UG,PT-->UG,PT-->UG,PT-->UG,PT-->UG,PT-->UG,PT-->UG,PT-->UG,PT-->UG,PT-->UG,PT-->UG,PT-->UG,PT-->UG,PT-->UG,PT-->UG,PT-->UG,PT-->UG,PT-->UG
UA,UKR,Ukraine,Kiev,Europe,Eastern Europe,,UA-->PT,UA-->PT,UA-->PT,UA-->PT,UA-->PT,UA-->PT,UA-->PT,UA-->PT,UA-->PT,UA-->PT,UA-->PT,UA-->PT,UA-->PT,UA-->PT,UA-->PT,UA-->PT,UA-->PT,UA-->PT,UA-->PT,,,,,,,,,,,,,,,,,PT-->UA,PT-->UA,PT-->UA,PT-->UA,PT-->UA,PT-->UA,PT-->UA,PT-->UA,PT-->UA,PT-->UA,PT-->UA,PT-->UA,PT-->UA,PT-->UA,PT-->UA,PT-->UA,PT-->UA,PT-->UA,PT-->UA
AE,ARE,United Arab Emirates,Abu Dhabi,Asia,Western Asia,,AE-->PT,AE-->PT,AE-->PT,AE-->PT,AE-->PT,AE-->PT,AE-->PT,AE-->PT,AE-->PT,AE-->PT,AE-->PT,AE-->PT,AE-->PT,AE-->PT,AE-->PT,AE-->PT,AE-->PT,AE-->PT,AE-->PT,,,,,,,,,,,,,,,,,PT-->AE,PT-->AE,PT-->AE,PT-->AE,PT-->AE,PT-->AE,PT-->AE,PT-->AE,PT-->AE,PT-->AE,PT-->AE,PT-->AE,PT-->AE,PT-->AE,PT-->AE,PT-->AE,PT-->AE,PT-->AE,PT-->AE
GB,GBR,United Kingdom,London,Europe,Northern Europe,,GB-->PT,GB-->PT,GB-->PT,GB-->PT,GB-->PT,GB-->PT,GB-->PT,GB-->PT,GB-->PT,GB-->PT,GB-->PT,GB-->PT,GB-->PT,GB-->PT,GB-->PT,GB-->PT,GB-->PT,GB-->PT,GB-->PT,,,,,,,,,,,,,,,,,PT-->GB,PT-->GB,PT-->GB,PT-->GB,PT-->GB,PT-->GB,PT-->GB,PT-->GB,PT-->GB,PT-->GB,PT-->GB,PT-->GB,PT-->GB,PT-->GB,PT-->GB,PT-->GB,PT-->GB,PT-->GB,PT-->GB
US,USA,United States,"Washington, D.C.",Americas,Northern America,,US-->PT,US-->PT,US-->PT,US-->PT,US-->PT,US-->PT,US-->PT,US-->PT,US-->PT,US-->PT,US-->PT,US-->PT,US-->PT,US-->PT,US-->PT,US-->PT,US-->PT,US-->PT,US-->PT,,,,,,,,,,,,,,,,,PT-->US,PT-->US,PT-->US,PT-->US,PT-->US,PT-->US,PT-->US,PT-->US,PT-->US,PT-->US,PT-->US,PT-->US,PT-->US,PT-->US,PT-->US,PT-->US,PT-->US,PT-->US,PT-->US
UY,URY,Uruguay,Montevideo,Americas,South America,,UY-->PT,UY-->PT,UY-->PT,UY-->PT,UY-->PT,UY-->PT,UY-->PT,UY-->PT,UY-->PT,UY-->PT,UY-->PT,UY-->PT,UY-->PT,UY-->PT,UY-->PT,UY-->PT,UY-->PT,UY-->PT,UY-->PT,,,,,,,,,,,,,,,,,PT-->UY,PT-->UY,PT-->UY,PT-->UY,PT-->UY,PT-->UY,PT-->UY,PT-->UY,PT-->UY,PT-->UY,PT-->UY,PT-->UY,PT-->UY,PT-->UY,PT-->UY,PT-->UY,PT-->UY,PT-->UY,PT-->UY
UZ,UZB,Uzbekistan,Tashkent,Asia,Central Asia,,UZ-->PT,UZ-->PT,UZ-->PT,UZ-->PT,UZ-->PT,UZ-->PT,UZ-->PT,UZ-->PT,UZ-->PT,UZ-->PT,UZ-->PT,UZ-->PT,UZ-->PT,UZ-->PT,UZ-->PT,UZ-->PT,UZ-->PT,UZ-->PT,UZ-->PT,,,,,,,,,,,,,,,,,PT-->UZ,PT-->UZ,PT-->UZ,PT-->UZ,PT-->UZ,PT-->UZ,PT-->UZ,PT-->UZ,PT-->UZ,PT-->UZ,PT-->UZ,PT-->UZ,PT-->UZ,PT-->UZ,PT-->UZ,PT-->UZ,PT-->UZ,PT-->UZ,PT-->UZ
VU,VUT,Vanuatu,Port Vila,Oceania,Melanesia,,VU-->PT,VU-->PT,VU-->PT,VU-->PT,VU-->PT,VU-->PT,VU-->PT,VU-->PT,VU-->PT,VU-->PT,VU-->PT,VU-->PT,VU-->PT,VU-->PT,VU-->PT,VU-->PT,VU-->PT,VU-->PT,VU-->PT,,,,,,,,,,,,,,,,,PT-->VU,PT-->VU,PT-->VU,PT-->VU,PT-->VU,PT-->VU,PT-->VU,PT-->VU,PT-->VU,PT-->VU,PT-->VU,PT-->VU,PT-->VU,PT-->VU,PT-->VU,PT-->VU,PT-->VU,PT-->VU,PT-->VU
VE,VEN,Venezuela,Caracas,Americas,South America,,VE-->PT,VE-->PT,VE-->PT,VE-->PT,VE-->PT,VE-->PT,VE-->PT,VE-->PT,VE-->PT,VE-->PT,VE-->PT,VE-->PT,VE-->PT,VE-->PT,VE-->PT,VE-->PT,VE-->PT,VE-->PT,VE-->PT,,,,,,,,,,,,,,,,,PT-->VE,PT-->VE,PT-->VE,PT-->VE,PT-->VE,PT-->VE,PT-->VE,PT-->VE,PT-->VE,PT-->VE,PT-->VE,PT-->VE,PT-->VE,PT-->VE,PT-->VE,PT-->VE,PT-->VE,PT-->VE,PT-->VE
VN,VNM,Vietnam,Hanoi,Asia,South-Eastern Asia,,VN-->PT,VN-->PT,VN-->PT,VN-->PT,VN-->PT,VN-->PT,VN-->PT,VN-->PT,VN-->PT,VN-->PT,VN-->PT,VN-->PT,VN-->PT,VN-->PT,VN-->PT,VN-->PT,VN-->PT,VN-->PT,VN-->PT,,,,,,,,,,,,,,,,,PT-->VN,PT-->VN,PT-->VN,PT-->VN,PT-->VN,PT-->VN,PT-->VN,PT-->VN,PT-->VN,PT-->VN,PT-->VN,PT-->VN,PT-->VN,PT-->VN,PT-->VN,PT-->VN,PT-->VN,PT-->VN,PT-->VN
WF,WLF,Wallis and Futuna,Mata-Utu,Oceania,Polynesia,,WF-->PT,WF-->PT,WF-->PT,WF-->PT,WF-->PT,WF-->PT,WF-->PT,WF-->PT,WF-->PT,WF-->PT,WF-->PT,WF-->PT,WF-->PT,WF-->PT,WF-->PT,WF-->PT,WF-->PT,WF-->PT,WF-->PT,,,,,,,,,,,,,,,,,PT-->WF,PT-->WF,PT-->WF,PT-->WF,PT-->WF,PT-->WF,PT-->WF,PT-->WF,PT-->WF,PT-->WF,PT-->WF,PT-->WF,PT-->WF,PT-->WF,PT-->WF,PT-->WF,PT-->WF,PT-->WF,PT-->WF
EH,ESH,Western Sahara,El Aaiún,Africa,Northern Africa,,EH-->PT,EH-->PT,EH-->PT,EH-->PT,EH-->PT,EH-->PT,EH-->PT,EH-->PT,EH-->PT,EH-->PT,EH-->PT,EH-->PT,EH-->PT,EH-->PT,EH-->PT,EH-->PT,EH-->PT,EH-->PT,EH-->PT,,,,,,,,,,,,,,,,,PT-->EH,PT-->EH,PT-->EH,PT-->EH,PT-->EH,PT-->EH,PT-->EH,PT-->EH,PT-->EH,PT-->EH,PT-->EH,PT-->EH,PT-->EH,PT-->EH,PT-->EH,PT-->EH,PT-->EH,PT-->EH,PT-->EH
YE,YEM,Yemen,Sana'a,Asia,Western Asia,,YE-->PT,YE-->PT,YE-->PT,YE-->PT,YE-->PT,YE-->PT,YE-->PT,YE-->PT,YE-->PT,YE-->PT,YE-->PT,YE-->PT,YE-->PT,YE-->PT,YE-->PT,YE-->PT,YE-->PT,YE-->PT,YE-->PT,,,,,,,,,,,,,,,,,PT-->YE,PT-->YE,PT-->YE,PT-->YE,PT-->YE,PT-->YE,PT-->YE,PT-->YE,PT-->YE,PT-->YE,PT-->YE,PT-->YE,PT-->YE,PT-->YE,PT-->YE,PT-->YE,PT-->YE,PT-->YE,PT-->YE
ZM,ZMB,Zambia,Lusaka,Africa,Eastern Africa,,ZM-->PT,ZM-->PT,ZM-->PT,ZM-->PT,ZM-->PT,ZM-->PT,ZM-->PT,ZM-->PT,ZM-->PT,ZM-->PT,ZM-->PT,ZM-->PT,ZM-->PT,ZM-->PT,ZM-->PT,ZM-->PT,ZM-->PT,ZM-->PT,ZM-->PT,,,,,,,,,,,,,,,,,PT-->ZM,PT-->ZM,PT-->ZM,PT-->ZM,PT-->ZM,PT-->ZM,PT-->ZM,PT-->ZM,PT-->ZM,PT-->ZM,PT-->ZM,PT-->ZM,PT-->ZM,PT-->ZM,PT-->ZM,PT-->ZM,PT-->ZM,PT-->ZM,PT-->ZM
ZW,ZWE,Zimbabwe,Harare,Africa,Eastern Africa,,ZW-->PT,ZW-->PT,ZW-->PT,ZW-->PT,ZW-->PT,ZW-->PT,ZW-->PT,ZW-->PT,ZW-->PT,ZW-->PT,ZW-->PT,ZW-->PT,ZW-->PT,ZW-->PT,ZW-->PT,ZW-->PT,ZW-->PT,ZW-->PT,ZW-->PT,,,,,,,,,,,,,,,,,PT-->ZW,PT-->ZW,PT-->ZW,PT-->ZW,PT-->ZW,PT-->ZW,PT-->ZW,PT-->ZW,PT-->ZW,PT-->ZW,PT-->ZW,PT-->ZW,PT-->ZW,PT-->ZW,PT-->ZW,PT-->ZW,PT-->ZW,PT-->ZW,PT-->ZW
