nu,code,name,capital,region,subregion,Unnamed: 6,quara/into/where/e,quara/into/where/v,quara/into/where/uv,quara/into/min/e,quara/into/min/v,quara/into/min/uv,quara/into/max/e,quara/into/max/v,quara/into/max/uv,quara/into/comment,test/into/pcr/e,test/into/pcr/v,test/into/pcr/uv,test/into/ag/e,test/into/ag/v,test/into/ag/uv,test/into/comment,visa/into,visa/into/comment,loadStates/into,Unnamed: 27,Unnamed: 28,Unnamed: 29,Unnamed: 30,Unnamed: 31,Unnamed: 32,Unnamed: 33,Unnamed: 34,Unnamed: 35,Unnamed: 36,Unnamed: 37,Unnamed: 38,Unnamed: 39,Unnamed: 40,Unnamed: 41,quara/out/where/e,quara/out/where/v,quara/out/where/uv,quara/out/min/e,quara/out/min/v,quara/out/min/uv,quara/out/max/e,quara/out/max/v,quara/out/max/uv,quara/out/comment,test/out/pcr/e,test/out/pcr/v,test/out/pcr/uv,test/out/ag/e,test/out/ag/v,test/out/ag/uv,test/out/comment,visa/out,visa/out/comment
AF,AFG,Afghanistan,Kabul,Asia,Southern Asia,,AF-->IN,AF-->IN,AF-->IN,AF-->IN,AF-->IN,AF-->IN,AF-->IN,AF-->IN,AF-->IN,AF-->IN,AF-->IN,AF-->IN,AF-->IN,AF-->IN,AF-->IN,AF-->IN,AF-->IN,AF-->IN,AF-->IN,,,,,,,,,,,,,,,,,IN-->AF,IN-->AF,IN-->AF,IN-->AF,IN-->AF,IN-->AF,IN-->AF,IN-->AF,IN-->AF,IN-->AF,IN-->AF,IN-->AF,IN-->AF,IN-->AF,IN-->AF,IN-->AF,IN-->AF,IN-->AF,IN-->AF
AX,ALA,Åland Islands,Mariehamn,Europe,Northern Europe,,AX-->IN,AX-->IN,AX-->IN,AX-->IN,AX-->IN,AX-->IN,AX-->IN,AX-->IN,AX-->IN,AX-->IN,AX-->IN,AX-->IN,AX-->IN,AX-->IN,AX-->IN,AX-->IN,AX-->IN,AX-->IN,AX-->IN,,,,,,,,,,,,,,,,,IN-->AX,IN-->AX,IN-->AX,IN-->AX,IN-->AX,IN-->AX,IN-->AX,IN-->AX,IN-->AX,IN-->AX,IN-->AX,IN-->AX,IN-->AX,IN-->AX,IN-->AX,IN-->AX,IN-->AX,IN-->AX,IN-->AX
AL,ALB,Albania,Tirana,Europe,Southern Europe,,AL-->IN,AL-->IN,AL-->IN,AL-->IN,AL-->IN,AL-->IN,AL-->IN,AL-->IN,AL-->IN,AL-->IN,AL-->IN,AL-->IN,AL-->IN,AL-->IN,AL-->IN,AL-->IN,AL-->IN,AL-->IN,AL-->IN,,,,,,,,,,,,,,,,,IN-->AL,IN-->AL,IN-->AL,IN-->AL,IN-->AL,IN-->AL,IN-->AL,IN-->AL,IN-->AL,IN-->AL,IN-->AL,IN-->AL,IN-->AL,IN-->AL,IN-->AL,IN-->AL,IN-->AL,IN-->AL,IN-->AL
DZ,DZA,Algeria,Algiers,Africa,Northern Africa,,DZ-->IN,DZ-->IN,DZ-->IN,DZ-->IN,DZ-->IN,DZ-->IN,DZ-->IN,DZ-->IN,DZ-->IN,DZ-->IN,DZ-->IN,DZ-->IN,DZ-->IN,DZ-->IN,DZ-->IN,DZ-->IN,DZ-->IN,DZ-->IN,DZ-->IN,,,,,,,,,,,,,,,,,IN-->DZ,IN-->DZ,IN-->DZ,IN-->DZ,IN-->DZ,IN-->DZ,IN-->DZ,IN-->DZ,IN-->DZ,IN-->DZ,IN-->DZ,IN-->DZ,IN-->DZ,IN-->DZ,IN-->DZ,IN-->DZ,IN-->DZ,IN-->DZ,IN-->DZ
AS,ASM,American Samoa,Pago Pago,Oceania,Polynesia,,AS-->IN,AS-->IN,AS-->IN,AS-->IN,AS-->IN,AS-->IN,AS-->IN,AS-->IN,AS-->IN,AS-->IN,AS-->IN,AS-->IN,AS-->IN,AS-->IN,AS-->IN,AS-->IN,AS-->IN,AS-->IN,AS-->IN,,,,,,,,,,,,,,,,,IN-->AS,IN-->AS,IN-->AS,IN-->AS,IN-->AS,IN-->AS,IN-->AS,IN-->AS,IN-->AS,IN-->AS,IN-->AS,IN-->AS,IN-->AS,IN-->AS,IN-->AS,IN-->AS,IN-->AS,IN-->AS,IN-->AS
AD,AND,Andorra,Andorra la Vella,Europe,Southern Europe,,AD-->IN,AD-->IN,AD-->IN,AD-->IN,AD-->IN,AD-->IN,AD-->IN,AD-->IN,AD-->IN,AD-->IN,AD-->IN,AD-->IN,AD-->IN,AD-->IN,AD-->IN,AD-->IN,AD-->IN,AD-->IN,AD-->IN,,,,,,,,,,,,,,,,,IN-->AD,IN-->AD,IN-->AD,IN-->AD,IN-->AD,IN-->AD,IN-->AD,IN-->AD,IN-->AD,IN-->AD,IN-->AD,IN-->AD,IN-->AD,IN-->AD,IN-->AD,IN-->AD,IN-->AD,IN-->AD,IN-->AD
AO,AGO,Angola,Luanda,Africa,Middle Africa,,AO-->IN,AO-->IN,AO-->IN,AO-->IN,AO-->IN,AO-->IN,AO-->IN,AO-->IN,AO-->IN,AO-->IN,AO-->IN,AO-->IN,AO-->IN,AO-->IN,AO-->IN,AO-->IN,AO-->IN,AO-->IN,AO-->IN,,,,,,,,,,,,,,,,,IN-->AO,IN-->AO,IN-->AO,IN-->AO,IN-->AO,IN-->AO,IN-->AO,IN-->AO,IN-->AO,IN-->AO,IN-->AO,IN-->AO,IN-->AO,IN-->AO,IN-->AO,IN-->AO,IN-->AO,IN-->AO,IN-->AO
AI,AIA,Anguilla,The Valley,Americas,Caribbean,,AI-->IN,AI-->IN,AI-->IN,AI-->IN,AI-->IN,AI-->IN,AI-->IN,AI-->IN,AI-->IN,AI-->IN,AI-->IN,AI-->IN,AI-->IN,AI-->IN,AI-->IN,AI-->IN,AI-->IN,AI-->IN,AI-->IN,,,,,,,,,,,,,,,,,IN-->AI,IN-->AI,IN-->AI,IN-->AI,IN-->AI,IN-->AI,IN-->AI,IN-->AI,IN-->AI,IN-->AI,IN-->AI,IN-->AI,IN-->AI,IN-->AI,IN-->AI,IN-->AI,IN-->AI,IN-->AI,IN-->AI
AQ,ATA,Antarctica,,Polar,,,AQ-->IN,AQ-->IN,AQ-->IN,AQ-->IN,AQ-->IN,AQ-->IN,AQ-->IN,AQ-->IN,AQ-->IN,AQ-->IN,AQ-->IN,AQ-->IN,AQ-->IN,AQ-->IN,AQ-->IN,AQ-->IN,AQ-->IN,AQ-->IN,AQ-->IN,,,,,,,,,,,,,,,,,IN-->AQ,IN-->AQ,IN-->AQ,IN-->AQ,IN-->AQ,IN-->AQ,IN-->AQ,IN-->AQ,IN-->AQ,IN-->AQ,IN-->AQ,IN-->AQ,IN-->AQ,IN-->AQ,IN-->AQ,IN-->AQ,IN-->AQ,IN-->AQ,IN-->AQ
AG,ATG,Antigua and Barbuda,Saint John's,Americas,Caribbean,,AG-->IN,AG-->IN,AG-->IN,AG-->IN,AG-->IN,AG-->IN,AG-->IN,AG-->IN,AG-->IN,AG-->IN,AG-->IN,AG-->IN,AG-->IN,AG-->IN,AG-->IN,AG-->IN,AG-->IN,AG-->IN,AG-->IN,,,,,,,,,,,,,,,,,IN-->AG,IN-->AG,IN-->AG,IN-->AG,IN-->AG,IN-->AG,IN-->AG,IN-->AG,IN-->AG,IN-->AG,IN-->AG,IN-->AG,IN-->AG,IN-->AG,IN-->AG,IN-->AG,IN-->AG,IN-->AG,IN-->AG
AR,ARG,Argentina,Buenos Aires,Americas,South America,,AR-->IN,AR-->IN,AR-->IN,AR-->IN,AR-->IN,AR-->IN,AR-->IN,AR-->IN,AR-->IN,AR-->IN,AR-->IN,AR-->IN,AR-->IN,AR-->IN,AR-->IN,AR-->IN,AR-->IN,AR-->IN,AR-->IN,,,,,,,,,,,,,,,,,IN-->AR,IN-->AR,IN-->AR,IN-->AR,IN-->AR,IN-->AR,IN-->AR,IN-->AR,IN-->AR,IN-->AR,IN-->AR,IN-->AR,IN-->AR,IN-->AR,IN-->AR,IN-->AR,IN-->AR,IN-->AR,IN-->AR
AM,ARM,Armenia,Yerevan,Asia,Western Asia,,AM-->IN,AM-->IN,AM-->IN,AM-->IN,AM-->IN,AM-->IN,AM-->IN,AM-->IN,AM-->IN,AM-->IN,AM-->IN,AM-->IN,AM-->IN,AM-->IN,AM-->IN,AM-->IN,AM-->IN,AM-->IN,AM-->IN,,,,,,,,,,,,,,,,,IN-->AM,IN-->AM,IN-->AM,IN-->AM,IN-->AM,IN-->AM,IN-->AM,IN-->AM,IN-->AM,IN-->AM,IN-->AM,IN-->AM,IN-->AM,IN-->AM,IN-->AM,IN-->AM,IN-->AM,IN-->AM,IN-->AM
AW,ABW,Aruba,Oranjestad,Americas,Caribbean,,AW-->IN,AW-->IN,AW-->IN,AW-->IN,AW-->IN,AW-->IN,AW-->IN,AW-->IN,AW-->IN,AW-->IN,AW-->IN,AW-->IN,AW-->IN,AW-->IN,AW-->IN,AW-->IN,AW-->IN,AW-->IN,AW-->IN,,,,,,,,,,,,,,,,,IN-->AW,IN-->AW,IN-->AW,IN-->AW,IN-->AW,IN-->AW,IN-->AW,IN-->AW,IN-->AW,IN-->AW,IN-->AW,IN-->AW,IN-->AW,IN-->AW,IN-->AW,IN-->AW,IN-->AW,IN-->AW,IN-->AW
AU,AUS,Australia,Canberra,Oceania,Australia and New Zealand,,AU-->IN,AU-->IN,AU-->IN,AU-->IN,AU-->IN,AU-->IN,AU-->IN,AU-->IN,AU-->IN,AU-->IN,AU-->IN,AU-->IN,AU-->IN,AU-->IN,AU-->IN,AU-->IN,AU-->IN,AU-->IN,AU-->IN,,,,,,,,,,,,,,,,,IN-->AU,IN-->AU,IN-->AU,IN-->AU,IN-->AU,IN-->AU,IN-->AU,IN-->AU,IN-->AU,IN-->AU,IN-->AU,IN-->AU,IN-->AU,IN-->AU,IN-->AU,IN-->AU,IN-->AU,IN-->AU,IN-->AU
AT,AUT,Austria,Vienna,Europe,Western Europe,,AT-->IN,AT-->IN,AT-->IN,AT-->IN,AT-->IN,AT-->IN,AT-->IN,AT-->IN,AT-->IN,AT-->IN,AT-->IN,AT-->IN,AT-->IN,AT-->IN,AT-->IN,AT-->IN,AT-->IN,AT-->IN,AT-->IN,,,,,,,,,,,,,,,,,IN-->AT,IN-->AT,IN-->AT,IN-->AT,IN-->AT,IN-->AT,IN-->AT,IN-->AT,IN-->AT,IN-->AT,IN-->AT,IN-->AT,IN-->AT,IN-->AT,IN-->AT,IN-->AT,IN-->AT,IN-->AT,IN-->AT
AZ,AZE,Azerbaijan,Baku,Asia,Western Asia,,AZ-->IN,AZ-->IN,AZ-->IN,AZ-->IN,AZ-->IN,AZ-->IN,AZ-->IN,AZ-->IN,AZ-->IN,AZ-->IN,AZ-->IN,AZ-->IN,AZ-->IN,AZ-->IN,AZ-->IN,AZ-->IN,AZ-->IN,AZ-->IN,AZ-->IN,,,,,,,,,,,,,,,,,IN-->AZ,IN-->AZ,IN-->AZ,IN-->AZ,IN-->AZ,IN-->AZ,IN-->AZ,IN-->AZ,IN-->AZ,IN-->AZ,IN-->AZ,IN-->AZ,IN-->AZ,IN-->AZ,IN-->AZ,IN-->AZ,IN-->AZ,IN-->AZ,IN-->AZ
BS,BHS,The Bahamas,Nassau,Americas,Caribbean,,BS-->IN,BS-->IN,BS-->IN,BS-->IN,BS-->IN,BS-->IN,BS-->IN,BS-->IN,BS-->IN,BS-->IN,BS-->IN,BS-->IN,BS-->IN,BS-->IN,BS-->IN,BS-->IN,BS-->IN,BS-->IN,BS-->IN,,,,,,,,,,,,,,,,,IN-->BS,IN-->BS,IN-->BS,IN-->BS,IN-->BS,IN-->BS,IN-->BS,IN-->BS,IN-->BS,IN-->BS,IN-->BS,IN-->BS,IN-->BS,IN-->BS,IN-->BS,IN-->BS,IN-->BS,IN-->BS,IN-->BS
BH,BHR,Bahrain,Manama,Asia,Western Asia,,BH-->IN,BH-->IN,BH-->IN,BH-->IN,BH-->IN,BH-->IN,BH-->IN,BH-->IN,BH-->IN,BH-->IN,BH-->IN,BH-->IN,BH-->IN,BH-->IN,BH-->IN,BH-->IN,BH-->IN,BH-->IN,BH-->IN,,,,,,,,,,,,,,,,,IN-->BH,IN-->BH,IN-->BH,IN-->BH,IN-->BH,IN-->BH,IN-->BH,IN-->BH,IN-->BH,IN-->BH,IN-->BH,IN-->BH,IN-->BH,IN-->BH,IN-->BH,IN-->BH,IN-->BH,IN-->BH,IN-->BH
BD,BGD,Bangladesh,Dhaka,Asia,Southern Asia,,BD-->IN,BD-->IN,BD-->IN,BD-->IN,BD-->IN,BD-->IN,BD-->IN,BD-->IN,BD-->IN,BD-->IN,BD-->IN,BD-->IN,BD-->IN,BD-->IN,BD-->IN,BD-->IN,BD-->IN,BD-->IN,BD-->IN,,,,,,,,,,,,,,,,,IN-->BD,IN-->BD,IN-->BD,IN-->BD,IN-->BD,IN-->BD,IN-->BD,IN-->BD,IN-->BD,IN-->BD,IN-->BD,IN-->BD,IN-->BD,IN-->BD,IN-->BD,IN-->BD,IN-->BD,IN-->BD,IN-->BD
BB,BRB,Barbados,Bridgetown,Americas,Caribbean,,BB-->IN,BB-->IN,BB-->IN,BB-->IN,BB-->IN,BB-->IN,BB-->IN,BB-->IN,BB-->IN,BB-->IN,BB-->IN,BB-->IN,BB-->IN,BB-->IN,BB-->IN,BB-->IN,BB-->IN,BB-->IN,BB-->IN,,,,,,,,,,,,,,,,,IN-->BB,IN-->BB,IN-->BB,IN-->BB,IN-->BB,IN-->BB,IN-->BB,IN-->BB,IN-->BB,IN-->BB,IN-->BB,IN-->BB,IN-->BB,IN-->BB,IN-->BB,IN-->BB,IN-->BB,IN-->BB,IN-->BB
BY,BLR,Belarus,Minsk,Europe,Eastern Europe,,BY-->IN,BY-->IN,BY-->IN,BY-->IN,BY-->IN,BY-->IN,BY-->IN,BY-->IN,BY-->IN,BY-->IN,BY-->IN,BY-->IN,BY-->IN,BY-->IN,BY-->IN,BY-->IN,BY-->IN,BY-->IN,BY-->IN,,,,,,,,,,,,,,,,,IN-->BY,IN-->BY,IN-->BY,IN-->BY,IN-->BY,IN-->BY,IN-->BY,IN-->BY,IN-->BY,IN-->BY,IN-->BY,IN-->BY,IN-->BY,IN-->BY,IN-->BY,IN-->BY,IN-->BY,IN-->BY,IN-->BY
BE,BEL,Belgium,Brussels,Europe,Western Europe,,BE-->IN,BE-->IN,BE-->IN,BE-->IN,BE-->IN,BE-->IN,BE-->IN,BE-->IN,BE-->IN,BE-->IN,BE-->IN,BE-->IN,BE-->IN,BE-->IN,BE-->IN,BE-->IN,BE-->IN,BE-->IN,BE-->IN,,,,,,,,,,,,,,,,,IN-->BE,IN-->BE,IN-->BE,IN-->BE,IN-->BE,IN-->BE,IN-->BE,IN-->BE,IN-->BE,IN-->BE,IN-->BE,IN-->BE,IN-->BE,IN-->BE,IN-->BE,IN-->BE,IN-->BE,IN-->BE,IN-->BE
BZ,BLZ,Belize,Belmopan,Americas,Central America,,BZ-->IN,BZ-->IN,BZ-->IN,BZ-->IN,BZ-->IN,BZ-->IN,BZ-->IN,BZ-->IN,BZ-->IN,BZ-->IN,BZ-->IN,BZ-->IN,BZ-->IN,BZ-->IN,BZ-->IN,BZ-->IN,BZ-->IN,BZ-->IN,BZ-->IN,,,,,,,,,,,,,,,,,IN-->BZ,IN-->BZ,IN-->BZ,IN-->BZ,IN-->BZ,IN-->BZ,IN-->BZ,IN-->BZ,IN-->BZ,IN-->BZ,IN-->BZ,IN-->BZ,IN-->BZ,IN-->BZ,IN-->BZ,IN-->BZ,IN-->BZ,IN-->BZ,IN-->BZ
BJ,BEN,Benin,Porto-Novo,Africa,Western Africa,,BJ-->IN,BJ-->IN,BJ-->IN,BJ-->IN,BJ-->IN,BJ-->IN,BJ-->IN,BJ-->IN,BJ-->IN,BJ-->IN,BJ-->IN,BJ-->IN,BJ-->IN,BJ-->IN,BJ-->IN,BJ-->IN,BJ-->IN,BJ-->IN,BJ-->IN,,,,,,,,,,,,,,,,,IN-->BJ,IN-->BJ,IN-->BJ,IN-->BJ,IN-->BJ,IN-->BJ,IN-->BJ,IN-->BJ,IN-->BJ,IN-->BJ,IN-->BJ,IN-->BJ,IN-->BJ,IN-->BJ,IN-->BJ,IN-->BJ,IN-->BJ,IN-->BJ,IN-->BJ
BM,BMU,Bermuda,Hamilton,Americas,Northern America,,BM-->IN,BM-->IN,BM-->IN,BM-->IN,BM-->IN,BM-->IN,BM-->IN,BM-->IN,BM-->IN,BM-->IN,BM-->IN,BM-->IN,BM-->IN,BM-->IN,BM-->IN,BM-->IN,BM-->IN,BM-->IN,BM-->IN,,,,,,,,,,,,,,,,,IN-->BM,IN-->BM,IN-->BM,IN-->BM,IN-->BM,IN-->BM,IN-->BM,IN-->BM,IN-->BM,IN-->BM,IN-->BM,IN-->BM,IN-->BM,IN-->BM,IN-->BM,IN-->BM,IN-->BM,IN-->BM,IN-->BM
BT,BTN,Bhutan,Thimphu,Asia,Southern Asia,,BT-->IN,BT-->IN,BT-->IN,BT-->IN,BT-->IN,BT-->IN,BT-->IN,BT-->IN,BT-->IN,BT-->IN,BT-->IN,BT-->IN,BT-->IN,BT-->IN,BT-->IN,BT-->IN,BT-->IN,BT-->IN,BT-->IN,,,,,,,,,,,,,,,,,IN-->BT,IN-->BT,IN-->BT,IN-->BT,IN-->BT,IN-->BT,IN-->BT,IN-->BT,IN-->BT,IN-->BT,IN-->BT,IN-->BT,IN-->BT,IN-->BT,IN-->BT,IN-->BT,IN-->BT,IN-->BT,IN-->BT
BO,BOL,Bolivia,Sucre,Americas,South America,,BO-->IN,BO-->IN,BO-->IN,BO-->IN,BO-->IN,BO-->IN,BO-->IN,BO-->IN,BO-->IN,BO-->IN,BO-->IN,BO-->IN,BO-->IN,BO-->IN,BO-->IN,BO-->IN,BO-->IN,BO-->IN,BO-->IN,,,,,,,,,,,,,,,,,IN-->BO,IN-->BO,IN-->BO,IN-->BO,IN-->BO,IN-->BO,IN-->BO,IN-->BO,IN-->BO,IN-->BO,IN-->BO,IN-->BO,IN-->BO,IN-->BO,IN-->BO,IN-->BO,IN-->BO,IN-->BO,IN-->BO
BQ,BES,Bonaire,Kralendijk,Americas,Caribbean,,BQ-->IN,BQ-->IN,BQ-->IN,BQ-->IN,BQ-->IN,BQ-->IN,BQ-->IN,BQ-->IN,BQ-->IN,BQ-->IN,BQ-->IN,BQ-->IN,BQ-->IN,BQ-->IN,BQ-->IN,BQ-->IN,BQ-->IN,BQ-->IN,BQ-->IN,,,,,,,,,,,,,,,,,IN-->BQ,IN-->BQ,IN-->BQ,IN-->BQ,IN-->BQ,IN-->BQ,IN-->BQ,IN-->BQ,IN-->BQ,IN-->BQ,IN-->BQ,IN-->BQ,IN-->BQ,IN-->BQ,IN-->BQ,IN-->BQ,IN-->BQ,IN-->BQ,IN-->BQ
BA,BIH,Bosnia and Herzegovina,Sarajevo,Europe,Southern Europe,,BA-->IN,BA-->IN,BA-->IN,BA-->IN,BA-->IN,BA-->IN,BA-->IN,BA-->IN,BA-->IN,BA-->IN,BA-->IN,BA-->IN,BA-->IN,BA-->IN,BA-->IN,BA-->IN,BA-->IN,BA-->IN,BA-->IN,,,,,,,,,,,,,,,,,IN-->BA,IN-->BA,IN-->BA,IN-->BA,IN-->BA,IN-->BA,IN-->BA,IN-->BA,IN-->BA,IN-->BA,IN-->BA,IN-->BA,IN-->BA,IN-->BA,IN-->BA,IN-->BA,IN-->BA,IN-->BA,IN-->BA
BW,BWA,Botswana,Gaborone,Africa,Southern Africa,,BW-->IN,BW-->IN,BW-->IN,BW-->IN,BW-->IN,BW-->IN,BW-->IN,BW-->IN,BW-->IN,BW-->IN,BW-->IN,BW-->IN,BW-->IN,BW-->IN,BW-->IN,BW-->IN,BW-->IN,BW-->IN,BW-->IN,,,,,,,,,,,,,,,,,IN-->BW,IN-->BW,IN-->BW,IN-->BW,IN-->BW,IN-->BW,IN-->BW,IN-->BW,IN-->BW,IN-->BW,IN-->BW,IN-->BW,IN-->BW,IN-->BW,IN-->BW,IN-->BW,IN-->BW,IN-->BW,IN-->BW
BV,BVT,Bouvet Island,,,,,BV-->IN,BV-->IN,BV-->IN,BV-->IN,BV-->IN,BV-->IN,BV-->IN,BV-->IN,BV-->IN,BV-->IN,BV-->IN,BV-->IN,BV-->IN,BV-->IN,BV-->IN,BV-->IN,BV-->IN,BV-->IN,BV-->IN,,,,,,,,,,,,,,,,,IN-->BV,IN-->BV,IN-->BV,IN-->BV,IN-->BV,IN-->BV,IN-->BV,IN-->BV,IN-->BV,IN-->BV,IN-->BV,IN-->BV,IN-->BV,IN-->BV,IN-->BV,IN-->BV,IN-->BV,IN-->BV,IN-->BV
BR,BRA,Brazil,Brasília,Americas,South America,,BR-->IN,BR-->IN,BR-->IN,BR-->IN,BR-->IN,BR-->IN,BR-->IN,BR-->IN,BR-->IN,BR-->IN,BR-->IN,BR-->IN,BR-->IN,BR-->IN,BR-->IN,BR-->IN,BR-->IN,BR-->IN,BR-->IN,,,,,,,,,,,,,,,,,IN-->BR,IN-->BR,IN-->BR,IN-->BR,IN-->BR,IN-->BR,IN-->BR,IN-->BR,IN-->BR,IN-->BR,IN-->BR,IN-->BR,IN-->BR,IN-->BR,IN-->BR,IN-->BR,IN-->BR,IN-->BR,IN-->BR
IO,IOT,British Indian Ocean Territory,Diego Garcia,Africa,Eastern Africa,,IO-->IN,IO-->IN,IO-->IN,IO-->IN,IO-->IN,IO-->IN,IO-->IN,IO-->IN,IO-->IN,IO-->IN,IO-->IN,IO-->IN,IO-->IN,IO-->IN,IO-->IN,IO-->IN,IO-->IN,IO-->IN,IO-->IN,,,,,,,,,,,,,,,,,IN-->IO,IN-->IO,IN-->IO,IN-->IO,IN-->IO,IN-->IO,IN-->IO,IN-->IO,IN-->IO,IN-->IO,IN-->IO,IN-->IO,IN-->IO,IN-->IO,IN-->IO,IN-->IO,IN-->IO,IN-->IO,IN-->IO
UM,UMI,United States Minor Outlying Islands,,Americas,Northern America,,UM-->IN,UM-->IN,UM-->IN,UM-->IN,UM-->IN,UM-->IN,UM-->IN,UM-->IN,UM-->IN,UM-->IN,UM-->IN,UM-->IN,UM-->IN,UM-->IN,UM-->IN,UM-->IN,UM-->IN,UM-->IN,UM-->IN,,,,,,,,,,,,,,,,,IN-->UM,IN-->UM,IN-->UM,IN-->UM,IN-->UM,IN-->UM,IN-->UM,IN-->UM,IN-->UM,IN-->UM,IN-->UM,IN-->UM,IN-->UM,IN-->UM,IN-->UM,IN-->UM,IN-->UM,IN-->UM,IN-->UM
VG,VGB,Virgin Islands (British),Road Town,Americas,Caribbean,,VG-->IN,VG-->IN,VG-->IN,VG-->IN,VG-->IN,VG-->IN,VG-->IN,VG-->IN,VG-->IN,VG-->IN,VG-->IN,VG-->IN,VG-->IN,VG-->IN,VG-->IN,VG-->IN,VG-->IN,VG-->IN,VG-->IN,,,,,,,,,,,,,,,,,IN-->VG,IN-->VG,IN-->VG,IN-->VG,IN-->VG,IN-->VG,IN-->VG,IN-->VG,IN-->VG,IN-->VG,IN-->VG,IN-->VG,IN-->VG,IN-->VG,IN-->VG,IN-->VG,IN-->VG,IN-->VG,IN-->VG
VI,VIR,Virgin Islands (U.S.),Charlotte Amalie,Americas,Caribbean,,VI-->IN,VI-->IN,VI-->IN,VI-->IN,VI-->IN,VI-->IN,VI-->IN,VI-->IN,VI-->IN,VI-->IN,VI-->IN,VI-->IN,VI-->IN,VI-->IN,VI-->IN,VI-->IN,VI-->IN,VI-->IN,VI-->IN,,,,,,,,,,,,,,,,,IN-->VI,IN-->VI,IN-->VI,IN-->VI,IN-->VI,IN-->VI,IN-->VI,IN-->VI,IN-->VI,IN-->VI,IN-->VI,IN-->VI,IN-->VI,IN-->VI,IN-->VI,IN-->VI,IN-->VI,IN-->VI,IN-->VI
BN,BRN,Brunei,Bandar Seri Begawan,Asia,South-Eastern Asia,,BN-->IN,BN-->IN,BN-->IN,BN-->IN,BN-->IN,BN-->IN,BN-->IN,BN-->IN,BN-->IN,BN-->IN,BN-->IN,BN-->IN,BN-->IN,BN-->IN,BN-->IN,BN-->IN,BN-->IN,BN-->IN,BN-->IN,,,,,,,,,,,,,,,,,IN-->BN,IN-->BN,IN-->BN,IN-->BN,IN-->BN,IN-->BN,IN-->BN,IN-->BN,IN-->BN,IN-->BN,IN-->BN,IN-->BN,IN-->BN,IN-->BN,IN-->BN,IN-->BN,IN-->BN,IN-->BN,IN-->BN
BG,BGR,Bulgaria,Sofia,Europe,Eastern Europe,,BG-->IN,BG-->IN,BG-->IN,BG-->IN,BG-->IN,BG-->IN,BG-->IN,BG-->IN,BG-->IN,BG-->IN,BG-->IN,BG-->IN,BG-->IN,BG-->IN,BG-->IN,BG-->IN,BG-->IN,BG-->IN,BG-->IN,,,,,,,,,,,,,,,,,IN-->BG,IN-->BG,IN-->BG,IN-->BG,IN-->BG,IN-->BG,IN-->BG,IN-->BG,IN-->BG,IN-->BG,IN-->BG,IN-->BG,IN-->BG,IN-->BG,IN-->BG,IN-->BG,IN-->BG,IN-->BG,IN-->BG
BF,BFA,Burkina Faso,Ouagadougou,Africa,Western Africa,,BF-->IN,BF-->IN,BF-->IN,BF-->IN,BF-->IN,BF-->IN,BF-->IN,BF-->IN,BF-->IN,BF-->IN,BF-->IN,BF-->IN,BF-->IN,BF-->IN,BF-->IN,BF-->IN,BF-->IN,BF-->IN,BF-->IN,,,,,,,,,,,,,,,,,IN-->BF,IN-->BF,IN-->BF,IN-->BF,IN-->BF,IN-->BF,IN-->BF,IN-->BF,IN-->BF,IN-->BF,IN-->BF,IN-->BF,IN-->BF,IN-->BF,IN-->BF,IN-->BF,IN-->BF,IN-->BF,IN-->BF
BI,BDI,Burundi,Bujumbura,Africa,Eastern Africa,,BI-->IN,BI-->IN,BI-->IN,BI-->IN,BI-->IN,BI-->IN,BI-->IN,BI-->IN,BI-->IN,BI-->IN,BI-->IN,BI-->IN,BI-->IN,BI-->IN,BI-->IN,BI-->IN,BI-->IN,BI-->IN,BI-->IN,,,,,,,,,,,,,,,,,IN-->BI,IN-->BI,IN-->BI,IN-->BI,IN-->BI,IN-->BI,IN-->BI,IN-->BI,IN-->BI,IN-->BI,IN-->BI,IN-->BI,IN-->BI,IN-->BI,IN-->BI,IN-->BI,IN-->BI,IN-->BI,IN-->BI
KH,KHM,Cambodia,Phnom Penh,Asia,South-Eastern Asia,,KH-->IN,KH-->IN,KH-->IN,KH-->IN,KH-->IN,KH-->IN,KH-->IN,KH-->IN,KH-->IN,KH-->IN,KH-->IN,KH-->IN,KH-->IN,KH-->IN,KH-->IN,KH-->IN,KH-->IN,KH-->IN,KH-->IN,,,,,,,,,,,,,,,,,IN-->KH,IN-->KH,IN-->KH,IN-->KH,IN-->KH,IN-->KH,IN-->KH,IN-->KH,IN-->KH,IN-->KH,IN-->KH,IN-->KH,IN-->KH,IN-->KH,IN-->KH,IN-->KH,IN-->KH,IN-->KH,IN-->KH
CM,CMR,Cameroon,Yaoundé,Africa,Middle Africa,,CM-->IN,CM-->IN,CM-->IN,CM-->IN,CM-->IN,CM-->IN,CM-->IN,CM-->IN,CM-->IN,CM-->IN,CM-->IN,CM-->IN,CM-->IN,CM-->IN,CM-->IN,CM-->IN,CM-->IN,CM-->IN,CM-->IN,,,,,,,,,,,,,,,,,IN-->CM,IN-->CM,IN-->CM,IN-->CM,IN-->CM,IN-->CM,IN-->CM,IN-->CM,IN-->CM,IN-->CM,IN-->CM,IN-->CM,IN-->CM,IN-->CM,IN-->CM,IN-->CM,IN-->CM,IN-->CM,IN-->CM
CA,CAN,Canada,Ottawa,Americas,Northern America,,CA-->IN,CA-->IN,CA-->IN,CA-->IN,CA-->IN,CA-->IN,CA-->IN,CA-->IN,CA-->IN,CA-->IN,CA-->IN,CA-->IN,CA-->IN,CA-->IN,CA-->IN,CA-->IN,CA-->IN,CA-->IN,CA-->IN,,,,,,,,,,,,,,,,,IN-->CA,IN-->CA,IN-->CA,IN-->CA,IN-->CA,IN-->CA,IN-->CA,IN-->CA,IN-->CA,IN-->CA,IN-->CA,IN-->CA,IN-->CA,IN-->CA,IN-->CA,IN-->CA,IN-->CA,IN-->CA,IN-->CA
CV,CPV,Cape Verde,Praia,Africa,Western Africa,,CV-->IN,CV-->IN,CV-->IN,CV-->IN,CV-->IN,CV-->IN,CV-->IN,CV-->IN,CV-->IN,CV-->IN,CV-->IN,CV-->IN,CV-->IN,CV-->IN,CV-->IN,CV-->IN,CV-->IN,CV-->IN,CV-->IN,,,,,,,,,,,,,,,,,IN-->CV,IN-->CV,IN-->CV,IN-->CV,IN-->CV,IN-->CV,IN-->CV,IN-->CV,IN-->CV,IN-->CV,IN-->CV,IN-->CV,IN-->CV,IN-->CV,IN-->CV,IN-->CV,IN-->CV,IN-->CV,IN-->CV
KY,CYM,Cayman Islands,George Town,Americas,Caribbean,,KY-->IN,KY-->IN,KY-->IN,KY-->IN,KY-->IN,KY-->IN,KY-->IN,KY-->IN,KY-->IN,KY-->IN,KY-->IN,KY-->IN,KY-->IN,KY-->IN,KY-->IN,KY-->IN,KY-->IN,KY-->IN,KY-->IN,,,,,,,,,,,,,,,,,IN-->KY,IN-->KY,IN-->KY,IN-->KY,IN-->KY,IN-->KY,IN-->KY,IN-->KY,IN-->KY,IN-->KY,IN-->KY,IN-->KY,IN-->KY,IN-->KY,IN-->KY,IN-->KY,IN-->KY,IN-->KY,IN-->KY
CF,CAF,Central African Republic,Bangui,Africa,Middle Africa,,CF-->IN,CF-->IN,CF-->IN,CF-->IN,CF-->IN,CF-->IN,CF-->IN,CF-->IN,CF-->IN,CF-->IN,CF-->IN,CF-->IN,CF-->IN,CF-->IN,CF-->IN,CF-->IN,CF-->IN,CF-->IN,CF-->IN,,,,,,,,,,,,,,,,,IN-->CF,IN-->CF,IN-->CF,IN-->CF,IN-->CF,IN-->CF,IN-->CF,IN-->CF,IN-->CF,IN-->CF,IN-->CF,IN-->CF,IN-->CF,IN-->CF,IN-->CF,IN-->CF,IN-->CF,IN-->CF,IN-->CF
TD,TCD,Chad,N'Djamena,Africa,Middle Africa,,TD-->IN,TD-->IN,TD-->IN,TD-->IN,TD-->IN,TD-->IN,TD-->IN,TD-->IN,TD-->IN,TD-->IN,TD-->IN,TD-->IN,TD-->IN,TD-->IN,TD-->IN,TD-->IN,TD-->IN,TD-->IN,TD-->IN,,,,,,,,,,,,,,,,,IN-->TD,IN-->TD,IN-->TD,IN-->TD,IN-->TD,IN-->TD,IN-->TD,IN-->TD,IN-->TD,IN-->TD,IN-->TD,IN-->TD,IN-->TD,IN-->TD,IN-->TD,IN-->TD,IN-->TD,IN-->TD,IN-->TD
CL,CHL,Chile,Santiago,Americas,South America,,CL-->IN,CL-->IN,CL-->IN,CL-->IN,CL-->IN,CL-->IN,CL-->IN,CL-->IN,CL-->IN,CL-->IN,CL-->IN,CL-->IN,CL-->IN,CL-->IN,CL-->IN,CL-->IN,CL-->IN,CL-->IN,CL-->IN,,,,,,,,,,,,,,,,,IN-->CL,IN-->CL,IN-->CL,IN-->CL,IN-->CL,IN-->CL,IN-->CL,IN-->CL,IN-->CL,IN-->CL,IN-->CL,IN-->CL,IN-->CL,IN-->CL,IN-->CL,IN-->CL,IN-->CL,IN-->CL,IN-->CL
CN,CHN,China,Beijing,Asia,Eastern Asia,,CN-->IN,CN-->IN,CN-->IN,CN-->IN,CN-->IN,CN-->IN,CN-->IN,CN-->IN,CN-->IN,CN-->IN,CN-->IN,CN-->IN,CN-->IN,CN-->IN,CN-->IN,CN-->IN,CN-->IN,CN-->IN,CN-->IN,,,,,,,,,,,,,,,,,IN-->CN,IN-->CN,IN-->CN,IN-->CN,IN-->CN,IN-->CN,IN-->CN,IN-->CN,IN-->CN,IN-->CN,IN-->CN,IN-->CN,IN-->CN,IN-->CN,IN-->CN,IN-->CN,IN-->CN,IN-->CN,IN-->CN
CX,CXR,Christmas Island,Flying Fish Cove,Oceania,Australia and New Zealand,,CX-->IN,CX-->IN,CX-->IN,CX-->IN,CX-->IN,CX-->IN,CX-->IN,CX-->IN,CX-->IN,CX-->IN,CX-->IN,CX-->IN,CX-->IN,CX-->IN,CX-->IN,CX-->IN,CX-->IN,CX-->IN,CX-->IN,,,,,,,,,,,,,,,,,IN-->CX,IN-->CX,IN-->CX,IN-->CX,IN-->CX,IN-->CX,IN-->CX,IN-->CX,IN-->CX,IN-->CX,IN-->CX,IN-->CX,IN-->CX,IN-->CX,IN-->CX,IN-->CX,IN-->CX,IN-->CX,IN-->CX
CC,CCK,Cocos (Keeling) Islands,West Island,Oceania,Australia and New Zealand,,CC-->IN,CC-->IN,CC-->IN,CC-->IN,CC-->IN,CC-->IN,CC-->IN,CC-->IN,CC-->IN,CC-->IN,CC-->IN,CC-->IN,CC-->IN,CC-->IN,CC-->IN,CC-->IN,CC-->IN,CC-->IN,CC-->IN,,,,,,,,,,,,,,,,,IN-->CC,IN-->CC,IN-->CC,IN-->CC,IN-->CC,IN-->CC,IN-->CC,IN-->CC,IN-->CC,IN-->CC,IN-->CC,IN-->CC,IN-->CC,IN-->CC,IN-->CC,IN-->CC,IN-->CC,IN-->CC,IN-->CC
CO,COL,Colombia,Bogotá,Americas,South America,,CO-->IN,CO-->IN,CO-->IN,CO-->IN,CO-->IN,CO-->IN,CO-->IN,CO-->IN,CO-->IN,CO-->IN,CO-->IN,CO-->IN,CO-->IN,CO-->IN,CO-->IN,CO-->IN,CO-->IN,CO-->IN,CO-->IN,,,,,,,,,,,,,,,,,IN-->CO,IN-->CO,IN-->CO,IN-->CO,IN-->CO,IN-->CO,IN-->CO,IN-->CO,IN-->CO,IN-->CO,IN-->CO,IN-->CO,IN-->CO,IN-->CO,IN-->CO,IN-->CO,IN-->CO,IN-->CO,IN-->CO
KM,COM,Comoros,Moroni,Africa,Eastern Africa,,KM-->IN,KM-->IN,KM-->IN,KM-->IN,KM-->IN,KM-->IN,KM-->IN,KM-->IN,KM-->IN,KM-->IN,KM-->IN,KM-->IN,KM-->IN,KM-->IN,KM-->IN,KM-->IN,KM-->IN,KM-->IN,KM-->IN,,,,,,,,,,,,,,,,,IN-->KM,IN-->KM,IN-->KM,IN-->KM,IN-->KM,IN-->KM,IN-->KM,IN-->KM,IN-->KM,IN-->KM,IN-->KM,IN-->KM,IN-->KM,IN-->KM,IN-->KM,IN-->KM,IN-->KM,IN-->KM,IN-->KM
CG,COG,Republic of the Congo,Brazzaville,Africa,Middle Africa,,CG-->IN,CG-->IN,CG-->IN,CG-->IN,CG-->IN,CG-->IN,CG-->IN,CG-->IN,CG-->IN,CG-->IN,CG-->IN,CG-->IN,CG-->IN,CG-->IN,CG-->IN,CG-->IN,CG-->IN,CG-->IN,CG-->IN,,,,,,,,,,,,,,,,,IN-->CG,IN-->CG,IN-->CG,IN-->CG,IN-->CG,IN-->CG,IN-->CG,IN-->CG,IN-->CG,IN-->CG,IN-->CG,IN-->CG,IN-->CG,IN-->CG,IN-->CG,IN-->CG,IN-->CG,IN-->CG,IN-->CG
CD,COD,Democratic Republic of the Congo,Kinshasa,Africa,Middle Africa,,CD-->IN,CD-->IN,CD-->IN,CD-->IN,CD-->IN,CD-->IN,CD-->IN,CD-->IN,CD-->IN,CD-->IN,CD-->IN,CD-->IN,CD-->IN,CD-->IN,CD-->IN,CD-->IN,CD-->IN,CD-->IN,CD-->IN,,,,,,,,,,,,,,,,,IN-->CD,IN-->CD,IN-->CD,IN-->CD,IN-->CD,IN-->CD,IN-->CD,IN-->CD,IN-->CD,IN-->CD,IN-->CD,IN-->CD,IN-->CD,IN-->CD,IN-->CD,IN-->CD,IN-->CD,IN-->CD,IN-->CD
CK,COK,Cook Islands,Avarua,Oceania,Polynesia,,CK-->IN,CK-->IN,CK-->IN,CK-->IN,CK-->IN,CK-->IN,CK-->IN,CK-->IN,CK-->IN,CK-->IN,CK-->IN,CK-->IN,CK-->IN,CK-->IN,CK-->IN,CK-->IN,CK-->IN,CK-->IN,CK-->IN,,,,,,,,,,,,,,,,,IN-->CK,IN-->CK,IN-->CK,IN-->CK,IN-->CK,IN-->CK,IN-->CK,IN-->CK,IN-->CK,IN-->CK,IN-->CK,IN-->CK,IN-->CK,IN-->CK,IN-->CK,IN-->CK,IN-->CK,IN-->CK,IN-->CK
CR,CRI,Costa Rica,San José,Americas,Central America,,CR-->IN,CR-->IN,CR-->IN,CR-->IN,CR-->IN,CR-->IN,CR-->IN,CR-->IN,CR-->IN,CR-->IN,CR-->IN,CR-->IN,CR-->IN,CR-->IN,CR-->IN,CR-->IN,CR-->IN,CR-->IN,CR-->IN,,,,,,,,,,,,,,,,,IN-->CR,IN-->CR,IN-->CR,IN-->CR,IN-->CR,IN-->CR,IN-->CR,IN-->CR,IN-->CR,IN-->CR,IN-->CR,IN-->CR,IN-->CR,IN-->CR,IN-->CR,IN-->CR,IN-->CR,IN-->CR,IN-->CR
HR,HRV,Croatia,Zagreb,Europe,Southern Europe,,HR-->IN,HR-->IN,HR-->IN,HR-->IN,HR-->IN,HR-->IN,HR-->IN,HR-->IN,HR-->IN,HR-->IN,HR-->IN,HR-->IN,HR-->IN,HR-->IN,HR-->IN,HR-->IN,HR-->IN,HR-->IN,HR-->IN,,,,,,,,,,,,,,,,,IN-->HR,IN-->HR,IN-->HR,IN-->HR,IN-->HR,IN-->HR,IN-->HR,IN-->HR,IN-->HR,IN-->HR,IN-->HR,IN-->HR,IN-->HR,IN-->HR,IN-->HR,IN-->HR,IN-->HR,IN-->HR,IN-->HR
CU,CUB,Cuba,Havana,Americas,Caribbean,,CU-->IN,CU-->IN,CU-->IN,CU-->IN,CU-->IN,CU-->IN,CU-->IN,CU-->IN,CU-->IN,CU-->IN,CU-->IN,CU-->IN,CU-->IN,CU-->IN,CU-->IN,CU-->IN,CU-->IN,CU-->IN,CU-->IN,,,,,,,,,,,,,,,,,IN-->CU,IN-->CU,IN-->CU,IN-->CU,IN-->CU,IN-->CU,IN-->CU,IN-->CU,IN-->CU,IN-->CU,IN-->CU,IN-->CU,IN-->CU,IN-->CU,IN-->CU,IN-->CU,IN-->CU,IN-->CU,IN-->CU
CW,CUW,Curaçao,Willemstad,Americas,Caribbean,,CW-->IN,CW-->IN,CW-->IN,CW-->IN,CW-->IN,CW-->IN,CW-->IN,CW-->IN,CW-->IN,CW-->IN,CW-->IN,CW-->IN,CW-->IN,CW-->IN,CW-->IN,CW-->IN,CW-->IN,CW-->IN,CW-->IN,,,,,,,,,,,,,,,,,IN-->CW,IN-->CW,IN-->CW,IN-->CW,IN-->CW,IN-->CW,IN-->CW,IN-->CW,IN-->CW,IN-->CW,IN-->CW,IN-->CW,IN-->CW,IN-->CW,IN-->CW,IN-->CW,IN-->CW,IN-->CW,IN-->CW
CY,CYP,Cyprus,Nicosia,Europe,Southern Europe,,CY-->IN,CY-->IN,CY-->IN,CY-->IN,CY-->IN,CY-->IN,CY-->IN,CY-->IN,CY-->IN,CY-->IN,CY-->IN,CY-->IN,CY-->IN,CY-->IN,CY-->IN,CY-->IN,CY-->IN,CY-->IN,CY-->IN,,,,,,,,,,,,,,,,,IN-->CY,IN-->CY,IN-->CY,IN-->CY,IN-->CY,IN-->CY,IN-->CY,IN-->CY,IN-->CY,IN-->CY,IN-->CY,IN-->CY,IN-->CY,IN-->CY,IN-->CY,IN-->CY,IN-->CY,IN-->CY,IN-->CY
CZ,CZE,Czech Republic,Prague,Europe,Eastern Europe,,CZ-->IN,CZ-->IN,CZ-->IN,CZ-->IN,CZ-->IN,CZ-->IN,CZ-->IN,CZ-->IN,CZ-->IN,CZ-->IN,CZ-->IN,CZ-->IN,CZ-->IN,CZ-->IN,CZ-->IN,CZ-->IN,CZ-->IN,CZ-->IN,CZ-->IN,,,,,,,,,,,,,,,,,IN-->CZ,IN-->CZ,IN-->CZ,IN-->CZ,IN-->CZ,IN-->CZ,IN-->CZ,IN-->CZ,IN-->CZ,IN-->CZ,IN-->CZ,IN-->CZ,IN-->CZ,IN-->CZ,IN-->CZ,IN-->CZ,IN-->CZ,IN-->CZ,IN-->CZ
DK,DNK,Denmark,Copenhagen,Europe,Northern Europe,,DK-->IN,DK-->IN,DK-->IN,DK-->IN,DK-->IN,DK-->IN,DK-->IN,DK-->IN,DK-->IN,DK-->IN,DK-->IN,DK-->IN,DK-->IN,DK-->IN,DK-->IN,DK-->IN,DK-->IN,DK-->IN,DK-->IN,,,,,,,,,,,,,,,,,IN-->DK,IN-->DK,IN-->DK,IN-->DK,IN-->DK,IN-->DK,IN-->DK,IN-->DK,IN-->DK,IN-->DK,IN-->DK,IN-->DK,IN-->DK,IN-->DK,IN-->DK,IN-->DK,IN-->DK,IN-->DK,IN-->DK
DJ,DJI,Djibouti,Djibouti,Africa,Eastern Africa,,DJ-->IN,DJ-->IN,DJ-->IN,DJ-->IN,DJ-->IN,DJ-->IN,DJ-->IN,DJ-->IN,DJ-->IN,DJ-->IN,DJ-->IN,DJ-->IN,DJ-->IN,DJ-->IN,DJ-->IN,DJ-->IN,DJ-->IN,DJ-->IN,DJ-->IN,,,,,,,,,,,,,,,,,IN-->DJ,IN-->DJ,IN-->DJ,IN-->DJ,IN-->DJ,IN-->DJ,IN-->DJ,IN-->DJ,IN-->DJ,IN-->DJ,IN-->DJ,IN-->DJ,IN-->DJ,IN-->DJ,IN-->DJ,IN-->DJ,IN-->DJ,IN-->DJ,IN-->DJ
DM,DMA,Dominica,Roseau,Americas,Caribbean,,DM-->IN,DM-->IN,DM-->IN,DM-->IN,DM-->IN,DM-->IN,DM-->IN,DM-->IN,DM-->IN,DM-->IN,DM-->IN,DM-->IN,DM-->IN,DM-->IN,DM-->IN,DM-->IN,DM-->IN,DM-->IN,DM-->IN,,,,,,,,,,,,,,,,,IN-->DM,IN-->DM,IN-->DM,IN-->DM,IN-->DM,IN-->DM,IN-->DM,IN-->DM,IN-->DM,IN-->DM,IN-->DM,IN-->DM,IN-->DM,IN-->DM,IN-->DM,IN-->DM,IN-->DM,IN-->DM,IN-->DM
DO,DOM,Dominican Republic,Santo Domingo,Americas,Caribbean,,DO-->IN,DO-->IN,DO-->IN,DO-->IN,DO-->IN,DO-->IN,DO-->IN,DO-->IN,DO-->IN,DO-->IN,DO-->IN,DO-->IN,DO-->IN,DO-->IN,DO-->IN,DO-->IN,DO-->IN,DO-->IN,DO-->IN,,,,,,,,,,,,,,,,,IN-->DO,IN-->DO,IN-->DO,IN-->DO,IN-->DO,IN-->DO,IN-->DO,IN-->DO,IN-->DO,IN-->DO,IN-->DO,IN-->DO,IN-->DO,IN-->DO,IN-->DO,IN-->DO,IN-->DO,IN-->DO,IN-->DO
EC,ECU,Ecuador,Quito,Americas,South America,,EC-->IN,EC-->IN,EC-->IN,EC-->IN,EC-->IN,EC-->IN,EC-->IN,EC-->IN,EC-->IN,EC-->IN,EC-->IN,EC-->IN,EC-->IN,EC-->IN,EC-->IN,EC-->IN,EC-->IN,EC-->IN,EC-->IN,,,,,,,,,,,,,,,,,IN-->EC,IN-->EC,IN-->EC,IN-->EC,IN-->EC,IN-->EC,IN-->EC,IN-->EC,IN-->EC,IN-->EC,IN-->EC,IN-->EC,IN-->EC,IN-->EC,IN-->EC,IN-->EC,IN-->EC,IN-->EC,IN-->EC
EG,EGY,Egypt,Cairo,Africa,Northern Africa,,EG-->IN,EG-->IN,EG-->IN,EG-->IN,EG-->IN,EG-->IN,EG-->IN,EG-->IN,EG-->IN,EG-->IN,EG-->IN,EG-->IN,EG-->IN,EG-->IN,EG-->IN,EG-->IN,EG-->IN,EG-->IN,EG-->IN,,,,,,,,,,,,,,,,,IN-->EG,IN-->EG,IN-->EG,IN-->EG,IN-->EG,IN-->EG,IN-->EG,IN-->EG,IN-->EG,IN-->EG,IN-->EG,IN-->EG,IN-->EG,IN-->EG,IN-->EG,IN-->EG,IN-->EG,IN-->EG,IN-->EG
SV,SLV,El Salvador,San Salvador,Americas,Central America,,SV-->IN,SV-->IN,SV-->IN,SV-->IN,SV-->IN,SV-->IN,SV-->IN,SV-->IN,SV-->IN,SV-->IN,SV-->IN,SV-->IN,SV-->IN,SV-->IN,SV-->IN,SV-->IN,SV-->IN,SV-->IN,SV-->IN,,,,,,,,,,,,,,,,,IN-->SV,IN-->SV,IN-->SV,IN-->SV,IN-->SV,IN-->SV,IN-->SV,IN-->SV,IN-->SV,IN-->SV,IN-->SV,IN-->SV,IN-->SV,IN-->SV,IN-->SV,IN-->SV,IN-->SV,IN-->SV,IN-->SV
GQ,GNQ,Equatorial Guinea,Malabo,Africa,Middle Africa,,GQ-->IN,GQ-->IN,GQ-->IN,GQ-->IN,GQ-->IN,GQ-->IN,GQ-->IN,GQ-->IN,GQ-->IN,GQ-->IN,GQ-->IN,GQ-->IN,GQ-->IN,GQ-->IN,GQ-->IN,GQ-->IN,GQ-->IN,GQ-->IN,GQ-->IN,,,,,,,,,,,,,,,,,IN-->GQ,IN-->GQ,IN-->GQ,IN-->GQ,IN-->GQ,IN-->GQ,IN-->GQ,IN-->GQ,IN-->GQ,IN-->GQ,IN-->GQ,IN-->GQ,IN-->GQ,IN-->GQ,IN-->GQ,IN-->GQ,IN-->GQ,IN-->GQ,IN-->GQ
ER,ERI,Eritrea,Asmara,Africa,Eastern Africa,,ER-->IN,ER-->IN,ER-->IN,ER-->IN,ER-->IN,ER-->IN,ER-->IN,ER-->IN,ER-->IN,ER-->IN,ER-->IN,ER-->IN,ER-->IN,ER-->IN,ER-->IN,ER-->IN,ER-->IN,ER-->IN,ER-->IN,,,,,,,,,,,,,,,,,IN-->ER,IN-->ER,IN-->ER,IN-->ER,IN-->ER,IN-->ER,IN-->ER,IN-->ER,IN-->ER,IN-->ER,IN-->ER,IN-->ER,IN-->ER,IN-->ER,IN-->ER,IN-->ER,IN-->ER,IN-->ER,IN-->ER
EE,EST,Estonia,Tallinn,Europe,Northern Europe,,EE-->IN,EE-->IN,EE-->IN,EE-->IN,EE-->IN,EE-->IN,EE-->IN,EE-->IN,EE-->IN,EE-->IN,EE-->IN,EE-->IN,EE-->IN,EE-->IN,EE-->IN,EE-->IN,EE-->IN,EE-->IN,EE-->IN,,,,,,,,,,,,,,,,,IN-->EE,IN-->EE,IN-->EE,IN-->EE,IN-->EE,IN-->EE,IN-->EE,IN-->EE,IN-->EE,IN-->EE,IN-->EE,IN-->EE,IN-->EE,IN-->EE,IN-->EE,IN-->EE,IN-->EE,IN-->EE,IN-->EE
ET,ETH,Ethiopia,Addis Ababa,Africa,Eastern Africa,,ET-->IN,ET-->IN,ET-->IN,ET-->IN,ET-->IN,ET-->IN,ET-->IN,ET-->IN,ET-->IN,ET-->IN,ET-->IN,ET-->IN,ET-->IN,ET-->IN,ET-->IN,ET-->IN,ET-->IN,ET-->IN,ET-->IN,,,,,,,,,,,,,,,,,IN-->ET,IN-->ET,IN-->ET,IN-->ET,IN-->ET,IN-->ET,IN-->ET,IN-->ET,IN-->ET,IN-->ET,IN-->ET,IN-->ET,IN-->ET,IN-->ET,IN-->ET,IN-->ET,IN-->ET,IN-->ET,IN-->ET
FK,FLK,Falkland Islands,Stanley,Americas,South America,,FK-->IN,FK-->IN,FK-->IN,FK-->IN,FK-->IN,FK-->IN,FK-->IN,FK-->IN,FK-->IN,FK-->IN,FK-->IN,FK-->IN,FK-->IN,FK-->IN,FK-->IN,FK-->IN,FK-->IN,FK-->IN,FK-->IN,,,,,,,,,,,,,,,,,IN-->FK,IN-->FK,IN-->FK,IN-->FK,IN-->FK,IN-->FK,IN-->FK,IN-->FK,IN-->FK,IN-->FK,IN-->FK,IN-->FK,IN-->FK,IN-->FK,IN-->FK,IN-->FK,IN-->FK,IN-->FK,IN-->FK
FO,FRO,Faroe Islands,Tórshavn,Europe,Northern Europe,,FO-->IN,FO-->IN,FO-->IN,FO-->IN,FO-->IN,FO-->IN,FO-->IN,FO-->IN,FO-->IN,FO-->IN,FO-->IN,FO-->IN,FO-->IN,FO-->IN,FO-->IN,FO-->IN,FO-->IN,FO-->IN,FO-->IN,,,,,,,,,,,,,,,,,IN-->FO,IN-->FO,IN-->FO,IN-->FO,IN-->FO,IN-->FO,IN-->FO,IN-->FO,IN-->FO,IN-->FO,IN-->FO,IN-->FO,IN-->FO,IN-->FO,IN-->FO,IN-->FO,IN-->FO,IN-->FO,IN-->FO
FJ,FJI,Fiji,Suva,Oceania,Melanesia,,FJ-->IN,FJ-->IN,FJ-->IN,FJ-->IN,FJ-->IN,FJ-->IN,FJ-->IN,FJ-->IN,FJ-->IN,FJ-->IN,FJ-->IN,FJ-->IN,FJ-->IN,FJ-->IN,FJ-->IN,FJ-->IN,FJ-->IN,FJ-->IN,FJ-->IN,,,,,,,,,,,,,,,,,IN-->FJ,IN-->FJ,IN-->FJ,IN-->FJ,IN-->FJ,IN-->FJ,IN-->FJ,IN-->FJ,IN-->FJ,IN-->FJ,IN-->FJ,IN-->FJ,IN-->FJ,IN-->FJ,IN-->FJ,IN-->FJ,IN-->FJ,IN-->FJ,IN-->FJ
FI,FIN,Finland,Helsinki,Europe,Northern Europe,,FI-->IN,FI-->IN,FI-->IN,FI-->IN,FI-->IN,FI-->IN,FI-->IN,FI-->IN,FI-->IN,FI-->IN,FI-->IN,FI-->IN,FI-->IN,FI-->IN,FI-->IN,FI-->IN,FI-->IN,FI-->IN,FI-->IN,,,,,,,,,,,,,,,,,IN-->FI,IN-->FI,IN-->FI,IN-->FI,IN-->FI,IN-->FI,IN-->FI,IN-->FI,IN-->FI,IN-->FI,IN-->FI,IN-->FI,IN-->FI,IN-->FI,IN-->FI,IN-->FI,IN-->FI,IN-->FI,IN-->FI
FR,FRA,France,Paris,Europe,Western Europe,,FR-->IN,FR-->IN,FR-->IN,FR-->IN,FR-->IN,FR-->IN,FR-->IN,FR-->IN,FR-->IN,FR-->IN,FR-->IN,FR-->IN,FR-->IN,FR-->IN,FR-->IN,FR-->IN,FR-->IN,FR-->IN,FR-->IN,,,,,,,,,,,,,,,,,IN-->FR,IN-->FR,IN-->FR,IN-->FR,IN-->FR,IN-->FR,IN-->FR,IN-->FR,IN-->FR,IN-->FR,IN-->FR,IN-->FR,IN-->FR,IN-->FR,IN-->FR,IN-->FR,IN-->FR,IN-->FR,IN-->FR
GF,GUF,French Guiana,Cayenne,Americas,South America,,GF-->IN,GF-->IN,GF-->IN,GF-->IN,GF-->IN,GF-->IN,GF-->IN,GF-->IN,GF-->IN,GF-->IN,GF-->IN,GF-->IN,GF-->IN,GF-->IN,GF-->IN,GF-->IN,GF-->IN,GF-->IN,GF-->IN,,,,,,,,,,,,,,,,,IN-->GF,IN-->GF,IN-->GF,IN-->GF,IN-->GF,IN-->GF,IN-->GF,IN-->GF,IN-->GF,IN-->GF,IN-->GF,IN-->GF,IN-->GF,IN-->GF,IN-->GF,IN-->GF,IN-->GF,IN-->GF,IN-->GF
PF,PYF,French Polynesia,Papeetē,Oceania,Polynesia,,PF-->IN,PF-->IN,PF-->IN,PF-->IN,PF-->IN,PF-->IN,PF-->IN,PF-->IN,PF-->IN,PF-->IN,PF-->IN,PF-->IN,PF-->IN,PF-->IN,PF-->IN,PF-->IN,PF-->IN,PF-->IN,PF-->IN,,,,,,,,,,,,,,,,,IN-->PF,IN-->PF,IN-->PF,IN-->PF,IN-->PF,IN-->PF,IN-->PF,IN-->PF,IN-->PF,IN-->PF,IN-->PF,IN-->PF,IN-->PF,IN-->PF,IN-->PF,IN-->PF,IN-->PF,IN-->PF,IN-->PF
TF,ATF,French Southern and Antarctic Lands,Port-aux-Français,Africa,Southern Africa,,TF-->IN,TF-->IN,TF-->IN,TF-->IN,TF-->IN,TF-->IN,TF-->IN,TF-->IN,TF-->IN,TF-->IN,TF-->IN,TF-->IN,TF-->IN,TF-->IN,TF-->IN,TF-->IN,TF-->IN,TF-->IN,TF-->IN,,,,,,,,,,,,,,,,,IN-->TF,IN-->TF,IN-->TF,IN-->TF,IN-->TF,IN-->TF,IN-->TF,IN-->TF,IN-->TF,IN-->TF,IN-->TF,IN-->TF,IN-->TF,IN-->TF,IN-->TF,IN-->TF,IN-->TF,IN-->TF,IN-->TF
GA,GAB,Gabon,Libreville,Africa,Middle Africa,,GA-->IN,GA-->IN,GA-->IN,GA-->IN,GA-->IN,GA-->IN,GA-->IN,GA-->IN,GA-->IN,GA-->IN,GA-->IN,GA-->IN,GA-->IN,GA-->IN,GA-->IN,GA-->IN,GA-->IN,GA-->IN,GA-->IN,,,,,,,,,,,,,,,,,IN-->GA,IN-->GA,IN-->GA,IN-->GA,IN-->GA,IN-->GA,IN-->GA,IN-->GA,IN-->GA,IN-->GA,IN-->GA,IN-->GA,IN-->GA,IN-->GA,IN-->GA,IN-->GA,IN-->GA,IN-->GA,IN-->GA
GM,GMB,The Gambia,Banjul,Africa,Western Africa,,GM-->IN,GM-->IN,GM-->IN,GM-->IN,GM-->IN,GM-->IN,GM-->IN,GM-->IN,GM-->IN,GM-->IN,GM-->IN,GM-->IN,GM-->IN,GM-->IN,GM-->IN,GM-->IN,GM-->IN,GM-->IN,GM-->IN,,,,,,,,,,,,,,,,,IN-->GM,IN-->GM,IN-->GM,IN-->GM,IN-->GM,IN-->GM,IN-->GM,IN-->GM,IN-->GM,IN-->GM,IN-->GM,IN-->GM,IN-->GM,IN-->GM,IN-->GM,IN-->GM,IN-->GM,IN-->GM,IN-->GM
GE,GEO,Georgia,Tbilisi,Asia,Western Asia,,GE-->IN,GE-->IN,GE-->IN,GE-->IN,GE-->IN,GE-->IN,GE-->IN,GE-->IN,GE-->IN,GE-->IN,GE-->IN,GE-->IN,GE-->IN,GE-->IN,GE-->IN,GE-->IN,GE-->IN,GE-->IN,GE-->IN,,,,,,,,,,,,,,,,,IN-->GE,IN-->GE,IN-->GE,IN-->GE,IN-->GE,IN-->GE,IN-->GE,IN-->GE,IN-->GE,IN-->GE,IN-->GE,IN-->GE,IN-->GE,IN-->GE,IN-->GE,IN-->GE,IN-->GE,IN-->GE,IN-->GE
DE,DEU,Germany,Berlin,Europe,Western Europe,,DE-->IN,DE-->IN,DE-->IN,DE-->IN,DE-->IN,DE-->IN,DE-->IN,DE-->IN,DE-->IN,DE-->IN,DE-->IN,DE-->IN,DE-->IN,DE-->IN,DE-->IN,DE-->IN,DE-->IN,DE-->IN,DE-->IN,,,,,,,,,,,,,,,,,IN-->DE,IN-->DE,IN-->DE,IN-->DE,IN-->DE,IN-->DE,IN-->DE,IN-->DE,IN-->DE,IN-->DE,IN-->DE,IN-->DE,IN-->DE,IN-->DE,IN-->DE,IN-->DE,IN-->DE,IN-->DE,IN-->DE
GH,GHA,Ghana,Accra,Africa,Western Africa,,GH-->IN,GH-->IN,GH-->IN,GH-->IN,GH-->IN,GH-->IN,GH-->IN,GH-->IN,GH-->IN,GH-->IN,GH-->IN,GH-->IN,GH-->IN,GH-->IN,GH-->IN,GH-->IN,GH-->IN,GH-->IN,GH-->IN,,,,,,,,,,,,,,,,,IN-->GH,IN-->GH,IN-->GH,IN-->GH,IN-->GH,IN-->GH,IN-->GH,IN-->GH,IN-->GH,IN-->GH,IN-->GH,IN-->GH,IN-->GH,IN-->GH,IN-->GH,IN-->GH,IN-->GH,IN-->GH,IN-->GH
GI,GIB,Gibraltar,Gibraltar,Europe,Southern Europe,,GI-->IN,GI-->IN,GI-->IN,GI-->IN,GI-->IN,GI-->IN,GI-->IN,GI-->IN,GI-->IN,GI-->IN,GI-->IN,GI-->IN,GI-->IN,GI-->IN,GI-->IN,GI-->IN,GI-->IN,GI-->IN,GI-->IN,,,,,,,,,,,,,,,,,IN-->GI,IN-->GI,IN-->GI,IN-->GI,IN-->GI,IN-->GI,IN-->GI,IN-->GI,IN-->GI,IN-->GI,IN-->GI,IN-->GI,IN-->GI,IN-->GI,IN-->GI,IN-->GI,IN-->GI,IN-->GI,IN-->GI
GR,GRC,Greece,Athens,Europe,Southern Europe,,GR-->IN,GR-->IN,GR-->IN,GR-->IN,GR-->IN,GR-->IN,GR-->IN,GR-->IN,GR-->IN,GR-->IN,GR-->IN,GR-->IN,GR-->IN,GR-->IN,GR-->IN,GR-->IN,GR-->IN,GR-->IN,GR-->IN,,,,,,,,,,,,,,,,,IN-->GR,IN-->GR,IN-->GR,IN-->GR,IN-->GR,IN-->GR,IN-->GR,IN-->GR,IN-->GR,IN-->GR,IN-->GR,IN-->GR,IN-->GR,IN-->GR,IN-->GR,IN-->GR,IN-->GR,IN-->GR,IN-->GR
GL,GRL,Greenland,Nuuk,Americas,Northern America,,GL-->IN,GL-->IN,GL-->IN,GL-->IN,GL-->IN,GL-->IN,GL-->IN,GL-->IN,GL-->IN,GL-->IN,GL-->IN,GL-->IN,GL-->IN,GL-->IN,GL-->IN,GL-->IN,GL-->IN,GL-->IN,GL-->IN,,,,,,,,,,,,,,,,,IN-->GL,IN-->GL,IN-->GL,IN-->GL,IN-->GL,IN-->GL,IN-->GL,IN-->GL,IN-->GL,IN-->GL,IN-->GL,IN-->GL,IN-->GL,IN-->GL,IN-->GL,IN-->GL,IN-->GL,IN-->GL,IN-->GL
GD,GRD,Grenada,St. George's,Americas,Caribbean,,GD-->IN,GD-->IN,GD-->IN,GD-->IN,GD-->IN,GD-->IN,GD-->IN,GD-->IN,GD-->IN,GD-->IN,GD-->IN,GD-->IN,GD-->IN,GD-->IN,GD-->IN,GD-->IN,GD-->IN,GD-->IN,GD-->IN,,,,,,,,,,,,,,,,,IN-->GD,IN-->GD,IN-->GD,IN-->GD,IN-->GD,IN-->GD,IN-->GD,IN-->GD,IN-->GD,IN-->GD,IN-->GD,IN-->GD,IN-->GD,IN-->GD,IN-->GD,IN-->GD,IN-->GD,IN-->GD,IN-->GD
GP,GLP,Guadeloupe,Basse-Terre,Americas,Caribbean,,GP-->IN,GP-->IN,GP-->IN,GP-->IN,GP-->IN,GP-->IN,GP-->IN,GP-->IN,GP-->IN,GP-->IN,GP-->IN,GP-->IN,GP-->IN,GP-->IN,GP-->IN,GP-->IN,GP-->IN,GP-->IN,GP-->IN,,,,,,,,,,,,,,,,,IN-->GP,IN-->GP,IN-->GP,IN-->GP,IN-->GP,IN-->GP,IN-->GP,IN-->GP,IN-->GP,IN-->GP,IN-->GP,IN-->GP,IN-->GP,IN-->GP,IN-->GP,IN-->GP,IN-->GP,IN-->GP,IN-->GP
GU,GUM,Guam,Hagåtña,Oceania,Micronesia,,GU-->IN,GU-->IN,GU-->IN,GU-->IN,GU-->IN,GU-->IN,GU-->IN,GU-->IN,GU-->IN,GU-->IN,GU-->IN,GU-->IN,GU-->IN,GU-->IN,GU-->IN,GU-->IN,GU-->IN,GU-->IN,GU-->IN,,,,,,,,,,,,,,,,,IN-->GU,IN-->GU,IN-->GU,IN-->GU,IN-->GU,IN-->GU,IN-->GU,IN-->GU,IN-->GU,IN-->GU,IN-->GU,IN-->GU,IN-->GU,IN-->GU,IN-->GU,IN-->GU,IN-->GU,IN-->GU,IN-->GU
GT,GTM,Guatemala,Guatemala City,Americas,Central America,,GT-->IN,GT-->IN,GT-->IN,GT-->IN,GT-->IN,GT-->IN,GT-->IN,GT-->IN,GT-->IN,GT-->IN,GT-->IN,GT-->IN,GT-->IN,GT-->IN,GT-->IN,GT-->IN,GT-->IN,GT-->IN,GT-->IN,,,,,,,,,,,,,,,,,IN-->GT,IN-->GT,IN-->GT,IN-->GT,IN-->GT,IN-->GT,IN-->GT,IN-->GT,IN-->GT,IN-->GT,IN-->GT,IN-->GT,IN-->GT,IN-->GT,IN-->GT,IN-->GT,IN-->GT,IN-->GT,IN-->GT
GG,GGY,Guernsey,St. Peter Port,Europe,Northern Europe,,GG-->IN,GG-->IN,GG-->IN,GG-->IN,GG-->IN,GG-->IN,GG-->IN,GG-->IN,GG-->IN,GG-->IN,GG-->IN,GG-->IN,GG-->IN,GG-->IN,GG-->IN,GG-->IN,GG-->IN,GG-->IN,GG-->IN,,,,,,,,,,,,,,,,,IN-->GG,IN-->GG,IN-->GG,IN-->GG,IN-->GG,IN-->GG,IN-->GG,IN-->GG,IN-->GG,IN-->GG,IN-->GG,IN-->GG,IN-->GG,IN-->GG,IN-->GG,IN-->GG,IN-->GG,IN-->GG,IN-->GG
GN,GIN,Guinea,Conakry,Africa,Western Africa,,GN-->IN,GN-->IN,GN-->IN,GN-->IN,GN-->IN,GN-->IN,GN-->IN,GN-->IN,GN-->IN,GN-->IN,GN-->IN,GN-->IN,GN-->IN,GN-->IN,GN-->IN,GN-->IN,GN-->IN,GN-->IN,GN-->IN,,,,,,,,,,,,,,,,,IN-->GN,IN-->GN,IN-->GN,IN-->GN,IN-->GN,IN-->GN,IN-->GN,IN-->GN,IN-->GN,IN-->GN,IN-->GN,IN-->GN,IN-->GN,IN-->GN,IN-->GN,IN-->GN,IN-->GN,IN-->GN,IN-->GN
GW,GNB,Guinea-Bissau,Bissau,Africa,Western Africa,,GW-->IN,GW-->IN,GW-->IN,GW-->IN,GW-->IN,GW-->IN,GW-->IN,GW-->IN,GW-->IN,GW-->IN,GW-->IN,GW-->IN,GW-->IN,GW-->IN,GW-->IN,GW-->IN,GW-->IN,GW-->IN,GW-->IN,,,,,,,,,,,,,,,,,IN-->GW,IN-->GW,IN-->GW,IN-->GW,IN-->GW,IN-->GW,IN-->GW,IN-->GW,IN-->GW,IN-->GW,IN-->GW,IN-->GW,IN-->GW,IN-->GW,IN-->GW,IN-->GW,IN-->GW,IN-->GW,IN-->GW
GY,GUY,Guyana,Georgetown,Americas,South America,,GY-->IN,GY-->IN,GY-->IN,GY-->IN,GY-->IN,GY-->IN,GY-->IN,GY-->IN,GY-->IN,GY-->IN,GY-->IN,GY-->IN,GY-->IN,GY-->IN,GY-->IN,GY-->IN,GY-->IN,GY-->IN,GY-->IN,,,,,,,,,,,,,,,,,IN-->GY,IN-->GY,IN-->GY,IN-->GY,IN-->GY,IN-->GY,IN-->GY,IN-->GY,IN-->GY,IN-->GY,IN-->GY,IN-->GY,IN-->GY,IN-->GY,IN-->GY,IN-->GY,IN-->GY,IN-->GY,IN-->GY
HT,HTI,Haiti,Port-au-Prince,Americas,Caribbean,,HT-->IN,HT-->IN,HT-->IN,HT-->IN,HT-->IN,HT-->IN,HT-->IN,HT-->IN,HT-->IN,HT-->IN,HT-->IN,HT-->IN,HT-->IN,HT-->IN,HT-->IN,HT-->IN,HT-->IN,HT-->IN,HT-->IN,,,,,,,,,,,,,,,,,IN-->HT,IN-->HT,IN-->HT,IN-->HT,IN-->HT,IN-->HT,IN-->HT,IN-->HT,IN-->HT,IN-->HT,IN-->HT,IN-->HT,IN-->HT,IN-->HT,IN-->HT,IN-->HT,IN-->HT,IN-->HT,IN-->HT
HM,HMD,Heard Island and McDonald Islands,,,,,HM-->IN,HM-->IN,HM-->IN,HM-->IN,HM-->IN,HM-->IN,HM-->IN,HM-->IN,HM-->IN,HM-->IN,HM-->IN,HM-->IN,HM-->IN,HM-->IN,HM-->IN,HM-->IN,HM-->IN,HM-->IN,HM-->IN,,,,,,,,,,,,,,,,,IN-->HM,IN-->HM,IN-->HM,IN-->HM,IN-->HM,IN-->HM,IN-->HM,IN-->HM,IN-->HM,IN-->HM,IN-->HM,IN-->HM,IN-->HM,IN-->HM,IN-->HM,IN-->HM,IN-->HM,IN-->HM,IN-->HM
VA,VAT,Holy See,Rome,Europe,Southern Europe,,VA-->IN,VA-->IN,VA-->IN,VA-->IN,VA-->IN,VA-->IN,VA-->IN,VA-->IN,VA-->IN,VA-->IN,VA-->IN,VA-->IN,VA-->IN,VA-->IN,VA-->IN,VA-->IN,VA-->IN,VA-->IN,VA-->IN,,,,,,,,,,,,,,,,,IN-->VA,IN-->VA,IN-->VA,IN-->VA,IN-->VA,IN-->VA,IN-->VA,IN-->VA,IN-->VA,IN-->VA,IN-->VA,IN-->VA,IN-->VA,IN-->VA,IN-->VA,IN-->VA,IN-->VA,IN-->VA,IN-->VA
HN,HND,Honduras,Tegucigalpa,Americas,Central America,,HN-->IN,HN-->IN,HN-->IN,HN-->IN,HN-->IN,HN-->IN,HN-->IN,HN-->IN,HN-->IN,HN-->IN,HN-->IN,HN-->IN,HN-->IN,HN-->IN,HN-->IN,HN-->IN,HN-->IN,HN-->IN,HN-->IN,,,,,,,,,,,,,,,,,IN-->HN,IN-->HN,IN-->HN,IN-->HN,IN-->HN,IN-->HN,IN-->HN,IN-->HN,IN-->HN,IN-->HN,IN-->HN,IN-->HN,IN-->HN,IN-->HN,IN-->HN,IN-->HN,IN-->HN,IN-->HN,IN-->HN
HK,HKG,Hong Kong,City of Victoria,Asia,Eastern Asia,,HK-->IN,HK-->IN,HK-->IN,HK-->IN,HK-->IN,HK-->IN,HK-->IN,HK-->IN,HK-->IN,HK-->IN,HK-->IN,HK-->IN,HK-->IN,HK-->IN,HK-->IN,HK-->IN,HK-->IN,HK-->IN,HK-->IN,,,,,,,,,,,,,,,,,IN-->HK,IN-->HK,IN-->HK,IN-->HK,IN-->HK,IN-->HK,IN-->HK,IN-->HK,IN-->HK,IN-->HK,IN-->HK,IN-->HK,IN-->HK,IN-->HK,IN-->HK,IN-->HK,IN-->HK,IN-->HK,IN-->HK
HU,HUN,Hungary,Budapest,Europe,Eastern Europe,,HU-->IN,HU-->IN,HU-->IN,HU-->IN,HU-->IN,HU-->IN,HU-->IN,HU-->IN,HU-->IN,HU-->IN,HU-->IN,HU-->IN,HU-->IN,HU-->IN,HU-->IN,HU-->IN,HU-->IN,HU-->IN,HU-->IN,,,,,,,,,,,,,,,,,IN-->HU,IN-->HU,IN-->HU,IN-->HU,IN-->HU,IN-->HU,IN-->HU,IN-->HU,IN-->HU,IN-->HU,IN-->HU,IN-->HU,IN-->HU,IN-->HU,IN-->HU,IN-->HU,IN-->HU,IN-->HU,IN-->HU
IS,ISL,Iceland,Reykjavík,Europe,Northern Europe,,IS-->IN,IS-->IN,IS-->IN,IS-->IN,IS-->IN,IS-->IN,IS-->IN,IS-->IN,IS-->IN,IS-->IN,IS-->IN,IS-->IN,IS-->IN,IS-->IN,IS-->IN,IS-->IN,IS-->IN,IS-->IN,IS-->IN,,,,,,,,,,,,,,,,,IN-->IS,IN-->IS,IN-->IS,IN-->IS,IN-->IS,IN-->IS,IN-->IS,IN-->IS,IN-->IS,IN-->IS,IN-->IS,IN-->IS,IN-->IS,IN-->IS,IN-->IS,IN-->IS,IN-->IS,IN-->IS,IN-->IS
IN,IND,India,New Delhi,Asia,Southern Asia,,IN-->IN,IN-->IN,IN-->IN,IN-->IN,IN-->IN,IN-->IN,IN-->IN,IN-->IN,IN-->IN,IN-->IN,IN-->IN,IN-->IN,IN-->IN,IN-->IN,IN-->IN,IN-->IN,IN-->IN,IN-->IN,IN-->IN,,,,,,,,,,,,,,,,,IN-->IN,IN-->IN,IN-->IN,IN-->IN,IN-->IN,IN-->IN,IN-->IN,IN-->IN,IN-->IN,IN-->IN,IN-->IN,IN-->IN,IN-->IN,IN-->IN,IN-->IN,IN-->IN,IN-->IN,IN-->IN,IN-->IN
ID,IDN,Indonesia,Jakarta,Asia,South-Eastern Asia,,ID-->IN,ID-->IN,ID-->IN,ID-->IN,ID-->IN,ID-->IN,ID-->IN,ID-->IN,ID-->IN,ID-->IN,ID-->IN,ID-->IN,ID-->IN,ID-->IN,ID-->IN,ID-->IN,ID-->IN,ID-->IN,ID-->IN,,,,,,,,,,,,,,,,,IN-->ID,IN-->ID,IN-->ID,IN-->ID,IN-->ID,IN-->ID,IN-->ID,IN-->ID,IN-->ID,IN-->ID,IN-->ID,IN-->ID,IN-->ID,IN-->ID,IN-->ID,IN-->ID,IN-->ID,IN-->ID,IN-->ID
CI,CIV,Ivory Coast,Yamoussoukro,Africa,Western Africa,,CI-->IN,CI-->IN,CI-->IN,CI-->IN,CI-->IN,CI-->IN,CI-->IN,CI-->IN,CI-->IN,CI-->IN,CI-->IN,CI-->IN,CI-->IN,CI-->IN,CI-->IN,CI-->IN,CI-->IN,CI-->IN,CI-->IN,,,,,,,,,,,,,,,,,IN-->CI,IN-->CI,IN-->CI,IN-->CI,IN-->CI,IN-->CI,IN-->CI,IN-->CI,IN-->CI,IN-->CI,IN-->CI,IN-->CI,IN-->CI,IN-->CI,IN-->CI,IN-->CI,IN-->CI,IN-->CI,IN-->CI
IR,IRN,Iran,Tehran,Asia,Southern Asia,,IR-->IN,IR-->IN,IR-->IN,IR-->IN,IR-->IN,IR-->IN,IR-->IN,IR-->IN,IR-->IN,IR-->IN,IR-->IN,IR-->IN,IR-->IN,IR-->IN,IR-->IN,IR-->IN,IR-->IN,IR-->IN,IR-->IN,,,,,,,,,,,,,,,,,IN-->IR,IN-->IR,IN-->IR,IN-->IR,IN-->IR,IN-->IR,IN-->IR,IN-->IR,IN-->IR,IN-->IR,IN-->IR,IN-->IR,IN-->IR,IN-->IR,IN-->IR,IN-->IR,IN-->IR,IN-->IR,IN-->IR
IQ,IRQ,Iraq,Baghdad,Asia,Western Asia,,IQ-->IN,IQ-->IN,IQ-->IN,IQ-->IN,IQ-->IN,IQ-->IN,IQ-->IN,IQ-->IN,IQ-->IN,IQ-->IN,IQ-->IN,IQ-->IN,IQ-->IN,IQ-->IN,IQ-->IN,IQ-->IN,IQ-->IN,IQ-->IN,IQ-->IN,,,,,,,,,,,,,,,,,IN-->IQ,IN-->IQ,IN-->IQ,IN-->IQ,IN-->IQ,IN-->IQ,IN-->IQ,IN-->IQ,IN-->IQ,IN-->IQ,IN-->IQ,IN-->IQ,IN-->IQ,IN-->IQ,IN-->IQ,IN-->IQ,IN-->IQ,IN-->IQ,IN-->IQ
IE,IRL,Republic of Ireland,Dublin,Europe,Northern Europe,,IE-->IN,IE-->IN,IE-->IN,IE-->IN,IE-->IN,IE-->IN,IE-->IN,IE-->IN,IE-->IN,IE-->IN,IE-->IN,IE-->IN,IE-->IN,IE-->IN,IE-->IN,IE-->IN,IE-->IN,IE-->IN,IE-->IN,,,,,,,,,,,,,,,,,IN-->IE,IN-->IE,IN-->IE,IN-->IE,IN-->IE,IN-->IE,IN-->IE,IN-->IE,IN-->IE,IN-->IE,IN-->IE,IN-->IE,IN-->IE,IN-->IE,IN-->IE,IN-->IE,IN-->IE,IN-->IE,IN-->IE
IM,IMN,Isle of Man,Douglas,Europe,Northern Europe,,IM-->IN,IM-->IN,IM-->IN,IM-->IN,IM-->IN,IM-->IN,IM-->IN,IM-->IN,IM-->IN,IM-->IN,IM-->IN,IM-->IN,IM-->IN,IM-->IN,IM-->IN,IM-->IN,IM-->IN,IM-->IN,IM-->IN,,,,,,,,,,,,,,,,,IN-->IM,IN-->IM,IN-->IM,IN-->IM,IN-->IM,IN-->IM,IN-->IM,IN-->IM,IN-->IM,IN-->IM,IN-->IM,IN-->IM,IN-->IM,IN-->IM,IN-->IM,IN-->IM,IN-->IM,IN-->IM,IN-->IM
IL,ISR,Israel,Jerusalem,Asia,Western Asia,,IL-->IN,IL-->IN,IL-->IN,IL-->IN,IL-->IN,IL-->IN,IL-->IN,IL-->IN,IL-->IN,IL-->IN,IL-->IN,IL-->IN,IL-->IN,IL-->IN,IL-->IN,IL-->IN,IL-->IN,IL-->IN,IL-->IN,,,,,,,,,,,,,,,,,IN-->IL,IN-->IL,IN-->IL,IN-->IL,IN-->IL,IN-->IL,IN-->IL,IN-->IL,IN-->IL,IN-->IL,IN-->IL,IN-->IL,IN-->IL,IN-->IL,IN-->IL,IN-->IL,IN-->IL,IN-->IL,IN-->IL
IT,ITA,Italy,Rome,Europe,Southern Europe,,IT-->IN,IT-->IN,IT-->IN,IT-->IN,IT-->IN,IT-->IN,IT-->IN,IT-->IN,IT-->IN,IT-->IN,IT-->IN,IT-->IN,IT-->IN,IT-->IN,IT-->IN,IT-->IN,IT-->IN,IT-->IN,IT-->IN,,,,,,,,,,,,,,,,,IN-->IT,IN-->IT,IN-->IT,IN-->IT,IN-->IT,IN-->IT,IN-->IT,IN-->IT,IN-->IT,IN-->IT,IN-->IT,IN-->IT,IN-->IT,IN-->IT,IN-->IT,IN-->IT,IN-->IT,IN-->IT,IN-->IT
JM,JAM,Jamaica,Kingston,Americas,Caribbean,,JM-->IN,JM-->IN,JM-->IN,JM-->IN,JM-->IN,JM-->IN,JM-->IN,JM-->IN,JM-->IN,JM-->IN,JM-->IN,JM-->IN,JM-->IN,JM-->IN,JM-->IN,JM-->IN,JM-->IN,JM-->IN,JM-->IN,,,,,,,,,,,,,,,,,IN-->JM,IN-->JM,IN-->JM,IN-->JM,IN-->JM,IN-->JM,IN-->JM,IN-->JM,IN-->JM,IN-->JM,IN-->JM,IN-->JM,IN-->JM,IN-->JM,IN-->JM,IN-->JM,IN-->JM,IN-->JM,IN-->JM
JP,JPN,Japan,Tokyo,Asia,Eastern Asia,,JP-->IN,JP-->IN,JP-->IN,JP-->IN,JP-->IN,JP-->IN,JP-->IN,JP-->IN,JP-->IN,JP-->IN,JP-->IN,JP-->IN,JP-->IN,JP-->IN,JP-->IN,JP-->IN,JP-->IN,JP-->IN,JP-->IN,,,,,,,,,,,,,,,,,IN-->JP,IN-->JP,IN-->JP,IN-->JP,IN-->JP,IN-->JP,IN-->JP,IN-->JP,IN-->JP,IN-->JP,IN-->JP,IN-->JP,IN-->JP,IN-->JP,IN-->JP,IN-->JP,IN-->JP,IN-->JP,IN-->JP
JE,JEY,Jersey,Saint Helier,Europe,Northern Europe,,JE-->IN,JE-->IN,JE-->IN,JE-->IN,JE-->IN,JE-->IN,JE-->IN,JE-->IN,JE-->IN,JE-->IN,JE-->IN,JE-->IN,JE-->IN,JE-->IN,JE-->IN,JE-->IN,JE-->IN,JE-->IN,JE-->IN,,,,,,,,,,,,,,,,,IN-->JE,IN-->JE,IN-->JE,IN-->JE,IN-->JE,IN-->JE,IN-->JE,IN-->JE,IN-->JE,IN-->JE,IN-->JE,IN-->JE,IN-->JE,IN-->JE,IN-->JE,IN-->JE,IN-->JE,IN-->JE,IN-->JE
JO,JOR,Jordan,Amman,Asia,Western Asia,,JO-->IN,JO-->IN,JO-->IN,JO-->IN,JO-->IN,JO-->IN,JO-->IN,JO-->IN,JO-->IN,JO-->IN,JO-->IN,JO-->IN,JO-->IN,JO-->IN,JO-->IN,JO-->IN,JO-->IN,JO-->IN,JO-->IN,,,,,,,,,,,,,,,,,IN-->JO,IN-->JO,IN-->JO,IN-->JO,IN-->JO,IN-->JO,IN-->JO,IN-->JO,IN-->JO,IN-->JO,IN-->JO,IN-->JO,IN-->JO,IN-->JO,IN-->JO,IN-->JO,IN-->JO,IN-->JO,IN-->JO
KZ,KAZ,Kazakhstan,Astana,Asia,Central Asia,,KZ-->IN,KZ-->IN,KZ-->IN,KZ-->IN,KZ-->IN,KZ-->IN,KZ-->IN,KZ-->IN,KZ-->IN,KZ-->IN,KZ-->IN,KZ-->IN,KZ-->IN,KZ-->IN,KZ-->IN,KZ-->IN,KZ-->IN,KZ-->IN,KZ-->IN,,,,,,,,,,,,,,,,,IN-->KZ,IN-->KZ,IN-->KZ,IN-->KZ,IN-->KZ,IN-->KZ,IN-->KZ,IN-->KZ,IN-->KZ,IN-->KZ,IN-->KZ,IN-->KZ,IN-->KZ,IN-->KZ,IN-->KZ,IN-->KZ,IN-->KZ,IN-->KZ,IN-->KZ
KE,KEN,Kenya,Nairobi,Africa,Eastern Africa,,KE-->IN,KE-->IN,KE-->IN,KE-->IN,KE-->IN,KE-->IN,KE-->IN,KE-->IN,KE-->IN,KE-->IN,KE-->IN,KE-->IN,KE-->IN,KE-->IN,KE-->IN,KE-->IN,KE-->IN,KE-->IN,KE-->IN,,,,,,,,,,,,,,,,,IN-->KE,IN-->KE,IN-->KE,IN-->KE,IN-->KE,IN-->KE,IN-->KE,IN-->KE,IN-->KE,IN-->KE,IN-->KE,IN-->KE,IN-->KE,IN-->KE,IN-->KE,IN-->KE,IN-->KE,IN-->KE,IN-->KE
KI,KIR,Kiribati,South Tarawa,Oceania,Micronesia,,KI-->IN,KI-->IN,KI-->IN,KI-->IN,KI-->IN,KI-->IN,KI-->IN,KI-->IN,KI-->IN,KI-->IN,KI-->IN,KI-->IN,KI-->IN,KI-->IN,KI-->IN,KI-->IN,KI-->IN,KI-->IN,KI-->IN,,,,,,,,,,,,,,,,,IN-->KI,IN-->KI,IN-->KI,IN-->KI,IN-->KI,IN-->KI,IN-->KI,IN-->KI,IN-->KI,IN-->KI,IN-->KI,IN-->KI,IN-->KI,IN-->KI,IN-->KI,IN-->KI,IN-->KI,IN-->KI,IN-->KI
KW,KWT,Kuwait,Kuwait City,Asia,Western Asia,,KW-->IN,KW-->IN,KW-->IN,KW-->IN,KW-->IN,KW-->IN,KW-->IN,KW-->IN,KW-->IN,KW-->IN,KW-->IN,KW-->IN,KW-->IN,KW-->IN,KW-->IN,KW-->IN,KW-->IN,KW-->IN,KW-->IN,,,,,,,,,,,,,,,,,IN-->KW,IN-->KW,IN-->KW,IN-->KW,IN-->KW,IN-->KW,IN-->KW,IN-->KW,IN-->KW,IN-->KW,IN-->KW,IN-->KW,IN-->KW,IN-->KW,IN-->KW,IN-->KW,IN-->KW,IN-->KW,IN-->KW
KG,KGZ,Kyrgyzstan,Bishkek,Asia,Central Asia,,KG-->IN,KG-->IN,KG-->IN,KG-->IN,KG-->IN,KG-->IN,KG-->IN,KG-->IN,KG-->IN,KG-->IN,KG-->IN,KG-->IN,KG-->IN,KG-->IN,KG-->IN,KG-->IN,KG-->IN,KG-->IN,KG-->IN,,,,,,,,,,,,,,,,,IN-->KG,IN-->KG,IN-->KG,IN-->KG,IN-->KG,IN-->KG,IN-->KG,IN-->KG,IN-->KG,IN-->KG,IN-->KG,IN-->KG,IN-->KG,IN-->KG,IN-->KG,IN-->KG,IN-->KG,IN-->KG,IN-->KG
LA,LAO,Laos,Vientiane,Asia,South-Eastern Asia,,LA-->IN,LA-->IN,LA-->IN,LA-->IN,LA-->IN,LA-->IN,LA-->IN,LA-->IN,LA-->IN,LA-->IN,LA-->IN,LA-->IN,LA-->IN,LA-->IN,LA-->IN,LA-->IN,LA-->IN,LA-->IN,LA-->IN,,,,,,,,,,,,,,,,,IN-->LA,IN-->LA,IN-->LA,IN-->LA,IN-->LA,IN-->LA,IN-->LA,IN-->LA,IN-->LA,IN-->LA,IN-->LA,IN-->LA,IN-->LA,IN-->LA,IN-->LA,IN-->LA,IN-->LA,IN-->LA,IN-->LA
LV,LVA,Latvia,Riga,Europe,Northern Europe,,LV-->IN,LV-->IN,LV-->IN,LV-->IN,LV-->IN,LV-->IN,LV-->IN,LV-->IN,LV-->IN,LV-->IN,LV-->IN,LV-->IN,LV-->IN,LV-->IN,LV-->IN,LV-->IN,LV-->IN,LV-->IN,LV-->IN,,,,,,,,,,,,,,,,,IN-->LV,IN-->LV,IN-->LV,IN-->LV,IN-->LV,IN-->LV,IN-->LV,IN-->LV,IN-->LV,IN-->LV,IN-->LV,IN-->LV,IN-->LV,IN-->LV,IN-->LV,IN-->LV,IN-->LV,IN-->LV,IN-->LV
LB,LBN,Lebanon,Beirut,Asia,Western Asia,,LB-->IN,LB-->IN,LB-->IN,LB-->IN,LB-->IN,LB-->IN,LB-->IN,LB-->IN,LB-->IN,LB-->IN,LB-->IN,LB-->IN,LB-->IN,LB-->IN,LB-->IN,LB-->IN,LB-->IN,LB-->IN,LB-->IN,,,,,,,,,,,,,,,,,IN-->LB,IN-->LB,IN-->LB,IN-->LB,IN-->LB,IN-->LB,IN-->LB,IN-->LB,IN-->LB,IN-->LB,IN-->LB,IN-->LB,IN-->LB,IN-->LB,IN-->LB,IN-->LB,IN-->LB,IN-->LB,IN-->LB
LS,LSO,Lesotho,Maseru,Africa,Southern Africa,,LS-->IN,LS-->IN,LS-->IN,LS-->IN,LS-->IN,LS-->IN,LS-->IN,LS-->IN,LS-->IN,LS-->IN,LS-->IN,LS-->IN,LS-->IN,LS-->IN,LS-->IN,LS-->IN,LS-->IN,LS-->IN,LS-->IN,,,,,,,,,,,,,,,,,IN-->LS,IN-->LS,IN-->LS,IN-->LS,IN-->LS,IN-->LS,IN-->LS,IN-->LS,IN-->LS,IN-->LS,IN-->LS,IN-->LS,IN-->LS,IN-->LS,IN-->LS,IN-->LS,IN-->LS,IN-->LS,IN-->LS
LR,LBR,Liberia,Monrovia,Africa,Western Africa,,LR-->IN,LR-->IN,LR-->IN,LR-->IN,LR-->IN,LR-->IN,LR-->IN,LR-->IN,LR-->IN,LR-->IN,LR-->IN,LR-->IN,LR-->IN,LR-->IN,LR-->IN,LR-->IN,LR-->IN,LR-->IN,LR-->IN,,,,,,,,,,,,,,,,,IN-->LR,IN-->LR,IN-->LR,IN-->LR,IN-->LR,IN-->LR,IN-->LR,IN-->LR,IN-->LR,IN-->LR,IN-->LR,IN-->LR,IN-->LR,IN-->LR,IN-->LR,IN-->LR,IN-->LR,IN-->LR,IN-->LR
LY,LBY,Libya,Tripoli,Africa,Northern Africa,,LY-->IN,LY-->IN,LY-->IN,LY-->IN,LY-->IN,LY-->IN,LY-->IN,LY-->IN,LY-->IN,LY-->IN,LY-->IN,LY-->IN,LY-->IN,LY-->IN,LY-->IN,LY-->IN,LY-->IN,LY-->IN,LY-->IN,,,,,,,,,,,,,,,,,IN-->LY,IN-->LY,IN-->LY,IN-->LY,IN-->LY,IN-->LY,IN-->LY,IN-->LY,IN-->LY,IN-->LY,IN-->LY,IN-->LY,IN-->LY,IN-->LY,IN-->LY,IN-->LY,IN-->LY,IN-->LY,IN-->LY
LI,LIE,Liechtenstein,Vaduz,Europe,Western Europe,,LI-->IN,LI-->IN,LI-->IN,LI-->IN,LI-->IN,LI-->IN,LI-->IN,LI-->IN,LI-->IN,LI-->IN,LI-->IN,LI-->IN,LI-->IN,LI-->IN,LI-->IN,LI-->IN,LI-->IN,LI-->IN,LI-->IN,,,,,,,,,,,,,,,,,IN-->LI,IN-->LI,IN-->LI,IN-->LI,IN-->LI,IN-->LI,IN-->LI,IN-->LI,IN-->LI,IN-->LI,IN-->LI,IN-->LI,IN-->LI,IN-->LI,IN-->LI,IN-->LI,IN-->LI,IN-->LI,IN-->LI
LT,LTU,Lithuania,Vilnius,Europe,Northern Europe,,LT-->IN,LT-->IN,LT-->IN,LT-->IN,LT-->IN,LT-->IN,LT-->IN,LT-->IN,LT-->IN,LT-->IN,LT-->IN,LT-->IN,LT-->IN,LT-->IN,LT-->IN,LT-->IN,LT-->IN,LT-->IN,LT-->IN,,,,,,,,,,,,,,,,,IN-->LT,IN-->LT,IN-->LT,IN-->LT,IN-->LT,IN-->LT,IN-->LT,IN-->LT,IN-->LT,IN-->LT,IN-->LT,IN-->LT,IN-->LT,IN-->LT,IN-->LT,IN-->LT,IN-->LT,IN-->LT,IN-->LT
LU,LUX,Luxembourg,Luxembourg,Europe,Western Europe,,LU-->IN,LU-->IN,LU-->IN,LU-->IN,LU-->IN,LU-->IN,LU-->IN,LU-->IN,LU-->IN,LU-->IN,LU-->IN,LU-->IN,LU-->IN,LU-->IN,LU-->IN,LU-->IN,LU-->IN,LU-->IN,LU-->IN,,,,,,,,,,,,,,,,,IN-->LU,IN-->LU,IN-->LU,IN-->LU,IN-->LU,IN-->LU,IN-->LU,IN-->LU,IN-->LU,IN-->LU,IN-->LU,IN-->LU,IN-->LU,IN-->LU,IN-->LU,IN-->LU,IN-->LU,IN-->LU,IN-->LU
MO,MAC,Macau,,Asia,Eastern Asia,,MO-->IN,MO-->IN,MO-->IN,MO-->IN,MO-->IN,MO-->IN,MO-->IN,MO-->IN,MO-->IN,MO-->IN,MO-->IN,MO-->IN,MO-->IN,MO-->IN,MO-->IN,MO-->IN,MO-->IN,MO-->IN,MO-->IN,,,,,,,,,,,,,,,,,IN-->MO,IN-->MO,IN-->MO,IN-->MO,IN-->MO,IN-->MO,IN-->MO,IN-->MO,IN-->MO,IN-->MO,IN-->MO,IN-->MO,IN-->MO,IN-->MO,IN-->MO,IN-->MO,IN-->MO,IN-->MO,IN-->MO
MK,MKD,Republic of Macedonia,Skopje,Europe,Southern Europe,,MK-->IN,MK-->IN,MK-->IN,MK-->IN,MK-->IN,MK-->IN,MK-->IN,MK-->IN,MK-->IN,MK-->IN,MK-->IN,MK-->IN,MK-->IN,MK-->IN,MK-->IN,MK-->IN,MK-->IN,MK-->IN,MK-->IN,,,,,,,,,,,,,,,,,IN-->MK,IN-->MK,IN-->MK,IN-->MK,IN-->MK,IN-->MK,IN-->MK,IN-->MK,IN-->MK,IN-->MK,IN-->MK,IN-->MK,IN-->MK,IN-->MK,IN-->MK,IN-->MK,IN-->MK,IN-->MK,IN-->MK
MG,MDG,Madagascar,Antananarivo,Africa,Eastern Africa,,MG-->IN,MG-->IN,MG-->IN,MG-->IN,MG-->IN,MG-->IN,MG-->IN,MG-->IN,MG-->IN,MG-->IN,MG-->IN,MG-->IN,MG-->IN,MG-->IN,MG-->IN,MG-->IN,MG-->IN,MG-->IN,MG-->IN,,,,,,,,,,,,,,,,,IN-->MG,IN-->MG,IN-->MG,IN-->MG,IN-->MG,IN-->MG,IN-->MG,IN-->MG,IN-->MG,IN-->MG,IN-->MG,IN-->MG,IN-->MG,IN-->MG,IN-->MG,IN-->MG,IN-->MG,IN-->MG,IN-->MG
MW,MWI,Malawi,Lilongwe,Africa,Eastern Africa,,MW-->IN,MW-->IN,MW-->IN,MW-->IN,MW-->IN,MW-->IN,MW-->IN,MW-->IN,MW-->IN,MW-->IN,MW-->IN,MW-->IN,MW-->IN,MW-->IN,MW-->IN,MW-->IN,MW-->IN,MW-->IN,MW-->IN,,,,,,,,,,,,,,,,,IN-->MW,IN-->MW,IN-->MW,IN-->MW,IN-->MW,IN-->MW,IN-->MW,IN-->MW,IN-->MW,IN-->MW,IN-->MW,IN-->MW,IN-->MW,IN-->MW,IN-->MW,IN-->MW,IN-->MW,IN-->MW,IN-->MW
MY,MYS,Malaysia,Kuala Lumpur,Asia,South-Eastern Asia,,MY-->IN,MY-->IN,MY-->IN,MY-->IN,MY-->IN,MY-->IN,MY-->IN,MY-->IN,MY-->IN,MY-->IN,MY-->IN,MY-->IN,MY-->IN,MY-->IN,MY-->IN,MY-->IN,MY-->IN,MY-->IN,MY-->IN,,,,,,,,,,,,,,,,,IN-->MY,IN-->MY,IN-->MY,IN-->MY,IN-->MY,IN-->MY,IN-->MY,IN-->MY,IN-->MY,IN-->MY,IN-->MY,IN-->MY,IN-->MY,IN-->MY,IN-->MY,IN-->MY,IN-->MY,IN-->MY,IN-->MY
MV,MDV,Maldives,Malé,Asia,Southern Asia,,MV-->IN,MV-->IN,MV-->IN,MV-->IN,MV-->IN,MV-->IN,MV-->IN,MV-->IN,MV-->IN,MV-->IN,MV-->IN,MV-->IN,MV-->IN,MV-->IN,MV-->IN,MV-->IN,MV-->IN,MV-->IN,MV-->IN,,,,,,,,,,,,,,,,,IN-->MV,IN-->MV,IN-->MV,IN-->MV,IN-->MV,IN-->MV,IN-->MV,IN-->MV,IN-->MV,IN-->MV,IN-->MV,IN-->MV,IN-->MV,IN-->MV,IN-->MV,IN-->MV,IN-->MV,IN-->MV,IN-->MV
ML,MLI,Mali,Bamako,Africa,Western Africa,,ML-->IN,ML-->IN,ML-->IN,ML-->IN,ML-->IN,ML-->IN,ML-->IN,ML-->IN,ML-->IN,ML-->IN,ML-->IN,ML-->IN,ML-->IN,ML-->IN,ML-->IN,ML-->IN,ML-->IN,ML-->IN,ML-->IN,,,,,,,,,,,,,,,,,IN-->ML,IN-->ML,IN-->ML,IN-->ML,IN-->ML,IN-->ML,IN-->ML,IN-->ML,IN-->ML,IN-->ML,IN-->ML,IN-->ML,IN-->ML,IN-->ML,IN-->ML,IN-->ML,IN-->ML,IN-->ML,IN-->ML
MT,MLT,Malta,Valletta,Europe,Southern Europe,,MT-->IN,MT-->IN,MT-->IN,MT-->IN,MT-->IN,MT-->IN,MT-->IN,MT-->IN,MT-->IN,MT-->IN,MT-->IN,MT-->IN,MT-->IN,MT-->IN,MT-->IN,MT-->IN,MT-->IN,MT-->IN,MT-->IN,,,,,,,,,,,,,,,,,IN-->MT,IN-->MT,IN-->MT,IN-->MT,IN-->MT,IN-->MT,IN-->MT,IN-->MT,IN-->MT,IN-->MT,IN-->MT,IN-->MT,IN-->MT,IN-->MT,IN-->MT,IN-->MT,IN-->MT,IN-->MT,IN-->MT
MH,MHL,Marshall Islands,Majuro,Oceania,Micronesia,,MH-->IN,MH-->IN,MH-->IN,MH-->IN,MH-->IN,MH-->IN,MH-->IN,MH-->IN,MH-->IN,MH-->IN,MH-->IN,MH-->IN,MH-->IN,MH-->IN,MH-->IN,MH-->IN,MH-->IN,MH-->IN,MH-->IN,,,,,,,,,,,,,,,,,IN-->MH,IN-->MH,IN-->MH,IN-->MH,IN-->MH,IN-->MH,IN-->MH,IN-->MH,IN-->MH,IN-->MH,IN-->MH,IN-->MH,IN-->MH,IN-->MH,IN-->MH,IN-->MH,IN-->MH,IN-->MH,IN-->MH
MQ,MTQ,Martinique,Fort-de-France,Americas,Caribbean,,MQ-->IN,MQ-->IN,MQ-->IN,MQ-->IN,MQ-->IN,MQ-->IN,MQ-->IN,MQ-->IN,MQ-->IN,MQ-->IN,MQ-->IN,MQ-->IN,MQ-->IN,MQ-->IN,MQ-->IN,MQ-->IN,MQ-->IN,MQ-->IN,MQ-->IN,,,,,,,,,,,,,,,,,IN-->MQ,IN-->MQ,IN-->MQ,IN-->MQ,IN-->MQ,IN-->MQ,IN-->MQ,IN-->MQ,IN-->MQ,IN-->MQ,IN-->MQ,IN-->MQ,IN-->MQ,IN-->MQ,IN-->MQ,IN-->MQ,IN-->MQ,IN-->MQ,IN-->MQ
MR,MRT,Mauritania,Nouakchott,Africa,Western Africa,,MR-->IN,MR-->IN,MR-->IN,MR-->IN,MR-->IN,MR-->IN,MR-->IN,MR-->IN,MR-->IN,MR-->IN,MR-->IN,MR-->IN,MR-->IN,MR-->IN,MR-->IN,MR-->IN,MR-->IN,MR-->IN,MR-->IN,0.0,,,,,,,,,,,,,,,,IN-->MR,IN-->MR,IN-->MR,IN-->MR,IN-->MR,IN-->MR,IN-->MR,IN-->MR,IN-->MR,IN-->MR,IN-->MR,IN-->MR,IN-->MR,IN-->MR,IN-->MR,IN-->MR,IN-->MR,IN-->MR,IN-->MR
MU,MUS,Mauritius,Port Louis,Africa,Eastern Africa,,MU-->IN,MU-->IN,MU-->IN,MU-->IN,MU-->IN,MU-->IN,MU-->IN,MU-->IN,MU-->IN,MU-->IN,MU-->IN,MU-->IN,MU-->IN,MU-->IN,MU-->IN,MU-->IN,MU-->IN,MU-->IN,MU-->IN,,,,,,,,,,,,,,,,,IN-->MU,IN-->MU,IN-->MU,IN-->MU,IN-->MU,IN-->MU,IN-->MU,IN-->MU,IN-->MU,IN-->MU,IN-->MU,IN-->MU,IN-->MU,IN-->MU,IN-->MU,IN-->MU,IN-->MU,IN-->MU,IN-->MU
YT,MYT,Mayotte,Mamoudzou,Africa,Eastern Africa,,YT-->IN,YT-->IN,YT-->IN,YT-->IN,YT-->IN,YT-->IN,YT-->IN,YT-->IN,YT-->IN,YT-->IN,YT-->IN,YT-->IN,YT-->IN,YT-->IN,YT-->IN,YT-->IN,YT-->IN,YT-->IN,YT-->IN,,,,,,,,,,,,,,,,,IN-->YT,IN-->YT,IN-->YT,IN-->YT,IN-->YT,IN-->YT,IN-->YT,IN-->YT,IN-->YT,IN-->YT,IN-->YT,IN-->YT,IN-->YT,IN-->YT,IN-->YT,IN-->YT,IN-->YT,IN-->YT,IN-->YT
MX,MEX,Mexico,Mexico City,Americas,Central America,,MX-->IN,MX-->IN,MX-->IN,MX-->IN,MX-->IN,MX-->IN,MX-->IN,MX-->IN,MX-->IN,MX-->IN,MX-->IN,MX-->IN,MX-->IN,MX-->IN,MX-->IN,MX-->IN,MX-->IN,MX-->IN,MX-->IN,,,,,,,,,,,,,,,,,IN-->MX,IN-->MX,IN-->MX,IN-->MX,IN-->MX,IN-->MX,IN-->MX,IN-->MX,IN-->MX,IN-->MX,IN-->MX,IN-->MX,IN-->MX,IN-->MX,IN-->MX,IN-->MX,IN-->MX,IN-->MX,IN-->MX
FM,FSM,Federated States of Micronesia,Palikir,Oceania,Micronesia,,FM-->IN,FM-->IN,FM-->IN,FM-->IN,FM-->IN,FM-->IN,FM-->IN,FM-->IN,FM-->IN,FM-->IN,FM-->IN,FM-->IN,FM-->IN,FM-->IN,FM-->IN,FM-->IN,FM-->IN,FM-->IN,FM-->IN,,,,,,,,,,,,,,,,,IN-->FM,IN-->FM,IN-->FM,IN-->FM,IN-->FM,IN-->FM,IN-->FM,IN-->FM,IN-->FM,IN-->FM,IN-->FM,IN-->FM,IN-->FM,IN-->FM,IN-->FM,IN-->FM,IN-->FM,IN-->FM,IN-->FM
MD,MDA,Moldova,Chișinău,Europe,Eastern Europe,,MD-->IN,MD-->IN,MD-->IN,MD-->IN,MD-->IN,MD-->IN,MD-->IN,MD-->IN,MD-->IN,MD-->IN,MD-->IN,MD-->IN,MD-->IN,MD-->IN,MD-->IN,MD-->IN,MD-->IN,MD-->IN,MD-->IN,,,,,,,,,,,,,,,,,IN-->MD,IN-->MD,IN-->MD,IN-->MD,IN-->MD,IN-->MD,IN-->MD,IN-->MD,IN-->MD,IN-->MD,IN-->MD,IN-->MD,IN-->MD,IN-->MD,IN-->MD,IN-->MD,IN-->MD,IN-->MD,IN-->MD
MC,MCO,Monaco,Monaco,Europe,Western Europe,,MC-->IN,MC-->IN,MC-->IN,MC-->IN,MC-->IN,MC-->IN,MC-->IN,MC-->IN,MC-->IN,MC-->IN,MC-->IN,MC-->IN,MC-->IN,MC-->IN,MC-->IN,MC-->IN,MC-->IN,MC-->IN,MC-->IN,,,,,,,,,,,,,,,,,IN-->MC,IN-->MC,IN-->MC,IN-->MC,IN-->MC,IN-->MC,IN-->MC,IN-->MC,IN-->MC,IN-->MC,IN-->MC,IN-->MC,IN-->MC,IN-->MC,IN-->MC,IN-->MC,IN-->MC,IN-->MC,IN-->MC
MN,MNG,Mongolia,Ulan Bator,Asia,Eastern Asia,,MN-->IN,MN-->IN,MN-->IN,MN-->IN,MN-->IN,MN-->IN,MN-->IN,MN-->IN,MN-->IN,MN-->IN,MN-->IN,MN-->IN,MN-->IN,MN-->IN,MN-->IN,MN-->IN,MN-->IN,MN-->IN,MN-->IN,,,,,,,,,,,,,,,,,IN-->MN,IN-->MN,IN-->MN,IN-->MN,IN-->MN,IN-->MN,IN-->MN,IN-->MN,IN-->MN,IN-->MN,IN-->MN,IN-->MN,IN-->MN,IN-->MN,IN-->MN,IN-->MN,IN-->MN,IN-->MN,IN-->MN
ME,MNE,Montenegro,Podgorica,Europe,Southern Europe,,ME-->IN,ME-->IN,ME-->IN,ME-->IN,ME-->IN,ME-->IN,ME-->IN,ME-->IN,ME-->IN,ME-->IN,ME-->IN,ME-->IN,ME-->IN,ME-->IN,ME-->IN,ME-->IN,ME-->IN,ME-->IN,ME-->IN,,,,,,,,,,,,,,,,,IN-->ME,IN-->ME,IN-->ME,IN-->ME,IN-->ME,IN-->ME,IN-->ME,IN-->ME,IN-->ME,IN-->ME,IN-->ME,IN-->ME,IN-->ME,IN-->ME,IN-->ME,IN-->ME,IN-->ME,IN-->ME,IN-->ME
MS,MSR,Montserrat,Plymouth,Americas,Caribbean,,MS-->IN,MS-->IN,MS-->IN,MS-->IN,MS-->IN,MS-->IN,MS-->IN,MS-->IN,MS-->IN,MS-->IN,MS-->IN,MS-->IN,MS-->IN,MS-->IN,MS-->IN,MS-->IN,MS-->IN,MS-->IN,MS-->IN,,,,,,,,,,,,,,,,,IN-->MS,IN-->MS,IN-->MS,IN-->MS,IN-->MS,IN-->MS,IN-->MS,IN-->MS,IN-->MS,IN-->MS,IN-->MS,IN-->MS,IN-->MS,IN-->MS,IN-->MS,IN-->MS,IN-->MS,IN-->MS,IN-->MS
MA,MAR,Morocco,Rabat,Africa,Northern Africa,,MA-->IN,MA-->IN,MA-->IN,MA-->IN,MA-->IN,MA-->IN,MA-->IN,MA-->IN,MA-->IN,MA-->IN,MA-->IN,MA-->IN,MA-->IN,MA-->IN,MA-->IN,MA-->IN,MA-->IN,MA-->IN,MA-->IN,,,,,,,,,,,,,,,,,IN-->MA,IN-->MA,IN-->MA,IN-->MA,IN-->MA,IN-->MA,IN-->MA,IN-->MA,IN-->MA,IN-->MA,IN-->MA,IN-->MA,IN-->MA,IN-->MA,IN-->MA,IN-->MA,IN-->MA,IN-->MA,IN-->MA
MZ,MOZ,Mozambique,Maputo,Africa,Eastern Africa,,MZ-->IN,MZ-->IN,MZ-->IN,MZ-->IN,MZ-->IN,MZ-->IN,MZ-->IN,MZ-->IN,MZ-->IN,MZ-->IN,MZ-->IN,MZ-->IN,MZ-->IN,MZ-->IN,MZ-->IN,MZ-->IN,MZ-->IN,MZ-->IN,MZ-->IN,,,,,,,,,,,,,,,,,IN-->MZ,IN-->MZ,IN-->MZ,IN-->MZ,IN-->MZ,IN-->MZ,IN-->MZ,IN-->MZ,IN-->MZ,IN-->MZ,IN-->MZ,IN-->MZ,IN-->MZ,IN-->MZ,IN-->MZ,IN-->MZ,IN-->MZ,IN-->MZ,IN-->MZ
MM,MMR,Myanmar,Naypyidaw,Asia,South-Eastern Asia,,MM-->IN,MM-->IN,MM-->IN,MM-->IN,MM-->IN,MM-->IN,MM-->IN,MM-->IN,MM-->IN,MM-->IN,MM-->IN,MM-->IN,MM-->IN,MM-->IN,MM-->IN,MM-->IN,MM-->IN,MM-->IN,MM-->IN,,,,,,,,,,,,,,,,,IN-->MM,IN-->MM,IN-->MM,IN-->MM,IN-->MM,IN-->MM,IN-->MM,IN-->MM,IN-->MM,IN-->MM,IN-->MM,IN-->MM,IN-->MM,IN-->MM,IN-->MM,IN-->MM,IN-->MM,IN-->MM,IN-->MM
,NAM,Namibia,Windhoek,Africa,Southern Africa,,NA-->IN,NA-->IN,NA-->IN,NA-->IN,NA-->IN,NA-->IN,NA-->IN,NA-->IN,NA-->IN,NA-->IN,NA-->IN,NA-->IN,NA-->IN,NA-->IN,NA-->IN,NA-->IN,NA-->IN,NA-->IN,NA-->IN,,,,,,,,,,,,,,,,,IN-->NA,IN-->NA,IN-->NA,IN-->NA,IN-->NA,IN-->NA,IN-->NA,IN-->NA,IN-->NA,IN-->NA,IN-->NA,IN-->NA,IN-->NA,IN-->NA,IN-->NA,IN-->NA,IN-->NA,IN-->NA,IN-->NA
NR,NRU,Nauru,Yaren,Oceania,Micronesia,,NR-->IN,NR-->IN,NR-->IN,NR-->IN,NR-->IN,NR-->IN,NR-->IN,NR-->IN,NR-->IN,NR-->IN,NR-->IN,NR-->IN,NR-->IN,NR-->IN,NR-->IN,NR-->IN,NR-->IN,NR-->IN,NR-->IN,,,,,,,,,,,,,,,,,IN-->NR,IN-->NR,IN-->NR,IN-->NR,IN-->NR,IN-->NR,IN-->NR,IN-->NR,IN-->NR,IN-->NR,IN-->NR,IN-->NR,IN-->NR,IN-->NR,IN-->NR,IN-->NR,IN-->NR,IN-->NR,IN-->NR
NP,NPL,Nepal,Kathmandu,Asia,Southern Asia,,NP-->IN,NP-->IN,NP-->IN,NP-->IN,NP-->IN,NP-->IN,NP-->IN,NP-->IN,NP-->IN,NP-->IN,NP-->IN,NP-->IN,NP-->IN,NP-->IN,NP-->IN,NP-->IN,NP-->IN,NP-->IN,NP-->IN,,,,,,,,,,,,,,,,,IN-->NP,IN-->NP,IN-->NP,IN-->NP,IN-->NP,IN-->NP,IN-->NP,IN-->NP,IN-->NP,IN-->NP,IN-->NP,IN-->NP,IN-->NP,IN-->NP,IN-->NP,IN-->NP,IN-->NP,IN-->NP,IN-->NP
NL,NLD,Netherlands,Amsterdam,Europe,Western Europe,,NL-->IN,NL-->IN,NL-->IN,NL-->IN,NL-->IN,NL-->IN,NL-->IN,NL-->IN,NL-->IN,NL-->IN,NL-->IN,NL-->IN,NL-->IN,NL-->IN,NL-->IN,NL-->IN,NL-->IN,NL-->IN,NL-->IN,,,,,,,,,,,,,,,,,IN-->NL,IN-->NL,IN-->NL,IN-->NL,IN-->NL,IN-->NL,IN-->NL,IN-->NL,IN-->NL,IN-->NL,IN-->NL,IN-->NL,IN-->NL,IN-->NL,IN-->NL,IN-->NL,IN-->NL,IN-->NL,IN-->NL
NC,NCL,New Caledonia,Nouméa,Oceania,Melanesia,,NC-->IN,NC-->IN,NC-->IN,NC-->IN,NC-->IN,NC-->IN,NC-->IN,NC-->IN,NC-->IN,NC-->IN,NC-->IN,NC-->IN,NC-->IN,NC-->IN,NC-->IN,NC-->IN,NC-->IN,NC-->IN,NC-->IN,,,,,,,,,,,,,,,,,IN-->NC,IN-->NC,IN-->NC,IN-->NC,IN-->NC,IN-->NC,IN-->NC,IN-->NC,IN-->NC,IN-->NC,IN-->NC,IN-->NC,IN-->NC,IN-->NC,IN-->NC,IN-->NC,IN-->NC,IN-->NC,IN-->NC
NZ,NZL,New Zealand,Wellington,Oceania,Australia and New Zealand,,NZ-->IN,NZ-->IN,NZ-->IN,NZ-->IN,NZ-->IN,NZ-->IN,NZ-->IN,NZ-->IN,NZ-->IN,NZ-->IN,NZ-->IN,NZ-->IN,NZ-->IN,NZ-->IN,NZ-->IN,NZ-->IN,NZ-->IN,NZ-->IN,NZ-->IN,,,,,,,,,,,,,,,,,IN-->NZ,IN-->NZ,IN-->NZ,IN-->NZ,IN-->NZ,IN-->NZ,IN-->NZ,IN-->NZ,IN-->NZ,IN-->NZ,IN-->NZ,IN-->NZ,IN-->NZ,IN-->NZ,IN-->NZ,IN-->NZ,IN-->NZ,IN-->NZ,IN-->NZ
NI,NIC,Nicaragua,Managua,Americas,Central America,,NI-->IN,NI-->IN,NI-->IN,NI-->IN,NI-->IN,NI-->IN,NI-->IN,NI-->IN,NI-->IN,NI-->IN,NI-->IN,NI-->IN,NI-->IN,NI-->IN,NI-->IN,NI-->IN,NI-->IN,NI-->IN,NI-->IN,,,,,,,,,,,,,,,,,IN-->NI,IN-->NI,IN-->NI,IN-->NI,IN-->NI,IN-->NI,IN-->NI,IN-->NI,IN-->NI,IN-->NI,IN-->NI,IN-->NI,IN-->NI,IN-->NI,IN-->NI,IN-->NI,IN-->NI,IN-->NI,IN-->NI
NE,NER,Niger,Niamey,Africa,Western Africa,,NE-->IN,NE-->IN,NE-->IN,NE-->IN,NE-->IN,NE-->IN,NE-->IN,NE-->IN,NE-->IN,NE-->IN,NE-->IN,NE-->IN,NE-->IN,NE-->IN,NE-->IN,NE-->IN,NE-->IN,NE-->IN,NE-->IN,,,,,,,,,,,,,,,,,IN-->NE,IN-->NE,IN-->NE,IN-->NE,IN-->NE,IN-->NE,IN-->NE,IN-->NE,IN-->NE,IN-->NE,IN-->NE,IN-->NE,IN-->NE,IN-->NE,IN-->NE,IN-->NE,IN-->NE,IN-->NE,IN-->NE
NG,NGA,Nigeria,Abuja,Africa,Western Africa,,NG-->IN,NG-->IN,NG-->IN,NG-->IN,NG-->IN,NG-->IN,NG-->IN,NG-->IN,NG-->IN,NG-->IN,NG-->IN,NG-->IN,NG-->IN,NG-->IN,NG-->IN,NG-->IN,NG-->IN,NG-->IN,NG-->IN,,,,,,,,,,,,,,,,,IN-->NG,IN-->NG,IN-->NG,IN-->NG,IN-->NG,IN-->NG,IN-->NG,IN-->NG,IN-->NG,IN-->NG,IN-->NG,IN-->NG,IN-->NG,IN-->NG,IN-->NG,IN-->NG,IN-->NG,IN-->NG,IN-->NG
NU,NIU,Niue,Alofi,Oceania,Polynesia,,NU-->IN,NU-->IN,NU-->IN,NU-->IN,NU-->IN,NU-->IN,NU-->IN,NU-->IN,NU-->IN,NU-->IN,NU-->IN,NU-->IN,NU-->IN,NU-->IN,NU-->IN,NU-->IN,NU-->IN,NU-->IN,NU-->IN,,,,,,,,,,,,,,,,,IN-->NU,IN-->NU,IN-->NU,IN-->NU,IN-->NU,IN-->NU,IN-->NU,IN-->NU,IN-->NU,IN-->NU,IN-->NU,IN-->NU,IN-->NU,IN-->NU,IN-->NU,IN-->NU,IN-->NU,IN-->NU,IN-->NU
NF,NFK,Norfolk Island,Kingston,Oceania,Australia and New Zealand,,NF-->IN,NF-->IN,NF-->IN,NF-->IN,NF-->IN,NF-->IN,NF-->IN,NF-->IN,NF-->IN,NF-->IN,NF-->IN,NF-->IN,NF-->IN,NF-->IN,NF-->IN,NF-->IN,NF-->IN,NF-->IN,NF-->IN,,,,,,,,,,,,,,,,,IN-->NF,IN-->NF,IN-->NF,IN-->NF,IN-->NF,IN-->NF,IN-->NF,IN-->NF,IN-->NF,IN-->NF,IN-->NF,IN-->NF,IN-->NF,IN-->NF,IN-->NF,IN-->NF,IN-->NF,IN-->NF,IN-->NF
KP,PRK,North Korea,Pyongyang,Asia,Eastern Asia,,KP-->IN,KP-->IN,KP-->IN,KP-->IN,KP-->IN,KP-->IN,KP-->IN,KP-->IN,KP-->IN,KP-->IN,KP-->IN,KP-->IN,KP-->IN,KP-->IN,KP-->IN,KP-->IN,KP-->IN,KP-->IN,KP-->IN,,,,,,,,,,,,,,,,,IN-->KP,IN-->KP,IN-->KP,IN-->KP,IN-->KP,IN-->KP,IN-->KP,IN-->KP,IN-->KP,IN-->KP,IN-->KP,IN-->KP,IN-->KP,IN-->KP,IN-->KP,IN-->KP,IN-->KP,IN-->KP,IN-->KP
MP,MNP,Northern Mariana Islands,Saipan,Oceania,Micronesia,,MP-->IN,MP-->IN,MP-->IN,MP-->IN,MP-->IN,MP-->IN,MP-->IN,MP-->IN,MP-->IN,MP-->IN,MP-->IN,MP-->IN,MP-->IN,MP-->IN,MP-->IN,MP-->IN,MP-->IN,MP-->IN,MP-->IN,,,,,,,,,,,,,,,,,IN-->MP,IN-->MP,IN-->MP,IN-->MP,IN-->MP,IN-->MP,IN-->MP,IN-->MP,IN-->MP,IN-->MP,IN-->MP,IN-->MP,IN-->MP,IN-->MP,IN-->MP,IN-->MP,IN-->MP,IN-->MP,IN-->MP
NO,NOR,Norway,Oslo,Europe,Northern Europe,,NO-->IN,NO-->IN,NO-->IN,NO-->IN,NO-->IN,NO-->IN,NO-->IN,NO-->IN,NO-->IN,NO-->IN,NO-->IN,NO-->IN,NO-->IN,NO-->IN,NO-->IN,NO-->IN,NO-->IN,NO-->IN,NO-->IN,,,,,,,,,,,,,,,,,IN-->NO,IN-->NO,IN-->NO,IN-->NO,IN-->NO,IN-->NO,IN-->NO,IN-->NO,IN-->NO,IN-->NO,IN-->NO,IN-->NO,IN-->NO,IN-->NO,IN-->NO,IN-->NO,IN-->NO,IN-->NO,IN-->NO
OM,OMN,Oman,Muscat,Asia,Western Asia,,OM-->IN,OM-->IN,OM-->IN,OM-->IN,OM-->IN,OM-->IN,OM-->IN,OM-->IN,OM-->IN,OM-->IN,OM-->IN,OM-->IN,OM-->IN,OM-->IN,OM-->IN,OM-->IN,OM-->IN,OM-->IN,OM-->IN,,,,,,,,,,,,,,,,,IN-->OM,IN-->OM,IN-->OM,IN-->OM,IN-->OM,IN-->OM,IN-->OM,IN-->OM,IN-->OM,IN-->OM,IN-->OM,IN-->OM,IN-->OM,IN-->OM,IN-->OM,IN-->OM,IN-->OM,IN-->OM,IN-->OM
PK,PAK,Pakistan,Islamabad,Asia,Southern Asia,,PK-->IN,PK-->IN,PK-->IN,PK-->IN,PK-->IN,PK-->IN,PK-->IN,PK-->IN,PK-->IN,PK-->IN,PK-->IN,PK-->IN,PK-->IN,PK-->IN,PK-->IN,PK-->IN,PK-->IN,PK-->IN,PK-->IN,,,,,,,,,,,,,,,,,IN-->PK,IN-->PK,IN-->PK,IN-->PK,IN-->PK,IN-->PK,IN-->PK,IN-->PK,IN-->PK,IN-->PK,IN-->PK,IN-->PK,IN-->PK,IN-->PK,IN-->PK,IN-->PK,IN-->PK,IN-->PK,IN-->PK
PW,PLW,Palau,Ngerulmud,Oceania,Micronesia,,PW-->IN,PW-->IN,PW-->IN,PW-->IN,PW-->IN,PW-->IN,PW-->IN,PW-->IN,PW-->IN,PW-->IN,PW-->IN,PW-->IN,PW-->IN,PW-->IN,PW-->IN,PW-->IN,PW-->IN,PW-->IN,PW-->IN,,,,,,,,,,,,,,,,,IN-->PW,IN-->PW,IN-->PW,IN-->PW,IN-->PW,IN-->PW,IN-->PW,IN-->PW,IN-->PW,IN-->PW,IN-->PW,IN-->PW,IN-->PW,IN-->PW,IN-->PW,IN-->PW,IN-->PW,IN-->PW,IN-->PW
PS,PSE,Palestine,Ramallah,Asia,Western Asia,,PS-->IN,PS-->IN,PS-->IN,PS-->IN,PS-->IN,PS-->IN,PS-->IN,PS-->IN,PS-->IN,PS-->IN,PS-->IN,PS-->IN,PS-->IN,PS-->IN,PS-->IN,PS-->IN,PS-->IN,PS-->IN,PS-->IN,,,,,,,,,,,,,,,,,IN-->PS,IN-->PS,IN-->PS,IN-->PS,IN-->PS,IN-->PS,IN-->PS,IN-->PS,IN-->PS,IN-->PS,IN-->PS,IN-->PS,IN-->PS,IN-->PS,IN-->PS,IN-->PS,IN-->PS,IN-->PS,IN-->PS
PA,PAN,Panama,Panama City,Americas,Central America,,PA-->IN,PA-->IN,PA-->IN,PA-->IN,PA-->IN,PA-->IN,PA-->IN,PA-->IN,PA-->IN,PA-->IN,PA-->IN,PA-->IN,PA-->IN,PA-->IN,PA-->IN,PA-->IN,PA-->IN,PA-->IN,PA-->IN,,,,,,,,,,,,,,,,,IN-->PA,IN-->PA,IN-->PA,IN-->PA,IN-->PA,IN-->PA,IN-->PA,IN-->PA,IN-->PA,IN-->PA,IN-->PA,IN-->PA,IN-->PA,IN-->PA,IN-->PA,IN-->PA,IN-->PA,IN-->PA,IN-->PA
PG,PNG,Papua New Guinea,Port Moresby,Oceania,Melanesia,,PG-->IN,PG-->IN,PG-->IN,PG-->IN,PG-->IN,PG-->IN,PG-->IN,PG-->IN,PG-->IN,PG-->IN,PG-->IN,PG-->IN,PG-->IN,PG-->IN,PG-->IN,PG-->IN,PG-->IN,PG-->IN,PG-->IN,,,,,,,,,,,,,,,,,IN-->PG,IN-->PG,IN-->PG,IN-->PG,IN-->PG,IN-->PG,IN-->PG,IN-->PG,IN-->PG,IN-->PG,IN-->PG,IN-->PG,IN-->PG,IN-->PG,IN-->PG,IN-->PG,IN-->PG,IN-->PG,IN-->PG
PY,PRY,Paraguay,Asunción,Americas,South America,,PY-->IN,PY-->IN,PY-->IN,PY-->IN,PY-->IN,PY-->IN,PY-->IN,PY-->IN,PY-->IN,PY-->IN,PY-->IN,PY-->IN,PY-->IN,PY-->IN,PY-->IN,PY-->IN,PY-->IN,PY-->IN,PY-->IN,,,,,,,,,,,,,,,,,IN-->PY,IN-->PY,IN-->PY,IN-->PY,IN-->PY,IN-->PY,IN-->PY,IN-->PY,IN-->PY,IN-->PY,IN-->PY,IN-->PY,IN-->PY,IN-->PY,IN-->PY,IN-->PY,IN-->PY,IN-->PY,IN-->PY
PE,PER,Peru,Lima,Americas,South America,,PE-->IN,PE-->IN,PE-->IN,PE-->IN,PE-->IN,PE-->IN,PE-->IN,PE-->IN,PE-->IN,PE-->IN,PE-->IN,PE-->IN,PE-->IN,PE-->IN,PE-->IN,PE-->IN,PE-->IN,PE-->IN,PE-->IN,,,,,,,,,,,,,,,,,IN-->PE,IN-->PE,IN-->PE,IN-->PE,IN-->PE,IN-->PE,IN-->PE,IN-->PE,IN-->PE,IN-->PE,IN-->PE,IN-->PE,IN-->PE,IN-->PE,IN-->PE,IN-->PE,IN-->PE,IN-->PE,IN-->PE
PH,PHL,Philippines,Manila,Asia,South-Eastern Asia,,PH-->IN,PH-->IN,PH-->IN,PH-->IN,PH-->IN,PH-->IN,PH-->IN,PH-->IN,PH-->IN,PH-->IN,PH-->IN,PH-->IN,PH-->IN,PH-->IN,PH-->IN,PH-->IN,PH-->IN,PH-->IN,PH-->IN,,,,,,,,,,,,,,,,,IN-->PH,IN-->PH,IN-->PH,IN-->PH,IN-->PH,IN-->PH,IN-->PH,IN-->PH,IN-->PH,IN-->PH,IN-->PH,IN-->PH,IN-->PH,IN-->PH,IN-->PH,IN-->PH,IN-->PH,IN-->PH,IN-->PH
PN,PCN,Pitcairn Islands,Adamstown,Oceania,Polynesia,,PN-->IN,PN-->IN,PN-->IN,PN-->IN,PN-->IN,PN-->IN,PN-->IN,PN-->IN,PN-->IN,PN-->IN,PN-->IN,PN-->IN,PN-->IN,PN-->IN,PN-->IN,PN-->IN,PN-->IN,PN-->IN,PN-->IN,,,,,,,,,,,,,,,,,IN-->PN,IN-->PN,IN-->PN,IN-->PN,IN-->PN,IN-->PN,IN-->PN,IN-->PN,IN-->PN,IN-->PN,IN-->PN,IN-->PN,IN-->PN,IN-->PN,IN-->PN,IN-->PN,IN-->PN,IN-->PN,IN-->PN
PL,POL,Poland,Warsaw,Europe,Eastern Europe,,PL-->IN,PL-->IN,PL-->IN,PL-->IN,PL-->IN,PL-->IN,PL-->IN,PL-->IN,PL-->IN,PL-->IN,PL-->IN,PL-->IN,PL-->IN,PL-->IN,PL-->IN,PL-->IN,PL-->IN,PL-->IN,PL-->IN,,,,,,,,,,,,,,,,,IN-->PL,IN-->PL,IN-->PL,IN-->PL,IN-->PL,IN-->PL,IN-->PL,IN-->PL,IN-->PL,IN-->PL,IN-->PL,IN-->PL,IN-->PL,IN-->PL,IN-->PL,IN-->PL,IN-->PL,IN-->PL,IN-->PL
PT,PRT,Portugal,Lisbon,Europe,Southern Europe,,PT-->IN,PT-->IN,PT-->IN,PT-->IN,PT-->IN,PT-->IN,PT-->IN,PT-->IN,PT-->IN,PT-->IN,PT-->IN,PT-->IN,PT-->IN,PT-->IN,PT-->IN,PT-->IN,PT-->IN,PT-->IN,PT-->IN,,,,,,,,,,,,,,,,,IN-->PT,IN-->PT,IN-->PT,IN-->PT,IN-->PT,IN-->PT,IN-->PT,IN-->PT,IN-->PT,IN-->PT,IN-->PT,IN-->PT,IN-->PT,IN-->PT,IN-->PT,IN-->PT,IN-->PT,IN-->PT,IN-->PT
PR,PRI,Puerto Rico,San Juan,Americas,Caribbean,,PR-->IN,PR-->IN,PR-->IN,PR-->IN,PR-->IN,PR-->IN,PR-->IN,PR-->IN,PR-->IN,PR-->IN,PR-->IN,PR-->IN,PR-->IN,PR-->IN,PR-->IN,PR-->IN,PR-->IN,PR-->IN,PR-->IN,,,,,,,,,,,,,,,,,IN-->PR,IN-->PR,IN-->PR,IN-->PR,IN-->PR,IN-->PR,IN-->PR,IN-->PR,IN-->PR,IN-->PR,IN-->PR,IN-->PR,IN-->PR,IN-->PR,IN-->PR,IN-->PR,IN-->PR,IN-->PR,IN-->PR
QA,QAT,Qatar,Doha,Asia,Western Asia,,QA-->IN,QA-->IN,QA-->IN,QA-->IN,QA-->IN,QA-->IN,QA-->IN,QA-->IN,QA-->IN,QA-->IN,QA-->IN,QA-->IN,QA-->IN,QA-->IN,QA-->IN,QA-->IN,QA-->IN,QA-->IN,QA-->IN,,,,,,,,,,,,,,,,,IN-->QA,IN-->QA,IN-->QA,IN-->QA,IN-->QA,IN-->QA,IN-->QA,IN-->QA,IN-->QA,IN-->QA,IN-->QA,IN-->QA,IN-->QA,IN-->QA,IN-->QA,IN-->QA,IN-->QA,IN-->QA,IN-->QA
XK,KOS,Republic of Kosovo,Pristina,Europe,Eastern Europe,,XK-->IN,XK-->IN,XK-->IN,XK-->IN,XK-->IN,XK-->IN,XK-->IN,XK-->IN,XK-->IN,XK-->IN,XK-->IN,XK-->IN,XK-->IN,XK-->IN,XK-->IN,XK-->IN,XK-->IN,XK-->IN,XK-->IN,,,,,,,,,,,,,,,,,IN-->XK,IN-->XK,IN-->XK,IN-->XK,IN-->XK,IN-->XK,IN-->XK,IN-->XK,IN-->XK,IN-->XK,IN-->XK,IN-->XK,IN-->XK,IN-->XK,IN-->XK,IN-->XK,IN-->XK,IN-->XK,IN-->XK
RE,REU,Réunion,Saint-Denis,Africa,Eastern Africa,,RE-->IN,RE-->IN,RE-->IN,RE-->IN,RE-->IN,RE-->IN,RE-->IN,RE-->IN,RE-->IN,RE-->IN,RE-->IN,RE-->IN,RE-->IN,RE-->IN,RE-->IN,RE-->IN,RE-->IN,RE-->IN,RE-->IN,,,,,,,,,,,,,,,,,IN-->RE,IN-->RE,IN-->RE,IN-->RE,IN-->RE,IN-->RE,IN-->RE,IN-->RE,IN-->RE,IN-->RE,IN-->RE,IN-->RE,IN-->RE,IN-->RE,IN-->RE,IN-->RE,IN-->RE,IN-->RE,IN-->RE
RO,ROU,Romania,Bucharest,Europe,Eastern Europe,,RO-->IN,RO-->IN,RO-->IN,RO-->IN,RO-->IN,RO-->IN,RO-->IN,RO-->IN,RO-->IN,RO-->IN,RO-->IN,RO-->IN,RO-->IN,RO-->IN,RO-->IN,RO-->IN,RO-->IN,RO-->IN,RO-->IN,,,,,,,,,,,,,,,,,IN-->RO,IN-->RO,IN-->RO,IN-->RO,IN-->RO,IN-->RO,IN-->RO,IN-->RO,IN-->RO,IN-->RO,IN-->RO,IN-->RO,IN-->RO,IN-->RO,IN-->RO,IN-->RO,IN-->RO,IN-->RO,IN-->RO
RU,RUS,Russia,Moscow,Europe,Eastern Europe,,RU-->IN,RU-->IN,RU-->IN,RU-->IN,RU-->IN,RU-->IN,RU-->IN,RU-->IN,RU-->IN,RU-->IN,RU-->IN,RU-->IN,RU-->IN,RU-->IN,RU-->IN,RU-->IN,RU-->IN,RU-->IN,RU-->IN,,,,,,,,,,,,,,,,,IN-->RU,IN-->RU,IN-->RU,IN-->RU,IN-->RU,IN-->RU,IN-->RU,IN-->RU,IN-->RU,IN-->RU,IN-->RU,IN-->RU,IN-->RU,IN-->RU,IN-->RU,IN-->RU,IN-->RU,IN-->RU,IN-->RU
RW,RWA,Rwanda,Kigali,Africa,Eastern Africa,,RW-->IN,RW-->IN,RW-->IN,RW-->IN,RW-->IN,RW-->IN,RW-->IN,RW-->IN,RW-->IN,RW-->IN,RW-->IN,RW-->IN,RW-->IN,RW-->IN,RW-->IN,RW-->IN,RW-->IN,RW-->IN,RW-->IN,,,,,,,,,,,,,,,,,IN-->RW,IN-->RW,IN-->RW,IN-->RW,IN-->RW,IN-->RW,IN-->RW,IN-->RW,IN-->RW,IN-->RW,IN-->RW,IN-->RW,IN-->RW,IN-->RW,IN-->RW,IN-->RW,IN-->RW,IN-->RW,IN-->RW
BL,BLM,Saint Barthélemy,Gustavia,Americas,Caribbean,,BL-->IN,BL-->IN,BL-->IN,BL-->IN,BL-->IN,BL-->IN,BL-->IN,BL-->IN,BL-->IN,BL-->IN,BL-->IN,BL-->IN,BL-->IN,BL-->IN,BL-->IN,BL-->IN,BL-->IN,BL-->IN,BL-->IN,,,,,,,,,,,,,,,,,IN-->BL,IN-->BL,IN-->BL,IN-->BL,IN-->BL,IN-->BL,IN-->BL,IN-->BL,IN-->BL,IN-->BL,IN-->BL,IN-->BL,IN-->BL,IN-->BL,IN-->BL,IN-->BL,IN-->BL,IN-->BL,IN-->BL
SH,SHN,Saint Helena,Jamestown,Africa,Western Africa,,SH-->IN,SH-->IN,SH-->IN,SH-->IN,SH-->IN,SH-->IN,SH-->IN,SH-->IN,SH-->IN,SH-->IN,SH-->IN,SH-->IN,SH-->IN,SH-->IN,SH-->IN,SH-->IN,SH-->IN,SH-->IN,SH-->IN,,,,,,,,,,,,,,,,,IN-->SH,IN-->SH,IN-->SH,IN-->SH,IN-->SH,IN-->SH,IN-->SH,IN-->SH,IN-->SH,IN-->SH,IN-->SH,IN-->SH,IN-->SH,IN-->SH,IN-->SH,IN-->SH,IN-->SH,IN-->SH,IN-->SH
KN,KNA,Saint Kitts and Nevis,Basseterre,Americas,Caribbean,,KN-->IN,KN-->IN,KN-->IN,KN-->IN,KN-->IN,KN-->IN,KN-->IN,KN-->IN,KN-->IN,KN-->IN,KN-->IN,KN-->IN,KN-->IN,KN-->IN,KN-->IN,KN-->IN,KN-->IN,KN-->IN,KN-->IN,,,,,,,,,,,,,,,,,IN-->KN,IN-->KN,IN-->KN,IN-->KN,IN-->KN,IN-->KN,IN-->KN,IN-->KN,IN-->KN,IN-->KN,IN-->KN,IN-->KN,IN-->KN,IN-->KN,IN-->KN,IN-->KN,IN-->KN,IN-->KN,IN-->KN
LC,LCA,Saint Lucia,Castries,Americas,Caribbean,,LC-->IN,LC-->IN,LC-->IN,LC-->IN,LC-->IN,LC-->IN,LC-->IN,LC-->IN,LC-->IN,LC-->IN,LC-->IN,LC-->IN,LC-->IN,LC-->IN,LC-->IN,LC-->IN,LC-->IN,LC-->IN,LC-->IN,,,,,,,,,,,,,,,,,IN-->LC,IN-->LC,IN-->LC,IN-->LC,IN-->LC,IN-->LC,IN-->LC,IN-->LC,IN-->LC,IN-->LC,IN-->LC,IN-->LC,IN-->LC,IN-->LC,IN-->LC,IN-->LC,IN-->LC,IN-->LC,IN-->LC
MF,MAF,Saint Martin,Marigot,Americas,Caribbean,,MF-->IN,MF-->IN,MF-->IN,MF-->IN,MF-->IN,MF-->IN,MF-->IN,MF-->IN,MF-->IN,MF-->IN,MF-->IN,MF-->IN,MF-->IN,MF-->IN,MF-->IN,MF-->IN,MF-->IN,MF-->IN,MF-->IN,,,,,,,,,,,,,,,,,IN-->MF,IN-->MF,IN-->MF,IN-->MF,IN-->MF,IN-->MF,IN-->MF,IN-->MF,IN-->MF,IN-->MF,IN-->MF,IN-->MF,IN-->MF,IN-->MF,IN-->MF,IN-->MF,IN-->MF,IN-->MF,IN-->MF
PM,SPM,Saint Pierre and Miquelon,Saint-Pierre,Americas,Northern America,,PM-->IN,PM-->IN,PM-->IN,PM-->IN,PM-->IN,PM-->IN,PM-->IN,PM-->IN,PM-->IN,PM-->IN,PM-->IN,PM-->IN,PM-->IN,PM-->IN,PM-->IN,PM-->IN,PM-->IN,PM-->IN,PM-->IN,,,,,,,,,,,,,,,,,IN-->PM,IN-->PM,IN-->PM,IN-->PM,IN-->PM,IN-->PM,IN-->PM,IN-->PM,IN-->PM,IN-->PM,IN-->PM,IN-->PM,IN-->PM,IN-->PM,IN-->PM,IN-->PM,IN-->PM,IN-->PM,IN-->PM
VC,VCT,Saint Vincent and the Grenadines,Kingstown,Americas,Caribbean,,VC-->IN,VC-->IN,VC-->IN,VC-->IN,VC-->IN,VC-->IN,VC-->IN,VC-->IN,VC-->IN,VC-->IN,VC-->IN,VC-->IN,VC-->IN,VC-->IN,VC-->IN,VC-->IN,VC-->IN,VC-->IN,VC-->IN,,,,,,,,,,,,,,,,,IN-->VC,IN-->VC,IN-->VC,IN-->VC,IN-->VC,IN-->VC,IN-->VC,IN-->VC,IN-->VC,IN-->VC,IN-->VC,IN-->VC,IN-->VC,IN-->VC,IN-->VC,IN-->VC,IN-->VC,IN-->VC,IN-->VC
WS,WSM,Samoa,Apia,Oceania,Polynesia,,WS-->IN,WS-->IN,WS-->IN,WS-->IN,WS-->IN,WS-->IN,WS-->IN,WS-->IN,WS-->IN,WS-->IN,WS-->IN,WS-->IN,WS-->IN,WS-->IN,WS-->IN,WS-->IN,WS-->IN,WS-->IN,WS-->IN,,,,,,,,,,,,,,,,,IN-->WS,IN-->WS,IN-->WS,IN-->WS,IN-->WS,IN-->WS,IN-->WS,IN-->WS,IN-->WS,IN-->WS,IN-->WS,IN-->WS,IN-->WS,IN-->WS,IN-->WS,IN-->WS,IN-->WS,IN-->WS,IN-->WS
SM,SMR,San Marino,City of San Marino,Europe,Southern Europe,,SM-->IN,SM-->IN,SM-->IN,SM-->IN,SM-->IN,SM-->IN,SM-->IN,SM-->IN,SM-->IN,SM-->IN,SM-->IN,SM-->IN,SM-->IN,SM-->IN,SM-->IN,SM-->IN,SM-->IN,SM-->IN,SM-->IN,,,,,,,,,,,,,,,,,IN-->SM,IN-->SM,IN-->SM,IN-->SM,IN-->SM,IN-->SM,IN-->SM,IN-->SM,IN-->SM,IN-->SM,IN-->SM,IN-->SM,IN-->SM,IN-->SM,IN-->SM,IN-->SM,IN-->SM,IN-->SM,IN-->SM
ST,STP,São Tomé and Príncipe,São Tomé,Africa,Middle Africa,,ST-->IN,ST-->IN,ST-->IN,ST-->IN,ST-->IN,ST-->IN,ST-->IN,ST-->IN,ST-->IN,ST-->IN,ST-->IN,ST-->IN,ST-->IN,ST-->IN,ST-->IN,ST-->IN,ST-->IN,ST-->IN,ST-->IN,,,,,,,,,,,,,,,,,IN-->ST,IN-->ST,IN-->ST,IN-->ST,IN-->ST,IN-->ST,IN-->ST,IN-->ST,IN-->ST,IN-->ST,IN-->ST,IN-->ST,IN-->ST,IN-->ST,IN-->ST,IN-->ST,IN-->ST,IN-->ST,IN-->ST
SA,SAU,Saudi Arabia,Riyadh,Asia,Western Asia,,SA-->IN,SA-->IN,SA-->IN,SA-->IN,SA-->IN,SA-->IN,SA-->IN,SA-->IN,SA-->IN,SA-->IN,SA-->IN,SA-->IN,SA-->IN,SA-->IN,SA-->IN,SA-->IN,SA-->IN,SA-->IN,SA-->IN,,,,,,,,,,,,,,,,,IN-->SA,IN-->SA,IN-->SA,IN-->SA,IN-->SA,IN-->SA,IN-->SA,IN-->SA,IN-->SA,IN-->SA,IN-->SA,IN-->SA,IN-->SA,IN-->SA,IN-->SA,IN-->SA,IN-->SA,IN-->SA,IN-->SA
SN,SEN,Senegal,Dakar,Africa,Western Africa,,SN-->IN,SN-->IN,SN-->IN,SN-->IN,SN-->IN,SN-->IN,SN-->IN,SN-->IN,SN-->IN,SN-->IN,SN-->IN,SN-->IN,SN-->IN,SN-->IN,SN-->IN,SN-->IN,SN-->IN,SN-->IN,SN-->IN,,,,,,,,,,,,,,,,,IN-->SN,IN-->SN,IN-->SN,IN-->SN,IN-->SN,IN-->SN,IN-->SN,IN-->SN,IN-->SN,IN-->SN,IN-->SN,IN-->SN,IN-->SN,IN-->SN,IN-->SN,IN-->SN,IN-->SN,IN-->SN,IN-->SN
RS,SRB,Serbia,Belgrade,Europe,Southern Europe,,RS-->IN,RS-->IN,RS-->IN,RS-->IN,RS-->IN,RS-->IN,RS-->IN,RS-->IN,RS-->IN,RS-->IN,RS-->IN,RS-->IN,RS-->IN,RS-->IN,RS-->IN,RS-->IN,RS-->IN,RS-->IN,RS-->IN,,,,,,,,,,,,,,,,,IN-->RS,IN-->RS,IN-->RS,IN-->RS,IN-->RS,IN-->RS,IN-->RS,IN-->RS,IN-->RS,IN-->RS,IN-->RS,IN-->RS,IN-->RS,IN-->RS,IN-->RS,IN-->RS,IN-->RS,IN-->RS,IN-->RS
SC,SYC,Seychelles,Victoria,Africa,Eastern Africa,,SC-->IN,SC-->IN,SC-->IN,SC-->IN,SC-->IN,SC-->IN,SC-->IN,SC-->IN,SC-->IN,SC-->IN,SC-->IN,SC-->IN,SC-->IN,SC-->IN,SC-->IN,SC-->IN,SC-->IN,SC-->IN,SC-->IN,,,,,,,,,,,,,,,,,IN-->SC,IN-->SC,IN-->SC,IN-->SC,IN-->SC,IN-->SC,IN-->SC,IN-->SC,IN-->SC,IN-->SC,IN-->SC,IN-->SC,IN-->SC,IN-->SC,IN-->SC,IN-->SC,IN-->SC,IN-->SC,IN-->SC
SL,SLE,Sierra Leone,Freetown,Africa,Western Africa,,SL-->IN,SL-->IN,SL-->IN,SL-->IN,SL-->IN,SL-->IN,SL-->IN,SL-->IN,SL-->IN,SL-->IN,SL-->IN,SL-->IN,SL-->IN,SL-->IN,SL-->IN,SL-->IN,SL-->IN,SL-->IN,SL-->IN,,,,,,,,,,,,,,,,,IN-->SL,IN-->SL,IN-->SL,IN-->SL,IN-->SL,IN-->SL,IN-->SL,IN-->SL,IN-->SL,IN-->SL,IN-->SL,IN-->SL,IN-->SL,IN-->SL,IN-->SL,IN-->SL,IN-->SL,IN-->SL,IN-->SL
SG,SGP,Singapore,Singapore,Asia,South-Eastern Asia,,SG-->IN,SG-->IN,SG-->IN,SG-->IN,SG-->IN,SG-->IN,SG-->IN,SG-->IN,SG-->IN,SG-->IN,SG-->IN,SG-->IN,SG-->IN,SG-->IN,SG-->IN,SG-->IN,SG-->IN,SG-->IN,SG-->IN,,,,,,,,,,,,,,,,,IN-->SG,IN-->SG,IN-->SG,IN-->SG,IN-->SG,IN-->SG,IN-->SG,IN-->SG,IN-->SG,IN-->SG,IN-->SG,IN-->SG,IN-->SG,IN-->SG,IN-->SG,IN-->SG,IN-->SG,IN-->SG,IN-->SG
SX,SXM,Sint Maarten,Philipsburg,Americas,Caribbean,,SX-->IN,SX-->IN,SX-->IN,SX-->IN,SX-->IN,SX-->IN,SX-->IN,SX-->IN,SX-->IN,SX-->IN,SX-->IN,SX-->IN,SX-->IN,SX-->IN,SX-->IN,SX-->IN,SX-->IN,SX-->IN,SX-->IN,,,,,,,,,,,,,,,,,IN-->SX,IN-->SX,IN-->SX,IN-->SX,IN-->SX,IN-->SX,IN-->SX,IN-->SX,IN-->SX,IN-->SX,IN-->SX,IN-->SX,IN-->SX,IN-->SX,IN-->SX,IN-->SX,IN-->SX,IN-->SX,IN-->SX
SK,SVK,Slovakia,Bratislava,Europe,Eastern Europe,,SK-->IN,SK-->IN,SK-->IN,SK-->IN,SK-->IN,SK-->IN,SK-->IN,SK-->IN,SK-->IN,SK-->IN,SK-->IN,SK-->IN,SK-->IN,SK-->IN,SK-->IN,SK-->IN,SK-->IN,SK-->IN,SK-->IN,,,,,,,,,,,,,,,,,IN-->SK,IN-->SK,IN-->SK,IN-->SK,IN-->SK,IN-->SK,IN-->SK,IN-->SK,IN-->SK,IN-->SK,IN-->SK,IN-->SK,IN-->SK,IN-->SK,IN-->SK,IN-->SK,IN-->SK,IN-->SK,IN-->SK
SI,SVN,Slovenia,Ljubljana,Europe,Southern Europe,,SI-->IN,SI-->IN,SI-->IN,SI-->IN,SI-->IN,SI-->IN,SI-->IN,SI-->IN,SI-->IN,SI-->IN,SI-->IN,SI-->IN,SI-->IN,SI-->IN,SI-->IN,SI-->IN,SI-->IN,SI-->IN,SI-->IN,,,,,,,,,,,,,,,,,IN-->SI,IN-->SI,IN-->SI,IN-->SI,IN-->SI,IN-->SI,IN-->SI,IN-->SI,IN-->SI,IN-->SI,IN-->SI,IN-->SI,IN-->SI,IN-->SI,IN-->SI,IN-->SI,IN-->SI,IN-->SI,IN-->SI
SB,SLB,Solomon Islands,Honiara,Oceania,Melanesia,,SB-->IN,SB-->IN,SB-->IN,SB-->IN,SB-->IN,SB-->IN,SB-->IN,SB-->IN,SB-->IN,SB-->IN,SB-->IN,SB-->IN,SB-->IN,SB-->IN,SB-->IN,SB-->IN,SB-->IN,SB-->IN,SB-->IN,,,,,,,,,,,,,,,,,IN-->SB,IN-->SB,IN-->SB,IN-->SB,IN-->SB,IN-->SB,IN-->SB,IN-->SB,IN-->SB,IN-->SB,IN-->SB,IN-->SB,IN-->SB,IN-->SB,IN-->SB,IN-->SB,IN-->SB,IN-->SB,IN-->SB
SO,SOM,Somalia,Mogadishu,Africa,Eastern Africa,,SO-->IN,SO-->IN,SO-->IN,SO-->IN,SO-->IN,SO-->IN,SO-->IN,SO-->IN,SO-->IN,SO-->IN,SO-->IN,SO-->IN,SO-->IN,SO-->IN,SO-->IN,SO-->IN,SO-->IN,SO-->IN,SO-->IN,,,,,,,,,,,,,,,,,IN-->SO,IN-->SO,IN-->SO,IN-->SO,IN-->SO,IN-->SO,IN-->SO,IN-->SO,IN-->SO,IN-->SO,IN-->SO,IN-->SO,IN-->SO,IN-->SO,IN-->SO,IN-->SO,IN-->SO,IN-->SO,IN-->SO
ZA,ZAF,South Africa,Pretoria,Africa,Southern Africa,,ZA-->IN,ZA-->IN,ZA-->IN,ZA-->IN,ZA-->IN,ZA-->IN,ZA-->IN,ZA-->IN,ZA-->IN,ZA-->IN,ZA-->IN,ZA-->IN,ZA-->IN,ZA-->IN,ZA-->IN,ZA-->IN,ZA-->IN,ZA-->IN,ZA-->IN,,,,,,,,,,,,,,,,,IN-->ZA,IN-->ZA,IN-->ZA,IN-->ZA,IN-->ZA,IN-->ZA,IN-->ZA,IN-->ZA,IN-->ZA,IN-->ZA,IN-->ZA,IN-->ZA,IN-->ZA,IN-->ZA,IN-->ZA,IN-->ZA,IN-->ZA,IN-->ZA,IN-->ZA
GS,SGS,South Georgia,King Edward Point,Americas,South America,,GS-->IN,GS-->IN,GS-->IN,GS-->IN,GS-->IN,GS-->IN,GS-->IN,GS-->IN,GS-->IN,GS-->IN,GS-->IN,GS-->IN,GS-->IN,GS-->IN,GS-->IN,GS-->IN,GS-->IN,GS-->IN,GS-->IN,,,,,,,,,,,,,,,,,IN-->GS,IN-->GS,IN-->GS,IN-->GS,IN-->GS,IN-->GS,IN-->GS,IN-->GS,IN-->GS,IN-->GS,IN-->GS,IN-->GS,IN-->GS,IN-->GS,IN-->GS,IN-->GS,IN-->GS,IN-->GS,IN-->GS
KR,KOR,South Korea,Seoul,Asia,Eastern Asia,,KR-->IN,KR-->IN,KR-->IN,KR-->IN,KR-->IN,KR-->IN,KR-->IN,KR-->IN,KR-->IN,KR-->IN,KR-->IN,KR-->IN,KR-->IN,KR-->IN,KR-->IN,KR-->IN,KR-->IN,KR-->IN,KR-->IN,,,,,,,,,,,,,,,,,IN-->KR,IN-->KR,IN-->KR,IN-->KR,IN-->KR,IN-->KR,IN-->KR,IN-->KR,IN-->KR,IN-->KR,IN-->KR,IN-->KR,IN-->KR,IN-->KR,IN-->KR,IN-->KR,IN-->KR,IN-->KR,IN-->KR
SS,SSD,South Sudan,Juba,Africa,Middle Africa,,SS-->IN,SS-->IN,SS-->IN,SS-->IN,SS-->IN,SS-->IN,SS-->IN,SS-->IN,SS-->IN,SS-->IN,SS-->IN,SS-->IN,SS-->IN,SS-->IN,SS-->IN,SS-->IN,SS-->IN,SS-->IN,SS-->IN,,,,,,,,,,,,,,,,,IN-->SS,IN-->SS,IN-->SS,IN-->SS,IN-->SS,IN-->SS,IN-->SS,IN-->SS,IN-->SS,IN-->SS,IN-->SS,IN-->SS,IN-->SS,IN-->SS,IN-->SS,IN-->SS,IN-->SS,IN-->SS,IN-->SS
ES,ESP,Spain,Madrid,Europe,Southern Europe,,ES-->IN,ES-->IN,ES-->IN,ES-->IN,ES-->IN,ES-->IN,ES-->IN,ES-->IN,ES-->IN,ES-->IN,ES-->IN,ES-->IN,ES-->IN,ES-->IN,ES-->IN,ES-->IN,ES-->IN,ES-->IN,ES-->IN,,,,,,,,,,,,,,,,,IN-->ES,IN-->ES,IN-->ES,IN-->ES,IN-->ES,IN-->ES,IN-->ES,IN-->ES,IN-->ES,IN-->ES,IN-->ES,IN-->ES,IN-->ES,IN-->ES,IN-->ES,IN-->ES,IN-->ES,IN-->ES,IN-->ES
LK,LKA,Sri Lanka,Colombo,Asia,Southern Asia,,LK-->IN,LK-->IN,LK-->IN,LK-->IN,LK-->IN,LK-->IN,LK-->IN,LK-->IN,LK-->IN,LK-->IN,LK-->IN,LK-->IN,LK-->IN,LK-->IN,LK-->IN,LK-->IN,LK-->IN,LK-->IN,LK-->IN,,,,,,,,,,,,,,,,,IN-->LK,IN-->LK,IN-->LK,IN-->LK,IN-->LK,IN-->LK,IN-->LK,IN-->LK,IN-->LK,IN-->LK,IN-->LK,IN-->LK,IN-->LK,IN-->LK,IN-->LK,IN-->LK,IN-->LK,IN-->LK,IN-->LK
SD,SDN,Sudan,Khartoum,Africa,Northern Africa,,SD-->IN,SD-->IN,SD-->IN,SD-->IN,SD-->IN,SD-->IN,SD-->IN,SD-->IN,SD-->IN,SD-->IN,SD-->IN,SD-->IN,SD-->IN,SD-->IN,SD-->IN,SD-->IN,SD-->IN,SD-->IN,SD-->IN,,,,,,,,,,,,,,,,,IN-->SD,IN-->SD,IN-->SD,IN-->SD,IN-->SD,IN-->SD,IN-->SD,IN-->SD,IN-->SD,IN-->SD,IN-->SD,IN-->SD,IN-->SD,IN-->SD,IN-->SD,IN-->SD,IN-->SD,IN-->SD,IN-->SD
SR,SUR,Suriname,Paramaribo,Americas,South America,,SR-->IN,SR-->IN,SR-->IN,SR-->IN,SR-->IN,SR-->IN,SR-->IN,SR-->IN,SR-->IN,SR-->IN,SR-->IN,SR-->IN,SR-->IN,SR-->IN,SR-->IN,SR-->IN,SR-->IN,SR-->IN,SR-->IN,,,,,,,,,,,,,,,,,IN-->SR,IN-->SR,IN-->SR,IN-->SR,IN-->SR,IN-->SR,IN-->SR,IN-->SR,IN-->SR,IN-->SR,IN-->SR,IN-->SR,IN-->SR,IN-->SR,IN-->SR,IN-->SR,IN-->SR,IN-->SR,IN-->SR
SJ,SJM,Svalbard and Jan Mayen,Longyearbyen,Europe,Northern Europe,,SJ-->IN,SJ-->IN,SJ-->IN,SJ-->IN,SJ-->IN,SJ-->IN,SJ-->IN,SJ-->IN,SJ-->IN,SJ-->IN,SJ-->IN,SJ-->IN,SJ-->IN,SJ-->IN,SJ-->IN,SJ-->IN,SJ-->IN,SJ-->IN,SJ-->IN,,,,,,,,,,,,,,,,,IN-->SJ,IN-->SJ,IN-->SJ,IN-->SJ,IN-->SJ,IN-->SJ,IN-->SJ,IN-->SJ,IN-->SJ,IN-->SJ,IN-->SJ,IN-->SJ,IN-->SJ,IN-->SJ,IN-->SJ,IN-->SJ,IN-->SJ,IN-->SJ,IN-->SJ
SZ,SWZ,Swaziland,Lobamba,Africa,Southern Africa,,SZ-->IN,SZ-->IN,SZ-->IN,SZ-->IN,SZ-->IN,SZ-->IN,SZ-->IN,SZ-->IN,SZ-->IN,SZ-->IN,SZ-->IN,SZ-->IN,SZ-->IN,SZ-->IN,SZ-->IN,SZ-->IN,SZ-->IN,SZ-->IN,SZ-->IN,,,,,,,,,,,,,,,,,IN-->SZ,IN-->SZ,IN-->SZ,IN-->SZ,IN-->SZ,IN-->SZ,IN-->SZ,IN-->SZ,IN-->SZ,IN-->SZ,IN-->SZ,IN-->SZ,IN-->SZ,IN-->SZ,IN-->SZ,IN-->SZ,IN-->SZ,IN-->SZ,IN-->SZ
SE,SWE,Sweden,Stockholm,Europe,Northern Europe,,SE-->IN,SE-->IN,SE-->IN,SE-->IN,SE-->IN,SE-->IN,SE-->IN,SE-->IN,SE-->IN,SE-->IN,SE-->IN,SE-->IN,SE-->IN,SE-->IN,SE-->IN,SE-->IN,SE-->IN,SE-->IN,SE-->IN,,,,,,,,,,,,,,,,,IN-->SE,IN-->SE,IN-->SE,IN-->SE,IN-->SE,IN-->SE,IN-->SE,IN-->SE,IN-->SE,IN-->SE,IN-->SE,IN-->SE,IN-->SE,IN-->SE,IN-->SE,IN-->SE,IN-->SE,IN-->SE,IN-->SE
CH,CHE,Switzerland,Bern,Europe,Western Europe,,CH-->IN,CH-->IN,CH-->IN,CH-->IN,CH-->IN,CH-->IN,CH-->IN,CH-->IN,CH-->IN,CH-->IN,CH-->IN,CH-->IN,CH-->IN,CH-->IN,CH-->IN,CH-->IN,CH-->IN,CH-->IN,CH-->IN,,,,,,,,,,,,,,,,,IN-->CH,IN-->CH,IN-->CH,IN-->CH,IN-->CH,IN-->CH,IN-->CH,IN-->CH,IN-->CH,IN-->CH,IN-->CH,IN-->CH,IN-->CH,IN-->CH,IN-->CH,IN-->CH,IN-->CH,IN-->CH,IN-->CH
SY,SYR,Syria,Damascus,Asia,Western Asia,,SY-->IN,SY-->IN,SY-->IN,SY-->IN,SY-->IN,SY-->IN,SY-->IN,SY-->IN,SY-->IN,SY-->IN,SY-->IN,SY-->IN,SY-->IN,SY-->IN,SY-->IN,SY-->IN,SY-->IN,SY-->IN,SY-->IN,,,,,,,,,,,,,,,,,IN-->SY,IN-->SY,IN-->SY,IN-->SY,IN-->SY,IN-->SY,IN-->SY,IN-->SY,IN-->SY,IN-->SY,IN-->SY,IN-->SY,IN-->SY,IN-->SY,IN-->SY,IN-->SY,IN-->SY,IN-->SY,IN-->SY
TW,TWN,Taiwan,Taipei,Asia,Eastern Asia,,TW-->IN,TW-->IN,TW-->IN,TW-->IN,TW-->IN,TW-->IN,TW-->IN,TW-->IN,TW-->IN,TW-->IN,TW-->IN,TW-->IN,TW-->IN,TW-->IN,TW-->IN,TW-->IN,TW-->IN,TW-->IN,TW-->IN,,,,,,,,,,,,,,,,,IN-->TW,IN-->TW,IN-->TW,IN-->TW,IN-->TW,IN-->TW,IN-->TW,IN-->TW,IN-->TW,IN-->TW,IN-->TW,IN-->TW,IN-->TW,IN-->TW,IN-->TW,IN-->TW,IN-->TW,IN-->TW,IN-->TW
TJ,TJK,Tajikistan,Dushanbe,Asia,Central Asia,,TJ-->IN,TJ-->IN,TJ-->IN,TJ-->IN,TJ-->IN,TJ-->IN,TJ-->IN,TJ-->IN,TJ-->IN,TJ-->IN,TJ-->IN,TJ-->IN,TJ-->IN,TJ-->IN,TJ-->IN,TJ-->IN,TJ-->IN,TJ-->IN,TJ-->IN,,,,,,,,,,,,,,,,,IN-->TJ,IN-->TJ,IN-->TJ,IN-->TJ,IN-->TJ,IN-->TJ,IN-->TJ,IN-->TJ,IN-->TJ,IN-->TJ,IN-->TJ,IN-->TJ,IN-->TJ,IN-->TJ,IN-->TJ,IN-->TJ,IN-->TJ,IN-->TJ,IN-->TJ
TZ,TZA,Tanzania,Dodoma,Africa,Eastern Africa,,TZ-->IN,TZ-->IN,TZ-->IN,TZ-->IN,TZ-->IN,TZ-->IN,TZ-->IN,TZ-->IN,TZ-->IN,TZ-->IN,TZ-->IN,TZ-->IN,TZ-->IN,TZ-->IN,TZ-->IN,TZ-->IN,TZ-->IN,TZ-->IN,TZ-->IN,,,,,,,,,,,,,,,,,IN-->TZ,IN-->TZ,IN-->TZ,IN-->TZ,IN-->TZ,IN-->TZ,IN-->TZ,IN-->TZ,IN-->TZ,IN-->TZ,IN-->TZ,IN-->TZ,IN-->TZ,IN-->TZ,IN-->TZ,IN-->TZ,IN-->TZ,IN-->TZ,IN-->TZ
TH,THA,Thailand,Bangkok,Asia,South-Eastern Asia,,TH-->IN,TH-->IN,TH-->IN,TH-->IN,TH-->IN,TH-->IN,TH-->IN,TH-->IN,TH-->IN,TH-->IN,TH-->IN,TH-->IN,TH-->IN,TH-->IN,TH-->IN,TH-->IN,TH-->IN,TH-->IN,TH-->IN,,,,,,,,,,,,,,,,,IN-->TH,IN-->TH,IN-->TH,IN-->TH,IN-->TH,IN-->TH,IN-->TH,IN-->TH,IN-->TH,IN-->TH,IN-->TH,IN-->TH,IN-->TH,IN-->TH,IN-->TH,IN-->TH,IN-->TH,IN-->TH,IN-->TH
TL,TLS,East Timor,Dili,Asia,South-Eastern Asia,,TL-->IN,TL-->IN,TL-->IN,TL-->IN,TL-->IN,TL-->IN,TL-->IN,TL-->IN,TL-->IN,TL-->IN,TL-->IN,TL-->IN,TL-->IN,TL-->IN,TL-->IN,TL-->IN,TL-->IN,TL-->IN,TL-->IN,,,,,,,,,,,,,,,,,IN-->TL,IN-->TL,IN-->TL,IN-->TL,IN-->TL,IN-->TL,IN-->TL,IN-->TL,IN-->TL,IN-->TL,IN-->TL,IN-->TL,IN-->TL,IN-->TL,IN-->TL,IN-->TL,IN-->TL,IN-->TL,IN-->TL
TG,TGO,Togo,Lomé,Africa,Western Africa,,TG-->IN,TG-->IN,TG-->IN,TG-->IN,TG-->IN,TG-->IN,TG-->IN,TG-->IN,TG-->IN,TG-->IN,TG-->IN,TG-->IN,TG-->IN,TG-->IN,TG-->IN,TG-->IN,TG-->IN,TG-->IN,TG-->IN,,,,,,,,,,,,,,,,,IN-->TG,IN-->TG,IN-->TG,IN-->TG,IN-->TG,IN-->TG,IN-->TG,IN-->TG,IN-->TG,IN-->TG,IN-->TG,IN-->TG,IN-->TG,IN-->TG,IN-->TG,IN-->TG,IN-->TG,IN-->TG,IN-->TG
TK,TKL,Tokelau,Fakaofo,Oceania,Polynesia,,TK-->IN,TK-->IN,TK-->IN,TK-->IN,TK-->IN,TK-->IN,TK-->IN,TK-->IN,TK-->IN,TK-->IN,TK-->IN,TK-->IN,TK-->IN,TK-->IN,TK-->IN,TK-->IN,TK-->IN,TK-->IN,TK-->IN,,,,,,,,,,,,,,,,,IN-->TK,IN-->TK,IN-->TK,IN-->TK,IN-->TK,IN-->TK,IN-->TK,IN-->TK,IN-->TK,IN-->TK,IN-->TK,IN-->TK,IN-->TK,IN-->TK,IN-->TK,IN-->TK,IN-->TK,IN-->TK,IN-->TK
TO,TON,Tonga,Nuku'alofa,Oceania,Polynesia,,TO-->IN,TO-->IN,TO-->IN,TO-->IN,TO-->IN,TO-->IN,TO-->IN,TO-->IN,TO-->IN,TO-->IN,TO-->IN,TO-->IN,TO-->IN,TO-->IN,TO-->IN,TO-->IN,TO-->IN,TO-->IN,TO-->IN,,,,,,,,,,,,,,,,,IN-->TO,IN-->TO,IN-->TO,IN-->TO,IN-->TO,IN-->TO,IN-->TO,IN-->TO,IN-->TO,IN-->TO,IN-->TO,IN-->TO,IN-->TO,IN-->TO,IN-->TO,IN-->TO,IN-->TO,IN-->TO,IN-->TO
TT,TTO,Trinidad and Tobago,Port of Spain,Americas,Caribbean,,TT-->IN,TT-->IN,TT-->IN,TT-->IN,TT-->IN,TT-->IN,TT-->IN,TT-->IN,TT-->IN,TT-->IN,TT-->IN,TT-->IN,TT-->IN,TT-->IN,TT-->IN,TT-->IN,TT-->IN,TT-->IN,TT-->IN,,,,,,,,,,,,,,,,,IN-->TT,IN-->TT,IN-->TT,IN-->TT,IN-->TT,IN-->TT,IN-->TT,IN-->TT,IN-->TT,IN-->TT,IN-->TT,IN-->TT,IN-->TT,IN-->TT,IN-->TT,IN-->TT,IN-->TT,IN-->TT,IN-->TT
TN,TUN,Tunisia,Tunis,Africa,Northern Africa,,TN-->IN,TN-->IN,TN-->IN,TN-->IN,TN-->IN,TN-->IN,TN-->IN,TN-->IN,TN-->IN,TN-->IN,TN-->IN,TN-->IN,TN-->IN,TN-->IN,TN-->IN,TN-->IN,TN-->IN,TN-->IN,TN-->IN,,,,,,,,,,,,,,,,,IN-->TN,IN-->TN,IN-->TN,IN-->TN,IN-->TN,IN-->TN,IN-->TN,IN-->TN,IN-->TN,IN-->TN,IN-->TN,IN-->TN,IN-->TN,IN-->TN,IN-->TN,IN-->TN,IN-->TN,IN-->TN,IN-->TN
TR,TUR,Turkey,Ankara,Asia,Western Asia,,TR-->IN,TR-->IN,TR-->IN,TR-->IN,TR-->IN,TR-->IN,TR-->IN,TR-->IN,TR-->IN,TR-->IN,TR-->IN,TR-->IN,TR-->IN,TR-->IN,TR-->IN,TR-->IN,TR-->IN,TR-->IN,TR-->IN,,,,,,,,,,,,,,,,,IN-->TR,IN-->TR,IN-->TR,IN-->TR,IN-->TR,IN-->TR,IN-->TR,IN-->TR,IN-->TR,IN-->TR,IN-->TR,IN-->TR,IN-->TR,IN-->TR,IN-->TR,IN-->TR,IN-->TR,IN-->TR,IN-->TR
TM,TKM,Turkmenistan,Ashgabat,Asia,Central Asia,,TM-->IN,TM-->IN,TM-->IN,TM-->IN,TM-->IN,TM-->IN,TM-->IN,TM-->IN,TM-->IN,TM-->IN,TM-->IN,TM-->IN,TM-->IN,TM-->IN,TM-->IN,TM-->IN,TM-->IN,TM-->IN,TM-->IN,,,,,,,,,,,,,,,,,IN-->TM,IN-->TM,IN-->TM,IN-->TM,IN-->TM,IN-->TM,IN-->TM,IN-->TM,IN-->TM,IN-->TM,IN-->TM,IN-->TM,IN-->TM,IN-->TM,IN-->TM,IN-->TM,IN-->TM,IN-->TM,IN-->TM
TC,TCA,Turks and Caicos Islands,Cockburn Town,Americas,Caribbean,,TC-->IN,TC-->IN,TC-->IN,TC-->IN,TC-->IN,TC-->IN,TC-->IN,TC-->IN,TC-->IN,TC-->IN,TC-->IN,TC-->IN,TC-->IN,TC-->IN,TC-->IN,TC-->IN,TC-->IN,TC-->IN,TC-->IN,,,,,,,,,,,,,,,,,IN-->TC,IN-->TC,IN-->TC,IN-->TC,IN-->TC,IN-->TC,IN-->TC,IN-->TC,IN-->TC,IN-->TC,IN-->TC,IN-->TC,IN-->TC,IN-->TC,IN-->TC,IN-->TC,IN-->TC,IN-->TC,IN-->TC
TV,TUV,Tuvalu,Funafuti,Oceania,Polynesia,,TV-->IN,TV-->IN,TV-->IN,TV-->IN,TV-->IN,TV-->IN,TV-->IN,TV-->IN,TV-->IN,TV-->IN,TV-->IN,TV-->IN,TV-->IN,TV-->IN,TV-->IN,TV-->IN,TV-->IN,TV-->IN,TV-->IN,,,,,,,,,,,,,,,,,IN-->TV,IN-->TV,IN-->TV,IN-->TV,IN-->TV,IN-->TV,IN-->TV,IN-->TV,IN-->TV,IN-->TV,IN-->TV,IN-->TV,IN-->TV,IN-->TV,IN-->TV,IN-->TV,IN-->TV,IN-->TV,IN-->TV
UG,UGA,Uganda,Kampala,Africa,Eastern Africa,,UG-->IN,UG-->IN,UG-->IN,UG-->IN,UG-->IN,UG-->IN,UG-->IN,UG-->IN,UG-->IN,UG-->IN,UG-->IN,UG-->IN,UG-->IN,UG-->IN,UG-->IN,UG-->IN,UG-->IN,UG-->IN,UG-->IN,,,,,,,,,,,,,,,,,IN-->UG,IN-->UG,IN-->UG,IN-->UG,IN-->UG,IN-->UG,IN-->UG,IN-->UG,IN-->UG,IN-->UG,IN-->UG,IN-->UG,IN-->UG,IN-->UG,IN-->UG,IN-->UG,IN-->UG,IN-->UG,IN-->UG
UA,UKR,Ukraine,Kiev,Europe,Eastern Europe,,UA-->IN,UA-->IN,UA-->IN,UA-->IN,UA-->IN,UA-->IN,UA-->IN,UA-->IN,UA-->IN,UA-->IN,UA-->IN,UA-->IN,UA-->IN,UA-->IN,UA-->IN,UA-->IN,UA-->IN,UA-->IN,UA-->IN,,,,,,,,,,,,,,,,,IN-->UA,IN-->UA,IN-->UA,IN-->UA,IN-->UA,IN-->UA,IN-->UA,IN-->UA,IN-->UA,IN-->UA,IN-->UA,IN-->UA,IN-->UA,IN-->UA,IN-->UA,IN-->UA,IN-->UA,IN-->UA,IN-->UA
AE,ARE,United Arab Emirates,Abu Dhabi,Asia,Western Asia,,AE-->IN,AE-->IN,AE-->IN,AE-->IN,AE-->IN,AE-->IN,AE-->IN,AE-->IN,AE-->IN,AE-->IN,AE-->IN,AE-->IN,AE-->IN,AE-->IN,AE-->IN,AE-->IN,AE-->IN,AE-->IN,AE-->IN,,,,,,,,,,,,,,,,,IN-->AE,IN-->AE,IN-->AE,IN-->AE,IN-->AE,IN-->AE,IN-->AE,IN-->AE,IN-->AE,IN-->AE,IN-->AE,IN-->AE,IN-->AE,IN-->AE,IN-->AE,IN-->AE,IN-->AE,IN-->AE,IN-->AE
GB,GBR,United Kingdom,London,Europe,Northern Europe,,GB-->IN,GB-->IN,GB-->IN,GB-->IN,GB-->IN,GB-->IN,GB-->IN,GB-->IN,GB-->IN,GB-->IN,GB-->IN,GB-->IN,GB-->IN,GB-->IN,GB-->IN,GB-->IN,GB-->IN,GB-->IN,GB-->IN,,,,,,,,,,,,,,,,,IN-->GB,IN-->GB,IN-->GB,IN-->GB,IN-->GB,IN-->GB,IN-->GB,IN-->GB,IN-->GB,IN-->GB,IN-->GB,IN-->GB,IN-->GB,IN-->GB,IN-->GB,IN-->GB,IN-->GB,IN-->GB,IN-->GB
US,USA,United States,"Washington, D.C.",Americas,Northern America,,US-->IN,US-->IN,US-->IN,US-->IN,US-->IN,US-->IN,US-->IN,US-->IN,US-->IN,US-->IN,US-->IN,US-->IN,US-->IN,US-->IN,US-->IN,US-->IN,US-->IN,US-->IN,US-->IN,,,,,,,,,,,,,,,,,IN-->US,IN-->US,IN-->US,IN-->US,IN-->US,IN-->US,IN-->US,IN-->US,IN-->US,IN-->US,IN-->US,IN-->US,IN-->US,IN-->US,IN-->US,IN-->US,IN-->US,IN-->US,IN-->US
UY,URY,Uruguay,Montevideo,Americas,South America,,UY-->IN,UY-->IN,UY-->IN,UY-->IN,UY-->IN,UY-->IN,UY-->IN,UY-->IN,UY-->IN,UY-->IN,UY-->IN,UY-->IN,UY-->IN,UY-->IN,UY-->IN,UY-->IN,UY-->IN,UY-->IN,UY-->IN,,,,,,,,,,,,,,,,,IN-->UY,IN-->UY,IN-->UY,IN-->UY,IN-->UY,IN-->UY,IN-->UY,IN-->UY,IN-->UY,IN-->UY,IN-->UY,IN-->UY,IN-->UY,IN-->UY,IN-->UY,IN-->UY,IN-->UY,IN-->UY,IN-->UY
UZ,UZB,Uzbekistan,Tashkent,Asia,Central Asia,,UZ-->IN,UZ-->IN,UZ-->IN,UZ-->IN,UZ-->IN,UZ-->IN,UZ-->IN,UZ-->IN,UZ-->IN,UZ-->IN,UZ-->IN,UZ-->IN,UZ-->IN,UZ-->IN,UZ-->IN,UZ-->IN,UZ-->IN,UZ-->IN,UZ-->IN,,,,,,,,,,,,,,,,,IN-->UZ,IN-->UZ,IN-->UZ,IN-->UZ,IN-->UZ,IN-->UZ,IN-->UZ,IN-->UZ,IN-->UZ,IN-->UZ,IN-->UZ,IN-->UZ,IN-->UZ,IN-->UZ,IN-->UZ,IN-->UZ,IN-->UZ,IN-->UZ,IN-->UZ
VU,VUT,Vanuatu,Port Vila,Oceania,Melanesia,,VU-->IN,VU-->IN,VU-->IN,VU-->IN,VU-->IN,VU-->IN,VU-->IN,VU-->IN,VU-->IN,VU-->IN,VU-->IN,VU-->IN,VU-->IN,VU-->IN,VU-->IN,VU-->IN,VU-->IN,VU-->IN,VU-->IN,,,,,,,,,,,,,,,,,IN-->VU,IN-->VU,IN-->VU,IN-->VU,IN-->VU,IN-->VU,IN-->VU,IN-->VU,IN-->VU,IN-->VU,IN-->VU,IN-->VU,IN-->VU,IN-->VU,IN-->VU,IN-->VU,IN-->VU,IN-->VU,IN-->VU
VE,VEN,Venezuela,Caracas,Americas,South America,,VE-->IN,VE-->IN,VE-->IN,VE-->IN,VE-->IN,VE-->IN,VE-->IN,VE-->IN,VE-->IN,VE-->IN,VE-->IN,VE-->IN,VE-->IN,VE-->IN,VE-->IN,VE-->IN,VE-->IN,VE-->IN,VE-->IN,,,,,,,,,,,,,,,,,IN-->VE,IN-->VE,IN-->VE,IN-->VE,IN-->VE,IN-->VE,IN-->VE,IN-->VE,IN-->VE,IN-->VE,IN-->VE,IN-->VE,IN-->VE,IN-->VE,IN-->VE,IN-->VE,IN-->VE,IN-->VE,IN-->VE
VN,VNM,Vietnam,Hanoi,Asia,South-Eastern Asia,,VN-->IN,VN-->IN,VN-->IN,VN-->IN,VN-->IN,VN-->IN,VN-->IN,VN-->IN,VN-->IN,VN-->IN,VN-->IN,VN-->IN,VN-->IN,VN-->IN,VN-->IN,VN-->IN,VN-->IN,VN-->IN,VN-->IN,,,,,,,,,,,,,,,,,IN-->VN,IN-->VN,IN-->VN,IN-->VN,IN-->VN,IN-->VN,IN-->VN,IN-->VN,IN-->VN,IN-->VN,IN-->VN,IN-->VN,IN-->VN,IN-->VN,IN-->VN,IN-->VN,IN-->VN,IN-->VN,IN-->VN
WF,WLF,Wallis and Futuna,Mata-Utu,Oceania,Polynesia,,WF-->IN,WF-->IN,WF-->IN,WF-->IN,WF-->IN,WF-->IN,WF-->IN,WF-->IN,WF-->IN,WF-->IN,WF-->IN,WF-->IN,WF-->IN,WF-->IN,WF-->IN,WF-->IN,WF-->IN,WF-->IN,WF-->IN,,,,,,,,,,,,,,,,,IN-->WF,IN-->WF,IN-->WF,IN-->WF,IN-->WF,IN-->WF,IN-->WF,IN-->WF,IN-->WF,IN-->WF,IN-->WF,IN-->WF,IN-->WF,IN-->WF,IN-->WF,IN-->WF,IN-->WF,IN-->WF,IN-->WF
EH,ESH,Western Sahara,El Aaiún,Africa,Northern Africa,,EH-->IN,EH-->IN,EH-->IN,EH-->IN,EH-->IN,EH-->IN,EH-->IN,EH-->IN,EH-->IN,EH-->IN,EH-->IN,EH-->IN,EH-->IN,EH-->IN,EH-->IN,EH-->IN,EH-->IN,EH-->IN,EH-->IN,,,,,,,,,,,,,,,,,IN-->EH,IN-->EH,IN-->EH,IN-->EH,IN-->EH,IN-->EH,IN-->EH,IN-->EH,IN-->EH,IN-->EH,IN-->EH,IN-->EH,IN-->EH,IN-->EH,IN-->EH,IN-->EH,IN-->EH,IN-->EH,IN-->EH
YE,YEM,Yemen,Sana'a,Asia,Western Asia,,YE-->IN,YE-->IN,YE-->IN,YE-->IN,YE-->IN,YE-->IN,YE-->IN,YE-->IN,YE-->IN,YE-->IN,YE-->IN,YE-->IN,YE-->IN,YE-->IN,YE-->IN,YE-->IN,YE-->IN,YE-->IN,YE-->IN,,,,,,,,,,,,,,,,,IN-->YE,IN-->YE,IN-->YE,IN-->YE,IN-->YE,IN-->YE,IN-->YE,IN-->YE,IN-->YE,IN-->YE,IN-->YE,IN-->YE,IN-->YE,IN-->YE,IN-->YE,IN-->YE,IN-->YE,IN-->YE,IN-->YE
ZM,ZMB,Zambia,Lusaka,Africa,Eastern Africa,,ZM-->IN,ZM-->IN,ZM-->IN,ZM-->IN,ZM-->IN,ZM-->IN,ZM-->IN,ZM-->IN,ZM-->IN,ZM-->IN,ZM-->IN,ZM-->IN,ZM-->IN,ZM-->IN,ZM-->IN,ZM-->IN,ZM-->IN,ZM-->IN,ZM-->IN,,,,,,,,,,,,,,,,,IN-->ZM,IN-->ZM,IN-->ZM,IN-->ZM,IN-->ZM,IN-->ZM,IN-->ZM,IN-->ZM,IN-->ZM,IN-->ZM,IN-->ZM,IN-->ZM,IN-->ZM,IN-->ZM,IN-->ZM,IN-->ZM,IN-->ZM,IN-->ZM,IN-->ZM
ZW,ZWE,Zimbabwe,Harare,Africa,Eastern Africa,,ZW-->IN,ZW-->IN,ZW-->IN,ZW-->IN,ZW-->IN,ZW-->IN,ZW-->IN,ZW-->IN,ZW-->IN,ZW-->IN,ZW-->IN,ZW-->IN,ZW-->IN,ZW-->IN,ZW-->IN,ZW-->IN,ZW-->IN,ZW-->IN,ZW-->IN,,,,,,,,,,,,,,,,,IN-->ZW,IN-->ZW,IN-->ZW,IN-->ZW,IN-->ZW,IN-->ZW,IN-->ZW,IN-->ZW,IN-->ZW,IN-->ZW,IN-->ZW,IN-->ZW,IN-->ZW,IN-->ZW,IN-->ZW,IN-->ZW,IN-->ZW,IN-->ZW,IN-->ZW
