nu,code,name,capital,region,subregion,Unnamed: 6,quara/into/where/e,quara/into/where/v,quara/into/where/uv,quara/into/min/e,quara/into/min/v,quara/into/min/uv,quara/into/max/e,quara/into/max/v,quara/into/max/uv,quara/into/comment,test/into/pcr/e,test/into/pcr/v,test/into/pcr/uv,test/into/ag/e,test/into/ag/v,test/into/ag/uv,test/into/comment,visa/into,visa/into/comment,loadStates/into,Unnamed: 27,Unnamed: 28,Unnamed: 29,Unnamed: 30,Unnamed: 31,Unnamed: 32,Unnamed: 33,Unnamed: 34,Unnamed: 35,Unnamed: 36,Unnamed: 37,Unnamed: 38,Unnamed: 39,Unnamed: 40,Unnamed: 41,quara/out/where/e,quara/out/where/v,quara/out/where/uv,quara/out/min/e,quara/out/min/v,quara/out/min/uv,quara/out/max/e,quara/out/max/v,quara/out/max/uv,quara/out/comment,test/out/pcr/e,test/out/pcr/v,test/out/pcr/uv,test/out/ag/e,test/out/ag/v,test/out/ag/uv,test/out/comment,visa/out,visa/out/comment
AF,AFG,Afghanistan,Kabul,Asia,Southern Asia,,AF-->NZ,AF-->NZ,AF-->NZ,AF-->NZ,AF-->NZ,AF-->NZ,AF-->NZ,AF-->NZ,AF-->NZ,AF-->NZ,AF-->NZ,AF-->NZ,AF-->NZ,AF-->NZ,AF-->NZ,AF-->NZ,AF-->NZ,AF-->NZ,AF-->NZ,,,,,,,,,,,,,,,,,NZ-->AF,NZ-->AF,NZ-->AF,NZ-->AF,NZ-->AF,NZ-->AF,NZ-->AF,NZ-->AF,NZ-->AF,NZ-->AF,NZ-->AF,NZ-->AF,NZ-->AF,NZ-->AF,NZ-->AF,NZ-->AF,NZ-->AF,NZ-->AF,NZ-->AF
AX,ALA,Åland Islands,Mariehamn,Europe,Northern Europe,,AX-->NZ,AX-->NZ,AX-->NZ,AX-->NZ,AX-->NZ,AX-->NZ,AX-->NZ,AX-->NZ,AX-->NZ,AX-->NZ,AX-->NZ,AX-->NZ,AX-->NZ,AX-->NZ,AX-->NZ,AX-->NZ,AX-->NZ,AX-->NZ,AX-->NZ,,,,,,,,,,,,,,,,,NZ-->AX,NZ-->AX,NZ-->AX,NZ-->AX,NZ-->AX,NZ-->AX,NZ-->AX,NZ-->AX,NZ-->AX,NZ-->AX,NZ-->AX,NZ-->AX,NZ-->AX,NZ-->AX,NZ-->AX,NZ-->AX,NZ-->AX,NZ-->AX,NZ-->AX
AL,ALB,Albania,Tirana,Europe,Southern Europe,,AL-->NZ,AL-->NZ,AL-->NZ,AL-->NZ,AL-->NZ,AL-->NZ,AL-->NZ,AL-->NZ,AL-->NZ,AL-->NZ,AL-->NZ,AL-->NZ,AL-->NZ,AL-->NZ,AL-->NZ,AL-->NZ,AL-->NZ,AL-->NZ,AL-->NZ,,,,,,,,,,,,,,,,,NZ-->AL,NZ-->AL,NZ-->AL,NZ-->AL,NZ-->AL,NZ-->AL,NZ-->AL,NZ-->AL,NZ-->AL,NZ-->AL,NZ-->AL,NZ-->AL,NZ-->AL,NZ-->AL,NZ-->AL,NZ-->AL,NZ-->AL,NZ-->AL,NZ-->AL
DZ,DZA,Algeria,Algiers,Africa,Northern Africa,,DZ-->NZ,DZ-->NZ,DZ-->NZ,DZ-->NZ,DZ-->NZ,DZ-->NZ,DZ-->NZ,DZ-->NZ,DZ-->NZ,DZ-->NZ,DZ-->NZ,DZ-->NZ,DZ-->NZ,DZ-->NZ,DZ-->NZ,DZ-->NZ,DZ-->NZ,DZ-->NZ,DZ-->NZ,,,,,,,,,,,,,,,,,NZ-->DZ,NZ-->DZ,NZ-->DZ,NZ-->DZ,NZ-->DZ,NZ-->DZ,NZ-->DZ,NZ-->DZ,NZ-->DZ,NZ-->DZ,NZ-->DZ,NZ-->DZ,NZ-->DZ,NZ-->DZ,NZ-->DZ,NZ-->DZ,NZ-->DZ,NZ-->DZ,NZ-->DZ
AS,ASM,American Samoa,Pago Pago,Oceania,Polynesia,,AS-->NZ,AS-->NZ,AS-->NZ,AS-->NZ,AS-->NZ,AS-->NZ,AS-->NZ,AS-->NZ,AS-->NZ,AS-->NZ,AS-->NZ,AS-->NZ,AS-->NZ,AS-->NZ,AS-->NZ,AS-->NZ,AS-->NZ,AS-->NZ,AS-->NZ,,,,,,,,,,,,,,,,,NZ-->AS,NZ-->AS,NZ-->AS,NZ-->AS,NZ-->AS,NZ-->AS,NZ-->AS,NZ-->AS,NZ-->AS,NZ-->AS,NZ-->AS,NZ-->AS,NZ-->AS,NZ-->AS,NZ-->AS,NZ-->AS,NZ-->AS,NZ-->AS,NZ-->AS
AD,AND,Andorra,Andorra la Vella,Europe,Southern Europe,,AD-->NZ,AD-->NZ,AD-->NZ,AD-->NZ,AD-->NZ,AD-->NZ,AD-->NZ,AD-->NZ,AD-->NZ,AD-->NZ,AD-->NZ,AD-->NZ,AD-->NZ,AD-->NZ,AD-->NZ,AD-->NZ,AD-->NZ,AD-->NZ,AD-->NZ,,,,,,,,,,,,,,,,,NZ-->AD,NZ-->AD,NZ-->AD,NZ-->AD,NZ-->AD,NZ-->AD,NZ-->AD,NZ-->AD,NZ-->AD,NZ-->AD,NZ-->AD,NZ-->AD,NZ-->AD,NZ-->AD,NZ-->AD,NZ-->AD,NZ-->AD,NZ-->AD,NZ-->AD
AO,AGO,Angola,Luanda,Africa,Middle Africa,,AO-->NZ,AO-->NZ,AO-->NZ,AO-->NZ,AO-->NZ,AO-->NZ,AO-->NZ,AO-->NZ,AO-->NZ,AO-->NZ,AO-->NZ,AO-->NZ,AO-->NZ,AO-->NZ,AO-->NZ,AO-->NZ,AO-->NZ,AO-->NZ,AO-->NZ,,,,,,,,,,,,,,,,,NZ-->AO,NZ-->AO,NZ-->AO,NZ-->AO,NZ-->AO,NZ-->AO,NZ-->AO,NZ-->AO,NZ-->AO,NZ-->AO,NZ-->AO,NZ-->AO,NZ-->AO,NZ-->AO,NZ-->AO,NZ-->AO,NZ-->AO,NZ-->AO,NZ-->AO
AI,AIA,Anguilla,The Valley,Americas,Caribbean,,AI-->NZ,AI-->NZ,AI-->NZ,AI-->NZ,AI-->NZ,AI-->NZ,AI-->NZ,AI-->NZ,AI-->NZ,AI-->NZ,AI-->NZ,AI-->NZ,AI-->NZ,AI-->NZ,AI-->NZ,AI-->NZ,AI-->NZ,AI-->NZ,AI-->NZ,,,,,,,,,,,,,,,,,NZ-->AI,NZ-->AI,NZ-->AI,NZ-->AI,NZ-->AI,NZ-->AI,NZ-->AI,NZ-->AI,NZ-->AI,NZ-->AI,NZ-->AI,NZ-->AI,NZ-->AI,NZ-->AI,NZ-->AI,NZ-->AI,NZ-->AI,NZ-->AI,NZ-->AI
AQ,ATA,Antarctica,,Polar,,,AQ-->NZ,AQ-->NZ,AQ-->NZ,AQ-->NZ,AQ-->NZ,AQ-->NZ,AQ-->NZ,AQ-->NZ,AQ-->NZ,AQ-->NZ,AQ-->NZ,AQ-->NZ,AQ-->NZ,AQ-->NZ,AQ-->NZ,AQ-->NZ,AQ-->NZ,AQ-->NZ,AQ-->NZ,,,,,,,,,,,,,,,,,NZ-->AQ,NZ-->AQ,NZ-->AQ,NZ-->AQ,NZ-->AQ,NZ-->AQ,NZ-->AQ,NZ-->AQ,NZ-->AQ,NZ-->AQ,NZ-->AQ,NZ-->AQ,NZ-->AQ,NZ-->AQ,NZ-->AQ,NZ-->AQ,NZ-->AQ,NZ-->AQ,NZ-->AQ
AG,ATG,Antigua and Barbuda,Saint John's,Americas,Caribbean,,AG-->NZ,AG-->NZ,AG-->NZ,AG-->NZ,AG-->NZ,AG-->NZ,AG-->NZ,AG-->NZ,AG-->NZ,AG-->NZ,AG-->NZ,AG-->NZ,AG-->NZ,AG-->NZ,AG-->NZ,AG-->NZ,AG-->NZ,AG-->NZ,AG-->NZ,,,,,,,,,,,,,,,,,NZ-->AG,NZ-->AG,NZ-->AG,NZ-->AG,NZ-->AG,NZ-->AG,NZ-->AG,NZ-->AG,NZ-->AG,NZ-->AG,NZ-->AG,NZ-->AG,NZ-->AG,NZ-->AG,NZ-->AG,NZ-->AG,NZ-->AG,NZ-->AG,NZ-->AG
AR,ARG,Argentina,Buenos Aires,Americas,South America,,AR-->NZ,AR-->NZ,AR-->NZ,AR-->NZ,AR-->NZ,AR-->NZ,AR-->NZ,AR-->NZ,AR-->NZ,AR-->NZ,AR-->NZ,AR-->NZ,AR-->NZ,AR-->NZ,AR-->NZ,AR-->NZ,AR-->NZ,AR-->NZ,AR-->NZ,,,,,,,,,,,,,,,,,NZ-->AR,NZ-->AR,NZ-->AR,NZ-->AR,NZ-->AR,NZ-->AR,NZ-->AR,NZ-->AR,NZ-->AR,NZ-->AR,NZ-->AR,NZ-->AR,NZ-->AR,NZ-->AR,NZ-->AR,NZ-->AR,NZ-->AR,NZ-->AR,NZ-->AR
AM,ARM,Armenia,Yerevan,Asia,Western Asia,,AM-->NZ,AM-->NZ,AM-->NZ,AM-->NZ,AM-->NZ,AM-->NZ,AM-->NZ,AM-->NZ,AM-->NZ,AM-->NZ,AM-->NZ,AM-->NZ,AM-->NZ,AM-->NZ,AM-->NZ,AM-->NZ,AM-->NZ,AM-->NZ,AM-->NZ,,,,,,,,,,,,,,,,,NZ-->AM,NZ-->AM,NZ-->AM,NZ-->AM,NZ-->AM,NZ-->AM,NZ-->AM,NZ-->AM,NZ-->AM,NZ-->AM,NZ-->AM,NZ-->AM,NZ-->AM,NZ-->AM,NZ-->AM,NZ-->AM,NZ-->AM,NZ-->AM,NZ-->AM
AW,ABW,Aruba,Oranjestad,Americas,Caribbean,,AW-->NZ,AW-->NZ,AW-->NZ,AW-->NZ,AW-->NZ,AW-->NZ,AW-->NZ,AW-->NZ,AW-->NZ,AW-->NZ,AW-->NZ,AW-->NZ,AW-->NZ,AW-->NZ,AW-->NZ,AW-->NZ,AW-->NZ,AW-->NZ,AW-->NZ,,,,,,,,,,,,,,,,,NZ-->AW,NZ-->AW,NZ-->AW,NZ-->AW,NZ-->AW,NZ-->AW,NZ-->AW,NZ-->AW,NZ-->AW,NZ-->AW,NZ-->AW,NZ-->AW,NZ-->AW,NZ-->AW,NZ-->AW,NZ-->AW,NZ-->AW,NZ-->AW,NZ-->AW
AU,AUS,Australia,Canberra,Oceania,Australia and New Zealand,,AU-->NZ,AU-->NZ,AU-->NZ,AU-->NZ,AU-->NZ,AU-->NZ,AU-->NZ,AU-->NZ,AU-->NZ,AU-->NZ,AU-->NZ,AU-->NZ,AU-->NZ,AU-->NZ,AU-->NZ,AU-->NZ,AU-->NZ,AU-->NZ,AU-->NZ,,,,,,,,,,,,,,,,,NZ-->AU,NZ-->AU,NZ-->AU,NZ-->AU,NZ-->AU,NZ-->AU,NZ-->AU,NZ-->AU,NZ-->AU,NZ-->AU,NZ-->AU,NZ-->AU,NZ-->AU,NZ-->AU,NZ-->AU,NZ-->AU,NZ-->AU,NZ-->AU,NZ-->AU
AT,AUT,Austria,Vienna,Europe,Western Europe,,AT-->NZ,AT-->NZ,AT-->NZ,AT-->NZ,AT-->NZ,AT-->NZ,AT-->NZ,AT-->NZ,AT-->NZ,AT-->NZ,AT-->NZ,AT-->NZ,AT-->NZ,AT-->NZ,AT-->NZ,AT-->NZ,AT-->NZ,AT-->NZ,AT-->NZ,,,,,,,,,,,,,,,,,NZ-->AT,NZ-->AT,NZ-->AT,NZ-->AT,NZ-->AT,NZ-->AT,NZ-->AT,NZ-->AT,NZ-->AT,NZ-->AT,NZ-->AT,NZ-->AT,NZ-->AT,NZ-->AT,NZ-->AT,NZ-->AT,NZ-->AT,NZ-->AT,NZ-->AT
AZ,AZE,Azerbaijan,Baku,Asia,Western Asia,,AZ-->NZ,AZ-->NZ,AZ-->NZ,AZ-->NZ,AZ-->NZ,AZ-->NZ,AZ-->NZ,AZ-->NZ,AZ-->NZ,AZ-->NZ,AZ-->NZ,AZ-->NZ,AZ-->NZ,AZ-->NZ,AZ-->NZ,AZ-->NZ,AZ-->NZ,AZ-->NZ,AZ-->NZ,,,,,,,,,,,,,,,,,NZ-->AZ,NZ-->AZ,NZ-->AZ,NZ-->AZ,NZ-->AZ,NZ-->AZ,NZ-->AZ,NZ-->AZ,NZ-->AZ,NZ-->AZ,NZ-->AZ,NZ-->AZ,NZ-->AZ,NZ-->AZ,NZ-->AZ,NZ-->AZ,NZ-->AZ,NZ-->AZ,NZ-->AZ
BS,BHS,The Bahamas,Nassau,Americas,Caribbean,,BS-->NZ,BS-->NZ,BS-->NZ,BS-->NZ,BS-->NZ,BS-->NZ,BS-->NZ,BS-->NZ,BS-->NZ,BS-->NZ,BS-->NZ,BS-->NZ,BS-->NZ,BS-->NZ,BS-->NZ,BS-->NZ,BS-->NZ,BS-->NZ,BS-->NZ,,,,,,,,,,,,,,,,,NZ-->BS,NZ-->BS,NZ-->BS,NZ-->BS,NZ-->BS,NZ-->BS,NZ-->BS,NZ-->BS,NZ-->BS,NZ-->BS,NZ-->BS,NZ-->BS,NZ-->BS,NZ-->BS,NZ-->BS,NZ-->BS,NZ-->BS,NZ-->BS,NZ-->BS
BH,BHR,Bahrain,Manama,Asia,Western Asia,,BH-->NZ,BH-->NZ,BH-->NZ,BH-->NZ,BH-->NZ,BH-->NZ,BH-->NZ,BH-->NZ,BH-->NZ,BH-->NZ,BH-->NZ,BH-->NZ,BH-->NZ,BH-->NZ,BH-->NZ,BH-->NZ,BH-->NZ,BH-->NZ,BH-->NZ,,,,,,,,,,,,,,,,,NZ-->BH,NZ-->BH,NZ-->BH,NZ-->BH,NZ-->BH,NZ-->BH,NZ-->BH,NZ-->BH,NZ-->BH,NZ-->BH,NZ-->BH,NZ-->BH,NZ-->BH,NZ-->BH,NZ-->BH,NZ-->BH,NZ-->BH,NZ-->BH,NZ-->BH
BD,BGD,Bangladesh,Dhaka,Asia,Southern Asia,,BD-->NZ,BD-->NZ,BD-->NZ,BD-->NZ,BD-->NZ,BD-->NZ,BD-->NZ,BD-->NZ,BD-->NZ,BD-->NZ,BD-->NZ,BD-->NZ,BD-->NZ,BD-->NZ,BD-->NZ,BD-->NZ,BD-->NZ,BD-->NZ,BD-->NZ,,,,,,,,,,,,,,,,,NZ-->BD,NZ-->BD,NZ-->BD,NZ-->BD,NZ-->BD,NZ-->BD,NZ-->BD,NZ-->BD,NZ-->BD,NZ-->BD,NZ-->BD,NZ-->BD,NZ-->BD,NZ-->BD,NZ-->BD,NZ-->BD,NZ-->BD,NZ-->BD,NZ-->BD
BB,BRB,Barbados,Bridgetown,Americas,Caribbean,,BB-->NZ,BB-->NZ,BB-->NZ,BB-->NZ,BB-->NZ,BB-->NZ,BB-->NZ,BB-->NZ,BB-->NZ,BB-->NZ,BB-->NZ,BB-->NZ,BB-->NZ,BB-->NZ,BB-->NZ,BB-->NZ,BB-->NZ,BB-->NZ,BB-->NZ,,,,,,,,,,,,,,,,,NZ-->BB,NZ-->BB,NZ-->BB,NZ-->BB,NZ-->BB,NZ-->BB,NZ-->BB,NZ-->BB,NZ-->BB,NZ-->BB,NZ-->BB,NZ-->BB,NZ-->BB,NZ-->BB,NZ-->BB,NZ-->BB,NZ-->BB,NZ-->BB,NZ-->BB
BY,BLR,Belarus,Minsk,Europe,Eastern Europe,,BY-->NZ,BY-->NZ,BY-->NZ,BY-->NZ,BY-->NZ,BY-->NZ,BY-->NZ,BY-->NZ,BY-->NZ,BY-->NZ,BY-->NZ,BY-->NZ,BY-->NZ,BY-->NZ,BY-->NZ,BY-->NZ,BY-->NZ,BY-->NZ,BY-->NZ,,,,,,,,,,,,,,,,,NZ-->BY,NZ-->BY,NZ-->BY,NZ-->BY,NZ-->BY,NZ-->BY,NZ-->BY,NZ-->BY,NZ-->BY,NZ-->BY,NZ-->BY,NZ-->BY,NZ-->BY,NZ-->BY,NZ-->BY,NZ-->BY,NZ-->BY,NZ-->BY,NZ-->BY
BE,BEL,Belgium,Brussels,Europe,Western Europe,,BE-->NZ,BE-->NZ,BE-->NZ,BE-->NZ,BE-->NZ,BE-->NZ,BE-->NZ,BE-->NZ,BE-->NZ,BE-->NZ,BE-->NZ,BE-->NZ,BE-->NZ,BE-->NZ,BE-->NZ,BE-->NZ,BE-->NZ,BE-->NZ,BE-->NZ,,,,,,,,,,,,,,,,,NZ-->BE,NZ-->BE,NZ-->BE,NZ-->BE,NZ-->BE,NZ-->BE,NZ-->BE,NZ-->BE,NZ-->BE,NZ-->BE,NZ-->BE,NZ-->BE,NZ-->BE,NZ-->BE,NZ-->BE,NZ-->BE,NZ-->BE,NZ-->BE,NZ-->BE
BZ,BLZ,Belize,Belmopan,Americas,Central America,,BZ-->NZ,BZ-->NZ,BZ-->NZ,BZ-->NZ,BZ-->NZ,BZ-->NZ,BZ-->NZ,BZ-->NZ,BZ-->NZ,BZ-->NZ,BZ-->NZ,BZ-->NZ,BZ-->NZ,BZ-->NZ,BZ-->NZ,BZ-->NZ,BZ-->NZ,BZ-->NZ,BZ-->NZ,,,,,,,,,,,,,,,,,NZ-->BZ,NZ-->BZ,NZ-->BZ,NZ-->BZ,NZ-->BZ,NZ-->BZ,NZ-->BZ,NZ-->BZ,NZ-->BZ,NZ-->BZ,NZ-->BZ,NZ-->BZ,NZ-->BZ,NZ-->BZ,NZ-->BZ,NZ-->BZ,NZ-->BZ,NZ-->BZ,NZ-->BZ
BJ,BEN,Benin,Porto-Novo,Africa,Western Africa,,BJ-->NZ,BJ-->NZ,BJ-->NZ,BJ-->NZ,BJ-->NZ,BJ-->NZ,BJ-->NZ,BJ-->NZ,BJ-->NZ,BJ-->NZ,BJ-->NZ,BJ-->NZ,BJ-->NZ,BJ-->NZ,BJ-->NZ,BJ-->NZ,BJ-->NZ,BJ-->NZ,BJ-->NZ,,,,,,,,,,,,,,,,,NZ-->BJ,NZ-->BJ,NZ-->BJ,NZ-->BJ,NZ-->BJ,NZ-->BJ,NZ-->BJ,NZ-->BJ,NZ-->BJ,NZ-->BJ,NZ-->BJ,NZ-->BJ,NZ-->BJ,NZ-->BJ,NZ-->BJ,NZ-->BJ,NZ-->BJ,NZ-->BJ,NZ-->BJ
BM,BMU,Bermuda,Hamilton,Americas,Northern America,,BM-->NZ,BM-->NZ,BM-->NZ,BM-->NZ,BM-->NZ,BM-->NZ,BM-->NZ,BM-->NZ,BM-->NZ,BM-->NZ,BM-->NZ,BM-->NZ,BM-->NZ,BM-->NZ,BM-->NZ,BM-->NZ,BM-->NZ,BM-->NZ,BM-->NZ,,,,,,,,,,,,,,,,,NZ-->BM,NZ-->BM,NZ-->BM,NZ-->BM,NZ-->BM,NZ-->BM,NZ-->BM,NZ-->BM,NZ-->BM,NZ-->BM,NZ-->BM,NZ-->BM,NZ-->BM,NZ-->BM,NZ-->BM,NZ-->BM,NZ-->BM,NZ-->BM,NZ-->BM
BT,BTN,Bhutan,Thimphu,Asia,Southern Asia,,BT-->NZ,BT-->NZ,BT-->NZ,BT-->NZ,BT-->NZ,BT-->NZ,BT-->NZ,BT-->NZ,BT-->NZ,BT-->NZ,BT-->NZ,BT-->NZ,BT-->NZ,BT-->NZ,BT-->NZ,BT-->NZ,BT-->NZ,BT-->NZ,BT-->NZ,,,,,,,,,,,,,,,,,NZ-->BT,NZ-->BT,NZ-->BT,NZ-->BT,NZ-->BT,NZ-->BT,NZ-->BT,NZ-->BT,NZ-->BT,NZ-->BT,NZ-->BT,NZ-->BT,NZ-->BT,NZ-->BT,NZ-->BT,NZ-->BT,NZ-->BT,NZ-->BT,NZ-->BT
BO,BOL,Bolivia,Sucre,Americas,South America,,BO-->NZ,BO-->NZ,BO-->NZ,BO-->NZ,BO-->NZ,BO-->NZ,BO-->NZ,BO-->NZ,BO-->NZ,BO-->NZ,BO-->NZ,BO-->NZ,BO-->NZ,BO-->NZ,BO-->NZ,BO-->NZ,BO-->NZ,BO-->NZ,BO-->NZ,,,,,,,,,,,,,,,,,NZ-->BO,NZ-->BO,NZ-->BO,NZ-->BO,NZ-->BO,NZ-->BO,NZ-->BO,NZ-->BO,NZ-->BO,NZ-->BO,NZ-->BO,NZ-->BO,NZ-->BO,NZ-->BO,NZ-->BO,NZ-->BO,NZ-->BO,NZ-->BO,NZ-->BO
BQ,BES,Bonaire,Kralendijk,Americas,Caribbean,,BQ-->NZ,BQ-->NZ,BQ-->NZ,BQ-->NZ,BQ-->NZ,BQ-->NZ,BQ-->NZ,BQ-->NZ,BQ-->NZ,BQ-->NZ,BQ-->NZ,BQ-->NZ,BQ-->NZ,BQ-->NZ,BQ-->NZ,BQ-->NZ,BQ-->NZ,BQ-->NZ,BQ-->NZ,,,,,,,,,,,,,,,,,NZ-->BQ,NZ-->BQ,NZ-->BQ,NZ-->BQ,NZ-->BQ,NZ-->BQ,NZ-->BQ,NZ-->BQ,NZ-->BQ,NZ-->BQ,NZ-->BQ,NZ-->BQ,NZ-->BQ,NZ-->BQ,NZ-->BQ,NZ-->BQ,NZ-->BQ,NZ-->BQ,NZ-->BQ
BA,BIH,Bosnia and Herzegovina,Sarajevo,Europe,Southern Europe,,BA-->NZ,BA-->NZ,BA-->NZ,BA-->NZ,BA-->NZ,BA-->NZ,BA-->NZ,BA-->NZ,BA-->NZ,BA-->NZ,BA-->NZ,BA-->NZ,BA-->NZ,BA-->NZ,BA-->NZ,BA-->NZ,BA-->NZ,BA-->NZ,BA-->NZ,,,,,,,,,,,,,,,,,NZ-->BA,NZ-->BA,NZ-->BA,NZ-->BA,NZ-->BA,NZ-->BA,NZ-->BA,NZ-->BA,NZ-->BA,NZ-->BA,NZ-->BA,NZ-->BA,NZ-->BA,NZ-->BA,NZ-->BA,NZ-->BA,NZ-->BA,NZ-->BA,NZ-->BA
BW,BWA,Botswana,Gaborone,Africa,Southern Africa,,BW-->NZ,BW-->NZ,BW-->NZ,BW-->NZ,BW-->NZ,BW-->NZ,BW-->NZ,BW-->NZ,BW-->NZ,BW-->NZ,BW-->NZ,BW-->NZ,BW-->NZ,BW-->NZ,BW-->NZ,BW-->NZ,BW-->NZ,BW-->NZ,BW-->NZ,,,,,,,,,,,,,,,,,NZ-->BW,NZ-->BW,NZ-->BW,NZ-->BW,NZ-->BW,NZ-->BW,NZ-->BW,NZ-->BW,NZ-->BW,NZ-->BW,NZ-->BW,NZ-->BW,NZ-->BW,NZ-->BW,NZ-->BW,NZ-->BW,NZ-->BW,NZ-->BW,NZ-->BW
BV,BVT,Bouvet Island,,,,,BV-->NZ,BV-->NZ,BV-->NZ,BV-->NZ,BV-->NZ,BV-->NZ,BV-->NZ,BV-->NZ,BV-->NZ,BV-->NZ,BV-->NZ,BV-->NZ,BV-->NZ,BV-->NZ,BV-->NZ,BV-->NZ,BV-->NZ,BV-->NZ,BV-->NZ,,,,,,,,,,,,,,,,,NZ-->BV,NZ-->BV,NZ-->BV,NZ-->BV,NZ-->BV,NZ-->BV,NZ-->BV,NZ-->BV,NZ-->BV,NZ-->BV,NZ-->BV,NZ-->BV,NZ-->BV,NZ-->BV,NZ-->BV,NZ-->BV,NZ-->BV,NZ-->BV,NZ-->BV
BR,BRA,Brazil,Brasília,Americas,South America,,BR-->NZ,BR-->NZ,BR-->NZ,BR-->NZ,BR-->NZ,BR-->NZ,BR-->NZ,BR-->NZ,BR-->NZ,BR-->NZ,BR-->NZ,BR-->NZ,BR-->NZ,BR-->NZ,BR-->NZ,BR-->NZ,BR-->NZ,BR-->NZ,BR-->NZ,,,,,,,,,,,,,,,,,NZ-->BR,NZ-->BR,NZ-->BR,NZ-->BR,NZ-->BR,NZ-->BR,NZ-->BR,NZ-->BR,NZ-->BR,NZ-->BR,NZ-->BR,NZ-->BR,NZ-->BR,NZ-->BR,NZ-->BR,NZ-->BR,NZ-->BR,NZ-->BR,NZ-->BR
IO,IOT,British Indian Ocean Territory,Diego Garcia,Africa,Eastern Africa,,IO-->NZ,IO-->NZ,IO-->NZ,IO-->NZ,IO-->NZ,IO-->NZ,IO-->NZ,IO-->NZ,IO-->NZ,IO-->NZ,IO-->NZ,IO-->NZ,IO-->NZ,IO-->NZ,IO-->NZ,IO-->NZ,IO-->NZ,IO-->NZ,IO-->NZ,,,,,,,,,,,,,,,,,NZ-->IO,NZ-->IO,NZ-->IO,NZ-->IO,NZ-->IO,NZ-->IO,NZ-->IO,NZ-->IO,NZ-->IO,NZ-->IO,NZ-->IO,NZ-->IO,NZ-->IO,NZ-->IO,NZ-->IO,NZ-->IO,NZ-->IO,NZ-->IO,NZ-->IO
UM,UMI,United States Minor Outlying Islands,,Americas,Northern America,,UM-->NZ,UM-->NZ,UM-->NZ,UM-->NZ,UM-->NZ,UM-->NZ,UM-->NZ,UM-->NZ,UM-->NZ,UM-->NZ,UM-->NZ,UM-->NZ,UM-->NZ,UM-->NZ,UM-->NZ,UM-->NZ,UM-->NZ,UM-->NZ,UM-->NZ,,,,,,,,,,,,,,,,,NZ-->UM,NZ-->UM,NZ-->UM,NZ-->UM,NZ-->UM,NZ-->UM,NZ-->UM,NZ-->UM,NZ-->UM,NZ-->UM,NZ-->UM,NZ-->UM,NZ-->UM,NZ-->UM,NZ-->UM,NZ-->UM,NZ-->UM,NZ-->UM,NZ-->UM
VG,VGB,Virgin Islands (British),Road Town,Americas,Caribbean,,VG-->NZ,VG-->NZ,VG-->NZ,VG-->NZ,VG-->NZ,VG-->NZ,VG-->NZ,VG-->NZ,VG-->NZ,VG-->NZ,VG-->NZ,VG-->NZ,VG-->NZ,VG-->NZ,VG-->NZ,VG-->NZ,VG-->NZ,VG-->NZ,VG-->NZ,,,,,,,,,,,,,,,,,NZ-->VG,NZ-->VG,NZ-->VG,NZ-->VG,NZ-->VG,NZ-->VG,NZ-->VG,NZ-->VG,NZ-->VG,NZ-->VG,NZ-->VG,NZ-->VG,NZ-->VG,NZ-->VG,NZ-->VG,NZ-->VG,NZ-->VG,NZ-->VG,NZ-->VG
VI,VIR,Virgin Islands (U.S.),Charlotte Amalie,Americas,Caribbean,,VI-->NZ,VI-->NZ,VI-->NZ,VI-->NZ,VI-->NZ,VI-->NZ,VI-->NZ,VI-->NZ,VI-->NZ,VI-->NZ,VI-->NZ,VI-->NZ,VI-->NZ,VI-->NZ,VI-->NZ,VI-->NZ,VI-->NZ,VI-->NZ,VI-->NZ,,,,,,,,,,,,,,,,,NZ-->VI,NZ-->VI,NZ-->VI,NZ-->VI,NZ-->VI,NZ-->VI,NZ-->VI,NZ-->VI,NZ-->VI,NZ-->VI,NZ-->VI,NZ-->VI,NZ-->VI,NZ-->VI,NZ-->VI,NZ-->VI,NZ-->VI,NZ-->VI,NZ-->VI
BN,BRN,Brunei,Bandar Seri Begawan,Asia,South-Eastern Asia,,BN-->NZ,BN-->NZ,BN-->NZ,BN-->NZ,BN-->NZ,BN-->NZ,BN-->NZ,BN-->NZ,BN-->NZ,BN-->NZ,BN-->NZ,BN-->NZ,BN-->NZ,BN-->NZ,BN-->NZ,BN-->NZ,BN-->NZ,BN-->NZ,BN-->NZ,,,,,,,,,,,,,,,,,NZ-->BN,NZ-->BN,NZ-->BN,NZ-->BN,NZ-->BN,NZ-->BN,NZ-->BN,NZ-->BN,NZ-->BN,NZ-->BN,NZ-->BN,NZ-->BN,NZ-->BN,NZ-->BN,NZ-->BN,NZ-->BN,NZ-->BN,NZ-->BN,NZ-->BN
BG,BGR,Bulgaria,Sofia,Europe,Eastern Europe,,BG-->NZ,BG-->NZ,BG-->NZ,BG-->NZ,BG-->NZ,BG-->NZ,BG-->NZ,BG-->NZ,BG-->NZ,BG-->NZ,BG-->NZ,BG-->NZ,BG-->NZ,BG-->NZ,BG-->NZ,BG-->NZ,BG-->NZ,BG-->NZ,BG-->NZ,,,,,,,,,,,,,,,,,NZ-->BG,NZ-->BG,NZ-->BG,NZ-->BG,NZ-->BG,NZ-->BG,NZ-->BG,NZ-->BG,NZ-->BG,NZ-->BG,NZ-->BG,NZ-->BG,NZ-->BG,NZ-->BG,NZ-->BG,NZ-->BG,NZ-->BG,NZ-->BG,NZ-->BG
BF,BFA,Burkina Faso,Ouagadougou,Africa,Western Africa,,BF-->NZ,BF-->NZ,BF-->NZ,BF-->NZ,BF-->NZ,BF-->NZ,BF-->NZ,BF-->NZ,BF-->NZ,BF-->NZ,BF-->NZ,BF-->NZ,BF-->NZ,BF-->NZ,BF-->NZ,BF-->NZ,BF-->NZ,BF-->NZ,BF-->NZ,,,,,,,,,,,,,,,,,NZ-->BF,NZ-->BF,NZ-->BF,NZ-->BF,NZ-->BF,NZ-->BF,NZ-->BF,NZ-->BF,NZ-->BF,NZ-->BF,NZ-->BF,NZ-->BF,NZ-->BF,NZ-->BF,NZ-->BF,NZ-->BF,NZ-->BF,NZ-->BF,NZ-->BF
BI,BDI,Burundi,Bujumbura,Africa,Eastern Africa,,BI-->NZ,BI-->NZ,BI-->NZ,BI-->NZ,BI-->NZ,BI-->NZ,BI-->NZ,BI-->NZ,BI-->NZ,BI-->NZ,BI-->NZ,BI-->NZ,BI-->NZ,BI-->NZ,BI-->NZ,BI-->NZ,BI-->NZ,BI-->NZ,BI-->NZ,,,,,,,,,,,,,,,,,NZ-->BI,NZ-->BI,NZ-->BI,NZ-->BI,NZ-->BI,NZ-->BI,NZ-->BI,NZ-->BI,NZ-->BI,NZ-->BI,NZ-->BI,NZ-->BI,NZ-->BI,NZ-->BI,NZ-->BI,NZ-->BI,NZ-->BI,NZ-->BI,NZ-->BI
KH,KHM,Cambodia,Phnom Penh,Asia,South-Eastern Asia,,KH-->NZ,KH-->NZ,KH-->NZ,KH-->NZ,KH-->NZ,KH-->NZ,KH-->NZ,KH-->NZ,KH-->NZ,KH-->NZ,KH-->NZ,KH-->NZ,KH-->NZ,KH-->NZ,KH-->NZ,KH-->NZ,KH-->NZ,KH-->NZ,KH-->NZ,,,,,,,,,,,,,,,,,NZ-->KH,NZ-->KH,NZ-->KH,NZ-->KH,NZ-->KH,NZ-->KH,NZ-->KH,NZ-->KH,NZ-->KH,NZ-->KH,NZ-->KH,NZ-->KH,NZ-->KH,NZ-->KH,NZ-->KH,NZ-->KH,NZ-->KH,NZ-->KH,NZ-->KH
CM,CMR,Cameroon,Yaoundé,Africa,Middle Africa,,CM-->NZ,CM-->NZ,CM-->NZ,CM-->NZ,CM-->NZ,CM-->NZ,CM-->NZ,CM-->NZ,CM-->NZ,CM-->NZ,CM-->NZ,CM-->NZ,CM-->NZ,CM-->NZ,CM-->NZ,CM-->NZ,CM-->NZ,CM-->NZ,CM-->NZ,,,,,,,,,,,,,,,,,NZ-->CM,NZ-->CM,NZ-->CM,NZ-->CM,NZ-->CM,NZ-->CM,NZ-->CM,NZ-->CM,NZ-->CM,NZ-->CM,NZ-->CM,NZ-->CM,NZ-->CM,NZ-->CM,NZ-->CM,NZ-->CM,NZ-->CM,NZ-->CM,NZ-->CM
CA,CAN,Canada,Ottawa,Americas,Northern America,,CA-->NZ,CA-->NZ,CA-->NZ,CA-->NZ,CA-->NZ,CA-->NZ,CA-->NZ,CA-->NZ,CA-->NZ,CA-->NZ,CA-->NZ,CA-->NZ,CA-->NZ,CA-->NZ,CA-->NZ,CA-->NZ,CA-->NZ,CA-->NZ,CA-->NZ,,,,,,,,,,,,,,,,,NZ-->CA,NZ-->CA,NZ-->CA,NZ-->CA,NZ-->CA,NZ-->CA,NZ-->CA,NZ-->CA,NZ-->CA,NZ-->CA,NZ-->CA,NZ-->CA,NZ-->CA,NZ-->CA,NZ-->CA,NZ-->CA,NZ-->CA,NZ-->CA,NZ-->CA
CV,CPV,Cape Verde,Praia,Africa,Western Africa,,CV-->NZ,CV-->NZ,CV-->NZ,CV-->NZ,CV-->NZ,CV-->NZ,CV-->NZ,CV-->NZ,CV-->NZ,CV-->NZ,CV-->NZ,CV-->NZ,CV-->NZ,CV-->NZ,CV-->NZ,CV-->NZ,CV-->NZ,CV-->NZ,CV-->NZ,,,,,,,,,,,,,,,,,NZ-->CV,NZ-->CV,NZ-->CV,NZ-->CV,NZ-->CV,NZ-->CV,NZ-->CV,NZ-->CV,NZ-->CV,NZ-->CV,NZ-->CV,NZ-->CV,NZ-->CV,NZ-->CV,NZ-->CV,NZ-->CV,NZ-->CV,NZ-->CV,NZ-->CV
KY,CYM,Cayman Islands,George Town,Americas,Caribbean,,KY-->NZ,KY-->NZ,KY-->NZ,KY-->NZ,KY-->NZ,KY-->NZ,KY-->NZ,KY-->NZ,KY-->NZ,KY-->NZ,KY-->NZ,KY-->NZ,KY-->NZ,KY-->NZ,KY-->NZ,KY-->NZ,KY-->NZ,KY-->NZ,KY-->NZ,,,,,,,,,,,,,,,,,NZ-->KY,NZ-->KY,NZ-->KY,NZ-->KY,NZ-->KY,NZ-->KY,NZ-->KY,NZ-->KY,NZ-->KY,NZ-->KY,NZ-->KY,NZ-->KY,NZ-->KY,NZ-->KY,NZ-->KY,NZ-->KY,NZ-->KY,NZ-->KY,NZ-->KY
CF,CAF,Central African Republic,Bangui,Africa,Middle Africa,,CF-->NZ,CF-->NZ,CF-->NZ,CF-->NZ,CF-->NZ,CF-->NZ,CF-->NZ,CF-->NZ,CF-->NZ,CF-->NZ,CF-->NZ,CF-->NZ,CF-->NZ,CF-->NZ,CF-->NZ,CF-->NZ,CF-->NZ,CF-->NZ,CF-->NZ,,,,,,,,,,,,,,,,,NZ-->CF,NZ-->CF,NZ-->CF,NZ-->CF,NZ-->CF,NZ-->CF,NZ-->CF,NZ-->CF,NZ-->CF,NZ-->CF,NZ-->CF,NZ-->CF,NZ-->CF,NZ-->CF,NZ-->CF,NZ-->CF,NZ-->CF,NZ-->CF,NZ-->CF
TD,TCD,Chad,N'Djamena,Africa,Middle Africa,,TD-->NZ,TD-->NZ,TD-->NZ,TD-->NZ,TD-->NZ,TD-->NZ,TD-->NZ,TD-->NZ,TD-->NZ,TD-->NZ,TD-->NZ,TD-->NZ,TD-->NZ,TD-->NZ,TD-->NZ,TD-->NZ,TD-->NZ,TD-->NZ,TD-->NZ,,,,,,,,,,,,,,,,,NZ-->TD,NZ-->TD,NZ-->TD,NZ-->TD,NZ-->TD,NZ-->TD,NZ-->TD,NZ-->TD,NZ-->TD,NZ-->TD,NZ-->TD,NZ-->TD,NZ-->TD,NZ-->TD,NZ-->TD,NZ-->TD,NZ-->TD,NZ-->TD,NZ-->TD
CL,CHL,Chile,Santiago,Americas,South America,,CL-->NZ,CL-->NZ,CL-->NZ,CL-->NZ,CL-->NZ,CL-->NZ,CL-->NZ,CL-->NZ,CL-->NZ,CL-->NZ,CL-->NZ,CL-->NZ,CL-->NZ,CL-->NZ,CL-->NZ,CL-->NZ,CL-->NZ,CL-->NZ,CL-->NZ,,,,,,,,,,,,,,,,,NZ-->CL,NZ-->CL,NZ-->CL,NZ-->CL,NZ-->CL,NZ-->CL,NZ-->CL,NZ-->CL,NZ-->CL,NZ-->CL,NZ-->CL,NZ-->CL,NZ-->CL,NZ-->CL,NZ-->CL,NZ-->CL,NZ-->CL,NZ-->CL,NZ-->CL
CN,CHN,China,Beijing,Asia,Eastern Asia,,CN-->NZ,CN-->NZ,CN-->NZ,CN-->NZ,CN-->NZ,CN-->NZ,CN-->NZ,CN-->NZ,CN-->NZ,CN-->NZ,CN-->NZ,CN-->NZ,CN-->NZ,CN-->NZ,CN-->NZ,CN-->NZ,CN-->NZ,CN-->NZ,CN-->NZ,,,,,,,,,,,,,,,,,NZ-->CN,NZ-->CN,NZ-->CN,NZ-->CN,NZ-->CN,NZ-->CN,NZ-->CN,NZ-->CN,NZ-->CN,NZ-->CN,NZ-->CN,NZ-->CN,NZ-->CN,NZ-->CN,NZ-->CN,NZ-->CN,NZ-->CN,NZ-->CN,NZ-->CN
CX,CXR,Christmas Island,Flying Fish Cove,Oceania,Australia and New Zealand,,CX-->NZ,CX-->NZ,CX-->NZ,CX-->NZ,CX-->NZ,CX-->NZ,CX-->NZ,CX-->NZ,CX-->NZ,CX-->NZ,CX-->NZ,CX-->NZ,CX-->NZ,CX-->NZ,CX-->NZ,CX-->NZ,CX-->NZ,CX-->NZ,CX-->NZ,,,,,,,,,,,,,,,,,NZ-->CX,NZ-->CX,NZ-->CX,NZ-->CX,NZ-->CX,NZ-->CX,NZ-->CX,NZ-->CX,NZ-->CX,NZ-->CX,NZ-->CX,NZ-->CX,NZ-->CX,NZ-->CX,NZ-->CX,NZ-->CX,NZ-->CX,NZ-->CX,NZ-->CX
CC,CCK,Cocos (Keeling) Islands,West Island,Oceania,Australia and New Zealand,,CC-->NZ,CC-->NZ,CC-->NZ,CC-->NZ,CC-->NZ,CC-->NZ,CC-->NZ,CC-->NZ,CC-->NZ,CC-->NZ,CC-->NZ,CC-->NZ,CC-->NZ,CC-->NZ,CC-->NZ,CC-->NZ,CC-->NZ,CC-->NZ,CC-->NZ,,,,,,,,,,,,,,,,,NZ-->CC,NZ-->CC,NZ-->CC,NZ-->CC,NZ-->CC,NZ-->CC,NZ-->CC,NZ-->CC,NZ-->CC,NZ-->CC,NZ-->CC,NZ-->CC,NZ-->CC,NZ-->CC,NZ-->CC,NZ-->CC,NZ-->CC,NZ-->CC,NZ-->CC
CO,COL,Colombia,Bogotá,Americas,South America,,CO-->NZ,CO-->NZ,CO-->NZ,CO-->NZ,CO-->NZ,CO-->NZ,CO-->NZ,CO-->NZ,CO-->NZ,CO-->NZ,CO-->NZ,CO-->NZ,CO-->NZ,CO-->NZ,CO-->NZ,CO-->NZ,CO-->NZ,CO-->NZ,CO-->NZ,,,,,,,,,,,,,,,,,NZ-->CO,NZ-->CO,NZ-->CO,NZ-->CO,NZ-->CO,NZ-->CO,NZ-->CO,NZ-->CO,NZ-->CO,NZ-->CO,NZ-->CO,NZ-->CO,NZ-->CO,NZ-->CO,NZ-->CO,NZ-->CO,NZ-->CO,NZ-->CO,NZ-->CO
KM,COM,Comoros,Moroni,Africa,Eastern Africa,,KM-->NZ,KM-->NZ,KM-->NZ,KM-->NZ,KM-->NZ,KM-->NZ,KM-->NZ,KM-->NZ,KM-->NZ,KM-->NZ,KM-->NZ,KM-->NZ,KM-->NZ,KM-->NZ,KM-->NZ,KM-->NZ,KM-->NZ,KM-->NZ,KM-->NZ,,,,,,,,,,,,,,,,,NZ-->KM,NZ-->KM,NZ-->KM,NZ-->KM,NZ-->KM,NZ-->KM,NZ-->KM,NZ-->KM,NZ-->KM,NZ-->KM,NZ-->KM,NZ-->KM,NZ-->KM,NZ-->KM,NZ-->KM,NZ-->KM,NZ-->KM,NZ-->KM,NZ-->KM
CG,COG,Republic of the Congo,Brazzaville,Africa,Middle Africa,,CG-->NZ,CG-->NZ,CG-->NZ,CG-->NZ,CG-->NZ,CG-->NZ,CG-->NZ,CG-->NZ,CG-->NZ,CG-->NZ,CG-->NZ,CG-->NZ,CG-->NZ,CG-->NZ,CG-->NZ,CG-->NZ,CG-->NZ,CG-->NZ,CG-->NZ,,,,,,,,,,,,,,,,,NZ-->CG,NZ-->CG,NZ-->CG,NZ-->CG,NZ-->CG,NZ-->CG,NZ-->CG,NZ-->CG,NZ-->CG,NZ-->CG,NZ-->CG,NZ-->CG,NZ-->CG,NZ-->CG,NZ-->CG,NZ-->CG,NZ-->CG,NZ-->CG,NZ-->CG
CD,COD,Democratic Republic of the Congo,Kinshasa,Africa,Middle Africa,,CD-->NZ,CD-->NZ,CD-->NZ,CD-->NZ,CD-->NZ,CD-->NZ,CD-->NZ,CD-->NZ,CD-->NZ,CD-->NZ,CD-->NZ,CD-->NZ,CD-->NZ,CD-->NZ,CD-->NZ,CD-->NZ,CD-->NZ,CD-->NZ,CD-->NZ,,,,,,,,,,,,,,,,,NZ-->CD,NZ-->CD,NZ-->CD,NZ-->CD,NZ-->CD,NZ-->CD,NZ-->CD,NZ-->CD,NZ-->CD,NZ-->CD,NZ-->CD,NZ-->CD,NZ-->CD,NZ-->CD,NZ-->CD,NZ-->CD,NZ-->CD,NZ-->CD,NZ-->CD
CK,COK,Cook Islands,Avarua,Oceania,Polynesia,,CK-->NZ,CK-->NZ,CK-->NZ,CK-->NZ,CK-->NZ,CK-->NZ,CK-->NZ,CK-->NZ,CK-->NZ,CK-->NZ,CK-->NZ,CK-->NZ,CK-->NZ,CK-->NZ,CK-->NZ,CK-->NZ,CK-->NZ,CK-->NZ,CK-->NZ,,,,,,,,,,,,,,,,,NZ-->CK,NZ-->CK,NZ-->CK,NZ-->CK,NZ-->CK,NZ-->CK,NZ-->CK,NZ-->CK,NZ-->CK,NZ-->CK,NZ-->CK,NZ-->CK,NZ-->CK,NZ-->CK,NZ-->CK,NZ-->CK,NZ-->CK,NZ-->CK,NZ-->CK
CR,CRI,Costa Rica,San José,Americas,Central America,,CR-->NZ,CR-->NZ,CR-->NZ,CR-->NZ,CR-->NZ,CR-->NZ,CR-->NZ,CR-->NZ,CR-->NZ,CR-->NZ,CR-->NZ,CR-->NZ,CR-->NZ,CR-->NZ,CR-->NZ,CR-->NZ,CR-->NZ,CR-->NZ,CR-->NZ,,,,,,,,,,,,,,,,,NZ-->CR,NZ-->CR,NZ-->CR,NZ-->CR,NZ-->CR,NZ-->CR,NZ-->CR,NZ-->CR,NZ-->CR,NZ-->CR,NZ-->CR,NZ-->CR,NZ-->CR,NZ-->CR,NZ-->CR,NZ-->CR,NZ-->CR,NZ-->CR,NZ-->CR
HR,HRV,Croatia,Zagreb,Europe,Southern Europe,,HR-->NZ,HR-->NZ,HR-->NZ,HR-->NZ,HR-->NZ,HR-->NZ,HR-->NZ,HR-->NZ,HR-->NZ,HR-->NZ,HR-->NZ,HR-->NZ,HR-->NZ,HR-->NZ,HR-->NZ,HR-->NZ,HR-->NZ,HR-->NZ,HR-->NZ,,,,,,,,,,,,,,,,,NZ-->HR,NZ-->HR,NZ-->HR,NZ-->HR,NZ-->HR,NZ-->HR,NZ-->HR,NZ-->HR,NZ-->HR,NZ-->HR,NZ-->HR,NZ-->HR,NZ-->HR,NZ-->HR,NZ-->HR,NZ-->HR,NZ-->HR,NZ-->HR,NZ-->HR
CU,CUB,Cuba,Havana,Americas,Caribbean,,CU-->NZ,CU-->NZ,CU-->NZ,CU-->NZ,CU-->NZ,CU-->NZ,CU-->NZ,CU-->NZ,CU-->NZ,CU-->NZ,CU-->NZ,CU-->NZ,CU-->NZ,CU-->NZ,CU-->NZ,CU-->NZ,CU-->NZ,CU-->NZ,CU-->NZ,,,,,,,,,,,,,,,,,NZ-->CU,NZ-->CU,NZ-->CU,NZ-->CU,NZ-->CU,NZ-->CU,NZ-->CU,NZ-->CU,NZ-->CU,NZ-->CU,NZ-->CU,NZ-->CU,NZ-->CU,NZ-->CU,NZ-->CU,NZ-->CU,NZ-->CU,NZ-->CU,NZ-->CU
CW,CUW,Curaçao,Willemstad,Americas,Caribbean,,CW-->NZ,CW-->NZ,CW-->NZ,CW-->NZ,CW-->NZ,CW-->NZ,CW-->NZ,CW-->NZ,CW-->NZ,CW-->NZ,CW-->NZ,CW-->NZ,CW-->NZ,CW-->NZ,CW-->NZ,CW-->NZ,CW-->NZ,CW-->NZ,CW-->NZ,,,,,,,,,,,,,,,,,NZ-->CW,NZ-->CW,NZ-->CW,NZ-->CW,NZ-->CW,NZ-->CW,NZ-->CW,NZ-->CW,NZ-->CW,NZ-->CW,NZ-->CW,NZ-->CW,NZ-->CW,NZ-->CW,NZ-->CW,NZ-->CW,NZ-->CW,NZ-->CW,NZ-->CW
CY,CYP,Cyprus,Nicosia,Europe,Southern Europe,,CY-->NZ,CY-->NZ,CY-->NZ,CY-->NZ,CY-->NZ,CY-->NZ,CY-->NZ,CY-->NZ,CY-->NZ,CY-->NZ,CY-->NZ,CY-->NZ,CY-->NZ,CY-->NZ,CY-->NZ,CY-->NZ,CY-->NZ,CY-->NZ,CY-->NZ,,,,,,,,,,,,,,,,,NZ-->CY,NZ-->CY,NZ-->CY,NZ-->CY,NZ-->CY,NZ-->CY,NZ-->CY,NZ-->CY,NZ-->CY,NZ-->CY,NZ-->CY,NZ-->CY,NZ-->CY,NZ-->CY,NZ-->CY,NZ-->CY,NZ-->CY,NZ-->CY,NZ-->CY
CZ,CZE,Czech Republic,Prague,Europe,Eastern Europe,,CZ-->NZ,CZ-->NZ,CZ-->NZ,CZ-->NZ,CZ-->NZ,CZ-->NZ,CZ-->NZ,CZ-->NZ,CZ-->NZ,CZ-->NZ,CZ-->NZ,CZ-->NZ,CZ-->NZ,CZ-->NZ,CZ-->NZ,CZ-->NZ,CZ-->NZ,CZ-->NZ,CZ-->NZ,,,,,,,,,,,,,,,,,NZ-->CZ,NZ-->CZ,NZ-->CZ,NZ-->CZ,NZ-->CZ,NZ-->CZ,NZ-->CZ,NZ-->CZ,NZ-->CZ,NZ-->CZ,NZ-->CZ,NZ-->CZ,NZ-->CZ,NZ-->CZ,NZ-->CZ,NZ-->CZ,NZ-->CZ,NZ-->CZ,NZ-->CZ
DK,DNK,Denmark,Copenhagen,Europe,Northern Europe,,DK-->NZ,DK-->NZ,DK-->NZ,DK-->NZ,DK-->NZ,DK-->NZ,DK-->NZ,DK-->NZ,DK-->NZ,DK-->NZ,DK-->NZ,DK-->NZ,DK-->NZ,DK-->NZ,DK-->NZ,DK-->NZ,DK-->NZ,DK-->NZ,DK-->NZ,,,,,,,,,,,,,,,,,NZ-->DK,NZ-->DK,NZ-->DK,NZ-->DK,NZ-->DK,NZ-->DK,NZ-->DK,NZ-->DK,NZ-->DK,NZ-->DK,NZ-->DK,NZ-->DK,NZ-->DK,NZ-->DK,NZ-->DK,NZ-->DK,NZ-->DK,NZ-->DK,NZ-->DK
DJ,DJI,Djibouti,Djibouti,Africa,Eastern Africa,,DJ-->NZ,DJ-->NZ,DJ-->NZ,DJ-->NZ,DJ-->NZ,DJ-->NZ,DJ-->NZ,DJ-->NZ,DJ-->NZ,DJ-->NZ,DJ-->NZ,DJ-->NZ,DJ-->NZ,DJ-->NZ,DJ-->NZ,DJ-->NZ,DJ-->NZ,DJ-->NZ,DJ-->NZ,,,,,,,,,,,,,,,,,NZ-->DJ,NZ-->DJ,NZ-->DJ,NZ-->DJ,NZ-->DJ,NZ-->DJ,NZ-->DJ,NZ-->DJ,NZ-->DJ,NZ-->DJ,NZ-->DJ,NZ-->DJ,NZ-->DJ,NZ-->DJ,NZ-->DJ,NZ-->DJ,NZ-->DJ,NZ-->DJ,NZ-->DJ
DM,DMA,Dominica,Roseau,Americas,Caribbean,,DM-->NZ,DM-->NZ,DM-->NZ,DM-->NZ,DM-->NZ,DM-->NZ,DM-->NZ,DM-->NZ,DM-->NZ,DM-->NZ,DM-->NZ,DM-->NZ,DM-->NZ,DM-->NZ,DM-->NZ,DM-->NZ,DM-->NZ,DM-->NZ,DM-->NZ,,,,,,,,,,,,,,,,,NZ-->DM,NZ-->DM,NZ-->DM,NZ-->DM,NZ-->DM,NZ-->DM,NZ-->DM,NZ-->DM,NZ-->DM,NZ-->DM,NZ-->DM,NZ-->DM,NZ-->DM,NZ-->DM,NZ-->DM,NZ-->DM,NZ-->DM,NZ-->DM,NZ-->DM
DO,DOM,Dominican Republic,Santo Domingo,Americas,Caribbean,,DO-->NZ,DO-->NZ,DO-->NZ,DO-->NZ,DO-->NZ,DO-->NZ,DO-->NZ,DO-->NZ,DO-->NZ,DO-->NZ,DO-->NZ,DO-->NZ,DO-->NZ,DO-->NZ,DO-->NZ,DO-->NZ,DO-->NZ,DO-->NZ,DO-->NZ,,,,,,,,,,,,,,,,,NZ-->DO,NZ-->DO,NZ-->DO,NZ-->DO,NZ-->DO,NZ-->DO,NZ-->DO,NZ-->DO,NZ-->DO,NZ-->DO,NZ-->DO,NZ-->DO,NZ-->DO,NZ-->DO,NZ-->DO,NZ-->DO,NZ-->DO,NZ-->DO,NZ-->DO
EC,ECU,Ecuador,Quito,Americas,South America,,EC-->NZ,EC-->NZ,EC-->NZ,EC-->NZ,EC-->NZ,EC-->NZ,EC-->NZ,EC-->NZ,EC-->NZ,EC-->NZ,EC-->NZ,EC-->NZ,EC-->NZ,EC-->NZ,EC-->NZ,EC-->NZ,EC-->NZ,EC-->NZ,EC-->NZ,,,,,,,,,,,,,,,,,NZ-->EC,NZ-->EC,NZ-->EC,NZ-->EC,NZ-->EC,NZ-->EC,NZ-->EC,NZ-->EC,NZ-->EC,NZ-->EC,NZ-->EC,NZ-->EC,NZ-->EC,NZ-->EC,NZ-->EC,NZ-->EC,NZ-->EC,NZ-->EC,NZ-->EC
EG,EGY,Egypt,Cairo,Africa,Northern Africa,,EG-->NZ,EG-->NZ,EG-->NZ,EG-->NZ,EG-->NZ,EG-->NZ,EG-->NZ,EG-->NZ,EG-->NZ,EG-->NZ,EG-->NZ,EG-->NZ,EG-->NZ,EG-->NZ,EG-->NZ,EG-->NZ,EG-->NZ,EG-->NZ,EG-->NZ,,,,,,,,,,,,,,,,,NZ-->EG,NZ-->EG,NZ-->EG,NZ-->EG,NZ-->EG,NZ-->EG,NZ-->EG,NZ-->EG,NZ-->EG,NZ-->EG,NZ-->EG,NZ-->EG,NZ-->EG,NZ-->EG,NZ-->EG,NZ-->EG,NZ-->EG,NZ-->EG,NZ-->EG
SV,SLV,El Salvador,San Salvador,Americas,Central America,,SV-->NZ,SV-->NZ,SV-->NZ,SV-->NZ,SV-->NZ,SV-->NZ,SV-->NZ,SV-->NZ,SV-->NZ,SV-->NZ,SV-->NZ,SV-->NZ,SV-->NZ,SV-->NZ,SV-->NZ,SV-->NZ,SV-->NZ,SV-->NZ,SV-->NZ,,,,,,,,,,,,,,,,,NZ-->SV,NZ-->SV,NZ-->SV,NZ-->SV,NZ-->SV,NZ-->SV,NZ-->SV,NZ-->SV,NZ-->SV,NZ-->SV,NZ-->SV,NZ-->SV,NZ-->SV,NZ-->SV,NZ-->SV,NZ-->SV,NZ-->SV,NZ-->SV,NZ-->SV
GQ,GNQ,Equatorial Guinea,Malabo,Africa,Middle Africa,,GQ-->NZ,GQ-->NZ,GQ-->NZ,GQ-->NZ,GQ-->NZ,GQ-->NZ,GQ-->NZ,GQ-->NZ,GQ-->NZ,GQ-->NZ,GQ-->NZ,GQ-->NZ,GQ-->NZ,GQ-->NZ,GQ-->NZ,GQ-->NZ,GQ-->NZ,GQ-->NZ,GQ-->NZ,,,,,,,,,,,,,,,,,NZ-->GQ,NZ-->GQ,NZ-->GQ,NZ-->GQ,NZ-->GQ,NZ-->GQ,NZ-->GQ,NZ-->GQ,NZ-->GQ,NZ-->GQ,NZ-->GQ,NZ-->GQ,NZ-->GQ,NZ-->GQ,NZ-->GQ,NZ-->GQ,NZ-->GQ,NZ-->GQ,NZ-->GQ
ER,ERI,Eritrea,Asmara,Africa,Eastern Africa,,ER-->NZ,ER-->NZ,ER-->NZ,ER-->NZ,ER-->NZ,ER-->NZ,ER-->NZ,ER-->NZ,ER-->NZ,ER-->NZ,ER-->NZ,ER-->NZ,ER-->NZ,ER-->NZ,ER-->NZ,ER-->NZ,ER-->NZ,ER-->NZ,ER-->NZ,,,,,,,,,,,,,,,,,NZ-->ER,NZ-->ER,NZ-->ER,NZ-->ER,NZ-->ER,NZ-->ER,NZ-->ER,NZ-->ER,NZ-->ER,NZ-->ER,NZ-->ER,NZ-->ER,NZ-->ER,NZ-->ER,NZ-->ER,NZ-->ER,NZ-->ER,NZ-->ER,NZ-->ER
EE,EST,Estonia,Tallinn,Europe,Northern Europe,,EE-->NZ,EE-->NZ,EE-->NZ,EE-->NZ,EE-->NZ,EE-->NZ,EE-->NZ,EE-->NZ,EE-->NZ,EE-->NZ,EE-->NZ,EE-->NZ,EE-->NZ,EE-->NZ,EE-->NZ,EE-->NZ,EE-->NZ,EE-->NZ,EE-->NZ,,,,,,,,,,,,,,,,,NZ-->EE,NZ-->EE,NZ-->EE,NZ-->EE,NZ-->EE,NZ-->EE,NZ-->EE,NZ-->EE,NZ-->EE,NZ-->EE,NZ-->EE,NZ-->EE,NZ-->EE,NZ-->EE,NZ-->EE,NZ-->EE,NZ-->EE,NZ-->EE,NZ-->EE
ET,ETH,Ethiopia,Addis Ababa,Africa,Eastern Africa,,ET-->NZ,ET-->NZ,ET-->NZ,ET-->NZ,ET-->NZ,ET-->NZ,ET-->NZ,ET-->NZ,ET-->NZ,ET-->NZ,ET-->NZ,ET-->NZ,ET-->NZ,ET-->NZ,ET-->NZ,ET-->NZ,ET-->NZ,ET-->NZ,ET-->NZ,,,,,,,,,,,,,,,,,NZ-->ET,NZ-->ET,NZ-->ET,NZ-->ET,NZ-->ET,NZ-->ET,NZ-->ET,NZ-->ET,NZ-->ET,NZ-->ET,NZ-->ET,NZ-->ET,NZ-->ET,NZ-->ET,NZ-->ET,NZ-->ET,NZ-->ET,NZ-->ET,NZ-->ET
FK,FLK,Falkland Islands,Stanley,Americas,South America,,FK-->NZ,FK-->NZ,FK-->NZ,FK-->NZ,FK-->NZ,FK-->NZ,FK-->NZ,FK-->NZ,FK-->NZ,FK-->NZ,FK-->NZ,FK-->NZ,FK-->NZ,FK-->NZ,FK-->NZ,FK-->NZ,FK-->NZ,FK-->NZ,FK-->NZ,,,,,,,,,,,,,,,,,NZ-->FK,NZ-->FK,NZ-->FK,NZ-->FK,NZ-->FK,NZ-->FK,NZ-->FK,NZ-->FK,NZ-->FK,NZ-->FK,NZ-->FK,NZ-->FK,NZ-->FK,NZ-->FK,NZ-->FK,NZ-->FK,NZ-->FK,NZ-->FK,NZ-->FK
FO,FRO,Faroe Islands,Tórshavn,Europe,Northern Europe,,FO-->NZ,FO-->NZ,FO-->NZ,FO-->NZ,FO-->NZ,FO-->NZ,FO-->NZ,FO-->NZ,FO-->NZ,FO-->NZ,FO-->NZ,FO-->NZ,FO-->NZ,FO-->NZ,FO-->NZ,FO-->NZ,FO-->NZ,FO-->NZ,FO-->NZ,,,,,,,,,,,,,,,,,NZ-->FO,NZ-->FO,NZ-->FO,NZ-->FO,NZ-->FO,NZ-->FO,NZ-->FO,NZ-->FO,NZ-->FO,NZ-->FO,NZ-->FO,NZ-->FO,NZ-->FO,NZ-->FO,NZ-->FO,NZ-->FO,NZ-->FO,NZ-->FO,NZ-->FO
FJ,FJI,Fiji,Suva,Oceania,Melanesia,,FJ-->NZ,FJ-->NZ,FJ-->NZ,FJ-->NZ,FJ-->NZ,FJ-->NZ,FJ-->NZ,FJ-->NZ,FJ-->NZ,FJ-->NZ,FJ-->NZ,FJ-->NZ,FJ-->NZ,FJ-->NZ,FJ-->NZ,FJ-->NZ,FJ-->NZ,FJ-->NZ,FJ-->NZ,,,,,,,,,,,,,,,,,NZ-->FJ,NZ-->FJ,NZ-->FJ,NZ-->FJ,NZ-->FJ,NZ-->FJ,NZ-->FJ,NZ-->FJ,NZ-->FJ,NZ-->FJ,NZ-->FJ,NZ-->FJ,NZ-->FJ,NZ-->FJ,NZ-->FJ,NZ-->FJ,NZ-->FJ,NZ-->FJ,NZ-->FJ
FI,FIN,Finland,Helsinki,Europe,Northern Europe,,FI-->NZ,FI-->NZ,FI-->NZ,FI-->NZ,FI-->NZ,FI-->NZ,FI-->NZ,FI-->NZ,FI-->NZ,FI-->NZ,FI-->NZ,FI-->NZ,FI-->NZ,FI-->NZ,FI-->NZ,FI-->NZ,FI-->NZ,FI-->NZ,FI-->NZ,,,,,,,,,,,,,,,,,NZ-->FI,NZ-->FI,NZ-->FI,NZ-->FI,NZ-->FI,NZ-->FI,NZ-->FI,NZ-->FI,NZ-->FI,NZ-->FI,NZ-->FI,NZ-->FI,NZ-->FI,NZ-->FI,NZ-->FI,NZ-->FI,NZ-->FI,NZ-->FI,NZ-->FI
FR,FRA,France,Paris,Europe,Western Europe,,FR-->NZ,FR-->NZ,FR-->NZ,FR-->NZ,FR-->NZ,FR-->NZ,FR-->NZ,FR-->NZ,FR-->NZ,FR-->NZ,FR-->NZ,FR-->NZ,FR-->NZ,FR-->NZ,FR-->NZ,FR-->NZ,FR-->NZ,FR-->NZ,FR-->NZ,,,,,,,,,,,,,,,,,NZ-->FR,NZ-->FR,NZ-->FR,NZ-->FR,NZ-->FR,NZ-->FR,NZ-->FR,NZ-->FR,NZ-->FR,NZ-->FR,NZ-->FR,NZ-->FR,NZ-->FR,NZ-->FR,NZ-->FR,NZ-->FR,NZ-->FR,NZ-->FR,NZ-->FR
GF,GUF,French Guiana,Cayenne,Americas,South America,,GF-->NZ,GF-->NZ,GF-->NZ,GF-->NZ,GF-->NZ,GF-->NZ,GF-->NZ,GF-->NZ,GF-->NZ,GF-->NZ,GF-->NZ,GF-->NZ,GF-->NZ,GF-->NZ,GF-->NZ,GF-->NZ,GF-->NZ,GF-->NZ,GF-->NZ,,,,,,,,,,,,,,,,,NZ-->GF,NZ-->GF,NZ-->GF,NZ-->GF,NZ-->GF,NZ-->GF,NZ-->GF,NZ-->GF,NZ-->GF,NZ-->GF,NZ-->GF,NZ-->GF,NZ-->GF,NZ-->GF,NZ-->GF,NZ-->GF,NZ-->GF,NZ-->GF,NZ-->GF
PF,PYF,French Polynesia,Papeetē,Oceania,Polynesia,,PF-->NZ,PF-->NZ,PF-->NZ,PF-->NZ,PF-->NZ,PF-->NZ,PF-->NZ,PF-->NZ,PF-->NZ,PF-->NZ,PF-->NZ,PF-->NZ,PF-->NZ,PF-->NZ,PF-->NZ,PF-->NZ,PF-->NZ,PF-->NZ,PF-->NZ,,,,,,,,,,,,,,,,,NZ-->PF,NZ-->PF,NZ-->PF,NZ-->PF,NZ-->PF,NZ-->PF,NZ-->PF,NZ-->PF,NZ-->PF,NZ-->PF,NZ-->PF,NZ-->PF,NZ-->PF,NZ-->PF,NZ-->PF,NZ-->PF,NZ-->PF,NZ-->PF,NZ-->PF
TF,ATF,French Southern and Antarctic Lands,Port-aux-Français,Africa,Southern Africa,,TF-->NZ,TF-->NZ,TF-->NZ,TF-->NZ,TF-->NZ,TF-->NZ,TF-->NZ,TF-->NZ,TF-->NZ,TF-->NZ,TF-->NZ,TF-->NZ,TF-->NZ,TF-->NZ,TF-->NZ,TF-->NZ,TF-->NZ,TF-->NZ,TF-->NZ,,,,,,,,,,,,,,,,,NZ-->TF,NZ-->TF,NZ-->TF,NZ-->TF,NZ-->TF,NZ-->TF,NZ-->TF,NZ-->TF,NZ-->TF,NZ-->TF,NZ-->TF,NZ-->TF,NZ-->TF,NZ-->TF,NZ-->TF,NZ-->TF,NZ-->TF,NZ-->TF,NZ-->TF
GA,GAB,Gabon,Libreville,Africa,Middle Africa,,GA-->NZ,GA-->NZ,GA-->NZ,GA-->NZ,GA-->NZ,GA-->NZ,GA-->NZ,GA-->NZ,GA-->NZ,GA-->NZ,GA-->NZ,GA-->NZ,GA-->NZ,GA-->NZ,GA-->NZ,GA-->NZ,GA-->NZ,GA-->NZ,GA-->NZ,,,,,,,,,,,,,,,,,NZ-->GA,NZ-->GA,NZ-->GA,NZ-->GA,NZ-->GA,NZ-->GA,NZ-->GA,NZ-->GA,NZ-->GA,NZ-->GA,NZ-->GA,NZ-->GA,NZ-->GA,NZ-->GA,NZ-->GA,NZ-->GA,NZ-->GA,NZ-->GA,NZ-->GA
GM,GMB,The Gambia,Banjul,Africa,Western Africa,,GM-->NZ,GM-->NZ,GM-->NZ,GM-->NZ,GM-->NZ,GM-->NZ,GM-->NZ,GM-->NZ,GM-->NZ,GM-->NZ,GM-->NZ,GM-->NZ,GM-->NZ,GM-->NZ,GM-->NZ,GM-->NZ,GM-->NZ,GM-->NZ,GM-->NZ,,,,,,,,,,,,,,,,,NZ-->GM,NZ-->GM,NZ-->GM,NZ-->GM,NZ-->GM,NZ-->GM,NZ-->GM,NZ-->GM,NZ-->GM,NZ-->GM,NZ-->GM,NZ-->GM,NZ-->GM,NZ-->GM,NZ-->GM,NZ-->GM,NZ-->GM,NZ-->GM,NZ-->GM
GE,GEO,Georgia,Tbilisi,Asia,Western Asia,,GE-->NZ,GE-->NZ,GE-->NZ,GE-->NZ,GE-->NZ,GE-->NZ,GE-->NZ,GE-->NZ,GE-->NZ,GE-->NZ,GE-->NZ,GE-->NZ,GE-->NZ,GE-->NZ,GE-->NZ,GE-->NZ,GE-->NZ,GE-->NZ,GE-->NZ,,,,,,,,,,,,,,,,,NZ-->GE,NZ-->GE,NZ-->GE,NZ-->GE,NZ-->GE,NZ-->GE,NZ-->GE,NZ-->GE,NZ-->GE,NZ-->GE,NZ-->GE,NZ-->GE,NZ-->GE,NZ-->GE,NZ-->GE,NZ-->GE,NZ-->GE,NZ-->GE,NZ-->GE
DE,DEU,Germany,Berlin,Europe,Western Europe,,DE-->NZ,DE-->NZ,DE-->NZ,DE-->NZ,DE-->NZ,DE-->NZ,DE-->NZ,DE-->NZ,DE-->NZ,DE-->NZ,DE-->NZ,DE-->NZ,DE-->NZ,DE-->NZ,DE-->NZ,DE-->NZ,DE-->NZ,DE-->NZ,DE-->NZ,,,,,,,,,,,,,,,,,NZ-->DE,NZ-->DE,NZ-->DE,NZ-->DE,NZ-->DE,NZ-->DE,NZ-->DE,NZ-->DE,NZ-->DE,NZ-->DE,NZ-->DE,NZ-->DE,NZ-->DE,NZ-->DE,NZ-->DE,NZ-->DE,NZ-->DE,NZ-->DE,NZ-->DE
GH,GHA,Ghana,Accra,Africa,Western Africa,,GH-->NZ,GH-->NZ,GH-->NZ,GH-->NZ,GH-->NZ,GH-->NZ,GH-->NZ,GH-->NZ,GH-->NZ,GH-->NZ,GH-->NZ,GH-->NZ,GH-->NZ,GH-->NZ,GH-->NZ,GH-->NZ,GH-->NZ,GH-->NZ,GH-->NZ,,,,,,,,,,,,,,,,,NZ-->GH,NZ-->GH,NZ-->GH,NZ-->GH,NZ-->GH,NZ-->GH,NZ-->GH,NZ-->GH,NZ-->GH,NZ-->GH,NZ-->GH,NZ-->GH,NZ-->GH,NZ-->GH,NZ-->GH,NZ-->GH,NZ-->GH,NZ-->GH,NZ-->GH
GI,GIB,Gibraltar,Gibraltar,Europe,Southern Europe,,GI-->NZ,GI-->NZ,GI-->NZ,GI-->NZ,GI-->NZ,GI-->NZ,GI-->NZ,GI-->NZ,GI-->NZ,GI-->NZ,GI-->NZ,GI-->NZ,GI-->NZ,GI-->NZ,GI-->NZ,GI-->NZ,GI-->NZ,GI-->NZ,GI-->NZ,,,,,,,,,,,,,,,,,NZ-->GI,NZ-->GI,NZ-->GI,NZ-->GI,NZ-->GI,NZ-->GI,NZ-->GI,NZ-->GI,NZ-->GI,NZ-->GI,NZ-->GI,NZ-->GI,NZ-->GI,NZ-->GI,NZ-->GI,NZ-->GI,NZ-->GI,NZ-->GI,NZ-->GI
GR,GRC,Greece,Athens,Europe,Southern Europe,,GR-->NZ,GR-->NZ,GR-->NZ,GR-->NZ,GR-->NZ,GR-->NZ,GR-->NZ,GR-->NZ,GR-->NZ,GR-->NZ,GR-->NZ,GR-->NZ,GR-->NZ,GR-->NZ,GR-->NZ,GR-->NZ,GR-->NZ,GR-->NZ,GR-->NZ,,,,,,,,,,,,,,,,,NZ-->GR,NZ-->GR,NZ-->GR,NZ-->GR,NZ-->GR,NZ-->GR,NZ-->GR,NZ-->GR,NZ-->GR,NZ-->GR,NZ-->GR,NZ-->GR,NZ-->GR,NZ-->GR,NZ-->GR,NZ-->GR,NZ-->GR,NZ-->GR,NZ-->GR
GL,GRL,Greenland,Nuuk,Americas,Northern America,,GL-->NZ,GL-->NZ,GL-->NZ,GL-->NZ,GL-->NZ,GL-->NZ,GL-->NZ,GL-->NZ,GL-->NZ,GL-->NZ,GL-->NZ,GL-->NZ,GL-->NZ,GL-->NZ,GL-->NZ,GL-->NZ,GL-->NZ,GL-->NZ,GL-->NZ,,,,,,,,,,,,,,,,,NZ-->GL,NZ-->GL,NZ-->GL,NZ-->GL,NZ-->GL,NZ-->GL,NZ-->GL,NZ-->GL,NZ-->GL,NZ-->GL,NZ-->GL,NZ-->GL,NZ-->GL,NZ-->GL,NZ-->GL,NZ-->GL,NZ-->GL,NZ-->GL,NZ-->GL
GD,GRD,Grenada,St. George's,Americas,Caribbean,,GD-->NZ,GD-->NZ,GD-->NZ,GD-->NZ,GD-->NZ,GD-->NZ,GD-->NZ,GD-->NZ,GD-->NZ,GD-->NZ,GD-->NZ,GD-->NZ,GD-->NZ,GD-->NZ,GD-->NZ,GD-->NZ,GD-->NZ,GD-->NZ,GD-->NZ,,,,,,,,,,,,,,,,,NZ-->GD,NZ-->GD,NZ-->GD,NZ-->GD,NZ-->GD,NZ-->GD,NZ-->GD,NZ-->GD,NZ-->GD,NZ-->GD,NZ-->GD,NZ-->GD,NZ-->GD,NZ-->GD,NZ-->GD,NZ-->GD,NZ-->GD,NZ-->GD,NZ-->GD
GP,GLP,Guadeloupe,Basse-Terre,Americas,Caribbean,,GP-->NZ,GP-->NZ,GP-->NZ,GP-->NZ,GP-->NZ,GP-->NZ,GP-->NZ,GP-->NZ,GP-->NZ,GP-->NZ,GP-->NZ,GP-->NZ,GP-->NZ,GP-->NZ,GP-->NZ,GP-->NZ,GP-->NZ,GP-->NZ,GP-->NZ,,,,,,,,,,,,,,,,,NZ-->GP,NZ-->GP,NZ-->GP,NZ-->GP,NZ-->GP,NZ-->GP,NZ-->GP,NZ-->GP,NZ-->GP,NZ-->GP,NZ-->GP,NZ-->GP,NZ-->GP,NZ-->GP,NZ-->GP,NZ-->GP,NZ-->GP,NZ-->GP,NZ-->GP
GU,GUM,Guam,Hagåtña,Oceania,Micronesia,,GU-->NZ,GU-->NZ,GU-->NZ,GU-->NZ,GU-->NZ,GU-->NZ,GU-->NZ,GU-->NZ,GU-->NZ,GU-->NZ,GU-->NZ,GU-->NZ,GU-->NZ,GU-->NZ,GU-->NZ,GU-->NZ,GU-->NZ,GU-->NZ,GU-->NZ,,,,,,,,,,,,,,,,,NZ-->GU,NZ-->GU,NZ-->GU,NZ-->GU,NZ-->GU,NZ-->GU,NZ-->GU,NZ-->GU,NZ-->GU,NZ-->GU,NZ-->GU,NZ-->GU,NZ-->GU,NZ-->GU,NZ-->GU,NZ-->GU,NZ-->GU,NZ-->GU,NZ-->GU
GT,GTM,Guatemala,Guatemala City,Americas,Central America,,GT-->NZ,GT-->NZ,GT-->NZ,GT-->NZ,GT-->NZ,GT-->NZ,GT-->NZ,GT-->NZ,GT-->NZ,GT-->NZ,GT-->NZ,GT-->NZ,GT-->NZ,GT-->NZ,GT-->NZ,GT-->NZ,GT-->NZ,GT-->NZ,GT-->NZ,,,,,,,,,,,,,,,,,NZ-->GT,NZ-->GT,NZ-->GT,NZ-->GT,NZ-->GT,NZ-->GT,NZ-->GT,NZ-->GT,NZ-->GT,NZ-->GT,NZ-->GT,NZ-->GT,NZ-->GT,NZ-->GT,NZ-->GT,NZ-->GT,NZ-->GT,NZ-->GT,NZ-->GT
GG,GGY,Guernsey,St. Peter Port,Europe,Northern Europe,,GG-->NZ,GG-->NZ,GG-->NZ,GG-->NZ,GG-->NZ,GG-->NZ,GG-->NZ,GG-->NZ,GG-->NZ,GG-->NZ,GG-->NZ,GG-->NZ,GG-->NZ,GG-->NZ,GG-->NZ,GG-->NZ,GG-->NZ,GG-->NZ,GG-->NZ,,,,,,,,,,,,,,,,,NZ-->GG,NZ-->GG,NZ-->GG,NZ-->GG,NZ-->GG,NZ-->GG,NZ-->GG,NZ-->GG,NZ-->GG,NZ-->GG,NZ-->GG,NZ-->GG,NZ-->GG,NZ-->GG,NZ-->GG,NZ-->GG,NZ-->GG,NZ-->GG,NZ-->GG
GN,GIN,Guinea,Conakry,Africa,Western Africa,,GN-->NZ,GN-->NZ,GN-->NZ,GN-->NZ,GN-->NZ,GN-->NZ,GN-->NZ,GN-->NZ,GN-->NZ,GN-->NZ,GN-->NZ,GN-->NZ,GN-->NZ,GN-->NZ,GN-->NZ,GN-->NZ,GN-->NZ,GN-->NZ,GN-->NZ,,,,,,,,,,,,,,,,,NZ-->GN,NZ-->GN,NZ-->GN,NZ-->GN,NZ-->GN,NZ-->GN,NZ-->GN,NZ-->GN,NZ-->GN,NZ-->GN,NZ-->GN,NZ-->GN,NZ-->GN,NZ-->GN,NZ-->GN,NZ-->GN,NZ-->GN,NZ-->GN,NZ-->GN
GW,GNB,Guinea-Bissau,Bissau,Africa,Western Africa,,GW-->NZ,GW-->NZ,GW-->NZ,GW-->NZ,GW-->NZ,GW-->NZ,GW-->NZ,GW-->NZ,GW-->NZ,GW-->NZ,GW-->NZ,GW-->NZ,GW-->NZ,GW-->NZ,GW-->NZ,GW-->NZ,GW-->NZ,GW-->NZ,GW-->NZ,,,,,,,,,,,,,,,,,NZ-->GW,NZ-->GW,NZ-->GW,NZ-->GW,NZ-->GW,NZ-->GW,NZ-->GW,NZ-->GW,NZ-->GW,NZ-->GW,NZ-->GW,NZ-->GW,NZ-->GW,NZ-->GW,NZ-->GW,NZ-->GW,NZ-->GW,NZ-->GW,NZ-->GW
GY,GUY,Guyana,Georgetown,Americas,South America,,GY-->NZ,GY-->NZ,GY-->NZ,GY-->NZ,GY-->NZ,GY-->NZ,GY-->NZ,GY-->NZ,GY-->NZ,GY-->NZ,GY-->NZ,GY-->NZ,GY-->NZ,GY-->NZ,GY-->NZ,GY-->NZ,GY-->NZ,GY-->NZ,GY-->NZ,,,,,,,,,,,,,,,,,NZ-->GY,NZ-->GY,NZ-->GY,NZ-->GY,NZ-->GY,NZ-->GY,NZ-->GY,NZ-->GY,NZ-->GY,NZ-->GY,NZ-->GY,NZ-->GY,NZ-->GY,NZ-->GY,NZ-->GY,NZ-->GY,NZ-->GY,NZ-->GY,NZ-->GY
HT,HTI,Haiti,Port-au-Prince,Americas,Caribbean,,HT-->NZ,HT-->NZ,HT-->NZ,HT-->NZ,HT-->NZ,HT-->NZ,HT-->NZ,HT-->NZ,HT-->NZ,HT-->NZ,HT-->NZ,HT-->NZ,HT-->NZ,HT-->NZ,HT-->NZ,HT-->NZ,HT-->NZ,HT-->NZ,HT-->NZ,,,,,,,,,,,,,,,,,NZ-->HT,NZ-->HT,NZ-->HT,NZ-->HT,NZ-->HT,NZ-->HT,NZ-->HT,NZ-->HT,NZ-->HT,NZ-->HT,NZ-->HT,NZ-->HT,NZ-->HT,NZ-->HT,NZ-->HT,NZ-->HT,NZ-->HT,NZ-->HT,NZ-->HT
HM,HMD,Heard Island and McDonald Islands,,,,,HM-->NZ,HM-->NZ,HM-->NZ,HM-->NZ,HM-->NZ,HM-->NZ,HM-->NZ,HM-->NZ,HM-->NZ,HM-->NZ,HM-->NZ,HM-->NZ,HM-->NZ,HM-->NZ,HM-->NZ,HM-->NZ,HM-->NZ,HM-->NZ,HM-->NZ,,,,,,,,,,,,,,,,,NZ-->HM,NZ-->HM,NZ-->HM,NZ-->HM,NZ-->HM,NZ-->HM,NZ-->HM,NZ-->HM,NZ-->HM,NZ-->HM,NZ-->HM,NZ-->HM,NZ-->HM,NZ-->HM,NZ-->HM,NZ-->HM,NZ-->HM,NZ-->HM,NZ-->HM
VA,VAT,Holy See,Rome,Europe,Southern Europe,,VA-->NZ,VA-->NZ,VA-->NZ,VA-->NZ,VA-->NZ,VA-->NZ,VA-->NZ,VA-->NZ,VA-->NZ,VA-->NZ,VA-->NZ,VA-->NZ,VA-->NZ,VA-->NZ,VA-->NZ,VA-->NZ,VA-->NZ,VA-->NZ,VA-->NZ,,,,,,,,,,,,,,,,,NZ-->VA,NZ-->VA,NZ-->VA,NZ-->VA,NZ-->VA,NZ-->VA,NZ-->VA,NZ-->VA,NZ-->VA,NZ-->VA,NZ-->VA,NZ-->VA,NZ-->VA,NZ-->VA,NZ-->VA,NZ-->VA,NZ-->VA,NZ-->VA,NZ-->VA
HN,HND,Honduras,Tegucigalpa,Americas,Central America,,HN-->NZ,HN-->NZ,HN-->NZ,HN-->NZ,HN-->NZ,HN-->NZ,HN-->NZ,HN-->NZ,HN-->NZ,HN-->NZ,HN-->NZ,HN-->NZ,HN-->NZ,HN-->NZ,HN-->NZ,HN-->NZ,HN-->NZ,HN-->NZ,HN-->NZ,,,,,,,,,,,,,,,,,NZ-->HN,NZ-->HN,NZ-->HN,NZ-->HN,NZ-->HN,NZ-->HN,NZ-->HN,NZ-->HN,NZ-->HN,NZ-->HN,NZ-->HN,NZ-->HN,NZ-->HN,NZ-->HN,NZ-->HN,NZ-->HN,NZ-->HN,NZ-->HN,NZ-->HN
HK,HKG,Hong Kong,City of Victoria,Asia,Eastern Asia,,HK-->NZ,HK-->NZ,HK-->NZ,HK-->NZ,HK-->NZ,HK-->NZ,HK-->NZ,HK-->NZ,HK-->NZ,HK-->NZ,HK-->NZ,HK-->NZ,HK-->NZ,HK-->NZ,HK-->NZ,HK-->NZ,HK-->NZ,HK-->NZ,HK-->NZ,,,,,,,,,,,,,,,,,NZ-->HK,NZ-->HK,NZ-->HK,NZ-->HK,NZ-->HK,NZ-->HK,NZ-->HK,NZ-->HK,NZ-->HK,NZ-->HK,NZ-->HK,NZ-->HK,NZ-->HK,NZ-->HK,NZ-->HK,NZ-->HK,NZ-->HK,NZ-->HK,NZ-->HK
HU,HUN,Hungary,Budapest,Europe,Eastern Europe,,HU-->NZ,HU-->NZ,HU-->NZ,HU-->NZ,HU-->NZ,HU-->NZ,HU-->NZ,HU-->NZ,HU-->NZ,HU-->NZ,HU-->NZ,HU-->NZ,HU-->NZ,HU-->NZ,HU-->NZ,HU-->NZ,HU-->NZ,HU-->NZ,HU-->NZ,,,,,,,,,,,,,,,,,NZ-->HU,NZ-->HU,NZ-->HU,NZ-->HU,NZ-->HU,NZ-->HU,NZ-->HU,NZ-->HU,NZ-->HU,NZ-->HU,NZ-->HU,NZ-->HU,NZ-->HU,NZ-->HU,NZ-->HU,NZ-->HU,NZ-->HU,NZ-->HU,NZ-->HU
IS,ISL,Iceland,Reykjavík,Europe,Northern Europe,,IS-->NZ,IS-->NZ,IS-->NZ,IS-->NZ,IS-->NZ,IS-->NZ,IS-->NZ,IS-->NZ,IS-->NZ,IS-->NZ,IS-->NZ,IS-->NZ,IS-->NZ,IS-->NZ,IS-->NZ,IS-->NZ,IS-->NZ,IS-->NZ,IS-->NZ,,,,,,,,,,,,,,,,,NZ-->IS,NZ-->IS,NZ-->IS,NZ-->IS,NZ-->IS,NZ-->IS,NZ-->IS,NZ-->IS,NZ-->IS,NZ-->IS,NZ-->IS,NZ-->IS,NZ-->IS,NZ-->IS,NZ-->IS,NZ-->IS,NZ-->IS,NZ-->IS,NZ-->IS
IN,IND,India,New Delhi,Asia,Southern Asia,,IN-->NZ,IN-->NZ,IN-->NZ,IN-->NZ,IN-->NZ,IN-->NZ,IN-->NZ,IN-->NZ,IN-->NZ,IN-->NZ,IN-->NZ,IN-->NZ,IN-->NZ,IN-->NZ,IN-->NZ,IN-->NZ,IN-->NZ,IN-->NZ,IN-->NZ,,,,,,,,,,,,,,,,,NZ-->IN,NZ-->IN,NZ-->IN,NZ-->IN,NZ-->IN,NZ-->IN,NZ-->IN,NZ-->IN,NZ-->IN,NZ-->IN,NZ-->IN,NZ-->IN,NZ-->IN,NZ-->IN,NZ-->IN,NZ-->IN,NZ-->IN,NZ-->IN,NZ-->IN
ID,IDN,Indonesia,Jakarta,Asia,South-Eastern Asia,,ID-->NZ,ID-->NZ,ID-->NZ,ID-->NZ,ID-->NZ,ID-->NZ,ID-->NZ,ID-->NZ,ID-->NZ,ID-->NZ,ID-->NZ,ID-->NZ,ID-->NZ,ID-->NZ,ID-->NZ,ID-->NZ,ID-->NZ,ID-->NZ,ID-->NZ,,,,,,,,,,,,,,,,,NZ-->ID,NZ-->ID,NZ-->ID,NZ-->ID,NZ-->ID,NZ-->ID,NZ-->ID,NZ-->ID,NZ-->ID,NZ-->ID,NZ-->ID,NZ-->ID,NZ-->ID,NZ-->ID,NZ-->ID,NZ-->ID,NZ-->ID,NZ-->ID,NZ-->ID
CI,CIV,Ivory Coast,Yamoussoukro,Africa,Western Africa,,CI-->NZ,CI-->NZ,CI-->NZ,CI-->NZ,CI-->NZ,CI-->NZ,CI-->NZ,CI-->NZ,CI-->NZ,CI-->NZ,CI-->NZ,CI-->NZ,CI-->NZ,CI-->NZ,CI-->NZ,CI-->NZ,CI-->NZ,CI-->NZ,CI-->NZ,,,,,,,,,,,,,,,,,NZ-->CI,NZ-->CI,NZ-->CI,NZ-->CI,NZ-->CI,NZ-->CI,NZ-->CI,NZ-->CI,NZ-->CI,NZ-->CI,NZ-->CI,NZ-->CI,NZ-->CI,NZ-->CI,NZ-->CI,NZ-->CI,NZ-->CI,NZ-->CI,NZ-->CI
IR,IRN,Iran,Tehran,Asia,Southern Asia,,IR-->NZ,IR-->NZ,IR-->NZ,IR-->NZ,IR-->NZ,IR-->NZ,IR-->NZ,IR-->NZ,IR-->NZ,IR-->NZ,IR-->NZ,IR-->NZ,IR-->NZ,IR-->NZ,IR-->NZ,IR-->NZ,IR-->NZ,IR-->NZ,IR-->NZ,,,,,,,,,,,,,,,,,NZ-->IR,NZ-->IR,NZ-->IR,NZ-->IR,NZ-->IR,NZ-->IR,NZ-->IR,NZ-->IR,NZ-->IR,NZ-->IR,NZ-->IR,NZ-->IR,NZ-->IR,NZ-->IR,NZ-->IR,NZ-->IR,NZ-->IR,NZ-->IR,NZ-->IR
IQ,IRQ,Iraq,Baghdad,Asia,Western Asia,,IQ-->NZ,IQ-->NZ,IQ-->NZ,IQ-->NZ,IQ-->NZ,IQ-->NZ,IQ-->NZ,IQ-->NZ,IQ-->NZ,IQ-->NZ,IQ-->NZ,IQ-->NZ,IQ-->NZ,IQ-->NZ,IQ-->NZ,IQ-->NZ,IQ-->NZ,IQ-->NZ,IQ-->NZ,,,,,,,,,,,,,,,,,NZ-->IQ,NZ-->IQ,NZ-->IQ,NZ-->IQ,NZ-->IQ,NZ-->IQ,NZ-->IQ,NZ-->IQ,NZ-->IQ,NZ-->IQ,NZ-->IQ,NZ-->IQ,NZ-->IQ,NZ-->IQ,NZ-->IQ,NZ-->IQ,NZ-->IQ,NZ-->IQ,NZ-->IQ
IE,IRL,Republic of Ireland,Dublin,Europe,Northern Europe,,IE-->NZ,IE-->NZ,IE-->NZ,IE-->NZ,IE-->NZ,IE-->NZ,IE-->NZ,IE-->NZ,IE-->NZ,IE-->NZ,IE-->NZ,IE-->NZ,IE-->NZ,IE-->NZ,IE-->NZ,IE-->NZ,IE-->NZ,IE-->NZ,IE-->NZ,,,,,,,,,,,,,,,,,NZ-->IE,NZ-->IE,NZ-->IE,NZ-->IE,NZ-->IE,NZ-->IE,NZ-->IE,NZ-->IE,NZ-->IE,NZ-->IE,NZ-->IE,NZ-->IE,NZ-->IE,NZ-->IE,NZ-->IE,NZ-->IE,NZ-->IE,NZ-->IE,NZ-->IE
IM,IMN,Isle of Man,Douglas,Europe,Northern Europe,,IM-->NZ,IM-->NZ,IM-->NZ,IM-->NZ,IM-->NZ,IM-->NZ,IM-->NZ,IM-->NZ,IM-->NZ,IM-->NZ,IM-->NZ,IM-->NZ,IM-->NZ,IM-->NZ,IM-->NZ,IM-->NZ,IM-->NZ,IM-->NZ,IM-->NZ,,,,,,,,,,,,,,,,,NZ-->IM,NZ-->IM,NZ-->IM,NZ-->IM,NZ-->IM,NZ-->IM,NZ-->IM,NZ-->IM,NZ-->IM,NZ-->IM,NZ-->IM,NZ-->IM,NZ-->IM,NZ-->IM,NZ-->IM,NZ-->IM,NZ-->IM,NZ-->IM,NZ-->IM
IL,ISR,Israel,Jerusalem,Asia,Western Asia,,IL-->NZ,IL-->NZ,IL-->NZ,IL-->NZ,IL-->NZ,IL-->NZ,IL-->NZ,IL-->NZ,IL-->NZ,IL-->NZ,IL-->NZ,IL-->NZ,IL-->NZ,IL-->NZ,IL-->NZ,IL-->NZ,IL-->NZ,IL-->NZ,IL-->NZ,,,,,,,,,,,,,,,,,NZ-->IL,NZ-->IL,NZ-->IL,NZ-->IL,NZ-->IL,NZ-->IL,NZ-->IL,NZ-->IL,NZ-->IL,NZ-->IL,NZ-->IL,NZ-->IL,NZ-->IL,NZ-->IL,NZ-->IL,NZ-->IL,NZ-->IL,NZ-->IL,NZ-->IL
IT,ITA,Italy,Rome,Europe,Southern Europe,,IT-->NZ,IT-->NZ,IT-->NZ,IT-->NZ,IT-->NZ,IT-->NZ,IT-->NZ,IT-->NZ,IT-->NZ,IT-->NZ,IT-->NZ,IT-->NZ,IT-->NZ,IT-->NZ,IT-->NZ,IT-->NZ,IT-->NZ,IT-->NZ,IT-->NZ,,,,,,,,,,,,,,,,,NZ-->IT,NZ-->IT,NZ-->IT,NZ-->IT,NZ-->IT,NZ-->IT,NZ-->IT,NZ-->IT,NZ-->IT,NZ-->IT,NZ-->IT,NZ-->IT,NZ-->IT,NZ-->IT,NZ-->IT,NZ-->IT,NZ-->IT,NZ-->IT,NZ-->IT
JM,JAM,Jamaica,Kingston,Americas,Caribbean,,JM-->NZ,JM-->NZ,JM-->NZ,JM-->NZ,JM-->NZ,JM-->NZ,JM-->NZ,JM-->NZ,JM-->NZ,JM-->NZ,JM-->NZ,JM-->NZ,JM-->NZ,JM-->NZ,JM-->NZ,JM-->NZ,JM-->NZ,JM-->NZ,JM-->NZ,,,,,,,,,,,,,,,,,NZ-->JM,NZ-->JM,NZ-->JM,NZ-->JM,NZ-->JM,NZ-->JM,NZ-->JM,NZ-->JM,NZ-->JM,NZ-->JM,NZ-->JM,NZ-->JM,NZ-->JM,NZ-->JM,NZ-->JM,NZ-->JM,NZ-->JM,NZ-->JM,NZ-->JM
JP,JPN,Japan,Tokyo,Asia,Eastern Asia,,JP-->NZ,JP-->NZ,JP-->NZ,JP-->NZ,JP-->NZ,JP-->NZ,JP-->NZ,JP-->NZ,JP-->NZ,JP-->NZ,JP-->NZ,JP-->NZ,JP-->NZ,JP-->NZ,JP-->NZ,JP-->NZ,JP-->NZ,JP-->NZ,JP-->NZ,,,,,,,,,,,,,,,,,NZ-->JP,NZ-->JP,NZ-->JP,NZ-->JP,NZ-->JP,NZ-->JP,NZ-->JP,NZ-->JP,NZ-->JP,NZ-->JP,NZ-->JP,NZ-->JP,NZ-->JP,NZ-->JP,NZ-->JP,NZ-->JP,NZ-->JP,NZ-->JP,NZ-->JP
JE,JEY,Jersey,Saint Helier,Europe,Northern Europe,,JE-->NZ,JE-->NZ,JE-->NZ,JE-->NZ,JE-->NZ,JE-->NZ,JE-->NZ,JE-->NZ,JE-->NZ,JE-->NZ,JE-->NZ,JE-->NZ,JE-->NZ,JE-->NZ,JE-->NZ,JE-->NZ,JE-->NZ,JE-->NZ,JE-->NZ,,,,,,,,,,,,,,,,,NZ-->JE,NZ-->JE,NZ-->JE,NZ-->JE,NZ-->JE,NZ-->JE,NZ-->JE,NZ-->JE,NZ-->JE,NZ-->JE,NZ-->JE,NZ-->JE,NZ-->JE,NZ-->JE,NZ-->JE,NZ-->JE,NZ-->JE,NZ-->JE,NZ-->JE
JO,JOR,Jordan,Amman,Asia,Western Asia,,JO-->NZ,JO-->NZ,JO-->NZ,JO-->NZ,JO-->NZ,JO-->NZ,JO-->NZ,JO-->NZ,JO-->NZ,JO-->NZ,JO-->NZ,JO-->NZ,JO-->NZ,JO-->NZ,JO-->NZ,JO-->NZ,JO-->NZ,JO-->NZ,JO-->NZ,,,,,,,,,,,,,,,,,NZ-->JO,NZ-->JO,NZ-->JO,NZ-->JO,NZ-->JO,NZ-->JO,NZ-->JO,NZ-->JO,NZ-->JO,NZ-->JO,NZ-->JO,NZ-->JO,NZ-->JO,NZ-->JO,NZ-->JO,NZ-->JO,NZ-->JO,NZ-->JO,NZ-->JO
KZ,KAZ,Kazakhstan,Astana,Asia,Central Asia,,KZ-->NZ,KZ-->NZ,KZ-->NZ,KZ-->NZ,KZ-->NZ,KZ-->NZ,KZ-->NZ,KZ-->NZ,KZ-->NZ,KZ-->NZ,KZ-->NZ,KZ-->NZ,KZ-->NZ,KZ-->NZ,KZ-->NZ,KZ-->NZ,KZ-->NZ,KZ-->NZ,KZ-->NZ,,,,,,,,,,,,,,,,,NZ-->KZ,NZ-->KZ,NZ-->KZ,NZ-->KZ,NZ-->KZ,NZ-->KZ,NZ-->KZ,NZ-->KZ,NZ-->KZ,NZ-->KZ,NZ-->KZ,NZ-->KZ,NZ-->KZ,NZ-->KZ,NZ-->KZ,NZ-->KZ,NZ-->KZ,NZ-->KZ,NZ-->KZ
KE,KEN,Kenya,Nairobi,Africa,Eastern Africa,,KE-->NZ,KE-->NZ,KE-->NZ,KE-->NZ,KE-->NZ,KE-->NZ,KE-->NZ,KE-->NZ,KE-->NZ,KE-->NZ,KE-->NZ,KE-->NZ,KE-->NZ,KE-->NZ,KE-->NZ,KE-->NZ,KE-->NZ,KE-->NZ,KE-->NZ,,,,,,,,,,,,,,,,,NZ-->KE,NZ-->KE,NZ-->KE,NZ-->KE,NZ-->KE,NZ-->KE,NZ-->KE,NZ-->KE,NZ-->KE,NZ-->KE,NZ-->KE,NZ-->KE,NZ-->KE,NZ-->KE,NZ-->KE,NZ-->KE,NZ-->KE,NZ-->KE,NZ-->KE
KI,KIR,Kiribati,South Tarawa,Oceania,Micronesia,,KI-->NZ,KI-->NZ,KI-->NZ,KI-->NZ,KI-->NZ,KI-->NZ,KI-->NZ,KI-->NZ,KI-->NZ,KI-->NZ,KI-->NZ,KI-->NZ,KI-->NZ,KI-->NZ,KI-->NZ,KI-->NZ,KI-->NZ,KI-->NZ,KI-->NZ,,,,,,,,,,,,,,,,,NZ-->KI,NZ-->KI,NZ-->KI,NZ-->KI,NZ-->KI,NZ-->KI,NZ-->KI,NZ-->KI,NZ-->KI,NZ-->KI,NZ-->KI,NZ-->KI,NZ-->KI,NZ-->KI,NZ-->KI,NZ-->KI,NZ-->KI,NZ-->KI,NZ-->KI
KW,KWT,Kuwait,Kuwait City,Asia,Western Asia,,KW-->NZ,KW-->NZ,KW-->NZ,KW-->NZ,KW-->NZ,KW-->NZ,KW-->NZ,KW-->NZ,KW-->NZ,KW-->NZ,KW-->NZ,KW-->NZ,KW-->NZ,KW-->NZ,KW-->NZ,KW-->NZ,KW-->NZ,KW-->NZ,KW-->NZ,,,,,,,,,,,,,,,,,NZ-->KW,NZ-->KW,NZ-->KW,NZ-->KW,NZ-->KW,NZ-->KW,NZ-->KW,NZ-->KW,NZ-->KW,NZ-->KW,NZ-->KW,NZ-->KW,NZ-->KW,NZ-->KW,NZ-->KW,NZ-->KW,NZ-->KW,NZ-->KW,NZ-->KW
KG,KGZ,Kyrgyzstan,Bishkek,Asia,Central Asia,,KG-->NZ,KG-->NZ,KG-->NZ,KG-->NZ,KG-->NZ,KG-->NZ,KG-->NZ,KG-->NZ,KG-->NZ,KG-->NZ,KG-->NZ,KG-->NZ,KG-->NZ,KG-->NZ,KG-->NZ,KG-->NZ,KG-->NZ,KG-->NZ,KG-->NZ,,,,,,,,,,,,,,,,,NZ-->KG,NZ-->KG,NZ-->KG,NZ-->KG,NZ-->KG,NZ-->KG,NZ-->KG,NZ-->KG,NZ-->KG,NZ-->KG,NZ-->KG,NZ-->KG,NZ-->KG,NZ-->KG,NZ-->KG,NZ-->KG,NZ-->KG,NZ-->KG,NZ-->KG
LA,LAO,Laos,Vientiane,Asia,South-Eastern Asia,,LA-->NZ,LA-->NZ,LA-->NZ,LA-->NZ,LA-->NZ,LA-->NZ,LA-->NZ,LA-->NZ,LA-->NZ,LA-->NZ,LA-->NZ,LA-->NZ,LA-->NZ,LA-->NZ,LA-->NZ,LA-->NZ,LA-->NZ,LA-->NZ,LA-->NZ,,,,,,,,,,,,,,,,,NZ-->LA,NZ-->LA,NZ-->LA,NZ-->LA,NZ-->LA,NZ-->LA,NZ-->LA,NZ-->LA,NZ-->LA,NZ-->LA,NZ-->LA,NZ-->LA,NZ-->LA,NZ-->LA,NZ-->LA,NZ-->LA,NZ-->LA,NZ-->LA,NZ-->LA
LV,LVA,Latvia,Riga,Europe,Northern Europe,,LV-->NZ,LV-->NZ,LV-->NZ,LV-->NZ,LV-->NZ,LV-->NZ,LV-->NZ,LV-->NZ,LV-->NZ,LV-->NZ,LV-->NZ,LV-->NZ,LV-->NZ,LV-->NZ,LV-->NZ,LV-->NZ,LV-->NZ,LV-->NZ,LV-->NZ,,,,,,,,,,,,,,,,,NZ-->LV,NZ-->LV,NZ-->LV,NZ-->LV,NZ-->LV,NZ-->LV,NZ-->LV,NZ-->LV,NZ-->LV,NZ-->LV,NZ-->LV,NZ-->LV,NZ-->LV,NZ-->LV,NZ-->LV,NZ-->LV,NZ-->LV,NZ-->LV,NZ-->LV
LB,LBN,Lebanon,Beirut,Asia,Western Asia,,LB-->NZ,LB-->NZ,LB-->NZ,LB-->NZ,LB-->NZ,LB-->NZ,LB-->NZ,LB-->NZ,LB-->NZ,LB-->NZ,LB-->NZ,LB-->NZ,LB-->NZ,LB-->NZ,LB-->NZ,LB-->NZ,LB-->NZ,LB-->NZ,LB-->NZ,,,,,,,,,,,,,,,,,NZ-->LB,NZ-->LB,NZ-->LB,NZ-->LB,NZ-->LB,NZ-->LB,NZ-->LB,NZ-->LB,NZ-->LB,NZ-->LB,NZ-->LB,NZ-->LB,NZ-->LB,NZ-->LB,NZ-->LB,NZ-->LB,NZ-->LB,NZ-->LB,NZ-->LB
LS,LSO,Lesotho,Maseru,Africa,Southern Africa,,LS-->NZ,LS-->NZ,LS-->NZ,LS-->NZ,LS-->NZ,LS-->NZ,LS-->NZ,LS-->NZ,LS-->NZ,LS-->NZ,LS-->NZ,LS-->NZ,LS-->NZ,LS-->NZ,LS-->NZ,LS-->NZ,LS-->NZ,LS-->NZ,LS-->NZ,,,,,,,,,,,,,,,,,NZ-->LS,NZ-->LS,NZ-->LS,NZ-->LS,NZ-->LS,NZ-->LS,NZ-->LS,NZ-->LS,NZ-->LS,NZ-->LS,NZ-->LS,NZ-->LS,NZ-->LS,NZ-->LS,NZ-->LS,NZ-->LS,NZ-->LS,NZ-->LS,NZ-->LS
LR,LBR,Liberia,Monrovia,Africa,Western Africa,,LR-->NZ,LR-->NZ,LR-->NZ,LR-->NZ,LR-->NZ,LR-->NZ,LR-->NZ,LR-->NZ,LR-->NZ,LR-->NZ,LR-->NZ,LR-->NZ,LR-->NZ,LR-->NZ,LR-->NZ,LR-->NZ,LR-->NZ,LR-->NZ,LR-->NZ,,,,,,,,,,,,,,,,,NZ-->LR,NZ-->LR,NZ-->LR,NZ-->LR,NZ-->LR,NZ-->LR,NZ-->LR,NZ-->LR,NZ-->LR,NZ-->LR,NZ-->LR,NZ-->LR,NZ-->LR,NZ-->LR,NZ-->LR,NZ-->LR,NZ-->LR,NZ-->LR,NZ-->LR
LY,LBY,Libya,Tripoli,Africa,Northern Africa,,LY-->NZ,LY-->NZ,LY-->NZ,LY-->NZ,LY-->NZ,LY-->NZ,LY-->NZ,LY-->NZ,LY-->NZ,LY-->NZ,LY-->NZ,LY-->NZ,LY-->NZ,LY-->NZ,LY-->NZ,LY-->NZ,LY-->NZ,LY-->NZ,LY-->NZ,,,,,,,,,,,,,,,,,NZ-->LY,NZ-->LY,NZ-->LY,NZ-->LY,NZ-->LY,NZ-->LY,NZ-->LY,NZ-->LY,NZ-->LY,NZ-->LY,NZ-->LY,NZ-->LY,NZ-->LY,NZ-->LY,NZ-->LY,NZ-->LY,NZ-->LY,NZ-->LY,NZ-->LY
LI,LIE,Liechtenstein,Vaduz,Europe,Western Europe,,LI-->NZ,LI-->NZ,LI-->NZ,LI-->NZ,LI-->NZ,LI-->NZ,LI-->NZ,LI-->NZ,LI-->NZ,LI-->NZ,LI-->NZ,LI-->NZ,LI-->NZ,LI-->NZ,LI-->NZ,LI-->NZ,LI-->NZ,LI-->NZ,LI-->NZ,,,,,,,,,,,,,,,,,NZ-->LI,NZ-->LI,NZ-->LI,NZ-->LI,NZ-->LI,NZ-->LI,NZ-->LI,NZ-->LI,NZ-->LI,NZ-->LI,NZ-->LI,NZ-->LI,NZ-->LI,NZ-->LI,NZ-->LI,NZ-->LI,NZ-->LI,NZ-->LI,NZ-->LI
LT,LTU,Lithuania,Vilnius,Europe,Northern Europe,,LT-->NZ,LT-->NZ,LT-->NZ,LT-->NZ,LT-->NZ,LT-->NZ,LT-->NZ,LT-->NZ,LT-->NZ,LT-->NZ,LT-->NZ,LT-->NZ,LT-->NZ,LT-->NZ,LT-->NZ,LT-->NZ,LT-->NZ,LT-->NZ,LT-->NZ,,,,,,,,,,,,,,,,,NZ-->LT,NZ-->LT,NZ-->LT,NZ-->LT,NZ-->LT,NZ-->LT,NZ-->LT,NZ-->LT,NZ-->LT,NZ-->LT,NZ-->LT,NZ-->LT,NZ-->LT,NZ-->LT,NZ-->LT,NZ-->LT,NZ-->LT,NZ-->LT,NZ-->LT
LU,LUX,Luxembourg,Luxembourg,Europe,Western Europe,,LU-->NZ,LU-->NZ,LU-->NZ,LU-->NZ,LU-->NZ,LU-->NZ,LU-->NZ,LU-->NZ,LU-->NZ,LU-->NZ,LU-->NZ,LU-->NZ,LU-->NZ,LU-->NZ,LU-->NZ,LU-->NZ,LU-->NZ,LU-->NZ,LU-->NZ,,,,,,,,,,,,,,,,,NZ-->LU,NZ-->LU,NZ-->LU,NZ-->LU,NZ-->LU,NZ-->LU,NZ-->LU,NZ-->LU,NZ-->LU,NZ-->LU,NZ-->LU,NZ-->LU,NZ-->LU,NZ-->LU,NZ-->LU,NZ-->LU,NZ-->LU,NZ-->LU,NZ-->LU
MO,MAC,Macau,,Asia,Eastern Asia,,MO-->NZ,MO-->NZ,MO-->NZ,MO-->NZ,MO-->NZ,MO-->NZ,MO-->NZ,MO-->NZ,MO-->NZ,MO-->NZ,MO-->NZ,MO-->NZ,MO-->NZ,MO-->NZ,MO-->NZ,MO-->NZ,MO-->NZ,MO-->NZ,MO-->NZ,,,,,,,,,,,,,,,,,NZ-->MO,NZ-->MO,NZ-->MO,NZ-->MO,NZ-->MO,NZ-->MO,NZ-->MO,NZ-->MO,NZ-->MO,NZ-->MO,NZ-->MO,NZ-->MO,NZ-->MO,NZ-->MO,NZ-->MO,NZ-->MO,NZ-->MO,NZ-->MO,NZ-->MO
MK,MKD,Republic of Macedonia,Skopje,Europe,Southern Europe,,MK-->NZ,MK-->NZ,MK-->NZ,MK-->NZ,MK-->NZ,MK-->NZ,MK-->NZ,MK-->NZ,MK-->NZ,MK-->NZ,MK-->NZ,MK-->NZ,MK-->NZ,MK-->NZ,MK-->NZ,MK-->NZ,MK-->NZ,MK-->NZ,MK-->NZ,,,,,,,,,,,,,,,,,NZ-->MK,NZ-->MK,NZ-->MK,NZ-->MK,NZ-->MK,NZ-->MK,NZ-->MK,NZ-->MK,NZ-->MK,NZ-->MK,NZ-->MK,NZ-->MK,NZ-->MK,NZ-->MK,NZ-->MK,NZ-->MK,NZ-->MK,NZ-->MK,NZ-->MK
MG,MDG,Madagascar,Antananarivo,Africa,Eastern Africa,,MG-->NZ,MG-->NZ,MG-->NZ,MG-->NZ,MG-->NZ,MG-->NZ,MG-->NZ,MG-->NZ,MG-->NZ,MG-->NZ,MG-->NZ,MG-->NZ,MG-->NZ,MG-->NZ,MG-->NZ,MG-->NZ,MG-->NZ,MG-->NZ,MG-->NZ,,,,,,,,,,,,,,,,,NZ-->MG,NZ-->MG,NZ-->MG,NZ-->MG,NZ-->MG,NZ-->MG,NZ-->MG,NZ-->MG,NZ-->MG,NZ-->MG,NZ-->MG,NZ-->MG,NZ-->MG,NZ-->MG,NZ-->MG,NZ-->MG,NZ-->MG,NZ-->MG,NZ-->MG
MW,MWI,Malawi,Lilongwe,Africa,Eastern Africa,,MW-->NZ,MW-->NZ,MW-->NZ,MW-->NZ,MW-->NZ,MW-->NZ,MW-->NZ,MW-->NZ,MW-->NZ,MW-->NZ,MW-->NZ,MW-->NZ,MW-->NZ,MW-->NZ,MW-->NZ,MW-->NZ,MW-->NZ,MW-->NZ,MW-->NZ,,,,,,,,,,,,,,,,,NZ-->MW,NZ-->MW,NZ-->MW,NZ-->MW,NZ-->MW,NZ-->MW,NZ-->MW,NZ-->MW,NZ-->MW,NZ-->MW,NZ-->MW,NZ-->MW,NZ-->MW,NZ-->MW,NZ-->MW,NZ-->MW,NZ-->MW,NZ-->MW,NZ-->MW
MY,MYS,Malaysia,Kuala Lumpur,Asia,South-Eastern Asia,,MY-->NZ,MY-->NZ,MY-->NZ,MY-->NZ,MY-->NZ,MY-->NZ,MY-->NZ,MY-->NZ,MY-->NZ,MY-->NZ,MY-->NZ,MY-->NZ,MY-->NZ,MY-->NZ,MY-->NZ,MY-->NZ,MY-->NZ,MY-->NZ,MY-->NZ,,,,,,,,,,,,,,,,,NZ-->MY,NZ-->MY,NZ-->MY,NZ-->MY,NZ-->MY,NZ-->MY,NZ-->MY,NZ-->MY,NZ-->MY,NZ-->MY,NZ-->MY,NZ-->MY,NZ-->MY,NZ-->MY,NZ-->MY,NZ-->MY,NZ-->MY,NZ-->MY,NZ-->MY
MV,MDV,Maldives,Malé,Asia,Southern Asia,,MV-->NZ,MV-->NZ,MV-->NZ,MV-->NZ,MV-->NZ,MV-->NZ,MV-->NZ,MV-->NZ,MV-->NZ,MV-->NZ,MV-->NZ,MV-->NZ,MV-->NZ,MV-->NZ,MV-->NZ,MV-->NZ,MV-->NZ,MV-->NZ,MV-->NZ,,,,,,,,,,,,,,,,,NZ-->MV,NZ-->MV,NZ-->MV,NZ-->MV,NZ-->MV,NZ-->MV,NZ-->MV,NZ-->MV,NZ-->MV,NZ-->MV,NZ-->MV,NZ-->MV,NZ-->MV,NZ-->MV,NZ-->MV,NZ-->MV,NZ-->MV,NZ-->MV,NZ-->MV
ML,MLI,Mali,Bamako,Africa,Western Africa,,ML-->NZ,ML-->NZ,ML-->NZ,ML-->NZ,ML-->NZ,ML-->NZ,ML-->NZ,ML-->NZ,ML-->NZ,ML-->NZ,ML-->NZ,ML-->NZ,ML-->NZ,ML-->NZ,ML-->NZ,ML-->NZ,ML-->NZ,ML-->NZ,ML-->NZ,,,,,,,,,,,,,,,,,NZ-->ML,NZ-->ML,NZ-->ML,NZ-->ML,NZ-->ML,NZ-->ML,NZ-->ML,NZ-->ML,NZ-->ML,NZ-->ML,NZ-->ML,NZ-->ML,NZ-->ML,NZ-->ML,NZ-->ML,NZ-->ML,NZ-->ML,NZ-->ML,NZ-->ML
MT,MLT,Malta,Valletta,Europe,Southern Europe,,MT-->NZ,MT-->NZ,MT-->NZ,MT-->NZ,MT-->NZ,MT-->NZ,MT-->NZ,MT-->NZ,MT-->NZ,MT-->NZ,MT-->NZ,MT-->NZ,MT-->NZ,MT-->NZ,MT-->NZ,MT-->NZ,MT-->NZ,MT-->NZ,MT-->NZ,,,,,,,,,,,,,,,,,NZ-->MT,NZ-->MT,NZ-->MT,NZ-->MT,NZ-->MT,NZ-->MT,NZ-->MT,NZ-->MT,NZ-->MT,NZ-->MT,NZ-->MT,NZ-->MT,NZ-->MT,NZ-->MT,NZ-->MT,NZ-->MT,NZ-->MT,NZ-->MT,NZ-->MT
MH,MHL,Marshall Islands,Majuro,Oceania,Micronesia,,MH-->NZ,MH-->NZ,MH-->NZ,MH-->NZ,MH-->NZ,MH-->NZ,MH-->NZ,MH-->NZ,MH-->NZ,MH-->NZ,MH-->NZ,MH-->NZ,MH-->NZ,MH-->NZ,MH-->NZ,MH-->NZ,MH-->NZ,MH-->NZ,MH-->NZ,,,,,,,,,,,,,,,,,NZ-->MH,NZ-->MH,NZ-->MH,NZ-->MH,NZ-->MH,NZ-->MH,NZ-->MH,NZ-->MH,NZ-->MH,NZ-->MH,NZ-->MH,NZ-->MH,NZ-->MH,NZ-->MH,NZ-->MH,NZ-->MH,NZ-->MH,NZ-->MH,NZ-->MH
MQ,MTQ,Martinique,Fort-de-France,Americas,Caribbean,,MQ-->NZ,MQ-->NZ,MQ-->NZ,MQ-->NZ,MQ-->NZ,MQ-->NZ,MQ-->NZ,MQ-->NZ,MQ-->NZ,MQ-->NZ,MQ-->NZ,MQ-->NZ,MQ-->NZ,MQ-->NZ,MQ-->NZ,MQ-->NZ,MQ-->NZ,MQ-->NZ,MQ-->NZ,,,,,,,,,,,,,,,,,NZ-->MQ,NZ-->MQ,NZ-->MQ,NZ-->MQ,NZ-->MQ,NZ-->MQ,NZ-->MQ,NZ-->MQ,NZ-->MQ,NZ-->MQ,NZ-->MQ,NZ-->MQ,NZ-->MQ,NZ-->MQ,NZ-->MQ,NZ-->MQ,NZ-->MQ,NZ-->MQ,NZ-->MQ
MR,MRT,Mauritania,Nouakchott,Africa,Western Africa,,MR-->NZ,MR-->NZ,MR-->NZ,MR-->NZ,MR-->NZ,MR-->NZ,MR-->NZ,MR-->NZ,MR-->NZ,MR-->NZ,MR-->NZ,MR-->NZ,MR-->NZ,MR-->NZ,MR-->NZ,MR-->NZ,MR-->NZ,MR-->NZ,MR-->NZ,0.0,,,,,,,,,,,,,,,,NZ-->MR,NZ-->MR,NZ-->MR,NZ-->MR,NZ-->MR,NZ-->MR,NZ-->MR,NZ-->MR,NZ-->MR,NZ-->MR,NZ-->MR,NZ-->MR,NZ-->MR,NZ-->MR,NZ-->MR,NZ-->MR,NZ-->MR,NZ-->MR,NZ-->MR
MU,MUS,Mauritius,Port Louis,Africa,Eastern Africa,,MU-->NZ,MU-->NZ,MU-->NZ,MU-->NZ,MU-->NZ,MU-->NZ,MU-->NZ,MU-->NZ,MU-->NZ,MU-->NZ,MU-->NZ,MU-->NZ,MU-->NZ,MU-->NZ,MU-->NZ,MU-->NZ,MU-->NZ,MU-->NZ,MU-->NZ,,,,,,,,,,,,,,,,,NZ-->MU,NZ-->MU,NZ-->MU,NZ-->MU,NZ-->MU,NZ-->MU,NZ-->MU,NZ-->MU,NZ-->MU,NZ-->MU,NZ-->MU,NZ-->MU,NZ-->MU,NZ-->MU,NZ-->MU,NZ-->MU,NZ-->MU,NZ-->MU,NZ-->MU
YT,MYT,Mayotte,Mamoudzou,Africa,Eastern Africa,,YT-->NZ,YT-->NZ,YT-->NZ,YT-->NZ,YT-->NZ,YT-->NZ,YT-->NZ,YT-->NZ,YT-->NZ,YT-->NZ,YT-->NZ,YT-->NZ,YT-->NZ,YT-->NZ,YT-->NZ,YT-->NZ,YT-->NZ,YT-->NZ,YT-->NZ,,,,,,,,,,,,,,,,,NZ-->YT,NZ-->YT,NZ-->YT,NZ-->YT,NZ-->YT,NZ-->YT,NZ-->YT,NZ-->YT,NZ-->YT,NZ-->YT,NZ-->YT,NZ-->YT,NZ-->YT,NZ-->YT,NZ-->YT,NZ-->YT,NZ-->YT,NZ-->YT,NZ-->YT
MX,MEX,Mexico,Mexico City,Americas,Central America,,MX-->NZ,MX-->NZ,MX-->NZ,MX-->NZ,MX-->NZ,MX-->NZ,MX-->NZ,MX-->NZ,MX-->NZ,MX-->NZ,MX-->NZ,MX-->NZ,MX-->NZ,MX-->NZ,MX-->NZ,MX-->NZ,MX-->NZ,MX-->NZ,MX-->NZ,,,,,,,,,,,,,,,,,NZ-->MX,NZ-->MX,NZ-->MX,NZ-->MX,NZ-->MX,NZ-->MX,NZ-->MX,NZ-->MX,NZ-->MX,NZ-->MX,NZ-->MX,NZ-->MX,NZ-->MX,NZ-->MX,NZ-->MX,NZ-->MX,NZ-->MX,NZ-->MX,NZ-->MX
FM,FSM,Federated States of Micronesia,Palikir,Oceania,Micronesia,,FM-->NZ,FM-->NZ,FM-->NZ,FM-->NZ,FM-->NZ,FM-->NZ,FM-->NZ,FM-->NZ,FM-->NZ,FM-->NZ,FM-->NZ,FM-->NZ,FM-->NZ,FM-->NZ,FM-->NZ,FM-->NZ,FM-->NZ,FM-->NZ,FM-->NZ,,,,,,,,,,,,,,,,,NZ-->FM,NZ-->FM,NZ-->FM,NZ-->FM,NZ-->FM,NZ-->FM,NZ-->FM,NZ-->FM,NZ-->FM,NZ-->FM,NZ-->FM,NZ-->FM,NZ-->FM,NZ-->FM,NZ-->FM,NZ-->FM,NZ-->FM,NZ-->FM,NZ-->FM
MD,MDA,Moldova,Chișinău,Europe,Eastern Europe,,MD-->NZ,MD-->NZ,MD-->NZ,MD-->NZ,MD-->NZ,MD-->NZ,MD-->NZ,MD-->NZ,MD-->NZ,MD-->NZ,MD-->NZ,MD-->NZ,MD-->NZ,MD-->NZ,MD-->NZ,MD-->NZ,MD-->NZ,MD-->NZ,MD-->NZ,,,,,,,,,,,,,,,,,NZ-->MD,NZ-->MD,NZ-->MD,NZ-->MD,NZ-->MD,NZ-->MD,NZ-->MD,NZ-->MD,NZ-->MD,NZ-->MD,NZ-->MD,NZ-->MD,NZ-->MD,NZ-->MD,NZ-->MD,NZ-->MD,NZ-->MD,NZ-->MD,NZ-->MD
MC,MCO,Monaco,Monaco,Europe,Western Europe,,MC-->NZ,MC-->NZ,MC-->NZ,MC-->NZ,MC-->NZ,MC-->NZ,MC-->NZ,MC-->NZ,MC-->NZ,MC-->NZ,MC-->NZ,MC-->NZ,MC-->NZ,MC-->NZ,MC-->NZ,MC-->NZ,MC-->NZ,MC-->NZ,MC-->NZ,,,,,,,,,,,,,,,,,NZ-->MC,NZ-->MC,NZ-->MC,NZ-->MC,NZ-->MC,NZ-->MC,NZ-->MC,NZ-->MC,NZ-->MC,NZ-->MC,NZ-->MC,NZ-->MC,NZ-->MC,NZ-->MC,NZ-->MC,NZ-->MC,NZ-->MC,NZ-->MC,NZ-->MC
MN,MNG,Mongolia,Ulan Bator,Asia,Eastern Asia,,MN-->NZ,MN-->NZ,MN-->NZ,MN-->NZ,MN-->NZ,MN-->NZ,MN-->NZ,MN-->NZ,MN-->NZ,MN-->NZ,MN-->NZ,MN-->NZ,MN-->NZ,MN-->NZ,MN-->NZ,MN-->NZ,MN-->NZ,MN-->NZ,MN-->NZ,,,,,,,,,,,,,,,,,NZ-->MN,NZ-->MN,NZ-->MN,NZ-->MN,NZ-->MN,NZ-->MN,NZ-->MN,NZ-->MN,NZ-->MN,NZ-->MN,NZ-->MN,NZ-->MN,NZ-->MN,NZ-->MN,NZ-->MN,NZ-->MN,NZ-->MN,NZ-->MN,NZ-->MN
ME,MNE,Montenegro,Podgorica,Europe,Southern Europe,,ME-->NZ,ME-->NZ,ME-->NZ,ME-->NZ,ME-->NZ,ME-->NZ,ME-->NZ,ME-->NZ,ME-->NZ,ME-->NZ,ME-->NZ,ME-->NZ,ME-->NZ,ME-->NZ,ME-->NZ,ME-->NZ,ME-->NZ,ME-->NZ,ME-->NZ,,,,,,,,,,,,,,,,,NZ-->ME,NZ-->ME,NZ-->ME,NZ-->ME,NZ-->ME,NZ-->ME,NZ-->ME,NZ-->ME,NZ-->ME,NZ-->ME,NZ-->ME,NZ-->ME,NZ-->ME,NZ-->ME,NZ-->ME,NZ-->ME,NZ-->ME,NZ-->ME,NZ-->ME
MS,MSR,Montserrat,Plymouth,Americas,Caribbean,,MS-->NZ,MS-->NZ,MS-->NZ,MS-->NZ,MS-->NZ,MS-->NZ,MS-->NZ,MS-->NZ,MS-->NZ,MS-->NZ,MS-->NZ,MS-->NZ,MS-->NZ,MS-->NZ,MS-->NZ,MS-->NZ,MS-->NZ,MS-->NZ,MS-->NZ,,,,,,,,,,,,,,,,,NZ-->MS,NZ-->MS,NZ-->MS,NZ-->MS,NZ-->MS,NZ-->MS,NZ-->MS,NZ-->MS,NZ-->MS,NZ-->MS,NZ-->MS,NZ-->MS,NZ-->MS,NZ-->MS,NZ-->MS,NZ-->MS,NZ-->MS,NZ-->MS,NZ-->MS
MA,MAR,Morocco,Rabat,Africa,Northern Africa,,MA-->NZ,MA-->NZ,MA-->NZ,MA-->NZ,MA-->NZ,MA-->NZ,MA-->NZ,MA-->NZ,MA-->NZ,MA-->NZ,MA-->NZ,MA-->NZ,MA-->NZ,MA-->NZ,MA-->NZ,MA-->NZ,MA-->NZ,MA-->NZ,MA-->NZ,,,,,,,,,,,,,,,,,NZ-->MA,NZ-->MA,NZ-->MA,NZ-->MA,NZ-->MA,NZ-->MA,NZ-->MA,NZ-->MA,NZ-->MA,NZ-->MA,NZ-->MA,NZ-->MA,NZ-->MA,NZ-->MA,NZ-->MA,NZ-->MA,NZ-->MA,NZ-->MA,NZ-->MA
MZ,MOZ,Mozambique,Maputo,Africa,Eastern Africa,,MZ-->NZ,MZ-->NZ,MZ-->NZ,MZ-->NZ,MZ-->NZ,MZ-->NZ,MZ-->NZ,MZ-->NZ,MZ-->NZ,MZ-->NZ,MZ-->NZ,MZ-->NZ,MZ-->NZ,MZ-->NZ,MZ-->NZ,MZ-->NZ,MZ-->NZ,MZ-->NZ,MZ-->NZ,,,,,,,,,,,,,,,,,NZ-->MZ,NZ-->MZ,NZ-->MZ,NZ-->MZ,NZ-->MZ,NZ-->MZ,NZ-->MZ,NZ-->MZ,NZ-->MZ,NZ-->MZ,NZ-->MZ,NZ-->MZ,NZ-->MZ,NZ-->MZ,NZ-->MZ,NZ-->MZ,NZ-->MZ,NZ-->MZ,NZ-->MZ
MM,MMR,Myanmar,Naypyidaw,Asia,South-Eastern Asia,,MM-->NZ,MM-->NZ,MM-->NZ,MM-->NZ,MM-->NZ,MM-->NZ,MM-->NZ,MM-->NZ,MM-->NZ,MM-->NZ,MM-->NZ,MM-->NZ,MM-->NZ,MM-->NZ,MM-->NZ,MM-->NZ,MM-->NZ,MM-->NZ,MM-->NZ,,,,,,,,,,,,,,,,,NZ-->MM,NZ-->MM,NZ-->MM,NZ-->MM,NZ-->MM,NZ-->MM,NZ-->MM,NZ-->MM,NZ-->MM,NZ-->MM,NZ-->MM,NZ-->MM,NZ-->MM,NZ-->MM,NZ-->MM,NZ-->MM,NZ-->MM,NZ-->MM,NZ-->MM
,NAM,Namibia,Windhoek,Africa,Southern Africa,,NA-->NZ,NA-->NZ,NA-->NZ,NA-->NZ,NA-->NZ,NA-->NZ,NA-->NZ,NA-->NZ,NA-->NZ,NA-->NZ,NA-->NZ,NA-->NZ,NA-->NZ,NA-->NZ,NA-->NZ,NA-->NZ,NA-->NZ,NA-->NZ,NA-->NZ,,,,,,,,,,,,,,,,,NZ-->NA,NZ-->NA,NZ-->NA,NZ-->NA,NZ-->NA,NZ-->NA,NZ-->NA,NZ-->NA,NZ-->NA,NZ-->NA,NZ-->NA,NZ-->NA,NZ-->NA,NZ-->NA,NZ-->NA,NZ-->NA,NZ-->NA,NZ-->NA,NZ-->NA
NR,NRU,Nauru,Yaren,Oceania,Micronesia,,NR-->NZ,NR-->NZ,NR-->NZ,NR-->NZ,NR-->NZ,NR-->NZ,NR-->NZ,NR-->NZ,NR-->NZ,NR-->NZ,NR-->NZ,NR-->NZ,NR-->NZ,NR-->NZ,NR-->NZ,NR-->NZ,NR-->NZ,NR-->NZ,NR-->NZ,,,,,,,,,,,,,,,,,NZ-->NR,NZ-->NR,NZ-->NR,NZ-->NR,NZ-->NR,NZ-->NR,NZ-->NR,NZ-->NR,NZ-->NR,NZ-->NR,NZ-->NR,NZ-->NR,NZ-->NR,NZ-->NR,NZ-->NR,NZ-->NR,NZ-->NR,NZ-->NR,NZ-->NR
NP,NPL,Nepal,Kathmandu,Asia,Southern Asia,,NP-->NZ,NP-->NZ,NP-->NZ,NP-->NZ,NP-->NZ,NP-->NZ,NP-->NZ,NP-->NZ,NP-->NZ,NP-->NZ,NP-->NZ,NP-->NZ,NP-->NZ,NP-->NZ,NP-->NZ,NP-->NZ,NP-->NZ,NP-->NZ,NP-->NZ,,,,,,,,,,,,,,,,,NZ-->NP,NZ-->NP,NZ-->NP,NZ-->NP,NZ-->NP,NZ-->NP,NZ-->NP,NZ-->NP,NZ-->NP,NZ-->NP,NZ-->NP,NZ-->NP,NZ-->NP,NZ-->NP,NZ-->NP,NZ-->NP,NZ-->NP,NZ-->NP,NZ-->NP
NL,NLD,Netherlands,Amsterdam,Europe,Western Europe,,NL-->NZ,NL-->NZ,NL-->NZ,NL-->NZ,NL-->NZ,NL-->NZ,NL-->NZ,NL-->NZ,NL-->NZ,NL-->NZ,NL-->NZ,NL-->NZ,NL-->NZ,NL-->NZ,NL-->NZ,NL-->NZ,NL-->NZ,NL-->NZ,NL-->NZ,,,,,,,,,,,,,,,,,NZ-->NL,NZ-->NL,NZ-->NL,NZ-->NL,NZ-->NL,NZ-->NL,NZ-->NL,NZ-->NL,NZ-->NL,NZ-->NL,NZ-->NL,NZ-->NL,NZ-->NL,NZ-->NL,NZ-->NL,NZ-->NL,NZ-->NL,NZ-->NL,NZ-->NL
NC,NCL,New Caledonia,Nouméa,Oceania,Melanesia,,NC-->NZ,NC-->NZ,NC-->NZ,NC-->NZ,NC-->NZ,NC-->NZ,NC-->NZ,NC-->NZ,NC-->NZ,NC-->NZ,NC-->NZ,NC-->NZ,NC-->NZ,NC-->NZ,NC-->NZ,NC-->NZ,NC-->NZ,NC-->NZ,NC-->NZ,,,,,,,,,,,,,,,,,NZ-->NC,NZ-->NC,NZ-->NC,NZ-->NC,NZ-->NC,NZ-->NC,NZ-->NC,NZ-->NC,NZ-->NC,NZ-->NC,NZ-->NC,NZ-->NC,NZ-->NC,NZ-->NC,NZ-->NC,NZ-->NC,NZ-->NC,NZ-->NC,NZ-->NC
NZ,NZL,New Zealand,Wellington,Oceania,Australia and New Zealand,,NZ-->NZ,NZ-->NZ,NZ-->NZ,NZ-->NZ,NZ-->NZ,NZ-->NZ,NZ-->NZ,NZ-->NZ,NZ-->NZ,NZ-->NZ,NZ-->NZ,NZ-->NZ,NZ-->NZ,NZ-->NZ,NZ-->NZ,NZ-->NZ,NZ-->NZ,NZ-->NZ,NZ-->NZ,,,,,,,,,,,,,,,,,NZ-->NZ,NZ-->NZ,NZ-->NZ,NZ-->NZ,NZ-->NZ,NZ-->NZ,NZ-->NZ,NZ-->NZ,NZ-->NZ,NZ-->NZ,NZ-->NZ,NZ-->NZ,NZ-->NZ,NZ-->NZ,NZ-->NZ,NZ-->NZ,NZ-->NZ,NZ-->NZ,NZ-->NZ
NI,NIC,Nicaragua,Managua,Americas,Central America,,NI-->NZ,NI-->NZ,NI-->NZ,NI-->NZ,NI-->NZ,NI-->NZ,NI-->NZ,NI-->NZ,NI-->NZ,NI-->NZ,NI-->NZ,NI-->NZ,NI-->NZ,NI-->NZ,NI-->NZ,NI-->NZ,NI-->NZ,NI-->NZ,NI-->NZ,,,,,,,,,,,,,,,,,NZ-->NI,NZ-->NI,NZ-->NI,NZ-->NI,NZ-->NI,NZ-->NI,NZ-->NI,NZ-->NI,NZ-->NI,NZ-->NI,NZ-->NI,NZ-->NI,NZ-->NI,NZ-->NI,NZ-->NI,NZ-->NI,NZ-->NI,NZ-->NI,NZ-->NI
NE,NER,Niger,Niamey,Africa,Western Africa,,NE-->NZ,NE-->NZ,NE-->NZ,NE-->NZ,NE-->NZ,NE-->NZ,NE-->NZ,NE-->NZ,NE-->NZ,NE-->NZ,NE-->NZ,NE-->NZ,NE-->NZ,NE-->NZ,NE-->NZ,NE-->NZ,NE-->NZ,NE-->NZ,NE-->NZ,,,,,,,,,,,,,,,,,NZ-->NE,NZ-->NE,NZ-->NE,NZ-->NE,NZ-->NE,NZ-->NE,NZ-->NE,NZ-->NE,NZ-->NE,NZ-->NE,NZ-->NE,NZ-->NE,NZ-->NE,NZ-->NE,NZ-->NE,NZ-->NE,NZ-->NE,NZ-->NE,NZ-->NE
NG,NGA,Nigeria,Abuja,Africa,Western Africa,,NG-->NZ,NG-->NZ,NG-->NZ,NG-->NZ,NG-->NZ,NG-->NZ,NG-->NZ,NG-->NZ,NG-->NZ,NG-->NZ,NG-->NZ,NG-->NZ,NG-->NZ,NG-->NZ,NG-->NZ,NG-->NZ,NG-->NZ,NG-->NZ,NG-->NZ,,,,,,,,,,,,,,,,,NZ-->NG,NZ-->NG,NZ-->NG,NZ-->NG,NZ-->NG,NZ-->NG,NZ-->NG,NZ-->NG,NZ-->NG,NZ-->NG,NZ-->NG,NZ-->NG,NZ-->NG,NZ-->NG,NZ-->NG,NZ-->NG,NZ-->NG,NZ-->NG,NZ-->NG
NU,NIU,Niue,Alofi,Oceania,Polynesia,,NU-->NZ,NU-->NZ,NU-->NZ,NU-->NZ,NU-->NZ,NU-->NZ,NU-->NZ,NU-->NZ,NU-->NZ,NU-->NZ,NU-->NZ,NU-->NZ,NU-->NZ,NU-->NZ,NU-->NZ,NU-->NZ,NU-->NZ,NU-->NZ,NU-->NZ,,,,,,,,,,,,,,,,,NZ-->NU,NZ-->NU,NZ-->NU,NZ-->NU,NZ-->NU,NZ-->NU,NZ-->NU,NZ-->NU,NZ-->NU,NZ-->NU,NZ-->NU,NZ-->NU,NZ-->NU,NZ-->NU,NZ-->NU,NZ-->NU,NZ-->NU,NZ-->NU,NZ-->NU
NF,NFK,Norfolk Island,Kingston,Oceania,Australia and New Zealand,,NF-->NZ,NF-->NZ,NF-->NZ,NF-->NZ,NF-->NZ,NF-->NZ,NF-->NZ,NF-->NZ,NF-->NZ,NF-->NZ,NF-->NZ,NF-->NZ,NF-->NZ,NF-->NZ,NF-->NZ,NF-->NZ,NF-->NZ,NF-->NZ,NF-->NZ,,,,,,,,,,,,,,,,,NZ-->NF,NZ-->NF,NZ-->NF,NZ-->NF,NZ-->NF,NZ-->NF,NZ-->NF,NZ-->NF,NZ-->NF,NZ-->NF,NZ-->NF,NZ-->NF,NZ-->NF,NZ-->NF,NZ-->NF,NZ-->NF,NZ-->NF,NZ-->NF,NZ-->NF
KP,PRK,North Korea,Pyongyang,Asia,Eastern Asia,,KP-->NZ,KP-->NZ,KP-->NZ,KP-->NZ,KP-->NZ,KP-->NZ,KP-->NZ,KP-->NZ,KP-->NZ,KP-->NZ,KP-->NZ,KP-->NZ,KP-->NZ,KP-->NZ,KP-->NZ,KP-->NZ,KP-->NZ,KP-->NZ,KP-->NZ,,,,,,,,,,,,,,,,,NZ-->KP,NZ-->KP,NZ-->KP,NZ-->KP,NZ-->KP,NZ-->KP,NZ-->KP,NZ-->KP,NZ-->KP,NZ-->KP,NZ-->KP,NZ-->KP,NZ-->KP,NZ-->KP,NZ-->KP,NZ-->KP,NZ-->KP,NZ-->KP,NZ-->KP
MP,MNP,Northern Mariana Islands,Saipan,Oceania,Micronesia,,MP-->NZ,MP-->NZ,MP-->NZ,MP-->NZ,MP-->NZ,MP-->NZ,MP-->NZ,MP-->NZ,MP-->NZ,MP-->NZ,MP-->NZ,MP-->NZ,MP-->NZ,MP-->NZ,MP-->NZ,MP-->NZ,MP-->NZ,MP-->NZ,MP-->NZ,,,,,,,,,,,,,,,,,NZ-->MP,NZ-->MP,NZ-->MP,NZ-->MP,NZ-->MP,NZ-->MP,NZ-->MP,NZ-->MP,NZ-->MP,NZ-->MP,NZ-->MP,NZ-->MP,NZ-->MP,NZ-->MP,NZ-->MP,NZ-->MP,NZ-->MP,NZ-->MP,NZ-->MP
NO,NOR,Norway,Oslo,Europe,Northern Europe,,NO-->NZ,NO-->NZ,NO-->NZ,NO-->NZ,NO-->NZ,NO-->NZ,NO-->NZ,NO-->NZ,NO-->NZ,NO-->NZ,NO-->NZ,NO-->NZ,NO-->NZ,NO-->NZ,NO-->NZ,NO-->NZ,NO-->NZ,NO-->NZ,NO-->NZ,,,,,,,,,,,,,,,,,NZ-->NO,NZ-->NO,NZ-->NO,NZ-->NO,NZ-->NO,NZ-->NO,NZ-->NO,NZ-->NO,NZ-->NO,NZ-->NO,NZ-->NO,NZ-->NO,NZ-->NO,NZ-->NO,NZ-->NO,NZ-->NO,NZ-->NO,NZ-->NO,NZ-->NO
OM,OMN,Oman,Muscat,Asia,Western Asia,,OM-->NZ,OM-->NZ,OM-->NZ,OM-->NZ,OM-->NZ,OM-->NZ,OM-->NZ,OM-->NZ,OM-->NZ,OM-->NZ,OM-->NZ,OM-->NZ,OM-->NZ,OM-->NZ,OM-->NZ,OM-->NZ,OM-->NZ,OM-->NZ,OM-->NZ,,,,,,,,,,,,,,,,,NZ-->OM,NZ-->OM,NZ-->OM,NZ-->OM,NZ-->OM,NZ-->OM,NZ-->OM,NZ-->OM,NZ-->OM,NZ-->OM,NZ-->OM,NZ-->OM,NZ-->OM,NZ-->OM,NZ-->OM,NZ-->OM,NZ-->OM,NZ-->OM,NZ-->OM
PK,PAK,Pakistan,Islamabad,Asia,Southern Asia,,PK-->NZ,PK-->NZ,PK-->NZ,PK-->NZ,PK-->NZ,PK-->NZ,PK-->NZ,PK-->NZ,PK-->NZ,PK-->NZ,PK-->NZ,PK-->NZ,PK-->NZ,PK-->NZ,PK-->NZ,PK-->NZ,PK-->NZ,PK-->NZ,PK-->NZ,,,,,,,,,,,,,,,,,NZ-->PK,NZ-->PK,NZ-->PK,NZ-->PK,NZ-->PK,NZ-->PK,NZ-->PK,NZ-->PK,NZ-->PK,NZ-->PK,NZ-->PK,NZ-->PK,NZ-->PK,NZ-->PK,NZ-->PK,NZ-->PK,NZ-->PK,NZ-->PK,NZ-->PK
PW,PLW,Palau,Ngerulmud,Oceania,Micronesia,,PW-->NZ,PW-->NZ,PW-->NZ,PW-->NZ,PW-->NZ,PW-->NZ,PW-->NZ,PW-->NZ,PW-->NZ,PW-->NZ,PW-->NZ,PW-->NZ,PW-->NZ,PW-->NZ,PW-->NZ,PW-->NZ,PW-->NZ,PW-->NZ,PW-->NZ,,,,,,,,,,,,,,,,,NZ-->PW,NZ-->PW,NZ-->PW,NZ-->PW,NZ-->PW,NZ-->PW,NZ-->PW,NZ-->PW,NZ-->PW,NZ-->PW,NZ-->PW,NZ-->PW,NZ-->PW,NZ-->PW,NZ-->PW,NZ-->PW,NZ-->PW,NZ-->PW,NZ-->PW
PS,PSE,Palestine,Ramallah,Asia,Western Asia,,PS-->NZ,PS-->NZ,PS-->NZ,PS-->NZ,PS-->NZ,PS-->NZ,PS-->NZ,PS-->NZ,PS-->NZ,PS-->NZ,PS-->NZ,PS-->NZ,PS-->NZ,PS-->NZ,PS-->NZ,PS-->NZ,PS-->NZ,PS-->NZ,PS-->NZ,,,,,,,,,,,,,,,,,NZ-->PS,NZ-->PS,NZ-->PS,NZ-->PS,NZ-->PS,NZ-->PS,NZ-->PS,NZ-->PS,NZ-->PS,NZ-->PS,NZ-->PS,NZ-->PS,NZ-->PS,NZ-->PS,NZ-->PS,NZ-->PS,NZ-->PS,NZ-->PS,NZ-->PS
PA,PAN,Panama,Panama City,Americas,Central America,,PA-->NZ,PA-->NZ,PA-->NZ,PA-->NZ,PA-->NZ,PA-->NZ,PA-->NZ,PA-->NZ,PA-->NZ,PA-->NZ,PA-->NZ,PA-->NZ,PA-->NZ,PA-->NZ,PA-->NZ,PA-->NZ,PA-->NZ,PA-->NZ,PA-->NZ,,,,,,,,,,,,,,,,,NZ-->PA,NZ-->PA,NZ-->PA,NZ-->PA,NZ-->PA,NZ-->PA,NZ-->PA,NZ-->PA,NZ-->PA,NZ-->PA,NZ-->PA,NZ-->PA,NZ-->PA,NZ-->PA,NZ-->PA,NZ-->PA,NZ-->PA,NZ-->PA,NZ-->PA
PG,PNG,Papua New Guinea,Port Moresby,Oceania,Melanesia,,PG-->NZ,PG-->NZ,PG-->NZ,PG-->NZ,PG-->NZ,PG-->NZ,PG-->NZ,PG-->NZ,PG-->NZ,PG-->NZ,PG-->NZ,PG-->NZ,PG-->NZ,PG-->NZ,PG-->NZ,PG-->NZ,PG-->NZ,PG-->NZ,PG-->NZ,,,,,,,,,,,,,,,,,NZ-->PG,NZ-->PG,NZ-->PG,NZ-->PG,NZ-->PG,NZ-->PG,NZ-->PG,NZ-->PG,NZ-->PG,NZ-->PG,NZ-->PG,NZ-->PG,NZ-->PG,NZ-->PG,NZ-->PG,NZ-->PG,NZ-->PG,NZ-->PG,NZ-->PG
PY,PRY,Paraguay,Asunción,Americas,South America,,PY-->NZ,PY-->NZ,PY-->NZ,PY-->NZ,PY-->NZ,PY-->NZ,PY-->NZ,PY-->NZ,PY-->NZ,PY-->NZ,PY-->NZ,PY-->NZ,PY-->NZ,PY-->NZ,PY-->NZ,PY-->NZ,PY-->NZ,PY-->NZ,PY-->NZ,,,,,,,,,,,,,,,,,NZ-->PY,NZ-->PY,NZ-->PY,NZ-->PY,NZ-->PY,NZ-->PY,NZ-->PY,NZ-->PY,NZ-->PY,NZ-->PY,NZ-->PY,NZ-->PY,NZ-->PY,NZ-->PY,NZ-->PY,NZ-->PY,NZ-->PY,NZ-->PY,NZ-->PY
PE,PER,Peru,Lima,Americas,South America,,PE-->NZ,PE-->NZ,PE-->NZ,PE-->NZ,PE-->NZ,PE-->NZ,PE-->NZ,PE-->NZ,PE-->NZ,PE-->NZ,PE-->NZ,PE-->NZ,PE-->NZ,PE-->NZ,PE-->NZ,PE-->NZ,PE-->NZ,PE-->NZ,PE-->NZ,,,,,,,,,,,,,,,,,NZ-->PE,NZ-->PE,NZ-->PE,NZ-->PE,NZ-->PE,NZ-->PE,NZ-->PE,NZ-->PE,NZ-->PE,NZ-->PE,NZ-->PE,NZ-->PE,NZ-->PE,NZ-->PE,NZ-->PE,NZ-->PE,NZ-->PE,NZ-->PE,NZ-->PE
PH,PHL,Philippines,Manila,Asia,South-Eastern Asia,,PH-->NZ,PH-->NZ,PH-->NZ,PH-->NZ,PH-->NZ,PH-->NZ,PH-->NZ,PH-->NZ,PH-->NZ,PH-->NZ,PH-->NZ,PH-->NZ,PH-->NZ,PH-->NZ,PH-->NZ,PH-->NZ,PH-->NZ,PH-->NZ,PH-->NZ,,,,,,,,,,,,,,,,,NZ-->PH,NZ-->PH,NZ-->PH,NZ-->PH,NZ-->PH,NZ-->PH,NZ-->PH,NZ-->PH,NZ-->PH,NZ-->PH,NZ-->PH,NZ-->PH,NZ-->PH,NZ-->PH,NZ-->PH,NZ-->PH,NZ-->PH,NZ-->PH,NZ-->PH
PN,PCN,Pitcairn Islands,Adamstown,Oceania,Polynesia,,PN-->NZ,PN-->NZ,PN-->NZ,PN-->NZ,PN-->NZ,PN-->NZ,PN-->NZ,PN-->NZ,PN-->NZ,PN-->NZ,PN-->NZ,PN-->NZ,PN-->NZ,PN-->NZ,PN-->NZ,PN-->NZ,PN-->NZ,PN-->NZ,PN-->NZ,,,,,,,,,,,,,,,,,NZ-->PN,NZ-->PN,NZ-->PN,NZ-->PN,NZ-->PN,NZ-->PN,NZ-->PN,NZ-->PN,NZ-->PN,NZ-->PN,NZ-->PN,NZ-->PN,NZ-->PN,NZ-->PN,NZ-->PN,NZ-->PN,NZ-->PN,NZ-->PN,NZ-->PN
PL,POL,Poland,Warsaw,Europe,Eastern Europe,,PL-->NZ,PL-->NZ,PL-->NZ,PL-->NZ,PL-->NZ,PL-->NZ,PL-->NZ,PL-->NZ,PL-->NZ,PL-->NZ,PL-->NZ,PL-->NZ,PL-->NZ,PL-->NZ,PL-->NZ,PL-->NZ,PL-->NZ,PL-->NZ,PL-->NZ,,,,,,,,,,,,,,,,,NZ-->PL,NZ-->PL,NZ-->PL,NZ-->PL,NZ-->PL,NZ-->PL,NZ-->PL,NZ-->PL,NZ-->PL,NZ-->PL,NZ-->PL,NZ-->PL,NZ-->PL,NZ-->PL,NZ-->PL,NZ-->PL,NZ-->PL,NZ-->PL,NZ-->PL
PT,PRT,Portugal,Lisbon,Europe,Southern Europe,,PT-->NZ,PT-->NZ,PT-->NZ,PT-->NZ,PT-->NZ,PT-->NZ,PT-->NZ,PT-->NZ,PT-->NZ,PT-->NZ,PT-->NZ,PT-->NZ,PT-->NZ,PT-->NZ,PT-->NZ,PT-->NZ,PT-->NZ,PT-->NZ,PT-->NZ,,,,,,,,,,,,,,,,,NZ-->PT,NZ-->PT,NZ-->PT,NZ-->PT,NZ-->PT,NZ-->PT,NZ-->PT,NZ-->PT,NZ-->PT,NZ-->PT,NZ-->PT,NZ-->PT,NZ-->PT,NZ-->PT,NZ-->PT,NZ-->PT,NZ-->PT,NZ-->PT,NZ-->PT
PR,PRI,Puerto Rico,San Juan,Americas,Caribbean,,PR-->NZ,PR-->NZ,PR-->NZ,PR-->NZ,PR-->NZ,PR-->NZ,PR-->NZ,PR-->NZ,PR-->NZ,PR-->NZ,PR-->NZ,PR-->NZ,PR-->NZ,PR-->NZ,PR-->NZ,PR-->NZ,PR-->NZ,PR-->NZ,PR-->NZ,,,,,,,,,,,,,,,,,NZ-->PR,NZ-->PR,NZ-->PR,NZ-->PR,NZ-->PR,NZ-->PR,NZ-->PR,NZ-->PR,NZ-->PR,NZ-->PR,NZ-->PR,NZ-->PR,NZ-->PR,NZ-->PR,NZ-->PR,NZ-->PR,NZ-->PR,NZ-->PR,NZ-->PR
QA,QAT,Qatar,Doha,Asia,Western Asia,,QA-->NZ,QA-->NZ,QA-->NZ,QA-->NZ,QA-->NZ,QA-->NZ,QA-->NZ,QA-->NZ,QA-->NZ,QA-->NZ,QA-->NZ,QA-->NZ,QA-->NZ,QA-->NZ,QA-->NZ,QA-->NZ,QA-->NZ,QA-->NZ,QA-->NZ,,,,,,,,,,,,,,,,,NZ-->QA,NZ-->QA,NZ-->QA,NZ-->QA,NZ-->QA,NZ-->QA,NZ-->QA,NZ-->QA,NZ-->QA,NZ-->QA,NZ-->QA,NZ-->QA,NZ-->QA,NZ-->QA,NZ-->QA,NZ-->QA,NZ-->QA,NZ-->QA,NZ-->QA
XK,KOS,Republic of Kosovo,Pristina,Europe,Eastern Europe,,XK-->NZ,XK-->NZ,XK-->NZ,XK-->NZ,XK-->NZ,XK-->NZ,XK-->NZ,XK-->NZ,XK-->NZ,XK-->NZ,XK-->NZ,XK-->NZ,XK-->NZ,XK-->NZ,XK-->NZ,XK-->NZ,XK-->NZ,XK-->NZ,XK-->NZ,,,,,,,,,,,,,,,,,NZ-->XK,NZ-->XK,NZ-->XK,NZ-->XK,NZ-->XK,NZ-->XK,NZ-->XK,NZ-->XK,NZ-->XK,NZ-->XK,NZ-->XK,NZ-->XK,NZ-->XK,NZ-->XK,NZ-->XK,NZ-->XK,NZ-->XK,NZ-->XK,NZ-->XK
RE,REU,Réunion,Saint-Denis,Africa,Eastern Africa,,RE-->NZ,RE-->NZ,RE-->NZ,RE-->NZ,RE-->NZ,RE-->NZ,RE-->NZ,RE-->NZ,RE-->NZ,RE-->NZ,RE-->NZ,RE-->NZ,RE-->NZ,RE-->NZ,RE-->NZ,RE-->NZ,RE-->NZ,RE-->NZ,RE-->NZ,,,,,,,,,,,,,,,,,NZ-->RE,NZ-->RE,NZ-->RE,NZ-->RE,NZ-->RE,NZ-->RE,NZ-->RE,NZ-->RE,NZ-->RE,NZ-->RE,NZ-->RE,NZ-->RE,NZ-->RE,NZ-->RE,NZ-->RE,NZ-->RE,NZ-->RE,NZ-->RE,NZ-->RE
RO,ROU,Romania,Bucharest,Europe,Eastern Europe,,RO-->NZ,RO-->NZ,RO-->NZ,RO-->NZ,RO-->NZ,RO-->NZ,RO-->NZ,RO-->NZ,RO-->NZ,RO-->NZ,RO-->NZ,RO-->NZ,RO-->NZ,RO-->NZ,RO-->NZ,RO-->NZ,RO-->NZ,RO-->NZ,RO-->NZ,,,,,,,,,,,,,,,,,NZ-->RO,NZ-->RO,NZ-->RO,NZ-->RO,NZ-->RO,NZ-->RO,NZ-->RO,NZ-->RO,NZ-->RO,NZ-->RO,NZ-->RO,NZ-->RO,NZ-->RO,NZ-->RO,NZ-->RO,NZ-->RO,NZ-->RO,NZ-->RO,NZ-->RO
RU,RUS,Russia,Moscow,Europe,Eastern Europe,,RU-->NZ,RU-->NZ,RU-->NZ,RU-->NZ,RU-->NZ,RU-->NZ,RU-->NZ,RU-->NZ,RU-->NZ,RU-->NZ,RU-->NZ,RU-->NZ,RU-->NZ,RU-->NZ,RU-->NZ,RU-->NZ,RU-->NZ,RU-->NZ,RU-->NZ,,,,,,,,,,,,,,,,,NZ-->RU,NZ-->RU,NZ-->RU,NZ-->RU,NZ-->RU,NZ-->RU,NZ-->RU,NZ-->RU,NZ-->RU,NZ-->RU,NZ-->RU,NZ-->RU,NZ-->RU,NZ-->RU,NZ-->RU,NZ-->RU,NZ-->RU,NZ-->RU,NZ-->RU
RW,RWA,Rwanda,Kigali,Africa,Eastern Africa,,RW-->NZ,RW-->NZ,RW-->NZ,RW-->NZ,RW-->NZ,RW-->NZ,RW-->NZ,RW-->NZ,RW-->NZ,RW-->NZ,RW-->NZ,RW-->NZ,RW-->NZ,RW-->NZ,RW-->NZ,RW-->NZ,RW-->NZ,RW-->NZ,RW-->NZ,,,,,,,,,,,,,,,,,NZ-->RW,NZ-->RW,NZ-->RW,NZ-->RW,NZ-->RW,NZ-->RW,NZ-->RW,NZ-->RW,NZ-->RW,NZ-->RW,NZ-->RW,NZ-->RW,NZ-->RW,NZ-->RW,NZ-->RW,NZ-->RW,NZ-->RW,NZ-->RW,NZ-->RW
BL,BLM,Saint Barthélemy,Gustavia,Americas,Caribbean,,BL-->NZ,BL-->NZ,BL-->NZ,BL-->NZ,BL-->NZ,BL-->NZ,BL-->NZ,BL-->NZ,BL-->NZ,BL-->NZ,BL-->NZ,BL-->NZ,BL-->NZ,BL-->NZ,BL-->NZ,BL-->NZ,BL-->NZ,BL-->NZ,BL-->NZ,,,,,,,,,,,,,,,,,NZ-->BL,NZ-->BL,NZ-->BL,NZ-->BL,NZ-->BL,NZ-->BL,NZ-->BL,NZ-->BL,NZ-->BL,NZ-->BL,NZ-->BL,NZ-->BL,NZ-->BL,NZ-->BL,NZ-->BL,NZ-->BL,NZ-->BL,NZ-->BL,NZ-->BL
SH,SHN,Saint Helena,Jamestown,Africa,Western Africa,,SH-->NZ,SH-->NZ,SH-->NZ,SH-->NZ,SH-->NZ,SH-->NZ,SH-->NZ,SH-->NZ,SH-->NZ,SH-->NZ,SH-->NZ,SH-->NZ,SH-->NZ,SH-->NZ,SH-->NZ,SH-->NZ,SH-->NZ,SH-->NZ,SH-->NZ,,,,,,,,,,,,,,,,,NZ-->SH,NZ-->SH,NZ-->SH,NZ-->SH,NZ-->SH,NZ-->SH,NZ-->SH,NZ-->SH,NZ-->SH,NZ-->SH,NZ-->SH,NZ-->SH,NZ-->SH,NZ-->SH,NZ-->SH,NZ-->SH,NZ-->SH,NZ-->SH,NZ-->SH
KN,KNA,Saint Kitts and Nevis,Basseterre,Americas,Caribbean,,KN-->NZ,KN-->NZ,KN-->NZ,KN-->NZ,KN-->NZ,KN-->NZ,KN-->NZ,KN-->NZ,KN-->NZ,KN-->NZ,KN-->NZ,KN-->NZ,KN-->NZ,KN-->NZ,KN-->NZ,KN-->NZ,KN-->NZ,KN-->NZ,KN-->NZ,,,,,,,,,,,,,,,,,NZ-->KN,NZ-->KN,NZ-->KN,NZ-->KN,NZ-->KN,NZ-->KN,NZ-->KN,NZ-->KN,NZ-->KN,NZ-->KN,NZ-->KN,NZ-->KN,NZ-->KN,NZ-->KN,NZ-->KN,NZ-->KN,NZ-->KN,NZ-->KN,NZ-->KN
LC,LCA,Saint Lucia,Castries,Americas,Caribbean,,LC-->NZ,LC-->NZ,LC-->NZ,LC-->NZ,LC-->NZ,LC-->NZ,LC-->NZ,LC-->NZ,LC-->NZ,LC-->NZ,LC-->NZ,LC-->NZ,LC-->NZ,LC-->NZ,LC-->NZ,LC-->NZ,LC-->NZ,LC-->NZ,LC-->NZ,,,,,,,,,,,,,,,,,NZ-->LC,NZ-->LC,NZ-->LC,NZ-->LC,NZ-->LC,NZ-->LC,NZ-->LC,NZ-->LC,NZ-->LC,NZ-->LC,NZ-->LC,NZ-->LC,NZ-->LC,NZ-->LC,NZ-->LC,NZ-->LC,NZ-->LC,NZ-->LC,NZ-->LC
MF,MAF,Saint Martin,Marigot,Americas,Caribbean,,MF-->NZ,MF-->NZ,MF-->NZ,MF-->NZ,MF-->NZ,MF-->NZ,MF-->NZ,MF-->NZ,MF-->NZ,MF-->NZ,MF-->NZ,MF-->NZ,MF-->NZ,MF-->NZ,MF-->NZ,MF-->NZ,MF-->NZ,MF-->NZ,MF-->NZ,,,,,,,,,,,,,,,,,NZ-->MF,NZ-->MF,NZ-->MF,NZ-->MF,NZ-->MF,NZ-->MF,NZ-->MF,NZ-->MF,NZ-->MF,NZ-->MF,NZ-->MF,NZ-->MF,NZ-->MF,NZ-->MF,NZ-->MF,NZ-->MF,NZ-->MF,NZ-->MF,NZ-->MF
PM,SPM,Saint Pierre and Miquelon,Saint-Pierre,Americas,Northern America,,PM-->NZ,PM-->NZ,PM-->NZ,PM-->NZ,PM-->NZ,PM-->NZ,PM-->NZ,PM-->NZ,PM-->NZ,PM-->NZ,PM-->NZ,PM-->NZ,PM-->NZ,PM-->NZ,PM-->NZ,PM-->NZ,PM-->NZ,PM-->NZ,PM-->NZ,,,,,,,,,,,,,,,,,NZ-->PM,NZ-->PM,NZ-->PM,NZ-->PM,NZ-->PM,NZ-->PM,NZ-->PM,NZ-->PM,NZ-->PM,NZ-->PM,NZ-->PM,NZ-->PM,NZ-->PM,NZ-->PM,NZ-->PM,NZ-->PM,NZ-->PM,NZ-->PM,NZ-->PM
VC,VCT,Saint Vincent and the Grenadines,Kingstown,Americas,Caribbean,,VC-->NZ,VC-->NZ,VC-->NZ,VC-->NZ,VC-->NZ,VC-->NZ,VC-->NZ,VC-->NZ,VC-->NZ,VC-->NZ,VC-->NZ,VC-->NZ,VC-->NZ,VC-->NZ,VC-->NZ,VC-->NZ,VC-->NZ,VC-->NZ,VC-->NZ,,,,,,,,,,,,,,,,,NZ-->VC,NZ-->VC,NZ-->VC,NZ-->VC,NZ-->VC,NZ-->VC,NZ-->VC,NZ-->VC,NZ-->VC,NZ-->VC,NZ-->VC,NZ-->VC,NZ-->VC,NZ-->VC,NZ-->VC,NZ-->VC,NZ-->VC,NZ-->VC,NZ-->VC
WS,WSM,Samoa,Apia,Oceania,Polynesia,,WS-->NZ,WS-->NZ,WS-->NZ,WS-->NZ,WS-->NZ,WS-->NZ,WS-->NZ,WS-->NZ,WS-->NZ,WS-->NZ,WS-->NZ,WS-->NZ,WS-->NZ,WS-->NZ,WS-->NZ,WS-->NZ,WS-->NZ,WS-->NZ,WS-->NZ,,,,,,,,,,,,,,,,,NZ-->WS,NZ-->WS,NZ-->WS,NZ-->WS,NZ-->WS,NZ-->WS,NZ-->WS,NZ-->WS,NZ-->WS,NZ-->WS,NZ-->WS,NZ-->WS,NZ-->WS,NZ-->WS,NZ-->WS,NZ-->WS,NZ-->WS,NZ-->WS,NZ-->WS
SM,SMR,San Marino,City of San Marino,Europe,Southern Europe,,SM-->NZ,SM-->NZ,SM-->NZ,SM-->NZ,SM-->NZ,SM-->NZ,SM-->NZ,SM-->NZ,SM-->NZ,SM-->NZ,SM-->NZ,SM-->NZ,SM-->NZ,SM-->NZ,SM-->NZ,SM-->NZ,SM-->NZ,SM-->NZ,SM-->NZ,,,,,,,,,,,,,,,,,NZ-->SM,NZ-->SM,NZ-->SM,NZ-->SM,NZ-->SM,NZ-->SM,NZ-->SM,NZ-->SM,NZ-->SM,NZ-->SM,NZ-->SM,NZ-->SM,NZ-->SM,NZ-->SM,NZ-->SM,NZ-->SM,NZ-->SM,NZ-->SM,NZ-->SM
ST,STP,São Tomé and Príncipe,São Tomé,Africa,Middle Africa,,ST-->NZ,ST-->NZ,ST-->NZ,ST-->NZ,ST-->NZ,ST-->NZ,ST-->NZ,ST-->NZ,ST-->NZ,ST-->NZ,ST-->NZ,ST-->NZ,ST-->NZ,ST-->NZ,ST-->NZ,ST-->NZ,ST-->NZ,ST-->NZ,ST-->NZ,,,,,,,,,,,,,,,,,NZ-->ST,NZ-->ST,NZ-->ST,NZ-->ST,NZ-->ST,NZ-->ST,NZ-->ST,NZ-->ST,NZ-->ST,NZ-->ST,NZ-->ST,NZ-->ST,NZ-->ST,NZ-->ST,NZ-->ST,NZ-->ST,NZ-->ST,NZ-->ST,NZ-->ST
SA,SAU,Saudi Arabia,Riyadh,Asia,Western Asia,,SA-->NZ,SA-->NZ,SA-->NZ,SA-->NZ,SA-->NZ,SA-->NZ,SA-->NZ,SA-->NZ,SA-->NZ,SA-->NZ,SA-->NZ,SA-->NZ,SA-->NZ,SA-->NZ,SA-->NZ,SA-->NZ,SA-->NZ,SA-->NZ,SA-->NZ,,,,,,,,,,,,,,,,,NZ-->SA,NZ-->SA,NZ-->SA,NZ-->SA,NZ-->SA,NZ-->SA,NZ-->SA,NZ-->SA,NZ-->SA,NZ-->SA,NZ-->SA,NZ-->SA,NZ-->SA,NZ-->SA,NZ-->SA,NZ-->SA,NZ-->SA,NZ-->SA,NZ-->SA
SN,SEN,Senegal,Dakar,Africa,Western Africa,,SN-->NZ,SN-->NZ,SN-->NZ,SN-->NZ,SN-->NZ,SN-->NZ,SN-->NZ,SN-->NZ,SN-->NZ,SN-->NZ,SN-->NZ,SN-->NZ,SN-->NZ,SN-->NZ,SN-->NZ,SN-->NZ,SN-->NZ,SN-->NZ,SN-->NZ,,,,,,,,,,,,,,,,,NZ-->SN,NZ-->SN,NZ-->SN,NZ-->SN,NZ-->SN,NZ-->SN,NZ-->SN,NZ-->SN,NZ-->SN,NZ-->SN,NZ-->SN,NZ-->SN,NZ-->SN,NZ-->SN,NZ-->SN,NZ-->SN,NZ-->SN,NZ-->SN,NZ-->SN
RS,SRB,Serbia,Belgrade,Europe,Southern Europe,,RS-->NZ,RS-->NZ,RS-->NZ,RS-->NZ,RS-->NZ,RS-->NZ,RS-->NZ,RS-->NZ,RS-->NZ,RS-->NZ,RS-->NZ,RS-->NZ,RS-->NZ,RS-->NZ,RS-->NZ,RS-->NZ,RS-->NZ,RS-->NZ,RS-->NZ,,,,,,,,,,,,,,,,,NZ-->RS,NZ-->RS,NZ-->RS,NZ-->RS,NZ-->RS,NZ-->RS,NZ-->RS,NZ-->RS,NZ-->RS,NZ-->RS,NZ-->RS,NZ-->RS,NZ-->RS,NZ-->RS,NZ-->RS,NZ-->RS,NZ-->RS,NZ-->RS,NZ-->RS
SC,SYC,Seychelles,Victoria,Africa,Eastern Africa,,SC-->NZ,SC-->NZ,SC-->NZ,SC-->NZ,SC-->NZ,SC-->NZ,SC-->NZ,SC-->NZ,SC-->NZ,SC-->NZ,SC-->NZ,SC-->NZ,SC-->NZ,SC-->NZ,SC-->NZ,SC-->NZ,SC-->NZ,SC-->NZ,SC-->NZ,,,,,,,,,,,,,,,,,NZ-->SC,NZ-->SC,NZ-->SC,NZ-->SC,NZ-->SC,NZ-->SC,NZ-->SC,NZ-->SC,NZ-->SC,NZ-->SC,NZ-->SC,NZ-->SC,NZ-->SC,NZ-->SC,NZ-->SC,NZ-->SC,NZ-->SC,NZ-->SC,NZ-->SC
SL,SLE,Sierra Leone,Freetown,Africa,Western Africa,,SL-->NZ,SL-->NZ,SL-->NZ,SL-->NZ,SL-->NZ,SL-->NZ,SL-->NZ,SL-->NZ,SL-->NZ,SL-->NZ,SL-->NZ,SL-->NZ,SL-->NZ,SL-->NZ,SL-->NZ,SL-->NZ,SL-->NZ,SL-->NZ,SL-->NZ,,,,,,,,,,,,,,,,,NZ-->SL,NZ-->SL,NZ-->SL,NZ-->SL,NZ-->SL,NZ-->SL,NZ-->SL,NZ-->SL,NZ-->SL,NZ-->SL,NZ-->SL,NZ-->SL,NZ-->SL,NZ-->SL,NZ-->SL,NZ-->SL,NZ-->SL,NZ-->SL,NZ-->SL
SG,SGP,Singapore,Singapore,Asia,South-Eastern Asia,,SG-->NZ,SG-->NZ,SG-->NZ,SG-->NZ,SG-->NZ,SG-->NZ,SG-->NZ,SG-->NZ,SG-->NZ,SG-->NZ,SG-->NZ,SG-->NZ,SG-->NZ,SG-->NZ,SG-->NZ,SG-->NZ,SG-->NZ,SG-->NZ,SG-->NZ,,,,,,,,,,,,,,,,,NZ-->SG,NZ-->SG,NZ-->SG,NZ-->SG,NZ-->SG,NZ-->SG,NZ-->SG,NZ-->SG,NZ-->SG,NZ-->SG,NZ-->SG,NZ-->SG,NZ-->SG,NZ-->SG,NZ-->SG,NZ-->SG,NZ-->SG,NZ-->SG,NZ-->SG
SX,SXM,Sint Maarten,Philipsburg,Americas,Caribbean,,SX-->NZ,SX-->NZ,SX-->NZ,SX-->NZ,SX-->NZ,SX-->NZ,SX-->NZ,SX-->NZ,SX-->NZ,SX-->NZ,SX-->NZ,SX-->NZ,SX-->NZ,SX-->NZ,SX-->NZ,SX-->NZ,SX-->NZ,SX-->NZ,SX-->NZ,,,,,,,,,,,,,,,,,NZ-->SX,NZ-->SX,NZ-->SX,NZ-->SX,NZ-->SX,NZ-->SX,NZ-->SX,NZ-->SX,NZ-->SX,NZ-->SX,NZ-->SX,NZ-->SX,NZ-->SX,NZ-->SX,NZ-->SX,NZ-->SX,NZ-->SX,NZ-->SX,NZ-->SX
SK,SVK,Slovakia,Bratislava,Europe,Eastern Europe,,SK-->NZ,SK-->NZ,SK-->NZ,SK-->NZ,SK-->NZ,SK-->NZ,SK-->NZ,SK-->NZ,SK-->NZ,SK-->NZ,SK-->NZ,SK-->NZ,SK-->NZ,SK-->NZ,SK-->NZ,SK-->NZ,SK-->NZ,SK-->NZ,SK-->NZ,,,,,,,,,,,,,,,,,NZ-->SK,NZ-->SK,NZ-->SK,NZ-->SK,NZ-->SK,NZ-->SK,NZ-->SK,NZ-->SK,NZ-->SK,NZ-->SK,NZ-->SK,NZ-->SK,NZ-->SK,NZ-->SK,NZ-->SK,NZ-->SK,NZ-->SK,NZ-->SK,NZ-->SK
SI,SVN,Slovenia,Ljubljana,Europe,Southern Europe,,SI-->NZ,SI-->NZ,SI-->NZ,SI-->NZ,SI-->NZ,SI-->NZ,SI-->NZ,SI-->NZ,SI-->NZ,SI-->NZ,SI-->NZ,SI-->NZ,SI-->NZ,SI-->NZ,SI-->NZ,SI-->NZ,SI-->NZ,SI-->NZ,SI-->NZ,,,,,,,,,,,,,,,,,NZ-->SI,NZ-->SI,NZ-->SI,NZ-->SI,NZ-->SI,NZ-->SI,NZ-->SI,NZ-->SI,NZ-->SI,NZ-->SI,NZ-->SI,NZ-->SI,NZ-->SI,NZ-->SI,NZ-->SI,NZ-->SI,NZ-->SI,NZ-->SI,NZ-->SI
SB,SLB,Solomon Islands,Honiara,Oceania,Melanesia,,SB-->NZ,SB-->NZ,SB-->NZ,SB-->NZ,SB-->NZ,SB-->NZ,SB-->NZ,SB-->NZ,SB-->NZ,SB-->NZ,SB-->NZ,SB-->NZ,SB-->NZ,SB-->NZ,SB-->NZ,SB-->NZ,SB-->NZ,SB-->NZ,SB-->NZ,,,,,,,,,,,,,,,,,NZ-->SB,NZ-->SB,NZ-->SB,NZ-->SB,NZ-->SB,NZ-->SB,NZ-->SB,NZ-->SB,NZ-->SB,NZ-->SB,NZ-->SB,NZ-->SB,NZ-->SB,NZ-->SB,NZ-->SB,NZ-->SB,NZ-->SB,NZ-->SB,NZ-->SB
SO,SOM,Somalia,Mogadishu,Africa,Eastern Africa,,SO-->NZ,SO-->NZ,SO-->NZ,SO-->NZ,SO-->NZ,SO-->NZ,SO-->NZ,SO-->NZ,SO-->NZ,SO-->NZ,SO-->NZ,SO-->NZ,SO-->NZ,SO-->NZ,SO-->NZ,SO-->NZ,SO-->NZ,SO-->NZ,SO-->NZ,,,,,,,,,,,,,,,,,NZ-->SO,NZ-->SO,NZ-->SO,NZ-->SO,NZ-->SO,NZ-->SO,NZ-->SO,NZ-->SO,NZ-->SO,NZ-->SO,NZ-->SO,NZ-->SO,NZ-->SO,NZ-->SO,NZ-->SO,NZ-->SO,NZ-->SO,NZ-->SO,NZ-->SO
ZA,ZAF,South Africa,Pretoria,Africa,Southern Africa,,ZA-->NZ,ZA-->NZ,ZA-->NZ,ZA-->NZ,ZA-->NZ,ZA-->NZ,ZA-->NZ,ZA-->NZ,ZA-->NZ,ZA-->NZ,ZA-->NZ,ZA-->NZ,ZA-->NZ,ZA-->NZ,ZA-->NZ,ZA-->NZ,ZA-->NZ,ZA-->NZ,ZA-->NZ,,,,,,,,,,,,,,,,,NZ-->ZA,NZ-->ZA,NZ-->ZA,NZ-->ZA,NZ-->ZA,NZ-->ZA,NZ-->ZA,NZ-->ZA,NZ-->ZA,NZ-->ZA,NZ-->ZA,NZ-->ZA,NZ-->ZA,NZ-->ZA,NZ-->ZA,NZ-->ZA,NZ-->ZA,NZ-->ZA,NZ-->ZA
GS,SGS,South Georgia,King Edward Point,Americas,South America,,GS-->NZ,GS-->NZ,GS-->NZ,GS-->NZ,GS-->NZ,GS-->NZ,GS-->NZ,GS-->NZ,GS-->NZ,GS-->NZ,GS-->NZ,GS-->NZ,GS-->NZ,GS-->NZ,GS-->NZ,GS-->NZ,GS-->NZ,GS-->NZ,GS-->NZ,,,,,,,,,,,,,,,,,NZ-->GS,NZ-->GS,NZ-->GS,NZ-->GS,NZ-->GS,NZ-->GS,NZ-->GS,NZ-->GS,NZ-->GS,NZ-->GS,NZ-->GS,NZ-->GS,NZ-->GS,NZ-->GS,NZ-->GS,NZ-->GS,NZ-->GS,NZ-->GS,NZ-->GS
KR,KOR,South Korea,Seoul,Asia,Eastern Asia,,KR-->NZ,KR-->NZ,KR-->NZ,KR-->NZ,KR-->NZ,KR-->NZ,KR-->NZ,KR-->NZ,KR-->NZ,KR-->NZ,KR-->NZ,KR-->NZ,KR-->NZ,KR-->NZ,KR-->NZ,KR-->NZ,KR-->NZ,KR-->NZ,KR-->NZ,,,,,,,,,,,,,,,,,NZ-->KR,NZ-->KR,NZ-->KR,NZ-->KR,NZ-->KR,NZ-->KR,NZ-->KR,NZ-->KR,NZ-->KR,NZ-->KR,NZ-->KR,NZ-->KR,NZ-->KR,NZ-->KR,NZ-->KR,NZ-->KR,NZ-->KR,NZ-->KR,NZ-->KR
SS,SSD,South Sudan,Juba,Africa,Middle Africa,,SS-->NZ,SS-->NZ,SS-->NZ,SS-->NZ,SS-->NZ,SS-->NZ,SS-->NZ,SS-->NZ,SS-->NZ,SS-->NZ,SS-->NZ,SS-->NZ,SS-->NZ,SS-->NZ,SS-->NZ,SS-->NZ,SS-->NZ,SS-->NZ,SS-->NZ,,,,,,,,,,,,,,,,,NZ-->SS,NZ-->SS,NZ-->SS,NZ-->SS,NZ-->SS,NZ-->SS,NZ-->SS,NZ-->SS,NZ-->SS,NZ-->SS,NZ-->SS,NZ-->SS,NZ-->SS,NZ-->SS,NZ-->SS,NZ-->SS,NZ-->SS,NZ-->SS,NZ-->SS
ES,ESP,Spain,Madrid,Europe,Southern Europe,,ES-->NZ,ES-->NZ,ES-->NZ,ES-->NZ,ES-->NZ,ES-->NZ,ES-->NZ,ES-->NZ,ES-->NZ,ES-->NZ,ES-->NZ,ES-->NZ,ES-->NZ,ES-->NZ,ES-->NZ,ES-->NZ,ES-->NZ,ES-->NZ,ES-->NZ,,,,,,,,,,,,,,,,,NZ-->ES,NZ-->ES,NZ-->ES,NZ-->ES,NZ-->ES,NZ-->ES,NZ-->ES,NZ-->ES,NZ-->ES,NZ-->ES,NZ-->ES,NZ-->ES,NZ-->ES,NZ-->ES,NZ-->ES,NZ-->ES,NZ-->ES,NZ-->ES,NZ-->ES
LK,LKA,Sri Lanka,Colombo,Asia,Southern Asia,,LK-->NZ,LK-->NZ,LK-->NZ,LK-->NZ,LK-->NZ,LK-->NZ,LK-->NZ,LK-->NZ,LK-->NZ,LK-->NZ,LK-->NZ,LK-->NZ,LK-->NZ,LK-->NZ,LK-->NZ,LK-->NZ,LK-->NZ,LK-->NZ,LK-->NZ,,,,,,,,,,,,,,,,,NZ-->LK,NZ-->LK,NZ-->LK,NZ-->LK,NZ-->LK,NZ-->LK,NZ-->LK,NZ-->LK,NZ-->LK,NZ-->LK,NZ-->LK,NZ-->LK,NZ-->LK,NZ-->LK,NZ-->LK,NZ-->LK,NZ-->LK,NZ-->LK,NZ-->LK
SD,SDN,Sudan,Khartoum,Africa,Northern Africa,,SD-->NZ,SD-->NZ,SD-->NZ,SD-->NZ,SD-->NZ,SD-->NZ,SD-->NZ,SD-->NZ,SD-->NZ,SD-->NZ,SD-->NZ,SD-->NZ,SD-->NZ,SD-->NZ,SD-->NZ,SD-->NZ,SD-->NZ,SD-->NZ,SD-->NZ,,,,,,,,,,,,,,,,,NZ-->SD,NZ-->SD,NZ-->SD,NZ-->SD,NZ-->SD,NZ-->SD,NZ-->SD,NZ-->SD,NZ-->SD,NZ-->SD,NZ-->SD,NZ-->SD,NZ-->SD,NZ-->SD,NZ-->SD,NZ-->SD,NZ-->SD,NZ-->SD,NZ-->SD
SR,SUR,Suriname,Paramaribo,Americas,South America,,SR-->NZ,SR-->NZ,SR-->NZ,SR-->NZ,SR-->NZ,SR-->NZ,SR-->NZ,SR-->NZ,SR-->NZ,SR-->NZ,SR-->NZ,SR-->NZ,SR-->NZ,SR-->NZ,SR-->NZ,SR-->NZ,SR-->NZ,SR-->NZ,SR-->NZ,,,,,,,,,,,,,,,,,NZ-->SR,NZ-->SR,NZ-->SR,NZ-->SR,NZ-->SR,NZ-->SR,NZ-->SR,NZ-->SR,NZ-->SR,NZ-->SR,NZ-->SR,NZ-->SR,NZ-->SR,NZ-->SR,NZ-->SR,NZ-->SR,NZ-->SR,NZ-->SR,NZ-->SR
SJ,SJM,Svalbard and Jan Mayen,Longyearbyen,Europe,Northern Europe,,SJ-->NZ,SJ-->NZ,SJ-->NZ,SJ-->NZ,SJ-->NZ,SJ-->NZ,SJ-->NZ,SJ-->NZ,SJ-->NZ,SJ-->NZ,SJ-->NZ,SJ-->NZ,SJ-->NZ,SJ-->NZ,SJ-->NZ,SJ-->NZ,SJ-->NZ,SJ-->NZ,SJ-->NZ,,,,,,,,,,,,,,,,,NZ-->SJ,NZ-->SJ,NZ-->SJ,NZ-->SJ,NZ-->SJ,NZ-->SJ,NZ-->SJ,NZ-->SJ,NZ-->SJ,NZ-->SJ,NZ-->SJ,NZ-->SJ,NZ-->SJ,NZ-->SJ,NZ-->SJ,NZ-->SJ,NZ-->SJ,NZ-->SJ,NZ-->SJ
SZ,SWZ,Swaziland,Lobamba,Africa,Southern Africa,,SZ-->NZ,SZ-->NZ,SZ-->NZ,SZ-->NZ,SZ-->NZ,SZ-->NZ,SZ-->NZ,SZ-->NZ,SZ-->NZ,SZ-->NZ,SZ-->NZ,SZ-->NZ,SZ-->NZ,SZ-->NZ,SZ-->NZ,SZ-->NZ,SZ-->NZ,SZ-->NZ,SZ-->NZ,,,,,,,,,,,,,,,,,NZ-->SZ,NZ-->SZ,NZ-->SZ,NZ-->SZ,NZ-->SZ,NZ-->SZ,NZ-->SZ,NZ-->SZ,NZ-->SZ,NZ-->SZ,NZ-->SZ,NZ-->SZ,NZ-->SZ,NZ-->SZ,NZ-->SZ,NZ-->SZ,NZ-->SZ,NZ-->SZ,NZ-->SZ
SE,SWE,Sweden,Stockholm,Europe,Northern Europe,,SE-->NZ,SE-->NZ,SE-->NZ,SE-->NZ,SE-->NZ,SE-->NZ,SE-->NZ,SE-->NZ,SE-->NZ,SE-->NZ,SE-->NZ,SE-->NZ,SE-->NZ,SE-->NZ,SE-->NZ,SE-->NZ,SE-->NZ,SE-->NZ,SE-->NZ,,,,,,,,,,,,,,,,,NZ-->SE,NZ-->SE,NZ-->SE,NZ-->SE,NZ-->SE,NZ-->SE,NZ-->SE,NZ-->SE,NZ-->SE,NZ-->SE,NZ-->SE,NZ-->SE,NZ-->SE,NZ-->SE,NZ-->SE,NZ-->SE,NZ-->SE,NZ-->SE,NZ-->SE
CH,CHE,Switzerland,Bern,Europe,Western Europe,,CH-->NZ,CH-->NZ,CH-->NZ,CH-->NZ,CH-->NZ,CH-->NZ,CH-->NZ,CH-->NZ,CH-->NZ,CH-->NZ,CH-->NZ,CH-->NZ,CH-->NZ,CH-->NZ,CH-->NZ,CH-->NZ,CH-->NZ,CH-->NZ,CH-->NZ,,,,,,,,,,,,,,,,,NZ-->CH,NZ-->CH,NZ-->CH,NZ-->CH,NZ-->CH,NZ-->CH,NZ-->CH,NZ-->CH,NZ-->CH,NZ-->CH,NZ-->CH,NZ-->CH,NZ-->CH,NZ-->CH,NZ-->CH,NZ-->CH,NZ-->CH,NZ-->CH,NZ-->CH
SY,SYR,Syria,Damascus,Asia,Western Asia,,SY-->NZ,SY-->NZ,SY-->NZ,SY-->NZ,SY-->NZ,SY-->NZ,SY-->NZ,SY-->NZ,SY-->NZ,SY-->NZ,SY-->NZ,SY-->NZ,SY-->NZ,SY-->NZ,SY-->NZ,SY-->NZ,SY-->NZ,SY-->NZ,SY-->NZ,,,,,,,,,,,,,,,,,NZ-->SY,NZ-->SY,NZ-->SY,NZ-->SY,NZ-->SY,NZ-->SY,NZ-->SY,NZ-->SY,NZ-->SY,NZ-->SY,NZ-->SY,NZ-->SY,NZ-->SY,NZ-->SY,NZ-->SY,NZ-->SY,NZ-->SY,NZ-->SY,NZ-->SY
TW,TWN,Taiwan,Taipei,Asia,Eastern Asia,,TW-->NZ,TW-->NZ,TW-->NZ,TW-->NZ,TW-->NZ,TW-->NZ,TW-->NZ,TW-->NZ,TW-->NZ,TW-->NZ,TW-->NZ,TW-->NZ,TW-->NZ,TW-->NZ,TW-->NZ,TW-->NZ,TW-->NZ,TW-->NZ,TW-->NZ,,,,,,,,,,,,,,,,,NZ-->TW,NZ-->TW,NZ-->TW,NZ-->TW,NZ-->TW,NZ-->TW,NZ-->TW,NZ-->TW,NZ-->TW,NZ-->TW,NZ-->TW,NZ-->TW,NZ-->TW,NZ-->TW,NZ-->TW,NZ-->TW,NZ-->TW,NZ-->TW,NZ-->TW
TJ,TJK,Tajikistan,Dushanbe,Asia,Central Asia,,TJ-->NZ,TJ-->NZ,TJ-->NZ,TJ-->NZ,TJ-->NZ,TJ-->NZ,TJ-->NZ,TJ-->NZ,TJ-->NZ,TJ-->NZ,TJ-->NZ,TJ-->NZ,TJ-->NZ,TJ-->NZ,TJ-->NZ,TJ-->NZ,TJ-->NZ,TJ-->NZ,TJ-->NZ,,,,,,,,,,,,,,,,,NZ-->TJ,NZ-->TJ,NZ-->TJ,NZ-->TJ,NZ-->TJ,NZ-->TJ,NZ-->TJ,NZ-->TJ,NZ-->TJ,NZ-->TJ,NZ-->TJ,NZ-->TJ,NZ-->TJ,NZ-->TJ,NZ-->TJ,NZ-->TJ,NZ-->TJ,NZ-->TJ,NZ-->TJ
TZ,TZA,Tanzania,Dodoma,Africa,Eastern Africa,,TZ-->NZ,TZ-->NZ,TZ-->NZ,TZ-->NZ,TZ-->NZ,TZ-->NZ,TZ-->NZ,TZ-->NZ,TZ-->NZ,TZ-->NZ,TZ-->NZ,TZ-->NZ,TZ-->NZ,TZ-->NZ,TZ-->NZ,TZ-->NZ,TZ-->NZ,TZ-->NZ,TZ-->NZ,,,,,,,,,,,,,,,,,NZ-->TZ,NZ-->TZ,NZ-->TZ,NZ-->TZ,NZ-->TZ,NZ-->TZ,NZ-->TZ,NZ-->TZ,NZ-->TZ,NZ-->TZ,NZ-->TZ,NZ-->TZ,NZ-->TZ,NZ-->TZ,NZ-->TZ,NZ-->TZ,NZ-->TZ,NZ-->TZ,NZ-->TZ
TH,THA,Thailand,Bangkok,Asia,South-Eastern Asia,,TH-->NZ,TH-->NZ,TH-->NZ,TH-->NZ,TH-->NZ,TH-->NZ,TH-->NZ,TH-->NZ,TH-->NZ,TH-->NZ,TH-->NZ,TH-->NZ,TH-->NZ,TH-->NZ,TH-->NZ,TH-->NZ,TH-->NZ,TH-->NZ,TH-->NZ,,,,,,,,,,,,,,,,,NZ-->TH,NZ-->TH,NZ-->TH,NZ-->TH,NZ-->TH,NZ-->TH,NZ-->TH,NZ-->TH,NZ-->TH,NZ-->TH,NZ-->TH,NZ-->TH,NZ-->TH,NZ-->TH,NZ-->TH,NZ-->TH,NZ-->TH,NZ-->TH,NZ-->TH
TL,TLS,East Timor,Dili,Asia,South-Eastern Asia,,TL-->NZ,TL-->NZ,TL-->NZ,TL-->NZ,TL-->NZ,TL-->NZ,TL-->NZ,TL-->NZ,TL-->NZ,TL-->NZ,TL-->NZ,TL-->NZ,TL-->NZ,TL-->NZ,TL-->NZ,TL-->NZ,TL-->NZ,TL-->NZ,TL-->NZ,,,,,,,,,,,,,,,,,NZ-->TL,NZ-->TL,NZ-->TL,NZ-->TL,NZ-->TL,NZ-->TL,NZ-->TL,NZ-->TL,NZ-->TL,NZ-->TL,NZ-->TL,NZ-->TL,NZ-->TL,NZ-->TL,NZ-->TL,NZ-->TL,NZ-->TL,NZ-->TL,NZ-->TL
TG,TGO,Togo,Lomé,Africa,Western Africa,,TG-->NZ,TG-->NZ,TG-->NZ,TG-->NZ,TG-->NZ,TG-->NZ,TG-->NZ,TG-->NZ,TG-->NZ,TG-->NZ,TG-->NZ,TG-->NZ,TG-->NZ,TG-->NZ,TG-->NZ,TG-->NZ,TG-->NZ,TG-->NZ,TG-->NZ,,,,,,,,,,,,,,,,,NZ-->TG,NZ-->TG,NZ-->TG,NZ-->TG,NZ-->TG,NZ-->TG,NZ-->TG,NZ-->TG,NZ-->TG,NZ-->TG,NZ-->TG,NZ-->TG,NZ-->TG,NZ-->TG,NZ-->TG,NZ-->TG,NZ-->TG,NZ-->TG,NZ-->TG
TK,TKL,Tokelau,Fakaofo,Oceania,Polynesia,,TK-->NZ,TK-->NZ,TK-->NZ,TK-->NZ,TK-->NZ,TK-->NZ,TK-->NZ,TK-->NZ,TK-->NZ,TK-->NZ,TK-->NZ,TK-->NZ,TK-->NZ,TK-->NZ,TK-->NZ,TK-->NZ,TK-->NZ,TK-->NZ,TK-->NZ,,,,,,,,,,,,,,,,,NZ-->TK,NZ-->TK,NZ-->TK,NZ-->TK,NZ-->TK,NZ-->TK,NZ-->TK,NZ-->TK,NZ-->TK,NZ-->TK,NZ-->TK,NZ-->TK,NZ-->TK,NZ-->TK,NZ-->TK,NZ-->TK,NZ-->TK,NZ-->TK,NZ-->TK
TO,TON,Tonga,Nuku'alofa,Oceania,Polynesia,,TO-->NZ,TO-->NZ,TO-->NZ,TO-->NZ,TO-->NZ,TO-->NZ,TO-->NZ,TO-->NZ,TO-->NZ,TO-->NZ,TO-->NZ,TO-->NZ,TO-->NZ,TO-->NZ,TO-->NZ,TO-->NZ,TO-->NZ,TO-->NZ,TO-->NZ,,,,,,,,,,,,,,,,,NZ-->TO,NZ-->TO,NZ-->TO,NZ-->TO,NZ-->TO,NZ-->TO,NZ-->TO,NZ-->TO,NZ-->TO,NZ-->TO,NZ-->TO,NZ-->TO,NZ-->TO,NZ-->TO,NZ-->TO,NZ-->TO,NZ-->TO,NZ-->TO,NZ-->TO
TT,TTO,Trinidad and Tobago,Port of Spain,Americas,Caribbean,,TT-->NZ,TT-->NZ,TT-->NZ,TT-->NZ,TT-->NZ,TT-->NZ,TT-->NZ,TT-->NZ,TT-->NZ,TT-->NZ,TT-->NZ,TT-->NZ,TT-->NZ,TT-->NZ,TT-->NZ,TT-->NZ,TT-->NZ,TT-->NZ,TT-->NZ,,,,,,,,,,,,,,,,,NZ-->TT,NZ-->TT,NZ-->TT,NZ-->TT,NZ-->TT,NZ-->TT,NZ-->TT,NZ-->TT,NZ-->TT,NZ-->TT,NZ-->TT,NZ-->TT,NZ-->TT,NZ-->TT,NZ-->TT,NZ-->TT,NZ-->TT,NZ-->TT,NZ-->TT
TN,TUN,Tunisia,Tunis,Africa,Northern Africa,,TN-->NZ,TN-->NZ,TN-->NZ,TN-->NZ,TN-->NZ,TN-->NZ,TN-->NZ,TN-->NZ,TN-->NZ,TN-->NZ,TN-->NZ,TN-->NZ,TN-->NZ,TN-->NZ,TN-->NZ,TN-->NZ,TN-->NZ,TN-->NZ,TN-->NZ,,,,,,,,,,,,,,,,,NZ-->TN,NZ-->TN,NZ-->TN,NZ-->TN,NZ-->TN,NZ-->TN,NZ-->TN,NZ-->TN,NZ-->TN,NZ-->TN,NZ-->TN,NZ-->TN,NZ-->TN,NZ-->TN,NZ-->TN,NZ-->TN,NZ-->TN,NZ-->TN,NZ-->TN
TR,TUR,Turkey,Ankara,Asia,Western Asia,,TR-->NZ,TR-->NZ,TR-->NZ,TR-->NZ,TR-->NZ,TR-->NZ,TR-->NZ,TR-->NZ,TR-->NZ,TR-->NZ,TR-->NZ,TR-->NZ,TR-->NZ,TR-->NZ,TR-->NZ,TR-->NZ,TR-->NZ,TR-->NZ,TR-->NZ,,,,,,,,,,,,,,,,,NZ-->TR,NZ-->TR,NZ-->TR,NZ-->TR,NZ-->TR,NZ-->TR,NZ-->TR,NZ-->TR,NZ-->TR,NZ-->TR,NZ-->TR,NZ-->TR,NZ-->TR,NZ-->TR,NZ-->TR,NZ-->TR,NZ-->TR,NZ-->TR,NZ-->TR
TM,TKM,Turkmenistan,Ashgabat,Asia,Central Asia,,TM-->NZ,TM-->NZ,TM-->NZ,TM-->NZ,TM-->NZ,TM-->NZ,TM-->NZ,TM-->NZ,TM-->NZ,TM-->NZ,TM-->NZ,TM-->NZ,TM-->NZ,TM-->NZ,TM-->NZ,TM-->NZ,TM-->NZ,TM-->NZ,TM-->NZ,,,,,,,,,,,,,,,,,NZ-->TM,NZ-->TM,NZ-->TM,NZ-->TM,NZ-->TM,NZ-->TM,NZ-->TM,NZ-->TM,NZ-->TM,NZ-->TM,NZ-->TM,NZ-->TM,NZ-->TM,NZ-->TM,NZ-->TM,NZ-->TM,NZ-->TM,NZ-->TM,NZ-->TM
TC,TCA,Turks and Caicos Islands,Cockburn Town,Americas,Caribbean,,TC-->NZ,TC-->NZ,TC-->NZ,TC-->NZ,TC-->NZ,TC-->NZ,TC-->NZ,TC-->NZ,TC-->NZ,TC-->NZ,TC-->NZ,TC-->NZ,TC-->NZ,TC-->NZ,TC-->NZ,TC-->NZ,TC-->NZ,TC-->NZ,TC-->NZ,,,,,,,,,,,,,,,,,NZ-->TC,NZ-->TC,NZ-->TC,NZ-->TC,NZ-->TC,NZ-->TC,NZ-->TC,NZ-->TC,NZ-->TC,NZ-->TC,NZ-->TC,NZ-->TC,NZ-->TC,NZ-->TC,NZ-->TC,NZ-->TC,NZ-->TC,NZ-->TC,NZ-->TC
TV,TUV,Tuvalu,Funafuti,Oceania,Polynesia,,TV-->NZ,TV-->NZ,TV-->NZ,TV-->NZ,TV-->NZ,TV-->NZ,TV-->NZ,TV-->NZ,TV-->NZ,TV-->NZ,TV-->NZ,TV-->NZ,TV-->NZ,TV-->NZ,TV-->NZ,TV-->NZ,TV-->NZ,TV-->NZ,TV-->NZ,,,,,,,,,,,,,,,,,NZ-->TV,NZ-->TV,NZ-->TV,NZ-->TV,NZ-->TV,NZ-->TV,NZ-->TV,NZ-->TV,NZ-->TV,NZ-->TV,NZ-->TV,NZ-->TV,NZ-->TV,NZ-->TV,NZ-->TV,NZ-->TV,NZ-->TV,NZ-->TV,NZ-->TV
UG,UGA,Uganda,Kampala,Africa,Eastern Africa,,UG-->NZ,UG-->NZ,UG-->NZ,UG-->NZ,UG-->NZ,UG-->NZ,UG-->NZ,UG-->NZ,UG-->NZ,UG-->NZ,UG-->NZ,UG-->NZ,UG-->NZ,UG-->NZ,UG-->NZ,UG-->NZ,UG-->NZ,UG-->NZ,UG-->NZ,,,,,,,,,,,,,,,,,NZ-->UG,NZ-->UG,NZ-->UG,NZ-->UG,NZ-->UG,NZ-->UG,NZ-->UG,NZ-->UG,NZ-->UG,NZ-->UG,NZ-->UG,NZ-->UG,NZ-->UG,NZ-->UG,NZ-->UG,NZ-->UG,NZ-->UG,NZ-->UG,NZ-->UG
UA,UKR,Ukraine,Kiev,Europe,Eastern Europe,,UA-->NZ,UA-->NZ,UA-->NZ,UA-->NZ,UA-->NZ,UA-->NZ,UA-->NZ,UA-->NZ,UA-->NZ,UA-->NZ,UA-->NZ,UA-->NZ,UA-->NZ,UA-->NZ,UA-->NZ,UA-->NZ,UA-->NZ,UA-->NZ,UA-->NZ,,,,,,,,,,,,,,,,,NZ-->UA,NZ-->UA,NZ-->UA,NZ-->UA,NZ-->UA,NZ-->UA,NZ-->UA,NZ-->UA,NZ-->UA,NZ-->UA,NZ-->UA,NZ-->UA,NZ-->UA,NZ-->UA,NZ-->UA,NZ-->UA,NZ-->UA,NZ-->UA,NZ-->UA
AE,ARE,United Arab Emirates,Abu Dhabi,Asia,Western Asia,,AE-->NZ,AE-->NZ,AE-->NZ,AE-->NZ,AE-->NZ,AE-->NZ,AE-->NZ,AE-->NZ,AE-->NZ,AE-->NZ,AE-->NZ,AE-->NZ,AE-->NZ,AE-->NZ,AE-->NZ,AE-->NZ,AE-->NZ,AE-->NZ,AE-->NZ,,,,,,,,,,,,,,,,,NZ-->AE,NZ-->AE,NZ-->AE,NZ-->AE,NZ-->AE,NZ-->AE,NZ-->AE,NZ-->AE,NZ-->AE,NZ-->AE,NZ-->AE,NZ-->AE,NZ-->AE,NZ-->AE,NZ-->AE,NZ-->AE,NZ-->AE,NZ-->AE,NZ-->AE
GB,GBR,United Kingdom,London,Europe,Northern Europe,,GB-->NZ,GB-->NZ,GB-->NZ,GB-->NZ,GB-->NZ,GB-->NZ,GB-->NZ,GB-->NZ,GB-->NZ,GB-->NZ,GB-->NZ,GB-->NZ,GB-->NZ,GB-->NZ,GB-->NZ,GB-->NZ,GB-->NZ,GB-->NZ,GB-->NZ,,,,,,,,,,,,,,,,,NZ-->GB,NZ-->GB,NZ-->GB,NZ-->GB,NZ-->GB,NZ-->GB,NZ-->GB,NZ-->GB,NZ-->GB,NZ-->GB,NZ-->GB,NZ-->GB,NZ-->GB,NZ-->GB,NZ-->GB,NZ-->GB,NZ-->GB,NZ-->GB,NZ-->GB
US,USA,United States,"Washington, D.C.",Americas,Northern America,,US-->NZ,US-->NZ,US-->NZ,US-->NZ,US-->NZ,US-->NZ,US-->NZ,US-->NZ,US-->NZ,US-->NZ,US-->NZ,US-->NZ,US-->NZ,US-->NZ,US-->NZ,US-->NZ,US-->NZ,US-->NZ,US-->NZ,,,,,,,,,,,,,,,,,NZ-->US,NZ-->US,NZ-->US,NZ-->US,NZ-->US,NZ-->US,NZ-->US,NZ-->US,NZ-->US,NZ-->US,NZ-->US,NZ-->US,NZ-->US,NZ-->US,NZ-->US,NZ-->US,NZ-->US,NZ-->US,NZ-->US
UY,URY,Uruguay,Montevideo,Americas,South America,,UY-->NZ,UY-->NZ,UY-->NZ,UY-->NZ,UY-->NZ,UY-->NZ,UY-->NZ,UY-->NZ,UY-->NZ,UY-->NZ,UY-->NZ,UY-->NZ,UY-->NZ,UY-->NZ,UY-->NZ,UY-->NZ,UY-->NZ,UY-->NZ,UY-->NZ,,,,,,,,,,,,,,,,,NZ-->UY,NZ-->UY,NZ-->UY,NZ-->UY,NZ-->UY,NZ-->UY,NZ-->UY,NZ-->UY,NZ-->UY,NZ-->UY,NZ-->UY,NZ-->UY,NZ-->UY,NZ-->UY,NZ-->UY,NZ-->UY,NZ-->UY,NZ-->UY,NZ-->UY
UZ,UZB,Uzbekistan,Tashkent,Asia,Central Asia,,UZ-->NZ,UZ-->NZ,UZ-->NZ,UZ-->NZ,UZ-->NZ,UZ-->NZ,UZ-->NZ,UZ-->NZ,UZ-->NZ,UZ-->NZ,UZ-->NZ,UZ-->NZ,UZ-->NZ,UZ-->NZ,UZ-->NZ,UZ-->NZ,UZ-->NZ,UZ-->NZ,UZ-->NZ,,,,,,,,,,,,,,,,,NZ-->UZ,NZ-->UZ,NZ-->UZ,NZ-->UZ,NZ-->UZ,NZ-->UZ,NZ-->UZ,NZ-->UZ,NZ-->UZ,NZ-->UZ,NZ-->UZ,NZ-->UZ,NZ-->UZ,NZ-->UZ,NZ-->UZ,NZ-->UZ,NZ-->UZ,NZ-->UZ,NZ-->UZ
VU,VUT,Vanuatu,Port Vila,Oceania,Melanesia,,VU-->NZ,VU-->NZ,VU-->NZ,VU-->NZ,VU-->NZ,VU-->NZ,VU-->NZ,VU-->NZ,VU-->NZ,VU-->NZ,VU-->NZ,VU-->NZ,VU-->NZ,VU-->NZ,VU-->NZ,VU-->NZ,VU-->NZ,VU-->NZ,VU-->NZ,,,,,,,,,,,,,,,,,NZ-->VU,NZ-->VU,NZ-->VU,NZ-->VU,NZ-->VU,NZ-->VU,NZ-->VU,NZ-->VU,NZ-->VU,NZ-->VU,NZ-->VU,NZ-->VU,NZ-->VU,NZ-->VU,NZ-->VU,NZ-->VU,NZ-->VU,NZ-->VU,NZ-->VU
VE,VEN,Venezuela,Caracas,Americas,South America,,VE-->NZ,VE-->NZ,VE-->NZ,VE-->NZ,VE-->NZ,VE-->NZ,VE-->NZ,VE-->NZ,VE-->NZ,VE-->NZ,VE-->NZ,VE-->NZ,VE-->NZ,VE-->NZ,VE-->NZ,VE-->NZ,VE-->NZ,VE-->NZ,VE-->NZ,,,,,,,,,,,,,,,,,NZ-->VE,NZ-->VE,NZ-->VE,NZ-->VE,NZ-->VE,NZ-->VE,NZ-->VE,NZ-->VE,NZ-->VE,NZ-->VE,NZ-->VE,NZ-->VE,NZ-->VE,NZ-->VE,NZ-->VE,NZ-->VE,NZ-->VE,NZ-->VE,NZ-->VE
VN,VNM,Vietnam,Hanoi,Asia,South-Eastern Asia,,VN-->NZ,VN-->NZ,VN-->NZ,VN-->NZ,VN-->NZ,VN-->NZ,VN-->NZ,VN-->NZ,VN-->NZ,VN-->NZ,VN-->NZ,VN-->NZ,VN-->NZ,VN-->NZ,VN-->NZ,VN-->NZ,VN-->NZ,VN-->NZ,VN-->NZ,,,,,,,,,,,,,,,,,NZ-->VN,NZ-->VN,NZ-->VN,NZ-->VN,NZ-->VN,NZ-->VN,NZ-->VN,NZ-->VN,NZ-->VN,NZ-->VN,NZ-->VN,NZ-->VN,NZ-->VN,NZ-->VN,NZ-->VN,NZ-->VN,NZ-->VN,NZ-->VN,NZ-->VN
WF,WLF,Wallis and Futuna,Mata-Utu,Oceania,Polynesia,,WF-->NZ,WF-->NZ,WF-->NZ,WF-->NZ,WF-->NZ,WF-->NZ,WF-->NZ,WF-->NZ,WF-->NZ,WF-->NZ,WF-->NZ,WF-->NZ,WF-->NZ,WF-->NZ,WF-->NZ,WF-->NZ,WF-->NZ,WF-->NZ,WF-->NZ,,,,,,,,,,,,,,,,,NZ-->WF,NZ-->WF,NZ-->WF,NZ-->WF,NZ-->WF,NZ-->WF,NZ-->WF,NZ-->WF,NZ-->WF,NZ-->WF,NZ-->WF,NZ-->WF,NZ-->WF,NZ-->WF,NZ-->WF,NZ-->WF,NZ-->WF,NZ-->WF,NZ-->WF
EH,ESH,Western Sahara,El Aaiún,Africa,Northern Africa,,EH-->NZ,EH-->NZ,EH-->NZ,EH-->NZ,EH-->NZ,EH-->NZ,EH-->NZ,EH-->NZ,EH-->NZ,EH-->NZ,EH-->NZ,EH-->NZ,EH-->NZ,EH-->NZ,EH-->NZ,EH-->NZ,EH-->NZ,EH-->NZ,EH-->NZ,,,,,,,,,,,,,,,,,NZ-->EH,NZ-->EH,NZ-->EH,NZ-->EH,NZ-->EH,NZ-->EH,NZ-->EH,NZ-->EH,NZ-->EH,NZ-->EH,NZ-->EH,NZ-->EH,NZ-->EH,NZ-->EH,NZ-->EH,NZ-->EH,NZ-->EH,NZ-->EH,NZ-->EH
YE,YEM,Yemen,Sana'a,Asia,Western Asia,,YE-->NZ,YE-->NZ,YE-->NZ,YE-->NZ,YE-->NZ,YE-->NZ,YE-->NZ,YE-->NZ,YE-->NZ,YE-->NZ,YE-->NZ,YE-->NZ,YE-->NZ,YE-->NZ,YE-->NZ,YE-->NZ,YE-->NZ,YE-->NZ,YE-->NZ,,,,,,,,,,,,,,,,,NZ-->YE,NZ-->YE,NZ-->YE,NZ-->YE,NZ-->YE,NZ-->YE,NZ-->YE,NZ-->YE,NZ-->YE,NZ-->YE,NZ-->YE,NZ-->YE,NZ-->YE,NZ-->YE,NZ-->YE,NZ-->YE,NZ-->YE,NZ-->YE,NZ-->YE
ZM,ZMB,Zambia,Lusaka,Africa,Eastern Africa,,ZM-->NZ,ZM-->NZ,ZM-->NZ,ZM-->NZ,ZM-->NZ,ZM-->NZ,ZM-->NZ,ZM-->NZ,ZM-->NZ,ZM-->NZ,ZM-->NZ,ZM-->NZ,ZM-->NZ,ZM-->NZ,ZM-->NZ,ZM-->NZ,ZM-->NZ,ZM-->NZ,ZM-->NZ,,,,,,,,,,,,,,,,,NZ-->ZM,NZ-->ZM,NZ-->ZM,NZ-->ZM,NZ-->ZM,NZ-->ZM,NZ-->ZM,NZ-->ZM,NZ-->ZM,NZ-->ZM,NZ-->ZM,NZ-->ZM,NZ-->ZM,NZ-->ZM,NZ-->ZM,NZ-->ZM,NZ-->ZM,NZ-->ZM,NZ-->ZM
ZW,ZWE,Zimbabwe,Harare,Africa,Eastern Africa,,ZW-->NZ,ZW-->NZ,ZW-->NZ,ZW-->NZ,ZW-->NZ,ZW-->NZ,ZW-->NZ,ZW-->NZ,ZW-->NZ,ZW-->NZ,ZW-->NZ,ZW-->NZ,ZW-->NZ,ZW-->NZ,ZW-->NZ,ZW-->NZ,ZW-->NZ,ZW-->NZ,ZW-->NZ,,,,,,,,,,,,,,,,,NZ-->ZW,NZ-->ZW,NZ-->ZW,NZ-->ZW,NZ-->ZW,NZ-->ZW,NZ-->ZW,NZ-->ZW,NZ-->ZW,NZ-->ZW,NZ-->ZW,NZ-->ZW,NZ-->ZW,NZ-->ZW,NZ-->ZW,NZ-->ZW,NZ-->ZW,NZ-->ZW,NZ-->ZW
