nu,code,name,capital,region,subregion,Unnamed: 6,quara/into/where/e,quara/into/where/v,quara/into/where/uv,quara/into/min/e,quara/into/min/v,quara/into/min/uv,quara/into/max/e,quara/into/max/v,quara/into/max/uv,quara/into/comment,test/into/pcr/e,test/into/pcr/v,test/into/pcr/uv,test/into/ag/e,test/into/ag/v,test/into/ag/uv,test/into/comment,visa/into,visa/into/comment,loadStates/into,Unnamed: 27,Unnamed: 28,Unnamed: 29,Unnamed: 30,Unnamed: 31,Unnamed: 32,Unnamed: 33,Unnamed: 34,Unnamed: 35,Unnamed: 36,Unnamed: 37,Unnamed: 38,Unnamed: 39,Unnamed: 40,Unnamed: 41,quara/out/where/e,quara/out/where/v,quara/out/where/uv,quara/out/min/e,quara/out/min/v,quara/out/min/uv,quara/out/max/e,quara/out/max/v,quara/out/max/uv,quara/out/comment,test/out/pcr/e,test/out/pcr/v,test/out/pcr/uv,test/out/ag/e,test/out/ag/v,test/out/ag/uv,test/out/comment,visa/out,visa/out/comment
AF,AFG,Afghanistan,Kabul,Asia,Southern Asia,,AF-->DJ,AF-->DJ,AF-->DJ,AF-->DJ,AF-->DJ,AF-->DJ,AF-->DJ,AF-->DJ,AF-->DJ,AF-->DJ,AF-->DJ,AF-->DJ,AF-->DJ,AF-->DJ,AF-->DJ,AF-->DJ,AF-->DJ,AF-->DJ,AF-->DJ,,,,,,,,,,,,,,,,,DJ-->AF,DJ-->AF,DJ-->AF,DJ-->AF,DJ-->AF,DJ-->AF,DJ-->AF,DJ-->AF,DJ-->AF,DJ-->AF,DJ-->AF,DJ-->AF,DJ-->AF,DJ-->AF,DJ-->AF,DJ-->AF,DJ-->AF,DJ-->AF,DJ-->AF
AX,ALA,Åland Islands,Mariehamn,Europe,Northern Europe,,AX-->DJ,AX-->DJ,AX-->DJ,AX-->DJ,AX-->DJ,AX-->DJ,AX-->DJ,AX-->DJ,AX-->DJ,AX-->DJ,AX-->DJ,AX-->DJ,AX-->DJ,AX-->DJ,AX-->DJ,AX-->DJ,AX-->DJ,AX-->DJ,AX-->DJ,,,,,,,,,,,,,,,,,DJ-->AX,DJ-->AX,DJ-->AX,DJ-->AX,DJ-->AX,DJ-->AX,DJ-->AX,DJ-->AX,DJ-->AX,DJ-->AX,DJ-->AX,DJ-->AX,DJ-->AX,DJ-->AX,DJ-->AX,DJ-->AX,DJ-->AX,DJ-->AX,DJ-->AX
AL,ALB,Albania,Tirana,Europe,Southern Europe,,AL-->DJ,AL-->DJ,AL-->DJ,AL-->DJ,AL-->DJ,AL-->DJ,AL-->DJ,AL-->DJ,AL-->DJ,AL-->DJ,AL-->DJ,AL-->DJ,AL-->DJ,AL-->DJ,AL-->DJ,AL-->DJ,AL-->DJ,AL-->DJ,AL-->DJ,,,,,,,,,,,,,,,,,DJ-->AL,DJ-->AL,DJ-->AL,DJ-->AL,DJ-->AL,DJ-->AL,DJ-->AL,DJ-->AL,DJ-->AL,DJ-->AL,DJ-->AL,DJ-->AL,DJ-->AL,DJ-->AL,DJ-->AL,DJ-->AL,DJ-->AL,DJ-->AL,DJ-->AL
DZ,DZA,Algeria,Algiers,Africa,Northern Africa,,DZ-->DJ,DZ-->DJ,DZ-->DJ,DZ-->DJ,DZ-->DJ,DZ-->DJ,DZ-->DJ,DZ-->DJ,DZ-->DJ,DZ-->DJ,DZ-->DJ,DZ-->DJ,DZ-->DJ,DZ-->DJ,DZ-->DJ,DZ-->DJ,DZ-->DJ,DZ-->DJ,DZ-->DJ,,,,,,,,,,,,,,,,,DJ-->DZ,DJ-->DZ,DJ-->DZ,DJ-->DZ,DJ-->DZ,DJ-->DZ,DJ-->DZ,DJ-->DZ,DJ-->DZ,DJ-->DZ,DJ-->DZ,DJ-->DZ,DJ-->DZ,DJ-->DZ,DJ-->DZ,DJ-->DZ,DJ-->DZ,DJ-->DZ,DJ-->DZ
AS,ASM,American Samoa,Pago Pago,Oceania,Polynesia,,AS-->DJ,AS-->DJ,AS-->DJ,AS-->DJ,AS-->DJ,AS-->DJ,AS-->DJ,AS-->DJ,AS-->DJ,AS-->DJ,AS-->DJ,AS-->DJ,AS-->DJ,AS-->DJ,AS-->DJ,AS-->DJ,AS-->DJ,AS-->DJ,AS-->DJ,,,,,,,,,,,,,,,,,DJ-->AS,DJ-->AS,DJ-->AS,DJ-->AS,DJ-->AS,DJ-->AS,DJ-->AS,DJ-->AS,DJ-->AS,DJ-->AS,DJ-->AS,DJ-->AS,DJ-->AS,DJ-->AS,DJ-->AS,DJ-->AS,DJ-->AS,DJ-->AS,DJ-->AS
AD,AND,Andorra,Andorra la Vella,Europe,Southern Europe,,AD-->DJ,AD-->DJ,AD-->DJ,AD-->DJ,AD-->DJ,AD-->DJ,AD-->DJ,AD-->DJ,AD-->DJ,AD-->DJ,AD-->DJ,AD-->DJ,AD-->DJ,AD-->DJ,AD-->DJ,AD-->DJ,AD-->DJ,AD-->DJ,AD-->DJ,,,,,,,,,,,,,,,,,DJ-->AD,DJ-->AD,DJ-->AD,DJ-->AD,DJ-->AD,DJ-->AD,DJ-->AD,DJ-->AD,DJ-->AD,DJ-->AD,DJ-->AD,DJ-->AD,DJ-->AD,DJ-->AD,DJ-->AD,DJ-->AD,DJ-->AD,DJ-->AD,DJ-->AD
AO,AGO,Angola,Luanda,Africa,Middle Africa,,AO-->DJ,AO-->DJ,AO-->DJ,AO-->DJ,AO-->DJ,AO-->DJ,AO-->DJ,AO-->DJ,AO-->DJ,AO-->DJ,AO-->DJ,AO-->DJ,AO-->DJ,AO-->DJ,AO-->DJ,AO-->DJ,AO-->DJ,AO-->DJ,AO-->DJ,,,,,,,,,,,,,,,,,DJ-->AO,DJ-->AO,DJ-->AO,DJ-->AO,DJ-->AO,DJ-->AO,DJ-->AO,DJ-->AO,DJ-->AO,DJ-->AO,DJ-->AO,DJ-->AO,DJ-->AO,DJ-->AO,DJ-->AO,DJ-->AO,DJ-->AO,DJ-->AO,DJ-->AO
AI,AIA,Anguilla,The Valley,Americas,Caribbean,,AI-->DJ,AI-->DJ,AI-->DJ,AI-->DJ,AI-->DJ,AI-->DJ,AI-->DJ,AI-->DJ,AI-->DJ,AI-->DJ,AI-->DJ,AI-->DJ,AI-->DJ,AI-->DJ,AI-->DJ,AI-->DJ,AI-->DJ,AI-->DJ,AI-->DJ,,,,,,,,,,,,,,,,,DJ-->AI,DJ-->AI,DJ-->AI,DJ-->AI,DJ-->AI,DJ-->AI,DJ-->AI,DJ-->AI,DJ-->AI,DJ-->AI,DJ-->AI,DJ-->AI,DJ-->AI,DJ-->AI,DJ-->AI,DJ-->AI,DJ-->AI,DJ-->AI,DJ-->AI
AQ,ATA,Antarctica,,Polar,,,AQ-->DJ,AQ-->DJ,AQ-->DJ,AQ-->DJ,AQ-->DJ,AQ-->DJ,AQ-->DJ,AQ-->DJ,AQ-->DJ,AQ-->DJ,AQ-->DJ,AQ-->DJ,AQ-->DJ,AQ-->DJ,AQ-->DJ,AQ-->DJ,AQ-->DJ,AQ-->DJ,AQ-->DJ,,,,,,,,,,,,,,,,,DJ-->AQ,DJ-->AQ,DJ-->AQ,DJ-->AQ,DJ-->AQ,DJ-->AQ,DJ-->AQ,DJ-->AQ,DJ-->AQ,DJ-->AQ,DJ-->AQ,DJ-->AQ,DJ-->AQ,DJ-->AQ,DJ-->AQ,DJ-->AQ,DJ-->AQ,DJ-->AQ,DJ-->AQ
AG,ATG,Antigua and Barbuda,Saint John's,Americas,Caribbean,,AG-->DJ,AG-->DJ,AG-->DJ,AG-->DJ,AG-->DJ,AG-->DJ,AG-->DJ,AG-->DJ,AG-->DJ,AG-->DJ,AG-->DJ,AG-->DJ,AG-->DJ,AG-->DJ,AG-->DJ,AG-->DJ,AG-->DJ,AG-->DJ,AG-->DJ,,,,,,,,,,,,,,,,,DJ-->AG,DJ-->AG,DJ-->AG,DJ-->AG,DJ-->AG,DJ-->AG,DJ-->AG,DJ-->AG,DJ-->AG,DJ-->AG,DJ-->AG,DJ-->AG,DJ-->AG,DJ-->AG,DJ-->AG,DJ-->AG,DJ-->AG,DJ-->AG,DJ-->AG
AR,ARG,Argentina,Buenos Aires,Americas,South America,,AR-->DJ,AR-->DJ,AR-->DJ,AR-->DJ,AR-->DJ,AR-->DJ,AR-->DJ,AR-->DJ,AR-->DJ,AR-->DJ,AR-->DJ,AR-->DJ,AR-->DJ,AR-->DJ,AR-->DJ,AR-->DJ,AR-->DJ,AR-->DJ,AR-->DJ,,,,,,,,,,,,,,,,,DJ-->AR,DJ-->AR,DJ-->AR,DJ-->AR,DJ-->AR,DJ-->AR,DJ-->AR,DJ-->AR,DJ-->AR,DJ-->AR,DJ-->AR,DJ-->AR,DJ-->AR,DJ-->AR,DJ-->AR,DJ-->AR,DJ-->AR,DJ-->AR,DJ-->AR
AM,ARM,Armenia,Yerevan,Asia,Western Asia,,AM-->DJ,AM-->DJ,AM-->DJ,AM-->DJ,AM-->DJ,AM-->DJ,AM-->DJ,AM-->DJ,AM-->DJ,AM-->DJ,AM-->DJ,AM-->DJ,AM-->DJ,AM-->DJ,AM-->DJ,AM-->DJ,AM-->DJ,AM-->DJ,AM-->DJ,,,,,,,,,,,,,,,,,DJ-->AM,DJ-->AM,DJ-->AM,DJ-->AM,DJ-->AM,DJ-->AM,DJ-->AM,DJ-->AM,DJ-->AM,DJ-->AM,DJ-->AM,DJ-->AM,DJ-->AM,DJ-->AM,DJ-->AM,DJ-->AM,DJ-->AM,DJ-->AM,DJ-->AM
AW,ABW,Aruba,Oranjestad,Americas,Caribbean,,AW-->DJ,AW-->DJ,AW-->DJ,AW-->DJ,AW-->DJ,AW-->DJ,AW-->DJ,AW-->DJ,AW-->DJ,AW-->DJ,AW-->DJ,AW-->DJ,AW-->DJ,AW-->DJ,AW-->DJ,AW-->DJ,AW-->DJ,AW-->DJ,AW-->DJ,,,,,,,,,,,,,,,,,DJ-->AW,DJ-->AW,DJ-->AW,DJ-->AW,DJ-->AW,DJ-->AW,DJ-->AW,DJ-->AW,DJ-->AW,DJ-->AW,DJ-->AW,DJ-->AW,DJ-->AW,DJ-->AW,DJ-->AW,DJ-->AW,DJ-->AW,DJ-->AW,DJ-->AW
AU,AUS,Australia,Canberra,Oceania,Australia and New Zealand,,AU-->DJ,AU-->DJ,AU-->DJ,AU-->DJ,AU-->DJ,AU-->DJ,AU-->DJ,AU-->DJ,AU-->DJ,AU-->DJ,AU-->DJ,AU-->DJ,AU-->DJ,AU-->DJ,AU-->DJ,AU-->DJ,AU-->DJ,AU-->DJ,AU-->DJ,,,,,,,,,,,,,,,,,DJ-->AU,DJ-->AU,DJ-->AU,DJ-->AU,DJ-->AU,DJ-->AU,DJ-->AU,DJ-->AU,DJ-->AU,DJ-->AU,DJ-->AU,DJ-->AU,DJ-->AU,DJ-->AU,DJ-->AU,DJ-->AU,DJ-->AU,DJ-->AU,DJ-->AU
AT,AUT,Austria,Vienna,Europe,Western Europe,,AT-->DJ,AT-->DJ,AT-->DJ,AT-->DJ,AT-->DJ,AT-->DJ,AT-->DJ,AT-->DJ,AT-->DJ,AT-->DJ,AT-->DJ,AT-->DJ,AT-->DJ,AT-->DJ,AT-->DJ,AT-->DJ,AT-->DJ,AT-->DJ,AT-->DJ,,,,,,,,,,,,,,,,,DJ-->AT,DJ-->AT,DJ-->AT,DJ-->AT,DJ-->AT,DJ-->AT,DJ-->AT,DJ-->AT,DJ-->AT,DJ-->AT,DJ-->AT,DJ-->AT,DJ-->AT,DJ-->AT,DJ-->AT,DJ-->AT,DJ-->AT,DJ-->AT,DJ-->AT
AZ,AZE,Azerbaijan,Baku,Asia,Western Asia,,AZ-->DJ,AZ-->DJ,AZ-->DJ,AZ-->DJ,AZ-->DJ,AZ-->DJ,AZ-->DJ,AZ-->DJ,AZ-->DJ,AZ-->DJ,AZ-->DJ,AZ-->DJ,AZ-->DJ,AZ-->DJ,AZ-->DJ,AZ-->DJ,AZ-->DJ,AZ-->DJ,AZ-->DJ,,,,,,,,,,,,,,,,,DJ-->AZ,DJ-->AZ,DJ-->AZ,DJ-->AZ,DJ-->AZ,DJ-->AZ,DJ-->AZ,DJ-->AZ,DJ-->AZ,DJ-->AZ,DJ-->AZ,DJ-->AZ,DJ-->AZ,DJ-->AZ,DJ-->AZ,DJ-->AZ,DJ-->AZ,DJ-->AZ,DJ-->AZ
BS,BHS,The Bahamas,Nassau,Americas,Caribbean,,BS-->DJ,BS-->DJ,BS-->DJ,BS-->DJ,BS-->DJ,BS-->DJ,BS-->DJ,BS-->DJ,BS-->DJ,BS-->DJ,BS-->DJ,BS-->DJ,BS-->DJ,BS-->DJ,BS-->DJ,BS-->DJ,BS-->DJ,BS-->DJ,BS-->DJ,,,,,,,,,,,,,,,,,DJ-->BS,DJ-->BS,DJ-->BS,DJ-->BS,DJ-->BS,DJ-->BS,DJ-->BS,DJ-->BS,DJ-->BS,DJ-->BS,DJ-->BS,DJ-->BS,DJ-->BS,DJ-->BS,DJ-->BS,DJ-->BS,DJ-->BS,DJ-->BS,DJ-->BS
BH,BHR,Bahrain,Manama,Asia,Western Asia,,BH-->DJ,BH-->DJ,BH-->DJ,BH-->DJ,BH-->DJ,BH-->DJ,BH-->DJ,BH-->DJ,BH-->DJ,BH-->DJ,BH-->DJ,BH-->DJ,BH-->DJ,BH-->DJ,BH-->DJ,BH-->DJ,BH-->DJ,BH-->DJ,BH-->DJ,,,,,,,,,,,,,,,,,DJ-->BH,DJ-->BH,DJ-->BH,DJ-->BH,DJ-->BH,DJ-->BH,DJ-->BH,DJ-->BH,DJ-->BH,DJ-->BH,DJ-->BH,DJ-->BH,DJ-->BH,DJ-->BH,DJ-->BH,DJ-->BH,DJ-->BH,DJ-->BH,DJ-->BH
BD,BGD,Bangladesh,Dhaka,Asia,Southern Asia,,BD-->DJ,BD-->DJ,BD-->DJ,BD-->DJ,BD-->DJ,BD-->DJ,BD-->DJ,BD-->DJ,BD-->DJ,BD-->DJ,BD-->DJ,BD-->DJ,BD-->DJ,BD-->DJ,BD-->DJ,BD-->DJ,BD-->DJ,BD-->DJ,BD-->DJ,,,,,,,,,,,,,,,,,DJ-->BD,DJ-->BD,DJ-->BD,DJ-->BD,DJ-->BD,DJ-->BD,DJ-->BD,DJ-->BD,DJ-->BD,DJ-->BD,DJ-->BD,DJ-->BD,DJ-->BD,DJ-->BD,DJ-->BD,DJ-->BD,DJ-->BD,DJ-->BD,DJ-->BD
BB,BRB,Barbados,Bridgetown,Americas,Caribbean,,BB-->DJ,BB-->DJ,BB-->DJ,BB-->DJ,BB-->DJ,BB-->DJ,BB-->DJ,BB-->DJ,BB-->DJ,BB-->DJ,BB-->DJ,BB-->DJ,BB-->DJ,BB-->DJ,BB-->DJ,BB-->DJ,BB-->DJ,BB-->DJ,BB-->DJ,,,,,,,,,,,,,,,,,DJ-->BB,DJ-->BB,DJ-->BB,DJ-->BB,DJ-->BB,DJ-->BB,DJ-->BB,DJ-->BB,DJ-->BB,DJ-->BB,DJ-->BB,DJ-->BB,DJ-->BB,DJ-->BB,DJ-->BB,DJ-->BB,DJ-->BB,DJ-->BB,DJ-->BB
BY,BLR,Belarus,Minsk,Europe,Eastern Europe,,BY-->DJ,BY-->DJ,BY-->DJ,BY-->DJ,BY-->DJ,BY-->DJ,BY-->DJ,BY-->DJ,BY-->DJ,BY-->DJ,BY-->DJ,BY-->DJ,BY-->DJ,BY-->DJ,BY-->DJ,BY-->DJ,BY-->DJ,BY-->DJ,BY-->DJ,,,,,,,,,,,,,,,,,DJ-->BY,DJ-->BY,DJ-->BY,DJ-->BY,DJ-->BY,DJ-->BY,DJ-->BY,DJ-->BY,DJ-->BY,DJ-->BY,DJ-->BY,DJ-->BY,DJ-->BY,DJ-->BY,DJ-->BY,DJ-->BY,DJ-->BY,DJ-->BY,DJ-->BY
BE,BEL,Belgium,Brussels,Europe,Western Europe,,BE-->DJ,BE-->DJ,BE-->DJ,BE-->DJ,BE-->DJ,BE-->DJ,BE-->DJ,BE-->DJ,BE-->DJ,BE-->DJ,BE-->DJ,BE-->DJ,BE-->DJ,BE-->DJ,BE-->DJ,BE-->DJ,BE-->DJ,BE-->DJ,BE-->DJ,,,,,,,,,,,,,,,,,DJ-->BE,DJ-->BE,DJ-->BE,DJ-->BE,DJ-->BE,DJ-->BE,DJ-->BE,DJ-->BE,DJ-->BE,DJ-->BE,DJ-->BE,DJ-->BE,DJ-->BE,DJ-->BE,DJ-->BE,DJ-->BE,DJ-->BE,DJ-->BE,DJ-->BE
BZ,BLZ,Belize,Belmopan,Americas,Central America,,BZ-->DJ,BZ-->DJ,BZ-->DJ,BZ-->DJ,BZ-->DJ,BZ-->DJ,BZ-->DJ,BZ-->DJ,BZ-->DJ,BZ-->DJ,BZ-->DJ,BZ-->DJ,BZ-->DJ,BZ-->DJ,BZ-->DJ,BZ-->DJ,BZ-->DJ,BZ-->DJ,BZ-->DJ,,,,,,,,,,,,,,,,,DJ-->BZ,DJ-->BZ,DJ-->BZ,DJ-->BZ,DJ-->BZ,DJ-->BZ,DJ-->BZ,DJ-->BZ,DJ-->BZ,DJ-->BZ,DJ-->BZ,DJ-->BZ,DJ-->BZ,DJ-->BZ,DJ-->BZ,DJ-->BZ,DJ-->BZ,DJ-->BZ,DJ-->BZ
BJ,BEN,Benin,Porto-Novo,Africa,Western Africa,,BJ-->DJ,BJ-->DJ,BJ-->DJ,BJ-->DJ,BJ-->DJ,BJ-->DJ,BJ-->DJ,BJ-->DJ,BJ-->DJ,BJ-->DJ,BJ-->DJ,BJ-->DJ,BJ-->DJ,BJ-->DJ,BJ-->DJ,BJ-->DJ,BJ-->DJ,BJ-->DJ,BJ-->DJ,,,,,,,,,,,,,,,,,DJ-->BJ,DJ-->BJ,DJ-->BJ,DJ-->BJ,DJ-->BJ,DJ-->BJ,DJ-->BJ,DJ-->BJ,DJ-->BJ,DJ-->BJ,DJ-->BJ,DJ-->BJ,DJ-->BJ,DJ-->BJ,DJ-->BJ,DJ-->BJ,DJ-->BJ,DJ-->BJ,DJ-->BJ
BM,BMU,Bermuda,Hamilton,Americas,Northern America,,BM-->DJ,BM-->DJ,BM-->DJ,BM-->DJ,BM-->DJ,BM-->DJ,BM-->DJ,BM-->DJ,BM-->DJ,BM-->DJ,BM-->DJ,BM-->DJ,BM-->DJ,BM-->DJ,BM-->DJ,BM-->DJ,BM-->DJ,BM-->DJ,BM-->DJ,,,,,,,,,,,,,,,,,DJ-->BM,DJ-->BM,DJ-->BM,DJ-->BM,DJ-->BM,DJ-->BM,DJ-->BM,DJ-->BM,DJ-->BM,DJ-->BM,DJ-->BM,DJ-->BM,DJ-->BM,DJ-->BM,DJ-->BM,DJ-->BM,DJ-->BM,DJ-->BM,DJ-->BM
BT,BTN,Bhutan,Thimphu,Asia,Southern Asia,,BT-->DJ,BT-->DJ,BT-->DJ,BT-->DJ,BT-->DJ,BT-->DJ,BT-->DJ,BT-->DJ,BT-->DJ,BT-->DJ,BT-->DJ,BT-->DJ,BT-->DJ,BT-->DJ,BT-->DJ,BT-->DJ,BT-->DJ,BT-->DJ,BT-->DJ,,,,,,,,,,,,,,,,,DJ-->BT,DJ-->BT,DJ-->BT,DJ-->BT,DJ-->BT,DJ-->BT,DJ-->BT,DJ-->BT,DJ-->BT,DJ-->BT,DJ-->BT,DJ-->BT,DJ-->BT,DJ-->BT,DJ-->BT,DJ-->BT,DJ-->BT,DJ-->BT,DJ-->BT
BO,BOL,Bolivia,Sucre,Americas,South America,,BO-->DJ,BO-->DJ,BO-->DJ,BO-->DJ,BO-->DJ,BO-->DJ,BO-->DJ,BO-->DJ,BO-->DJ,BO-->DJ,BO-->DJ,BO-->DJ,BO-->DJ,BO-->DJ,BO-->DJ,BO-->DJ,BO-->DJ,BO-->DJ,BO-->DJ,,,,,,,,,,,,,,,,,DJ-->BO,DJ-->BO,DJ-->BO,DJ-->BO,DJ-->BO,DJ-->BO,DJ-->BO,DJ-->BO,DJ-->BO,DJ-->BO,DJ-->BO,DJ-->BO,DJ-->BO,DJ-->BO,DJ-->BO,DJ-->BO,DJ-->BO,DJ-->BO,DJ-->BO
BQ,BES,Bonaire,Kralendijk,Americas,Caribbean,,BQ-->DJ,BQ-->DJ,BQ-->DJ,BQ-->DJ,BQ-->DJ,BQ-->DJ,BQ-->DJ,BQ-->DJ,BQ-->DJ,BQ-->DJ,BQ-->DJ,BQ-->DJ,BQ-->DJ,BQ-->DJ,BQ-->DJ,BQ-->DJ,BQ-->DJ,BQ-->DJ,BQ-->DJ,,,,,,,,,,,,,,,,,DJ-->BQ,DJ-->BQ,DJ-->BQ,DJ-->BQ,DJ-->BQ,DJ-->BQ,DJ-->BQ,DJ-->BQ,DJ-->BQ,DJ-->BQ,DJ-->BQ,DJ-->BQ,DJ-->BQ,DJ-->BQ,DJ-->BQ,DJ-->BQ,DJ-->BQ,DJ-->BQ,DJ-->BQ
BA,BIH,Bosnia and Herzegovina,Sarajevo,Europe,Southern Europe,,BA-->DJ,BA-->DJ,BA-->DJ,BA-->DJ,BA-->DJ,BA-->DJ,BA-->DJ,BA-->DJ,BA-->DJ,BA-->DJ,BA-->DJ,BA-->DJ,BA-->DJ,BA-->DJ,BA-->DJ,BA-->DJ,BA-->DJ,BA-->DJ,BA-->DJ,,,,,,,,,,,,,,,,,DJ-->BA,DJ-->BA,DJ-->BA,DJ-->BA,DJ-->BA,DJ-->BA,DJ-->BA,DJ-->BA,DJ-->BA,DJ-->BA,DJ-->BA,DJ-->BA,DJ-->BA,DJ-->BA,DJ-->BA,DJ-->BA,DJ-->BA,DJ-->BA,DJ-->BA
BW,BWA,Botswana,Gaborone,Africa,Southern Africa,,BW-->DJ,BW-->DJ,BW-->DJ,BW-->DJ,BW-->DJ,BW-->DJ,BW-->DJ,BW-->DJ,BW-->DJ,BW-->DJ,BW-->DJ,BW-->DJ,BW-->DJ,BW-->DJ,BW-->DJ,BW-->DJ,BW-->DJ,BW-->DJ,BW-->DJ,,,,,,,,,,,,,,,,,DJ-->BW,DJ-->BW,DJ-->BW,DJ-->BW,DJ-->BW,DJ-->BW,DJ-->BW,DJ-->BW,DJ-->BW,DJ-->BW,DJ-->BW,DJ-->BW,DJ-->BW,DJ-->BW,DJ-->BW,DJ-->BW,DJ-->BW,DJ-->BW,DJ-->BW
BV,BVT,Bouvet Island,,,,,BV-->DJ,BV-->DJ,BV-->DJ,BV-->DJ,BV-->DJ,BV-->DJ,BV-->DJ,BV-->DJ,BV-->DJ,BV-->DJ,BV-->DJ,BV-->DJ,BV-->DJ,BV-->DJ,BV-->DJ,BV-->DJ,BV-->DJ,BV-->DJ,BV-->DJ,,,,,,,,,,,,,,,,,DJ-->BV,DJ-->BV,DJ-->BV,DJ-->BV,DJ-->BV,DJ-->BV,DJ-->BV,DJ-->BV,DJ-->BV,DJ-->BV,DJ-->BV,DJ-->BV,DJ-->BV,DJ-->BV,DJ-->BV,DJ-->BV,DJ-->BV,DJ-->BV,DJ-->BV
BR,BRA,Brazil,Brasília,Americas,South America,,BR-->DJ,BR-->DJ,BR-->DJ,BR-->DJ,BR-->DJ,BR-->DJ,BR-->DJ,BR-->DJ,BR-->DJ,BR-->DJ,BR-->DJ,BR-->DJ,BR-->DJ,BR-->DJ,BR-->DJ,BR-->DJ,BR-->DJ,BR-->DJ,BR-->DJ,,,,,,,,,,,,,,,,,DJ-->BR,DJ-->BR,DJ-->BR,DJ-->BR,DJ-->BR,DJ-->BR,DJ-->BR,DJ-->BR,DJ-->BR,DJ-->BR,DJ-->BR,DJ-->BR,DJ-->BR,DJ-->BR,DJ-->BR,DJ-->BR,DJ-->BR,DJ-->BR,DJ-->BR
IO,IOT,British Indian Ocean Territory,Diego Garcia,Africa,Eastern Africa,,IO-->DJ,IO-->DJ,IO-->DJ,IO-->DJ,IO-->DJ,IO-->DJ,IO-->DJ,IO-->DJ,IO-->DJ,IO-->DJ,IO-->DJ,IO-->DJ,IO-->DJ,IO-->DJ,IO-->DJ,IO-->DJ,IO-->DJ,IO-->DJ,IO-->DJ,,,,,,,,,,,,,,,,,DJ-->IO,DJ-->IO,DJ-->IO,DJ-->IO,DJ-->IO,DJ-->IO,DJ-->IO,DJ-->IO,DJ-->IO,DJ-->IO,DJ-->IO,DJ-->IO,DJ-->IO,DJ-->IO,DJ-->IO,DJ-->IO,DJ-->IO,DJ-->IO,DJ-->IO
UM,UMI,United States Minor Outlying Islands,,Americas,Northern America,,UM-->DJ,UM-->DJ,UM-->DJ,UM-->DJ,UM-->DJ,UM-->DJ,UM-->DJ,UM-->DJ,UM-->DJ,UM-->DJ,UM-->DJ,UM-->DJ,UM-->DJ,UM-->DJ,UM-->DJ,UM-->DJ,UM-->DJ,UM-->DJ,UM-->DJ,,,,,,,,,,,,,,,,,DJ-->UM,DJ-->UM,DJ-->UM,DJ-->UM,DJ-->UM,DJ-->UM,DJ-->UM,DJ-->UM,DJ-->UM,DJ-->UM,DJ-->UM,DJ-->UM,DJ-->UM,DJ-->UM,DJ-->UM,DJ-->UM,DJ-->UM,DJ-->UM,DJ-->UM
VG,VGB,Virgin Islands (British),Road Town,Americas,Caribbean,,VG-->DJ,VG-->DJ,VG-->DJ,VG-->DJ,VG-->DJ,VG-->DJ,VG-->DJ,VG-->DJ,VG-->DJ,VG-->DJ,VG-->DJ,VG-->DJ,VG-->DJ,VG-->DJ,VG-->DJ,VG-->DJ,VG-->DJ,VG-->DJ,VG-->DJ,,,,,,,,,,,,,,,,,DJ-->VG,DJ-->VG,DJ-->VG,DJ-->VG,DJ-->VG,DJ-->VG,DJ-->VG,DJ-->VG,DJ-->VG,DJ-->VG,DJ-->VG,DJ-->VG,DJ-->VG,DJ-->VG,DJ-->VG,DJ-->VG,DJ-->VG,DJ-->VG,DJ-->VG
VI,VIR,Virgin Islands (U.S.),Charlotte Amalie,Americas,Caribbean,,VI-->DJ,VI-->DJ,VI-->DJ,VI-->DJ,VI-->DJ,VI-->DJ,VI-->DJ,VI-->DJ,VI-->DJ,VI-->DJ,VI-->DJ,VI-->DJ,VI-->DJ,VI-->DJ,VI-->DJ,VI-->DJ,VI-->DJ,VI-->DJ,VI-->DJ,,,,,,,,,,,,,,,,,DJ-->VI,DJ-->VI,DJ-->VI,DJ-->VI,DJ-->VI,DJ-->VI,DJ-->VI,DJ-->VI,DJ-->VI,DJ-->VI,DJ-->VI,DJ-->VI,DJ-->VI,DJ-->VI,DJ-->VI,DJ-->VI,DJ-->VI,DJ-->VI,DJ-->VI
BN,BRN,Brunei,Bandar Seri Begawan,Asia,South-Eastern Asia,,BN-->DJ,BN-->DJ,BN-->DJ,BN-->DJ,BN-->DJ,BN-->DJ,BN-->DJ,BN-->DJ,BN-->DJ,BN-->DJ,BN-->DJ,BN-->DJ,BN-->DJ,BN-->DJ,BN-->DJ,BN-->DJ,BN-->DJ,BN-->DJ,BN-->DJ,,,,,,,,,,,,,,,,,DJ-->BN,DJ-->BN,DJ-->BN,DJ-->BN,DJ-->BN,DJ-->BN,DJ-->BN,DJ-->BN,DJ-->BN,DJ-->BN,DJ-->BN,DJ-->BN,DJ-->BN,DJ-->BN,DJ-->BN,DJ-->BN,DJ-->BN,DJ-->BN,DJ-->BN
BG,BGR,Bulgaria,Sofia,Europe,Eastern Europe,,BG-->DJ,BG-->DJ,BG-->DJ,BG-->DJ,BG-->DJ,BG-->DJ,BG-->DJ,BG-->DJ,BG-->DJ,BG-->DJ,BG-->DJ,BG-->DJ,BG-->DJ,BG-->DJ,BG-->DJ,BG-->DJ,BG-->DJ,BG-->DJ,BG-->DJ,,,,,,,,,,,,,,,,,DJ-->BG,DJ-->BG,DJ-->BG,DJ-->BG,DJ-->BG,DJ-->BG,DJ-->BG,DJ-->BG,DJ-->BG,DJ-->BG,DJ-->BG,DJ-->BG,DJ-->BG,DJ-->BG,DJ-->BG,DJ-->BG,DJ-->BG,DJ-->BG,DJ-->BG
BF,BFA,Burkina Faso,Ouagadougou,Africa,Western Africa,,BF-->DJ,BF-->DJ,BF-->DJ,BF-->DJ,BF-->DJ,BF-->DJ,BF-->DJ,BF-->DJ,BF-->DJ,BF-->DJ,BF-->DJ,BF-->DJ,BF-->DJ,BF-->DJ,BF-->DJ,BF-->DJ,BF-->DJ,BF-->DJ,BF-->DJ,,,,,,,,,,,,,,,,,DJ-->BF,DJ-->BF,DJ-->BF,DJ-->BF,DJ-->BF,DJ-->BF,DJ-->BF,DJ-->BF,DJ-->BF,DJ-->BF,DJ-->BF,DJ-->BF,DJ-->BF,DJ-->BF,DJ-->BF,DJ-->BF,DJ-->BF,DJ-->BF,DJ-->BF
BI,BDI,Burundi,Bujumbura,Africa,Eastern Africa,,BI-->DJ,BI-->DJ,BI-->DJ,BI-->DJ,BI-->DJ,BI-->DJ,BI-->DJ,BI-->DJ,BI-->DJ,BI-->DJ,BI-->DJ,BI-->DJ,BI-->DJ,BI-->DJ,BI-->DJ,BI-->DJ,BI-->DJ,BI-->DJ,BI-->DJ,,,,,,,,,,,,,,,,,DJ-->BI,DJ-->BI,DJ-->BI,DJ-->BI,DJ-->BI,DJ-->BI,DJ-->BI,DJ-->BI,DJ-->BI,DJ-->BI,DJ-->BI,DJ-->BI,DJ-->BI,DJ-->BI,DJ-->BI,DJ-->BI,DJ-->BI,DJ-->BI,DJ-->BI
KH,KHM,Cambodia,Phnom Penh,Asia,South-Eastern Asia,,KH-->DJ,KH-->DJ,KH-->DJ,KH-->DJ,KH-->DJ,KH-->DJ,KH-->DJ,KH-->DJ,KH-->DJ,KH-->DJ,KH-->DJ,KH-->DJ,KH-->DJ,KH-->DJ,KH-->DJ,KH-->DJ,KH-->DJ,KH-->DJ,KH-->DJ,,,,,,,,,,,,,,,,,DJ-->KH,DJ-->KH,DJ-->KH,DJ-->KH,DJ-->KH,DJ-->KH,DJ-->KH,DJ-->KH,DJ-->KH,DJ-->KH,DJ-->KH,DJ-->KH,DJ-->KH,DJ-->KH,DJ-->KH,DJ-->KH,DJ-->KH,DJ-->KH,DJ-->KH
CM,CMR,Cameroon,Yaoundé,Africa,Middle Africa,,CM-->DJ,CM-->DJ,CM-->DJ,CM-->DJ,CM-->DJ,CM-->DJ,CM-->DJ,CM-->DJ,CM-->DJ,CM-->DJ,CM-->DJ,CM-->DJ,CM-->DJ,CM-->DJ,CM-->DJ,CM-->DJ,CM-->DJ,CM-->DJ,CM-->DJ,,,,,,,,,,,,,,,,,DJ-->CM,DJ-->CM,DJ-->CM,DJ-->CM,DJ-->CM,DJ-->CM,DJ-->CM,DJ-->CM,DJ-->CM,DJ-->CM,DJ-->CM,DJ-->CM,DJ-->CM,DJ-->CM,DJ-->CM,DJ-->CM,DJ-->CM,DJ-->CM,DJ-->CM
CA,CAN,Canada,Ottawa,Americas,Northern America,,CA-->DJ,CA-->DJ,CA-->DJ,CA-->DJ,CA-->DJ,CA-->DJ,CA-->DJ,CA-->DJ,CA-->DJ,CA-->DJ,CA-->DJ,CA-->DJ,CA-->DJ,CA-->DJ,CA-->DJ,CA-->DJ,CA-->DJ,CA-->DJ,CA-->DJ,,,,,,,,,,,,,,,,,DJ-->CA,DJ-->CA,DJ-->CA,DJ-->CA,DJ-->CA,DJ-->CA,DJ-->CA,DJ-->CA,DJ-->CA,DJ-->CA,DJ-->CA,DJ-->CA,DJ-->CA,DJ-->CA,DJ-->CA,DJ-->CA,DJ-->CA,DJ-->CA,DJ-->CA
CV,CPV,Cape Verde,Praia,Africa,Western Africa,,CV-->DJ,CV-->DJ,CV-->DJ,CV-->DJ,CV-->DJ,CV-->DJ,CV-->DJ,CV-->DJ,CV-->DJ,CV-->DJ,CV-->DJ,CV-->DJ,CV-->DJ,CV-->DJ,CV-->DJ,CV-->DJ,CV-->DJ,CV-->DJ,CV-->DJ,,,,,,,,,,,,,,,,,DJ-->CV,DJ-->CV,DJ-->CV,DJ-->CV,DJ-->CV,DJ-->CV,DJ-->CV,DJ-->CV,DJ-->CV,DJ-->CV,DJ-->CV,DJ-->CV,DJ-->CV,DJ-->CV,DJ-->CV,DJ-->CV,DJ-->CV,DJ-->CV,DJ-->CV
KY,CYM,Cayman Islands,George Town,Americas,Caribbean,,KY-->DJ,KY-->DJ,KY-->DJ,KY-->DJ,KY-->DJ,KY-->DJ,KY-->DJ,KY-->DJ,KY-->DJ,KY-->DJ,KY-->DJ,KY-->DJ,KY-->DJ,KY-->DJ,KY-->DJ,KY-->DJ,KY-->DJ,KY-->DJ,KY-->DJ,,,,,,,,,,,,,,,,,DJ-->KY,DJ-->KY,DJ-->KY,DJ-->KY,DJ-->KY,DJ-->KY,DJ-->KY,DJ-->KY,DJ-->KY,DJ-->KY,DJ-->KY,DJ-->KY,DJ-->KY,DJ-->KY,DJ-->KY,DJ-->KY,DJ-->KY,DJ-->KY,DJ-->KY
CF,CAF,Central African Republic,Bangui,Africa,Middle Africa,,CF-->DJ,CF-->DJ,CF-->DJ,CF-->DJ,CF-->DJ,CF-->DJ,CF-->DJ,CF-->DJ,CF-->DJ,CF-->DJ,CF-->DJ,CF-->DJ,CF-->DJ,CF-->DJ,CF-->DJ,CF-->DJ,CF-->DJ,CF-->DJ,CF-->DJ,,,,,,,,,,,,,,,,,DJ-->CF,DJ-->CF,DJ-->CF,DJ-->CF,DJ-->CF,DJ-->CF,DJ-->CF,DJ-->CF,DJ-->CF,DJ-->CF,DJ-->CF,DJ-->CF,DJ-->CF,DJ-->CF,DJ-->CF,DJ-->CF,DJ-->CF,DJ-->CF,DJ-->CF
TD,TCD,Chad,N'Djamena,Africa,Middle Africa,,TD-->DJ,TD-->DJ,TD-->DJ,TD-->DJ,TD-->DJ,TD-->DJ,TD-->DJ,TD-->DJ,TD-->DJ,TD-->DJ,TD-->DJ,TD-->DJ,TD-->DJ,TD-->DJ,TD-->DJ,TD-->DJ,TD-->DJ,TD-->DJ,TD-->DJ,,,,,,,,,,,,,,,,,DJ-->TD,DJ-->TD,DJ-->TD,DJ-->TD,DJ-->TD,DJ-->TD,DJ-->TD,DJ-->TD,DJ-->TD,DJ-->TD,DJ-->TD,DJ-->TD,DJ-->TD,DJ-->TD,DJ-->TD,DJ-->TD,DJ-->TD,DJ-->TD,DJ-->TD
CL,CHL,Chile,Santiago,Americas,South America,,CL-->DJ,CL-->DJ,CL-->DJ,CL-->DJ,CL-->DJ,CL-->DJ,CL-->DJ,CL-->DJ,CL-->DJ,CL-->DJ,CL-->DJ,CL-->DJ,CL-->DJ,CL-->DJ,CL-->DJ,CL-->DJ,CL-->DJ,CL-->DJ,CL-->DJ,,,,,,,,,,,,,,,,,DJ-->CL,DJ-->CL,DJ-->CL,DJ-->CL,DJ-->CL,DJ-->CL,DJ-->CL,DJ-->CL,DJ-->CL,DJ-->CL,DJ-->CL,DJ-->CL,DJ-->CL,DJ-->CL,DJ-->CL,DJ-->CL,DJ-->CL,DJ-->CL,DJ-->CL
CN,CHN,China,Beijing,Asia,Eastern Asia,,CN-->DJ,CN-->DJ,CN-->DJ,CN-->DJ,CN-->DJ,CN-->DJ,CN-->DJ,CN-->DJ,CN-->DJ,CN-->DJ,CN-->DJ,CN-->DJ,CN-->DJ,CN-->DJ,CN-->DJ,CN-->DJ,CN-->DJ,CN-->DJ,CN-->DJ,,,,,,,,,,,,,,,,,DJ-->CN,DJ-->CN,DJ-->CN,DJ-->CN,DJ-->CN,DJ-->CN,DJ-->CN,DJ-->CN,DJ-->CN,DJ-->CN,DJ-->CN,DJ-->CN,DJ-->CN,DJ-->CN,DJ-->CN,DJ-->CN,DJ-->CN,DJ-->CN,DJ-->CN
CX,CXR,Christmas Island,Flying Fish Cove,Oceania,Australia and New Zealand,,CX-->DJ,CX-->DJ,CX-->DJ,CX-->DJ,CX-->DJ,CX-->DJ,CX-->DJ,CX-->DJ,CX-->DJ,CX-->DJ,CX-->DJ,CX-->DJ,CX-->DJ,CX-->DJ,CX-->DJ,CX-->DJ,CX-->DJ,CX-->DJ,CX-->DJ,,,,,,,,,,,,,,,,,DJ-->CX,DJ-->CX,DJ-->CX,DJ-->CX,DJ-->CX,DJ-->CX,DJ-->CX,DJ-->CX,DJ-->CX,DJ-->CX,DJ-->CX,DJ-->CX,DJ-->CX,DJ-->CX,DJ-->CX,DJ-->CX,DJ-->CX,DJ-->CX,DJ-->CX
CC,CCK,Cocos (Keeling) Islands,West Island,Oceania,Australia and New Zealand,,CC-->DJ,CC-->DJ,CC-->DJ,CC-->DJ,CC-->DJ,CC-->DJ,CC-->DJ,CC-->DJ,CC-->DJ,CC-->DJ,CC-->DJ,CC-->DJ,CC-->DJ,CC-->DJ,CC-->DJ,CC-->DJ,CC-->DJ,CC-->DJ,CC-->DJ,,,,,,,,,,,,,,,,,DJ-->CC,DJ-->CC,DJ-->CC,DJ-->CC,DJ-->CC,DJ-->CC,DJ-->CC,DJ-->CC,DJ-->CC,DJ-->CC,DJ-->CC,DJ-->CC,DJ-->CC,DJ-->CC,DJ-->CC,DJ-->CC,DJ-->CC,DJ-->CC,DJ-->CC
CO,COL,Colombia,Bogotá,Americas,South America,,CO-->DJ,CO-->DJ,CO-->DJ,CO-->DJ,CO-->DJ,CO-->DJ,CO-->DJ,CO-->DJ,CO-->DJ,CO-->DJ,CO-->DJ,CO-->DJ,CO-->DJ,CO-->DJ,CO-->DJ,CO-->DJ,CO-->DJ,CO-->DJ,CO-->DJ,,,,,,,,,,,,,,,,,DJ-->CO,DJ-->CO,DJ-->CO,DJ-->CO,DJ-->CO,DJ-->CO,DJ-->CO,DJ-->CO,DJ-->CO,DJ-->CO,DJ-->CO,DJ-->CO,DJ-->CO,DJ-->CO,DJ-->CO,DJ-->CO,DJ-->CO,DJ-->CO,DJ-->CO
KM,COM,Comoros,Moroni,Africa,Eastern Africa,,KM-->DJ,KM-->DJ,KM-->DJ,KM-->DJ,KM-->DJ,KM-->DJ,KM-->DJ,KM-->DJ,KM-->DJ,KM-->DJ,KM-->DJ,KM-->DJ,KM-->DJ,KM-->DJ,KM-->DJ,KM-->DJ,KM-->DJ,KM-->DJ,KM-->DJ,,,,,,,,,,,,,,,,,DJ-->KM,DJ-->KM,DJ-->KM,DJ-->KM,DJ-->KM,DJ-->KM,DJ-->KM,DJ-->KM,DJ-->KM,DJ-->KM,DJ-->KM,DJ-->KM,DJ-->KM,DJ-->KM,DJ-->KM,DJ-->KM,DJ-->KM,DJ-->KM,DJ-->KM
CG,COG,Republic of the Congo,Brazzaville,Africa,Middle Africa,,CG-->DJ,CG-->DJ,CG-->DJ,CG-->DJ,CG-->DJ,CG-->DJ,CG-->DJ,CG-->DJ,CG-->DJ,CG-->DJ,CG-->DJ,CG-->DJ,CG-->DJ,CG-->DJ,CG-->DJ,CG-->DJ,CG-->DJ,CG-->DJ,CG-->DJ,,,,,,,,,,,,,,,,,DJ-->CG,DJ-->CG,DJ-->CG,DJ-->CG,DJ-->CG,DJ-->CG,DJ-->CG,DJ-->CG,DJ-->CG,DJ-->CG,DJ-->CG,DJ-->CG,DJ-->CG,DJ-->CG,DJ-->CG,DJ-->CG,DJ-->CG,DJ-->CG,DJ-->CG
CD,COD,Democratic Republic of the Congo,Kinshasa,Africa,Middle Africa,,CD-->DJ,CD-->DJ,CD-->DJ,CD-->DJ,CD-->DJ,CD-->DJ,CD-->DJ,CD-->DJ,CD-->DJ,CD-->DJ,CD-->DJ,CD-->DJ,CD-->DJ,CD-->DJ,CD-->DJ,CD-->DJ,CD-->DJ,CD-->DJ,CD-->DJ,,,,,,,,,,,,,,,,,DJ-->CD,DJ-->CD,DJ-->CD,DJ-->CD,DJ-->CD,DJ-->CD,DJ-->CD,DJ-->CD,DJ-->CD,DJ-->CD,DJ-->CD,DJ-->CD,DJ-->CD,DJ-->CD,DJ-->CD,DJ-->CD,DJ-->CD,DJ-->CD,DJ-->CD
CK,COK,Cook Islands,Avarua,Oceania,Polynesia,,CK-->DJ,CK-->DJ,CK-->DJ,CK-->DJ,CK-->DJ,CK-->DJ,CK-->DJ,CK-->DJ,CK-->DJ,CK-->DJ,CK-->DJ,CK-->DJ,CK-->DJ,CK-->DJ,CK-->DJ,CK-->DJ,CK-->DJ,CK-->DJ,CK-->DJ,,,,,,,,,,,,,,,,,DJ-->CK,DJ-->CK,DJ-->CK,DJ-->CK,DJ-->CK,DJ-->CK,DJ-->CK,DJ-->CK,DJ-->CK,DJ-->CK,DJ-->CK,DJ-->CK,DJ-->CK,DJ-->CK,DJ-->CK,DJ-->CK,DJ-->CK,DJ-->CK,DJ-->CK
CR,CRI,Costa Rica,San José,Americas,Central America,,CR-->DJ,CR-->DJ,CR-->DJ,CR-->DJ,CR-->DJ,CR-->DJ,CR-->DJ,CR-->DJ,CR-->DJ,CR-->DJ,CR-->DJ,CR-->DJ,CR-->DJ,CR-->DJ,CR-->DJ,CR-->DJ,CR-->DJ,CR-->DJ,CR-->DJ,,,,,,,,,,,,,,,,,DJ-->CR,DJ-->CR,DJ-->CR,DJ-->CR,DJ-->CR,DJ-->CR,DJ-->CR,DJ-->CR,DJ-->CR,DJ-->CR,DJ-->CR,DJ-->CR,DJ-->CR,DJ-->CR,DJ-->CR,DJ-->CR,DJ-->CR,DJ-->CR,DJ-->CR
HR,HRV,Croatia,Zagreb,Europe,Southern Europe,,HR-->DJ,HR-->DJ,HR-->DJ,HR-->DJ,HR-->DJ,HR-->DJ,HR-->DJ,HR-->DJ,HR-->DJ,HR-->DJ,HR-->DJ,HR-->DJ,HR-->DJ,HR-->DJ,HR-->DJ,HR-->DJ,HR-->DJ,HR-->DJ,HR-->DJ,,,,,,,,,,,,,,,,,DJ-->HR,DJ-->HR,DJ-->HR,DJ-->HR,DJ-->HR,DJ-->HR,DJ-->HR,DJ-->HR,DJ-->HR,DJ-->HR,DJ-->HR,DJ-->HR,DJ-->HR,DJ-->HR,DJ-->HR,DJ-->HR,DJ-->HR,DJ-->HR,DJ-->HR
CU,CUB,Cuba,Havana,Americas,Caribbean,,CU-->DJ,CU-->DJ,CU-->DJ,CU-->DJ,CU-->DJ,CU-->DJ,CU-->DJ,CU-->DJ,CU-->DJ,CU-->DJ,CU-->DJ,CU-->DJ,CU-->DJ,CU-->DJ,CU-->DJ,CU-->DJ,CU-->DJ,CU-->DJ,CU-->DJ,,,,,,,,,,,,,,,,,DJ-->CU,DJ-->CU,DJ-->CU,DJ-->CU,DJ-->CU,DJ-->CU,DJ-->CU,DJ-->CU,DJ-->CU,DJ-->CU,DJ-->CU,DJ-->CU,DJ-->CU,DJ-->CU,DJ-->CU,DJ-->CU,DJ-->CU,DJ-->CU,DJ-->CU
CW,CUW,Curaçao,Willemstad,Americas,Caribbean,,CW-->DJ,CW-->DJ,CW-->DJ,CW-->DJ,CW-->DJ,CW-->DJ,CW-->DJ,CW-->DJ,CW-->DJ,CW-->DJ,CW-->DJ,CW-->DJ,CW-->DJ,CW-->DJ,CW-->DJ,CW-->DJ,CW-->DJ,CW-->DJ,CW-->DJ,,,,,,,,,,,,,,,,,DJ-->CW,DJ-->CW,DJ-->CW,DJ-->CW,DJ-->CW,DJ-->CW,DJ-->CW,DJ-->CW,DJ-->CW,DJ-->CW,DJ-->CW,DJ-->CW,DJ-->CW,DJ-->CW,DJ-->CW,DJ-->CW,DJ-->CW,DJ-->CW,DJ-->CW
CY,CYP,Cyprus,Nicosia,Europe,Southern Europe,,CY-->DJ,CY-->DJ,CY-->DJ,CY-->DJ,CY-->DJ,CY-->DJ,CY-->DJ,CY-->DJ,CY-->DJ,CY-->DJ,CY-->DJ,CY-->DJ,CY-->DJ,CY-->DJ,CY-->DJ,CY-->DJ,CY-->DJ,CY-->DJ,CY-->DJ,,,,,,,,,,,,,,,,,DJ-->CY,DJ-->CY,DJ-->CY,DJ-->CY,DJ-->CY,DJ-->CY,DJ-->CY,DJ-->CY,DJ-->CY,DJ-->CY,DJ-->CY,DJ-->CY,DJ-->CY,DJ-->CY,DJ-->CY,DJ-->CY,DJ-->CY,DJ-->CY,DJ-->CY
CZ,CZE,Czech Republic,Prague,Europe,Eastern Europe,,CZ-->DJ,CZ-->DJ,CZ-->DJ,CZ-->DJ,CZ-->DJ,CZ-->DJ,CZ-->DJ,CZ-->DJ,CZ-->DJ,CZ-->DJ,CZ-->DJ,CZ-->DJ,CZ-->DJ,CZ-->DJ,CZ-->DJ,CZ-->DJ,CZ-->DJ,CZ-->DJ,CZ-->DJ,,,,,,,,,,,,,,,,,DJ-->CZ,DJ-->CZ,DJ-->CZ,DJ-->CZ,DJ-->CZ,DJ-->CZ,DJ-->CZ,DJ-->CZ,DJ-->CZ,DJ-->CZ,DJ-->CZ,DJ-->CZ,DJ-->CZ,DJ-->CZ,DJ-->CZ,DJ-->CZ,DJ-->CZ,DJ-->CZ,DJ-->CZ
DK,DNK,Denmark,Copenhagen,Europe,Northern Europe,,DK-->DJ,DK-->DJ,DK-->DJ,DK-->DJ,DK-->DJ,DK-->DJ,DK-->DJ,DK-->DJ,DK-->DJ,DK-->DJ,DK-->DJ,DK-->DJ,DK-->DJ,DK-->DJ,DK-->DJ,DK-->DJ,DK-->DJ,DK-->DJ,DK-->DJ,,,,,,,,,,,,,,,,,DJ-->DK,DJ-->DK,DJ-->DK,DJ-->DK,DJ-->DK,DJ-->DK,DJ-->DK,DJ-->DK,DJ-->DK,DJ-->DK,DJ-->DK,DJ-->DK,DJ-->DK,DJ-->DK,DJ-->DK,DJ-->DK,DJ-->DK,DJ-->DK,DJ-->DK
DJ,DJI,Djibouti,Djibouti,Africa,Eastern Africa,,DJ-->DJ,DJ-->DJ,DJ-->DJ,DJ-->DJ,DJ-->DJ,DJ-->DJ,DJ-->DJ,DJ-->DJ,DJ-->DJ,DJ-->DJ,DJ-->DJ,DJ-->DJ,DJ-->DJ,DJ-->DJ,DJ-->DJ,DJ-->DJ,DJ-->DJ,DJ-->DJ,DJ-->DJ,,,,,,,,,,,,,,,,,DJ-->DJ,DJ-->DJ,DJ-->DJ,DJ-->DJ,DJ-->DJ,DJ-->DJ,DJ-->DJ,DJ-->DJ,DJ-->DJ,DJ-->DJ,DJ-->DJ,DJ-->DJ,DJ-->DJ,DJ-->DJ,DJ-->DJ,DJ-->DJ,DJ-->DJ,DJ-->DJ,DJ-->DJ
DM,DMA,Dominica,Roseau,Americas,Caribbean,,DM-->DJ,DM-->DJ,DM-->DJ,DM-->DJ,DM-->DJ,DM-->DJ,DM-->DJ,DM-->DJ,DM-->DJ,DM-->DJ,DM-->DJ,DM-->DJ,DM-->DJ,DM-->DJ,DM-->DJ,DM-->DJ,DM-->DJ,DM-->DJ,DM-->DJ,,,,,,,,,,,,,,,,,DJ-->DM,DJ-->DM,DJ-->DM,DJ-->DM,DJ-->DM,DJ-->DM,DJ-->DM,DJ-->DM,DJ-->DM,DJ-->DM,DJ-->DM,DJ-->DM,DJ-->DM,DJ-->DM,DJ-->DM,DJ-->DM,DJ-->DM,DJ-->DM,DJ-->DM
DO,DOM,Dominican Republic,Santo Domingo,Americas,Caribbean,,DO-->DJ,DO-->DJ,DO-->DJ,DO-->DJ,DO-->DJ,DO-->DJ,DO-->DJ,DO-->DJ,DO-->DJ,DO-->DJ,DO-->DJ,DO-->DJ,DO-->DJ,DO-->DJ,DO-->DJ,DO-->DJ,DO-->DJ,DO-->DJ,DO-->DJ,,,,,,,,,,,,,,,,,DJ-->DO,DJ-->DO,DJ-->DO,DJ-->DO,DJ-->DO,DJ-->DO,DJ-->DO,DJ-->DO,DJ-->DO,DJ-->DO,DJ-->DO,DJ-->DO,DJ-->DO,DJ-->DO,DJ-->DO,DJ-->DO,DJ-->DO,DJ-->DO,DJ-->DO
EC,ECU,Ecuador,Quito,Americas,South America,,EC-->DJ,EC-->DJ,EC-->DJ,EC-->DJ,EC-->DJ,EC-->DJ,EC-->DJ,EC-->DJ,EC-->DJ,EC-->DJ,EC-->DJ,EC-->DJ,EC-->DJ,EC-->DJ,EC-->DJ,EC-->DJ,EC-->DJ,EC-->DJ,EC-->DJ,,,,,,,,,,,,,,,,,DJ-->EC,DJ-->EC,DJ-->EC,DJ-->EC,DJ-->EC,DJ-->EC,DJ-->EC,DJ-->EC,DJ-->EC,DJ-->EC,DJ-->EC,DJ-->EC,DJ-->EC,DJ-->EC,DJ-->EC,DJ-->EC,DJ-->EC,DJ-->EC,DJ-->EC
EG,EGY,Egypt,Cairo,Africa,Northern Africa,,EG-->DJ,EG-->DJ,EG-->DJ,EG-->DJ,EG-->DJ,EG-->DJ,EG-->DJ,EG-->DJ,EG-->DJ,EG-->DJ,EG-->DJ,EG-->DJ,EG-->DJ,EG-->DJ,EG-->DJ,EG-->DJ,EG-->DJ,EG-->DJ,EG-->DJ,,,,,,,,,,,,,,,,,DJ-->EG,DJ-->EG,DJ-->EG,DJ-->EG,DJ-->EG,DJ-->EG,DJ-->EG,DJ-->EG,DJ-->EG,DJ-->EG,DJ-->EG,DJ-->EG,DJ-->EG,DJ-->EG,DJ-->EG,DJ-->EG,DJ-->EG,DJ-->EG,DJ-->EG
SV,SLV,El Salvador,San Salvador,Americas,Central America,,SV-->DJ,SV-->DJ,SV-->DJ,SV-->DJ,SV-->DJ,SV-->DJ,SV-->DJ,SV-->DJ,SV-->DJ,SV-->DJ,SV-->DJ,SV-->DJ,SV-->DJ,SV-->DJ,SV-->DJ,SV-->DJ,SV-->DJ,SV-->DJ,SV-->DJ,,,,,,,,,,,,,,,,,DJ-->SV,DJ-->SV,DJ-->SV,DJ-->SV,DJ-->SV,DJ-->SV,DJ-->SV,DJ-->SV,DJ-->SV,DJ-->SV,DJ-->SV,DJ-->SV,DJ-->SV,DJ-->SV,DJ-->SV,DJ-->SV,DJ-->SV,DJ-->SV,DJ-->SV
GQ,GNQ,Equatorial Guinea,Malabo,Africa,Middle Africa,,GQ-->DJ,GQ-->DJ,GQ-->DJ,GQ-->DJ,GQ-->DJ,GQ-->DJ,GQ-->DJ,GQ-->DJ,GQ-->DJ,GQ-->DJ,GQ-->DJ,GQ-->DJ,GQ-->DJ,GQ-->DJ,GQ-->DJ,GQ-->DJ,GQ-->DJ,GQ-->DJ,GQ-->DJ,,,,,,,,,,,,,,,,,DJ-->GQ,DJ-->GQ,DJ-->GQ,DJ-->GQ,DJ-->GQ,DJ-->GQ,DJ-->GQ,DJ-->GQ,DJ-->GQ,DJ-->GQ,DJ-->GQ,DJ-->GQ,DJ-->GQ,DJ-->GQ,DJ-->GQ,DJ-->GQ,DJ-->GQ,DJ-->GQ,DJ-->GQ
ER,ERI,Eritrea,Asmara,Africa,Eastern Africa,,ER-->DJ,ER-->DJ,ER-->DJ,ER-->DJ,ER-->DJ,ER-->DJ,ER-->DJ,ER-->DJ,ER-->DJ,ER-->DJ,ER-->DJ,ER-->DJ,ER-->DJ,ER-->DJ,ER-->DJ,ER-->DJ,ER-->DJ,ER-->DJ,ER-->DJ,,,,,,,,,,,,,,,,,DJ-->ER,DJ-->ER,DJ-->ER,DJ-->ER,DJ-->ER,DJ-->ER,DJ-->ER,DJ-->ER,DJ-->ER,DJ-->ER,DJ-->ER,DJ-->ER,DJ-->ER,DJ-->ER,DJ-->ER,DJ-->ER,DJ-->ER,DJ-->ER,DJ-->ER
EE,EST,Estonia,Tallinn,Europe,Northern Europe,,EE-->DJ,EE-->DJ,EE-->DJ,EE-->DJ,EE-->DJ,EE-->DJ,EE-->DJ,EE-->DJ,EE-->DJ,EE-->DJ,EE-->DJ,EE-->DJ,EE-->DJ,EE-->DJ,EE-->DJ,EE-->DJ,EE-->DJ,EE-->DJ,EE-->DJ,,,,,,,,,,,,,,,,,DJ-->EE,DJ-->EE,DJ-->EE,DJ-->EE,DJ-->EE,DJ-->EE,DJ-->EE,DJ-->EE,DJ-->EE,DJ-->EE,DJ-->EE,DJ-->EE,DJ-->EE,DJ-->EE,DJ-->EE,DJ-->EE,DJ-->EE,DJ-->EE,DJ-->EE
ET,ETH,Ethiopia,Addis Ababa,Africa,Eastern Africa,,ET-->DJ,ET-->DJ,ET-->DJ,ET-->DJ,ET-->DJ,ET-->DJ,ET-->DJ,ET-->DJ,ET-->DJ,ET-->DJ,ET-->DJ,ET-->DJ,ET-->DJ,ET-->DJ,ET-->DJ,ET-->DJ,ET-->DJ,ET-->DJ,ET-->DJ,,,,,,,,,,,,,,,,,DJ-->ET,DJ-->ET,DJ-->ET,DJ-->ET,DJ-->ET,DJ-->ET,DJ-->ET,DJ-->ET,DJ-->ET,DJ-->ET,DJ-->ET,DJ-->ET,DJ-->ET,DJ-->ET,DJ-->ET,DJ-->ET,DJ-->ET,DJ-->ET,DJ-->ET
FK,FLK,Falkland Islands,Stanley,Americas,South America,,FK-->DJ,FK-->DJ,FK-->DJ,FK-->DJ,FK-->DJ,FK-->DJ,FK-->DJ,FK-->DJ,FK-->DJ,FK-->DJ,FK-->DJ,FK-->DJ,FK-->DJ,FK-->DJ,FK-->DJ,FK-->DJ,FK-->DJ,FK-->DJ,FK-->DJ,,,,,,,,,,,,,,,,,DJ-->FK,DJ-->FK,DJ-->FK,DJ-->FK,DJ-->FK,DJ-->FK,DJ-->FK,DJ-->FK,DJ-->FK,DJ-->FK,DJ-->FK,DJ-->FK,DJ-->FK,DJ-->FK,DJ-->FK,DJ-->FK,DJ-->FK,DJ-->FK,DJ-->FK
FO,FRO,Faroe Islands,Tórshavn,Europe,Northern Europe,,FO-->DJ,FO-->DJ,FO-->DJ,FO-->DJ,FO-->DJ,FO-->DJ,FO-->DJ,FO-->DJ,FO-->DJ,FO-->DJ,FO-->DJ,FO-->DJ,FO-->DJ,FO-->DJ,FO-->DJ,FO-->DJ,FO-->DJ,FO-->DJ,FO-->DJ,,,,,,,,,,,,,,,,,DJ-->FO,DJ-->FO,DJ-->FO,DJ-->FO,DJ-->FO,DJ-->FO,DJ-->FO,DJ-->FO,DJ-->FO,DJ-->FO,DJ-->FO,DJ-->FO,DJ-->FO,DJ-->FO,DJ-->FO,DJ-->FO,DJ-->FO,DJ-->FO,DJ-->FO
FJ,FJI,Fiji,Suva,Oceania,Melanesia,,FJ-->DJ,FJ-->DJ,FJ-->DJ,FJ-->DJ,FJ-->DJ,FJ-->DJ,FJ-->DJ,FJ-->DJ,FJ-->DJ,FJ-->DJ,FJ-->DJ,FJ-->DJ,FJ-->DJ,FJ-->DJ,FJ-->DJ,FJ-->DJ,FJ-->DJ,FJ-->DJ,FJ-->DJ,,,,,,,,,,,,,,,,,DJ-->FJ,DJ-->FJ,DJ-->FJ,DJ-->FJ,DJ-->FJ,DJ-->FJ,DJ-->FJ,DJ-->FJ,DJ-->FJ,DJ-->FJ,DJ-->FJ,DJ-->FJ,DJ-->FJ,DJ-->FJ,DJ-->FJ,DJ-->FJ,DJ-->FJ,DJ-->FJ,DJ-->FJ
FI,FIN,Finland,Helsinki,Europe,Northern Europe,,FI-->DJ,FI-->DJ,FI-->DJ,FI-->DJ,FI-->DJ,FI-->DJ,FI-->DJ,FI-->DJ,FI-->DJ,FI-->DJ,FI-->DJ,FI-->DJ,FI-->DJ,FI-->DJ,FI-->DJ,FI-->DJ,FI-->DJ,FI-->DJ,FI-->DJ,,,,,,,,,,,,,,,,,DJ-->FI,DJ-->FI,DJ-->FI,DJ-->FI,DJ-->FI,DJ-->FI,DJ-->FI,DJ-->FI,DJ-->FI,DJ-->FI,DJ-->FI,DJ-->FI,DJ-->FI,DJ-->FI,DJ-->FI,DJ-->FI,DJ-->FI,DJ-->FI,DJ-->FI
FR,FRA,France,Paris,Europe,Western Europe,,FR-->DJ,FR-->DJ,FR-->DJ,FR-->DJ,FR-->DJ,FR-->DJ,FR-->DJ,FR-->DJ,FR-->DJ,FR-->DJ,FR-->DJ,FR-->DJ,FR-->DJ,FR-->DJ,FR-->DJ,FR-->DJ,FR-->DJ,FR-->DJ,FR-->DJ,,,,,,,,,,,,,,,,,DJ-->FR,DJ-->FR,DJ-->FR,DJ-->FR,DJ-->FR,DJ-->FR,DJ-->FR,DJ-->FR,DJ-->FR,DJ-->FR,DJ-->FR,DJ-->FR,DJ-->FR,DJ-->FR,DJ-->FR,DJ-->FR,DJ-->FR,DJ-->FR,DJ-->FR
GF,GUF,French Guiana,Cayenne,Americas,South America,,GF-->DJ,GF-->DJ,GF-->DJ,GF-->DJ,GF-->DJ,GF-->DJ,GF-->DJ,GF-->DJ,GF-->DJ,GF-->DJ,GF-->DJ,GF-->DJ,GF-->DJ,GF-->DJ,GF-->DJ,GF-->DJ,GF-->DJ,GF-->DJ,GF-->DJ,,,,,,,,,,,,,,,,,DJ-->GF,DJ-->GF,DJ-->GF,DJ-->GF,DJ-->GF,DJ-->GF,DJ-->GF,DJ-->GF,DJ-->GF,DJ-->GF,DJ-->GF,DJ-->GF,DJ-->GF,DJ-->GF,DJ-->GF,DJ-->GF,DJ-->GF,DJ-->GF,DJ-->GF
PF,PYF,French Polynesia,Papeetē,Oceania,Polynesia,,PF-->DJ,PF-->DJ,PF-->DJ,PF-->DJ,PF-->DJ,PF-->DJ,PF-->DJ,PF-->DJ,PF-->DJ,PF-->DJ,PF-->DJ,PF-->DJ,PF-->DJ,PF-->DJ,PF-->DJ,PF-->DJ,PF-->DJ,PF-->DJ,PF-->DJ,,,,,,,,,,,,,,,,,DJ-->PF,DJ-->PF,DJ-->PF,DJ-->PF,DJ-->PF,DJ-->PF,DJ-->PF,DJ-->PF,DJ-->PF,DJ-->PF,DJ-->PF,DJ-->PF,DJ-->PF,DJ-->PF,DJ-->PF,DJ-->PF,DJ-->PF,DJ-->PF,DJ-->PF
TF,ATF,French Southern and Antarctic Lands,Port-aux-Français,Africa,Southern Africa,,TF-->DJ,TF-->DJ,TF-->DJ,TF-->DJ,TF-->DJ,TF-->DJ,TF-->DJ,TF-->DJ,TF-->DJ,TF-->DJ,TF-->DJ,TF-->DJ,TF-->DJ,TF-->DJ,TF-->DJ,TF-->DJ,TF-->DJ,TF-->DJ,TF-->DJ,,,,,,,,,,,,,,,,,DJ-->TF,DJ-->TF,DJ-->TF,DJ-->TF,DJ-->TF,DJ-->TF,DJ-->TF,DJ-->TF,DJ-->TF,DJ-->TF,DJ-->TF,DJ-->TF,DJ-->TF,DJ-->TF,DJ-->TF,DJ-->TF,DJ-->TF,DJ-->TF,DJ-->TF
GA,GAB,Gabon,Libreville,Africa,Middle Africa,,GA-->DJ,GA-->DJ,GA-->DJ,GA-->DJ,GA-->DJ,GA-->DJ,GA-->DJ,GA-->DJ,GA-->DJ,GA-->DJ,GA-->DJ,GA-->DJ,GA-->DJ,GA-->DJ,GA-->DJ,GA-->DJ,GA-->DJ,GA-->DJ,GA-->DJ,,,,,,,,,,,,,,,,,DJ-->GA,DJ-->GA,DJ-->GA,DJ-->GA,DJ-->GA,DJ-->GA,DJ-->GA,DJ-->GA,DJ-->GA,DJ-->GA,DJ-->GA,DJ-->GA,DJ-->GA,DJ-->GA,DJ-->GA,DJ-->GA,DJ-->GA,DJ-->GA,DJ-->GA
GM,GMB,The Gambia,Banjul,Africa,Western Africa,,GM-->DJ,GM-->DJ,GM-->DJ,GM-->DJ,GM-->DJ,GM-->DJ,GM-->DJ,GM-->DJ,GM-->DJ,GM-->DJ,GM-->DJ,GM-->DJ,GM-->DJ,GM-->DJ,GM-->DJ,GM-->DJ,GM-->DJ,GM-->DJ,GM-->DJ,,,,,,,,,,,,,,,,,DJ-->GM,DJ-->GM,DJ-->GM,DJ-->GM,DJ-->GM,DJ-->GM,DJ-->GM,DJ-->GM,DJ-->GM,DJ-->GM,DJ-->GM,DJ-->GM,DJ-->GM,DJ-->GM,DJ-->GM,DJ-->GM,DJ-->GM,DJ-->GM,DJ-->GM
GE,GEO,Georgia,Tbilisi,Asia,Western Asia,,GE-->DJ,GE-->DJ,GE-->DJ,GE-->DJ,GE-->DJ,GE-->DJ,GE-->DJ,GE-->DJ,GE-->DJ,GE-->DJ,GE-->DJ,GE-->DJ,GE-->DJ,GE-->DJ,GE-->DJ,GE-->DJ,GE-->DJ,GE-->DJ,GE-->DJ,,,,,,,,,,,,,,,,,DJ-->GE,DJ-->GE,DJ-->GE,DJ-->GE,DJ-->GE,DJ-->GE,DJ-->GE,DJ-->GE,DJ-->GE,DJ-->GE,DJ-->GE,DJ-->GE,DJ-->GE,DJ-->GE,DJ-->GE,DJ-->GE,DJ-->GE,DJ-->GE,DJ-->GE
DE,DEU,Germany,Berlin,Europe,Western Europe,,DE-->DJ,DE-->DJ,DE-->DJ,DE-->DJ,DE-->DJ,DE-->DJ,DE-->DJ,DE-->DJ,DE-->DJ,DE-->DJ,DE-->DJ,DE-->DJ,DE-->DJ,DE-->DJ,DE-->DJ,DE-->DJ,DE-->DJ,DE-->DJ,DE-->DJ,,,,,,,,,,,,,,,,,DJ-->DE,DJ-->DE,DJ-->DE,DJ-->DE,DJ-->DE,DJ-->DE,DJ-->DE,DJ-->DE,DJ-->DE,DJ-->DE,DJ-->DE,DJ-->DE,DJ-->DE,DJ-->DE,DJ-->DE,DJ-->DE,DJ-->DE,DJ-->DE,DJ-->DE
GH,GHA,Ghana,Accra,Africa,Western Africa,,GH-->DJ,GH-->DJ,GH-->DJ,GH-->DJ,GH-->DJ,GH-->DJ,GH-->DJ,GH-->DJ,GH-->DJ,GH-->DJ,GH-->DJ,GH-->DJ,GH-->DJ,GH-->DJ,GH-->DJ,GH-->DJ,GH-->DJ,GH-->DJ,GH-->DJ,,,,,,,,,,,,,,,,,DJ-->GH,DJ-->GH,DJ-->GH,DJ-->GH,DJ-->GH,DJ-->GH,DJ-->GH,DJ-->GH,DJ-->GH,DJ-->GH,DJ-->GH,DJ-->GH,DJ-->GH,DJ-->GH,DJ-->GH,DJ-->GH,DJ-->GH,DJ-->GH,DJ-->GH
GI,GIB,Gibraltar,Gibraltar,Europe,Southern Europe,,GI-->DJ,GI-->DJ,GI-->DJ,GI-->DJ,GI-->DJ,GI-->DJ,GI-->DJ,GI-->DJ,GI-->DJ,GI-->DJ,GI-->DJ,GI-->DJ,GI-->DJ,GI-->DJ,GI-->DJ,GI-->DJ,GI-->DJ,GI-->DJ,GI-->DJ,,,,,,,,,,,,,,,,,DJ-->GI,DJ-->GI,DJ-->GI,DJ-->GI,DJ-->GI,DJ-->GI,DJ-->GI,DJ-->GI,DJ-->GI,DJ-->GI,DJ-->GI,DJ-->GI,DJ-->GI,DJ-->GI,DJ-->GI,DJ-->GI,DJ-->GI,DJ-->GI,DJ-->GI
GR,GRC,Greece,Athens,Europe,Southern Europe,,GR-->DJ,GR-->DJ,GR-->DJ,GR-->DJ,GR-->DJ,GR-->DJ,GR-->DJ,GR-->DJ,GR-->DJ,GR-->DJ,GR-->DJ,GR-->DJ,GR-->DJ,GR-->DJ,GR-->DJ,GR-->DJ,GR-->DJ,GR-->DJ,GR-->DJ,,,,,,,,,,,,,,,,,DJ-->GR,DJ-->GR,DJ-->GR,DJ-->GR,DJ-->GR,DJ-->GR,DJ-->GR,DJ-->GR,DJ-->GR,DJ-->GR,DJ-->GR,DJ-->GR,DJ-->GR,DJ-->GR,DJ-->GR,DJ-->GR,DJ-->GR,DJ-->GR,DJ-->GR
GL,GRL,Greenland,Nuuk,Americas,Northern America,,GL-->DJ,GL-->DJ,GL-->DJ,GL-->DJ,GL-->DJ,GL-->DJ,GL-->DJ,GL-->DJ,GL-->DJ,GL-->DJ,GL-->DJ,GL-->DJ,GL-->DJ,GL-->DJ,GL-->DJ,GL-->DJ,GL-->DJ,GL-->DJ,GL-->DJ,,,,,,,,,,,,,,,,,DJ-->GL,DJ-->GL,DJ-->GL,DJ-->GL,DJ-->GL,DJ-->GL,DJ-->GL,DJ-->GL,DJ-->GL,DJ-->GL,DJ-->GL,DJ-->GL,DJ-->GL,DJ-->GL,DJ-->GL,DJ-->GL,DJ-->GL,DJ-->GL,DJ-->GL
GD,GRD,Grenada,St. George's,Americas,Caribbean,,GD-->DJ,GD-->DJ,GD-->DJ,GD-->DJ,GD-->DJ,GD-->DJ,GD-->DJ,GD-->DJ,GD-->DJ,GD-->DJ,GD-->DJ,GD-->DJ,GD-->DJ,GD-->DJ,GD-->DJ,GD-->DJ,GD-->DJ,GD-->DJ,GD-->DJ,,,,,,,,,,,,,,,,,DJ-->GD,DJ-->GD,DJ-->GD,DJ-->GD,DJ-->GD,DJ-->GD,DJ-->GD,DJ-->GD,DJ-->GD,DJ-->GD,DJ-->GD,DJ-->GD,DJ-->GD,DJ-->GD,DJ-->GD,DJ-->GD,DJ-->GD,DJ-->GD,DJ-->GD
GP,GLP,Guadeloupe,Basse-Terre,Americas,Caribbean,,GP-->DJ,GP-->DJ,GP-->DJ,GP-->DJ,GP-->DJ,GP-->DJ,GP-->DJ,GP-->DJ,GP-->DJ,GP-->DJ,GP-->DJ,GP-->DJ,GP-->DJ,GP-->DJ,GP-->DJ,GP-->DJ,GP-->DJ,GP-->DJ,GP-->DJ,,,,,,,,,,,,,,,,,DJ-->GP,DJ-->GP,DJ-->GP,DJ-->GP,DJ-->GP,DJ-->GP,DJ-->GP,DJ-->GP,DJ-->GP,DJ-->GP,DJ-->GP,DJ-->GP,DJ-->GP,DJ-->GP,DJ-->GP,DJ-->GP,DJ-->GP,DJ-->GP,DJ-->GP
GU,GUM,Guam,Hagåtña,Oceania,Micronesia,,GU-->DJ,GU-->DJ,GU-->DJ,GU-->DJ,GU-->DJ,GU-->DJ,GU-->DJ,GU-->DJ,GU-->DJ,GU-->DJ,GU-->DJ,GU-->DJ,GU-->DJ,GU-->DJ,GU-->DJ,GU-->DJ,GU-->DJ,GU-->DJ,GU-->DJ,,,,,,,,,,,,,,,,,DJ-->GU,DJ-->GU,DJ-->GU,DJ-->GU,DJ-->GU,DJ-->GU,DJ-->GU,DJ-->GU,DJ-->GU,DJ-->GU,DJ-->GU,DJ-->GU,DJ-->GU,DJ-->GU,DJ-->GU,DJ-->GU,DJ-->GU,DJ-->GU,DJ-->GU
GT,GTM,Guatemala,Guatemala City,Americas,Central America,,GT-->DJ,GT-->DJ,GT-->DJ,GT-->DJ,GT-->DJ,GT-->DJ,GT-->DJ,GT-->DJ,GT-->DJ,GT-->DJ,GT-->DJ,GT-->DJ,GT-->DJ,GT-->DJ,GT-->DJ,GT-->DJ,GT-->DJ,GT-->DJ,GT-->DJ,,,,,,,,,,,,,,,,,DJ-->GT,DJ-->GT,DJ-->GT,DJ-->GT,DJ-->GT,DJ-->GT,DJ-->GT,DJ-->GT,DJ-->GT,DJ-->GT,DJ-->GT,DJ-->GT,DJ-->GT,DJ-->GT,DJ-->GT,DJ-->GT,DJ-->GT,DJ-->GT,DJ-->GT
GG,GGY,Guernsey,St. Peter Port,Europe,Northern Europe,,GG-->DJ,GG-->DJ,GG-->DJ,GG-->DJ,GG-->DJ,GG-->DJ,GG-->DJ,GG-->DJ,GG-->DJ,GG-->DJ,GG-->DJ,GG-->DJ,GG-->DJ,GG-->DJ,GG-->DJ,GG-->DJ,GG-->DJ,GG-->DJ,GG-->DJ,,,,,,,,,,,,,,,,,DJ-->GG,DJ-->GG,DJ-->GG,DJ-->GG,DJ-->GG,DJ-->GG,DJ-->GG,DJ-->GG,DJ-->GG,DJ-->GG,DJ-->GG,DJ-->GG,DJ-->GG,DJ-->GG,DJ-->GG,DJ-->GG,DJ-->GG,DJ-->GG,DJ-->GG
GN,GIN,Guinea,Conakry,Africa,Western Africa,,GN-->DJ,GN-->DJ,GN-->DJ,GN-->DJ,GN-->DJ,GN-->DJ,GN-->DJ,GN-->DJ,GN-->DJ,GN-->DJ,GN-->DJ,GN-->DJ,GN-->DJ,GN-->DJ,GN-->DJ,GN-->DJ,GN-->DJ,GN-->DJ,GN-->DJ,,,,,,,,,,,,,,,,,DJ-->GN,DJ-->GN,DJ-->GN,DJ-->GN,DJ-->GN,DJ-->GN,DJ-->GN,DJ-->GN,DJ-->GN,DJ-->GN,DJ-->GN,DJ-->GN,DJ-->GN,DJ-->GN,DJ-->GN,DJ-->GN,DJ-->GN,DJ-->GN,DJ-->GN
GW,GNB,Guinea-Bissau,Bissau,Africa,Western Africa,,GW-->DJ,GW-->DJ,GW-->DJ,GW-->DJ,GW-->DJ,GW-->DJ,GW-->DJ,GW-->DJ,GW-->DJ,GW-->DJ,GW-->DJ,GW-->DJ,GW-->DJ,GW-->DJ,GW-->DJ,GW-->DJ,GW-->DJ,GW-->DJ,GW-->DJ,,,,,,,,,,,,,,,,,DJ-->GW,DJ-->GW,DJ-->GW,DJ-->GW,DJ-->GW,DJ-->GW,DJ-->GW,DJ-->GW,DJ-->GW,DJ-->GW,DJ-->GW,DJ-->GW,DJ-->GW,DJ-->GW,DJ-->GW,DJ-->GW,DJ-->GW,DJ-->GW,DJ-->GW
GY,GUY,Guyana,Georgetown,Americas,South America,,GY-->DJ,GY-->DJ,GY-->DJ,GY-->DJ,GY-->DJ,GY-->DJ,GY-->DJ,GY-->DJ,GY-->DJ,GY-->DJ,GY-->DJ,GY-->DJ,GY-->DJ,GY-->DJ,GY-->DJ,GY-->DJ,GY-->DJ,GY-->DJ,GY-->DJ,,,,,,,,,,,,,,,,,DJ-->GY,DJ-->GY,DJ-->GY,DJ-->GY,DJ-->GY,DJ-->GY,DJ-->GY,DJ-->GY,DJ-->GY,DJ-->GY,DJ-->GY,DJ-->GY,DJ-->GY,DJ-->GY,DJ-->GY,DJ-->GY,DJ-->GY,DJ-->GY,DJ-->GY
HT,HTI,Haiti,Port-au-Prince,Americas,Caribbean,,HT-->DJ,HT-->DJ,HT-->DJ,HT-->DJ,HT-->DJ,HT-->DJ,HT-->DJ,HT-->DJ,HT-->DJ,HT-->DJ,HT-->DJ,HT-->DJ,HT-->DJ,HT-->DJ,HT-->DJ,HT-->DJ,HT-->DJ,HT-->DJ,HT-->DJ,,,,,,,,,,,,,,,,,DJ-->HT,DJ-->HT,DJ-->HT,DJ-->HT,DJ-->HT,DJ-->HT,DJ-->HT,DJ-->HT,DJ-->HT,DJ-->HT,DJ-->HT,DJ-->HT,DJ-->HT,DJ-->HT,DJ-->HT,DJ-->HT,DJ-->HT,DJ-->HT,DJ-->HT
HM,HMD,Heard Island and McDonald Islands,,,,,HM-->DJ,HM-->DJ,HM-->DJ,HM-->DJ,HM-->DJ,HM-->DJ,HM-->DJ,HM-->DJ,HM-->DJ,HM-->DJ,HM-->DJ,HM-->DJ,HM-->DJ,HM-->DJ,HM-->DJ,HM-->DJ,HM-->DJ,HM-->DJ,HM-->DJ,,,,,,,,,,,,,,,,,DJ-->HM,DJ-->HM,DJ-->HM,DJ-->HM,DJ-->HM,DJ-->HM,DJ-->HM,DJ-->HM,DJ-->HM,DJ-->HM,DJ-->HM,DJ-->HM,DJ-->HM,DJ-->HM,DJ-->HM,DJ-->HM,DJ-->HM,DJ-->HM,DJ-->HM
VA,VAT,Holy See,Rome,Europe,Southern Europe,,VA-->DJ,VA-->DJ,VA-->DJ,VA-->DJ,VA-->DJ,VA-->DJ,VA-->DJ,VA-->DJ,VA-->DJ,VA-->DJ,VA-->DJ,VA-->DJ,VA-->DJ,VA-->DJ,VA-->DJ,VA-->DJ,VA-->DJ,VA-->DJ,VA-->DJ,,,,,,,,,,,,,,,,,DJ-->VA,DJ-->VA,DJ-->VA,DJ-->VA,DJ-->VA,DJ-->VA,DJ-->VA,DJ-->VA,DJ-->VA,DJ-->VA,DJ-->VA,DJ-->VA,DJ-->VA,DJ-->VA,DJ-->VA,DJ-->VA,DJ-->VA,DJ-->VA,DJ-->VA
HN,HND,Honduras,Tegucigalpa,Americas,Central America,,HN-->DJ,HN-->DJ,HN-->DJ,HN-->DJ,HN-->DJ,HN-->DJ,HN-->DJ,HN-->DJ,HN-->DJ,HN-->DJ,HN-->DJ,HN-->DJ,HN-->DJ,HN-->DJ,HN-->DJ,HN-->DJ,HN-->DJ,HN-->DJ,HN-->DJ,,,,,,,,,,,,,,,,,DJ-->HN,DJ-->HN,DJ-->HN,DJ-->HN,DJ-->HN,DJ-->HN,DJ-->HN,DJ-->HN,DJ-->HN,DJ-->HN,DJ-->HN,DJ-->HN,DJ-->HN,DJ-->HN,DJ-->HN,DJ-->HN,DJ-->HN,DJ-->HN,DJ-->HN
HK,HKG,Hong Kong,City of Victoria,Asia,Eastern Asia,,HK-->DJ,HK-->DJ,HK-->DJ,HK-->DJ,HK-->DJ,HK-->DJ,HK-->DJ,HK-->DJ,HK-->DJ,HK-->DJ,HK-->DJ,HK-->DJ,HK-->DJ,HK-->DJ,HK-->DJ,HK-->DJ,HK-->DJ,HK-->DJ,HK-->DJ,,,,,,,,,,,,,,,,,DJ-->HK,DJ-->HK,DJ-->HK,DJ-->HK,DJ-->HK,DJ-->HK,DJ-->HK,DJ-->HK,DJ-->HK,DJ-->HK,DJ-->HK,DJ-->HK,DJ-->HK,DJ-->HK,DJ-->HK,DJ-->HK,DJ-->HK,DJ-->HK,DJ-->HK
HU,HUN,Hungary,Budapest,Europe,Eastern Europe,,HU-->DJ,HU-->DJ,HU-->DJ,HU-->DJ,HU-->DJ,HU-->DJ,HU-->DJ,HU-->DJ,HU-->DJ,HU-->DJ,HU-->DJ,HU-->DJ,HU-->DJ,HU-->DJ,HU-->DJ,HU-->DJ,HU-->DJ,HU-->DJ,HU-->DJ,,,,,,,,,,,,,,,,,DJ-->HU,DJ-->HU,DJ-->HU,DJ-->HU,DJ-->HU,DJ-->HU,DJ-->HU,DJ-->HU,DJ-->HU,DJ-->HU,DJ-->HU,DJ-->HU,DJ-->HU,DJ-->HU,DJ-->HU,DJ-->HU,DJ-->HU,DJ-->HU,DJ-->HU
IS,ISL,Iceland,Reykjavík,Europe,Northern Europe,,IS-->DJ,IS-->DJ,IS-->DJ,IS-->DJ,IS-->DJ,IS-->DJ,IS-->DJ,IS-->DJ,IS-->DJ,IS-->DJ,IS-->DJ,IS-->DJ,IS-->DJ,IS-->DJ,IS-->DJ,IS-->DJ,IS-->DJ,IS-->DJ,IS-->DJ,,,,,,,,,,,,,,,,,DJ-->IS,DJ-->IS,DJ-->IS,DJ-->IS,DJ-->IS,DJ-->IS,DJ-->IS,DJ-->IS,DJ-->IS,DJ-->IS,DJ-->IS,DJ-->IS,DJ-->IS,DJ-->IS,DJ-->IS,DJ-->IS,DJ-->IS,DJ-->IS,DJ-->IS
IN,IND,India,New Delhi,Asia,Southern Asia,,IN-->DJ,IN-->DJ,IN-->DJ,IN-->DJ,IN-->DJ,IN-->DJ,IN-->DJ,IN-->DJ,IN-->DJ,IN-->DJ,IN-->DJ,IN-->DJ,IN-->DJ,IN-->DJ,IN-->DJ,IN-->DJ,IN-->DJ,IN-->DJ,IN-->DJ,,,,,,,,,,,,,,,,,DJ-->IN,DJ-->IN,DJ-->IN,DJ-->IN,DJ-->IN,DJ-->IN,DJ-->IN,DJ-->IN,DJ-->IN,DJ-->IN,DJ-->IN,DJ-->IN,DJ-->IN,DJ-->IN,DJ-->IN,DJ-->IN,DJ-->IN,DJ-->IN,DJ-->IN
ID,IDN,Indonesia,Jakarta,Asia,South-Eastern Asia,,ID-->DJ,ID-->DJ,ID-->DJ,ID-->DJ,ID-->DJ,ID-->DJ,ID-->DJ,ID-->DJ,ID-->DJ,ID-->DJ,ID-->DJ,ID-->DJ,ID-->DJ,ID-->DJ,ID-->DJ,ID-->DJ,ID-->DJ,ID-->DJ,ID-->DJ,,,,,,,,,,,,,,,,,DJ-->ID,DJ-->ID,DJ-->ID,DJ-->ID,DJ-->ID,DJ-->ID,DJ-->ID,DJ-->ID,DJ-->ID,DJ-->ID,DJ-->ID,DJ-->ID,DJ-->ID,DJ-->ID,DJ-->ID,DJ-->ID,DJ-->ID,DJ-->ID,DJ-->ID
CI,CIV,Ivory Coast,Yamoussoukro,Africa,Western Africa,,CI-->DJ,CI-->DJ,CI-->DJ,CI-->DJ,CI-->DJ,CI-->DJ,CI-->DJ,CI-->DJ,CI-->DJ,CI-->DJ,CI-->DJ,CI-->DJ,CI-->DJ,CI-->DJ,CI-->DJ,CI-->DJ,CI-->DJ,CI-->DJ,CI-->DJ,,,,,,,,,,,,,,,,,DJ-->CI,DJ-->CI,DJ-->CI,DJ-->CI,DJ-->CI,DJ-->CI,DJ-->CI,DJ-->CI,DJ-->CI,DJ-->CI,DJ-->CI,DJ-->CI,DJ-->CI,DJ-->CI,DJ-->CI,DJ-->CI,DJ-->CI,DJ-->CI,DJ-->CI
IR,IRN,Iran,Tehran,Asia,Southern Asia,,IR-->DJ,IR-->DJ,IR-->DJ,IR-->DJ,IR-->DJ,IR-->DJ,IR-->DJ,IR-->DJ,IR-->DJ,IR-->DJ,IR-->DJ,IR-->DJ,IR-->DJ,IR-->DJ,IR-->DJ,IR-->DJ,IR-->DJ,IR-->DJ,IR-->DJ,,,,,,,,,,,,,,,,,DJ-->IR,DJ-->IR,DJ-->IR,DJ-->IR,DJ-->IR,DJ-->IR,DJ-->IR,DJ-->IR,DJ-->IR,DJ-->IR,DJ-->IR,DJ-->IR,DJ-->IR,DJ-->IR,DJ-->IR,DJ-->IR,DJ-->IR,DJ-->IR,DJ-->IR
IQ,IRQ,Iraq,Baghdad,Asia,Western Asia,,IQ-->DJ,IQ-->DJ,IQ-->DJ,IQ-->DJ,IQ-->DJ,IQ-->DJ,IQ-->DJ,IQ-->DJ,IQ-->DJ,IQ-->DJ,IQ-->DJ,IQ-->DJ,IQ-->DJ,IQ-->DJ,IQ-->DJ,IQ-->DJ,IQ-->DJ,IQ-->DJ,IQ-->DJ,,,,,,,,,,,,,,,,,DJ-->IQ,DJ-->IQ,DJ-->IQ,DJ-->IQ,DJ-->IQ,DJ-->IQ,DJ-->IQ,DJ-->IQ,DJ-->IQ,DJ-->IQ,DJ-->IQ,DJ-->IQ,DJ-->IQ,DJ-->IQ,DJ-->IQ,DJ-->IQ,DJ-->IQ,DJ-->IQ,DJ-->IQ
IE,IRL,Republic of Ireland,Dublin,Europe,Northern Europe,,IE-->DJ,IE-->DJ,IE-->DJ,IE-->DJ,IE-->DJ,IE-->DJ,IE-->DJ,IE-->DJ,IE-->DJ,IE-->DJ,IE-->DJ,IE-->DJ,IE-->DJ,IE-->DJ,IE-->DJ,IE-->DJ,IE-->DJ,IE-->DJ,IE-->DJ,,,,,,,,,,,,,,,,,DJ-->IE,DJ-->IE,DJ-->IE,DJ-->IE,DJ-->IE,DJ-->IE,DJ-->IE,DJ-->IE,DJ-->IE,DJ-->IE,DJ-->IE,DJ-->IE,DJ-->IE,DJ-->IE,DJ-->IE,DJ-->IE,DJ-->IE,DJ-->IE,DJ-->IE
IM,IMN,Isle of Man,Douglas,Europe,Northern Europe,,IM-->DJ,IM-->DJ,IM-->DJ,IM-->DJ,IM-->DJ,IM-->DJ,IM-->DJ,IM-->DJ,IM-->DJ,IM-->DJ,IM-->DJ,IM-->DJ,IM-->DJ,IM-->DJ,IM-->DJ,IM-->DJ,IM-->DJ,IM-->DJ,IM-->DJ,,,,,,,,,,,,,,,,,DJ-->IM,DJ-->IM,DJ-->IM,DJ-->IM,DJ-->IM,DJ-->IM,DJ-->IM,DJ-->IM,DJ-->IM,DJ-->IM,DJ-->IM,DJ-->IM,DJ-->IM,DJ-->IM,DJ-->IM,DJ-->IM,DJ-->IM,DJ-->IM,DJ-->IM
IL,ISR,Israel,Jerusalem,Asia,Western Asia,,IL-->DJ,IL-->DJ,IL-->DJ,IL-->DJ,IL-->DJ,IL-->DJ,IL-->DJ,IL-->DJ,IL-->DJ,IL-->DJ,IL-->DJ,IL-->DJ,IL-->DJ,IL-->DJ,IL-->DJ,IL-->DJ,IL-->DJ,IL-->DJ,IL-->DJ,,,,,,,,,,,,,,,,,DJ-->IL,DJ-->IL,DJ-->IL,DJ-->IL,DJ-->IL,DJ-->IL,DJ-->IL,DJ-->IL,DJ-->IL,DJ-->IL,DJ-->IL,DJ-->IL,DJ-->IL,DJ-->IL,DJ-->IL,DJ-->IL,DJ-->IL,DJ-->IL,DJ-->IL
IT,ITA,Italy,Rome,Europe,Southern Europe,,IT-->DJ,IT-->DJ,IT-->DJ,IT-->DJ,IT-->DJ,IT-->DJ,IT-->DJ,IT-->DJ,IT-->DJ,IT-->DJ,IT-->DJ,IT-->DJ,IT-->DJ,IT-->DJ,IT-->DJ,IT-->DJ,IT-->DJ,IT-->DJ,IT-->DJ,,,,,,,,,,,,,,,,,DJ-->IT,DJ-->IT,DJ-->IT,DJ-->IT,DJ-->IT,DJ-->IT,DJ-->IT,DJ-->IT,DJ-->IT,DJ-->IT,DJ-->IT,DJ-->IT,DJ-->IT,DJ-->IT,DJ-->IT,DJ-->IT,DJ-->IT,DJ-->IT,DJ-->IT
JM,JAM,Jamaica,Kingston,Americas,Caribbean,,JM-->DJ,JM-->DJ,JM-->DJ,JM-->DJ,JM-->DJ,JM-->DJ,JM-->DJ,JM-->DJ,JM-->DJ,JM-->DJ,JM-->DJ,JM-->DJ,JM-->DJ,JM-->DJ,JM-->DJ,JM-->DJ,JM-->DJ,JM-->DJ,JM-->DJ,,,,,,,,,,,,,,,,,DJ-->JM,DJ-->JM,DJ-->JM,DJ-->JM,DJ-->JM,DJ-->JM,DJ-->JM,DJ-->JM,DJ-->JM,DJ-->JM,DJ-->JM,DJ-->JM,DJ-->JM,DJ-->JM,DJ-->JM,DJ-->JM,DJ-->JM,DJ-->JM,DJ-->JM
JP,JPN,Japan,Tokyo,Asia,Eastern Asia,,JP-->DJ,JP-->DJ,JP-->DJ,JP-->DJ,JP-->DJ,JP-->DJ,JP-->DJ,JP-->DJ,JP-->DJ,JP-->DJ,JP-->DJ,JP-->DJ,JP-->DJ,JP-->DJ,JP-->DJ,JP-->DJ,JP-->DJ,JP-->DJ,JP-->DJ,,,,,,,,,,,,,,,,,DJ-->JP,DJ-->JP,DJ-->JP,DJ-->JP,DJ-->JP,DJ-->JP,DJ-->JP,DJ-->JP,DJ-->JP,DJ-->JP,DJ-->JP,DJ-->JP,DJ-->JP,DJ-->JP,DJ-->JP,DJ-->JP,DJ-->JP,DJ-->JP,DJ-->JP
JE,JEY,Jersey,Saint Helier,Europe,Northern Europe,,JE-->DJ,JE-->DJ,JE-->DJ,JE-->DJ,JE-->DJ,JE-->DJ,JE-->DJ,JE-->DJ,JE-->DJ,JE-->DJ,JE-->DJ,JE-->DJ,JE-->DJ,JE-->DJ,JE-->DJ,JE-->DJ,JE-->DJ,JE-->DJ,JE-->DJ,,,,,,,,,,,,,,,,,DJ-->JE,DJ-->JE,DJ-->JE,DJ-->JE,DJ-->JE,DJ-->JE,DJ-->JE,DJ-->JE,DJ-->JE,DJ-->JE,DJ-->JE,DJ-->JE,DJ-->JE,DJ-->JE,DJ-->JE,DJ-->JE,DJ-->JE,DJ-->JE,DJ-->JE
JO,JOR,Jordan,Amman,Asia,Western Asia,,JO-->DJ,JO-->DJ,JO-->DJ,JO-->DJ,JO-->DJ,JO-->DJ,JO-->DJ,JO-->DJ,JO-->DJ,JO-->DJ,JO-->DJ,JO-->DJ,JO-->DJ,JO-->DJ,JO-->DJ,JO-->DJ,JO-->DJ,JO-->DJ,JO-->DJ,,,,,,,,,,,,,,,,,DJ-->JO,DJ-->JO,DJ-->JO,DJ-->JO,DJ-->JO,DJ-->JO,DJ-->JO,DJ-->JO,DJ-->JO,DJ-->JO,DJ-->JO,DJ-->JO,DJ-->JO,DJ-->JO,DJ-->JO,DJ-->JO,DJ-->JO,DJ-->JO,DJ-->JO
KZ,KAZ,Kazakhstan,Astana,Asia,Central Asia,,KZ-->DJ,KZ-->DJ,KZ-->DJ,KZ-->DJ,KZ-->DJ,KZ-->DJ,KZ-->DJ,KZ-->DJ,KZ-->DJ,KZ-->DJ,KZ-->DJ,KZ-->DJ,KZ-->DJ,KZ-->DJ,KZ-->DJ,KZ-->DJ,KZ-->DJ,KZ-->DJ,KZ-->DJ,,,,,,,,,,,,,,,,,DJ-->KZ,DJ-->KZ,DJ-->KZ,DJ-->KZ,DJ-->KZ,DJ-->KZ,DJ-->KZ,DJ-->KZ,DJ-->KZ,DJ-->KZ,DJ-->KZ,DJ-->KZ,DJ-->KZ,DJ-->KZ,DJ-->KZ,DJ-->KZ,DJ-->KZ,DJ-->KZ,DJ-->KZ
KE,KEN,Kenya,Nairobi,Africa,Eastern Africa,,KE-->DJ,KE-->DJ,KE-->DJ,KE-->DJ,KE-->DJ,KE-->DJ,KE-->DJ,KE-->DJ,KE-->DJ,KE-->DJ,KE-->DJ,KE-->DJ,KE-->DJ,KE-->DJ,KE-->DJ,KE-->DJ,KE-->DJ,KE-->DJ,KE-->DJ,,,,,,,,,,,,,,,,,DJ-->KE,DJ-->KE,DJ-->KE,DJ-->KE,DJ-->KE,DJ-->KE,DJ-->KE,DJ-->KE,DJ-->KE,DJ-->KE,DJ-->KE,DJ-->KE,DJ-->KE,DJ-->KE,DJ-->KE,DJ-->KE,DJ-->KE,DJ-->KE,DJ-->KE
KI,KIR,Kiribati,South Tarawa,Oceania,Micronesia,,KI-->DJ,KI-->DJ,KI-->DJ,KI-->DJ,KI-->DJ,KI-->DJ,KI-->DJ,KI-->DJ,KI-->DJ,KI-->DJ,KI-->DJ,KI-->DJ,KI-->DJ,KI-->DJ,KI-->DJ,KI-->DJ,KI-->DJ,KI-->DJ,KI-->DJ,,,,,,,,,,,,,,,,,DJ-->KI,DJ-->KI,DJ-->KI,DJ-->KI,DJ-->KI,DJ-->KI,DJ-->KI,DJ-->KI,DJ-->KI,DJ-->KI,DJ-->KI,DJ-->KI,DJ-->KI,DJ-->KI,DJ-->KI,DJ-->KI,DJ-->KI,DJ-->KI,DJ-->KI
KW,KWT,Kuwait,Kuwait City,Asia,Western Asia,,KW-->DJ,KW-->DJ,KW-->DJ,KW-->DJ,KW-->DJ,KW-->DJ,KW-->DJ,KW-->DJ,KW-->DJ,KW-->DJ,KW-->DJ,KW-->DJ,KW-->DJ,KW-->DJ,KW-->DJ,KW-->DJ,KW-->DJ,KW-->DJ,KW-->DJ,,,,,,,,,,,,,,,,,DJ-->KW,DJ-->KW,DJ-->KW,DJ-->KW,DJ-->KW,DJ-->KW,DJ-->KW,DJ-->KW,DJ-->KW,DJ-->KW,DJ-->KW,DJ-->KW,DJ-->KW,DJ-->KW,DJ-->KW,DJ-->KW,DJ-->KW,DJ-->KW,DJ-->KW
KG,KGZ,Kyrgyzstan,Bishkek,Asia,Central Asia,,KG-->DJ,KG-->DJ,KG-->DJ,KG-->DJ,KG-->DJ,KG-->DJ,KG-->DJ,KG-->DJ,KG-->DJ,KG-->DJ,KG-->DJ,KG-->DJ,KG-->DJ,KG-->DJ,KG-->DJ,KG-->DJ,KG-->DJ,KG-->DJ,KG-->DJ,,,,,,,,,,,,,,,,,DJ-->KG,DJ-->KG,DJ-->KG,DJ-->KG,DJ-->KG,DJ-->KG,DJ-->KG,DJ-->KG,DJ-->KG,DJ-->KG,DJ-->KG,DJ-->KG,DJ-->KG,DJ-->KG,DJ-->KG,DJ-->KG,DJ-->KG,DJ-->KG,DJ-->KG
LA,LAO,Laos,Vientiane,Asia,South-Eastern Asia,,LA-->DJ,LA-->DJ,LA-->DJ,LA-->DJ,LA-->DJ,LA-->DJ,LA-->DJ,LA-->DJ,LA-->DJ,LA-->DJ,LA-->DJ,LA-->DJ,LA-->DJ,LA-->DJ,LA-->DJ,LA-->DJ,LA-->DJ,LA-->DJ,LA-->DJ,,,,,,,,,,,,,,,,,DJ-->LA,DJ-->LA,DJ-->LA,DJ-->LA,DJ-->LA,DJ-->LA,DJ-->LA,DJ-->LA,DJ-->LA,DJ-->LA,DJ-->LA,DJ-->LA,DJ-->LA,DJ-->LA,DJ-->LA,DJ-->LA,DJ-->LA,DJ-->LA,DJ-->LA
LV,LVA,Latvia,Riga,Europe,Northern Europe,,LV-->DJ,LV-->DJ,LV-->DJ,LV-->DJ,LV-->DJ,LV-->DJ,LV-->DJ,LV-->DJ,LV-->DJ,LV-->DJ,LV-->DJ,LV-->DJ,LV-->DJ,LV-->DJ,LV-->DJ,LV-->DJ,LV-->DJ,LV-->DJ,LV-->DJ,,,,,,,,,,,,,,,,,DJ-->LV,DJ-->LV,DJ-->LV,DJ-->LV,DJ-->LV,DJ-->LV,DJ-->LV,DJ-->LV,DJ-->LV,DJ-->LV,DJ-->LV,DJ-->LV,DJ-->LV,DJ-->LV,DJ-->LV,DJ-->LV,DJ-->LV,DJ-->LV,DJ-->LV
LB,LBN,Lebanon,Beirut,Asia,Western Asia,,LB-->DJ,LB-->DJ,LB-->DJ,LB-->DJ,LB-->DJ,LB-->DJ,LB-->DJ,LB-->DJ,LB-->DJ,LB-->DJ,LB-->DJ,LB-->DJ,LB-->DJ,LB-->DJ,LB-->DJ,LB-->DJ,LB-->DJ,LB-->DJ,LB-->DJ,,,,,,,,,,,,,,,,,DJ-->LB,DJ-->LB,DJ-->LB,DJ-->LB,DJ-->LB,DJ-->LB,DJ-->LB,DJ-->LB,DJ-->LB,DJ-->LB,DJ-->LB,DJ-->LB,DJ-->LB,DJ-->LB,DJ-->LB,DJ-->LB,DJ-->LB,DJ-->LB,DJ-->LB
LS,LSO,Lesotho,Maseru,Africa,Southern Africa,,LS-->DJ,LS-->DJ,LS-->DJ,LS-->DJ,LS-->DJ,LS-->DJ,LS-->DJ,LS-->DJ,LS-->DJ,LS-->DJ,LS-->DJ,LS-->DJ,LS-->DJ,LS-->DJ,LS-->DJ,LS-->DJ,LS-->DJ,LS-->DJ,LS-->DJ,,,,,,,,,,,,,,,,,DJ-->LS,DJ-->LS,DJ-->LS,DJ-->LS,DJ-->LS,DJ-->LS,DJ-->LS,DJ-->LS,DJ-->LS,DJ-->LS,DJ-->LS,DJ-->LS,DJ-->LS,DJ-->LS,DJ-->LS,DJ-->LS,DJ-->LS,DJ-->LS,DJ-->LS
LR,LBR,Liberia,Monrovia,Africa,Western Africa,,LR-->DJ,LR-->DJ,LR-->DJ,LR-->DJ,LR-->DJ,LR-->DJ,LR-->DJ,LR-->DJ,LR-->DJ,LR-->DJ,LR-->DJ,LR-->DJ,LR-->DJ,LR-->DJ,LR-->DJ,LR-->DJ,LR-->DJ,LR-->DJ,LR-->DJ,,,,,,,,,,,,,,,,,DJ-->LR,DJ-->LR,DJ-->LR,DJ-->LR,DJ-->LR,DJ-->LR,DJ-->LR,DJ-->LR,DJ-->LR,DJ-->LR,DJ-->LR,DJ-->LR,DJ-->LR,DJ-->LR,DJ-->LR,DJ-->LR,DJ-->LR,DJ-->LR,DJ-->LR
LY,LBY,Libya,Tripoli,Africa,Northern Africa,,LY-->DJ,LY-->DJ,LY-->DJ,LY-->DJ,LY-->DJ,LY-->DJ,LY-->DJ,LY-->DJ,LY-->DJ,LY-->DJ,LY-->DJ,LY-->DJ,LY-->DJ,LY-->DJ,LY-->DJ,LY-->DJ,LY-->DJ,LY-->DJ,LY-->DJ,,,,,,,,,,,,,,,,,DJ-->LY,DJ-->LY,DJ-->LY,DJ-->LY,DJ-->LY,DJ-->LY,DJ-->LY,DJ-->LY,DJ-->LY,DJ-->LY,DJ-->LY,DJ-->LY,DJ-->LY,DJ-->LY,DJ-->LY,DJ-->LY,DJ-->LY,DJ-->LY,DJ-->LY
LI,LIE,Liechtenstein,Vaduz,Europe,Western Europe,,LI-->DJ,LI-->DJ,LI-->DJ,LI-->DJ,LI-->DJ,LI-->DJ,LI-->DJ,LI-->DJ,LI-->DJ,LI-->DJ,LI-->DJ,LI-->DJ,LI-->DJ,LI-->DJ,LI-->DJ,LI-->DJ,LI-->DJ,LI-->DJ,LI-->DJ,,,,,,,,,,,,,,,,,DJ-->LI,DJ-->LI,DJ-->LI,DJ-->LI,DJ-->LI,DJ-->LI,DJ-->LI,DJ-->LI,DJ-->LI,DJ-->LI,DJ-->LI,DJ-->LI,DJ-->LI,DJ-->LI,DJ-->LI,DJ-->LI,DJ-->LI,DJ-->LI,DJ-->LI
LT,LTU,Lithuania,Vilnius,Europe,Northern Europe,,LT-->DJ,LT-->DJ,LT-->DJ,LT-->DJ,LT-->DJ,LT-->DJ,LT-->DJ,LT-->DJ,LT-->DJ,LT-->DJ,LT-->DJ,LT-->DJ,LT-->DJ,LT-->DJ,LT-->DJ,LT-->DJ,LT-->DJ,LT-->DJ,LT-->DJ,,,,,,,,,,,,,,,,,DJ-->LT,DJ-->LT,DJ-->LT,DJ-->LT,DJ-->LT,DJ-->LT,DJ-->LT,DJ-->LT,DJ-->LT,DJ-->LT,DJ-->LT,DJ-->LT,DJ-->LT,DJ-->LT,DJ-->LT,DJ-->LT,DJ-->LT,DJ-->LT,DJ-->LT
LU,LUX,Luxembourg,Luxembourg,Europe,Western Europe,,LU-->DJ,LU-->DJ,LU-->DJ,LU-->DJ,LU-->DJ,LU-->DJ,LU-->DJ,LU-->DJ,LU-->DJ,LU-->DJ,LU-->DJ,LU-->DJ,LU-->DJ,LU-->DJ,LU-->DJ,LU-->DJ,LU-->DJ,LU-->DJ,LU-->DJ,,,,,,,,,,,,,,,,,DJ-->LU,DJ-->LU,DJ-->LU,DJ-->LU,DJ-->LU,DJ-->LU,DJ-->LU,DJ-->LU,DJ-->LU,DJ-->LU,DJ-->LU,DJ-->LU,DJ-->LU,DJ-->LU,DJ-->LU,DJ-->LU,DJ-->LU,DJ-->LU,DJ-->LU
MO,MAC,Macau,,Asia,Eastern Asia,,MO-->DJ,MO-->DJ,MO-->DJ,MO-->DJ,MO-->DJ,MO-->DJ,MO-->DJ,MO-->DJ,MO-->DJ,MO-->DJ,MO-->DJ,MO-->DJ,MO-->DJ,MO-->DJ,MO-->DJ,MO-->DJ,MO-->DJ,MO-->DJ,MO-->DJ,,,,,,,,,,,,,,,,,DJ-->MO,DJ-->MO,DJ-->MO,DJ-->MO,DJ-->MO,DJ-->MO,DJ-->MO,DJ-->MO,DJ-->MO,DJ-->MO,DJ-->MO,DJ-->MO,DJ-->MO,DJ-->MO,DJ-->MO,DJ-->MO,DJ-->MO,DJ-->MO,DJ-->MO
MK,MKD,Republic of Macedonia,Skopje,Europe,Southern Europe,,MK-->DJ,MK-->DJ,MK-->DJ,MK-->DJ,MK-->DJ,MK-->DJ,MK-->DJ,MK-->DJ,MK-->DJ,MK-->DJ,MK-->DJ,MK-->DJ,MK-->DJ,MK-->DJ,MK-->DJ,MK-->DJ,MK-->DJ,MK-->DJ,MK-->DJ,,,,,,,,,,,,,,,,,DJ-->MK,DJ-->MK,DJ-->MK,DJ-->MK,DJ-->MK,DJ-->MK,DJ-->MK,DJ-->MK,DJ-->MK,DJ-->MK,DJ-->MK,DJ-->MK,DJ-->MK,DJ-->MK,DJ-->MK,DJ-->MK,DJ-->MK,DJ-->MK,DJ-->MK
MG,MDG,Madagascar,Antananarivo,Africa,Eastern Africa,,MG-->DJ,MG-->DJ,MG-->DJ,MG-->DJ,MG-->DJ,MG-->DJ,MG-->DJ,MG-->DJ,MG-->DJ,MG-->DJ,MG-->DJ,MG-->DJ,MG-->DJ,MG-->DJ,MG-->DJ,MG-->DJ,MG-->DJ,MG-->DJ,MG-->DJ,,,,,,,,,,,,,,,,,DJ-->MG,DJ-->MG,DJ-->MG,DJ-->MG,DJ-->MG,DJ-->MG,DJ-->MG,DJ-->MG,DJ-->MG,DJ-->MG,DJ-->MG,DJ-->MG,DJ-->MG,DJ-->MG,DJ-->MG,DJ-->MG,DJ-->MG,DJ-->MG,DJ-->MG
MW,MWI,Malawi,Lilongwe,Africa,Eastern Africa,,MW-->DJ,MW-->DJ,MW-->DJ,MW-->DJ,MW-->DJ,MW-->DJ,MW-->DJ,MW-->DJ,MW-->DJ,MW-->DJ,MW-->DJ,MW-->DJ,MW-->DJ,MW-->DJ,MW-->DJ,MW-->DJ,MW-->DJ,MW-->DJ,MW-->DJ,,,,,,,,,,,,,,,,,DJ-->MW,DJ-->MW,DJ-->MW,DJ-->MW,DJ-->MW,DJ-->MW,DJ-->MW,DJ-->MW,DJ-->MW,DJ-->MW,DJ-->MW,DJ-->MW,DJ-->MW,DJ-->MW,DJ-->MW,DJ-->MW,DJ-->MW,DJ-->MW,DJ-->MW
MY,MYS,Malaysia,Kuala Lumpur,Asia,South-Eastern Asia,,MY-->DJ,MY-->DJ,MY-->DJ,MY-->DJ,MY-->DJ,MY-->DJ,MY-->DJ,MY-->DJ,MY-->DJ,MY-->DJ,MY-->DJ,MY-->DJ,MY-->DJ,MY-->DJ,MY-->DJ,MY-->DJ,MY-->DJ,MY-->DJ,MY-->DJ,,,,,,,,,,,,,,,,,DJ-->MY,DJ-->MY,DJ-->MY,DJ-->MY,DJ-->MY,DJ-->MY,DJ-->MY,DJ-->MY,DJ-->MY,DJ-->MY,DJ-->MY,DJ-->MY,DJ-->MY,DJ-->MY,DJ-->MY,DJ-->MY,DJ-->MY,DJ-->MY,DJ-->MY
MV,MDV,Maldives,Malé,Asia,Southern Asia,,MV-->DJ,MV-->DJ,MV-->DJ,MV-->DJ,MV-->DJ,MV-->DJ,MV-->DJ,MV-->DJ,MV-->DJ,MV-->DJ,MV-->DJ,MV-->DJ,MV-->DJ,MV-->DJ,MV-->DJ,MV-->DJ,MV-->DJ,MV-->DJ,MV-->DJ,,,,,,,,,,,,,,,,,DJ-->MV,DJ-->MV,DJ-->MV,DJ-->MV,DJ-->MV,DJ-->MV,DJ-->MV,DJ-->MV,DJ-->MV,DJ-->MV,DJ-->MV,DJ-->MV,DJ-->MV,DJ-->MV,DJ-->MV,DJ-->MV,DJ-->MV,DJ-->MV,DJ-->MV
ML,MLI,Mali,Bamako,Africa,Western Africa,,ML-->DJ,ML-->DJ,ML-->DJ,ML-->DJ,ML-->DJ,ML-->DJ,ML-->DJ,ML-->DJ,ML-->DJ,ML-->DJ,ML-->DJ,ML-->DJ,ML-->DJ,ML-->DJ,ML-->DJ,ML-->DJ,ML-->DJ,ML-->DJ,ML-->DJ,,,,,,,,,,,,,,,,,DJ-->ML,DJ-->ML,DJ-->ML,DJ-->ML,DJ-->ML,DJ-->ML,DJ-->ML,DJ-->ML,DJ-->ML,DJ-->ML,DJ-->ML,DJ-->ML,DJ-->ML,DJ-->ML,DJ-->ML,DJ-->ML,DJ-->ML,DJ-->ML,DJ-->ML
MT,MLT,Malta,Valletta,Europe,Southern Europe,,MT-->DJ,MT-->DJ,MT-->DJ,MT-->DJ,MT-->DJ,MT-->DJ,MT-->DJ,MT-->DJ,MT-->DJ,MT-->DJ,MT-->DJ,MT-->DJ,MT-->DJ,MT-->DJ,MT-->DJ,MT-->DJ,MT-->DJ,MT-->DJ,MT-->DJ,,,,,,,,,,,,,,,,,DJ-->MT,DJ-->MT,DJ-->MT,DJ-->MT,DJ-->MT,DJ-->MT,DJ-->MT,DJ-->MT,DJ-->MT,DJ-->MT,DJ-->MT,DJ-->MT,DJ-->MT,DJ-->MT,DJ-->MT,DJ-->MT,DJ-->MT,DJ-->MT,DJ-->MT
MH,MHL,Marshall Islands,Majuro,Oceania,Micronesia,,MH-->DJ,MH-->DJ,MH-->DJ,MH-->DJ,MH-->DJ,MH-->DJ,MH-->DJ,MH-->DJ,MH-->DJ,MH-->DJ,MH-->DJ,MH-->DJ,MH-->DJ,MH-->DJ,MH-->DJ,MH-->DJ,MH-->DJ,MH-->DJ,MH-->DJ,,,,,,,,,,,,,,,,,DJ-->MH,DJ-->MH,DJ-->MH,DJ-->MH,DJ-->MH,DJ-->MH,DJ-->MH,DJ-->MH,DJ-->MH,DJ-->MH,DJ-->MH,DJ-->MH,DJ-->MH,DJ-->MH,DJ-->MH,DJ-->MH,DJ-->MH,DJ-->MH,DJ-->MH
MQ,MTQ,Martinique,Fort-de-France,Americas,Caribbean,,MQ-->DJ,MQ-->DJ,MQ-->DJ,MQ-->DJ,MQ-->DJ,MQ-->DJ,MQ-->DJ,MQ-->DJ,MQ-->DJ,MQ-->DJ,MQ-->DJ,MQ-->DJ,MQ-->DJ,MQ-->DJ,MQ-->DJ,MQ-->DJ,MQ-->DJ,MQ-->DJ,MQ-->DJ,,,,,,,,,,,,,,,,,DJ-->MQ,DJ-->MQ,DJ-->MQ,DJ-->MQ,DJ-->MQ,DJ-->MQ,DJ-->MQ,DJ-->MQ,DJ-->MQ,DJ-->MQ,DJ-->MQ,DJ-->MQ,DJ-->MQ,DJ-->MQ,DJ-->MQ,DJ-->MQ,DJ-->MQ,DJ-->MQ,DJ-->MQ
MR,MRT,Mauritania,Nouakchott,Africa,Western Africa,,MR-->DJ,MR-->DJ,MR-->DJ,MR-->DJ,MR-->DJ,MR-->DJ,MR-->DJ,MR-->DJ,MR-->DJ,MR-->DJ,MR-->DJ,MR-->DJ,MR-->DJ,MR-->DJ,MR-->DJ,MR-->DJ,MR-->DJ,MR-->DJ,MR-->DJ,0.0,,,,,,,,,,,,,,,,DJ-->MR,DJ-->MR,DJ-->MR,DJ-->MR,DJ-->MR,DJ-->MR,DJ-->MR,DJ-->MR,DJ-->MR,DJ-->MR,DJ-->MR,DJ-->MR,DJ-->MR,DJ-->MR,DJ-->MR,DJ-->MR,DJ-->MR,DJ-->MR,DJ-->MR
MU,MUS,Mauritius,Port Louis,Africa,Eastern Africa,,MU-->DJ,MU-->DJ,MU-->DJ,MU-->DJ,MU-->DJ,MU-->DJ,MU-->DJ,MU-->DJ,MU-->DJ,MU-->DJ,MU-->DJ,MU-->DJ,MU-->DJ,MU-->DJ,MU-->DJ,MU-->DJ,MU-->DJ,MU-->DJ,MU-->DJ,,,,,,,,,,,,,,,,,DJ-->MU,DJ-->MU,DJ-->MU,DJ-->MU,DJ-->MU,DJ-->MU,DJ-->MU,DJ-->MU,DJ-->MU,DJ-->MU,DJ-->MU,DJ-->MU,DJ-->MU,DJ-->MU,DJ-->MU,DJ-->MU,DJ-->MU,DJ-->MU,DJ-->MU
YT,MYT,Mayotte,Mamoudzou,Africa,Eastern Africa,,YT-->DJ,YT-->DJ,YT-->DJ,YT-->DJ,YT-->DJ,YT-->DJ,YT-->DJ,YT-->DJ,YT-->DJ,YT-->DJ,YT-->DJ,YT-->DJ,YT-->DJ,YT-->DJ,YT-->DJ,YT-->DJ,YT-->DJ,YT-->DJ,YT-->DJ,,,,,,,,,,,,,,,,,DJ-->YT,DJ-->YT,DJ-->YT,DJ-->YT,DJ-->YT,DJ-->YT,DJ-->YT,DJ-->YT,DJ-->YT,DJ-->YT,DJ-->YT,DJ-->YT,DJ-->YT,DJ-->YT,DJ-->YT,DJ-->YT,DJ-->YT,DJ-->YT,DJ-->YT
MX,MEX,Mexico,Mexico City,Americas,Central America,,MX-->DJ,MX-->DJ,MX-->DJ,MX-->DJ,MX-->DJ,MX-->DJ,MX-->DJ,MX-->DJ,MX-->DJ,MX-->DJ,MX-->DJ,MX-->DJ,MX-->DJ,MX-->DJ,MX-->DJ,MX-->DJ,MX-->DJ,MX-->DJ,MX-->DJ,,,,,,,,,,,,,,,,,DJ-->MX,DJ-->MX,DJ-->MX,DJ-->MX,DJ-->MX,DJ-->MX,DJ-->MX,DJ-->MX,DJ-->MX,DJ-->MX,DJ-->MX,DJ-->MX,DJ-->MX,DJ-->MX,DJ-->MX,DJ-->MX,DJ-->MX,DJ-->MX,DJ-->MX
FM,FSM,Federated States of Micronesia,Palikir,Oceania,Micronesia,,FM-->DJ,FM-->DJ,FM-->DJ,FM-->DJ,FM-->DJ,FM-->DJ,FM-->DJ,FM-->DJ,FM-->DJ,FM-->DJ,FM-->DJ,FM-->DJ,FM-->DJ,FM-->DJ,FM-->DJ,FM-->DJ,FM-->DJ,FM-->DJ,FM-->DJ,,,,,,,,,,,,,,,,,DJ-->FM,DJ-->FM,DJ-->FM,DJ-->FM,DJ-->FM,DJ-->FM,DJ-->FM,DJ-->FM,DJ-->FM,DJ-->FM,DJ-->FM,DJ-->FM,DJ-->FM,DJ-->FM,DJ-->FM,DJ-->FM,DJ-->FM,DJ-->FM,DJ-->FM
MD,MDA,Moldova,Chișinău,Europe,Eastern Europe,,MD-->DJ,MD-->DJ,MD-->DJ,MD-->DJ,MD-->DJ,MD-->DJ,MD-->DJ,MD-->DJ,MD-->DJ,MD-->DJ,MD-->DJ,MD-->DJ,MD-->DJ,MD-->DJ,MD-->DJ,MD-->DJ,MD-->DJ,MD-->DJ,MD-->DJ,,,,,,,,,,,,,,,,,DJ-->MD,DJ-->MD,DJ-->MD,DJ-->MD,DJ-->MD,DJ-->MD,DJ-->MD,DJ-->MD,DJ-->MD,DJ-->MD,DJ-->MD,DJ-->MD,DJ-->MD,DJ-->MD,DJ-->MD,DJ-->MD,DJ-->MD,DJ-->MD,DJ-->MD
MC,MCO,Monaco,Monaco,Europe,Western Europe,,MC-->DJ,MC-->DJ,MC-->DJ,MC-->DJ,MC-->DJ,MC-->DJ,MC-->DJ,MC-->DJ,MC-->DJ,MC-->DJ,MC-->DJ,MC-->DJ,MC-->DJ,MC-->DJ,MC-->DJ,MC-->DJ,MC-->DJ,MC-->DJ,MC-->DJ,,,,,,,,,,,,,,,,,DJ-->MC,DJ-->MC,DJ-->MC,DJ-->MC,DJ-->MC,DJ-->MC,DJ-->MC,DJ-->MC,DJ-->MC,DJ-->MC,DJ-->MC,DJ-->MC,DJ-->MC,DJ-->MC,DJ-->MC,DJ-->MC,DJ-->MC,DJ-->MC,DJ-->MC
MN,MNG,Mongolia,Ulan Bator,Asia,Eastern Asia,,MN-->DJ,MN-->DJ,MN-->DJ,MN-->DJ,MN-->DJ,MN-->DJ,MN-->DJ,MN-->DJ,MN-->DJ,MN-->DJ,MN-->DJ,MN-->DJ,MN-->DJ,MN-->DJ,MN-->DJ,MN-->DJ,MN-->DJ,MN-->DJ,MN-->DJ,,,,,,,,,,,,,,,,,DJ-->MN,DJ-->MN,DJ-->MN,DJ-->MN,DJ-->MN,DJ-->MN,DJ-->MN,DJ-->MN,DJ-->MN,DJ-->MN,DJ-->MN,DJ-->MN,DJ-->MN,DJ-->MN,DJ-->MN,DJ-->MN,DJ-->MN,DJ-->MN,DJ-->MN
ME,MNE,Montenegro,Podgorica,Europe,Southern Europe,,ME-->DJ,ME-->DJ,ME-->DJ,ME-->DJ,ME-->DJ,ME-->DJ,ME-->DJ,ME-->DJ,ME-->DJ,ME-->DJ,ME-->DJ,ME-->DJ,ME-->DJ,ME-->DJ,ME-->DJ,ME-->DJ,ME-->DJ,ME-->DJ,ME-->DJ,,,,,,,,,,,,,,,,,DJ-->ME,DJ-->ME,DJ-->ME,DJ-->ME,DJ-->ME,DJ-->ME,DJ-->ME,DJ-->ME,DJ-->ME,DJ-->ME,DJ-->ME,DJ-->ME,DJ-->ME,DJ-->ME,DJ-->ME,DJ-->ME,DJ-->ME,DJ-->ME,DJ-->ME
MS,MSR,Montserrat,Plymouth,Americas,Caribbean,,MS-->DJ,MS-->DJ,MS-->DJ,MS-->DJ,MS-->DJ,MS-->DJ,MS-->DJ,MS-->DJ,MS-->DJ,MS-->DJ,MS-->DJ,MS-->DJ,MS-->DJ,MS-->DJ,MS-->DJ,MS-->DJ,MS-->DJ,MS-->DJ,MS-->DJ,,,,,,,,,,,,,,,,,DJ-->MS,DJ-->MS,DJ-->MS,DJ-->MS,DJ-->MS,DJ-->MS,DJ-->MS,DJ-->MS,DJ-->MS,DJ-->MS,DJ-->MS,DJ-->MS,DJ-->MS,DJ-->MS,DJ-->MS,DJ-->MS,DJ-->MS,DJ-->MS,DJ-->MS
MA,MAR,Morocco,Rabat,Africa,Northern Africa,,MA-->DJ,MA-->DJ,MA-->DJ,MA-->DJ,MA-->DJ,MA-->DJ,MA-->DJ,MA-->DJ,MA-->DJ,MA-->DJ,MA-->DJ,MA-->DJ,MA-->DJ,MA-->DJ,MA-->DJ,MA-->DJ,MA-->DJ,MA-->DJ,MA-->DJ,,,,,,,,,,,,,,,,,DJ-->MA,DJ-->MA,DJ-->MA,DJ-->MA,DJ-->MA,DJ-->MA,DJ-->MA,DJ-->MA,DJ-->MA,DJ-->MA,DJ-->MA,DJ-->MA,DJ-->MA,DJ-->MA,DJ-->MA,DJ-->MA,DJ-->MA,DJ-->MA,DJ-->MA
MZ,MOZ,Mozambique,Maputo,Africa,Eastern Africa,,MZ-->DJ,MZ-->DJ,MZ-->DJ,MZ-->DJ,MZ-->DJ,MZ-->DJ,MZ-->DJ,MZ-->DJ,MZ-->DJ,MZ-->DJ,MZ-->DJ,MZ-->DJ,MZ-->DJ,MZ-->DJ,MZ-->DJ,MZ-->DJ,MZ-->DJ,MZ-->DJ,MZ-->DJ,,,,,,,,,,,,,,,,,DJ-->MZ,DJ-->MZ,DJ-->MZ,DJ-->MZ,DJ-->MZ,DJ-->MZ,DJ-->MZ,DJ-->MZ,DJ-->MZ,DJ-->MZ,DJ-->MZ,DJ-->MZ,DJ-->MZ,DJ-->MZ,DJ-->MZ,DJ-->MZ,DJ-->MZ,DJ-->MZ,DJ-->MZ
MM,MMR,Myanmar,Naypyidaw,Asia,South-Eastern Asia,,MM-->DJ,MM-->DJ,MM-->DJ,MM-->DJ,MM-->DJ,MM-->DJ,MM-->DJ,MM-->DJ,MM-->DJ,MM-->DJ,MM-->DJ,MM-->DJ,MM-->DJ,MM-->DJ,MM-->DJ,MM-->DJ,MM-->DJ,MM-->DJ,MM-->DJ,,,,,,,,,,,,,,,,,DJ-->MM,DJ-->MM,DJ-->MM,DJ-->MM,DJ-->MM,DJ-->MM,DJ-->MM,DJ-->MM,DJ-->MM,DJ-->MM,DJ-->MM,DJ-->MM,DJ-->MM,DJ-->MM,DJ-->MM,DJ-->MM,DJ-->MM,DJ-->MM,DJ-->MM
,NAM,Namibia,Windhoek,Africa,Southern Africa,,NA-->DJ,NA-->DJ,NA-->DJ,NA-->DJ,NA-->DJ,NA-->DJ,NA-->DJ,NA-->DJ,NA-->DJ,NA-->DJ,NA-->DJ,NA-->DJ,NA-->DJ,NA-->DJ,NA-->DJ,NA-->DJ,NA-->DJ,NA-->DJ,NA-->DJ,,,,,,,,,,,,,,,,,DJ-->NA,DJ-->NA,DJ-->NA,DJ-->NA,DJ-->NA,DJ-->NA,DJ-->NA,DJ-->NA,DJ-->NA,DJ-->NA,DJ-->NA,DJ-->NA,DJ-->NA,DJ-->NA,DJ-->NA,DJ-->NA,DJ-->NA,DJ-->NA,DJ-->NA
NR,NRU,Nauru,Yaren,Oceania,Micronesia,,NR-->DJ,NR-->DJ,NR-->DJ,NR-->DJ,NR-->DJ,NR-->DJ,NR-->DJ,NR-->DJ,NR-->DJ,NR-->DJ,NR-->DJ,NR-->DJ,NR-->DJ,NR-->DJ,NR-->DJ,NR-->DJ,NR-->DJ,NR-->DJ,NR-->DJ,,,,,,,,,,,,,,,,,DJ-->NR,DJ-->NR,DJ-->NR,DJ-->NR,DJ-->NR,DJ-->NR,DJ-->NR,DJ-->NR,DJ-->NR,DJ-->NR,DJ-->NR,DJ-->NR,DJ-->NR,DJ-->NR,DJ-->NR,DJ-->NR,DJ-->NR,DJ-->NR,DJ-->NR
NP,NPL,Nepal,Kathmandu,Asia,Southern Asia,,NP-->DJ,NP-->DJ,NP-->DJ,NP-->DJ,NP-->DJ,NP-->DJ,NP-->DJ,NP-->DJ,NP-->DJ,NP-->DJ,NP-->DJ,NP-->DJ,NP-->DJ,NP-->DJ,NP-->DJ,NP-->DJ,NP-->DJ,NP-->DJ,NP-->DJ,,,,,,,,,,,,,,,,,DJ-->NP,DJ-->NP,DJ-->NP,DJ-->NP,DJ-->NP,DJ-->NP,DJ-->NP,DJ-->NP,DJ-->NP,DJ-->NP,DJ-->NP,DJ-->NP,DJ-->NP,DJ-->NP,DJ-->NP,DJ-->NP,DJ-->NP,DJ-->NP,DJ-->NP
NL,NLD,Netherlands,Amsterdam,Europe,Western Europe,,NL-->DJ,NL-->DJ,NL-->DJ,NL-->DJ,NL-->DJ,NL-->DJ,NL-->DJ,NL-->DJ,NL-->DJ,NL-->DJ,NL-->DJ,NL-->DJ,NL-->DJ,NL-->DJ,NL-->DJ,NL-->DJ,NL-->DJ,NL-->DJ,NL-->DJ,,,,,,,,,,,,,,,,,DJ-->NL,DJ-->NL,DJ-->NL,DJ-->NL,DJ-->NL,DJ-->NL,DJ-->NL,DJ-->NL,DJ-->NL,DJ-->NL,DJ-->NL,DJ-->NL,DJ-->NL,DJ-->NL,DJ-->NL,DJ-->NL,DJ-->NL,DJ-->NL,DJ-->NL
NC,NCL,New Caledonia,Nouméa,Oceania,Melanesia,,NC-->DJ,NC-->DJ,NC-->DJ,NC-->DJ,NC-->DJ,NC-->DJ,NC-->DJ,NC-->DJ,NC-->DJ,NC-->DJ,NC-->DJ,NC-->DJ,NC-->DJ,NC-->DJ,NC-->DJ,NC-->DJ,NC-->DJ,NC-->DJ,NC-->DJ,,,,,,,,,,,,,,,,,DJ-->NC,DJ-->NC,DJ-->NC,DJ-->NC,DJ-->NC,DJ-->NC,DJ-->NC,DJ-->NC,DJ-->NC,DJ-->NC,DJ-->NC,DJ-->NC,DJ-->NC,DJ-->NC,DJ-->NC,DJ-->NC,DJ-->NC,DJ-->NC,DJ-->NC
NZ,NZL,New Zealand,Wellington,Oceania,Australia and New Zealand,,NZ-->DJ,NZ-->DJ,NZ-->DJ,NZ-->DJ,NZ-->DJ,NZ-->DJ,NZ-->DJ,NZ-->DJ,NZ-->DJ,NZ-->DJ,NZ-->DJ,NZ-->DJ,NZ-->DJ,NZ-->DJ,NZ-->DJ,NZ-->DJ,NZ-->DJ,NZ-->DJ,NZ-->DJ,,,,,,,,,,,,,,,,,DJ-->NZ,DJ-->NZ,DJ-->NZ,DJ-->NZ,DJ-->NZ,DJ-->NZ,DJ-->NZ,DJ-->NZ,DJ-->NZ,DJ-->NZ,DJ-->NZ,DJ-->NZ,DJ-->NZ,DJ-->NZ,DJ-->NZ,DJ-->NZ,DJ-->NZ,DJ-->NZ,DJ-->NZ
NI,NIC,Nicaragua,Managua,Americas,Central America,,NI-->DJ,NI-->DJ,NI-->DJ,NI-->DJ,NI-->DJ,NI-->DJ,NI-->DJ,NI-->DJ,NI-->DJ,NI-->DJ,NI-->DJ,NI-->DJ,NI-->DJ,NI-->DJ,NI-->DJ,NI-->DJ,NI-->DJ,NI-->DJ,NI-->DJ,,,,,,,,,,,,,,,,,DJ-->NI,DJ-->NI,DJ-->NI,DJ-->NI,DJ-->NI,DJ-->NI,DJ-->NI,DJ-->NI,DJ-->NI,DJ-->NI,DJ-->NI,DJ-->NI,DJ-->NI,DJ-->NI,DJ-->NI,DJ-->NI,DJ-->NI,DJ-->NI,DJ-->NI
NE,NER,Niger,Niamey,Africa,Western Africa,,NE-->DJ,NE-->DJ,NE-->DJ,NE-->DJ,NE-->DJ,NE-->DJ,NE-->DJ,NE-->DJ,NE-->DJ,NE-->DJ,NE-->DJ,NE-->DJ,NE-->DJ,NE-->DJ,NE-->DJ,NE-->DJ,NE-->DJ,NE-->DJ,NE-->DJ,,,,,,,,,,,,,,,,,DJ-->NE,DJ-->NE,DJ-->NE,DJ-->NE,DJ-->NE,DJ-->NE,DJ-->NE,DJ-->NE,DJ-->NE,DJ-->NE,DJ-->NE,DJ-->NE,DJ-->NE,DJ-->NE,DJ-->NE,DJ-->NE,DJ-->NE,DJ-->NE,DJ-->NE
NG,NGA,Nigeria,Abuja,Africa,Western Africa,,NG-->DJ,NG-->DJ,NG-->DJ,NG-->DJ,NG-->DJ,NG-->DJ,NG-->DJ,NG-->DJ,NG-->DJ,NG-->DJ,NG-->DJ,NG-->DJ,NG-->DJ,NG-->DJ,NG-->DJ,NG-->DJ,NG-->DJ,NG-->DJ,NG-->DJ,,,,,,,,,,,,,,,,,DJ-->NG,DJ-->NG,DJ-->NG,DJ-->NG,DJ-->NG,DJ-->NG,DJ-->NG,DJ-->NG,DJ-->NG,DJ-->NG,DJ-->NG,DJ-->NG,DJ-->NG,DJ-->NG,DJ-->NG,DJ-->NG,DJ-->NG,DJ-->NG,DJ-->NG
NU,NIU,Niue,Alofi,Oceania,Polynesia,,NU-->DJ,NU-->DJ,NU-->DJ,NU-->DJ,NU-->DJ,NU-->DJ,NU-->DJ,NU-->DJ,NU-->DJ,NU-->DJ,NU-->DJ,NU-->DJ,NU-->DJ,NU-->DJ,NU-->DJ,NU-->DJ,NU-->DJ,NU-->DJ,NU-->DJ,,,,,,,,,,,,,,,,,DJ-->NU,DJ-->NU,DJ-->NU,DJ-->NU,DJ-->NU,DJ-->NU,DJ-->NU,DJ-->NU,DJ-->NU,DJ-->NU,DJ-->NU,DJ-->NU,DJ-->NU,DJ-->NU,DJ-->NU,DJ-->NU,DJ-->NU,DJ-->NU,DJ-->NU
NF,NFK,Norfolk Island,Kingston,Oceania,Australia and New Zealand,,NF-->DJ,NF-->DJ,NF-->DJ,NF-->DJ,NF-->DJ,NF-->DJ,NF-->DJ,NF-->DJ,NF-->DJ,NF-->DJ,NF-->DJ,NF-->DJ,NF-->DJ,NF-->DJ,NF-->DJ,NF-->DJ,NF-->DJ,NF-->DJ,NF-->DJ,,,,,,,,,,,,,,,,,DJ-->NF,DJ-->NF,DJ-->NF,DJ-->NF,DJ-->NF,DJ-->NF,DJ-->NF,DJ-->NF,DJ-->NF,DJ-->NF,DJ-->NF,DJ-->NF,DJ-->NF,DJ-->NF,DJ-->NF,DJ-->NF,DJ-->NF,DJ-->NF,DJ-->NF
KP,PRK,North Korea,Pyongyang,Asia,Eastern Asia,,KP-->DJ,KP-->DJ,KP-->DJ,KP-->DJ,KP-->DJ,KP-->DJ,KP-->DJ,KP-->DJ,KP-->DJ,KP-->DJ,KP-->DJ,KP-->DJ,KP-->DJ,KP-->DJ,KP-->DJ,KP-->DJ,KP-->DJ,KP-->DJ,KP-->DJ,,,,,,,,,,,,,,,,,DJ-->KP,DJ-->KP,DJ-->KP,DJ-->KP,DJ-->KP,DJ-->KP,DJ-->KP,DJ-->KP,DJ-->KP,DJ-->KP,DJ-->KP,DJ-->KP,DJ-->KP,DJ-->KP,DJ-->KP,DJ-->KP,DJ-->KP,DJ-->KP,DJ-->KP
MP,MNP,Northern Mariana Islands,Saipan,Oceania,Micronesia,,MP-->DJ,MP-->DJ,MP-->DJ,MP-->DJ,MP-->DJ,MP-->DJ,MP-->DJ,MP-->DJ,MP-->DJ,MP-->DJ,MP-->DJ,MP-->DJ,MP-->DJ,MP-->DJ,MP-->DJ,MP-->DJ,MP-->DJ,MP-->DJ,MP-->DJ,,,,,,,,,,,,,,,,,DJ-->MP,DJ-->MP,DJ-->MP,DJ-->MP,DJ-->MP,DJ-->MP,DJ-->MP,DJ-->MP,DJ-->MP,DJ-->MP,DJ-->MP,DJ-->MP,DJ-->MP,DJ-->MP,DJ-->MP,DJ-->MP,DJ-->MP,DJ-->MP,DJ-->MP
NO,NOR,Norway,Oslo,Europe,Northern Europe,,NO-->DJ,NO-->DJ,NO-->DJ,NO-->DJ,NO-->DJ,NO-->DJ,NO-->DJ,NO-->DJ,NO-->DJ,NO-->DJ,NO-->DJ,NO-->DJ,NO-->DJ,NO-->DJ,NO-->DJ,NO-->DJ,NO-->DJ,NO-->DJ,NO-->DJ,,,,,,,,,,,,,,,,,DJ-->NO,DJ-->NO,DJ-->NO,DJ-->NO,DJ-->NO,DJ-->NO,DJ-->NO,DJ-->NO,DJ-->NO,DJ-->NO,DJ-->NO,DJ-->NO,DJ-->NO,DJ-->NO,DJ-->NO,DJ-->NO,DJ-->NO,DJ-->NO,DJ-->NO
OM,OMN,Oman,Muscat,Asia,Western Asia,,OM-->DJ,OM-->DJ,OM-->DJ,OM-->DJ,OM-->DJ,OM-->DJ,OM-->DJ,OM-->DJ,OM-->DJ,OM-->DJ,OM-->DJ,OM-->DJ,OM-->DJ,OM-->DJ,OM-->DJ,OM-->DJ,OM-->DJ,OM-->DJ,OM-->DJ,,,,,,,,,,,,,,,,,DJ-->OM,DJ-->OM,DJ-->OM,DJ-->OM,DJ-->OM,DJ-->OM,DJ-->OM,DJ-->OM,DJ-->OM,DJ-->OM,DJ-->OM,DJ-->OM,DJ-->OM,DJ-->OM,DJ-->OM,DJ-->OM,DJ-->OM,DJ-->OM,DJ-->OM
PK,PAK,Pakistan,Islamabad,Asia,Southern Asia,,PK-->DJ,PK-->DJ,PK-->DJ,PK-->DJ,PK-->DJ,PK-->DJ,PK-->DJ,PK-->DJ,PK-->DJ,PK-->DJ,PK-->DJ,PK-->DJ,PK-->DJ,PK-->DJ,PK-->DJ,PK-->DJ,PK-->DJ,PK-->DJ,PK-->DJ,,,,,,,,,,,,,,,,,DJ-->PK,DJ-->PK,DJ-->PK,DJ-->PK,DJ-->PK,DJ-->PK,DJ-->PK,DJ-->PK,DJ-->PK,DJ-->PK,DJ-->PK,DJ-->PK,DJ-->PK,DJ-->PK,DJ-->PK,DJ-->PK,DJ-->PK,DJ-->PK,DJ-->PK
PW,PLW,Palau,Ngerulmud,Oceania,Micronesia,,PW-->DJ,PW-->DJ,PW-->DJ,PW-->DJ,PW-->DJ,PW-->DJ,PW-->DJ,PW-->DJ,PW-->DJ,PW-->DJ,PW-->DJ,PW-->DJ,PW-->DJ,PW-->DJ,PW-->DJ,PW-->DJ,PW-->DJ,PW-->DJ,PW-->DJ,,,,,,,,,,,,,,,,,DJ-->PW,DJ-->PW,DJ-->PW,DJ-->PW,DJ-->PW,DJ-->PW,DJ-->PW,DJ-->PW,DJ-->PW,DJ-->PW,DJ-->PW,DJ-->PW,DJ-->PW,DJ-->PW,DJ-->PW,DJ-->PW,DJ-->PW,DJ-->PW,DJ-->PW
PS,PSE,Palestine,Ramallah,Asia,Western Asia,,PS-->DJ,PS-->DJ,PS-->DJ,PS-->DJ,PS-->DJ,PS-->DJ,PS-->DJ,PS-->DJ,PS-->DJ,PS-->DJ,PS-->DJ,PS-->DJ,PS-->DJ,PS-->DJ,PS-->DJ,PS-->DJ,PS-->DJ,PS-->DJ,PS-->DJ,,,,,,,,,,,,,,,,,DJ-->PS,DJ-->PS,DJ-->PS,DJ-->PS,DJ-->PS,DJ-->PS,DJ-->PS,DJ-->PS,DJ-->PS,DJ-->PS,DJ-->PS,DJ-->PS,DJ-->PS,DJ-->PS,DJ-->PS,DJ-->PS,DJ-->PS,DJ-->PS,DJ-->PS
PA,PAN,Panama,Panama City,Americas,Central America,,PA-->DJ,PA-->DJ,PA-->DJ,PA-->DJ,PA-->DJ,PA-->DJ,PA-->DJ,PA-->DJ,PA-->DJ,PA-->DJ,PA-->DJ,PA-->DJ,PA-->DJ,PA-->DJ,PA-->DJ,PA-->DJ,PA-->DJ,PA-->DJ,PA-->DJ,,,,,,,,,,,,,,,,,DJ-->PA,DJ-->PA,DJ-->PA,DJ-->PA,DJ-->PA,DJ-->PA,DJ-->PA,DJ-->PA,DJ-->PA,DJ-->PA,DJ-->PA,DJ-->PA,DJ-->PA,DJ-->PA,DJ-->PA,DJ-->PA,DJ-->PA,DJ-->PA,DJ-->PA
PG,PNG,Papua New Guinea,Port Moresby,Oceania,Melanesia,,PG-->DJ,PG-->DJ,PG-->DJ,PG-->DJ,PG-->DJ,PG-->DJ,PG-->DJ,PG-->DJ,PG-->DJ,PG-->DJ,PG-->DJ,PG-->DJ,PG-->DJ,PG-->DJ,PG-->DJ,PG-->DJ,PG-->DJ,PG-->DJ,PG-->DJ,,,,,,,,,,,,,,,,,DJ-->PG,DJ-->PG,DJ-->PG,DJ-->PG,DJ-->PG,DJ-->PG,DJ-->PG,DJ-->PG,DJ-->PG,DJ-->PG,DJ-->PG,DJ-->PG,DJ-->PG,DJ-->PG,DJ-->PG,DJ-->PG,DJ-->PG,DJ-->PG,DJ-->PG
PY,PRY,Paraguay,Asunción,Americas,South America,,PY-->DJ,PY-->DJ,PY-->DJ,PY-->DJ,PY-->DJ,PY-->DJ,PY-->DJ,PY-->DJ,PY-->DJ,PY-->DJ,PY-->DJ,PY-->DJ,PY-->DJ,PY-->DJ,PY-->DJ,PY-->DJ,PY-->DJ,PY-->DJ,PY-->DJ,,,,,,,,,,,,,,,,,DJ-->PY,DJ-->PY,DJ-->PY,DJ-->PY,DJ-->PY,DJ-->PY,DJ-->PY,DJ-->PY,DJ-->PY,DJ-->PY,DJ-->PY,DJ-->PY,DJ-->PY,DJ-->PY,DJ-->PY,DJ-->PY,DJ-->PY,DJ-->PY,DJ-->PY
PE,PER,Peru,Lima,Americas,South America,,PE-->DJ,PE-->DJ,PE-->DJ,PE-->DJ,PE-->DJ,PE-->DJ,PE-->DJ,PE-->DJ,PE-->DJ,PE-->DJ,PE-->DJ,PE-->DJ,PE-->DJ,PE-->DJ,PE-->DJ,PE-->DJ,PE-->DJ,PE-->DJ,PE-->DJ,,,,,,,,,,,,,,,,,DJ-->PE,DJ-->PE,DJ-->PE,DJ-->PE,DJ-->PE,DJ-->PE,DJ-->PE,DJ-->PE,DJ-->PE,DJ-->PE,DJ-->PE,DJ-->PE,DJ-->PE,DJ-->PE,DJ-->PE,DJ-->PE,DJ-->PE,DJ-->PE,DJ-->PE
PH,PHL,Philippines,Manila,Asia,South-Eastern Asia,,PH-->DJ,PH-->DJ,PH-->DJ,PH-->DJ,PH-->DJ,PH-->DJ,PH-->DJ,PH-->DJ,PH-->DJ,PH-->DJ,PH-->DJ,PH-->DJ,PH-->DJ,PH-->DJ,PH-->DJ,PH-->DJ,PH-->DJ,PH-->DJ,PH-->DJ,,,,,,,,,,,,,,,,,DJ-->PH,DJ-->PH,DJ-->PH,DJ-->PH,DJ-->PH,DJ-->PH,DJ-->PH,DJ-->PH,DJ-->PH,DJ-->PH,DJ-->PH,DJ-->PH,DJ-->PH,DJ-->PH,DJ-->PH,DJ-->PH,DJ-->PH,DJ-->PH,DJ-->PH
PN,PCN,Pitcairn Islands,Adamstown,Oceania,Polynesia,,PN-->DJ,PN-->DJ,PN-->DJ,PN-->DJ,PN-->DJ,PN-->DJ,PN-->DJ,PN-->DJ,PN-->DJ,PN-->DJ,PN-->DJ,PN-->DJ,PN-->DJ,PN-->DJ,PN-->DJ,PN-->DJ,PN-->DJ,PN-->DJ,PN-->DJ,,,,,,,,,,,,,,,,,DJ-->PN,DJ-->PN,DJ-->PN,DJ-->PN,DJ-->PN,DJ-->PN,DJ-->PN,DJ-->PN,DJ-->PN,DJ-->PN,DJ-->PN,DJ-->PN,DJ-->PN,DJ-->PN,DJ-->PN,DJ-->PN,DJ-->PN,DJ-->PN,DJ-->PN
PL,POL,Poland,Warsaw,Europe,Eastern Europe,,PL-->DJ,PL-->DJ,PL-->DJ,PL-->DJ,PL-->DJ,PL-->DJ,PL-->DJ,PL-->DJ,PL-->DJ,PL-->DJ,PL-->DJ,PL-->DJ,PL-->DJ,PL-->DJ,PL-->DJ,PL-->DJ,PL-->DJ,PL-->DJ,PL-->DJ,,,,,,,,,,,,,,,,,DJ-->PL,DJ-->PL,DJ-->PL,DJ-->PL,DJ-->PL,DJ-->PL,DJ-->PL,DJ-->PL,DJ-->PL,DJ-->PL,DJ-->PL,DJ-->PL,DJ-->PL,DJ-->PL,DJ-->PL,DJ-->PL,DJ-->PL,DJ-->PL,DJ-->PL
PT,PRT,Portugal,Lisbon,Europe,Southern Europe,,PT-->DJ,PT-->DJ,PT-->DJ,PT-->DJ,PT-->DJ,PT-->DJ,PT-->DJ,PT-->DJ,PT-->DJ,PT-->DJ,PT-->DJ,PT-->DJ,PT-->DJ,PT-->DJ,PT-->DJ,PT-->DJ,PT-->DJ,PT-->DJ,PT-->DJ,,,,,,,,,,,,,,,,,DJ-->PT,DJ-->PT,DJ-->PT,DJ-->PT,DJ-->PT,DJ-->PT,DJ-->PT,DJ-->PT,DJ-->PT,DJ-->PT,DJ-->PT,DJ-->PT,DJ-->PT,DJ-->PT,DJ-->PT,DJ-->PT,DJ-->PT,DJ-->PT,DJ-->PT
PR,PRI,Puerto Rico,San Juan,Americas,Caribbean,,PR-->DJ,PR-->DJ,PR-->DJ,PR-->DJ,PR-->DJ,PR-->DJ,PR-->DJ,PR-->DJ,PR-->DJ,PR-->DJ,PR-->DJ,PR-->DJ,PR-->DJ,PR-->DJ,PR-->DJ,PR-->DJ,PR-->DJ,PR-->DJ,PR-->DJ,,,,,,,,,,,,,,,,,DJ-->PR,DJ-->PR,DJ-->PR,DJ-->PR,DJ-->PR,DJ-->PR,DJ-->PR,DJ-->PR,DJ-->PR,DJ-->PR,DJ-->PR,DJ-->PR,DJ-->PR,DJ-->PR,DJ-->PR,DJ-->PR,DJ-->PR,DJ-->PR,DJ-->PR
QA,QAT,Qatar,Doha,Asia,Western Asia,,QA-->DJ,QA-->DJ,QA-->DJ,QA-->DJ,QA-->DJ,QA-->DJ,QA-->DJ,QA-->DJ,QA-->DJ,QA-->DJ,QA-->DJ,QA-->DJ,QA-->DJ,QA-->DJ,QA-->DJ,QA-->DJ,QA-->DJ,QA-->DJ,QA-->DJ,,,,,,,,,,,,,,,,,DJ-->QA,DJ-->QA,DJ-->QA,DJ-->QA,DJ-->QA,DJ-->QA,DJ-->QA,DJ-->QA,DJ-->QA,DJ-->QA,DJ-->QA,DJ-->QA,DJ-->QA,DJ-->QA,DJ-->QA,DJ-->QA,DJ-->QA,DJ-->QA,DJ-->QA
XK,KOS,Republic of Kosovo,Pristina,Europe,Eastern Europe,,XK-->DJ,XK-->DJ,XK-->DJ,XK-->DJ,XK-->DJ,XK-->DJ,XK-->DJ,XK-->DJ,XK-->DJ,XK-->DJ,XK-->DJ,XK-->DJ,XK-->DJ,XK-->DJ,XK-->DJ,XK-->DJ,XK-->DJ,XK-->DJ,XK-->DJ,,,,,,,,,,,,,,,,,DJ-->XK,DJ-->XK,DJ-->XK,DJ-->XK,DJ-->XK,DJ-->XK,DJ-->XK,DJ-->XK,DJ-->XK,DJ-->XK,DJ-->XK,DJ-->XK,DJ-->XK,DJ-->XK,DJ-->XK,DJ-->XK,DJ-->XK,DJ-->XK,DJ-->XK
RE,REU,Réunion,Saint-Denis,Africa,Eastern Africa,,RE-->DJ,RE-->DJ,RE-->DJ,RE-->DJ,RE-->DJ,RE-->DJ,RE-->DJ,RE-->DJ,RE-->DJ,RE-->DJ,RE-->DJ,RE-->DJ,RE-->DJ,RE-->DJ,RE-->DJ,RE-->DJ,RE-->DJ,RE-->DJ,RE-->DJ,,,,,,,,,,,,,,,,,DJ-->RE,DJ-->RE,DJ-->RE,DJ-->RE,DJ-->RE,DJ-->RE,DJ-->RE,DJ-->RE,DJ-->RE,DJ-->RE,DJ-->RE,DJ-->RE,DJ-->RE,DJ-->RE,DJ-->RE,DJ-->RE,DJ-->RE,DJ-->RE,DJ-->RE
RO,ROU,Romania,Bucharest,Europe,Eastern Europe,,RO-->DJ,RO-->DJ,RO-->DJ,RO-->DJ,RO-->DJ,RO-->DJ,RO-->DJ,RO-->DJ,RO-->DJ,RO-->DJ,RO-->DJ,RO-->DJ,RO-->DJ,RO-->DJ,RO-->DJ,RO-->DJ,RO-->DJ,RO-->DJ,RO-->DJ,,,,,,,,,,,,,,,,,DJ-->RO,DJ-->RO,DJ-->RO,DJ-->RO,DJ-->RO,DJ-->RO,DJ-->RO,DJ-->RO,DJ-->RO,DJ-->RO,DJ-->RO,DJ-->RO,DJ-->RO,DJ-->RO,DJ-->RO,DJ-->RO,DJ-->RO,DJ-->RO,DJ-->RO
RU,RUS,Russia,Moscow,Europe,Eastern Europe,,RU-->DJ,RU-->DJ,RU-->DJ,RU-->DJ,RU-->DJ,RU-->DJ,RU-->DJ,RU-->DJ,RU-->DJ,RU-->DJ,RU-->DJ,RU-->DJ,RU-->DJ,RU-->DJ,RU-->DJ,RU-->DJ,RU-->DJ,RU-->DJ,RU-->DJ,,,,,,,,,,,,,,,,,DJ-->RU,DJ-->RU,DJ-->RU,DJ-->RU,DJ-->RU,DJ-->RU,DJ-->RU,DJ-->RU,DJ-->RU,DJ-->RU,DJ-->RU,DJ-->RU,DJ-->RU,DJ-->RU,DJ-->RU,DJ-->RU,DJ-->RU,DJ-->RU,DJ-->RU
RW,RWA,Rwanda,Kigali,Africa,Eastern Africa,,RW-->DJ,RW-->DJ,RW-->DJ,RW-->DJ,RW-->DJ,RW-->DJ,RW-->DJ,RW-->DJ,RW-->DJ,RW-->DJ,RW-->DJ,RW-->DJ,RW-->DJ,RW-->DJ,RW-->DJ,RW-->DJ,RW-->DJ,RW-->DJ,RW-->DJ,,,,,,,,,,,,,,,,,DJ-->RW,DJ-->RW,DJ-->RW,DJ-->RW,DJ-->RW,DJ-->RW,DJ-->RW,DJ-->RW,DJ-->RW,DJ-->RW,DJ-->RW,DJ-->RW,DJ-->RW,DJ-->RW,DJ-->RW,DJ-->RW,DJ-->RW,DJ-->RW,DJ-->RW
BL,BLM,Saint Barthélemy,Gustavia,Americas,Caribbean,,BL-->DJ,BL-->DJ,BL-->DJ,BL-->DJ,BL-->DJ,BL-->DJ,BL-->DJ,BL-->DJ,BL-->DJ,BL-->DJ,BL-->DJ,BL-->DJ,BL-->DJ,BL-->DJ,BL-->DJ,BL-->DJ,BL-->DJ,BL-->DJ,BL-->DJ,,,,,,,,,,,,,,,,,DJ-->BL,DJ-->BL,DJ-->BL,DJ-->BL,DJ-->BL,DJ-->BL,DJ-->BL,DJ-->BL,DJ-->BL,DJ-->BL,DJ-->BL,DJ-->BL,DJ-->BL,DJ-->BL,DJ-->BL,DJ-->BL,DJ-->BL,DJ-->BL,DJ-->BL
SH,SHN,Saint Helena,Jamestown,Africa,Western Africa,,SH-->DJ,SH-->DJ,SH-->DJ,SH-->DJ,SH-->DJ,SH-->DJ,SH-->DJ,SH-->DJ,SH-->DJ,SH-->DJ,SH-->DJ,SH-->DJ,SH-->DJ,SH-->DJ,SH-->DJ,SH-->DJ,SH-->DJ,SH-->DJ,SH-->DJ,,,,,,,,,,,,,,,,,DJ-->SH,DJ-->SH,DJ-->SH,DJ-->SH,DJ-->SH,DJ-->SH,DJ-->SH,DJ-->SH,DJ-->SH,DJ-->SH,DJ-->SH,DJ-->SH,DJ-->SH,DJ-->SH,DJ-->SH,DJ-->SH,DJ-->SH,DJ-->SH,DJ-->SH
KN,KNA,Saint Kitts and Nevis,Basseterre,Americas,Caribbean,,KN-->DJ,KN-->DJ,KN-->DJ,KN-->DJ,KN-->DJ,KN-->DJ,KN-->DJ,KN-->DJ,KN-->DJ,KN-->DJ,KN-->DJ,KN-->DJ,KN-->DJ,KN-->DJ,KN-->DJ,KN-->DJ,KN-->DJ,KN-->DJ,KN-->DJ,,,,,,,,,,,,,,,,,DJ-->KN,DJ-->KN,DJ-->KN,DJ-->KN,DJ-->KN,DJ-->KN,DJ-->KN,DJ-->KN,DJ-->KN,DJ-->KN,DJ-->KN,DJ-->KN,DJ-->KN,DJ-->KN,DJ-->KN,DJ-->KN,DJ-->KN,DJ-->KN,DJ-->KN
LC,LCA,Saint Lucia,Castries,Americas,Caribbean,,LC-->DJ,LC-->DJ,LC-->DJ,LC-->DJ,LC-->DJ,LC-->DJ,LC-->DJ,LC-->DJ,LC-->DJ,LC-->DJ,LC-->DJ,LC-->DJ,LC-->DJ,LC-->DJ,LC-->DJ,LC-->DJ,LC-->DJ,LC-->DJ,LC-->DJ,,,,,,,,,,,,,,,,,DJ-->LC,DJ-->LC,DJ-->LC,DJ-->LC,DJ-->LC,DJ-->LC,DJ-->LC,DJ-->LC,DJ-->LC,DJ-->LC,DJ-->LC,DJ-->LC,DJ-->LC,DJ-->LC,DJ-->LC,DJ-->LC,DJ-->LC,DJ-->LC,DJ-->LC
MF,MAF,Saint Martin,Marigot,Americas,Caribbean,,MF-->DJ,MF-->DJ,MF-->DJ,MF-->DJ,MF-->DJ,MF-->DJ,MF-->DJ,MF-->DJ,MF-->DJ,MF-->DJ,MF-->DJ,MF-->DJ,MF-->DJ,MF-->DJ,MF-->DJ,MF-->DJ,MF-->DJ,MF-->DJ,MF-->DJ,,,,,,,,,,,,,,,,,DJ-->MF,DJ-->MF,DJ-->MF,DJ-->MF,DJ-->MF,DJ-->MF,DJ-->MF,DJ-->MF,DJ-->MF,DJ-->MF,DJ-->MF,DJ-->MF,DJ-->MF,DJ-->MF,DJ-->MF,DJ-->MF,DJ-->MF,DJ-->MF,DJ-->MF
PM,SPM,Saint Pierre and Miquelon,Saint-Pierre,Americas,Northern America,,PM-->DJ,PM-->DJ,PM-->DJ,PM-->DJ,PM-->DJ,PM-->DJ,PM-->DJ,PM-->DJ,PM-->DJ,PM-->DJ,PM-->DJ,PM-->DJ,PM-->DJ,PM-->DJ,PM-->DJ,PM-->DJ,PM-->DJ,PM-->DJ,PM-->DJ,,,,,,,,,,,,,,,,,DJ-->PM,DJ-->PM,DJ-->PM,DJ-->PM,DJ-->PM,DJ-->PM,DJ-->PM,DJ-->PM,DJ-->PM,DJ-->PM,DJ-->PM,DJ-->PM,DJ-->PM,DJ-->PM,DJ-->PM,DJ-->PM,DJ-->PM,DJ-->PM,DJ-->PM
VC,VCT,Saint Vincent and the Grenadines,Kingstown,Americas,Caribbean,,VC-->DJ,VC-->DJ,VC-->DJ,VC-->DJ,VC-->DJ,VC-->DJ,VC-->DJ,VC-->DJ,VC-->DJ,VC-->DJ,VC-->DJ,VC-->DJ,VC-->DJ,VC-->DJ,VC-->DJ,VC-->DJ,VC-->DJ,VC-->DJ,VC-->DJ,,,,,,,,,,,,,,,,,DJ-->VC,DJ-->VC,DJ-->VC,DJ-->VC,DJ-->VC,DJ-->VC,DJ-->VC,DJ-->VC,DJ-->VC,DJ-->VC,DJ-->VC,DJ-->VC,DJ-->VC,DJ-->VC,DJ-->VC,DJ-->VC,DJ-->VC,DJ-->VC,DJ-->VC
WS,WSM,Samoa,Apia,Oceania,Polynesia,,WS-->DJ,WS-->DJ,WS-->DJ,WS-->DJ,WS-->DJ,WS-->DJ,WS-->DJ,WS-->DJ,WS-->DJ,WS-->DJ,WS-->DJ,WS-->DJ,WS-->DJ,WS-->DJ,WS-->DJ,WS-->DJ,WS-->DJ,WS-->DJ,WS-->DJ,,,,,,,,,,,,,,,,,DJ-->WS,DJ-->WS,DJ-->WS,DJ-->WS,DJ-->WS,DJ-->WS,DJ-->WS,DJ-->WS,DJ-->WS,DJ-->WS,DJ-->WS,DJ-->WS,DJ-->WS,DJ-->WS,DJ-->WS,DJ-->WS,DJ-->WS,DJ-->WS,DJ-->WS
SM,SMR,San Marino,City of San Marino,Europe,Southern Europe,,SM-->DJ,SM-->DJ,SM-->DJ,SM-->DJ,SM-->DJ,SM-->DJ,SM-->DJ,SM-->DJ,SM-->DJ,SM-->DJ,SM-->DJ,SM-->DJ,SM-->DJ,SM-->DJ,SM-->DJ,SM-->DJ,SM-->DJ,SM-->DJ,SM-->DJ,,,,,,,,,,,,,,,,,DJ-->SM,DJ-->SM,DJ-->SM,DJ-->SM,DJ-->SM,DJ-->SM,DJ-->SM,DJ-->SM,DJ-->SM,DJ-->SM,DJ-->SM,DJ-->SM,DJ-->SM,DJ-->SM,DJ-->SM,DJ-->SM,DJ-->SM,DJ-->SM,DJ-->SM
ST,STP,São Tomé and Príncipe,São Tomé,Africa,Middle Africa,,ST-->DJ,ST-->DJ,ST-->DJ,ST-->DJ,ST-->DJ,ST-->DJ,ST-->DJ,ST-->DJ,ST-->DJ,ST-->DJ,ST-->DJ,ST-->DJ,ST-->DJ,ST-->DJ,ST-->DJ,ST-->DJ,ST-->DJ,ST-->DJ,ST-->DJ,,,,,,,,,,,,,,,,,DJ-->ST,DJ-->ST,DJ-->ST,DJ-->ST,DJ-->ST,DJ-->ST,DJ-->ST,DJ-->ST,DJ-->ST,DJ-->ST,DJ-->ST,DJ-->ST,DJ-->ST,DJ-->ST,DJ-->ST,DJ-->ST,DJ-->ST,DJ-->ST,DJ-->ST
SA,SAU,Saudi Arabia,Riyadh,Asia,Western Asia,,SA-->DJ,SA-->DJ,SA-->DJ,SA-->DJ,SA-->DJ,SA-->DJ,SA-->DJ,SA-->DJ,SA-->DJ,SA-->DJ,SA-->DJ,SA-->DJ,SA-->DJ,SA-->DJ,SA-->DJ,SA-->DJ,SA-->DJ,SA-->DJ,SA-->DJ,,,,,,,,,,,,,,,,,DJ-->SA,DJ-->SA,DJ-->SA,DJ-->SA,DJ-->SA,DJ-->SA,DJ-->SA,DJ-->SA,DJ-->SA,DJ-->SA,DJ-->SA,DJ-->SA,DJ-->SA,DJ-->SA,DJ-->SA,DJ-->SA,DJ-->SA,DJ-->SA,DJ-->SA
SN,SEN,Senegal,Dakar,Africa,Western Africa,,SN-->DJ,SN-->DJ,SN-->DJ,SN-->DJ,SN-->DJ,SN-->DJ,SN-->DJ,SN-->DJ,SN-->DJ,SN-->DJ,SN-->DJ,SN-->DJ,SN-->DJ,SN-->DJ,SN-->DJ,SN-->DJ,SN-->DJ,SN-->DJ,SN-->DJ,,,,,,,,,,,,,,,,,DJ-->SN,DJ-->SN,DJ-->SN,DJ-->SN,DJ-->SN,DJ-->SN,DJ-->SN,DJ-->SN,DJ-->SN,DJ-->SN,DJ-->SN,DJ-->SN,DJ-->SN,DJ-->SN,DJ-->SN,DJ-->SN,DJ-->SN,DJ-->SN,DJ-->SN
RS,SRB,Serbia,Belgrade,Europe,Southern Europe,,RS-->DJ,RS-->DJ,RS-->DJ,RS-->DJ,RS-->DJ,RS-->DJ,RS-->DJ,RS-->DJ,RS-->DJ,RS-->DJ,RS-->DJ,RS-->DJ,RS-->DJ,RS-->DJ,RS-->DJ,RS-->DJ,RS-->DJ,RS-->DJ,RS-->DJ,,,,,,,,,,,,,,,,,DJ-->RS,DJ-->RS,DJ-->RS,DJ-->RS,DJ-->RS,DJ-->RS,DJ-->RS,DJ-->RS,DJ-->RS,DJ-->RS,DJ-->RS,DJ-->RS,DJ-->RS,DJ-->RS,DJ-->RS,DJ-->RS,DJ-->RS,DJ-->RS,DJ-->RS
SC,SYC,Seychelles,Victoria,Africa,Eastern Africa,,SC-->DJ,SC-->DJ,SC-->DJ,SC-->DJ,SC-->DJ,SC-->DJ,SC-->DJ,SC-->DJ,SC-->DJ,SC-->DJ,SC-->DJ,SC-->DJ,SC-->DJ,SC-->DJ,SC-->DJ,SC-->DJ,SC-->DJ,SC-->DJ,SC-->DJ,,,,,,,,,,,,,,,,,DJ-->SC,DJ-->SC,DJ-->SC,DJ-->SC,DJ-->SC,DJ-->SC,DJ-->SC,DJ-->SC,DJ-->SC,DJ-->SC,DJ-->SC,DJ-->SC,DJ-->SC,DJ-->SC,DJ-->SC,DJ-->SC,DJ-->SC,DJ-->SC,DJ-->SC
SL,SLE,Sierra Leone,Freetown,Africa,Western Africa,,SL-->DJ,SL-->DJ,SL-->DJ,SL-->DJ,SL-->DJ,SL-->DJ,SL-->DJ,SL-->DJ,SL-->DJ,SL-->DJ,SL-->DJ,SL-->DJ,SL-->DJ,SL-->DJ,SL-->DJ,SL-->DJ,SL-->DJ,SL-->DJ,SL-->DJ,,,,,,,,,,,,,,,,,DJ-->SL,DJ-->SL,DJ-->SL,DJ-->SL,DJ-->SL,DJ-->SL,DJ-->SL,DJ-->SL,DJ-->SL,DJ-->SL,DJ-->SL,DJ-->SL,DJ-->SL,DJ-->SL,DJ-->SL,DJ-->SL,DJ-->SL,DJ-->SL,DJ-->SL
SG,SGP,Singapore,Singapore,Asia,South-Eastern Asia,,SG-->DJ,SG-->DJ,SG-->DJ,SG-->DJ,SG-->DJ,SG-->DJ,SG-->DJ,SG-->DJ,SG-->DJ,SG-->DJ,SG-->DJ,SG-->DJ,SG-->DJ,SG-->DJ,SG-->DJ,SG-->DJ,SG-->DJ,SG-->DJ,SG-->DJ,,,,,,,,,,,,,,,,,DJ-->SG,DJ-->SG,DJ-->SG,DJ-->SG,DJ-->SG,DJ-->SG,DJ-->SG,DJ-->SG,DJ-->SG,DJ-->SG,DJ-->SG,DJ-->SG,DJ-->SG,DJ-->SG,DJ-->SG,DJ-->SG,DJ-->SG,DJ-->SG,DJ-->SG
SX,SXM,Sint Maarten,Philipsburg,Americas,Caribbean,,SX-->DJ,SX-->DJ,SX-->DJ,SX-->DJ,SX-->DJ,SX-->DJ,SX-->DJ,SX-->DJ,SX-->DJ,SX-->DJ,SX-->DJ,SX-->DJ,SX-->DJ,SX-->DJ,SX-->DJ,SX-->DJ,SX-->DJ,SX-->DJ,SX-->DJ,,,,,,,,,,,,,,,,,DJ-->SX,DJ-->SX,DJ-->SX,DJ-->SX,DJ-->SX,DJ-->SX,DJ-->SX,DJ-->SX,DJ-->SX,DJ-->SX,DJ-->SX,DJ-->SX,DJ-->SX,DJ-->SX,DJ-->SX,DJ-->SX,DJ-->SX,DJ-->SX,DJ-->SX
SK,SVK,Slovakia,Bratislava,Europe,Eastern Europe,,SK-->DJ,SK-->DJ,SK-->DJ,SK-->DJ,SK-->DJ,SK-->DJ,SK-->DJ,SK-->DJ,SK-->DJ,SK-->DJ,SK-->DJ,SK-->DJ,SK-->DJ,SK-->DJ,SK-->DJ,SK-->DJ,SK-->DJ,SK-->DJ,SK-->DJ,,,,,,,,,,,,,,,,,DJ-->SK,DJ-->SK,DJ-->SK,DJ-->SK,DJ-->SK,DJ-->SK,DJ-->SK,DJ-->SK,DJ-->SK,DJ-->SK,DJ-->SK,DJ-->SK,DJ-->SK,DJ-->SK,DJ-->SK,DJ-->SK,DJ-->SK,DJ-->SK,DJ-->SK
SI,SVN,Slovenia,Ljubljana,Europe,Southern Europe,,SI-->DJ,SI-->DJ,SI-->DJ,SI-->DJ,SI-->DJ,SI-->DJ,SI-->DJ,SI-->DJ,SI-->DJ,SI-->DJ,SI-->DJ,SI-->DJ,SI-->DJ,SI-->DJ,SI-->DJ,SI-->DJ,SI-->DJ,SI-->DJ,SI-->DJ,,,,,,,,,,,,,,,,,DJ-->SI,DJ-->SI,DJ-->SI,DJ-->SI,DJ-->SI,DJ-->SI,DJ-->SI,DJ-->SI,DJ-->SI,DJ-->SI,DJ-->SI,DJ-->SI,DJ-->SI,DJ-->SI,DJ-->SI,DJ-->SI,DJ-->SI,DJ-->SI,DJ-->SI
SB,SLB,Solomon Islands,Honiara,Oceania,Melanesia,,SB-->DJ,SB-->DJ,SB-->DJ,SB-->DJ,SB-->DJ,SB-->DJ,SB-->DJ,SB-->DJ,SB-->DJ,SB-->DJ,SB-->DJ,SB-->DJ,SB-->DJ,SB-->DJ,SB-->DJ,SB-->DJ,SB-->DJ,SB-->DJ,SB-->DJ,,,,,,,,,,,,,,,,,DJ-->SB,DJ-->SB,DJ-->SB,DJ-->SB,DJ-->SB,DJ-->SB,DJ-->SB,DJ-->SB,DJ-->SB,DJ-->SB,DJ-->SB,DJ-->SB,DJ-->SB,DJ-->SB,DJ-->SB,DJ-->SB,DJ-->SB,DJ-->SB,DJ-->SB
SO,SOM,Somalia,Mogadishu,Africa,Eastern Africa,,SO-->DJ,SO-->DJ,SO-->DJ,SO-->DJ,SO-->DJ,SO-->DJ,SO-->DJ,SO-->DJ,SO-->DJ,SO-->DJ,SO-->DJ,SO-->DJ,SO-->DJ,SO-->DJ,SO-->DJ,SO-->DJ,SO-->DJ,SO-->DJ,SO-->DJ,,,,,,,,,,,,,,,,,DJ-->SO,DJ-->SO,DJ-->SO,DJ-->SO,DJ-->SO,DJ-->SO,DJ-->SO,DJ-->SO,DJ-->SO,DJ-->SO,DJ-->SO,DJ-->SO,DJ-->SO,DJ-->SO,DJ-->SO,DJ-->SO,DJ-->SO,DJ-->SO,DJ-->SO
ZA,ZAF,South Africa,Pretoria,Africa,Southern Africa,,ZA-->DJ,ZA-->DJ,ZA-->DJ,ZA-->DJ,ZA-->DJ,ZA-->DJ,ZA-->DJ,ZA-->DJ,ZA-->DJ,ZA-->DJ,ZA-->DJ,ZA-->DJ,ZA-->DJ,ZA-->DJ,ZA-->DJ,ZA-->DJ,ZA-->DJ,ZA-->DJ,ZA-->DJ,,,,,,,,,,,,,,,,,DJ-->ZA,DJ-->ZA,DJ-->ZA,DJ-->ZA,DJ-->ZA,DJ-->ZA,DJ-->ZA,DJ-->ZA,DJ-->ZA,DJ-->ZA,DJ-->ZA,DJ-->ZA,DJ-->ZA,DJ-->ZA,DJ-->ZA,DJ-->ZA,DJ-->ZA,DJ-->ZA,DJ-->ZA
GS,SGS,South Georgia,King Edward Point,Americas,South America,,GS-->DJ,GS-->DJ,GS-->DJ,GS-->DJ,GS-->DJ,GS-->DJ,GS-->DJ,GS-->DJ,GS-->DJ,GS-->DJ,GS-->DJ,GS-->DJ,GS-->DJ,GS-->DJ,GS-->DJ,GS-->DJ,GS-->DJ,GS-->DJ,GS-->DJ,,,,,,,,,,,,,,,,,DJ-->GS,DJ-->GS,DJ-->GS,DJ-->GS,DJ-->GS,DJ-->GS,DJ-->GS,DJ-->GS,DJ-->GS,DJ-->GS,DJ-->GS,DJ-->GS,DJ-->GS,DJ-->GS,DJ-->GS,DJ-->GS,DJ-->GS,DJ-->GS,DJ-->GS
KR,KOR,South Korea,Seoul,Asia,Eastern Asia,,KR-->DJ,KR-->DJ,KR-->DJ,KR-->DJ,KR-->DJ,KR-->DJ,KR-->DJ,KR-->DJ,KR-->DJ,KR-->DJ,KR-->DJ,KR-->DJ,KR-->DJ,KR-->DJ,KR-->DJ,KR-->DJ,KR-->DJ,KR-->DJ,KR-->DJ,,,,,,,,,,,,,,,,,DJ-->KR,DJ-->KR,DJ-->KR,DJ-->KR,DJ-->KR,DJ-->KR,DJ-->KR,DJ-->KR,DJ-->KR,DJ-->KR,DJ-->KR,DJ-->KR,DJ-->KR,DJ-->KR,DJ-->KR,DJ-->KR,DJ-->KR,DJ-->KR,DJ-->KR
SS,SSD,South Sudan,Juba,Africa,Middle Africa,,SS-->DJ,SS-->DJ,SS-->DJ,SS-->DJ,SS-->DJ,SS-->DJ,SS-->DJ,SS-->DJ,SS-->DJ,SS-->DJ,SS-->DJ,SS-->DJ,SS-->DJ,SS-->DJ,SS-->DJ,SS-->DJ,SS-->DJ,SS-->DJ,SS-->DJ,,,,,,,,,,,,,,,,,DJ-->SS,DJ-->SS,DJ-->SS,DJ-->SS,DJ-->SS,DJ-->SS,DJ-->SS,DJ-->SS,DJ-->SS,DJ-->SS,DJ-->SS,DJ-->SS,DJ-->SS,DJ-->SS,DJ-->SS,DJ-->SS,DJ-->SS,DJ-->SS,DJ-->SS
ES,ESP,Spain,Madrid,Europe,Southern Europe,,ES-->DJ,ES-->DJ,ES-->DJ,ES-->DJ,ES-->DJ,ES-->DJ,ES-->DJ,ES-->DJ,ES-->DJ,ES-->DJ,ES-->DJ,ES-->DJ,ES-->DJ,ES-->DJ,ES-->DJ,ES-->DJ,ES-->DJ,ES-->DJ,ES-->DJ,,,,,,,,,,,,,,,,,DJ-->ES,DJ-->ES,DJ-->ES,DJ-->ES,DJ-->ES,DJ-->ES,DJ-->ES,DJ-->ES,DJ-->ES,DJ-->ES,DJ-->ES,DJ-->ES,DJ-->ES,DJ-->ES,DJ-->ES,DJ-->ES,DJ-->ES,DJ-->ES,DJ-->ES
LK,LKA,Sri Lanka,Colombo,Asia,Southern Asia,,LK-->DJ,LK-->DJ,LK-->DJ,LK-->DJ,LK-->DJ,LK-->DJ,LK-->DJ,LK-->DJ,LK-->DJ,LK-->DJ,LK-->DJ,LK-->DJ,LK-->DJ,LK-->DJ,LK-->DJ,LK-->DJ,LK-->DJ,LK-->DJ,LK-->DJ,,,,,,,,,,,,,,,,,DJ-->LK,DJ-->LK,DJ-->LK,DJ-->LK,DJ-->LK,DJ-->LK,DJ-->LK,DJ-->LK,DJ-->LK,DJ-->LK,DJ-->LK,DJ-->LK,DJ-->LK,DJ-->LK,DJ-->LK,DJ-->LK,DJ-->LK,DJ-->LK,DJ-->LK
SD,SDN,Sudan,Khartoum,Africa,Northern Africa,,SD-->DJ,SD-->DJ,SD-->DJ,SD-->DJ,SD-->DJ,SD-->DJ,SD-->DJ,SD-->DJ,SD-->DJ,SD-->DJ,SD-->DJ,SD-->DJ,SD-->DJ,SD-->DJ,SD-->DJ,SD-->DJ,SD-->DJ,SD-->DJ,SD-->DJ,,,,,,,,,,,,,,,,,DJ-->SD,DJ-->SD,DJ-->SD,DJ-->SD,DJ-->SD,DJ-->SD,DJ-->SD,DJ-->SD,DJ-->SD,DJ-->SD,DJ-->SD,DJ-->SD,DJ-->SD,DJ-->SD,DJ-->SD,DJ-->SD,DJ-->SD,DJ-->SD,DJ-->SD
SR,SUR,Suriname,Paramaribo,Americas,South America,,SR-->DJ,SR-->DJ,SR-->DJ,SR-->DJ,SR-->DJ,SR-->DJ,SR-->DJ,SR-->DJ,SR-->DJ,SR-->DJ,SR-->DJ,SR-->DJ,SR-->DJ,SR-->DJ,SR-->DJ,SR-->DJ,SR-->DJ,SR-->DJ,SR-->DJ,,,,,,,,,,,,,,,,,DJ-->SR,DJ-->SR,DJ-->SR,DJ-->SR,DJ-->SR,DJ-->SR,DJ-->SR,DJ-->SR,DJ-->SR,DJ-->SR,DJ-->SR,DJ-->SR,DJ-->SR,DJ-->SR,DJ-->SR,DJ-->SR,DJ-->SR,DJ-->SR,DJ-->SR
SJ,SJM,Svalbard and Jan Mayen,Longyearbyen,Europe,Northern Europe,,SJ-->DJ,SJ-->DJ,SJ-->DJ,SJ-->DJ,SJ-->DJ,SJ-->DJ,SJ-->DJ,SJ-->DJ,SJ-->DJ,SJ-->DJ,SJ-->DJ,SJ-->DJ,SJ-->DJ,SJ-->DJ,SJ-->DJ,SJ-->DJ,SJ-->DJ,SJ-->DJ,SJ-->DJ,,,,,,,,,,,,,,,,,DJ-->SJ,DJ-->SJ,DJ-->SJ,DJ-->SJ,DJ-->SJ,DJ-->SJ,DJ-->SJ,DJ-->SJ,DJ-->SJ,DJ-->SJ,DJ-->SJ,DJ-->SJ,DJ-->SJ,DJ-->SJ,DJ-->SJ,DJ-->SJ,DJ-->SJ,DJ-->SJ,DJ-->SJ
SZ,SWZ,Swaziland,Lobamba,Africa,Southern Africa,,SZ-->DJ,SZ-->DJ,SZ-->DJ,SZ-->DJ,SZ-->DJ,SZ-->DJ,SZ-->DJ,SZ-->DJ,SZ-->DJ,SZ-->DJ,SZ-->DJ,SZ-->DJ,SZ-->DJ,SZ-->DJ,SZ-->DJ,SZ-->DJ,SZ-->DJ,SZ-->DJ,SZ-->DJ,,,,,,,,,,,,,,,,,DJ-->SZ,DJ-->SZ,DJ-->SZ,DJ-->SZ,DJ-->SZ,DJ-->SZ,DJ-->SZ,DJ-->SZ,DJ-->SZ,DJ-->SZ,DJ-->SZ,DJ-->SZ,DJ-->SZ,DJ-->SZ,DJ-->SZ,DJ-->SZ,DJ-->SZ,DJ-->SZ,DJ-->SZ
SE,SWE,Sweden,Stockholm,Europe,Northern Europe,,SE-->DJ,SE-->DJ,SE-->DJ,SE-->DJ,SE-->DJ,SE-->DJ,SE-->DJ,SE-->DJ,SE-->DJ,SE-->DJ,SE-->DJ,SE-->DJ,SE-->DJ,SE-->DJ,SE-->DJ,SE-->DJ,SE-->DJ,SE-->DJ,SE-->DJ,,,,,,,,,,,,,,,,,DJ-->SE,DJ-->SE,DJ-->SE,DJ-->SE,DJ-->SE,DJ-->SE,DJ-->SE,DJ-->SE,DJ-->SE,DJ-->SE,DJ-->SE,DJ-->SE,DJ-->SE,DJ-->SE,DJ-->SE,DJ-->SE,DJ-->SE,DJ-->SE,DJ-->SE
CH,CHE,Switzerland,Bern,Europe,Western Europe,,CH-->DJ,CH-->DJ,CH-->DJ,CH-->DJ,CH-->DJ,CH-->DJ,CH-->DJ,CH-->DJ,CH-->DJ,CH-->DJ,CH-->DJ,CH-->DJ,CH-->DJ,CH-->DJ,CH-->DJ,CH-->DJ,CH-->DJ,CH-->DJ,CH-->DJ,,,,,,,,,,,,,,,,,DJ-->CH,DJ-->CH,DJ-->CH,DJ-->CH,DJ-->CH,DJ-->CH,DJ-->CH,DJ-->CH,DJ-->CH,DJ-->CH,DJ-->CH,DJ-->CH,DJ-->CH,DJ-->CH,DJ-->CH,DJ-->CH,DJ-->CH,DJ-->CH,DJ-->CH
SY,SYR,Syria,Damascus,Asia,Western Asia,,SY-->DJ,SY-->DJ,SY-->DJ,SY-->DJ,SY-->DJ,SY-->DJ,SY-->DJ,SY-->DJ,SY-->DJ,SY-->DJ,SY-->DJ,SY-->DJ,SY-->DJ,SY-->DJ,SY-->DJ,SY-->DJ,SY-->DJ,SY-->DJ,SY-->DJ,,,,,,,,,,,,,,,,,DJ-->SY,DJ-->SY,DJ-->SY,DJ-->SY,DJ-->SY,DJ-->SY,DJ-->SY,DJ-->SY,DJ-->SY,DJ-->SY,DJ-->SY,DJ-->SY,DJ-->SY,DJ-->SY,DJ-->SY,DJ-->SY,DJ-->SY,DJ-->SY,DJ-->SY
TW,TWN,Taiwan,Taipei,Asia,Eastern Asia,,TW-->DJ,TW-->DJ,TW-->DJ,TW-->DJ,TW-->DJ,TW-->DJ,TW-->DJ,TW-->DJ,TW-->DJ,TW-->DJ,TW-->DJ,TW-->DJ,TW-->DJ,TW-->DJ,TW-->DJ,TW-->DJ,TW-->DJ,TW-->DJ,TW-->DJ,,,,,,,,,,,,,,,,,DJ-->TW,DJ-->TW,DJ-->TW,DJ-->TW,DJ-->TW,DJ-->TW,DJ-->TW,DJ-->TW,DJ-->TW,DJ-->TW,DJ-->TW,DJ-->TW,DJ-->TW,DJ-->TW,DJ-->TW,DJ-->TW,DJ-->TW,DJ-->TW,DJ-->TW
TJ,TJK,Tajikistan,Dushanbe,Asia,Central Asia,,TJ-->DJ,TJ-->DJ,TJ-->DJ,TJ-->DJ,TJ-->DJ,TJ-->DJ,TJ-->DJ,TJ-->DJ,TJ-->DJ,TJ-->DJ,TJ-->DJ,TJ-->DJ,TJ-->DJ,TJ-->DJ,TJ-->DJ,TJ-->DJ,TJ-->DJ,TJ-->DJ,TJ-->DJ,,,,,,,,,,,,,,,,,DJ-->TJ,DJ-->TJ,DJ-->TJ,DJ-->TJ,DJ-->TJ,DJ-->TJ,DJ-->TJ,DJ-->TJ,DJ-->TJ,DJ-->TJ,DJ-->TJ,DJ-->TJ,DJ-->TJ,DJ-->TJ,DJ-->TJ,DJ-->TJ,DJ-->TJ,DJ-->TJ,DJ-->TJ
TZ,TZA,Tanzania,Dodoma,Africa,Eastern Africa,,TZ-->DJ,TZ-->DJ,TZ-->DJ,TZ-->DJ,TZ-->DJ,TZ-->DJ,TZ-->DJ,TZ-->DJ,TZ-->DJ,TZ-->DJ,TZ-->DJ,TZ-->DJ,TZ-->DJ,TZ-->DJ,TZ-->DJ,TZ-->DJ,TZ-->DJ,TZ-->DJ,TZ-->DJ,,,,,,,,,,,,,,,,,DJ-->TZ,DJ-->TZ,DJ-->TZ,DJ-->TZ,DJ-->TZ,DJ-->TZ,DJ-->TZ,DJ-->TZ,DJ-->TZ,DJ-->TZ,DJ-->TZ,DJ-->TZ,DJ-->TZ,DJ-->TZ,DJ-->TZ,DJ-->TZ,DJ-->TZ,DJ-->TZ,DJ-->TZ
TH,THA,Thailand,Bangkok,Asia,South-Eastern Asia,,TH-->DJ,TH-->DJ,TH-->DJ,TH-->DJ,TH-->DJ,TH-->DJ,TH-->DJ,TH-->DJ,TH-->DJ,TH-->DJ,TH-->DJ,TH-->DJ,TH-->DJ,TH-->DJ,TH-->DJ,TH-->DJ,TH-->DJ,TH-->DJ,TH-->DJ,,,,,,,,,,,,,,,,,DJ-->TH,DJ-->TH,DJ-->TH,DJ-->TH,DJ-->TH,DJ-->TH,DJ-->TH,DJ-->TH,DJ-->TH,DJ-->TH,DJ-->TH,DJ-->TH,DJ-->TH,DJ-->TH,DJ-->TH,DJ-->TH,DJ-->TH,DJ-->TH,DJ-->TH
TL,TLS,East Timor,Dili,Asia,South-Eastern Asia,,TL-->DJ,TL-->DJ,TL-->DJ,TL-->DJ,TL-->DJ,TL-->DJ,TL-->DJ,TL-->DJ,TL-->DJ,TL-->DJ,TL-->DJ,TL-->DJ,TL-->DJ,TL-->DJ,TL-->DJ,TL-->DJ,TL-->DJ,TL-->DJ,TL-->DJ,,,,,,,,,,,,,,,,,DJ-->TL,DJ-->TL,DJ-->TL,DJ-->TL,DJ-->TL,DJ-->TL,DJ-->TL,DJ-->TL,DJ-->TL,DJ-->TL,DJ-->TL,DJ-->TL,DJ-->TL,DJ-->TL,DJ-->TL,DJ-->TL,DJ-->TL,DJ-->TL,DJ-->TL
TG,TGO,Togo,Lomé,Africa,Western Africa,,TG-->DJ,TG-->DJ,TG-->DJ,TG-->DJ,TG-->DJ,TG-->DJ,TG-->DJ,TG-->DJ,TG-->DJ,TG-->DJ,TG-->DJ,TG-->DJ,TG-->DJ,TG-->DJ,TG-->DJ,TG-->DJ,TG-->DJ,TG-->DJ,TG-->DJ,,,,,,,,,,,,,,,,,DJ-->TG,DJ-->TG,DJ-->TG,DJ-->TG,DJ-->TG,DJ-->TG,DJ-->TG,DJ-->TG,DJ-->TG,DJ-->TG,DJ-->TG,DJ-->TG,DJ-->TG,DJ-->TG,DJ-->TG,DJ-->TG,DJ-->TG,DJ-->TG,DJ-->TG
TK,TKL,Tokelau,Fakaofo,Oceania,Polynesia,,TK-->DJ,TK-->DJ,TK-->DJ,TK-->DJ,TK-->DJ,TK-->DJ,TK-->DJ,TK-->DJ,TK-->DJ,TK-->DJ,TK-->DJ,TK-->DJ,TK-->DJ,TK-->DJ,TK-->DJ,TK-->DJ,TK-->DJ,TK-->DJ,TK-->DJ,,,,,,,,,,,,,,,,,DJ-->TK,DJ-->TK,DJ-->TK,DJ-->TK,DJ-->TK,DJ-->TK,DJ-->TK,DJ-->TK,DJ-->TK,DJ-->TK,DJ-->TK,DJ-->TK,DJ-->TK,DJ-->TK,DJ-->TK,DJ-->TK,DJ-->TK,DJ-->TK,DJ-->TK
TO,TON,Tonga,Nuku'alofa,Oceania,Polynesia,,TO-->DJ,TO-->DJ,TO-->DJ,TO-->DJ,TO-->DJ,TO-->DJ,TO-->DJ,TO-->DJ,TO-->DJ,TO-->DJ,TO-->DJ,TO-->DJ,TO-->DJ,TO-->DJ,TO-->DJ,TO-->DJ,TO-->DJ,TO-->DJ,TO-->DJ,,,,,,,,,,,,,,,,,DJ-->TO,DJ-->TO,DJ-->TO,DJ-->TO,DJ-->TO,DJ-->TO,DJ-->TO,DJ-->TO,DJ-->TO,DJ-->TO,DJ-->TO,DJ-->TO,DJ-->TO,DJ-->TO,DJ-->TO,DJ-->TO,DJ-->TO,DJ-->TO,DJ-->TO
TT,TTO,Trinidad and Tobago,Port of Spain,Americas,Caribbean,,TT-->DJ,TT-->DJ,TT-->DJ,TT-->DJ,TT-->DJ,TT-->DJ,TT-->DJ,TT-->DJ,TT-->DJ,TT-->DJ,TT-->DJ,TT-->DJ,TT-->DJ,TT-->DJ,TT-->DJ,TT-->DJ,TT-->DJ,TT-->DJ,TT-->DJ,,,,,,,,,,,,,,,,,DJ-->TT,DJ-->TT,DJ-->TT,DJ-->TT,DJ-->TT,DJ-->TT,DJ-->TT,DJ-->TT,DJ-->TT,DJ-->TT,DJ-->TT,DJ-->TT,DJ-->TT,DJ-->TT,DJ-->TT,DJ-->TT,DJ-->TT,DJ-->TT,DJ-->TT
TN,TUN,Tunisia,Tunis,Africa,Northern Africa,,TN-->DJ,TN-->DJ,TN-->DJ,TN-->DJ,TN-->DJ,TN-->DJ,TN-->DJ,TN-->DJ,TN-->DJ,TN-->DJ,TN-->DJ,TN-->DJ,TN-->DJ,TN-->DJ,TN-->DJ,TN-->DJ,TN-->DJ,TN-->DJ,TN-->DJ,,,,,,,,,,,,,,,,,DJ-->TN,DJ-->TN,DJ-->TN,DJ-->TN,DJ-->TN,DJ-->TN,DJ-->TN,DJ-->TN,DJ-->TN,DJ-->TN,DJ-->TN,DJ-->TN,DJ-->TN,DJ-->TN,DJ-->TN,DJ-->TN,DJ-->TN,DJ-->TN,DJ-->TN
TR,TUR,Turkey,Ankara,Asia,Western Asia,,TR-->DJ,TR-->DJ,TR-->DJ,TR-->DJ,TR-->DJ,TR-->DJ,TR-->DJ,TR-->DJ,TR-->DJ,TR-->DJ,TR-->DJ,TR-->DJ,TR-->DJ,TR-->DJ,TR-->DJ,TR-->DJ,TR-->DJ,TR-->DJ,TR-->DJ,,,,,,,,,,,,,,,,,DJ-->TR,DJ-->TR,DJ-->TR,DJ-->TR,DJ-->TR,DJ-->TR,DJ-->TR,DJ-->TR,DJ-->TR,DJ-->TR,DJ-->TR,DJ-->TR,DJ-->TR,DJ-->TR,DJ-->TR,DJ-->TR,DJ-->TR,DJ-->TR,DJ-->TR
TM,TKM,Turkmenistan,Ashgabat,Asia,Central Asia,,TM-->DJ,TM-->DJ,TM-->DJ,TM-->DJ,TM-->DJ,TM-->DJ,TM-->DJ,TM-->DJ,TM-->DJ,TM-->DJ,TM-->DJ,TM-->DJ,TM-->DJ,TM-->DJ,TM-->DJ,TM-->DJ,TM-->DJ,TM-->DJ,TM-->DJ,,,,,,,,,,,,,,,,,DJ-->TM,DJ-->TM,DJ-->TM,DJ-->TM,DJ-->TM,DJ-->TM,DJ-->TM,DJ-->TM,DJ-->TM,DJ-->TM,DJ-->TM,DJ-->TM,DJ-->TM,DJ-->TM,DJ-->TM,DJ-->TM,DJ-->TM,DJ-->TM,DJ-->TM
TC,TCA,Turks and Caicos Islands,Cockburn Town,Americas,Caribbean,,TC-->DJ,TC-->DJ,TC-->DJ,TC-->DJ,TC-->DJ,TC-->DJ,TC-->DJ,TC-->DJ,TC-->DJ,TC-->DJ,TC-->DJ,TC-->DJ,TC-->DJ,TC-->DJ,TC-->DJ,TC-->DJ,TC-->DJ,TC-->DJ,TC-->DJ,,,,,,,,,,,,,,,,,DJ-->TC,DJ-->TC,DJ-->TC,DJ-->TC,DJ-->TC,DJ-->TC,DJ-->TC,DJ-->TC,DJ-->TC,DJ-->TC,DJ-->TC,DJ-->TC,DJ-->TC,DJ-->TC,DJ-->TC,DJ-->TC,DJ-->TC,DJ-->TC,DJ-->TC
TV,TUV,Tuvalu,Funafuti,Oceania,Polynesia,,TV-->DJ,TV-->DJ,TV-->DJ,TV-->DJ,TV-->DJ,TV-->DJ,TV-->DJ,TV-->DJ,TV-->DJ,TV-->DJ,TV-->DJ,TV-->DJ,TV-->DJ,TV-->DJ,TV-->DJ,TV-->DJ,TV-->DJ,TV-->DJ,TV-->DJ,,,,,,,,,,,,,,,,,DJ-->TV,DJ-->TV,DJ-->TV,DJ-->TV,DJ-->TV,DJ-->TV,DJ-->TV,DJ-->TV,DJ-->TV,DJ-->TV,DJ-->TV,DJ-->TV,DJ-->TV,DJ-->TV,DJ-->TV,DJ-->TV,DJ-->TV,DJ-->TV,DJ-->TV
UG,UGA,Uganda,Kampala,Africa,Eastern Africa,,UG-->DJ,UG-->DJ,UG-->DJ,UG-->DJ,UG-->DJ,UG-->DJ,UG-->DJ,UG-->DJ,UG-->DJ,UG-->DJ,UG-->DJ,UG-->DJ,UG-->DJ,UG-->DJ,UG-->DJ,UG-->DJ,UG-->DJ,UG-->DJ,UG-->DJ,,,,,,,,,,,,,,,,,DJ-->UG,DJ-->UG,DJ-->UG,DJ-->UG,DJ-->UG,DJ-->UG,DJ-->UG,DJ-->UG,DJ-->UG,DJ-->UG,DJ-->UG,DJ-->UG,DJ-->UG,DJ-->UG,DJ-->UG,DJ-->UG,DJ-->UG,DJ-->UG,DJ-->UG
UA,UKR,Ukraine,Kiev,Europe,Eastern Europe,,UA-->DJ,UA-->DJ,UA-->DJ,UA-->DJ,UA-->DJ,UA-->DJ,UA-->DJ,UA-->DJ,UA-->DJ,UA-->DJ,UA-->DJ,UA-->DJ,UA-->DJ,UA-->DJ,UA-->DJ,UA-->DJ,UA-->DJ,UA-->DJ,UA-->DJ,,,,,,,,,,,,,,,,,DJ-->UA,DJ-->UA,DJ-->UA,DJ-->UA,DJ-->UA,DJ-->UA,DJ-->UA,DJ-->UA,DJ-->UA,DJ-->UA,DJ-->UA,DJ-->UA,DJ-->UA,DJ-->UA,DJ-->UA,DJ-->UA,DJ-->UA,DJ-->UA,DJ-->UA
AE,ARE,United Arab Emirates,Abu Dhabi,Asia,Western Asia,,AE-->DJ,AE-->DJ,AE-->DJ,AE-->DJ,AE-->DJ,AE-->DJ,AE-->DJ,AE-->DJ,AE-->DJ,AE-->DJ,AE-->DJ,AE-->DJ,AE-->DJ,AE-->DJ,AE-->DJ,AE-->DJ,AE-->DJ,AE-->DJ,AE-->DJ,,,,,,,,,,,,,,,,,DJ-->AE,DJ-->AE,DJ-->AE,DJ-->AE,DJ-->AE,DJ-->AE,DJ-->AE,DJ-->AE,DJ-->AE,DJ-->AE,DJ-->AE,DJ-->AE,DJ-->AE,DJ-->AE,DJ-->AE,DJ-->AE,DJ-->AE,DJ-->AE,DJ-->AE
GB,GBR,United Kingdom,London,Europe,Northern Europe,,GB-->DJ,GB-->DJ,GB-->DJ,GB-->DJ,GB-->DJ,GB-->DJ,GB-->DJ,GB-->DJ,GB-->DJ,GB-->DJ,GB-->DJ,GB-->DJ,GB-->DJ,GB-->DJ,GB-->DJ,GB-->DJ,GB-->DJ,GB-->DJ,GB-->DJ,,,,,,,,,,,,,,,,,DJ-->GB,DJ-->GB,DJ-->GB,DJ-->GB,DJ-->GB,DJ-->GB,DJ-->GB,DJ-->GB,DJ-->GB,DJ-->GB,DJ-->GB,DJ-->GB,DJ-->GB,DJ-->GB,DJ-->GB,DJ-->GB,DJ-->GB,DJ-->GB,DJ-->GB
US,USA,United States,"Washington, D.C.",Americas,Northern America,,US-->DJ,US-->DJ,US-->DJ,US-->DJ,US-->DJ,US-->DJ,US-->DJ,US-->DJ,US-->DJ,US-->DJ,US-->DJ,US-->DJ,US-->DJ,US-->DJ,US-->DJ,US-->DJ,US-->DJ,US-->DJ,US-->DJ,,,,,,,,,,,,,,,,,DJ-->US,DJ-->US,DJ-->US,DJ-->US,DJ-->US,DJ-->US,DJ-->US,DJ-->US,DJ-->US,DJ-->US,DJ-->US,DJ-->US,DJ-->US,DJ-->US,DJ-->US,DJ-->US,DJ-->US,DJ-->US,DJ-->US
UY,URY,Uruguay,Montevideo,Americas,South America,,UY-->DJ,UY-->DJ,UY-->DJ,UY-->DJ,UY-->DJ,UY-->DJ,UY-->DJ,UY-->DJ,UY-->DJ,UY-->DJ,UY-->DJ,UY-->DJ,UY-->DJ,UY-->DJ,UY-->DJ,UY-->DJ,UY-->DJ,UY-->DJ,UY-->DJ,,,,,,,,,,,,,,,,,DJ-->UY,DJ-->UY,DJ-->UY,DJ-->UY,DJ-->UY,DJ-->UY,DJ-->UY,DJ-->UY,DJ-->UY,DJ-->UY,DJ-->UY,DJ-->UY,DJ-->UY,DJ-->UY,DJ-->UY,DJ-->UY,DJ-->UY,DJ-->UY,DJ-->UY
UZ,UZB,Uzbekistan,Tashkent,Asia,Central Asia,,UZ-->DJ,UZ-->DJ,UZ-->DJ,UZ-->DJ,UZ-->DJ,UZ-->DJ,UZ-->DJ,UZ-->DJ,UZ-->DJ,UZ-->DJ,UZ-->DJ,UZ-->DJ,UZ-->DJ,UZ-->DJ,UZ-->DJ,UZ-->DJ,UZ-->DJ,UZ-->DJ,UZ-->DJ,,,,,,,,,,,,,,,,,DJ-->UZ,DJ-->UZ,DJ-->UZ,DJ-->UZ,DJ-->UZ,DJ-->UZ,DJ-->UZ,DJ-->UZ,DJ-->UZ,DJ-->UZ,DJ-->UZ,DJ-->UZ,DJ-->UZ,DJ-->UZ,DJ-->UZ,DJ-->UZ,DJ-->UZ,DJ-->UZ,DJ-->UZ
VU,VUT,Vanuatu,Port Vila,Oceania,Melanesia,,VU-->DJ,VU-->DJ,VU-->DJ,VU-->DJ,VU-->DJ,VU-->DJ,VU-->DJ,VU-->DJ,VU-->DJ,VU-->DJ,VU-->DJ,VU-->DJ,VU-->DJ,VU-->DJ,VU-->DJ,VU-->DJ,VU-->DJ,VU-->DJ,VU-->DJ,,,,,,,,,,,,,,,,,DJ-->VU,DJ-->VU,DJ-->VU,DJ-->VU,DJ-->VU,DJ-->VU,DJ-->VU,DJ-->VU,DJ-->VU,DJ-->VU,DJ-->VU,DJ-->VU,DJ-->VU,DJ-->VU,DJ-->VU,DJ-->VU,DJ-->VU,DJ-->VU,DJ-->VU
VE,VEN,Venezuela,Caracas,Americas,South America,,VE-->DJ,VE-->DJ,VE-->DJ,VE-->DJ,VE-->DJ,VE-->DJ,VE-->DJ,VE-->DJ,VE-->DJ,VE-->DJ,VE-->DJ,VE-->DJ,VE-->DJ,VE-->DJ,VE-->DJ,VE-->DJ,VE-->DJ,VE-->DJ,VE-->DJ,,,,,,,,,,,,,,,,,DJ-->VE,DJ-->VE,DJ-->VE,DJ-->VE,DJ-->VE,DJ-->VE,DJ-->VE,DJ-->VE,DJ-->VE,DJ-->VE,DJ-->VE,DJ-->VE,DJ-->VE,DJ-->VE,DJ-->VE,DJ-->VE,DJ-->VE,DJ-->VE,DJ-->VE
VN,VNM,Vietnam,Hanoi,Asia,South-Eastern Asia,,VN-->DJ,VN-->DJ,VN-->DJ,VN-->DJ,VN-->DJ,VN-->DJ,VN-->DJ,VN-->DJ,VN-->DJ,VN-->DJ,VN-->DJ,VN-->DJ,VN-->DJ,VN-->DJ,VN-->DJ,VN-->DJ,VN-->DJ,VN-->DJ,VN-->DJ,,,,,,,,,,,,,,,,,DJ-->VN,DJ-->VN,DJ-->VN,DJ-->VN,DJ-->VN,DJ-->VN,DJ-->VN,DJ-->VN,DJ-->VN,DJ-->VN,DJ-->VN,DJ-->VN,DJ-->VN,DJ-->VN,DJ-->VN,DJ-->VN,DJ-->VN,DJ-->VN,DJ-->VN
WF,WLF,Wallis and Futuna,Mata-Utu,Oceania,Polynesia,,WF-->DJ,WF-->DJ,WF-->DJ,WF-->DJ,WF-->DJ,WF-->DJ,WF-->DJ,WF-->DJ,WF-->DJ,WF-->DJ,WF-->DJ,WF-->DJ,WF-->DJ,WF-->DJ,WF-->DJ,WF-->DJ,WF-->DJ,WF-->DJ,WF-->DJ,,,,,,,,,,,,,,,,,DJ-->WF,DJ-->WF,DJ-->WF,DJ-->WF,DJ-->WF,DJ-->WF,DJ-->WF,DJ-->WF,DJ-->WF,DJ-->WF,DJ-->WF,DJ-->WF,DJ-->WF,DJ-->WF,DJ-->WF,DJ-->WF,DJ-->WF,DJ-->WF,DJ-->WF
EH,ESH,Western Sahara,El Aaiún,Africa,Northern Africa,,EH-->DJ,EH-->DJ,EH-->DJ,EH-->DJ,EH-->DJ,EH-->DJ,EH-->DJ,EH-->DJ,EH-->DJ,EH-->DJ,EH-->DJ,EH-->DJ,EH-->DJ,EH-->DJ,EH-->DJ,EH-->DJ,EH-->DJ,EH-->DJ,EH-->DJ,,,,,,,,,,,,,,,,,DJ-->EH,DJ-->EH,DJ-->EH,DJ-->EH,DJ-->EH,DJ-->EH,DJ-->EH,DJ-->EH,DJ-->EH,DJ-->EH,DJ-->EH,DJ-->EH,DJ-->EH,DJ-->EH,DJ-->EH,DJ-->EH,DJ-->EH,DJ-->EH,DJ-->EH
YE,YEM,Yemen,Sana'a,Asia,Western Asia,,YE-->DJ,YE-->DJ,YE-->DJ,YE-->DJ,YE-->DJ,YE-->DJ,YE-->DJ,YE-->DJ,YE-->DJ,YE-->DJ,YE-->DJ,YE-->DJ,YE-->DJ,YE-->DJ,YE-->DJ,YE-->DJ,YE-->DJ,YE-->DJ,YE-->DJ,,,,,,,,,,,,,,,,,DJ-->YE,DJ-->YE,DJ-->YE,DJ-->YE,DJ-->YE,DJ-->YE,DJ-->YE,DJ-->YE,DJ-->YE,DJ-->YE,DJ-->YE,DJ-->YE,DJ-->YE,DJ-->YE,DJ-->YE,DJ-->YE,DJ-->YE,DJ-->YE,DJ-->YE
ZM,ZMB,Zambia,Lusaka,Africa,Eastern Africa,,ZM-->DJ,ZM-->DJ,ZM-->DJ,ZM-->DJ,ZM-->DJ,ZM-->DJ,ZM-->DJ,ZM-->DJ,ZM-->DJ,ZM-->DJ,ZM-->DJ,ZM-->DJ,ZM-->DJ,ZM-->DJ,ZM-->DJ,ZM-->DJ,ZM-->DJ,ZM-->DJ,ZM-->DJ,,,,,,,,,,,,,,,,,DJ-->ZM,DJ-->ZM,DJ-->ZM,DJ-->ZM,DJ-->ZM,DJ-->ZM,DJ-->ZM,DJ-->ZM,DJ-->ZM,DJ-->ZM,DJ-->ZM,DJ-->ZM,DJ-->ZM,DJ-->ZM,DJ-->ZM,DJ-->ZM,DJ-->ZM,DJ-->ZM,DJ-->ZM
ZW,ZWE,Zimbabwe,Harare,Africa,Eastern Africa,,ZW-->DJ,ZW-->DJ,ZW-->DJ,ZW-->DJ,ZW-->DJ,ZW-->DJ,ZW-->DJ,ZW-->DJ,ZW-->DJ,ZW-->DJ,ZW-->DJ,ZW-->DJ,ZW-->DJ,ZW-->DJ,ZW-->DJ,ZW-->DJ,ZW-->DJ,ZW-->DJ,ZW-->DJ,,,,,,,,,,,,,,,,,DJ-->ZW,DJ-->ZW,DJ-->ZW,DJ-->ZW,DJ-->ZW,DJ-->ZW,DJ-->ZW,DJ-->ZW,DJ-->ZW,DJ-->ZW,DJ-->ZW,DJ-->ZW,DJ-->ZW,DJ-->ZW,DJ-->ZW,DJ-->ZW,DJ-->ZW,DJ-->ZW,DJ-->ZW
