nu,code,name,capital,region,subregion,Unnamed: 6,quara/into/where/e,quara/into/where/v,quara/into/where/uv,quara/into/min/e,quara/into/min/v,quara/into/min/uv,quara/into/max/e,quara/into/max/v,quara/into/max/uv,quara/into/comment,test/into/pcr/e,test/into/pcr/v,test/into/pcr/uv,test/into/ag/e,test/into/ag/v,test/into/ag/uv,test/into/comment,visa/into,visa/into/comment,loadStates/into,Unnamed: 27,Unnamed: 28,Unnamed: 29,Unnamed: 30,Unnamed: 31,Unnamed: 32,Unnamed: 33,Unnamed: 34,Unnamed: 35,Unnamed: 36,Unnamed: 37,Unnamed: 38,Unnamed: 39,Unnamed: 40,Unnamed: 41,quara/out/where/e,quara/out/where/v,quara/out/where/uv,quara/out/min/e,quara/out/min/v,quara/out/min/uv,quara/out/max/e,quara/out/max/v,quara/out/max/uv,quara/out/comment,test/out/pcr/e,test/out/pcr/v,test/out/pcr/uv,test/out/ag/e,test/out/ag/v,test/out/ag/uv,test/out/comment,visa/out,visa/out/comment
AF,AFG,Afghanistan,Kabul,Asia,Southern Asia,,AF-->FI,AF-->FI,AF-->FI,AF-->FI,AF-->FI,AF-->FI,AF-->FI,AF-->FI,AF-->FI,AF-->FI,AF-->FI,AF-->FI,AF-->FI,AF-->FI,AF-->FI,AF-->FI,AF-->FI,AF-->FI,AF-->FI,,,,,,,,,,,,,,,,,FI-->AF,FI-->AF,FI-->AF,FI-->AF,FI-->AF,FI-->AF,FI-->AF,FI-->AF,FI-->AF,FI-->AF,FI-->AF,FI-->AF,FI-->AF,FI-->AF,FI-->AF,FI-->AF,FI-->AF,FI-->AF,FI-->AF
AX,ALA,Åland Islands,Mariehamn,Europe,Northern Europe,,AX-->FI,AX-->FI,AX-->FI,AX-->FI,AX-->FI,AX-->FI,AX-->FI,AX-->FI,AX-->FI,AX-->FI,AX-->FI,AX-->FI,AX-->FI,AX-->FI,AX-->FI,AX-->FI,AX-->FI,AX-->FI,AX-->FI,,,,,,,,,,,,,,,,,FI-->AX,FI-->AX,FI-->AX,FI-->AX,FI-->AX,FI-->AX,FI-->AX,FI-->AX,FI-->AX,FI-->AX,FI-->AX,FI-->AX,FI-->AX,FI-->AX,FI-->AX,FI-->AX,FI-->AX,FI-->AX,FI-->AX
AL,ALB,Albania,Tirana,Europe,Southern Europe,,AL-->FI,AL-->FI,AL-->FI,AL-->FI,AL-->FI,AL-->FI,AL-->FI,AL-->FI,AL-->FI,AL-->FI,AL-->FI,AL-->FI,AL-->FI,AL-->FI,AL-->FI,AL-->FI,AL-->FI,AL-->FI,AL-->FI,,,,,,,,,,,,,,,,,FI-->AL,FI-->AL,FI-->AL,FI-->AL,FI-->AL,FI-->AL,FI-->AL,FI-->AL,FI-->AL,FI-->AL,FI-->AL,FI-->AL,FI-->AL,FI-->AL,FI-->AL,FI-->AL,FI-->AL,FI-->AL,FI-->AL
DZ,DZA,Algeria,Algiers,Africa,Northern Africa,,DZ-->FI,DZ-->FI,DZ-->FI,DZ-->FI,DZ-->FI,DZ-->FI,DZ-->FI,DZ-->FI,DZ-->FI,DZ-->FI,DZ-->FI,DZ-->FI,DZ-->FI,DZ-->FI,DZ-->FI,DZ-->FI,DZ-->FI,DZ-->FI,DZ-->FI,,,,,,,,,,,,,,,,,FI-->DZ,FI-->DZ,FI-->DZ,FI-->DZ,FI-->DZ,FI-->DZ,FI-->DZ,FI-->DZ,FI-->DZ,FI-->DZ,FI-->DZ,FI-->DZ,FI-->DZ,FI-->DZ,FI-->DZ,FI-->DZ,FI-->DZ,FI-->DZ,FI-->DZ
AS,ASM,American Samoa,Pago Pago,Oceania,Polynesia,,AS-->FI,AS-->FI,AS-->FI,AS-->FI,AS-->FI,AS-->FI,AS-->FI,AS-->FI,AS-->FI,AS-->FI,AS-->FI,AS-->FI,AS-->FI,AS-->FI,AS-->FI,AS-->FI,AS-->FI,AS-->FI,AS-->FI,,,,,,,,,,,,,,,,,FI-->AS,FI-->AS,FI-->AS,FI-->AS,FI-->AS,FI-->AS,FI-->AS,FI-->AS,FI-->AS,FI-->AS,FI-->AS,FI-->AS,FI-->AS,FI-->AS,FI-->AS,FI-->AS,FI-->AS,FI-->AS,FI-->AS
AD,AND,Andorra,Andorra la Vella,Europe,Southern Europe,,AD-->FI,AD-->FI,AD-->FI,AD-->FI,AD-->FI,AD-->FI,AD-->FI,AD-->FI,AD-->FI,AD-->FI,AD-->FI,AD-->FI,AD-->FI,AD-->FI,AD-->FI,AD-->FI,AD-->FI,AD-->FI,AD-->FI,,,,,,,,,,,,,,,,,FI-->AD,FI-->AD,FI-->AD,FI-->AD,FI-->AD,FI-->AD,FI-->AD,FI-->AD,FI-->AD,FI-->AD,FI-->AD,FI-->AD,FI-->AD,FI-->AD,FI-->AD,FI-->AD,FI-->AD,FI-->AD,FI-->AD
AO,AGO,Angola,Luanda,Africa,Middle Africa,,AO-->FI,AO-->FI,AO-->FI,AO-->FI,AO-->FI,AO-->FI,AO-->FI,AO-->FI,AO-->FI,AO-->FI,AO-->FI,AO-->FI,AO-->FI,AO-->FI,AO-->FI,AO-->FI,AO-->FI,AO-->FI,AO-->FI,,,,,,,,,,,,,,,,,FI-->AO,FI-->AO,FI-->AO,FI-->AO,FI-->AO,FI-->AO,FI-->AO,FI-->AO,FI-->AO,FI-->AO,FI-->AO,FI-->AO,FI-->AO,FI-->AO,FI-->AO,FI-->AO,FI-->AO,FI-->AO,FI-->AO
AI,AIA,Anguilla,The Valley,Americas,Caribbean,,AI-->FI,AI-->FI,AI-->FI,AI-->FI,AI-->FI,AI-->FI,AI-->FI,AI-->FI,AI-->FI,AI-->FI,AI-->FI,AI-->FI,AI-->FI,AI-->FI,AI-->FI,AI-->FI,AI-->FI,AI-->FI,AI-->FI,,,,,,,,,,,,,,,,,FI-->AI,FI-->AI,FI-->AI,FI-->AI,FI-->AI,FI-->AI,FI-->AI,FI-->AI,FI-->AI,FI-->AI,FI-->AI,FI-->AI,FI-->AI,FI-->AI,FI-->AI,FI-->AI,FI-->AI,FI-->AI,FI-->AI
AQ,ATA,Antarctica,,Polar,,,AQ-->FI,AQ-->FI,AQ-->FI,AQ-->FI,AQ-->FI,AQ-->FI,AQ-->FI,AQ-->FI,AQ-->FI,AQ-->FI,AQ-->FI,AQ-->FI,AQ-->FI,AQ-->FI,AQ-->FI,AQ-->FI,AQ-->FI,AQ-->FI,AQ-->FI,,,,,,,,,,,,,,,,,FI-->AQ,FI-->AQ,FI-->AQ,FI-->AQ,FI-->AQ,FI-->AQ,FI-->AQ,FI-->AQ,FI-->AQ,FI-->AQ,FI-->AQ,FI-->AQ,FI-->AQ,FI-->AQ,FI-->AQ,FI-->AQ,FI-->AQ,FI-->AQ,FI-->AQ
AG,ATG,Antigua and Barbuda,Saint John's,Americas,Caribbean,,AG-->FI,AG-->FI,AG-->FI,AG-->FI,AG-->FI,AG-->FI,AG-->FI,AG-->FI,AG-->FI,AG-->FI,AG-->FI,AG-->FI,AG-->FI,AG-->FI,AG-->FI,AG-->FI,AG-->FI,AG-->FI,AG-->FI,,,,,,,,,,,,,,,,,FI-->AG,FI-->AG,FI-->AG,FI-->AG,FI-->AG,FI-->AG,FI-->AG,FI-->AG,FI-->AG,FI-->AG,FI-->AG,FI-->AG,FI-->AG,FI-->AG,FI-->AG,FI-->AG,FI-->AG,FI-->AG,FI-->AG
AR,ARG,Argentina,Buenos Aires,Americas,South America,,AR-->FI,AR-->FI,AR-->FI,AR-->FI,AR-->FI,AR-->FI,AR-->FI,AR-->FI,AR-->FI,AR-->FI,AR-->FI,AR-->FI,AR-->FI,AR-->FI,AR-->FI,AR-->FI,AR-->FI,AR-->FI,AR-->FI,,,,,,,,,,,,,,,,,FI-->AR,FI-->AR,FI-->AR,FI-->AR,FI-->AR,FI-->AR,FI-->AR,FI-->AR,FI-->AR,FI-->AR,FI-->AR,FI-->AR,FI-->AR,FI-->AR,FI-->AR,FI-->AR,FI-->AR,FI-->AR,FI-->AR
AM,ARM,Armenia,Yerevan,Asia,Western Asia,,AM-->FI,AM-->FI,AM-->FI,AM-->FI,AM-->FI,AM-->FI,AM-->FI,AM-->FI,AM-->FI,AM-->FI,AM-->FI,AM-->FI,AM-->FI,AM-->FI,AM-->FI,AM-->FI,AM-->FI,AM-->FI,AM-->FI,,,,,,,,,,,,,,,,,FI-->AM,FI-->AM,FI-->AM,FI-->AM,FI-->AM,FI-->AM,FI-->AM,FI-->AM,FI-->AM,FI-->AM,FI-->AM,FI-->AM,FI-->AM,FI-->AM,FI-->AM,FI-->AM,FI-->AM,FI-->AM,FI-->AM
AW,ABW,Aruba,Oranjestad,Americas,Caribbean,,AW-->FI,AW-->FI,AW-->FI,AW-->FI,AW-->FI,AW-->FI,AW-->FI,AW-->FI,AW-->FI,AW-->FI,AW-->FI,AW-->FI,AW-->FI,AW-->FI,AW-->FI,AW-->FI,AW-->FI,AW-->FI,AW-->FI,,,,,,,,,,,,,,,,,FI-->AW,FI-->AW,FI-->AW,FI-->AW,FI-->AW,FI-->AW,FI-->AW,FI-->AW,FI-->AW,FI-->AW,FI-->AW,FI-->AW,FI-->AW,FI-->AW,FI-->AW,FI-->AW,FI-->AW,FI-->AW,FI-->AW
AU,AUS,Australia,Canberra,Oceania,Australia and New Zealand,,AU-->FI,AU-->FI,AU-->FI,AU-->FI,AU-->FI,AU-->FI,AU-->FI,AU-->FI,AU-->FI,AU-->FI,AU-->FI,AU-->FI,AU-->FI,AU-->FI,AU-->FI,AU-->FI,AU-->FI,AU-->FI,AU-->FI,,,,,,,,,,,,,,,,,FI-->AU,FI-->AU,FI-->AU,FI-->AU,FI-->AU,FI-->AU,FI-->AU,FI-->AU,FI-->AU,FI-->AU,FI-->AU,FI-->AU,FI-->AU,FI-->AU,FI-->AU,FI-->AU,FI-->AU,FI-->AU,FI-->AU
AT,AUT,Austria,Vienna,Europe,Western Europe,,AT-->FI,AT-->FI,AT-->FI,AT-->FI,AT-->FI,AT-->FI,AT-->FI,AT-->FI,AT-->FI,AT-->FI,AT-->FI,AT-->FI,AT-->FI,AT-->FI,AT-->FI,AT-->FI,AT-->FI,AT-->FI,AT-->FI,,,,,,,,,,,,,,,,,FI-->AT,FI-->AT,FI-->AT,FI-->AT,FI-->AT,FI-->AT,FI-->AT,FI-->AT,FI-->AT,FI-->AT,FI-->AT,FI-->AT,FI-->AT,FI-->AT,FI-->AT,FI-->AT,FI-->AT,FI-->AT,FI-->AT
AZ,AZE,Azerbaijan,Baku,Asia,Western Asia,,AZ-->FI,AZ-->FI,AZ-->FI,AZ-->FI,AZ-->FI,AZ-->FI,AZ-->FI,AZ-->FI,AZ-->FI,AZ-->FI,AZ-->FI,AZ-->FI,AZ-->FI,AZ-->FI,AZ-->FI,AZ-->FI,AZ-->FI,AZ-->FI,AZ-->FI,,,,,,,,,,,,,,,,,FI-->AZ,FI-->AZ,FI-->AZ,FI-->AZ,FI-->AZ,FI-->AZ,FI-->AZ,FI-->AZ,FI-->AZ,FI-->AZ,FI-->AZ,FI-->AZ,FI-->AZ,FI-->AZ,FI-->AZ,FI-->AZ,FI-->AZ,FI-->AZ,FI-->AZ
BS,BHS,The Bahamas,Nassau,Americas,Caribbean,,BS-->FI,BS-->FI,BS-->FI,BS-->FI,BS-->FI,BS-->FI,BS-->FI,BS-->FI,BS-->FI,BS-->FI,BS-->FI,BS-->FI,BS-->FI,BS-->FI,BS-->FI,BS-->FI,BS-->FI,BS-->FI,BS-->FI,,,,,,,,,,,,,,,,,FI-->BS,FI-->BS,FI-->BS,FI-->BS,FI-->BS,FI-->BS,FI-->BS,FI-->BS,FI-->BS,FI-->BS,FI-->BS,FI-->BS,FI-->BS,FI-->BS,FI-->BS,FI-->BS,FI-->BS,FI-->BS,FI-->BS
BH,BHR,Bahrain,Manama,Asia,Western Asia,,BH-->FI,BH-->FI,BH-->FI,BH-->FI,BH-->FI,BH-->FI,BH-->FI,BH-->FI,BH-->FI,BH-->FI,BH-->FI,BH-->FI,BH-->FI,BH-->FI,BH-->FI,BH-->FI,BH-->FI,BH-->FI,BH-->FI,,,,,,,,,,,,,,,,,FI-->BH,FI-->BH,FI-->BH,FI-->BH,FI-->BH,FI-->BH,FI-->BH,FI-->BH,FI-->BH,FI-->BH,FI-->BH,FI-->BH,FI-->BH,FI-->BH,FI-->BH,FI-->BH,FI-->BH,FI-->BH,FI-->BH
BD,BGD,Bangladesh,Dhaka,Asia,Southern Asia,,BD-->FI,BD-->FI,BD-->FI,BD-->FI,BD-->FI,BD-->FI,BD-->FI,BD-->FI,BD-->FI,BD-->FI,BD-->FI,BD-->FI,BD-->FI,BD-->FI,BD-->FI,BD-->FI,BD-->FI,BD-->FI,BD-->FI,,,,,,,,,,,,,,,,,FI-->BD,FI-->BD,FI-->BD,FI-->BD,FI-->BD,FI-->BD,FI-->BD,FI-->BD,FI-->BD,FI-->BD,FI-->BD,FI-->BD,FI-->BD,FI-->BD,FI-->BD,FI-->BD,FI-->BD,FI-->BD,FI-->BD
BB,BRB,Barbados,Bridgetown,Americas,Caribbean,,BB-->FI,BB-->FI,BB-->FI,BB-->FI,BB-->FI,BB-->FI,BB-->FI,BB-->FI,BB-->FI,BB-->FI,BB-->FI,BB-->FI,BB-->FI,BB-->FI,BB-->FI,BB-->FI,BB-->FI,BB-->FI,BB-->FI,,,,,,,,,,,,,,,,,FI-->BB,FI-->BB,FI-->BB,FI-->BB,FI-->BB,FI-->BB,FI-->BB,FI-->BB,FI-->BB,FI-->BB,FI-->BB,FI-->BB,FI-->BB,FI-->BB,FI-->BB,FI-->BB,FI-->BB,FI-->BB,FI-->BB
BY,BLR,Belarus,Minsk,Europe,Eastern Europe,,BY-->FI,BY-->FI,BY-->FI,BY-->FI,BY-->FI,BY-->FI,BY-->FI,BY-->FI,BY-->FI,BY-->FI,BY-->FI,BY-->FI,BY-->FI,BY-->FI,BY-->FI,BY-->FI,BY-->FI,BY-->FI,BY-->FI,,,,,,,,,,,,,,,,,FI-->BY,FI-->BY,FI-->BY,FI-->BY,FI-->BY,FI-->BY,FI-->BY,FI-->BY,FI-->BY,FI-->BY,FI-->BY,FI-->BY,FI-->BY,FI-->BY,FI-->BY,FI-->BY,FI-->BY,FI-->BY,FI-->BY
BE,BEL,Belgium,Brussels,Europe,Western Europe,,BE-->FI,BE-->FI,BE-->FI,BE-->FI,BE-->FI,BE-->FI,BE-->FI,BE-->FI,BE-->FI,BE-->FI,BE-->FI,BE-->FI,BE-->FI,BE-->FI,BE-->FI,BE-->FI,BE-->FI,BE-->FI,BE-->FI,,,,,,,,,,,,,,,,,FI-->BE,FI-->BE,FI-->BE,FI-->BE,FI-->BE,FI-->BE,FI-->BE,FI-->BE,FI-->BE,FI-->BE,FI-->BE,FI-->BE,FI-->BE,FI-->BE,FI-->BE,FI-->BE,FI-->BE,FI-->BE,FI-->BE
BZ,BLZ,Belize,Belmopan,Americas,Central America,,BZ-->FI,BZ-->FI,BZ-->FI,BZ-->FI,BZ-->FI,BZ-->FI,BZ-->FI,BZ-->FI,BZ-->FI,BZ-->FI,BZ-->FI,BZ-->FI,BZ-->FI,BZ-->FI,BZ-->FI,BZ-->FI,BZ-->FI,BZ-->FI,BZ-->FI,,,,,,,,,,,,,,,,,FI-->BZ,FI-->BZ,FI-->BZ,FI-->BZ,FI-->BZ,FI-->BZ,FI-->BZ,FI-->BZ,FI-->BZ,FI-->BZ,FI-->BZ,FI-->BZ,FI-->BZ,FI-->BZ,FI-->BZ,FI-->BZ,FI-->BZ,FI-->BZ,FI-->BZ
BJ,BEN,Benin,Porto-Novo,Africa,Western Africa,,BJ-->FI,BJ-->FI,BJ-->FI,BJ-->FI,BJ-->FI,BJ-->FI,BJ-->FI,BJ-->FI,BJ-->FI,BJ-->FI,BJ-->FI,BJ-->FI,BJ-->FI,BJ-->FI,BJ-->FI,BJ-->FI,BJ-->FI,BJ-->FI,BJ-->FI,,,,,,,,,,,,,,,,,FI-->BJ,FI-->BJ,FI-->BJ,FI-->BJ,FI-->BJ,FI-->BJ,FI-->BJ,FI-->BJ,FI-->BJ,FI-->BJ,FI-->BJ,FI-->BJ,FI-->BJ,FI-->BJ,FI-->BJ,FI-->BJ,FI-->BJ,FI-->BJ,FI-->BJ
BM,BMU,Bermuda,Hamilton,Americas,Northern America,,BM-->FI,BM-->FI,BM-->FI,BM-->FI,BM-->FI,BM-->FI,BM-->FI,BM-->FI,BM-->FI,BM-->FI,BM-->FI,BM-->FI,BM-->FI,BM-->FI,BM-->FI,BM-->FI,BM-->FI,BM-->FI,BM-->FI,,,,,,,,,,,,,,,,,FI-->BM,FI-->BM,FI-->BM,FI-->BM,FI-->BM,FI-->BM,FI-->BM,FI-->BM,FI-->BM,FI-->BM,FI-->BM,FI-->BM,FI-->BM,FI-->BM,FI-->BM,FI-->BM,FI-->BM,FI-->BM,FI-->BM
BT,BTN,Bhutan,Thimphu,Asia,Southern Asia,,BT-->FI,BT-->FI,BT-->FI,BT-->FI,BT-->FI,BT-->FI,BT-->FI,BT-->FI,BT-->FI,BT-->FI,BT-->FI,BT-->FI,BT-->FI,BT-->FI,BT-->FI,BT-->FI,BT-->FI,BT-->FI,BT-->FI,,,,,,,,,,,,,,,,,FI-->BT,FI-->BT,FI-->BT,FI-->BT,FI-->BT,FI-->BT,FI-->BT,FI-->BT,FI-->BT,FI-->BT,FI-->BT,FI-->BT,FI-->BT,FI-->BT,FI-->BT,FI-->BT,FI-->BT,FI-->BT,FI-->BT
BO,BOL,Bolivia,Sucre,Americas,South America,,BO-->FI,BO-->FI,BO-->FI,BO-->FI,BO-->FI,BO-->FI,BO-->FI,BO-->FI,BO-->FI,BO-->FI,BO-->FI,BO-->FI,BO-->FI,BO-->FI,BO-->FI,BO-->FI,BO-->FI,BO-->FI,BO-->FI,,,,,,,,,,,,,,,,,FI-->BO,FI-->BO,FI-->BO,FI-->BO,FI-->BO,FI-->BO,FI-->BO,FI-->BO,FI-->BO,FI-->BO,FI-->BO,FI-->BO,FI-->BO,FI-->BO,FI-->BO,FI-->BO,FI-->BO,FI-->BO,FI-->BO
BQ,BES,Bonaire,Kralendijk,Americas,Caribbean,,BQ-->FI,BQ-->FI,BQ-->FI,BQ-->FI,BQ-->FI,BQ-->FI,BQ-->FI,BQ-->FI,BQ-->FI,BQ-->FI,BQ-->FI,BQ-->FI,BQ-->FI,BQ-->FI,BQ-->FI,BQ-->FI,BQ-->FI,BQ-->FI,BQ-->FI,,,,,,,,,,,,,,,,,FI-->BQ,FI-->BQ,FI-->BQ,FI-->BQ,FI-->BQ,FI-->BQ,FI-->BQ,FI-->BQ,FI-->BQ,FI-->BQ,FI-->BQ,FI-->BQ,FI-->BQ,FI-->BQ,FI-->BQ,FI-->BQ,FI-->BQ,FI-->BQ,FI-->BQ
BA,BIH,Bosnia and Herzegovina,Sarajevo,Europe,Southern Europe,,BA-->FI,BA-->FI,BA-->FI,BA-->FI,BA-->FI,BA-->FI,BA-->FI,BA-->FI,BA-->FI,BA-->FI,BA-->FI,BA-->FI,BA-->FI,BA-->FI,BA-->FI,BA-->FI,BA-->FI,BA-->FI,BA-->FI,,,,,,,,,,,,,,,,,FI-->BA,FI-->BA,FI-->BA,FI-->BA,FI-->BA,FI-->BA,FI-->BA,FI-->BA,FI-->BA,FI-->BA,FI-->BA,FI-->BA,FI-->BA,FI-->BA,FI-->BA,FI-->BA,FI-->BA,FI-->BA,FI-->BA
BW,BWA,Botswana,Gaborone,Africa,Southern Africa,,BW-->FI,BW-->FI,BW-->FI,BW-->FI,BW-->FI,BW-->FI,BW-->FI,BW-->FI,BW-->FI,BW-->FI,BW-->FI,BW-->FI,BW-->FI,BW-->FI,BW-->FI,BW-->FI,BW-->FI,BW-->FI,BW-->FI,,,,,,,,,,,,,,,,,FI-->BW,FI-->BW,FI-->BW,FI-->BW,FI-->BW,FI-->BW,FI-->BW,FI-->BW,FI-->BW,FI-->BW,FI-->BW,FI-->BW,FI-->BW,FI-->BW,FI-->BW,FI-->BW,FI-->BW,FI-->BW,FI-->BW
BV,BVT,Bouvet Island,,,,,BV-->FI,BV-->FI,BV-->FI,BV-->FI,BV-->FI,BV-->FI,BV-->FI,BV-->FI,BV-->FI,BV-->FI,BV-->FI,BV-->FI,BV-->FI,BV-->FI,BV-->FI,BV-->FI,BV-->FI,BV-->FI,BV-->FI,,,,,,,,,,,,,,,,,FI-->BV,FI-->BV,FI-->BV,FI-->BV,FI-->BV,FI-->BV,FI-->BV,FI-->BV,FI-->BV,FI-->BV,FI-->BV,FI-->BV,FI-->BV,FI-->BV,FI-->BV,FI-->BV,FI-->BV,FI-->BV,FI-->BV
BR,BRA,Brazil,Brasília,Americas,South America,,BR-->FI,BR-->FI,BR-->FI,BR-->FI,BR-->FI,BR-->FI,BR-->FI,BR-->FI,BR-->FI,BR-->FI,BR-->FI,BR-->FI,BR-->FI,BR-->FI,BR-->FI,BR-->FI,BR-->FI,BR-->FI,BR-->FI,,,,,,,,,,,,,,,,,FI-->BR,FI-->BR,FI-->BR,FI-->BR,FI-->BR,FI-->BR,FI-->BR,FI-->BR,FI-->BR,FI-->BR,FI-->BR,FI-->BR,FI-->BR,FI-->BR,FI-->BR,FI-->BR,FI-->BR,FI-->BR,FI-->BR
IO,IOT,British Indian Ocean Territory,Diego Garcia,Africa,Eastern Africa,,IO-->FI,IO-->FI,IO-->FI,IO-->FI,IO-->FI,IO-->FI,IO-->FI,IO-->FI,IO-->FI,IO-->FI,IO-->FI,IO-->FI,IO-->FI,IO-->FI,IO-->FI,IO-->FI,IO-->FI,IO-->FI,IO-->FI,,,,,,,,,,,,,,,,,FI-->IO,FI-->IO,FI-->IO,FI-->IO,FI-->IO,FI-->IO,FI-->IO,FI-->IO,FI-->IO,FI-->IO,FI-->IO,FI-->IO,FI-->IO,FI-->IO,FI-->IO,FI-->IO,FI-->IO,FI-->IO,FI-->IO
UM,UMI,United States Minor Outlying Islands,,Americas,Northern America,,UM-->FI,UM-->FI,UM-->FI,UM-->FI,UM-->FI,UM-->FI,UM-->FI,UM-->FI,UM-->FI,UM-->FI,UM-->FI,UM-->FI,UM-->FI,UM-->FI,UM-->FI,UM-->FI,UM-->FI,UM-->FI,UM-->FI,,,,,,,,,,,,,,,,,FI-->UM,FI-->UM,FI-->UM,FI-->UM,FI-->UM,FI-->UM,FI-->UM,FI-->UM,FI-->UM,FI-->UM,FI-->UM,FI-->UM,FI-->UM,FI-->UM,FI-->UM,FI-->UM,FI-->UM,FI-->UM,FI-->UM
VG,VGB,Virgin Islands (British),Road Town,Americas,Caribbean,,VG-->FI,VG-->FI,VG-->FI,VG-->FI,VG-->FI,VG-->FI,VG-->FI,VG-->FI,VG-->FI,VG-->FI,VG-->FI,VG-->FI,VG-->FI,VG-->FI,VG-->FI,VG-->FI,VG-->FI,VG-->FI,VG-->FI,,,,,,,,,,,,,,,,,FI-->VG,FI-->VG,FI-->VG,FI-->VG,FI-->VG,FI-->VG,FI-->VG,FI-->VG,FI-->VG,FI-->VG,FI-->VG,FI-->VG,FI-->VG,FI-->VG,FI-->VG,FI-->VG,FI-->VG,FI-->VG,FI-->VG
VI,VIR,Virgin Islands (U.S.),Charlotte Amalie,Americas,Caribbean,,VI-->FI,VI-->FI,VI-->FI,VI-->FI,VI-->FI,VI-->FI,VI-->FI,VI-->FI,VI-->FI,VI-->FI,VI-->FI,VI-->FI,VI-->FI,VI-->FI,VI-->FI,VI-->FI,VI-->FI,VI-->FI,VI-->FI,,,,,,,,,,,,,,,,,FI-->VI,FI-->VI,FI-->VI,FI-->VI,FI-->VI,FI-->VI,FI-->VI,FI-->VI,FI-->VI,FI-->VI,FI-->VI,FI-->VI,FI-->VI,FI-->VI,FI-->VI,FI-->VI,FI-->VI,FI-->VI,FI-->VI
BN,BRN,Brunei,Bandar Seri Begawan,Asia,South-Eastern Asia,,BN-->FI,BN-->FI,BN-->FI,BN-->FI,BN-->FI,BN-->FI,BN-->FI,BN-->FI,BN-->FI,BN-->FI,BN-->FI,BN-->FI,BN-->FI,BN-->FI,BN-->FI,BN-->FI,BN-->FI,BN-->FI,BN-->FI,,,,,,,,,,,,,,,,,FI-->BN,FI-->BN,FI-->BN,FI-->BN,FI-->BN,FI-->BN,FI-->BN,FI-->BN,FI-->BN,FI-->BN,FI-->BN,FI-->BN,FI-->BN,FI-->BN,FI-->BN,FI-->BN,FI-->BN,FI-->BN,FI-->BN
BG,BGR,Bulgaria,Sofia,Europe,Eastern Europe,,BG-->FI,BG-->FI,BG-->FI,BG-->FI,BG-->FI,BG-->FI,BG-->FI,BG-->FI,BG-->FI,BG-->FI,BG-->FI,BG-->FI,BG-->FI,BG-->FI,BG-->FI,BG-->FI,BG-->FI,BG-->FI,BG-->FI,,,,,,,,,,,,,,,,,FI-->BG,FI-->BG,FI-->BG,FI-->BG,FI-->BG,FI-->BG,FI-->BG,FI-->BG,FI-->BG,FI-->BG,FI-->BG,FI-->BG,FI-->BG,FI-->BG,FI-->BG,FI-->BG,FI-->BG,FI-->BG,FI-->BG
BF,BFA,Burkina Faso,Ouagadougou,Africa,Western Africa,,BF-->FI,BF-->FI,BF-->FI,BF-->FI,BF-->FI,BF-->FI,BF-->FI,BF-->FI,BF-->FI,BF-->FI,BF-->FI,BF-->FI,BF-->FI,BF-->FI,BF-->FI,BF-->FI,BF-->FI,BF-->FI,BF-->FI,,,,,,,,,,,,,,,,,FI-->BF,FI-->BF,FI-->BF,FI-->BF,FI-->BF,FI-->BF,FI-->BF,FI-->BF,FI-->BF,FI-->BF,FI-->BF,FI-->BF,FI-->BF,FI-->BF,FI-->BF,FI-->BF,FI-->BF,FI-->BF,FI-->BF
BI,BDI,Burundi,Bujumbura,Africa,Eastern Africa,,BI-->FI,BI-->FI,BI-->FI,BI-->FI,BI-->FI,BI-->FI,BI-->FI,BI-->FI,BI-->FI,BI-->FI,BI-->FI,BI-->FI,BI-->FI,BI-->FI,BI-->FI,BI-->FI,BI-->FI,BI-->FI,BI-->FI,,,,,,,,,,,,,,,,,FI-->BI,FI-->BI,FI-->BI,FI-->BI,FI-->BI,FI-->BI,FI-->BI,FI-->BI,FI-->BI,FI-->BI,FI-->BI,FI-->BI,FI-->BI,FI-->BI,FI-->BI,FI-->BI,FI-->BI,FI-->BI,FI-->BI
KH,KHM,Cambodia,Phnom Penh,Asia,South-Eastern Asia,,KH-->FI,KH-->FI,KH-->FI,KH-->FI,KH-->FI,KH-->FI,KH-->FI,KH-->FI,KH-->FI,KH-->FI,KH-->FI,KH-->FI,KH-->FI,KH-->FI,KH-->FI,KH-->FI,KH-->FI,KH-->FI,KH-->FI,,,,,,,,,,,,,,,,,FI-->KH,FI-->KH,FI-->KH,FI-->KH,FI-->KH,FI-->KH,FI-->KH,FI-->KH,FI-->KH,FI-->KH,FI-->KH,FI-->KH,FI-->KH,FI-->KH,FI-->KH,FI-->KH,FI-->KH,FI-->KH,FI-->KH
CM,CMR,Cameroon,Yaoundé,Africa,Middle Africa,,CM-->FI,CM-->FI,CM-->FI,CM-->FI,CM-->FI,CM-->FI,CM-->FI,CM-->FI,CM-->FI,CM-->FI,CM-->FI,CM-->FI,CM-->FI,CM-->FI,CM-->FI,CM-->FI,CM-->FI,CM-->FI,CM-->FI,,,,,,,,,,,,,,,,,FI-->CM,FI-->CM,FI-->CM,FI-->CM,FI-->CM,FI-->CM,FI-->CM,FI-->CM,FI-->CM,FI-->CM,FI-->CM,FI-->CM,FI-->CM,FI-->CM,FI-->CM,FI-->CM,FI-->CM,FI-->CM,FI-->CM
CA,CAN,Canada,Ottawa,Americas,Northern America,,CA-->FI,CA-->FI,CA-->FI,CA-->FI,CA-->FI,CA-->FI,CA-->FI,CA-->FI,CA-->FI,CA-->FI,CA-->FI,CA-->FI,CA-->FI,CA-->FI,CA-->FI,CA-->FI,CA-->FI,CA-->FI,CA-->FI,,,,,,,,,,,,,,,,,FI-->CA,FI-->CA,FI-->CA,FI-->CA,FI-->CA,FI-->CA,FI-->CA,FI-->CA,FI-->CA,FI-->CA,FI-->CA,FI-->CA,FI-->CA,FI-->CA,FI-->CA,FI-->CA,FI-->CA,FI-->CA,FI-->CA
CV,CPV,Cape Verde,Praia,Africa,Western Africa,,CV-->FI,CV-->FI,CV-->FI,CV-->FI,CV-->FI,CV-->FI,CV-->FI,CV-->FI,CV-->FI,CV-->FI,CV-->FI,CV-->FI,CV-->FI,CV-->FI,CV-->FI,CV-->FI,CV-->FI,CV-->FI,CV-->FI,,,,,,,,,,,,,,,,,FI-->CV,FI-->CV,FI-->CV,FI-->CV,FI-->CV,FI-->CV,FI-->CV,FI-->CV,FI-->CV,FI-->CV,FI-->CV,FI-->CV,FI-->CV,FI-->CV,FI-->CV,FI-->CV,FI-->CV,FI-->CV,FI-->CV
KY,CYM,Cayman Islands,George Town,Americas,Caribbean,,KY-->FI,KY-->FI,KY-->FI,KY-->FI,KY-->FI,KY-->FI,KY-->FI,KY-->FI,KY-->FI,KY-->FI,KY-->FI,KY-->FI,KY-->FI,KY-->FI,KY-->FI,KY-->FI,KY-->FI,KY-->FI,KY-->FI,,,,,,,,,,,,,,,,,FI-->KY,FI-->KY,FI-->KY,FI-->KY,FI-->KY,FI-->KY,FI-->KY,FI-->KY,FI-->KY,FI-->KY,FI-->KY,FI-->KY,FI-->KY,FI-->KY,FI-->KY,FI-->KY,FI-->KY,FI-->KY,FI-->KY
CF,CAF,Central African Republic,Bangui,Africa,Middle Africa,,CF-->FI,CF-->FI,CF-->FI,CF-->FI,CF-->FI,CF-->FI,CF-->FI,CF-->FI,CF-->FI,CF-->FI,CF-->FI,CF-->FI,CF-->FI,CF-->FI,CF-->FI,CF-->FI,CF-->FI,CF-->FI,CF-->FI,,,,,,,,,,,,,,,,,FI-->CF,FI-->CF,FI-->CF,FI-->CF,FI-->CF,FI-->CF,FI-->CF,FI-->CF,FI-->CF,FI-->CF,FI-->CF,FI-->CF,FI-->CF,FI-->CF,FI-->CF,FI-->CF,FI-->CF,FI-->CF,FI-->CF
TD,TCD,Chad,N'Djamena,Africa,Middle Africa,,TD-->FI,TD-->FI,TD-->FI,TD-->FI,TD-->FI,TD-->FI,TD-->FI,TD-->FI,TD-->FI,TD-->FI,TD-->FI,TD-->FI,TD-->FI,TD-->FI,TD-->FI,TD-->FI,TD-->FI,TD-->FI,TD-->FI,,,,,,,,,,,,,,,,,FI-->TD,FI-->TD,FI-->TD,FI-->TD,FI-->TD,FI-->TD,FI-->TD,FI-->TD,FI-->TD,FI-->TD,FI-->TD,FI-->TD,FI-->TD,FI-->TD,FI-->TD,FI-->TD,FI-->TD,FI-->TD,FI-->TD
CL,CHL,Chile,Santiago,Americas,South America,,CL-->FI,CL-->FI,CL-->FI,CL-->FI,CL-->FI,CL-->FI,CL-->FI,CL-->FI,CL-->FI,CL-->FI,CL-->FI,CL-->FI,CL-->FI,CL-->FI,CL-->FI,CL-->FI,CL-->FI,CL-->FI,CL-->FI,,,,,,,,,,,,,,,,,FI-->CL,FI-->CL,FI-->CL,FI-->CL,FI-->CL,FI-->CL,FI-->CL,FI-->CL,FI-->CL,FI-->CL,FI-->CL,FI-->CL,FI-->CL,FI-->CL,FI-->CL,FI-->CL,FI-->CL,FI-->CL,FI-->CL
CN,CHN,China,Beijing,Asia,Eastern Asia,,CN-->FI,CN-->FI,CN-->FI,CN-->FI,CN-->FI,CN-->FI,CN-->FI,CN-->FI,CN-->FI,CN-->FI,CN-->FI,CN-->FI,CN-->FI,CN-->FI,CN-->FI,CN-->FI,CN-->FI,CN-->FI,CN-->FI,,,,,,,,,,,,,,,,,FI-->CN,FI-->CN,FI-->CN,FI-->CN,FI-->CN,FI-->CN,FI-->CN,FI-->CN,FI-->CN,FI-->CN,FI-->CN,FI-->CN,FI-->CN,FI-->CN,FI-->CN,FI-->CN,FI-->CN,FI-->CN,FI-->CN
CX,CXR,Christmas Island,Flying Fish Cove,Oceania,Australia and New Zealand,,CX-->FI,CX-->FI,CX-->FI,CX-->FI,CX-->FI,CX-->FI,CX-->FI,CX-->FI,CX-->FI,CX-->FI,CX-->FI,CX-->FI,CX-->FI,CX-->FI,CX-->FI,CX-->FI,CX-->FI,CX-->FI,CX-->FI,,,,,,,,,,,,,,,,,FI-->CX,FI-->CX,FI-->CX,FI-->CX,FI-->CX,FI-->CX,FI-->CX,FI-->CX,FI-->CX,FI-->CX,FI-->CX,FI-->CX,FI-->CX,FI-->CX,FI-->CX,FI-->CX,FI-->CX,FI-->CX,FI-->CX
CC,CCK,Cocos (Keeling) Islands,West Island,Oceania,Australia and New Zealand,,CC-->FI,CC-->FI,CC-->FI,CC-->FI,CC-->FI,CC-->FI,CC-->FI,CC-->FI,CC-->FI,CC-->FI,CC-->FI,CC-->FI,CC-->FI,CC-->FI,CC-->FI,CC-->FI,CC-->FI,CC-->FI,CC-->FI,,,,,,,,,,,,,,,,,FI-->CC,FI-->CC,FI-->CC,FI-->CC,FI-->CC,FI-->CC,FI-->CC,FI-->CC,FI-->CC,FI-->CC,FI-->CC,FI-->CC,FI-->CC,FI-->CC,FI-->CC,FI-->CC,FI-->CC,FI-->CC,FI-->CC
CO,COL,Colombia,Bogotá,Americas,South America,,CO-->FI,CO-->FI,CO-->FI,CO-->FI,CO-->FI,CO-->FI,CO-->FI,CO-->FI,CO-->FI,CO-->FI,CO-->FI,CO-->FI,CO-->FI,CO-->FI,CO-->FI,CO-->FI,CO-->FI,CO-->FI,CO-->FI,,,,,,,,,,,,,,,,,FI-->CO,FI-->CO,FI-->CO,FI-->CO,FI-->CO,FI-->CO,FI-->CO,FI-->CO,FI-->CO,FI-->CO,FI-->CO,FI-->CO,FI-->CO,FI-->CO,FI-->CO,FI-->CO,FI-->CO,FI-->CO,FI-->CO
KM,COM,Comoros,Moroni,Africa,Eastern Africa,,KM-->FI,KM-->FI,KM-->FI,KM-->FI,KM-->FI,KM-->FI,KM-->FI,KM-->FI,KM-->FI,KM-->FI,KM-->FI,KM-->FI,KM-->FI,KM-->FI,KM-->FI,KM-->FI,KM-->FI,KM-->FI,KM-->FI,,,,,,,,,,,,,,,,,FI-->KM,FI-->KM,FI-->KM,FI-->KM,FI-->KM,FI-->KM,FI-->KM,FI-->KM,FI-->KM,FI-->KM,FI-->KM,FI-->KM,FI-->KM,FI-->KM,FI-->KM,FI-->KM,FI-->KM,FI-->KM,FI-->KM
CG,COG,Republic of the Congo,Brazzaville,Africa,Middle Africa,,CG-->FI,CG-->FI,CG-->FI,CG-->FI,CG-->FI,CG-->FI,CG-->FI,CG-->FI,CG-->FI,CG-->FI,CG-->FI,CG-->FI,CG-->FI,CG-->FI,CG-->FI,CG-->FI,CG-->FI,CG-->FI,CG-->FI,,,,,,,,,,,,,,,,,FI-->CG,FI-->CG,FI-->CG,FI-->CG,FI-->CG,FI-->CG,FI-->CG,FI-->CG,FI-->CG,FI-->CG,FI-->CG,FI-->CG,FI-->CG,FI-->CG,FI-->CG,FI-->CG,FI-->CG,FI-->CG,FI-->CG
CD,COD,Democratic Republic of the Congo,Kinshasa,Africa,Middle Africa,,CD-->FI,CD-->FI,CD-->FI,CD-->FI,CD-->FI,CD-->FI,CD-->FI,CD-->FI,CD-->FI,CD-->FI,CD-->FI,CD-->FI,CD-->FI,CD-->FI,CD-->FI,CD-->FI,CD-->FI,CD-->FI,CD-->FI,,,,,,,,,,,,,,,,,FI-->CD,FI-->CD,FI-->CD,FI-->CD,FI-->CD,FI-->CD,FI-->CD,FI-->CD,FI-->CD,FI-->CD,FI-->CD,FI-->CD,FI-->CD,FI-->CD,FI-->CD,FI-->CD,FI-->CD,FI-->CD,FI-->CD
CK,COK,Cook Islands,Avarua,Oceania,Polynesia,,CK-->FI,CK-->FI,CK-->FI,CK-->FI,CK-->FI,CK-->FI,CK-->FI,CK-->FI,CK-->FI,CK-->FI,CK-->FI,CK-->FI,CK-->FI,CK-->FI,CK-->FI,CK-->FI,CK-->FI,CK-->FI,CK-->FI,,,,,,,,,,,,,,,,,FI-->CK,FI-->CK,FI-->CK,FI-->CK,FI-->CK,FI-->CK,FI-->CK,FI-->CK,FI-->CK,FI-->CK,FI-->CK,FI-->CK,FI-->CK,FI-->CK,FI-->CK,FI-->CK,FI-->CK,FI-->CK,FI-->CK
CR,CRI,Costa Rica,San José,Americas,Central America,,CR-->FI,CR-->FI,CR-->FI,CR-->FI,CR-->FI,CR-->FI,CR-->FI,CR-->FI,CR-->FI,CR-->FI,CR-->FI,CR-->FI,CR-->FI,CR-->FI,CR-->FI,CR-->FI,CR-->FI,CR-->FI,CR-->FI,,,,,,,,,,,,,,,,,FI-->CR,FI-->CR,FI-->CR,FI-->CR,FI-->CR,FI-->CR,FI-->CR,FI-->CR,FI-->CR,FI-->CR,FI-->CR,FI-->CR,FI-->CR,FI-->CR,FI-->CR,FI-->CR,FI-->CR,FI-->CR,FI-->CR
HR,HRV,Croatia,Zagreb,Europe,Southern Europe,,HR-->FI,HR-->FI,HR-->FI,HR-->FI,HR-->FI,HR-->FI,HR-->FI,HR-->FI,HR-->FI,HR-->FI,HR-->FI,HR-->FI,HR-->FI,HR-->FI,HR-->FI,HR-->FI,HR-->FI,HR-->FI,HR-->FI,,,,,,,,,,,,,,,,,FI-->HR,FI-->HR,FI-->HR,FI-->HR,FI-->HR,FI-->HR,FI-->HR,FI-->HR,FI-->HR,FI-->HR,FI-->HR,FI-->HR,FI-->HR,FI-->HR,FI-->HR,FI-->HR,FI-->HR,FI-->HR,FI-->HR
CU,CUB,Cuba,Havana,Americas,Caribbean,,CU-->FI,CU-->FI,CU-->FI,CU-->FI,CU-->FI,CU-->FI,CU-->FI,CU-->FI,CU-->FI,CU-->FI,CU-->FI,CU-->FI,CU-->FI,CU-->FI,CU-->FI,CU-->FI,CU-->FI,CU-->FI,CU-->FI,,,,,,,,,,,,,,,,,FI-->CU,FI-->CU,FI-->CU,FI-->CU,FI-->CU,FI-->CU,FI-->CU,FI-->CU,FI-->CU,FI-->CU,FI-->CU,FI-->CU,FI-->CU,FI-->CU,FI-->CU,FI-->CU,FI-->CU,FI-->CU,FI-->CU
CW,CUW,Curaçao,Willemstad,Americas,Caribbean,,CW-->FI,CW-->FI,CW-->FI,CW-->FI,CW-->FI,CW-->FI,CW-->FI,CW-->FI,CW-->FI,CW-->FI,CW-->FI,CW-->FI,CW-->FI,CW-->FI,CW-->FI,CW-->FI,CW-->FI,CW-->FI,CW-->FI,,,,,,,,,,,,,,,,,FI-->CW,FI-->CW,FI-->CW,FI-->CW,FI-->CW,FI-->CW,FI-->CW,FI-->CW,FI-->CW,FI-->CW,FI-->CW,FI-->CW,FI-->CW,FI-->CW,FI-->CW,FI-->CW,FI-->CW,FI-->CW,FI-->CW
CY,CYP,Cyprus,Nicosia,Europe,Southern Europe,,CY-->FI,CY-->FI,CY-->FI,CY-->FI,CY-->FI,CY-->FI,CY-->FI,CY-->FI,CY-->FI,CY-->FI,CY-->FI,CY-->FI,CY-->FI,CY-->FI,CY-->FI,CY-->FI,CY-->FI,CY-->FI,CY-->FI,,,,,,,,,,,,,,,,,FI-->CY,FI-->CY,FI-->CY,FI-->CY,FI-->CY,FI-->CY,FI-->CY,FI-->CY,FI-->CY,FI-->CY,FI-->CY,FI-->CY,FI-->CY,FI-->CY,FI-->CY,FI-->CY,FI-->CY,FI-->CY,FI-->CY
CZ,CZE,Czech Republic,Prague,Europe,Eastern Europe,,CZ-->FI,CZ-->FI,CZ-->FI,CZ-->FI,CZ-->FI,CZ-->FI,CZ-->FI,CZ-->FI,CZ-->FI,CZ-->FI,CZ-->FI,CZ-->FI,CZ-->FI,CZ-->FI,CZ-->FI,CZ-->FI,CZ-->FI,CZ-->FI,CZ-->FI,,,,,,,,,,,,,,,,,FI-->CZ,FI-->CZ,FI-->CZ,FI-->CZ,FI-->CZ,FI-->CZ,FI-->CZ,FI-->CZ,FI-->CZ,FI-->CZ,FI-->CZ,FI-->CZ,FI-->CZ,FI-->CZ,FI-->CZ,FI-->CZ,FI-->CZ,FI-->CZ,FI-->CZ
DK,DNK,Denmark,Copenhagen,Europe,Northern Europe,,DK-->FI,DK-->FI,DK-->FI,DK-->FI,DK-->FI,DK-->FI,DK-->FI,DK-->FI,DK-->FI,DK-->FI,DK-->FI,DK-->FI,DK-->FI,DK-->FI,DK-->FI,DK-->FI,DK-->FI,DK-->FI,DK-->FI,,,,,,,,,,,,,,,,,FI-->DK,FI-->DK,FI-->DK,FI-->DK,FI-->DK,FI-->DK,FI-->DK,FI-->DK,FI-->DK,FI-->DK,FI-->DK,FI-->DK,FI-->DK,FI-->DK,FI-->DK,FI-->DK,FI-->DK,FI-->DK,FI-->DK
DJ,DJI,Djibouti,Djibouti,Africa,Eastern Africa,,DJ-->FI,DJ-->FI,DJ-->FI,DJ-->FI,DJ-->FI,DJ-->FI,DJ-->FI,DJ-->FI,DJ-->FI,DJ-->FI,DJ-->FI,DJ-->FI,DJ-->FI,DJ-->FI,DJ-->FI,DJ-->FI,DJ-->FI,DJ-->FI,DJ-->FI,,,,,,,,,,,,,,,,,FI-->DJ,FI-->DJ,FI-->DJ,FI-->DJ,FI-->DJ,FI-->DJ,FI-->DJ,FI-->DJ,FI-->DJ,FI-->DJ,FI-->DJ,FI-->DJ,FI-->DJ,FI-->DJ,FI-->DJ,FI-->DJ,FI-->DJ,FI-->DJ,FI-->DJ
DM,DMA,Dominica,Roseau,Americas,Caribbean,,DM-->FI,DM-->FI,DM-->FI,DM-->FI,DM-->FI,DM-->FI,DM-->FI,DM-->FI,DM-->FI,DM-->FI,DM-->FI,DM-->FI,DM-->FI,DM-->FI,DM-->FI,DM-->FI,DM-->FI,DM-->FI,DM-->FI,,,,,,,,,,,,,,,,,FI-->DM,FI-->DM,FI-->DM,FI-->DM,FI-->DM,FI-->DM,FI-->DM,FI-->DM,FI-->DM,FI-->DM,FI-->DM,FI-->DM,FI-->DM,FI-->DM,FI-->DM,FI-->DM,FI-->DM,FI-->DM,FI-->DM
DO,DOM,Dominican Republic,Santo Domingo,Americas,Caribbean,,DO-->FI,DO-->FI,DO-->FI,DO-->FI,DO-->FI,DO-->FI,DO-->FI,DO-->FI,DO-->FI,DO-->FI,DO-->FI,DO-->FI,DO-->FI,DO-->FI,DO-->FI,DO-->FI,DO-->FI,DO-->FI,DO-->FI,,,,,,,,,,,,,,,,,FI-->DO,FI-->DO,FI-->DO,FI-->DO,FI-->DO,FI-->DO,FI-->DO,FI-->DO,FI-->DO,FI-->DO,FI-->DO,FI-->DO,FI-->DO,FI-->DO,FI-->DO,FI-->DO,FI-->DO,FI-->DO,FI-->DO
EC,ECU,Ecuador,Quito,Americas,South America,,EC-->FI,EC-->FI,EC-->FI,EC-->FI,EC-->FI,EC-->FI,EC-->FI,EC-->FI,EC-->FI,EC-->FI,EC-->FI,EC-->FI,EC-->FI,EC-->FI,EC-->FI,EC-->FI,EC-->FI,EC-->FI,EC-->FI,,,,,,,,,,,,,,,,,FI-->EC,FI-->EC,FI-->EC,FI-->EC,FI-->EC,FI-->EC,FI-->EC,FI-->EC,FI-->EC,FI-->EC,FI-->EC,FI-->EC,FI-->EC,FI-->EC,FI-->EC,FI-->EC,FI-->EC,FI-->EC,FI-->EC
EG,EGY,Egypt,Cairo,Africa,Northern Africa,,EG-->FI,EG-->FI,EG-->FI,EG-->FI,EG-->FI,EG-->FI,EG-->FI,EG-->FI,EG-->FI,EG-->FI,EG-->FI,EG-->FI,EG-->FI,EG-->FI,EG-->FI,EG-->FI,EG-->FI,EG-->FI,EG-->FI,,,,,,,,,,,,,,,,,FI-->EG,FI-->EG,FI-->EG,FI-->EG,FI-->EG,FI-->EG,FI-->EG,FI-->EG,FI-->EG,FI-->EG,FI-->EG,FI-->EG,FI-->EG,FI-->EG,FI-->EG,FI-->EG,FI-->EG,FI-->EG,FI-->EG
SV,SLV,El Salvador,San Salvador,Americas,Central America,,SV-->FI,SV-->FI,SV-->FI,SV-->FI,SV-->FI,SV-->FI,SV-->FI,SV-->FI,SV-->FI,SV-->FI,SV-->FI,SV-->FI,SV-->FI,SV-->FI,SV-->FI,SV-->FI,SV-->FI,SV-->FI,SV-->FI,,,,,,,,,,,,,,,,,FI-->SV,FI-->SV,FI-->SV,FI-->SV,FI-->SV,FI-->SV,FI-->SV,FI-->SV,FI-->SV,FI-->SV,FI-->SV,FI-->SV,FI-->SV,FI-->SV,FI-->SV,FI-->SV,FI-->SV,FI-->SV,FI-->SV
GQ,GNQ,Equatorial Guinea,Malabo,Africa,Middle Africa,,GQ-->FI,GQ-->FI,GQ-->FI,GQ-->FI,GQ-->FI,GQ-->FI,GQ-->FI,GQ-->FI,GQ-->FI,GQ-->FI,GQ-->FI,GQ-->FI,GQ-->FI,GQ-->FI,GQ-->FI,GQ-->FI,GQ-->FI,GQ-->FI,GQ-->FI,,,,,,,,,,,,,,,,,FI-->GQ,FI-->GQ,FI-->GQ,FI-->GQ,FI-->GQ,FI-->GQ,FI-->GQ,FI-->GQ,FI-->GQ,FI-->GQ,FI-->GQ,FI-->GQ,FI-->GQ,FI-->GQ,FI-->GQ,FI-->GQ,FI-->GQ,FI-->GQ,FI-->GQ
ER,ERI,Eritrea,Asmara,Africa,Eastern Africa,,ER-->FI,ER-->FI,ER-->FI,ER-->FI,ER-->FI,ER-->FI,ER-->FI,ER-->FI,ER-->FI,ER-->FI,ER-->FI,ER-->FI,ER-->FI,ER-->FI,ER-->FI,ER-->FI,ER-->FI,ER-->FI,ER-->FI,,,,,,,,,,,,,,,,,FI-->ER,FI-->ER,FI-->ER,FI-->ER,FI-->ER,FI-->ER,FI-->ER,FI-->ER,FI-->ER,FI-->ER,FI-->ER,FI-->ER,FI-->ER,FI-->ER,FI-->ER,FI-->ER,FI-->ER,FI-->ER,FI-->ER
EE,EST,Estonia,Tallinn,Europe,Northern Europe,,EE-->FI,EE-->FI,EE-->FI,EE-->FI,EE-->FI,EE-->FI,EE-->FI,EE-->FI,EE-->FI,EE-->FI,EE-->FI,EE-->FI,EE-->FI,EE-->FI,EE-->FI,EE-->FI,EE-->FI,EE-->FI,EE-->FI,,,,,,,,,,,,,,,,,FI-->EE,FI-->EE,FI-->EE,FI-->EE,FI-->EE,FI-->EE,FI-->EE,FI-->EE,FI-->EE,FI-->EE,FI-->EE,FI-->EE,FI-->EE,FI-->EE,FI-->EE,FI-->EE,FI-->EE,FI-->EE,FI-->EE
ET,ETH,Ethiopia,Addis Ababa,Africa,Eastern Africa,,ET-->FI,ET-->FI,ET-->FI,ET-->FI,ET-->FI,ET-->FI,ET-->FI,ET-->FI,ET-->FI,ET-->FI,ET-->FI,ET-->FI,ET-->FI,ET-->FI,ET-->FI,ET-->FI,ET-->FI,ET-->FI,ET-->FI,,,,,,,,,,,,,,,,,FI-->ET,FI-->ET,FI-->ET,FI-->ET,FI-->ET,FI-->ET,FI-->ET,FI-->ET,FI-->ET,FI-->ET,FI-->ET,FI-->ET,FI-->ET,FI-->ET,FI-->ET,FI-->ET,FI-->ET,FI-->ET,FI-->ET
FK,FLK,Falkland Islands,Stanley,Americas,South America,,FK-->FI,FK-->FI,FK-->FI,FK-->FI,FK-->FI,FK-->FI,FK-->FI,FK-->FI,FK-->FI,FK-->FI,FK-->FI,FK-->FI,FK-->FI,FK-->FI,FK-->FI,FK-->FI,FK-->FI,FK-->FI,FK-->FI,,,,,,,,,,,,,,,,,FI-->FK,FI-->FK,FI-->FK,FI-->FK,FI-->FK,FI-->FK,FI-->FK,FI-->FK,FI-->FK,FI-->FK,FI-->FK,FI-->FK,FI-->FK,FI-->FK,FI-->FK,FI-->FK,FI-->FK,FI-->FK,FI-->FK
FO,FRO,Faroe Islands,Tórshavn,Europe,Northern Europe,,FO-->FI,FO-->FI,FO-->FI,FO-->FI,FO-->FI,FO-->FI,FO-->FI,FO-->FI,FO-->FI,FO-->FI,FO-->FI,FO-->FI,FO-->FI,FO-->FI,FO-->FI,FO-->FI,FO-->FI,FO-->FI,FO-->FI,,,,,,,,,,,,,,,,,FI-->FO,FI-->FO,FI-->FO,FI-->FO,FI-->FO,FI-->FO,FI-->FO,FI-->FO,FI-->FO,FI-->FO,FI-->FO,FI-->FO,FI-->FO,FI-->FO,FI-->FO,FI-->FO,FI-->FO,FI-->FO,FI-->FO
FJ,FJI,Fiji,Suva,Oceania,Melanesia,,FJ-->FI,FJ-->FI,FJ-->FI,FJ-->FI,FJ-->FI,FJ-->FI,FJ-->FI,FJ-->FI,FJ-->FI,FJ-->FI,FJ-->FI,FJ-->FI,FJ-->FI,FJ-->FI,FJ-->FI,FJ-->FI,FJ-->FI,FJ-->FI,FJ-->FI,,,,,,,,,,,,,,,,,FI-->FJ,FI-->FJ,FI-->FJ,FI-->FJ,FI-->FJ,FI-->FJ,FI-->FJ,FI-->FJ,FI-->FJ,FI-->FJ,FI-->FJ,FI-->FJ,FI-->FJ,FI-->FJ,FI-->FJ,FI-->FJ,FI-->FJ,FI-->FJ,FI-->FJ
FI,FIN,Finland,Helsinki,Europe,Northern Europe,,FI-->FI,FI-->FI,FI-->FI,FI-->FI,FI-->FI,FI-->FI,FI-->FI,FI-->FI,FI-->FI,FI-->FI,FI-->FI,FI-->FI,FI-->FI,FI-->FI,FI-->FI,FI-->FI,FI-->FI,FI-->FI,FI-->FI,,,,,,,,,,,,,,,,,FI-->FI,FI-->FI,FI-->FI,FI-->FI,FI-->FI,FI-->FI,FI-->FI,FI-->FI,FI-->FI,FI-->FI,FI-->FI,FI-->FI,FI-->FI,FI-->FI,FI-->FI,FI-->FI,FI-->FI,FI-->FI,FI-->FI
FR,FRA,France,Paris,Europe,Western Europe,,FR-->FI,FR-->FI,FR-->FI,FR-->FI,FR-->FI,FR-->FI,FR-->FI,FR-->FI,FR-->FI,FR-->FI,FR-->FI,FR-->FI,FR-->FI,FR-->FI,FR-->FI,FR-->FI,FR-->FI,FR-->FI,FR-->FI,,,,,,,,,,,,,,,,,FI-->FR,FI-->FR,FI-->FR,FI-->FR,FI-->FR,FI-->FR,FI-->FR,FI-->FR,FI-->FR,FI-->FR,FI-->FR,FI-->FR,FI-->FR,FI-->FR,FI-->FR,FI-->FR,FI-->FR,FI-->FR,FI-->FR
GF,GUF,French Guiana,Cayenne,Americas,South America,,GF-->FI,GF-->FI,GF-->FI,GF-->FI,GF-->FI,GF-->FI,GF-->FI,GF-->FI,GF-->FI,GF-->FI,GF-->FI,GF-->FI,GF-->FI,GF-->FI,GF-->FI,GF-->FI,GF-->FI,GF-->FI,GF-->FI,,,,,,,,,,,,,,,,,FI-->GF,FI-->GF,FI-->GF,FI-->GF,FI-->GF,FI-->GF,FI-->GF,FI-->GF,FI-->GF,FI-->GF,FI-->GF,FI-->GF,FI-->GF,FI-->GF,FI-->GF,FI-->GF,FI-->GF,FI-->GF,FI-->GF
PF,PYF,French Polynesia,Papeetē,Oceania,Polynesia,,PF-->FI,PF-->FI,PF-->FI,PF-->FI,PF-->FI,PF-->FI,PF-->FI,PF-->FI,PF-->FI,PF-->FI,PF-->FI,PF-->FI,PF-->FI,PF-->FI,PF-->FI,PF-->FI,PF-->FI,PF-->FI,PF-->FI,,,,,,,,,,,,,,,,,FI-->PF,FI-->PF,FI-->PF,FI-->PF,FI-->PF,FI-->PF,FI-->PF,FI-->PF,FI-->PF,FI-->PF,FI-->PF,FI-->PF,FI-->PF,FI-->PF,FI-->PF,FI-->PF,FI-->PF,FI-->PF,FI-->PF
TF,ATF,French Southern and Antarctic Lands,Port-aux-Français,Africa,Southern Africa,,TF-->FI,TF-->FI,TF-->FI,TF-->FI,TF-->FI,TF-->FI,TF-->FI,TF-->FI,TF-->FI,TF-->FI,TF-->FI,TF-->FI,TF-->FI,TF-->FI,TF-->FI,TF-->FI,TF-->FI,TF-->FI,TF-->FI,,,,,,,,,,,,,,,,,FI-->TF,FI-->TF,FI-->TF,FI-->TF,FI-->TF,FI-->TF,FI-->TF,FI-->TF,FI-->TF,FI-->TF,FI-->TF,FI-->TF,FI-->TF,FI-->TF,FI-->TF,FI-->TF,FI-->TF,FI-->TF,FI-->TF
GA,GAB,Gabon,Libreville,Africa,Middle Africa,,GA-->FI,GA-->FI,GA-->FI,GA-->FI,GA-->FI,GA-->FI,GA-->FI,GA-->FI,GA-->FI,GA-->FI,GA-->FI,GA-->FI,GA-->FI,GA-->FI,GA-->FI,GA-->FI,GA-->FI,GA-->FI,GA-->FI,,,,,,,,,,,,,,,,,FI-->GA,FI-->GA,FI-->GA,FI-->GA,FI-->GA,FI-->GA,FI-->GA,FI-->GA,FI-->GA,FI-->GA,FI-->GA,FI-->GA,FI-->GA,FI-->GA,FI-->GA,FI-->GA,FI-->GA,FI-->GA,FI-->GA
GM,GMB,The Gambia,Banjul,Africa,Western Africa,,GM-->FI,GM-->FI,GM-->FI,GM-->FI,GM-->FI,GM-->FI,GM-->FI,GM-->FI,GM-->FI,GM-->FI,GM-->FI,GM-->FI,GM-->FI,GM-->FI,GM-->FI,GM-->FI,GM-->FI,GM-->FI,GM-->FI,,,,,,,,,,,,,,,,,FI-->GM,FI-->GM,FI-->GM,FI-->GM,FI-->GM,FI-->GM,FI-->GM,FI-->GM,FI-->GM,FI-->GM,FI-->GM,FI-->GM,FI-->GM,FI-->GM,FI-->GM,FI-->GM,FI-->GM,FI-->GM,FI-->GM
GE,GEO,Georgia,Tbilisi,Asia,Western Asia,,GE-->FI,GE-->FI,GE-->FI,GE-->FI,GE-->FI,GE-->FI,GE-->FI,GE-->FI,GE-->FI,GE-->FI,GE-->FI,GE-->FI,GE-->FI,GE-->FI,GE-->FI,GE-->FI,GE-->FI,GE-->FI,GE-->FI,,,,,,,,,,,,,,,,,FI-->GE,FI-->GE,FI-->GE,FI-->GE,FI-->GE,FI-->GE,FI-->GE,FI-->GE,FI-->GE,FI-->GE,FI-->GE,FI-->GE,FI-->GE,FI-->GE,FI-->GE,FI-->GE,FI-->GE,FI-->GE,FI-->GE
DE,DEU,Germany,Berlin,Europe,Western Europe,,DE-->FI,DE-->FI,DE-->FI,DE-->FI,DE-->FI,DE-->FI,DE-->FI,DE-->FI,DE-->FI,DE-->FI,DE-->FI,DE-->FI,DE-->FI,DE-->FI,DE-->FI,DE-->FI,DE-->FI,DE-->FI,DE-->FI,,,,,,,,,,,,,,,,,FI-->DE,FI-->DE,FI-->DE,FI-->DE,FI-->DE,FI-->DE,FI-->DE,FI-->DE,FI-->DE,FI-->DE,FI-->DE,FI-->DE,FI-->DE,FI-->DE,FI-->DE,FI-->DE,FI-->DE,FI-->DE,FI-->DE
GH,GHA,Ghana,Accra,Africa,Western Africa,,GH-->FI,GH-->FI,GH-->FI,GH-->FI,GH-->FI,GH-->FI,GH-->FI,GH-->FI,GH-->FI,GH-->FI,GH-->FI,GH-->FI,GH-->FI,GH-->FI,GH-->FI,GH-->FI,GH-->FI,GH-->FI,GH-->FI,,,,,,,,,,,,,,,,,FI-->GH,FI-->GH,FI-->GH,FI-->GH,FI-->GH,FI-->GH,FI-->GH,FI-->GH,FI-->GH,FI-->GH,FI-->GH,FI-->GH,FI-->GH,FI-->GH,FI-->GH,FI-->GH,FI-->GH,FI-->GH,FI-->GH
GI,GIB,Gibraltar,Gibraltar,Europe,Southern Europe,,GI-->FI,GI-->FI,GI-->FI,GI-->FI,GI-->FI,GI-->FI,GI-->FI,GI-->FI,GI-->FI,GI-->FI,GI-->FI,GI-->FI,GI-->FI,GI-->FI,GI-->FI,GI-->FI,GI-->FI,GI-->FI,GI-->FI,,,,,,,,,,,,,,,,,FI-->GI,FI-->GI,FI-->GI,FI-->GI,FI-->GI,FI-->GI,FI-->GI,FI-->GI,FI-->GI,FI-->GI,FI-->GI,FI-->GI,FI-->GI,FI-->GI,FI-->GI,FI-->GI,FI-->GI,FI-->GI,FI-->GI
GR,GRC,Greece,Athens,Europe,Southern Europe,,GR-->FI,GR-->FI,GR-->FI,GR-->FI,GR-->FI,GR-->FI,GR-->FI,GR-->FI,GR-->FI,GR-->FI,GR-->FI,GR-->FI,GR-->FI,GR-->FI,GR-->FI,GR-->FI,GR-->FI,GR-->FI,GR-->FI,,,,,,,,,,,,,,,,,FI-->GR,FI-->GR,FI-->GR,FI-->GR,FI-->GR,FI-->GR,FI-->GR,FI-->GR,FI-->GR,FI-->GR,FI-->GR,FI-->GR,FI-->GR,FI-->GR,FI-->GR,FI-->GR,FI-->GR,FI-->GR,FI-->GR
GL,GRL,Greenland,Nuuk,Americas,Northern America,,GL-->FI,GL-->FI,GL-->FI,GL-->FI,GL-->FI,GL-->FI,GL-->FI,GL-->FI,GL-->FI,GL-->FI,GL-->FI,GL-->FI,GL-->FI,GL-->FI,GL-->FI,GL-->FI,GL-->FI,GL-->FI,GL-->FI,,,,,,,,,,,,,,,,,FI-->GL,FI-->GL,FI-->GL,FI-->GL,FI-->GL,FI-->GL,FI-->GL,FI-->GL,FI-->GL,FI-->GL,FI-->GL,FI-->GL,FI-->GL,FI-->GL,FI-->GL,FI-->GL,FI-->GL,FI-->GL,FI-->GL
GD,GRD,Grenada,St. George's,Americas,Caribbean,,GD-->FI,GD-->FI,GD-->FI,GD-->FI,GD-->FI,GD-->FI,GD-->FI,GD-->FI,GD-->FI,GD-->FI,GD-->FI,GD-->FI,GD-->FI,GD-->FI,GD-->FI,GD-->FI,GD-->FI,GD-->FI,GD-->FI,,,,,,,,,,,,,,,,,FI-->GD,FI-->GD,FI-->GD,FI-->GD,FI-->GD,FI-->GD,FI-->GD,FI-->GD,FI-->GD,FI-->GD,FI-->GD,FI-->GD,FI-->GD,FI-->GD,FI-->GD,FI-->GD,FI-->GD,FI-->GD,FI-->GD
GP,GLP,Guadeloupe,Basse-Terre,Americas,Caribbean,,GP-->FI,GP-->FI,GP-->FI,GP-->FI,GP-->FI,GP-->FI,GP-->FI,GP-->FI,GP-->FI,GP-->FI,GP-->FI,GP-->FI,GP-->FI,GP-->FI,GP-->FI,GP-->FI,GP-->FI,GP-->FI,GP-->FI,,,,,,,,,,,,,,,,,FI-->GP,FI-->GP,FI-->GP,FI-->GP,FI-->GP,FI-->GP,FI-->GP,FI-->GP,FI-->GP,FI-->GP,FI-->GP,FI-->GP,FI-->GP,FI-->GP,FI-->GP,FI-->GP,FI-->GP,FI-->GP,FI-->GP
GU,GUM,Guam,Hagåtña,Oceania,Micronesia,,GU-->FI,GU-->FI,GU-->FI,GU-->FI,GU-->FI,GU-->FI,GU-->FI,GU-->FI,GU-->FI,GU-->FI,GU-->FI,GU-->FI,GU-->FI,GU-->FI,GU-->FI,GU-->FI,GU-->FI,GU-->FI,GU-->FI,,,,,,,,,,,,,,,,,FI-->GU,FI-->GU,FI-->GU,FI-->GU,FI-->GU,FI-->GU,FI-->GU,FI-->GU,FI-->GU,FI-->GU,FI-->GU,FI-->GU,FI-->GU,FI-->GU,FI-->GU,FI-->GU,FI-->GU,FI-->GU,FI-->GU
GT,GTM,Guatemala,Guatemala City,Americas,Central America,,GT-->FI,GT-->FI,GT-->FI,GT-->FI,GT-->FI,GT-->FI,GT-->FI,GT-->FI,GT-->FI,GT-->FI,GT-->FI,GT-->FI,GT-->FI,GT-->FI,GT-->FI,GT-->FI,GT-->FI,GT-->FI,GT-->FI,,,,,,,,,,,,,,,,,FI-->GT,FI-->GT,FI-->GT,FI-->GT,FI-->GT,FI-->GT,FI-->GT,FI-->GT,FI-->GT,FI-->GT,FI-->GT,FI-->GT,FI-->GT,FI-->GT,FI-->GT,FI-->GT,FI-->GT,FI-->GT,FI-->GT
GG,GGY,Guernsey,St. Peter Port,Europe,Northern Europe,,GG-->FI,GG-->FI,GG-->FI,GG-->FI,GG-->FI,GG-->FI,GG-->FI,GG-->FI,GG-->FI,GG-->FI,GG-->FI,GG-->FI,GG-->FI,GG-->FI,GG-->FI,GG-->FI,GG-->FI,GG-->FI,GG-->FI,,,,,,,,,,,,,,,,,FI-->GG,FI-->GG,FI-->GG,FI-->GG,FI-->GG,FI-->GG,FI-->GG,FI-->GG,FI-->GG,FI-->GG,FI-->GG,FI-->GG,FI-->GG,FI-->GG,FI-->GG,FI-->GG,FI-->GG,FI-->GG,FI-->GG
GN,GIN,Guinea,Conakry,Africa,Western Africa,,GN-->FI,GN-->FI,GN-->FI,GN-->FI,GN-->FI,GN-->FI,GN-->FI,GN-->FI,GN-->FI,GN-->FI,GN-->FI,GN-->FI,GN-->FI,GN-->FI,GN-->FI,GN-->FI,GN-->FI,GN-->FI,GN-->FI,,,,,,,,,,,,,,,,,FI-->GN,FI-->GN,FI-->GN,FI-->GN,FI-->GN,FI-->GN,FI-->GN,FI-->GN,FI-->GN,FI-->GN,FI-->GN,FI-->GN,FI-->GN,FI-->GN,FI-->GN,FI-->GN,FI-->GN,FI-->GN,FI-->GN
GW,GNB,Guinea-Bissau,Bissau,Africa,Western Africa,,GW-->FI,GW-->FI,GW-->FI,GW-->FI,GW-->FI,GW-->FI,GW-->FI,GW-->FI,GW-->FI,GW-->FI,GW-->FI,GW-->FI,GW-->FI,GW-->FI,GW-->FI,GW-->FI,GW-->FI,GW-->FI,GW-->FI,,,,,,,,,,,,,,,,,FI-->GW,FI-->GW,FI-->GW,FI-->GW,FI-->GW,FI-->GW,FI-->GW,FI-->GW,FI-->GW,FI-->GW,FI-->GW,FI-->GW,FI-->GW,FI-->GW,FI-->GW,FI-->GW,FI-->GW,FI-->GW,FI-->GW
GY,GUY,Guyana,Georgetown,Americas,South America,,GY-->FI,GY-->FI,GY-->FI,GY-->FI,GY-->FI,GY-->FI,GY-->FI,GY-->FI,GY-->FI,GY-->FI,GY-->FI,GY-->FI,GY-->FI,GY-->FI,GY-->FI,GY-->FI,GY-->FI,GY-->FI,GY-->FI,,,,,,,,,,,,,,,,,FI-->GY,FI-->GY,FI-->GY,FI-->GY,FI-->GY,FI-->GY,FI-->GY,FI-->GY,FI-->GY,FI-->GY,FI-->GY,FI-->GY,FI-->GY,FI-->GY,FI-->GY,FI-->GY,FI-->GY,FI-->GY,FI-->GY
HT,HTI,Haiti,Port-au-Prince,Americas,Caribbean,,HT-->FI,HT-->FI,HT-->FI,HT-->FI,HT-->FI,HT-->FI,HT-->FI,HT-->FI,HT-->FI,HT-->FI,HT-->FI,HT-->FI,HT-->FI,HT-->FI,HT-->FI,HT-->FI,HT-->FI,HT-->FI,HT-->FI,,,,,,,,,,,,,,,,,FI-->HT,FI-->HT,FI-->HT,FI-->HT,FI-->HT,FI-->HT,FI-->HT,FI-->HT,FI-->HT,FI-->HT,FI-->HT,FI-->HT,FI-->HT,FI-->HT,FI-->HT,FI-->HT,FI-->HT,FI-->HT,FI-->HT
HM,HMD,Heard Island and McDonald Islands,,,,,HM-->FI,HM-->FI,HM-->FI,HM-->FI,HM-->FI,HM-->FI,HM-->FI,HM-->FI,HM-->FI,HM-->FI,HM-->FI,HM-->FI,HM-->FI,HM-->FI,HM-->FI,HM-->FI,HM-->FI,HM-->FI,HM-->FI,,,,,,,,,,,,,,,,,FI-->HM,FI-->HM,FI-->HM,FI-->HM,FI-->HM,FI-->HM,FI-->HM,FI-->HM,FI-->HM,FI-->HM,FI-->HM,FI-->HM,FI-->HM,FI-->HM,FI-->HM,FI-->HM,FI-->HM,FI-->HM,FI-->HM
VA,VAT,Holy See,Rome,Europe,Southern Europe,,VA-->FI,VA-->FI,VA-->FI,VA-->FI,VA-->FI,VA-->FI,VA-->FI,VA-->FI,VA-->FI,VA-->FI,VA-->FI,VA-->FI,VA-->FI,VA-->FI,VA-->FI,VA-->FI,VA-->FI,VA-->FI,VA-->FI,,,,,,,,,,,,,,,,,FI-->VA,FI-->VA,FI-->VA,FI-->VA,FI-->VA,FI-->VA,FI-->VA,FI-->VA,FI-->VA,FI-->VA,FI-->VA,FI-->VA,FI-->VA,FI-->VA,FI-->VA,FI-->VA,FI-->VA,FI-->VA,FI-->VA
HN,HND,Honduras,Tegucigalpa,Americas,Central America,,HN-->FI,HN-->FI,HN-->FI,HN-->FI,HN-->FI,HN-->FI,HN-->FI,HN-->FI,HN-->FI,HN-->FI,HN-->FI,HN-->FI,HN-->FI,HN-->FI,HN-->FI,HN-->FI,HN-->FI,HN-->FI,HN-->FI,,,,,,,,,,,,,,,,,FI-->HN,FI-->HN,FI-->HN,FI-->HN,FI-->HN,FI-->HN,FI-->HN,FI-->HN,FI-->HN,FI-->HN,FI-->HN,FI-->HN,FI-->HN,FI-->HN,FI-->HN,FI-->HN,FI-->HN,FI-->HN,FI-->HN
HK,HKG,Hong Kong,City of Victoria,Asia,Eastern Asia,,HK-->FI,HK-->FI,HK-->FI,HK-->FI,HK-->FI,HK-->FI,HK-->FI,HK-->FI,HK-->FI,HK-->FI,HK-->FI,HK-->FI,HK-->FI,HK-->FI,HK-->FI,HK-->FI,HK-->FI,HK-->FI,HK-->FI,,,,,,,,,,,,,,,,,FI-->HK,FI-->HK,FI-->HK,FI-->HK,FI-->HK,FI-->HK,FI-->HK,FI-->HK,FI-->HK,FI-->HK,FI-->HK,FI-->HK,FI-->HK,FI-->HK,FI-->HK,FI-->HK,FI-->HK,FI-->HK,FI-->HK
HU,HUN,Hungary,Budapest,Europe,Eastern Europe,,HU-->FI,HU-->FI,HU-->FI,HU-->FI,HU-->FI,HU-->FI,HU-->FI,HU-->FI,HU-->FI,HU-->FI,HU-->FI,HU-->FI,HU-->FI,HU-->FI,HU-->FI,HU-->FI,HU-->FI,HU-->FI,HU-->FI,,,,,,,,,,,,,,,,,FI-->HU,FI-->HU,FI-->HU,FI-->HU,FI-->HU,FI-->HU,FI-->HU,FI-->HU,FI-->HU,FI-->HU,FI-->HU,FI-->HU,FI-->HU,FI-->HU,FI-->HU,FI-->HU,FI-->HU,FI-->HU,FI-->HU
IS,ISL,Iceland,Reykjavík,Europe,Northern Europe,,IS-->FI,IS-->FI,IS-->FI,IS-->FI,IS-->FI,IS-->FI,IS-->FI,IS-->FI,IS-->FI,IS-->FI,IS-->FI,IS-->FI,IS-->FI,IS-->FI,IS-->FI,IS-->FI,IS-->FI,IS-->FI,IS-->FI,,,,,,,,,,,,,,,,,FI-->IS,FI-->IS,FI-->IS,FI-->IS,FI-->IS,FI-->IS,FI-->IS,FI-->IS,FI-->IS,FI-->IS,FI-->IS,FI-->IS,FI-->IS,FI-->IS,FI-->IS,FI-->IS,FI-->IS,FI-->IS,FI-->IS
IN,IND,India,New Delhi,Asia,Southern Asia,,IN-->FI,IN-->FI,IN-->FI,IN-->FI,IN-->FI,IN-->FI,IN-->FI,IN-->FI,IN-->FI,IN-->FI,IN-->FI,IN-->FI,IN-->FI,IN-->FI,IN-->FI,IN-->FI,IN-->FI,IN-->FI,IN-->FI,,,,,,,,,,,,,,,,,FI-->IN,FI-->IN,FI-->IN,FI-->IN,FI-->IN,FI-->IN,FI-->IN,FI-->IN,FI-->IN,FI-->IN,FI-->IN,FI-->IN,FI-->IN,FI-->IN,FI-->IN,FI-->IN,FI-->IN,FI-->IN,FI-->IN
ID,IDN,Indonesia,Jakarta,Asia,South-Eastern Asia,,ID-->FI,ID-->FI,ID-->FI,ID-->FI,ID-->FI,ID-->FI,ID-->FI,ID-->FI,ID-->FI,ID-->FI,ID-->FI,ID-->FI,ID-->FI,ID-->FI,ID-->FI,ID-->FI,ID-->FI,ID-->FI,ID-->FI,,,,,,,,,,,,,,,,,FI-->ID,FI-->ID,FI-->ID,FI-->ID,FI-->ID,FI-->ID,FI-->ID,FI-->ID,FI-->ID,FI-->ID,FI-->ID,FI-->ID,FI-->ID,FI-->ID,FI-->ID,FI-->ID,FI-->ID,FI-->ID,FI-->ID
CI,CIV,Ivory Coast,Yamoussoukro,Africa,Western Africa,,CI-->FI,CI-->FI,CI-->FI,CI-->FI,CI-->FI,CI-->FI,CI-->FI,CI-->FI,CI-->FI,CI-->FI,CI-->FI,CI-->FI,CI-->FI,CI-->FI,CI-->FI,CI-->FI,CI-->FI,CI-->FI,CI-->FI,,,,,,,,,,,,,,,,,FI-->CI,FI-->CI,FI-->CI,FI-->CI,FI-->CI,FI-->CI,FI-->CI,FI-->CI,FI-->CI,FI-->CI,FI-->CI,FI-->CI,FI-->CI,FI-->CI,FI-->CI,FI-->CI,FI-->CI,FI-->CI,FI-->CI
IR,IRN,Iran,Tehran,Asia,Southern Asia,,IR-->FI,IR-->FI,IR-->FI,IR-->FI,IR-->FI,IR-->FI,IR-->FI,IR-->FI,IR-->FI,IR-->FI,IR-->FI,IR-->FI,IR-->FI,IR-->FI,IR-->FI,IR-->FI,IR-->FI,IR-->FI,IR-->FI,,,,,,,,,,,,,,,,,FI-->IR,FI-->IR,FI-->IR,FI-->IR,FI-->IR,FI-->IR,FI-->IR,FI-->IR,FI-->IR,FI-->IR,FI-->IR,FI-->IR,FI-->IR,FI-->IR,FI-->IR,FI-->IR,FI-->IR,FI-->IR,FI-->IR
IQ,IRQ,Iraq,Baghdad,Asia,Western Asia,,IQ-->FI,IQ-->FI,IQ-->FI,IQ-->FI,IQ-->FI,IQ-->FI,IQ-->FI,IQ-->FI,IQ-->FI,IQ-->FI,IQ-->FI,IQ-->FI,IQ-->FI,IQ-->FI,IQ-->FI,IQ-->FI,IQ-->FI,IQ-->FI,IQ-->FI,,,,,,,,,,,,,,,,,FI-->IQ,FI-->IQ,FI-->IQ,FI-->IQ,FI-->IQ,FI-->IQ,FI-->IQ,FI-->IQ,FI-->IQ,FI-->IQ,FI-->IQ,FI-->IQ,FI-->IQ,FI-->IQ,FI-->IQ,FI-->IQ,FI-->IQ,FI-->IQ,FI-->IQ
IE,IRL,Republic of Ireland,Dublin,Europe,Northern Europe,,IE-->FI,IE-->FI,IE-->FI,IE-->FI,IE-->FI,IE-->FI,IE-->FI,IE-->FI,IE-->FI,IE-->FI,IE-->FI,IE-->FI,IE-->FI,IE-->FI,IE-->FI,IE-->FI,IE-->FI,IE-->FI,IE-->FI,,,,,,,,,,,,,,,,,FI-->IE,FI-->IE,FI-->IE,FI-->IE,FI-->IE,FI-->IE,FI-->IE,FI-->IE,FI-->IE,FI-->IE,FI-->IE,FI-->IE,FI-->IE,FI-->IE,FI-->IE,FI-->IE,FI-->IE,FI-->IE,FI-->IE
IM,IMN,Isle of Man,Douglas,Europe,Northern Europe,,IM-->FI,IM-->FI,IM-->FI,IM-->FI,IM-->FI,IM-->FI,IM-->FI,IM-->FI,IM-->FI,IM-->FI,IM-->FI,IM-->FI,IM-->FI,IM-->FI,IM-->FI,IM-->FI,IM-->FI,IM-->FI,IM-->FI,,,,,,,,,,,,,,,,,FI-->IM,FI-->IM,FI-->IM,FI-->IM,FI-->IM,FI-->IM,FI-->IM,FI-->IM,FI-->IM,FI-->IM,FI-->IM,FI-->IM,FI-->IM,FI-->IM,FI-->IM,FI-->IM,FI-->IM,FI-->IM,FI-->IM
IL,ISR,Israel,Jerusalem,Asia,Western Asia,,IL-->FI,IL-->FI,IL-->FI,IL-->FI,IL-->FI,IL-->FI,IL-->FI,IL-->FI,IL-->FI,IL-->FI,IL-->FI,IL-->FI,IL-->FI,IL-->FI,IL-->FI,IL-->FI,IL-->FI,IL-->FI,IL-->FI,,,,,,,,,,,,,,,,,FI-->IL,FI-->IL,FI-->IL,FI-->IL,FI-->IL,FI-->IL,FI-->IL,FI-->IL,FI-->IL,FI-->IL,FI-->IL,FI-->IL,FI-->IL,FI-->IL,FI-->IL,FI-->IL,FI-->IL,FI-->IL,FI-->IL
IT,ITA,Italy,Rome,Europe,Southern Europe,,IT-->FI,IT-->FI,IT-->FI,IT-->FI,IT-->FI,IT-->FI,IT-->FI,IT-->FI,IT-->FI,IT-->FI,IT-->FI,IT-->FI,IT-->FI,IT-->FI,IT-->FI,IT-->FI,IT-->FI,IT-->FI,IT-->FI,,,,,,,,,,,,,,,,,FI-->IT,FI-->IT,FI-->IT,FI-->IT,FI-->IT,FI-->IT,FI-->IT,FI-->IT,FI-->IT,FI-->IT,FI-->IT,FI-->IT,FI-->IT,FI-->IT,FI-->IT,FI-->IT,FI-->IT,FI-->IT,FI-->IT
JM,JAM,Jamaica,Kingston,Americas,Caribbean,,JM-->FI,JM-->FI,JM-->FI,JM-->FI,JM-->FI,JM-->FI,JM-->FI,JM-->FI,JM-->FI,JM-->FI,JM-->FI,JM-->FI,JM-->FI,JM-->FI,JM-->FI,JM-->FI,JM-->FI,JM-->FI,JM-->FI,,,,,,,,,,,,,,,,,FI-->JM,FI-->JM,FI-->JM,FI-->JM,FI-->JM,FI-->JM,FI-->JM,FI-->JM,FI-->JM,FI-->JM,FI-->JM,FI-->JM,FI-->JM,FI-->JM,FI-->JM,FI-->JM,FI-->JM,FI-->JM,FI-->JM
JP,JPN,Japan,Tokyo,Asia,Eastern Asia,,JP-->FI,JP-->FI,JP-->FI,JP-->FI,JP-->FI,JP-->FI,JP-->FI,JP-->FI,JP-->FI,JP-->FI,JP-->FI,JP-->FI,JP-->FI,JP-->FI,JP-->FI,JP-->FI,JP-->FI,JP-->FI,JP-->FI,,,,,,,,,,,,,,,,,FI-->JP,FI-->JP,FI-->JP,FI-->JP,FI-->JP,FI-->JP,FI-->JP,FI-->JP,FI-->JP,FI-->JP,FI-->JP,FI-->JP,FI-->JP,FI-->JP,FI-->JP,FI-->JP,FI-->JP,FI-->JP,FI-->JP
JE,JEY,Jersey,Saint Helier,Europe,Northern Europe,,JE-->FI,JE-->FI,JE-->FI,JE-->FI,JE-->FI,JE-->FI,JE-->FI,JE-->FI,JE-->FI,JE-->FI,JE-->FI,JE-->FI,JE-->FI,JE-->FI,JE-->FI,JE-->FI,JE-->FI,JE-->FI,JE-->FI,,,,,,,,,,,,,,,,,FI-->JE,FI-->JE,FI-->JE,FI-->JE,FI-->JE,FI-->JE,FI-->JE,FI-->JE,FI-->JE,FI-->JE,FI-->JE,FI-->JE,FI-->JE,FI-->JE,FI-->JE,FI-->JE,FI-->JE,FI-->JE,FI-->JE
JO,JOR,Jordan,Amman,Asia,Western Asia,,JO-->FI,JO-->FI,JO-->FI,JO-->FI,JO-->FI,JO-->FI,JO-->FI,JO-->FI,JO-->FI,JO-->FI,JO-->FI,JO-->FI,JO-->FI,JO-->FI,JO-->FI,JO-->FI,JO-->FI,JO-->FI,JO-->FI,,,,,,,,,,,,,,,,,FI-->JO,FI-->JO,FI-->JO,FI-->JO,FI-->JO,FI-->JO,FI-->JO,FI-->JO,FI-->JO,FI-->JO,FI-->JO,FI-->JO,FI-->JO,FI-->JO,FI-->JO,FI-->JO,FI-->JO,FI-->JO,FI-->JO
KZ,KAZ,Kazakhstan,Astana,Asia,Central Asia,,KZ-->FI,KZ-->FI,KZ-->FI,KZ-->FI,KZ-->FI,KZ-->FI,KZ-->FI,KZ-->FI,KZ-->FI,KZ-->FI,KZ-->FI,KZ-->FI,KZ-->FI,KZ-->FI,KZ-->FI,KZ-->FI,KZ-->FI,KZ-->FI,KZ-->FI,,,,,,,,,,,,,,,,,FI-->KZ,FI-->KZ,FI-->KZ,FI-->KZ,FI-->KZ,FI-->KZ,FI-->KZ,FI-->KZ,FI-->KZ,FI-->KZ,FI-->KZ,FI-->KZ,FI-->KZ,FI-->KZ,FI-->KZ,FI-->KZ,FI-->KZ,FI-->KZ,FI-->KZ
KE,KEN,Kenya,Nairobi,Africa,Eastern Africa,,KE-->FI,KE-->FI,KE-->FI,KE-->FI,KE-->FI,KE-->FI,KE-->FI,KE-->FI,KE-->FI,KE-->FI,KE-->FI,KE-->FI,KE-->FI,KE-->FI,KE-->FI,KE-->FI,KE-->FI,KE-->FI,KE-->FI,,,,,,,,,,,,,,,,,FI-->KE,FI-->KE,FI-->KE,FI-->KE,FI-->KE,FI-->KE,FI-->KE,FI-->KE,FI-->KE,FI-->KE,FI-->KE,FI-->KE,FI-->KE,FI-->KE,FI-->KE,FI-->KE,FI-->KE,FI-->KE,FI-->KE
KI,KIR,Kiribati,South Tarawa,Oceania,Micronesia,,KI-->FI,KI-->FI,KI-->FI,KI-->FI,KI-->FI,KI-->FI,KI-->FI,KI-->FI,KI-->FI,KI-->FI,KI-->FI,KI-->FI,KI-->FI,KI-->FI,KI-->FI,KI-->FI,KI-->FI,KI-->FI,KI-->FI,,,,,,,,,,,,,,,,,FI-->KI,FI-->KI,FI-->KI,FI-->KI,FI-->KI,FI-->KI,FI-->KI,FI-->KI,FI-->KI,FI-->KI,FI-->KI,FI-->KI,FI-->KI,FI-->KI,FI-->KI,FI-->KI,FI-->KI,FI-->KI,FI-->KI
KW,KWT,Kuwait,Kuwait City,Asia,Western Asia,,KW-->FI,KW-->FI,KW-->FI,KW-->FI,KW-->FI,KW-->FI,KW-->FI,KW-->FI,KW-->FI,KW-->FI,KW-->FI,KW-->FI,KW-->FI,KW-->FI,KW-->FI,KW-->FI,KW-->FI,KW-->FI,KW-->FI,,,,,,,,,,,,,,,,,FI-->KW,FI-->KW,FI-->KW,FI-->KW,FI-->KW,FI-->KW,FI-->KW,FI-->KW,FI-->KW,FI-->KW,FI-->KW,FI-->KW,FI-->KW,FI-->KW,FI-->KW,FI-->KW,FI-->KW,FI-->KW,FI-->KW
KG,KGZ,Kyrgyzstan,Bishkek,Asia,Central Asia,,KG-->FI,KG-->FI,KG-->FI,KG-->FI,KG-->FI,KG-->FI,KG-->FI,KG-->FI,KG-->FI,KG-->FI,KG-->FI,KG-->FI,KG-->FI,KG-->FI,KG-->FI,KG-->FI,KG-->FI,KG-->FI,KG-->FI,,,,,,,,,,,,,,,,,FI-->KG,FI-->KG,FI-->KG,FI-->KG,FI-->KG,FI-->KG,FI-->KG,FI-->KG,FI-->KG,FI-->KG,FI-->KG,FI-->KG,FI-->KG,FI-->KG,FI-->KG,FI-->KG,FI-->KG,FI-->KG,FI-->KG
LA,LAO,Laos,Vientiane,Asia,South-Eastern Asia,,LA-->FI,LA-->FI,LA-->FI,LA-->FI,LA-->FI,LA-->FI,LA-->FI,LA-->FI,LA-->FI,LA-->FI,LA-->FI,LA-->FI,LA-->FI,LA-->FI,LA-->FI,LA-->FI,LA-->FI,LA-->FI,LA-->FI,,,,,,,,,,,,,,,,,FI-->LA,FI-->LA,FI-->LA,FI-->LA,FI-->LA,FI-->LA,FI-->LA,FI-->LA,FI-->LA,FI-->LA,FI-->LA,FI-->LA,FI-->LA,FI-->LA,FI-->LA,FI-->LA,FI-->LA,FI-->LA,FI-->LA
LV,LVA,Latvia,Riga,Europe,Northern Europe,,LV-->FI,LV-->FI,LV-->FI,LV-->FI,LV-->FI,LV-->FI,LV-->FI,LV-->FI,LV-->FI,LV-->FI,LV-->FI,LV-->FI,LV-->FI,LV-->FI,LV-->FI,LV-->FI,LV-->FI,LV-->FI,LV-->FI,,,,,,,,,,,,,,,,,FI-->LV,FI-->LV,FI-->LV,FI-->LV,FI-->LV,FI-->LV,FI-->LV,FI-->LV,FI-->LV,FI-->LV,FI-->LV,FI-->LV,FI-->LV,FI-->LV,FI-->LV,FI-->LV,FI-->LV,FI-->LV,FI-->LV
LB,LBN,Lebanon,Beirut,Asia,Western Asia,,LB-->FI,LB-->FI,LB-->FI,LB-->FI,LB-->FI,LB-->FI,LB-->FI,LB-->FI,LB-->FI,LB-->FI,LB-->FI,LB-->FI,LB-->FI,LB-->FI,LB-->FI,LB-->FI,LB-->FI,LB-->FI,LB-->FI,,,,,,,,,,,,,,,,,FI-->LB,FI-->LB,FI-->LB,FI-->LB,FI-->LB,FI-->LB,FI-->LB,FI-->LB,FI-->LB,FI-->LB,FI-->LB,FI-->LB,FI-->LB,FI-->LB,FI-->LB,FI-->LB,FI-->LB,FI-->LB,FI-->LB
LS,LSO,Lesotho,Maseru,Africa,Southern Africa,,LS-->FI,LS-->FI,LS-->FI,LS-->FI,LS-->FI,LS-->FI,LS-->FI,LS-->FI,LS-->FI,LS-->FI,LS-->FI,LS-->FI,LS-->FI,LS-->FI,LS-->FI,LS-->FI,LS-->FI,LS-->FI,LS-->FI,,,,,,,,,,,,,,,,,FI-->LS,FI-->LS,FI-->LS,FI-->LS,FI-->LS,FI-->LS,FI-->LS,FI-->LS,FI-->LS,FI-->LS,FI-->LS,FI-->LS,FI-->LS,FI-->LS,FI-->LS,FI-->LS,FI-->LS,FI-->LS,FI-->LS
LR,LBR,Liberia,Monrovia,Africa,Western Africa,,LR-->FI,LR-->FI,LR-->FI,LR-->FI,LR-->FI,LR-->FI,LR-->FI,LR-->FI,LR-->FI,LR-->FI,LR-->FI,LR-->FI,LR-->FI,LR-->FI,LR-->FI,LR-->FI,LR-->FI,LR-->FI,LR-->FI,,,,,,,,,,,,,,,,,FI-->LR,FI-->LR,FI-->LR,FI-->LR,FI-->LR,FI-->LR,FI-->LR,FI-->LR,FI-->LR,FI-->LR,FI-->LR,FI-->LR,FI-->LR,FI-->LR,FI-->LR,FI-->LR,FI-->LR,FI-->LR,FI-->LR
LY,LBY,Libya,Tripoli,Africa,Northern Africa,,LY-->FI,LY-->FI,LY-->FI,LY-->FI,LY-->FI,LY-->FI,LY-->FI,LY-->FI,LY-->FI,LY-->FI,LY-->FI,LY-->FI,LY-->FI,LY-->FI,LY-->FI,LY-->FI,LY-->FI,LY-->FI,LY-->FI,,,,,,,,,,,,,,,,,FI-->LY,FI-->LY,FI-->LY,FI-->LY,FI-->LY,FI-->LY,FI-->LY,FI-->LY,FI-->LY,FI-->LY,FI-->LY,FI-->LY,FI-->LY,FI-->LY,FI-->LY,FI-->LY,FI-->LY,FI-->LY,FI-->LY
LI,LIE,Liechtenstein,Vaduz,Europe,Western Europe,,LI-->FI,LI-->FI,LI-->FI,LI-->FI,LI-->FI,LI-->FI,LI-->FI,LI-->FI,LI-->FI,LI-->FI,LI-->FI,LI-->FI,LI-->FI,LI-->FI,LI-->FI,LI-->FI,LI-->FI,LI-->FI,LI-->FI,,,,,,,,,,,,,,,,,FI-->LI,FI-->LI,FI-->LI,FI-->LI,FI-->LI,FI-->LI,FI-->LI,FI-->LI,FI-->LI,FI-->LI,FI-->LI,FI-->LI,FI-->LI,FI-->LI,FI-->LI,FI-->LI,FI-->LI,FI-->LI,FI-->LI
LT,LTU,Lithuania,Vilnius,Europe,Northern Europe,,LT-->FI,LT-->FI,LT-->FI,LT-->FI,LT-->FI,LT-->FI,LT-->FI,LT-->FI,LT-->FI,LT-->FI,LT-->FI,LT-->FI,LT-->FI,LT-->FI,LT-->FI,LT-->FI,LT-->FI,LT-->FI,LT-->FI,,,,,,,,,,,,,,,,,FI-->LT,FI-->LT,FI-->LT,FI-->LT,FI-->LT,FI-->LT,FI-->LT,FI-->LT,FI-->LT,FI-->LT,FI-->LT,FI-->LT,FI-->LT,FI-->LT,FI-->LT,FI-->LT,FI-->LT,FI-->LT,FI-->LT
LU,LUX,Luxembourg,Luxembourg,Europe,Western Europe,,LU-->FI,LU-->FI,LU-->FI,LU-->FI,LU-->FI,LU-->FI,LU-->FI,LU-->FI,LU-->FI,LU-->FI,LU-->FI,LU-->FI,LU-->FI,LU-->FI,LU-->FI,LU-->FI,LU-->FI,LU-->FI,LU-->FI,,,,,,,,,,,,,,,,,FI-->LU,FI-->LU,FI-->LU,FI-->LU,FI-->LU,FI-->LU,FI-->LU,FI-->LU,FI-->LU,FI-->LU,FI-->LU,FI-->LU,FI-->LU,FI-->LU,FI-->LU,FI-->LU,FI-->LU,FI-->LU,FI-->LU
MO,MAC,Macau,,Asia,Eastern Asia,,MO-->FI,MO-->FI,MO-->FI,MO-->FI,MO-->FI,MO-->FI,MO-->FI,MO-->FI,MO-->FI,MO-->FI,MO-->FI,MO-->FI,MO-->FI,MO-->FI,MO-->FI,MO-->FI,MO-->FI,MO-->FI,MO-->FI,,,,,,,,,,,,,,,,,FI-->MO,FI-->MO,FI-->MO,FI-->MO,FI-->MO,FI-->MO,FI-->MO,FI-->MO,FI-->MO,FI-->MO,FI-->MO,FI-->MO,FI-->MO,FI-->MO,FI-->MO,FI-->MO,FI-->MO,FI-->MO,FI-->MO
MK,MKD,Republic of Macedonia,Skopje,Europe,Southern Europe,,MK-->FI,MK-->FI,MK-->FI,MK-->FI,MK-->FI,MK-->FI,MK-->FI,MK-->FI,MK-->FI,MK-->FI,MK-->FI,MK-->FI,MK-->FI,MK-->FI,MK-->FI,MK-->FI,MK-->FI,MK-->FI,MK-->FI,,,,,,,,,,,,,,,,,FI-->MK,FI-->MK,FI-->MK,FI-->MK,FI-->MK,FI-->MK,FI-->MK,FI-->MK,FI-->MK,FI-->MK,FI-->MK,FI-->MK,FI-->MK,FI-->MK,FI-->MK,FI-->MK,FI-->MK,FI-->MK,FI-->MK
MG,MDG,Madagascar,Antananarivo,Africa,Eastern Africa,,MG-->FI,MG-->FI,MG-->FI,MG-->FI,MG-->FI,MG-->FI,MG-->FI,MG-->FI,MG-->FI,MG-->FI,MG-->FI,MG-->FI,MG-->FI,MG-->FI,MG-->FI,MG-->FI,MG-->FI,MG-->FI,MG-->FI,,,,,,,,,,,,,,,,,FI-->MG,FI-->MG,FI-->MG,FI-->MG,FI-->MG,FI-->MG,FI-->MG,FI-->MG,FI-->MG,FI-->MG,FI-->MG,FI-->MG,FI-->MG,FI-->MG,FI-->MG,FI-->MG,FI-->MG,FI-->MG,FI-->MG
MW,MWI,Malawi,Lilongwe,Africa,Eastern Africa,,MW-->FI,MW-->FI,MW-->FI,MW-->FI,MW-->FI,MW-->FI,MW-->FI,MW-->FI,MW-->FI,MW-->FI,MW-->FI,MW-->FI,MW-->FI,MW-->FI,MW-->FI,MW-->FI,MW-->FI,MW-->FI,MW-->FI,,,,,,,,,,,,,,,,,FI-->MW,FI-->MW,FI-->MW,FI-->MW,FI-->MW,FI-->MW,FI-->MW,FI-->MW,FI-->MW,FI-->MW,FI-->MW,FI-->MW,FI-->MW,FI-->MW,FI-->MW,FI-->MW,FI-->MW,FI-->MW,FI-->MW
MY,MYS,Malaysia,Kuala Lumpur,Asia,South-Eastern Asia,,MY-->FI,MY-->FI,MY-->FI,MY-->FI,MY-->FI,MY-->FI,MY-->FI,MY-->FI,MY-->FI,MY-->FI,MY-->FI,MY-->FI,MY-->FI,MY-->FI,MY-->FI,MY-->FI,MY-->FI,MY-->FI,MY-->FI,,,,,,,,,,,,,,,,,FI-->MY,FI-->MY,FI-->MY,FI-->MY,FI-->MY,FI-->MY,FI-->MY,FI-->MY,FI-->MY,FI-->MY,FI-->MY,FI-->MY,FI-->MY,FI-->MY,FI-->MY,FI-->MY,FI-->MY,FI-->MY,FI-->MY
MV,MDV,Maldives,Malé,Asia,Southern Asia,,MV-->FI,MV-->FI,MV-->FI,MV-->FI,MV-->FI,MV-->FI,MV-->FI,MV-->FI,MV-->FI,MV-->FI,MV-->FI,MV-->FI,MV-->FI,MV-->FI,MV-->FI,MV-->FI,MV-->FI,MV-->FI,MV-->FI,,,,,,,,,,,,,,,,,FI-->MV,FI-->MV,FI-->MV,FI-->MV,FI-->MV,FI-->MV,FI-->MV,FI-->MV,FI-->MV,FI-->MV,FI-->MV,FI-->MV,FI-->MV,FI-->MV,FI-->MV,FI-->MV,FI-->MV,FI-->MV,FI-->MV
ML,MLI,Mali,Bamako,Africa,Western Africa,,ML-->FI,ML-->FI,ML-->FI,ML-->FI,ML-->FI,ML-->FI,ML-->FI,ML-->FI,ML-->FI,ML-->FI,ML-->FI,ML-->FI,ML-->FI,ML-->FI,ML-->FI,ML-->FI,ML-->FI,ML-->FI,ML-->FI,,,,,,,,,,,,,,,,,FI-->ML,FI-->ML,FI-->ML,FI-->ML,FI-->ML,FI-->ML,FI-->ML,FI-->ML,FI-->ML,FI-->ML,FI-->ML,FI-->ML,FI-->ML,FI-->ML,FI-->ML,FI-->ML,FI-->ML,FI-->ML,FI-->ML
MT,MLT,Malta,Valletta,Europe,Southern Europe,,MT-->FI,MT-->FI,MT-->FI,MT-->FI,MT-->FI,MT-->FI,MT-->FI,MT-->FI,MT-->FI,MT-->FI,MT-->FI,MT-->FI,MT-->FI,MT-->FI,MT-->FI,MT-->FI,MT-->FI,MT-->FI,MT-->FI,,,,,,,,,,,,,,,,,FI-->MT,FI-->MT,FI-->MT,FI-->MT,FI-->MT,FI-->MT,FI-->MT,FI-->MT,FI-->MT,FI-->MT,FI-->MT,FI-->MT,FI-->MT,FI-->MT,FI-->MT,FI-->MT,FI-->MT,FI-->MT,FI-->MT
MH,MHL,Marshall Islands,Majuro,Oceania,Micronesia,,MH-->FI,MH-->FI,MH-->FI,MH-->FI,MH-->FI,MH-->FI,MH-->FI,MH-->FI,MH-->FI,MH-->FI,MH-->FI,MH-->FI,MH-->FI,MH-->FI,MH-->FI,MH-->FI,MH-->FI,MH-->FI,MH-->FI,,,,,,,,,,,,,,,,,FI-->MH,FI-->MH,FI-->MH,FI-->MH,FI-->MH,FI-->MH,FI-->MH,FI-->MH,FI-->MH,FI-->MH,FI-->MH,FI-->MH,FI-->MH,FI-->MH,FI-->MH,FI-->MH,FI-->MH,FI-->MH,FI-->MH
MQ,MTQ,Martinique,Fort-de-France,Americas,Caribbean,,MQ-->FI,MQ-->FI,MQ-->FI,MQ-->FI,MQ-->FI,MQ-->FI,MQ-->FI,MQ-->FI,MQ-->FI,MQ-->FI,MQ-->FI,MQ-->FI,MQ-->FI,MQ-->FI,MQ-->FI,MQ-->FI,MQ-->FI,MQ-->FI,MQ-->FI,,,,,,,,,,,,,,,,,FI-->MQ,FI-->MQ,FI-->MQ,FI-->MQ,FI-->MQ,FI-->MQ,FI-->MQ,FI-->MQ,FI-->MQ,FI-->MQ,FI-->MQ,FI-->MQ,FI-->MQ,FI-->MQ,FI-->MQ,FI-->MQ,FI-->MQ,FI-->MQ,FI-->MQ
MR,MRT,Mauritania,Nouakchott,Africa,Western Africa,,MR-->FI,MR-->FI,MR-->FI,MR-->FI,MR-->FI,MR-->FI,MR-->FI,MR-->FI,MR-->FI,MR-->FI,MR-->FI,MR-->FI,MR-->FI,MR-->FI,MR-->FI,MR-->FI,MR-->FI,MR-->FI,MR-->FI,0.0,,,,,,,,,,,,,,,,FI-->MR,FI-->MR,FI-->MR,FI-->MR,FI-->MR,FI-->MR,FI-->MR,FI-->MR,FI-->MR,FI-->MR,FI-->MR,FI-->MR,FI-->MR,FI-->MR,FI-->MR,FI-->MR,FI-->MR,FI-->MR,FI-->MR
MU,MUS,Mauritius,Port Louis,Africa,Eastern Africa,,MU-->FI,MU-->FI,MU-->FI,MU-->FI,MU-->FI,MU-->FI,MU-->FI,MU-->FI,MU-->FI,MU-->FI,MU-->FI,MU-->FI,MU-->FI,MU-->FI,MU-->FI,MU-->FI,MU-->FI,MU-->FI,MU-->FI,,,,,,,,,,,,,,,,,FI-->MU,FI-->MU,FI-->MU,FI-->MU,FI-->MU,FI-->MU,FI-->MU,FI-->MU,FI-->MU,FI-->MU,FI-->MU,FI-->MU,FI-->MU,FI-->MU,FI-->MU,FI-->MU,FI-->MU,FI-->MU,FI-->MU
YT,MYT,Mayotte,Mamoudzou,Africa,Eastern Africa,,YT-->FI,YT-->FI,YT-->FI,YT-->FI,YT-->FI,YT-->FI,YT-->FI,YT-->FI,YT-->FI,YT-->FI,YT-->FI,YT-->FI,YT-->FI,YT-->FI,YT-->FI,YT-->FI,YT-->FI,YT-->FI,YT-->FI,,,,,,,,,,,,,,,,,FI-->YT,FI-->YT,FI-->YT,FI-->YT,FI-->YT,FI-->YT,FI-->YT,FI-->YT,FI-->YT,FI-->YT,FI-->YT,FI-->YT,FI-->YT,FI-->YT,FI-->YT,FI-->YT,FI-->YT,FI-->YT,FI-->YT
MX,MEX,Mexico,Mexico City,Americas,Central America,,MX-->FI,MX-->FI,MX-->FI,MX-->FI,MX-->FI,MX-->FI,MX-->FI,MX-->FI,MX-->FI,MX-->FI,MX-->FI,MX-->FI,MX-->FI,MX-->FI,MX-->FI,MX-->FI,MX-->FI,MX-->FI,MX-->FI,,,,,,,,,,,,,,,,,FI-->MX,FI-->MX,FI-->MX,FI-->MX,FI-->MX,FI-->MX,FI-->MX,FI-->MX,FI-->MX,FI-->MX,FI-->MX,FI-->MX,FI-->MX,FI-->MX,FI-->MX,FI-->MX,FI-->MX,FI-->MX,FI-->MX
FM,FSM,Federated States of Micronesia,Palikir,Oceania,Micronesia,,FM-->FI,FM-->FI,FM-->FI,FM-->FI,FM-->FI,FM-->FI,FM-->FI,FM-->FI,FM-->FI,FM-->FI,FM-->FI,FM-->FI,FM-->FI,FM-->FI,FM-->FI,FM-->FI,FM-->FI,FM-->FI,FM-->FI,,,,,,,,,,,,,,,,,FI-->FM,FI-->FM,FI-->FM,FI-->FM,FI-->FM,FI-->FM,FI-->FM,FI-->FM,FI-->FM,FI-->FM,FI-->FM,FI-->FM,FI-->FM,FI-->FM,FI-->FM,FI-->FM,FI-->FM,FI-->FM,FI-->FM
MD,MDA,Moldova,Chișinău,Europe,Eastern Europe,,MD-->FI,MD-->FI,MD-->FI,MD-->FI,MD-->FI,MD-->FI,MD-->FI,MD-->FI,MD-->FI,MD-->FI,MD-->FI,MD-->FI,MD-->FI,MD-->FI,MD-->FI,MD-->FI,MD-->FI,MD-->FI,MD-->FI,,,,,,,,,,,,,,,,,FI-->MD,FI-->MD,FI-->MD,FI-->MD,FI-->MD,FI-->MD,FI-->MD,FI-->MD,FI-->MD,FI-->MD,FI-->MD,FI-->MD,FI-->MD,FI-->MD,FI-->MD,FI-->MD,FI-->MD,FI-->MD,FI-->MD
MC,MCO,Monaco,Monaco,Europe,Western Europe,,MC-->FI,MC-->FI,MC-->FI,MC-->FI,MC-->FI,MC-->FI,MC-->FI,MC-->FI,MC-->FI,MC-->FI,MC-->FI,MC-->FI,MC-->FI,MC-->FI,MC-->FI,MC-->FI,MC-->FI,MC-->FI,MC-->FI,,,,,,,,,,,,,,,,,FI-->MC,FI-->MC,FI-->MC,FI-->MC,FI-->MC,FI-->MC,FI-->MC,FI-->MC,FI-->MC,FI-->MC,FI-->MC,FI-->MC,FI-->MC,FI-->MC,FI-->MC,FI-->MC,FI-->MC,FI-->MC,FI-->MC
MN,MNG,Mongolia,Ulan Bator,Asia,Eastern Asia,,MN-->FI,MN-->FI,MN-->FI,MN-->FI,MN-->FI,MN-->FI,MN-->FI,MN-->FI,MN-->FI,MN-->FI,MN-->FI,MN-->FI,MN-->FI,MN-->FI,MN-->FI,MN-->FI,MN-->FI,MN-->FI,MN-->FI,,,,,,,,,,,,,,,,,FI-->MN,FI-->MN,FI-->MN,FI-->MN,FI-->MN,FI-->MN,FI-->MN,FI-->MN,FI-->MN,FI-->MN,FI-->MN,FI-->MN,FI-->MN,FI-->MN,FI-->MN,FI-->MN,FI-->MN,FI-->MN,FI-->MN
ME,MNE,Montenegro,Podgorica,Europe,Southern Europe,,ME-->FI,ME-->FI,ME-->FI,ME-->FI,ME-->FI,ME-->FI,ME-->FI,ME-->FI,ME-->FI,ME-->FI,ME-->FI,ME-->FI,ME-->FI,ME-->FI,ME-->FI,ME-->FI,ME-->FI,ME-->FI,ME-->FI,,,,,,,,,,,,,,,,,FI-->ME,FI-->ME,FI-->ME,FI-->ME,FI-->ME,FI-->ME,FI-->ME,FI-->ME,FI-->ME,FI-->ME,FI-->ME,FI-->ME,FI-->ME,FI-->ME,FI-->ME,FI-->ME,FI-->ME,FI-->ME,FI-->ME
MS,MSR,Montserrat,Plymouth,Americas,Caribbean,,MS-->FI,MS-->FI,MS-->FI,MS-->FI,MS-->FI,MS-->FI,MS-->FI,MS-->FI,MS-->FI,MS-->FI,MS-->FI,MS-->FI,MS-->FI,MS-->FI,MS-->FI,MS-->FI,MS-->FI,MS-->FI,MS-->FI,,,,,,,,,,,,,,,,,FI-->MS,FI-->MS,FI-->MS,FI-->MS,FI-->MS,FI-->MS,FI-->MS,FI-->MS,FI-->MS,FI-->MS,FI-->MS,FI-->MS,FI-->MS,FI-->MS,FI-->MS,FI-->MS,FI-->MS,FI-->MS,FI-->MS
MA,MAR,Morocco,Rabat,Africa,Northern Africa,,MA-->FI,MA-->FI,MA-->FI,MA-->FI,MA-->FI,MA-->FI,MA-->FI,MA-->FI,MA-->FI,MA-->FI,MA-->FI,MA-->FI,MA-->FI,MA-->FI,MA-->FI,MA-->FI,MA-->FI,MA-->FI,MA-->FI,,,,,,,,,,,,,,,,,FI-->MA,FI-->MA,FI-->MA,FI-->MA,FI-->MA,FI-->MA,FI-->MA,FI-->MA,FI-->MA,FI-->MA,FI-->MA,FI-->MA,FI-->MA,FI-->MA,FI-->MA,FI-->MA,FI-->MA,FI-->MA,FI-->MA
MZ,MOZ,Mozambique,Maputo,Africa,Eastern Africa,,MZ-->FI,MZ-->FI,MZ-->FI,MZ-->FI,MZ-->FI,MZ-->FI,MZ-->FI,MZ-->FI,MZ-->FI,MZ-->FI,MZ-->FI,MZ-->FI,MZ-->FI,MZ-->FI,MZ-->FI,MZ-->FI,MZ-->FI,MZ-->FI,MZ-->FI,,,,,,,,,,,,,,,,,FI-->MZ,FI-->MZ,FI-->MZ,FI-->MZ,FI-->MZ,FI-->MZ,FI-->MZ,FI-->MZ,FI-->MZ,FI-->MZ,FI-->MZ,FI-->MZ,FI-->MZ,FI-->MZ,FI-->MZ,FI-->MZ,FI-->MZ,FI-->MZ,FI-->MZ
MM,MMR,Myanmar,Naypyidaw,Asia,South-Eastern Asia,,MM-->FI,MM-->FI,MM-->FI,MM-->FI,MM-->FI,MM-->FI,MM-->FI,MM-->FI,MM-->FI,MM-->FI,MM-->FI,MM-->FI,MM-->FI,MM-->FI,MM-->FI,MM-->FI,MM-->FI,MM-->FI,MM-->FI,,,,,,,,,,,,,,,,,FI-->MM,FI-->MM,FI-->MM,FI-->MM,FI-->MM,FI-->MM,FI-->MM,FI-->MM,FI-->MM,FI-->MM,FI-->MM,FI-->MM,FI-->MM,FI-->MM,FI-->MM,FI-->MM,FI-->MM,FI-->MM,FI-->MM
,NAM,Namibia,Windhoek,Africa,Southern Africa,,NA-->FI,NA-->FI,NA-->FI,NA-->FI,NA-->FI,NA-->FI,NA-->FI,NA-->FI,NA-->FI,NA-->FI,NA-->FI,NA-->FI,NA-->FI,NA-->FI,NA-->FI,NA-->FI,NA-->FI,NA-->FI,NA-->FI,,,,,,,,,,,,,,,,,FI-->NA,FI-->NA,FI-->NA,FI-->NA,FI-->NA,FI-->NA,FI-->NA,FI-->NA,FI-->NA,FI-->NA,FI-->NA,FI-->NA,FI-->NA,FI-->NA,FI-->NA,FI-->NA,FI-->NA,FI-->NA,FI-->NA
NR,NRU,Nauru,Yaren,Oceania,Micronesia,,NR-->FI,NR-->FI,NR-->FI,NR-->FI,NR-->FI,NR-->FI,NR-->FI,NR-->FI,NR-->FI,NR-->FI,NR-->FI,NR-->FI,NR-->FI,NR-->FI,NR-->FI,NR-->FI,NR-->FI,NR-->FI,NR-->FI,,,,,,,,,,,,,,,,,FI-->NR,FI-->NR,FI-->NR,FI-->NR,FI-->NR,FI-->NR,FI-->NR,FI-->NR,FI-->NR,FI-->NR,FI-->NR,FI-->NR,FI-->NR,FI-->NR,FI-->NR,FI-->NR,FI-->NR,FI-->NR,FI-->NR
NP,NPL,Nepal,Kathmandu,Asia,Southern Asia,,NP-->FI,NP-->FI,NP-->FI,NP-->FI,NP-->FI,NP-->FI,NP-->FI,NP-->FI,NP-->FI,NP-->FI,NP-->FI,NP-->FI,NP-->FI,NP-->FI,NP-->FI,NP-->FI,NP-->FI,NP-->FI,NP-->FI,,,,,,,,,,,,,,,,,FI-->NP,FI-->NP,FI-->NP,FI-->NP,FI-->NP,FI-->NP,FI-->NP,FI-->NP,FI-->NP,FI-->NP,FI-->NP,FI-->NP,FI-->NP,FI-->NP,FI-->NP,FI-->NP,FI-->NP,FI-->NP,FI-->NP
NL,NLD,Netherlands,Amsterdam,Europe,Western Europe,,NL-->FI,NL-->FI,NL-->FI,NL-->FI,NL-->FI,NL-->FI,NL-->FI,NL-->FI,NL-->FI,NL-->FI,NL-->FI,NL-->FI,NL-->FI,NL-->FI,NL-->FI,NL-->FI,NL-->FI,NL-->FI,NL-->FI,,,,,,,,,,,,,,,,,FI-->NL,FI-->NL,FI-->NL,FI-->NL,FI-->NL,FI-->NL,FI-->NL,FI-->NL,FI-->NL,FI-->NL,FI-->NL,FI-->NL,FI-->NL,FI-->NL,FI-->NL,FI-->NL,FI-->NL,FI-->NL,FI-->NL
NC,NCL,New Caledonia,Nouméa,Oceania,Melanesia,,NC-->FI,NC-->FI,NC-->FI,NC-->FI,NC-->FI,NC-->FI,NC-->FI,NC-->FI,NC-->FI,NC-->FI,NC-->FI,NC-->FI,NC-->FI,NC-->FI,NC-->FI,NC-->FI,NC-->FI,NC-->FI,NC-->FI,,,,,,,,,,,,,,,,,FI-->NC,FI-->NC,FI-->NC,FI-->NC,FI-->NC,FI-->NC,FI-->NC,FI-->NC,FI-->NC,FI-->NC,FI-->NC,FI-->NC,FI-->NC,FI-->NC,FI-->NC,FI-->NC,FI-->NC,FI-->NC,FI-->NC
NZ,NZL,New Zealand,Wellington,Oceania,Australia and New Zealand,,NZ-->FI,NZ-->FI,NZ-->FI,NZ-->FI,NZ-->FI,NZ-->FI,NZ-->FI,NZ-->FI,NZ-->FI,NZ-->FI,NZ-->FI,NZ-->FI,NZ-->FI,NZ-->FI,NZ-->FI,NZ-->FI,NZ-->FI,NZ-->FI,NZ-->FI,,,,,,,,,,,,,,,,,FI-->NZ,FI-->NZ,FI-->NZ,FI-->NZ,FI-->NZ,FI-->NZ,FI-->NZ,FI-->NZ,FI-->NZ,FI-->NZ,FI-->NZ,FI-->NZ,FI-->NZ,FI-->NZ,FI-->NZ,FI-->NZ,FI-->NZ,FI-->NZ,FI-->NZ
NI,NIC,Nicaragua,Managua,Americas,Central America,,NI-->FI,NI-->FI,NI-->FI,NI-->FI,NI-->FI,NI-->FI,NI-->FI,NI-->FI,NI-->FI,NI-->FI,NI-->FI,NI-->FI,NI-->FI,NI-->FI,NI-->FI,NI-->FI,NI-->FI,NI-->FI,NI-->FI,,,,,,,,,,,,,,,,,FI-->NI,FI-->NI,FI-->NI,FI-->NI,FI-->NI,FI-->NI,FI-->NI,FI-->NI,FI-->NI,FI-->NI,FI-->NI,FI-->NI,FI-->NI,FI-->NI,FI-->NI,FI-->NI,FI-->NI,FI-->NI,FI-->NI
NE,NER,Niger,Niamey,Africa,Western Africa,,NE-->FI,NE-->FI,NE-->FI,NE-->FI,NE-->FI,NE-->FI,NE-->FI,NE-->FI,NE-->FI,NE-->FI,NE-->FI,NE-->FI,NE-->FI,NE-->FI,NE-->FI,NE-->FI,NE-->FI,NE-->FI,NE-->FI,,,,,,,,,,,,,,,,,FI-->NE,FI-->NE,FI-->NE,FI-->NE,FI-->NE,FI-->NE,FI-->NE,FI-->NE,FI-->NE,FI-->NE,FI-->NE,FI-->NE,FI-->NE,FI-->NE,FI-->NE,FI-->NE,FI-->NE,FI-->NE,FI-->NE
NG,NGA,Nigeria,Abuja,Africa,Western Africa,,NG-->FI,NG-->FI,NG-->FI,NG-->FI,NG-->FI,NG-->FI,NG-->FI,NG-->FI,NG-->FI,NG-->FI,NG-->FI,NG-->FI,NG-->FI,NG-->FI,NG-->FI,NG-->FI,NG-->FI,NG-->FI,NG-->FI,,,,,,,,,,,,,,,,,FI-->NG,FI-->NG,FI-->NG,FI-->NG,FI-->NG,FI-->NG,FI-->NG,FI-->NG,FI-->NG,FI-->NG,FI-->NG,FI-->NG,FI-->NG,FI-->NG,FI-->NG,FI-->NG,FI-->NG,FI-->NG,FI-->NG
NU,NIU,Niue,Alofi,Oceania,Polynesia,,NU-->FI,NU-->FI,NU-->FI,NU-->FI,NU-->FI,NU-->FI,NU-->FI,NU-->FI,NU-->FI,NU-->FI,NU-->FI,NU-->FI,NU-->FI,NU-->FI,NU-->FI,NU-->FI,NU-->FI,NU-->FI,NU-->FI,,,,,,,,,,,,,,,,,FI-->NU,FI-->NU,FI-->NU,FI-->NU,FI-->NU,FI-->NU,FI-->NU,FI-->NU,FI-->NU,FI-->NU,FI-->NU,FI-->NU,FI-->NU,FI-->NU,FI-->NU,FI-->NU,FI-->NU,FI-->NU,FI-->NU
NF,NFK,Norfolk Island,Kingston,Oceania,Australia and New Zealand,,NF-->FI,NF-->FI,NF-->FI,NF-->FI,NF-->FI,NF-->FI,NF-->FI,NF-->FI,NF-->FI,NF-->FI,NF-->FI,NF-->FI,NF-->FI,NF-->FI,NF-->FI,NF-->FI,NF-->FI,NF-->FI,NF-->FI,,,,,,,,,,,,,,,,,FI-->NF,FI-->NF,FI-->NF,FI-->NF,FI-->NF,FI-->NF,FI-->NF,FI-->NF,FI-->NF,FI-->NF,FI-->NF,FI-->NF,FI-->NF,FI-->NF,FI-->NF,FI-->NF,FI-->NF,FI-->NF,FI-->NF
KP,PRK,North Korea,Pyongyang,Asia,Eastern Asia,,KP-->FI,KP-->FI,KP-->FI,KP-->FI,KP-->FI,KP-->FI,KP-->FI,KP-->FI,KP-->FI,KP-->FI,KP-->FI,KP-->FI,KP-->FI,KP-->FI,KP-->FI,KP-->FI,KP-->FI,KP-->FI,KP-->FI,,,,,,,,,,,,,,,,,FI-->KP,FI-->KP,FI-->KP,FI-->KP,FI-->KP,FI-->KP,FI-->KP,FI-->KP,FI-->KP,FI-->KP,FI-->KP,FI-->KP,FI-->KP,FI-->KP,FI-->KP,FI-->KP,FI-->KP,FI-->KP,FI-->KP
MP,MNP,Northern Mariana Islands,Saipan,Oceania,Micronesia,,MP-->FI,MP-->FI,MP-->FI,MP-->FI,MP-->FI,MP-->FI,MP-->FI,MP-->FI,MP-->FI,MP-->FI,MP-->FI,MP-->FI,MP-->FI,MP-->FI,MP-->FI,MP-->FI,MP-->FI,MP-->FI,MP-->FI,,,,,,,,,,,,,,,,,FI-->MP,FI-->MP,FI-->MP,FI-->MP,FI-->MP,FI-->MP,FI-->MP,FI-->MP,FI-->MP,FI-->MP,FI-->MP,FI-->MP,FI-->MP,FI-->MP,FI-->MP,FI-->MP,FI-->MP,FI-->MP,FI-->MP
NO,NOR,Norway,Oslo,Europe,Northern Europe,,NO-->FI,NO-->FI,NO-->FI,NO-->FI,NO-->FI,NO-->FI,NO-->FI,NO-->FI,NO-->FI,NO-->FI,NO-->FI,NO-->FI,NO-->FI,NO-->FI,NO-->FI,NO-->FI,NO-->FI,NO-->FI,NO-->FI,,,,,,,,,,,,,,,,,FI-->NO,FI-->NO,FI-->NO,FI-->NO,FI-->NO,FI-->NO,FI-->NO,FI-->NO,FI-->NO,FI-->NO,FI-->NO,FI-->NO,FI-->NO,FI-->NO,FI-->NO,FI-->NO,FI-->NO,FI-->NO,FI-->NO
OM,OMN,Oman,Muscat,Asia,Western Asia,,OM-->FI,OM-->FI,OM-->FI,OM-->FI,OM-->FI,OM-->FI,OM-->FI,OM-->FI,OM-->FI,OM-->FI,OM-->FI,OM-->FI,OM-->FI,OM-->FI,OM-->FI,OM-->FI,OM-->FI,OM-->FI,OM-->FI,,,,,,,,,,,,,,,,,FI-->OM,FI-->OM,FI-->OM,FI-->OM,FI-->OM,FI-->OM,FI-->OM,FI-->OM,FI-->OM,FI-->OM,FI-->OM,FI-->OM,FI-->OM,FI-->OM,FI-->OM,FI-->OM,FI-->OM,FI-->OM,FI-->OM
PK,PAK,Pakistan,Islamabad,Asia,Southern Asia,,PK-->FI,PK-->FI,PK-->FI,PK-->FI,PK-->FI,PK-->FI,PK-->FI,PK-->FI,PK-->FI,PK-->FI,PK-->FI,PK-->FI,PK-->FI,PK-->FI,PK-->FI,PK-->FI,PK-->FI,PK-->FI,PK-->FI,,,,,,,,,,,,,,,,,FI-->PK,FI-->PK,FI-->PK,FI-->PK,FI-->PK,FI-->PK,FI-->PK,FI-->PK,FI-->PK,FI-->PK,FI-->PK,FI-->PK,FI-->PK,FI-->PK,FI-->PK,FI-->PK,FI-->PK,FI-->PK,FI-->PK
PW,PLW,Palau,Ngerulmud,Oceania,Micronesia,,PW-->FI,PW-->FI,PW-->FI,PW-->FI,PW-->FI,PW-->FI,PW-->FI,PW-->FI,PW-->FI,PW-->FI,PW-->FI,PW-->FI,PW-->FI,PW-->FI,PW-->FI,PW-->FI,PW-->FI,PW-->FI,PW-->FI,,,,,,,,,,,,,,,,,FI-->PW,FI-->PW,FI-->PW,FI-->PW,FI-->PW,FI-->PW,FI-->PW,FI-->PW,FI-->PW,FI-->PW,FI-->PW,FI-->PW,FI-->PW,FI-->PW,FI-->PW,FI-->PW,FI-->PW,FI-->PW,FI-->PW
PS,PSE,Palestine,Ramallah,Asia,Western Asia,,PS-->FI,PS-->FI,PS-->FI,PS-->FI,PS-->FI,PS-->FI,PS-->FI,PS-->FI,PS-->FI,PS-->FI,PS-->FI,PS-->FI,PS-->FI,PS-->FI,PS-->FI,PS-->FI,PS-->FI,PS-->FI,PS-->FI,,,,,,,,,,,,,,,,,FI-->PS,FI-->PS,FI-->PS,FI-->PS,FI-->PS,FI-->PS,FI-->PS,FI-->PS,FI-->PS,FI-->PS,FI-->PS,FI-->PS,FI-->PS,FI-->PS,FI-->PS,FI-->PS,FI-->PS,FI-->PS,FI-->PS
PA,PAN,Panama,Panama City,Americas,Central America,,PA-->FI,PA-->FI,PA-->FI,PA-->FI,PA-->FI,PA-->FI,PA-->FI,PA-->FI,PA-->FI,PA-->FI,PA-->FI,PA-->FI,PA-->FI,PA-->FI,PA-->FI,PA-->FI,PA-->FI,PA-->FI,PA-->FI,,,,,,,,,,,,,,,,,FI-->PA,FI-->PA,FI-->PA,FI-->PA,FI-->PA,FI-->PA,FI-->PA,FI-->PA,FI-->PA,FI-->PA,FI-->PA,FI-->PA,FI-->PA,FI-->PA,FI-->PA,FI-->PA,FI-->PA,FI-->PA,FI-->PA
PG,PNG,Papua New Guinea,Port Moresby,Oceania,Melanesia,,PG-->FI,PG-->FI,PG-->FI,PG-->FI,PG-->FI,PG-->FI,PG-->FI,PG-->FI,PG-->FI,PG-->FI,PG-->FI,PG-->FI,PG-->FI,PG-->FI,PG-->FI,PG-->FI,PG-->FI,PG-->FI,PG-->FI,,,,,,,,,,,,,,,,,FI-->PG,FI-->PG,FI-->PG,FI-->PG,FI-->PG,FI-->PG,FI-->PG,FI-->PG,FI-->PG,FI-->PG,FI-->PG,FI-->PG,FI-->PG,FI-->PG,FI-->PG,FI-->PG,FI-->PG,FI-->PG,FI-->PG
PY,PRY,Paraguay,Asunción,Americas,South America,,PY-->FI,PY-->FI,PY-->FI,PY-->FI,PY-->FI,PY-->FI,PY-->FI,PY-->FI,PY-->FI,PY-->FI,PY-->FI,PY-->FI,PY-->FI,PY-->FI,PY-->FI,PY-->FI,PY-->FI,PY-->FI,PY-->FI,,,,,,,,,,,,,,,,,FI-->PY,FI-->PY,FI-->PY,FI-->PY,FI-->PY,FI-->PY,FI-->PY,FI-->PY,FI-->PY,FI-->PY,FI-->PY,FI-->PY,FI-->PY,FI-->PY,FI-->PY,FI-->PY,FI-->PY,FI-->PY,FI-->PY
PE,PER,Peru,Lima,Americas,South America,,PE-->FI,PE-->FI,PE-->FI,PE-->FI,PE-->FI,PE-->FI,PE-->FI,PE-->FI,PE-->FI,PE-->FI,PE-->FI,PE-->FI,PE-->FI,PE-->FI,PE-->FI,PE-->FI,PE-->FI,PE-->FI,PE-->FI,,,,,,,,,,,,,,,,,FI-->PE,FI-->PE,FI-->PE,FI-->PE,FI-->PE,FI-->PE,FI-->PE,FI-->PE,FI-->PE,FI-->PE,FI-->PE,FI-->PE,FI-->PE,FI-->PE,FI-->PE,FI-->PE,FI-->PE,FI-->PE,FI-->PE
PH,PHL,Philippines,Manila,Asia,South-Eastern Asia,,PH-->FI,PH-->FI,PH-->FI,PH-->FI,PH-->FI,PH-->FI,PH-->FI,PH-->FI,PH-->FI,PH-->FI,PH-->FI,PH-->FI,PH-->FI,PH-->FI,PH-->FI,PH-->FI,PH-->FI,PH-->FI,PH-->FI,,,,,,,,,,,,,,,,,FI-->PH,FI-->PH,FI-->PH,FI-->PH,FI-->PH,FI-->PH,FI-->PH,FI-->PH,FI-->PH,FI-->PH,FI-->PH,FI-->PH,FI-->PH,FI-->PH,FI-->PH,FI-->PH,FI-->PH,FI-->PH,FI-->PH
PN,PCN,Pitcairn Islands,Adamstown,Oceania,Polynesia,,PN-->FI,PN-->FI,PN-->FI,PN-->FI,PN-->FI,PN-->FI,PN-->FI,PN-->FI,PN-->FI,PN-->FI,PN-->FI,PN-->FI,PN-->FI,PN-->FI,PN-->FI,PN-->FI,PN-->FI,PN-->FI,PN-->FI,,,,,,,,,,,,,,,,,FI-->PN,FI-->PN,FI-->PN,FI-->PN,FI-->PN,FI-->PN,FI-->PN,FI-->PN,FI-->PN,FI-->PN,FI-->PN,FI-->PN,FI-->PN,FI-->PN,FI-->PN,FI-->PN,FI-->PN,FI-->PN,FI-->PN
PL,POL,Poland,Warsaw,Europe,Eastern Europe,,PL-->FI,PL-->FI,PL-->FI,PL-->FI,PL-->FI,PL-->FI,PL-->FI,PL-->FI,PL-->FI,PL-->FI,PL-->FI,PL-->FI,PL-->FI,PL-->FI,PL-->FI,PL-->FI,PL-->FI,PL-->FI,PL-->FI,,,,,,,,,,,,,,,,,FI-->PL,FI-->PL,FI-->PL,FI-->PL,FI-->PL,FI-->PL,FI-->PL,FI-->PL,FI-->PL,FI-->PL,FI-->PL,FI-->PL,FI-->PL,FI-->PL,FI-->PL,FI-->PL,FI-->PL,FI-->PL,FI-->PL
PT,PRT,Portugal,Lisbon,Europe,Southern Europe,,PT-->FI,PT-->FI,PT-->FI,PT-->FI,PT-->FI,PT-->FI,PT-->FI,PT-->FI,PT-->FI,PT-->FI,PT-->FI,PT-->FI,PT-->FI,PT-->FI,PT-->FI,PT-->FI,PT-->FI,PT-->FI,PT-->FI,,,,,,,,,,,,,,,,,FI-->PT,FI-->PT,FI-->PT,FI-->PT,FI-->PT,FI-->PT,FI-->PT,FI-->PT,FI-->PT,FI-->PT,FI-->PT,FI-->PT,FI-->PT,FI-->PT,FI-->PT,FI-->PT,FI-->PT,FI-->PT,FI-->PT
PR,PRI,Puerto Rico,San Juan,Americas,Caribbean,,PR-->FI,PR-->FI,PR-->FI,PR-->FI,PR-->FI,PR-->FI,PR-->FI,PR-->FI,PR-->FI,PR-->FI,PR-->FI,PR-->FI,PR-->FI,PR-->FI,PR-->FI,PR-->FI,PR-->FI,PR-->FI,PR-->FI,,,,,,,,,,,,,,,,,FI-->PR,FI-->PR,FI-->PR,FI-->PR,FI-->PR,FI-->PR,FI-->PR,FI-->PR,FI-->PR,FI-->PR,FI-->PR,FI-->PR,FI-->PR,FI-->PR,FI-->PR,FI-->PR,FI-->PR,FI-->PR,FI-->PR
QA,QAT,Qatar,Doha,Asia,Western Asia,,QA-->FI,QA-->FI,QA-->FI,QA-->FI,QA-->FI,QA-->FI,QA-->FI,QA-->FI,QA-->FI,QA-->FI,QA-->FI,QA-->FI,QA-->FI,QA-->FI,QA-->FI,QA-->FI,QA-->FI,QA-->FI,QA-->FI,,,,,,,,,,,,,,,,,FI-->QA,FI-->QA,FI-->QA,FI-->QA,FI-->QA,FI-->QA,FI-->QA,FI-->QA,FI-->QA,FI-->QA,FI-->QA,FI-->QA,FI-->QA,FI-->QA,FI-->QA,FI-->QA,FI-->QA,FI-->QA,FI-->QA
XK,KOS,Republic of Kosovo,Pristina,Europe,Eastern Europe,,XK-->FI,XK-->FI,XK-->FI,XK-->FI,XK-->FI,XK-->FI,XK-->FI,XK-->FI,XK-->FI,XK-->FI,XK-->FI,XK-->FI,XK-->FI,XK-->FI,XK-->FI,XK-->FI,XK-->FI,XK-->FI,XK-->FI,,,,,,,,,,,,,,,,,FI-->XK,FI-->XK,FI-->XK,FI-->XK,FI-->XK,FI-->XK,FI-->XK,FI-->XK,FI-->XK,FI-->XK,FI-->XK,FI-->XK,FI-->XK,FI-->XK,FI-->XK,FI-->XK,FI-->XK,FI-->XK,FI-->XK
RE,REU,Réunion,Saint-Denis,Africa,Eastern Africa,,RE-->FI,RE-->FI,RE-->FI,RE-->FI,RE-->FI,RE-->FI,RE-->FI,RE-->FI,RE-->FI,RE-->FI,RE-->FI,RE-->FI,RE-->FI,RE-->FI,RE-->FI,RE-->FI,RE-->FI,RE-->FI,RE-->FI,,,,,,,,,,,,,,,,,FI-->RE,FI-->RE,FI-->RE,FI-->RE,FI-->RE,FI-->RE,FI-->RE,FI-->RE,FI-->RE,FI-->RE,FI-->RE,FI-->RE,FI-->RE,FI-->RE,FI-->RE,FI-->RE,FI-->RE,FI-->RE,FI-->RE
RO,ROU,Romania,Bucharest,Europe,Eastern Europe,,RO-->FI,RO-->FI,RO-->FI,RO-->FI,RO-->FI,RO-->FI,RO-->FI,RO-->FI,RO-->FI,RO-->FI,RO-->FI,RO-->FI,RO-->FI,RO-->FI,RO-->FI,RO-->FI,RO-->FI,RO-->FI,RO-->FI,,,,,,,,,,,,,,,,,FI-->RO,FI-->RO,FI-->RO,FI-->RO,FI-->RO,FI-->RO,FI-->RO,FI-->RO,FI-->RO,FI-->RO,FI-->RO,FI-->RO,FI-->RO,FI-->RO,FI-->RO,FI-->RO,FI-->RO,FI-->RO,FI-->RO
RU,RUS,Russia,Moscow,Europe,Eastern Europe,,RU-->FI,RU-->FI,RU-->FI,RU-->FI,RU-->FI,RU-->FI,RU-->FI,RU-->FI,RU-->FI,RU-->FI,RU-->FI,RU-->FI,RU-->FI,RU-->FI,RU-->FI,RU-->FI,RU-->FI,RU-->FI,RU-->FI,,,,,,,,,,,,,,,,,FI-->RU,FI-->RU,FI-->RU,FI-->RU,FI-->RU,FI-->RU,FI-->RU,FI-->RU,FI-->RU,FI-->RU,FI-->RU,FI-->RU,FI-->RU,FI-->RU,FI-->RU,FI-->RU,FI-->RU,FI-->RU,FI-->RU
RW,RWA,Rwanda,Kigali,Africa,Eastern Africa,,RW-->FI,RW-->FI,RW-->FI,RW-->FI,RW-->FI,RW-->FI,RW-->FI,RW-->FI,RW-->FI,RW-->FI,RW-->FI,RW-->FI,RW-->FI,RW-->FI,RW-->FI,RW-->FI,RW-->FI,RW-->FI,RW-->FI,,,,,,,,,,,,,,,,,FI-->RW,FI-->RW,FI-->RW,FI-->RW,FI-->RW,FI-->RW,FI-->RW,FI-->RW,FI-->RW,FI-->RW,FI-->RW,FI-->RW,FI-->RW,FI-->RW,FI-->RW,FI-->RW,FI-->RW,FI-->RW,FI-->RW
BL,BLM,Saint Barthélemy,Gustavia,Americas,Caribbean,,BL-->FI,BL-->FI,BL-->FI,BL-->FI,BL-->FI,BL-->FI,BL-->FI,BL-->FI,BL-->FI,BL-->FI,BL-->FI,BL-->FI,BL-->FI,BL-->FI,BL-->FI,BL-->FI,BL-->FI,BL-->FI,BL-->FI,,,,,,,,,,,,,,,,,FI-->BL,FI-->BL,FI-->BL,FI-->BL,FI-->BL,FI-->BL,FI-->BL,FI-->BL,FI-->BL,FI-->BL,FI-->BL,FI-->BL,FI-->BL,FI-->BL,FI-->BL,FI-->BL,FI-->BL,FI-->BL,FI-->BL
SH,SHN,Saint Helena,Jamestown,Africa,Western Africa,,SH-->FI,SH-->FI,SH-->FI,SH-->FI,SH-->FI,SH-->FI,SH-->FI,SH-->FI,SH-->FI,SH-->FI,SH-->FI,SH-->FI,SH-->FI,SH-->FI,SH-->FI,SH-->FI,SH-->FI,SH-->FI,SH-->FI,,,,,,,,,,,,,,,,,FI-->SH,FI-->SH,FI-->SH,FI-->SH,FI-->SH,FI-->SH,FI-->SH,FI-->SH,FI-->SH,FI-->SH,FI-->SH,FI-->SH,FI-->SH,FI-->SH,FI-->SH,FI-->SH,FI-->SH,FI-->SH,FI-->SH
KN,KNA,Saint Kitts and Nevis,Basseterre,Americas,Caribbean,,KN-->FI,KN-->FI,KN-->FI,KN-->FI,KN-->FI,KN-->FI,KN-->FI,KN-->FI,KN-->FI,KN-->FI,KN-->FI,KN-->FI,KN-->FI,KN-->FI,KN-->FI,KN-->FI,KN-->FI,KN-->FI,KN-->FI,,,,,,,,,,,,,,,,,FI-->KN,FI-->KN,FI-->KN,FI-->KN,FI-->KN,FI-->KN,FI-->KN,FI-->KN,FI-->KN,FI-->KN,FI-->KN,FI-->KN,FI-->KN,FI-->KN,FI-->KN,FI-->KN,FI-->KN,FI-->KN,FI-->KN
LC,LCA,Saint Lucia,Castries,Americas,Caribbean,,LC-->FI,LC-->FI,LC-->FI,LC-->FI,LC-->FI,LC-->FI,LC-->FI,LC-->FI,LC-->FI,LC-->FI,LC-->FI,LC-->FI,LC-->FI,LC-->FI,LC-->FI,LC-->FI,LC-->FI,LC-->FI,LC-->FI,,,,,,,,,,,,,,,,,FI-->LC,FI-->LC,FI-->LC,FI-->LC,FI-->LC,FI-->LC,FI-->LC,FI-->LC,FI-->LC,FI-->LC,FI-->LC,FI-->LC,FI-->LC,FI-->LC,FI-->LC,FI-->LC,FI-->LC,FI-->LC,FI-->LC
MF,MAF,Saint Martin,Marigot,Americas,Caribbean,,MF-->FI,MF-->FI,MF-->FI,MF-->FI,MF-->FI,MF-->FI,MF-->FI,MF-->FI,MF-->FI,MF-->FI,MF-->FI,MF-->FI,MF-->FI,MF-->FI,MF-->FI,MF-->FI,MF-->FI,MF-->FI,MF-->FI,,,,,,,,,,,,,,,,,FI-->MF,FI-->MF,FI-->MF,FI-->MF,FI-->MF,FI-->MF,FI-->MF,FI-->MF,FI-->MF,FI-->MF,FI-->MF,FI-->MF,FI-->MF,FI-->MF,FI-->MF,FI-->MF,FI-->MF,FI-->MF,FI-->MF
PM,SPM,Saint Pierre and Miquelon,Saint-Pierre,Americas,Northern America,,PM-->FI,PM-->FI,PM-->FI,PM-->FI,PM-->FI,PM-->FI,PM-->FI,PM-->FI,PM-->FI,PM-->FI,PM-->FI,PM-->FI,PM-->FI,PM-->FI,PM-->FI,PM-->FI,PM-->FI,PM-->FI,PM-->FI,,,,,,,,,,,,,,,,,FI-->PM,FI-->PM,FI-->PM,FI-->PM,FI-->PM,FI-->PM,FI-->PM,FI-->PM,FI-->PM,FI-->PM,FI-->PM,FI-->PM,FI-->PM,FI-->PM,FI-->PM,FI-->PM,FI-->PM,FI-->PM,FI-->PM
VC,VCT,Saint Vincent and the Grenadines,Kingstown,Americas,Caribbean,,VC-->FI,VC-->FI,VC-->FI,VC-->FI,VC-->FI,VC-->FI,VC-->FI,VC-->FI,VC-->FI,VC-->FI,VC-->FI,VC-->FI,VC-->FI,VC-->FI,VC-->FI,VC-->FI,VC-->FI,VC-->FI,VC-->FI,,,,,,,,,,,,,,,,,FI-->VC,FI-->VC,FI-->VC,FI-->VC,FI-->VC,FI-->VC,FI-->VC,FI-->VC,FI-->VC,FI-->VC,FI-->VC,FI-->VC,FI-->VC,FI-->VC,FI-->VC,FI-->VC,FI-->VC,FI-->VC,FI-->VC
WS,WSM,Samoa,Apia,Oceania,Polynesia,,WS-->FI,WS-->FI,WS-->FI,WS-->FI,WS-->FI,WS-->FI,WS-->FI,WS-->FI,WS-->FI,WS-->FI,WS-->FI,WS-->FI,WS-->FI,WS-->FI,WS-->FI,WS-->FI,WS-->FI,WS-->FI,WS-->FI,,,,,,,,,,,,,,,,,FI-->WS,FI-->WS,FI-->WS,FI-->WS,FI-->WS,FI-->WS,FI-->WS,FI-->WS,FI-->WS,FI-->WS,FI-->WS,FI-->WS,FI-->WS,FI-->WS,FI-->WS,FI-->WS,FI-->WS,FI-->WS,FI-->WS
SM,SMR,San Marino,City of San Marino,Europe,Southern Europe,,SM-->FI,SM-->FI,SM-->FI,SM-->FI,SM-->FI,SM-->FI,SM-->FI,SM-->FI,SM-->FI,SM-->FI,SM-->FI,SM-->FI,SM-->FI,SM-->FI,SM-->FI,SM-->FI,SM-->FI,SM-->FI,SM-->FI,,,,,,,,,,,,,,,,,FI-->SM,FI-->SM,FI-->SM,FI-->SM,FI-->SM,FI-->SM,FI-->SM,FI-->SM,FI-->SM,FI-->SM,FI-->SM,FI-->SM,FI-->SM,FI-->SM,FI-->SM,FI-->SM,FI-->SM,FI-->SM,FI-->SM
ST,STP,São Tomé and Príncipe,São Tomé,Africa,Middle Africa,,ST-->FI,ST-->FI,ST-->FI,ST-->FI,ST-->FI,ST-->FI,ST-->FI,ST-->FI,ST-->FI,ST-->FI,ST-->FI,ST-->FI,ST-->FI,ST-->FI,ST-->FI,ST-->FI,ST-->FI,ST-->FI,ST-->FI,,,,,,,,,,,,,,,,,FI-->ST,FI-->ST,FI-->ST,FI-->ST,FI-->ST,FI-->ST,FI-->ST,FI-->ST,FI-->ST,FI-->ST,FI-->ST,FI-->ST,FI-->ST,FI-->ST,FI-->ST,FI-->ST,FI-->ST,FI-->ST,FI-->ST
SA,SAU,Saudi Arabia,Riyadh,Asia,Western Asia,,SA-->FI,SA-->FI,SA-->FI,SA-->FI,SA-->FI,SA-->FI,SA-->FI,SA-->FI,SA-->FI,SA-->FI,SA-->FI,SA-->FI,SA-->FI,SA-->FI,SA-->FI,SA-->FI,SA-->FI,SA-->FI,SA-->FI,,,,,,,,,,,,,,,,,FI-->SA,FI-->SA,FI-->SA,FI-->SA,FI-->SA,FI-->SA,FI-->SA,FI-->SA,FI-->SA,FI-->SA,FI-->SA,FI-->SA,FI-->SA,FI-->SA,FI-->SA,FI-->SA,FI-->SA,FI-->SA,FI-->SA
SN,SEN,Senegal,Dakar,Africa,Western Africa,,SN-->FI,SN-->FI,SN-->FI,SN-->FI,SN-->FI,SN-->FI,SN-->FI,SN-->FI,SN-->FI,SN-->FI,SN-->FI,SN-->FI,SN-->FI,SN-->FI,SN-->FI,SN-->FI,SN-->FI,SN-->FI,SN-->FI,,,,,,,,,,,,,,,,,FI-->SN,FI-->SN,FI-->SN,FI-->SN,FI-->SN,FI-->SN,FI-->SN,FI-->SN,FI-->SN,FI-->SN,FI-->SN,FI-->SN,FI-->SN,FI-->SN,FI-->SN,FI-->SN,FI-->SN,FI-->SN,FI-->SN
RS,SRB,Serbia,Belgrade,Europe,Southern Europe,,RS-->FI,RS-->FI,RS-->FI,RS-->FI,RS-->FI,RS-->FI,RS-->FI,RS-->FI,RS-->FI,RS-->FI,RS-->FI,RS-->FI,RS-->FI,RS-->FI,RS-->FI,RS-->FI,RS-->FI,RS-->FI,RS-->FI,,,,,,,,,,,,,,,,,FI-->RS,FI-->RS,FI-->RS,FI-->RS,FI-->RS,FI-->RS,FI-->RS,FI-->RS,FI-->RS,FI-->RS,FI-->RS,FI-->RS,FI-->RS,FI-->RS,FI-->RS,FI-->RS,FI-->RS,FI-->RS,FI-->RS
SC,SYC,Seychelles,Victoria,Africa,Eastern Africa,,SC-->FI,SC-->FI,SC-->FI,SC-->FI,SC-->FI,SC-->FI,SC-->FI,SC-->FI,SC-->FI,SC-->FI,SC-->FI,SC-->FI,SC-->FI,SC-->FI,SC-->FI,SC-->FI,SC-->FI,SC-->FI,SC-->FI,,,,,,,,,,,,,,,,,FI-->SC,FI-->SC,FI-->SC,FI-->SC,FI-->SC,FI-->SC,FI-->SC,FI-->SC,FI-->SC,FI-->SC,FI-->SC,FI-->SC,FI-->SC,FI-->SC,FI-->SC,FI-->SC,FI-->SC,FI-->SC,FI-->SC
SL,SLE,Sierra Leone,Freetown,Africa,Western Africa,,SL-->FI,SL-->FI,SL-->FI,SL-->FI,SL-->FI,SL-->FI,SL-->FI,SL-->FI,SL-->FI,SL-->FI,SL-->FI,SL-->FI,SL-->FI,SL-->FI,SL-->FI,SL-->FI,SL-->FI,SL-->FI,SL-->FI,,,,,,,,,,,,,,,,,FI-->SL,FI-->SL,FI-->SL,FI-->SL,FI-->SL,FI-->SL,FI-->SL,FI-->SL,FI-->SL,FI-->SL,FI-->SL,FI-->SL,FI-->SL,FI-->SL,FI-->SL,FI-->SL,FI-->SL,FI-->SL,FI-->SL
SG,SGP,Singapore,Singapore,Asia,South-Eastern Asia,,SG-->FI,SG-->FI,SG-->FI,SG-->FI,SG-->FI,SG-->FI,SG-->FI,SG-->FI,SG-->FI,SG-->FI,SG-->FI,SG-->FI,SG-->FI,SG-->FI,SG-->FI,SG-->FI,SG-->FI,SG-->FI,SG-->FI,,,,,,,,,,,,,,,,,FI-->SG,FI-->SG,FI-->SG,FI-->SG,FI-->SG,FI-->SG,FI-->SG,FI-->SG,FI-->SG,FI-->SG,FI-->SG,FI-->SG,FI-->SG,FI-->SG,FI-->SG,FI-->SG,FI-->SG,FI-->SG,FI-->SG
SX,SXM,Sint Maarten,Philipsburg,Americas,Caribbean,,SX-->FI,SX-->FI,SX-->FI,SX-->FI,SX-->FI,SX-->FI,SX-->FI,SX-->FI,SX-->FI,SX-->FI,SX-->FI,SX-->FI,SX-->FI,SX-->FI,SX-->FI,SX-->FI,SX-->FI,SX-->FI,SX-->FI,,,,,,,,,,,,,,,,,FI-->SX,FI-->SX,FI-->SX,FI-->SX,FI-->SX,FI-->SX,FI-->SX,FI-->SX,FI-->SX,FI-->SX,FI-->SX,FI-->SX,FI-->SX,FI-->SX,FI-->SX,FI-->SX,FI-->SX,FI-->SX,FI-->SX
SK,SVK,Slovakia,Bratislava,Europe,Eastern Europe,,SK-->FI,SK-->FI,SK-->FI,SK-->FI,SK-->FI,SK-->FI,SK-->FI,SK-->FI,SK-->FI,SK-->FI,SK-->FI,SK-->FI,SK-->FI,SK-->FI,SK-->FI,SK-->FI,SK-->FI,SK-->FI,SK-->FI,,,,,,,,,,,,,,,,,FI-->SK,FI-->SK,FI-->SK,FI-->SK,FI-->SK,FI-->SK,FI-->SK,FI-->SK,FI-->SK,FI-->SK,FI-->SK,FI-->SK,FI-->SK,FI-->SK,FI-->SK,FI-->SK,FI-->SK,FI-->SK,FI-->SK
SI,SVN,Slovenia,Ljubljana,Europe,Southern Europe,,SI-->FI,SI-->FI,SI-->FI,SI-->FI,SI-->FI,SI-->FI,SI-->FI,SI-->FI,SI-->FI,SI-->FI,SI-->FI,SI-->FI,SI-->FI,SI-->FI,SI-->FI,SI-->FI,SI-->FI,SI-->FI,SI-->FI,,,,,,,,,,,,,,,,,FI-->SI,FI-->SI,FI-->SI,FI-->SI,FI-->SI,FI-->SI,FI-->SI,FI-->SI,FI-->SI,FI-->SI,FI-->SI,FI-->SI,FI-->SI,FI-->SI,FI-->SI,FI-->SI,FI-->SI,FI-->SI,FI-->SI
SB,SLB,Solomon Islands,Honiara,Oceania,Melanesia,,SB-->FI,SB-->FI,SB-->FI,SB-->FI,SB-->FI,SB-->FI,SB-->FI,SB-->FI,SB-->FI,SB-->FI,SB-->FI,SB-->FI,SB-->FI,SB-->FI,SB-->FI,SB-->FI,SB-->FI,SB-->FI,SB-->FI,,,,,,,,,,,,,,,,,FI-->SB,FI-->SB,FI-->SB,FI-->SB,FI-->SB,FI-->SB,FI-->SB,FI-->SB,FI-->SB,FI-->SB,FI-->SB,FI-->SB,FI-->SB,FI-->SB,FI-->SB,FI-->SB,FI-->SB,FI-->SB,FI-->SB
SO,SOM,Somalia,Mogadishu,Africa,Eastern Africa,,SO-->FI,SO-->FI,SO-->FI,SO-->FI,SO-->FI,SO-->FI,SO-->FI,SO-->FI,SO-->FI,SO-->FI,SO-->FI,SO-->FI,SO-->FI,SO-->FI,SO-->FI,SO-->FI,SO-->FI,SO-->FI,SO-->FI,,,,,,,,,,,,,,,,,FI-->SO,FI-->SO,FI-->SO,FI-->SO,FI-->SO,FI-->SO,FI-->SO,FI-->SO,FI-->SO,FI-->SO,FI-->SO,FI-->SO,FI-->SO,FI-->SO,FI-->SO,FI-->SO,FI-->SO,FI-->SO,FI-->SO
ZA,ZAF,South Africa,Pretoria,Africa,Southern Africa,,ZA-->FI,ZA-->FI,ZA-->FI,ZA-->FI,ZA-->FI,ZA-->FI,ZA-->FI,ZA-->FI,ZA-->FI,ZA-->FI,ZA-->FI,ZA-->FI,ZA-->FI,ZA-->FI,ZA-->FI,ZA-->FI,ZA-->FI,ZA-->FI,ZA-->FI,,,,,,,,,,,,,,,,,FI-->ZA,FI-->ZA,FI-->ZA,FI-->ZA,FI-->ZA,FI-->ZA,FI-->ZA,FI-->ZA,FI-->ZA,FI-->ZA,FI-->ZA,FI-->ZA,FI-->ZA,FI-->ZA,FI-->ZA,FI-->ZA,FI-->ZA,FI-->ZA,FI-->ZA
GS,SGS,South Georgia,King Edward Point,Americas,South America,,GS-->FI,GS-->FI,GS-->FI,GS-->FI,GS-->FI,GS-->FI,GS-->FI,GS-->FI,GS-->FI,GS-->FI,GS-->FI,GS-->FI,GS-->FI,GS-->FI,GS-->FI,GS-->FI,GS-->FI,GS-->FI,GS-->FI,,,,,,,,,,,,,,,,,FI-->GS,FI-->GS,FI-->GS,FI-->GS,FI-->GS,FI-->GS,FI-->GS,FI-->GS,FI-->GS,FI-->GS,FI-->GS,FI-->GS,FI-->GS,FI-->GS,FI-->GS,FI-->GS,FI-->GS,FI-->GS,FI-->GS
KR,KOR,South Korea,Seoul,Asia,Eastern Asia,,KR-->FI,KR-->FI,KR-->FI,KR-->FI,KR-->FI,KR-->FI,KR-->FI,KR-->FI,KR-->FI,KR-->FI,KR-->FI,KR-->FI,KR-->FI,KR-->FI,KR-->FI,KR-->FI,KR-->FI,KR-->FI,KR-->FI,,,,,,,,,,,,,,,,,FI-->KR,FI-->KR,FI-->KR,FI-->KR,FI-->KR,FI-->KR,FI-->KR,FI-->KR,FI-->KR,FI-->KR,FI-->KR,FI-->KR,FI-->KR,FI-->KR,FI-->KR,FI-->KR,FI-->KR,FI-->KR,FI-->KR
SS,SSD,South Sudan,Juba,Africa,Middle Africa,,SS-->FI,SS-->FI,SS-->FI,SS-->FI,SS-->FI,SS-->FI,SS-->FI,SS-->FI,SS-->FI,SS-->FI,SS-->FI,SS-->FI,SS-->FI,SS-->FI,SS-->FI,SS-->FI,SS-->FI,SS-->FI,SS-->FI,,,,,,,,,,,,,,,,,FI-->SS,FI-->SS,FI-->SS,FI-->SS,FI-->SS,FI-->SS,FI-->SS,FI-->SS,FI-->SS,FI-->SS,FI-->SS,FI-->SS,FI-->SS,FI-->SS,FI-->SS,FI-->SS,FI-->SS,FI-->SS,FI-->SS
ES,ESP,Spain,Madrid,Europe,Southern Europe,,ES-->FI,ES-->FI,ES-->FI,ES-->FI,ES-->FI,ES-->FI,ES-->FI,ES-->FI,ES-->FI,ES-->FI,ES-->FI,ES-->FI,ES-->FI,ES-->FI,ES-->FI,ES-->FI,ES-->FI,ES-->FI,ES-->FI,,,,,,,,,,,,,,,,,FI-->ES,FI-->ES,FI-->ES,FI-->ES,FI-->ES,FI-->ES,FI-->ES,FI-->ES,FI-->ES,FI-->ES,FI-->ES,FI-->ES,FI-->ES,FI-->ES,FI-->ES,FI-->ES,FI-->ES,FI-->ES,FI-->ES
LK,LKA,Sri Lanka,Colombo,Asia,Southern Asia,,LK-->FI,LK-->FI,LK-->FI,LK-->FI,LK-->FI,LK-->FI,LK-->FI,LK-->FI,LK-->FI,LK-->FI,LK-->FI,LK-->FI,LK-->FI,LK-->FI,LK-->FI,LK-->FI,LK-->FI,LK-->FI,LK-->FI,,,,,,,,,,,,,,,,,FI-->LK,FI-->LK,FI-->LK,FI-->LK,FI-->LK,FI-->LK,FI-->LK,FI-->LK,FI-->LK,FI-->LK,FI-->LK,FI-->LK,FI-->LK,FI-->LK,FI-->LK,FI-->LK,FI-->LK,FI-->LK,FI-->LK
SD,SDN,Sudan,Khartoum,Africa,Northern Africa,,SD-->FI,SD-->FI,SD-->FI,SD-->FI,SD-->FI,SD-->FI,SD-->FI,SD-->FI,SD-->FI,SD-->FI,SD-->FI,SD-->FI,SD-->FI,SD-->FI,SD-->FI,SD-->FI,SD-->FI,SD-->FI,SD-->FI,,,,,,,,,,,,,,,,,FI-->SD,FI-->SD,FI-->SD,FI-->SD,FI-->SD,FI-->SD,FI-->SD,FI-->SD,FI-->SD,FI-->SD,FI-->SD,FI-->SD,FI-->SD,FI-->SD,FI-->SD,FI-->SD,FI-->SD,FI-->SD,FI-->SD
SR,SUR,Suriname,Paramaribo,Americas,South America,,SR-->FI,SR-->FI,SR-->FI,SR-->FI,SR-->FI,SR-->FI,SR-->FI,SR-->FI,SR-->FI,SR-->FI,SR-->FI,SR-->FI,SR-->FI,SR-->FI,SR-->FI,SR-->FI,SR-->FI,SR-->FI,SR-->FI,,,,,,,,,,,,,,,,,FI-->SR,FI-->SR,FI-->SR,FI-->SR,FI-->SR,FI-->SR,FI-->SR,FI-->SR,FI-->SR,FI-->SR,FI-->SR,FI-->SR,FI-->SR,FI-->SR,FI-->SR,FI-->SR,FI-->SR,FI-->SR,FI-->SR
SJ,SJM,Svalbard and Jan Mayen,Longyearbyen,Europe,Northern Europe,,SJ-->FI,SJ-->FI,SJ-->FI,SJ-->FI,SJ-->FI,SJ-->FI,SJ-->FI,SJ-->FI,SJ-->FI,SJ-->FI,SJ-->FI,SJ-->FI,SJ-->FI,SJ-->FI,SJ-->FI,SJ-->FI,SJ-->FI,SJ-->FI,SJ-->FI,,,,,,,,,,,,,,,,,FI-->SJ,FI-->SJ,FI-->SJ,FI-->SJ,FI-->SJ,FI-->SJ,FI-->SJ,FI-->SJ,FI-->SJ,FI-->SJ,FI-->SJ,FI-->SJ,FI-->SJ,FI-->SJ,FI-->SJ,FI-->SJ,FI-->SJ,FI-->SJ,FI-->SJ
SZ,SWZ,Swaziland,Lobamba,Africa,Southern Africa,,SZ-->FI,SZ-->FI,SZ-->FI,SZ-->FI,SZ-->FI,SZ-->FI,SZ-->FI,SZ-->FI,SZ-->FI,SZ-->FI,SZ-->FI,SZ-->FI,SZ-->FI,SZ-->FI,SZ-->FI,SZ-->FI,SZ-->FI,SZ-->FI,SZ-->FI,,,,,,,,,,,,,,,,,FI-->SZ,FI-->SZ,FI-->SZ,FI-->SZ,FI-->SZ,FI-->SZ,FI-->SZ,FI-->SZ,FI-->SZ,FI-->SZ,FI-->SZ,FI-->SZ,FI-->SZ,FI-->SZ,FI-->SZ,FI-->SZ,FI-->SZ,FI-->SZ,FI-->SZ
SE,SWE,Sweden,Stockholm,Europe,Northern Europe,,SE-->FI,SE-->FI,SE-->FI,SE-->FI,SE-->FI,SE-->FI,SE-->FI,SE-->FI,SE-->FI,SE-->FI,SE-->FI,SE-->FI,SE-->FI,SE-->FI,SE-->FI,SE-->FI,SE-->FI,SE-->FI,SE-->FI,,,,,,,,,,,,,,,,,FI-->SE,FI-->SE,FI-->SE,FI-->SE,FI-->SE,FI-->SE,FI-->SE,FI-->SE,FI-->SE,FI-->SE,FI-->SE,FI-->SE,FI-->SE,FI-->SE,FI-->SE,FI-->SE,FI-->SE,FI-->SE,FI-->SE
CH,CHE,Switzerland,Bern,Europe,Western Europe,,CH-->FI,CH-->FI,CH-->FI,CH-->FI,CH-->FI,CH-->FI,CH-->FI,CH-->FI,CH-->FI,CH-->FI,CH-->FI,CH-->FI,CH-->FI,CH-->FI,CH-->FI,CH-->FI,CH-->FI,CH-->FI,CH-->FI,,,,,,,,,,,,,,,,,FI-->CH,FI-->CH,FI-->CH,FI-->CH,FI-->CH,FI-->CH,FI-->CH,FI-->CH,FI-->CH,FI-->CH,FI-->CH,FI-->CH,FI-->CH,FI-->CH,FI-->CH,FI-->CH,FI-->CH,FI-->CH,FI-->CH
SY,SYR,Syria,Damascus,Asia,Western Asia,,SY-->FI,SY-->FI,SY-->FI,SY-->FI,SY-->FI,SY-->FI,SY-->FI,SY-->FI,SY-->FI,SY-->FI,SY-->FI,SY-->FI,SY-->FI,SY-->FI,SY-->FI,SY-->FI,SY-->FI,SY-->FI,SY-->FI,,,,,,,,,,,,,,,,,FI-->SY,FI-->SY,FI-->SY,FI-->SY,FI-->SY,FI-->SY,FI-->SY,FI-->SY,FI-->SY,FI-->SY,FI-->SY,FI-->SY,FI-->SY,FI-->SY,FI-->SY,FI-->SY,FI-->SY,FI-->SY,FI-->SY
TW,TWN,Taiwan,Taipei,Asia,Eastern Asia,,TW-->FI,TW-->FI,TW-->FI,TW-->FI,TW-->FI,TW-->FI,TW-->FI,TW-->FI,TW-->FI,TW-->FI,TW-->FI,TW-->FI,TW-->FI,TW-->FI,TW-->FI,TW-->FI,TW-->FI,TW-->FI,TW-->FI,,,,,,,,,,,,,,,,,FI-->TW,FI-->TW,FI-->TW,FI-->TW,FI-->TW,FI-->TW,FI-->TW,FI-->TW,FI-->TW,FI-->TW,FI-->TW,FI-->TW,FI-->TW,FI-->TW,FI-->TW,FI-->TW,FI-->TW,FI-->TW,FI-->TW
TJ,TJK,Tajikistan,Dushanbe,Asia,Central Asia,,TJ-->FI,TJ-->FI,TJ-->FI,TJ-->FI,TJ-->FI,TJ-->FI,TJ-->FI,TJ-->FI,TJ-->FI,TJ-->FI,TJ-->FI,TJ-->FI,TJ-->FI,TJ-->FI,TJ-->FI,TJ-->FI,TJ-->FI,TJ-->FI,TJ-->FI,,,,,,,,,,,,,,,,,FI-->TJ,FI-->TJ,FI-->TJ,FI-->TJ,FI-->TJ,FI-->TJ,FI-->TJ,FI-->TJ,FI-->TJ,FI-->TJ,FI-->TJ,FI-->TJ,FI-->TJ,FI-->TJ,FI-->TJ,FI-->TJ,FI-->TJ,FI-->TJ,FI-->TJ
TZ,TZA,Tanzania,Dodoma,Africa,Eastern Africa,,TZ-->FI,TZ-->FI,TZ-->FI,TZ-->FI,TZ-->FI,TZ-->FI,TZ-->FI,TZ-->FI,TZ-->FI,TZ-->FI,TZ-->FI,TZ-->FI,TZ-->FI,TZ-->FI,TZ-->FI,TZ-->FI,TZ-->FI,TZ-->FI,TZ-->FI,,,,,,,,,,,,,,,,,FI-->TZ,FI-->TZ,FI-->TZ,FI-->TZ,FI-->TZ,FI-->TZ,FI-->TZ,FI-->TZ,FI-->TZ,FI-->TZ,FI-->TZ,FI-->TZ,FI-->TZ,FI-->TZ,FI-->TZ,FI-->TZ,FI-->TZ,FI-->TZ,FI-->TZ
TH,THA,Thailand,Bangkok,Asia,South-Eastern Asia,,TH-->FI,TH-->FI,TH-->FI,TH-->FI,TH-->FI,TH-->FI,TH-->FI,TH-->FI,TH-->FI,TH-->FI,TH-->FI,TH-->FI,TH-->FI,TH-->FI,TH-->FI,TH-->FI,TH-->FI,TH-->FI,TH-->FI,,,,,,,,,,,,,,,,,FI-->TH,FI-->TH,FI-->TH,FI-->TH,FI-->TH,FI-->TH,FI-->TH,FI-->TH,FI-->TH,FI-->TH,FI-->TH,FI-->TH,FI-->TH,FI-->TH,FI-->TH,FI-->TH,FI-->TH,FI-->TH,FI-->TH
TL,TLS,East Timor,Dili,Asia,South-Eastern Asia,,TL-->FI,TL-->FI,TL-->FI,TL-->FI,TL-->FI,TL-->FI,TL-->FI,TL-->FI,TL-->FI,TL-->FI,TL-->FI,TL-->FI,TL-->FI,TL-->FI,TL-->FI,TL-->FI,TL-->FI,TL-->FI,TL-->FI,,,,,,,,,,,,,,,,,FI-->TL,FI-->TL,FI-->TL,FI-->TL,FI-->TL,FI-->TL,FI-->TL,FI-->TL,FI-->TL,FI-->TL,FI-->TL,FI-->TL,FI-->TL,FI-->TL,FI-->TL,FI-->TL,FI-->TL,FI-->TL,FI-->TL
TG,TGO,Togo,Lomé,Africa,Western Africa,,TG-->FI,TG-->FI,TG-->FI,TG-->FI,TG-->FI,TG-->FI,TG-->FI,TG-->FI,TG-->FI,TG-->FI,TG-->FI,TG-->FI,TG-->FI,TG-->FI,TG-->FI,TG-->FI,TG-->FI,TG-->FI,TG-->FI,,,,,,,,,,,,,,,,,FI-->TG,FI-->TG,FI-->TG,FI-->TG,FI-->TG,FI-->TG,FI-->TG,FI-->TG,FI-->TG,FI-->TG,FI-->TG,FI-->TG,FI-->TG,FI-->TG,FI-->TG,FI-->TG,FI-->TG,FI-->TG,FI-->TG
TK,TKL,Tokelau,Fakaofo,Oceania,Polynesia,,TK-->FI,TK-->FI,TK-->FI,TK-->FI,TK-->FI,TK-->FI,TK-->FI,TK-->FI,TK-->FI,TK-->FI,TK-->FI,TK-->FI,TK-->FI,TK-->FI,TK-->FI,TK-->FI,TK-->FI,TK-->FI,TK-->FI,,,,,,,,,,,,,,,,,FI-->TK,FI-->TK,FI-->TK,FI-->TK,FI-->TK,FI-->TK,FI-->TK,FI-->TK,FI-->TK,FI-->TK,FI-->TK,FI-->TK,FI-->TK,FI-->TK,FI-->TK,FI-->TK,FI-->TK,FI-->TK,FI-->TK
TO,TON,Tonga,Nuku'alofa,Oceania,Polynesia,,TO-->FI,TO-->FI,TO-->FI,TO-->FI,TO-->FI,TO-->FI,TO-->FI,TO-->FI,TO-->FI,TO-->FI,TO-->FI,TO-->FI,TO-->FI,TO-->FI,TO-->FI,TO-->FI,TO-->FI,TO-->FI,TO-->FI,,,,,,,,,,,,,,,,,FI-->TO,FI-->TO,FI-->TO,FI-->TO,FI-->TO,FI-->TO,FI-->TO,FI-->TO,FI-->TO,FI-->TO,FI-->TO,FI-->TO,FI-->TO,FI-->TO,FI-->TO,FI-->TO,FI-->TO,FI-->TO,FI-->TO
TT,TTO,Trinidad and Tobago,Port of Spain,Americas,Caribbean,,TT-->FI,TT-->FI,TT-->FI,TT-->FI,TT-->FI,TT-->FI,TT-->FI,TT-->FI,TT-->FI,TT-->FI,TT-->FI,TT-->FI,TT-->FI,TT-->FI,TT-->FI,TT-->FI,TT-->FI,TT-->FI,TT-->FI,,,,,,,,,,,,,,,,,FI-->TT,FI-->TT,FI-->TT,FI-->TT,FI-->TT,FI-->TT,FI-->TT,FI-->TT,FI-->TT,FI-->TT,FI-->TT,FI-->TT,FI-->TT,FI-->TT,FI-->TT,FI-->TT,FI-->TT,FI-->TT,FI-->TT
TN,TUN,Tunisia,Tunis,Africa,Northern Africa,,TN-->FI,TN-->FI,TN-->FI,TN-->FI,TN-->FI,TN-->FI,TN-->FI,TN-->FI,TN-->FI,TN-->FI,TN-->FI,TN-->FI,TN-->FI,TN-->FI,TN-->FI,TN-->FI,TN-->FI,TN-->FI,TN-->FI,,,,,,,,,,,,,,,,,FI-->TN,FI-->TN,FI-->TN,FI-->TN,FI-->TN,FI-->TN,FI-->TN,FI-->TN,FI-->TN,FI-->TN,FI-->TN,FI-->TN,FI-->TN,FI-->TN,FI-->TN,FI-->TN,FI-->TN,FI-->TN,FI-->TN
TR,TUR,Turkey,Ankara,Asia,Western Asia,,TR-->FI,TR-->FI,TR-->FI,TR-->FI,TR-->FI,TR-->FI,TR-->FI,TR-->FI,TR-->FI,TR-->FI,TR-->FI,TR-->FI,TR-->FI,TR-->FI,TR-->FI,TR-->FI,TR-->FI,TR-->FI,TR-->FI,,,,,,,,,,,,,,,,,FI-->TR,FI-->TR,FI-->TR,FI-->TR,FI-->TR,FI-->TR,FI-->TR,FI-->TR,FI-->TR,FI-->TR,FI-->TR,FI-->TR,FI-->TR,FI-->TR,FI-->TR,FI-->TR,FI-->TR,FI-->TR,FI-->TR
TM,TKM,Turkmenistan,Ashgabat,Asia,Central Asia,,TM-->FI,TM-->FI,TM-->FI,TM-->FI,TM-->FI,TM-->FI,TM-->FI,TM-->FI,TM-->FI,TM-->FI,TM-->FI,TM-->FI,TM-->FI,TM-->FI,TM-->FI,TM-->FI,TM-->FI,TM-->FI,TM-->FI,,,,,,,,,,,,,,,,,FI-->TM,FI-->TM,FI-->TM,FI-->TM,FI-->TM,FI-->TM,FI-->TM,FI-->TM,FI-->TM,FI-->TM,FI-->TM,FI-->TM,FI-->TM,FI-->TM,FI-->TM,FI-->TM,FI-->TM,FI-->TM,FI-->TM
TC,TCA,Turks and Caicos Islands,Cockburn Town,Americas,Caribbean,,TC-->FI,TC-->FI,TC-->FI,TC-->FI,TC-->FI,TC-->FI,TC-->FI,TC-->FI,TC-->FI,TC-->FI,TC-->FI,TC-->FI,TC-->FI,TC-->FI,TC-->FI,TC-->FI,TC-->FI,TC-->FI,TC-->FI,,,,,,,,,,,,,,,,,FI-->TC,FI-->TC,FI-->TC,FI-->TC,FI-->TC,FI-->TC,FI-->TC,FI-->TC,FI-->TC,FI-->TC,FI-->TC,FI-->TC,FI-->TC,FI-->TC,FI-->TC,FI-->TC,FI-->TC,FI-->TC,FI-->TC
TV,TUV,Tuvalu,Funafuti,Oceania,Polynesia,,TV-->FI,TV-->FI,TV-->FI,TV-->FI,TV-->FI,TV-->FI,TV-->FI,TV-->FI,TV-->FI,TV-->FI,TV-->FI,TV-->FI,TV-->FI,TV-->FI,TV-->FI,TV-->FI,TV-->FI,TV-->FI,TV-->FI,,,,,,,,,,,,,,,,,FI-->TV,FI-->TV,FI-->TV,FI-->TV,FI-->TV,FI-->TV,FI-->TV,FI-->TV,FI-->TV,FI-->TV,FI-->TV,FI-->TV,FI-->TV,FI-->TV,FI-->TV,FI-->TV,FI-->TV,FI-->TV,FI-->TV
UG,UGA,Uganda,Kampala,Africa,Eastern Africa,,UG-->FI,UG-->FI,UG-->FI,UG-->FI,UG-->FI,UG-->FI,UG-->FI,UG-->FI,UG-->FI,UG-->FI,UG-->FI,UG-->FI,UG-->FI,UG-->FI,UG-->FI,UG-->FI,UG-->FI,UG-->FI,UG-->FI,,,,,,,,,,,,,,,,,FI-->UG,FI-->UG,FI-->UG,FI-->UG,FI-->UG,FI-->UG,FI-->UG,FI-->UG,FI-->UG,FI-->UG,FI-->UG,FI-->UG,FI-->UG,FI-->UG,FI-->UG,FI-->UG,FI-->UG,FI-->UG,FI-->UG
UA,UKR,Ukraine,Kiev,Europe,Eastern Europe,,UA-->FI,UA-->FI,UA-->FI,UA-->FI,UA-->FI,UA-->FI,UA-->FI,UA-->FI,UA-->FI,UA-->FI,UA-->FI,UA-->FI,UA-->FI,UA-->FI,UA-->FI,UA-->FI,UA-->FI,UA-->FI,UA-->FI,,,,,,,,,,,,,,,,,FI-->UA,FI-->UA,FI-->UA,FI-->UA,FI-->UA,FI-->UA,FI-->UA,FI-->UA,FI-->UA,FI-->UA,FI-->UA,FI-->UA,FI-->UA,FI-->UA,FI-->UA,FI-->UA,FI-->UA,FI-->UA,FI-->UA
AE,ARE,United Arab Emirates,Abu Dhabi,Asia,Western Asia,,AE-->FI,AE-->FI,AE-->FI,AE-->FI,AE-->FI,AE-->FI,AE-->FI,AE-->FI,AE-->FI,AE-->FI,AE-->FI,AE-->FI,AE-->FI,AE-->FI,AE-->FI,AE-->FI,AE-->FI,AE-->FI,AE-->FI,,,,,,,,,,,,,,,,,FI-->AE,FI-->AE,FI-->AE,FI-->AE,FI-->AE,FI-->AE,FI-->AE,FI-->AE,FI-->AE,FI-->AE,FI-->AE,FI-->AE,FI-->AE,FI-->AE,FI-->AE,FI-->AE,FI-->AE,FI-->AE,FI-->AE
GB,GBR,United Kingdom,London,Europe,Northern Europe,,GB-->FI,GB-->FI,GB-->FI,GB-->FI,GB-->FI,GB-->FI,GB-->FI,GB-->FI,GB-->FI,GB-->FI,GB-->FI,GB-->FI,GB-->FI,GB-->FI,GB-->FI,GB-->FI,GB-->FI,GB-->FI,GB-->FI,,,,,,,,,,,,,,,,,FI-->GB,FI-->GB,FI-->GB,FI-->GB,FI-->GB,FI-->GB,FI-->GB,FI-->GB,FI-->GB,FI-->GB,FI-->GB,FI-->GB,FI-->GB,FI-->GB,FI-->GB,FI-->GB,FI-->GB,FI-->GB,FI-->GB
US,USA,United States,"Washington, D.C.",Americas,Northern America,,US-->FI,US-->FI,US-->FI,US-->FI,US-->FI,US-->FI,US-->FI,US-->FI,US-->FI,US-->FI,US-->FI,US-->FI,US-->FI,US-->FI,US-->FI,US-->FI,US-->FI,US-->FI,US-->FI,,,,,,,,,,,,,,,,,FI-->US,FI-->US,FI-->US,FI-->US,FI-->US,FI-->US,FI-->US,FI-->US,FI-->US,FI-->US,FI-->US,FI-->US,FI-->US,FI-->US,FI-->US,FI-->US,FI-->US,FI-->US,FI-->US
UY,URY,Uruguay,Montevideo,Americas,South America,,UY-->FI,UY-->FI,UY-->FI,UY-->FI,UY-->FI,UY-->FI,UY-->FI,UY-->FI,UY-->FI,UY-->FI,UY-->FI,UY-->FI,UY-->FI,UY-->FI,UY-->FI,UY-->FI,UY-->FI,UY-->FI,UY-->FI,,,,,,,,,,,,,,,,,FI-->UY,FI-->UY,FI-->UY,FI-->UY,FI-->UY,FI-->UY,FI-->UY,FI-->UY,FI-->UY,FI-->UY,FI-->UY,FI-->UY,FI-->UY,FI-->UY,FI-->UY,FI-->UY,FI-->UY,FI-->UY,FI-->UY
UZ,UZB,Uzbekistan,Tashkent,Asia,Central Asia,,UZ-->FI,UZ-->FI,UZ-->FI,UZ-->FI,UZ-->FI,UZ-->FI,UZ-->FI,UZ-->FI,UZ-->FI,UZ-->FI,UZ-->FI,UZ-->FI,UZ-->FI,UZ-->FI,UZ-->FI,UZ-->FI,UZ-->FI,UZ-->FI,UZ-->FI,,,,,,,,,,,,,,,,,FI-->UZ,FI-->UZ,FI-->UZ,FI-->UZ,FI-->UZ,FI-->UZ,FI-->UZ,FI-->UZ,FI-->UZ,FI-->UZ,FI-->UZ,FI-->UZ,FI-->UZ,FI-->UZ,FI-->UZ,FI-->UZ,FI-->UZ,FI-->UZ,FI-->UZ
VU,VUT,Vanuatu,Port Vila,Oceania,Melanesia,,VU-->FI,VU-->FI,VU-->FI,VU-->FI,VU-->FI,VU-->FI,VU-->FI,VU-->FI,VU-->FI,VU-->FI,VU-->FI,VU-->FI,VU-->FI,VU-->FI,VU-->FI,VU-->FI,VU-->FI,VU-->FI,VU-->FI,,,,,,,,,,,,,,,,,FI-->VU,FI-->VU,FI-->VU,FI-->VU,FI-->VU,FI-->VU,FI-->VU,FI-->VU,FI-->VU,FI-->VU,FI-->VU,FI-->VU,FI-->VU,FI-->VU,FI-->VU,FI-->VU,FI-->VU,FI-->VU,FI-->VU
VE,VEN,Venezuela,Caracas,Americas,South America,,VE-->FI,VE-->FI,VE-->FI,VE-->FI,VE-->FI,VE-->FI,VE-->FI,VE-->FI,VE-->FI,VE-->FI,VE-->FI,VE-->FI,VE-->FI,VE-->FI,VE-->FI,VE-->FI,VE-->FI,VE-->FI,VE-->FI,,,,,,,,,,,,,,,,,FI-->VE,FI-->VE,FI-->VE,FI-->VE,FI-->VE,FI-->VE,FI-->VE,FI-->VE,FI-->VE,FI-->VE,FI-->VE,FI-->VE,FI-->VE,FI-->VE,FI-->VE,FI-->VE,FI-->VE,FI-->VE,FI-->VE
VN,VNM,Vietnam,Hanoi,Asia,South-Eastern Asia,,VN-->FI,VN-->FI,VN-->FI,VN-->FI,VN-->FI,VN-->FI,VN-->FI,VN-->FI,VN-->FI,VN-->FI,VN-->FI,VN-->FI,VN-->FI,VN-->FI,VN-->FI,VN-->FI,VN-->FI,VN-->FI,VN-->FI,,,,,,,,,,,,,,,,,FI-->VN,FI-->VN,FI-->VN,FI-->VN,FI-->VN,FI-->VN,FI-->VN,FI-->VN,FI-->VN,FI-->VN,FI-->VN,FI-->VN,FI-->VN,FI-->VN,FI-->VN,FI-->VN,FI-->VN,FI-->VN,FI-->VN
WF,WLF,Wallis and Futuna,Mata-Utu,Oceania,Polynesia,,WF-->FI,WF-->FI,WF-->FI,WF-->FI,WF-->FI,WF-->FI,WF-->FI,WF-->FI,WF-->FI,WF-->FI,WF-->FI,WF-->FI,WF-->FI,WF-->FI,WF-->FI,WF-->FI,WF-->FI,WF-->FI,WF-->FI,,,,,,,,,,,,,,,,,FI-->WF,FI-->WF,FI-->WF,FI-->WF,FI-->WF,FI-->WF,FI-->WF,FI-->WF,FI-->WF,FI-->WF,FI-->WF,FI-->WF,FI-->WF,FI-->WF,FI-->WF,FI-->WF,FI-->WF,FI-->WF,FI-->WF
EH,ESH,Western Sahara,El Aaiún,Africa,Northern Africa,,EH-->FI,EH-->FI,EH-->FI,EH-->FI,EH-->FI,EH-->FI,EH-->FI,EH-->FI,EH-->FI,EH-->FI,EH-->FI,EH-->FI,EH-->FI,EH-->FI,EH-->FI,EH-->FI,EH-->FI,EH-->FI,EH-->FI,,,,,,,,,,,,,,,,,FI-->EH,FI-->EH,FI-->EH,FI-->EH,FI-->EH,FI-->EH,FI-->EH,FI-->EH,FI-->EH,FI-->EH,FI-->EH,FI-->EH,FI-->EH,FI-->EH,FI-->EH,FI-->EH,FI-->EH,FI-->EH,FI-->EH
YE,YEM,Yemen,Sana'a,Asia,Western Asia,,YE-->FI,YE-->FI,YE-->FI,YE-->FI,YE-->FI,YE-->FI,YE-->FI,YE-->FI,YE-->FI,YE-->FI,YE-->FI,YE-->FI,YE-->FI,YE-->FI,YE-->FI,YE-->FI,YE-->FI,YE-->FI,YE-->FI,,,,,,,,,,,,,,,,,FI-->YE,FI-->YE,FI-->YE,FI-->YE,FI-->YE,FI-->YE,FI-->YE,FI-->YE,FI-->YE,FI-->YE,FI-->YE,FI-->YE,FI-->YE,FI-->YE,FI-->YE,FI-->YE,FI-->YE,FI-->YE,FI-->YE
ZM,ZMB,Zambia,Lusaka,Africa,Eastern Africa,,ZM-->FI,ZM-->FI,ZM-->FI,ZM-->FI,ZM-->FI,ZM-->FI,ZM-->FI,ZM-->FI,ZM-->FI,ZM-->FI,ZM-->FI,ZM-->FI,ZM-->FI,ZM-->FI,ZM-->FI,ZM-->FI,ZM-->FI,ZM-->FI,ZM-->FI,,,,,,,,,,,,,,,,,FI-->ZM,FI-->ZM,FI-->ZM,FI-->ZM,FI-->ZM,FI-->ZM,FI-->ZM,FI-->ZM,FI-->ZM,FI-->ZM,FI-->ZM,FI-->ZM,FI-->ZM,FI-->ZM,FI-->ZM,FI-->ZM,FI-->ZM,FI-->ZM,FI-->ZM
ZW,ZWE,Zimbabwe,Harare,Africa,Eastern Africa,,ZW-->FI,ZW-->FI,ZW-->FI,ZW-->FI,ZW-->FI,ZW-->FI,ZW-->FI,ZW-->FI,ZW-->FI,ZW-->FI,ZW-->FI,ZW-->FI,ZW-->FI,ZW-->FI,ZW-->FI,ZW-->FI,ZW-->FI,ZW-->FI,ZW-->FI,,,,,,,,,,,,,,,,,FI-->ZW,FI-->ZW,FI-->ZW,FI-->ZW,FI-->ZW,FI-->ZW,FI-->ZW,FI-->ZW,FI-->ZW,FI-->ZW,FI-->ZW,FI-->ZW,FI-->ZW,FI-->ZW,FI-->ZW,FI-->ZW,FI-->ZW,FI-->ZW,FI-->ZW
