nu,code,name,capital,region,subregion,Unnamed: 6,quara/into/where/e,quara/into/where/v,quara/into/where/uv,quara/into/min/e,quara/into/min/v,quara/into/min/uv,quara/into/max/e,quara/into/max/v,quara/into/max/uv,quara/into/comment,test/into/pcr/e,test/into/pcr/v,test/into/pcr/uv,test/into/ag/e,test/into/ag/v,test/into/ag/uv,test/into/comment,visa/into,visa/into/comment,loadStates/into,Unnamed: 27,Unnamed: 28,Unnamed: 29,Unnamed: 30,Unnamed: 31,Unnamed: 32,Unnamed: 33,Unnamed: 34,Unnamed: 35,Unnamed: 36,Unnamed: 37,Unnamed: 38,Unnamed: 39,Unnamed: 40,Unnamed: 41,quara/out/where/e,quara/out/where/v,quara/out/where/uv,quara/out/min/e,quara/out/min/v,quara/out/min/uv,quara/out/max/e,quara/out/max/v,quara/out/max/uv,quara/out/comment,test/out/pcr/e,test/out/pcr/v,test/out/pcr/uv,test/out/ag/e,test/out/ag/v,test/out/ag/uv,test/out/comment,visa/out,visa/out/comment
AF,AFG,Afghanistan,Kabul,Asia,Southern Asia,,AF-->TZ,AF-->TZ,AF-->TZ,AF-->TZ,AF-->TZ,AF-->TZ,AF-->TZ,AF-->TZ,AF-->TZ,AF-->TZ,AF-->TZ,AF-->TZ,AF-->TZ,AF-->TZ,AF-->TZ,AF-->TZ,AF-->TZ,AF-->TZ,AF-->TZ,,,,,,,,,,,,,,,,,TZ-->AF,TZ-->AF,TZ-->AF,TZ-->AF,TZ-->AF,TZ-->AF,TZ-->AF,TZ-->AF,TZ-->AF,TZ-->AF,TZ-->AF,TZ-->AF,TZ-->AF,TZ-->AF,TZ-->AF,TZ-->AF,TZ-->AF,TZ-->AF,TZ-->AF
AX,ALA,Åland Islands,Mariehamn,Europe,Northern Europe,,AX-->TZ,AX-->TZ,AX-->TZ,AX-->TZ,AX-->TZ,AX-->TZ,AX-->TZ,AX-->TZ,AX-->TZ,AX-->TZ,AX-->TZ,AX-->TZ,AX-->TZ,AX-->TZ,AX-->TZ,AX-->TZ,AX-->TZ,AX-->TZ,AX-->TZ,,,,,,,,,,,,,,,,,TZ-->AX,TZ-->AX,TZ-->AX,TZ-->AX,TZ-->AX,TZ-->AX,TZ-->AX,TZ-->AX,TZ-->AX,TZ-->AX,TZ-->AX,TZ-->AX,TZ-->AX,TZ-->AX,TZ-->AX,TZ-->AX,TZ-->AX,TZ-->AX,TZ-->AX
AL,ALB,Albania,Tirana,Europe,Southern Europe,,AL-->TZ,AL-->TZ,AL-->TZ,AL-->TZ,AL-->TZ,AL-->TZ,AL-->TZ,AL-->TZ,AL-->TZ,AL-->TZ,AL-->TZ,AL-->TZ,AL-->TZ,AL-->TZ,AL-->TZ,AL-->TZ,AL-->TZ,AL-->TZ,AL-->TZ,,,,,,,,,,,,,,,,,TZ-->AL,TZ-->AL,TZ-->AL,TZ-->AL,TZ-->AL,TZ-->AL,TZ-->AL,TZ-->AL,TZ-->AL,TZ-->AL,TZ-->AL,TZ-->AL,TZ-->AL,TZ-->AL,TZ-->AL,TZ-->AL,TZ-->AL,TZ-->AL,TZ-->AL
DZ,DZA,Algeria,Algiers,Africa,Northern Africa,,DZ-->TZ,DZ-->TZ,DZ-->TZ,DZ-->TZ,DZ-->TZ,DZ-->TZ,DZ-->TZ,DZ-->TZ,DZ-->TZ,DZ-->TZ,DZ-->TZ,DZ-->TZ,DZ-->TZ,DZ-->TZ,DZ-->TZ,DZ-->TZ,DZ-->TZ,DZ-->TZ,DZ-->TZ,,,,,,,,,,,,,,,,,TZ-->DZ,TZ-->DZ,TZ-->DZ,TZ-->DZ,TZ-->DZ,TZ-->DZ,TZ-->DZ,TZ-->DZ,TZ-->DZ,TZ-->DZ,TZ-->DZ,TZ-->DZ,TZ-->DZ,TZ-->DZ,TZ-->DZ,TZ-->DZ,TZ-->DZ,TZ-->DZ,TZ-->DZ
AS,ASM,American Samoa,Pago Pago,Oceania,Polynesia,,AS-->TZ,AS-->TZ,AS-->TZ,AS-->TZ,AS-->TZ,AS-->TZ,AS-->TZ,AS-->TZ,AS-->TZ,AS-->TZ,AS-->TZ,AS-->TZ,AS-->TZ,AS-->TZ,AS-->TZ,AS-->TZ,AS-->TZ,AS-->TZ,AS-->TZ,,,,,,,,,,,,,,,,,TZ-->AS,TZ-->AS,TZ-->AS,TZ-->AS,TZ-->AS,TZ-->AS,TZ-->AS,TZ-->AS,TZ-->AS,TZ-->AS,TZ-->AS,TZ-->AS,TZ-->AS,TZ-->AS,TZ-->AS,TZ-->AS,TZ-->AS,TZ-->AS,TZ-->AS
AD,AND,Andorra,Andorra la Vella,Europe,Southern Europe,,AD-->TZ,AD-->TZ,AD-->TZ,AD-->TZ,AD-->TZ,AD-->TZ,AD-->TZ,AD-->TZ,AD-->TZ,AD-->TZ,AD-->TZ,AD-->TZ,AD-->TZ,AD-->TZ,AD-->TZ,AD-->TZ,AD-->TZ,AD-->TZ,AD-->TZ,,,,,,,,,,,,,,,,,TZ-->AD,TZ-->AD,TZ-->AD,TZ-->AD,TZ-->AD,TZ-->AD,TZ-->AD,TZ-->AD,TZ-->AD,TZ-->AD,TZ-->AD,TZ-->AD,TZ-->AD,TZ-->AD,TZ-->AD,TZ-->AD,TZ-->AD,TZ-->AD,TZ-->AD
AO,AGO,Angola,Luanda,Africa,Middle Africa,,AO-->TZ,AO-->TZ,AO-->TZ,AO-->TZ,AO-->TZ,AO-->TZ,AO-->TZ,AO-->TZ,AO-->TZ,AO-->TZ,AO-->TZ,AO-->TZ,AO-->TZ,AO-->TZ,AO-->TZ,AO-->TZ,AO-->TZ,AO-->TZ,AO-->TZ,,,,,,,,,,,,,,,,,TZ-->AO,TZ-->AO,TZ-->AO,TZ-->AO,TZ-->AO,TZ-->AO,TZ-->AO,TZ-->AO,TZ-->AO,TZ-->AO,TZ-->AO,TZ-->AO,TZ-->AO,TZ-->AO,TZ-->AO,TZ-->AO,TZ-->AO,TZ-->AO,TZ-->AO
AI,AIA,Anguilla,The Valley,Americas,Caribbean,,AI-->TZ,AI-->TZ,AI-->TZ,AI-->TZ,AI-->TZ,AI-->TZ,AI-->TZ,AI-->TZ,AI-->TZ,AI-->TZ,AI-->TZ,AI-->TZ,AI-->TZ,AI-->TZ,AI-->TZ,AI-->TZ,AI-->TZ,AI-->TZ,AI-->TZ,,,,,,,,,,,,,,,,,TZ-->AI,TZ-->AI,TZ-->AI,TZ-->AI,TZ-->AI,TZ-->AI,TZ-->AI,TZ-->AI,TZ-->AI,TZ-->AI,TZ-->AI,TZ-->AI,TZ-->AI,TZ-->AI,TZ-->AI,TZ-->AI,TZ-->AI,TZ-->AI,TZ-->AI
AQ,ATA,Antarctica,,Polar,,,AQ-->TZ,AQ-->TZ,AQ-->TZ,AQ-->TZ,AQ-->TZ,AQ-->TZ,AQ-->TZ,AQ-->TZ,AQ-->TZ,AQ-->TZ,AQ-->TZ,AQ-->TZ,AQ-->TZ,AQ-->TZ,AQ-->TZ,AQ-->TZ,AQ-->TZ,AQ-->TZ,AQ-->TZ,,,,,,,,,,,,,,,,,TZ-->AQ,TZ-->AQ,TZ-->AQ,TZ-->AQ,TZ-->AQ,TZ-->AQ,TZ-->AQ,TZ-->AQ,TZ-->AQ,TZ-->AQ,TZ-->AQ,TZ-->AQ,TZ-->AQ,TZ-->AQ,TZ-->AQ,TZ-->AQ,TZ-->AQ,TZ-->AQ,TZ-->AQ
AG,ATG,Antigua and Barbuda,Saint John's,Americas,Caribbean,,AG-->TZ,AG-->TZ,AG-->TZ,AG-->TZ,AG-->TZ,AG-->TZ,AG-->TZ,AG-->TZ,AG-->TZ,AG-->TZ,AG-->TZ,AG-->TZ,AG-->TZ,AG-->TZ,AG-->TZ,AG-->TZ,AG-->TZ,AG-->TZ,AG-->TZ,,,,,,,,,,,,,,,,,TZ-->AG,TZ-->AG,TZ-->AG,TZ-->AG,TZ-->AG,TZ-->AG,TZ-->AG,TZ-->AG,TZ-->AG,TZ-->AG,TZ-->AG,TZ-->AG,TZ-->AG,TZ-->AG,TZ-->AG,TZ-->AG,TZ-->AG,TZ-->AG,TZ-->AG
AR,ARG,Argentina,Buenos Aires,Americas,South America,,AR-->TZ,AR-->TZ,AR-->TZ,AR-->TZ,AR-->TZ,AR-->TZ,AR-->TZ,AR-->TZ,AR-->TZ,AR-->TZ,AR-->TZ,AR-->TZ,AR-->TZ,AR-->TZ,AR-->TZ,AR-->TZ,AR-->TZ,AR-->TZ,AR-->TZ,,,,,,,,,,,,,,,,,TZ-->AR,TZ-->AR,TZ-->AR,TZ-->AR,TZ-->AR,TZ-->AR,TZ-->AR,TZ-->AR,TZ-->AR,TZ-->AR,TZ-->AR,TZ-->AR,TZ-->AR,TZ-->AR,TZ-->AR,TZ-->AR,TZ-->AR,TZ-->AR,TZ-->AR
AM,ARM,Armenia,Yerevan,Asia,Western Asia,,AM-->TZ,AM-->TZ,AM-->TZ,AM-->TZ,AM-->TZ,AM-->TZ,AM-->TZ,AM-->TZ,AM-->TZ,AM-->TZ,AM-->TZ,AM-->TZ,AM-->TZ,AM-->TZ,AM-->TZ,AM-->TZ,AM-->TZ,AM-->TZ,AM-->TZ,,,,,,,,,,,,,,,,,TZ-->AM,TZ-->AM,TZ-->AM,TZ-->AM,TZ-->AM,TZ-->AM,TZ-->AM,TZ-->AM,TZ-->AM,TZ-->AM,TZ-->AM,TZ-->AM,TZ-->AM,TZ-->AM,TZ-->AM,TZ-->AM,TZ-->AM,TZ-->AM,TZ-->AM
AW,ABW,Aruba,Oranjestad,Americas,Caribbean,,AW-->TZ,AW-->TZ,AW-->TZ,AW-->TZ,AW-->TZ,AW-->TZ,AW-->TZ,AW-->TZ,AW-->TZ,AW-->TZ,AW-->TZ,AW-->TZ,AW-->TZ,AW-->TZ,AW-->TZ,AW-->TZ,AW-->TZ,AW-->TZ,AW-->TZ,,,,,,,,,,,,,,,,,TZ-->AW,TZ-->AW,TZ-->AW,TZ-->AW,TZ-->AW,TZ-->AW,TZ-->AW,TZ-->AW,TZ-->AW,TZ-->AW,TZ-->AW,TZ-->AW,TZ-->AW,TZ-->AW,TZ-->AW,TZ-->AW,TZ-->AW,TZ-->AW,TZ-->AW
AU,AUS,Australia,Canberra,Oceania,Australia and New Zealand,,AU-->TZ,AU-->TZ,AU-->TZ,AU-->TZ,AU-->TZ,AU-->TZ,AU-->TZ,AU-->TZ,AU-->TZ,AU-->TZ,AU-->TZ,AU-->TZ,AU-->TZ,AU-->TZ,AU-->TZ,AU-->TZ,AU-->TZ,AU-->TZ,AU-->TZ,,,,,,,,,,,,,,,,,TZ-->AU,TZ-->AU,TZ-->AU,TZ-->AU,TZ-->AU,TZ-->AU,TZ-->AU,TZ-->AU,TZ-->AU,TZ-->AU,TZ-->AU,TZ-->AU,TZ-->AU,TZ-->AU,TZ-->AU,TZ-->AU,TZ-->AU,TZ-->AU,TZ-->AU
AT,AUT,Austria,Vienna,Europe,Western Europe,,AT-->TZ,AT-->TZ,AT-->TZ,AT-->TZ,AT-->TZ,AT-->TZ,AT-->TZ,AT-->TZ,AT-->TZ,AT-->TZ,AT-->TZ,AT-->TZ,AT-->TZ,AT-->TZ,AT-->TZ,AT-->TZ,AT-->TZ,AT-->TZ,AT-->TZ,,,,,,,,,,,,,,,,,TZ-->AT,TZ-->AT,TZ-->AT,TZ-->AT,TZ-->AT,TZ-->AT,TZ-->AT,TZ-->AT,TZ-->AT,TZ-->AT,TZ-->AT,TZ-->AT,TZ-->AT,TZ-->AT,TZ-->AT,TZ-->AT,TZ-->AT,TZ-->AT,TZ-->AT
AZ,AZE,Azerbaijan,Baku,Asia,Western Asia,,AZ-->TZ,AZ-->TZ,AZ-->TZ,AZ-->TZ,AZ-->TZ,AZ-->TZ,AZ-->TZ,AZ-->TZ,AZ-->TZ,AZ-->TZ,AZ-->TZ,AZ-->TZ,AZ-->TZ,AZ-->TZ,AZ-->TZ,AZ-->TZ,AZ-->TZ,AZ-->TZ,AZ-->TZ,,,,,,,,,,,,,,,,,TZ-->AZ,TZ-->AZ,TZ-->AZ,TZ-->AZ,TZ-->AZ,TZ-->AZ,TZ-->AZ,TZ-->AZ,TZ-->AZ,TZ-->AZ,TZ-->AZ,TZ-->AZ,TZ-->AZ,TZ-->AZ,TZ-->AZ,TZ-->AZ,TZ-->AZ,TZ-->AZ,TZ-->AZ
BS,BHS,The Bahamas,Nassau,Americas,Caribbean,,BS-->TZ,BS-->TZ,BS-->TZ,BS-->TZ,BS-->TZ,BS-->TZ,BS-->TZ,BS-->TZ,BS-->TZ,BS-->TZ,BS-->TZ,BS-->TZ,BS-->TZ,BS-->TZ,BS-->TZ,BS-->TZ,BS-->TZ,BS-->TZ,BS-->TZ,,,,,,,,,,,,,,,,,TZ-->BS,TZ-->BS,TZ-->BS,TZ-->BS,TZ-->BS,TZ-->BS,TZ-->BS,TZ-->BS,TZ-->BS,TZ-->BS,TZ-->BS,TZ-->BS,TZ-->BS,TZ-->BS,TZ-->BS,TZ-->BS,TZ-->BS,TZ-->BS,TZ-->BS
BH,BHR,Bahrain,Manama,Asia,Western Asia,,BH-->TZ,BH-->TZ,BH-->TZ,BH-->TZ,BH-->TZ,BH-->TZ,BH-->TZ,BH-->TZ,BH-->TZ,BH-->TZ,BH-->TZ,BH-->TZ,BH-->TZ,BH-->TZ,BH-->TZ,BH-->TZ,BH-->TZ,BH-->TZ,BH-->TZ,,,,,,,,,,,,,,,,,TZ-->BH,TZ-->BH,TZ-->BH,TZ-->BH,TZ-->BH,TZ-->BH,TZ-->BH,TZ-->BH,TZ-->BH,TZ-->BH,TZ-->BH,TZ-->BH,TZ-->BH,TZ-->BH,TZ-->BH,TZ-->BH,TZ-->BH,TZ-->BH,TZ-->BH
BD,BGD,Bangladesh,Dhaka,Asia,Southern Asia,,BD-->TZ,BD-->TZ,BD-->TZ,BD-->TZ,BD-->TZ,BD-->TZ,BD-->TZ,BD-->TZ,BD-->TZ,BD-->TZ,BD-->TZ,BD-->TZ,BD-->TZ,BD-->TZ,BD-->TZ,BD-->TZ,BD-->TZ,BD-->TZ,BD-->TZ,,,,,,,,,,,,,,,,,TZ-->BD,TZ-->BD,TZ-->BD,TZ-->BD,TZ-->BD,TZ-->BD,TZ-->BD,TZ-->BD,TZ-->BD,TZ-->BD,TZ-->BD,TZ-->BD,TZ-->BD,TZ-->BD,TZ-->BD,TZ-->BD,TZ-->BD,TZ-->BD,TZ-->BD
BB,BRB,Barbados,Bridgetown,Americas,Caribbean,,BB-->TZ,BB-->TZ,BB-->TZ,BB-->TZ,BB-->TZ,BB-->TZ,BB-->TZ,BB-->TZ,BB-->TZ,BB-->TZ,BB-->TZ,BB-->TZ,BB-->TZ,BB-->TZ,BB-->TZ,BB-->TZ,BB-->TZ,BB-->TZ,BB-->TZ,,,,,,,,,,,,,,,,,TZ-->BB,TZ-->BB,TZ-->BB,TZ-->BB,TZ-->BB,TZ-->BB,TZ-->BB,TZ-->BB,TZ-->BB,TZ-->BB,TZ-->BB,TZ-->BB,TZ-->BB,TZ-->BB,TZ-->BB,TZ-->BB,TZ-->BB,TZ-->BB,TZ-->BB
BY,BLR,Belarus,Minsk,Europe,Eastern Europe,,BY-->TZ,BY-->TZ,BY-->TZ,BY-->TZ,BY-->TZ,BY-->TZ,BY-->TZ,BY-->TZ,BY-->TZ,BY-->TZ,BY-->TZ,BY-->TZ,BY-->TZ,BY-->TZ,BY-->TZ,BY-->TZ,BY-->TZ,BY-->TZ,BY-->TZ,,,,,,,,,,,,,,,,,TZ-->BY,TZ-->BY,TZ-->BY,TZ-->BY,TZ-->BY,TZ-->BY,TZ-->BY,TZ-->BY,TZ-->BY,TZ-->BY,TZ-->BY,TZ-->BY,TZ-->BY,TZ-->BY,TZ-->BY,TZ-->BY,TZ-->BY,TZ-->BY,TZ-->BY
BE,BEL,Belgium,Brussels,Europe,Western Europe,,BE-->TZ,BE-->TZ,BE-->TZ,BE-->TZ,BE-->TZ,BE-->TZ,BE-->TZ,BE-->TZ,BE-->TZ,BE-->TZ,BE-->TZ,BE-->TZ,BE-->TZ,BE-->TZ,BE-->TZ,BE-->TZ,BE-->TZ,BE-->TZ,BE-->TZ,,,,,,,,,,,,,,,,,TZ-->BE,TZ-->BE,TZ-->BE,TZ-->BE,TZ-->BE,TZ-->BE,TZ-->BE,TZ-->BE,TZ-->BE,TZ-->BE,TZ-->BE,TZ-->BE,TZ-->BE,TZ-->BE,TZ-->BE,TZ-->BE,TZ-->BE,TZ-->BE,TZ-->BE
BZ,BLZ,Belize,Belmopan,Americas,Central America,,BZ-->TZ,BZ-->TZ,BZ-->TZ,BZ-->TZ,BZ-->TZ,BZ-->TZ,BZ-->TZ,BZ-->TZ,BZ-->TZ,BZ-->TZ,BZ-->TZ,BZ-->TZ,BZ-->TZ,BZ-->TZ,BZ-->TZ,BZ-->TZ,BZ-->TZ,BZ-->TZ,BZ-->TZ,,,,,,,,,,,,,,,,,TZ-->BZ,TZ-->BZ,TZ-->BZ,TZ-->BZ,TZ-->BZ,TZ-->BZ,TZ-->BZ,TZ-->BZ,TZ-->BZ,TZ-->BZ,TZ-->BZ,TZ-->BZ,TZ-->BZ,TZ-->BZ,TZ-->BZ,TZ-->BZ,TZ-->BZ,TZ-->BZ,TZ-->BZ
BJ,BEN,Benin,Porto-Novo,Africa,Western Africa,,BJ-->TZ,BJ-->TZ,BJ-->TZ,BJ-->TZ,BJ-->TZ,BJ-->TZ,BJ-->TZ,BJ-->TZ,BJ-->TZ,BJ-->TZ,BJ-->TZ,BJ-->TZ,BJ-->TZ,BJ-->TZ,BJ-->TZ,BJ-->TZ,BJ-->TZ,BJ-->TZ,BJ-->TZ,,,,,,,,,,,,,,,,,TZ-->BJ,TZ-->BJ,TZ-->BJ,TZ-->BJ,TZ-->BJ,TZ-->BJ,TZ-->BJ,TZ-->BJ,TZ-->BJ,TZ-->BJ,TZ-->BJ,TZ-->BJ,TZ-->BJ,TZ-->BJ,TZ-->BJ,TZ-->BJ,TZ-->BJ,TZ-->BJ,TZ-->BJ
BM,BMU,Bermuda,Hamilton,Americas,Northern America,,BM-->TZ,BM-->TZ,BM-->TZ,BM-->TZ,BM-->TZ,BM-->TZ,BM-->TZ,BM-->TZ,BM-->TZ,BM-->TZ,BM-->TZ,BM-->TZ,BM-->TZ,BM-->TZ,BM-->TZ,BM-->TZ,BM-->TZ,BM-->TZ,BM-->TZ,,,,,,,,,,,,,,,,,TZ-->BM,TZ-->BM,TZ-->BM,TZ-->BM,TZ-->BM,TZ-->BM,TZ-->BM,TZ-->BM,TZ-->BM,TZ-->BM,TZ-->BM,TZ-->BM,TZ-->BM,TZ-->BM,TZ-->BM,TZ-->BM,TZ-->BM,TZ-->BM,TZ-->BM
BT,BTN,Bhutan,Thimphu,Asia,Southern Asia,,BT-->TZ,BT-->TZ,BT-->TZ,BT-->TZ,BT-->TZ,BT-->TZ,BT-->TZ,BT-->TZ,BT-->TZ,BT-->TZ,BT-->TZ,BT-->TZ,BT-->TZ,BT-->TZ,BT-->TZ,BT-->TZ,BT-->TZ,BT-->TZ,BT-->TZ,,,,,,,,,,,,,,,,,TZ-->BT,TZ-->BT,TZ-->BT,TZ-->BT,TZ-->BT,TZ-->BT,TZ-->BT,TZ-->BT,TZ-->BT,TZ-->BT,TZ-->BT,TZ-->BT,TZ-->BT,TZ-->BT,TZ-->BT,TZ-->BT,TZ-->BT,TZ-->BT,TZ-->BT
BO,BOL,Bolivia,Sucre,Americas,South America,,BO-->TZ,BO-->TZ,BO-->TZ,BO-->TZ,BO-->TZ,BO-->TZ,BO-->TZ,BO-->TZ,BO-->TZ,BO-->TZ,BO-->TZ,BO-->TZ,BO-->TZ,BO-->TZ,BO-->TZ,BO-->TZ,BO-->TZ,BO-->TZ,BO-->TZ,,,,,,,,,,,,,,,,,TZ-->BO,TZ-->BO,TZ-->BO,TZ-->BO,TZ-->BO,TZ-->BO,TZ-->BO,TZ-->BO,TZ-->BO,TZ-->BO,TZ-->BO,TZ-->BO,TZ-->BO,TZ-->BO,TZ-->BO,TZ-->BO,TZ-->BO,TZ-->BO,TZ-->BO
BQ,BES,Bonaire,Kralendijk,Americas,Caribbean,,BQ-->TZ,BQ-->TZ,BQ-->TZ,BQ-->TZ,BQ-->TZ,BQ-->TZ,BQ-->TZ,BQ-->TZ,BQ-->TZ,BQ-->TZ,BQ-->TZ,BQ-->TZ,BQ-->TZ,BQ-->TZ,BQ-->TZ,BQ-->TZ,BQ-->TZ,BQ-->TZ,BQ-->TZ,,,,,,,,,,,,,,,,,TZ-->BQ,TZ-->BQ,TZ-->BQ,TZ-->BQ,TZ-->BQ,TZ-->BQ,TZ-->BQ,TZ-->BQ,TZ-->BQ,TZ-->BQ,TZ-->BQ,TZ-->BQ,TZ-->BQ,TZ-->BQ,TZ-->BQ,TZ-->BQ,TZ-->BQ,TZ-->BQ,TZ-->BQ
BA,BIH,Bosnia and Herzegovina,Sarajevo,Europe,Southern Europe,,BA-->TZ,BA-->TZ,BA-->TZ,BA-->TZ,BA-->TZ,BA-->TZ,BA-->TZ,BA-->TZ,BA-->TZ,BA-->TZ,BA-->TZ,BA-->TZ,BA-->TZ,BA-->TZ,BA-->TZ,BA-->TZ,BA-->TZ,BA-->TZ,BA-->TZ,,,,,,,,,,,,,,,,,TZ-->BA,TZ-->BA,TZ-->BA,TZ-->BA,TZ-->BA,TZ-->BA,TZ-->BA,TZ-->BA,TZ-->BA,TZ-->BA,TZ-->BA,TZ-->BA,TZ-->BA,TZ-->BA,TZ-->BA,TZ-->BA,TZ-->BA,TZ-->BA,TZ-->BA
BW,BWA,Botswana,Gaborone,Africa,Southern Africa,,BW-->TZ,BW-->TZ,BW-->TZ,BW-->TZ,BW-->TZ,BW-->TZ,BW-->TZ,BW-->TZ,BW-->TZ,BW-->TZ,BW-->TZ,BW-->TZ,BW-->TZ,BW-->TZ,BW-->TZ,BW-->TZ,BW-->TZ,BW-->TZ,BW-->TZ,,,,,,,,,,,,,,,,,TZ-->BW,TZ-->BW,TZ-->BW,TZ-->BW,TZ-->BW,TZ-->BW,TZ-->BW,TZ-->BW,TZ-->BW,TZ-->BW,TZ-->BW,TZ-->BW,TZ-->BW,TZ-->BW,TZ-->BW,TZ-->BW,TZ-->BW,TZ-->BW,TZ-->BW
BV,BVT,Bouvet Island,,,,,BV-->TZ,BV-->TZ,BV-->TZ,BV-->TZ,BV-->TZ,BV-->TZ,BV-->TZ,BV-->TZ,BV-->TZ,BV-->TZ,BV-->TZ,BV-->TZ,BV-->TZ,BV-->TZ,BV-->TZ,BV-->TZ,BV-->TZ,BV-->TZ,BV-->TZ,,,,,,,,,,,,,,,,,TZ-->BV,TZ-->BV,TZ-->BV,TZ-->BV,TZ-->BV,TZ-->BV,TZ-->BV,TZ-->BV,TZ-->BV,TZ-->BV,TZ-->BV,TZ-->BV,TZ-->BV,TZ-->BV,TZ-->BV,TZ-->BV,TZ-->BV,TZ-->BV,TZ-->BV
BR,BRA,Brazil,Brasília,Americas,South America,,BR-->TZ,BR-->TZ,BR-->TZ,BR-->TZ,BR-->TZ,BR-->TZ,BR-->TZ,BR-->TZ,BR-->TZ,BR-->TZ,BR-->TZ,BR-->TZ,BR-->TZ,BR-->TZ,BR-->TZ,BR-->TZ,BR-->TZ,BR-->TZ,BR-->TZ,,,,,,,,,,,,,,,,,TZ-->BR,TZ-->BR,TZ-->BR,TZ-->BR,TZ-->BR,TZ-->BR,TZ-->BR,TZ-->BR,TZ-->BR,TZ-->BR,TZ-->BR,TZ-->BR,TZ-->BR,TZ-->BR,TZ-->BR,TZ-->BR,TZ-->BR,TZ-->BR,TZ-->BR
IO,IOT,British Indian Ocean Territory,Diego Garcia,Africa,Eastern Africa,,IO-->TZ,IO-->TZ,IO-->TZ,IO-->TZ,IO-->TZ,IO-->TZ,IO-->TZ,IO-->TZ,IO-->TZ,IO-->TZ,IO-->TZ,IO-->TZ,IO-->TZ,IO-->TZ,IO-->TZ,IO-->TZ,IO-->TZ,IO-->TZ,IO-->TZ,,,,,,,,,,,,,,,,,TZ-->IO,TZ-->IO,TZ-->IO,TZ-->IO,TZ-->IO,TZ-->IO,TZ-->IO,TZ-->IO,TZ-->IO,TZ-->IO,TZ-->IO,TZ-->IO,TZ-->IO,TZ-->IO,TZ-->IO,TZ-->IO,TZ-->IO,TZ-->IO,TZ-->IO
UM,UMI,United States Minor Outlying Islands,,Americas,Northern America,,UM-->TZ,UM-->TZ,UM-->TZ,UM-->TZ,UM-->TZ,UM-->TZ,UM-->TZ,UM-->TZ,UM-->TZ,UM-->TZ,UM-->TZ,UM-->TZ,UM-->TZ,UM-->TZ,UM-->TZ,UM-->TZ,UM-->TZ,UM-->TZ,UM-->TZ,,,,,,,,,,,,,,,,,TZ-->UM,TZ-->UM,TZ-->UM,TZ-->UM,TZ-->UM,TZ-->UM,TZ-->UM,TZ-->UM,TZ-->UM,TZ-->UM,TZ-->UM,TZ-->UM,TZ-->UM,TZ-->UM,TZ-->UM,TZ-->UM,TZ-->UM,TZ-->UM,TZ-->UM
VG,VGB,Virgin Islands (British),Road Town,Americas,Caribbean,,VG-->TZ,VG-->TZ,VG-->TZ,VG-->TZ,VG-->TZ,VG-->TZ,VG-->TZ,VG-->TZ,VG-->TZ,VG-->TZ,VG-->TZ,VG-->TZ,VG-->TZ,VG-->TZ,VG-->TZ,VG-->TZ,VG-->TZ,VG-->TZ,VG-->TZ,,,,,,,,,,,,,,,,,TZ-->VG,TZ-->VG,TZ-->VG,TZ-->VG,TZ-->VG,TZ-->VG,TZ-->VG,TZ-->VG,TZ-->VG,TZ-->VG,TZ-->VG,TZ-->VG,TZ-->VG,TZ-->VG,TZ-->VG,TZ-->VG,TZ-->VG,TZ-->VG,TZ-->VG
VI,VIR,Virgin Islands (U.S.),Charlotte Amalie,Americas,Caribbean,,VI-->TZ,VI-->TZ,VI-->TZ,VI-->TZ,VI-->TZ,VI-->TZ,VI-->TZ,VI-->TZ,VI-->TZ,VI-->TZ,VI-->TZ,VI-->TZ,VI-->TZ,VI-->TZ,VI-->TZ,VI-->TZ,VI-->TZ,VI-->TZ,VI-->TZ,,,,,,,,,,,,,,,,,TZ-->VI,TZ-->VI,TZ-->VI,TZ-->VI,TZ-->VI,TZ-->VI,TZ-->VI,TZ-->VI,TZ-->VI,TZ-->VI,TZ-->VI,TZ-->VI,TZ-->VI,TZ-->VI,TZ-->VI,TZ-->VI,TZ-->VI,TZ-->VI,TZ-->VI
BN,BRN,Brunei,Bandar Seri Begawan,Asia,South-Eastern Asia,,BN-->TZ,BN-->TZ,BN-->TZ,BN-->TZ,BN-->TZ,BN-->TZ,BN-->TZ,BN-->TZ,BN-->TZ,BN-->TZ,BN-->TZ,BN-->TZ,BN-->TZ,BN-->TZ,BN-->TZ,BN-->TZ,BN-->TZ,BN-->TZ,BN-->TZ,,,,,,,,,,,,,,,,,TZ-->BN,TZ-->BN,TZ-->BN,TZ-->BN,TZ-->BN,TZ-->BN,TZ-->BN,TZ-->BN,TZ-->BN,TZ-->BN,TZ-->BN,TZ-->BN,TZ-->BN,TZ-->BN,TZ-->BN,TZ-->BN,TZ-->BN,TZ-->BN,TZ-->BN
BG,BGR,Bulgaria,Sofia,Europe,Eastern Europe,,BG-->TZ,BG-->TZ,BG-->TZ,BG-->TZ,BG-->TZ,BG-->TZ,BG-->TZ,BG-->TZ,BG-->TZ,BG-->TZ,BG-->TZ,BG-->TZ,BG-->TZ,BG-->TZ,BG-->TZ,BG-->TZ,BG-->TZ,BG-->TZ,BG-->TZ,,,,,,,,,,,,,,,,,TZ-->BG,TZ-->BG,TZ-->BG,TZ-->BG,TZ-->BG,TZ-->BG,TZ-->BG,TZ-->BG,TZ-->BG,TZ-->BG,TZ-->BG,TZ-->BG,TZ-->BG,TZ-->BG,TZ-->BG,TZ-->BG,TZ-->BG,TZ-->BG,TZ-->BG
BF,BFA,Burkina Faso,Ouagadougou,Africa,Western Africa,,BF-->TZ,BF-->TZ,BF-->TZ,BF-->TZ,BF-->TZ,BF-->TZ,BF-->TZ,BF-->TZ,BF-->TZ,BF-->TZ,BF-->TZ,BF-->TZ,BF-->TZ,BF-->TZ,BF-->TZ,BF-->TZ,BF-->TZ,BF-->TZ,BF-->TZ,,,,,,,,,,,,,,,,,TZ-->BF,TZ-->BF,TZ-->BF,TZ-->BF,TZ-->BF,TZ-->BF,TZ-->BF,TZ-->BF,TZ-->BF,TZ-->BF,TZ-->BF,TZ-->BF,TZ-->BF,TZ-->BF,TZ-->BF,TZ-->BF,TZ-->BF,TZ-->BF,TZ-->BF
BI,BDI,Burundi,Bujumbura,Africa,Eastern Africa,,BI-->TZ,BI-->TZ,BI-->TZ,BI-->TZ,BI-->TZ,BI-->TZ,BI-->TZ,BI-->TZ,BI-->TZ,BI-->TZ,BI-->TZ,BI-->TZ,BI-->TZ,BI-->TZ,BI-->TZ,BI-->TZ,BI-->TZ,BI-->TZ,BI-->TZ,,,,,,,,,,,,,,,,,TZ-->BI,TZ-->BI,TZ-->BI,TZ-->BI,TZ-->BI,TZ-->BI,TZ-->BI,TZ-->BI,TZ-->BI,TZ-->BI,TZ-->BI,TZ-->BI,TZ-->BI,TZ-->BI,TZ-->BI,TZ-->BI,TZ-->BI,TZ-->BI,TZ-->BI
KH,KHM,Cambodia,Phnom Penh,Asia,South-Eastern Asia,,KH-->TZ,KH-->TZ,KH-->TZ,KH-->TZ,KH-->TZ,KH-->TZ,KH-->TZ,KH-->TZ,KH-->TZ,KH-->TZ,KH-->TZ,KH-->TZ,KH-->TZ,KH-->TZ,KH-->TZ,KH-->TZ,KH-->TZ,KH-->TZ,KH-->TZ,,,,,,,,,,,,,,,,,TZ-->KH,TZ-->KH,TZ-->KH,TZ-->KH,TZ-->KH,TZ-->KH,TZ-->KH,TZ-->KH,TZ-->KH,TZ-->KH,TZ-->KH,TZ-->KH,TZ-->KH,TZ-->KH,TZ-->KH,TZ-->KH,TZ-->KH,TZ-->KH,TZ-->KH
CM,CMR,Cameroon,Yaoundé,Africa,Middle Africa,,CM-->TZ,CM-->TZ,CM-->TZ,CM-->TZ,CM-->TZ,CM-->TZ,CM-->TZ,CM-->TZ,CM-->TZ,CM-->TZ,CM-->TZ,CM-->TZ,CM-->TZ,CM-->TZ,CM-->TZ,CM-->TZ,CM-->TZ,CM-->TZ,CM-->TZ,,,,,,,,,,,,,,,,,TZ-->CM,TZ-->CM,TZ-->CM,TZ-->CM,TZ-->CM,TZ-->CM,TZ-->CM,TZ-->CM,TZ-->CM,TZ-->CM,TZ-->CM,TZ-->CM,TZ-->CM,TZ-->CM,TZ-->CM,TZ-->CM,TZ-->CM,TZ-->CM,TZ-->CM
CA,CAN,Canada,Ottawa,Americas,Northern America,,CA-->TZ,CA-->TZ,CA-->TZ,CA-->TZ,CA-->TZ,CA-->TZ,CA-->TZ,CA-->TZ,CA-->TZ,CA-->TZ,CA-->TZ,CA-->TZ,CA-->TZ,CA-->TZ,CA-->TZ,CA-->TZ,CA-->TZ,CA-->TZ,CA-->TZ,,,,,,,,,,,,,,,,,TZ-->CA,TZ-->CA,TZ-->CA,TZ-->CA,TZ-->CA,TZ-->CA,TZ-->CA,TZ-->CA,TZ-->CA,TZ-->CA,TZ-->CA,TZ-->CA,TZ-->CA,TZ-->CA,TZ-->CA,TZ-->CA,TZ-->CA,TZ-->CA,TZ-->CA
CV,CPV,Cape Verde,Praia,Africa,Western Africa,,CV-->TZ,CV-->TZ,CV-->TZ,CV-->TZ,CV-->TZ,CV-->TZ,CV-->TZ,CV-->TZ,CV-->TZ,CV-->TZ,CV-->TZ,CV-->TZ,CV-->TZ,CV-->TZ,CV-->TZ,CV-->TZ,CV-->TZ,CV-->TZ,CV-->TZ,,,,,,,,,,,,,,,,,TZ-->CV,TZ-->CV,TZ-->CV,TZ-->CV,TZ-->CV,TZ-->CV,TZ-->CV,TZ-->CV,TZ-->CV,TZ-->CV,TZ-->CV,TZ-->CV,TZ-->CV,TZ-->CV,TZ-->CV,TZ-->CV,TZ-->CV,TZ-->CV,TZ-->CV
KY,CYM,Cayman Islands,George Town,Americas,Caribbean,,KY-->TZ,KY-->TZ,KY-->TZ,KY-->TZ,KY-->TZ,KY-->TZ,KY-->TZ,KY-->TZ,KY-->TZ,KY-->TZ,KY-->TZ,KY-->TZ,KY-->TZ,KY-->TZ,KY-->TZ,KY-->TZ,KY-->TZ,KY-->TZ,KY-->TZ,,,,,,,,,,,,,,,,,TZ-->KY,TZ-->KY,TZ-->KY,TZ-->KY,TZ-->KY,TZ-->KY,TZ-->KY,TZ-->KY,TZ-->KY,TZ-->KY,TZ-->KY,TZ-->KY,TZ-->KY,TZ-->KY,TZ-->KY,TZ-->KY,TZ-->KY,TZ-->KY,TZ-->KY
CF,CAF,Central African Republic,Bangui,Africa,Middle Africa,,CF-->TZ,CF-->TZ,CF-->TZ,CF-->TZ,CF-->TZ,CF-->TZ,CF-->TZ,CF-->TZ,CF-->TZ,CF-->TZ,CF-->TZ,CF-->TZ,CF-->TZ,CF-->TZ,CF-->TZ,CF-->TZ,CF-->TZ,CF-->TZ,CF-->TZ,,,,,,,,,,,,,,,,,TZ-->CF,TZ-->CF,TZ-->CF,TZ-->CF,TZ-->CF,TZ-->CF,TZ-->CF,TZ-->CF,TZ-->CF,TZ-->CF,TZ-->CF,TZ-->CF,TZ-->CF,TZ-->CF,TZ-->CF,TZ-->CF,TZ-->CF,TZ-->CF,TZ-->CF
TD,TCD,Chad,N'Djamena,Africa,Middle Africa,,TD-->TZ,TD-->TZ,TD-->TZ,TD-->TZ,TD-->TZ,TD-->TZ,TD-->TZ,TD-->TZ,TD-->TZ,TD-->TZ,TD-->TZ,TD-->TZ,TD-->TZ,TD-->TZ,TD-->TZ,TD-->TZ,TD-->TZ,TD-->TZ,TD-->TZ,,,,,,,,,,,,,,,,,TZ-->TD,TZ-->TD,TZ-->TD,TZ-->TD,TZ-->TD,TZ-->TD,TZ-->TD,TZ-->TD,TZ-->TD,TZ-->TD,TZ-->TD,TZ-->TD,TZ-->TD,TZ-->TD,TZ-->TD,TZ-->TD,TZ-->TD,TZ-->TD,TZ-->TD
CL,CHL,Chile,Santiago,Americas,South America,,CL-->TZ,CL-->TZ,CL-->TZ,CL-->TZ,CL-->TZ,CL-->TZ,CL-->TZ,CL-->TZ,CL-->TZ,CL-->TZ,CL-->TZ,CL-->TZ,CL-->TZ,CL-->TZ,CL-->TZ,CL-->TZ,CL-->TZ,CL-->TZ,CL-->TZ,,,,,,,,,,,,,,,,,TZ-->CL,TZ-->CL,TZ-->CL,TZ-->CL,TZ-->CL,TZ-->CL,TZ-->CL,TZ-->CL,TZ-->CL,TZ-->CL,TZ-->CL,TZ-->CL,TZ-->CL,TZ-->CL,TZ-->CL,TZ-->CL,TZ-->CL,TZ-->CL,TZ-->CL
CN,CHN,China,Beijing,Asia,Eastern Asia,,CN-->TZ,CN-->TZ,CN-->TZ,CN-->TZ,CN-->TZ,CN-->TZ,CN-->TZ,CN-->TZ,CN-->TZ,CN-->TZ,CN-->TZ,CN-->TZ,CN-->TZ,CN-->TZ,CN-->TZ,CN-->TZ,CN-->TZ,CN-->TZ,CN-->TZ,,,,,,,,,,,,,,,,,TZ-->CN,TZ-->CN,TZ-->CN,TZ-->CN,TZ-->CN,TZ-->CN,TZ-->CN,TZ-->CN,TZ-->CN,TZ-->CN,TZ-->CN,TZ-->CN,TZ-->CN,TZ-->CN,TZ-->CN,TZ-->CN,TZ-->CN,TZ-->CN,TZ-->CN
CX,CXR,Christmas Island,Flying Fish Cove,Oceania,Australia and New Zealand,,CX-->TZ,CX-->TZ,CX-->TZ,CX-->TZ,CX-->TZ,CX-->TZ,CX-->TZ,CX-->TZ,CX-->TZ,CX-->TZ,CX-->TZ,CX-->TZ,CX-->TZ,CX-->TZ,CX-->TZ,CX-->TZ,CX-->TZ,CX-->TZ,CX-->TZ,,,,,,,,,,,,,,,,,TZ-->CX,TZ-->CX,TZ-->CX,TZ-->CX,TZ-->CX,TZ-->CX,TZ-->CX,TZ-->CX,TZ-->CX,TZ-->CX,TZ-->CX,TZ-->CX,TZ-->CX,TZ-->CX,TZ-->CX,TZ-->CX,TZ-->CX,TZ-->CX,TZ-->CX
CC,CCK,Cocos (Keeling) Islands,West Island,Oceania,Australia and New Zealand,,CC-->TZ,CC-->TZ,CC-->TZ,CC-->TZ,CC-->TZ,CC-->TZ,CC-->TZ,CC-->TZ,CC-->TZ,CC-->TZ,CC-->TZ,CC-->TZ,CC-->TZ,CC-->TZ,CC-->TZ,CC-->TZ,CC-->TZ,CC-->TZ,CC-->TZ,,,,,,,,,,,,,,,,,TZ-->CC,TZ-->CC,TZ-->CC,TZ-->CC,TZ-->CC,TZ-->CC,TZ-->CC,TZ-->CC,TZ-->CC,TZ-->CC,TZ-->CC,TZ-->CC,TZ-->CC,TZ-->CC,TZ-->CC,TZ-->CC,TZ-->CC,TZ-->CC,TZ-->CC
CO,COL,Colombia,Bogotá,Americas,South America,,CO-->TZ,CO-->TZ,CO-->TZ,CO-->TZ,CO-->TZ,CO-->TZ,CO-->TZ,CO-->TZ,CO-->TZ,CO-->TZ,CO-->TZ,CO-->TZ,CO-->TZ,CO-->TZ,CO-->TZ,CO-->TZ,CO-->TZ,CO-->TZ,CO-->TZ,,,,,,,,,,,,,,,,,TZ-->CO,TZ-->CO,TZ-->CO,TZ-->CO,TZ-->CO,TZ-->CO,TZ-->CO,TZ-->CO,TZ-->CO,TZ-->CO,TZ-->CO,TZ-->CO,TZ-->CO,TZ-->CO,TZ-->CO,TZ-->CO,TZ-->CO,TZ-->CO,TZ-->CO
KM,COM,Comoros,Moroni,Africa,Eastern Africa,,KM-->TZ,KM-->TZ,KM-->TZ,KM-->TZ,KM-->TZ,KM-->TZ,KM-->TZ,KM-->TZ,KM-->TZ,KM-->TZ,KM-->TZ,KM-->TZ,KM-->TZ,KM-->TZ,KM-->TZ,KM-->TZ,KM-->TZ,KM-->TZ,KM-->TZ,,,,,,,,,,,,,,,,,TZ-->KM,TZ-->KM,TZ-->KM,TZ-->KM,TZ-->KM,TZ-->KM,TZ-->KM,TZ-->KM,TZ-->KM,TZ-->KM,TZ-->KM,TZ-->KM,TZ-->KM,TZ-->KM,TZ-->KM,TZ-->KM,TZ-->KM,TZ-->KM,TZ-->KM
CG,COG,Republic of the Congo,Brazzaville,Africa,Middle Africa,,CG-->TZ,CG-->TZ,CG-->TZ,CG-->TZ,CG-->TZ,CG-->TZ,CG-->TZ,CG-->TZ,CG-->TZ,CG-->TZ,CG-->TZ,CG-->TZ,CG-->TZ,CG-->TZ,CG-->TZ,CG-->TZ,CG-->TZ,CG-->TZ,CG-->TZ,,,,,,,,,,,,,,,,,TZ-->CG,TZ-->CG,TZ-->CG,TZ-->CG,TZ-->CG,TZ-->CG,TZ-->CG,TZ-->CG,TZ-->CG,TZ-->CG,TZ-->CG,TZ-->CG,TZ-->CG,TZ-->CG,TZ-->CG,TZ-->CG,TZ-->CG,TZ-->CG,TZ-->CG
CD,COD,Democratic Republic of the Congo,Kinshasa,Africa,Middle Africa,,CD-->TZ,CD-->TZ,CD-->TZ,CD-->TZ,CD-->TZ,CD-->TZ,CD-->TZ,CD-->TZ,CD-->TZ,CD-->TZ,CD-->TZ,CD-->TZ,CD-->TZ,CD-->TZ,CD-->TZ,CD-->TZ,CD-->TZ,CD-->TZ,CD-->TZ,,,,,,,,,,,,,,,,,TZ-->CD,TZ-->CD,TZ-->CD,TZ-->CD,TZ-->CD,TZ-->CD,TZ-->CD,TZ-->CD,TZ-->CD,TZ-->CD,TZ-->CD,TZ-->CD,TZ-->CD,TZ-->CD,TZ-->CD,TZ-->CD,TZ-->CD,TZ-->CD,TZ-->CD
CK,COK,Cook Islands,Avarua,Oceania,Polynesia,,CK-->TZ,CK-->TZ,CK-->TZ,CK-->TZ,CK-->TZ,CK-->TZ,CK-->TZ,CK-->TZ,CK-->TZ,CK-->TZ,CK-->TZ,CK-->TZ,CK-->TZ,CK-->TZ,CK-->TZ,CK-->TZ,CK-->TZ,CK-->TZ,CK-->TZ,,,,,,,,,,,,,,,,,TZ-->CK,TZ-->CK,TZ-->CK,TZ-->CK,TZ-->CK,TZ-->CK,TZ-->CK,TZ-->CK,TZ-->CK,TZ-->CK,TZ-->CK,TZ-->CK,TZ-->CK,TZ-->CK,TZ-->CK,TZ-->CK,TZ-->CK,TZ-->CK,TZ-->CK
CR,CRI,Costa Rica,San José,Americas,Central America,,CR-->TZ,CR-->TZ,CR-->TZ,CR-->TZ,CR-->TZ,CR-->TZ,CR-->TZ,CR-->TZ,CR-->TZ,CR-->TZ,CR-->TZ,CR-->TZ,CR-->TZ,CR-->TZ,CR-->TZ,CR-->TZ,CR-->TZ,CR-->TZ,CR-->TZ,,,,,,,,,,,,,,,,,TZ-->CR,TZ-->CR,TZ-->CR,TZ-->CR,TZ-->CR,TZ-->CR,TZ-->CR,TZ-->CR,TZ-->CR,TZ-->CR,TZ-->CR,TZ-->CR,TZ-->CR,TZ-->CR,TZ-->CR,TZ-->CR,TZ-->CR,TZ-->CR,TZ-->CR
HR,HRV,Croatia,Zagreb,Europe,Southern Europe,,HR-->TZ,HR-->TZ,HR-->TZ,HR-->TZ,HR-->TZ,HR-->TZ,HR-->TZ,HR-->TZ,HR-->TZ,HR-->TZ,HR-->TZ,HR-->TZ,HR-->TZ,HR-->TZ,HR-->TZ,HR-->TZ,HR-->TZ,HR-->TZ,HR-->TZ,,,,,,,,,,,,,,,,,TZ-->HR,TZ-->HR,TZ-->HR,TZ-->HR,TZ-->HR,TZ-->HR,TZ-->HR,TZ-->HR,TZ-->HR,TZ-->HR,TZ-->HR,TZ-->HR,TZ-->HR,TZ-->HR,TZ-->HR,TZ-->HR,TZ-->HR,TZ-->HR,TZ-->HR
CU,CUB,Cuba,Havana,Americas,Caribbean,,CU-->TZ,CU-->TZ,CU-->TZ,CU-->TZ,CU-->TZ,CU-->TZ,CU-->TZ,CU-->TZ,CU-->TZ,CU-->TZ,CU-->TZ,CU-->TZ,CU-->TZ,CU-->TZ,CU-->TZ,CU-->TZ,CU-->TZ,CU-->TZ,CU-->TZ,,,,,,,,,,,,,,,,,TZ-->CU,TZ-->CU,TZ-->CU,TZ-->CU,TZ-->CU,TZ-->CU,TZ-->CU,TZ-->CU,TZ-->CU,TZ-->CU,TZ-->CU,TZ-->CU,TZ-->CU,TZ-->CU,TZ-->CU,TZ-->CU,TZ-->CU,TZ-->CU,TZ-->CU
CW,CUW,Curaçao,Willemstad,Americas,Caribbean,,CW-->TZ,CW-->TZ,CW-->TZ,CW-->TZ,CW-->TZ,CW-->TZ,CW-->TZ,CW-->TZ,CW-->TZ,CW-->TZ,CW-->TZ,CW-->TZ,CW-->TZ,CW-->TZ,CW-->TZ,CW-->TZ,CW-->TZ,CW-->TZ,CW-->TZ,,,,,,,,,,,,,,,,,TZ-->CW,TZ-->CW,TZ-->CW,TZ-->CW,TZ-->CW,TZ-->CW,TZ-->CW,TZ-->CW,TZ-->CW,TZ-->CW,TZ-->CW,TZ-->CW,TZ-->CW,TZ-->CW,TZ-->CW,TZ-->CW,TZ-->CW,TZ-->CW,TZ-->CW
CY,CYP,Cyprus,Nicosia,Europe,Southern Europe,,CY-->TZ,CY-->TZ,CY-->TZ,CY-->TZ,CY-->TZ,CY-->TZ,CY-->TZ,CY-->TZ,CY-->TZ,CY-->TZ,CY-->TZ,CY-->TZ,CY-->TZ,CY-->TZ,CY-->TZ,CY-->TZ,CY-->TZ,CY-->TZ,CY-->TZ,,,,,,,,,,,,,,,,,TZ-->CY,TZ-->CY,TZ-->CY,TZ-->CY,TZ-->CY,TZ-->CY,TZ-->CY,TZ-->CY,TZ-->CY,TZ-->CY,TZ-->CY,TZ-->CY,TZ-->CY,TZ-->CY,TZ-->CY,TZ-->CY,TZ-->CY,TZ-->CY,TZ-->CY
CZ,CZE,Czech Republic,Prague,Europe,Eastern Europe,,CZ-->TZ,CZ-->TZ,CZ-->TZ,CZ-->TZ,CZ-->TZ,CZ-->TZ,CZ-->TZ,CZ-->TZ,CZ-->TZ,CZ-->TZ,CZ-->TZ,CZ-->TZ,CZ-->TZ,CZ-->TZ,CZ-->TZ,CZ-->TZ,CZ-->TZ,CZ-->TZ,CZ-->TZ,,,,,,,,,,,,,,,,,TZ-->CZ,TZ-->CZ,TZ-->CZ,TZ-->CZ,TZ-->CZ,TZ-->CZ,TZ-->CZ,TZ-->CZ,TZ-->CZ,TZ-->CZ,TZ-->CZ,TZ-->CZ,TZ-->CZ,TZ-->CZ,TZ-->CZ,TZ-->CZ,TZ-->CZ,TZ-->CZ,TZ-->CZ
DK,DNK,Denmark,Copenhagen,Europe,Northern Europe,,DK-->TZ,DK-->TZ,DK-->TZ,DK-->TZ,DK-->TZ,DK-->TZ,DK-->TZ,DK-->TZ,DK-->TZ,DK-->TZ,DK-->TZ,DK-->TZ,DK-->TZ,DK-->TZ,DK-->TZ,DK-->TZ,DK-->TZ,DK-->TZ,DK-->TZ,,,,,,,,,,,,,,,,,TZ-->DK,TZ-->DK,TZ-->DK,TZ-->DK,TZ-->DK,TZ-->DK,TZ-->DK,TZ-->DK,TZ-->DK,TZ-->DK,TZ-->DK,TZ-->DK,TZ-->DK,TZ-->DK,TZ-->DK,TZ-->DK,TZ-->DK,TZ-->DK,TZ-->DK
DJ,DJI,Djibouti,Djibouti,Africa,Eastern Africa,,DJ-->TZ,DJ-->TZ,DJ-->TZ,DJ-->TZ,DJ-->TZ,DJ-->TZ,DJ-->TZ,DJ-->TZ,DJ-->TZ,DJ-->TZ,DJ-->TZ,DJ-->TZ,DJ-->TZ,DJ-->TZ,DJ-->TZ,DJ-->TZ,DJ-->TZ,DJ-->TZ,DJ-->TZ,,,,,,,,,,,,,,,,,TZ-->DJ,TZ-->DJ,TZ-->DJ,TZ-->DJ,TZ-->DJ,TZ-->DJ,TZ-->DJ,TZ-->DJ,TZ-->DJ,TZ-->DJ,TZ-->DJ,TZ-->DJ,TZ-->DJ,TZ-->DJ,TZ-->DJ,TZ-->DJ,TZ-->DJ,TZ-->DJ,TZ-->DJ
DM,DMA,Dominica,Roseau,Americas,Caribbean,,DM-->TZ,DM-->TZ,DM-->TZ,DM-->TZ,DM-->TZ,DM-->TZ,DM-->TZ,DM-->TZ,DM-->TZ,DM-->TZ,DM-->TZ,DM-->TZ,DM-->TZ,DM-->TZ,DM-->TZ,DM-->TZ,DM-->TZ,DM-->TZ,DM-->TZ,,,,,,,,,,,,,,,,,TZ-->DM,TZ-->DM,TZ-->DM,TZ-->DM,TZ-->DM,TZ-->DM,TZ-->DM,TZ-->DM,TZ-->DM,TZ-->DM,TZ-->DM,TZ-->DM,TZ-->DM,TZ-->DM,TZ-->DM,TZ-->DM,TZ-->DM,TZ-->DM,TZ-->DM
DO,DOM,Dominican Republic,Santo Domingo,Americas,Caribbean,,DO-->TZ,DO-->TZ,DO-->TZ,DO-->TZ,DO-->TZ,DO-->TZ,DO-->TZ,DO-->TZ,DO-->TZ,DO-->TZ,DO-->TZ,DO-->TZ,DO-->TZ,DO-->TZ,DO-->TZ,DO-->TZ,DO-->TZ,DO-->TZ,DO-->TZ,,,,,,,,,,,,,,,,,TZ-->DO,TZ-->DO,TZ-->DO,TZ-->DO,TZ-->DO,TZ-->DO,TZ-->DO,TZ-->DO,TZ-->DO,TZ-->DO,TZ-->DO,TZ-->DO,TZ-->DO,TZ-->DO,TZ-->DO,TZ-->DO,TZ-->DO,TZ-->DO,TZ-->DO
EC,ECU,Ecuador,Quito,Americas,South America,,EC-->TZ,EC-->TZ,EC-->TZ,EC-->TZ,EC-->TZ,EC-->TZ,EC-->TZ,EC-->TZ,EC-->TZ,EC-->TZ,EC-->TZ,EC-->TZ,EC-->TZ,EC-->TZ,EC-->TZ,EC-->TZ,EC-->TZ,EC-->TZ,EC-->TZ,,,,,,,,,,,,,,,,,TZ-->EC,TZ-->EC,TZ-->EC,TZ-->EC,TZ-->EC,TZ-->EC,TZ-->EC,TZ-->EC,TZ-->EC,TZ-->EC,TZ-->EC,TZ-->EC,TZ-->EC,TZ-->EC,TZ-->EC,TZ-->EC,TZ-->EC,TZ-->EC,TZ-->EC
EG,EGY,Egypt,Cairo,Africa,Northern Africa,,EG-->TZ,EG-->TZ,EG-->TZ,EG-->TZ,EG-->TZ,EG-->TZ,EG-->TZ,EG-->TZ,EG-->TZ,EG-->TZ,EG-->TZ,EG-->TZ,EG-->TZ,EG-->TZ,EG-->TZ,EG-->TZ,EG-->TZ,EG-->TZ,EG-->TZ,,,,,,,,,,,,,,,,,TZ-->EG,TZ-->EG,TZ-->EG,TZ-->EG,TZ-->EG,TZ-->EG,TZ-->EG,TZ-->EG,TZ-->EG,TZ-->EG,TZ-->EG,TZ-->EG,TZ-->EG,TZ-->EG,TZ-->EG,TZ-->EG,TZ-->EG,TZ-->EG,TZ-->EG
SV,SLV,El Salvador,San Salvador,Americas,Central America,,SV-->TZ,SV-->TZ,SV-->TZ,SV-->TZ,SV-->TZ,SV-->TZ,SV-->TZ,SV-->TZ,SV-->TZ,SV-->TZ,SV-->TZ,SV-->TZ,SV-->TZ,SV-->TZ,SV-->TZ,SV-->TZ,SV-->TZ,SV-->TZ,SV-->TZ,,,,,,,,,,,,,,,,,TZ-->SV,TZ-->SV,TZ-->SV,TZ-->SV,TZ-->SV,TZ-->SV,TZ-->SV,TZ-->SV,TZ-->SV,TZ-->SV,TZ-->SV,TZ-->SV,TZ-->SV,TZ-->SV,TZ-->SV,TZ-->SV,TZ-->SV,TZ-->SV,TZ-->SV
GQ,GNQ,Equatorial Guinea,Malabo,Africa,Middle Africa,,GQ-->TZ,GQ-->TZ,GQ-->TZ,GQ-->TZ,GQ-->TZ,GQ-->TZ,GQ-->TZ,GQ-->TZ,GQ-->TZ,GQ-->TZ,GQ-->TZ,GQ-->TZ,GQ-->TZ,GQ-->TZ,GQ-->TZ,GQ-->TZ,GQ-->TZ,GQ-->TZ,GQ-->TZ,,,,,,,,,,,,,,,,,TZ-->GQ,TZ-->GQ,TZ-->GQ,TZ-->GQ,TZ-->GQ,TZ-->GQ,TZ-->GQ,TZ-->GQ,TZ-->GQ,TZ-->GQ,TZ-->GQ,TZ-->GQ,TZ-->GQ,TZ-->GQ,TZ-->GQ,TZ-->GQ,TZ-->GQ,TZ-->GQ,TZ-->GQ
ER,ERI,Eritrea,Asmara,Africa,Eastern Africa,,ER-->TZ,ER-->TZ,ER-->TZ,ER-->TZ,ER-->TZ,ER-->TZ,ER-->TZ,ER-->TZ,ER-->TZ,ER-->TZ,ER-->TZ,ER-->TZ,ER-->TZ,ER-->TZ,ER-->TZ,ER-->TZ,ER-->TZ,ER-->TZ,ER-->TZ,,,,,,,,,,,,,,,,,TZ-->ER,TZ-->ER,TZ-->ER,TZ-->ER,TZ-->ER,TZ-->ER,TZ-->ER,TZ-->ER,TZ-->ER,TZ-->ER,TZ-->ER,TZ-->ER,TZ-->ER,TZ-->ER,TZ-->ER,TZ-->ER,TZ-->ER,TZ-->ER,TZ-->ER
EE,EST,Estonia,Tallinn,Europe,Northern Europe,,EE-->TZ,EE-->TZ,EE-->TZ,EE-->TZ,EE-->TZ,EE-->TZ,EE-->TZ,EE-->TZ,EE-->TZ,EE-->TZ,EE-->TZ,EE-->TZ,EE-->TZ,EE-->TZ,EE-->TZ,EE-->TZ,EE-->TZ,EE-->TZ,EE-->TZ,,,,,,,,,,,,,,,,,TZ-->EE,TZ-->EE,TZ-->EE,TZ-->EE,TZ-->EE,TZ-->EE,TZ-->EE,TZ-->EE,TZ-->EE,TZ-->EE,TZ-->EE,TZ-->EE,TZ-->EE,TZ-->EE,TZ-->EE,TZ-->EE,TZ-->EE,TZ-->EE,TZ-->EE
ET,ETH,Ethiopia,Addis Ababa,Africa,Eastern Africa,,ET-->TZ,ET-->TZ,ET-->TZ,ET-->TZ,ET-->TZ,ET-->TZ,ET-->TZ,ET-->TZ,ET-->TZ,ET-->TZ,ET-->TZ,ET-->TZ,ET-->TZ,ET-->TZ,ET-->TZ,ET-->TZ,ET-->TZ,ET-->TZ,ET-->TZ,,,,,,,,,,,,,,,,,TZ-->ET,TZ-->ET,TZ-->ET,TZ-->ET,TZ-->ET,TZ-->ET,TZ-->ET,TZ-->ET,TZ-->ET,TZ-->ET,TZ-->ET,TZ-->ET,TZ-->ET,TZ-->ET,TZ-->ET,TZ-->ET,TZ-->ET,TZ-->ET,TZ-->ET
FK,FLK,Falkland Islands,Stanley,Americas,South America,,FK-->TZ,FK-->TZ,FK-->TZ,FK-->TZ,FK-->TZ,FK-->TZ,FK-->TZ,FK-->TZ,FK-->TZ,FK-->TZ,FK-->TZ,FK-->TZ,FK-->TZ,FK-->TZ,FK-->TZ,FK-->TZ,FK-->TZ,FK-->TZ,FK-->TZ,,,,,,,,,,,,,,,,,TZ-->FK,TZ-->FK,TZ-->FK,TZ-->FK,TZ-->FK,TZ-->FK,TZ-->FK,TZ-->FK,TZ-->FK,TZ-->FK,TZ-->FK,TZ-->FK,TZ-->FK,TZ-->FK,TZ-->FK,TZ-->FK,TZ-->FK,TZ-->FK,TZ-->FK
FO,FRO,Faroe Islands,Tórshavn,Europe,Northern Europe,,FO-->TZ,FO-->TZ,FO-->TZ,FO-->TZ,FO-->TZ,FO-->TZ,FO-->TZ,FO-->TZ,FO-->TZ,FO-->TZ,FO-->TZ,FO-->TZ,FO-->TZ,FO-->TZ,FO-->TZ,FO-->TZ,FO-->TZ,FO-->TZ,FO-->TZ,,,,,,,,,,,,,,,,,TZ-->FO,TZ-->FO,TZ-->FO,TZ-->FO,TZ-->FO,TZ-->FO,TZ-->FO,TZ-->FO,TZ-->FO,TZ-->FO,TZ-->FO,TZ-->FO,TZ-->FO,TZ-->FO,TZ-->FO,TZ-->FO,TZ-->FO,TZ-->FO,TZ-->FO
FJ,FJI,Fiji,Suva,Oceania,Melanesia,,FJ-->TZ,FJ-->TZ,FJ-->TZ,FJ-->TZ,FJ-->TZ,FJ-->TZ,FJ-->TZ,FJ-->TZ,FJ-->TZ,FJ-->TZ,FJ-->TZ,FJ-->TZ,FJ-->TZ,FJ-->TZ,FJ-->TZ,FJ-->TZ,FJ-->TZ,FJ-->TZ,FJ-->TZ,,,,,,,,,,,,,,,,,TZ-->FJ,TZ-->FJ,TZ-->FJ,TZ-->FJ,TZ-->FJ,TZ-->FJ,TZ-->FJ,TZ-->FJ,TZ-->FJ,TZ-->FJ,TZ-->FJ,TZ-->FJ,TZ-->FJ,TZ-->FJ,TZ-->FJ,TZ-->FJ,TZ-->FJ,TZ-->FJ,TZ-->FJ
FI,FIN,Finland,Helsinki,Europe,Northern Europe,,FI-->TZ,FI-->TZ,FI-->TZ,FI-->TZ,FI-->TZ,FI-->TZ,FI-->TZ,FI-->TZ,FI-->TZ,FI-->TZ,FI-->TZ,FI-->TZ,FI-->TZ,FI-->TZ,FI-->TZ,FI-->TZ,FI-->TZ,FI-->TZ,FI-->TZ,,,,,,,,,,,,,,,,,TZ-->FI,TZ-->FI,TZ-->FI,TZ-->FI,TZ-->FI,TZ-->FI,TZ-->FI,TZ-->FI,TZ-->FI,TZ-->FI,TZ-->FI,TZ-->FI,TZ-->FI,TZ-->FI,TZ-->FI,TZ-->FI,TZ-->FI,TZ-->FI,TZ-->FI
FR,FRA,France,Paris,Europe,Western Europe,,FR-->TZ,FR-->TZ,FR-->TZ,FR-->TZ,FR-->TZ,FR-->TZ,FR-->TZ,FR-->TZ,FR-->TZ,FR-->TZ,FR-->TZ,FR-->TZ,FR-->TZ,FR-->TZ,FR-->TZ,FR-->TZ,FR-->TZ,FR-->TZ,FR-->TZ,,,,,,,,,,,,,,,,,TZ-->FR,TZ-->FR,TZ-->FR,TZ-->FR,TZ-->FR,TZ-->FR,TZ-->FR,TZ-->FR,TZ-->FR,TZ-->FR,TZ-->FR,TZ-->FR,TZ-->FR,TZ-->FR,TZ-->FR,TZ-->FR,TZ-->FR,TZ-->FR,TZ-->FR
GF,GUF,French Guiana,Cayenne,Americas,South America,,GF-->TZ,GF-->TZ,GF-->TZ,GF-->TZ,GF-->TZ,GF-->TZ,GF-->TZ,GF-->TZ,GF-->TZ,GF-->TZ,GF-->TZ,GF-->TZ,GF-->TZ,GF-->TZ,GF-->TZ,GF-->TZ,GF-->TZ,GF-->TZ,GF-->TZ,,,,,,,,,,,,,,,,,TZ-->GF,TZ-->GF,TZ-->GF,TZ-->GF,TZ-->GF,TZ-->GF,TZ-->GF,TZ-->GF,TZ-->GF,TZ-->GF,TZ-->GF,TZ-->GF,TZ-->GF,TZ-->GF,TZ-->GF,TZ-->GF,TZ-->GF,TZ-->GF,TZ-->GF
PF,PYF,French Polynesia,Papeetē,Oceania,Polynesia,,PF-->TZ,PF-->TZ,PF-->TZ,PF-->TZ,PF-->TZ,PF-->TZ,PF-->TZ,PF-->TZ,PF-->TZ,PF-->TZ,PF-->TZ,PF-->TZ,PF-->TZ,PF-->TZ,PF-->TZ,PF-->TZ,PF-->TZ,PF-->TZ,PF-->TZ,,,,,,,,,,,,,,,,,TZ-->PF,TZ-->PF,TZ-->PF,TZ-->PF,TZ-->PF,TZ-->PF,TZ-->PF,TZ-->PF,TZ-->PF,TZ-->PF,TZ-->PF,TZ-->PF,TZ-->PF,TZ-->PF,TZ-->PF,TZ-->PF,TZ-->PF,TZ-->PF,TZ-->PF
TF,ATF,French Southern and Antarctic Lands,Port-aux-Français,Africa,Southern Africa,,TF-->TZ,TF-->TZ,TF-->TZ,TF-->TZ,TF-->TZ,TF-->TZ,TF-->TZ,TF-->TZ,TF-->TZ,TF-->TZ,TF-->TZ,TF-->TZ,TF-->TZ,TF-->TZ,TF-->TZ,TF-->TZ,TF-->TZ,TF-->TZ,TF-->TZ,,,,,,,,,,,,,,,,,TZ-->TF,TZ-->TF,TZ-->TF,TZ-->TF,TZ-->TF,TZ-->TF,TZ-->TF,TZ-->TF,TZ-->TF,TZ-->TF,TZ-->TF,TZ-->TF,TZ-->TF,TZ-->TF,TZ-->TF,TZ-->TF,TZ-->TF,TZ-->TF,TZ-->TF
GA,GAB,Gabon,Libreville,Africa,Middle Africa,,GA-->TZ,GA-->TZ,GA-->TZ,GA-->TZ,GA-->TZ,GA-->TZ,GA-->TZ,GA-->TZ,GA-->TZ,GA-->TZ,GA-->TZ,GA-->TZ,GA-->TZ,GA-->TZ,GA-->TZ,GA-->TZ,GA-->TZ,GA-->TZ,GA-->TZ,,,,,,,,,,,,,,,,,TZ-->GA,TZ-->GA,TZ-->GA,TZ-->GA,TZ-->GA,TZ-->GA,TZ-->GA,TZ-->GA,TZ-->GA,TZ-->GA,TZ-->GA,TZ-->GA,TZ-->GA,TZ-->GA,TZ-->GA,TZ-->GA,TZ-->GA,TZ-->GA,TZ-->GA
GM,GMB,The Gambia,Banjul,Africa,Western Africa,,GM-->TZ,GM-->TZ,GM-->TZ,GM-->TZ,GM-->TZ,GM-->TZ,GM-->TZ,GM-->TZ,GM-->TZ,GM-->TZ,GM-->TZ,GM-->TZ,GM-->TZ,GM-->TZ,GM-->TZ,GM-->TZ,GM-->TZ,GM-->TZ,GM-->TZ,,,,,,,,,,,,,,,,,TZ-->GM,TZ-->GM,TZ-->GM,TZ-->GM,TZ-->GM,TZ-->GM,TZ-->GM,TZ-->GM,TZ-->GM,TZ-->GM,TZ-->GM,TZ-->GM,TZ-->GM,TZ-->GM,TZ-->GM,TZ-->GM,TZ-->GM,TZ-->GM,TZ-->GM
GE,GEO,Georgia,Tbilisi,Asia,Western Asia,,GE-->TZ,GE-->TZ,GE-->TZ,GE-->TZ,GE-->TZ,GE-->TZ,GE-->TZ,GE-->TZ,GE-->TZ,GE-->TZ,GE-->TZ,GE-->TZ,GE-->TZ,GE-->TZ,GE-->TZ,GE-->TZ,GE-->TZ,GE-->TZ,GE-->TZ,,,,,,,,,,,,,,,,,TZ-->GE,TZ-->GE,TZ-->GE,TZ-->GE,TZ-->GE,TZ-->GE,TZ-->GE,TZ-->GE,TZ-->GE,TZ-->GE,TZ-->GE,TZ-->GE,TZ-->GE,TZ-->GE,TZ-->GE,TZ-->GE,TZ-->GE,TZ-->GE,TZ-->GE
DE,DEU,Germany,Berlin,Europe,Western Europe,,DE-->TZ,DE-->TZ,DE-->TZ,DE-->TZ,DE-->TZ,DE-->TZ,DE-->TZ,DE-->TZ,DE-->TZ,DE-->TZ,DE-->TZ,DE-->TZ,DE-->TZ,DE-->TZ,DE-->TZ,DE-->TZ,DE-->TZ,DE-->TZ,DE-->TZ,,,,,,,,,,,,,,,,,TZ-->DE,TZ-->DE,TZ-->DE,TZ-->DE,TZ-->DE,TZ-->DE,TZ-->DE,TZ-->DE,TZ-->DE,TZ-->DE,TZ-->DE,TZ-->DE,TZ-->DE,TZ-->DE,TZ-->DE,TZ-->DE,TZ-->DE,TZ-->DE,TZ-->DE
GH,GHA,Ghana,Accra,Africa,Western Africa,,GH-->TZ,GH-->TZ,GH-->TZ,GH-->TZ,GH-->TZ,GH-->TZ,GH-->TZ,GH-->TZ,GH-->TZ,GH-->TZ,GH-->TZ,GH-->TZ,GH-->TZ,GH-->TZ,GH-->TZ,GH-->TZ,GH-->TZ,GH-->TZ,GH-->TZ,,,,,,,,,,,,,,,,,TZ-->GH,TZ-->GH,TZ-->GH,TZ-->GH,TZ-->GH,TZ-->GH,TZ-->GH,TZ-->GH,TZ-->GH,TZ-->GH,TZ-->GH,TZ-->GH,TZ-->GH,TZ-->GH,TZ-->GH,TZ-->GH,TZ-->GH,TZ-->GH,TZ-->GH
GI,GIB,Gibraltar,Gibraltar,Europe,Southern Europe,,GI-->TZ,GI-->TZ,GI-->TZ,GI-->TZ,GI-->TZ,GI-->TZ,GI-->TZ,GI-->TZ,GI-->TZ,GI-->TZ,GI-->TZ,GI-->TZ,GI-->TZ,GI-->TZ,GI-->TZ,GI-->TZ,GI-->TZ,GI-->TZ,GI-->TZ,,,,,,,,,,,,,,,,,TZ-->GI,TZ-->GI,TZ-->GI,TZ-->GI,TZ-->GI,TZ-->GI,TZ-->GI,TZ-->GI,TZ-->GI,TZ-->GI,TZ-->GI,TZ-->GI,TZ-->GI,TZ-->GI,TZ-->GI,TZ-->GI,TZ-->GI,TZ-->GI,TZ-->GI
GR,GRC,Greece,Athens,Europe,Southern Europe,,GR-->TZ,GR-->TZ,GR-->TZ,GR-->TZ,GR-->TZ,GR-->TZ,GR-->TZ,GR-->TZ,GR-->TZ,GR-->TZ,GR-->TZ,GR-->TZ,GR-->TZ,GR-->TZ,GR-->TZ,GR-->TZ,GR-->TZ,GR-->TZ,GR-->TZ,,,,,,,,,,,,,,,,,TZ-->GR,TZ-->GR,TZ-->GR,TZ-->GR,TZ-->GR,TZ-->GR,TZ-->GR,TZ-->GR,TZ-->GR,TZ-->GR,TZ-->GR,TZ-->GR,TZ-->GR,TZ-->GR,TZ-->GR,TZ-->GR,TZ-->GR,TZ-->GR,TZ-->GR
GL,GRL,Greenland,Nuuk,Americas,Northern America,,GL-->TZ,GL-->TZ,GL-->TZ,GL-->TZ,GL-->TZ,GL-->TZ,GL-->TZ,GL-->TZ,GL-->TZ,GL-->TZ,GL-->TZ,GL-->TZ,GL-->TZ,GL-->TZ,GL-->TZ,GL-->TZ,GL-->TZ,GL-->TZ,GL-->TZ,,,,,,,,,,,,,,,,,TZ-->GL,TZ-->GL,TZ-->GL,TZ-->GL,TZ-->GL,TZ-->GL,TZ-->GL,TZ-->GL,TZ-->GL,TZ-->GL,TZ-->GL,TZ-->GL,TZ-->GL,TZ-->GL,TZ-->GL,TZ-->GL,TZ-->GL,TZ-->GL,TZ-->GL
GD,GRD,Grenada,St. George's,Americas,Caribbean,,GD-->TZ,GD-->TZ,GD-->TZ,GD-->TZ,GD-->TZ,GD-->TZ,GD-->TZ,GD-->TZ,GD-->TZ,GD-->TZ,GD-->TZ,GD-->TZ,GD-->TZ,GD-->TZ,GD-->TZ,GD-->TZ,GD-->TZ,GD-->TZ,GD-->TZ,,,,,,,,,,,,,,,,,TZ-->GD,TZ-->GD,TZ-->GD,TZ-->GD,TZ-->GD,TZ-->GD,TZ-->GD,TZ-->GD,TZ-->GD,TZ-->GD,TZ-->GD,TZ-->GD,TZ-->GD,TZ-->GD,TZ-->GD,TZ-->GD,TZ-->GD,TZ-->GD,TZ-->GD
GP,GLP,Guadeloupe,Basse-Terre,Americas,Caribbean,,GP-->TZ,GP-->TZ,GP-->TZ,GP-->TZ,GP-->TZ,GP-->TZ,GP-->TZ,GP-->TZ,GP-->TZ,GP-->TZ,GP-->TZ,GP-->TZ,GP-->TZ,GP-->TZ,GP-->TZ,GP-->TZ,GP-->TZ,GP-->TZ,GP-->TZ,,,,,,,,,,,,,,,,,TZ-->GP,TZ-->GP,TZ-->GP,TZ-->GP,TZ-->GP,TZ-->GP,TZ-->GP,TZ-->GP,TZ-->GP,TZ-->GP,TZ-->GP,TZ-->GP,TZ-->GP,TZ-->GP,TZ-->GP,TZ-->GP,TZ-->GP,TZ-->GP,TZ-->GP
GU,GUM,Guam,Hagåtña,Oceania,Micronesia,,GU-->TZ,GU-->TZ,GU-->TZ,GU-->TZ,GU-->TZ,GU-->TZ,GU-->TZ,GU-->TZ,GU-->TZ,GU-->TZ,GU-->TZ,GU-->TZ,GU-->TZ,GU-->TZ,GU-->TZ,GU-->TZ,GU-->TZ,GU-->TZ,GU-->TZ,,,,,,,,,,,,,,,,,TZ-->GU,TZ-->GU,TZ-->GU,TZ-->GU,TZ-->GU,TZ-->GU,TZ-->GU,TZ-->GU,TZ-->GU,TZ-->GU,TZ-->GU,TZ-->GU,TZ-->GU,TZ-->GU,TZ-->GU,TZ-->GU,TZ-->GU,TZ-->GU,TZ-->GU
GT,GTM,Guatemala,Guatemala City,Americas,Central America,,GT-->TZ,GT-->TZ,GT-->TZ,GT-->TZ,GT-->TZ,GT-->TZ,GT-->TZ,GT-->TZ,GT-->TZ,GT-->TZ,GT-->TZ,GT-->TZ,GT-->TZ,GT-->TZ,GT-->TZ,GT-->TZ,GT-->TZ,GT-->TZ,GT-->TZ,,,,,,,,,,,,,,,,,TZ-->GT,TZ-->GT,TZ-->GT,TZ-->GT,TZ-->GT,TZ-->GT,TZ-->GT,TZ-->GT,TZ-->GT,TZ-->GT,TZ-->GT,TZ-->GT,TZ-->GT,TZ-->GT,TZ-->GT,TZ-->GT,TZ-->GT,TZ-->GT,TZ-->GT
GG,GGY,Guernsey,St. Peter Port,Europe,Northern Europe,,GG-->TZ,GG-->TZ,GG-->TZ,GG-->TZ,GG-->TZ,GG-->TZ,GG-->TZ,GG-->TZ,GG-->TZ,GG-->TZ,GG-->TZ,GG-->TZ,GG-->TZ,GG-->TZ,GG-->TZ,GG-->TZ,GG-->TZ,GG-->TZ,GG-->TZ,,,,,,,,,,,,,,,,,TZ-->GG,TZ-->GG,TZ-->GG,TZ-->GG,TZ-->GG,TZ-->GG,TZ-->GG,TZ-->GG,TZ-->GG,TZ-->GG,TZ-->GG,TZ-->GG,TZ-->GG,TZ-->GG,TZ-->GG,TZ-->GG,TZ-->GG,TZ-->GG,TZ-->GG
GN,GIN,Guinea,Conakry,Africa,Western Africa,,GN-->TZ,GN-->TZ,GN-->TZ,GN-->TZ,GN-->TZ,GN-->TZ,GN-->TZ,GN-->TZ,GN-->TZ,GN-->TZ,GN-->TZ,GN-->TZ,GN-->TZ,GN-->TZ,GN-->TZ,GN-->TZ,GN-->TZ,GN-->TZ,GN-->TZ,,,,,,,,,,,,,,,,,TZ-->GN,TZ-->GN,TZ-->GN,TZ-->GN,TZ-->GN,TZ-->GN,TZ-->GN,TZ-->GN,TZ-->GN,TZ-->GN,TZ-->GN,TZ-->GN,TZ-->GN,TZ-->GN,TZ-->GN,TZ-->GN,TZ-->GN,TZ-->GN,TZ-->GN
GW,GNB,Guinea-Bissau,Bissau,Africa,Western Africa,,GW-->TZ,GW-->TZ,GW-->TZ,GW-->TZ,GW-->TZ,GW-->TZ,GW-->TZ,GW-->TZ,GW-->TZ,GW-->TZ,GW-->TZ,GW-->TZ,GW-->TZ,GW-->TZ,GW-->TZ,GW-->TZ,GW-->TZ,GW-->TZ,GW-->TZ,,,,,,,,,,,,,,,,,TZ-->GW,TZ-->GW,TZ-->GW,TZ-->GW,TZ-->GW,TZ-->GW,TZ-->GW,TZ-->GW,TZ-->GW,TZ-->GW,TZ-->GW,TZ-->GW,TZ-->GW,TZ-->GW,TZ-->GW,TZ-->GW,TZ-->GW,TZ-->GW,TZ-->GW
GY,GUY,Guyana,Georgetown,Americas,South America,,GY-->TZ,GY-->TZ,GY-->TZ,GY-->TZ,GY-->TZ,GY-->TZ,GY-->TZ,GY-->TZ,GY-->TZ,GY-->TZ,GY-->TZ,GY-->TZ,GY-->TZ,GY-->TZ,GY-->TZ,GY-->TZ,GY-->TZ,GY-->TZ,GY-->TZ,,,,,,,,,,,,,,,,,TZ-->GY,TZ-->GY,TZ-->GY,TZ-->GY,TZ-->GY,TZ-->GY,TZ-->GY,TZ-->GY,TZ-->GY,TZ-->GY,TZ-->GY,TZ-->GY,TZ-->GY,TZ-->GY,TZ-->GY,TZ-->GY,TZ-->GY,TZ-->GY,TZ-->GY
HT,HTI,Haiti,Port-au-Prince,Americas,Caribbean,,HT-->TZ,HT-->TZ,HT-->TZ,HT-->TZ,HT-->TZ,HT-->TZ,HT-->TZ,HT-->TZ,HT-->TZ,HT-->TZ,HT-->TZ,HT-->TZ,HT-->TZ,HT-->TZ,HT-->TZ,HT-->TZ,HT-->TZ,HT-->TZ,HT-->TZ,,,,,,,,,,,,,,,,,TZ-->HT,TZ-->HT,TZ-->HT,TZ-->HT,TZ-->HT,TZ-->HT,TZ-->HT,TZ-->HT,TZ-->HT,TZ-->HT,TZ-->HT,TZ-->HT,TZ-->HT,TZ-->HT,TZ-->HT,TZ-->HT,TZ-->HT,TZ-->HT,TZ-->HT
HM,HMD,Heard Island and McDonald Islands,,,,,HM-->TZ,HM-->TZ,HM-->TZ,HM-->TZ,HM-->TZ,HM-->TZ,HM-->TZ,HM-->TZ,HM-->TZ,HM-->TZ,HM-->TZ,HM-->TZ,HM-->TZ,HM-->TZ,HM-->TZ,HM-->TZ,HM-->TZ,HM-->TZ,HM-->TZ,,,,,,,,,,,,,,,,,TZ-->HM,TZ-->HM,TZ-->HM,TZ-->HM,TZ-->HM,TZ-->HM,TZ-->HM,TZ-->HM,TZ-->HM,TZ-->HM,TZ-->HM,TZ-->HM,TZ-->HM,TZ-->HM,TZ-->HM,TZ-->HM,TZ-->HM,TZ-->HM,TZ-->HM
VA,VAT,Holy See,Rome,Europe,Southern Europe,,VA-->TZ,VA-->TZ,VA-->TZ,VA-->TZ,VA-->TZ,VA-->TZ,VA-->TZ,VA-->TZ,VA-->TZ,VA-->TZ,VA-->TZ,VA-->TZ,VA-->TZ,VA-->TZ,VA-->TZ,VA-->TZ,VA-->TZ,VA-->TZ,VA-->TZ,,,,,,,,,,,,,,,,,TZ-->VA,TZ-->VA,TZ-->VA,TZ-->VA,TZ-->VA,TZ-->VA,TZ-->VA,TZ-->VA,TZ-->VA,TZ-->VA,TZ-->VA,TZ-->VA,TZ-->VA,TZ-->VA,TZ-->VA,TZ-->VA,TZ-->VA,TZ-->VA,TZ-->VA
HN,HND,Honduras,Tegucigalpa,Americas,Central America,,HN-->TZ,HN-->TZ,HN-->TZ,HN-->TZ,HN-->TZ,HN-->TZ,HN-->TZ,HN-->TZ,HN-->TZ,HN-->TZ,HN-->TZ,HN-->TZ,HN-->TZ,HN-->TZ,HN-->TZ,HN-->TZ,HN-->TZ,HN-->TZ,HN-->TZ,,,,,,,,,,,,,,,,,TZ-->HN,TZ-->HN,TZ-->HN,TZ-->HN,TZ-->HN,TZ-->HN,TZ-->HN,TZ-->HN,TZ-->HN,TZ-->HN,TZ-->HN,TZ-->HN,TZ-->HN,TZ-->HN,TZ-->HN,TZ-->HN,TZ-->HN,TZ-->HN,TZ-->HN
HK,HKG,Hong Kong,City of Victoria,Asia,Eastern Asia,,HK-->TZ,HK-->TZ,HK-->TZ,HK-->TZ,HK-->TZ,HK-->TZ,HK-->TZ,HK-->TZ,HK-->TZ,HK-->TZ,HK-->TZ,HK-->TZ,HK-->TZ,HK-->TZ,HK-->TZ,HK-->TZ,HK-->TZ,HK-->TZ,HK-->TZ,,,,,,,,,,,,,,,,,TZ-->HK,TZ-->HK,TZ-->HK,TZ-->HK,TZ-->HK,TZ-->HK,TZ-->HK,TZ-->HK,TZ-->HK,TZ-->HK,TZ-->HK,TZ-->HK,TZ-->HK,TZ-->HK,TZ-->HK,TZ-->HK,TZ-->HK,TZ-->HK,TZ-->HK
HU,HUN,Hungary,Budapest,Europe,Eastern Europe,,HU-->TZ,HU-->TZ,HU-->TZ,HU-->TZ,HU-->TZ,HU-->TZ,HU-->TZ,HU-->TZ,HU-->TZ,HU-->TZ,HU-->TZ,HU-->TZ,HU-->TZ,HU-->TZ,HU-->TZ,HU-->TZ,HU-->TZ,HU-->TZ,HU-->TZ,,,,,,,,,,,,,,,,,TZ-->HU,TZ-->HU,TZ-->HU,TZ-->HU,TZ-->HU,TZ-->HU,TZ-->HU,TZ-->HU,TZ-->HU,TZ-->HU,TZ-->HU,TZ-->HU,TZ-->HU,TZ-->HU,TZ-->HU,TZ-->HU,TZ-->HU,TZ-->HU,TZ-->HU
IS,ISL,Iceland,Reykjavík,Europe,Northern Europe,,IS-->TZ,IS-->TZ,IS-->TZ,IS-->TZ,IS-->TZ,IS-->TZ,IS-->TZ,IS-->TZ,IS-->TZ,IS-->TZ,IS-->TZ,IS-->TZ,IS-->TZ,IS-->TZ,IS-->TZ,IS-->TZ,IS-->TZ,IS-->TZ,IS-->TZ,,,,,,,,,,,,,,,,,TZ-->IS,TZ-->IS,TZ-->IS,TZ-->IS,TZ-->IS,TZ-->IS,TZ-->IS,TZ-->IS,TZ-->IS,TZ-->IS,TZ-->IS,TZ-->IS,TZ-->IS,TZ-->IS,TZ-->IS,TZ-->IS,TZ-->IS,TZ-->IS,TZ-->IS
IN,IND,India,New Delhi,Asia,Southern Asia,,IN-->TZ,IN-->TZ,IN-->TZ,IN-->TZ,IN-->TZ,IN-->TZ,IN-->TZ,IN-->TZ,IN-->TZ,IN-->TZ,IN-->TZ,IN-->TZ,IN-->TZ,IN-->TZ,IN-->TZ,IN-->TZ,IN-->TZ,IN-->TZ,IN-->TZ,,,,,,,,,,,,,,,,,TZ-->IN,TZ-->IN,TZ-->IN,TZ-->IN,TZ-->IN,TZ-->IN,TZ-->IN,TZ-->IN,TZ-->IN,TZ-->IN,TZ-->IN,TZ-->IN,TZ-->IN,TZ-->IN,TZ-->IN,TZ-->IN,TZ-->IN,TZ-->IN,TZ-->IN
ID,IDN,Indonesia,Jakarta,Asia,South-Eastern Asia,,ID-->TZ,ID-->TZ,ID-->TZ,ID-->TZ,ID-->TZ,ID-->TZ,ID-->TZ,ID-->TZ,ID-->TZ,ID-->TZ,ID-->TZ,ID-->TZ,ID-->TZ,ID-->TZ,ID-->TZ,ID-->TZ,ID-->TZ,ID-->TZ,ID-->TZ,,,,,,,,,,,,,,,,,TZ-->ID,TZ-->ID,TZ-->ID,TZ-->ID,TZ-->ID,TZ-->ID,TZ-->ID,TZ-->ID,TZ-->ID,TZ-->ID,TZ-->ID,TZ-->ID,TZ-->ID,TZ-->ID,TZ-->ID,TZ-->ID,TZ-->ID,TZ-->ID,TZ-->ID
CI,CIV,Ivory Coast,Yamoussoukro,Africa,Western Africa,,CI-->TZ,CI-->TZ,CI-->TZ,CI-->TZ,CI-->TZ,CI-->TZ,CI-->TZ,CI-->TZ,CI-->TZ,CI-->TZ,CI-->TZ,CI-->TZ,CI-->TZ,CI-->TZ,CI-->TZ,CI-->TZ,CI-->TZ,CI-->TZ,CI-->TZ,,,,,,,,,,,,,,,,,TZ-->CI,TZ-->CI,TZ-->CI,TZ-->CI,TZ-->CI,TZ-->CI,TZ-->CI,TZ-->CI,TZ-->CI,TZ-->CI,TZ-->CI,TZ-->CI,TZ-->CI,TZ-->CI,TZ-->CI,TZ-->CI,TZ-->CI,TZ-->CI,TZ-->CI
IR,IRN,Iran,Tehran,Asia,Southern Asia,,IR-->TZ,IR-->TZ,IR-->TZ,IR-->TZ,IR-->TZ,IR-->TZ,IR-->TZ,IR-->TZ,IR-->TZ,IR-->TZ,IR-->TZ,IR-->TZ,IR-->TZ,IR-->TZ,IR-->TZ,IR-->TZ,IR-->TZ,IR-->TZ,IR-->TZ,,,,,,,,,,,,,,,,,TZ-->IR,TZ-->IR,TZ-->IR,TZ-->IR,TZ-->IR,TZ-->IR,TZ-->IR,TZ-->IR,TZ-->IR,TZ-->IR,TZ-->IR,TZ-->IR,TZ-->IR,TZ-->IR,TZ-->IR,TZ-->IR,TZ-->IR,TZ-->IR,TZ-->IR
IQ,IRQ,Iraq,Baghdad,Asia,Western Asia,,IQ-->TZ,IQ-->TZ,IQ-->TZ,IQ-->TZ,IQ-->TZ,IQ-->TZ,IQ-->TZ,IQ-->TZ,IQ-->TZ,IQ-->TZ,IQ-->TZ,IQ-->TZ,IQ-->TZ,IQ-->TZ,IQ-->TZ,IQ-->TZ,IQ-->TZ,IQ-->TZ,IQ-->TZ,,,,,,,,,,,,,,,,,TZ-->IQ,TZ-->IQ,TZ-->IQ,TZ-->IQ,TZ-->IQ,TZ-->IQ,TZ-->IQ,TZ-->IQ,TZ-->IQ,TZ-->IQ,TZ-->IQ,TZ-->IQ,TZ-->IQ,TZ-->IQ,TZ-->IQ,TZ-->IQ,TZ-->IQ,TZ-->IQ,TZ-->IQ
IE,IRL,Republic of Ireland,Dublin,Europe,Northern Europe,,IE-->TZ,IE-->TZ,IE-->TZ,IE-->TZ,IE-->TZ,IE-->TZ,IE-->TZ,IE-->TZ,IE-->TZ,IE-->TZ,IE-->TZ,IE-->TZ,IE-->TZ,IE-->TZ,IE-->TZ,IE-->TZ,IE-->TZ,IE-->TZ,IE-->TZ,,,,,,,,,,,,,,,,,TZ-->IE,TZ-->IE,TZ-->IE,TZ-->IE,TZ-->IE,TZ-->IE,TZ-->IE,TZ-->IE,TZ-->IE,TZ-->IE,TZ-->IE,TZ-->IE,TZ-->IE,TZ-->IE,TZ-->IE,TZ-->IE,TZ-->IE,TZ-->IE,TZ-->IE
IM,IMN,Isle of Man,Douglas,Europe,Northern Europe,,IM-->TZ,IM-->TZ,IM-->TZ,IM-->TZ,IM-->TZ,IM-->TZ,IM-->TZ,IM-->TZ,IM-->TZ,IM-->TZ,IM-->TZ,IM-->TZ,IM-->TZ,IM-->TZ,IM-->TZ,IM-->TZ,IM-->TZ,IM-->TZ,IM-->TZ,,,,,,,,,,,,,,,,,TZ-->IM,TZ-->IM,TZ-->IM,TZ-->IM,TZ-->IM,TZ-->IM,TZ-->IM,TZ-->IM,TZ-->IM,TZ-->IM,TZ-->IM,TZ-->IM,TZ-->IM,TZ-->IM,TZ-->IM,TZ-->IM,TZ-->IM,TZ-->IM,TZ-->IM
IL,ISR,Israel,Jerusalem,Asia,Western Asia,,IL-->TZ,IL-->TZ,IL-->TZ,IL-->TZ,IL-->TZ,IL-->TZ,IL-->TZ,IL-->TZ,IL-->TZ,IL-->TZ,IL-->TZ,IL-->TZ,IL-->TZ,IL-->TZ,IL-->TZ,IL-->TZ,IL-->TZ,IL-->TZ,IL-->TZ,,,,,,,,,,,,,,,,,TZ-->IL,TZ-->IL,TZ-->IL,TZ-->IL,TZ-->IL,TZ-->IL,TZ-->IL,TZ-->IL,TZ-->IL,TZ-->IL,TZ-->IL,TZ-->IL,TZ-->IL,TZ-->IL,TZ-->IL,TZ-->IL,TZ-->IL,TZ-->IL,TZ-->IL
IT,ITA,Italy,Rome,Europe,Southern Europe,,IT-->TZ,IT-->TZ,IT-->TZ,IT-->TZ,IT-->TZ,IT-->TZ,IT-->TZ,IT-->TZ,IT-->TZ,IT-->TZ,IT-->TZ,IT-->TZ,IT-->TZ,IT-->TZ,IT-->TZ,IT-->TZ,IT-->TZ,IT-->TZ,IT-->TZ,,,,,,,,,,,,,,,,,TZ-->IT,TZ-->IT,TZ-->IT,TZ-->IT,TZ-->IT,TZ-->IT,TZ-->IT,TZ-->IT,TZ-->IT,TZ-->IT,TZ-->IT,TZ-->IT,TZ-->IT,TZ-->IT,TZ-->IT,TZ-->IT,TZ-->IT,TZ-->IT,TZ-->IT
JM,JAM,Jamaica,Kingston,Americas,Caribbean,,JM-->TZ,JM-->TZ,JM-->TZ,JM-->TZ,JM-->TZ,JM-->TZ,JM-->TZ,JM-->TZ,JM-->TZ,JM-->TZ,JM-->TZ,JM-->TZ,JM-->TZ,JM-->TZ,JM-->TZ,JM-->TZ,JM-->TZ,JM-->TZ,JM-->TZ,,,,,,,,,,,,,,,,,TZ-->JM,TZ-->JM,TZ-->JM,TZ-->JM,TZ-->JM,TZ-->JM,TZ-->JM,TZ-->JM,TZ-->JM,TZ-->JM,TZ-->JM,TZ-->JM,TZ-->JM,TZ-->JM,TZ-->JM,TZ-->JM,TZ-->JM,TZ-->JM,TZ-->JM
JP,JPN,Japan,Tokyo,Asia,Eastern Asia,,JP-->TZ,JP-->TZ,JP-->TZ,JP-->TZ,JP-->TZ,JP-->TZ,JP-->TZ,JP-->TZ,JP-->TZ,JP-->TZ,JP-->TZ,JP-->TZ,JP-->TZ,JP-->TZ,JP-->TZ,JP-->TZ,JP-->TZ,JP-->TZ,JP-->TZ,,,,,,,,,,,,,,,,,TZ-->JP,TZ-->JP,TZ-->JP,TZ-->JP,TZ-->JP,TZ-->JP,TZ-->JP,TZ-->JP,TZ-->JP,TZ-->JP,TZ-->JP,TZ-->JP,TZ-->JP,TZ-->JP,TZ-->JP,TZ-->JP,TZ-->JP,TZ-->JP,TZ-->JP
JE,JEY,Jersey,Saint Helier,Europe,Northern Europe,,JE-->TZ,JE-->TZ,JE-->TZ,JE-->TZ,JE-->TZ,JE-->TZ,JE-->TZ,JE-->TZ,JE-->TZ,JE-->TZ,JE-->TZ,JE-->TZ,JE-->TZ,JE-->TZ,JE-->TZ,JE-->TZ,JE-->TZ,JE-->TZ,JE-->TZ,,,,,,,,,,,,,,,,,TZ-->JE,TZ-->JE,TZ-->JE,TZ-->JE,TZ-->JE,TZ-->JE,TZ-->JE,TZ-->JE,TZ-->JE,TZ-->JE,TZ-->JE,TZ-->JE,TZ-->JE,TZ-->JE,TZ-->JE,TZ-->JE,TZ-->JE,TZ-->JE,TZ-->JE
JO,JOR,Jordan,Amman,Asia,Western Asia,,JO-->TZ,JO-->TZ,JO-->TZ,JO-->TZ,JO-->TZ,JO-->TZ,JO-->TZ,JO-->TZ,JO-->TZ,JO-->TZ,JO-->TZ,JO-->TZ,JO-->TZ,JO-->TZ,JO-->TZ,JO-->TZ,JO-->TZ,JO-->TZ,JO-->TZ,,,,,,,,,,,,,,,,,TZ-->JO,TZ-->JO,TZ-->JO,TZ-->JO,TZ-->JO,TZ-->JO,TZ-->JO,TZ-->JO,TZ-->JO,TZ-->JO,TZ-->JO,TZ-->JO,TZ-->JO,TZ-->JO,TZ-->JO,TZ-->JO,TZ-->JO,TZ-->JO,TZ-->JO
KZ,KAZ,Kazakhstan,Astana,Asia,Central Asia,,KZ-->TZ,KZ-->TZ,KZ-->TZ,KZ-->TZ,KZ-->TZ,KZ-->TZ,KZ-->TZ,KZ-->TZ,KZ-->TZ,KZ-->TZ,KZ-->TZ,KZ-->TZ,KZ-->TZ,KZ-->TZ,KZ-->TZ,KZ-->TZ,KZ-->TZ,KZ-->TZ,KZ-->TZ,,,,,,,,,,,,,,,,,TZ-->KZ,TZ-->KZ,TZ-->KZ,TZ-->KZ,TZ-->KZ,TZ-->KZ,TZ-->KZ,TZ-->KZ,TZ-->KZ,TZ-->KZ,TZ-->KZ,TZ-->KZ,TZ-->KZ,TZ-->KZ,TZ-->KZ,TZ-->KZ,TZ-->KZ,TZ-->KZ,TZ-->KZ
KE,KEN,Kenya,Nairobi,Africa,Eastern Africa,,KE-->TZ,KE-->TZ,KE-->TZ,KE-->TZ,KE-->TZ,KE-->TZ,KE-->TZ,KE-->TZ,KE-->TZ,KE-->TZ,KE-->TZ,KE-->TZ,KE-->TZ,KE-->TZ,KE-->TZ,KE-->TZ,KE-->TZ,KE-->TZ,KE-->TZ,,,,,,,,,,,,,,,,,TZ-->KE,TZ-->KE,TZ-->KE,TZ-->KE,TZ-->KE,TZ-->KE,TZ-->KE,TZ-->KE,TZ-->KE,TZ-->KE,TZ-->KE,TZ-->KE,TZ-->KE,TZ-->KE,TZ-->KE,TZ-->KE,TZ-->KE,TZ-->KE,TZ-->KE
KI,KIR,Kiribati,South Tarawa,Oceania,Micronesia,,KI-->TZ,KI-->TZ,KI-->TZ,KI-->TZ,KI-->TZ,KI-->TZ,KI-->TZ,KI-->TZ,KI-->TZ,KI-->TZ,KI-->TZ,KI-->TZ,KI-->TZ,KI-->TZ,KI-->TZ,KI-->TZ,KI-->TZ,KI-->TZ,KI-->TZ,,,,,,,,,,,,,,,,,TZ-->KI,TZ-->KI,TZ-->KI,TZ-->KI,TZ-->KI,TZ-->KI,TZ-->KI,TZ-->KI,TZ-->KI,TZ-->KI,TZ-->KI,TZ-->KI,TZ-->KI,TZ-->KI,TZ-->KI,TZ-->KI,TZ-->KI,TZ-->KI,TZ-->KI
KW,KWT,Kuwait,Kuwait City,Asia,Western Asia,,KW-->TZ,KW-->TZ,KW-->TZ,KW-->TZ,KW-->TZ,KW-->TZ,KW-->TZ,KW-->TZ,KW-->TZ,KW-->TZ,KW-->TZ,KW-->TZ,KW-->TZ,KW-->TZ,KW-->TZ,KW-->TZ,KW-->TZ,KW-->TZ,KW-->TZ,,,,,,,,,,,,,,,,,TZ-->KW,TZ-->KW,TZ-->KW,TZ-->KW,TZ-->KW,TZ-->KW,TZ-->KW,TZ-->KW,TZ-->KW,TZ-->KW,TZ-->KW,TZ-->KW,TZ-->KW,TZ-->KW,TZ-->KW,TZ-->KW,TZ-->KW,TZ-->KW,TZ-->KW
KG,KGZ,Kyrgyzstan,Bishkek,Asia,Central Asia,,KG-->TZ,KG-->TZ,KG-->TZ,KG-->TZ,KG-->TZ,KG-->TZ,KG-->TZ,KG-->TZ,KG-->TZ,KG-->TZ,KG-->TZ,KG-->TZ,KG-->TZ,KG-->TZ,KG-->TZ,KG-->TZ,KG-->TZ,KG-->TZ,KG-->TZ,,,,,,,,,,,,,,,,,TZ-->KG,TZ-->KG,TZ-->KG,TZ-->KG,TZ-->KG,TZ-->KG,TZ-->KG,TZ-->KG,TZ-->KG,TZ-->KG,TZ-->KG,TZ-->KG,TZ-->KG,TZ-->KG,TZ-->KG,TZ-->KG,TZ-->KG,TZ-->KG,TZ-->KG
LA,LAO,Laos,Vientiane,Asia,South-Eastern Asia,,LA-->TZ,LA-->TZ,LA-->TZ,LA-->TZ,LA-->TZ,LA-->TZ,LA-->TZ,LA-->TZ,LA-->TZ,LA-->TZ,LA-->TZ,LA-->TZ,LA-->TZ,LA-->TZ,LA-->TZ,LA-->TZ,LA-->TZ,LA-->TZ,LA-->TZ,,,,,,,,,,,,,,,,,TZ-->LA,TZ-->LA,TZ-->LA,TZ-->LA,TZ-->LA,TZ-->LA,TZ-->LA,TZ-->LA,TZ-->LA,TZ-->LA,TZ-->LA,TZ-->LA,TZ-->LA,TZ-->LA,TZ-->LA,TZ-->LA,TZ-->LA,TZ-->LA,TZ-->LA
LV,LVA,Latvia,Riga,Europe,Northern Europe,,LV-->TZ,LV-->TZ,LV-->TZ,LV-->TZ,LV-->TZ,LV-->TZ,LV-->TZ,LV-->TZ,LV-->TZ,LV-->TZ,LV-->TZ,LV-->TZ,LV-->TZ,LV-->TZ,LV-->TZ,LV-->TZ,LV-->TZ,LV-->TZ,LV-->TZ,,,,,,,,,,,,,,,,,TZ-->LV,TZ-->LV,TZ-->LV,TZ-->LV,TZ-->LV,TZ-->LV,TZ-->LV,TZ-->LV,TZ-->LV,TZ-->LV,TZ-->LV,TZ-->LV,TZ-->LV,TZ-->LV,TZ-->LV,TZ-->LV,TZ-->LV,TZ-->LV,TZ-->LV
LB,LBN,Lebanon,Beirut,Asia,Western Asia,,LB-->TZ,LB-->TZ,LB-->TZ,LB-->TZ,LB-->TZ,LB-->TZ,LB-->TZ,LB-->TZ,LB-->TZ,LB-->TZ,LB-->TZ,LB-->TZ,LB-->TZ,LB-->TZ,LB-->TZ,LB-->TZ,LB-->TZ,LB-->TZ,LB-->TZ,,,,,,,,,,,,,,,,,TZ-->LB,TZ-->LB,TZ-->LB,TZ-->LB,TZ-->LB,TZ-->LB,TZ-->LB,TZ-->LB,TZ-->LB,TZ-->LB,TZ-->LB,TZ-->LB,TZ-->LB,TZ-->LB,TZ-->LB,TZ-->LB,TZ-->LB,TZ-->LB,TZ-->LB
LS,LSO,Lesotho,Maseru,Africa,Southern Africa,,LS-->TZ,LS-->TZ,LS-->TZ,LS-->TZ,LS-->TZ,LS-->TZ,LS-->TZ,LS-->TZ,LS-->TZ,LS-->TZ,LS-->TZ,LS-->TZ,LS-->TZ,LS-->TZ,LS-->TZ,LS-->TZ,LS-->TZ,LS-->TZ,LS-->TZ,,,,,,,,,,,,,,,,,TZ-->LS,TZ-->LS,TZ-->LS,TZ-->LS,TZ-->LS,TZ-->LS,TZ-->LS,TZ-->LS,TZ-->LS,TZ-->LS,TZ-->LS,TZ-->LS,TZ-->LS,TZ-->LS,TZ-->LS,TZ-->LS,TZ-->LS,TZ-->LS,TZ-->LS
LR,LBR,Liberia,Monrovia,Africa,Western Africa,,LR-->TZ,LR-->TZ,LR-->TZ,LR-->TZ,LR-->TZ,LR-->TZ,LR-->TZ,LR-->TZ,LR-->TZ,LR-->TZ,LR-->TZ,LR-->TZ,LR-->TZ,LR-->TZ,LR-->TZ,LR-->TZ,LR-->TZ,LR-->TZ,LR-->TZ,,,,,,,,,,,,,,,,,TZ-->LR,TZ-->LR,TZ-->LR,TZ-->LR,TZ-->LR,TZ-->LR,TZ-->LR,TZ-->LR,TZ-->LR,TZ-->LR,TZ-->LR,TZ-->LR,TZ-->LR,TZ-->LR,TZ-->LR,TZ-->LR,TZ-->LR,TZ-->LR,TZ-->LR
LY,LBY,Libya,Tripoli,Africa,Northern Africa,,LY-->TZ,LY-->TZ,LY-->TZ,LY-->TZ,LY-->TZ,LY-->TZ,LY-->TZ,LY-->TZ,LY-->TZ,LY-->TZ,LY-->TZ,LY-->TZ,LY-->TZ,LY-->TZ,LY-->TZ,LY-->TZ,LY-->TZ,LY-->TZ,LY-->TZ,,,,,,,,,,,,,,,,,TZ-->LY,TZ-->LY,TZ-->LY,TZ-->LY,TZ-->LY,TZ-->LY,TZ-->LY,TZ-->LY,TZ-->LY,TZ-->LY,TZ-->LY,TZ-->LY,TZ-->LY,TZ-->LY,TZ-->LY,TZ-->LY,TZ-->LY,TZ-->LY,TZ-->LY
LI,LIE,Liechtenstein,Vaduz,Europe,Western Europe,,LI-->TZ,LI-->TZ,LI-->TZ,LI-->TZ,LI-->TZ,LI-->TZ,LI-->TZ,LI-->TZ,LI-->TZ,LI-->TZ,LI-->TZ,LI-->TZ,LI-->TZ,LI-->TZ,LI-->TZ,LI-->TZ,LI-->TZ,LI-->TZ,LI-->TZ,,,,,,,,,,,,,,,,,TZ-->LI,TZ-->LI,TZ-->LI,TZ-->LI,TZ-->LI,TZ-->LI,TZ-->LI,TZ-->LI,TZ-->LI,TZ-->LI,TZ-->LI,TZ-->LI,TZ-->LI,TZ-->LI,TZ-->LI,TZ-->LI,TZ-->LI,TZ-->LI,TZ-->LI
LT,LTU,Lithuania,Vilnius,Europe,Northern Europe,,LT-->TZ,LT-->TZ,LT-->TZ,LT-->TZ,LT-->TZ,LT-->TZ,LT-->TZ,LT-->TZ,LT-->TZ,LT-->TZ,LT-->TZ,LT-->TZ,LT-->TZ,LT-->TZ,LT-->TZ,LT-->TZ,LT-->TZ,LT-->TZ,LT-->TZ,,,,,,,,,,,,,,,,,TZ-->LT,TZ-->LT,TZ-->LT,TZ-->LT,TZ-->LT,TZ-->LT,TZ-->LT,TZ-->LT,TZ-->LT,TZ-->LT,TZ-->LT,TZ-->LT,TZ-->LT,TZ-->LT,TZ-->LT,TZ-->LT,TZ-->LT,TZ-->LT,TZ-->LT
LU,LUX,Luxembourg,Luxembourg,Europe,Western Europe,,LU-->TZ,LU-->TZ,LU-->TZ,LU-->TZ,LU-->TZ,LU-->TZ,LU-->TZ,LU-->TZ,LU-->TZ,LU-->TZ,LU-->TZ,LU-->TZ,LU-->TZ,LU-->TZ,LU-->TZ,LU-->TZ,LU-->TZ,LU-->TZ,LU-->TZ,,,,,,,,,,,,,,,,,TZ-->LU,TZ-->LU,TZ-->LU,TZ-->LU,TZ-->LU,TZ-->LU,TZ-->LU,TZ-->LU,TZ-->LU,TZ-->LU,TZ-->LU,TZ-->LU,TZ-->LU,TZ-->LU,TZ-->LU,TZ-->LU,TZ-->LU,TZ-->LU,TZ-->LU
MO,MAC,Macau,,Asia,Eastern Asia,,MO-->TZ,MO-->TZ,MO-->TZ,MO-->TZ,MO-->TZ,MO-->TZ,MO-->TZ,MO-->TZ,MO-->TZ,MO-->TZ,MO-->TZ,MO-->TZ,MO-->TZ,MO-->TZ,MO-->TZ,MO-->TZ,MO-->TZ,MO-->TZ,MO-->TZ,,,,,,,,,,,,,,,,,TZ-->MO,TZ-->MO,TZ-->MO,TZ-->MO,TZ-->MO,TZ-->MO,TZ-->MO,TZ-->MO,TZ-->MO,TZ-->MO,TZ-->MO,TZ-->MO,TZ-->MO,TZ-->MO,TZ-->MO,TZ-->MO,TZ-->MO,TZ-->MO,TZ-->MO
MK,MKD,Republic of Macedonia,Skopje,Europe,Southern Europe,,MK-->TZ,MK-->TZ,MK-->TZ,MK-->TZ,MK-->TZ,MK-->TZ,MK-->TZ,MK-->TZ,MK-->TZ,MK-->TZ,MK-->TZ,MK-->TZ,MK-->TZ,MK-->TZ,MK-->TZ,MK-->TZ,MK-->TZ,MK-->TZ,MK-->TZ,,,,,,,,,,,,,,,,,TZ-->MK,TZ-->MK,TZ-->MK,TZ-->MK,TZ-->MK,TZ-->MK,TZ-->MK,TZ-->MK,TZ-->MK,TZ-->MK,TZ-->MK,TZ-->MK,TZ-->MK,TZ-->MK,TZ-->MK,TZ-->MK,TZ-->MK,TZ-->MK,TZ-->MK
MG,MDG,Madagascar,Antananarivo,Africa,Eastern Africa,,MG-->TZ,MG-->TZ,MG-->TZ,MG-->TZ,MG-->TZ,MG-->TZ,MG-->TZ,MG-->TZ,MG-->TZ,MG-->TZ,MG-->TZ,MG-->TZ,MG-->TZ,MG-->TZ,MG-->TZ,MG-->TZ,MG-->TZ,MG-->TZ,MG-->TZ,,,,,,,,,,,,,,,,,TZ-->MG,TZ-->MG,TZ-->MG,TZ-->MG,TZ-->MG,TZ-->MG,TZ-->MG,TZ-->MG,TZ-->MG,TZ-->MG,TZ-->MG,TZ-->MG,TZ-->MG,TZ-->MG,TZ-->MG,TZ-->MG,TZ-->MG,TZ-->MG,TZ-->MG
MW,MWI,Malawi,Lilongwe,Africa,Eastern Africa,,MW-->TZ,MW-->TZ,MW-->TZ,MW-->TZ,MW-->TZ,MW-->TZ,MW-->TZ,MW-->TZ,MW-->TZ,MW-->TZ,MW-->TZ,MW-->TZ,MW-->TZ,MW-->TZ,MW-->TZ,MW-->TZ,MW-->TZ,MW-->TZ,MW-->TZ,,,,,,,,,,,,,,,,,TZ-->MW,TZ-->MW,TZ-->MW,TZ-->MW,TZ-->MW,TZ-->MW,TZ-->MW,TZ-->MW,TZ-->MW,TZ-->MW,TZ-->MW,TZ-->MW,TZ-->MW,TZ-->MW,TZ-->MW,TZ-->MW,TZ-->MW,TZ-->MW,TZ-->MW
MY,MYS,Malaysia,Kuala Lumpur,Asia,South-Eastern Asia,,MY-->TZ,MY-->TZ,MY-->TZ,MY-->TZ,MY-->TZ,MY-->TZ,MY-->TZ,MY-->TZ,MY-->TZ,MY-->TZ,MY-->TZ,MY-->TZ,MY-->TZ,MY-->TZ,MY-->TZ,MY-->TZ,MY-->TZ,MY-->TZ,MY-->TZ,,,,,,,,,,,,,,,,,TZ-->MY,TZ-->MY,TZ-->MY,TZ-->MY,TZ-->MY,TZ-->MY,TZ-->MY,TZ-->MY,TZ-->MY,TZ-->MY,TZ-->MY,TZ-->MY,TZ-->MY,TZ-->MY,TZ-->MY,TZ-->MY,TZ-->MY,TZ-->MY,TZ-->MY
MV,MDV,Maldives,Malé,Asia,Southern Asia,,MV-->TZ,MV-->TZ,MV-->TZ,MV-->TZ,MV-->TZ,MV-->TZ,MV-->TZ,MV-->TZ,MV-->TZ,MV-->TZ,MV-->TZ,MV-->TZ,MV-->TZ,MV-->TZ,MV-->TZ,MV-->TZ,MV-->TZ,MV-->TZ,MV-->TZ,,,,,,,,,,,,,,,,,TZ-->MV,TZ-->MV,TZ-->MV,TZ-->MV,TZ-->MV,TZ-->MV,TZ-->MV,TZ-->MV,TZ-->MV,TZ-->MV,TZ-->MV,TZ-->MV,TZ-->MV,TZ-->MV,TZ-->MV,TZ-->MV,TZ-->MV,TZ-->MV,TZ-->MV
ML,MLI,Mali,Bamako,Africa,Western Africa,,ML-->TZ,ML-->TZ,ML-->TZ,ML-->TZ,ML-->TZ,ML-->TZ,ML-->TZ,ML-->TZ,ML-->TZ,ML-->TZ,ML-->TZ,ML-->TZ,ML-->TZ,ML-->TZ,ML-->TZ,ML-->TZ,ML-->TZ,ML-->TZ,ML-->TZ,,,,,,,,,,,,,,,,,TZ-->ML,TZ-->ML,TZ-->ML,TZ-->ML,TZ-->ML,TZ-->ML,TZ-->ML,TZ-->ML,TZ-->ML,TZ-->ML,TZ-->ML,TZ-->ML,TZ-->ML,TZ-->ML,TZ-->ML,TZ-->ML,TZ-->ML,TZ-->ML,TZ-->ML
MT,MLT,Malta,Valletta,Europe,Southern Europe,,MT-->TZ,MT-->TZ,MT-->TZ,MT-->TZ,MT-->TZ,MT-->TZ,MT-->TZ,MT-->TZ,MT-->TZ,MT-->TZ,MT-->TZ,MT-->TZ,MT-->TZ,MT-->TZ,MT-->TZ,MT-->TZ,MT-->TZ,MT-->TZ,MT-->TZ,,,,,,,,,,,,,,,,,TZ-->MT,TZ-->MT,TZ-->MT,TZ-->MT,TZ-->MT,TZ-->MT,TZ-->MT,TZ-->MT,TZ-->MT,TZ-->MT,TZ-->MT,TZ-->MT,TZ-->MT,TZ-->MT,TZ-->MT,TZ-->MT,TZ-->MT,TZ-->MT,TZ-->MT
MH,MHL,Marshall Islands,Majuro,Oceania,Micronesia,,MH-->TZ,MH-->TZ,MH-->TZ,MH-->TZ,MH-->TZ,MH-->TZ,MH-->TZ,MH-->TZ,MH-->TZ,MH-->TZ,MH-->TZ,MH-->TZ,MH-->TZ,MH-->TZ,MH-->TZ,MH-->TZ,MH-->TZ,MH-->TZ,MH-->TZ,,,,,,,,,,,,,,,,,TZ-->MH,TZ-->MH,TZ-->MH,TZ-->MH,TZ-->MH,TZ-->MH,TZ-->MH,TZ-->MH,TZ-->MH,TZ-->MH,TZ-->MH,TZ-->MH,TZ-->MH,TZ-->MH,TZ-->MH,TZ-->MH,TZ-->MH,TZ-->MH,TZ-->MH
MQ,MTQ,Martinique,Fort-de-France,Americas,Caribbean,,MQ-->TZ,MQ-->TZ,MQ-->TZ,MQ-->TZ,MQ-->TZ,MQ-->TZ,MQ-->TZ,MQ-->TZ,MQ-->TZ,MQ-->TZ,MQ-->TZ,MQ-->TZ,MQ-->TZ,MQ-->TZ,MQ-->TZ,MQ-->TZ,MQ-->TZ,MQ-->TZ,MQ-->TZ,,,,,,,,,,,,,,,,,TZ-->MQ,TZ-->MQ,TZ-->MQ,TZ-->MQ,TZ-->MQ,TZ-->MQ,TZ-->MQ,TZ-->MQ,TZ-->MQ,TZ-->MQ,TZ-->MQ,TZ-->MQ,TZ-->MQ,TZ-->MQ,TZ-->MQ,TZ-->MQ,TZ-->MQ,TZ-->MQ,TZ-->MQ
MR,MRT,Mauritania,Nouakchott,Africa,Western Africa,,MR-->TZ,MR-->TZ,MR-->TZ,MR-->TZ,MR-->TZ,MR-->TZ,MR-->TZ,MR-->TZ,MR-->TZ,MR-->TZ,MR-->TZ,MR-->TZ,MR-->TZ,MR-->TZ,MR-->TZ,MR-->TZ,MR-->TZ,MR-->TZ,MR-->TZ,0.0,,,,,,,,,,,,,,,,TZ-->MR,TZ-->MR,TZ-->MR,TZ-->MR,TZ-->MR,TZ-->MR,TZ-->MR,TZ-->MR,TZ-->MR,TZ-->MR,TZ-->MR,TZ-->MR,TZ-->MR,TZ-->MR,TZ-->MR,TZ-->MR,TZ-->MR,TZ-->MR,TZ-->MR
MU,MUS,Mauritius,Port Louis,Africa,Eastern Africa,,MU-->TZ,MU-->TZ,MU-->TZ,MU-->TZ,MU-->TZ,MU-->TZ,MU-->TZ,MU-->TZ,MU-->TZ,MU-->TZ,MU-->TZ,MU-->TZ,MU-->TZ,MU-->TZ,MU-->TZ,MU-->TZ,MU-->TZ,MU-->TZ,MU-->TZ,,,,,,,,,,,,,,,,,TZ-->MU,TZ-->MU,TZ-->MU,TZ-->MU,TZ-->MU,TZ-->MU,TZ-->MU,TZ-->MU,TZ-->MU,TZ-->MU,TZ-->MU,TZ-->MU,TZ-->MU,TZ-->MU,TZ-->MU,TZ-->MU,TZ-->MU,TZ-->MU,TZ-->MU
YT,MYT,Mayotte,Mamoudzou,Africa,Eastern Africa,,YT-->TZ,YT-->TZ,YT-->TZ,YT-->TZ,YT-->TZ,YT-->TZ,YT-->TZ,YT-->TZ,YT-->TZ,YT-->TZ,YT-->TZ,YT-->TZ,YT-->TZ,YT-->TZ,YT-->TZ,YT-->TZ,YT-->TZ,YT-->TZ,YT-->TZ,,,,,,,,,,,,,,,,,TZ-->YT,TZ-->YT,TZ-->YT,TZ-->YT,TZ-->YT,TZ-->YT,TZ-->YT,TZ-->YT,TZ-->YT,TZ-->YT,TZ-->YT,TZ-->YT,TZ-->YT,TZ-->YT,TZ-->YT,TZ-->YT,TZ-->YT,TZ-->YT,TZ-->YT
MX,MEX,Mexico,Mexico City,Americas,Central America,,MX-->TZ,MX-->TZ,MX-->TZ,MX-->TZ,MX-->TZ,MX-->TZ,MX-->TZ,MX-->TZ,MX-->TZ,MX-->TZ,MX-->TZ,MX-->TZ,MX-->TZ,MX-->TZ,MX-->TZ,MX-->TZ,MX-->TZ,MX-->TZ,MX-->TZ,,,,,,,,,,,,,,,,,TZ-->MX,TZ-->MX,TZ-->MX,TZ-->MX,TZ-->MX,TZ-->MX,TZ-->MX,TZ-->MX,TZ-->MX,TZ-->MX,TZ-->MX,TZ-->MX,TZ-->MX,TZ-->MX,TZ-->MX,TZ-->MX,TZ-->MX,TZ-->MX,TZ-->MX
FM,FSM,Federated States of Micronesia,Palikir,Oceania,Micronesia,,FM-->TZ,FM-->TZ,FM-->TZ,FM-->TZ,FM-->TZ,FM-->TZ,FM-->TZ,FM-->TZ,FM-->TZ,FM-->TZ,FM-->TZ,FM-->TZ,FM-->TZ,FM-->TZ,FM-->TZ,FM-->TZ,FM-->TZ,FM-->TZ,FM-->TZ,,,,,,,,,,,,,,,,,TZ-->FM,TZ-->FM,TZ-->FM,TZ-->FM,TZ-->FM,TZ-->FM,TZ-->FM,TZ-->FM,TZ-->FM,TZ-->FM,TZ-->FM,TZ-->FM,TZ-->FM,TZ-->FM,TZ-->FM,TZ-->FM,TZ-->FM,TZ-->FM,TZ-->FM
MD,MDA,Moldova,Chișinău,Europe,Eastern Europe,,MD-->TZ,MD-->TZ,MD-->TZ,MD-->TZ,MD-->TZ,MD-->TZ,MD-->TZ,MD-->TZ,MD-->TZ,MD-->TZ,MD-->TZ,MD-->TZ,MD-->TZ,MD-->TZ,MD-->TZ,MD-->TZ,MD-->TZ,MD-->TZ,MD-->TZ,,,,,,,,,,,,,,,,,TZ-->MD,TZ-->MD,TZ-->MD,TZ-->MD,TZ-->MD,TZ-->MD,TZ-->MD,TZ-->MD,TZ-->MD,TZ-->MD,TZ-->MD,TZ-->MD,TZ-->MD,TZ-->MD,TZ-->MD,TZ-->MD,TZ-->MD,TZ-->MD,TZ-->MD
MC,MCO,Monaco,Monaco,Europe,Western Europe,,MC-->TZ,MC-->TZ,MC-->TZ,MC-->TZ,MC-->TZ,MC-->TZ,MC-->TZ,MC-->TZ,MC-->TZ,MC-->TZ,MC-->TZ,MC-->TZ,MC-->TZ,MC-->TZ,MC-->TZ,MC-->TZ,MC-->TZ,MC-->TZ,MC-->TZ,,,,,,,,,,,,,,,,,TZ-->MC,TZ-->MC,TZ-->MC,TZ-->MC,TZ-->MC,TZ-->MC,TZ-->MC,TZ-->MC,TZ-->MC,TZ-->MC,TZ-->MC,TZ-->MC,TZ-->MC,TZ-->MC,TZ-->MC,TZ-->MC,TZ-->MC,TZ-->MC,TZ-->MC
MN,MNG,Mongolia,Ulan Bator,Asia,Eastern Asia,,MN-->TZ,MN-->TZ,MN-->TZ,MN-->TZ,MN-->TZ,MN-->TZ,MN-->TZ,MN-->TZ,MN-->TZ,MN-->TZ,MN-->TZ,MN-->TZ,MN-->TZ,MN-->TZ,MN-->TZ,MN-->TZ,MN-->TZ,MN-->TZ,MN-->TZ,,,,,,,,,,,,,,,,,TZ-->MN,TZ-->MN,TZ-->MN,TZ-->MN,TZ-->MN,TZ-->MN,TZ-->MN,TZ-->MN,TZ-->MN,TZ-->MN,TZ-->MN,TZ-->MN,TZ-->MN,TZ-->MN,TZ-->MN,TZ-->MN,TZ-->MN,TZ-->MN,TZ-->MN
ME,MNE,Montenegro,Podgorica,Europe,Southern Europe,,ME-->TZ,ME-->TZ,ME-->TZ,ME-->TZ,ME-->TZ,ME-->TZ,ME-->TZ,ME-->TZ,ME-->TZ,ME-->TZ,ME-->TZ,ME-->TZ,ME-->TZ,ME-->TZ,ME-->TZ,ME-->TZ,ME-->TZ,ME-->TZ,ME-->TZ,,,,,,,,,,,,,,,,,TZ-->ME,TZ-->ME,TZ-->ME,TZ-->ME,TZ-->ME,TZ-->ME,TZ-->ME,TZ-->ME,TZ-->ME,TZ-->ME,TZ-->ME,TZ-->ME,TZ-->ME,TZ-->ME,TZ-->ME,TZ-->ME,TZ-->ME,TZ-->ME,TZ-->ME
MS,MSR,Montserrat,Plymouth,Americas,Caribbean,,MS-->TZ,MS-->TZ,MS-->TZ,MS-->TZ,MS-->TZ,MS-->TZ,MS-->TZ,MS-->TZ,MS-->TZ,MS-->TZ,MS-->TZ,MS-->TZ,MS-->TZ,MS-->TZ,MS-->TZ,MS-->TZ,MS-->TZ,MS-->TZ,MS-->TZ,,,,,,,,,,,,,,,,,TZ-->MS,TZ-->MS,TZ-->MS,TZ-->MS,TZ-->MS,TZ-->MS,TZ-->MS,TZ-->MS,TZ-->MS,TZ-->MS,TZ-->MS,TZ-->MS,TZ-->MS,TZ-->MS,TZ-->MS,TZ-->MS,TZ-->MS,TZ-->MS,TZ-->MS
MA,MAR,Morocco,Rabat,Africa,Northern Africa,,MA-->TZ,MA-->TZ,MA-->TZ,MA-->TZ,MA-->TZ,MA-->TZ,MA-->TZ,MA-->TZ,MA-->TZ,MA-->TZ,MA-->TZ,MA-->TZ,MA-->TZ,MA-->TZ,MA-->TZ,MA-->TZ,MA-->TZ,MA-->TZ,MA-->TZ,,,,,,,,,,,,,,,,,TZ-->MA,TZ-->MA,TZ-->MA,TZ-->MA,TZ-->MA,TZ-->MA,TZ-->MA,TZ-->MA,TZ-->MA,TZ-->MA,TZ-->MA,TZ-->MA,TZ-->MA,TZ-->MA,TZ-->MA,TZ-->MA,TZ-->MA,TZ-->MA,TZ-->MA
MZ,MOZ,Mozambique,Maputo,Africa,Eastern Africa,,MZ-->TZ,MZ-->TZ,MZ-->TZ,MZ-->TZ,MZ-->TZ,MZ-->TZ,MZ-->TZ,MZ-->TZ,MZ-->TZ,MZ-->TZ,MZ-->TZ,MZ-->TZ,MZ-->TZ,MZ-->TZ,MZ-->TZ,MZ-->TZ,MZ-->TZ,MZ-->TZ,MZ-->TZ,,,,,,,,,,,,,,,,,TZ-->MZ,TZ-->MZ,TZ-->MZ,TZ-->MZ,TZ-->MZ,TZ-->MZ,TZ-->MZ,TZ-->MZ,TZ-->MZ,TZ-->MZ,TZ-->MZ,TZ-->MZ,TZ-->MZ,TZ-->MZ,TZ-->MZ,TZ-->MZ,TZ-->MZ,TZ-->MZ,TZ-->MZ
MM,MMR,Myanmar,Naypyidaw,Asia,South-Eastern Asia,,MM-->TZ,MM-->TZ,MM-->TZ,MM-->TZ,MM-->TZ,MM-->TZ,MM-->TZ,MM-->TZ,MM-->TZ,MM-->TZ,MM-->TZ,MM-->TZ,MM-->TZ,MM-->TZ,MM-->TZ,MM-->TZ,MM-->TZ,MM-->TZ,MM-->TZ,,,,,,,,,,,,,,,,,TZ-->MM,TZ-->MM,TZ-->MM,TZ-->MM,TZ-->MM,TZ-->MM,TZ-->MM,TZ-->MM,TZ-->MM,TZ-->MM,TZ-->MM,TZ-->MM,TZ-->MM,TZ-->MM,TZ-->MM,TZ-->MM,TZ-->MM,TZ-->MM,TZ-->MM
,NAM,Namibia,Windhoek,Africa,Southern Africa,,NA-->TZ,NA-->TZ,NA-->TZ,NA-->TZ,NA-->TZ,NA-->TZ,NA-->TZ,NA-->TZ,NA-->TZ,NA-->TZ,NA-->TZ,NA-->TZ,NA-->TZ,NA-->TZ,NA-->TZ,NA-->TZ,NA-->TZ,NA-->TZ,NA-->TZ,,,,,,,,,,,,,,,,,TZ-->NA,TZ-->NA,TZ-->NA,TZ-->NA,TZ-->NA,TZ-->NA,TZ-->NA,TZ-->NA,TZ-->NA,TZ-->NA,TZ-->NA,TZ-->NA,TZ-->NA,TZ-->NA,TZ-->NA,TZ-->NA,TZ-->NA,TZ-->NA,TZ-->NA
NR,NRU,Nauru,Yaren,Oceania,Micronesia,,NR-->TZ,NR-->TZ,NR-->TZ,NR-->TZ,NR-->TZ,NR-->TZ,NR-->TZ,NR-->TZ,NR-->TZ,NR-->TZ,NR-->TZ,NR-->TZ,NR-->TZ,NR-->TZ,NR-->TZ,NR-->TZ,NR-->TZ,NR-->TZ,NR-->TZ,,,,,,,,,,,,,,,,,TZ-->NR,TZ-->NR,TZ-->NR,TZ-->NR,TZ-->NR,TZ-->NR,TZ-->NR,TZ-->NR,TZ-->NR,TZ-->NR,TZ-->NR,TZ-->NR,TZ-->NR,TZ-->NR,TZ-->NR,TZ-->NR,TZ-->NR,TZ-->NR,TZ-->NR
NP,NPL,Nepal,Kathmandu,Asia,Southern Asia,,NP-->TZ,NP-->TZ,NP-->TZ,NP-->TZ,NP-->TZ,NP-->TZ,NP-->TZ,NP-->TZ,NP-->TZ,NP-->TZ,NP-->TZ,NP-->TZ,NP-->TZ,NP-->TZ,NP-->TZ,NP-->TZ,NP-->TZ,NP-->TZ,NP-->TZ,,,,,,,,,,,,,,,,,TZ-->NP,TZ-->NP,TZ-->NP,TZ-->NP,TZ-->NP,TZ-->NP,TZ-->NP,TZ-->NP,TZ-->NP,TZ-->NP,TZ-->NP,TZ-->NP,TZ-->NP,TZ-->NP,TZ-->NP,TZ-->NP,TZ-->NP,TZ-->NP,TZ-->NP
NL,NLD,Netherlands,Amsterdam,Europe,Western Europe,,NL-->TZ,NL-->TZ,NL-->TZ,NL-->TZ,NL-->TZ,NL-->TZ,NL-->TZ,NL-->TZ,NL-->TZ,NL-->TZ,NL-->TZ,NL-->TZ,NL-->TZ,NL-->TZ,NL-->TZ,NL-->TZ,NL-->TZ,NL-->TZ,NL-->TZ,,,,,,,,,,,,,,,,,TZ-->NL,TZ-->NL,TZ-->NL,TZ-->NL,TZ-->NL,TZ-->NL,TZ-->NL,TZ-->NL,TZ-->NL,TZ-->NL,TZ-->NL,TZ-->NL,TZ-->NL,TZ-->NL,TZ-->NL,TZ-->NL,TZ-->NL,TZ-->NL,TZ-->NL
NC,NCL,New Caledonia,Nouméa,Oceania,Melanesia,,NC-->TZ,NC-->TZ,NC-->TZ,NC-->TZ,NC-->TZ,NC-->TZ,NC-->TZ,NC-->TZ,NC-->TZ,NC-->TZ,NC-->TZ,NC-->TZ,NC-->TZ,NC-->TZ,NC-->TZ,NC-->TZ,NC-->TZ,NC-->TZ,NC-->TZ,,,,,,,,,,,,,,,,,TZ-->NC,TZ-->NC,TZ-->NC,TZ-->NC,TZ-->NC,TZ-->NC,TZ-->NC,TZ-->NC,TZ-->NC,TZ-->NC,TZ-->NC,TZ-->NC,TZ-->NC,TZ-->NC,TZ-->NC,TZ-->NC,TZ-->NC,TZ-->NC,TZ-->NC
NZ,NZL,New Zealand,Wellington,Oceania,Australia and New Zealand,,NZ-->TZ,NZ-->TZ,NZ-->TZ,NZ-->TZ,NZ-->TZ,NZ-->TZ,NZ-->TZ,NZ-->TZ,NZ-->TZ,NZ-->TZ,NZ-->TZ,NZ-->TZ,NZ-->TZ,NZ-->TZ,NZ-->TZ,NZ-->TZ,NZ-->TZ,NZ-->TZ,NZ-->TZ,,,,,,,,,,,,,,,,,TZ-->NZ,TZ-->NZ,TZ-->NZ,TZ-->NZ,TZ-->NZ,TZ-->NZ,TZ-->NZ,TZ-->NZ,TZ-->NZ,TZ-->NZ,TZ-->NZ,TZ-->NZ,TZ-->NZ,TZ-->NZ,TZ-->NZ,TZ-->NZ,TZ-->NZ,TZ-->NZ,TZ-->NZ
NI,NIC,Nicaragua,Managua,Americas,Central America,,NI-->TZ,NI-->TZ,NI-->TZ,NI-->TZ,NI-->TZ,NI-->TZ,NI-->TZ,NI-->TZ,NI-->TZ,NI-->TZ,NI-->TZ,NI-->TZ,NI-->TZ,NI-->TZ,NI-->TZ,NI-->TZ,NI-->TZ,NI-->TZ,NI-->TZ,,,,,,,,,,,,,,,,,TZ-->NI,TZ-->NI,TZ-->NI,TZ-->NI,TZ-->NI,TZ-->NI,TZ-->NI,TZ-->NI,TZ-->NI,TZ-->NI,TZ-->NI,TZ-->NI,TZ-->NI,TZ-->NI,TZ-->NI,TZ-->NI,TZ-->NI,TZ-->NI,TZ-->NI
NE,NER,Niger,Niamey,Africa,Western Africa,,NE-->TZ,NE-->TZ,NE-->TZ,NE-->TZ,NE-->TZ,NE-->TZ,NE-->TZ,NE-->TZ,NE-->TZ,NE-->TZ,NE-->TZ,NE-->TZ,NE-->TZ,NE-->TZ,NE-->TZ,NE-->TZ,NE-->TZ,NE-->TZ,NE-->TZ,,,,,,,,,,,,,,,,,TZ-->NE,TZ-->NE,TZ-->NE,TZ-->NE,TZ-->NE,TZ-->NE,TZ-->NE,TZ-->NE,TZ-->NE,TZ-->NE,TZ-->NE,TZ-->NE,TZ-->NE,TZ-->NE,TZ-->NE,TZ-->NE,TZ-->NE,TZ-->NE,TZ-->NE
NG,NGA,Nigeria,Abuja,Africa,Western Africa,,NG-->TZ,NG-->TZ,NG-->TZ,NG-->TZ,NG-->TZ,NG-->TZ,NG-->TZ,NG-->TZ,NG-->TZ,NG-->TZ,NG-->TZ,NG-->TZ,NG-->TZ,NG-->TZ,NG-->TZ,NG-->TZ,NG-->TZ,NG-->TZ,NG-->TZ,,,,,,,,,,,,,,,,,TZ-->NG,TZ-->NG,TZ-->NG,TZ-->NG,TZ-->NG,TZ-->NG,TZ-->NG,TZ-->NG,TZ-->NG,TZ-->NG,TZ-->NG,TZ-->NG,TZ-->NG,TZ-->NG,TZ-->NG,TZ-->NG,TZ-->NG,TZ-->NG,TZ-->NG
NU,NIU,Niue,Alofi,Oceania,Polynesia,,NU-->TZ,NU-->TZ,NU-->TZ,NU-->TZ,NU-->TZ,NU-->TZ,NU-->TZ,NU-->TZ,NU-->TZ,NU-->TZ,NU-->TZ,NU-->TZ,NU-->TZ,NU-->TZ,NU-->TZ,NU-->TZ,NU-->TZ,NU-->TZ,NU-->TZ,,,,,,,,,,,,,,,,,TZ-->NU,TZ-->NU,TZ-->NU,TZ-->NU,TZ-->NU,TZ-->NU,TZ-->NU,TZ-->NU,TZ-->NU,TZ-->NU,TZ-->NU,TZ-->NU,TZ-->NU,TZ-->NU,TZ-->NU,TZ-->NU,TZ-->NU,TZ-->NU,TZ-->NU
NF,NFK,Norfolk Island,Kingston,Oceania,Australia and New Zealand,,NF-->TZ,NF-->TZ,NF-->TZ,NF-->TZ,NF-->TZ,NF-->TZ,NF-->TZ,NF-->TZ,NF-->TZ,NF-->TZ,NF-->TZ,NF-->TZ,NF-->TZ,NF-->TZ,NF-->TZ,NF-->TZ,NF-->TZ,NF-->TZ,NF-->TZ,,,,,,,,,,,,,,,,,TZ-->NF,TZ-->NF,TZ-->NF,TZ-->NF,TZ-->NF,TZ-->NF,TZ-->NF,TZ-->NF,TZ-->NF,TZ-->NF,TZ-->NF,TZ-->NF,TZ-->NF,TZ-->NF,TZ-->NF,TZ-->NF,TZ-->NF,TZ-->NF,TZ-->NF
KP,PRK,North Korea,Pyongyang,Asia,Eastern Asia,,KP-->TZ,KP-->TZ,KP-->TZ,KP-->TZ,KP-->TZ,KP-->TZ,KP-->TZ,KP-->TZ,KP-->TZ,KP-->TZ,KP-->TZ,KP-->TZ,KP-->TZ,KP-->TZ,KP-->TZ,KP-->TZ,KP-->TZ,KP-->TZ,KP-->TZ,,,,,,,,,,,,,,,,,TZ-->KP,TZ-->KP,TZ-->KP,TZ-->KP,TZ-->KP,TZ-->KP,TZ-->KP,TZ-->KP,TZ-->KP,TZ-->KP,TZ-->KP,TZ-->KP,TZ-->KP,TZ-->KP,TZ-->KP,TZ-->KP,TZ-->KP,TZ-->KP,TZ-->KP
MP,MNP,Northern Mariana Islands,Saipan,Oceania,Micronesia,,MP-->TZ,MP-->TZ,MP-->TZ,MP-->TZ,MP-->TZ,MP-->TZ,MP-->TZ,MP-->TZ,MP-->TZ,MP-->TZ,MP-->TZ,MP-->TZ,MP-->TZ,MP-->TZ,MP-->TZ,MP-->TZ,MP-->TZ,MP-->TZ,MP-->TZ,,,,,,,,,,,,,,,,,TZ-->MP,TZ-->MP,TZ-->MP,TZ-->MP,TZ-->MP,TZ-->MP,TZ-->MP,TZ-->MP,TZ-->MP,TZ-->MP,TZ-->MP,TZ-->MP,TZ-->MP,TZ-->MP,TZ-->MP,TZ-->MP,TZ-->MP,TZ-->MP,TZ-->MP
NO,NOR,Norway,Oslo,Europe,Northern Europe,,NO-->TZ,NO-->TZ,NO-->TZ,NO-->TZ,NO-->TZ,NO-->TZ,NO-->TZ,NO-->TZ,NO-->TZ,NO-->TZ,NO-->TZ,NO-->TZ,NO-->TZ,NO-->TZ,NO-->TZ,NO-->TZ,NO-->TZ,NO-->TZ,NO-->TZ,,,,,,,,,,,,,,,,,TZ-->NO,TZ-->NO,TZ-->NO,TZ-->NO,TZ-->NO,TZ-->NO,TZ-->NO,TZ-->NO,TZ-->NO,TZ-->NO,TZ-->NO,TZ-->NO,TZ-->NO,TZ-->NO,TZ-->NO,TZ-->NO,TZ-->NO,TZ-->NO,TZ-->NO
OM,OMN,Oman,Muscat,Asia,Western Asia,,OM-->TZ,OM-->TZ,OM-->TZ,OM-->TZ,OM-->TZ,OM-->TZ,OM-->TZ,OM-->TZ,OM-->TZ,OM-->TZ,OM-->TZ,OM-->TZ,OM-->TZ,OM-->TZ,OM-->TZ,OM-->TZ,OM-->TZ,OM-->TZ,OM-->TZ,,,,,,,,,,,,,,,,,TZ-->OM,TZ-->OM,TZ-->OM,TZ-->OM,TZ-->OM,TZ-->OM,TZ-->OM,TZ-->OM,TZ-->OM,TZ-->OM,TZ-->OM,TZ-->OM,TZ-->OM,TZ-->OM,TZ-->OM,TZ-->OM,TZ-->OM,TZ-->OM,TZ-->OM
PK,PAK,Pakistan,Islamabad,Asia,Southern Asia,,PK-->TZ,PK-->TZ,PK-->TZ,PK-->TZ,PK-->TZ,PK-->TZ,PK-->TZ,PK-->TZ,PK-->TZ,PK-->TZ,PK-->TZ,PK-->TZ,PK-->TZ,PK-->TZ,PK-->TZ,PK-->TZ,PK-->TZ,PK-->TZ,PK-->TZ,,,,,,,,,,,,,,,,,TZ-->PK,TZ-->PK,TZ-->PK,TZ-->PK,TZ-->PK,TZ-->PK,TZ-->PK,TZ-->PK,TZ-->PK,TZ-->PK,TZ-->PK,TZ-->PK,TZ-->PK,TZ-->PK,TZ-->PK,TZ-->PK,TZ-->PK,TZ-->PK,TZ-->PK
PW,PLW,Palau,Ngerulmud,Oceania,Micronesia,,PW-->TZ,PW-->TZ,PW-->TZ,PW-->TZ,PW-->TZ,PW-->TZ,PW-->TZ,PW-->TZ,PW-->TZ,PW-->TZ,PW-->TZ,PW-->TZ,PW-->TZ,PW-->TZ,PW-->TZ,PW-->TZ,PW-->TZ,PW-->TZ,PW-->TZ,,,,,,,,,,,,,,,,,TZ-->PW,TZ-->PW,TZ-->PW,TZ-->PW,TZ-->PW,TZ-->PW,TZ-->PW,TZ-->PW,TZ-->PW,TZ-->PW,TZ-->PW,TZ-->PW,TZ-->PW,TZ-->PW,TZ-->PW,TZ-->PW,TZ-->PW,TZ-->PW,TZ-->PW
PS,PSE,Palestine,Ramallah,Asia,Western Asia,,PS-->TZ,PS-->TZ,PS-->TZ,PS-->TZ,PS-->TZ,PS-->TZ,PS-->TZ,PS-->TZ,PS-->TZ,PS-->TZ,PS-->TZ,PS-->TZ,PS-->TZ,PS-->TZ,PS-->TZ,PS-->TZ,PS-->TZ,PS-->TZ,PS-->TZ,,,,,,,,,,,,,,,,,TZ-->PS,TZ-->PS,TZ-->PS,TZ-->PS,TZ-->PS,TZ-->PS,TZ-->PS,TZ-->PS,TZ-->PS,TZ-->PS,TZ-->PS,TZ-->PS,TZ-->PS,TZ-->PS,TZ-->PS,TZ-->PS,TZ-->PS,TZ-->PS,TZ-->PS
PA,PAN,Panama,Panama City,Americas,Central America,,PA-->TZ,PA-->TZ,PA-->TZ,PA-->TZ,PA-->TZ,PA-->TZ,PA-->TZ,PA-->TZ,PA-->TZ,PA-->TZ,PA-->TZ,PA-->TZ,PA-->TZ,PA-->TZ,PA-->TZ,PA-->TZ,PA-->TZ,PA-->TZ,PA-->TZ,,,,,,,,,,,,,,,,,TZ-->PA,TZ-->PA,TZ-->PA,TZ-->PA,TZ-->PA,TZ-->PA,TZ-->PA,TZ-->PA,TZ-->PA,TZ-->PA,TZ-->PA,TZ-->PA,TZ-->PA,TZ-->PA,TZ-->PA,TZ-->PA,TZ-->PA,TZ-->PA,TZ-->PA
PG,PNG,Papua New Guinea,Port Moresby,Oceania,Melanesia,,PG-->TZ,PG-->TZ,PG-->TZ,PG-->TZ,PG-->TZ,PG-->TZ,PG-->TZ,PG-->TZ,PG-->TZ,PG-->TZ,PG-->TZ,PG-->TZ,PG-->TZ,PG-->TZ,PG-->TZ,PG-->TZ,PG-->TZ,PG-->TZ,PG-->TZ,,,,,,,,,,,,,,,,,TZ-->PG,TZ-->PG,TZ-->PG,TZ-->PG,TZ-->PG,TZ-->PG,TZ-->PG,TZ-->PG,TZ-->PG,TZ-->PG,TZ-->PG,TZ-->PG,TZ-->PG,TZ-->PG,TZ-->PG,TZ-->PG,TZ-->PG,TZ-->PG,TZ-->PG
PY,PRY,Paraguay,Asunción,Americas,South America,,PY-->TZ,PY-->TZ,PY-->TZ,PY-->TZ,PY-->TZ,PY-->TZ,PY-->TZ,PY-->TZ,PY-->TZ,PY-->TZ,PY-->TZ,PY-->TZ,PY-->TZ,PY-->TZ,PY-->TZ,PY-->TZ,PY-->TZ,PY-->TZ,PY-->TZ,,,,,,,,,,,,,,,,,TZ-->PY,TZ-->PY,TZ-->PY,TZ-->PY,TZ-->PY,TZ-->PY,TZ-->PY,TZ-->PY,TZ-->PY,TZ-->PY,TZ-->PY,TZ-->PY,TZ-->PY,TZ-->PY,TZ-->PY,TZ-->PY,TZ-->PY,TZ-->PY,TZ-->PY
PE,PER,Peru,Lima,Americas,South America,,PE-->TZ,PE-->TZ,PE-->TZ,PE-->TZ,PE-->TZ,PE-->TZ,PE-->TZ,PE-->TZ,PE-->TZ,PE-->TZ,PE-->TZ,PE-->TZ,PE-->TZ,PE-->TZ,PE-->TZ,PE-->TZ,PE-->TZ,PE-->TZ,PE-->TZ,,,,,,,,,,,,,,,,,TZ-->PE,TZ-->PE,TZ-->PE,TZ-->PE,TZ-->PE,TZ-->PE,TZ-->PE,TZ-->PE,TZ-->PE,TZ-->PE,TZ-->PE,TZ-->PE,TZ-->PE,TZ-->PE,TZ-->PE,TZ-->PE,TZ-->PE,TZ-->PE,TZ-->PE
PH,PHL,Philippines,Manila,Asia,South-Eastern Asia,,PH-->TZ,PH-->TZ,PH-->TZ,PH-->TZ,PH-->TZ,PH-->TZ,PH-->TZ,PH-->TZ,PH-->TZ,PH-->TZ,PH-->TZ,PH-->TZ,PH-->TZ,PH-->TZ,PH-->TZ,PH-->TZ,PH-->TZ,PH-->TZ,PH-->TZ,,,,,,,,,,,,,,,,,TZ-->PH,TZ-->PH,TZ-->PH,TZ-->PH,TZ-->PH,TZ-->PH,TZ-->PH,TZ-->PH,TZ-->PH,TZ-->PH,TZ-->PH,TZ-->PH,TZ-->PH,TZ-->PH,TZ-->PH,TZ-->PH,TZ-->PH,TZ-->PH,TZ-->PH
PN,PCN,Pitcairn Islands,Adamstown,Oceania,Polynesia,,PN-->TZ,PN-->TZ,PN-->TZ,PN-->TZ,PN-->TZ,PN-->TZ,PN-->TZ,PN-->TZ,PN-->TZ,PN-->TZ,PN-->TZ,PN-->TZ,PN-->TZ,PN-->TZ,PN-->TZ,PN-->TZ,PN-->TZ,PN-->TZ,PN-->TZ,,,,,,,,,,,,,,,,,TZ-->PN,TZ-->PN,TZ-->PN,TZ-->PN,TZ-->PN,TZ-->PN,TZ-->PN,TZ-->PN,TZ-->PN,TZ-->PN,TZ-->PN,TZ-->PN,TZ-->PN,TZ-->PN,TZ-->PN,TZ-->PN,TZ-->PN,TZ-->PN,TZ-->PN
PL,POL,Poland,Warsaw,Europe,Eastern Europe,,PL-->TZ,PL-->TZ,PL-->TZ,PL-->TZ,PL-->TZ,PL-->TZ,PL-->TZ,PL-->TZ,PL-->TZ,PL-->TZ,PL-->TZ,PL-->TZ,PL-->TZ,PL-->TZ,PL-->TZ,PL-->TZ,PL-->TZ,PL-->TZ,PL-->TZ,,,,,,,,,,,,,,,,,TZ-->PL,TZ-->PL,TZ-->PL,TZ-->PL,TZ-->PL,TZ-->PL,TZ-->PL,TZ-->PL,TZ-->PL,TZ-->PL,TZ-->PL,TZ-->PL,TZ-->PL,TZ-->PL,TZ-->PL,TZ-->PL,TZ-->PL,TZ-->PL,TZ-->PL
PT,PRT,Portugal,Lisbon,Europe,Southern Europe,,PT-->TZ,PT-->TZ,PT-->TZ,PT-->TZ,PT-->TZ,PT-->TZ,PT-->TZ,PT-->TZ,PT-->TZ,PT-->TZ,PT-->TZ,PT-->TZ,PT-->TZ,PT-->TZ,PT-->TZ,PT-->TZ,PT-->TZ,PT-->TZ,PT-->TZ,,,,,,,,,,,,,,,,,TZ-->PT,TZ-->PT,TZ-->PT,TZ-->PT,TZ-->PT,TZ-->PT,TZ-->PT,TZ-->PT,TZ-->PT,TZ-->PT,TZ-->PT,TZ-->PT,TZ-->PT,TZ-->PT,TZ-->PT,TZ-->PT,TZ-->PT,TZ-->PT,TZ-->PT
PR,PRI,Puerto Rico,San Juan,Americas,Caribbean,,PR-->TZ,PR-->TZ,PR-->TZ,PR-->TZ,PR-->TZ,PR-->TZ,PR-->TZ,PR-->TZ,PR-->TZ,PR-->TZ,PR-->TZ,PR-->TZ,PR-->TZ,PR-->TZ,PR-->TZ,PR-->TZ,PR-->TZ,PR-->TZ,PR-->TZ,,,,,,,,,,,,,,,,,TZ-->PR,TZ-->PR,TZ-->PR,TZ-->PR,TZ-->PR,TZ-->PR,TZ-->PR,TZ-->PR,TZ-->PR,TZ-->PR,TZ-->PR,TZ-->PR,TZ-->PR,TZ-->PR,TZ-->PR,TZ-->PR,TZ-->PR,TZ-->PR,TZ-->PR
QA,QAT,Qatar,Doha,Asia,Western Asia,,QA-->TZ,QA-->TZ,QA-->TZ,QA-->TZ,QA-->TZ,QA-->TZ,QA-->TZ,QA-->TZ,QA-->TZ,QA-->TZ,QA-->TZ,QA-->TZ,QA-->TZ,QA-->TZ,QA-->TZ,QA-->TZ,QA-->TZ,QA-->TZ,QA-->TZ,,,,,,,,,,,,,,,,,TZ-->QA,TZ-->QA,TZ-->QA,TZ-->QA,TZ-->QA,TZ-->QA,TZ-->QA,TZ-->QA,TZ-->QA,TZ-->QA,TZ-->QA,TZ-->QA,TZ-->QA,TZ-->QA,TZ-->QA,TZ-->QA,TZ-->QA,TZ-->QA,TZ-->QA
XK,KOS,Republic of Kosovo,Pristina,Europe,Eastern Europe,,XK-->TZ,XK-->TZ,XK-->TZ,XK-->TZ,XK-->TZ,XK-->TZ,XK-->TZ,XK-->TZ,XK-->TZ,XK-->TZ,XK-->TZ,XK-->TZ,XK-->TZ,XK-->TZ,XK-->TZ,XK-->TZ,XK-->TZ,XK-->TZ,XK-->TZ,,,,,,,,,,,,,,,,,TZ-->XK,TZ-->XK,TZ-->XK,TZ-->XK,TZ-->XK,TZ-->XK,TZ-->XK,TZ-->XK,TZ-->XK,TZ-->XK,TZ-->XK,TZ-->XK,TZ-->XK,TZ-->XK,TZ-->XK,TZ-->XK,TZ-->XK,TZ-->XK,TZ-->XK
RE,REU,Réunion,Saint-Denis,Africa,Eastern Africa,,RE-->TZ,RE-->TZ,RE-->TZ,RE-->TZ,RE-->TZ,RE-->TZ,RE-->TZ,RE-->TZ,RE-->TZ,RE-->TZ,RE-->TZ,RE-->TZ,RE-->TZ,RE-->TZ,RE-->TZ,RE-->TZ,RE-->TZ,RE-->TZ,RE-->TZ,,,,,,,,,,,,,,,,,TZ-->RE,TZ-->RE,TZ-->RE,TZ-->RE,TZ-->RE,TZ-->RE,TZ-->RE,TZ-->RE,TZ-->RE,TZ-->RE,TZ-->RE,TZ-->RE,TZ-->RE,TZ-->RE,TZ-->RE,TZ-->RE,TZ-->RE,TZ-->RE,TZ-->RE
RO,ROU,Romania,Bucharest,Europe,Eastern Europe,,RO-->TZ,RO-->TZ,RO-->TZ,RO-->TZ,RO-->TZ,RO-->TZ,RO-->TZ,RO-->TZ,RO-->TZ,RO-->TZ,RO-->TZ,RO-->TZ,RO-->TZ,RO-->TZ,RO-->TZ,RO-->TZ,RO-->TZ,RO-->TZ,RO-->TZ,,,,,,,,,,,,,,,,,TZ-->RO,TZ-->RO,TZ-->RO,TZ-->RO,TZ-->RO,TZ-->RO,TZ-->RO,TZ-->RO,TZ-->RO,TZ-->RO,TZ-->RO,TZ-->RO,TZ-->RO,TZ-->RO,TZ-->RO,TZ-->RO,TZ-->RO,TZ-->RO,TZ-->RO
RU,RUS,Russia,Moscow,Europe,Eastern Europe,,RU-->TZ,RU-->TZ,RU-->TZ,RU-->TZ,RU-->TZ,RU-->TZ,RU-->TZ,RU-->TZ,RU-->TZ,RU-->TZ,RU-->TZ,RU-->TZ,RU-->TZ,RU-->TZ,RU-->TZ,RU-->TZ,RU-->TZ,RU-->TZ,RU-->TZ,,,,,,,,,,,,,,,,,TZ-->RU,TZ-->RU,TZ-->RU,TZ-->RU,TZ-->RU,TZ-->RU,TZ-->RU,TZ-->RU,TZ-->RU,TZ-->RU,TZ-->RU,TZ-->RU,TZ-->RU,TZ-->RU,TZ-->RU,TZ-->RU,TZ-->RU,TZ-->RU,TZ-->RU
RW,RWA,Rwanda,Kigali,Africa,Eastern Africa,,RW-->TZ,RW-->TZ,RW-->TZ,RW-->TZ,RW-->TZ,RW-->TZ,RW-->TZ,RW-->TZ,RW-->TZ,RW-->TZ,RW-->TZ,RW-->TZ,RW-->TZ,RW-->TZ,RW-->TZ,RW-->TZ,RW-->TZ,RW-->TZ,RW-->TZ,,,,,,,,,,,,,,,,,TZ-->RW,TZ-->RW,TZ-->RW,TZ-->RW,TZ-->RW,TZ-->RW,TZ-->RW,TZ-->RW,TZ-->RW,TZ-->RW,TZ-->RW,TZ-->RW,TZ-->RW,TZ-->RW,TZ-->RW,TZ-->RW,TZ-->RW,TZ-->RW,TZ-->RW
BL,BLM,Saint Barthélemy,Gustavia,Americas,Caribbean,,BL-->TZ,BL-->TZ,BL-->TZ,BL-->TZ,BL-->TZ,BL-->TZ,BL-->TZ,BL-->TZ,BL-->TZ,BL-->TZ,BL-->TZ,BL-->TZ,BL-->TZ,BL-->TZ,BL-->TZ,BL-->TZ,BL-->TZ,BL-->TZ,BL-->TZ,,,,,,,,,,,,,,,,,TZ-->BL,TZ-->BL,TZ-->BL,TZ-->BL,TZ-->BL,TZ-->BL,TZ-->BL,TZ-->BL,TZ-->BL,TZ-->BL,TZ-->BL,TZ-->BL,TZ-->BL,TZ-->BL,TZ-->BL,TZ-->BL,TZ-->BL,TZ-->BL,TZ-->BL
SH,SHN,Saint Helena,Jamestown,Africa,Western Africa,,SH-->TZ,SH-->TZ,SH-->TZ,SH-->TZ,SH-->TZ,SH-->TZ,SH-->TZ,SH-->TZ,SH-->TZ,SH-->TZ,SH-->TZ,SH-->TZ,SH-->TZ,SH-->TZ,SH-->TZ,SH-->TZ,SH-->TZ,SH-->TZ,SH-->TZ,,,,,,,,,,,,,,,,,TZ-->SH,TZ-->SH,TZ-->SH,TZ-->SH,TZ-->SH,TZ-->SH,TZ-->SH,TZ-->SH,TZ-->SH,TZ-->SH,TZ-->SH,TZ-->SH,TZ-->SH,TZ-->SH,TZ-->SH,TZ-->SH,TZ-->SH,TZ-->SH,TZ-->SH
KN,KNA,Saint Kitts and Nevis,Basseterre,Americas,Caribbean,,KN-->TZ,KN-->TZ,KN-->TZ,KN-->TZ,KN-->TZ,KN-->TZ,KN-->TZ,KN-->TZ,KN-->TZ,KN-->TZ,KN-->TZ,KN-->TZ,KN-->TZ,KN-->TZ,KN-->TZ,KN-->TZ,KN-->TZ,KN-->TZ,KN-->TZ,,,,,,,,,,,,,,,,,TZ-->KN,TZ-->KN,TZ-->KN,TZ-->KN,TZ-->KN,TZ-->KN,TZ-->KN,TZ-->KN,TZ-->KN,TZ-->KN,TZ-->KN,TZ-->KN,TZ-->KN,TZ-->KN,TZ-->KN,TZ-->KN,TZ-->KN,TZ-->KN,TZ-->KN
LC,LCA,Saint Lucia,Castries,Americas,Caribbean,,LC-->TZ,LC-->TZ,LC-->TZ,LC-->TZ,LC-->TZ,LC-->TZ,LC-->TZ,LC-->TZ,LC-->TZ,LC-->TZ,LC-->TZ,LC-->TZ,LC-->TZ,LC-->TZ,LC-->TZ,LC-->TZ,LC-->TZ,LC-->TZ,LC-->TZ,,,,,,,,,,,,,,,,,TZ-->LC,TZ-->LC,TZ-->LC,TZ-->LC,TZ-->LC,TZ-->LC,TZ-->LC,TZ-->LC,TZ-->LC,TZ-->LC,TZ-->LC,TZ-->LC,TZ-->LC,TZ-->LC,TZ-->LC,TZ-->LC,TZ-->LC,TZ-->LC,TZ-->LC
MF,MAF,Saint Martin,Marigot,Americas,Caribbean,,MF-->TZ,MF-->TZ,MF-->TZ,MF-->TZ,MF-->TZ,MF-->TZ,MF-->TZ,MF-->TZ,MF-->TZ,MF-->TZ,MF-->TZ,MF-->TZ,MF-->TZ,MF-->TZ,MF-->TZ,MF-->TZ,MF-->TZ,MF-->TZ,MF-->TZ,,,,,,,,,,,,,,,,,TZ-->MF,TZ-->MF,TZ-->MF,TZ-->MF,TZ-->MF,TZ-->MF,TZ-->MF,TZ-->MF,TZ-->MF,TZ-->MF,TZ-->MF,TZ-->MF,TZ-->MF,TZ-->MF,TZ-->MF,TZ-->MF,TZ-->MF,TZ-->MF,TZ-->MF
PM,SPM,Saint Pierre and Miquelon,Saint-Pierre,Americas,Northern America,,PM-->TZ,PM-->TZ,PM-->TZ,PM-->TZ,PM-->TZ,PM-->TZ,PM-->TZ,PM-->TZ,PM-->TZ,PM-->TZ,PM-->TZ,PM-->TZ,PM-->TZ,PM-->TZ,PM-->TZ,PM-->TZ,PM-->TZ,PM-->TZ,PM-->TZ,,,,,,,,,,,,,,,,,TZ-->PM,TZ-->PM,TZ-->PM,TZ-->PM,TZ-->PM,TZ-->PM,TZ-->PM,TZ-->PM,TZ-->PM,TZ-->PM,TZ-->PM,TZ-->PM,TZ-->PM,TZ-->PM,TZ-->PM,TZ-->PM,TZ-->PM,TZ-->PM,TZ-->PM
VC,VCT,Saint Vincent and the Grenadines,Kingstown,Americas,Caribbean,,VC-->TZ,VC-->TZ,VC-->TZ,VC-->TZ,VC-->TZ,VC-->TZ,VC-->TZ,VC-->TZ,VC-->TZ,VC-->TZ,VC-->TZ,VC-->TZ,VC-->TZ,VC-->TZ,VC-->TZ,VC-->TZ,VC-->TZ,VC-->TZ,VC-->TZ,,,,,,,,,,,,,,,,,TZ-->VC,TZ-->VC,TZ-->VC,TZ-->VC,TZ-->VC,TZ-->VC,TZ-->VC,TZ-->VC,TZ-->VC,TZ-->VC,TZ-->VC,TZ-->VC,TZ-->VC,TZ-->VC,TZ-->VC,TZ-->VC,TZ-->VC,TZ-->VC,TZ-->VC
WS,WSM,Samoa,Apia,Oceania,Polynesia,,WS-->TZ,WS-->TZ,WS-->TZ,WS-->TZ,WS-->TZ,WS-->TZ,WS-->TZ,WS-->TZ,WS-->TZ,WS-->TZ,WS-->TZ,WS-->TZ,WS-->TZ,WS-->TZ,WS-->TZ,WS-->TZ,WS-->TZ,WS-->TZ,WS-->TZ,,,,,,,,,,,,,,,,,TZ-->WS,TZ-->WS,TZ-->WS,TZ-->WS,TZ-->WS,TZ-->WS,TZ-->WS,TZ-->WS,TZ-->WS,TZ-->WS,TZ-->WS,TZ-->WS,TZ-->WS,TZ-->WS,TZ-->WS,TZ-->WS,TZ-->WS,TZ-->WS,TZ-->WS
SM,SMR,San Marino,City of San Marino,Europe,Southern Europe,,SM-->TZ,SM-->TZ,SM-->TZ,SM-->TZ,SM-->TZ,SM-->TZ,SM-->TZ,SM-->TZ,SM-->TZ,SM-->TZ,SM-->TZ,SM-->TZ,SM-->TZ,SM-->TZ,SM-->TZ,SM-->TZ,SM-->TZ,SM-->TZ,SM-->TZ,,,,,,,,,,,,,,,,,TZ-->SM,TZ-->SM,TZ-->SM,TZ-->SM,TZ-->SM,TZ-->SM,TZ-->SM,TZ-->SM,TZ-->SM,TZ-->SM,TZ-->SM,TZ-->SM,TZ-->SM,TZ-->SM,TZ-->SM,TZ-->SM,TZ-->SM,TZ-->SM,TZ-->SM
ST,STP,São Tomé and Príncipe,São Tomé,Africa,Middle Africa,,ST-->TZ,ST-->TZ,ST-->TZ,ST-->TZ,ST-->TZ,ST-->TZ,ST-->TZ,ST-->TZ,ST-->TZ,ST-->TZ,ST-->TZ,ST-->TZ,ST-->TZ,ST-->TZ,ST-->TZ,ST-->TZ,ST-->TZ,ST-->TZ,ST-->TZ,,,,,,,,,,,,,,,,,TZ-->ST,TZ-->ST,TZ-->ST,TZ-->ST,TZ-->ST,TZ-->ST,TZ-->ST,TZ-->ST,TZ-->ST,TZ-->ST,TZ-->ST,TZ-->ST,TZ-->ST,TZ-->ST,TZ-->ST,TZ-->ST,TZ-->ST,TZ-->ST,TZ-->ST
SA,SAU,Saudi Arabia,Riyadh,Asia,Western Asia,,SA-->TZ,SA-->TZ,SA-->TZ,SA-->TZ,SA-->TZ,SA-->TZ,SA-->TZ,SA-->TZ,SA-->TZ,SA-->TZ,SA-->TZ,SA-->TZ,SA-->TZ,SA-->TZ,SA-->TZ,SA-->TZ,SA-->TZ,SA-->TZ,SA-->TZ,,,,,,,,,,,,,,,,,TZ-->SA,TZ-->SA,TZ-->SA,TZ-->SA,TZ-->SA,TZ-->SA,TZ-->SA,TZ-->SA,TZ-->SA,TZ-->SA,TZ-->SA,TZ-->SA,TZ-->SA,TZ-->SA,TZ-->SA,TZ-->SA,TZ-->SA,TZ-->SA,TZ-->SA
SN,SEN,Senegal,Dakar,Africa,Western Africa,,SN-->TZ,SN-->TZ,SN-->TZ,SN-->TZ,SN-->TZ,SN-->TZ,SN-->TZ,SN-->TZ,SN-->TZ,SN-->TZ,SN-->TZ,SN-->TZ,SN-->TZ,SN-->TZ,SN-->TZ,SN-->TZ,SN-->TZ,SN-->TZ,SN-->TZ,,,,,,,,,,,,,,,,,TZ-->SN,TZ-->SN,TZ-->SN,TZ-->SN,TZ-->SN,TZ-->SN,TZ-->SN,TZ-->SN,TZ-->SN,TZ-->SN,TZ-->SN,TZ-->SN,TZ-->SN,TZ-->SN,TZ-->SN,TZ-->SN,TZ-->SN,TZ-->SN,TZ-->SN
RS,SRB,Serbia,Belgrade,Europe,Southern Europe,,RS-->TZ,RS-->TZ,RS-->TZ,RS-->TZ,RS-->TZ,RS-->TZ,RS-->TZ,RS-->TZ,RS-->TZ,RS-->TZ,RS-->TZ,RS-->TZ,RS-->TZ,RS-->TZ,RS-->TZ,RS-->TZ,RS-->TZ,RS-->TZ,RS-->TZ,,,,,,,,,,,,,,,,,TZ-->RS,TZ-->RS,TZ-->RS,TZ-->RS,TZ-->RS,TZ-->RS,TZ-->RS,TZ-->RS,TZ-->RS,TZ-->RS,TZ-->RS,TZ-->RS,TZ-->RS,TZ-->RS,TZ-->RS,TZ-->RS,TZ-->RS,TZ-->RS,TZ-->RS
SC,SYC,Seychelles,Victoria,Africa,Eastern Africa,,SC-->TZ,SC-->TZ,SC-->TZ,SC-->TZ,SC-->TZ,SC-->TZ,SC-->TZ,SC-->TZ,SC-->TZ,SC-->TZ,SC-->TZ,SC-->TZ,SC-->TZ,SC-->TZ,SC-->TZ,SC-->TZ,SC-->TZ,SC-->TZ,SC-->TZ,,,,,,,,,,,,,,,,,TZ-->SC,TZ-->SC,TZ-->SC,TZ-->SC,TZ-->SC,TZ-->SC,TZ-->SC,TZ-->SC,TZ-->SC,TZ-->SC,TZ-->SC,TZ-->SC,TZ-->SC,TZ-->SC,TZ-->SC,TZ-->SC,TZ-->SC,TZ-->SC,TZ-->SC
SL,SLE,Sierra Leone,Freetown,Africa,Western Africa,,SL-->TZ,SL-->TZ,SL-->TZ,SL-->TZ,SL-->TZ,SL-->TZ,SL-->TZ,SL-->TZ,SL-->TZ,SL-->TZ,SL-->TZ,SL-->TZ,SL-->TZ,SL-->TZ,SL-->TZ,SL-->TZ,SL-->TZ,SL-->TZ,SL-->TZ,,,,,,,,,,,,,,,,,TZ-->SL,TZ-->SL,TZ-->SL,TZ-->SL,TZ-->SL,TZ-->SL,TZ-->SL,TZ-->SL,TZ-->SL,TZ-->SL,TZ-->SL,TZ-->SL,TZ-->SL,TZ-->SL,TZ-->SL,TZ-->SL,TZ-->SL,TZ-->SL,TZ-->SL
SG,SGP,Singapore,Singapore,Asia,South-Eastern Asia,,SG-->TZ,SG-->TZ,SG-->TZ,SG-->TZ,SG-->TZ,SG-->TZ,SG-->TZ,SG-->TZ,SG-->TZ,SG-->TZ,SG-->TZ,SG-->TZ,SG-->TZ,SG-->TZ,SG-->TZ,SG-->TZ,SG-->TZ,SG-->TZ,SG-->TZ,,,,,,,,,,,,,,,,,TZ-->SG,TZ-->SG,TZ-->SG,TZ-->SG,TZ-->SG,TZ-->SG,TZ-->SG,TZ-->SG,TZ-->SG,TZ-->SG,TZ-->SG,TZ-->SG,TZ-->SG,TZ-->SG,TZ-->SG,TZ-->SG,TZ-->SG,TZ-->SG,TZ-->SG
SX,SXM,Sint Maarten,Philipsburg,Americas,Caribbean,,SX-->TZ,SX-->TZ,SX-->TZ,SX-->TZ,SX-->TZ,SX-->TZ,SX-->TZ,SX-->TZ,SX-->TZ,SX-->TZ,SX-->TZ,SX-->TZ,SX-->TZ,SX-->TZ,SX-->TZ,SX-->TZ,SX-->TZ,SX-->TZ,SX-->TZ,,,,,,,,,,,,,,,,,TZ-->SX,TZ-->SX,TZ-->SX,TZ-->SX,TZ-->SX,TZ-->SX,TZ-->SX,TZ-->SX,TZ-->SX,TZ-->SX,TZ-->SX,TZ-->SX,TZ-->SX,TZ-->SX,TZ-->SX,TZ-->SX,TZ-->SX,TZ-->SX,TZ-->SX
SK,SVK,Slovakia,Bratislava,Europe,Eastern Europe,,SK-->TZ,SK-->TZ,SK-->TZ,SK-->TZ,SK-->TZ,SK-->TZ,SK-->TZ,SK-->TZ,SK-->TZ,SK-->TZ,SK-->TZ,SK-->TZ,SK-->TZ,SK-->TZ,SK-->TZ,SK-->TZ,SK-->TZ,SK-->TZ,SK-->TZ,,,,,,,,,,,,,,,,,TZ-->SK,TZ-->SK,TZ-->SK,TZ-->SK,TZ-->SK,TZ-->SK,TZ-->SK,TZ-->SK,TZ-->SK,TZ-->SK,TZ-->SK,TZ-->SK,TZ-->SK,TZ-->SK,TZ-->SK,TZ-->SK,TZ-->SK,TZ-->SK,TZ-->SK
SI,SVN,Slovenia,Ljubljana,Europe,Southern Europe,,SI-->TZ,SI-->TZ,SI-->TZ,SI-->TZ,SI-->TZ,SI-->TZ,SI-->TZ,SI-->TZ,SI-->TZ,SI-->TZ,SI-->TZ,SI-->TZ,SI-->TZ,SI-->TZ,SI-->TZ,SI-->TZ,SI-->TZ,SI-->TZ,SI-->TZ,,,,,,,,,,,,,,,,,TZ-->SI,TZ-->SI,TZ-->SI,TZ-->SI,TZ-->SI,TZ-->SI,TZ-->SI,TZ-->SI,TZ-->SI,TZ-->SI,TZ-->SI,TZ-->SI,TZ-->SI,TZ-->SI,TZ-->SI,TZ-->SI,TZ-->SI,TZ-->SI,TZ-->SI
SB,SLB,Solomon Islands,Honiara,Oceania,Melanesia,,SB-->TZ,SB-->TZ,SB-->TZ,SB-->TZ,SB-->TZ,SB-->TZ,SB-->TZ,SB-->TZ,SB-->TZ,SB-->TZ,SB-->TZ,SB-->TZ,SB-->TZ,SB-->TZ,SB-->TZ,SB-->TZ,SB-->TZ,SB-->TZ,SB-->TZ,,,,,,,,,,,,,,,,,TZ-->SB,TZ-->SB,TZ-->SB,TZ-->SB,TZ-->SB,TZ-->SB,TZ-->SB,TZ-->SB,TZ-->SB,TZ-->SB,TZ-->SB,TZ-->SB,TZ-->SB,TZ-->SB,TZ-->SB,TZ-->SB,TZ-->SB,TZ-->SB,TZ-->SB
SO,SOM,Somalia,Mogadishu,Africa,Eastern Africa,,SO-->TZ,SO-->TZ,SO-->TZ,SO-->TZ,SO-->TZ,SO-->TZ,SO-->TZ,SO-->TZ,SO-->TZ,SO-->TZ,SO-->TZ,SO-->TZ,SO-->TZ,SO-->TZ,SO-->TZ,SO-->TZ,SO-->TZ,SO-->TZ,SO-->TZ,,,,,,,,,,,,,,,,,TZ-->SO,TZ-->SO,TZ-->SO,TZ-->SO,TZ-->SO,TZ-->SO,TZ-->SO,TZ-->SO,TZ-->SO,TZ-->SO,TZ-->SO,TZ-->SO,TZ-->SO,TZ-->SO,TZ-->SO,TZ-->SO,TZ-->SO,TZ-->SO,TZ-->SO
ZA,ZAF,South Africa,Pretoria,Africa,Southern Africa,,ZA-->TZ,ZA-->TZ,ZA-->TZ,ZA-->TZ,ZA-->TZ,ZA-->TZ,ZA-->TZ,ZA-->TZ,ZA-->TZ,ZA-->TZ,ZA-->TZ,ZA-->TZ,ZA-->TZ,ZA-->TZ,ZA-->TZ,ZA-->TZ,ZA-->TZ,ZA-->TZ,ZA-->TZ,,,,,,,,,,,,,,,,,TZ-->ZA,TZ-->ZA,TZ-->ZA,TZ-->ZA,TZ-->ZA,TZ-->ZA,TZ-->ZA,TZ-->ZA,TZ-->ZA,TZ-->ZA,TZ-->ZA,TZ-->ZA,TZ-->ZA,TZ-->ZA,TZ-->ZA,TZ-->ZA,TZ-->ZA,TZ-->ZA,TZ-->ZA
GS,SGS,South Georgia,King Edward Point,Americas,South America,,GS-->TZ,GS-->TZ,GS-->TZ,GS-->TZ,GS-->TZ,GS-->TZ,GS-->TZ,GS-->TZ,GS-->TZ,GS-->TZ,GS-->TZ,GS-->TZ,GS-->TZ,GS-->TZ,GS-->TZ,GS-->TZ,GS-->TZ,GS-->TZ,GS-->TZ,,,,,,,,,,,,,,,,,TZ-->GS,TZ-->GS,TZ-->GS,TZ-->GS,TZ-->GS,TZ-->GS,TZ-->GS,TZ-->GS,TZ-->GS,TZ-->GS,TZ-->GS,TZ-->GS,TZ-->GS,TZ-->GS,TZ-->GS,TZ-->GS,TZ-->GS,TZ-->GS,TZ-->GS
KR,KOR,South Korea,Seoul,Asia,Eastern Asia,,KR-->TZ,KR-->TZ,KR-->TZ,KR-->TZ,KR-->TZ,KR-->TZ,KR-->TZ,KR-->TZ,KR-->TZ,KR-->TZ,KR-->TZ,KR-->TZ,KR-->TZ,KR-->TZ,KR-->TZ,KR-->TZ,KR-->TZ,KR-->TZ,KR-->TZ,,,,,,,,,,,,,,,,,TZ-->KR,TZ-->KR,TZ-->KR,TZ-->KR,TZ-->KR,TZ-->KR,TZ-->KR,TZ-->KR,TZ-->KR,TZ-->KR,TZ-->KR,TZ-->KR,TZ-->KR,TZ-->KR,TZ-->KR,TZ-->KR,TZ-->KR,TZ-->KR,TZ-->KR
SS,SSD,South Sudan,Juba,Africa,Middle Africa,,SS-->TZ,SS-->TZ,SS-->TZ,SS-->TZ,SS-->TZ,SS-->TZ,SS-->TZ,SS-->TZ,SS-->TZ,SS-->TZ,SS-->TZ,SS-->TZ,SS-->TZ,SS-->TZ,SS-->TZ,SS-->TZ,SS-->TZ,SS-->TZ,SS-->TZ,,,,,,,,,,,,,,,,,TZ-->SS,TZ-->SS,TZ-->SS,TZ-->SS,TZ-->SS,TZ-->SS,TZ-->SS,TZ-->SS,TZ-->SS,TZ-->SS,TZ-->SS,TZ-->SS,TZ-->SS,TZ-->SS,TZ-->SS,TZ-->SS,TZ-->SS,TZ-->SS,TZ-->SS
ES,ESP,Spain,Madrid,Europe,Southern Europe,,ES-->TZ,ES-->TZ,ES-->TZ,ES-->TZ,ES-->TZ,ES-->TZ,ES-->TZ,ES-->TZ,ES-->TZ,ES-->TZ,ES-->TZ,ES-->TZ,ES-->TZ,ES-->TZ,ES-->TZ,ES-->TZ,ES-->TZ,ES-->TZ,ES-->TZ,,,,,,,,,,,,,,,,,TZ-->ES,TZ-->ES,TZ-->ES,TZ-->ES,TZ-->ES,TZ-->ES,TZ-->ES,TZ-->ES,TZ-->ES,TZ-->ES,TZ-->ES,TZ-->ES,TZ-->ES,TZ-->ES,TZ-->ES,TZ-->ES,TZ-->ES,TZ-->ES,TZ-->ES
LK,LKA,Sri Lanka,Colombo,Asia,Southern Asia,,LK-->TZ,LK-->TZ,LK-->TZ,LK-->TZ,LK-->TZ,LK-->TZ,LK-->TZ,LK-->TZ,LK-->TZ,LK-->TZ,LK-->TZ,LK-->TZ,LK-->TZ,LK-->TZ,LK-->TZ,LK-->TZ,LK-->TZ,LK-->TZ,LK-->TZ,,,,,,,,,,,,,,,,,TZ-->LK,TZ-->LK,TZ-->LK,TZ-->LK,TZ-->LK,TZ-->LK,TZ-->LK,TZ-->LK,TZ-->LK,TZ-->LK,TZ-->LK,TZ-->LK,TZ-->LK,TZ-->LK,TZ-->LK,TZ-->LK,TZ-->LK,TZ-->LK,TZ-->LK
SD,SDN,Sudan,Khartoum,Africa,Northern Africa,,SD-->TZ,SD-->TZ,SD-->TZ,SD-->TZ,SD-->TZ,SD-->TZ,SD-->TZ,SD-->TZ,SD-->TZ,SD-->TZ,SD-->TZ,SD-->TZ,SD-->TZ,SD-->TZ,SD-->TZ,SD-->TZ,SD-->TZ,SD-->TZ,SD-->TZ,,,,,,,,,,,,,,,,,TZ-->SD,TZ-->SD,TZ-->SD,TZ-->SD,TZ-->SD,TZ-->SD,TZ-->SD,TZ-->SD,TZ-->SD,TZ-->SD,TZ-->SD,TZ-->SD,TZ-->SD,TZ-->SD,TZ-->SD,TZ-->SD,TZ-->SD,TZ-->SD,TZ-->SD
SR,SUR,Suriname,Paramaribo,Americas,South America,,SR-->TZ,SR-->TZ,SR-->TZ,SR-->TZ,SR-->TZ,SR-->TZ,SR-->TZ,SR-->TZ,SR-->TZ,SR-->TZ,SR-->TZ,SR-->TZ,SR-->TZ,SR-->TZ,SR-->TZ,SR-->TZ,SR-->TZ,SR-->TZ,SR-->TZ,,,,,,,,,,,,,,,,,TZ-->SR,TZ-->SR,TZ-->SR,TZ-->SR,TZ-->SR,TZ-->SR,TZ-->SR,TZ-->SR,TZ-->SR,TZ-->SR,TZ-->SR,TZ-->SR,TZ-->SR,TZ-->SR,TZ-->SR,TZ-->SR,TZ-->SR,TZ-->SR,TZ-->SR
SJ,SJM,Svalbard and Jan Mayen,Longyearbyen,Europe,Northern Europe,,SJ-->TZ,SJ-->TZ,SJ-->TZ,SJ-->TZ,SJ-->TZ,SJ-->TZ,SJ-->TZ,SJ-->TZ,SJ-->TZ,SJ-->TZ,SJ-->TZ,SJ-->TZ,SJ-->TZ,SJ-->TZ,SJ-->TZ,SJ-->TZ,SJ-->TZ,SJ-->TZ,SJ-->TZ,,,,,,,,,,,,,,,,,TZ-->SJ,TZ-->SJ,TZ-->SJ,TZ-->SJ,TZ-->SJ,TZ-->SJ,TZ-->SJ,TZ-->SJ,TZ-->SJ,TZ-->SJ,TZ-->SJ,TZ-->SJ,TZ-->SJ,TZ-->SJ,TZ-->SJ,TZ-->SJ,TZ-->SJ,TZ-->SJ,TZ-->SJ
SZ,SWZ,Swaziland,Lobamba,Africa,Southern Africa,,SZ-->TZ,SZ-->TZ,SZ-->TZ,SZ-->TZ,SZ-->TZ,SZ-->TZ,SZ-->TZ,SZ-->TZ,SZ-->TZ,SZ-->TZ,SZ-->TZ,SZ-->TZ,SZ-->TZ,SZ-->TZ,SZ-->TZ,SZ-->TZ,SZ-->TZ,SZ-->TZ,SZ-->TZ,,,,,,,,,,,,,,,,,TZ-->SZ,TZ-->SZ,TZ-->SZ,TZ-->SZ,TZ-->SZ,TZ-->SZ,TZ-->SZ,TZ-->SZ,TZ-->SZ,TZ-->SZ,TZ-->SZ,TZ-->SZ,TZ-->SZ,TZ-->SZ,TZ-->SZ,TZ-->SZ,TZ-->SZ,TZ-->SZ,TZ-->SZ
SE,SWE,Sweden,Stockholm,Europe,Northern Europe,,SE-->TZ,SE-->TZ,SE-->TZ,SE-->TZ,SE-->TZ,SE-->TZ,SE-->TZ,SE-->TZ,SE-->TZ,SE-->TZ,SE-->TZ,SE-->TZ,SE-->TZ,SE-->TZ,SE-->TZ,SE-->TZ,SE-->TZ,SE-->TZ,SE-->TZ,,,,,,,,,,,,,,,,,TZ-->SE,TZ-->SE,TZ-->SE,TZ-->SE,TZ-->SE,TZ-->SE,TZ-->SE,TZ-->SE,TZ-->SE,TZ-->SE,TZ-->SE,TZ-->SE,TZ-->SE,TZ-->SE,TZ-->SE,TZ-->SE,TZ-->SE,TZ-->SE,TZ-->SE
CH,CHE,Switzerland,Bern,Europe,Western Europe,,CH-->TZ,CH-->TZ,CH-->TZ,CH-->TZ,CH-->TZ,CH-->TZ,CH-->TZ,CH-->TZ,CH-->TZ,CH-->TZ,CH-->TZ,CH-->TZ,CH-->TZ,CH-->TZ,CH-->TZ,CH-->TZ,CH-->TZ,CH-->TZ,CH-->TZ,,,,,,,,,,,,,,,,,TZ-->CH,TZ-->CH,TZ-->CH,TZ-->CH,TZ-->CH,TZ-->CH,TZ-->CH,TZ-->CH,TZ-->CH,TZ-->CH,TZ-->CH,TZ-->CH,TZ-->CH,TZ-->CH,TZ-->CH,TZ-->CH,TZ-->CH,TZ-->CH,TZ-->CH
SY,SYR,Syria,Damascus,Asia,Western Asia,,SY-->TZ,SY-->TZ,SY-->TZ,SY-->TZ,SY-->TZ,SY-->TZ,SY-->TZ,SY-->TZ,SY-->TZ,SY-->TZ,SY-->TZ,SY-->TZ,SY-->TZ,SY-->TZ,SY-->TZ,SY-->TZ,SY-->TZ,SY-->TZ,SY-->TZ,,,,,,,,,,,,,,,,,TZ-->SY,TZ-->SY,TZ-->SY,TZ-->SY,TZ-->SY,TZ-->SY,TZ-->SY,TZ-->SY,TZ-->SY,TZ-->SY,TZ-->SY,TZ-->SY,TZ-->SY,TZ-->SY,TZ-->SY,TZ-->SY,TZ-->SY,TZ-->SY,TZ-->SY
TW,TWN,Taiwan,Taipei,Asia,Eastern Asia,,TW-->TZ,TW-->TZ,TW-->TZ,TW-->TZ,TW-->TZ,TW-->TZ,TW-->TZ,TW-->TZ,TW-->TZ,TW-->TZ,TW-->TZ,TW-->TZ,TW-->TZ,TW-->TZ,TW-->TZ,TW-->TZ,TW-->TZ,TW-->TZ,TW-->TZ,,,,,,,,,,,,,,,,,TZ-->TW,TZ-->TW,TZ-->TW,TZ-->TW,TZ-->TW,TZ-->TW,TZ-->TW,TZ-->TW,TZ-->TW,TZ-->TW,TZ-->TW,TZ-->TW,TZ-->TW,TZ-->TW,TZ-->TW,TZ-->TW,TZ-->TW,TZ-->TW,TZ-->TW
TJ,TJK,Tajikistan,Dushanbe,Asia,Central Asia,,TJ-->TZ,TJ-->TZ,TJ-->TZ,TJ-->TZ,TJ-->TZ,TJ-->TZ,TJ-->TZ,TJ-->TZ,TJ-->TZ,TJ-->TZ,TJ-->TZ,TJ-->TZ,TJ-->TZ,TJ-->TZ,TJ-->TZ,TJ-->TZ,TJ-->TZ,TJ-->TZ,TJ-->TZ,,,,,,,,,,,,,,,,,TZ-->TJ,TZ-->TJ,TZ-->TJ,TZ-->TJ,TZ-->TJ,TZ-->TJ,TZ-->TJ,TZ-->TJ,TZ-->TJ,TZ-->TJ,TZ-->TJ,TZ-->TJ,TZ-->TJ,TZ-->TJ,TZ-->TJ,TZ-->TJ,TZ-->TJ,TZ-->TJ,TZ-->TJ
TZ,TZA,Tanzania,Dodoma,Africa,Eastern Africa,,TZ-->TZ,TZ-->TZ,TZ-->TZ,TZ-->TZ,TZ-->TZ,TZ-->TZ,TZ-->TZ,TZ-->TZ,TZ-->TZ,TZ-->TZ,TZ-->TZ,TZ-->TZ,TZ-->TZ,TZ-->TZ,TZ-->TZ,TZ-->TZ,TZ-->TZ,TZ-->TZ,TZ-->TZ,,,,,,,,,,,,,,,,,TZ-->TZ,TZ-->TZ,TZ-->TZ,TZ-->TZ,TZ-->TZ,TZ-->TZ,TZ-->TZ,TZ-->TZ,TZ-->TZ,TZ-->TZ,TZ-->TZ,TZ-->TZ,TZ-->TZ,TZ-->TZ,TZ-->TZ,TZ-->TZ,TZ-->TZ,TZ-->TZ,TZ-->TZ
TH,THA,Thailand,Bangkok,Asia,South-Eastern Asia,,TH-->TZ,TH-->TZ,TH-->TZ,TH-->TZ,TH-->TZ,TH-->TZ,TH-->TZ,TH-->TZ,TH-->TZ,TH-->TZ,TH-->TZ,TH-->TZ,TH-->TZ,TH-->TZ,TH-->TZ,TH-->TZ,TH-->TZ,TH-->TZ,TH-->TZ,,,,,,,,,,,,,,,,,TZ-->TH,TZ-->TH,TZ-->TH,TZ-->TH,TZ-->TH,TZ-->TH,TZ-->TH,TZ-->TH,TZ-->TH,TZ-->TH,TZ-->TH,TZ-->TH,TZ-->TH,TZ-->TH,TZ-->TH,TZ-->TH,TZ-->TH,TZ-->TH,TZ-->TH
TL,TLS,East Timor,Dili,Asia,South-Eastern Asia,,TL-->TZ,TL-->TZ,TL-->TZ,TL-->TZ,TL-->TZ,TL-->TZ,TL-->TZ,TL-->TZ,TL-->TZ,TL-->TZ,TL-->TZ,TL-->TZ,TL-->TZ,TL-->TZ,TL-->TZ,TL-->TZ,TL-->TZ,TL-->TZ,TL-->TZ,,,,,,,,,,,,,,,,,TZ-->TL,TZ-->TL,TZ-->TL,TZ-->TL,TZ-->TL,TZ-->TL,TZ-->TL,TZ-->TL,TZ-->TL,TZ-->TL,TZ-->TL,TZ-->TL,TZ-->TL,TZ-->TL,TZ-->TL,TZ-->TL,TZ-->TL,TZ-->TL,TZ-->TL
TG,TGO,Togo,Lomé,Africa,Western Africa,,TG-->TZ,TG-->TZ,TG-->TZ,TG-->TZ,TG-->TZ,TG-->TZ,TG-->TZ,TG-->TZ,TG-->TZ,TG-->TZ,TG-->TZ,TG-->TZ,TG-->TZ,TG-->TZ,TG-->TZ,TG-->TZ,TG-->TZ,TG-->TZ,TG-->TZ,,,,,,,,,,,,,,,,,TZ-->TG,TZ-->TG,TZ-->TG,TZ-->TG,TZ-->TG,TZ-->TG,TZ-->TG,TZ-->TG,TZ-->TG,TZ-->TG,TZ-->TG,TZ-->TG,TZ-->TG,TZ-->TG,TZ-->TG,TZ-->TG,TZ-->TG,TZ-->TG,TZ-->TG
TK,TKL,Tokelau,Fakaofo,Oceania,Polynesia,,TK-->TZ,TK-->TZ,TK-->TZ,TK-->TZ,TK-->TZ,TK-->TZ,TK-->TZ,TK-->TZ,TK-->TZ,TK-->TZ,TK-->TZ,TK-->TZ,TK-->TZ,TK-->TZ,TK-->TZ,TK-->TZ,TK-->TZ,TK-->TZ,TK-->TZ,,,,,,,,,,,,,,,,,TZ-->TK,TZ-->TK,TZ-->TK,TZ-->TK,TZ-->TK,TZ-->TK,TZ-->TK,TZ-->TK,TZ-->TK,TZ-->TK,TZ-->TK,TZ-->TK,TZ-->TK,TZ-->TK,TZ-->TK,TZ-->TK,TZ-->TK,TZ-->TK,TZ-->TK
TO,TON,Tonga,Nuku'alofa,Oceania,Polynesia,,TO-->TZ,TO-->TZ,TO-->TZ,TO-->TZ,TO-->TZ,TO-->TZ,TO-->TZ,TO-->TZ,TO-->TZ,TO-->TZ,TO-->TZ,TO-->TZ,TO-->TZ,TO-->TZ,TO-->TZ,TO-->TZ,TO-->TZ,TO-->TZ,TO-->TZ,,,,,,,,,,,,,,,,,TZ-->TO,TZ-->TO,TZ-->TO,TZ-->TO,TZ-->TO,TZ-->TO,TZ-->TO,TZ-->TO,TZ-->TO,TZ-->TO,TZ-->TO,TZ-->TO,TZ-->TO,TZ-->TO,TZ-->TO,TZ-->TO,TZ-->TO,TZ-->TO,TZ-->TO
TT,TTO,Trinidad and Tobago,Port of Spain,Americas,Caribbean,,TT-->TZ,TT-->TZ,TT-->TZ,TT-->TZ,TT-->TZ,TT-->TZ,TT-->TZ,TT-->TZ,TT-->TZ,TT-->TZ,TT-->TZ,TT-->TZ,TT-->TZ,TT-->TZ,TT-->TZ,TT-->TZ,TT-->TZ,TT-->TZ,TT-->TZ,,,,,,,,,,,,,,,,,TZ-->TT,TZ-->TT,TZ-->TT,TZ-->TT,TZ-->TT,TZ-->TT,TZ-->TT,TZ-->TT,TZ-->TT,TZ-->TT,TZ-->TT,TZ-->TT,TZ-->TT,TZ-->TT,TZ-->TT,TZ-->TT,TZ-->TT,TZ-->TT,TZ-->TT
TN,TUN,Tunisia,Tunis,Africa,Northern Africa,,TN-->TZ,TN-->TZ,TN-->TZ,TN-->TZ,TN-->TZ,TN-->TZ,TN-->TZ,TN-->TZ,TN-->TZ,TN-->TZ,TN-->TZ,TN-->TZ,TN-->TZ,TN-->TZ,TN-->TZ,TN-->TZ,TN-->TZ,TN-->TZ,TN-->TZ,,,,,,,,,,,,,,,,,TZ-->TN,TZ-->TN,TZ-->TN,TZ-->TN,TZ-->TN,TZ-->TN,TZ-->TN,TZ-->TN,TZ-->TN,TZ-->TN,TZ-->TN,TZ-->TN,TZ-->TN,TZ-->TN,TZ-->TN,TZ-->TN,TZ-->TN,TZ-->TN,TZ-->TN
TR,TUR,Turkey,Ankara,Asia,Western Asia,,TR-->TZ,TR-->TZ,TR-->TZ,TR-->TZ,TR-->TZ,TR-->TZ,TR-->TZ,TR-->TZ,TR-->TZ,TR-->TZ,TR-->TZ,TR-->TZ,TR-->TZ,TR-->TZ,TR-->TZ,TR-->TZ,TR-->TZ,TR-->TZ,TR-->TZ,,,,,,,,,,,,,,,,,TZ-->TR,TZ-->TR,TZ-->TR,TZ-->TR,TZ-->TR,TZ-->TR,TZ-->TR,TZ-->TR,TZ-->TR,TZ-->TR,TZ-->TR,TZ-->TR,TZ-->TR,TZ-->TR,TZ-->TR,TZ-->TR,TZ-->TR,TZ-->TR,TZ-->TR
TM,TKM,Turkmenistan,Ashgabat,Asia,Central Asia,,TM-->TZ,TM-->TZ,TM-->TZ,TM-->TZ,TM-->TZ,TM-->TZ,TM-->TZ,TM-->TZ,TM-->TZ,TM-->TZ,TM-->TZ,TM-->TZ,TM-->TZ,TM-->TZ,TM-->TZ,TM-->TZ,TM-->TZ,TM-->TZ,TM-->TZ,,,,,,,,,,,,,,,,,TZ-->TM,TZ-->TM,TZ-->TM,TZ-->TM,TZ-->TM,TZ-->TM,TZ-->TM,TZ-->TM,TZ-->TM,TZ-->TM,TZ-->TM,TZ-->TM,TZ-->TM,TZ-->TM,TZ-->TM,TZ-->TM,TZ-->TM,TZ-->TM,TZ-->TM
TC,TCA,Turks and Caicos Islands,Cockburn Town,Americas,Caribbean,,TC-->TZ,TC-->TZ,TC-->TZ,TC-->TZ,TC-->TZ,TC-->TZ,TC-->TZ,TC-->TZ,TC-->TZ,TC-->TZ,TC-->TZ,TC-->TZ,TC-->TZ,TC-->TZ,TC-->TZ,TC-->TZ,TC-->TZ,TC-->TZ,TC-->TZ,,,,,,,,,,,,,,,,,TZ-->TC,TZ-->TC,TZ-->TC,TZ-->TC,TZ-->TC,TZ-->TC,TZ-->TC,TZ-->TC,TZ-->TC,TZ-->TC,TZ-->TC,TZ-->TC,TZ-->TC,TZ-->TC,TZ-->TC,TZ-->TC,TZ-->TC,TZ-->TC,TZ-->TC
TV,TUV,Tuvalu,Funafuti,Oceania,Polynesia,,TV-->TZ,TV-->TZ,TV-->TZ,TV-->TZ,TV-->TZ,TV-->TZ,TV-->TZ,TV-->TZ,TV-->TZ,TV-->TZ,TV-->TZ,TV-->TZ,TV-->TZ,TV-->TZ,TV-->TZ,TV-->TZ,TV-->TZ,TV-->TZ,TV-->TZ,,,,,,,,,,,,,,,,,TZ-->TV,TZ-->TV,TZ-->TV,TZ-->TV,TZ-->TV,TZ-->TV,TZ-->TV,TZ-->TV,TZ-->TV,TZ-->TV,TZ-->TV,TZ-->TV,TZ-->TV,TZ-->TV,TZ-->TV,TZ-->TV,TZ-->TV,TZ-->TV,TZ-->TV
UG,UGA,Uganda,Kampala,Africa,Eastern Africa,,UG-->TZ,UG-->TZ,UG-->TZ,UG-->TZ,UG-->TZ,UG-->TZ,UG-->TZ,UG-->TZ,UG-->TZ,UG-->TZ,UG-->TZ,UG-->TZ,UG-->TZ,UG-->TZ,UG-->TZ,UG-->TZ,UG-->TZ,UG-->TZ,UG-->TZ,,,,,,,,,,,,,,,,,TZ-->UG,TZ-->UG,TZ-->UG,TZ-->UG,TZ-->UG,TZ-->UG,TZ-->UG,TZ-->UG,TZ-->UG,TZ-->UG,TZ-->UG,TZ-->UG,TZ-->UG,TZ-->UG,TZ-->UG,TZ-->UG,TZ-->UG,TZ-->UG,TZ-->UG
UA,UKR,Ukraine,Kiev,Europe,Eastern Europe,,UA-->TZ,UA-->TZ,UA-->TZ,UA-->TZ,UA-->TZ,UA-->TZ,UA-->TZ,UA-->TZ,UA-->TZ,UA-->TZ,UA-->TZ,UA-->TZ,UA-->TZ,UA-->TZ,UA-->TZ,UA-->TZ,UA-->TZ,UA-->TZ,UA-->TZ,,,,,,,,,,,,,,,,,TZ-->UA,TZ-->UA,TZ-->UA,TZ-->UA,TZ-->UA,TZ-->UA,TZ-->UA,TZ-->UA,TZ-->UA,TZ-->UA,TZ-->UA,TZ-->UA,TZ-->UA,TZ-->UA,TZ-->UA,TZ-->UA,TZ-->UA,TZ-->UA,TZ-->UA
AE,ARE,United Arab Emirates,Abu Dhabi,Asia,Western Asia,,AE-->TZ,AE-->TZ,AE-->TZ,AE-->TZ,AE-->TZ,AE-->TZ,AE-->TZ,AE-->TZ,AE-->TZ,AE-->TZ,AE-->TZ,AE-->TZ,AE-->TZ,AE-->TZ,AE-->TZ,AE-->TZ,AE-->TZ,AE-->TZ,AE-->TZ,,,,,,,,,,,,,,,,,TZ-->AE,TZ-->AE,TZ-->AE,TZ-->AE,TZ-->AE,TZ-->AE,TZ-->AE,TZ-->AE,TZ-->AE,TZ-->AE,TZ-->AE,TZ-->AE,TZ-->AE,TZ-->AE,TZ-->AE,TZ-->AE,TZ-->AE,TZ-->AE,TZ-->AE
GB,GBR,United Kingdom,London,Europe,Northern Europe,,GB-->TZ,GB-->TZ,GB-->TZ,GB-->TZ,GB-->TZ,GB-->TZ,GB-->TZ,GB-->TZ,GB-->TZ,GB-->TZ,GB-->TZ,GB-->TZ,GB-->TZ,GB-->TZ,GB-->TZ,GB-->TZ,GB-->TZ,GB-->TZ,GB-->TZ,,,,,,,,,,,,,,,,,TZ-->GB,TZ-->GB,TZ-->GB,TZ-->GB,TZ-->GB,TZ-->GB,TZ-->GB,TZ-->GB,TZ-->GB,TZ-->GB,TZ-->GB,TZ-->GB,TZ-->GB,TZ-->GB,TZ-->GB,TZ-->GB,TZ-->GB,TZ-->GB,TZ-->GB
US,USA,United States,"Washington, D.C.",Americas,Northern America,,US-->TZ,US-->TZ,US-->TZ,US-->TZ,US-->TZ,US-->TZ,US-->TZ,US-->TZ,US-->TZ,US-->TZ,US-->TZ,US-->TZ,US-->TZ,US-->TZ,US-->TZ,US-->TZ,US-->TZ,US-->TZ,US-->TZ,,,,,,,,,,,,,,,,,TZ-->US,TZ-->US,TZ-->US,TZ-->US,TZ-->US,TZ-->US,TZ-->US,TZ-->US,TZ-->US,TZ-->US,TZ-->US,TZ-->US,TZ-->US,TZ-->US,TZ-->US,TZ-->US,TZ-->US,TZ-->US,TZ-->US
UY,URY,Uruguay,Montevideo,Americas,South America,,UY-->TZ,UY-->TZ,UY-->TZ,UY-->TZ,UY-->TZ,UY-->TZ,UY-->TZ,UY-->TZ,UY-->TZ,UY-->TZ,UY-->TZ,UY-->TZ,UY-->TZ,UY-->TZ,UY-->TZ,UY-->TZ,UY-->TZ,UY-->TZ,UY-->TZ,,,,,,,,,,,,,,,,,TZ-->UY,TZ-->UY,TZ-->UY,TZ-->UY,TZ-->UY,TZ-->UY,TZ-->UY,TZ-->UY,TZ-->UY,TZ-->UY,TZ-->UY,TZ-->UY,TZ-->UY,TZ-->UY,TZ-->UY,TZ-->UY,TZ-->UY,TZ-->UY,TZ-->UY
UZ,UZB,Uzbekistan,Tashkent,Asia,Central Asia,,UZ-->TZ,UZ-->TZ,UZ-->TZ,UZ-->TZ,UZ-->TZ,UZ-->TZ,UZ-->TZ,UZ-->TZ,UZ-->TZ,UZ-->TZ,UZ-->TZ,UZ-->TZ,UZ-->TZ,UZ-->TZ,UZ-->TZ,UZ-->TZ,UZ-->TZ,UZ-->TZ,UZ-->TZ,,,,,,,,,,,,,,,,,TZ-->UZ,TZ-->UZ,TZ-->UZ,TZ-->UZ,TZ-->UZ,TZ-->UZ,TZ-->UZ,TZ-->UZ,TZ-->UZ,TZ-->UZ,TZ-->UZ,TZ-->UZ,TZ-->UZ,TZ-->UZ,TZ-->UZ,TZ-->UZ,TZ-->UZ,TZ-->UZ,TZ-->UZ
VU,VUT,Vanuatu,Port Vila,Oceania,Melanesia,,VU-->TZ,VU-->TZ,VU-->TZ,VU-->TZ,VU-->TZ,VU-->TZ,VU-->TZ,VU-->TZ,VU-->TZ,VU-->TZ,VU-->TZ,VU-->TZ,VU-->TZ,VU-->TZ,VU-->TZ,VU-->TZ,VU-->TZ,VU-->TZ,VU-->TZ,,,,,,,,,,,,,,,,,TZ-->VU,TZ-->VU,TZ-->VU,TZ-->VU,TZ-->VU,TZ-->VU,TZ-->VU,TZ-->VU,TZ-->VU,TZ-->VU,TZ-->VU,TZ-->VU,TZ-->VU,TZ-->VU,TZ-->VU,TZ-->VU,TZ-->VU,TZ-->VU,TZ-->VU
VE,VEN,Venezuela,Caracas,Americas,South America,,VE-->TZ,VE-->TZ,VE-->TZ,VE-->TZ,VE-->TZ,VE-->TZ,VE-->TZ,VE-->TZ,VE-->TZ,VE-->TZ,VE-->TZ,VE-->TZ,VE-->TZ,VE-->TZ,VE-->TZ,VE-->TZ,VE-->TZ,VE-->TZ,VE-->TZ,,,,,,,,,,,,,,,,,TZ-->VE,TZ-->VE,TZ-->VE,TZ-->VE,TZ-->VE,TZ-->VE,TZ-->VE,TZ-->VE,TZ-->VE,TZ-->VE,TZ-->VE,TZ-->VE,TZ-->VE,TZ-->VE,TZ-->VE,TZ-->VE,TZ-->VE,TZ-->VE,TZ-->VE
VN,VNM,Vietnam,Hanoi,Asia,South-Eastern Asia,,VN-->TZ,VN-->TZ,VN-->TZ,VN-->TZ,VN-->TZ,VN-->TZ,VN-->TZ,VN-->TZ,VN-->TZ,VN-->TZ,VN-->TZ,VN-->TZ,VN-->TZ,VN-->TZ,VN-->TZ,VN-->TZ,VN-->TZ,VN-->TZ,VN-->TZ,,,,,,,,,,,,,,,,,TZ-->VN,TZ-->VN,TZ-->VN,TZ-->VN,TZ-->VN,TZ-->VN,TZ-->VN,TZ-->VN,TZ-->VN,TZ-->VN,TZ-->VN,TZ-->VN,TZ-->VN,TZ-->VN,TZ-->VN,TZ-->VN,TZ-->VN,TZ-->VN,TZ-->VN
WF,WLF,Wallis and Futuna,Mata-Utu,Oceania,Polynesia,,WF-->TZ,WF-->TZ,WF-->TZ,WF-->TZ,WF-->TZ,WF-->TZ,WF-->TZ,WF-->TZ,WF-->TZ,WF-->TZ,WF-->TZ,WF-->TZ,WF-->TZ,WF-->TZ,WF-->TZ,WF-->TZ,WF-->TZ,WF-->TZ,WF-->TZ,,,,,,,,,,,,,,,,,TZ-->WF,TZ-->WF,TZ-->WF,TZ-->WF,TZ-->WF,TZ-->WF,TZ-->WF,TZ-->WF,TZ-->WF,TZ-->WF,TZ-->WF,TZ-->WF,TZ-->WF,TZ-->WF,TZ-->WF,TZ-->WF,TZ-->WF,TZ-->WF,TZ-->WF
EH,ESH,Western Sahara,El Aaiún,Africa,Northern Africa,,EH-->TZ,EH-->TZ,EH-->TZ,EH-->TZ,EH-->TZ,EH-->TZ,EH-->TZ,EH-->TZ,EH-->TZ,EH-->TZ,EH-->TZ,EH-->TZ,EH-->TZ,EH-->TZ,EH-->TZ,EH-->TZ,EH-->TZ,EH-->TZ,EH-->TZ,,,,,,,,,,,,,,,,,TZ-->EH,TZ-->EH,TZ-->EH,TZ-->EH,TZ-->EH,TZ-->EH,TZ-->EH,TZ-->EH,TZ-->EH,TZ-->EH,TZ-->EH,TZ-->EH,TZ-->EH,TZ-->EH,TZ-->EH,TZ-->EH,TZ-->EH,TZ-->EH,TZ-->EH
YE,YEM,Yemen,Sana'a,Asia,Western Asia,,YE-->TZ,YE-->TZ,YE-->TZ,YE-->TZ,YE-->TZ,YE-->TZ,YE-->TZ,YE-->TZ,YE-->TZ,YE-->TZ,YE-->TZ,YE-->TZ,YE-->TZ,YE-->TZ,YE-->TZ,YE-->TZ,YE-->TZ,YE-->TZ,YE-->TZ,,,,,,,,,,,,,,,,,TZ-->YE,TZ-->YE,TZ-->YE,TZ-->YE,TZ-->YE,TZ-->YE,TZ-->YE,TZ-->YE,TZ-->YE,TZ-->YE,TZ-->YE,TZ-->YE,TZ-->YE,TZ-->YE,TZ-->YE,TZ-->YE,TZ-->YE,TZ-->YE,TZ-->YE
ZM,ZMB,Zambia,Lusaka,Africa,Eastern Africa,,ZM-->TZ,ZM-->TZ,ZM-->TZ,ZM-->TZ,ZM-->TZ,ZM-->TZ,ZM-->TZ,ZM-->TZ,ZM-->TZ,ZM-->TZ,ZM-->TZ,ZM-->TZ,ZM-->TZ,ZM-->TZ,ZM-->TZ,ZM-->TZ,ZM-->TZ,ZM-->TZ,ZM-->TZ,,,,,,,,,,,,,,,,,TZ-->ZM,TZ-->ZM,TZ-->ZM,TZ-->ZM,TZ-->ZM,TZ-->ZM,TZ-->ZM,TZ-->ZM,TZ-->ZM,TZ-->ZM,TZ-->ZM,TZ-->ZM,TZ-->ZM,TZ-->ZM,TZ-->ZM,TZ-->ZM,TZ-->ZM,TZ-->ZM,TZ-->ZM
ZW,ZWE,Zimbabwe,Harare,Africa,Eastern Africa,,ZW-->TZ,ZW-->TZ,ZW-->TZ,ZW-->TZ,ZW-->TZ,ZW-->TZ,ZW-->TZ,ZW-->TZ,ZW-->TZ,ZW-->TZ,ZW-->TZ,ZW-->TZ,ZW-->TZ,ZW-->TZ,ZW-->TZ,ZW-->TZ,ZW-->TZ,ZW-->TZ,ZW-->TZ,,,,,,,,,,,,,,,,,TZ-->ZW,TZ-->ZW,TZ-->ZW,TZ-->ZW,TZ-->ZW,TZ-->ZW,TZ-->ZW,TZ-->ZW,TZ-->ZW,TZ-->ZW,TZ-->ZW,TZ-->ZW,TZ-->ZW,TZ-->ZW,TZ-->ZW,TZ-->ZW,TZ-->ZW,TZ-->ZW,TZ-->ZW
