nu,code,name,capital,region,subregion,Unnamed: 6,quara/into/where/e,quara/into/where/v,quara/into/where/uv,quara/into/min/e,quara/into/min/v,quara/into/min/uv,quara/into/max/e,quara/into/max/v,quara/into/max/uv,quara/into/comment,test/into/pcr/e,test/into/pcr/v,test/into/pcr/uv,test/into/ag/e,test/into/ag/v,test/into/ag/uv,test/into/comment,visa/into,visa/into/comment,loadStates/into,Unnamed: 27,Unnamed: 28,Unnamed: 29,Unnamed: 30,Unnamed: 31,Unnamed: 32,Unnamed: 33,Unnamed: 34,Unnamed: 35,Unnamed: 36,Unnamed: 37,Unnamed: 38,Unnamed: 39,Unnamed: 40,Unnamed: 41,quara/out/where/e,quara/out/where/v,quara/out/where/uv,quara/out/min/e,quara/out/min/v,quara/out/min/uv,quara/out/max/e,quara/out/max/v,quara/out/max/uv,quara/out/comment,test/out/pcr/e,test/out/pcr/v,test/out/pcr/uv,test/out/ag/e,test/out/ag/v,test/out/ag/uv,test/out/comment,visa/out,visa/out/comment
AF,AFG,Afghanistan,Kabul,Asia,Southern Asia,,AF-->ES,AF-->ES,AF-->ES,AF-->ES,AF-->ES,AF-->ES,AF-->ES,AF-->ES,AF-->ES,AF-->ES,AF-->ES,AF-->ES,AF-->ES,AF-->ES,AF-->ES,AF-->ES,AF-->ES,AF-->ES,AF-->ES,,,,,,,,,,,,,,,,,ES-->AF,ES-->AF,ES-->AF,ES-->AF,ES-->AF,ES-->AF,ES-->AF,ES-->AF,ES-->AF,ES-->AF,ES-->AF,ES-->AF,ES-->AF,ES-->AF,ES-->AF,ES-->AF,ES-->AF,ES-->AF,ES-->AF
AX,ALA,Åland Islands,Mariehamn,Europe,Northern Europe,,AX-->ES,AX-->ES,AX-->ES,AX-->ES,AX-->ES,AX-->ES,AX-->ES,AX-->ES,AX-->ES,AX-->ES,AX-->ES,AX-->ES,AX-->ES,AX-->ES,AX-->ES,AX-->ES,AX-->ES,AX-->ES,AX-->ES,,,,,,,,,,,,,,,,,ES-->AX,ES-->AX,ES-->AX,ES-->AX,ES-->AX,ES-->AX,ES-->AX,ES-->AX,ES-->AX,ES-->AX,ES-->AX,ES-->AX,ES-->AX,ES-->AX,ES-->AX,ES-->AX,ES-->AX,ES-->AX,ES-->AX
AL,ALB,Albania,Tirana,Europe,Southern Europe,,AL-->ES,AL-->ES,AL-->ES,AL-->ES,AL-->ES,AL-->ES,AL-->ES,AL-->ES,AL-->ES,AL-->ES,AL-->ES,AL-->ES,AL-->ES,AL-->ES,AL-->ES,AL-->ES,AL-->ES,AL-->ES,AL-->ES,,,,,,,,,,,,,,,,,ES-->AL,ES-->AL,ES-->AL,ES-->AL,ES-->AL,ES-->AL,ES-->AL,ES-->AL,ES-->AL,ES-->AL,ES-->AL,ES-->AL,ES-->AL,ES-->AL,ES-->AL,ES-->AL,ES-->AL,ES-->AL,ES-->AL
DZ,DZA,Algeria,Algiers,Africa,Northern Africa,,DZ-->ES,DZ-->ES,DZ-->ES,DZ-->ES,DZ-->ES,DZ-->ES,DZ-->ES,DZ-->ES,DZ-->ES,DZ-->ES,DZ-->ES,DZ-->ES,DZ-->ES,DZ-->ES,DZ-->ES,DZ-->ES,DZ-->ES,DZ-->ES,DZ-->ES,,,,,,,,,,,,,,,,,ES-->DZ,ES-->DZ,ES-->DZ,ES-->DZ,ES-->DZ,ES-->DZ,ES-->DZ,ES-->DZ,ES-->DZ,ES-->DZ,ES-->DZ,ES-->DZ,ES-->DZ,ES-->DZ,ES-->DZ,ES-->DZ,ES-->DZ,ES-->DZ,ES-->DZ
AS,ASM,American Samoa,Pago Pago,Oceania,Polynesia,,AS-->ES,AS-->ES,AS-->ES,AS-->ES,AS-->ES,AS-->ES,AS-->ES,AS-->ES,AS-->ES,AS-->ES,AS-->ES,AS-->ES,AS-->ES,AS-->ES,AS-->ES,AS-->ES,AS-->ES,AS-->ES,AS-->ES,,,,,,,,,,,,,,,,,ES-->AS,ES-->AS,ES-->AS,ES-->AS,ES-->AS,ES-->AS,ES-->AS,ES-->AS,ES-->AS,ES-->AS,ES-->AS,ES-->AS,ES-->AS,ES-->AS,ES-->AS,ES-->AS,ES-->AS,ES-->AS,ES-->AS
AD,AND,Andorra,Andorra la Vella,Europe,Southern Europe,,AD-->ES,AD-->ES,AD-->ES,AD-->ES,AD-->ES,AD-->ES,AD-->ES,AD-->ES,AD-->ES,AD-->ES,AD-->ES,AD-->ES,AD-->ES,AD-->ES,AD-->ES,AD-->ES,AD-->ES,AD-->ES,AD-->ES,,,,,,,,,,,,,,,,,ES-->AD,ES-->AD,ES-->AD,ES-->AD,ES-->AD,ES-->AD,ES-->AD,ES-->AD,ES-->AD,ES-->AD,ES-->AD,ES-->AD,ES-->AD,ES-->AD,ES-->AD,ES-->AD,ES-->AD,ES-->AD,ES-->AD
AO,AGO,Angola,Luanda,Africa,Middle Africa,,AO-->ES,AO-->ES,AO-->ES,AO-->ES,AO-->ES,AO-->ES,AO-->ES,AO-->ES,AO-->ES,AO-->ES,AO-->ES,AO-->ES,AO-->ES,AO-->ES,AO-->ES,AO-->ES,AO-->ES,AO-->ES,AO-->ES,,,,,,,,,,,,,,,,,ES-->AO,ES-->AO,ES-->AO,ES-->AO,ES-->AO,ES-->AO,ES-->AO,ES-->AO,ES-->AO,ES-->AO,ES-->AO,ES-->AO,ES-->AO,ES-->AO,ES-->AO,ES-->AO,ES-->AO,ES-->AO,ES-->AO
AI,AIA,Anguilla,The Valley,Americas,Caribbean,,AI-->ES,AI-->ES,AI-->ES,AI-->ES,AI-->ES,AI-->ES,AI-->ES,AI-->ES,AI-->ES,AI-->ES,AI-->ES,AI-->ES,AI-->ES,AI-->ES,AI-->ES,AI-->ES,AI-->ES,AI-->ES,AI-->ES,,,,,,,,,,,,,,,,,ES-->AI,ES-->AI,ES-->AI,ES-->AI,ES-->AI,ES-->AI,ES-->AI,ES-->AI,ES-->AI,ES-->AI,ES-->AI,ES-->AI,ES-->AI,ES-->AI,ES-->AI,ES-->AI,ES-->AI,ES-->AI,ES-->AI
AQ,ATA,Antarctica,,Polar,,,AQ-->ES,AQ-->ES,AQ-->ES,AQ-->ES,AQ-->ES,AQ-->ES,AQ-->ES,AQ-->ES,AQ-->ES,AQ-->ES,AQ-->ES,AQ-->ES,AQ-->ES,AQ-->ES,AQ-->ES,AQ-->ES,AQ-->ES,AQ-->ES,AQ-->ES,,,,,,,,,,,,,,,,,ES-->AQ,ES-->AQ,ES-->AQ,ES-->AQ,ES-->AQ,ES-->AQ,ES-->AQ,ES-->AQ,ES-->AQ,ES-->AQ,ES-->AQ,ES-->AQ,ES-->AQ,ES-->AQ,ES-->AQ,ES-->AQ,ES-->AQ,ES-->AQ,ES-->AQ
AG,ATG,Antigua and Barbuda,Saint John's,Americas,Caribbean,,AG-->ES,AG-->ES,AG-->ES,AG-->ES,AG-->ES,AG-->ES,AG-->ES,AG-->ES,AG-->ES,AG-->ES,AG-->ES,AG-->ES,AG-->ES,AG-->ES,AG-->ES,AG-->ES,AG-->ES,AG-->ES,AG-->ES,,,,,,,,,,,,,,,,,ES-->AG,ES-->AG,ES-->AG,ES-->AG,ES-->AG,ES-->AG,ES-->AG,ES-->AG,ES-->AG,ES-->AG,ES-->AG,ES-->AG,ES-->AG,ES-->AG,ES-->AG,ES-->AG,ES-->AG,ES-->AG,ES-->AG
AR,ARG,Argentina,Buenos Aires,Americas,South America,,AR-->ES,AR-->ES,AR-->ES,AR-->ES,AR-->ES,AR-->ES,AR-->ES,AR-->ES,AR-->ES,AR-->ES,AR-->ES,AR-->ES,AR-->ES,AR-->ES,AR-->ES,AR-->ES,AR-->ES,AR-->ES,AR-->ES,,,,,,,,,,,,,,,,,ES-->AR,ES-->AR,ES-->AR,ES-->AR,ES-->AR,ES-->AR,ES-->AR,ES-->AR,ES-->AR,ES-->AR,ES-->AR,ES-->AR,ES-->AR,ES-->AR,ES-->AR,ES-->AR,ES-->AR,ES-->AR,ES-->AR
AM,ARM,Armenia,Yerevan,Asia,Western Asia,,AM-->ES,AM-->ES,AM-->ES,AM-->ES,AM-->ES,AM-->ES,AM-->ES,AM-->ES,AM-->ES,AM-->ES,AM-->ES,AM-->ES,AM-->ES,AM-->ES,AM-->ES,AM-->ES,AM-->ES,AM-->ES,AM-->ES,,,,,,,,,,,,,,,,,ES-->AM,ES-->AM,ES-->AM,ES-->AM,ES-->AM,ES-->AM,ES-->AM,ES-->AM,ES-->AM,ES-->AM,ES-->AM,ES-->AM,ES-->AM,ES-->AM,ES-->AM,ES-->AM,ES-->AM,ES-->AM,ES-->AM
AW,ABW,Aruba,Oranjestad,Americas,Caribbean,,AW-->ES,AW-->ES,AW-->ES,AW-->ES,AW-->ES,AW-->ES,AW-->ES,AW-->ES,AW-->ES,AW-->ES,AW-->ES,AW-->ES,AW-->ES,AW-->ES,AW-->ES,AW-->ES,AW-->ES,AW-->ES,AW-->ES,,,,,,,,,,,,,,,,,ES-->AW,ES-->AW,ES-->AW,ES-->AW,ES-->AW,ES-->AW,ES-->AW,ES-->AW,ES-->AW,ES-->AW,ES-->AW,ES-->AW,ES-->AW,ES-->AW,ES-->AW,ES-->AW,ES-->AW,ES-->AW,ES-->AW
AU,AUS,Australia,Canberra,Oceania,Australia and New Zealand,,AU-->ES,AU-->ES,AU-->ES,AU-->ES,AU-->ES,AU-->ES,AU-->ES,AU-->ES,AU-->ES,AU-->ES,AU-->ES,AU-->ES,AU-->ES,AU-->ES,AU-->ES,AU-->ES,AU-->ES,AU-->ES,AU-->ES,,,,,,,,,,,,,,,,,ES-->AU,ES-->AU,ES-->AU,ES-->AU,ES-->AU,ES-->AU,ES-->AU,ES-->AU,ES-->AU,ES-->AU,ES-->AU,ES-->AU,ES-->AU,ES-->AU,ES-->AU,ES-->AU,ES-->AU,ES-->AU,ES-->AU
AT,AUT,Austria,Vienna,Europe,Western Europe,,AT-->ES,AT-->ES,AT-->ES,AT-->ES,AT-->ES,AT-->ES,AT-->ES,AT-->ES,AT-->ES,AT-->ES,AT-->ES,AT-->ES,AT-->ES,AT-->ES,AT-->ES,AT-->ES,AT-->ES,AT-->ES,AT-->ES,,,,,,,,,,,,,,,,,ES-->AT,ES-->AT,ES-->AT,ES-->AT,ES-->AT,ES-->AT,ES-->AT,ES-->AT,ES-->AT,ES-->AT,ES-->AT,ES-->AT,ES-->AT,ES-->AT,ES-->AT,ES-->AT,ES-->AT,ES-->AT,ES-->AT
AZ,AZE,Azerbaijan,Baku,Asia,Western Asia,,AZ-->ES,AZ-->ES,AZ-->ES,AZ-->ES,AZ-->ES,AZ-->ES,AZ-->ES,AZ-->ES,AZ-->ES,AZ-->ES,AZ-->ES,AZ-->ES,AZ-->ES,AZ-->ES,AZ-->ES,AZ-->ES,AZ-->ES,AZ-->ES,AZ-->ES,,,,,,,,,,,,,,,,,ES-->AZ,ES-->AZ,ES-->AZ,ES-->AZ,ES-->AZ,ES-->AZ,ES-->AZ,ES-->AZ,ES-->AZ,ES-->AZ,ES-->AZ,ES-->AZ,ES-->AZ,ES-->AZ,ES-->AZ,ES-->AZ,ES-->AZ,ES-->AZ,ES-->AZ
BS,BHS,The Bahamas,Nassau,Americas,Caribbean,,BS-->ES,BS-->ES,BS-->ES,BS-->ES,BS-->ES,BS-->ES,BS-->ES,BS-->ES,BS-->ES,BS-->ES,BS-->ES,BS-->ES,BS-->ES,BS-->ES,BS-->ES,BS-->ES,BS-->ES,BS-->ES,BS-->ES,,,,,,,,,,,,,,,,,ES-->BS,ES-->BS,ES-->BS,ES-->BS,ES-->BS,ES-->BS,ES-->BS,ES-->BS,ES-->BS,ES-->BS,ES-->BS,ES-->BS,ES-->BS,ES-->BS,ES-->BS,ES-->BS,ES-->BS,ES-->BS,ES-->BS
BH,BHR,Bahrain,Manama,Asia,Western Asia,,BH-->ES,BH-->ES,BH-->ES,BH-->ES,BH-->ES,BH-->ES,BH-->ES,BH-->ES,BH-->ES,BH-->ES,BH-->ES,BH-->ES,BH-->ES,BH-->ES,BH-->ES,BH-->ES,BH-->ES,BH-->ES,BH-->ES,,,,,,,,,,,,,,,,,ES-->BH,ES-->BH,ES-->BH,ES-->BH,ES-->BH,ES-->BH,ES-->BH,ES-->BH,ES-->BH,ES-->BH,ES-->BH,ES-->BH,ES-->BH,ES-->BH,ES-->BH,ES-->BH,ES-->BH,ES-->BH,ES-->BH
BD,BGD,Bangladesh,Dhaka,Asia,Southern Asia,,BD-->ES,BD-->ES,BD-->ES,BD-->ES,BD-->ES,BD-->ES,BD-->ES,BD-->ES,BD-->ES,BD-->ES,BD-->ES,BD-->ES,BD-->ES,BD-->ES,BD-->ES,BD-->ES,BD-->ES,BD-->ES,BD-->ES,,,,,,,,,,,,,,,,,ES-->BD,ES-->BD,ES-->BD,ES-->BD,ES-->BD,ES-->BD,ES-->BD,ES-->BD,ES-->BD,ES-->BD,ES-->BD,ES-->BD,ES-->BD,ES-->BD,ES-->BD,ES-->BD,ES-->BD,ES-->BD,ES-->BD
BB,BRB,Barbados,Bridgetown,Americas,Caribbean,,BB-->ES,BB-->ES,BB-->ES,BB-->ES,BB-->ES,BB-->ES,BB-->ES,BB-->ES,BB-->ES,BB-->ES,BB-->ES,BB-->ES,BB-->ES,BB-->ES,BB-->ES,BB-->ES,BB-->ES,BB-->ES,BB-->ES,,,,,,,,,,,,,,,,,ES-->BB,ES-->BB,ES-->BB,ES-->BB,ES-->BB,ES-->BB,ES-->BB,ES-->BB,ES-->BB,ES-->BB,ES-->BB,ES-->BB,ES-->BB,ES-->BB,ES-->BB,ES-->BB,ES-->BB,ES-->BB,ES-->BB
BY,BLR,Belarus,Minsk,Europe,Eastern Europe,,BY-->ES,BY-->ES,BY-->ES,BY-->ES,BY-->ES,BY-->ES,BY-->ES,BY-->ES,BY-->ES,BY-->ES,BY-->ES,BY-->ES,BY-->ES,BY-->ES,BY-->ES,BY-->ES,BY-->ES,BY-->ES,BY-->ES,,,,,,,,,,,,,,,,,ES-->BY,ES-->BY,ES-->BY,ES-->BY,ES-->BY,ES-->BY,ES-->BY,ES-->BY,ES-->BY,ES-->BY,ES-->BY,ES-->BY,ES-->BY,ES-->BY,ES-->BY,ES-->BY,ES-->BY,ES-->BY,ES-->BY
BE,BEL,Belgium,Brussels,Europe,Western Europe,,BE-->ES,BE-->ES,BE-->ES,BE-->ES,BE-->ES,BE-->ES,BE-->ES,BE-->ES,BE-->ES,BE-->ES,BE-->ES,BE-->ES,BE-->ES,BE-->ES,BE-->ES,BE-->ES,BE-->ES,BE-->ES,BE-->ES,,,,,,,,,,,,,,,,,ES-->BE,ES-->BE,ES-->BE,ES-->BE,ES-->BE,ES-->BE,ES-->BE,ES-->BE,ES-->BE,ES-->BE,ES-->BE,ES-->BE,ES-->BE,ES-->BE,ES-->BE,ES-->BE,ES-->BE,ES-->BE,ES-->BE
BZ,BLZ,Belize,Belmopan,Americas,Central America,,BZ-->ES,BZ-->ES,BZ-->ES,BZ-->ES,BZ-->ES,BZ-->ES,BZ-->ES,BZ-->ES,BZ-->ES,BZ-->ES,BZ-->ES,BZ-->ES,BZ-->ES,BZ-->ES,BZ-->ES,BZ-->ES,BZ-->ES,BZ-->ES,BZ-->ES,,,,,,,,,,,,,,,,,ES-->BZ,ES-->BZ,ES-->BZ,ES-->BZ,ES-->BZ,ES-->BZ,ES-->BZ,ES-->BZ,ES-->BZ,ES-->BZ,ES-->BZ,ES-->BZ,ES-->BZ,ES-->BZ,ES-->BZ,ES-->BZ,ES-->BZ,ES-->BZ,ES-->BZ
BJ,BEN,Benin,Porto-Novo,Africa,Western Africa,,BJ-->ES,BJ-->ES,BJ-->ES,BJ-->ES,BJ-->ES,BJ-->ES,BJ-->ES,BJ-->ES,BJ-->ES,BJ-->ES,BJ-->ES,BJ-->ES,BJ-->ES,BJ-->ES,BJ-->ES,BJ-->ES,BJ-->ES,BJ-->ES,BJ-->ES,,,,,,,,,,,,,,,,,ES-->BJ,ES-->BJ,ES-->BJ,ES-->BJ,ES-->BJ,ES-->BJ,ES-->BJ,ES-->BJ,ES-->BJ,ES-->BJ,ES-->BJ,ES-->BJ,ES-->BJ,ES-->BJ,ES-->BJ,ES-->BJ,ES-->BJ,ES-->BJ,ES-->BJ
BM,BMU,Bermuda,Hamilton,Americas,Northern America,,BM-->ES,BM-->ES,BM-->ES,BM-->ES,BM-->ES,BM-->ES,BM-->ES,BM-->ES,BM-->ES,BM-->ES,BM-->ES,BM-->ES,BM-->ES,BM-->ES,BM-->ES,BM-->ES,BM-->ES,BM-->ES,BM-->ES,,,,,,,,,,,,,,,,,ES-->BM,ES-->BM,ES-->BM,ES-->BM,ES-->BM,ES-->BM,ES-->BM,ES-->BM,ES-->BM,ES-->BM,ES-->BM,ES-->BM,ES-->BM,ES-->BM,ES-->BM,ES-->BM,ES-->BM,ES-->BM,ES-->BM
BT,BTN,Bhutan,Thimphu,Asia,Southern Asia,,BT-->ES,BT-->ES,BT-->ES,BT-->ES,BT-->ES,BT-->ES,BT-->ES,BT-->ES,BT-->ES,BT-->ES,BT-->ES,BT-->ES,BT-->ES,BT-->ES,BT-->ES,BT-->ES,BT-->ES,BT-->ES,BT-->ES,,,,,,,,,,,,,,,,,ES-->BT,ES-->BT,ES-->BT,ES-->BT,ES-->BT,ES-->BT,ES-->BT,ES-->BT,ES-->BT,ES-->BT,ES-->BT,ES-->BT,ES-->BT,ES-->BT,ES-->BT,ES-->BT,ES-->BT,ES-->BT,ES-->BT
BO,BOL,Bolivia,Sucre,Americas,South America,,BO-->ES,BO-->ES,BO-->ES,BO-->ES,BO-->ES,BO-->ES,BO-->ES,BO-->ES,BO-->ES,BO-->ES,BO-->ES,BO-->ES,BO-->ES,BO-->ES,BO-->ES,BO-->ES,BO-->ES,BO-->ES,BO-->ES,,,,,,,,,,,,,,,,,ES-->BO,ES-->BO,ES-->BO,ES-->BO,ES-->BO,ES-->BO,ES-->BO,ES-->BO,ES-->BO,ES-->BO,ES-->BO,ES-->BO,ES-->BO,ES-->BO,ES-->BO,ES-->BO,ES-->BO,ES-->BO,ES-->BO
BQ,BES,Bonaire,Kralendijk,Americas,Caribbean,,BQ-->ES,BQ-->ES,BQ-->ES,BQ-->ES,BQ-->ES,BQ-->ES,BQ-->ES,BQ-->ES,BQ-->ES,BQ-->ES,BQ-->ES,BQ-->ES,BQ-->ES,BQ-->ES,BQ-->ES,BQ-->ES,BQ-->ES,BQ-->ES,BQ-->ES,,,,,,,,,,,,,,,,,ES-->BQ,ES-->BQ,ES-->BQ,ES-->BQ,ES-->BQ,ES-->BQ,ES-->BQ,ES-->BQ,ES-->BQ,ES-->BQ,ES-->BQ,ES-->BQ,ES-->BQ,ES-->BQ,ES-->BQ,ES-->BQ,ES-->BQ,ES-->BQ,ES-->BQ
BA,BIH,Bosnia and Herzegovina,Sarajevo,Europe,Southern Europe,,BA-->ES,BA-->ES,BA-->ES,BA-->ES,BA-->ES,BA-->ES,BA-->ES,BA-->ES,BA-->ES,BA-->ES,BA-->ES,BA-->ES,BA-->ES,BA-->ES,BA-->ES,BA-->ES,BA-->ES,BA-->ES,BA-->ES,,,,,,,,,,,,,,,,,ES-->BA,ES-->BA,ES-->BA,ES-->BA,ES-->BA,ES-->BA,ES-->BA,ES-->BA,ES-->BA,ES-->BA,ES-->BA,ES-->BA,ES-->BA,ES-->BA,ES-->BA,ES-->BA,ES-->BA,ES-->BA,ES-->BA
BW,BWA,Botswana,Gaborone,Africa,Southern Africa,,BW-->ES,BW-->ES,BW-->ES,BW-->ES,BW-->ES,BW-->ES,BW-->ES,BW-->ES,BW-->ES,BW-->ES,BW-->ES,BW-->ES,BW-->ES,BW-->ES,BW-->ES,BW-->ES,BW-->ES,BW-->ES,BW-->ES,,,,,,,,,,,,,,,,,ES-->BW,ES-->BW,ES-->BW,ES-->BW,ES-->BW,ES-->BW,ES-->BW,ES-->BW,ES-->BW,ES-->BW,ES-->BW,ES-->BW,ES-->BW,ES-->BW,ES-->BW,ES-->BW,ES-->BW,ES-->BW,ES-->BW
BV,BVT,Bouvet Island,,,,,BV-->ES,BV-->ES,BV-->ES,BV-->ES,BV-->ES,BV-->ES,BV-->ES,BV-->ES,BV-->ES,BV-->ES,BV-->ES,BV-->ES,BV-->ES,BV-->ES,BV-->ES,BV-->ES,BV-->ES,BV-->ES,BV-->ES,,,,,,,,,,,,,,,,,ES-->BV,ES-->BV,ES-->BV,ES-->BV,ES-->BV,ES-->BV,ES-->BV,ES-->BV,ES-->BV,ES-->BV,ES-->BV,ES-->BV,ES-->BV,ES-->BV,ES-->BV,ES-->BV,ES-->BV,ES-->BV,ES-->BV
BR,BRA,Brazil,Brasília,Americas,South America,,BR-->ES,BR-->ES,BR-->ES,BR-->ES,BR-->ES,BR-->ES,BR-->ES,BR-->ES,BR-->ES,BR-->ES,BR-->ES,BR-->ES,BR-->ES,BR-->ES,BR-->ES,BR-->ES,BR-->ES,BR-->ES,BR-->ES,,,,,,,,,,,,,,,,,ES-->BR,ES-->BR,ES-->BR,ES-->BR,ES-->BR,ES-->BR,ES-->BR,ES-->BR,ES-->BR,ES-->BR,ES-->BR,ES-->BR,ES-->BR,ES-->BR,ES-->BR,ES-->BR,ES-->BR,ES-->BR,ES-->BR
IO,IOT,British Indian Ocean Territory,Diego Garcia,Africa,Eastern Africa,,IO-->ES,IO-->ES,IO-->ES,IO-->ES,IO-->ES,IO-->ES,IO-->ES,IO-->ES,IO-->ES,IO-->ES,IO-->ES,IO-->ES,IO-->ES,IO-->ES,IO-->ES,IO-->ES,IO-->ES,IO-->ES,IO-->ES,,,,,,,,,,,,,,,,,ES-->IO,ES-->IO,ES-->IO,ES-->IO,ES-->IO,ES-->IO,ES-->IO,ES-->IO,ES-->IO,ES-->IO,ES-->IO,ES-->IO,ES-->IO,ES-->IO,ES-->IO,ES-->IO,ES-->IO,ES-->IO,ES-->IO
UM,UMI,United States Minor Outlying Islands,,Americas,Northern America,,UM-->ES,UM-->ES,UM-->ES,UM-->ES,UM-->ES,UM-->ES,UM-->ES,UM-->ES,UM-->ES,UM-->ES,UM-->ES,UM-->ES,UM-->ES,UM-->ES,UM-->ES,UM-->ES,UM-->ES,UM-->ES,UM-->ES,,,,,,,,,,,,,,,,,ES-->UM,ES-->UM,ES-->UM,ES-->UM,ES-->UM,ES-->UM,ES-->UM,ES-->UM,ES-->UM,ES-->UM,ES-->UM,ES-->UM,ES-->UM,ES-->UM,ES-->UM,ES-->UM,ES-->UM,ES-->UM,ES-->UM
VG,VGB,Virgin Islands (British),Road Town,Americas,Caribbean,,VG-->ES,VG-->ES,VG-->ES,VG-->ES,VG-->ES,VG-->ES,VG-->ES,VG-->ES,VG-->ES,VG-->ES,VG-->ES,VG-->ES,VG-->ES,VG-->ES,VG-->ES,VG-->ES,VG-->ES,VG-->ES,VG-->ES,,,,,,,,,,,,,,,,,ES-->VG,ES-->VG,ES-->VG,ES-->VG,ES-->VG,ES-->VG,ES-->VG,ES-->VG,ES-->VG,ES-->VG,ES-->VG,ES-->VG,ES-->VG,ES-->VG,ES-->VG,ES-->VG,ES-->VG,ES-->VG,ES-->VG
VI,VIR,Virgin Islands (U.S.),Charlotte Amalie,Americas,Caribbean,,VI-->ES,VI-->ES,VI-->ES,VI-->ES,VI-->ES,VI-->ES,VI-->ES,VI-->ES,VI-->ES,VI-->ES,VI-->ES,VI-->ES,VI-->ES,VI-->ES,VI-->ES,VI-->ES,VI-->ES,VI-->ES,VI-->ES,,,,,,,,,,,,,,,,,ES-->VI,ES-->VI,ES-->VI,ES-->VI,ES-->VI,ES-->VI,ES-->VI,ES-->VI,ES-->VI,ES-->VI,ES-->VI,ES-->VI,ES-->VI,ES-->VI,ES-->VI,ES-->VI,ES-->VI,ES-->VI,ES-->VI
BN,BRN,Brunei,Bandar Seri Begawan,Asia,South-Eastern Asia,,BN-->ES,BN-->ES,BN-->ES,BN-->ES,BN-->ES,BN-->ES,BN-->ES,BN-->ES,BN-->ES,BN-->ES,BN-->ES,BN-->ES,BN-->ES,BN-->ES,BN-->ES,BN-->ES,BN-->ES,BN-->ES,BN-->ES,,,,,,,,,,,,,,,,,ES-->BN,ES-->BN,ES-->BN,ES-->BN,ES-->BN,ES-->BN,ES-->BN,ES-->BN,ES-->BN,ES-->BN,ES-->BN,ES-->BN,ES-->BN,ES-->BN,ES-->BN,ES-->BN,ES-->BN,ES-->BN,ES-->BN
BG,BGR,Bulgaria,Sofia,Europe,Eastern Europe,,BG-->ES,BG-->ES,BG-->ES,BG-->ES,BG-->ES,BG-->ES,BG-->ES,BG-->ES,BG-->ES,BG-->ES,BG-->ES,BG-->ES,BG-->ES,BG-->ES,BG-->ES,BG-->ES,BG-->ES,BG-->ES,BG-->ES,,,,,,,,,,,,,,,,,ES-->BG,ES-->BG,ES-->BG,ES-->BG,ES-->BG,ES-->BG,ES-->BG,ES-->BG,ES-->BG,ES-->BG,ES-->BG,ES-->BG,ES-->BG,ES-->BG,ES-->BG,ES-->BG,ES-->BG,ES-->BG,ES-->BG
BF,BFA,Burkina Faso,Ouagadougou,Africa,Western Africa,,BF-->ES,BF-->ES,BF-->ES,BF-->ES,BF-->ES,BF-->ES,BF-->ES,BF-->ES,BF-->ES,BF-->ES,BF-->ES,BF-->ES,BF-->ES,BF-->ES,BF-->ES,BF-->ES,BF-->ES,BF-->ES,BF-->ES,,,,,,,,,,,,,,,,,ES-->BF,ES-->BF,ES-->BF,ES-->BF,ES-->BF,ES-->BF,ES-->BF,ES-->BF,ES-->BF,ES-->BF,ES-->BF,ES-->BF,ES-->BF,ES-->BF,ES-->BF,ES-->BF,ES-->BF,ES-->BF,ES-->BF
BI,BDI,Burundi,Bujumbura,Africa,Eastern Africa,,BI-->ES,BI-->ES,BI-->ES,BI-->ES,BI-->ES,BI-->ES,BI-->ES,BI-->ES,BI-->ES,BI-->ES,BI-->ES,BI-->ES,BI-->ES,BI-->ES,BI-->ES,BI-->ES,BI-->ES,BI-->ES,BI-->ES,,,,,,,,,,,,,,,,,ES-->BI,ES-->BI,ES-->BI,ES-->BI,ES-->BI,ES-->BI,ES-->BI,ES-->BI,ES-->BI,ES-->BI,ES-->BI,ES-->BI,ES-->BI,ES-->BI,ES-->BI,ES-->BI,ES-->BI,ES-->BI,ES-->BI
KH,KHM,Cambodia,Phnom Penh,Asia,South-Eastern Asia,,KH-->ES,KH-->ES,KH-->ES,KH-->ES,KH-->ES,KH-->ES,KH-->ES,KH-->ES,KH-->ES,KH-->ES,KH-->ES,KH-->ES,KH-->ES,KH-->ES,KH-->ES,KH-->ES,KH-->ES,KH-->ES,KH-->ES,,,,,,,,,,,,,,,,,ES-->KH,ES-->KH,ES-->KH,ES-->KH,ES-->KH,ES-->KH,ES-->KH,ES-->KH,ES-->KH,ES-->KH,ES-->KH,ES-->KH,ES-->KH,ES-->KH,ES-->KH,ES-->KH,ES-->KH,ES-->KH,ES-->KH
CM,CMR,Cameroon,Yaoundé,Africa,Middle Africa,,CM-->ES,CM-->ES,CM-->ES,CM-->ES,CM-->ES,CM-->ES,CM-->ES,CM-->ES,CM-->ES,CM-->ES,CM-->ES,CM-->ES,CM-->ES,CM-->ES,CM-->ES,CM-->ES,CM-->ES,CM-->ES,CM-->ES,,,,,,,,,,,,,,,,,ES-->CM,ES-->CM,ES-->CM,ES-->CM,ES-->CM,ES-->CM,ES-->CM,ES-->CM,ES-->CM,ES-->CM,ES-->CM,ES-->CM,ES-->CM,ES-->CM,ES-->CM,ES-->CM,ES-->CM,ES-->CM,ES-->CM
CA,CAN,Canada,Ottawa,Americas,Northern America,,CA-->ES,CA-->ES,CA-->ES,CA-->ES,CA-->ES,CA-->ES,CA-->ES,CA-->ES,CA-->ES,CA-->ES,CA-->ES,CA-->ES,CA-->ES,CA-->ES,CA-->ES,CA-->ES,CA-->ES,CA-->ES,CA-->ES,,,,,,,,,,,,,,,,,ES-->CA,ES-->CA,ES-->CA,ES-->CA,ES-->CA,ES-->CA,ES-->CA,ES-->CA,ES-->CA,ES-->CA,ES-->CA,ES-->CA,ES-->CA,ES-->CA,ES-->CA,ES-->CA,ES-->CA,ES-->CA,ES-->CA
CV,CPV,Cape Verde,Praia,Africa,Western Africa,,CV-->ES,CV-->ES,CV-->ES,CV-->ES,CV-->ES,CV-->ES,CV-->ES,CV-->ES,CV-->ES,CV-->ES,CV-->ES,CV-->ES,CV-->ES,CV-->ES,CV-->ES,CV-->ES,CV-->ES,CV-->ES,CV-->ES,,,,,,,,,,,,,,,,,ES-->CV,ES-->CV,ES-->CV,ES-->CV,ES-->CV,ES-->CV,ES-->CV,ES-->CV,ES-->CV,ES-->CV,ES-->CV,ES-->CV,ES-->CV,ES-->CV,ES-->CV,ES-->CV,ES-->CV,ES-->CV,ES-->CV
KY,CYM,Cayman Islands,George Town,Americas,Caribbean,,KY-->ES,KY-->ES,KY-->ES,KY-->ES,KY-->ES,KY-->ES,KY-->ES,KY-->ES,KY-->ES,KY-->ES,KY-->ES,KY-->ES,KY-->ES,KY-->ES,KY-->ES,KY-->ES,KY-->ES,KY-->ES,KY-->ES,,,,,,,,,,,,,,,,,ES-->KY,ES-->KY,ES-->KY,ES-->KY,ES-->KY,ES-->KY,ES-->KY,ES-->KY,ES-->KY,ES-->KY,ES-->KY,ES-->KY,ES-->KY,ES-->KY,ES-->KY,ES-->KY,ES-->KY,ES-->KY,ES-->KY
CF,CAF,Central African Republic,Bangui,Africa,Middle Africa,,CF-->ES,CF-->ES,CF-->ES,CF-->ES,CF-->ES,CF-->ES,CF-->ES,CF-->ES,CF-->ES,CF-->ES,CF-->ES,CF-->ES,CF-->ES,CF-->ES,CF-->ES,CF-->ES,CF-->ES,CF-->ES,CF-->ES,,,,,,,,,,,,,,,,,ES-->CF,ES-->CF,ES-->CF,ES-->CF,ES-->CF,ES-->CF,ES-->CF,ES-->CF,ES-->CF,ES-->CF,ES-->CF,ES-->CF,ES-->CF,ES-->CF,ES-->CF,ES-->CF,ES-->CF,ES-->CF,ES-->CF
TD,TCD,Chad,N'Djamena,Africa,Middle Africa,,TD-->ES,TD-->ES,TD-->ES,TD-->ES,TD-->ES,TD-->ES,TD-->ES,TD-->ES,TD-->ES,TD-->ES,TD-->ES,TD-->ES,TD-->ES,TD-->ES,TD-->ES,TD-->ES,TD-->ES,TD-->ES,TD-->ES,,,,,,,,,,,,,,,,,ES-->TD,ES-->TD,ES-->TD,ES-->TD,ES-->TD,ES-->TD,ES-->TD,ES-->TD,ES-->TD,ES-->TD,ES-->TD,ES-->TD,ES-->TD,ES-->TD,ES-->TD,ES-->TD,ES-->TD,ES-->TD,ES-->TD
CL,CHL,Chile,Santiago,Americas,South America,,CL-->ES,CL-->ES,CL-->ES,CL-->ES,CL-->ES,CL-->ES,CL-->ES,CL-->ES,CL-->ES,CL-->ES,CL-->ES,CL-->ES,CL-->ES,CL-->ES,CL-->ES,CL-->ES,CL-->ES,CL-->ES,CL-->ES,,,,,,,,,,,,,,,,,ES-->CL,ES-->CL,ES-->CL,ES-->CL,ES-->CL,ES-->CL,ES-->CL,ES-->CL,ES-->CL,ES-->CL,ES-->CL,ES-->CL,ES-->CL,ES-->CL,ES-->CL,ES-->CL,ES-->CL,ES-->CL,ES-->CL
CN,CHN,China,Beijing,Asia,Eastern Asia,,CN-->ES,CN-->ES,CN-->ES,CN-->ES,CN-->ES,CN-->ES,CN-->ES,CN-->ES,CN-->ES,CN-->ES,CN-->ES,CN-->ES,CN-->ES,CN-->ES,CN-->ES,CN-->ES,CN-->ES,CN-->ES,CN-->ES,,,,,,,,,,,,,,,,,ES-->CN,ES-->CN,ES-->CN,ES-->CN,ES-->CN,ES-->CN,ES-->CN,ES-->CN,ES-->CN,ES-->CN,ES-->CN,ES-->CN,ES-->CN,ES-->CN,ES-->CN,ES-->CN,ES-->CN,ES-->CN,ES-->CN
CX,CXR,Christmas Island,Flying Fish Cove,Oceania,Australia and New Zealand,,CX-->ES,CX-->ES,CX-->ES,CX-->ES,CX-->ES,CX-->ES,CX-->ES,CX-->ES,CX-->ES,CX-->ES,CX-->ES,CX-->ES,CX-->ES,CX-->ES,CX-->ES,CX-->ES,CX-->ES,CX-->ES,CX-->ES,,,,,,,,,,,,,,,,,ES-->CX,ES-->CX,ES-->CX,ES-->CX,ES-->CX,ES-->CX,ES-->CX,ES-->CX,ES-->CX,ES-->CX,ES-->CX,ES-->CX,ES-->CX,ES-->CX,ES-->CX,ES-->CX,ES-->CX,ES-->CX,ES-->CX
CC,CCK,Cocos (Keeling) Islands,West Island,Oceania,Australia and New Zealand,,CC-->ES,CC-->ES,CC-->ES,CC-->ES,CC-->ES,CC-->ES,CC-->ES,CC-->ES,CC-->ES,CC-->ES,CC-->ES,CC-->ES,CC-->ES,CC-->ES,CC-->ES,CC-->ES,CC-->ES,CC-->ES,CC-->ES,,,,,,,,,,,,,,,,,ES-->CC,ES-->CC,ES-->CC,ES-->CC,ES-->CC,ES-->CC,ES-->CC,ES-->CC,ES-->CC,ES-->CC,ES-->CC,ES-->CC,ES-->CC,ES-->CC,ES-->CC,ES-->CC,ES-->CC,ES-->CC,ES-->CC
CO,COL,Colombia,Bogotá,Americas,South America,,CO-->ES,CO-->ES,CO-->ES,CO-->ES,CO-->ES,CO-->ES,CO-->ES,CO-->ES,CO-->ES,CO-->ES,CO-->ES,CO-->ES,CO-->ES,CO-->ES,CO-->ES,CO-->ES,CO-->ES,CO-->ES,CO-->ES,,,,,,,,,,,,,,,,,ES-->CO,ES-->CO,ES-->CO,ES-->CO,ES-->CO,ES-->CO,ES-->CO,ES-->CO,ES-->CO,ES-->CO,ES-->CO,ES-->CO,ES-->CO,ES-->CO,ES-->CO,ES-->CO,ES-->CO,ES-->CO,ES-->CO
KM,COM,Comoros,Moroni,Africa,Eastern Africa,,KM-->ES,KM-->ES,KM-->ES,KM-->ES,KM-->ES,KM-->ES,KM-->ES,KM-->ES,KM-->ES,KM-->ES,KM-->ES,KM-->ES,KM-->ES,KM-->ES,KM-->ES,KM-->ES,KM-->ES,KM-->ES,KM-->ES,,,,,,,,,,,,,,,,,ES-->KM,ES-->KM,ES-->KM,ES-->KM,ES-->KM,ES-->KM,ES-->KM,ES-->KM,ES-->KM,ES-->KM,ES-->KM,ES-->KM,ES-->KM,ES-->KM,ES-->KM,ES-->KM,ES-->KM,ES-->KM,ES-->KM
CG,COG,Republic of the Congo,Brazzaville,Africa,Middle Africa,,CG-->ES,CG-->ES,CG-->ES,CG-->ES,CG-->ES,CG-->ES,CG-->ES,CG-->ES,CG-->ES,CG-->ES,CG-->ES,CG-->ES,CG-->ES,CG-->ES,CG-->ES,CG-->ES,CG-->ES,CG-->ES,CG-->ES,,,,,,,,,,,,,,,,,ES-->CG,ES-->CG,ES-->CG,ES-->CG,ES-->CG,ES-->CG,ES-->CG,ES-->CG,ES-->CG,ES-->CG,ES-->CG,ES-->CG,ES-->CG,ES-->CG,ES-->CG,ES-->CG,ES-->CG,ES-->CG,ES-->CG
CD,COD,Democratic Republic of the Congo,Kinshasa,Africa,Middle Africa,,CD-->ES,CD-->ES,CD-->ES,CD-->ES,CD-->ES,CD-->ES,CD-->ES,CD-->ES,CD-->ES,CD-->ES,CD-->ES,CD-->ES,CD-->ES,CD-->ES,CD-->ES,CD-->ES,CD-->ES,CD-->ES,CD-->ES,,,,,,,,,,,,,,,,,ES-->CD,ES-->CD,ES-->CD,ES-->CD,ES-->CD,ES-->CD,ES-->CD,ES-->CD,ES-->CD,ES-->CD,ES-->CD,ES-->CD,ES-->CD,ES-->CD,ES-->CD,ES-->CD,ES-->CD,ES-->CD,ES-->CD
CK,COK,Cook Islands,Avarua,Oceania,Polynesia,,CK-->ES,CK-->ES,CK-->ES,CK-->ES,CK-->ES,CK-->ES,CK-->ES,CK-->ES,CK-->ES,CK-->ES,CK-->ES,CK-->ES,CK-->ES,CK-->ES,CK-->ES,CK-->ES,CK-->ES,CK-->ES,CK-->ES,,,,,,,,,,,,,,,,,ES-->CK,ES-->CK,ES-->CK,ES-->CK,ES-->CK,ES-->CK,ES-->CK,ES-->CK,ES-->CK,ES-->CK,ES-->CK,ES-->CK,ES-->CK,ES-->CK,ES-->CK,ES-->CK,ES-->CK,ES-->CK,ES-->CK
CR,CRI,Costa Rica,San José,Americas,Central America,,CR-->ES,CR-->ES,CR-->ES,CR-->ES,CR-->ES,CR-->ES,CR-->ES,CR-->ES,CR-->ES,CR-->ES,CR-->ES,CR-->ES,CR-->ES,CR-->ES,CR-->ES,CR-->ES,CR-->ES,CR-->ES,CR-->ES,,,,,,,,,,,,,,,,,ES-->CR,ES-->CR,ES-->CR,ES-->CR,ES-->CR,ES-->CR,ES-->CR,ES-->CR,ES-->CR,ES-->CR,ES-->CR,ES-->CR,ES-->CR,ES-->CR,ES-->CR,ES-->CR,ES-->CR,ES-->CR,ES-->CR
HR,HRV,Croatia,Zagreb,Europe,Southern Europe,,HR-->ES,HR-->ES,HR-->ES,HR-->ES,HR-->ES,HR-->ES,HR-->ES,HR-->ES,HR-->ES,HR-->ES,HR-->ES,HR-->ES,HR-->ES,HR-->ES,HR-->ES,HR-->ES,HR-->ES,HR-->ES,HR-->ES,,,,,,,,,,,,,,,,,ES-->HR,ES-->HR,ES-->HR,ES-->HR,ES-->HR,ES-->HR,ES-->HR,ES-->HR,ES-->HR,ES-->HR,ES-->HR,ES-->HR,ES-->HR,ES-->HR,ES-->HR,ES-->HR,ES-->HR,ES-->HR,ES-->HR
CU,CUB,Cuba,Havana,Americas,Caribbean,,CU-->ES,CU-->ES,CU-->ES,CU-->ES,CU-->ES,CU-->ES,CU-->ES,CU-->ES,CU-->ES,CU-->ES,CU-->ES,CU-->ES,CU-->ES,CU-->ES,CU-->ES,CU-->ES,CU-->ES,CU-->ES,CU-->ES,,,,,,,,,,,,,,,,,ES-->CU,ES-->CU,ES-->CU,ES-->CU,ES-->CU,ES-->CU,ES-->CU,ES-->CU,ES-->CU,ES-->CU,ES-->CU,ES-->CU,ES-->CU,ES-->CU,ES-->CU,ES-->CU,ES-->CU,ES-->CU,ES-->CU
CW,CUW,Curaçao,Willemstad,Americas,Caribbean,,CW-->ES,CW-->ES,CW-->ES,CW-->ES,CW-->ES,CW-->ES,CW-->ES,CW-->ES,CW-->ES,CW-->ES,CW-->ES,CW-->ES,CW-->ES,CW-->ES,CW-->ES,CW-->ES,CW-->ES,CW-->ES,CW-->ES,,,,,,,,,,,,,,,,,ES-->CW,ES-->CW,ES-->CW,ES-->CW,ES-->CW,ES-->CW,ES-->CW,ES-->CW,ES-->CW,ES-->CW,ES-->CW,ES-->CW,ES-->CW,ES-->CW,ES-->CW,ES-->CW,ES-->CW,ES-->CW,ES-->CW
CY,CYP,Cyprus,Nicosia,Europe,Southern Europe,,CY-->ES,CY-->ES,CY-->ES,CY-->ES,CY-->ES,CY-->ES,CY-->ES,CY-->ES,CY-->ES,CY-->ES,CY-->ES,CY-->ES,CY-->ES,CY-->ES,CY-->ES,CY-->ES,CY-->ES,CY-->ES,CY-->ES,,,,,,,,,,,,,,,,,ES-->CY,ES-->CY,ES-->CY,ES-->CY,ES-->CY,ES-->CY,ES-->CY,ES-->CY,ES-->CY,ES-->CY,ES-->CY,ES-->CY,ES-->CY,ES-->CY,ES-->CY,ES-->CY,ES-->CY,ES-->CY,ES-->CY
CZ,CZE,Czech Republic,Prague,Europe,Eastern Europe,,CZ-->ES,CZ-->ES,CZ-->ES,CZ-->ES,CZ-->ES,CZ-->ES,CZ-->ES,CZ-->ES,CZ-->ES,CZ-->ES,CZ-->ES,CZ-->ES,CZ-->ES,CZ-->ES,CZ-->ES,CZ-->ES,CZ-->ES,CZ-->ES,CZ-->ES,,,,,,,,,,,,,,,,,ES-->CZ,ES-->CZ,ES-->CZ,ES-->CZ,ES-->CZ,ES-->CZ,ES-->CZ,ES-->CZ,ES-->CZ,ES-->CZ,ES-->CZ,ES-->CZ,ES-->CZ,ES-->CZ,ES-->CZ,ES-->CZ,ES-->CZ,ES-->CZ,ES-->CZ
DK,DNK,Denmark,Copenhagen,Europe,Northern Europe,,DK-->ES,DK-->ES,DK-->ES,DK-->ES,DK-->ES,DK-->ES,DK-->ES,DK-->ES,DK-->ES,DK-->ES,DK-->ES,DK-->ES,DK-->ES,DK-->ES,DK-->ES,DK-->ES,DK-->ES,DK-->ES,DK-->ES,,,,,,,,,,,,,,,,,ES-->DK,ES-->DK,ES-->DK,ES-->DK,ES-->DK,ES-->DK,ES-->DK,ES-->DK,ES-->DK,ES-->DK,ES-->DK,ES-->DK,ES-->DK,ES-->DK,ES-->DK,ES-->DK,ES-->DK,ES-->DK,ES-->DK
DJ,DJI,Djibouti,Djibouti,Africa,Eastern Africa,,DJ-->ES,DJ-->ES,DJ-->ES,DJ-->ES,DJ-->ES,DJ-->ES,DJ-->ES,DJ-->ES,DJ-->ES,DJ-->ES,DJ-->ES,DJ-->ES,DJ-->ES,DJ-->ES,DJ-->ES,DJ-->ES,DJ-->ES,DJ-->ES,DJ-->ES,,,,,,,,,,,,,,,,,ES-->DJ,ES-->DJ,ES-->DJ,ES-->DJ,ES-->DJ,ES-->DJ,ES-->DJ,ES-->DJ,ES-->DJ,ES-->DJ,ES-->DJ,ES-->DJ,ES-->DJ,ES-->DJ,ES-->DJ,ES-->DJ,ES-->DJ,ES-->DJ,ES-->DJ
DM,DMA,Dominica,Roseau,Americas,Caribbean,,DM-->ES,DM-->ES,DM-->ES,DM-->ES,DM-->ES,DM-->ES,DM-->ES,DM-->ES,DM-->ES,DM-->ES,DM-->ES,DM-->ES,DM-->ES,DM-->ES,DM-->ES,DM-->ES,DM-->ES,DM-->ES,DM-->ES,,,,,,,,,,,,,,,,,ES-->DM,ES-->DM,ES-->DM,ES-->DM,ES-->DM,ES-->DM,ES-->DM,ES-->DM,ES-->DM,ES-->DM,ES-->DM,ES-->DM,ES-->DM,ES-->DM,ES-->DM,ES-->DM,ES-->DM,ES-->DM,ES-->DM
DO,DOM,Dominican Republic,Santo Domingo,Americas,Caribbean,,DO-->ES,DO-->ES,DO-->ES,DO-->ES,DO-->ES,DO-->ES,DO-->ES,DO-->ES,DO-->ES,DO-->ES,DO-->ES,DO-->ES,DO-->ES,DO-->ES,DO-->ES,DO-->ES,DO-->ES,DO-->ES,DO-->ES,,,,,,,,,,,,,,,,,ES-->DO,ES-->DO,ES-->DO,ES-->DO,ES-->DO,ES-->DO,ES-->DO,ES-->DO,ES-->DO,ES-->DO,ES-->DO,ES-->DO,ES-->DO,ES-->DO,ES-->DO,ES-->DO,ES-->DO,ES-->DO,ES-->DO
EC,ECU,Ecuador,Quito,Americas,South America,,EC-->ES,EC-->ES,EC-->ES,EC-->ES,EC-->ES,EC-->ES,EC-->ES,EC-->ES,EC-->ES,EC-->ES,EC-->ES,EC-->ES,EC-->ES,EC-->ES,EC-->ES,EC-->ES,EC-->ES,EC-->ES,EC-->ES,,,,,,,,,,,,,,,,,ES-->EC,ES-->EC,ES-->EC,ES-->EC,ES-->EC,ES-->EC,ES-->EC,ES-->EC,ES-->EC,ES-->EC,ES-->EC,ES-->EC,ES-->EC,ES-->EC,ES-->EC,ES-->EC,ES-->EC,ES-->EC,ES-->EC
EG,EGY,Egypt,Cairo,Africa,Northern Africa,,EG-->ES,EG-->ES,EG-->ES,EG-->ES,EG-->ES,EG-->ES,EG-->ES,EG-->ES,EG-->ES,EG-->ES,EG-->ES,EG-->ES,EG-->ES,EG-->ES,EG-->ES,EG-->ES,EG-->ES,EG-->ES,EG-->ES,,,,,,,,,,,,,,,,,ES-->EG,ES-->EG,ES-->EG,ES-->EG,ES-->EG,ES-->EG,ES-->EG,ES-->EG,ES-->EG,ES-->EG,ES-->EG,ES-->EG,ES-->EG,ES-->EG,ES-->EG,ES-->EG,ES-->EG,ES-->EG,ES-->EG
SV,SLV,El Salvador,San Salvador,Americas,Central America,,SV-->ES,SV-->ES,SV-->ES,SV-->ES,SV-->ES,SV-->ES,SV-->ES,SV-->ES,SV-->ES,SV-->ES,SV-->ES,SV-->ES,SV-->ES,SV-->ES,SV-->ES,SV-->ES,SV-->ES,SV-->ES,SV-->ES,,,,,,,,,,,,,,,,,ES-->SV,ES-->SV,ES-->SV,ES-->SV,ES-->SV,ES-->SV,ES-->SV,ES-->SV,ES-->SV,ES-->SV,ES-->SV,ES-->SV,ES-->SV,ES-->SV,ES-->SV,ES-->SV,ES-->SV,ES-->SV,ES-->SV
GQ,GNQ,Equatorial Guinea,Malabo,Africa,Middle Africa,,GQ-->ES,GQ-->ES,GQ-->ES,GQ-->ES,GQ-->ES,GQ-->ES,GQ-->ES,GQ-->ES,GQ-->ES,GQ-->ES,GQ-->ES,GQ-->ES,GQ-->ES,GQ-->ES,GQ-->ES,GQ-->ES,GQ-->ES,GQ-->ES,GQ-->ES,,,,,,,,,,,,,,,,,ES-->GQ,ES-->GQ,ES-->GQ,ES-->GQ,ES-->GQ,ES-->GQ,ES-->GQ,ES-->GQ,ES-->GQ,ES-->GQ,ES-->GQ,ES-->GQ,ES-->GQ,ES-->GQ,ES-->GQ,ES-->GQ,ES-->GQ,ES-->GQ,ES-->GQ
ER,ERI,Eritrea,Asmara,Africa,Eastern Africa,,ER-->ES,ER-->ES,ER-->ES,ER-->ES,ER-->ES,ER-->ES,ER-->ES,ER-->ES,ER-->ES,ER-->ES,ER-->ES,ER-->ES,ER-->ES,ER-->ES,ER-->ES,ER-->ES,ER-->ES,ER-->ES,ER-->ES,,,,,,,,,,,,,,,,,ES-->ER,ES-->ER,ES-->ER,ES-->ER,ES-->ER,ES-->ER,ES-->ER,ES-->ER,ES-->ER,ES-->ER,ES-->ER,ES-->ER,ES-->ER,ES-->ER,ES-->ER,ES-->ER,ES-->ER,ES-->ER,ES-->ER
EE,EST,Estonia,Tallinn,Europe,Northern Europe,,EE-->ES,EE-->ES,EE-->ES,EE-->ES,EE-->ES,EE-->ES,EE-->ES,EE-->ES,EE-->ES,EE-->ES,EE-->ES,EE-->ES,EE-->ES,EE-->ES,EE-->ES,EE-->ES,EE-->ES,EE-->ES,EE-->ES,,,,,,,,,,,,,,,,,ES-->EE,ES-->EE,ES-->EE,ES-->EE,ES-->EE,ES-->EE,ES-->EE,ES-->EE,ES-->EE,ES-->EE,ES-->EE,ES-->EE,ES-->EE,ES-->EE,ES-->EE,ES-->EE,ES-->EE,ES-->EE,ES-->EE
ET,ETH,Ethiopia,Addis Ababa,Africa,Eastern Africa,,ET-->ES,ET-->ES,ET-->ES,ET-->ES,ET-->ES,ET-->ES,ET-->ES,ET-->ES,ET-->ES,ET-->ES,ET-->ES,ET-->ES,ET-->ES,ET-->ES,ET-->ES,ET-->ES,ET-->ES,ET-->ES,ET-->ES,,,,,,,,,,,,,,,,,ES-->ET,ES-->ET,ES-->ET,ES-->ET,ES-->ET,ES-->ET,ES-->ET,ES-->ET,ES-->ET,ES-->ET,ES-->ET,ES-->ET,ES-->ET,ES-->ET,ES-->ET,ES-->ET,ES-->ET,ES-->ET,ES-->ET
FK,FLK,Falkland Islands,Stanley,Americas,South America,,FK-->ES,FK-->ES,FK-->ES,FK-->ES,FK-->ES,FK-->ES,FK-->ES,FK-->ES,FK-->ES,FK-->ES,FK-->ES,FK-->ES,FK-->ES,FK-->ES,FK-->ES,FK-->ES,FK-->ES,FK-->ES,FK-->ES,,,,,,,,,,,,,,,,,ES-->FK,ES-->FK,ES-->FK,ES-->FK,ES-->FK,ES-->FK,ES-->FK,ES-->FK,ES-->FK,ES-->FK,ES-->FK,ES-->FK,ES-->FK,ES-->FK,ES-->FK,ES-->FK,ES-->FK,ES-->FK,ES-->FK
FO,FRO,Faroe Islands,Tórshavn,Europe,Northern Europe,,FO-->ES,FO-->ES,FO-->ES,FO-->ES,FO-->ES,FO-->ES,FO-->ES,FO-->ES,FO-->ES,FO-->ES,FO-->ES,FO-->ES,FO-->ES,FO-->ES,FO-->ES,FO-->ES,FO-->ES,FO-->ES,FO-->ES,,,,,,,,,,,,,,,,,ES-->FO,ES-->FO,ES-->FO,ES-->FO,ES-->FO,ES-->FO,ES-->FO,ES-->FO,ES-->FO,ES-->FO,ES-->FO,ES-->FO,ES-->FO,ES-->FO,ES-->FO,ES-->FO,ES-->FO,ES-->FO,ES-->FO
FJ,FJI,Fiji,Suva,Oceania,Melanesia,,FJ-->ES,FJ-->ES,FJ-->ES,FJ-->ES,FJ-->ES,FJ-->ES,FJ-->ES,FJ-->ES,FJ-->ES,FJ-->ES,FJ-->ES,FJ-->ES,FJ-->ES,FJ-->ES,FJ-->ES,FJ-->ES,FJ-->ES,FJ-->ES,FJ-->ES,,,,,,,,,,,,,,,,,ES-->FJ,ES-->FJ,ES-->FJ,ES-->FJ,ES-->FJ,ES-->FJ,ES-->FJ,ES-->FJ,ES-->FJ,ES-->FJ,ES-->FJ,ES-->FJ,ES-->FJ,ES-->FJ,ES-->FJ,ES-->FJ,ES-->FJ,ES-->FJ,ES-->FJ
FI,FIN,Finland,Helsinki,Europe,Northern Europe,,FI-->ES,FI-->ES,FI-->ES,FI-->ES,FI-->ES,FI-->ES,FI-->ES,FI-->ES,FI-->ES,FI-->ES,FI-->ES,FI-->ES,FI-->ES,FI-->ES,FI-->ES,FI-->ES,FI-->ES,FI-->ES,FI-->ES,,,,,,,,,,,,,,,,,ES-->FI,ES-->FI,ES-->FI,ES-->FI,ES-->FI,ES-->FI,ES-->FI,ES-->FI,ES-->FI,ES-->FI,ES-->FI,ES-->FI,ES-->FI,ES-->FI,ES-->FI,ES-->FI,ES-->FI,ES-->FI,ES-->FI
FR,FRA,France,Paris,Europe,Western Europe,,FR-->ES,FR-->ES,FR-->ES,FR-->ES,FR-->ES,FR-->ES,FR-->ES,FR-->ES,FR-->ES,FR-->ES,FR-->ES,FR-->ES,FR-->ES,FR-->ES,FR-->ES,FR-->ES,FR-->ES,FR-->ES,FR-->ES,,,,,,,,,,,,,,,,,ES-->FR,ES-->FR,ES-->FR,ES-->FR,ES-->FR,ES-->FR,ES-->FR,ES-->FR,ES-->FR,ES-->FR,ES-->FR,ES-->FR,ES-->FR,ES-->FR,ES-->FR,ES-->FR,ES-->FR,ES-->FR,ES-->FR
GF,GUF,French Guiana,Cayenne,Americas,South America,,GF-->ES,GF-->ES,GF-->ES,GF-->ES,GF-->ES,GF-->ES,GF-->ES,GF-->ES,GF-->ES,GF-->ES,GF-->ES,GF-->ES,GF-->ES,GF-->ES,GF-->ES,GF-->ES,GF-->ES,GF-->ES,GF-->ES,,,,,,,,,,,,,,,,,ES-->GF,ES-->GF,ES-->GF,ES-->GF,ES-->GF,ES-->GF,ES-->GF,ES-->GF,ES-->GF,ES-->GF,ES-->GF,ES-->GF,ES-->GF,ES-->GF,ES-->GF,ES-->GF,ES-->GF,ES-->GF,ES-->GF
PF,PYF,French Polynesia,Papeetē,Oceania,Polynesia,,PF-->ES,PF-->ES,PF-->ES,PF-->ES,PF-->ES,PF-->ES,PF-->ES,PF-->ES,PF-->ES,PF-->ES,PF-->ES,PF-->ES,PF-->ES,PF-->ES,PF-->ES,PF-->ES,PF-->ES,PF-->ES,PF-->ES,,,,,,,,,,,,,,,,,ES-->PF,ES-->PF,ES-->PF,ES-->PF,ES-->PF,ES-->PF,ES-->PF,ES-->PF,ES-->PF,ES-->PF,ES-->PF,ES-->PF,ES-->PF,ES-->PF,ES-->PF,ES-->PF,ES-->PF,ES-->PF,ES-->PF
TF,ATF,French Southern and Antarctic Lands,Port-aux-Français,Africa,Southern Africa,,TF-->ES,TF-->ES,TF-->ES,TF-->ES,TF-->ES,TF-->ES,TF-->ES,TF-->ES,TF-->ES,TF-->ES,TF-->ES,TF-->ES,TF-->ES,TF-->ES,TF-->ES,TF-->ES,TF-->ES,TF-->ES,TF-->ES,,,,,,,,,,,,,,,,,ES-->TF,ES-->TF,ES-->TF,ES-->TF,ES-->TF,ES-->TF,ES-->TF,ES-->TF,ES-->TF,ES-->TF,ES-->TF,ES-->TF,ES-->TF,ES-->TF,ES-->TF,ES-->TF,ES-->TF,ES-->TF,ES-->TF
GA,GAB,Gabon,Libreville,Africa,Middle Africa,,GA-->ES,GA-->ES,GA-->ES,GA-->ES,GA-->ES,GA-->ES,GA-->ES,GA-->ES,GA-->ES,GA-->ES,GA-->ES,GA-->ES,GA-->ES,GA-->ES,GA-->ES,GA-->ES,GA-->ES,GA-->ES,GA-->ES,,,,,,,,,,,,,,,,,ES-->GA,ES-->GA,ES-->GA,ES-->GA,ES-->GA,ES-->GA,ES-->GA,ES-->GA,ES-->GA,ES-->GA,ES-->GA,ES-->GA,ES-->GA,ES-->GA,ES-->GA,ES-->GA,ES-->GA,ES-->GA,ES-->GA
GM,GMB,The Gambia,Banjul,Africa,Western Africa,,GM-->ES,GM-->ES,GM-->ES,GM-->ES,GM-->ES,GM-->ES,GM-->ES,GM-->ES,GM-->ES,GM-->ES,GM-->ES,GM-->ES,GM-->ES,GM-->ES,GM-->ES,GM-->ES,GM-->ES,GM-->ES,GM-->ES,,,,,,,,,,,,,,,,,ES-->GM,ES-->GM,ES-->GM,ES-->GM,ES-->GM,ES-->GM,ES-->GM,ES-->GM,ES-->GM,ES-->GM,ES-->GM,ES-->GM,ES-->GM,ES-->GM,ES-->GM,ES-->GM,ES-->GM,ES-->GM,ES-->GM
GE,GEO,Georgia,Tbilisi,Asia,Western Asia,,GE-->ES,GE-->ES,GE-->ES,GE-->ES,GE-->ES,GE-->ES,GE-->ES,GE-->ES,GE-->ES,GE-->ES,GE-->ES,GE-->ES,GE-->ES,GE-->ES,GE-->ES,GE-->ES,GE-->ES,GE-->ES,GE-->ES,,,,,,,,,,,,,,,,,ES-->GE,ES-->GE,ES-->GE,ES-->GE,ES-->GE,ES-->GE,ES-->GE,ES-->GE,ES-->GE,ES-->GE,ES-->GE,ES-->GE,ES-->GE,ES-->GE,ES-->GE,ES-->GE,ES-->GE,ES-->GE,ES-->GE
DE,DEU,Germany,Berlin,Europe,Western Europe,,DE-->ES,DE-->ES,DE-->ES,DE-->ES,DE-->ES,DE-->ES,DE-->ES,DE-->ES,DE-->ES,DE-->ES,DE-->ES,DE-->ES,DE-->ES,DE-->ES,DE-->ES,DE-->ES,DE-->ES,DE-->ES,DE-->ES,,,,,,,,,,,,,,,,,ES-->DE,ES-->DE,ES-->DE,ES-->DE,ES-->DE,ES-->DE,ES-->DE,ES-->DE,ES-->DE,ES-->DE,ES-->DE,ES-->DE,ES-->DE,ES-->DE,ES-->DE,ES-->DE,ES-->DE,ES-->DE,ES-->DE
GH,GHA,Ghana,Accra,Africa,Western Africa,,GH-->ES,GH-->ES,GH-->ES,GH-->ES,GH-->ES,GH-->ES,GH-->ES,GH-->ES,GH-->ES,GH-->ES,GH-->ES,GH-->ES,GH-->ES,GH-->ES,GH-->ES,GH-->ES,GH-->ES,GH-->ES,GH-->ES,,,,,,,,,,,,,,,,,ES-->GH,ES-->GH,ES-->GH,ES-->GH,ES-->GH,ES-->GH,ES-->GH,ES-->GH,ES-->GH,ES-->GH,ES-->GH,ES-->GH,ES-->GH,ES-->GH,ES-->GH,ES-->GH,ES-->GH,ES-->GH,ES-->GH
GI,GIB,Gibraltar,Gibraltar,Europe,Southern Europe,,GI-->ES,GI-->ES,GI-->ES,GI-->ES,GI-->ES,GI-->ES,GI-->ES,GI-->ES,GI-->ES,GI-->ES,GI-->ES,GI-->ES,GI-->ES,GI-->ES,GI-->ES,GI-->ES,GI-->ES,GI-->ES,GI-->ES,,,,,,,,,,,,,,,,,ES-->GI,ES-->GI,ES-->GI,ES-->GI,ES-->GI,ES-->GI,ES-->GI,ES-->GI,ES-->GI,ES-->GI,ES-->GI,ES-->GI,ES-->GI,ES-->GI,ES-->GI,ES-->GI,ES-->GI,ES-->GI,ES-->GI
GR,GRC,Greece,Athens,Europe,Southern Europe,,GR-->ES,GR-->ES,GR-->ES,GR-->ES,GR-->ES,GR-->ES,GR-->ES,GR-->ES,GR-->ES,GR-->ES,GR-->ES,GR-->ES,GR-->ES,GR-->ES,GR-->ES,GR-->ES,GR-->ES,GR-->ES,GR-->ES,,,,,,,,,,,,,,,,,ES-->GR,ES-->GR,ES-->GR,ES-->GR,ES-->GR,ES-->GR,ES-->GR,ES-->GR,ES-->GR,ES-->GR,ES-->GR,ES-->GR,ES-->GR,ES-->GR,ES-->GR,ES-->GR,ES-->GR,ES-->GR,ES-->GR
GL,GRL,Greenland,Nuuk,Americas,Northern America,,GL-->ES,GL-->ES,GL-->ES,GL-->ES,GL-->ES,GL-->ES,GL-->ES,GL-->ES,GL-->ES,GL-->ES,GL-->ES,GL-->ES,GL-->ES,GL-->ES,GL-->ES,GL-->ES,GL-->ES,GL-->ES,GL-->ES,,,,,,,,,,,,,,,,,ES-->GL,ES-->GL,ES-->GL,ES-->GL,ES-->GL,ES-->GL,ES-->GL,ES-->GL,ES-->GL,ES-->GL,ES-->GL,ES-->GL,ES-->GL,ES-->GL,ES-->GL,ES-->GL,ES-->GL,ES-->GL,ES-->GL
GD,GRD,Grenada,St. George's,Americas,Caribbean,,GD-->ES,GD-->ES,GD-->ES,GD-->ES,GD-->ES,GD-->ES,GD-->ES,GD-->ES,GD-->ES,GD-->ES,GD-->ES,GD-->ES,GD-->ES,GD-->ES,GD-->ES,GD-->ES,GD-->ES,GD-->ES,GD-->ES,,,,,,,,,,,,,,,,,ES-->GD,ES-->GD,ES-->GD,ES-->GD,ES-->GD,ES-->GD,ES-->GD,ES-->GD,ES-->GD,ES-->GD,ES-->GD,ES-->GD,ES-->GD,ES-->GD,ES-->GD,ES-->GD,ES-->GD,ES-->GD,ES-->GD
GP,GLP,Guadeloupe,Basse-Terre,Americas,Caribbean,,GP-->ES,GP-->ES,GP-->ES,GP-->ES,GP-->ES,GP-->ES,GP-->ES,GP-->ES,GP-->ES,GP-->ES,GP-->ES,GP-->ES,GP-->ES,GP-->ES,GP-->ES,GP-->ES,GP-->ES,GP-->ES,GP-->ES,,,,,,,,,,,,,,,,,ES-->GP,ES-->GP,ES-->GP,ES-->GP,ES-->GP,ES-->GP,ES-->GP,ES-->GP,ES-->GP,ES-->GP,ES-->GP,ES-->GP,ES-->GP,ES-->GP,ES-->GP,ES-->GP,ES-->GP,ES-->GP,ES-->GP
GU,GUM,Guam,Hagåtña,Oceania,Micronesia,,GU-->ES,GU-->ES,GU-->ES,GU-->ES,GU-->ES,GU-->ES,GU-->ES,GU-->ES,GU-->ES,GU-->ES,GU-->ES,GU-->ES,GU-->ES,GU-->ES,GU-->ES,GU-->ES,GU-->ES,GU-->ES,GU-->ES,,,,,,,,,,,,,,,,,ES-->GU,ES-->GU,ES-->GU,ES-->GU,ES-->GU,ES-->GU,ES-->GU,ES-->GU,ES-->GU,ES-->GU,ES-->GU,ES-->GU,ES-->GU,ES-->GU,ES-->GU,ES-->GU,ES-->GU,ES-->GU,ES-->GU
GT,GTM,Guatemala,Guatemala City,Americas,Central America,,GT-->ES,GT-->ES,GT-->ES,GT-->ES,GT-->ES,GT-->ES,GT-->ES,GT-->ES,GT-->ES,GT-->ES,GT-->ES,GT-->ES,GT-->ES,GT-->ES,GT-->ES,GT-->ES,GT-->ES,GT-->ES,GT-->ES,,,,,,,,,,,,,,,,,ES-->GT,ES-->GT,ES-->GT,ES-->GT,ES-->GT,ES-->GT,ES-->GT,ES-->GT,ES-->GT,ES-->GT,ES-->GT,ES-->GT,ES-->GT,ES-->GT,ES-->GT,ES-->GT,ES-->GT,ES-->GT,ES-->GT
GG,GGY,Guernsey,St. Peter Port,Europe,Northern Europe,,GG-->ES,GG-->ES,GG-->ES,GG-->ES,GG-->ES,GG-->ES,GG-->ES,GG-->ES,GG-->ES,GG-->ES,GG-->ES,GG-->ES,GG-->ES,GG-->ES,GG-->ES,GG-->ES,GG-->ES,GG-->ES,GG-->ES,,,,,,,,,,,,,,,,,ES-->GG,ES-->GG,ES-->GG,ES-->GG,ES-->GG,ES-->GG,ES-->GG,ES-->GG,ES-->GG,ES-->GG,ES-->GG,ES-->GG,ES-->GG,ES-->GG,ES-->GG,ES-->GG,ES-->GG,ES-->GG,ES-->GG
GN,GIN,Guinea,Conakry,Africa,Western Africa,,GN-->ES,GN-->ES,GN-->ES,GN-->ES,GN-->ES,GN-->ES,GN-->ES,GN-->ES,GN-->ES,GN-->ES,GN-->ES,GN-->ES,GN-->ES,GN-->ES,GN-->ES,GN-->ES,GN-->ES,GN-->ES,GN-->ES,,,,,,,,,,,,,,,,,ES-->GN,ES-->GN,ES-->GN,ES-->GN,ES-->GN,ES-->GN,ES-->GN,ES-->GN,ES-->GN,ES-->GN,ES-->GN,ES-->GN,ES-->GN,ES-->GN,ES-->GN,ES-->GN,ES-->GN,ES-->GN,ES-->GN
GW,GNB,Guinea-Bissau,Bissau,Africa,Western Africa,,GW-->ES,GW-->ES,GW-->ES,GW-->ES,GW-->ES,GW-->ES,GW-->ES,GW-->ES,GW-->ES,GW-->ES,GW-->ES,GW-->ES,GW-->ES,GW-->ES,GW-->ES,GW-->ES,GW-->ES,GW-->ES,GW-->ES,,,,,,,,,,,,,,,,,ES-->GW,ES-->GW,ES-->GW,ES-->GW,ES-->GW,ES-->GW,ES-->GW,ES-->GW,ES-->GW,ES-->GW,ES-->GW,ES-->GW,ES-->GW,ES-->GW,ES-->GW,ES-->GW,ES-->GW,ES-->GW,ES-->GW
GY,GUY,Guyana,Georgetown,Americas,South America,,GY-->ES,GY-->ES,GY-->ES,GY-->ES,GY-->ES,GY-->ES,GY-->ES,GY-->ES,GY-->ES,GY-->ES,GY-->ES,GY-->ES,GY-->ES,GY-->ES,GY-->ES,GY-->ES,GY-->ES,GY-->ES,GY-->ES,,,,,,,,,,,,,,,,,ES-->GY,ES-->GY,ES-->GY,ES-->GY,ES-->GY,ES-->GY,ES-->GY,ES-->GY,ES-->GY,ES-->GY,ES-->GY,ES-->GY,ES-->GY,ES-->GY,ES-->GY,ES-->GY,ES-->GY,ES-->GY,ES-->GY
HT,HTI,Haiti,Port-au-Prince,Americas,Caribbean,,HT-->ES,HT-->ES,HT-->ES,HT-->ES,HT-->ES,HT-->ES,HT-->ES,HT-->ES,HT-->ES,HT-->ES,HT-->ES,HT-->ES,HT-->ES,HT-->ES,HT-->ES,HT-->ES,HT-->ES,HT-->ES,HT-->ES,,,,,,,,,,,,,,,,,ES-->HT,ES-->HT,ES-->HT,ES-->HT,ES-->HT,ES-->HT,ES-->HT,ES-->HT,ES-->HT,ES-->HT,ES-->HT,ES-->HT,ES-->HT,ES-->HT,ES-->HT,ES-->HT,ES-->HT,ES-->HT,ES-->HT
HM,HMD,Heard Island and McDonald Islands,,,,,HM-->ES,HM-->ES,HM-->ES,HM-->ES,HM-->ES,HM-->ES,HM-->ES,HM-->ES,HM-->ES,HM-->ES,HM-->ES,HM-->ES,HM-->ES,HM-->ES,HM-->ES,HM-->ES,HM-->ES,HM-->ES,HM-->ES,,,,,,,,,,,,,,,,,ES-->HM,ES-->HM,ES-->HM,ES-->HM,ES-->HM,ES-->HM,ES-->HM,ES-->HM,ES-->HM,ES-->HM,ES-->HM,ES-->HM,ES-->HM,ES-->HM,ES-->HM,ES-->HM,ES-->HM,ES-->HM,ES-->HM
VA,VAT,Holy See,Rome,Europe,Southern Europe,,VA-->ES,VA-->ES,VA-->ES,VA-->ES,VA-->ES,VA-->ES,VA-->ES,VA-->ES,VA-->ES,VA-->ES,VA-->ES,VA-->ES,VA-->ES,VA-->ES,VA-->ES,VA-->ES,VA-->ES,VA-->ES,VA-->ES,,,,,,,,,,,,,,,,,ES-->VA,ES-->VA,ES-->VA,ES-->VA,ES-->VA,ES-->VA,ES-->VA,ES-->VA,ES-->VA,ES-->VA,ES-->VA,ES-->VA,ES-->VA,ES-->VA,ES-->VA,ES-->VA,ES-->VA,ES-->VA,ES-->VA
HN,HND,Honduras,Tegucigalpa,Americas,Central America,,HN-->ES,HN-->ES,HN-->ES,HN-->ES,HN-->ES,HN-->ES,HN-->ES,HN-->ES,HN-->ES,HN-->ES,HN-->ES,HN-->ES,HN-->ES,HN-->ES,HN-->ES,HN-->ES,HN-->ES,HN-->ES,HN-->ES,,,,,,,,,,,,,,,,,ES-->HN,ES-->HN,ES-->HN,ES-->HN,ES-->HN,ES-->HN,ES-->HN,ES-->HN,ES-->HN,ES-->HN,ES-->HN,ES-->HN,ES-->HN,ES-->HN,ES-->HN,ES-->HN,ES-->HN,ES-->HN,ES-->HN
HK,HKG,Hong Kong,City of Victoria,Asia,Eastern Asia,,HK-->ES,HK-->ES,HK-->ES,HK-->ES,HK-->ES,HK-->ES,HK-->ES,HK-->ES,HK-->ES,HK-->ES,HK-->ES,HK-->ES,HK-->ES,HK-->ES,HK-->ES,HK-->ES,HK-->ES,HK-->ES,HK-->ES,,,,,,,,,,,,,,,,,ES-->HK,ES-->HK,ES-->HK,ES-->HK,ES-->HK,ES-->HK,ES-->HK,ES-->HK,ES-->HK,ES-->HK,ES-->HK,ES-->HK,ES-->HK,ES-->HK,ES-->HK,ES-->HK,ES-->HK,ES-->HK,ES-->HK
HU,HUN,Hungary,Budapest,Europe,Eastern Europe,,HU-->ES,HU-->ES,HU-->ES,HU-->ES,HU-->ES,HU-->ES,HU-->ES,HU-->ES,HU-->ES,HU-->ES,HU-->ES,HU-->ES,HU-->ES,HU-->ES,HU-->ES,HU-->ES,HU-->ES,HU-->ES,HU-->ES,,,,,,,,,,,,,,,,,ES-->HU,ES-->HU,ES-->HU,ES-->HU,ES-->HU,ES-->HU,ES-->HU,ES-->HU,ES-->HU,ES-->HU,ES-->HU,ES-->HU,ES-->HU,ES-->HU,ES-->HU,ES-->HU,ES-->HU,ES-->HU,ES-->HU
IS,ISL,Iceland,Reykjavík,Europe,Northern Europe,,IS-->ES,IS-->ES,IS-->ES,IS-->ES,IS-->ES,IS-->ES,IS-->ES,IS-->ES,IS-->ES,IS-->ES,IS-->ES,IS-->ES,IS-->ES,IS-->ES,IS-->ES,IS-->ES,IS-->ES,IS-->ES,IS-->ES,,,,,,,,,,,,,,,,,ES-->IS,ES-->IS,ES-->IS,ES-->IS,ES-->IS,ES-->IS,ES-->IS,ES-->IS,ES-->IS,ES-->IS,ES-->IS,ES-->IS,ES-->IS,ES-->IS,ES-->IS,ES-->IS,ES-->IS,ES-->IS,ES-->IS
IN,IND,India,New Delhi,Asia,Southern Asia,,IN-->ES,IN-->ES,IN-->ES,IN-->ES,IN-->ES,IN-->ES,IN-->ES,IN-->ES,IN-->ES,IN-->ES,IN-->ES,IN-->ES,IN-->ES,IN-->ES,IN-->ES,IN-->ES,IN-->ES,IN-->ES,IN-->ES,,,,,,,,,,,,,,,,,ES-->IN,ES-->IN,ES-->IN,ES-->IN,ES-->IN,ES-->IN,ES-->IN,ES-->IN,ES-->IN,ES-->IN,ES-->IN,ES-->IN,ES-->IN,ES-->IN,ES-->IN,ES-->IN,ES-->IN,ES-->IN,ES-->IN
ID,IDN,Indonesia,Jakarta,Asia,South-Eastern Asia,,ID-->ES,ID-->ES,ID-->ES,ID-->ES,ID-->ES,ID-->ES,ID-->ES,ID-->ES,ID-->ES,ID-->ES,ID-->ES,ID-->ES,ID-->ES,ID-->ES,ID-->ES,ID-->ES,ID-->ES,ID-->ES,ID-->ES,,,,,,,,,,,,,,,,,ES-->ID,ES-->ID,ES-->ID,ES-->ID,ES-->ID,ES-->ID,ES-->ID,ES-->ID,ES-->ID,ES-->ID,ES-->ID,ES-->ID,ES-->ID,ES-->ID,ES-->ID,ES-->ID,ES-->ID,ES-->ID,ES-->ID
CI,CIV,Ivory Coast,Yamoussoukro,Africa,Western Africa,,CI-->ES,CI-->ES,CI-->ES,CI-->ES,CI-->ES,CI-->ES,CI-->ES,CI-->ES,CI-->ES,CI-->ES,CI-->ES,CI-->ES,CI-->ES,CI-->ES,CI-->ES,CI-->ES,CI-->ES,CI-->ES,CI-->ES,,,,,,,,,,,,,,,,,ES-->CI,ES-->CI,ES-->CI,ES-->CI,ES-->CI,ES-->CI,ES-->CI,ES-->CI,ES-->CI,ES-->CI,ES-->CI,ES-->CI,ES-->CI,ES-->CI,ES-->CI,ES-->CI,ES-->CI,ES-->CI,ES-->CI
IR,IRN,Iran,Tehran,Asia,Southern Asia,,IR-->ES,IR-->ES,IR-->ES,IR-->ES,IR-->ES,IR-->ES,IR-->ES,IR-->ES,IR-->ES,IR-->ES,IR-->ES,IR-->ES,IR-->ES,IR-->ES,IR-->ES,IR-->ES,IR-->ES,IR-->ES,IR-->ES,,,,,,,,,,,,,,,,,ES-->IR,ES-->IR,ES-->IR,ES-->IR,ES-->IR,ES-->IR,ES-->IR,ES-->IR,ES-->IR,ES-->IR,ES-->IR,ES-->IR,ES-->IR,ES-->IR,ES-->IR,ES-->IR,ES-->IR,ES-->IR,ES-->IR
IQ,IRQ,Iraq,Baghdad,Asia,Western Asia,,IQ-->ES,IQ-->ES,IQ-->ES,IQ-->ES,IQ-->ES,IQ-->ES,IQ-->ES,IQ-->ES,IQ-->ES,IQ-->ES,IQ-->ES,IQ-->ES,IQ-->ES,IQ-->ES,IQ-->ES,IQ-->ES,IQ-->ES,IQ-->ES,IQ-->ES,,,,,,,,,,,,,,,,,ES-->IQ,ES-->IQ,ES-->IQ,ES-->IQ,ES-->IQ,ES-->IQ,ES-->IQ,ES-->IQ,ES-->IQ,ES-->IQ,ES-->IQ,ES-->IQ,ES-->IQ,ES-->IQ,ES-->IQ,ES-->IQ,ES-->IQ,ES-->IQ,ES-->IQ
IE,IRL,Republic of Ireland,Dublin,Europe,Northern Europe,,IE-->ES,IE-->ES,IE-->ES,IE-->ES,IE-->ES,IE-->ES,IE-->ES,IE-->ES,IE-->ES,IE-->ES,IE-->ES,IE-->ES,IE-->ES,IE-->ES,IE-->ES,IE-->ES,IE-->ES,IE-->ES,IE-->ES,,,,,,,,,,,,,,,,,ES-->IE,ES-->IE,ES-->IE,ES-->IE,ES-->IE,ES-->IE,ES-->IE,ES-->IE,ES-->IE,ES-->IE,ES-->IE,ES-->IE,ES-->IE,ES-->IE,ES-->IE,ES-->IE,ES-->IE,ES-->IE,ES-->IE
IM,IMN,Isle of Man,Douglas,Europe,Northern Europe,,IM-->ES,IM-->ES,IM-->ES,IM-->ES,IM-->ES,IM-->ES,IM-->ES,IM-->ES,IM-->ES,IM-->ES,IM-->ES,IM-->ES,IM-->ES,IM-->ES,IM-->ES,IM-->ES,IM-->ES,IM-->ES,IM-->ES,,,,,,,,,,,,,,,,,ES-->IM,ES-->IM,ES-->IM,ES-->IM,ES-->IM,ES-->IM,ES-->IM,ES-->IM,ES-->IM,ES-->IM,ES-->IM,ES-->IM,ES-->IM,ES-->IM,ES-->IM,ES-->IM,ES-->IM,ES-->IM,ES-->IM
IL,ISR,Israel,Jerusalem,Asia,Western Asia,,IL-->ES,IL-->ES,IL-->ES,IL-->ES,IL-->ES,IL-->ES,IL-->ES,IL-->ES,IL-->ES,IL-->ES,IL-->ES,IL-->ES,IL-->ES,IL-->ES,IL-->ES,IL-->ES,IL-->ES,IL-->ES,IL-->ES,,,,,,,,,,,,,,,,,ES-->IL,ES-->IL,ES-->IL,ES-->IL,ES-->IL,ES-->IL,ES-->IL,ES-->IL,ES-->IL,ES-->IL,ES-->IL,ES-->IL,ES-->IL,ES-->IL,ES-->IL,ES-->IL,ES-->IL,ES-->IL,ES-->IL
IT,ITA,Italy,Rome,Europe,Southern Europe,,IT-->ES,IT-->ES,IT-->ES,IT-->ES,IT-->ES,IT-->ES,IT-->ES,IT-->ES,IT-->ES,IT-->ES,IT-->ES,IT-->ES,IT-->ES,IT-->ES,IT-->ES,IT-->ES,IT-->ES,IT-->ES,IT-->ES,,,,,,,,,,,,,,,,,ES-->IT,ES-->IT,ES-->IT,ES-->IT,ES-->IT,ES-->IT,ES-->IT,ES-->IT,ES-->IT,ES-->IT,ES-->IT,ES-->IT,ES-->IT,ES-->IT,ES-->IT,ES-->IT,ES-->IT,ES-->IT,ES-->IT
JM,JAM,Jamaica,Kingston,Americas,Caribbean,,JM-->ES,JM-->ES,JM-->ES,JM-->ES,JM-->ES,JM-->ES,JM-->ES,JM-->ES,JM-->ES,JM-->ES,JM-->ES,JM-->ES,JM-->ES,JM-->ES,JM-->ES,JM-->ES,JM-->ES,JM-->ES,JM-->ES,,,,,,,,,,,,,,,,,ES-->JM,ES-->JM,ES-->JM,ES-->JM,ES-->JM,ES-->JM,ES-->JM,ES-->JM,ES-->JM,ES-->JM,ES-->JM,ES-->JM,ES-->JM,ES-->JM,ES-->JM,ES-->JM,ES-->JM,ES-->JM,ES-->JM
JP,JPN,Japan,Tokyo,Asia,Eastern Asia,,JP-->ES,JP-->ES,JP-->ES,JP-->ES,JP-->ES,JP-->ES,JP-->ES,JP-->ES,JP-->ES,JP-->ES,JP-->ES,JP-->ES,JP-->ES,JP-->ES,JP-->ES,JP-->ES,JP-->ES,JP-->ES,JP-->ES,,,,,,,,,,,,,,,,,ES-->JP,ES-->JP,ES-->JP,ES-->JP,ES-->JP,ES-->JP,ES-->JP,ES-->JP,ES-->JP,ES-->JP,ES-->JP,ES-->JP,ES-->JP,ES-->JP,ES-->JP,ES-->JP,ES-->JP,ES-->JP,ES-->JP
JE,JEY,Jersey,Saint Helier,Europe,Northern Europe,,JE-->ES,JE-->ES,JE-->ES,JE-->ES,JE-->ES,JE-->ES,JE-->ES,JE-->ES,JE-->ES,JE-->ES,JE-->ES,JE-->ES,JE-->ES,JE-->ES,JE-->ES,JE-->ES,JE-->ES,JE-->ES,JE-->ES,,,,,,,,,,,,,,,,,ES-->JE,ES-->JE,ES-->JE,ES-->JE,ES-->JE,ES-->JE,ES-->JE,ES-->JE,ES-->JE,ES-->JE,ES-->JE,ES-->JE,ES-->JE,ES-->JE,ES-->JE,ES-->JE,ES-->JE,ES-->JE,ES-->JE
JO,JOR,Jordan,Amman,Asia,Western Asia,,JO-->ES,JO-->ES,JO-->ES,JO-->ES,JO-->ES,JO-->ES,JO-->ES,JO-->ES,JO-->ES,JO-->ES,JO-->ES,JO-->ES,JO-->ES,JO-->ES,JO-->ES,JO-->ES,JO-->ES,JO-->ES,JO-->ES,,,,,,,,,,,,,,,,,ES-->JO,ES-->JO,ES-->JO,ES-->JO,ES-->JO,ES-->JO,ES-->JO,ES-->JO,ES-->JO,ES-->JO,ES-->JO,ES-->JO,ES-->JO,ES-->JO,ES-->JO,ES-->JO,ES-->JO,ES-->JO,ES-->JO
KZ,KAZ,Kazakhstan,Astana,Asia,Central Asia,,KZ-->ES,KZ-->ES,KZ-->ES,KZ-->ES,KZ-->ES,KZ-->ES,KZ-->ES,KZ-->ES,KZ-->ES,KZ-->ES,KZ-->ES,KZ-->ES,KZ-->ES,KZ-->ES,KZ-->ES,KZ-->ES,KZ-->ES,KZ-->ES,KZ-->ES,,,,,,,,,,,,,,,,,ES-->KZ,ES-->KZ,ES-->KZ,ES-->KZ,ES-->KZ,ES-->KZ,ES-->KZ,ES-->KZ,ES-->KZ,ES-->KZ,ES-->KZ,ES-->KZ,ES-->KZ,ES-->KZ,ES-->KZ,ES-->KZ,ES-->KZ,ES-->KZ,ES-->KZ
KE,KEN,Kenya,Nairobi,Africa,Eastern Africa,,KE-->ES,KE-->ES,KE-->ES,KE-->ES,KE-->ES,KE-->ES,KE-->ES,KE-->ES,KE-->ES,KE-->ES,KE-->ES,KE-->ES,KE-->ES,KE-->ES,KE-->ES,KE-->ES,KE-->ES,KE-->ES,KE-->ES,,,,,,,,,,,,,,,,,ES-->KE,ES-->KE,ES-->KE,ES-->KE,ES-->KE,ES-->KE,ES-->KE,ES-->KE,ES-->KE,ES-->KE,ES-->KE,ES-->KE,ES-->KE,ES-->KE,ES-->KE,ES-->KE,ES-->KE,ES-->KE,ES-->KE
KI,KIR,Kiribati,South Tarawa,Oceania,Micronesia,,KI-->ES,KI-->ES,KI-->ES,KI-->ES,KI-->ES,KI-->ES,KI-->ES,KI-->ES,KI-->ES,KI-->ES,KI-->ES,KI-->ES,KI-->ES,KI-->ES,KI-->ES,KI-->ES,KI-->ES,KI-->ES,KI-->ES,,,,,,,,,,,,,,,,,ES-->KI,ES-->KI,ES-->KI,ES-->KI,ES-->KI,ES-->KI,ES-->KI,ES-->KI,ES-->KI,ES-->KI,ES-->KI,ES-->KI,ES-->KI,ES-->KI,ES-->KI,ES-->KI,ES-->KI,ES-->KI,ES-->KI
KW,KWT,Kuwait,Kuwait City,Asia,Western Asia,,KW-->ES,KW-->ES,KW-->ES,KW-->ES,KW-->ES,KW-->ES,KW-->ES,KW-->ES,KW-->ES,KW-->ES,KW-->ES,KW-->ES,KW-->ES,KW-->ES,KW-->ES,KW-->ES,KW-->ES,KW-->ES,KW-->ES,,,,,,,,,,,,,,,,,ES-->KW,ES-->KW,ES-->KW,ES-->KW,ES-->KW,ES-->KW,ES-->KW,ES-->KW,ES-->KW,ES-->KW,ES-->KW,ES-->KW,ES-->KW,ES-->KW,ES-->KW,ES-->KW,ES-->KW,ES-->KW,ES-->KW
KG,KGZ,Kyrgyzstan,Bishkek,Asia,Central Asia,,KG-->ES,KG-->ES,KG-->ES,KG-->ES,KG-->ES,KG-->ES,KG-->ES,KG-->ES,KG-->ES,KG-->ES,KG-->ES,KG-->ES,KG-->ES,KG-->ES,KG-->ES,KG-->ES,KG-->ES,KG-->ES,KG-->ES,,,,,,,,,,,,,,,,,ES-->KG,ES-->KG,ES-->KG,ES-->KG,ES-->KG,ES-->KG,ES-->KG,ES-->KG,ES-->KG,ES-->KG,ES-->KG,ES-->KG,ES-->KG,ES-->KG,ES-->KG,ES-->KG,ES-->KG,ES-->KG,ES-->KG
LA,LAO,Laos,Vientiane,Asia,South-Eastern Asia,,LA-->ES,LA-->ES,LA-->ES,LA-->ES,LA-->ES,LA-->ES,LA-->ES,LA-->ES,LA-->ES,LA-->ES,LA-->ES,LA-->ES,LA-->ES,LA-->ES,LA-->ES,LA-->ES,LA-->ES,LA-->ES,LA-->ES,,,,,,,,,,,,,,,,,ES-->LA,ES-->LA,ES-->LA,ES-->LA,ES-->LA,ES-->LA,ES-->LA,ES-->LA,ES-->LA,ES-->LA,ES-->LA,ES-->LA,ES-->LA,ES-->LA,ES-->LA,ES-->LA,ES-->LA,ES-->LA,ES-->LA
LV,LVA,Latvia,Riga,Europe,Northern Europe,,LV-->ES,LV-->ES,LV-->ES,LV-->ES,LV-->ES,LV-->ES,LV-->ES,LV-->ES,LV-->ES,LV-->ES,LV-->ES,LV-->ES,LV-->ES,LV-->ES,LV-->ES,LV-->ES,LV-->ES,LV-->ES,LV-->ES,,,,,,,,,,,,,,,,,ES-->LV,ES-->LV,ES-->LV,ES-->LV,ES-->LV,ES-->LV,ES-->LV,ES-->LV,ES-->LV,ES-->LV,ES-->LV,ES-->LV,ES-->LV,ES-->LV,ES-->LV,ES-->LV,ES-->LV,ES-->LV,ES-->LV
LB,LBN,Lebanon,Beirut,Asia,Western Asia,,LB-->ES,LB-->ES,LB-->ES,LB-->ES,LB-->ES,LB-->ES,LB-->ES,LB-->ES,LB-->ES,LB-->ES,LB-->ES,LB-->ES,LB-->ES,LB-->ES,LB-->ES,LB-->ES,LB-->ES,LB-->ES,LB-->ES,,,,,,,,,,,,,,,,,ES-->LB,ES-->LB,ES-->LB,ES-->LB,ES-->LB,ES-->LB,ES-->LB,ES-->LB,ES-->LB,ES-->LB,ES-->LB,ES-->LB,ES-->LB,ES-->LB,ES-->LB,ES-->LB,ES-->LB,ES-->LB,ES-->LB
LS,LSO,Lesotho,Maseru,Africa,Southern Africa,,LS-->ES,LS-->ES,LS-->ES,LS-->ES,LS-->ES,LS-->ES,LS-->ES,LS-->ES,LS-->ES,LS-->ES,LS-->ES,LS-->ES,LS-->ES,LS-->ES,LS-->ES,LS-->ES,LS-->ES,LS-->ES,LS-->ES,,,,,,,,,,,,,,,,,ES-->LS,ES-->LS,ES-->LS,ES-->LS,ES-->LS,ES-->LS,ES-->LS,ES-->LS,ES-->LS,ES-->LS,ES-->LS,ES-->LS,ES-->LS,ES-->LS,ES-->LS,ES-->LS,ES-->LS,ES-->LS,ES-->LS
LR,LBR,Liberia,Monrovia,Africa,Western Africa,,LR-->ES,LR-->ES,LR-->ES,LR-->ES,LR-->ES,LR-->ES,LR-->ES,LR-->ES,LR-->ES,LR-->ES,LR-->ES,LR-->ES,LR-->ES,LR-->ES,LR-->ES,LR-->ES,LR-->ES,LR-->ES,LR-->ES,,,,,,,,,,,,,,,,,ES-->LR,ES-->LR,ES-->LR,ES-->LR,ES-->LR,ES-->LR,ES-->LR,ES-->LR,ES-->LR,ES-->LR,ES-->LR,ES-->LR,ES-->LR,ES-->LR,ES-->LR,ES-->LR,ES-->LR,ES-->LR,ES-->LR
LY,LBY,Libya,Tripoli,Africa,Northern Africa,,LY-->ES,LY-->ES,LY-->ES,LY-->ES,LY-->ES,LY-->ES,LY-->ES,LY-->ES,LY-->ES,LY-->ES,LY-->ES,LY-->ES,LY-->ES,LY-->ES,LY-->ES,LY-->ES,LY-->ES,LY-->ES,LY-->ES,,,,,,,,,,,,,,,,,ES-->LY,ES-->LY,ES-->LY,ES-->LY,ES-->LY,ES-->LY,ES-->LY,ES-->LY,ES-->LY,ES-->LY,ES-->LY,ES-->LY,ES-->LY,ES-->LY,ES-->LY,ES-->LY,ES-->LY,ES-->LY,ES-->LY
LI,LIE,Liechtenstein,Vaduz,Europe,Western Europe,,LI-->ES,LI-->ES,LI-->ES,LI-->ES,LI-->ES,LI-->ES,LI-->ES,LI-->ES,LI-->ES,LI-->ES,LI-->ES,LI-->ES,LI-->ES,LI-->ES,LI-->ES,LI-->ES,LI-->ES,LI-->ES,LI-->ES,,,,,,,,,,,,,,,,,ES-->LI,ES-->LI,ES-->LI,ES-->LI,ES-->LI,ES-->LI,ES-->LI,ES-->LI,ES-->LI,ES-->LI,ES-->LI,ES-->LI,ES-->LI,ES-->LI,ES-->LI,ES-->LI,ES-->LI,ES-->LI,ES-->LI
LT,LTU,Lithuania,Vilnius,Europe,Northern Europe,,LT-->ES,LT-->ES,LT-->ES,LT-->ES,LT-->ES,LT-->ES,LT-->ES,LT-->ES,LT-->ES,LT-->ES,LT-->ES,LT-->ES,LT-->ES,LT-->ES,LT-->ES,LT-->ES,LT-->ES,LT-->ES,LT-->ES,,,,,,,,,,,,,,,,,ES-->LT,ES-->LT,ES-->LT,ES-->LT,ES-->LT,ES-->LT,ES-->LT,ES-->LT,ES-->LT,ES-->LT,ES-->LT,ES-->LT,ES-->LT,ES-->LT,ES-->LT,ES-->LT,ES-->LT,ES-->LT,ES-->LT
LU,LUX,Luxembourg,Luxembourg,Europe,Western Europe,,LU-->ES,LU-->ES,LU-->ES,LU-->ES,LU-->ES,LU-->ES,LU-->ES,LU-->ES,LU-->ES,LU-->ES,LU-->ES,LU-->ES,LU-->ES,LU-->ES,LU-->ES,LU-->ES,LU-->ES,LU-->ES,LU-->ES,,,,,,,,,,,,,,,,,ES-->LU,ES-->LU,ES-->LU,ES-->LU,ES-->LU,ES-->LU,ES-->LU,ES-->LU,ES-->LU,ES-->LU,ES-->LU,ES-->LU,ES-->LU,ES-->LU,ES-->LU,ES-->LU,ES-->LU,ES-->LU,ES-->LU
MO,MAC,Macau,,Asia,Eastern Asia,,MO-->ES,MO-->ES,MO-->ES,MO-->ES,MO-->ES,MO-->ES,MO-->ES,MO-->ES,MO-->ES,MO-->ES,MO-->ES,MO-->ES,MO-->ES,MO-->ES,MO-->ES,MO-->ES,MO-->ES,MO-->ES,MO-->ES,,,,,,,,,,,,,,,,,ES-->MO,ES-->MO,ES-->MO,ES-->MO,ES-->MO,ES-->MO,ES-->MO,ES-->MO,ES-->MO,ES-->MO,ES-->MO,ES-->MO,ES-->MO,ES-->MO,ES-->MO,ES-->MO,ES-->MO,ES-->MO,ES-->MO
MK,MKD,Republic of Macedonia,Skopje,Europe,Southern Europe,,MK-->ES,MK-->ES,MK-->ES,MK-->ES,MK-->ES,MK-->ES,MK-->ES,MK-->ES,MK-->ES,MK-->ES,MK-->ES,MK-->ES,MK-->ES,MK-->ES,MK-->ES,MK-->ES,MK-->ES,MK-->ES,MK-->ES,,,,,,,,,,,,,,,,,ES-->MK,ES-->MK,ES-->MK,ES-->MK,ES-->MK,ES-->MK,ES-->MK,ES-->MK,ES-->MK,ES-->MK,ES-->MK,ES-->MK,ES-->MK,ES-->MK,ES-->MK,ES-->MK,ES-->MK,ES-->MK,ES-->MK
MG,MDG,Madagascar,Antananarivo,Africa,Eastern Africa,,MG-->ES,MG-->ES,MG-->ES,MG-->ES,MG-->ES,MG-->ES,MG-->ES,MG-->ES,MG-->ES,MG-->ES,MG-->ES,MG-->ES,MG-->ES,MG-->ES,MG-->ES,MG-->ES,MG-->ES,MG-->ES,MG-->ES,,,,,,,,,,,,,,,,,ES-->MG,ES-->MG,ES-->MG,ES-->MG,ES-->MG,ES-->MG,ES-->MG,ES-->MG,ES-->MG,ES-->MG,ES-->MG,ES-->MG,ES-->MG,ES-->MG,ES-->MG,ES-->MG,ES-->MG,ES-->MG,ES-->MG
MW,MWI,Malawi,Lilongwe,Africa,Eastern Africa,,MW-->ES,MW-->ES,MW-->ES,MW-->ES,MW-->ES,MW-->ES,MW-->ES,MW-->ES,MW-->ES,MW-->ES,MW-->ES,MW-->ES,MW-->ES,MW-->ES,MW-->ES,MW-->ES,MW-->ES,MW-->ES,MW-->ES,,,,,,,,,,,,,,,,,ES-->MW,ES-->MW,ES-->MW,ES-->MW,ES-->MW,ES-->MW,ES-->MW,ES-->MW,ES-->MW,ES-->MW,ES-->MW,ES-->MW,ES-->MW,ES-->MW,ES-->MW,ES-->MW,ES-->MW,ES-->MW,ES-->MW
MY,MYS,Malaysia,Kuala Lumpur,Asia,South-Eastern Asia,,MY-->ES,MY-->ES,MY-->ES,MY-->ES,MY-->ES,MY-->ES,MY-->ES,MY-->ES,MY-->ES,MY-->ES,MY-->ES,MY-->ES,MY-->ES,MY-->ES,MY-->ES,MY-->ES,MY-->ES,MY-->ES,MY-->ES,,,,,,,,,,,,,,,,,ES-->MY,ES-->MY,ES-->MY,ES-->MY,ES-->MY,ES-->MY,ES-->MY,ES-->MY,ES-->MY,ES-->MY,ES-->MY,ES-->MY,ES-->MY,ES-->MY,ES-->MY,ES-->MY,ES-->MY,ES-->MY,ES-->MY
MV,MDV,Maldives,Malé,Asia,Southern Asia,,MV-->ES,MV-->ES,MV-->ES,MV-->ES,MV-->ES,MV-->ES,MV-->ES,MV-->ES,MV-->ES,MV-->ES,MV-->ES,MV-->ES,MV-->ES,MV-->ES,MV-->ES,MV-->ES,MV-->ES,MV-->ES,MV-->ES,,,,,,,,,,,,,,,,,ES-->MV,ES-->MV,ES-->MV,ES-->MV,ES-->MV,ES-->MV,ES-->MV,ES-->MV,ES-->MV,ES-->MV,ES-->MV,ES-->MV,ES-->MV,ES-->MV,ES-->MV,ES-->MV,ES-->MV,ES-->MV,ES-->MV
ML,MLI,Mali,Bamako,Africa,Western Africa,,ML-->ES,ML-->ES,ML-->ES,ML-->ES,ML-->ES,ML-->ES,ML-->ES,ML-->ES,ML-->ES,ML-->ES,ML-->ES,ML-->ES,ML-->ES,ML-->ES,ML-->ES,ML-->ES,ML-->ES,ML-->ES,ML-->ES,,,,,,,,,,,,,,,,,ES-->ML,ES-->ML,ES-->ML,ES-->ML,ES-->ML,ES-->ML,ES-->ML,ES-->ML,ES-->ML,ES-->ML,ES-->ML,ES-->ML,ES-->ML,ES-->ML,ES-->ML,ES-->ML,ES-->ML,ES-->ML,ES-->ML
MT,MLT,Malta,Valletta,Europe,Southern Europe,,MT-->ES,MT-->ES,MT-->ES,MT-->ES,MT-->ES,MT-->ES,MT-->ES,MT-->ES,MT-->ES,MT-->ES,MT-->ES,MT-->ES,MT-->ES,MT-->ES,MT-->ES,MT-->ES,MT-->ES,MT-->ES,MT-->ES,,,,,,,,,,,,,,,,,ES-->MT,ES-->MT,ES-->MT,ES-->MT,ES-->MT,ES-->MT,ES-->MT,ES-->MT,ES-->MT,ES-->MT,ES-->MT,ES-->MT,ES-->MT,ES-->MT,ES-->MT,ES-->MT,ES-->MT,ES-->MT,ES-->MT
MH,MHL,Marshall Islands,Majuro,Oceania,Micronesia,,MH-->ES,MH-->ES,MH-->ES,MH-->ES,MH-->ES,MH-->ES,MH-->ES,MH-->ES,MH-->ES,MH-->ES,MH-->ES,MH-->ES,MH-->ES,MH-->ES,MH-->ES,MH-->ES,MH-->ES,MH-->ES,MH-->ES,,,,,,,,,,,,,,,,,ES-->MH,ES-->MH,ES-->MH,ES-->MH,ES-->MH,ES-->MH,ES-->MH,ES-->MH,ES-->MH,ES-->MH,ES-->MH,ES-->MH,ES-->MH,ES-->MH,ES-->MH,ES-->MH,ES-->MH,ES-->MH,ES-->MH
MQ,MTQ,Martinique,Fort-de-France,Americas,Caribbean,,MQ-->ES,MQ-->ES,MQ-->ES,MQ-->ES,MQ-->ES,MQ-->ES,MQ-->ES,MQ-->ES,MQ-->ES,MQ-->ES,MQ-->ES,MQ-->ES,MQ-->ES,MQ-->ES,MQ-->ES,MQ-->ES,MQ-->ES,MQ-->ES,MQ-->ES,,,,,,,,,,,,,,,,,ES-->MQ,ES-->MQ,ES-->MQ,ES-->MQ,ES-->MQ,ES-->MQ,ES-->MQ,ES-->MQ,ES-->MQ,ES-->MQ,ES-->MQ,ES-->MQ,ES-->MQ,ES-->MQ,ES-->MQ,ES-->MQ,ES-->MQ,ES-->MQ,ES-->MQ
MR,MRT,Mauritania,Nouakchott,Africa,Western Africa,,MR-->ES,MR-->ES,MR-->ES,MR-->ES,MR-->ES,MR-->ES,MR-->ES,MR-->ES,MR-->ES,MR-->ES,MR-->ES,MR-->ES,MR-->ES,MR-->ES,MR-->ES,MR-->ES,MR-->ES,MR-->ES,MR-->ES,0.0,,,,,,,,,,,,,,,,ES-->MR,ES-->MR,ES-->MR,ES-->MR,ES-->MR,ES-->MR,ES-->MR,ES-->MR,ES-->MR,ES-->MR,ES-->MR,ES-->MR,ES-->MR,ES-->MR,ES-->MR,ES-->MR,ES-->MR,ES-->MR,ES-->MR
MU,MUS,Mauritius,Port Louis,Africa,Eastern Africa,,MU-->ES,MU-->ES,MU-->ES,MU-->ES,MU-->ES,MU-->ES,MU-->ES,MU-->ES,MU-->ES,MU-->ES,MU-->ES,MU-->ES,MU-->ES,MU-->ES,MU-->ES,MU-->ES,MU-->ES,MU-->ES,MU-->ES,,,,,,,,,,,,,,,,,ES-->MU,ES-->MU,ES-->MU,ES-->MU,ES-->MU,ES-->MU,ES-->MU,ES-->MU,ES-->MU,ES-->MU,ES-->MU,ES-->MU,ES-->MU,ES-->MU,ES-->MU,ES-->MU,ES-->MU,ES-->MU,ES-->MU
YT,MYT,Mayotte,Mamoudzou,Africa,Eastern Africa,,YT-->ES,YT-->ES,YT-->ES,YT-->ES,YT-->ES,YT-->ES,YT-->ES,YT-->ES,YT-->ES,YT-->ES,YT-->ES,YT-->ES,YT-->ES,YT-->ES,YT-->ES,YT-->ES,YT-->ES,YT-->ES,YT-->ES,,,,,,,,,,,,,,,,,ES-->YT,ES-->YT,ES-->YT,ES-->YT,ES-->YT,ES-->YT,ES-->YT,ES-->YT,ES-->YT,ES-->YT,ES-->YT,ES-->YT,ES-->YT,ES-->YT,ES-->YT,ES-->YT,ES-->YT,ES-->YT,ES-->YT
MX,MEX,Mexico,Mexico City,Americas,Central America,,MX-->ES,MX-->ES,MX-->ES,MX-->ES,MX-->ES,MX-->ES,MX-->ES,MX-->ES,MX-->ES,MX-->ES,MX-->ES,MX-->ES,MX-->ES,MX-->ES,MX-->ES,MX-->ES,MX-->ES,MX-->ES,MX-->ES,,,,,,,,,,,,,,,,,ES-->MX,ES-->MX,ES-->MX,ES-->MX,ES-->MX,ES-->MX,ES-->MX,ES-->MX,ES-->MX,ES-->MX,ES-->MX,ES-->MX,ES-->MX,ES-->MX,ES-->MX,ES-->MX,ES-->MX,ES-->MX,ES-->MX
FM,FSM,Federated States of Micronesia,Palikir,Oceania,Micronesia,,FM-->ES,FM-->ES,FM-->ES,FM-->ES,FM-->ES,FM-->ES,FM-->ES,FM-->ES,FM-->ES,FM-->ES,FM-->ES,FM-->ES,FM-->ES,FM-->ES,FM-->ES,FM-->ES,FM-->ES,FM-->ES,FM-->ES,,,,,,,,,,,,,,,,,ES-->FM,ES-->FM,ES-->FM,ES-->FM,ES-->FM,ES-->FM,ES-->FM,ES-->FM,ES-->FM,ES-->FM,ES-->FM,ES-->FM,ES-->FM,ES-->FM,ES-->FM,ES-->FM,ES-->FM,ES-->FM,ES-->FM
MD,MDA,Moldova,Chișinău,Europe,Eastern Europe,,MD-->ES,MD-->ES,MD-->ES,MD-->ES,MD-->ES,MD-->ES,MD-->ES,MD-->ES,MD-->ES,MD-->ES,MD-->ES,MD-->ES,MD-->ES,MD-->ES,MD-->ES,MD-->ES,MD-->ES,MD-->ES,MD-->ES,,,,,,,,,,,,,,,,,ES-->MD,ES-->MD,ES-->MD,ES-->MD,ES-->MD,ES-->MD,ES-->MD,ES-->MD,ES-->MD,ES-->MD,ES-->MD,ES-->MD,ES-->MD,ES-->MD,ES-->MD,ES-->MD,ES-->MD,ES-->MD,ES-->MD
MC,MCO,Monaco,Monaco,Europe,Western Europe,,MC-->ES,MC-->ES,MC-->ES,MC-->ES,MC-->ES,MC-->ES,MC-->ES,MC-->ES,MC-->ES,MC-->ES,MC-->ES,MC-->ES,MC-->ES,MC-->ES,MC-->ES,MC-->ES,MC-->ES,MC-->ES,MC-->ES,,,,,,,,,,,,,,,,,ES-->MC,ES-->MC,ES-->MC,ES-->MC,ES-->MC,ES-->MC,ES-->MC,ES-->MC,ES-->MC,ES-->MC,ES-->MC,ES-->MC,ES-->MC,ES-->MC,ES-->MC,ES-->MC,ES-->MC,ES-->MC,ES-->MC
MN,MNG,Mongolia,Ulan Bator,Asia,Eastern Asia,,MN-->ES,MN-->ES,MN-->ES,MN-->ES,MN-->ES,MN-->ES,MN-->ES,MN-->ES,MN-->ES,MN-->ES,MN-->ES,MN-->ES,MN-->ES,MN-->ES,MN-->ES,MN-->ES,MN-->ES,MN-->ES,MN-->ES,,,,,,,,,,,,,,,,,ES-->MN,ES-->MN,ES-->MN,ES-->MN,ES-->MN,ES-->MN,ES-->MN,ES-->MN,ES-->MN,ES-->MN,ES-->MN,ES-->MN,ES-->MN,ES-->MN,ES-->MN,ES-->MN,ES-->MN,ES-->MN,ES-->MN
ME,MNE,Montenegro,Podgorica,Europe,Southern Europe,,ME-->ES,ME-->ES,ME-->ES,ME-->ES,ME-->ES,ME-->ES,ME-->ES,ME-->ES,ME-->ES,ME-->ES,ME-->ES,ME-->ES,ME-->ES,ME-->ES,ME-->ES,ME-->ES,ME-->ES,ME-->ES,ME-->ES,,,,,,,,,,,,,,,,,ES-->ME,ES-->ME,ES-->ME,ES-->ME,ES-->ME,ES-->ME,ES-->ME,ES-->ME,ES-->ME,ES-->ME,ES-->ME,ES-->ME,ES-->ME,ES-->ME,ES-->ME,ES-->ME,ES-->ME,ES-->ME,ES-->ME
MS,MSR,Montserrat,Plymouth,Americas,Caribbean,,MS-->ES,MS-->ES,MS-->ES,MS-->ES,MS-->ES,MS-->ES,MS-->ES,MS-->ES,MS-->ES,MS-->ES,MS-->ES,MS-->ES,MS-->ES,MS-->ES,MS-->ES,MS-->ES,MS-->ES,MS-->ES,MS-->ES,,,,,,,,,,,,,,,,,ES-->MS,ES-->MS,ES-->MS,ES-->MS,ES-->MS,ES-->MS,ES-->MS,ES-->MS,ES-->MS,ES-->MS,ES-->MS,ES-->MS,ES-->MS,ES-->MS,ES-->MS,ES-->MS,ES-->MS,ES-->MS,ES-->MS
MA,MAR,Morocco,Rabat,Africa,Northern Africa,,MA-->ES,MA-->ES,MA-->ES,MA-->ES,MA-->ES,MA-->ES,MA-->ES,MA-->ES,MA-->ES,MA-->ES,MA-->ES,MA-->ES,MA-->ES,MA-->ES,MA-->ES,MA-->ES,MA-->ES,MA-->ES,MA-->ES,,,,,,,,,,,,,,,,,ES-->MA,ES-->MA,ES-->MA,ES-->MA,ES-->MA,ES-->MA,ES-->MA,ES-->MA,ES-->MA,ES-->MA,ES-->MA,ES-->MA,ES-->MA,ES-->MA,ES-->MA,ES-->MA,ES-->MA,ES-->MA,ES-->MA
MZ,MOZ,Mozambique,Maputo,Africa,Eastern Africa,,MZ-->ES,MZ-->ES,MZ-->ES,MZ-->ES,MZ-->ES,MZ-->ES,MZ-->ES,MZ-->ES,MZ-->ES,MZ-->ES,MZ-->ES,MZ-->ES,MZ-->ES,MZ-->ES,MZ-->ES,MZ-->ES,MZ-->ES,MZ-->ES,MZ-->ES,,,,,,,,,,,,,,,,,ES-->MZ,ES-->MZ,ES-->MZ,ES-->MZ,ES-->MZ,ES-->MZ,ES-->MZ,ES-->MZ,ES-->MZ,ES-->MZ,ES-->MZ,ES-->MZ,ES-->MZ,ES-->MZ,ES-->MZ,ES-->MZ,ES-->MZ,ES-->MZ,ES-->MZ
MM,MMR,Myanmar,Naypyidaw,Asia,South-Eastern Asia,,MM-->ES,MM-->ES,MM-->ES,MM-->ES,MM-->ES,MM-->ES,MM-->ES,MM-->ES,MM-->ES,MM-->ES,MM-->ES,MM-->ES,MM-->ES,MM-->ES,MM-->ES,MM-->ES,MM-->ES,MM-->ES,MM-->ES,,,,,,,,,,,,,,,,,ES-->MM,ES-->MM,ES-->MM,ES-->MM,ES-->MM,ES-->MM,ES-->MM,ES-->MM,ES-->MM,ES-->MM,ES-->MM,ES-->MM,ES-->MM,ES-->MM,ES-->MM,ES-->MM,ES-->MM,ES-->MM,ES-->MM
,NAM,Namibia,Windhoek,Africa,Southern Africa,,NA-->ES,NA-->ES,NA-->ES,NA-->ES,NA-->ES,NA-->ES,NA-->ES,NA-->ES,NA-->ES,NA-->ES,NA-->ES,NA-->ES,NA-->ES,NA-->ES,NA-->ES,NA-->ES,NA-->ES,NA-->ES,NA-->ES,,,,,,,,,,,,,,,,,ES-->NA,ES-->NA,ES-->NA,ES-->NA,ES-->NA,ES-->NA,ES-->NA,ES-->NA,ES-->NA,ES-->NA,ES-->NA,ES-->NA,ES-->NA,ES-->NA,ES-->NA,ES-->NA,ES-->NA,ES-->NA,ES-->NA
NR,NRU,Nauru,Yaren,Oceania,Micronesia,,NR-->ES,NR-->ES,NR-->ES,NR-->ES,NR-->ES,NR-->ES,NR-->ES,NR-->ES,NR-->ES,NR-->ES,NR-->ES,NR-->ES,NR-->ES,NR-->ES,NR-->ES,NR-->ES,NR-->ES,NR-->ES,NR-->ES,,,,,,,,,,,,,,,,,ES-->NR,ES-->NR,ES-->NR,ES-->NR,ES-->NR,ES-->NR,ES-->NR,ES-->NR,ES-->NR,ES-->NR,ES-->NR,ES-->NR,ES-->NR,ES-->NR,ES-->NR,ES-->NR,ES-->NR,ES-->NR,ES-->NR
NP,NPL,Nepal,Kathmandu,Asia,Southern Asia,,NP-->ES,NP-->ES,NP-->ES,NP-->ES,NP-->ES,NP-->ES,NP-->ES,NP-->ES,NP-->ES,NP-->ES,NP-->ES,NP-->ES,NP-->ES,NP-->ES,NP-->ES,NP-->ES,NP-->ES,NP-->ES,NP-->ES,,,,,,,,,,,,,,,,,ES-->NP,ES-->NP,ES-->NP,ES-->NP,ES-->NP,ES-->NP,ES-->NP,ES-->NP,ES-->NP,ES-->NP,ES-->NP,ES-->NP,ES-->NP,ES-->NP,ES-->NP,ES-->NP,ES-->NP,ES-->NP,ES-->NP
NL,NLD,Netherlands,Amsterdam,Europe,Western Europe,,NL-->ES,NL-->ES,NL-->ES,NL-->ES,NL-->ES,NL-->ES,NL-->ES,NL-->ES,NL-->ES,NL-->ES,NL-->ES,NL-->ES,NL-->ES,NL-->ES,NL-->ES,NL-->ES,NL-->ES,NL-->ES,NL-->ES,,,,,,,,,,,,,,,,,ES-->NL,ES-->NL,ES-->NL,ES-->NL,ES-->NL,ES-->NL,ES-->NL,ES-->NL,ES-->NL,ES-->NL,ES-->NL,ES-->NL,ES-->NL,ES-->NL,ES-->NL,ES-->NL,ES-->NL,ES-->NL,ES-->NL
NC,NCL,New Caledonia,Nouméa,Oceania,Melanesia,,NC-->ES,NC-->ES,NC-->ES,NC-->ES,NC-->ES,NC-->ES,NC-->ES,NC-->ES,NC-->ES,NC-->ES,NC-->ES,NC-->ES,NC-->ES,NC-->ES,NC-->ES,NC-->ES,NC-->ES,NC-->ES,NC-->ES,,,,,,,,,,,,,,,,,ES-->NC,ES-->NC,ES-->NC,ES-->NC,ES-->NC,ES-->NC,ES-->NC,ES-->NC,ES-->NC,ES-->NC,ES-->NC,ES-->NC,ES-->NC,ES-->NC,ES-->NC,ES-->NC,ES-->NC,ES-->NC,ES-->NC
NZ,NZL,New Zealand,Wellington,Oceania,Australia and New Zealand,,NZ-->ES,NZ-->ES,NZ-->ES,NZ-->ES,NZ-->ES,NZ-->ES,NZ-->ES,NZ-->ES,NZ-->ES,NZ-->ES,NZ-->ES,NZ-->ES,NZ-->ES,NZ-->ES,NZ-->ES,NZ-->ES,NZ-->ES,NZ-->ES,NZ-->ES,,,,,,,,,,,,,,,,,ES-->NZ,ES-->NZ,ES-->NZ,ES-->NZ,ES-->NZ,ES-->NZ,ES-->NZ,ES-->NZ,ES-->NZ,ES-->NZ,ES-->NZ,ES-->NZ,ES-->NZ,ES-->NZ,ES-->NZ,ES-->NZ,ES-->NZ,ES-->NZ,ES-->NZ
NI,NIC,Nicaragua,Managua,Americas,Central America,,NI-->ES,NI-->ES,NI-->ES,NI-->ES,NI-->ES,NI-->ES,NI-->ES,NI-->ES,NI-->ES,NI-->ES,NI-->ES,NI-->ES,NI-->ES,NI-->ES,NI-->ES,NI-->ES,NI-->ES,NI-->ES,NI-->ES,,,,,,,,,,,,,,,,,ES-->NI,ES-->NI,ES-->NI,ES-->NI,ES-->NI,ES-->NI,ES-->NI,ES-->NI,ES-->NI,ES-->NI,ES-->NI,ES-->NI,ES-->NI,ES-->NI,ES-->NI,ES-->NI,ES-->NI,ES-->NI,ES-->NI
NE,NER,Niger,Niamey,Africa,Western Africa,,NE-->ES,NE-->ES,NE-->ES,NE-->ES,NE-->ES,NE-->ES,NE-->ES,NE-->ES,NE-->ES,NE-->ES,NE-->ES,NE-->ES,NE-->ES,NE-->ES,NE-->ES,NE-->ES,NE-->ES,NE-->ES,NE-->ES,,,,,,,,,,,,,,,,,ES-->NE,ES-->NE,ES-->NE,ES-->NE,ES-->NE,ES-->NE,ES-->NE,ES-->NE,ES-->NE,ES-->NE,ES-->NE,ES-->NE,ES-->NE,ES-->NE,ES-->NE,ES-->NE,ES-->NE,ES-->NE,ES-->NE
NG,NGA,Nigeria,Abuja,Africa,Western Africa,,NG-->ES,NG-->ES,NG-->ES,NG-->ES,NG-->ES,NG-->ES,NG-->ES,NG-->ES,NG-->ES,NG-->ES,NG-->ES,NG-->ES,NG-->ES,NG-->ES,NG-->ES,NG-->ES,NG-->ES,NG-->ES,NG-->ES,,,,,,,,,,,,,,,,,ES-->NG,ES-->NG,ES-->NG,ES-->NG,ES-->NG,ES-->NG,ES-->NG,ES-->NG,ES-->NG,ES-->NG,ES-->NG,ES-->NG,ES-->NG,ES-->NG,ES-->NG,ES-->NG,ES-->NG,ES-->NG,ES-->NG
NU,NIU,Niue,Alofi,Oceania,Polynesia,,NU-->ES,NU-->ES,NU-->ES,NU-->ES,NU-->ES,NU-->ES,NU-->ES,NU-->ES,NU-->ES,NU-->ES,NU-->ES,NU-->ES,NU-->ES,NU-->ES,NU-->ES,NU-->ES,NU-->ES,NU-->ES,NU-->ES,,,,,,,,,,,,,,,,,ES-->NU,ES-->NU,ES-->NU,ES-->NU,ES-->NU,ES-->NU,ES-->NU,ES-->NU,ES-->NU,ES-->NU,ES-->NU,ES-->NU,ES-->NU,ES-->NU,ES-->NU,ES-->NU,ES-->NU,ES-->NU,ES-->NU
NF,NFK,Norfolk Island,Kingston,Oceania,Australia and New Zealand,,NF-->ES,NF-->ES,NF-->ES,NF-->ES,NF-->ES,NF-->ES,NF-->ES,NF-->ES,NF-->ES,NF-->ES,NF-->ES,NF-->ES,NF-->ES,NF-->ES,NF-->ES,NF-->ES,NF-->ES,NF-->ES,NF-->ES,,,,,,,,,,,,,,,,,ES-->NF,ES-->NF,ES-->NF,ES-->NF,ES-->NF,ES-->NF,ES-->NF,ES-->NF,ES-->NF,ES-->NF,ES-->NF,ES-->NF,ES-->NF,ES-->NF,ES-->NF,ES-->NF,ES-->NF,ES-->NF,ES-->NF
KP,PRK,North Korea,Pyongyang,Asia,Eastern Asia,,KP-->ES,KP-->ES,KP-->ES,KP-->ES,KP-->ES,KP-->ES,KP-->ES,KP-->ES,KP-->ES,KP-->ES,KP-->ES,KP-->ES,KP-->ES,KP-->ES,KP-->ES,KP-->ES,KP-->ES,KP-->ES,KP-->ES,,,,,,,,,,,,,,,,,ES-->KP,ES-->KP,ES-->KP,ES-->KP,ES-->KP,ES-->KP,ES-->KP,ES-->KP,ES-->KP,ES-->KP,ES-->KP,ES-->KP,ES-->KP,ES-->KP,ES-->KP,ES-->KP,ES-->KP,ES-->KP,ES-->KP
MP,MNP,Northern Mariana Islands,Saipan,Oceania,Micronesia,,MP-->ES,MP-->ES,MP-->ES,MP-->ES,MP-->ES,MP-->ES,MP-->ES,MP-->ES,MP-->ES,MP-->ES,MP-->ES,MP-->ES,MP-->ES,MP-->ES,MP-->ES,MP-->ES,MP-->ES,MP-->ES,MP-->ES,,,,,,,,,,,,,,,,,ES-->MP,ES-->MP,ES-->MP,ES-->MP,ES-->MP,ES-->MP,ES-->MP,ES-->MP,ES-->MP,ES-->MP,ES-->MP,ES-->MP,ES-->MP,ES-->MP,ES-->MP,ES-->MP,ES-->MP,ES-->MP,ES-->MP
NO,NOR,Norway,Oslo,Europe,Northern Europe,,NO-->ES,NO-->ES,NO-->ES,NO-->ES,NO-->ES,NO-->ES,NO-->ES,NO-->ES,NO-->ES,NO-->ES,NO-->ES,NO-->ES,NO-->ES,NO-->ES,NO-->ES,NO-->ES,NO-->ES,NO-->ES,NO-->ES,,,,,,,,,,,,,,,,,ES-->NO,ES-->NO,ES-->NO,ES-->NO,ES-->NO,ES-->NO,ES-->NO,ES-->NO,ES-->NO,ES-->NO,ES-->NO,ES-->NO,ES-->NO,ES-->NO,ES-->NO,ES-->NO,ES-->NO,ES-->NO,ES-->NO
OM,OMN,Oman,Muscat,Asia,Western Asia,,OM-->ES,OM-->ES,OM-->ES,OM-->ES,OM-->ES,OM-->ES,OM-->ES,OM-->ES,OM-->ES,OM-->ES,OM-->ES,OM-->ES,OM-->ES,OM-->ES,OM-->ES,OM-->ES,OM-->ES,OM-->ES,OM-->ES,,,,,,,,,,,,,,,,,ES-->OM,ES-->OM,ES-->OM,ES-->OM,ES-->OM,ES-->OM,ES-->OM,ES-->OM,ES-->OM,ES-->OM,ES-->OM,ES-->OM,ES-->OM,ES-->OM,ES-->OM,ES-->OM,ES-->OM,ES-->OM,ES-->OM
PK,PAK,Pakistan,Islamabad,Asia,Southern Asia,,PK-->ES,PK-->ES,PK-->ES,PK-->ES,PK-->ES,PK-->ES,PK-->ES,PK-->ES,PK-->ES,PK-->ES,PK-->ES,PK-->ES,PK-->ES,PK-->ES,PK-->ES,PK-->ES,PK-->ES,PK-->ES,PK-->ES,,,,,,,,,,,,,,,,,ES-->PK,ES-->PK,ES-->PK,ES-->PK,ES-->PK,ES-->PK,ES-->PK,ES-->PK,ES-->PK,ES-->PK,ES-->PK,ES-->PK,ES-->PK,ES-->PK,ES-->PK,ES-->PK,ES-->PK,ES-->PK,ES-->PK
PW,PLW,Palau,Ngerulmud,Oceania,Micronesia,,PW-->ES,PW-->ES,PW-->ES,PW-->ES,PW-->ES,PW-->ES,PW-->ES,PW-->ES,PW-->ES,PW-->ES,PW-->ES,PW-->ES,PW-->ES,PW-->ES,PW-->ES,PW-->ES,PW-->ES,PW-->ES,PW-->ES,,,,,,,,,,,,,,,,,ES-->PW,ES-->PW,ES-->PW,ES-->PW,ES-->PW,ES-->PW,ES-->PW,ES-->PW,ES-->PW,ES-->PW,ES-->PW,ES-->PW,ES-->PW,ES-->PW,ES-->PW,ES-->PW,ES-->PW,ES-->PW,ES-->PW
PS,PSE,Palestine,Ramallah,Asia,Western Asia,,PS-->ES,PS-->ES,PS-->ES,PS-->ES,PS-->ES,PS-->ES,PS-->ES,PS-->ES,PS-->ES,PS-->ES,PS-->ES,PS-->ES,PS-->ES,PS-->ES,PS-->ES,PS-->ES,PS-->ES,PS-->ES,PS-->ES,,,,,,,,,,,,,,,,,ES-->PS,ES-->PS,ES-->PS,ES-->PS,ES-->PS,ES-->PS,ES-->PS,ES-->PS,ES-->PS,ES-->PS,ES-->PS,ES-->PS,ES-->PS,ES-->PS,ES-->PS,ES-->PS,ES-->PS,ES-->PS,ES-->PS
PA,PAN,Panama,Panama City,Americas,Central America,,PA-->ES,PA-->ES,PA-->ES,PA-->ES,PA-->ES,PA-->ES,PA-->ES,PA-->ES,PA-->ES,PA-->ES,PA-->ES,PA-->ES,PA-->ES,PA-->ES,PA-->ES,PA-->ES,PA-->ES,PA-->ES,PA-->ES,,,,,,,,,,,,,,,,,ES-->PA,ES-->PA,ES-->PA,ES-->PA,ES-->PA,ES-->PA,ES-->PA,ES-->PA,ES-->PA,ES-->PA,ES-->PA,ES-->PA,ES-->PA,ES-->PA,ES-->PA,ES-->PA,ES-->PA,ES-->PA,ES-->PA
PG,PNG,Papua New Guinea,Port Moresby,Oceania,Melanesia,,PG-->ES,PG-->ES,PG-->ES,PG-->ES,PG-->ES,PG-->ES,PG-->ES,PG-->ES,PG-->ES,PG-->ES,PG-->ES,PG-->ES,PG-->ES,PG-->ES,PG-->ES,PG-->ES,PG-->ES,PG-->ES,PG-->ES,,,,,,,,,,,,,,,,,ES-->PG,ES-->PG,ES-->PG,ES-->PG,ES-->PG,ES-->PG,ES-->PG,ES-->PG,ES-->PG,ES-->PG,ES-->PG,ES-->PG,ES-->PG,ES-->PG,ES-->PG,ES-->PG,ES-->PG,ES-->PG,ES-->PG
PY,PRY,Paraguay,Asunción,Americas,South America,,PY-->ES,PY-->ES,PY-->ES,PY-->ES,PY-->ES,PY-->ES,PY-->ES,PY-->ES,PY-->ES,PY-->ES,PY-->ES,PY-->ES,PY-->ES,PY-->ES,PY-->ES,PY-->ES,PY-->ES,PY-->ES,PY-->ES,,,,,,,,,,,,,,,,,ES-->PY,ES-->PY,ES-->PY,ES-->PY,ES-->PY,ES-->PY,ES-->PY,ES-->PY,ES-->PY,ES-->PY,ES-->PY,ES-->PY,ES-->PY,ES-->PY,ES-->PY,ES-->PY,ES-->PY,ES-->PY,ES-->PY
PE,PER,Peru,Lima,Americas,South America,,PE-->ES,PE-->ES,PE-->ES,PE-->ES,PE-->ES,PE-->ES,PE-->ES,PE-->ES,PE-->ES,PE-->ES,PE-->ES,PE-->ES,PE-->ES,PE-->ES,PE-->ES,PE-->ES,PE-->ES,PE-->ES,PE-->ES,,,,,,,,,,,,,,,,,ES-->PE,ES-->PE,ES-->PE,ES-->PE,ES-->PE,ES-->PE,ES-->PE,ES-->PE,ES-->PE,ES-->PE,ES-->PE,ES-->PE,ES-->PE,ES-->PE,ES-->PE,ES-->PE,ES-->PE,ES-->PE,ES-->PE
PH,PHL,Philippines,Manila,Asia,South-Eastern Asia,,PH-->ES,PH-->ES,PH-->ES,PH-->ES,PH-->ES,PH-->ES,PH-->ES,PH-->ES,PH-->ES,PH-->ES,PH-->ES,PH-->ES,PH-->ES,PH-->ES,PH-->ES,PH-->ES,PH-->ES,PH-->ES,PH-->ES,,,,,,,,,,,,,,,,,ES-->PH,ES-->PH,ES-->PH,ES-->PH,ES-->PH,ES-->PH,ES-->PH,ES-->PH,ES-->PH,ES-->PH,ES-->PH,ES-->PH,ES-->PH,ES-->PH,ES-->PH,ES-->PH,ES-->PH,ES-->PH,ES-->PH
PN,PCN,Pitcairn Islands,Adamstown,Oceania,Polynesia,,PN-->ES,PN-->ES,PN-->ES,PN-->ES,PN-->ES,PN-->ES,PN-->ES,PN-->ES,PN-->ES,PN-->ES,PN-->ES,PN-->ES,PN-->ES,PN-->ES,PN-->ES,PN-->ES,PN-->ES,PN-->ES,PN-->ES,,,,,,,,,,,,,,,,,ES-->PN,ES-->PN,ES-->PN,ES-->PN,ES-->PN,ES-->PN,ES-->PN,ES-->PN,ES-->PN,ES-->PN,ES-->PN,ES-->PN,ES-->PN,ES-->PN,ES-->PN,ES-->PN,ES-->PN,ES-->PN,ES-->PN
PL,POL,Poland,Warsaw,Europe,Eastern Europe,,PL-->ES,PL-->ES,PL-->ES,PL-->ES,PL-->ES,PL-->ES,PL-->ES,PL-->ES,PL-->ES,PL-->ES,PL-->ES,PL-->ES,PL-->ES,PL-->ES,PL-->ES,PL-->ES,PL-->ES,PL-->ES,PL-->ES,,,,,,,,,,,,,,,,,ES-->PL,ES-->PL,ES-->PL,ES-->PL,ES-->PL,ES-->PL,ES-->PL,ES-->PL,ES-->PL,ES-->PL,ES-->PL,ES-->PL,ES-->PL,ES-->PL,ES-->PL,ES-->PL,ES-->PL,ES-->PL,ES-->PL
PT,PRT,Portugal,Lisbon,Europe,Southern Europe,,PT-->ES,PT-->ES,PT-->ES,PT-->ES,PT-->ES,PT-->ES,PT-->ES,PT-->ES,PT-->ES,PT-->ES,PT-->ES,PT-->ES,PT-->ES,PT-->ES,PT-->ES,PT-->ES,PT-->ES,PT-->ES,PT-->ES,,,,,,,,,,,,,,,,,ES-->PT,ES-->PT,ES-->PT,ES-->PT,ES-->PT,ES-->PT,ES-->PT,ES-->PT,ES-->PT,ES-->PT,ES-->PT,ES-->PT,ES-->PT,ES-->PT,ES-->PT,ES-->PT,ES-->PT,ES-->PT,ES-->PT
PR,PRI,Puerto Rico,San Juan,Americas,Caribbean,,PR-->ES,PR-->ES,PR-->ES,PR-->ES,PR-->ES,PR-->ES,PR-->ES,PR-->ES,PR-->ES,PR-->ES,PR-->ES,PR-->ES,PR-->ES,PR-->ES,PR-->ES,PR-->ES,PR-->ES,PR-->ES,PR-->ES,,,,,,,,,,,,,,,,,ES-->PR,ES-->PR,ES-->PR,ES-->PR,ES-->PR,ES-->PR,ES-->PR,ES-->PR,ES-->PR,ES-->PR,ES-->PR,ES-->PR,ES-->PR,ES-->PR,ES-->PR,ES-->PR,ES-->PR,ES-->PR,ES-->PR
QA,QAT,Qatar,Doha,Asia,Western Asia,,QA-->ES,QA-->ES,QA-->ES,QA-->ES,QA-->ES,QA-->ES,QA-->ES,QA-->ES,QA-->ES,QA-->ES,QA-->ES,QA-->ES,QA-->ES,QA-->ES,QA-->ES,QA-->ES,QA-->ES,QA-->ES,QA-->ES,,,,,,,,,,,,,,,,,ES-->QA,ES-->QA,ES-->QA,ES-->QA,ES-->QA,ES-->QA,ES-->QA,ES-->QA,ES-->QA,ES-->QA,ES-->QA,ES-->QA,ES-->QA,ES-->QA,ES-->QA,ES-->QA,ES-->QA,ES-->QA,ES-->QA
XK,KOS,Republic of Kosovo,Pristina,Europe,Eastern Europe,,XK-->ES,XK-->ES,XK-->ES,XK-->ES,XK-->ES,XK-->ES,XK-->ES,XK-->ES,XK-->ES,XK-->ES,XK-->ES,XK-->ES,XK-->ES,XK-->ES,XK-->ES,XK-->ES,XK-->ES,XK-->ES,XK-->ES,,,,,,,,,,,,,,,,,ES-->XK,ES-->XK,ES-->XK,ES-->XK,ES-->XK,ES-->XK,ES-->XK,ES-->XK,ES-->XK,ES-->XK,ES-->XK,ES-->XK,ES-->XK,ES-->XK,ES-->XK,ES-->XK,ES-->XK,ES-->XK,ES-->XK
RE,REU,Réunion,Saint-Denis,Africa,Eastern Africa,,RE-->ES,RE-->ES,RE-->ES,RE-->ES,RE-->ES,RE-->ES,RE-->ES,RE-->ES,RE-->ES,RE-->ES,RE-->ES,RE-->ES,RE-->ES,RE-->ES,RE-->ES,RE-->ES,RE-->ES,RE-->ES,RE-->ES,,,,,,,,,,,,,,,,,ES-->RE,ES-->RE,ES-->RE,ES-->RE,ES-->RE,ES-->RE,ES-->RE,ES-->RE,ES-->RE,ES-->RE,ES-->RE,ES-->RE,ES-->RE,ES-->RE,ES-->RE,ES-->RE,ES-->RE,ES-->RE,ES-->RE
RO,ROU,Romania,Bucharest,Europe,Eastern Europe,,RO-->ES,RO-->ES,RO-->ES,RO-->ES,RO-->ES,RO-->ES,RO-->ES,RO-->ES,RO-->ES,RO-->ES,RO-->ES,RO-->ES,RO-->ES,RO-->ES,RO-->ES,RO-->ES,RO-->ES,RO-->ES,RO-->ES,,,,,,,,,,,,,,,,,ES-->RO,ES-->RO,ES-->RO,ES-->RO,ES-->RO,ES-->RO,ES-->RO,ES-->RO,ES-->RO,ES-->RO,ES-->RO,ES-->RO,ES-->RO,ES-->RO,ES-->RO,ES-->RO,ES-->RO,ES-->RO,ES-->RO
RU,RUS,Russia,Moscow,Europe,Eastern Europe,,RU-->ES,RU-->ES,RU-->ES,RU-->ES,RU-->ES,RU-->ES,RU-->ES,RU-->ES,RU-->ES,RU-->ES,RU-->ES,RU-->ES,RU-->ES,RU-->ES,RU-->ES,RU-->ES,RU-->ES,RU-->ES,RU-->ES,,,,,,,,,,,,,,,,,ES-->RU,ES-->RU,ES-->RU,ES-->RU,ES-->RU,ES-->RU,ES-->RU,ES-->RU,ES-->RU,ES-->RU,ES-->RU,ES-->RU,ES-->RU,ES-->RU,ES-->RU,ES-->RU,ES-->RU,ES-->RU,ES-->RU
RW,RWA,Rwanda,Kigali,Africa,Eastern Africa,,RW-->ES,RW-->ES,RW-->ES,RW-->ES,RW-->ES,RW-->ES,RW-->ES,RW-->ES,RW-->ES,RW-->ES,RW-->ES,RW-->ES,RW-->ES,RW-->ES,RW-->ES,RW-->ES,RW-->ES,RW-->ES,RW-->ES,,,,,,,,,,,,,,,,,ES-->RW,ES-->RW,ES-->RW,ES-->RW,ES-->RW,ES-->RW,ES-->RW,ES-->RW,ES-->RW,ES-->RW,ES-->RW,ES-->RW,ES-->RW,ES-->RW,ES-->RW,ES-->RW,ES-->RW,ES-->RW,ES-->RW
BL,BLM,Saint Barthélemy,Gustavia,Americas,Caribbean,,BL-->ES,BL-->ES,BL-->ES,BL-->ES,BL-->ES,BL-->ES,BL-->ES,BL-->ES,BL-->ES,BL-->ES,BL-->ES,BL-->ES,BL-->ES,BL-->ES,BL-->ES,BL-->ES,BL-->ES,BL-->ES,BL-->ES,,,,,,,,,,,,,,,,,ES-->BL,ES-->BL,ES-->BL,ES-->BL,ES-->BL,ES-->BL,ES-->BL,ES-->BL,ES-->BL,ES-->BL,ES-->BL,ES-->BL,ES-->BL,ES-->BL,ES-->BL,ES-->BL,ES-->BL,ES-->BL,ES-->BL
SH,SHN,Saint Helena,Jamestown,Africa,Western Africa,,SH-->ES,SH-->ES,SH-->ES,SH-->ES,SH-->ES,SH-->ES,SH-->ES,SH-->ES,SH-->ES,SH-->ES,SH-->ES,SH-->ES,SH-->ES,SH-->ES,SH-->ES,SH-->ES,SH-->ES,SH-->ES,SH-->ES,,,,,,,,,,,,,,,,,ES-->SH,ES-->SH,ES-->SH,ES-->SH,ES-->SH,ES-->SH,ES-->SH,ES-->SH,ES-->SH,ES-->SH,ES-->SH,ES-->SH,ES-->SH,ES-->SH,ES-->SH,ES-->SH,ES-->SH,ES-->SH,ES-->SH
KN,KNA,Saint Kitts and Nevis,Basseterre,Americas,Caribbean,,KN-->ES,KN-->ES,KN-->ES,KN-->ES,KN-->ES,KN-->ES,KN-->ES,KN-->ES,KN-->ES,KN-->ES,KN-->ES,KN-->ES,KN-->ES,KN-->ES,KN-->ES,KN-->ES,KN-->ES,KN-->ES,KN-->ES,,,,,,,,,,,,,,,,,ES-->KN,ES-->KN,ES-->KN,ES-->KN,ES-->KN,ES-->KN,ES-->KN,ES-->KN,ES-->KN,ES-->KN,ES-->KN,ES-->KN,ES-->KN,ES-->KN,ES-->KN,ES-->KN,ES-->KN,ES-->KN,ES-->KN
LC,LCA,Saint Lucia,Castries,Americas,Caribbean,,LC-->ES,LC-->ES,LC-->ES,LC-->ES,LC-->ES,LC-->ES,LC-->ES,LC-->ES,LC-->ES,LC-->ES,LC-->ES,LC-->ES,LC-->ES,LC-->ES,LC-->ES,LC-->ES,LC-->ES,LC-->ES,LC-->ES,,,,,,,,,,,,,,,,,ES-->LC,ES-->LC,ES-->LC,ES-->LC,ES-->LC,ES-->LC,ES-->LC,ES-->LC,ES-->LC,ES-->LC,ES-->LC,ES-->LC,ES-->LC,ES-->LC,ES-->LC,ES-->LC,ES-->LC,ES-->LC,ES-->LC
MF,MAF,Saint Martin,Marigot,Americas,Caribbean,,MF-->ES,MF-->ES,MF-->ES,MF-->ES,MF-->ES,MF-->ES,MF-->ES,MF-->ES,MF-->ES,MF-->ES,MF-->ES,MF-->ES,MF-->ES,MF-->ES,MF-->ES,MF-->ES,MF-->ES,MF-->ES,MF-->ES,,,,,,,,,,,,,,,,,ES-->MF,ES-->MF,ES-->MF,ES-->MF,ES-->MF,ES-->MF,ES-->MF,ES-->MF,ES-->MF,ES-->MF,ES-->MF,ES-->MF,ES-->MF,ES-->MF,ES-->MF,ES-->MF,ES-->MF,ES-->MF,ES-->MF
PM,SPM,Saint Pierre and Miquelon,Saint-Pierre,Americas,Northern America,,PM-->ES,PM-->ES,PM-->ES,PM-->ES,PM-->ES,PM-->ES,PM-->ES,PM-->ES,PM-->ES,PM-->ES,PM-->ES,PM-->ES,PM-->ES,PM-->ES,PM-->ES,PM-->ES,PM-->ES,PM-->ES,PM-->ES,,,,,,,,,,,,,,,,,ES-->PM,ES-->PM,ES-->PM,ES-->PM,ES-->PM,ES-->PM,ES-->PM,ES-->PM,ES-->PM,ES-->PM,ES-->PM,ES-->PM,ES-->PM,ES-->PM,ES-->PM,ES-->PM,ES-->PM,ES-->PM,ES-->PM
VC,VCT,Saint Vincent and the Grenadines,Kingstown,Americas,Caribbean,,VC-->ES,VC-->ES,VC-->ES,VC-->ES,VC-->ES,VC-->ES,VC-->ES,VC-->ES,VC-->ES,VC-->ES,VC-->ES,VC-->ES,VC-->ES,VC-->ES,VC-->ES,VC-->ES,VC-->ES,VC-->ES,VC-->ES,,,,,,,,,,,,,,,,,ES-->VC,ES-->VC,ES-->VC,ES-->VC,ES-->VC,ES-->VC,ES-->VC,ES-->VC,ES-->VC,ES-->VC,ES-->VC,ES-->VC,ES-->VC,ES-->VC,ES-->VC,ES-->VC,ES-->VC,ES-->VC,ES-->VC
WS,WSM,Samoa,Apia,Oceania,Polynesia,,WS-->ES,WS-->ES,WS-->ES,WS-->ES,WS-->ES,WS-->ES,WS-->ES,WS-->ES,WS-->ES,WS-->ES,WS-->ES,WS-->ES,WS-->ES,WS-->ES,WS-->ES,WS-->ES,WS-->ES,WS-->ES,WS-->ES,,,,,,,,,,,,,,,,,ES-->WS,ES-->WS,ES-->WS,ES-->WS,ES-->WS,ES-->WS,ES-->WS,ES-->WS,ES-->WS,ES-->WS,ES-->WS,ES-->WS,ES-->WS,ES-->WS,ES-->WS,ES-->WS,ES-->WS,ES-->WS,ES-->WS
SM,SMR,San Marino,City of San Marino,Europe,Southern Europe,,SM-->ES,SM-->ES,SM-->ES,SM-->ES,SM-->ES,SM-->ES,SM-->ES,SM-->ES,SM-->ES,SM-->ES,SM-->ES,SM-->ES,SM-->ES,SM-->ES,SM-->ES,SM-->ES,SM-->ES,SM-->ES,SM-->ES,,,,,,,,,,,,,,,,,ES-->SM,ES-->SM,ES-->SM,ES-->SM,ES-->SM,ES-->SM,ES-->SM,ES-->SM,ES-->SM,ES-->SM,ES-->SM,ES-->SM,ES-->SM,ES-->SM,ES-->SM,ES-->SM,ES-->SM,ES-->SM,ES-->SM
ST,STP,São Tomé and Príncipe,São Tomé,Africa,Middle Africa,,ST-->ES,ST-->ES,ST-->ES,ST-->ES,ST-->ES,ST-->ES,ST-->ES,ST-->ES,ST-->ES,ST-->ES,ST-->ES,ST-->ES,ST-->ES,ST-->ES,ST-->ES,ST-->ES,ST-->ES,ST-->ES,ST-->ES,,,,,,,,,,,,,,,,,ES-->ST,ES-->ST,ES-->ST,ES-->ST,ES-->ST,ES-->ST,ES-->ST,ES-->ST,ES-->ST,ES-->ST,ES-->ST,ES-->ST,ES-->ST,ES-->ST,ES-->ST,ES-->ST,ES-->ST,ES-->ST,ES-->ST
SA,SAU,Saudi Arabia,Riyadh,Asia,Western Asia,,SA-->ES,SA-->ES,SA-->ES,SA-->ES,SA-->ES,SA-->ES,SA-->ES,SA-->ES,SA-->ES,SA-->ES,SA-->ES,SA-->ES,SA-->ES,SA-->ES,SA-->ES,SA-->ES,SA-->ES,SA-->ES,SA-->ES,,,,,,,,,,,,,,,,,ES-->SA,ES-->SA,ES-->SA,ES-->SA,ES-->SA,ES-->SA,ES-->SA,ES-->SA,ES-->SA,ES-->SA,ES-->SA,ES-->SA,ES-->SA,ES-->SA,ES-->SA,ES-->SA,ES-->SA,ES-->SA,ES-->SA
SN,SEN,Senegal,Dakar,Africa,Western Africa,,SN-->ES,SN-->ES,SN-->ES,SN-->ES,SN-->ES,SN-->ES,SN-->ES,SN-->ES,SN-->ES,SN-->ES,SN-->ES,SN-->ES,SN-->ES,SN-->ES,SN-->ES,SN-->ES,SN-->ES,SN-->ES,SN-->ES,,,,,,,,,,,,,,,,,ES-->SN,ES-->SN,ES-->SN,ES-->SN,ES-->SN,ES-->SN,ES-->SN,ES-->SN,ES-->SN,ES-->SN,ES-->SN,ES-->SN,ES-->SN,ES-->SN,ES-->SN,ES-->SN,ES-->SN,ES-->SN,ES-->SN
RS,SRB,Serbia,Belgrade,Europe,Southern Europe,,RS-->ES,RS-->ES,RS-->ES,RS-->ES,RS-->ES,RS-->ES,RS-->ES,RS-->ES,RS-->ES,RS-->ES,RS-->ES,RS-->ES,RS-->ES,RS-->ES,RS-->ES,RS-->ES,RS-->ES,RS-->ES,RS-->ES,,,,,,,,,,,,,,,,,ES-->RS,ES-->RS,ES-->RS,ES-->RS,ES-->RS,ES-->RS,ES-->RS,ES-->RS,ES-->RS,ES-->RS,ES-->RS,ES-->RS,ES-->RS,ES-->RS,ES-->RS,ES-->RS,ES-->RS,ES-->RS,ES-->RS
SC,SYC,Seychelles,Victoria,Africa,Eastern Africa,,SC-->ES,SC-->ES,SC-->ES,SC-->ES,SC-->ES,SC-->ES,SC-->ES,SC-->ES,SC-->ES,SC-->ES,SC-->ES,SC-->ES,SC-->ES,SC-->ES,SC-->ES,SC-->ES,SC-->ES,SC-->ES,SC-->ES,,,,,,,,,,,,,,,,,ES-->SC,ES-->SC,ES-->SC,ES-->SC,ES-->SC,ES-->SC,ES-->SC,ES-->SC,ES-->SC,ES-->SC,ES-->SC,ES-->SC,ES-->SC,ES-->SC,ES-->SC,ES-->SC,ES-->SC,ES-->SC,ES-->SC
SL,SLE,Sierra Leone,Freetown,Africa,Western Africa,,SL-->ES,SL-->ES,SL-->ES,SL-->ES,SL-->ES,SL-->ES,SL-->ES,SL-->ES,SL-->ES,SL-->ES,SL-->ES,SL-->ES,SL-->ES,SL-->ES,SL-->ES,SL-->ES,SL-->ES,SL-->ES,SL-->ES,,,,,,,,,,,,,,,,,ES-->SL,ES-->SL,ES-->SL,ES-->SL,ES-->SL,ES-->SL,ES-->SL,ES-->SL,ES-->SL,ES-->SL,ES-->SL,ES-->SL,ES-->SL,ES-->SL,ES-->SL,ES-->SL,ES-->SL,ES-->SL,ES-->SL
SG,SGP,Singapore,Singapore,Asia,South-Eastern Asia,,SG-->ES,SG-->ES,SG-->ES,SG-->ES,SG-->ES,SG-->ES,SG-->ES,SG-->ES,SG-->ES,SG-->ES,SG-->ES,SG-->ES,SG-->ES,SG-->ES,SG-->ES,SG-->ES,SG-->ES,SG-->ES,SG-->ES,,,,,,,,,,,,,,,,,ES-->SG,ES-->SG,ES-->SG,ES-->SG,ES-->SG,ES-->SG,ES-->SG,ES-->SG,ES-->SG,ES-->SG,ES-->SG,ES-->SG,ES-->SG,ES-->SG,ES-->SG,ES-->SG,ES-->SG,ES-->SG,ES-->SG
SX,SXM,Sint Maarten,Philipsburg,Americas,Caribbean,,SX-->ES,SX-->ES,SX-->ES,SX-->ES,SX-->ES,SX-->ES,SX-->ES,SX-->ES,SX-->ES,SX-->ES,SX-->ES,SX-->ES,SX-->ES,SX-->ES,SX-->ES,SX-->ES,SX-->ES,SX-->ES,SX-->ES,,,,,,,,,,,,,,,,,ES-->SX,ES-->SX,ES-->SX,ES-->SX,ES-->SX,ES-->SX,ES-->SX,ES-->SX,ES-->SX,ES-->SX,ES-->SX,ES-->SX,ES-->SX,ES-->SX,ES-->SX,ES-->SX,ES-->SX,ES-->SX,ES-->SX
SK,SVK,Slovakia,Bratislava,Europe,Eastern Europe,,SK-->ES,SK-->ES,SK-->ES,SK-->ES,SK-->ES,SK-->ES,SK-->ES,SK-->ES,SK-->ES,SK-->ES,SK-->ES,SK-->ES,SK-->ES,SK-->ES,SK-->ES,SK-->ES,SK-->ES,SK-->ES,SK-->ES,,,,,,,,,,,,,,,,,ES-->SK,ES-->SK,ES-->SK,ES-->SK,ES-->SK,ES-->SK,ES-->SK,ES-->SK,ES-->SK,ES-->SK,ES-->SK,ES-->SK,ES-->SK,ES-->SK,ES-->SK,ES-->SK,ES-->SK,ES-->SK,ES-->SK
SI,SVN,Slovenia,Ljubljana,Europe,Southern Europe,,SI-->ES,SI-->ES,SI-->ES,SI-->ES,SI-->ES,SI-->ES,SI-->ES,SI-->ES,SI-->ES,SI-->ES,SI-->ES,SI-->ES,SI-->ES,SI-->ES,SI-->ES,SI-->ES,SI-->ES,SI-->ES,SI-->ES,,,,,,,,,,,,,,,,,ES-->SI,ES-->SI,ES-->SI,ES-->SI,ES-->SI,ES-->SI,ES-->SI,ES-->SI,ES-->SI,ES-->SI,ES-->SI,ES-->SI,ES-->SI,ES-->SI,ES-->SI,ES-->SI,ES-->SI,ES-->SI,ES-->SI
SB,SLB,Solomon Islands,Honiara,Oceania,Melanesia,,SB-->ES,SB-->ES,SB-->ES,SB-->ES,SB-->ES,SB-->ES,SB-->ES,SB-->ES,SB-->ES,SB-->ES,SB-->ES,SB-->ES,SB-->ES,SB-->ES,SB-->ES,SB-->ES,SB-->ES,SB-->ES,SB-->ES,,,,,,,,,,,,,,,,,ES-->SB,ES-->SB,ES-->SB,ES-->SB,ES-->SB,ES-->SB,ES-->SB,ES-->SB,ES-->SB,ES-->SB,ES-->SB,ES-->SB,ES-->SB,ES-->SB,ES-->SB,ES-->SB,ES-->SB,ES-->SB,ES-->SB
SO,SOM,Somalia,Mogadishu,Africa,Eastern Africa,,SO-->ES,SO-->ES,SO-->ES,SO-->ES,SO-->ES,SO-->ES,SO-->ES,SO-->ES,SO-->ES,SO-->ES,SO-->ES,SO-->ES,SO-->ES,SO-->ES,SO-->ES,SO-->ES,SO-->ES,SO-->ES,SO-->ES,,,,,,,,,,,,,,,,,ES-->SO,ES-->SO,ES-->SO,ES-->SO,ES-->SO,ES-->SO,ES-->SO,ES-->SO,ES-->SO,ES-->SO,ES-->SO,ES-->SO,ES-->SO,ES-->SO,ES-->SO,ES-->SO,ES-->SO,ES-->SO,ES-->SO
ZA,ZAF,South Africa,Pretoria,Africa,Southern Africa,,ZA-->ES,ZA-->ES,ZA-->ES,ZA-->ES,ZA-->ES,ZA-->ES,ZA-->ES,ZA-->ES,ZA-->ES,ZA-->ES,ZA-->ES,ZA-->ES,ZA-->ES,ZA-->ES,ZA-->ES,ZA-->ES,ZA-->ES,ZA-->ES,ZA-->ES,,,,,,,,,,,,,,,,,ES-->ZA,ES-->ZA,ES-->ZA,ES-->ZA,ES-->ZA,ES-->ZA,ES-->ZA,ES-->ZA,ES-->ZA,ES-->ZA,ES-->ZA,ES-->ZA,ES-->ZA,ES-->ZA,ES-->ZA,ES-->ZA,ES-->ZA,ES-->ZA,ES-->ZA
GS,SGS,South Georgia,King Edward Point,Americas,South America,,GS-->ES,GS-->ES,GS-->ES,GS-->ES,GS-->ES,GS-->ES,GS-->ES,GS-->ES,GS-->ES,GS-->ES,GS-->ES,GS-->ES,GS-->ES,GS-->ES,GS-->ES,GS-->ES,GS-->ES,GS-->ES,GS-->ES,,,,,,,,,,,,,,,,,ES-->GS,ES-->GS,ES-->GS,ES-->GS,ES-->GS,ES-->GS,ES-->GS,ES-->GS,ES-->GS,ES-->GS,ES-->GS,ES-->GS,ES-->GS,ES-->GS,ES-->GS,ES-->GS,ES-->GS,ES-->GS,ES-->GS
KR,KOR,South Korea,Seoul,Asia,Eastern Asia,,KR-->ES,KR-->ES,KR-->ES,KR-->ES,KR-->ES,KR-->ES,KR-->ES,KR-->ES,KR-->ES,KR-->ES,KR-->ES,KR-->ES,KR-->ES,KR-->ES,KR-->ES,KR-->ES,KR-->ES,KR-->ES,KR-->ES,,,,,,,,,,,,,,,,,ES-->KR,ES-->KR,ES-->KR,ES-->KR,ES-->KR,ES-->KR,ES-->KR,ES-->KR,ES-->KR,ES-->KR,ES-->KR,ES-->KR,ES-->KR,ES-->KR,ES-->KR,ES-->KR,ES-->KR,ES-->KR,ES-->KR
SS,SSD,South Sudan,Juba,Africa,Middle Africa,,SS-->ES,SS-->ES,SS-->ES,SS-->ES,SS-->ES,SS-->ES,SS-->ES,SS-->ES,SS-->ES,SS-->ES,SS-->ES,SS-->ES,SS-->ES,SS-->ES,SS-->ES,SS-->ES,SS-->ES,SS-->ES,SS-->ES,,,,,,,,,,,,,,,,,ES-->SS,ES-->SS,ES-->SS,ES-->SS,ES-->SS,ES-->SS,ES-->SS,ES-->SS,ES-->SS,ES-->SS,ES-->SS,ES-->SS,ES-->SS,ES-->SS,ES-->SS,ES-->SS,ES-->SS,ES-->SS,ES-->SS
ES,ESP,Spain,Madrid,Europe,Southern Europe,,ES-->ES,ES-->ES,ES-->ES,ES-->ES,ES-->ES,ES-->ES,ES-->ES,ES-->ES,ES-->ES,ES-->ES,ES-->ES,ES-->ES,ES-->ES,ES-->ES,ES-->ES,ES-->ES,ES-->ES,ES-->ES,ES-->ES,,,,,,,,,,,,,,,,,ES-->ES,ES-->ES,ES-->ES,ES-->ES,ES-->ES,ES-->ES,ES-->ES,ES-->ES,ES-->ES,ES-->ES,ES-->ES,ES-->ES,ES-->ES,ES-->ES,ES-->ES,ES-->ES,ES-->ES,ES-->ES,ES-->ES
LK,LKA,Sri Lanka,Colombo,Asia,Southern Asia,,LK-->ES,LK-->ES,LK-->ES,LK-->ES,LK-->ES,LK-->ES,LK-->ES,LK-->ES,LK-->ES,LK-->ES,LK-->ES,LK-->ES,LK-->ES,LK-->ES,LK-->ES,LK-->ES,LK-->ES,LK-->ES,LK-->ES,,,,,,,,,,,,,,,,,ES-->LK,ES-->LK,ES-->LK,ES-->LK,ES-->LK,ES-->LK,ES-->LK,ES-->LK,ES-->LK,ES-->LK,ES-->LK,ES-->LK,ES-->LK,ES-->LK,ES-->LK,ES-->LK,ES-->LK,ES-->LK,ES-->LK
SD,SDN,Sudan,Khartoum,Africa,Northern Africa,,SD-->ES,SD-->ES,SD-->ES,SD-->ES,SD-->ES,SD-->ES,SD-->ES,SD-->ES,SD-->ES,SD-->ES,SD-->ES,SD-->ES,SD-->ES,SD-->ES,SD-->ES,SD-->ES,SD-->ES,SD-->ES,SD-->ES,,,,,,,,,,,,,,,,,ES-->SD,ES-->SD,ES-->SD,ES-->SD,ES-->SD,ES-->SD,ES-->SD,ES-->SD,ES-->SD,ES-->SD,ES-->SD,ES-->SD,ES-->SD,ES-->SD,ES-->SD,ES-->SD,ES-->SD,ES-->SD,ES-->SD
SR,SUR,Suriname,Paramaribo,Americas,South America,,SR-->ES,SR-->ES,SR-->ES,SR-->ES,SR-->ES,SR-->ES,SR-->ES,SR-->ES,SR-->ES,SR-->ES,SR-->ES,SR-->ES,SR-->ES,SR-->ES,SR-->ES,SR-->ES,SR-->ES,SR-->ES,SR-->ES,,,,,,,,,,,,,,,,,ES-->SR,ES-->SR,ES-->SR,ES-->SR,ES-->SR,ES-->SR,ES-->SR,ES-->SR,ES-->SR,ES-->SR,ES-->SR,ES-->SR,ES-->SR,ES-->SR,ES-->SR,ES-->SR,ES-->SR,ES-->SR,ES-->SR
SJ,SJM,Svalbard and Jan Mayen,Longyearbyen,Europe,Northern Europe,,SJ-->ES,SJ-->ES,SJ-->ES,SJ-->ES,SJ-->ES,SJ-->ES,SJ-->ES,SJ-->ES,SJ-->ES,SJ-->ES,SJ-->ES,SJ-->ES,SJ-->ES,SJ-->ES,SJ-->ES,SJ-->ES,SJ-->ES,SJ-->ES,SJ-->ES,,,,,,,,,,,,,,,,,ES-->SJ,ES-->SJ,ES-->SJ,ES-->SJ,ES-->SJ,ES-->SJ,ES-->SJ,ES-->SJ,ES-->SJ,ES-->SJ,ES-->SJ,ES-->SJ,ES-->SJ,ES-->SJ,ES-->SJ,ES-->SJ,ES-->SJ,ES-->SJ,ES-->SJ
SZ,SWZ,Swaziland,Lobamba,Africa,Southern Africa,,SZ-->ES,SZ-->ES,SZ-->ES,SZ-->ES,SZ-->ES,SZ-->ES,SZ-->ES,SZ-->ES,SZ-->ES,SZ-->ES,SZ-->ES,SZ-->ES,SZ-->ES,SZ-->ES,SZ-->ES,SZ-->ES,SZ-->ES,SZ-->ES,SZ-->ES,,,,,,,,,,,,,,,,,ES-->SZ,ES-->SZ,ES-->SZ,ES-->SZ,ES-->SZ,ES-->SZ,ES-->SZ,ES-->SZ,ES-->SZ,ES-->SZ,ES-->SZ,ES-->SZ,ES-->SZ,ES-->SZ,ES-->SZ,ES-->SZ,ES-->SZ,ES-->SZ,ES-->SZ
SE,SWE,Sweden,Stockholm,Europe,Northern Europe,,SE-->ES,SE-->ES,SE-->ES,SE-->ES,SE-->ES,SE-->ES,SE-->ES,SE-->ES,SE-->ES,SE-->ES,SE-->ES,SE-->ES,SE-->ES,SE-->ES,SE-->ES,SE-->ES,SE-->ES,SE-->ES,SE-->ES,,,,,,,,,,,,,,,,,ES-->SE,ES-->SE,ES-->SE,ES-->SE,ES-->SE,ES-->SE,ES-->SE,ES-->SE,ES-->SE,ES-->SE,ES-->SE,ES-->SE,ES-->SE,ES-->SE,ES-->SE,ES-->SE,ES-->SE,ES-->SE,ES-->SE
CH,CHE,Switzerland,Bern,Europe,Western Europe,,CH-->ES,CH-->ES,CH-->ES,CH-->ES,CH-->ES,CH-->ES,CH-->ES,CH-->ES,CH-->ES,CH-->ES,CH-->ES,CH-->ES,CH-->ES,CH-->ES,CH-->ES,CH-->ES,CH-->ES,CH-->ES,CH-->ES,,,,,,,,,,,,,,,,,ES-->CH,ES-->CH,ES-->CH,ES-->CH,ES-->CH,ES-->CH,ES-->CH,ES-->CH,ES-->CH,ES-->CH,ES-->CH,ES-->CH,ES-->CH,ES-->CH,ES-->CH,ES-->CH,ES-->CH,ES-->CH,ES-->CH
SY,SYR,Syria,Damascus,Asia,Western Asia,,SY-->ES,SY-->ES,SY-->ES,SY-->ES,SY-->ES,SY-->ES,SY-->ES,SY-->ES,SY-->ES,SY-->ES,SY-->ES,SY-->ES,SY-->ES,SY-->ES,SY-->ES,SY-->ES,SY-->ES,SY-->ES,SY-->ES,,,,,,,,,,,,,,,,,ES-->SY,ES-->SY,ES-->SY,ES-->SY,ES-->SY,ES-->SY,ES-->SY,ES-->SY,ES-->SY,ES-->SY,ES-->SY,ES-->SY,ES-->SY,ES-->SY,ES-->SY,ES-->SY,ES-->SY,ES-->SY,ES-->SY
TW,TWN,Taiwan,Taipei,Asia,Eastern Asia,,TW-->ES,TW-->ES,TW-->ES,TW-->ES,TW-->ES,TW-->ES,TW-->ES,TW-->ES,TW-->ES,TW-->ES,TW-->ES,TW-->ES,TW-->ES,TW-->ES,TW-->ES,TW-->ES,TW-->ES,TW-->ES,TW-->ES,,,,,,,,,,,,,,,,,ES-->TW,ES-->TW,ES-->TW,ES-->TW,ES-->TW,ES-->TW,ES-->TW,ES-->TW,ES-->TW,ES-->TW,ES-->TW,ES-->TW,ES-->TW,ES-->TW,ES-->TW,ES-->TW,ES-->TW,ES-->TW,ES-->TW
TJ,TJK,Tajikistan,Dushanbe,Asia,Central Asia,,TJ-->ES,TJ-->ES,TJ-->ES,TJ-->ES,TJ-->ES,TJ-->ES,TJ-->ES,TJ-->ES,TJ-->ES,TJ-->ES,TJ-->ES,TJ-->ES,TJ-->ES,TJ-->ES,TJ-->ES,TJ-->ES,TJ-->ES,TJ-->ES,TJ-->ES,,,,,,,,,,,,,,,,,ES-->TJ,ES-->TJ,ES-->TJ,ES-->TJ,ES-->TJ,ES-->TJ,ES-->TJ,ES-->TJ,ES-->TJ,ES-->TJ,ES-->TJ,ES-->TJ,ES-->TJ,ES-->TJ,ES-->TJ,ES-->TJ,ES-->TJ,ES-->TJ,ES-->TJ
TZ,TZA,Tanzania,Dodoma,Africa,Eastern Africa,,TZ-->ES,TZ-->ES,TZ-->ES,TZ-->ES,TZ-->ES,TZ-->ES,TZ-->ES,TZ-->ES,TZ-->ES,TZ-->ES,TZ-->ES,TZ-->ES,TZ-->ES,TZ-->ES,TZ-->ES,TZ-->ES,TZ-->ES,TZ-->ES,TZ-->ES,,,,,,,,,,,,,,,,,ES-->TZ,ES-->TZ,ES-->TZ,ES-->TZ,ES-->TZ,ES-->TZ,ES-->TZ,ES-->TZ,ES-->TZ,ES-->TZ,ES-->TZ,ES-->TZ,ES-->TZ,ES-->TZ,ES-->TZ,ES-->TZ,ES-->TZ,ES-->TZ,ES-->TZ
TH,THA,Thailand,Bangkok,Asia,South-Eastern Asia,,TH-->ES,TH-->ES,TH-->ES,TH-->ES,TH-->ES,TH-->ES,TH-->ES,TH-->ES,TH-->ES,TH-->ES,TH-->ES,TH-->ES,TH-->ES,TH-->ES,TH-->ES,TH-->ES,TH-->ES,TH-->ES,TH-->ES,,,,,,,,,,,,,,,,,ES-->TH,ES-->TH,ES-->TH,ES-->TH,ES-->TH,ES-->TH,ES-->TH,ES-->TH,ES-->TH,ES-->TH,ES-->TH,ES-->TH,ES-->TH,ES-->TH,ES-->TH,ES-->TH,ES-->TH,ES-->TH,ES-->TH
TL,TLS,East Timor,Dili,Asia,South-Eastern Asia,,TL-->ES,TL-->ES,TL-->ES,TL-->ES,TL-->ES,TL-->ES,TL-->ES,TL-->ES,TL-->ES,TL-->ES,TL-->ES,TL-->ES,TL-->ES,TL-->ES,TL-->ES,TL-->ES,TL-->ES,TL-->ES,TL-->ES,,,,,,,,,,,,,,,,,ES-->TL,ES-->TL,ES-->TL,ES-->TL,ES-->TL,ES-->TL,ES-->TL,ES-->TL,ES-->TL,ES-->TL,ES-->TL,ES-->TL,ES-->TL,ES-->TL,ES-->TL,ES-->TL,ES-->TL,ES-->TL,ES-->TL
TG,TGO,Togo,Lomé,Africa,Western Africa,,TG-->ES,TG-->ES,TG-->ES,TG-->ES,TG-->ES,TG-->ES,TG-->ES,TG-->ES,TG-->ES,TG-->ES,TG-->ES,TG-->ES,TG-->ES,TG-->ES,TG-->ES,TG-->ES,TG-->ES,TG-->ES,TG-->ES,,,,,,,,,,,,,,,,,ES-->TG,ES-->TG,ES-->TG,ES-->TG,ES-->TG,ES-->TG,ES-->TG,ES-->TG,ES-->TG,ES-->TG,ES-->TG,ES-->TG,ES-->TG,ES-->TG,ES-->TG,ES-->TG,ES-->TG,ES-->TG,ES-->TG
TK,TKL,Tokelau,Fakaofo,Oceania,Polynesia,,TK-->ES,TK-->ES,TK-->ES,TK-->ES,TK-->ES,TK-->ES,TK-->ES,TK-->ES,TK-->ES,TK-->ES,TK-->ES,TK-->ES,TK-->ES,TK-->ES,TK-->ES,TK-->ES,TK-->ES,TK-->ES,TK-->ES,,,,,,,,,,,,,,,,,ES-->TK,ES-->TK,ES-->TK,ES-->TK,ES-->TK,ES-->TK,ES-->TK,ES-->TK,ES-->TK,ES-->TK,ES-->TK,ES-->TK,ES-->TK,ES-->TK,ES-->TK,ES-->TK,ES-->TK,ES-->TK,ES-->TK
TO,TON,Tonga,Nuku'alofa,Oceania,Polynesia,,TO-->ES,TO-->ES,TO-->ES,TO-->ES,TO-->ES,TO-->ES,TO-->ES,TO-->ES,TO-->ES,TO-->ES,TO-->ES,TO-->ES,TO-->ES,TO-->ES,TO-->ES,TO-->ES,TO-->ES,TO-->ES,TO-->ES,,,,,,,,,,,,,,,,,ES-->TO,ES-->TO,ES-->TO,ES-->TO,ES-->TO,ES-->TO,ES-->TO,ES-->TO,ES-->TO,ES-->TO,ES-->TO,ES-->TO,ES-->TO,ES-->TO,ES-->TO,ES-->TO,ES-->TO,ES-->TO,ES-->TO
TT,TTO,Trinidad and Tobago,Port of Spain,Americas,Caribbean,,TT-->ES,TT-->ES,TT-->ES,TT-->ES,TT-->ES,TT-->ES,TT-->ES,TT-->ES,TT-->ES,TT-->ES,TT-->ES,TT-->ES,TT-->ES,TT-->ES,TT-->ES,TT-->ES,TT-->ES,TT-->ES,TT-->ES,,,,,,,,,,,,,,,,,ES-->TT,ES-->TT,ES-->TT,ES-->TT,ES-->TT,ES-->TT,ES-->TT,ES-->TT,ES-->TT,ES-->TT,ES-->TT,ES-->TT,ES-->TT,ES-->TT,ES-->TT,ES-->TT,ES-->TT,ES-->TT,ES-->TT
TN,TUN,Tunisia,Tunis,Africa,Northern Africa,,TN-->ES,TN-->ES,TN-->ES,TN-->ES,TN-->ES,TN-->ES,TN-->ES,TN-->ES,TN-->ES,TN-->ES,TN-->ES,TN-->ES,TN-->ES,TN-->ES,TN-->ES,TN-->ES,TN-->ES,TN-->ES,TN-->ES,,,,,,,,,,,,,,,,,ES-->TN,ES-->TN,ES-->TN,ES-->TN,ES-->TN,ES-->TN,ES-->TN,ES-->TN,ES-->TN,ES-->TN,ES-->TN,ES-->TN,ES-->TN,ES-->TN,ES-->TN,ES-->TN,ES-->TN,ES-->TN,ES-->TN
TR,TUR,Turkey,Ankara,Asia,Western Asia,,TR-->ES,TR-->ES,TR-->ES,TR-->ES,TR-->ES,TR-->ES,TR-->ES,TR-->ES,TR-->ES,TR-->ES,TR-->ES,TR-->ES,TR-->ES,TR-->ES,TR-->ES,TR-->ES,TR-->ES,TR-->ES,TR-->ES,,,,,,,,,,,,,,,,,ES-->TR,ES-->TR,ES-->TR,ES-->TR,ES-->TR,ES-->TR,ES-->TR,ES-->TR,ES-->TR,ES-->TR,ES-->TR,ES-->TR,ES-->TR,ES-->TR,ES-->TR,ES-->TR,ES-->TR,ES-->TR,ES-->TR
TM,TKM,Turkmenistan,Ashgabat,Asia,Central Asia,,TM-->ES,TM-->ES,TM-->ES,TM-->ES,TM-->ES,TM-->ES,TM-->ES,TM-->ES,TM-->ES,TM-->ES,TM-->ES,TM-->ES,TM-->ES,TM-->ES,TM-->ES,TM-->ES,TM-->ES,TM-->ES,TM-->ES,,,,,,,,,,,,,,,,,ES-->TM,ES-->TM,ES-->TM,ES-->TM,ES-->TM,ES-->TM,ES-->TM,ES-->TM,ES-->TM,ES-->TM,ES-->TM,ES-->TM,ES-->TM,ES-->TM,ES-->TM,ES-->TM,ES-->TM,ES-->TM,ES-->TM
TC,TCA,Turks and Caicos Islands,Cockburn Town,Americas,Caribbean,,TC-->ES,TC-->ES,TC-->ES,TC-->ES,TC-->ES,TC-->ES,TC-->ES,TC-->ES,TC-->ES,TC-->ES,TC-->ES,TC-->ES,TC-->ES,TC-->ES,TC-->ES,TC-->ES,TC-->ES,TC-->ES,TC-->ES,,,,,,,,,,,,,,,,,ES-->TC,ES-->TC,ES-->TC,ES-->TC,ES-->TC,ES-->TC,ES-->TC,ES-->TC,ES-->TC,ES-->TC,ES-->TC,ES-->TC,ES-->TC,ES-->TC,ES-->TC,ES-->TC,ES-->TC,ES-->TC,ES-->TC
TV,TUV,Tuvalu,Funafuti,Oceania,Polynesia,,TV-->ES,TV-->ES,TV-->ES,TV-->ES,TV-->ES,TV-->ES,TV-->ES,TV-->ES,TV-->ES,TV-->ES,TV-->ES,TV-->ES,TV-->ES,TV-->ES,TV-->ES,TV-->ES,TV-->ES,TV-->ES,TV-->ES,,,,,,,,,,,,,,,,,ES-->TV,ES-->TV,ES-->TV,ES-->TV,ES-->TV,ES-->TV,ES-->TV,ES-->TV,ES-->TV,ES-->TV,ES-->TV,ES-->TV,ES-->TV,ES-->TV,ES-->TV,ES-->TV,ES-->TV,ES-->TV,ES-->TV
UG,UGA,Uganda,Kampala,Africa,Eastern Africa,,UG-->ES,UG-->ES,UG-->ES,UG-->ES,UG-->ES,UG-->ES,UG-->ES,UG-->ES,UG-->ES,UG-->ES,UG-->ES,UG-->ES,UG-->ES,UG-->ES,UG-->ES,UG-->ES,UG-->ES,UG-->ES,UG-->ES,,,,,,,,,,,,,,,,,ES-->UG,ES-->UG,ES-->UG,ES-->UG,ES-->UG,ES-->UG,ES-->UG,ES-->UG,ES-->UG,ES-->UG,ES-->UG,ES-->UG,ES-->UG,ES-->UG,ES-->UG,ES-->UG,ES-->UG,ES-->UG,ES-->UG
UA,UKR,Ukraine,Kiev,Europe,Eastern Europe,,UA-->ES,UA-->ES,UA-->ES,UA-->ES,UA-->ES,UA-->ES,UA-->ES,UA-->ES,UA-->ES,UA-->ES,UA-->ES,UA-->ES,UA-->ES,UA-->ES,UA-->ES,UA-->ES,UA-->ES,UA-->ES,UA-->ES,,,,,,,,,,,,,,,,,ES-->UA,ES-->UA,ES-->UA,ES-->UA,ES-->UA,ES-->UA,ES-->UA,ES-->UA,ES-->UA,ES-->UA,ES-->UA,ES-->UA,ES-->UA,ES-->UA,ES-->UA,ES-->UA,ES-->UA,ES-->UA,ES-->UA
AE,ARE,United Arab Emirates,Abu Dhabi,Asia,Western Asia,,AE-->ES,AE-->ES,AE-->ES,AE-->ES,AE-->ES,AE-->ES,AE-->ES,AE-->ES,AE-->ES,AE-->ES,AE-->ES,AE-->ES,AE-->ES,AE-->ES,AE-->ES,AE-->ES,AE-->ES,AE-->ES,AE-->ES,,,,,,,,,,,,,,,,,ES-->AE,ES-->AE,ES-->AE,ES-->AE,ES-->AE,ES-->AE,ES-->AE,ES-->AE,ES-->AE,ES-->AE,ES-->AE,ES-->AE,ES-->AE,ES-->AE,ES-->AE,ES-->AE,ES-->AE,ES-->AE,ES-->AE
GB,GBR,United Kingdom,London,Europe,Northern Europe,,GB-->ES,GB-->ES,GB-->ES,GB-->ES,GB-->ES,GB-->ES,GB-->ES,GB-->ES,GB-->ES,GB-->ES,GB-->ES,GB-->ES,GB-->ES,GB-->ES,GB-->ES,GB-->ES,GB-->ES,GB-->ES,GB-->ES,,,,,,,,,,,,,,,,,ES-->GB,ES-->GB,ES-->GB,ES-->GB,ES-->GB,ES-->GB,ES-->GB,ES-->GB,ES-->GB,ES-->GB,ES-->GB,ES-->GB,ES-->GB,ES-->GB,ES-->GB,ES-->GB,ES-->GB,ES-->GB,ES-->GB
US,USA,United States,"Washington, D.C.",Americas,Northern America,,US-->ES,US-->ES,US-->ES,US-->ES,US-->ES,US-->ES,US-->ES,US-->ES,US-->ES,US-->ES,US-->ES,US-->ES,US-->ES,US-->ES,US-->ES,US-->ES,US-->ES,US-->ES,US-->ES,,,,,,,,,,,,,,,,,ES-->US,ES-->US,ES-->US,ES-->US,ES-->US,ES-->US,ES-->US,ES-->US,ES-->US,ES-->US,ES-->US,ES-->US,ES-->US,ES-->US,ES-->US,ES-->US,ES-->US,ES-->US,ES-->US
UY,URY,Uruguay,Montevideo,Americas,South America,,UY-->ES,UY-->ES,UY-->ES,UY-->ES,UY-->ES,UY-->ES,UY-->ES,UY-->ES,UY-->ES,UY-->ES,UY-->ES,UY-->ES,UY-->ES,UY-->ES,UY-->ES,UY-->ES,UY-->ES,UY-->ES,UY-->ES,,,,,,,,,,,,,,,,,ES-->UY,ES-->UY,ES-->UY,ES-->UY,ES-->UY,ES-->UY,ES-->UY,ES-->UY,ES-->UY,ES-->UY,ES-->UY,ES-->UY,ES-->UY,ES-->UY,ES-->UY,ES-->UY,ES-->UY,ES-->UY,ES-->UY
UZ,UZB,Uzbekistan,Tashkent,Asia,Central Asia,,UZ-->ES,UZ-->ES,UZ-->ES,UZ-->ES,UZ-->ES,UZ-->ES,UZ-->ES,UZ-->ES,UZ-->ES,UZ-->ES,UZ-->ES,UZ-->ES,UZ-->ES,UZ-->ES,UZ-->ES,UZ-->ES,UZ-->ES,UZ-->ES,UZ-->ES,,,,,,,,,,,,,,,,,ES-->UZ,ES-->UZ,ES-->UZ,ES-->UZ,ES-->UZ,ES-->UZ,ES-->UZ,ES-->UZ,ES-->UZ,ES-->UZ,ES-->UZ,ES-->UZ,ES-->UZ,ES-->UZ,ES-->UZ,ES-->UZ,ES-->UZ,ES-->UZ,ES-->UZ
VU,VUT,Vanuatu,Port Vila,Oceania,Melanesia,,VU-->ES,VU-->ES,VU-->ES,VU-->ES,VU-->ES,VU-->ES,VU-->ES,VU-->ES,VU-->ES,VU-->ES,VU-->ES,VU-->ES,VU-->ES,VU-->ES,VU-->ES,VU-->ES,VU-->ES,VU-->ES,VU-->ES,,,,,,,,,,,,,,,,,ES-->VU,ES-->VU,ES-->VU,ES-->VU,ES-->VU,ES-->VU,ES-->VU,ES-->VU,ES-->VU,ES-->VU,ES-->VU,ES-->VU,ES-->VU,ES-->VU,ES-->VU,ES-->VU,ES-->VU,ES-->VU,ES-->VU
VE,VEN,Venezuela,Caracas,Americas,South America,,VE-->ES,VE-->ES,VE-->ES,VE-->ES,VE-->ES,VE-->ES,VE-->ES,VE-->ES,VE-->ES,VE-->ES,VE-->ES,VE-->ES,VE-->ES,VE-->ES,VE-->ES,VE-->ES,VE-->ES,VE-->ES,VE-->ES,,,,,,,,,,,,,,,,,ES-->VE,ES-->VE,ES-->VE,ES-->VE,ES-->VE,ES-->VE,ES-->VE,ES-->VE,ES-->VE,ES-->VE,ES-->VE,ES-->VE,ES-->VE,ES-->VE,ES-->VE,ES-->VE,ES-->VE,ES-->VE,ES-->VE
VN,VNM,Vietnam,Hanoi,Asia,South-Eastern Asia,,VN-->ES,VN-->ES,VN-->ES,VN-->ES,VN-->ES,VN-->ES,VN-->ES,VN-->ES,VN-->ES,VN-->ES,VN-->ES,VN-->ES,VN-->ES,VN-->ES,VN-->ES,VN-->ES,VN-->ES,VN-->ES,VN-->ES,,,,,,,,,,,,,,,,,ES-->VN,ES-->VN,ES-->VN,ES-->VN,ES-->VN,ES-->VN,ES-->VN,ES-->VN,ES-->VN,ES-->VN,ES-->VN,ES-->VN,ES-->VN,ES-->VN,ES-->VN,ES-->VN,ES-->VN,ES-->VN,ES-->VN
WF,WLF,Wallis and Futuna,Mata-Utu,Oceania,Polynesia,,WF-->ES,WF-->ES,WF-->ES,WF-->ES,WF-->ES,WF-->ES,WF-->ES,WF-->ES,WF-->ES,WF-->ES,WF-->ES,WF-->ES,WF-->ES,WF-->ES,WF-->ES,WF-->ES,WF-->ES,WF-->ES,WF-->ES,,,,,,,,,,,,,,,,,ES-->WF,ES-->WF,ES-->WF,ES-->WF,ES-->WF,ES-->WF,ES-->WF,ES-->WF,ES-->WF,ES-->WF,ES-->WF,ES-->WF,ES-->WF,ES-->WF,ES-->WF,ES-->WF,ES-->WF,ES-->WF,ES-->WF
EH,ESH,Western Sahara,El Aaiún,Africa,Northern Africa,,EH-->ES,EH-->ES,EH-->ES,EH-->ES,EH-->ES,EH-->ES,EH-->ES,EH-->ES,EH-->ES,EH-->ES,EH-->ES,EH-->ES,EH-->ES,EH-->ES,EH-->ES,EH-->ES,EH-->ES,EH-->ES,EH-->ES,,,,,,,,,,,,,,,,,ES-->EH,ES-->EH,ES-->EH,ES-->EH,ES-->EH,ES-->EH,ES-->EH,ES-->EH,ES-->EH,ES-->EH,ES-->EH,ES-->EH,ES-->EH,ES-->EH,ES-->EH,ES-->EH,ES-->EH,ES-->EH,ES-->EH
YE,YEM,Yemen,Sana'a,Asia,Western Asia,,YE-->ES,YE-->ES,YE-->ES,YE-->ES,YE-->ES,YE-->ES,YE-->ES,YE-->ES,YE-->ES,YE-->ES,YE-->ES,YE-->ES,YE-->ES,YE-->ES,YE-->ES,YE-->ES,YE-->ES,YE-->ES,YE-->ES,,,,,,,,,,,,,,,,,ES-->YE,ES-->YE,ES-->YE,ES-->YE,ES-->YE,ES-->YE,ES-->YE,ES-->YE,ES-->YE,ES-->YE,ES-->YE,ES-->YE,ES-->YE,ES-->YE,ES-->YE,ES-->YE,ES-->YE,ES-->YE,ES-->YE
ZM,ZMB,Zambia,Lusaka,Africa,Eastern Africa,,ZM-->ES,ZM-->ES,ZM-->ES,ZM-->ES,ZM-->ES,ZM-->ES,ZM-->ES,ZM-->ES,ZM-->ES,ZM-->ES,ZM-->ES,ZM-->ES,ZM-->ES,ZM-->ES,ZM-->ES,ZM-->ES,ZM-->ES,ZM-->ES,ZM-->ES,,,,,,,,,,,,,,,,,ES-->ZM,ES-->ZM,ES-->ZM,ES-->ZM,ES-->ZM,ES-->ZM,ES-->ZM,ES-->ZM,ES-->ZM,ES-->ZM,ES-->ZM,ES-->ZM,ES-->ZM,ES-->ZM,ES-->ZM,ES-->ZM,ES-->ZM,ES-->ZM,ES-->ZM
ZW,ZWE,Zimbabwe,Harare,Africa,Eastern Africa,,ZW-->ES,ZW-->ES,ZW-->ES,ZW-->ES,ZW-->ES,ZW-->ES,ZW-->ES,ZW-->ES,ZW-->ES,ZW-->ES,ZW-->ES,ZW-->ES,ZW-->ES,ZW-->ES,ZW-->ES,ZW-->ES,ZW-->ES,ZW-->ES,ZW-->ES,,,,,,,,,,,,,,,,,ES-->ZW,ES-->ZW,ES-->ZW,ES-->ZW,ES-->ZW,ES-->ZW,ES-->ZW,ES-->ZW,ES-->ZW,ES-->ZW,ES-->ZW,ES-->ZW,ES-->ZW,ES-->ZW,ES-->ZW,ES-->ZW,ES-->ZW,ES-->ZW,ES-->ZW
