nu,code,name,capital,region,subregion,Unnamed: 6,quara/into/where/e,quara/into/where/v,quara/into/where/uv,quara/into/min/e,quara/into/min/v,quara/into/min/uv,quara/into/max/e,quara/into/max/v,quara/into/max/uv,quara/into/comment,test/into/pcr/e,test/into/pcr/v,test/into/pcr/uv,test/into/ag/e,test/into/ag/v,test/into/ag/uv,test/into/comment,visa/into,visa/into/comment,loadStates/into,Unnamed: 27,Unnamed: 28,Unnamed: 29,Unnamed: 30,Unnamed: 31,Unnamed: 32,Unnamed: 33,Unnamed: 34,Unnamed: 35,Unnamed: 36,Unnamed: 37,Unnamed: 38,Unnamed: 39,Unnamed: 40,Unnamed: 41,quara/out/where/e,quara/out/where/v,quara/out/where/uv,quara/out/min/e,quara/out/min/v,quara/out/min/uv,quara/out/max/e,quara/out/max/v,quara/out/max/uv,quara/out/comment,test/out/pcr/e,test/out/pcr/v,test/out/pcr/uv,test/out/ag/e,test/out/ag/v,test/out/ag/uv,test/out/comment,visa/out,visa/out/comment
AF,AFG,Afghanistan,Kabul,Asia,Southern Asia,,AF-->LT,AF-->LT,AF-->LT,AF-->LT,AF-->LT,AF-->LT,AF-->LT,AF-->LT,AF-->LT,AF-->LT,AF-->LT,AF-->LT,AF-->LT,AF-->LT,AF-->LT,AF-->LT,AF-->LT,AF-->LT,AF-->LT,,,,,,,,,,,,,,,,,LT-->AF,LT-->AF,LT-->AF,LT-->AF,LT-->AF,LT-->AF,LT-->AF,LT-->AF,LT-->AF,LT-->AF,LT-->AF,LT-->AF,LT-->AF,LT-->AF,LT-->AF,LT-->AF,LT-->AF,LT-->AF,LT-->AF
AX,ALA,Åland Islands,Mariehamn,Europe,Northern Europe,,AX-->LT,AX-->LT,AX-->LT,AX-->LT,AX-->LT,AX-->LT,AX-->LT,AX-->LT,AX-->LT,AX-->LT,AX-->LT,AX-->LT,AX-->LT,AX-->LT,AX-->LT,AX-->LT,AX-->LT,AX-->LT,AX-->LT,,,,,,,,,,,,,,,,,LT-->AX,LT-->AX,LT-->AX,LT-->AX,LT-->AX,LT-->AX,LT-->AX,LT-->AX,LT-->AX,LT-->AX,LT-->AX,LT-->AX,LT-->AX,LT-->AX,LT-->AX,LT-->AX,LT-->AX,LT-->AX,LT-->AX
AL,ALB,Albania,Tirana,Europe,Southern Europe,,AL-->LT,AL-->LT,AL-->LT,AL-->LT,AL-->LT,AL-->LT,AL-->LT,AL-->LT,AL-->LT,AL-->LT,AL-->LT,AL-->LT,AL-->LT,AL-->LT,AL-->LT,AL-->LT,AL-->LT,AL-->LT,AL-->LT,,,,,,,,,,,,,,,,,LT-->AL,LT-->AL,LT-->AL,LT-->AL,LT-->AL,LT-->AL,LT-->AL,LT-->AL,LT-->AL,LT-->AL,LT-->AL,LT-->AL,LT-->AL,LT-->AL,LT-->AL,LT-->AL,LT-->AL,LT-->AL,LT-->AL
DZ,DZA,Algeria,Algiers,Africa,Northern Africa,,DZ-->LT,DZ-->LT,DZ-->LT,DZ-->LT,DZ-->LT,DZ-->LT,DZ-->LT,DZ-->LT,DZ-->LT,DZ-->LT,DZ-->LT,DZ-->LT,DZ-->LT,DZ-->LT,DZ-->LT,DZ-->LT,DZ-->LT,DZ-->LT,DZ-->LT,,,,,,,,,,,,,,,,,LT-->DZ,LT-->DZ,LT-->DZ,LT-->DZ,LT-->DZ,LT-->DZ,LT-->DZ,LT-->DZ,LT-->DZ,LT-->DZ,LT-->DZ,LT-->DZ,LT-->DZ,LT-->DZ,LT-->DZ,LT-->DZ,LT-->DZ,LT-->DZ,LT-->DZ
AS,ASM,American Samoa,Pago Pago,Oceania,Polynesia,,AS-->LT,AS-->LT,AS-->LT,AS-->LT,AS-->LT,AS-->LT,AS-->LT,AS-->LT,AS-->LT,AS-->LT,AS-->LT,AS-->LT,AS-->LT,AS-->LT,AS-->LT,AS-->LT,AS-->LT,AS-->LT,AS-->LT,,,,,,,,,,,,,,,,,LT-->AS,LT-->AS,LT-->AS,LT-->AS,LT-->AS,LT-->AS,LT-->AS,LT-->AS,LT-->AS,LT-->AS,LT-->AS,LT-->AS,LT-->AS,LT-->AS,LT-->AS,LT-->AS,LT-->AS,LT-->AS,LT-->AS
AD,AND,Andorra,Andorra la Vella,Europe,Southern Europe,,AD-->LT,AD-->LT,AD-->LT,AD-->LT,AD-->LT,AD-->LT,AD-->LT,AD-->LT,AD-->LT,AD-->LT,AD-->LT,AD-->LT,AD-->LT,AD-->LT,AD-->LT,AD-->LT,AD-->LT,AD-->LT,AD-->LT,,,,,,,,,,,,,,,,,LT-->AD,LT-->AD,LT-->AD,LT-->AD,LT-->AD,LT-->AD,LT-->AD,LT-->AD,LT-->AD,LT-->AD,LT-->AD,LT-->AD,LT-->AD,LT-->AD,LT-->AD,LT-->AD,LT-->AD,LT-->AD,LT-->AD
AO,AGO,Angola,Luanda,Africa,Middle Africa,,AO-->LT,AO-->LT,AO-->LT,AO-->LT,AO-->LT,AO-->LT,AO-->LT,AO-->LT,AO-->LT,AO-->LT,AO-->LT,AO-->LT,AO-->LT,AO-->LT,AO-->LT,AO-->LT,AO-->LT,AO-->LT,AO-->LT,,,,,,,,,,,,,,,,,LT-->AO,LT-->AO,LT-->AO,LT-->AO,LT-->AO,LT-->AO,LT-->AO,LT-->AO,LT-->AO,LT-->AO,LT-->AO,LT-->AO,LT-->AO,LT-->AO,LT-->AO,LT-->AO,LT-->AO,LT-->AO,LT-->AO
AI,AIA,Anguilla,The Valley,Americas,Caribbean,,AI-->LT,AI-->LT,AI-->LT,AI-->LT,AI-->LT,AI-->LT,AI-->LT,AI-->LT,AI-->LT,AI-->LT,AI-->LT,AI-->LT,AI-->LT,AI-->LT,AI-->LT,AI-->LT,AI-->LT,AI-->LT,AI-->LT,,,,,,,,,,,,,,,,,LT-->AI,LT-->AI,LT-->AI,LT-->AI,LT-->AI,LT-->AI,LT-->AI,LT-->AI,LT-->AI,LT-->AI,LT-->AI,LT-->AI,LT-->AI,LT-->AI,LT-->AI,LT-->AI,LT-->AI,LT-->AI,LT-->AI
AQ,ATA,Antarctica,,Polar,,,AQ-->LT,AQ-->LT,AQ-->LT,AQ-->LT,AQ-->LT,AQ-->LT,AQ-->LT,AQ-->LT,AQ-->LT,AQ-->LT,AQ-->LT,AQ-->LT,AQ-->LT,AQ-->LT,AQ-->LT,AQ-->LT,AQ-->LT,AQ-->LT,AQ-->LT,,,,,,,,,,,,,,,,,LT-->AQ,LT-->AQ,LT-->AQ,LT-->AQ,LT-->AQ,LT-->AQ,LT-->AQ,LT-->AQ,LT-->AQ,LT-->AQ,LT-->AQ,LT-->AQ,LT-->AQ,LT-->AQ,LT-->AQ,LT-->AQ,LT-->AQ,LT-->AQ,LT-->AQ
AG,ATG,Antigua and Barbuda,Saint John's,Americas,Caribbean,,AG-->LT,AG-->LT,AG-->LT,AG-->LT,AG-->LT,AG-->LT,AG-->LT,AG-->LT,AG-->LT,AG-->LT,AG-->LT,AG-->LT,AG-->LT,AG-->LT,AG-->LT,AG-->LT,AG-->LT,AG-->LT,AG-->LT,,,,,,,,,,,,,,,,,LT-->AG,LT-->AG,LT-->AG,LT-->AG,LT-->AG,LT-->AG,LT-->AG,LT-->AG,LT-->AG,LT-->AG,LT-->AG,LT-->AG,LT-->AG,LT-->AG,LT-->AG,LT-->AG,LT-->AG,LT-->AG,LT-->AG
AR,ARG,Argentina,Buenos Aires,Americas,South America,,AR-->LT,AR-->LT,AR-->LT,AR-->LT,AR-->LT,AR-->LT,AR-->LT,AR-->LT,AR-->LT,AR-->LT,AR-->LT,AR-->LT,AR-->LT,AR-->LT,AR-->LT,AR-->LT,AR-->LT,AR-->LT,AR-->LT,,,,,,,,,,,,,,,,,LT-->AR,LT-->AR,LT-->AR,LT-->AR,LT-->AR,LT-->AR,LT-->AR,LT-->AR,LT-->AR,LT-->AR,LT-->AR,LT-->AR,LT-->AR,LT-->AR,LT-->AR,LT-->AR,LT-->AR,LT-->AR,LT-->AR
AM,ARM,Armenia,Yerevan,Asia,Western Asia,,AM-->LT,AM-->LT,AM-->LT,AM-->LT,AM-->LT,AM-->LT,AM-->LT,AM-->LT,AM-->LT,AM-->LT,AM-->LT,AM-->LT,AM-->LT,AM-->LT,AM-->LT,AM-->LT,AM-->LT,AM-->LT,AM-->LT,,,,,,,,,,,,,,,,,LT-->AM,LT-->AM,LT-->AM,LT-->AM,LT-->AM,LT-->AM,LT-->AM,LT-->AM,LT-->AM,LT-->AM,LT-->AM,LT-->AM,LT-->AM,LT-->AM,LT-->AM,LT-->AM,LT-->AM,LT-->AM,LT-->AM
AW,ABW,Aruba,Oranjestad,Americas,Caribbean,,AW-->LT,AW-->LT,AW-->LT,AW-->LT,AW-->LT,AW-->LT,AW-->LT,AW-->LT,AW-->LT,AW-->LT,AW-->LT,AW-->LT,AW-->LT,AW-->LT,AW-->LT,AW-->LT,AW-->LT,AW-->LT,AW-->LT,,,,,,,,,,,,,,,,,LT-->AW,LT-->AW,LT-->AW,LT-->AW,LT-->AW,LT-->AW,LT-->AW,LT-->AW,LT-->AW,LT-->AW,LT-->AW,LT-->AW,LT-->AW,LT-->AW,LT-->AW,LT-->AW,LT-->AW,LT-->AW,LT-->AW
AU,AUS,Australia,Canberra,Oceania,Australia and New Zealand,,AU-->LT,AU-->LT,AU-->LT,AU-->LT,AU-->LT,AU-->LT,AU-->LT,AU-->LT,AU-->LT,AU-->LT,AU-->LT,AU-->LT,AU-->LT,AU-->LT,AU-->LT,AU-->LT,AU-->LT,AU-->LT,AU-->LT,,,,,,,,,,,,,,,,,LT-->AU,LT-->AU,LT-->AU,LT-->AU,LT-->AU,LT-->AU,LT-->AU,LT-->AU,LT-->AU,LT-->AU,LT-->AU,LT-->AU,LT-->AU,LT-->AU,LT-->AU,LT-->AU,LT-->AU,LT-->AU,LT-->AU
AT,AUT,Austria,Vienna,Europe,Western Europe,,AT-->LT,AT-->LT,AT-->LT,AT-->LT,AT-->LT,AT-->LT,AT-->LT,AT-->LT,AT-->LT,AT-->LT,AT-->LT,AT-->LT,AT-->LT,AT-->LT,AT-->LT,AT-->LT,AT-->LT,AT-->LT,AT-->LT,,,,,,,,,,,,,,,,,LT-->AT,LT-->AT,LT-->AT,LT-->AT,LT-->AT,LT-->AT,LT-->AT,LT-->AT,LT-->AT,LT-->AT,LT-->AT,LT-->AT,LT-->AT,LT-->AT,LT-->AT,LT-->AT,LT-->AT,LT-->AT,LT-->AT
AZ,AZE,Azerbaijan,Baku,Asia,Western Asia,,AZ-->LT,AZ-->LT,AZ-->LT,AZ-->LT,AZ-->LT,AZ-->LT,AZ-->LT,AZ-->LT,AZ-->LT,AZ-->LT,AZ-->LT,AZ-->LT,AZ-->LT,AZ-->LT,AZ-->LT,AZ-->LT,AZ-->LT,AZ-->LT,AZ-->LT,,,,,,,,,,,,,,,,,LT-->AZ,LT-->AZ,LT-->AZ,LT-->AZ,LT-->AZ,LT-->AZ,LT-->AZ,LT-->AZ,LT-->AZ,LT-->AZ,LT-->AZ,LT-->AZ,LT-->AZ,LT-->AZ,LT-->AZ,LT-->AZ,LT-->AZ,LT-->AZ,LT-->AZ
BS,BHS,The Bahamas,Nassau,Americas,Caribbean,,BS-->LT,BS-->LT,BS-->LT,BS-->LT,BS-->LT,BS-->LT,BS-->LT,BS-->LT,BS-->LT,BS-->LT,BS-->LT,BS-->LT,BS-->LT,BS-->LT,BS-->LT,BS-->LT,BS-->LT,BS-->LT,BS-->LT,,,,,,,,,,,,,,,,,LT-->BS,LT-->BS,LT-->BS,LT-->BS,LT-->BS,LT-->BS,LT-->BS,LT-->BS,LT-->BS,LT-->BS,LT-->BS,LT-->BS,LT-->BS,LT-->BS,LT-->BS,LT-->BS,LT-->BS,LT-->BS,LT-->BS
BH,BHR,Bahrain,Manama,Asia,Western Asia,,BH-->LT,BH-->LT,BH-->LT,BH-->LT,BH-->LT,BH-->LT,BH-->LT,BH-->LT,BH-->LT,BH-->LT,BH-->LT,BH-->LT,BH-->LT,BH-->LT,BH-->LT,BH-->LT,BH-->LT,BH-->LT,BH-->LT,,,,,,,,,,,,,,,,,LT-->BH,LT-->BH,LT-->BH,LT-->BH,LT-->BH,LT-->BH,LT-->BH,LT-->BH,LT-->BH,LT-->BH,LT-->BH,LT-->BH,LT-->BH,LT-->BH,LT-->BH,LT-->BH,LT-->BH,LT-->BH,LT-->BH
BD,BGD,Bangladesh,Dhaka,Asia,Southern Asia,,BD-->LT,BD-->LT,BD-->LT,BD-->LT,BD-->LT,BD-->LT,BD-->LT,BD-->LT,BD-->LT,BD-->LT,BD-->LT,BD-->LT,BD-->LT,BD-->LT,BD-->LT,BD-->LT,BD-->LT,BD-->LT,BD-->LT,,,,,,,,,,,,,,,,,LT-->BD,LT-->BD,LT-->BD,LT-->BD,LT-->BD,LT-->BD,LT-->BD,LT-->BD,LT-->BD,LT-->BD,LT-->BD,LT-->BD,LT-->BD,LT-->BD,LT-->BD,LT-->BD,LT-->BD,LT-->BD,LT-->BD
BB,BRB,Barbados,Bridgetown,Americas,Caribbean,,BB-->LT,BB-->LT,BB-->LT,BB-->LT,BB-->LT,BB-->LT,BB-->LT,BB-->LT,BB-->LT,BB-->LT,BB-->LT,BB-->LT,BB-->LT,BB-->LT,BB-->LT,BB-->LT,BB-->LT,BB-->LT,BB-->LT,,,,,,,,,,,,,,,,,LT-->BB,LT-->BB,LT-->BB,LT-->BB,LT-->BB,LT-->BB,LT-->BB,LT-->BB,LT-->BB,LT-->BB,LT-->BB,LT-->BB,LT-->BB,LT-->BB,LT-->BB,LT-->BB,LT-->BB,LT-->BB,LT-->BB
BY,BLR,Belarus,Minsk,Europe,Eastern Europe,,BY-->LT,BY-->LT,BY-->LT,BY-->LT,BY-->LT,BY-->LT,BY-->LT,BY-->LT,BY-->LT,BY-->LT,BY-->LT,BY-->LT,BY-->LT,BY-->LT,BY-->LT,BY-->LT,BY-->LT,BY-->LT,BY-->LT,,,,,,,,,,,,,,,,,LT-->BY,LT-->BY,LT-->BY,LT-->BY,LT-->BY,LT-->BY,LT-->BY,LT-->BY,LT-->BY,LT-->BY,LT-->BY,LT-->BY,LT-->BY,LT-->BY,LT-->BY,LT-->BY,LT-->BY,LT-->BY,LT-->BY
BE,BEL,Belgium,Brussels,Europe,Western Europe,,BE-->LT,BE-->LT,BE-->LT,BE-->LT,BE-->LT,BE-->LT,BE-->LT,BE-->LT,BE-->LT,BE-->LT,BE-->LT,BE-->LT,BE-->LT,BE-->LT,BE-->LT,BE-->LT,BE-->LT,BE-->LT,BE-->LT,,,,,,,,,,,,,,,,,LT-->BE,LT-->BE,LT-->BE,LT-->BE,LT-->BE,LT-->BE,LT-->BE,LT-->BE,LT-->BE,LT-->BE,LT-->BE,LT-->BE,LT-->BE,LT-->BE,LT-->BE,LT-->BE,LT-->BE,LT-->BE,LT-->BE
BZ,BLZ,Belize,Belmopan,Americas,Central America,,BZ-->LT,BZ-->LT,BZ-->LT,BZ-->LT,BZ-->LT,BZ-->LT,BZ-->LT,BZ-->LT,BZ-->LT,BZ-->LT,BZ-->LT,BZ-->LT,BZ-->LT,BZ-->LT,BZ-->LT,BZ-->LT,BZ-->LT,BZ-->LT,BZ-->LT,,,,,,,,,,,,,,,,,LT-->BZ,LT-->BZ,LT-->BZ,LT-->BZ,LT-->BZ,LT-->BZ,LT-->BZ,LT-->BZ,LT-->BZ,LT-->BZ,LT-->BZ,LT-->BZ,LT-->BZ,LT-->BZ,LT-->BZ,LT-->BZ,LT-->BZ,LT-->BZ,LT-->BZ
BJ,BEN,Benin,Porto-Novo,Africa,Western Africa,,BJ-->LT,BJ-->LT,BJ-->LT,BJ-->LT,BJ-->LT,BJ-->LT,BJ-->LT,BJ-->LT,BJ-->LT,BJ-->LT,BJ-->LT,BJ-->LT,BJ-->LT,BJ-->LT,BJ-->LT,BJ-->LT,BJ-->LT,BJ-->LT,BJ-->LT,,,,,,,,,,,,,,,,,LT-->BJ,LT-->BJ,LT-->BJ,LT-->BJ,LT-->BJ,LT-->BJ,LT-->BJ,LT-->BJ,LT-->BJ,LT-->BJ,LT-->BJ,LT-->BJ,LT-->BJ,LT-->BJ,LT-->BJ,LT-->BJ,LT-->BJ,LT-->BJ,LT-->BJ
BM,BMU,Bermuda,Hamilton,Americas,Northern America,,BM-->LT,BM-->LT,BM-->LT,BM-->LT,BM-->LT,BM-->LT,BM-->LT,BM-->LT,BM-->LT,BM-->LT,BM-->LT,BM-->LT,BM-->LT,BM-->LT,BM-->LT,BM-->LT,BM-->LT,BM-->LT,BM-->LT,,,,,,,,,,,,,,,,,LT-->BM,LT-->BM,LT-->BM,LT-->BM,LT-->BM,LT-->BM,LT-->BM,LT-->BM,LT-->BM,LT-->BM,LT-->BM,LT-->BM,LT-->BM,LT-->BM,LT-->BM,LT-->BM,LT-->BM,LT-->BM,LT-->BM
BT,BTN,Bhutan,Thimphu,Asia,Southern Asia,,BT-->LT,BT-->LT,BT-->LT,BT-->LT,BT-->LT,BT-->LT,BT-->LT,BT-->LT,BT-->LT,BT-->LT,BT-->LT,BT-->LT,BT-->LT,BT-->LT,BT-->LT,BT-->LT,BT-->LT,BT-->LT,BT-->LT,,,,,,,,,,,,,,,,,LT-->BT,LT-->BT,LT-->BT,LT-->BT,LT-->BT,LT-->BT,LT-->BT,LT-->BT,LT-->BT,LT-->BT,LT-->BT,LT-->BT,LT-->BT,LT-->BT,LT-->BT,LT-->BT,LT-->BT,LT-->BT,LT-->BT
BO,BOL,Bolivia,Sucre,Americas,South America,,BO-->LT,BO-->LT,BO-->LT,BO-->LT,BO-->LT,BO-->LT,BO-->LT,BO-->LT,BO-->LT,BO-->LT,BO-->LT,BO-->LT,BO-->LT,BO-->LT,BO-->LT,BO-->LT,BO-->LT,BO-->LT,BO-->LT,,,,,,,,,,,,,,,,,LT-->BO,LT-->BO,LT-->BO,LT-->BO,LT-->BO,LT-->BO,LT-->BO,LT-->BO,LT-->BO,LT-->BO,LT-->BO,LT-->BO,LT-->BO,LT-->BO,LT-->BO,LT-->BO,LT-->BO,LT-->BO,LT-->BO
BQ,BES,Bonaire,Kralendijk,Americas,Caribbean,,BQ-->LT,BQ-->LT,BQ-->LT,BQ-->LT,BQ-->LT,BQ-->LT,BQ-->LT,BQ-->LT,BQ-->LT,BQ-->LT,BQ-->LT,BQ-->LT,BQ-->LT,BQ-->LT,BQ-->LT,BQ-->LT,BQ-->LT,BQ-->LT,BQ-->LT,,,,,,,,,,,,,,,,,LT-->BQ,LT-->BQ,LT-->BQ,LT-->BQ,LT-->BQ,LT-->BQ,LT-->BQ,LT-->BQ,LT-->BQ,LT-->BQ,LT-->BQ,LT-->BQ,LT-->BQ,LT-->BQ,LT-->BQ,LT-->BQ,LT-->BQ,LT-->BQ,LT-->BQ
BA,BIH,Bosnia and Herzegovina,Sarajevo,Europe,Southern Europe,,BA-->LT,BA-->LT,BA-->LT,BA-->LT,BA-->LT,BA-->LT,BA-->LT,BA-->LT,BA-->LT,BA-->LT,BA-->LT,BA-->LT,BA-->LT,BA-->LT,BA-->LT,BA-->LT,BA-->LT,BA-->LT,BA-->LT,,,,,,,,,,,,,,,,,LT-->BA,LT-->BA,LT-->BA,LT-->BA,LT-->BA,LT-->BA,LT-->BA,LT-->BA,LT-->BA,LT-->BA,LT-->BA,LT-->BA,LT-->BA,LT-->BA,LT-->BA,LT-->BA,LT-->BA,LT-->BA,LT-->BA
BW,BWA,Botswana,Gaborone,Africa,Southern Africa,,BW-->LT,BW-->LT,BW-->LT,BW-->LT,BW-->LT,BW-->LT,BW-->LT,BW-->LT,BW-->LT,BW-->LT,BW-->LT,BW-->LT,BW-->LT,BW-->LT,BW-->LT,BW-->LT,BW-->LT,BW-->LT,BW-->LT,,,,,,,,,,,,,,,,,LT-->BW,LT-->BW,LT-->BW,LT-->BW,LT-->BW,LT-->BW,LT-->BW,LT-->BW,LT-->BW,LT-->BW,LT-->BW,LT-->BW,LT-->BW,LT-->BW,LT-->BW,LT-->BW,LT-->BW,LT-->BW,LT-->BW
BV,BVT,Bouvet Island,,,,,BV-->LT,BV-->LT,BV-->LT,BV-->LT,BV-->LT,BV-->LT,BV-->LT,BV-->LT,BV-->LT,BV-->LT,BV-->LT,BV-->LT,BV-->LT,BV-->LT,BV-->LT,BV-->LT,BV-->LT,BV-->LT,BV-->LT,,,,,,,,,,,,,,,,,LT-->BV,LT-->BV,LT-->BV,LT-->BV,LT-->BV,LT-->BV,LT-->BV,LT-->BV,LT-->BV,LT-->BV,LT-->BV,LT-->BV,LT-->BV,LT-->BV,LT-->BV,LT-->BV,LT-->BV,LT-->BV,LT-->BV
BR,BRA,Brazil,Brasília,Americas,South America,,BR-->LT,BR-->LT,BR-->LT,BR-->LT,BR-->LT,BR-->LT,BR-->LT,BR-->LT,BR-->LT,BR-->LT,BR-->LT,BR-->LT,BR-->LT,BR-->LT,BR-->LT,BR-->LT,BR-->LT,BR-->LT,BR-->LT,,,,,,,,,,,,,,,,,LT-->BR,LT-->BR,LT-->BR,LT-->BR,LT-->BR,LT-->BR,LT-->BR,LT-->BR,LT-->BR,LT-->BR,LT-->BR,LT-->BR,LT-->BR,LT-->BR,LT-->BR,LT-->BR,LT-->BR,LT-->BR,LT-->BR
IO,IOT,British Indian Ocean Territory,Diego Garcia,Africa,Eastern Africa,,IO-->LT,IO-->LT,IO-->LT,IO-->LT,IO-->LT,IO-->LT,IO-->LT,IO-->LT,IO-->LT,IO-->LT,IO-->LT,IO-->LT,IO-->LT,IO-->LT,IO-->LT,IO-->LT,IO-->LT,IO-->LT,IO-->LT,,,,,,,,,,,,,,,,,LT-->IO,LT-->IO,LT-->IO,LT-->IO,LT-->IO,LT-->IO,LT-->IO,LT-->IO,LT-->IO,LT-->IO,LT-->IO,LT-->IO,LT-->IO,LT-->IO,LT-->IO,LT-->IO,LT-->IO,LT-->IO,LT-->IO
UM,UMI,United States Minor Outlying Islands,,Americas,Northern America,,UM-->LT,UM-->LT,UM-->LT,UM-->LT,UM-->LT,UM-->LT,UM-->LT,UM-->LT,UM-->LT,UM-->LT,UM-->LT,UM-->LT,UM-->LT,UM-->LT,UM-->LT,UM-->LT,UM-->LT,UM-->LT,UM-->LT,,,,,,,,,,,,,,,,,LT-->UM,LT-->UM,LT-->UM,LT-->UM,LT-->UM,LT-->UM,LT-->UM,LT-->UM,LT-->UM,LT-->UM,LT-->UM,LT-->UM,LT-->UM,LT-->UM,LT-->UM,LT-->UM,LT-->UM,LT-->UM,LT-->UM
VG,VGB,Virgin Islands (British),Road Town,Americas,Caribbean,,VG-->LT,VG-->LT,VG-->LT,VG-->LT,VG-->LT,VG-->LT,VG-->LT,VG-->LT,VG-->LT,VG-->LT,VG-->LT,VG-->LT,VG-->LT,VG-->LT,VG-->LT,VG-->LT,VG-->LT,VG-->LT,VG-->LT,,,,,,,,,,,,,,,,,LT-->VG,LT-->VG,LT-->VG,LT-->VG,LT-->VG,LT-->VG,LT-->VG,LT-->VG,LT-->VG,LT-->VG,LT-->VG,LT-->VG,LT-->VG,LT-->VG,LT-->VG,LT-->VG,LT-->VG,LT-->VG,LT-->VG
VI,VIR,Virgin Islands (U.S.),Charlotte Amalie,Americas,Caribbean,,VI-->LT,VI-->LT,VI-->LT,VI-->LT,VI-->LT,VI-->LT,VI-->LT,VI-->LT,VI-->LT,VI-->LT,VI-->LT,VI-->LT,VI-->LT,VI-->LT,VI-->LT,VI-->LT,VI-->LT,VI-->LT,VI-->LT,,,,,,,,,,,,,,,,,LT-->VI,LT-->VI,LT-->VI,LT-->VI,LT-->VI,LT-->VI,LT-->VI,LT-->VI,LT-->VI,LT-->VI,LT-->VI,LT-->VI,LT-->VI,LT-->VI,LT-->VI,LT-->VI,LT-->VI,LT-->VI,LT-->VI
BN,BRN,Brunei,Bandar Seri Begawan,Asia,South-Eastern Asia,,BN-->LT,BN-->LT,BN-->LT,BN-->LT,BN-->LT,BN-->LT,BN-->LT,BN-->LT,BN-->LT,BN-->LT,BN-->LT,BN-->LT,BN-->LT,BN-->LT,BN-->LT,BN-->LT,BN-->LT,BN-->LT,BN-->LT,,,,,,,,,,,,,,,,,LT-->BN,LT-->BN,LT-->BN,LT-->BN,LT-->BN,LT-->BN,LT-->BN,LT-->BN,LT-->BN,LT-->BN,LT-->BN,LT-->BN,LT-->BN,LT-->BN,LT-->BN,LT-->BN,LT-->BN,LT-->BN,LT-->BN
BG,BGR,Bulgaria,Sofia,Europe,Eastern Europe,,BG-->LT,BG-->LT,BG-->LT,BG-->LT,BG-->LT,BG-->LT,BG-->LT,BG-->LT,BG-->LT,BG-->LT,BG-->LT,BG-->LT,BG-->LT,BG-->LT,BG-->LT,BG-->LT,BG-->LT,BG-->LT,BG-->LT,,,,,,,,,,,,,,,,,LT-->BG,LT-->BG,LT-->BG,LT-->BG,LT-->BG,LT-->BG,LT-->BG,LT-->BG,LT-->BG,LT-->BG,LT-->BG,LT-->BG,LT-->BG,LT-->BG,LT-->BG,LT-->BG,LT-->BG,LT-->BG,LT-->BG
BF,BFA,Burkina Faso,Ouagadougou,Africa,Western Africa,,BF-->LT,BF-->LT,BF-->LT,BF-->LT,BF-->LT,BF-->LT,BF-->LT,BF-->LT,BF-->LT,BF-->LT,BF-->LT,BF-->LT,BF-->LT,BF-->LT,BF-->LT,BF-->LT,BF-->LT,BF-->LT,BF-->LT,,,,,,,,,,,,,,,,,LT-->BF,LT-->BF,LT-->BF,LT-->BF,LT-->BF,LT-->BF,LT-->BF,LT-->BF,LT-->BF,LT-->BF,LT-->BF,LT-->BF,LT-->BF,LT-->BF,LT-->BF,LT-->BF,LT-->BF,LT-->BF,LT-->BF
BI,BDI,Burundi,Bujumbura,Africa,Eastern Africa,,BI-->LT,BI-->LT,BI-->LT,BI-->LT,BI-->LT,BI-->LT,BI-->LT,BI-->LT,BI-->LT,BI-->LT,BI-->LT,BI-->LT,BI-->LT,BI-->LT,BI-->LT,BI-->LT,BI-->LT,BI-->LT,BI-->LT,,,,,,,,,,,,,,,,,LT-->BI,LT-->BI,LT-->BI,LT-->BI,LT-->BI,LT-->BI,LT-->BI,LT-->BI,LT-->BI,LT-->BI,LT-->BI,LT-->BI,LT-->BI,LT-->BI,LT-->BI,LT-->BI,LT-->BI,LT-->BI,LT-->BI
KH,KHM,Cambodia,Phnom Penh,Asia,South-Eastern Asia,,KH-->LT,KH-->LT,KH-->LT,KH-->LT,KH-->LT,KH-->LT,KH-->LT,KH-->LT,KH-->LT,KH-->LT,KH-->LT,KH-->LT,KH-->LT,KH-->LT,KH-->LT,KH-->LT,KH-->LT,KH-->LT,KH-->LT,,,,,,,,,,,,,,,,,LT-->KH,LT-->KH,LT-->KH,LT-->KH,LT-->KH,LT-->KH,LT-->KH,LT-->KH,LT-->KH,LT-->KH,LT-->KH,LT-->KH,LT-->KH,LT-->KH,LT-->KH,LT-->KH,LT-->KH,LT-->KH,LT-->KH
CM,CMR,Cameroon,Yaoundé,Africa,Middle Africa,,CM-->LT,CM-->LT,CM-->LT,CM-->LT,CM-->LT,CM-->LT,CM-->LT,CM-->LT,CM-->LT,CM-->LT,CM-->LT,CM-->LT,CM-->LT,CM-->LT,CM-->LT,CM-->LT,CM-->LT,CM-->LT,CM-->LT,,,,,,,,,,,,,,,,,LT-->CM,LT-->CM,LT-->CM,LT-->CM,LT-->CM,LT-->CM,LT-->CM,LT-->CM,LT-->CM,LT-->CM,LT-->CM,LT-->CM,LT-->CM,LT-->CM,LT-->CM,LT-->CM,LT-->CM,LT-->CM,LT-->CM
CA,CAN,Canada,Ottawa,Americas,Northern America,,CA-->LT,CA-->LT,CA-->LT,CA-->LT,CA-->LT,CA-->LT,CA-->LT,CA-->LT,CA-->LT,CA-->LT,CA-->LT,CA-->LT,CA-->LT,CA-->LT,CA-->LT,CA-->LT,CA-->LT,CA-->LT,CA-->LT,,,,,,,,,,,,,,,,,LT-->CA,LT-->CA,LT-->CA,LT-->CA,LT-->CA,LT-->CA,LT-->CA,LT-->CA,LT-->CA,LT-->CA,LT-->CA,LT-->CA,LT-->CA,LT-->CA,LT-->CA,LT-->CA,LT-->CA,LT-->CA,LT-->CA
CV,CPV,Cape Verde,Praia,Africa,Western Africa,,CV-->LT,CV-->LT,CV-->LT,CV-->LT,CV-->LT,CV-->LT,CV-->LT,CV-->LT,CV-->LT,CV-->LT,CV-->LT,CV-->LT,CV-->LT,CV-->LT,CV-->LT,CV-->LT,CV-->LT,CV-->LT,CV-->LT,,,,,,,,,,,,,,,,,LT-->CV,LT-->CV,LT-->CV,LT-->CV,LT-->CV,LT-->CV,LT-->CV,LT-->CV,LT-->CV,LT-->CV,LT-->CV,LT-->CV,LT-->CV,LT-->CV,LT-->CV,LT-->CV,LT-->CV,LT-->CV,LT-->CV
KY,CYM,Cayman Islands,George Town,Americas,Caribbean,,KY-->LT,KY-->LT,KY-->LT,KY-->LT,KY-->LT,KY-->LT,KY-->LT,KY-->LT,KY-->LT,KY-->LT,KY-->LT,KY-->LT,KY-->LT,KY-->LT,KY-->LT,KY-->LT,KY-->LT,KY-->LT,KY-->LT,,,,,,,,,,,,,,,,,LT-->KY,LT-->KY,LT-->KY,LT-->KY,LT-->KY,LT-->KY,LT-->KY,LT-->KY,LT-->KY,LT-->KY,LT-->KY,LT-->KY,LT-->KY,LT-->KY,LT-->KY,LT-->KY,LT-->KY,LT-->KY,LT-->KY
CF,CAF,Central African Republic,Bangui,Africa,Middle Africa,,CF-->LT,CF-->LT,CF-->LT,CF-->LT,CF-->LT,CF-->LT,CF-->LT,CF-->LT,CF-->LT,CF-->LT,CF-->LT,CF-->LT,CF-->LT,CF-->LT,CF-->LT,CF-->LT,CF-->LT,CF-->LT,CF-->LT,,,,,,,,,,,,,,,,,LT-->CF,LT-->CF,LT-->CF,LT-->CF,LT-->CF,LT-->CF,LT-->CF,LT-->CF,LT-->CF,LT-->CF,LT-->CF,LT-->CF,LT-->CF,LT-->CF,LT-->CF,LT-->CF,LT-->CF,LT-->CF,LT-->CF
TD,TCD,Chad,N'Djamena,Africa,Middle Africa,,TD-->LT,TD-->LT,TD-->LT,TD-->LT,TD-->LT,TD-->LT,TD-->LT,TD-->LT,TD-->LT,TD-->LT,TD-->LT,TD-->LT,TD-->LT,TD-->LT,TD-->LT,TD-->LT,TD-->LT,TD-->LT,TD-->LT,,,,,,,,,,,,,,,,,LT-->TD,LT-->TD,LT-->TD,LT-->TD,LT-->TD,LT-->TD,LT-->TD,LT-->TD,LT-->TD,LT-->TD,LT-->TD,LT-->TD,LT-->TD,LT-->TD,LT-->TD,LT-->TD,LT-->TD,LT-->TD,LT-->TD
CL,CHL,Chile,Santiago,Americas,South America,,CL-->LT,CL-->LT,CL-->LT,CL-->LT,CL-->LT,CL-->LT,CL-->LT,CL-->LT,CL-->LT,CL-->LT,CL-->LT,CL-->LT,CL-->LT,CL-->LT,CL-->LT,CL-->LT,CL-->LT,CL-->LT,CL-->LT,,,,,,,,,,,,,,,,,LT-->CL,LT-->CL,LT-->CL,LT-->CL,LT-->CL,LT-->CL,LT-->CL,LT-->CL,LT-->CL,LT-->CL,LT-->CL,LT-->CL,LT-->CL,LT-->CL,LT-->CL,LT-->CL,LT-->CL,LT-->CL,LT-->CL
CN,CHN,China,Beijing,Asia,Eastern Asia,,CN-->LT,CN-->LT,CN-->LT,CN-->LT,CN-->LT,CN-->LT,CN-->LT,CN-->LT,CN-->LT,CN-->LT,CN-->LT,CN-->LT,CN-->LT,CN-->LT,CN-->LT,CN-->LT,CN-->LT,CN-->LT,CN-->LT,,,,,,,,,,,,,,,,,LT-->CN,LT-->CN,LT-->CN,LT-->CN,LT-->CN,LT-->CN,LT-->CN,LT-->CN,LT-->CN,LT-->CN,LT-->CN,LT-->CN,LT-->CN,LT-->CN,LT-->CN,LT-->CN,LT-->CN,LT-->CN,LT-->CN
CX,CXR,Christmas Island,Flying Fish Cove,Oceania,Australia and New Zealand,,CX-->LT,CX-->LT,CX-->LT,CX-->LT,CX-->LT,CX-->LT,CX-->LT,CX-->LT,CX-->LT,CX-->LT,CX-->LT,CX-->LT,CX-->LT,CX-->LT,CX-->LT,CX-->LT,CX-->LT,CX-->LT,CX-->LT,,,,,,,,,,,,,,,,,LT-->CX,LT-->CX,LT-->CX,LT-->CX,LT-->CX,LT-->CX,LT-->CX,LT-->CX,LT-->CX,LT-->CX,LT-->CX,LT-->CX,LT-->CX,LT-->CX,LT-->CX,LT-->CX,LT-->CX,LT-->CX,LT-->CX
CC,CCK,Cocos (Keeling) Islands,West Island,Oceania,Australia and New Zealand,,CC-->LT,CC-->LT,CC-->LT,CC-->LT,CC-->LT,CC-->LT,CC-->LT,CC-->LT,CC-->LT,CC-->LT,CC-->LT,CC-->LT,CC-->LT,CC-->LT,CC-->LT,CC-->LT,CC-->LT,CC-->LT,CC-->LT,,,,,,,,,,,,,,,,,LT-->CC,LT-->CC,LT-->CC,LT-->CC,LT-->CC,LT-->CC,LT-->CC,LT-->CC,LT-->CC,LT-->CC,LT-->CC,LT-->CC,LT-->CC,LT-->CC,LT-->CC,LT-->CC,LT-->CC,LT-->CC,LT-->CC
CO,COL,Colombia,Bogotá,Americas,South America,,CO-->LT,CO-->LT,CO-->LT,CO-->LT,CO-->LT,CO-->LT,CO-->LT,CO-->LT,CO-->LT,CO-->LT,CO-->LT,CO-->LT,CO-->LT,CO-->LT,CO-->LT,CO-->LT,CO-->LT,CO-->LT,CO-->LT,,,,,,,,,,,,,,,,,LT-->CO,LT-->CO,LT-->CO,LT-->CO,LT-->CO,LT-->CO,LT-->CO,LT-->CO,LT-->CO,LT-->CO,LT-->CO,LT-->CO,LT-->CO,LT-->CO,LT-->CO,LT-->CO,LT-->CO,LT-->CO,LT-->CO
KM,COM,Comoros,Moroni,Africa,Eastern Africa,,KM-->LT,KM-->LT,KM-->LT,KM-->LT,KM-->LT,KM-->LT,KM-->LT,KM-->LT,KM-->LT,KM-->LT,KM-->LT,KM-->LT,KM-->LT,KM-->LT,KM-->LT,KM-->LT,KM-->LT,KM-->LT,KM-->LT,,,,,,,,,,,,,,,,,LT-->KM,LT-->KM,LT-->KM,LT-->KM,LT-->KM,LT-->KM,LT-->KM,LT-->KM,LT-->KM,LT-->KM,LT-->KM,LT-->KM,LT-->KM,LT-->KM,LT-->KM,LT-->KM,LT-->KM,LT-->KM,LT-->KM
CG,COG,Republic of the Congo,Brazzaville,Africa,Middle Africa,,CG-->LT,CG-->LT,CG-->LT,CG-->LT,CG-->LT,CG-->LT,CG-->LT,CG-->LT,CG-->LT,CG-->LT,CG-->LT,CG-->LT,CG-->LT,CG-->LT,CG-->LT,CG-->LT,CG-->LT,CG-->LT,CG-->LT,,,,,,,,,,,,,,,,,LT-->CG,LT-->CG,LT-->CG,LT-->CG,LT-->CG,LT-->CG,LT-->CG,LT-->CG,LT-->CG,LT-->CG,LT-->CG,LT-->CG,LT-->CG,LT-->CG,LT-->CG,LT-->CG,LT-->CG,LT-->CG,LT-->CG
CD,COD,Democratic Republic of the Congo,Kinshasa,Africa,Middle Africa,,CD-->LT,CD-->LT,CD-->LT,CD-->LT,CD-->LT,CD-->LT,CD-->LT,CD-->LT,CD-->LT,CD-->LT,CD-->LT,CD-->LT,CD-->LT,CD-->LT,CD-->LT,CD-->LT,CD-->LT,CD-->LT,CD-->LT,,,,,,,,,,,,,,,,,LT-->CD,LT-->CD,LT-->CD,LT-->CD,LT-->CD,LT-->CD,LT-->CD,LT-->CD,LT-->CD,LT-->CD,LT-->CD,LT-->CD,LT-->CD,LT-->CD,LT-->CD,LT-->CD,LT-->CD,LT-->CD,LT-->CD
CK,COK,Cook Islands,Avarua,Oceania,Polynesia,,CK-->LT,CK-->LT,CK-->LT,CK-->LT,CK-->LT,CK-->LT,CK-->LT,CK-->LT,CK-->LT,CK-->LT,CK-->LT,CK-->LT,CK-->LT,CK-->LT,CK-->LT,CK-->LT,CK-->LT,CK-->LT,CK-->LT,,,,,,,,,,,,,,,,,LT-->CK,LT-->CK,LT-->CK,LT-->CK,LT-->CK,LT-->CK,LT-->CK,LT-->CK,LT-->CK,LT-->CK,LT-->CK,LT-->CK,LT-->CK,LT-->CK,LT-->CK,LT-->CK,LT-->CK,LT-->CK,LT-->CK
CR,CRI,Costa Rica,San José,Americas,Central America,,CR-->LT,CR-->LT,CR-->LT,CR-->LT,CR-->LT,CR-->LT,CR-->LT,CR-->LT,CR-->LT,CR-->LT,CR-->LT,CR-->LT,CR-->LT,CR-->LT,CR-->LT,CR-->LT,CR-->LT,CR-->LT,CR-->LT,,,,,,,,,,,,,,,,,LT-->CR,LT-->CR,LT-->CR,LT-->CR,LT-->CR,LT-->CR,LT-->CR,LT-->CR,LT-->CR,LT-->CR,LT-->CR,LT-->CR,LT-->CR,LT-->CR,LT-->CR,LT-->CR,LT-->CR,LT-->CR,LT-->CR
HR,HRV,Croatia,Zagreb,Europe,Southern Europe,,HR-->LT,HR-->LT,HR-->LT,HR-->LT,HR-->LT,HR-->LT,HR-->LT,HR-->LT,HR-->LT,HR-->LT,HR-->LT,HR-->LT,HR-->LT,HR-->LT,HR-->LT,HR-->LT,HR-->LT,HR-->LT,HR-->LT,,,,,,,,,,,,,,,,,LT-->HR,LT-->HR,LT-->HR,LT-->HR,LT-->HR,LT-->HR,LT-->HR,LT-->HR,LT-->HR,LT-->HR,LT-->HR,LT-->HR,LT-->HR,LT-->HR,LT-->HR,LT-->HR,LT-->HR,LT-->HR,LT-->HR
CU,CUB,Cuba,Havana,Americas,Caribbean,,CU-->LT,CU-->LT,CU-->LT,CU-->LT,CU-->LT,CU-->LT,CU-->LT,CU-->LT,CU-->LT,CU-->LT,CU-->LT,CU-->LT,CU-->LT,CU-->LT,CU-->LT,CU-->LT,CU-->LT,CU-->LT,CU-->LT,,,,,,,,,,,,,,,,,LT-->CU,LT-->CU,LT-->CU,LT-->CU,LT-->CU,LT-->CU,LT-->CU,LT-->CU,LT-->CU,LT-->CU,LT-->CU,LT-->CU,LT-->CU,LT-->CU,LT-->CU,LT-->CU,LT-->CU,LT-->CU,LT-->CU
CW,CUW,Curaçao,Willemstad,Americas,Caribbean,,CW-->LT,CW-->LT,CW-->LT,CW-->LT,CW-->LT,CW-->LT,CW-->LT,CW-->LT,CW-->LT,CW-->LT,CW-->LT,CW-->LT,CW-->LT,CW-->LT,CW-->LT,CW-->LT,CW-->LT,CW-->LT,CW-->LT,,,,,,,,,,,,,,,,,LT-->CW,LT-->CW,LT-->CW,LT-->CW,LT-->CW,LT-->CW,LT-->CW,LT-->CW,LT-->CW,LT-->CW,LT-->CW,LT-->CW,LT-->CW,LT-->CW,LT-->CW,LT-->CW,LT-->CW,LT-->CW,LT-->CW
CY,CYP,Cyprus,Nicosia,Europe,Southern Europe,,CY-->LT,CY-->LT,CY-->LT,CY-->LT,CY-->LT,CY-->LT,CY-->LT,CY-->LT,CY-->LT,CY-->LT,CY-->LT,CY-->LT,CY-->LT,CY-->LT,CY-->LT,CY-->LT,CY-->LT,CY-->LT,CY-->LT,,,,,,,,,,,,,,,,,LT-->CY,LT-->CY,LT-->CY,LT-->CY,LT-->CY,LT-->CY,LT-->CY,LT-->CY,LT-->CY,LT-->CY,LT-->CY,LT-->CY,LT-->CY,LT-->CY,LT-->CY,LT-->CY,LT-->CY,LT-->CY,LT-->CY
CZ,CZE,Czech Republic,Prague,Europe,Eastern Europe,,CZ-->LT,CZ-->LT,CZ-->LT,CZ-->LT,CZ-->LT,CZ-->LT,CZ-->LT,CZ-->LT,CZ-->LT,CZ-->LT,CZ-->LT,CZ-->LT,CZ-->LT,CZ-->LT,CZ-->LT,CZ-->LT,CZ-->LT,CZ-->LT,CZ-->LT,,,,,,,,,,,,,,,,,LT-->CZ,LT-->CZ,LT-->CZ,LT-->CZ,LT-->CZ,LT-->CZ,LT-->CZ,LT-->CZ,LT-->CZ,LT-->CZ,LT-->CZ,LT-->CZ,LT-->CZ,LT-->CZ,LT-->CZ,LT-->CZ,LT-->CZ,LT-->CZ,LT-->CZ
DK,DNK,Denmark,Copenhagen,Europe,Northern Europe,,DK-->LT,DK-->LT,DK-->LT,DK-->LT,DK-->LT,DK-->LT,DK-->LT,DK-->LT,DK-->LT,DK-->LT,DK-->LT,DK-->LT,DK-->LT,DK-->LT,DK-->LT,DK-->LT,DK-->LT,DK-->LT,DK-->LT,,,,,,,,,,,,,,,,,LT-->DK,LT-->DK,LT-->DK,LT-->DK,LT-->DK,LT-->DK,LT-->DK,LT-->DK,LT-->DK,LT-->DK,LT-->DK,LT-->DK,LT-->DK,LT-->DK,LT-->DK,LT-->DK,LT-->DK,LT-->DK,LT-->DK
DJ,DJI,Djibouti,Djibouti,Africa,Eastern Africa,,DJ-->LT,DJ-->LT,DJ-->LT,DJ-->LT,DJ-->LT,DJ-->LT,DJ-->LT,DJ-->LT,DJ-->LT,DJ-->LT,DJ-->LT,DJ-->LT,DJ-->LT,DJ-->LT,DJ-->LT,DJ-->LT,DJ-->LT,DJ-->LT,DJ-->LT,,,,,,,,,,,,,,,,,LT-->DJ,LT-->DJ,LT-->DJ,LT-->DJ,LT-->DJ,LT-->DJ,LT-->DJ,LT-->DJ,LT-->DJ,LT-->DJ,LT-->DJ,LT-->DJ,LT-->DJ,LT-->DJ,LT-->DJ,LT-->DJ,LT-->DJ,LT-->DJ,LT-->DJ
DM,DMA,Dominica,Roseau,Americas,Caribbean,,DM-->LT,DM-->LT,DM-->LT,DM-->LT,DM-->LT,DM-->LT,DM-->LT,DM-->LT,DM-->LT,DM-->LT,DM-->LT,DM-->LT,DM-->LT,DM-->LT,DM-->LT,DM-->LT,DM-->LT,DM-->LT,DM-->LT,,,,,,,,,,,,,,,,,LT-->DM,LT-->DM,LT-->DM,LT-->DM,LT-->DM,LT-->DM,LT-->DM,LT-->DM,LT-->DM,LT-->DM,LT-->DM,LT-->DM,LT-->DM,LT-->DM,LT-->DM,LT-->DM,LT-->DM,LT-->DM,LT-->DM
DO,DOM,Dominican Republic,Santo Domingo,Americas,Caribbean,,DO-->LT,DO-->LT,DO-->LT,DO-->LT,DO-->LT,DO-->LT,DO-->LT,DO-->LT,DO-->LT,DO-->LT,DO-->LT,DO-->LT,DO-->LT,DO-->LT,DO-->LT,DO-->LT,DO-->LT,DO-->LT,DO-->LT,,,,,,,,,,,,,,,,,LT-->DO,LT-->DO,LT-->DO,LT-->DO,LT-->DO,LT-->DO,LT-->DO,LT-->DO,LT-->DO,LT-->DO,LT-->DO,LT-->DO,LT-->DO,LT-->DO,LT-->DO,LT-->DO,LT-->DO,LT-->DO,LT-->DO
EC,ECU,Ecuador,Quito,Americas,South America,,EC-->LT,EC-->LT,EC-->LT,EC-->LT,EC-->LT,EC-->LT,EC-->LT,EC-->LT,EC-->LT,EC-->LT,EC-->LT,EC-->LT,EC-->LT,EC-->LT,EC-->LT,EC-->LT,EC-->LT,EC-->LT,EC-->LT,,,,,,,,,,,,,,,,,LT-->EC,LT-->EC,LT-->EC,LT-->EC,LT-->EC,LT-->EC,LT-->EC,LT-->EC,LT-->EC,LT-->EC,LT-->EC,LT-->EC,LT-->EC,LT-->EC,LT-->EC,LT-->EC,LT-->EC,LT-->EC,LT-->EC
EG,EGY,Egypt,Cairo,Africa,Northern Africa,,EG-->LT,EG-->LT,EG-->LT,EG-->LT,EG-->LT,EG-->LT,EG-->LT,EG-->LT,EG-->LT,EG-->LT,EG-->LT,EG-->LT,EG-->LT,EG-->LT,EG-->LT,EG-->LT,EG-->LT,EG-->LT,EG-->LT,,,,,,,,,,,,,,,,,LT-->EG,LT-->EG,LT-->EG,LT-->EG,LT-->EG,LT-->EG,LT-->EG,LT-->EG,LT-->EG,LT-->EG,LT-->EG,LT-->EG,LT-->EG,LT-->EG,LT-->EG,LT-->EG,LT-->EG,LT-->EG,LT-->EG
SV,SLV,El Salvador,San Salvador,Americas,Central America,,SV-->LT,SV-->LT,SV-->LT,SV-->LT,SV-->LT,SV-->LT,SV-->LT,SV-->LT,SV-->LT,SV-->LT,SV-->LT,SV-->LT,SV-->LT,SV-->LT,SV-->LT,SV-->LT,SV-->LT,SV-->LT,SV-->LT,,,,,,,,,,,,,,,,,LT-->SV,LT-->SV,LT-->SV,LT-->SV,LT-->SV,LT-->SV,LT-->SV,LT-->SV,LT-->SV,LT-->SV,LT-->SV,LT-->SV,LT-->SV,LT-->SV,LT-->SV,LT-->SV,LT-->SV,LT-->SV,LT-->SV
GQ,GNQ,Equatorial Guinea,Malabo,Africa,Middle Africa,,GQ-->LT,GQ-->LT,GQ-->LT,GQ-->LT,GQ-->LT,GQ-->LT,GQ-->LT,GQ-->LT,GQ-->LT,GQ-->LT,GQ-->LT,GQ-->LT,GQ-->LT,GQ-->LT,GQ-->LT,GQ-->LT,GQ-->LT,GQ-->LT,GQ-->LT,,,,,,,,,,,,,,,,,LT-->GQ,LT-->GQ,LT-->GQ,LT-->GQ,LT-->GQ,LT-->GQ,LT-->GQ,LT-->GQ,LT-->GQ,LT-->GQ,LT-->GQ,LT-->GQ,LT-->GQ,LT-->GQ,LT-->GQ,LT-->GQ,LT-->GQ,LT-->GQ,LT-->GQ
ER,ERI,Eritrea,Asmara,Africa,Eastern Africa,,ER-->LT,ER-->LT,ER-->LT,ER-->LT,ER-->LT,ER-->LT,ER-->LT,ER-->LT,ER-->LT,ER-->LT,ER-->LT,ER-->LT,ER-->LT,ER-->LT,ER-->LT,ER-->LT,ER-->LT,ER-->LT,ER-->LT,,,,,,,,,,,,,,,,,LT-->ER,LT-->ER,LT-->ER,LT-->ER,LT-->ER,LT-->ER,LT-->ER,LT-->ER,LT-->ER,LT-->ER,LT-->ER,LT-->ER,LT-->ER,LT-->ER,LT-->ER,LT-->ER,LT-->ER,LT-->ER,LT-->ER
EE,EST,Estonia,Tallinn,Europe,Northern Europe,,EE-->LT,EE-->LT,EE-->LT,EE-->LT,EE-->LT,EE-->LT,EE-->LT,EE-->LT,EE-->LT,EE-->LT,EE-->LT,EE-->LT,EE-->LT,EE-->LT,EE-->LT,EE-->LT,EE-->LT,EE-->LT,EE-->LT,,,,,,,,,,,,,,,,,LT-->EE,LT-->EE,LT-->EE,LT-->EE,LT-->EE,LT-->EE,LT-->EE,LT-->EE,LT-->EE,LT-->EE,LT-->EE,LT-->EE,LT-->EE,LT-->EE,LT-->EE,LT-->EE,LT-->EE,LT-->EE,LT-->EE
ET,ETH,Ethiopia,Addis Ababa,Africa,Eastern Africa,,ET-->LT,ET-->LT,ET-->LT,ET-->LT,ET-->LT,ET-->LT,ET-->LT,ET-->LT,ET-->LT,ET-->LT,ET-->LT,ET-->LT,ET-->LT,ET-->LT,ET-->LT,ET-->LT,ET-->LT,ET-->LT,ET-->LT,,,,,,,,,,,,,,,,,LT-->ET,LT-->ET,LT-->ET,LT-->ET,LT-->ET,LT-->ET,LT-->ET,LT-->ET,LT-->ET,LT-->ET,LT-->ET,LT-->ET,LT-->ET,LT-->ET,LT-->ET,LT-->ET,LT-->ET,LT-->ET,LT-->ET
FK,FLK,Falkland Islands,Stanley,Americas,South America,,FK-->LT,FK-->LT,FK-->LT,FK-->LT,FK-->LT,FK-->LT,FK-->LT,FK-->LT,FK-->LT,FK-->LT,FK-->LT,FK-->LT,FK-->LT,FK-->LT,FK-->LT,FK-->LT,FK-->LT,FK-->LT,FK-->LT,,,,,,,,,,,,,,,,,LT-->FK,LT-->FK,LT-->FK,LT-->FK,LT-->FK,LT-->FK,LT-->FK,LT-->FK,LT-->FK,LT-->FK,LT-->FK,LT-->FK,LT-->FK,LT-->FK,LT-->FK,LT-->FK,LT-->FK,LT-->FK,LT-->FK
FO,FRO,Faroe Islands,Tórshavn,Europe,Northern Europe,,FO-->LT,FO-->LT,FO-->LT,FO-->LT,FO-->LT,FO-->LT,FO-->LT,FO-->LT,FO-->LT,FO-->LT,FO-->LT,FO-->LT,FO-->LT,FO-->LT,FO-->LT,FO-->LT,FO-->LT,FO-->LT,FO-->LT,,,,,,,,,,,,,,,,,LT-->FO,LT-->FO,LT-->FO,LT-->FO,LT-->FO,LT-->FO,LT-->FO,LT-->FO,LT-->FO,LT-->FO,LT-->FO,LT-->FO,LT-->FO,LT-->FO,LT-->FO,LT-->FO,LT-->FO,LT-->FO,LT-->FO
FJ,FJI,Fiji,Suva,Oceania,Melanesia,,FJ-->LT,FJ-->LT,FJ-->LT,FJ-->LT,FJ-->LT,FJ-->LT,FJ-->LT,FJ-->LT,FJ-->LT,FJ-->LT,FJ-->LT,FJ-->LT,FJ-->LT,FJ-->LT,FJ-->LT,FJ-->LT,FJ-->LT,FJ-->LT,FJ-->LT,,,,,,,,,,,,,,,,,LT-->FJ,LT-->FJ,LT-->FJ,LT-->FJ,LT-->FJ,LT-->FJ,LT-->FJ,LT-->FJ,LT-->FJ,LT-->FJ,LT-->FJ,LT-->FJ,LT-->FJ,LT-->FJ,LT-->FJ,LT-->FJ,LT-->FJ,LT-->FJ,LT-->FJ
FI,FIN,Finland,Helsinki,Europe,Northern Europe,,FI-->LT,FI-->LT,FI-->LT,FI-->LT,FI-->LT,FI-->LT,FI-->LT,FI-->LT,FI-->LT,FI-->LT,FI-->LT,FI-->LT,FI-->LT,FI-->LT,FI-->LT,FI-->LT,FI-->LT,FI-->LT,FI-->LT,,,,,,,,,,,,,,,,,LT-->FI,LT-->FI,LT-->FI,LT-->FI,LT-->FI,LT-->FI,LT-->FI,LT-->FI,LT-->FI,LT-->FI,LT-->FI,LT-->FI,LT-->FI,LT-->FI,LT-->FI,LT-->FI,LT-->FI,LT-->FI,LT-->FI
FR,FRA,France,Paris,Europe,Western Europe,,FR-->LT,FR-->LT,FR-->LT,FR-->LT,FR-->LT,FR-->LT,FR-->LT,FR-->LT,FR-->LT,FR-->LT,FR-->LT,FR-->LT,FR-->LT,FR-->LT,FR-->LT,FR-->LT,FR-->LT,FR-->LT,FR-->LT,,,,,,,,,,,,,,,,,LT-->FR,LT-->FR,LT-->FR,LT-->FR,LT-->FR,LT-->FR,LT-->FR,LT-->FR,LT-->FR,LT-->FR,LT-->FR,LT-->FR,LT-->FR,LT-->FR,LT-->FR,LT-->FR,LT-->FR,LT-->FR,LT-->FR
GF,GUF,French Guiana,Cayenne,Americas,South America,,GF-->LT,GF-->LT,GF-->LT,GF-->LT,GF-->LT,GF-->LT,GF-->LT,GF-->LT,GF-->LT,GF-->LT,GF-->LT,GF-->LT,GF-->LT,GF-->LT,GF-->LT,GF-->LT,GF-->LT,GF-->LT,GF-->LT,,,,,,,,,,,,,,,,,LT-->GF,LT-->GF,LT-->GF,LT-->GF,LT-->GF,LT-->GF,LT-->GF,LT-->GF,LT-->GF,LT-->GF,LT-->GF,LT-->GF,LT-->GF,LT-->GF,LT-->GF,LT-->GF,LT-->GF,LT-->GF,LT-->GF
PF,PYF,French Polynesia,Papeetē,Oceania,Polynesia,,PF-->LT,PF-->LT,PF-->LT,PF-->LT,PF-->LT,PF-->LT,PF-->LT,PF-->LT,PF-->LT,PF-->LT,PF-->LT,PF-->LT,PF-->LT,PF-->LT,PF-->LT,PF-->LT,PF-->LT,PF-->LT,PF-->LT,,,,,,,,,,,,,,,,,LT-->PF,LT-->PF,LT-->PF,LT-->PF,LT-->PF,LT-->PF,LT-->PF,LT-->PF,LT-->PF,LT-->PF,LT-->PF,LT-->PF,LT-->PF,LT-->PF,LT-->PF,LT-->PF,LT-->PF,LT-->PF,LT-->PF
TF,ATF,French Southern and Antarctic Lands,Port-aux-Français,Africa,Southern Africa,,TF-->LT,TF-->LT,TF-->LT,TF-->LT,TF-->LT,TF-->LT,TF-->LT,TF-->LT,TF-->LT,TF-->LT,TF-->LT,TF-->LT,TF-->LT,TF-->LT,TF-->LT,TF-->LT,TF-->LT,TF-->LT,TF-->LT,,,,,,,,,,,,,,,,,LT-->TF,LT-->TF,LT-->TF,LT-->TF,LT-->TF,LT-->TF,LT-->TF,LT-->TF,LT-->TF,LT-->TF,LT-->TF,LT-->TF,LT-->TF,LT-->TF,LT-->TF,LT-->TF,LT-->TF,LT-->TF,LT-->TF
GA,GAB,Gabon,Libreville,Africa,Middle Africa,,GA-->LT,GA-->LT,GA-->LT,GA-->LT,GA-->LT,GA-->LT,GA-->LT,GA-->LT,GA-->LT,GA-->LT,GA-->LT,GA-->LT,GA-->LT,GA-->LT,GA-->LT,GA-->LT,GA-->LT,GA-->LT,GA-->LT,,,,,,,,,,,,,,,,,LT-->GA,LT-->GA,LT-->GA,LT-->GA,LT-->GA,LT-->GA,LT-->GA,LT-->GA,LT-->GA,LT-->GA,LT-->GA,LT-->GA,LT-->GA,LT-->GA,LT-->GA,LT-->GA,LT-->GA,LT-->GA,LT-->GA
GM,GMB,The Gambia,Banjul,Africa,Western Africa,,GM-->LT,GM-->LT,GM-->LT,GM-->LT,GM-->LT,GM-->LT,GM-->LT,GM-->LT,GM-->LT,GM-->LT,GM-->LT,GM-->LT,GM-->LT,GM-->LT,GM-->LT,GM-->LT,GM-->LT,GM-->LT,GM-->LT,,,,,,,,,,,,,,,,,LT-->GM,LT-->GM,LT-->GM,LT-->GM,LT-->GM,LT-->GM,LT-->GM,LT-->GM,LT-->GM,LT-->GM,LT-->GM,LT-->GM,LT-->GM,LT-->GM,LT-->GM,LT-->GM,LT-->GM,LT-->GM,LT-->GM
GE,GEO,Georgia,Tbilisi,Asia,Western Asia,,GE-->LT,GE-->LT,GE-->LT,GE-->LT,GE-->LT,GE-->LT,GE-->LT,GE-->LT,GE-->LT,GE-->LT,GE-->LT,GE-->LT,GE-->LT,GE-->LT,GE-->LT,GE-->LT,GE-->LT,GE-->LT,GE-->LT,,,,,,,,,,,,,,,,,LT-->GE,LT-->GE,LT-->GE,LT-->GE,LT-->GE,LT-->GE,LT-->GE,LT-->GE,LT-->GE,LT-->GE,LT-->GE,LT-->GE,LT-->GE,LT-->GE,LT-->GE,LT-->GE,LT-->GE,LT-->GE,LT-->GE
DE,DEU,Germany,Berlin,Europe,Western Europe,,DE-->LT,DE-->LT,DE-->LT,DE-->LT,DE-->LT,DE-->LT,DE-->LT,DE-->LT,DE-->LT,DE-->LT,DE-->LT,DE-->LT,DE-->LT,DE-->LT,DE-->LT,DE-->LT,DE-->LT,DE-->LT,DE-->LT,,,,,,,,,,,,,,,,,LT-->DE,LT-->DE,LT-->DE,LT-->DE,LT-->DE,LT-->DE,LT-->DE,LT-->DE,LT-->DE,LT-->DE,LT-->DE,LT-->DE,LT-->DE,LT-->DE,LT-->DE,LT-->DE,LT-->DE,LT-->DE,LT-->DE
GH,GHA,Ghana,Accra,Africa,Western Africa,,GH-->LT,GH-->LT,GH-->LT,GH-->LT,GH-->LT,GH-->LT,GH-->LT,GH-->LT,GH-->LT,GH-->LT,GH-->LT,GH-->LT,GH-->LT,GH-->LT,GH-->LT,GH-->LT,GH-->LT,GH-->LT,GH-->LT,,,,,,,,,,,,,,,,,LT-->GH,LT-->GH,LT-->GH,LT-->GH,LT-->GH,LT-->GH,LT-->GH,LT-->GH,LT-->GH,LT-->GH,LT-->GH,LT-->GH,LT-->GH,LT-->GH,LT-->GH,LT-->GH,LT-->GH,LT-->GH,LT-->GH
GI,GIB,Gibraltar,Gibraltar,Europe,Southern Europe,,GI-->LT,GI-->LT,GI-->LT,GI-->LT,GI-->LT,GI-->LT,GI-->LT,GI-->LT,GI-->LT,GI-->LT,GI-->LT,GI-->LT,GI-->LT,GI-->LT,GI-->LT,GI-->LT,GI-->LT,GI-->LT,GI-->LT,,,,,,,,,,,,,,,,,LT-->GI,LT-->GI,LT-->GI,LT-->GI,LT-->GI,LT-->GI,LT-->GI,LT-->GI,LT-->GI,LT-->GI,LT-->GI,LT-->GI,LT-->GI,LT-->GI,LT-->GI,LT-->GI,LT-->GI,LT-->GI,LT-->GI
GR,GRC,Greece,Athens,Europe,Southern Europe,,GR-->LT,GR-->LT,GR-->LT,GR-->LT,GR-->LT,GR-->LT,GR-->LT,GR-->LT,GR-->LT,GR-->LT,GR-->LT,GR-->LT,GR-->LT,GR-->LT,GR-->LT,GR-->LT,GR-->LT,GR-->LT,GR-->LT,,,,,,,,,,,,,,,,,LT-->GR,LT-->GR,LT-->GR,LT-->GR,LT-->GR,LT-->GR,LT-->GR,LT-->GR,LT-->GR,LT-->GR,LT-->GR,LT-->GR,LT-->GR,LT-->GR,LT-->GR,LT-->GR,LT-->GR,LT-->GR,LT-->GR
GL,GRL,Greenland,Nuuk,Americas,Northern America,,GL-->LT,GL-->LT,GL-->LT,GL-->LT,GL-->LT,GL-->LT,GL-->LT,GL-->LT,GL-->LT,GL-->LT,GL-->LT,GL-->LT,GL-->LT,GL-->LT,GL-->LT,GL-->LT,GL-->LT,GL-->LT,GL-->LT,,,,,,,,,,,,,,,,,LT-->GL,LT-->GL,LT-->GL,LT-->GL,LT-->GL,LT-->GL,LT-->GL,LT-->GL,LT-->GL,LT-->GL,LT-->GL,LT-->GL,LT-->GL,LT-->GL,LT-->GL,LT-->GL,LT-->GL,LT-->GL,LT-->GL
GD,GRD,Grenada,St. George's,Americas,Caribbean,,GD-->LT,GD-->LT,GD-->LT,GD-->LT,GD-->LT,GD-->LT,GD-->LT,GD-->LT,GD-->LT,GD-->LT,GD-->LT,GD-->LT,GD-->LT,GD-->LT,GD-->LT,GD-->LT,GD-->LT,GD-->LT,GD-->LT,,,,,,,,,,,,,,,,,LT-->GD,LT-->GD,LT-->GD,LT-->GD,LT-->GD,LT-->GD,LT-->GD,LT-->GD,LT-->GD,LT-->GD,LT-->GD,LT-->GD,LT-->GD,LT-->GD,LT-->GD,LT-->GD,LT-->GD,LT-->GD,LT-->GD
GP,GLP,Guadeloupe,Basse-Terre,Americas,Caribbean,,GP-->LT,GP-->LT,GP-->LT,GP-->LT,GP-->LT,GP-->LT,GP-->LT,GP-->LT,GP-->LT,GP-->LT,GP-->LT,GP-->LT,GP-->LT,GP-->LT,GP-->LT,GP-->LT,GP-->LT,GP-->LT,GP-->LT,,,,,,,,,,,,,,,,,LT-->GP,LT-->GP,LT-->GP,LT-->GP,LT-->GP,LT-->GP,LT-->GP,LT-->GP,LT-->GP,LT-->GP,LT-->GP,LT-->GP,LT-->GP,LT-->GP,LT-->GP,LT-->GP,LT-->GP,LT-->GP,LT-->GP
GU,GUM,Guam,Hagåtña,Oceania,Micronesia,,GU-->LT,GU-->LT,GU-->LT,GU-->LT,GU-->LT,GU-->LT,GU-->LT,GU-->LT,GU-->LT,GU-->LT,GU-->LT,GU-->LT,GU-->LT,GU-->LT,GU-->LT,GU-->LT,GU-->LT,GU-->LT,GU-->LT,,,,,,,,,,,,,,,,,LT-->GU,LT-->GU,LT-->GU,LT-->GU,LT-->GU,LT-->GU,LT-->GU,LT-->GU,LT-->GU,LT-->GU,LT-->GU,LT-->GU,LT-->GU,LT-->GU,LT-->GU,LT-->GU,LT-->GU,LT-->GU,LT-->GU
GT,GTM,Guatemala,Guatemala City,Americas,Central America,,GT-->LT,GT-->LT,GT-->LT,GT-->LT,GT-->LT,GT-->LT,GT-->LT,GT-->LT,GT-->LT,GT-->LT,GT-->LT,GT-->LT,GT-->LT,GT-->LT,GT-->LT,GT-->LT,GT-->LT,GT-->LT,GT-->LT,,,,,,,,,,,,,,,,,LT-->GT,LT-->GT,LT-->GT,LT-->GT,LT-->GT,LT-->GT,LT-->GT,LT-->GT,LT-->GT,LT-->GT,LT-->GT,LT-->GT,LT-->GT,LT-->GT,LT-->GT,LT-->GT,LT-->GT,LT-->GT,LT-->GT
GG,GGY,Guernsey,St. Peter Port,Europe,Northern Europe,,GG-->LT,GG-->LT,GG-->LT,GG-->LT,GG-->LT,GG-->LT,GG-->LT,GG-->LT,GG-->LT,GG-->LT,GG-->LT,GG-->LT,GG-->LT,GG-->LT,GG-->LT,GG-->LT,GG-->LT,GG-->LT,GG-->LT,,,,,,,,,,,,,,,,,LT-->GG,LT-->GG,LT-->GG,LT-->GG,LT-->GG,LT-->GG,LT-->GG,LT-->GG,LT-->GG,LT-->GG,LT-->GG,LT-->GG,LT-->GG,LT-->GG,LT-->GG,LT-->GG,LT-->GG,LT-->GG,LT-->GG
GN,GIN,Guinea,Conakry,Africa,Western Africa,,GN-->LT,GN-->LT,GN-->LT,GN-->LT,GN-->LT,GN-->LT,GN-->LT,GN-->LT,GN-->LT,GN-->LT,GN-->LT,GN-->LT,GN-->LT,GN-->LT,GN-->LT,GN-->LT,GN-->LT,GN-->LT,GN-->LT,,,,,,,,,,,,,,,,,LT-->GN,LT-->GN,LT-->GN,LT-->GN,LT-->GN,LT-->GN,LT-->GN,LT-->GN,LT-->GN,LT-->GN,LT-->GN,LT-->GN,LT-->GN,LT-->GN,LT-->GN,LT-->GN,LT-->GN,LT-->GN,LT-->GN
GW,GNB,Guinea-Bissau,Bissau,Africa,Western Africa,,GW-->LT,GW-->LT,GW-->LT,GW-->LT,GW-->LT,GW-->LT,GW-->LT,GW-->LT,GW-->LT,GW-->LT,GW-->LT,GW-->LT,GW-->LT,GW-->LT,GW-->LT,GW-->LT,GW-->LT,GW-->LT,GW-->LT,,,,,,,,,,,,,,,,,LT-->GW,LT-->GW,LT-->GW,LT-->GW,LT-->GW,LT-->GW,LT-->GW,LT-->GW,LT-->GW,LT-->GW,LT-->GW,LT-->GW,LT-->GW,LT-->GW,LT-->GW,LT-->GW,LT-->GW,LT-->GW,LT-->GW
GY,GUY,Guyana,Georgetown,Americas,South America,,GY-->LT,GY-->LT,GY-->LT,GY-->LT,GY-->LT,GY-->LT,GY-->LT,GY-->LT,GY-->LT,GY-->LT,GY-->LT,GY-->LT,GY-->LT,GY-->LT,GY-->LT,GY-->LT,GY-->LT,GY-->LT,GY-->LT,,,,,,,,,,,,,,,,,LT-->GY,LT-->GY,LT-->GY,LT-->GY,LT-->GY,LT-->GY,LT-->GY,LT-->GY,LT-->GY,LT-->GY,LT-->GY,LT-->GY,LT-->GY,LT-->GY,LT-->GY,LT-->GY,LT-->GY,LT-->GY,LT-->GY
HT,HTI,Haiti,Port-au-Prince,Americas,Caribbean,,HT-->LT,HT-->LT,HT-->LT,HT-->LT,HT-->LT,HT-->LT,HT-->LT,HT-->LT,HT-->LT,HT-->LT,HT-->LT,HT-->LT,HT-->LT,HT-->LT,HT-->LT,HT-->LT,HT-->LT,HT-->LT,HT-->LT,,,,,,,,,,,,,,,,,LT-->HT,LT-->HT,LT-->HT,LT-->HT,LT-->HT,LT-->HT,LT-->HT,LT-->HT,LT-->HT,LT-->HT,LT-->HT,LT-->HT,LT-->HT,LT-->HT,LT-->HT,LT-->HT,LT-->HT,LT-->HT,LT-->HT
HM,HMD,Heard Island and McDonald Islands,,,,,HM-->LT,HM-->LT,HM-->LT,HM-->LT,HM-->LT,HM-->LT,HM-->LT,HM-->LT,HM-->LT,HM-->LT,HM-->LT,HM-->LT,HM-->LT,HM-->LT,HM-->LT,HM-->LT,HM-->LT,HM-->LT,HM-->LT,,,,,,,,,,,,,,,,,LT-->HM,LT-->HM,LT-->HM,LT-->HM,LT-->HM,LT-->HM,LT-->HM,LT-->HM,LT-->HM,LT-->HM,LT-->HM,LT-->HM,LT-->HM,LT-->HM,LT-->HM,LT-->HM,LT-->HM,LT-->HM,LT-->HM
VA,VAT,Holy See,Rome,Europe,Southern Europe,,VA-->LT,VA-->LT,VA-->LT,VA-->LT,VA-->LT,VA-->LT,VA-->LT,VA-->LT,VA-->LT,VA-->LT,VA-->LT,VA-->LT,VA-->LT,VA-->LT,VA-->LT,VA-->LT,VA-->LT,VA-->LT,VA-->LT,,,,,,,,,,,,,,,,,LT-->VA,LT-->VA,LT-->VA,LT-->VA,LT-->VA,LT-->VA,LT-->VA,LT-->VA,LT-->VA,LT-->VA,LT-->VA,LT-->VA,LT-->VA,LT-->VA,LT-->VA,LT-->VA,LT-->VA,LT-->VA,LT-->VA
HN,HND,Honduras,Tegucigalpa,Americas,Central America,,HN-->LT,HN-->LT,HN-->LT,HN-->LT,HN-->LT,HN-->LT,HN-->LT,HN-->LT,HN-->LT,HN-->LT,HN-->LT,HN-->LT,HN-->LT,HN-->LT,HN-->LT,HN-->LT,HN-->LT,HN-->LT,HN-->LT,,,,,,,,,,,,,,,,,LT-->HN,LT-->HN,LT-->HN,LT-->HN,LT-->HN,LT-->HN,LT-->HN,LT-->HN,LT-->HN,LT-->HN,LT-->HN,LT-->HN,LT-->HN,LT-->HN,LT-->HN,LT-->HN,LT-->HN,LT-->HN,LT-->HN
HK,HKG,Hong Kong,City of Victoria,Asia,Eastern Asia,,HK-->LT,HK-->LT,HK-->LT,HK-->LT,HK-->LT,HK-->LT,HK-->LT,HK-->LT,HK-->LT,HK-->LT,HK-->LT,HK-->LT,HK-->LT,HK-->LT,HK-->LT,HK-->LT,HK-->LT,HK-->LT,HK-->LT,,,,,,,,,,,,,,,,,LT-->HK,LT-->HK,LT-->HK,LT-->HK,LT-->HK,LT-->HK,LT-->HK,LT-->HK,LT-->HK,LT-->HK,LT-->HK,LT-->HK,LT-->HK,LT-->HK,LT-->HK,LT-->HK,LT-->HK,LT-->HK,LT-->HK
HU,HUN,Hungary,Budapest,Europe,Eastern Europe,,HU-->LT,HU-->LT,HU-->LT,HU-->LT,HU-->LT,HU-->LT,HU-->LT,HU-->LT,HU-->LT,HU-->LT,HU-->LT,HU-->LT,HU-->LT,HU-->LT,HU-->LT,HU-->LT,HU-->LT,HU-->LT,HU-->LT,,,,,,,,,,,,,,,,,LT-->HU,LT-->HU,LT-->HU,LT-->HU,LT-->HU,LT-->HU,LT-->HU,LT-->HU,LT-->HU,LT-->HU,LT-->HU,LT-->HU,LT-->HU,LT-->HU,LT-->HU,LT-->HU,LT-->HU,LT-->HU,LT-->HU
IS,ISL,Iceland,Reykjavík,Europe,Northern Europe,,IS-->LT,IS-->LT,IS-->LT,IS-->LT,IS-->LT,IS-->LT,IS-->LT,IS-->LT,IS-->LT,IS-->LT,IS-->LT,IS-->LT,IS-->LT,IS-->LT,IS-->LT,IS-->LT,IS-->LT,IS-->LT,IS-->LT,,,,,,,,,,,,,,,,,LT-->IS,LT-->IS,LT-->IS,LT-->IS,LT-->IS,LT-->IS,LT-->IS,LT-->IS,LT-->IS,LT-->IS,LT-->IS,LT-->IS,LT-->IS,LT-->IS,LT-->IS,LT-->IS,LT-->IS,LT-->IS,LT-->IS
IN,IND,India,New Delhi,Asia,Southern Asia,,IN-->LT,IN-->LT,IN-->LT,IN-->LT,IN-->LT,IN-->LT,IN-->LT,IN-->LT,IN-->LT,IN-->LT,IN-->LT,IN-->LT,IN-->LT,IN-->LT,IN-->LT,IN-->LT,IN-->LT,IN-->LT,IN-->LT,,,,,,,,,,,,,,,,,LT-->IN,LT-->IN,LT-->IN,LT-->IN,LT-->IN,LT-->IN,LT-->IN,LT-->IN,LT-->IN,LT-->IN,LT-->IN,LT-->IN,LT-->IN,LT-->IN,LT-->IN,LT-->IN,LT-->IN,LT-->IN,LT-->IN
ID,IDN,Indonesia,Jakarta,Asia,South-Eastern Asia,,ID-->LT,ID-->LT,ID-->LT,ID-->LT,ID-->LT,ID-->LT,ID-->LT,ID-->LT,ID-->LT,ID-->LT,ID-->LT,ID-->LT,ID-->LT,ID-->LT,ID-->LT,ID-->LT,ID-->LT,ID-->LT,ID-->LT,,,,,,,,,,,,,,,,,LT-->ID,LT-->ID,LT-->ID,LT-->ID,LT-->ID,LT-->ID,LT-->ID,LT-->ID,LT-->ID,LT-->ID,LT-->ID,LT-->ID,LT-->ID,LT-->ID,LT-->ID,LT-->ID,LT-->ID,LT-->ID,LT-->ID
CI,CIV,Ivory Coast,Yamoussoukro,Africa,Western Africa,,CI-->LT,CI-->LT,CI-->LT,CI-->LT,CI-->LT,CI-->LT,CI-->LT,CI-->LT,CI-->LT,CI-->LT,CI-->LT,CI-->LT,CI-->LT,CI-->LT,CI-->LT,CI-->LT,CI-->LT,CI-->LT,CI-->LT,,,,,,,,,,,,,,,,,LT-->CI,LT-->CI,LT-->CI,LT-->CI,LT-->CI,LT-->CI,LT-->CI,LT-->CI,LT-->CI,LT-->CI,LT-->CI,LT-->CI,LT-->CI,LT-->CI,LT-->CI,LT-->CI,LT-->CI,LT-->CI,LT-->CI
IR,IRN,Iran,Tehran,Asia,Southern Asia,,IR-->LT,IR-->LT,IR-->LT,IR-->LT,IR-->LT,IR-->LT,IR-->LT,IR-->LT,IR-->LT,IR-->LT,IR-->LT,IR-->LT,IR-->LT,IR-->LT,IR-->LT,IR-->LT,IR-->LT,IR-->LT,IR-->LT,,,,,,,,,,,,,,,,,LT-->IR,LT-->IR,LT-->IR,LT-->IR,LT-->IR,LT-->IR,LT-->IR,LT-->IR,LT-->IR,LT-->IR,LT-->IR,LT-->IR,LT-->IR,LT-->IR,LT-->IR,LT-->IR,LT-->IR,LT-->IR,LT-->IR
IQ,IRQ,Iraq,Baghdad,Asia,Western Asia,,IQ-->LT,IQ-->LT,IQ-->LT,IQ-->LT,IQ-->LT,IQ-->LT,IQ-->LT,IQ-->LT,IQ-->LT,IQ-->LT,IQ-->LT,IQ-->LT,IQ-->LT,IQ-->LT,IQ-->LT,IQ-->LT,IQ-->LT,IQ-->LT,IQ-->LT,,,,,,,,,,,,,,,,,LT-->IQ,LT-->IQ,LT-->IQ,LT-->IQ,LT-->IQ,LT-->IQ,LT-->IQ,LT-->IQ,LT-->IQ,LT-->IQ,LT-->IQ,LT-->IQ,LT-->IQ,LT-->IQ,LT-->IQ,LT-->IQ,LT-->IQ,LT-->IQ,LT-->IQ
IE,IRL,Republic of Ireland,Dublin,Europe,Northern Europe,,IE-->LT,IE-->LT,IE-->LT,IE-->LT,IE-->LT,IE-->LT,IE-->LT,IE-->LT,IE-->LT,IE-->LT,IE-->LT,IE-->LT,IE-->LT,IE-->LT,IE-->LT,IE-->LT,IE-->LT,IE-->LT,IE-->LT,,,,,,,,,,,,,,,,,LT-->IE,LT-->IE,LT-->IE,LT-->IE,LT-->IE,LT-->IE,LT-->IE,LT-->IE,LT-->IE,LT-->IE,LT-->IE,LT-->IE,LT-->IE,LT-->IE,LT-->IE,LT-->IE,LT-->IE,LT-->IE,LT-->IE
IM,IMN,Isle of Man,Douglas,Europe,Northern Europe,,IM-->LT,IM-->LT,IM-->LT,IM-->LT,IM-->LT,IM-->LT,IM-->LT,IM-->LT,IM-->LT,IM-->LT,IM-->LT,IM-->LT,IM-->LT,IM-->LT,IM-->LT,IM-->LT,IM-->LT,IM-->LT,IM-->LT,,,,,,,,,,,,,,,,,LT-->IM,LT-->IM,LT-->IM,LT-->IM,LT-->IM,LT-->IM,LT-->IM,LT-->IM,LT-->IM,LT-->IM,LT-->IM,LT-->IM,LT-->IM,LT-->IM,LT-->IM,LT-->IM,LT-->IM,LT-->IM,LT-->IM
IL,ISR,Israel,Jerusalem,Asia,Western Asia,,IL-->LT,IL-->LT,IL-->LT,IL-->LT,IL-->LT,IL-->LT,IL-->LT,IL-->LT,IL-->LT,IL-->LT,IL-->LT,IL-->LT,IL-->LT,IL-->LT,IL-->LT,IL-->LT,IL-->LT,IL-->LT,IL-->LT,,,,,,,,,,,,,,,,,LT-->IL,LT-->IL,LT-->IL,LT-->IL,LT-->IL,LT-->IL,LT-->IL,LT-->IL,LT-->IL,LT-->IL,LT-->IL,LT-->IL,LT-->IL,LT-->IL,LT-->IL,LT-->IL,LT-->IL,LT-->IL,LT-->IL
IT,ITA,Italy,Rome,Europe,Southern Europe,,IT-->LT,IT-->LT,IT-->LT,IT-->LT,IT-->LT,IT-->LT,IT-->LT,IT-->LT,IT-->LT,IT-->LT,IT-->LT,IT-->LT,IT-->LT,IT-->LT,IT-->LT,IT-->LT,IT-->LT,IT-->LT,IT-->LT,,,,,,,,,,,,,,,,,LT-->IT,LT-->IT,LT-->IT,LT-->IT,LT-->IT,LT-->IT,LT-->IT,LT-->IT,LT-->IT,LT-->IT,LT-->IT,LT-->IT,LT-->IT,LT-->IT,LT-->IT,LT-->IT,LT-->IT,LT-->IT,LT-->IT
JM,JAM,Jamaica,Kingston,Americas,Caribbean,,JM-->LT,JM-->LT,JM-->LT,JM-->LT,JM-->LT,JM-->LT,JM-->LT,JM-->LT,JM-->LT,JM-->LT,JM-->LT,JM-->LT,JM-->LT,JM-->LT,JM-->LT,JM-->LT,JM-->LT,JM-->LT,JM-->LT,,,,,,,,,,,,,,,,,LT-->JM,LT-->JM,LT-->JM,LT-->JM,LT-->JM,LT-->JM,LT-->JM,LT-->JM,LT-->JM,LT-->JM,LT-->JM,LT-->JM,LT-->JM,LT-->JM,LT-->JM,LT-->JM,LT-->JM,LT-->JM,LT-->JM
JP,JPN,Japan,Tokyo,Asia,Eastern Asia,,JP-->LT,JP-->LT,JP-->LT,JP-->LT,JP-->LT,JP-->LT,JP-->LT,JP-->LT,JP-->LT,JP-->LT,JP-->LT,JP-->LT,JP-->LT,JP-->LT,JP-->LT,JP-->LT,JP-->LT,JP-->LT,JP-->LT,,,,,,,,,,,,,,,,,LT-->JP,LT-->JP,LT-->JP,LT-->JP,LT-->JP,LT-->JP,LT-->JP,LT-->JP,LT-->JP,LT-->JP,LT-->JP,LT-->JP,LT-->JP,LT-->JP,LT-->JP,LT-->JP,LT-->JP,LT-->JP,LT-->JP
JE,JEY,Jersey,Saint Helier,Europe,Northern Europe,,JE-->LT,JE-->LT,JE-->LT,JE-->LT,JE-->LT,JE-->LT,JE-->LT,JE-->LT,JE-->LT,JE-->LT,JE-->LT,JE-->LT,JE-->LT,JE-->LT,JE-->LT,JE-->LT,JE-->LT,JE-->LT,JE-->LT,,,,,,,,,,,,,,,,,LT-->JE,LT-->JE,LT-->JE,LT-->JE,LT-->JE,LT-->JE,LT-->JE,LT-->JE,LT-->JE,LT-->JE,LT-->JE,LT-->JE,LT-->JE,LT-->JE,LT-->JE,LT-->JE,LT-->JE,LT-->JE,LT-->JE
JO,JOR,Jordan,Amman,Asia,Western Asia,,JO-->LT,JO-->LT,JO-->LT,JO-->LT,JO-->LT,JO-->LT,JO-->LT,JO-->LT,JO-->LT,JO-->LT,JO-->LT,JO-->LT,JO-->LT,JO-->LT,JO-->LT,JO-->LT,JO-->LT,JO-->LT,JO-->LT,,,,,,,,,,,,,,,,,LT-->JO,LT-->JO,LT-->JO,LT-->JO,LT-->JO,LT-->JO,LT-->JO,LT-->JO,LT-->JO,LT-->JO,LT-->JO,LT-->JO,LT-->JO,LT-->JO,LT-->JO,LT-->JO,LT-->JO,LT-->JO,LT-->JO
KZ,KAZ,Kazakhstan,Astana,Asia,Central Asia,,KZ-->LT,KZ-->LT,KZ-->LT,KZ-->LT,KZ-->LT,KZ-->LT,KZ-->LT,KZ-->LT,KZ-->LT,KZ-->LT,KZ-->LT,KZ-->LT,KZ-->LT,KZ-->LT,KZ-->LT,KZ-->LT,KZ-->LT,KZ-->LT,KZ-->LT,,,,,,,,,,,,,,,,,LT-->KZ,LT-->KZ,LT-->KZ,LT-->KZ,LT-->KZ,LT-->KZ,LT-->KZ,LT-->KZ,LT-->KZ,LT-->KZ,LT-->KZ,LT-->KZ,LT-->KZ,LT-->KZ,LT-->KZ,LT-->KZ,LT-->KZ,LT-->KZ,LT-->KZ
KE,KEN,Kenya,Nairobi,Africa,Eastern Africa,,KE-->LT,KE-->LT,KE-->LT,KE-->LT,KE-->LT,KE-->LT,KE-->LT,KE-->LT,KE-->LT,KE-->LT,KE-->LT,KE-->LT,KE-->LT,KE-->LT,KE-->LT,KE-->LT,KE-->LT,KE-->LT,KE-->LT,,,,,,,,,,,,,,,,,LT-->KE,LT-->KE,LT-->KE,LT-->KE,LT-->KE,LT-->KE,LT-->KE,LT-->KE,LT-->KE,LT-->KE,LT-->KE,LT-->KE,LT-->KE,LT-->KE,LT-->KE,LT-->KE,LT-->KE,LT-->KE,LT-->KE
KI,KIR,Kiribati,South Tarawa,Oceania,Micronesia,,KI-->LT,KI-->LT,KI-->LT,KI-->LT,KI-->LT,KI-->LT,KI-->LT,KI-->LT,KI-->LT,KI-->LT,KI-->LT,KI-->LT,KI-->LT,KI-->LT,KI-->LT,KI-->LT,KI-->LT,KI-->LT,KI-->LT,,,,,,,,,,,,,,,,,LT-->KI,LT-->KI,LT-->KI,LT-->KI,LT-->KI,LT-->KI,LT-->KI,LT-->KI,LT-->KI,LT-->KI,LT-->KI,LT-->KI,LT-->KI,LT-->KI,LT-->KI,LT-->KI,LT-->KI,LT-->KI,LT-->KI
KW,KWT,Kuwait,Kuwait City,Asia,Western Asia,,KW-->LT,KW-->LT,KW-->LT,KW-->LT,KW-->LT,KW-->LT,KW-->LT,KW-->LT,KW-->LT,KW-->LT,KW-->LT,KW-->LT,KW-->LT,KW-->LT,KW-->LT,KW-->LT,KW-->LT,KW-->LT,KW-->LT,,,,,,,,,,,,,,,,,LT-->KW,LT-->KW,LT-->KW,LT-->KW,LT-->KW,LT-->KW,LT-->KW,LT-->KW,LT-->KW,LT-->KW,LT-->KW,LT-->KW,LT-->KW,LT-->KW,LT-->KW,LT-->KW,LT-->KW,LT-->KW,LT-->KW
KG,KGZ,Kyrgyzstan,Bishkek,Asia,Central Asia,,KG-->LT,KG-->LT,KG-->LT,KG-->LT,KG-->LT,KG-->LT,KG-->LT,KG-->LT,KG-->LT,KG-->LT,KG-->LT,KG-->LT,KG-->LT,KG-->LT,KG-->LT,KG-->LT,KG-->LT,KG-->LT,KG-->LT,,,,,,,,,,,,,,,,,LT-->KG,LT-->KG,LT-->KG,LT-->KG,LT-->KG,LT-->KG,LT-->KG,LT-->KG,LT-->KG,LT-->KG,LT-->KG,LT-->KG,LT-->KG,LT-->KG,LT-->KG,LT-->KG,LT-->KG,LT-->KG,LT-->KG
LA,LAO,Laos,Vientiane,Asia,South-Eastern Asia,,LA-->LT,LA-->LT,LA-->LT,LA-->LT,LA-->LT,LA-->LT,LA-->LT,LA-->LT,LA-->LT,LA-->LT,LA-->LT,LA-->LT,LA-->LT,LA-->LT,LA-->LT,LA-->LT,LA-->LT,LA-->LT,LA-->LT,,,,,,,,,,,,,,,,,LT-->LA,LT-->LA,LT-->LA,LT-->LA,LT-->LA,LT-->LA,LT-->LA,LT-->LA,LT-->LA,LT-->LA,LT-->LA,LT-->LA,LT-->LA,LT-->LA,LT-->LA,LT-->LA,LT-->LA,LT-->LA,LT-->LA
LV,LVA,Latvia,Riga,Europe,Northern Europe,,LV-->LT,LV-->LT,LV-->LT,LV-->LT,LV-->LT,LV-->LT,LV-->LT,LV-->LT,LV-->LT,LV-->LT,LV-->LT,LV-->LT,LV-->LT,LV-->LT,LV-->LT,LV-->LT,LV-->LT,LV-->LT,LV-->LT,,,,,,,,,,,,,,,,,LT-->LV,LT-->LV,LT-->LV,LT-->LV,LT-->LV,LT-->LV,LT-->LV,LT-->LV,LT-->LV,LT-->LV,LT-->LV,LT-->LV,LT-->LV,LT-->LV,LT-->LV,LT-->LV,LT-->LV,LT-->LV,LT-->LV
LB,LBN,Lebanon,Beirut,Asia,Western Asia,,LB-->LT,LB-->LT,LB-->LT,LB-->LT,LB-->LT,LB-->LT,LB-->LT,LB-->LT,LB-->LT,LB-->LT,LB-->LT,LB-->LT,LB-->LT,LB-->LT,LB-->LT,LB-->LT,LB-->LT,LB-->LT,LB-->LT,,,,,,,,,,,,,,,,,LT-->LB,LT-->LB,LT-->LB,LT-->LB,LT-->LB,LT-->LB,LT-->LB,LT-->LB,LT-->LB,LT-->LB,LT-->LB,LT-->LB,LT-->LB,LT-->LB,LT-->LB,LT-->LB,LT-->LB,LT-->LB,LT-->LB
LS,LSO,Lesotho,Maseru,Africa,Southern Africa,,LS-->LT,LS-->LT,LS-->LT,LS-->LT,LS-->LT,LS-->LT,LS-->LT,LS-->LT,LS-->LT,LS-->LT,LS-->LT,LS-->LT,LS-->LT,LS-->LT,LS-->LT,LS-->LT,LS-->LT,LS-->LT,LS-->LT,,,,,,,,,,,,,,,,,LT-->LS,LT-->LS,LT-->LS,LT-->LS,LT-->LS,LT-->LS,LT-->LS,LT-->LS,LT-->LS,LT-->LS,LT-->LS,LT-->LS,LT-->LS,LT-->LS,LT-->LS,LT-->LS,LT-->LS,LT-->LS,LT-->LS
LR,LBR,Liberia,Monrovia,Africa,Western Africa,,LR-->LT,LR-->LT,LR-->LT,LR-->LT,LR-->LT,LR-->LT,LR-->LT,LR-->LT,LR-->LT,LR-->LT,LR-->LT,LR-->LT,LR-->LT,LR-->LT,LR-->LT,LR-->LT,LR-->LT,LR-->LT,LR-->LT,,,,,,,,,,,,,,,,,LT-->LR,LT-->LR,LT-->LR,LT-->LR,LT-->LR,LT-->LR,LT-->LR,LT-->LR,LT-->LR,LT-->LR,LT-->LR,LT-->LR,LT-->LR,LT-->LR,LT-->LR,LT-->LR,LT-->LR,LT-->LR,LT-->LR
LY,LBY,Libya,Tripoli,Africa,Northern Africa,,LY-->LT,LY-->LT,LY-->LT,LY-->LT,LY-->LT,LY-->LT,LY-->LT,LY-->LT,LY-->LT,LY-->LT,LY-->LT,LY-->LT,LY-->LT,LY-->LT,LY-->LT,LY-->LT,LY-->LT,LY-->LT,LY-->LT,,,,,,,,,,,,,,,,,LT-->LY,LT-->LY,LT-->LY,LT-->LY,LT-->LY,LT-->LY,LT-->LY,LT-->LY,LT-->LY,LT-->LY,LT-->LY,LT-->LY,LT-->LY,LT-->LY,LT-->LY,LT-->LY,LT-->LY,LT-->LY,LT-->LY
LI,LIE,Liechtenstein,Vaduz,Europe,Western Europe,,LI-->LT,LI-->LT,LI-->LT,LI-->LT,LI-->LT,LI-->LT,LI-->LT,LI-->LT,LI-->LT,LI-->LT,LI-->LT,LI-->LT,LI-->LT,LI-->LT,LI-->LT,LI-->LT,LI-->LT,LI-->LT,LI-->LT,,,,,,,,,,,,,,,,,LT-->LI,LT-->LI,LT-->LI,LT-->LI,LT-->LI,LT-->LI,LT-->LI,LT-->LI,LT-->LI,LT-->LI,LT-->LI,LT-->LI,LT-->LI,LT-->LI,LT-->LI,LT-->LI,LT-->LI,LT-->LI,LT-->LI
LT,LTU,Lithuania,Vilnius,Europe,Northern Europe,,LT-->LT,LT-->LT,LT-->LT,LT-->LT,LT-->LT,LT-->LT,LT-->LT,LT-->LT,LT-->LT,LT-->LT,LT-->LT,LT-->LT,LT-->LT,LT-->LT,LT-->LT,LT-->LT,LT-->LT,LT-->LT,LT-->LT,,,,,,,,,,,,,,,,,LT-->LT,LT-->LT,LT-->LT,LT-->LT,LT-->LT,LT-->LT,LT-->LT,LT-->LT,LT-->LT,LT-->LT,LT-->LT,LT-->LT,LT-->LT,LT-->LT,LT-->LT,LT-->LT,LT-->LT,LT-->LT,LT-->LT
LU,LUX,Luxembourg,Luxembourg,Europe,Western Europe,,LU-->LT,LU-->LT,LU-->LT,LU-->LT,LU-->LT,LU-->LT,LU-->LT,LU-->LT,LU-->LT,LU-->LT,LU-->LT,LU-->LT,LU-->LT,LU-->LT,LU-->LT,LU-->LT,LU-->LT,LU-->LT,LU-->LT,,,,,,,,,,,,,,,,,LT-->LU,LT-->LU,LT-->LU,LT-->LU,LT-->LU,LT-->LU,LT-->LU,LT-->LU,LT-->LU,LT-->LU,LT-->LU,LT-->LU,LT-->LU,LT-->LU,LT-->LU,LT-->LU,LT-->LU,LT-->LU,LT-->LU
MO,MAC,Macau,,Asia,Eastern Asia,,MO-->LT,MO-->LT,MO-->LT,MO-->LT,MO-->LT,MO-->LT,MO-->LT,MO-->LT,MO-->LT,MO-->LT,MO-->LT,MO-->LT,MO-->LT,MO-->LT,MO-->LT,MO-->LT,MO-->LT,MO-->LT,MO-->LT,,,,,,,,,,,,,,,,,LT-->MO,LT-->MO,LT-->MO,LT-->MO,LT-->MO,LT-->MO,LT-->MO,LT-->MO,LT-->MO,LT-->MO,LT-->MO,LT-->MO,LT-->MO,LT-->MO,LT-->MO,LT-->MO,LT-->MO,LT-->MO,LT-->MO
MK,MKD,Republic of Macedonia,Skopje,Europe,Southern Europe,,MK-->LT,MK-->LT,MK-->LT,MK-->LT,MK-->LT,MK-->LT,MK-->LT,MK-->LT,MK-->LT,MK-->LT,MK-->LT,MK-->LT,MK-->LT,MK-->LT,MK-->LT,MK-->LT,MK-->LT,MK-->LT,MK-->LT,,,,,,,,,,,,,,,,,LT-->MK,LT-->MK,LT-->MK,LT-->MK,LT-->MK,LT-->MK,LT-->MK,LT-->MK,LT-->MK,LT-->MK,LT-->MK,LT-->MK,LT-->MK,LT-->MK,LT-->MK,LT-->MK,LT-->MK,LT-->MK,LT-->MK
MG,MDG,Madagascar,Antananarivo,Africa,Eastern Africa,,MG-->LT,MG-->LT,MG-->LT,MG-->LT,MG-->LT,MG-->LT,MG-->LT,MG-->LT,MG-->LT,MG-->LT,MG-->LT,MG-->LT,MG-->LT,MG-->LT,MG-->LT,MG-->LT,MG-->LT,MG-->LT,MG-->LT,,,,,,,,,,,,,,,,,LT-->MG,LT-->MG,LT-->MG,LT-->MG,LT-->MG,LT-->MG,LT-->MG,LT-->MG,LT-->MG,LT-->MG,LT-->MG,LT-->MG,LT-->MG,LT-->MG,LT-->MG,LT-->MG,LT-->MG,LT-->MG,LT-->MG
MW,MWI,Malawi,Lilongwe,Africa,Eastern Africa,,MW-->LT,MW-->LT,MW-->LT,MW-->LT,MW-->LT,MW-->LT,MW-->LT,MW-->LT,MW-->LT,MW-->LT,MW-->LT,MW-->LT,MW-->LT,MW-->LT,MW-->LT,MW-->LT,MW-->LT,MW-->LT,MW-->LT,,,,,,,,,,,,,,,,,LT-->MW,LT-->MW,LT-->MW,LT-->MW,LT-->MW,LT-->MW,LT-->MW,LT-->MW,LT-->MW,LT-->MW,LT-->MW,LT-->MW,LT-->MW,LT-->MW,LT-->MW,LT-->MW,LT-->MW,LT-->MW,LT-->MW
MY,MYS,Malaysia,Kuala Lumpur,Asia,South-Eastern Asia,,MY-->LT,MY-->LT,MY-->LT,MY-->LT,MY-->LT,MY-->LT,MY-->LT,MY-->LT,MY-->LT,MY-->LT,MY-->LT,MY-->LT,MY-->LT,MY-->LT,MY-->LT,MY-->LT,MY-->LT,MY-->LT,MY-->LT,,,,,,,,,,,,,,,,,LT-->MY,LT-->MY,LT-->MY,LT-->MY,LT-->MY,LT-->MY,LT-->MY,LT-->MY,LT-->MY,LT-->MY,LT-->MY,LT-->MY,LT-->MY,LT-->MY,LT-->MY,LT-->MY,LT-->MY,LT-->MY,LT-->MY
MV,MDV,Maldives,Malé,Asia,Southern Asia,,MV-->LT,MV-->LT,MV-->LT,MV-->LT,MV-->LT,MV-->LT,MV-->LT,MV-->LT,MV-->LT,MV-->LT,MV-->LT,MV-->LT,MV-->LT,MV-->LT,MV-->LT,MV-->LT,MV-->LT,MV-->LT,MV-->LT,,,,,,,,,,,,,,,,,LT-->MV,LT-->MV,LT-->MV,LT-->MV,LT-->MV,LT-->MV,LT-->MV,LT-->MV,LT-->MV,LT-->MV,LT-->MV,LT-->MV,LT-->MV,LT-->MV,LT-->MV,LT-->MV,LT-->MV,LT-->MV,LT-->MV
ML,MLI,Mali,Bamako,Africa,Western Africa,,ML-->LT,ML-->LT,ML-->LT,ML-->LT,ML-->LT,ML-->LT,ML-->LT,ML-->LT,ML-->LT,ML-->LT,ML-->LT,ML-->LT,ML-->LT,ML-->LT,ML-->LT,ML-->LT,ML-->LT,ML-->LT,ML-->LT,,,,,,,,,,,,,,,,,LT-->ML,LT-->ML,LT-->ML,LT-->ML,LT-->ML,LT-->ML,LT-->ML,LT-->ML,LT-->ML,LT-->ML,LT-->ML,LT-->ML,LT-->ML,LT-->ML,LT-->ML,LT-->ML,LT-->ML,LT-->ML,LT-->ML
MT,MLT,Malta,Valletta,Europe,Southern Europe,,MT-->LT,MT-->LT,MT-->LT,MT-->LT,MT-->LT,MT-->LT,MT-->LT,MT-->LT,MT-->LT,MT-->LT,MT-->LT,MT-->LT,MT-->LT,MT-->LT,MT-->LT,MT-->LT,MT-->LT,MT-->LT,MT-->LT,,,,,,,,,,,,,,,,,LT-->MT,LT-->MT,LT-->MT,LT-->MT,LT-->MT,LT-->MT,LT-->MT,LT-->MT,LT-->MT,LT-->MT,LT-->MT,LT-->MT,LT-->MT,LT-->MT,LT-->MT,LT-->MT,LT-->MT,LT-->MT,LT-->MT
MH,MHL,Marshall Islands,Majuro,Oceania,Micronesia,,MH-->LT,MH-->LT,MH-->LT,MH-->LT,MH-->LT,MH-->LT,MH-->LT,MH-->LT,MH-->LT,MH-->LT,MH-->LT,MH-->LT,MH-->LT,MH-->LT,MH-->LT,MH-->LT,MH-->LT,MH-->LT,MH-->LT,,,,,,,,,,,,,,,,,LT-->MH,LT-->MH,LT-->MH,LT-->MH,LT-->MH,LT-->MH,LT-->MH,LT-->MH,LT-->MH,LT-->MH,LT-->MH,LT-->MH,LT-->MH,LT-->MH,LT-->MH,LT-->MH,LT-->MH,LT-->MH,LT-->MH
MQ,MTQ,Martinique,Fort-de-France,Americas,Caribbean,,MQ-->LT,MQ-->LT,MQ-->LT,MQ-->LT,MQ-->LT,MQ-->LT,MQ-->LT,MQ-->LT,MQ-->LT,MQ-->LT,MQ-->LT,MQ-->LT,MQ-->LT,MQ-->LT,MQ-->LT,MQ-->LT,MQ-->LT,MQ-->LT,MQ-->LT,,,,,,,,,,,,,,,,,LT-->MQ,LT-->MQ,LT-->MQ,LT-->MQ,LT-->MQ,LT-->MQ,LT-->MQ,LT-->MQ,LT-->MQ,LT-->MQ,LT-->MQ,LT-->MQ,LT-->MQ,LT-->MQ,LT-->MQ,LT-->MQ,LT-->MQ,LT-->MQ,LT-->MQ
MR,MRT,Mauritania,Nouakchott,Africa,Western Africa,,MR-->LT,MR-->LT,MR-->LT,MR-->LT,MR-->LT,MR-->LT,MR-->LT,MR-->LT,MR-->LT,MR-->LT,MR-->LT,MR-->LT,MR-->LT,MR-->LT,MR-->LT,MR-->LT,MR-->LT,MR-->LT,MR-->LT,0.0,,,,,,,,,,,,,,,,LT-->MR,LT-->MR,LT-->MR,LT-->MR,LT-->MR,LT-->MR,LT-->MR,LT-->MR,LT-->MR,LT-->MR,LT-->MR,LT-->MR,LT-->MR,LT-->MR,LT-->MR,LT-->MR,LT-->MR,LT-->MR,LT-->MR
MU,MUS,Mauritius,Port Louis,Africa,Eastern Africa,,MU-->LT,MU-->LT,MU-->LT,MU-->LT,MU-->LT,MU-->LT,MU-->LT,MU-->LT,MU-->LT,MU-->LT,MU-->LT,MU-->LT,MU-->LT,MU-->LT,MU-->LT,MU-->LT,MU-->LT,MU-->LT,MU-->LT,,,,,,,,,,,,,,,,,LT-->MU,LT-->MU,LT-->MU,LT-->MU,LT-->MU,LT-->MU,LT-->MU,LT-->MU,LT-->MU,LT-->MU,LT-->MU,LT-->MU,LT-->MU,LT-->MU,LT-->MU,LT-->MU,LT-->MU,LT-->MU,LT-->MU
YT,MYT,Mayotte,Mamoudzou,Africa,Eastern Africa,,YT-->LT,YT-->LT,YT-->LT,YT-->LT,YT-->LT,YT-->LT,YT-->LT,YT-->LT,YT-->LT,YT-->LT,YT-->LT,YT-->LT,YT-->LT,YT-->LT,YT-->LT,YT-->LT,YT-->LT,YT-->LT,YT-->LT,,,,,,,,,,,,,,,,,LT-->YT,LT-->YT,LT-->YT,LT-->YT,LT-->YT,LT-->YT,LT-->YT,LT-->YT,LT-->YT,LT-->YT,LT-->YT,LT-->YT,LT-->YT,LT-->YT,LT-->YT,LT-->YT,LT-->YT,LT-->YT,LT-->YT
MX,MEX,Mexico,Mexico City,Americas,Central America,,MX-->LT,MX-->LT,MX-->LT,MX-->LT,MX-->LT,MX-->LT,MX-->LT,MX-->LT,MX-->LT,MX-->LT,MX-->LT,MX-->LT,MX-->LT,MX-->LT,MX-->LT,MX-->LT,MX-->LT,MX-->LT,MX-->LT,,,,,,,,,,,,,,,,,LT-->MX,LT-->MX,LT-->MX,LT-->MX,LT-->MX,LT-->MX,LT-->MX,LT-->MX,LT-->MX,LT-->MX,LT-->MX,LT-->MX,LT-->MX,LT-->MX,LT-->MX,LT-->MX,LT-->MX,LT-->MX,LT-->MX
FM,FSM,Federated States of Micronesia,Palikir,Oceania,Micronesia,,FM-->LT,FM-->LT,FM-->LT,FM-->LT,FM-->LT,FM-->LT,FM-->LT,FM-->LT,FM-->LT,FM-->LT,FM-->LT,FM-->LT,FM-->LT,FM-->LT,FM-->LT,FM-->LT,FM-->LT,FM-->LT,FM-->LT,,,,,,,,,,,,,,,,,LT-->FM,LT-->FM,LT-->FM,LT-->FM,LT-->FM,LT-->FM,LT-->FM,LT-->FM,LT-->FM,LT-->FM,LT-->FM,LT-->FM,LT-->FM,LT-->FM,LT-->FM,LT-->FM,LT-->FM,LT-->FM,LT-->FM
MD,MDA,Moldova,Chișinău,Europe,Eastern Europe,,MD-->LT,MD-->LT,MD-->LT,MD-->LT,MD-->LT,MD-->LT,MD-->LT,MD-->LT,MD-->LT,MD-->LT,MD-->LT,MD-->LT,MD-->LT,MD-->LT,MD-->LT,MD-->LT,MD-->LT,MD-->LT,MD-->LT,,,,,,,,,,,,,,,,,LT-->MD,LT-->MD,LT-->MD,LT-->MD,LT-->MD,LT-->MD,LT-->MD,LT-->MD,LT-->MD,LT-->MD,LT-->MD,LT-->MD,LT-->MD,LT-->MD,LT-->MD,LT-->MD,LT-->MD,LT-->MD,LT-->MD
MC,MCO,Monaco,Monaco,Europe,Western Europe,,MC-->LT,MC-->LT,MC-->LT,MC-->LT,MC-->LT,MC-->LT,MC-->LT,MC-->LT,MC-->LT,MC-->LT,MC-->LT,MC-->LT,MC-->LT,MC-->LT,MC-->LT,MC-->LT,MC-->LT,MC-->LT,MC-->LT,,,,,,,,,,,,,,,,,LT-->MC,LT-->MC,LT-->MC,LT-->MC,LT-->MC,LT-->MC,LT-->MC,LT-->MC,LT-->MC,LT-->MC,LT-->MC,LT-->MC,LT-->MC,LT-->MC,LT-->MC,LT-->MC,LT-->MC,LT-->MC,LT-->MC
MN,MNG,Mongolia,Ulan Bator,Asia,Eastern Asia,,MN-->LT,MN-->LT,MN-->LT,MN-->LT,MN-->LT,MN-->LT,MN-->LT,MN-->LT,MN-->LT,MN-->LT,MN-->LT,MN-->LT,MN-->LT,MN-->LT,MN-->LT,MN-->LT,MN-->LT,MN-->LT,MN-->LT,,,,,,,,,,,,,,,,,LT-->MN,LT-->MN,LT-->MN,LT-->MN,LT-->MN,LT-->MN,LT-->MN,LT-->MN,LT-->MN,LT-->MN,LT-->MN,LT-->MN,LT-->MN,LT-->MN,LT-->MN,LT-->MN,LT-->MN,LT-->MN,LT-->MN
ME,MNE,Montenegro,Podgorica,Europe,Southern Europe,,ME-->LT,ME-->LT,ME-->LT,ME-->LT,ME-->LT,ME-->LT,ME-->LT,ME-->LT,ME-->LT,ME-->LT,ME-->LT,ME-->LT,ME-->LT,ME-->LT,ME-->LT,ME-->LT,ME-->LT,ME-->LT,ME-->LT,,,,,,,,,,,,,,,,,LT-->ME,LT-->ME,LT-->ME,LT-->ME,LT-->ME,LT-->ME,LT-->ME,LT-->ME,LT-->ME,LT-->ME,LT-->ME,LT-->ME,LT-->ME,LT-->ME,LT-->ME,LT-->ME,LT-->ME,LT-->ME,LT-->ME
MS,MSR,Montserrat,Plymouth,Americas,Caribbean,,MS-->LT,MS-->LT,MS-->LT,MS-->LT,MS-->LT,MS-->LT,MS-->LT,MS-->LT,MS-->LT,MS-->LT,MS-->LT,MS-->LT,MS-->LT,MS-->LT,MS-->LT,MS-->LT,MS-->LT,MS-->LT,MS-->LT,,,,,,,,,,,,,,,,,LT-->MS,LT-->MS,LT-->MS,LT-->MS,LT-->MS,LT-->MS,LT-->MS,LT-->MS,LT-->MS,LT-->MS,LT-->MS,LT-->MS,LT-->MS,LT-->MS,LT-->MS,LT-->MS,LT-->MS,LT-->MS,LT-->MS
MA,MAR,Morocco,Rabat,Africa,Northern Africa,,MA-->LT,MA-->LT,MA-->LT,MA-->LT,MA-->LT,MA-->LT,MA-->LT,MA-->LT,MA-->LT,MA-->LT,MA-->LT,MA-->LT,MA-->LT,MA-->LT,MA-->LT,MA-->LT,MA-->LT,MA-->LT,MA-->LT,,,,,,,,,,,,,,,,,LT-->MA,LT-->MA,LT-->MA,LT-->MA,LT-->MA,LT-->MA,LT-->MA,LT-->MA,LT-->MA,LT-->MA,LT-->MA,LT-->MA,LT-->MA,LT-->MA,LT-->MA,LT-->MA,LT-->MA,LT-->MA,LT-->MA
MZ,MOZ,Mozambique,Maputo,Africa,Eastern Africa,,MZ-->LT,MZ-->LT,MZ-->LT,MZ-->LT,MZ-->LT,MZ-->LT,MZ-->LT,MZ-->LT,MZ-->LT,MZ-->LT,MZ-->LT,MZ-->LT,MZ-->LT,MZ-->LT,MZ-->LT,MZ-->LT,MZ-->LT,MZ-->LT,MZ-->LT,,,,,,,,,,,,,,,,,LT-->MZ,LT-->MZ,LT-->MZ,LT-->MZ,LT-->MZ,LT-->MZ,LT-->MZ,LT-->MZ,LT-->MZ,LT-->MZ,LT-->MZ,LT-->MZ,LT-->MZ,LT-->MZ,LT-->MZ,LT-->MZ,LT-->MZ,LT-->MZ,LT-->MZ
MM,MMR,Myanmar,Naypyidaw,Asia,South-Eastern Asia,,MM-->LT,MM-->LT,MM-->LT,MM-->LT,MM-->LT,MM-->LT,MM-->LT,MM-->LT,MM-->LT,MM-->LT,MM-->LT,MM-->LT,MM-->LT,MM-->LT,MM-->LT,MM-->LT,MM-->LT,MM-->LT,MM-->LT,,,,,,,,,,,,,,,,,LT-->MM,LT-->MM,LT-->MM,LT-->MM,LT-->MM,LT-->MM,LT-->MM,LT-->MM,LT-->MM,LT-->MM,LT-->MM,LT-->MM,LT-->MM,LT-->MM,LT-->MM,LT-->MM,LT-->MM,LT-->MM,LT-->MM
,NAM,Namibia,Windhoek,Africa,Southern Africa,,NA-->LT,NA-->LT,NA-->LT,NA-->LT,NA-->LT,NA-->LT,NA-->LT,NA-->LT,NA-->LT,NA-->LT,NA-->LT,NA-->LT,NA-->LT,NA-->LT,NA-->LT,NA-->LT,NA-->LT,NA-->LT,NA-->LT,,,,,,,,,,,,,,,,,LT-->NA,LT-->NA,LT-->NA,LT-->NA,LT-->NA,LT-->NA,LT-->NA,LT-->NA,LT-->NA,LT-->NA,LT-->NA,LT-->NA,LT-->NA,LT-->NA,LT-->NA,LT-->NA,LT-->NA,LT-->NA,LT-->NA
NR,NRU,Nauru,Yaren,Oceania,Micronesia,,NR-->LT,NR-->LT,NR-->LT,NR-->LT,NR-->LT,NR-->LT,NR-->LT,NR-->LT,NR-->LT,NR-->LT,NR-->LT,NR-->LT,NR-->LT,NR-->LT,NR-->LT,NR-->LT,NR-->LT,NR-->LT,NR-->LT,,,,,,,,,,,,,,,,,LT-->NR,LT-->NR,LT-->NR,LT-->NR,LT-->NR,LT-->NR,LT-->NR,LT-->NR,LT-->NR,LT-->NR,LT-->NR,LT-->NR,LT-->NR,LT-->NR,LT-->NR,LT-->NR,LT-->NR,LT-->NR,LT-->NR
NP,NPL,Nepal,Kathmandu,Asia,Southern Asia,,NP-->LT,NP-->LT,NP-->LT,NP-->LT,NP-->LT,NP-->LT,NP-->LT,NP-->LT,NP-->LT,NP-->LT,NP-->LT,NP-->LT,NP-->LT,NP-->LT,NP-->LT,NP-->LT,NP-->LT,NP-->LT,NP-->LT,,,,,,,,,,,,,,,,,LT-->NP,LT-->NP,LT-->NP,LT-->NP,LT-->NP,LT-->NP,LT-->NP,LT-->NP,LT-->NP,LT-->NP,LT-->NP,LT-->NP,LT-->NP,LT-->NP,LT-->NP,LT-->NP,LT-->NP,LT-->NP,LT-->NP
NL,NLD,Netherlands,Amsterdam,Europe,Western Europe,,NL-->LT,NL-->LT,NL-->LT,NL-->LT,NL-->LT,NL-->LT,NL-->LT,NL-->LT,NL-->LT,NL-->LT,NL-->LT,NL-->LT,NL-->LT,NL-->LT,NL-->LT,NL-->LT,NL-->LT,NL-->LT,NL-->LT,,,,,,,,,,,,,,,,,LT-->NL,LT-->NL,LT-->NL,LT-->NL,LT-->NL,LT-->NL,LT-->NL,LT-->NL,LT-->NL,LT-->NL,LT-->NL,LT-->NL,LT-->NL,LT-->NL,LT-->NL,LT-->NL,LT-->NL,LT-->NL,LT-->NL
NC,NCL,New Caledonia,Nouméa,Oceania,Melanesia,,NC-->LT,NC-->LT,NC-->LT,NC-->LT,NC-->LT,NC-->LT,NC-->LT,NC-->LT,NC-->LT,NC-->LT,NC-->LT,NC-->LT,NC-->LT,NC-->LT,NC-->LT,NC-->LT,NC-->LT,NC-->LT,NC-->LT,,,,,,,,,,,,,,,,,LT-->NC,LT-->NC,LT-->NC,LT-->NC,LT-->NC,LT-->NC,LT-->NC,LT-->NC,LT-->NC,LT-->NC,LT-->NC,LT-->NC,LT-->NC,LT-->NC,LT-->NC,LT-->NC,LT-->NC,LT-->NC,LT-->NC
NZ,NZL,New Zealand,Wellington,Oceania,Australia and New Zealand,,NZ-->LT,NZ-->LT,NZ-->LT,NZ-->LT,NZ-->LT,NZ-->LT,NZ-->LT,NZ-->LT,NZ-->LT,NZ-->LT,NZ-->LT,NZ-->LT,NZ-->LT,NZ-->LT,NZ-->LT,NZ-->LT,NZ-->LT,NZ-->LT,NZ-->LT,,,,,,,,,,,,,,,,,LT-->NZ,LT-->NZ,LT-->NZ,LT-->NZ,LT-->NZ,LT-->NZ,LT-->NZ,LT-->NZ,LT-->NZ,LT-->NZ,LT-->NZ,LT-->NZ,LT-->NZ,LT-->NZ,LT-->NZ,LT-->NZ,LT-->NZ,LT-->NZ,LT-->NZ
NI,NIC,Nicaragua,Managua,Americas,Central America,,NI-->LT,NI-->LT,NI-->LT,NI-->LT,NI-->LT,NI-->LT,NI-->LT,NI-->LT,NI-->LT,NI-->LT,NI-->LT,NI-->LT,NI-->LT,NI-->LT,NI-->LT,NI-->LT,NI-->LT,NI-->LT,NI-->LT,,,,,,,,,,,,,,,,,LT-->NI,LT-->NI,LT-->NI,LT-->NI,LT-->NI,LT-->NI,LT-->NI,LT-->NI,LT-->NI,LT-->NI,LT-->NI,LT-->NI,LT-->NI,LT-->NI,LT-->NI,LT-->NI,LT-->NI,LT-->NI,LT-->NI
NE,NER,Niger,Niamey,Africa,Western Africa,,NE-->LT,NE-->LT,NE-->LT,NE-->LT,NE-->LT,NE-->LT,NE-->LT,NE-->LT,NE-->LT,NE-->LT,NE-->LT,NE-->LT,NE-->LT,NE-->LT,NE-->LT,NE-->LT,NE-->LT,NE-->LT,NE-->LT,,,,,,,,,,,,,,,,,LT-->NE,LT-->NE,LT-->NE,LT-->NE,LT-->NE,LT-->NE,LT-->NE,LT-->NE,LT-->NE,LT-->NE,LT-->NE,LT-->NE,LT-->NE,LT-->NE,LT-->NE,LT-->NE,LT-->NE,LT-->NE,LT-->NE
NG,NGA,Nigeria,Abuja,Africa,Western Africa,,NG-->LT,NG-->LT,NG-->LT,NG-->LT,NG-->LT,NG-->LT,NG-->LT,NG-->LT,NG-->LT,NG-->LT,NG-->LT,NG-->LT,NG-->LT,NG-->LT,NG-->LT,NG-->LT,NG-->LT,NG-->LT,NG-->LT,,,,,,,,,,,,,,,,,LT-->NG,LT-->NG,LT-->NG,LT-->NG,LT-->NG,LT-->NG,LT-->NG,LT-->NG,LT-->NG,LT-->NG,LT-->NG,LT-->NG,LT-->NG,LT-->NG,LT-->NG,LT-->NG,LT-->NG,LT-->NG,LT-->NG
NU,NIU,Niue,Alofi,Oceania,Polynesia,,NU-->LT,NU-->LT,NU-->LT,NU-->LT,NU-->LT,NU-->LT,NU-->LT,NU-->LT,NU-->LT,NU-->LT,NU-->LT,NU-->LT,NU-->LT,NU-->LT,NU-->LT,NU-->LT,NU-->LT,NU-->LT,NU-->LT,,,,,,,,,,,,,,,,,LT-->NU,LT-->NU,LT-->NU,LT-->NU,LT-->NU,LT-->NU,LT-->NU,LT-->NU,LT-->NU,LT-->NU,LT-->NU,LT-->NU,LT-->NU,LT-->NU,LT-->NU,LT-->NU,LT-->NU,LT-->NU,LT-->NU
NF,NFK,Norfolk Island,Kingston,Oceania,Australia and New Zealand,,NF-->LT,NF-->LT,NF-->LT,NF-->LT,NF-->LT,NF-->LT,NF-->LT,NF-->LT,NF-->LT,NF-->LT,NF-->LT,NF-->LT,NF-->LT,NF-->LT,NF-->LT,NF-->LT,NF-->LT,NF-->LT,NF-->LT,,,,,,,,,,,,,,,,,LT-->NF,LT-->NF,LT-->NF,LT-->NF,LT-->NF,LT-->NF,LT-->NF,LT-->NF,LT-->NF,LT-->NF,LT-->NF,LT-->NF,LT-->NF,LT-->NF,LT-->NF,LT-->NF,LT-->NF,LT-->NF,LT-->NF
KP,PRK,North Korea,Pyongyang,Asia,Eastern Asia,,KP-->LT,KP-->LT,KP-->LT,KP-->LT,KP-->LT,KP-->LT,KP-->LT,KP-->LT,KP-->LT,KP-->LT,KP-->LT,KP-->LT,KP-->LT,KP-->LT,KP-->LT,KP-->LT,KP-->LT,KP-->LT,KP-->LT,,,,,,,,,,,,,,,,,LT-->KP,LT-->KP,LT-->KP,LT-->KP,LT-->KP,LT-->KP,LT-->KP,LT-->KP,LT-->KP,LT-->KP,LT-->KP,LT-->KP,LT-->KP,LT-->KP,LT-->KP,LT-->KP,LT-->KP,LT-->KP,LT-->KP
MP,MNP,Northern Mariana Islands,Saipan,Oceania,Micronesia,,MP-->LT,MP-->LT,MP-->LT,MP-->LT,MP-->LT,MP-->LT,MP-->LT,MP-->LT,MP-->LT,MP-->LT,MP-->LT,MP-->LT,MP-->LT,MP-->LT,MP-->LT,MP-->LT,MP-->LT,MP-->LT,MP-->LT,,,,,,,,,,,,,,,,,LT-->MP,LT-->MP,LT-->MP,LT-->MP,LT-->MP,LT-->MP,LT-->MP,LT-->MP,LT-->MP,LT-->MP,LT-->MP,LT-->MP,LT-->MP,LT-->MP,LT-->MP,LT-->MP,LT-->MP,LT-->MP,LT-->MP
NO,NOR,Norway,Oslo,Europe,Northern Europe,,NO-->LT,NO-->LT,NO-->LT,NO-->LT,NO-->LT,NO-->LT,NO-->LT,NO-->LT,NO-->LT,NO-->LT,NO-->LT,NO-->LT,NO-->LT,NO-->LT,NO-->LT,NO-->LT,NO-->LT,NO-->LT,NO-->LT,,,,,,,,,,,,,,,,,LT-->NO,LT-->NO,LT-->NO,LT-->NO,LT-->NO,LT-->NO,LT-->NO,LT-->NO,LT-->NO,LT-->NO,LT-->NO,LT-->NO,LT-->NO,LT-->NO,LT-->NO,LT-->NO,LT-->NO,LT-->NO,LT-->NO
OM,OMN,Oman,Muscat,Asia,Western Asia,,OM-->LT,OM-->LT,OM-->LT,OM-->LT,OM-->LT,OM-->LT,OM-->LT,OM-->LT,OM-->LT,OM-->LT,OM-->LT,OM-->LT,OM-->LT,OM-->LT,OM-->LT,OM-->LT,OM-->LT,OM-->LT,OM-->LT,,,,,,,,,,,,,,,,,LT-->OM,LT-->OM,LT-->OM,LT-->OM,LT-->OM,LT-->OM,LT-->OM,LT-->OM,LT-->OM,LT-->OM,LT-->OM,LT-->OM,LT-->OM,LT-->OM,LT-->OM,LT-->OM,LT-->OM,LT-->OM,LT-->OM
PK,PAK,Pakistan,Islamabad,Asia,Southern Asia,,PK-->LT,PK-->LT,PK-->LT,PK-->LT,PK-->LT,PK-->LT,PK-->LT,PK-->LT,PK-->LT,PK-->LT,PK-->LT,PK-->LT,PK-->LT,PK-->LT,PK-->LT,PK-->LT,PK-->LT,PK-->LT,PK-->LT,,,,,,,,,,,,,,,,,LT-->PK,LT-->PK,LT-->PK,LT-->PK,LT-->PK,LT-->PK,LT-->PK,LT-->PK,LT-->PK,LT-->PK,LT-->PK,LT-->PK,LT-->PK,LT-->PK,LT-->PK,LT-->PK,LT-->PK,LT-->PK,LT-->PK
PW,PLW,Palau,Ngerulmud,Oceania,Micronesia,,PW-->LT,PW-->LT,PW-->LT,PW-->LT,PW-->LT,PW-->LT,PW-->LT,PW-->LT,PW-->LT,PW-->LT,PW-->LT,PW-->LT,PW-->LT,PW-->LT,PW-->LT,PW-->LT,PW-->LT,PW-->LT,PW-->LT,,,,,,,,,,,,,,,,,LT-->PW,LT-->PW,LT-->PW,LT-->PW,LT-->PW,LT-->PW,LT-->PW,LT-->PW,LT-->PW,LT-->PW,LT-->PW,LT-->PW,LT-->PW,LT-->PW,LT-->PW,LT-->PW,LT-->PW,LT-->PW,LT-->PW
PS,PSE,Palestine,Ramallah,Asia,Western Asia,,PS-->LT,PS-->LT,PS-->LT,PS-->LT,PS-->LT,PS-->LT,PS-->LT,PS-->LT,PS-->LT,PS-->LT,PS-->LT,PS-->LT,PS-->LT,PS-->LT,PS-->LT,PS-->LT,PS-->LT,PS-->LT,PS-->LT,,,,,,,,,,,,,,,,,LT-->PS,LT-->PS,LT-->PS,LT-->PS,LT-->PS,LT-->PS,LT-->PS,LT-->PS,LT-->PS,LT-->PS,LT-->PS,LT-->PS,LT-->PS,LT-->PS,LT-->PS,LT-->PS,LT-->PS,LT-->PS,LT-->PS
PA,PAN,Panama,Panama City,Americas,Central America,,PA-->LT,PA-->LT,PA-->LT,PA-->LT,PA-->LT,PA-->LT,PA-->LT,PA-->LT,PA-->LT,PA-->LT,PA-->LT,PA-->LT,PA-->LT,PA-->LT,PA-->LT,PA-->LT,PA-->LT,PA-->LT,PA-->LT,,,,,,,,,,,,,,,,,LT-->PA,LT-->PA,LT-->PA,LT-->PA,LT-->PA,LT-->PA,LT-->PA,LT-->PA,LT-->PA,LT-->PA,LT-->PA,LT-->PA,LT-->PA,LT-->PA,LT-->PA,LT-->PA,LT-->PA,LT-->PA,LT-->PA
PG,PNG,Papua New Guinea,Port Moresby,Oceania,Melanesia,,PG-->LT,PG-->LT,PG-->LT,PG-->LT,PG-->LT,PG-->LT,PG-->LT,PG-->LT,PG-->LT,PG-->LT,PG-->LT,PG-->LT,PG-->LT,PG-->LT,PG-->LT,PG-->LT,PG-->LT,PG-->LT,PG-->LT,,,,,,,,,,,,,,,,,LT-->PG,LT-->PG,LT-->PG,LT-->PG,LT-->PG,LT-->PG,LT-->PG,LT-->PG,LT-->PG,LT-->PG,LT-->PG,LT-->PG,LT-->PG,LT-->PG,LT-->PG,LT-->PG,LT-->PG,LT-->PG,LT-->PG
PY,PRY,Paraguay,Asunción,Americas,South America,,PY-->LT,PY-->LT,PY-->LT,PY-->LT,PY-->LT,PY-->LT,PY-->LT,PY-->LT,PY-->LT,PY-->LT,PY-->LT,PY-->LT,PY-->LT,PY-->LT,PY-->LT,PY-->LT,PY-->LT,PY-->LT,PY-->LT,,,,,,,,,,,,,,,,,LT-->PY,LT-->PY,LT-->PY,LT-->PY,LT-->PY,LT-->PY,LT-->PY,LT-->PY,LT-->PY,LT-->PY,LT-->PY,LT-->PY,LT-->PY,LT-->PY,LT-->PY,LT-->PY,LT-->PY,LT-->PY,LT-->PY
PE,PER,Peru,Lima,Americas,South America,,PE-->LT,PE-->LT,PE-->LT,PE-->LT,PE-->LT,PE-->LT,PE-->LT,PE-->LT,PE-->LT,PE-->LT,PE-->LT,PE-->LT,PE-->LT,PE-->LT,PE-->LT,PE-->LT,PE-->LT,PE-->LT,PE-->LT,,,,,,,,,,,,,,,,,LT-->PE,LT-->PE,LT-->PE,LT-->PE,LT-->PE,LT-->PE,LT-->PE,LT-->PE,LT-->PE,LT-->PE,LT-->PE,LT-->PE,LT-->PE,LT-->PE,LT-->PE,LT-->PE,LT-->PE,LT-->PE,LT-->PE
PH,PHL,Philippines,Manila,Asia,South-Eastern Asia,,PH-->LT,PH-->LT,PH-->LT,PH-->LT,PH-->LT,PH-->LT,PH-->LT,PH-->LT,PH-->LT,PH-->LT,PH-->LT,PH-->LT,PH-->LT,PH-->LT,PH-->LT,PH-->LT,PH-->LT,PH-->LT,PH-->LT,,,,,,,,,,,,,,,,,LT-->PH,LT-->PH,LT-->PH,LT-->PH,LT-->PH,LT-->PH,LT-->PH,LT-->PH,LT-->PH,LT-->PH,LT-->PH,LT-->PH,LT-->PH,LT-->PH,LT-->PH,LT-->PH,LT-->PH,LT-->PH,LT-->PH
PN,PCN,Pitcairn Islands,Adamstown,Oceania,Polynesia,,PN-->LT,PN-->LT,PN-->LT,PN-->LT,PN-->LT,PN-->LT,PN-->LT,PN-->LT,PN-->LT,PN-->LT,PN-->LT,PN-->LT,PN-->LT,PN-->LT,PN-->LT,PN-->LT,PN-->LT,PN-->LT,PN-->LT,,,,,,,,,,,,,,,,,LT-->PN,LT-->PN,LT-->PN,LT-->PN,LT-->PN,LT-->PN,LT-->PN,LT-->PN,LT-->PN,LT-->PN,LT-->PN,LT-->PN,LT-->PN,LT-->PN,LT-->PN,LT-->PN,LT-->PN,LT-->PN,LT-->PN
PL,POL,Poland,Warsaw,Europe,Eastern Europe,,PL-->LT,PL-->LT,PL-->LT,PL-->LT,PL-->LT,PL-->LT,PL-->LT,PL-->LT,PL-->LT,PL-->LT,PL-->LT,PL-->LT,PL-->LT,PL-->LT,PL-->LT,PL-->LT,PL-->LT,PL-->LT,PL-->LT,,,,,,,,,,,,,,,,,LT-->PL,LT-->PL,LT-->PL,LT-->PL,LT-->PL,LT-->PL,LT-->PL,LT-->PL,LT-->PL,LT-->PL,LT-->PL,LT-->PL,LT-->PL,LT-->PL,LT-->PL,LT-->PL,LT-->PL,LT-->PL,LT-->PL
PT,PRT,Portugal,Lisbon,Europe,Southern Europe,,PT-->LT,PT-->LT,PT-->LT,PT-->LT,PT-->LT,PT-->LT,PT-->LT,PT-->LT,PT-->LT,PT-->LT,PT-->LT,PT-->LT,PT-->LT,PT-->LT,PT-->LT,PT-->LT,PT-->LT,PT-->LT,PT-->LT,,,,,,,,,,,,,,,,,LT-->PT,LT-->PT,LT-->PT,LT-->PT,LT-->PT,LT-->PT,LT-->PT,LT-->PT,LT-->PT,LT-->PT,LT-->PT,LT-->PT,LT-->PT,LT-->PT,LT-->PT,LT-->PT,LT-->PT,LT-->PT,LT-->PT
PR,PRI,Puerto Rico,San Juan,Americas,Caribbean,,PR-->LT,PR-->LT,PR-->LT,PR-->LT,PR-->LT,PR-->LT,PR-->LT,PR-->LT,PR-->LT,PR-->LT,PR-->LT,PR-->LT,PR-->LT,PR-->LT,PR-->LT,PR-->LT,PR-->LT,PR-->LT,PR-->LT,,,,,,,,,,,,,,,,,LT-->PR,LT-->PR,LT-->PR,LT-->PR,LT-->PR,LT-->PR,LT-->PR,LT-->PR,LT-->PR,LT-->PR,LT-->PR,LT-->PR,LT-->PR,LT-->PR,LT-->PR,LT-->PR,LT-->PR,LT-->PR,LT-->PR
QA,QAT,Qatar,Doha,Asia,Western Asia,,QA-->LT,QA-->LT,QA-->LT,QA-->LT,QA-->LT,QA-->LT,QA-->LT,QA-->LT,QA-->LT,QA-->LT,QA-->LT,QA-->LT,QA-->LT,QA-->LT,QA-->LT,QA-->LT,QA-->LT,QA-->LT,QA-->LT,,,,,,,,,,,,,,,,,LT-->QA,LT-->QA,LT-->QA,LT-->QA,LT-->QA,LT-->QA,LT-->QA,LT-->QA,LT-->QA,LT-->QA,LT-->QA,LT-->QA,LT-->QA,LT-->QA,LT-->QA,LT-->QA,LT-->QA,LT-->QA,LT-->QA
XK,KOS,Republic of Kosovo,Pristina,Europe,Eastern Europe,,XK-->LT,XK-->LT,XK-->LT,XK-->LT,XK-->LT,XK-->LT,XK-->LT,XK-->LT,XK-->LT,XK-->LT,XK-->LT,XK-->LT,XK-->LT,XK-->LT,XK-->LT,XK-->LT,XK-->LT,XK-->LT,XK-->LT,,,,,,,,,,,,,,,,,LT-->XK,LT-->XK,LT-->XK,LT-->XK,LT-->XK,LT-->XK,LT-->XK,LT-->XK,LT-->XK,LT-->XK,LT-->XK,LT-->XK,LT-->XK,LT-->XK,LT-->XK,LT-->XK,LT-->XK,LT-->XK,LT-->XK
RE,REU,Réunion,Saint-Denis,Africa,Eastern Africa,,RE-->LT,RE-->LT,RE-->LT,RE-->LT,RE-->LT,RE-->LT,RE-->LT,RE-->LT,RE-->LT,RE-->LT,RE-->LT,RE-->LT,RE-->LT,RE-->LT,RE-->LT,RE-->LT,RE-->LT,RE-->LT,RE-->LT,,,,,,,,,,,,,,,,,LT-->RE,LT-->RE,LT-->RE,LT-->RE,LT-->RE,LT-->RE,LT-->RE,LT-->RE,LT-->RE,LT-->RE,LT-->RE,LT-->RE,LT-->RE,LT-->RE,LT-->RE,LT-->RE,LT-->RE,LT-->RE,LT-->RE
RO,ROU,Romania,Bucharest,Europe,Eastern Europe,,RO-->LT,RO-->LT,RO-->LT,RO-->LT,RO-->LT,RO-->LT,RO-->LT,RO-->LT,RO-->LT,RO-->LT,RO-->LT,RO-->LT,RO-->LT,RO-->LT,RO-->LT,RO-->LT,RO-->LT,RO-->LT,RO-->LT,,,,,,,,,,,,,,,,,LT-->RO,LT-->RO,LT-->RO,LT-->RO,LT-->RO,LT-->RO,LT-->RO,LT-->RO,LT-->RO,LT-->RO,LT-->RO,LT-->RO,LT-->RO,LT-->RO,LT-->RO,LT-->RO,LT-->RO,LT-->RO,LT-->RO
RU,RUS,Russia,Moscow,Europe,Eastern Europe,,RU-->LT,RU-->LT,RU-->LT,RU-->LT,RU-->LT,RU-->LT,RU-->LT,RU-->LT,RU-->LT,RU-->LT,RU-->LT,RU-->LT,RU-->LT,RU-->LT,RU-->LT,RU-->LT,RU-->LT,RU-->LT,RU-->LT,,,,,,,,,,,,,,,,,LT-->RU,LT-->RU,LT-->RU,LT-->RU,LT-->RU,LT-->RU,LT-->RU,LT-->RU,LT-->RU,LT-->RU,LT-->RU,LT-->RU,LT-->RU,LT-->RU,LT-->RU,LT-->RU,LT-->RU,LT-->RU,LT-->RU
RW,RWA,Rwanda,Kigali,Africa,Eastern Africa,,RW-->LT,RW-->LT,RW-->LT,RW-->LT,RW-->LT,RW-->LT,RW-->LT,RW-->LT,RW-->LT,RW-->LT,RW-->LT,RW-->LT,RW-->LT,RW-->LT,RW-->LT,RW-->LT,RW-->LT,RW-->LT,RW-->LT,,,,,,,,,,,,,,,,,LT-->RW,LT-->RW,LT-->RW,LT-->RW,LT-->RW,LT-->RW,LT-->RW,LT-->RW,LT-->RW,LT-->RW,LT-->RW,LT-->RW,LT-->RW,LT-->RW,LT-->RW,LT-->RW,LT-->RW,LT-->RW,LT-->RW
BL,BLM,Saint Barthélemy,Gustavia,Americas,Caribbean,,BL-->LT,BL-->LT,BL-->LT,BL-->LT,BL-->LT,BL-->LT,BL-->LT,BL-->LT,BL-->LT,BL-->LT,BL-->LT,BL-->LT,BL-->LT,BL-->LT,BL-->LT,BL-->LT,BL-->LT,BL-->LT,BL-->LT,,,,,,,,,,,,,,,,,LT-->BL,LT-->BL,LT-->BL,LT-->BL,LT-->BL,LT-->BL,LT-->BL,LT-->BL,LT-->BL,LT-->BL,LT-->BL,LT-->BL,LT-->BL,LT-->BL,LT-->BL,LT-->BL,LT-->BL,LT-->BL,LT-->BL
SH,SHN,Saint Helena,Jamestown,Africa,Western Africa,,SH-->LT,SH-->LT,SH-->LT,SH-->LT,SH-->LT,SH-->LT,SH-->LT,SH-->LT,SH-->LT,SH-->LT,SH-->LT,SH-->LT,SH-->LT,SH-->LT,SH-->LT,SH-->LT,SH-->LT,SH-->LT,SH-->LT,,,,,,,,,,,,,,,,,LT-->SH,LT-->SH,LT-->SH,LT-->SH,LT-->SH,LT-->SH,LT-->SH,LT-->SH,LT-->SH,LT-->SH,LT-->SH,LT-->SH,LT-->SH,LT-->SH,LT-->SH,LT-->SH,LT-->SH,LT-->SH,LT-->SH
KN,KNA,Saint Kitts and Nevis,Basseterre,Americas,Caribbean,,KN-->LT,KN-->LT,KN-->LT,KN-->LT,KN-->LT,KN-->LT,KN-->LT,KN-->LT,KN-->LT,KN-->LT,KN-->LT,KN-->LT,KN-->LT,KN-->LT,KN-->LT,KN-->LT,KN-->LT,KN-->LT,KN-->LT,,,,,,,,,,,,,,,,,LT-->KN,LT-->KN,LT-->KN,LT-->KN,LT-->KN,LT-->KN,LT-->KN,LT-->KN,LT-->KN,LT-->KN,LT-->KN,LT-->KN,LT-->KN,LT-->KN,LT-->KN,LT-->KN,LT-->KN,LT-->KN,LT-->KN
LC,LCA,Saint Lucia,Castries,Americas,Caribbean,,LC-->LT,LC-->LT,LC-->LT,LC-->LT,LC-->LT,LC-->LT,LC-->LT,LC-->LT,LC-->LT,LC-->LT,LC-->LT,LC-->LT,LC-->LT,LC-->LT,LC-->LT,LC-->LT,LC-->LT,LC-->LT,LC-->LT,,,,,,,,,,,,,,,,,LT-->LC,LT-->LC,LT-->LC,LT-->LC,LT-->LC,LT-->LC,LT-->LC,LT-->LC,LT-->LC,LT-->LC,LT-->LC,LT-->LC,LT-->LC,LT-->LC,LT-->LC,LT-->LC,LT-->LC,LT-->LC,LT-->LC
MF,MAF,Saint Martin,Marigot,Americas,Caribbean,,MF-->LT,MF-->LT,MF-->LT,MF-->LT,MF-->LT,MF-->LT,MF-->LT,MF-->LT,MF-->LT,MF-->LT,MF-->LT,MF-->LT,MF-->LT,MF-->LT,MF-->LT,MF-->LT,MF-->LT,MF-->LT,MF-->LT,,,,,,,,,,,,,,,,,LT-->MF,LT-->MF,LT-->MF,LT-->MF,LT-->MF,LT-->MF,LT-->MF,LT-->MF,LT-->MF,LT-->MF,LT-->MF,LT-->MF,LT-->MF,LT-->MF,LT-->MF,LT-->MF,LT-->MF,LT-->MF,LT-->MF
PM,SPM,Saint Pierre and Miquelon,Saint-Pierre,Americas,Northern America,,PM-->LT,PM-->LT,PM-->LT,PM-->LT,PM-->LT,PM-->LT,PM-->LT,PM-->LT,PM-->LT,PM-->LT,PM-->LT,PM-->LT,PM-->LT,PM-->LT,PM-->LT,PM-->LT,PM-->LT,PM-->LT,PM-->LT,,,,,,,,,,,,,,,,,LT-->PM,LT-->PM,LT-->PM,LT-->PM,LT-->PM,LT-->PM,LT-->PM,LT-->PM,LT-->PM,LT-->PM,LT-->PM,LT-->PM,LT-->PM,LT-->PM,LT-->PM,LT-->PM,LT-->PM,LT-->PM,LT-->PM
VC,VCT,Saint Vincent and the Grenadines,Kingstown,Americas,Caribbean,,VC-->LT,VC-->LT,VC-->LT,VC-->LT,VC-->LT,VC-->LT,VC-->LT,VC-->LT,VC-->LT,VC-->LT,VC-->LT,VC-->LT,VC-->LT,VC-->LT,VC-->LT,VC-->LT,VC-->LT,VC-->LT,VC-->LT,,,,,,,,,,,,,,,,,LT-->VC,LT-->VC,LT-->VC,LT-->VC,LT-->VC,LT-->VC,LT-->VC,LT-->VC,LT-->VC,LT-->VC,LT-->VC,LT-->VC,LT-->VC,LT-->VC,LT-->VC,LT-->VC,LT-->VC,LT-->VC,LT-->VC
WS,WSM,Samoa,Apia,Oceania,Polynesia,,WS-->LT,WS-->LT,WS-->LT,WS-->LT,WS-->LT,WS-->LT,WS-->LT,WS-->LT,WS-->LT,WS-->LT,WS-->LT,WS-->LT,WS-->LT,WS-->LT,WS-->LT,WS-->LT,WS-->LT,WS-->LT,WS-->LT,,,,,,,,,,,,,,,,,LT-->WS,LT-->WS,LT-->WS,LT-->WS,LT-->WS,LT-->WS,LT-->WS,LT-->WS,LT-->WS,LT-->WS,LT-->WS,LT-->WS,LT-->WS,LT-->WS,LT-->WS,LT-->WS,LT-->WS,LT-->WS,LT-->WS
SM,SMR,San Marino,City of San Marino,Europe,Southern Europe,,SM-->LT,SM-->LT,SM-->LT,SM-->LT,SM-->LT,SM-->LT,SM-->LT,SM-->LT,SM-->LT,SM-->LT,SM-->LT,SM-->LT,SM-->LT,SM-->LT,SM-->LT,SM-->LT,SM-->LT,SM-->LT,SM-->LT,,,,,,,,,,,,,,,,,LT-->SM,LT-->SM,LT-->SM,LT-->SM,LT-->SM,LT-->SM,LT-->SM,LT-->SM,LT-->SM,LT-->SM,LT-->SM,LT-->SM,LT-->SM,LT-->SM,LT-->SM,LT-->SM,LT-->SM,LT-->SM,LT-->SM
ST,STP,São Tomé and Príncipe,São Tomé,Africa,Middle Africa,,ST-->LT,ST-->LT,ST-->LT,ST-->LT,ST-->LT,ST-->LT,ST-->LT,ST-->LT,ST-->LT,ST-->LT,ST-->LT,ST-->LT,ST-->LT,ST-->LT,ST-->LT,ST-->LT,ST-->LT,ST-->LT,ST-->LT,,,,,,,,,,,,,,,,,LT-->ST,LT-->ST,LT-->ST,LT-->ST,LT-->ST,LT-->ST,LT-->ST,LT-->ST,LT-->ST,LT-->ST,LT-->ST,LT-->ST,LT-->ST,LT-->ST,LT-->ST,LT-->ST,LT-->ST,LT-->ST,LT-->ST
SA,SAU,Saudi Arabia,Riyadh,Asia,Western Asia,,SA-->LT,SA-->LT,SA-->LT,SA-->LT,SA-->LT,SA-->LT,SA-->LT,SA-->LT,SA-->LT,SA-->LT,SA-->LT,SA-->LT,SA-->LT,SA-->LT,SA-->LT,SA-->LT,SA-->LT,SA-->LT,SA-->LT,,,,,,,,,,,,,,,,,LT-->SA,LT-->SA,LT-->SA,LT-->SA,LT-->SA,LT-->SA,LT-->SA,LT-->SA,LT-->SA,LT-->SA,LT-->SA,LT-->SA,LT-->SA,LT-->SA,LT-->SA,LT-->SA,LT-->SA,LT-->SA,LT-->SA
SN,SEN,Senegal,Dakar,Africa,Western Africa,,SN-->LT,SN-->LT,SN-->LT,SN-->LT,SN-->LT,SN-->LT,SN-->LT,SN-->LT,SN-->LT,SN-->LT,SN-->LT,SN-->LT,SN-->LT,SN-->LT,SN-->LT,SN-->LT,SN-->LT,SN-->LT,SN-->LT,,,,,,,,,,,,,,,,,LT-->SN,LT-->SN,LT-->SN,LT-->SN,LT-->SN,LT-->SN,LT-->SN,LT-->SN,LT-->SN,LT-->SN,LT-->SN,LT-->SN,LT-->SN,LT-->SN,LT-->SN,LT-->SN,LT-->SN,LT-->SN,LT-->SN
RS,SRB,Serbia,Belgrade,Europe,Southern Europe,,RS-->LT,RS-->LT,RS-->LT,RS-->LT,RS-->LT,RS-->LT,RS-->LT,RS-->LT,RS-->LT,RS-->LT,RS-->LT,RS-->LT,RS-->LT,RS-->LT,RS-->LT,RS-->LT,RS-->LT,RS-->LT,RS-->LT,,,,,,,,,,,,,,,,,LT-->RS,LT-->RS,LT-->RS,LT-->RS,LT-->RS,LT-->RS,LT-->RS,LT-->RS,LT-->RS,LT-->RS,LT-->RS,LT-->RS,LT-->RS,LT-->RS,LT-->RS,LT-->RS,LT-->RS,LT-->RS,LT-->RS
SC,SYC,Seychelles,Victoria,Africa,Eastern Africa,,SC-->LT,SC-->LT,SC-->LT,SC-->LT,SC-->LT,SC-->LT,SC-->LT,SC-->LT,SC-->LT,SC-->LT,SC-->LT,SC-->LT,SC-->LT,SC-->LT,SC-->LT,SC-->LT,SC-->LT,SC-->LT,SC-->LT,,,,,,,,,,,,,,,,,LT-->SC,LT-->SC,LT-->SC,LT-->SC,LT-->SC,LT-->SC,LT-->SC,LT-->SC,LT-->SC,LT-->SC,LT-->SC,LT-->SC,LT-->SC,LT-->SC,LT-->SC,LT-->SC,LT-->SC,LT-->SC,LT-->SC
SL,SLE,Sierra Leone,Freetown,Africa,Western Africa,,SL-->LT,SL-->LT,SL-->LT,SL-->LT,SL-->LT,SL-->LT,SL-->LT,SL-->LT,SL-->LT,SL-->LT,SL-->LT,SL-->LT,SL-->LT,SL-->LT,SL-->LT,SL-->LT,SL-->LT,SL-->LT,SL-->LT,,,,,,,,,,,,,,,,,LT-->SL,LT-->SL,LT-->SL,LT-->SL,LT-->SL,LT-->SL,LT-->SL,LT-->SL,LT-->SL,LT-->SL,LT-->SL,LT-->SL,LT-->SL,LT-->SL,LT-->SL,LT-->SL,LT-->SL,LT-->SL,LT-->SL
SG,SGP,Singapore,Singapore,Asia,South-Eastern Asia,,SG-->LT,SG-->LT,SG-->LT,SG-->LT,SG-->LT,SG-->LT,SG-->LT,SG-->LT,SG-->LT,SG-->LT,SG-->LT,SG-->LT,SG-->LT,SG-->LT,SG-->LT,SG-->LT,SG-->LT,SG-->LT,SG-->LT,,,,,,,,,,,,,,,,,LT-->SG,LT-->SG,LT-->SG,LT-->SG,LT-->SG,LT-->SG,LT-->SG,LT-->SG,LT-->SG,LT-->SG,LT-->SG,LT-->SG,LT-->SG,LT-->SG,LT-->SG,LT-->SG,LT-->SG,LT-->SG,LT-->SG
SX,SXM,Sint Maarten,Philipsburg,Americas,Caribbean,,SX-->LT,SX-->LT,SX-->LT,SX-->LT,SX-->LT,SX-->LT,SX-->LT,SX-->LT,SX-->LT,SX-->LT,SX-->LT,SX-->LT,SX-->LT,SX-->LT,SX-->LT,SX-->LT,SX-->LT,SX-->LT,SX-->LT,,,,,,,,,,,,,,,,,LT-->SX,LT-->SX,LT-->SX,LT-->SX,LT-->SX,LT-->SX,LT-->SX,LT-->SX,LT-->SX,LT-->SX,LT-->SX,LT-->SX,LT-->SX,LT-->SX,LT-->SX,LT-->SX,LT-->SX,LT-->SX,LT-->SX
SK,SVK,Slovakia,Bratislava,Europe,Eastern Europe,,SK-->LT,SK-->LT,SK-->LT,SK-->LT,SK-->LT,SK-->LT,SK-->LT,SK-->LT,SK-->LT,SK-->LT,SK-->LT,SK-->LT,SK-->LT,SK-->LT,SK-->LT,SK-->LT,SK-->LT,SK-->LT,SK-->LT,,,,,,,,,,,,,,,,,LT-->SK,LT-->SK,LT-->SK,LT-->SK,LT-->SK,LT-->SK,LT-->SK,LT-->SK,LT-->SK,LT-->SK,LT-->SK,LT-->SK,LT-->SK,LT-->SK,LT-->SK,LT-->SK,LT-->SK,LT-->SK,LT-->SK
SI,SVN,Slovenia,Ljubljana,Europe,Southern Europe,,SI-->LT,SI-->LT,SI-->LT,SI-->LT,SI-->LT,SI-->LT,SI-->LT,SI-->LT,SI-->LT,SI-->LT,SI-->LT,SI-->LT,SI-->LT,SI-->LT,SI-->LT,SI-->LT,SI-->LT,SI-->LT,SI-->LT,,,,,,,,,,,,,,,,,LT-->SI,LT-->SI,LT-->SI,LT-->SI,LT-->SI,LT-->SI,LT-->SI,LT-->SI,LT-->SI,LT-->SI,LT-->SI,LT-->SI,LT-->SI,LT-->SI,LT-->SI,LT-->SI,LT-->SI,LT-->SI,LT-->SI
SB,SLB,Solomon Islands,Honiara,Oceania,Melanesia,,SB-->LT,SB-->LT,SB-->LT,SB-->LT,SB-->LT,SB-->LT,SB-->LT,SB-->LT,SB-->LT,SB-->LT,SB-->LT,SB-->LT,SB-->LT,SB-->LT,SB-->LT,SB-->LT,SB-->LT,SB-->LT,SB-->LT,,,,,,,,,,,,,,,,,LT-->SB,LT-->SB,LT-->SB,LT-->SB,LT-->SB,LT-->SB,LT-->SB,LT-->SB,LT-->SB,LT-->SB,LT-->SB,LT-->SB,LT-->SB,LT-->SB,LT-->SB,LT-->SB,LT-->SB,LT-->SB,LT-->SB
SO,SOM,Somalia,Mogadishu,Africa,Eastern Africa,,SO-->LT,SO-->LT,SO-->LT,SO-->LT,SO-->LT,SO-->LT,SO-->LT,SO-->LT,SO-->LT,SO-->LT,SO-->LT,SO-->LT,SO-->LT,SO-->LT,SO-->LT,SO-->LT,SO-->LT,SO-->LT,SO-->LT,,,,,,,,,,,,,,,,,LT-->SO,LT-->SO,LT-->SO,LT-->SO,LT-->SO,LT-->SO,LT-->SO,LT-->SO,LT-->SO,LT-->SO,LT-->SO,LT-->SO,LT-->SO,LT-->SO,LT-->SO,LT-->SO,LT-->SO,LT-->SO,LT-->SO
ZA,ZAF,South Africa,Pretoria,Africa,Southern Africa,,ZA-->LT,ZA-->LT,ZA-->LT,ZA-->LT,ZA-->LT,ZA-->LT,ZA-->LT,ZA-->LT,ZA-->LT,ZA-->LT,ZA-->LT,ZA-->LT,ZA-->LT,ZA-->LT,ZA-->LT,ZA-->LT,ZA-->LT,ZA-->LT,ZA-->LT,,,,,,,,,,,,,,,,,LT-->ZA,LT-->ZA,LT-->ZA,LT-->ZA,LT-->ZA,LT-->ZA,LT-->ZA,LT-->ZA,LT-->ZA,LT-->ZA,LT-->ZA,LT-->ZA,LT-->ZA,LT-->ZA,LT-->ZA,LT-->ZA,LT-->ZA,LT-->ZA,LT-->ZA
GS,SGS,South Georgia,King Edward Point,Americas,South America,,GS-->LT,GS-->LT,GS-->LT,GS-->LT,GS-->LT,GS-->LT,GS-->LT,GS-->LT,GS-->LT,GS-->LT,GS-->LT,GS-->LT,GS-->LT,GS-->LT,GS-->LT,GS-->LT,GS-->LT,GS-->LT,GS-->LT,,,,,,,,,,,,,,,,,LT-->GS,LT-->GS,LT-->GS,LT-->GS,LT-->GS,LT-->GS,LT-->GS,LT-->GS,LT-->GS,LT-->GS,LT-->GS,LT-->GS,LT-->GS,LT-->GS,LT-->GS,LT-->GS,LT-->GS,LT-->GS,LT-->GS
KR,KOR,South Korea,Seoul,Asia,Eastern Asia,,KR-->LT,KR-->LT,KR-->LT,KR-->LT,KR-->LT,KR-->LT,KR-->LT,KR-->LT,KR-->LT,KR-->LT,KR-->LT,KR-->LT,KR-->LT,KR-->LT,KR-->LT,KR-->LT,KR-->LT,KR-->LT,KR-->LT,,,,,,,,,,,,,,,,,LT-->KR,LT-->KR,LT-->KR,LT-->KR,LT-->KR,LT-->KR,LT-->KR,LT-->KR,LT-->KR,LT-->KR,LT-->KR,LT-->KR,LT-->KR,LT-->KR,LT-->KR,LT-->KR,LT-->KR,LT-->KR,LT-->KR
SS,SSD,South Sudan,Juba,Africa,Middle Africa,,SS-->LT,SS-->LT,SS-->LT,SS-->LT,SS-->LT,SS-->LT,SS-->LT,SS-->LT,SS-->LT,SS-->LT,SS-->LT,SS-->LT,SS-->LT,SS-->LT,SS-->LT,SS-->LT,SS-->LT,SS-->LT,SS-->LT,,,,,,,,,,,,,,,,,LT-->SS,LT-->SS,LT-->SS,LT-->SS,LT-->SS,LT-->SS,LT-->SS,LT-->SS,LT-->SS,LT-->SS,LT-->SS,LT-->SS,LT-->SS,LT-->SS,LT-->SS,LT-->SS,LT-->SS,LT-->SS,LT-->SS
ES,ESP,Spain,Madrid,Europe,Southern Europe,,ES-->LT,ES-->LT,ES-->LT,ES-->LT,ES-->LT,ES-->LT,ES-->LT,ES-->LT,ES-->LT,ES-->LT,ES-->LT,ES-->LT,ES-->LT,ES-->LT,ES-->LT,ES-->LT,ES-->LT,ES-->LT,ES-->LT,,,,,,,,,,,,,,,,,LT-->ES,LT-->ES,LT-->ES,LT-->ES,LT-->ES,LT-->ES,LT-->ES,LT-->ES,LT-->ES,LT-->ES,LT-->ES,LT-->ES,LT-->ES,LT-->ES,LT-->ES,LT-->ES,LT-->ES,LT-->ES,LT-->ES
LK,LKA,Sri Lanka,Colombo,Asia,Southern Asia,,LK-->LT,LK-->LT,LK-->LT,LK-->LT,LK-->LT,LK-->LT,LK-->LT,LK-->LT,LK-->LT,LK-->LT,LK-->LT,LK-->LT,LK-->LT,LK-->LT,LK-->LT,LK-->LT,LK-->LT,LK-->LT,LK-->LT,,,,,,,,,,,,,,,,,LT-->LK,LT-->LK,LT-->LK,LT-->LK,LT-->LK,LT-->LK,LT-->LK,LT-->LK,LT-->LK,LT-->LK,LT-->LK,LT-->LK,LT-->LK,LT-->LK,LT-->LK,LT-->LK,LT-->LK,LT-->LK,LT-->LK
SD,SDN,Sudan,Khartoum,Africa,Northern Africa,,SD-->LT,SD-->LT,SD-->LT,SD-->LT,SD-->LT,SD-->LT,SD-->LT,SD-->LT,SD-->LT,SD-->LT,SD-->LT,SD-->LT,SD-->LT,SD-->LT,SD-->LT,SD-->LT,SD-->LT,SD-->LT,SD-->LT,,,,,,,,,,,,,,,,,LT-->SD,LT-->SD,LT-->SD,LT-->SD,LT-->SD,LT-->SD,LT-->SD,LT-->SD,LT-->SD,LT-->SD,LT-->SD,LT-->SD,LT-->SD,LT-->SD,LT-->SD,LT-->SD,LT-->SD,LT-->SD,LT-->SD
SR,SUR,Suriname,Paramaribo,Americas,South America,,SR-->LT,SR-->LT,SR-->LT,SR-->LT,SR-->LT,SR-->LT,SR-->LT,SR-->LT,SR-->LT,SR-->LT,SR-->LT,SR-->LT,SR-->LT,SR-->LT,SR-->LT,SR-->LT,SR-->LT,SR-->LT,SR-->LT,,,,,,,,,,,,,,,,,LT-->SR,LT-->SR,LT-->SR,LT-->SR,LT-->SR,LT-->SR,LT-->SR,LT-->SR,LT-->SR,LT-->SR,LT-->SR,LT-->SR,LT-->SR,LT-->SR,LT-->SR,LT-->SR,LT-->SR,LT-->SR,LT-->SR
SJ,SJM,Svalbard and Jan Mayen,Longyearbyen,Europe,Northern Europe,,SJ-->LT,SJ-->LT,SJ-->LT,SJ-->LT,SJ-->LT,SJ-->LT,SJ-->LT,SJ-->LT,SJ-->LT,SJ-->LT,SJ-->LT,SJ-->LT,SJ-->LT,SJ-->LT,SJ-->LT,SJ-->LT,SJ-->LT,SJ-->LT,SJ-->LT,,,,,,,,,,,,,,,,,LT-->SJ,LT-->SJ,LT-->SJ,LT-->SJ,LT-->SJ,LT-->SJ,LT-->SJ,LT-->SJ,LT-->SJ,LT-->SJ,LT-->SJ,LT-->SJ,LT-->SJ,LT-->SJ,LT-->SJ,LT-->SJ,LT-->SJ,LT-->SJ,LT-->SJ
SZ,SWZ,Swaziland,Lobamba,Africa,Southern Africa,,SZ-->LT,SZ-->LT,SZ-->LT,SZ-->LT,SZ-->LT,SZ-->LT,SZ-->LT,SZ-->LT,SZ-->LT,SZ-->LT,SZ-->LT,SZ-->LT,SZ-->LT,SZ-->LT,SZ-->LT,SZ-->LT,SZ-->LT,SZ-->LT,SZ-->LT,,,,,,,,,,,,,,,,,LT-->SZ,LT-->SZ,LT-->SZ,LT-->SZ,LT-->SZ,LT-->SZ,LT-->SZ,LT-->SZ,LT-->SZ,LT-->SZ,LT-->SZ,LT-->SZ,LT-->SZ,LT-->SZ,LT-->SZ,LT-->SZ,LT-->SZ,LT-->SZ,LT-->SZ
SE,SWE,Sweden,Stockholm,Europe,Northern Europe,,SE-->LT,SE-->LT,SE-->LT,SE-->LT,SE-->LT,SE-->LT,SE-->LT,SE-->LT,SE-->LT,SE-->LT,SE-->LT,SE-->LT,SE-->LT,SE-->LT,SE-->LT,SE-->LT,SE-->LT,SE-->LT,SE-->LT,,,,,,,,,,,,,,,,,LT-->SE,LT-->SE,LT-->SE,LT-->SE,LT-->SE,LT-->SE,LT-->SE,LT-->SE,LT-->SE,LT-->SE,LT-->SE,LT-->SE,LT-->SE,LT-->SE,LT-->SE,LT-->SE,LT-->SE,LT-->SE,LT-->SE
CH,CHE,Switzerland,Bern,Europe,Western Europe,,CH-->LT,CH-->LT,CH-->LT,CH-->LT,CH-->LT,CH-->LT,CH-->LT,CH-->LT,CH-->LT,CH-->LT,CH-->LT,CH-->LT,CH-->LT,CH-->LT,CH-->LT,CH-->LT,CH-->LT,CH-->LT,CH-->LT,,,,,,,,,,,,,,,,,LT-->CH,LT-->CH,LT-->CH,LT-->CH,LT-->CH,LT-->CH,LT-->CH,LT-->CH,LT-->CH,LT-->CH,LT-->CH,LT-->CH,LT-->CH,LT-->CH,LT-->CH,LT-->CH,LT-->CH,LT-->CH,LT-->CH
SY,SYR,Syria,Damascus,Asia,Western Asia,,SY-->LT,SY-->LT,SY-->LT,SY-->LT,SY-->LT,SY-->LT,SY-->LT,SY-->LT,SY-->LT,SY-->LT,SY-->LT,SY-->LT,SY-->LT,SY-->LT,SY-->LT,SY-->LT,SY-->LT,SY-->LT,SY-->LT,,,,,,,,,,,,,,,,,LT-->SY,LT-->SY,LT-->SY,LT-->SY,LT-->SY,LT-->SY,LT-->SY,LT-->SY,LT-->SY,LT-->SY,LT-->SY,LT-->SY,LT-->SY,LT-->SY,LT-->SY,LT-->SY,LT-->SY,LT-->SY,LT-->SY
TW,TWN,Taiwan,Taipei,Asia,Eastern Asia,,TW-->LT,TW-->LT,TW-->LT,TW-->LT,TW-->LT,TW-->LT,TW-->LT,TW-->LT,TW-->LT,TW-->LT,TW-->LT,TW-->LT,TW-->LT,TW-->LT,TW-->LT,TW-->LT,TW-->LT,TW-->LT,TW-->LT,,,,,,,,,,,,,,,,,LT-->TW,LT-->TW,LT-->TW,LT-->TW,LT-->TW,LT-->TW,LT-->TW,LT-->TW,LT-->TW,LT-->TW,LT-->TW,LT-->TW,LT-->TW,LT-->TW,LT-->TW,LT-->TW,LT-->TW,LT-->TW,LT-->TW
TJ,TJK,Tajikistan,Dushanbe,Asia,Central Asia,,TJ-->LT,TJ-->LT,TJ-->LT,TJ-->LT,TJ-->LT,TJ-->LT,TJ-->LT,TJ-->LT,TJ-->LT,TJ-->LT,TJ-->LT,TJ-->LT,TJ-->LT,TJ-->LT,TJ-->LT,TJ-->LT,TJ-->LT,TJ-->LT,TJ-->LT,,,,,,,,,,,,,,,,,LT-->TJ,LT-->TJ,LT-->TJ,LT-->TJ,LT-->TJ,LT-->TJ,LT-->TJ,LT-->TJ,LT-->TJ,LT-->TJ,LT-->TJ,LT-->TJ,LT-->TJ,LT-->TJ,LT-->TJ,LT-->TJ,LT-->TJ,LT-->TJ,LT-->TJ
TZ,TZA,Tanzania,Dodoma,Africa,Eastern Africa,,TZ-->LT,TZ-->LT,TZ-->LT,TZ-->LT,TZ-->LT,TZ-->LT,TZ-->LT,TZ-->LT,TZ-->LT,TZ-->LT,TZ-->LT,TZ-->LT,TZ-->LT,TZ-->LT,TZ-->LT,TZ-->LT,TZ-->LT,TZ-->LT,TZ-->LT,,,,,,,,,,,,,,,,,LT-->TZ,LT-->TZ,LT-->TZ,LT-->TZ,LT-->TZ,LT-->TZ,LT-->TZ,LT-->TZ,LT-->TZ,LT-->TZ,LT-->TZ,LT-->TZ,LT-->TZ,LT-->TZ,LT-->TZ,LT-->TZ,LT-->TZ,LT-->TZ,LT-->TZ
TH,THA,Thailand,Bangkok,Asia,South-Eastern Asia,,TH-->LT,TH-->LT,TH-->LT,TH-->LT,TH-->LT,TH-->LT,TH-->LT,TH-->LT,TH-->LT,TH-->LT,TH-->LT,TH-->LT,TH-->LT,TH-->LT,TH-->LT,TH-->LT,TH-->LT,TH-->LT,TH-->LT,,,,,,,,,,,,,,,,,LT-->TH,LT-->TH,LT-->TH,LT-->TH,LT-->TH,LT-->TH,LT-->TH,LT-->TH,LT-->TH,LT-->TH,LT-->TH,LT-->TH,LT-->TH,LT-->TH,LT-->TH,LT-->TH,LT-->TH,LT-->TH,LT-->TH
TL,TLS,East Timor,Dili,Asia,South-Eastern Asia,,TL-->LT,TL-->LT,TL-->LT,TL-->LT,TL-->LT,TL-->LT,TL-->LT,TL-->LT,TL-->LT,TL-->LT,TL-->LT,TL-->LT,TL-->LT,TL-->LT,TL-->LT,TL-->LT,TL-->LT,TL-->LT,TL-->LT,,,,,,,,,,,,,,,,,LT-->TL,LT-->TL,LT-->TL,LT-->TL,LT-->TL,LT-->TL,LT-->TL,LT-->TL,LT-->TL,LT-->TL,LT-->TL,LT-->TL,LT-->TL,LT-->TL,LT-->TL,LT-->TL,LT-->TL,LT-->TL,LT-->TL
TG,TGO,Togo,Lomé,Africa,Western Africa,,TG-->LT,TG-->LT,TG-->LT,TG-->LT,TG-->LT,TG-->LT,TG-->LT,TG-->LT,TG-->LT,TG-->LT,TG-->LT,TG-->LT,TG-->LT,TG-->LT,TG-->LT,TG-->LT,TG-->LT,TG-->LT,TG-->LT,,,,,,,,,,,,,,,,,LT-->TG,LT-->TG,LT-->TG,LT-->TG,LT-->TG,LT-->TG,LT-->TG,LT-->TG,LT-->TG,LT-->TG,LT-->TG,LT-->TG,LT-->TG,LT-->TG,LT-->TG,LT-->TG,LT-->TG,LT-->TG,LT-->TG
TK,TKL,Tokelau,Fakaofo,Oceania,Polynesia,,TK-->LT,TK-->LT,TK-->LT,TK-->LT,TK-->LT,TK-->LT,TK-->LT,TK-->LT,TK-->LT,TK-->LT,TK-->LT,TK-->LT,TK-->LT,TK-->LT,TK-->LT,TK-->LT,TK-->LT,TK-->LT,TK-->LT,,,,,,,,,,,,,,,,,LT-->TK,LT-->TK,LT-->TK,LT-->TK,LT-->TK,LT-->TK,LT-->TK,LT-->TK,LT-->TK,LT-->TK,LT-->TK,LT-->TK,LT-->TK,LT-->TK,LT-->TK,LT-->TK,LT-->TK,LT-->TK,LT-->TK
TO,TON,Tonga,Nuku'alofa,Oceania,Polynesia,,TO-->LT,TO-->LT,TO-->LT,TO-->LT,TO-->LT,TO-->LT,TO-->LT,TO-->LT,TO-->LT,TO-->LT,TO-->LT,TO-->LT,TO-->LT,TO-->LT,TO-->LT,TO-->LT,TO-->LT,TO-->LT,TO-->LT,,,,,,,,,,,,,,,,,LT-->TO,LT-->TO,LT-->TO,LT-->TO,LT-->TO,LT-->TO,LT-->TO,LT-->TO,LT-->TO,LT-->TO,LT-->TO,LT-->TO,LT-->TO,LT-->TO,LT-->TO,LT-->TO,LT-->TO,LT-->TO,LT-->TO
TT,TTO,Trinidad and Tobago,Port of Spain,Americas,Caribbean,,TT-->LT,TT-->LT,TT-->LT,TT-->LT,TT-->LT,TT-->LT,TT-->LT,TT-->LT,TT-->LT,TT-->LT,TT-->LT,TT-->LT,TT-->LT,TT-->LT,TT-->LT,TT-->LT,TT-->LT,TT-->LT,TT-->LT,,,,,,,,,,,,,,,,,LT-->TT,LT-->TT,LT-->TT,LT-->TT,LT-->TT,LT-->TT,LT-->TT,LT-->TT,LT-->TT,LT-->TT,LT-->TT,LT-->TT,LT-->TT,LT-->TT,LT-->TT,LT-->TT,LT-->TT,LT-->TT,LT-->TT
TN,TUN,Tunisia,Tunis,Africa,Northern Africa,,TN-->LT,TN-->LT,TN-->LT,TN-->LT,TN-->LT,TN-->LT,TN-->LT,TN-->LT,TN-->LT,TN-->LT,TN-->LT,TN-->LT,TN-->LT,TN-->LT,TN-->LT,TN-->LT,TN-->LT,TN-->LT,TN-->LT,,,,,,,,,,,,,,,,,LT-->TN,LT-->TN,LT-->TN,LT-->TN,LT-->TN,LT-->TN,LT-->TN,LT-->TN,LT-->TN,LT-->TN,LT-->TN,LT-->TN,LT-->TN,LT-->TN,LT-->TN,LT-->TN,LT-->TN,LT-->TN,LT-->TN
TR,TUR,Turkey,Ankara,Asia,Western Asia,,TR-->LT,TR-->LT,TR-->LT,TR-->LT,TR-->LT,TR-->LT,TR-->LT,TR-->LT,TR-->LT,TR-->LT,TR-->LT,TR-->LT,TR-->LT,TR-->LT,TR-->LT,TR-->LT,TR-->LT,TR-->LT,TR-->LT,,,,,,,,,,,,,,,,,LT-->TR,LT-->TR,LT-->TR,LT-->TR,LT-->TR,LT-->TR,LT-->TR,LT-->TR,LT-->TR,LT-->TR,LT-->TR,LT-->TR,LT-->TR,LT-->TR,LT-->TR,LT-->TR,LT-->TR,LT-->TR,LT-->TR
TM,TKM,Turkmenistan,Ashgabat,Asia,Central Asia,,TM-->LT,TM-->LT,TM-->LT,TM-->LT,TM-->LT,TM-->LT,TM-->LT,TM-->LT,TM-->LT,TM-->LT,TM-->LT,TM-->LT,TM-->LT,TM-->LT,TM-->LT,TM-->LT,TM-->LT,TM-->LT,TM-->LT,,,,,,,,,,,,,,,,,LT-->TM,LT-->TM,LT-->TM,LT-->TM,LT-->TM,LT-->TM,LT-->TM,LT-->TM,LT-->TM,LT-->TM,LT-->TM,LT-->TM,LT-->TM,LT-->TM,LT-->TM,LT-->TM,LT-->TM,LT-->TM,LT-->TM
TC,TCA,Turks and Caicos Islands,Cockburn Town,Americas,Caribbean,,TC-->LT,TC-->LT,TC-->LT,TC-->LT,TC-->LT,TC-->LT,TC-->LT,TC-->LT,TC-->LT,TC-->LT,TC-->LT,TC-->LT,TC-->LT,TC-->LT,TC-->LT,TC-->LT,TC-->LT,TC-->LT,TC-->LT,,,,,,,,,,,,,,,,,LT-->TC,LT-->TC,LT-->TC,LT-->TC,LT-->TC,LT-->TC,LT-->TC,LT-->TC,LT-->TC,LT-->TC,LT-->TC,LT-->TC,LT-->TC,LT-->TC,LT-->TC,LT-->TC,LT-->TC,LT-->TC,LT-->TC
TV,TUV,Tuvalu,Funafuti,Oceania,Polynesia,,TV-->LT,TV-->LT,TV-->LT,TV-->LT,TV-->LT,TV-->LT,TV-->LT,TV-->LT,TV-->LT,TV-->LT,TV-->LT,TV-->LT,TV-->LT,TV-->LT,TV-->LT,TV-->LT,TV-->LT,TV-->LT,TV-->LT,,,,,,,,,,,,,,,,,LT-->TV,LT-->TV,LT-->TV,LT-->TV,LT-->TV,LT-->TV,LT-->TV,LT-->TV,LT-->TV,LT-->TV,LT-->TV,LT-->TV,LT-->TV,LT-->TV,LT-->TV,LT-->TV,LT-->TV,LT-->TV,LT-->TV
UG,UGA,Uganda,Kampala,Africa,Eastern Africa,,UG-->LT,UG-->LT,UG-->LT,UG-->LT,UG-->LT,UG-->LT,UG-->LT,UG-->LT,UG-->LT,UG-->LT,UG-->LT,UG-->LT,UG-->LT,UG-->LT,UG-->LT,UG-->LT,UG-->LT,UG-->LT,UG-->LT,,,,,,,,,,,,,,,,,LT-->UG,LT-->UG,LT-->UG,LT-->UG,LT-->UG,LT-->UG,LT-->UG,LT-->UG,LT-->UG,LT-->UG,LT-->UG,LT-->UG,LT-->UG,LT-->UG,LT-->UG,LT-->UG,LT-->UG,LT-->UG,LT-->UG
UA,UKR,Ukraine,Kiev,Europe,Eastern Europe,,UA-->LT,UA-->LT,UA-->LT,UA-->LT,UA-->LT,UA-->LT,UA-->LT,UA-->LT,UA-->LT,UA-->LT,UA-->LT,UA-->LT,UA-->LT,UA-->LT,UA-->LT,UA-->LT,UA-->LT,UA-->LT,UA-->LT,,,,,,,,,,,,,,,,,LT-->UA,LT-->UA,LT-->UA,LT-->UA,LT-->UA,LT-->UA,LT-->UA,LT-->UA,LT-->UA,LT-->UA,LT-->UA,LT-->UA,LT-->UA,LT-->UA,LT-->UA,LT-->UA,LT-->UA,LT-->UA,LT-->UA
AE,ARE,United Arab Emirates,Abu Dhabi,Asia,Western Asia,,AE-->LT,AE-->LT,AE-->LT,AE-->LT,AE-->LT,AE-->LT,AE-->LT,AE-->LT,AE-->LT,AE-->LT,AE-->LT,AE-->LT,AE-->LT,AE-->LT,AE-->LT,AE-->LT,AE-->LT,AE-->LT,AE-->LT,,,,,,,,,,,,,,,,,LT-->AE,LT-->AE,LT-->AE,LT-->AE,LT-->AE,LT-->AE,LT-->AE,LT-->AE,LT-->AE,LT-->AE,LT-->AE,LT-->AE,LT-->AE,LT-->AE,LT-->AE,LT-->AE,LT-->AE,LT-->AE,LT-->AE
GB,GBR,United Kingdom,London,Europe,Northern Europe,,GB-->LT,GB-->LT,GB-->LT,GB-->LT,GB-->LT,GB-->LT,GB-->LT,GB-->LT,GB-->LT,GB-->LT,GB-->LT,GB-->LT,GB-->LT,GB-->LT,GB-->LT,GB-->LT,GB-->LT,GB-->LT,GB-->LT,,,,,,,,,,,,,,,,,LT-->GB,LT-->GB,LT-->GB,LT-->GB,LT-->GB,LT-->GB,LT-->GB,LT-->GB,LT-->GB,LT-->GB,LT-->GB,LT-->GB,LT-->GB,LT-->GB,LT-->GB,LT-->GB,LT-->GB,LT-->GB,LT-->GB
US,USA,United States,"Washington, D.C.",Americas,Northern America,,US-->LT,US-->LT,US-->LT,US-->LT,US-->LT,US-->LT,US-->LT,US-->LT,US-->LT,US-->LT,US-->LT,US-->LT,US-->LT,US-->LT,US-->LT,US-->LT,US-->LT,US-->LT,US-->LT,,,,,,,,,,,,,,,,,LT-->US,LT-->US,LT-->US,LT-->US,LT-->US,LT-->US,LT-->US,LT-->US,LT-->US,LT-->US,LT-->US,LT-->US,LT-->US,LT-->US,LT-->US,LT-->US,LT-->US,LT-->US,LT-->US
UY,URY,Uruguay,Montevideo,Americas,South America,,UY-->LT,UY-->LT,UY-->LT,UY-->LT,UY-->LT,UY-->LT,UY-->LT,UY-->LT,UY-->LT,UY-->LT,UY-->LT,UY-->LT,UY-->LT,UY-->LT,UY-->LT,UY-->LT,UY-->LT,UY-->LT,UY-->LT,,,,,,,,,,,,,,,,,LT-->UY,LT-->UY,LT-->UY,LT-->UY,LT-->UY,LT-->UY,LT-->UY,LT-->UY,LT-->UY,LT-->UY,LT-->UY,LT-->UY,LT-->UY,LT-->UY,LT-->UY,LT-->UY,LT-->UY,LT-->UY,LT-->UY
UZ,UZB,Uzbekistan,Tashkent,Asia,Central Asia,,UZ-->LT,UZ-->LT,UZ-->LT,UZ-->LT,UZ-->LT,UZ-->LT,UZ-->LT,UZ-->LT,UZ-->LT,UZ-->LT,UZ-->LT,UZ-->LT,UZ-->LT,UZ-->LT,UZ-->LT,UZ-->LT,UZ-->LT,UZ-->LT,UZ-->LT,,,,,,,,,,,,,,,,,LT-->UZ,LT-->UZ,LT-->UZ,LT-->UZ,LT-->UZ,LT-->UZ,LT-->UZ,LT-->UZ,LT-->UZ,LT-->UZ,LT-->UZ,LT-->UZ,LT-->UZ,LT-->UZ,LT-->UZ,LT-->UZ,LT-->UZ,LT-->UZ,LT-->UZ
VU,VUT,Vanuatu,Port Vila,Oceania,Melanesia,,VU-->LT,VU-->LT,VU-->LT,VU-->LT,VU-->LT,VU-->LT,VU-->LT,VU-->LT,VU-->LT,VU-->LT,VU-->LT,VU-->LT,VU-->LT,VU-->LT,VU-->LT,VU-->LT,VU-->LT,VU-->LT,VU-->LT,,,,,,,,,,,,,,,,,LT-->VU,LT-->VU,LT-->VU,LT-->VU,LT-->VU,LT-->VU,LT-->VU,LT-->VU,LT-->VU,LT-->VU,LT-->VU,LT-->VU,LT-->VU,LT-->VU,LT-->VU,LT-->VU,LT-->VU,LT-->VU,LT-->VU
VE,VEN,Venezuela,Caracas,Americas,South America,,VE-->LT,VE-->LT,VE-->LT,VE-->LT,VE-->LT,VE-->LT,VE-->LT,VE-->LT,VE-->LT,VE-->LT,VE-->LT,VE-->LT,VE-->LT,VE-->LT,VE-->LT,VE-->LT,VE-->LT,VE-->LT,VE-->LT,,,,,,,,,,,,,,,,,LT-->VE,LT-->VE,LT-->VE,LT-->VE,LT-->VE,LT-->VE,LT-->VE,LT-->VE,LT-->VE,LT-->VE,LT-->VE,LT-->VE,LT-->VE,LT-->VE,LT-->VE,LT-->VE,LT-->VE,LT-->VE,LT-->VE
VN,VNM,Vietnam,Hanoi,Asia,South-Eastern Asia,,VN-->LT,VN-->LT,VN-->LT,VN-->LT,VN-->LT,VN-->LT,VN-->LT,VN-->LT,VN-->LT,VN-->LT,VN-->LT,VN-->LT,VN-->LT,VN-->LT,VN-->LT,VN-->LT,VN-->LT,VN-->LT,VN-->LT,,,,,,,,,,,,,,,,,LT-->VN,LT-->VN,LT-->VN,LT-->VN,LT-->VN,LT-->VN,LT-->VN,LT-->VN,LT-->VN,LT-->VN,LT-->VN,LT-->VN,LT-->VN,LT-->VN,LT-->VN,LT-->VN,LT-->VN,LT-->VN,LT-->VN
WF,WLF,Wallis and Futuna,Mata-Utu,Oceania,Polynesia,,WF-->LT,WF-->LT,WF-->LT,WF-->LT,WF-->LT,WF-->LT,WF-->LT,WF-->LT,WF-->LT,WF-->LT,WF-->LT,WF-->LT,WF-->LT,WF-->LT,WF-->LT,WF-->LT,WF-->LT,WF-->LT,WF-->LT,,,,,,,,,,,,,,,,,LT-->WF,LT-->WF,LT-->WF,LT-->WF,LT-->WF,LT-->WF,LT-->WF,LT-->WF,LT-->WF,LT-->WF,LT-->WF,LT-->WF,LT-->WF,LT-->WF,LT-->WF,LT-->WF,LT-->WF,LT-->WF,LT-->WF
EH,ESH,Western Sahara,El Aaiún,Africa,Northern Africa,,EH-->LT,EH-->LT,EH-->LT,EH-->LT,EH-->LT,EH-->LT,EH-->LT,EH-->LT,EH-->LT,EH-->LT,EH-->LT,EH-->LT,EH-->LT,EH-->LT,EH-->LT,EH-->LT,EH-->LT,EH-->LT,EH-->LT,,,,,,,,,,,,,,,,,LT-->EH,LT-->EH,LT-->EH,LT-->EH,LT-->EH,LT-->EH,LT-->EH,LT-->EH,LT-->EH,LT-->EH,LT-->EH,LT-->EH,LT-->EH,LT-->EH,LT-->EH,LT-->EH,LT-->EH,LT-->EH,LT-->EH
YE,YEM,Yemen,Sana'a,Asia,Western Asia,,YE-->LT,YE-->LT,YE-->LT,YE-->LT,YE-->LT,YE-->LT,YE-->LT,YE-->LT,YE-->LT,YE-->LT,YE-->LT,YE-->LT,YE-->LT,YE-->LT,YE-->LT,YE-->LT,YE-->LT,YE-->LT,YE-->LT,,,,,,,,,,,,,,,,,LT-->YE,LT-->YE,LT-->YE,LT-->YE,LT-->YE,LT-->YE,LT-->YE,LT-->YE,LT-->YE,LT-->YE,LT-->YE,LT-->YE,LT-->YE,LT-->YE,LT-->YE,LT-->YE,LT-->YE,LT-->YE,LT-->YE
ZM,ZMB,Zambia,Lusaka,Africa,Eastern Africa,,ZM-->LT,ZM-->LT,ZM-->LT,ZM-->LT,ZM-->LT,ZM-->LT,ZM-->LT,ZM-->LT,ZM-->LT,ZM-->LT,ZM-->LT,ZM-->LT,ZM-->LT,ZM-->LT,ZM-->LT,ZM-->LT,ZM-->LT,ZM-->LT,ZM-->LT,,,,,,,,,,,,,,,,,LT-->ZM,LT-->ZM,LT-->ZM,LT-->ZM,LT-->ZM,LT-->ZM,LT-->ZM,LT-->ZM,LT-->ZM,LT-->ZM,LT-->ZM,LT-->ZM,LT-->ZM,LT-->ZM,LT-->ZM,LT-->ZM,LT-->ZM,LT-->ZM,LT-->ZM
ZW,ZWE,Zimbabwe,Harare,Africa,Eastern Africa,,ZW-->LT,ZW-->LT,ZW-->LT,ZW-->LT,ZW-->LT,ZW-->LT,ZW-->LT,ZW-->LT,ZW-->LT,ZW-->LT,ZW-->LT,ZW-->LT,ZW-->LT,ZW-->LT,ZW-->LT,ZW-->LT,ZW-->LT,ZW-->LT,ZW-->LT,,,,,,,,,,,,,,,,,LT-->ZW,LT-->ZW,LT-->ZW,LT-->ZW,LT-->ZW,LT-->ZW,LT-->ZW,LT-->ZW,LT-->ZW,LT-->ZW,LT-->ZW,LT-->ZW,LT-->ZW,LT-->ZW,LT-->ZW,LT-->ZW,LT-->ZW,LT-->ZW,LT-->ZW
