nu,code,name,capital,region,subregion,Unnamed: 6,quara/into/where/e,quara/into/where/v,quara/into/where/uv,quara/into/min/e,quara/into/min/v,quara/into/min/uv,quara/into/max/e,quara/into/max/v,quara/into/max/uv,quara/into/comment,test/into/pcr/e,test/into/pcr/v,test/into/pcr/uv,test/into/ag/e,test/into/ag/v,test/into/ag/uv,test/into/comment,visa/into,visa/into/comment,loadStates/into,Unnamed: 27,Unnamed: 28,Unnamed: 29,Unnamed: 30,Unnamed: 31,Unnamed: 32,Unnamed: 33,Unnamed: 34,Unnamed: 35,Unnamed: 36,Unnamed: 37,Unnamed: 38,Unnamed: 39,Unnamed: 40,Unnamed: 41,quara/out/where/e,quara/out/where/v,quara/out/where/uv,quara/out/min/e,quara/out/min/v,quara/out/min/uv,quara/out/max/e,quara/out/max/v,quara/out/max/uv,quara/out/comment,test/out/pcr/e,test/out/pcr/v,test/out/pcr/uv,test/out/ag/e,test/out/ag/v,test/out/ag/uv,test/out/comment,visa/out,visa/out/comment
AF,AFG,Afghanistan,Kabul,Asia,Southern Asia,,AF-->AL,AF-->AL,AF-->AL,AF-->AL,AF-->AL,AF-->AL,AF-->AL,AF-->AL,AF-->AL,AF-->AL,AF-->AL,AF-->AL,AF-->AL,AF-->AL,AF-->AL,AF-->AL,AF-->AL,AF-->AL,AF-->AL,,,,,,,,,,,,,,,,,AL-->AF,AL-->AF,AL-->AF,AL-->AF,AL-->AF,AL-->AF,AL-->AF,AL-->AF,AL-->AF,AL-->AF,AL-->AF,AL-->AF,AL-->AF,AL-->AF,AL-->AF,AL-->AF,AL-->AF,AL-->AF,AL-->AF
AX,ALA,Åland Islands,Mariehamn,Europe,Northern Europe,,AX-->AL,AX-->AL,AX-->AL,AX-->AL,AX-->AL,AX-->AL,AX-->AL,AX-->AL,AX-->AL,AX-->AL,AX-->AL,AX-->AL,AX-->AL,AX-->AL,AX-->AL,AX-->AL,AX-->AL,AX-->AL,AX-->AL,,,,,,,,,,,,,,,,,AL-->AX,AL-->AX,AL-->AX,AL-->AX,AL-->AX,AL-->AX,AL-->AX,AL-->AX,AL-->AX,AL-->AX,AL-->AX,AL-->AX,AL-->AX,AL-->AX,AL-->AX,AL-->AX,AL-->AX,AL-->AX,AL-->AX
AL,ALB,Albania,Tirana,Europe,Southern Europe,,AL-->AL,AL-->AL,AL-->AL,AL-->AL,AL-->AL,AL-->AL,AL-->AL,AL-->AL,AL-->AL,AL-->AL,AL-->AL,AL-->AL,AL-->AL,AL-->AL,AL-->AL,AL-->AL,AL-->AL,AL-->AL,AL-->AL,,,,,,,,,,,,,,,,,AL-->AL,AL-->AL,AL-->AL,AL-->AL,AL-->AL,AL-->AL,AL-->AL,AL-->AL,AL-->AL,AL-->AL,AL-->AL,AL-->AL,AL-->AL,AL-->AL,AL-->AL,AL-->AL,AL-->AL,AL-->AL,AL-->AL
DZ,DZA,Algeria,Algiers,Africa,Northern Africa,,DZ-->AL,DZ-->AL,DZ-->AL,DZ-->AL,DZ-->AL,DZ-->AL,DZ-->AL,DZ-->AL,DZ-->AL,DZ-->AL,DZ-->AL,DZ-->AL,DZ-->AL,DZ-->AL,DZ-->AL,DZ-->AL,DZ-->AL,DZ-->AL,DZ-->AL,,,,,,,,,,,,,,,,,AL-->DZ,AL-->DZ,AL-->DZ,AL-->DZ,AL-->DZ,AL-->DZ,AL-->DZ,AL-->DZ,AL-->DZ,AL-->DZ,AL-->DZ,AL-->DZ,AL-->DZ,AL-->DZ,AL-->DZ,AL-->DZ,AL-->DZ,AL-->DZ,AL-->DZ
AS,ASM,American Samoa,Pago Pago,Oceania,Polynesia,,AS-->AL,AS-->AL,AS-->AL,AS-->AL,AS-->AL,AS-->AL,AS-->AL,AS-->AL,AS-->AL,AS-->AL,AS-->AL,AS-->AL,AS-->AL,AS-->AL,AS-->AL,AS-->AL,AS-->AL,AS-->AL,AS-->AL,,,,,,,,,,,,,,,,,AL-->AS,AL-->AS,AL-->AS,AL-->AS,AL-->AS,AL-->AS,AL-->AS,AL-->AS,AL-->AS,AL-->AS,AL-->AS,AL-->AS,AL-->AS,AL-->AS,AL-->AS,AL-->AS,AL-->AS,AL-->AS,AL-->AS
AD,AND,Andorra,Andorra la Vella,Europe,Southern Europe,,AD-->AL,AD-->AL,AD-->AL,AD-->AL,AD-->AL,AD-->AL,AD-->AL,AD-->AL,AD-->AL,AD-->AL,AD-->AL,AD-->AL,AD-->AL,AD-->AL,AD-->AL,AD-->AL,AD-->AL,AD-->AL,AD-->AL,,,,,,,,,,,,,,,,,AL-->AD,AL-->AD,AL-->AD,AL-->AD,AL-->AD,AL-->AD,AL-->AD,AL-->AD,AL-->AD,AL-->AD,AL-->AD,AL-->AD,AL-->AD,AL-->AD,AL-->AD,AL-->AD,AL-->AD,AL-->AD,AL-->AD
AO,AGO,Angola,Luanda,Africa,Middle Africa,,AO-->AL,AO-->AL,AO-->AL,AO-->AL,AO-->AL,AO-->AL,AO-->AL,AO-->AL,AO-->AL,AO-->AL,AO-->AL,AO-->AL,AO-->AL,AO-->AL,AO-->AL,AO-->AL,AO-->AL,AO-->AL,AO-->AL,,,,,,,,,,,,,,,,,AL-->AO,AL-->AO,AL-->AO,AL-->AO,AL-->AO,AL-->AO,AL-->AO,AL-->AO,AL-->AO,AL-->AO,AL-->AO,AL-->AO,AL-->AO,AL-->AO,AL-->AO,AL-->AO,AL-->AO,AL-->AO,AL-->AO
AI,AIA,Anguilla,The Valley,Americas,Caribbean,,AI-->AL,AI-->AL,AI-->AL,AI-->AL,AI-->AL,AI-->AL,AI-->AL,AI-->AL,AI-->AL,AI-->AL,AI-->AL,AI-->AL,AI-->AL,AI-->AL,AI-->AL,AI-->AL,AI-->AL,AI-->AL,AI-->AL,,,,,,,,,,,,,,,,,AL-->AI,AL-->AI,AL-->AI,AL-->AI,AL-->AI,AL-->AI,AL-->AI,AL-->AI,AL-->AI,AL-->AI,AL-->AI,AL-->AI,AL-->AI,AL-->AI,AL-->AI,AL-->AI,AL-->AI,AL-->AI,AL-->AI
AQ,ATA,Antarctica,,Polar,,,AQ-->AL,AQ-->AL,AQ-->AL,AQ-->AL,AQ-->AL,AQ-->AL,AQ-->AL,AQ-->AL,AQ-->AL,AQ-->AL,AQ-->AL,AQ-->AL,AQ-->AL,AQ-->AL,AQ-->AL,AQ-->AL,AQ-->AL,AQ-->AL,AQ-->AL,,,,,,,,,,,,,,,,,AL-->AQ,AL-->AQ,AL-->AQ,AL-->AQ,AL-->AQ,AL-->AQ,AL-->AQ,AL-->AQ,AL-->AQ,AL-->AQ,AL-->AQ,AL-->AQ,AL-->AQ,AL-->AQ,AL-->AQ,AL-->AQ,AL-->AQ,AL-->AQ,AL-->AQ
AG,ATG,Antigua and Barbuda,Saint John's,Americas,Caribbean,,AG-->AL,AG-->AL,AG-->AL,AG-->AL,AG-->AL,AG-->AL,AG-->AL,AG-->AL,AG-->AL,AG-->AL,AG-->AL,AG-->AL,AG-->AL,AG-->AL,AG-->AL,AG-->AL,AG-->AL,AG-->AL,AG-->AL,,,,,,,,,,,,,,,,,AL-->AG,AL-->AG,AL-->AG,AL-->AG,AL-->AG,AL-->AG,AL-->AG,AL-->AG,AL-->AG,AL-->AG,AL-->AG,AL-->AG,AL-->AG,AL-->AG,AL-->AG,AL-->AG,AL-->AG,AL-->AG,AL-->AG
AR,ARG,Argentina,Buenos Aires,Americas,South America,,AR-->AL,AR-->AL,AR-->AL,AR-->AL,AR-->AL,AR-->AL,AR-->AL,AR-->AL,AR-->AL,AR-->AL,AR-->AL,AR-->AL,AR-->AL,AR-->AL,AR-->AL,AR-->AL,AR-->AL,AR-->AL,AR-->AL,,,,,,,,,,,,,,,,,AL-->AR,AL-->AR,AL-->AR,AL-->AR,AL-->AR,AL-->AR,AL-->AR,AL-->AR,AL-->AR,AL-->AR,AL-->AR,AL-->AR,AL-->AR,AL-->AR,AL-->AR,AL-->AR,AL-->AR,AL-->AR,AL-->AR
AM,ARM,Armenia,Yerevan,Asia,Western Asia,,AM-->AL,AM-->AL,AM-->AL,AM-->AL,AM-->AL,AM-->AL,AM-->AL,AM-->AL,AM-->AL,AM-->AL,AM-->AL,AM-->AL,AM-->AL,AM-->AL,AM-->AL,AM-->AL,AM-->AL,AM-->AL,AM-->AL,,,,,,,,,,,,,,,,,AL-->AM,AL-->AM,AL-->AM,AL-->AM,AL-->AM,AL-->AM,AL-->AM,AL-->AM,AL-->AM,AL-->AM,AL-->AM,AL-->AM,AL-->AM,AL-->AM,AL-->AM,AL-->AM,AL-->AM,AL-->AM,AL-->AM
AW,ABW,Aruba,Oranjestad,Americas,Caribbean,,AW-->AL,AW-->AL,AW-->AL,AW-->AL,AW-->AL,AW-->AL,AW-->AL,AW-->AL,AW-->AL,AW-->AL,AW-->AL,AW-->AL,AW-->AL,AW-->AL,AW-->AL,AW-->AL,AW-->AL,AW-->AL,AW-->AL,,,,,,,,,,,,,,,,,AL-->AW,AL-->AW,AL-->AW,AL-->AW,AL-->AW,AL-->AW,AL-->AW,AL-->AW,AL-->AW,AL-->AW,AL-->AW,AL-->AW,AL-->AW,AL-->AW,AL-->AW,AL-->AW,AL-->AW,AL-->AW,AL-->AW
AU,AUS,Australia,Canberra,Oceania,Australia and New Zealand,,AU-->AL,AU-->AL,AU-->AL,AU-->AL,AU-->AL,AU-->AL,AU-->AL,AU-->AL,AU-->AL,AU-->AL,AU-->AL,AU-->AL,AU-->AL,AU-->AL,AU-->AL,AU-->AL,AU-->AL,AU-->AL,AU-->AL,,,,,,,,,,,,,,,,,AL-->AU,AL-->AU,AL-->AU,AL-->AU,AL-->AU,AL-->AU,AL-->AU,AL-->AU,AL-->AU,AL-->AU,AL-->AU,AL-->AU,AL-->AU,AL-->AU,AL-->AU,AL-->AU,AL-->AU,AL-->AU,AL-->AU
AT,AUT,Austria,Vienna,Europe,Western Europe,,AT-->AL,AT-->AL,AT-->AL,AT-->AL,AT-->AL,AT-->AL,AT-->AL,AT-->AL,AT-->AL,AT-->AL,AT-->AL,AT-->AL,AT-->AL,AT-->AL,AT-->AL,AT-->AL,AT-->AL,AT-->AL,AT-->AL,,,,,,,,,,,,,,,,,AL-->AT,AL-->AT,AL-->AT,AL-->AT,AL-->AT,AL-->AT,AL-->AT,AL-->AT,AL-->AT,AL-->AT,AL-->AT,AL-->AT,AL-->AT,AL-->AT,AL-->AT,AL-->AT,AL-->AT,AL-->AT,AL-->AT
AZ,AZE,Azerbaijan,Baku,Asia,Western Asia,,AZ-->AL,AZ-->AL,AZ-->AL,AZ-->AL,AZ-->AL,AZ-->AL,AZ-->AL,AZ-->AL,AZ-->AL,AZ-->AL,AZ-->AL,AZ-->AL,AZ-->AL,AZ-->AL,AZ-->AL,AZ-->AL,AZ-->AL,AZ-->AL,AZ-->AL,,,,,,,,,,,,,,,,,AL-->AZ,AL-->AZ,AL-->AZ,AL-->AZ,AL-->AZ,AL-->AZ,AL-->AZ,AL-->AZ,AL-->AZ,AL-->AZ,AL-->AZ,AL-->AZ,AL-->AZ,AL-->AZ,AL-->AZ,AL-->AZ,AL-->AZ,AL-->AZ,AL-->AZ
BS,BHS,The Bahamas,Nassau,Americas,Caribbean,,BS-->AL,BS-->AL,BS-->AL,BS-->AL,BS-->AL,BS-->AL,BS-->AL,BS-->AL,BS-->AL,BS-->AL,BS-->AL,BS-->AL,BS-->AL,BS-->AL,BS-->AL,BS-->AL,BS-->AL,BS-->AL,BS-->AL,,,,,,,,,,,,,,,,,AL-->BS,AL-->BS,AL-->BS,AL-->BS,AL-->BS,AL-->BS,AL-->BS,AL-->BS,AL-->BS,AL-->BS,AL-->BS,AL-->BS,AL-->BS,AL-->BS,AL-->BS,AL-->BS,AL-->BS,AL-->BS,AL-->BS
BH,BHR,Bahrain,Manama,Asia,Western Asia,,BH-->AL,BH-->AL,BH-->AL,BH-->AL,BH-->AL,BH-->AL,BH-->AL,BH-->AL,BH-->AL,BH-->AL,BH-->AL,BH-->AL,BH-->AL,BH-->AL,BH-->AL,BH-->AL,BH-->AL,BH-->AL,BH-->AL,,,,,,,,,,,,,,,,,AL-->BH,AL-->BH,AL-->BH,AL-->BH,AL-->BH,AL-->BH,AL-->BH,AL-->BH,AL-->BH,AL-->BH,AL-->BH,AL-->BH,AL-->BH,AL-->BH,AL-->BH,AL-->BH,AL-->BH,AL-->BH,AL-->BH
BD,BGD,Bangladesh,Dhaka,Asia,Southern Asia,,BD-->AL,BD-->AL,BD-->AL,BD-->AL,BD-->AL,BD-->AL,BD-->AL,BD-->AL,BD-->AL,BD-->AL,BD-->AL,BD-->AL,BD-->AL,BD-->AL,BD-->AL,BD-->AL,BD-->AL,BD-->AL,BD-->AL,,,,,,,,,,,,,,,,,AL-->BD,AL-->BD,AL-->BD,AL-->BD,AL-->BD,AL-->BD,AL-->BD,AL-->BD,AL-->BD,AL-->BD,AL-->BD,AL-->BD,AL-->BD,AL-->BD,AL-->BD,AL-->BD,AL-->BD,AL-->BD,AL-->BD
BB,BRB,Barbados,Bridgetown,Americas,Caribbean,,BB-->AL,BB-->AL,BB-->AL,BB-->AL,BB-->AL,BB-->AL,BB-->AL,BB-->AL,BB-->AL,BB-->AL,BB-->AL,BB-->AL,BB-->AL,BB-->AL,BB-->AL,BB-->AL,BB-->AL,BB-->AL,BB-->AL,,,,,,,,,,,,,,,,,AL-->BB,AL-->BB,AL-->BB,AL-->BB,AL-->BB,AL-->BB,AL-->BB,AL-->BB,AL-->BB,AL-->BB,AL-->BB,AL-->BB,AL-->BB,AL-->BB,AL-->BB,AL-->BB,AL-->BB,AL-->BB,AL-->BB
BY,BLR,Belarus,Minsk,Europe,Eastern Europe,,BY-->AL,BY-->AL,BY-->AL,BY-->AL,BY-->AL,BY-->AL,BY-->AL,BY-->AL,BY-->AL,BY-->AL,BY-->AL,BY-->AL,BY-->AL,BY-->AL,BY-->AL,BY-->AL,BY-->AL,BY-->AL,BY-->AL,,,,,,,,,,,,,,,,,AL-->BY,AL-->BY,AL-->BY,AL-->BY,AL-->BY,AL-->BY,AL-->BY,AL-->BY,AL-->BY,AL-->BY,AL-->BY,AL-->BY,AL-->BY,AL-->BY,AL-->BY,AL-->BY,AL-->BY,AL-->BY,AL-->BY
BE,BEL,Belgium,Brussels,Europe,Western Europe,,BE-->AL,BE-->AL,BE-->AL,BE-->AL,BE-->AL,BE-->AL,BE-->AL,BE-->AL,BE-->AL,BE-->AL,BE-->AL,BE-->AL,BE-->AL,BE-->AL,BE-->AL,BE-->AL,BE-->AL,BE-->AL,BE-->AL,,,,,,,,,,,,,,,,,AL-->BE,AL-->BE,AL-->BE,AL-->BE,AL-->BE,AL-->BE,AL-->BE,AL-->BE,AL-->BE,AL-->BE,AL-->BE,AL-->BE,AL-->BE,AL-->BE,AL-->BE,AL-->BE,AL-->BE,AL-->BE,AL-->BE
BZ,BLZ,Belize,Belmopan,Americas,Central America,,BZ-->AL,BZ-->AL,BZ-->AL,BZ-->AL,BZ-->AL,BZ-->AL,BZ-->AL,BZ-->AL,BZ-->AL,BZ-->AL,BZ-->AL,BZ-->AL,BZ-->AL,BZ-->AL,BZ-->AL,BZ-->AL,BZ-->AL,BZ-->AL,BZ-->AL,,,,,,,,,,,,,,,,,AL-->BZ,AL-->BZ,AL-->BZ,AL-->BZ,AL-->BZ,AL-->BZ,AL-->BZ,AL-->BZ,AL-->BZ,AL-->BZ,AL-->BZ,AL-->BZ,AL-->BZ,AL-->BZ,AL-->BZ,AL-->BZ,AL-->BZ,AL-->BZ,AL-->BZ
BJ,BEN,Benin,Porto-Novo,Africa,Western Africa,,BJ-->AL,BJ-->AL,BJ-->AL,BJ-->AL,BJ-->AL,BJ-->AL,BJ-->AL,BJ-->AL,BJ-->AL,BJ-->AL,BJ-->AL,BJ-->AL,BJ-->AL,BJ-->AL,BJ-->AL,BJ-->AL,BJ-->AL,BJ-->AL,BJ-->AL,,,,,,,,,,,,,,,,,AL-->BJ,AL-->BJ,AL-->BJ,AL-->BJ,AL-->BJ,AL-->BJ,AL-->BJ,AL-->BJ,AL-->BJ,AL-->BJ,AL-->BJ,AL-->BJ,AL-->BJ,AL-->BJ,AL-->BJ,AL-->BJ,AL-->BJ,AL-->BJ,AL-->BJ
BM,BMU,Bermuda,Hamilton,Americas,Northern America,,BM-->AL,BM-->AL,BM-->AL,BM-->AL,BM-->AL,BM-->AL,BM-->AL,BM-->AL,BM-->AL,BM-->AL,BM-->AL,BM-->AL,BM-->AL,BM-->AL,BM-->AL,BM-->AL,BM-->AL,BM-->AL,BM-->AL,,,,,,,,,,,,,,,,,AL-->BM,AL-->BM,AL-->BM,AL-->BM,AL-->BM,AL-->BM,AL-->BM,AL-->BM,AL-->BM,AL-->BM,AL-->BM,AL-->BM,AL-->BM,AL-->BM,AL-->BM,AL-->BM,AL-->BM,AL-->BM,AL-->BM
BT,BTN,Bhutan,Thimphu,Asia,Southern Asia,,BT-->AL,BT-->AL,BT-->AL,BT-->AL,BT-->AL,BT-->AL,BT-->AL,BT-->AL,BT-->AL,BT-->AL,BT-->AL,BT-->AL,BT-->AL,BT-->AL,BT-->AL,BT-->AL,BT-->AL,BT-->AL,BT-->AL,,,,,,,,,,,,,,,,,AL-->BT,AL-->BT,AL-->BT,AL-->BT,AL-->BT,AL-->BT,AL-->BT,AL-->BT,AL-->BT,AL-->BT,AL-->BT,AL-->BT,AL-->BT,AL-->BT,AL-->BT,AL-->BT,AL-->BT,AL-->BT,AL-->BT
BO,BOL,Bolivia,Sucre,Americas,South America,,BO-->AL,BO-->AL,BO-->AL,BO-->AL,BO-->AL,BO-->AL,BO-->AL,BO-->AL,BO-->AL,BO-->AL,BO-->AL,BO-->AL,BO-->AL,BO-->AL,BO-->AL,BO-->AL,BO-->AL,BO-->AL,BO-->AL,,,,,,,,,,,,,,,,,AL-->BO,AL-->BO,AL-->BO,AL-->BO,AL-->BO,AL-->BO,AL-->BO,AL-->BO,AL-->BO,AL-->BO,AL-->BO,AL-->BO,AL-->BO,AL-->BO,AL-->BO,AL-->BO,AL-->BO,AL-->BO,AL-->BO
BQ,BES,Bonaire,Kralendijk,Americas,Caribbean,,BQ-->AL,BQ-->AL,BQ-->AL,BQ-->AL,BQ-->AL,BQ-->AL,BQ-->AL,BQ-->AL,BQ-->AL,BQ-->AL,BQ-->AL,BQ-->AL,BQ-->AL,BQ-->AL,BQ-->AL,BQ-->AL,BQ-->AL,BQ-->AL,BQ-->AL,,,,,,,,,,,,,,,,,AL-->BQ,AL-->BQ,AL-->BQ,AL-->BQ,AL-->BQ,AL-->BQ,AL-->BQ,AL-->BQ,AL-->BQ,AL-->BQ,AL-->BQ,AL-->BQ,AL-->BQ,AL-->BQ,AL-->BQ,AL-->BQ,AL-->BQ,AL-->BQ,AL-->BQ
BA,BIH,Bosnia and Herzegovina,Sarajevo,Europe,Southern Europe,,BA-->AL,BA-->AL,BA-->AL,BA-->AL,BA-->AL,BA-->AL,BA-->AL,BA-->AL,BA-->AL,BA-->AL,BA-->AL,BA-->AL,BA-->AL,BA-->AL,BA-->AL,BA-->AL,BA-->AL,BA-->AL,BA-->AL,,,,,,,,,,,,,,,,,AL-->BA,AL-->BA,AL-->BA,AL-->BA,AL-->BA,AL-->BA,AL-->BA,AL-->BA,AL-->BA,AL-->BA,AL-->BA,AL-->BA,AL-->BA,AL-->BA,AL-->BA,AL-->BA,AL-->BA,AL-->BA,AL-->BA
BW,BWA,Botswana,Gaborone,Africa,Southern Africa,,BW-->AL,BW-->AL,BW-->AL,BW-->AL,BW-->AL,BW-->AL,BW-->AL,BW-->AL,BW-->AL,BW-->AL,BW-->AL,BW-->AL,BW-->AL,BW-->AL,BW-->AL,BW-->AL,BW-->AL,BW-->AL,BW-->AL,,,,,,,,,,,,,,,,,AL-->BW,AL-->BW,AL-->BW,AL-->BW,AL-->BW,AL-->BW,AL-->BW,AL-->BW,AL-->BW,AL-->BW,AL-->BW,AL-->BW,AL-->BW,AL-->BW,AL-->BW,AL-->BW,AL-->BW,AL-->BW,AL-->BW
BV,BVT,Bouvet Island,,,,,BV-->AL,BV-->AL,BV-->AL,BV-->AL,BV-->AL,BV-->AL,BV-->AL,BV-->AL,BV-->AL,BV-->AL,BV-->AL,BV-->AL,BV-->AL,BV-->AL,BV-->AL,BV-->AL,BV-->AL,BV-->AL,BV-->AL,,,,,,,,,,,,,,,,,AL-->BV,AL-->BV,AL-->BV,AL-->BV,AL-->BV,AL-->BV,AL-->BV,AL-->BV,AL-->BV,AL-->BV,AL-->BV,AL-->BV,AL-->BV,AL-->BV,AL-->BV,AL-->BV,AL-->BV,AL-->BV,AL-->BV
BR,BRA,Brazil,Brasília,Americas,South America,,BR-->AL,BR-->AL,BR-->AL,BR-->AL,BR-->AL,BR-->AL,BR-->AL,BR-->AL,BR-->AL,BR-->AL,BR-->AL,BR-->AL,BR-->AL,BR-->AL,BR-->AL,BR-->AL,BR-->AL,BR-->AL,BR-->AL,,,,,,,,,,,,,,,,,AL-->BR,AL-->BR,AL-->BR,AL-->BR,AL-->BR,AL-->BR,AL-->BR,AL-->BR,AL-->BR,AL-->BR,AL-->BR,AL-->BR,AL-->BR,AL-->BR,AL-->BR,AL-->BR,AL-->BR,AL-->BR,AL-->BR
IO,IOT,British Indian Ocean Territory,Diego Garcia,Africa,Eastern Africa,,IO-->AL,IO-->AL,IO-->AL,IO-->AL,IO-->AL,IO-->AL,IO-->AL,IO-->AL,IO-->AL,IO-->AL,IO-->AL,IO-->AL,IO-->AL,IO-->AL,IO-->AL,IO-->AL,IO-->AL,IO-->AL,IO-->AL,,,,,,,,,,,,,,,,,AL-->IO,AL-->IO,AL-->IO,AL-->IO,AL-->IO,AL-->IO,AL-->IO,AL-->IO,AL-->IO,AL-->IO,AL-->IO,AL-->IO,AL-->IO,AL-->IO,AL-->IO,AL-->IO,AL-->IO,AL-->IO,AL-->IO
UM,UMI,United States Minor Outlying Islands,,Americas,Northern America,,UM-->AL,UM-->AL,UM-->AL,UM-->AL,UM-->AL,UM-->AL,UM-->AL,UM-->AL,UM-->AL,UM-->AL,UM-->AL,UM-->AL,UM-->AL,UM-->AL,UM-->AL,UM-->AL,UM-->AL,UM-->AL,UM-->AL,,,,,,,,,,,,,,,,,AL-->UM,AL-->UM,AL-->UM,AL-->UM,AL-->UM,AL-->UM,AL-->UM,AL-->UM,AL-->UM,AL-->UM,AL-->UM,AL-->UM,AL-->UM,AL-->UM,AL-->UM,AL-->UM,AL-->UM,AL-->UM,AL-->UM
VG,VGB,Virgin Islands (British),Road Town,Americas,Caribbean,,VG-->AL,VG-->AL,VG-->AL,VG-->AL,VG-->AL,VG-->AL,VG-->AL,VG-->AL,VG-->AL,VG-->AL,VG-->AL,VG-->AL,VG-->AL,VG-->AL,VG-->AL,VG-->AL,VG-->AL,VG-->AL,VG-->AL,,,,,,,,,,,,,,,,,AL-->VG,AL-->VG,AL-->VG,AL-->VG,AL-->VG,AL-->VG,AL-->VG,AL-->VG,AL-->VG,AL-->VG,AL-->VG,AL-->VG,AL-->VG,AL-->VG,AL-->VG,AL-->VG,AL-->VG,AL-->VG,AL-->VG
VI,VIR,Virgin Islands (U.S.),Charlotte Amalie,Americas,Caribbean,,VI-->AL,VI-->AL,VI-->AL,VI-->AL,VI-->AL,VI-->AL,VI-->AL,VI-->AL,VI-->AL,VI-->AL,VI-->AL,VI-->AL,VI-->AL,VI-->AL,VI-->AL,VI-->AL,VI-->AL,VI-->AL,VI-->AL,,,,,,,,,,,,,,,,,AL-->VI,AL-->VI,AL-->VI,AL-->VI,AL-->VI,AL-->VI,AL-->VI,AL-->VI,AL-->VI,AL-->VI,AL-->VI,AL-->VI,AL-->VI,AL-->VI,AL-->VI,AL-->VI,AL-->VI,AL-->VI,AL-->VI
BN,BRN,Brunei,Bandar Seri Begawan,Asia,South-Eastern Asia,,BN-->AL,BN-->AL,BN-->AL,BN-->AL,BN-->AL,BN-->AL,BN-->AL,BN-->AL,BN-->AL,BN-->AL,BN-->AL,BN-->AL,BN-->AL,BN-->AL,BN-->AL,BN-->AL,BN-->AL,BN-->AL,BN-->AL,,,,,,,,,,,,,,,,,AL-->BN,AL-->BN,AL-->BN,AL-->BN,AL-->BN,AL-->BN,AL-->BN,AL-->BN,AL-->BN,AL-->BN,AL-->BN,AL-->BN,AL-->BN,AL-->BN,AL-->BN,AL-->BN,AL-->BN,AL-->BN,AL-->BN
BG,BGR,Bulgaria,Sofia,Europe,Eastern Europe,,BG-->AL,BG-->AL,BG-->AL,BG-->AL,BG-->AL,BG-->AL,BG-->AL,BG-->AL,BG-->AL,BG-->AL,BG-->AL,BG-->AL,BG-->AL,BG-->AL,BG-->AL,BG-->AL,BG-->AL,BG-->AL,BG-->AL,,,,,,,,,,,,,,,,,AL-->BG,AL-->BG,AL-->BG,AL-->BG,AL-->BG,AL-->BG,AL-->BG,AL-->BG,AL-->BG,AL-->BG,AL-->BG,AL-->BG,AL-->BG,AL-->BG,AL-->BG,AL-->BG,AL-->BG,AL-->BG,AL-->BG
BF,BFA,Burkina Faso,Ouagadougou,Africa,Western Africa,,BF-->AL,BF-->AL,BF-->AL,BF-->AL,BF-->AL,BF-->AL,BF-->AL,BF-->AL,BF-->AL,BF-->AL,BF-->AL,BF-->AL,BF-->AL,BF-->AL,BF-->AL,BF-->AL,BF-->AL,BF-->AL,BF-->AL,,,,,,,,,,,,,,,,,AL-->BF,AL-->BF,AL-->BF,AL-->BF,AL-->BF,AL-->BF,AL-->BF,AL-->BF,AL-->BF,AL-->BF,AL-->BF,AL-->BF,AL-->BF,AL-->BF,AL-->BF,AL-->BF,AL-->BF,AL-->BF,AL-->BF
BI,BDI,Burundi,Bujumbura,Africa,Eastern Africa,,BI-->AL,BI-->AL,BI-->AL,BI-->AL,BI-->AL,BI-->AL,BI-->AL,BI-->AL,BI-->AL,BI-->AL,BI-->AL,BI-->AL,BI-->AL,BI-->AL,BI-->AL,BI-->AL,BI-->AL,BI-->AL,BI-->AL,,,,,,,,,,,,,,,,,AL-->BI,AL-->BI,AL-->BI,AL-->BI,AL-->BI,AL-->BI,AL-->BI,AL-->BI,AL-->BI,AL-->BI,AL-->BI,AL-->BI,AL-->BI,AL-->BI,AL-->BI,AL-->BI,AL-->BI,AL-->BI,AL-->BI
KH,KHM,Cambodia,Phnom Penh,Asia,South-Eastern Asia,,KH-->AL,KH-->AL,KH-->AL,KH-->AL,KH-->AL,KH-->AL,KH-->AL,KH-->AL,KH-->AL,KH-->AL,KH-->AL,KH-->AL,KH-->AL,KH-->AL,KH-->AL,KH-->AL,KH-->AL,KH-->AL,KH-->AL,,,,,,,,,,,,,,,,,AL-->KH,AL-->KH,AL-->KH,AL-->KH,AL-->KH,AL-->KH,AL-->KH,AL-->KH,AL-->KH,AL-->KH,AL-->KH,AL-->KH,AL-->KH,AL-->KH,AL-->KH,AL-->KH,AL-->KH,AL-->KH,AL-->KH
CM,CMR,Cameroon,Yaoundé,Africa,Middle Africa,,CM-->AL,CM-->AL,CM-->AL,CM-->AL,CM-->AL,CM-->AL,CM-->AL,CM-->AL,CM-->AL,CM-->AL,CM-->AL,CM-->AL,CM-->AL,CM-->AL,CM-->AL,CM-->AL,CM-->AL,CM-->AL,CM-->AL,,,,,,,,,,,,,,,,,AL-->CM,AL-->CM,AL-->CM,AL-->CM,AL-->CM,AL-->CM,AL-->CM,AL-->CM,AL-->CM,AL-->CM,AL-->CM,AL-->CM,AL-->CM,AL-->CM,AL-->CM,AL-->CM,AL-->CM,AL-->CM,AL-->CM
CA,CAN,Canada,Ottawa,Americas,Northern America,,CA-->AL,CA-->AL,CA-->AL,CA-->AL,CA-->AL,CA-->AL,CA-->AL,CA-->AL,CA-->AL,CA-->AL,CA-->AL,CA-->AL,CA-->AL,CA-->AL,CA-->AL,CA-->AL,CA-->AL,CA-->AL,CA-->AL,,,,,,,,,,,,,,,,,AL-->CA,AL-->CA,AL-->CA,AL-->CA,AL-->CA,AL-->CA,AL-->CA,AL-->CA,AL-->CA,AL-->CA,AL-->CA,AL-->CA,AL-->CA,AL-->CA,AL-->CA,AL-->CA,AL-->CA,AL-->CA,AL-->CA
CV,CPV,Cape Verde,Praia,Africa,Western Africa,,CV-->AL,CV-->AL,CV-->AL,CV-->AL,CV-->AL,CV-->AL,CV-->AL,CV-->AL,CV-->AL,CV-->AL,CV-->AL,CV-->AL,CV-->AL,CV-->AL,CV-->AL,CV-->AL,CV-->AL,CV-->AL,CV-->AL,,,,,,,,,,,,,,,,,AL-->CV,AL-->CV,AL-->CV,AL-->CV,AL-->CV,AL-->CV,AL-->CV,AL-->CV,AL-->CV,AL-->CV,AL-->CV,AL-->CV,AL-->CV,AL-->CV,AL-->CV,AL-->CV,AL-->CV,AL-->CV,AL-->CV
KY,CYM,Cayman Islands,George Town,Americas,Caribbean,,KY-->AL,KY-->AL,KY-->AL,KY-->AL,KY-->AL,KY-->AL,KY-->AL,KY-->AL,KY-->AL,KY-->AL,KY-->AL,KY-->AL,KY-->AL,KY-->AL,KY-->AL,KY-->AL,KY-->AL,KY-->AL,KY-->AL,,,,,,,,,,,,,,,,,AL-->KY,AL-->KY,AL-->KY,AL-->KY,AL-->KY,AL-->KY,AL-->KY,AL-->KY,AL-->KY,AL-->KY,AL-->KY,AL-->KY,AL-->KY,AL-->KY,AL-->KY,AL-->KY,AL-->KY,AL-->KY,AL-->KY
CF,CAF,Central African Republic,Bangui,Africa,Middle Africa,,CF-->AL,CF-->AL,CF-->AL,CF-->AL,CF-->AL,CF-->AL,CF-->AL,CF-->AL,CF-->AL,CF-->AL,CF-->AL,CF-->AL,CF-->AL,CF-->AL,CF-->AL,CF-->AL,CF-->AL,CF-->AL,CF-->AL,,,,,,,,,,,,,,,,,AL-->CF,AL-->CF,AL-->CF,AL-->CF,AL-->CF,AL-->CF,AL-->CF,AL-->CF,AL-->CF,AL-->CF,AL-->CF,AL-->CF,AL-->CF,AL-->CF,AL-->CF,AL-->CF,AL-->CF,AL-->CF,AL-->CF
TD,TCD,Chad,N'Djamena,Africa,Middle Africa,,TD-->AL,TD-->AL,TD-->AL,TD-->AL,TD-->AL,TD-->AL,TD-->AL,TD-->AL,TD-->AL,TD-->AL,TD-->AL,TD-->AL,TD-->AL,TD-->AL,TD-->AL,TD-->AL,TD-->AL,TD-->AL,TD-->AL,,,,,,,,,,,,,,,,,AL-->TD,AL-->TD,AL-->TD,AL-->TD,AL-->TD,AL-->TD,AL-->TD,AL-->TD,AL-->TD,AL-->TD,AL-->TD,AL-->TD,AL-->TD,AL-->TD,AL-->TD,AL-->TD,AL-->TD,AL-->TD,AL-->TD
CL,CHL,Chile,Santiago,Americas,South America,,CL-->AL,CL-->AL,CL-->AL,CL-->AL,CL-->AL,CL-->AL,CL-->AL,CL-->AL,CL-->AL,CL-->AL,CL-->AL,CL-->AL,CL-->AL,CL-->AL,CL-->AL,CL-->AL,CL-->AL,CL-->AL,CL-->AL,,,,,,,,,,,,,,,,,AL-->CL,AL-->CL,AL-->CL,AL-->CL,AL-->CL,AL-->CL,AL-->CL,AL-->CL,AL-->CL,AL-->CL,AL-->CL,AL-->CL,AL-->CL,AL-->CL,AL-->CL,AL-->CL,AL-->CL,AL-->CL,AL-->CL
CN,CHN,China,Beijing,Asia,Eastern Asia,,CN-->AL,CN-->AL,CN-->AL,CN-->AL,CN-->AL,CN-->AL,CN-->AL,CN-->AL,CN-->AL,CN-->AL,CN-->AL,CN-->AL,CN-->AL,CN-->AL,CN-->AL,CN-->AL,CN-->AL,CN-->AL,CN-->AL,,,,,,,,,,,,,,,,,AL-->CN,AL-->CN,AL-->CN,AL-->CN,AL-->CN,AL-->CN,AL-->CN,AL-->CN,AL-->CN,AL-->CN,AL-->CN,AL-->CN,AL-->CN,AL-->CN,AL-->CN,AL-->CN,AL-->CN,AL-->CN,AL-->CN
CX,CXR,Christmas Island,Flying Fish Cove,Oceania,Australia and New Zealand,,CX-->AL,CX-->AL,CX-->AL,CX-->AL,CX-->AL,CX-->AL,CX-->AL,CX-->AL,CX-->AL,CX-->AL,CX-->AL,CX-->AL,CX-->AL,CX-->AL,CX-->AL,CX-->AL,CX-->AL,CX-->AL,CX-->AL,,,,,,,,,,,,,,,,,AL-->CX,AL-->CX,AL-->CX,AL-->CX,AL-->CX,AL-->CX,AL-->CX,AL-->CX,AL-->CX,AL-->CX,AL-->CX,AL-->CX,AL-->CX,AL-->CX,AL-->CX,AL-->CX,AL-->CX,AL-->CX,AL-->CX
CC,CCK,Cocos (Keeling) Islands,West Island,Oceania,Australia and New Zealand,,CC-->AL,CC-->AL,CC-->AL,CC-->AL,CC-->AL,CC-->AL,CC-->AL,CC-->AL,CC-->AL,CC-->AL,CC-->AL,CC-->AL,CC-->AL,CC-->AL,CC-->AL,CC-->AL,CC-->AL,CC-->AL,CC-->AL,,,,,,,,,,,,,,,,,AL-->CC,AL-->CC,AL-->CC,AL-->CC,AL-->CC,AL-->CC,AL-->CC,AL-->CC,AL-->CC,AL-->CC,AL-->CC,AL-->CC,AL-->CC,AL-->CC,AL-->CC,AL-->CC,AL-->CC,AL-->CC,AL-->CC
CO,COL,Colombia,Bogotá,Americas,South America,,CO-->AL,CO-->AL,CO-->AL,CO-->AL,CO-->AL,CO-->AL,CO-->AL,CO-->AL,CO-->AL,CO-->AL,CO-->AL,CO-->AL,CO-->AL,CO-->AL,CO-->AL,CO-->AL,CO-->AL,CO-->AL,CO-->AL,,,,,,,,,,,,,,,,,AL-->CO,AL-->CO,AL-->CO,AL-->CO,AL-->CO,AL-->CO,AL-->CO,AL-->CO,AL-->CO,AL-->CO,AL-->CO,AL-->CO,AL-->CO,AL-->CO,AL-->CO,AL-->CO,AL-->CO,AL-->CO,AL-->CO
KM,COM,Comoros,Moroni,Africa,Eastern Africa,,KM-->AL,KM-->AL,KM-->AL,KM-->AL,KM-->AL,KM-->AL,KM-->AL,KM-->AL,KM-->AL,KM-->AL,KM-->AL,KM-->AL,KM-->AL,KM-->AL,KM-->AL,KM-->AL,KM-->AL,KM-->AL,KM-->AL,,,,,,,,,,,,,,,,,AL-->KM,AL-->KM,AL-->KM,AL-->KM,AL-->KM,AL-->KM,AL-->KM,AL-->KM,AL-->KM,AL-->KM,AL-->KM,AL-->KM,AL-->KM,AL-->KM,AL-->KM,AL-->KM,AL-->KM,AL-->KM,AL-->KM
CG,COG,Republic of the Congo,Brazzaville,Africa,Middle Africa,,CG-->AL,CG-->AL,CG-->AL,CG-->AL,CG-->AL,CG-->AL,CG-->AL,CG-->AL,CG-->AL,CG-->AL,CG-->AL,CG-->AL,CG-->AL,CG-->AL,CG-->AL,CG-->AL,CG-->AL,CG-->AL,CG-->AL,,,,,,,,,,,,,,,,,AL-->CG,AL-->CG,AL-->CG,AL-->CG,AL-->CG,AL-->CG,AL-->CG,AL-->CG,AL-->CG,AL-->CG,AL-->CG,AL-->CG,AL-->CG,AL-->CG,AL-->CG,AL-->CG,AL-->CG,AL-->CG,AL-->CG
CD,COD,Democratic Republic of the Congo,Kinshasa,Africa,Middle Africa,,CD-->AL,CD-->AL,CD-->AL,CD-->AL,CD-->AL,CD-->AL,CD-->AL,CD-->AL,CD-->AL,CD-->AL,CD-->AL,CD-->AL,CD-->AL,CD-->AL,CD-->AL,CD-->AL,CD-->AL,CD-->AL,CD-->AL,,,,,,,,,,,,,,,,,AL-->CD,AL-->CD,AL-->CD,AL-->CD,AL-->CD,AL-->CD,AL-->CD,AL-->CD,AL-->CD,AL-->CD,AL-->CD,AL-->CD,AL-->CD,AL-->CD,AL-->CD,AL-->CD,AL-->CD,AL-->CD,AL-->CD
CK,COK,Cook Islands,Avarua,Oceania,Polynesia,,CK-->AL,CK-->AL,CK-->AL,CK-->AL,CK-->AL,CK-->AL,CK-->AL,CK-->AL,CK-->AL,CK-->AL,CK-->AL,CK-->AL,CK-->AL,CK-->AL,CK-->AL,CK-->AL,CK-->AL,CK-->AL,CK-->AL,,,,,,,,,,,,,,,,,AL-->CK,AL-->CK,AL-->CK,AL-->CK,AL-->CK,AL-->CK,AL-->CK,AL-->CK,AL-->CK,AL-->CK,AL-->CK,AL-->CK,AL-->CK,AL-->CK,AL-->CK,AL-->CK,AL-->CK,AL-->CK,AL-->CK
CR,CRI,Costa Rica,San José,Americas,Central America,,CR-->AL,CR-->AL,CR-->AL,CR-->AL,CR-->AL,CR-->AL,CR-->AL,CR-->AL,CR-->AL,CR-->AL,CR-->AL,CR-->AL,CR-->AL,CR-->AL,CR-->AL,CR-->AL,CR-->AL,CR-->AL,CR-->AL,,,,,,,,,,,,,,,,,AL-->CR,AL-->CR,AL-->CR,AL-->CR,AL-->CR,AL-->CR,AL-->CR,AL-->CR,AL-->CR,AL-->CR,AL-->CR,AL-->CR,AL-->CR,AL-->CR,AL-->CR,AL-->CR,AL-->CR,AL-->CR,AL-->CR
HR,HRV,Croatia,Zagreb,Europe,Southern Europe,,HR-->AL,HR-->AL,HR-->AL,HR-->AL,HR-->AL,HR-->AL,HR-->AL,HR-->AL,HR-->AL,HR-->AL,HR-->AL,HR-->AL,HR-->AL,HR-->AL,HR-->AL,HR-->AL,HR-->AL,HR-->AL,HR-->AL,,,,,,,,,,,,,,,,,AL-->HR,AL-->HR,AL-->HR,AL-->HR,AL-->HR,AL-->HR,AL-->HR,AL-->HR,AL-->HR,AL-->HR,AL-->HR,AL-->HR,AL-->HR,AL-->HR,AL-->HR,AL-->HR,AL-->HR,AL-->HR,AL-->HR
CU,CUB,Cuba,Havana,Americas,Caribbean,,CU-->AL,CU-->AL,CU-->AL,CU-->AL,CU-->AL,CU-->AL,CU-->AL,CU-->AL,CU-->AL,CU-->AL,CU-->AL,CU-->AL,CU-->AL,CU-->AL,CU-->AL,CU-->AL,CU-->AL,CU-->AL,CU-->AL,,,,,,,,,,,,,,,,,AL-->CU,AL-->CU,AL-->CU,AL-->CU,AL-->CU,AL-->CU,AL-->CU,AL-->CU,AL-->CU,AL-->CU,AL-->CU,AL-->CU,AL-->CU,AL-->CU,AL-->CU,AL-->CU,AL-->CU,AL-->CU,AL-->CU
CW,CUW,Curaçao,Willemstad,Americas,Caribbean,,CW-->AL,CW-->AL,CW-->AL,CW-->AL,CW-->AL,CW-->AL,CW-->AL,CW-->AL,CW-->AL,CW-->AL,CW-->AL,CW-->AL,CW-->AL,CW-->AL,CW-->AL,CW-->AL,CW-->AL,CW-->AL,CW-->AL,,,,,,,,,,,,,,,,,AL-->CW,AL-->CW,AL-->CW,AL-->CW,AL-->CW,AL-->CW,AL-->CW,AL-->CW,AL-->CW,AL-->CW,AL-->CW,AL-->CW,AL-->CW,AL-->CW,AL-->CW,AL-->CW,AL-->CW,AL-->CW,AL-->CW
CY,CYP,Cyprus,Nicosia,Europe,Southern Europe,,CY-->AL,CY-->AL,CY-->AL,CY-->AL,CY-->AL,CY-->AL,CY-->AL,CY-->AL,CY-->AL,CY-->AL,CY-->AL,CY-->AL,CY-->AL,CY-->AL,CY-->AL,CY-->AL,CY-->AL,CY-->AL,CY-->AL,,,,,,,,,,,,,,,,,AL-->CY,AL-->CY,AL-->CY,AL-->CY,AL-->CY,AL-->CY,AL-->CY,AL-->CY,AL-->CY,AL-->CY,AL-->CY,AL-->CY,AL-->CY,AL-->CY,AL-->CY,AL-->CY,AL-->CY,AL-->CY,AL-->CY
CZ,CZE,Czech Republic,Prague,Europe,Eastern Europe,,CZ-->AL,CZ-->AL,CZ-->AL,CZ-->AL,CZ-->AL,CZ-->AL,CZ-->AL,CZ-->AL,CZ-->AL,CZ-->AL,CZ-->AL,CZ-->AL,CZ-->AL,CZ-->AL,CZ-->AL,CZ-->AL,CZ-->AL,CZ-->AL,CZ-->AL,,,,,,,,,,,,,,,,,AL-->CZ,AL-->CZ,AL-->CZ,AL-->CZ,AL-->CZ,AL-->CZ,AL-->CZ,AL-->CZ,AL-->CZ,AL-->CZ,AL-->CZ,AL-->CZ,AL-->CZ,AL-->CZ,AL-->CZ,AL-->CZ,AL-->CZ,AL-->CZ,AL-->CZ
DK,DNK,Denmark,Copenhagen,Europe,Northern Europe,,DK-->AL,DK-->AL,DK-->AL,DK-->AL,DK-->AL,DK-->AL,DK-->AL,DK-->AL,DK-->AL,DK-->AL,DK-->AL,DK-->AL,DK-->AL,DK-->AL,DK-->AL,DK-->AL,DK-->AL,DK-->AL,DK-->AL,,,,,,,,,,,,,,,,,AL-->DK,AL-->DK,AL-->DK,AL-->DK,AL-->DK,AL-->DK,AL-->DK,AL-->DK,AL-->DK,AL-->DK,AL-->DK,AL-->DK,AL-->DK,AL-->DK,AL-->DK,AL-->DK,AL-->DK,AL-->DK,AL-->DK
DJ,DJI,Djibouti,Djibouti,Africa,Eastern Africa,,DJ-->AL,DJ-->AL,DJ-->AL,DJ-->AL,DJ-->AL,DJ-->AL,DJ-->AL,DJ-->AL,DJ-->AL,DJ-->AL,DJ-->AL,DJ-->AL,DJ-->AL,DJ-->AL,DJ-->AL,DJ-->AL,DJ-->AL,DJ-->AL,DJ-->AL,,,,,,,,,,,,,,,,,AL-->DJ,AL-->DJ,AL-->DJ,AL-->DJ,AL-->DJ,AL-->DJ,AL-->DJ,AL-->DJ,AL-->DJ,AL-->DJ,AL-->DJ,AL-->DJ,AL-->DJ,AL-->DJ,AL-->DJ,AL-->DJ,AL-->DJ,AL-->DJ,AL-->DJ
DM,DMA,Dominica,Roseau,Americas,Caribbean,,DM-->AL,DM-->AL,DM-->AL,DM-->AL,DM-->AL,DM-->AL,DM-->AL,DM-->AL,DM-->AL,DM-->AL,DM-->AL,DM-->AL,DM-->AL,DM-->AL,DM-->AL,DM-->AL,DM-->AL,DM-->AL,DM-->AL,,,,,,,,,,,,,,,,,AL-->DM,AL-->DM,AL-->DM,AL-->DM,AL-->DM,AL-->DM,AL-->DM,AL-->DM,AL-->DM,AL-->DM,AL-->DM,AL-->DM,AL-->DM,AL-->DM,AL-->DM,AL-->DM,AL-->DM,AL-->DM,AL-->DM
DO,DOM,Dominican Republic,Santo Domingo,Americas,Caribbean,,DO-->AL,DO-->AL,DO-->AL,DO-->AL,DO-->AL,DO-->AL,DO-->AL,DO-->AL,DO-->AL,DO-->AL,DO-->AL,DO-->AL,DO-->AL,DO-->AL,DO-->AL,DO-->AL,DO-->AL,DO-->AL,DO-->AL,,,,,,,,,,,,,,,,,AL-->DO,AL-->DO,AL-->DO,AL-->DO,AL-->DO,AL-->DO,AL-->DO,AL-->DO,AL-->DO,AL-->DO,AL-->DO,AL-->DO,AL-->DO,AL-->DO,AL-->DO,AL-->DO,AL-->DO,AL-->DO,AL-->DO
EC,ECU,Ecuador,Quito,Americas,South America,,EC-->AL,EC-->AL,EC-->AL,EC-->AL,EC-->AL,EC-->AL,EC-->AL,EC-->AL,EC-->AL,EC-->AL,EC-->AL,EC-->AL,EC-->AL,EC-->AL,EC-->AL,EC-->AL,EC-->AL,EC-->AL,EC-->AL,,,,,,,,,,,,,,,,,AL-->EC,AL-->EC,AL-->EC,AL-->EC,AL-->EC,AL-->EC,AL-->EC,AL-->EC,AL-->EC,AL-->EC,AL-->EC,AL-->EC,AL-->EC,AL-->EC,AL-->EC,AL-->EC,AL-->EC,AL-->EC,AL-->EC
EG,EGY,Egypt,Cairo,Africa,Northern Africa,,EG-->AL,EG-->AL,EG-->AL,EG-->AL,EG-->AL,EG-->AL,EG-->AL,EG-->AL,EG-->AL,EG-->AL,EG-->AL,EG-->AL,EG-->AL,EG-->AL,EG-->AL,EG-->AL,EG-->AL,EG-->AL,EG-->AL,,,,,,,,,,,,,,,,,AL-->EG,AL-->EG,AL-->EG,AL-->EG,AL-->EG,AL-->EG,AL-->EG,AL-->EG,AL-->EG,AL-->EG,AL-->EG,AL-->EG,AL-->EG,AL-->EG,AL-->EG,AL-->EG,AL-->EG,AL-->EG,AL-->EG
SV,SLV,El Salvador,San Salvador,Americas,Central America,,SV-->AL,SV-->AL,SV-->AL,SV-->AL,SV-->AL,SV-->AL,SV-->AL,SV-->AL,SV-->AL,SV-->AL,SV-->AL,SV-->AL,SV-->AL,SV-->AL,SV-->AL,SV-->AL,SV-->AL,SV-->AL,SV-->AL,,,,,,,,,,,,,,,,,AL-->SV,AL-->SV,AL-->SV,AL-->SV,AL-->SV,AL-->SV,AL-->SV,AL-->SV,AL-->SV,AL-->SV,AL-->SV,AL-->SV,AL-->SV,AL-->SV,AL-->SV,AL-->SV,AL-->SV,AL-->SV,AL-->SV
GQ,GNQ,Equatorial Guinea,Malabo,Africa,Middle Africa,,GQ-->AL,GQ-->AL,GQ-->AL,GQ-->AL,GQ-->AL,GQ-->AL,GQ-->AL,GQ-->AL,GQ-->AL,GQ-->AL,GQ-->AL,GQ-->AL,GQ-->AL,GQ-->AL,GQ-->AL,GQ-->AL,GQ-->AL,GQ-->AL,GQ-->AL,,,,,,,,,,,,,,,,,AL-->GQ,AL-->GQ,AL-->GQ,AL-->GQ,AL-->GQ,AL-->GQ,AL-->GQ,AL-->GQ,AL-->GQ,AL-->GQ,AL-->GQ,AL-->GQ,AL-->GQ,AL-->GQ,AL-->GQ,AL-->GQ,AL-->GQ,AL-->GQ,AL-->GQ
ER,ERI,Eritrea,Asmara,Africa,Eastern Africa,,ER-->AL,ER-->AL,ER-->AL,ER-->AL,ER-->AL,ER-->AL,ER-->AL,ER-->AL,ER-->AL,ER-->AL,ER-->AL,ER-->AL,ER-->AL,ER-->AL,ER-->AL,ER-->AL,ER-->AL,ER-->AL,ER-->AL,,,,,,,,,,,,,,,,,AL-->ER,AL-->ER,AL-->ER,AL-->ER,AL-->ER,AL-->ER,AL-->ER,AL-->ER,AL-->ER,AL-->ER,AL-->ER,AL-->ER,AL-->ER,AL-->ER,AL-->ER,AL-->ER,AL-->ER,AL-->ER,AL-->ER
EE,EST,Estonia,Tallinn,Europe,Northern Europe,,EE-->AL,EE-->AL,EE-->AL,EE-->AL,EE-->AL,EE-->AL,EE-->AL,EE-->AL,EE-->AL,EE-->AL,EE-->AL,EE-->AL,EE-->AL,EE-->AL,EE-->AL,EE-->AL,EE-->AL,EE-->AL,EE-->AL,,,,,,,,,,,,,,,,,AL-->EE,AL-->EE,AL-->EE,AL-->EE,AL-->EE,AL-->EE,AL-->EE,AL-->EE,AL-->EE,AL-->EE,AL-->EE,AL-->EE,AL-->EE,AL-->EE,AL-->EE,AL-->EE,AL-->EE,AL-->EE,AL-->EE
ET,ETH,Ethiopia,Addis Ababa,Africa,Eastern Africa,,ET-->AL,ET-->AL,ET-->AL,ET-->AL,ET-->AL,ET-->AL,ET-->AL,ET-->AL,ET-->AL,ET-->AL,ET-->AL,ET-->AL,ET-->AL,ET-->AL,ET-->AL,ET-->AL,ET-->AL,ET-->AL,ET-->AL,,,,,,,,,,,,,,,,,AL-->ET,AL-->ET,AL-->ET,AL-->ET,AL-->ET,AL-->ET,AL-->ET,AL-->ET,AL-->ET,AL-->ET,AL-->ET,AL-->ET,AL-->ET,AL-->ET,AL-->ET,AL-->ET,AL-->ET,AL-->ET,AL-->ET
FK,FLK,Falkland Islands,Stanley,Americas,South America,,FK-->AL,FK-->AL,FK-->AL,FK-->AL,FK-->AL,FK-->AL,FK-->AL,FK-->AL,FK-->AL,FK-->AL,FK-->AL,FK-->AL,FK-->AL,FK-->AL,FK-->AL,FK-->AL,FK-->AL,FK-->AL,FK-->AL,,,,,,,,,,,,,,,,,AL-->FK,AL-->FK,AL-->FK,AL-->FK,AL-->FK,AL-->FK,AL-->FK,AL-->FK,AL-->FK,AL-->FK,AL-->FK,AL-->FK,AL-->FK,AL-->FK,AL-->FK,AL-->FK,AL-->FK,AL-->FK,AL-->FK
FO,FRO,Faroe Islands,Tórshavn,Europe,Northern Europe,,FO-->AL,FO-->AL,FO-->AL,FO-->AL,FO-->AL,FO-->AL,FO-->AL,FO-->AL,FO-->AL,FO-->AL,FO-->AL,FO-->AL,FO-->AL,FO-->AL,FO-->AL,FO-->AL,FO-->AL,FO-->AL,FO-->AL,,,,,,,,,,,,,,,,,AL-->FO,AL-->FO,AL-->FO,AL-->FO,AL-->FO,AL-->FO,AL-->FO,AL-->FO,AL-->FO,AL-->FO,AL-->FO,AL-->FO,AL-->FO,AL-->FO,AL-->FO,AL-->FO,AL-->FO,AL-->FO,AL-->FO
FJ,FJI,Fiji,Suva,Oceania,Melanesia,,FJ-->AL,FJ-->AL,FJ-->AL,FJ-->AL,FJ-->AL,FJ-->AL,FJ-->AL,FJ-->AL,FJ-->AL,FJ-->AL,FJ-->AL,FJ-->AL,FJ-->AL,FJ-->AL,FJ-->AL,FJ-->AL,FJ-->AL,FJ-->AL,FJ-->AL,,,,,,,,,,,,,,,,,AL-->FJ,AL-->FJ,AL-->FJ,AL-->FJ,AL-->FJ,AL-->FJ,AL-->FJ,AL-->FJ,AL-->FJ,AL-->FJ,AL-->FJ,AL-->FJ,AL-->FJ,AL-->FJ,AL-->FJ,AL-->FJ,AL-->FJ,AL-->FJ,AL-->FJ
FI,FIN,Finland,Helsinki,Europe,Northern Europe,,FI-->AL,FI-->AL,FI-->AL,FI-->AL,FI-->AL,FI-->AL,FI-->AL,FI-->AL,FI-->AL,FI-->AL,FI-->AL,FI-->AL,FI-->AL,FI-->AL,FI-->AL,FI-->AL,FI-->AL,FI-->AL,FI-->AL,,,,,,,,,,,,,,,,,AL-->FI,AL-->FI,AL-->FI,AL-->FI,AL-->FI,AL-->FI,AL-->FI,AL-->FI,AL-->FI,AL-->FI,AL-->FI,AL-->FI,AL-->FI,AL-->FI,AL-->FI,AL-->FI,AL-->FI,AL-->FI,AL-->FI
FR,FRA,France,Paris,Europe,Western Europe,,FR-->AL,FR-->AL,FR-->AL,FR-->AL,FR-->AL,FR-->AL,FR-->AL,FR-->AL,FR-->AL,FR-->AL,FR-->AL,FR-->AL,FR-->AL,FR-->AL,FR-->AL,FR-->AL,FR-->AL,FR-->AL,FR-->AL,,,,,,,,,,,,,,,,,AL-->FR,AL-->FR,AL-->FR,AL-->FR,AL-->FR,AL-->FR,AL-->FR,AL-->FR,AL-->FR,AL-->FR,AL-->FR,AL-->FR,AL-->FR,AL-->FR,AL-->FR,AL-->FR,AL-->FR,AL-->FR,AL-->FR
GF,GUF,French Guiana,Cayenne,Americas,South America,,GF-->AL,GF-->AL,GF-->AL,GF-->AL,GF-->AL,GF-->AL,GF-->AL,GF-->AL,GF-->AL,GF-->AL,GF-->AL,GF-->AL,GF-->AL,GF-->AL,GF-->AL,GF-->AL,GF-->AL,GF-->AL,GF-->AL,,,,,,,,,,,,,,,,,AL-->GF,AL-->GF,AL-->GF,AL-->GF,AL-->GF,AL-->GF,AL-->GF,AL-->GF,AL-->GF,AL-->GF,AL-->GF,AL-->GF,AL-->GF,AL-->GF,AL-->GF,AL-->GF,AL-->GF,AL-->GF,AL-->GF
PF,PYF,French Polynesia,Papeetē,Oceania,Polynesia,,PF-->AL,PF-->AL,PF-->AL,PF-->AL,PF-->AL,PF-->AL,PF-->AL,PF-->AL,PF-->AL,PF-->AL,PF-->AL,PF-->AL,PF-->AL,PF-->AL,PF-->AL,PF-->AL,PF-->AL,PF-->AL,PF-->AL,,,,,,,,,,,,,,,,,AL-->PF,AL-->PF,AL-->PF,AL-->PF,AL-->PF,AL-->PF,AL-->PF,AL-->PF,AL-->PF,AL-->PF,AL-->PF,AL-->PF,AL-->PF,AL-->PF,AL-->PF,AL-->PF,AL-->PF,AL-->PF,AL-->PF
TF,ATF,French Southern and Antarctic Lands,Port-aux-Français,Africa,Southern Africa,,TF-->AL,TF-->AL,TF-->AL,TF-->AL,TF-->AL,TF-->AL,TF-->AL,TF-->AL,TF-->AL,TF-->AL,TF-->AL,TF-->AL,TF-->AL,TF-->AL,TF-->AL,TF-->AL,TF-->AL,TF-->AL,TF-->AL,,,,,,,,,,,,,,,,,AL-->TF,AL-->TF,AL-->TF,AL-->TF,AL-->TF,AL-->TF,AL-->TF,AL-->TF,AL-->TF,AL-->TF,AL-->TF,AL-->TF,AL-->TF,AL-->TF,AL-->TF,AL-->TF,AL-->TF,AL-->TF,AL-->TF
GA,GAB,Gabon,Libreville,Africa,Middle Africa,,GA-->AL,GA-->AL,GA-->AL,GA-->AL,GA-->AL,GA-->AL,GA-->AL,GA-->AL,GA-->AL,GA-->AL,GA-->AL,GA-->AL,GA-->AL,GA-->AL,GA-->AL,GA-->AL,GA-->AL,GA-->AL,GA-->AL,,,,,,,,,,,,,,,,,AL-->GA,AL-->GA,AL-->GA,AL-->GA,AL-->GA,AL-->GA,AL-->GA,AL-->GA,AL-->GA,AL-->GA,AL-->GA,AL-->GA,AL-->GA,AL-->GA,AL-->GA,AL-->GA,AL-->GA,AL-->GA,AL-->GA
GM,GMB,The Gambia,Banjul,Africa,Western Africa,,GM-->AL,GM-->AL,GM-->AL,GM-->AL,GM-->AL,GM-->AL,GM-->AL,GM-->AL,GM-->AL,GM-->AL,GM-->AL,GM-->AL,GM-->AL,GM-->AL,GM-->AL,GM-->AL,GM-->AL,GM-->AL,GM-->AL,,,,,,,,,,,,,,,,,AL-->GM,AL-->GM,AL-->GM,AL-->GM,AL-->GM,AL-->GM,AL-->GM,AL-->GM,AL-->GM,AL-->GM,AL-->GM,AL-->GM,AL-->GM,AL-->GM,AL-->GM,AL-->GM,AL-->GM,AL-->GM,AL-->GM
GE,GEO,Georgia,Tbilisi,Asia,Western Asia,,GE-->AL,GE-->AL,GE-->AL,GE-->AL,GE-->AL,GE-->AL,GE-->AL,GE-->AL,GE-->AL,GE-->AL,GE-->AL,GE-->AL,GE-->AL,GE-->AL,GE-->AL,GE-->AL,GE-->AL,GE-->AL,GE-->AL,,,,,,,,,,,,,,,,,AL-->GE,AL-->GE,AL-->GE,AL-->GE,AL-->GE,AL-->GE,AL-->GE,AL-->GE,AL-->GE,AL-->GE,AL-->GE,AL-->GE,AL-->GE,AL-->GE,AL-->GE,AL-->GE,AL-->GE,AL-->GE,AL-->GE
DE,DEU,Germany,Berlin,Europe,Western Europe,,DE-->AL,DE-->AL,DE-->AL,DE-->AL,DE-->AL,DE-->AL,DE-->AL,DE-->AL,DE-->AL,DE-->AL,DE-->AL,DE-->AL,DE-->AL,DE-->AL,DE-->AL,DE-->AL,DE-->AL,DE-->AL,DE-->AL,,,,,,,,,,,,,,,,,AL-->DE,AL-->DE,AL-->DE,AL-->DE,AL-->DE,AL-->DE,AL-->DE,AL-->DE,AL-->DE,AL-->DE,AL-->DE,AL-->DE,AL-->DE,AL-->DE,AL-->DE,AL-->DE,AL-->DE,AL-->DE,AL-->DE
GH,GHA,Ghana,Accra,Africa,Western Africa,,GH-->AL,GH-->AL,GH-->AL,GH-->AL,GH-->AL,GH-->AL,GH-->AL,GH-->AL,GH-->AL,GH-->AL,GH-->AL,GH-->AL,GH-->AL,GH-->AL,GH-->AL,GH-->AL,GH-->AL,GH-->AL,GH-->AL,,,,,,,,,,,,,,,,,AL-->GH,AL-->GH,AL-->GH,AL-->GH,AL-->GH,AL-->GH,AL-->GH,AL-->GH,AL-->GH,AL-->GH,AL-->GH,AL-->GH,AL-->GH,AL-->GH,AL-->GH,AL-->GH,AL-->GH,AL-->GH,AL-->GH
GI,GIB,Gibraltar,Gibraltar,Europe,Southern Europe,,GI-->AL,GI-->AL,GI-->AL,GI-->AL,GI-->AL,GI-->AL,GI-->AL,GI-->AL,GI-->AL,GI-->AL,GI-->AL,GI-->AL,GI-->AL,GI-->AL,GI-->AL,GI-->AL,GI-->AL,GI-->AL,GI-->AL,,,,,,,,,,,,,,,,,AL-->GI,AL-->GI,AL-->GI,AL-->GI,AL-->GI,AL-->GI,AL-->GI,AL-->GI,AL-->GI,AL-->GI,AL-->GI,AL-->GI,AL-->GI,AL-->GI,AL-->GI,AL-->GI,AL-->GI,AL-->GI,AL-->GI
GR,GRC,Greece,Athens,Europe,Southern Europe,,GR-->AL,GR-->AL,GR-->AL,GR-->AL,GR-->AL,GR-->AL,GR-->AL,GR-->AL,GR-->AL,GR-->AL,GR-->AL,GR-->AL,GR-->AL,GR-->AL,GR-->AL,GR-->AL,GR-->AL,GR-->AL,GR-->AL,,,,,,,,,,,,,,,,,AL-->GR,AL-->GR,AL-->GR,AL-->GR,AL-->GR,AL-->GR,AL-->GR,AL-->GR,AL-->GR,AL-->GR,AL-->GR,AL-->GR,AL-->GR,AL-->GR,AL-->GR,AL-->GR,AL-->GR,AL-->GR,AL-->GR
GL,GRL,Greenland,Nuuk,Americas,Northern America,,GL-->AL,GL-->AL,GL-->AL,GL-->AL,GL-->AL,GL-->AL,GL-->AL,GL-->AL,GL-->AL,GL-->AL,GL-->AL,GL-->AL,GL-->AL,GL-->AL,GL-->AL,GL-->AL,GL-->AL,GL-->AL,GL-->AL,,,,,,,,,,,,,,,,,AL-->GL,AL-->GL,AL-->GL,AL-->GL,AL-->GL,AL-->GL,AL-->GL,AL-->GL,AL-->GL,AL-->GL,AL-->GL,AL-->GL,AL-->GL,AL-->GL,AL-->GL,AL-->GL,AL-->GL,AL-->GL,AL-->GL
GD,GRD,Grenada,St. George's,Americas,Caribbean,,GD-->AL,GD-->AL,GD-->AL,GD-->AL,GD-->AL,GD-->AL,GD-->AL,GD-->AL,GD-->AL,GD-->AL,GD-->AL,GD-->AL,GD-->AL,GD-->AL,GD-->AL,GD-->AL,GD-->AL,GD-->AL,GD-->AL,,,,,,,,,,,,,,,,,AL-->GD,AL-->GD,AL-->GD,AL-->GD,AL-->GD,AL-->GD,AL-->GD,AL-->GD,AL-->GD,AL-->GD,AL-->GD,AL-->GD,AL-->GD,AL-->GD,AL-->GD,AL-->GD,AL-->GD,AL-->GD,AL-->GD
GP,GLP,Guadeloupe,Basse-Terre,Americas,Caribbean,,GP-->AL,GP-->AL,GP-->AL,GP-->AL,GP-->AL,GP-->AL,GP-->AL,GP-->AL,GP-->AL,GP-->AL,GP-->AL,GP-->AL,GP-->AL,GP-->AL,GP-->AL,GP-->AL,GP-->AL,GP-->AL,GP-->AL,,,,,,,,,,,,,,,,,AL-->GP,AL-->GP,AL-->GP,AL-->GP,AL-->GP,AL-->GP,AL-->GP,AL-->GP,AL-->GP,AL-->GP,AL-->GP,AL-->GP,AL-->GP,AL-->GP,AL-->GP,AL-->GP,AL-->GP,AL-->GP,AL-->GP
GU,GUM,Guam,Hagåtña,Oceania,Micronesia,,GU-->AL,GU-->AL,GU-->AL,GU-->AL,GU-->AL,GU-->AL,GU-->AL,GU-->AL,GU-->AL,GU-->AL,GU-->AL,GU-->AL,GU-->AL,GU-->AL,GU-->AL,GU-->AL,GU-->AL,GU-->AL,GU-->AL,,,,,,,,,,,,,,,,,AL-->GU,AL-->GU,AL-->GU,AL-->GU,AL-->GU,AL-->GU,AL-->GU,AL-->GU,AL-->GU,AL-->GU,AL-->GU,AL-->GU,AL-->GU,AL-->GU,AL-->GU,AL-->GU,AL-->GU,AL-->GU,AL-->GU
GT,GTM,Guatemala,Guatemala City,Americas,Central America,,GT-->AL,GT-->AL,GT-->AL,GT-->AL,GT-->AL,GT-->AL,GT-->AL,GT-->AL,GT-->AL,GT-->AL,GT-->AL,GT-->AL,GT-->AL,GT-->AL,GT-->AL,GT-->AL,GT-->AL,GT-->AL,GT-->AL,,,,,,,,,,,,,,,,,AL-->GT,AL-->GT,AL-->GT,AL-->GT,AL-->GT,AL-->GT,AL-->GT,AL-->GT,AL-->GT,AL-->GT,AL-->GT,AL-->GT,AL-->GT,AL-->GT,AL-->GT,AL-->GT,AL-->GT,AL-->GT,AL-->GT
GG,GGY,Guernsey,St. Peter Port,Europe,Northern Europe,,GG-->AL,GG-->AL,GG-->AL,GG-->AL,GG-->AL,GG-->AL,GG-->AL,GG-->AL,GG-->AL,GG-->AL,GG-->AL,GG-->AL,GG-->AL,GG-->AL,GG-->AL,GG-->AL,GG-->AL,GG-->AL,GG-->AL,,,,,,,,,,,,,,,,,AL-->GG,AL-->GG,AL-->GG,AL-->GG,AL-->GG,AL-->GG,AL-->GG,AL-->GG,AL-->GG,AL-->GG,AL-->GG,AL-->GG,AL-->GG,AL-->GG,AL-->GG,AL-->GG,AL-->GG,AL-->GG,AL-->GG
GN,GIN,Guinea,Conakry,Africa,Western Africa,,GN-->AL,GN-->AL,GN-->AL,GN-->AL,GN-->AL,GN-->AL,GN-->AL,GN-->AL,GN-->AL,GN-->AL,GN-->AL,GN-->AL,GN-->AL,GN-->AL,GN-->AL,GN-->AL,GN-->AL,GN-->AL,GN-->AL,,,,,,,,,,,,,,,,,AL-->GN,AL-->GN,AL-->GN,AL-->GN,AL-->GN,AL-->GN,AL-->GN,AL-->GN,AL-->GN,AL-->GN,AL-->GN,AL-->GN,AL-->GN,AL-->GN,AL-->GN,AL-->GN,AL-->GN,AL-->GN,AL-->GN
GW,GNB,Guinea-Bissau,Bissau,Africa,Western Africa,,GW-->AL,GW-->AL,GW-->AL,GW-->AL,GW-->AL,GW-->AL,GW-->AL,GW-->AL,GW-->AL,GW-->AL,GW-->AL,GW-->AL,GW-->AL,GW-->AL,GW-->AL,GW-->AL,GW-->AL,GW-->AL,GW-->AL,,,,,,,,,,,,,,,,,AL-->GW,AL-->GW,AL-->GW,AL-->GW,AL-->GW,AL-->GW,AL-->GW,AL-->GW,AL-->GW,AL-->GW,AL-->GW,AL-->GW,AL-->GW,AL-->GW,AL-->GW,AL-->GW,AL-->GW,AL-->GW,AL-->GW
GY,GUY,Guyana,Georgetown,Americas,South America,,GY-->AL,GY-->AL,GY-->AL,GY-->AL,GY-->AL,GY-->AL,GY-->AL,GY-->AL,GY-->AL,GY-->AL,GY-->AL,GY-->AL,GY-->AL,GY-->AL,GY-->AL,GY-->AL,GY-->AL,GY-->AL,GY-->AL,,,,,,,,,,,,,,,,,AL-->GY,AL-->GY,AL-->GY,AL-->GY,AL-->GY,AL-->GY,AL-->GY,AL-->GY,AL-->GY,AL-->GY,AL-->GY,AL-->GY,AL-->GY,AL-->GY,AL-->GY,AL-->GY,AL-->GY,AL-->GY,AL-->GY
HT,HTI,Haiti,Port-au-Prince,Americas,Caribbean,,HT-->AL,HT-->AL,HT-->AL,HT-->AL,HT-->AL,HT-->AL,HT-->AL,HT-->AL,HT-->AL,HT-->AL,HT-->AL,HT-->AL,HT-->AL,HT-->AL,HT-->AL,HT-->AL,HT-->AL,HT-->AL,HT-->AL,,,,,,,,,,,,,,,,,AL-->HT,AL-->HT,AL-->HT,AL-->HT,AL-->HT,AL-->HT,AL-->HT,AL-->HT,AL-->HT,AL-->HT,AL-->HT,AL-->HT,AL-->HT,AL-->HT,AL-->HT,AL-->HT,AL-->HT,AL-->HT,AL-->HT
HM,HMD,Heard Island and McDonald Islands,,,,,HM-->AL,HM-->AL,HM-->AL,HM-->AL,HM-->AL,HM-->AL,HM-->AL,HM-->AL,HM-->AL,HM-->AL,HM-->AL,HM-->AL,HM-->AL,HM-->AL,HM-->AL,HM-->AL,HM-->AL,HM-->AL,HM-->AL,,,,,,,,,,,,,,,,,AL-->HM,AL-->HM,AL-->HM,AL-->HM,AL-->HM,AL-->HM,AL-->HM,AL-->HM,AL-->HM,AL-->HM,AL-->HM,AL-->HM,AL-->HM,AL-->HM,AL-->HM,AL-->HM,AL-->HM,AL-->HM,AL-->HM
VA,VAT,Holy See,Rome,Europe,Southern Europe,,VA-->AL,VA-->AL,VA-->AL,VA-->AL,VA-->AL,VA-->AL,VA-->AL,VA-->AL,VA-->AL,VA-->AL,VA-->AL,VA-->AL,VA-->AL,VA-->AL,VA-->AL,VA-->AL,VA-->AL,VA-->AL,VA-->AL,,,,,,,,,,,,,,,,,AL-->VA,AL-->VA,AL-->VA,AL-->VA,AL-->VA,AL-->VA,AL-->VA,AL-->VA,AL-->VA,AL-->VA,AL-->VA,AL-->VA,AL-->VA,AL-->VA,AL-->VA,AL-->VA,AL-->VA,AL-->VA,AL-->VA
HN,HND,Honduras,Tegucigalpa,Americas,Central America,,HN-->AL,HN-->AL,HN-->AL,HN-->AL,HN-->AL,HN-->AL,HN-->AL,HN-->AL,HN-->AL,HN-->AL,HN-->AL,HN-->AL,HN-->AL,HN-->AL,HN-->AL,HN-->AL,HN-->AL,HN-->AL,HN-->AL,,,,,,,,,,,,,,,,,AL-->HN,AL-->HN,AL-->HN,AL-->HN,AL-->HN,AL-->HN,AL-->HN,AL-->HN,AL-->HN,AL-->HN,AL-->HN,AL-->HN,AL-->HN,AL-->HN,AL-->HN,AL-->HN,AL-->HN,AL-->HN,AL-->HN
HK,HKG,Hong Kong,City of Victoria,Asia,Eastern Asia,,HK-->AL,HK-->AL,HK-->AL,HK-->AL,HK-->AL,HK-->AL,HK-->AL,HK-->AL,HK-->AL,HK-->AL,HK-->AL,HK-->AL,HK-->AL,HK-->AL,HK-->AL,HK-->AL,HK-->AL,HK-->AL,HK-->AL,,,,,,,,,,,,,,,,,AL-->HK,AL-->HK,AL-->HK,AL-->HK,AL-->HK,AL-->HK,AL-->HK,AL-->HK,AL-->HK,AL-->HK,AL-->HK,AL-->HK,AL-->HK,AL-->HK,AL-->HK,AL-->HK,AL-->HK,AL-->HK,AL-->HK
HU,HUN,Hungary,Budapest,Europe,Eastern Europe,,HU-->AL,HU-->AL,HU-->AL,HU-->AL,HU-->AL,HU-->AL,HU-->AL,HU-->AL,HU-->AL,HU-->AL,HU-->AL,HU-->AL,HU-->AL,HU-->AL,HU-->AL,HU-->AL,HU-->AL,HU-->AL,HU-->AL,,,,,,,,,,,,,,,,,AL-->HU,AL-->HU,AL-->HU,AL-->HU,AL-->HU,AL-->HU,AL-->HU,AL-->HU,AL-->HU,AL-->HU,AL-->HU,AL-->HU,AL-->HU,AL-->HU,AL-->HU,AL-->HU,AL-->HU,AL-->HU,AL-->HU
IS,ISL,Iceland,Reykjavík,Europe,Northern Europe,,IS-->AL,IS-->AL,IS-->AL,IS-->AL,IS-->AL,IS-->AL,IS-->AL,IS-->AL,IS-->AL,IS-->AL,IS-->AL,IS-->AL,IS-->AL,IS-->AL,IS-->AL,IS-->AL,IS-->AL,IS-->AL,IS-->AL,,,,,,,,,,,,,,,,,AL-->IS,AL-->IS,AL-->IS,AL-->IS,AL-->IS,AL-->IS,AL-->IS,AL-->IS,AL-->IS,AL-->IS,AL-->IS,AL-->IS,AL-->IS,AL-->IS,AL-->IS,AL-->IS,AL-->IS,AL-->IS,AL-->IS
IN,IND,India,New Delhi,Asia,Southern Asia,,IN-->AL,IN-->AL,IN-->AL,IN-->AL,IN-->AL,IN-->AL,IN-->AL,IN-->AL,IN-->AL,IN-->AL,IN-->AL,IN-->AL,IN-->AL,IN-->AL,IN-->AL,IN-->AL,IN-->AL,IN-->AL,IN-->AL,,,,,,,,,,,,,,,,,AL-->IN,AL-->IN,AL-->IN,AL-->IN,AL-->IN,AL-->IN,AL-->IN,AL-->IN,AL-->IN,AL-->IN,AL-->IN,AL-->IN,AL-->IN,AL-->IN,AL-->IN,AL-->IN,AL-->IN,AL-->IN,AL-->IN
ID,IDN,Indonesia,Jakarta,Asia,South-Eastern Asia,,ID-->AL,ID-->AL,ID-->AL,ID-->AL,ID-->AL,ID-->AL,ID-->AL,ID-->AL,ID-->AL,ID-->AL,ID-->AL,ID-->AL,ID-->AL,ID-->AL,ID-->AL,ID-->AL,ID-->AL,ID-->AL,ID-->AL,,,,,,,,,,,,,,,,,AL-->ID,AL-->ID,AL-->ID,AL-->ID,AL-->ID,AL-->ID,AL-->ID,AL-->ID,AL-->ID,AL-->ID,AL-->ID,AL-->ID,AL-->ID,AL-->ID,AL-->ID,AL-->ID,AL-->ID,AL-->ID,AL-->ID
CI,CIV,Ivory Coast,Yamoussoukro,Africa,Western Africa,,CI-->AL,CI-->AL,CI-->AL,CI-->AL,CI-->AL,CI-->AL,CI-->AL,CI-->AL,CI-->AL,CI-->AL,CI-->AL,CI-->AL,CI-->AL,CI-->AL,CI-->AL,CI-->AL,CI-->AL,CI-->AL,CI-->AL,,,,,,,,,,,,,,,,,AL-->CI,AL-->CI,AL-->CI,AL-->CI,AL-->CI,AL-->CI,AL-->CI,AL-->CI,AL-->CI,AL-->CI,AL-->CI,AL-->CI,AL-->CI,AL-->CI,AL-->CI,AL-->CI,AL-->CI,AL-->CI,AL-->CI
IR,IRN,Iran,Tehran,Asia,Southern Asia,,IR-->AL,IR-->AL,IR-->AL,IR-->AL,IR-->AL,IR-->AL,IR-->AL,IR-->AL,IR-->AL,IR-->AL,IR-->AL,IR-->AL,IR-->AL,IR-->AL,IR-->AL,IR-->AL,IR-->AL,IR-->AL,IR-->AL,,,,,,,,,,,,,,,,,AL-->IR,AL-->IR,AL-->IR,AL-->IR,AL-->IR,AL-->IR,AL-->IR,AL-->IR,AL-->IR,AL-->IR,AL-->IR,AL-->IR,AL-->IR,AL-->IR,AL-->IR,AL-->IR,AL-->IR,AL-->IR,AL-->IR
IQ,IRQ,Iraq,Baghdad,Asia,Western Asia,,IQ-->AL,IQ-->AL,IQ-->AL,IQ-->AL,IQ-->AL,IQ-->AL,IQ-->AL,IQ-->AL,IQ-->AL,IQ-->AL,IQ-->AL,IQ-->AL,IQ-->AL,IQ-->AL,IQ-->AL,IQ-->AL,IQ-->AL,IQ-->AL,IQ-->AL,,,,,,,,,,,,,,,,,AL-->IQ,AL-->IQ,AL-->IQ,AL-->IQ,AL-->IQ,AL-->IQ,AL-->IQ,AL-->IQ,AL-->IQ,AL-->IQ,AL-->IQ,AL-->IQ,AL-->IQ,AL-->IQ,AL-->IQ,AL-->IQ,AL-->IQ,AL-->IQ,AL-->IQ
IE,IRL,Republic of Ireland,Dublin,Europe,Northern Europe,,IE-->AL,IE-->AL,IE-->AL,IE-->AL,IE-->AL,IE-->AL,IE-->AL,IE-->AL,IE-->AL,IE-->AL,IE-->AL,IE-->AL,IE-->AL,IE-->AL,IE-->AL,IE-->AL,IE-->AL,IE-->AL,IE-->AL,,,,,,,,,,,,,,,,,AL-->IE,AL-->IE,AL-->IE,AL-->IE,AL-->IE,AL-->IE,AL-->IE,AL-->IE,AL-->IE,AL-->IE,AL-->IE,AL-->IE,AL-->IE,AL-->IE,AL-->IE,AL-->IE,AL-->IE,AL-->IE,AL-->IE
IM,IMN,Isle of Man,Douglas,Europe,Northern Europe,,IM-->AL,IM-->AL,IM-->AL,IM-->AL,IM-->AL,IM-->AL,IM-->AL,IM-->AL,IM-->AL,IM-->AL,IM-->AL,IM-->AL,IM-->AL,IM-->AL,IM-->AL,IM-->AL,IM-->AL,IM-->AL,IM-->AL,,,,,,,,,,,,,,,,,AL-->IM,AL-->IM,AL-->IM,AL-->IM,AL-->IM,AL-->IM,AL-->IM,AL-->IM,AL-->IM,AL-->IM,AL-->IM,AL-->IM,AL-->IM,AL-->IM,AL-->IM,AL-->IM,AL-->IM,AL-->IM,AL-->IM
IL,ISR,Israel,Jerusalem,Asia,Western Asia,,IL-->AL,IL-->AL,IL-->AL,IL-->AL,IL-->AL,IL-->AL,IL-->AL,IL-->AL,IL-->AL,IL-->AL,IL-->AL,IL-->AL,IL-->AL,IL-->AL,IL-->AL,IL-->AL,IL-->AL,IL-->AL,IL-->AL,,,,,,,,,,,,,,,,,AL-->IL,AL-->IL,AL-->IL,AL-->IL,AL-->IL,AL-->IL,AL-->IL,AL-->IL,AL-->IL,AL-->IL,AL-->IL,AL-->IL,AL-->IL,AL-->IL,AL-->IL,AL-->IL,AL-->IL,AL-->IL,AL-->IL
IT,ITA,Italy,Rome,Europe,Southern Europe,,IT-->AL,IT-->AL,IT-->AL,IT-->AL,IT-->AL,IT-->AL,IT-->AL,IT-->AL,IT-->AL,IT-->AL,IT-->AL,IT-->AL,IT-->AL,IT-->AL,IT-->AL,IT-->AL,IT-->AL,IT-->AL,IT-->AL,,,,,,,,,,,,,,,,,AL-->IT,AL-->IT,AL-->IT,AL-->IT,AL-->IT,AL-->IT,AL-->IT,AL-->IT,AL-->IT,AL-->IT,AL-->IT,AL-->IT,AL-->IT,AL-->IT,AL-->IT,AL-->IT,AL-->IT,AL-->IT,AL-->IT
JM,JAM,Jamaica,Kingston,Americas,Caribbean,,JM-->AL,JM-->AL,JM-->AL,JM-->AL,JM-->AL,JM-->AL,JM-->AL,JM-->AL,JM-->AL,JM-->AL,JM-->AL,JM-->AL,JM-->AL,JM-->AL,JM-->AL,JM-->AL,JM-->AL,JM-->AL,JM-->AL,,,,,,,,,,,,,,,,,AL-->JM,AL-->JM,AL-->JM,AL-->JM,AL-->JM,AL-->JM,AL-->JM,AL-->JM,AL-->JM,AL-->JM,AL-->JM,AL-->JM,AL-->JM,AL-->JM,AL-->JM,AL-->JM,AL-->JM,AL-->JM,AL-->JM
JP,JPN,Japan,Tokyo,Asia,Eastern Asia,,JP-->AL,JP-->AL,JP-->AL,JP-->AL,JP-->AL,JP-->AL,JP-->AL,JP-->AL,JP-->AL,JP-->AL,JP-->AL,JP-->AL,JP-->AL,JP-->AL,JP-->AL,JP-->AL,JP-->AL,JP-->AL,JP-->AL,,,,,,,,,,,,,,,,,AL-->JP,AL-->JP,AL-->JP,AL-->JP,AL-->JP,AL-->JP,AL-->JP,AL-->JP,AL-->JP,AL-->JP,AL-->JP,AL-->JP,AL-->JP,AL-->JP,AL-->JP,AL-->JP,AL-->JP,AL-->JP,AL-->JP
JE,JEY,Jersey,Saint Helier,Europe,Northern Europe,,JE-->AL,JE-->AL,JE-->AL,JE-->AL,JE-->AL,JE-->AL,JE-->AL,JE-->AL,JE-->AL,JE-->AL,JE-->AL,JE-->AL,JE-->AL,JE-->AL,JE-->AL,JE-->AL,JE-->AL,JE-->AL,JE-->AL,,,,,,,,,,,,,,,,,AL-->JE,AL-->JE,AL-->JE,AL-->JE,AL-->JE,AL-->JE,AL-->JE,AL-->JE,AL-->JE,AL-->JE,AL-->JE,AL-->JE,AL-->JE,AL-->JE,AL-->JE,AL-->JE,AL-->JE,AL-->JE,AL-->JE
JO,JOR,Jordan,Amman,Asia,Western Asia,,JO-->AL,JO-->AL,JO-->AL,JO-->AL,JO-->AL,JO-->AL,JO-->AL,JO-->AL,JO-->AL,JO-->AL,JO-->AL,JO-->AL,JO-->AL,JO-->AL,JO-->AL,JO-->AL,JO-->AL,JO-->AL,JO-->AL,,,,,,,,,,,,,,,,,AL-->JO,AL-->JO,AL-->JO,AL-->JO,AL-->JO,AL-->JO,AL-->JO,AL-->JO,AL-->JO,AL-->JO,AL-->JO,AL-->JO,AL-->JO,AL-->JO,AL-->JO,AL-->JO,AL-->JO,AL-->JO,AL-->JO
KZ,KAZ,Kazakhstan,Astana,Asia,Central Asia,,KZ-->AL,KZ-->AL,KZ-->AL,KZ-->AL,KZ-->AL,KZ-->AL,KZ-->AL,KZ-->AL,KZ-->AL,KZ-->AL,KZ-->AL,KZ-->AL,KZ-->AL,KZ-->AL,KZ-->AL,KZ-->AL,KZ-->AL,KZ-->AL,KZ-->AL,,,,,,,,,,,,,,,,,AL-->KZ,AL-->KZ,AL-->KZ,AL-->KZ,AL-->KZ,AL-->KZ,AL-->KZ,AL-->KZ,AL-->KZ,AL-->KZ,AL-->KZ,AL-->KZ,AL-->KZ,AL-->KZ,AL-->KZ,AL-->KZ,AL-->KZ,AL-->KZ,AL-->KZ
KE,KEN,Kenya,Nairobi,Africa,Eastern Africa,,KE-->AL,KE-->AL,KE-->AL,KE-->AL,KE-->AL,KE-->AL,KE-->AL,KE-->AL,KE-->AL,KE-->AL,KE-->AL,KE-->AL,KE-->AL,KE-->AL,KE-->AL,KE-->AL,KE-->AL,KE-->AL,KE-->AL,,,,,,,,,,,,,,,,,AL-->KE,AL-->KE,AL-->KE,AL-->KE,AL-->KE,AL-->KE,AL-->KE,AL-->KE,AL-->KE,AL-->KE,AL-->KE,AL-->KE,AL-->KE,AL-->KE,AL-->KE,AL-->KE,AL-->KE,AL-->KE,AL-->KE
KI,KIR,Kiribati,South Tarawa,Oceania,Micronesia,,KI-->AL,KI-->AL,KI-->AL,KI-->AL,KI-->AL,KI-->AL,KI-->AL,KI-->AL,KI-->AL,KI-->AL,KI-->AL,KI-->AL,KI-->AL,KI-->AL,KI-->AL,KI-->AL,KI-->AL,KI-->AL,KI-->AL,,,,,,,,,,,,,,,,,AL-->KI,AL-->KI,AL-->KI,AL-->KI,AL-->KI,AL-->KI,AL-->KI,AL-->KI,AL-->KI,AL-->KI,AL-->KI,AL-->KI,AL-->KI,AL-->KI,AL-->KI,AL-->KI,AL-->KI,AL-->KI,AL-->KI
KW,KWT,Kuwait,Kuwait City,Asia,Western Asia,,KW-->AL,KW-->AL,KW-->AL,KW-->AL,KW-->AL,KW-->AL,KW-->AL,KW-->AL,KW-->AL,KW-->AL,KW-->AL,KW-->AL,KW-->AL,KW-->AL,KW-->AL,KW-->AL,KW-->AL,KW-->AL,KW-->AL,,,,,,,,,,,,,,,,,AL-->KW,AL-->KW,AL-->KW,AL-->KW,AL-->KW,AL-->KW,AL-->KW,AL-->KW,AL-->KW,AL-->KW,AL-->KW,AL-->KW,AL-->KW,AL-->KW,AL-->KW,AL-->KW,AL-->KW,AL-->KW,AL-->KW
KG,KGZ,Kyrgyzstan,Bishkek,Asia,Central Asia,,KG-->AL,KG-->AL,KG-->AL,KG-->AL,KG-->AL,KG-->AL,KG-->AL,KG-->AL,KG-->AL,KG-->AL,KG-->AL,KG-->AL,KG-->AL,KG-->AL,KG-->AL,KG-->AL,KG-->AL,KG-->AL,KG-->AL,,,,,,,,,,,,,,,,,AL-->KG,AL-->KG,AL-->KG,AL-->KG,AL-->KG,AL-->KG,AL-->KG,AL-->KG,AL-->KG,AL-->KG,AL-->KG,AL-->KG,AL-->KG,AL-->KG,AL-->KG,AL-->KG,AL-->KG,AL-->KG,AL-->KG
LA,LAO,Laos,Vientiane,Asia,South-Eastern Asia,,LA-->AL,LA-->AL,LA-->AL,LA-->AL,LA-->AL,LA-->AL,LA-->AL,LA-->AL,LA-->AL,LA-->AL,LA-->AL,LA-->AL,LA-->AL,LA-->AL,LA-->AL,LA-->AL,LA-->AL,LA-->AL,LA-->AL,,,,,,,,,,,,,,,,,AL-->LA,AL-->LA,AL-->LA,AL-->LA,AL-->LA,AL-->LA,AL-->LA,AL-->LA,AL-->LA,AL-->LA,AL-->LA,AL-->LA,AL-->LA,AL-->LA,AL-->LA,AL-->LA,AL-->LA,AL-->LA,AL-->LA
LV,LVA,Latvia,Riga,Europe,Northern Europe,,LV-->AL,LV-->AL,LV-->AL,LV-->AL,LV-->AL,LV-->AL,LV-->AL,LV-->AL,LV-->AL,LV-->AL,LV-->AL,LV-->AL,LV-->AL,LV-->AL,LV-->AL,LV-->AL,LV-->AL,LV-->AL,LV-->AL,,,,,,,,,,,,,,,,,AL-->LV,AL-->LV,AL-->LV,AL-->LV,AL-->LV,AL-->LV,AL-->LV,AL-->LV,AL-->LV,AL-->LV,AL-->LV,AL-->LV,AL-->LV,AL-->LV,AL-->LV,AL-->LV,AL-->LV,AL-->LV,AL-->LV
LB,LBN,Lebanon,Beirut,Asia,Western Asia,,LB-->AL,LB-->AL,LB-->AL,LB-->AL,LB-->AL,LB-->AL,LB-->AL,LB-->AL,LB-->AL,LB-->AL,LB-->AL,LB-->AL,LB-->AL,LB-->AL,LB-->AL,LB-->AL,LB-->AL,LB-->AL,LB-->AL,,,,,,,,,,,,,,,,,AL-->LB,AL-->LB,AL-->LB,AL-->LB,AL-->LB,AL-->LB,AL-->LB,AL-->LB,AL-->LB,AL-->LB,AL-->LB,AL-->LB,AL-->LB,AL-->LB,AL-->LB,AL-->LB,AL-->LB,AL-->LB,AL-->LB
LS,LSO,Lesotho,Maseru,Africa,Southern Africa,,LS-->AL,LS-->AL,LS-->AL,LS-->AL,LS-->AL,LS-->AL,LS-->AL,LS-->AL,LS-->AL,LS-->AL,LS-->AL,LS-->AL,LS-->AL,LS-->AL,LS-->AL,LS-->AL,LS-->AL,LS-->AL,LS-->AL,,,,,,,,,,,,,,,,,AL-->LS,AL-->LS,AL-->LS,AL-->LS,AL-->LS,AL-->LS,AL-->LS,AL-->LS,AL-->LS,AL-->LS,AL-->LS,AL-->LS,AL-->LS,AL-->LS,AL-->LS,AL-->LS,AL-->LS,AL-->LS,AL-->LS
LR,LBR,Liberia,Monrovia,Africa,Western Africa,,LR-->AL,LR-->AL,LR-->AL,LR-->AL,LR-->AL,LR-->AL,LR-->AL,LR-->AL,LR-->AL,LR-->AL,LR-->AL,LR-->AL,LR-->AL,LR-->AL,LR-->AL,LR-->AL,LR-->AL,LR-->AL,LR-->AL,,,,,,,,,,,,,,,,,AL-->LR,AL-->LR,AL-->LR,AL-->LR,AL-->LR,AL-->LR,AL-->LR,AL-->LR,AL-->LR,AL-->LR,AL-->LR,AL-->LR,AL-->LR,AL-->LR,AL-->LR,AL-->LR,AL-->LR,AL-->LR,AL-->LR
LY,LBY,Libya,Tripoli,Africa,Northern Africa,,LY-->AL,LY-->AL,LY-->AL,LY-->AL,LY-->AL,LY-->AL,LY-->AL,LY-->AL,LY-->AL,LY-->AL,LY-->AL,LY-->AL,LY-->AL,LY-->AL,LY-->AL,LY-->AL,LY-->AL,LY-->AL,LY-->AL,,,,,,,,,,,,,,,,,AL-->LY,AL-->LY,AL-->LY,AL-->LY,AL-->LY,AL-->LY,AL-->LY,AL-->LY,AL-->LY,AL-->LY,AL-->LY,AL-->LY,AL-->LY,AL-->LY,AL-->LY,AL-->LY,AL-->LY,AL-->LY,AL-->LY
LI,LIE,Liechtenstein,Vaduz,Europe,Western Europe,,LI-->AL,LI-->AL,LI-->AL,LI-->AL,LI-->AL,LI-->AL,LI-->AL,LI-->AL,LI-->AL,LI-->AL,LI-->AL,LI-->AL,LI-->AL,LI-->AL,LI-->AL,LI-->AL,LI-->AL,LI-->AL,LI-->AL,,,,,,,,,,,,,,,,,AL-->LI,AL-->LI,AL-->LI,AL-->LI,AL-->LI,AL-->LI,AL-->LI,AL-->LI,AL-->LI,AL-->LI,AL-->LI,AL-->LI,AL-->LI,AL-->LI,AL-->LI,AL-->LI,AL-->LI,AL-->LI,AL-->LI
LT,LTU,Lithuania,Vilnius,Europe,Northern Europe,,LT-->AL,LT-->AL,LT-->AL,LT-->AL,LT-->AL,LT-->AL,LT-->AL,LT-->AL,LT-->AL,LT-->AL,LT-->AL,LT-->AL,LT-->AL,LT-->AL,LT-->AL,LT-->AL,LT-->AL,LT-->AL,LT-->AL,,,,,,,,,,,,,,,,,AL-->LT,AL-->LT,AL-->LT,AL-->LT,AL-->LT,AL-->LT,AL-->LT,AL-->LT,AL-->LT,AL-->LT,AL-->LT,AL-->LT,AL-->LT,AL-->LT,AL-->LT,AL-->LT,AL-->LT,AL-->LT,AL-->LT
LU,LUX,Luxembourg,Luxembourg,Europe,Western Europe,,LU-->AL,LU-->AL,LU-->AL,LU-->AL,LU-->AL,LU-->AL,LU-->AL,LU-->AL,LU-->AL,LU-->AL,LU-->AL,LU-->AL,LU-->AL,LU-->AL,LU-->AL,LU-->AL,LU-->AL,LU-->AL,LU-->AL,,,,,,,,,,,,,,,,,AL-->LU,AL-->LU,AL-->LU,AL-->LU,AL-->LU,AL-->LU,AL-->LU,AL-->LU,AL-->LU,AL-->LU,AL-->LU,AL-->LU,AL-->LU,AL-->LU,AL-->LU,AL-->LU,AL-->LU,AL-->LU,AL-->LU
MO,MAC,Macau,,Asia,Eastern Asia,,MO-->AL,MO-->AL,MO-->AL,MO-->AL,MO-->AL,MO-->AL,MO-->AL,MO-->AL,MO-->AL,MO-->AL,MO-->AL,MO-->AL,MO-->AL,MO-->AL,MO-->AL,MO-->AL,MO-->AL,MO-->AL,MO-->AL,,,,,,,,,,,,,,,,,AL-->MO,AL-->MO,AL-->MO,AL-->MO,AL-->MO,AL-->MO,AL-->MO,AL-->MO,AL-->MO,AL-->MO,AL-->MO,AL-->MO,AL-->MO,AL-->MO,AL-->MO,AL-->MO,AL-->MO,AL-->MO,AL-->MO
MK,MKD,Republic of Macedonia,Skopje,Europe,Southern Europe,,MK-->AL,MK-->AL,MK-->AL,MK-->AL,MK-->AL,MK-->AL,MK-->AL,MK-->AL,MK-->AL,MK-->AL,MK-->AL,MK-->AL,MK-->AL,MK-->AL,MK-->AL,MK-->AL,MK-->AL,MK-->AL,MK-->AL,,,,,,,,,,,,,,,,,AL-->MK,AL-->MK,AL-->MK,AL-->MK,AL-->MK,AL-->MK,AL-->MK,AL-->MK,AL-->MK,AL-->MK,AL-->MK,AL-->MK,AL-->MK,AL-->MK,AL-->MK,AL-->MK,AL-->MK,AL-->MK,AL-->MK
MG,MDG,Madagascar,Antananarivo,Africa,Eastern Africa,,MG-->AL,MG-->AL,MG-->AL,MG-->AL,MG-->AL,MG-->AL,MG-->AL,MG-->AL,MG-->AL,MG-->AL,MG-->AL,MG-->AL,MG-->AL,MG-->AL,MG-->AL,MG-->AL,MG-->AL,MG-->AL,MG-->AL,,,,,,,,,,,,,,,,,AL-->MG,AL-->MG,AL-->MG,AL-->MG,AL-->MG,AL-->MG,AL-->MG,AL-->MG,AL-->MG,AL-->MG,AL-->MG,AL-->MG,AL-->MG,AL-->MG,AL-->MG,AL-->MG,AL-->MG,AL-->MG,AL-->MG
MW,MWI,Malawi,Lilongwe,Africa,Eastern Africa,,MW-->AL,MW-->AL,MW-->AL,MW-->AL,MW-->AL,MW-->AL,MW-->AL,MW-->AL,MW-->AL,MW-->AL,MW-->AL,MW-->AL,MW-->AL,MW-->AL,MW-->AL,MW-->AL,MW-->AL,MW-->AL,MW-->AL,,,,,,,,,,,,,,,,,AL-->MW,AL-->MW,AL-->MW,AL-->MW,AL-->MW,AL-->MW,AL-->MW,AL-->MW,AL-->MW,AL-->MW,AL-->MW,AL-->MW,AL-->MW,AL-->MW,AL-->MW,AL-->MW,AL-->MW,AL-->MW,AL-->MW
MY,MYS,Malaysia,Kuala Lumpur,Asia,South-Eastern Asia,,MY-->AL,MY-->AL,MY-->AL,MY-->AL,MY-->AL,MY-->AL,MY-->AL,MY-->AL,MY-->AL,MY-->AL,MY-->AL,MY-->AL,MY-->AL,MY-->AL,MY-->AL,MY-->AL,MY-->AL,MY-->AL,MY-->AL,,,,,,,,,,,,,,,,,AL-->MY,AL-->MY,AL-->MY,AL-->MY,AL-->MY,AL-->MY,AL-->MY,AL-->MY,AL-->MY,AL-->MY,AL-->MY,AL-->MY,AL-->MY,AL-->MY,AL-->MY,AL-->MY,AL-->MY,AL-->MY,AL-->MY
MV,MDV,Maldives,Malé,Asia,Southern Asia,,MV-->AL,MV-->AL,MV-->AL,MV-->AL,MV-->AL,MV-->AL,MV-->AL,MV-->AL,MV-->AL,MV-->AL,MV-->AL,MV-->AL,MV-->AL,MV-->AL,MV-->AL,MV-->AL,MV-->AL,MV-->AL,MV-->AL,,,,,,,,,,,,,,,,,AL-->MV,AL-->MV,AL-->MV,AL-->MV,AL-->MV,AL-->MV,AL-->MV,AL-->MV,AL-->MV,AL-->MV,AL-->MV,AL-->MV,AL-->MV,AL-->MV,AL-->MV,AL-->MV,AL-->MV,AL-->MV,AL-->MV
ML,MLI,Mali,Bamako,Africa,Western Africa,,ML-->AL,ML-->AL,ML-->AL,ML-->AL,ML-->AL,ML-->AL,ML-->AL,ML-->AL,ML-->AL,ML-->AL,ML-->AL,ML-->AL,ML-->AL,ML-->AL,ML-->AL,ML-->AL,ML-->AL,ML-->AL,ML-->AL,,,,,,,,,,,,,,,,,AL-->ML,AL-->ML,AL-->ML,AL-->ML,AL-->ML,AL-->ML,AL-->ML,AL-->ML,AL-->ML,AL-->ML,AL-->ML,AL-->ML,AL-->ML,AL-->ML,AL-->ML,AL-->ML,AL-->ML,AL-->ML,AL-->ML
MT,MLT,Malta,Valletta,Europe,Southern Europe,,MT-->AL,MT-->AL,MT-->AL,MT-->AL,MT-->AL,MT-->AL,MT-->AL,MT-->AL,MT-->AL,MT-->AL,MT-->AL,MT-->AL,MT-->AL,MT-->AL,MT-->AL,MT-->AL,MT-->AL,MT-->AL,MT-->AL,,,,,,,,,,,,,,,,,AL-->MT,AL-->MT,AL-->MT,AL-->MT,AL-->MT,AL-->MT,AL-->MT,AL-->MT,AL-->MT,AL-->MT,AL-->MT,AL-->MT,AL-->MT,AL-->MT,AL-->MT,AL-->MT,AL-->MT,AL-->MT,AL-->MT
MH,MHL,Marshall Islands,Majuro,Oceania,Micronesia,,MH-->AL,MH-->AL,MH-->AL,MH-->AL,MH-->AL,MH-->AL,MH-->AL,MH-->AL,MH-->AL,MH-->AL,MH-->AL,MH-->AL,MH-->AL,MH-->AL,MH-->AL,MH-->AL,MH-->AL,MH-->AL,MH-->AL,,,,,,,,,,,,,,,,,AL-->MH,AL-->MH,AL-->MH,AL-->MH,AL-->MH,AL-->MH,AL-->MH,AL-->MH,AL-->MH,AL-->MH,AL-->MH,AL-->MH,AL-->MH,AL-->MH,AL-->MH,AL-->MH,AL-->MH,AL-->MH,AL-->MH
MQ,MTQ,Martinique,Fort-de-France,Americas,Caribbean,,MQ-->AL,MQ-->AL,MQ-->AL,MQ-->AL,MQ-->AL,MQ-->AL,MQ-->AL,MQ-->AL,MQ-->AL,MQ-->AL,MQ-->AL,MQ-->AL,MQ-->AL,MQ-->AL,MQ-->AL,MQ-->AL,MQ-->AL,MQ-->AL,MQ-->AL,,,,,,,,,,,,,,,,,AL-->MQ,AL-->MQ,AL-->MQ,AL-->MQ,AL-->MQ,AL-->MQ,AL-->MQ,AL-->MQ,AL-->MQ,AL-->MQ,AL-->MQ,AL-->MQ,AL-->MQ,AL-->MQ,AL-->MQ,AL-->MQ,AL-->MQ,AL-->MQ,AL-->MQ
MR,MRT,Mauritania,Nouakchott,Africa,Western Africa,,MR-->AL,MR-->AL,MR-->AL,MR-->AL,MR-->AL,MR-->AL,MR-->AL,MR-->AL,MR-->AL,MR-->AL,MR-->AL,MR-->AL,MR-->AL,MR-->AL,MR-->AL,MR-->AL,MR-->AL,MR-->AL,MR-->AL,0.0,,,,,,,,,,,,,,,,AL-->MR,AL-->MR,AL-->MR,AL-->MR,AL-->MR,AL-->MR,AL-->MR,AL-->MR,AL-->MR,AL-->MR,AL-->MR,AL-->MR,AL-->MR,AL-->MR,AL-->MR,AL-->MR,AL-->MR,AL-->MR,AL-->MR
MU,MUS,Mauritius,Port Louis,Africa,Eastern Africa,,MU-->AL,MU-->AL,MU-->AL,MU-->AL,MU-->AL,MU-->AL,MU-->AL,MU-->AL,MU-->AL,MU-->AL,MU-->AL,MU-->AL,MU-->AL,MU-->AL,MU-->AL,MU-->AL,MU-->AL,MU-->AL,MU-->AL,,,,,,,,,,,,,,,,,AL-->MU,AL-->MU,AL-->MU,AL-->MU,AL-->MU,AL-->MU,AL-->MU,AL-->MU,AL-->MU,AL-->MU,AL-->MU,AL-->MU,AL-->MU,AL-->MU,AL-->MU,AL-->MU,AL-->MU,AL-->MU,AL-->MU
YT,MYT,Mayotte,Mamoudzou,Africa,Eastern Africa,,YT-->AL,YT-->AL,YT-->AL,YT-->AL,YT-->AL,YT-->AL,YT-->AL,YT-->AL,YT-->AL,YT-->AL,YT-->AL,YT-->AL,YT-->AL,YT-->AL,YT-->AL,YT-->AL,YT-->AL,YT-->AL,YT-->AL,,,,,,,,,,,,,,,,,AL-->YT,AL-->YT,AL-->YT,AL-->YT,AL-->YT,AL-->YT,AL-->YT,AL-->YT,AL-->YT,AL-->YT,AL-->YT,AL-->YT,AL-->YT,AL-->YT,AL-->YT,AL-->YT,AL-->YT,AL-->YT,AL-->YT
MX,MEX,Mexico,Mexico City,Americas,Central America,,MX-->AL,MX-->AL,MX-->AL,MX-->AL,MX-->AL,MX-->AL,MX-->AL,MX-->AL,MX-->AL,MX-->AL,MX-->AL,MX-->AL,MX-->AL,MX-->AL,MX-->AL,MX-->AL,MX-->AL,MX-->AL,MX-->AL,,,,,,,,,,,,,,,,,AL-->MX,AL-->MX,AL-->MX,AL-->MX,AL-->MX,AL-->MX,AL-->MX,AL-->MX,AL-->MX,AL-->MX,AL-->MX,AL-->MX,AL-->MX,AL-->MX,AL-->MX,AL-->MX,AL-->MX,AL-->MX,AL-->MX
FM,FSM,Federated States of Micronesia,Palikir,Oceania,Micronesia,,FM-->AL,FM-->AL,FM-->AL,FM-->AL,FM-->AL,FM-->AL,FM-->AL,FM-->AL,FM-->AL,FM-->AL,FM-->AL,FM-->AL,FM-->AL,FM-->AL,FM-->AL,FM-->AL,FM-->AL,FM-->AL,FM-->AL,,,,,,,,,,,,,,,,,AL-->FM,AL-->FM,AL-->FM,AL-->FM,AL-->FM,AL-->FM,AL-->FM,AL-->FM,AL-->FM,AL-->FM,AL-->FM,AL-->FM,AL-->FM,AL-->FM,AL-->FM,AL-->FM,AL-->FM,AL-->FM,AL-->FM
MD,MDA,Moldova,Chișinău,Europe,Eastern Europe,,MD-->AL,MD-->AL,MD-->AL,MD-->AL,MD-->AL,MD-->AL,MD-->AL,MD-->AL,MD-->AL,MD-->AL,MD-->AL,MD-->AL,MD-->AL,MD-->AL,MD-->AL,MD-->AL,MD-->AL,MD-->AL,MD-->AL,,,,,,,,,,,,,,,,,AL-->MD,AL-->MD,AL-->MD,AL-->MD,AL-->MD,AL-->MD,AL-->MD,AL-->MD,AL-->MD,AL-->MD,AL-->MD,AL-->MD,AL-->MD,AL-->MD,AL-->MD,AL-->MD,AL-->MD,AL-->MD,AL-->MD
MC,MCO,Monaco,Monaco,Europe,Western Europe,,MC-->AL,MC-->AL,MC-->AL,MC-->AL,MC-->AL,MC-->AL,MC-->AL,MC-->AL,MC-->AL,MC-->AL,MC-->AL,MC-->AL,MC-->AL,MC-->AL,MC-->AL,MC-->AL,MC-->AL,MC-->AL,MC-->AL,,,,,,,,,,,,,,,,,AL-->MC,AL-->MC,AL-->MC,AL-->MC,AL-->MC,AL-->MC,AL-->MC,AL-->MC,AL-->MC,AL-->MC,AL-->MC,AL-->MC,AL-->MC,AL-->MC,AL-->MC,AL-->MC,AL-->MC,AL-->MC,AL-->MC
MN,MNG,Mongolia,Ulan Bator,Asia,Eastern Asia,,MN-->AL,MN-->AL,MN-->AL,MN-->AL,MN-->AL,MN-->AL,MN-->AL,MN-->AL,MN-->AL,MN-->AL,MN-->AL,MN-->AL,MN-->AL,MN-->AL,MN-->AL,MN-->AL,MN-->AL,MN-->AL,MN-->AL,,,,,,,,,,,,,,,,,AL-->MN,AL-->MN,AL-->MN,AL-->MN,AL-->MN,AL-->MN,AL-->MN,AL-->MN,AL-->MN,AL-->MN,AL-->MN,AL-->MN,AL-->MN,AL-->MN,AL-->MN,AL-->MN,AL-->MN,AL-->MN,AL-->MN
ME,MNE,Montenegro,Podgorica,Europe,Southern Europe,,ME-->AL,ME-->AL,ME-->AL,ME-->AL,ME-->AL,ME-->AL,ME-->AL,ME-->AL,ME-->AL,ME-->AL,ME-->AL,ME-->AL,ME-->AL,ME-->AL,ME-->AL,ME-->AL,ME-->AL,ME-->AL,ME-->AL,,,,,,,,,,,,,,,,,AL-->ME,AL-->ME,AL-->ME,AL-->ME,AL-->ME,AL-->ME,AL-->ME,AL-->ME,AL-->ME,AL-->ME,AL-->ME,AL-->ME,AL-->ME,AL-->ME,AL-->ME,AL-->ME,AL-->ME,AL-->ME,AL-->ME
MS,MSR,Montserrat,Plymouth,Americas,Caribbean,,MS-->AL,MS-->AL,MS-->AL,MS-->AL,MS-->AL,MS-->AL,MS-->AL,MS-->AL,MS-->AL,MS-->AL,MS-->AL,MS-->AL,MS-->AL,MS-->AL,MS-->AL,MS-->AL,MS-->AL,MS-->AL,MS-->AL,,,,,,,,,,,,,,,,,AL-->MS,AL-->MS,AL-->MS,AL-->MS,AL-->MS,AL-->MS,AL-->MS,AL-->MS,AL-->MS,AL-->MS,AL-->MS,AL-->MS,AL-->MS,AL-->MS,AL-->MS,AL-->MS,AL-->MS,AL-->MS,AL-->MS
MA,MAR,Morocco,Rabat,Africa,Northern Africa,,MA-->AL,MA-->AL,MA-->AL,MA-->AL,MA-->AL,MA-->AL,MA-->AL,MA-->AL,MA-->AL,MA-->AL,MA-->AL,MA-->AL,MA-->AL,MA-->AL,MA-->AL,MA-->AL,MA-->AL,MA-->AL,MA-->AL,,,,,,,,,,,,,,,,,AL-->MA,AL-->MA,AL-->MA,AL-->MA,AL-->MA,AL-->MA,AL-->MA,AL-->MA,AL-->MA,AL-->MA,AL-->MA,AL-->MA,AL-->MA,AL-->MA,AL-->MA,AL-->MA,AL-->MA,AL-->MA,AL-->MA
MZ,MOZ,Mozambique,Maputo,Africa,Eastern Africa,,MZ-->AL,MZ-->AL,MZ-->AL,MZ-->AL,MZ-->AL,MZ-->AL,MZ-->AL,MZ-->AL,MZ-->AL,MZ-->AL,MZ-->AL,MZ-->AL,MZ-->AL,MZ-->AL,MZ-->AL,MZ-->AL,MZ-->AL,MZ-->AL,MZ-->AL,,,,,,,,,,,,,,,,,AL-->MZ,AL-->MZ,AL-->MZ,AL-->MZ,AL-->MZ,AL-->MZ,AL-->MZ,AL-->MZ,AL-->MZ,AL-->MZ,AL-->MZ,AL-->MZ,AL-->MZ,AL-->MZ,AL-->MZ,AL-->MZ,AL-->MZ,AL-->MZ,AL-->MZ
MM,MMR,Myanmar,Naypyidaw,Asia,South-Eastern Asia,,MM-->AL,MM-->AL,MM-->AL,MM-->AL,MM-->AL,MM-->AL,MM-->AL,MM-->AL,MM-->AL,MM-->AL,MM-->AL,MM-->AL,MM-->AL,MM-->AL,MM-->AL,MM-->AL,MM-->AL,MM-->AL,MM-->AL,,,,,,,,,,,,,,,,,AL-->MM,AL-->MM,AL-->MM,AL-->MM,AL-->MM,AL-->MM,AL-->MM,AL-->MM,AL-->MM,AL-->MM,AL-->MM,AL-->MM,AL-->MM,AL-->MM,AL-->MM,AL-->MM,AL-->MM,AL-->MM,AL-->MM
,NAM,Namibia,Windhoek,Africa,Southern Africa,,NA-->AL,NA-->AL,NA-->AL,NA-->AL,NA-->AL,NA-->AL,NA-->AL,NA-->AL,NA-->AL,NA-->AL,NA-->AL,NA-->AL,NA-->AL,NA-->AL,NA-->AL,NA-->AL,NA-->AL,NA-->AL,NA-->AL,,,,,,,,,,,,,,,,,AL-->NA,AL-->NA,AL-->NA,AL-->NA,AL-->NA,AL-->NA,AL-->NA,AL-->NA,AL-->NA,AL-->NA,AL-->NA,AL-->NA,AL-->NA,AL-->NA,AL-->NA,AL-->NA,AL-->NA,AL-->NA,AL-->NA
NR,NRU,Nauru,Yaren,Oceania,Micronesia,,NR-->AL,NR-->AL,NR-->AL,NR-->AL,NR-->AL,NR-->AL,NR-->AL,NR-->AL,NR-->AL,NR-->AL,NR-->AL,NR-->AL,NR-->AL,NR-->AL,NR-->AL,NR-->AL,NR-->AL,NR-->AL,NR-->AL,,,,,,,,,,,,,,,,,AL-->NR,AL-->NR,AL-->NR,AL-->NR,AL-->NR,AL-->NR,AL-->NR,AL-->NR,AL-->NR,AL-->NR,AL-->NR,AL-->NR,AL-->NR,AL-->NR,AL-->NR,AL-->NR,AL-->NR,AL-->NR,AL-->NR
NP,NPL,Nepal,Kathmandu,Asia,Southern Asia,,NP-->AL,NP-->AL,NP-->AL,NP-->AL,NP-->AL,NP-->AL,NP-->AL,NP-->AL,NP-->AL,NP-->AL,NP-->AL,NP-->AL,NP-->AL,NP-->AL,NP-->AL,NP-->AL,NP-->AL,NP-->AL,NP-->AL,,,,,,,,,,,,,,,,,AL-->NP,AL-->NP,AL-->NP,AL-->NP,AL-->NP,AL-->NP,AL-->NP,AL-->NP,AL-->NP,AL-->NP,AL-->NP,AL-->NP,AL-->NP,AL-->NP,AL-->NP,AL-->NP,AL-->NP,AL-->NP,AL-->NP
NL,NLD,Netherlands,Amsterdam,Europe,Western Europe,,NL-->AL,NL-->AL,NL-->AL,NL-->AL,NL-->AL,NL-->AL,NL-->AL,NL-->AL,NL-->AL,NL-->AL,NL-->AL,NL-->AL,NL-->AL,NL-->AL,NL-->AL,NL-->AL,NL-->AL,NL-->AL,NL-->AL,,,,,,,,,,,,,,,,,AL-->NL,AL-->NL,AL-->NL,AL-->NL,AL-->NL,AL-->NL,AL-->NL,AL-->NL,AL-->NL,AL-->NL,AL-->NL,AL-->NL,AL-->NL,AL-->NL,AL-->NL,AL-->NL,AL-->NL,AL-->NL,AL-->NL
NC,NCL,New Caledonia,Nouméa,Oceania,Melanesia,,NC-->AL,NC-->AL,NC-->AL,NC-->AL,NC-->AL,NC-->AL,NC-->AL,NC-->AL,NC-->AL,NC-->AL,NC-->AL,NC-->AL,NC-->AL,NC-->AL,NC-->AL,NC-->AL,NC-->AL,NC-->AL,NC-->AL,,,,,,,,,,,,,,,,,AL-->NC,AL-->NC,AL-->NC,AL-->NC,AL-->NC,AL-->NC,AL-->NC,AL-->NC,AL-->NC,AL-->NC,AL-->NC,AL-->NC,AL-->NC,AL-->NC,AL-->NC,AL-->NC,AL-->NC,AL-->NC,AL-->NC
NZ,NZL,New Zealand,Wellington,Oceania,Australia and New Zealand,,NZ-->AL,NZ-->AL,NZ-->AL,NZ-->AL,NZ-->AL,NZ-->AL,NZ-->AL,NZ-->AL,NZ-->AL,NZ-->AL,NZ-->AL,NZ-->AL,NZ-->AL,NZ-->AL,NZ-->AL,NZ-->AL,NZ-->AL,NZ-->AL,NZ-->AL,,,,,,,,,,,,,,,,,AL-->NZ,AL-->NZ,AL-->NZ,AL-->NZ,AL-->NZ,AL-->NZ,AL-->NZ,AL-->NZ,AL-->NZ,AL-->NZ,AL-->NZ,AL-->NZ,AL-->NZ,AL-->NZ,AL-->NZ,AL-->NZ,AL-->NZ,AL-->NZ,AL-->NZ
NI,NIC,Nicaragua,Managua,Americas,Central America,,NI-->AL,NI-->AL,NI-->AL,NI-->AL,NI-->AL,NI-->AL,NI-->AL,NI-->AL,NI-->AL,NI-->AL,NI-->AL,NI-->AL,NI-->AL,NI-->AL,NI-->AL,NI-->AL,NI-->AL,NI-->AL,NI-->AL,,,,,,,,,,,,,,,,,AL-->NI,AL-->NI,AL-->NI,AL-->NI,AL-->NI,AL-->NI,AL-->NI,AL-->NI,AL-->NI,AL-->NI,AL-->NI,AL-->NI,AL-->NI,AL-->NI,AL-->NI,AL-->NI,AL-->NI,AL-->NI,AL-->NI
NE,NER,Niger,Niamey,Africa,Western Africa,,NE-->AL,NE-->AL,NE-->AL,NE-->AL,NE-->AL,NE-->AL,NE-->AL,NE-->AL,NE-->AL,NE-->AL,NE-->AL,NE-->AL,NE-->AL,NE-->AL,NE-->AL,NE-->AL,NE-->AL,NE-->AL,NE-->AL,,,,,,,,,,,,,,,,,AL-->NE,AL-->NE,AL-->NE,AL-->NE,AL-->NE,AL-->NE,AL-->NE,AL-->NE,AL-->NE,AL-->NE,AL-->NE,AL-->NE,AL-->NE,AL-->NE,AL-->NE,AL-->NE,AL-->NE,AL-->NE,AL-->NE
NG,NGA,Nigeria,Abuja,Africa,Western Africa,,NG-->AL,NG-->AL,NG-->AL,NG-->AL,NG-->AL,NG-->AL,NG-->AL,NG-->AL,NG-->AL,NG-->AL,NG-->AL,NG-->AL,NG-->AL,NG-->AL,NG-->AL,NG-->AL,NG-->AL,NG-->AL,NG-->AL,,,,,,,,,,,,,,,,,AL-->NG,AL-->NG,AL-->NG,AL-->NG,AL-->NG,AL-->NG,AL-->NG,AL-->NG,AL-->NG,AL-->NG,AL-->NG,AL-->NG,AL-->NG,AL-->NG,AL-->NG,AL-->NG,AL-->NG,AL-->NG,AL-->NG
NU,NIU,Niue,Alofi,Oceania,Polynesia,,NU-->AL,NU-->AL,NU-->AL,NU-->AL,NU-->AL,NU-->AL,NU-->AL,NU-->AL,NU-->AL,NU-->AL,NU-->AL,NU-->AL,NU-->AL,NU-->AL,NU-->AL,NU-->AL,NU-->AL,NU-->AL,NU-->AL,,,,,,,,,,,,,,,,,AL-->NU,AL-->NU,AL-->NU,AL-->NU,AL-->NU,AL-->NU,AL-->NU,AL-->NU,AL-->NU,AL-->NU,AL-->NU,AL-->NU,AL-->NU,AL-->NU,AL-->NU,AL-->NU,AL-->NU,AL-->NU,AL-->NU
NF,NFK,Norfolk Island,Kingston,Oceania,Australia and New Zealand,,NF-->AL,NF-->AL,NF-->AL,NF-->AL,NF-->AL,NF-->AL,NF-->AL,NF-->AL,NF-->AL,NF-->AL,NF-->AL,NF-->AL,NF-->AL,NF-->AL,NF-->AL,NF-->AL,NF-->AL,NF-->AL,NF-->AL,,,,,,,,,,,,,,,,,AL-->NF,AL-->NF,AL-->NF,AL-->NF,AL-->NF,AL-->NF,AL-->NF,AL-->NF,AL-->NF,AL-->NF,AL-->NF,AL-->NF,AL-->NF,AL-->NF,AL-->NF,AL-->NF,AL-->NF,AL-->NF,AL-->NF
KP,PRK,North Korea,Pyongyang,Asia,Eastern Asia,,KP-->AL,KP-->AL,KP-->AL,KP-->AL,KP-->AL,KP-->AL,KP-->AL,KP-->AL,KP-->AL,KP-->AL,KP-->AL,KP-->AL,KP-->AL,KP-->AL,KP-->AL,KP-->AL,KP-->AL,KP-->AL,KP-->AL,,,,,,,,,,,,,,,,,AL-->KP,AL-->KP,AL-->KP,AL-->KP,AL-->KP,AL-->KP,AL-->KP,AL-->KP,AL-->KP,AL-->KP,AL-->KP,AL-->KP,AL-->KP,AL-->KP,AL-->KP,AL-->KP,AL-->KP,AL-->KP,AL-->KP
MP,MNP,Northern Mariana Islands,Saipan,Oceania,Micronesia,,MP-->AL,MP-->AL,MP-->AL,MP-->AL,MP-->AL,MP-->AL,MP-->AL,MP-->AL,MP-->AL,MP-->AL,MP-->AL,MP-->AL,MP-->AL,MP-->AL,MP-->AL,MP-->AL,MP-->AL,MP-->AL,MP-->AL,,,,,,,,,,,,,,,,,AL-->MP,AL-->MP,AL-->MP,AL-->MP,AL-->MP,AL-->MP,AL-->MP,AL-->MP,AL-->MP,AL-->MP,AL-->MP,AL-->MP,AL-->MP,AL-->MP,AL-->MP,AL-->MP,AL-->MP,AL-->MP,AL-->MP
NO,NOR,Norway,Oslo,Europe,Northern Europe,,NO-->AL,NO-->AL,NO-->AL,NO-->AL,NO-->AL,NO-->AL,NO-->AL,NO-->AL,NO-->AL,NO-->AL,NO-->AL,NO-->AL,NO-->AL,NO-->AL,NO-->AL,NO-->AL,NO-->AL,NO-->AL,NO-->AL,,,,,,,,,,,,,,,,,AL-->NO,AL-->NO,AL-->NO,AL-->NO,AL-->NO,AL-->NO,AL-->NO,AL-->NO,AL-->NO,AL-->NO,AL-->NO,AL-->NO,AL-->NO,AL-->NO,AL-->NO,AL-->NO,AL-->NO,AL-->NO,AL-->NO
OM,OMN,Oman,Muscat,Asia,Western Asia,,OM-->AL,OM-->AL,OM-->AL,OM-->AL,OM-->AL,OM-->AL,OM-->AL,OM-->AL,OM-->AL,OM-->AL,OM-->AL,OM-->AL,OM-->AL,OM-->AL,OM-->AL,OM-->AL,OM-->AL,OM-->AL,OM-->AL,,,,,,,,,,,,,,,,,AL-->OM,AL-->OM,AL-->OM,AL-->OM,AL-->OM,AL-->OM,AL-->OM,AL-->OM,AL-->OM,AL-->OM,AL-->OM,AL-->OM,AL-->OM,AL-->OM,AL-->OM,AL-->OM,AL-->OM,AL-->OM,AL-->OM
PK,PAK,Pakistan,Islamabad,Asia,Southern Asia,,PK-->AL,PK-->AL,PK-->AL,PK-->AL,PK-->AL,PK-->AL,PK-->AL,PK-->AL,PK-->AL,PK-->AL,PK-->AL,PK-->AL,PK-->AL,PK-->AL,PK-->AL,PK-->AL,PK-->AL,PK-->AL,PK-->AL,,,,,,,,,,,,,,,,,AL-->PK,AL-->PK,AL-->PK,AL-->PK,AL-->PK,AL-->PK,AL-->PK,AL-->PK,AL-->PK,AL-->PK,AL-->PK,AL-->PK,AL-->PK,AL-->PK,AL-->PK,AL-->PK,AL-->PK,AL-->PK,AL-->PK
PW,PLW,Palau,Ngerulmud,Oceania,Micronesia,,PW-->AL,PW-->AL,PW-->AL,PW-->AL,PW-->AL,PW-->AL,PW-->AL,PW-->AL,PW-->AL,PW-->AL,PW-->AL,PW-->AL,PW-->AL,PW-->AL,PW-->AL,PW-->AL,PW-->AL,PW-->AL,PW-->AL,,,,,,,,,,,,,,,,,AL-->PW,AL-->PW,AL-->PW,AL-->PW,AL-->PW,AL-->PW,AL-->PW,AL-->PW,AL-->PW,AL-->PW,AL-->PW,AL-->PW,AL-->PW,AL-->PW,AL-->PW,AL-->PW,AL-->PW,AL-->PW,AL-->PW
PS,PSE,Palestine,Ramallah,Asia,Western Asia,,PS-->AL,PS-->AL,PS-->AL,PS-->AL,PS-->AL,PS-->AL,PS-->AL,PS-->AL,PS-->AL,PS-->AL,PS-->AL,PS-->AL,PS-->AL,PS-->AL,PS-->AL,PS-->AL,PS-->AL,PS-->AL,PS-->AL,,,,,,,,,,,,,,,,,AL-->PS,AL-->PS,AL-->PS,AL-->PS,AL-->PS,AL-->PS,AL-->PS,AL-->PS,AL-->PS,AL-->PS,AL-->PS,AL-->PS,AL-->PS,AL-->PS,AL-->PS,AL-->PS,AL-->PS,AL-->PS,AL-->PS
PA,PAN,Panama,Panama City,Americas,Central America,,PA-->AL,PA-->AL,PA-->AL,PA-->AL,PA-->AL,PA-->AL,PA-->AL,PA-->AL,PA-->AL,PA-->AL,PA-->AL,PA-->AL,PA-->AL,PA-->AL,PA-->AL,PA-->AL,PA-->AL,PA-->AL,PA-->AL,,,,,,,,,,,,,,,,,AL-->PA,AL-->PA,AL-->PA,AL-->PA,AL-->PA,AL-->PA,AL-->PA,AL-->PA,AL-->PA,AL-->PA,AL-->PA,AL-->PA,AL-->PA,AL-->PA,AL-->PA,AL-->PA,AL-->PA,AL-->PA,AL-->PA
PG,PNG,Papua New Guinea,Port Moresby,Oceania,Melanesia,,PG-->AL,PG-->AL,PG-->AL,PG-->AL,PG-->AL,PG-->AL,PG-->AL,PG-->AL,PG-->AL,PG-->AL,PG-->AL,PG-->AL,PG-->AL,PG-->AL,PG-->AL,PG-->AL,PG-->AL,PG-->AL,PG-->AL,,,,,,,,,,,,,,,,,AL-->PG,AL-->PG,AL-->PG,AL-->PG,AL-->PG,AL-->PG,AL-->PG,AL-->PG,AL-->PG,AL-->PG,AL-->PG,AL-->PG,AL-->PG,AL-->PG,AL-->PG,AL-->PG,AL-->PG,AL-->PG,AL-->PG
PY,PRY,Paraguay,Asunción,Americas,South America,,PY-->AL,PY-->AL,PY-->AL,PY-->AL,PY-->AL,PY-->AL,PY-->AL,PY-->AL,PY-->AL,PY-->AL,PY-->AL,PY-->AL,PY-->AL,PY-->AL,PY-->AL,PY-->AL,PY-->AL,PY-->AL,PY-->AL,,,,,,,,,,,,,,,,,AL-->PY,AL-->PY,AL-->PY,AL-->PY,AL-->PY,AL-->PY,AL-->PY,AL-->PY,AL-->PY,AL-->PY,AL-->PY,AL-->PY,AL-->PY,AL-->PY,AL-->PY,AL-->PY,AL-->PY,AL-->PY,AL-->PY
PE,PER,Peru,Lima,Americas,South America,,PE-->AL,PE-->AL,PE-->AL,PE-->AL,PE-->AL,PE-->AL,PE-->AL,PE-->AL,PE-->AL,PE-->AL,PE-->AL,PE-->AL,PE-->AL,PE-->AL,PE-->AL,PE-->AL,PE-->AL,PE-->AL,PE-->AL,,,,,,,,,,,,,,,,,AL-->PE,AL-->PE,AL-->PE,AL-->PE,AL-->PE,AL-->PE,AL-->PE,AL-->PE,AL-->PE,AL-->PE,AL-->PE,AL-->PE,AL-->PE,AL-->PE,AL-->PE,AL-->PE,AL-->PE,AL-->PE,AL-->PE
PH,PHL,Philippines,Manila,Asia,South-Eastern Asia,,PH-->AL,PH-->AL,PH-->AL,PH-->AL,PH-->AL,PH-->AL,PH-->AL,PH-->AL,PH-->AL,PH-->AL,PH-->AL,PH-->AL,PH-->AL,PH-->AL,PH-->AL,PH-->AL,PH-->AL,PH-->AL,PH-->AL,,,,,,,,,,,,,,,,,AL-->PH,AL-->PH,AL-->PH,AL-->PH,AL-->PH,AL-->PH,AL-->PH,AL-->PH,AL-->PH,AL-->PH,AL-->PH,AL-->PH,AL-->PH,AL-->PH,AL-->PH,AL-->PH,AL-->PH,AL-->PH,AL-->PH
PN,PCN,Pitcairn Islands,Adamstown,Oceania,Polynesia,,PN-->AL,PN-->AL,PN-->AL,PN-->AL,PN-->AL,PN-->AL,PN-->AL,PN-->AL,PN-->AL,PN-->AL,PN-->AL,PN-->AL,PN-->AL,PN-->AL,PN-->AL,PN-->AL,PN-->AL,PN-->AL,PN-->AL,,,,,,,,,,,,,,,,,AL-->PN,AL-->PN,AL-->PN,AL-->PN,AL-->PN,AL-->PN,AL-->PN,AL-->PN,AL-->PN,AL-->PN,AL-->PN,AL-->PN,AL-->PN,AL-->PN,AL-->PN,AL-->PN,AL-->PN,AL-->PN,AL-->PN
PL,POL,Poland,Warsaw,Europe,Eastern Europe,,PL-->AL,PL-->AL,PL-->AL,PL-->AL,PL-->AL,PL-->AL,PL-->AL,PL-->AL,PL-->AL,PL-->AL,PL-->AL,PL-->AL,PL-->AL,PL-->AL,PL-->AL,PL-->AL,PL-->AL,PL-->AL,PL-->AL,,,,,,,,,,,,,,,,,AL-->PL,AL-->PL,AL-->PL,AL-->PL,AL-->PL,AL-->PL,AL-->PL,AL-->PL,AL-->PL,AL-->PL,AL-->PL,AL-->PL,AL-->PL,AL-->PL,AL-->PL,AL-->PL,AL-->PL,AL-->PL,AL-->PL
PT,PRT,Portugal,Lisbon,Europe,Southern Europe,,PT-->AL,PT-->AL,PT-->AL,PT-->AL,PT-->AL,PT-->AL,PT-->AL,PT-->AL,PT-->AL,PT-->AL,PT-->AL,PT-->AL,PT-->AL,PT-->AL,PT-->AL,PT-->AL,PT-->AL,PT-->AL,PT-->AL,,,,,,,,,,,,,,,,,AL-->PT,AL-->PT,AL-->PT,AL-->PT,AL-->PT,AL-->PT,AL-->PT,AL-->PT,AL-->PT,AL-->PT,AL-->PT,AL-->PT,AL-->PT,AL-->PT,AL-->PT,AL-->PT,AL-->PT,AL-->PT,AL-->PT
PR,PRI,Puerto Rico,San Juan,Americas,Caribbean,,PR-->AL,PR-->AL,PR-->AL,PR-->AL,PR-->AL,PR-->AL,PR-->AL,PR-->AL,PR-->AL,PR-->AL,PR-->AL,PR-->AL,PR-->AL,PR-->AL,PR-->AL,PR-->AL,PR-->AL,PR-->AL,PR-->AL,,,,,,,,,,,,,,,,,AL-->PR,AL-->PR,AL-->PR,AL-->PR,AL-->PR,AL-->PR,AL-->PR,AL-->PR,AL-->PR,AL-->PR,AL-->PR,AL-->PR,AL-->PR,AL-->PR,AL-->PR,AL-->PR,AL-->PR,AL-->PR,AL-->PR
QA,QAT,Qatar,Doha,Asia,Western Asia,,QA-->AL,QA-->AL,QA-->AL,QA-->AL,QA-->AL,QA-->AL,QA-->AL,QA-->AL,QA-->AL,QA-->AL,QA-->AL,QA-->AL,QA-->AL,QA-->AL,QA-->AL,QA-->AL,QA-->AL,QA-->AL,QA-->AL,,,,,,,,,,,,,,,,,AL-->QA,AL-->QA,AL-->QA,AL-->QA,AL-->QA,AL-->QA,AL-->QA,AL-->QA,AL-->QA,AL-->QA,AL-->QA,AL-->QA,AL-->QA,AL-->QA,AL-->QA,AL-->QA,AL-->QA,AL-->QA,AL-->QA
XK,KOS,Republic of Kosovo,Pristina,Europe,Eastern Europe,,XK-->AL,XK-->AL,XK-->AL,XK-->AL,XK-->AL,XK-->AL,XK-->AL,XK-->AL,XK-->AL,XK-->AL,XK-->AL,XK-->AL,XK-->AL,XK-->AL,XK-->AL,XK-->AL,XK-->AL,XK-->AL,XK-->AL,,,,,,,,,,,,,,,,,AL-->XK,AL-->XK,AL-->XK,AL-->XK,AL-->XK,AL-->XK,AL-->XK,AL-->XK,AL-->XK,AL-->XK,AL-->XK,AL-->XK,AL-->XK,AL-->XK,AL-->XK,AL-->XK,AL-->XK,AL-->XK,AL-->XK
RE,REU,Réunion,Saint-Denis,Africa,Eastern Africa,,RE-->AL,RE-->AL,RE-->AL,RE-->AL,RE-->AL,RE-->AL,RE-->AL,RE-->AL,RE-->AL,RE-->AL,RE-->AL,RE-->AL,RE-->AL,RE-->AL,RE-->AL,RE-->AL,RE-->AL,RE-->AL,RE-->AL,,,,,,,,,,,,,,,,,AL-->RE,AL-->RE,AL-->RE,AL-->RE,AL-->RE,AL-->RE,AL-->RE,AL-->RE,AL-->RE,AL-->RE,AL-->RE,AL-->RE,AL-->RE,AL-->RE,AL-->RE,AL-->RE,AL-->RE,AL-->RE,AL-->RE
RO,ROU,Romania,Bucharest,Europe,Eastern Europe,,RO-->AL,RO-->AL,RO-->AL,RO-->AL,RO-->AL,RO-->AL,RO-->AL,RO-->AL,RO-->AL,RO-->AL,RO-->AL,RO-->AL,RO-->AL,RO-->AL,RO-->AL,RO-->AL,RO-->AL,RO-->AL,RO-->AL,,,,,,,,,,,,,,,,,AL-->RO,AL-->RO,AL-->RO,AL-->RO,AL-->RO,AL-->RO,AL-->RO,AL-->RO,AL-->RO,AL-->RO,AL-->RO,AL-->RO,AL-->RO,AL-->RO,AL-->RO,AL-->RO,AL-->RO,AL-->RO,AL-->RO
RU,RUS,Russia,Moscow,Europe,Eastern Europe,,RU-->AL,RU-->AL,RU-->AL,RU-->AL,RU-->AL,RU-->AL,RU-->AL,RU-->AL,RU-->AL,RU-->AL,RU-->AL,RU-->AL,RU-->AL,RU-->AL,RU-->AL,RU-->AL,RU-->AL,RU-->AL,RU-->AL,,,,,,,,,,,,,,,,,AL-->RU,AL-->RU,AL-->RU,AL-->RU,AL-->RU,AL-->RU,AL-->RU,AL-->RU,AL-->RU,AL-->RU,AL-->RU,AL-->RU,AL-->RU,AL-->RU,AL-->RU,AL-->RU,AL-->RU,AL-->RU,AL-->RU
RW,RWA,Rwanda,Kigali,Africa,Eastern Africa,,RW-->AL,RW-->AL,RW-->AL,RW-->AL,RW-->AL,RW-->AL,RW-->AL,RW-->AL,RW-->AL,RW-->AL,RW-->AL,RW-->AL,RW-->AL,RW-->AL,RW-->AL,RW-->AL,RW-->AL,RW-->AL,RW-->AL,,,,,,,,,,,,,,,,,AL-->RW,AL-->RW,AL-->RW,AL-->RW,AL-->RW,AL-->RW,AL-->RW,AL-->RW,AL-->RW,AL-->RW,AL-->RW,AL-->RW,AL-->RW,AL-->RW,AL-->RW,AL-->RW,AL-->RW,AL-->RW,AL-->RW
BL,BLM,Saint Barthélemy,Gustavia,Americas,Caribbean,,BL-->AL,BL-->AL,BL-->AL,BL-->AL,BL-->AL,BL-->AL,BL-->AL,BL-->AL,BL-->AL,BL-->AL,BL-->AL,BL-->AL,BL-->AL,BL-->AL,BL-->AL,BL-->AL,BL-->AL,BL-->AL,BL-->AL,,,,,,,,,,,,,,,,,AL-->BL,AL-->BL,AL-->BL,AL-->BL,AL-->BL,AL-->BL,AL-->BL,AL-->BL,AL-->BL,AL-->BL,AL-->BL,AL-->BL,AL-->BL,AL-->BL,AL-->BL,AL-->BL,AL-->BL,AL-->BL,AL-->BL
SH,SHN,Saint Helena,Jamestown,Africa,Western Africa,,SH-->AL,SH-->AL,SH-->AL,SH-->AL,SH-->AL,SH-->AL,SH-->AL,SH-->AL,SH-->AL,SH-->AL,SH-->AL,SH-->AL,SH-->AL,SH-->AL,SH-->AL,SH-->AL,SH-->AL,SH-->AL,SH-->AL,,,,,,,,,,,,,,,,,AL-->SH,AL-->SH,AL-->SH,AL-->SH,AL-->SH,AL-->SH,AL-->SH,AL-->SH,AL-->SH,AL-->SH,AL-->SH,AL-->SH,AL-->SH,AL-->SH,AL-->SH,AL-->SH,AL-->SH,AL-->SH,AL-->SH
KN,KNA,Saint Kitts and Nevis,Basseterre,Americas,Caribbean,,KN-->AL,KN-->AL,KN-->AL,KN-->AL,KN-->AL,KN-->AL,KN-->AL,KN-->AL,KN-->AL,KN-->AL,KN-->AL,KN-->AL,KN-->AL,KN-->AL,KN-->AL,KN-->AL,KN-->AL,KN-->AL,KN-->AL,,,,,,,,,,,,,,,,,AL-->KN,AL-->KN,AL-->KN,AL-->KN,AL-->KN,AL-->KN,AL-->KN,AL-->KN,AL-->KN,AL-->KN,AL-->KN,AL-->KN,AL-->KN,AL-->KN,AL-->KN,AL-->KN,AL-->KN,AL-->KN,AL-->KN
LC,LCA,Saint Lucia,Castries,Americas,Caribbean,,LC-->AL,LC-->AL,LC-->AL,LC-->AL,LC-->AL,LC-->AL,LC-->AL,LC-->AL,LC-->AL,LC-->AL,LC-->AL,LC-->AL,LC-->AL,LC-->AL,LC-->AL,LC-->AL,LC-->AL,LC-->AL,LC-->AL,,,,,,,,,,,,,,,,,AL-->LC,AL-->LC,AL-->LC,AL-->LC,AL-->LC,AL-->LC,AL-->LC,AL-->LC,AL-->LC,AL-->LC,AL-->LC,AL-->LC,AL-->LC,AL-->LC,AL-->LC,AL-->LC,AL-->LC,AL-->LC,AL-->LC
MF,MAF,Saint Martin,Marigot,Americas,Caribbean,,MF-->AL,MF-->AL,MF-->AL,MF-->AL,MF-->AL,MF-->AL,MF-->AL,MF-->AL,MF-->AL,MF-->AL,MF-->AL,MF-->AL,MF-->AL,MF-->AL,MF-->AL,MF-->AL,MF-->AL,MF-->AL,MF-->AL,,,,,,,,,,,,,,,,,AL-->MF,AL-->MF,AL-->MF,AL-->MF,AL-->MF,AL-->MF,AL-->MF,AL-->MF,AL-->MF,AL-->MF,AL-->MF,AL-->MF,AL-->MF,AL-->MF,AL-->MF,AL-->MF,AL-->MF,AL-->MF,AL-->MF
PM,SPM,Saint Pierre and Miquelon,Saint-Pierre,Americas,Northern America,,PM-->AL,PM-->AL,PM-->AL,PM-->AL,PM-->AL,PM-->AL,PM-->AL,PM-->AL,PM-->AL,PM-->AL,PM-->AL,PM-->AL,PM-->AL,PM-->AL,PM-->AL,PM-->AL,PM-->AL,PM-->AL,PM-->AL,,,,,,,,,,,,,,,,,AL-->PM,AL-->PM,AL-->PM,AL-->PM,AL-->PM,AL-->PM,AL-->PM,AL-->PM,AL-->PM,AL-->PM,AL-->PM,AL-->PM,AL-->PM,AL-->PM,AL-->PM,AL-->PM,AL-->PM,AL-->PM,AL-->PM
VC,VCT,Saint Vincent and the Grenadines,Kingstown,Americas,Caribbean,,VC-->AL,VC-->AL,VC-->AL,VC-->AL,VC-->AL,VC-->AL,VC-->AL,VC-->AL,VC-->AL,VC-->AL,VC-->AL,VC-->AL,VC-->AL,VC-->AL,VC-->AL,VC-->AL,VC-->AL,VC-->AL,VC-->AL,,,,,,,,,,,,,,,,,AL-->VC,AL-->VC,AL-->VC,AL-->VC,AL-->VC,AL-->VC,AL-->VC,AL-->VC,AL-->VC,AL-->VC,AL-->VC,AL-->VC,AL-->VC,AL-->VC,AL-->VC,AL-->VC,AL-->VC,AL-->VC,AL-->VC
WS,WSM,Samoa,Apia,Oceania,Polynesia,,WS-->AL,WS-->AL,WS-->AL,WS-->AL,WS-->AL,WS-->AL,WS-->AL,WS-->AL,WS-->AL,WS-->AL,WS-->AL,WS-->AL,WS-->AL,WS-->AL,WS-->AL,WS-->AL,WS-->AL,WS-->AL,WS-->AL,,,,,,,,,,,,,,,,,AL-->WS,AL-->WS,AL-->WS,AL-->WS,AL-->WS,AL-->WS,AL-->WS,AL-->WS,AL-->WS,AL-->WS,AL-->WS,AL-->WS,AL-->WS,AL-->WS,AL-->WS,AL-->WS,AL-->WS,AL-->WS,AL-->WS
SM,SMR,San Marino,City of San Marino,Europe,Southern Europe,,SM-->AL,SM-->AL,SM-->AL,SM-->AL,SM-->AL,SM-->AL,SM-->AL,SM-->AL,SM-->AL,SM-->AL,SM-->AL,SM-->AL,SM-->AL,SM-->AL,SM-->AL,SM-->AL,SM-->AL,SM-->AL,SM-->AL,,,,,,,,,,,,,,,,,AL-->SM,AL-->SM,AL-->SM,AL-->SM,AL-->SM,AL-->SM,AL-->SM,AL-->SM,AL-->SM,AL-->SM,AL-->SM,AL-->SM,AL-->SM,AL-->SM,AL-->SM,AL-->SM,AL-->SM,AL-->SM,AL-->SM
ST,STP,São Tomé and Príncipe,São Tomé,Africa,Middle Africa,,ST-->AL,ST-->AL,ST-->AL,ST-->AL,ST-->AL,ST-->AL,ST-->AL,ST-->AL,ST-->AL,ST-->AL,ST-->AL,ST-->AL,ST-->AL,ST-->AL,ST-->AL,ST-->AL,ST-->AL,ST-->AL,ST-->AL,,,,,,,,,,,,,,,,,AL-->ST,AL-->ST,AL-->ST,AL-->ST,AL-->ST,AL-->ST,AL-->ST,AL-->ST,AL-->ST,AL-->ST,AL-->ST,AL-->ST,AL-->ST,AL-->ST,AL-->ST,AL-->ST,AL-->ST,AL-->ST,AL-->ST
SA,SAU,Saudi Arabia,Riyadh,Asia,Western Asia,,SA-->AL,SA-->AL,SA-->AL,SA-->AL,SA-->AL,SA-->AL,SA-->AL,SA-->AL,SA-->AL,SA-->AL,SA-->AL,SA-->AL,SA-->AL,SA-->AL,SA-->AL,SA-->AL,SA-->AL,SA-->AL,SA-->AL,,,,,,,,,,,,,,,,,AL-->SA,AL-->SA,AL-->SA,AL-->SA,AL-->SA,AL-->SA,AL-->SA,AL-->SA,AL-->SA,AL-->SA,AL-->SA,AL-->SA,AL-->SA,AL-->SA,AL-->SA,AL-->SA,AL-->SA,AL-->SA,AL-->SA
SN,SEN,Senegal,Dakar,Africa,Western Africa,,SN-->AL,SN-->AL,SN-->AL,SN-->AL,SN-->AL,SN-->AL,SN-->AL,SN-->AL,SN-->AL,SN-->AL,SN-->AL,SN-->AL,SN-->AL,SN-->AL,SN-->AL,SN-->AL,SN-->AL,SN-->AL,SN-->AL,,,,,,,,,,,,,,,,,AL-->SN,AL-->SN,AL-->SN,AL-->SN,AL-->SN,AL-->SN,AL-->SN,AL-->SN,AL-->SN,AL-->SN,AL-->SN,AL-->SN,AL-->SN,AL-->SN,AL-->SN,AL-->SN,AL-->SN,AL-->SN,AL-->SN
RS,SRB,Serbia,Belgrade,Europe,Southern Europe,,RS-->AL,RS-->AL,RS-->AL,RS-->AL,RS-->AL,RS-->AL,RS-->AL,RS-->AL,RS-->AL,RS-->AL,RS-->AL,RS-->AL,RS-->AL,RS-->AL,RS-->AL,RS-->AL,RS-->AL,RS-->AL,RS-->AL,,,,,,,,,,,,,,,,,AL-->RS,AL-->RS,AL-->RS,AL-->RS,AL-->RS,AL-->RS,AL-->RS,AL-->RS,AL-->RS,AL-->RS,AL-->RS,AL-->RS,AL-->RS,AL-->RS,AL-->RS,AL-->RS,AL-->RS,AL-->RS,AL-->RS
SC,SYC,Seychelles,Victoria,Africa,Eastern Africa,,SC-->AL,SC-->AL,SC-->AL,SC-->AL,SC-->AL,SC-->AL,SC-->AL,SC-->AL,SC-->AL,SC-->AL,SC-->AL,SC-->AL,SC-->AL,SC-->AL,SC-->AL,SC-->AL,SC-->AL,SC-->AL,SC-->AL,,,,,,,,,,,,,,,,,AL-->SC,AL-->SC,AL-->SC,AL-->SC,AL-->SC,AL-->SC,AL-->SC,AL-->SC,AL-->SC,AL-->SC,AL-->SC,AL-->SC,AL-->SC,AL-->SC,AL-->SC,AL-->SC,AL-->SC,AL-->SC,AL-->SC
SL,SLE,Sierra Leone,Freetown,Africa,Western Africa,,SL-->AL,SL-->AL,SL-->AL,SL-->AL,SL-->AL,SL-->AL,SL-->AL,SL-->AL,SL-->AL,SL-->AL,SL-->AL,SL-->AL,SL-->AL,SL-->AL,SL-->AL,SL-->AL,SL-->AL,SL-->AL,SL-->AL,,,,,,,,,,,,,,,,,AL-->SL,AL-->SL,AL-->SL,AL-->SL,AL-->SL,AL-->SL,AL-->SL,AL-->SL,AL-->SL,AL-->SL,AL-->SL,AL-->SL,AL-->SL,AL-->SL,AL-->SL,AL-->SL,AL-->SL,AL-->SL,AL-->SL
SG,SGP,Singapore,Singapore,Asia,South-Eastern Asia,,SG-->AL,SG-->AL,SG-->AL,SG-->AL,SG-->AL,SG-->AL,SG-->AL,SG-->AL,SG-->AL,SG-->AL,SG-->AL,SG-->AL,SG-->AL,SG-->AL,SG-->AL,SG-->AL,SG-->AL,SG-->AL,SG-->AL,,,,,,,,,,,,,,,,,AL-->SG,AL-->SG,AL-->SG,AL-->SG,AL-->SG,AL-->SG,AL-->SG,AL-->SG,AL-->SG,AL-->SG,AL-->SG,AL-->SG,AL-->SG,AL-->SG,AL-->SG,AL-->SG,AL-->SG,AL-->SG,AL-->SG
SX,SXM,Sint Maarten,Philipsburg,Americas,Caribbean,,SX-->AL,SX-->AL,SX-->AL,SX-->AL,SX-->AL,SX-->AL,SX-->AL,SX-->AL,SX-->AL,SX-->AL,SX-->AL,SX-->AL,SX-->AL,SX-->AL,SX-->AL,SX-->AL,SX-->AL,SX-->AL,SX-->AL,,,,,,,,,,,,,,,,,AL-->SX,AL-->SX,AL-->SX,AL-->SX,AL-->SX,AL-->SX,AL-->SX,AL-->SX,AL-->SX,AL-->SX,AL-->SX,AL-->SX,AL-->SX,AL-->SX,AL-->SX,AL-->SX,AL-->SX,AL-->SX,AL-->SX
SK,SVK,Slovakia,Bratislava,Europe,Eastern Europe,,SK-->AL,SK-->AL,SK-->AL,SK-->AL,SK-->AL,SK-->AL,SK-->AL,SK-->AL,SK-->AL,SK-->AL,SK-->AL,SK-->AL,SK-->AL,SK-->AL,SK-->AL,SK-->AL,SK-->AL,SK-->AL,SK-->AL,,,,,,,,,,,,,,,,,AL-->SK,AL-->SK,AL-->SK,AL-->SK,AL-->SK,AL-->SK,AL-->SK,AL-->SK,AL-->SK,AL-->SK,AL-->SK,AL-->SK,AL-->SK,AL-->SK,AL-->SK,AL-->SK,AL-->SK,AL-->SK,AL-->SK
SI,SVN,Slovenia,Ljubljana,Europe,Southern Europe,,SI-->AL,SI-->AL,SI-->AL,SI-->AL,SI-->AL,SI-->AL,SI-->AL,SI-->AL,SI-->AL,SI-->AL,SI-->AL,SI-->AL,SI-->AL,SI-->AL,SI-->AL,SI-->AL,SI-->AL,SI-->AL,SI-->AL,,,,,,,,,,,,,,,,,AL-->SI,AL-->SI,AL-->SI,AL-->SI,AL-->SI,AL-->SI,AL-->SI,AL-->SI,AL-->SI,AL-->SI,AL-->SI,AL-->SI,AL-->SI,AL-->SI,AL-->SI,AL-->SI,AL-->SI,AL-->SI,AL-->SI
SB,SLB,Solomon Islands,Honiara,Oceania,Melanesia,,SB-->AL,SB-->AL,SB-->AL,SB-->AL,SB-->AL,SB-->AL,SB-->AL,SB-->AL,SB-->AL,SB-->AL,SB-->AL,SB-->AL,SB-->AL,SB-->AL,SB-->AL,SB-->AL,SB-->AL,SB-->AL,SB-->AL,,,,,,,,,,,,,,,,,AL-->SB,AL-->SB,AL-->SB,AL-->SB,AL-->SB,AL-->SB,AL-->SB,AL-->SB,AL-->SB,AL-->SB,AL-->SB,AL-->SB,AL-->SB,AL-->SB,AL-->SB,AL-->SB,AL-->SB,AL-->SB,AL-->SB
SO,SOM,Somalia,Mogadishu,Africa,Eastern Africa,,SO-->AL,SO-->AL,SO-->AL,SO-->AL,SO-->AL,SO-->AL,SO-->AL,SO-->AL,SO-->AL,SO-->AL,SO-->AL,SO-->AL,SO-->AL,SO-->AL,SO-->AL,SO-->AL,SO-->AL,SO-->AL,SO-->AL,,,,,,,,,,,,,,,,,AL-->SO,AL-->SO,AL-->SO,AL-->SO,AL-->SO,AL-->SO,AL-->SO,AL-->SO,AL-->SO,AL-->SO,AL-->SO,AL-->SO,AL-->SO,AL-->SO,AL-->SO,AL-->SO,AL-->SO,AL-->SO,AL-->SO
ZA,ZAF,South Africa,Pretoria,Africa,Southern Africa,,ZA-->AL,ZA-->AL,ZA-->AL,ZA-->AL,ZA-->AL,ZA-->AL,ZA-->AL,ZA-->AL,ZA-->AL,ZA-->AL,ZA-->AL,ZA-->AL,ZA-->AL,ZA-->AL,ZA-->AL,ZA-->AL,ZA-->AL,ZA-->AL,ZA-->AL,,,,,,,,,,,,,,,,,AL-->ZA,AL-->ZA,AL-->ZA,AL-->ZA,AL-->ZA,AL-->ZA,AL-->ZA,AL-->ZA,AL-->ZA,AL-->ZA,AL-->ZA,AL-->ZA,AL-->ZA,AL-->ZA,AL-->ZA,AL-->ZA,AL-->ZA,AL-->ZA,AL-->ZA
GS,SGS,South Georgia,King Edward Point,Americas,South America,,GS-->AL,GS-->AL,GS-->AL,GS-->AL,GS-->AL,GS-->AL,GS-->AL,GS-->AL,GS-->AL,GS-->AL,GS-->AL,GS-->AL,GS-->AL,GS-->AL,GS-->AL,GS-->AL,GS-->AL,GS-->AL,GS-->AL,,,,,,,,,,,,,,,,,AL-->GS,AL-->GS,AL-->GS,AL-->GS,AL-->GS,AL-->GS,AL-->GS,AL-->GS,AL-->GS,AL-->GS,AL-->GS,AL-->GS,AL-->GS,AL-->GS,AL-->GS,AL-->GS,AL-->GS,AL-->GS,AL-->GS
KR,KOR,South Korea,Seoul,Asia,Eastern Asia,,KR-->AL,KR-->AL,KR-->AL,KR-->AL,KR-->AL,KR-->AL,KR-->AL,KR-->AL,KR-->AL,KR-->AL,KR-->AL,KR-->AL,KR-->AL,KR-->AL,KR-->AL,KR-->AL,KR-->AL,KR-->AL,KR-->AL,,,,,,,,,,,,,,,,,AL-->KR,AL-->KR,AL-->KR,AL-->KR,AL-->KR,AL-->KR,AL-->KR,AL-->KR,AL-->KR,AL-->KR,AL-->KR,AL-->KR,AL-->KR,AL-->KR,AL-->KR,AL-->KR,AL-->KR,AL-->KR,AL-->KR
SS,SSD,South Sudan,Juba,Africa,Middle Africa,,SS-->AL,SS-->AL,SS-->AL,SS-->AL,SS-->AL,SS-->AL,SS-->AL,SS-->AL,SS-->AL,SS-->AL,SS-->AL,SS-->AL,SS-->AL,SS-->AL,SS-->AL,SS-->AL,SS-->AL,SS-->AL,SS-->AL,,,,,,,,,,,,,,,,,AL-->SS,AL-->SS,AL-->SS,AL-->SS,AL-->SS,AL-->SS,AL-->SS,AL-->SS,AL-->SS,AL-->SS,AL-->SS,AL-->SS,AL-->SS,AL-->SS,AL-->SS,AL-->SS,AL-->SS,AL-->SS,AL-->SS
ES,ESP,Spain,Madrid,Europe,Southern Europe,,ES-->AL,ES-->AL,ES-->AL,ES-->AL,ES-->AL,ES-->AL,ES-->AL,ES-->AL,ES-->AL,ES-->AL,ES-->AL,ES-->AL,ES-->AL,ES-->AL,ES-->AL,ES-->AL,ES-->AL,ES-->AL,ES-->AL,,,,,,,,,,,,,,,,,AL-->ES,AL-->ES,AL-->ES,AL-->ES,AL-->ES,AL-->ES,AL-->ES,AL-->ES,AL-->ES,AL-->ES,AL-->ES,AL-->ES,AL-->ES,AL-->ES,AL-->ES,AL-->ES,AL-->ES,AL-->ES,AL-->ES
LK,LKA,Sri Lanka,Colombo,Asia,Southern Asia,,LK-->AL,LK-->AL,LK-->AL,LK-->AL,LK-->AL,LK-->AL,LK-->AL,LK-->AL,LK-->AL,LK-->AL,LK-->AL,LK-->AL,LK-->AL,LK-->AL,LK-->AL,LK-->AL,LK-->AL,LK-->AL,LK-->AL,,,,,,,,,,,,,,,,,AL-->LK,AL-->LK,AL-->LK,AL-->LK,AL-->LK,AL-->LK,AL-->LK,AL-->LK,AL-->LK,AL-->LK,AL-->LK,AL-->LK,AL-->LK,AL-->LK,AL-->LK,AL-->LK,AL-->LK,AL-->LK,AL-->LK
SD,SDN,Sudan,Khartoum,Africa,Northern Africa,,SD-->AL,SD-->AL,SD-->AL,SD-->AL,SD-->AL,SD-->AL,SD-->AL,SD-->AL,SD-->AL,SD-->AL,SD-->AL,SD-->AL,SD-->AL,SD-->AL,SD-->AL,SD-->AL,SD-->AL,SD-->AL,SD-->AL,,,,,,,,,,,,,,,,,AL-->SD,AL-->SD,AL-->SD,AL-->SD,AL-->SD,AL-->SD,AL-->SD,AL-->SD,AL-->SD,AL-->SD,AL-->SD,AL-->SD,AL-->SD,AL-->SD,AL-->SD,AL-->SD,AL-->SD,AL-->SD,AL-->SD
SR,SUR,Suriname,Paramaribo,Americas,South America,,SR-->AL,SR-->AL,SR-->AL,SR-->AL,SR-->AL,SR-->AL,SR-->AL,SR-->AL,SR-->AL,SR-->AL,SR-->AL,SR-->AL,SR-->AL,SR-->AL,SR-->AL,SR-->AL,SR-->AL,SR-->AL,SR-->AL,,,,,,,,,,,,,,,,,AL-->SR,AL-->SR,AL-->SR,AL-->SR,AL-->SR,AL-->SR,AL-->SR,AL-->SR,AL-->SR,AL-->SR,AL-->SR,AL-->SR,AL-->SR,AL-->SR,AL-->SR,AL-->SR,AL-->SR,AL-->SR,AL-->SR
SJ,SJM,Svalbard and Jan Mayen,Longyearbyen,Europe,Northern Europe,,SJ-->AL,SJ-->AL,SJ-->AL,SJ-->AL,SJ-->AL,SJ-->AL,SJ-->AL,SJ-->AL,SJ-->AL,SJ-->AL,SJ-->AL,SJ-->AL,SJ-->AL,SJ-->AL,SJ-->AL,SJ-->AL,SJ-->AL,SJ-->AL,SJ-->AL,,,,,,,,,,,,,,,,,AL-->SJ,AL-->SJ,AL-->SJ,AL-->SJ,AL-->SJ,AL-->SJ,AL-->SJ,AL-->SJ,AL-->SJ,AL-->SJ,AL-->SJ,AL-->SJ,AL-->SJ,AL-->SJ,AL-->SJ,AL-->SJ,AL-->SJ,AL-->SJ,AL-->SJ
SZ,SWZ,Swaziland,Lobamba,Africa,Southern Africa,,SZ-->AL,SZ-->AL,SZ-->AL,SZ-->AL,SZ-->AL,SZ-->AL,SZ-->AL,SZ-->AL,SZ-->AL,SZ-->AL,SZ-->AL,SZ-->AL,SZ-->AL,SZ-->AL,SZ-->AL,SZ-->AL,SZ-->AL,SZ-->AL,SZ-->AL,,,,,,,,,,,,,,,,,AL-->SZ,AL-->SZ,AL-->SZ,AL-->SZ,AL-->SZ,AL-->SZ,AL-->SZ,AL-->SZ,AL-->SZ,AL-->SZ,AL-->SZ,AL-->SZ,AL-->SZ,AL-->SZ,AL-->SZ,AL-->SZ,AL-->SZ,AL-->SZ,AL-->SZ
SE,SWE,Sweden,Stockholm,Europe,Northern Europe,,SE-->AL,SE-->AL,SE-->AL,SE-->AL,SE-->AL,SE-->AL,SE-->AL,SE-->AL,SE-->AL,SE-->AL,SE-->AL,SE-->AL,SE-->AL,SE-->AL,SE-->AL,SE-->AL,SE-->AL,SE-->AL,SE-->AL,,,,,,,,,,,,,,,,,AL-->SE,AL-->SE,AL-->SE,AL-->SE,AL-->SE,AL-->SE,AL-->SE,AL-->SE,AL-->SE,AL-->SE,AL-->SE,AL-->SE,AL-->SE,AL-->SE,AL-->SE,AL-->SE,AL-->SE,AL-->SE,AL-->SE
CH,CHE,Switzerland,Bern,Europe,Western Europe,,CH-->AL,CH-->AL,CH-->AL,CH-->AL,CH-->AL,CH-->AL,CH-->AL,CH-->AL,CH-->AL,CH-->AL,CH-->AL,CH-->AL,CH-->AL,CH-->AL,CH-->AL,CH-->AL,CH-->AL,CH-->AL,CH-->AL,,,,,,,,,,,,,,,,,AL-->CH,AL-->CH,AL-->CH,AL-->CH,AL-->CH,AL-->CH,AL-->CH,AL-->CH,AL-->CH,AL-->CH,AL-->CH,AL-->CH,AL-->CH,AL-->CH,AL-->CH,AL-->CH,AL-->CH,AL-->CH,AL-->CH
SY,SYR,Syria,Damascus,Asia,Western Asia,,SY-->AL,SY-->AL,SY-->AL,SY-->AL,SY-->AL,SY-->AL,SY-->AL,SY-->AL,SY-->AL,SY-->AL,SY-->AL,SY-->AL,SY-->AL,SY-->AL,SY-->AL,SY-->AL,SY-->AL,SY-->AL,SY-->AL,,,,,,,,,,,,,,,,,AL-->SY,AL-->SY,AL-->SY,AL-->SY,AL-->SY,AL-->SY,AL-->SY,AL-->SY,AL-->SY,AL-->SY,AL-->SY,AL-->SY,AL-->SY,AL-->SY,AL-->SY,AL-->SY,AL-->SY,AL-->SY,AL-->SY
TW,TWN,Taiwan,Taipei,Asia,Eastern Asia,,TW-->AL,TW-->AL,TW-->AL,TW-->AL,TW-->AL,TW-->AL,TW-->AL,TW-->AL,TW-->AL,TW-->AL,TW-->AL,TW-->AL,TW-->AL,TW-->AL,TW-->AL,TW-->AL,TW-->AL,TW-->AL,TW-->AL,,,,,,,,,,,,,,,,,AL-->TW,AL-->TW,AL-->TW,AL-->TW,AL-->TW,AL-->TW,AL-->TW,AL-->TW,AL-->TW,AL-->TW,AL-->TW,AL-->TW,AL-->TW,AL-->TW,AL-->TW,AL-->TW,AL-->TW,AL-->TW,AL-->TW
TJ,TJK,Tajikistan,Dushanbe,Asia,Central Asia,,TJ-->AL,TJ-->AL,TJ-->AL,TJ-->AL,TJ-->AL,TJ-->AL,TJ-->AL,TJ-->AL,TJ-->AL,TJ-->AL,TJ-->AL,TJ-->AL,TJ-->AL,TJ-->AL,TJ-->AL,TJ-->AL,TJ-->AL,TJ-->AL,TJ-->AL,,,,,,,,,,,,,,,,,AL-->TJ,AL-->TJ,AL-->TJ,AL-->TJ,AL-->TJ,AL-->TJ,AL-->TJ,AL-->TJ,AL-->TJ,AL-->TJ,AL-->TJ,AL-->TJ,AL-->TJ,AL-->TJ,AL-->TJ,AL-->TJ,AL-->TJ,AL-->TJ,AL-->TJ
TZ,TZA,Tanzania,Dodoma,Africa,Eastern Africa,,TZ-->AL,TZ-->AL,TZ-->AL,TZ-->AL,TZ-->AL,TZ-->AL,TZ-->AL,TZ-->AL,TZ-->AL,TZ-->AL,TZ-->AL,TZ-->AL,TZ-->AL,TZ-->AL,TZ-->AL,TZ-->AL,TZ-->AL,TZ-->AL,TZ-->AL,,,,,,,,,,,,,,,,,AL-->TZ,AL-->TZ,AL-->TZ,AL-->TZ,AL-->TZ,AL-->TZ,AL-->TZ,AL-->TZ,AL-->TZ,AL-->TZ,AL-->TZ,AL-->TZ,AL-->TZ,AL-->TZ,AL-->TZ,AL-->TZ,AL-->TZ,AL-->TZ,AL-->TZ
TH,THA,Thailand,Bangkok,Asia,South-Eastern Asia,,TH-->AL,TH-->AL,TH-->AL,TH-->AL,TH-->AL,TH-->AL,TH-->AL,TH-->AL,TH-->AL,TH-->AL,TH-->AL,TH-->AL,TH-->AL,TH-->AL,TH-->AL,TH-->AL,TH-->AL,TH-->AL,TH-->AL,,,,,,,,,,,,,,,,,AL-->TH,AL-->TH,AL-->TH,AL-->TH,AL-->TH,AL-->TH,AL-->TH,AL-->TH,AL-->TH,AL-->TH,AL-->TH,AL-->TH,AL-->TH,AL-->TH,AL-->TH,AL-->TH,AL-->TH,AL-->TH,AL-->TH
TL,TLS,East Timor,Dili,Asia,South-Eastern Asia,,TL-->AL,TL-->AL,TL-->AL,TL-->AL,TL-->AL,TL-->AL,TL-->AL,TL-->AL,TL-->AL,TL-->AL,TL-->AL,TL-->AL,TL-->AL,TL-->AL,TL-->AL,TL-->AL,TL-->AL,TL-->AL,TL-->AL,,,,,,,,,,,,,,,,,AL-->TL,AL-->TL,AL-->TL,AL-->TL,AL-->TL,AL-->TL,AL-->TL,AL-->TL,AL-->TL,AL-->TL,AL-->TL,AL-->TL,AL-->TL,AL-->TL,AL-->TL,AL-->TL,AL-->TL,AL-->TL,AL-->TL
TG,TGO,Togo,Lomé,Africa,Western Africa,,TG-->AL,TG-->AL,TG-->AL,TG-->AL,TG-->AL,TG-->AL,TG-->AL,TG-->AL,TG-->AL,TG-->AL,TG-->AL,TG-->AL,TG-->AL,TG-->AL,TG-->AL,TG-->AL,TG-->AL,TG-->AL,TG-->AL,,,,,,,,,,,,,,,,,AL-->TG,AL-->TG,AL-->TG,AL-->TG,AL-->TG,AL-->TG,AL-->TG,AL-->TG,AL-->TG,AL-->TG,AL-->TG,AL-->TG,AL-->TG,AL-->TG,AL-->TG,AL-->TG,AL-->TG,AL-->TG,AL-->TG
TK,TKL,Tokelau,Fakaofo,Oceania,Polynesia,,TK-->AL,TK-->AL,TK-->AL,TK-->AL,TK-->AL,TK-->AL,TK-->AL,TK-->AL,TK-->AL,TK-->AL,TK-->AL,TK-->AL,TK-->AL,TK-->AL,TK-->AL,TK-->AL,TK-->AL,TK-->AL,TK-->AL,,,,,,,,,,,,,,,,,AL-->TK,AL-->TK,AL-->TK,AL-->TK,AL-->TK,AL-->TK,AL-->TK,AL-->TK,AL-->TK,AL-->TK,AL-->TK,AL-->TK,AL-->TK,AL-->TK,AL-->TK,AL-->TK,AL-->TK,AL-->TK,AL-->TK
TO,TON,Tonga,Nuku'alofa,Oceania,Polynesia,,TO-->AL,TO-->AL,TO-->AL,TO-->AL,TO-->AL,TO-->AL,TO-->AL,TO-->AL,TO-->AL,TO-->AL,TO-->AL,TO-->AL,TO-->AL,TO-->AL,TO-->AL,TO-->AL,TO-->AL,TO-->AL,TO-->AL,,,,,,,,,,,,,,,,,AL-->TO,AL-->TO,AL-->TO,AL-->TO,AL-->TO,AL-->TO,AL-->TO,AL-->TO,AL-->TO,AL-->TO,AL-->TO,AL-->TO,AL-->TO,AL-->TO,AL-->TO,AL-->TO,AL-->TO,AL-->TO,AL-->TO
TT,TTO,Trinidad and Tobago,Port of Spain,Americas,Caribbean,,TT-->AL,TT-->AL,TT-->AL,TT-->AL,TT-->AL,TT-->AL,TT-->AL,TT-->AL,TT-->AL,TT-->AL,TT-->AL,TT-->AL,TT-->AL,TT-->AL,TT-->AL,TT-->AL,TT-->AL,TT-->AL,TT-->AL,,,,,,,,,,,,,,,,,AL-->TT,AL-->TT,AL-->TT,AL-->TT,AL-->TT,AL-->TT,AL-->TT,AL-->TT,AL-->TT,AL-->TT,AL-->TT,AL-->TT,AL-->TT,AL-->TT,AL-->TT,AL-->TT,AL-->TT,AL-->TT,AL-->TT
TN,TUN,Tunisia,Tunis,Africa,Northern Africa,,TN-->AL,TN-->AL,TN-->AL,TN-->AL,TN-->AL,TN-->AL,TN-->AL,TN-->AL,TN-->AL,TN-->AL,TN-->AL,TN-->AL,TN-->AL,TN-->AL,TN-->AL,TN-->AL,TN-->AL,TN-->AL,TN-->AL,,,,,,,,,,,,,,,,,AL-->TN,AL-->TN,AL-->TN,AL-->TN,AL-->TN,AL-->TN,AL-->TN,AL-->TN,AL-->TN,AL-->TN,AL-->TN,AL-->TN,AL-->TN,AL-->TN,AL-->TN,AL-->TN,AL-->TN,AL-->TN,AL-->TN
TR,TUR,Turkey,Ankara,Asia,Western Asia,,TR-->AL,TR-->AL,TR-->AL,TR-->AL,TR-->AL,TR-->AL,TR-->AL,TR-->AL,TR-->AL,TR-->AL,TR-->AL,TR-->AL,TR-->AL,TR-->AL,TR-->AL,TR-->AL,TR-->AL,TR-->AL,TR-->AL,,,,,,,,,,,,,,,,,AL-->TR,AL-->TR,AL-->TR,AL-->TR,AL-->TR,AL-->TR,AL-->TR,AL-->TR,AL-->TR,AL-->TR,AL-->TR,AL-->TR,AL-->TR,AL-->TR,AL-->TR,AL-->TR,AL-->TR,AL-->TR,AL-->TR
TM,TKM,Turkmenistan,Ashgabat,Asia,Central Asia,,TM-->AL,TM-->AL,TM-->AL,TM-->AL,TM-->AL,TM-->AL,TM-->AL,TM-->AL,TM-->AL,TM-->AL,TM-->AL,TM-->AL,TM-->AL,TM-->AL,TM-->AL,TM-->AL,TM-->AL,TM-->AL,TM-->AL,,,,,,,,,,,,,,,,,AL-->TM,AL-->TM,AL-->TM,AL-->TM,AL-->TM,AL-->TM,AL-->TM,AL-->TM,AL-->TM,AL-->TM,AL-->TM,AL-->TM,AL-->TM,AL-->TM,AL-->TM,AL-->TM,AL-->TM,AL-->TM,AL-->TM
TC,TCA,Turks and Caicos Islands,Cockburn Town,Americas,Caribbean,,TC-->AL,TC-->AL,TC-->AL,TC-->AL,TC-->AL,TC-->AL,TC-->AL,TC-->AL,TC-->AL,TC-->AL,TC-->AL,TC-->AL,TC-->AL,TC-->AL,TC-->AL,TC-->AL,TC-->AL,TC-->AL,TC-->AL,,,,,,,,,,,,,,,,,AL-->TC,AL-->TC,AL-->TC,AL-->TC,AL-->TC,AL-->TC,AL-->TC,AL-->TC,AL-->TC,AL-->TC,AL-->TC,AL-->TC,AL-->TC,AL-->TC,AL-->TC,AL-->TC,AL-->TC,AL-->TC,AL-->TC
TV,TUV,Tuvalu,Funafuti,Oceania,Polynesia,,TV-->AL,TV-->AL,TV-->AL,TV-->AL,TV-->AL,TV-->AL,TV-->AL,TV-->AL,TV-->AL,TV-->AL,TV-->AL,TV-->AL,TV-->AL,TV-->AL,TV-->AL,TV-->AL,TV-->AL,TV-->AL,TV-->AL,,,,,,,,,,,,,,,,,AL-->TV,AL-->TV,AL-->TV,AL-->TV,AL-->TV,AL-->TV,AL-->TV,AL-->TV,AL-->TV,AL-->TV,AL-->TV,AL-->TV,AL-->TV,AL-->TV,AL-->TV,AL-->TV,AL-->TV,AL-->TV,AL-->TV
UG,UGA,Uganda,Kampala,Africa,Eastern Africa,,UG-->AL,UG-->AL,UG-->AL,UG-->AL,UG-->AL,UG-->AL,UG-->AL,UG-->AL,UG-->AL,UG-->AL,UG-->AL,UG-->AL,UG-->AL,UG-->AL,UG-->AL,UG-->AL,UG-->AL,UG-->AL,UG-->AL,,,,,,,,,,,,,,,,,AL-->UG,AL-->UG,AL-->UG,AL-->UG,AL-->UG,AL-->UG,AL-->UG,AL-->UG,AL-->UG,AL-->UG,AL-->UG,AL-->UG,AL-->UG,AL-->UG,AL-->UG,AL-->UG,AL-->UG,AL-->UG,AL-->UG
UA,UKR,Ukraine,Kiev,Europe,Eastern Europe,,UA-->AL,UA-->AL,UA-->AL,UA-->AL,UA-->AL,UA-->AL,UA-->AL,UA-->AL,UA-->AL,UA-->AL,UA-->AL,UA-->AL,UA-->AL,UA-->AL,UA-->AL,UA-->AL,UA-->AL,UA-->AL,UA-->AL,,,,,,,,,,,,,,,,,AL-->UA,AL-->UA,AL-->UA,AL-->UA,AL-->UA,AL-->UA,AL-->UA,AL-->UA,AL-->UA,AL-->UA,AL-->UA,AL-->UA,AL-->UA,AL-->UA,AL-->UA,AL-->UA,AL-->UA,AL-->UA,AL-->UA
AE,ARE,United Arab Emirates,Abu Dhabi,Asia,Western Asia,,AE-->AL,AE-->AL,AE-->AL,AE-->AL,AE-->AL,AE-->AL,AE-->AL,AE-->AL,AE-->AL,AE-->AL,AE-->AL,AE-->AL,AE-->AL,AE-->AL,AE-->AL,AE-->AL,AE-->AL,AE-->AL,AE-->AL,,,,,,,,,,,,,,,,,AL-->AE,AL-->AE,AL-->AE,AL-->AE,AL-->AE,AL-->AE,AL-->AE,AL-->AE,AL-->AE,AL-->AE,AL-->AE,AL-->AE,AL-->AE,AL-->AE,AL-->AE,AL-->AE,AL-->AE,AL-->AE,AL-->AE
GB,GBR,United Kingdom,London,Europe,Northern Europe,,GB-->AL,GB-->AL,GB-->AL,GB-->AL,GB-->AL,GB-->AL,GB-->AL,GB-->AL,GB-->AL,GB-->AL,GB-->AL,GB-->AL,GB-->AL,GB-->AL,GB-->AL,GB-->AL,GB-->AL,GB-->AL,GB-->AL,,,,,,,,,,,,,,,,,AL-->GB,AL-->GB,AL-->GB,AL-->GB,AL-->GB,AL-->GB,AL-->GB,AL-->GB,AL-->GB,AL-->GB,AL-->GB,AL-->GB,AL-->GB,AL-->GB,AL-->GB,AL-->GB,AL-->GB,AL-->GB,AL-->GB
US,USA,United States,"Washington, D.C.",Americas,Northern America,,US-->AL,US-->AL,US-->AL,US-->AL,US-->AL,US-->AL,US-->AL,US-->AL,US-->AL,US-->AL,US-->AL,US-->AL,US-->AL,US-->AL,US-->AL,US-->AL,US-->AL,US-->AL,US-->AL,,,,,,,,,,,,,,,,,AL-->US,AL-->US,AL-->US,AL-->US,AL-->US,AL-->US,AL-->US,AL-->US,AL-->US,AL-->US,AL-->US,AL-->US,AL-->US,AL-->US,AL-->US,AL-->US,AL-->US,AL-->US,AL-->US
UY,URY,Uruguay,Montevideo,Americas,South America,,UY-->AL,UY-->AL,UY-->AL,UY-->AL,UY-->AL,UY-->AL,UY-->AL,UY-->AL,UY-->AL,UY-->AL,UY-->AL,UY-->AL,UY-->AL,UY-->AL,UY-->AL,UY-->AL,UY-->AL,UY-->AL,UY-->AL,,,,,,,,,,,,,,,,,AL-->UY,AL-->UY,AL-->UY,AL-->UY,AL-->UY,AL-->UY,AL-->UY,AL-->UY,AL-->UY,AL-->UY,AL-->UY,AL-->UY,AL-->UY,AL-->UY,AL-->UY,AL-->UY,AL-->UY,AL-->UY,AL-->UY
UZ,UZB,Uzbekistan,Tashkent,Asia,Central Asia,,UZ-->AL,UZ-->AL,UZ-->AL,UZ-->AL,UZ-->AL,UZ-->AL,UZ-->AL,UZ-->AL,UZ-->AL,UZ-->AL,UZ-->AL,UZ-->AL,UZ-->AL,UZ-->AL,UZ-->AL,UZ-->AL,UZ-->AL,UZ-->AL,UZ-->AL,,,,,,,,,,,,,,,,,AL-->UZ,AL-->UZ,AL-->UZ,AL-->UZ,AL-->UZ,AL-->UZ,AL-->UZ,AL-->UZ,AL-->UZ,AL-->UZ,AL-->UZ,AL-->UZ,AL-->UZ,AL-->UZ,AL-->UZ,AL-->UZ,AL-->UZ,AL-->UZ,AL-->UZ
VU,VUT,Vanuatu,Port Vila,Oceania,Melanesia,,VU-->AL,VU-->AL,VU-->AL,VU-->AL,VU-->AL,VU-->AL,VU-->AL,VU-->AL,VU-->AL,VU-->AL,VU-->AL,VU-->AL,VU-->AL,VU-->AL,VU-->AL,VU-->AL,VU-->AL,VU-->AL,VU-->AL,,,,,,,,,,,,,,,,,AL-->VU,AL-->VU,AL-->VU,AL-->VU,AL-->VU,AL-->VU,AL-->VU,AL-->VU,AL-->VU,AL-->VU,AL-->VU,AL-->VU,AL-->VU,AL-->VU,AL-->VU,AL-->VU,AL-->VU,AL-->VU,AL-->VU
VE,VEN,Venezuela,Caracas,Americas,South America,,VE-->AL,VE-->AL,VE-->AL,VE-->AL,VE-->AL,VE-->AL,VE-->AL,VE-->AL,VE-->AL,VE-->AL,VE-->AL,VE-->AL,VE-->AL,VE-->AL,VE-->AL,VE-->AL,VE-->AL,VE-->AL,VE-->AL,,,,,,,,,,,,,,,,,AL-->VE,AL-->VE,AL-->VE,AL-->VE,AL-->VE,AL-->VE,AL-->VE,AL-->VE,AL-->VE,AL-->VE,AL-->VE,AL-->VE,AL-->VE,AL-->VE,AL-->VE,AL-->VE,AL-->VE,AL-->VE,AL-->VE
VN,VNM,Vietnam,Hanoi,Asia,South-Eastern Asia,,VN-->AL,VN-->AL,VN-->AL,VN-->AL,VN-->AL,VN-->AL,VN-->AL,VN-->AL,VN-->AL,VN-->AL,VN-->AL,VN-->AL,VN-->AL,VN-->AL,VN-->AL,VN-->AL,VN-->AL,VN-->AL,VN-->AL,,,,,,,,,,,,,,,,,AL-->VN,AL-->VN,AL-->VN,AL-->VN,AL-->VN,AL-->VN,AL-->VN,AL-->VN,AL-->VN,AL-->VN,AL-->VN,AL-->VN,AL-->VN,AL-->VN,AL-->VN,AL-->VN,AL-->VN,AL-->VN,AL-->VN
WF,WLF,Wallis and Futuna,Mata-Utu,Oceania,Polynesia,,WF-->AL,WF-->AL,WF-->AL,WF-->AL,WF-->AL,WF-->AL,WF-->AL,WF-->AL,WF-->AL,WF-->AL,WF-->AL,WF-->AL,WF-->AL,WF-->AL,WF-->AL,WF-->AL,WF-->AL,WF-->AL,WF-->AL,,,,,,,,,,,,,,,,,AL-->WF,AL-->WF,AL-->WF,AL-->WF,AL-->WF,AL-->WF,AL-->WF,AL-->WF,AL-->WF,AL-->WF,AL-->WF,AL-->WF,AL-->WF,AL-->WF,AL-->WF,AL-->WF,AL-->WF,AL-->WF,AL-->WF
EH,ESH,Western Sahara,El Aaiún,Africa,Northern Africa,,EH-->AL,EH-->AL,EH-->AL,EH-->AL,EH-->AL,EH-->AL,EH-->AL,EH-->AL,EH-->AL,EH-->AL,EH-->AL,EH-->AL,EH-->AL,EH-->AL,EH-->AL,EH-->AL,EH-->AL,EH-->AL,EH-->AL,,,,,,,,,,,,,,,,,AL-->EH,AL-->EH,AL-->EH,AL-->EH,AL-->EH,AL-->EH,AL-->EH,AL-->EH,AL-->EH,AL-->EH,AL-->EH,AL-->EH,AL-->EH,AL-->EH,AL-->EH,AL-->EH,AL-->EH,AL-->EH,AL-->EH
YE,YEM,Yemen,Sana'a,Asia,Western Asia,,YE-->AL,YE-->AL,YE-->AL,YE-->AL,YE-->AL,YE-->AL,YE-->AL,YE-->AL,YE-->AL,YE-->AL,YE-->AL,YE-->AL,YE-->AL,YE-->AL,YE-->AL,YE-->AL,YE-->AL,YE-->AL,YE-->AL,,,,,,,,,,,,,,,,,AL-->YE,AL-->YE,AL-->YE,AL-->YE,AL-->YE,AL-->YE,AL-->YE,AL-->YE,AL-->YE,AL-->YE,AL-->YE,AL-->YE,AL-->YE,AL-->YE,AL-->YE,AL-->YE,AL-->YE,AL-->YE,AL-->YE
ZM,ZMB,Zambia,Lusaka,Africa,Eastern Africa,,ZM-->AL,ZM-->AL,ZM-->AL,ZM-->AL,ZM-->AL,ZM-->AL,ZM-->AL,ZM-->AL,ZM-->AL,ZM-->AL,ZM-->AL,ZM-->AL,ZM-->AL,ZM-->AL,ZM-->AL,ZM-->AL,ZM-->AL,ZM-->AL,ZM-->AL,,,,,,,,,,,,,,,,,AL-->ZM,AL-->ZM,AL-->ZM,AL-->ZM,AL-->ZM,AL-->ZM,AL-->ZM,AL-->ZM,AL-->ZM,AL-->ZM,AL-->ZM,AL-->ZM,AL-->ZM,AL-->ZM,AL-->ZM,AL-->ZM,AL-->ZM,AL-->ZM,AL-->ZM
ZW,ZWE,Zimbabwe,Harare,Africa,Eastern Africa,,ZW-->AL,ZW-->AL,ZW-->AL,ZW-->AL,ZW-->AL,ZW-->AL,ZW-->AL,ZW-->AL,ZW-->AL,ZW-->AL,ZW-->AL,ZW-->AL,ZW-->AL,ZW-->AL,ZW-->AL,ZW-->AL,ZW-->AL,ZW-->AL,ZW-->AL,,,,,,,,,,,,,,,,,AL-->ZW,AL-->ZW,AL-->ZW,AL-->ZW,AL-->ZW,AL-->ZW,AL-->ZW,AL-->ZW,AL-->ZW,AL-->ZW,AL-->ZW,AL-->ZW,AL-->ZW,AL-->ZW,AL-->ZW,AL-->ZW,AL-->ZW,AL-->ZW,AL-->ZW
