nu,code,name,capital,region,subregion,Unnamed: 6,quara/into/where/e,quara/into/where/v,quara/into/where/uv,quara/into/min/e,quara/into/min/v,quara/into/min/uv,quara/into/max/e,quara/into/max/v,quara/into/max/uv,quara/into/comment,test/into/pcr/e,test/into/pcr/v,test/into/pcr/uv,test/into/ag/e,test/into/ag/v,test/into/ag/uv,test/into/comment,visa/into,visa/into/comment,loadStates/into,Unnamed: 27,Unnamed: 28,Unnamed: 29,Unnamed: 30,Unnamed: 31,Unnamed: 32,Unnamed: 33,Unnamed: 34,Unnamed: 35,Unnamed: 36,Unnamed: 37,Unnamed: 38,Unnamed: 39,Unnamed: 40,Unnamed: 41,quara/out/where/e,quara/out/where/v,quara/out/where/uv,quara/out/min/e,quara/out/min/v,quara/out/min/uv,quara/out/max/e,quara/out/max/v,quara/out/max/uv,quara/out/comment,test/out/pcr/e,test/out/pcr/v,test/out/pcr/uv,test/out/ag/e,test/out/ag/v,test/out/ag/uv,test/out/comment,visa/out,visa/out/comment
AF,AFG,Afghanistan,Kabul,Asia,Southern Asia,,AF-->CO,AF-->CO,AF-->CO,AF-->CO,AF-->CO,AF-->CO,AF-->CO,AF-->CO,AF-->CO,AF-->CO,AF-->CO,AF-->CO,AF-->CO,AF-->CO,AF-->CO,AF-->CO,AF-->CO,AF-->CO,AF-->CO,,,,,,,,,,,,,,,,,CO-->AF,CO-->AF,CO-->AF,CO-->AF,CO-->AF,CO-->AF,CO-->AF,CO-->AF,CO-->AF,CO-->AF,CO-->AF,CO-->AF,CO-->AF,CO-->AF,CO-->AF,CO-->AF,CO-->AF,CO-->AF,CO-->AF
AX,ALA,Åland Islands,Mariehamn,Europe,Northern Europe,,AX-->CO,AX-->CO,AX-->CO,AX-->CO,AX-->CO,AX-->CO,AX-->CO,AX-->CO,AX-->CO,AX-->CO,AX-->CO,AX-->CO,AX-->CO,AX-->CO,AX-->CO,AX-->CO,AX-->CO,AX-->CO,AX-->CO,,,,,,,,,,,,,,,,,CO-->AX,CO-->AX,CO-->AX,CO-->AX,CO-->AX,CO-->AX,CO-->AX,CO-->AX,CO-->AX,CO-->AX,CO-->AX,CO-->AX,CO-->AX,CO-->AX,CO-->AX,CO-->AX,CO-->AX,CO-->AX,CO-->AX
AL,ALB,Albania,Tirana,Europe,Southern Europe,,AL-->CO,AL-->CO,AL-->CO,AL-->CO,AL-->CO,AL-->CO,AL-->CO,AL-->CO,AL-->CO,AL-->CO,AL-->CO,AL-->CO,AL-->CO,AL-->CO,AL-->CO,AL-->CO,AL-->CO,AL-->CO,AL-->CO,,,,,,,,,,,,,,,,,CO-->AL,CO-->AL,CO-->AL,CO-->AL,CO-->AL,CO-->AL,CO-->AL,CO-->AL,CO-->AL,CO-->AL,CO-->AL,CO-->AL,CO-->AL,CO-->AL,CO-->AL,CO-->AL,CO-->AL,CO-->AL,CO-->AL
DZ,DZA,Algeria,Algiers,Africa,Northern Africa,,DZ-->CO,DZ-->CO,DZ-->CO,DZ-->CO,DZ-->CO,DZ-->CO,DZ-->CO,DZ-->CO,DZ-->CO,DZ-->CO,DZ-->CO,DZ-->CO,DZ-->CO,DZ-->CO,DZ-->CO,DZ-->CO,DZ-->CO,DZ-->CO,DZ-->CO,,,,,,,,,,,,,,,,,CO-->DZ,CO-->DZ,CO-->DZ,CO-->DZ,CO-->DZ,CO-->DZ,CO-->DZ,CO-->DZ,CO-->DZ,CO-->DZ,CO-->DZ,CO-->DZ,CO-->DZ,CO-->DZ,CO-->DZ,CO-->DZ,CO-->DZ,CO-->DZ,CO-->DZ
AS,ASM,American Samoa,Pago Pago,Oceania,Polynesia,,AS-->CO,AS-->CO,AS-->CO,AS-->CO,AS-->CO,AS-->CO,AS-->CO,AS-->CO,AS-->CO,AS-->CO,AS-->CO,AS-->CO,AS-->CO,AS-->CO,AS-->CO,AS-->CO,AS-->CO,AS-->CO,AS-->CO,,,,,,,,,,,,,,,,,CO-->AS,CO-->AS,CO-->AS,CO-->AS,CO-->AS,CO-->AS,CO-->AS,CO-->AS,CO-->AS,CO-->AS,CO-->AS,CO-->AS,CO-->AS,CO-->AS,CO-->AS,CO-->AS,CO-->AS,CO-->AS,CO-->AS
AD,AND,Andorra,Andorra la Vella,Europe,Southern Europe,,AD-->CO,AD-->CO,AD-->CO,AD-->CO,AD-->CO,AD-->CO,AD-->CO,AD-->CO,AD-->CO,AD-->CO,AD-->CO,AD-->CO,AD-->CO,AD-->CO,AD-->CO,AD-->CO,AD-->CO,AD-->CO,AD-->CO,,,,,,,,,,,,,,,,,CO-->AD,CO-->AD,CO-->AD,CO-->AD,CO-->AD,CO-->AD,CO-->AD,CO-->AD,CO-->AD,CO-->AD,CO-->AD,CO-->AD,CO-->AD,CO-->AD,CO-->AD,CO-->AD,CO-->AD,CO-->AD,CO-->AD
AO,AGO,Angola,Luanda,Africa,Middle Africa,,AO-->CO,AO-->CO,AO-->CO,AO-->CO,AO-->CO,AO-->CO,AO-->CO,AO-->CO,AO-->CO,AO-->CO,AO-->CO,AO-->CO,AO-->CO,AO-->CO,AO-->CO,AO-->CO,AO-->CO,AO-->CO,AO-->CO,,,,,,,,,,,,,,,,,CO-->AO,CO-->AO,CO-->AO,CO-->AO,CO-->AO,CO-->AO,CO-->AO,CO-->AO,CO-->AO,CO-->AO,CO-->AO,CO-->AO,CO-->AO,CO-->AO,CO-->AO,CO-->AO,CO-->AO,CO-->AO,CO-->AO
AI,AIA,Anguilla,The Valley,Americas,Caribbean,,AI-->CO,AI-->CO,AI-->CO,AI-->CO,AI-->CO,AI-->CO,AI-->CO,AI-->CO,AI-->CO,AI-->CO,AI-->CO,AI-->CO,AI-->CO,AI-->CO,AI-->CO,AI-->CO,AI-->CO,AI-->CO,AI-->CO,,,,,,,,,,,,,,,,,CO-->AI,CO-->AI,CO-->AI,CO-->AI,CO-->AI,CO-->AI,CO-->AI,CO-->AI,CO-->AI,CO-->AI,CO-->AI,CO-->AI,CO-->AI,CO-->AI,CO-->AI,CO-->AI,CO-->AI,CO-->AI,CO-->AI
AQ,ATA,Antarctica,,Polar,,,AQ-->CO,AQ-->CO,AQ-->CO,AQ-->CO,AQ-->CO,AQ-->CO,AQ-->CO,AQ-->CO,AQ-->CO,AQ-->CO,AQ-->CO,AQ-->CO,AQ-->CO,AQ-->CO,AQ-->CO,AQ-->CO,AQ-->CO,AQ-->CO,AQ-->CO,,,,,,,,,,,,,,,,,CO-->AQ,CO-->AQ,CO-->AQ,CO-->AQ,CO-->AQ,CO-->AQ,CO-->AQ,CO-->AQ,CO-->AQ,CO-->AQ,CO-->AQ,CO-->AQ,CO-->AQ,CO-->AQ,CO-->AQ,CO-->AQ,CO-->AQ,CO-->AQ,CO-->AQ
AG,ATG,Antigua and Barbuda,Saint John's,Americas,Caribbean,,AG-->CO,AG-->CO,AG-->CO,AG-->CO,AG-->CO,AG-->CO,AG-->CO,AG-->CO,AG-->CO,AG-->CO,AG-->CO,AG-->CO,AG-->CO,AG-->CO,AG-->CO,AG-->CO,AG-->CO,AG-->CO,AG-->CO,,,,,,,,,,,,,,,,,CO-->AG,CO-->AG,CO-->AG,CO-->AG,CO-->AG,CO-->AG,CO-->AG,CO-->AG,CO-->AG,CO-->AG,CO-->AG,CO-->AG,CO-->AG,CO-->AG,CO-->AG,CO-->AG,CO-->AG,CO-->AG,CO-->AG
AR,ARG,Argentina,Buenos Aires,Americas,South America,,AR-->CO,AR-->CO,AR-->CO,AR-->CO,AR-->CO,AR-->CO,AR-->CO,AR-->CO,AR-->CO,AR-->CO,AR-->CO,AR-->CO,AR-->CO,AR-->CO,AR-->CO,AR-->CO,AR-->CO,AR-->CO,AR-->CO,,,,,,,,,,,,,,,,,CO-->AR,CO-->AR,CO-->AR,CO-->AR,CO-->AR,CO-->AR,CO-->AR,CO-->AR,CO-->AR,CO-->AR,CO-->AR,CO-->AR,CO-->AR,CO-->AR,CO-->AR,CO-->AR,CO-->AR,CO-->AR,CO-->AR
AM,ARM,Armenia,Yerevan,Asia,Western Asia,,AM-->CO,AM-->CO,AM-->CO,AM-->CO,AM-->CO,AM-->CO,AM-->CO,AM-->CO,AM-->CO,AM-->CO,AM-->CO,AM-->CO,AM-->CO,AM-->CO,AM-->CO,AM-->CO,AM-->CO,AM-->CO,AM-->CO,,,,,,,,,,,,,,,,,CO-->AM,CO-->AM,CO-->AM,CO-->AM,CO-->AM,CO-->AM,CO-->AM,CO-->AM,CO-->AM,CO-->AM,CO-->AM,CO-->AM,CO-->AM,CO-->AM,CO-->AM,CO-->AM,CO-->AM,CO-->AM,CO-->AM
AW,ABW,Aruba,Oranjestad,Americas,Caribbean,,AW-->CO,AW-->CO,AW-->CO,AW-->CO,AW-->CO,AW-->CO,AW-->CO,AW-->CO,AW-->CO,AW-->CO,AW-->CO,AW-->CO,AW-->CO,AW-->CO,AW-->CO,AW-->CO,AW-->CO,AW-->CO,AW-->CO,,,,,,,,,,,,,,,,,CO-->AW,CO-->AW,CO-->AW,CO-->AW,CO-->AW,CO-->AW,CO-->AW,CO-->AW,CO-->AW,CO-->AW,CO-->AW,CO-->AW,CO-->AW,CO-->AW,CO-->AW,CO-->AW,CO-->AW,CO-->AW,CO-->AW
AU,AUS,Australia,Canberra,Oceania,Australia and New Zealand,,AU-->CO,AU-->CO,AU-->CO,AU-->CO,AU-->CO,AU-->CO,AU-->CO,AU-->CO,AU-->CO,AU-->CO,AU-->CO,AU-->CO,AU-->CO,AU-->CO,AU-->CO,AU-->CO,AU-->CO,AU-->CO,AU-->CO,,,,,,,,,,,,,,,,,CO-->AU,CO-->AU,CO-->AU,CO-->AU,CO-->AU,CO-->AU,CO-->AU,CO-->AU,CO-->AU,CO-->AU,CO-->AU,CO-->AU,CO-->AU,CO-->AU,CO-->AU,CO-->AU,CO-->AU,CO-->AU,CO-->AU
AT,AUT,Austria,Vienna,Europe,Western Europe,,AT-->CO,AT-->CO,AT-->CO,AT-->CO,AT-->CO,AT-->CO,AT-->CO,AT-->CO,AT-->CO,AT-->CO,AT-->CO,AT-->CO,AT-->CO,AT-->CO,AT-->CO,AT-->CO,AT-->CO,AT-->CO,AT-->CO,,,,,,,,,,,,,,,,,CO-->AT,CO-->AT,CO-->AT,CO-->AT,CO-->AT,CO-->AT,CO-->AT,CO-->AT,CO-->AT,CO-->AT,CO-->AT,CO-->AT,CO-->AT,CO-->AT,CO-->AT,CO-->AT,CO-->AT,CO-->AT,CO-->AT
AZ,AZE,Azerbaijan,Baku,Asia,Western Asia,,AZ-->CO,AZ-->CO,AZ-->CO,AZ-->CO,AZ-->CO,AZ-->CO,AZ-->CO,AZ-->CO,AZ-->CO,AZ-->CO,AZ-->CO,AZ-->CO,AZ-->CO,AZ-->CO,AZ-->CO,AZ-->CO,AZ-->CO,AZ-->CO,AZ-->CO,,,,,,,,,,,,,,,,,CO-->AZ,CO-->AZ,CO-->AZ,CO-->AZ,CO-->AZ,CO-->AZ,CO-->AZ,CO-->AZ,CO-->AZ,CO-->AZ,CO-->AZ,CO-->AZ,CO-->AZ,CO-->AZ,CO-->AZ,CO-->AZ,CO-->AZ,CO-->AZ,CO-->AZ
BS,BHS,The Bahamas,Nassau,Americas,Caribbean,,BS-->CO,BS-->CO,BS-->CO,BS-->CO,BS-->CO,BS-->CO,BS-->CO,BS-->CO,BS-->CO,BS-->CO,BS-->CO,BS-->CO,BS-->CO,BS-->CO,BS-->CO,BS-->CO,BS-->CO,BS-->CO,BS-->CO,,,,,,,,,,,,,,,,,CO-->BS,CO-->BS,CO-->BS,CO-->BS,CO-->BS,CO-->BS,CO-->BS,CO-->BS,CO-->BS,CO-->BS,CO-->BS,CO-->BS,CO-->BS,CO-->BS,CO-->BS,CO-->BS,CO-->BS,CO-->BS,CO-->BS
BH,BHR,Bahrain,Manama,Asia,Western Asia,,BH-->CO,BH-->CO,BH-->CO,BH-->CO,BH-->CO,BH-->CO,BH-->CO,BH-->CO,BH-->CO,BH-->CO,BH-->CO,BH-->CO,BH-->CO,BH-->CO,BH-->CO,BH-->CO,BH-->CO,BH-->CO,BH-->CO,,,,,,,,,,,,,,,,,CO-->BH,CO-->BH,CO-->BH,CO-->BH,CO-->BH,CO-->BH,CO-->BH,CO-->BH,CO-->BH,CO-->BH,CO-->BH,CO-->BH,CO-->BH,CO-->BH,CO-->BH,CO-->BH,CO-->BH,CO-->BH,CO-->BH
BD,BGD,Bangladesh,Dhaka,Asia,Southern Asia,,BD-->CO,BD-->CO,BD-->CO,BD-->CO,BD-->CO,BD-->CO,BD-->CO,BD-->CO,BD-->CO,BD-->CO,BD-->CO,BD-->CO,BD-->CO,BD-->CO,BD-->CO,BD-->CO,BD-->CO,BD-->CO,BD-->CO,,,,,,,,,,,,,,,,,CO-->BD,CO-->BD,CO-->BD,CO-->BD,CO-->BD,CO-->BD,CO-->BD,CO-->BD,CO-->BD,CO-->BD,CO-->BD,CO-->BD,CO-->BD,CO-->BD,CO-->BD,CO-->BD,CO-->BD,CO-->BD,CO-->BD
BB,BRB,Barbados,Bridgetown,Americas,Caribbean,,BB-->CO,BB-->CO,BB-->CO,BB-->CO,BB-->CO,BB-->CO,BB-->CO,BB-->CO,BB-->CO,BB-->CO,BB-->CO,BB-->CO,BB-->CO,BB-->CO,BB-->CO,BB-->CO,BB-->CO,BB-->CO,BB-->CO,,,,,,,,,,,,,,,,,CO-->BB,CO-->BB,CO-->BB,CO-->BB,CO-->BB,CO-->BB,CO-->BB,CO-->BB,CO-->BB,CO-->BB,CO-->BB,CO-->BB,CO-->BB,CO-->BB,CO-->BB,CO-->BB,CO-->BB,CO-->BB,CO-->BB
BY,BLR,Belarus,Minsk,Europe,Eastern Europe,,BY-->CO,BY-->CO,BY-->CO,BY-->CO,BY-->CO,BY-->CO,BY-->CO,BY-->CO,BY-->CO,BY-->CO,BY-->CO,BY-->CO,BY-->CO,BY-->CO,BY-->CO,BY-->CO,BY-->CO,BY-->CO,BY-->CO,,,,,,,,,,,,,,,,,CO-->BY,CO-->BY,CO-->BY,CO-->BY,CO-->BY,CO-->BY,CO-->BY,CO-->BY,CO-->BY,CO-->BY,CO-->BY,CO-->BY,CO-->BY,CO-->BY,CO-->BY,CO-->BY,CO-->BY,CO-->BY,CO-->BY
BE,BEL,Belgium,Brussels,Europe,Western Europe,,BE-->CO,BE-->CO,BE-->CO,BE-->CO,BE-->CO,BE-->CO,BE-->CO,BE-->CO,BE-->CO,BE-->CO,BE-->CO,BE-->CO,BE-->CO,BE-->CO,BE-->CO,BE-->CO,BE-->CO,BE-->CO,BE-->CO,,,,,,,,,,,,,,,,,CO-->BE,CO-->BE,CO-->BE,CO-->BE,CO-->BE,CO-->BE,CO-->BE,CO-->BE,CO-->BE,CO-->BE,CO-->BE,CO-->BE,CO-->BE,CO-->BE,CO-->BE,CO-->BE,CO-->BE,CO-->BE,CO-->BE
BZ,BLZ,Belize,Belmopan,Americas,Central America,,BZ-->CO,BZ-->CO,BZ-->CO,BZ-->CO,BZ-->CO,BZ-->CO,BZ-->CO,BZ-->CO,BZ-->CO,BZ-->CO,BZ-->CO,BZ-->CO,BZ-->CO,BZ-->CO,BZ-->CO,BZ-->CO,BZ-->CO,BZ-->CO,BZ-->CO,,,,,,,,,,,,,,,,,CO-->BZ,CO-->BZ,CO-->BZ,CO-->BZ,CO-->BZ,CO-->BZ,CO-->BZ,CO-->BZ,CO-->BZ,CO-->BZ,CO-->BZ,CO-->BZ,CO-->BZ,CO-->BZ,CO-->BZ,CO-->BZ,CO-->BZ,CO-->BZ,CO-->BZ
BJ,BEN,Benin,Porto-Novo,Africa,Western Africa,,BJ-->CO,BJ-->CO,BJ-->CO,BJ-->CO,BJ-->CO,BJ-->CO,BJ-->CO,BJ-->CO,BJ-->CO,BJ-->CO,BJ-->CO,BJ-->CO,BJ-->CO,BJ-->CO,BJ-->CO,BJ-->CO,BJ-->CO,BJ-->CO,BJ-->CO,,,,,,,,,,,,,,,,,CO-->BJ,CO-->BJ,CO-->BJ,CO-->BJ,CO-->BJ,CO-->BJ,CO-->BJ,CO-->BJ,CO-->BJ,CO-->BJ,CO-->BJ,CO-->BJ,CO-->BJ,CO-->BJ,CO-->BJ,CO-->BJ,CO-->BJ,CO-->BJ,CO-->BJ
BM,BMU,Bermuda,Hamilton,Americas,Northern America,,BM-->CO,BM-->CO,BM-->CO,BM-->CO,BM-->CO,BM-->CO,BM-->CO,BM-->CO,BM-->CO,BM-->CO,BM-->CO,BM-->CO,BM-->CO,BM-->CO,BM-->CO,BM-->CO,BM-->CO,BM-->CO,BM-->CO,,,,,,,,,,,,,,,,,CO-->BM,CO-->BM,CO-->BM,CO-->BM,CO-->BM,CO-->BM,CO-->BM,CO-->BM,CO-->BM,CO-->BM,CO-->BM,CO-->BM,CO-->BM,CO-->BM,CO-->BM,CO-->BM,CO-->BM,CO-->BM,CO-->BM
BT,BTN,Bhutan,Thimphu,Asia,Southern Asia,,BT-->CO,BT-->CO,BT-->CO,BT-->CO,BT-->CO,BT-->CO,BT-->CO,BT-->CO,BT-->CO,BT-->CO,BT-->CO,BT-->CO,BT-->CO,BT-->CO,BT-->CO,BT-->CO,BT-->CO,BT-->CO,BT-->CO,,,,,,,,,,,,,,,,,CO-->BT,CO-->BT,CO-->BT,CO-->BT,CO-->BT,CO-->BT,CO-->BT,CO-->BT,CO-->BT,CO-->BT,CO-->BT,CO-->BT,CO-->BT,CO-->BT,CO-->BT,CO-->BT,CO-->BT,CO-->BT,CO-->BT
BO,BOL,Bolivia,Sucre,Americas,South America,,BO-->CO,BO-->CO,BO-->CO,BO-->CO,BO-->CO,BO-->CO,BO-->CO,BO-->CO,BO-->CO,BO-->CO,BO-->CO,BO-->CO,BO-->CO,BO-->CO,BO-->CO,BO-->CO,BO-->CO,BO-->CO,BO-->CO,,,,,,,,,,,,,,,,,CO-->BO,CO-->BO,CO-->BO,CO-->BO,CO-->BO,CO-->BO,CO-->BO,CO-->BO,CO-->BO,CO-->BO,CO-->BO,CO-->BO,CO-->BO,CO-->BO,CO-->BO,CO-->BO,CO-->BO,CO-->BO,CO-->BO
BQ,BES,Bonaire,Kralendijk,Americas,Caribbean,,BQ-->CO,BQ-->CO,BQ-->CO,BQ-->CO,BQ-->CO,BQ-->CO,BQ-->CO,BQ-->CO,BQ-->CO,BQ-->CO,BQ-->CO,BQ-->CO,BQ-->CO,BQ-->CO,BQ-->CO,BQ-->CO,BQ-->CO,BQ-->CO,BQ-->CO,,,,,,,,,,,,,,,,,CO-->BQ,CO-->BQ,CO-->BQ,CO-->BQ,CO-->BQ,CO-->BQ,CO-->BQ,CO-->BQ,CO-->BQ,CO-->BQ,CO-->BQ,CO-->BQ,CO-->BQ,CO-->BQ,CO-->BQ,CO-->BQ,CO-->BQ,CO-->BQ,CO-->BQ
BA,BIH,Bosnia and Herzegovina,Sarajevo,Europe,Southern Europe,,BA-->CO,BA-->CO,BA-->CO,BA-->CO,BA-->CO,BA-->CO,BA-->CO,BA-->CO,BA-->CO,BA-->CO,BA-->CO,BA-->CO,BA-->CO,BA-->CO,BA-->CO,BA-->CO,BA-->CO,BA-->CO,BA-->CO,,,,,,,,,,,,,,,,,CO-->BA,CO-->BA,CO-->BA,CO-->BA,CO-->BA,CO-->BA,CO-->BA,CO-->BA,CO-->BA,CO-->BA,CO-->BA,CO-->BA,CO-->BA,CO-->BA,CO-->BA,CO-->BA,CO-->BA,CO-->BA,CO-->BA
BW,BWA,Botswana,Gaborone,Africa,Southern Africa,,BW-->CO,BW-->CO,BW-->CO,BW-->CO,BW-->CO,BW-->CO,BW-->CO,BW-->CO,BW-->CO,BW-->CO,BW-->CO,BW-->CO,BW-->CO,BW-->CO,BW-->CO,BW-->CO,BW-->CO,BW-->CO,BW-->CO,,,,,,,,,,,,,,,,,CO-->BW,CO-->BW,CO-->BW,CO-->BW,CO-->BW,CO-->BW,CO-->BW,CO-->BW,CO-->BW,CO-->BW,CO-->BW,CO-->BW,CO-->BW,CO-->BW,CO-->BW,CO-->BW,CO-->BW,CO-->BW,CO-->BW
BV,BVT,Bouvet Island,,,,,BV-->CO,BV-->CO,BV-->CO,BV-->CO,BV-->CO,BV-->CO,BV-->CO,BV-->CO,BV-->CO,BV-->CO,BV-->CO,BV-->CO,BV-->CO,BV-->CO,BV-->CO,BV-->CO,BV-->CO,BV-->CO,BV-->CO,,,,,,,,,,,,,,,,,CO-->BV,CO-->BV,CO-->BV,CO-->BV,CO-->BV,CO-->BV,CO-->BV,CO-->BV,CO-->BV,CO-->BV,CO-->BV,CO-->BV,CO-->BV,CO-->BV,CO-->BV,CO-->BV,CO-->BV,CO-->BV,CO-->BV
BR,BRA,Brazil,Brasília,Americas,South America,,BR-->CO,BR-->CO,BR-->CO,BR-->CO,BR-->CO,BR-->CO,BR-->CO,BR-->CO,BR-->CO,BR-->CO,BR-->CO,BR-->CO,BR-->CO,BR-->CO,BR-->CO,BR-->CO,BR-->CO,BR-->CO,BR-->CO,,,,,,,,,,,,,,,,,CO-->BR,CO-->BR,CO-->BR,CO-->BR,CO-->BR,CO-->BR,CO-->BR,CO-->BR,CO-->BR,CO-->BR,CO-->BR,CO-->BR,CO-->BR,CO-->BR,CO-->BR,CO-->BR,CO-->BR,CO-->BR,CO-->BR
IO,IOT,British Indian Ocean Territory,Diego Garcia,Africa,Eastern Africa,,IO-->CO,IO-->CO,IO-->CO,IO-->CO,IO-->CO,IO-->CO,IO-->CO,IO-->CO,IO-->CO,IO-->CO,IO-->CO,IO-->CO,IO-->CO,IO-->CO,IO-->CO,IO-->CO,IO-->CO,IO-->CO,IO-->CO,,,,,,,,,,,,,,,,,CO-->IO,CO-->IO,CO-->IO,CO-->IO,CO-->IO,CO-->IO,CO-->IO,CO-->IO,CO-->IO,CO-->IO,CO-->IO,CO-->IO,CO-->IO,CO-->IO,CO-->IO,CO-->IO,CO-->IO,CO-->IO,CO-->IO
UM,UMI,United States Minor Outlying Islands,,Americas,Northern America,,UM-->CO,UM-->CO,UM-->CO,UM-->CO,UM-->CO,UM-->CO,UM-->CO,UM-->CO,UM-->CO,UM-->CO,UM-->CO,UM-->CO,UM-->CO,UM-->CO,UM-->CO,UM-->CO,UM-->CO,UM-->CO,UM-->CO,,,,,,,,,,,,,,,,,CO-->UM,CO-->UM,CO-->UM,CO-->UM,CO-->UM,CO-->UM,CO-->UM,CO-->UM,CO-->UM,CO-->UM,CO-->UM,CO-->UM,CO-->UM,CO-->UM,CO-->UM,CO-->UM,CO-->UM,CO-->UM,CO-->UM
VG,VGB,Virgin Islands (British),Road Town,Americas,Caribbean,,VG-->CO,VG-->CO,VG-->CO,VG-->CO,VG-->CO,VG-->CO,VG-->CO,VG-->CO,VG-->CO,VG-->CO,VG-->CO,VG-->CO,VG-->CO,VG-->CO,VG-->CO,VG-->CO,VG-->CO,VG-->CO,VG-->CO,,,,,,,,,,,,,,,,,CO-->VG,CO-->VG,CO-->VG,CO-->VG,CO-->VG,CO-->VG,CO-->VG,CO-->VG,CO-->VG,CO-->VG,CO-->VG,CO-->VG,CO-->VG,CO-->VG,CO-->VG,CO-->VG,CO-->VG,CO-->VG,CO-->VG
VI,VIR,Virgin Islands (U.S.),Charlotte Amalie,Americas,Caribbean,,VI-->CO,VI-->CO,VI-->CO,VI-->CO,VI-->CO,VI-->CO,VI-->CO,VI-->CO,VI-->CO,VI-->CO,VI-->CO,VI-->CO,VI-->CO,VI-->CO,VI-->CO,VI-->CO,VI-->CO,VI-->CO,VI-->CO,,,,,,,,,,,,,,,,,CO-->VI,CO-->VI,CO-->VI,CO-->VI,CO-->VI,CO-->VI,CO-->VI,CO-->VI,CO-->VI,CO-->VI,CO-->VI,CO-->VI,CO-->VI,CO-->VI,CO-->VI,CO-->VI,CO-->VI,CO-->VI,CO-->VI
BN,BRN,Brunei,Bandar Seri Begawan,Asia,South-Eastern Asia,,BN-->CO,BN-->CO,BN-->CO,BN-->CO,BN-->CO,BN-->CO,BN-->CO,BN-->CO,BN-->CO,BN-->CO,BN-->CO,BN-->CO,BN-->CO,BN-->CO,BN-->CO,BN-->CO,BN-->CO,BN-->CO,BN-->CO,,,,,,,,,,,,,,,,,CO-->BN,CO-->BN,CO-->BN,CO-->BN,CO-->BN,CO-->BN,CO-->BN,CO-->BN,CO-->BN,CO-->BN,CO-->BN,CO-->BN,CO-->BN,CO-->BN,CO-->BN,CO-->BN,CO-->BN,CO-->BN,CO-->BN
BG,BGR,Bulgaria,Sofia,Europe,Eastern Europe,,BG-->CO,BG-->CO,BG-->CO,BG-->CO,BG-->CO,BG-->CO,BG-->CO,BG-->CO,BG-->CO,BG-->CO,BG-->CO,BG-->CO,BG-->CO,BG-->CO,BG-->CO,BG-->CO,BG-->CO,BG-->CO,BG-->CO,,,,,,,,,,,,,,,,,CO-->BG,CO-->BG,CO-->BG,CO-->BG,CO-->BG,CO-->BG,CO-->BG,CO-->BG,CO-->BG,CO-->BG,CO-->BG,CO-->BG,CO-->BG,CO-->BG,CO-->BG,CO-->BG,CO-->BG,CO-->BG,CO-->BG
BF,BFA,Burkina Faso,Ouagadougou,Africa,Western Africa,,BF-->CO,BF-->CO,BF-->CO,BF-->CO,BF-->CO,BF-->CO,BF-->CO,BF-->CO,BF-->CO,BF-->CO,BF-->CO,BF-->CO,BF-->CO,BF-->CO,BF-->CO,BF-->CO,BF-->CO,BF-->CO,BF-->CO,,,,,,,,,,,,,,,,,CO-->BF,CO-->BF,CO-->BF,CO-->BF,CO-->BF,CO-->BF,CO-->BF,CO-->BF,CO-->BF,CO-->BF,CO-->BF,CO-->BF,CO-->BF,CO-->BF,CO-->BF,CO-->BF,CO-->BF,CO-->BF,CO-->BF
BI,BDI,Burundi,Bujumbura,Africa,Eastern Africa,,BI-->CO,BI-->CO,BI-->CO,BI-->CO,BI-->CO,BI-->CO,BI-->CO,BI-->CO,BI-->CO,BI-->CO,BI-->CO,BI-->CO,BI-->CO,BI-->CO,BI-->CO,BI-->CO,BI-->CO,BI-->CO,BI-->CO,,,,,,,,,,,,,,,,,CO-->BI,CO-->BI,CO-->BI,CO-->BI,CO-->BI,CO-->BI,CO-->BI,CO-->BI,CO-->BI,CO-->BI,CO-->BI,CO-->BI,CO-->BI,CO-->BI,CO-->BI,CO-->BI,CO-->BI,CO-->BI,CO-->BI
KH,KHM,Cambodia,Phnom Penh,Asia,South-Eastern Asia,,KH-->CO,KH-->CO,KH-->CO,KH-->CO,KH-->CO,KH-->CO,KH-->CO,KH-->CO,KH-->CO,KH-->CO,KH-->CO,KH-->CO,KH-->CO,KH-->CO,KH-->CO,KH-->CO,KH-->CO,KH-->CO,KH-->CO,,,,,,,,,,,,,,,,,CO-->KH,CO-->KH,CO-->KH,CO-->KH,CO-->KH,CO-->KH,CO-->KH,CO-->KH,CO-->KH,CO-->KH,CO-->KH,CO-->KH,CO-->KH,CO-->KH,CO-->KH,CO-->KH,CO-->KH,CO-->KH,CO-->KH
CM,CMR,Cameroon,Yaoundé,Africa,Middle Africa,,CM-->CO,CM-->CO,CM-->CO,CM-->CO,CM-->CO,CM-->CO,CM-->CO,CM-->CO,CM-->CO,CM-->CO,CM-->CO,CM-->CO,CM-->CO,CM-->CO,CM-->CO,CM-->CO,CM-->CO,CM-->CO,CM-->CO,,,,,,,,,,,,,,,,,CO-->CM,CO-->CM,CO-->CM,CO-->CM,CO-->CM,CO-->CM,CO-->CM,CO-->CM,CO-->CM,CO-->CM,CO-->CM,CO-->CM,CO-->CM,CO-->CM,CO-->CM,CO-->CM,CO-->CM,CO-->CM,CO-->CM
CA,CAN,Canada,Ottawa,Americas,Northern America,,CA-->CO,CA-->CO,CA-->CO,CA-->CO,CA-->CO,CA-->CO,CA-->CO,CA-->CO,CA-->CO,CA-->CO,CA-->CO,CA-->CO,CA-->CO,CA-->CO,CA-->CO,CA-->CO,CA-->CO,CA-->CO,CA-->CO,,,,,,,,,,,,,,,,,CO-->CA,CO-->CA,CO-->CA,CO-->CA,CO-->CA,CO-->CA,CO-->CA,CO-->CA,CO-->CA,CO-->CA,CO-->CA,CO-->CA,CO-->CA,CO-->CA,CO-->CA,CO-->CA,CO-->CA,CO-->CA,CO-->CA
CV,CPV,Cape Verde,Praia,Africa,Western Africa,,CV-->CO,CV-->CO,CV-->CO,CV-->CO,CV-->CO,CV-->CO,CV-->CO,CV-->CO,CV-->CO,CV-->CO,CV-->CO,CV-->CO,CV-->CO,CV-->CO,CV-->CO,CV-->CO,CV-->CO,CV-->CO,CV-->CO,,,,,,,,,,,,,,,,,CO-->CV,CO-->CV,CO-->CV,CO-->CV,CO-->CV,CO-->CV,CO-->CV,CO-->CV,CO-->CV,CO-->CV,CO-->CV,CO-->CV,CO-->CV,CO-->CV,CO-->CV,CO-->CV,CO-->CV,CO-->CV,CO-->CV
KY,CYM,Cayman Islands,George Town,Americas,Caribbean,,KY-->CO,KY-->CO,KY-->CO,KY-->CO,KY-->CO,KY-->CO,KY-->CO,KY-->CO,KY-->CO,KY-->CO,KY-->CO,KY-->CO,KY-->CO,KY-->CO,KY-->CO,KY-->CO,KY-->CO,KY-->CO,KY-->CO,,,,,,,,,,,,,,,,,CO-->KY,CO-->KY,CO-->KY,CO-->KY,CO-->KY,CO-->KY,CO-->KY,CO-->KY,CO-->KY,CO-->KY,CO-->KY,CO-->KY,CO-->KY,CO-->KY,CO-->KY,CO-->KY,CO-->KY,CO-->KY,CO-->KY
CF,CAF,Central African Republic,Bangui,Africa,Middle Africa,,CF-->CO,CF-->CO,CF-->CO,CF-->CO,CF-->CO,CF-->CO,CF-->CO,CF-->CO,CF-->CO,CF-->CO,CF-->CO,CF-->CO,CF-->CO,CF-->CO,CF-->CO,CF-->CO,CF-->CO,CF-->CO,CF-->CO,,,,,,,,,,,,,,,,,CO-->CF,CO-->CF,CO-->CF,CO-->CF,CO-->CF,CO-->CF,CO-->CF,CO-->CF,CO-->CF,CO-->CF,CO-->CF,CO-->CF,CO-->CF,CO-->CF,CO-->CF,CO-->CF,CO-->CF,CO-->CF,CO-->CF
TD,TCD,Chad,N'Djamena,Africa,Middle Africa,,TD-->CO,TD-->CO,TD-->CO,TD-->CO,TD-->CO,TD-->CO,TD-->CO,TD-->CO,TD-->CO,TD-->CO,TD-->CO,TD-->CO,TD-->CO,TD-->CO,TD-->CO,TD-->CO,TD-->CO,TD-->CO,TD-->CO,,,,,,,,,,,,,,,,,CO-->TD,CO-->TD,CO-->TD,CO-->TD,CO-->TD,CO-->TD,CO-->TD,CO-->TD,CO-->TD,CO-->TD,CO-->TD,CO-->TD,CO-->TD,CO-->TD,CO-->TD,CO-->TD,CO-->TD,CO-->TD,CO-->TD
CL,CHL,Chile,Santiago,Americas,South America,,CL-->CO,CL-->CO,CL-->CO,CL-->CO,CL-->CO,CL-->CO,CL-->CO,CL-->CO,CL-->CO,CL-->CO,CL-->CO,CL-->CO,CL-->CO,CL-->CO,CL-->CO,CL-->CO,CL-->CO,CL-->CO,CL-->CO,,,,,,,,,,,,,,,,,CO-->CL,CO-->CL,CO-->CL,CO-->CL,CO-->CL,CO-->CL,CO-->CL,CO-->CL,CO-->CL,CO-->CL,CO-->CL,CO-->CL,CO-->CL,CO-->CL,CO-->CL,CO-->CL,CO-->CL,CO-->CL,CO-->CL
CN,CHN,China,Beijing,Asia,Eastern Asia,,CN-->CO,CN-->CO,CN-->CO,CN-->CO,CN-->CO,CN-->CO,CN-->CO,CN-->CO,CN-->CO,CN-->CO,CN-->CO,CN-->CO,CN-->CO,CN-->CO,CN-->CO,CN-->CO,CN-->CO,CN-->CO,CN-->CO,,,,,,,,,,,,,,,,,CO-->CN,CO-->CN,CO-->CN,CO-->CN,CO-->CN,CO-->CN,CO-->CN,CO-->CN,CO-->CN,CO-->CN,CO-->CN,CO-->CN,CO-->CN,CO-->CN,CO-->CN,CO-->CN,CO-->CN,CO-->CN,CO-->CN
CX,CXR,Christmas Island,Flying Fish Cove,Oceania,Australia and New Zealand,,CX-->CO,CX-->CO,CX-->CO,CX-->CO,CX-->CO,CX-->CO,CX-->CO,CX-->CO,CX-->CO,CX-->CO,CX-->CO,CX-->CO,CX-->CO,CX-->CO,CX-->CO,CX-->CO,CX-->CO,CX-->CO,CX-->CO,,,,,,,,,,,,,,,,,CO-->CX,CO-->CX,CO-->CX,CO-->CX,CO-->CX,CO-->CX,CO-->CX,CO-->CX,CO-->CX,CO-->CX,CO-->CX,CO-->CX,CO-->CX,CO-->CX,CO-->CX,CO-->CX,CO-->CX,CO-->CX,CO-->CX
CC,CCK,Cocos (Keeling) Islands,West Island,Oceania,Australia and New Zealand,,CC-->CO,CC-->CO,CC-->CO,CC-->CO,CC-->CO,CC-->CO,CC-->CO,CC-->CO,CC-->CO,CC-->CO,CC-->CO,CC-->CO,CC-->CO,CC-->CO,CC-->CO,CC-->CO,CC-->CO,CC-->CO,CC-->CO,,,,,,,,,,,,,,,,,CO-->CC,CO-->CC,CO-->CC,CO-->CC,CO-->CC,CO-->CC,CO-->CC,CO-->CC,CO-->CC,CO-->CC,CO-->CC,CO-->CC,CO-->CC,CO-->CC,CO-->CC,CO-->CC,CO-->CC,CO-->CC,CO-->CC
CO,COL,Colombia,Bogotá,Americas,South America,,CO-->CO,CO-->CO,CO-->CO,CO-->CO,CO-->CO,CO-->CO,CO-->CO,CO-->CO,CO-->CO,CO-->CO,CO-->CO,CO-->CO,CO-->CO,CO-->CO,CO-->CO,CO-->CO,CO-->CO,CO-->CO,CO-->CO,,,,,,,,,,,,,,,,,CO-->CO,CO-->CO,CO-->CO,CO-->CO,CO-->CO,CO-->CO,CO-->CO,CO-->CO,CO-->CO,CO-->CO,CO-->CO,CO-->CO,CO-->CO,CO-->CO,CO-->CO,CO-->CO,CO-->CO,CO-->CO,CO-->CO
KM,COM,Comoros,Moroni,Africa,Eastern Africa,,KM-->CO,KM-->CO,KM-->CO,KM-->CO,KM-->CO,KM-->CO,KM-->CO,KM-->CO,KM-->CO,KM-->CO,KM-->CO,KM-->CO,KM-->CO,KM-->CO,KM-->CO,KM-->CO,KM-->CO,KM-->CO,KM-->CO,,,,,,,,,,,,,,,,,CO-->KM,CO-->KM,CO-->KM,CO-->KM,CO-->KM,CO-->KM,CO-->KM,CO-->KM,CO-->KM,CO-->KM,CO-->KM,CO-->KM,CO-->KM,CO-->KM,CO-->KM,CO-->KM,CO-->KM,CO-->KM,CO-->KM
CG,COG,Republic of the Congo,Brazzaville,Africa,Middle Africa,,CG-->CO,CG-->CO,CG-->CO,CG-->CO,CG-->CO,CG-->CO,CG-->CO,CG-->CO,CG-->CO,CG-->CO,CG-->CO,CG-->CO,CG-->CO,CG-->CO,CG-->CO,CG-->CO,CG-->CO,CG-->CO,CG-->CO,,,,,,,,,,,,,,,,,CO-->CG,CO-->CG,CO-->CG,CO-->CG,CO-->CG,CO-->CG,CO-->CG,CO-->CG,CO-->CG,CO-->CG,CO-->CG,CO-->CG,CO-->CG,CO-->CG,CO-->CG,CO-->CG,CO-->CG,CO-->CG,CO-->CG
CD,COD,Democratic Republic of the Congo,Kinshasa,Africa,Middle Africa,,CD-->CO,CD-->CO,CD-->CO,CD-->CO,CD-->CO,CD-->CO,CD-->CO,CD-->CO,CD-->CO,CD-->CO,CD-->CO,CD-->CO,CD-->CO,CD-->CO,CD-->CO,CD-->CO,CD-->CO,CD-->CO,CD-->CO,,,,,,,,,,,,,,,,,CO-->CD,CO-->CD,CO-->CD,CO-->CD,CO-->CD,CO-->CD,CO-->CD,CO-->CD,CO-->CD,CO-->CD,CO-->CD,CO-->CD,CO-->CD,CO-->CD,CO-->CD,CO-->CD,CO-->CD,CO-->CD,CO-->CD
CK,COK,Cook Islands,Avarua,Oceania,Polynesia,,CK-->CO,CK-->CO,CK-->CO,CK-->CO,CK-->CO,CK-->CO,CK-->CO,CK-->CO,CK-->CO,CK-->CO,CK-->CO,CK-->CO,CK-->CO,CK-->CO,CK-->CO,CK-->CO,CK-->CO,CK-->CO,CK-->CO,,,,,,,,,,,,,,,,,CO-->CK,CO-->CK,CO-->CK,CO-->CK,CO-->CK,CO-->CK,CO-->CK,CO-->CK,CO-->CK,CO-->CK,CO-->CK,CO-->CK,CO-->CK,CO-->CK,CO-->CK,CO-->CK,CO-->CK,CO-->CK,CO-->CK
CR,CRI,Costa Rica,San José,Americas,Central America,,CR-->CO,CR-->CO,CR-->CO,CR-->CO,CR-->CO,CR-->CO,CR-->CO,CR-->CO,CR-->CO,CR-->CO,CR-->CO,CR-->CO,CR-->CO,CR-->CO,CR-->CO,CR-->CO,CR-->CO,CR-->CO,CR-->CO,,,,,,,,,,,,,,,,,CO-->CR,CO-->CR,CO-->CR,CO-->CR,CO-->CR,CO-->CR,CO-->CR,CO-->CR,CO-->CR,CO-->CR,CO-->CR,CO-->CR,CO-->CR,CO-->CR,CO-->CR,CO-->CR,CO-->CR,CO-->CR,CO-->CR
HR,HRV,Croatia,Zagreb,Europe,Southern Europe,,HR-->CO,HR-->CO,HR-->CO,HR-->CO,HR-->CO,HR-->CO,HR-->CO,HR-->CO,HR-->CO,HR-->CO,HR-->CO,HR-->CO,HR-->CO,HR-->CO,HR-->CO,HR-->CO,HR-->CO,HR-->CO,HR-->CO,,,,,,,,,,,,,,,,,CO-->HR,CO-->HR,CO-->HR,CO-->HR,CO-->HR,CO-->HR,CO-->HR,CO-->HR,CO-->HR,CO-->HR,CO-->HR,CO-->HR,CO-->HR,CO-->HR,CO-->HR,CO-->HR,CO-->HR,CO-->HR,CO-->HR
CU,CUB,Cuba,Havana,Americas,Caribbean,,CU-->CO,CU-->CO,CU-->CO,CU-->CO,CU-->CO,CU-->CO,CU-->CO,CU-->CO,CU-->CO,CU-->CO,CU-->CO,CU-->CO,CU-->CO,CU-->CO,CU-->CO,CU-->CO,CU-->CO,CU-->CO,CU-->CO,,,,,,,,,,,,,,,,,CO-->CU,CO-->CU,CO-->CU,CO-->CU,CO-->CU,CO-->CU,CO-->CU,CO-->CU,CO-->CU,CO-->CU,CO-->CU,CO-->CU,CO-->CU,CO-->CU,CO-->CU,CO-->CU,CO-->CU,CO-->CU,CO-->CU
CW,CUW,Curaçao,Willemstad,Americas,Caribbean,,CW-->CO,CW-->CO,CW-->CO,CW-->CO,CW-->CO,CW-->CO,CW-->CO,CW-->CO,CW-->CO,CW-->CO,CW-->CO,CW-->CO,CW-->CO,CW-->CO,CW-->CO,CW-->CO,CW-->CO,CW-->CO,CW-->CO,,,,,,,,,,,,,,,,,CO-->CW,CO-->CW,CO-->CW,CO-->CW,CO-->CW,CO-->CW,CO-->CW,CO-->CW,CO-->CW,CO-->CW,CO-->CW,CO-->CW,CO-->CW,CO-->CW,CO-->CW,CO-->CW,CO-->CW,CO-->CW,CO-->CW
CY,CYP,Cyprus,Nicosia,Europe,Southern Europe,,CY-->CO,CY-->CO,CY-->CO,CY-->CO,CY-->CO,CY-->CO,CY-->CO,CY-->CO,CY-->CO,CY-->CO,CY-->CO,CY-->CO,CY-->CO,CY-->CO,CY-->CO,CY-->CO,CY-->CO,CY-->CO,CY-->CO,,,,,,,,,,,,,,,,,CO-->CY,CO-->CY,CO-->CY,CO-->CY,CO-->CY,CO-->CY,CO-->CY,CO-->CY,CO-->CY,CO-->CY,CO-->CY,CO-->CY,CO-->CY,CO-->CY,CO-->CY,CO-->CY,CO-->CY,CO-->CY,CO-->CY
CZ,CZE,Czech Republic,Prague,Europe,Eastern Europe,,CZ-->CO,CZ-->CO,CZ-->CO,CZ-->CO,CZ-->CO,CZ-->CO,CZ-->CO,CZ-->CO,CZ-->CO,CZ-->CO,CZ-->CO,CZ-->CO,CZ-->CO,CZ-->CO,CZ-->CO,CZ-->CO,CZ-->CO,CZ-->CO,CZ-->CO,,,,,,,,,,,,,,,,,CO-->CZ,CO-->CZ,CO-->CZ,CO-->CZ,CO-->CZ,CO-->CZ,CO-->CZ,CO-->CZ,CO-->CZ,CO-->CZ,CO-->CZ,CO-->CZ,CO-->CZ,CO-->CZ,CO-->CZ,CO-->CZ,CO-->CZ,CO-->CZ,CO-->CZ
DK,DNK,Denmark,Copenhagen,Europe,Northern Europe,,DK-->CO,DK-->CO,DK-->CO,DK-->CO,DK-->CO,DK-->CO,DK-->CO,DK-->CO,DK-->CO,DK-->CO,DK-->CO,DK-->CO,DK-->CO,DK-->CO,DK-->CO,DK-->CO,DK-->CO,DK-->CO,DK-->CO,,,,,,,,,,,,,,,,,CO-->DK,CO-->DK,CO-->DK,CO-->DK,CO-->DK,CO-->DK,CO-->DK,CO-->DK,CO-->DK,CO-->DK,CO-->DK,CO-->DK,CO-->DK,CO-->DK,CO-->DK,CO-->DK,CO-->DK,CO-->DK,CO-->DK
DJ,DJI,Djibouti,Djibouti,Africa,Eastern Africa,,DJ-->CO,DJ-->CO,DJ-->CO,DJ-->CO,DJ-->CO,DJ-->CO,DJ-->CO,DJ-->CO,DJ-->CO,DJ-->CO,DJ-->CO,DJ-->CO,DJ-->CO,DJ-->CO,DJ-->CO,DJ-->CO,DJ-->CO,DJ-->CO,DJ-->CO,,,,,,,,,,,,,,,,,CO-->DJ,CO-->DJ,CO-->DJ,CO-->DJ,CO-->DJ,CO-->DJ,CO-->DJ,CO-->DJ,CO-->DJ,CO-->DJ,CO-->DJ,CO-->DJ,CO-->DJ,CO-->DJ,CO-->DJ,CO-->DJ,CO-->DJ,CO-->DJ,CO-->DJ
DM,DMA,Dominica,Roseau,Americas,Caribbean,,DM-->CO,DM-->CO,DM-->CO,DM-->CO,DM-->CO,DM-->CO,DM-->CO,DM-->CO,DM-->CO,DM-->CO,DM-->CO,DM-->CO,DM-->CO,DM-->CO,DM-->CO,DM-->CO,DM-->CO,DM-->CO,DM-->CO,,,,,,,,,,,,,,,,,CO-->DM,CO-->DM,CO-->DM,CO-->DM,CO-->DM,CO-->DM,CO-->DM,CO-->DM,CO-->DM,CO-->DM,CO-->DM,CO-->DM,CO-->DM,CO-->DM,CO-->DM,CO-->DM,CO-->DM,CO-->DM,CO-->DM
DO,DOM,Dominican Republic,Santo Domingo,Americas,Caribbean,,DO-->CO,DO-->CO,DO-->CO,DO-->CO,DO-->CO,DO-->CO,DO-->CO,DO-->CO,DO-->CO,DO-->CO,DO-->CO,DO-->CO,DO-->CO,DO-->CO,DO-->CO,DO-->CO,DO-->CO,DO-->CO,DO-->CO,,,,,,,,,,,,,,,,,CO-->DO,CO-->DO,CO-->DO,CO-->DO,CO-->DO,CO-->DO,CO-->DO,CO-->DO,CO-->DO,CO-->DO,CO-->DO,CO-->DO,CO-->DO,CO-->DO,CO-->DO,CO-->DO,CO-->DO,CO-->DO,CO-->DO
EC,ECU,Ecuador,Quito,Americas,South America,,EC-->CO,EC-->CO,EC-->CO,EC-->CO,EC-->CO,EC-->CO,EC-->CO,EC-->CO,EC-->CO,EC-->CO,EC-->CO,EC-->CO,EC-->CO,EC-->CO,EC-->CO,EC-->CO,EC-->CO,EC-->CO,EC-->CO,,,,,,,,,,,,,,,,,CO-->EC,CO-->EC,CO-->EC,CO-->EC,CO-->EC,CO-->EC,CO-->EC,CO-->EC,CO-->EC,CO-->EC,CO-->EC,CO-->EC,CO-->EC,CO-->EC,CO-->EC,CO-->EC,CO-->EC,CO-->EC,CO-->EC
EG,EGY,Egypt,Cairo,Africa,Northern Africa,,EG-->CO,EG-->CO,EG-->CO,EG-->CO,EG-->CO,EG-->CO,EG-->CO,EG-->CO,EG-->CO,EG-->CO,EG-->CO,EG-->CO,EG-->CO,EG-->CO,EG-->CO,EG-->CO,EG-->CO,EG-->CO,EG-->CO,,,,,,,,,,,,,,,,,CO-->EG,CO-->EG,CO-->EG,CO-->EG,CO-->EG,CO-->EG,CO-->EG,CO-->EG,CO-->EG,CO-->EG,CO-->EG,CO-->EG,CO-->EG,CO-->EG,CO-->EG,CO-->EG,CO-->EG,CO-->EG,CO-->EG
SV,SLV,El Salvador,San Salvador,Americas,Central America,,SV-->CO,SV-->CO,SV-->CO,SV-->CO,SV-->CO,SV-->CO,SV-->CO,SV-->CO,SV-->CO,SV-->CO,SV-->CO,SV-->CO,SV-->CO,SV-->CO,SV-->CO,SV-->CO,SV-->CO,SV-->CO,SV-->CO,,,,,,,,,,,,,,,,,CO-->SV,CO-->SV,CO-->SV,CO-->SV,CO-->SV,CO-->SV,CO-->SV,CO-->SV,CO-->SV,CO-->SV,CO-->SV,CO-->SV,CO-->SV,CO-->SV,CO-->SV,CO-->SV,CO-->SV,CO-->SV,CO-->SV
GQ,GNQ,Equatorial Guinea,Malabo,Africa,Middle Africa,,GQ-->CO,GQ-->CO,GQ-->CO,GQ-->CO,GQ-->CO,GQ-->CO,GQ-->CO,GQ-->CO,GQ-->CO,GQ-->CO,GQ-->CO,GQ-->CO,GQ-->CO,GQ-->CO,GQ-->CO,GQ-->CO,GQ-->CO,GQ-->CO,GQ-->CO,,,,,,,,,,,,,,,,,CO-->GQ,CO-->GQ,CO-->GQ,CO-->GQ,CO-->GQ,CO-->GQ,CO-->GQ,CO-->GQ,CO-->GQ,CO-->GQ,CO-->GQ,CO-->GQ,CO-->GQ,CO-->GQ,CO-->GQ,CO-->GQ,CO-->GQ,CO-->GQ,CO-->GQ
ER,ERI,Eritrea,Asmara,Africa,Eastern Africa,,ER-->CO,ER-->CO,ER-->CO,ER-->CO,ER-->CO,ER-->CO,ER-->CO,ER-->CO,ER-->CO,ER-->CO,ER-->CO,ER-->CO,ER-->CO,ER-->CO,ER-->CO,ER-->CO,ER-->CO,ER-->CO,ER-->CO,,,,,,,,,,,,,,,,,CO-->ER,CO-->ER,CO-->ER,CO-->ER,CO-->ER,CO-->ER,CO-->ER,CO-->ER,CO-->ER,CO-->ER,CO-->ER,CO-->ER,CO-->ER,CO-->ER,CO-->ER,CO-->ER,CO-->ER,CO-->ER,CO-->ER
EE,EST,Estonia,Tallinn,Europe,Northern Europe,,EE-->CO,EE-->CO,EE-->CO,EE-->CO,EE-->CO,EE-->CO,EE-->CO,EE-->CO,EE-->CO,EE-->CO,EE-->CO,EE-->CO,EE-->CO,EE-->CO,EE-->CO,EE-->CO,EE-->CO,EE-->CO,EE-->CO,,,,,,,,,,,,,,,,,CO-->EE,CO-->EE,CO-->EE,CO-->EE,CO-->EE,CO-->EE,CO-->EE,CO-->EE,CO-->EE,CO-->EE,CO-->EE,CO-->EE,CO-->EE,CO-->EE,CO-->EE,CO-->EE,CO-->EE,CO-->EE,CO-->EE
ET,ETH,Ethiopia,Addis Ababa,Africa,Eastern Africa,,ET-->CO,ET-->CO,ET-->CO,ET-->CO,ET-->CO,ET-->CO,ET-->CO,ET-->CO,ET-->CO,ET-->CO,ET-->CO,ET-->CO,ET-->CO,ET-->CO,ET-->CO,ET-->CO,ET-->CO,ET-->CO,ET-->CO,,,,,,,,,,,,,,,,,CO-->ET,CO-->ET,CO-->ET,CO-->ET,CO-->ET,CO-->ET,CO-->ET,CO-->ET,CO-->ET,CO-->ET,CO-->ET,CO-->ET,CO-->ET,CO-->ET,CO-->ET,CO-->ET,CO-->ET,CO-->ET,CO-->ET
FK,FLK,Falkland Islands,Stanley,Americas,South America,,FK-->CO,FK-->CO,FK-->CO,FK-->CO,FK-->CO,FK-->CO,FK-->CO,FK-->CO,FK-->CO,FK-->CO,FK-->CO,FK-->CO,FK-->CO,FK-->CO,FK-->CO,FK-->CO,FK-->CO,FK-->CO,FK-->CO,,,,,,,,,,,,,,,,,CO-->FK,CO-->FK,CO-->FK,CO-->FK,CO-->FK,CO-->FK,CO-->FK,CO-->FK,CO-->FK,CO-->FK,CO-->FK,CO-->FK,CO-->FK,CO-->FK,CO-->FK,CO-->FK,CO-->FK,CO-->FK,CO-->FK
FO,FRO,Faroe Islands,Tórshavn,Europe,Northern Europe,,FO-->CO,FO-->CO,FO-->CO,FO-->CO,FO-->CO,FO-->CO,FO-->CO,FO-->CO,FO-->CO,FO-->CO,FO-->CO,FO-->CO,FO-->CO,FO-->CO,FO-->CO,FO-->CO,FO-->CO,FO-->CO,FO-->CO,,,,,,,,,,,,,,,,,CO-->FO,CO-->FO,CO-->FO,CO-->FO,CO-->FO,CO-->FO,CO-->FO,CO-->FO,CO-->FO,CO-->FO,CO-->FO,CO-->FO,CO-->FO,CO-->FO,CO-->FO,CO-->FO,CO-->FO,CO-->FO,CO-->FO
FJ,FJI,Fiji,Suva,Oceania,Melanesia,,FJ-->CO,FJ-->CO,FJ-->CO,FJ-->CO,FJ-->CO,FJ-->CO,FJ-->CO,FJ-->CO,FJ-->CO,FJ-->CO,FJ-->CO,FJ-->CO,FJ-->CO,FJ-->CO,FJ-->CO,FJ-->CO,FJ-->CO,FJ-->CO,FJ-->CO,,,,,,,,,,,,,,,,,CO-->FJ,CO-->FJ,CO-->FJ,CO-->FJ,CO-->FJ,CO-->FJ,CO-->FJ,CO-->FJ,CO-->FJ,CO-->FJ,CO-->FJ,CO-->FJ,CO-->FJ,CO-->FJ,CO-->FJ,CO-->FJ,CO-->FJ,CO-->FJ,CO-->FJ
FI,FIN,Finland,Helsinki,Europe,Northern Europe,,FI-->CO,FI-->CO,FI-->CO,FI-->CO,FI-->CO,FI-->CO,FI-->CO,FI-->CO,FI-->CO,FI-->CO,FI-->CO,FI-->CO,FI-->CO,FI-->CO,FI-->CO,FI-->CO,FI-->CO,FI-->CO,FI-->CO,,,,,,,,,,,,,,,,,CO-->FI,CO-->FI,CO-->FI,CO-->FI,CO-->FI,CO-->FI,CO-->FI,CO-->FI,CO-->FI,CO-->FI,CO-->FI,CO-->FI,CO-->FI,CO-->FI,CO-->FI,CO-->FI,CO-->FI,CO-->FI,CO-->FI
FR,FRA,France,Paris,Europe,Western Europe,,FR-->CO,FR-->CO,FR-->CO,FR-->CO,FR-->CO,FR-->CO,FR-->CO,FR-->CO,FR-->CO,FR-->CO,FR-->CO,FR-->CO,FR-->CO,FR-->CO,FR-->CO,FR-->CO,FR-->CO,FR-->CO,FR-->CO,,,,,,,,,,,,,,,,,CO-->FR,CO-->FR,CO-->FR,CO-->FR,CO-->FR,CO-->FR,CO-->FR,CO-->FR,CO-->FR,CO-->FR,CO-->FR,CO-->FR,CO-->FR,CO-->FR,CO-->FR,CO-->FR,CO-->FR,CO-->FR,CO-->FR
GF,GUF,French Guiana,Cayenne,Americas,South America,,GF-->CO,GF-->CO,GF-->CO,GF-->CO,GF-->CO,GF-->CO,GF-->CO,GF-->CO,GF-->CO,GF-->CO,GF-->CO,GF-->CO,GF-->CO,GF-->CO,GF-->CO,GF-->CO,GF-->CO,GF-->CO,GF-->CO,,,,,,,,,,,,,,,,,CO-->GF,CO-->GF,CO-->GF,CO-->GF,CO-->GF,CO-->GF,CO-->GF,CO-->GF,CO-->GF,CO-->GF,CO-->GF,CO-->GF,CO-->GF,CO-->GF,CO-->GF,CO-->GF,CO-->GF,CO-->GF,CO-->GF
PF,PYF,French Polynesia,Papeetē,Oceania,Polynesia,,PF-->CO,PF-->CO,PF-->CO,PF-->CO,PF-->CO,PF-->CO,PF-->CO,PF-->CO,PF-->CO,PF-->CO,PF-->CO,PF-->CO,PF-->CO,PF-->CO,PF-->CO,PF-->CO,PF-->CO,PF-->CO,PF-->CO,,,,,,,,,,,,,,,,,CO-->PF,CO-->PF,CO-->PF,CO-->PF,CO-->PF,CO-->PF,CO-->PF,CO-->PF,CO-->PF,CO-->PF,CO-->PF,CO-->PF,CO-->PF,CO-->PF,CO-->PF,CO-->PF,CO-->PF,CO-->PF,CO-->PF
TF,ATF,French Southern and Antarctic Lands,Port-aux-Français,Africa,Southern Africa,,TF-->CO,TF-->CO,TF-->CO,TF-->CO,TF-->CO,TF-->CO,TF-->CO,TF-->CO,TF-->CO,TF-->CO,TF-->CO,TF-->CO,TF-->CO,TF-->CO,TF-->CO,TF-->CO,TF-->CO,TF-->CO,TF-->CO,,,,,,,,,,,,,,,,,CO-->TF,CO-->TF,CO-->TF,CO-->TF,CO-->TF,CO-->TF,CO-->TF,CO-->TF,CO-->TF,CO-->TF,CO-->TF,CO-->TF,CO-->TF,CO-->TF,CO-->TF,CO-->TF,CO-->TF,CO-->TF,CO-->TF
GA,GAB,Gabon,Libreville,Africa,Middle Africa,,GA-->CO,GA-->CO,GA-->CO,GA-->CO,GA-->CO,GA-->CO,GA-->CO,GA-->CO,GA-->CO,GA-->CO,GA-->CO,GA-->CO,GA-->CO,GA-->CO,GA-->CO,GA-->CO,GA-->CO,GA-->CO,GA-->CO,,,,,,,,,,,,,,,,,CO-->GA,CO-->GA,CO-->GA,CO-->GA,CO-->GA,CO-->GA,CO-->GA,CO-->GA,CO-->GA,CO-->GA,CO-->GA,CO-->GA,CO-->GA,CO-->GA,CO-->GA,CO-->GA,CO-->GA,CO-->GA,CO-->GA
GM,GMB,The Gambia,Banjul,Africa,Western Africa,,GM-->CO,GM-->CO,GM-->CO,GM-->CO,GM-->CO,GM-->CO,GM-->CO,GM-->CO,GM-->CO,GM-->CO,GM-->CO,GM-->CO,GM-->CO,GM-->CO,GM-->CO,GM-->CO,GM-->CO,GM-->CO,GM-->CO,,,,,,,,,,,,,,,,,CO-->GM,CO-->GM,CO-->GM,CO-->GM,CO-->GM,CO-->GM,CO-->GM,CO-->GM,CO-->GM,CO-->GM,CO-->GM,CO-->GM,CO-->GM,CO-->GM,CO-->GM,CO-->GM,CO-->GM,CO-->GM,CO-->GM
GE,GEO,Georgia,Tbilisi,Asia,Western Asia,,GE-->CO,GE-->CO,GE-->CO,GE-->CO,GE-->CO,GE-->CO,GE-->CO,GE-->CO,GE-->CO,GE-->CO,GE-->CO,GE-->CO,GE-->CO,GE-->CO,GE-->CO,GE-->CO,GE-->CO,GE-->CO,GE-->CO,,,,,,,,,,,,,,,,,CO-->GE,CO-->GE,CO-->GE,CO-->GE,CO-->GE,CO-->GE,CO-->GE,CO-->GE,CO-->GE,CO-->GE,CO-->GE,CO-->GE,CO-->GE,CO-->GE,CO-->GE,CO-->GE,CO-->GE,CO-->GE,CO-->GE
DE,DEU,Germany,Berlin,Europe,Western Europe,,DE-->CO,DE-->CO,DE-->CO,DE-->CO,DE-->CO,DE-->CO,DE-->CO,DE-->CO,DE-->CO,DE-->CO,DE-->CO,DE-->CO,DE-->CO,DE-->CO,DE-->CO,DE-->CO,DE-->CO,DE-->CO,DE-->CO,,,,,,,,,,,,,,,,,CO-->DE,CO-->DE,CO-->DE,CO-->DE,CO-->DE,CO-->DE,CO-->DE,CO-->DE,CO-->DE,CO-->DE,CO-->DE,CO-->DE,CO-->DE,CO-->DE,CO-->DE,CO-->DE,CO-->DE,CO-->DE,CO-->DE
GH,GHA,Ghana,Accra,Africa,Western Africa,,GH-->CO,GH-->CO,GH-->CO,GH-->CO,GH-->CO,GH-->CO,GH-->CO,GH-->CO,GH-->CO,GH-->CO,GH-->CO,GH-->CO,GH-->CO,GH-->CO,GH-->CO,GH-->CO,GH-->CO,GH-->CO,GH-->CO,,,,,,,,,,,,,,,,,CO-->GH,CO-->GH,CO-->GH,CO-->GH,CO-->GH,CO-->GH,CO-->GH,CO-->GH,CO-->GH,CO-->GH,CO-->GH,CO-->GH,CO-->GH,CO-->GH,CO-->GH,CO-->GH,CO-->GH,CO-->GH,CO-->GH
GI,GIB,Gibraltar,Gibraltar,Europe,Southern Europe,,GI-->CO,GI-->CO,GI-->CO,GI-->CO,GI-->CO,GI-->CO,GI-->CO,GI-->CO,GI-->CO,GI-->CO,GI-->CO,GI-->CO,GI-->CO,GI-->CO,GI-->CO,GI-->CO,GI-->CO,GI-->CO,GI-->CO,,,,,,,,,,,,,,,,,CO-->GI,CO-->GI,CO-->GI,CO-->GI,CO-->GI,CO-->GI,CO-->GI,CO-->GI,CO-->GI,CO-->GI,CO-->GI,CO-->GI,CO-->GI,CO-->GI,CO-->GI,CO-->GI,CO-->GI,CO-->GI,CO-->GI
GR,GRC,Greece,Athens,Europe,Southern Europe,,GR-->CO,GR-->CO,GR-->CO,GR-->CO,GR-->CO,GR-->CO,GR-->CO,GR-->CO,GR-->CO,GR-->CO,GR-->CO,GR-->CO,GR-->CO,GR-->CO,GR-->CO,GR-->CO,GR-->CO,GR-->CO,GR-->CO,,,,,,,,,,,,,,,,,CO-->GR,CO-->GR,CO-->GR,CO-->GR,CO-->GR,CO-->GR,CO-->GR,CO-->GR,CO-->GR,CO-->GR,CO-->GR,CO-->GR,CO-->GR,CO-->GR,CO-->GR,CO-->GR,CO-->GR,CO-->GR,CO-->GR
GL,GRL,Greenland,Nuuk,Americas,Northern America,,GL-->CO,GL-->CO,GL-->CO,GL-->CO,GL-->CO,GL-->CO,GL-->CO,GL-->CO,GL-->CO,GL-->CO,GL-->CO,GL-->CO,GL-->CO,GL-->CO,GL-->CO,GL-->CO,GL-->CO,GL-->CO,GL-->CO,,,,,,,,,,,,,,,,,CO-->GL,CO-->GL,CO-->GL,CO-->GL,CO-->GL,CO-->GL,CO-->GL,CO-->GL,CO-->GL,CO-->GL,CO-->GL,CO-->GL,CO-->GL,CO-->GL,CO-->GL,CO-->GL,CO-->GL,CO-->GL,CO-->GL
GD,GRD,Grenada,St. George's,Americas,Caribbean,,GD-->CO,GD-->CO,GD-->CO,GD-->CO,GD-->CO,GD-->CO,GD-->CO,GD-->CO,GD-->CO,GD-->CO,GD-->CO,GD-->CO,GD-->CO,GD-->CO,GD-->CO,GD-->CO,GD-->CO,GD-->CO,GD-->CO,,,,,,,,,,,,,,,,,CO-->GD,CO-->GD,CO-->GD,CO-->GD,CO-->GD,CO-->GD,CO-->GD,CO-->GD,CO-->GD,CO-->GD,CO-->GD,CO-->GD,CO-->GD,CO-->GD,CO-->GD,CO-->GD,CO-->GD,CO-->GD,CO-->GD
GP,GLP,Guadeloupe,Basse-Terre,Americas,Caribbean,,GP-->CO,GP-->CO,GP-->CO,GP-->CO,GP-->CO,GP-->CO,GP-->CO,GP-->CO,GP-->CO,GP-->CO,GP-->CO,GP-->CO,GP-->CO,GP-->CO,GP-->CO,GP-->CO,GP-->CO,GP-->CO,GP-->CO,,,,,,,,,,,,,,,,,CO-->GP,CO-->GP,CO-->GP,CO-->GP,CO-->GP,CO-->GP,CO-->GP,CO-->GP,CO-->GP,CO-->GP,CO-->GP,CO-->GP,CO-->GP,CO-->GP,CO-->GP,CO-->GP,CO-->GP,CO-->GP,CO-->GP
GU,GUM,Guam,Hagåtña,Oceania,Micronesia,,GU-->CO,GU-->CO,GU-->CO,GU-->CO,GU-->CO,GU-->CO,GU-->CO,GU-->CO,GU-->CO,GU-->CO,GU-->CO,GU-->CO,GU-->CO,GU-->CO,GU-->CO,GU-->CO,GU-->CO,GU-->CO,GU-->CO,,,,,,,,,,,,,,,,,CO-->GU,CO-->GU,CO-->GU,CO-->GU,CO-->GU,CO-->GU,CO-->GU,CO-->GU,CO-->GU,CO-->GU,CO-->GU,CO-->GU,CO-->GU,CO-->GU,CO-->GU,CO-->GU,CO-->GU,CO-->GU,CO-->GU
GT,GTM,Guatemala,Guatemala City,Americas,Central America,,GT-->CO,GT-->CO,GT-->CO,GT-->CO,GT-->CO,GT-->CO,GT-->CO,GT-->CO,GT-->CO,GT-->CO,GT-->CO,GT-->CO,GT-->CO,GT-->CO,GT-->CO,GT-->CO,GT-->CO,GT-->CO,GT-->CO,,,,,,,,,,,,,,,,,CO-->GT,CO-->GT,CO-->GT,CO-->GT,CO-->GT,CO-->GT,CO-->GT,CO-->GT,CO-->GT,CO-->GT,CO-->GT,CO-->GT,CO-->GT,CO-->GT,CO-->GT,CO-->GT,CO-->GT,CO-->GT,CO-->GT
GG,GGY,Guernsey,St. Peter Port,Europe,Northern Europe,,GG-->CO,GG-->CO,GG-->CO,GG-->CO,GG-->CO,GG-->CO,GG-->CO,GG-->CO,GG-->CO,GG-->CO,GG-->CO,GG-->CO,GG-->CO,GG-->CO,GG-->CO,GG-->CO,GG-->CO,GG-->CO,GG-->CO,,,,,,,,,,,,,,,,,CO-->GG,CO-->GG,CO-->GG,CO-->GG,CO-->GG,CO-->GG,CO-->GG,CO-->GG,CO-->GG,CO-->GG,CO-->GG,CO-->GG,CO-->GG,CO-->GG,CO-->GG,CO-->GG,CO-->GG,CO-->GG,CO-->GG
GN,GIN,Guinea,Conakry,Africa,Western Africa,,GN-->CO,GN-->CO,GN-->CO,GN-->CO,GN-->CO,GN-->CO,GN-->CO,GN-->CO,GN-->CO,GN-->CO,GN-->CO,GN-->CO,GN-->CO,GN-->CO,GN-->CO,GN-->CO,GN-->CO,GN-->CO,GN-->CO,,,,,,,,,,,,,,,,,CO-->GN,CO-->GN,CO-->GN,CO-->GN,CO-->GN,CO-->GN,CO-->GN,CO-->GN,CO-->GN,CO-->GN,CO-->GN,CO-->GN,CO-->GN,CO-->GN,CO-->GN,CO-->GN,CO-->GN,CO-->GN,CO-->GN
GW,GNB,Guinea-Bissau,Bissau,Africa,Western Africa,,GW-->CO,GW-->CO,GW-->CO,GW-->CO,GW-->CO,GW-->CO,GW-->CO,GW-->CO,GW-->CO,GW-->CO,GW-->CO,GW-->CO,GW-->CO,GW-->CO,GW-->CO,GW-->CO,GW-->CO,GW-->CO,GW-->CO,,,,,,,,,,,,,,,,,CO-->GW,CO-->GW,CO-->GW,CO-->GW,CO-->GW,CO-->GW,CO-->GW,CO-->GW,CO-->GW,CO-->GW,CO-->GW,CO-->GW,CO-->GW,CO-->GW,CO-->GW,CO-->GW,CO-->GW,CO-->GW,CO-->GW
GY,GUY,Guyana,Georgetown,Americas,South America,,GY-->CO,GY-->CO,GY-->CO,GY-->CO,GY-->CO,GY-->CO,GY-->CO,GY-->CO,GY-->CO,GY-->CO,GY-->CO,GY-->CO,GY-->CO,GY-->CO,GY-->CO,GY-->CO,GY-->CO,GY-->CO,GY-->CO,,,,,,,,,,,,,,,,,CO-->GY,CO-->GY,CO-->GY,CO-->GY,CO-->GY,CO-->GY,CO-->GY,CO-->GY,CO-->GY,CO-->GY,CO-->GY,CO-->GY,CO-->GY,CO-->GY,CO-->GY,CO-->GY,CO-->GY,CO-->GY,CO-->GY
HT,HTI,Haiti,Port-au-Prince,Americas,Caribbean,,HT-->CO,HT-->CO,HT-->CO,HT-->CO,HT-->CO,HT-->CO,HT-->CO,HT-->CO,HT-->CO,HT-->CO,HT-->CO,HT-->CO,HT-->CO,HT-->CO,HT-->CO,HT-->CO,HT-->CO,HT-->CO,HT-->CO,,,,,,,,,,,,,,,,,CO-->HT,CO-->HT,CO-->HT,CO-->HT,CO-->HT,CO-->HT,CO-->HT,CO-->HT,CO-->HT,CO-->HT,CO-->HT,CO-->HT,CO-->HT,CO-->HT,CO-->HT,CO-->HT,CO-->HT,CO-->HT,CO-->HT
HM,HMD,Heard Island and McDonald Islands,,,,,HM-->CO,HM-->CO,HM-->CO,HM-->CO,HM-->CO,HM-->CO,HM-->CO,HM-->CO,HM-->CO,HM-->CO,HM-->CO,HM-->CO,HM-->CO,HM-->CO,HM-->CO,HM-->CO,HM-->CO,HM-->CO,HM-->CO,,,,,,,,,,,,,,,,,CO-->HM,CO-->HM,CO-->HM,CO-->HM,CO-->HM,CO-->HM,CO-->HM,CO-->HM,CO-->HM,CO-->HM,CO-->HM,CO-->HM,CO-->HM,CO-->HM,CO-->HM,CO-->HM,CO-->HM,CO-->HM,CO-->HM
VA,VAT,Holy See,Rome,Europe,Southern Europe,,VA-->CO,VA-->CO,VA-->CO,VA-->CO,VA-->CO,VA-->CO,VA-->CO,VA-->CO,VA-->CO,VA-->CO,VA-->CO,VA-->CO,VA-->CO,VA-->CO,VA-->CO,VA-->CO,VA-->CO,VA-->CO,VA-->CO,,,,,,,,,,,,,,,,,CO-->VA,CO-->VA,CO-->VA,CO-->VA,CO-->VA,CO-->VA,CO-->VA,CO-->VA,CO-->VA,CO-->VA,CO-->VA,CO-->VA,CO-->VA,CO-->VA,CO-->VA,CO-->VA,CO-->VA,CO-->VA,CO-->VA
HN,HND,Honduras,Tegucigalpa,Americas,Central America,,HN-->CO,HN-->CO,HN-->CO,HN-->CO,HN-->CO,HN-->CO,HN-->CO,HN-->CO,HN-->CO,HN-->CO,HN-->CO,HN-->CO,HN-->CO,HN-->CO,HN-->CO,HN-->CO,HN-->CO,HN-->CO,HN-->CO,,,,,,,,,,,,,,,,,CO-->HN,CO-->HN,CO-->HN,CO-->HN,CO-->HN,CO-->HN,CO-->HN,CO-->HN,CO-->HN,CO-->HN,CO-->HN,CO-->HN,CO-->HN,CO-->HN,CO-->HN,CO-->HN,CO-->HN,CO-->HN,CO-->HN
HK,HKG,Hong Kong,City of Victoria,Asia,Eastern Asia,,HK-->CO,HK-->CO,HK-->CO,HK-->CO,HK-->CO,HK-->CO,HK-->CO,HK-->CO,HK-->CO,HK-->CO,HK-->CO,HK-->CO,HK-->CO,HK-->CO,HK-->CO,HK-->CO,HK-->CO,HK-->CO,HK-->CO,,,,,,,,,,,,,,,,,CO-->HK,CO-->HK,CO-->HK,CO-->HK,CO-->HK,CO-->HK,CO-->HK,CO-->HK,CO-->HK,CO-->HK,CO-->HK,CO-->HK,CO-->HK,CO-->HK,CO-->HK,CO-->HK,CO-->HK,CO-->HK,CO-->HK
HU,HUN,Hungary,Budapest,Europe,Eastern Europe,,HU-->CO,HU-->CO,HU-->CO,HU-->CO,HU-->CO,HU-->CO,HU-->CO,HU-->CO,HU-->CO,HU-->CO,HU-->CO,HU-->CO,HU-->CO,HU-->CO,HU-->CO,HU-->CO,HU-->CO,HU-->CO,HU-->CO,,,,,,,,,,,,,,,,,CO-->HU,CO-->HU,CO-->HU,CO-->HU,CO-->HU,CO-->HU,CO-->HU,CO-->HU,CO-->HU,CO-->HU,CO-->HU,CO-->HU,CO-->HU,CO-->HU,CO-->HU,CO-->HU,CO-->HU,CO-->HU,CO-->HU
IS,ISL,Iceland,Reykjavík,Europe,Northern Europe,,IS-->CO,IS-->CO,IS-->CO,IS-->CO,IS-->CO,IS-->CO,IS-->CO,IS-->CO,IS-->CO,IS-->CO,IS-->CO,IS-->CO,IS-->CO,IS-->CO,IS-->CO,IS-->CO,IS-->CO,IS-->CO,IS-->CO,,,,,,,,,,,,,,,,,CO-->IS,CO-->IS,CO-->IS,CO-->IS,CO-->IS,CO-->IS,CO-->IS,CO-->IS,CO-->IS,CO-->IS,CO-->IS,CO-->IS,CO-->IS,CO-->IS,CO-->IS,CO-->IS,CO-->IS,CO-->IS,CO-->IS
IN,IND,India,New Delhi,Asia,Southern Asia,,IN-->CO,IN-->CO,IN-->CO,IN-->CO,IN-->CO,IN-->CO,IN-->CO,IN-->CO,IN-->CO,IN-->CO,IN-->CO,IN-->CO,IN-->CO,IN-->CO,IN-->CO,IN-->CO,IN-->CO,IN-->CO,IN-->CO,,,,,,,,,,,,,,,,,CO-->IN,CO-->IN,CO-->IN,CO-->IN,CO-->IN,CO-->IN,CO-->IN,CO-->IN,CO-->IN,CO-->IN,CO-->IN,CO-->IN,CO-->IN,CO-->IN,CO-->IN,CO-->IN,CO-->IN,CO-->IN,CO-->IN
ID,IDN,Indonesia,Jakarta,Asia,South-Eastern Asia,,ID-->CO,ID-->CO,ID-->CO,ID-->CO,ID-->CO,ID-->CO,ID-->CO,ID-->CO,ID-->CO,ID-->CO,ID-->CO,ID-->CO,ID-->CO,ID-->CO,ID-->CO,ID-->CO,ID-->CO,ID-->CO,ID-->CO,,,,,,,,,,,,,,,,,CO-->ID,CO-->ID,CO-->ID,CO-->ID,CO-->ID,CO-->ID,CO-->ID,CO-->ID,CO-->ID,CO-->ID,CO-->ID,CO-->ID,CO-->ID,CO-->ID,CO-->ID,CO-->ID,CO-->ID,CO-->ID,CO-->ID
CI,CIV,Ivory Coast,Yamoussoukro,Africa,Western Africa,,CI-->CO,CI-->CO,CI-->CO,CI-->CO,CI-->CO,CI-->CO,CI-->CO,CI-->CO,CI-->CO,CI-->CO,CI-->CO,CI-->CO,CI-->CO,CI-->CO,CI-->CO,CI-->CO,CI-->CO,CI-->CO,CI-->CO,,,,,,,,,,,,,,,,,CO-->CI,CO-->CI,CO-->CI,CO-->CI,CO-->CI,CO-->CI,CO-->CI,CO-->CI,CO-->CI,CO-->CI,CO-->CI,CO-->CI,CO-->CI,CO-->CI,CO-->CI,CO-->CI,CO-->CI,CO-->CI,CO-->CI
IR,IRN,Iran,Tehran,Asia,Southern Asia,,IR-->CO,IR-->CO,IR-->CO,IR-->CO,IR-->CO,IR-->CO,IR-->CO,IR-->CO,IR-->CO,IR-->CO,IR-->CO,IR-->CO,IR-->CO,IR-->CO,IR-->CO,IR-->CO,IR-->CO,IR-->CO,IR-->CO,,,,,,,,,,,,,,,,,CO-->IR,CO-->IR,CO-->IR,CO-->IR,CO-->IR,CO-->IR,CO-->IR,CO-->IR,CO-->IR,CO-->IR,CO-->IR,CO-->IR,CO-->IR,CO-->IR,CO-->IR,CO-->IR,CO-->IR,CO-->IR,CO-->IR
IQ,IRQ,Iraq,Baghdad,Asia,Western Asia,,IQ-->CO,IQ-->CO,IQ-->CO,IQ-->CO,IQ-->CO,IQ-->CO,IQ-->CO,IQ-->CO,IQ-->CO,IQ-->CO,IQ-->CO,IQ-->CO,IQ-->CO,IQ-->CO,IQ-->CO,IQ-->CO,IQ-->CO,IQ-->CO,IQ-->CO,,,,,,,,,,,,,,,,,CO-->IQ,CO-->IQ,CO-->IQ,CO-->IQ,CO-->IQ,CO-->IQ,CO-->IQ,CO-->IQ,CO-->IQ,CO-->IQ,CO-->IQ,CO-->IQ,CO-->IQ,CO-->IQ,CO-->IQ,CO-->IQ,CO-->IQ,CO-->IQ,CO-->IQ
IE,IRL,Republic of Ireland,Dublin,Europe,Northern Europe,,IE-->CO,IE-->CO,IE-->CO,IE-->CO,IE-->CO,IE-->CO,IE-->CO,IE-->CO,IE-->CO,IE-->CO,IE-->CO,IE-->CO,IE-->CO,IE-->CO,IE-->CO,IE-->CO,IE-->CO,IE-->CO,IE-->CO,,,,,,,,,,,,,,,,,CO-->IE,CO-->IE,CO-->IE,CO-->IE,CO-->IE,CO-->IE,CO-->IE,CO-->IE,CO-->IE,CO-->IE,CO-->IE,CO-->IE,CO-->IE,CO-->IE,CO-->IE,CO-->IE,CO-->IE,CO-->IE,CO-->IE
IM,IMN,Isle of Man,Douglas,Europe,Northern Europe,,IM-->CO,IM-->CO,IM-->CO,IM-->CO,IM-->CO,IM-->CO,IM-->CO,IM-->CO,IM-->CO,IM-->CO,IM-->CO,IM-->CO,IM-->CO,IM-->CO,IM-->CO,IM-->CO,IM-->CO,IM-->CO,IM-->CO,,,,,,,,,,,,,,,,,CO-->IM,CO-->IM,CO-->IM,CO-->IM,CO-->IM,CO-->IM,CO-->IM,CO-->IM,CO-->IM,CO-->IM,CO-->IM,CO-->IM,CO-->IM,CO-->IM,CO-->IM,CO-->IM,CO-->IM,CO-->IM,CO-->IM
IL,ISR,Israel,Jerusalem,Asia,Western Asia,,IL-->CO,IL-->CO,IL-->CO,IL-->CO,IL-->CO,IL-->CO,IL-->CO,IL-->CO,IL-->CO,IL-->CO,IL-->CO,IL-->CO,IL-->CO,IL-->CO,IL-->CO,IL-->CO,IL-->CO,IL-->CO,IL-->CO,,,,,,,,,,,,,,,,,CO-->IL,CO-->IL,CO-->IL,CO-->IL,CO-->IL,CO-->IL,CO-->IL,CO-->IL,CO-->IL,CO-->IL,CO-->IL,CO-->IL,CO-->IL,CO-->IL,CO-->IL,CO-->IL,CO-->IL,CO-->IL,CO-->IL
IT,ITA,Italy,Rome,Europe,Southern Europe,,IT-->CO,IT-->CO,IT-->CO,IT-->CO,IT-->CO,IT-->CO,IT-->CO,IT-->CO,IT-->CO,IT-->CO,IT-->CO,IT-->CO,IT-->CO,IT-->CO,IT-->CO,IT-->CO,IT-->CO,IT-->CO,IT-->CO,,,,,,,,,,,,,,,,,CO-->IT,CO-->IT,CO-->IT,CO-->IT,CO-->IT,CO-->IT,CO-->IT,CO-->IT,CO-->IT,CO-->IT,CO-->IT,CO-->IT,CO-->IT,CO-->IT,CO-->IT,CO-->IT,CO-->IT,CO-->IT,CO-->IT
JM,JAM,Jamaica,Kingston,Americas,Caribbean,,JM-->CO,JM-->CO,JM-->CO,JM-->CO,JM-->CO,JM-->CO,JM-->CO,JM-->CO,JM-->CO,JM-->CO,JM-->CO,JM-->CO,JM-->CO,JM-->CO,JM-->CO,JM-->CO,JM-->CO,JM-->CO,JM-->CO,,,,,,,,,,,,,,,,,CO-->JM,CO-->JM,CO-->JM,CO-->JM,CO-->JM,CO-->JM,CO-->JM,CO-->JM,CO-->JM,CO-->JM,CO-->JM,CO-->JM,CO-->JM,CO-->JM,CO-->JM,CO-->JM,CO-->JM,CO-->JM,CO-->JM
JP,JPN,Japan,Tokyo,Asia,Eastern Asia,,JP-->CO,JP-->CO,JP-->CO,JP-->CO,JP-->CO,JP-->CO,JP-->CO,JP-->CO,JP-->CO,JP-->CO,JP-->CO,JP-->CO,JP-->CO,JP-->CO,JP-->CO,JP-->CO,JP-->CO,JP-->CO,JP-->CO,,,,,,,,,,,,,,,,,CO-->JP,CO-->JP,CO-->JP,CO-->JP,CO-->JP,CO-->JP,CO-->JP,CO-->JP,CO-->JP,CO-->JP,CO-->JP,CO-->JP,CO-->JP,CO-->JP,CO-->JP,CO-->JP,CO-->JP,CO-->JP,CO-->JP
JE,JEY,Jersey,Saint Helier,Europe,Northern Europe,,JE-->CO,JE-->CO,JE-->CO,JE-->CO,JE-->CO,JE-->CO,JE-->CO,JE-->CO,JE-->CO,JE-->CO,JE-->CO,JE-->CO,JE-->CO,JE-->CO,JE-->CO,JE-->CO,JE-->CO,JE-->CO,JE-->CO,,,,,,,,,,,,,,,,,CO-->JE,CO-->JE,CO-->JE,CO-->JE,CO-->JE,CO-->JE,CO-->JE,CO-->JE,CO-->JE,CO-->JE,CO-->JE,CO-->JE,CO-->JE,CO-->JE,CO-->JE,CO-->JE,CO-->JE,CO-->JE,CO-->JE
JO,JOR,Jordan,Amman,Asia,Western Asia,,JO-->CO,JO-->CO,JO-->CO,JO-->CO,JO-->CO,JO-->CO,JO-->CO,JO-->CO,JO-->CO,JO-->CO,JO-->CO,JO-->CO,JO-->CO,JO-->CO,JO-->CO,JO-->CO,JO-->CO,JO-->CO,JO-->CO,,,,,,,,,,,,,,,,,CO-->JO,CO-->JO,CO-->JO,CO-->JO,CO-->JO,CO-->JO,CO-->JO,CO-->JO,CO-->JO,CO-->JO,CO-->JO,CO-->JO,CO-->JO,CO-->JO,CO-->JO,CO-->JO,CO-->JO,CO-->JO,CO-->JO
KZ,KAZ,Kazakhstan,Astana,Asia,Central Asia,,KZ-->CO,KZ-->CO,KZ-->CO,KZ-->CO,KZ-->CO,KZ-->CO,KZ-->CO,KZ-->CO,KZ-->CO,KZ-->CO,KZ-->CO,KZ-->CO,KZ-->CO,KZ-->CO,KZ-->CO,KZ-->CO,KZ-->CO,KZ-->CO,KZ-->CO,,,,,,,,,,,,,,,,,CO-->KZ,CO-->KZ,CO-->KZ,CO-->KZ,CO-->KZ,CO-->KZ,CO-->KZ,CO-->KZ,CO-->KZ,CO-->KZ,CO-->KZ,CO-->KZ,CO-->KZ,CO-->KZ,CO-->KZ,CO-->KZ,CO-->KZ,CO-->KZ,CO-->KZ
KE,KEN,Kenya,Nairobi,Africa,Eastern Africa,,KE-->CO,KE-->CO,KE-->CO,KE-->CO,KE-->CO,KE-->CO,KE-->CO,KE-->CO,KE-->CO,KE-->CO,KE-->CO,KE-->CO,KE-->CO,KE-->CO,KE-->CO,KE-->CO,KE-->CO,KE-->CO,KE-->CO,,,,,,,,,,,,,,,,,CO-->KE,CO-->KE,CO-->KE,CO-->KE,CO-->KE,CO-->KE,CO-->KE,CO-->KE,CO-->KE,CO-->KE,CO-->KE,CO-->KE,CO-->KE,CO-->KE,CO-->KE,CO-->KE,CO-->KE,CO-->KE,CO-->KE
KI,KIR,Kiribati,South Tarawa,Oceania,Micronesia,,KI-->CO,KI-->CO,KI-->CO,KI-->CO,KI-->CO,KI-->CO,KI-->CO,KI-->CO,KI-->CO,KI-->CO,KI-->CO,KI-->CO,KI-->CO,KI-->CO,KI-->CO,KI-->CO,KI-->CO,KI-->CO,KI-->CO,,,,,,,,,,,,,,,,,CO-->KI,CO-->KI,CO-->KI,CO-->KI,CO-->KI,CO-->KI,CO-->KI,CO-->KI,CO-->KI,CO-->KI,CO-->KI,CO-->KI,CO-->KI,CO-->KI,CO-->KI,CO-->KI,CO-->KI,CO-->KI,CO-->KI
KW,KWT,Kuwait,Kuwait City,Asia,Western Asia,,KW-->CO,KW-->CO,KW-->CO,KW-->CO,KW-->CO,KW-->CO,KW-->CO,KW-->CO,KW-->CO,KW-->CO,KW-->CO,KW-->CO,KW-->CO,KW-->CO,KW-->CO,KW-->CO,KW-->CO,KW-->CO,KW-->CO,,,,,,,,,,,,,,,,,CO-->KW,CO-->KW,CO-->KW,CO-->KW,CO-->KW,CO-->KW,CO-->KW,CO-->KW,CO-->KW,CO-->KW,CO-->KW,CO-->KW,CO-->KW,CO-->KW,CO-->KW,CO-->KW,CO-->KW,CO-->KW,CO-->KW
KG,KGZ,Kyrgyzstan,Bishkek,Asia,Central Asia,,KG-->CO,KG-->CO,KG-->CO,KG-->CO,KG-->CO,KG-->CO,KG-->CO,KG-->CO,KG-->CO,KG-->CO,KG-->CO,KG-->CO,KG-->CO,KG-->CO,KG-->CO,KG-->CO,KG-->CO,KG-->CO,KG-->CO,,,,,,,,,,,,,,,,,CO-->KG,CO-->KG,CO-->KG,CO-->KG,CO-->KG,CO-->KG,CO-->KG,CO-->KG,CO-->KG,CO-->KG,CO-->KG,CO-->KG,CO-->KG,CO-->KG,CO-->KG,CO-->KG,CO-->KG,CO-->KG,CO-->KG
LA,LAO,Laos,Vientiane,Asia,South-Eastern Asia,,LA-->CO,LA-->CO,LA-->CO,LA-->CO,LA-->CO,LA-->CO,LA-->CO,LA-->CO,LA-->CO,LA-->CO,LA-->CO,LA-->CO,LA-->CO,LA-->CO,LA-->CO,LA-->CO,LA-->CO,LA-->CO,LA-->CO,,,,,,,,,,,,,,,,,CO-->LA,CO-->LA,CO-->LA,CO-->LA,CO-->LA,CO-->LA,CO-->LA,CO-->LA,CO-->LA,CO-->LA,CO-->LA,CO-->LA,CO-->LA,CO-->LA,CO-->LA,CO-->LA,CO-->LA,CO-->LA,CO-->LA
LV,LVA,Latvia,Riga,Europe,Northern Europe,,LV-->CO,LV-->CO,LV-->CO,LV-->CO,LV-->CO,LV-->CO,LV-->CO,LV-->CO,LV-->CO,LV-->CO,LV-->CO,LV-->CO,LV-->CO,LV-->CO,LV-->CO,LV-->CO,LV-->CO,LV-->CO,LV-->CO,,,,,,,,,,,,,,,,,CO-->LV,CO-->LV,CO-->LV,CO-->LV,CO-->LV,CO-->LV,CO-->LV,CO-->LV,CO-->LV,CO-->LV,CO-->LV,CO-->LV,CO-->LV,CO-->LV,CO-->LV,CO-->LV,CO-->LV,CO-->LV,CO-->LV
LB,LBN,Lebanon,Beirut,Asia,Western Asia,,LB-->CO,LB-->CO,LB-->CO,LB-->CO,LB-->CO,LB-->CO,LB-->CO,LB-->CO,LB-->CO,LB-->CO,LB-->CO,LB-->CO,LB-->CO,LB-->CO,LB-->CO,LB-->CO,LB-->CO,LB-->CO,LB-->CO,,,,,,,,,,,,,,,,,CO-->LB,CO-->LB,CO-->LB,CO-->LB,CO-->LB,CO-->LB,CO-->LB,CO-->LB,CO-->LB,CO-->LB,CO-->LB,CO-->LB,CO-->LB,CO-->LB,CO-->LB,CO-->LB,CO-->LB,CO-->LB,CO-->LB
LS,LSO,Lesotho,Maseru,Africa,Southern Africa,,LS-->CO,LS-->CO,LS-->CO,LS-->CO,LS-->CO,LS-->CO,LS-->CO,LS-->CO,LS-->CO,LS-->CO,LS-->CO,LS-->CO,LS-->CO,LS-->CO,LS-->CO,LS-->CO,LS-->CO,LS-->CO,LS-->CO,,,,,,,,,,,,,,,,,CO-->LS,CO-->LS,CO-->LS,CO-->LS,CO-->LS,CO-->LS,CO-->LS,CO-->LS,CO-->LS,CO-->LS,CO-->LS,CO-->LS,CO-->LS,CO-->LS,CO-->LS,CO-->LS,CO-->LS,CO-->LS,CO-->LS
LR,LBR,Liberia,Monrovia,Africa,Western Africa,,LR-->CO,LR-->CO,LR-->CO,LR-->CO,LR-->CO,LR-->CO,LR-->CO,LR-->CO,LR-->CO,LR-->CO,LR-->CO,LR-->CO,LR-->CO,LR-->CO,LR-->CO,LR-->CO,LR-->CO,LR-->CO,LR-->CO,,,,,,,,,,,,,,,,,CO-->LR,CO-->LR,CO-->LR,CO-->LR,CO-->LR,CO-->LR,CO-->LR,CO-->LR,CO-->LR,CO-->LR,CO-->LR,CO-->LR,CO-->LR,CO-->LR,CO-->LR,CO-->LR,CO-->LR,CO-->LR,CO-->LR
LY,LBY,Libya,Tripoli,Africa,Northern Africa,,LY-->CO,LY-->CO,LY-->CO,LY-->CO,LY-->CO,LY-->CO,LY-->CO,LY-->CO,LY-->CO,LY-->CO,LY-->CO,LY-->CO,LY-->CO,LY-->CO,LY-->CO,LY-->CO,LY-->CO,LY-->CO,LY-->CO,,,,,,,,,,,,,,,,,CO-->LY,CO-->LY,CO-->LY,CO-->LY,CO-->LY,CO-->LY,CO-->LY,CO-->LY,CO-->LY,CO-->LY,CO-->LY,CO-->LY,CO-->LY,CO-->LY,CO-->LY,CO-->LY,CO-->LY,CO-->LY,CO-->LY
LI,LIE,Liechtenstein,Vaduz,Europe,Western Europe,,LI-->CO,LI-->CO,LI-->CO,LI-->CO,LI-->CO,LI-->CO,LI-->CO,LI-->CO,LI-->CO,LI-->CO,LI-->CO,LI-->CO,LI-->CO,LI-->CO,LI-->CO,LI-->CO,LI-->CO,LI-->CO,LI-->CO,,,,,,,,,,,,,,,,,CO-->LI,CO-->LI,CO-->LI,CO-->LI,CO-->LI,CO-->LI,CO-->LI,CO-->LI,CO-->LI,CO-->LI,CO-->LI,CO-->LI,CO-->LI,CO-->LI,CO-->LI,CO-->LI,CO-->LI,CO-->LI,CO-->LI
LT,LTU,Lithuania,Vilnius,Europe,Northern Europe,,LT-->CO,LT-->CO,LT-->CO,LT-->CO,LT-->CO,LT-->CO,LT-->CO,LT-->CO,LT-->CO,LT-->CO,LT-->CO,LT-->CO,LT-->CO,LT-->CO,LT-->CO,LT-->CO,LT-->CO,LT-->CO,LT-->CO,,,,,,,,,,,,,,,,,CO-->LT,CO-->LT,CO-->LT,CO-->LT,CO-->LT,CO-->LT,CO-->LT,CO-->LT,CO-->LT,CO-->LT,CO-->LT,CO-->LT,CO-->LT,CO-->LT,CO-->LT,CO-->LT,CO-->LT,CO-->LT,CO-->LT
LU,LUX,Luxembourg,Luxembourg,Europe,Western Europe,,LU-->CO,LU-->CO,LU-->CO,LU-->CO,LU-->CO,LU-->CO,LU-->CO,LU-->CO,LU-->CO,LU-->CO,LU-->CO,LU-->CO,LU-->CO,LU-->CO,LU-->CO,LU-->CO,LU-->CO,LU-->CO,LU-->CO,,,,,,,,,,,,,,,,,CO-->LU,CO-->LU,CO-->LU,CO-->LU,CO-->LU,CO-->LU,CO-->LU,CO-->LU,CO-->LU,CO-->LU,CO-->LU,CO-->LU,CO-->LU,CO-->LU,CO-->LU,CO-->LU,CO-->LU,CO-->LU,CO-->LU
MO,MAC,Macau,,Asia,Eastern Asia,,MO-->CO,MO-->CO,MO-->CO,MO-->CO,MO-->CO,MO-->CO,MO-->CO,MO-->CO,MO-->CO,MO-->CO,MO-->CO,MO-->CO,MO-->CO,MO-->CO,MO-->CO,MO-->CO,MO-->CO,MO-->CO,MO-->CO,,,,,,,,,,,,,,,,,CO-->MO,CO-->MO,CO-->MO,CO-->MO,CO-->MO,CO-->MO,CO-->MO,CO-->MO,CO-->MO,CO-->MO,CO-->MO,CO-->MO,CO-->MO,CO-->MO,CO-->MO,CO-->MO,CO-->MO,CO-->MO,CO-->MO
MK,MKD,Republic of Macedonia,Skopje,Europe,Southern Europe,,MK-->CO,MK-->CO,MK-->CO,MK-->CO,MK-->CO,MK-->CO,MK-->CO,MK-->CO,MK-->CO,MK-->CO,MK-->CO,MK-->CO,MK-->CO,MK-->CO,MK-->CO,MK-->CO,MK-->CO,MK-->CO,MK-->CO,,,,,,,,,,,,,,,,,CO-->MK,CO-->MK,CO-->MK,CO-->MK,CO-->MK,CO-->MK,CO-->MK,CO-->MK,CO-->MK,CO-->MK,CO-->MK,CO-->MK,CO-->MK,CO-->MK,CO-->MK,CO-->MK,CO-->MK,CO-->MK,CO-->MK
MG,MDG,Madagascar,Antananarivo,Africa,Eastern Africa,,MG-->CO,MG-->CO,MG-->CO,MG-->CO,MG-->CO,MG-->CO,MG-->CO,MG-->CO,MG-->CO,MG-->CO,MG-->CO,MG-->CO,MG-->CO,MG-->CO,MG-->CO,MG-->CO,MG-->CO,MG-->CO,MG-->CO,,,,,,,,,,,,,,,,,CO-->MG,CO-->MG,CO-->MG,CO-->MG,CO-->MG,CO-->MG,CO-->MG,CO-->MG,CO-->MG,CO-->MG,CO-->MG,CO-->MG,CO-->MG,CO-->MG,CO-->MG,CO-->MG,CO-->MG,CO-->MG,CO-->MG
MW,MWI,Malawi,Lilongwe,Africa,Eastern Africa,,MW-->CO,MW-->CO,MW-->CO,MW-->CO,MW-->CO,MW-->CO,MW-->CO,MW-->CO,MW-->CO,MW-->CO,MW-->CO,MW-->CO,MW-->CO,MW-->CO,MW-->CO,MW-->CO,MW-->CO,MW-->CO,MW-->CO,,,,,,,,,,,,,,,,,CO-->MW,CO-->MW,CO-->MW,CO-->MW,CO-->MW,CO-->MW,CO-->MW,CO-->MW,CO-->MW,CO-->MW,CO-->MW,CO-->MW,CO-->MW,CO-->MW,CO-->MW,CO-->MW,CO-->MW,CO-->MW,CO-->MW
MY,MYS,Malaysia,Kuala Lumpur,Asia,South-Eastern Asia,,MY-->CO,MY-->CO,MY-->CO,MY-->CO,MY-->CO,MY-->CO,MY-->CO,MY-->CO,MY-->CO,MY-->CO,MY-->CO,MY-->CO,MY-->CO,MY-->CO,MY-->CO,MY-->CO,MY-->CO,MY-->CO,MY-->CO,,,,,,,,,,,,,,,,,CO-->MY,CO-->MY,CO-->MY,CO-->MY,CO-->MY,CO-->MY,CO-->MY,CO-->MY,CO-->MY,CO-->MY,CO-->MY,CO-->MY,CO-->MY,CO-->MY,CO-->MY,CO-->MY,CO-->MY,CO-->MY,CO-->MY
MV,MDV,Maldives,Malé,Asia,Southern Asia,,MV-->CO,MV-->CO,MV-->CO,MV-->CO,MV-->CO,MV-->CO,MV-->CO,MV-->CO,MV-->CO,MV-->CO,MV-->CO,MV-->CO,MV-->CO,MV-->CO,MV-->CO,MV-->CO,MV-->CO,MV-->CO,MV-->CO,,,,,,,,,,,,,,,,,CO-->MV,CO-->MV,CO-->MV,CO-->MV,CO-->MV,CO-->MV,CO-->MV,CO-->MV,CO-->MV,CO-->MV,CO-->MV,CO-->MV,CO-->MV,CO-->MV,CO-->MV,CO-->MV,CO-->MV,CO-->MV,CO-->MV
ML,MLI,Mali,Bamako,Africa,Western Africa,,ML-->CO,ML-->CO,ML-->CO,ML-->CO,ML-->CO,ML-->CO,ML-->CO,ML-->CO,ML-->CO,ML-->CO,ML-->CO,ML-->CO,ML-->CO,ML-->CO,ML-->CO,ML-->CO,ML-->CO,ML-->CO,ML-->CO,,,,,,,,,,,,,,,,,CO-->ML,CO-->ML,CO-->ML,CO-->ML,CO-->ML,CO-->ML,CO-->ML,CO-->ML,CO-->ML,CO-->ML,CO-->ML,CO-->ML,CO-->ML,CO-->ML,CO-->ML,CO-->ML,CO-->ML,CO-->ML,CO-->ML
MT,MLT,Malta,Valletta,Europe,Southern Europe,,MT-->CO,MT-->CO,MT-->CO,MT-->CO,MT-->CO,MT-->CO,MT-->CO,MT-->CO,MT-->CO,MT-->CO,MT-->CO,MT-->CO,MT-->CO,MT-->CO,MT-->CO,MT-->CO,MT-->CO,MT-->CO,MT-->CO,,,,,,,,,,,,,,,,,CO-->MT,CO-->MT,CO-->MT,CO-->MT,CO-->MT,CO-->MT,CO-->MT,CO-->MT,CO-->MT,CO-->MT,CO-->MT,CO-->MT,CO-->MT,CO-->MT,CO-->MT,CO-->MT,CO-->MT,CO-->MT,CO-->MT
MH,MHL,Marshall Islands,Majuro,Oceania,Micronesia,,MH-->CO,MH-->CO,MH-->CO,MH-->CO,MH-->CO,MH-->CO,MH-->CO,MH-->CO,MH-->CO,MH-->CO,MH-->CO,MH-->CO,MH-->CO,MH-->CO,MH-->CO,MH-->CO,MH-->CO,MH-->CO,MH-->CO,,,,,,,,,,,,,,,,,CO-->MH,CO-->MH,CO-->MH,CO-->MH,CO-->MH,CO-->MH,CO-->MH,CO-->MH,CO-->MH,CO-->MH,CO-->MH,CO-->MH,CO-->MH,CO-->MH,CO-->MH,CO-->MH,CO-->MH,CO-->MH,CO-->MH
MQ,MTQ,Martinique,Fort-de-France,Americas,Caribbean,,MQ-->CO,MQ-->CO,MQ-->CO,MQ-->CO,MQ-->CO,MQ-->CO,MQ-->CO,MQ-->CO,MQ-->CO,MQ-->CO,MQ-->CO,MQ-->CO,MQ-->CO,MQ-->CO,MQ-->CO,MQ-->CO,MQ-->CO,MQ-->CO,MQ-->CO,,,,,,,,,,,,,,,,,CO-->MQ,CO-->MQ,CO-->MQ,CO-->MQ,CO-->MQ,CO-->MQ,CO-->MQ,CO-->MQ,CO-->MQ,CO-->MQ,CO-->MQ,CO-->MQ,CO-->MQ,CO-->MQ,CO-->MQ,CO-->MQ,CO-->MQ,CO-->MQ,CO-->MQ
MR,MRT,Mauritania,Nouakchott,Africa,Western Africa,,MR-->CO,MR-->CO,MR-->CO,MR-->CO,MR-->CO,MR-->CO,MR-->CO,MR-->CO,MR-->CO,MR-->CO,MR-->CO,MR-->CO,MR-->CO,MR-->CO,MR-->CO,MR-->CO,MR-->CO,MR-->CO,MR-->CO,0.0,,,,,,,,,,,,,,,,CO-->MR,CO-->MR,CO-->MR,CO-->MR,CO-->MR,CO-->MR,CO-->MR,CO-->MR,CO-->MR,CO-->MR,CO-->MR,CO-->MR,CO-->MR,CO-->MR,CO-->MR,CO-->MR,CO-->MR,CO-->MR,CO-->MR
MU,MUS,Mauritius,Port Louis,Africa,Eastern Africa,,MU-->CO,MU-->CO,MU-->CO,MU-->CO,MU-->CO,MU-->CO,MU-->CO,MU-->CO,MU-->CO,MU-->CO,MU-->CO,MU-->CO,MU-->CO,MU-->CO,MU-->CO,MU-->CO,MU-->CO,MU-->CO,MU-->CO,,,,,,,,,,,,,,,,,CO-->MU,CO-->MU,CO-->MU,CO-->MU,CO-->MU,CO-->MU,CO-->MU,CO-->MU,CO-->MU,CO-->MU,CO-->MU,CO-->MU,CO-->MU,CO-->MU,CO-->MU,CO-->MU,CO-->MU,CO-->MU,CO-->MU
YT,MYT,Mayotte,Mamoudzou,Africa,Eastern Africa,,YT-->CO,YT-->CO,YT-->CO,YT-->CO,YT-->CO,YT-->CO,YT-->CO,YT-->CO,YT-->CO,YT-->CO,YT-->CO,YT-->CO,YT-->CO,YT-->CO,YT-->CO,YT-->CO,YT-->CO,YT-->CO,YT-->CO,,,,,,,,,,,,,,,,,CO-->YT,CO-->YT,CO-->YT,CO-->YT,CO-->YT,CO-->YT,CO-->YT,CO-->YT,CO-->YT,CO-->YT,CO-->YT,CO-->YT,CO-->YT,CO-->YT,CO-->YT,CO-->YT,CO-->YT,CO-->YT,CO-->YT
MX,MEX,Mexico,Mexico City,Americas,Central America,,MX-->CO,MX-->CO,MX-->CO,MX-->CO,MX-->CO,MX-->CO,MX-->CO,MX-->CO,MX-->CO,MX-->CO,MX-->CO,MX-->CO,MX-->CO,MX-->CO,MX-->CO,MX-->CO,MX-->CO,MX-->CO,MX-->CO,,,,,,,,,,,,,,,,,CO-->MX,CO-->MX,CO-->MX,CO-->MX,CO-->MX,CO-->MX,CO-->MX,CO-->MX,CO-->MX,CO-->MX,CO-->MX,CO-->MX,CO-->MX,CO-->MX,CO-->MX,CO-->MX,CO-->MX,CO-->MX,CO-->MX
FM,FSM,Federated States of Micronesia,Palikir,Oceania,Micronesia,,FM-->CO,FM-->CO,FM-->CO,FM-->CO,FM-->CO,FM-->CO,FM-->CO,FM-->CO,FM-->CO,FM-->CO,FM-->CO,FM-->CO,FM-->CO,FM-->CO,FM-->CO,FM-->CO,FM-->CO,FM-->CO,FM-->CO,,,,,,,,,,,,,,,,,CO-->FM,CO-->FM,CO-->FM,CO-->FM,CO-->FM,CO-->FM,CO-->FM,CO-->FM,CO-->FM,CO-->FM,CO-->FM,CO-->FM,CO-->FM,CO-->FM,CO-->FM,CO-->FM,CO-->FM,CO-->FM,CO-->FM
MD,MDA,Moldova,Chișinău,Europe,Eastern Europe,,MD-->CO,MD-->CO,MD-->CO,MD-->CO,MD-->CO,MD-->CO,MD-->CO,MD-->CO,MD-->CO,MD-->CO,MD-->CO,MD-->CO,MD-->CO,MD-->CO,MD-->CO,MD-->CO,MD-->CO,MD-->CO,MD-->CO,,,,,,,,,,,,,,,,,CO-->MD,CO-->MD,CO-->MD,CO-->MD,CO-->MD,CO-->MD,CO-->MD,CO-->MD,CO-->MD,CO-->MD,CO-->MD,CO-->MD,CO-->MD,CO-->MD,CO-->MD,CO-->MD,CO-->MD,CO-->MD,CO-->MD
MC,MCO,Monaco,Monaco,Europe,Western Europe,,MC-->CO,MC-->CO,MC-->CO,MC-->CO,MC-->CO,MC-->CO,MC-->CO,MC-->CO,MC-->CO,MC-->CO,MC-->CO,MC-->CO,MC-->CO,MC-->CO,MC-->CO,MC-->CO,MC-->CO,MC-->CO,MC-->CO,,,,,,,,,,,,,,,,,CO-->MC,CO-->MC,CO-->MC,CO-->MC,CO-->MC,CO-->MC,CO-->MC,CO-->MC,CO-->MC,CO-->MC,CO-->MC,CO-->MC,CO-->MC,CO-->MC,CO-->MC,CO-->MC,CO-->MC,CO-->MC,CO-->MC
MN,MNG,Mongolia,Ulan Bator,Asia,Eastern Asia,,MN-->CO,MN-->CO,MN-->CO,MN-->CO,MN-->CO,MN-->CO,MN-->CO,MN-->CO,MN-->CO,MN-->CO,MN-->CO,MN-->CO,MN-->CO,MN-->CO,MN-->CO,MN-->CO,MN-->CO,MN-->CO,MN-->CO,,,,,,,,,,,,,,,,,CO-->MN,CO-->MN,CO-->MN,CO-->MN,CO-->MN,CO-->MN,CO-->MN,CO-->MN,CO-->MN,CO-->MN,CO-->MN,CO-->MN,CO-->MN,CO-->MN,CO-->MN,CO-->MN,CO-->MN,CO-->MN,CO-->MN
ME,MNE,Montenegro,Podgorica,Europe,Southern Europe,,ME-->CO,ME-->CO,ME-->CO,ME-->CO,ME-->CO,ME-->CO,ME-->CO,ME-->CO,ME-->CO,ME-->CO,ME-->CO,ME-->CO,ME-->CO,ME-->CO,ME-->CO,ME-->CO,ME-->CO,ME-->CO,ME-->CO,,,,,,,,,,,,,,,,,CO-->ME,CO-->ME,CO-->ME,CO-->ME,CO-->ME,CO-->ME,CO-->ME,CO-->ME,CO-->ME,CO-->ME,CO-->ME,CO-->ME,CO-->ME,CO-->ME,CO-->ME,CO-->ME,CO-->ME,CO-->ME,CO-->ME
MS,MSR,Montserrat,Plymouth,Americas,Caribbean,,MS-->CO,MS-->CO,MS-->CO,MS-->CO,MS-->CO,MS-->CO,MS-->CO,MS-->CO,MS-->CO,MS-->CO,MS-->CO,MS-->CO,MS-->CO,MS-->CO,MS-->CO,MS-->CO,MS-->CO,MS-->CO,MS-->CO,,,,,,,,,,,,,,,,,CO-->MS,CO-->MS,CO-->MS,CO-->MS,CO-->MS,CO-->MS,CO-->MS,CO-->MS,CO-->MS,CO-->MS,CO-->MS,CO-->MS,CO-->MS,CO-->MS,CO-->MS,CO-->MS,CO-->MS,CO-->MS,CO-->MS
MA,MAR,Morocco,Rabat,Africa,Northern Africa,,MA-->CO,MA-->CO,MA-->CO,MA-->CO,MA-->CO,MA-->CO,MA-->CO,MA-->CO,MA-->CO,MA-->CO,MA-->CO,MA-->CO,MA-->CO,MA-->CO,MA-->CO,MA-->CO,MA-->CO,MA-->CO,MA-->CO,,,,,,,,,,,,,,,,,CO-->MA,CO-->MA,CO-->MA,CO-->MA,CO-->MA,CO-->MA,CO-->MA,CO-->MA,CO-->MA,CO-->MA,CO-->MA,CO-->MA,CO-->MA,CO-->MA,CO-->MA,CO-->MA,CO-->MA,CO-->MA,CO-->MA
MZ,MOZ,Mozambique,Maputo,Africa,Eastern Africa,,MZ-->CO,MZ-->CO,MZ-->CO,MZ-->CO,MZ-->CO,MZ-->CO,MZ-->CO,MZ-->CO,MZ-->CO,MZ-->CO,MZ-->CO,MZ-->CO,MZ-->CO,MZ-->CO,MZ-->CO,MZ-->CO,MZ-->CO,MZ-->CO,MZ-->CO,,,,,,,,,,,,,,,,,CO-->MZ,CO-->MZ,CO-->MZ,CO-->MZ,CO-->MZ,CO-->MZ,CO-->MZ,CO-->MZ,CO-->MZ,CO-->MZ,CO-->MZ,CO-->MZ,CO-->MZ,CO-->MZ,CO-->MZ,CO-->MZ,CO-->MZ,CO-->MZ,CO-->MZ
MM,MMR,Myanmar,Naypyidaw,Asia,South-Eastern Asia,,MM-->CO,MM-->CO,MM-->CO,MM-->CO,MM-->CO,MM-->CO,MM-->CO,MM-->CO,MM-->CO,MM-->CO,MM-->CO,MM-->CO,MM-->CO,MM-->CO,MM-->CO,MM-->CO,MM-->CO,MM-->CO,MM-->CO,,,,,,,,,,,,,,,,,CO-->MM,CO-->MM,CO-->MM,CO-->MM,CO-->MM,CO-->MM,CO-->MM,CO-->MM,CO-->MM,CO-->MM,CO-->MM,CO-->MM,CO-->MM,CO-->MM,CO-->MM,CO-->MM,CO-->MM,CO-->MM,CO-->MM
,NAM,Namibia,Windhoek,Africa,Southern Africa,,NA-->CO,NA-->CO,NA-->CO,NA-->CO,NA-->CO,NA-->CO,NA-->CO,NA-->CO,NA-->CO,NA-->CO,NA-->CO,NA-->CO,NA-->CO,NA-->CO,NA-->CO,NA-->CO,NA-->CO,NA-->CO,NA-->CO,,,,,,,,,,,,,,,,,CO-->NA,CO-->NA,CO-->NA,CO-->NA,CO-->NA,CO-->NA,CO-->NA,CO-->NA,CO-->NA,CO-->NA,CO-->NA,CO-->NA,CO-->NA,CO-->NA,CO-->NA,CO-->NA,CO-->NA,CO-->NA,CO-->NA
NR,NRU,Nauru,Yaren,Oceania,Micronesia,,NR-->CO,NR-->CO,NR-->CO,NR-->CO,NR-->CO,NR-->CO,NR-->CO,NR-->CO,NR-->CO,NR-->CO,NR-->CO,NR-->CO,NR-->CO,NR-->CO,NR-->CO,NR-->CO,NR-->CO,NR-->CO,NR-->CO,,,,,,,,,,,,,,,,,CO-->NR,CO-->NR,CO-->NR,CO-->NR,CO-->NR,CO-->NR,CO-->NR,CO-->NR,CO-->NR,CO-->NR,CO-->NR,CO-->NR,CO-->NR,CO-->NR,CO-->NR,CO-->NR,CO-->NR,CO-->NR,CO-->NR
NP,NPL,Nepal,Kathmandu,Asia,Southern Asia,,NP-->CO,NP-->CO,NP-->CO,NP-->CO,NP-->CO,NP-->CO,NP-->CO,NP-->CO,NP-->CO,NP-->CO,NP-->CO,NP-->CO,NP-->CO,NP-->CO,NP-->CO,NP-->CO,NP-->CO,NP-->CO,NP-->CO,,,,,,,,,,,,,,,,,CO-->NP,CO-->NP,CO-->NP,CO-->NP,CO-->NP,CO-->NP,CO-->NP,CO-->NP,CO-->NP,CO-->NP,CO-->NP,CO-->NP,CO-->NP,CO-->NP,CO-->NP,CO-->NP,CO-->NP,CO-->NP,CO-->NP
NL,NLD,Netherlands,Amsterdam,Europe,Western Europe,,NL-->CO,NL-->CO,NL-->CO,NL-->CO,NL-->CO,NL-->CO,NL-->CO,NL-->CO,NL-->CO,NL-->CO,NL-->CO,NL-->CO,NL-->CO,NL-->CO,NL-->CO,NL-->CO,NL-->CO,NL-->CO,NL-->CO,,,,,,,,,,,,,,,,,CO-->NL,CO-->NL,CO-->NL,CO-->NL,CO-->NL,CO-->NL,CO-->NL,CO-->NL,CO-->NL,CO-->NL,CO-->NL,CO-->NL,CO-->NL,CO-->NL,CO-->NL,CO-->NL,CO-->NL,CO-->NL,CO-->NL
NC,NCL,New Caledonia,Nouméa,Oceania,Melanesia,,NC-->CO,NC-->CO,NC-->CO,NC-->CO,NC-->CO,NC-->CO,NC-->CO,NC-->CO,NC-->CO,NC-->CO,NC-->CO,NC-->CO,NC-->CO,NC-->CO,NC-->CO,NC-->CO,NC-->CO,NC-->CO,NC-->CO,,,,,,,,,,,,,,,,,CO-->NC,CO-->NC,CO-->NC,CO-->NC,CO-->NC,CO-->NC,CO-->NC,CO-->NC,CO-->NC,CO-->NC,CO-->NC,CO-->NC,CO-->NC,CO-->NC,CO-->NC,CO-->NC,CO-->NC,CO-->NC,CO-->NC
NZ,NZL,New Zealand,Wellington,Oceania,Australia and New Zealand,,NZ-->CO,NZ-->CO,NZ-->CO,NZ-->CO,NZ-->CO,NZ-->CO,NZ-->CO,NZ-->CO,NZ-->CO,NZ-->CO,NZ-->CO,NZ-->CO,NZ-->CO,NZ-->CO,NZ-->CO,NZ-->CO,NZ-->CO,NZ-->CO,NZ-->CO,,,,,,,,,,,,,,,,,CO-->NZ,CO-->NZ,CO-->NZ,CO-->NZ,CO-->NZ,CO-->NZ,CO-->NZ,CO-->NZ,CO-->NZ,CO-->NZ,CO-->NZ,CO-->NZ,CO-->NZ,CO-->NZ,CO-->NZ,CO-->NZ,CO-->NZ,CO-->NZ,CO-->NZ
NI,NIC,Nicaragua,Managua,Americas,Central America,,NI-->CO,NI-->CO,NI-->CO,NI-->CO,NI-->CO,NI-->CO,NI-->CO,NI-->CO,NI-->CO,NI-->CO,NI-->CO,NI-->CO,NI-->CO,NI-->CO,NI-->CO,NI-->CO,NI-->CO,NI-->CO,NI-->CO,,,,,,,,,,,,,,,,,CO-->NI,CO-->NI,CO-->NI,CO-->NI,CO-->NI,CO-->NI,CO-->NI,CO-->NI,CO-->NI,CO-->NI,CO-->NI,CO-->NI,CO-->NI,CO-->NI,CO-->NI,CO-->NI,CO-->NI,CO-->NI,CO-->NI
NE,NER,Niger,Niamey,Africa,Western Africa,,NE-->CO,NE-->CO,NE-->CO,NE-->CO,NE-->CO,NE-->CO,NE-->CO,NE-->CO,NE-->CO,NE-->CO,NE-->CO,NE-->CO,NE-->CO,NE-->CO,NE-->CO,NE-->CO,NE-->CO,NE-->CO,NE-->CO,,,,,,,,,,,,,,,,,CO-->NE,CO-->NE,CO-->NE,CO-->NE,CO-->NE,CO-->NE,CO-->NE,CO-->NE,CO-->NE,CO-->NE,CO-->NE,CO-->NE,CO-->NE,CO-->NE,CO-->NE,CO-->NE,CO-->NE,CO-->NE,CO-->NE
NG,NGA,Nigeria,Abuja,Africa,Western Africa,,NG-->CO,NG-->CO,NG-->CO,NG-->CO,NG-->CO,NG-->CO,NG-->CO,NG-->CO,NG-->CO,NG-->CO,NG-->CO,NG-->CO,NG-->CO,NG-->CO,NG-->CO,NG-->CO,NG-->CO,NG-->CO,NG-->CO,,,,,,,,,,,,,,,,,CO-->NG,CO-->NG,CO-->NG,CO-->NG,CO-->NG,CO-->NG,CO-->NG,CO-->NG,CO-->NG,CO-->NG,CO-->NG,CO-->NG,CO-->NG,CO-->NG,CO-->NG,CO-->NG,CO-->NG,CO-->NG,CO-->NG
NU,NIU,Niue,Alofi,Oceania,Polynesia,,NU-->CO,NU-->CO,NU-->CO,NU-->CO,NU-->CO,NU-->CO,NU-->CO,NU-->CO,NU-->CO,NU-->CO,NU-->CO,NU-->CO,NU-->CO,NU-->CO,NU-->CO,NU-->CO,NU-->CO,NU-->CO,NU-->CO,,,,,,,,,,,,,,,,,CO-->NU,CO-->NU,CO-->NU,CO-->NU,CO-->NU,CO-->NU,CO-->NU,CO-->NU,CO-->NU,CO-->NU,CO-->NU,CO-->NU,CO-->NU,CO-->NU,CO-->NU,CO-->NU,CO-->NU,CO-->NU,CO-->NU
NF,NFK,Norfolk Island,Kingston,Oceania,Australia and New Zealand,,NF-->CO,NF-->CO,NF-->CO,NF-->CO,NF-->CO,NF-->CO,NF-->CO,NF-->CO,NF-->CO,NF-->CO,NF-->CO,NF-->CO,NF-->CO,NF-->CO,NF-->CO,NF-->CO,NF-->CO,NF-->CO,NF-->CO,,,,,,,,,,,,,,,,,CO-->NF,CO-->NF,CO-->NF,CO-->NF,CO-->NF,CO-->NF,CO-->NF,CO-->NF,CO-->NF,CO-->NF,CO-->NF,CO-->NF,CO-->NF,CO-->NF,CO-->NF,CO-->NF,CO-->NF,CO-->NF,CO-->NF
KP,PRK,North Korea,Pyongyang,Asia,Eastern Asia,,KP-->CO,KP-->CO,KP-->CO,KP-->CO,KP-->CO,KP-->CO,KP-->CO,KP-->CO,KP-->CO,KP-->CO,KP-->CO,KP-->CO,KP-->CO,KP-->CO,KP-->CO,KP-->CO,KP-->CO,KP-->CO,KP-->CO,,,,,,,,,,,,,,,,,CO-->KP,CO-->KP,CO-->KP,CO-->KP,CO-->KP,CO-->KP,CO-->KP,CO-->KP,CO-->KP,CO-->KP,CO-->KP,CO-->KP,CO-->KP,CO-->KP,CO-->KP,CO-->KP,CO-->KP,CO-->KP,CO-->KP
MP,MNP,Northern Mariana Islands,Saipan,Oceania,Micronesia,,MP-->CO,MP-->CO,MP-->CO,MP-->CO,MP-->CO,MP-->CO,MP-->CO,MP-->CO,MP-->CO,MP-->CO,MP-->CO,MP-->CO,MP-->CO,MP-->CO,MP-->CO,MP-->CO,MP-->CO,MP-->CO,MP-->CO,,,,,,,,,,,,,,,,,CO-->MP,CO-->MP,CO-->MP,CO-->MP,CO-->MP,CO-->MP,CO-->MP,CO-->MP,CO-->MP,CO-->MP,CO-->MP,CO-->MP,CO-->MP,CO-->MP,CO-->MP,CO-->MP,CO-->MP,CO-->MP,CO-->MP
NO,NOR,Norway,Oslo,Europe,Northern Europe,,NO-->CO,NO-->CO,NO-->CO,NO-->CO,NO-->CO,NO-->CO,NO-->CO,NO-->CO,NO-->CO,NO-->CO,NO-->CO,NO-->CO,NO-->CO,NO-->CO,NO-->CO,NO-->CO,NO-->CO,NO-->CO,NO-->CO,,,,,,,,,,,,,,,,,CO-->NO,CO-->NO,CO-->NO,CO-->NO,CO-->NO,CO-->NO,CO-->NO,CO-->NO,CO-->NO,CO-->NO,CO-->NO,CO-->NO,CO-->NO,CO-->NO,CO-->NO,CO-->NO,CO-->NO,CO-->NO,CO-->NO
OM,OMN,Oman,Muscat,Asia,Western Asia,,OM-->CO,OM-->CO,OM-->CO,OM-->CO,OM-->CO,OM-->CO,OM-->CO,OM-->CO,OM-->CO,OM-->CO,OM-->CO,OM-->CO,OM-->CO,OM-->CO,OM-->CO,OM-->CO,OM-->CO,OM-->CO,OM-->CO,,,,,,,,,,,,,,,,,CO-->OM,CO-->OM,CO-->OM,CO-->OM,CO-->OM,CO-->OM,CO-->OM,CO-->OM,CO-->OM,CO-->OM,CO-->OM,CO-->OM,CO-->OM,CO-->OM,CO-->OM,CO-->OM,CO-->OM,CO-->OM,CO-->OM
PK,PAK,Pakistan,Islamabad,Asia,Southern Asia,,PK-->CO,PK-->CO,PK-->CO,PK-->CO,PK-->CO,PK-->CO,PK-->CO,PK-->CO,PK-->CO,PK-->CO,PK-->CO,PK-->CO,PK-->CO,PK-->CO,PK-->CO,PK-->CO,PK-->CO,PK-->CO,PK-->CO,,,,,,,,,,,,,,,,,CO-->PK,CO-->PK,CO-->PK,CO-->PK,CO-->PK,CO-->PK,CO-->PK,CO-->PK,CO-->PK,CO-->PK,CO-->PK,CO-->PK,CO-->PK,CO-->PK,CO-->PK,CO-->PK,CO-->PK,CO-->PK,CO-->PK
PW,PLW,Palau,Ngerulmud,Oceania,Micronesia,,PW-->CO,PW-->CO,PW-->CO,PW-->CO,PW-->CO,PW-->CO,PW-->CO,PW-->CO,PW-->CO,PW-->CO,PW-->CO,PW-->CO,PW-->CO,PW-->CO,PW-->CO,PW-->CO,PW-->CO,PW-->CO,PW-->CO,,,,,,,,,,,,,,,,,CO-->PW,CO-->PW,CO-->PW,CO-->PW,CO-->PW,CO-->PW,CO-->PW,CO-->PW,CO-->PW,CO-->PW,CO-->PW,CO-->PW,CO-->PW,CO-->PW,CO-->PW,CO-->PW,CO-->PW,CO-->PW,CO-->PW
PS,PSE,Palestine,Ramallah,Asia,Western Asia,,PS-->CO,PS-->CO,PS-->CO,PS-->CO,PS-->CO,PS-->CO,PS-->CO,PS-->CO,PS-->CO,PS-->CO,PS-->CO,PS-->CO,PS-->CO,PS-->CO,PS-->CO,PS-->CO,PS-->CO,PS-->CO,PS-->CO,,,,,,,,,,,,,,,,,CO-->PS,CO-->PS,CO-->PS,CO-->PS,CO-->PS,CO-->PS,CO-->PS,CO-->PS,CO-->PS,CO-->PS,CO-->PS,CO-->PS,CO-->PS,CO-->PS,CO-->PS,CO-->PS,CO-->PS,CO-->PS,CO-->PS
PA,PAN,Panama,Panama City,Americas,Central America,,PA-->CO,PA-->CO,PA-->CO,PA-->CO,PA-->CO,PA-->CO,PA-->CO,PA-->CO,PA-->CO,PA-->CO,PA-->CO,PA-->CO,PA-->CO,PA-->CO,PA-->CO,PA-->CO,PA-->CO,PA-->CO,PA-->CO,,,,,,,,,,,,,,,,,CO-->PA,CO-->PA,CO-->PA,CO-->PA,CO-->PA,CO-->PA,CO-->PA,CO-->PA,CO-->PA,CO-->PA,CO-->PA,CO-->PA,CO-->PA,CO-->PA,CO-->PA,CO-->PA,CO-->PA,CO-->PA,CO-->PA
PG,PNG,Papua New Guinea,Port Moresby,Oceania,Melanesia,,PG-->CO,PG-->CO,PG-->CO,PG-->CO,PG-->CO,PG-->CO,PG-->CO,PG-->CO,PG-->CO,PG-->CO,PG-->CO,PG-->CO,PG-->CO,PG-->CO,PG-->CO,PG-->CO,PG-->CO,PG-->CO,PG-->CO,,,,,,,,,,,,,,,,,CO-->PG,CO-->PG,CO-->PG,CO-->PG,CO-->PG,CO-->PG,CO-->PG,CO-->PG,CO-->PG,CO-->PG,CO-->PG,CO-->PG,CO-->PG,CO-->PG,CO-->PG,CO-->PG,CO-->PG,CO-->PG,CO-->PG
PY,PRY,Paraguay,Asunción,Americas,South America,,PY-->CO,PY-->CO,PY-->CO,PY-->CO,PY-->CO,PY-->CO,PY-->CO,PY-->CO,PY-->CO,PY-->CO,PY-->CO,PY-->CO,PY-->CO,PY-->CO,PY-->CO,PY-->CO,PY-->CO,PY-->CO,PY-->CO,,,,,,,,,,,,,,,,,CO-->PY,CO-->PY,CO-->PY,CO-->PY,CO-->PY,CO-->PY,CO-->PY,CO-->PY,CO-->PY,CO-->PY,CO-->PY,CO-->PY,CO-->PY,CO-->PY,CO-->PY,CO-->PY,CO-->PY,CO-->PY,CO-->PY
PE,PER,Peru,Lima,Americas,South America,,PE-->CO,PE-->CO,PE-->CO,PE-->CO,PE-->CO,PE-->CO,PE-->CO,PE-->CO,PE-->CO,PE-->CO,PE-->CO,PE-->CO,PE-->CO,PE-->CO,PE-->CO,PE-->CO,PE-->CO,PE-->CO,PE-->CO,,,,,,,,,,,,,,,,,CO-->PE,CO-->PE,CO-->PE,CO-->PE,CO-->PE,CO-->PE,CO-->PE,CO-->PE,CO-->PE,CO-->PE,CO-->PE,CO-->PE,CO-->PE,CO-->PE,CO-->PE,CO-->PE,CO-->PE,CO-->PE,CO-->PE
PH,PHL,Philippines,Manila,Asia,South-Eastern Asia,,PH-->CO,PH-->CO,PH-->CO,PH-->CO,PH-->CO,PH-->CO,PH-->CO,PH-->CO,PH-->CO,PH-->CO,PH-->CO,PH-->CO,PH-->CO,PH-->CO,PH-->CO,PH-->CO,PH-->CO,PH-->CO,PH-->CO,,,,,,,,,,,,,,,,,CO-->PH,CO-->PH,CO-->PH,CO-->PH,CO-->PH,CO-->PH,CO-->PH,CO-->PH,CO-->PH,CO-->PH,CO-->PH,CO-->PH,CO-->PH,CO-->PH,CO-->PH,CO-->PH,CO-->PH,CO-->PH,CO-->PH
PN,PCN,Pitcairn Islands,Adamstown,Oceania,Polynesia,,PN-->CO,PN-->CO,PN-->CO,PN-->CO,PN-->CO,PN-->CO,PN-->CO,PN-->CO,PN-->CO,PN-->CO,PN-->CO,PN-->CO,PN-->CO,PN-->CO,PN-->CO,PN-->CO,PN-->CO,PN-->CO,PN-->CO,,,,,,,,,,,,,,,,,CO-->PN,CO-->PN,CO-->PN,CO-->PN,CO-->PN,CO-->PN,CO-->PN,CO-->PN,CO-->PN,CO-->PN,CO-->PN,CO-->PN,CO-->PN,CO-->PN,CO-->PN,CO-->PN,CO-->PN,CO-->PN,CO-->PN
PL,POL,Poland,Warsaw,Europe,Eastern Europe,,PL-->CO,PL-->CO,PL-->CO,PL-->CO,PL-->CO,PL-->CO,PL-->CO,PL-->CO,PL-->CO,PL-->CO,PL-->CO,PL-->CO,PL-->CO,PL-->CO,PL-->CO,PL-->CO,PL-->CO,PL-->CO,PL-->CO,,,,,,,,,,,,,,,,,CO-->PL,CO-->PL,CO-->PL,CO-->PL,CO-->PL,CO-->PL,CO-->PL,CO-->PL,CO-->PL,CO-->PL,CO-->PL,CO-->PL,CO-->PL,CO-->PL,CO-->PL,CO-->PL,CO-->PL,CO-->PL,CO-->PL
PT,PRT,Portugal,Lisbon,Europe,Southern Europe,,PT-->CO,PT-->CO,PT-->CO,PT-->CO,PT-->CO,PT-->CO,PT-->CO,PT-->CO,PT-->CO,PT-->CO,PT-->CO,PT-->CO,PT-->CO,PT-->CO,PT-->CO,PT-->CO,PT-->CO,PT-->CO,PT-->CO,,,,,,,,,,,,,,,,,CO-->PT,CO-->PT,CO-->PT,CO-->PT,CO-->PT,CO-->PT,CO-->PT,CO-->PT,CO-->PT,CO-->PT,CO-->PT,CO-->PT,CO-->PT,CO-->PT,CO-->PT,CO-->PT,CO-->PT,CO-->PT,CO-->PT
PR,PRI,Puerto Rico,San Juan,Americas,Caribbean,,PR-->CO,PR-->CO,PR-->CO,PR-->CO,PR-->CO,PR-->CO,PR-->CO,PR-->CO,PR-->CO,PR-->CO,PR-->CO,PR-->CO,PR-->CO,PR-->CO,PR-->CO,PR-->CO,PR-->CO,PR-->CO,PR-->CO,,,,,,,,,,,,,,,,,CO-->PR,CO-->PR,CO-->PR,CO-->PR,CO-->PR,CO-->PR,CO-->PR,CO-->PR,CO-->PR,CO-->PR,CO-->PR,CO-->PR,CO-->PR,CO-->PR,CO-->PR,CO-->PR,CO-->PR,CO-->PR,CO-->PR
QA,QAT,Qatar,Doha,Asia,Western Asia,,QA-->CO,QA-->CO,QA-->CO,QA-->CO,QA-->CO,QA-->CO,QA-->CO,QA-->CO,QA-->CO,QA-->CO,QA-->CO,QA-->CO,QA-->CO,QA-->CO,QA-->CO,QA-->CO,QA-->CO,QA-->CO,QA-->CO,,,,,,,,,,,,,,,,,CO-->QA,CO-->QA,CO-->QA,CO-->QA,CO-->QA,CO-->QA,CO-->QA,CO-->QA,CO-->QA,CO-->QA,CO-->QA,CO-->QA,CO-->QA,CO-->QA,CO-->QA,CO-->QA,CO-->QA,CO-->QA,CO-->QA
XK,KOS,Republic of Kosovo,Pristina,Europe,Eastern Europe,,XK-->CO,XK-->CO,XK-->CO,XK-->CO,XK-->CO,XK-->CO,XK-->CO,XK-->CO,XK-->CO,XK-->CO,XK-->CO,XK-->CO,XK-->CO,XK-->CO,XK-->CO,XK-->CO,XK-->CO,XK-->CO,XK-->CO,,,,,,,,,,,,,,,,,CO-->XK,CO-->XK,CO-->XK,CO-->XK,CO-->XK,CO-->XK,CO-->XK,CO-->XK,CO-->XK,CO-->XK,CO-->XK,CO-->XK,CO-->XK,CO-->XK,CO-->XK,CO-->XK,CO-->XK,CO-->XK,CO-->XK
RE,REU,Réunion,Saint-Denis,Africa,Eastern Africa,,RE-->CO,RE-->CO,RE-->CO,RE-->CO,RE-->CO,RE-->CO,RE-->CO,RE-->CO,RE-->CO,RE-->CO,RE-->CO,RE-->CO,RE-->CO,RE-->CO,RE-->CO,RE-->CO,RE-->CO,RE-->CO,RE-->CO,,,,,,,,,,,,,,,,,CO-->RE,CO-->RE,CO-->RE,CO-->RE,CO-->RE,CO-->RE,CO-->RE,CO-->RE,CO-->RE,CO-->RE,CO-->RE,CO-->RE,CO-->RE,CO-->RE,CO-->RE,CO-->RE,CO-->RE,CO-->RE,CO-->RE
RO,ROU,Romania,Bucharest,Europe,Eastern Europe,,RO-->CO,RO-->CO,RO-->CO,RO-->CO,RO-->CO,RO-->CO,RO-->CO,RO-->CO,RO-->CO,RO-->CO,RO-->CO,RO-->CO,RO-->CO,RO-->CO,RO-->CO,RO-->CO,RO-->CO,RO-->CO,RO-->CO,,,,,,,,,,,,,,,,,CO-->RO,CO-->RO,CO-->RO,CO-->RO,CO-->RO,CO-->RO,CO-->RO,CO-->RO,CO-->RO,CO-->RO,CO-->RO,CO-->RO,CO-->RO,CO-->RO,CO-->RO,CO-->RO,CO-->RO,CO-->RO,CO-->RO
RU,RUS,Russia,Moscow,Europe,Eastern Europe,,RU-->CO,RU-->CO,RU-->CO,RU-->CO,RU-->CO,RU-->CO,RU-->CO,RU-->CO,RU-->CO,RU-->CO,RU-->CO,RU-->CO,RU-->CO,RU-->CO,RU-->CO,RU-->CO,RU-->CO,RU-->CO,RU-->CO,,,,,,,,,,,,,,,,,CO-->RU,CO-->RU,CO-->RU,CO-->RU,CO-->RU,CO-->RU,CO-->RU,CO-->RU,CO-->RU,CO-->RU,CO-->RU,CO-->RU,CO-->RU,CO-->RU,CO-->RU,CO-->RU,CO-->RU,CO-->RU,CO-->RU
RW,RWA,Rwanda,Kigali,Africa,Eastern Africa,,RW-->CO,RW-->CO,RW-->CO,RW-->CO,RW-->CO,RW-->CO,RW-->CO,RW-->CO,RW-->CO,RW-->CO,RW-->CO,RW-->CO,RW-->CO,RW-->CO,RW-->CO,RW-->CO,RW-->CO,RW-->CO,RW-->CO,,,,,,,,,,,,,,,,,CO-->RW,CO-->RW,CO-->RW,CO-->RW,CO-->RW,CO-->RW,CO-->RW,CO-->RW,CO-->RW,CO-->RW,CO-->RW,CO-->RW,CO-->RW,CO-->RW,CO-->RW,CO-->RW,CO-->RW,CO-->RW,CO-->RW
BL,BLM,Saint Barthélemy,Gustavia,Americas,Caribbean,,BL-->CO,BL-->CO,BL-->CO,BL-->CO,BL-->CO,BL-->CO,BL-->CO,BL-->CO,BL-->CO,BL-->CO,BL-->CO,BL-->CO,BL-->CO,BL-->CO,BL-->CO,BL-->CO,BL-->CO,BL-->CO,BL-->CO,,,,,,,,,,,,,,,,,CO-->BL,CO-->BL,CO-->BL,CO-->BL,CO-->BL,CO-->BL,CO-->BL,CO-->BL,CO-->BL,CO-->BL,CO-->BL,CO-->BL,CO-->BL,CO-->BL,CO-->BL,CO-->BL,CO-->BL,CO-->BL,CO-->BL
SH,SHN,Saint Helena,Jamestown,Africa,Western Africa,,SH-->CO,SH-->CO,SH-->CO,SH-->CO,SH-->CO,SH-->CO,SH-->CO,SH-->CO,SH-->CO,SH-->CO,SH-->CO,SH-->CO,SH-->CO,SH-->CO,SH-->CO,SH-->CO,SH-->CO,SH-->CO,SH-->CO,,,,,,,,,,,,,,,,,CO-->SH,CO-->SH,CO-->SH,CO-->SH,CO-->SH,CO-->SH,CO-->SH,CO-->SH,CO-->SH,CO-->SH,CO-->SH,CO-->SH,CO-->SH,CO-->SH,CO-->SH,CO-->SH,CO-->SH,CO-->SH,CO-->SH
KN,KNA,Saint Kitts and Nevis,Basseterre,Americas,Caribbean,,KN-->CO,KN-->CO,KN-->CO,KN-->CO,KN-->CO,KN-->CO,KN-->CO,KN-->CO,KN-->CO,KN-->CO,KN-->CO,KN-->CO,KN-->CO,KN-->CO,KN-->CO,KN-->CO,KN-->CO,KN-->CO,KN-->CO,,,,,,,,,,,,,,,,,CO-->KN,CO-->KN,CO-->KN,CO-->KN,CO-->KN,CO-->KN,CO-->KN,CO-->KN,CO-->KN,CO-->KN,CO-->KN,CO-->KN,CO-->KN,CO-->KN,CO-->KN,CO-->KN,CO-->KN,CO-->KN,CO-->KN
LC,LCA,Saint Lucia,Castries,Americas,Caribbean,,LC-->CO,LC-->CO,LC-->CO,LC-->CO,LC-->CO,LC-->CO,LC-->CO,LC-->CO,LC-->CO,LC-->CO,LC-->CO,LC-->CO,LC-->CO,LC-->CO,LC-->CO,LC-->CO,LC-->CO,LC-->CO,LC-->CO,,,,,,,,,,,,,,,,,CO-->LC,CO-->LC,CO-->LC,CO-->LC,CO-->LC,CO-->LC,CO-->LC,CO-->LC,CO-->LC,CO-->LC,CO-->LC,CO-->LC,CO-->LC,CO-->LC,CO-->LC,CO-->LC,CO-->LC,CO-->LC,CO-->LC
MF,MAF,Saint Martin,Marigot,Americas,Caribbean,,MF-->CO,MF-->CO,MF-->CO,MF-->CO,MF-->CO,MF-->CO,MF-->CO,MF-->CO,MF-->CO,MF-->CO,MF-->CO,MF-->CO,MF-->CO,MF-->CO,MF-->CO,MF-->CO,MF-->CO,MF-->CO,MF-->CO,,,,,,,,,,,,,,,,,CO-->MF,CO-->MF,CO-->MF,CO-->MF,CO-->MF,CO-->MF,CO-->MF,CO-->MF,CO-->MF,CO-->MF,CO-->MF,CO-->MF,CO-->MF,CO-->MF,CO-->MF,CO-->MF,CO-->MF,CO-->MF,CO-->MF
PM,SPM,Saint Pierre and Miquelon,Saint-Pierre,Americas,Northern America,,PM-->CO,PM-->CO,PM-->CO,PM-->CO,PM-->CO,PM-->CO,PM-->CO,PM-->CO,PM-->CO,PM-->CO,PM-->CO,PM-->CO,PM-->CO,PM-->CO,PM-->CO,PM-->CO,PM-->CO,PM-->CO,PM-->CO,,,,,,,,,,,,,,,,,CO-->PM,CO-->PM,CO-->PM,CO-->PM,CO-->PM,CO-->PM,CO-->PM,CO-->PM,CO-->PM,CO-->PM,CO-->PM,CO-->PM,CO-->PM,CO-->PM,CO-->PM,CO-->PM,CO-->PM,CO-->PM,CO-->PM
VC,VCT,Saint Vincent and the Grenadines,Kingstown,Americas,Caribbean,,VC-->CO,VC-->CO,VC-->CO,VC-->CO,VC-->CO,VC-->CO,VC-->CO,VC-->CO,VC-->CO,VC-->CO,VC-->CO,VC-->CO,VC-->CO,VC-->CO,VC-->CO,VC-->CO,VC-->CO,VC-->CO,VC-->CO,,,,,,,,,,,,,,,,,CO-->VC,CO-->VC,CO-->VC,CO-->VC,CO-->VC,CO-->VC,CO-->VC,CO-->VC,CO-->VC,CO-->VC,CO-->VC,CO-->VC,CO-->VC,CO-->VC,CO-->VC,CO-->VC,CO-->VC,CO-->VC,CO-->VC
WS,WSM,Samoa,Apia,Oceania,Polynesia,,WS-->CO,WS-->CO,WS-->CO,WS-->CO,WS-->CO,WS-->CO,WS-->CO,WS-->CO,WS-->CO,WS-->CO,WS-->CO,WS-->CO,WS-->CO,WS-->CO,WS-->CO,WS-->CO,WS-->CO,WS-->CO,WS-->CO,,,,,,,,,,,,,,,,,CO-->WS,CO-->WS,CO-->WS,CO-->WS,CO-->WS,CO-->WS,CO-->WS,CO-->WS,CO-->WS,CO-->WS,CO-->WS,CO-->WS,CO-->WS,CO-->WS,CO-->WS,CO-->WS,CO-->WS,CO-->WS,CO-->WS
SM,SMR,San Marino,City of San Marino,Europe,Southern Europe,,SM-->CO,SM-->CO,SM-->CO,SM-->CO,SM-->CO,SM-->CO,SM-->CO,SM-->CO,SM-->CO,SM-->CO,SM-->CO,SM-->CO,SM-->CO,SM-->CO,SM-->CO,SM-->CO,SM-->CO,SM-->CO,SM-->CO,,,,,,,,,,,,,,,,,CO-->SM,CO-->SM,CO-->SM,CO-->SM,CO-->SM,CO-->SM,CO-->SM,CO-->SM,CO-->SM,CO-->SM,CO-->SM,CO-->SM,CO-->SM,CO-->SM,CO-->SM,CO-->SM,CO-->SM,CO-->SM,CO-->SM
ST,STP,São Tomé and Príncipe,São Tomé,Africa,Middle Africa,,ST-->CO,ST-->CO,ST-->CO,ST-->CO,ST-->CO,ST-->CO,ST-->CO,ST-->CO,ST-->CO,ST-->CO,ST-->CO,ST-->CO,ST-->CO,ST-->CO,ST-->CO,ST-->CO,ST-->CO,ST-->CO,ST-->CO,,,,,,,,,,,,,,,,,CO-->ST,CO-->ST,CO-->ST,CO-->ST,CO-->ST,CO-->ST,CO-->ST,CO-->ST,CO-->ST,CO-->ST,CO-->ST,CO-->ST,CO-->ST,CO-->ST,CO-->ST,CO-->ST,CO-->ST,CO-->ST,CO-->ST
SA,SAU,Saudi Arabia,Riyadh,Asia,Western Asia,,SA-->CO,SA-->CO,SA-->CO,SA-->CO,SA-->CO,SA-->CO,SA-->CO,SA-->CO,SA-->CO,SA-->CO,SA-->CO,SA-->CO,SA-->CO,SA-->CO,SA-->CO,SA-->CO,SA-->CO,SA-->CO,SA-->CO,,,,,,,,,,,,,,,,,CO-->SA,CO-->SA,CO-->SA,CO-->SA,CO-->SA,CO-->SA,CO-->SA,CO-->SA,CO-->SA,CO-->SA,CO-->SA,CO-->SA,CO-->SA,CO-->SA,CO-->SA,CO-->SA,CO-->SA,CO-->SA,CO-->SA
SN,SEN,Senegal,Dakar,Africa,Western Africa,,SN-->CO,SN-->CO,SN-->CO,SN-->CO,SN-->CO,SN-->CO,SN-->CO,SN-->CO,SN-->CO,SN-->CO,SN-->CO,SN-->CO,SN-->CO,SN-->CO,SN-->CO,SN-->CO,SN-->CO,SN-->CO,SN-->CO,,,,,,,,,,,,,,,,,CO-->SN,CO-->SN,CO-->SN,CO-->SN,CO-->SN,CO-->SN,CO-->SN,CO-->SN,CO-->SN,CO-->SN,CO-->SN,CO-->SN,CO-->SN,CO-->SN,CO-->SN,CO-->SN,CO-->SN,CO-->SN,CO-->SN
RS,SRB,Serbia,Belgrade,Europe,Southern Europe,,RS-->CO,RS-->CO,RS-->CO,RS-->CO,RS-->CO,RS-->CO,RS-->CO,RS-->CO,RS-->CO,RS-->CO,RS-->CO,RS-->CO,RS-->CO,RS-->CO,RS-->CO,RS-->CO,RS-->CO,RS-->CO,RS-->CO,,,,,,,,,,,,,,,,,CO-->RS,CO-->RS,CO-->RS,CO-->RS,CO-->RS,CO-->RS,CO-->RS,CO-->RS,CO-->RS,CO-->RS,CO-->RS,CO-->RS,CO-->RS,CO-->RS,CO-->RS,CO-->RS,CO-->RS,CO-->RS,CO-->RS
SC,SYC,Seychelles,Victoria,Africa,Eastern Africa,,SC-->CO,SC-->CO,SC-->CO,SC-->CO,SC-->CO,SC-->CO,SC-->CO,SC-->CO,SC-->CO,SC-->CO,SC-->CO,SC-->CO,SC-->CO,SC-->CO,SC-->CO,SC-->CO,SC-->CO,SC-->CO,SC-->CO,,,,,,,,,,,,,,,,,CO-->SC,CO-->SC,CO-->SC,CO-->SC,CO-->SC,CO-->SC,CO-->SC,CO-->SC,CO-->SC,CO-->SC,CO-->SC,CO-->SC,CO-->SC,CO-->SC,CO-->SC,CO-->SC,CO-->SC,CO-->SC,CO-->SC
SL,SLE,Sierra Leone,Freetown,Africa,Western Africa,,SL-->CO,SL-->CO,SL-->CO,SL-->CO,SL-->CO,SL-->CO,SL-->CO,SL-->CO,SL-->CO,SL-->CO,SL-->CO,SL-->CO,SL-->CO,SL-->CO,SL-->CO,SL-->CO,SL-->CO,SL-->CO,SL-->CO,,,,,,,,,,,,,,,,,CO-->SL,CO-->SL,CO-->SL,CO-->SL,CO-->SL,CO-->SL,CO-->SL,CO-->SL,CO-->SL,CO-->SL,CO-->SL,CO-->SL,CO-->SL,CO-->SL,CO-->SL,CO-->SL,CO-->SL,CO-->SL,CO-->SL
SG,SGP,Singapore,Singapore,Asia,South-Eastern Asia,,SG-->CO,SG-->CO,SG-->CO,SG-->CO,SG-->CO,SG-->CO,SG-->CO,SG-->CO,SG-->CO,SG-->CO,SG-->CO,SG-->CO,SG-->CO,SG-->CO,SG-->CO,SG-->CO,SG-->CO,SG-->CO,SG-->CO,,,,,,,,,,,,,,,,,CO-->SG,CO-->SG,CO-->SG,CO-->SG,CO-->SG,CO-->SG,CO-->SG,CO-->SG,CO-->SG,CO-->SG,CO-->SG,CO-->SG,CO-->SG,CO-->SG,CO-->SG,CO-->SG,CO-->SG,CO-->SG,CO-->SG
SX,SXM,Sint Maarten,Philipsburg,Americas,Caribbean,,SX-->CO,SX-->CO,SX-->CO,SX-->CO,SX-->CO,SX-->CO,SX-->CO,SX-->CO,SX-->CO,SX-->CO,SX-->CO,SX-->CO,SX-->CO,SX-->CO,SX-->CO,SX-->CO,SX-->CO,SX-->CO,SX-->CO,,,,,,,,,,,,,,,,,CO-->SX,CO-->SX,CO-->SX,CO-->SX,CO-->SX,CO-->SX,CO-->SX,CO-->SX,CO-->SX,CO-->SX,CO-->SX,CO-->SX,CO-->SX,CO-->SX,CO-->SX,CO-->SX,CO-->SX,CO-->SX,CO-->SX
SK,SVK,Slovakia,Bratislava,Europe,Eastern Europe,,SK-->CO,SK-->CO,SK-->CO,SK-->CO,SK-->CO,SK-->CO,SK-->CO,SK-->CO,SK-->CO,SK-->CO,SK-->CO,SK-->CO,SK-->CO,SK-->CO,SK-->CO,SK-->CO,SK-->CO,SK-->CO,SK-->CO,,,,,,,,,,,,,,,,,CO-->SK,CO-->SK,CO-->SK,CO-->SK,CO-->SK,CO-->SK,CO-->SK,CO-->SK,CO-->SK,CO-->SK,CO-->SK,CO-->SK,CO-->SK,CO-->SK,CO-->SK,CO-->SK,CO-->SK,CO-->SK,CO-->SK
SI,SVN,Slovenia,Ljubljana,Europe,Southern Europe,,SI-->CO,SI-->CO,SI-->CO,SI-->CO,SI-->CO,SI-->CO,SI-->CO,SI-->CO,SI-->CO,SI-->CO,SI-->CO,SI-->CO,SI-->CO,SI-->CO,SI-->CO,SI-->CO,SI-->CO,SI-->CO,SI-->CO,,,,,,,,,,,,,,,,,CO-->SI,CO-->SI,CO-->SI,CO-->SI,CO-->SI,CO-->SI,CO-->SI,CO-->SI,CO-->SI,CO-->SI,CO-->SI,CO-->SI,CO-->SI,CO-->SI,CO-->SI,CO-->SI,CO-->SI,CO-->SI,CO-->SI
SB,SLB,Solomon Islands,Honiara,Oceania,Melanesia,,SB-->CO,SB-->CO,SB-->CO,SB-->CO,SB-->CO,SB-->CO,SB-->CO,SB-->CO,SB-->CO,SB-->CO,SB-->CO,SB-->CO,SB-->CO,SB-->CO,SB-->CO,SB-->CO,SB-->CO,SB-->CO,SB-->CO,,,,,,,,,,,,,,,,,CO-->SB,CO-->SB,CO-->SB,CO-->SB,CO-->SB,CO-->SB,CO-->SB,CO-->SB,CO-->SB,CO-->SB,CO-->SB,CO-->SB,CO-->SB,CO-->SB,CO-->SB,CO-->SB,CO-->SB,CO-->SB,CO-->SB
SO,SOM,Somalia,Mogadishu,Africa,Eastern Africa,,SO-->CO,SO-->CO,SO-->CO,SO-->CO,SO-->CO,SO-->CO,SO-->CO,SO-->CO,SO-->CO,SO-->CO,SO-->CO,SO-->CO,SO-->CO,SO-->CO,SO-->CO,SO-->CO,SO-->CO,SO-->CO,SO-->CO,,,,,,,,,,,,,,,,,CO-->SO,CO-->SO,CO-->SO,CO-->SO,CO-->SO,CO-->SO,CO-->SO,CO-->SO,CO-->SO,CO-->SO,CO-->SO,CO-->SO,CO-->SO,CO-->SO,CO-->SO,CO-->SO,CO-->SO,CO-->SO,CO-->SO
ZA,ZAF,South Africa,Pretoria,Africa,Southern Africa,,ZA-->CO,ZA-->CO,ZA-->CO,ZA-->CO,ZA-->CO,ZA-->CO,ZA-->CO,ZA-->CO,ZA-->CO,ZA-->CO,ZA-->CO,ZA-->CO,ZA-->CO,ZA-->CO,ZA-->CO,ZA-->CO,ZA-->CO,ZA-->CO,ZA-->CO,,,,,,,,,,,,,,,,,CO-->ZA,CO-->ZA,CO-->ZA,CO-->ZA,CO-->ZA,CO-->ZA,CO-->ZA,CO-->ZA,CO-->ZA,CO-->ZA,CO-->ZA,CO-->ZA,CO-->ZA,CO-->ZA,CO-->ZA,CO-->ZA,CO-->ZA,CO-->ZA,CO-->ZA
GS,SGS,South Georgia,King Edward Point,Americas,South America,,GS-->CO,GS-->CO,GS-->CO,GS-->CO,GS-->CO,GS-->CO,GS-->CO,GS-->CO,GS-->CO,GS-->CO,GS-->CO,GS-->CO,GS-->CO,GS-->CO,GS-->CO,GS-->CO,GS-->CO,GS-->CO,GS-->CO,,,,,,,,,,,,,,,,,CO-->GS,CO-->GS,CO-->GS,CO-->GS,CO-->GS,CO-->GS,CO-->GS,CO-->GS,CO-->GS,CO-->GS,CO-->GS,CO-->GS,CO-->GS,CO-->GS,CO-->GS,CO-->GS,CO-->GS,CO-->GS,CO-->GS
KR,KOR,South Korea,Seoul,Asia,Eastern Asia,,KR-->CO,KR-->CO,KR-->CO,KR-->CO,KR-->CO,KR-->CO,KR-->CO,KR-->CO,KR-->CO,KR-->CO,KR-->CO,KR-->CO,KR-->CO,KR-->CO,KR-->CO,KR-->CO,KR-->CO,KR-->CO,KR-->CO,,,,,,,,,,,,,,,,,CO-->KR,CO-->KR,CO-->KR,CO-->KR,CO-->KR,CO-->KR,CO-->KR,CO-->KR,CO-->KR,CO-->KR,CO-->KR,CO-->KR,CO-->KR,CO-->KR,CO-->KR,CO-->KR,CO-->KR,CO-->KR,CO-->KR
SS,SSD,South Sudan,Juba,Africa,Middle Africa,,SS-->CO,SS-->CO,SS-->CO,SS-->CO,SS-->CO,SS-->CO,SS-->CO,SS-->CO,SS-->CO,SS-->CO,SS-->CO,SS-->CO,SS-->CO,SS-->CO,SS-->CO,SS-->CO,SS-->CO,SS-->CO,SS-->CO,,,,,,,,,,,,,,,,,CO-->SS,CO-->SS,CO-->SS,CO-->SS,CO-->SS,CO-->SS,CO-->SS,CO-->SS,CO-->SS,CO-->SS,CO-->SS,CO-->SS,CO-->SS,CO-->SS,CO-->SS,CO-->SS,CO-->SS,CO-->SS,CO-->SS
ES,ESP,Spain,Madrid,Europe,Southern Europe,,ES-->CO,ES-->CO,ES-->CO,ES-->CO,ES-->CO,ES-->CO,ES-->CO,ES-->CO,ES-->CO,ES-->CO,ES-->CO,ES-->CO,ES-->CO,ES-->CO,ES-->CO,ES-->CO,ES-->CO,ES-->CO,ES-->CO,,,,,,,,,,,,,,,,,CO-->ES,CO-->ES,CO-->ES,CO-->ES,CO-->ES,CO-->ES,CO-->ES,CO-->ES,CO-->ES,CO-->ES,CO-->ES,CO-->ES,CO-->ES,CO-->ES,CO-->ES,CO-->ES,CO-->ES,CO-->ES,CO-->ES
LK,LKA,Sri Lanka,Colombo,Asia,Southern Asia,,LK-->CO,LK-->CO,LK-->CO,LK-->CO,LK-->CO,LK-->CO,LK-->CO,LK-->CO,LK-->CO,LK-->CO,LK-->CO,LK-->CO,LK-->CO,LK-->CO,LK-->CO,LK-->CO,LK-->CO,LK-->CO,LK-->CO,,,,,,,,,,,,,,,,,CO-->LK,CO-->LK,CO-->LK,CO-->LK,CO-->LK,CO-->LK,CO-->LK,CO-->LK,CO-->LK,CO-->LK,CO-->LK,CO-->LK,CO-->LK,CO-->LK,CO-->LK,CO-->LK,CO-->LK,CO-->LK,CO-->LK
SD,SDN,Sudan,Khartoum,Africa,Northern Africa,,SD-->CO,SD-->CO,SD-->CO,SD-->CO,SD-->CO,SD-->CO,SD-->CO,SD-->CO,SD-->CO,SD-->CO,SD-->CO,SD-->CO,SD-->CO,SD-->CO,SD-->CO,SD-->CO,SD-->CO,SD-->CO,SD-->CO,,,,,,,,,,,,,,,,,CO-->SD,CO-->SD,CO-->SD,CO-->SD,CO-->SD,CO-->SD,CO-->SD,CO-->SD,CO-->SD,CO-->SD,CO-->SD,CO-->SD,CO-->SD,CO-->SD,CO-->SD,CO-->SD,CO-->SD,CO-->SD,CO-->SD
SR,SUR,Suriname,Paramaribo,Americas,South America,,SR-->CO,SR-->CO,SR-->CO,SR-->CO,SR-->CO,SR-->CO,SR-->CO,SR-->CO,SR-->CO,SR-->CO,SR-->CO,SR-->CO,SR-->CO,SR-->CO,SR-->CO,SR-->CO,SR-->CO,SR-->CO,SR-->CO,,,,,,,,,,,,,,,,,CO-->SR,CO-->SR,CO-->SR,CO-->SR,CO-->SR,CO-->SR,CO-->SR,CO-->SR,CO-->SR,CO-->SR,CO-->SR,CO-->SR,CO-->SR,CO-->SR,CO-->SR,CO-->SR,CO-->SR,CO-->SR,CO-->SR
SJ,SJM,Svalbard and Jan Mayen,Longyearbyen,Europe,Northern Europe,,SJ-->CO,SJ-->CO,SJ-->CO,SJ-->CO,SJ-->CO,SJ-->CO,SJ-->CO,SJ-->CO,SJ-->CO,SJ-->CO,SJ-->CO,SJ-->CO,SJ-->CO,SJ-->CO,SJ-->CO,SJ-->CO,SJ-->CO,SJ-->CO,SJ-->CO,,,,,,,,,,,,,,,,,CO-->SJ,CO-->SJ,CO-->SJ,CO-->SJ,CO-->SJ,CO-->SJ,CO-->SJ,CO-->SJ,CO-->SJ,CO-->SJ,CO-->SJ,CO-->SJ,CO-->SJ,CO-->SJ,CO-->SJ,CO-->SJ,CO-->SJ,CO-->SJ,CO-->SJ
SZ,SWZ,Swaziland,Lobamba,Africa,Southern Africa,,SZ-->CO,SZ-->CO,SZ-->CO,SZ-->CO,SZ-->CO,SZ-->CO,SZ-->CO,SZ-->CO,SZ-->CO,SZ-->CO,SZ-->CO,SZ-->CO,SZ-->CO,SZ-->CO,SZ-->CO,SZ-->CO,SZ-->CO,SZ-->CO,SZ-->CO,,,,,,,,,,,,,,,,,CO-->SZ,CO-->SZ,CO-->SZ,CO-->SZ,CO-->SZ,CO-->SZ,CO-->SZ,CO-->SZ,CO-->SZ,CO-->SZ,CO-->SZ,CO-->SZ,CO-->SZ,CO-->SZ,CO-->SZ,CO-->SZ,CO-->SZ,CO-->SZ,CO-->SZ
SE,SWE,Sweden,Stockholm,Europe,Northern Europe,,SE-->CO,SE-->CO,SE-->CO,SE-->CO,SE-->CO,SE-->CO,SE-->CO,SE-->CO,SE-->CO,SE-->CO,SE-->CO,SE-->CO,SE-->CO,SE-->CO,SE-->CO,SE-->CO,SE-->CO,SE-->CO,SE-->CO,,,,,,,,,,,,,,,,,CO-->SE,CO-->SE,CO-->SE,CO-->SE,CO-->SE,CO-->SE,CO-->SE,CO-->SE,CO-->SE,CO-->SE,CO-->SE,CO-->SE,CO-->SE,CO-->SE,CO-->SE,CO-->SE,CO-->SE,CO-->SE,CO-->SE
CH,CHE,Switzerland,Bern,Europe,Western Europe,,CH-->CO,CH-->CO,CH-->CO,CH-->CO,CH-->CO,CH-->CO,CH-->CO,CH-->CO,CH-->CO,CH-->CO,CH-->CO,CH-->CO,CH-->CO,CH-->CO,CH-->CO,CH-->CO,CH-->CO,CH-->CO,CH-->CO,,,,,,,,,,,,,,,,,CO-->CH,CO-->CH,CO-->CH,CO-->CH,CO-->CH,CO-->CH,CO-->CH,CO-->CH,CO-->CH,CO-->CH,CO-->CH,CO-->CH,CO-->CH,CO-->CH,CO-->CH,CO-->CH,CO-->CH,CO-->CH,CO-->CH
SY,SYR,Syria,Damascus,Asia,Western Asia,,SY-->CO,SY-->CO,SY-->CO,SY-->CO,SY-->CO,SY-->CO,SY-->CO,SY-->CO,SY-->CO,SY-->CO,SY-->CO,SY-->CO,SY-->CO,SY-->CO,SY-->CO,SY-->CO,SY-->CO,SY-->CO,SY-->CO,,,,,,,,,,,,,,,,,CO-->SY,CO-->SY,CO-->SY,CO-->SY,CO-->SY,CO-->SY,CO-->SY,CO-->SY,CO-->SY,CO-->SY,CO-->SY,CO-->SY,CO-->SY,CO-->SY,CO-->SY,CO-->SY,CO-->SY,CO-->SY,CO-->SY
TW,TWN,Taiwan,Taipei,Asia,Eastern Asia,,TW-->CO,TW-->CO,TW-->CO,TW-->CO,TW-->CO,TW-->CO,TW-->CO,TW-->CO,TW-->CO,TW-->CO,TW-->CO,TW-->CO,TW-->CO,TW-->CO,TW-->CO,TW-->CO,TW-->CO,TW-->CO,TW-->CO,,,,,,,,,,,,,,,,,CO-->TW,CO-->TW,CO-->TW,CO-->TW,CO-->TW,CO-->TW,CO-->TW,CO-->TW,CO-->TW,CO-->TW,CO-->TW,CO-->TW,CO-->TW,CO-->TW,CO-->TW,CO-->TW,CO-->TW,CO-->TW,CO-->TW
TJ,TJK,Tajikistan,Dushanbe,Asia,Central Asia,,TJ-->CO,TJ-->CO,TJ-->CO,TJ-->CO,TJ-->CO,TJ-->CO,TJ-->CO,TJ-->CO,TJ-->CO,TJ-->CO,TJ-->CO,TJ-->CO,TJ-->CO,TJ-->CO,TJ-->CO,TJ-->CO,TJ-->CO,TJ-->CO,TJ-->CO,,,,,,,,,,,,,,,,,CO-->TJ,CO-->TJ,CO-->TJ,CO-->TJ,CO-->TJ,CO-->TJ,CO-->TJ,CO-->TJ,CO-->TJ,CO-->TJ,CO-->TJ,CO-->TJ,CO-->TJ,CO-->TJ,CO-->TJ,CO-->TJ,CO-->TJ,CO-->TJ,CO-->TJ
TZ,TZA,Tanzania,Dodoma,Africa,Eastern Africa,,TZ-->CO,TZ-->CO,TZ-->CO,TZ-->CO,TZ-->CO,TZ-->CO,TZ-->CO,TZ-->CO,TZ-->CO,TZ-->CO,TZ-->CO,TZ-->CO,TZ-->CO,TZ-->CO,TZ-->CO,TZ-->CO,TZ-->CO,TZ-->CO,TZ-->CO,,,,,,,,,,,,,,,,,CO-->TZ,CO-->TZ,CO-->TZ,CO-->TZ,CO-->TZ,CO-->TZ,CO-->TZ,CO-->TZ,CO-->TZ,CO-->TZ,CO-->TZ,CO-->TZ,CO-->TZ,CO-->TZ,CO-->TZ,CO-->TZ,CO-->TZ,CO-->TZ,CO-->TZ
TH,THA,Thailand,Bangkok,Asia,South-Eastern Asia,,TH-->CO,TH-->CO,TH-->CO,TH-->CO,TH-->CO,TH-->CO,TH-->CO,TH-->CO,TH-->CO,TH-->CO,TH-->CO,TH-->CO,TH-->CO,TH-->CO,TH-->CO,TH-->CO,TH-->CO,TH-->CO,TH-->CO,,,,,,,,,,,,,,,,,CO-->TH,CO-->TH,CO-->TH,CO-->TH,CO-->TH,CO-->TH,CO-->TH,CO-->TH,CO-->TH,CO-->TH,CO-->TH,CO-->TH,CO-->TH,CO-->TH,CO-->TH,CO-->TH,CO-->TH,CO-->TH,CO-->TH
TL,TLS,East Timor,Dili,Asia,South-Eastern Asia,,TL-->CO,TL-->CO,TL-->CO,TL-->CO,TL-->CO,TL-->CO,TL-->CO,TL-->CO,TL-->CO,TL-->CO,TL-->CO,TL-->CO,TL-->CO,TL-->CO,TL-->CO,TL-->CO,TL-->CO,TL-->CO,TL-->CO,,,,,,,,,,,,,,,,,CO-->TL,CO-->TL,CO-->TL,CO-->TL,CO-->TL,CO-->TL,CO-->TL,CO-->TL,CO-->TL,CO-->TL,CO-->TL,CO-->TL,CO-->TL,CO-->TL,CO-->TL,CO-->TL,CO-->TL,CO-->TL,CO-->TL
TG,TGO,Togo,Lomé,Africa,Western Africa,,TG-->CO,TG-->CO,TG-->CO,TG-->CO,TG-->CO,TG-->CO,TG-->CO,TG-->CO,TG-->CO,TG-->CO,TG-->CO,TG-->CO,TG-->CO,TG-->CO,TG-->CO,TG-->CO,TG-->CO,TG-->CO,TG-->CO,,,,,,,,,,,,,,,,,CO-->TG,CO-->TG,CO-->TG,CO-->TG,CO-->TG,CO-->TG,CO-->TG,CO-->TG,CO-->TG,CO-->TG,CO-->TG,CO-->TG,CO-->TG,CO-->TG,CO-->TG,CO-->TG,CO-->TG,CO-->TG,CO-->TG
TK,TKL,Tokelau,Fakaofo,Oceania,Polynesia,,TK-->CO,TK-->CO,TK-->CO,TK-->CO,TK-->CO,TK-->CO,TK-->CO,TK-->CO,TK-->CO,TK-->CO,TK-->CO,TK-->CO,TK-->CO,TK-->CO,TK-->CO,TK-->CO,TK-->CO,TK-->CO,TK-->CO,,,,,,,,,,,,,,,,,CO-->TK,CO-->TK,CO-->TK,CO-->TK,CO-->TK,CO-->TK,CO-->TK,CO-->TK,CO-->TK,CO-->TK,CO-->TK,CO-->TK,CO-->TK,CO-->TK,CO-->TK,CO-->TK,CO-->TK,CO-->TK,CO-->TK
TO,TON,Tonga,Nuku'alofa,Oceania,Polynesia,,TO-->CO,TO-->CO,TO-->CO,TO-->CO,TO-->CO,TO-->CO,TO-->CO,TO-->CO,TO-->CO,TO-->CO,TO-->CO,TO-->CO,TO-->CO,TO-->CO,TO-->CO,TO-->CO,TO-->CO,TO-->CO,TO-->CO,,,,,,,,,,,,,,,,,CO-->TO,CO-->TO,CO-->TO,CO-->TO,CO-->TO,CO-->TO,CO-->TO,CO-->TO,CO-->TO,CO-->TO,CO-->TO,CO-->TO,CO-->TO,CO-->TO,CO-->TO,CO-->TO,CO-->TO,CO-->TO,CO-->TO
TT,TTO,Trinidad and Tobago,Port of Spain,Americas,Caribbean,,TT-->CO,TT-->CO,TT-->CO,TT-->CO,TT-->CO,TT-->CO,TT-->CO,TT-->CO,TT-->CO,TT-->CO,TT-->CO,TT-->CO,TT-->CO,TT-->CO,TT-->CO,TT-->CO,TT-->CO,TT-->CO,TT-->CO,,,,,,,,,,,,,,,,,CO-->TT,CO-->TT,CO-->TT,CO-->TT,CO-->TT,CO-->TT,CO-->TT,CO-->TT,CO-->TT,CO-->TT,CO-->TT,CO-->TT,CO-->TT,CO-->TT,CO-->TT,CO-->TT,CO-->TT,CO-->TT,CO-->TT
TN,TUN,Tunisia,Tunis,Africa,Northern Africa,,TN-->CO,TN-->CO,TN-->CO,TN-->CO,TN-->CO,TN-->CO,TN-->CO,TN-->CO,TN-->CO,TN-->CO,TN-->CO,TN-->CO,TN-->CO,TN-->CO,TN-->CO,TN-->CO,TN-->CO,TN-->CO,TN-->CO,,,,,,,,,,,,,,,,,CO-->TN,CO-->TN,CO-->TN,CO-->TN,CO-->TN,CO-->TN,CO-->TN,CO-->TN,CO-->TN,CO-->TN,CO-->TN,CO-->TN,CO-->TN,CO-->TN,CO-->TN,CO-->TN,CO-->TN,CO-->TN,CO-->TN
TR,TUR,Turkey,Ankara,Asia,Western Asia,,TR-->CO,TR-->CO,TR-->CO,TR-->CO,TR-->CO,TR-->CO,TR-->CO,TR-->CO,TR-->CO,TR-->CO,TR-->CO,TR-->CO,TR-->CO,TR-->CO,TR-->CO,TR-->CO,TR-->CO,TR-->CO,TR-->CO,,,,,,,,,,,,,,,,,CO-->TR,CO-->TR,CO-->TR,CO-->TR,CO-->TR,CO-->TR,CO-->TR,CO-->TR,CO-->TR,CO-->TR,CO-->TR,CO-->TR,CO-->TR,CO-->TR,CO-->TR,CO-->TR,CO-->TR,CO-->TR,CO-->TR
TM,TKM,Turkmenistan,Ashgabat,Asia,Central Asia,,TM-->CO,TM-->CO,TM-->CO,TM-->CO,TM-->CO,TM-->CO,TM-->CO,TM-->CO,TM-->CO,TM-->CO,TM-->CO,TM-->CO,TM-->CO,TM-->CO,TM-->CO,TM-->CO,TM-->CO,TM-->CO,TM-->CO,,,,,,,,,,,,,,,,,CO-->TM,CO-->TM,CO-->TM,CO-->TM,CO-->TM,CO-->TM,CO-->TM,CO-->TM,CO-->TM,CO-->TM,CO-->TM,CO-->TM,CO-->TM,CO-->TM,CO-->TM,CO-->TM,CO-->TM,CO-->TM,CO-->TM
TC,TCA,Turks and Caicos Islands,Cockburn Town,Americas,Caribbean,,TC-->CO,TC-->CO,TC-->CO,TC-->CO,TC-->CO,TC-->CO,TC-->CO,TC-->CO,TC-->CO,TC-->CO,TC-->CO,TC-->CO,TC-->CO,TC-->CO,TC-->CO,TC-->CO,TC-->CO,TC-->CO,TC-->CO,,,,,,,,,,,,,,,,,CO-->TC,CO-->TC,CO-->TC,CO-->TC,CO-->TC,CO-->TC,CO-->TC,CO-->TC,CO-->TC,CO-->TC,CO-->TC,CO-->TC,CO-->TC,CO-->TC,CO-->TC,CO-->TC,CO-->TC,CO-->TC,CO-->TC
TV,TUV,Tuvalu,Funafuti,Oceania,Polynesia,,TV-->CO,TV-->CO,TV-->CO,TV-->CO,TV-->CO,TV-->CO,TV-->CO,TV-->CO,TV-->CO,TV-->CO,TV-->CO,TV-->CO,TV-->CO,TV-->CO,TV-->CO,TV-->CO,TV-->CO,TV-->CO,TV-->CO,,,,,,,,,,,,,,,,,CO-->TV,CO-->TV,CO-->TV,CO-->TV,CO-->TV,CO-->TV,CO-->TV,CO-->TV,CO-->TV,CO-->TV,CO-->TV,CO-->TV,CO-->TV,CO-->TV,CO-->TV,CO-->TV,CO-->TV,CO-->TV,CO-->TV
UG,UGA,Uganda,Kampala,Africa,Eastern Africa,,UG-->CO,UG-->CO,UG-->CO,UG-->CO,UG-->CO,UG-->CO,UG-->CO,UG-->CO,UG-->CO,UG-->CO,UG-->CO,UG-->CO,UG-->CO,UG-->CO,UG-->CO,UG-->CO,UG-->CO,UG-->CO,UG-->CO,,,,,,,,,,,,,,,,,CO-->UG,CO-->UG,CO-->UG,CO-->UG,CO-->UG,CO-->UG,CO-->UG,CO-->UG,CO-->UG,CO-->UG,CO-->UG,CO-->UG,CO-->UG,CO-->UG,CO-->UG,CO-->UG,CO-->UG,CO-->UG,CO-->UG
UA,UKR,Ukraine,Kiev,Europe,Eastern Europe,,UA-->CO,UA-->CO,UA-->CO,UA-->CO,UA-->CO,UA-->CO,UA-->CO,UA-->CO,UA-->CO,UA-->CO,UA-->CO,UA-->CO,UA-->CO,UA-->CO,UA-->CO,UA-->CO,UA-->CO,UA-->CO,UA-->CO,,,,,,,,,,,,,,,,,CO-->UA,CO-->UA,CO-->UA,CO-->UA,CO-->UA,CO-->UA,CO-->UA,CO-->UA,CO-->UA,CO-->UA,CO-->UA,CO-->UA,CO-->UA,CO-->UA,CO-->UA,CO-->UA,CO-->UA,CO-->UA,CO-->UA
AE,ARE,United Arab Emirates,Abu Dhabi,Asia,Western Asia,,AE-->CO,AE-->CO,AE-->CO,AE-->CO,AE-->CO,AE-->CO,AE-->CO,AE-->CO,AE-->CO,AE-->CO,AE-->CO,AE-->CO,AE-->CO,AE-->CO,AE-->CO,AE-->CO,AE-->CO,AE-->CO,AE-->CO,,,,,,,,,,,,,,,,,CO-->AE,CO-->AE,CO-->AE,CO-->AE,CO-->AE,CO-->AE,CO-->AE,CO-->AE,CO-->AE,CO-->AE,CO-->AE,CO-->AE,CO-->AE,CO-->AE,CO-->AE,CO-->AE,CO-->AE,CO-->AE,CO-->AE
GB,GBR,United Kingdom,London,Europe,Northern Europe,,GB-->CO,GB-->CO,GB-->CO,GB-->CO,GB-->CO,GB-->CO,GB-->CO,GB-->CO,GB-->CO,GB-->CO,GB-->CO,GB-->CO,GB-->CO,GB-->CO,GB-->CO,GB-->CO,GB-->CO,GB-->CO,GB-->CO,,,,,,,,,,,,,,,,,CO-->GB,CO-->GB,CO-->GB,CO-->GB,CO-->GB,CO-->GB,CO-->GB,CO-->GB,CO-->GB,CO-->GB,CO-->GB,CO-->GB,CO-->GB,CO-->GB,CO-->GB,CO-->GB,CO-->GB,CO-->GB,CO-->GB
US,USA,United States,"Washington, D.C.",Americas,Northern America,,US-->CO,US-->CO,US-->CO,US-->CO,US-->CO,US-->CO,US-->CO,US-->CO,US-->CO,US-->CO,US-->CO,US-->CO,US-->CO,US-->CO,US-->CO,US-->CO,US-->CO,US-->CO,US-->CO,,,,,,,,,,,,,,,,,CO-->US,CO-->US,CO-->US,CO-->US,CO-->US,CO-->US,CO-->US,CO-->US,CO-->US,CO-->US,CO-->US,CO-->US,CO-->US,CO-->US,CO-->US,CO-->US,CO-->US,CO-->US,CO-->US
UY,URY,Uruguay,Montevideo,Americas,South America,,UY-->CO,UY-->CO,UY-->CO,UY-->CO,UY-->CO,UY-->CO,UY-->CO,UY-->CO,UY-->CO,UY-->CO,UY-->CO,UY-->CO,UY-->CO,UY-->CO,UY-->CO,UY-->CO,UY-->CO,UY-->CO,UY-->CO,,,,,,,,,,,,,,,,,CO-->UY,CO-->UY,CO-->UY,CO-->UY,CO-->UY,CO-->UY,CO-->UY,CO-->UY,CO-->UY,CO-->UY,CO-->UY,CO-->UY,CO-->UY,CO-->UY,CO-->UY,CO-->UY,CO-->UY,CO-->UY,CO-->UY
UZ,UZB,Uzbekistan,Tashkent,Asia,Central Asia,,UZ-->CO,UZ-->CO,UZ-->CO,UZ-->CO,UZ-->CO,UZ-->CO,UZ-->CO,UZ-->CO,UZ-->CO,UZ-->CO,UZ-->CO,UZ-->CO,UZ-->CO,UZ-->CO,UZ-->CO,UZ-->CO,UZ-->CO,UZ-->CO,UZ-->CO,,,,,,,,,,,,,,,,,CO-->UZ,CO-->UZ,CO-->UZ,CO-->UZ,CO-->UZ,CO-->UZ,CO-->UZ,CO-->UZ,CO-->UZ,CO-->UZ,CO-->UZ,CO-->UZ,CO-->UZ,CO-->UZ,CO-->UZ,CO-->UZ,CO-->UZ,CO-->UZ,CO-->UZ
VU,VUT,Vanuatu,Port Vila,Oceania,Melanesia,,VU-->CO,VU-->CO,VU-->CO,VU-->CO,VU-->CO,VU-->CO,VU-->CO,VU-->CO,VU-->CO,VU-->CO,VU-->CO,VU-->CO,VU-->CO,VU-->CO,VU-->CO,VU-->CO,VU-->CO,VU-->CO,VU-->CO,,,,,,,,,,,,,,,,,CO-->VU,CO-->VU,CO-->VU,CO-->VU,CO-->VU,CO-->VU,CO-->VU,CO-->VU,CO-->VU,CO-->VU,CO-->VU,CO-->VU,CO-->VU,CO-->VU,CO-->VU,CO-->VU,CO-->VU,CO-->VU,CO-->VU
VE,VEN,Venezuela,Caracas,Americas,South America,,VE-->CO,VE-->CO,VE-->CO,VE-->CO,VE-->CO,VE-->CO,VE-->CO,VE-->CO,VE-->CO,VE-->CO,VE-->CO,VE-->CO,VE-->CO,VE-->CO,VE-->CO,VE-->CO,VE-->CO,VE-->CO,VE-->CO,,,,,,,,,,,,,,,,,CO-->VE,CO-->VE,CO-->VE,CO-->VE,CO-->VE,CO-->VE,CO-->VE,CO-->VE,CO-->VE,CO-->VE,CO-->VE,CO-->VE,CO-->VE,CO-->VE,CO-->VE,CO-->VE,CO-->VE,CO-->VE,CO-->VE
VN,VNM,Vietnam,Hanoi,Asia,South-Eastern Asia,,VN-->CO,VN-->CO,VN-->CO,VN-->CO,VN-->CO,VN-->CO,VN-->CO,VN-->CO,VN-->CO,VN-->CO,VN-->CO,VN-->CO,VN-->CO,VN-->CO,VN-->CO,VN-->CO,VN-->CO,VN-->CO,VN-->CO,,,,,,,,,,,,,,,,,CO-->VN,CO-->VN,CO-->VN,CO-->VN,CO-->VN,CO-->VN,CO-->VN,CO-->VN,CO-->VN,CO-->VN,CO-->VN,CO-->VN,CO-->VN,CO-->VN,CO-->VN,CO-->VN,CO-->VN,CO-->VN,CO-->VN
WF,WLF,Wallis and Futuna,Mata-Utu,Oceania,Polynesia,,WF-->CO,WF-->CO,WF-->CO,WF-->CO,WF-->CO,WF-->CO,WF-->CO,WF-->CO,WF-->CO,WF-->CO,WF-->CO,WF-->CO,WF-->CO,WF-->CO,WF-->CO,WF-->CO,WF-->CO,WF-->CO,WF-->CO,,,,,,,,,,,,,,,,,CO-->WF,CO-->WF,CO-->WF,CO-->WF,CO-->WF,CO-->WF,CO-->WF,CO-->WF,CO-->WF,CO-->WF,CO-->WF,CO-->WF,CO-->WF,CO-->WF,CO-->WF,CO-->WF,CO-->WF,CO-->WF,CO-->WF
EH,ESH,Western Sahara,El Aaiún,Africa,Northern Africa,,EH-->CO,EH-->CO,EH-->CO,EH-->CO,EH-->CO,EH-->CO,EH-->CO,EH-->CO,EH-->CO,EH-->CO,EH-->CO,EH-->CO,EH-->CO,EH-->CO,EH-->CO,EH-->CO,EH-->CO,EH-->CO,EH-->CO,,,,,,,,,,,,,,,,,CO-->EH,CO-->EH,CO-->EH,CO-->EH,CO-->EH,CO-->EH,CO-->EH,CO-->EH,CO-->EH,CO-->EH,CO-->EH,CO-->EH,CO-->EH,CO-->EH,CO-->EH,CO-->EH,CO-->EH,CO-->EH,CO-->EH
YE,YEM,Yemen,Sana'a,Asia,Western Asia,,YE-->CO,YE-->CO,YE-->CO,YE-->CO,YE-->CO,YE-->CO,YE-->CO,YE-->CO,YE-->CO,YE-->CO,YE-->CO,YE-->CO,YE-->CO,YE-->CO,YE-->CO,YE-->CO,YE-->CO,YE-->CO,YE-->CO,,,,,,,,,,,,,,,,,CO-->YE,CO-->YE,CO-->YE,CO-->YE,CO-->YE,CO-->YE,CO-->YE,CO-->YE,CO-->YE,CO-->YE,CO-->YE,CO-->YE,CO-->YE,CO-->YE,CO-->YE,CO-->YE,CO-->YE,CO-->YE,CO-->YE
ZM,ZMB,Zambia,Lusaka,Africa,Eastern Africa,,ZM-->CO,ZM-->CO,ZM-->CO,ZM-->CO,ZM-->CO,ZM-->CO,ZM-->CO,ZM-->CO,ZM-->CO,ZM-->CO,ZM-->CO,ZM-->CO,ZM-->CO,ZM-->CO,ZM-->CO,ZM-->CO,ZM-->CO,ZM-->CO,ZM-->CO,,,,,,,,,,,,,,,,,CO-->ZM,CO-->ZM,CO-->ZM,CO-->ZM,CO-->ZM,CO-->ZM,CO-->ZM,CO-->ZM,CO-->ZM,CO-->ZM,CO-->ZM,CO-->ZM,CO-->ZM,CO-->ZM,CO-->ZM,CO-->ZM,CO-->ZM,CO-->ZM,CO-->ZM
ZW,ZWE,Zimbabwe,Harare,Africa,Eastern Africa,,ZW-->CO,ZW-->CO,ZW-->CO,ZW-->CO,ZW-->CO,ZW-->CO,ZW-->CO,ZW-->CO,ZW-->CO,ZW-->CO,ZW-->CO,ZW-->CO,ZW-->CO,ZW-->CO,ZW-->CO,ZW-->CO,ZW-->CO,ZW-->CO,ZW-->CO,,,,,,,,,,,,,,,,,CO-->ZW,CO-->ZW,CO-->ZW,CO-->ZW,CO-->ZW,CO-->ZW,CO-->ZW,CO-->ZW,CO-->ZW,CO-->ZW,CO-->ZW,CO-->ZW,CO-->ZW,CO-->ZW,CO-->ZW,CO-->ZW,CO-->ZW,CO-->ZW,CO-->ZW
