nu,code,name,capital,region,subregion,Unnamed: 6,quara/into/where/e,quara/into/where/v,quara/into/where/uv,quara/into/min/e,quara/into/min/v,quara/into/min/uv,quara/into/max/e,quara/into/max/v,quara/into/max/uv,quara/into/comment,test/into/pcr/e,test/into/pcr/v,test/into/pcr/uv,test/into/ag/e,test/into/ag/v,test/into/ag/uv,test/into/comment,visa/into,visa/into/comment,loadStates/into,Unnamed: 27,Unnamed: 28,Unnamed: 29,Unnamed: 30,Unnamed: 31,Unnamed: 32,Unnamed: 33,Unnamed: 34,Unnamed: 35,Unnamed: 36,Unnamed: 37,Unnamed: 38,Unnamed: 39,Unnamed: 40,Unnamed: 41,quara/out/where/e,quara/out/where/v,quara/out/where/uv,quara/out/min/e,quara/out/min/v,quara/out/min/uv,quara/out/max/e,quara/out/max/v,quara/out/max/uv,quara/out/comment,test/out/pcr/e,test/out/pcr/v,test/out/pcr/uv,test/out/ag/e,test/out/ag/v,test/out/ag/uv,test/out/comment,visa/out,visa/out/comment
AF,AFG,Afghanistan,Kabul,Asia,Southern Asia,,AF-->MZ,AF-->MZ,AF-->MZ,AF-->MZ,AF-->MZ,AF-->MZ,AF-->MZ,AF-->MZ,AF-->MZ,AF-->MZ,AF-->MZ,AF-->MZ,AF-->MZ,AF-->MZ,AF-->MZ,AF-->MZ,AF-->MZ,AF-->MZ,AF-->MZ,,,,,,,,,,,,,,,,,MZ-->AF,MZ-->AF,MZ-->AF,MZ-->AF,MZ-->AF,MZ-->AF,MZ-->AF,MZ-->AF,MZ-->AF,MZ-->AF,MZ-->AF,MZ-->AF,MZ-->AF,MZ-->AF,MZ-->AF,MZ-->AF,MZ-->AF,MZ-->AF,MZ-->AF
AX,ALA,Åland Islands,Mariehamn,Europe,Northern Europe,,AX-->MZ,AX-->MZ,AX-->MZ,AX-->MZ,AX-->MZ,AX-->MZ,AX-->MZ,AX-->MZ,AX-->MZ,AX-->MZ,AX-->MZ,AX-->MZ,AX-->MZ,AX-->MZ,AX-->MZ,AX-->MZ,AX-->MZ,AX-->MZ,AX-->MZ,,,,,,,,,,,,,,,,,MZ-->AX,MZ-->AX,MZ-->AX,MZ-->AX,MZ-->AX,MZ-->AX,MZ-->AX,MZ-->AX,MZ-->AX,MZ-->AX,MZ-->AX,MZ-->AX,MZ-->AX,MZ-->AX,MZ-->AX,MZ-->AX,MZ-->AX,MZ-->AX,MZ-->AX
AL,ALB,Albania,Tirana,Europe,Southern Europe,,AL-->MZ,AL-->MZ,AL-->MZ,AL-->MZ,AL-->MZ,AL-->MZ,AL-->MZ,AL-->MZ,AL-->MZ,AL-->MZ,AL-->MZ,AL-->MZ,AL-->MZ,AL-->MZ,AL-->MZ,AL-->MZ,AL-->MZ,AL-->MZ,AL-->MZ,,,,,,,,,,,,,,,,,MZ-->AL,MZ-->AL,MZ-->AL,MZ-->AL,MZ-->AL,MZ-->AL,MZ-->AL,MZ-->AL,MZ-->AL,MZ-->AL,MZ-->AL,MZ-->AL,MZ-->AL,MZ-->AL,MZ-->AL,MZ-->AL,MZ-->AL,MZ-->AL,MZ-->AL
DZ,DZA,Algeria,Algiers,Africa,Northern Africa,,DZ-->MZ,DZ-->MZ,DZ-->MZ,DZ-->MZ,DZ-->MZ,DZ-->MZ,DZ-->MZ,DZ-->MZ,DZ-->MZ,DZ-->MZ,DZ-->MZ,DZ-->MZ,DZ-->MZ,DZ-->MZ,DZ-->MZ,DZ-->MZ,DZ-->MZ,DZ-->MZ,DZ-->MZ,,,,,,,,,,,,,,,,,MZ-->DZ,MZ-->DZ,MZ-->DZ,MZ-->DZ,MZ-->DZ,MZ-->DZ,MZ-->DZ,MZ-->DZ,MZ-->DZ,MZ-->DZ,MZ-->DZ,MZ-->DZ,MZ-->DZ,MZ-->DZ,MZ-->DZ,MZ-->DZ,MZ-->DZ,MZ-->DZ,MZ-->DZ
AS,ASM,American Samoa,Pago Pago,Oceania,Polynesia,,AS-->MZ,AS-->MZ,AS-->MZ,AS-->MZ,AS-->MZ,AS-->MZ,AS-->MZ,AS-->MZ,AS-->MZ,AS-->MZ,AS-->MZ,AS-->MZ,AS-->MZ,AS-->MZ,AS-->MZ,AS-->MZ,AS-->MZ,AS-->MZ,AS-->MZ,,,,,,,,,,,,,,,,,MZ-->AS,MZ-->AS,MZ-->AS,MZ-->AS,MZ-->AS,MZ-->AS,MZ-->AS,MZ-->AS,MZ-->AS,MZ-->AS,MZ-->AS,MZ-->AS,MZ-->AS,MZ-->AS,MZ-->AS,MZ-->AS,MZ-->AS,MZ-->AS,MZ-->AS
AD,AND,Andorra,Andorra la Vella,Europe,Southern Europe,,AD-->MZ,AD-->MZ,AD-->MZ,AD-->MZ,AD-->MZ,AD-->MZ,AD-->MZ,AD-->MZ,AD-->MZ,AD-->MZ,AD-->MZ,AD-->MZ,AD-->MZ,AD-->MZ,AD-->MZ,AD-->MZ,AD-->MZ,AD-->MZ,AD-->MZ,,,,,,,,,,,,,,,,,MZ-->AD,MZ-->AD,MZ-->AD,MZ-->AD,MZ-->AD,MZ-->AD,MZ-->AD,MZ-->AD,MZ-->AD,MZ-->AD,MZ-->AD,MZ-->AD,MZ-->AD,MZ-->AD,MZ-->AD,MZ-->AD,MZ-->AD,MZ-->AD,MZ-->AD
AO,AGO,Angola,Luanda,Africa,Middle Africa,,AO-->MZ,AO-->MZ,AO-->MZ,AO-->MZ,AO-->MZ,AO-->MZ,AO-->MZ,AO-->MZ,AO-->MZ,AO-->MZ,AO-->MZ,AO-->MZ,AO-->MZ,AO-->MZ,AO-->MZ,AO-->MZ,AO-->MZ,AO-->MZ,AO-->MZ,,,,,,,,,,,,,,,,,MZ-->AO,MZ-->AO,MZ-->AO,MZ-->AO,MZ-->AO,MZ-->AO,MZ-->AO,MZ-->AO,MZ-->AO,MZ-->AO,MZ-->AO,MZ-->AO,MZ-->AO,MZ-->AO,MZ-->AO,MZ-->AO,MZ-->AO,MZ-->AO,MZ-->AO
AI,AIA,Anguilla,The Valley,Americas,Caribbean,,AI-->MZ,AI-->MZ,AI-->MZ,AI-->MZ,AI-->MZ,AI-->MZ,AI-->MZ,AI-->MZ,AI-->MZ,AI-->MZ,AI-->MZ,AI-->MZ,AI-->MZ,AI-->MZ,AI-->MZ,AI-->MZ,AI-->MZ,AI-->MZ,AI-->MZ,,,,,,,,,,,,,,,,,MZ-->AI,MZ-->AI,MZ-->AI,MZ-->AI,MZ-->AI,MZ-->AI,MZ-->AI,MZ-->AI,MZ-->AI,MZ-->AI,MZ-->AI,MZ-->AI,MZ-->AI,MZ-->AI,MZ-->AI,MZ-->AI,MZ-->AI,MZ-->AI,MZ-->AI
AQ,ATA,Antarctica,,Polar,,,AQ-->MZ,AQ-->MZ,AQ-->MZ,AQ-->MZ,AQ-->MZ,AQ-->MZ,AQ-->MZ,AQ-->MZ,AQ-->MZ,AQ-->MZ,AQ-->MZ,AQ-->MZ,AQ-->MZ,AQ-->MZ,AQ-->MZ,AQ-->MZ,AQ-->MZ,AQ-->MZ,AQ-->MZ,,,,,,,,,,,,,,,,,MZ-->AQ,MZ-->AQ,MZ-->AQ,MZ-->AQ,MZ-->AQ,MZ-->AQ,MZ-->AQ,MZ-->AQ,MZ-->AQ,MZ-->AQ,MZ-->AQ,MZ-->AQ,MZ-->AQ,MZ-->AQ,MZ-->AQ,MZ-->AQ,MZ-->AQ,MZ-->AQ,MZ-->AQ
AG,ATG,Antigua and Barbuda,Saint John's,Americas,Caribbean,,AG-->MZ,AG-->MZ,AG-->MZ,AG-->MZ,AG-->MZ,AG-->MZ,AG-->MZ,AG-->MZ,AG-->MZ,AG-->MZ,AG-->MZ,AG-->MZ,AG-->MZ,AG-->MZ,AG-->MZ,AG-->MZ,AG-->MZ,AG-->MZ,AG-->MZ,,,,,,,,,,,,,,,,,MZ-->AG,MZ-->AG,MZ-->AG,MZ-->AG,MZ-->AG,MZ-->AG,MZ-->AG,MZ-->AG,MZ-->AG,MZ-->AG,MZ-->AG,MZ-->AG,MZ-->AG,MZ-->AG,MZ-->AG,MZ-->AG,MZ-->AG,MZ-->AG,MZ-->AG
AR,ARG,Argentina,Buenos Aires,Americas,South America,,AR-->MZ,AR-->MZ,AR-->MZ,AR-->MZ,AR-->MZ,AR-->MZ,AR-->MZ,AR-->MZ,AR-->MZ,AR-->MZ,AR-->MZ,AR-->MZ,AR-->MZ,AR-->MZ,AR-->MZ,AR-->MZ,AR-->MZ,AR-->MZ,AR-->MZ,,,,,,,,,,,,,,,,,MZ-->AR,MZ-->AR,MZ-->AR,MZ-->AR,MZ-->AR,MZ-->AR,MZ-->AR,MZ-->AR,MZ-->AR,MZ-->AR,MZ-->AR,MZ-->AR,MZ-->AR,MZ-->AR,MZ-->AR,MZ-->AR,MZ-->AR,MZ-->AR,MZ-->AR
AM,ARM,Armenia,Yerevan,Asia,Western Asia,,AM-->MZ,AM-->MZ,AM-->MZ,AM-->MZ,AM-->MZ,AM-->MZ,AM-->MZ,AM-->MZ,AM-->MZ,AM-->MZ,AM-->MZ,AM-->MZ,AM-->MZ,AM-->MZ,AM-->MZ,AM-->MZ,AM-->MZ,AM-->MZ,AM-->MZ,,,,,,,,,,,,,,,,,MZ-->AM,MZ-->AM,MZ-->AM,MZ-->AM,MZ-->AM,MZ-->AM,MZ-->AM,MZ-->AM,MZ-->AM,MZ-->AM,MZ-->AM,MZ-->AM,MZ-->AM,MZ-->AM,MZ-->AM,MZ-->AM,MZ-->AM,MZ-->AM,MZ-->AM
AW,ABW,Aruba,Oranjestad,Americas,Caribbean,,AW-->MZ,AW-->MZ,AW-->MZ,AW-->MZ,AW-->MZ,AW-->MZ,AW-->MZ,AW-->MZ,AW-->MZ,AW-->MZ,AW-->MZ,AW-->MZ,AW-->MZ,AW-->MZ,AW-->MZ,AW-->MZ,AW-->MZ,AW-->MZ,AW-->MZ,,,,,,,,,,,,,,,,,MZ-->AW,MZ-->AW,MZ-->AW,MZ-->AW,MZ-->AW,MZ-->AW,MZ-->AW,MZ-->AW,MZ-->AW,MZ-->AW,MZ-->AW,MZ-->AW,MZ-->AW,MZ-->AW,MZ-->AW,MZ-->AW,MZ-->AW,MZ-->AW,MZ-->AW
AU,AUS,Australia,Canberra,Oceania,Australia and New Zealand,,AU-->MZ,AU-->MZ,AU-->MZ,AU-->MZ,AU-->MZ,AU-->MZ,AU-->MZ,AU-->MZ,AU-->MZ,AU-->MZ,AU-->MZ,AU-->MZ,AU-->MZ,AU-->MZ,AU-->MZ,AU-->MZ,AU-->MZ,AU-->MZ,AU-->MZ,,,,,,,,,,,,,,,,,MZ-->AU,MZ-->AU,MZ-->AU,MZ-->AU,MZ-->AU,MZ-->AU,MZ-->AU,MZ-->AU,MZ-->AU,MZ-->AU,MZ-->AU,MZ-->AU,MZ-->AU,MZ-->AU,MZ-->AU,MZ-->AU,MZ-->AU,MZ-->AU,MZ-->AU
AT,AUT,Austria,Vienna,Europe,Western Europe,,AT-->MZ,AT-->MZ,AT-->MZ,AT-->MZ,AT-->MZ,AT-->MZ,AT-->MZ,AT-->MZ,AT-->MZ,AT-->MZ,AT-->MZ,AT-->MZ,AT-->MZ,AT-->MZ,AT-->MZ,AT-->MZ,AT-->MZ,AT-->MZ,AT-->MZ,,,,,,,,,,,,,,,,,MZ-->AT,MZ-->AT,MZ-->AT,MZ-->AT,MZ-->AT,MZ-->AT,MZ-->AT,MZ-->AT,MZ-->AT,MZ-->AT,MZ-->AT,MZ-->AT,MZ-->AT,MZ-->AT,MZ-->AT,MZ-->AT,MZ-->AT,MZ-->AT,MZ-->AT
AZ,AZE,Azerbaijan,Baku,Asia,Western Asia,,AZ-->MZ,AZ-->MZ,AZ-->MZ,AZ-->MZ,AZ-->MZ,AZ-->MZ,AZ-->MZ,AZ-->MZ,AZ-->MZ,AZ-->MZ,AZ-->MZ,AZ-->MZ,AZ-->MZ,AZ-->MZ,AZ-->MZ,AZ-->MZ,AZ-->MZ,AZ-->MZ,AZ-->MZ,,,,,,,,,,,,,,,,,MZ-->AZ,MZ-->AZ,MZ-->AZ,MZ-->AZ,MZ-->AZ,MZ-->AZ,MZ-->AZ,MZ-->AZ,MZ-->AZ,MZ-->AZ,MZ-->AZ,MZ-->AZ,MZ-->AZ,MZ-->AZ,MZ-->AZ,MZ-->AZ,MZ-->AZ,MZ-->AZ,MZ-->AZ
BS,BHS,The Bahamas,Nassau,Americas,Caribbean,,BS-->MZ,BS-->MZ,BS-->MZ,BS-->MZ,BS-->MZ,BS-->MZ,BS-->MZ,BS-->MZ,BS-->MZ,BS-->MZ,BS-->MZ,BS-->MZ,BS-->MZ,BS-->MZ,BS-->MZ,BS-->MZ,BS-->MZ,BS-->MZ,BS-->MZ,,,,,,,,,,,,,,,,,MZ-->BS,MZ-->BS,MZ-->BS,MZ-->BS,MZ-->BS,MZ-->BS,MZ-->BS,MZ-->BS,MZ-->BS,MZ-->BS,MZ-->BS,MZ-->BS,MZ-->BS,MZ-->BS,MZ-->BS,MZ-->BS,MZ-->BS,MZ-->BS,MZ-->BS
BH,BHR,Bahrain,Manama,Asia,Western Asia,,BH-->MZ,BH-->MZ,BH-->MZ,BH-->MZ,BH-->MZ,BH-->MZ,BH-->MZ,BH-->MZ,BH-->MZ,BH-->MZ,BH-->MZ,BH-->MZ,BH-->MZ,BH-->MZ,BH-->MZ,BH-->MZ,BH-->MZ,BH-->MZ,BH-->MZ,,,,,,,,,,,,,,,,,MZ-->BH,MZ-->BH,MZ-->BH,MZ-->BH,MZ-->BH,MZ-->BH,MZ-->BH,MZ-->BH,MZ-->BH,MZ-->BH,MZ-->BH,MZ-->BH,MZ-->BH,MZ-->BH,MZ-->BH,MZ-->BH,MZ-->BH,MZ-->BH,MZ-->BH
BD,BGD,Bangladesh,Dhaka,Asia,Southern Asia,,BD-->MZ,BD-->MZ,BD-->MZ,BD-->MZ,BD-->MZ,BD-->MZ,BD-->MZ,BD-->MZ,BD-->MZ,BD-->MZ,BD-->MZ,BD-->MZ,BD-->MZ,BD-->MZ,BD-->MZ,BD-->MZ,BD-->MZ,BD-->MZ,BD-->MZ,,,,,,,,,,,,,,,,,MZ-->BD,MZ-->BD,MZ-->BD,MZ-->BD,MZ-->BD,MZ-->BD,MZ-->BD,MZ-->BD,MZ-->BD,MZ-->BD,MZ-->BD,MZ-->BD,MZ-->BD,MZ-->BD,MZ-->BD,MZ-->BD,MZ-->BD,MZ-->BD,MZ-->BD
BB,BRB,Barbados,Bridgetown,Americas,Caribbean,,BB-->MZ,BB-->MZ,BB-->MZ,BB-->MZ,BB-->MZ,BB-->MZ,BB-->MZ,BB-->MZ,BB-->MZ,BB-->MZ,BB-->MZ,BB-->MZ,BB-->MZ,BB-->MZ,BB-->MZ,BB-->MZ,BB-->MZ,BB-->MZ,BB-->MZ,,,,,,,,,,,,,,,,,MZ-->BB,MZ-->BB,MZ-->BB,MZ-->BB,MZ-->BB,MZ-->BB,MZ-->BB,MZ-->BB,MZ-->BB,MZ-->BB,MZ-->BB,MZ-->BB,MZ-->BB,MZ-->BB,MZ-->BB,MZ-->BB,MZ-->BB,MZ-->BB,MZ-->BB
BY,BLR,Belarus,Minsk,Europe,Eastern Europe,,BY-->MZ,BY-->MZ,BY-->MZ,BY-->MZ,BY-->MZ,BY-->MZ,BY-->MZ,BY-->MZ,BY-->MZ,BY-->MZ,BY-->MZ,BY-->MZ,BY-->MZ,BY-->MZ,BY-->MZ,BY-->MZ,BY-->MZ,BY-->MZ,BY-->MZ,,,,,,,,,,,,,,,,,MZ-->BY,MZ-->BY,MZ-->BY,MZ-->BY,MZ-->BY,MZ-->BY,MZ-->BY,MZ-->BY,MZ-->BY,MZ-->BY,MZ-->BY,MZ-->BY,MZ-->BY,MZ-->BY,MZ-->BY,MZ-->BY,MZ-->BY,MZ-->BY,MZ-->BY
BE,BEL,Belgium,Brussels,Europe,Western Europe,,BE-->MZ,BE-->MZ,BE-->MZ,BE-->MZ,BE-->MZ,BE-->MZ,BE-->MZ,BE-->MZ,BE-->MZ,BE-->MZ,BE-->MZ,BE-->MZ,BE-->MZ,BE-->MZ,BE-->MZ,BE-->MZ,BE-->MZ,BE-->MZ,BE-->MZ,,,,,,,,,,,,,,,,,MZ-->BE,MZ-->BE,MZ-->BE,MZ-->BE,MZ-->BE,MZ-->BE,MZ-->BE,MZ-->BE,MZ-->BE,MZ-->BE,MZ-->BE,MZ-->BE,MZ-->BE,MZ-->BE,MZ-->BE,MZ-->BE,MZ-->BE,MZ-->BE,MZ-->BE
BZ,BLZ,Belize,Belmopan,Americas,Central America,,BZ-->MZ,BZ-->MZ,BZ-->MZ,BZ-->MZ,BZ-->MZ,BZ-->MZ,BZ-->MZ,BZ-->MZ,BZ-->MZ,BZ-->MZ,BZ-->MZ,BZ-->MZ,BZ-->MZ,BZ-->MZ,BZ-->MZ,BZ-->MZ,BZ-->MZ,BZ-->MZ,BZ-->MZ,,,,,,,,,,,,,,,,,MZ-->BZ,MZ-->BZ,MZ-->BZ,MZ-->BZ,MZ-->BZ,MZ-->BZ,MZ-->BZ,MZ-->BZ,MZ-->BZ,MZ-->BZ,MZ-->BZ,MZ-->BZ,MZ-->BZ,MZ-->BZ,MZ-->BZ,MZ-->BZ,MZ-->BZ,MZ-->BZ,MZ-->BZ
BJ,BEN,Benin,Porto-Novo,Africa,Western Africa,,BJ-->MZ,BJ-->MZ,BJ-->MZ,BJ-->MZ,BJ-->MZ,BJ-->MZ,BJ-->MZ,BJ-->MZ,BJ-->MZ,BJ-->MZ,BJ-->MZ,BJ-->MZ,BJ-->MZ,BJ-->MZ,BJ-->MZ,BJ-->MZ,BJ-->MZ,BJ-->MZ,BJ-->MZ,,,,,,,,,,,,,,,,,MZ-->BJ,MZ-->BJ,MZ-->BJ,MZ-->BJ,MZ-->BJ,MZ-->BJ,MZ-->BJ,MZ-->BJ,MZ-->BJ,MZ-->BJ,MZ-->BJ,MZ-->BJ,MZ-->BJ,MZ-->BJ,MZ-->BJ,MZ-->BJ,MZ-->BJ,MZ-->BJ,MZ-->BJ
BM,BMU,Bermuda,Hamilton,Americas,Northern America,,BM-->MZ,BM-->MZ,BM-->MZ,BM-->MZ,BM-->MZ,BM-->MZ,BM-->MZ,BM-->MZ,BM-->MZ,BM-->MZ,BM-->MZ,BM-->MZ,BM-->MZ,BM-->MZ,BM-->MZ,BM-->MZ,BM-->MZ,BM-->MZ,BM-->MZ,,,,,,,,,,,,,,,,,MZ-->BM,MZ-->BM,MZ-->BM,MZ-->BM,MZ-->BM,MZ-->BM,MZ-->BM,MZ-->BM,MZ-->BM,MZ-->BM,MZ-->BM,MZ-->BM,MZ-->BM,MZ-->BM,MZ-->BM,MZ-->BM,MZ-->BM,MZ-->BM,MZ-->BM
BT,BTN,Bhutan,Thimphu,Asia,Southern Asia,,BT-->MZ,BT-->MZ,BT-->MZ,BT-->MZ,BT-->MZ,BT-->MZ,BT-->MZ,BT-->MZ,BT-->MZ,BT-->MZ,BT-->MZ,BT-->MZ,BT-->MZ,BT-->MZ,BT-->MZ,BT-->MZ,BT-->MZ,BT-->MZ,BT-->MZ,,,,,,,,,,,,,,,,,MZ-->BT,MZ-->BT,MZ-->BT,MZ-->BT,MZ-->BT,MZ-->BT,MZ-->BT,MZ-->BT,MZ-->BT,MZ-->BT,MZ-->BT,MZ-->BT,MZ-->BT,MZ-->BT,MZ-->BT,MZ-->BT,MZ-->BT,MZ-->BT,MZ-->BT
BO,BOL,Bolivia,Sucre,Americas,South America,,BO-->MZ,BO-->MZ,BO-->MZ,BO-->MZ,BO-->MZ,BO-->MZ,BO-->MZ,BO-->MZ,BO-->MZ,BO-->MZ,BO-->MZ,BO-->MZ,BO-->MZ,BO-->MZ,BO-->MZ,BO-->MZ,BO-->MZ,BO-->MZ,BO-->MZ,,,,,,,,,,,,,,,,,MZ-->BO,MZ-->BO,MZ-->BO,MZ-->BO,MZ-->BO,MZ-->BO,MZ-->BO,MZ-->BO,MZ-->BO,MZ-->BO,MZ-->BO,MZ-->BO,MZ-->BO,MZ-->BO,MZ-->BO,MZ-->BO,MZ-->BO,MZ-->BO,MZ-->BO
BQ,BES,Bonaire,Kralendijk,Americas,Caribbean,,BQ-->MZ,BQ-->MZ,BQ-->MZ,BQ-->MZ,BQ-->MZ,BQ-->MZ,BQ-->MZ,BQ-->MZ,BQ-->MZ,BQ-->MZ,BQ-->MZ,BQ-->MZ,BQ-->MZ,BQ-->MZ,BQ-->MZ,BQ-->MZ,BQ-->MZ,BQ-->MZ,BQ-->MZ,,,,,,,,,,,,,,,,,MZ-->BQ,MZ-->BQ,MZ-->BQ,MZ-->BQ,MZ-->BQ,MZ-->BQ,MZ-->BQ,MZ-->BQ,MZ-->BQ,MZ-->BQ,MZ-->BQ,MZ-->BQ,MZ-->BQ,MZ-->BQ,MZ-->BQ,MZ-->BQ,MZ-->BQ,MZ-->BQ,MZ-->BQ
BA,BIH,Bosnia and Herzegovina,Sarajevo,Europe,Southern Europe,,BA-->MZ,BA-->MZ,BA-->MZ,BA-->MZ,BA-->MZ,BA-->MZ,BA-->MZ,BA-->MZ,BA-->MZ,BA-->MZ,BA-->MZ,BA-->MZ,BA-->MZ,BA-->MZ,BA-->MZ,BA-->MZ,BA-->MZ,BA-->MZ,BA-->MZ,,,,,,,,,,,,,,,,,MZ-->BA,MZ-->BA,MZ-->BA,MZ-->BA,MZ-->BA,MZ-->BA,MZ-->BA,MZ-->BA,MZ-->BA,MZ-->BA,MZ-->BA,MZ-->BA,MZ-->BA,MZ-->BA,MZ-->BA,MZ-->BA,MZ-->BA,MZ-->BA,MZ-->BA
BW,BWA,Botswana,Gaborone,Africa,Southern Africa,,BW-->MZ,BW-->MZ,BW-->MZ,BW-->MZ,BW-->MZ,BW-->MZ,BW-->MZ,BW-->MZ,BW-->MZ,BW-->MZ,BW-->MZ,BW-->MZ,BW-->MZ,BW-->MZ,BW-->MZ,BW-->MZ,BW-->MZ,BW-->MZ,BW-->MZ,,,,,,,,,,,,,,,,,MZ-->BW,MZ-->BW,MZ-->BW,MZ-->BW,MZ-->BW,MZ-->BW,MZ-->BW,MZ-->BW,MZ-->BW,MZ-->BW,MZ-->BW,MZ-->BW,MZ-->BW,MZ-->BW,MZ-->BW,MZ-->BW,MZ-->BW,MZ-->BW,MZ-->BW
BV,BVT,Bouvet Island,,,,,BV-->MZ,BV-->MZ,BV-->MZ,BV-->MZ,BV-->MZ,BV-->MZ,BV-->MZ,BV-->MZ,BV-->MZ,BV-->MZ,BV-->MZ,BV-->MZ,BV-->MZ,BV-->MZ,BV-->MZ,BV-->MZ,BV-->MZ,BV-->MZ,BV-->MZ,,,,,,,,,,,,,,,,,MZ-->BV,MZ-->BV,MZ-->BV,MZ-->BV,MZ-->BV,MZ-->BV,MZ-->BV,MZ-->BV,MZ-->BV,MZ-->BV,MZ-->BV,MZ-->BV,MZ-->BV,MZ-->BV,MZ-->BV,MZ-->BV,MZ-->BV,MZ-->BV,MZ-->BV
BR,BRA,Brazil,Brasília,Americas,South America,,BR-->MZ,BR-->MZ,BR-->MZ,BR-->MZ,BR-->MZ,BR-->MZ,BR-->MZ,BR-->MZ,BR-->MZ,BR-->MZ,BR-->MZ,BR-->MZ,BR-->MZ,BR-->MZ,BR-->MZ,BR-->MZ,BR-->MZ,BR-->MZ,BR-->MZ,,,,,,,,,,,,,,,,,MZ-->BR,MZ-->BR,MZ-->BR,MZ-->BR,MZ-->BR,MZ-->BR,MZ-->BR,MZ-->BR,MZ-->BR,MZ-->BR,MZ-->BR,MZ-->BR,MZ-->BR,MZ-->BR,MZ-->BR,MZ-->BR,MZ-->BR,MZ-->BR,MZ-->BR
IO,IOT,British Indian Ocean Territory,Diego Garcia,Africa,Eastern Africa,,IO-->MZ,IO-->MZ,IO-->MZ,IO-->MZ,IO-->MZ,IO-->MZ,IO-->MZ,IO-->MZ,IO-->MZ,IO-->MZ,IO-->MZ,IO-->MZ,IO-->MZ,IO-->MZ,IO-->MZ,IO-->MZ,IO-->MZ,IO-->MZ,IO-->MZ,,,,,,,,,,,,,,,,,MZ-->IO,MZ-->IO,MZ-->IO,MZ-->IO,MZ-->IO,MZ-->IO,MZ-->IO,MZ-->IO,MZ-->IO,MZ-->IO,MZ-->IO,MZ-->IO,MZ-->IO,MZ-->IO,MZ-->IO,MZ-->IO,MZ-->IO,MZ-->IO,MZ-->IO
UM,UMI,United States Minor Outlying Islands,,Americas,Northern America,,UM-->MZ,UM-->MZ,UM-->MZ,UM-->MZ,UM-->MZ,UM-->MZ,UM-->MZ,UM-->MZ,UM-->MZ,UM-->MZ,UM-->MZ,UM-->MZ,UM-->MZ,UM-->MZ,UM-->MZ,UM-->MZ,UM-->MZ,UM-->MZ,UM-->MZ,,,,,,,,,,,,,,,,,MZ-->UM,MZ-->UM,MZ-->UM,MZ-->UM,MZ-->UM,MZ-->UM,MZ-->UM,MZ-->UM,MZ-->UM,MZ-->UM,MZ-->UM,MZ-->UM,MZ-->UM,MZ-->UM,MZ-->UM,MZ-->UM,MZ-->UM,MZ-->UM,MZ-->UM
VG,VGB,Virgin Islands (British),Road Town,Americas,Caribbean,,VG-->MZ,VG-->MZ,VG-->MZ,VG-->MZ,VG-->MZ,VG-->MZ,VG-->MZ,VG-->MZ,VG-->MZ,VG-->MZ,VG-->MZ,VG-->MZ,VG-->MZ,VG-->MZ,VG-->MZ,VG-->MZ,VG-->MZ,VG-->MZ,VG-->MZ,,,,,,,,,,,,,,,,,MZ-->VG,MZ-->VG,MZ-->VG,MZ-->VG,MZ-->VG,MZ-->VG,MZ-->VG,MZ-->VG,MZ-->VG,MZ-->VG,MZ-->VG,MZ-->VG,MZ-->VG,MZ-->VG,MZ-->VG,MZ-->VG,MZ-->VG,MZ-->VG,MZ-->VG
VI,VIR,Virgin Islands (U.S.),Charlotte Amalie,Americas,Caribbean,,VI-->MZ,VI-->MZ,VI-->MZ,VI-->MZ,VI-->MZ,VI-->MZ,VI-->MZ,VI-->MZ,VI-->MZ,VI-->MZ,VI-->MZ,VI-->MZ,VI-->MZ,VI-->MZ,VI-->MZ,VI-->MZ,VI-->MZ,VI-->MZ,VI-->MZ,,,,,,,,,,,,,,,,,MZ-->VI,MZ-->VI,MZ-->VI,MZ-->VI,MZ-->VI,MZ-->VI,MZ-->VI,MZ-->VI,MZ-->VI,MZ-->VI,MZ-->VI,MZ-->VI,MZ-->VI,MZ-->VI,MZ-->VI,MZ-->VI,MZ-->VI,MZ-->VI,MZ-->VI
BN,BRN,Brunei,Bandar Seri Begawan,Asia,South-Eastern Asia,,BN-->MZ,BN-->MZ,BN-->MZ,BN-->MZ,BN-->MZ,BN-->MZ,BN-->MZ,BN-->MZ,BN-->MZ,BN-->MZ,BN-->MZ,BN-->MZ,BN-->MZ,BN-->MZ,BN-->MZ,BN-->MZ,BN-->MZ,BN-->MZ,BN-->MZ,,,,,,,,,,,,,,,,,MZ-->BN,MZ-->BN,MZ-->BN,MZ-->BN,MZ-->BN,MZ-->BN,MZ-->BN,MZ-->BN,MZ-->BN,MZ-->BN,MZ-->BN,MZ-->BN,MZ-->BN,MZ-->BN,MZ-->BN,MZ-->BN,MZ-->BN,MZ-->BN,MZ-->BN
BG,BGR,Bulgaria,Sofia,Europe,Eastern Europe,,BG-->MZ,BG-->MZ,BG-->MZ,BG-->MZ,BG-->MZ,BG-->MZ,BG-->MZ,BG-->MZ,BG-->MZ,BG-->MZ,BG-->MZ,BG-->MZ,BG-->MZ,BG-->MZ,BG-->MZ,BG-->MZ,BG-->MZ,BG-->MZ,BG-->MZ,,,,,,,,,,,,,,,,,MZ-->BG,MZ-->BG,MZ-->BG,MZ-->BG,MZ-->BG,MZ-->BG,MZ-->BG,MZ-->BG,MZ-->BG,MZ-->BG,MZ-->BG,MZ-->BG,MZ-->BG,MZ-->BG,MZ-->BG,MZ-->BG,MZ-->BG,MZ-->BG,MZ-->BG
BF,BFA,Burkina Faso,Ouagadougou,Africa,Western Africa,,BF-->MZ,BF-->MZ,BF-->MZ,BF-->MZ,BF-->MZ,BF-->MZ,BF-->MZ,BF-->MZ,BF-->MZ,BF-->MZ,BF-->MZ,BF-->MZ,BF-->MZ,BF-->MZ,BF-->MZ,BF-->MZ,BF-->MZ,BF-->MZ,BF-->MZ,,,,,,,,,,,,,,,,,MZ-->BF,MZ-->BF,MZ-->BF,MZ-->BF,MZ-->BF,MZ-->BF,MZ-->BF,MZ-->BF,MZ-->BF,MZ-->BF,MZ-->BF,MZ-->BF,MZ-->BF,MZ-->BF,MZ-->BF,MZ-->BF,MZ-->BF,MZ-->BF,MZ-->BF
BI,BDI,Burundi,Bujumbura,Africa,Eastern Africa,,BI-->MZ,BI-->MZ,BI-->MZ,BI-->MZ,BI-->MZ,BI-->MZ,BI-->MZ,BI-->MZ,BI-->MZ,BI-->MZ,BI-->MZ,BI-->MZ,BI-->MZ,BI-->MZ,BI-->MZ,BI-->MZ,BI-->MZ,BI-->MZ,BI-->MZ,,,,,,,,,,,,,,,,,MZ-->BI,MZ-->BI,MZ-->BI,MZ-->BI,MZ-->BI,MZ-->BI,MZ-->BI,MZ-->BI,MZ-->BI,MZ-->BI,MZ-->BI,MZ-->BI,MZ-->BI,MZ-->BI,MZ-->BI,MZ-->BI,MZ-->BI,MZ-->BI,MZ-->BI
KH,KHM,Cambodia,Phnom Penh,Asia,South-Eastern Asia,,KH-->MZ,KH-->MZ,KH-->MZ,KH-->MZ,KH-->MZ,KH-->MZ,KH-->MZ,KH-->MZ,KH-->MZ,KH-->MZ,KH-->MZ,KH-->MZ,KH-->MZ,KH-->MZ,KH-->MZ,KH-->MZ,KH-->MZ,KH-->MZ,KH-->MZ,,,,,,,,,,,,,,,,,MZ-->KH,MZ-->KH,MZ-->KH,MZ-->KH,MZ-->KH,MZ-->KH,MZ-->KH,MZ-->KH,MZ-->KH,MZ-->KH,MZ-->KH,MZ-->KH,MZ-->KH,MZ-->KH,MZ-->KH,MZ-->KH,MZ-->KH,MZ-->KH,MZ-->KH
CM,CMR,Cameroon,Yaoundé,Africa,Middle Africa,,CM-->MZ,CM-->MZ,CM-->MZ,CM-->MZ,CM-->MZ,CM-->MZ,CM-->MZ,CM-->MZ,CM-->MZ,CM-->MZ,CM-->MZ,CM-->MZ,CM-->MZ,CM-->MZ,CM-->MZ,CM-->MZ,CM-->MZ,CM-->MZ,CM-->MZ,,,,,,,,,,,,,,,,,MZ-->CM,MZ-->CM,MZ-->CM,MZ-->CM,MZ-->CM,MZ-->CM,MZ-->CM,MZ-->CM,MZ-->CM,MZ-->CM,MZ-->CM,MZ-->CM,MZ-->CM,MZ-->CM,MZ-->CM,MZ-->CM,MZ-->CM,MZ-->CM,MZ-->CM
CA,CAN,Canada,Ottawa,Americas,Northern America,,CA-->MZ,CA-->MZ,CA-->MZ,CA-->MZ,CA-->MZ,CA-->MZ,CA-->MZ,CA-->MZ,CA-->MZ,CA-->MZ,CA-->MZ,CA-->MZ,CA-->MZ,CA-->MZ,CA-->MZ,CA-->MZ,CA-->MZ,CA-->MZ,CA-->MZ,,,,,,,,,,,,,,,,,MZ-->CA,MZ-->CA,MZ-->CA,MZ-->CA,MZ-->CA,MZ-->CA,MZ-->CA,MZ-->CA,MZ-->CA,MZ-->CA,MZ-->CA,MZ-->CA,MZ-->CA,MZ-->CA,MZ-->CA,MZ-->CA,MZ-->CA,MZ-->CA,MZ-->CA
CV,CPV,Cape Verde,Praia,Africa,Western Africa,,CV-->MZ,CV-->MZ,CV-->MZ,CV-->MZ,CV-->MZ,CV-->MZ,CV-->MZ,CV-->MZ,CV-->MZ,CV-->MZ,CV-->MZ,CV-->MZ,CV-->MZ,CV-->MZ,CV-->MZ,CV-->MZ,CV-->MZ,CV-->MZ,CV-->MZ,,,,,,,,,,,,,,,,,MZ-->CV,MZ-->CV,MZ-->CV,MZ-->CV,MZ-->CV,MZ-->CV,MZ-->CV,MZ-->CV,MZ-->CV,MZ-->CV,MZ-->CV,MZ-->CV,MZ-->CV,MZ-->CV,MZ-->CV,MZ-->CV,MZ-->CV,MZ-->CV,MZ-->CV
KY,CYM,Cayman Islands,George Town,Americas,Caribbean,,KY-->MZ,KY-->MZ,KY-->MZ,KY-->MZ,KY-->MZ,KY-->MZ,KY-->MZ,KY-->MZ,KY-->MZ,KY-->MZ,KY-->MZ,KY-->MZ,KY-->MZ,KY-->MZ,KY-->MZ,KY-->MZ,KY-->MZ,KY-->MZ,KY-->MZ,,,,,,,,,,,,,,,,,MZ-->KY,MZ-->KY,MZ-->KY,MZ-->KY,MZ-->KY,MZ-->KY,MZ-->KY,MZ-->KY,MZ-->KY,MZ-->KY,MZ-->KY,MZ-->KY,MZ-->KY,MZ-->KY,MZ-->KY,MZ-->KY,MZ-->KY,MZ-->KY,MZ-->KY
CF,CAF,Central African Republic,Bangui,Africa,Middle Africa,,CF-->MZ,CF-->MZ,CF-->MZ,CF-->MZ,CF-->MZ,CF-->MZ,CF-->MZ,CF-->MZ,CF-->MZ,CF-->MZ,CF-->MZ,CF-->MZ,CF-->MZ,CF-->MZ,CF-->MZ,CF-->MZ,CF-->MZ,CF-->MZ,CF-->MZ,,,,,,,,,,,,,,,,,MZ-->CF,MZ-->CF,MZ-->CF,MZ-->CF,MZ-->CF,MZ-->CF,MZ-->CF,MZ-->CF,MZ-->CF,MZ-->CF,MZ-->CF,MZ-->CF,MZ-->CF,MZ-->CF,MZ-->CF,MZ-->CF,MZ-->CF,MZ-->CF,MZ-->CF
TD,TCD,Chad,N'Djamena,Africa,Middle Africa,,TD-->MZ,TD-->MZ,TD-->MZ,TD-->MZ,TD-->MZ,TD-->MZ,TD-->MZ,TD-->MZ,TD-->MZ,TD-->MZ,TD-->MZ,TD-->MZ,TD-->MZ,TD-->MZ,TD-->MZ,TD-->MZ,TD-->MZ,TD-->MZ,TD-->MZ,,,,,,,,,,,,,,,,,MZ-->TD,MZ-->TD,MZ-->TD,MZ-->TD,MZ-->TD,MZ-->TD,MZ-->TD,MZ-->TD,MZ-->TD,MZ-->TD,MZ-->TD,MZ-->TD,MZ-->TD,MZ-->TD,MZ-->TD,MZ-->TD,MZ-->TD,MZ-->TD,MZ-->TD
CL,CHL,Chile,Santiago,Americas,South America,,CL-->MZ,CL-->MZ,CL-->MZ,CL-->MZ,CL-->MZ,CL-->MZ,CL-->MZ,CL-->MZ,CL-->MZ,CL-->MZ,CL-->MZ,CL-->MZ,CL-->MZ,CL-->MZ,CL-->MZ,CL-->MZ,CL-->MZ,CL-->MZ,CL-->MZ,,,,,,,,,,,,,,,,,MZ-->CL,MZ-->CL,MZ-->CL,MZ-->CL,MZ-->CL,MZ-->CL,MZ-->CL,MZ-->CL,MZ-->CL,MZ-->CL,MZ-->CL,MZ-->CL,MZ-->CL,MZ-->CL,MZ-->CL,MZ-->CL,MZ-->CL,MZ-->CL,MZ-->CL
CN,CHN,China,Beijing,Asia,Eastern Asia,,CN-->MZ,CN-->MZ,CN-->MZ,CN-->MZ,CN-->MZ,CN-->MZ,CN-->MZ,CN-->MZ,CN-->MZ,CN-->MZ,CN-->MZ,CN-->MZ,CN-->MZ,CN-->MZ,CN-->MZ,CN-->MZ,CN-->MZ,CN-->MZ,CN-->MZ,,,,,,,,,,,,,,,,,MZ-->CN,MZ-->CN,MZ-->CN,MZ-->CN,MZ-->CN,MZ-->CN,MZ-->CN,MZ-->CN,MZ-->CN,MZ-->CN,MZ-->CN,MZ-->CN,MZ-->CN,MZ-->CN,MZ-->CN,MZ-->CN,MZ-->CN,MZ-->CN,MZ-->CN
CX,CXR,Christmas Island,Flying Fish Cove,Oceania,Australia and New Zealand,,CX-->MZ,CX-->MZ,CX-->MZ,CX-->MZ,CX-->MZ,CX-->MZ,CX-->MZ,CX-->MZ,CX-->MZ,CX-->MZ,CX-->MZ,CX-->MZ,CX-->MZ,CX-->MZ,CX-->MZ,CX-->MZ,CX-->MZ,CX-->MZ,CX-->MZ,,,,,,,,,,,,,,,,,MZ-->CX,MZ-->CX,MZ-->CX,MZ-->CX,MZ-->CX,MZ-->CX,MZ-->CX,MZ-->CX,MZ-->CX,MZ-->CX,MZ-->CX,MZ-->CX,MZ-->CX,MZ-->CX,MZ-->CX,MZ-->CX,MZ-->CX,MZ-->CX,MZ-->CX
CC,CCK,Cocos (Keeling) Islands,West Island,Oceania,Australia and New Zealand,,CC-->MZ,CC-->MZ,CC-->MZ,CC-->MZ,CC-->MZ,CC-->MZ,CC-->MZ,CC-->MZ,CC-->MZ,CC-->MZ,CC-->MZ,CC-->MZ,CC-->MZ,CC-->MZ,CC-->MZ,CC-->MZ,CC-->MZ,CC-->MZ,CC-->MZ,,,,,,,,,,,,,,,,,MZ-->CC,MZ-->CC,MZ-->CC,MZ-->CC,MZ-->CC,MZ-->CC,MZ-->CC,MZ-->CC,MZ-->CC,MZ-->CC,MZ-->CC,MZ-->CC,MZ-->CC,MZ-->CC,MZ-->CC,MZ-->CC,MZ-->CC,MZ-->CC,MZ-->CC
CO,COL,Colombia,Bogotá,Americas,South America,,CO-->MZ,CO-->MZ,CO-->MZ,CO-->MZ,CO-->MZ,CO-->MZ,CO-->MZ,CO-->MZ,CO-->MZ,CO-->MZ,CO-->MZ,CO-->MZ,CO-->MZ,CO-->MZ,CO-->MZ,CO-->MZ,CO-->MZ,CO-->MZ,CO-->MZ,,,,,,,,,,,,,,,,,MZ-->CO,MZ-->CO,MZ-->CO,MZ-->CO,MZ-->CO,MZ-->CO,MZ-->CO,MZ-->CO,MZ-->CO,MZ-->CO,MZ-->CO,MZ-->CO,MZ-->CO,MZ-->CO,MZ-->CO,MZ-->CO,MZ-->CO,MZ-->CO,MZ-->CO
KM,COM,Comoros,Moroni,Africa,Eastern Africa,,KM-->MZ,KM-->MZ,KM-->MZ,KM-->MZ,KM-->MZ,KM-->MZ,KM-->MZ,KM-->MZ,KM-->MZ,KM-->MZ,KM-->MZ,KM-->MZ,KM-->MZ,KM-->MZ,KM-->MZ,KM-->MZ,KM-->MZ,KM-->MZ,KM-->MZ,,,,,,,,,,,,,,,,,MZ-->KM,MZ-->KM,MZ-->KM,MZ-->KM,MZ-->KM,MZ-->KM,MZ-->KM,MZ-->KM,MZ-->KM,MZ-->KM,MZ-->KM,MZ-->KM,MZ-->KM,MZ-->KM,MZ-->KM,MZ-->KM,MZ-->KM,MZ-->KM,MZ-->KM
CG,COG,Republic of the Congo,Brazzaville,Africa,Middle Africa,,CG-->MZ,CG-->MZ,CG-->MZ,CG-->MZ,CG-->MZ,CG-->MZ,CG-->MZ,CG-->MZ,CG-->MZ,CG-->MZ,CG-->MZ,CG-->MZ,CG-->MZ,CG-->MZ,CG-->MZ,CG-->MZ,CG-->MZ,CG-->MZ,CG-->MZ,,,,,,,,,,,,,,,,,MZ-->CG,MZ-->CG,MZ-->CG,MZ-->CG,MZ-->CG,MZ-->CG,MZ-->CG,MZ-->CG,MZ-->CG,MZ-->CG,MZ-->CG,MZ-->CG,MZ-->CG,MZ-->CG,MZ-->CG,MZ-->CG,MZ-->CG,MZ-->CG,MZ-->CG
CD,COD,Democratic Republic of the Congo,Kinshasa,Africa,Middle Africa,,CD-->MZ,CD-->MZ,CD-->MZ,CD-->MZ,CD-->MZ,CD-->MZ,CD-->MZ,CD-->MZ,CD-->MZ,CD-->MZ,CD-->MZ,CD-->MZ,CD-->MZ,CD-->MZ,CD-->MZ,CD-->MZ,CD-->MZ,CD-->MZ,CD-->MZ,,,,,,,,,,,,,,,,,MZ-->CD,MZ-->CD,MZ-->CD,MZ-->CD,MZ-->CD,MZ-->CD,MZ-->CD,MZ-->CD,MZ-->CD,MZ-->CD,MZ-->CD,MZ-->CD,MZ-->CD,MZ-->CD,MZ-->CD,MZ-->CD,MZ-->CD,MZ-->CD,MZ-->CD
CK,COK,Cook Islands,Avarua,Oceania,Polynesia,,CK-->MZ,CK-->MZ,CK-->MZ,CK-->MZ,CK-->MZ,CK-->MZ,CK-->MZ,CK-->MZ,CK-->MZ,CK-->MZ,CK-->MZ,CK-->MZ,CK-->MZ,CK-->MZ,CK-->MZ,CK-->MZ,CK-->MZ,CK-->MZ,CK-->MZ,,,,,,,,,,,,,,,,,MZ-->CK,MZ-->CK,MZ-->CK,MZ-->CK,MZ-->CK,MZ-->CK,MZ-->CK,MZ-->CK,MZ-->CK,MZ-->CK,MZ-->CK,MZ-->CK,MZ-->CK,MZ-->CK,MZ-->CK,MZ-->CK,MZ-->CK,MZ-->CK,MZ-->CK
CR,CRI,Costa Rica,San José,Americas,Central America,,CR-->MZ,CR-->MZ,CR-->MZ,CR-->MZ,CR-->MZ,CR-->MZ,CR-->MZ,CR-->MZ,CR-->MZ,CR-->MZ,CR-->MZ,CR-->MZ,CR-->MZ,CR-->MZ,CR-->MZ,CR-->MZ,CR-->MZ,CR-->MZ,CR-->MZ,,,,,,,,,,,,,,,,,MZ-->CR,MZ-->CR,MZ-->CR,MZ-->CR,MZ-->CR,MZ-->CR,MZ-->CR,MZ-->CR,MZ-->CR,MZ-->CR,MZ-->CR,MZ-->CR,MZ-->CR,MZ-->CR,MZ-->CR,MZ-->CR,MZ-->CR,MZ-->CR,MZ-->CR
HR,HRV,Croatia,Zagreb,Europe,Southern Europe,,HR-->MZ,HR-->MZ,HR-->MZ,HR-->MZ,HR-->MZ,HR-->MZ,HR-->MZ,HR-->MZ,HR-->MZ,HR-->MZ,HR-->MZ,HR-->MZ,HR-->MZ,HR-->MZ,HR-->MZ,HR-->MZ,HR-->MZ,HR-->MZ,HR-->MZ,,,,,,,,,,,,,,,,,MZ-->HR,MZ-->HR,MZ-->HR,MZ-->HR,MZ-->HR,MZ-->HR,MZ-->HR,MZ-->HR,MZ-->HR,MZ-->HR,MZ-->HR,MZ-->HR,MZ-->HR,MZ-->HR,MZ-->HR,MZ-->HR,MZ-->HR,MZ-->HR,MZ-->HR
CU,CUB,Cuba,Havana,Americas,Caribbean,,CU-->MZ,CU-->MZ,CU-->MZ,CU-->MZ,CU-->MZ,CU-->MZ,CU-->MZ,CU-->MZ,CU-->MZ,CU-->MZ,CU-->MZ,CU-->MZ,CU-->MZ,CU-->MZ,CU-->MZ,CU-->MZ,CU-->MZ,CU-->MZ,CU-->MZ,,,,,,,,,,,,,,,,,MZ-->CU,MZ-->CU,MZ-->CU,MZ-->CU,MZ-->CU,MZ-->CU,MZ-->CU,MZ-->CU,MZ-->CU,MZ-->CU,MZ-->CU,MZ-->CU,MZ-->CU,MZ-->CU,MZ-->CU,MZ-->CU,MZ-->CU,MZ-->CU,MZ-->CU
CW,CUW,Curaçao,Willemstad,Americas,Caribbean,,CW-->MZ,CW-->MZ,CW-->MZ,CW-->MZ,CW-->MZ,CW-->MZ,CW-->MZ,CW-->MZ,CW-->MZ,CW-->MZ,CW-->MZ,CW-->MZ,CW-->MZ,CW-->MZ,CW-->MZ,CW-->MZ,CW-->MZ,CW-->MZ,CW-->MZ,,,,,,,,,,,,,,,,,MZ-->CW,MZ-->CW,MZ-->CW,MZ-->CW,MZ-->CW,MZ-->CW,MZ-->CW,MZ-->CW,MZ-->CW,MZ-->CW,MZ-->CW,MZ-->CW,MZ-->CW,MZ-->CW,MZ-->CW,MZ-->CW,MZ-->CW,MZ-->CW,MZ-->CW
CY,CYP,Cyprus,Nicosia,Europe,Southern Europe,,CY-->MZ,CY-->MZ,CY-->MZ,CY-->MZ,CY-->MZ,CY-->MZ,CY-->MZ,CY-->MZ,CY-->MZ,CY-->MZ,CY-->MZ,CY-->MZ,CY-->MZ,CY-->MZ,CY-->MZ,CY-->MZ,CY-->MZ,CY-->MZ,CY-->MZ,,,,,,,,,,,,,,,,,MZ-->CY,MZ-->CY,MZ-->CY,MZ-->CY,MZ-->CY,MZ-->CY,MZ-->CY,MZ-->CY,MZ-->CY,MZ-->CY,MZ-->CY,MZ-->CY,MZ-->CY,MZ-->CY,MZ-->CY,MZ-->CY,MZ-->CY,MZ-->CY,MZ-->CY
CZ,CZE,Czech Republic,Prague,Europe,Eastern Europe,,CZ-->MZ,CZ-->MZ,CZ-->MZ,CZ-->MZ,CZ-->MZ,CZ-->MZ,CZ-->MZ,CZ-->MZ,CZ-->MZ,CZ-->MZ,CZ-->MZ,CZ-->MZ,CZ-->MZ,CZ-->MZ,CZ-->MZ,CZ-->MZ,CZ-->MZ,CZ-->MZ,CZ-->MZ,,,,,,,,,,,,,,,,,MZ-->CZ,MZ-->CZ,MZ-->CZ,MZ-->CZ,MZ-->CZ,MZ-->CZ,MZ-->CZ,MZ-->CZ,MZ-->CZ,MZ-->CZ,MZ-->CZ,MZ-->CZ,MZ-->CZ,MZ-->CZ,MZ-->CZ,MZ-->CZ,MZ-->CZ,MZ-->CZ,MZ-->CZ
DK,DNK,Denmark,Copenhagen,Europe,Northern Europe,,DK-->MZ,DK-->MZ,DK-->MZ,DK-->MZ,DK-->MZ,DK-->MZ,DK-->MZ,DK-->MZ,DK-->MZ,DK-->MZ,DK-->MZ,DK-->MZ,DK-->MZ,DK-->MZ,DK-->MZ,DK-->MZ,DK-->MZ,DK-->MZ,DK-->MZ,,,,,,,,,,,,,,,,,MZ-->DK,MZ-->DK,MZ-->DK,MZ-->DK,MZ-->DK,MZ-->DK,MZ-->DK,MZ-->DK,MZ-->DK,MZ-->DK,MZ-->DK,MZ-->DK,MZ-->DK,MZ-->DK,MZ-->DK,MZ-->DK,MZ-->DK,MZ-->DK,MZ-->DK
DJ,DJI,Djibouti,Djibouti,Africa,Eastern Africa,,DJ-->MZ,DJ-->MZ,DJ-->MZ,DJ-->MZ,DJ-->MZ,DJ-->MZ,DJ-->MZ,DJ-->MZ,DJ-->MZ,DJ-->MZ,DJ-->MZ,DJ-->MZ,DJ-->MZ,DJ-->MZ,DJ-->MZ,DJ-->MZ,DJ-->MZ,DJ-->MZ,DJ-->MZ,,,,,,,,,,,,,,,,,MZ-->DJ,MZ-->DJ,MZ-->DJ,MZ-->DJ,MZ-->DJ,MZ-->DJ,MZ-->DJ,MZ-->DJ,MZ-->DJ,MZ-->DJ,MZ-->DJ,MZ-->DJ,MZ-->DJ,MZ-->DJ,MZ-->DJ,MZ-->DJ,MZ-->DJ,MZ-->DJ,MZ-->DJ
DM,DMA,Dominica,Roseau,Americas,Caribbean,,DM-->MZ,DM-->MZ,DM-->MZ,DM-->MZ,DM-->MZ,DM-->MZ,DM-->MZ,DM-->MZ,DM-->MZ,DM-->MZ,DM-->MZ,DM-->MZ,DM-->MZ,DM-->MZ,DM-->MZ,DM-->MZ,DM-->MZ,DM-->MZ,DM-->MZ,,,,,,,,,,,,,,,,,MZ-->DM,MZ-->DM,MZ-->DM,MZ-->DM,MZ-->DM,MZ-->DM,MZ-->DM,MZ-->DM,MZ-->DM,MZ-->DM,MZ-->DM,MZ-->DM,MZ-->DM,MZ-->DM,MZ-->DM,MZ-->DM,MZ-->DM,MZ-->DM,MZ-->DM
DO,DOM,Dominican Republic,Santo Domingo,Americas,Caribbean,,DO-->MZ,DO-->MZ,DO-->MZ,DO-->MZ,DO-->MZ,DO-->MZ,DO-->MZ,DO-->MZ,DO-->MZ,DO-->MZ,DO-->MZ,DO-->MZ,DO-->MZ,DO-->MZ,DO-->MZ,DO-->MZ,DO-->MZ,DO-->MZ,DO-->MZ,,,,,,,,,,,,,,,,,MZ-->DO,MZ-->DO,MZ-->DO,MZ-->DO,MZ-->DO,MZ-->DO,MZ-->DO,MZ-->DO,MZ-->DO,MZ-->DO,MZ-->DO,MZ-->DO,MZ-->DO,MZ-->DO,MZ-->DO,MZ-->DO,MZ-->DO,MZ-->DO,MZ-->DO
EC,ECU,Ecuador,Quito,Americas,South America,,EC-->MZ,EC-->MZ,EC-->MZ,EC-->MZ,EC-->MZ,EC-->MZ,EC-->MZ,EC-->MZ,EC-->MZ,EC-->MZ,EC-->MZ,EC-->MZ,EC-->MZ,EC-->MZ,EC-->MZ,EC-->MZ,EC-->MZ,EC-->MZ,EC-->MZ,,,,,,,,,,,,,,,,,MZ-->EC,MZ-->EC,MZ-->EC,MZ-->EC,MZ-->EC,MZ-->EC,MZ-->EC,MZ-->EC,MZ-->EC,MZ-->EC,MZ-->EC,MZ-->EC,MZ-->EC,MZ-->EC,MZ-->EC,MZ-->EC,MZ-->EC,MZ-->EC,MZ-->EC
EG,EGY,Egypt,Cairo,Africa,Northern Africa,,EG-->MZ,EG-->MZ,EG-->MZ,EG-->MZ,EG-->MZ,EG-->MZ,EG-->MZ,EG-->MZ,EG-->MZ,EG-->MZ,EG-->MZ,EG-->MZ,EG-->MZ,EG-->MZ,EG-->MZ,EG-->MZ,EG-->MZ,EG-->MZ,EG-->MZ,,,,,,,,,,,,,,,,,MZ-->EG,MZ-->EG,MZ-->EG,MZ-->EG,MZ-->EG,MZ-->EG,MZ-->EG,MZ-->EG,MZ-->EG,MZ-->EG,MZ-->EG,MZ-->EG,MZ-->EG,MZ-->EG,MZ-->EG,MZ-->EG,MZ-->EG,MZ-->EG,MZ-->EG
SV,SLV,El Salvador,San Salvador,Americas,Central America,,SV-->MZ,SV-->MZ,SV-->MZ,SV-->MZ,SV-->MZ,SV-->MZ,SV-->MZ,SV-->MZ,SV-->MZ,SV-->MZ,SV-->MZ,SV-->MZ,SV-->MZ,SV-->MZ,SV-->MZ,SV-->MZ,SV-->MZ,SV-->MZ,SV-->MZ,,,,,,,,,,,,,,,,,MZ-->SV,MZ-->SV,MZ-->SV,MZ-->SV,MZ-->SV,MZ-->SV,MZ-->SV,MZ-->SV,MZ-->SV,MZ-->SV,MZ-->SV,MZ-->SV,MZ-->SV,MZ-->SV,MZ-->SV,MZ-->SV,MZ-->SV,MZ-->SV,MZ-->SV
GQ,GNQ,Equatorial Guinea,Malabo,Africa,Middle Africa,,GQ-->MZ,GQ-->MZ,GQ-->MZ,GQ-->MZ,GQ-->MZ,GQ-->MZ,GQ-->MZ,GQ-->MZ,GQ-->MZ,GQ-->MZ,GQ-->MZ,GQ-->MZ,GQ-->MZ,GQ-->MZ,GQ-->MZ,GQ-->MZ,GQ-->MZ,GQ-->MZ,GQ-->MZ,,,,,,,,,,,,,,,,,MZ-->GQ,MZ-->GQ,MZ-->GQ,MZ-->GQ,MZ-->GQ,MZ-->GQ,MZ-->GQ,MZ-->GQ,MZ-->GQ,MZ-->GQ,MZ-->GQ,MZ-->GQ,MZ-->GQ,MZ-->GQ,MZ-->GQ,MZ-->GQ,MZ-->GQ,MZ-->GQ,MZ-->GQ
ER,ERI,Eritrea,Asmara,Africa,Eastern Africa,,ER-->MZ,ER-->MZ,ER-->MZ,ER-->MZ,ER-->MZ,ER-->MZ,ER-->MZ,ER-->MZ,ER-->MZ,ER-->MZ,ER-->MZ,ER-->MZ,ER-->MZ,ER-->MZ,ER-->MZ,ER-->MZ,ER-->MZ,ER-->MZ,ER-->MZ,,,,,,,,,,,,,,,,,MZ-->ER,MZ-->ER,MZ-->ER,MZ-->ER,MZ-->ER,MZ-->ER,MZ-->ER,MZ-->ER,MZ-->ER,MZ-->ER,MZ-->ER,MZ-->ER,MZ-->ER,MZ-->ER,MZ-->ER,MZ-->ER,MZ-->ER,MZ-->ER,MZ-->ER
EE,EST,Estonia,Tallinn,Europe,Northern Europe,,EE-->MZ,EE-->MZ,EE-->MZ,EE-->MZ,EE-->MZ,EE-->MZ,EE-->MZ,EE-->MZ,EE-->MZ,EE-->MZ,EE-->MZ,EE-->MZ,EE-->MZ,EE-->MZ,EE-->MZ,EE-->MZ,EE-->MZ,EE-->MZ,EE-->MZ,,,,,,,,,,,,,,,,,MZ-->EE,MZ-->EE,MZ-->EE,MZ-->EE,MZ-->EE,MZ-->EE,MZ-->EE,MZ-->EE,MZ-->EE,MZ-->EE,MZ-->EE,MZ-->EE,MZ-->EE,MZ-->EE,MZ-->EE,MZ-->EE,MZ-->EE,MZ-->EE,MZ-->EE
ET,ETH,Ethiopia,Addis Ababa,Africa,Eastern Africa,,ET-->MZ,ET-->MZ,ET-->MZ,ET-->MZ,ET-->MZ,ET-->MZ,ET-->MZ,ET-->MZ,ET-->MZ,ET-->MZ,ET-->MZ,ET-->MZ,ET-->MZ,ET-->MZ,ET-->MZ,ET-->MZ,ET-->MZ,ET-->MZ,ET-->MZ,,,,,,,,,,,,,,,,,MZ-->ET,MZ-->ET,MZ-->ET,MZ-->ET,MZ-->ET,MZ-->ET,MZ-->ET,MZ-->ET,MZ-->ET,MZ-->ET,MZ-->ET,MZ-->ET,MZ-->ET,MZ-->ET,MZ-->ET,MZ-->ET,MZ-->ET,MZ-->ET,MZ-->ET
FK,FLK,Falkland Islands,Stanley,Americas,South America,,FK-->MZ,FK-->MZ,FK-->MZ,FK-->MZ,FK-->MZ,FK-->MZ,FK-->MZ,FK-->MZ,FK-->MZ,FK-->MZ,FK-->MZ,FK-->MZ,FK-->MZ,FK-->MZ,FK-->MZ,FK-->MZ,FK-->MZ,FK-->MZ,FK-->MZ,,,,,,,,,,,,,,,,,MZ-->FK,MZ-->FK,MZ-->FK,MZ-->FK,MZ-->FK,MZ-->FK,MZ-->FK,MZ-->FK,MZ-->FK,MZ-->FK,MZ-->FK,MZ-->FK,MZ-->FK,MZ-->FK,MZ-->FK,MZ-->FK,MZ-->FK,MZ-->FK,MZ-->FK
FO,FRO,Faroe Islands,Tórshavn,Europe,Northern Europe,,FO-->MZ,FO-->MZ,FO-->MZ,FO-->MZ,FO-->MZ,FO-->MZ,FO-->MZ,FO-->MZ,FO-->MZ,FO-->MZ,FO-->MZ,FO-->MZ,FO-->MZ,FO-->MZ,FO-->MZ,FO-->MZ,FO-->MZ,FO-->MZ,FO-->MZ,,,,,,,,,,,,,,,,,MZ-->FO,MZ-->FO,MZ-->FO,MZ-->FO,MZ-->FO,MZ-->FO,MZ-->FO,MZ-->FO,MZ-->FO,MZ-->FO,MZ-->FO,MZ-->FO,MZ-->FO,MZ-->FO,MZ-->FO,MZ-->FO,MZ-->FO,MZ-->FO,MZ-->FO
FJ,FJI,Fiji,Suva,Oceania,Melanesia,,FJ-->MZ,FJ-->MZ,FJ-->MZ,FJ-->MZ,FJ-->MZ,FJ-->MZ,FJ-->MZ,FJ-->MZ,FJ-->MZ,FJ-->MZ,FJ-->MZ,FJ-->MZ,FJ-->MZ,FJ-->MZ,FJ-->MZ,FJ-->MZ,FJ-->MZ,FJ-->MZ,FJ-->MZ,,,,,,,,,,,,,,,,,MZ-->FJ,MZ-->FJ,MZ-->FJ,MZ-->FJ,MZ-->FJ,MZ-->FJ,MZ-->FJ,MZ-->FJ,MZ-->FJ,MZ-->FJ,MZ-->FJ,MZ-->FJ,MZ-->FJ,MZ-->FJ,MZ-->FJ,MZ-->FJ,MZ-->FJ,MZ-->FJ,MZ-->FJ
FI,FIN,Finland,Helsinki,Europe,Northern Europe,,FI-->MZ,FI-->MZ,FI-->MZ,FI-->MZ,FI-->MZ,FI-->MZ,FI-->MZ,FI-->MZ,FI-->MZ,FI-->MZ,FI-->MZ,FI-->MZ,FI-->MZ,FI-->MZ,FI-->MZ,FI-->MZ,FI-->MZ,FI-->MZ,FI-->MZ,,,,,,,,,,,,,,,,,MZ-->FI,MZ-->FI,MZ-->FI,MZ-->FI,MZ-->FI,MZ-->FI,MZ-->FI,MZ-->FI,MZ-->FI,MZ-->FI,MZ-->FI,MZ-->FI,MZ-->FI,MZ-->FI,MZ-->FI,MZ-->FI,MZ-->FI,MZ-->FI,MZ-->FI
FR,FRA,France,Paris,Europe,Western Europe,,FR-->MZ,FR-->MZ,FR-->MZ,FR-->MZ,FR-->MZ,FR-->MZ,FR-->MZ,FR-->MZ,FR-->MZ,FR-->MZ,FR-->MZ,FR-->MZ,FR-->MZ,FR-->MZ,FR-->MZ,FR-->MZ,FR-->MZ,FR-->MZ,FR-->MZ,,,,,,,,,,,,,,,,,MZ-->FR,MZ-->FR,MZ-->FR,MZ-->FR,MZ-->FR,MZ-->FR,MZ-->FR,MZ-->FR,MZ-->FR,MZ-->FR,MZ-->FR,MZ-->FR,MZ-->FR,MZ-->FR,MZ-->FR,MZ-->FR,MZ-->FR,MZ-->FR,MZ-->FR
GF,GUF,French Guiana,Cayenne,Americas,South America,,GF-->MZ,GF-->MZ,GF-->MZ,GF-->MZ,GF-->MZ,GF-->MZ,GF-->MZ,GF-->MZ,GF-->MZ,GF-->MZ,GF-->MZ,GF-->MZ,GF-->MZ,GF-->MZ,GF-->MZ,GF-->MZ,GF-->MZ,GF-->MZ,GF-->MZ,,,,,,,,,,,,,,,,,MZ-->GF,MZ-->GF,MZ-->GF,MZ-->GF,MZ-->GF,MZ-->GF,MZ-->GF,MZ-->GF,MZ-->GF,MZ-->GF,MZ-->GF,MZ-->GF,MZ-->GF,MZ-->GF,MZ-->GF,MZ-->GF,MZ-->GF,MZ-->GF,MZ-->GF
PF,PYF,French Polynesia,Papeetē,Oceania,Polynesia,,PF-->MZ,PF-->MZ,PF-->MZ,PF-->MZ,PF-->MZ,PF-->MZ,PF-->MZ,PF-->MZ,PF-->MZ,PF-->MZ,PF-->MZ,PF-->MZ,PF-->MZ,PF-->MZ,PF-->MZ,PF-->MZ,PF-->MZ,PF-->MZ,PF-->MZ,,,,,,,,,,,,,,,,,MZ-->PF,MZ-->PF,MZ-->PF,MZ-->PF,MZ-->PF,MZ-->PF,MZ-->PF,MZ-->PF,MZ-->PF,MZ-->PF,MZ-->PF,MZ-->PF,MZ-->PF,MZ-->PF,MZ-->PF,MZ-->PF,MZ-->PF,MZ-->PF,MZ-->PF
TF,ATF,French Southern and Antarctic Lands,Port-aux-Français,Africa,Southern Africa,,TF-->MZ,TF-->MZ,TF-->MZ,TF-->MZ,TF-->MZ,TF-->MZ,TF-->MZ,TF-->MZ,TF-->MZ,TF-->MZ,TF-->MZ,TF-->MZ,TF-->MZ,TF-->MZ,TF-->MZ,TF-->MZ,TF-->MZ,TF-->MZ,TF-->MZ,,,,,,,,,,,,,,,,,MZ-->TF,MZ-->TF,MZ-->TF,MZ-->TF,MZ-->TF,MZ-->TF,MZ-->TF,MZ-->TF,MZ-->TF,MZ-->TF,MZ-->TF,MZ-->TF,MZ-->TF,MZ-->TF,MZ-->TF,MZ-->TF,MZ-->TF,MZ-->TF,MZ-->TF
GA,GAB,Gabon,Libreville,Africa,Middle Africa,,GA-->MZ,GA-->MZ,GA-->MZ,GA-->MZ,GA-->MZ,GA-->MZ,GA-->MZ,GA-->MZ,GA-->MZ,GA-->MZ,GA-->MZ,GA-->MZ,GA-->MZ,GA-->MZ,GA-->MZ,GA-->MZ,GA-->MZ,GA-->MZ,GA-->MZ,,,,,,,,,,,,,,,,,MZ-->GA,MZ-->GA,MZ-->GA,MZ-->GA,MZ-->GA,MZ-->GA,MZ-->GA,MZ-->GA,MZ-->GA,MZ-->GA,MZ-->GA,MZ-->GA,MZ-->GA,MZ-->GA,MZ-->GA,MZ-->GA,MZ-->GA,MZ-->GA,MZ-->GA
GM,GMB,The Gambia,Banjul,Africa,Western Africa,,GM-->MZ,GM-->MZ,GM-->MZ,GM-->MZ,GM-->MZ,GM-->MZ,GM-->MZ,GM-->MZ,GM-->MZ,GM-->MZ,GM-->MZ,GM-->MZ,GM-->MZ,GM-->MZ,GM-->MZ,GM-->MZ,GM-->MZ,GM-->MZ,GM-->MZ,,,,,,,,,,,,,,,,,MZ-->GM,MZ-->GM,MZ-->GM,MZ-->GM,MZ-->GM,MZ-->GM,MZ-->GM,MZ-->GM,MZ-->GM,MZ-->GM,MZ-->GM,MZ-->GM,MZ-->GM,MZ-->GM,MZ-->GM,MZ-->GM,MZ-->GM,MZ-->GM,MZ-->GM
GE,GEO,Georgia,Tbilisi,Asia,Western Asia,,GE-->MZ,GE-->MZ,GE-->MZ,GE-->MZ,GE-->MZ,GE-->MZ,GE-->MZ,GE-->MZ,GE-->MZ,GE-->MZ,GE-->MZ,GE-->MZ,GE-->MZ,GE-->MZ,GE-->MZ,GE-->MZ,GE-->MZ,GE-->MZ,GE-->MZ,,,,,,,,,,,,,,,,,MZ-->GE,MZ-->GE,MZ-->GE,MZ-->GE,MZ-->GE,MZ-->GE,MZ-->GE,MZ-->GE,MZ-->GE,MZ-->GE,MZ-->GE,MZ-->GE,MZ-->GE,MZ-->GE,MZ-->GE,MZ-->GE,MZ-->GE,MZ-->GE,MZ-->GE
DE,DEU,Germany,Berlin,Europe,Western Europe,,DE-->MZ,DE-->MZ,DE-->MZ,DE-->MZ,DE-->MZ,DE-->MZ,DE-->MZ,DE-->MZ,DE-->MZ,DE-->MZ,DE-->MZ,DE-->MZ,DE-->MZ,DE-->MZ,DE-->MZ,DE-->MZ,DE-->MZ,DE-->MZ,DE-->MZ,,,,,,,,,,,,,,,,,MZ-->DE,MZ-->DE,MZ-->DE,MZ-->DE,MZ-->DE,MZ-->DE,MZ-->DE,MZ-->DE,MZ-->DE,MZ-->DE,MZ-->DE,MZ-->DE,MZ-->DE,MZ-->DE,MZ-->DE,MZ-->DE,MZ-->DE,MZ-->DE,MZ-->DE
GH,GHA,Ghana,Accra,Africa,Western Africa,,GH-->MZ,GH-->MZ,GH-->MZ,GH-->MZ,GH-->MZ,GH-->MZ,GH-->MZ,GH-->MZ,GH-->MZ,GH-->MZ,GH-->MZ,GH-->MZ,GH-->MZ,GH-->MZ,GH-->MZ,GH-->MZ,GH-->MZ,GH-->MZ,GH-->MZ,,,,,,,,,,,,,,,,,MZ-->GH,MZ-->GH,MZ-->GH,MZ-->GH,MZ-->GH,MZ-->GH,MZ-->GH,MZ-->GH,MZ-->GH,MZ-->GH,MZ-->GH,MZ-->GH,MZ-->GH,MZ-->GH,MZ-->GH,MZ-->GH,MZ-->GH,MZ-->GH,MZ-->GH
GI,GIB,Gibraltar,Gibraltar,Europe,Southern Europe,,GI-->MZ,GI-->MZ,GI-->MZ,GI-->MZ,GI-->MZ,GI-->MZ,GI-->MZ,GI-->MZ,GI-->MZ,GI-->MZ,GI-->MZ,GI-->MZ,GI-->MZ,GI-->MZ,GI-->MZ,GI-->MZ,GI-->MZ,GI-->MZ,GI-->MZ,,,,,,,,,,,,,,,,,MZ-->GI,MZ-->GI,MZ-->GI,MZ-->GI,MZ-->GI,MZ-->GI,MZ-->GI,MZ-->GI,MZ-->GI,MZ-->GI,MZ-->GI,MZ-->GI,MZ-->GI,MZ-->GI,MZ-->GI,MZ-->GI,MZ-->GI,MZ-->GI,MZ-->GI
GR,GRC,Greece,Athens,Europe,Southern Europe,,GR-->MZ,GR-->MZ,GR-->MZ,GR-->MZ,GR-->MZ,GR-->MZ,GR-->MZ,GR-->MZ,GR-->MZ,GR-->MZ,GR-->MZ,GR-->MZ,GR-->MZ,GR-->MZ,GR-->MZ,GR-->MZ,GR-->MZ,GR-->MZ,GR-->MZ,,,,,,,,,,,,,,,,,MZ-->GR,MZ-->GR,MZ-->GR,MZ-->GR,MZ-->GR,MZ-->GR,MZ-->GR,MZ-->GR,MZ-->GR,MZ-->GR,MZ-->GR,MZ-->GR,MZ-->GR,MZ-->GR,MZ-->GR,MZ-->GR,MZ-->GR,MZ-->GR,MZ-->GR
GL,GRL,Greenland,Nuuk,Americas,Northern America,,GL-->MZ,GL-->MZ,GL-->MZ,GL-->MZ,GL-->MZ,GL-->MZ,GL-->MZ,GL-->MZ,GL-->MZ,GL-->MZ,GL-->MZ,GL-->MZ,GL-->MZ,GL-->MZ,GL-->MZ,GL-->MZ,GL-->MZ,GL-->MZ,GL-->MZ,,,,,,,,,,,,,,,,,MZ-->GL,MZ-->GL,MZ-->GL,MZ-->GL,MZ-->GL,MZ-->GL,MZ-->GL,MZ-->GL,MZ-->GL,MZ-->GL,MZ-->GL,MZ-->GL,MZ-->GL,MZ-->GL,MZ-->GL,MZ-->GL,MZ-->GL,MZ-->GL,MZ-->GL
GD,GRD,Grenada,St. George's,Americas,Caribbean,,GD-->MZ,GD-->MZ,GD-->MZ,GD-->MZ,GD-->MZ,GD-->MZ,GD-->MZ,GD-->MZ,GD-->MZ,GD-->MZ,GD-->MZ,GD-->MZ,GD-->MZ,GD-->MZ,GD-->MZ,GD-->MZ,GD-->MZ,GD-->MZ,GD-->MZ,,,,,,,,,,,,,,,,,MZ-->GD,MZ-->GD,MZ-->GD,MZ-->GD,MZ-->GD,MZ-->GD,MZ-->GD,MZ-->GD,MZ-->GD,MZ-->GD,MZ-->GD,MZ-->GD,MZ-->GD,MZ-->GD,MZ-->GD,MZ-->GD,MZ-->GD,MZ-->GD,MZ-->GD
GP,GLP,Guadeloupe,Basse-Terre,Americas,Caribbean,,GP-->MZ,GP-->MZ,GP-->MZ,GP-->MZ,GP-->MZ,GP-->MZ,GP-->MZ,GP-->MZ,GP-->MZ,GP-->MZ,GP-->MZ,GP-->MZ,GP-->MZ,GP-->MZ,GP-->MZ,GP-->MZ,GP-->MZ,GP-->MZ,GP-->MZ,,,,,,,,,,,,,,,,,MZ-->GP,MZ-->GP,MZ-->GP,MZ-->GP,MZ-->GP,MZ-->GP,MZ-->GP,MZ-->GP,MZ-->GP,MZ-->GP,MZ-->GP,MZ-->GP,MZ-->GP,MZ-->GP,MZ-->GP,MZ-->GP,MZ-->GP,MZ-->GP,MZ-->GP
GU,GUM,Guam,Hagåtña,Oceania,Micronesia,,GU-->MZ,GU-->MZ,GU-->MZ,GU-->MZ,GU-->MZ,GU-->MZ,GU-->MZ,GU-->MZ,GU-->MZ,GU-->MZ,GU-->MZ,GU-->MZ,GU-->MZ,GU-->MZ,GU-->MZ,GU-->MZ,GU-->MZ,GU-->MZ,GU-->MZ,,,,,,,,,,,,,,,,,MZ-->GU,MZ-->GU,MZ-->GU,MZ-->GU,MZ-->GU,MZ-->GU,MZ-->GU,MZ-->GU,MZ-->GU,MZ-->GU,MZ-->GU,MZ-->GU,MZ-->GU,MZ-->GU,MZ-->GU,MZ-->GU,MZ-->GU,MZ-->GU,MZ-->GU
GT,GTM,Guatemala,Guatemala City,Americas,Central America,,GT-->MZ,GT-->MZ,GT-->MZ,GT-->MZ,GT-->MZ,GT-->MZ,GT-->MZ,GT-->MZ,GT-->MZ,GT-->MZ,GT-->MZ,GT-->MZ,GT-->MZ,GT-->MZ,GT-->MZ,GT-->MZ,GT-->MZ,GT-->MZ,GT-->MZ,,,,,,,,,,,,,,,,,MZ-->GT,MZ-->GT,MZ-->GT,MZ-->GT,MZ-->GT,MZ-->GT,MZ-->GT,MZ-->GT,MZ-->GT,MZ-->GT,MZ-->GT,MZ-->GT,MZ-->GT,MZ-->GT,MZ-->GT,MZ-->GT,MZ-->GT,MZ-->GT,MZ-->GT
GG,GGY,Guernsey,St. Peter Port,Europe,Northern Europe,,GG-->MZ,GG-->MZ,GG-->MZ,GG-->MZ,GG-->MZ,GG-->MZ,GG-->MZ,GG-->MZ,GG-->MZ,GG-->MZ,GG-->MZ,GG-->MZ,GG-->MZ,GG-->MZ,GG-->MZ,GG-->MZ,GG-->MZ,GG-->MZ,GG-->MZ,,,,,,,,,,,,,,,,,MZ-->GG,MZ-->GG,MZ-->GG,MZ-->GG,MZ-->GG,MZ-->GG,MZ-->GG,MZ-->GG,MZ-->GG,MZ-->GG,MZ-->GG,MZ-->GG,MZ-->GG,MZ-->GG,MZ-->GG,MZ-->GG,MZ-->GG,MZ-->GG,MZ-->GG
GN,GIN,Guinea,Conakry,Africa,Western Africa,,GN-->MZ,GN-->MZ,GN-->MZ,GN-->MZ,GN-->MZ,GN-->MZ,GN-->MZ,GN-->MZ,GN-->MZ,GN-->MZ,GN-->MZ,GN-->MZ,GN-->MZ,GN-->MZ,GN-->MZ,GN-->MZ,GN-->MZ,GN-->MZ,GN-->MZ,,,,,,,,,,,,,,,,,MZ-->GN,MZ-->GN,MZ-->GN,MZ-->GN,MZ-->GN,MZ-->GN,MZ-->GN,MZ-->GN,MZ-->GN,MZ-->GN,MZ-->GN,MZ-->GN,MZ-->GN,MZ-->GN,MZ-->GN,MZ-->GN,MZ-->GN,MZ-->GN,MZ-->GN
GW,GNB,Guinea-Bissau,Bissau,Africa,Western Africa,,GW-->MZ,GW-->MZ,GW-->MZ,GW-->MZ,GW-->MZ,GW-->MZ,GW-->MZ,GW-->MZ,GW-->MZ,GW-->MZ,GW-->MZ,GW-->MZ,GW-->MZ,GW-->MZ,GW-->MZ,GW-->MZ,GW-->MZ,GW-->MZ,GW-->MZ,,,,,,,,,,,,,,,,,MZ-->GW,MZ-->GW,MZ-->GW,MZ-->GW,MZ-->GW,MZ-->GW,MZ-->GW,MZ-->GW,MZ-->GW,MZ-->GW,MZ-->GW,MZ-->GW,MZ-->GW,MZ-->GW,MZ-->GW,MZ-->GW,MZ-->GW,MZ-->GW,MZ-->GW
GY,GUY,Guyana,Georgetown,Americas,South America,,GY-->MZ,GY-->MZ,GY-->MZ,GY-->MZ,GY-->MZ,GY-->MZ,GY-->MZ,GY-->MZ,GY-->MZ,GY-->MZ,GY-->MZ,GY-->MZ,GY-->MZ,GY-->MZ,GY-->MZ,GY-->MZ,GY-->MZ,GY-->MZ,GY-->MZ,,,,,,,,,,,,,,,,,MZ-->GY,MZ-->GY,MZ-->GY,MZ-->GY,MZ-->GY,MZ-->GY,MZ-->GY,MZ-->GY,MZ-->GY,MZ-->GY,MZ-->GY,MZ-->GY,MZ-->GY,MZ-->GY,MZ-->GY,MZ-->GY,MZ-->GY,MZ-->GY,MZ-->GY
HT,HTI,Haiti,Port-au-Prince,Americas,Caribbean,,HT-->MZ,HT-->MZ,HT-->MZ,HT-->MZ,HT-->MZ,HT-->MZ,HT-->MZ,HT-->MZ,HT-->MZ,HT-->MZ,HT-->MZ,HT-->MZ,HT-->MZ,HT-->MZ,HT-->MZ,HT-->MZ,HT-->MZ,HT-->MZ,HT-->MZ,,,,,,,,,,,,,,,,,MZ-->HT,MZ-->HT,MZ-->HT,MZ-->HT,MZ-->HT,MZ-->HT,MZ-->HT,MZ-->HT,MZ-->HT,MZ-->HT,MZ-->HT,MZ-->HT,MZ-->HT,MZ-->HT,MZ-->HT,MZ-->HT,MZ-->HT,MZ-->HT,MZ-->HT
HM,HMD,Heard Island and McDonald Islands,,,,,HM-->MZ,HM-->MZ,HM-->MZ,HM-->MZ,HM-->MZ,HM-->MZ,HM-->MZ,HM-->MZ,HM-->MZ,HM-->MZ,HM-->MZ,HM-->MZ,HM-->MZ,HM-->MZ,HM-->MZ,HM-->MZ,HM-->MZ,HM-->MZ,HM-->MZ,,,,,,,,,,,,,,,,,MZ-->HM,MZ-->HM,MZ-->HM,MZ-->HM,MZ-->HM,MZ-->HM,MZ-->HM,MZ-->HM,MZ-->HM,MZ-->HM,MZ-->HM,MZ-->HM,MZ-->HM,MZ-->HM,MZ-->HM,MZ-->HM,MZ-->HM,MZ-->HM,MZ-->HM
VA,VAT,Holy See,Rome,Europe,Southern Europe,,VA-->MZ,VA-->MZ,VA-->MZ,VA-->MZ,VA-->MZ,VA-->MZ,VA-->MZ,VA-->MZ,VA-->MZ,VA-->MZ,VA-->MZ,VA-->MZ,VA-->MZ,VA-->MZ,VA-->MZ,VA-->MZ,VA-->MZ,VA-->MZ,VA-->MZ,,,,,,,,,,,,,,,,,MZ-->VA,MZ-->VA,MZ-->VA,MZ-->VA,MZ-->VA,MZ-->VA,MZ-->VA,MZ-->VA,MZ-->VA,MZ-->VA,MZ-->VA,MZ-->VA,MZ-->VA,MZ-->VA,MZ-->VA,MZ-->VA,MZ-->VA,MZ-->VA,MZ-->VA
HN,HND,Honduras,Tegucigalpa,Americas,Central America,,HN-->MZ,HN-->MZ,HN-->MZ,HN-->MZ,HN-->MZ,HN-->MZ,HN-->MZ,HN-->MZ,HN-->MZ,HN-->MZ,HN-->MZ,HN-->MZ,HN-->MZ,HN-->MZ,HN-->MZ,HN-->MZ,HN-->MZ,HN-->MZ,HN-->MZ,,,,,,,,,,,,,,,,,MZ-->HN,MZ-->HN,MZ-->HN,MZ-->HN,MZ-->HN,MZ-->HN,MZ-->HN,MZ-->HN,MZ-->HN,MZ-->HN,MZ-->HN,MZ-->HN,MZ-->HN,MZ-->HN,MZ-->HN,MZ-->HN,MZ-->HN,MZ-->HN,MZ-->HN
HK,HKG,Hong Kong,City of Victoria,Asia,Eastern Asia,,HK-->MZ,HK-->MZ,HK-->MZ,HK-->MZ,HK-->MZ,HK-->MZ,HK-->MZ,HK-->MZ,HK-->MZ,HK-->MZ,HK-->MZ,HK-->MZ,HK-->MZ,HK-->MZ,HK-->MZ,HK-->MZ,HK-->MZ,HK-->MZ,HK-->MZ,,,,,,,,,,,,,,,,,MZ-->HK,MZ-->HK,MZ-->HK,MZ-->HK,MZ-->HK,MZ-->HK,MZ-->HK,MZ-->HK,MZ-->HK,MZ-->HK,MZ-->HK,MZ-->HK,MZ-->HK,MZ-->HK,MZ-->HK,MZ-->HK,MZ-->HK,MZ-->HK,MZ-->HK
HU,HUN,Hungary,Budapest,Europe,Eastern Europe,,HU-->MZ,HU-->MZ,HU-->MZ,HU-->MZ,HU-->MZ,HU-->MZ,HU-->MZ,HU-->MZ,HU-->MZ,HU-->MZ,HU-->MZ,HU-->MZ,HU-->MZ,HU-->MZ,HU-->MZ,HU-->MZ,HU-->MZ,HU-->MZ,HU-->MZ,,,,,,,,,,,,,,,,,MZ-->HU,MZ-->HU,MZ-->HU,MZ-->HU,MZ-->HU,MZ-->HU,MZ-->HU,MZ-->HU,MZ-->HU,MZ-->HU,MZ-->HU,MZ-->HU,MZ-->HU,MZ-->HU,MZ-->HU,MZ-->HU,MZ-->HU,MZ-->HU,MZ-->HU
IS,ISL,Iceland,Reykjavík,Europe,Northern Europe,,IS-->MZ,IS-->MZ,IS-->MZ,IS-->MZ,IS-->MZ,IS-->MZ,IS-->MZ,IS-->MZ,IS-->MZ,IS-->MZ,IS-->MZ,IS-->MZ,IS-->MZ,IS-->MZ,IS-->MZ,IS-->MZ,IS-->MZ,IS-->MZ,IS-->MZ,,,,,,,,,,,,,,,,,MZ-->IS,MZ-->IS,MZ-->IS,MZ-->IS,MZ-->IS,MZ-->IS,MZ-->IS,MZ-->IS,MZ-->IS,MZ-->IS,MZ-->IS,MZ-->IS,MZ-->IS,MZ-->IS,MZ-->IS,MZ-->IS,MZ-->IS,MZ-->IS,MZ-->IS
IN,IND,India,New Delhi,Asia,Southern Asia,,IN-->MZ,IN-->MZ,IN-->MZ,IN-->MZ,IN-->MZ,IN-->MZ,IN-->MZ,IN-->MZ,IN-->MZ,IN-->MZ,IN-->MZ,IN-->MZ,IN-->MZ,IN-->MZ,IN-->MZ,IN-->MZ,IN-->MZ,IN-->MZ,IN-->MZ,,,,,,,,,,,,,,,,,MZ-->IN,MZ-->IN,MZ-->IN,MZ-->IN,MZ-->IN,MZ-->IN,MZ-->IN,MZ-->IN,MZ-->IN,MZ-->IN,MZ-->IN,MZ-->IN,MZ-->IN,MZ-->IN,MZ-->IN,MZ-->IN,MZ-->IN,MZ-->IN,MZ-->IN
ID,IDN,Indonesia,Jakarta,Asia,South-Eastern Asia,,ID-->MZ,ID-->MZ,ID-->MZ,ID-->MZ,ID-->MZ,ID-->MZ,ID-->MZ,ID-->MZ,ID-->MZ,ID-->MZ,ID-->MZ,ID-->MZ,ID-->MZ,ID-->MZ,ID-->MZ,ID-->MZ,ID-->MZ,ID-->MZ,ID-->MZ,,,,,,,,,,,,,,,,,MZ-->ID,MZ-->ID,MZ-->ID,MZ-->ID,MZ-->ID,MZ-->ID,MZ-->ID,MZ-->ID,MZ-->ID,MZ-->ID,MZ-->ID,MZ-->ID,MZ-->ID,MZ-->ID,MZ-->ID,MZ-->ID,MZ-->ID,MZ-->ID,MZ-->ID
CI,CIV,Ivory Coast,Yamoussoukro,Africa,Western Africa,,CI-->MZ,CI-->MZ,CI-->MZ,CI-->MZ,CI-->MZ,CI-->MZ,CI-->MZ,CI-->MZ,CI-->MZ,CI-->MZ,CI-->MZ,CI-->MZ,CI-->MZ,CI-->MZ,CI-->MZ,CI-->MZ,CI-->MZ,CI-->MZ,CI-->MZ,,,,,,,,,,,,,,,,,MZ-->CI,MZ-->CI,MZ-->CI,MZ-->CI,MZ-->CI,MZ-->CI,MZ-->CI,MZ-->CI,MZ-->CI,MZ-->CI,MZ-->CI,MZ-->CI,MZ-->CI,MZ-->CI,MZ-->CI,MZ-->CI,MZ-->CI,MZ-->CI,MZ-->CI
IR,IRN,Iran,Tehran,Asia,Southern Asia,,IR-->MZ,IR-->MZ,IR-->MZ,IR-->MZ,IR-->MZ,IR-->MZ,IR-->MZ,IR-->MZ,IR-->MZ,IR-->MZ,IR-->MZ,IR-->MZ,IR-->MZ,IR-->MZ,IR-->MZ,IR-->MZ,IR-->MZ,IR-->MZ,IR-->MZ,,,,,,,,,,,,,,,,,MZ-->IR,MZ-->IR,MZ-->IR,MZ-->IR,MZ-->IR,MZ-->IR,MZ-->IR,MZ-->IR,MZ-->IR,MZ-->IR,MZ-->IR,MZ-->IR,MZ-->IR,MZ-->IR,MZ-->IR,MZ-->IR,MZ-->IR,MZ-->IR,MZ-->IR
IQ,IRQ,Iraq,Baghdad,Asia,Western Asia,,IQ-->MZ,IQ-->MZ,IQ-->MZ,IQ-->MZ,IQ-->MZ,IQ-->MZ,IQ-->MZ,IQ-->MZ,IQ-->MZ,IQ-->MZ,IQ-->MZ,IQ-->MZ,IQ-->MZ,IQ-->MZ,IQ-->MZ,IQ-->MZ,IQ-->MZ,IQ-->MZ,IQ-->MZ,,,,,,,,,,,,,,,,,MZ-->IQ,MZ-->IQ,MZ-->IQ,MZ-->IQ,MZ-->IQ,MZ-->IQ,MZ-->IQ,MZ-->IQ,MZ-->IQ,MZ-->IQ,MZ-->IQ,MZ-->IQ,MZ-->IQ,MZ-->IQ,MZ-->IQ,MZ-->IQ,MZ-->IQ,MZ-->IQ,MZ-->IQ
IE,IRL,Republic of Ireland,Dublin,Europe,Northern Europe,,IE-->MZ,IE-->MZ,IE-->MZ,IE-->MZ,IE-->MZ,IE-->MZ,IE-->MZ,IE-->MZ,IE-->MZ,IE-->MZ,IE-->MZ,IE-->MZ,IE-->MZ,IE-->MZ,IE-->MZ,IE-->MZ,IE-->MZ,IE-->MZ,IE-->MZ,,,,,,,,,,,,,,,,,MZ-->IE,MZ-->IE,MZ-->IE,MZ-->IE,MZ-->IE,MZ-->IE,MZ-->IE,MZ-->IE,MZ-->IE,MZ-->IE,MZ-->IE,MZ-->IE,MZ-->IE,MZ-->IE,MZ-->IE,MZ-->IE,MZ-->IE,MZ-->IE,MZ-->IE
IM,IMN,Isle of Man,Douglas,Europe,Northern Europe,,IM-->MZ,IM-->MZ,IM-->MZ,IM-->MZ,IM-->MZ,IM-->MZ,IM-->MZ,IM-->MZ,IM-->MZ,IM-->MZ,IM-->MZ,IM-->MZ,IM-->MZ,IM-->MZ,IM-->MZ,IM-->MZ,IM-->MZ,IM-->MZ,IM-->MZ,,,,,,,,,,,,,,,,,MZ-->IM,MZ-->IM,MZ-->IM,MZ-->IM,MZ-->IM,MZ-->IM,MZ-->IM,MZ-->IM,MZ-->IM,MZ-->IM,MZ-->IM,MZ-->IM,MZ-->IM,MZ-->IM,MZ-->IM,MZ-->IM,MZ-->IM,MZ-->IM,MZ-->IM
IL,ISR,Israel,Jerusalem,Asia,Western Asia,,IL-->MZ,IL-->MZ,IL-->MZ,IL-->MZ,IL-->MZ,IL-->MZ,IL-->MZ,IL-->MZ,IL-->MZ,IL-->MZ,IL-->MZ,IL-->MZ,IL-->MZ,IL-->MZ,IL-->MZ,IL-->MZ,IL-->MZ,IL-->MZ,IL-->MZ,,,,,,,,,,,,,,,,,MZ-->IL,MZ-->IL,MZ-->IL,MZ-->IL,MZ-->IL,MZ-->IL,MZ-->IL,MZ-->IL,MZ-->IL,MZ-->IL,MZ-->IL,MZ-->IL,MZ-->IL,MZ-->IL,MZ-->IL,MZ-->IL,MZ-->IL,MZ-->IL,MZ-->IL
IT,ITA,Italy,Rome,Europe,Southern Europe,,IT-->MZ,IT-->MZ,IT-->MZ,IT-->MZ,IT-->MZ,IT-->MZ,IT-->MZ,IT-->MZ,IT-->MZ,IT-->MZ,IT-->MZ,IT-->MZ,IT-->MZ,IT-->MZ,IT-->MZ,IT-->MZ,IT-->MZ,IT-->MZ,IT-->MZ,,,,,,,,,,,,,,,,,MZ-->IT,MZ-->IT,MZ-->IT,MZ-->IT,MZ-->IT,MZ-->IT,MZ-->IT,MZ-->IT,MZ-->IT,MZ-->IT,MZ-->IT,MZ-->IT,MZ-->IT,MZ-->IT,MZ-->IT,MZ-->IT,MZ-->IT,MZ-->IT,MZ-->IT
JM,JAM,Jamaica,Kingston,Americas,Caribbean,,JM-->MZ,JM-->MZ,JM-->MZ,JM-->MZ,JM-->MZ,JM-->MZ,JM-->MZ,JM-->MZ,JM-->MZ,JM-->MZ,JM-->MZ,JM-->MZ,JM-->MZ,JM-->MZ,JM-->MZ,JM-->MZ,JM-->MZ,JM-->MZ,JM-->MZ,,,,,,,,,,,,,,,,,MZ-->JM,MZ-->JM,MZ-->JM,MZ-->JM,MZ-->JM,MZ-->JM,MZ-->JM,MZ-->JM,MZ-->JM,MZ-->JM,MZ-->JM,MZ-->JM,MZ-->JM,MZ-->JM,MZ-->JM,MZ-->JM,MZ-->JM,MZ-->JM,MZ-->JM
JP,JPN,Japan,Tokyo,Asia,Eastern Asia,,JP-->MZ,JP-->MZ,JP-->MZ,JP-->MZ,JP-->MZ,JP-->MZ,JP-->MZ,JP-->MZ,JP-->MZ,JP-->MZ,JP-->MZ,JP-->MZ,JP-->MZ,JP-->MZ,JP-->MZ,JP-->MZ,JP-->MZ,JP-->MZ,JP-->MZ,,,,,,,,,,,,,,,,,MZ-->JP,MZ-->JP,MZ-->JP,MZ-->JP,MZ-->JP,MZ-->JP,MZ-->JP,MZ-->JP,MZ-->JP,MZ-->JP,MZ-->JP,MZ-->JP,MZ-->JP,MZ-->JP,MZ-->JP,MZ-->JP,MZ-->JP,MZ-->JP,MZ-->JP
JE,JEY,Jersey,Saint Helier,Europe,Northern Europe,,JE-->MZ,JE-->MZ,JE-->MZ,JE-->MZ,JE-->MZ,JE-->MZ,JE-->MZ,JE-->MZ,JE-->MZ,JE-->MZ,JE-->MZ,JE-->MZ,JE-->MZ,JE-->MZ,JE-->MZ,JE-->MZ,JE-->MZ,JE-->MZ,JE-->MZ,,,,,,,,,,,,,,,,,MZ-->JE,MZ-->JE,MZ-->JE,MZ-->JE,MZ-->JE,MZ-->JE,MZ-->JE,MZ-->JE,MZ-->JE,MZ-->JE,MZ-->JE,MZ-->JE,MZ-->JE,MZ-->JE,MZ-->JE,MZ-->JE,MZ-->JE,MZ-->JE,MZ-->JE
JO,JOR,Jordan,Amman,Asia,Western Asia,,JO-->MZ,JO-->MZ,JO-->MZ,JO-->MZ,JO-->MZ,JO-->MZ,JO-->MZ,JO-->MZ,JO-->MZ,JO-->MZ,JO-->MZ,JO-->MZ,JO-->MZ,JO-->MZ,JO-->MZ,JO-->MZ,JO-->MZ,JO-->MZ,JO-->MZ,,,,,,,,,,,,,,,,,MZ-->JO,MZ-->JO,MZ-->JO,MZ-->JO,MZ-->JO,MZ-->JO,MZ-->JO,MZ-->JO,MZ-->JO,MZ-->JO,MZ-->JO,MZ-->JO,MZ-->JO,MZ-->JO,MZ-->JO,MZ-->JO,MZ-->JO,MZ-->JO,MZ-->JO
KZ,KAZ,Kazakhstan,Astana,Asia,Central Asia,,KZ-->MZ,KZ-->MZ,KZ-->MZ,KZ-->MZ,KZ-->MZ,KZ-->MZ,KZ-->MZ,KZ-->MZ,KZ-->MZ,KZ-->MZ,KZ-->MZ,KZ-->MZ,KZ-->MZ,KZ-->MZ,KZ-->MZ,KZ-->MZ,KZ-->MZ,KZ-->MZ,KZ-->MZ,,,,,,,,,,,,,,,,,MZ-->KZ,MZ-->KZ,MZ-->KZ,MZ-->KZ,MZ-->KZ,MZ-->KZ,MZ-->KZ,MZ-->KZ,MZ-->KZ,MZ-->KZ,MZ-->KZ,MZ-->KZ,MZ-->KZ,MZ-->KZ,MZ-->KZ,MZ-->KZ,MZ-->KZ,MZ-->KZ,MZ-->KZ
KE,KEN,Kenya,Nairobi,Africa,Eastern Africa,,KE-->MZ,KE-->MZ,KE-->MZ,KE-->MZ,KE-->MZ,KE-->MZ,KE-->MZ,KE-->MZ,KE-->MZ,KE-->MZ,KE-->MZ,KE-->MZ,KE-->MZ,KE-->MZ,KE-->MZ,KE-->MZ,KE-->MZ,KE-->MZ,KE-->MZ,,,,,,,,,,,,,,,,,MZ-->KE,MZ-->KE,MZ-->KE,MZ-->KE,MZ-->KE,MZ-->KE,MZ-->KE,MZ-->KE,MZ-->KE,MZ-->KE,MZ-->KE,MZ-->KE,MZ-->KE,MZ-->KE,MZ-->KE,MZ-->KE,MZ-->KE,MZ-->KE,MZ-->KE
KI,KIR,Kiribati,South Tarawa,Oceania,Micronesia,,KI-->MZ,KI-->MZ,KI-->MZ,KI-->MZ,KI-->MZ,KI-->MZ,KI-->MZ,KI-->MZ,KI-->MZ,KI-->MZ,KI-->MZ,KI-->MZ,KI-->MZ,KI-->MZ,KI-->MZ,KI-->MZ,KI-->MZ,KI-->MZ,KI-->MZ,,,,,,,,,,,,,,,,,MZ-->KI,MZ-->KI,MZ-->KI,MZ-->KI,MZ-->KI,MZ-->KI,MZ-->KI,MZ-->KI,MZ-->KI,MZ-->KI,MZ-->KI,MZ-->KI,MZ-->KI,MZ-->KI,MZ-->KI,MZ-->KI,MZ-->KI,MZ-->KI,MZ-->KI
KW,KWT,Kuwait,Kuwait City,Asia,Western Asia,,KW-->MZ,KW-->MZ,KW-->MZ,KW-->MZ,KW-->MZ,KW-->MZ,KW-->MZ,KW-->MZ,KW-->MZ,KW-->MZ,KW-->MZ,KW-->MZ,KW-->MZ,KW-->MZ,KW-->MZ,KW-->MZ,KW-->MZ,KW-->MZ,KW-->MZ,,,,,,,,,,,,,,,,,MZ-->KW,MZ-->KW,MZ-->KW,MZ-->KW,MZ-->KW,MZ-->KW,MZ-->KW,MZ-->KW,MZ-->KW,MZ-->KW,MZ-->KW,MZ-->KW,MZ-->KW,MZ-->KW,MZ-->KW,MZ-->KW,MZ-->KW,MZ-->KW,MZ-->KW
KG,KGZ,Kyrgyzstan,Bishkek,Asia,Central Asia,,KG-->MZ,KG-->MZ,KG-->MZ,KG-->MZ,KG-->MZ,KG-->MZ,KG-->MZ,KG-->MZ,KG-->MZ,KG-->MZ,KG-->MZ,KG-->MZ,KG-->MZ,KG-->MZ,KG-->MZ,KG-->MZ,KG-->MZ,KG-->MZ,KG-->MZ,,,,,,,,,,,,,,,,,MZ-->KG,MZ-->KG,MZ-->KG,MZ-->KG,MZ-->KG,MZ-->KG,MZ-->KG,MZ-->KG,MZ-->KG,MZ-->KG,MZ-->KG,MZ-->KG,MZ-->KG,MZ-->KG,MZ-->KG,MZ-->KG,MZ-->KG,MZ-->KG,MZ-->KG
LA,LAO,Laos,Vientiane,Asia,South-Eastern Asia,,LA-->MZ,LA-->MZ,LA-->MZ,LA-->MZ,LA-->MZ,LA-->MZ,LA-->MZ,LA-->MZ,LA-->MZ,LA-->MZ,LA-->MZ,LA-->MZ,LA-->MZ,LA-->MZ,LA-->MZ,LA-->MZ,LA-->MZ,LA-->MZ,LA-->MZ,,,,,,,,,,,,,,,,,MZ-->LA,MZ-->LA,MZ-->LA,MZ-->LA,MZ-->LA,MZ-->LA,MZ-->LA,MZ-->LA,MZ-->LA,MZ-->LA,MZ-->LA,MZ-->LA,MZ-->LA,MZ-->LA,MZ-->LA,MZ-->LA,MZ-->LA,MZ-->LA,MZ-->LA
LV,LVA,Latvia,Riga,Europe,Northern Europe,,LV-->MZ,LV-->MZ,LV-->MZ,LV-->MZ,LV-->MZ,LV-->MZ,LV-->MZ,LV-->MZ,LV-->MZ,LV-->MZ,LV-->MZ,LV-->MZ,LV-->MZ,LV-->MZ,LV-->MZ,LV-->MZ,LV-->MZ,LV-->MZ,LV-->MZ,,,,,,,,,,,,,,,,,MZ-->LV,MZ-->LV,MZ-->LV,MZ-->LV,MZ-->LV,MZ-->LV,MZ-->LV,MZ-->LV,MZ-->LV,MZ-->LV,MZ-->LV,MZ-->LV,MZ-->LV,MZ-->LV,MZ-->LV,MZ-->LV,MZ-->LV,MZ-->LV,MZ-->LV
LB,LBN,Lebanon,Beirut,Asia,Western Asia,,LB-->MZ,LB-->MZ,LB-->MZ,LB-->MZ,LB-->MZ,LB-->MZ,LB-->MZ,LB-->MZ,LB-->MZ,LB-->MZ,LB-->MZ,LB-->MZ,LB-->MZ,LB-->MZ,LB-->MZ,LB-->MZ,LB-->MZ,LB-->MZ,LB-->MZ,,,,,,,,,,,,,,,,,MZ-->LB,MZ-->LB,MZ-->LB,MZ-->LB,MZ-->LB,MZ-->LB,MZ-->LB,MZ-->LB,MZ-->LB,MZ-->LB,MZ-->LB,MZ-->LB,MZ-->LB,MZ-->LB,MZ-->LB,MZ-->LB,MZ-->LB,MZ-->LB,MZ-->LB
LS,LSO,Lesotho,Maseru,Africa,Southern Africa,,LS-->MZ,LS-->MZ,LS-->MZ,LS-->MZ,LS-->MZ,LS-->MZ,LS-->MZ,LS-->MZ,LS-->MZ,LS-->MZ,LS-->MZ,LS-->MZ,LS-->MZ,LS-->MZ,LS-->MZ,LS-->MZ,LS-->MZ,LS-->MZ,LS-->MZ,,,,,,,,,,,,,,,,,MZ-->LS,MZ-->LS,MZ-->LS,MZ-->LS,MZ-->LS,MZ-->LS,MZ-->LS,MZ-->LS,MZ-->LS,MZ-->LS,MZ-->LS,MZ-->LS,MZ-->LS,MZ-->LS,MZ-->LS,MZ-->LS,MZ-->LS,MZ-->LS,MZ-->LS
LR,LBR,Liberia,Monrovia,Africa,Western Africa,,LR-->MZ,LR-->MZ,LR-->MZ,LR-->MZ,LR-->MZ,LR-->MZ,LR-->MZ,LR-->MZ,LR-->MZ,LR-->MZ,LR-->MZ,LR-->MZ,LR-->MZ,LR-->MZ,LR-->MZ,LR-->MZ,LR-->MZ,LR-->MZ,LR-->MZ,,,,,,,,,,,,,,,,,MZ-->LR,MZ-->LR,MZ-->LR,MZ-->LR,MZ-->LR,MZ-->LR,MZ-->LR,MZ-->LR,MZ-->LR,MZ-->LR,MZ-->LR,MZ-->LR,MZ-->LR,MZ-->LR,MZ-->LR,MZ-->LR,MZ-->LR,MZ-->LR,MZ-->LR
LY,LBY,Libya,Tripoli,Africa,Northern Africa,,LY-->MZ,LY-->MZ,LY-->MZ,LY-->MZ,LY-->MZ,LY-->MZ,LY-->MZ,LY-->MZ,LY-->MZ,LY-->MZ,LY-->MZ,LY-->MZ,LY-->MZ,LY-->MZ,LY-->MZ,LY-->MZ,LY-->MZ,LY-->MZ,LY-->MZ,,,,,,,,,,,,,,,,,MZ-->LY,MZ-->LY,MZ-->LY,MZ-->LY,MZ-->LY,MZ-->LY,MZ-->LY,MZ-->LY,MZ-->LY,MZ-->LY,MZ-->LY,MZ-->LY,MZ-->LY,MZ-->LY,MZ-->LY,MZ-->LY,MZ-->LY,MZ-->LY,MZ-->LY
LI,LIE,Liechtenstein,Vaduz,Europe,Western Europe,,LI-->MZ,LI-->MZ,LI-->MZ,LI-->MZ,LI-->MZ,LI-->MZ,LI-->MZ,LI-->MZ,LI-->MZ,LI-->MZ,LI-->MZ,LI-->MZ,LI-->MZ,LI-->MZ,LI-->MZ,LI-->MZ,LI-->MZ,LI-->MZ,LI-->MZ,,,,,,,,,,,,,,,,,MZ-->LI,MZ-->LI,MZ-->LI,MZ-->LI,MZ-->LI,MZ-->LI,MZ-->LI,MZ-->LI,MZ-->LI,MZ-->LI,MZ-->LI,MZ-->LI,MZ-->LI,MZ-->LI,MZ-->LI,MZ-->LI,MZ-->LI,MZ-->LI,MZ-->LI
LT,LTU,Lithuania,Vilnius,Europe,Northern Europe,,LT-->MZ,LT-->MZ,LT-->MZ,LT-->MZ,LT-->MZ,LT-->MZ,LT-->MZ,LT-->MZ,LT-->MZ,LT-->MZ,LT-->MZ,LT-->MZ,LT-->MZ,LT-->MZ,LT-->MZ,LT-->MZ,LT-->MZ,LT-->MZ,LT-->MZ,,,,,,,,,,,,,,,,,MZ-->LT,MZ-->LT,MZ-->LT,MZ-->LT,MZ-->LT,MZ-->LT,MZ-->LT,MZ-->LT,MZ-->LT,MZ-->LT,MZ-->LT,MZ-->LT,MZ-->LT,MZ-->LT,MZ-->LT,MZ-->LT,MZ-->LT,MZ-->LT,MZ-->LT
LU,LUX,Luxembourg,Luxembourg,Europe,Western Europe,,LU-->MZ,LU-->MZ,LU-->MZ,LU-->MZ,LU-->MZ,LU-->MZ,LU-->MZ,LU-->MZ,LU-->MZ,LU-->MZ,LU-->MZ,LU-->MZ,LU-->MZ,LU-->MZ,LU-->MZ,LU-->MZ,LU-->MZ,LU-->MZ,LU-->MZ,,,,,,,,,,,,,,,,,MZ-->LU,MZ-->LU,MZ-->LU,MZ-->LU,MZ-->LU,MZ-->LU,MZ-->LU,MZ-->LU,MZ-->LU,MZ-->LU,MZ-->LU,MZ-->LU,MZ-->LU,MZ-->LU,MZ-->LU,MZ-->LU,MZ-->LU,MZ-->LU,MZ-->LU
MO,MAC,Macau,,Asia,Eastern Asia,,MO-->MZ,MO-->MZ,MO-->MZ,MO-->MZ,MO-->MZ,MO-->MZ,MO-->MZ,MO-->MZ,MO-->MZ,MO-->MZ,MO-->MZ,MO-->MZ,MO-->MZ,MO-->MZ,MO-->MZ,MO-->MZ,MO-->MZ,MO-->MZ,MO-->MZ,,,,,,,,,,,,,,,,,MZ-->MO,MZ-->MO,MZ-->MO,MZ-->MO,MZ-->MO,MZ-->MO,MZ-->MO,MZ-->MO,MZ-->MO,MZ-->MO,MZ-->MO,MZ-->MO,MZ-->MO,MZ-->MO,MZ-->MO,MZ-->MO,MZ-->MO,MZ-->MO,MZ-->MO
MK,MKD,Republic of Macedonia,Skopje,Europe,Southern Europe,,MK-->MZ,MK-->MZ,MK-->MZ,MK-->MZ,MK-->MZ,MK-->MZ,MK-->MZ,MK-->MZ,MK-->MZ,MK-->MZ,MK-->MZ,MK-->MZ,MK-->MZ,MK-->MZ,MK-->MZ,MK-->MZ,MK-->MZ,MK-->MZ,MK-->MZ,,,,,,,,,,,,,,,,,MZ-->MK,MZ-->MK,MZ-->MK,MZ-->MK,MZ-->MK,MZ-->MK,MZ-->MK,MZ-->MK,MZ-->MK,MZ-->MK,MZ-->MK,MZ-->MK,MZ-->MK,MZ-->MK,MZ-->MK,MZ-->MK,MZ-->MK,MZ-->MK,MZ-->MK
MG,MDG,Madagascar,Antananarivo,Africa,Eastern Africa,,MG-->MZ,MG-->MZ,MG-->MZ,MG-->MZ,MG-->MZ,MG-->MZ,MG-->MZ,MG-->MZ,MG-->MZ,MG-->MZ,MG-->MZ,MG-->MZ,MG-->MZ,MG-->MZ,MG-->MZ,MG-->MZ,MG-->MZ,MG-->MZ,MG-->MZ,,,,,,,,,,,,,,,,,MZ-->MG,MZ-->MG,MZ-->MG,MZ-->MG,MZ-->MG,MZ-->MG,MZ-->MG,MZ-->MG,MZ-->MG,MZ-->MG,MZ-->MG,MZ-->MG,MZ-->MG,MZ-->MG,MZ-->MG,MZ-->MG,MZ-->MG,MZ-->MG,MZ-->MG
MW,MWI,Malawi,Lilongwe,Africa,Eastern Africa,,MW-->MZ,MW-->MZ,MW-->MZ,MW-->MZ,MW-->MZ,MW-->MZ,MW-->MZ,MW-->MZ,MW-->MZ,MW-->MZ,MW-->MZ,MW-->MZ,MW-->MZ,MW-->MZ,MW-->MZ,MW-->MZ,MW-->MZ,MW-->MZ,MW-->MZ,,,,,,,,,,,,,,,,,MZ-->MW,MZ-->MW,MZ-->MW,MZ-->MW,MZ-->MW,MZ-->MW,MZ-->MW,MZ-->MW,MZ-->MW,MZ-->MW,MZ-->MW,MZ-->MW,MZ-->MW,MZ-->MW,MZ-->MW,MZ-->MW,MZ-->MW,MZ-->MW,MZ-->MW
MY,MYS,Malaysia,Kuala Lumpur,Asia,South-Eastern Asia,,MY-->MZ,MY-->MZ,MY-->MZ,MY-->MZ,MY-->MZ,MY-->MZ,MY-->MZ,MY-->MZ,MY-->MZ,MY-->MZ,MY-->MZ,MY-->MZ,MY-->MZ,MY-->MZ,MY-->MZ,MY-->MZ,MY-->MZ,MY-->MZ,MY-->MZ,,,,,,,,,,,,,,,,,MZ-->MY,MZ-->MY,MZ-->MY,MZ-->MY,MZ-->MY,MZ-->MY,MZ-->MY,MZ-->MY,MZ-->MY,MZ-->MY,MZ-->MY,MZ-->MY,MZ-->MY,MZ-->MY,MZ-->MY,MZ-->MY,MZ-->MY,MZ-->MY,MZ-->MY
MV,MDV,Maldives,Malé,Asia,Southern Asia,,MV-->MZ,MV-->MZ,MV-->MZ,MV-->MZ,MV-->MZ,MV-->MZ,MV-->MZ,MV-->MZ,MV-->MZ,MV-->MZ,MV-->MZ,MV-->MZ,MV-->MZ,MV-->MZ,MV-->MZ,MV-->MZ,MV-->MZ,MV-->MZ,MV-->MZ,,,,,,,,,,,,,,,,,MZ-->MV,MZ-->MV,MZ-->MV,MZ-->MV,MZ-->MV,MZ-->MV,MZ-->MV,MZ-->MV,MZ-->MV,MZ-->MV,MZ-->MV,MZ-->MV,MZ-->MV,MZ-->MV,MZ-->MV,MZ-->MV,MZ-->MV,MZ-->MV,MZ-->MV
ML,MLI,Mali,Bamako,Africa,Western Africa,,ML-->MZ,ML-->MZ,ML-->MZ,ML-->MZ,ML-->MZ,ML-->MZ,ML-->MZ,ML-->MZ,ML-->MZ,ML-->MZ,ML-->MZ,ML-->MZ,ML-->MZ,ML-->MZ,ML-->MZ,ML-->MZ,ML-->MZ,ML-->MZ,ML-->MZ,,,,,,,,,,,,,,,,,MZ-->ML,MZ-->ML,MZ-->ML,MZ-->ML,MZ-->ML,MZ-->ML,MZ-->ML,MZ-->ML,MZ-->ML,MZ-->ML,MZ-->ML,MZ-->ML,MZ-->ML,MZ-->ML,MZ-->ML,MZ-->ML,MZ-->ML,MZ-->ML,MZ-->ML
MT,MLT,Malta,Valletta,Europe,Southern Europe,,MT-->MZ,MT-->MZ,MT-->MZ,MT-->MZ,MT-->MZ,MT-->MZ,MT-->MZ,MT-->MZ,MT-->MZ,MT-->MZ,MT-->MZ,MT-->MZ,MT-->MZ,MT-->MZ,MT-->MZ,MT-->MZ,MT-->MZ,MT-->MZ,MT-->MZ,,,,,,,,,,,,,,,,,MZ-->MT,MZ-->MT,MZ-->MT,MZ-->MT,MZ-->MT,MZ-->MT,MZ-->MT,MZ-->MT,MZ-->MT,MZ-->MT,MZ-->MT,MZ-->MT,MZ-->MT,MZ-->MT,MZ-->MT,MZ-->MT,MZ-->MT,MZ-->MT,MZ-->MT
MH,MHL,Marshall Islands,Majuro,Oceania,Micronesia,,MH-->MZ,MH-->MZ,MH-->MZ,MH-->MZ,MH-->MZ,MH-->MZ,MH-->MZ,MH-->MZ,MH-->MZ,MH-->MZ,MH-->MZ,MH-->MZ,MH-->MZ,MH-->MZ,MH-->MZ,MH-->MZ,MH-->MZ,MH-->MZ,MH-->MZ,,,,,,,,,,,,,,,,,MZ-->MH,MZ-->MH,MZ-->MH,MZ-->MH,MZ-->MH,MZ-->MH,MZ-->MH,MZ-->MH,MZ-->MH,MZ-->MH,MZ-->MH,MZ-->MH,MZ-->MH,MZ-->MH,MZ-->MH,MZ-->MH,MZ-->MH,MZ-->MH,MZ-->MH
MQ,MTQ,Martinique,Fort-de-France,Americas,Caribbean,,MQ-->MZ,MQ-->MZ,MQ-->MZ,MQ-->MZ,MQ-->MZ,MQ-->MZ,MQ-->MZ,MQ-->MZ,MQ-->MZ,MQ-->MZ,MQ-->MZ,MQ-->MZ,MQ-->MZ,MQ-->MZ,MQ-->MZ,MQ-->MZ,MQ-->MZ,MQ-->MZ,MQ-->MZ,,,,,,,,,,,,,,,,,MZ-->MQ,MZ-->MQ,MZ-->MQ,MZ-->MQ,MZ-->MQ,MZ-->MQ,MZ-->MQ,MZ-->MQ,MZ-->MQ,MZ-->MQ,MZ-->MQ,MZ-->MQ,MZ-->MQ,MZ-->MQ,MZ-->MQ,MZ-->MQ,MZ-->MQ,MZ-->MQ,MZ-->MQ
MR,MRT,Mauritania,Nouakchott,Africa,Western Africa,,MR-->MZ,MR-->MZ,MR-->MZ,MR-->MZ,MR-->MZ,MR-->MZ,MR-->MZ,MR-->MZ,MR-->MZ,MR-->MZ,MR-->MZ,MR-->MZ,MR-->MZ,MR-->MZ,MR-->MZ,MR-->MZ,MR-->MZ,MR-->MZ,MR-->MZ,0.0,,,,,,,,,,,,,,,,MZ-->MR,MZ-->MR,MZ-->MR,MZ-->MR,MZ-->MR,MZ-->MR,MZ-->MR,MZ-->MR,MZ-->MR,MZ-->MR,MZ-->MR,MZ-->MR,MZ-->MR,MZ-->MR,MZ-->MR,MZ-->MR,MZ-->MR,MZ-->MR,MZ-->MR
MU,MUS,Mauritius,Port Louis,Africa,Eastern Africa,,MU-->MZ,MU-->MZ,MU-->MZ,MU-->MZ,MU-->MZ,MU-->MZ,MU-->MZ,MU-->MZ,MU-->MZ,MU-->MZ,MU-->MZ,MU-->MZ,MU-->MZ,MU-->MZ,MU-->MZ,MU-->MZ,MU-->MZ,MU-->MZ,MU-->MZ,,,,,,,,,,,,,,,,,MZ-->MU,MZ-->MU,MZ-->MU,MZ-->MU,MZ-->MU,MZ-->MU,MZ-->MU,MZ-->MU,MZ-->MU,MZ-->MU,MZ-->MU,MZ-->MU,MZ-->MU,MZ-->MU,MZ-->MU,MZ-->MU,MZ-->MU,MZ-->MU,MZ-->MU
YT,MYT,Mayotte,Mamoudzou,Africa,Eastern Africa,,YT-->MZ,YT-->MZ,YT-->MZ,YT-->MZ,YT-->MZ,YT-->MZ,YT-->MZ,YT-->MZ,YT-->MZ,YT-->MZ,YT-->MZ,YT-->MZ,YT-->MZ,YT-->MZ,YT-->MZ,YT-->MZ,YT-->MZ,YT-->MZ,YT-->MZ,,,,,,,,,,,,,,,,,MZ-->YT,MZ-->YT,MZ-->YT,MZ-->YT,MZ-->YT,MZ-->YT,MZ-->YT,MZ-->YT,MZ-->YT,MZ-->YT,MZ-->YT,MZ-->YT,MZ-->YT,MZ-->YT,MZ-->YT,MZ-->YT,MZ-->YT,MZ-->YT,MZ-->YT
MX,MEX,Mexico,Mexico City,Americas,Central America,,MX-->MZ,MX-->MZ,MX-->MZ,MX-->MZ,MX-->MZ,MX-->MZ,MX-->MZ,MX-->MZ,MX-->MZ,MX-->MZ,MX-->MZ,MX-->MZ,MX-->MZ,MX-->MZ,MX-->MZ,MX-->MZ,MX-->MZ,MX-->MZ,MX-->MZ,,,,,,,,,,,,,,,,,MZ-->MX,MZ-->MX,MZ-->MX,MZ-->MX,MZ-->MX,MZ-->MX,MZ-->MX,MZ-->MX,MZ-->MX,MZ-->MX,MZ-->MX,MZ-->MX,MZ-->MX,MZ-->MX,MZ-->MX,MZ-->MX,MZ-->MX,MZ-->MX,MZ-->MX
FM,FSM,Federated States of Micronesia,Palikir,Oceania,Micronesia,,FM-->MZ,FM-->MZ,FM-->MZ,FM-->MZ,FM-->MZ,FM-->MZ,FM-->MZ,FM-->MZ,FM-->MZ,FM-->MZ,FM-->MZ,FM-->MZ,FM-->MZ,FM-->MZ,FM-->MZ,FM-->MZ,FM-->MZ,FM-->MZ,FM-->MZ,,,,,,,,,,,,,,,,,MZ-->FM,MZ-->FM,MZ-->FM,MZ-->FM,MZ-->FM,MZ-->FM,MZ-->FM,MZ-->FM,MZ-->FM,MZ-->FM,MZ-->FM,MZ-->FM,MZ-->FM,MZ-->FM,MZ-->FM,MZ-->FM,MZ-->FM,MZ-->FM,MZ-->FM
MD,MDA,Moldova,Chișinău,Europe,Eastern Europe,,MD-->MZ,MD-->MZ,MD-->MZ,MD-->MZ,MD-->MZ,MD-->MZ,MD-->MZ,MD-->MZ,MD-->MZ,MD-->MZ,MD-->MZ,MD-->MZ,MD-->MZ,MD-->MZ,MD-->MZ,MD-->MZ,MD-->MZ,MD-->MZ,MD-->MZ,,,,,,,,,,,,,,,,,MZ-->MD,MZ-->MD,MZ-->MD,MZ-->MD,MZ-->MD,MZ-->MD,MZ-->MD,MZ-->MD,MZ-->MD,MZ-->MD,MZ-->MD,MZ-->MD,MZ-->MD,MZ-->MD,MZ-->MD,MZ-->MD,MZ-->MD,MZ-->MD,MZ-->MD
MC,MCO,Monaco,Monaco,Europe,Western Europe,,MC-->MZ,MC-->MZ,MC-->MZ,MC-->MZ,MC-->MZ,MC-->MZ,MC-->MZ,MC-->MZ,MC-->MZ,MC-->MZ,MC-->MZ,MC-->MZ,MC-->MZ,MC-->MZ,MC-->MZ,MC-->MZ,MC-->MZ,MC-->MZ,MC-->MZ,,,,,,,,,,,,,,,,,MZ-->MC,MZ-->MC,MZ-->MC,MZ-->MC,MZ-->MC,MZ-->MC,MZ-->MC,MZ-->MC,MZ-->MC,MZ-->MC,MZ-->MC,MZ-->MC,MZ-->MC,MZ-->MC,MZ-->MC,MZ-->MC,MZ-->MC,MZ-->MC,MZ-->MC
MN,MNG,Mongolia,Ulan Bator,Asia,Eastern Asia,,MN-->MZ,MN-->MZ,MN-->MZ,MN-->MZ,MN-->MZ,MN-->MZ,MN-->MZ,MN-->MZ,MN-->MZ,MN-->MZ,MN-->MZ,MN-->MZ,MN-->MZ,MN-->MZ,MN-->MZ,MN-->MZ,MN-->MZ,MN-->MZ,MN-->MZ,,,,,,,,,,,,,,,,,MZ-->MN,MZ-->MN,MZ-->MN,MZ-->MN,MZ-->MN,MZ-->MN,MZ-->MN,MZ-->MN,MZ-->MN,MZ-->MN,MZ-->MN,MZ-->MN,MZ-->MN,MZ-->MN,MZ-->MN,MZ-->MN,MZ-->MN,MZ-->MN,MZ-->MN
ME,MNE,Montenegro,Podgorica,Europe,Southern Europe,,ME-->MZ,ME-->MZ,ME-->MZ,ME-->MZ,ME-->MZ,ME-->MZ,ME-->MZ,ME-->MZ,ME-->MZ,ME-->MZ,ME-->MZ,ME-->MZ,ME-->MZ,ME-->MZ,ME-->MZ,ME-->MZ,ME-->MZ,ME-->MZ,ME-->MZ,,,,,,,,,,,,,,,,,MZ-->ME,MZ-->ME,MZ-->ME,MZ-->ME,MZ-->ME,MZ-->ME,MZ-->ME,MZ-->ME,MZ-->ME,MZ-->ME,MZ-->ME,MZ-->ME,MZ-->ME,MZ-->ME,MZ-->ME,MZ-->ME,MZ-->ME,MZ-->ME,MZ-->ME
MS,MSR,Montserrat,Plymouth,Americas,Caribbean,,MS-->MZ,MS-->MZ,MS-->MZ,MS-->MZ,MS-->MZ,MS-->MZ,MS-->MZ,MS-->MZ,MS-->MZ,MS-->MZ,MS-->MZ,MS-->MZ,MS-->MZ,MS-->MZ,MS-->MZ,MS-->MZ,MS-->MZ,MS-->MZ,MS-->MZ,,,,,,,,,,,,,,,,,MZ-->MS,MZ-->MS,MZ-->MS,MZ-->MS,MZ-->MS,MZ-->MS,MZ-->MS,MZ-->MS,MZ-->MS,MZ-->MS,MZ-->MS,MZ-->MS,MZ-->MS,MZ-->MS,MZ-->MS,MZ-->MS,MZ-->MS,MZ-->MS,MZ-->MS
MA,MAR,Morocco,Rabat,Africa,Northern Africa,,MA-->MZ,MA-->MZ,MA-->MZ,MA-->MZ,MA-->MZ,MA-->MZ,MA-->MZ,MA-->MZ,MA-->MZ,MA-->MZ,MA-->MZ,MA-->MZ,MA-->MZ,MA-->MZ,MA-->MZ,MA-->MZ,MA-->MZ,MA-->MZ,MA-->MZ,,,,,,,,,,,,,,,,,MZ-->MA,MZ-->MA,MZ-->MA,MZ-->MA,MZ-->MA,MZ-->MA,MZ-->MA,MZ-->MA,MZ-->MA,MZ-->MA,MZ-->MA,MZ-->MA,MZ-->MA,MZ-->MA,MZ-->MA,MZ-->MA,MZ-->MA,MZ-->MA,MZ-->MA
MZ,MOZ,Mozambique,Maputo,Africa,Eastern Africa,,MZ-->MZ,MZ-->MZ,MZ-->MZ,MZ-->MZ,MZ-->MZ,MZ-->MZ,MZ-->MZ,MZ-->MZ,MZ-->MZ,MZ-->MZ,MZ-->MZ,MZ-->MZ,MZ-->MZ,MZ-->MZ,MZ-->MZ,MZ-->MZ,MZ-->MZ,MZ-->MZ,MZ-->MZ,,,,,,,,,,,,,,,,,MZ-->MZ,MZ-->MZ,MZ-->MZ,MZ-->MZ,MZ-->MZ,MZ-->MZ,MZ-->MZ,MZ-->MZ,MZ-->MZ,MZ-->MZ,MZ-->MZ,MZ-->MZ,MZ-->MZ,MZ-->MZ,MZ-->MZ,MZ-->MZ,MZ-->MZ,MZ-->MZ,MZ-->MZ
MM,MMR,Myanmar,Naypyidaw,Asia,South-Eastern Asia,,MM-->MZ,MM-->MZ,MM-->MZ,MM-->MZ,MM-->MZ,MM-->MZ,MM-->MZ,MM-->MZ,MM-->MZ,MM-->MZ,MM-->MZ,MM-->MZ,MM-->MZ,MM-->MZ,MM-->MZ,MM-->MZ,MM-->MZ,MM-->MZ,MM-->MZ,,,,,,,,,,,,,,,,,MZ-->MM,MZ-->MM,MZ-->MM,MZ-->MM,MZ-->MM,MZ-->MM,MZ-->MM,MZ-->MM,MZ-->MM,MZ-->MM,MZ-->MM,MZ-->MM,MZ-->MM,MZ-->MM,MZ-->MM,MZ-->MM,MZ-->MM,MZ-->MM,MZ-->MM
,NAM,Namibia,Windhoek,Africa,Southern Africa,,NA-->MZ,NA-->MZ,NA-->MZ,NA-->MZ,NA-->MZ,NA-->MZ,NA-->MZ,NA-->MZ,NA-->MZ,NA-->MZ,NA-->MZ,NA-->MZ,NA-->MZ,NA-->MZ,NA-->MZ,NA-->MZ,NA-->MZ,NA-->MZ,NA-->MZ,,,,,,,,,,,,,,,,,MZ-->NA,MZ-->NA,MZ-->NA,MZ-->NA,MZ-->NA,MZ-->NA,MZ-->NA,MZ-->NA,MZ-->NA,MZ-->NA,MZ-->NA,MZ-->NA,MZ-->NA,MZ-->NA,MZ-->NA,MZ-->NA,MZ-->NA,MZ-->NA,MZ-->NA
NR,NRU,Nauru,Yaren,Oceania,Micronesia,,NR-->MZ,NR-->MZ,NR-->MZ,NR-->MZ,NR-->MZ,NR-->MZ,NR-->MZ,NR-->MZ,NR-->MZ,NR-->MZ,NR-->MZ,NR-->MZ,NR-->MZ,NR-->MZ,NR-->MZ,NR-->MZ,NR-->MZ,NR-->MZ,NR-->MZ,,,,,,,,,,,,,,,,,MZ-->NR,MZ-->NR,MZ-->NR,MZ-->NR,MZ-->NR,MZ-->NR,MZ-->NR,MZ-->NR,MZ-->NR,MZ-->NR,MZ-->NR,MZ-->NR,MZ-->NR,MZ-->NR,MZ-->NR,MZ-->NR,MZ-->NR,MZ-->NR,MZ-->NR
NP,NPL,Nepal,Kathmandu,Asia,Southern Asia,,NP-->MZ,NP-->MZ,NP-->MZ,NP-->MZ,NP-->MZ,NP-->MZ,NP-->MZ,NP-->MZ,NP-->MZ,NP-->MZ,NP-->MZ,NP-->MZ,NP-->MZ,NP-->MZ,NP-->MZ,NP-->MZ,NP-->MZ,NP-->MZ,NP-->MZ,,,,,,,,,,,,,,,,,MZ-->NP,MZ-->NP,MZ-->NP,MZ-->NP,MZ-->NP,MZ-->NP,MZ-->NP,MZ-->NP,MZ-->NP,MZ-->NP,MZ-->NP,MZ-->NP,MZ-->NP,MZ-->NP,MZ-->NP,MZ-->NP,MZ-->NP,MZ-->NP,MZ-->NP
NL,NLD,Netherlands,Amsterdam,Europe,Western Europe,,NL-->MZ,NL-->MZ,NL-->MZ,NL-->MZ,NL-->MZ,NL-->MZ,NL-->MZ,NL-->MZ,NL-->MZ,NL-->MZ,NL-->MZ,NL-->MZ,NL-->MZ,NL-->MZ,NL-->MZ,NL-->MZ,NL-->MZ,NL-->MZ,NL-->MZ,,,,,,,,,,,,,,,,,MZ-->NL,MZ-->NL,MZ-->NL,MZ-->NL,MZ-->NL,MZ-->NL,MZ-->NL,MZ-->NL,MZ-->NL,MZ-->NL,MZ-->NL,MZ-->NL,MZ-->NL,MZ-->NL,MZ-->NL,MZ-->NL,MZ-->NL,MZ-->NL,MZ-->NL
NC,NCL,New Caledonia,Nouméa,Oceania,Melanesia,,NC-->MZ,NC-->MZ,NC-->MZ,NC-->MZ,NC-->MZ,NC-->MZ,NC-->MZ,NC-->MZ,NC-->MZ,NC-->MZ,NC-->MZ,NC-->MZ,NC-->MZ,NC-->MZ,NC-->MZ,NC-->MZ,NC-->MZ,NC-->MZ,NC-->MZ,,,,,,,,,,,,,,,,,MZ-->NC,MZ-->NC,MZ-->NC,MZ-->NC,MZ-->NC,MZ-->NC,MZ-->NC,MZ-->NC,MZ-->NC,MZ-->NC,MZ-->NC,MZ-->NC,MZ-->NC,MZ-->NC,MZ-->NC,MZ-->NC,MZ-->NC,MZ-->NC,MZ-->NC
NZ,NZL,New Zealand,Wellington,Oceania,Australia and New Zealand,,NZ-->MZ,NZ-->MZ,NZ-->MZ,NZ-->MZ,NZ-->MZ,NZ-->MZ,NZ-->MZ,NZ-->MZ,NZ-->MZ,NZ-->MZ,NZ-->MZ,NZ-->MZ,NZ-->MZ,NZ-->MZ,NZ-->MZ,NZ-->MZ,NZ-->MZ,NZ-->MZ,NZ-->MZ,,,,,,,,,,,,,,,,,MZ-->NZ,MZ-->NZ,MZ-->NZ,MZ-->NZ,MZ-->NZ,MZ-->NZ,MZ-->NZ,MZ-->NZ,MZ-->NZ,MZ-->NZ,MZ-->NZ,MZ-->NZ,MZ-->NZ,MZ-->NZ,MZ-->NZ,MZ-->NZ,MZ-->NZ,MZ-->NZ,MZ-->NZ
NI,NIC,Nicaragua,Managua,Americas,Central America,,NI-->MZ,NI-->MZ,NI-->MZ,NI-->MZ,NI-->MZ,NI-->MZ,NI-->MZ,NI-->MZ,NI-->MZ,NI-->MZ,NI-->MZ,NI-->MZ,NI-->MZ,NI-->MZ,NI-->MZ,NI-->MZ,NI-->MZ,NI-->MZ,NI-->MZ,,,,,,,,,,,,,,,,,MZ-->NI,MZ-->NI,MZ-->NI,MZ-->NI,MZ-->NI,MZ-->NI,MZ-->NI,MZ-->NI,MZ-->NI,MZ-->NI,MZ-->NI,MZ-->NI,MZ-->NI,MZ-->NI,MZ-->NI,MZ-->NI,MZ-->NI,MZ-->NI,MZ-->NI
NE,NER,Niger,Niamey,Africa,Western Africa,,NE-->MZ,NE-->MZ,NE-->MZ,NE-->MZ,NE-->MZ,NE-->MZ,NE-->MZ,NE-->MZ,NE-->MZ,NE-->MZ,NE-->MZ,NE-->MZ,NE-->MZ,NE-->MZ,NE-->MZ,NE-->MZ,NE-->MZ,NE-->MZ,NE-->MZ,,,,,,,,,,,,,,,,,MZ-->NE,MZ-->NE,MZ-->NE,MZ-->NE,MZ-->NE,MZ-->NE,MZ-->NE,MZ-->NE,MZ-->NE,MZ-->NE,MZ-->NE,MZ-->NE,MZ-->NE,MZ-->NE,MZ-->NE,MZ-->NE,MZ-->NE,MZ-->NE,MZ-->NE
NG,NGA,Nigeria,Abuja,Africa,Western Africa,,NG-->MZ,NG-->MZ,NG-->MZ,NG-->MZ,NG-->MZ,NG-->MZ,NG-->MZ,NG-->MZ,NG-->MZ,NG-->MZ,NG-->MZ,NG-->MZ,NG-->MZ,NG-->MZ,NG-->MZ,NG-->MZ,NG-->MZ,NG-->MZ,NG-->MZ,,,,,,,,,,,,,,,,,MZ-->NG,MZ-->NG,MZ-->NG,MZ-->NG,MZ-->NG,MZ-->NG,MZ-->NG,MZ-->NG,MZ-->NG,MZ-->NG,MZ-->NG,MZ-->NG,MZ-->NG,MZ-->NG,MZ-->NG,MZ-->NG,MZ-->NG,MZ-->NG,MZ-->NG
NU,NIU,Niue,Alofi,Oceania,Polynesia,,NU-->MZ,NU-->MZ,NU-->MZ,NU-->MZ,NU-->MZ,NU-->MZ,NU-->MZ,NU-->MZ,NU-->MZ,NU-->MZ,NU-->MZ,NU-->MZ,NU-->MZ,NU-->MZ,NU-->MZ,NU-->MZ,NU-->MZ,NU-->MZ,NU-->MZ,,,,,,,,,,,,,,,,,MZ-->NU,MZ-->NU,MZ-->NU,MZ-->NU,MZ-->NU,MZ-->NU,MZ-->NU,MZ-->NU,MZ-->NU,MZ-->NU,MZ-->NU,MZ-->NU,MZ-->NU,MZ-->NU,MZ-->NU,MZ-->NU,MZ-->NU,MZ-->NU,MZ-->NU
NF,NFK,Norfolk Island,Kingston,Oceania,Australia and New Zealand,,NF-->MZ,NF-->MZ,NF-->MZ,NF-->MZ,NF-->MZ,NF-->MZ,NF-->MZ,NF-->MZ,NF-->MZ,NF-->MZ,NF-->MZ,NF-->MZ,NF-->MZ,NF-->MZ,NF-->MZ,NF-->MZ,NF-->MZ,NF-->MZ,NF-->MZ,,,,,,,,,,,,,,,,,MZ-->NF,MZ-->NF,MZ-->NF,MZ-->NF,MZ-->NF,MZ-->NF,MZ-->NF,MZ-->NF,MZ-->NF,MZ-->NF,MZ-->NF,MZ-->NF,MZ-->NF,MZ-->NF,MZ-->NF,MZ-->NF,MZ-->NF,MZ-->NF,MZ-->NF
KP,PRK,North Korea,Pyongyang,Asia,Eastern Asia,,KP-->MZ,KP-->MZ,KP-->MZ,KP-->MZ,KP-->MZ,KP-->MZ,KP-->MZ,KP-->MZ,KP-->MZ,KP-->MZ,KP-->MZ,KP-->MZ,KP-->MZ,KP-->MZ,KP-->MZ,KP-->MZ,KP-->MZ,KP-->MZ,KP-->MZ,,,,,,,,,,,,,,,,,MZ-->KP,MZ-->KP,MZ-->KP,MZ-->KP,MZ-->KP,MZ-->KP,MZ-->KP,MZ-->KP,MZ-->KP,MZ-->KP,MZ-->KP,MZ-->KP,MZ-->KP,MZ-->KP,MZ-->KP,MZ-->KP,MZ-->KP,MZ-->KP,MZ-->KP
MP,MNP,Northern Mariana Islands,Saipan,Oceania,Micronesia,,MP-->MZ,MP-->MZ,MP-->MZ,MP-->MZ,MP-->MZ,MP-->MZ,MP-->MZ,MP-->MZ,MP-->MZ,MP-->MZ,MP-->MZ,MP-->MZ,MP-->MZ,MP-->MZ,MP-->MZ,MP-->MZ,MP-->MZ,MP-->MZ,MP-->MZ,,,,,,,,,,,,,,,,,MZ-->MP,MZ-->MP,MZ-->MP,MZ-->MP,MZ-->MP,MZ-->MP,MZ-->MP,MZ-->MP,MZ-->MP,MZ-->MP,MZ-->MP,MZ-->MP,MZ-->MP,MZ-->MP,MZ-->MP,MZ-->MP,MZ-->MP,MZ-->MP,MZ-->MP
NO,NOR,Norway,Oslo,Europe,Northern Europe,,NO-->MZ,NO-->MZ,NO-->MZ,NO-->MZ,NO-->MZ,NO-->MZ,NO-->MZ,NO-->MZ,NO-->MZ,NO-->MZ,NO-->MZ,NO-->MZ,NO-->MZ,NO-->MZ,NO-->MZ,NO-->MZ,NO-->MZ,NO-->MZ,NO-->MZ,,,,,,,,,,,,,,,,,MZ-->NO,MZ-->NO,MZ-->NO,MZ-->NO,MZ-->NO,MZ-->NO,MZ-->NO,MZ-->NO,MZ-->NO,MZ-->NO,MZ-->NO,MZ-->NO,MZ-->NO,MZ-->NO,MZ-->NO,MZ-->NO,MZ-->NO,MZ-->NO,MZ-->NO
OM,OMN,Oman,Muscat,Asia,Western Asia,,OM-->MZ,OM-->MZ,OM-->MZ,OM-->MZ,OM-->MZ,OM-->MZ,OM-->MZ,OM-->MZ,OM-->MZ,OM-->MZ,OM-->MZ,OM-->MZ,OM-->MZ,OM-->MZ,OM-->MZ,OM-->MZ,OM-->MZ,OM-->MZ,OM-->MZ,,,,,,,,,,,,,,,,,MZ-->OM,MZ-->OM,MZ-->OM,MZ-->OM,MZ-->OM,MZ-->OM,MZ-->OM,MZ-->OM,MZ-->OM,MZ-->OM,MZ-->OM,MZ-->OM,MZ-->OM,MZ-->OM,MZ-->OM,MZ-->OM,MZ-->OM,MZ-->OM,MZ-->OM
PK,PAK,Pakistan,Islamabad,Asia,Southern Asia,,PK-->MZ,PK-->MZ,PK-->MZ,PK-->MZ,PK-->MZ,PK-->MZ,PK-->MZ,PK-->MZ,PK-->MZ,PK-->MZ,PK-->MZ,PK-->MZ,PK-->MZ,PK-->MZ,PK-->MZ,PK-->MZ,PK-->MZ,PK-->MZ,PK-->MZ,,,,,,,,,,,,,,,,,MZ-->PK,MZ-->PK,MZ-->PK,MZ-->PK,MZ-->PK,MZ-->PK,MZ-->PK,MZ-->PK,MZ-->PK,MZ-->PK,MZ-->PK,MZ-->PK,MZ-->PK,MZ-->PK,MZ-->PK,MZ-->PK,MZ-->PK,MZ-->PK,MZ-->PK
PW,PLW,Palau,Ngerulmud,Oceania,Micronesia,,PW-->MZ,PW-->MZ,PW-->MZ,PW-->MZ,PW-->MZ,PW-->MZ,PW-->MZ,PW-->MZ,PW-->MZ,PW-->MZ,PW-->MZ,PW-->MZ,PW-->MZ,PW-->MZ,PW-->MZ,PW-->MZ,PW-->MZ,PW-->MZ,PW-->MZ,,,,,,,,,,,,,,,,,MZ-->PW,MZ-->PW,MZ-->PW,MZ-->PW,MZ-->PW,MZ-->PW,MZ-->PW,MZ-->PW,MZ-->PW,MZ-->PW,MZ-->PW,MZ-->PW,MZ-->PW,MZ-->PW,MZ-->PW,MZ-->PW,MZ-->PW,MZ-->PW,MZ-->PW
PS,PSE,Palestine,Ramallah,Asia,Western Asia,,PS-->MZ,PS-->MZ,PS-->MZ,PS-->MZ,PS-->MZ,PS-->MZ,PS-->MZ,PS-->MZ,PS-->MZ,PS-->MZ,PS-->MZ,PS-->MZ,PS-->MZ,PS-->MZ,PS-->MZ,PS-->MZ,PS-->MZ,PS-->MZ,PS-->MZ,,,,,,,,,,,,,,,,,MZ-->PS,MZ-->PS,MZ-->PS,MZ-->PS,MZ-->PS,MZ-->PS,MZ-->PS,MZ-->PS,MZ-->PS,MZ-->PS,MZ-->PS,MZ-->PS,MZ-->PS,MZ-->PS,MZ-->PS,MZ-->PS,MZ-->PS,MZ-->PS,MZ-->PS
PA,PAN,Panama,Panama City,Americas,Central America,,PA-->MZ,PA-->MZ,PA-->MZ,PA-->MZ,PA-->MZ,PA-->MZ,PA-->MZ,PA-->MZ,PA-->MZ,PA-->MZ,PA-->MZ,PA-->MZ,PA-->MZ,PA-->MZ,PA-->MZ,PA-->MZ,PA-->MZ,PA-->MZ,PA-->MZ,,,,,,,,,,,,,,,,,MZ-->PA,MZ-->PA,MZ-->PA,MZ-->PA,MZ-->PA,MZ-->PA,MZ-->PA,MZ-->PA,MZ-->PA,MZ-->PA,MZ-->PA,MZ-->PA,MZ-->PA,MZ-->PA,MZ-->PA,MZ-->PA,MZ-->PA,MZ-->PA,MZ-->PA
PG,PNG,Papua New Guinea,Port Moresby,Oceania,Melanesia,,PG-->MZ,PG-->MZ,PG-->MZ,PG-->MZ,PG-->MZ,PG-->MZ,PG-->MZ,PG-->MZ,PG-->MZ,PG-->MZ,PG-->MZ,PG-->MZ,PG-->MZ,PG-->MZ,PG-->MZ,PG-->MZ,PG-->MZ,PG-->MZ,PG-->MZ,,,,,,,,,,,,,,,,,MZ-->PG,MZ-->PG,MZ-->PG,MZ-->PG,MZ-->PG,MZ-->PG,MZ-->PG,MZ-->PG,MZ-->PG,MZ-->PG,MZ-->PG,MZ-->PG,MZ-->PG,MZ-->PG,MZ-->PG,MZ-->PG,MZ-->PG,MZ-->PG,MZ-->PG
PY,PRY,Paraguay,Asunción,Americas,South America,,PY-->MZ,PY-->MZ,PY-->MZ,PY-->MZ,PY-->MZ,PY-->MZ,PY-->MZ,PY-->MZ,PY-->MZ,PY-->MZ,PY-->MZ,PY-->MZ,PY-->MZ,PY-->MZ,PY-->MZ,PY-->MZ,PY-->MZ,PY-->MZ,PY-->MZ,,,,,,,,,,,,,,,,,MZ-->PY,MZ-->PY,MZ-->PY,MZ-->PY,MZ-->PY,MZ-->PY,MZ-->PY,MZ-->PY,MZ-->PY,MZ-->PY,MZ-->PY,MZ-->PY,MZ-->PY,MZ-->PY,MZ-->PY,MZ-->PY,MZ-->PY,MZ-->PY,MZ-->PY
PE,PER,Peru,Lima,Americas,South America,,PE-->MZ,PE-->MZ,PE-->MZ,PE-->MZ,PE-->MZ,PE-->MZ,PE-->MZ,PE-->MZ,PE-->MZ,PE-->MZ,PE-->MZ,PE-->MZ,PE-->MZ,PE-->MZ,PE-->MZ,PE-->MZ,PE-->MZ,PE-->MZ,PE-->MZ,,,,,,,,,,,,,,,,,MZ-->PE,MZ-->PE,MZ-->PE,MZ-->PE,MZ-->PE,MZ-->PE,MZ-->PE,MZ-->PE,MZ-->PE,MZ-->PE,MZ-->PE,MZ-->PE,MZ-->PE,MZ-->PE,MZ-->PE,MZ-->PE,MZ-->PE,MZ-->PE,MZ-->PE
PH,PHL,Philippines,Manila,Asia,South-Eastern Asia,,PH-->MZ,PH-->MZ,PH-->MZ,PH-->MZ,PH-->MZ,PH-->MZ,PH-->MZ,PH-->MZ,PH-->MZ,PH-->MZ,PH-->MZ,PH-->MZ,PH-->MZ,PH-->MZ,PH-->MZ,PH-->MZ,PH-->MZ,PH-->MZ,PH-->MZ,,,,,,,,,,,,,,,,,MZ-->PH,MZ-->PH,MZ-->PH,MZ-->PH,MZ-->PH,MZ-->PH,MZ-->PH,MZ-->PH,MZ-->PH,MZ-->PH,MZ-->PH,MZ-->PH,MZ-->PH,MZ-->PH,MZ-->PH,MZ-->PH,MZ-->PH,MZ-->PH,MZ-->PH
PN,PCN,Pitcairn Islands,Adamstown,Oceania,Polynesia,,PN-->MZ,PN-->MZ,PN-->MZ,PN-->MZ,PN-->MZ,PN-->MZ,PN-->MZ,PN-->MZ,PN-->MZ,PN-->MZ,PN-->MZ,PN-->MZ,PN-->MZ,PN-->MZ,PN-->MZ,PN-->MZ,PN-->MZ,PN-->MZ,PN-->MZ,,,,,,,,,,,,,,,,,MZ-->PN,MZ-->PN,MZ-->PN,MZ-->PN,MZ-->PN,MZ-->PN,MZ-->PN,MZ-->PN,MZ-->PN,MZ-->PN,MZ-->PN,MZ-->PN,MZ-->PN,MZ-->PN,MZ-->PN,MZ-->PN,MZ-->PN,MZ-->PN,MZ-->PN
PL,POL,Poland,Warsaw,Europe,Eastern Europe,,PL-->MZ,PL-->MZ,PL-->MZ,PL-->MZ,PL-->MZ,PL-->MZ,PL-->MZ,PL-->MZ,PL-->MZ,PL-->MZ,PL-->MZ,PL-->MZ,PL-->MZ,PL-->MZ,PL-->MZ,PL-->MZ,PL-->MZ,PL-->MZ,PL-->MZ,,,,,,,,,,,,,,,,,MZ-->PL,MZ-->PL,MZ-->PL,MZ-->PL,MZ-->PL,MZ-->PL,MZ-->PL,MZ-->PL,MZ-->PL,MZ-->PL,MZ-->PL,MZ-->PL,MZ-->PL,MZ-->PL,MZ-->PL,MZ-->PL,MZ-->PL,MZ-->PL,MZ-->PL
PT,PRT,Portugal,Lisbon,Europe,Southern Europe,,PT-->MZ,PT-->MZ,PT-->MZ,PT-->MZ,PT-->MZ,PT-->MZ,PT-->MZ,PT-->MZ,PT-->MZ,PT-->MZ,PT-->MZ,PT-->MZ,PT-->MZ,PT-->MZ,PT-->MZ,PT-->MZ,PT-->MZ,PT-->MZ,PT-->MZ,,,,,,,,,,,,,,,,,MZ-->PT,MZ-->PT,MZ-->PT,MZ-->PT,MZ-->PT,MZ-->PT,MZ-->PT,MZ-->PT,MZ-->PT,MZ-->PT,MZ-->PT,MZ-->PT,MZ-->PT,MZ-->PT,MZ-->PT,MZ-->PT,MZ-->PT,MZ-->PT,MZ-->PT
PR,PRI,Puerto Rico,San Juan,Americas,Caribbean,,PR-->MZ,PR-->MZ,PR-->MZ,PR-->MZ,PR-->MZ,PR-->MZ,PR-->MZ,PR-->MZ,PR-->MZ,PR-->MZ,PR-->MZ,PR-->MZ,PR-->MZ,PR-->MZ,PR-->MZ,PR-->MZ,PR-->MZ,PR-->MZ,PR-->MZ,,,,,,,,,,,,,,,,,MZ-->PR,MZ-->PR,MZ-->PR,MZ-->PR,MZ-->PR,MZ-->PR,MZ-->PR,MZ-->PR,MZ-->PR,MZ-->PR,MZ-->PR,MZ-->PR,MZ-->PR,MZ-->PR,MZ-->PR,MZ-->PR,MZ-->PR,MZ-->PR,MZ-->PR
QA,QAT,Qatar,Doha,Asia,Western Asia,,QA-->MZ,QA-->MZ,QA-->MZ,QA-->MZ,QA-->MZ,QA-->MZ,QA-->MZ,QA-->MZ,QA-->MZ,QA-->MZ,QA-->MZ,QA-->MZ,QA-->MZ,QA-->MZ,QA-->MZ,QA-->MZ,QA-->MZ,QA-->MZ,QA-->MZ,,,,,,,,,,,,,,,,,MZ-->QA,MZ-->QA,MZ-->QA,MZ-->QA,MZ-->QA,MZ-->QA,MZ-->QA,MZ-->QA,MZ-->QA,MZ-->QA,MZ-->QA,MZ-->QA,MZ-->QA,MZ-->QA,MZ-->QA,MZ-->QA,MZ-->QA,MZ-->QA,MZ-->QA
XK,KOS,Republic of Kosovo,Pristina,Europe,Eastern Europe,,XK-->MZ,XK-->MZ,XK-->MZ,XK-->MZ,XK-->MZ,XK-->MZ,XK-->MZ,XK-->MZ,XK-->MZ,XK-->MZ,XK-->MZ,XK-->MZ,XK-->MZ,XK-->MZ,XK-->MZ,XK-->MZ,XK-->MZ,XK-->MZ,XK-->MZ,,,,,,,,,,,,,,,,,MZ-->XK,MZ-->XK,MZ-->XK,MZ-->XK,MZ-->XK,MZ-->XK,MZ-->XK,MZ-->XK,MZ-->XK,MZ-->XK,MZ-->XK,MZ-->XK,MZ-->XK,MZ-->XK,MZ-->XK,MZ-->XK,MZ-->XK,MZ-->XK,MZ-->XK
RE,REU,Réunion,Saint-Denis,Africa,Eastern Africa,,RE-->MZ,RE-->MZ,RE-->MZ,RE-->MZ,RE-->MZ,RE-->MZ,RE-->MZ,RE-->MZ,RE-->MZ,RE-->MZ,RE-->MZ,RE-->MZ,RE-->MZ,RE-->MZ,RE-->MZ,RE-->MZ,RE-->MZ,RE-->MZ,RE-->MZ,,,,,,,,,,,,,,,,,MZ-->RE,MZ-->RE,MZ-->RE,MZ-->RE,MZ-->RE,MZ-->RE,MZ-->RE,MZ-->RE,MZ-->RE,MZ-->RE,MZ-->RE,MZ-->RE,MZ-->RE,MZ-->RE,MZ-->RE,MZ-->RE,MZ-->RE,MZ-->RE,MZ-->RE
RO,ROU,Romania,Bucharest,Europe,Eastern Europe,,RO-->MZ,RO-->MZ,RO-->MZ,RO-->MZ,RO-->MZ,RO-->MZ,RO-->MZ,RO-->MZ,RO-->MZ,RO-->MZ,RO-->MZ,RO-->MZ,RO-->MZ,RO-->MZ,RO-->MZ,RO-->MZ,RO-->MZ,RO-->MZ,RO-->MZ,,,,,,,,,,,,,,,,,MZ-->RO,MZ-->RO,MZ-->RO,MZ-->RO,MZ-->RO,MZ-->RO,MZ-->RO,MZ-->RO,MZ-->RO,MZ-->RO,MZ-->RO,MZ-->RO,MZ-->RO,MZ-->RO,MZ-->RO,MZ-->RO,MZ-->RO,MZ-->RO,MZ-->RO
RU,RUS,Russia,Moscow,Europe,Eastern Europe,,RU-->MZ,RU-->MZ,RU-->MZ,RU-->MZ,RU-->MZ,RU-->MZ,RU-->MZ,RU-->MZ,RU-->MZ,RU-->MZ,RU-->MZ,RU-->MZ,RU-->MZ,RU-->MZ,RU-->MZ,RU-->MZ,RU-->MZ,RU-->MZ,RU-->MZ,,,,,,,,,,,,,,,,,MZ-->RU,MZ-->RU,MZ-->RU,MZ-->RU,MZ-->RU,MZ-->RU,MZ-->RU,MZ-->RU,MZ-->RU,MZ-->RU,MZ-->RU,MZ-->RU,MZ-->RU,MZ-->RU,MZ-->RU,MZ-->RU,MZ-->RU,MZ-->RU,MZ-->RU
RW,RWA,Rwanda,Kigali,Africa,Eastern Africa,,RW-->MZ,RW-->MZ,RW-->MZ,RW-->MZ,RW-->MZ,RW-->MZ,RW-->MZ,RW-->MZ,RW-->MZ,RW-->MZ,RW-->MZ,RW-->MZ,RW-->MZ,RW-->MZ,RW-->MZ,RW-->MZ,RW-->MZ,RW-->MZ,RW-->MZ,,,,,,,,,,,,,,,,,MZ-->RW,MZ-->RW,MZ-->RW,MZ-->RW,MZ-->RW,MZ-->RW,MZ-->RW,MZ-->RW,MZ-->RW,MZ-->RW,MZ-->RW,MZ-->RW,MZ-->RW,MZ-->RW,MZ-->RW,MZ-->RW,MZ-->RW,MZ-->RW,MZ-->RW
BL,BLM,Saint Barthélemy,Gustavia,Americas,Caribbean,,BL-->MZ,BL-->MZ,BL-->MZ,BL-->MZ,BL-->MZ,BL-->MZ,BL-->MZ,BL-->MZ,BL-->MZ,BL-->MZ,BL-->MZ,BL-->MZ,BL-->MZ,BL-->MZ,BL-->MZ,BL-->MZ,BL-->MZ,BL-->MZ,BL-->MZ,,,,,,,,,,,,,,,,,MZ-->BL,MZ-->BL,MZ-->BL,MZ-->BL,MZ-->BL,MZ-->BL,MZ-->BL,MZ-->BL,MZ-->BL,MZ-->BL,MZ-->BL,MZ-->BL,MZ-->BL,MZ-->BL,MZ-->BL,MZ-->BL,MZ-->BL,MZ-->BL,MZ-->BL
SH,SHN,Saint Helena,Jamestown,Africa,Western Africa,,SH-->MZ,SH-->MZ,SH-->MZ,SH-->MZ,SH-->MZ,SH-->MZ,SH-->MZ,SH-->MZ,SH-->MZ,SH-->MZ,SH-->MZ,SH-->MZ,SH-->MZ,SH-->MZ,SH-->MZ,SH-->MZ,SH-->MZ,SH-->MZ,SH-->MZ,,,,,,,,,,,,,,,,,MZ-->SH,MZ-->SH,MZ-->SH,MZ-->SH,MZ-->SH,MZ-->SH,MZ-->SH,MZ-->SH,MZ-->SH,MZ-->SH,MZ-->SH,MZ-->SH,MZ-->SH,MZ-->SH,MZ-->SH,MZ-->SH,MZ-->SH,MZ-->SH,MZ-->SH
KN,KNA,Saint Kitts and Nevis,Basseterre,Americas,Caribbean,,KN-->MZ,KN-->MZ,KN-->MZ,KN-->MZ,KN-->MZ,KN-->MZ,KN-->MZ,KN-->MZ,KN-->MZ,KN-->MZ,KN-->MZ,KN-->MZ,KN-->MZ,KN-->MZ,KN-->MZ,KN-->MZ,KN-->MZ,KN-->MZ,KN-->MZ,,,,,,,,,,,,,,,,,MZ-->KN,MZ-->KN,MZ-->KN,MZ-->KN,MZ-->KN,MZ-->KN,MZ-->KN,MZ-->KN,MZ-->KN,MZ-->KN,MZ-->KN,MZ-->KN,MZ-->KN,MZ-->KN,MZ-->KN,MZ-->KN,MZ-->KN,MZ-->KN,MZ-->KN
LC,LCA,Saint Lucia,Castries,Americas,Caribbean,,LC-->MZ,LC-->MZ,LC-->MZ,LC-->MZ,LC-->MZ,LC-->MZ,LC-->MZ,LC-->MZ,LC-->MZ,LC-->MZ,LC-->MZ,LC-->MZ,LC-->MZ,LC-->MZ,LC-->MZ,LC-->MZ,LC-->MZ,LC-->MZ,LC-->MZ,,,,,,,,,,,,,,,,,MZ-->LC,MZ-->LC,MZ-->LC,MZ-->LC,MZ-->LC,MZ-->LC,MZ-->LC,MZ-->LC,MZ-->LC,MZ-->LC,MZ-->LC,MZ-->LC,MZ-->LC,MZ-->LC,MZ-->LC,MZ-->LC,MZ-->LC,MZ-->LC,MZ-->LC
MF,MAF,Saint Martin,Marigot,Americas,Caribbean,,MF-->MZ,MF-->MZ,MF-->MZ,MF-->MZ,MF-->MZ,MF-->MZ,MF-->MZ,MF-->MZ,MF-->MZ,MF-->MZ,MF-->MZ,MF-->MZ,MF-->MZ,MF-->MZ,MF-->MZ,MF-->MZ,MF-->MZ,MF-->MZ,MF-->MZ,,,,,,,,,,,,,,,,,MZ-->MF,MZ-->MF,MZ-->MF,MZ-->MF,MZ-->MF,MZ-->MF,MZ-->MF,MZ-->MF,MZ-->MF,MZ-->MF,MZ-->MF,MZ-->MF,MZ-->MF,MZ-->MF,MZ-->MF,MZ-->MF,MZ-->MF,MZ-->MF,MZ-->MF
PM,SPM,Saint Pierre and Miquelon,Saint-Pierre,Americas,Northern America,,PM-->MZ,PM-->MZ,PM-->MZ,PM-->MZ,PM-->MZ,PM-->MZ,PM-->MZ,PM-->MZ,PM-->MZ,PM-->MZ,PM-->MZ,PM-->MZ,PM-->MZ,PM-->MZ,PM-->MZ,PM-->MZ,PM-->MZ,PM-->MZ,PM-->MZ,,,,,,,,,,,,,,,,,MZ-->PM,MZ-->PM,MZ-->PM,MZ-->PM,MZ-->PM,MZ-->PM,MZ-->PM,MZ-->PM,MZ-->PM,MZ-->PM,MZ-->PM,MZ-->PM,MZ-->PM,MZ-->PM,MZ-->PM,MZ-->PM,MZ-->PM,MZ-->PM,MZ-->PM
VC,VCT,Saint Vincent and the Grenadines,Kingstown,Americas,Caribbean,,VC-->MZ,VC-->MZ,VC-->MZ,VC-->MZ,VC-->MZ,VC-->MZ,VC-->MZ,VC-->MZ,VC-->MZ,VC-->MZ,VC-->MZ,VC-->MZ,VC-->MZ,VC-->MZ,VC-->MZ,VC-->MZ,VC-->MZ,VC-->MZ,VC-->MZ,,,,,,,,,,,,,,,,,MZ-->VC,MZ-->VC,MZ-->VC,MZ-->VC,MZ-->VC,MZ-->VC,MZ-->VC,MZ-->VC,MZ-->VC,MZ-->VC,MZ-->VC,MZ-->VC,MZ-->VC,MZ-->VC,MZ-->VC,MZ-->VC,MZ-->VC,MZ-->VC,MZ-->VC
WS,WSM,Samoa,Apia,Oceania,Polynesia,,WS-->MZ,WS-->MZ,WS-->MZ,WS-->MZ,WS-->MZ,WS-->MZ,WS-->MZ,WS-->MZ,WS-->MZ,WS-->MZ,WS-->MZ,WS-->MZ,WS-->MZ,WS-->MZ,WS-->MZ,WS-->MZ,WS-->MZ,WS-->MZ,WS-->MZ,,,,,,,,,,,,,,,,,MZ-->WS,MZ-->WS,MZ-->WS,MZ-->WS,MZ-->WS,MZ-->WS,MZ-->WS,MZ-->WS,MZ-->WS,MZ-->WS,MZ-->WS,MZ-->WS,MZ-->WS,MZ-->WS,MZ-->WS,MZ-->WS,MZ-->WS,MZ-->WS,MZ-->WS
SM,SMR,San Marino,City of San Marino,Europe,Southern Europe,,SM-->MZ,SM-->MZ,SM-->MZ,SM-->MZ,SM-->MZ,SM-->MZ,SM-->MZ,SM-->MZ,SM-->MZ,SM-->MZ,SM-->MZ,SM-->MZ,SM-->MZ,SM-->MZ,SM-->MZ,SM-->MZ,SM-->MZ,SM-->MZ,SM-->MZ,,,,,,,,,,,,,,,,,MZ-->SM,MZ-->SM,MZ-->SM,MZ-->SM,MZ-->SM,MZ-->SM,MZ-->SM,MZ-->SM,MZ-->SM,MZ-->SM,MZ-->SM,MZ-->SM,MZ-->SM,MZ-->SM,MZ-->SM,MZ-->SM,MZ-->SM,MZ-->SM,MZ-->SM
ST,STP,São Tomé and Príncipe,São Tomé,Africa,Middle Africa,,ST-->MZ,ST-->MZ,ST-->MZ,ST-->MZ,ST-->MZ,ST-->MZ,ST-->MZ,ST-->MZ,ST-->MZ,ST-->MZ,ST-->MZ,ST-->MZ,ST-->MZ,ST-->MZ,ST-->MZ,ST-->MZ,ST-->MZ,ST-->MZ,ST-->MZ,,,,,,,,,,,,,,,,,MZ-->ST,MZ-->ST,MZ-->ST,MZ-->ST,MZ-->ST,MZ-->ST,MZ-->ST,MZ-->ST,MZ-->ST,MZ-->ST,MZ-->ST,MZ-->ST,MZ-->ST,MZ-->ST,MZ-->ST,MZ-->ST,MZ-->ST,MZ-->ST,MZ-->ST
SA,SAU,Saudi Arabia,Riyadh,Asia,Western Asia,,SA-->MZ,SA-->MZ,SA-->MZ,SA-->MZ,SA-->MZ,SA-->MZ,SA-->MZ,SA-->MZ,SA-->MZ,SA-->MZ,SA-->MZ,SA-->MZ,SA-->MZ,SA-->MZ,SA-->MZ,SA-->MZ,SA-->MZ,SA-->MZ,SA-->MZ,,,,,,,,,,,,,,,,,MZ-->SA,MZ-->SA,MZ-->SA,MZ-->SA,MZ-->SA,MZ-->SA,MZ-->SA,MZ-->SA,MZ-->SA,MZ-->SA,MZ-->SA,MZ-->SA,MZ-->SA,MZ-->SA,MZ-->SA,MZ-->SA,MZ-->SA,MZ-->SA,MZ-->SA
SN,SEN,Senegal,Dakar,Africa,Western Africa,,SN-->MZ,SN-->MZ,SN-->MZ,SN-->MZ,SN-->MZ,SN-->MZ,SN-->MZ,SN-->MZ,SN-->MZ,SN-->MZ,SN-->MZ,SN-->MZ,SN-->MZ,SN-->MZ,SN-->MZ,SN-->MZ,SN-->MZ,SN-->MZ,SN-->MZ,,,,,,,,,,,,,,,,,MZ-->SN,MZ-->SN,MZ-->SN,MZ-->SN,MZ-->SN,MZ-->SN,MZ-->SN,MZ-->SN,MZ-->SN,MZ-->SN,MZ-->SN,MZ-->SN,MZ-->SN,MZ-->SN,MZ-->SN,MZ-->SN,MZ-->SN,MZ-->SN,MZ-->SN
RS,SRB,Serbia,Belgrade,Europe,Southern Europe,,RS-->MZ,RS-->MZ,RS-->MZ,RS-->MZ,RS-->MZ,RS-->MZ,RS-->MZ,RS-->MZ,RS-->MZ,RS-->MZ,RS-->MZ,RS-->MZ,RS-->MZ,RS-->MZ,RS-->MZ,RS-->MZ,RS-->MZ,RS-->MZ,RS-->MZ,,,,,,,,,,,,,,,,,MZ-->RS,MZ-->RS,MZ-->RS,MZ-->RS,MZ-->RS,MZ-->RS,MZ-->RS,MZ-->RS,MZ-->RS,MZ-->RS,MZ-->RS,MZ-->RS,MZ-->RS,MZ-->RS,MZ-->RS,MZ-->RS,MZ-->RS,MZ-->RS,MZ-->RS
SC,SYC,Seychelles,Victoria,Africa,Eastern Africa,,SC-->MZ,SC-->MZ,SC-->MZ,SC-->MZ,SC-->MZ,SC-->MZ,SC-->MZ,SC-->MZ,SC-->MZ,SC-->MZ,SC-->MZ,SC-->MZ,SC-->MZ,SC-->MZ,SC-->MZ,SC-->MZ,SC-->MZ,SC-->MZ,SC-->MZ,,,,,,,,,,,,,,,,,MZ-->SC,MZ-->SC,MZ-->SC,MZ-->SC,MZ-->SC,MZ-->SC,MZ-->SC,MZ-->SC,MZ-->SC,MZ-->SC,MZ-->SC,MZ-->SC,MZ-->SC,MZ-->SC,MZ-->SC,MZ-->SC,MZ-->SC,MZ-->SC,MZ-->SC
SL,SLE,Sierra Leone,Freetown,Africa,Western Africa,,SL-->MZ,SL-->MZ,SL-->MZ,SL-->MZ,SL-->MZ,SL-->MZ,SL-->MZ,SL-->MZ,SL-->MZ,SL-->MZ,SL-->MZ,SL-->MZ,SL-->MZ,SL-->MZ,SL-->MZ,SL-->MZ,SL-->MZ,SL-->MZ,SL-->MZ,,,,,,,,,,,,,,,,,MZ-->SL,MZ-->SL,MZ-->SL,MZ-->SL,MZ-->SL,MZ-->SL,MZ-->SL,MZ-->SL,MZ-->SL,MZ-->SL,MZ-->SL,MZ-->SL,MZ-->SL,MZ-->SL,MZ-->SL,MZ-->SL,MZ-->SL,MZ-->SL,MZ-->SL
SG,SGP,Singapore,Singapore,Asia,South-Eastern Asia,,SG-->MZ,SG-->MZ,SG-->MZ,SG-->MZ,SG-->MZ,SG-->MZ,SG-->MZ,SG-->MZ,SG-->MZ,SG-->MZ,SG-->MZ,SG-->MZ,SG-->MZ,SG-->MZ,SG-->MZ,SG-->MZ,SG-->MZ,SG-->MZ,SG-->MZ,,,,,,,,,,,,,,,,,MZ-->SG,MZ-->SG,MZ-->SG,MZ-->SG,MZ-->SG,MZ-->SG,MZ-->SG,MZ-->SG,MZ-->SG,MZ-->SG,MZ-->SG,MZ-->SG,MZ-->SG,MZ-->SG,MZ-->SG,MZ-->SG,MZ-->SG,MZ-->SG,MZ-->SG
SX,SXM,Sint Maarten,Philipsburg,Americas,Caribbean,,SX-->MZ,SX-->MZ,SX-->MZ,SX-->MZ,SX-->MZ,SX-->MZ,SX-->MZ,SX-->MZ,SX-->MZ,SX-->MZ,SX-->MZ,SX-->MZ,SX-->MZ,SX-->MZ,SX-->MZ,SX-->MZ,SX-->MZ,SX-->MZ,SX-->MZ,,,,,,,,,,,,,,,,,MZ-->SX,MZ-->SX,MZ-->SX,MZ-->SX,MZ-->SX,MZ-->SX,MZ-->SX,MZ-->SX,MZ-->SX,MZ-->SX,MZ-->SX,MZ-->SX,MZ-->SX,MZ-->SX,MZ-->SX,MZ-->SX,MZ-->SX,MZ-->SX,MZ-->SX
SK,SVK,Slovakia,Bratislava,Europe,Eastern Europe,,SK-->MZ,SK-->MZ,SK-->MZ,SK-->MZ,SK-->MZ,SK-->MZ,SK-->MZ,SK-->MZ,SK-->MZ,SK-->MZ,SK-->MZ,SK-->MZ,SK-->MZ,SK-->MZ,SK-->MZ,SK-->MZ,SK-->MZ,SK-->MZ,SK-->MZ,,,,,,,,,,,,,,,,,MZ-->SK,MZ-->SK,MZ-->SK,MZ-->SK,MZ-->SK,MZ-->SK,MZ-->SK,MZ-->SK,MZ-->SK,MZ-->SK,MZ-->SK,MZ-->SK,MZ-->SK,MZ-->SK,MZ-->SK,MZ-->SK,MZ-->SK,MZ-->SK,MZ-->SK
SI,SVN,Slovenia,Ljubljana,Europe,Southern Europe,,SI-->MZ,SI-->MZ,SI-->MZ,SI-->MZ,SI-->MZ,SI-->MZ,SI-->MZ,SI-->MZ,SI-->MZ,SI-->MZ,SI-->MZ,SI-->MZ,SI-->MZ,SI-->MZ,SI-->MZ,SI-->MZ,SI-->MZ,SI-->MZ,SI-->MZ,,,,,,,,,,,,,,,,,MZ-->SI,MZ-->SI,MZ-->SI,MZ-->SI,MZ-->SI,MZ-->SI,MZ-->SI,MZ-->SI,MZ-->SI,MZ-->SI,MZ-->SI,MZ-->SI,MZ-->SI,MZ-->SI,MZ-->SI,MZ-->SI,MZ-->SI,MZ-->SI,MZ-->SI
SB,SLB,Solomon Islands,Honiara,Oceania,Melanesia,,SB-->MZ,SB-->MZ,SB-->MZ,SB-->MZ,SB-->MZ,SB-->MZ,SB-->MZ,SB-->MZ,SB-->MZ,SB-->MZ,SB-->MZ,SB-->MZ,SB-->MZ,SB-->MZ,SB-->MZ,SB-->MZ,SB-->MZ,SB-->MZ,SB-->MZ,,,,,,,,,,,,,,,,,MZ-->SB,MZ-->SB,MZ-->SB,MZ-->SB,MZ-->SB,MZ-->SB,MZ-->SB,MZ-->SB,MZ-->SB,MZ-->SB,MZ-->SB,MZ-->SB,MZ-->SB,MZ-->SB,MZ-->SB,MZ-->SB,MZ-->SB,MZ-->SB,MZ-->SB
SO,SOM,Somalia,Mogadishu,Africa,Eastern Africa,,SO-->MZ,SO-->MZ,SO-->MZ,SO-->MZ,SO-->MZ,SO-->MZ,SO-->MZ,SO-->MZ,SO-->MZ,SO-->MZ,SO-->MZ,SO-->MZ,SO-->MZ,SO-->MZ,SO-->MZ,SO-->MZ,SO-->MZ,SO-->MZ,SO-->MZ,,,,,,,,,,,,,,,,,MZ-->SO,MZ-->SO,MZ-->SO,MZ-->SO,MZ-->SO,MZ-->SO,MZ-->SO,MZ-->SO,MZ-->SO,MZ-->SO,MZ-->SO,MZ-->SO,MZ-->SO,MZ-->SO,MZ-->SO,MZ-->SO,MZ-->SO,MZ-->SO,MZ-->SO
ZA,ZAF,South Africa,Pretoria,Africa,Southern Africa,,ZA-->MZ,ZA-->MZ,ZA-->MZ,ZA-->MZ,ZA-->MZ,ZA-->MZ,ZA-->MZ,ZA-->MZ,ZA-->MZ,ZA-->MZ,ZA-->MZ,ZA-->MZ,ZA-->MZ,ZA-->MZ,ZA-->MZ,ZA-->MZ,ZA-->MZ,ZA-->MZ,ZA-->MZ,,,,,,,,,,,,,,,,,MZ-->ZA,MZ-->ZA,MZ-->ZA,MZ-->ZA,MZ-->ZA,MZ-->ZA,MZ-->ZA,MZ-->ZA,MZ-->ZA,MZ-->ZA,MZ-->ZA,MZ-->ZA,MZ-->ZA,MZ-->ZA,MZ-->ZA,MZ-->ZA,MZ-->ZA,MZ-->ZA,MZ-->ZA
GS,SGS,South Georgia,King Edward Point,Americas,South America,,GS-->MZ,GS-->MZ,GS-->MZ,GS-->MZ,GS-->MZ,GS-->MZ,GS-->MZ,GS-->MZ,GS-->MZ,GS-->MZ,GS-->MZ,GS-->MZ,GS-->MZ,GS-->MZ,GS-->MZ,GS-->MZ,GS-->MZ,GS-->MZ,GS-->MZ,,,,,,,,,,,,,,,,,MZ-->GS,MZ-->GS,MZ-->GS,MZ-->GS,MZ-->GS,MZ-->GS,MZ-->GS,MZ-->GS,MZ-->GS,MZ-->GS,MZ-->GS,MZ-->GS,MZ-->GS,MZ-->GS,MZ-->GS,MZ-->GS,MZ-->GS,MZ-->GS,MZ-->GS
KR,KOR,South Korea,Seoul,Asia,Eastern Asia,,KR-->MZ,KR-->MZ,KR-->MZ,KR-->MZ,KR-->MZ,KR-->MZ,KR-->MZ,KR-->MZ,KR-->MZ,KR-->MZ,KR-->MZ,KR-->MZ,KR-->MZ,KR-->MZ,KR-->MZ,KR-->MZ,KR-->MZ,KR-->MZ,KR-->MZ,,,,,,,,,,,,,,,,,MZ-->KR,MZ-->KR,MZ-->KR,MZ-->KR,MZ-->KR,MZ-->KR,MZ-->KR,MZ-->KR,MZ-->KR,MZ-->KR,MZ-->KR,MZ-->KR,MZ-->KR,MZ-->KR,MZ-->KR,MZ-->KR,MZ-->KR,MZ-->KR,MZ-->KR
SS,SSD,South Sudan,Juba,Africa,Middle Africa,,SS-->MZ,SS-->MZ,SS-->MZ,SS-->MZ,SS-->MZ,SS-->MZ,SS-->MZ,SS-->MZ,SS-->MZ,SS-->MZ,SS-->MZ,SS-->MZ,SS-->MZ,SS-->MZ,SS-->MZ,SS-->MZ,SS-->MZ,SS-->MZ,SS-->MZ,,,,,,,,,,,,,,,,,MZ-->SS,MZ-->SS,MZ-->SS,MZ-->SS,MZ-->SS,MZ-->SS,MZ-->SS,MZ-->SS,MZ-->SS,MZ-->SS,MZ-->SS,MZ-->SS,MZ-->SS,MZ-->SS,MZ-->SS,MZ-->SS,MZ-->SS,MZ-->SS,MZ-->SS
ES,ESP,Spain,Madrid,Europe,Southern Europe,,ES-->MZ,ES-->MZ,ES-->MZ,ES-->MZ,ES-->MZ,ES-->MZ,ES-->MZ,ES-->MZ,ES-->MZ,ES-->MZ,ES-->MZ,ES-->MZ,ES-->MZ,ES-->MZ,ES-->MZ,ES-->MZ,ES-->MZ,ES-->MZ,ES-->MZ,,,,,,,,,,,,,,,,,MZ-->ES,MZ-->ES,MZ-->ES,MZ-->ES,MZ-->ES,MZ-->ES,MZ-->ES,MZ-->ES,MZ-->ES,MZ-->ES,MZ-->ES,MZ-->ES,MZ-->ES,MZ-->ES,MZ-->ES,MZ-->ES,MZ-->ES,MZ-->ES,MZ-->ES
LK,LKA,Sri Lanka,Colombo,Asia,Southern Asia,,LK-->MZ,LK-->MZ,LK-->MZ,LK-->MZ,LK-->MZ,LK-->MZ,LK-->MZ,LK-->MZ,LK-->MZ,LK-->MZ,LK-->MZ,LK-->MZ,LK-->MZ,LK-->MZ,LK-->MZ,LK-->MZ,LK-->MZ,LK-->MZ,LK-->MZ,,,,,,,,,,,,,,,,,MZ-->LK,MZ-->LK,MZ-->LK,MZ-->LK,MZ-->LK,MZ-->LK,MZ-->LK,MZ-->LK,MZ-->LK,MZ-->LK,MZ-->LK,MZ-->LK,MZ-->LK,MZ-->LK,MZ-->LK,MZ-->LK,MZ-->LK,MZ-->LK,MZ-->LK
SD,SDN,Sudan,Khartoum,Africa,Northern Africa,,SD-->MZ,SD-->MZ,SD-->MZ,SD-->MZ,SD-->MZ,SD-->MZ,SD-->MZ,SD-->MZ,SD-->MZ,SD-->MZ,SD-->MZ,SD-->MZ,SD-->MZ,SD-->MZ,SD-->MZ,SD-->MZ,SD-->MZ,SD-->MZ,SD-->MZ,,,,,,,,,,,,,,,,,MZ-->SD,MZ-->SD,MZ-->SD,MZ-->SD,MZ-->SD,MZ-->SD,MZ-->SD,MZ-->SD,MZ-->SD,MZ-->SD,MZ-->SD,MZ-->SD,MZ-->SD,MZ-->SD,MZ-->SD,MZ-->SD,MZ-->SD,MZ-->SD,MZ-->SD
SR,SUR,Suriname,Paramaribo,Americas,South America,,SR-->MZ,SR-->MZ,SR-->MZ,SR-->MZ,SR-->MZ,SR-->MZ,SR-->MZ,SR-->MZ,SR-->MZ,SR-->MZ,SR-->MZ,SR-->MZ,SR-->MZ,SR-->MZ,SR-->MZ,SR-->MZ,SR-->MZ,SR-->MZ,SR-->MZ,,,,,,,,,,,,,,,,,MZ-->SR,MZ-->SR,MZ-->SR,MZ-->SR,MZ-->SR,MZ-->SR,MZ-->SR,MZ-->SR,MZ-->SR,MZ-->SR,MZ-->SR,MZ-->SR,MZ-->SR,MZ-->SR,MZ-->SR,MZ-->SR,MZ-->SR,MZ-->SR,MZ-->SR
SJ,SJM,Svalbard and Jan Mayen,Longyearbyen,Europe,Northern Europe,,SJ-->MZ,SJ-->MZ,SJ-->MZ,SJ-->MZ,SJ-->MZ,SJ-->MZ,SJ-->MZ,SJ-->MZ,SJ-->MZ,SJ-->MZ,SJ-->MZ,SJ-->MZ,SJ-->MZ,SJ-->MZ,SJ-->MZ,SJ-->MZ,SJ-->MZ,SJ-->MZ,SJ-->MZ,,,,,,,,,,,,,,,,,MZ-->SJ,MZ-->SJ,MZ-->SJ,MZ-->SJ,MZ-->SJ,MZ-->SJ,MZ-->SJ,MZ-->SJ,MZ-->SJ,MZ-->SJ,MZ-->SJ,MZ-->SJ,MZ-->SJ,MZ-->SJ,MZ-->SJ,MZ-->SJ,MZ-->SJ,MZ-->SJ,MZ-->SJ
SZ,SWZ,Swaziland,Lobamba,Africa,Southern Africa,,SZ-->MZ,SZ-->MZ,SZ-->MZ,SZ-->MZ,SZ-->MZ,SZ-->MZ,SZ-->MZ,SZ-->MZ,SZ-->MZ,SZ-->MZ,SZ-->MZ,SZ-->MZ,SZ-->MZ,SZ-->MZ,SZ-->MZ,SZ-->MZ,SZ-->MZ,SZ-->MZ,SZ-->MZ,,,,,,,,,,,,,,,,,MZ-->SZ,MZ-->SZ,MZ-->SZ,MZ-->SZ,MZ-->SZ,MZ-->SZ,MZ-->SZ,MZ-->SZ,MZ-->SZ,MZ-->SZ,MZ-->SZ,MZ-->SZ,MZ-->SZ,MZ-->SZ,MZ-->SZ,MZ-->SZ,MZ-->SZ,MZ-->SZ,MZ-->SZ
SE,SWE,Sweden,Stockholm,Europe,Northern Europe,,SE-->MZ,SE-->MZ,SE-->MZ,SE-->MZ,SE-->MZ,SE-->MZ,SE-->MZ,SE-->MZ,SE-->MZ,SE-->MZ,SE-->MZ,SE-->MZ,SE-->MZ,SE-->MZ,SE-->MZ,SE-->MZ,SE-->MZ,SE-->MZ,SE-->MZ,,,,,,,,,,,,,,,,,MZ-->SE,MZ-->SE,MZ-->SE,MZ-->SE,MZ-->SE,MZ-->SE,MZ-->SE,MZ-->SE,MZ-->SE,MZ-->SE,MZ-->SE,MZ-->SE,MZ-->SE,MZ-->SE,MZ-->SE,MZ-->SE,MZ-->SE,MZ-->SE,MZ-->SE
CH,CHE,Switzerland,Bern,Europe,Western Europe,,CH-->MZ,CH-->MZ,CH-->MZ,CH-->MZ,CH-->MZ,CH-->MZ,CH-->MZ,CH-->MZ,CH-->MZ,CH-->MZ,CH-->MZ,CH-->MZ,CH-->MZ,CH-->MZ,CH-->MZ,CH-->MZ,CH-->MZ,CH-->MZ,CH-->MZ,,,,,,,,,,,,,,,,,MZ-->CH,MZ-->CH,MZ-->CH,MZ-->CH,MZ-->CH,MZ-->CH,MZ-->CH,MZ-->CH,MZ-->CH,MZ-->CH,MZ-->CH,MZ-->CH,MZ-->CH,MZ-->CH,MZ-->CH,MZ-->CH,MZ-->CH,MZ-->CH,MZ-->CH
SY,SYR,Syria,Damascus,Asia,Western Asia,,SY-->MZ,SY-->MZ,SY-->MZ,SY-->MZ,SY-->MZ,SY-->MZ,SY-->MZ,SY-->MZ,SY-->MZ,SY-->MZ,SY-->MZ,SY-->MZ,SY-->MZ,SY-->MZ,SY-->MZ,SY-->MZ,SY-->MZ,SY-->MZ,SY-->MZ,,,,,,,,,,,,,,,,,MZ-->SY,MZ-->SY,MZ-->SY,MZ-->SY,MZ-->SY,MZ-->SY,MZ-->SY,MZ-->SY,MZ-->SY,MZ-->SY,MZ-->SY,MZ-->SY,MZ-->SY,MZ-->SY,MZ-->SY,MZ-->SY,MZ-->SY,MZ-->SY,MZ-->SY
TW,TWN,Taiwan,Taipei,Asia,Eastern Asia,,TW-->MZ,TW-->MZ,TW-->MZ,TW-->MZ,TW-->MZ,TW-->MZ,TW-->MZ,TW-->MZ,TW-->MZ,TW-->MZ,TW-->MZ,TW-->MZ,TW-->MZ,TW-->MZ,TW-->MZ,TW-->MZ,TW-->MZ,TW-->MZ,TW-->MZ,,,,,,,,,,,,,,,,,MZ-->TW,MZ-->TW,MZ-->TW,MZ-->TW,MZ-->TW,MZ-->TW,MZ-->TW,MZ-->TW,MZ-->TW,MZ-->TW,MZ-->TW,MZ-->TW,MZ-->TW,MZ-->TW,MZ-->TW,MZ-->TW,MZ-->TW,MZ-->TW,MZ-->TW
TJ,TJK,Tajikistan,Dushanbe,Asia,Central Asia,,TJ-->MZ,TJ-->MZ,TJ-->MZ,TJ-->MZ,TJ-->MZ,TJ-->MZ,TJ-->MZ,TJ-->MZ,TJ-->MZ,TJ-->MZ,TJ-->MZ,TJ-->MZ,TJ-->MZ,TJ-->MZ,TJ-->MZ,TJ-->MZ,TJ-->MZ,TJ-->MZ,TJ-->MZ,,,,,,,,,,,,,,,,,MZ-->TJ,MZ-->TJ,MZ-->TJ,MZ-->TJ,MZ-->TJ,MZ-->TJ,MZ-->TJ,MZ-->TJ,MZ-->TJ,MZ-->TJ,MZ-->TJ,MZ-->TJ,MZ-->TJ,MZ-->TJ,MZ-->TJ,MZ-->TJ,MZ-->TJ,MZ-->TJ,MZ-->TJ
TZ,TZA,Tanzania,Dodoma,Africa,Eastern Africa,,TZ-->MZ,TZ-->MZ,TZ-->MZ,TZ-->MZ,TZ-->MZ,TZ-->MZ,TZ-->MZ,TZ-->MZ,TZ-->MZ,TZ-->MZ,TZ-->MZ,TZ-->MZ,TZ-->MZ,TZ-->MZ,TZ-->MZ,TZ-->MZ,TZ-->MZ,TZ-->MZ,TZ-->MZ,,,,,,,,,,,,,,,,,MZ-->TZ,MZ-->TZ,MZ-->TZ,MZ-->TZ,MZ-->TZ,MZ-->TZ,MZ-->TZ,MZ-->TZ,MZ-->TZ,MZ-->TZ,MZ-->TZ,MZ-->TZ,MZ-->TZ,MZ-->TZ,MZ-->TZ,MZ-->TZ,MZ-->TZ,MZ-->TZ,MZ-->TZ
TH,THA,Thailand,Bangkok,Asia,South-Eastern Asia,,TH-->MZ,TH-->MZ,TH-->MZ,TH-->MZ,TH-->MZ,TH-->MZ,TH-->MZ,TH-->MZ,TH-->MZ,TH-->MZ,TH-->MZ,TH-->MZ,TH-->MZ,TH-->MZ,TH-->MZ,TH-->MZ,TH-->MZ,TH-->MZ,TH-->MZ,,,,,,,,,,,,,,,,,MZ-->TH,MZ-->TH,MZ-->TH,MZ-->TH,MZ-->TH,MZ-->TH,MZ-->TH,MZ-->TH,MZ-->TH,MZ-->TH,MZ-->TH,MZ-->TH,MZ-->TH,MZ-->TH,MZ-->TH,MZ-->TH,MZ-->TH,MZ-->TH,MZ-->TH
TL,TLS,East Timor,Dili,Asia,South-Eastern Asia,,TL-->MZ,TL-->MZ,TL-->MZ,TL-->MZ,TL-->MZ,TL-->MZ,TL-->MZ,TL-->MZ,TL-->MZ,TL-->MZ,TL-->MZ,TL-->MZ,TL-->MZ,TL-->MZ,TL-->MZ,TL-->MZ,TL-->MZ,TL-->MZ,TL-->MZ,,,,,,,,,,,,,,,,,MZ-->TL,MZ-->TL,MZ-->TL,MZ-->TL,MZ-->TL,MZ-->TL,MZ-->TL,MZ-->TL,MZ-->TL,MZ-->TL,MZ-->TL,MZ-->TL,MZ-->TL,MZ-->TL,MZ-->TL,MZ-->TL,MZ-->TL,MZ-->TL,MZ-->TL
TG,TGO,Togo,Lomé,Africa,Western Africa,,TG-->MZ,TG-->MZ,TG-->MZ,TG-->MZ,TG-->MZ,TG-->MZ,TG-->MZ,TG-->MZ,TG-->MZ,TG-->MZ,TG-->MZ,TG-->MZ,TG-->MZ,TG-->MZ,TG-->MZ,TG-->MZ,TG-->MZ,TG-->MZ,TG-->MZ,,,,,,,,,,,,,,,,,MZ-->TG,MZ-->TG,MZ-->TG,MZ-->TG,MZ-->TG,MZ-->TG,MZ-->TG,MZ-->TG,MZ-->TG,MZ-->TG,MZ-->TG,MZ-->TG,MZ-->TG,MZ-->TG,MZ-->TG,MZ-->TG,MZ-->TG,MZ-->TG,MZ-->TG
TK,TKL,Tokelau,Fakaofo,Oceania,Polynesia,,TK-->MZ,TK-->MZ,TK-->MZ,TK-->MZ,TK-->MZ,TK-->MZ,TK-->MZ,TK-->MZ,TK-->MZ,TK-->MZ,TK-->MZ,TK-->MZ,TK-->MZ,TK-->MZ,TK-->MZ,TK-->MZ,TK-->MZ,TK-->MZ,TK-->MZ,,,,,,,,,,,,,,,,,MZ-->TK,MZ-->TK,MZ-->TK,MZ-->TK,MZ-->TK,MZ-->TK,MZ-->TK,MZ-->TK,MZ-->TK,MZ-->TK,MZ-->TK,MZ-->TK,MZ-->TK,MZ-->TK,MZ-->TK,MZ-->TK,MZ-->TK,MZ-->TK,MZ-->TK
TO,TON,Tonga,Nuku'alofa,Oceania,Polynesia,,TO-->MZ,TO-->MZ,TO-->MZ,TO-->MZ,TO-->MZ,TO-->MZ,TO-->MZ,TO-->MZ,TO-->MZ,TO-->MZ,TO-->MZ,TO-->MZ,TO-->MZ,TO-->MZ,TO-->MZ,TO-->MZ,TO-->MZ,TO-->MZ,TO-->MZ,,,,,,,,,,,,,,,,,MZ-->TO,MZ-->TO,MZ-->TO,MZ-->TO,MZ-->TO,MZ-->TO,MZ-->TO,MZ-->TO,MZ-->TO,MZ-->TO,MZ-->TO,MZ-->TO,MZ-->TO,MZ-->TO,MZ-->TO,MZ-->TO,MZ-->TO,MZ-->TO,MZ-->TO
TT,TTO,Trinidad and Tobago,Port of Spain,Americas,Caribbean,,TT-->MZ,TT-->MZ,TT-->MZ,TT-->MZ,TT-->MZ,TT-->MZ,TT-->MZ,TT-->MZ,TT-->MZ,TT-->MZ,TT-->MZ,TT-->MZ,TT-->MZ,TT-->MZ,TT-->MZ,TT-->MZ,TT-->MZ,TT-->MZ,TT-->MZ,,,,,,,,,,,,,,,,,MZ-->TT,MZ-->TT,MZ-->TT,MZ-->TT,MZ-->TT,MZ-->TT,MZ-->TT,MZ-->TT,MZ-->TT,MZ-->TT,MZ-->TT,MZ-->TT,MZ-->TT,MZ-->TT,MZ-->TT,MZ-->TT,MZ-->TT,MZ-->TT,MZ-->TT
TN,TUN,Tunisia,Tunis,Africa,Northern Africa,,TN-->MZ,TN-->MZ,TN-->MZ,TN-->MZ,TN-->MZ,TN-->MZ,TN-->MZ,TN-->MZ,TN-->MZ,TN-->MZ,TN-->MZ,TN-->MZ,TN-->MZ,TN-->MZ,TN-->MZ,TN-->MZ,TN-->MZ,TN-->MZ,TN-->MZ,,,,,,,,,,,,,,,,,MZ-->TN,MZ-->TN,MZ-->TN,MZ-->TN,MZ-->TN,MZ-->TN,MZ-->TN,MZ-->TN,MZ-->TN,MZ-->TN,MZ-->TN,MZ-->TN,MZ-->TN,MZ-->TN,MZ-->TN,MZ-->TN,MZ-->TN,MZ-->TN,MZ-->TN
TR,TUR,Turkey,Ankara,Asia,Western Asia,,TR-->MZ,TR-->MZ,TR-->MZ,TR-->MZ,TR-->MZ,TR-->MZ,TR-->MZ,TR-->MZ,TR-->MZ,TR-->MZ,TR-->MZ,TR-->MZ,TR-->MZ,TR-->MZ,TR-->MZ,TR-->MZ,TR-->MZ,TR-->MZ,TR-->MZ,,,,,,,,,,,,,,,,,MZ-->TR,MZ-->TR,MZ-->TR,MZ-->TR,MZ-->TR,MZ-->TR,MZ-->TR,MZ-->TR,MZ-->TR,MZ-->TR,MZ-->TR,MZ-->TR,MZ-->TR,MZ-->TR,MZ-->TR,MZ-->TR,MZ-->TR,MZ-->TR,MZ-->TR
TM,TKM,Turkmenistan,Ashgabat,Asia,Central Asia,,TM-->MZ,TM-->MZ,TM-->MZ,TM-->MZ,TM-->MZ,TM-->MZ,TM-->MZ,TM-->MZ,TM-->MZ,TM-->MZ,TM-->MZ,TM-->MZ,TM-->MZ,TM-->MZ,TM-->MZ,TM-->MZ,TM-->MZ,TM-->MZ,TM-->MZ,,,,,,,,,,,,,,,,,MZ-->TM,MZ-->TM,MZ-->TM,MZ-->TM,MZ-->TM,MZ-->TM,MZ-->TM,MZ-->TM,MZ-->TM,MZ-->TM,MZ-->TM,MZ-->TM,MZ-->TM,MZ-->TM,MZ-->TM,MZ-->TM,MZ-->TM,MZ-->TM,MZ-->TM
TC,TCA,Turks and Caicos Islands,Cockburn Town,Americas,Caribbean,,TC-->MZ,TC-->MZ,TC-->MZ,TC-->MZ,TC-->MZ,TC-->MZ,TC-->MZ,TC-->MZ,TC-->MZ,TC-->MZ,TC-->MZ,TC-->MZ,TC-->MZ,TC-->MZ,TC-->MZ,TC-->MZ,TC-->MZ,TC-->MZ,TC-->MZ,,,,,,,,,,,,,,,,,MZ-->TC,MZ-->TC,MZ-->TC,MZ-->TC,MZ-->TC,MZ-->TC,MZ-->TC,MZ-->TC,MZ-->TC,MZ-->TC,MZ-->TC,MZ-->TC,MZ-->TC,MZ-->TC,MZ-->TC,MZ-->TC,MZ-->TC,MZ-->TC,MZ-->TC
TV,TUV,Tuvalu,Funafuti,Oceania,Polynesia,,TV-->MZ,TV-->MZ,TV-->MZ,TV-->MZ,TV-->MZ,TV-->MZ,TV-->MZ,TV-->MZ,TV-->MZ,TV-->MZ,TV-->MZ,TV-->MZ,TV-->MZ,TV-->MZ,TV-->MZ,TV-->MZ,TV-->MZ,TV-->MZ,TV-->MZ,,,,,,,,,,,,,,,,,MZ-->TV,MZ-->TV,MZ-->TV,MZ-->TV,MZ-->TV,MZ-->TV,MZ-->TV,MZ-->TV,MZ-->TV,MZ-->TV,MZ-->TV,MZ-->TV,MZ-->TV,MZ-->TV,MZ-->TV,MZ-->TV,MZ-->TV,MZ-->TV,MZ-->TV
UG,UGA,Uganda,Kampala,Africa,Eastern Africa,,UG-->MZ,UG-->MZ,UG-->MZ,UG-->MZ,UG-->MZ,UG-->MZ,UG-->MZ,UG-->MZ,UG-->MZ,UG-->MZ,UG-->MZ,UG-->MZ,UG-->MZ,UG-->MZ,UG-->MZ,UG-->MZ,UG-->MZ,UG-->MZ,UG-->MZ,,,,,,,,,,,,,,,,,MZ-->UG,MZ-->UG,MZ-->UG,MZ-->UG,MZ-->UG,MZ-->UG,MZ-->UG,MZ-->UG,MZ-->UG,MZ-->UG,MZ-->UG,MZ-->UG,MZ-->UG,MZ-->UG,MZ-->UG,MZ-->UG,MZ-->UG,MZ-->UG,MZ-->UG
UA,UKR,Ukraine,Kiev,Europe,Eastern Europe,,UA-->MZ,UA-->MZ,UA-->MZ,UA-->MZ,UA-->MZ,UA-->MZ,UA-->MZ,UA-->MZ,UA-->MZ,UA-->MZ,UA-->MZ,UA-->MZ,UA-->MZ,UA-->MZ,UA-->MZ,UA-->MZ,UA-->MZ,UA-->MZ,UA-->MZ,,,,,,,,,,,,,,,,,MZ-->UA,MZ-->UA,MZ-->UA,MZ-->UA,MZ-->UA,MZ-->UA,MZ-->UA,MZ-->UA,MZ-->UA,MZ-->UA,MZ-->UA,MZ-->UA,MZ-->UA,MZ-->UA,MZ-->UA,MZ-->UA,MZ-->UA,MZ-->UA,MZ-->UA
AE,ARE,United Arab Emirates,Abu Dhabi,Asia,Western Asia,,AE-->MZ,AE-->MZ,AE-->MZ,AE-->MZ,AE-->MZ,AE-->MZ,AE-->MZ,AE-->MZ,AE-->MZ,AE-->MZ,AE-->MZ,AE-->MZ,AE-->MZ,AE-->MZ,AE-->MZ,AE-->MZ,AE-->MZ,AE-->MZ,AE-->MZ,,,,,,,,,,,,,,,,,MZ-->AE,MZ-->AE,MZ-->AE,MZ-->AE,MZ-->AE,MZ-->AE,MZ-->AE,MZ-->AE,MZ-->AE,MZ-->AE,MZ-->AE,MZ-->AE,MZ-->AE,MZ-->AE,MZ-->AE,MZ-->AE,MZ-->AE,MZ-->AE,MZ-->AE
GB,GBR,United Kingdom,London,Europe,Northern Europe,,GB-->MZ,GB-->MZ,GB-->MZ,GB-->MZ,GB-->MZ,GB-->MZ,GB-->MZ,GB-->MZ,GB-->MZ,GB-->MZ,GB-->MZ,GB-->MZ,GB-->MZ,GB-->MZ,GB-->MZ,GB-->MZ,GB-->MZ,GB-->MZ,GB-->MZ,,,,,,,,,,,,,,,,,MZ-->GB,MZ-->GB,MZ-->GB,MZ-->GB,MZ-->GB,MZ-->GB,MZ-->GB,MZ-->GB,MZ-->GB,MZ-->GB,MZ-->GB,MZ-->GB,MZ-->GB,MZ-->GB,MZ-->GB,MZ-->GB,MZ-->GB,MZ-->GB,MZ-->GB
US,USA,United States,"Washington, D.C.",Americas,Northern America,,US-->MZ,US-->MZ,US-->MZ,US-->MZ,US-->MZ,US-->MZ,US-->MZ,US-->MZ,US-->MZ,US-->MZ,US-->MZ,US-->MZ,US-->MZ,US-->MZ,US-->MZ,US-->MZ,US-->MZ,US-->MZ,US-->MZ,,,,,,,,,,,,,,,,,MZ-->US,MZ-->US,MZ-->US,MZ-->US,MZ-->US,MZ-->US,MZ-->US,MZ-->US,MZ-->US,MZ-->US,MZ-->US,MZ-->US,MZ-->US,MZ-->US,MZ-->US,MZ-->US,MZ-->US,MZ-->US,MZ-->US
UY,URY,Uruguay,Montevideo,Americas,South America,,UY-->MZ,UY-->MZ,UY-->MZ,UY-->MZ,UY-->MZ,UY-->MZ,UY-->MZ,UY-->MZ,UY-->MZ,UY-->MZ,UY-->MZ,UY-->MZ,UY-->MZ,UY-->MZ,UY-->MZ,UY-->MZ,UY-->MZ,UY-->MZ,UY-->MZ,,,,,,,,,,,,,,,,,MZ-->UY,MZ-->UY,MZ-->UY,MZ-->UY,MZ-->UY,MZ-->UY,MZ-->UY,MZ-->UY,MZ-->UY,MZ-->UY,MZ-->UY,MZ-->UY,MZ-->UY,MZ-->UY,MZ-->UY,MZ-->UY,MZ-->UY,MZ-->UY,MZ-->UY
UZ,UZB,Uzbekistan,Tashkent,Asia,Central Asia,,UZ-->MZ,UZ-->MZ,UZ-->MZ,UZ-->MZ,UZ-->MZ,UZ-->MZ,UZ-->MZ,UZ-->MZ,UZ-->MZ,UZ-->MZ,UZ-->MZ,UZ-->MZ,UZ-->MZ,UZ-->MZ,UZ-->MZ,UZ-->MZ,UZ-->MZ,UZ-->MZ,UZ-->MZ,,,,,,,,,,,,,,,,,MZ-->UZ,MZ-->UZ,MZ-->UZ,MZ-->UZ,MZ-->UZ,MZ-->UZ,MZ-->UZ,MZ-->UZ,MZ-->UZ,MZ-->UZ,MZ-->UZ,MZ-->UZ,MZ-->UZ,MZ-->UZ,MZ-->UZ,MZ-->UZ,MZ-->UZ,MZ-->UZ,MZ-->UZ
VU,VUT,Vanuatu,Port Vila,Oceania,Melanesia,,VU-->MZ,VU-->MZ,VU-->MZ,VU-->MZ,VU-->MZ,VU-->MZ,VU-->MZ,VU-->MZ,VU-->MZ,VU-->MZ,VU-->MZ,VU-->MZ,VU-->MZ,VU-->MZ,VU-->MZ,VU-->MZ,VU-->MZ,VU-->MZ,VU-->MZ,,,,,,,,,,,,,,,,,MZ-->VU,MZ-->VU,MZ-->VU,MZ-->VU,MZ-->VU,MZ-->VU,MZ-->VU,MZ-->VU,MZ-->VU,MZ-->VU,MZ-->VU,MZ-->VU,MZ-->VU,MZ-->VU,MZ-->VU,MZ-->VU,MZ-->VU,MZ-->VU,MZ-->VU
VE,VEN,Venezuela,Caracas,Americas,South America,,VE-->MZ,VE-->MZ,VE-->MZ,VE-->MZ,VE-->MZ,VE-->MZ,VE-->MZ,VE-->MZ,VE-->MZ,VE-->MZ,VE-->MZ,VE-->MZ,VE-->MZ,VE-->MZ,VE-->MZ,VE-->MZ,VE-->MZ,VE-->MZ,VE-->MZ,,,,,,,,,,,,,,,,,MZ-->VE,MZ-->VE,MZ-->VE,MZ-->VE,MZ-->VE,MZ-->VE,MZ-->VE,MZ-->VE,MZ-->VE,MZ-->VE,MZ-->VE,MZ-->VE,MZ-->VE,MZ-->VE,MZ-->VE,MZ-->VE,MZ-->VE,MZ-->VE,MZ-->VE
VN,VNM,Vietnam,Hanoi,Asia,South-Eastern Asia,,VN-->MZ,VN-->MZ,VN-->MZ,VN-->MZ,VN-->MZ,VN-->MZ,VN-->MZ,VN-->MZ,VN-->MZ,VN-->MZ,VN-->MZ,VN-->MZ,VN-->MZ,VN-->MZ,VN-->MZ,VN-->MZ,VN-->MZ,VN-->MZ,VN-->MZ,,,,,,,,,,,,,,,,,MZ-->VN,MZ-->VN,MZ-->VN,MZ-->VN,MZ-->VN,MZ-->VN,MZ-->VN,MZ-->VN,MZ-->VN,MZ-->VN,MZ-->VN,MZ-->VN,MZ-->VN,MZ-->VN,MZ-->VN,MZ-->VN,MZ-->VN,MZ-->VN,MZ-->VN
WF,WLF,Wallis and Futuna,Mata-Utu,Oceania,Polynesia,,WF-->MZ,WF-->MZ,WF-->MZ,WF-->MZ,WF-->MZ,WF-->MZ,WF-->MZ,WF-->MZ,WF-->MZ,WF-->MZ,WF-->MZ,WF-->MZ,WF-->MZ,WF-->MZ,WF-->MZ,WF-->MZ,WF-->MZ,WF-->MZ,WF-->MZ,,,,,,,,,,,,,,,,,MZ-->WF,MZ-->WF,MZ-->WF,MZ-->WF,MZ-->WF,MZ-->WF,MZ-->WF,MZ-->WF,MZ-->WF,MZ-->WF,MZ-->WF,MZ-->WF,MZ-->WF,MZ-->WF,MZ-->WF,MZ-->WF,MZ-->WF,MZ-->WF,MZ-->WF
EH,ESH,Western Sahara,El Aaiún,Africa,Northern Africa,,EH-->MZ,EH-->MZ,EH-->MZ,EH-->MZ,EH-->MZ,EH-->MZ,EH-->MZ,EH-->MZ,EH-->MZ,EH-->MZ,EH-->MZ,EH-->MZ,EH-->MZ,EH-->MZ,EH-->MZ,EH-->MZ,EH-->MZ,EH-->MZ,EH-->MZ,,,,,,,,,,,,,,,,,MZ-->EH,MZ-->EH,MZ-->EH,MZ-->EH,MZ-->EH,MZ-->EH,MZ-->EH,MZ-->EH,MZ-->EH,MZ-->EH,MZ-->EH,MZ-->EH,MZ-->EH,MZ-->EH,MZ-->EH,MZ-->EH,MZ-->EH,MZ-->EH,MZ-->EH
YE,YEM,Yemen,Sana'a,Asia,Western Asia,,YE-->MZ,YE-->MZ,YE-->MZ,YE-->MZ,YE-->MZ,YE-->MZ,YE-->MZ,YE-->MZ,YE-->MZ,YE-->MZ,YE-->MZ,YE-->MZ,YE-->MZ,YE-->MZ,YE-->MZ,YE-->MZ,YE-->MZ,YE-->MZ,YE-->MZ,,,,,,,,,,,,,,,,,MZ-->YE,MZ-->YE,MZ-->YE,MZ-->YE,MZ-->YE,MZ-->YE,MZ-->YE,MZ-->YE,MZ-->YE,MZ-->YE,MZ-->YE,MZ-->YE,MZ-->YE,MZ-->YE,MZ-->YE,MZ-->YE,MZ-->YE,MZ-->YE,MZ-->YE
ZM,ZMB,Zambia,Lusaka,Africa,Eastern Africa,,ZM-->MZ,ZM-->MZ,ZM-->MZ,ZM-->MZ,ZM-->MZ,ZM-->MZ,ZM-->MZ,ZM-->MZ,ZM-->MZ,ZM-->MZ,ZM-->MZ,ZM-->MZ,ZM-->MZ,ZM-->MZ,ZM-->MZ,ZM-->MZ,ZM-->MZ,ZM-->MZ,ZM-->MZ,,,,,,,,,,,,,,,,,MZ-->ZM,MZ-->ZM,MZ-->ZM,MZ-->ZM,MZ-->ZM,MZ-->ZM,MZ-->ZM,MZ-->ZM,MZ-->ZM,MZ-->ZM,MZ-->ZM,MZ-->ZM,MZ-->ZM,MZ-->ZM,MZ-->ZM,MZ-->ZM,MZ-->ZM,MZ-->ZM,MZ-->ZM
ZW,ZWE,Zimbabwe,Harare,Africa,Eastern Africa,,ZW-->MZ,ZW-->MZ,ZW-->MZ,ZW-->MZ,ZW-->MZ,ZW-->MZ,ZW-->MZ,ZW-->MZ,ZW-->MZ,ZW-->MZ,ZW-->MZ,ZW-->MZ,ZW-->MZ,ZW-->MZ,ZW-->MZ,ZW-->MZ,ZW-->MZ,ZW-->MZ,ZW-->MZ,,,,,,,,,,,,,,,,,MZ-->ZW,MZ-->ZW,MZ-->ZW,MZ-->ZW,MZ-->ZW,MZ-->ZW,MZ-->ZW,MZ-->ZW,MZ-->ZW,MZ-->ZW,MZ-->ZW,MZ-->ZW,MZ-->ZW,MZ-->ZW,MZ-->ZW,MZ-->ZW,MZ-->ZW,MZ-->ZW,MZ-->ZW
