nu,code,name,capital,region,subregion,Unnamed: 6,quara/into/where/e,quara/into/where/v,quara/into/where/uv,quara/into/min/e,quara/into/min/v,quara/into/min/uv,quara/into/max/e,quara/into/max/v,quara/into/max/uv,quara/into/comment,test/into/pcr/e,test/into/pcr/v,test/into/pcr/uv,test/into/ag/e,test/into/ag/v,test/into/ag/uv,test/into/comment,visa/into,visa/into/comment,loadStates/into,Unnamed: 27,Unnamed: 28,Unnamed: 29,Unnamed: 30,Unnamed: 31,Unnamed: 32,Unnamed: 33,Unnamed: 34,Unnamed: 35,Unnamed: 36,Unnamed: 37,Unnamed: 38,Unnamed: 39,Unnamed: 40,Unnamed: 41,quara/out/where/e,quara/out/where/v,quara/out/where/uv,quara/out/min/e,quara/out/min/v,quara/out/min/uv,quara/out/max/e,quara/out/max/v,quara/out/max/uv,quara/out/comment,test/out/pcr/e,test/out/pcr/v,test/out/pcr/uv,test/out/ag/e,test/out/ag/v,test/out/ag/uv,test/out/comment,visa/out,visa/out/comment
AF,AFG,Afghanistan,Kabul,Asia,Southern Asia,,AF-->UA,AF-->UA,AF-->UA,AF-->UA,AF-->UA,AF-->UA,AF-->UA,AF-->UA,AF-->UA,AF-->UA,AF-->UA,AF-->UA,AF-->UA,AF-->UA,AF-->UA,AF-->UA,AF-->UA,AF-->UA,AF-->UA,,,,,,,,,,,,,,,,,UA-->AF,UA-->AF,UA-->AF,UA-->AF,UA-->AF,UA-->AF,UA-->AF,UA-->AF,UA-->AF,UA-->AF,UA-->AF,UA-->AF,UA-->AF,UA-->AF,UA-->AF,UA-->AF,UA-->AF,UA-->AF,UA-->AF
AX,ALA,Åland Islands,Mariehamn,Europe,Northern Europe,,AX-->UA,AX-->UA,AX-->UA,AX-->UA,AX-->UA,AX-->UA,AX-->UA,AX-->UA,AX-->UA,AX-->UA,AX-->UA,AX-->UA,AX-->UA,AX-->UA,AX-->UA,AX-->UA,AX-->UA,AX-->UA,AX-->UA,,,,,,,,,,,,,,,,,UA-->AX,UA-->AX,UA-->AX,UA-->AX,UA-->AX,UA-->AX,UA-->AX,UA-->AX,UA-->AX,UA-->AX,UA-->AX,UA-->AX,UA-->AX,UA-->AX,UA-->AX,UA-->AX,UA-->AX,UA-->AX,UA-->AX
AL,ALB,Albania,Tirana,Europe,Southern Europe,,AL-->UA,AL-->UA,AL-->UA,AL-->UA,AL-->UA,AL-->UA,AL-->UA,AL-->UA,AL-->UA,AL-->UA,AL-->UA,AL-->UA,AL-->UA,AL-->UA,AL-->UA,AL-->UA,AL-->UA,AL-->UA,AL-->UA,,,,,,,,,,,,,,,,,UA-->AL,UA-->AL,UA-->AL,UA-->AL,UA-->AL,UA-->AL,UA-->AL,UA-->AL,UA-->AL,UA-->AL,UA-->AL,UA-->AL,UA-->AL,UA-->AL,UA-->AL,UA-->AL,UA-->AL,UA-->AL,UA-->AL
DZ,DZA,Algeria,Algiers,Africa,Northern Africa,,DZ-->UA,DZ-->UA,DZ-->UA,DZ-->UA,DZ-->UA,DZ-->UA,DZ-->UA,DZ-->UA,DZ-->UA,DZ-->UA,DZ-->UA,DZ-->UA,DZ-->UA,DZ-->UA,DZ-->UA,DZ-->UA,DZ-->UA,DZ-->UA,DZ-->UA,,,,,,,,,,,,,,,,,UA-->DZ,UA-->DZ,UA-->DZ,UA-->DZ,UA-->DZ,UA-->DZ,UA-->DZ,UA-->DZ,UA-->DZ,UA-->DZ,UA-->DZ,UA-->DZ,UA-->DZ,UA-->DZ,UA-->DZ,UA-->DZ,UA-->DZ,UA-->DZ,UA-->DZ
AS,ASM,American Samoa,Pago Pago,Oceania,Polynesia,,AS-->UA,AS-->UA,AS-->UA,AS-->UA,AS-->UA,AS-->UA,AS-->UA,AS-->UA,AS-->UA,AS-->UA,AS-->UA,AS-->UA,AS-->UA,AS-->UA,AS-->UA,AS-->UA,AS-->UA,AS-->UA,AS-->UA,,,,,,,,,,,,,,,,,UA-->AS,UA-->AS,UA-->AS,UA-->AS,UA-->AS,UA-->AS,UA-->AS,UA-->AS,UA-->AS,UA-->AS,UA-->AS,UA-->AS,UA-->AS,UA-->AS,UA-->AS,UA-->AS,UA-->AS,UA-->AS,UA-->AS
AD,AND,Andorra,Andorra la Vella,Europe,Southern Europe,,AD-->UA,AD-->UA,AD-->UA,AD-->UA,AD-->UA,AD-->UA,AD-->UA,AD-->UA,AD-->UA,AD-->UA,AD-->UA,AD-->UA,AD-->UA,AD-->UA,AD-->UA,AD-->UA,AD-->UA,AD-->UA,AD-->UA,,,,,,,,,,,,,,,,,UA-->AD,UA-->AD,UA-->AD,UA-->AD,UA-->AD,UA-->AD,UA-->AD,UA-->AD,UA-->AD,UA-->AD,UA-->AD,UA-->AD,UA-->AD,UA-->AD,UA-->AD,UA-->AD,UA-->AD,UA-->AD,UA-->AD
AO,AGO,Angola,Luanda,Africa,Middle Africa,,AO-->UA,AO-->UA,AO-->UA,AO-->UA,AO-->UA,AO-->UA,AO-->UA,AO-->UA,AO-->UA,AO-->UA,AO-->UA,AO-->UA,AO-->UA,AO-->UA,AO-->UA,AO-->UA,AO-->UA,AO-->UA,AO-->UA,,,,,,,,,,,,,,,,,UA-->AO,UA-->AO,UA-->AO,UA-->AO,UA-->AO,UA-->AO,UA-->AO,UA-->AO,UA-->AO,UA-->AO,UA-->AO,UA-->AO,UA-->AO,UA-->AO,UA-->AO,UA-->AO,UA-->AO,UA-->AO,UA-->AO
AI,AIA,Anguilla,The Valley,Americas,Caribbean,,AI-->UA,AI-->UA,AI-->UA,AI-->UA,AI-->UA,AI-->UA,AI-->UA,AI-->UA,AI-->UA,AI-->UA,AI-->UA,AI-->UA,AI-->UA,AI-->UA,AI-->UA,AI-->UA,AI-->UA,AI-->UA,AI-->UA,,,,,,,,,,,,,,,,,UA-->AI,UA-->AI,UA-->AI,UA-->AI,UA-->AI,UA-->AI,UA-->AI,UA-->AI,UA-->AI,UA-->AI,UA-->AI,UA-->AI,UA-->AI,UA-->AI,UA-->AI,UA-->AI,UA-->AI,UA-->AI,UA-->AI
AQ,ATA,Antarctica,,Polar,,,AQ-->UA,AQ-->UA,AQ-->UA,AQ-->UA,AQ-->UA,AQ-->UA,AQ-->UA,AQ-->UA,AQ-->UA,AQ-->UA,AQ-->UA,AQ-->UA,AQ-->UA,AQ-->UA,AQ-->UA,AQ-->UA,AQ-->UA,AQ-->UA,AQ-->UA,,,,,,,,,,,,,,,,,UA-->AQ,UA-->AQ,UA-->AQ,UA-->AQ,UA-->AQ,UA-->AQ,UA-->AQ,UA-->AQ,UA-->AQ,UA-->AQ,UA-->AQ,UA-->AQ,UA-->AQ,UA-->AQ,UA-->AQ,UA-->AQ,UA-->AQ,UA-->AQ,UA-->AQ
AG,ATG,Antigua and Barbuda,Saint John's,Americas,Caribbean,,AG-->UA,AG-->UA,AG-->UA,AG-->UA,AG-->UA,AG-->UA,AG-->UA,AG-->UA,AG-->UA,AG-->UA,AG-->UA,AG-->UA,AG-->UA,AG-->UA,AG-->UA,AG-->UA,AG-->UA,AG-->UA,AG-->UA,,,,,,,,,,,,,,,,,UA-->AG,UA-->AG,UA-->AG,UA-->AG,UA-->AG,UA-->AG,UA-->AG,UA-->AG,UA-->AG,UA-->AG,UA-->AG,UA-->AG,UA-->AG,UA-->AG,UA-->AG,UA-->AG,UA-->AG,UA-->AG,UA-->AG
AR,ARG,Argentina,Buenos Aires,Americas,South America,,AR-->UA,AR-->UA,AR-->UA,AR-->UA,AR-->UA,AR-->UA,AR-->UA,AR-->UA,AR-->UA,AR-->UA,AR-->UA,AR-->UA,AR-->UA,AR-->UA,AR-->UA,AR-->UA,AR-->UA,AR-->UA,AR-->UA,,,,,,,,,,,,,,,,,UA-->AR,UA-->AR,UA-->AR,UA-->AR,UA-->AR,UA-->AR,UA-->AR,UA-->AR,UA-->AR,UA-->AR,UA-->AR,UA-->AR,UA-->AR,UA-->AR,UA-->AR,UA-->AR,UA-->AR,UA-->AR,UA-->AR
AM,ARM,Armenia,Yerevan,Asia,Western Asia,,AM-->UA,AM-->UA,AM-->UA,AM-->UA,AM-->UA,AM-->UA,AM-->UA,AM-->UA,AM-->UA,AM-->UA,AM-->UA,AM-->UA,AM-->UA,AM-->UA,AM-->UA,AM-->UA,AM-->UA,AM-->UA,AM-->UA,,,,,,,,,,,,,,,,,UA-->AM,UA-->AM,UA-->AM,UA-->AM,UA-->AM,UA-->AM,UA-->AM,UA-->AM,UA-->AM,UA-->AM,UA-->AM,UA-->AM,UA-->AM,UA-->AM,UA-->AM,UA-->AM,UA-->AM,UA-->AM,UA-->AM
AW,ABW,Aruba,Oranjestad,Americas,Caribbean,,AW-->UA,AW-->UA,AW-->UA,AW-->UA,AW-->UA,AW-->UA,AW-->UA,AW-->UA,AW-->UA,AW-->UA,AW-->UA,AW-->UA,AW-->UA,AW-->UA,AW-->UA,AW-->UA,AW-->UA,AW-->UA,AW-->UA,,,,,,,,,,,,,,,,,UA-->AW,UA-->AW,UA-->AW,UA-->AW,UA-->AW,UA-->AW,UA-->AW,UA-->AW,UA-->AW,UA-->AW,UA-->AW,UA-->AW,UA-->AW,UA-->AW,UA-->AW,UA-->AW,UA-->AW,UA-->AW,UA-->AW
AU,AUS,Australia,Canberra,Oceania,Australia and New Zealand,,AU-->UA,AU-->UA,AU-->UA,AU-->UA,AU-->UA,AU-->UA,AU-->UA,AU-->UA,AU-->UA,AU-->UA,AU-->UA,AU-->UA,AU-->UA,AU-->UA,AU-->UA,AU-->UA,AU-->UA,AU-->UA,AU-->UA,,,,,,,,,,,,,,,,,UA-->AU,UA-->AU,UA-->AU,UA-->AU,UA-->AU,UA-->AU,UA-->AU,UA-->AU,UA-->AU,UA-->AU,UA-->AU,UA-->AU,UA-->AU,UA-->AU,UA-->AU,UA-->AU,UA-->AU,UA-->AU,UA-->AU
AT,AUT,Austria,Vienna,Europe,Western Europe,,AT-->UA,AT-->UA,AT-->UA,AT-->UA,AT-->UA,AT-->UA,AT-->UA,AT-->UA,AT-->UA,AT-->UA,AT-->UA,AT-->UA,AT-->UA,AT-->UA,AT-->UA,AT-->UA,AT-->UA,AT-->UA,AT-->UA,,,,,,,,,,,,,,,,,UA-->AT,UA-->AT,UA-->AT,UA-->AT,UA-->AT,UA-->AT,UA-->AT,UA-->AT,UA-->AT,UA-->AT,UA-->AT,UA-->AT,UA-->AT,UA-->AT,UA-->AT,UA-->AT,UA-->AT,UA-->AT,UA-->AT
AZ,AZE,Azerbaijan,Baku,Asia,Western Asia,,AZ-->UA,AZ-->UA,AZ-->UA,AZ-->UA,AZ-->UA,AZ-->UA,AZ-->UA,AZ-->UA,AZ-->UA,AZ-->UA,AZ-->UA,AZ-->UA,AZ-->UA,AZ-->UA,AZ-->UA,AZ-->UA,AZ-->UA,AZ-->UA,AZ-->UA,,,,,,,,,,,,,,,,,UA-->AZ,UA-->AZ,UA-->AZ,UA-->AZ,UA-->AZ,UA-->AZ,UA-->AZ,UA-->AZ,UA-->AZ,UA-->AZ,UA-->AZ,UA-->AZ,UA-->AZ,UA-->AZ,UA-->AZ,UA-->AZ,UA-->AZ,UA-->AZ,UA-->AZ
BS,BHS,The Bahamas,Nassau,Americas,Caribbean,,BS-->UA,BS-->UA,BS-->UA,BS-->UA,BS-->UA,BS-->UA,BS-->UA,BS-->UA,BS-->UA,BS-->UA,BS-->UA,BS-->UA,BS-->UA,BS-->UA,BS-->UA,BS-->UA,BS-->UA,BS-->UA,BS-->UA,,,,,,,,,,,,,,,,,UA-->BS,UA-->BS,UA-->BS,UA-->BS,UA-->BS,UA-->BS,UA-->BS,UA-->BS,UA-->BS,UA-->BS,UA-->BS,UA-->BS,UA-->BS,UA-->BS,UA-->BS,UA-->BS,UA-->BS,UA-->BS,UA-->BS
BH,BHR,Bahrain,Manama,Asia,Western Asia,,BH-->UA,BH-->UA,BH-->UA,BH-->UA,BH-->UA,BH-->UA,BH-->UA,BH-->UA,BH-->UA,BH-->UA,BH-->UA,BH-->UA,BH-->UA,BH-->UA,BH-->UA,BH-->UA,BH-->UA,BH-->UA,BH-->UA,,,,,,,,,,,,,,,,,UA-->BH,UA-->BH,UA-->BH,UA-->BH,UA-->BH,UA-->BH,UA-->BH,UA-->BH,UA-->BH,UA-->BH,UA-->BH,UA-->BH,UA-->BH,UA-->BH,UA-->BH,UA-->BH,UA-->BH,UA-->BH,UA-->BH
BD,BGD,Bangladesh,Dhaka,Asia,Southern Asia,,BD-->UA,BD-->UA,BD-->UA,BD-->UA,BD-->UA,BD-->UA,BD-->UA,BD-->UA,BD-->UA,BD-->UA,BD-->UA,BD-->UA,BD-->UA,BD-->UA,BD-->UA,BD-->UA,BD-->UA,BD-->UA,BD-->UA,,,,,,,,,,,,,,,,,UA-->BD,UA-->BD,UA-->BD,UA-->BD,UA-->BD,UA-->BD,UA-->BD,UA-->BD,UA-->BD,UA-->BD,UA-->BD,UA-->BD,UA-->BD,UA-->BD,UA-->BD,UA-->BD,UA-->BD,UA-->BD,UA-->BD
BB,BRB,Barbados,Bridgetown,Americas,Caribbean,,BB-->UA,BB-->UA,BB-->UA,BB-->UA,BB-->UA,BB-->UA,BB-->UA,BB-->UA,BB-->UA,BB-->UA,BB-->UA,BB-->UA,BB-->UA,BB-->UA,BB-->UA,BB-->UA,BB-->UA,BB-->UA,BB-->UA,,,,,,,,,,,,,,,,,UA-->BB,UA-->BB,UA-->BB,UA-->BB,UA-->BB,UA-->BB,UA-->BB,UA-->BB,UA-->BB,UA-->BB,UA-->BB,UA-->BB,UA-->BB,UA-->BB,UA-->BB,UA-->BB,UA-->BB,UA-->BB,UA-->BB
BY,BLR,Belarus,Minsk,Europe,Eastern Europe,,BY-->UA,BY-->UA,BY-->UA,BY-->UA,BY-->UA,BY-->UA,BY-->UA,BY-->UA,BY-->UA,BY-->UA,BY-->UA,BY-->UA,BY-->UA,BY-->UA,BY-->UA,BY-->UA,BY-->UA,BY-->UA,BY-->UA,,,,,,,,,,,,,,,,,UA-->BY,UA-->BY,UA-->BY,UA-->BY,UA-->BY,UA-->BY,UA-->BY,UA-->BY,UA-->BY,UA-->BY,UA-->BY,UA-->BY,UA-->BY,UA-->BY,UA-->BY,UA-->BY,UA-->BY,UA-->BY,UA-->BY
BE,BEL,Belgium,Brussels,Europe,Western Europe,,BE-->UA,BE-->UA,BE-->UA,BE-->UA,BE-->UA,BE-->UA,BE-->UA,BE-->UA,BE-->UA,BE-->UA,BE-->UA,BE-->UA,BE-->UA,BE-->UA,BE-->UA,BE-->UA,BE-->UA,BE-->UA,BE-->UA,,,,,,,,,,,,,,,,,UA-->BE,UA-->BE,UA-->BE,UA-->BE,UA-->BE,UA-->BE,UA-->BE,UA-->BE,UA-->BE,UA-->BE,UA-->BE,UA-->BE,UA-->BE,UA-->BE,UA-->BE,UA-->BE,UA-->BE,UA-->BE,UA-->BE
BZ,BLZ,Belize,Belmopan,Americas,Central America,,BZ-->UA,BZ-->UA,BZ-->UA,BZ-->UA,BZ-->UA,BZ-->UA,BZ-->UA,BZ-->UA,BZ-->UA,BZ-->UA,BZ-->UA,BZ-->UA,BZ-->UA,BZ-->UA,BZ-->UA,BZ-->UA,BZ-->UA,BZ-->UA,BZ-->UA,,,,,,,,,,,,,,,,,UA-->BZ,UA-->BZ,UA-->BZ,UA-->BZ,UA-->BZ,UA-->BZ,UA-->BZ,UA-->BZ,UA-->BZ,UA-->BZ,UA-->BZ,UA-->BZ,UA-->BZ,UA-->BZ,UA-->BZ,UA-->BZ,UA-->BZ,UA-->BZ,UA-->BZ
BJ,BEN,Benin,Porto-Novo,Africa,Western Africa,,BJ-->UA,BJ-->UA,BJ-->UA,BJ-->UA,BJ-->UA,BJ-->UA,BJ-->UA,BJ-->UA,BJ-->UA,BJ-->UA,BJ-->UA,BJ-->UA,BJ-->UA,BJ-->UA,BJ-->UA,BJ-->UA,BJ-->UA,BJ-->UA,BJ-->UA,,,,,,,,,,,,,,,,,UA-->BJ,UA-->BJ,UA-->BJ,UA-->BJ,UA-->BJ,UA-->BJ,UA-->BJ,UA-->BJ,UA-->BJ,UA-->BJ,UA-->BJ,UA-->BJ,UA-->BJ,UA-->BJ,UA-->BJ,UA-->BJ,UA-->BJ,UA-->BJ,UA-->BJ
BM,BMU,Bermuda,Hamilton,Americas,Northern America,,BM-->UA,BM-->UA,BM-->UA,BM-->UA,BM-->UA,BM-->UA,BM-->UA,BM-->UA,BM-->UA,BM-->UA,BM-->UA,BM-->UA,BM-->UA,BM-->UA,BM-->UA,BM-->UA,BM-->UA,BM-->UA,BM-->UA,,,,,,,,,,,,,,,,,UA-->BM,UA-->BM,UA-->BM,UA-->BM,UA-->BM,UA-->BM,UA-->BM,UA-->BM,UA-->BM,UA-->BM,UA-->BM,UA-->BM,UA-->BM,UA-->BM,UA-->BM,UA-->BM,UA-->BM,UA-->BM,UA-->BM
BT,BTN,Bhutan,Thimphu,Asia,Southern Asia,,BT-->UA,BT-->UA,BT-->UA,BT-->UA,BT-->UA,BT-->UA,BT-->UA,BT-->UA,BT-->UA,BT-->UA,BT-->UA,BT-->UA,BT-->UA,BT-->UA,BT-->UA,BT-->UA,BT-->UA,BT-->UA,BT-->UA,,,,,,,,,,,,,,,,,UA-->BT,UA-->BT,UA-->BT,UA-->BT,UA-->BT,UA-->BT,UA-->BT,UA-->BT,UA-->BT,UA-->BT,UA-->BT,UA-->BT,UA-->BT,UA-->BT,UA-->BT,UA-->BT,UA-->BT,UA-->BT,UA-->BT
BO,BOL,Bolivia,Sucre,Americas,South America,,BO-->UA,BO-->UA,BO-->UA,BO-->UA,BO-->UA,BO-->UA,BO-->UA,BO-->UA,BO-->UA,BO-->UA,BO-->UA,BO-->UA,BO-->UA,BO-->UA,BO-->UA,BO-->UA,BO-->UA,BO-->UA,BO-->UA,,,,,,,,,,,,,,,,,UA-->BO,UA-->BO,UA-->BO,UA-->BO,UA-->BO,UA-->BO,UA-->BO,UA-->BO,UA-->BO,UA-->BO,UA-->BO,UA-->BO,UA-->BO,UA-->BO,UA-->BO,UA-->BO,UA-->BO,UA-->BO,UA-->BO
BQ,BES,Bonaire,Kralendijk,Americas,Caribbean,,BQ-->UA,BQ-->UA,BQ-->UA,BQ-->UA,BQ-->UA,BQ-->UA,BQ-->UA,BQ-->UA,BQ-->UA,BQ-->UA,BQ-->UA,BQ-->UA,BQ-->UA,BQ-->UA,BQ-->UA,BQ-->UA,BQ-->UA,BQ-->UA,BQ-->UA,,,,,,,,,,,,,,,,,UA-->BQ,UA-->BQ,UA-->BQ,UA-->BQ,UA-->BQ,UA-->BQ,UA-->BQ,UA-->BQ,UA-->BQ,UA-->BQ,UA-->BQ,UA-->BQ,UA-->BQ,UA-->BQ,UA-->BQ,UA-->BQ,UA-->BQ,UA-->BQ,UA-->BQ
BA,BIH,Bosnia and Herzegovina,Sarajevo,Europe,Southern Europe,,BA-->UA,BA-->UA,BA-->UA,BA-->UA,BA-->UA,BA-->UA,BA-->UA,BA-->UA,BA-->UA,BA-->UA,BA-->UA,BA-->UA,BA-->UA,BA-->UA,BA-->UA,BA-->UA,BA-->UA,BA-->UA,BA-->UA,,,,,,,,,,,,,,,,,UA-->BA,UA-->BA,UA-->BA,UA-->BA,UA-->BA,UA-->BA,UA-->BA,UA-->BA,UA-->BA,UA-->BA,UA-->BA,UA-->BA,UA-->BA,UA-->BA,UA-->BA,UA-->BA,UA-->BA,UA-->BA,UA-->BA
BW,BWA,Botswana,Gaborone,Africa,Southern Africa,,BW-->UA,BW-->UA,BW-->UA,BW-->UA,BW-->UA,BW-->UA,BW-->UA,BW-->UA,BW-->UA,BW-->UA,BW-->UA,BW-->UA,BW-->UA,BW-->UA,BW-->UA,BW-->UA,BW-->UA,BW-->UA,BW-->UA,,,,,,,,,,,,,,,,,UA-->BW,UA-->BW,UA-->BW,UA-->BW,UA-->BW,UA-->BW,UA-->BW,UA-->BW,UA-->BW,UA-->BW,UA-->BW,UA-->BW,UA-->BW,UA-->BW,UA-->BW,UA-->BW,UA-->BW,UA-->BW,UA-->BW
BV,BVT,Bouvet Island,,,,,BV-->UA,BV-->UA,BV-->UA,BV-->UA,BV-->UA,BV-->UA,BV-->UA,BV-->UA,BV-->UA,BV-->UA,BV-->UA,BV-->UA,BV-->UA,BV-->UA,BV-->UA,BV-->UA,BV-->UA,BV-->UA,BV-->UA,,,,,,,,,,,,,,,,,UA-->BV,UA-->BV,UA-->BV,UA-->BV,UA-->BV,UA-->BV,UA-->BV,UA-->BV,UA-->BV,UA-->BV,UA-->BV,UA-->BV,UA-->BV,UA-->BV,UA-->BV,UA-->BV,UA-->BV,UA-->BV,UA-->BV
BR,BRA,Brazil,Brasília,Americas,South America,,BR-->UA,BR-->UA,BR-->UA,BR-->UA,BR-->UA,BR-->UA,BR-->UA,BR-->UA,BR-->UA,BR-->UA,BR-->UA,BR-->UA,BR-->UA,BR-->UA,BR-->UA,BR-->UA,BR-->UA,BR-->UA,BR-->UA,,,,,,,,,,,,,,,,,UA-->BR,UA-->BR,UA-->BR,UA-->BR,UA-->BR,UA-->BR,UA-->BR,UA-->BR,UA-->BR,UA-->BR,UA-->BR,UA-->BR,UA-->BR,UA-->BR,UA-->BR,UA-->BR,UA-->BR,UA-->BR,UA-->BR
IO,IOT,British Indian Ocean Territory,Diego Garcia,Africa,Eastern Africa,,IO-->UA,IO-->UA,IO-->UA,IO-->UA,IO-->UA,IO-->UA,IO-->UA,IO-->UA,IO-->UA,IO-->UA,IO-->UA,IO-->UA,IO-->UA,IO-->UA,IO-->UA,IO-->UA,IO-->UA,IO-->UA,IO-->UA,,,,,,,,,,,,,,,,,UA-->IO,UA-->IO,UA-->IO,UA-->IO,UA-->IO,UA-->IO,UA-->IO,UA-->IO,UA-->IO,UA-->IO,UA-->IO,UA-->IO,UA-->IO,UA-->IO,UA-->IO,UA-->IO,UA-->IO,UA-->IO,UA-->IO
UM,UMI,United States Minor Outlying Islands,,Americas,Northern America,,UM-->UA,UM-->UA,UM-->UA,UM-->UA,UM-->UA,UM-->UA,UM-->UA,UM-->UA,UM-->UA,UM-->UA,UM-->UA,UM-->UA,UM-->UA,UM-->UA,UM-->UA,UM-->UA,UM-->UA,UM-->UA,UM-->UA,,,,,,,,,,,,,,,,,UA-->UM,UA-->UM,UA-->UM,UA-->UM,UA-->UM,UA-->UM,UA-->UM,UA-->UM,UA-->UM,UA-->UM,UA-->UM,UA-->UM,UA-->UM,UA-->UM,UA-->UM,UA-->UM,UA-->UM,UA-->UM,UA-->UM
VG,VGB,Virgin Islands (British),Road Town,Americas,Caribbean,,VG-->UA,VG-->UA,VG-->UA,VG-->UA,VG-->UA,VG-->UA,VG-->UA,VG-->UA,VG-->UA,VG-->UA,VG-->UA,VG-->UA,VG-->UA,VG-->UA,VG-->UA,VG-->UA,VG-->UA,VG-->UA,VG-->UA,,,,,,,,,,,,,,,,,UA-->VG,UA-->VG,UA-->VG,UA-->VG,UA-->VG,UA-->VG,UA-->VG,UA-->VG,UA-->VG,UA-->VG,UA-->VG,UA-->VG,UA-->VG,UA-->VG,UA-->VG,UA-->VG,UA-->VG,UA-->VG,UA-->VG
VI,VIR,Virgin Islands (U.S.),Charlotte Amalie,Americas,Caribbean,,VI-->UA,VI-->UA,VI-->UA,VI-->UA,VI-->UA,VI-->UA,VI-->UA,VI-->UA,VI-->UA,VI-->UA,VI-->UA,VI-->UA,VI-->UA,VI-->UA,VI-->UA,VI-->UA,VI-->UA,VI-->UA,VI-->UA,,,,,,,,,,,,,,,,,UA-->VI,UA-->VI,UA-->VI,UA-->VI,UA-->VI,UA-->VI,UA-->VI,UA-->VI,UA-->VI,UA-->VI,UA-->VI,UA-->VI,UA-->VI,UA-->VI,UA-->VI,UA-->VI,UA-->VI,UA-->VI,UA-->VI
BN,BRN,Brunei,Bandar Seri Begawan,Asia,South-Eastern Asia,,BN-->UA,BN-->UA,BN-->UA,BN-->UA,BN-->UA,BN-->UA,BN-->UA,BN-->UA,BN-->UA,BN-->UA,BN-->UA,BN-->UA,BN-->UA,BN-->UA,BN-->UA,BN-->UA,BN-->UA,BN-->UA,BN-->UA,,,,,,,,,,,,,,,,,UA-->BN,UA-->BN,UA-->BN,UA-->BN,UA-->BN,UA-->BN,UA-->BN,UA-->BN,UA-->BN,UA-->BN,UA-->BN,UA-->BN,UA-->BN,UA-->BN,UA-->BN,UA-->BN,UA-->BN,UA-->BN,UA-->BN
BG,BGR,Bulgaria,Sofia,Europe,Eastern Europe,,BG-->UA,BG-->UA,BG-->UA,BG-->UA,BG-->UA,BG-->UA,BG-->UA,BG-->UA,BG-->UA,BG-->UA,BG-->UA,BG-->UA,BG-->UA,BG-->UA,BG-->UA,BG-->UA,BG-->UA,BG-->UA,BG-->UA,,,,,,,,,,,,,,,,,UA-->BG,UA-->BG,UA-->BG,UA-->BG,UA-->BG,UA-->BG,UA-->BG,UA-->BG,UA-->BG,UA-->BG,UA-->BG,UA-->BG,UA-->BG,UA-->BG,UA-->BG,UA-->BG,UA-->BG,UA-->BG,UA-->BG
BF,BFA,Burkina Faso,Ouagadougou,Africa,Western Africa,,BF-->UA,BF-->UA,BF-->UA,BF-->UA,BF-->UA,BF-->UA,BF-->UA,BF-->UA,BF-->UA,BF-->UA,BF-->UA,BF-->UA,BF-->UA,BF-->UA,BF-->UA,BF-->UA,BF-->UA,BF-->UA,BF-->UA,,,,,,,,,,,,,,,,,UA-->BF,UA-->BF,UA-->BF,UA-->BF,UA-->BF,UA-->BF,UA-->BF,UA-->BF,UA-->BF,UA-->BF,UA-->BF,UA-->BF,UA-->BF,UA-->BF,UA-->BF,UA-->BF,UA-->BF,UA-->BF,UA-->BF
BI,BDI,Burundi,Bujumbura,Africa,Eastern Africa,,BI-->UA,BI-->UA,BI-->UA,BI-->UA,BI-->UA,BI-->UA,BI-->UA,BI-->UA,BI-->UA,BI-->UA,BI-->UA,BI-->UA,BI-->UA,BI-->UA,BI-->UA,BI-->UA,BI-->UA,BI-->UA,BI-->UA,,,,,,,,,,,,,,,,,UA-->BI,UA-->BI,UA-->BI,UA-->BI,UA-->BI,UA-->BI,UA-->BI,UA-->BI,UA-->BI,UA-->BI,UA-->BI,UA-->BI,UA-->BI,UA-->BI,UA-->BI,UA-->BI,UA-->BI,UA-->BI,UA-->BI
KH,KHM,Cambodia,Phnom Penh,Asia,South-Eastern Asia,,KH-->UA,KH-->UA,KH-->UA,KH-->UA,KH-->UA,KH-->UA,KH-->UA,KH-->UA,KH-->UA,KH-->UA,KH-->UA,KH-->UA,KH-->UA,KH-->UA,KH-->UA,KH-->UA,KH-->UA,KH-->UA,KH-->UA,,,,,,,,,,,,,,,,,UA-->KH,UA-->KH,UA-->KH,UA-->KH,UA-->KH,UA-->KH,UA-->KH,UA-->KH,UA-->KH,UA-->KH,UA-->KH,UA-->KH,UA-->KH,UA-->KH,UA-->KH,UA-->KH,UA-->KH,UA-->KH,UA-->KH
CM,CMR,Cameroon,Yaoundé,Africa,Middle Africa,,CM-->UA,CM-->UA,CM-->UA,CM-->UA,CM-->UA,CM-->UA,CM-->UA,CM-->UA,CM-->UA,CM-->UA,CM-->UA,CM-->UA,CM-->UA,CM-->UA,CM-->UA,CM-->UA,CM-->UA,CM-->UA,CM-->UA,,,,,,,,,,,,,,,,,UA-->CM,UA-->CM,UA-->CM,UA-->CM,UA-->CM,UA-->CM,UA-->CM,UA-->CM,UA-->CM,UA-->CM,UA-->CM,UA-->CM,UA-->CM,UA-->CM,UA-->CM,UA-->CM,UA-->CM,UA-->CM,UA-->CM
CA,CAN,Canada,Ottawa,Americas,Northern America,,CA-->UA,CA-->UA,CA-->UA,CA-->UA,CA-->UA,CA-->UA,CA-->UA,CA-->UA,CA-->UA,CA-->UA,CA-->UA,CA-->UA,CA-->UA,CA-->UA,CA-->UA,CA-->UA,CA-->UA,CA-->UA,CA-->UA,,,,,,,,,,,,,,,,,UA-->CA,UA-->CA,UA-->CA,UA-->CA,UA-->CA,UA-->CA,UA-->CA,UA-->CA,UA-->CA,UA-->CA,UA-->CA,UA-->CA,UA-->CA,UA-->CA,UA-->CA,UA-->CA,UA-->CA,UA-->CA,UA-->CA
CV,CPV,Cape Verde,Praia,Africa,Western Africa,,CV-->UA,CV-->UA,CV-->UA,CV-->UA,CV-->UA,CV-->UA,CV-->UA,CV-->UA,CV-->UA,CV-->UA,CV-->UA,CV-->UA,CV-->UA,CV-->UA,CV-->UA,CV-->UA,CV-->UA,CV-->UA,CV-->UA,,,,,,,,,,,,,,,,,UA-->CV,UA-->CV,UA-->CV,UA-->CV,UA-->CV,UA-->CV,UA-->CV,UA-->CV,UA-->CV,UA-->CV,UA-->CV,UA-->CV,UA-->CV,UA-->CV,UA-->CV,UA-->CV,UA-->CV,UA-->CV,UA-->CV
KY,CYM,Cayman Islands,George Town,Americas,Caribbean,,KY-->UA,KY-->UA,KY-->UA,KY-->UA,KY-->UA,KY-->UA,KY-->UA,KY-->UA,KY-->UA,KY-->UA,KY-->UA,KY-->UA,KY-->UA,KY-->UA,KY-->UA,KY-->UA,KY-->UA,KY-->UA,KY-->UA,,,,,,,,,,,,,,,,,UA-->KY,UA-->KY,UA-->KY,UA-->KY,UA-->KY,UA-->KY,UA-->KY,UA-->KY,UA-->KY,UA-->KY,UA-->KY,UA-->KY,UA-->KY,UA-->KY,UA-->KY,UA-->KY,UA-->KY,UA-->KY,UA-->KY
CF,CAF,Central African Republic,Bangui,Africa,Middle Africa,,CF-->UA,CF-->UA,CF-->UA,CF-->UA,CF-->UA,CF-->UA,CF-->UA,CF-->UA,CF-->UA,CF-->UA,CF-->UA,CF-->UA,CF-->UA,CF-->UA,CF-->UA,CF-->UA,CF-->UA,CF-->UA,CF-->UA,,,,,,,,,,,,,,,,,UA-->CF,UA-->CF,UA-->CF,UA-->CF,UA-->CF,UA-->CF,UA-->CF,UA-->CF,UA-->CF,UA-->CF,UA-->CF,UA-->CF,UA-->CF,UA-->CF,UA-->CF,UA-->CF,UA-->CF,UA-->CF,UA-->CF
TD,TCD,Chad,N'Djamena,Africa,Middle Africa,,TD-->UA,TD-->UA,TD-->UA,TD-->UA,TD-->UA,TD-->UA,TD-->UA,TD-->UA,TD-->UA,TD-->UA,TD-->UA,TD-->UA,TD-->UA,TD-->UA,TD-->UA,TD-->UA,TD-->UA,TD-->UA,TD-->UA,,,,,,,,,,,,,,,,,UA-->TD,UA-->TD,UA-->TD,UA-->TD,UA-->TD,UA-->TD,UA-->TD,UA-->TD,UA-->TD,UA-->TD,UA-->TD,UA-->TD,UA-->TD,UA-->TD,UA-->TD,UA-->TD,UA-->TD,UA-->TD,UA-->TD
CL,CHL,Chile,Santiago,Americas,South America,,CL-->UA,CL-->UA,CL-->UA,CL-->UA,CL-->UA,CL-->UA,CL-->UA,CL-->UA,CL-->UA,CL-->UA,CL-->UA,CL-->UA,CL-->UA,CL-->UA,CL-->UA,CL-->UA,CL-->UA,CL-->UA,CL-->UA,,,,,,,,,,,,,,,,,UA-->CL,UA-->CL,UA-->CL,UA-->CL,UA-->CL,UA-->CL,UA-->CL,UA-->CL,UA-->CL,UA-->CL,UA-->CL,UA-->CL,UA-->CL,UA-->CL,UA-->CL,UA-->CL,UA-->CL,UA-->CL,UA-->CL
CN,CHN,China,Beijing,Asia,Eastern Asia,,CN-->UA,CN-->UA,CN-->UA,CN-->UA,CN-->UA,CN-->UA,CN-->UA,CN-->UA,CN-->UA,CN-->UA,CN-->UA,CN-->UA,CN-->UA,CN-->UA,CN-->UA,CN-->UA,CN-->UA,CN-->UA,CN-->UA,,,,,,,,,,,,,,,,,UA-->CN,UA-->CN,UA-->CN,UA-->CN,UA-->CN,UA-->CN,UA-->CN,UA-->CN,UA-->CN,UA-->CN,UA-->CN,UA-->CN,UA-->CN,UA-->CN,UA-->CN,UA-->CN,UA-->CN,UA-->CN,UA-->CN
CX,CXR,Christmas Island,Flying Fish Cove,Oceania,Australia and New Zealand,,CX-->UA,CX-->UA,CX-->UA,CX-->UA,CX-->UA,CX-->UA,CX-->UA,CX-->UA,CX-->UA,CX-->UA,CX-->UA,CX-->UA,CX-->UA,CX-->UA,CX-->UA,CX-->UA,CX-->UA,CX-->UA,CX-->UA,,,,,,,,,,,,,,,,,UA-->CX,UA-->CX,UA-->CX,UA-->CX,UA-->CX,UA-->CX,UA-->CX,UA-->CX,UA-->CX,UA-->CX,UA-->CX,UA-->CX,UA-->CX,UA-->CX,UA-->CX,UA-->CX,UA-->CX,UA-->CX,UA-->CX
CC,CCK,Cocos (Keeling) Islands,West Island,Oceania,Australia and New Zealand,,CC-->UA,CC-->UA,CC-->UA,CC-->UA,CC-->UA,CC-->UA,CC-->UA,CC-->UA,CC-->UA,CC-->UA,CC-->UA,CC-->UA,CC-->UA,CC-->UA,CC-->UA,CC-->UA,CC-->UA,CC-->UA,CC-->UA,,,,,,,,,,,,,,,,,UA-->CC,UA-->CC,UA-->CC,UA-->CC,UA-->CC,UA-->CC,UA-->CC,UA-->CC,UA-->CC,UA-->CC,UA-->CC,UA-->CC,UA-->CC,UA-->CC,UA-->CC,UA-->CC,UA-->CC,UA-->CC,UA-->CC
CO,COL,Colombia,Bogotá,Americas,South America,,CO-->UA,CO-->UA,CO-->UA,CO-->UA,CO-->UA,CO-->UA,CO-->UA,CO-->UA,CO-->UA,CO-->UA,CO-->UA,CO-->UA,CO-->UA,CO-->UA,CO-->UA,CO-->UA,CO-->UA,CO-->UA,CO-->UA,,,,,,,,,,,,,,,,,UA-->CO,UA-->CO,UA-->CO,UA-->CO,UA-->CO,UA-->CO,UA-->CO,UA-->CO,UA-->CO,UA-->CO,UA-->CO,UA-->CO,UA-->CO,UA-->CO,UA-->CO,UA-->CO,UA-->CO,UA-->CO,UA-->CO
KM,COM,Comoros,Moroni,Africa,Eastern Africa,,KM-->UA,KM-->UA,KM-->UA,KM-->UA,KM-->UA,KM-->UA,KM-->UA,KM-->UA,KM-->UA,KM-->UA,KM-->UA,KM-->UA,KM-->UA,KM-->UA,KM-->UA,KM-->UA,KM-->UA,KM-->UA,KM-->UA,,,,,,,,,,,,,,,,,UA-->KM,UA-->KM,UA-->KM,UA-->KM,UA-->KM,UA-->KM,UA-->KM,UA-->KM,UA-->KM,UA-->KM,UA-->KM,UA-->KM,UA-->KM,UA-->KM,UA-->KM,UA-->KM,UA-->KM,UA-->KM,UA-->KM
CG,COG,Republic of the Congo,Brazzaville,Africa,Middle Africa,,CG-->UA,CG-->UA,CG-->UA,CG-->UA,CG-->UA,CG-->UA,CG-->UA,CG-->UA,CG-->UA,CG-->UA,CG-->UA,CG-->UA,CG-->UA,CG-->UA,CG-->UA,CG-->UA,CG-->UA,CG-->UA,CG-->UA,,,,,,,,,,,,,,,,,UA-->CG,UA-->CG,UA-->CG,UA-->CG,UA-->CG,UA-->CG,UA-->CG,UA-->CG,UA-->CG,UA-->CG,UA-->CG,UA-->CG,UA-->CG,UA-->CG,UA-->CG,UA-->CG,UA-->CG,UA-->CG,UA-->CG
CD,COD,Democratic Republic of the Congo,Kinshasa,Africa,Middle Africa,,CD-->UA,CD-->UA,CD-->UA,CD-->UA,CD-->UA,CD-->UA,CD-->UA,CD-->UA,CD-->UA,CD-->UA,CD-->UA,CD-->UA,CD-->UA,CD-->UA,CD-->UA,CD-->UA,CD-->UA,CD-->UA,CD-->UA,,,,,,,,,,,,,,,,,UA-->CD,UA-->CD,UA-->CD,UA-->CD,UA-->CD,UA-->CD,UA-->CD,UA-->CD,UA-->CD,UA-->CD,UA-->CD,UA-->CD,UA-->CD,UA-->CD,UA-->CD,UA-->CD,UA-->CD,UA-->CD,UA-->CD
CK,COK,Cook Islands,Avarua,Oceania,Polynesia,,CK-->UA,CK-->UA,CK-->UA,CK-->UA,CK-->UA,CK-->UA,CK-->UA,CK-->UA,CK-->UA,CK-->UA,CK-->UA,CK-->UA,CK-->UA,CK-->UA,CK-->UA,CK-->UA,CK-->UA,CK-->UA,CK-->UA,,,,,,,,,,,,,,,,,UA-->CK,UA-->CK,UA-->CK,UA-->CK,UA-->CK,UA-->CK,UA-->CK,UA-->CK,UA-->CK,UA-->CK,UA-->CK,UA-->CK,UA-->CK,UA-->CK,UA-->CK,UA-->CK,UA-->CK,UA-->CK,UA-->CK
CR,CRI,Costa Rica,San José,Americas,Central America,,CR-->UA,CR-->UA,CR-->UA,CR-->UA,CR-->UA,CR-->UA,CR-->UA,CR-->UA,CR-->UA,CR-->UA,CR-->UA,CR-->UA,CR-->UA,CR-->UA,CR-->UA,CR-->UA,CR-->UA,CR-->UA,CR-->UA,,,,,,,,,,,,,,,,,UA-->CR,UA-->CR,UA-->CR,UA-->CR,UA-->CR,UA-->CR,UA-->CR,UA-->CR,UA-->CR,UA-->CR,UA-->CR,UA-->CR,UA-->CR,UA-->CR,UA-->CR,UA-->CR,UA-->CR,UA-->CR,UA-->CR
HR,HRV,Croatia,Zagreb,Europe,Southern Europe,,HR-->UA,HR-->UA,HR-->UA,HR-->UA,HR-->UA,HR-->UA,HR-->UA,HR-->UA,HR-->UA,HR-->UA,HR-->UA,HR-->UA,HR-->UA,HR-->UA,HR-->UA,HR-->UA,HR-->UA,HR-->UA,HR-->UA,,,,,,,,,,,,,,,,,UA-->HR,UA-->HR,UA-->HR,UA-->HR,UA-->HR,UA-->HR,UA-->HR,UA-->HR,UA-->HR,UA-->HR,UA-->HR,UA-->HR,UA-->HR,UA-->HR,UA-->HR,UA-->HR,UA-->HR,UA-->HR,UA-->HR
CU,CUB,Cuba,Havana,Americas,Caribbean,,CU-->UA,CU-->UA,CU-->UA,CU-->UA,CU-->UA,CU-->UA,CU-->UA,CU-->UA,CU-->UA,CU-->UA,CU-->UA,CU-->UA,CU-->UA,CU-->UA,CU-->UA,CU-->UA,CU-->UA,CU-->UA,CU-->UA,,,,,,,,,,,,,,,,,UA-->CU,UA-->CU,UA-->CU,UA-->CU,UA-->CU,UA-->CU,UA-->CU,UA-->CU,UA-->CU,UA-->CU,UA-->CU,UA-->CU,UA-->CU,UA-->CU,UA-->CU,UA-->CU,UA-->CU,UA-->CU,UA-->CU
CW,CUW,Curaçao,Willemstad,Americas,Caribbean,,CW-->UA,CW-->UA,CW-->UA,CW-->UA,CW-->UA,CW-->UA,CW-->UA,CW-->UA,CW-->UA,CW-->UA,CW-->UA,CW-->UA,CW-->UA,CW-->UA,CW-->UA,CW-->UA,CW-->UA,CW-->UA,CW-->UA,,,,,,,,,,,,,,,,,UA-->CW,UA-->CW,UA-->CW,UA-->CW,UA-->CW,UA-->CW,UA-->CW,UA-->CW,UA-->CW,UA-->CW,UA-->CW,UA-->CW,UA-->CW,UA-->CW,UA-->CW,UA-->CW,UA-->CW,UA-->CW,UA-->CW
CY,CYP,Cyprus,Nicosia,Europe,Southern Europe,,CY-->UA,CY-->UA,CY-->UA,CY-->UA,CY-->UA,CY-->UA,CY-->UA,CY-->UA,CY-->UA,CY-->UA,CY-->UA,CY-->UA,CY-->UA,CY-->UA,CY-->UA,CY-->UA,CY-->UA,CY-->UA,CY-->UA,,,,,,,,,,,,,,,,,UA-->CY,UA-->CY,UA-->CY,UA-->CY,UA-->CY,UA-->CY,UA-->CY,UA-->CY,UA-->CY,UA-->CY,UA-->CY,UA-->CY,UA-->CY,UA-->CY,UA-->CY,UA-->CY,UA-->CY,UA-->CY,UA-->CY
CZ,CZE,Czech Republic,Prague,Europe,Eastern Europe,,CZ-->UA,CZ-->UA,CZ-->UA,CZ-->UA,CZ-->UA,CZ-->UA,CZ-->UA,CZ-->UA,CZ-->UA,CZ-->UA,CZ-->UA,CZ-->UA,CZ-->UA,CZ-->UA,CZ-->UA,CZ-->UA,CZ-->UA,CZ-->UA,CZ-->UA,,,,,,,,,,,,,,,,,UA-->CZ,UA-->CZ,UA-->CZ,UA-->CZ,UA-->CZ,UA-->CZ,UA-->CZ,UA-->CZ,UA-->CZ,UA-->CZ,UA-->CZ,UA-->CZ,UA-->CZ,UA-->CZ,UA-->CZ,UA-->CZ,UA-->CZ,UA-->CZ,UA-->CZ
DK,DNK,Denmark,Copenhagen,Europe,Northern Europe,,DK-->UA,DK-->UA,DK-->UA,DK-->UA,DK-->UA,DK-->UA,DK-->UA,DK-->UA,DK-->UA,DK-->UA,DK-->UA,DK-->UA,DK-->UA,DK-->UA,DK-->UA,DK-->UA,DK-->UA,DK-->UA,DK-->UA,,,,,,,,,,,,,,,,,UA-->DK,UA-->DK,UA-->DK,UA-->DK,UA-->DK,UA-->DK,UA-->DK,UA-->DK,UA-->DK,UA-->DK,UA-->DK,UA-->DK,UA-->DK,UA-->DK,UA-->DK,UA-->DK,UA-->DK,UA-->DK,UA-->DK
DJ,DJI,Djibouti,Djibouti,Africa,Eastern Africa,,DJ-->UA,DJ-->UA,DJ-->UA,DJ-->UA,DJ-->UA,DJ-->UA,DJ-->UA,DJ-->UA,DJ-->UA,DJ-->UA,DJ-->UA,DJ-->UA,DJ-->UA,DJ-->UA,DJ-->UA,DJ-->UA,DJ-->UA,DJ-->UA,DJ-->UA,,,,,,,,,,,,,,,,,UA-->DJ,UA-->DJ,UA-->DJ,UA-->DJ,UA-->DJ,UA-->DJ,UA-->DJ,UA-->DJ,UA-->DJ,UA-->DJ,UA-->DJ,UA-->DJ,UA-->DJ,UA-->DJ,UA-->DJ,UA-->DJ,UA-->DJ,UA-->DJ,UA-->DJ
DM,DMA,Dominica,Roseau,Americas,Caribbean,,DM-->UA,DM-->UA,DM-->UA,DM-->UA,DM-->UA,DM-->UA,DM-->UA,DM-->UA,DM-->UA,DM-->UA,DM-->UA,DM-->UA,DM-->UA,DM-->UA,DM-->UA,DM-->UA,DM-->UA,DM-->UA,DM-->UA,,,,,,,,,,,,,,,,,UA-->DM,UA-->DM,UA-->DM,UA-->DM,UA-->DM,UA-->DM,UA-->DM,UA-->DM,UA-->DM,UA-->DM,UA-->DM,UA-->DM,UA-->DM,UA-->DM,UA-->DM,UA-->DM,UA-->DM,UA-->DM,UA-->DM
DO,DOM,Dominican Republic,Santo Domingo,Americas,Caribbean,,DO-->UA,DO-->UA,DO-->UA,DO-->UA,DO-->UA,DO-->UA,DO-->UA,DO-->UA,DO-->UA,DO-->UA,DO-->UA,DO-->UA,DO-->UA,DO-->UA,DO-->UA,DO-->UA,DO-->UA,DO-->UA,DO-->UA,,,,,,,,,,,,,,,,,UA-->DO,UA-->DO,UA-->DO,UA-->DO,UA-->DO,UA-->DO,UA-->DO,UA-->DO,UA-->DO,UA-->DO,UA-->DO,UA-->DO,UA-->DO,UA-->DO,UA-->DO,UA-->DO,UA-->DO,UA-->DO,UA-->DO
EC,ECU,Ecuador,Quito,Americas,South America,,EC-->UA,EC-->UA,EC-->UA,EC-->UA,EC-->UA,EC-->UA,EC-->UA,EC-->UA,EC-->UA,EC-->UA,EC-->UA,EC-->UA,EC-->UA,EC-->UA,EC-->UA,EC-->UA,EC-->UA,EC-->UA,EC-->UA,,,,,,,,,,,,,,,,,UA-->EC,UA-->EC,UA-->EC,UA-->EC,UA-->EC,UA-->EC,UA-->EC,UA-->EC,UA-->EC,UA-->EC,UA-->EC,UA-->EC,UA-->EC,UA-->EC,UA-->EC,UA-->EC,UA-->EC,UA-->EC,UA-->EC
EG,EGY,Egypt,Cairo,Africa,Northern Africa,,EG-->UA,EG-->UA,EG-->UA,EG-->UA,EG-->UA,EG-->UA,EG-->UA,EG-->UA,EG-->UA,EG-->UA,EG-->UA,EG-->UA,EG-->UA,EG-->UA,EG-->UA,EG-->UA,EG-->UA,EG-->UA,EG-->UA,,,,,,,,,,,,,,,,,UA-->EG,UA-->EG,UA-->EG,UA-->EG,UA-->EG,UA-->EG,UA-->EG,UA-->EG,UA-->EG,UA-->EG,UA-->EG,UA-->EG,UA-->EG,UA-->EG,UA-->EG,UA-->EG,UA-->EG,UA-->EG,UA-->EG
SV,SLV,El Salvador,San Salvador,Americas,Central America,,SV-->UA,SV-->UA,SV-->UA,SV-->UA,SV-->UA,SV-->UA,SV-->UA,SV-->UA,SV-->UA,SV-->UA,SV-->UA,SV-->UA,SV-->UA,SV-->UA,SV-->UA,SV-->UA,SV-->UA,SV-->UA,SV-->UA,,,,,,,,,,,,,,,,,UA-->SV,UA-->SV,UA-->SV,UA-->SV,UA-->SV,UA-->SV,UA-->SV,UA-->SV,UA-->SV,UA-->SV,UA-->SV,UA-->SV,UA-->SV,UA-->SV,UA-->SV,UA-->SV,UA-->SV,UA-->SV,UA-->SV
GQ,GNQ,Equatorial Guinea,Malabo,Africa,Middle Africa,,GQ-->UA,GQ-->UA,GQ-->UA,GQ-->UA,GQ-->UA,GQ-->UA,GQ-->UA,GQ-->UA,GQ-->UA,GQ-->UA,GQ-->UA,GQ-->UA,GQ-->UA,GQ-->UA,GQ-->UA,GQ-->UA,GQ-->UA,GQ-->UA,GQ-->UA,,,,,,,,,,,,,,,,,UA-->GQ,UA-->GQ,UA-->GQ,UA-->GQ,UA-->GQ,UA-->GQ,UA-->GQ,UA-->GQ,UA-->GQ,UA-->GQ,UA-->GQ,UA-->GQ,UA-->GQ,UA-->GQ,UA-->GQ,UA-->GQ,UA-->GQ,UA-->GQ,UA-->GQ
ER,ERI,Eritrea,Asmara,Africa,Eastern Africa,,ER-->UA,ER-->UA,ER-->UA,ER-->UA,ER-->UA,ER-->UA,ER-->UA,ER-->UA,ER-->UA,ER-->UA,ER-->UA,ER-->UA,ER-->UA,ER-->UA,ER-->UA,ER-->UA,ER-->UA,ER-->UA,ER-->UA,,,,,,,,,,,,,,,,,UA-->ER,UA-->ER,UA-->ER,UA-->ER,UA-->ER,UA-->ER,UA-->ER,UA-->ER,UA-->ER,UA-->ER,UA-->ER,UA-->ER,UA-->ER,UA-->ER,UA-->ER,UA-->ER,UA-->ER,UA-->ER,UA-->ER
EE,EST,Estonia,Tallinn,Europe,Northern Europe,,EE-->UA,EE-->UA,EE-->UA,EE-->UA,EE-->UA,EE-->UA,EE-->UA,EE-->UA,EE-->UA,EE-->UA,EE-->UA,EE-->UA,EE-->UA,EE-->UA,EE-->UA,EE-->UA,EE-->UA,EE-->UA,EE-->UA,,,,,,,,,,,,,,,,,UA-->EE,UA-->EE,UA-->EE,UA-->EE,UA-->EE,UA-->EE,UA-->EE,UA-->EE,UA-->EE,UA-->EE,UA-->EE,UA-->EE,UA-->EE,UA-->EE,UA-->EE,UA-->EE,UA-->EE,UA-->EE,UA-->EE
ET,ETH,Ethiopia,Addis Ababa,Africa,Eastern Africa,,ET-->UA,ET-->UA,ET-->UA,ET-->UA,ET-->UA,ET-->UA,ET-->UA,ET-->UA,ET-->UA,ET-->UA,ET-->UA,ET-->UA,ET-->UA,ET-->UA,ET-->UA,ET-->UA,ET-->UA,ET-->UA,ET-->UA,,,,,,,,,,,,,,,,,UA-->ET,UA-->ET,UA-->ET,UA-->ET,UA-->ET,UA-->ET,UA-->ET,UA-->ET,UA-->ET,UA-->ET,UA-->ET,UA-->ET,UA-->ET,UA-->ET,UA-->ET,UA-->ET,UA-->ET,UA-->ET,UA-->ET
FK,FLK,Falkland Islands,Stanley,Americas,South America,,FK-->UA,FK-->UA,FK-->UA,FK-->UA,FK-->UA,FK-->UA,FK-->UA,FK-->UA,FK-->UA,FK-->UA,FK-->UA,FK-->UA,FK-->UA,FK-->UA,FK-->UA,FK-->UA,FK-->UA,FK-->UA,FK-->UA,,,,,,,,,,,,,,,,,UA-->FK,UA-->FK,UA-->FK,UA-->FK,UA-->FK,UA-->FK,UA-->FK,UA-->FK,UA-->FK,UA-->FK,UA-->FK,UA-->FK,UA-->FK,UA-->FK,UA-->FK,UA-->FK,UA-->FK,UA-->FK,UA-->FK
FO,FRO,Faroe Islands,Tórshavn,Europe,Northern Europe,,FO-->UA,FO-->UA,FO-->UA,FO-->UA,FO-->UA,FO-->UA,FO-->UA,FO-->UA,FO-->UA,FO-->UA,FO-->UA,FO-->UA,FO-->UA,FO-->UA,FO-->UA,FO-->UA,FO-->UA,FO-->UA,FO-->UA,,,,,,,,,,,,,,,,,UA-->FO,UA-->FO,UA-->FO,UA-->FO,UA-->FO,UA-->FO,UA-->FO,UA-->FO,UA-->FO,UA-->FO,UA-->FO,UA-->FO,UA-->FO,UA-->FO,UA-->FO,UA-->FO,UA-->FO,UA-->FO,UA-->FO
FJ,FJI,Fiji,Suva,Oceania,Melanesia,,FJ-->UA,FJ-->UA,FJ-->UA,FJ-->UA,FJ-->UA,FJ-->UA,FJ-->UA,FJ-->UA,FJ-->UA,FJ-->UA,FJ-->UA,FJ-->UA,FJ-->UA,FJ-->UA,FJ-->UA,FJ-->UA,FJ-->UA,FJ-->UA,FJ-->UA,,,,,,,,,,,,,,,,,UA-->FJ,UA-->FJ,UA-->FJ,UA-->FJ,UA-->FJ,UA-->FJ,UA-->FJ,UA-->FJ,UA-->FJ,UA-->FJ,UA-->FJ,UA-->FJ,UA-->FJ,UA-->FJ,UA-->FJ,UA-->FJ,UA-->FJ,UA-->FJ,UA-->FJ
FI,FIN,Finland,Helsinki,Europe,Northern Europe,,FI-->UA,FI-->UA,FI-->UA,FI-->UA,FI-->UA,FI-->UA,FI-->UA,FI-->UA,FI-->UA,FI-->UA,FI-->UA,FI-->UA,FI-->UA,FI-->UA,FI-->UA,FI-->UA,FI-->UA,FI-->UA,FI-->UA,,,,,,,,,,,,,,,,,UA-->FI,UA-->FI,UA-->FI,UA-->FI,UA-->FI,UA-->FI,UA-->FI,UA-->FI,UA-->FI,UA-->FI,UA-->FI,UA-->FI,UA-->FI,UA-->FI,UA-->FI,UA-->FI,UA-->FI,UA-->FI,UA-->FI
FR,FRA,France,Paris,Europe,Western Europe,,FR-->UA,FR-->UA,FR-->UA,FR-->UA,FR-->UA,FR-->UA,FR-->UA,FR-->UA,FR-->UA,FR-->UA,FR-->UA,FR-->UA,FR-->UA,FR-->UA,FR-->UA,FR-->UA,FR-->UA,FR-->UA,FR-->UA,,,,,,,,,,,,,,,,,UA-->FR,UA-->FR,UA-->FR,UA-->FR,UA-->FR,UA-->FR,UA-->FR,UA-->FR,UA-->FR,UA-->FR,UA-->FR,UA-->FR,UA-->FR,UA-->FR,UA-->FR,UA-->FR,UA-->FR,UA-->FR,UA-->FR
GF,GUF,French Guiana,Cayenne,Americas,South America,,GF-->UA,GF-->UA,GF-->UA,GF-->UA,GF-->UA,GF-->UA,GF-->UA,GF-->UA,GF-->UA,GF-->UA,GF-->UA,GF-->UA,GF-->UA,GF-->UA,GF-->UA,GF-->UA,GF-->UA,GF-->UA,GF-->UA,,,,,,,,,,,,,,,,,UA-->GF,UA-->GF,UA-->GF,UA-->GF,UA-->GF,UA-->GF,UA-->GF,UA-->GF,UA-->GF,UA-->GF,UA-->GF,UA-->GF,UA-->GF,UA-->GF,UA-->GF,UA-->GF,UA-->GF,UA-->GF,UA-->GF
PF,PYF,French Polynesia,Papeetē,Oceania,Polynesia,,PF-->UA,PF-->UA,PF-->UA,PF-->UA,PF-->UA,PF-->UA,PF-->UA,PF-->UA,PF-->UA,PF-->UA,PF-->UA,PF-->UA,PF-->UA,PF-->UA,PF-->UA,PF-->UA,PF-->UA,PF-->UA,PF-->UA,,,,,,,,,,,,,,,,,UA-->PF,UA-->PF,UA-->PF,UA-->PF,UA-->PF,UA-->PF,UA-->PF,UA-->PF,UA-->PF,UA-->PF,UA-->PF,UA-->PF,UA-->PF,UA-->PF,UA-->PF,UA-->PF,UA-->PF,UA-->PF,UA-->PF
TF,ATF,French Southern and Antarctic Lands,Port-aux-Français,Africa,Southern Africa,,TF-->UA,TF-->UA,TF-->UA,TF-->UA,TF-->UA,TF-->UA,TF-->UA,TF-->UA,TF-->UA,TF-->UA,TF-->UA,TF-->UA,TF-->UA,TF-->UA,TF-->UA,TF-->UA,TF-->UA,TF-->UA,TF-->UA,,,,,,,,,,,,,,,,,UA-->TF,UA-->TF,UA-->TF,UA-->TF,UA-->TF,UA-->TF,UA-->TF,UA-->TF,UA-->TF,UA-->TF,UA-->TF,UA-->TF,UA-->TF,UA-->TF,UA-->TF,UA-->TF,UA-->TF,UA-->TF,UA-->TF
GA,GAB,Gabon,Libreville,Africa,Middle Africa,,GA-->UA,GA-->UA,GA-->UA,GA-->UA,GA-->UA,GA-->UA,GA-->UA,GA-->UA,GA-->UA,GA-->UA,GA-->UA,GA-->UA,GA-->UA,GA-->UA,GA-->UA,GA-->UA,GA-->UA,GA-->UA,GA-->UA,,,,,,,,,,,,,,,,,UA-->GA,UA-->GA,UA-->GA,UA-->GA,UA-->GA,UA-->GA,UA-->GA,UA-->GA,UA-->GA,UA-->GA,UA-->GA,UA-->GA,UA-->GA,UA-->GA,UA-->GA,UA-->GA,UA-->GA,UA-->GA,UA-->GA
GM,GMB,The Gambia,Banjul,Africa,Western Africa,,GM-->UA,GM-->UA,GM-->UA,GM-->UA,GM-->UA,GM-->UA,GM-->UA,GM-->UA,GM-->UA,GM-->UA,GM-->UA,GM-->UA,GM-->UA,GM-->UA,GM-->UA,GM-->UA,GM-->UA,GM-->UA,GM-->UA,,,,,,,,,,,,,,,,,UA-->GM,UA-->GM,UA-->GM,UA-->GM,UA-->GM,UA-->GM,UA-->GM,UA-->GM,UA-->GM,UA-->GM,UA-->GM,UA-->GM,UA-->GM,UA-->GM,UA-->GM,UA-->GM,UA-->GM,UA-->GM,UA-->GM
GE,GEO,Georgia,Tbilisi,Asia,Western Asia,,GE-->UA,GE-->UA,GE-->UA,GE-->UA,GE-->UA,GE-->UA,GE-->UA,GE-->UA,GE-->UA,GE-->UA,GE-->UA,GE-->UA,GE-->UA,GE-->UA,GE-->UA,GE-->UA,GE-->UA,GE-->UA,GE-->UA,,,,,,,,,,,,,,,,,UA-->GE,UA-->GE,UA-->GE,UA-->GE,UA-->GE,UA-->GE,UA-->GE,UA-->GE,UA-->GE,UA-->GE,UA-->GE,UA-->GE,UA-->GE,UA-->GE,UA-->GE,UA-->GE,UA-->GE,UA-->GE,UA-->GE
DE,DEU,Germany,Berlin,Europe,Western Europe,,DE-->UA,DE-->UA,DE-->UA,DE-->UA,DE-->UA,DE-->UA,DE-->UA,DE-->UA,DE-->UA,DE-->UA,DE-->UA,DE-->UA,DE-->UA,DE-->UA,DE-->UA,DE-->UA,DE-->UA,DE-->UA,DE-->UA,,,,,,,,,,,,,,,,,UA-->DE,UA-->DE,UA-->DE,UA-->DE,UA-->DE,UA-->DE,UA-->DE,UA-->DE,UA-->DE,UA-->DE,UA-->DE,UA-->DE,UA-->DE,UA-->DE,UA-->DE,UA-->DE,UA-->DE,UA-->DE,UA-->DE
GH,GHA,Ghana,Accra,Africa,Western Africa,,GH-->UA,GH-->UA,GH-->UA,GH-->UA,GH-->UA,GH-->UA,GH-->UA,GH-->UA,GH-->UA,GH-->UA,GH-->UA,GH-->UA,GH-->UA,GH-->UA,GH-->UA,GH-->UA,GH-->UA,GH-->UA,GH-->UA,,,,,,,,,,,,,,,,,UA-->GH,UA-->GH,UA-->GH,UA-->GH,UA-->GH,UA-->GH,UA-->GH,UA-->GH,UA-->GH,UA-->GH,UA-->GH,UA-->GH,UA-->GH,UA-->GH,UA-->GH,UA-->GH,UA-->GH,UA-->GH,UA-->GH
GI,GIB,Gibraltar,Gibraltar,Europe,Southern Europe,,GI-->UA,GI-->UA,GI-->UA,GI-->UA,GI-->UA,GI-->UA,GI-->UA,GI-->UA,GI-->UA,GI-->UA,GI-->UA,GI-->UA,GI-->UA,GI-->UA,GI-->UA,GI-->UA,GI-->UA,GI-->UA,GI-->UA,,,,,,,,,,,,,,,,,UA-->GI,UA-->GI,UA-->GI,UA-->GI,UA-->GI,UA-->GI,UA-->GI,UA-->GI,UA-->GI,UA-->GI,UA-->GI,UA-->GI,UA-->GI,UA-->GI,UA-->GI,UA-->GI,UA-->GI,UA-->GI,UA-->GI
GR,GRC,Greece,Athens,Europe,Southern Europe,,GR-->UA,GR-->UA,GR-->UA,GR-->UA,GR-->UA,GR-->UA,GR-->UA,GR-->UA,GR-->UA,GR-->UA,GR-->UA,GR-->UA,GR-->UA,GR-->UA,GR-->UA,GR-->UA,GR-->UA,GR-->UA,GR-->UA,,,,,,,,,,,,,,,,,UA-->GR,UA-->GR,UA-->GR,UA-->GR,UA-->GR,UA-->GR,UA-->GR,UA-->GR,UA-->GR,UA-->GR,UA-->GR,UA-->GR,UA-->GR,UA-->GR,UA-->GR,UA-->GR,UA-->GR,UA-->GR,UA-->GR
GL,GRL,Greenland,Nuuk,Americas,Northern America,,GL-->UA,GL-->UA,GL-->UA,GL-->UA,GL-->UA,GL-->UA,GL-->UA,GL-->UA,GL-->UA,GL-->UA,GL-->UA,GL-->UA,GL-->UA,GL-->UA,GL-->UA,GL-->UA,GL-->UA,GL-->UA,GL-->UA,,,,,,,,,,,,,,,,,UA-->GL,UA-->GL,UA-->GL,UA-->GL,UA-->GL,UA-->GL,UA-->GL,UA-->GL,UA-->GL,UA-->GL,UA-->GL,UA-->GL,UA-->GL,UA-->GL,UA-->GL,UA-->GL,UA-->GL,UA-->GL,UA-->GL
GD,GRD,Grenada,St. George's,Americas,Caribbean,,GD-->UA,GD-->UA,GD-->UA,GD-->UA,GD-->UA,GD-->UA,GD-->UA,GD-->UA,GD-->UA,GD-->UA,GD-->UA,GD-->UA,GD-->UA,GD-->UA,GD-->UA,GD-->UA,GD-->UA,GD-->UA,GD-->UA,,,,,,,,,,,,,,,,,UA-->GD,UA-->GD,UA-->GD,UA-->GD,UA-->GD,UA-->GD,UA-->GD,UA-->GD,UA-->GD,UA-->GD,UA-->GD,UA-->GD,UA-->GD,UA-->GD,UA-->GD,UA-->GD,UA-->GD,UA-->GD,UA-->GD
GP,GLP,Guadeloupe,Basse-Terre,Americas,Caribbean,,GP-->UA,GP-->UA,GP-->UA,GP-->UA,GP-->UA,GP-->UA,GP-->UA,GP-->UA,GP-->UA,GP-->UA,GP-->UA,GP-->UA,GP-->UA,GP-->UA,GP-->UA,GP-->UA,GP-->UA,GP-->UA,GP-->UA,,,,,,,,,,,,,,,,,UA-->GP,UA-->GP,UA-->GP,UA-->GP,UA-->GP,UA-->GP,UA-->GP,UA-->GP,UA-->GP,UA-->GP,UA-->GP,UA-->GP,UA-->GP,UA-->GP,UA-->GP,UA-->GP,UA-->GP,UA-->GP,UA-->GP
GU,GUM,Guam,Hagåtña,Oceania,Micronesia,,GU-->UA,GU-->UA,GU-->UA,GU-->UA,GU-->UA,GU-->UA,GU-->UA,GU-->UA,GU-->UA,GU-->UA,GU-->UA,GU-->UA,GU-->UA,GU-->UA,GU-->UA,GU-->UA,GU-->UA,GU-->UA,GU-->UA,,,,,,,,,,,,,,,,,UA-->GU,UA-->GU,UA-->GU,UA-->GU,UA-->GU,UA-->GU,UA-->GU,UA-->GU,UA-->GU,UA-->GU,UA-->GU,UA-->GU,UA-->GU,UA-->GU,UA-->GU,UA-->GU,UA-->GU,UA-->GU,UA-->GU
GT,GTM,Guatemala,Guatemala City,Americas,Central America,,GT-->UA,GT-->UA,GT-->UA,GT-->UA,GT-->UA,GT-->UA,GT-->UA,GT-->UA,GT-->UA,GT-->UA,GT-->UA,GT-->UA,GT-->UA,GT-->UA,GT-->UA,GT-->UA,GT-->UA,GT-->UA,GT-->UA,,,,,,,,,,,,,,,,,UA-->GT,UA-->GT,UA-->GT,UA-->GT,UA-->GT,UA-->GT,UA-->GT,UA-->GT,UA-->GT,UA-->GT,UA-->GT,UA-->GT,UA-->GT,UA-->GT,UA-->GT,UA-->GT,UA-->GT,UA-->GT,UA-->GT
GG,GGY,Guernsey,St. Peter Port,Europe,Northern Europe,,GG-->UA,GG-->UA,GG-->UA,GG-->UA,GG-->UA,GG-->UA,GG-->UA,GG-->UA,GG-->UA,GG-->UA,GG-->UA,GG-->UA,GG-->UA,GG-->UA,GG-->UA,GG-->UA,GG-->UA,GG-->UA,GG-->UA,,,,,,,,,,,,,,,,,UA-->GG,UA-->GG,UA-->GG,UA-->GG,UA-->GG,UA-->GG,UA-->GG,UA-->GG,UA-->GG,UA-->GG,UA-->GG,UA-->GG,UA-->GG,UA-->GG,UA-->GG,UA-->GG,UA-->GG,UA-->GG,UA-->GG
GN,GIN,Guinea,Conakry,Africa,Western Africa,,GN-->UA,GN-->UA,GN-->UA,GN-->UA,GN-->UA,GN-->UA,GN-->UA,GN-->UA,GN-->UA,GN-->UA,GN-->UA,GN-->UA,GN-->UA,GN-->UA,GN-->UA,GN-->UA,GN-->UA,GN-->UA,GN-->UA,,,,,,,,,,,,,,,,,UA-->GN,UA-->GN,UA-->GN,UA-->GN,UA-->GN,UA-->GN,UA-->GN,UA-->GN,UA-->GN,UA-->GN,UA-->GN,UA-->GN,UA-->GN,UA-->GN,UA-->GN,UA-->GN,UA-->GN,UA-->GN,UA-->GN
GW,GNB,Guinea-Bissau,Bissau,Africa,Western Africa,,GW-->UA,GW-->UA,GW-->UA,GW-->UA,GW-->UA,GW-->UA,GW-->UA,GW-->UA,GW-->UA,GW-->UA,GW-->UA,GW-->UA,GW-->UA,GW-->UA,GW-->UA,GW-->UA,GW-->UA,GW-->UA,GW-->UA,,,,,,,,,,,,,,,,,UA-->GW,UA-->GW,UA-->GW,UA-->GW,UA-->GW,UA-->GW,UA-->GW,UA-->GW,UA-->GW,UA-->GW,UA-->GW,UA-->GW,UA-->GW,UA-->GW,UA-->GW,UA-->GW,UA-->GW,UA-->GW,UA-->GW
GY,GUY,Guyana,Georgetown,Americas,South America,,GY-->UA,GY-->UA,GY-->UA,GY-->UA,GY-->UA,GY-->UA,GY-->UA,GY-->UA,GY-->UA,GY-->UA,GY-->UA,GY-->UA,GY-->UA,GY-->UA,GY-->UA,GY-->UA,GY-->UA,GY-->UA,GY-->UA,,,,,,,,,,,,,,,,,UA-->GY,UA-->GY,UA-->GY,UA-->GY,UA-->GY,UA-->GY,UA-->GY,UA-->GY,UA-->GY,UA-->GY,UA-->GY,UA-->GY,UA-->GY,UA-->GY,UA-->GY,UA-->GY,UA-->GY,UA-->GY,UA-->GY
HT,HTI,Haiti,Port-au-Prince,Americas,Caribbean,,HT-->UA,HT-->UA,HT-->UA,HT-->UA,HT-->UA,HT-->UA,HT-->UA,HT-->UA,HT-->UA,HT-->UA,HT-->UA,HT-->UA,HT-->UA,HT-->UA,HT-->UA,HT-->UA,HT-->UA,HT-->UA,HT-->UA,,,,,,,,,,,,,,,,,UA-->HT,UA-->HT,UA-->HT,UA-->HT,UA-->HT,UA-->HT,UA-->HT,UA-->HT,UA-->HT,UA-->HT,UA-->HT,UA-->HT,UA-->HT,UA-->HT,UA-->HT,UA-->HT,UA-->HT,UA-->HT,UA-->HT
HM,HMD,Heard Island and McDonald Islands,,,,,HM-->UA,HM-->UA,HM-->UA,HM-->UA,HM-->UA,HM-->UA,HM-->UA,HM-->UA,HM-->UA,HM-->UA,HM-->UA,HM-->UA,HM-->UA,HM-->UA,HM-->UA,HM-->UA,HM-->UA,HM-->UA,HM-->UA,,,,,,,,,,,,,,,,,UA-->HM,UA-->HM,UA-->HM,UA-->HM,UA-->HM,UA-->HM,UA-->HM,UA-->HM,UA-->HM,UA-->HM,UA-->HM,UA-->HM,UA-->HM,UA-->HM,UA-->HM,UA-->HM,UA-->HM,UA-->HM,UA-->HM
VA,VAT,Holy See,Rome,Europe,Southern Europe,,VA-->UA,VA-->UA,VA-->UA,VA-->UA,VA-->UA,VA-->UA,VA-->UA,VA-->UA,VA-->UA,VA-->UA,VA-->UA,VA-->UA,VA-->UA,VA-->UA,VA-->UA,VA-->UA,VA-->UA,VA-->UA,VA-->UA,,,,,,,,,,,,,,,,,UA-->VA,UA-->VA,UA-->VA,UA-->VA,UA-->VA,UA-->VA,UA-->VA,UA-->VA,UA-->VA,UA-->VA,UA-->VA,UA-->VA,UA-->VA,UA-->VA,UA-->VA,UA-->VA,UA-->VA,UA-->VA,UA-->VA
HN,HND,Honduras,Tegucigalpa,Americas,Central America,,HN-->UA,HN-->UA,HN-->UA,HN-->UA,HN-->UA,HN-->UA,HN-->UA,HN-->UA,HN-->UA,HN-->UA,HN-->UA,HN-->UA,HN-->UA,HN-->UA,HN-->UA,HN-->UA,HN-->UA,HN-->UA,HN-->UA,,,,,,,,,,,,,,,,,UA-->HN,UA-->HN,UA-->HN,UA-->HN,UA-->HN,UA-->HN,UA-->HN,UA-->HN,UA-->HN,UA-->HN,UA-->HN,UA-->HN,UA-->HN,UA-->HN,UA-->HN,UA-->HN,UA-->HN,UA-->HN,UA-->HN
HK,HKG,Hong Kong,City of Victoria,Asia,Eastern Asia,,HK-->UA,HK-->UA,HK-->UA,HK-->UA,HK-->UA,HK-->UA,HK-->UA,HK-->UA,HK-->UA,HK-->UA,HK-->UA,HK-->UA,HK-->UA,HK-->UA,HK-->UA,HK-->UA,HK-->UA,HK-->UA,HK-->UA,,,,,,,,,,,,,,,,,UA-->HK,UA-->HK,UA-->HK,UA-->HK,UA-->HK,UA-->HK,UA-->HK,UA-->HK,UA-->HK,UA-->HK,UA-->HK,UA-->HK,UA-->HK,UA-->HK,UA-->HK,UA-->HK,UA-->HK,UA-->HK,UA-->HK
HU,HUN,Hungary,Budapest,Europe,Eastern Europe,,HU-->UA,HU-->UA,HU-->UA,HU-->UA,HU-->UA,HU-->UA,HU-->UA,HU-->UA,HU-->UA,HU-->UA,HU-->UA,HU-->UA,HU-->UA,HU-->UA,HU-->UA,HU-->UA,HU-->UA,HU-->UA,HU-->UA,,,,,,,,,,,,,,,,,UA-->HU,UA-->HU,UA-->HU,UA-->HU,UA-->HU,UA-->HU,UA-->HU,UA-->HU,UA-->HU,UA-->HU,UA-->HU,UA-->HU,UA-->HU,UA-->HU,UA-->HU,UA-->HU,UA-->HU,UA-->HU,UA-->HU
IS,ISL,Iceland,Reykjavík,Europe,Northern Europe,,IS-->UA,IS-->UA,IS-->UA,IS-->UA,IS-->UA,IS-->UA,IS-->UA,IS-->UA,IS-->UA,IS-->UA,IS-->UA,IS-->UA,IS-->UA,IS-->UA,IS-->UA,IS-->UA,IS-->UA,IS-->UA,IS-->UA,,,,,,,,,,,,,,,,,UA-->IS,UA-->IS,UA-->IS,UA-->IS,UA-->IS,UA-->IS,UA-->IS,UA-->IS,UA-->IS,UA-->IS,UA-->IS,UA-->IS,UA-->IS,UA-->IS,UA-->IS,UA-->IS,UA-->IS,UA-->IS,UA-->IS
IN,IND,India,New Delhi,Asia,Southern Asia,,IN-->UA,IN-->UA,IN-->UA,IN-->UA,IN-->UA,IN-->UA,IN-->UA,IN-->UA,IN-->UA,IN-->UA,IN-->UA,IN-->UA,IN-->UA,IN-->UA,IN-->UA,IN-->UA,IN-->UA,IN-->UA,IN-->UA,,,,,,,,,,,,,,,,,UA-->IN,UA-->IN,UA-->IN,UA-->IN,UA-->IN,UA-->IN,UA-->IN,UA-->IN,UA-->IN,UA-->IN,UA-->IN,UA-->IN,UA-->IN,UA-->IN,UA-->IN,UA-->IN,UA-->IN,UA-->IN,UA-->IN
ID,IDN,Indonesia,Jakarta,Asia,South-Eastern Asia,,ID-->UA,ID-->UA,ID-->UA,ID-->UA,ID-->UA,ID-->UA,ID-->UA,ID-->UA,ID-->UA,ID-->UA,ID-->UA,ID-->UA,ID-->UA,ID-->UA,ID-->UA,ID-->UA,ID-->UA,ID-->UA,ID-->UA,,,,,,,,,,,,,,,,,UA-->ID,UA-->ID,UA-->ID,UA-->ID,UA-->ID,UA-->ID,UA-->ID,UA-->ID,UA-->ID,UA-->ID,UA-->ID,UA-->ID,UA-->ID,UA-->ID,UA-->ID,UA-->ID,UA-->ID,UA-->ID,UA-->ID
CI,CIV,Ivory Coast,Yamoussoukro,Africa,Western Africa,,CI-->UA,CI-->UA,CI-->UA,CI-->UA,CI-->UA,CI-->UA,CI-->UA,CI-->UA,CI-->UA,CI-->UA,CI-->UA,CI-->UA,CI-->UA,CI-->UA,CI-->UA,CI-->UA,CI-->UA,CI-->UA,CI-->UA,,,,,,,,,,,,,,,,,UA-->CI,UA-->CI,UA-->CI,UA-->CI,UA-->CI,UA-->CI,UA-->CI,UA-->CI,UA-->CI,UA-->CI,UA-->CI,UA-->CI,UA-->CI,UA-->CI,UA-->CI,UA-->CI,UA-->CI,UA-->CI,UA-->CI
IR,IRN,Iran,Tehran,Asia,Southern Asia,,IR-->UA,IR-->UA,IR-->UA,IR-->UA,IR-->UA,IR-->UA,IR-->UA,IR-->UA,IR-->UA,IR-->UA,IR-->UA,IR-->UA,IR-->UA,IR-->UA,IR-->UA,IR-->UA,IR-->UA,IR-->UA,IR-->UA,,,,,,,,,,,,,,,,,UA-->IR,UA-->IR,UA-->IR,UA-->IR,UA-->IR,UA-->IR,UA-->IR,UA-->IR,UA-->IR,UA-->IR,UA-->IR,UA-->IR,UA-->IR,UA-->IR,UA-->IR,UA-->IR,UA-->IR,UA-->IR,UA-->IR
IQ,IRQ,Iraq,Baghdad,Asia,Western Asia,,IQ-->UA,IQ-->UA,IQ-->UA,IQ-->UA,IQ-->UA,IQ-->UA,IQ-->UA,IQ-->UA,IQ-->UA,IQ-->UA,IQ-->UA,IQ-->UA,IQ-->UA,IQ-->UA,IQ-->UA,IQ-->UA,IQ-->UA,IQ-->UA,IQ-->UA,,,,,,,,,,,,,,,,,UA-->IQ,UA-->IQ,UA-->IQ,UA-->IQ,UA-->IQ,UA-->IQ,UA-->IQ,UA-->IQ,UA-->IQ,UA-->IQ,UA-->IQ,UA-->IQ,UA-->IQ,UA-->IQ,UA-->IQ,UA-->IQ,UA-->IQ,UA-->IQ,UA-->IQ
IE,IRL,Republic of Ireland,Dublin,Europe,Northern Europe,,IE-->UA,IE-->UA,IE-->UA,IE-->UA,IE-->UA,IE-->UA,IE-->UA,IE-->UA,IE-->UA,IE-->UA,IE-->UA,IE-->UA,IE-->UA,IE-->UA,IE-->UA,IE-->UA,IE-->UA,IE-->UA,IE-->UA,,,,,,,,,,,,,,,,,UA-->IE,UA-->IE,UA-->IE,UA-->IE,UA-->IE,UA-->IE,UA-->IE,UA-->IE,UA-->IE,UA-->IE,UA-->IE,UA-->IE,UA-->IE,UA-->IE,UA-->IE,UA-->IE,UA-->IE,UA-->IE,UA-->IE
IM,IMN,Isle of Man,Douglas,Europe,Northern Europe,,IM-->UA,IM-->UA,IM-->UA,IM-->UA,IM-->UA,IM-->UA,IM-->UA,IM-->UA,IM-->UA,IM-->UA,IM-->UA,IM-->UA,IM-->UA,IM-->UA,IM-->UA,IM-->UA,IM-->UA,IM-->UA,IM-->UA,,,,,,,,,,,,,,,,,UA-->IM,UA-->IM,UA-->IM,UA-->IM,UA-->IM,UA-->IM,UA-->IM,UA-->IM,UA-->IM,UA-->IM,UA-->IM,UA-->IM,UA-->IM,UA-->IM,UA-->IM,UA-->IM,UA-->IM,UA-->IM,UA-->IM
IL,ISR,Israel,Jerusalem,Asia,Western Asia,,IL-->UA,IL-->UA,IL-->UA,IL-->UA,IL-->UA,IL-->UA,IL-->UA,IL-->UA,IL-->UA,IL-->UA,IL-->UA,IL-->UA,IL-->UA,IL-->UA,IL-->UA,IL-->UA,IL-->UA,IL-->UA,IL-->UA,,,,,,,,,,,,,,,,,UA-->IL,UA-->IL,UA-->IL,UA-->IL,UA-->IL,UA-->IL,UA-->IL,UA-->IL,UA-->IL,UA-->IL,UA-->IL,UA-->IL,UA-->IL,UA-->IL,UA-->IL,UA-->IL,UA-->IL,UA-->IL,UA-->IL
IT,ITA,Italy,Rome,Europe,Southern Europe,,IT-->UA,IT-->UA,IT-->UA,IT-->UA,IT-->UA,IT-->UA,IT-->UA,IT-->UA,IT-->UA,IT-->UA,IT-->UA,IT-->UA,IT-->UA,IT-->UA,IT-->UA,IT-->UA,IT-->UA,IT-->UA,IT-->UA,,,,,,,,,,,,,,,,,UA-->IT,UA-->IT,UA-->IT,UA-->IT,UA-->IT,UA-->IT,UA-->IT,UA-->IT,UA-->IT,UA-->IT,UA-->IT,UA-->IT,UA-->IT,UA-->IT,UA-->IT,UA-->IT,UA-->IT,UA-->IT,UA-->IT
JM,JAM,Jamaica,Kingston,Americas,Caribbean,,JM-->UA,JM-->UA,JM-->UA,JM-->UA,JM-->UA,JM-->UA,JM-->UA,JM-->UA,JM-->UA,JM-->UA,JM-->UA,JM-->UA,JM-->UA,JM-->UA,JM-->UA,JM-->UA,JM-->UA,JM-->UA,JM-->UA,,,,,,,,,,,,,,,,,UA-->JM,UA-->JM,UA-->JM,UA-->JM,UA-->JM,UA-->JM,UA-->JM,UA-->JM,UA-->JM,UA-->JM,UA-->JM,UA-->JM,UA-->JM,UA-->JM,UA-->JM,UA-->JM,UA-->JM,UA-->JM,UA-->JM
JP,JPN,Japan,Tokyo,Asia,Eastern Asia,,JP-->UA,JP-->UA,JP-->UA,JP-->UA,JP-->UA,JP-->UA,JP-->UA,JP-->UA,JP-->UA,JP-->UA,JP-->UA,JP-->UA,JP-->UA,JP-->UA,JP-->UA,JP-->UA,JP-->UA,JP-->UA,JP-->UA,,,,,,,,,,,,,,,,,UA-->JP,UA-->JP,UA-->JP,UA-->JP,UA-->JP,UA-->JP,UA-->JP,UA-->JP,UA-->JP,UA-->JP,UA-->JP,UA-->JP,UA-->JP,UA-->JP,UA-->JP,UA-->JP,UA-->JP,UA-->JP,UA-->JP
JE,JEY,Jersey,Saint Helier,Europe,Northern Europe,,JE-->UA,JE-->UA,JE-->UA,JE-->UA,JE-->UA,JE-->UA,JE-->UA,JE-->UA,JE-->UA,JE-->UA,JE-->UA,JE-->UA,JE-->UA,JE-->UA,JE-->UA,JE-->UA,JE-->UA,JE-->UA,JE-->UA,,,,,,,,,,,,,,,,,UA-->JE,UA-->JE,UA-->JE,UA-->JE,UA-->JE,UA-->JE,UA-->JE,UA-->JE,UA-->JE,UA-->JE,UA-->JE,UA-->JE,UA-->JE,UA-->JE,UA-->JE,UA-->JE,UA-->JE,UA-->JE,UA-->JE
JO,JOR,Jordan,Amman,Asia,Western Asia,,JO-->UA,JO-->UA,JO-->UA,JO-->UA,JO-->UA,JO-->UA,JO-->UA,JO-->UA,JO-->UA,JO-->UA,JO-->UA,JO-->UA,JO-->UA,JO-->UA,JO-->UA,JO-->UA,JO-->UA,JO-->UA,JO-->UA,,,,,,,,,,,,,,,,,UA-->JO,UA-->JO,UA-->JO,UA-->JO,UA-->JO,UA-->JO,UA-->JO,UA-->JO,UA-->JO,UA-->JO,UA-->JO,UA-->JO,UA-->JO,UA-->JO,UA-->JO,UA-->JO,UA-->JO,UA-->JO,UA-->JO
KZ,KAZ,Kazakhstan,Astana,Asia,Central Asia,,KZ-->UA,KZ-->UA,KZ-->UA,KZ-->UA,KZ-->UA,KZ-->UA,KZ-->UA,KZ-->UA,KZ-->UA,KZ-->UA,KZ-->UA,KZ-->UA,KZ-->UA,KZ-->UA,KZ-->UA,KZ-->UA,KZ-->UA,KZ-->UA,KZ-->UA,,,,,,,,,,,,,,,,,UA-->KZ,UA-->KZ,UA-->KZ,UA-->KZ,UA-->KZ,UA-->KZ,UA-->KZ,UA-->KZ,UA-->KZ,UA-->KZ,UA-->KZ,UA-->KZ,UA-->KZ,UA-->KZ,UA-->KZ,UA-->KZ,UA-->KZ,UA-->KZ,UA-->KZ
KE,KEN,Kenya,Nairobi,Africa,Eastern Africa,,KE-->UA,KE-->UA,KE-->UA,KE-->UA,KE-->UA,KE-->UA,KE-->UA,KE-->UA,KE-->UA,KE-->UA,KE-->UA,KE-->UA,KE-->UA,KE-->UA,KE-->UA,KE-->UA,KE-->UA,KE-->UA,KE-->UA,,,,,,,,,,,,,,,,,UA-->KE,UA-->KE,UA-->KE,UA-->KE,UA-->KE,UA-->KE,UA-->KE,UA-->KE,UA-->KE,UA-->KE,UA-->KE,UA-->KE,UA-->KE,UA-->KE,UA-->KE,UA-->KE,UA-->KE,UA-->KE,UA-->KE
KI,KIR,Kiribati,South Tarawa,Oceania,Micronesia,,KI-->UA,KI-->UA,KI-->UA,KI-->UA,KI-->UA,KI-->UA,KI-->UA,KI-->UA,KI-->UA,KI-->UA,KI-->UA,KI-->UA,KI-->UA,KI-->UA,KI-->UA,KI-->UA,KI-->UA,KI-->UA,KI-->UA,,,,,,,,,,,,,,,,,UA-->KI,UA-->KI,UA-->KI,UA-->KI,UA-->KI,UA-->KI,UA-->KI,UA-->KI,UA-->KI,UA-->KI,UA-->KI,UA-->KI,UA-->KI,UA-->KI,UA-->KI,UA-->KI,UA-->KI,UA-->KI,UA-->KI
KW,KWT,Kuwait,Kuwait City,Asia,Western Asia,,KW-->UA,KW-->UA,KW-->UA,KW-->UA,KW-->UA,KW-->UA,KW-->UA,KW-->UA,KW-->UA,KW-->UA,KW-->UA,KW-->UA,KW-->UA,KW-->UA,KW-->UA,KW-->UA,KW-->UA,KW-->UA,KW-->UA,,,,,,,,,,,,,,,,,UA-->KW,UA-->KW,UA-->KW,UA-->KW,UA-->KW,UA-->KW,UA-->KW,UA-->KW,UA-->KW,UA-->KW,UA-->KW,UA-->KW,UA-->KW,UA-->KW,UA-->KW,UA-->KW,UA-->KW,UA-->KW,UA-->KW
KG,KGZ,Kyrgyzstan,Bishkek,Asia,Central Asia,,KG-->UA,KG-->UA,KG-->UA,KG-->UA,KG-->UA,KG-->UA,KG-->UA,KG-->UA,KG-->UA,KG-->UA,KG-->UA,KG-->UA,KG-->UA,KG-->UA,KG-->UA,KG-->UA,KG-->UA,KG-->UA,KG-->UA,,,,,,,,,,,,,,,,,UA-->KG,UA-->KG,UA-->KG,UA-->KG,UA-->KG,UA-->KG,UA-->KG,UA-->KG,UA-->KG,UA-->KG,UA-->KG,UA-->KG,UA-->KG,UA-->KG,UA-->KG,UA-->KG,UA-->KG,UA-->KG,UA-->KG
LA,LAO,Laos,Vientiane,Asia,South-Eastern Asia,,LA-->UA,LA-->UA,LA-->UA,LA-->UA,LA-->UA,LA-->UA,LA-->UA,LA-->UA,LA-->UA,LA-->UA,LA-->UA,LA-->UA,LA-->UA,LA-->UA,LA-->UA,LA-->UA,LA-->UA,LA-->UA,LA-->UA,,,,,,,,,,,,,,,,,UA-->LA,UA-->LA,UA-->LA,UA-->LA,UA-->LA,UA-->LA,UA-->LA,UA-->LA,UA-->LA,UA-->LA,UA-->LA,UA-->LA,UA-->LA,UA-->LA,UA-->LA,UA-->LA,UA-->LA,UA-->LA,UA-->LA
LV,LVA,Latvia,Riga,Europe,Northern Europe,,LV-->UA,LV-->UA,LV-->UA,LV-->UA,LV-->UA,LV-->UA,LV-->UA,LV-->UA,LV-->UA,LV-->UA,LV-->UA,LV-->UA,LV-->UA,LV-->UA,LV-->UA,LV-->UA,LV-->UA,LV-->UA,LV-->UA,,,,,,,,,,,,,,,,,UA-->LV,UA-->LV,UA-->LV,UA-->LV,UA-->LV,UA-->LV,UA-->LV,UA-->LV,UA-->LV,UA-->LV,UA-->LV,UA-->LV,UA-->LV,UA-->LV,UA-->LV,UA-->LV,UA-->LV,UA-->LV,UA-->LV
LB,LBN,Lebanon,Beirut,Asia,Western Asia,,LB-->UA,LB-->UA,LB-->UA,LB-->UA,LB-->UA,LB-->UA,LB-->UA,LB-->UA,LB-->UA,LB-->UA,LB-->UA,LB-->UA,LB-->UA,LB-->UA,LB-->UA,LB-->UA,LB-->UA,LB-->UA,LB-->UA,,,,,,,,,,,,,,,,,UA-->LB,UA-->LB,UA-->LB,UA-->LB,UA-->LB,UA-->LB,UA-->LB,UA-->LB,UA-->LB,UA-->LB,UA-->LB,UA-->LB,UA-->LB,UA-->LB,UA-->LB,UA-->LB,UA-->LB,UA-->LB,UA-->LB
LS,LSO,Lesotho,Maseru,Africa,Southern Africa,,LS-->UA,LS-->UA,LS-->UA,LS-->UA,LS-->UA,LS-->UA,LS-->UA,LS-->UA,LS-->UA,LS-->UA,LS-->UA,LS-->UA,LS-->UA,LS-->UA,LS-->UA,LS-->UA,LS-->UA,LS-->UA,LS-->UA,,,,,,,,,,,,,,,,,UA-->LS,UA-->LS,UA-->LS,UA-->LS,UA-->LS,UA-->LS,UA-->LS,UA-->LS,UA-->LS,UA-->LS,UA-->LS,UA-->LS,UA-->LS,UA-->LS,UA-->LS,UA-->LS,UA-->LS,UA-->LS,UA-->LS
LR,LBR,Liberia,Monrovia,Africa,Western Africa,,LR-->UA,LR-->UA,LR-->UA,LR-->UA,LR-->UA,LR-->UA,LR-->UA,LR-->UA,LR-->UA,LR-->UA,LR-->UA,LR-->UA,LR-->UA,LR-->UA,LR-->UA,LR-->UA,LR-->UA,LR-->UA,LR-->UA,,,,,,,,,,,,,,,,,UA-->LR,UA-->LR,UA-->LR,UA-->LR,UA-->LR,UA-->LR,UA-->LR,UA-->LR,UA-->LR,UA-->LR,UA-->LR,UA-->LR,UA-->LR,UA-->LR,UA-->LR,UA-->LR,UA-->LR,UA-->LR,UA-->LR
LY,LBY,Libya,Tripoli,Africa,Northern Africa,,LY-->UA,LY-->UA,LY-->UA,LY-->UA,LY-->UA,LY-->UA,LY-->UA,LY-->UA,LY-->UA,LY-->UA,LY-->UA,LY-->UA,LY-->UA,LY-->UA,LY-->UA,LY-->UA,LY-->UA,LY-->UA,LY-->UA,,,,,,,,,,,,,,,,,UA-->LY,UA-->LY,UA-->LY,UA-->LY,UA-->LY,UA-->LY,UA-->LY,UA-->LY,UA-->LY,UA-->LY,UA-->LY,UA-->LY,UA-->LY,UA-->LY,UA-->LY,UA-->LY,UA-->LY,UA-->LY,UA-->LY
LI,LIE,Liechtenstein,Vaduz,Europe,Western Europe,,LI-->UA,LI-->UA,LI-->UA,LI-->UA,LI-->UA,LI-->UA,LI-->UA,LI-->UA,LI-->UA,LI-->UA,LI-->UA,LI-->UA,LI-->UA,LI-->UA,LI-->UA,LI-->UA,LI-->UA,LI-->UA,LI-->UA,,,,,,,,,,,,,,,,,UA-->LI,UA-->LI,UA-->LI,UA-->LI,UA-->LI,UA-->LI,UA-->LI,UA-->LI,UA-->LI,UA-->LI,UA-->LI,UA-->LI,UA-->LI,UA-->LI,UA-->LI,UA-->LI,UA-->LI,UA-->LI,UA-->LI
LT,LTU,Lithuania,Vilnius,Europe,Northern Europe,,LT-->UA,LT-->UA,LT-->UA,LT-->UA,LT-->UA,LT-->UA,LT-->UA,LT-->UA,LT-->UA,LT-->UA,LT-->UA,LT-->UA,LT-->UA,LT-->UA,LT-->UA,LT-->UA,LT-->UA,LT-->UA,LT-->UA,,,,,,,,,,,,,,,,,UA-->LT,UA-->LT,UA-->LT,UA-->LT,UA-->LT,UA-->LT,UA-->LT,UA-->LT,UA-->LT,UA-->LT,UA-->LT,UA-->LT,UA-->LT,UA-->LT,UA-->LT,UA-->LT,UA-->LT,UA-->LT,UA-->LT
LU,LUX,Luxembourg,Luxembourg,Europe,Western Europe,,LU-->UA,LU-->UA,LU-->UA,LU-->UA,LU-->UA,LU-->UA,LU-->UA,LU-->UA,LU-->UA,LU-->UA,LU-->UA,LU-->UA,LU-->UA,LU-->UA,LU-->UA,LU-->UA,LU-->UA,LU-->UA,LU-->UA,,,,,,,,,,,,,,,,,UA-->LU,UA-->LU,UA-->LU,UA-->LU,UA-->LU,UA-->LU,UA-->LU,UA-->LU,UA-->LU,UA-->LU,UA-->LU,UA-->LU,UA-->LU,UA-->LU,UA-->LU,UA-->LU,UA-->LU,UA-->LU,UA-->LU
MO,MAC,Macau,,Asia,Eastern Asia,,MO-->UA,MO-->UA,MO-->UA,MO-->UA,MO-->UA,MO-->UA,MO-->UA,MO-->UA,MO-->UA,MO-->UA,MO-->UA,MO-->UA,MO-->UA,MO-->UA,MO-->UA,MO-->UA,MO-->UA,MO-->UA,MO-->UA,,,,,,,,,,,,,,,,,UA-->MO,UA-->MO,UA-->MO,UA-->MO,UA-->MO,UA-->MO,UA-->MO,UA-->MO,UA-->MO,UA-->MO,UA-->MO,UA-->MO,UA-->MO,UA-->MO,UA-->MO,UA-->MO,UA-->MO,UA-->MO,UA-->MO
MK,MKD,Republic of Macedonia,Skopje,Europe,Southern Europe,,MK-->UA,MK-->UA,MK-->UA,MK-->UA,MK-->UA,MK-->UA,MK-->UA,MK-->UA,MK-->UA,MK-->UA,MK-->UA,MK-->UA,MK-->UA,MK-->UA,MK-->UA,MK-->UA,MK-->UA,MK-->UA,MK-->UA,,,,,,,,,,,,,,,,,UA-->MK,UA-->MK,UA-->MK,UA-->MK,UA-->MK,UA-->MK,UA-->MK,UA-->MK,UA-->MK,UA-->MK,UA-->MK,UA-->MK,UA-->MK,UA-->MK,UA-->MK,UA-->MK,UA-->MK,UA-->MK,UA-->MK
MG,MDG,Madagascar,Antananarivo,Africa,Eastern Africa,,MG-->UA,MG-->UA,MG-->UA,MG-->UA,MG-->UA,MG-->UA,MG-->UA,MG-->UA,MG-->UA,MG-->UA,MG-->UA,MG-->UA,MG-->UA,MG-->UA,MG-->UA,MG-->UA,MG-->UA,MG-->UA,MG-->UA,,,,,,,,,,,,,,,,,UA-->MG,UA-->MG,UA-->MG,UA-->MG,UA-->MG,UA-->MG,UA-->MG,UA-->MG,UA-->MG,UA-->MG,UA-->MG,UA-->MG,UA-->MG,UA-->MG,UA-->MG,UA-->MG,UA-->MG,UA-->MG,UA-->MG
MW,MWI,Malawi,Lilongwe,Africa,Eastern Africa,,MW-->UA,MW-->UA,MW-->UA,MW-->UA,MW-->UA,MW-->UA,MW-->UA,MW-->UA,MW-->UA,MW-->UA,MW-->UA,MW-->UA,MW-->UA,MW-->UA,MW-->UA,MW-->UA,MW-->UA,MW-->UA,MW-->UA,,,,,,,,,,,,,,,,,UA-->MW,UA-->MW,UA-->MW,UA-->MW,UA-->MW,UA-->MW,UA-->MW,UA-->MW,UA-->MW,UA-->MW,UA-->MW,UA-->MW,UA-->MW,UA-->MW,UA-->MW,UA-->MW,UA-->MW,UA-->MW,UA-->MW
MY,MYS,Malaysia,Kuala Lumpur,Asia,South-Eastern Asia,,MY-->UA,MY-->UA,MY-->UA,MY-->UA,MY-->UA,MY-->UA,MY-->UA,MY-->UA,MY-->UA,MY-->UA,MY-->UA,MY-->UA,MY-->UA,MY-->UA,MY-->UA,MY-->UA,MY-->UA,MY-->UA,MY-->UA,,,,,,,,,,,,,,,,,UA-->MY,UA-->MY,UA-->MY,UA-->MY,UA-->MY,UA-->MY,UA-->MY,UA-->MY,UA-->MY,UA-->MY,UA-->MY,UA-->MY,UA-->MY,UA-->MY,UA-->MY,UA-->MY,UA-->MY,UA-->MY,UA-->MY
MV,MDV,Maldives,Malé,Asia,Southern Asia,,MV-->UA,MV-->UA,MV-->UA,MV-->UA,MV-->UA,MV-->UA,MV-->UA,MV-->UA,MV-->UA,MV-->UA,MV-->UA,MV-->UA,MV-->UA,MV-->UA,MV-->UA,MV-->UA,MV-->UA,MV-->UA,MV-->UA,,,,,,,,,,,,,,,,,UA-->MV,UA-->MV,UA-->MV,UA-->MV,UA-->MV,UA-->MV,UA-->MV,UA-->MV,UA-->MV,UA-->MV,UA-->MV,UA-->MV,UA-->MV,UA-->MV,UA-->MV,UA-->MV,UA-->MV,UA-->MV,UA-->MV
ML,MLI,Mali,Bamako,Africa,Western Africa,,ML-->UA,ML-->UA,ML-->UA,ML-->UA,ML-->UA,ML-->UA,ML-->UA,ML-->UA,ML-->UA,ML-->UA,ML-->UA,ML-->UA,ML-->UA,ML-->UA,ML-->UA,ML-->UA,ML-->UA,ML-->UA,ML-->UA,,,,,,,,,,,,,,,,,UA-->ML,UA-->ML,UA-->ML,UA-->ML,UA-->ML,UA-->ML,UA-->ML,UA-->ML,UA-->ML,UA-->ML,UA-->ML,UA-->ML,UA-->ML,UA-->ML,UA-->ML,UA-->ML,UA-->ML,UA-->ML,UA-->ML
MT,MLT,Malta,Valletta,Europe,Southern Europe,,MT-->UA,MT-->UA,MT-->UA,MT-->UA,MT-->UA,MT-->UA,MT-->UA,MT-->UA,MT-->UA,MT-->UA,MT-->UA,MT-->UA,MT-->UA,MT-->UA,MT-->UA,MT-->UA,MT-->UA,MT-->UA,MT-->UA,,,,,,,,,,,,,,,,,UA-->MT,UA-->MT,UA-->MT,UA-->MT,UA-->MT,UA-->MT,UA-->MT,UA-->MT,UA-->MT,UA-->MT,UA-->MT,UA-->MT,UA-->MT,UA-->MT,UA-->MT,UA-->MT,UA-->MT,UA-->MT,UA-->MT
MH,MHL,Marshall Islands,Majuro,Oceania,Micronesia,,MH-->UA,MH-->UA,MH-->UA,MH-->UA,MH-->UA,MH-->UA,MH-->UA,MH-->UA,MH-->UA,MH-->UA,MH-->UA,MH-->UA,MH-->UA,MH-->UA,MH-->UA,MH-->UA,MH-->UA,MH-->UA,MH-->UA,,,,,,,,,,,,,,,,,UA-->MH,UA-->MH,UA-->MH,UA-->MH,UA-->MH,UA-->MH,UA-->MH,UA-->MH,UA-->MH,UA-->MH,UA-->MH,UA-->MH,UA-->MH,UA-->MH,UA-->MH,UA-->MH,UA-->MH,UA-->MH,UA-->MH
MQ,MTQ,Martinique,Fort-de-France,Americas,Caribbean,,MQ-->UA,MQ-->UA,MQ-->UA,MQ-->UA,MQ-->UA,MQ-->UA,MQ-->UA,MQ-->UA,MQ-->UA,MQ-->UA,MQ-->UA,MQ-->UA,MQ-->UA,MQ-->UA,MQ-->UA,MQ-->UA,MQ-->UA,MQ-->UA,MQ-->UA,,,,,,,,,,,,,,,,,UA-->MQ,UA-->MQ,UA-->MQ,UA-->MQ,UA-->MQ,UA-->MQ,UA-->MQ,UA-->MQ,UA-->MQ,UA-->MQ,UA-->MQ,UA-->MQ,UA-->MQ,UA-->MQ,UA-->MQ,UA-->MQ,UA-->MQ,UA-->MQ,UA-->MQ
MR,MRT,Mauritania,Nouakchott,Africa,Western Africa,,MR-->UA,MR-->UA,MR-->UA,MR-->UA,MR-->UA,MR-->UA,MR-->UA,MR-->UA,MR-->UA,MR-->UA,MR-->UA,MR-->UA,MR-->UA,MR-->UA,MR-->UA,MR-->UA,MR-->UA,MR-->UA,MR-->UA,0.0,,,,,,,,,,,,,,,,UA-->MR,UA-->MR,UA-->MR,UA-->MR,UA-->MR,UA-->MR,UA-->MR,UA-->MR,UA-->MR,UA-->MR,UA-->MR,UA-->MR,UA-->MR,UA-->MR,UA-->MR,UA-->MR,UA-->MR,UA-->MR,UA-->MR
MU,MUS,Mauritius,Port Louis,Africa,Eastern Africa,,MU-->UA,MU-->UA,MU-->UA,MU-->UA,MU-->UA,MU-->UA,MU-->UA,MU-->UA,MU-->UA,MU-->UA,MU-->UA,MU-->UA,MU-->UA,MU-->UA,MU-->UA,MU-->UA,MU-->UA,MU-->UA,MU-->UA,,,,,,,,,,,,,,,,,UA-->MU,UA-->MU,UA-->MU,UA-->MU,UA-->MU,UA-->MU,UA-->MU,UA-->MU,UA-->MU,UA-->MU,UA-->MU,UA-->MU,UA-->MU,UA-->MU,UA-->MU,UA-->MU,UA-->MU,UA-->MU,UA-->MU
YT,MYT,Mayotte,Mamoudzou,Africa,Eastern Africa,,YT-->UA,YT-->UA,YT-->UA,YT-->UA,YT-->UA,YT-->UA,YT-->UA,YT-->UA,YT-->UA,YT-->UA,YT-->UA,YT-->UA,YT-->UA,YT-->UA,YT-->UA,YT-->UA,YT-->UA,YT-->UA,YT-->UA,,,,,,,,,,,,,,,,,UA-->YT,UA-->YT,UA-->YT,UA-->YT,UA-->YT,UA-->YT,UA-->YT,UA-->YT,UA-->YT,UA-->YT,UA-->YT,UA-->YT,UA-->YT,UA-->YT,UA-->YT,UA-->YT,UA-->YT,UA-->YT,UA-->YT
MX,MEX,Mexico,Mexico City,Americas,Central America,,MX-->UA,MX-->UA,MX-->UA,MX-->UA,MX-->UA,MX-->UA,MX-->UA,MX-->UA,MX-->UA,MX-->UA,MX-->UA,MX-->UA,MX-->UA,MX-->UA,MX-->UA,MX-->UA,MX-->UA,MX-->UA,MX-->UA,,,,,,,,,,,,,,,,,UA-->MX,UA-->MX,UA-->MX,UA-->MX,UA-->MX,UA-->MX,UA-->MX,UA-->MX,UA-->MX,UA-->MX,UA-->MX,UA-->MX,UA-->MX,UA-->MX,UA-->MX,UA-->MX,UA-->MX,UA-->MX,UA-->MX
FM,FSM,Federated States of Micronesia,Palikir,Oceania,Micronesia,,FM-->UA,FM-->UA,FM-->UA,FM-->UA,FM-->UA,FM-->UA,FM-->UA,FM-->UA,FM-->UA,FM-->UA,FM-->UA,FM-->UA,FM-->UA,FM-->UA,FM-->UA,FM-->UA,FM-->UA,FM-->UA,FM-->UA,,,,,,,,,,,,,,,,,UA-->FM,UA-->FM,UA-->FM,UA-->FM,UA-->FM,UA-->FM,UA-->FM,UA-->FM,UA-->FM,UA-->FM,UA-->FM,UA-->FM,UA-->FM,UA-->FM,UA-->FM,UA-->FM,UA-->FM,UA-->FM,UA-->FM
MD,MDA,Moldova,Chișinău,Europe,Eastern Europe,,MD-->UA,MD-->UA,MD-->UA,MD-->UA,MD-->UA,MD-->UA,MD-->UA,MD-->UA,MD-->UA,MD-->UA,MD-->UA,MD-->UA,MD-->UA,MD-->UA,MD-->UA,MD-->UA,MD-->UA,MD-->UA,MD-->UA,,,,,,,,,,,,,,,,,UA-->MD,UA-->MD,UA-->MD,UA-->MD,UA-->MD,UA-->MD,UA-->MD,UA-->MD,UA-->MD,UA-->MD,UA-->MD,UA-->MD,UA-->MD,UA-->MD,UA-->MD,UA-->MD,UA-->MD,UA-->MD,UA-->MD
MC,MCO,Monaco,Monaco,Europe,Western Europe,,MC-->UA,MC-->UA,MC-->UA,MC-->UA,MC-->UA,MC-->UA,MC-->UA,MC-->UA,MC-->UA,MC-->UA,MC-->UA,MC-->UA,MC-->UA,MC-->UA,MC-->UA,MC-->UA,MC-->UA,MC-->UA,MC-->UA,,,,,,,,,,,,,,,,,UA-->MC,UA-->MC,UA-->MC,UA-->MC,UA-->MC,UA-->MC,UA-->MC,UA-->MC,UA-->MC,UA-->MC,UA-->MC,UA-->MC,UA-->MC,UA-->MC,UA-->MC,UA-->MC,UA-->MC,UA-->MC,UA-->MC
MN,MNG,Mongolia,Ulan Bator,Asia,Eastern Asia,,MN-->UA,MN-->UA,MN-->UA,MN-->UA,MN-->UA,MN-->UA,MN-->UA,MN-->UA,MN-->UA,MN-->UA,MN-->UA,MN-->UA,MN-->UA,MN-->UA,MN-->UA,MN-->UA,MN-->UA,MN-->UA,MN-->UA,,,,,,,,,,,,,,,,,UA-->MN,UA-->MN,UA-->MN,UA-->MN,UA-->MN,UA-->MN,UA-->MN,UA-->MN,UA-->MN,UA-->MN,UA-->MN,UA-->MN,UA-->MN,UA-->MN,UA-->MN,UA-->MN,UA-->MN,UA-->MN,UA-->MN
ME,MNE,Montenegro,Podgorica,Europe,Southern Europe,,ME-->UA,ME-->UA,ME-->UA,ME-->UA,ME-->UA,ME-->UA,ME-->UA,ME-->UA,ME-->UA,ME-->UA,ME-->UA,ME-->UA,ME-->UA,ME-->UA,ME-->UA,ME-->UA,ME-->UA,ME-->UA,ME-->UA,,,,,,,,,,,,,,,,,UA-->ME,UA-->ME,UA-->ME,UA-->ME,UA-->ME,UA-->ME,UA-->ME,UA-->ME,UA-->ME,UA-->ME,UA-->ME,UA-->ME,UA-->ME,UA-->ME,UA-->ME,UA-->ME,UA-->ME,UA-->ME,UA-->ME
MS,MSR,Montserrat,Plymouth,Americas,Caribbean,,MS-->UA,MS-->UA,MS-->UA,MS-->UA,MS-->UA,MS-->UA,MS-->UA,MS-->UA,MS-->UA,MS-->UA,MS-->UA,MS-->UA,MS-->UA,MS-->UA,MS-->UA,MS-->UA,MS-->UA,MS-->UA,MS-->UA,,,,,,,,,,,,,,,,,UA-->MS,UA-->MS,UA-->MS,UA-->MS,UA-->MS,UA-->MS,UA-->MS,UA-->MS,UA-->MS,UA-->MS,UA-->MS,UA-->MS,UA-->MS,UA-->MS,UA-->MS,UA-->MS,UA-->MS,UA-->MS,UA-->MS
MA,MAR,Morocco,Rabat,Africa,Northern Africa,,MA-->UA,MA-->UA,MA-->UA,MA-->UA,MA-->UA,MA-->UA,MA-->UA,MA-->UA,MA-->UA,MA-->UA,MA-->UA,MA-->UA,MA-->UA,MA-->UA,MA-->UA,MA-->UA,MA-->UA,MA-->UA,MA-->UA,,,,,,,,,,,,,,,,,UA-->MA,UA-->MA,UA-->MA,UA-->MA,UA-->MA,UA-->MA,UA-->MA,UA-->MA,UA-->MA,UA-->MA,UA-->MA,UA-->MA,UA-->MA,UA-->MA,UA-->MA,UA-->MA,UA-->MA,UA-->MA,UA-->MA
MZ,MOZ,Mozambique,Maputo,Africa,Eastern Africa,,MZ-->UA,MZ-->UA,MZ-->UA,MZ-->UA,MZ-->UA,MZ-->UA,MZ-->UA,MZ-->UA,MZ-->UA,MZ-->UA,MZ-->UA,MZ-->UA,MZ-->UA,MZ-->UA,MZ-->UA,MZ-->UA,MZ-->UA,MZ-->UA,MZ-->UA,,,,,,,,,,,,,,,,,UA-->MZ,UA-->MZ,UA-->MZ,UA-->MZ,UA-->MZ,UA-->MZ,UA-->MZ,UA-->MZ,UA-->MZ,UA-->MZ,UA-->MZ,UA-->MZ,UA-->MZ,UA-->MZ,UA-->MZ,UA-->MZ,UA-->MZ,UA-->MZ,UA-->MZ
MM,MMR,Myanmar,Naypyidaw,Asia,South-Eastern Asia,,MM-->UA,MM-->UA,MM-->UA,MM-->UA,MM-->UA,MM-->UA,MM-->UA,MM-->UA,MM-->UA,MM-->UA,MM-->UA,MM-->UA,MM-->UA,MM-->UA,MM-->UA,MM-->UA,MM-->UA,MM-->UA,MM-->UA,,,,,,,,,,,,,,,,,UA-->MM,UA-->MM,UA-->MM,UA-->MM,UA-->MM,UA-->MM,UA-->MM,UA-->MM,UA-->MM,UA-->MM,UA-->MM,UA-->MM,UA-->MM,UA-->MM,UA-->MM,UA-->MM,UA-->MM,UA-->MM,UA-->MM
,NAM,Namibia,Windhoek,Africa,Southern Africa,,NA-->UA,NA-->UA,NA-->UA,NA-->UA,NA-->UA,NA-->UA,NA-->UA,NA-->UA,NA-->UA,NA-->UA,NA-->UA,NA-->UA,NA-->UA,NA-->UA,NA-->UA,NA-->UA,NA-->UA,NA-->UA,NA-->UA,,,,,,,,,,,,,,,,,UA-->NA,UA-->NA,UA-->NA,UA-->NA,UA-->NA,UA-->NA,UA-->NA,UA-->NA,UA-->NA,UA-->NA,UA-->NA,UA-->NA,UA-->NA,UA-->NA,UA-->NA,UA-->NA,UA-->NA,UA-->NA,UA-->NA
NR,NRU,Nauru,Yaren,Oceania,Micronesia,,NR-->UA,NR-->UA,NR-->UA,NR-->UA,NR-->UA,NR-->UA,NR-->UA,NR-->UA,NR-->UA,NR-->UA,NR-->UA,NR-->UA,NR-->UA,NR-->UA,NR-->UA,NR-->UA,NR-->UA,NR-->UA,NR-->UA,,,,,,,,,,,,,,,,,UA-->NR,UA-->NR,UA-->NR,UA-->NR,UA-->NR,UA-->NR,UA-->NR,UA-->NR,UA-->NR,UA-->NR,UA-->NR,UA-->NR,UA-->NR,UA-->NR,UA-->NR,UA-->NR,UA-->NR,UA-->NR,UA-->NR
NP,NPL,Nepal,Kathmandu,Asia,Southern Asia,,NP-->UA,NP-->UA,NP-->UA,NP-->UA,NP-->UA,NP-->UA,NP-->UA,NP-->UA,NP-->UA,NP-->UA,NP-->UA,NP-->UA,NP-->UA,NP-->UA,NP-->UA,NP-->UA,NP-->UA,NP-->UA,NP-->UA,,,,,,,,,,,,,,,,,UA-->NP,UA-->NP,UA-->NP,UA-->NP,UA-->NP,UA-->NP,UA-->NP,UA-->NP,UA-->NP,UA-->NP,UA-->NP,UA-->NP,UA-->NP,UA-->NP,UA-->NP,UA-->NP,UA-->NP,UA-->NP,UA-->NP
NL,NLD,Netherlands,Amsterdam,Europe,Western Europe,,NL-->UA,NL-->UA,NL-->UA,NL-->UA,NL-->UA,NL-->UA,NL-->UA,NL-->UA,NL-->UA,NL-->UA,NL-->UA,NL-->UA,NL-->UA,NL-->UA,NL-->UA,NL-->UA,NL-->UA,NL-->UA,NL-->UA,,,,,,,,,,,,,,,,,UA-->NL,UA-->NL,UA-->NL,UA-->NL,UA-->NL,UA-->NL,UA-->NL,UA-->NL,UA-->NL,UA-->NL,UA-->NL,UA-->NL,UA-->NL,UA-->NL,UA-->NL,UA-->NL,UA-->NL,UA-->NL,UA-->NL
NC,NCL,New Caledonia,Nouméa,Oceania,Melanesia,,NC-->UA,NC-->UA,NC-->UA,NC-->UA,NC-->UA,NC-->UA,NC-->UA,NC-->UA,NC-->UA,NC-->UA,NC-->UA,NC-->UA,NC-->UA,NC-->UA,NC-->UA,NC-->UA,NC-->UA,NC-->UA,NC-->UA,,,,,,,,,,,,,,,,,UA-->NC,UA-->NC,UA-->NC,UA-->NC,UA-->NC,UA-->NC,UA-->NC,UA-->NC,UA-->NC,UA-->NC,UA-->NC,UA-->NC,UA-->NC,UA-->NC,UA-->NC,UA-->NC,UA-->NC,UA-->NC,UA-->NC
NZ,NZL,New Zealand,Wellington,Oceania,Australia and New Zealand,,NZ-->UA,NZ-->UA,NZ-->UA,NZ-->UA,NZ-->UA,NZ-->UA,NZ-->UA,NZ-->UA,NZ-->UA,NZ-->UA,NZ-->UA,NZ-->UA,NZ-->UA,NZ-->UA,NZ-->UA,NZ-->UA,NZ-->UA,NZ-->UA,NZ-->UA,,,,,,,,,,,,,,,,,UA-->NZ,UA-->NZ,UA-->NZ,UA-->NZ,UA-->NZ,UA-->NZ,UA-->NZ,UA-->NZ,UA-->NZ,UA-->NZ,UA-->NZ,UA-->NZ,UA-->NZ,UA-->NZ,UA-->NZ,UA-->NZ,UA-->NZ,UA-->NZ,UA-->NZ
NI,NIC,Nicaragua,Managua,Americas,Central America,,NI-->UA,NI-->UA,NI-->UA,NI-->UA,NI-->UA,NI-->UA,NI-->UA,NI-->UA,NI-->UA,NI-->UA,NI-->UA,NI-->UA,NI-->UA,NI-->UA,NI-->UA,NI-->UA,NI-->UA,NI-->UA,NI-->UA,,,,,,,,,,,,,,,,,UA-->NI,UA-->NI,UA-->NI,UA-->NI,UA-->NI,UA-->NI,UA-->NI,UA-->NI,UA-->NI,UA-->NI,UA-->NI,UA-->NI,UA-->NI,UA-->NI,UA-->NI,UA-->NI,UA-->NI,UA-->NI,UA-->NI
NE,NER,Niger,Niamey,Africa,Western Africa,,NE-->UA,NE-->UA,NE-->UA,NE-->UA,NE-->UA,NE-->UA,NE-->UA,NE-->UA,NE-->UA,NE-->UA,NE-->UA,NE-->UA,NE-->UA,NE-->UA,NE-->UA,NE-->UA,NE-->UA,NE-->UA,NE-->UA,,,,,,,,,,,,,,,,,UA-->NE,UA-->NE,UA-->NE,UA-->NE,UA-->NE,UA-->NE,UA-->NE,UA-->NE,UA-->NE,UA-->NE,UA-->NE,UA-->NE,UA-->NE,UA-->NE,UA-->NE,UA-->NE,UA-->NE,UA-->NE,UA-->NE
NG,NGA,Nigeria,Abuja,Africa,Western Africa,,NG-->UA,NG-->UA,NG-->UA,NG-->UA,NG-->UA,NG-->UA,NG-->UA,NG-->UA,NG-->UA,NG-->UA,NG-->UA,NG-->UA,NG-->UA,NG-->UA,NG-->UA,NG-->UA,NG-->UA,NG-->UA,NG-->UA,,,,,,,,,,,,,,,,,UA-->NG,UA-->NG,UA-->NG,UA-->NG,UA-->NG,UA-->NG,UA-->NG,UA-->NG,UA-->NG,UA-->NG,UA-->NG,UA-->NG,UA-->NG,UA-->NG,UA-->NG,UA-->NG,UA-->NG,UA-->NG,UA-->NG
NU,NIU,Niue,Alofi,Oceania,Polynesia,,NU-->UA,NU-->UA,NU-->UA,NU-->UA,NU-->UA,NU-->UA,NU-->UA,NU-->UA,NU-->UA,NU-->UA,NU-->UA,NU-->UA,NU-->UA,NU-->UA,NU-->UA,NU-->UA,NU-->UA,NU-->UA,NU-->UA,,,,,,,,,,,,,,,,,UA-->NU,UA-->NU,UA-->NU,UA-->NU,UA-->NU,UA-->NU,UA-->NU,UA-->NU,UA-->NU,UA-->NU,UA-->NU,UA-->NU,UA-->NU,UA-->NU,UA-->NU,UA-->NU,UA-->NU,UA-->NU,UA-->NU
NF,NFK,Norfolk Island,Kingston,Oceania,Australia and New Zealand,,NF-->UA,NF-->UA,NF-->UA,NF-->UA,NF-->UA,NF-->UA,NF-->UA,NF-->UA,NF-->UA,NF-->UA,NF-->UA,NF-->UA,NF-->UA,NF-->UA,NF-->UA,NF-->UA,NF-->UA,NF-->UA,NF-->UA,,,,,,,,,,,,,,,,,UA-->NF,UA-->NF,UA-->NF,UA-->NF,UA-->NF,UA-->NF,UA-->NF,UA-->NF,UA-->NF,UA-->NF,UA-->NF,UA-->NF,UA-->NF,UA-->NF,UA-->NF,UA-->NF,UA-->NF,UA-->NF,UA-->NF
KP,PRK,North Korea,Pyongyang,Asia,Eastern Asia,,KP-->UA,KP-->UA,KP-->UA,KP-->UA,KP-->UA,KP-->UA,KP-->UA,KP-->UA,KP-->UA,KP-->UA,KP-->UA,KP-->UA,KP-->UA,KP-->UA,KP-->UA,KP-->UA,KP-->UA,KP-->UA,KP-->UA,,,,,,,,,,,,,,,,,UA-->KP,UA-->KP,UA-->KP,UA-->KP,UA-->KP,UA-->KP,UA-->KP,UA-->KP,UA-->KP,UA-->KP,UA-->KP,UA-->KP,UA-->KP,UA-->KP,UA-->KP,UA-->KP,UA-->KP,UA-->KP,UA-->KP
MP,MNP,Northern Mariana Islands,Saipan,Oceania,Micronesia,,MP-->UA,MP-->UA,MP-->UA,MP-->UA,MP-->UA,MP-->UA,MP-->UA,MP-->UA,MP-->UA,MP-->UA,MP-->UA,MP-->UA,MP-->UA,MP-->UA,MP-->UA,MP-->UA,MP-->UA,MP-->UA,MP-->UA,,,,,,,,,,,,,,,,,UA-->MP,UA-->MP,UA-->MP,UA-->MP,UA-->MP,UA-->MP,UA-->MP,UA-->MP,UA-->MP,UA-->MP,UA-->MP,UA-->MP,UA-->MP,UA-->MP,UA-->MP,UA-->MP,UA-->MP,UA-->MP,UA-->MP
NO,NOR,Norway,Oslo,Europe,Northern Europe,,NO-->UA,NO-->UA,NO-->UA,NO-->UA,NO-->UA,NO-->UA,NO-->UA,NO-->UA,NO-->UA,NO-->UA,NO-->UA,NO-->UA,NO-->UA,NO-->UA,NO-->UA,NO-->UA,NO-->UA,NO-->UA,NO-->UA,,,,,,,,,,,,,,,,,UA-->NO,UA-->NO,UA-->NO,UA-->NO,UA-->NO,UA-->NO,UA-->NO,UA-->NO,UA-->NO,UA-->NO,UA-->NO,UA-->NO,UA-->NO,UA-->NO,UA-->NO,UA-->NO,UA-->NO,UA-->NO,UA-->NO
OM,OMN,Oman,Muscat,Asia,Western Asia,,OM-->UA,OM-->UA,OM-->UA,OM-->UA,OM-->UA,OM-->UA,OM-->UA,OM-->UA,OM-->UA,OM-->UA,OM-->UA,OM-->UA,OM-->UA,OM-->UA,OM-->UA,OM-->UA,OM-->UA,OM-->UA,OM-->UA,,,,,,,,,,,,,,,,,UA-->OM,UA-->OM,UA-->OM,UA-->OM,UA-->OM,UA-->OM,UA-->OM,UA-->OM,UA-->OM,UA-->OM,UA-->OM,UA-->OM,UA-->OM,UA-->OM,UA-->OM,UA-->OM,UA-->OM,UA-->OM,UA-->OM
PK,PAK,Pakistan,Islamabad,Asia,Southern Asia,,PK-->UA,PK-->UA,PK-->UA,PK-->UA,PK-->UA,PK-->UA,PK-->UA,PK-->UA,PK-->UA,PK-->UA,PK-->UA,PK-->UA,PK-->UA,PK-->UA,PK-->UA,PK-->UA,PK-->UA,PK-->UA,PK-->UA,,,,,,,,,,,,,,,,,UA-->PK,UA-->PK,UA-->PK,UA-->PK,UA-->PK,UA-->PK,UA-->PK,UA-->PK,UA-->PK,UA-->PK,UA-->PK,UA-->PK,UA-->PK,UA-->PK,UA-->PK,UA-->PK,UA-->PK,UA-->PK,UA-->PK
PW,PLW,Palau,Ngerulmud,Oceania,Micronesia,,PW-->UA,PW-->UA,PW-->UA,PW-->UA,PW-->UA,PW-->UA,PW-->UA,PW-->UA,PW-->UA,PW-->UA,PW-->UA,PW-->UA,PW-->UA,PW-->UA,PW-->UA,PW-->UA,PW-->UA,PW-->UA,PW-->UA,,,,,,,,,,,,,,,,,UA-->PW,UA-->PW,UA-->PW,UA-->PW,UA-->PW,UA-->PW,UA-->PW,UA-->PW,UA-->PW,UA-->PW,UA-->PW,UA-->PW,UA-->PW,UA-->PW,UA-->PW,UA-->PW,UA-->PW,UA-->PW,UA-->PW
PS,PSE,Palestine,Ramallah,Asia,Western Asia,,PS-->UA,PS-->UA,PS-->UA,PS-->UA,PS-->UA,PS-->UA,PS-->UA,PS-->UA,PS-->UA,PS-->UA,PS-->UA,PS-->UA,PS-->UA,PS-->UA,PS-->UA,PS-->UA,PS-->UA,PS-->UA,PS-->UA,,,,,,,,,,,,,,,,,UA-->PS,UA-->PS,UA-->PS,UA-->PS,UA-->PS,UA-->PS,UA-->PS,UA-->PS,UA-->PS,UA-->PS,UA-->PS,UA-->PS,UA-->PS,UA-->PS,UA-->PS,UA-->PS,UA-->PS,UA-->PS,UA-->PS
PA,PAN,Panama,Panama City,Americas,Central America,,PA-->UA,PA-->UA,PA-->UA,PA-->UA,PA-->UA,PA-->UA,PA-->UA,PA-->UA,PA-->UA,PA-->UA,PA-->UA,PA-->UA,PA-->UA,PA-->UA,PA-->UA,PA-->UA,PA-->UA,PA-->UA,PA-->UA,,,,,,,,,,,,,,,,,UA-->PA,UA-->PA,UA-->PA,UA-->PA,UA-->PA,UA-->PA,UA-->PA,UA-->PA,UA-->PA,UA-->PA,UA-->PA,UA-->PA,UA-->PA,UA-->PA,UA-->PA,UA-->PA,UA-->PA,UA-->PA,UA-->PA
PG,PNG,Papua New Guinea,Port Moresby,Oceania,Melanesia,,PG-->UA,PG-->UA,PG-->UA,PG-->UA,PG-->UA,PG-->UA,PG-->UA,PG-->UA,PG-->UA,PG-->UA,PG-->UA,PG-->UA,PG-->UA,PG-->UA,PG-->UA,PG-->UA,PG-->UA,PG-->UA,PG-->UA,,,,,,,,,,,,,,,,,UA-->PG,UA-->PG,UA-->PG,UA-->PG,UA-->PG,UA-->PG,UA-->PG,UA-->PG,UA-->PG,UA-->PG,UA-->PG,UA-->PG,UA-->PG,UA-->PG,UA-->PG,UA-->PG,UA-->PG,UA-->PG,UA-->PG
PY,PRY,Paraguay,Asunción,Americas,South America,,PY-->UA,PY-->UA,PY-->UA,PY-->UA,PY-->UA,PY-->UA,PY-->UA,PY-->UA,PY-->UA,PY-->UA,PY-->UA,PY-->UA,PY-->UA,PY-->UA,PY-->UA,PY-->UA,PY-->UA,PY-->UA,PY-->UA,,,,,,,,,,,,,,,,,UA-->PY,UA-->PY,UA-->PY,UA-->PY,UA-->PY,UA-->PY,UA-->PY,UA-->PY,UA-->PY,UA-->PY,UA-->PY,UA-->PY,UA-->PY,UA-->PY,UA-->PY,UA-->PY,UA-->PY,UA-->PY,UA-->PY
PE,PER,Peru,Lima,Americas,South America,,PE-->UA,PE-->UA,PE-->UA,PE-->UA,PE-->UA,PE-->UA,PE-->UA,PE-->UA,PE-->UA,PE-->UA,PE-->UA,PE-->UA,PE-->UA,PE-->UA,PE-->UA,PE-->UA,PE-->UA,PE-->UA,PE-->UA,,,,,,,,,,,,,,,,,UA-->PE,UA-->PE,UA-->PE,UA-->PE,UA-->PE,UA-->PE,UA-->PE,UA-->PE,UA-->PE,UA-->PE,UA-->PE,UA-->PE,UA-->PE,UA-->PE,UA-->PE,UA-->PE,UA-->PE,UA-->PE,UA-->PE
PH,PHL,Philippines,Manila,Asia,South-Eastern Asia,,PH-->UA,PH-->UA,PH-->UA,PH-->UA,PH-->UA,PH-->UA,PH-->UA,PH-->UA,PH-->UA,PH-->UA,PH-->UA,PH-->UA,PH-->UA,PH-->UA,PH-->UA,PH-->UA,PH-->UA,PH-->UA,PH-->UA,,,,,,,,,,,,,,,,,UA-->PH,UA-->PH,UA-->PH,UA-->PH,UA-->PH,UA-->PH,UA-->PH,UA-->PH,UA-->PH,UA-->PH,UA-->PH,UA-->PH,UA-->PH,UA-->PH,UA-->PH,UA-->PH,UA-->PH,UA-->PH,UA-->PH
PN,PCN,Pitcairn Islands,Adamstown,Oceania,Polynesia,,PN-->UA,PN-->UA,PN-->UA,PN-->UA,PN-->UA,PN-->UA,PN-->UA,PN-->UA,PN-->UA,PN-->UA,PN-->UA,PN-->UA,PN-->UA,PN-->UA,PN-->UA,PN-->UA,PN-->UA,PN-->UA,PN-->UA,,,,,,,,,,,,,,,,,UA-->PN,UA-->PN,UA-->PN,UA-->PN,UA-->PN,UA-->PN,UA-->PN,UA-->PN,UA-->PN,UA-->PN,UA-->PN,UA-->PN,UA-->PN,UA-->PN,UA-->PN,UA-->PN,UA-->PN,UA-->PN,UA-->PN
PL,POL,Poland,Warsaw,Europe,Eastern Europe,,PL-->UA,PL-->UA,PL-->UA,PL-->UA,PL-->UA,PL-->UA,PL-->UA,PL-->UA,PL-->UA,PL-->UA,PL-->UA,PL-->UA,PL-->UA,PL-->UA,PL-->UA,PL-->UA,PL-->UA,PL-->UA,PL-->UA,,,,,,,,,,,,,,,,,UA-->PL,UA-->PL,UA-->PL,UA-->PL,UA-->PL,UA-->PL,UA-->PL,UA-->PL,UA-->PL,UA-->PL,UA-->PL,UA-->PL,UA-->PL,UA-->PL,UA-->PL,UA-->PL,UA-->PL,UA-->PL,UA-->PL
PT,PRT,Portugal,Lisbon,Europe,Southern Europe,,PT-->UA,PT-->UA,PT-->UA,PT-->UA,PT-->UA,PT-->UA,PT-->UA,PT-->UA,PT-->UA,PT-->UA,PT-->UA,PT-->UA,PT-->UA,PT-->UA,PT-->UA,PT-->UA,PT-->UA,PT-->UA,PT-->UA,,,,,,,,,,,,,,,,,UA-->PT,UA-->PT,UA-->PT,UA-->PT,UA-->PT,UA-->PT,UA-->PT,UA-->PT,UA-->PT,UA-->PT,UA-->PT,UA-->PT,UA-->PT,UA-->PT,UA-->PT,UA-->PT,UA-->PT,UA-->PT,UA-->PT
PR,PRI,Puerto Rico,San Juan,Americas,Caribbean,,PR-->UA,PR-->UA,PR-->UA,PR-->UA,PR-->UA,PR-->UA,PR-->UA,PR-->UA,PR-->UA,PR-->UA,PR-->UA,PR-->UA,PR-->UA,PR-->UA,PR-->UA,PR-->UA,PR-->UA,PR-->UA,PR-->UA,,,,,,,,,,,,,,,,,UA-->PR,UA-->PR,UA-->PR,UA-->PR,UA-->PR,UA-->PR,UA-->PR,UA-->PR,UA-->PR,UA-->PR,UA-->PR,UA-->PR,UA-->PR,UA-->PR,UA-->PR,UA-->PR,UA-->PR,UA-->PR,UA-->PR
QA,QAT,Qatar,Doha,Asia,Western Asia,,QA-->UA,QA-->UA,QA-->UA,QA-->UA,QA-->UA,QA-->UA,QA-->UA,QA-->UA,QA-->UA,QA-->UA,QA-->UA,QA-->UA,QA-->UA,QA-->UA,QA-->UA,QA-->UA,QA-->UA,QA-->UA,QA-->UA,,,,,,,,,,,,,,,,,UA-->QA,UA-->QA,UA-->QA,UA-->QA,UA-->QA,UA-->QA,UA-->QA,UA-->QA,UA-->QA,UA-->QA,UA-->QA,UA-->QA,UA-->QA,UA-->QA,UA-->QA,UA-->QA,UA-->QA,UA-->QA,UA-->QA
XK,KOS,Republic of Kosovo,Pristina,Europe,Eastern Europe,,XK-->UA,XK-->UA,XK-->UA,XK-->UA,XK-->UA,XK-->UA,XK-->UA,XK-->UA,XK-->UA,XK-->UA,XK-->UA,XK-->UA,XK-->UA,XK-->UA,XK-->UA,XK-->UA,XK-->UA,XK-->UA,XK-->UA,,,,,,,,,,,,,,,,,UA-->XK,UA-->XK,UA-->XK,UA-->XK,UA-->XK,UA-->XK,UA-->XK,UA-->XK,UA-->XK,UA-->XK,UA-->XK,UA-->XK,UA-->XK,UA-->XK,UA-->XK,UA-->XK,UA-->XK,UA-->XK,UA-->XK
RE,REU,Réunion,Saint-Denis,Africa,Eastern Africa,,RE-->UA,RE-->UA,RE-->UA,RE-->UA,RE-->UA,RE-->UA,RE-->UA,RE-->UA,RE-->UA,RE-->UA,RE-->UA,RE-->UA,RE-->UA,RE-->UA,RE-->UA,RE-->UA,RE-->UA,RE-->UA,RE-->UA,,,,,,,,,,,,,,,,,UA-->RE,UA-->RE,UA-->RE,UA-->RE,UA-->RE,UA-->RE,UA-->RE,UA-->RE,UA-->RE,UA-->RE,UA-->RE,UA-->RE,UA-->RE,UA-->RE,UA-->RE,UA-->RE,UA-->RE,UA-->RE,UA-->RE
RO,ROU,Romania,Bucharest,Europe,Eastern Europe,,RO-->UA,RO-->UA,RO-->UA,RO-->UA,RO-->UA,RO-->UA,RO-->UA,RO-->UA,RO-->UA,RO-->UA,RO-->UA,RO-->UA,RO-->UA,RO-->UA,RO-->UA,RO-->UA,RO-->UA,RO-->UA,RO-->UA,,,,,,,,,,,,,,,,,UA-->RO,UA-->RO,UA-->RO,UA-->RO,UA-->RO,UA-->RO,UA-->RO,UA-->RO,UA-->RO,UA-->RO,UA-->RO,UA-->RO,UA-->RO,UA-->RO,UA-->RO,UA-->RO,UA-->RO,UA-->RO,UA-->RO
RU,RUS,Russia,Moscow,Europe,Eastern Europe,,RU-->UA,RU-->UA,RU-->UA,RU-->UA,RU-->UA,RU-->UA,RU-->UA,RU-->UA,RU-->UA,RU-->UA,RU-->UA,RU-->UA,RU-->UA,RU-->UA,RU-->UA,RU-->UA,RU-->UA,RU-->UA,RU-->UA,,,,,,,,,,,,,,,,,UA-->RU,UA-->RU,UA-->RU,UA-->RU,UA-->RU,UA-->RU,UA-->RU,UA-->RU,UA-->RU,UA-->RU,UA-->RU,UA-->RU,UA-->RU,UA-->RU,UA-->RU,UA-->RU,UA-->RU,UA-->RU,UA-->RU
RW,RWA,Rwanda,Kigali,Africa,Eastern Africa,,RW-->UA,RW-->UA,RW-->UA,RW-->UA,RW-->UA,RW-->UA,RW-->UA,RW-->UA,RW-->UA,RW-->UA,RW-->UA,RW-->UA,RW-->UA,RW-->UA,RW-->UA,RW-->UA,RW-->UA,RW-->UA,RW-->UA,,,,,,,,,,,,,,,,,UA-->RW,UA-->RW,UA-->RW,UA-->RW,UA-->RW,UA-->RW,UA-->RW,UA-->RW,UA-->RW,UA-->RW,UA-->RW,UA-->RW,UA-->RW,UA-->RW,UA-->RW,UA-->RW,UA-->RW,UA-->RW,UA-->RW
BL,BLM,Saint Barthélemy,Gustavia,Americas,Caribbean,,BL-->UA,BL-->UA,BL-->UA,BL-->UA,BL-->UA,BL-->UA,BL-->UA,BL-->UA,BL-->UA,BL-->UA,BL-->UA,BL-->UA,BL-->UA,BL-->UA,BL-->UA,BL-->UA,BL-->UA,BL-->UA,BL-->UA,,,,,,,,,,,,,,,,,UA-->BL,UA-->BL,UA-->BL,UA-->BL,UA-->BL,UA-->BL,UA-->BL,UA-->BL,UA-->BL,UA-->BL,UA-->BL,UA-->BL,UA-->BL,UA-->BL,UA-->BL,UA-->BL,UA-->BL,UA-->BL,UA-->BL
SH,SHN,Saint Helena,Jamestown,Africa,Western Africa,,SH-->UA,SH-->UA,SH-->UA,SH-->UA,SH-->UA,SH-->UA,SH-->UA,SH-->UA,SH-->UA,SH-->UA,SH-->UA,SH-->UA,SH-->UA,SH-->UA,SH-->UA,SH-->UA,SH-->UA,SH-->UA,SH-->UA,,,,,,,,,,,,,,,,,UA-->SH,UA-->SH,UA-->SH,UA-->SH,UA-->SH,UA-->SH,UA-->SH,UA-->SH,UA-->SH,UA-->SH,UA-->SH,UA-->SH,UA-->SH,UA-->SH,UA-->SH,UA-->SH,UA-->SH,UA-->SH,UA-->SH
KN,KNA,Saint Kitts and Nevis,Basseterre,Americas,Caribbean,,KN-->UA,KN-->UA,KN-->UA,KN-->UA,KN-->UA,KN-->UA,KN-->UA,KN-->UA,KN-->UA,KN-->UA,KN-->UA,KN-->UA,KN-->UA,KN-->UA,KN-->UA,KN-->UA,KN-->UA,KN-->UA,KN-->UA,,,,,,,,,,,,,,,,,UA-->KN,UA-->KN,UA-->KN,UA-->KN,UA-->KN,UA-->KN,UA-->KN,UA-->KN,UA-->KN,UA-->KN,UA-->KN,UA-->KN,UA-->KN,UA-->KN,UA-->KN,UA-->KN,UA-->KN,UA-->KN,UA-->KN
LC,LCA,Saint Lucia,Castries,Americas,Caribbean,,LC-->UA,LC-->UA,LC-->UA,LC-->UA,LC-->UA,LC-->UA,LC-->UA,LC-->UA,LC-->UA,LC-->UA,LC-->UA,LC-->UA,LC-->UA,LC-->UA,LC-->UA,LC-->UA,LC-->UA,LC-->UA,LC-->UA,,,,,,,,,,,,,,,,,UA-->LC,UA-->LC,UA-->LC,UA-->LC,UA-->LC,UA-->LC,UA-->LC,UA-->LC,UA-->LC,UA-->LC,UA-->LC,UA-->LC,UA-->LC,UA-->LC,UA-->LC,UA-->LC,UA-->LC,UA-->LC,UA-->LC
MF,MAF,Saint Martin,Marigot,Americas,Caribbean,,MF-->UA,MF-->UA,MF-->UA,MF-->UA,MF-->UA,MF-->UA,MF-->UA,MF-->UA,MF-->UA,MF-->UA,MF-->UA,MF-->UA,MF-->UA,MF-->UA,MF-->UA,MF-->UA,MF-->UA,MF-->UA,MF-->UA,,,,,,,,,,,,,,,,,UA-->MF,UA-->MF,UA-->MF,UA-->MF,UA-->MF,UA-->MF,UA-->MF,UA-->MF,UA-->MF,UA-->MF,UA-->MF,UA-->MF,UA-->MF,UA-->MF,UA-->MF,UA-->MF,UA-->MF,UA-->MF,UA-->MF
PM,SPM,Saint Pierre and Miquelon,Saint-Pierre,Americas,Northern America,,PM-->UA,PM-->UA,PM-->UA,PM-->UA,PM-->UA,PM-->UA,PM-->UA,PM-->UA,PM-->UA,PM-->UA,PM-->UA,PM-->UA,PM-->UA,PM-->UA,PM-->UA,PM-->UA,PM-->UA,PM-->UA,PM-->UA,,,,,,,,,,,,,,,,,UA-->PM,UA-->PM,UA-->PM,UA-->PM,UA-->PM,UA-->PM,UA-->PM,UA-->PM,UA-->PM,UA-->PM,UA-->PM,UA-->PM,UA-->PM,UA-->PM,UA-->PM,UA-->PM,UA-->PM,UA-->PM,UA-->PM
VC,VCT,Saint Vincent and the Grenadines,Kingstown,Americas,Caribbean,,VC-->UA,VC-->UA,VC-->UA,VC-->UA,VC-->UA,VC-->UA,VC-->UA,VC-->UA,VC-->UA,VC-->UA,VC-->UA,VC-->UA,VC-->UA,VC-->UA,VC-->UA,VC-->UA,VC-->UA,VC-->UA,VC-->UA,,,,,,,,,,,,,,,,,UA-->VC,UA-->VC,UA-->VC,UA-->VC,UA-->VC,UA-->VC,UA-->VC,UA-->VC,UA-->VC,UA-->VC,UA-->VC,UA-->VC,UA-->VC,UA-->VC,UA-->VC,UA-->VC,UA-->VC,UA-->VC,UA-->VC
WS,WSM,Samoa,Apia,Oceania,Polynesia,,WS-->UA,WS-->UA,WS-->UA,WS-->UA,WS-->UA,WS-->UA,WS-->UA,WS-->UA,WS-->UA,WS-->UA,WS-->UA,WS-->UA,WS-->UA,WS-->UA,WS-->UA,WS-->UA,WS-->UA,WS-->UA,WS-->UA,,,,,,,,,,,,,,,,,UA-->WS,UA-->WS,UA-->WS,UA-->WS,UA-->WS,UA-->WS,UA-->WS,UA-->WS,UA-->WS,UA-->WS,UA-->WS,UA-->WS,UA-->WS,UA-->WS,UA-->WS,UA-->WS,UA-->WS,UA-->WS,UA-->WS
SM,SMR,San Marino,City of San Marino,Europe,Southern Europe,,SM-->UA,SM-->UA,SM-->UA,SM-->UA,SM-->UA,SM-->UA,SM-->UA,SM-->UA,SM-->UA,SM-->UA,SM-->UA,SM-->UA,SM-->UA,SM-->UA,SM-->UA,SM-->UA,SM-->UA,SM-->UA,SM-->UA,,,,,,,,,,,,,,,,,UA-->SM,UA-->SM,UA-->SM,UA-->SM,UA-->SM,UA-->SM,UA-->SM,UA-->SM,UA-->SM,UA-->SM,UA-->SM,UA-->SM,UA-->SM,UA-->SM,UA-->SM,UA-->SM,UA-->SM,UA-->SM,UA-->SM
ST,STP,São Tomé and Príncipe,São Tomé,Africa,Middle Africa,,ST-->UA,ST-->UA,ST-->UA,ST-->UA,ST-->UA,ST-->UA,ST-->UA,ST-->UA,ST-->UA,ST-->UA,ST-->UA,ST-->UA,ST-->UA,ST-->UA,ST-->UA,ST-->UA,ST-->UA,ST-->UA,ST-->UA,,,,,,,,,,,,,,,,,UA-->ST,UA-->ST,UA-->ST,UA-->ST,UA-->ST,UA-->ST,UA-->ST,UA-->ST,UA-->ST,UA-->ST,UA-->ST,UA-->ST,UA-->ST,UA-->ST,UA-->ST,UA-->ST,UA-->ST,UA-->ST,UA-->ST
SA,SAU,Saudi Arabia,Riyadh,Asia,Western Asia,,SA-->UA,SA-->UA,SA-->UA,SA-->UA,SA-->UA,SA-->UA,SA-->UA,SA-->UA,SA-->UA,SA-->UA,SA-->UA,SA-->UA,SA-->UA,SA-->UA,SA-->UA,SA-->UA,SA-->UA,SA-->UA,SA-->UA,,,,,,,,,,,,,,,,,UA-->SA,UA-->SA,UA-->SA,UA-->SA,UA-->SA,UA-->SA,UA-->SA,UA-->SA,UA-->SA,UA-->SA,UA-->SA,UA-->SA,UA-->SA,UA-->SA,UA-->SA,UA-->SA,UA-->SA,UA-->SA,UA-->SA
SN,SEN,Senegal,Dakar,Africa,Western Africa,,SN-->UA,SN-->UA,SN-->UA,SN-->UA,SN-->UA,SN-->UA,SN-->UA,SN-->UA,SN-->UA,SN-->UA,SN-->UA,SN-->UA,SN-->UA,SN-->UA,SN-->UA,SN-->UA,SN-->UA,SN-->UA,SN-->UA,,,,,,,,,,,,,,,,,UA-->SN,UA-->SN,UA-->SN,UA-->SN,UA-->SN,UA-->SN,UA-->SN,UA-->SN,UA-->SN,UA-->SN,UA-->SN,UA-->SN,UA-->SN,UA-->SN,UA-->SN,UA-->SN,UA-->SN,UA-->SN,UA-->SN
RS,SRB,Serbia,Belgrade,Europe,Southern Europe,,RS-->UA,RS-->UA,RS-->UA,RS-->UA,RS-->UA,RS-->UA,RS-->UA,RS-->UA,RS-->UA,RS-->UA,RS-->UA,RS-->UA,RS-->UA,RS-->UA,RS-->UA,RS-->UA,RS-->UA,RS-->UA,RS-->UA,,,,,,,,,,,,,,,,,UA-->RS,UA-->RS,UA-->RS,UA-->RS,UA-->RS,UA-->RS,UA-->RS,UA-->RS,UA-->RS,UA-->RS,UA-->RS,UA-->RS,UA-->RS,UA-->RS,UA-->RS,UA-->RS,UA-->RS,UA-->RS,UA-->RS
SC,SYC,Seychelles,Victoria,Africa,Eastern Africa,,SC-->UA,SC-->UA,SC-->UA,SC-->UA,SC-->UA,SC-->UA,SC-->UA,SC-->UA,SC-->UA,SC-->UA,SC-->UA,SC-->UA,SC-->UA,SC-->UA,SC-->UA,SC-->UA,SC-->UA,SC-->UA,SC-->UA,,,,,,,,,,,,,,,,,UA-->SC,UA-->SC,UA-->SC,UA-->SC,UA-->SC,UA-->SC,UA-->SC,UA-->SC,UA-->SC,UA-->SC,UA-->SC,UA-->SC,UA-->SC,UA-->SC,UA-->SC,UA-->SC,UA-->SC,UA-->SC,UA-->SC
SL,SLE,Sierra Leone,Freetown,Africa,Western Africa,,SL-->UA,SL-->UA,SL-->UA,SL-->UA,SL-->UA,SL-->UA,SL-->UA,SL-->UA,SL-->UA,SL-->UA,SL-->UA,SL-->UA,SL-->UA,SL-->UA,SL-->UA,SL-->UA,SL-->UA,SL-->UA,SL-->UA,,,,,,,,,,,,,,,,,UA-->SL,UA-->SL,UA-->SL,UA-->SL,UA-->SL,UA-->SL,UA-->SL,UA-->SL,UA-->SL,UA-->SL,UA-->SL,UA-->SL,UA-->SL,UA-->SL,UA-->SL,UA-->SL,UA-->SL,UA-->SL,UA-->SL
SG,SGP,Singapore,Singapore,Asia,South-Eastern Asia,,SG-->UA,SG-->UA,SG-->UA,SG-->UA,SG-->UA,SG-->UA,SG-->UA,SG-->UA,SG-->UA,SG-->UA,SG-->UA,SG-->UA,SG-->UA,SG-->UA,SG-->UA,SG-->UA,SG-->UA,SG-->UA,SG-->UA,,,,,,,,,,,,,,,,,UA-->SG,UA-->SG,UA-->SG,UA-->SG,UA-->SG,UA-->SG,UA-->SG,UA-->SG,UA-->SG,UA-->SG,UA-->SG,UA-->SG,UA-->SG,UA-->SG,UA-->SG,UA-->SG,UA-->SG,UA-->SG,UA-->SG
SX,SXM,Sint Maarten,Philipsburg,Americas,Caribbean,,SX-->UA,SX-->UA,SX-->UA,SX-->UA,SX-->UA,SX-->UA,SX-->UA,SX-->UA,SX-->UA,SX-->UA,SX-->UA,SX-->UA,SX-->UA,SX-->UA,SX-->UA,SX-->UA,SX-->UA,SX-->UA,SX-->UA,,,,,,,,,,,,,,,,,UA-->SX,UA-->SX,UA-->SX,UA-->SX,UA-->SX,UA-->SX,UA-->SX,UA-->SX,UA-->SX,UA-->SX,UA-->SX,UA-->SX,UA-->SX,UA-->SX,UA-->SX,UA-->SX,UA-->SX,UA-->SX,UA-->SX
SK,SVK,Slovakia,Bratislava,Europe,Eastern Europe,,SK-->UA,SK-->UA,SK-->UA,SK-->UA,SK-->UA,SK-->UA,SK-->UA,SK-->UA,SK-->UA,SK-->UA,SK-->UA,SK-->UA,SK-->UA,SK-->UA,SK-->UA,SK-->UA,SK-->UA,SK-->UA,SK-->UA,,,,,,,,,,,,,,,,,UA-->SK,UA-->SK,UA-->SK,UA-->SK,UA-->SK,UA-->SK,UA-->SK,UA-->SK,UA-->SK,UA-->SK,UA-->SK,UA-->SK,UA-->SK,UA-->SK,UA-->SK,UA-->SK,UA-->SK,UA-->SK,UA-->SK
SI,SVN,Slovenia,Ljubljana,Europe,Southern Europe,,SI-->UA,SI-->UA,SI-->UA,SI-->UA,SI-->UA,SI-->UA,SI-->UA,SI-->UA,SI-->UA,SI-->UA,SI-->UA,SI-->UA,SI-->UA,SI-->UA,SI-->UA,SI-->UA,SI-->UA,SI-->UA,SI-->UA,,,,,,,,,,,,,,,,,UA-->SI,UA-->SI,UA-->SI,UA-->SI,UA-->SI,UA-->SI,UA-->SI,UA-->SI,UA-->SI,UA-->SI,UA-->SI,UA-->SI,UA-->SI,UA-->SI,UA-->SI,UA-->SI,UA-->SI,UA-->SI,UA-->SI
SB,SLB,Solomon Islands,Honiara,Oceania,Melanesia,,SB-->UA,SB-->UA,SB-->UA,SB-->UA,SB-->UA,SB-->UA,SB-->UA,SB-->UA,SB-->UA,SB-->UA,SB-->UA,SB-->UA,SB-->UA,SB-->UA,SB-->UA,SB-->UA,SB-->UA,SB-->UA,SB-->UA,,,,,,,,,,,,,,,,,UA-->SB,UA-->SB,UA-->SB,UA-->SB,UA-->SB,UA-->SB,UA-->SB,UA-->SB,UA-->SB,UA-->SB,UA-->SB,UA-->SB,UA-->SB,UA-->SB,UA-->SB,UA-->SB,UA-->SB,UA-->SB,UA-->SB
SO,SOM,Somalia,Mogadishu,Africa,Eastern Africa,,SO-->UA,SO-->UA,SO-->UA,SO-->UA,SO-->UA,SO-->UA,SO-->UA,SO-->UA,SO-->UA,SO-->UA,SO-->UA,SO-->UA,SO-->UA,SO-->UA,SO-->UA,SO-->UA,SO-->UA,SO-->UA,SO-->UA,,,,,,,,,,,,,,,,,UA-->SO,UA-->SO,UA-->SO,UA-->SO,UA-->SO,UA-->SO,UA-->SO,UA-->SO,UA-->SO,UA-->SO,UA-->SO,UA-->SO,UA-->SO,UA-->SO,UA-->SO,UA-->SO,UA-->SO,UA-->SO,UA-->SO
ZA,ZAF,South Africa,Pretoria,Africa,Southern Africa,,ZA-->UA,ZA-->UA,ZA-->UA,ZA-->UA,ZA-->UA,ZA-->UA,ZA-->UA,ZA-->UA,ZA-->UA,ZA-->UA,ZA-->UA,ZA-->UA,ZA-->UA,ZA-->UA,ZA-->UA,ZA-->UA,ZA-->UA,ZA-->UA,ZA-->UA,,,,,,,,,,,,,,,,,UA-->ZA,UA-->ZA,UA-->ZA,UA-->ZA,UA-->ZA,UA-->ZA,UA-->ZA,UA-->ZA,UA-->ZA,UA-->ZA,UA-->ZA,UA-->ZA,UA-->ZA,UA-->ZA,UA-->ZA,UA-->ZA,UA-->ZA,UA-->ZA,UA-->ZA
GS,SGS,South Georgia,King Edward Point,Americas,South America,,GS-->UA,GS-->UA,GS-->UA,GS-->UA,GS-->UA,GS-->UA,GS-->UA,GS-->UA,GS-->UA,GS-->UA,GS-->UA,GS-->UA,GS-->UA,GS-->UA,GS-->UA,GS-->UA,GS-->UA,GS-->UA,GS-->UA,,,,,,,,,,,,,,,,,UA-->GS,UA-->GS,UA-->GS,UA-->GS,UA-->GS,UA-->GS,UA-->GS,UA-->GS,UA-->GS,UA-->GS,UA-->GS,UA-->GS,UA-->GS,UA-->GS,UA-->GS,UA-->GS,UA-->GS,UA-->GS,UA-->GS
KR,KOR,South Korea,Seoul,Asia,Eastern Asia,,KR-->UA,KR-->UA,KR-->UA,KR-->UA,KR-->UA,KR-->UA,KR-->UA,KR-->UA,KR-->UA,KR-->UA,KR-->UA,KR-->UA,KR-->UA,KR-->UA,KR-->UA,KR-->UA,KR-->UA,KR-->UA,KR-->UA,,,,,,,,,,,,,,,,,UA-->KR,UA-->KR,UA-->KR,UA-->KR,UA-->KR,UA-->KR,UA-->KR,UA-->KR,UA-->KR,UA-->KR,UA-->KR,UA-->KR,UA-->KR,UA-->KR,UA-->KR,UA-->KR,UA-->KR,UA-->KR,UA-->KR
SS,SSD,South Sudan,Juba,Africa,Middle Africa,,SS-->UA,SS-->UA,SS-->UA,SS-->UA,SS-->UA,SS-->UA,SS-->UA,SS-->UA,SS-->UA,SS-->UA,SS-->UA,SS-->UA,SS-->UA,SS-->UA,SS-->UA,SS-->UA,SS-->UA,SS-->UA,SS-->UA,,,,,,,,,,,,,,,,,UA-->SS,UA-->SS,UA-->SS,UA-->SS,UA-->SS,UA-->SS,UA-->SS,UA-->SS,UA-->SS,UA-->SS,UA-->SS,UA-->SS,UA-->SS,UA-->SS,UA-->SS,UA-->SS,UA-->SS,UA-->SS,UA-->SS
ES,ESP,Spain,Madrid,Europe,Southern Europe,,ES-->UA,ES-->UA,ES-->UA,ES-->UA,ES-->UA,ES-->UA,ES-->UA,ES-->UA,ES-->UA,ES-->UA,ES-->UA,ES-->UA,ES-->UA,ES-->UA,ES-->UA,ES-->UA,ES-->UA,ES-->UA,ES-->UA,,,,,,,,,,,,,,,,,UA-->ES,UA-->ES,UA-->ES,UA-->ES,UA-->ES,UA-->ES,UA-->ES,UA-->ES,UA-->ES,UA-->ES,UA-->ES,UA-->ES,UA-->ES,UA-->ES,UA-->ES,UA-->ES,UA-->ES,UA-->ES,UA-->ES
LK,LKA,Sri Lanka,Colombo,Asia,Southern Asia,,LK-->UA,LK-->UA,LK-->UA,LK-->UA,LK-->UA,LK-->UA,LK-->UA,LK-->UA,LK-->UA,LK-->UA,LK-->UA,LK-->UA,LK-->UA,LK-->UA,LK-->UA,LK-->UA,LK-->UA,LK-->UA,LK-->UA,,,,,,,,,,,,,,,,,UA-->LK,UA-->LK,UA-->LK,UA-->LK,UA-->LK,UA-->LK,UA-->LK,UA-->LK,UA-->LK,UA-->LK,UA-->LK,UA-->LK,UA-->LK,UA-->LK,UA-->LK,UA-->LK,UA-->LK,UA-->LK,UA-->LK
SD,SDN,Sudan,Khartoum,Africa,Northern Africa,,SD-->UA,SD-->UA,SD-->UA,SD-->UA,SD-->UA,SD-->UA,SD-->UA,SD-->UA,SD-->UA,SD-->UA,SD-->UA,SD-->UA,SD-->UA,SD-->UA,SD-->UA,SD-->UA,SD-->UA,SD-->UA,SD-->UA,,,,,,,,,,,,,,,,,UA-->SD,UA-->SD,UA-->SD,UA-->SD,UA-->SD,UA-->SD,UA-->SD,UA-->SD,UA-->SD,UA-->SD,UA-->SD,UA-->SD,UA-->SD,UA-->SD,UA-->SD,UA-->SD,UA-->SD,UA-->SD,UA-->SD
SR,SUR,Suriname,Paramaribo,Americas,South America,,SR-->UA,SR-->UA,SR-->UA,SR-->UA,SR-->UA,SR-->UA,SR-->UA,SR-->UA,SR-->UA,SR-->UA,SR-->UA,SR-->UA,SR-->UA,SR-->UA,SR-->UA,SR-->UA,SR-->UA,SR-->UA,SR-->UA,,,,,,,,,,,,,,,,,UA-->SR,UA-->SR,UA-->SR,UA-->SR,UA-->SR,UA-->SR,UA-->SR,UA-->SR,UA-->SR,UA-->SR,UA-->SR,UA-->SR,UA-->SR,UA-->SR,UA-->SR,UA-->SR,UA-->SR,UA-->SR,UA-->SR
SJ,SJM,Svalbard and Jan Mayen,Longyearbyen,Europe,Northern Europe,,SJ-->UA,SJ-->UA,SJ-->UA,SJ-->UA,SJ-->UA,SJ-->UA,SJ-->UA,SJ-->UA,SJ-->UA,SJ-->UA,SJ-->UA,SJ-->UA,SJ-->UA,SJ-->UA,SJ-->UA,SJ-->UA,SJ-->UA,SJ-->UA,SJ-->UA,,,,,,,,,,,,,,,,,UA-->SJ,UA-->SJ,UA-->SJ,UA-->SJ,UA-->SJ,UA-->SJ,UA-->SJ,UA-->SJ,UA-->SJ,UA-->SJ,UA-->SJ,UA-->SJ,UA-->SJ,UA-->SJ,UA-->SJ,UA-->SJ,UA-->SJ,UA-->SJ,UA-->SJ
SZ,SWZ,Swaziland,Lobamba,Africa,Southern Africa,,SZ-->UA,SZ-->UA,SZ-->UA,SZ-->UA,SZ-->UA,SZ-->UA,SZ-->UA,SZ-->UA,SZ-->UA,SZ-->UA,SZ-->UA,SZ-->UA,SZ-->UA,SZ-->UA,SZ-->UA,SZ-->UA,SZ-->UA,SZ-->UA,SZ-->UA,,,,,,,,,,,,,,,,,UA-->SZ,UA-->SZ,UA-->SZ,UA-->SZ,UA-->SZ,UA-->SZ,UA-->SZ,UA-->SZ,UA-->SZ,UA-->SZ,UA-->SZ,UA-->SZ,UA-->SZ,UA-->SZ,UA-->SZ,UA-->SZ,UA-->SZ,UA-->SZ,UA-->SZ
SE,SWE,Sweden,Stockholm,Europe,Northern Europe,,SE-->UA,SE-->UA,SE-->UA,SE-->UA,SE-->UA,SE-->UA,SE-->UA,SE-->UA,SE-->UA,SE-->UA,SE-->UA,SE-->UA,SE-->UA,SE-->UA,SE-->UA,SE-->UA,SE-->UA,SE-->UA,SE-->UA,,,,,,,,,,,,,,,,,UA-->SE,UA-->SE,UA-->SE,UA-->SE,UA-->SE,UA-->SE,UA-->SE,UA-->SE,UA-->SE,UA-->SE,UA-->SE,UA-->SE,UA-->SE,UA-->SE,UA-->SE,UA-->SE,UA-->SE,UA-->SE,UA-->SE
CH,CHE,Switzerland,Bern,Europe,Western Europe,,CH-->UA,CH-->UA,CH-->UA,CH-->UA,CH-->UA,CH-->UA,CH-->UA,CH-->UA,CH-->UA,CH-->UA,CH-->UA,CH-->UA,CH-->UA,CH-->UA,CH-->UA,CH-->UA,CH-->UA,CH-->UA,CH-->UA,,,,,,,,,,,,,,,,,UA-->CH,UA-->CH,UA-->CH,UA-->CH,UA-->CH,UA-->CH,UA-->CH,UA-->CH,UA-->CH,UA-->CH,UA-->CH,UA-->CH,UA-->CH,UA-->CH,UA-->CH,UA-->CH,UA-->CH,UA-->CH,UA-->CH
SY,SYR,Syria,Damascus,Asia,Western Asia,,SY-->UA,SY-->UA,SY-->UA,SY-->UA,SY-->UA,SY-->UA,SY-->UA,SY-->UA,SY-->UA,SY-->UA,SY-->UA,SY-->UA,SY-->UA,SY-->UA,SY-->UA,SY-->UA,SY-->UA,SY-->UA,SY-->UA,,,,,,,,,,,,,,,,,UA-->SY,UA-->SY,UA-->SY,UA-->SY,UA-->SY,UA-->SY,UA-->SY,UA-->SY,UA-->SY,UA-->SY,UA-->SY,UA-->SY,UA-->SY,UA-->SY,UA-->SY,UA-->SY,UA-->SY,UA-->SY,UA-->SY
TW,TWN,Taiwan,Taipei,Asia,Eastern Asia,,TW-->UA,TW-->UA,TW-->UA,TW-->UA,TW-->UA,TW-->UA,TW-->UA,TW-->UA,TW-->UA,TW-->UA,TW-->UA,TW-->UA,TW-->UA,TW-->UA,TW-->UA,TW-->UA,TW-->UA,TW-->UA,TW-->UA,,,,,,,,,,,,,,,,,UA-->TW,UA-->TW,UA-->TW,UA-->TW,UA-->TW,UA-->TW,UA-->TW,UA-->TW,UA-->TW,UA-->TW,UA-->TW,UA-->TW,UA-->TW,UA-->TW,UA-->TW,UA-->TW,UA-->TW,UA-->TW,UA-->TW
TJ,TJK,Tajikistan,Dushanbe,Asia,Central Asia,,TJ-->UA,TJ-->UA,TJ-->UA,TJ-->UA,TJ-->UA,TJ-->UA,TJ-->UA,TJ-->UA,TJ-->UA,TJ-->UA,TJ-->UA,TJ-->UA,TJ-->UA,TJ-->UA,TJ-->UA,TJ-->UA,TJ-->UA,TJ-->UA,TJ-->UA,,,,,,,,,,,,,,,,,UA-->TJ,UA-->TJ,UA-->TJ,UA-->TJ,UA-->TJ,UA-->TJ,UA-->TJ,UA-->TJ,UA-->TJ,UA-->TJ,UA-->TJ,UA-->TJ,UA-->TJ,UA-->TJ,UA-->TJ,UA-->TJ,UA-->TJ,UA-->TJ,UA-->TJ
TZ,TZA,Tanzania,Dodoma,Africa,Eastern Africa,,TZ-->UA,TZ-->UA,TZ-->UA,TZ-->UA,TZ-->UA,TZ-->UA,TZ-->UA,TZ-->UA,TZ-->UA,TZ-->UA,TZ-->UA,TZ-->UA,TZ-->UA,TZ-->UA,TZ-->UA,TZ-->UA,TZ-->UA,TZ-->UA,TZ-->UA,,,,,,,,,,,,,,,,,UA-->TZ,UA-->TZ,UA-->TZ,UA-->TZ,UA-->TZ,UA-->TZ,UA-->TZ,UA-->TZ,UA-->TZ,UA-->TZ,UA-->TZ,UA-->TZ,UA-->TZ,UA-->TZ,UA-->TZ,UA-->TZ,UA-->TZ,UA-->TZ,UA-->TZ
TH,THA,Thailand,Bangkok,Asia,South-Eastern Asia,,TH-->UA,TH-->UA,TH-->UA,TH-->UA,TH-->UA,TH-->UA,TH-->UA,TH-->UA,TH-->UA,TH-->UA,TH-->UA,TH-->UA,TH-->UA,TH-->UA,TH-->UA,TH-->UA,TH-->UA,TH-->UA,TH-->UA,,,,,,,,,,,,,,,,,UA-->TH,UA-->TH,UA-->TH,UA-->TH,UA-->TH,UA-->TH,UA-->TH,UA-->TH,UA-->TH,UA-->TH,UA-->TH,UA-->TH,UA-->TH,UA-->TH,UA-->TH,UA-->TH,UA-->TH,UA-->TH,UA-->TH
TL,TLS,East Timor,Dili,Asia,South-Eastern Asia,,TL-->UA,TL-->UA,TL-->UA,TL-->UA,TL-->UA,TL-->UA,TL-->UA,TL-->UA,TL-->UA,TL-->UA,TL-->UA,TL-->UA,TL-->UA,TL-->UA,TL-->UA,TL-->UA,TL-->UA,TL-->UA,TL-->UA,,,,,,,,,,,,,,,,,UA-->TL,UA-->TL,UA-->TL,UA-->TL,UA-->TL,UA-->TL,UA-->TL,UA-->TL,UA-->TL,UA-->TL,UA-->TL,UA-->TL,UA-->TL,UA-->TL,UA-->TL,UA-->TL,UA-->TL,UA-->TL,UA-->TL
TG,TGO,Togo,Lomé,Africa,Western Africa,,TG-->UA,TG-->UA,TG-->UA,TG-->UA,TG-->UA,TG-->UA,TG-->UA,TG-->UA,TG-->UA,TG-->UA,TG-->UA,TG-->UA,TG-->UA,TG-->UA,TG-->UA,TG-->UA,TG-->UA,TG-->UA,TG-->UA,,,,,,,,,,,,,,,,,UA-->TG,UA-->TG,UA-->TG,UA-->TG,UA-->TG,UA-->TG,UA-->TG,UA-->TG,UA-->TG,UA-->TG,UA-->TG,UA-->TG,UA-->TG,UA-->TG,UA-->TG,UA-->TG,UA-->TG,UA-->TG,UA-->TG
TK,TKL,Tokelau,Fakaofo,Oceania,Polynesia,,TK-->UA,TK-->UA,TK-->UA,TK-->UA,TK-->UA,TK-->UA,TK-->UA,TK-->UA,TK-->UA,TK-->UA,TK-->UA,TK-->UA,TK-->UA,TK-->UA,TK-->UA,TK-->UA,TK-->UA,TK-->UA,TK-->UA,,,,,,,,,,,,,,,,,UA-->TK,UA-->TK,UA-->TK,UA-->TK,UA-->TK,UA-->TK,UA-->TK,UA-->TK,UA-->TK,UA-->TK,UA-->TK,UA-->TK,UA-->TK,UA-->TK,UA-->TK,UA-->TK,UA-->TK,UA-->TK,UA-->TK
TO,TON,Tonga,Nuku'alofa,Oceania,Polynesia,,TO-->UA,TO-->UA,TO-->UA,TO-->UA,TO-->UA,TO-->UA,TO-->UA,TO-->UA,TO-->UA,TO-->UA,TO-->UA,TO-->UA,TO-->UA,TO-->UA,TO-->UA,TO-->UA,TO-->UA,TO-->UA,TO-->UA,,,,,,,,,,,,,,,,,UA-->TO,UA-->TO,UA-->TO,UA-->TO,UA-->TO,UA-->TO,UA-->TO,UA-->TO,UA-->TO,UA-->TO,UA-->TO,UA-->TO,UA-->TO,UA-->TO,UA-->TO,UA-->TO,UA-->TO,UA-->TO,UA-->TO
TT,TTO,Trinidad and Tobago,Port of Spain,Americas,Caribbean,,TT-->UA,TT-->UA,TT-->UA,TT-->UA,TT-->UA,TT-->UA,TT-->UA,TT-->UA,TT-->UA,TT-->UA,TT-->UA,TT-->UA,TT-->UA,TT-->UA,TT-->UA,TT-->UA,TT-->UA,TT-->UA,TT-->UA,,,,,,,,,,,,,,,,,UA-->TT,UA-->TT,UA-->TT,UA-->TT,UA-->TT,UA-->TT,UA-->TT,UA-->TT,UA-->TT,UA-->TT,UA-->TT,UA-->TT,UA-->TT,UA-->TT,UA-->TT,UA-->TT,UA-->TT,UA-->TT,UA-->TT
TN,TUN,Tunisia,Tunis,Africa,Northern Africa,,TN-->UA,TN-->UA,TN-->UA,TN-->UA,TN-->UA,TN-->UA,TN-->UA,TN-->UA,TN-->UA,TN-->UA,TN-->UA,TN-->UA,TN-->UA,TN-->UA,TN-->UA,TN-->UA,TN-->UA,TN-->UA,TN-->UA,,,,,,,,,,,,,,,,,UA-->TN,UA-->TN,UA-->TN,UA-->TN,UA-->TN,UA-->TN,UA-->TN,UA-->TN,UA-->TN,UA-->TN,UA-->TN,UA-->TN,UA-->TN,UA-->TN,UA-->TN,UA-->TN,UA-->TN,UA-->TN,UA-->TN
TR,TUR,Turkey,Ankara,Asia,Western Asia,,TR-->UA,TR-->UA,TR-->UA,TR-->UA,TR-->UA,TR-->UA,TR-->UA,TR-->UA,TR-->UA,TR-->UA,TR-->UA,TR-->UA,TR-->UA,TR-->UA,TR-->UA,TR-->UA,TR-->UA,TR-->UA,TR-->UA,,,,,,,,,,,,,,,,,UA-->TR,UA-->TR,UA-->TR,UA-->TR,UA-->TR,UA-->TR,UA-->TR,UA-->TR,UA-->TR,UA-->TR,UA-->TR,UA-->TR,UA-->TR,UA-->TR,UA-->TR,UA-->TR,UA-->TR,UA-->TR,UA-->TR
TM,TKM,Turkmenistan,Ashgabat,Asia,Central Asia,,TM-->UA,TM-->UA,TM-->UA,TM-->UA,TM-->UA,TM-->UA,TM-->UA,TM-->UA,TM-->UA,TM-->UA,TM-->UA,TM-->UA,TM-->UA,TM-->UA,TM-->UA,TM-->UA,TM-->UA,TM-->UA,TM-->UA,,,,,,,,,,,,,,,,,UA-->TM,UA-->TM,UA-->TM,UA-->TM,UA-->TM,UA-->TM,UA-->TM,UA-->TM,UA-->TM,UA-->TM,UA-->TM,UA-->TM,UA-->TM,UA-->TM,UA-->TM,UA-->TM,UA-->TM,UA-->TM,UA-->TM
TC,TCA,Turks and Caicos Islands,Cockburn Town,Americas,Caribbean,,TC-->UA,TC-->UA,TC-->UA,TC-->UA,TC-->UA,TC-->UA,TC-->UA,TC-->UA,TC-->UA,TC-->UA,TC-->UA,TC-->UA,TC-->UA,TC-->UA,TC-->UA,TC-->UA,TC-->UA,TC-->UA,TC-->UA,,,,,,,,,,,,,,,,,UA-->TC,UA-->TC,UA-->TC,UA-->TC,UA-->TC,UA-->TC,UA-->TC,UA-->TC,UA-->TC,UA-->TC,UA-->TC,UA-->TC,UA-->TC,UA-->TC,UA-->TC,UA-->TC,UA-->TC,UA-->TC,UA-->TC
TV,TUV,Tuvalu,Funafuti,Oceania,Polynesia,,TV-->UA,TV-->UA,TV-->UA,TV-->UA,TV-->UA,TV-->UA,TV-->UA,TV-->UA,TV-->UA,TV-->UA,TV-->UA,TV-->UA,TV-->UA,TV-->UA,TV-->UA,TV-->UA,TV-->UA,TV-->UA,TV-->UA,,,,,,,,,,,,,,,,,UA-->TV,UA-->TV,UA-->TV,UA-->TV,UA-->TV,UA-->TV,UA-->TV,UA-->TV,UA-->TV,UA-->TV,UA-->TV,UA-->TV,UA-->TV,UA-->TV,UA-->TV,UA-->TV,UA-->TV,UA-->TV,UA-->TV
UG,UGA,Uganda,Kampala,Africa,Eastern Africa,,UG-->UA,UG-->UA,UG-->UA,UG-->UA,UG-->UA,UG-->UA,UG-->UA,UG-->UA,UG-->UA,UG-->UA,UG-->UA,UG-->UA,UG-->UA,UG-->UA,UG-->UA,UG-->UA,UG-->UA,UG-->UA,UG-->UA,,,,,,,,,,,,,,,,,UA-->UG,UA-->UG,UA-->UG,UA-->UG,UA-->UG,UA-->UG,UA-->UG,UA-->UG,UA-->UG,UA-->UG,UA-->UG,UA-->UG,UA-->UG,UA-->UG,UA-->UG,UA-->UG,UA-->UG,UA-->UG,UA-->UG
UA,UKR,Ukraine,Kiev,Europe,Eastern Europe,,UA-->UA,UA-->UA,UA-->UA,UA-->UA,UA-->UA,UA-->UA,UA-->UA,UA-->UA,UA-->UA,UA-->UA,UA-->UA,UA-->UA,UA-->UA,UA-->UA,UA-->UA,UA-->UA,UA-->UA,UA-->UA,UA-->UA,,,,,,,,,,,,,,,,,UA-->UA,UA-->UA,UA-->UA,UA-->UA,UA-->UA,UA-->UA,UA-->UA,UA-->UA,UA-->UA,UA-->UA,UA-->UA,UA-->UA,UA-->UA,UA-->UA,UA-->UA,UA-->UA,UA-->UA,UA-->UA,UA-->UA
AE,ARE,United Arab Emirates,Abu Dhabi,Asia,Western Asia,,AE-->UA,AE-->UA,AE-->UA,AE-->UA,AE-->UA,AE-->UA,AE-->UA,AE-->UA,AE-->UA,AE-->UA,AE-->UA,AE-->UA,AE-->UA,AE-->UA,AE-->UA,AE-->UA,AE-->UA,AE-->UA,AE-->UA,,,,,,,,,,,,,,,,,UA-->AE,UA-->AE,UA-->AE,UA-->AE,UA-->AE,UA-->AE,UA-->AE,UA-->AE,UA-->AE,UA-->AE,UA-->AE,UA-->AE,UA-->AE,UA-->AE,UA-->AE,UA-->AE,UA-->AE,UA-->AE,UA-->AE
GB,GBR,United Kingdom,London,Europe,Northern Europe,,GB-->UA,GB-->UA,GB-->UA,GB-->UA,GB-->UA,GB-->UA,GB-->UA,GB-->UA,GB-->UA,GB-->UA,GB-->UA,GB-->UA,GB-->UA,GB-->UA,GB-->UA,GB-->UA,GB-->UA,GB-->UA,GB-->UA,,,,,,,,,,,,,,,,,UA-->GB,UA-->GB,UA-->GB,UA-->GB,UA-->GB,UA-->GB,UA-->GB,UA-->GB,UA-->GB,UA-->GB,UA-->GB,UA-->GB,UA-->GB,UA-->GB,UA-->GB,UA-->GB,UA-->GB,UA-->GB,UA-->GB
US,USA,United States,"Washington, D.C.",Americas,Northern America,,US-->UA,US-->UA,US-->UA,US-->UA,US-->UA,US-->UA,US-->UA,US-->UA,US-->UA,US-->UA,US-->UA,US-->UA,US-->UA,US-->UA,US-->UA,US-->UA,US-->UA,US-->UA,US-->UA,,,,,,,,,,,,,,,,,UA-->US,UA-->US,UA-->US,UA-->US,UA-->US,UA-->US,UA-->US,UA-->US,UA-->US,UA-->US,UA-->US,UA-->US,UA-->US,UA-->US,UA-->US,UA-->US,UA-->US,UA-->US,UA-->US
UY,URY,Uruguay,Montevideo,Americas,South America,,UY-->UA,UY-->UA,UY-->UA,UY-->UA,UY-->UA,UY-->UA,UY-->UA,UY-->UA,UY-->UA,UY-->UA,UY-->UA,UY-->UA,UY-->UA,UY-->UA,UY-->UA,UY-->UA,UY-->UA,UY-->UA,UY-->UA,,,,,,,,,,,,,,,,,UA-->UY,UA-->UY,UA-->UY,UA-->UY,UA-->UY,UA-->UY,UA-->UY,UA-->UY,UA-->UY,UA-->UY,UA-->UY,UA-->UY,UA-->UY,UA-->UY,UA-->UY,UA-->UY,UA-->UY,UA-->UY,UA-->UY
UZ,UZB,Uzbekistan,Tashkent,Asia,Central Asia,,UZ-->UA,UZ-->UA,UZ-->UA,UZ-->UA,UZ-->UA,UZ-->UA,UZ-->UA,UZ-->UA,UZ-->UA,UZ-->UA,UZ-->UA,UZ-->UA,UZ-->UA,UZ-->UA,UZ-->UA,UZ-->UA,UZ-->UA,UZ-->UA,UZ-->UA,,,,,,,,,,,,,,,,,UA-->UZ,UA-->UZ,UA-->UZ,UA-->UZ,UA-->UZ,UA-->UZ,UA-->UZ,UA-->UZ,UA-->UZ,UA-->UZ,UA-->UZ,UA-->UZ,UA-->UZ,UA-->UZ,UA-->UZ,UA-->UZ,UA-->UZ,UA-->UZ,UA-->UZ
VU,VUT,Vanuatu,Port Vila,Oceania,Melanesia,,VU-->UA,VU-->UA,VU-->UA,VU-->UA,VU-->UA,VU-->UA,VU-->UA,VU-->UA,VU-->UA,VU-->UA,VU-->UA,VU-->UA,VU-->UA,VU-->UA,VU-->UA,VU-->UA,VU-->UA,VU-->UA,VU-->UA,,,,,,,,,,,,,,,,,UA-->VU,UA-->VU,UA-->VU,UA-->VU,UA-->VU,UA-->VU,UA-->VU,UA-->VU,UA-->VU,UA-->VU,UA-->VU,UA-->VU,UA-->VU,UA-->VU,UA-->VU,UA-->VU,UA-->VU,UA-->VU,UA-->VU
VE,VEN,Venezuela,Caracas,Americas,South America,,VE-->UA,VE-->UA,VE-->UA,VE-->UA,VE-->UA,VE-->UA,VE-->UA,VE-->UA,VE-->UA,VE-->UA,VE-->UA,VE-->UA,VE-->UA,VE-->UA,VE-->UA,VE-->UA,VE-->UA,VE-->UA,VE-->UA,,,,,,,,,,,,,,,,,UA-->VE,UA-->VE,UA-->VE,UA-->VE,UA-->VE,UA-->VE,UA-->VE,UA-->VE,UA-->VE,UA-->VE,UA-->VE,UA-->VE,UA-->VE,UA-->VE,UA-->VE,UA-->VE,UA-->VE,UA-->VE,UA-->VE
VN,VNM,Vietnam,Hanoi,Asia,South-Eastern Asia,,VN-->UA,VN-->UA,VN-->UA,VN-->UA,VN-->UA,VN-->UA,VN-->UA,VN-->UA,VN-->UA,VN-->UA,VN-->UA,VN-->UA,VN-->UA,VN-->UA,VN-->UA,VN-->UA,VN-->UA,VN-->UA,VN-->UA,,,,,,,,,,,,,,,,,UA-->VN,UA-->VN,UA-->VN,UA-->VN,UA-->VN,UA-->VN,UA-->VN,UA-->VN,UA-->VN,UA-->VN,UA-->VN,UA-->VN,UA-->VN,UA-->VN,UA-->VN,UA-->VN,UA-->VN,UA-->VN,UA-->VN
WF,WLF,Wallis and Futuna,Mata-Utu,Oceania,Polynesia,,WF-->UA,WF-->UA,WF-->UA,WF-->UA,WF-->UA,WF-->UA,WF-->UA,WF-->UA,WF-->UA,WF-->UA,WF-->UA,WF-->UA,WF-->UA,WF-->UA,WF-->UA,WF-->UA,WF-->UA,WF-->UA,WF-->UA,,,,,,,,,,,,,,,,,UA-->WF,UA-->WF,UA-->WF,UA-->WF,UA-->WF,UA-->WF,UA-->WF,UA-->WF,UA-->WF,UA-->WF,UA-->WF,UA-->WF,UA-->WF,UA-->WF,UA-->WF,UA-->WF,UA-->WF,UA-->WF,UA-->WF
EH,ESH,Western Sahara,El Aaiún,Africa,Northern Africa,,EH-->UA,EH-->UA,EH-->UA,EH-->UA,EH-->UA,EH-->UA,EH-->UA,EH-->UA,EH-->UA,EH-->UA,EH-->UA,EH-->UA,EH-->UA,EH-->UA,EH-->UA,EH-->UA,EH-->UA,EH-->UA,EH-->UA,,,,,,,,,,,,,,,,,UA-->EH,UA-->EH,UA-->EH,UA-->EH,UA-->EH,UA-->EH,UA-->EH,UA-->EH,UA-->EH,UA-->EH,UA-->EH,UA-->EH,UA-->EH,UA-->EH,UA-->EH,UA-->EH,UA-->EH,UA-->EH,UA-->EH
YE,YEM,Yemen,Sana'a,Asia,Western Asia,,YE-->UA,YE-->UA,YE-->UA,YE-->UA,YE-->UA,YE-->UA,YE-->UA,YE-->UA,YE-->UA,YE-->UA,YE-->UA,YE-->UA,YE-->UA,YE-->UA,YE-->UA,YE-->UA,YE-->UA,YE-->UA,YE-->UA,,,,,,,,,,,,,,,,,UA-->YE,UA-->YE,UA-->YE,UA-->YE,UA-->YE,UA-->YE,UA-->YE,UA-->YE,UA-->YE,UA-->YE,UA-->YE,UA-->YE,UA-->YE,UA-->YE,UA-->YE,UA-->YE,UA-->YE,UA-->YE,UA-->YE
ZM,ZMB,Zambia,Lusaka,Africa,Eastern Africa,,ZM-->UA,ZM-->UA,ZM-->UA,ZM-->UA,ZM-->UA,ZM-->UA,ZM-->UA,ZM-->UA,ZM-->UA,ZM-->UA,ZM-->UA,ZM-->UA,ZM-->UA,ZM-->UA,ZM-->UA,ZM-->UA,ZM-->UA,ZM-->UA,ZM-->UA,,,,,,,,,,,,,,,,,UA-->ZM,UA-->ZM,UA-->ZM,UA-->ZM,UA-->ZM,UA-->ZM,UA-->ZM,UA-->ZM,UA-->ZM,UA-->ZM,UA-->ZM,UA-->ZM,UA-->ZM,UA-->ZM,UA-->ZM,UA-->ZM,UA-->ZM,UA-->ZM,UA-->ZM
ZW,ZWE,Zimbabwe,Harare,Africa,Eastern Africa,,ZW-->UA,ZW-->UA,ZW-->UA,ZW-->UA,ZW-->UA,ZW-->UA,ZW-->UA,ZW-->UA,ZW-->UA,ZW-->UA,ZW-->UA,ZW-->UA,ZW-->UA,ZW-->UA,ZW-->UA,ZW-->UA,ZW-->UA,ZW-->UA,ZW-->UA,,,,,,,,,,,,,,,,,UA-->ZW,UA-->ZW,UA-->ZW,UA-->ZW,UA-->ZW,UA-->ZW,UA-->ZW,UA-->ZW,UA-->ZW,UA-->ZW,UA-->ZW,UA-->ZW,UA-->ZW,UA-->ZW,UA-->ZW,UA-->ZW,UA-->ZW,UA-->ZW,UA-->ZW
