nu,code,name,capital,region,subregion,Unnamed: 6,quara/into/where/e,quara/into/where/v,quara/into/where/uv,quara/into/min/e,quara/into/min/v,quara/into/min/uv,quara/into/max/e,quara/into/max/v,quara/into/max/uv,quara/into/comment,test/into/pcr/e,test/into/pcr/v,test/into/pcr/uv,test/into/ag/e,test/into/ag/v,test/into/ag/uv,test/into/comment,visa/into,visa/into/comment,loadStates/into,Unnamed: 27,Unnamed: 28,Unnamed: 29,Unnamed: 30,Unnamed: 31,Unnamed: 32,Unnamed: 33,Unnamed: 34,Unnamed: 35,Unnamed: 36,Unnamed: 37,Unnamed: 38,Unnamed: 39,Unnamed: 40,Unnamed: 41,quara/out/where/e,quara/out/where/v,quara/out/where/uv,quara/out/min/e,quara/out/min/v,quara/out/min/uv,quara/out/max/e,quara/out/max/v,quara/out/max/uv,quara/out/comment,test/out/pcr/e,test/out/pcr/v,test/out/pcr/uv,test/out/ag/e,test/out/ag/v,test/out/ag/uv,test/out/comment,visa/out,visa/out/comment
AF,AFG,Afghanistan,Kabul,Asia,Southern Asia,,AF-->CH,AF-->CH,AF-->CH,AF-->CH,AF-->CH,AF-->CH,AF-->CH,AF-->CH,AF-->CH,AF-->CH,AF-->CH,AF-->CH,AF-->CH,AF-->CH,AF-->CH,AF-->CH,AF-->CH,AF-->CH,AF-->CH,,,,,,,,,,,,,,,,,CH-->AF,CH-->AF,CH-->AF,CH-->AF,CH-->AF,CH-->AF,CH-->AF,CH-->AF,CH-->AF,CH-->AF,CH-->AF,CH-->AF,CH-->AF,CH-->AF,CH-->AF,CH-->AF,CH-->AF,CH-->AF,CH-->AF
AX,ALA,Åland Islands,Mariehamn,Europe,Northern Europe,,AX-->CH,AX-->CH,AX-->CH,AX-->CH,AX-->CH,AX-->CH,AX-->CH,AX-->CH,AX-->CH,AX-->CH,AX-->CH,AX-->CH,AX-->CH,AX-->CH,AX-->CH,AX-->CH,AX-->CH,AX-->CH,AX-->CH,,,,,,,,,,,,,,,,,CH-->AX,CH-->AX,CH-->AX,CH-->AX,CH-->AX,CH-->AX,CH-->AX,CH-->AX,CH-->AX,CH-->AX,CH-->AX,CH-->AX,CH-->AX,CH-->AX,CH-->AX,CH-->AX,CH-->AX,CH-->AX,CH-->AX
AL,ALB,Albania,Tirana,Europe,Southern Europe,,AL-->CH,AL-->CH,AL-->CH,AL-->CH,AL-->CH,AL-->CH,AL-->CH,AL-->CH,AL-->CH,AL-->CH,AL-->CH,AL-->CH,AL-->CH,AL-->CH,AL-->CH,AL-->CH,AL-->CH,AL-->CH,AL-->CH,,,,,,,,,,,,,,,,,CH-->AL,CH-->AL,CH-->AL,CH-->AL,CH-->AL,CH-->AL,CH-->AL,CH-->AL,CH-->AL,CH-->AL,CH-->AL,CH-->AL,CH-->AL,CH-->AL,CH-->AL,CH-->AL,CH-->AL,CH-->AL,CH-->AL
DZ,DZA,Algeria,Algiers,Africa,Northern Africa,,DZ-->CH,DZ-->CH,DZ-->CH,DZ-->CH,DZ-->CH,DZ-->CH,DZ-->CH,DZ-->CH,DZ-->CH,DZ-->CH,DZ-->CH,DZ-->CH,DZ-->CH,DZ-->CH,DZ-->CH,DZ-->CH,DZ-->CH,DZ-->CH,DZ-->CH,,,,,,,,,,,,,,,,,CH-->DZ,CH-->DZ,CH-->DZ,CH-->DZ,CH-->DZ,CH-->DZ,CH-->DZ,CH-->DZ,CH-->DZ,CH-->DZ,CH-->DZ,CH-->DZ,CH-->DZ,CH-->DZ,CH-->DZ,CH-->DZ,CH-->DZ,CH-->DZ,CH-->DZ
AS,ASM,American Samoa,Pago Pago,Oceania,Polynesia,,AS-->CH,AS-->CH,AS-->CH,AS-->CH,AS-->CH,AS-->CH,AS-->CH,AS-->CH,AS-->CH,AS-->CH,AS-->CH,AS-->CH,AS-->CH,AS-->CH,AS-->CH,AS-->CH,AS-->CH,AS-->CH,AS-->CH,,,,,,,,,,,,,,,,,CH-->AS,CH-->AS,CH-->AS,CH-->AS,CH-->AS,CH-->AS,CH-->AS,CH-->AS,CH-->AS,CH-->AS,CH-->AS,CH-->AS,CH-->AS,CH-->AS,CH-->AS,CH-->AS,CH-->AS,CH-->AS,CH-->AS
AD,AND,Andorra,Andorra la Vella,Europe,Southern Europe,,AD-->CH,AD-->CH,AD-->CH,AD-->CH,AD-->CH,AD-->CH,AD-->CH,AD-->CH,AD-->CH,AD-->CH,AD-->CH,AD-->CH,AD-->CH,AD-->CH,AD-->CH,AD-->CH,AD-->CH,AD-->CH,AD-->CH,,,,,,,,,,,,,,,,,CH-->AD,CH-->AD,CH-->AD,CH-->AD,CH-->AD,CH-->AD,CH-->AD,CH-->AD,CH-->AD,CH-->AD,CH-->AD,CH-->AD,CH-->AD,CH-->AD,CH-->AD,CH-->AD,CH-->AD,CH-->AD,CH-->AD
AO,AGO,Angola,Luanda,Africa,Middle Africa,,AO-->CH,AO-->CH,AO-->CH,AO-->CH,AO-->CH,AO-->CH,AO-->CH,AO-->CH,AO-->CH,AO-->CH,AO-->CH,AO-->CH,AO-->CH,AO-->CH,AO-->CH,AO-->CH,AO-->CH,AO-->CH,AO-->CH,,,,,,,,,,,,,,,,,CH-->AO,CH-->AO,CH-->AO,CH-->AO,CH-->AO,CH-->AO,CH-->AO,CH-->AO,CH-->AO,CH-->AO,CH-->AO,CH-->AO,CH-->AO,CH-->AO,CH-->AO,CH-->AO,CH-->AO,CH-->AO,CH-->AO
AI,AIA,Anguilla,The Valley,Americas,Caribbean,,AI-->CH,AI-->CH,AI-->CH,AI-->CH,AI-->CH,AI-->CH,AI-->CH,AI-->CH,AI-->CH,AI-->CH,AI-->CH,AI-->CH,AI-->CH,AI-->CH,AI-->CH,AI-->CH,AI-->CH,AI-->CH,AI-->CH,,,,,,,,,,,,,,,,,CH-->AI,CH-->AI,CH-->AI,CH-->AI,CH-->AI,CH-->AI,CH-->AI,CH-->AI,CH-->AI,CH-->AI,CH-->AI,CH-->AI,CH-->AI,CH-->AI,CH-->AI,CH-->AI,CH-->AI,CH-->AI,CH-->AI
AQ,ATA,Antarctica,,Polar,,,AQ-->CH,AQ-->CH,AQ-->CH,AQ-->CH,AQ-->CH,AQ-->CH,AQ-->CH,AQ-->CH,AQ-->CH,AQ-->CH,AQ-->CH,AQ-->CH,AQ-->CH,AQ-->CH,AQ-->CH,AQ-->CH,AQ-->CH,AQ-->CH,AQ-->CH,,,,,,,,,,,,,,,,,CH-->AQ,CH-->AQ,CH-->AQ,CH-->AQ,CH-->AQ,CH-->AQ,CH-->AQ,CH-->AQ,CH-->AQ,CH-->AQ,CH-->AQ,CH-->AQ,CH-->AQ,CH-->AQ,CH-->AQ,CH-->AQ,CH-->AQ,CH-->AQ,CH-->AQ
AG,ATG,Antigua and Barbuda,Saint John's,Americas,Caribbean,,AG-->CH,AG-->CH,AG-->CH,AG-->CH,AG-->CH,AG-->CH,AG-->CH,AG-->CH,AG-->CH,AG-->CH,AG-->CH,AG-->CH,AG-->CH,AG-->CH,AG-->CH,AG-->CH,AG-->CH,AG-->CH,AG-->CH,,,,,,,,,,,,,,,,,CH-->AG,CH-->AG,CH-->AG,CH-->AG,CH-->AG,CH-->AG,CH-->AG,CH-->AG,CH-->AG,CH-->AG,CH-->AG,CH-->AG,CH-->AG,CH-->AG,CH-->AG,CH-->AG,CH-->AG,CH-->AG,CH-->AG
AR,ARG,Argentina,Buenos Aires,Americas,South America,,AR-->CH,AR-->CH,AR-->CH,AR-->CH,AR-->CH,AR-->CH,AR-->CH,AR-->CH,AR-->CH,AR-->CH,AR-->CH,AR-->CH,AR-->CH,AR-->CH,AR-->CH,AR-->CH,AR-->CH,AR-->CH,AR-->CH,,,,,,,,,,,,,,,,,CH-->AR,CH-->AR,CH-->AR,CH-->AR,CH-->AR,CH-->AR,CH-->AR,CH-->AR,CH-->AR,CH-->AR,CH-->AR,CH-->AR,CH-->AR,CH-->AR,CH-->AR,CH-->AR,CH-->AR,CH-->AR,CH-->AR
AM,ARM,Armenia,Yerevan,Asia,Western Asia,,AM-->CH,AM-->CH,AM-->CH,AM-->CH,AM-->CH,AM-->CH,AM-->CH,AM-->CH,AM-->CH,AM-->CH,AM-->CH,AM-->CH,AM-->CH,AM-->CH,AM-->CH,AM-->CH,AM-->CH,AM-->CH,AM-->CH,,,,,,,,,,,,,,,,,CH-->AM,CH-->AM,CH-->AM,CH-->AM,CH-->AM,CH-->AM,CH-->AM,CH-->AM,CH-->AM,CH-->AM,CH-->AM,CH-->AM,CH-->AM,CH-->AM,CH-->AM,CH-->AM,CH-->AM,CH-->AM,CH-->AM
AW,ABW,Aruba,Oranjestad,Americas,Caribbean,,AW-->CH,AW-->CH,AW-->CH,AW-->CH,AW-->CH,AW-->CH,AW-->CH,AW-->CH,AW-->CH,AW-->CH,AW-->CH,AW-->CH,AW-->CH,AW-->CH,AW-->CH,AW-->CH,AW-->CH,AW-->CH,AW-->CH,,,,,,,,,,,,,,,,,CH-->AW,CH-->AW,CH-->AW,CH-->AW,CH-->AW,CH-->AW,CH-->AW,CH-->AW,CH-->AW,CH-->AW,CH-->AW,CH-->AW,CH-->AW,CH-->AW,CH-->AW,CH-->AW,CH-->AW,CH-->AW,CH-->AW
AU,AUS,Australia,Canberra,Oceania,Australia and New Zealand,,AU-->CH,AU-->CH,AU-->CH,AU-->CH,AU-->CH,AU-->CH,AU-->CH,AU-->CH,AU-->CH,AU-->CH,AU-->CH,AU-->CH,AU-->CH,AU-->CH,AU-->CH,AU-->CH,AU-->CH,AU-->CH,AU-->CH,,,,,,,,,,,,,,,,,CH-->AU,CH-->AU,CH-->AU,CH-->AU,CH-->AU,CH-->AU,CH-->AU,CH-->AU,CH-->AU,CH-->AU,CH-->AU,CH-->AU,CH-->AU,CH-->AU,CH-->AU,CH-->AU,CH-->AU,CH-->AU,CH-->AU
AT,AUT,Austria,Vienna,Europe,Western Europe,,AT-->CH,AT-->CH,AT-->CH,AT-->CH,AT-->CH,AT-->CH,AT-->CH,AT-->CH,AT-->CH,AT-->CH,AT-->CH,AT-->CH,AT-->CH,AT-->CH,AT-->CH,AT-->CH,AT-->CH,AT-->CH,AT-->CH,,,,,,,,,,,,,,,,,CH-->AT,CH-->AT,CH-->AT,CH-->AT,CH-->AT,CH-->AT,CH-->AT,CH-->AT,CH-->AT,CH-->AT,CH-->AT,CH-->AT,CH-->AT,CH-->AT,CH-->AT,CH-->AT,CH-->AT,CH-->AT,CH-->AT
AZ,AZE,Azerbaijan,Baku,Asia,Western Asia,,AZ-->CH,AZ-->CH,AZ-->CH,AZ-->CH,AZ-->CH,AZ-->CH,AZ-->CH,AZ-->CH,AZ-->CH,AZ-->CH,AZ-->CH,AZ-->CH,AZ-->CH,AZ-->CH,AZ-->CH,AZ-->CH,AZ-->CH,AZ-->CH,AZ-->CH,,,,,,,,,,,,,,,,,CH-->AZ,CH-->AZ,CH-->AZ,CH-->AZ,CH-->AZ,CH-->AZ,CH-->AZ,CH-->AZ,CH-->AZ,CH-->AZ,CH-->AZ,CH-->AZ,CH-->AZ,CH-->AZ,CH-->AZ,CH-->AZ,CH-->AZ,CH-->AZ,CH-->AZ
BS,BHS,The Bahamas,Nassau,Americas,Caribbean,,BS-->CH,BS-->CH,BS-->CH,BS-->CH,BS-->CH,BS-->CH,BS-->CH,BS-->CH,BS-->CH,BS-->CH,BS-->CH,BS-->CH,BS-->CH,BS-->CH,BS-->CH,BS-->CH,BS-->CH,BS-->CH,BS-->CH,,,,,,,,,,,,,,,,,CH-->BS,CH-->BS,CH-->BS,CH-->BS,CH-->BS,CH-->BS,CH-->BS,CH-->BS,CH-->BS,CH-->BS,CH-->BS,CH-->BS,CH-->BS,CH-->BS,CH-->BS,CH-->BS,CH-->BS,CH-->BS,CH-->BS
BH,BHR,Bahrain,Manama,Asia,Western Asia,,BH-->CH,BH-->CH,BH-->CH,BH-->CH,BH-->CH,BH-->CH,BH-->CH,BH-->CH,BH-->CH,BH-->CH,BH-->CH,BH-->CH,BH-->CH,BH-->CH,BH-->CH,BH-->CH,BH-->CH,BH-->CH,BH-->CH,,,,,,,,,,,,,,,,,CH-->BH,CH-->BH,CH-->BH,CH-->BH,CH-->BH,CH-->BH,CH-->BH,CH-->BH,CH-->BH,CH-->BH,CH-->BH,CH-->BH,CH-->BH,CH-->BH,CH-->BH,CH-->BH,CH-->BH,CH-->BH,CH-->BH
BD,BGD,Bangladesh,Dhaka,Asia,Southern Asia,,BD-->CH,BD-->CH,BD-->CH,BD-->CH,BD-->CH,BD-->CH,BD-->CH,BD-->CH,BD-->CH,BD-->CH,BD-->CH,BD-->CH,BD-->CH,BD-->CH,BD-->CH,BD-->CH,BD-->CH,BD-->CH,BD-->CH,,,,,,,,,,,,,,,,,CH-->BD,CH-->BD,CH-->BD,CH-->BD,CH-->BD,CH-->BD,CH-->BD,CH-->BD,CH-->BD,CH-->BD,CH-->BD,CH-->BD,CH-->BD,CH-->BD,CH-->BD,CH-->BD,CH-->BD,CH-->BD,CH-->BD
BB,BRB,Barbados,Bridgetown,Americas,Caribbean,,BB-->CH,BB-->CH,BB-->CH,BB-->CH,BB-->CH,BB-->CH,BB-->CH,BB-->CH,BB-->CH,BB-->CH,BB-->CH,BB-->CH,BB-->CH,BB-->CH,BB-->CH,BB-->CH,BB-->CH,BB-->CH,BB-->CH,,,,,,,,,,,,,,,,,CH-->BB,CH-->BB,CH-->BB,CH-->BB,CH-->BB,CH-->BB,CH-->BB,CH-->BB,CH-->BB,CH-->BB,CH-->BB,CH-->BB,CH-->BB,CH-->BB,CH-->BB,CH-->BB,CH-->BB,CH-->BB,CH-->BB
BY,BLR,Belarus,Minsk,Europe,Eastern Europe,,BY-->CH,BY-->CH,BY-->CH,BY-->CH,BY-->CH,BY-->CH,BY-->CH,BY-->CH,BY-->CH,BY-->CH,BY-->CH,BY-->CH,BY-->CH,BY-->CH,BY-->CH,BY-->CH,BY-->CH,BY-->CH,BY-->CH,,,,,,,,,,,,,,,,,CH-->BY,CH-->BY,CH-->BY,CH-->BY,CH-->BY,CH-->BY,CH-->BY,CH-->BY,CH-->BY,CH-->BY,CH-->BY,CH-->BY,CH-->BY,CH-->BY,CH-->BY,CH-->BY,CH-->BY,CH-->BY,CH-->BY
BE,BEL,Belgium,Brussels,Europe,Western Europe,,BE-->CH,BE-->CH,BE-->CH,BE-->CH,BE-->CH,BE-->CH,BE-->CH,BE-->CH,BE-->CH,BE-->CH,BE-->CH,BE-->CH,BE-->CH,BE-->CH,BE-->CH,BE-->CH,BE-->CH,BE-->CH,BE-->CH,,,,,,,,,,,,,,,,,CH-->BE,CH-->BE,CH-->BE,CH-->BE,CH-->BE,CH-->BE,CH-->BE,CH-->BE,CH-->BE,CH-->BE,CH-->BE,CH-->BE,CH-->BE,CH-->BE,CH-->BE,CH-->BE,CH-->BE,CH-->BE,CH-->BE
BZ,BLZ,Belize,Belmopan,Americas,Central America,,BZ-->CH,BZ-->CH,BZ-->CH,BZ-->CH,BZ-->CH,BZ-->CH,BZ-->CH,BZ-->CH,BZ-->CH,BZ-->CH,BZ-->CH,BZ-->CH,BZ-->CH,BZ-->CH,BZ-->CH,BZ-->CH,BZ-->CH,BZ-->CH,BZ-->CH,,,,,,,,,,,,,,,,,CH-->BZ,CH-->BZ,CH-->BZ,CH-->BZ,CH-->BZ,CH-->BZ,CH-->BZ,CH-->BZ,CH-->BZ,CH-->BZ,CH-->BZ,CH-->BZ,CH-->BZ,CH-->BZ,CH-->BZ,CH-->BZ,CH-->BZ,CH-->BZ,CH-->BZ
BJ,BEN,Benin,Porto-Novo,Africa,Western Africa,,BJ-->CH,BJ-->CH,BJ-->CH,BJ-->CH,BJ-->CH,BJ-->CH,BJ-->CH,BJ-->CH,BJ-->CH,BJ-->CH,BJ-->CH,BJ-->CH,BJ-->CH,BJ-->CH,BJ-->CH,BJ-->CH,BJ-->CH,BJ-->CH,BJ-->CH,,,,,,,,,,,,,,,,,CH-->BJ,CH-->BJ,CH-->BJ,CH-->BJ,CH-->BJ,CH-->BJ,CH-->BJ,CH-->BJ,CH-->BJ,CH-->BJ,CH-->BJ,CH-->BJ,CH-->BJ,CH-->BJ,CH-->BJ,CH-->BJ,CH-->BJ,CH-->BJ,CH-->BJ
BM,BMU,Bermuda,Hamilton,Americas,Northern America,,BM-->CH,BM-->CH,BM-->CH,BM-->CH,BM-->CH,BM-->CH,BM-->CH,BM-->CH,BM-->CH,BM-->CH,BM-->CH,BM-->CH,BM-->CH,BM-->CH,BM-->CH,BM-->CH,BM-->CH,BM-->CH,BM-->CH,,,,,,,,,,,,,,,,,CH-->BM,CH-->BM,CH-->BM,CH-->BM,CH-->BM,CH-->BM,CH-->BM,CH-->BM,CH-->BM,CH-->BM,CH-->BM,CH-->BM,CH-->BM,CH-->BM,CH-->BM,CH-->BM,CH-->BM,CH-->BM,CH-->BM
BT,BTN,Bhutan,Thimphu,Asia,Southern Asia,,BT-->CH,BT-->CH,BT-->CH,BT-->CH,BT-->CH,BT-->CH,BT-->CH,BT-->CH,BT-->CH,BT-->CH,BT-->CH,BT-->CH,BT-->CH,BT-->CH,BT-->CH,BT-->CH,BT-->CH,BT-->CH,BT-->CH,,,,,,,,,,,,,,,,,CH-->BT,CH-->BT,CH-->BT,CH-->BT,CH-->BT,CH-->BT,CH-->BT,CH-->BT,CH-->BT,CH-->BT,CH-->BT,CH-->BT,CH-->BT,CH-->BT,CH-->BT,CH-->BT,CH-->BT,CH-->BT,CH-->BT
BO,BOL,Bolivia,Sucre,Americas,South America,,BO-->CH,BO-->CH,BO-->CH,BO-->CH,BO-->CH,BO-->CH,BO-->CH,BO-->CH,BO-->CH,BO-->CH,BO-->CH,BO-->CH,BO-->CH,BO-->CH,BO-->CH,BO-->CH,BO-->CH,BO-->CH,BO-->CH,,,,,,,,,,,,,,,,,CH-->BO,CH-->BO,CH-->BO,CH-->BO,CH-->BO,CH-->BO,CH-->BO,CH-->BO,CH-->BO,CH-->BO,CH-->BO,CH-->BO,CH-->BO,CH-->BO,CH-->BO,CH-->BO,CH-->BO,CH-->BO,CH-->BO
BQ,BES,Bonaire,Kralendijk,Americas,Caribbean,,BQ-->CH,BQ-->CH,BQ-->CH,BQ-->CH,BQ-->CH,BQ-->CH,BQ-->CH,BQ-->CH,BQ-->CH,BQ-->CH,BQ-->CH,BQ-->CH,BQ-->CH,BQ-->CH,BQ-->CH,BQ-->CH,BQ-->CH,BQ-->CH,BQ-->CH,,,,,,,,,,,,,,,,,CH-->BQ,CH-->BQ,CH-->BQ,CH-->BQ,CH-->BQ,CH-->BQ,CH-->BQ,CH-->BQ,CH-->BQ,CH-->BQ,CH-->BQ,CH-->BQ,CH-->BQ,CH-->BQ,CH-->BQ,CH-->BQ,CH-->BQ,CH-->BQ,CH-->BQ
BA,BIH,Bosnia and Herzegovina,Sarajevo,Europe,Southern Europe,,BA-->CH,BA-->CH,BA-->CH,BA-->CH,BA-->CH,BA-->CH,BA-->CH,BA-->CH,BA-->CH,BA-->CH,BA-->CH,BA-->CH,BA-->CH,BA-->CH,BA-->CH,BA-->CH,BA-->CH,BA-->CH,BA-->CH,,,,,,,,,,,,,,,,,CH-->BA,CH-->BA,CH-->BA,CH-->BA,CH-->BA,CH-->BA,CH-->BA,CH-->BA,CH-->BA,CH-->BA,CH-->BA,CH-->BA,CH-->BA,CH-->BA,CH-->BA,CH-->BA,CH-->BA,CH-->BA,CH-->BA
BW,BWA,Botswana,Gaborone,Africa,Southern Africa,,BW-->CH,BW-->CH,BW-->CH,BW-->CH,BW-->CH,BW-->CH,BW-->CH,BW-->CH,BW-->CH,BW-->CH,BW-->CH,BW-->CH,BW-->CH,BW-->CH,BW-->CH,BW-->CH,BW-->CH,BW-->CH,BW-->CH,,,,,,,,,,,,,,,,,CH-->BW,CH-->BW,CH-->BW,CH-->BW,CH-->BW,CH-->BW,CH-->BW,CH-->BW,CH-->BW,CH-->BW,CH-->BW,CH-->BW,CH-->BW,CH-->BW,CH-->BW,CH-->BW,CH-->BW,CH-->BW,CH-->BW
BV,BVT,Bouvet Island,,,,,BV-->CH,BV-->CH,BV-->CH,BV-->CH,BV-->CH,BV-->CH,BV-->CH,BV-->CH,BV-->CH,BV-->CH,BV-->CH,BV-->CH,BV-->CH,BV-->CH,BV-->CH,BV-->CH,BV-->CH,BV-->CH,BV-->CH,,,,,,,,,,,,,,,,,CH-->BV,CH-->BV,CH-->BV,CH-->BV,CH-->BV,CH-->BV,CH-->BV,CH-->BV,CH-->BV,CH-->BV,CH-->BV,CH-->BV,CH-->BV,CH-->BV,CH-->BV,CH-->BV,CH-->BV,CH-->BV,CH-->BV
BR,BRA,Brazil,Brasília,Americas,South America,,BR-->CH,BR-->CH,BR-->CH,BR-->CH,BR-->CH,BR-->CH,BR-->CH,BR-->CH,BR-->CH,BR-->CH,BR-->CH,BR-->CH,BR-->CH,BR-->CH,BR-->CH,BR-->CH,BR-->CH,BR-->CH,BR-->CH,,,,,,,,,,,,,,,,,CH-->BR,CH-->BR,CH-->BR,CH-->BR,CH-->BR,CH-->BR,CH-->BR,CH-->BR,CH-->BR,CH-->BR,CH-->BR,CH-->BR,CH-->BR,CH-->BR,CH-->BR,CH-->BR,CH-->BR,CH-->BR,CH-->BR
IO,IOT,British Indian Ocean Territory,Diego Garcia,Africa,Eastern Africa,,IO-->CH,IO-->CH,IO-->CH,IO-->CH,IO-->CH,IO-->CH,IO-->CH,IO-->CH,IO-->CH,IO-->CH,IO-->CH,IO-->CH,IO-->CH,IO-->CH,IO-->CH,IO-->CH,IO-->CH,IO-->CH,IO-->CH,,,,,,,,,,,,,,,,,CH-->IO,CH-->IO,CH-->IO,CH-->IO,CH-->IO,CH-->IO,CH-->IO,CH-->IO,CH-->IO,CH-->IO,CH-->IO,CH-->IO,CH-->IO,CH-->IO,CH-->IO,CH-->IO,CH-->IO,CH-->IO,CH-->IO
UM,UMI,United States Minor Outlying Islands,,Americas,Northern America,,UM-->CH,UM-->CH,UM-->CH,UM-->CH,UM-->CH,UM-->CH,UM-->CH,UM-->CH,UM-->CH,UM-->CH,UM-->CH,UM-->CH,UM-->CH,UM-->CH,UM-->CH,UM-->CH,UM-->CH,UM-->CH,UM-->CH,,,,,,,,,,,,,,,,,CH-->UM,CH-->UM,CH-->UM,CH-->UM,CH-->UM,CH-->UM,CH-->UM,CH-->UM,CH-->UM,CH-->UM,CH-->UM,CH-->UM,CH-->UM,CH-->UM,CH-->UM,CH-->UM,CH-->UM,CH-->UM,CH-->UM
VG,VGB,Virgin Islands (British),Road Town,Americas,Caribbean,,VG-->CH,VG-->CH,VG-->CH,VG-->CH,VG-->CH,VG-->CH,VG-->CH,VG-->CH,VG-->CH,VG-->CH,VG-->CH,VG-->CH,VG-->CH,VG-->CH,VG-->CH,VG-->CH,VG-->CH,VG-->CH,VG-->CH,,,,,,,,,,,,,,,,,CH-->VG,CH-->VG,CH-->VG,CH-->VG,CH-->VG,CH-->VG,CH-->VG,CH-->VG,CH-->VG,CH-->VG,CH-->VG,CH-->VG,CH-->VG,CH-->VG,CH-->VG,CH-->VG,CH-->VG,CH-->VG,CH-->VG
VI,VIR,Virgin Islands (U.S.),Charlotte Amalie,Americas,Caribbean,,VI-->CH,VI-->CH,VI-->CH,VI-->CH,VI-->CH,VI-->CH,VI-->CH,VI-->CH,VI-->CH,VI-->CH,VI-->CH,VI-->CH,VI-->CH,VI-->CH,VI-->CH,VI-->CH,VI-->CH,VI-->CH,VI-->CH,,,,,,,,,,,,,,,,,CH-->VI,CH-->VI,CH-->VI,CH-->VI,CH-->VI,CH-->VI,CH-->VI,CH-->VI,CH-->VI,CH-->VI,CH-->VI,CH-->VI,CH-->VI,CH-->VI,CH-->VI,CH-->VI,CH-->VI,CH-->VI,CH-->VI
BN,BRN,Brunei,Bandar Seri Begawan,Asia,South-Eastern Asia,,BN-->CH,BN-->CH,BN-->CH,BN-->CH,BN-->CH,BN-->CH,BN-->CH,BN-->CH,BN-->CH,BN-->CH,BN-->CH,BN-->CH,BN-->CH,BN-->CH,BN-->CH,BN-->CH,BN-->CH,BN-->CH,BN-->CH,,,,,,,,,,,,,,,,,CH-->BN,CH-->BN,CH-->BN,CH-->BN,CH-->BN,CH-->BN,CH-->BN,CH-->BN,CH-->BN,CH-->BN,CH-->BN,CH-->BN,CH-->BN,CH-->BN,CH-->BN,CH-->BN,CH-->BN,CH-->BN,CH-->BN
BG,BGR,Bulgaria,Sofia,Europe,Eastern Europe,,BG-->CH,BG-->CH,BG-->CH,BG-->CH,BG-->CH,BG-->CH,BG-->CH,BG-->CH,BG-->CH,BG-->CH,BG-->CH,BG-->CH,BG-->CH,BG-->CH,BG-->CH,BG-->CH,BG-->CH,BG-->CH,BG-->CH,,,,,,,,,,,,,,,,,CH-->BG,CH-->BG,CH-->BG,CH-->BG,CH-->BG,CH-->BG,CH-->BG,CH-->BG,CH-->BG,CH-->BG,CH-->BG,CH-->BG,CH-->BG,CH-->BG,CH-->BG,CH-->BG,CH-->BG,CH-->BG,CH-->BG
BF,BFA,Burkina Faso,Ouagadougou,Africa,Western Africa,,BF-->CH,BF-->CH,BF-->CH,BF-->CH,BF-->CH,BF-->CH,BF-->CH,BF-->CH,BF-->CH,BF-->CH,BF-->CH,BF-->CH,BF-->CH,BF-->CH,BF-->CH,BF-->CH,BF-->CH,BF-->CH,BF-->CH,,,,,,,,,,,,,,,,,CH-->BF,CH-->BF,CH-->BF,CH-->BF,CH-->BF,CH-->BF,CH-->BF,CH-->BF,CH-->BF,CH-->BF,CH-->BF,CH-->BF,CH-->BF,CH-->BF,CH-->BF,CH-->BF,CH-->BF,CH-->BF,CH-->BF
BI,BDI,Burundi,Bujumbura,Africa,Eastern Africa,,BI-->CH,BI-->CH,BI-->CH,BI-->CH,BI-->CH,BI-->CH,BI-->CH,BI-->CH,BI-->CH,BI-->CH,BI-->CH,BI-->CH,BI-->CH,BI-->CH,BI-->CH,BI-->CH,BI-->CH,BI-->CH,BI-->CH,,,,,,,,,,,,,,,,,CH-->BI,CH-->BI,CH-->BI,CH-->BI,CH-->BI,CH-->BI,CH-->BI,CH-->BI,CH-->BI,CH-->BI,CH-->BI,CH-->BI,CH-->BI,CH-->BI,CH-->BI,CH-->BI,CH-->BI,CH-->BI,CH-->BI
KH,KHM,Cambodia,Phnom Penh,Asia,South-Eastern Asia,,KH-->CH,KH-->CH,KH-->CH,KH-->CH,KH-->CH,KH-->CH,KH-->CH,KH-->CH,KH-->CH,KH-->CH,KH-->CH,KH-->CH,KH-->CH,KH-->CH,KH-->CH,KH-->CH,KH-->CH,KH-->CH,KH-->CH,,,,,,,,,,,,,,,,,CH-->KH,CH-->KH,CH-->KH,CH-->KH,CH-->KH,CH-->KH,CH-->KH,CH-->KH,CH-->KH,CH-->KH,CH-->KH,CH-->KH,CH-->KH,CH-->KH,CH-->KH,CH-->KH,CH-->KH,CH-->KH,CH-->KH
CM,CMR,Cameroon,Yaoundé,Africa,Middle Africa,,CM-->CH,CM-->CH,CM-->CH,CM-->CH,CM-->CH,CM-->CH,CM-->CH,CM-->CH,CM-->CH,CM-->CH,CM-->CH,CM-->CH,CM-->CH,CM-->CH,CM-->CH,CM-->CH,CM-->CH,CM-->CH,CM-->CH,,,,,,,,,,,,,,,,,CH-->CM,CH-->CM,CH-->CM,CH-->CM,CH-->CM,CH-->CM,CH-->CM,CH-->CM,CH-->CM,CH-->CM,CH-->CM,CH-->CM,CH-->CM,CH-->CM,CH-->CM,CH-->CM,CH-->CM,CH-->CM,CH-->CM
CA,CAN,Canada,Ottawa,Americas,Northern America,,CA-->CH,CA-->CH,CA-->CH,CA-->CH,CA-->CH,CA-->CH,CA-->CH,CA-->CH,CA-->CH,CA-->CH,CA-->CH,CA-->CH,CA-->CH,CA-->CH,CA-->CH,CA-->CH,CA-->CH,CA-->CH,CA-->CH,,,,,,,,,,,,,,,,,CH-->CA,CH-->CA,CH-->CA,CH-->CA,CH-->CA,CH-->CA,CH-->CA,CH-->CA,CH-->CA,CH-->CA,CH-->CA,CH-->CA,CH-->CA,CH-->CA,CH-->CA,CH-->CA,CH-->CA,CH-->CA,CH-->CA
CV,CPV,Cape Verde,Praia,Africa,Western Africa,,CV-->CH,CV-->CH,CV-->CH,CV-->CH,CV-->CH,CV-->CH,CV-->CH,CV-->CH,CV-->CH,CV-->CH,CV-->CH,CV-->CH,CV-->CH,CV-->CH,CV-->CH,CV-->CH,CV-->CH,CV-->CH,CV-->CH,,,,,,,,,,,,,,,,,CH-->CV,CH-->CV,CH-->CV,CH-->CV,CH-->CV,CH-->CV,CH-->CV,CH-->CV,CH-->CV,CH-->CV,CH-->CV,CH-->CV,CH-->CV,CH-->CV,CH-->CV,CH-->CV,CH-->CV,CH-->CV,CH-->CV
KY,CYM,Cayman Islands,George Town,Americas,Caribbean,,KY-->CH,KY-->CH,KY-->CH,KY-->CH,KY-->CH,KY-->CH,KY-->CH,KY-->CH,KY-->CH,KY-->CH,KY-->CH,KY-->CH,KY-->CH,KY-->CH,KY-->CH,KY-->CH,KY-->CH,KY-->CH,KY-->CH,,,,,,,,,,,,,,,,,CH-->KY,CH-->KY,CH-->KY,CH-->KY,CH-->KY,CH-->KY,CH-->KY,CH-->KY,CH-->KY,CH-->KY,CH-->KY,CH-->KY,CH-->KY,CH-->KY,CH-->KY,CH-->KY,CH-->KY,CH-->KY,CH-->KY
CF,CAF,Central African Republic,Bangui,Africa,Middle Africa,,CF-->CH,CF-->CH,CF-->CH,CF-->CH,CF-->CH,CF-->CH,CF-->CH,CF-->CH,CF-->CH,CF-->CH,CF-->CH,CF-->CH,CF-->CH,CF-->CH,CF-->CH,CF-->CH,CF-->CH,CF-->CH,CF-->CH,,,,,,,,,,,,,,,,,CH-->CF,CH-->CF,CH-->CF,CH-->CF,CH-->CF,CH-->CF,CH-->CF,CH-->CF,CH-->CF,CH-->CF,CH-->CF,CH-->CF,CH-->CF,CH-->CF,CH-->CF,CH-->CF,CH-->CF,CH-->CF,CH-->CF
TD,TCD,Chad,N'Djamena,Africa,Middle Africa,,TD-->CH,TD-->CH,TD-->CH,TD-->CH,TD-->CH,TD-->CH,TD-->CH,TD-->CH,TD-->CH,TD-->CH,TD-->CH,TD-->CH,TD-->CH,TD-->CH,TD-->CH,TD-->CH,TD-->CH,TD-->CH,TD-->CH,,,,,,,,,,,,,,,,,CH-->TD,CH-->TD,CH-->TD,CH-->TD,CH-->TD,CH-->TD,CH-->TD,CH-->TD,CH-->TD,CH-->TD,CH-->TD,CH-->TD,CH-->TD,CH-->TD,CH-->TD,CH-->TD,CH-->TD,CH-->TD,CH-->TD
CL,CHL,Chile,Santiago,Americas,South America,,CL-->CH,CL-->CH,CL-->CH,CL-->CH,CL-->CH,CL-->CH,CL-->CH,CL-->CH,CL-->CH,CL-->CH,CL-->CH,CL-->CH,CL-->CH,CL-->CH,CL-->CH,CL-->CH,CL-->CH,CL-->CH,CL-->CH,,,,,,,,,,,,,,,,,CH-->CL,CH-->CL,CH-->CL,CH-->CL,CH-->CL,CH-->CL,CH-->CL,CH-->CL,CH-->CL,CH-->CL,CH-->CL,CH-->CL,CH-->CL,CH-->CL,CH-->CL,CH-->CL,CH-->CL,CH-->CL,CH-->CL
CN,CHN,China,Beijing,Asia,Eastern Asia,,CN-->CH,CN-->CH,CN-->CH,CN-->CH,CN-->CH,CN-->CH,CN-->CH,CN-->CH,CN-->CH,CN-->CH,CN-->CH,CN-->CH,CN-->CH,CN-->CH,CN-->CH,CN-->CH,CN-->CH,CN-->CH,CN-->CH,,,,,,,,,,,,,,,,,CH-->CN,CH-->CN,CH-->CN,CH-->CN,CH-->CN,CH-->CN,CH-->CN,CH-->CN,CH-->CN,CH-->CN,CH-->CN,CH-->CN,CH-->CN,CH-->CN,CH-->CN,CH-->CN,CH-->CN,CH-->CN,CH-->CN
CX,CXR,Christmas Island,Flying Fish Cove,Oceania,Australia and New Zealand,,CX-->CH,CX-->CH,CX-->CH,CX-->CH,CX-->CH,CX-->CH,CX-->CH,CX-->CH,CX-->CH,CX-->CH,CX-->CH,CX-->CH,CX-->CH,CX-->CH,CX-->CH,CX-->CH,CX-->CH,CX-->CH,CX-->CH,,,,,,,,,,,,,,,,,CH-->CX,CH-->CX,CH-->CX,CH-->CX,CH-->CX,CH-->CX,CH-->CX,CH-->CX,CH-->CX,CH-->CX,CH-->CX,CH-->CX,CH-->CX,CH-->CX,CH-->CX,CH-->CX,CH-->CX,CH-->CX,CH-->CX
CC,CCK,Cocos (Keeling) Islands,West Island,Oceania,Australia and New Zealand,,CC-->CH,CC-->CH,CC-->CH,CC-->CH,CC-->CH,CC-->CH,CC-->CH,CC-->CH,CC-->CH,CC-->CH,CC-->CH,CC-->CH,CC-->CH,CC-->CH,CC-->CH,CC-->CH,CC-->CH,CC-->CH,CC-->CH,,,,,,,,,,,,,,,,,CH-->CC,CH-->CC,CH-->CC,CH-->CC,CH-->CC,CH-->CC,CH-->CC,CH-->CC,CH-->CC,CH-->CC,CH-->CC,CH-->CC,CH-->CC,CH-->CC,CH-->CC,CH-->CC,CH-->CC,CH-->CC,CH-->CC
CO,COL,Colombia,Bogotá,Americas,South America,,CO-->CH,CO-->CH,CO-->CH,CO-->CH,CO-->CH,CO-->CH,CO-->CH,CO-->CH,CO-->CH,CO-->CH,CO-->CH,CO-->CH,CO-->CH,CO-->CH,CO-->CH,CO-->CH,CO-->CH,CO-->CH,CO-->CH,,,,,,,,,,,,,,,,,CH-->CO,CH-->CO,CH-->CO,CH-->CO,CH-->CO,CH-->CO,CH-->CO,CH-->CO,CH-->CO,CH-->CO,CH-->CO,CH-->CO,CH-->CO,CH-->CO,CH-->CO,CH-->CO,CH-->CO,CH-->CO,CH-->CO
KM,COM,Comoros,Moroni,Africa,Eastern Africa,,KM-->CH,KM-->CH,KM-->CH,KM-->CH,KM-->CH,KM-->CH,KM-->CH,KM-->CH,KM-->CH,KM-->CH,KM-->CH,KM-->CH,KM-->CH,KM-->CH,KM-->CH,KM-->CH,KM-->CH,KM-->CH,KM-->CH,,,,,,,,,,,,,,,,,CH-->KM,CH-->KM,CH-->KM,CH-->KM,CH-->KM,CH-->KM,CH-->KM,CH-->KM,CH-->KM,CH-->KM,CH-->KM,CH-->KM,CH-->KM,CH-->KM,CH-->KM,CH-->KM,CH-->KM,CH-->KM,CH-->KM
CG,COG,Republic of the Congo,Brazzaville,Africa,Middle Africa,,CG-->CH,CG-->CH,CG-->CH,CG-->CH,CG-->CH,CG-->CH,CG-->CH,CG-->CH,CG-->CH,CG-->CH,CG-->CH,CG-->CH,CG-->CH,CG-->CH,CG-->CH,CG-->CH,CG-->CH,CG-->CH,CG-->CH,,,,,,,,,,,,,,,,,CH-->CG,CH-->CG,CH-->CG,CH-->CG,CH-->CG,CH-->CG,CH-->CG,CH-->CG,CH-->CG,CH-->CG,CH-->CG,CH-->CG,CH-->CG,CH-->CG,CH-->CG,CH-->CG,CH-->CG,CH-->CG,CH-->CG
CD,COD,Democratic Republic of the Congo,Kinshasa,Africa,Middle Africa,,CD-->CH,CD-->CH,CD-->CH,CD-->CH,CD-->CH,CD-->CH,CD-->CH,CD-->CH,CD-->CH,CD-->CH,CD-->CH,CD-->CH,CD-->CH,CD-->CH,CD-->CH,CD-->CH,CD-->CH,CD-->CH,CD-->CH,,,,,,,,,,,,,,,,,CH-->CD,CH-->CD,CH-->CD,CH-->CD,CH-->CD,CH-->CD,CH-->CD,CH-->CD,CH-->CD,CH-->CD,CH-->CD,CH-->CD,CH-->CD,CH-->CD,CH-->CD,CH-->CD,CH-->CD,CH-->CD,CH-->CD
CK,COK,Cook Islands,Avarua,Oceania,Polynesia,,CK-->CH,CK-->CH,CK-->CH,CK-->CH,CK-->CH,CK-->CH,CK-->CH,CK-->CH,CK-->CH,CK-->CH,CK-->CH,CK-->CH,CK-->CH,CK-->CH,CK-->CH,CK-->CH,CK-->CH,CK-->CH,CK-->CH,,,,,,,,,,,,,,,,,CH-->CK,CH-->CK,CH-->CK,CH-->CK,CH-->CK,CH-->CK,CH-->CK,CH-->CK,CH-->CK,CH-->CK,CH-->CK,CH-->CK,CH-->CK,CH-->CK,CH-->CK,CH-->CK,CH-->CK,CH-->CK,CH-->CK
CR,CRI,Costa Rica,San José,Americas,Central America,,CR-->CH,CR-->CH,CR-->CH,CR-->CH,CR-->CH,CR-->CH,CR-->CH,CR-->CH,CR-->CH,CR-->CH,CR-->CH,CR-->CH,CR-->CH,CR-->CH,CR-->CH,CR-->CH,CR-->CH,CR-->CH,CR-->CH,,,,,,,,,,,,,,,,,CH-->CR,CH-->CR,CH-->CR,CH-->CR,CH-->CR,CH-->CR,CH-->CR,CH-->CR,CH-->CR,CH-->CR,CH-->CR,CH-->CR,CH-->CR,CH-->CR,CH-->CR,CH-->CR,CH-->CR,CH-->CR,CH-->CR
HR,HRV,Croatia,Zagreb,Europe,Southern Europe,,HR-->CH,HR-->CH,HR-->CH,HR-->CH,HR-->CH,HR-->CH,HR-->CH,HR-->CH,HR-->CH,HR-->CH,HR-->CH,HR-->CH,HR-->CH,HR-->CH,HR-->CH,HR-->CH,HR-->CH,HR-->CH,HR-->CH,,,,,,,,,,,,,,,,,CH-->HR,CH-->HR,CH-->HR,CH-->HR,CH-->HR,CH-->HR,CH-->HR,CH-->HR,CH-->HR,CH-->HR,CH-->HR,CH-->HR,CH-->HR,CH-->HR,CH-->HR,CH-->HR,CH-->HR,CH-->HR,CH-->HR
CU,CUB,Cuba,Havana,Americas,Caribbean,,CU-->CH,CU-->CH,CU-->CH,CU-->CH,CU-->CH,CU-->CH,CU-->CH,CU-->CH,CU-->CH,CU-->CH,CU-->CH,CU-->CH,CU-->CH,CU-->CH,CU-->CH,CU-->CH,CU-->CH,CU-->CH,CU-->CH,,,,,,,,,,,,,,,,,CH-->CU,CH-->CU,CH-->CU,CH-->CU,CH-->CU,CH-->CU,CH-->CU,CH-->CU,CH-->CU,CH-->CU,CH-->CU,CH-->CU,CH-->CU,CH-->CU,CH-->CU,CH-->CU,CH-->CU,CH-->CU,CH-->CU
CW,CUW,Curaçao,Willemstad,Americas,Caribbean,,CW-->CH,CW-->CH,CW-->CH,CW-->CH,CW-->CH,CW-->CH,CW-->CH,CW-->CH,CW-->CH,CW-->CH,CW-->CH,CW-->CH,CW-->CH,CW-->CH,CW-->CH,CW-->CH,CW-->CH,CW-->CH,CW-->CH,,,,,,,,,,,,,,,,,CH-->CW,CH-->CW,CH-->CW,CH-->CW,CH-->CW,CH-->CW,CH-->CW,CH-->CW,CH-->CW,CH-->CW,CH-->CW,CH-->CW,CH-->CW,CH-->CW,CH-->CW,CH-->CW,CH-->CW,CH-->CW,CH-->CW
CY,CYP,Cyprus,Nicosia,Europe,Southern Europe,,CY-->CH,CY-->CH,CY-->CH,CY-->CH,CY-->CH,CY-->CH,CY-->CH,CY-->CH,CY-->CH,CY-->CH,CY-->CH,CY-->CH,CY-->CH,CY-->CH,CY-->CH,CY-->CH,CY-->CH,CY-->CH,CY-->CH,,,,,,,,,,,,,,,,,CH-->CY,CH-->CY,CH-->CY,CH-->CY,CH-->CY,CH-->CY,CH-->CY,CH-->CY,CH-->CY,CH-->CY,CH-->CY,CH-->CY,CH-->CY,CH-->CY,CH-->CY,CH-->CY,CH-->CY,CH-->CY,CH-->CY
CZ,CZE,Czech Republic,Prague,Europe,Eastern Europe,,CZ-->CH,CZ-->CH,CZ-->CH,CZ-->CH,CZ-->CH,CZ-->CH,CZ-->CH,CZ-->CH,CZ-->CH,CZ-->CH,CZ-->CH,CZ-->CH,CZ-->CH,CZ-->CH,CZ-->CH,CZ-->CH,CZ-->CH,CZ-->CH,CZ-->CH,,,,,,,,,,,,,,,,,CH-->CZ,CH-->CZ,CH-->CZ,CH-->CZ,CH-->CZ,CH-->CZ,CH-->CZ,CH-->CZ,CH-->CZ,CH-->CZ,CH-->CZ,CH-->CZ,CH-->CZ,CH-->CZ,CH-->CZ,CH-->CZ,CH-->CZ,CH-->CZ,CH-->CZ
DK,DNK,Denmark,Copenhagen,Europe,Northern Europe,,DK-->CH,DK-->CH,DK-->CH,DK-->CH,DK-->CH,DK-->CH,DK-->CH,DK-->CH,DK-->CH,DK-->CH,DK-->CH,DK-->CH,DK-->CH,DK-->CH,DK-->CH,DK-->CH,DK-->CH,DK-->CH,DK-->CH,,,,,,,,,,,,,,,,,CH-->DK,CH-->DK,CH-->DK,CH-->DK,CH-->DK,CH-->DK,CH-->DK,CH-->DK,CH-->DK,CH-->DK,CH-->DK,CH-->DK,CH-->DK,CH-->DK,CH-->DK,CH-->DK,CH-->DK,CH-->DK,CH-->DK
DJ,DJI,Djibouti,Djibouti,Africa,Eastern Africa,,DJ-->CH,DJ-->CH,DJ-->CH,DJ-->CH,DJ-->CH,DJ-->CH,DJ-->CH,DJ-->CH,DJ-->CH,DJ-->CH,DJ-->CH,DJ-->CH,DJ-->CH,DJ-->CH,DJ-->CH,DJ-->CH,DJ-->CH,DJ-->CH,DJ-->CH,,,,,,,,,,,,,,,,,CH-->DJ,CH-->DJ,CH-->DJ,CH-->DJ,CH-->DJ,CH-->DJ,CH-->DJ,CH-->DJ,CH-->DJ,CH-->DJ,CH-->DJ,CH-->DJ,CH-->DJ,CH-->DJ,CH-->DJ,CH-->DJ,CH-->DJ,CH-->DJ,CH-->DJ
DM,DMA,Dominica,Roseau,Americas,Caribbean,,DM-->CH,DM-->CH,DM-->CH,DM-->CH,DM-->CH,DM-->CH,DM-->CH,DM-->CH,DM-->CH,DM-->CH,DM-->CH,DM-->CH,DM-->CH,DM-->CH,DM-->CH,DM-->CH,DM-->CH,DM-->CH,DM-->CH,,,,,,,,,,,,,,,,,CH-->DM,CH-->DM,CH-->DM,CH-->DM,CH-->DM,CH-->DM,CH-->DM,CH-->DM,CH-->DM,CH-->DM,CH-->DM,CH-->DM,CH-->DM,CH-->DM,CH-->DM,CH-->DM,CH-->DM,CH-->DM,CH-->DM
DO,DOM,Dominican Republic,Santo Domingo,Americas,Caribbean,,DO-->CH,DO-->CH,DO-->CH,DO-->CH,DO-->CH,DO-->CH,DO-->CH,DO-->CH,DO-->CH,DO-->CH,DO-->CH,DO-->CH,DO-->CH,DO-->CH,DO-->CH,DO-->CH,DO-->CH,DO-->CH,DO-->CH,,,,,,,,,,,,,,,,,CH-->DO,CH-->DO,CH-->DO,CH-->DO,CH-->DO,CH-->DO,CH-->DO,CH-->DO,CH-->DO,CH-->DO,CH-->DO,CH-->DO,CH-->DO,CH-->DO,CH-->DO,CH-->DO,CH-->DO,CH-->DO,CH-->DO
EC,ECU,Ecuador,Quito,Americas,South America,,EC-->CH,EC-->CH,EC-->CH,EC-->CH,EC-->CH,EC-->CH,EC-->CH,EC-->CH,EC-->CH,EC-->CH,EC-->CH,EC-->CH,EC-->CH,EC-->CH,EC-->CH,EC-->CH,EC-->CH,EC-->CH,EC-->CH,,,,,,,,,,,,,,,,,CH-->EC,CH-->EC,CH-->EC,CH-->EC,CH-->EC,CH-->EC,CH-->EC,CH-->EC,CH-->EC,CH-->EC,CH-->EC,CH-->EC,CH-->EC,CH-->EC,CH-->EC,CH-->EC,CH-->EC,CH-->EC,CH-->EC
EG,EGY,Egypt,Cairo,Africa,Northern Africa,,EG-->CH,EG-->CH,EG-->CH,EG-->CH,EG-->CH,EG-->CH,EG-->CH,EG-->CH,EG-->CH,EG-->CH,EG-->CH,EG-->CH,EG-->CH,EG-->CH,EG-->CH,EG-->CH,EG-->CH,EG-->CH,EG-->CH,,,,,,,,,,,,,,,,,CH-->EG,CH-->EG,CH-->EG,CH-->EG,CH-->EG,CH-->EG,CH-->EG,CH-->EG,CH-->EG,CH-->EG,CH-->EG,CH-->EG,CH-->EG,CH-->EG,CH-->EG,CH-->EG,CH-->EG,CH-->EG,CH-->EG
SV,SLV,El Salvador,San Salvador,Americas,Central America,,SV-->CH,SV-->CH,SV-->CH,SV-->CH,SV-->CH,SV-->CH,SV-->CH,SV-->CH,SV-->CH,SV-->CH,SV-->CH,SV-->CH,SV-->CH,SV-->CH,SV-->CH,SV-->CH,SV-->CH,SV-->CH,SV-->CH,,,,,,,,,,,,,,,,,CH-->SV,CH-->SV,CH-->SV,CH-->SV,CH-->SV,CH-->SV,CH-->SV,CH-->SV,CH-->SV,CH-->SV,CH-->SV,CH-->SV,CH-->SV,CH-->SV,CH-->SV,CH-->SV,CH-->SV,CH-->SV,CH-->SV
GQ,GNQ,Equatorial Guinea,Malabo,Africa,Middle Africa,,GQ-->CH,GQ-->CH,GQ-->CH,GQ-->CH,GQ-->CH,GQ-->CH,GQ-->CH,GQ-->CH,GQ-->CH,GQ-->CH,GQ-->CH,GQ-->CH,GQ-->CH,GQ-->CH,GQ-->CH,GQ-->CH,GQ-->CH,GQ-->CH,GQ-->CH,,,,,,,,,,,,,,,,,CH-->GQ,CH-->GQ,CH-->GQ,CH-->GQ,CH-->GQ,CH-->GQ,CH-->GQ,CH-->GQ,CH-->GQ,CH-->GQ,CH-->GQ,CH-->GQ,CH-->GQ,CH-->GQ,CH-->GQ,CH-->GQ,CH-->GQ,CH-->GQ,CH-->GQ
ER,ERI,Eritrea,Asmara,Africa,Eastern Africa,,ER-->CH,ER-->CH,ER-->CH,ER-->CH,ER-->CH,ER-->CH,ER-->CH,ER-->CH,ER-->CH,ER-->CH,ER-->CH,ER-->CH,ER-->CH,ER-->CH,ER-->CH,ER-->CH,ER-->CH,ER-->CH,ER-->CH,,,,,,,,,,,,,,,,,CH-->ER,CH-->ER,CH-->ER,CH-->ER,CH-->ER,CH-->ER,CH-->ER,CH-->ER,CH-->ER,CH-->ER,CH-->ER,CH-->ER,CH-->ER,CH-->ER,CH-->ER,CH-->ER,CH-->ER,CH-->ER,CH-->ER
EE,EST,Estonia,Tallinn,Europe,Northern Europe,,EE-->CH,EE-->CH,EE-->CH,EE-->CH,EE-->CH,EE-->CH,EE-->CH,EE-->CH,EE-->CH,EE-->CH,EE-->CH,EE-->CH,EE-->CH,EE-->CH,EE-->CH,EE-->CH,EE-->CH,EE-->CH,EE-->CH,,,,,,,,,,,,,,,,,CH-->EE,CH-->EE,CH-->EE,CH-->EE,CH-->EE,CH-->EE,CH-->EE,CH-->EE,CH-->EE,CH-->EE,CH-->EE,CH-->EE,CH-->EE,CH-->EE,CH-->EE,CH-->EE,CH-->EE,CH-->EE,CH-->EE
ET,ETH,Ethiopia,Addis Ababa,Africa,Eastern Africa,,ET-->CH,ET-->CH,ET-->CH,ET-->CH,ET-->CH,ET-->CH,ET-->CH,ET-->CH,ET-->CH,ET-->CH,ET-->CH,ET-->CH,ET-->CH,ET-->CH,ET-->CH,ET-->CH,ET-->CH,ET-->CH,ET-->CH,,,,,,,,,,,,,,,,,CH-->ET,CH-->ET,CH-->ET,CH-->ET,CH-->ET,CH-->ET,CH-->ET,CH-->ET,CH-->ET,CH-->ET,CH-->ET,CH-->ET,CH-->ET,CH-->ET,CH-->ET,CH-->ET,CH-->ET,CH-->ET,CH-->ET
FK,FLK,Falkland Islands,Stanley,Americas,South America,,FK-->CH,FK-->CH,FK-->CH,FK-->CH,FK-->CH,FK-->CH,FK-->CH,FK-->CH,FK-->CH,FK-->CH,FK-->CH,FK-->CH,FK-->CH,FK-->CH,FK-->CH,FK-->CH,FK-->CH,FK-->CH,FK-->CH,,,,,,,,,,,,,,,,,CH-->FK,CH-->FK,CH-->FK,CH-->FK,CH-->FK,CH-->FK,CH-->FK,CH-->FK,CH-->FK,CH-->FK,CH-->FK,CH-->FK,CH-->FK,CH-->FK,CH-->FK,CH-->FK,CH-->FK,CH-->FK,CH-->FK
FO,FRO,Faroe Islands,Tórshavn,Europe,Northern Europe,,FO-->CH,FO-->CH,FO-->CH,FO-->CH,FO-->CH,FO-->CH,FO-->CH,FO-->CH,FO-->CH,FO-->CH,FO-->CH,FO-->CH,FO-->CH,FO-->CH,FO-->CH,FO-->CH,FO-->CH,FO-->CH,FO-->CH,,,,,,,,,,,,,,,,,CH-->FO,CH-->FO,CH-->FO,CH-->FO,CH-->FO,CH-->FO,CH-->FO,CH-->FO,CH-->FO,CH-->FO,CH-->FO,CH-->FO,CH-->FO,CH-->FO,CH-->FO,CH-->FO,CH-->FO,CH-->FO,CH-->FO
FJ,FJI,Fiji,Suva,Oceania,Melanesia,,FJ-->CH,FJ-->CH,FJ-->CH,FJ-->CH,FJ-->CH,FJ-->CH,FJ-->CH,FJ-->CH,FJ-->CH,FJ-->CH,FJ-->CH,FJ-->CH,FJ-->CH,FJ-->CH,FJ-->CH,FJ-->CH,FJ-->CH,FJ-->CH,FJ-->CH,,,,,,,,,,,,,,,,,CH-->FJ,CH-->FJ,CH-->FJ,CH-->FJ,CH-->FJ,CH-->FJ,CH-->FJ,CH-->FJ,CH-->FJ,CH-->FJ,CH-->FJ,CH-->FJ,CH-->FJ,CH-->FJ,CH-->FJ,CH-->FJ,CH-->FJ,CH-->FJ,CH-->FJ
FI,FIN,Finland,Helsinki,Europe,Northern Europe,,FI-->CH,FI-->CH,FI-->CH,FI-->CH,FI-->CH,FI-->CH,FI-->CH,FI-->CH,FI-->CH,FI-->CH,FI-->CH,FI-->CH,FI-->CH,FI-->CH,FI-->CH,FI-->CH,FI-->CH,FI-->CH,FI-->CH,,,,,,,,,,,,,,,,,CH-->FI,CH-->FI,CH-->FI,CH-->FI,CH-->FI,CH-->FI,CH-->FI,CH-->FI,CH-->FI,CH-->FI,CH-->FI,CH-->FI,CH-->FI,CH-->FI,CH-->FI,CH-->FI,CH-->FI,CH-->FI,CH-->FI
FR,FRA,France,Paris,Europe,Western Europe,,FR-->CH,FR-->CH,FR-->CH,FR-->CH,FR-->CH,FR-->CH,FR-->CH,FR-->CH,FR-->CH,FR-->CH,FR-->CH,FR-->CH,FR-->CH,FR-->CH,FR-->CH,FR-->CH,FR-->CH,FR-->CH,FR-->CH,,,,,,,,,,,,,,,,,CH-->FR,CH-->FR,CH-->FR,CH-->FR,CH-->FR,CH-->FR,CH-->FR,CH-->FR,CH-->FR,CH-->FR,CH-->FR,CH-->FR,CH-->FR,CH-->FR,CH-->FR,CH-->FR,CH-->FR,CH-->FR,CH-->FR
GF,GUF,French Guiana,Cayenne,Americas,South America,,GF-->CH,GF-->CH,GF-->CH,GF-->CH,GF-->CH,GF-->CH,GF-->CH,GF-->CH,GF-->CH,GF-->CH,GF-->CH,GF-->CH,GF-->CH,GF-->CH,GF-->CH,GF-->CH,GF-->CH,GF-->CH,GF-->CH,,,,,,,,,,,,,,,,,CH-->GF,CH-->GF,CH-->GF,CH-->GF,CH-->GF,CH-->GF,CH-->GF,CH-->GF,CH-->GF,CH-->GF,CH-->GF,CH-->GF,CH-->GF,CH-->GF,CH-->GF,CH-->GF,CH-->GF,CH-->GF,CH-->GF
PF,PYF,French Polynesia,Papeetē,Oceania,Polynesia,,PF-->CH,PF-->CH,PF-->CH,PF-->CH,PF-->CH,PF-->CH,PF-->CH,PF-->CH,PF-->CH,PF-->CH,PF-->CH,PF-->CH,PF-->CH,PF-->CH,PF-->CH,PF-->CH,PF-->CH,PF-->CH,PF-->CH,,,,,,,,,,,,,,,,,CH-->PF,CH-->PF,CH-->PF,CH-->PF,CH-->PF,CH-->PF,CH-->PF,CH-->PF,CH-->PF,CH-->PF,CH-->PF,CH-->PF,CH-->PF,CH-->PF,CH-->PF,CH-->PF,CH-->PF,CH-->PF,CH-->PF
TF,ATF,French Southern and Antarctic Lands,Port-aux-Français,Africa,Southern Africa,,TF-->CH,TF-->CH,TF-->CH,TF-->CH,TF-->CH,TF-->CH,TF-->CH,TF-->CH,TF-->CH,TF-->CH,TF-->CH,TF-->CH,TF-->CH,TF-->CH,TF-->CH,TF-->CH,TF-->CH,TF-->CH,TF-->CH,,,,,,,,,,,,,,,,,CH-->TF,CH-->TF,CH-->TF,CH-->TF,CH-->TF,CH-->TF,CH-->TF,CH-->TF,CH-->TF,CH-->TF,CH-->TF,CH-->TF,CH-->TF,CH-->TF,CH-->TF,CH-->TF,CH-->TF,CH-->TF,CH-->TF
GA,GAB,Gabon,Libreville,Africa,Middle Africa,,GA-->CH,GA-->CH,GA-->CH,GA-->CH,GA-->CH,GA-->CH,GA-->CH,GA-->CH,GA-->CH,GA-->CH,GA-->CH,GA-->CH,GA-->CH,GA-->CH,GA-->CH,GA-->CH,GA-->CH,GA-->CH,GA-->CH,,,,,,,,,,,,,,,,,CH-->GA,CH-->GA,CH-->GA,CH-->GA,CH-->GA,CH-->GA,CH-->GA,CH-->GA,CH-->GA,CH-->GA,CH-->GA,CH-->GA,CH-->GA,CH-->GA,CH-->GA,CH-->GA,CH-->GA,CH-->GA,CH-->GA
GM,GMB,The Gambia,Banjul,Africa,Western Africa,,GM-->CH,GM-->CH,GM-->CH,GM-->CH,GM-->CH,GM-->CH,GM-->CH,GM-->CH,GM-->CH,GM-->CH,GM-->CH,GM-->CH,GM-->CH,GM-->CH,GM-->CH,GM-->CH,GM-->CH,GM-->CH,GM-->CH,,,,,,,,,,,,,,,,,CH-->GM,CH-->GM,CH-->GM,CH-->GM,CH-->GM,CH-->GM,CH-->GM,CH-->GM,CH-->GM,CH-->GM,CH-->GM,CH-->GM,CH-->GM,CH-->GM,CH-->GM,CH-->GM,CH-->GM,CH-->GM,CH-->GM
GE,GEO,Georgia,Tbilisi,Asia,Western Asia,,GE-->CH,GE-->CH,GE-->CH,GE-->CH,GE-->CH,GE-->CH,GE-->CH,GE-->CH,GE-->CH,GE-->CH,GE-->CH,GE-->CH,GE-->CH,GE-->CH,GE-->CH,GE-->CH,GE-->CH,GE-->CH,GE-->CH,,,,,,,,,,,,,,,,,CH-->GE,CH-->GE,CH-->GE,CH-->GE,CH-->GE,CH-->GE,CH-->GE,CH-->GE,CH-->GE,CH-->GE,CH-->GE,CH-->GE,CH-->GE,CH-->GE,CH-->GE,CH-->GE,CH-->GE,CH-->GE,CH-->GE
DE,DEU,Germany,Berlin,Europe,Western Europe,,DE-->CH,DE-->CH,DE-->CH,DE-->CH,DE-->CH,DE-->CH,DE-->CH,DE-->CH,DE-->CH,DE-->CH,DE-->CH,DE-->CH,DE-->CH,DE-->CH,DE-->CH,DE-->CH,DE-->CH,DE-->CH,DE-->CH,,,,,,,,,,,,,,,,,CH-->DE,CH-->DE,CH-->DE,CH-->DE,CH-->DE,CH-->DE,CH-->DE,CH-->DE,CH-->DE,CH-->DE,CH-->DE,CH-->DE,CH-->DE,CH-->DE,CH-->DE,CH-->DE,CH-->DE,CH-->DE,CH-->DE
GH,GHA,Ghana,Accra,Africa,Western Africa,,GH-->CH,GH-->CH,GH-->CH,GH-->CH,GH-->CH,GH-->CH,GH-->CH,GH-->CH,GH-->CH,GH-->CH,GH-->CH,GH-->CH,GH-->CH,GH-->CH,GH-->CH,GH-->CH,GH-->CH,GH-->CH,GH-->CH,,,,,,,,,,,,,,,,,CH-->GH,CH-->GH,CH-->GH,CH-->GH,CH-->GH,CH-->GH,CH-->GH,CH-->GH,CH-->GH,CH-->GH,CH-->GH,CH-->GH,CH-->GH,CH-->GH,CH-->GH,CH-->GH,CH-->GH,CH-->GH,CH-->GH
GI,GIB,Gibraltar,Gibraltar,Europe,Southern Europe,,GI-->CH,GI-->CH,GI-->CH,GI-->CH,GI-->CH,GI-->CH,GI-->CH,GI-->CH,GI-->CH,GI-->CH,GI-->CH,GI-->CH,GI-->CH,GI-->CH,GI-->CH,GI-->CH,GI-->CH,GI-->CH,GI-->CH,,,,,,,,,,,,,,,,,CH-->GI,CH-->GI,CH-->GI,CH-->GI,CH-->GI,CH-->GI,CH-->GI,CH-->GI,CH-->GI,CH-->GI,CH-->GI,CH-->GI,CH-->GI,CH-->GI,CH-->GI,CH-->GI,CH-->GI,CH-->GI,CH-->GI
GR,GRC,Greece,Athens,Europe,Southern Europe,,GR-->CH,GR-->CH,GR-->CH,GR-->CH,GR-->CH,GR-->CH,GR-->CH,GR-->CH,GR-->CH,GR-->CH,GR-->CH,GR-->CH,GR-->CH,GR-->CH,GR-->CH,GR-->CH,GR-->CH,GR-->CH,GR-->CH,,,,,,,,,,,,,,,,,CH-->GR,CH-->GR,CH-->GR,CH-->GR,CH-->GR,CH-->GR,CH-->GR,CH-->GR,CH-->GR,CH-->GR,CH-->GR,CH-->GR,CH-->GR,CH-->GR,CH-->GR,CH-->GR,CH-->GR,CH-->GR,CH-->GR
GL,GRL,Greenland,Nuuk,Americas,Northern America,,GL-->CH,GL-->CH,GL-->CH,GL-->CH,GL-->CH,GL-->CH,GL-->CH,GL-->CH,GL-->CH,GL-->CH,GL-->CH,GL-->CH,GL-->CH,GL-->CH,GL-->CH,GL-->CH,GL-->CH,GL-->CH,GL-->CH,,,,,,,,,,,,,,,,,CH-->GL,CH-->GL,CH-->GL,CH-->GL,CH-->GL,CH-->GL,CH-->GL,CH-->GL,CH-->GL,CH-->GL,CH-->GL,CH-->GL,CH-->GL,CH-->GL,CH-->GL,CH-->GL,CH-->GL,CH-->GL,CH-->GL
GD,GRD,Grenada,St. George's,Americas,Caribbean,,GD-->CH,GD-->CH,GD-->CH,GD-->CH,GD-->CH,GD-->CH,GD-->CH,GD-->CH,GD-->CH,GD-->CH,GD-->CH,GD-->CH,GD-->CH,GD-->CH,GD-->CH,GD-->CH,GD-->CH,GD-->CH,GD-->CH,,,,,,,,,,,,,,,,,CH-->GD,CH-->GD,CH-->GD,CH-->GD,CH-->GD,CH-->GD,CH-->GD,CH-->GD,CH-->GD,CH-->GD,CH-->GD,CH-->GD,CH-->GD,CH-->GD,CH-->GD,CH-->GD,CH-->GD,CH-->GD,CH-->GD
GP,GLP,Guadeloupe,Basse-Terre,Americas,Caribbean,,GP-->CH,GP-->CH,GP-->CH,GP-->CH,GP-->CH,GP-->CH,GP-->CH,GP-->CH,GP-->CH,GP-->CH,GP-->CH,GP-->CH,GP-->CH,GP-->CH,GP-->CH,GP-->CH,GP-->CH,GP-->CH,GP-->CH,,,,,,,,,,,,,,,,,CH-->GP,CH-->GP,CH-->GP,CH-->GP,CH-->GP,CH-->GP,CH-->GP,CH-->GP,CH-->GP,CH-->GP,CH-->GP,CH-->GP,CH-->GP,CH-->GP,CH-->GP,CH-->GP,CH-->GP,CH-->GP,CH-->GP
GU,GUM,Guam,Hagåtña,Oceania,Micronesia,,GU-->CH,GU-->CH,GU-->CH,GU-->CH,GU-->CH,GU-->CH,GU-->CH,GU-->CH,GU-->CH,GU-->CH,GU-->CH,GU-->CH,GU-->CH,GU-->CH,GU-->CH,GU-->CH,GU-->CH,GU-->CH,GU-->CH,,,,,,,,,,,,,,,,,CH-->GU,CH-->GU,CH-->GU,CH-->GU,CH-->GU,CH-->GU,CH-->GU,CH-->GU,CH-->GU,CH-->GU,CH-->GU,CH-->GU,CH-->GU,CH-->GU,CH-->GU,CH-->GU,CH-->GU,CH-->GU,CH-->GU
GT,GTM,Guatemala,Guatemala City,Americas,Central America,,GT-->CH,GT-->CH,GT-->CH,GT-->CH,GT-->CH,GT-->CH,GT-->CH,GT-->CH,GT-->CH,GT-->CH,GT-->CH,GT-->CH,GT-->CH,GT-->CH,GT-->CH,GT-->CH,GT-->CH,GT-->CH,GT-->CH,,,,,,,,,,,,,,,,,CH-->GT,CH-->GT,CH-->GT,CH-->GT,CH-->GT,CH-->GT,CH-->GT,CH-->GT,CH-->GT,CH-->GT,CH-->GT,CH-->GT,CH-->GT,CH-->GT,CH-->GT,CH-->GT,CH-->GT,CH-->GT,CH-->GT
GG,GGY,Guernsey,St. Peter Port,Europe,Northern Europe,,GG-->CH,GG-->CH,GG-->CH,GG-->CH,GG-->CH,GG-->CH,GG-->CH,GG-->CH,GG-->CH,GG-->CH,GG-->CH,GG-->CH,GG-->CH,GG-->CH,GG-->CH,GG-->CH,GG-->CH,GG-->CH,GG-->CH,,,,,,,,,,,,,,,,,CH-->GG,CH-->GG,CH-->GG,CH-->GG,CH-->GG,CH-->GG,CH-->GG,CH-->GG,CH-->GG,CH-->GG,CH-->GG,CH-->GG,CH-->GG,CH-->GG,CH-->GG,CH-->GG,CH-->GG,CH-->GG,CH-->GG
GN,GIN,Guinea,Conakry,Africa,Western Africa,,GN-->CH,GN-->CH,GN-->CH,GN-->CH,GN-->CH,GN-->CH,GN-->CH,GN-->CH,GN-->CH,GN-->CH,GN-->CH,GN-->CH,GN-->CH,GN-->CH,GN-->CH,GN-->CH,GN-->CH,GN-->CH,GN-->CH,,,,,,,,,,,,,,,,,CH-->GN,CH-->GN,CH-->GN,CH-->GN,CH-->GN,CH-->GN,CH-->GN,CH-->GN,CH-->GN,CH-->GN,CH-->GN,CH-->GN,CH-->GN,CH-->GN,CH-->GN,CH-->GN,CH-->GN,CH-->GN,CH-->GN
GW,GNB,Guinea-Bissau,Bissau,Africa,Western Africa,,GW-->CH,GW-->CH,GW-->CH,GW-->CH,GW-->CH,GW-->CH,GW-->CH,GW-->CH,GW-->CH,GW-->CH,GW-->CH,GW-->CH,GW-->CH,GW-->CH,GW-->CH,GW-->CH,GW-->CH,GW-->CH,GW-->CH,,,,,,,,,,,,,,,,,CH-->GW,CH-->GW,CH-->GW,CH-->GW,CH-->GW,CH-->GW,CH-->GW,CH-->GW,CH-->GW,CH-->GW,CH-->GW,CH-->GW,CH-->GW,CH-->GW,CH-->GW,CH-->GW,CH-->GW,CH-->GW,CH-->GW
GY,GUY,Guyana,Georgetown,Americas,South America,,GY-->CH,GY-->CH,GY-->CH,GY-->CH,GY-->CH,GY-->CH,GY-->CH,GY-->CH,GY-->CH,GY-->CH,GY-->CH,GY-->CH,GY-->CH,GY-->CH,GY-->CH,GY-->CH,GY-->CH,GY-->CH,GY-->CH,,,,,,,,,,,,,,,,,CH-->GY,CH-->GY,CH-->GY,CH-->GY,CH-->GY,CH-->GY,CH-->GY,CH-->GY,CH-->GY,CH-->GY,CH-->GY,CH-->GY,CH-->GY,CH-->GY,CH-->GY,CH-->GY,CH-->GY,CH-->GY,CH-->GY
HT,HTI,Haiti,Port-au-Prince,Americas,Caribbean,,HT-->CH,HT-->CH,HT-->CH,HT-->CH,HT-->CH,HT-->CH,HT-->CH,HT-->CH,HT-->CH,HT-->CH,HT-->CH,HT-->CH,HT-->CH,HT-->CH,HT-->CH,HT-->CH,HT-->CH,HT-->CH,HT-->CH,,,,,,,,,,,,,,,,,CH-->HT,CH-->HT,CH-->HT,CH-->HT,CH-->HT,CH-->HT,CH-->HT,CH-->HT,CH-->HT,CH-->HT,CH-->HT,CH-->HT,CH-->HT,CH-->HT,CH-->HT,CH-->HT,CH-->HT,CH-->HT,CH-->HT
HM,HMD,Heard Island and McDonald Islands,,,,,HM-->CH,HM-->CH,HM-->CH,HM-->CH,HM-->CH,HM-->CH,HM-->CH,HM-->CH,HM-->CH,HM-->CH,HM-->CH,HM-->CH,HM-->CH,HM-->CH,HM-->CH,HM-->CH,HM-->CH,HM-->CH,HM-->CH,,,,,,,,,,,,,,,,,CH-->HM,CH-->HM,CH-->HM,CH-->HM,CH-->HM,CH-->HM,CH-->HM,CH-->HM,CH-->HM,CH-->HM,CH-->HM,CH-->HM,CH-->HM,CH-->HM,CH-->HM,CH-->HM,CH-->HM,CH-->HM,CH-->HM
VA,VAT,Holy See,Rome,Europe,Southern Europe,,VA-->CH,VA-->CH,VA-->CH,VA-->CH,VA-->CH,VA-->CH,VA-->CH,VA-->CH,VA-->CH,VA-->CH,VA-->CH,VA-->CH,VA-->CH,VA-->CH,VA-->CH,VA-->CH,VA-->CH,VA-->CH,VA-->CH,,,,,,,,,,,,,,,,,CH-->VA,CH-->VA,CH-->VA,CH-->VA,CH-->VA,CH-->VA,CH-->VA,CH-->VA,CH-->VA,CH-->VA,CH-->VA,CH-->VA,CH-->VA,CH-->VA,CH-->VA,CH-->VA,CH-->VA,CH-->VA,CH-->VA
HN,HND,Honduras,Tegucigalpa,Americas,Central America,,HN-->CH,HN-->CH,HN-->CH,HN-->CH,HN-->CH,HN-->CH,HN-->CH,HN-->CH,HN-->CH,HN-->CH,HN-->CH,HN-->CH,HN-->CH,HN-->CH,HN-->CH,HN-->CH,HN-->CH,HN-->CH,HN-->CH,,,,,,,,,,,,,,,,,CH-->HN,CH-->HN,CH-->HN,CH-->HN,CH-->HN,CH-->HN,CH-->HN,CH-->HN,CH-->HN,CH-->HN,CH-->HN,CH-->HN,CH-->HN,CH-->HN,CH-->HN,CH-->HN,CH-->HN,CH-->HN,CH-->HN
HK,HKG,Hong Kong,City of Victoria,Asia,Eastern Asia,,HK-->CH,HK-->CH,HK-->CH,HK-->CH,HK-->CH,HK-->CH,HK-->CH,HK-->CH,HK-->CH,HK-->CH,HK-->CH,HK-->CH,HK-->CH,HK-->CH,HK-->CH,HK-->CH,HK-->CH,HK-->CH,HK-->CH,,,,,,,,,,,,,,,,,CH-->HK,CH-->HK,CH-->HK,CH-->HK,CH-->HK,CH-->HK,CH-->HK,CH-->HK,CH-->HK,CH-->HK,CH-->HK,CH-->HK,CH-->HK,CH-->HK,CH-->HK,CH-->HK,CH-->HK,CH-->HK,CH-->HK
HU,HUN,Hungary,Budapest,Europe,Eastern Europe,,HU-->CH,HU-->CH,HU-->CH,HU-->CH,HU-->CH,HU-->CH,HU-->CH,HU-->CH,HU-->CH,HU-->CH,HU-->CH,HU-->CH,HU-->CH,HU-->CH,HU-->CH,HU-->CH,HU-->CH,HU-->CH,HU-->CH,,,,,,,,,,,,,,,,,CH-->HU,CH-->HU,CH-->HU,CH-->HU,CH-->HU,CH-->HU,CH-->HU,CH-->HU,CH-->HU,CH-->HU,CH-->HU,CH-->HU,CH-->HU,CH-->HU,CH-->HU,CH-->HU,CH-->HU,CH-->HU,CH-->HU
IS,ISL,Iceland,Reykjavík,Europe,Northern Europe,,IS-->CH,IS-->CH,IS-->CH,IS-->CH,IS-->CH,IS-->CH,IS-->CH,IS-->CH,IS-->CH,IS-->CH,IS-->CH,IS-->CH,IS-->CH,IS-->CH,IS-->CH,IS-->CH,IS-->CH,IS-->CH,IS-->CH,,,,,,,,,,,,,,,,,CH-->IS,CH-->IS,CH-->IS,CH-->IS,CH-->IS,CH-->IS,CH-->IS,CH-->IS,CH-->IS,CH-->IS,CH-->IS,CH-->IS,CH-->IS,CH-->IS,CH-->IS,CH-->IS,CH-->IS,CH-->IS,CH-->IS
IN,IND,India,New Delhi,Asia,Southern Asia,,IN-->CH,IN-->CH,IN-->CH,IN-->CH,IN-->CH,IN-->CH,IN-->CH,IN-->CH,IN-->CH,IN-->CH,IN-->CH,IN-->CH,IN-->CH,IN-->CH,IN-->CH,IN-->CH,IN-->CH,IN-->CH,IN-->CH,,,,,,,,,,,,,,,,,CH-->IN,CH-->IN,CH-->IN,CH-->IN,CH-->IN,CH-->IN,CH-->IN,CH-->IN,CH-->IN,CH-->IN,CH-->IN,CH-->IN,CH-->IN,CH-->IN,CH-->IN,CH-->IN,CH-->IN,CH-->IN,CH-->IN
ID,IDN,Indonesia,Jakarta,Asia,South-Eastern Asia,,ID-->CH,ID-->CH,ID-->CH,ID-->CH,ID-->CH,ID-->CH,ID-->CH,ID-->CH,ID-->CH,ID-->CH,ID-->CH,ID-->CH,ID-->CH,ID-->CH,ID-->CH,ID-->CH,ID-->CH,ID-->CH,ID-->CH,,,,,,,,,,,,,,,,,CH-->ID,CH-->ID,CH-->ID,CH-->ID,CH-->ID,CH-->ID,CH-->ID,CH-->ID,CH-->ID,CH-->ID,CH-->ID,CH-->ID,CH-->ID,CH-->ID,CH-->ID,CH-->ID,CH-->ID,CH-->ID,CH-->ID
CI,CIV,Ivory Coast,Yamoussoukro,Africa,Western Africa,,CI-->CH,CI-->CH,CI-->CH,CI-->CH,CI-->CH,CI-->CH,CI-->CH,CI-->CH,CI-->CH,CI-->CH,CI-->CH,CI-->CH,CI-->CH,CI-->CH,CI-->CH,CI-->CH,CI-->CH,CI-->CH,CI-->CH,,,,,,,,,,,,,,,,,CH-->CI,CH-->CI,CH-->CI,CH-->CI,CH-->CI,CH-->CI,CH-->CI,CH-->CI,CH-->CI,CH-->CI,CH-->CI,CH-->CI,CH-->CI,CH-->CI,CH-->CI,CH-->CI,CH-->CI,CH-->CI,CH-->CI
IR,IRN,Iran,Tehran,Asia,Southern Asia,,IR-->CH,IR-->CH,IR-->CH,IR-->CH,IR-->CH,IR-->CH,IR-->CH,IR-->CH,IR-->CH,IR-->CH,IR-->CH,IR-->CH,IR-->CH,IR-->CH,IR-->CH,IR-->CH,IR-->CH,IR-->CH,IR-->CH,,,,,,,,,,,,,,,,,CH-->IR,CH-->IR,CH-->IR,CH-->IR,CH-->IR,CH-->IR,CH-->IR,CH-->IR,CH-->IR,CH-->IR,CH-->IR,CH-->IR,CH-->IR,CH-->IR,CH-->IR,CH-->IR,CH-->IR,CH-->IR,CH-->IR
IQ,IRQ,Iraq,Baghdad,Asia,Western Asia,,IQ-->CH,IQ-->CH,IQ-->CH,IQ-->CH,IQ-->CH,IQ-->CH,IQ-->CH,IQ-->CH,IQ-->CH,IQ-->CH,IQ-->CH,IQ-->CH,IQ-->CH,IQ-->CH,IQ-->CH,IQ-->CH,IQ-->CH,IQ-->CH,IQ-->CH,,,,,,,,,,,,,,,,,CH-->IQ,CH-->IQ,CH-->IQ,CH-->IQ,CH-->IQ,CH-->IQ,CH-->IQ,CH-->IQ,CH-->IQ,CH-->IQ,CH-->IQ,CH-->IQ,CH-->IQ,CH-->IQ,CH-->IQ,CH-->IQ,CH-->IQ,CH-->IQ,CH-->IQ
IE,IRL,Republic of Ireland,Dublin,Europe,Northern Europe,,IE-->CH,IE-->CH,IE-->CH,IE-->CH,IE-->CH,IE-->CH,IE-->CH,IE-->CH,IE-->CH,IE-->CH,IE-->CH,IE-->CH,IE-->CH,IE-->CH,IE-->CH,IE-->CH,IE-->CH,IE-->CH,IE-->CH,,,,,,,,,,,,,,,,,CH-->IE,CH-->IE,CH-->IE,CH-->IE,CH-->IE,CH-->IE,CH-->IE,CH-->IE,CH-->IE,CH-->IE,CH-->IE,CH-->IE,CH-->IE,CH-->IE,CH-->IE,CH-->IE,CH-->IE,CH-->IE,CH-->IE
IM,IMN,Isle of Man,Douglas,Europe,Northern Europe,,IM-->CH,IM-->CH,IM-->CH,IM-->CH,IM-->CH,IM-->CH,IM-->CH,IM-->CH,IM-->CH,IM-->CH,IM-->CH,IM-->CH,IM-->CH,IM-->CH,IM-->CH,IM-->CH,IM-->CH,IM-->CH,IM-->CH,,,,,,,,,,,,,,,,,CH-->IM,CH-->IM,CH-->IM,CH-->IM,CH-->IM,CH-->IM,CH-->IM,CH-->IM,CH-->IM,CH-->IM,CH-->IM,CH-->IM,CH-->IM,CH-->IM,CH-->IM,CH-->IM,CH-->IM,CH-->IM,CH-->IM
IL,ISR,Israel,Jerusalem,Asia,Western Asia,,IL-->CH,IL-->CH,IL-->CH,IL-->CH,IL-->CH,IL-->CH,IL-->CH,IL-->CH,IL-->CH,IL-->CH,IL-->CH,IL-->CH,IL-->CH,IL-->CH,IL-->CH,IL-->CH,IL-->CH,IL-->CH,IL-->CH,,,,,,,,,,,,,,,,,CH-->IL,CH-->IL,CH-->IL,CH-->IL,CH-->IL,CH-->IL,CH-->IL,CH-->IL,CH-->IL,CH-->IL,CH-->IL,CH-->IL,CH-->IL,CH-->IL,CH-->IL,CH-->IL,CH-->IL,CH-->IL,CH-->IL
IT,ITA,Italy,Rome,Europe,Southern Europe,,IT-->CH,IT-->CH,IT-->CH,IT-->CH,IT-->CH,IT-->CH,IT-->CH,IT-->CH,IT-->CH,IT-->CH,IT-->CH,IT-->CH,IT-->CH,IT-->CH,IT-->CH,IT-->CH,IT-->CH,IT-->CH,IT-->CH,,,,,,,,,,,,,,,,,CH-->IT,CH-->IT,CH-->IT,CH-->IT,CH-->IT,CH-->IT,CH-->IT,CH-->IT,CH-->IT,CH-->IT,CH-->IT,CH-->IT,CH-->IT,CH-->IT,CH-->IT,CH-->IT,CH-->IT,CH-->IT,CH-->IT
JM,JAM,Jamaica,Kingston,Americas,Caribbean,,JM-->CH,JM-->CH,JM-->CH,JM-->CH,JM-->CH,JM-->CH,JM-->CH,JM-->CH,JM-->CH,JM-->CH,JM-->CH,JM-->CH,JM-->CH,JM-->CH,JM-->CH,JM-->CH,JM-->CH,JM-->CH,JM-->CH,,,,,,,,,,,,,,,,,CH-->JM,CH-->JM,CH-->JM,CH-->JM,CH-->JM,CH-->JM,CH-->JM,CH-->JM,CH-->JM,CH-->JM,CH-->JM,CH-->JM,CH-->JM,CH-->JM,CH-->JM,CH-->JM,CH-->JM,CH-->JM,CH-->JM
JP,JPN,Japan,Tokyo,Asia,Eastern Asia,,JP-->CH,JP-->CH,JP-->CH,JP-->CH,JP-->CH,JP-->CH,JP-->CH,JP-->CH,JP-->CH,JP-->CH,JP-->CH,JP-->CH,JP-->CH,JP-->CH,JP-->CH,JP-->CH,JP-->CH,JP-->CH,JP-->CH,,,,,,,,,,,,,,,,,CH-->JP,CH-->JP,CH-->JP,CH-->JP,CH-->JP,CH-->JP,CH-->JP,CH-->JP,CH-->JP,CH-->JP,CH-->JP,CH-->JP,CH-->JP,CH-->JP,CH-->JP,CH-->JP,CH-->JP,CH-->JP,CH-->JP
JE,JEY,Jersey,Saint Helier,Europe,Northern Europe,,JE-->CH,JE-->CH,JE-->CH,JE-->CH,JE-->CH,JE-->CH,JE-->CH,JE-->CH,JE-->CH,JE-->CH,JE-->CH,JE-->CH,JE-->CH,JE-->CH,JE-->CH,JE-->CH,JE-->CH,JE-->CH,JE-->CH,,,,,,,,,,,,,,,,,CH-->JE,CH-->JE,CH-->JE,CH-->JE,CH-->JE,CH-->JE,CH-->JE,CH-->JE,CH-->JE,CH-->JE,CH-->JE,CH-->JE,CH-->JE,CH-->JE,CH-->JE,CH-->JE,CH-->JE,CH-->JE,CH-->JE
JO,JOR,Jordan,Amman,Asia,Western Asia,,JO-->CH,JO-->CH,JO-->CH,JO-->CH,JO-->CH,JO-->CH,JO-->CH,JO-->CH,JO-->CH,JO-->CH,JO-->CH,JO-->CH,JO-->CH,JO-->CH,JO-->CH,JO-->CH,JO-->CH,JO-->CH,JO-->CH,,,,,,,,,,,,,,,,,CH-->JO,CH-->JO,CH-->JO,CH-->JO,CH-->JO,CH-->JO,CH-->JO,CH-->JO,CH-->JO,CH-->JO,CH-->JO,CH-->JO,CH-->JO,CH-->JO,CH-->JO,CH-->JO,CH-->JO,CH-->JO,CH-->JO
KZ,KAZ,Kazakhstan,Astana,Asia,Central Asia,,KZ-->CH,KZ-->CH,KZ-->CH,KZ-->CH,KZ-->CH,KZ-->CH,KZ-->CH,KZ-->CH,KZ-->CH,KZ-->CH,KZ-->CH,KZ-->CH,KZ-->CH,KZ-->CH,KZ-->CH,KZ-->CH,KZ-->CH,KZ-->CH,KZ-->CH,,,,,,,,,,,,,,,,,CH-->KZ,CH-->KZ,CH-->KZ,CH-->KZ,CH-->KZ,CH-->KZ,CH-->KZ,CH-->KZ,CH-->KZ,CH-->KZ,CH-->KZ,CH-->KZ,CH-->KZ,CH-->KZ,CH-->KZ,CH-->KZ,CH-->KZ,CH-->KZ,CH-->KZ
KE,KEN,Kenya,Nairobi,Africa,Eastern Africa,,KE-->CH,KE-->CH,KE-->CH,KE-->CH,KE-->CH,KE-->CH,KE-->CH,KE-->CH,KE-->CH,KE-->CH,KE-->CH,KE-->CH,KE-->CH,KE-->CH,KE-->CH,KE-->CH,KE-->CH,KE-->CH,KE-->CH,,,,,,,,,,,,,,,,,CH-->KE,CH-->KE,CH-->KE,CH-->KE,CH-->KE,CH-->KE,CH-->KE,CH-->KE,CH-->KE,CH-->KE,CH-->KE,CH-->KE,CH-->KE,CH-->KE,CH-->KE,CH-->KE,CH-->KE,CH-->KE,CH-->KE
KI,KIR,Kiribati,South Tarawa,Oceania,Micronesia,,KI-->CH,KI-->CH,KI-->CH,KI-->CH,KI-->CH,KI-->CH,KI-->CH,KI-->CH,KI-->CH,KI-->CH,KI-->CH,KI-->CH,KI-->CH,KI-->CH,KI-->CH,KI-->CH,KI-->CH,KI-->CH,KI-->CH,,,,,,,,,,,,,,,,,CH-->KI,CH-->KI,CH-->KI,CH-->KI,CH-->KI,CH-->KI,CH-->KI,CH-->KI,CH-->KI,CH-->KI,CH-->KI,CH-->KI,CH-->KI,CH-->KI,CH-->KI,CH-->KI,CH-->KI,CH-->KI,CH-->KI
KW,KWT,Kuwait,Kuwait City,Asia,Western Asia,,KW-->CH,KW-->CH,KW-->CH,KW-->CH,KW-->CH,KW-->CH,KW-->CH,KW-->CH,KW-->CH,KW-->CH,KW-->CH,KW-->CH,KW-->CH,KW-->CH,KW-->CH,KW-->CH,KW-->CH,KW-->CH,KW-->CH,,,,,,,,,,,,,,,,,CH-->KW,CH-->KW,CH-->KW,CH-->KW,CH-->KW,CH-->KW,CH-->KW,CH-->KW,CH-->KW,CH-->KW,CH-->KW,CH-->KW,CH-->KW,CH-->KW,CH-->KW,CH-->KW,CH-->KW,CH-->KW,CH-->KW
KG,KGZ,Kyrgyzstan,Bishkek,Asia,Central Asia,,KG-->CH,KG-->CH,KG-->CH,KG-->CH,KG-->CH,KG-->CH,KG-->CH,KG-->CH,KG-->CH,KG-->CH,KG-->CH,KG-->CH,KG-->CH,KG-->CH,KG-->CH,KG-->CH,KG-->CH,KG-->CH,KG-->CH,,,,,,,,,,,,,,,,,CH-->KG,CH-->KG,CH-->KG,CH-->KG,CH-->KG,CH-->KG,CH-->KG,CH-->KG,CH-->KG,CH-->KG,CH-->KG,CH-->KG,CH-->KG,CH-->KG,CH-->KG,CH-->KG,CH-->KG,CH-->KG,CH-->KG
LA,LAO,Laos,Vientiane,Asia,South-Eastern Asia,,LA-->CH,LA-->CH,LA-->CH,LA-->CH,LA-->CH,LA-->CH,LA-->CH,LA-->CH,LA-->CH,LA-->CH,LA-->CH,LA-->CH,LA-->CH,LA-->CH,LA-->CH,LA-->CH,LA-->CH,LA-->CH,LA-->CH,,,,,,,,,,,,,,,,,CH-->LA,CH-->LA,CH-->LA,CH-->LA,CH-->LA,CH-->LA,CH-->LA,CH-->LA,CH-->LA,CH-->LA,CH-->LA,CH-->LA,CH-->LA,CH-->LA,CH-->LA,CH-->LA,CH-->LA,CH-->LA,CH-->LA
LV,LVA,Latvia,Riga,Europe,Northern Europe,,LV-->CH,LV-->CH,LV-->CH,LV-->CH,LV-->CH,LV-->CH,LV-->CH,LV-->CH,LV-->CH,LV-->CH,LV-->CH,LV-->CH,LV-->CH,LV-->CH,LV-->CH,LV-->CH,LV-->CH,LV-->CH,LV-->CH,,,,,,,,,,,,,,,,,CH-->LV,CH-->LV,CH-->LV,CH-->LV,CH-->LV,CH-->LV,CH-->LV,CH-->LV,CH-->LV,CH-->LV,CH-->LV,CH-->LV,CH-->LV,CH-->LV,CH-->LV,CH-->LV,CH-->LV,CH-->LV,CH-->LV
LB,LBN,Lebanon,Beirut,Asia,Western Asia,,LB-->CH,LB-->CH,LB-->CH,LB-->CH,LB-->CH,LB-->CH,LB-->CH,LB-->CH,LB-->CH,LB-->CH,LB-->CH,LB-->CH,LB-->CH,LB-->CH,LB-->CH,LB-->CH,LB-->CH,LB-->CH,LB-->CH,,,,,,,,,,,,,,,,,CH-->LB,CH-->LB,CH-->LB,CH-->LB,CH-->LB,CH-->LB,CH-->LB,CH-->LB,CH-->LB,CH-->LB,CH-->LB,CH-->LB,CH-->LB,CH-->LB,CH-->LB,CH-->LB,CH-->LB,CH-->LB,CH-->LB
LS,LSO,Lesotho,Maseru,Africa,Southern Africa,,LS-->CH,LS-->CH,LS-->CH,LS-->CH,LS-->CH,LS-->CH,LS-->CH,LS-->CH,LS-->CH,LS-->CH,LS-->CH,LS-->CH,LS-->CH,LS-->CH,LS-->CH,LS-->CH,LS-->CH,LS-->CH,LS-->CH,,,,,,,,,,,,,,,,,CH-->LS,CH-->LS,CH-->LS,CH-->LS,CH-->LS,CH-->LS,CH-->LS,CH-->LS,CH-->LS,CH-->LS,CH-->LS,CH-->LS,CH-->LS,CH-->LS,CH-->LS,CH-->LS,CH-->LS,CH-->LS,CH-->LS
LR,LBR,Liberia,Monrovia,Africa,Western Africa,,LR-->CH,LR-->CH,LR-->CH,LR-->CH,LR-->CH,LR-->CH,LR-->CH,LR-->CH,LR-->CH,LR-->CH,LR-->CH,LR-->CH,LR-->CH,LR-->CH,LR-->CH,LR-->CH,LR-->CH,LR-->CH,LR-->CH,,,,,,,,,,,,,,,,,CH-->LR,CH-->LR,CH-->LR,CH-->LR,CH-->LR,CH-->LR,CH-->LR,CH-->LR,CH-->LR,CH-->LR,CH-->LR,CH-->LR,CH-->LR,CH-->LR,CH-->LR,CH-->LR,CH-->LR,CH-->LR,CH-->LR
LY,LBY,Libya,Tripoli,Africa,Northern Africa,,LY-->CH,LY-->CH,LY-->CH,LY-->CH,LY-->CH,LY-->CH,LY-->CH,LY-->CH,LY-->CH,LY-->CH,LY-->CH,LY-->CH,LY-->CH,LY-->CH,LY-->CH,LY-->CH,LY-->CH,LY-->CH,LY-->CH,,,,,,,,,,,,,,,,,CH-->LY,CH-->LY,CH-->LY,CH-->LY,CH-->LY,CH-->LY,CH-->LY,CH-->LY,CH-->LY,CH-->LY,CH-->LY,CH-->LY,CH-->LY,CH-->LY,CH-->LY,CH-->LY,CH-->LY,CH-->LY,CH-->LY
LI,LIE,Liechtenstein,Vaduz,Europe,Western Europe,,LI-->CH,LI-->CH,LI-->CH,LI-->CH,LI-->CH,LI-->CH,LI-->CH,LI-->CH,LI-->CH,LI-->CH,LI-->CH,LI-->CH,LI-->CH,LI-->CH,LI-->CH,LI-->CH,LI-->CH,LI-->CH,LI-->CH,,,,,,,,,,,,,,,,,CH-->LI,CH-->LI,CH-->LI,CH-->LI,CH-->LI,CH-->LI,CH-->LI,CH-->LI,CH-->LI,CH-->LI,CH-->LI,CH-->LI,CH-->LI,CH-->LI,CH-->LI,CH-->LI,CH-->LI,CH-->LI,CH-->LI
LT,LTU,Lithuania,Vilnius,Europe,Northern Europe,,LT-->CH,LT-->CH,LT-->CH,LT-->CH,LT-->CH,LT-->CH,LT-->CH,LT-->CH,LT-->CH,LT-->CH,LT-->CH,LT-->CH,LT-->CH,LT-->CH,LT-->CH,LT-->CH,LT-->CH,LT-->CH,LT-->CH,,,,,,,,,,,,,,,,,CH-->LT,CH-->LT,CH-->LT,CH-->LT,CH-->LT,CH-->LT,CH-->LT,CH-->LT,CH-->LT,CH-->LT,CH-->LT,CH-->LT,CH-->LT,CH-->LT,CH-->LT,CH-->LT,CH-->LT,CH-->LT,CH-->LT
LU,LUX,Luxembourg,Luxembourg,Europe,Western Europe,,LU-->CH,LU-->CH,LU-->CH,LU-->CH,LU-->CH,LU-->CH,LU-->CH,LU-->CH,LU-->CH,LU-->CH,LU-->CH,LU-->CH,LU-->CH,LU-->CH,LU-->CH,LU-->CH,LU-->CH,LU-->CH,LU-->CH,,,,,,,,,,,,,,,,,CH-->LU,CH-->LU,CH-->LU,CH-->LU,CH-->LU,CH-->LU,CH-->LU,CH-->LU,CH-->LU,CH-->LU,CH-->LU,CH-->LU,CH-->LU,CH-->LU,CH-->LU,CH-->LU,CH-->LU,CH-->LU,CH-->LU
MO,MAC,Macau,,Asia,Eastern Asia,,MO-->CH,MO-->CH,MO-->CH,MO-->CH,MO-->CH,MO-->CH,MO-->CH,MO-->CH,MO-->CH,MO-->CH,MO-->CH,MO-->CH,MO-->CH,MO-->CH,MO-->CH,MO-->CH,MO-->CH,MO-->CH,MO-->CH,,,,,,,,,,,,,,,,,CH-->MO,CH-->MO,CH-->MO,CH-->MO,CH-->MO,CH-->MO,CH-->MO,CH-->MO,CH-->MO,CH-->MO,CH-->MO,CH-->MO,CH-->MO,CH-->MO,CH-->MO,CH-->MO,CH-->MO,CH-->MO,CH-->MO
MK,MKD,Republic of Macedonia,Skopje,Europe,Southern Europe,,MK-->CH,MK-->CH,MK-->CH,MK-->CH,MK-->CH,MK-->CH,MK-->CH,MK-->CH,MK-->CH,MK-->CH,MK-->CH,MK-->CH,MK-->CH,MK-->CH,MK-->CH,MK-->CH,MK-->CH,MK-->CH,MK-->CH,,,,,,,,,,,,,,,,,CH-->MK,CH-->MK,CH-->MK,CH-->MK,CH-->MK,CH-->MK,CH-->MK,CH-->MK,CH-->MK,CH-->MK,CH-->MK,CH-->MK,CH-->MK,CH-->MK,CH-->MK,CH-->MK,CH-->MK,CH-->MK,CH-->MK
MG,MDG,Madagascar,Antananarivo,Africa,Eastern Africa,,MG-->CH,MG-->CH,MG-->CH,MG-->CH,MG-->CH,MG-->CH,MG-->CH,MG-->CH,MG-->CH,MG-->CH,MG-->CH,MG-->CH,MG-->CH,MG-->CH,MG-->CH,MG-->CH,MG-->CH,MG-->CH,MG-->CH,,,,,,,,,,,,,,,,,CH-->MG,CH-->MG,CH-->MG,CH-->MG,CH-->MG,CH-->MG,CH-->MG,CH-->MG,CH-->MG,CH-->MG,CH-->MG,CH-->MG,CH-->MG,CH-->MG,CH-->MG,CH-->MG,CH-->MG,CH-->MG,CH-->MG
MW,MWI,Malawi,Lilongwe,Africa,Eastern Africa,,MW-->CH,MW-->CH,MW-->CH,MW-->CH,MW-->CH,MW-->CH,MW-->CH,MW-->CH,MW-->CH,MW-->CH,MW-->CH,MW-->CH,MW-->CH,MW-->CH,MW-->CH,MW-->CH,MW-->CH,MW-->CH,MW-->CH,,,,,,,,,,,,,,,,,CH-->MW,CH-->MW,CH-->MW,CH-->MW,CH-->MW,CH-->MW,CH-->MW,CH-->MW,CH-->MW,CH-->MW,CH-->MW,CH-->MW,CH-->MW,CH-->MW,CH-->MW,CH-->MW,CH-->MW,CH-->MW,CH-->MW
MY,MYS,Malaysia,Kuala Lumpur,Asia,South-Eastern Asia,,MY-->CH,MY-->CH,MY-->CH,MY-->CH,MY-->CH,MY-->CH,MY-->CH,MY-->CH,MY-->CH,MY-->CH,MY-->CH,MY-->CH,MY-->CH,MY-->CH,MY-->CH,MY-->CH,MY-->CH,MY-->CH,MY-->CH,,,,,,,,,,,,,,,,,CH-->MY,CH-->MY,CH-->MY,CH-->MY,CH-->MY,CH-->MY,CH-->MY,CH-->MY,CH-->MY,CH-->MY,CH-->MY,CH-->MY,CH-->MY,CH-->MY,CH-->MY,CH-->MY,CH-->MY,CH-->MY,CH-->MY
MV,MDV,Maldives,Malé,Asia,Southern Asia,,MV-->CH,MV-->CH,MV-->CH,MV-->CH,MV-->CH,MV-->CH,MV-->CH,MV-->CH,MV-->CH,MV-->CH,MV-->CH,MV-->CH,MV-->CH,MV-->CH,MV-->CH,MV-->CH,MV-->CH,MV-->CH,MV-->CH,,,,,,,,,,,,,,,,,CH-->MV,CH-->MV,CH-->MV,CH-->MV,CH-->MV,CH-->MV,CH-->MV,CH-->MV,CH-->MV,CH-->MV,CH-->MV,CH-->MV,CH-->MV,CH-->MV,CH-->MV,CH-->MV,CH-->MV,CH-->MV,CH-->MV
ML,MLI,Mali,Bamako,Africa,Western Africa,,ML-->CH,ML-->CH,ML-->CH,ML-->CH,ML-->CH,ML-->CH,ML-->CH,ML-->CH,ML-->CH,ML-->CH,ML-->CH,ML-->CH,ML-->CH,ML-->CH,ML-->CH,ML-->CH,ML-->CH,ML-->CH,ML-->CH,,,,,,,,,,,,,,,,,CH-->ML,CH-->ML,CH-->ML,CH-->ML,CH-->ML,CH-->ML,CH-->ML,CH-->ML,CH-->ML,CH-->ML,CH-->ML,CH-->ML,CH-->ML,CH-->ML,CH-->ML,CH-->ML,CH-->ML,CH-->ML,CH-->ML
MT,MLT,Malta,Valletta,Europe,Southern Europe,,MT-->CH,MT-->CH,MT-->CH,MT-->CH,MT-->CH,MT-->CH,MT-->CH,MT-->CH,MT-->CH,MT-->CH,MT-->CH,MT-->CH,MT-->CH,MT-->CH,MT-->CH,MT-->CH,MT-->CH,MT-->CH,MT-->CH,,,,,,,,,,,,,,,,,CH-->MT,CH-->MT,CH-->MT,CH-->MT,CH-->MT,CH-->MT,CH-->MT,CH-->MT,CH-->MT,CH-->MT,CH-->MT,CH-->MT,CH-->MT,CH-->MT,CH-->MT,CH-->MT,CH-->MT,CH-->MT,CH-->MT
MH,MHL,Marshall Islands,Majuro,Oceania,Micronesia,,MH-->CH,MH-->CH,MH-->CH,MH-->CH,MH-->CH,MH-->CH,MH-->CH,MH-->CH,MH-->CH,MH-->CH,MH-->CH,MH-->CH,MH-->CH,MH-->CH,MH-->CH,MH-->CH,MH-->CH,MH-->CH,MH-->CH,,,,,,,,,,,,,,,,,CH-->MH,CH-->MH,CH-->MH,CH-->MH,CH-->MH,CH-->MH,CH-->MH,CH-->MH,CH-->MH,CH-->MH,CH-->MH,CH-->MH,CH-->MH,CH-->MH,CH-->MH,CH-->MH,CH-->MH,CH-->MH,CH-->MH
MQ,MTQ,Martinique,Fort-de-France,Americas,Caribbean,,MQ-->CH,MQ-->CH,MQ-->CH,MQ-->CH,MQ-->CH,MQ-->CH,MQ-->CH,MQ-->CH,MQ-->CH,MQ-->CH,MQ-->CH,MQ-->CH,MQ-->CH,MQ-->CH,MQ-->CH,MQ-->CH,MQ-->CH,MQ-->CH,MQ-->CH,,,,,,,,,,,,,,,,,CH-->MQ,CH-->MQ,CH-->MQ,CH-->MQ,CH-->MQ,CH-->MQ,CH-->MQ,CH-->MQ,CH-->MQ,CH-->MQ,CH-->MQ,CH-->MQ,CH-->MQ,CH-->MQ,CH-->MQ,CH-->MQ,CH-->MQ,CH-->MQ,CH-->MQ
MR,MRT,Mauritania,Nouakchott,Africa,Western Africa,,MR-->CH,MR-->CH,MR-->CH,MR-->CH,MR-->CH,MR-->CH,MR-->CH,MR-->CH,MR-->CH,MR-->CH,MR-->CH,MR-->CH,MR-->CH,MR-->CH,MR-->CH,MR-->CH,MR-->CH,MR-->CH,MR-->CH,0.0,,,,,,,,,,,,,,,,CH-->MR,CH-->MR,CH-->MR,CH-->MR,CH-->MR,CH-->MR,CH-->MR,CH-->MR,CH-->MR,CH-->MR,CH-->MR,CH-->MR,CH-->MR,CH-->MR,CH-->MR,CH-->MR,CH-->MR,CH-->MR,CH-->MR
MU,MUS,Mauritius,Port Louis,Africa,Eastern Africa,,MU-->CH,MU-->CH,MU-->CH,MU-->CH,MU-->CH,MU-->CH,MU-->CH,MU-->CH,MU-->CH,MU-->CH,MU-->CH,MU-->CH,MU-->CH,MU-->CH,MU-->CH,MU-->CH,MU-->CH,MU-->CH,MU-->CH,,,,,,,,,,,,,,,,,CH-->MU,CH-->MU,CH-->MU,CH-->MU,CH-->MU,CH-->MU,CH-->MU,CH-->MU,CH-->MU,CH-->MU,CH-->MU,CH-->MU,CH-->MU,CH-->MU,CH-->MU,CH-->MU,CH-->MU,CH-->MU,CH-->MU
YT,MYT,Mayotte,Mamoudzou,Africa,Eastern Africa,,YT-->CH,YT-->CH,YT-->CH,YT-->CH,YT-->CH,YT-->CH,YT-->CH,YT-->CH,YT-->CH,YT-->CH,YT-->CH,YT-->CH,YT-->CH,YT-->CH,YT-->CH,YT-->CH,YT-->CH,YT-->CH,YT-->CH,,,,,,,,,,,,,,,,,CH-->YT,CH-->YT,CH-->YT,CH-->YT,CH-->YT,CH-->YT,CH-->YT,CH-->YT,CH-->YT,CH-->YT,CH-->YT,CH-->YT,CH-->YT,CH-->YT,CH-->YT,CH-->YT,CH-->YT,CH-->YT,CH-->YT
MX,MEX,Mexico,Mexico City,Americas,Central America,,MX-->CH,MX-->CH,MX-->CH,MX-->CH,MX-->CH,MX-->CH,MX-->CH,MX-->CH,MX-->CH,MX-->CH,MX-->CH,MX-->CH,MX-->CH,MX-->CH,MX-->CH,MX-->CH,MX-->CH,MX-->CH,MX-->CH,,,,,,,,,,,,,,,,,CH-->MX,CH-->MX,CH-->MX,CH-->MX,CH-->MX,CH-->MX,CH-->MX,CH-->MX,CH-->MX,CH-->MX,CH-->MX,CH-->MX,CH-->MX,CH-->MX,CH-->MX,CH-->MX,CH-->MX,CH-->MX,CH-->MX
FM,FSM,Federated States of Micronesia,Palikir,Oceania,Micronesia,,FM-->CH,FM-->CH,FM-->CH,FM-->CH,FM-->CH,FM-->CH,FM-->CH,FM-->CH,FM-->CH,FM-->CH,FM-->CH,FM-->CH,FM-->CH,FM-->CH,FM-->CH,FM-->CH,FM-->CH,FM-->CH,FM-->CH,,,,,,,,,,,,,,,,,CH-->FM,CH-->FM,CH-->FM,CH-->FM,CH-->FM,CH-->FM,CH-->FM,CH-->FM,CH-->FM,CH-->FM,CH-->FM,CH-->FM,CH-->FM,CH-->FM,CH-->FM,CH-->FM,CH-->FM,CH-->FM,CH-->FM
MD,MDA,Moldova,Chișinău,Europe,Eastern Europe,,MD-->CH,MD-->CH,MD-->CH,MD-->CH,MD-->CH,MD-->CH,MD-->CH,MD-->CH,MD-->CH,MD-->CH,MD-->CH,MD-->CH,MD-->CH,MD-->CH,MD-->CH,MD-->CH,MD-->CH,MD-->CH,MD-->CH,,,,,,,,,,,,,,,,,CH-->MD,CH-->MD,CH-->MD,CH-->MD,CH-->MD,CH-->MD,CH-->MD,CH-->MD,CH-->MD,CH-->MD,CH-->MD,CH-->MD,CH-->MD,CH-->MD,CH-->MD,CH-->MD,CH-->MD,CH-->MD,CH-->MD
MC,MCO,Monaco,Monaco,Europe,Western Europe,,MC-->CH,MC-->CH,MC-->CH,MC-->CH,MC-->CH,MC-->CH,MC-->CH,MC-->CH,MC-->CH,MC-->CH,MC-->CH,MC-->CH,MC-->CH,MC-->CH,MC-->CH,MC-->CH,MC-->CH,MC-->CH,MC-->CH,,,,,,,,,,,,,,,,,CH-->MC,CH-->MC,CH-->MC,CH-->MC,CH-->MC,CH-->MC,CH-->MC,CH-->MC,CH-->MC,CH-->MC,CH-->MC,CH-->MC,CH-->MC,CH-->MC,CH-->MC,CH-->MC,CH-->MC,CH-->MC,CH-->MC
MN,MNG,Mongolia,Ulan Bator,Asia,Eastern Asia,,MN-->CH,MN-->CH,MN-->CH,MN-->CH,MN-->CH,MN-->CH,MN-->CH,MN-->CH,MN-->CH,MN-->CH,MN-->CH,MN-->CH,MN-->CH,MN-->CH,MN-->CH,MN-->CH,MN-->CH,MN-->CH,MN-->CH,,,,,,,,,,,,,,,,,CH-->MN,CH-->MN,CH-->MN,CH-->MN,CH-->MN,CH-->MN,CH-->MN,CH-->MN,CH-->MN,CH-->MN,CH-->MN,CH-->MN,CH-->MN,CH-->MN,CH-->MN,CH-->MN,CH-->MN,CH-->MN,CH-->MN
ME,MNE,Montenegro,Podgorica,Europe,Southern Europe,,ME-->CH,ME-->CH,ME-->CH,ME-->CH,ME-->CH,ME-->CH,ME-->CH,ME-->CH,ME-->CH,ME-->CH,ME-->CH,ME-->CH,ME-->CH,ME-->CH,ME-->CH,ME-->CH,ME-->CH,ME-->CH,ME-->CH,,,,,,,,,,,,,,,,,CH-->ME,CH-->ME,CH-->ME,CH-->ME,CH-->ME,CH-->ME,CH-->ME,CH-->ME,CH-->ME,CH-->ME,CH-->ME,CH-->ME,CH-->ME,CH-->ME,CH-->ME,CH-->ME,CH-->ME,CH-->ME,CH-->ME
MS,MSR,Montserrat,Plymouth,Americas,Caribbean,,MS-->CH,MS-->CH,MS-->CH,MS-->CH,MS-->CH,MS-->CH,MS-->CH,MS-->CH,MS-->CH,MS-->CH,MS-->CH,MS-->CH,MS-->CH,MS-->CH,MS-->CH,MS-->CH,MS-->CH,MS-->CH,MS-->CH,,,,,,,,,,,,,,,,,CH-->MS,CH-->MS,CH-->MS,CH-->MS,CH-->MS,CH-->MS,CH-->MS,CH-->MS,CH-->MS,CH-->MS,CH-->MS,CH-->MS,CH-->MS,CH-->MS,CH-->MS,CH-->MS,CH-->MS,CH-->MS,CH-->MS
MA,MAR,Morocco,Rabat,Africa,Northern Africa,,MA-->CH,MA-->CH,MA-->CH,MA-->CH,MA-->CH,MA-->CH,MA-->CH,MA-->CH,MA-->CH,MA-->CH,MA-->CH,MA-->CH,MA-->CH,MA-->CH,MA-->CH,MA-->CH,MA-->CH,MA-->CH,MA-->CH,,,,,,,,,,,,,,,,,CH-->MA,CH-->MA,CH-->MA,CH-->MA,CH-->MA,CH-->MA,CH-->MA,CH-->MA,CH-->MA,CH-->MA,CH-->MA,CH-->MA,CH-->MA,CH-->MA,CH-->MA,CH-->MA,CH-->MA,CH-->MA,CH-->MA
MZ,MOZ,Mozambique,Maputo,Africa,Eastern Africa,,MZ-->CH,MZ-->CH,MZ-->CH,MZ-->CH,MZ-->CH,MZ-->CH,MZ-->CH,MZ-->CH,MZ-->CH,MZ-->CH,MZ-->CH,MZ-->CH,MZ-->CH,MZ-->CH,MZ-->CH,MZ-->CH,MZ-->CH,MZ-->CH,MZ-->CH,,,,,,,,,,,,,,,,,CH-->MZ,CH-->MZ,CH-->MZ,CH-->MZ,CH-->MZ,CH-->MZ,CH-->MZ,CH-->MZ,CH-->MZ,CH-->MZ,CH-->MZ,CH-->MZ,CH-->MZ,CH-->MZ,CH-->MZ,CH-->MZ,CH-->MZ,CH-->MZ,CH-->MZ
MM,MMR,Myanmar,Naypyidaw,Asia,South-Eastern Asia,,MM-->CH,MM-->CH,MM-->CH,MM-->CH,MM-->CH,MM-->CH,MM-->CH,MM-->CH,MM-->CH,MM-->CH,MM-->CH,MM-->CH,MM-->CH,MM-->CH,MM-->CH,MM-->CH,MM-->CH,MM-->CH,MM-->CH,,,,,,,,,,,,,,,,,CH-->MM,CH-->MM,CH-->MM,CH-->MM,CH-->MM,CH-->MM,CH-->MM,CH-->MM,CH-->MM,CH-->MM,CH-->MM,CH-->MM,CH-->MM,CH-->MM,CH-->MM,CH-->MM,CH-->MM,CH-->MM,CH-->MM
,NAM,Namibia,Windhoek,Africa,Southern Africa,,NA-->CH,NA-->CH,NA-->CH,NA-->CH,NA-->CH,NA-->CH,NA-->CH,NA-->CH,NA-->CH,NA-->CH,NA-->CH,NA-->CH,NA-->CH,NA-->CH,NA-->CH,NA-->CH,NA-->CH,NA-->CH,NA-->CH,,,,,,,,,,,,,,,,,CH-->NA,CH-->NA,CH-->NA,CH-->NA,CH-->NA,CH-->NA,CH-->NA,CH-->NA,CH-->NA,CH-->NA,CH-->NA,CH-->NA,CH-->NA,CH-->NA,CH-->NA,CH-->NA,CH-->NA,CH-->NA,CH-->NA
NR,NRU,Nauru,Yaren,Oceania,Micronesia,,NR-->CH,NR-->CH,NR-->CH,NR-->CH,NR-->CH,NR-->CH,NR-->CH,NR-->CH,NR-->CH,NR-->CH,NR-->CH,NR-->CH,NR-->CH,NR-->CH,NR-->CH,NR-->CH,NR-->CH,NR-->CH,NR-->CH,,,,,,,,,,,,,,,,,CH-->NR,CH-->NR,CH-->NR,CH-->NR,CH-->NR,CH-->NR,CH-->NR,CH-->NR,CH-->NR,CH-->NR,CH-->NR,CH-->NR,CH-->NR,CH-->NR,CH-->NR,CH-->NR,CH-->NR,CH-->NR,CH-->NR
NP,NPL,Nepal,Kathmandu,Asia,Southern Asia,,NP-->CH,NP-->CH,NP-->CH,NP-->CH,NP-->CH,NP-->CH,NP-->CH,NP-->CH,NP-->CH,NP-->CH,NP-->CH,NP-->CH,NP-->CH,NP-->CH,NP-->CH,NP-->CH,NP-->CH,NP-->CH,NP-->CH,,,,,,,,,,,,,,,,,CH-->NP,CH-->NP,CH-->NP,CH-->NP,CH-->NP,CH-->NP,CH-->NP,CH-->NP,CH-->NP,CH-->NP,CH-->NP,CH-->NP,CH-->NP,CH-->NP,CH-->NP,CH-->NP,CH-->NP,CH-->NP,CH-->NP
NL,NLD,Netherlands,Amsterdam,Europe,Western Europe,,NL-->CH,NL-->CH,NL-->CH,NL-->CH,NL-->CH,NL-->CH,NL-->CH,NL-->CH,NL-->CH,NL-->CH,NL-->CH,NL-->CH,NL-->CH,NL-->CH,NL-->CH,NL-->CH,NL-->CH,NL-->CH,NL-->CH,,,,,,,,,,,,,,,,,CH-->NL,CH-->NL,CH-->NL,CH-->NL,CH-->NL,CH-->NL,CH-->NL,CH-->NL,CH-->NL,CH-->NL,CH-->NL,CH-->NL,CH-->NL,CH-->NL,CH-->NL,CH-->NL,CH-->NL,CH-->NL,CH-->NL
NC,NCL,New Caledonia,Nouméa,Oceania,Melanesia,,NC-->CH,NC-->CH,NC-->CH,NC-->CH,NC-->CH,NC-->CH,NC-->CH,NC-->CH,NC-->CH,NC-->CH,NC-->CH,NC-->CH,NC-->CH,NC-->CH,NC-->CH,NC-->CH,NC-->CH,NC-->CH,NC-->CH,,,,,,,,,,,,,,,,,CH-->NC,CH-->NC,CH-->NC,CH-->NC,CH-->NC,CH-->NC,CH-->NC,CH-->NC,CH-->NC,CH-->NC,CH-->NC,CH-->NC,CH-->NC,CH-->NC,CH-->NC,CH-->NC,CH-->NC,CH-->NC,CH-->NC
NZ,NZL,New Zealand,Wellington,Oceania,Australia and New Zealand,,NZ-->CH,NZ-->CH,NZ-->CH,NZ-->CH,NZ-->CH,NZ-->CH,NZ-->CH,NZ-->CH,NZ-->CH,NZ-->CH,NZ-->CH,NZ-->CH,NZ-->CH,NZ-->CH,NZ-->CH,NZ-->CH,NZ-->CH,NZ-->CH,NZ-->CH,,,,,,,,,,,,,,,,,CH-->NZ,CH-->NZ,CH-->NZ,CH-->NZ,CH-->NZ,CH-->NZ,CH-->NZ,CH-->NZ,CH-->NZ,CH-->NZ,CH-->NZ,CH-->NZ,CH-->NZ,CH-->NZ,CH-->NZ,CH-->NZ,CH-->NZ,CH-->NZ,CH-->NZ
NI,NIC,Nicaragua,Managua,Americas,Central America,,NI-->CH,NI-->CH,NI-->CH,NI-->CH,NI-->CH,NI-->CH,NI-->CH,NI-->CH,NI-->CH,NI-->CH,NI-->CH,NI-->CH,NI-->CH,NI-->CH,NI-->CH,NI-->CH,NI-->CH,NI-->CH,NI-->CH,,,,,,,,,,,,,,,,,CH-->NI,CH-->NI,CH-->NI,CH-->NI,CH-->NI,CH-->NI,CH-->NI,CH-->NI,CH-->NI,CH-->NI,CH-->NI,CH-->NI,CH-->NI,CH-->NI,CH-->NI,CH-->NI,CH-->NI,CH-->NI,CH-->NI
NE,NER,Niger,Niamey,Africa,Western Africa,,NE-->CH,NE-->CH,NE-->CH,NE-->CH,NE-->CH,NE-->CH,NE-->CH,NE-->CH,NE-->CH,NE-->CH,NE-->CH,NE-->CH,NE-->CH,NE-->CH,NE-->CH,NE-->CH,NE-->CH,NE-->CH,NE-->CH,,,,,,,,,,,,,,,,,CH-->NE,CH-->NE,CH-->NE,CH-->NE,CH-->NE,CH-->NE,CH-->NE,CH-->NE,CH-->NE,CH-->NE,CH-->NE,CH-->NE,CH-->NE,CH-->NE,CH-->NE,CH-->NE,CH-->NE,CH-->NE,CH-->NE
NG,NGA,Nigeria,Abuja,Africa,Western Africa,,NG-->CH,NG-->CH,NG-->CH,NG-->CH,NG-->CH,NG-->CH,NG-->CH,NG-->CH,NG-->CH,NG-->CH,NG-->CH,NG-->CH,NG-->CH,NG-->CH,NG-->CH,NG-->CH,NG-->CH,NG-->CH,NG-->CH,,,,,,,,,,,,,,,,,CH-->NG,CH-->NG,CH-->NG,CH-->NG,CH-->NG,CH-->NG,CH-->NG,CH-->NG,CH-->NG,CH-->NG,CH-->NG,CH-->NG,CH-->NG,CH-->NG,CH-->NG,CH-->NG,CH-->NG,CH-->NG,CH-->NG
NU,NIU,Niue,Alofi,Oceania,Polynesia,,NU-->CH,NU-->CH,NU-->CH,NU-->CH,NU-->CH,NU-->CH,NU-->CH,NU-->CH,NU-->CH,NU-->CH,NU-->CH,NU-->CH,NU-->CH,NU-->CH,NU-->CH,NU-->CH,NU-->CH,NU-->CH,NU-->CH,,,,,,,,,,,,,,,,,CH-->NU,CH-->NU,CH-->NU,CH-->NU,CH-->NU,CH-->NU,CH-->NU,CH-->NU,CH-->NU,CH-->NU,CH-->NU,CH-->NU,CH-->NU,CH-->NU,CH-->NU,CH-->NU,CH-->NU,CH-->NU,CH-->NU
NF,NFK,Norfolk Island,Kingston,Oceania,Australia and New Zealand,,NF-->CH,NF-->CH,NF-->CH,NF-->CH,NF-->CH,NF-->CH,NF-->CH,NF-->CH,NF-->CH,NF-->CH,NF-->CH,NF-->CH,NF-->CH,NF-->CH,NF-->CH,NF-->CH,NF-->CH,NF-->CH,NF-->CH,,,,,,,,,,,,,,,,,CH-->NF,CH-->NF,CH-->NF,CH-->NF,CH-->NF,CH-->NF,CH-->NF,CH-->NF,CH-->NF,CH-->NF,CH-->NF,CH-->NF,CH-->NF,CH-->NF,CH-->NF,CH-->NF,CH-->NF,CH-->NF,CH-->NF
KP,PRK,North Korea,Pyongyang,Asia,Eastern Asia,,KP-->CH,KP-->CH,KP-->CH,KP-->CH,KP-->CH,KP-->CH,KP-->CH,KP-->CH,KP-->CH,KP-->CH,KP-->CH,KP-->CH,KP-->CH,KP-->CH,KP-->CH,KP-->CH,KP-->CH,KP-->CH,KP-->CH,,,,,,,,,,,,,,,,,CH-->KP,CH-->KP,CH-->KP,CH-->KP,CH-->KP,CH-->KP,CH-->KP,CH-->KP,CH-->KP,CH-->KP,CH-->KP,CH-->KP,CH-->KP,CH-->KP,CH-->KP,CH-->KP,CH-->KP,CH-->KP,CH-->KP
MP,MNP,Northern Mariana Islands,Saipan,Oceania,Micronesia,,MP-->CH,MP-->CH,MP-->CH,MP-->CH,MP-->CH,MP-->CH,MP-->CH,MP-->CH,MP-->CH,MP-->CH,MP-->CH,MP-->CH,MP-->CH,MP-->CH,MP-->CH,MP-->CH,MP-->CH,MP-->CH,MP-->CH,,,,,,,,,,,,,,,,,CH-->MP,CH-->MP,CH-->MP,CH-->MP,CH-->MP,CH-->MP,CH-->MP,CH-->MP,CH-->MP,CH-->MP,CH-->MP,CH-->MP,CH-->MP,CH-->MP,CH-->MP,CH-->MP,CH-->MP,CH-->MP,CH-->MP
NO,NOR,Norway,Oslo,Europe,Northern Europe,,NO-->CH,NO-->CH,NO-->CH,NO-->CH,NO-->CH,NO-->CH,NO-->CH,NO-->CH,NO-->CH,NO-->CH,NO-->CH,NO-->CH,NO-->CH,NO-->CH,NO-->CH,NO-->CH,NO-->CH,NO-->CH,NO-->CH,,,,,,,,,,,,,,,,,CH-->NO,CH-->NO,CH-->NO,CH-->NO,CH-->NO,CH-->NO,CH-->NO,CH-->NO,CH-->NO,CH-->NO,CH-->NO,CH-->NO,CH-->NO,CH-->NO,CH-->NO,CH-->NO,CH-->NO,CH-->NO,CH-->NO
OM,OMN,Oman,Muscat,Asia,Western Asia,,OM-->CH,OM-->CH,OM-->CH,OM-->CH,OM-->CH,OM-->CH,OM-->CH,OM-->CH,OM-->CH,OM-->CH,OM-->CH,OM-->CH,OM-->CH,OM-->CH,OM-->CH,OM-->CH,OM-->CH,OM-->CH,OM-->CH,,,,,,,,,,,,,,,,,CH-->OM,CH-->OM,CH-->OM,CH-->OM,CH-->OM,CH-->OM,CH-->OM,CH-->OM,CH-->OM,CH-->OM,CH-->OM,CH-->OM,CH-->OM,CH-->OM,CH-->OM,CH-->OM,CH-->OM,CH-->OM,CH-->OM
PK,PAK,Pakistan,Islamabad,Asia,Southern Asia,,PK-->CH,PK-->CH,PK-->CH,PK-->CH,PK-->CH,PK-->CH,PK-->CH,PK-->CH,PK-->CH,PK-->CH,PK-->CH,PK-->CH,PK-->CH,PK-->CH,PK-->CH,PK-->CH,PK-->CH,PK-->CH,PK-->CH,,,,,,,,,,,,,,,,,CH-->PK,CH-->PK,CH-->PK,CH-->PK,CH-->PK,CH-->PK,CH-->PK,CH-->PK,CH-->PK,CH-->PK,CH-->PK,CH-->PK,CH-->PK,CH-->PK,CH-->PK,CH-->PK,CH-->PK,CH-->PK,CH-->PK
PW,PLW,Palau,Ngerulmud,Oceania,Micronesia,,PW-->CH,PW-->CH,PW-->CH,PW-->CH,PW-->CH,PW-->CH,PW-->CH,PW-->CH,PW-->CH,PW-->CH,PW-->CH,PW-->CH,PW-->CH,PW-->CH,PW-->CH,PW-->CH,PW-->CH,PW-->CH,PW-->CH,,,,,,,,,,,,,,,,,CH-->PW,CH-->PW,CH-->PW,CH-->PW,CH-->PW,CH-->PW,CH-->PW,CH-->PW,CH-->PW,CH-->PW,CH-->PW,CH-->PW,CH-->PW,CH-->PW,CH-->PW,CH-->PW,CH-->PW,CH-->PW,CH-->PW
PS,PSE,Palestine,Ramallah,Asia,Western Asia,,PS-->CH,PS-->CH,PS-->CH,PS-->CH,PS-->CH,PS-->CH,PS-->CH,PS-->CH,PS-->CH,PS-->CH,PS-->CH,PS-->CH,PS-->CH,PS-->CH,PS-->CH,PS-->CH,PS-->CH,PS-->CH,PS-->CH,,,,,,,,,,,,,,,,,CH-->PS,CH-->PS,CH-->PS,CH-->PS,CH-->PS,CH-->PS,CH-->PS,CH-->PS,CH-->PS,CH-->PS,CH-->PS,CH-->PS,CH-->PS,CH-->PS,CH-->PS,CH-->PS,CH-->PS,CH-->PS,CH-->PS
PA,PAN,Panama,Panama City,Americas,Central America,,PA-->CH,PA-->CH,PA-->CH,PA-->CH,PA-->CH,PA-->CH,PA-->CH,PA-->CH,PA-->CH,PA-->CH,PA-->CH,PA-->CH,PA-->CH,PA-->CH,PA-->CH,PA-->CH,PA-->CH,PA-->CH,PA-->CH,,,,,,,,,,,,,,,,,CH-->PA,CH-->PA,CH-->PA,CH-->PA,CH-->PA,CH-->PA,CH-->PA,CH-->PA,CH-->PA,CH-->PA,CH-->PA,CH-->PA,CH-->PA,CH-->PA,CH-->PA,CH-->PA,CH-->PA,CH-->PA,CH-->PA
PG,PNG,Papua New Guinea,Port Moresby,Oceania,Melanesia,,PG-->CH,PG-->CH,PG-->CH,PG-->CH,PG-->CH,PG-->CH,PG-->CH,PG-->CH,PG-->CH,PG-->CH,PG-->CH,PG-->CH,PG-->CH,PG-->CH,PG-->CH,PG-->CH,PG-->CH,PG-->CH,PG-->CH,,,,,,,,,,,,,,,,,CH-->PG,CH-->PG,CH-->PG,CH-->PG,CH-->PG,CH-->PG,CH-->PG,CH-->PG,CH-->PG,CH-->PG,CH-->PG,CH-->PG,CH-->PG,CH-->PG,CH-->PG,CH-->PG,CH-->PG,CH-->PG,CH-->PG
PY,PRY,Paraguay,Asunción,Americas,South America,,PY-->CH,PY-->CH,PY-->CH,PY-->CH,PY-->CH,PY-->CH,PY-->CH,PY-->CH,PY-->CH,PY-->CH,PY-->CH,PY-->CH,PY-->CH,PY-->CH,PY-->CH,PY-->CH,PY-->CH,PY-->CH,PY-->CH,,,,,,,,,,,,,,,,,CH-->PY,CH-->PY,CH-->PY,CH-->PY,CH-->PY,CH-->PY,CH-->PY,CH-->PY,CH-->PY,CH-->PY,CH-->PY,CH-->PY,CH-->PY,CH-->PY,CH-->PY,CH-->PY,CH-->PY,CH-->PY,CH-->PY
PE,PER,Peru,Lima,Americas,South America,,PE-->CH,PE-->CH,PE-->CH,PE-->CH,PE-->CH,PE-->CH,PE-->CH,PE-->CH,PE-->CH,PE-->CH,PE-->CH,PE-->CH,PE-->CH,PE-->CH,PE-->CH,PE-->CH,PE-->CH,PE-->CH,PE-->CH,,,,,,,,,,,,,,,,,CH-->PE,CH-->PE,CH-->PE,CH-->PE,CH-->PE,CH-->PE,CH-->PE,CH-->PE,CH-->PE,CH-->PE,CH-->PE,CH-->PE,CH-->PE,CH-->PE,CH-->PE,CH-->PE,CH-->PE,CH-->PE,CH-->PE
PH,PHL,Philippines,Manila,Asia,South-Eastern Asia,,PH-->CH,PH-->CH,PH-->CH,PH-->CH,PH-->CH,PH-->CH,PH-->CH,PH-->CH,PH-->CH,PH-->CH,PH-->CH,PH-->CH,PH-->CH,PH-->CH,PH-->CH,PH-->CH,PH-->CH,PH-->CH,PH-->CH,,,,,,,,,,,,,,,,,CH-->PH,CH-->PH,CH-->PH,CH-->PH,CH-->PH,CH-->PH,CH-->PH,CH-->PH,CH-->PH,CH-->PH,CH-->PH,CH-->PH,CH-->PH,CH-->PH,CH-->PH,CH-->PH,CH-->PH,CH-->PH,CH-->PH
PN,PCN,Pitcairn Islands,Adamstown,Oceania,Polynesia,,PN-->CH,PN-->CH,PN-->CH,PN-->CH,PN-->CH,PN-->CH,PN-->CH,PN-->CH,PN-->CH,PN-->CH,PN-->CH,PN-->CH,PN-->CH,PN-->CH,PN-->CH,PN-->CH,PN-->CH,PN-->CH,PN-->CH,,,,,,,,,,,,,,,,,CH-->PN,CH-->PN,CH-->PN,CH-->PN,CH-->PN,CH-->PN,CH-->PN,CH-->PN,CH-->PN,CH-->PN,CH-->PN,CH-->PN,CH-->PN,CH-->PN,CH-->PN,CH-->PN,CH-->PN,CH-->PN,CH-->PN
PL,POL,Poland,Warsaw,Europe,Eastern Europe,,PL-->CH,PL-->CH,PL-->CH,PL-->CH,PL-->CH,PL-->CH,PL-->CH,PL-->CH,PL-->CH,PL-->CH,PL-->CH,PL-->CH,PL-->CH,PL-->CH,PL-->CH,PL-->CH,PL-->CH,PL-->CH,PL-->CH,,,,,,,,,,,,,,,,,CH-->PL,CH-->PL,CH-->PL,CH-->PL,CH-->PL,CH-->PL,CH-->PL,CH-->PL,CH-->PL,CH-->PL,CH-->PL,CH-->PL,CH-->PL,CH-->PL,CH-->PL,CH-->PL,CH-->PL,CH-->PL,CH-->PL
PT,PRT,Portugal,Lisbon,Europe,Southern Europe,,PT-->CH,PT-->CH,PT-->CH,PT-->CH,PT-->CH,PT-->CH,PT-->CH,PT-->CH,PT-->CH,PT-->CH,PT-->CH,PT-->CH,PT-->CH,PT-->CH,PT-->CH,PT-->CH,PT-->CH,PT-->CH,PT-->CH,,,,,,,,,,,,,,,,,CH-->PT,CH-->PT,CH-->PT,CH-->PT,CH-->PT,CH-->PT,CH-->PT,CH-->PT,CH-->PT,CH-->PT,CH-->PT,CH-->PT,CH-->PT,CH-->PT,CH-->PT,CH-->PT,CH-->PT,CH-->PT,CH-->PT
PR,PRI,Puerto Rico,San Juan,Americas,Caribbean,,PR-->CH,PR-->CH,PR-->CH,PR-->CH,PR-->CH,PR-->CH,PR-->CH,PR-->CH,PR-->CH,PR-->CH,PR-->CH,PR-->CH,PR-->CH,PR-->CH,PR-->CH,PR-->CH,PR-->CH,PR-->CH,PR-->CH,,,,,,,,,,,,,,,,,CH-->PR,CH-->PR,CH-->PR,CH-->PR,CH-->PR,CH-->PR,CH-->PR,CH-->PR,CH-->PR,CH-->PR,CH-->PR,CH-->PR,CH-->PR,CH-->PR,CH-->PR,CH-->PR,CH-->PR,CH-->PR,CH-->PR
QA,QAT,Qatar,Doha,Asia,Western Asia,,QA-->CH,QA-->CH,QA-->CH,QA-->CH,QA-->CH,QA-->CH,QA-->CH,QA-->CH,QA-->CH,QA-->CH,QA-->CH,QA-->CH,QA-->CH,QA-->CH,QA-->CH,QA-->CH,QA-->CH,QA-->CH,QA-->CH,,,,,,,,,,,,,,,,,CH-->QA,CH-->QA,CH-->QA,CH-->QA,CH-->QA,CH-->QA,CH-->QA,CH-->QA,CH-->QA,CH-->QA,CH-->QA,CH-->QA,CH-->QA,CH-->QA,CH-->QA,CH-->QA,CH-->QA,CH-->QA,CH-->QA
XK,KOS,Republic of Kosovo,Pristina,Europe,Eastern Europe,,XK-->CH,XK-->CH,XK-->CH,XK-->CH,XK-->CH,XK-->CH,XK-->CH,XK-->CH,XK-->CH,XK-->CH,XK-->CH,XK-->CH,XK-->CH,XK-->CH,XK-->CH,XK-->CH,XK-->CH,XK-->CH,XK-->CH,,,,,,,,,,,,,,,,,CH-->XK,CH-->XK,CH-->XK,CH-->XK,CH-->XK,CH-->XK,CH-->XK,CH-->XK,CH-->XK,CH-->XK,CH-->XK,CH-->XK,CH-->XK,CH-->XK,CH-->XK,CH-->XK,CH-->XK,CH-->XK,CH-->XK
RE,REU,Réunion,Saint-Denis,Africa,Eastern Africa,,RE-->CH,RE-->CH,RE-->CH,RE-->CH,RE-->CH,RE-->CH,RE-->CH,RE-->CH,RE-->CH,RE-->CH,RE-->CH,RE-->CH,RE-->CH,RE-->CH,RE-->CH,RE-->CH,RE-->CH,RE-->CH,RE-->CH,,,,,,,,,,,,,,,,,CH-->RE,CH-->RE,CH-->RE,CH-->RE,CH-->RE,CH-->RE,CH-->RE,CH-->RE,CH-->RE,CH-->RE,CH-->RE,CH-->RE,CH-->RE,CH-->RE,CH-->RE,CH-->RE,CH-->RE,CH-->RE,CH-->RE
RO,ROU,Romania,Bucharest,Europe,Eastern Europe,,RO-->CH,RO-->CH,RO-->CH,RO-->CH,RO-->CH,RO-->CH,RO-->CH,RO-->CH,RO-->CH,RO-->CH,RO-->CH,RO-->CH,RO-->CH,RO-->CH,RO-->CH,RO-->CH,RO-->CH,RO-->CH,RO-->CH,,,,,,,,,,,,,,,,,CH-->RO,CH-->RO,CH-->RO,CH-->RO,CH-->RO,CH-->RO,CH-->RO,CH-->RO,CH-->RO,CH-->RO,CH-->RO,CH-->RO,CH-->RO,CH-->RO,CH-->RO,CH-->RO,CH-->RO,CH-->RO,CH-->RO
RU,RUS,Russia,Moscow,Europe,Eastern Europe,,RU-->CH,RU-->CH,RU-->CH,RU-->CH,RU-->CH,RU-->CH,RU-->CH,RU-->CH,RU-->CH,RU-->CH,RU-->CH,RU-->CH,RU-->CH,RU-->CH,RU-->CH,RU-->CH,RU-->CH,RU-->CH,RU-->CH,,,,,,,,,,,,,,,,,CH-->RU,CH-->RU,CH-->RU,CH-->RU,CH-->RU,CH-->RU,CH-->RU,CH-->RU,CH-->RU,CH-->RU,CH-->RU,CH-->RU,CH-->RU,CH-->RU,CH-->RU,CH-->RU,CH-->RU,CH-->RU,CH-->RU
RW,RWA,Rwanda,Kigali,Africa,Eastern Africa,,RW-->CH,RW-->CH,RW-->CH,RW-->CH,RW-->CH,RW-->CH,RW-->CH,RW-->CH,RW-->CH,RW-->CH,RW-->CH,RW-->CH,RW-->CH,RW-->CH,RW-->CH,RW-->CH,RW-->CH,RW-->CH,RW-->CH,,,,,,,,,,,,,,,,,CH-->RW,CH-->RW,CH-->RW,CH-->RW,CH-->RW,CH-->RW,CH-->RW,CH-->RW,CH-->RW,CH-->RW,CH-->RW,CH-->RW,CH-->RW,CH-->RW,CH-->RW,CH-->RW,CH-->RW,CH-->RW,CH-->RW
BL,BLM,Saint Barthélemy,Gustavia,Americas,Caribbean,,BL-->CH,BL-->CH,BL-->CH,BL-->CH,BL-->CH,BL-->CH,BL-->CH,BL-->CH,BL-->CH,BL-->CH,BL-->CH,BL-->CH,BL-->CH,BL-->CH,BL-->CH,BL-->CH,BL-->CH,BL-->CH,BL-->CH,,,,,,,,,,,,,,,,,CH-->BL,CH-->BL,CH-->BL,CH-->BL,CH-->BL,CH-->BL,CH-->BL,CH-->BL,CH-->BL,CH-->BL,CH-->BL,CH-->BL,CH-->BL,CH-->BL,CH-->BL,CH-->BL,CH-->BL,CH-->BL,CH-->BL
SH,SHN,Saint Helena,Jamestown,Africa,Western Africa,,SH-->CH,SH-->CH,SH-->CH,SH-->CH,SH-->CH,SH-->CH,SH-->CH,SH-->CH,SH-->CH,SH-->CH,SH-->CH,SH-->CH,SH-->CH,SH-->CH,SH-->CH,SH-->CH,SH-->CH,SH-->CH,SH-->CH,,,,,,,,,,,,,,,,,CH-->SH,CH-->SH,CH-->SH,CH-->SH,CH-->SH,CH-->SH,CH-->SH,CH-->SH,CH-->SH,CH-->SH,CH-->SH,CH-->SH,CH-->SH,CH-->SH,CH-->SH,CH-->SH,CH-->SH,CH-->SH,CH-->SH
KN,KNA,Saint Kitts and Nevis,Basseterre,Americas,Caribbean,,KN-->CH,KN-->CH,KN-->CH,KN-->CH,KN-->CH,KN-->CH,KN-->CH,KN-->CH,KN-->CH,KN-->CH,KN-->CH,KN-->CH,KN-->CH,KN-->CH,KN-->CH,KN-->CH,KN-->CH,KN-->CH,KN-->CH,,,,,,,,,,,,,,,,,CH-->KN,CH-->KN,CH-->KN,CH-->KN,CH-->KN,CH-->KN,CH-->KN,CH-->KN,CH-->KN,CH-->KN,CH-->KN,CH-->KN,CH-->KN,CH-->KN,CH-->KN,CH-->KN,CH-->KN,CH-->KN,CH-->KN
LC,LCA,Saint Lucia,Castries,Americas,Caribbean,,LC-->CH,LC-->CH,LC-->CH,LC-->CH,LC-->CH,LC-->CH,LC-->CH,LC-->CH,LC-->CH,LC-->CH,LC-->CH,LC-->CH,LC-->CH,LC-->CH,LC-->CH,LC-->CH,LC-->CH,LC-->CH,LC-->CH,,,,,,,,,,,,,,,,,CH-->LC,CH-->LC,CH-->LC,CH-->LC,CH-->LC,CH-->LC,CH-->LC,CH-->LC,CH-->LC,CH-->LC,CH-->LC,CH-->LC,CH-->LC,CH-->LC,CH-->LC,CH-->LC,CH-->LC,CH-->LC,CH-->LC
MF,MAF,Saint Martin,Marigot,Americas,Caribbean,,MF-->CH,MF-->CH,MF-->CH,MF-->CH,MF-->CH,MF-->CH,MF-->CH,MF-->CH,MF-->CH,MF-->CH,MF-->CH,MF-->CH,MF-->CH,MF-->CH,MF-->CH,MF-->CH,MF-->CH,MF-->CH,MF-->CH,,,,,,,,,,,,,,,,,CH-->MF,CH-->MF,CH-->MF,CH-->MF,CH-->MF,CH-->MF,CH-->MF,CH-->MF,CH-->MF,CH-->MF,CH-->MF,CH-->MF,CH-->MF,CH-->MF,CH-->MF,CH-->MF,CH-->MF,CH-->MF,CH-->MF
PM,SPM,Saint Pierre and Miquelon,Saint-Pierre,Americas,Northern America,,PM-->CH,PM-->CH,PM-->CH,PM-->CH,PM-->CH,PM-->CH,PM-->CH,PM-->CH,PM-->CH,PM-->CH,PM-->CH,PM-->CH,PM-->CH,PM-->CH,PM-->CH,PM-->CH,PM-->CH,PM-->CH,PM-->CH,,,,,,,,,,,,,,,,,CH-->PM,CH-->PM,CH-->PM,CH-->PM,CH-->PM,CH-->PM,CH-->PM,CH-->PM,CH-->PM,CH-->PM,CH-->PM,CH-->PM,CH-->PM,CH-->PM,CH-->PM,CH-->PM,CH-->PM,CH-->PM,CH-->PM
VC,VCT,Saint Vincent and the Grenadines,Kingstown,Americas,Caribbean,,VC-->CH,VC-->CH,VC-->CH,VC-->CH,VC-->CH,VC-->CH,VC-->CH,VC-->CH,VC-->CH,VC-->CH,VC-->CH,VC-->CH,VC-->CH,VC-->CH,VC-->CH,VC-->CH,VC-->CH,VC-->CH,VC-->CH,,,,,,,,,,,,,,,,,CH-->VC,CH-->VC,CH-->VC,CH-->VC,CH-->VC,CH-->VC,CH-->VC,CH-->VC,CH-->VC,CH-->VC,CH-->VC,CH-->VC,CH-->VC,CH-->VC,CH-->VC,CH-->VC,CH-->VC,CH-->VC,CH-->VC
WS,WSM,Samoa,Apia,Oceania,Polynesia,,WS-->CH,WS-->CH,WS-->CH,WS-->CH,WS-->CH,WS-->CH,WS-->CH,WS-->CH,WS-->CH,WS-->CH,WS-->CH,WS-->CH,WS-->CH,WS-->CH,WS-->CH,WS-->CH,WS-->CH,WS-->CH,WS-->CH,,,,,,,,,,,,,,,,,CH-->WS,CH-->WS,CH-->WS,CH-->WS,CH-->WS,CH-->WS,CH-->WS,CH-->WS,CH-->WS,CH-->WS,CH-->WS,CH-->WS,CH-->WS,CH-->WS,CH-->WS,CH-->WS,CH-->WS,CH-->WS,CH-->WS
SM,SMR,San Marino,City of San Marino,Europe,Southern Europe,,SM-->CH,SM-->CH,SM-->CH,SM-->CH,SM-->CH,SM-->CH,SM-->CH,SM-->CH,SM-->CH,SM-->CH,SM-->CH,SM-->CH,SM-->CH,SM-->CH,SM-->CH,SM-->CH,SM-->CH,SM-->CH,SM-->CH,,,,,,,,,,,,,,,,,CH-->SM,CH-->SM,CH-->SM,CH-->SM,CH-->SM,CH-->SM,CH-->SM,CH-->SM,CH-->SM,CH-->SM,CH-->SM,CH-->SM,CH-->SM,CH-->SM,CH-->SM,CH-->SM,CH-->SM,CH-->SM,CH-->SM
ST,STP,São Tomé and Príncipe,São Tomé,Africa,Middle Africa,,ST-->CH,ST-->CH,ST-->CH,ST-->CH,ST-->CH,ST-->CH,ST-->CH,ST-->CH,ST-->CH,ST-->CH,ST-->CH,ST-->CH,ST-->CH,ST-->CH,ST-->CH,ST-->CH,ST-->CH,ST-->CH,ST-->CH,,,,,,,,,,,,,,,,,CH-->ST,CH-->ST,CH-->ST,CH-->ST,CH-->ST,CH-->ST,CH-->ST,CH-->ST,CH-->ST,CH-->ST,CH-->ST,CH-->ST,CH-->ST,CH-->ST,CH-->ST,CH-->ST,CH-->ST,CH-->ST,CH-->ST
SA,SAU,Saudi Arabia,Riyadh,Asia,Western Asia,,SA-->CH,SA-->CH,SA-->CH,SA-->CH,SA-->CH,SA-->CH,SA-->CH,SA-->CH,SA-->CH,SA-->CH,SA-->CH,SA-->CH,SA-->CH,SA-->CH,SA-->CH,SA-->CH,SA-->CH,SA-->CH,SA-->CH,,,,,,,,,,,,,,,,,CH-->SA,CH-->SA,CH-->SA,CH-->SA,CH-->SA,CH-->SA,CH-->SA,CH-->SA,CH-->SA,CH-->SA,CH-->SA,CH-->SA,CH-->SA,CH-->SA,CH-->SA,CH-->SA,CH-->SA,CH-->SA,CH-->SA
SN,SEN,Senegal,Dakar,Africa,Western Africa,,SN-->CH,SN-->CH,SN-->CH,SN-->CH,SN-->CH,SN-->CH,SN-->CH,SN-->CH,SN-->CH,SN-->CH,SN-->CH,SN-->CH,SN-->CH,SN-->CH,SN-->CH,SN-->CH,SN-->CH,SN-->CH,SN-->CH,,,,,,,,,,,,,,,,,CH-->SN,CH-->SN,CH-->SN,CH-->SN,CH-->SN,CH-->SN,CH-->SN,CH-->SN,CH-->SN,CH-->SN,CH-->SN,CH-->SN,CH-->SN,CH-->SN,CH-->SN,CH-->SN,CH-->SN,CH-->SN,CH-->SN
RS,SRB,Serbia,Belgrade,Europe,Southern Europe,,RS-->CH,RS-->CH,RS-->CH,RS-->CH,RS-->CH,RS-->CH,RS-->CH,RS-->CH,RS-->CH,RS-->CH,RS-->CH,RS-->CH,RS-->CH,RS-->CH,RS-->CH,RS-->CH,RS-->CH,RS-->CH,RS-->CH,,,,,,,,,,,,,,,,,CH-->RS,CH-->RS,CH-->RS,CH-->RS,CH-->RS,CH-->RS,CH-->RS,CH-->RS,CH-->RS,CH-->RS,CH-->RS,CH-->RS,CH-->RS,CH-->RS,CH-->RS,CH-->RS,CH-->RS,CH-->RS,CH-->RS
SC,SYC,Seychelles,Victoria,Africa,Eastern Africa,,SC-->CH,SC-->CH,SC-->CH,SC-->CH,SC-->CH,SC-->CH,SC-->CH,SC-->CH,SC-->CH,SC-->CH,SC-->CH,SC-->CH,SC-->CH,SC-->CH,SC-->CH,SC-->CH,SC-->CH,SC-->CH,SC-->CH,,,,,,,,,,,,,,,,,CH-->SC,CH-->SC,CH-->SC,CH-->SC,CH-->SC,CH-->SC,CH-->SC,CH-->SC,CH-->SC,CH-->SC,CH-->SC,CH-->SC,CH-->SC,CH-->SC,CH-->SC,CH-->SC,CH-->SC,CH-->SC,CH-->SC
SL,SLE,Sierra Leone,Freetown,Africa,Western Africa,,SL-->CH,SL-->CH,SL-->CH,SL-->CH,SL-->CH,SL-->CH,SL-->CH,SL-->CH,SL-->CH,SL-->CH,SL-->CH,SL-->CH,SL-->CH,SL-->CH,SL-->CH,SL-->CH,SL-->CH,SL-->CH,SL-->CH,,,,,,,,,,,,,,,,,CH-->SL,CH-->SL,CH-->SL,CH-->SL,CH-->SL,CH-->SL,CH-->SL,CH-->SL,CH-->SL,CH-->SL,CH-->SL,CH-->SL,CH-->SL,CH-->SL,CH-->SL,CH-->SL,CH-->SL,CH-->SL,CH-->SL
SG,SGP,Singapore,Singapore,Asia,South-Eastern Asia,,SG-->CH,SG-->CH,SG-->CH,SG-->CH,SG-->CH,SG-->CH,SG-->CH,SG-->CH,SG-->CH,SG-->CH,SG-->CH,SG-->CH,SG-->CH,SG-->CH,SG-->CH,SG-->CH,SG-->CH,SG-->CH,SG-->CH,,,,,,,,,,,,,,,,,CH-->SG,CH-->SG,CH-->SG,CH-->SG,CH-->SG,CH-->SG,CH-->SG,CH-->SG,CH-->SG,CH-->SG,CH-->SG,CH-->SG,CH-->SG,CH-->SG,CH-->SG,CH-->SG,CH-->SG,CH-->SG,CH-->SG
SX,SXM,Sint Maarten,Philipsburg,Americas,Caribbean,,SX-->CH,SX-->CH,SX-->CH,SX-->CH,SX-->CH,SX-->CH,SX-->CH,SX-->CH,SX-->CH,SX-->CH,SX-->CH,SX-->CH,SX-->CH,SX-->CH,SX-->CH,SX-->CH,SX-->CH,SX-->CH,SX-->CH,,,,,,,,,,,,,,,,,CH-->SX,CH-->SX,CH-->SX,CH-->SX,CH-->SX,CH-->SX,CH-->SX,CH-->SX,CH-->SX,CH-->SX,CH-->SX,CH-->SX,CH-->SX,CH-->SX,CH-->SX,CH-->SX,CH-->SX,CH-->SX,CH-->SX
SK,SVK,Slovakia,Bratislava,Europe,Eastern Europe,,SK-->CH,SK-->CH,SK-->CH,SK-->CH,SK-->CH,SK-->CH,SK-->CH,SK-->CH,SK-->CH,SK-->CH,SK-->CH,SK-->CH,SK-->CH,SK-->CH,SK-->CH,SK-->CH,SK-->CH,SK-->CH,SK-->CH,,,,,,,,,,,,,,,,,CH-->SK,CH-->SK,CH-->SK,CH-->SK,CH-->SK,CH-->SK,CH-->SK,CH-->SK,CH-->SK,CH-->SK,CH-->SK,CH-->SK,CH-->SK,CH-->SK,CH-->SK,CH-->SK,CH-->SK,CH-->SK,CH-->SK
SI,SVN,Slovenia,Ljubljana,Europe,Southern Europe,,SI-->CH,SI-->CH,SI-->CH,SI-->CH,SI-->CH,SI-->CH,SI-->CH,SI-->CH,SI-->CH,SI-->CH,SI-->CH,SI-->CH,SI-->CH,SI-->CH,SI-->CH,SI-->CH,SI-->CH,SI-->CH,SI-->CH,,,,,,,,,,,,,,,,,CH-->SI,CH-->SI,CH-->SI,CH-->SI,CH-->SI,CH-->SI,CH-->SI,CH-->SI,CH-->SI,CH-->SI,CH-->SI,CH-->SI,CH-->SI,CH-->SI,CH-->SI,CH-->SI,CH-->SI,CH-->SI,CH-->SI
SB,SLB,Solomon Islands,Honiara,Oceania,Melanesia,,SB-->CH,SB-->CH,SB-->CH,SB-->CH,SB-->CH,SB-->CH,SB-->CH,SB-->CH,SB-->CH,SB-->CH,SB-->CH,SB-->CH,SB-->CH,SB-->CH,SB-->CH,SB-->CH,SB-->CH,SB-->CH,SB-->CH,,,,,,,,,,,,,,,,,CH-->SB,CH-->SB,CH-->SB,CH-->SB,CH-->SB,CH-->SB,CH-->SB,CH-->SB,CH-->SB,CH-->SB,CH-->SB,CH-->SB,CH-->SB,CH-->SB,CH-->SB,CH-->SB,CH-->SB,CH-->SB,CH-->SB
SO,SOM,Somalia,Mogadishu,Africa,Eastern Africa,,SO-->CH,SO-->CH,SO-->CH,SO-->CH,SO-->CH,SO-->CH,SO-->CH,SO-->CH,SO-->CH,SO-->CH,SO-->CH,SO-->CH,SO-->CH,SO-->CH,SO-->CH,SO-->CH,SO-->CH,SO-->CH,SO-->CH,,,,,,,,,,,,,,,,,CH-->SO,CH-->SO,CH-->SO,CH-->SO,CH-->SO,CH-->SO,CH-->SO,CH-->SO,CH-->SO,CH-->SO,CH-->SO,CH-->SO,CH-->SO,CH-->SO,CH-->SO,CH-->SO,CH-->SO,CH-->SO,CH-->SO
ZA,ZAF,South Africa,Pretoria,Africa,Southern Africa,,ZA-->CH,ZA-->CH,ZA-->CH,ZA-->CH,ZA-->CH,ZA-->CH,ZA-->CH,ZA-->CH,ZA-->CH,ZA-->CH,ZA-->CH,ZA-->CH,ZA-->CH,ZA-->CH,ZA-->CH,ZA-->CH,ZA-->CH,ZA-->CH,ZA-->CH,,,,,,,,,,,,,,,,,CH-->ZA,CH-->ZA,CH-->ZA,CH-->ZA,CH-->ZA,CH-->ZA,CH-->ZA,CH-->ZA,CH-->ZA,CH-->ZA,CH-->ZA,CH-->ZA,CH-->ZA,CH-->ZA,CH-->ZA,CH-->ZA,CH-->ZA,CH-->ZA,CH-->ZA
GS,SGS,South Georgia,King Edward Point,Americas,South America,,GS-->CH,GS-->CH,GS-->CH,GS-->CH,GS-->CH,GS-->CH,GS-->CH,GS-->CH,GS-->CH,GS-->CH,GS-->CH,GS-->CH,GS-->CH,GS-->CH,GS-->CH,GS-->CH,GS-->CH,GS-->CH,GS-->CH,,,,,,,,,,,,,,,,,CH-->GS,CH-->GS,CH-->GS,CH-->GS,CH-->GS,CH-->GS,CH-->GS,CH-->GS,CH-->GS,CH-->GS,CH-->GS,CH-->GS,CH-->GS,CH-->GS,CH-->GS,CH-->GS,CH-->GS,CH-->GS,CH-->GS
KR,KOR,South Korea,Seoul,Asia,Eastern Asia,,KR-->CH,KR-->CH,KR-->CH,KR-->CH,KR-->CH,KR-->CH,KR-->CH,KR-->CH,KR-->CH,KR-->CH,KR-->CH,KR-->CH,KR-->CH,KR-->CH,KR-->CH,KR-->CH,KR-->CH,KR-->CH,KR-->CH,,,,,,,,,,,,,,,,,CH-->KR,CH-->KR,CH-->KR,CH-->KR,CH-->KR,CH-->KR,CH-->KR,CH-->KR,CH-->KR,CH-->KR,CH-->KR,CH-->KR,CH-->KR,CH-->KR,CH-->KR,CH-->KR,CH-->KR,CH-->KR,CH-->KR
SS,SSD,South Sudan,Juba,Africa,Middle Africa,,SS-->CH,SS-->CH,SS-->CH,SS-->CH,SS-->CH,SS-->CH,SS-->CH,SS-->CH,SS-->CH,SS-->CH,SS-->CH,SS-->CH,SS-->CH,SS-->CH,SS-->CH,SS-->CH,SS-->CH,SS-->CH,SS-->CH,,,,,,,,,,,,,,,,,CH-->SS,CH-->SS,CH-->SS,CH-->SS,CH-->SS,CH-->SS,CH-->SS,CH-->SS,CH-->SS,CH-->SS,CH-->SS,CH-->SS,CH-->SS,CH-->SS,CH-->SS,CH-->SS,CH-->SS,CH-->SS,CH-->SS
ES,ESP,Spain,Madrid,Europe,Southern Europe,,ES-->CH,ES-->CH,ES-->CH,ES-->CH,ES-->CH,ES-->CH,ES-->CH,ES-->CH,ES-->CH,ES-->CH,ES-->CH,ES-->CH,ES-->CH,ES-->CH,ES-->CH,ES-->CH,ES-->CH,ES-->CH,ES-->CH,,,,,,,,,,,,,,,,,CH-->ES,CH-->ES,CH-->ES,CH-->ES,CH-->ES,CH-->ES,CH-->ES,CH-->ES,CH-->ES,CH-->ES,CH-->ES,CH-->ES,CH-->ES,CH-->ES,CH-->ES,CH-->ES,CH-->ES,CH-->ES,CH-->ES
LK,LKA,Sri Lanka,Colombo,Asia,Southern Asia,,LK-->CH,LK-->CH,LK-->CH,LK-->CH,LK-->CH,LK-->CH,LK-->CH,LK-->CH,LK-->CH,LK-->CH,LK-->CH,LK-->CH,LK-->CH,LK-->CH,LK-->CH,LK-->CH,LK-->CH,LK-->CH,LK-->CH,,,,,,,,,,,,,,,,,CH-->LK,CH-->LK,CH-->LK,CH-->LK,CH-->LK,CH-->LK,CH-->LK,CH-->LK,CH-->LK,CH-->LK,CH-->LK,CH-->LK,CH-->LK,CH-->LK,CH-->LK,CH-->LK,CH-->LK,CH-->LK,CH-->LK
SD,SDN,Sudan,Khartoum,Africa,Northern Africa,,SD-->CH,SD-->CH,SD-->CH,SD-->CH,SD-->CH,SD-->CH,SD-->CH,SD-->CH,SD-->CH,SD-->CH,SD-->CH,SD-->CH,SD-->CH,SD-->CH,SD-->CH,SD-->CH,SD-->CH,SD-->CH,SD-->CH,,,,,,,,,,,,,,,,,CH-->SD,CH-->SD,CH-->SD,CH-->SD,CH-->SD,CH-->SD,CH-->SD,CH-->SD,CH-->SD,CH-->SD,CH-->SD,CH-->SD,CH-->SD,CH-->SD,CH-->SD,CH-->SD,CH-->SD,CH-->SD,CH-->SD
SR,SUR,Suriname,Paramaribo,Americas,South America,,SR-->CH,SR-->CH,SR-->CH,SR-->CH,SR-->CH,SR-->CH,SR-->CH,SR-->CH,SR-->CH,SR-->CH,SR-->CH,SR-->CH,SR-->CH,SR-->CH,SR-->CH,SR-->CH,SR-->CH,SR-->CH,SR-->CH,,,,,,,,,,,,,,,,,CH-->SR,CH-->SR,CH-->SR,CH-->SR,CH-->SR,CH-->SR,CH-->SR,CH-->SR,CH-->SR,CH-->SR,CH-->SR,CH-->SR,CH-->SR,CH-->SR,CH-->SR,CH-->SR,CH-->SR,CH-->SR,CH-->SR
SJ,SJM,Svalbard and Jan Mayen,Longyearbyen,Europe,Northern Europe,,SJ-->CH,SJ-->CH,SJ-->CH,SJ-->CH,SJ-->CH,SJ-->CH,SJ-->CH,SJ-->CH,SJ-->CH,SJ-->CH,SJ-->CH,SJ-->CH,SJ-->CH,SJ-->CH,SJ-->CH,SJ-->CH,SJ-->CH,SJ-->CH,SJ-->CH,,,,,,,,,,,,,,,,,CH-->SJ,CH-->SJ,CH-->SJ,CH-->SJ,CH-->SJ,CH-->SJ,CH-->SJ,CH-->SJ,CH-->SJ,CH-->SJ,CH-->SJ,CH-->SJ,CH-->SJ,CH-->SJ,CH-->SJ,CH-->SJ,CH-->SJ,CH-->SJ,CH-->SJ
SZ,SWZ,Swaziland,Lobamba,Africa,Southern Africa,,SZ-->CH,SZ-->CH,SZ-->CH,SZ-->CH,SZ-->CH,SZ-->CH,SZ-->CH,SZ-->CH,SZ-->CH,SZ-->CH,SZ-->CH,SZ-->CH,SZ-->CH,SZ-->CH,SZ-->CH,SZ-->CH,SZ-->CH,SZ-->CH,SZ-->CH,,,,,,,,,,,,,,,,,CH-->SZ,CH-->SZ,CH-->SZ,CH-->SZ,CH-->SZ,CH-->SZ,CH-->SZ,CH-->SZ,CH-->SZ,CH-->SZ,CH-->SZ,CH-->SZ,CH-->SZ,CH-->SZ,CH-->SZ,CH-->SZ,CH-->SZ,CH-->SZ,CH-->SZ
SE,SWE,Sweden,Stockholm,Europe,Northern Europe,,SE-->CH,SE-->CH,SE-->CH,SE-->CH,SE-->CH,SE-->CH,SE-->CH,SE-->CH,SE-->CH,SE-->CH,SE-->CH,SE-->CH,SE-->CH,SE-->CH,SE-->CH,SE-->CH,SE-->CH,SE-->CH,SE-->CH,,,,,,,,,,,,,,,,,CH-->SE,CH-->SE,CH-->SE,CH-->SE,CH-->SE,CH-->SE,CH-->SE,CH-->SE,CH-->SE,CH-->SE,CH-->SE,CH-->SE,CH-->SE,CH-->SE,CH-->SE,CH-->SE,CH-->SE,CH-->SE,CH-->SE
CH,CHE,Switzerland,Bern,Europe,Western Europe,,CH-->CH,CH-->CH,CH-->CH,CH-->CH,CH-->CH,CH-->CH,CH-->CH,CH-->CH,CH-->CH,CH-->CH,CH-->CH,CH-->CH,CH-->CH,CH-->CH,CH-->CH,CH-->CH,CH-->CH,CH-->CH,CH-->CH,,,,,,,,,,,,,,,,,CH-->CH,CH-->CH,CH-->CH,CH-->CH,CH-->CH,CH-->CH,CH-->CH,CH-->CH,CH-->CH,CH-->CH,CH-->CH,CH-->CH,CH-->CH,CH-->CH,CH-->CH,CH-->CH,CH-->CH,CH-->CH,CH-->CH
SY,SYR,Syria,Damascus,Asia,Western Asia,,SY-->CH,SY-->CH,SY-->CH,SY-->CH,SY-->CH,SY-->CH,SY-->CH,SY-->CH,SY-->CH,SY-->CH,SY-->CH,SY-->CH,SY-->CH,SY-->CH,SY-->CH,SY-->CH,SY-->CH,SY-->CH,SY-->CH,,,,,,,,,,,,,,,,,CH-->SY,CH-->SY,CH-->SY,CH-->SY,CH-->SY,CH-->SY,CH-->SY,CH-->SY,CH-->SY,CH-->SY,CH-->SY,CH-->SY,CH-->SY,CH-->SY,CH-->SY,CH-->SY,CH-->SY,CH-->SY,CH-->SY
TW,TWN,Taiwan,Taipei,Asia,Eastern Asia,,TW-->CH,TW-->CH,TW-->CH,TW-->CH,TW-->CH,TW-->CH,TW-->CH,TW-->CH,TW-->CH,TW-->CH,TW-->CH,TW-->CH,TW-->CH,TW-->CH,TW-->CH,TW-->CH,TW-->CH,TW-->CH,TW-->CH,,,,,,,,,,,,,,,,,CH-->TW,CH-->TW,CH-->TW,CH-->TW,CH-->TW,CH-->TW,CH-->TW,CH-->TW,CH-->TW,CH-->TW,CH-->TW,CH-->TW,CH-->TW,CH-->TW,CH-->TW,CH-->TW,CH-->TW,CH-->TW,CH-->TW
TJ,TJK,Tajikistan,Dushanbe,Asia,Central Asia,,TJ-->CH,TJ-->CH,TJ-->CH,TJ-->CH,TJ-->CH,TJ-->CH,TJ-->CH,TJ-->CH,TJ-->CH,TJ-->CH,TJ-->CH,TJ-->CH,TJ-->CH,TJ-->CH,TJ-->CH,TJ-->CH,TJ-->CH,TJ-->CH,TJ-->CH,,,,,,,,,,,,,,,,,CH-->TJ,CH-->TJ,CH-->TJ,CH-->TJ,CH-->TJ,CH-->TJ,CH-->TJ,CH-->TJ,CH-->TJ,CH-->TJ,CH-->TJ,CH-->TJ,CH-->TJ,CH-->TJ,CH-->TJ,CH-->TJ,CH-->TJ,CH-->TJ,CH-->TJ
TZ,TZA,Tanzania,Dodoma,Africa,Eastern Africa,,TZ-->CH,TZ-->CH,TZ-->CH,TZ-->CH,TZ-->CH,TZ-->CH,TZ-->CH,TZ-->CH,TZ-->CH,TZ-->CH,TZ-->CH,TZ-->CH,TZ-->CH,TZ-->CH,TZ-->CH,TZ-->CH,TZ-->CH,TZ-->CH,TZ-->CH,,,,,,,,,,,,,,,,,CH-->TZ,CH-->TZ,CH-->TZ,CH-->TZ,CH-->TZ,CH-->TZ,CH-->TZ,CH-->TZ,CH-->TZ,CH-->TZ,CH-->TZ,CH-->TZ,CH-->TZ,CH-->TZ,CH-->TZ,CH-->TZ,CH-->TZ,CH-->TZ,CH-->TZ
TH,THA,Thailand,Bangkok,Asia,South-Eastern Asia,,TH-->CH,TH-->CH,TH-->CH,TH-->CH,TH-->CH,TH-->CH,TH-->CH,TH-->CH,TH-->CH,TH-->CH,TH-->CH,TH-->CH,TH-->CH,TH-->CH,TH-->CH,TH-->CH,TH-->CH,TH-->CH,TH-->CH,,,,,,,,,,,,,,,,,CH-->TH,CH-->TH,CH-->TH,CH-->TH,CH-->TH,CH-->TH,CH-->TH,CH-->TH,CH-->TH,CH-->TH,CH-->TH,CH-->TH,CH-->TH,CH-->TH,CH-->TH,CH-->TH,CH-->TH,CH-->TH,CH-->TH
TL,TLS,East Timor,Dili,Asia,South-Eastern Asia,,TL-->CH,TL-->CH,TL-->CH,TL-->CH,TL-->CH,TL-->CH,TL-->CH,TL-->CH,TL-->CH,TL-->CH,TL-->CH,TL-->CH,TL-->CH,TL-->CH,TL-->CH,TL-->CH,TL-->CH,TL-->CH,TL-->CH,,,,,,,,,,,,,,,,,CH-->TL,CH-->TL,CH-->TL,CH-->TL,CH-->TL,CH-->TL,CH-->TL,CH-->TL,CH-->TL,CH-->TL,CH-->TL,CH-->TL,CH-->TL,CH-->TL,CH-->TL,CH-->TL,CH-->TL,CH-->TL,CH-->TL
TG,TGO,Togo,Lomé,Africa,Western Africa,,TG-->CH,TG-->CH,TG-->CH,TG-->CH,TG-->CH,TG-->CH,TG-->CH,TG-->CH,TG-->CH,TG-->CH,TG-->CH,TG-->CH,TG-->CH,TG-->CH,TG-->CH,TG-->CH,TG-->CH,TG-->CH,TG-->CH,,,,,,,,,,,,,,,,,CH-->TG,CH-->TG,CH-->TG,CH-->TG,CH-->TG,CH-->TG,CH-->TG,CH-->TG,CH-->TG,CH-->TG,CH-->TG,CH-->TG,CH-->TG,CH-->TG,CH-->TG,CH-->TG,CH-->TG,CH-->TG,CH-->TG
TK,TKL,Tokelau,Fakaofo,Oceania,Polynesia,,TK-->CH,TK-->CH,TK-->CH,TK-->CH,TK-->CH,TK-->CH,TK-->CH,TK-->CH,TK-->CH,TK-->CH,TK-->CH,TK-->CH,TK-->CH,TK-->CH,TK-->CH,TK-->CH,TK-->CH,TK-->CH,TK-->CH,,,,,,,,,,,,,,,,,CH-->TK,CH-->TK,CH-->TK,CH-->TK,CH-->TK,CH-->TK,CH-->TK,CH-->TK,CH-->TK,CH-->TK,CH-->TK,CH-->TK,CH-->TK,CH-->TK,CH-->TK,CH-->TK,CH-->TK,CH-->TK,CH-->TK
TO,TON,Tonga,Nuku'alofa,Oceania,Polynesia,,TO-->CH,TO-->CH,TO-->CH,TO-->CH,TO-->CH,TO-->CH,TO-->CH,TO-->CH,TO-->CH,TO-->CH,TO-->CH,TO-->CH,TO-->CH,TO-->CH,TO-->CH,TO-->CH,TO-->CH,TO-->CH,TO-->CH,,,,,,,,,,,,,,,,,CH-->TO,CH-->TO,CH-->TO,CH-->TO,CH-->TO,CH-->TO,CH-->TO,CH-->TO,CH-->TO,CH-->TO,CH-->TO,CH-->TO,CH-->TO,CH-->TO,CH-->TO,CH-->TO,CH-->TO,CH-->TO,CH-->TO
TT,TTO,Trinidad and Tobago,Port of Spain,Americas,Caribbean,,TT-->CH,TT-->CH,TT-->CH,TT-->CH,TT-->CH,TT-->CH,TT-->CH,TT-->CH,TT-->CH,TT-->CH,TT-->CH,TT-->CH,TT-->CH,TT-->CH,TT-->CH,TT-->CH,TT-->CH,TT-->CH,TT-->CH,,,,,,,,,,,,,,,,,CH-->TT,CH-->TT,CH-->TT,CH-->TT,CH-->TT,CH-->TT,CH-->TT,CH-->TT,CH-->TT,CH-->TT,CH-->TT,CH-->TT,CH-->TT,CH-->TT,CH-->TT,CH-->TT,CH-->TT,CH-->TT,CH-->TT
TN,TUN,Tunisia,Tunis,Africa,Northern Africa,,TN-->CH,TN-->CH,TN-->CH,TN-->CH,TN-->CH,TN-->CH,TN-->CH,TN-->CH,TN-->CH,TN-->CH,TN-->CH,TN-->CH,TN-->CH,TN-->CH,TN-->CH,TN-->CH,TN-->CH,TN-->CH,TN-->CH,,,,,,,,,,,,,,,,,CH-->TN,CH-->TN,CH-->TN,CH-->TN,CH-->TN,CH-->TN,CH-->TN,CH-->TN,CH-->TN,CH-->TN,CH-->TN,CH-->TN,CH-->TN,CH-->TN,CH-->TN,CH-->TN,CH-->TN,CH-->TN,CH-->TN
TR,TUR,Turkey,Ankara,Asia,Western Asia,,TR-->CH,TR-->CH,TR-->CH,TR-->CH,TR-->CH,TR-->CH,TR-->CH,TR-->CH,TR-->CH,TR-->CH,TR-->CH,TR-->CH,TR-->CH,TR-->CH,TR-->CH,TR-->CH,TR-->CH,TR-->CH,TR-->CH,,,,,,,,,,,,,,,,,CH-->TR,CH-->TR,CH-->TR,CH-->TR,CH-->TR,CH-->TR,CH-->TR,CH-->TR,CH-->TR,CH-->TR,CH-->TR,CH-->TR,CH-->TR,CH-->TR,CH-->TR,CH-->TR,CH-->TR,CH-->TR,CH-->TR
TM,TKM,Turkmenistan,Ashgabat,Asia,Central Asia,,TM-->CH,TM-->CH,TM-->CH,TM-->CH,TM-->CH,TM-->CH,TM-->CH,TM-->CH,TM-->CH,TM-->CH,TM-->CH,TM-->CH,TM-->CH,TM-->CH,TM-->CH,TM-->CH,TM-->CH,TM-->CH,TM-->CH,,,,,,,,,,,,,,,,,CH-->TM,CH-->TM,CH-->TM,CH-->TM,CH-->TM,CH-->TM,CH-->TM,CH-->TM,CH-->TM,CH-->TM,CH-->TM,CH-->TM,CH-->TM,CH-->TM,CH-->TM,CH-->TM,CH-->TM,CH-->TM,CH-->TM
TC,TCA,Turks and Caicos Islands,Cockburn Town,Americas,Caribbean,,TC-->CH,TC-->CH,TC-->CH,TC-->CH,TC-->CH,TC-->CH,TC-->CH,TC-->CH,TC-->CH,TC-->CH,TC-->CH,TC-->CH,TC-->CH,TC-->CH,TC-->CH,TC-->CH,TC-->CH,TC-->CH,TC-->CH,,,,,,,,,,,,,,,,,CH-->TC,CH-->TC,CH-->TC,CH-->TC,CH-->TC,CH-->TC,CH-->TC,CH-->TC,CH-->TC,CH-->TC,CH-->TC,CH-->TC,CH-->TC,CH-->TC,CH-->TC,CH-->TC,CH-->TC,CH-->TC,CH-->TC
TV,TUV,Tuvalu,Funafuti,Oceania,Polynesia,,TV-->CH,TV-->CH,TV-->CH,TV-->CH,TV-->CH,TV-->CH,TV-->CH,TV-->CH,TV-->CH,TV-->CH,TV-->CH,TV-->CH,TV-->CH,TV-->CH,TV-->CH,TV-->CH,TV-->CH,TV-->CH,TV-->CH,,,,,,,,,,,,,,,,,CH-->TV,CH-->TV,CH-->TV,CH-->TV,CH-->TV,CH-->TV,CH-->TV,CH-->TV,CH-->TV,CH-->TV,CH-->TV,CH-->TV,CH-->TV,CH-->TV,CH-->TV,CH-->TV,CH-->TV,CH-->TV,CH-->TV
UG,UGA,Uganda,Kampala,Africa,Eastern Africa,,UG-->CH,UG-->CH,UG-->CH,UG-->CH,UG-->CH,UG-->CH,UG-->CH,UG-->CH,UG-->CH,UG-->CH,UG-->CH,UG-->CH,UG-->CH,UG-->CH,UG-->CH,UG-->CH,UG-->CH,UG-->CH,UG-->CH,,,,,,,,,,,,,,,,,CH-->UG,CH-->UG,CH-->UG,CH-->UG,CH-->UG,CH-->UG,CH-->UG,CH-->UG,CH-->UG,CH-->UG,CH-->UG,CH-->UG,CH-->UG,CH-->UG,CH-->UG,CH-->UG,CH-->UG,CH-->UG,CH-->UG
UA,UKR,Ukraine,Kiev,Europe,Eastern Europe,,UA-->CH,UA-->CH,UA-->CH,UA-->CH,UA-->CH,UA-->CH,UA-->CH,UA-->CH,UA-->CH,UA-->CH,UA-->CH,UA-->CH,UA-->CH,UA-->CH,UA-->CH,UA-->CH,UA-->CH,UA-->CH,UA-->CH,,,,,,,,,,,,,,,,,CH-->UA,CH-->UA,CH-->UA,CH-->UA,CH-->UA,CH-->UA,CH-->UA,CH-->UA,CH-->UA,CH-->UA,CH-->UA,CH-->UA,CH-->UA,CH-->UA,CH-->UA,CH-->UA,CH-->UA,CH-->UA,CH-->UA
AE,ARE,United Arab Emirates,Abu Dhabi,Asia,Western Asia,,AE-->CH,AE-->CH,AE-->CH,AE-->CH,AE-->CH,AE-->CH,AE-->CH,AE-->CH,AE-->CH,AE-->CH,AE-->CH,AE-->CH,AE-->CH,AE-->CH,AE-->CH,AE-->CH,AE-->CH,AE-->CH,AE-->CH,,,,,,,,,,,,,,,,,CH-->AE,CH-->AE,CH-->AE,CH-->AE,CH-->AE,CH-->AE,CH-->AE,CH-->AE,CH-->AE,CH-->AE,CH-->AE,CH-->AE,CH-->AE,CH-->AE,CH-->AE,CH-->AE,CH-->AE,CH-->AE,CH-->AE
GB,GBR,United Kingdom,London,Europe,Northern Europe,,GB-->CH,GB-->CH,GB-->CH,GB-->CH,GB-->CH,GB-->CH,GB-->CH,GB-->CH,GB-->CH,GB-->CH,GB-->CH,GB-->CH,GB-->CH,GB-->CH,GB-->CH,GB-->CH,GB-->CH,GB-->CH,GB-->CH,,,,,,,,,,,,,,,,,CH-->GB,CH-->GB,CH-->GB,CH-->GB,CH-->GB,CH-->GB,CH-->GB,CH-->GB,CH-->GB,CH-->GB,CH-->GB,CH-->GB,CH-->GB,CH-->GB,CH-->GB,CH-->GB,CH-->GB,CH-->GB,CH-->GB
US,USA,United States,"Washington, D.C.",Americas,Northern America,,US-->CH,US-->CH,US-->CH,US-->CH,US-->CH,US-->CH,US-->CH,US-->CH,US-->CH,US-->CH,US-->CH,US-->CH,US-->CH,US-->CH,US-->CH,US-->CH,US-->CH,US-->CH,US-->CH,,,,,,,,,,,,,,,,,CH-->US,CH-->US,CH-->US,CH-->US,CH-->US,CH-->US,CH-->US,CH-->US,CH-->US,CH-->US,CH-->US,CH-->US,CH-->US,CH-->US,CH-->US,CH-->US,CH-->US,CH-->US,CH-->US
UY,URY,Uruguay,Montevideo,Americas,South America,,UY-->CH,UY-->CH,UY-->CH,UY-->CH,UY-->CH,UY-->CH,UY-->CH,UY-->CH,UY-->CH,UY-->CH,UY-->CH,UY-->CH,UY-->CH,UY-->CH,UY-->CH,UY-->CH,UY-->CH,UY-->CH,UY-->CH,,,,,,,,,,,,,,,,,CH-->UY,CH-->UY,CH-->UY,CH-->UY,CH-->UY,CH-->UY,CH-->UY,CH-->UY,CH-->UY,CH-->UY,CH-->UY,CH-->UY,CH-->UY,CH-->UY,CH-->UY,CH-->UY,CH-->UY,CH-->UY,CH-->UY
UZ,UZB,Uzbekistan,Tashkent,Asia,Central Asia,,UZ-->CH,UZ-->CH,UZ-->CH,UZ-->CH,UZ-->CH,UZ-->CH,UZ-->CH,UZ-->CH,UZ-->CH,UZ-->CH,UZ-->CH,UZ-->CH,UZ-->CH,UZ-->CH,UZ-->CH,UZ-->CH,UZ-->CH,UZ-->CH,UZ-->CH,,,,,,,,,,,,,,,,,CH-->UZ,CH-->UZ,CH-->UZ,CH-->UZ,CH-->UZ,CH-->UZ,CH-->UZ,CH-->UZ,CH-->UZ,CH-->UZ,CH-->UZ,CH-->UZ,CH-->UZ,CH-->UZ,CH-->UZ,CH-->UZ,CH-->UZ,CH-->UZ,CH-->UZ
VU,VUT,Vanuatu,Port Vila,Oceania,Melanesia,,VU-->CH,VU-->CH,VU-->CH,VU-->CH,VU-->CH,VU-->CH,VU-->CH,VU-->CH,VU-->CH,VU-->CH,VU-->CH,VU-->CH,VU-->CH,VU-->CH,VU-->CH,VU-->CH,VU-->CH,VU-->CH,VU-->CH,,,,,,,,,,,,,,,,,CH-->VU,CH-->VU,CH-->VU,CH-->VU,CH-->VU,CH-->VU,CH-->VU,CH-->VU,CH-->VU,CH-->VU,CH-->VU,CH-->VU,CH-->VU,CH-->VU,CH-->VU,CH-->VU,CH-->VU,CH-->VU,CH-->VU
VE,VEN,Venezuela,Caracas,Americas,South America,,VE-->CH,VE-->CH,VE-->CH,VE-->CH,VE-->CH,VE-->CH,VE-->CH,VE-->CH,VE-->CH,VE-->CH,VE-->CH,VE-->CH,VE-->CH,VE-->CH,VE-->CH,VE-->CH,VE-->CH,VE-->CH,VE-->CH,,,,,,,,,,,,,,,,,CH-->VE,CH-->VE,CH-->VE,CH-->VE,CH-->VE,CH-->VE,CH-->VE,CH-->VE,CH-->VE,CH-->VE,CH-->VE,CH-->VE,CH-->VE,CH-->VE,CH-->VE,CH-->VE,CH-->VE,CH-->VE,CH-->VE
VN,VNM,Vietnam,Hanoi,Asia,South-Eastern Asia,,VN-->CH,VN-->CH,VN-->CH,VN-->CH,VN-->CH,VN-->CH,VN-->CH,VN-->CH,VN-->CH,VN-->CH,VN-->CH,VN-->CH,VN-->CH,VN-->CH,VN-->CH,VN-->CH,VN-->CH,VN-->CH,VN-->CH,,,,,,,,,,,,,,,,,CH-->VN,CH-->VN,CH-->VN,CH-->VN,CH-->VN,CH-->VN,CH-->VN,CH-->VN,CH-->VN,CH-->VN,CH-->VN,CH-->VN,CH-->VN,CH-->VN,CH-->VN,CH-->VN,CH-->VN,CH-->VN,CH-->VN
WF,WLF,Wallis and Futuna,Mata-Utu,Oceania,Polynesia,,WF-->CH,WF-->CH,WF-->CH,WF-->CH,WF-->CH,WF-->CH,WF-->CH,WF-->CH,WF-->CH,WF-->CH,WF-->CH,WF-->CH,WF-->CH,WF-->CH,WF-->CH,WF-->CH,WF-->CH,WF-->CH,WF-->CH,,,,,,,,,,,,,,,,,CH-->WF,CH-->WF,CH-->WF,CH-->WF,CH-->WF,CH-->WF,CH-->WF,CH-->WF,CH-->WF,CH-->WF,CH-->WF,CH-->WF,CH-->WF,CH-->WF,CH-->WF,CH-->WF,CH-->WF,CH-->WF,CH-->WF
EH,ESH,Western Sahara,El Aaiún,Africa,Northern Africa,,EH-->CH,EH-->CH,EH-->CH,EH-->CH,EH-->CH,EH-->CH,EH-->CH,EH-->CH,EH-->CH,EH-->CH,EH-->CH,EH-->CH,EH-->CH,EH-->CH,EH-->CH,EH-->CH,EH-->CH,EH-->CH,EH-->CH,,,,,,,,,,,,,,,,,CH-->EH,CH-->EH,CH-->EH,CH-->EH,CH-->EH,CH-->EH,CH-->EH,CH-->EH,CH-->EH,CH-->EH,CH-->EH,CH-->EH,CH-->EH,CH-->EH,CH-->EH,CH-->EH,CH-->EH,CH-->EH,CH-->EH
YE,YEM,Yemen,Sana'a,Asia,Western Asia,,YE-->CH,YE-->CH,YE-->CH,YE-->CH,YE-->CH,YE-->CH,YE-->CH,YE-->CH,YE-->CH,YE-->CH,YE-->CH,YE-->CH,YE-->CH,YE-->CH,YE-->CH,YE-->CH,YE-->CH,YE-->CH,YE-->CH,,,,,,,,,,,,,,,,,CH-->YE,CH-->YE,CH-->YE,CH-->YE,CH-->YE,CH-->YE,CH-->YE,CH-->YE,CH-->YE,CH-->YE,CH-->YE,CH-->YE,CH-->YE,CH-->YE,CH-->YE,CH-->YE,CH-->YE,CH-->YE,CH-->YE
ZM,ZMB,Zambia,Lusaka,Africa,Eastern Africa,,ZM-->CH,ZM-->CH,ZM-->CH,ZM-->CH,ZM-->CH,ZM-->CH,ZM-->CH,ZM-->CH,ZM-->CH,ZM-->CH,ZM-->CH,ZM-->CH,ZM-->CH,ZM-->CH,ZM-->CH,ZM-->CH,ZM-->CH,ZM-->CH,ZM-->CH,,,,,,,,,,,,,,,,,CH-->ZM,CH-->ZM,CH-->ZM,CH-->ZM,CH-->ZM,CH-->ZM,CH-->ZM,CH-->ZM,CH-->ZM,CH-->ZM,CH-->ZM,CH-->ZM,CH-->ZM,CH-->ZM,CH-->ZM,CH-->ZM,CH-->ZM,CH-->ZM,CH-->ZM
ZW,ZWE,Zimbabwe,Harare,Africa,Eastern Africa,,ZW-->CH,ZW-->CH,ZW-->CH,ZW-->CH,ZW-->CH,ZW-->CH,ZW-->CH,ZW-->CH,ZW-->CH,ZW-->CH,ZW-->CH,ZW-->CH,ZW-->CH,ZW-->CH,ZW-->CH,ZW-->CH,ZW-->CH,ZW-->CH,ZW-->CH,,,,,,,,,,,,,,,,,CH-->ZW,CH-->ZW,CH-->ZW,CH-->ZW,CH-->ZW,CH-->ZW,CH-->ZW,CH-->ZW,CH-->ZW,CH-->ZW,CH-->ZW,CH-->ZW,CH-->ZW,CH-->ZW,CH-->ZW,CH-->ZW,CH-->ZW,CH-->ZW,CH-->ZW
