nu,code,name,capital,region,subregion,Unnamed: 6,quara/into/where/e,quara/into/where/v,quara/into/where/uv,quara/into/min/e,quara/into/min/v,quara/into/min/uv,quara/into/max/e,quara/into/max/v,quara/into/max/uv,quara/into/comment,test/into/pcr/e,test/into/pcr/v,test/into/pcr/uv,test/into/ag/e,test/into/ag/v,test/into/ag/uv,test/into/comment,visa/into,visa/into/comment,loadStates/into,Unnamed: 27,Unnamed: 28,Unnamed: 29,Unnamed: 30,Unnamed: 31,Unnamed: 32,Unnamed: 33,Unnamed: 34,Unnamed: 35,Unnamed: 36,Unnamed: 37,Unnamed: 38,Unnamed: 39,Unnamed: 40,Unnamed: 41,quara/out/where/e,quara/out/where/v,quara/out/where/uv,quara/out/min/e,quara/out/min/v,quara/out/min/uv,quara/out/max/e,quara/out/max/v,quara/out/max/uv,quara/out/comment,test/out/pcr/e,test/out/pcr/v,test/out/pcr/uv,test/out/ag/e,test/out/ag/v,test/out/ag/uv,test/out/comment,visa/out,visa/out/comment
AF,AFG,Afghanistan,Kabul,Asia,Southern Asia,,AF-->IL,AF-->IL,AF-->IL,AF-->IL,AF-->IL,AF-->IL,AF-->IL,AF-->IL,AF-->IL,AF-->IL,AF-->IL,AF-->IL,AF-->IL,AF-->IL,AF-->IL,AF-->IL,AF-->IL,AF-->IL,AF-->IL,,,,,,,,,,,,,,,,,IL-->AF,IL-->AF,IL-->AF,IL-->AF,IL-->AF,IL-->AF,IL-->AF,IL-->AF,IL-->AF,IL-->AF,IL-->AF,IL-->AF,IL-->AF,IL-->AF,IL-->AF,IL-->AF,IL-->AF,IL-->AF,IL-->AF
AX,ALA,Åland Islands,Mariehamn,Europe,Northern Europe,,AX-->IL,AX-->IL,AX-->IL,AX-->IL,AX-->IL,AX-->IL,AX-->IL,AX-->IL,AX-->IL,AX-->IL,AX-->IL,AX-->IL,AX-->IL,AX-->IL,AX-->IL,AX-->IL,AX-->IL,AX-->IL,AX-->IL,,,,,,,,,,,,,,,,,IL-->AX,IL-->AX,IL-->AX,IL-->AX,IL-->AX,IL-->AX,IL-->AX,IL-->AX,IL-->AX,IL-->AX,IL-->AX,IL-->AX,IL-->AX,IL-->AX,IL-->AX,IL-->AX,IL-->AX,IL-->AX,IL-->AX
AL,ALB,Albania,Tirana,Europe,Southern Europe,,AL-->IL,AL-->IL,AL-->IL,AL-->IL,AL-->IL,AL-->IL,AL-->IL,AL-->IL,AL-->IL,AL-->IL,AL-->IL,AL-->IL,AL-->IL,AL-->IL,AL-->IL,AL-->IL,AL-->IL,AL-->IL,AL-->IL,,,,,,,,,,,,,,,,,IL-->AL,IL-->AL,IL-->AL,IL-->AL,IL-->AL,IL-->AL,IL-->AL,IL-->AL,IL-->AL,IL-->AL,IL-->AL,IL-->AL,IL-->AL,IL-->AL,IL-->AL,IL-->AL,IL-->AL,IL-->AL,IL-->AL
DZ,DZA,Algeria,Algiers,Africa,Northern Africa,,DZ-->IL,DZ-->IL,DZ-->IL,DZ-->IL,DZ-->IL,DZ-->IL,DZ-->IL,DZ-->IL,DZ-->IL,DZ-->IL,DZ-->IL,DZ-->IL,DZ-->IL,DZ-->IL,DZ-->IL,DZ-->IL,DZ-->IL,DZ-->IL,DZ-->IL,,,,,,,,,,,,,,,,,IL-->DZ,IL-->DZ,IL-->DZ,IL-->DZ,IL-->DZ,IL-->DZ,IL-->DZ,IL-->DZ,IL-->DZ,IL-->DZ,IL-->DZ,IL-->DZ,IL-->DZ,IL-->DZ,IL-->DZ,IL-->DZ,IL-->DZ,IL-->DZ,IL-->DZ
AS,ASM,American Samoa,Pago Pago,Oceania,Polynesia,,AS-->IL,AS-->IL,AS-->IL,AS-->IL,AS-->IL,AS-->IL,AS-->IL,AS-->IL,AS-->IL,AS-->IL,AS-->IL,AS-->IL,AS-->IL,AS-->IL,AS-->IL,AS-->IL,AS-->IL,AS-->IL,AS-->IL,,,,,,,,,,,,,,,,,IL-->AS,IL-->AS,IL-->AS,IL-->AS,IL-->AS,IL-->AS,IL-->AS,IL-->AS,IL-->AS,IL-->AS,IL-->AS,IL-->AS,IL-->AS,IL-->AS,IL-->AS,IL-->AS,IL-->AS,IL-->AS,IL-->AS
AD,AND,Andorra,Andorra la Vella,Europe,Southern Europe,,AD-->IL,AD-->IL,AD-->IL,AD-->IL,AD-->IL,AD-->IL,AD-->IL,AD-->IL,AD-->IL,AD-->IL,AD-->IL,AD-->IL,AD-->IL,AD-->IL,AD-->IL,AD-->IL,AD-->IL,AD-->IL,AD-->IL,,,,,,,,,,,,,,,,,IL-->AD,IL-->AD,IL-->AD,IL-->AD,IL-->AD,IL-->AD,IL-->AD,IL-->AD,IL-->AD,IL-->AD,IL-->AD,IL-->AD,IL-->AD,IL-->AD,IL-->AD,IL-->AD,IL-->AD,IL-->AD,IL-->AD
AO,AGO,Angola,Luanda,Africa,Middle Africa,,AO-->IL,AO-->IL,AO-->IL,AO-->IL,AO-->IL,AO-->IL,AO-->IL,AO-->IL,AO-->IL,AO-->IL,AO-->IL,AO-->IL,AO-->IL,AO-->IL,AO-->IL,AO-->IL,AO-->IL,AO-->IL,AO-->IL,,,,,,,,,,,,,,,,,IL-->AO,IL-->AO,IL-->AO,IL-->AO,IL-->AO,IL-->AO,IL-->AO,IL-->AO,IL-->AO,IL-->AO,IL-->AO,IL-->AO,IL-->AO,IL-->AO,IL-->AO,IL-->AO,IL-->AO,IL-->AO,IL-->AO
AI,AIA,Anguilla,The Valley,Americas,Caribbean,,AI-->IL,AI-->IL,AI-->IL,AI-->IL,AI-->IL,AI-->IL,AI-->IL,AI-->IL,AI-->IL,AI-->IL,AI-->IL,AI-->IL,AI-->IL,AI-->IL,AI-->IL,AI-->IL,AI-->IL,AI-->IL,AI-->IL,,,,,,,,,,,,,,,,,IL-->AI,IL-->AI,IL-->AI,IL-->AI,IL-->AI,IL-->AI,IL-->AI,IL-->AI,IL-->AI,IL-->AI,IL-->AI,IL-->AI,IL-->AI,IL-->AI,IL-->AI,IL-->AI,IL-->AI,IL-->AI,IL-->AI
AQ,ATA,Antarctica,,Polar,,,AQ-->IL,AQ-->IL,AQ-->IL,AQ-->IL,AQ-->IL,AQ-->IL,AQ-->IL,AQ-->IL,AQ-->IL,AQ-->IL,AQ-->IL,AQ-->IL,AQ-->IL,AQ-->IL,AQ-->IL,AQ-->IL,AQ-->IL,AQ-->IL,AQ-->IL,,,,,,,,,,,,,,,,,IL-->AQ,IL-->AQ,IL-->AQ,IL-->AQ,IL-->AQ,IL-->AQ,IL-->AQ,IL-->AQ,IL-->AQ,IL-->AQ,IL-->AQ,IL-->AQ,IL-->AQ,IL-->AQ,IL-->AQ,IL-->AQ,IL-->AQ,IL-->AQ,IL-->AQ
AG,ATG,Antigua and Barbuda,Saint John's,Americas,Caribbean,,AG-->IL,AG-->IL,AG-->IL,AG-->IL,AG-->IL,AG-->IL,AG-->IL,AG-->IL,AG-->IL,AG-->IL,AG-->IL,AG-->IL,AG-->IL,AG-->IL,AG-->IL,AG-->IL,AG-->IL,AG-->IL,AG-->IL,,,,,,,,,,,,,,,,,IL-->AG,IL-->AG,IL-->AG,IL-->AG,IL-->AG,IL-->AG,IL-->AG,IL-->AG,IL-->AG,IL-->AG,IL-->AG,IL-->AG,IL-->AG,IL-->AG,IL-->AG,IL-->AG,IL-->AG,IL-->AG,IL-->AG
AR,ARG,Argentina,Buenos Aires,Americas,South America,,AR-->IL,AR-->IL,AR-->IL,AR-->IL,AR-->IL,AR-->IL,AR-->IL,AR-->IL,AR-->IL,AR-->IL,AR-->IL,AR-->IL,AR-->IL,AR-->IL,AR-->IL,AR-->IL,AR-->IL,AR-->IL,AR-->IL,,,,,,,,,,,,,,,,,IL-->AR,IL-->AR,IL-->AR,IL-->AR,IL-->AR,IL-->AR,IL-->AR,IL-->AR,IL-->AR,IL-->AR,IL-->AR,IL-->AR,IL-->AR,IL-->AR,IL-->AR,IL-->AR,IL-->AR,IL-->AR,IL-->AR
AM,ARM,Armenia,Yerevan,Asia,Western Asia,,AM-->IL,AM-->IL,AM-->IL,AM-->IL,AM-->IL,AM-->IL,AM-->IL,AM-->IL,AM-->IL,AM-->IL,AM-->IL,AM-->IL,AM-->IL,AM-->IL,AM-->IL,AM-->IL,AM-->IL,AM-->IL,AM-->IL,,,,,,,,,,,,,,,,,IL-->AM,IL-->AM,IL-->AM,IL-->AM,IL-->AM,IL-->AM,IL-->AM,IL-->AM,IL-->AM,IL-->AM,IL-->AM,IL-->AM,IL-->AM,IL-->AM,IL-->AM,IL-->AM,IL-->AM,IL-->AM,IL-->AM
AW,ABW,Aruba,Oranjestad,Americas,Caribbean,,AW-->IL,AW-->IL,AW-->IL,AW-->IL,AW-->IL,AW-->IL,AW-->IL,AW-->IL,AW-->IL,AW-->IL,AW-->IL,AW-->IL,AW-->IL,AW-->IL,AW-->IL,AW-->IL,AW-->IL,AW-->IL,AW-->IL,,,,,,,,,,,,,,,,,IL-->AW,IL-->AW,IL-->AW,IL-->AW,IL-->AW,IL-->AW,IL-->AW,IL-->AW,IL-->AW,IL-->AW,IL-->AW,IL-->AW,IL-->AW,IL-->AW,IL-->AW,IL-->AW,IL-->AW,IL-->AW,IL-->AW
AU,AUS,Australia,Canberra,Oceania,Australia and New Zealand,,AU-->IL,AU-->IL,AU-->IL,AU-->IL,AU-->IL,AU-->IL,AU-->IL,AU-->IL,AU-->IL,AU-->IL,AU-->IL,AU-->IL,AU-->IL,AU-->IL,AU-->IL,AU-->IL,AU-->IL,AU-->IL,AU-->IL,,,,,,,,,,,,,,,,,IL-->AU,IL-->AU,IL-->AU,IL-->AU,IL-->AU,IL-->AU,IL-->AU,IL-->AU,IL-->AU,IL-->AU,IL-->AU,IL-->AU,IL-->AU,IL-->AU,IL-->AU,IL-->AU,IL-->AU,IL-->AU,IL-->AU
AT,AUT,Austria,Vienna,Europe,Western Europe,,AT-->IL,AT-->IL,AT-->IL,AT-->IL,AT-->IL,AT-->IL,AT-->IL,AT-->IL,AT-->IL,AT-->IL,AT-->IL,AT-->IL,AT-->IL,AT-->IL,AT-->IL,AT-->IL,AT-->IL,AT-->IL,AT-->IL,,,,,,,,,,,,,,,,,IL-->AT,IL-->AT,IL-->AT,IL-->AT,IL-->AT,IL-->AT,IL-->AT,IL-->AT,IL-->AT,IL-->AT,IL-->AT,IL-->AT,IL-->AT,IL-->AT,IL-->AT,IL-->AT,IL-->AT,IL-->AT,IL-->AT
AZ,AZE,Azerbaijan,Baku,Asia,Western Asia,,AZ-->IL,AZ-->IL,AZ-->IL,AZ-->IL,AZ-->IL,AZ-->IL,AZ-->IL,AZ-->IL,AZ-->IL,AZ-->IL,AZ-->IL,AZ-->IL,AZ-->IL,AZ-->IL,AZ-->IL,AZ-->IL,AZ-->IL,AZ-->IL,AZ-->IL,,,,,,,,,,,,,,,,,IL-->AZ,IL-->AZ,IL-->AZ,IL-->AZ,IL-->AZ,IL-->AZ,IL-->AZ,IL-->AZ,IL-->AZ,IL-->AZ,IL-->AZ,IL-->AZ,IL-->AZ,IL-->AZ,IL-->AZ,IL-->AZ,IL-->AZ,IL-->AZ,IL-->AZ
BS,BHS,The Bahamas,Nassau,Americas,Caribbean,,BS-->IL,BS-->IL,BS-->IL,BS-->IL,BS-->IL,BS-->IL,BS-->IL,BS-->IL,BS-->IL,BS-->IL,BS-->IL,BS-->IL,BS-->IL,BS-->IL,BS-->IL,BS-->IL,BS-->IL,BS-->IL,BS-->IL,,,,,,,,,,,,,,,,,IL-->BS,IL-->BS,IL-->BS,IL-->BS,IL-->BS,IL-->BS,IL-->BS,IL-->BS,IL-->BS,IL-->BS,IL-->BS,IL-->BS,IL-->BS,IL-->BS,IL-->BS,IL-->BS,IL-->BS,IL-->BS,IL-->BS
BH,BHR,Bahrain,Manama,Asia,Western Asia,,BH-->IL,BH-->IL,BH-->IL,BH-->IL,BH-->IL,BH-->IL,BH-->IL,BH-->IL,BH-->IL,BH-->IL,BH-->IL,BH-->IL,BH-->IL,BH-->IL,BH-->IL,BH-->IL,BH-->IL,BH-->IL,BH-->IL,,,,,,,,,,,,,,,,,IL-->BH,IL-->BH,IL-->BH,IL-->BH,IL-->BH,IL-->BH,IL-->BH,IL-->BH,IL-->BH,IL-->BH,IL-->BH,IL-->BH,IL-->BH,IL-->BH,IL-->BH,IL-->BH,IL-->BH,IL-->BH,IL-->BH
BD,BGD,Bangladesh,Dhaka,Asia,Southern Asia,,BD-->IL,BD-->IL,BD-->IL,BD-->IL,BD-->IL,BD-->IL,BD-->IL,BD-->IL,BD-->IL,BD-->IL,BD-->IL,BD-->IL,BD-->IL,BD-->IL,BD-->IL,BD-->IL,BD-->IL,BD-->IL,BD-->IL,,,,,,,,,,,,,,,,,IL-->BD,IL-->BD,IL-->BD,IL-->BD,IL-->BD,IL-->BD,IL-->BD,IL-->BD,IL-->BD,IL-->BD,IL-->BD,IL-->BD,IL-->BD,IL-->BD,IL-->BD,IL-->BD,IL-->BD,IL-->BD,IL-->BD
BB,BRB,Barbados,Bridgetown,Americas,Caribbean,,BB-->IL,BB-->IL,BB-->IL,BB-->IL,BB-->IL,BB-->IL,BB-->IL,BB-->IL,BB-->IL,BB-->IL,BB-->IL,BB-->IL,BB-->IL,BB-->IL,BB-->IL,BB-->IL,BB-->IL,BB-->IL,BB-->IL,,,,,,,,,,,,,,,,,IL-->BB,IL-->BB,IL-->BB,IL-->BB,IL-->BB,IL-->BB,IL-->BB,IL-->BB,IL-->BB,IL-->BB,IL-->BB,IL-->BB,IL-->BB,IL-->BB,IL-->BB,IL-->BB,IL-->BB,IL-->BB,IL-->BB
BY,BLR,Belarus,Minsk,Europe,Eastern Europe,,BY-->IL,BY-->IL,BY-->IL,BY-->IL,BY-->IL,BY-->IL,BY-->IL,BY-->IL,BY-->IL,BY-->IL,BY-->IL,BY-->IL,BY-->IL,BY-->IL,BY-->IL,BY-->IL,BY-->IL,BY-->IL,BY-->IL,,,,,,,,,,,,,,,,,IL-->BY,IL-->BY,IL-->BY,IL-->BY,IL-->BY,IL-->BY,IL-->BY,IL-->BY,IL-->BY,IL-->BY,IL-->BY,IL-->BY,IL-->BY,IL-->BY,IL-->BY,IL-->BY,IL-->BY,IL-->BY,IL-->BY
BE,BEL,Belgium,Brussels,Europe,Western Europe,,BE-->IL,BE-->IL,BE-->IL,BE-->IL,BE-->IL,BE-->IL,BE-->IL,BE-->IL,BE-->IL,BE-->IL,BE-->IL,BE-->IL,BE-->IL,BE-->IL,BE-->IL,BE-->IL,BE-->IL,BE-->IL,BE-->IL,,,,,,,,,,,,,,,,,IL-->BE,IL-->BE,IL-->BE,IL-->BE,IL-->BE,IL-->BE,IL-->BE,IL-->BE,IL-->BE,IL-->BE,IL-->BE,IL-->BE,IL-->BE,IL-->BE,IL-->BE,IL-->BE,IL-->BE,IL-->BE,IL-->BE
BZ,BLZ,Belize,Belmopan,Americas,Central America,,BZ-->IL,BZ-->IL,BZ-->IL,BZ-->IL,BZ-->IL,BZ-->IL,BZ-->IL,BZ-->IL,BZ-->IL,BZ-->IL,BZ-->IL,BZ-->IL,BZ-->IL,BZ-->IL,BZ-->IL,BZ-->IL,BZ-->IL,BZ-->IL,BZ-->IL,,,,,,,,,,,,,,,,,IL-->BZ,IL-->BZ,IL-->BZ,IL-->BZ,IL-->BZ,IL-->BZ,IL-->BZ,IL-->BZ,IL-->BZ,IL-->BZ,IL-->BZ,IL-->BZ,IL-->BZ,IL-->BZ,IL-->BZ,IL-->BZ,IL-->BZ,IL-->BZ,IL-->BZ
BJ,BEN,Benin,Porto-Novo,Africa,Western Africa,,BJ-->IL,BJ-->IL,BJ-->IL,BJ-->IL,BJ-->IL,BJ-->IL,BJ-->IL,BJ-->IL,BJ-->IL,BJ-->IL,BJ-->IL,BJ-->IL,BJ-->IL,BJ-->IL,BJ-->IL,BJ-->IL,BJ-->IL,BJ-->IL,BJ-->IL,,,,,,,,,,,,,,,,,IL-->BJ,IL-->BJ,IL-->BJ,IL-->BJ,IL-->BJ,IL-->BJ,IL-->BJ,IL-->BJ,IL-->BJ,IL-->BJ,IL-->BJ,IL-->BJ,IL-->BJ,IL-->BJ,IL-->BJ,IL-->BJ,IL-->BJ,IL-->BJ,IL-->BJ
BM,BMU,Bermuda,Hamilton,Americas,Northern America,,BM-->IL,BM-->IL,BM-->IL,BM-->IL,BM-->IL,BM-->IL,BM-->IL,BM-->IL,BM-->IL,BM-->IL,BM-->IL,BM-->IL,BM-->IL,BM-->IL,BM-->IL,BM-->IL,BM-->IL,BM-->IL,BM-->IL,,,,,,,,,,,,,,,,,IL-->BM,IL-->BM,IL-->BM,IL-->BM,IL-->BM,IL-->BM,IL-->BM,IL-->BM,IL-->BM,IL-->BM,IL-->BM,IL-->BM,IL-->BM,IL-->BM,IL-->BM,IL-->BM,IL-->BM,IL-->BM,IL-->BM
BT,BTN,Bhutan,Thimphu,Asia,Southern Asia,,BT-->IL,BT-->IL,BT-->IL,BT-->IL,BT-->IL,BT-->IL,BT-->IL,BT-->IL,BT-->IL,BT-->IL,BT-->IL,BT-->IL,BT-->IL,BT-->IL,BT-->IL,BT-->IL,BT-->IL,BT-->IL,BT-->IL,,,,,,,,,,,,,,,,,IL-->BT,IL-->BT,IL-->BT,IL-->BT,IL-->BT,IL-->BT,IL-->BT,IL-->BT,IL-->BT,IL-->BT,IL-->BT,IL-->BT,IL-->BT,IL-->BT,IL-->BT,IL-->BT,IL-->BT,IL-->BT,IL-->BT
BO,BOL,Bolivia,Sucre,Americas,South America,,BO-->IL,BO-->IL,BO-->IL,BO-->IL,BO-->IL,BO-->IL,BO-->IL,BO-->IL,BO-->IL,BO-->IL,BO-->IL,BO-->IL,BO-->IL,BO-->IL,BO-->IL,BO-->IL,BO-->IL,BO-->IL,BO-->IL,,,,,,,,,,,,,,,,,IL-->BO,IL-->BO,IL-->BO,IL-->BO,IL-->BO,IL-->BO,IL-->BO,IL-->BO,IL-->BO,IL-->BO,IL-->BO,IL-->BO,IL-->BO,IL-->BO,IL-->BO,IL-->BO,IL-->BO,IL-->BO,IL-->BO
BQ,BES,Bonaire,Kralendijk,Americas,Caribbean,,BQ-->IL,BQ-->IL,BQ-->IL,BQ-->IL,BQ-->IL,BQ-->IL,BQ-->IL,BQ-->IL,BQ-->IL,BQ-->IL,BQ-->IL,BQ-->IL,BQ-->IL,BQ-->IL,BQ-->IL,BQ-->IL,BQ-->IL,BQ-->IL,BQ-->IL,,,,,,,,,,,,,,,,,IL-->BQ,IL-->BQ,IL-->BQ,IL-->BQ,IL-->BQ,IL-->BQ,IL-->BQ,IL-->BQ,IL-->BQ,IL-->BQ,IL-->BQ,IL-->BQ,IL-->BQ,IL-->BQ,IL-->BQ,IL-->BQ,IL-->BQ,IL-->BQ,IL-->BQ
BA,BIH,Bosnia and Herzegovina,Sarajevo,Europe,Southern Europe,,BA-->IL,BA-->IL,BA-->IL,BA-->IL,BA-->IL,BA-->IL,BA-->IL,BA-->IL,BA-->IL,BA-->IL,BA-->IL,BA-->IL,BA-->IL,BA-->IL,BA-->IL,BA-->IL,BA-->IL,BA-->IL,BA-->IL,,,,,,,,,,,,,,,,,IL-->BA,IL-->BA,IL-->BA,IL-->BA,IL-->BA,IL-->BA,IL-->BA,IL-->BA,IL-->BA,IL-->BA,IL-->BA,IL-->BA,IL-->BA,IL-->BA,IL-->BA,IL-->BA,IL-->BA,IL-->BA,IL-->BA
BW,BWA,Botswana,Gaborone,Africa,Southern Africa,,BW-->IL,BW-->IL,BW-->IL,BW-->IL,BW-->IL,BW-->IL,BW-->IL,BW-->IL,BW-->IL,BW-->IL,BW-->IL,BW-->IL,BW-->IL,BW-->IL,BW-->IL,BW-->IL,BW-->IL,BW-->IL,BW-->IL,,,,,,,,,,,,,,,,,IL-->BW,IL-->BW,IL-->BW,IL-->BW,IL-->BW,IL-->BW,IL-->BW,IL-->BW,IL-->BW,IL-->BW,IL-->BW,IL-->BW,IL-->BW,IL-->BW,IL-->BW,IL-->BW,IL-->BW,IL-->BW,IL-->BW
BV,BVT,Bouvet Island,,,,,BV-->IL,BV-->IL,BV-->IL,BV-->IL,BV-->IL,BV-->IL,BV-->IL,BV-->IL,BV-->IL,BV-->IL,BV-->IL,BV-->IL,BV-->IL,BV-->IL,BV-->IL,BV-->IL,BV-->IL,BV-->IL,BV-->IL,,,,,,,,,,,,,,,,,IL-->BV,IL-->BV,IL-->BV,IL-->BV,IL-->BV,IL-->BV,IL-->BV,IL-->BV,IL-->BV,IL-->BV,IL-->BV,IL-->BV,IL-->BV,IL-->BV,IL-->BV,IL-->BV,IL-->BV,IL-->BV,IL-->BV
BR,BRA,Brazil,Brasília,Americas,South America,,BR-->IL,BR-->IL,BR-->IL,BR-->IL,BR-->IL,BR-->IL,BR-->IL,BR-->IL,BR-->IL,BR-->IL,BR-->IL,BR-->IL,BR-->IL,BR-->IL,BR-->IL,BR-->IL,BR-->IL,BR-->IL,BR-->IL,,,,,,,,,,,,,,,,,IL-->BR,IL-->BR,IL-->BR,IL-->BR,IL-->BR,IL-->BR,IL-->BR,IL-->BR,IL-->BR,IL-->BR,IL-->BR,IL-->BR,IL-->BR,IL-->BR,IL-->BR,IL-->BR,IL-->BR,IL-->BR,IL-->BR
IO,IOT,British Indian Ocean Territory,Diego Garcia,Africa,Eastern Africa,,IO-->IL,IO-->IL,IO-->IL,IO-->IL,IO-->IL,IO-->IL,IO-->IL,IO-->IL,IO-->IL,IO-->IL,IO-->IL,IO-->IL,IO-->IL,IO-->IL,IO-->IL,IO-->IL,IO-->IL,IO-->IL,IO-->IL,,,,,,,,,,,,,,,,,IL-->IO,IL-->IO,IL-->IO,IL-->IO,IL-->IO,IL-->IO,IL-->IO,IL-->IO,IL-->IO,IL-->IO,IL-->IO,IL-->IO,IL-->IO,IL-->IO,IL-->IO,IL-->IO,IL-->IO,IL-->IO,IL-->IO
UM,UMI,United States Minor Outlying Islands,,Americas,Northern America,,UM-->IL,UM-->IL,UM-->IL,UM-->IL,UM-->IL,UM-->IL,UM-->IL,UM-->IL,UM-->IL,UM-->IL,UM-->IL,UM-->IL,UM-->IL,UM-->IL,UM-->IL,UM-->IL,UM-->IL,UM-->IL,UM-->IL,,,,,,,,,,,,,,,,,IL-->UM,IL-->UM,IL-->UM,IL-->UM,IL-->UM,IL-->UM,IL-->UM,IL-->UM,IL-->UM,IL-->UM,IL-->UM,IL-->UM,IL-->UM,IL-->UM,IL-->UM,IL-->UM,IL-->UM,IL-->UM,IL-->UM
VG,VGB,Virgin Islands (British),Road Town,Americas,Caribbean,,VG-->IL,VG-->IL,VG-->IL,VG-->IL,VG-->IL,VG-->IL,VG-->IL,VG-->IL,VG-->IL,VG-->IL,VG-->IL,VG-->IL,VG-->IL,VG-->IL,VG-->IL,VG-->IL,VG-->IL,VG-->IL,VG-->IL,,,,,,,,,,,,,,,,,IL-->VG,IL-->VG,IL-->VG,IL-->VG,IL-->VG,IL-->VG,IL-->VG,IL-->VG,IL-->VG,IL-->VG,IL-->VG,IL-->VG,IL-->VG,IL-->VG,IL-->VG,IL-->VG,IL-->VG,IL-->VG,IL-->VG
VI,VIR,Virgin Islands (U.S.),Charlotte Amalie,Americas,Caribbean,,VI-->IL,VI-->IL,VI-->IL,VI-->IL,VI-->IL,VI-->IL,VI-->IL,VI-->IL,VI-->IL,VI-->IL,VI-->IL,VI-->IL,VI-->IL,VI-->IL,VI-->IL,VI-->IL,VI-->IL,VI-->IL,VI-->IL,,,,,,,,,,,,,,,,,IL-->VI,IL-->VI,IL-->VI,IL-->VI,IL-->VI,IL-->VI,IL-->VI,IL-->VI,IL-->VI,IL-->VI,IL-->VI,IL-->VI,IL-->VI,IL-->VI,IL-->VI,IL-->VI,IL-->VI,IL-->VI,IL-->VI
BN,BRN,Brunei,Bandar Seri Begawan,Asia,South-Eastern Asia,,BN-->IL,BN-->IL,BN-->IL,BN-->IL,BN-->IL,BN-->IL,BN-->IL,BN-->IL,BN-->IL,BN-->IL,BN-->IL,BN-->IL,BN-->IL,BN-->IL,BN-->IL,BN-->IL,BN-->IL,BN-->IL,BN-->IL,,,,,,,,,,,,,,,,,IL-->BN,IL-->BN,IL-->BN,IL-->BN,IL-->BN,IL-->BN,IL-->BN,IL-->BN,IL-->BN,IL-->BN,IL-->BN,IL-->BN,IL-->BN,IL-->BN,IL-->BN,IL-->BN,IL-->BN,IL-->BN,IL-->BN
BG,BGR,Bulgaria,Sofia,Europe,Eastern Europe,,BG-->IL,BG-->IL,BG-->IL,BG-->IL,BG-->IL,BG-->IL,BG-->IL,BG-->IL,BG-->IL,BG-->IL,BG-->IL,BG-->IL,BG-->IL,BG-->IL,BG-->IL,BG-->IL,BG-->IL,BG-->IL,BG-->IL,,,,,,,,,,,,,,,,,IL-->BG,IL-->BG,IL-->BG,IL-->BG,IL-->BG,IL-->BG,IL-->BG,IL-->BG,IL-->BG,IL-->BG,IL-->BG,IL-->BG,IL-->BG,IL-->BG,IL-->BG,IL-->BG,IL-->BG,IL-->BG,IL-->BG
BF,BFA,Burkina Faso,Ouagadougou,Africa,Western Africa,,BF-->IL,BF-->IL,BF-->IL,BF-->IL,BF-->IL,BF-->IL,BF-->IL,BF-->IL,BF-->IL,BF-->IL,BF-->IL,BF-->IL,BF-->IL,BF-->IL,BF-->IL,BF-->IL,BF-->IL,BF-->IL,BF-->IL,,,,,,,,,,,,,,,,,IL-->BF,IL-->BF,IL-->BF,IL-->BF,IL-->BF,IL-->BF,IL-->BF,IL-->BF,IL-->BF,IL-->BF,IL-->BF,IL-->BF,IL-->BF,IL-->BF,IL-->BF,IL-->BF,IL-->BF,IL-->BF,IL-->BF
BI,BDI,Burundi,Bujumbura,Africa,Eastern Africa,,BI-->IL,BI-->IL,BI-->IL,BI-->IL,BI-->IL,BI-->IL,BI-->IL,BI-->IL,BI-->IL,BI-->IL,BI-->IL,BI-->IL,BI-->IL,BI-->IL,BI-->IL,BI-->IL,BI-->IL,BI-->IL,BI-->IL,,,,,,,,,,,,,,,,,IL-->BI,IL-->BI,IL-->BI,IL-->BI,IL-->BI,IL-->BI,IL-->BI,IL-->BI,IL-->BI,IL-->BI,IL-->BI,IL-->BI,IL-->BI,IL-->BI,IL-->BI,IL-->BI,IL-->BI,IL-->BI,IL-->BI
KH,KHM,Cambodia,Phnom Penh,Asia,South-Eastern Asia,,KH-->IL,KH-->IL,KH-->IL,KH-->IL,KH-->IL,KH-->IL,KH-->IL,KH-->IL,KH-->IL,KH-->IL,KH-->IL,KH-->IL,KH-->IL,KH-->IL,KH-->IL,KH-->IL,KH-->IL,KH-->IL,KH-->IL,,,,,,,,,,,,,,,,,IL-->KH,IL-->KH,IL-->KH,IL-->KH,IL-->KH,IL-->KH,IL-->KH,IL-->KH,IL-->KH,IL-->KH,IL-->KH,IL-->KH,IL-->KH,IL-->KH,IL-->KH,IL-->KH,IL-->KH,IL-->KH,IL-->KH
CM,CMR,Cameroon,Yaoundé,Africa,Middle Africa,,CM-->IL,CM-->IL,CM-->IL,CM-->IL,CM-->IL,CM-->IL,CM-->IL,CM-->IL,CM-->IL,CM-->IL,CM-->IL,CM-->IL,CM-->IL,CM-->IL,CM-->IL,CM-->IL,CM-->IL,CM-->IL,CM-->IL,,,,,,,,,,,,,,,,,IL-->CM,IL-->CM,IL-->CM,IL-->CM,IL-->CM,IL-->CM,IL-->CM,IL-->CM,IL-->CM,IL-->CM,IL-->CM,IL-->CM,IL-->CM,IL-->CM,IL-->CM,IL-->CM,IL-->CM,IL-->CM,IL-->CM
CA,CAN,Canada,Ottawa,Americas,Northern America,,CA-->IL,CA-->IL,CA-->IL,CA-->IL,CA-->IL,CA-->IL,CA-->IL,CA-->IL,CA-->IL,CA-->IL,CA-->IL,CA-->IL,CA-->IL,CA-->IL,CA-->IL,CA-->IL,CA-->IL,CA-->IL,CA-->IL,,,,,,,,,,,,,,,,,IL-->CA,IL-->CA,IL-->CA,IL-->CA,IL-->CA,IL-->CA,IL-->CA,IL-->CA,IL-->CA,IL-->CA,IL-->CA,IL-->CA,IL-->CA,IL-->CA,IL-->CA,IL-->CA,IL-->CA,IL-->CA,IL-->CA
CV,CPV,Cape Verde,Praia,Africa,Western Africa,,CV-->IL,CV-->IL,CV-->IL,CV-->IL,CV-->IL,CV-->IL,CV-->IL,CV-->IL,CV-->IL,CV-->IL,CV-->IL,CV-->IL,CV-->IL,CV-->IL,CV-->IL,CV-->IL,CV-->IL,CV-->IL,CV-->IL,,,,,,,,,,,,,,,,,IL-->CV,IL-->CV,IL-->CV,IL-->CV,IL-->CV,IL-->CV,IL-->CV,IL-->CV,IL-->CV,IL-->CV,IL-->CV,IL-->CV,IL-->CV,IL-->CV,IL-->CV,IL-->CV,IL-->CV,IL-->CV,IL-->CV
KY,CYM,Cayman Islands,George Town,Americas,Caribbean,,KY-->IL,KY-->IL,KY-->IL,KY-->IL,KY-->IL,KY-->IL,KY-->IL,KY-->IL,KY-->IL,KY-->IL,KY-->IL,KY-->IL,KY-->IL,KY-->IL,KY-->IL,KY-->IL,KY-->IL,KY-->IL,KY-->IL,,,,,,,,,,,,,,,,,IL-->KY,IL-->KY,IL-->KY,IL-->KY,IL-->KY,IL-->KY,IL-->KY,IL-->KY,IL-->KY,IL-->KY,IL-->KY,IL-->KY,IL-->KY,IL-->KY,IL-->KY,IL-->KY,IL-->KY,IL-->KY,IL-->KY
CF,CAF,Central African Republic,Bangui,Africa,Middle Africa,,CF-->IL,CF-->IL,CF-->IL,CF-->IL,CF-->IL,CF-->IL,CF-->IL,CF-->IL,CF-->IL,CF-->IL,CF-->IL,CF-->IL,CF-->IL,CF-->IL,CF-->IL,CF-->IL,CF-->IL,CF-->IL,CF-->IL,,,,,,,,,,,,,,,,,IL-->CF,IL-->CF,IL-->CF,IL-->CF,IL-->CF,IL-->CF,IL-->CF,IL-->CF,IL-->CF,IL-->CF,IL-->CF,IL-->CF,IL-->CF,IL-->CF,IL-->CF,IL-->CF,IL-->CF,IL-->CF,IL-->CF
TD,TCD,Chad,N'Djamena,Africa,Middle Africa,,TD-->IL,TD-->IL,TD-->IL,TD-->IL,TD-->IL,TD-->IL,TD-->IL,TD-->IL,TD-->IL,TD-->IL,TD-->IL,TD-->IL,TD-->IL,TD-->IL,TD-->IL,TD-->IL,TD-->IL,TD-->IL,TD-->IL,,,,,,,,,,,,,,,,,IL-->TD,IL-->TD,IL-->TD,IL-->TD,IL-->TD,IL-->TD,IL-->TD,IL-->TD,IL-->TD,IL-->TD,IL-->TD,IL-->TD,IL-->TD,IL-->TD,IL-->TD,IL-->TD,IL-->TD,IL-->TD,IL-->TD
CL,CHL,Chile,Santiago,Americas,South America,,CL-->IL,CL-->IL,CL-->IL,CL-->IL,CL-->IL,CL-->IL,CL-->IL,CL-->IL,CL-->IL,CL-->IL,CL-->IL,CL-->IL,CL-->IL,CL-->IL,CL-->IL,CL-->IL,CL-->IL,CL-->IL,CL-->IL,,,,,,,,,,,,,,,,,IL-->CL,IL-->CL,IL-->CL,IL-->CL,IL-->CL,IL-->CL,IL-->CL,IL-->CL,IL-->CL,IL-->CL,IL-->CL,IL-->CL,IL-->CL,IL-->CL,IL-->CL,IL-->CL,IL-->CL,IL-->CL,IL-->CL
CN,CHN,China,Beijing,Asia,Eastern Asia,,CN-->IL,CN-->IL,CN-->IL,CN-->IL,CN-->IL,CN-->IL,CN-->IL,CN-->IL,CN-->IL,CN-->IL,CN-->IL,CN-->IL,CN-->IL,CN-->IL,CN-->IL,CN-->IL,CN-->IL,CN-->IL,CN-->IL,,,,,,,,,,,,,,,,,IL-->CN,IL-->CN,IL-->CN,IL-->CN,IL-->CN,IL-->CN,IL-->CN,IL-->CN,IL-->CN,IL-->CN,IL-->CN,IL-->CN,IL-->CN,IL-->CN,IL-->CN,IL-->CN,IL-->CN,IL-->CN,IL-->CN
CX,CXR,Christmas Island,Flying Fish Cove,Oceania,Australia and New Zealand,,CX-->IL,CX-->IL,CX-->IL,CX-->IL,CX-->IL,CX-->IL,CX-->IL,CX-->IL,CX-->IL,CX-->IL,CX-->IL,CX-->IL,CX-->IL,CX-->IL,CX-->IL,CX-->IL,CX-->IL,CX-->IL,CX-->IL,,,,,,,,,,,,,,,,,IL-->CX,IL-->CX,IL-->CX,IL-->CX,IL-->CX,IL-->CX,IL-->CX,IL-->CX,IL-->CX,IL-->CX,IL-->CX,IL-->CX,IL-->CX,IL-->CX,IL-->CX,IL-->CX,IL-->CX,IL-->CX,IL-->CX
CC,CCK,Cocos (Keeling) Islands,West Island,Oceania,Australia and New Zealand,,CC-->IL,CC-->IL,CC-->IL,CC-->IL,CC-->IL,CC-->IL,CC-->IL,CC-->IL,CC-->IL,CC-->IL,CC-->IL,CC-->IL,CC-->IL,CC-->IL,CC-->IL,CC-->IL,CC-->IL,CC-->IL,CC-->IL,,,,,,,,,,,,,,,,,IL-->CC,IL-->CC,IL-->CC,IL-->CC,IL-->CC,IL-->CC,IL-->CC,IL-->CC,IL-->CC,IL-->CC,IL-->CC,IL-->CC,IL-->CC,IL-->CC,IL-->CC,IL-->CC,IL-->CC,IL-->CC,IL-->CC
CO,COL,Colombia,Bogotá,Americas,South America,,CO-->IL,CO-->IL,CO-->IL,CO-->IL,CO-->IL,CO-->IL,CO-->IL,CO-->IL,CO-->IL,CO-->IL,CO-->IL,CO-->IL,CO-->IL,CO-->IL,CO-->IL,CO-->IL,CO-->IL,CO-->IL,CO-->IL,,,,,,,,,,,,,,,,,IL-->CO,IL-->CO,IL-->CO,IL-->CO,IL-->CO,IL-->CO,IL-->CO,IL-->CO,IL-->CO,IL-->CO,IL-->CO,IL-->CO,IL-->CO,IL-->CO,IL-->CO,IL-->CO,IL-->CO,IL-->CO,IL-->CO
KM,COM,Comoros,Moroni,Africa,Eastern Africa,,KM-->IL,KM-->IL,KM-->IL,KM-->IL,KM-->IL,KM-->IL,KM-->IL,KM-->IL,KM-->IL,KM-->IL,KM-->IL,KM-->IL,KM-->IL,KM-->IL,KM-->IL,KM-->IL,KM-->IL,KM-->IL,KM-->IL,,,,,,,,,,,,,,,,,IL-->KM,IL-->KM,IL-->KM,IL-->KM,IL-->KM,IL-->KM,IL-->KM,IL-->KM,IL-->KM,IL-->KM,IL-->KM,IL-->KM,IL-->KM,IL-->KM,IL-->KM,IL-->KM,IL-->KM,IL-->KM,IL-->KM
CG,COG,Republic of the Congo,Brazzaville,Africa,Middle Africa,,CG-->IL,CG-->IL,CG-->IL,CG-->IL,CG-->IL,CG-->IL,CG-->IL,CG-->IL,CG-->IL,CG-->IL,CG-->IL,CG-->IL,CG-->IL,CG-->IL,CG-->IL,CG-->IL,CG-->IL,CG-->IL,CG-->IL,,,,,,,,,,,,,,,,,IL-->CG,IL-->CG,IL-->CG,IL-->CG,IL-->CG,IL-->CG,IL-->CG,IL-->CG,IL-->CG,IL-->CG,IL-->CG,IL-->CG,IL-->CG,IL-->CG,IL-->CG,IL-->CG,IL-->CG,IL-->CG,IL-->CG
CD,COD,Democratic Republic of the Congo,Kinshasa,Africa,Middle Africa,,CD-->IL,CD-->IL,CD-->IL,CD-->IL,CD-->IL,CD-->IL,CD-->IL,CD-->IL,CD-->IL,CD-->IL,CD-->IL,CD-->IL,CD-->IL,CD-->IL,CD-->IL,CD-->IL,CD-->IL,CD-->IL,CD-->IL,,,,,,,,,,,,,,,,,IL-->CD,IL-->CD,IL-->CD,IL-->CD,IL-->CD,IL-->CD,IL-->CD,IL-->CD,IL-->CD,IL-->CD,IL-->CD,IL-->CD,IL-->CD,IL-->CD,IL-->CD,IL-->CD,IL-->CD,IL-->CD,IL-->CD
CK,COK,Cook Islands,Avarua,Oceania,Polynesia,,CK-->IL,CK-->IL,CK-->IL,CK-->IL,CK-->IL,CK-->IL,CK-->IL,CK-->IL,CK-->IL,CK-->IL,CK-->IL,CK-->IL,CK-->IL,CK-->IL,CK-->IL,CK-->IL,CK-->IL,CK-->IL,CK-->IL,,,,,,,,,,,,,,,,,IL-->CK,IL-->CK,IL-->CK,IL-->CK,IL-->CK,IL-->CK,IL-->CK,IL-->CK,IL-->CK,IL-->CK,IL-->CK,IL-->CK,IL-->CK,IL-->CK,IL-->CK,IL-->CK,IL-->CK,IL-->CK,IL-->CK
CR,CRI,Costa Rica,San José,Americas,Central America,,CR-->IL,CR-->IL,CR-->IL,CR-->IL,CR-->IL,CR-->IL,CR-->IL,CR-->IL,CR-->IL,CR-->IL,CR-->IL,CR-->IL,CR-->IL,CR-->IL,CR-->IL,CR-->IL,CR-->IL,CR-->IL,CR-->IL,,,,,,,,,,,,,,,,,IL-->CR,IL-->CR,IL-->CR,IL-->CR,IL-->CR,IL-->CR,IL-->CR,IL-->CR,IL-->CR,IL-->CR,IL-->CR,IL-->CR,IL-->CR,IL-->CR,IL-->CR,IL-->CR,IL-->CR,IL-->CR,IL-->CR
HR,HRV,Croatia,Zagreb,Europe,Southern Europe,,HR-->IL,HR-->IL,HR-->IL,HR-->IL,HR-->IL,HR-->IL,HR-->IL,HR-->IL,HR-->IL,HR-->IL,HR-->IL,HR-->IL,HR-->IL,HR-->IL,HR-->IL,HR-->IL,HR-->IL,HR-->IL,HR-->IL,,,,,,,,,,,,,,,,,IL-->HR,IL-->HR,IL-->HR,IL-->HR,IL-->HR,IL-->HR,IL-->HR,IL-->HR,IL-->HR,IL-->HR,IL-->HR,IL-->HR,IL-->HR,IL-->HR,IL-->HR,IL-->HR,IL-->HR,IL-->HR,IL-->HR
CU,CUB,Cuba,Havana,Americas,Caribbean,,CU-->IL,CU-->IL,CU-->IL,CU-->IL,CU-->IL,CU-->IL,CU-->IL,CU-->IL,CU-->IL,CU-->IL,CU-->IL,CU-->IL,CU-->IL,CU-->IL,CU-->IL,CU-->IL,CU-->IL,CU-->IL,CU-->IL,,,,,,,,,,,,,,,,,IL-->CU,IL-->CU,IL-->CU,IL-->CU,IL-->CU,IL-->CU,IL-->CU,IL-->CU,IL-->CU,IL-->CU,IL-->CU,IL-->CU,IL-->CU,IL-->CU,IL-->CU,IL-->CU,IL-->CU,IL-->CU,IL-->CU
CW,CUW,Curaçao,Willemstad,Americas,Caribbean,,CW-->IL,CW-->IL,CW-->IL,CW-->IL,CW-->IL,CW-->IL,CW-->IL,CW-->IL,CW-->IL,CW-->IL,CW-->IL,CW-->IL,CW-->IL,CW-->IL,CW-->IL,CW-->IL,CW-->IL,CW-->IL,CW-->IL,,,,,,,,,,,,,,,,,IL-->CW,IL-->CW,IL-->CW,IL-->CW,IL-->CW,IL-->CW,IL-->CW,IL-->CW,IL-->CW,IL-->CW,IL-->CW,IL-->CW,IL-->CW,IL-->CW,IL-->CW,IL-->CW,IL-->CW,IL-->CW,IL-->CW
CY,CYP,Cyprus,Nicosia,Europe,Southern Europe,,CY-->IL,CY-->IL,CY-->IL,CY-->IL,CY-->IL,CY-->IL,CY-->IL,CY-->IL,CY-->IL,CY-->IL,CY-->IL,CY-->IL,CY-->IL,CY-->IL,CY-->IL,CY-->IL,CY-->IL,CY-->IL,CY-->IL,,,,,,,,,,,,,,,,,IL-->CY,IL-->CY,IL-->CY,IL-->CY,IL-->CY,IL-->CY,IL-->CY,IL-->CY,IL-->CY,IL-->CY,IL-->CY,IL-->CY,IL-->CY,IL-->CY,IL-->CY,IL-->CY,IL-->CY,IL-->CY,IL-->CY
CZ,CZE,Czech Republic,Prague,Europe,Eastern Europe,,CZ-->IL,CZ-->IL,CZ-->IL,CZ-->IL,CZ-->IL,CZ-->IL,CZ-->IL,CZ-->IL,CZ-->IL,CZ-->IL,CZ-->IL,CZ-->IL,CZ-->IL,CZ-->IL,CZ-->IL,CZ-->IL,CZ-->IL,CZ-->IL,CZ-->IL,,,,,,,,,,,,,,,,,IL-->CZ,IL-->CZ,IL-->CZ,IL-->CZ,IL-->CZ,IL-->CZ,IL-->CZ,IL-->CZ,IL-->CZ,IL-->CZ,IL-->CZ,IL-->CZ,IL-->CZ,IL-->CZ,IL-->CZ,IL-->CZ,IL-->CZ,IL-->CZ,IL-->CZ
DK,DNK,Denmark,Copenhagen,Europe,Northern Europe,,DK-->IL,DK-->IL,DK-->IL,DK-->IL,DK-->IL,DK-->IL,DK-->IL,DK-->IL,DK-->IL,DK-->IL,DK-->IL,DK-->IL,DK-->IL,DK-->IL,DK-->IL,DK-->IL,DK-->IL,DK-->IL,DK-->IL,,,,,,,,,,,,,,,,,IL-->DK,IL-->DK,IL-->DK,IL-->DK,IL-->DK,IL-->DK,IL-->DK,IL-->DK,IL-->DK,IL-->DK,IL-->DK,IL-->DK,IL-->DK,IL-->DK,IL-->DK,IL-->DK,IL-->DK,IL-->DK,IL-->DK
DJ,DJI,Djibouti,Djibouti,Africa,Eastern Africa,,DJ-->IL,DJ-->IL,DJ-->IL,DJ-->IL,DJ-->IL,DJ-->IL,DJ-->IL,DJ-->IL,DJ-->IL,DJ-->IL,DJ-->IL,DJ-->IL,DJ-->IL,DJ-->IL,DJ-->IL,DJ-->IL,DJ-->IL,DJ-->IL,DJ-->IL,,,,,,,,,,,,,,,,,IL-->DJ,IL-->DJ,IL-->DJ,IL-->DJ,IL-->DJ,IL-->DJ,IL-->DJ,IL-->DJ,IL-->DJ,IL-->DJ,IL-->DJ,IL-->DJ,IL-->DJ,IL-->DJ,IL-->DJ,IL-->DJ,IL-->DJ,IL-->DJ,IL-->DJ
DM,DMA,Dominica,Roseau,Americas,Caribbean,,DM-->IL,DM-->IL,DM-->IL,DM-->IL,DM-->IL,DM-->IL,DM-->IL,DM-->IL,DM-->IL,DM-->IL,DM-->IL,DM-->IL,DM-->IL,DM-->IL,DM-->IL,DM-->IL,DM-->IL,DM-->IL,DM-->IL,,,,,,,,,,,,,,,,,IL-->DM,IL-->DM,IL-->DM,IL-->DM,IL-->DM,IL-->DM,IL-->DM,IL-->DM,IL-->DM,IL-->DM,IL-->DM,IL-->DM,IL-->DM,IL-->DM,IL-->DM,IL-->DM,IL-->DM,IL-->DM,IL-->DM
DO,DOM,Dominican Republic,Santo Domingo,Americas,Caribbean,,DO-->IL,DO-->IL,DO-->IL,DO-->IL,DO-->IL,DO-->IL,DO-->IL,DO-->IL,DO-->IL,DO-->IL,DO-->IL,DO-->IL,DO-->IL,DO-->IL,DO-->IL,DO-->IL,DO-->IL,DO-->IL,DO-->IL,,,,,,,,,,,,,,,,,IL-->DO,IL-->DO,IL-->DO,IL-->DO,IL-->DO,IL-->DO,IL-->DO,IL-->DO,IL-->DO,IL-->DO,IL-->DO,IL-->DO,IL-->DO,IL-->DO,IL-->DO,IL-->DO,IL-->DO,IL-->DO,IL-->DO
EC,ECU,Ecuador,Quito,Americas,South America,,EC-->IL,EC-->IL,EC-->IL,EC-->IL,EC-->IL,EC-->IL,EC-->IL,EC-->IL,EC-->IL,EC-->IL,EC-->IL,EC-->IL,EC-->IL,EC-->IL,EC-->IL,EC-->IL,EC-->IL,EC-->IL,EC-->IL,,,,,,,,,,,,,,,,,IL-->EC,IL-->EC,IL-->EC,IL-->EC,IL-->EC,IL-->EC,IL-->EC,IL-->EC,IL-->EC,IL-->EC,IL-->EC,IL-->EC,IL-->EC,IL-->EC,IL-->EC,IL-->EC,IL-->EC,IL-->EC,IL-->EC
EG,EGY,Egypt,Cairo,Africa,Northern Africa,,EG-->IL,EG-->IL,EG-->IL,EG-->IL,EG-->IL,EG-->IL,EG-->IL,EG-->IL,EG-->IL,EG-->IL,EG-->IL,EG-->IL,EG-->IL,EG-->IL,EG-->IL,EG-->IL,EG-->IL,EG-->IL,EG-->IL,,,,,,,,,,,,,,,,,IL-->EG,IL-->EG,IL-->EG,IL-->EG,IL-->EG,IL-->EG,IL-->EG,IL-->EG,IL-->EG,IL-->EG,IL-->EG,IL-->EG,IL-->EG,IL-->EG,IL-->EG,IL-->EG,IL-->EG,IL-->EG,IL-->EG
SV,SLV,El Salvador,San Salvador,Americas,Central America,,SV-->IL,SV-->IL,SV-->IL,SV-->IL,SV-->IL,SV-->IL,SV-->IL,SV-->IL,SV-->IL,SV-->IL,SV-->IL,SV-->IL,SV-->IL,SV-->IL,SV-->IL,SV-->IL,SV-->IL,SV-->IL,SV-->IL,,,,,,,,,,,,,,,,,IL-->SV,IL-->SV,IL-->SV,IL-->SV,IL-->SV,IL-->SV,IL-->SV,IL-->SV,IL-->SV,IL-->SV,IL-->SV,IL-->SV,IL-->SV,IL-->SV,IL-->SV,IL-->SV,IL-->SV,IL-->SV,IL-->SV
GQ,GNQ,Equatorial Guinea,Malabo,Africa,Middle Africa,,GQ-->IL,GQ-->IL,GQ-->IL,GQ-->IL,GQ-->IL,GQ-->IL,GQ-->IL,GQ-->IL,GQ-->IL,GQ-->IL,GQ-->IL,GQ-->IL,GQ-->IL,GQ-->IL,GQ-->IL,GQ-->IL,GQ-->IL,GQ-->IL,GQ-->IL,,,,,,,,,,,,,,,,,IL-->GQ,IL-->GQ,IL-->GQ,IL-->GQ,IL-->GQ,IL-->GQ,IL-->GQ,IL-->GQ,IL-->GQ,IL-->GQ,IL-->GQ,IL-->GQ,IL-->GQ,IL-->GQ,IL-->GQ,IL-->GQ,IL-->GQ,IL-->GQ,IL-->GQ
ER,ERI,Eritrea,Asmara,Africa,Eastern Africa,,ER-->IL,ER-->IL,ER-->IL,ER-->IL,ER-->IL,ER-->IL,ER-->IL,ER-->IL,ER-->IL,ER-->IL,ER-->IL,ER-->IL,ER-->IL,ER-->IL,ER-->IL,ER-->IL,ER-->IL,ER-->IL,ER-->IL,,,,,,,,,,,,,,,,,IL-->ER,IL-->ER,IL-->ER,IL-->ER,IL-->ER,IL-->ER,IL-->ER,IL-->ER,IL-->ER,IL-->ER,IL-->ER,IL-->ER,IL-->ER,IL-->ER,IL-->ER,IL-->ER,IL-->ER,IL-->ER,IL-->ER
EE,EST,Estonia,Tallinn,Europe,Northern Europe,,EE-->IL,EE-->IL,EE-->IL,EE-->IL,EE-->IL,EE-->IL,EE-->IL,EE-->IL,EE-->IL,EE-->IL,EE-->IL,EE-->IL,EE-->IL,EE-->IL,EE-->IL,EE-->IL,EE-->IL,EE-->IL,EE-->IL,,,,,,,,,,,,,,,,,IL-->EE,IL-->EE,IL-->EE,IL-->EE,IL-->EE,IL-->EE,IL-->EE,IL-->EE,IL-->EE,IL-->EE,IL-->EE,IL-->EE,IL-->EE,IL-->EE,IL-->EE,IL-->EE,IL-->EE,IL-->EE,IL-->EE
ET,ETH,Ethiopia,Addis Ababa,Africa,Eastern Africa,,ET-->IL,ET-->IL,ET-->IL,ET-->IL,ET-->IL,ET-->IL,ET-->IL,ET-->IL,ET-->IL,ET-->IL,ET-->IL,ET-->IL,ET-->IL,ET-->IL,ET-->IL,ET-->IL,ET-->IL,ET-->IL,ET-->IL,,,,,,,,,,,,,,,,,IL-->ET,IL-->ET,IL-->ET,IL-->ET,IL-->ET,IL-->ET,IL-->ET,IL-->ET,IL-->ET,IL-->ET,IL-->ET,IL-->ET,IL-->ET,IL-->ET,IL-->ET,IL-->ET,IL-->ET,IL-->ET,IL-->ET
FK,FLK,Falkland Islands,Stanley,Americas,South America,,FK-->IL,FK-->IL,FK-->IL,FK-->IL,FK-->IL,FK-->IL,FK-->IL,FK-->IL,FK-->IL,FK-->IL,FK-->IL,FK-->IL,FK-->IL,FK-->IL,FK-->IL,FK-->IL,FK-->IL,FK-->IL,FK-->IL,,,,,,,,,,,,,,,,,IL-->FK,IL-->FK,IL-->FK,IL-->FK,IL-->FK,IL-->FK,IL-->FK,IL-->FK,IL-->FK,IL-->FK,IL-->FK,IL-->FK,IL-->FK,IL-->FK,IL-->FK,IL-->FK,IL-->FK,IL-->FK,IL-->FK
FO,FRO,Faroe Islands,Tórshavn,Europe,Northern Europe,,FO-->IL,FO-->IL,FO-->IL,FO-->IL,FO-->IL,FO-->IL,FO-->IL,FO-->IL,FO-->IL,FO-->IL,FO-->IL,FO-->IL,FO-->IL,FO-->IL,FO-->IL,FO-->IL,FO-->IL,FO-->IL,FO-->IL,,,,,,,,,,,,,,,,,IL-->FO,IL-->FO,IL-->FO,IL-->FO,IL-->FO,IL-->FO,IL-->FO,IL-->FO,IL-->FO,IL-->FO,IL-->FO,IL-->FO,IL-->FO,IL-->FO,IL-->FO,IL-->FO,IL-->FO,IL-->FO,IL-->FO
FJ,FJI,Fiji,Suva,Oceania,Melanesia,,FJ-->IL,FJ-->IL,FJ-->IL,FJ-->IL,FJ-->IL,FJ-->IL,FJ-->IL,FJ-->IL,FJ-->IL,FJ-->IL,FJ-->IL,FJ-->IL,FJ-->IL,FJ-->IL,FJ-->IL,FJ-->IL,FJ-->IL,FJ-->IL,FJ-->IL,,,,,,,,,,,,,,,,,IL-->FJ,IL-->FJ,IL-->FJ,IL-->FJ,IL-->FJ,IL-->FJ,IL-->FJ,IL-->FJ,IL-->FJ,IL-->FJ,IL-->FJ,IL-->FJ,IL-->FJ,IL-->FJ,IL-->FJ,IL-->FJ,IL-->FJ,IL-->FJ,IL-->FJ
FI,FIN,Finland,Helsinki,Europe,Northern Europe,,FI-->IL,FI-->IL,FI-->IL,FI-->IL,FI-->IL,FI-->IL,FI-->IL,FI-->IL,FI-->IL,FI-->IL,FI-->IL,FI-->IL,FI-->IL,FI-->IL,FI-->IL,FI-->IL,FI-->IL,FI-->IL,FI-->IL,,,,,,,,,,,,,,,,,IL-->FI,IL-->FI,IL-->FI,IL-->FI,IL-->FI,IL-->FI,IL-->FI,IL-->FI,IL-->FI,IL-->FI,IL-->FI,IL-->FI,IL-->FI,IL-->FI,IL-->FI,IL-->FI,IL-->FI,IL-->FI,IL-->FI
FR,FRA,France,Paris,Europe,Western Europe,,FR-->IL,FR-->IL,FR-->IL,FR-->IL,FR-->IL,FR-->IL,FR-->IL,FR-->IL,FR-->IL,FR-->IL,FR-->IL,FR-->IL,FR-->IL,FR-->IL,FR-->IL,FR-->IL,FR-->IL,FR-->IL,FR-->IL,,,,,,,,,,,,,,,,,IL-->FR,IL-->FR,IL-->FR,IL-->FR,IL-->FR,IL-->FR,IL-->FR,IL-->FR,IL-->FR,IL-->FR,IL-->FR,IL-->FR,IL-->FR,IL-->FR,IL-->FR,IL-->FR,IL-->FR,IL-->FR,IL-->FR
GF,GUF,French Guiana,Cayenne,Americas,South America,,GF-->IL,GF-->IL,GF-->IL,GF-->IL,GF-->IL,GF-->IL,GF-->IL,GF-->IL,GF-->IL,GF-->IL,GF-->IL,GF-->IL,GF-->IL,GF-->IL,GF-->IL,GF-->IL,GF-->IL,GF-->IL,GF-->IL,,,,,,,,,,,,,,,,,IL-->GF,IL-->GF,IL-->GF,IL-->GF,IL-->GF,IL-->GF,IL-->GF,IL-->GF,IL-->GF,IL-->GF,IL-->GF,IL-->GF,IL-->GF,IL-->GF,IL-->GF,IL-->GF,IL-->GF,IL-->GF,IL-->GF
PF,PYF,French Polynesia,Papeetē,Oceania,Polynesia,,PF-->IL,PF-->IL,PF-->IL,PF-->IL,PF-->IL,PF-->IL,PF-->IL,PF-->IL,PF-->IL,PF-->IL,PF-->IL,PF-->IL,PF-->IL,PF-->IL,PF-->IL,PF-->IL,PF-->IL,PF-->IL,PF-->IL,,,,,,,,,,,,,,,,,IL-->PF,IL-->PF,IL-->PF,IL-->PF,IL-->PF,IL-->PF,IL-->PF,IL-->PF,IL-->PF,IL-->PF,IL-->PF,IL-->PF,IL-->PF,IL-->PF,IL-->PF,IL-->PF,IL-->PF,IL-->PF,IL-->PF
TF,ATF,French Southern and Antarctic Lands,Port-aux-Français,Africa,Southern Africa,,TF-->IL,TF-->IL,TF-->IL,TF-->IL,TF-->IL,TF-->IL,TF-->IL,TF-->IL,TF-->IL,TF-->IL,TF-->IL,TF-->IL,TF-->IL,TF-->IL,TF-->IL,TF-->IL,TF-->IL,TF-->IL,TF-->IL,,,,,,,,,,,,,,,,,IL-->TF,IL-->TF,IL-->TF,IL-->TF,IL-->TF,IL-->TF,IL-->TF,IL-->TF,IL-->TF,IL-->TF,IL-->TF,IL-->TF,IL-->TF,IL-->TF,IL-->TF,IL-->TF,IL-->TF,IL-->TF,IL-->TF
GA,GAB,Gabon,Libreville,Africa,Middle Africa,,GA-->IL,GA-->IL,GA-->IL,GA-->IL,GA-->IL,GA-->IL,GA-->IL,GA-->IL,GA-->IL,GA-->IL,GA-->IL,GA-->IL,GA-->IL,GA-->IL,GA-->IL,GA-->IL,GA-->IL,GA-->IL,GA-->IL,,,,,,,,,,,,,,,,,IL-->GA,IL-->GA,IL-->GA,IL-->GA,IL-->GA,IL-->GA,IL-->GA,IL-->GA,IL-->GA,IL-->GA,IL-->GA,IL-->GA,IL-->GA,IL-->GA,IL-->GA,IL-->GA,IL-->GA,IL-->GA,IL-->GA
GM,GMB,The Gambia,Banjul,Africa,Western Africa,,GM-->IL,GM-->IL,GM-->IL,GM-->IL,GM-->IL,GM-->IL,GM-->IL,GM-->IL,GM-->IL,GM-->IL,GM-->IL,GM-->IL,GM-->IL,GM-->IL,GM-->IL,GM-->IL,GM-->IL,GM-->IL,GM-->IL,,,,,,,,,,,,,,,,,IL-->GM,IL-->GM,IL-->GM,IL-->GM,IL-->GM,IL-->GM,IL-->GM,IL-->GM,IL-->GM,IL-->GM,IL-->GM,IL-->GM,IL-->GM,IL-->GM,IL-->GM,IL-->GM,IL-->GM,IL-->GM,IL-->GM
GE,GEO,Georgia,Tbilisi,Asia,Western Asia,,GE-->IL,GE-->IL,GE-->IL,GE-->IL,GE-->IL,GE-->IL,GE-->IL,GE-->IL,GE-->IL,GE-->IL,GE-->IL,GE-->IL,GE-->IL,GE-->IL,GE-->IL,GE-->IL,GE-->IL,GE-->IL,GE-->IL,,,,,,,,,,,,,,,,,IL-->GE,IL-->GE,IL-->GE,IL-->GE,IL-->GE,IL-->GE,IL-->GE,IL-->GE,IL-->GE,IL-->GE,IL-->GE,IL-->GE,IL-->GE,IL-->GE,IL-->GE,IL-->GE,IL-->GE,IL-->GE,IL-->GE
DE,DEU,Germany,Berlin,Europe,Western Europe,,DE-->IL,DE-->IL,DE-->IL,DE-->IL,DE-->IL,DE-->IL,DE-->IL,DE-->IL,DE-->IL,DE-->IL,DE-->IL,DE-->IL,DE-->IL,DE-->IL,DE-->IL,DE-->IL,DE-->IL,DE-->IL,DE-->IL,,,,,,,,,,,,,,,,,IL-->DE,IL-->DE,IL-->DE,IL-->DE,IL-->DE,IL-->DE,IL-->DE,IL-->DE,IL-->DE,IL-->DE,IL-->DE,IL-->DE,IL-->DE,IL-->DE,IL-->DE,IL-->DE,IL-->DE,IL-->DE,IL-->DE
GH,GHA,Ghana,Accra,Africa,Western Africa,,GH-->IL,GH-->IL,GH-->IL,GH-->IL,GH-->IL,GH-->IL,GH-->IL,GH-->IL,GH-->IL,GH-->IL,GH-->IL,GH-->IL,GH-->IL,GH-->IL,GH-->IL,GH-->IL,GH-->IL,GH-->IL,GH-->IL,,,,,,,,,,,,,,,,,IL-->GH,IL-->GH,IL-->GH,IL-->GH,IL-->GH,IL-->GH,IL-->GH,IL-->GH,IL-->GH,IL-->GH,IL-->GH,IL-->GH,IL-->GH,IL-->GH,IL-->GH,IL-->GH,IL-->GH,IL-->GH,IL-->GH
GI,GIB,Gibraltar,Gibraltar,Europe,Southern Europe,,GI-->IL,GI-->IL,GI-->IL,GI-->IL,GI-->IL,GI-->IL,GI-->IL,GI-->IL,GI-->IL,GI-->IL,GI-->IL,GI-->IL,GI-->IL,GI-->IL,GI-->IL,GI-->IL,GI-->IL,GI-->IL,GI-->IL,,,,,,,,,,,,,,,,,IL-->GI,IL-->GI,IL-->GI,IL-->GI,IL-->GI,IL-->GI,IL-->GI,IL-->GI,IL-->GI,IL-->GI,IL-->GI,IL-->GI,IL-->GI,IL-->GI,IL-->GI,IL-->GI,IL-->GI,IL-->GI,IL-->GI
GR,GRC,Greece,Athens,Europe,Southern Europe,,GR-->IL,GR-->IL,GR-->IL,GR-->IL,GR-->IL,GR-->IL,GR-->IL,GR-->IL,GR-->IL,GR-->IL,GR-->IL,GR-->IL,GR-->IL,GR-->IL,GR-->IL,GR-->IL,GR-->IL,GR-->IL,GR-->IL,,,,,,,,,,,,,,,,,IL-->GR,IL-->GR,IL-->GR,IL-->GR,IL-->GR,IL-->GR,IL-->GR,IL-->GR,IL-->GR,IL-->GR,IL-->GR,IL-->GR,IL-->GR,IL-->GR,IL-->GR,IL-->GR,IL-->GR,IL-->GR,IL-->GR
GL,GRL,Greenland,Nuuk,Americas,Northern America,,GL-->IL,GL-->IL,GL-->IL,GL-->IL,GL-->IL,GL-->IL,GL-->IL,GL-->IL,GL-->IL,GL-->IL,GL-->IL,GL-->IL,GL-->IL,GL-->IL,GL-->IL,GL-->IL,GL-->IL,GL-->IL,GL-->IL,,,,,,,,,,,,,,,,,IL-->GL,IL-->GL,IL-->GL,IL-->GL,IL-->GL,IL-->GL,IL-->GL,IL-->GL,IL-->GL,IL-->GL,IL-->GL,IL-->GL,IL-->GL,IL-->GL,IL-->GL,IL-->GL,IL-->GL,IL-->GL,IL-->GL
GD,GRD,Grenada,St. George's,Americas,Caribbean,,GD-->IL,GD-->IL,GD-->IL,GD-->IL,GD-->IL,GD-->IL,GD-->IL,GD-->IL,GD-->IL,GD-->IL,GD-->IL,GD-->IL,GD-->IL,GD-->IL,GD-->IL,GD-->IL,GD-->IL,GD-->IL,GD-->IL,,,,,,,,,,,,,,,,,IL-->GD,IL-->GD,IL-->GD,IL-->GD,IL-->GD,IL-->GD,IL-->GD,IL-->GD,IL-->GD,IL-->GD,IL-->GD,IL-->GD,IL-->GD,IL-->GD,IL-->GD,IL-->GD,IL-->GD,IL-->GD,IL-->GD
GP,GLP,Guadeloupe,Basse-Terre,Americas,Caribbean,,GP-->IL,GP-->IL,GP-->IL,GP-->IL,GP-->IL,GP-->IL,GP-->IL,GP-->IL,GP-->IL,GP-->IL,GP-->IL,GP-->IL,GP-->IL,GP-->IL,GP-->IL,GP-->IL,GP-->IL,GP-->IL,GP-->IL,,,,,,,,,,,,,,,,,IL-->GP,IL-->GP,IL-->GP,IL-->GP,IL-->GP,IL-->GP,IL-->GP,IL-->GP,IL-->GP,IL-->GP,IL-->GP,IL-->GP,IL-->GP,IL-->GP,IL-->GP,IL-->GP,IL-->GP,IL-->GP,IL-->GP
GU,GUM,Guam,Hagåtña,Oceania,Micronesia,,GU-->IL,GU-->IL,GU-->IL,GU-->IL,GU-->IL,GU-->IL,GU-->IL,GU-->IL,GU-->IL,GU-->IL,GU-->IL,GU-->IL,GU-->IL,GU-->IL,GU-->IL,GU-->IL,GU-->IL,GU-->IL,GU-->IL,,,,,,,,,,,,,,,,,IL-->GU,IL-->GU,IL-->GU,IL-->GU,IL-->GU,IL-->GU,IL-->GU,IL-->GU,IL-->GU,IL-->GU,IL-->GU,IL-->GU,IL-->GU,IL-->GU,IL-->GU,IL-->GU,IL-->GU,IL-->GU,IL-->GU
GT,GTM,Guatemala,Guatemala City,Americas,Central America,,GT-->IL,GT-->IL,GT-->IL,GT-->IL,GT-->IL,GT-->IL,GT-->IL,GT-->IL,GT-->IL,GT-->IL,GT-->IL,GT-->IL,GT-->IL,GT-->IL,GT-->IL,GT-->IL,GT-->IL,GT-->IL,GT-->IL,,,,,,,,,,,,,,,,,IL-->GT,IL-->GT,IL-->GT,IL-->GT,IL-->GT,IL-->GT,IL-->GT,IL-->GT,IL-->GT,IL-->GT,IL-->GT,IL-->GT,IL-->GT,IL-->GT,IL-->GT,IL-->GT,IL-->GT,IL-->GT,IL-->GT
GG,GGY,Guernsey,St. Peter Port,Europe,Northern Europe,,GG-->IL,GG-->IL,GG-->IL,GG-->IL,GG-->IL,GG-->IL,GG-->IL,GG-->IL,GG-->IL,GG-->IL,GG-->IL,GG-->IL,GG-->IL,GG-->IL,GG-->IL,GG-->IL,GG-->IL,GG-->IL,GG-->IL,,,,,,,,,,,,,,,,,IL-->GG,IL-->GG,IL-->GG,IL-->GG,IL-->GG,IL-->GG,IL-->GG,IL-->GG,IL-->GG,IL-->GG,IL-->GG,IL-->GG,IL-->GG,IL-->GG,IL-->GG,IL-->GG,IL-->GG,IL-->GG,IL-->GG
GN,GIN,Guinea,Conakry,Africa,Western Africa,,GN-->IL,GN-->IL,GN-->IL,GN-->IL,GN-->IL,GN-->IL,GN-->IL,GN-->IL,GN-->IL,GN-->IL,GN-->IL,GN-->IL,GN-->IL,GN-->IL,GN-->IL,GN-->IL,GN-->IL,GN-->IL,GN-->IL,,,,,,,,,,,,,,,,,IL-->GN,IL-->GN,IL-->GN,IL-->GN,IL-->GN,IL-->GN,IL-->GN,IL-->GN,IL-->GN,IL-->GN,IL-->GN,IL-->GN,IL-->GN,IL-->GN,IL-->GN,IL-->GN,IL-->GN,IL-->GN,IL-->GN
GW,GNB,Guinea-Bissau,Bissau,Africa,Western Africa,,GW-->IL,GW-->IL,GW-->IL,GW-->IL,GW-->IL,GW-->IL,GW-->IL,GW-->IL,GW-->IL,GW-->IL,GW-->IL,GW-->IL,GW-->IL,GW-->IL,GW-->IL,GW-->IL,GW-->IL,GW-->IL,GW-->IL,,,,,,,,,,,,,,,,,IL-->GW,IL-->GW,IL-->GW,IL-->GW,IL-->GW,IL-->GW,IL-->GW,IL-->GW,IL-->GW,IL-->GW,IL-->GW,IL-->GW,IL-->GW,IL-->GW,IL-->GW,IL-->GW,IL-->GW,IL-->GW,IL-->GW
GY,GUY,Guyana,Georgetown,Americas,South America,,GY-->IL,GY-->IL,GY-->IL,GY-->IL,GY-->IL,GY-->IL,GY-->IL,GY-->IL,GY-->IL,GY-->IL,GY-->IL,GY-->IL,GY-->IL,GY-->IL,GY-->IL,GY-->IL,GY-->IL,GY-->IL,GY-->IL,,,,,,,,,,,,,,,,,IL-->GY,IL-->GY,IL-->GY,IL-->GY,IL-->GY,IL-->GY,IL-->GY,IL-->GY,IL-->GY,IL-->GY,IL-->GY,IL-->GY,IL-->GY,IL-->GY,IL-->GY,IL-->GY,IL-->GY,IL-->GY,IL-->GY
HT,HTI,Haiti,Port-au-Prince,Americas,Caribbean,,HT-->IL,HT-->IL,HT-->IL,HT-->IL,HT-->IL,HT-->IL,HT-->IL,HT-->IL,HT-->IL,HT-->IL,HT-->IL,HT-->IL,HT-->IL,HT-->IL,HT-->IL,HT-->IL,HT-->IL,HT-->IL,HT-->IL,,,,,,,,,,,,,,,,,IL-->HT,IL-->HT,IL-->HT,IL-->HT,IL-->HT,IL-->HT,IL-->HT,IL-->HT,IL-->HT,IL-->HT,IL-->HT,IL-->HT,IL-->HT,IL-->HT,IL-->HT,IL-->HT,IL-->HT,IL-->HT,IL-->HT
HM,HMD,Heard Island and McDonald Islands,,,,,HM-->IL,HM-->IL,HM-->IL,HM-->IL,HM-->IL,HM-->IL,HM-->IL,HM-->IL,HM-->IL,HM-->IL,HM-->IL,HM-->IL,HM-->IL,HM-->IL,HM-->IL,HM-->IL,HM-->IL,HM-->IL,HM-->IL,,,,,,,,,,,,,,,,,IL-->HM,IL-->HM,IL-->HM,IL-->HM,IL-->HM,IL-->HM,IL-->HM,IL-->HM,IL-->HM,IL-->HM,IL-->HM,IL-->HM,IL-->HM,IL-->HM,IL-->HM,IL-->HM,IL-->HM,IL-->HM,IL-->HM
VA,VAT,Holy See,Rome,Europe,Southern Europe,,VA-->IL,VA-->IL,VA-->IL,VA-->IL,VA-->IL,VA-->IL,VA-->IL,VA-->IL,VA-->IL,VA-->IL,VA-->IL,VA-->IL,VA-->IL,VA-->IL,VA-->IL,VA-->IL,VA-->IL,VA-->IL,VA-->IL,,,,,,,,,,,,,,,,,IL-->VA,IL-->VA,IL-->VA,IL-->VA,IL-->VA,IL-->VA,IL-->VA,IL-->VA,IL-->VA,IL-->VA,IL-->VA,IL-->VA,IL-->VA,IL-->VA,IL-->VA,IL-->VA,IL-->VA,IL-->VA,IL-->VA
HN,HND,Honduras,Tegucigalpa,Americas,Central America,,HN-->IL,HN-->IL,HN-->IL,HN-->IL,HN-->IL,HN-->IL,HN-->IL,HN-->IL,HN-->IL,HN-->IL,HN-->IL,HN-->IL,HN-->IL,HN-->IL,HN-->IL,HN-->IL,HN-->IL,HN-->IL,HN-->IL,,,,,,,,,,,,,,,,,IL-->HN,IL-->HN,IL-->HN,IL-->HN,IL-->HN,IL-->HN,IL-->HN,IL-->HN,IL-->HN,IL-->HN,IL-->HN,IL-->HN,IL-->HN,IL-->HN,IL-->HN,IL-->HN,IL-->HN,IL-->HN,IL-->HN
HK,HKG,Hong Kong,City of Victoria,Asia,Eastern Asia,,HK-->IL,HK-->IL,HK-->IL,HK-->IL,HK-->IL,HK-->IL,HK-->IL,HK-->IL,HK-->IL,HK-->IL,HK-->IL,HK-->IL,HK-->IL,HK-->IL,HK-->IL,HK-->IL,HK-->IL,HK-->IL,HK-->IL,,,,,,,,,,,,,,,,,IL-->HK,IL-->HK,IL-->HK,IL-->HK,IL-->HK,IL-->HK,IL-->HK,IL-->HK,IL-->HK,IL-->HK,IL-->HK,IL-->HK,IL-->HK,IL-->HK,IL-->HK,IL-->HK,IL-->HK,IL-->HK,IL-->HK
HU,HUN,Hungary,Budapest,Europe,Eastern Europe,,HU-->IL,HU-->IL,HU-->IL,HU-->IL,HU-->IL,HU-->IL,HU-->IL,HU-->IL,HU-->IL,HU-->IL,HU-->IL,HU-->IL,HU-->IL,HU-->IL,HU-->IL,HU-->IL,HU-->IL,HU-->IL,HU-->IL,,,,,,,,,,,,,,,,,IL-->HU,IL-->HU,IL-->HU,IL-->HU,IL-->HU,IL-->HU,IL-->HU,IL-->HU,IL-->HU,IL-->HU,IL-->HU,IL-->HU,IL-->HU,IL-->HU,IL-->HU,IL-->HU,IL-->HU,IL-->HU,IL-->HU
IS,ISL,Iceland,Reykjavík,Europe,Northern Europe,,IS-->IL,IS-->IL,IS-->IL,IS-->IL,IS-->IL,IS-->IL,IS-->IL,IS-->IL,IS-->IL,IS-->IL,IS-->IL,IS-->IL,IS-->IL,IS-->IL,IS-->IL,IS-->IL,IS-->IL,IS-->IL,IS-->IL,,,,,,,,,,,,,,,,,IL-->IS,IL-->IS,IL-->IS,IL-->IS,IL-->IS,IL-->IS,IL-->IS,IL-->IS,IL-->IS,IL-->IS,IL-->IS,IL-->IS,IL-->IS,IL-->IS,IL-->IS,IL-->IS,IL-->IS,IL-->IS,IL-->IS
IN,IND,India,New Delhi,Asia,Southern Asia,,IN-->IL,IN-->IL,IN-->IL,IN-->IL,IN-->IL,IN-->IL,IN-->IL,IN-->IL,IN-->IL,IN-->IL,IN-->IL,IN-->IL,IN-->IL,IN-->IL,IN-->IL,IN-->IL,IN-->IL,IN-->IL,IN-->IL,,,,,,,,,,,,,,,,,IL-->IN,IL-->IN,IL-->IN,IL-->IN,IL-->IN,IL-->IN,IL-->IN,IL-->IN,IL-->IN,IL-->IN,IL-->IN,IL-->IN,IL-->IN,IL-->IN,IL-->IN,IL-->IN,IL-->IN,IL-->IN,IL-->IN
ID,IDN,Indonesia,Jakarta,Asia,South-Eastern Asia,,ID-->IL,ID-->IL,ID-->IL,ID-->IL,ID-->IL,ID-->IL,ID-->IL,ID-->IL,ID-->IL,ID-->IL,ID-->IL,ID-->IL,ID-->IL,ID-->IL,ID-->IL,ID-->IL,ID-->IL,ID-->IL,ID-->IL,,,,,,,,,,,,,,,,,IL-->ID,IL-->ID,IL-->ID,IL-->ID,IL-->ID,IL-->ID,IL-->ID,IL-->ID,IL-->ID,IL-->ID,IL-->ID,IL-->ID,IL-->ID,IL-->ID,IL-->ID,IL-->ID,IL-->ID,IL-->ID,IL-->ID
CI,CIV,Ivory Coast,Yamoussoukro,Africa,Western Africa,,CI-->IL,CI-->IL,CI-->IL,CI-->IL,CI-->IL,CI-->IL,CI-->IL,CI-->IL,CI-->IL,CI-->IL,CI-->IL,CI-->IL,CI-->IL,CI-->IL,CI-->IL,CI-->IL,CI-->IL,CI-->IL,CI-->IL,,,,,,,,,,,,,,,,,IL-->CI,IL-->CI,IL-->CI,IL-->CI,IL-->CI,IL-->CI,IL-->CI,IL-->CI,IL-->CI,IL-->CI,IL-->CI,IL-->CI,IL-->CI,IL-->CI,IL-->CI,IL-->CI,IL-->CI,IL-->CI,IL-->CI
IR,IRN,Iran,Tehran,Asia,Southern Asia,,IR-->IL,IR-->IL,IR-->IL,IR-->IL,IR-->IL,IR-->IL,IR-->IL,IR-->IL,IR-->IL,IR-->IL,IR-->IL,IR-->IL,IR-->IL,IR-->IL,IR-->IL,IR-->IL,IR-->IL,IR-->IL,IR-->IL,,,,,,,,,,,,,,,,,IL-->IR,IL-->IR,IL-->IR,IL-->IR,IL-->IR,IL-->IR,IL-->IR,IL-->IR,IL-->IR,IL-->IR,IL-->IR,IL-->IR,IL-->IR,IL-->IR,IL-->IR,IL-->IR,IL-->IR,IL-->IR,IL-->IR
IQ,IRQ,Iraq,Baghdad,Asia,Western Asia,,IQ-->IL,IQ-->IL,IQ-->IL,IQ-->IL,IQ-->IL,IQ-->IL,IQ-->IL,IQ-->IL,IQ-->IL,IQ-->IL,IQ-->IL,IQ-->IL,IQ-->IL,IQ-->IL,IQ-->IL,IQ-->IL,IQ-->IL,IQ-->IL,IQ-->IL,,,,,,,,,,,,,,,,,IL-->IQ,IL-->IQ,IL-->IQ,IL-->IQ,IL-->IQ,IL-->IQ,IL-->IQ,IL-->IQ,IL-->IQ,IL-->IQ,IL-->IQ,IL-->IQ,IL-->IQ,IL-->IQ,IL-->IQ,IL-->IQ,IL-->IQ,IL-->IQ,IL-->IQ
IE,IRL,Republic of Ireland,Dublin,Europe,Northern Europe,,IE-->IL,IE-->IL,IE-->IL,IE-->IL,IE-->IL,IE-->IL,IE-->IL,IE-->IL,IE-->IL,IE-->IL,IE-->IL,IE-->IL,IE-->IL,IE-->IL,IE-->IL,IE-->IL,IE-->IL,IE-->IL,IE-->IL,,,,,,,,,,,,,,,,,IL-->IE,IL-->IE,IL-->IE,IL-->IE,IL-->IE,IL-->IE,IL-->IE,IL-->IE,IL-->IE,IL-->IE,IL-->IE,IL-->IE,IL-->IE,IL-->IE,IL-->IE,IL-->IE,IL-->IE,IL-->IE,IL-->IE
IM,IMN,Isle of Man,Douglas,Europe,Northern Europe,,IM-->IL,IM-->IL,IM-->IL,IM-->IL,IM-->IL,IM-->IL,IM-->IL,IM-->IL,IM-->IL,IM-->IL,IM-->IL,IM-->IL,IM-->IL,IM-->IL,IM-->IL,IM-->IL,IM-->IL,IM-->IL,IM-->IL,,,,,,,,,,,,,,,,,IL-->IM,IL-->IM,IL-->IM,IL-->IM,IL-->IM,IL-->IM,IL-->IM,IL-->IM,IL-->IM,IL-->IM,IL-->IM,IL-->IM,IL-->IM,IL-->IM,IL-->IM,IL-->IM,IL-->IM,IL-->IM,IL-->IM
IL,ISR,Israel,Jerusalem,Asia,Western Asia,,IL-->IL,IL-->IL,IL-->IL,IL-->IL,IL-->IL,IL-->IL,IL-->IL,IL-->IL,IL-->IL,IL-->IL,IL-->IL,IL-->IL,IL-->IL,IL-->IL,IL-->IL,IL-->IL,IL-->IL,IL-->IL,IL-->IL,,,,,,,,,,,,,,,,,IL-->IL,IL-->IL,IL-->IL,IL-->IL,IL-->IL,IL-->IL,IL-->IL,IL-->IL,IL-->IL,IL-->IL,IL-->IL,IL-->IL,IL-->IL,IL-->IL,IL-->IL,IL-->IL,IL-->IL,IL-->IL,IL-->IL
IT,ITA,Italy,Rome,Europe,Southern Europe,,IT-->IL,IT-->IL,IT-->IL,IT-->IL,IT-->IL,IT-->IL,IT-->IL,IT-->IL,IT-->IL,IT-->IL,IT-->IL,IT-->IL,IT-->IL,IT-->IL,IT-->IL,IT-->IL,IT-->IL,IT-->IL,IT-->IL,,,,,,,,,,,,,,,,,IL-->IT,IL-->IT,IL-->IT,IL-->IT,IL-->IT,IL-->IT,IL-->IT,IL-->IT,IL-->IT,IL-->IT,IL-->IT,IL-->IT,IL-->IT,IL-->IT,IL-->IT,IL-->IT,IL-->IT,IL-->IT,IL-->IT
JM,JAM,Jamaica,Kingston,Americas,Caribbean,,JM-->IL,JM-->IL,JM-->IL,JM-->IL,JM-->IL,JM-->IL,JM-->IL,JM-->IL,JM-->IL,JM-->IL,JM-->IL,JM-->IL,JM-->IL,JM-->IL,JM-->IL,JM-->IL,JM-->IL,JM-->IL,JM-->IL,,,,,,,,,,,,,,,,,IL-->JM,IL-->JM,IL-->JM,IL-->JM,IL-->JM,IL-->JM,IL-->JM,IL-->JM,IL-->JM,IL-->JM,IL-->JM,IL-->JM,IL-->JM,IL-->JM,IL-->JM,IL-->JM,IL-->JM,IL-->JM,IL-->JM
JP,JPN,Japan,Tokyo,Asia,Eastern Asia,,JP-->IL,JP-->IL,JP-->IL,JP-->IL,JP-->IL,JP-->IL,JP-->IL,JP-->IL,JP-->IL,JP-->IL,JP-->IL,JP-->IL,JP-->IL,JP-->IL,JP-->IL,JP-->IL,JP-->IL,JP-->IL,JP-->IL,,,,,,,,,,,,,,,,,IL-->JP,IL-->JP,IL-->JP,IL-->JP,IL-->JP,IL-->JP,IL-->JP,IL-->JP,IL-->JP,IL-->JP,IL-->JP,IL-->JP,IL-->JP,IL-->JP,IL-->JP,IL-->JP,IL-->JP,IL-->JP,IL-->JP
JE,JEY,Jersey,Saint Helier,Europe,Northern Europe,,JE-->IL,JE-->IL,JE-->IL,JE-->IL,JE-->IL,JE-->IL,JE-->IL,JE-->IL,JE-->IL,JE-->IL,JE-->IL,JE-->IL,JE-->IL,JE-->IL,JE-->IL,JE-->IL,JE-->IL,JE-->IL,JE-->IL,,,,,,,,,,,,,,,,,IL-->JE,IL-->JE,IL-->JE,IL-->JE,IL-->JE,IL-->JE,IL-->JE,IL-->JE,IL-->JE,IL-->JE,IL-->JE,IL-->JE,IL-->JE,IL-->JE,IL-->JE,IL-->JE,IL-->JE,IL-->JE,IL-->JE
JO,JOR,Jordan,Amman,Asia,Western Asia,,JO-->IL,JO-->IL,JO-->IL,JO-->IL,JO-->IL,JO-->IL,JO-->IL,JO-->IL,JO-->IL,JO-->IL,JO-->IL,JO-->IL,JO-->IL,JO-->IL,JO-->IL,JO-->IL,JO-->IL,JO-->IL,JO-->IL,,,,,,,,,,,,,,,,,IL-->JO,IL-->JO,IL-->JO,IL-->JO,IL-->JO,IL-->JO,IL-->JO,IL-->JO,IL-->JO,IL-->JO,IL-->JO,IL-->JO,IL-->JO,IL-->JO,IL-->JO,IL-->JO,IL-->JO,IL-->JO,IL-->JO
KZ,KAZ,Kazakhstan,Astana,Asia,Central Asia,,KZ-->IL,KZ-->IL,KZ-->IL,KZ-->IL,KZ-->IL,KZ-->IL,KZ-->IL,KZ-->IL,KZ-->IL,KZ-->IL,KZ-->IL,KZ-->IL,KZ-->IL,KZ-->IL,KZ-->IL,KZ-->IL,KZ-->IL,KZ-->IL,KZ-->IL,,,,,,,,,,,,,,,,,IL-->KZ,IL-->KZ,IL-->KZ,IL-->KZ,IL-->KZ,IL-->KZ,IL-->KZ,IL-->KZ,IL-->KZ,IL-->KZ,IL-->KZ,IL-->KZ,IL-->KZ,IL-->KZ,IL-->KZ,IL-->KZ,IL-->KZ,IL-->KZ,IL-->KZ
KE,KEN,Kenya,Nairobi,Africa,Eastern Africa,,KE-->IL,KE-->IL,KE-->IL,KE-->IL,KE-->IL,KE-->IL,KE-->IL,KE-->IL,KE-->IL,KE-->IL,KE-->IL,KE-->IL,KE-->IL,KE-->IL,KE-->IL,KE-->IL,KE-->IL,KE-->IL,KE-->IL,,,,,,,,,,,,,,,,,IL-->KE,IL-->KE,IL-->KE,IL-->KE,IL-->KE,IL-->KE,IL-->KE,IL-->KE,IL-->KE,IL-->KE,IL-->KE,IL-->KE,IL-->KE,IL-->KE,IL-->KE,IL-->KE,IL-->KE,IL-->KE,IL-->KE
KI,KIR,Kiribati,South Tarawa,Oceania,Micronesia,,KI-->IL,KI-->IL,KI-->IL,KI-->IL,KI-->IL,KI-->IL,KI-->IL,KI-->IL,KI-->IL,KI-->IL,KI-->IL,KI-->IL,KI-->IL,KI-->IL,KI-->IL,KI-->IL,KI-->IL,KI-->IL,KI-->IL,,,,,,,,,,,,,,,,,IL-->KI,IL-->KI,IL-->KI,IL-->KI,IL-->KI,IL-->KI,IL-->KI,IL-->KI,IL-->KI,IL-->KI,IL-->KI,IL-->KI,IL-->KI,IL-->KI,IL-->KI,IL-->KI,IL-->KI,IL-->KI,IL-->KI
KW,KWT,Kuwait,Kuwait City,Asia,Western Asia,,KW-->IL,KW-->IL,KW-->IL,KW-->IL,KW-->IL,KW-->IL,KW-->IL,KW-->IL,KW-->IL,KW-->IL,KW-->IL,KW-->IL,KW-->IL,KW-->IL,KW-->IL,KW-->IL,KW-->IL,KW-->IL,KW-->IL,,,,,,,,,,,,,,,,,IL-->KW,IL-->KW,IL-->KW,IL-->KW,IL-->KW,IL-->KW,IL-->KW,IL-->KW,IL-->KW,IL-->KW,IL-->KW,IL-->KW,IL-->KW,IL-->KW,IL-->KW,IL-->KW,IL-->KW,IL-->KW,IL-->KW
KG,KGZ,Kyrgyzstan,Bishkek,Asia,Central Asia,,KG-->IL,KG-->IL,KG-->IL,KG-->IL,KG-->IL,KG-->IL,KG-->IL,KG-->IL,KG-->IL,KG-->IL,KG-->IL,KG-->IL,KG-->IL,KG-->IL,KG-->IL,KG-->IL,KG-->IL,KG-->IL,KG-->IL,,,,,,,,,,,,,,,,,IL-->KG,IL-->KG,IL-->KG,IL-->KG,IL-->KG,IL-->KG,IL-->KG,IL-->KG,IL-->KG,IL-->KG,IL-->KG,IL-->KG,IL-->KG,IL-->KG,IL-->KG,IL-->KG,IL-->KG,IL-->KG,IL-->KG
LA,LAO,Laos,Vientiane,Asia,South-Eastern Asia,,LA-->IL,LA-->IL,LA-->IL,LA-->IL,LA-->IL,LA-->IL,LA-->IL,LA-->IL,LA-->IL,LA-->IL,LA-->IL,LA-->IL,LA-->IL,LA-->IL,LA-->IL,LA-->IL,LA-->IL,LA-->IL,LA-->IL,,,,,,,,,,,,,,,,,IL-->LA,IL-->LA,IL-->LA,IL-->LA,IL-->LA,IL-->LA,IL-->LA,IL-->LA,IL-->LA,IL-->LA,IL-->LA,IL-->LA,IL-->LA,IL-->LA,IL-->LA,IL-->LA,IL-->LA,IL-->LA,IL-->LA
LV,LVA,Latvia,Riga,Europe,Northern Europe,,LV-->IL,LV-->IL,LV-->IL,LV-->IL,LV-->IL,LV-->IL,LV-->IL,LV-->IL,LV-->IL,LV-->IL,LV-->IL,LV-->IL,LV-->IL,LV-->IL,LV-->IL,LV-->IL,LV-->IL,LV-->IL,LV-->IL,,,,,,,,,,,,,,,,,IL-->LV,IL-->LV,IL-->LV,IL-->LV,IL-->LV,IL-->LV,IL-->LV,IL-->LV,IL-->LV,IL-->LV,IL-->LV,IL-->LV,IL-->LV,IL-->LV,IL-->LV,IL-->LV,IL-->LV,IL-->LV,IL-->LV
LB,LBN,Lebanon,Beirut,Asia,Western Asia,,LB-->IL,LB-->IL,LB-->IL,LB-->IL,LB-->IL,LB-->IL,LB-->IL,LB-->IL,LB-->IL,LB-->IL,LB-->IL,LB-->IL,LB-->IL,LB-->IL,LB-->IL,LB-->IL,LB-->IL,LB-->IL,LB-->IL,,,,,,,,,,,,,,,,,IL-->LB,IL-->LB,IL-->LB,IL-->LB,IL-->LB,IL-->LB,IL-->LB,IL-->LB,IL-->LB,IL-->LB,IL-->LB,IL-->LB,IL-->LB,IL-->LB,IL-->LB,IL-->LB,IL-->LB,IL-->LB,IL-->LB
LS,LSO,Lesotho,Maseru,Africa,Southern Africa,,LS-->IL,LS-->IL,LS-->IL,LS-->IL,LS-->IL,LS-->IL,LS-->IL,LS-->IL,LS-->IL,LS-->IL,LS-->IL,LS-->IL,LS-->IL,LS-->IL,LS-->IL,LS-->IL,LS-->IL,LS-->IL,LS-->IL,,,,,,,,,,,,,,,,,IL-->LS,IL-->LS,IL-->LS,IL-->LS,IL-->LS,IL-->LS,IL-->LS,IL-->LS,IL-->LS,IL-->LS,IL-->LS,IL-->LS,IL-->LS,IL-->LS,IL-->LS,IL-->LS,IL-->LS,IL-->LS,IL-->LS
LR,LBR,Liberia,Monrovia,Africa,Western Africa,,LR-->IL,LR-->IL,LR-->IL,LR-->IL,LR-->IL,LR-->IL,LR-->IL,LR-->IL,LR-->IL,LR-->IL,LR-->IL,LR-->IL,LR-->IL,LR-->IL,LR-->IL,LR-->IL,LR-->IL,LR-->IL,LR-->IL,,,,,,,,,,,,,,,,,IL-->LR,IL-->LR,IL-->LR,IL-->LR,IL-->LR,IL-->LR,IL-->LR,IL-->LR,IL-->LR,IL-->LR,IL-->LR,IL-->LR,IL-->LR,IL-->LR,IL-->LR,IL-->LR,IL-->LR,IL-->LR,IL-->LR
LY,LBY,Libya,Tripoli,Africa,Northern Africa,,LY-->IL,LY-->IL,LY-->IL,LY-->IL,LY-->IL,LY-->IL,LY-->IL,LY-->IL,LY-->IL,LY-->IL,LY-->IL,LY-->IL,LY-->IL,LY-->IL,LY-->IL,LY-->IL,LY-->IL,LY-->IL,LY-->IL,,,,,,,,,,,,,,,,,IL-->LY,IL-->LY,IL-->LY,IL-->LY,IL-->LY,IL-->LY,IL-->LY,IL-->LY,IL-->LY,IL-->LY,IL-->LY,IL-->LY,IL-->LY,IL-->LY,IL-->LY,IL-->LY,IL-->LY,IL-->LY,IL-->LY
LI,LIE,Liechtenstein,Vaduz,Europe,Western Europe,,LI-->IL,LI-->IL,LI-->IL,LI-->IL,LI-->IL,LI-->IL,LI-->IL,LI-->IL,LI-->IL,LI-->IL,LI-->IL,LI-->IL,LI-->IL,LI-->IL,LI-->IL,LI-->IL,LI-->IL,LI-->IL,LI-->IL,,,,,,,,,,,,,,,,,IL-->LI,IL-->LI,IL-->LI,IL-->LI,IL-->LI,IL-->LI,IL-->LI,IL-->LI,IL-->LI,IL-->LI,IL-->LI,IL-->LI,IL-->LI,IL-->LI,IL-->LI,IL-->LI,IL-->LI,IL-->LI,IL-->LI
LT,LTU,Lithuania,Vilnius,Europe,Northern Europe,,LT-->IL,LT-->IL,LT-->IL,LT-->IL,LT-->IL,LT-->IL,LT-->IL,LT-->IL,LT-->IL,LT-->IL,LT-->IL,LT-->IL,LT-->IL,LT-->IL,LT-->IL,LT-->IL,LT-->IL,LT-->IL,LT-->IL,,,,,,,,,,,,,,,,,IL-->LT,IL-->LT,IL-->LT,IL-->LT,IL-->LT,IL-->LT,IL-->LT,IL-->LT,IL-->LT,IL-->LT,IL-->LT,IL-->LT,IL-->LT,IL-->LT,IL-->LT,IL-->LT,IL-->LT,IL-->LT,IL-->LT
LU,LUX,Luxembourg,Luxembourg,Europe,Western Europe,,LU-->IL,LU-->IL,LU-->IL,LU-->IL,LU-->IL,LU-->IL,LU-->IL,LU-->IL,LU-->IL,LU-->IL,LU-->IL,LU-->IL,LU-->IL,LU-->IL,LU-->IL,LU-->IL,LU-->IL,LU-->IL,LU-->IL,,,,,,,,,,,,,,,,,IL-->LU,IL-->LU,IL-->LU,IL-->LU,IL-->LU,IL-->LU,IL-->LU,IL-->LU,IL-->LU,IL-->LU,IL-->LU,IL-->LU,IL-->LU,IL-->LU,IL-->LU,IL-->LU,IL-->LU,IL-->LU,IL-->LU
MO,MAC,Macau,,Asia,Eastern Asia,,MO-->IL,MO-->IL,MO-->IL,MO-->IL,MO-->IL,MO-->IL,MO-->IL,MO-->IL,MO-->IL,MO-->IL,MO-->IL,MO-->IL,MO-->IL,MO-->IL,MO-->IL,MO-->IL,MO-->IL,MO-->IL,MO-->IL,,,,,,,,,,,,,,,,,IL-->MO,IL-->MO,IL-->MO,IL-->MO,IL-->MO,IL-->MO,IL-->MO,IL-->MO,IL-->MO,IL-->MO,IL-->MO,IL-->MO,IL-->MO,IL-->MO,IL-->MO,IL-->MO,IL-->MO,IL-->MO,IL-->MO
MK,MKD,Republic of Macedonia,Skopje,Europe,Southern Europe,,MK-->IL,MK-->IL,MK-->IL,MK-->IL,MK-->IL,MK-->IL,MK-->IL,MK-->IL,MK-->IL,MK-->IL,MK-->IL,MK-->IL,MK-->IL,MK-->IL,MK-->IL,MK-->IL,MK-->IL,MK-->IL,MK-->IL,,,,,,,,,,,,,,,,,IL-->MK,IL-->MK,IL-->MK,IL-->MK,IL-->MK,IL-->MK,IL-->MK,IL-->MK,IL-->MK,IL-->MK,IL-->MK,IL-->MK,IL-->MK,IL-->MK,IL-->MK,IL-->MK,IL-->MK,IL-->MK,IL-->MK
MG,MDG,Madagascar,Antananarivo,Africa,Eastern Africa,,MG-->IL,MG-->IL,MG-->IL,MG-->IL,MG-->IL,MG-->IL,MG-->IL,MG-->IL,MG-->IL,MG-->IL,MG-->IL,MG-->IL,MG-->IL,MG-->IL,MG-->IL,MG-->IL,MG-->IL,MG-->IL,MG-->IL,,,,,,,,,,,,,,,,,IL-->MG,IL-->MG,IL-->MG,IL-->MG,IL-->MG,IL-->MG,IL-->MG,IL-->MG,IL-->MG,IL-->MG,IL-->MG,IL-->MG,IL-->MG,IL-->MG,IL-->MG,IL-->MG,IL-->MG,IL-->MG,IL-->MG
MW,MWI,Malawi,Lilongwe,Africa,Eastern Africa,,MW-->IL,MW-->IL,MW-->IL,MW-->IL,MW-->IL,MW-->IL,MW-->IL,MW-->IL,MW-->IL,MW-->IL,MW-->IL,MW-->IL,MW-->IL,MW-->IL,MW-->IL,MW-->IL,MW-->IL,MW-->IL,MW-->IL,,,,,,,,,,,,,,,,,IL-->MW,IL-->MW,IL-->MW,IL-->MW,IL-->MW,IL-->MW,IL-->MW,IL-->MW,IL-->MW,IL-->MW,IL-->MW,IL-->MW,IL-->MW,IL-->MW,IL-->MW,IL-->MW,IL-->MW,IL-->MW,IL-->MW
MY,MYS,Malaysia,Kuala Lumpur,Asia,South-Eastern Asia,,MY-->IL,MY-->IL,MY-->IL,MY-->IL,MY-->IL,MY-->IL,MY-->IL,MY-->IL,MY-->IL,MY-->IL,MY-->IL,MY-->IL,MY-->IL,MY-->IL,MY-->IL,MY-->IL,MY-->IL,MY-->IL,MY-->IL,,,,,,,,,,,,,,,,,IL-->MY,IL-->MY,IL-->MY,IL-->MY,IL-->MY,IL-->MY,IL-->MY,IL-->MY,IL-->MY,IL-->MY,IL-->MY,IL-->MY,IL-->MY,IL-->MY,IL-->MY,IL-->MY,IL-->MY,IL-->MY,IL-->MY
MV,MDV,Maldives,Malé,Asia,Southern Asia,,MV-->IL,MV-->IL,MV-->IL,MV-->IL,MV-->IL,MV-->IL,MV-->IL,MV-->IL,MV-->IL,MV-->IL,MV-->IL,MV-->IL,MV-->IL,MV-->IL,MV-->IL,MV-->IL,MV-->IL,MV-->IL,MV-->IL,,,,,,,,,,,,,,,,,IL-->MV,IL-->MV,IL-->MV,IL-->MV,IL-->MV,IL-->MV,IL-->MV,IL-->MV,IL-->MV,IL-->MV,IL-->MV,IL-->MV,IL-->MV,IL-->MV,IL-->MV,IL-->MV,IL-->MV,IL-->MV,IL-->MV
ML,MLI,Mali,Bamako,Africa,Western Africa,,ML-->IL,ML-->IL,ML-->IL,ML-->IL,ML-->IL,ML-->IL,ML-->IL,ML-->IL,ML-->IL,ML-->IL,ML-->IL,ML-->IL,ML-->IL,ML-->IL,ML-->IL,ML-->IL,ML-->IL,ML-->IL,ML-->IL,,,,,,,,,,,,,,,,,IL-->ML,IL-->ML,IL-->ML,IL-->ML,IL-->ML,IL-->ML,IL-->ML,IL-->ML,IL-->ML,IL-->ML,IL-->ML,IL-->ML,IL-->ML,IL-->ML,IL-->ML,IL-->ML,IL-->ML,IL-->ML,IL-->ML
MT,MLT,Malta,Valletta,Europe,Southern Europe,,MT-->IL,MT-->IL,MT-->IL,MT-->IL,MT-->IL,MT-->IL,MT-->IL,MT-->IL,MT-->IL,MT-->IL,MT-->IL,MT-->IL,MT-->IL,MT-->IL,MT-->IL,MT-->IL,MT-->IL,MT-->IL,MT-->IL,,,,,,,,,,,,,,,,,IL-->MT,IL-->MT,IL-->MT,IL-->MT,IL-->MT,IL-->MT,IL-->MT,IL-->MT,IL-->MT,IL-->MT,IL-->MT,IL-->MT,IL-->MT,IL-->MT,IL-->MT,IL-->MT,IL-->MT,IL-->MT,IL-->MT
MH,MHL,Marshall Islands,Majuro,Oceania,Micronesia,,MH-->IL,MH-->IL,MH-->IL,MH-->IL,MH-->IL,MH-->IL,MH-->IL,MH-->IL,MH-->IL,MH-->IL,MH-->IL,MH-->IL,MH-->IL,MH-->IL,MH-->IL,MH-->IL,MH-->IL,MH-->IL,MH-->IL,,,,,,,,,,,,,,,,,IL-->MH,IL-->MH,IL-->MH,IL-->MH,IL-->MH,IL-->MH,IL-->MH,IL-->MH,IL-->MH,IL-->MH,IL-->MH,IL-->MH,IL-->MH,IL-->MH,IL-->MH,IL-->MH,IL-->MH,IL-->MH,IL-->MH
MQ,MTQ,Martinique,Fort-de-France,Americas,Caribbean,,MQ-->IL,MQ-->IL,MQ-->IL,MQ-->IL,MQ-->IL,MQ-->IL,MQ-->IL,MQ-->IL,MQ-->IL,MQ-->IL,MQ-->IL,MQ-->IL,MQ-->IL,MQ-->IL,MQ-->IL,MQ-->IL,MQ-->IL,MQ-->IL,MQ-->IL,,,,,,,,,,,,,,,,,IL-->MQ,IL-->MQ,IL-->MQ,IL-->MQ,IL-->MQ,IL-->MQ,IL-->MQ,IL-->MQ,IL-->MQ,IL-->MQ,IL-->MQ,IL-->MQ,IL-->MQ,IL-->MQ,IL-->MQ,IL-->MQ,IL-->MQ,IL-->MQ,IL-->MQ
MR,MRT,Mauritania,Nouakchott,Africa,Western Africa,,MR-->IL,MR-->IL,MR-->IL,MR-->IL,MR-->IL,MR-->IL,MR-->IL,MR-->IL,MR-->IL,MR-->IL,MR-->IL,MR-->IL,MR-->IL,MR-->IL,MR-->IL,MR-->IL,MR-->IL,MR-->IL,MR-->IL,0.0,,,,,,,,,,,,,,,,IL-->MR,IL-->MR,IL-->MR,IL-->MR,IL-->MR,IL-->MR,IL-->MR,IL-->MR,IL-->MR,IL-->MR,IL-->MR,IL-->MR,IL-->MR,IL-->MR,IL-->MR,IL-->MR,IL-->MR,IL-->MR,IL-->MR
MU,MUS,Mauritius,Port Louis,Africa,Eastern Africa,,MU-->IL,MU-->IL,MU-->IL,MU-->IL,MU-->IL,MU-->IL,MU-->IL,MU-->IL,MU-->IL,MU-->IL,MU-->IL,MU-->IL,MU-->IL,MU-->IL,MU-->IL,MU-->IL,MU-->IL,MU-->IL,MU-->IL,,,,,,,,,,,,,,,,,IL-->MU,IL-->MU,IL-->MU,IL-->MU,IL-->MU,IL-->MU,IL-->MU,IL-->MU,IL-->MU,IL-->MU,IL-->MU,IL-->MU,IL-->MU,IL-->MU,IL-->MU,IL-->MU,IL-->MU,IL-->MU,IL-->MU
YT,MYT,Mayotte,Mamoudzou,Africa,Eastern Africa,,YT-->IL,YT-->IL,YT-->IL,YT-->IL,YT-->IL,YT-->IL,YT-->IL,YT-->IL,YT-->IL,YT-->IL,YT-->IL,YT-->IL,YT-->IL,YT-->IL,YT-->IL,YT-->IL,YT-->IL,YT-->IL,YT-->IL,,,,,,,,,,,,,,,,,IL-->YT,IL-->YT,IL-->YT,IL-->YT,IL-->YT,IL-->YT,IL-->YT,IL-->YT,IL-->YT,IL-->YT,IL-->YT,IL-->YT,IL-->YT,IL-->YT,IL-->YT,IL-->YT,IL-->YT,IL-->YT,IL-->YT
MX,MEX,Mexico,Mexico City,Americas,Central America,,MX-->IL,MX-->IL,MX-->IL,MX-->IL,MX-->IL,MX-->IL,MX-->IL,MX-->IL,MX-->IL,MX-->IL,MX-->IL,MX-->IL,MX-->IL,MX-->IL,MX-->IL,MX-->IL,MX-->IL,MX-->IL,MX-->IL,,,,,,,,,,,,,,,,,IL-->MX,IL-->MX,IL-->MX,IL-->MX,IL-->MX,IL-->MX,IL-->MX,IL-->MX,IL-->MX,IL-->MX,IL-->MX,IL-->MX,IL-->MX,IL-->MX,IL-->MX,IL-->MX,IL-->MX,IL-->MX,IL-->MX
FM,FSM,Federated States of Micronesia,Palikir,Oceania,Micronesia,,FM-->IL,FM-->IL,FM-->IL,FM-->IL,FM-->IL,FM-->IL,FM-->IL,FM-->IL,FM-->IL,FM-->IL,FM-->IL,FM-->IL,FM-->IL,FM-->IL,FM-->IL,FM-->IL,FM-->IL,FM-->IL,FM-->IL,,,,,,,,,,,,,,,,,IL-->FM,IL-->FM,IL-->FM,IL-->FM,IL-->FM,IL-->FM,IL-->FM,IL-->FM,IL-->FM,IL-->FM,IL-->FM,IL-->FM,IL-->FM,IL-->FM,IL-->FM,IL-->FM,IL-->FM,IL-->FM,IL-->FM
MD,MDA,Moldova,Chișinău,Europe,Eastern Europe,,MD-->IL,MD-->IL,MD-->IL,MD-->IL,MD-->IL,MD-->IL,MD-->IL,MD-->IL,MD-->IL,MD-->IL,MD-->IL,MD-->IL,MD-->IL,MD-->IL,MD-->IL,MD-->IL,MD-->IL,MD-->IL,MD-->IL,,,,,,,,,,,,,,,,,IL-->MD,IL-->MD,IL-->MD,IL-->MD,IL-->MD,IL-->MD,IL-->MD,IL-->MD,IL-->MD,IL-->MD,IL-->MD,IL-->MD,IL-->MD,IL-->MD,IL-->MD,IL-->MD,IL-->MD,IL-->MD,IL-->MD
MC,MCO,Monaco,Monaco,Europe,Western Europe,,MC-->IL,MC-->IL,MC-->IL,MC-->IL,MC-->IL,MC-->IL,MC-->IL,MC-->IL,MC-->IL,MC-->IL,MC-->IL,MC-->IL,MC-->IL,MC-->IL,MC-->IL,MC-->IL,MC-->IL,MC-->IL,MC-->IL,,,,,,,,,,,,,,,,,IL-->MC,IL-->MC,IL-->MC,IL-->MC,IL-->MC,IL-->MC,IL-->MC,IL-->MC,IL-->MC,IL-->MC,IL-->MC,IL-->MC,IL-->MC,IL-->MC,IL-->MC,IL-->MC,IL-->MC,IL-->MC,IL-->MC
MN,MNG,Mongolia,Ulan Bator,Asia,Eastern Asia,,MN-->IL,MN-->IL,MN-->IL,MN-->IL,MN-->IL,MN-->IL,MN-->IL,MN-->IL,MN-->IL,MN-->IL,MN-->IL,MN-->IL,MN-->IL,MN-->IL,MN-->IL,MN-->IL,MN-->IL,MN-->IL,MN-->IL,,,,,,,,,,,,,,,,,IL-->MN,IL-->MN,IL-->MN,IL-->MN,IL-->MN,IL-->MN,IL-->MN,IL-->MN,IL-->MN,IL-->MN,IL-->MN,IL-->MN,IL-->MN,IL-->MN,IL-->MN,IL-->MN,IL-->MN,IL-->MN,IL-->MN
ME,MNE,Montenegro,Podgorica,Europe,Southern Europe,,ME-->IL,ME-->IL,ME-->IL,ME-->IL,ME-->IL,ME-->IL,ME-->IL,ME-->IL,ME-->IL,ME-->IL,ME-->IL,ME-->IL,ME-->IL,ME-->IL,ME-->IL,ME-->IL,ME-->IL,ME-->IL,ME-->IL,,,,,,,,,,,,,,,,,IL-->ME,IL-->ME,IL-->ME,IL-->ME,IL-->ME,IL-->ME,IL-->ME,IL-->ME,IL-->ME,IL-->ME,IL-->ME,IL-->ME,IL-->ME,IL-->ME,IL-->ME,IL-->ME,IL-->ME,IL-->ME,IL-->ME
MS,MSR,Montserrat,Plymouth,Americas,Caribbean,,MS-->IL,MS-->IL,MS-->IL,MS-->IL,MS-->IL,MS-->IL,MS-->IL,MS-->IL,MS-->IL,MS-->IL,MS-->IL,MS-->IL,MS-->IL,MS-->IL,MS-->IL,MS-->IL,MS-->IL,MS-->IL,MS-->IL,,,,,,,,,,,,,,,,,IL-->MS,IL-->MS,IL-->MS,IL-->MS,IL-->MS,IL-->MS,IL-->MS,IL-->MS,IL-->MS,IL-->MS,IL-->MS,IL-->MS,IL-->MS,IL-->MS,IL-->MS,IL-->MS,IL-->MS,IL-->MS,IL-->MS
MA,MAR,Morocco,Rabat,Africa,Northern Africa,,MA-->IL,MA-->IL,MA-->IL,MA-->IL,MA-->IL,MA-->IL,MA-->IL,MA-->IL,MA-->IL,MA-->IL,MA-->IL,MA-->IL,MA-->IL,MA-->IL,MA-->IL,MA-->IL,MA-->IL,MA-->IL,MA-->IL,,,,,,,,,,,,,,,,,IL-->MA,IL-->MA,IL-->MA,IL-->MA,IL-->MA,IL-->MA,IL-->MA,IL-->MA,IL-->MA,IL-->MA,IL-->MA,IL-->MA,IL-->MA,IL-->MA,IL-->MA,IL-->MA,IL-->MA,IL-->MA,IL-->MA
MZ,MOZ,Mozambique,Maputo,Africa,Eastern Africa,,MZ-->IL,MZ-->IL,MZ-->IL,MZ-->IL,MZ-->IL,MZ-->IL,MZ-->IL,MZ-->IL,MZ-->IL,MZ-->IL,MZ-->IL,MZ-->IL,MZ-->IL,MZ-->IL,MZ-->IL,MZ-->IL,MZ-->IL,MZ-->IL,MZ-->IL,,,,,,,,,,,,,,,,,IL-->MZ,IL-->MZ,IL-->MZ,IL-->MZ,IL-->MZ,IL-->MZ,IL-->MZ,IL-->MZ,IL-->MZ,IL-->MZ,IL-->MZ,IL-->MZ,IL-->MZ,IL-->MZ,IL-->MZ,IL-->MZ,IL-->MZ,IL-->MZ,IL-->MZ
MM,MMR,Myanmar,Naypyidaw,Asia,South-Eastern Asia,,MM-->IL,MM-->IL,MM-->IL,MM-->IL,MM-->IL,MM-->IL,MM-->IL,MM-->IL,MM-->IL,MM-->IL,MM-->IL,MM-->IL,MM-->IL,MM-->IL,MM-->IL,MM-->IL,MM-->IL,MM-->IL,MM-->IL,,,,,,,,,,,,,,,,,IL-->MM,IL-->MM,IL-->MM,IL-->MM,IL-->MM,IL-->MM,IL-->MM,IL-->MM,IL-->MM,IL-->MM,IL-->MM,IL-->MM,IL-->MM,IL-->MM,IL-->MM,IL-->MM,IL-->MM,IL-->MM,IL-->MM
,NAM,Namibia,Windhoek,Africa,Southern Africa,,NA-->IL,NA-->IL,NA-->IL,NA-->IL,NA-->IL,NA-->IL,NA-->IL,NA-->IL,NA-->IL,NA-->IL,NA-->IL,NA-->IL,NA-->IL,NA-->IL,NA-->IL,NA-->IL,NA-->IL,NA-->IL,NA-->IL,,,,,,,,,,,,,,,,,IL-->NA,IL-->NA,IL-->NA,IL-->NA,IL-->NA,IL-->NA,IL-->NA,IL-->NA,IL-->NA,IL-->NA,IL-->NA,IL-->NA,IL-->NA,IL-->NA,IL-->NA,IL-->NA,IL-->NA,IL-->NA,IL-->NA
NR,NRU,Nauru,Yaren,Oceania,Micronesia,,NR-->IL,NR-->IL,NR-->IL,NR-->IL,NR-->IL,NR-->IL,NR-->IL,NR-->IL,NR-->IL,NR-->IL,NR-->IL,NR-->IL,NR-->IL,NR-->IL,NR-->IL,NR-->IL,NR-->IL,NR-->IL,NR-->IL,,,,,,,,,,,,,,,,,IL-->NR,IL-->NR,IL-->NR,IL-->NR,IL-->NR,IL-->NR,IL-->NR,IL-->NR,IL-->NR,IL-->NR,IL-->NR,IL-->NR,IL-->NR,IL-->NR,IL-->NR,IL-->NR,IL-->NR,IL-->NR,IL-->NR
NP,NPL,Nepal,Kathmandu,Asia,Southern Asia,,NP-->IL,NP-->IL,NP-->IL,NP-->IL,NP-->IL,NP-->IL,NP-->IL,NP-->IL,NP-->IL,NP-->IL,NP-->IL,NP-->IL,NP-->IL,NP-->IL,NP-->IL,NP-->IL,NP-->IL,NP-->IL,NP-->IL,,,,,,,,,,,,,,,,,IL-->NP,IL-->NP,IL-->NP,IL-->NP,IL-->NP,IL-->NP,IL-->NP,IL-->NP,IL-->NP,IL-->NP,IL-->NP,IL-->NP,IL-->NP,IL-->NP,IL-->NP,IL-->NP,IL-->NP,IL-->NP,IL-->NP
NL,NLD,Netherlands,Amsterdam,Europe,Western Europe,,NL-->IL,NL-->IL,NL-->IL,NL-->IL,NL-->IL,NL-->IL,NL-->IL,NL-->IL,NL-->IL,NL-->IL,NL-->IL,NL-->IL,NL-->IL,NL-->IL,NL-->IL,NL-->IL,NL-->IL,NL-->IL,NL-->IL,,,,,,,,,,,,,,,,,IL-->NL,IL-->NL,IL-->NL,IL-->NL,IL-->NL,IL-->NL,IL-->NL,IL-->NL,IL-->NL,IL-->NL,IL-->NL,IL-->NL,IL-->NL,IL-->NL,IL-->NL,IL-->NL,IL-->NL,IL-->NL,IL-->NL
NC,NCL,New Caledonia,Nouméa,Oceania,Melanesia,,NC-->IL,NC-->IL,NC-->IL,NC-->IL,NC-->IL,NC-->IL,NC-->IL,NC-->IL,NC-->IL,NC-->IL,NC-->IL,NC-->IL,NC-->IL,NC-->IL,NC-->IL,NC-->IL,NC-->IL,NC-->IL,NC-->IL,,,,,,,,,,,,,,,,,IL-->NC,IL-->NC,IL-->NC,IL-->NC,IL-->NC,IL-->NC,IL-->NC,IL-->NC,IL-->NC,IL-->NC,IL-->NC,IL-->NC,IL-->NC,IL-->NC,IL-->NC,IL-->NC,IL-->NC,IL-->NC,IL-->NC
NZ,NZL,New Zealand,Wellington,Oceania,Australia and New Zealand,,NZ-->IL,NZ-->IL,NZ-->IL,NZ-->IL,NZ-->IL,NZ-->IL,NZ-->IL,NZ-->IL,NZ-->IL,NZ-->IL,NZ-->IL,NZ-->IL,NZ-->IL,NZ-->IL,NZ-->IL,NZ-->IL,NZ-->IL,NZ-->IL,NZ-->IL,,,,,,,,,,,,,,,,,IL-->NZ,IL-->NZ,IL-->NZ,IL-->NZ,IL-->NZ,IL-->NZ,IL-->NZ,IL-->NZ,IL-->NZ,IL-->NZ,IL-->NZ,IL-->NZ,IL-->NZ,IL-->NZ,IL-->NZ,IL-->NZ,IL-->NZ,IL-->NZ,IL-->NZ
NI,NIC,Nicaragua,Managua,Americas,Central America,,NI-->IL,NI-->IL,NI-->IL,NI-->IL,NI-->IL,NI-->IL,NI-->IL,NI-->IL,NI-->IL,NI-->IL,NI-->IL,NI-->IL,NI-->IL,NI-->IL,NI-->IL,NI-->IL,NI-->IL,NI-->IL,NI-->IL,,,,,,,,,,,,,,,,,IL-->NI,IL-->NI,IL-->NI,IL-->NI,IL-->NI,IL-->NI,IL-->NI,IL-->NI,IL-->NI,IL-->NI,IL-->NI,IL-->NI,IL-->NI,IL-->NI,IL-->NI,IL-->NI,IL-->NI,IL-->NI,IL-->NI
NE,NER,Niger,Niamey,Africa,Western Africa,,NE-->IL,NE-->IL,NE-->IL,NE-->IL,NE-->IL,NE-->IL,NE-->IL,NE-->IL,NE-->IL,NE-->IL,NE-->IL,NE-->IL,NE-->IL,NE-->IL,NE-->IL,NE-->IL,NE-->IL,NE-->IL,NE-->IL,,,,,,,,,,,,,,,,,IL-->NE,IL-->NE,IL-->NE,IL-->NE,IL-->NE,IL-->NE,IL-->NE,IL-->NE,IL-->NE,IL-->NE,IL-->NE,IL-->NE,IL-->NE,IL-->NE,IL-->NE,IL-->NE,IL-->NE,IL-->NE,IL-->NE
NG,NGA,Nigeria,Abuja,Africa,Western Africa,,NG-->IL,NG-->IL,NG-->IL,NG-->IL,NG-->IL,NG-->IL,NG-->IL,NG-->IL,NG-->IL,NG-->IL,NG-->IL,NG-->IL,NG-->IL,NG-->IL,NG-->IL,NG-->IL,NG-->IL,NG-->IL,NG-->IL,,,,,,,,,,,,,,,,,IL-->NG,IL-->NG,IL-->NG,IL-->NG,IL-->NG,IL-->NG,IL-->NG,IL-->NG,IL-->NG,IL-->NG,IL-->NG,IL-->NG,IL-->NG,IL-->NG,IL-->NG,IL-->NG,IL-->NG,IL-->NG,IL-->NG
NU,NIU,Niue,Alofi,Oceania,Polynesia,,NU-->IL,NU-->IL,NU-->IL,NU-->IL,NU-->IL,NU-->IL,NU-->IL,NU-->IL,NU-->IL,NU-->IL,NU-->IL,NU-->IL,NU-->IL,NU-->IL,NU-->IL,NU-->IL,NU-->IL,NU-->IL,NU-->IL,,,,,,,,,,,,,,,,,IL-->NU,IL-->NU,IL-->NU,IL-->NU,IL-->NU,IL-->NU,IL-->NU,IL-->NU,IL-->NU,IL-->NU,IL-->NU,IL-->NU,IL-->NU,IL-->NU,IL-->NU,IL-->NU,IL-->NU,IL-->NU,IL-->NU
NF,NFK,Norfolk Island,Kingston,Oceania,Australia and New Zealand,,NF-->IL,NF-->IL,NF-->IL,NF-->IL,NF-->IL,NF-->IL,NF-->IL,NF-->IL,NF-->IL,NF-->IL,NF-->IL,NF-->IL,NF-->IL,NF-->IL,NF-->IL,NF-->IL,NF-->IL,NF-->IL,NF-->IL,,,,,,,,,,,,,,,,,IL-->NF,IL-->NF,IL-->NF,IL-->NF,IL-->NF,IL-->NF,IL-->NF,IL-->NF,IL-->NF,IL-->NF,IL-->NF,IL-->NF,IL-->NF,IL-->NF,IL-->NF,IL-->NF,IL-->NF,IL-->NF,IL-->NF
KP,PRK,North Korea,Pyongyang,Asia,Eastern Asia,,KP-->IL,KP-->IL,KP-->IL,KP-->IL,KP-->IL,KP-->IL,KP-->IL,KP-->IL,KP-->IL,KP-->IL,KP-->IL,KP-->IL,KP-->IL,KP-->IL,KP-->IL,KP-->IL,KP-->IL,KP-->IL,KP-->IL,,,,,,,,,,,,,,,,,IL-->KP,IL-->KP,IL-->KP,IL-->KP,IL-->KP,IL-->KP,IL-->KP,IL-->KP,IL-->KP,IL-->KP,IL-->KP,IL-->KP,IL-->KP,IL-->KP,IL-->KP,IL-->KP,IL-->KP,IL-->KP,IL-->KP
MP,MNP,Northern Mariana Islands,Saipan,Oceania,Micronesia,,MP-->IL,MP-->IL,MP-->IL,MP-->IL,MP-->IL,MP-->IL,MP-->IL,MP-->IL,MP-->IL,MP-->IL,MP-->IL,MP-->IL,MP-->IL,MP-->IL,MP-->IL,MP-->IL,MP-->IL,MP-->IL,MP-->IL,,,,,,,,,,,,,,,,,IL-->MP,IL-->MP,IL-->MP,IL-->MP,IL-->MP,IL-->MP,IL-->MP,IL-->MP,IL-->MP,IL-->MP,IL-->MP,IL-->MP,IL-->MP,IL-->MP,IL-->MP,IL-->MP,IL-->MP,IL-->MP,IL-->MP
NO,NOR,Norway,Oslo,Europe,Northern Europe,,NO-->IL,NO-->IL,NO-->IL,NO-->IL,NO-->IL,NO-->IL,NO-->IL,NO-->IL,NO-->IL,NO-->IL,NO-->IL,NO-->IL,NO-->IL,NO-->IL,NO-->IL,NO-->IL,NO-->IL,NO-->IL,NO-->IL,,,,,,,,,,,,,,,,,IL-->NO,IL-->NO,IL-->NO,IL-->NO,IL-->NO,IL-->NO,IL-->NO,IL-->NO,IL-->NO,IL-->NO,IL-->NO,IL-->NO,IL-->NO,IL-->NO,IL-->NO,IL-->NO,IL-->NO,IL-->NO,IL-->NO
OM,OMN,Oman,Muscat,Asia,Western Asia,,OM-->IL,OM-->IL,OM-->IL,OM-->IL,OM-->IL,OM-->IL,OM-->IL,OM-->IL,OM-->IL,OM-->IL,OM-->IL,OM-->IL,OM-->IL,OM-->IL,OM-->IL,OM-->IL,OM-->IL,OM-->IL,OM-->IL,,,,,,,,,,,,,,,,,IL-->OM,IL-->OM,IL-->OM,IL-->OM,IL-->OM,IL-->OM,IL-->OM,IL-->OM,IL-->OM,IL-->OM,IL-->OM,IL-->OM,IL-->OM,IL-->OM,IL-->OM,IL-->OM,IL-->OM,IL-->OM,IL-->OM
PK,PAK,Pakistan,Islamabad,Asia,Southern Asia,,PK-->IL,PK-->IL,PK-->IL,PK-->IL,PK-->IL,PK-->IL,PK-->IL,PK-->IL,PK-->IL,PK-->IL,PK-->IL,PK-->IL,PK-->IL,PK-->IL,PK-->IL,PK-->IL,PK-->IL,PK-->IL,PK-->IL,,,,,,,,,,,,,,,,,IL-->PK,IL-->PK,IL-->PK,IL-->PK,IL-->PK,IL-->PK,IL-->PK,IL-->PK,IL-->PK,IL-->PK,IL-->PK,IL-->PK,IL-->PK,IL-->PK,IL-->PK,IL-->PK,IL-->PK,IL-->PK,IL-->PK
PW,PLW,Palau,Ngerulmud,Oceania,Micronesia,,PW-->IL,PW-->IL,PW-->IL,PW-->IL,PW-->IL,PW-->IL,PW-->IL,PW-->IL,PW-->IL,PW-->IL,PW-->IL,PW-->IL,PW-->IL,PW-->IL,PW-->IL,PW-->IL,PW-->IL,PW-->IL,PW-->IL,,,,,,,,,,,,,,,,,IL-->PW,IL-->PW,IL-->PW,IL-->PW,IL-->PW,IL-->PW,IL-->PW,IL-->PW,IL-->PW,IL-->PW,IL-->PW,IL-->PW,IL-->PW,IL-->PW,IL-->PW,IL-->PW,IL-->PW,IL-->PW,IL-->PW
PS,PSE,Palestine,Ramallah,Asia,Western Asia,,PS-->IL,PS-->IL,PS-->IL,PS-->IL,PS-->IL,PS-->IL,PS-->IL,PS-->IL,PS-->IL,PS-->IL,PS-->IL,PS-->IL,PS-->IL,PS-->IL,PS-->IL,PS-->IL,PS-->IL,PS-->IL,PS-->IL,,,,,,,,,,,,,,,,,IL-->PS,IL-->PS,IL-->PS,IL-->PS,IL-->PS,IL-->PS,IL-->PS,IL-->PS,IL-->PS,IL-->PS,IL-->PS,IL-->PS,IL-->PS,IL-->PS,IL-->PS,IL-->PS,IL-->PS,IL-->PS,IL-->PS
PA,PAN,Panama,Panama City,Americas,Central America,,PA-->IL,PA-->IL,PA-->IL,PA-->IL,PA-->IL,PA-->IL,PA-->IL,PA-->IL,PA-->IL,PA-->IL,PA-->IL,PA-->IL,PA-->IL,PA-->IL,PA-->IL,PA-->IL,PA-->IL,PA-->IL,PA-->IL,,,,,,,,,,,,,,,,,IL-->PA,IL-->PA,IL-->PA,IL-->PA,IL-->PA,IL-->PA,IL-->PA,IL-->PA,IL-->PA,IL-->PA,IL-->PA,IL-->PA,IL-->PA,IL-->PA,IL-->PA,IL-->PA,IL-->PA,IL-->PA,IL-->PA
PG,PNG,Papua New Guinea,Port Moresby,Oceania,Melanesia,,PG-->IL,PG-->IL,PG-->IL,PG-->IL,PG-->IL,PG-->IL,PG-->IL,PG-->IL,PG-->IL,PG-->IL,PG-->IL,PG-->IL,PG-->IL,PG-->IL,PG-->IL,PG-->IL,PG-->IL,PG-->IL,PG-->IL,,,,,,,,,,,,,,,,,IL-->PG,IL-->PG,IL-->PG,IL-->PG,IL-->PG,IL-->PG,IL-->PG,IL-->PG,IL-->PG,IL-->PG,IL-->PG,IL-->PG,IL-->PG,IL-->PG,IL-->PG,IL-->PG,IL-->PG,IL-->PG,IL-->PG
PY,PRY,Paraguay,Asunción,Americas,South America,,PY-->IL,PY-->IL,PY-->IL,PY-->IL,PY-->IL,PY-->IL,PY-->IL,PY-->IL,PY-->IL,PY-->IL,PY-->IL,PY-->IL,PY-->IL,PY-->IL,PY-->IL,PY-->IL,PY-->IL,PY-->IL,PY-->IL,,,,,,,,,,,,,,,,,IL-->PY,IL-->PY,IL-->PY,IL-->PY,IL-->PY,IL-->PY,IL-->PY,IL-->PY,IL-->PY,IL-->PY,IL-->PY,IL-->PY,IL-->PY,IL-->PY,IL-->PY,IL-->PY,IL-->PY,IL-->PY,IL-->PY
PE,PER,Peru,Lima,Americas,South America,,PE-->IL,PE-->IL,PE-->IL,PE-->IL,PE-->IL,PE-->IL,PE-->IL,PE-->IL,PE-->IL,PE-->IL,PE-->IL,PE-->IL,PE-->IL,PE-->IL,PE-->IL,PE-->IL,PE-->IL,PE-->IL,PE-->IL,,,,,,,,,,,,,,,,,IL-->PE,IL-->PE,IL-->PE,IL-->PE,IL-->PE,IL-->PE,IL-->PE,IL-->PE,IL-->PE,IL-->PE,IL-->PE,IL-->PE,IL-->PE,IL-->PE,IL-->PE,IL-->PE,IL-->PE,IL-->PE,IL-->PE
PH,PHL,Philippines,Manila,Asia,South-Eastern Asia,,PH-->IL,PH-->IL,PH-->IL,PH-->IL,PH-->IL,PH-->IL,PH-->IL,PH-->IL,PH-->IL,PH-->IL,PH-->IL,PH-->IL,PH-->IL,PH-->IL,PH-->IL,PH-->IL,PH-->IL,PH-->IL,PH-->IL,,,,,,,,,,,,,,,,,IL-->PH,IL-->PH,IL-->PH,IL-->PH,IL-->PH,IL-->PH,IL-->PH,IL-->PH,IL-->PH,IL-->PH,IL-->PH,IL-->PH,IL-->PH,IL-->PH,IL-->PH,IL-->PH,IL-->PH,IL-->PH,IL-->PH
PN,PCN,Pitcairn Islands,Adamstown,Oceania,Polynesia,,PN-->IL,PN-->IL,PN-->IL,PN-->IL,PN-->IL,PN-->IL,PN-->IL,PN-->IL,PN-->IL,PN-->IL,PN-->IL,PN-->IL,PN-->IL,PN-->IL,PN-->IL,PN-->IL,PN-->IL,PN-->IL,PN-->IL,,,,,,,,,,,,,,,,,IL-->PN,IL-->PN,IL-->PN,IL-->PN,IL-->PN,IL-->PN,IL-->PN,IL-->PN,IL-->PN,IL-->PN,IL-->PN,IL-->PN,IL-->PN,IL-->PN,IL-->PN,IL-->PN,IL-->PN,IL-->PN,IL-->PN
PL,POL,Poland,Warsaw,Europe,Eastern Europe,,PL-->IL,PL-->IL,PL-->IL,PL-->IL,PL-->IL,PL-->IL,PL-->IL,PL-->IL,PL-->IL,PL-->IL,PL-->IL,PL-->IL,PL-->IL,PL-->IL,PL-->IL,PL-->IL,PL-->IL,PL-->IL,PL-->IL,,,,,,,,,,,,,,,,,IL-->PL,IL-->PL,IL-->PL,IL-->PL,IL-->PL,IL-->PL,IL-->PL,IL-->PL,IL-->PL,IL-->PL,IL-->PL,IL-->PL,IL-->PL,IL-->PL,IL-->PL,IL-->PL,IL-->PL,IL-->PL,IL-->PL
PT,PRT,Portugal,Lisbon,Europe,Southern Europe,,PT-->IL,PT-->IL,PT-->IL,PT-->IL,PT-->IL,PT-->IL,PT-->IL,PT-->IL,PT-->IL,PT-->IL,PT-->IL,PT-->IL,PT-->IL,PT-->IL,PT-->IL,PT-->IL,PT-->IL,PT-->IL,PT-->IL,,,,,,,,,,,,,,,,,IL-->PT,IL-->PT,IL-->PT,IL-->PT,IL-->PT,IL-->PT,IL-->PT,IL-->PT,IL-->PT,IL-->PT,IL-->PT,IL-->PT,IL-->PT,IL-->PT,IL-->PT,IL-->PT,IL-->PT,IL-->PT,IL-->PT
PR,PRI,Puerto Rico,San Juan,Americas,Caribbean,,PR-->IL,PR-->IL,PR-->IL,PR-->IL,PR-->IL,PR-->IL,PR-->IL,PR-->IL,PR-->IL,PR-->IL,PR-->IL,PR-->IL,PR-->IL,PR-->IL,PR-->IL,PR-->IL,PR-->IL,PR-->IL,PR-->IL,,,,,,,,,,,,,,,,,IL-->PR,IL-->PR,IL-->PR,IL-->PR,IL-->PR,IL-->PR,IL-->PR,IL-->PR,IL-->PR,IL-->PR,IL-->PR,IL-->PR,IL-->PR,IL-->PR,IL-->PR,IL-->PR,IL-->PR,IL-->PR,IL-->PR
QA,QAT,Qatar,Doha,Asia,Western Asia,,QA-->IL,QA-->IL,QA-->IL,QA-->IL,QA-->IL,QA-->IL,QA-->IL,QA-->IL,QA-->IL,QA-->IL,QA-->IL,QA-->IL,QA-->IL,QA-->IL,QA-->IL,QA-->IL,QA-->IL,QA-->IL,QA-->IL,,,,,,,,,,,,,,,,,IL-->QA,IL-->QA,IL-->QA,IL-->QA,IL-->QA,IL-->QA,IL-->QA,IL-->QA,IL-->QA,IL-->QA,IL-->QA,IL-->QA,IL-->QA,IL-->QA,IL-->QA,IL-->QA,IL-->QA,IL-->QA,IL-->QA
XK,KOS,Republic of Kosovo,Pristina,Europe,Eastern Europe,,XK-->IL,XK-->IL,XK-->IL,XK-->IL,XK-->IL,XK-->IL,XK-->IL,XK-->IL,XK-->IL,XK-->IL,XK-->IL,XK-->IL,XK-->IL,XK-->IL,XK-->IL,XK-->IL,XK-->IL,XK-->IL,XK-->IL,,,,,,,,,,,,,,,,,IL-->XK,IL-->XK,IL-->XK,IL-->XK,IL-->XK,IL-->XK,IL-->XK,IL-->XK,IL-->XK,IL-->XK,IL-->XK,IL-->XK,IL-->XK,IL-->XK,IL-->XK,IL-->XK,IL-->XK,IL-->XK,IL-->XK
RE,REU,Réunion,Saint-Denis,Africa,Eastern Africa,,RE-->IL,RE-->IL,RE-->IL,RE-->IL,RE-->IL,RE-->IL,RE-->IL,RE-->IL,RE-->IL,RE-->IL,RE-->IL,RE-->IL,RE-->IL,RE-->IL,RE-->IL,RE-->IL,RE-->IL,RE-->IL,RE-->IL,,,,,,,,,,,,,,,,,IL-->RE,IL-->RE,IL-->RE,IL-->RE,IL-->RE,IL-->RE,IL-->RE,IL-->RE,IL-->RE,IL-->RE,IL-->RE,IL-->RE,IL-->RE,IL-->RE,IL-->RE,IL-->RE,IL-->RE,IL-->RE,IL-->RE
RO,ROU,Romania,Bucharest,Europe,Eastern Europe,,RO-->IL,RO-->IL,RO-->IL,RO-->IL,RO-->IL,RO-->IL,RO-->IL,RO-->IL,RO-->IL,RO-->IL,RO-->IL,RO-->IL,RO-->IL,RO-->IL,RO-->IL,RO-->IL,RO-->IL,RO-->IL,RO-->IL,,,,,,,,,,,,,,,,,IL-->RO,IL-->RO,IL-->RO,IL-->RO,IL-->RO,IL-->RO,IL-->RO,IL-->RO,IL-->RO,IL-->RO,IL-->RO,IL-->RO,IL-->RO,IL-->RO,IL-->RO,IL-->RO,IL-->RO,IL-->RO,IL-->RO
RU,RUS,Russia,Moscow,Europe,Eastern Europe,,RU-->IL,RU-->IL,RU-->IL,RU-->IL,RU-->IL,RU-->IL,RU-->IL,RU-->IL,RU-->IL,RU-->IL,RU-->IL,RU-->IL,RU-->IL,RU-->IL,RU-->IL,RU-->IL,RU-->IL,RU-->IL,RU-->IL,,,,,,,,,,,,,,,,,IL-->RU,IL-->RU,IL-->RU,IL-->RU,IL-->RU,IL-->RU,IL-->RU,IL-->RU,IL-->RU,IL-->RU,IL-->RU,IL-->RU,IL-->RU,IL-->RU,IL-->RU,IL-->RU,IL-->RU,IL-->RU,IL-->RU
RW,RWA,Rwanda,Kigali,Africa,Eastern Africa,,RW-->IL,RW-->IL,RW-->IL,RW-->IL,RW-->IL,RW-->IL,RW-->IL,RW-->IL,RW-->IL,RW-->IL,RW-->IL,RW-->IL,RW-->IL,RW-->IL,RW-->IL,RW-->IL,RW-->IL,RW-->IL,RW-->IL,,,,,,,,,,,,,,,,,IL-->RW,IL-->RW,IL-->RW,IL-->RW,IL-->RW,IL-->RW,IL-->RW,IL-->RW,IL-->RW,IL-->RW,IL-->RW,IL-->RW,IL-->RW,IL-->RW,IL-->RW,IL-->RW,IL-->RW,IL-->RW,IL-->RW
BL,BLM,Saint Barthélemy,Gustavia,Americas,Caribbean,,BL-->IL,BL-->IL,BL-->IL,BL-->IL,BL-->IL,BL-->IL,BL-->IL,BL-->IL,BL-->IL,BL-->IL,BL-->IL,BL-->IL,BL-->IL,BL-->IL,BL-->IL,BL-->IL,BL-->IL,BL-->IL,BL-->IL,,,,,,,,,,,,,,,,,IL-->BL,IL-->BL,IL-->BL,IL-->BL,IL-->BL,IL-->BL,IL-->BL,IL-->BL,IL-->BL,IL-->BL,IL-->BL,IL-->BL,IL-->BL,IL-->BL,IL-->BL,IL-->BL,IL-->BL,IL-->BL,IL-->BL
SH,SHN,Saint Helena,Jamestown,Africa,Western Africa,,SH-->IL,SH-->IL,SH-->IL,SH-->IL,SH-->IL,SH-->IL,SH-->IL,SH-->IL,SH-->IL,SH-->IL,SH-->IL,SH-->IL,SH-->IL,SH-->IL,SH-->IL,SH-->IL,SH-->IL,SH-->IL,SH-->IL,,,,,,,,,,,,,,,,,IL-->SH,IL-->SH,IL-->SH,IL-->SH,IL-->SH,IL-->SH,IL-->SH,IL-->SH,IL-->SH,IL-->SH,IL-->SH,IL-->SH,IL-->SH,IL-->SH,IL-->SH,IL-->SH,IL-->SH,IL-->SH,IL-->SH
KN,KNA,Saint Kitts and Nevis,Basseterre,Americas,Caribbean,,KN-->IL,KN-->IL,KN-->IL,KN-->IL,KN-->IL,KN-->IL,KN-->IL,KN-->IL,KN-->IL,KN-->IL,KN-->IL,KN-->IL,KN-->IL,KN-->IL,KN-->IL,KN-->IL,KN-->IL,KN-->IL,KN-->IL,,,,,,,,,,,,,,,,,IL-->KN,IL-->KN,IL-->KN,IL-->KN,IL-->KN,IL-->KN,IL-->KN,IL-->KN,IL-->KN,IL-->KN,IL-->KN,IL-->KN,IL-->KN,IL-->KN,IL-->KN,IL-->KN,IL-->KN,IL-->KN,IL-->KN
LC,LCA,Saint Lucia,Castries,Americas,Caribbean,,LC-->IL,LC-->IL,LC-->IL,LC-->IL,LC-->IL,LC-->IL,LC-->IL,LC-->IL,LC-->IL,LC-->IL,LC-->IL,LC-->IL,LC-->IL,LC-->IL,LC-->IL,LC-->IL,LC-->IL,LC-->IL,LC-->IL,,,,,,,,,,,,,,,,,IL-->LC,IL-->LC,IL-->LC,IL-->LC,IL-->LC,IL-->LC,IL-->LC,IL-->LC,IL-->LC,IL-->LC,IL-->LC,IL-->LC,IL-->LC,IL-->LC,IL-->LC,IL-->LC,IL-->LC,IL-->LC,IL-->LC
MF,MAF,Saint Martin,Marigot,Americas,Caribbean,,MF-->IL,MF-->IL,MF-->IL,MF-->IL,MF-->IL,MF-->IL,MF-->IL,MF-->IL,MF-->IL,MF-->IL,MF-->IL,MF-->IL,MF-->IL,MF-->IL,MF-->IL,MF-->IL,MF-->IL,MF-->IL,MF-->IL,,,,,,,,,,,,,,,,,IL-->MF,IL-->MF,IL-->MF,IL-->MF,IL-->MF,IL-->MF,IL-->MF,IL-->MF,IL-->MF,IL-->MF,IL-->MF,IL-->MF,IL-->MF,IL-->MF,IL-->MF,IL-->MF,IL-->MF,IL-->MF,IL-->MF
PM,SPM,Saint Pierre and Miquelon,Saint-Pierre,Americas,Northern America,,PM-->IL,PM-->IL,PM-->IL,PM-->IL,PM-->IL,PM-->IL,PM-->IL,PM-->IL,PM-->IL,PM-->IL,PM-->IL,PM-->IL,PM-->IL,PM-->IL,PM-->IL,PM-->IL,PM-->IL,PM-->IL,PM-->IL,,,,,,,,,,,,,,,,,IL-->PM,IL-->PM,IL-->PM,IL-->PM,IL-->PM,IL-->PM,IL-->PM,IL-->PM,IL-->PM,IL-->PM,IL-->PM,IL-->PM,IL-->PM,IL-->PM,IL-->PM,IL-->PM,IL-->PM,IL-->PM,IL-->PM
VC,VCT,Saint Vincent and the Grenadines,Kingstown,Americas,Caribbean,,VC-->IL,VC-->IL,VC-->IL,VC-->IL,VC-->IL,VC-->IL,VC-->IL,VC-->IL,VC-->IL,VC-->IL,VC-->IL,VC-->IL,VC-->IL,VC-->IL,VC-->IL,VC-->IL,VC-->IL,VC-->IL,VC-->IL,,,,,,,,,,,,,,,,,IL-->VC,IL-->VC,IL-->VC,IL-->VC,IL-->VC,IL-->VC,IL-->VC,IL-->VC,IL-->VC,IL-->VC,IL-->VC,IL-->VC,IL-->VC,IL-->VC,IL-->VC,IL-->VC,IL-->VC,IL-->VC,IL-->VC
WS,WSM,Samoa,Apia,Oceania,Polynesia,,WS-->IL,WS-->IL,WS-->IL,WS-->IL,WS-->IL,WS-->IL,WS-->IL,WS-->IL,WS-->IL,WS-->IL,WS-->IL,WS-->IL,WS-->IL,WS-->IL,WS-->IL,WS-->IL,WS-->IL,WS-->IL,WS-->IL,,,,,,,,,,,,,,,,,IL-->WS,IL-->WS,IL-->WS,IL-->WS,IL-->WS,IL-->WS,IL-->WS,IL-->WS,IL-->WS,IL-->WS,IL-->WS,IL-->WS,IL-->WS,IL-->WS,IL-->WS,IL-->WS,IL-->WS,IL-->WS,IL-->WS
SM,SMR,San Marino,City of San Marino,Europe,Southern Europe,,SM-->IL,SM-->IL,SM-->IL,SM-->IL,SM-->IL,SM-->IL,SM-->IL,SM-->IL,SM-->IL,SM-->IL,SM-->IL,SM-->IL,SM-->IL,SM-->IL,SM-->IL,SM-->IL,SM-->IL,SM-->IL,SM-->IL,,,,,,,,,,,,,,,,,IL-->SM,IL-->SM,IL-->SM,IL-->SM,IL-->SM,IL-->SM,IL-->SM,IL-->SM,IL-->SM,IL-->SM,IL-->SM,IL-->SM,IL-->SM,IL-->SM,IL-->SM,IL-->SM,IL-->SM,IL-->SM,IL-->SM
ST,STP,São Tomé and Príncipe,São Tomé,Africa,Middle Africa,,ST-->IL,ST-->IL,ST-->IL,ST-->IL,ST-->IL,ST-->IL,ST-->IL,ST-->IL,ST-->IL,ST-->IL,ST-->IL,ST-->IL,ST-->IL,ST-->IL,ST-->IL,ST-->IL,ST-->IL,ST-->IL,ST-->IL,,,,,,,,,,,,,,,,,IL-->ST,IL-->ST,IL-->ST,IL-->ST,IL-->ST,IL-->ST,IL-->ST,IL-->ST,IL-->ST,IL-->ST,IL-->ST,IL-->ST,IL-->ST,IL-->ST,IL-->ST,IL-->ST,IL-->ST,IL-->ST,IL-->ST
SA,SAU,Saudi Arabia,Riyadh,Asia,Western Asia,,SA-->IL,SA-->IL,SA-->IL,SA-->IL,SA-->IL,SA-->IL,SA-->IL,SA-->IL,SA-->IL,SA-->IL,SA-->IL,SA-->IL,SA-->IL,SA-->IL,SA-->IL,SA-->IL,SA-->IL,SA-->IL,SA-->IL,,,,,,,,,,,,,,,,,IL-->SA,IL-->SA,IL-->SA,IL-->SA,IL-->SA,IL-->SA,IL-->SA,IL-->SA,IL-->SA,IL-->SA,IL-->SA,IL-->SA,IL-->SA,IL-->SA,IL-->SA,IL-->SA,IL-->SA,IL-->SA,IL-->SA
SN,SEN,Senegal,Dakar,Africa,Western Africa,,SN-->IL,SN-->IL,SN-->IL,SN-->IL,SN-->IL,SN-->IL,SN-->IL,SN-->IL,SN-->IL,SN-->IL,SN-->IL,SN-->IL,SN-->IL,SN-->IL,SN-->IL,SN-->IL,SN-->IL,SN-->IL,SN-->IL,,,,,,,,,,,,,,,,,IL-->SN,IL-->SN,IL-->SN,IL-->SN,IL-->SN,IL-->SN,IL-->SN,IL-->SN,IL-->SN,IL-->SN,IL-->SN,IL-->SN,IL-->SN,IL-->SN,IL-->SN,IL-->SN,IL-->SN,IL-->SN,IL-->SN
RS,SRB,Serbia,Belgrade,Europe,Southern Europe,,RS-->IL,RS-->IL,RS-->IL,RS-->IL,RS-->IL,RS-->IL,RS-->IL,RS-->IL,RS-->IL,RS-->IL,RS-->IL,RS-->IL,RS-->IL,RS-->IL,RS-->IL,RS-->IL,RS-->IL,RS-->IL,RS-->IL,,,,,,,,,,,,,,,,,IL-->RS,IL-->RS,IL-->RS,IL-->RS,IL-->RS,IL-->RS,IL-->RS,IL-->RS,IL-->RS,IL-->RS,IL-->RS,IL-->RS,IL-->RS,IL-->RS,IL-->RS,IL-->RS,IL-->RS,IL-->RS,IL-->RS
SC,SYC,Seychelles,Victoria,Africa,Eastern Africa,,SC-->IL,SC-->IL,SC-->IL,SC-->IL,SC-->IL,SC-->IL,SC-->IL,SC-->IL,SC-->IL,SC-->IL,SC-->IL,SC-->IL,SC-->IL,SC-->IL,SC-->IL,SC-->IL,SC-->IL,SC-->IL,SC-->IL,,,,,,,,,,,,,,,,,IL-->SC,IL-->SC,IL-->SC,IL-->SC,IL-->SC,IL-->SC,IL-->SC,IL-->SC,IL-->SC,IL-->SC,IL-->SC,IL-->SC,IL-->SC,IL-->SC,IL-->SC,IL-->SC,IL-->SC,IL-->SC,IL-->SC
SL,SLE,Sierra Leone,Freetown,Africa,Western Africa,,SL-->IL,SL-->IL,SL-->IL,SL-->IL,SL-->IL,SL-->IL,SL-->IL,SL-->IL,SL-->IL,SL-->IL,SL-->IL,SL-->IL,SL-->IL,SL-->IL,SL-->IL,SL-->IL,SL-->IL,SL-->IL,SL-->IL,,,,,,,,,,,,,,,,,IL-->SL,IL-->SL,IL-->SL,IL-->SL,IL-->SL,IL-->SL,IL-->SL,IL-->SL,IL-->SL,IL-->SL,IL-->SL,IL-->SL,IL-->SL,IL-->SL,IL-->SL,IL-->SL,IL-->SL,IL-->SL,IL-->SL
SG,SGP,Singapore,Singapore,Asia,South-Eastern Asia,,SG-->IL,SG-->IL,SG-->IL,SG-->IL,SG-->IL,SG-->IL,SG-->IL,SG-->IL,SG-->IL,SG-->IL,SG-->IL,SG-->IL,SG-->IL,SG-->IL,SG-->IL,SG-->IL,SG-->IL,SG-->IL,SG-->IL,,,,,,,,,,,,,,,,,IL-->SG,IL-->SG,IL-->SG,IL-->SG,IL-->SG,IL-->SG,IL-->SG,IL-->SG,IL-->SG,IL-->SG,IL-->SG,IL-->SG,IL-->SG,IL-->SG,IL-->SG,IL-->SG,IL-->SG,IL-->SG,IL-->SG
SX,SXM,Sint Maarten,Philipsburg,Americas,Caribbean,,SX-->IL,SX-->IL,SX-->IL,SX-->IL,SX-->IL,SX-->IL,SX-->IL,SX-->IL,SX-->IL,SX-->IL,SX-->IL,SX-->IL,SX-->IL,SX-->IL,SX-->IL,SX-->IL,SX-->IL,SX-->IL,SX-->IL,,,,,,,,,,,,,,,,,IL-->SX,IL-->SX,IL-->SX,IL-->SX,IL-->SX,IL-->SX,IL-->SX,IL-->SX,IL-->SX,IL-->SX,IL-->SX,IL-->SX,IL-->SX,IL-->SX,IL-->SX,IL-->SX,IL-->SX,IL-->SX,IL-->SX
SK,SVK,Slovakia,Bratislava,Europe,Eastern Europe,,SK-->IL,SK-->IL,SK-->IL,SK-->IL,SK-->IL,SK-->IL,SK-->IL,SK-->IL,SK-->IL,SK-->IL,SK-->IL,SK-->IL,SK-->IL,SK-->IL,SK-->IL,SK-->IL,SK-->IL,SK-->IL,SK-->IL,,,,,,,,,,,,,,,,,IL-->SK,IL-->SK,IL-->SK,IL-->SK,IL-->SK,IL-->SK,IL-->SK,IL-->SK,IL-->SK,IL-->SK,IL-->SK,IL-->SK,IL-->SK,IL-->SK,IL-->SK,IL-->SK,IL-->SK,IL-->SK,IL-->SK
SI,SVN,Slovenia,Ljubljana,Europe,Southern Europe,,SI-->IL,SI-->IL,SI-->IL,SI-->IL,SI-->IL,SI-->IL,SI-->IL,SI-->IL,SI-->IL,SI-->IL,SI-->IL,SI-->IL,SI-->IL,SI-->IL,SI-->IL,SI-->IL,SI-->IL,SI-->IL,SI-->IL,,,,,,,,,,,,,,,,,IL-->SI,IL-->SI,IL-->SI,IL-->SI,IL-->SI,IL-->SI,IL-->SI,IL-->SI,IL-->SI,IL-->SI,IL-->SI,IL-->SI,IL-->SI,IL-->SI,IL-->SI,IL-->SI,IL-->SI,IL-->SI,IL-->SI
SB,SLB,Solomon Islands,Honiara,Oceania,Melanesia,,SB-->IL,SB-->IL,SB-->IL,SB-->IL,SB-->IL,SB-->IL,SB-->IL,SB-->IL,SB-->IL,SB-->IL,SB-->IL,SB-->IL,SB-->IL,SB-->IL,SB-->IL,SB-->IL,SB-->IL,SB-->IL,SB-->IL,,,,,,,,,,,,,,,,,IL-->SB,IL-->SB,IL-->SB,IL-->SB,IL-->SB,IL-->SB,IL-->SB,IL-->SB,IL-->SB,IL-->SB,IL-->SB,IL-->SB,IL-->SB,IL-->SB,IL-->SB,IL-->SB,IL-->SB,IL-->SB,IL-->SB
SO,SOM,Somalia,Mogadishu,Africa,Eastern Africa,,SO-->IL,SO-->IL,SO-->IL,SO-->IL,SO-->IL,SO-->IL,SO-->IL,SO-->IL,SO-->IL,SO-->IL,SO-->IL,SO-->IL,SO-->IL,SO-->IL,SO-->IL,SO-->IL,SO-->IL,SO-->IL,SO-->IL,,,,,,,,,,,,,,,,,IL-->SO,IL-->SO,IL-->SO,IL-->SO,IL-->SO,IL-->SO,IL-->SO,IL-->SO,IL-->SO,IL-->SO,IL-->SO,IL-->SO,IL-->SO,IL-->SO,IL-->SO,IL-->SO,IL-->SO,IL-->SO,IL-->SO
ZA,ZAF,South Africa,Pretoria,Africa,Southern Africa,,ZA-->IL,ZA-->IL,ZA-->IL,ZA-->IL,ZA-->IL,ZA-->IL,ZA-->IL,ZA-->IL,ZA-->IL,ZA-->IL,ZA-->IL,ZA-->IL,ZA-->IL,ZA-->IL,ZA-->IL,ZA-->IL,ZA-->IL,ZA-->IL,ZA-->IL,,,,,,,,,,,,,,,,,IL-->ZA,IL-->ZA,IL-->ZA,IL-->ZA,IL-->ZA,IL-->ZA,IL-->ZA,IL-->ZA,IL-->ZA,IL-->ZA,IL-->ZA,IL-->ZA,IL-->ZA,IL-->ZA,IL-->ZA,IL-->ZA,IL-->ZA,IL-->ZA,IL-->ZA
GS,SGS,South Georgia,King Edward Point,Americas,South America,,GS-->IL,GS-->IL,GS-->IL,GS-->IL,GS-->IL,GS-->IL,GS-->IL,GS-->IL,GS-->IL,GS-->IL,GS-->IL,GS-->IL,GS-->IL,GS-->IL,GS-->IL,GS-->IL,GS-->IL,GS-->IL,GS-->IL,,,,,,,,,,,,,,,,,IL-->GS,IL-->GS,IL-->GS,IL-->GS,IL-->GS,IL-->GS,IL-->GS,IL-->GS,IL-->GS,IL-->GS,IL-->GS,IL-->GS,IL-->GS,IL-->GS,IL-->GS,IL-->GS,IL-->GS,IL-->GS,IL-->GS
KR,KOR,South Korea,Seoul,Asia,Eastern Asia,,KR-->IL,KR-->IL,KR-->IL,KR-->IL,KR-->IL,KR-->IL,KR-->IL,KR-->IL,KR-->IL,KR-->IL,KR-->IL,KR-->IL,KR-->IL,KR-->IL,KR-->IL,KR-->IL,KR-->IL,KR-->IL,KR-->IL,,,,,,,,,,,,,,,,,IL-->KR,IL-->KR,IL-->KR,IL-->KR,IL-->KR,IL-->KR,IL-->KR,IL-->KR,IL-->KR,IL-->KR,IL-->KR,IL-->KR,IL-->KR,IL-->KR,IL-->KR,IL-->KR,IL-->KR,IL-->KR,IL-->KR
SS,SSD,South Sudan,Juba,Africa,Middle Africa,,SS-->IL,SS-->IL,SS-->IL,SS-->IL,SS-->IL,SS-->IL,SS-->IL,SS-->IL,SS-->IL,SS-->IL,SS-->IL,SS-->IL,SS-->IL,SS-->IL,SS-->IL,SS-->IL,SS-->IL,SS-->IL,SS-->IL,,,,,,,,,,,,,,,,,IL-->SS,IL-->SS,IL-->SS,IL-->SS,IL-->SS,IL-->SS,IL-->SS,IL-->SS,IL-->SS,IL-->SS,IL-->SS,IL-->SS,IL-->SS,IL-->SS,IL-->SS,IL-->SS,IL-->SS,IL-->SS,IL-->SS
ES,ESP,Spain,Madrid,Europe,Southern Europe,,ES-->IL,ES-->IL,ES-->IL,ES-->IL,ES-->IL,ES-->IL,ES-->IL,ES-->IL,ES-->IL,ES-->IL,ES-->IL,ES-->IL,ES-->IL,ES-->IL,ES-->IL,ES-->IL,ES-->IL,ES-->IL,ES-->IL,,,,,,,,,,,,,,,,,IL-->ES,IL-->ES,IL-->ES,IL-->ES,IL-->ES,IL-->ES,IL-->ES,IL-->ES,IL-->ES,IL-->ES,IL-->ES,IL-->ES,IL-->ES,IL-->ES,IL-->ES,IL-->ES,IL-->ES,IL-->ES,IL-->ES
LK,LKA,Sri Lanka,Colombo,Asia,Southern Asia,,LK-->IL,LK-->IL,LK-->IL,LK-->IL,LK-->IL,LK-->IL,LK-->IL,LK-->IL,LK-->IL,LK-->IL,LK-->IL,LK-->IL,LK-->IL,LK-->IL,LK-->IL,LK-->IL,LK-->IL,LK-->IL,LK-->IL,,,,,,,,,,,,,,,,,IL-->LK,IL-->LK,IL-->LK,IL-->LK,IL-->LK,IL-->LK,IL-->LK,IL-->LK,IL-->LK,IL-->LK,IL-->LK,IL-->LK,IL-->LK,IL-->LK,IL-->LK,IL-->LK,IL-->LK,IL-->LK,IL-->LK
SD,SDN,Sudan,Khartoum,Africa,Northern Africa,,SD-->IL,SD-->IL,SD-->IL,SD-->IL,SD-->IL,SD-->IL,SD-->IL,SD-->IL,SD-->IL,SD-->IL,SD-->IL,SD-->IL,SD-->IL,SD-->IL,SD-->IL,SD-->IL,SD-->IL,SD-->IL,SD-->IL,,,,,,,,,,,,,,,,,IL-->SD,IL-->SD,IL-->SD,IL-->SD,IL-->SD,IL-->SD,IL-->SD,IL-->SD,IL-->SD,IL-->SD,IL-->SD,IL-->SD,IL-->SD,IL-->SD,IL-->SD,IL-->SD,IL-->SD,IL-->SD,IL-->SD
SR,SUR,Suriname,Paramaribo,Americas,South America,,SR-->IL,SR-->IL,SR-->IL,SR-->IL,SR-->IL,SR-->IL,SR-->IL,SR-->IL,SR-->IL,SR-->IL,SR-->IL,SR-->IL,SR-->IL,SR-->IL,SR-->IL,SR-->IL,SR-->IL,SR-->IL,SR-->IL,,,,,,,,,,,,,,,,,IL-->SR,IL-->SR,IL-->SR,IL-->SR,IL-->SR,IL-->SR,IL-->SR,IL-->SR,IL-->SR,IL-->SR,IL-->SR,IL-->SR,IL-->SR,IL-->SR,IL-->SR,IL-->SR,IL-->SR,IL-->SR,IL-->SR
SJ,SJM,Svalbard and Jan Mayen,Longyearbyen,Europe,Northern Europe,,SJ-->IL,SJ-->IL,SJ-->IL,SJ-->IL,SJ-->IL,SJ-->IL,SJ-->IL,SJ-->IL,SJ-->IL,SJ-->IL,SJ-->IL,SJ-->IL,SJ-->IL,SJ-->IL,SJ-->IL,SJ-->IL,SJ-->IL,SJ-->IL,SJ-->IL,,,,,,,,,,,,,,,,,IL-->SJ,IL-->SJ,IL-->SJ,IL-->SJ,IL-->SJ,IL-->SJ,IL-->SJ,IL-->SJ,IL-->SJ,IL-->SJ,IL-->SJ,IL-->SJ,IL-->SJ,IL-->SJ,IL-->SJ,IL-->SJ,IL-->SJ,IL-->SJ,IL-->SJ
SZ,SWZ,Swaziland,Lobamba,Africa,Southern Africa,,SZ-->IL,SZ-->IL,SZ-->IL,SZ-->IL,SZ-->IL,SZ-->IL,SZ-->IL,SZ-->IL,SZ-->IL,SZ-->IL,SZ-->IL,SZ-->IL,SZ-->IL,SZ-->IL,SZ-->IL,SZ-->IL,SZ-->IL,SZ-->IL,SZ-->IL,,,,,,,,,,,,,,,,,IL-->SZ,IL-->SZ,IL-->SZ,IL-->SZ,IL-->SZ,IL-->SZ,IL-->SZ,IL-->SZ,IL-->SZ,IL-->SZ,IL-->SZ,IL-->SZ,IL-->SZ,IL-->SZ,IL-->SZ,IL-->SZ,IL-->SZ,IL-->SZ,IL-->SZ
SE,SWE,Sweden,Stockholm,Europe,Northern Europe,,SE-->IL,SE-->IL,SE-->IL,SE-->IL,SE-->IL,SE-->IL,SE-->IL,SE-->IL,SE-->IL,SE-->IL,SE-->IL,SE-->IL,SE-->IL,SE-->IL,SE-->IL,SE-->IL,SE-->IL,SE-->IL,SE-->IL,,,,,,,,,,,,,,,,,IL-->SE,IL-->SE,IL-->SE,IL-->SE,IL-->SE,IL-->SE,IL-->SE,IL-->SE,IL-->SE,IL-->SE,IL-->SE,IL-->SE,IL-->SE,IL-->SE,IL-->SE,IL-->SE,IL-->SE,IL-->SE,IL-->SE
CH,CHE,Switzerland,Bern,Europe,Western Europe,,CH-->IL,CH-->IL,CH-->IL,CH-->IL,CH-->IL,CH-->IL,CH-->IL,CH-->IL,CH-->IL,CH-->IL,CH-->IL,CH-->IL,CH-->IL,CH-->IL,CH-->IL,CH-->IL,CH-->IL,CH-->IL,CH-->IL,,,,,,,,,,,,,,,,,IL-->CH,IL-->CH,IL-->CH,IL-->CH,IL-->CH,IL-->CH,IL-->CH,IL-->CH,IL-->CH,IL-->CH,IL-->CH,IL-->CH,IL-->CH,IL-->CH,IL-->CH,IL-->CH,IL-->CH,IL-->CH,IL-->CH
SY,SYR,Syria,Damascus,Asia,Western Asia,,SY-->IL,SY-->IL,SY-->IL,SY-->IL,SY-->IL,SY-->IL,SY-->IL,SY-->IL,SY-->IL,SY-->IL,SY-->IL,SY-->IL,SY-->IL,SY-->IL,SY-->IL,SY-->IL,SY-->IL,SY-->IL,SY-->IL,,,,,,,,,,,,,,,,,IL-->SY,IL-->SY,IL-->SY,IL-->SY,IL-->SY,IL-->SY,IL-->SY,IL-->SY,IL-->SY,IL-->SY,IL-->SY,IL-->SY,IL-->SY,IL-->SY,IL-->SY,IL-->SY,IL-->SY,IL-->SY,IL-->SY
TW,TWN,Taiwan,Taipei,Asia,Eastern Asia,,TW-->IL,TW-->IL,TW-->IL,TW-->IL,TW-->IL,TW-->IL,TW-->IL,TW-->IL,TW-->IL,TW-->IL,TW-->IL,TW-->IL,TW-->IL,TW-->IL,TW-->IL,TW-->IL,TW-->IL,TW-->IL,TW-->IL,,,,,,,,,,,,,,,,,IL-->TW,IL-->TW,IL-->TW,IL-->TW,IL-->TW,IL-->TW,IL-->TW,IL-->TW,IL-->TW,IL-->TW,IL-->TW,IL-->TW,IL-->TW,IL-->TW,IL-->TW,IL-->TW,IL-->TW,IL-->TW,IL-->TW
TJ,TJK,Tajikistan,Dushanbe,Asia,Central Asia,,TJ-->IL,TJ-->IL,TJ-->IL,TJ-->IL,TJ-->IL,TJ-->IL,TJ-->IL,TJ-->IL,TJ-->IL,TJ-->IL,TJ-->IL,TJ-->IL,TJ-->IL,TJ-->IL,TJ-->IL,TJ-->IL,TJ-->IL,TJ-->IL,TJ-->IL,,,,,,,,,,,,,,,,,IL-->TJ,IL-->TJ,IL-->TJ,IL-->TJ,IL-->TJ,IL-->TJ,IL-->TJ,IL-->TJ,IL-->TJ,IL-->TJ,IL-->TJ,IL-->TJ,IL-->TJ,IL-->TJ,IL-->TJ,IL-->TJ,IL-->TJ,IL-->TJ,IL-->TJ
TZ,TZA,Tanzania,Dodoma,Africa,Eastern Africa,,TZ-->IL,TZ-->IL,TZ-->IL,TZ-->IL,TZ-->IL,TZ-->IL,TZ-->IL,TZ-->IL,TZ-->IL,TZ-->IL,TZ-->IL,TZ-->IL,TZ-->IL,TZ-->IL,TZ-->IL,TZ-->IL,TZ-->IL,TZ-->IL,TZ-->IL,,,,,,,,,,,,,,,,,IL-->TZ,IL-->TZ,IL-->TZ,IL-->TZ,IL-->TZ,IL-->TZ,IL-->TZ,IL-->TZ,IL-->TZ,IL-->TZ,IL-->TZ,IL-->TZ,IL-->TZ,IL-->TZ,IL-->TZ,IL-->TZ,IL-->TZ,IL-->TZ,IL-->TZ
TH,THA,Thailand,Bangkok,Asia,South-Eastern Asia,,TH-->IL,TH-->IL,TH-->IL,TH-->IL,TH-->IL,TH-->IL,TH-->IL,TH-->IL,TH-->IL,TH-->IL,TH-->IL,TH-->IL,TH-->IL,TH-->IL,TH-->IL,TH-->IL,TH-->IL,TH-->IL,TH-->IL,,,,,,,,,,,,,,,,,IL-->TH,IL-->TH,IL-->TH,IL-->TH,IL-->TH,IL-->TH,IL-->TH,IL-->TH,IL-->TH,IL-->TH,IL-->TH,IL-->TH,IL-->TH,IL-->TH,IL-->TH,IL-->TH,IL-->TH,IL-->TH,IL-->TH
TL,TLS,East Timor,Dili,Asia,South-Eastern Asia,,TL-->IL,TL-->IL,TL-->IL,TL-->IL,TL-->IL,TL-->IL,TL-->IL,TL-->IL,TL-->IL,TL-->IL,TL-->IL,TL-->IL,TL-->IL,TL-->IL,TL-->IL,TL-->IL,TL-->IL,TL-->IL,TL-->IL,,,,,,,,,,,,,,,,,IL-->TL,IL-->TL,IL-->TL,IL-->TL,IL-->TL,IL-->TL,IL-->TL,IL-->TL,IL-->TL,IL-->TL,IL-->TL,IL-->TL,IL-->TL,IL-->TL,IL-->TL,IL-->TL,IL-->TL,IL-->TL,IL-->TL
TG,TGO,Togo,Lomé,Africa,Western Africa,,TG-->IL,TG-->IL,TG-->IL,TG-->IL,TG-->IL,TG-->IL,TG-->IL,TG-->IL,TG-->IL,TG-->IL,TG-->IL,TG-->IL,TG-->IL,TG-->IL,TG-->IL,TG-->IL,TG-->IL,TG-->IL,TG-->IL,,,,,,,,,,,,,,,,,IL-->TG,IL-->TG,IL-->TG,IL-->TG,IL-->TG,IL-->TG,IL-->TG,IL-->TG,IL-->TG,IL-->TG,IL-->TG,IL-->TG,IL-->TG,IL-->TG,IL-->TG,IL-->TG,IL-->TG,IL-->TG,IL-->TG
TK,TKL,Tokelau,Fakaofo,Oceania,Polynesia,,TK-->IL,TK-->IL,TK-->IL,TK-->IL,TK-->IL,TK-->IL,TK-->IL,TK-->IL,TK-->IL,TK-->IL,TK-->IL,TK-->IL,TK-->IL,TK-->IL,TK-->IL,TK-->IL,TK-->IL,TK-->IL,TK-->IL,,,,,,,,,,,,,,,,,IL-->TK,IL-->TK,IL-->TK,IL-->TK,IL-->TK,IL-->TK,IL-->TK,IL-->TK,IL-->TK,IL-->TK,IL-->TK,IL-->TK,IL-->TK,IL-->TK,IL-->TK,IL-->TK,IL-->TK,IL-->TK,IL-->TK
TO,TON,Tonga,Nuku'alofa,Oceania,Polynesia,,TO-->IL,TO-->IL,TO-->IL,TO-->IL,TO-->IL,TO-->IL,TO-->IL,TO-->IL,TO-->IL,TO-->IL,TO-->IL,TO-->IL,TO-->IL,TO-->IL,TO-->IL,TO-->IL,TO-->IL,TO-->IL,TO-->IL,,,,,,,,,,,,,,,,,IL-->TO,IL-->TO,IL-->TO,IL-->TO,IL-->TO,IL-->TO,IL-->TO,IL-->TO,IL-->TO,IL-->TO,IL-->TO,IL-->TO,IL-->TO,IL-->TO,IL-->TO,IL-->TO,IL-->TO,IL-->TO,IL-->TO
TT,TTO,Trinidad and Tobago,Port of Spain,Americas,Caribbean,,TT-->IL,TT-->IL,TT-->IL,TT-->IL,TT-->IL,TT-->IL,TT-->IL,TT-->IL,TT-->IL,TT-->IL,TT-->IL,TT-->IL,TT-->IL,TT-->IL,TT-->IL,TT-->IL,TT-->IL,TT-->IL,TT-->IL,,,,,,,,,,,,,,,,,IL-->TT,IL-->TT,IL-->TT,IL-->TT,IL-->TT,IL-->TT,IL-->TT,IL-->TT,IL-->TT,IL-->TT,IL-->TT,IL-->TT,IL-->TT,IL-->TT,IL-->TT,IL-->TT,IL-->TT,IL-->TT,IL-->TT
TN,TUN,Tunisia,Tunis,Africa,Northern Africa,,TN-->IL,TN-->IL,TN-->IL,TN-->IL,TN-->IL,TN-->IL,TN-->IL,TN-->IL,TN-->IL,TN-->IL,TN-->IL,TN-->IL,TN-->IL,TN-->IL,TN-->IL,TN-->IL,TN-->IL,TN-->IL,TN-->IL,,,,,,,,,,,,,,,,,IL-->TN,IL-->TN,IL-->TN,IL-->TN,IL-->TN,IL-->TN,IL-->TN,IL-->TN,IL-->TN,IL-->TN,IL-->TN,IL-->TN,IL-->TN,IL-->TN,IL-->TN,IL-->TN,IL-->TN,IL-->TN,IL-->TN
TR,TUR,Turkey,Ankara,Asia,Western Asia,,TR-->IL,TR-->IL,TR-->IL,TR-->IL,TR-->IL,TR-->IL,TR-->IL,TR-->IL,TR-->IL,TR-->IL,TR-->IL,TR-->IL,TR-->IL,TR-->IL,TR-->IL,TR-->IL,TR-->IL,TR-->IL,TR-->IL,,,,,,,,,,,,,,,,,IL-->TR,IL-->TR,IL-->TR,IL-->TR,IL-->TR,IL-->TR,IL-->TR,IL-->TR,IL-->TR,IL-->TR,IL-->TR,IL-->TR,IL-->TR,IL-->TR,IL-->TR,IL-->TR,IL-->TR,IL-->TR,IL-->TR
TM,TKM,Turkmenistan,Ashgabat,Asia,Central Asia,,TM-->IL,TM-->IL,TM-->IL,TM-->IL,TM-->IL,TM-->IL,TM-->IL,TM-->IL,TM-->IL,TM-->IL,TM-->IL,TM-->IL,TM-->IL,TM-->IL,TM-->IL,TM-->IL,TM-->IL,TM-->IL,TM-->IL,,,,,,,,,,,,,,,,,IL-->TM,IL-->TM,IL-->TM,IL-->TM,IL-->TM,IL-->TM,IL-->TM,IL-->TM,IL-->TM,IL-->TM,IL-->TM,IL-->TM,IL-->TM,IL-->TM,IL-->TM,IL-->TM,IL-->TM,IL-->TM,IL-->TM
TC,TCA,Turks and Caicos Islands,Cockburn Town,Americas,Caribbean,,TC-->IL,TC-->IL,TC-->IL,TC-->IL,TC-->IL,TC-->IL,TC-->IL,TC-->IL,TC-->IL,TC-->IL,TC-->IL,TC-->IL,TC-->IL,TC-->IL,TC-->IL,TC-->IL,TC-->IL,TC-->IL,TC-->IL,,,,,,,,,,,,,,,,,IL-->TC,IL-->TC,IL-->TC,IL-->TC,IL-->TC,IL-->TC,IL-->TC,IL-->TC,IL-->TC,IL-->TC,IL-->TC,IL-->TC,IL-->TC,IL-->TC,IL-->TC,IL-->TC,IL-->TC,IL-->TC,IL-->TC
TV,TUV,Tuvalu,Funafuti,Oceania,Polynesia,,TV-->IL,TV-->IL,TV-->IL,TV-->IL,TV-->IL,TV-->IL,TV-->IL,TV-->IL,TV-->IL,TV-->IL,TV-->IL,TV-->IL,TV-->IL,TV-->IL,TV-->IL,TV-->IL,TV-->IL,TV-->IL,TV-->IL,,,,,,,,,,,,,,,,,IL-->TV,IL-->TV,IL-->TV,IL-->TV,IL-->TV,IL-->TV,IL-->TV,IL-->TV,IL-->TV,IL-->TV,IL-->TV,IL-->TV,IL-->TV,IL-->TV,IL-->TV,IL-->TV,IL-->TV,IL-->TV,IL-->TV
UG,UGA,Uganda,Kampala,Africa,Eastern Africa,,UG-->IL,UG-->IL,UG-->IL,UG-->IL,UG-->IL,UG-->IL,UG-->IL,UG-->IL,UG-->IL,UG-->IL,UG-->IL,UG-->IL,UG-->IL,UG-->IL,UG-->IL,UG-->IL,UG-->IL,UG-->IL,UG-->IL,,,,,,,,,,,,,,,,,IL-->UG,IL-->UG,IL-->UG,IL-->UG,IL-->UG,IL-->UG,IL-->UG,IL-->UG,IL-->UG,IL-->UG,IL-->UG,IL-->UG,IL-->UG,IL-->UG,IL-->UG,IL-->UG,IL-->UG,IL-->UG,IL-->UG
UA,UKR,Ukraine,Kiev,Europe,Eastern Europe,,UA-->IL,UA-->IL,UA-->IL,UA-->IL,UA-->IL,UA-->IL,UA-->IL,UA-->IL,UA-->IL,UA-->IL,UA-->IL,UA-->IL,UA-->IL,UA-->IL,UA-->IL,UA-->IL,UA-->IL,UA-->IL,UA-->IL,,,,,,,,,,,,,,,,,IL-->UA,IL-->UA,IL-->UA,IL-->UA,IL-->UA,IL-->UA,IL-->UA,IL-->UA,IL-->UA,IL-->UA,IL-->UA,IL-->UA,IL-->UA,IL-->UA,IL-->UA,IL-->UA,IL-->UA,IL-->UA,IL-->UA
AE,ARE,United Arab Emirates,Abu Dhabi,Asia,Western Asia,,AE-->IL,AE-->IL,AE-->IL,AE-->IL,AE-->IL,AE-->IL,AE-->IL,AE-->IL,AE-->IL,AE-->IL,AE-->IL,AE-->IL,AE-->IL,AE-->IL,AE-->IL,AE-->IL,AE-->IL,AE-->IL,AE-->IL,,,,,,,,,,,,,,,,,IL-->AE,IL-->AE,IL-->AE,IL-->AE,IL-->AE,IL-->AE,IL-->AE,IL-->AE,IL-->AE,IL-->AE,IL-->AE,IL-->AE,IL-->AE,IL-->AE,IL-->AE,IL-->AE,IL-->AE,IL-->AE,IL-->AE
GB,GBR,United Kingdom,London,Europe,Northern Europe,,GB-->IL,GB-->IL,GB-->IL,GB-->IL,GB-->IL,GB-->IL,GB-->IL,GB-->IL,GB-->IL,GB-->IL,GB-->IL,GB-->IL,GB-->IL,GB-->IL,GB-->IL,GB-->IL,GB-->IL,GB-->IL,GB-->IL,,,,,,,,,,,,,,,,,IL-->GB,IL-->GB,IL-->GB,IL-->GB,IL-->GB,IL-->GB,IL-->GB,IL-->GB,IL-->GB,IL-->GB,IL-->GB,IL-->GB,IL-->GB,IL-->GB,IL-->GB,IL-->GB,IL-->GB,IL-->GB,IL-->GB
US,USA,United States,"Washington, D.C.",Americas,Northern America,,US-->IL,US-->IL,US-->IL,US-->IL,US-->IL,US-->IL,US-->IL,US-->IL,US-->IL,US-->IL,US-->IL,US-->IL,US-->IL,US-->IL,US-->IL,US-->IL,US-->IL,US-->IL,US-->IL,,,,,,,,,,,,,,,,,IL-->US,IL-->US,IL-->US,IL-->US,IL-->US,IL-->US,IL-->US,IL-->US,IL-->US,IL-->US,IL-->US,IL-->US,IL-->US,IL-->US,IL-->US,IL-->US,IL-->US,IL-->US,IL-->US
UY,URY,Uruguay,Montevideo,Americas,South America,,UY-->IL,UY-->IL,UY-->IL,UY-->IL,UY-->IL,UY-->IL,UY-->IL,UY-->IL,UY-->IL,UY-->IL,UY-->IL,UY-->IL,UY-->IL,UY-->IL,UY-->IL,UY-->IL,UY-->IL,UY-->IL,UY-->IL,,,,,,,,,,,,,,,,,IL-->UY,IL-->UY,IL-->UY,IL-->UY,IL-->UY,IL-->UY,IL-->UY,IL-->UY,IL-->UY,IL-->UY,IL-->UY,IL-->UY,IL-->UY,IL-->UY,IL-->UY,IL-->UY,IL-->UY,IL-->UY,IL-->UY
UZ,UZB,Uzbekistan,Tashkent,Asia,Central Asia,,UZ-->IL,UZ-->IL,UZ-->IL,UZ-->IL,UZ-->IL,UZ-->IL,UZ-->IL,UZ-->IL,UZ-->IL,UZ-->IL,UZ-->IL,UZ-->IL,UZ-->IL,UZ-->IL,UZ-->IL,UZ-->IL,UZ-->IL,UZ-->IL,UZ-->IL,,,,,,,,,,,,,,,,,IL-->UZ,IL-->UZ,IL-->UZ,IL-->UZ,IL-->UZ,IL-->UZ,IL-->UZ,IL-->UZ,IL-->UZ,IL-->UZ,IL-->UZ,IL-->UZ,IL-->UZ,IL-->UZ,IL-->UZ,IL-->UZ,IL-->UZ,IL-->UZ,IL-->UZ
VU,VUT,Vanuatu,Port Vila,Oceania,Melanesia,,VU-->IL,VU-->IL,VU-->IL,VU-->IL,VU-->IL,VU-->IL,VU-->IL,VU-->IL,VU-->IL,VU-->IL,VU-->IL,VU-->IL,VU-->IL,VU-->IL,VU-->IL,VU-->IL,VU-->IL,VU-->IL,VU-->IL,,,,,,,,,,,,,,,,,IL-->VU,IL-->VU,IL-->VU,IL-->VU,IL-->VU,IL-->VU,IL-->VU,IL-->VU,IL-->VU,IL-->VU,IL-->VU,IL-->VU,IL-->VU,IL-->VU,IL-->VU,IL-->VU,IL-->VU,IL-->VU,IL-->VU
VE,VEN,Venezuela,Caracas,Americas,South America,,VE-->IL,VE-->IL,VE-->IL,VE-->IL,VE-->IL,VE-->IL,VE-->IL,VE-->IL,VE-->IL,VE-->IL,VE-->IL,VE-->IL,VE-->IL,VE-->IL,VE-->IL,VE-->IL,VE-->IL,VE-->IL,VE-->IL,,,,,,,,,,,,,,,,,IL-->VE,IL-->VE,IL-->VE,IL-->VE,IL-->VE,IL-->VE,IL-->VE,IL-->VE,IL-->VE,IL-->VE,IL-->VE,IL-->VE,IL-->VE,IL-->VE,IL-->VE,IL-->VE,IL-->VE,IL-->VE,IL-->VE
VN,VNM,Vietnam,Hanoi,Asia,South-Eastern Asia,,VN-->IL,VN-->IL,VN-->IL,VN-->IL,VN-->IL,VN-->IL,VN-->IL,VN-->IL,VN-->IL,VN-->IL,VN-->IL,VN-->IL,VN-->IL,VN-->IL,VN-->IL,VN-->IL,VN-->IL,VN-->IL,VN-->IL,,,,,,,,,,,,,,,,,IL-->VN,IL-->VN,IL-->VN,IL-->VN,IL-->VN,IL-->VN,IL-->VN,IL-->VN,IL-->VN,IL-->VN,IL-->VN,IL-->VN,IL-->VN,IL-->VN,IL-->VN,IL-->VN,IL-->VN,IL-->VN,IL-->VN
WF,WLF,Wallis and Futuna,Mata-Utu,Oceania,Polynesia,,WF-->IL,WF-->IL,WF-->IL,WF-->IL,WF-->IL,WF-->IL,WF-->IL,WF-->IL,WF-->IL,WF-->IL,WF-->IL,WF-->IL,WF-->IL,WF-->IL,WF-->IL,WF-->IL,WF-->IL,WF-->IL,WF-->IL,,,,,,,,,,,,,,,,,IL-->WF,IL-->WF,IL-->WF,IL-->WF,IL-->WF,IL-->WF,IL-->WF,IL-->WF,IL-->WF,IL-->WF,IL-->WF,IL-->WF,IL-->WF,IL-->WF,IL-->WF,IL-->WF,IL-->WF,IL-->WF,IL-->WF
EH,ESH,Western Sahara,El Aaiún,Africa,Northern Africa,,EH-->IL,EH-->IL,EH-->IL,EH-->IL,EH-->IL,EH-->IL,EH-->IL,EH-->IL,EH-->IL,EH-->IL,EH-->IL,EH-->IL,EH-->IL,EH-->IL,EH-->IL,EH-->IL,EH-->IL,EH-->IL,EH-->IL,,,,,,,,,,,,,,,,,IL-->EH,IL-->EH,IL-->EH,IL-->EH,IL-->EH,IL-->EH,IL-->EH,IL-->EH,IL-->EH,IL-->EH,IL-->EH,IL-->EH,IL-->EH,IL-->EH,IL-->EH,IL-->EH,IL-->EH,IL-->EH,IL-->EH
YE,YEM,Yemen,Sana'a,Asia,Western Asia,,YE-->IL,YE-->IL,YE-->IL,YE-->IL,YE-->IL,YE-->IL,YE-->IL,YE-->IL,YE-->IL,YE-->IL,YE-->IL,YE-->IL,YE-->IL,YE-->IL,YE-->IL,YE-->IL,YE-->IL,YE-->IL,YE-->IL,,,,,,,,,,,,,,,,,IL-->YE,IL-->YE,IL-->YE,IL-->YE,IL-->YE,IL-->YE,IL-->YE,IL-->YE,IL-->YE,IL-->YE,IL-->YE,IL-->YE,IL-->YE,IL-->YE,IL-->YE,IL-->YE,IL-->YE,IL-->YE,IL-->YE
ZM,ZMB,Zambia,Lusaka,Africa,Eastern Africa,,ZM-->IL,ZM-->IL,ZM-->IL,ZM-->IL,ZM-->IL,ZM-->IL,ZM-->IL,ZM-->IL,ZM-->IL,ZM-->IL,ZM-->IL,ZM-->IL,ZM-->IL,ZM-->IL,ZM-->IL,ZM-->IL,ZM-->IL,ZM-->IL,ZM-->IL,,,,,,,,,,,,,,,,,IL-->ZM,IL-->ZM,IL-->ZM,IL-->ZM,IL-->ZM,IL-->ZM,IL-->ZM,IL-->ZM,IL-->ZM,IL-->ZM,IL-->ZM,IL-->ZM,IL-->ZM,IL-->ZM,IL-->ZM,IL-->ZM,IL-->ZM,IL-->ZM,IL-->ZM
ZW,ZWE,Zimbabwe,Harare,Africa,Eastern Africa,,ZW-->IL,ZW-->IL,ZW-->IL,ZW-->IL,ZW-->IL,ZW-->IL,ZW-->IL,ZW-->IL,ZW-->IL,ZW-->IL,ZW-->IL,ZW-->IL,ZW-->IL,ZW-->IL,ZW-->IL,ZW-->IL,ZW-->IL,ZW-->IL,ZW-->IL,,,,,,,,,,,,,,,,,IL-->ZW,IL-->ZW,IL-->ZW,IL-->ZW,IL-->ZW,IL-->ZW,IL-->ZW,IL-->ZW,IL-->ZW,IL-->ZW,IL-->ZW,IL-->ZW,IL-->ZW,IL-->ZW,IL-->ZW,IL-->ZW,IL-->ZW,IL-->ZW,IL-->ZW
