nu,code,name,capital,region,subregion,Unnamed: 6,quara/into/where/e,quara/into/where/v,quara/into/where/uv,quara/into/min/e,quara/into/min/v,quara/into/min/uv,quara/into/max/e,quara/into/max/v,quara/into/max/uv,quara/into/comment,test/into/pcr/e,test/into/pcr/v,test/into/pcr/uv,test/into/ag/e,test/into/ag/v,test/into/ag/uv,test/into/comment,visa/into,visa/into/comment,loadStates/into,Unnamed: 27,Unnamed: 28,Unnamed: 29,Unnamed: 30,Unnamed: 31,Unnamed: 32,Unnamed: 33,Unnamed: 34,Unnamed: 35,Unnamed: 36,Unnamed: 37,Unnamed: 38,Unnamed: 39,Unnamed: 40,Unnamed: 41,quara/out/where/e,quara/out/where/v,quara/out/where/uv,quara/out/min/e,quara/out/min/v,quara/out/min/uv,quara/out/max/e,quara/out/max/v,quara/out/max/uv,quara/out/comment,test/out/pcr/e,test/out/pcr/v,test/out/pcr/uv,test/out/ag/e,test/out/ag/v,test/out/ag/uv,test/out/comment,visa/out,visa/out/comment
AF,AFG,Afghanistan,Kabul,Asia,Southern Asia,,AF-->BL,AF-->BL,AF-->BL,AF-->BL,AF-->BL,AF-->BL,AF-->BL,AF-->BL,AF-->BL,AF-->BL,AF-->BL,AF-->BL,AF-->BL,AF-->BL,AF-->BL,AF-->BL,AF-->BL,AF-->BL,AF-->BL,,,,,,,,,,,,,,,,,BL-->AF,BL-->AF,BL-->AF,BL-->AF,BL-->AF,BL-->AF,BL-->AF,BL-->AF,BL-->AF,BL-->AF,BL-->AF,BL-->AF,BL-->AF,BL-->AF,BL-->AF,BL-->AF,BL-->AF,BL-->AF,BL-->AF
AX,ALA,Åland Islands,Mariehamn,Europe,Northern Europe,,AX-->BL,AX-->BL,AX-->BL,AX-->BL,AX-->BL,AX-->BL,AX-->BL,AX-->BL,AX-->BL,AX-->BL,AX-->BL,AX-->BL,AX-->BL,AX-->BL,AX-->BL,AX-->BL,AX-->BL,AX-->BL,AX-->BL,,,,,,,,,,,,,,,,,BL-->AX,BL-->AX,BL-->AX,BL-->AX,BL-->AX,BL-->AX,BL-->AX,BL-->AX,BL-->AX,BL-->AX,BL-->AX,BL-->AX,BL-->AX,BL-->AX,BL-->AX,BL-->AX,BL-->AX,BL-->AX,BL-->AX
AL,ALB,Albania,Tirana,Europe,Southern Europe,,AL-->BL,AL-->BL,AL-->BL,AL-->BL,AL-->BL,AL-->BL,AL-->BL,AL-->BL,AL-->BL,AL-->BL,AL-->BL,AL-->BL,AL-->BL,AL-->BL,AL-->BL,AL-->BL,AL-->BL,AL-->BL,AL-->BL,,,,,,,,,,,,,,,,,BL-->AL,BL-->AL,BL-->AL,BL-->AL,BL-->AL,BL-->AL,BL-->AL,BL-->AL,BL-->AL,BL-->AL,BL-->AL,BL-->AL,BL-->AL,BL-->AL,BL-->AL,BL-->AL,BL-->AL,BL-->AL,BL-->AL
DZ,DZA,Algeria,Algiers,Africa,Northern Africa,,DZ-->BL,DZ-->BL,DZ-->BL,DZ-->BL,DZ-->BL,DZ-->BL,DZ-->BL,DZ-->BL,DZ-->BL,DZ-->BL,DZ-->BL,DZ-->BL,DZ-->BL,DZ-->BL,DZ-->BL,DZ-->BL,DZ-->BL,DZ-->BL,DZ-->BL,,,,,,,,,,,,,,,,,BL-->DZ,BL-->DZ,BL-->DZ,BL-->DZ,BL-->DZ,BL-->DZ,BL-->DZ,BL-->DZ,BL-->DZ,BL-->DZ,BL-->DZ,BL-->DZ,BL-->DZ,BL-->DZ,BL-->DZ,BL-->DZ,BL-->DZ,BL-->DZ,BL-->DZ
AS,ASM,American Samoa,Pago Pago,Oceania,Polynesia,,AS-->BL,AS-->BL,AS-->BL,AS-->BL,AS-->BL,AS-->BL,AS-->BL,AS-->BL,AS-->BL,AS-->BL,AS-->BL,AS-->BL,AS-->BL,AS-->BL,AS-->BL,AS-->BL,AS-->BL,AS-->BL,AS-->BL,,,,,,,,,,,,,,,,,BL-->AS,BL-->AS,BL-->AS,BL-->AS,BL-->AS,BL-->AS,BL-->AS,BL-->AS,BL-->AS,BL-->AS,BL-->AS,BL-->AS,BL-->AS,BL-->AS,BL-->AS,BL-->AS,BL-->AS,BL-->AS,BL-->AS
AD,AND,Andorra,Andorra la Vella,Europe,Southern Europe,,AD-->BL,AD-->BL,AD-->BL,AD-->BL,AD-->BL,AD-->BL,AD-->BL,AD-->BL,AD-->BL,AD-->BL,AD-->BL,AD-->BL,AD-->BL,AD-->BL,AD-->BL,AD-->BL,AD-->BL,AD-->BL,AD-->BL,,,,,,,,,,,,,,,,,BL-->AD,BL-->AD,BL-->AD,BL-->AD,BL-->AD,BL-->AD,BL-->AD,BL-->AD,BL-->AD,BL-->AD,BL-->AD,BL-->AD,BL-->AD,BL-->AD,BL-->AD,BL-->AD,BL-->AD,BL-->AD,BL-->AD
AO,AGO,Angola,Luanda,Africa,Middle Africa,,AO-->BL,AO-->BL,AO-->BL,AO-->BL,AO-->BL,AO-->BL,AO-->BL,AO-->BL,AO-->BL,AO-->BL,AO-->BL,AO-->BL,AO-->BL,AO-->BL,AO-->BL,AO-->BL,AO-->BL,AO-->BL,AO-->BL,,,,,,,,,,,,,,,,,BL-->AO,BL-->AO,BL-->AO,BL-->AO,BL-->AO,BL-->AO,BL-->AO,BL-->AO,BL-->AO,BL-->AO,BL-->AO,BL-->AO,BL-->AO,BL-->AO,BL-->AO,BL-->AO,BL-->AO,BL-->AO,BL-->AO
AI,AIA,Anguilla,The Valley,Americas,Caribbean,,AI-->BL,AI-->BL,AI-->BL,AI-->BL,AI-->BL,AI-->BL,AI-->BL,AI-->BL,AI-->BL,AI-->BL,AI-->BL,AI-->BL,AI-->BL,AI-->BL,AI-->BL,AI-->BL,AI-->BL,AI-->BL,AI-->BL,,,,,,,,,,,,,,,,,BL-->AI,BL-->AI,BL-->AI,BL-->AI,BL-->AI,BL-->AI,BL-->AI,BL-->AI,BL-->AI,BL-->AI,BL-->AI,BL-->AI,BL-->AI,BL-->AI,BL-->AI,BL-->AI,BL-->AI,BL-->AI,BL-->AI
AQ,ATA,Antarctica,,Polar,,,AQ-->BL,AQ-->BL,AQ-->BL,AQ-->BL,AQ-->BL,AQ-->BL,AQ-->BL,AQ-->BL,AQ-->BL,AQ-->BL,AQ-->BL,AQ-->BL,AQ-->BL,AQ-->BL,AQ-->BL,AQ-->BL,AQ-->BL,AQ-->BL,AQ-->BL,,,,,,,,,,,,,,,,,BL-->AQ,BL-->AQ,BL-->AQ,BL-->AQ,BL-->AQ,BL-->AQ,BL-->AQ,BL-->AQ,BL-->AQ,BL-->AQ,BL-->AQ,BL-->AQ,BL-->AQ,BL-->AQ,BL-->AQ,BL-->AQ,BL-->AQ,BL-->AQ,BL-->AQ
AG,ATG,Antigua and Barbuda,Saint John's,Americas,Caribbean,,AG-->BL,AG-->BL,AG-->BL,AG-->BL,AG-->BL,AG-->BL,AG-->BL,AG-->BL,AG-->BL,AG-->BL,AG-->BL,AG-->BL,AG-->BL,AG-->BL,AG-->BL,AG-->BL,AG-->BL,AG-->BL,AG-->BL,,,,,,,,,,,,,,,,,BL-->AG,BL-->AG,BL-->AG,BL-->AG,BL-->AG,BL-->AG,BL-->AG,BL-->AG,BL-->AG,BL-->AG,BL-->AG,BL-->AG,BL-->AG,BL-->AG,BL-->AG,BL-->AG,BL-->AG,BL-->AG,BL-->AG
AR,ARG,Argentina,Buenos Aires,Americas,South America,,AR-->BL,AR-->BL,AR-->BL,AR-->BL,AR-->BL,AR-->BL,AR-->BL,AR-->BL,AR-->BL,AR-->BL,AR-->BL,AR-->BL,AR-->BL,AR-->BL,AR-->BL,AR-->BL,AR-->BL,AR-->BL,AR-->BL,,,,,,,,,,,,,,,,,BL-->AR,BL-->AR,BL-->AR,BL-->AR,BL-->AR,BL-->AR,BL-->AR,BL-->AR,BL-->AR,BL-->AR,BL-->AR,BL-->AR,BL-->AR,BL-->AR,BL-->AR,BL-->AR,BL-->AR,BL-->AR,BL-->AR
AM,ARM,Armenia,Yerevan,Asia,Western Asia,,AM-->BL,AM-->BL,AM-->BL,AM-->BL,AM-->BL,AM-->BL,AM-->BL,AM-->BL,AM-->BL,AM-->BL,AM-->BL,AM-->BL,AM-->BL,AM-->BL,AM-->BL,AM-->BL,AM-->BL,AM-->BL,AM-->BL,,,,,,,,,,,,,,,,,BL-->AM,BL-->AM,BL-->AM,BL-->AM,BL-->AM,BL-->AM,BL-->AM,BL-->AM,BL-->AM,BL-->AM,BL-->AM,BL-->AM,BL-->AM,BL-->AM,BL-->AM,BL-->AM,BL-->AM,BL-->AM,BL-->AM
AW,ABW,Aruba,Oranjestad,Americas,Caribbean,,AW-->BL,AW-->BL,AW-->BL,AW-->BL,AW-->BL,AW-->BL,AW-->BL,AW-->BL,AW-->BL,AW-->BL,AW-->BL,AW-->BL,AW-->BL,AW-->BL,AW-->BL,AW-->BL,AW-->BL,AW-->BL,AW-->BL,,,,,,,,,,,,,,,,,BL-->AW,BL-->AW,BL-->AW,BL-->AW,BL-->AW,BL-->AW,BL-->AW,BL-->AW,BL-->AW,BL-->AW,BL-->AW,BL-->AW,BL-->AW,BL-->AW,BL-->AW,BL-->AW,BL-->AW,BL-->AW,BL-->AW
AU,AUS,Australia,Canberra,Oceania,Australia and New Zealand,,AU-->BL,AU-->BL,AU-->BL,AU-->BL,AU-->BL,AU-->BL,AU-->BL,AU-->BL,AU-->BL,AU-->BL,AU-->BL,AU-->BL,AU-->BL,AU-->BL,AU-->BL,AU-->BL,AU-->BL,AU-->BL,AU-->BL,,,,,,,,,,,,,,,,,BL-->AU,BL-->AU,BL-->AU,BL-->AU,BL-->AU,BL-->AU,BL-->AU,BL-->AU,BL-->AU,BL-->AU,BL-->AU,BL-->AU,BL-->AU,BL-->AU,BL-->AU,BL-->AU,BL-->AU,BL-->AU,BL-->AU
AT,AUT,Austria,Vienna,Europe,Western Europe,,AT-->BL,AT-->BL,AT-->BL,AT-->BL,AT-->BL,AT-->BL,AT-->BL,AT-->BL,AT-->BL,AT-->BL,AT-->BL,AT-->BL,AT-->BL,AT-->BL,AT-->BL,AT-->BL,AT-->BL,AT-->BL,AT-->BL,,,,,,,,,,,,,,,,,BL-->AT,BL-->AT,BL-->AT,BL-->AT,BL-->AT,BL-->AT,BL-->AT,BL-->AT,BL-->AT,BL-->AT,BL-->AT,BL-->AT,BL-->AT,BL-->AT,BL-->AT,BL-->AT,BL-->AT,BL-->AT,BL-->AT
AZ,AZE,Azerbaijan,Baku,Asia,Western Asia,,AZ-->BL,AZ-->BL,AZ-->BL,AZ-->BL,AZ-->BL,AZ-->BL,AZ-->BL,AZ-->BL,AZ-->BL,AZ-->BL,AZ-->BL,AZ-->BL,AZ-->BL,AZ-->BL,AZ-->BL,AZ-->BL,AZ-->BL,AZ-->BL,AZ-->BL,,,,,,,,,,,,,,,,,BL-->AZ,BL-->AZ,BL-->AZ,BL-->AZ,BL-->AZ,BL-->AZ,BL-->AZ,BL-->AZ,BL-->AZ,BL-->AZ,BL-->AZ,BL-->AZ,BL-->AZ,BL-->AZ,BL-->AZ,BL-->AZ,BL-->AZ,BL-->AZ,BL-->AZ
BS,BHS,The Bahamas,Nassau,Americas,Caribbean,,BS-->BL,BS-->BL,BS-->BL,BS-->BL,BS-->BL,BS-->BL,BS-->BL,BS-->BL,BS-->BL,BS-->BL,BS-->BL,BS-->BL,BS-->BL,BS-->BL,BS-->BL,BS-->BL,BS-->BL,BS-->BL,BS-->BL,,,,,,,,,,,,,,,,,BL-->BS,BL-->BS,BL-->BS,BL-->BS,BL-->BS,BL-->BS,BL-->BS,BL-->BS,BL-->BS,BL-->BS,BL-->BS,BL-->BS,BL-->BS,BL-->BS,BL-->BS,BL-->BS,BL-->BS,BL-->BS,BL-->BS
BH,BHR,Bahrain,Manama,Asia,Western Asia,,BH-->BL,BH-->BL,BH-->BL,BH-->BL,BH-->BL,BH-->BL,BH-->BL,BH-->BL,BH-->BL,BH-->BL,BH-->BL,BH-->BL,BH-->BL,BH-->BL,BH-->BL,BH-->BL,BH-->BL,BH-->BL,BH-->BL,,,,,,,,,,,,,,,,,BL-->BH,BL-->BH,BL-->BH,BL-->BH,BL-->BH,BL-->BH,BL-->BH,BL-->BH,BL-->BH,BL-->BH,BL-->BH,BL-->BH,BL-->BH,BL-->BH,BL-->BH,BL-->BH,BL-->BH,BL-->BH,BL-->BH
BD,BGD,Bangladesh,Dhaka,Asia,Southern Asia,,BD-->BL,BD-->BL,BD-->BL,BD-->BL,BD-->BL,BD-->BL,BD-->BL,BD-->BL,BD-->BL,BD-->BL,BD-->BL,BD-->BL,BD-->BL,BD-->BL,BD-->BL,BD-->BL,BD-->BL,BD-->BL,BD-->BL,,,,,,,,,,,,,,,,,BL-->BD,BL-->BD,BL-->BD,BL-->BD,BL-->BD,BL-->BD,BL-->BD,BL-->BD,BL-->BD,BL-->BD,BL-->BD,BL-->BD,BL-->BD,BL-->BD,BL-->BD,BL-->BD,BL-->BD,BL-->BD,BL-->BD
BB,BRB,Barbados,Bridgetown,Americas,Caribbean,,BB-->BL,BB-->BL,BB-->BL,BB-->BL,BB-->BL,BB-->BL,BB-->BL,BB-->BL,BB-->BL,BB-->BL,BB-->BL,BB-->BL,BB-->BL,BB-->BL,BB-->BL,BB-->BL,BB-->BL,BB-->BL,BB-->BL,,,,,,,,,,,,,,,,,BL-->BB,BL-->BB,BL-->BB,BL-->BB,BL-->BB,BL-->BB,BL-->BB,BL-->BB,BL-->BB,BL-->BB,BL-->BB,BL-->BB,BL-->BB,BL-->BB,BL-->BB,BL-->BB,BL-->BB,BL-->BB,BL-->BB
BY,BLR,Belarus,Minsk,Europe,Eastern Europe,,BY-->BL,BY-->BL,BY-->BL,BY-->BL,BY-->BL,BY-->BL,BY-->BL,BY-->BL,BY-->BL,BY-->BL,BY-->BL,BY-->BL,BY-->BL,BY-->BL,BY-->BL,BY-->BL,BY-->BL,BY-->BL,BY-->BL,,,,,,,,,,,,,,,,,BL-->BY,BL-->BY,BL-->BY,BL-->BY,BL-->BY,BL-->BY,BL-->BY,BL-->BY,BL-->BY,BL-->BY,BL-->BY,BL-->BY,BL-->BY,BL-->BY,BL-->BY,BL-->BY,BL-->BY,BL-->BY,BL-->BY
BE,BEL,Belgium,Brussels,Europe,Western Europe,,BE-->BL,BE-->BL,BE-->BL,BE-->BL,BE-->BL,BE-->BL,BE-->BL,BE-->BL,BE-->BL,BE-->BL,BE-->BL,BE-->BL,BE-->BL,BE-->BL,BE-->BL,BE-->BL,BE-->BL,BE-->BL,BE-->BL,,,,,,,,,,,,,,,,,BL-->BE,BL-->BE,BL-->BE,BL-->BE,BL-->BE,BL-->BE,BL-->BE,BL-->BE,BL-->BE,BL-->BE,BL-->BE,BL-->BE,BL-->BE,BL-->BE,BL-->BE,BL-->BE,BL-->BE,BL-->BE,BL-->BE
BZ,BLZ,Belize,Belmopan,Americas,Central America,,BZ-->BL,BZ-->BL,BZ-->BL,BZ-->BL,BZ-->BL,BZ-->BL,BZ-->BL,BZ-->BL,BZ-->BL,BZ-->BL,BZ-->BL,BZ-->BL,BZ-->BL,BZ-->BL,BZ-->BL,BZ-->BL,BZ-->BL,BZ-->BL,BZ-->BL,,,,,,,,,,,,,,,,,BL-->BZ,BL-->BZ,BL-->BZ,BL-->BZ,BL-->BZ,BL-->BZ,BL-->BZ,BL-->BZ,BL-->BZ,BL-->BZ,BL-->BZ,BL-->BZ,BL-->BZ,BL-->BZ,BL-->BZ,BL-->BZ,BL-->BZ,BL-->BZ,BL-->BZ
BJ,BEN,Benin,Porto-Novo,Africa,Western Africa,,BJ-->BL,BJ-->BL,BJ-->BL,BJ-->BL,BJ-->BL,BJ-->BL,BJ-->BL,BJ-->BL,BJ-->BL,BJ-->BL,BJ-->BL,BJ-->BL,BJ-->BL,BJ-->BL,BJ-->BL,BJ-->BL,BJ-->BL,BJ-->BL,BJ-->BL,,,,,,,,,,,,,,,,,BL-->BJ,BL-->BJ,BL-->BJ,BL-->BJ,BL-->BJ,BL-->BJ,BL-->BJ,BL-->BJ,BL-->BJ,BL-->BJ,BL-->BJ,BL-->BJ,BL-->BJ,BL-->BJ,BL-->BJ,BL-->BJ,BL-->BJ,BL-->BJ,BL-->BJ
BM,BMU,Bermuda,Hamilton,Americas,Northern America,,BM-->BL,BM-->BL,BM-->BL,BM-->BL,BM-->BL,BM-->BL,BM-->BL,BM-->BL,BM-->BL,BM-->BL,BM-->BL,BM-->BL,BM-->BL,BM-->BL,BM-->BL,BM-->BL,BM-->BL,BM-->BL,BM-->BL,,,,,,,,,,,,,,,,,BL-->BM,BL-->BM,BL-->BM,BL-->BM,BL-->BM,BL-->BM,BL-->BM,BL-->BM,BL-->BM,BL-->BM,BL-->BM,BL-->BM,BL-->BM,BL-->BM,BL-->BM,BL-->BM,BL-->BM,BL-->BM,BL-->BM
BT,BTN,Bhutan,Thimphu,Asia,Southern Asia,,BT-->BL,BT-->BL,BT-->BL,BT-->BL,BT-->BL,BT-->BL,BT-->BL,BT-->BL,BT-->BL,BT-->BL,BT-->BL,BT-->BL,BT-->BL,BT-->BL,BT-->BL,BT-->BL,BT-->BL,BT-->BL,BT-->BL,,,,,,,,,,,,,,,,,BL-->BT,BL-->BT,BL-->BT,BL-->BT,BL-->BT,BL-->BT,BL-->BT,BL-->BT,BL-->BT,BL-->BT,BL-->BT,BL-->BT,BL-->BT,BL-->BT,BL-->BT,BL-->BT,BL-->BT,BL-->BT,BL-->BT
BO,BOL,Bolivia,Sucre,Americas,South America,,BO-->BL,BO-->BL,BO-->BL,BO-->BL,BO-->BL,BO-->BL,BO-->BL,BO-->BL,BO-->BL,BO-->BL,BO-->BL,BO-->BL,BO-->BL,BO-->BL,BO-->BL,BO-->BL,BO-->BL,BO-->BL,BO-->BL,,,,,,,,,,,,,,,,,BL-->BO,BL-->BO,BL-->BO,BL-->BO,BL-->BO,BL-->BO,BL-->BO,BL-->BO,BL-->BO,BL-->BO,BL-->BO,BL-->BO,BL-->BO,BL-->BO,BL-->BO,BL-->BO,BL-->BO,BL-->BO,BL-->BO
BQ,BES,Bonaire,Kralendijk,Americas,Caribbean,,BQ-->BL,BQ-->BL,BQ-->BL,BQ-->BL,BQ-->BL,BQ-->BL,BQ-->BL,BQ-->BL,BQ-->BL,BQ-->BL,BQ-->BL,BQ-->BL,BQ-->BL,BQ-->BL,BQ-->BL,BQ-->BL,BQ-->BL,BQ-->BL,BQ-->BL,,,,,,,,,,,,,,,,,BL-->BQ,BL-->BQ,BL-->BQ,BL-->BQ,BL-->BQ,BL-->BQ,BL-->BQ,BL-->BQ,BL-->BQ,BL-->BQ,BL-->BQ,BL-->BQ,BL-->BQ,BL-->BQ,BL-->BQ,BL-->BQ,BL-->BQ,BL-->BQ,BL-->BQ
BA,BIH,Bosnia and Herzegovina,Sarajevo,Europe,Southern Europe,,BA-->BL,BA-->BL,BA-->BL,BA-->BL,BA-->BL,BA-->BL,BA-->BL,BA-->BL,BA-->BL,BA-->BL,BA-->BL,BA-->BL,BA-->BL,BA-->BL,BA-->BL,BA-->BL,BA-->BL,BA-->BL,BA-->BL,,,,,,,,,,,,,,,,,BL-->BA,BL-->BA,BL-->BA,BL-->BA,BL-->BA,BL-->BA,BL-->BA,BL-->BA,BL-->BA,BL-->BA,BL-->BA,BL-->BA,BL-->BA,BL-->BA,BL-->BA,BL-->BA,BL-->BA,BL-->BA,BL-->BA
BW,BWA,Botswana,Gaborone,Africa,Southern Africa,,BW-->BL,BW-->BL,BW-->BL,BW-->BL,BW-->BL,BW-->BL,BW-->BL,BW-->BL,BW-->BL,BW-->BL,BW-->BL,BW-->BL,BW-->BL,BW-->BL,BW-->BL,BW-->BL,BW-->BL,BW-->BL,BW-->BL,,,,,,,,,,,,,,,,,BL-->BW,BL-->BW,BL-->BW,BL-->BW,BL-->BW,BL-->BW,BL-->BW,BL-->BW,BL-->BW,BL-->BW,BL-->BW,BL-->BW,BL-->BW,BL-->BW,BL-->BW,BL-->BW,BL-->BW,BL-->BW,BL-->BW
BV,BVT,Bouvet Island,,,,,BV-->BL,BV-->BL,BV-->BL,BV-->BL,BV-->BL,BV-->BL,BV-->BL,BV-->BL,BV-->BL,BV-->BL,BV-->BL,BV-->BL,BV-->BL,BV-->BL,BV-->BL,BV-->BL,BV-->BL,BV-->BL,BV-->BL,,,,,,,,,,,,,,,,,BL-->BV,BL-->BV,BL-->BV,BL-->BV,BL-->BV,BL-->BV,BL-->BV,BL-->BV,BL-->BV,BL-->BV,BL-->BV,BL-->BV,BL-->BV,BL-->BV,BL-->BV,BL-->BV,BL-->BV,BL-->BV,BL-->BV
BR,BRA,Brazil,Brasília,Americas,South America,,BR-->BL,BR-->BL,BR-->BL,BR-->BL,BR-->BL,BR-->BL,BR-->BL,BR-->BL,BR-->BL,BR-->BL,BR-->BL,BR-->BL,BR-->BL,BR-->BL,BR-->BL,BR-->BL,BR-->BL,BR-->BL,BR-->BL,,,,,,,,,,,,,,,,,BL-->BR,BL-->BR,BL-->BR,BL-->BR,BL-->BR,BL-->BR,BL-->BR,BL-->BR,BL-->BR,BL-->BR,BL-->BR,BL-->BR,BL-->BR,BL-->BR,BL-->BR,BL-->BR,BL-->BR,BL-->BR,BL-->BR
IO,IOT,British Indian Ocean Territory,Diego Garcia,Africa,Eastern Africa,,IO-->BL,IO-->BL,IO-->BL,IO-->BL,IO-->BL,IO-->BL,IO-->BL,IO-->BL,IO-->BL,IO-->BL,IO-->BL,IO-->BL,IO-->BL,IO-->BL,IO-->BL,IO-->BL,IO-->BL,IO-->BL,IO-->BL,,,,,,,,,,,,,,,,,BL-->IO,BL-->IO,BL-->IO,BL-->IO,BL-->IO,BL-->IO,BL-->IO,BL-->IO,BL-->IO,BL-->IO,BL-->IO,BL-->IO,BL-->IO,BL-->IO,BL-->IO,BL-->IO,BL-->IO,BL-->IO,BL-->IO
UM,UMI,United States Minor Outlying Islands,,Americas,Northern America,,UM-->BL,UM-->BL,UM-->BL,UM-->BL,UM-->BL,UM-->BL,UM-->BL,UM-->BL,UM-->BL,UM-->BL,UM-->BL,UM-->BL,UM-->BL,UM-->BL,UM-->BL,UM-->BL,UM-->BL,UM-->BL,UM-->BL,,,,,,,,,,,,,,,,,BL-->UM,BL-->UM,BL-->UM,BL-->UM,BL-->UM,BL-->UM,BL-->UM,BL-->UM,BL-->UM,BL-->UM,BL-->UM,BL-->UM,BL-->UM,BL-->UM,BL-->UM,BL-->UM,BL-->UM,BL-->UM,BL-->UM
VG,VGB,Virgin Islands (British),Road Town,Americas,Caribbean,,VG-->BL,VG-->BL,VG-->BL,VG-->BL,VG-->BL,VG-->BL,VG-->BL,VG-->BL,VG-->BL,VG-->BL,VG-->BL,VG-->BL,VG-->BL,VG-->BL,VG-->BL,VG-->BL,VG-->BL,VG-->BL,VG-->BL,,,,,,,,,,,,,,,,,BL-->VG,BL-->VG,BL-->VG,BL-->VG,BL-->VG,BL-->VG,BL-->VG,BL-->VG,BL-->VG,BL-->VG,BL-->VG,BL-->VG,BL-->VG,BL-->VG,BL-->VG,BL-->VG,BL-->VG,BL-->VG,BL-->VG
VI,VIR,Virgin Islands (U.S.),Charlotte Amalie,Americas,Caribbean,,VI-->BL,VI-->BL,VI-->BL,VI-->BL,VI-->BL,VI-->BL,VI-->BL,VI-->BL,VI-->BL,VI-->BL,VI-->BL,VI-->BL,VI-->BL,VI-->BL,VI-->BL,VI-->BL,VI-->BL,VI-->BL,VI-->BL,,,,,,,,,,,,,,,,,BL-->VI,BL-->VI,BL-->VI,BL-->VI,BL-->VI,BL-->VI,BL-->VI,BL-->VI,BL-->VI,BL-->VI,BL-->VI,BL-->VI,BL-->VI,BL-->VI,BL-->VI,BL-->VI,BL-->VI,BL-->VI,BL-->VI
BN,BRN,Brunei,Bandar Seri Begawan,Asia,South-Eastern Asia,,BN-->BL,BN-->BL,BN-->BL,BN-->BL,BN-->BL,BN-->BL,BN-->BL,BN-->BL,BN-->BL,BN-->BL,BN-->BL,BN-->BL,BN-->BL,BN-->BL,BN-->BL,BN-->BL,BN-->BL,BN-->BL,BN-->BL,,,,,,,,,,,,,,,,,BL-->BN,BL-->BN,BL-->BN,BL-->BN,BL-->BN,BL-->BN,BL-->BN,BL-->BN,BL-->BN,BL-->BN,BL-->BN,BL-->BN,BL-->BN,BL-->BN,BL-->BN,BL-->BN,BL-->BN,BL-->BN,BL-->BN
BG,BGR,Bulgaria,Sofia,Europe,Eastern Europe,,BG-->BL,BG-->BL,BG-->BL,BG-->BL,BG-->BL,BG-->BL,BG-->BL,BG-->BL,BG-->BL,BG-->BL,BG-->BL,BG-->BL,BG-->BL,BG-->BL,BG-->BL,BG-->BL,BG-->BL,BG-->BL,BG-->BL,,,,,,,,,,,,,,,,,BL-->BG,BL-->BG,BL-->BG,BL-->BG,BL-->BG,BL-->BG,BL-->BG,BL-->BG,BL-->BG,BL-->BG,BL-->BG,BL-->BG,BL-->BG,BL-->BG,BL-->BG,BL-->BG,BL-->BG,BL-->BG,BL-->BG
BF,BFA,Burkina Faso,Ouagadougou,Africa,Western Africa,,BF-->BL,BF-->BL,BF-->BL,BF-->BL,BF-->BL,BF-->BL,BF-->BL,BF-->BL,BF-->BL,BF-->BL,BF-->BL,BF-->BL,BF-->BL,BF-->BL,BF-->BL,BF-->BL,BF-->BL,BF-->BL,BF-->BL,,,,,,,,,,,,,,,,,BL-->BF,BL-->BF,BL-->BF,BL-->BF,BL-->BF,BL-->BF,BL-->BF,BL-->BF,BL-->BF,BL-->BF,BL-->BF,BL-->BF,BL-->BF,BL-->BF,BL-->BF,BL-->BF,BL-->BF,BL-->BF,BL-->BF
BI,BDI,Burundi,Bujumbura,Africa,Eastern Africa,,BI-->BL,BI-->BL,BI-->BL,BI-->BL,BI-->BL,BI-->BL,BI-->BL,BI-->BL,BI-->BL,BI-->BL,BI-->BL,BI-->BL,BI-->BL,BI-->BL,BI-->BL,BI-->BL,BI-->BL,BI-->BL,BI-->BL,,,,,,,,,,,,,,,,,BL-->BI,BL-->BI,BL-->BI,BL-->BI,BL-->BI,BL-->BI,BL-->BI,BL-->BI,BL-->BI,BL-->BI,BL-->BI,BL-->BI,BL-->BI,BL-->BI,BL-->BI,BL-->BI,BL-->BI,BL-->BI,BL-->BI
KH,KHM,Cambodia,Phnom Penh,Asia,South-Eastern Asia,,KH-->BL,KH-->BL,KH-->BL,KH-->BL,KH-->BL,KH-->BL,KH-->BL,KH-->BL,KH-->BL,KH-->BL,KH-->BL,KH-->BL,KH-->BL,KH-->BL,KH-->BL,KH-->BL,KH-->BL,KH-->BL,KH-->BL,,,,,,,,,,,,,,,,,BL-->KH,BL-->KH,BL-->KH,BL-->KH,BL-->KH,BL-->KH,BL-->KH,BL-->KH,BL-->KH,BL-->KH,BL-->KH,BL-->KH,BL-->KH,BL-->KH,BL-->KH,BL-->KH,BL-->KH,BL-->KH,BL-->KH
CM,CMR,Cameroon,Yaoundé,Africa,Middle Africa,,CM-->BL,CM-->BL,CM-->BL,CM-->BL,CM-->BL,CM-->BL,CM-->BL,CM-->BL,CM-->BL,CM-->BL,CM-->BL,CM-->BL,CM-->BL,CM-->BL,CM-->BL,CM-->BL,CM-->BL,CM-->BL,CM-->BL,,,,,,,,,,,,,,,,,BL-->CM,BL-->CM,BL-->CM,BL-->CM,BL-->CM,BL-->CM,BL-->CM,BL-->CM,BL-->CM,BL-->CM,BL-->CM,BL-->CM,BL-->CM,BL-->CM,BL-->CM,BL-->CM,BL-->CM,BL-->CM,BL-->CM
CA,CAN,Canada,Ottawa,Americas,Northern America,,CA-->BL,CA-->BL,CA-->BL,CA-->BL,CA-->BL,CA-->BL,CA-->BL,CA-->BL,CA-->BL,CA-->BL,CA-->BL,CA-->BL,CA-->BL,CA-->BL,CA-->BL,CA-->BL,CA-->BL,CA-->BL,CA-->BL,,,,,,,,,,,,,,,,,BL-->CA,BL-->CA,BL-->CA,BL-->CA,BL-->CA,BL-->CA,BL-->CA,BL-->CA,BL-->CA,BL-->CA,BL-->CA,BL-->CA,BL-->CA,BL-->CA,BL-->CA,BL-->CA,BL-->CA,BL-->CA,BL-->CA
CV,CPV,Cape Verde,Praia,Africa,Western Africa,,CV-->BL,CV-->BL,CV-->BL,CV-->BL,CV-->BL,CV-->BL,CV-->BL,CV-->BL,CV-->BL,CV-->BL,CV-->BL,CV-->BL,CV-->BL,CV-->BL,CV-->BL,CV-->BL,CV-->BL,CV-->BL,CV-->BL,,,,,,,,,,,,,,,,,BL-->CV,BL-->CV,BL-->CV,BL-->CV,BL-->CV,BL-->CV,BL-->CV,BL-->CV,BL-->CV,BL-->CV,BL-->CV,BL-->CV,BL-->CV,BL-->CV,BL-->CV,BL-->CV,BL-->CV,BL-->CV,BL-->CV
KY,CYM,Cayman Islands,George Town,Americas,Caribbean,,KY-->BL,KY-->BL,KY-->BL,KY-->BL,KY-->BL,KY-->BL,KY-->BL,KY-->BL,KY-->BL,KY-->BL,KY-->BL,KY-->BL,KY-->BL,KY-->BL,KY-->BL,KY-->BL,KY-->BL,KY-->BL,KY-->BL,,,,,,,,,,,,,,,,,BL-->KY,BL-->KY,BL-->KY,BL-->KY,BL-->KY,BL-->KY,BL-->KY,BL-->KY,BL-->KY,BL-->KY,BL-->KY,BL-->KY,BL-->KY,BL-->KY,BL-->KY,BL-->KY,BL-->KY,BL-->KY,BL-->KY
CF,CAF,Central African Republic,Bangui,Africa,Middle Africa,,CF-->BL,CF-->BL,CF-->BL,CF-->BL,CF-->BL,CF-->BL,CF-->BL,CF-->BL,CF-->BL,CF-->BL,CF-->BL,CF-->BL,CF-->BL,CF-->BL,CF-->BL,CF-->BL,CF-->BL,CF-->BL,CF-->BL,,,,,,,,,,,,,,,,,BL-->CF,BL-->CF,BL-->CF,BL-->CF,BL-->CF,BL-->CF,BL-->CF,BL-->CF,BL-->CF,BL-->CF,BL-->CF,BL-->CF,BL-->CF,BL-->CF,BL-->CF,BL-->CF,BL-->CF,BL-->CF,BL-->CF
TD,TCD,Chad,N'Djamena,Africa,Middle Africa,,TD-->BL,TD-->BL,TD-->BL,TD-->BL,TD-->BL,TD-->BL,TD-->BL,TD-->BL,TD-->BL,TD-->BL,TD-->BL,TD-->BL,TD-->BL,TD-->BL,TD-->BL,TD-->BL,TD-->BL,TD-->BL,TD-->BL,,,,,,,,,,,,,,,,,BL-->TD,BL-->TD,BL-->TD,BL-->TD,BL-->TD,BL-->TD,BL-->TD,BL-->TD,BL-->TD,BL-->TD,BL-->TD,BL-->TD,BL-->TD,BL-->TD,BL-->TD,BL-->TD,BL-->TD,BL-->TD,BL-->TD
CL,CHL,Chile,Santiago,Americas,South America,,CL-->BL,CL-->BL,CL-->BL,CL-->BL,CL-->BL,CL-->BL,CL-->BL,CL-->BL,CL-->BL,CL-->BL,CL-->BL,CL-->BL,CL-->BL,CL-->BL,CL-->BL,CL-->BL,CL-->BL,CL-->BL,CL-->BL,,,,,,,,,,,,,,,,,BL-->CL,BL-->CL,BL-->CL,BL-->CL,BL-->CL,BL-->CL,BL-->CL,BL-->CL,BL-->CL,BL-->CL,BL-->CL,BL-->CL,BL-->CL,BL-->CL,BL-->CL,BL-->CL,BL-->CL,BL-->CL,BL-->CL
CN,CHN,China,Beijing,Asia,Eastern Asia,,CN-->BL,CN-->BL,CN-->BL,CN-->BL,CN-->BL,CN-->BL,CN-->BL,CN-->BL,CN-->BL,CN-->BL,CN-->BL,CN-->BL,CN-->BL,CN-->BL,CN-->BL,CN-->BL,CN-->BL,CN-->BL,CN-->BL,,,,,,,,,,,,,,,,,BL-->CN,BL-->CN,BL-->CN,BL-->CN,BL-->CN,BL-->CN,BL-->CN,BL-->CN,BL-->CN,BL-->CN,BL-->CN,BL-->CN,BL-->CN,BL-->CN,BL-->CN,BL-->CN,BL-->CN,BL-->CN,BL-->CN
CX,CXR,Christmas Island,Flying Fish Cove,Oceania,Australia and New Zealand,,CX-->BL,CX-->BL,CX-->BL,CX-->BL,CX-->BL,CX-->BL,CX-->BL,CX-->BL,CX-->BL,CX-->BL,CX-->BL,CX-->BL,CX-->BL,CX-->BL,CX-->BL,CX-->BL,CX-->BL,CX-->BL,CX-->BL,,,,,,,,,,,,,,,,,BL-->CX,BL-->CX,BL-->CX,BL-->CX,BL-->CX,BL-->CX,BL-->CX,BL-->CX,BL-->CX,BL-->CX,BL-->CX,BL-->CX,BL-->CX,BL-->CX,BL-->CX,BL-->CX,BL-->CX,BL-->CX,BL-->CX
CC,CCK,Cocos (Keeling) Islands,West Island,Oceania,Australia and New Zealand,,CC-->BL,CC-->BL,CC-->BL,CC-->BL,CC-->BL,CC-->BL,CC-->BL,CC-->BL,CC-->BL,CC-->BL,CC-->BL,CC-->BL,CC-->BL,CC-->BL,CC-->BL,CC-->BL,CC-->BL,CC-->BL,CC-->BL,,,,,,,,,,,,,,,,,BL-->CC,BL-->CC,BL-->CC,BL-->CC,BL-->CC,BL-->CC,BL-->CC,BL-->CC,BL-->CC,BL-->CC,BL-->CC,BL-->CC,BL-->CC,BL-->CC,BL-->CC,BL-->CC,BL-->CC,BL-->CC,BL-->CC
CO,COL,Colombia,Bogotá,Americas,South America,,CO-->BL,CO-->BL,CO-->BL,CO-->BL,CO-->BL,CO-->BL,CO-->BL,CO-->BL,CO-->BL,CO-->BL,CO-->BL,CO-->BL,CO-->BL,CO-->BL,CO-->BL,CO-->BL,CO-->BL,CO-->BL,CO-->BL,,,,,,,,,,,,,,,,,BL-->CO,BL-->CO,BL-->CO,BL-->CO,BL-->CO,BL-->CO,BL-->CO,BL-->CO,BL-->CO,BL-->CO,BL-->CO,BL-->CO,BL-->CO,BL-->CO,BL-->CO,BL-->CO,BL-->CO,BL-->CO,BL-->CO
KM,COM,Comoros,Moroni,Africa,Eastern Africa,,KM-->BL,KM-->BL,KM-->BL,KM-->BL,KM-->BL,KM-->BL,KM-->BL,KM-->BL,KM-->BL,KM-->BL,KM-->BL,KM-->BL,KM-->BL,KM-->BL,KM-->BL,KM-->BL,KM-->BL,KM-->BL,KM-->BL,,,,,,,,,,,,,,,,,BL-->KM,BL-->KM,BL-->KM,BL-->KM,BL-->KM,BL-->KM,BL-->KM,BL-->KM,BL-->KM,BL-->KM,BL-->KM,BL-->KM,BL-->KM,BL-->KM,BL-->KM,BL-->KM,BL-->KM,BL-->KM,BL-->KM
CG,COG,Republic of the Congo,Brazzaville,Africa,Middle Africa,,CG-->BL,CG-->BL,CG-->BL,CG-->BL,CG-->BL,CG-->BL,CG-->BL,CG-->BL,CG-->BL,CG-->BL,CG-->BL,CG-->BL,CG-->BL,CG-->BL,CG-->BL,CG-->BL,CG-->BL,CG-->BL,CG-->BL,,,,,,,,,,,,,,,,,BL-->CG,BL-->CG,BL-->CG,BL-->CG,BL-->CG,BL-->CG,BL-->CG,BL-->CG,BL-->CG,BL-->CG,BL-->CG,BL-->CG,BL-->CG,BL-->CG,BL-->CG,BL-->CG,BL-->CG,BL-->CG,BL-->CG
CD,COD,Democratic Republic of the Congo,Kinshasa,Africa,Middle Africa,,CD-->BL,CD-->BL,CD-->BL,CD-->BL,CD-->BL,CD-->BL,CD-->BL,CD-->BL,CD-->BL,CD-->BL,CD-->BL,CD-->BL,CD-->BL,CD-->BL,CD-->BL,CD-->BL,CD-->BL,CD-->BL,CD-->BL,,,,,,,,,,,,,,,,,BL-->CD,BL-->CD,BL-->CD,BL-->CD,BL-->CD,BL-->CD,BL-->CD,BL-->CD,BL-->CD,BL-->CD,BL-->CD,BL-->CD,BL-->CD,BL-->CD,BL-->CD,BL-->CD,BL-->CD,BL-->CD,BL-->CD
CK,COK,Cook Islands,Avarua,Oceania,Polynesia,,CK-->BL,CK-->BL,CK-->BL,CK-->BL,CK-->BL,CK-->BL,CK-->BL,CK-->BL,CK-->BL,CK-->BL,CK-->BL,CK-->BL,CK-->BL,CK-->BL,CK-->BL,CK-->BL,CK-->BL,CK-->BL,CK-->BL,,,,,,,,,,,,,,,,,BL-->CK,BL-->CK,BL-->CK,BL-->CK,BL-->CK,BL-->CK,BL-->CK,BL-->CK,BL-->CK,BL-->CK,BL-->CK,BL-->CK,BL-->CK,BL-->CK,BL-->CK,BL-->CK,BL-->CK,BL-->CK,BL-->CK
CR,CRI,Costa Rica,San José,Americas,Central America,,CR-->BL,CR-->BL,CR-->BL,CR-->BL,CR-->BL,CR-->BL,CR-->BL,CR-->BL,CR-->BL,CR-->BL,CR-->BL,CR-->BL,CR-->BL,CR-->BL,CR-->BL,CR-->BL,CR-->BL,CR-->BL,CR-->BL,,,,,,,,,,,,,,,,,BL-->CR,BL-->CR,BL-->CR,BL-->CR,BL-->CR,BL-->CR,BL-->CR,BL-->CR,BL-->CR,BL-->CR,BL-->CR,BL-->CR,BL-->CR,BL-->CR,BL-->CR,BL-->CR,BL-->CR,BL-->CR,BL-->CR
HR,HRV,Croatia,Zagreb,Europe,Southern Europe,,HR-->BL,HR-->BL,HR-->BL,HR-->BL,HR-->BL,HR-->BL,HR-->BL,HR-->BL,HR-->BL,HR-->BL,HR-->BL,HR-->BL,HR-->BL,HR-->BL,HR-->BL,HR-->BL,HR-->BL,HR-->BL,HR-->BL,,,,,,,,,,,,,,,,,BL-->HR,BL-->HR,BL-->HR,BL-->HR,BL-->HR,BL-->HR,BL-->HR,BL-->HR,BL-->HR,BL-->HR,BL-->HR,BL-->HR,BL-->HR,BL-->HR,BL-->HR,BL-->HR,BL-->HR,BL-->HR,BL-->HR
CU,CUB,Cuba,Havana,Americas,Caribbean,,CU-->BL,CU-->BL,CU-->BL,CU-->BL,CU-->BL,CU-->BL,CU-->BL,CU-->BL,CU-->BL,CU-->BL,CU-->BL,CU-->BL,CU-->BL,CU-->BL,CU-->BL,CU-->BL,CU-->BL,CU-->BL,CU-->BL,,,,,,,,,,,,,,,,,BL-->CU,BL-->CU,BL-->CU,BL-->CU,BL-->CU,BL-->CU,BL-->CU,BL-->CU,BL-->CU,BL-->CU,BL-->CU,BL-->CU,BL-->CU,BL-->CU,BL-->CU,BL-->CU,BL-->CU,BL-->CU,BL-->CU
CW,CUW,Curaçao,Willemstad,Americas,Caribbean,,CW-->BL,CW-->BL,CW-->BL,CW-->BL,CW-->BL,CW-->BL,CW-->BL,CW-->BL,CW-->BL,CW-->BL,CW-->BL,CW-->BL,CW-->BL,CW-->BL,CW-->BL,CW-->BL,CW-->BL,CW-->BL,CW-->BL,,,,,,,,,,,,,,,,,BL-->CW,BL-->CW,BL-->CW,BL-->CW,BL-->CW,BL-->CW,BL-->CW,BL-->CW,BL-->CW,BL-->CW,BL-->CW,BL-->CW,BL-->CW,BL-->CW,BL-->CW,BL-->CW,BL-->CW,BL-->CW,BL-->CW
CY,CYP,Cyprus,Nicosia,Europe,Southern Europe,,CY-->BL,CY-->BL,CY-->BL,CY-->BL,CY-->BL,CY-->BL,CY-->BL,CY-->BL,CY-->BL,CY-->BL,CY-->BL,CY-->BL,CY-->BL,CY-->BL,CY-->BL,CY-->BL,CY-->BL,CY-->BL,CY-->BL,,,,,,,,,,,,,,,,,BL-->CY,BL-->CY,BL-->CY,BL-->CY,BL-->CY,BL-->CY,BL-->CY,BL-->CY,BL-->CY,BL-->CY,BL-->CY,BL-->CY,BL-->CY,BL-->CY,BL-->CY,BL-->CY,BL-->CY,BL-->CY,BL-->CY
CZ,CZE,Czech Republic,Prague,Europe,Eastern Europe,,CZ-->BL,CZ-->BL,CZ-->BL,CZ-->BL,CZ-->BL,CZ-->BL,CZ-->BL,CZ-->BL,CZ-->BL,CZ-->BL,CZ-->BL,CZ-->BL,CZ-->BL,CZ-->BL,CZ-->BL,CZ-->BL,CZ-->BL,CZ-->BL,CZ-->BL,,,,,,,,,,,,,,,,,BL-->CZ,BL-->CZ,BL-->CZ,BL-->CZ,BL-->CZ,BL-->CZ,BL-->CZ,BL-->CZ,BL-->CZ,BL-->CZ,BL-->CZ,BL-->CZ,BL-->CZ,BL-->CZ,BL-->CZ,BL-->CZ,BL-->CZ,BL-->CZ,BL-->CZ
DK,DNK,Denmark,Copenhagen,Europe,Northern Europe,,DK-->BL,DK-->BL,DK-->BL,DK-->BL,DK-->BL,DK-->BL,DK-->BL,DK-->BL,DK-->BL,DK-->BL,DK-->BL,DK-->BL,DK-->BL,DK-->BL,DK-->BL,DK-->BL,DK-->BL,DK-->BL,DK-->BL,,,,,,,,,,,,,,,,,BL-->DK,BL-->DK,BL-->DK,BL-->DK,BL-->DK,BL-->DK,BL-->DK,BL-->DK,BL-->DK,BL-->DK,BL-->DK,BL-->DK,BL-->DK,BL-->DK,BL-->DK,BL-->DK,BL-->DK,BL-->DK,BL-->DK
DJ,DJI,Djibouti,Djibouti,Africa,Eastern Africa,,DJ-->BL,DJ-->BL,DJ-->BL,DJ-->BL,DJ-->BL,DJ-->BL,DJ-->BL,DJ-->BL,DJ-->BL,DJ-->BL,DJ-->BL,DJ-->BL,DJ-->BL,DJ-->BL,DJ-->BL,DJ-->BL,DJ-->BL,DJ-->BL,DJ-->BL,,,,,,,,,,,,,,,,,BL-->DJ,BL-->DJ,BL-->DJ,BL-->DJ,BL-->DJ,BL-->DJ,BL-->DJ,BL-->DJ,BL-->DJ,BL-->DJ,BL-->DJ,BL-->DJ,BL-->DJ,BL-->DJ,BL-->DJ,BL-->DJ,BL-->DJ,BL-->DJ,BL-->DJ
DM,DMA,Dominica,Roseau,Americas,Caribbean,,DM-->BL,DM-->BL,DM-->BL,DM-->BL,DM-->BL,DM-->BL,DM-->BL,DM-->BL,DM-->BL,DM-->BL,DM-->BL,DM-->BL,DM-->BL,DM-->BL,DM-->BL,DM-->BL,DM-->BL,DM-->BL,DM-->BL,,,,,,,,,,,,,,,,,BL-->DM,BL-->DM,BL-->DM,BL-->DM,BL-->DM,BL-->DM,BL-->DM,BL-->DM,BL-->DM,BL-->DM,BL-->DM,BL-->DM,BL-->DM,BL-->DM,BL-->DM,BL-->DM,BL-->DM,BL-->DM,BL-->DM
DO,DOM,Dominican Republic,Santo Domingo,Americas,Caribbean,,DO-->BL,DO-->BL,DO-->BL,DO-->BL,DO-->BL,DO-->BL,DO-->BL,DO-->BL,DO-->BL,DO-->BL,DO-->BL,DO-->BL,DO-->BL,DO-->BL,DO-->BL,DO-->BL,DO-->BL,DO-->BL,DO-->BL,,,,,,,,,,,,,,,,,BL-->DO,BL-->DO,BL-->DO,BL-->DO,BL-->DO,BL-->DO,BL-->DO,BL-->DO,BL-->DO,BL-->DO,BL-->DO,BL-->DO,BL-->DO,BL-->DO,BL-->DO,BL-->DO,BL-->DO,BL-->DO,BL-->DO
EC,ECU,Ecuador,Quito,Americas,South America,,EC-->BL,EC-->BL,EC-->BL,EC-->BL,EC-->BL,EC-->BL,EC-->BL,EC-->BL,EC-->BL,EC-->BL,EC-->BL,EC-->BL,EC-->BL,EC-->BL,EC-->BL,EC-->BL,EC-->BL,EC-->BL,EC-->BL,,,,,,,,,,,,,,,,,BL-->EC,BL-->EC,BL-->EC,BL-->EC,BL-->EC,BL-->EC,BL-->EC,BL-->EC,BL-->EC,BL-->EC,BL-->EC,BL-->EC,BL-->EC,BL-->EC,BL-->EC,BL-->EC,BL-->EC,BL-->EC,BL-->EC
EG,EGY,Egypt,Cairo,Africa,Northern Africa,,EG-->BL,EG-->BL,EG-->BL,EG-->BL,EG-->BL,EG-->BL,EG-->BL,EG-->BL,EG-->BL,EG-->BL,EG-->BL,EG-->BL,EG-->BL,EG-->BL,EG-->BL,EG-->BL,EG-->BL,EG-->BL,EG-->BL,,,,,,,,,,,,,,,,,BL-->EG,BL-->EG,BL-->EG,BL-->EG,BL-->EG,BL-->EG,BL-->EG,BL-->EG,BL-->EG,BL-->EG,BL-->EG,BL-->EG,BL-->EG,BL-->EG,BL-->EG,BL-->EG,BL-->EG,BL-->EG,BL-->EG
SV,SLV,El Salvador,San Salvador,Americas,Central America,,SV-->BL,SV-->BL,SV-->BL,SV-->BL,SV-->BL,SV-->BL,SV-->BL,SV-->BL,SV-->BL,SV-->BL,SV-->BL,SV-->BL,SV-->BL,SV-->BL,SV-->BL,SV-->BL,SV-->BL,SV-->BL,SV-->BL,,,,,,,,,,,,,,,,,BL-->SV,BL-->SV,BL-->SV,BL-->SV,BL-->SV,BL-->SV,BL-->SV,BL-->SV,BL-->SV,BL-->SV,BL-->SV,BL-->SV,BL-->SV,BL-->SV,BL-->SV,BL-->SV,BL-->SV,BL-->SV,BL-->SV
GQ,GNQ,Equatorial Guinea,Malabo,Africa,Middle Africa,,GQ-->BL,GQ-->BL,GQ-->BL,GQ-->BL,GQ-->BL,GQ-->BL,GQ-->BL,GQ-->BL,GQ-->BL,GQ-->BL,GQ-->BL,GQ-->BL,GQ-->BL,GQ-->BL,GQ-->BL,GQ-->BL,GQ-->BL,GQ-->BL,GQ-->BL,,,,,,,,,,,,,,,,,BL-->GQ,BL-->GQ,BL-->GQ,BL-->GQ,BL-->GQ,BL-->GQ,BL-->GQ,BL-->GQ,BL-->GQ,BL-->GQ,BL-->GQ,BL-->GQ,BL-->GQ,BL-->GQ,BL-->GQ,BL-->GQ,BL-->GQ,BL-->GQ,BL-->GQ
ER,ERI,Eritrea,Asmara,Africa,Eastern Africa,,ER-->BL,ER-->BL,ER-->BL,ER-->BL,ER-->BL,ER-->BL,ER-->BL,ER-->BL,ER-->BL,ER-->BL,ER-->BL,ER-->BL,ER-->BL,ER-->BL,ER-->BL,ER-->BL,ER-->BL,ER-->BL,ER-->BL,,,,,,,,,,,,,,,,,BL-->ER,BL-->ER,BL-->ER,BL-->ER,BL-->ER,BL-->ER,BL-->ER,BL-->ER,BL-->ER,BL-->ER,BL-->ER,BL-->ER,BL-->ER,BL-->ER,BL-->ER,BL-->ER,BL-->ER,BL-->ER,BL-->ER
EE,EST,Estonia,Tallinn,Europe,Northern Europe,,EE-->BL,EE-->BL,EE-->BL,EE-->BL,EE-->BL,EE-->BL,EE-->BL,EE-->BL,EE-->BL,EE-->BL,EE-->BL,EE-->BL,EE-->BL,EE-->BL,EE-->BL,EE-->BL,EE-->BL,EE-->BL,EE-->BL,,,,,,,,,,,,,,,,,BL-->EE,BL-->EE,BL-->EE,BL-->EE,BL-->EE,BL-->EE,BL-->EE,BL-->EE,BL-->EE,BL-->EE,BL-->EE,BL-->EE,BL-->EE,BL-->EE,BL-->EE,BL-->EE,BL-->EE,BL-->EE,BL-->EE
ET,ETH,Ethiopia,Addis Ababa,Africa,Eastern Africa,,ET-->BL,ET-->BL,ET-->BL,ET-->BL,ET-->BL,ET-->BL,ET-->BL,ET-->BL,ET-->BL,ET-->BL,ET-->BL,ET-->BL,ET-->BL,ET-->BL,ET-->BL,ET-->BL,ET-->BL,ET-->BL,ET-->BL,,,,,,,,,,,,,,,,,BL-->ET,BL-->ET,BL-->ET,BL-->ET,BL-->ET,BL-->ET,BL-->ET,BL-->ET,BL-->ET,BL-->ET,BL-->ET,BL-->ET,BL-->ET,BL-->ET,BL-->ET,BL-->ET,BL-->ET,BL-->ET,BL-->ET
FK,FLK,Falkland Islands,Stanley,Americas,South America,,FK-->BL,FK-->BL,FK-->BL,FK-->BL,FK-->BL,FK-->BL,FK-->BL,FK-->BL,FK-->BL,FK-->BL,FK-->BL,FK-->BL,FK-->BL,FK-->BL,FK-->BL,FK-->BL,FK-->BL,FK-->BL,FK-->BL,,,,,,,,,,,,,,,,,BL-->FK,BL-->FK,BL-->FK,BL-->FK,BL-->FK,BL-->FK,BL-->FK,BL-->FK,BL-->FK,BL-->FK,BL-->FK,BL-->FK,BL-->FK,BL-->FK,BL-->FK,BL-->FK,BL-->FK,BL-->FK,BL-->FK
FO,FRO,Faroe Islands,Tórshavn,Europe,Northern Europe,,FO-->BL,FO-->BL,FO-->BL,FO-->BL,FO-->BL,FO-->BL,FO-->BL,FO-->BL,FO-->BL,FO-->BL,FO-->BL,FO-->BL,FO-->BL,FO-->BL,FO-->BL,FO-->BL,FO-->BL,FO-->BL,FO-->BL,,,,,,,,,,,,,,,,,BL-->FO,BL-->FO,BL-->FO,BL-->FO,BL-->FO,BL-->FO,BL-->FO,BL-->FO,BL-->FO,BL-->FO,BL-->FO,BL-->FO,BL-->FO,BL-->FO,BL-->FO,BL-->FO,BL-->FO,BL-->FO,BL-->FO
FJ,FJI,Fiji,Suva,Oceania,Melanesia,,FJ-->BL,FJ-->BL,FJ-->BL,FJ-->BL,FJ-->BL,FJ-->BL,FJ-->BL,FJ-->BL,FJ-->BL,FJ-->BL,FJ-->BL,FJ-->BL,FJ-->BL,FJ-->BL,FJ-->BL,FJ-->BL,FJ-->BL,FJ-->BL,FJ-->BL,,,,,,,,,,,,,,,,,BL-->FJ,BL-->FJ,BL-->FJ,BL-->FJ,BL-->FJ,BL-->FJ,BL-->FJ,BL-->FJ,BL-->FJ,BL-->FJ,BL-->FJ,BL-->FJ,BL-->FJ,BL-->FJ,BL-->FJ,BL-->FJ,BL-->FJ,BL-->FJ,BL-->FJ
FI,FIN,Finland,Helsinki,Europe,Northern Europe,,FI-->BL,FI-->BL,FI-->BL,FI-->BL,FI-->BL,FI-->BL,FI-->BL,FI-->BL,FI-->BL,FI-->BL,FI-->BL,FI-->BL,FI-->BL,FI-->BL,FI-->BL,FI-->BL,FI-->BL,FI-->BL,FI-->BL,,,,,,,,,,,,,,,,,BL-->FI,BL-->FI,BL-->FI,BL-->FI,BL-->FI,BL-->FI,BL-->FI,BL-->FI,BL-->FI,BL-->FI,BL-->FI,BL-->FI,BL-->FI,BL-->FI,BL-->FI,BL-->FI,BL-->FI,BL-->FI,BL-->FI
FR,FRA,France,Paris,Europe,Western Europe,,FR-->BL,FR-->BL,FR-->BL,FR-->BL,FR-->BL,FR-->BL,FR-->BL,FR-->BL,FR-->BL,FR-->BL,FR-->BL,FR-->BL,FR-->BL,FR-->BL,FR-->BL,FR-->BL,FR-->BL,FR-->BL,FR-->BL,,,,,,,,,,,,,,,,,BL-->FR,BL-->FR,BL-->FR,BL-->FR,BL-->FR,BL-->FR,BL-->FR,BL-->FR,BL-->FR,BL-->FR,BL-->FR,BL-->FR,BL-->FR,BL-->FR,BL-->FR,BL-->FR,BL-->FR,BL-->FR,BL-->FR
GF,GUF,French Guiana,Cayenne,Americas,South America,,GF-->BL,GF-->BL,GF-->BL,GF-->BL,GF-->BL,GF-->BL,GF-->BL,GF-->BL,GF-->BL,GF-->BL,GF-->BL,GF-->BL,GF-->BL,GF-->BL,GF-->BL,GF-->BL,GF-->BL,GF-->BL,GF-->BL,,,,,,,,,,,,,,,,,BL-->GF,BL-->GF,BL-->GF,BL-->GF,BL-->GF,BL-->GF,BL-->GF,BL-->GF,BL-->GF,BL-->GF,BL-->GF,BL-->GF,BL-->GF,BL-->GF,BL-->GF,BL-->GF,BL-->GF,BL-->GF,BL-->GF
PF,PYF,French Polynesia,Papeetē,Oceania,Polynesia,,PF-->BL,PF-->BL,PF-->BL,PF-->BL,PF-->BL,PF-->BL,PF-->BL,PF-->BL,PF-->BL,PF-->BL,PF-->BL,PF-->BL,PF-->BL,PF-->BL,PF-->BL,PF-->BL,PF-->BL,PF-->BL,PF-->BL,,,,,,,,,,,,,,,,,BL-->PF,BL-->PF,BL-->PF,BL-->PF,BL-->PF,BL-->PF,BL-->PF,BL-->PF,BL-->PF,BL-->PF,BL-->PF,BL-->PF,BL-->PF,BL-->PF,BL-->PF,BL-->PF,BL-->PF,BL-->PF,BL-->PF
TF,ATF,French Southern and Antarctic Lands,Port-aux-Français,Africa,Southern Africa,,TF-->BL,TF-->BL,TF-->BL,TF-->BL,TF-->BL,TF-->BL,TF-->BL,TF-->BL,TF-->BL,TF-->BL,TF-->BL,TF-->BL,TF-->BL,TF-->BL,TF-->BL,TF-->BL,TF-->BL,TF-->BL,TF-->BL,,,,,,,,,,,,,,,,,BL-->TF,BL-->TF,BL-->TF,BL-->TF,BL-->TF,BL-->TF,BL-->TF,BL-->TF,BL-->TF,BL-->TF,BL-->TF,BL-->TF,BL-->TF,BL-->TF,BL-->TF,BL-->TF,BL-->TF,BL-->TF,BL-->TF
GA,GAB,Gabon,Libreville,Africa,Middle Africa,,GA-->BL,GA-->BL,GA-->BL,GA-->BL,GA-->BL,GA-->BL,GA-->BL,GA-->BL,GA-->BL,GA-->BL,GA-->BL,GA-->BL,GA-->BL,GA-->BL,GA-->BL,GA-->BL,GA-->BL,GA-->BL,GA-->BL,,,,,,,,,,,,,,,,,BL-->GA,BL-->GA,BL-->GA,BL-->GA,BL-->GA,BL-->GA,BL-->GA,BL-->GA,BL-->GA,BL-->GA,BL-->GA,BL-->GA,BL-->GA,BL-->GA,BL-->GA,BL-->GA,BL-->GA,BL-->GA,BL-->GA
GM,GMB,The Gambia,Banjul,Africa,Western Africa,,GM-->BL,GM-->BL,GM-->BL,GM-->BL,GM-->BL,GM-->BL,GM-->BL,GM-->BL,GM-->BL,GM-->BL,GM-->BL,GM-->BL,GM-->BL,GM-->BL,GM-->BL,GM-->BL,GM-->BL,GM-->BL,GM-->BL,,,,,,,,,,,,,,,,,BL-->GM,BL-->GM,BL-->GM,BL-->GM,BL-->GM,BL-->GM,BL-->GM,BL-->GM,BL-->GM,BL-->GM,BL-->GM,BL-->GM,BL-->GM,BL-->GM,BL-->GM,BL-->GM,BL-->GM,BL-->GM,BL-->GM
GE,GEO,Georgia,Tbilisi,Asia,Western Asia,,GE-->BL,GE-->BL,GE-->BL,GE-->BL,GE-->BL,GE-->BL,GE-->BL,GE-->BL,GE-->BL,GE-->BL,GE-->BL,GE-->BL,GE-->BL,GE-->BL,GE-->BL,GE-->BL,GE-->BL,GE-->BL,GE-->BL,,,,,,,,,,,,,,,,,BL-->GE,BL-->GE,BL-->GE,BL-->GE,BL-->GE,BL-->GE,BL-->GE,BL-->GE,BL-->GE,BL-->GE,BL-->GE,BL-->GE,BL-->GE,BL-->GE,BL-->GE,BL-->GE,BL-->GE,BL-->GE,BL-->GE
DE,DEU,Germany,Berlin,Europe,Western Europe,,DE-->BL,DE-->BL,DE-->BL,DE-->BL,DE-->BL,DE-->BL,DE-->BL,DE-->BL,DE-->BL,DE-->BL,DE-->BL,DE-->BL,DE-->BL,DE-->BL,DE-->BL,DE-->BL,DE-->BL,DE-->BL,DE-->BL,,,,,,,,,,,,,,,,,BL-->DE,BL-->DE,BL-->DE,BL-->DE,BL-->DE,BL-->DE,BL-->DE,BL-->DE,BL-->DE,BL-->DE,BL-->DE,BL-->DE,BL-->DE,BL-->DE,BL-->DE,BL-->DE,BL-->DE,BL-->DE,BL-->DE
GH,GHA,Ghana,Accra,Africa,Western Africa,,GH-->BL,GH-->BL,GH-->BL,GH-->BL,GH-->BL,GH-->BL,GH-->BL,GH-->BL,GH-->BL,GH-->BL,GH-->BL,GH-->BL,GH-->BL,GH-->BL,GH-->BL,GH-->BL,GH-->BL,GH-->BL,GH-->BL,,,,,,,,,,,,,,,,,BL-->GH,BL-->GH,BL-->GH,BL-->GH,BL-->GH,BL-->GH,BL-->GH,BL-->GH,BL-->GH,BL-->GH,BL-->GH,BL-->GH,BL-->GH,BL-->GH,BL-->GH,BL-->GH,BL-->GH,BL-->GH,BL-->GH
GI,GIB,Gibraltar,Gibraltar,Europe,Southern Europe,,GI-->BL,GI-->BL,GI-->BL,GI-->BL,GI-->BL,GI-->BL,GI-->BL,GI-->BL,GI-->BL,GI-->BL,GI-->BL,GI-->BL,GI-->BL,GI-->BL,GI-->BL,GI-->BL,GI-->BL,GI-->BL,GI-->BL,,,,,,,,,,,,,,,,,BL-->GI,BL-->GI,BL-->GI,BL-->GI,BL-->GI,BL-->GI,BL-->GI,BL-->GI,BL-->GI,BL-->GI,BL-->GI,BL-->GI,BL-->GI,BL-->GI,BL-->GI,BL-->GI,BL-->GI,BL-->GI,BL-->GI
GR,GRC,Greece,Athens,Europe,Southern Europe,,GR-->BL,GR-->BL,GR-->BL,GR-->BL,GR-->BL,GR-->BL,GR-->BL,GR-->BL,GR-->BL,GR-->BL,GR-->BL,GR-->BL,GR-->BL,GR-->BL,GR-->BL,GR-->BL,GR-->BL,GR-->BL,GR-->BL,,,,,,,,,,,,,,,,,BL-->GR,BL-->GR,BL-->GR,BL-->GR,BL-->GR,BL-->GR,BL-->GR,BL-->GR,BL-->GR,BL-->GR,BL-->GR,BL-->GR,BL-->GR,BL-->GR,BL-->GR,BL-->GR,BL-->GR,BL-->GR,BL-->GR
GL,GRL,Greenland,Nuuk,Americas,Northern America,,GL-->BL,GL-->BL,GL-->BL,GL-->BL,GL-->BL,GL-->BL,GL-->BL,GL-->BL,GL-->BL,GL-->BL,GL-->BL,GL-->BL,GL-->BL,GL-->BL,GL-->BL,GL-->BL,GL-->BL,GL-->BL,GL-->BL,,,,,,,,,,,,,,,,,BL-->GL,BL-->GL,BL-->GL,BL-->GL,BL-->GL,BL-->GL,BL-->GL,BL-->GL,BL-->GL,BL-->GL,BL-->GL,BL-->GL,BL-->GL,BL-->GL,BL-->GL,BL-->GL,BL-->GL,BL-->GL,BL-->GL
GD,GRD,Grenada,St. George's,Americas,Caribbean,,GD-->BL,GD-->BL,GD-->BL,GD-->BL,GD-->BL,GD-->BL,GD-->BL,GD-->BL,GD-->BL,GD-->BL,GD-->BL,GD-->BL,GD-->BL,GD-->BL,GD-->BL,GD-->BL,GD-->BL,GD-->BL,GD-->BL,,,,,,,,,,,,,,,,,BL-->GD,BL-->GD,BL-->GD,BL-->GD,BL-->GD,BL-->GD,BL-->GD,BL-->GD,BL-->GD,BL-->GD,BL-->GD,BL-->GD,BL-->GD,BL-->GD,BL-->GD,BL-->GD,BL-->GD,BL-->GD,BL-->GD
GP,GLP,Guadeloupe,Basse-Terre,Americas,Caribbean,,GP-->BL,GP-->BL,GP-->BL,GP-->BL,GP-->BL,GP-->BL,GP-->BL,GP-->BL,GP-->BL,GP-->BL,GP-->BL,GP-->BL,GP-->BL,GP-->BL,GP-->BL,GP-->BL,GP-->BL,GP-->BL,GP-->BL,,,,,,,,,,,,,,,,,BL-->GP,BL-->GP,BL-->GP,BL-->GP,BL-->GP,BL-->GP,BL-->GP,BL-->GP,BL-->GP,BL-->GP,BL-->GP,BL-->GP,BL-->GP,BL-->GP,BL-->GP,BL-->GP,BL-->GP,BL-->GP,BL-->GP
GU,GUM,Guam,Hagåtña,Oceania,Micronesia,,GU-->BL,GU-->BL,GU-->BL,GU-->BL,GU-->BL,GU-->BL,GU-->BL,GU-->BL,GU-->BL,GU-->BL,GU-->BL,GU-->BL,GU-->BL,GU-->BL,GU-->BL,GU-->BL,GU-->BL,GU-->BL,GU-->BL,,,,,,,,,,,,,,,,,BL-->GU,BL-->GU,BL-->GU,BL-->GU,BL-->GU,BL-->GU,BL-->GU,BL-->GU,BL-->GU,BL-->GU,BL-->GU,BL-->GU,BL-->GU,BL-->GU,BL-->GU,BL-->GU,BL-->GU,BL-->GU,BL-->GU
GT,GTM,Guatemala,Guatemala City,Americas,Central America,,GT-->BL,GT-->BL,GT-->BL,GT-->BL,GT-->BL,GT-->BL,GT-->BL,GT-->BL,GT-->BL,GT-->BL,GT-->BL,GT-->BL,GT-->BL,GT-->BL,GT-->BL,GT-->BL,GT-->BL,GT-->BL,GT-->BL,,,,,,,,,,,,,,,,,BL-->GT,BL-->GT,BL-->GT,BL-->GT,BL-->GT,BL-->GT,BL-->GT,BL-->GT,BL-->GT,BL-->GT,BL-->GT,BL-->GT,BL-->GT,BL-->GT,BL-->GT,BL-->GT,BL-->GT,BL-->GT,BL-->GT
GG,GGY,Guernsey,St. Peter Port,Europe,Northern Europe,,GG-->BL,GG-->BL,GG-->BL,GG-->BL,GG-->BL,GG-->BL,GG-->BL,GG-->BL,GG-->BL,GG-->BL,GG-->BL,GG-->BL,GG-->BL,GG-->BL,GG-->BL,GG-->BL,GG-->BL,GG-->BL,GG-->BL,,,,,,,,,,,,,,,,,BL-->GG,BL-->GG,BL-->GG,BL-->GG,BL-->GG,BL-->GG,BL-->GG,BL-->GG,BL-->GG,BL-->GG,BL-->GG,BL-->GG,BL-->GG,BL-->GG,BL-->GG,BL-->GG,BL-->GG,BL-->GG,BL-->GG
GN,GIN,Guinea,Conakry,Africa,Western Africa,,GN-->BL,GN-->BL,GN-->BL,GN-->BL,GN-->BL,GN-->BL,GN-->BL,GN-->BL,GN-->BL,GN-->BL,GN-->BL,GN-->BL,GN-->BL,GN-->BL,GN-->BL,GN-->BL,GN-->BL,GN-->BL,GN-->BL,,,,,,,,,,,,,,,,,BL-->GN,BL-->GN,BL-->GN,BL-->GN,BL-->GN,BL-->GN,BL-->GN,BL-->GN,BL-->GN,BL-->GN,BL-->GN,BL-->GN,BL-->GN,BL-->GN,BL-->GN,BL-->GN,BL-->GN,BL-->GN,BL-->GN
GW,GNB,Guinea-Bissau,Bissau,Africa,Western Africa,,GW-->BL,GW-->BL,GW-->BL,GW-->BL,GW-->BL,GW-->BL,GW-->BL,GW-->BL,GW-->BL,GW-->BL,GW-->BL,GW-->BL,GW-->BL,GW-->BL,GW-->BL,GW-->BL,GW-->BL,GW-->BL,GW-->BL,,,,,,,,,,,,,,,,,BL-->GW,BL-->GW,BL-->GW,BL-->GW,BL-->GW,BL-->GW,BL-->GW,BL-->GW,BL-->GW,BL-->GW,BL-->GW,BL-->GW,BL-->GW,BL-->GW,BL-->GW,BL-->GW,BL-->GW,BL-->GW,BL-->GW
GY,GUY,Guyana,Georgetown,Americas,South America,,GY-->BL,GY-->BL,GY-->BL,GY-->BL,GY-->BL,GY-->BL,GY-->BL,GY-->BL,GY-->BL,GY-->BL,GY-->BL,GY-->BL,GY-->BL,GY-->BL,GY-->BL,GY-->BL,GY-->BL,GY-->BL,GY-->BL,,,,,,,,,,,,,,,,,BL-->GY,BL-->GY,BL-->GY,BL-->GY,BL-->GY,BL-->GY,BL-->GY,BL-->GY,BL-->GY,BL-->GY,BL-->GY,BL-->GY,BL-->GY,BL-->GY,BL-->GY,BL-->GY,BL-->GY,BL-->GY,BL-->GY
HT,HTI,Haiti,Port-au-Prince,Americas,Caribbean,,HT-->BL,HT-->BL,HT-->BL,HT-->BL,HT-->BL,HT-->BL,HT-->BL,HT-->BL,HT-->BL,HT-->BL,HT-->BL,HT-->BL,HT-->BL,HT-->BL,HT-->BL,HT-->BL,HT-->BL,HT-->BL,HT-->BL,,,,,,,,,,,,,,,,,BL-->HT,BL-->HT,BL-->HT,BL-->HT,BL-->HT,BL-->HT,BL-->HT,BL-->HT,BL-->HT,BL-->HT,BL-->HT,BL-->HT,BL-->HT,BL-->HT,BL-->HT,BL-->HT,BL-->HT,BL-->HT,BL-->HT
HM,HMD,Heard Island and McDonald Islands,,,,,HM-->BL,HM-->BL,HM-->BL,HM-->BL,HM-->BL,HM-->BL,HM-->BL,HM-->BL,HM-->BL,HM-->BL,HM-->BL,HM-->BL,HM-->BL,HM-->BL,HM-->BL,HM-->BL,HM-->BL,HM-->BL,HM-->BL,,,,,,,,,,,,,,,,,BL-->HM,BL-->HM,BL-->HM,BL-->HM,BL-->HM,BL-->HM,BL-->HM,BL-->HM,BL-->HM,BL-->HM,BL-->HM,BL-->HM,BL-->HM,BL-->HM,BL-->HM,BL-->HM,BL-->HM,BL-->HM,BL-->HM
VA,VAT,Holy See,Rome,Europe,Southern Europe,,VA-->BL,VA-->BL,VA-->BL,VA-->BL,VA-->BL,VA-->BL,VA-->BL,VA-->BL,VA-->BL,VA-->BL,VA-->BL,VA-->BL,VA-->BL,VA-->BL,VA-->BL,VA-->BL,VA-->BL,VA-->BL,VA-->BL,,,,,,,,,,,,,,,,,BL-->VA,BL-->VA,BL-->VA,BL-->VA,BL-->VA,BL-->VA,BL-->VA,BL-->VA,BL-->VA,BL-->VA,BL-->VA,BL-->VA,BL-->VA,BL-->VA,BL-->VA,BL-->VA,BL-->VA,BL-->VA,BL-->VA
HN,HND,Honduras,Tegucigalpa,Americas,Central America,,HN-->BL,HN-->BL,HN-->BL,HN-->BL,HN-->BL,HN-->BL,HN-->BL,HN-->BL,HN-->BL,HN-->BL,HN-->BL,HN-->BL,HN-->BL,HN-->BL,HN-->BL,HN-->BL,HN-->BL,HN-->BL,HN-->BL,,,,,,,,,,,,,,,,,BL-->HN,BL-->HN,BL-->HN,BL-->HN,BL-->HN,BL-->HN,BL-->HN,BL-->HN,BL-->HN,BL-->HN,BL-->HN,BL-->HN,BL-->HN,BL-->HN,BL-->HN,BL-->HN,BL-->HN,BL-->HN,BL-->HN
HK,HKG,Hong Kong,City of Victoria,Asia,Eastern Asia,,HK-->BL,HK-->BL,HK-->BL,HK-->BL,HK-->BL,HK-->BL,HK-->BL,HK-->BL,HK-->BL,HK-->BL,HK-->BL,HK-->BL,HK-->BL,HK-->BL,HK-->BL,HK-->BL,HK-->BL,HK-->BL,HK-->BL,,,,,,,,,,,,,,,,,BL-->HK,BL-->HK,BL-->HK,BL-->HK,BL-->HK,BL-->HK,BL-->HK,BL-->HK,BL-->HK,BL-->HK,BL-->HK,BL-->HK,BL-->HK,BL-->HK,BL-->HK,BL-->HK,BL-->HK,BL-->HK,BL-->HK
HU,HUN,Hungary,Budapest,Europe,Eastern Europe,,HU-->BL,HU-->BL,HU-->BL,HU-->BL,HU-->BL,HU-->BL,HU-->BL,HU-->BL,HU-->BL,HU-->BL,HU-->BL,HU-->BL,HU-->BL,HU-->BL,HU-->BL,HU-->BL,HU-->BL,HU-->BL,HU-->BL,,,,,,,,,,,,,,,,,BL-->HU,BL-->HU,BL-->HU,BL-->HU,BL-->HU,BL-->HU,BL-->HU,BL-->HU,BL-->HU,BL-->HU,BL-->HU,BL-->HU,BL-->HU,BL-->HU,BL-->HU,BL-->HU,BL-->HU,BL-->HU,BL-->HU
IS,ISL,Iceland,Reykjavík,Europe,Northern Europe,,IS-->BL,IS-->BL,IS-->BL,IS-->BL,IS-->BL,IS-->BL,IS-->BL,IS-->BL,IS-->BL,IS-->BL,IS-->BL,IS-->BL,IS-->BL,IS-->BL,IS-->BL,IS-->BL,IS-->BL,IS-->BL,IS-->BL,,,,,,,,,,,,,,,,,BL-->IS,BL-->IS,BL-->IS,BL-->IS,BL-->IS,BL-->IS,BL-->IS,BL-->IS,BL-->IS,BL-->IS,BL-->IS,BL-->IS,BL-->IS,BL-->IS,BL-->IS,BL-->IS,BL-->IS,BL-->IS,BL-->IS
IN,IND,India,New Delhi,Asia,Southern Asia,,IN-->BL,IN-->BL,IN-->BL,IN-->BL,IN-->BL,IN-->BL,IN-->BL,IN-->BL,IN-->BL,IN-->BL,IN-->BL,IN-->BL,IN-->BL,IN-->BL,IN-->BL,IN-->BL,IN-->BL,IN-->BL,IN-->BL,,,,,,,,,,,,,,,,,BL-->IN,BL-->IN,BL-->IN,BL-->IN,BL-->IN,BL-->IN,BL-->IN,BL-->IN,BL-->IN,BL-->IN,BL-->IN,BL-->IN,BL-->IN,BL-->IN,BL-->IN,BL-->IN,BL-->IN,BL-->IN,BL-->IN
ID,IDN,Indonesia,Jakarta,Asia,South-Eastern Asia,,ID-->BL,ID-->BL,ID-->BL,ID-->BL,ID-->BL,ID-->BL,ID-->BL,ID-->BL,ID-->BL,ID-->BL,ID-->BL,ID-->BL,ID-->BL,ID-->BL,ID-->BL,ID-->BL,ID-->BL,ID-->BL,ID-->BL,,,,,,,,,,,,,,,,,BL-->ID,BL-->ID,BL-->ID,BL-->ID,BL-->ID,BL-->ID,BL-->ID,BL-->ID,BL-->ID,BL-->ID,BL-->ID,BL-->ID,BL-->ID,BL-->ID,BL-->ID,BL-->ID,BL-->ID,BL-->ID,BL-->ID
CI,CIV,Ivory Coast,Yamoussoukro,Africa,Western Africa,,CI-->BL,CI-->BL,CI-->BL,CI-->BL,CI-->BL,CI-->BL,CI-->BL,CI-->BL,CI-->BL,CI-->BL,CI-->BL,CI-->BL,CI-->BL,CI-->BL,CI-->BL,CI-->BL,CI-->BL,CI-->BL,CI-->BL,,,,,,,,,,,,,,,,,BL-->CI,BL-->CI,BL-->CI,BL-->CI,BL-->CI,BL-->CI,BL-->CI,BL-->CI,BL-->CI,BL-->CI,BL-->CI,BL-->CI,BL-->CI,BL-->CI,BL-->CI,BL-->CI,BL-->CI,BL-->CI,BL-->CI
IR,IRN,Iran,Tehran,Asia,Southern Asia,,IR-->BL,IR-->BL,IR-->BL,IR-->BL,IR-->BL,IR-->BL,IR-->BL,IR-->BL,IR-->BL,IR-->BL,IR-->BL,IR-->BL,IR-->BL,IR-->BL,IR-->BL,IR-->BL,IR-->BL,IR-->BL,IR-->BL,,,,,,,,,,,,,,,,,BL-->IR,BL-->IR,BL-->IR,BL-->IR,BL-->IR,BL-->IR,BL-->IR,BL-->IR,BL-->IR,BL-->IR,BL-->IR,BL-->IR,BL-->IR,BL-->IR,BL-->IR,BL-->IR,BL-->IR,BL-->IR,BL-->IR
IQ,IRQ,Iraq,Baghdad,Asia,Western Asia,,IQ-->BL,IQ-->BL,IQ-->BL,IQ-->BL,IQ-->BL,IQ-->BL,IQ-->BL,IQ-->BL,IQ-->BL,IQ-->BL,IQ-->BL,IQ-->BL,IQ-->BL,IQ-->BL,IQ-->BL,IQ-->BL,IQ-->BL,IQ-->BL,IQ-->BL,,,,,,,,,,,,,,,,,BL-->IQ,BL-->IQ,BL-->IQ,BL-->IQ,BL-->IQ,BL-->IQ,BL-->IQ,BL-->IQ,BL-->IQ,BL-->IQ,BL-->IQ,BL-->IQ,BL-->IQ,BL-->IQ,BL-->IQ,BL-->IQ,BL-->IQ,BL-->IQ,BL-->IQ
IE,IRL,Republic of Ireland,Dublin,Europe,Northern Europe,,IE-->BL,IE-->BL,IE-->BL,IE-->BL,IE-->BL,IE-->BL,IE-->BL,IE-->BL,IE-->BL,IE-->BL,IE-->BL,IE-->BL,IE-->BL,IE-->BL,IE-->BL,IE-->BL,IE-->BL,IE-->BL,IE-->BL,,,,,,,,,,,,,,,,,BL-->IE,BL-->IE,BL-->IE,BL-->IE,BL-->IE,BL-->IE,BL-->IE,BL-->IE,BL-->IE,BL-->IE,BL-->IE,BL-->IE,BL-->IE,BL-->IE,BL-->IE,BL-->IE,BL-->IE,BL-->IE,BL-->IE
IM,IMN,Isle of Man,Douglas,Europe,Northern Europe,,IM-->BL,IM-->BL,IM-->BL,IM-->BL,IM-->BL,IM-->BL,IM-->BL,IM-->BL,IM-->BL,IM-->BL,IM-->BL,IM-->BL,IM-->BL,IM-->BL,IM-->BL,IM-->BL,IM-->BL,IM-->BL,IM-->BL,,,,,,,,,,,,,,,,,BL-->IM,BL-->IM,BL-->IM,BL-->IM,BL-->IM,BL-->IM,BL-->IM,BL-->IM,BL-->IM,BL-->IM,BL-->IM,BL-->IM,BL-->IM,BL-->IM,BL-->IM,BL-->IM,BL-->IM,BL-->IM,BL-->IM
IL,ISR,Israel,Jerusalem,Asia,Western Asia,,IL-->BL,IL-->BL,IL-->BL,IL-->BL,IL-->BL,IL-->BL,IL-->BL,IL-->BL,IL-->BL,IL-->BL,IL-->BL,IL-->BL,IL-->BL,IL-->BL,IL-->BL,IL-->BL,IL-->BL,IL-->BL,IL-->BL,,,,,,,,,,,,,,,,,BL-->IL,BL-->IL,BL-->IL,BL-->IL,BL-->IL,BL-->IL,BL-->IL,BL-->IL,BL-->IL,BL-->IL,BL-->IL,BL-->IL,BL-->IL,BL-->IL,BL-->IL,BL-->IL,BL-->IL,BL-->IL,BL-->IL
IT,ITA,Italy,Rome,Europe,Southern Europe,,IT-->BL,IT-->BL,IT-->BL,IT-->BL,IT-->BL,IT-->BL,IT-->BL,IT-->BL,IT-->BL,IT-->BL,IT-->BL,IT-->BL,IT-->BL,IT-->BL,IT-->BL,IT-->BL,IT-->BL,IT-->BL,IT-->BL,,,,,,,,,,,,,,,,,BL-->IT,BL-->IT,BL-->IT,BL-->IT,BL-->IT,BL-->IT,BL-->IT,BL-->IT,BL-->IT,BL-->IT,BL-->IT,BL-->IT,BL-->IT,BL-->IT,BL-->IT,BL-->IT,BL-->IT,BL-->IT,BL-->IT
JM,JAM,Jamaica,Kingston,Americas,Caribbean,,JM-->BL,JM-->BL,JM-->BL,JM-->BL,JM-->BL,JM-->BL,JM-->BL,JM-->BL,JM-->BL,JM-->BL,JM-->BL,JM-->BL,JM-->BL,JM-->BL,JM-->BL,JM-->BL,JM-->BL,JM-->BL,JM-->BL,,,,,,,,,,,,,,,,,BL-->JM,BL-->JM,BL-->JM,BL-->JM,BL-->JM,BL-->JM,BL-->JM,BL-->JM,BL-->JM,BL-->JM,BL-->JM,BL-->JM,BL-->JM,BL-->JM,BL-->JM,BL-->JM,BL-->JM,BL-->JM,BL-->JM
JP,JPN,Japan,Tokyo,Asia,Eastern Asia,,JP-->BL,JP-->BL,JP-->BL,JP-->BL,JP-->BL,JP-->BL,JP-->BL,JP-->BL,JP-->BL,JP-->BL,JP-->BL,JP-->BL,JP-->BL,JP-->BL,JP-->BL,JP-->BL,JP-->BL,JP-->BL,JP-->BL,,,,,,,,,,,,,,,,,BL-->JP,BL-->JP,BL-->JP,BL-->JP,BL-->JP,BL-->JP,BL-->JP,BL-->JP,BL-->JP,BL-->JP,BL-->JP,BL-->JP,BL-->JP,BL-->JP,BL-->JP,BL-->JP,BL-->JP,BL-->JP,BL-->JP
JE,JEY,Jersey,Saint Helier,Europe,Northern Europe,,JE-->BL,JE-->BL,JE-->BL,JE-->BL,JE-->BL,JE-->BL,JE-->BL,JE-->BL,JE-->BL,JE-->BL,JE-->BL,JE-->BL,JE-->BL,JE-->BL,JE-->BL,JE-->BL,JE-->BL,JE-->BL,JE-->BL,,,,,,,,,,,,,,,,,BL-->JE,BL-->JE,BL-->JE,BL-->JE,BL-->JE,BL-->JE,BL-->JE,BL-->JE,BL-->JE,BL-->JE,BL-->JE,BL-->JE,BL-->JE,BL-->JE,BL-->JE,BL-->JE,BL-->JE,BL-->JE,BL-->JE
JO,JOR,Jordan,Amman,Asia,Western Asia,,JO-->BL,JO-->BL,JO-->BL,JO-->BL,JO-->BL,JO-->BL,JO-->BL,JO-->BL,JO-->BL,JO-->BL,JO-->BL,JO-->BL,JO-->BL,JO-->BL,JO-->BL,JO-->BL,JO-->BL,JO-->BL,JO-->BL,,,,,,,,,,,,,,,,,BL-->JO,BL-->JO,BL-->JO,BL-->JO,BL-->JO,BL-->JO,BL-->JO,BL-->JO,BL-->JO,BL-->JO,BL-->JO,BL-->JO,BL-->JO,BL-->JO,BL-->JO,BL-->JO,BL-->JO,BL-->JO,BL-->JO
KZ,KAZ,Kazakhstan,Astana,Asia,Central Asia,,KZ-->BL,KZ-->BL,KZ-->BL,KZ-->BL,KZ-->BL,KZ-->BL,KZ-->BL,KZ-->BL,KZ-->BL,KZ-->BL,KZ-->BL,KZ-->BL,KZ-->BL,KZ-->BL,KZ-->BL,KZ-->BL,KZ-->BL,KZ-->BL,KZ-->BL,,,,,,,,,,,,,,,,,BL-->KZ,BL-->KZ,BL-->KZ,BL-->KZ,BL-->KZ,BL-->KZ,BL-->KZ,BL-->KZ,BL-->KZ,BL-->KZ,BL-->KZ,BL-->KZ,BL-->KZ,BL-->KZ,BL-->KZ,BL-->KZ,BL-->KZ,BL-->KZ,BL-->KZ
KE,KEN,Kenya,Nairobi,Africa,Eastern Africa,,KE-->BL,KE-->BL,KE-->BL,KE-->BL,KE-->BL,KE-->BL,KE-->BL,KE-->BL,KE-->BL,KE-->BL,KE-->BL,KE-->BL,KE-->BL,KE-->BL,KE-->BL,KE-->BL,KE-->BL,KE-->BL,KE-->BL,,,,,,,,,,,,,,,,,BL-->KE,BL-->KE,BL-->KE,BL-->KE,BL-->KE,BL-->KE,BL-->KE,BL-->KE,BL-->KE,BL-->KE,BL-->KE,BL-->KE,BL-->KE,BL-->KE,BL-->KE,BL-->KE,BL-->KE,BL-->KE,BL-->KE
KI,KIR,Kiribati,South Tarawa,Oceania,Micronesia,,KI-->BL,KI-->BL,KI-->BL,KI-->BL,KI-->BL,KI-->BL,KI-->BL,KI-->BL,KI-->BL,KI-->BL,KI-->BL,KI-->BL,KI-->BL,KI-->BL,KI-->BL,KI-->BL,KI-->BL,KI-->BL,KI-->BL,,,,,,,,,,,,,,,,,BL-->KI,BL-->KI,BL-->KI,BL-->KI,BL-->KI,BL-->KI,BL-->KI,BL-->KI,BL-->KI,BL-->KI,BL-->KI,BL-->KI,BL-->KI,BL-->KI,BL-->KI,BL-->KI,BL-->KI,BL-->KI,BL-->KI
KW,KWT,Kuwait,Kuwait City,Asia,Western Asia,,KW-->BL,KW-->BL,KW-->BL,KW-->BL,KW-->BL,KW-->BL,KW-->BL,KW-->BL,KW-->BL,KW-->BL,KW-->BL,KW-->BL,KW-->BL,KW-->BL,KW-->BL,KW-->BL,KW-->BL,KW-->BL,KW-->BL,,,,,,,,,,,,,,,,,BL-->KW,BL-->KW,BL-->KW,BL-->KW,BL-->KW,BL-->KW,BL-->KW,BL-->KW,BL-->KW,BL-->KW,BL-->KW,BL-->KW,BL-->KW,BL-->KW,BL-->KW,BL-->KW,BL-->KW,BL-->KW,BL-->KW
KG,KGZ,Kyrgyzstan,Bishkek,Asia,Central Asia,,KG-->BL,KG-->BL,KG-->BL,KG-->BL,KG-->BL,KG-->BL,KG-->BL,KG-->BL,KG-->BL,KG-->BL,KG-->BL,KG-->BL,KG-->BL,KG-->BL,KG-->BL,KG-->BL,KG-->BL,KG-->BL,KG-->BL,,,,,,,,,,,,,,,,,BL-->KG,BL-->KG,BL-->KG,BL-->KG,BL-->KG,BL-->KG,BL-->KG,BL-->KG,BL-->KG,BL-->KG,BL-->KG,BL-->KG,BL-->KG,BL-->KG,BL-->KG,BL-->KG,BL-->KG,BL-->KG,BL-->KG
LA,LAO,Laos,Vientiane,Asia,South-Eastern Asia,,LA-->BL,LA-->BL,LA-->BL,LA-->BL,LA-->BL,LA-->BL,LA-->BL,LA-->BL,LA-->BL,LA-->BL,LA-->BL,LA-->BL,LA-->BL,LA-->BL,LA-->BL,LA-->BL,LA-->BL,LA-->BL,LA-->BL,,,,,,,,,,,,,,,,,BL-->LA,BL-->LA,BL-->LA,BL-->LA,BL-->LA,BL-->LA,BL-->LA,BL-->LA,BL-->LA,BL-->LA,BL-->LA,BL-->LA,BL-->LA,BL-->LA,BL-->LA,BL-->LA,BL-->LA,BL-->LA,BL-->LA
LV,LVA,Latvia,Riga,Europe,Northern Europe,,LV-->BL,LV-->BL,LV-->BL,LV-->BL,LV-->BL,LV-->BL,LV-->BL,LV-->BL,LV-->BL,LV-->BL,LV-->BL,LV-->BL,LV-->BL,LV-->BL,LV-->BL,LV-->BL,LV-->BL,LV-->BL,LV-->BL,,,,,,,,,,,,,,,,,BL-->LV,BL-->LV,BL-->LV,BL-->LV,BL-->LV,BL-->LV,BL-->LV,BL-->LV,BL-->LV,BL-->LV,BL-->LV,BL-->LV,BL-->LV,BL-->LV,BL-->LV,BL-->LV,BL-->LV,BL-->LV,BL-->LV
LB,LBN,Lebanon,Beirut,Asia,Western Asia,,LB-->BL,LB-->BL,LB-->BL,LB-->BL,LB-->BL,LB-->BL,LB-->BL,LB-->BL,LB-->BL,LB-->BL,LB-->BL,LB-->BL,LB-->BL,LB-->BL,LB-->BL,LB-->BL,LB-->BL,LB-->BL,LB-->BL,,,,,,,,,,,,,,,,,BL-->LB,BL-->LB,BL-->LB,BL-->LB,BL-->LB,BL-->LB,BL-->LB,BL-->LB,BL-->LB,BL-->LB,BL-->LB,BL-->LB,BL-->LB,BL-->LB,BL-->LB,BL-->LB,BL-->LB,BL-->LB,BL-->LB
LS,LSO,Lesotho,Maseru,Africa,Southern Africa,,LS-->BL,LS-->BL,LS-->BL,LS-->BL,LS-->BL,LS-->BL,LS-->BL,LS-->BL,LS-->BL,LS-->BL,LS-->BL,LS-->BL,LS-->BL,LS-->BL,LS-->BL,LS-->BL,LS-->BL,LS-->BL,LS-->BL,,,,,,,,,,,,,,,,,BL-->LS,BL-->LS,BL-->LS,BL-->LS,BL-->LS,BL-->LS,BL-->LS,BL-->LS,BL-->LS,BL-->LS,BL-->LS,BL-->LS,BL-->LS,BL-->LS,BL-->LS,BL-->LS,BL-->LS,BL-->LS,BL-->LS
LR,LBR,Liberia,Monrovia,Africa,Western Africa,,LR-->BL,LR-->BL,LR-->BL,LR-->BL,LR-->BL,LR-->BL,LR-->BL,LR-->BL,LR-->BL,LR-->BL,LR-->BL,LR-->BL,LR-->BL,LR-->BL,LR-->BL,LR-->BL,LR-->BL,LR-->BL,LR-->BL,,,,,,,,,,,,,,,,,BL-->LR,BL-->LR,BL-->LR,BL-->LR,BL-->LR,BL-->LR,BL-->LR,BL-->LR,BL-->LR,BL-->LR,BL-->LR,BL-->LR,BL-->LR,BL-->LR,BL-->LR,BL-->LR,BL-->LR,BL-->LR,BL-->LR
LY,LBY,Libya,Tripoli,Africa,Northern Africa,,LY-->BL,LY-->BL,LY-->BL,LY-->BL,LY-->BL,LY-->BL,LY-->BL,LY-->BL,LY-->BL,LY-->BL,LY-->BL,LY-->BL,LY-->BL,LY-->BL,LY-->BL,LY-->BL,LY-->BL,LY-->BL,LY-->BL,,,,,,,,,,,,,,,,,BL-->LY,BL-->LY,BL-->LY,BL-->LY,BL-->LY,BL-->LY,BL-->LY,BL-->LY,BL-->LY,BL-->LY,BL-->LY,BL-->LY,BL-->LY,BL-->LY,BL-->LY,BL-->LY,BL-->LY,BL-->LY,BL-->LY
LI,LIE,Liechtenstein,Vaduz,Europe,Western Europe,,LI-->BL,LI-->BL,LI-->BL,LI-->BL,LI-->BL,LI-->BL,LI-->BL,LI-->BL,LI-->BL,LI-->BL,LI-->BL,LI-->BL,LI-->BL,LI-->BL,LI-->BL,LI-->BL,LI-->BL,LI-->BL,LI-->BL,,,,,,,,,,,,,,,,,BL-->LI,BL-->LI,BL-->LI,BL-->LI,BL-->LI,BL-->LI,BL-->LI,BL-->LI,BL-->LI,BL-->LI,BL-->LI,BL-->LI,BL-->LI,BL-->LI,BL-->LI,BL-->LI,BL-->LI,BL-->LI,BL-->LI
LT,LTU,Lithuania,Vilnius,Europe,Northern Europe,,LT-->BL,LT-->BL,LT-->BL,LT-->BL,LT-->BL,LT-->BL,LT-->BL,LT-->BL,LT-->BL,LT-->BL,LT-->BL,LT-->BL,LT-->BL,LT-->BL,LT-->BL,LT-->BL,LT-->BL,LT-->BL,LT-->BL,,,,,,,,,,,,,,,,,BL-->LT,BL-->LT,BL-->LT,BL-->LT,BL-->LT,BL-->LT,BL-->LT,BL-->LT,BL-->LT,BL-->LT,BL-->LT,BL-->LT,BL-->LT,BL-->LT,BL-->LT,BL-->LT,BL-->LT,BL-->LT,BL-->LT
LU,LUX,Luxembourg,Luxembourg,Europe,Western Europe,,LU-->BL,LU-->BL,LU-->BL,LU-->BL,LU-->BL,LU-->BL,LU-->BL,LU-->BL,LU-->BL,LU-->BL,LU-->BL,LU-->BL,LU-->BL,LU-->BL,LU-->BL,LU-->BL,LU-->BL,LU-->BL,LU-->BL,,,,,,,,,,,,,,,,,BL-->LU,BL-->LU,BL-->LU,BL-->LU,BL-->LU,BL-->LU,BL-->LU,BL-->LU,BL-->LU,BL-->LU,BL-->LU,BL-->LU,BL-->LU,BL-->LU,BL-->LU,BL-->LU,BL-->LU,BL-->LU,BL-->LU
MO,MAC,Macau,,Asia,Eastern Asia,,MO-->BL,MO-->BL,MO-->BL,MO-->BL,MO-->BL,MO-->BL,MO-->BL,MO-->BL,MO-->BL,MO-->BL,MO-->BL,MO-->BL,MO-->BL,MO-->BL,MO-->BL,MO-->BL,MO-->BL,MO-->BL,MO-->BL,,,,,,,,,,,,,,,,,BL-->MO,BL-->MO,BL-->MO,BL-->MO,BL-->MO,BL-->MO,BL-->MO,BL-->MO,BL-->MO,BL-->MO,BL-->MO,BL-->MO,BL-->MO,BL-->MO,BL-->MO,BL-->MO,BL-->MO,BL-->MO,BL-->MO
MK,MKD,Republic of Macedonia,Skopje,Europe,Southern Europe,,MK-->BL,MK-->BL,MK-->BL,MK-->BL,MK-->BL,MK-->BL,MK-->BL,MK-->BL,MK-->BL,MK-->BL,MK-->BL,MK-->BL,MK-->BL,MK-->BL,MK-->BL,MK-->BL,MK-->BL,MK-->BL,MK-->BL,,,,,,,,,,,,,,,,,BL-->MK,BL-->MK,BL-->MK,BL-->MK,BL-->MK,BL-->MK,BL-->MK,BL-->MK,BL-->MK,BL-->MK,BL-->MK,BL-->MK,BL-->MK,BL-->MK,BL-->MK,BL-->MK,BL-->MK,BL-->MK,BL-->MK
MG,MDG,Madagascar,Antananarivo,Africa,Eastern Africa,,MG-->BL,MG-->BL,MG-->BL,MG-->BL,MG-->BL,MG-->BL,MG-->BL,MG-->BL,MG-->BL,MG-->BL,MG-->BL,MG-->BL,MG-->BL,MG-->BL,MG-->BL,MG-->BL,MG-->BL,MG-->BL,MG-->BL,,,,,,,,,,,,,,,,,BL-->MG,BL-->MG,BL-->MG,BL-->MG,BL-->MG,BL-->MG,BL-->MG,BL-->MG,BL-->MG,BL-->MG,BL-->MG,BL-->MG,BL-->MG,BL-->MG,BL-->MG,BL-->MG,BL-->MG,BL-->MG,BL-->MG
MW,MWI,Malawi,Lilongwe,Africa,Eastern Africa,,MW-->BL,MW-->BL,MW-->BL,MW-->BL,MW-->BL,MW-->BL,MW-->BL,MW-->BL,MW-->BL,MW-->BL,MW-->BL,MW-->BL,MW-->BL,MW-->BL,MW-->BL,MW-->BL,MW-->BL,MW-->BL,MW-->BL,,,,,,,,,,,,,,,,,BL-->MW,BL-->MW,BL-->MW,BL-->MW,BL-->MW,BL-->MW,BL-->MW,BL-->MW,BL-->MW,BL-->MW,BL-->MW,BL-->MW,BL-->MW,BL-->MW,BL-->MW,BL-->MW,BL-->MW,BL-->MW,BL-->MW
MY,MYS,Malaysia,Kuala Lumpur,Asia,South-Eastern Asia,,MY-->BL,MY-->BL,MY-->BL,MY-->BL,MY-->BL,MY-->BL,MY-->BL,MY-->BL,MY-->BL,MY-->BL,MY-->BL,MY-->BL,MY-->BL,MY-->BL,MY-->BL,MY-->BL,MY-->BL,MY-->BL,MY-->BL,,,,,,,,,,,,,,,,,BL-->MY,BL-->MY,BL-->MY,BL-->MY,BL-->MY,BL-->MY,BL-->MY,BL-->MY,BL-->MY,BL-->MY,BL-->MY,BL-->MY,BL-->MY,BL-->MY,BL-->MY,BL-->MY,BL-->MY,BL-->MY,BL-->MY
MV,MDV,Maldives,Malé,Asia,Southern Asia,,MV-->BL,MV-->BL,MV-->BL,MV-->BL,MV-->BL,MV-->BL,MV-->BL,MV-->BL,MV-->BL,MV-->BL,MV-->BL,MV-->BL,MV-->BL,MV-->BL,MV-->BL,MV-->BL,MV-->BL,MV-->BL,MV-->BL,,,,,,,,,,,,,,,,,BL-->MV,BL-->MV,BL-->MV,BL-->MV,BL-->MV,BL-->MV,BL-->MV,BL-->MV,BL-->MV,BL-->MV,BL-->MV,BL-->MV,BL-->MV,BL-->MV,BL-->MV,BL-->MV,BL-->MV,BL-->MV,BL-->MV
ML,MLI,Mali,Bamako,Africa,Western Africa,,ML-->BL,ML-->BL,ML-->BL,ML-->BL,ML-->BL,ML-->BL,ML-->BL,ML-->BL,ML-->BL,ML-->BL,ML-->BL,ML-->BL,ML-->BL,ML-->BL,ML-->BL,ML-->BL,ML-->BL,ML-->BL,ML-->BL,,,,,,,,,,,,,,,,,BL-->ML,BL-->ML,BL-->ML,BL-->ML,BL-->ML,BL-->ML,BL-->ML,BL-->ML,BL-->ML,BL-->ML,BL-->ML,BL-->ML,BL-->ML,BL-->ML,BL-->ML,BL-->ML,BL-->ML,BL-->ML,BL-->ML
MT,MLT,Malta,Valletta,Europe,Southern Europe,,MT-->BL,MT-->BL,MT-->BL,MT-->BL,MT-->BL,MT-->BL,MT-->BL,MT-->BL,MT-->BL,MT-->BL,MT-->BL,MT-->BL,MT-->BL,MT-->BL,MT-->BL,MT-->BL,MT-->BL,MT-->BL,MT-->BL,,,,,,,,,,,,,,,,,BL-->MT,BL-->MT,BL-->MT,BL-->MT,BL-->MT,BL-->MT,BL-->MT,BL-->MT,BL-->MT,BL-->MT,BL-->MT,BL-->MT,BL-->MT,BL-->MT,BL-->MT,BL-->MT,BL-->MT,BL-->MT,BL-->MT
MH,MHL,Marshall Islands,Majuro,Oceania,Micronesia,,MH-->BL,MH-->BL,MH-->BL,MH-->BL,MH-->BL,MH-->BL,MH-->BL,MH-->BL,MH-->BL,MH-->BL,MH-->BL,MH-->BL,MH-->BL,MH-->BL,MH-->BL,MH-->BL,MH-->BL,MH-->BL,MH-->BL,,,,,,,,,,,,,,,,,BL-->MH,BL-->MH,BL-->MH,BL-->MH,BL-->MH,BL-->MH,BL-->MH,BL-->MH,BL-->MH,BL-->MH,BL-->MH,BL-->MH,BL-->MH,BL-->MH,BL-->MH,BL-->MH,BL-->MH,BL-->MH,BL-->MH
MQ,MTQ,Martinique,Fort-de-France,Americas,Caribbean,,MQ-->BL,MQ-->BL,MQ-->BL,MQ-->BL,MQ-->BL,MQ-->BL,MQ-->BL,MQ-->BL,MQ-->BL,MQ-->BL,MQ-->BL,MQ-->BL,MQ-->BL,MQ-->BL,MQ-->BL,MQ-->BL,MQ-->BL,MQ-->BL,MQ-->BL,,,,,,,,,,,,,,,,,BL-->MQ,BL-->MQ,BL-->MQ,BL-->MQ,BL-->MQ,BL-->MQ,BL-->MQ,BL-->MQ,BL-->MQ,BL-->MQ,BL-->MQ,BL-->MQ,BL-->MQ,BL-->MQ,BL-->MQ,BL-->MQ,BL-->MQ,BL-->MQ,BL-->MQ
MR,MRT,Mauritania,Nouakchott,Africa,Western Africa,,MR-->BL,MR-->BL,MR-->BL,MR-->BL,MR-->BL,MR-->BL,MR-->BL,MR-->BL,MR-->BL,MR-->BL,MR-->BL,MR-->BL,MR-->BL,MR-->BL,MR-->BL,MR-->BL,MR-->BL,MR-->BL,MR-->BL,0.0,,,,,,,,,,,,,,,,BL-->MR,BL-->MR,BL-->MR,BL-->MR,BL-->MR,BL-->MR,BL-->MR,BL-->MR,BL-->MR,BL-->MR,BL-->MR,BL-->MR,BL-->MR,BL-->MR,BL-->MR,BL-->MR,BL-->MR,BL-->MR,BL-->MR
MU,MUS,Mauritius,Port Louis,Africa,Eastern Africa,,MU-->BL,MU-->BL,MU-->BL,MU-->BL,MU-->BL,MU-->BL,MU-->BL,MU-->BL,MU-->BL,MU-->BL,MU-->BL,MU-->BL,MU-->BL,MU-->BL,MU-->BL,MU-->BL,MU-->BL,MU-->BL,MU-->BL,,,,,,,,,,,,,,,,,BL-->MU,BL-->MU,BL-->MU,BL-->MU,BL-->MU,BL-->MU,BL-->MU,BL-->MU,BL-->MU,BL-->MU,BL-->MU,BL-->MU,BL-->MU,BL-->MU,BL-->MU,BL-->MU,BL-->MU,BL-->MU,BL-->MU
YT,MYT,Mayotte,Mamoudzou,Africa,Eastern Africa,,YT-->BL,YT-->BL,YT-->BL,YT-->BL,YT-->BL,YT-->BL,YT-->BL,YT-->BL,YT-->BL,YT-->BL,YT-->BL,YT-->BL,YT-->BL,YT-->BL,YT-->BL,YT-->BL,YT-->BL,YT-->BL,YT-->BL,,,,,,,,,,,,,,,,,BL-->YT,BL-->YT,BL-->YT,BL-->YT,BL-->YT,BL-->YT,BL-->YT,BL-->YT,BL-->YT,BL-->YT,BL-->YT,BL-->YT,BL-->YT,BL-->YT,BL-->YT,BL-->YT,BL-->YT,BL-->YT,BL-->YT
MX,MEX,Mexico,Mexico City,Americas,Central America,,MX-->BL,MX-->BL,MX-->BL,MX-->BL,MX-->BL,MX-->BL,MX-->BL,MX-->BL,MX-->BL,MX-->BL,MX-->BL,MX-->BL,MX-->BL,MX-->BL,MX-->BL,MX-->BL,MX-->BL,MX-->BL,MX-->BL,,,,,,,,,,,,,,,,,BL-->MX,BL-->MX,BL-->MX,BL-->MX,BL-->MX,BL-->MX,BL-->MX,BL-->MX,BL-->MX,BL-->MX,BL-->MX,BL-->MX,BL-->MX,BL-->MX,BL-->MX,BL-->MX,BL-->MX,BL-->MX,BL-->MX
FM,FSM,Federated States of Micronesia,Palikir,Oceania,Micronesia,,FM-->BL,FM-->BL,FM-->BL,FM-->BL,FM-->BL,FM-->BL,FM-->BL,FM-->BL,FM-->BL,FM-->BL,FM-->BL,FM-->BL,FM-->BL,FM-->BL,FM-->BL,FM-->BL,FM-->BL,FM-->BL,FM-->BL,,,,,,,,,,,,,,,,,BL-->FM,BL-->FM,BL-->FM,BL-->FM,BL-->FM,BL-->FM,BL-->FM,BL-->FM,BL-->FM,BL-->FM,BL-->FM,BL-->FM,BL-->FM,BL-->FM,BL-->FM,BL-->FM,BL-->FM,BL-->FM,BL-->FM
MD,MDA,Moldova,Chișinău,Europe,Eastern Europe,,MD-->BL,MD-->BL,MD-->BL,MD-->BL,MD-->BL,MD-->BL,MD-->BL,MD-->BL,MD-->BL,MD-->BL,MD-->BL,MD-->BL,MD-->BL,MD-->BL,MD-->BL,MD-->BL,MD-->BL,MD-->BL,MD-->BL,,,,,,,,,,,,,,,,,BL-->MD,BL-->MD,BL-->MD,BL-->MD,BL-->MD,BL-->MD,BL-->MD,BL-->MD,BL-->MD,BL-->MD,BL-->MD,BL-->MD,BL-->MD,BL-->MD,BL-->MD,BL-->MD,BL-->MD,BL-->MD,BL-->MD
MC,MCO,Monaco,Monaco,Europe,Western Europe,,MC-->BL,MC-->BL,MC-->BL,MC-->BL,MC-->BL,MC-->BL,MC-->BL,MC-->BL,MC-->BL,MC-->BL,MC-->BL,MC-->BL,MC-->BL,MC-->BL,MC-->BL,MC-->BL,MC-->BL,MC-->BL,MC-->BL,,,,,,,,,,,,,,,,,BL-->MC,BL-->MC,BL-->MC,BL-->MC,BL-->MC,BL-->MC,BL-->MC,BL-->MC,BL-->MC,BL-->MC,BL-->MC,BL-->MC,BL-->MC,BL-->MC,BL-->MC,BL-->MC,BL-->MC,BL-->MC,BL-->MC
MN,MNG,Mongolia,Ulan Bator,Asia,Eastern Asia,,MN-->BL,MN-->BL,MN-->BL,MN-->BL,MN-->BL,MN-->BL,MN-->BL,MN-->BL,MN-->BL,MN-->BL,MN-->BL,MN-->BL,MN-->BL,MN-->BL,MN-->BL,MN-->BL,MN-->BL,MN-->BL,MN-->BL,,,,,,,,,,,,,,,,,BL-->MN,BL-->MN,BL-->MN,BL-->MN,BL-->MN,BL-->MN,BL-->MN,BL-->MN,BL-->MN,BL-->MN,BL-->MN,BL-->MN,BL-->MN,BL-->MN,BL-->MN,BL-->MN,BL-->MN,BL-->MN,BL-->MN
ME,MNE,Montenegro,Podgorica,Europe,Southern Europe,,ME-->BL,ME-->BL,ME-->BL,ME-->BL,ME-->BL,ME-->BL,ME-->BL,ME-->BL,ME-->BL,ME-->BL,ME-->BL,ME-->BL,ME-->BL,ME-->BL,ME-->BL,ME-->BL,ME-->BL,ME-->BL,ME-->BL,,,,,,,,,,,,,,,,,BL-->ME,BL-->ME,BL-->ME,BL-->ME,BL-->ME,BL-->ME,BL-->ME,BL-->ME,BL-->ME,BL-->ME,BL-->ME,BL-->ME,BL-->ME,BL-->ME,BL-->ME,BL-->ME,BL-->ME,BL-->ME,BL-->ME
MS,MSR,Montserrat,Plymouth,Americas,Caribbean,,MS-->BL,MS-->BL,MS-->BL,MS-->BL,MS-->BL,MS-->BL,MS-->BL,MS-->BL,MS-->BL,MS-->BL,MS-->BL,MS-->BL,MS-->BL,MS-->BL,MS-->BL,MS-->BL,MS-->BL,MS-->BL,MS-->BL,,,,,,,,,,,,,,,,,BL-->MS,BL-->MS,BL-->MS,BL-->MS,BL-->MS,BL-->MS,BL-->MS,BL-->MS,BL-->MS,BL-->MS,BL-->MS,BL-->MS,BL-->MS,BL-->MS,BL-->MS,BL-->MS,BL-->MS,BL-->MS,BL-->MS
MA,MAR,Morocco,Rabat,Africa,Northern Africa,,MA-->BL,MA-->BL,MA-->BL,MA-->BL,MA-->BL,MA-->BL,MA-->BL,MA-->BL,MA-->BL,MA-->BL,MA-->BL,MA-->BL,MA-->BL,MA-->BL,MA-->BL,MA-->BL,MA-->BL,MA-->BL,MA-->BL,,,,,,,,,,,,,,,,,BL-->MA,BL-->MA,BL-->MA,BL-->MA,BL-->MA,BL-->MA,BL-->MA,BL-->MA,BL-->MA,BL-->MA,BL-->MA,BL-->MA,BL-->MA,BL-->MA,BL-->MA,BL-->MA,BL-->MA,BL-->MA,BL-->MA
MZ,MOZ,Mozambique,Maputo,Africa,Eastern Africa,,MZ-->BL,MZ-->BL,MZ-->BL,MZ-->BL,MZ-->BL,MZ-->BL,MZ-->BL,MZ-->BL,MZ-->BL,MZ-->BL,MZ-->BL,MZ-->BL,MZ-->BL,MZ-->BL,MZ-->BL,MZ-->BL,MZ-->BL,MZ-->BL,MZ-->BL,,,,,,,,,,,,,,,,,BL-->MZ,BL-->MZ,BL-->MZ,BL-->MZ,BL-->MZ,BL-->MZ,BL-->MZ,BL-->MZ,BL-->MZ,BL-->MZ,BL-->MZ,BL-->MZ,BL-->MZ,BL-->MZ,BL-->MZ,BL-->MZ,BL-->MZ,BL-->MZ,BL-->MZ
MM,MMR,Myanmar,Naypyidaw,Asia,South-Eastern Asia,,MM-->BL,MM-->BL,MM-->BL,MM-->BL,MM-->BL,MM-->BL,MM-->BL,MM-->BL,MM-->BL,MM-->BL,MM-->BL,MM-->BL,MM-->BL,MM-->BL,MM-->BL,MM-->BL,MM-->BL,MM-->BL,MM-->BL,,,,,,,,,,,,,,,,,BL-->MM,BL-->MM,BL-->MM,BL-->MM,BL-->MM,BL-->MM,BL-->MM,BL-->MM,BL-->MM,BL-->MM,BL-->MM,BL-->MM,BL-->MM,BL-->MM,BL-->MM,BL-->MM,BL-->MM,BL-->MM,BL-->MM
,NAM,Namibia,Windhoek,Africa,Southern Africa,,NA-->BL,NA-->BL,NA-->BL,NA-->BL,NA-->BL,NA-->BL,NA-->BL,NA-->BL,NA-->BL,NA-->BL,NA-->BL,NA-->BL,NA-->BL,NA-->BL,NA-->BL,NA-->BL,NA-->BL,NA-->BL,NA-->BL,,,,,,,,,,,,,,,,,BL-->NA,BL-->NA,BL-->NA,BL-->NA,BL-->NA,BL-->NA,BL-->NA,BL-->NA,BL-->NA,BL-->NA,BL-->NA,BL-->NA,BL-->NA,BL-->NA,BL-->NA,BL-->NA,BL-->NA,BL-->NA,BL-->NA
NR,NRU,Nauru,Yaren,Oceania,Micronesia,,NR-->BL,NR-->BL,NR-->BL,NR-->BL,NR-->BL,NR-->BL,NR-->BL,NR-->BL,NR-->BL,NR-->BL,NR-->BL,NR-->BL,NR-->BL,NR-->BL,NR-->BL,NR-->BL,NR-->BL,NR-->BL,NR-->BL,,,,,,,,,,,,,,,,,BL-->NR,BL-->NR,BL-->NR,BL-->NR,BL-->NR,BL-->NR,BL-->NR,BL-->NR,BL-->NR,BL-->NR,BL-->NR,BL-->NR,BL-->NR,BL-->NR,BL-->NR,BL-->NR,BL-->NR,BL-->NR,BL-->NR
NP,NPL,Nepal,Kathmandu,Asia,Southern Asia,,NP-->BL,NP-->BL,NP-->BL,NP-->BL,NP-->BL,NP-->BL,NP-->BL,NP-->BL,NP-->BL,NP-->BL,NP-->BL,NP-->BL,NP-->BL,NP-->BL,NP-->BL,NP-->BL,NP-->BL,NP-->BL,NP-->BL,,,,,,,,,,,,,,,,,BL-->NP,BL-->NP,BL-->NP,BL-->NP,BL-->NP,BL-->NP,BL-->NP,BL-->NP,BL-->NP,BL-->NP,BL-->NP,BL-->NP,BL-->NP,BL-->NP,BL-->NP,BL-->NP,BL-->NP,BL-->NP,BL-->NP
NL,NLD,Netherlands,Amsterdam,Europe,Western Europe,,NL-->BL,NL-->BL,NL-->BL,NL-->BL,NL-->BL,NL-->BL,NL-->BL,NL-->BL,NL-->BL,NL-->BL,NL-->BL,NL-->BL,NL-->BL,NL-->BL,NL-->BL,NL-->BL,NL-->BL,NL-->BL,NL-->BL,,,,,,,,,,,,,,,,,BL-->NL,BL-->NL,BL-->NL,BL-->NL,BL-->NL,BL-->NL,BL-->NL,BL-->NL,BL-->NL,BL-->NL,BL-->NL,BL-->NL,BL-->NL,BL-->NL,BL-->NL,BL-->NL,BL-->NL,BL-->NL,BL-->NL
NC,NCL,New Caledonia,Nouméa,Oceania,Melanesia,,NC-->BL,NC-->BL,NC-->BL,NC-->BL,NC-->BL,NC-->BL,NC-->BL,NC-->BL,NC-->BL,NC-->BL,NC-->BL,NC-->BL,NC-->BL,NC-->BL,NC-->BL,NC-->BL,NC-->BL,NC-->BL,NC-->BL,,,,,,,,,,,,,,,,,BL-->NC,BL-->NC,BL-->NC,BL-->NC,BL-->NC,BL-->NC,BL-->NC,BL-->NC,BL-->NC,BL-->NC,BL-->NC,BL-->NC,BL-->NC,BL-->NC,BL-->NC,BL-->NC,BL-->NC,BL-->NC,BL-->NC
NZ,NZL,New Zealand,Wellington,Oceania,Australia and New Zealand,,NZ-->BL,NZ-->BL,NZ-->BL,NZ-->BL,NZ-->BL,NZ-->BL,NZ-->BL,NZ-->BL,NZ-->BL,NZ-->BL,NZ-->BL,NZ-->BL,NZ-->BL,NZ-->BL,NZ-->BL,NZ-->BL,NZ-->BL,NZ-->BL,NZ-->BL,,,,,,,,,,,,,,,,,BL-->NZ,BL-->NZ,BL-->NZ,BL-->NZ,BL-->NZ,BL-->NZ,BL-->NZ,BL-->NZ,BL-->NZ,BL-->NZ,BL-->NZ,BL-->NZ,BL-->NZ,BL-->NZ,BL-->NZ,BL-->NZ,BL-->NZ,BL-->NZ,BL-->NZ
NI,NIC,Nicaragua,Managua,Americas,Central America,,NI-->BL,NI-->BL,NI-->BL,NI-->BL,NI-->BL,NI-->BL,NI-->BL,NI-->BL,NI-->BL,NI-->BL,NI-->BL,NI-->BL,NI-->BL,NI-->BL,NI-->BL,NI-->BL,NI-->BL,NI-->BL,NI-->BL,,,,,,,,,,,,,,,,,BL-->NI,BL-->NI,BL-->NI,BL-->NI,BL-->NI,BL-->NI,BL-->NI,BL-->NI,BL-->NI,BL-->NI,BL-->NI,BL-->NI,BL-->NI,BL-->NI,BL-->NI,BL-->NI,BL-->NI,BL-->NI,BL-->NI
NE,NER,Niger,Niamey,Africa,Western Africa,,NE-->BL,NE-->BL,NE-->BL,NE-->BL,NE-->BL,NE-->BL,NE-->BL,NE-->BL,NE-->BL,NE-->BL,NE-->BL,NE-->BL,NE-->BL,NE-->BL,NE-->BL,NE-->BL,NE-->BL,NE-->BL,NE-->BL,,,,,,,,,,,,,,,,,BL-->NE,BL-->NE,BL-->NE,BL-->NE,BL-->NE,BL-->NE,BL-->NE,BL-->NE,BL-->NE,BL-->NE,BL-->NE,BL-->NE,BL-->NE,BL-->NE,BL-->NE,BL-->NE,BL-->NE,BL-->NE,BL-->NE
NG,NGA,Nigeria,Abuja,Africa,Western Africa,,NG-->BL,NG-->BL,NG-->BL,NG-->BL,NG-->BL,NG-->BL,NG-->BL,NG-->BL,NG-->BL,NG-->BL,NG-->BL,NG-->BL,NG-->BL,NG-->BL,NG-->BL,NG-->BL,NG-->BL,NG-->BL,NG-->BL,,,,,,,,,,,,,,,,,BL-->NG,BL-->NG,BL-->NG,BL-->NG,BL-->NG,BL-->NG,BL-->NG,BL-->NG,BL-->NG,BL-->NG,BL-->NG,BL-->NG,BL-->NG,BL-->NG,BL-->NG,BL-->NG,BL-->NG,BL-->NG,BL-->NG
NU,NIU,Niue,Alofi,Oceania,Polynesia,,NU-->BL,NU-->BL,NU-->BL,NU-->BL,NU-->BL,NU-->BL,NU-->BL,NU-->BL,NU-->BL,NU-->BL,NU-->BL,NU-->BL,NU-->BL,NU-->BL,NU-->BL,NU-->BL,NU-->BL,NU-->BL,NU-->BL,,,,,,,,,,,,,,,,,BL-->NU,BL-->NU,BL-->NU,BL-->NU,BL-->NU,BL-->NU,BL-->NU,BL-->NU,BL-->NU,BL-->NU,BL-->NU,BL-->NU,BL-->NU,BL-->NU,BL-->NU,BL-->NU,BL-->NU,BL-->NU,BL-->NU
NF,NFK,Norfolk Island,Kingston,Oceania,Australia and New Zealand,,NF-->BL,NF-->BL,NF-->BL,NF-->BL,NF-->BL,NF-->BL,NF-->BL,NF-->BL,NF-->BL,NF-->BL,NF-->BL,NF-->BL,NF-->BL,NF-->BL,NF-->BL,NF-->BL,NF-->BL,NF-->BL,NF-->BL,,,,,,,,,,,,,,,,,BL-->NF,BL-->NF,BL-->NF,BL-->NF,BL-->NF,BL-->NF,BL-->NF,BL-->NF,BL-->NF,BL-->NF,BL-->NF,BL-->NF,BL-->NF,BL-->NF,BL-->NF,BL-->NF,BL-->NF,BL-->NF,BL-->NF
KP,PRK,North Korea,Pyongyang,Asia,Eastern Asia,,KP-->BL,KP-->BL,KP-->BL,KP-->BL,KP-->BL,KP-->BL,KP-->BL,KP-->BL,KP-->BL,KP-->BL,KP-->BL,KP-->BL,KP-->BL,KP-->BL,KP-->BL,KP-->BL,KP-->BL,KP-->BL,KP-->BL,,,,,,,,,,,,,,,,,BL-->KP,BL-->KP,BL-->KP,BL-->KP,BL-->KP,BL-->KP,BL-->KP,BL-->KP,BL-->KP,BL-->KP,BL-->KP,BL-->KP,BL-->KP,BL-->KP,BL-->KP,BL-->KP,BL-->KP,BL-->KP,BL-->KP
MP,MNP,Northern Mariana Islands,Saipan,Oceania,Micronesia,,MP-->BL,MP-->BL,MP-->BL,MP-->BL,MP-->BL,MP-->BL,MP-->BL,MP-->BL,MP-->BL,MP-->BL,MP-->BL,MP-->BL,MP-->BL,MP-->BL,MP-->BL,MP-->BL,MP-->BL,MP-->BL,MP-->BL,,,,,,,,,,,,,,,,,BL-->MP,BL-->MP,BL-->MP,BL-->MP,BL-->MP,BL-->MP,BL-->MP,BL-->MP,BL-->MP,BL-->MP,BL-->MP,BL-->MP,BL-->MP,BL-->MP,BL-->MP,BL-->MP,BL-->MP,BL-->MP,BL-->MP
NO,NOR,Norway,Oslo,Europe,Northern Europe,,NO-->BL,NO-->BL,NO-->BL,NO-->BL,NO-->BL,NO-->BL,NO-->BL,NO-->BL,NO-->BL,NO-->BL,NO-->BL,NO-->BL,NO-->BL,NO-->BL,NO-->BL,NO-->BL,NO-->BL,NO-->BL,NO-->BL,,,,,,,,,,,,,,,,,BL-->NO,BL-->NO,BL-->NO,BL-->NO,BL-->NO,BL-->NO,BL-->NO,BL-->NO,BL-->NO,BL-->NO,BL-->NO,BL-->NO,BL-->NO,BL-->NO,BL-->NO,BL-->NO,BL-->NO,BL-->NO,BL-->NO
OM,OMN,Oman,Muscat,Asia,Western Asia,,OM-->BL,OM-->BL,OM-->BL,OM-->BL,OM-->BL,OM-->BL,OM-->BL,OM-->BL,OM-->BL,OM-->BL,OM-->BL,OM-->BL,OM-->BL,OM-->BL,OM-->BL,OM-->BL,OM-->BL,OM-->BL,OM-->BL,,,,,,,,,,,,,,,,,BL-->OM,BL-->OM,BL-->OM,BL-->OM,BL-->OM,BL-->OM,BL-->OM,BL-->OM,BL-->OM,BL-->OM,BL-->OM,BL-->OM,BL-->OM,BL-->OM,BL-->OM,BL-->OM,BL-->OM,BL-->OM,BL-->OM
PK,PAK,Pakistan,Islamabad,Asia,Southern Asia,,PK-->BL,PK-->BL,PK-->BL,PK-->BL,PK-->BL,PK-->BL,PK-->BL,PK-->BL,PK-->BL,PK-->BL,PK-->BL,PK-->BL,PK-->BL,PK-->BL,PK-->BL,PK-->BL,PK-->BL,PK-->BL,PK-->BL,,,,,,,,,,,,,,,,,BL-->PK,BL-->PK,BL-->PK,BL-->PK,BL-->PK,BL-->PK,BL-->PK,BL-->PK,BL-->PK,BL-->PK,BL-->PK,BL-->PK,BL-->PK,BL-->PK,BL-->PK,BL-->PK,BL-->PK,BL-->PK,BL-->PK
PW,PLW,Palau,Ngerulmud,Oceania,Micronesia,,PW-->BL,PW-->BL,PW-->BL,PW-->BL,PW-->BL,PW-->BL,PW-->BL,PW-->BL,PW-->BL,PW-->BL,PW-->BL,PW-->BL,PW-->BL,PW-->BL,PW-->BL,PW-->BL,PW-->BL,PW-->BL,PW-->BL,,,,,,,,,,,,,,,,,BL-->PW,BL-->PW,BL-->PW,BL-->PW,BL-->PW,BL-->PW,BL-->PW,BL-->PW,BL-->PW,BL-->PW,BL-->PW,BL-->PW,BL-->PW,BL-->PW,BL-->PW,BL-->PW,BL-->PW,BL-->PW,BL-->PW
PS,PSE,Palestine,Ramallah,Asia,Western Asia,,PS-->BL,PS-->BL,PS-->BL,PS-->BL,PS-->BL,PS-->BL,PS-->BL,PS-->BL,PS-->BL,PS-->BL,PS-->BL,PS-->BL,PS-->BL,PS-->BL,PS-->BL,PS-->BL,PS-->BL,PS-->BL,PS-->BL,,,,,,,,,,,,,,,,,BL-->PS,BL-->PS,BL-->PS,BL-->PS,BL-->PS,BL-->PS,BL-->PS,BL-->PS,BL-->PS,BL-->PS,BL-->PS,BL-->PS,BL-->PS,BL-->PS,BL-->PS,BL-->PS,BL-->PS,BL-->PS,BL-->PS
PA,PAN,Panama,Panama City,Americas,Central America,,PA-->BL,PA-->BL,PA-->BL,PA-->BL,PA-->BL,PA-->BL,PA-->BL,PA-->BL,PA-->BL,PA-->BL,PA-->BL,PA-->BL,PA-->BL,PA-->BL,PA-->BL,PA-->BL,PA-->BL,PA-->BL,PA-->BL,,,,,,,,,,,,,,,,,BL-->PA,BL-->PA,BL-->PA,BL-->PA,BL-->PA,BL-->PA,BL-->PA,BL-->PA,BL-->PA,BL-->PA,BL-->PA,BL-->PA,BL-->PA,BL-->PA,BL-->PA,BL-->PA,BL-->PA,BL-->PA,BL-->PA
PG,PNG,Papua New Guinea,Port Moresby,Oceania,Melanesia,,PG-->BL,PG-->BL,PG-->BL,PG-->BL,PG-->BL,PG-->BL,PG-->BL,PG-->BL,PG-->BL,PG-->BL,PG-->BL,PG-->BL,PG-->BL,PG-->BL,PG-->BL,PG-->BL,PG-->BL,PG-->BL,PG-->BL,,,,,,,,,,,,,,,,,BL-->PG,BL-->PG,BL-->PG,BL-->PG,BL-->PG,BL-->PG,BL-->PG,BL-->PG,BL-->PG,BL-->PG,BL-->PG,BL-->PG,BL-->PG,BL-->PG,BL-->PG,BL-->PG,BL-->PG,BL-->PG,BL-->PG
PY,PRY,Paraguay,Asunción,Americas,South America,,PY-->BL,PY-->BL,PY-->BL,PY-->BL,PY-->BL,PY-->BL,PY-->BL,PY-->BL,PY-->BL,PY-->BL,PY-->BL,PY-->BL,PY-->BL,PY-->BL,PY-->BL,PY-->BL,PY-->BL,PY-->BL,PY-->BL,,,,,,,,,,,,,,,,,BL-->PY,BL-->PY,BL-->PY,BL-->PY,BL-->PY,BL-->PY,BL-->PY,BL-->PY,BL-->PY,BL-->PY,BL-->PY,BL-->PY,BL-->PY,BL-->PY,BL-->PY,BL-->PY,BL-->PY,BL-->PY,BL-->PY
PE,PER,Peru,Lima,Americas,South America,,PE-->BL,PE-->BL,PE-->BL,PE-->BL,PE-->BL,PE-->BL,PE-->BL,PE-->BL,PE-->BL,PE-->BL,PE-->BL,PE-->BL,PE-->BL,PE-->BL,PE-->BL,PE-->BL,PE-->BL,PE-->BL,PE-->BL,,,,,,,,,,,,,,,,,BL-->PE,BL-->PE,BL-->PE,BL-->PE,BL-->PE,BL-->PE,BL-->PE,BL-->PE,BL-->PE,BL-->PE,BL-->PE,BL-->PE,BL-->PE,BL-->PE,BL-->PE,BL-->PE,BL-->PE,BL-->PE,BL-->PE
PH,PHL,Philippines,Manila,Asia,South-Eastern Asia,,PH-->BL,PH-->BL,PH-->BL,PH-->BL,PH-->BL,PH-->BL,PH-->BL,PH-->BL,PH-->BL,PH-->BL,PH-->BL,PH-->BL,PH-->BL,PH-->BL,PH-->BL,PH-->BL,PH-->BL,PH-->BL,PH-->BL,,,,,,,,,,,,,,,,,BL-->PH,BL-->PH,BL-->PH,BL-->PH,BL-->PH,BL-->PH,BL-->PH,BL-->PH,BL-->PH,BL-->PH,BL-->PH,BL-->PH,BL-->PH,BL-->PH,BL-->PH,BL-->PH,BL-->PH,BL-->PH,BL-->PH
PN,PCN,Pitcairn Islands,Adamstown,Oceania,Polynesia,,PN-->BL,PN-->BL,PN-->BL,PN-->BL,PN-->BL,PN-->BL,PN-->BL,PN-->BL,PN-->BL,PN-->BL,PN-->BL,PN-->BL,PN-->BL,PN-->BL,PN-->BL,PN-->BL,PN-->BL,PN-->BL,PN-->BL,,,,,,,,,,,,,,,,,BL-->PN,BL-->PN,BL-->PN,BL-->PN,BL-->PN,BL-->PN,BL-->PN,BL-->PN,BL-->PN,BL-->PN,BL-->PN,BL-->PN,BL-->PN,BL-->PN,BL-->PN,BL-->PN,BL-->PN,BL-->PN,BL-->PN
PL,POL,Poland,Warsaw,Europe,Eastern Europe,,PL-->BL,PL-->BL,PL-->BL,PL-->BL,PL-->BL,PL-->BL,PL-->BL,PL-->BL,PL-->BL,PL-->BL,PL-->BL,PL-->BL,PL-->BL,PL-->BL,PL-->BL,PL-->BL,PL-->BL,PL-->BL,PL-->BL,,,,,,,,,,,,,,,,,BL-->PL,BL-->PL,BL-->PL,BL-->PL,BL-->PL,BL-->PL,BL-->PL,BL-->PL,BL-->PL,BL-->PL,BL-->PL,BL-->PL,BL-->PL,BL-->PL,BL-->PL,BL-->PL,BL-->PL,BL-->PL,BL-->PL
PT,PRT,Portugal,Lisbon,Europe,Southern Europe,,PT-->BL,PT-->BL,PT-->BL,PT-->BL,PT-->BL,PT-->BL,PT-->BL,PT-->BL,PT-->BL,PT-->BL,PT-->BL,PT-->BL,PT-->BL,PT-->BL,PT-->BL,PT-->BL,PT-->BL,PT-->BL,PT-->BL,,,,,,,,,,,,,,,,,BL-->PT,BL-->PT,BL-->PT,BL-->PT,BL-->PT,BL-->PT,BL-->PT,BL-->PT,BL-->PT,BL-->PT,BL-->PT,BL-->PT,BL-->PT,BL-->PT,BL-->PT,BL-->PT,BL-->PT,BL-->PT,BL-->PT
PR,PRI,Puerto Rico,San Juan,Americas,Caribbean,,PR-->BL,PR-->BL,PR-->BL,PR-->BL,PR-->BL,PR-->BL,PR-->BL,PR-->BL,PR-->BL,PR-->BL,PR-->BL,PR-->BL,PR-->BL,PR-->BL,PR-->BL,PR-->BL,PR-->BL,PR-->BL,PR-->BL,,,,,,,,,,,,,,,,,BL-->PR,BL-->PR,BL-->PR,BL-->PR,BL-->PR,BL-->PR,BL-->PR,BL-->PR,BL-->PR,BL-->PR,BL-->PR,BL-->PR,BL-->PR,BL-->PR,BL-->PR,BL-->PR,BL-->PR,BL-->PR,BL-->PR
QA,QAT,Qatar,Doha,Asia,Western Asia,,QA-->BL,QA-->BL,QA-->BL,QA-->BL,QA-->BL,QA-->BL,QA-->BL,QA-->BL,QA-->BL,QA-->BL,QA-->BL,QA-->BL,QA-->BL,QA-->BL,QA-->BL,QA-->BL,QA-->BL,QA-->BL,QA-->BL,,,,,,,,,,,,,,,,,BL-->QA,BL-->QA,BL-->QA,BL-->QA,BL-->QA,BL-->QA,BL-->QA,BL-->QA,BL-->QA,BL-->QA,BL-->QA,BL-->QA,BL-->QA,BL-->QA,BL-->QA,BL-->QA,BL-->QA,BL-->QA,BL-->QA
XK,KOS,Republic of Kosovo,Pristina,Europe,Eastern Europe,,XK-->BL,XK-->BL,XK-->BL,XK-->BL,XK-->BL,XK-->BL,XK-->BL,XK-->BL,XK-->BL,XK-->BL,XK-->BL,XK-->BL,XK-->BL,XK-->BL,XK-->BL,XK-->BL,XK-->BL,XK-->BL,XK-->BL,,,,,,,,,,,,,,,,,BL-->XK,BL-->XK,BL-->XK,BL-->XK,BL-->XK,BL-->XK,BL-->XK,BL-->XK,BL-->XK,BL-->XK,BL-->XK,BL-->XK,BL-->XK,BL-->XK,BL-->XK,BL-->XK,BL-->XK,BL-->XK,BL-->XK
RE,REU,Réunion,Saint-Denis,Africa,Eastern Africa,,RE-->BL,RE-->BL,RE-->BL,RE-->BL,RE-->BL,RE-->BL,RE-->BL,RE-->BL,RE-->BL,RE-->BL,RE-->BL,RE-->BL,RE-->BL,RE-->BL,RE-->BL,RE-->BL,RE-->BL,RE-->BL,RE-->BL,,,,,,,,,,,,,,,,,BL-->RE,BL-->RE,BL-->RE,BL-->RE,BL-->RE,BL-->RE,BL-->RE,BL-->RE,BL-->RE,BL-->RE,BL-->RE,BL-->RE,BL-->RE,BL-->RE,BL-->RE,BL-->RE,BL-->RE,BL-->RE,BL-->RE
RO,ROU,Romania,Bucharest,Europe,Eastern Europe,,RO-->BL,RO-->BL,RO-->BL,RO-->BL,RO-->BL,RO-->BL,RO-->BL,RO-->BL,RO-->BL,RO-->BL,RO-->BL,RO-->BL,RO-->BL,RO-->BL,RO-->BL,RO-->BL,RO-->BL,RO-->BL,RO-->BL,,,,,,,,,,,,,,,,,BL-->RO,BL-->RO,BL-->RO,BL-->RO,BL-->RO,BL-->RO,BL-->RO,BL-->RO,BL-->RO,BL-->RO,BL-->RO,BL-->RO,BL-->RO,BL-->RO,BL-->RO,BL-->RO,BL-->RO,BL-->RO,BL-->RO
RU,RUS,Russia,Moscow,Europe,Eastern Europe,,RU-->BL,RU-->BL,RU-->BL,RU-->BL,RU-->BL,RU-->BL,RU-->BL,RU-->BL,RU-->BL,RU-->BL,RU-->BL,RU-->BL,RU-->BL,RU-->BL,RU-->BL,RU-->BL,RU-->BL,RU-->BL,RU-->BL,,,,,,,,,,,,,,,,,BL-->RU,BL-->RU,BL-->RU,BL-->RU,BL-->RU,BL-->RU,BL-->RU,BL-->RU,BL-->RU,BL-->RU,BL-->RU,BL-->RU,BL-->RU,BL-->RU,BL-->RU,BL-->RU,BL-->RU,BL-->RU,BL-->RU
RW,RWA,Rwanda,Kigali,Africa,Eastern Africa,,RW-->BL,RW-->BL,RW-->BL,RW-->BL,RW-->BL,RW-->BL,RW-->BL,RW-->BL,RW-->BL,RW-->BL,RW-->BL,RW-->BL,RW-->BL,RW-->BL,RW-->BL,RW-->BL,RW-->BL,RW-->BL,RW-->BL,,,,,,,,,,,,,,,,,BL-->RW,BL-->RW,BL-->RW,BL-->RW,BL-->RW,BL-->RW,BL-->RW,BL-->RW,BL-->RW,BL-->RW,BL-->RW,BL-->RW,BL-->RW,BL-->RW,BL-->RW,BL-->RW,BL-->RW,BL-->RW,BL-->RW
BL,BLM,Saint Barthélemy,Gustavia,Americas,Caribbean,,BL-->BL,BL-->BL,BL-->BL,BL-->BL,BL-->BL,BL-->BL,BL-->BL,BL-->BL,BL-->BL,BL-->BL,BL-->BL,BL-->BL,BL-->BL,BL-->BL,BL-->BL,BL-->BL,BL-->BL,BL-->BL,BL-->BL,,,,,,,,,,,,,,,,,BL-->BL,BL-->BL,BL-->BL,BL-->BL,BL-->BL,BL-->BL,BL-->BL,BL-->BL,BL-->BL,BL-->BL,BL-->BL,BL-->BL,BL-->BL,BL-->BL,BL-->BL,BL-->BL,BL-->BL,BL-->BL,BL-->BL
SH,SHN,Saint Helena,Jamestown,Africa,Western Africa,,SH-->BL,SH-->BL,SH-->BL,SH-->BL,SH-->BL,SH-->BL,SH-->BL,SH-->BL,SH-->BL,SH-->BL,SH-->BL,SH-->BL,SH-->BL,SH-->BL,SH-->BL,SH-->BL,SH-->BL,SH-->BL,SH-->BL,,,,,,,,,,,,,,,,,BL-->SH,BL-->SH,BL-->SH,BL-->SH,BL-->SH,BL-->SH,BL-->SH,BL-->SH,BL-->SH,BL-->SH,BL-->SH,BL-->SH,BL-->SH,BL-->SH,BL-->SH,BL-->SH,BL-->SH,BL-->SH,BL-->SH
KN,KNA,Saint Kitts and Nevis,Basseterre,Americas,Caribbean,,KN-->BL,KN-->BL,KN-->BL,KN-->BL,KN-->BL,KN-->BL,KN-->BL,KN-->BL,KN-->BL,KN-->BL,KN-->BL,KN-->BL,KN-->BL,KN-->BL,KN-->BL,KN-->BL,KN-->BL,KN-->BL,KN-->BL,,,,,,,,,,,,,,,,,BL-->KN,BL-->KN,BL-->KN,BL-->KN,BL-->KN,BL-->KN,BL-->KN,BL-->KN,BL-->KN,BL-->KN,BL-->KN,BL-->KN,BL-->KN,BL-->KN,BL-->KN,BL-->KN,BL-->KN,BL-->KN,BL-->KN
LC,LCA,Saint Lucia,Castries,Americas,Caribbean,,LC-->BL,LC-->BL,LC-->BL,LC-->BL,LC-->BL,LC-->BL,LC-->BL,LC-->BL,LC-->BL,LC-->BL,LC-->BL,LC-->BL,LC-->BL,LC-->BL,LC-->BL,LC-->BL,LC-->BL,LC-->BL,LC-->BL,,,,,,,,,,,,,,,,,BL-->LC,BL-->LC,BL-->LC,BL-->LC,BL-->LC,BL-->LC,BL-->LC,BL-->LC,BL-->LC,BL-->LC,BL-->LC,BL-->LC,BL-->LC,BL-->LC,BL-->LC,BL-->LC,BL-->LC,BL-->LC,BL-->LC
MF,MAF,Saint Martin,Marigot,Americas,Caribbean,,MF-->BL,MF-->BL,MF-->BL,MF-->BL,MF-->BL,MF-->BL,MF-->BL,MF-->BL,MF-->BL,MF-->BL,MF-->BL,MF-->BL,MF-->BL,MF-->BL,MF-->BL,MF-->BL,MF-->BL,MF-->BL,MF-->BL,,,,,,,,,,,,,,,,,BL-->MF,BL-->MF,BL-->MF,BL-->MF,BL-->MF,BL-->MF,BL-->MF,BL-->MF,BL-->MF,BL-->MF,BL-->MF,BL-->MF,BL-->MF,BL-->MF,BL-->MF,BL-->MF,BL-->MF,BL-->MF,BL-->MF
PM,SPM,Saint Pierre and Miquelon,Saint-Pierre,Americas,Northern America,,PM-->BL,PM-->BL,PM-->BL,PM-->BL,PM-->BL,PM-->BL,PM-->BL,PM-->BL,PM-->BL,PM-->BL,PM-->BL,PM-->BL,PM-->BL,PM-->BL,PM-->BL,PM-->BL,PM-->BL,PM-->BL,PM-->BL,,,,,,,,,,,,,,,,,BL-->PM,BL-->PM,BL-->PM,BL-->PM,BL-->PM,BL-->PM,BL-->PM,BL-->PM,BL-->PM,BL-->PM,BL-->PM,BL-->PM,BL-->PM,BL-->PM,BL-->PM,BL-->PM,BL-->PM,BL-->PM,BL-->PM
VC,VCT,Saint Vincent and the Grenadines,Kingstown,Americas,Caribbean,,VC-->BL,VC-->BL,VC-->BL,VC-->BL,VC-->BL,VC-->BL,VC-->BL,VC-->BL,VC-->BL,VC-->BL,VC-->BL,VC-->BL,VC-->BL,VC-->BL,VC-->BL,VC-->BL,VC-->BL,VC-->BL,VC-->BL,,,,,,,,,,,,,,,,,BL-->VC,BL-->VC,BL-->VC,BL-->VC,BL-->VC,BL-->VC,BL-->VC,BL-->VC,BL-->VC,BL-->VC,BL-->VC,BL-->VC,BL-->VC,BL-->VC,BL-->VC,BL-->VC,BL-->VC,BL-->VC,BL-->VC
WS,WSM,Samoa,Apia,Oceania,Polynesia,,WS-->BL,WS-->BL,WS-->BL,WS-->BL,WS-->BL,WS-->BL,WS-->BL,WS-->BL,WS-->BL,WS-->BL,WS-->BL,WS-->BL,WS-->BL,WS-->BL,WS-->BL,WS-->BL,WS-->BL,WS-->BL,WS-->BL,,,,,,,,,,,,,,,,,BL-->WS,BL-->WS,BL-->WS,BL-->WS,BL-->WS,BL-->WS,BL-->WS,BL-->WS,BL-->WS,BL-->WS,BL-->WS,BL-->WS,BL-->WS,BL-->WS,BL-->WS,BL-->WS,BL-->WS,BL-->WS,BL-->WS
SM,SMR,San Marino,City of San Marino,Europe,Southern Europe,,SM-->BL,SM-->BL,SM-->BL,SM-->BL,SM-->BL,SM-->BL,SM-->BL,SM-->BL,SM-->BL,SM-->BL,SM-->BL,SM-->BL,SM-->BL,SM-->BL,SM-->BL,SM-->BL,SM-->BL,SM-->BL,SM-->BL,,,,,,,,,,,,,,,,,BL-->SM,BL-->SM,BL-->SM,BL-->SM,BL-->SM,BL-->SM,BL-->SM,BL-->SM,BL-->SM,BL-->SM,BL-->SM,BL-->SM,BL-->SM,BL-->SM,BL-->SM,BL-->SM,BL-->SM,BL-->SM,BL-->SM
ST,STP,São Tomé and Príncipe,São Tomé,Africa,Middle Africa,,ST-->BL,ST-->BL,ST-->BL,ST-->BL,ST-->BL,ST-->BL,ST-->BL,ST-->BL,ST-->BL,ST-->BL,ST-->BL,ST-->BL,ST-->BL,ST-->BL,ST-->BL,ST-->BL,ST-->BL,ST-->BL,ST-->BL,,,,,,,,,,,,,,,,,BL-->ST,BL-->ST,BL-->ST,BL-->ST,BL-->ST,BL-->ST,BL-->ST,BL-->ST,BL-->ST,BL-->ST,BL-->ST,BL-->ST,BL-->ST,BL-->ST,BL-->ST,BL-->ST,BL-->ST,BL-->ST,BL-->ST
SA,SAU,Saudi Arabia,Riyadh,Asia,Western Asia,,SA-->BL,SA-->BL,SA-->BL,SA-->BL,SA-->BL,SA-->BL,SA-->BL,SA-->BL,SA-->BL,SA-->BL,SA-->BL,SA-->BL,SA-->BL,SA-->BL,SA-->BL,SA-->BL,SA-->BL,SA-->BL,SA-->BL,,,,,,,,,,,,,,,,,BL-->SA,BL-->SA,BL-->SA,BL-->SA,BL-->SA,BL-->SA,BL-->SA,BL-->SA,BL-->SA,BL-->SA,BL-->SA,BL-->SA,BL-->SA,BL-->SA,BL-->SA,BL-->SA,BL-->SA,BL-->SA,BL-->SA
SN,SEN,Senegal,Dakar,Africa,Western Africa,,SN-->BL,SN-->BL,SN-->BL,SN-->BL,SN-->BL,SN-->BL,SN-->BL,SN-->BL,SN-->BL,SN-->BL,SN-->BL,SN-->BL,SN-->BL,SN-->BL,SN-->BL,SN-->BL,SN-->BL,SN-->BL,SN-->BL,,,,,,,,,,,,,,,,,BL-->SN,BL-->SN,BL-->SN,BL-->SN,BL-->SN,BL-->SN,BL-->SN,BL-->SN,BL-->SN,BL-->SN,BL-->SN,BL-->SN,BL-->SN,BL-->SN,BL-->SN,BL-->SN,BL-->SN,BL-->SN,BL-->SN
RS,SRB,Serbia,Belgrade,Europe,Southern Europe,,RS-->BL,RS-->BL,RS-->BL,RS-->BL,RS-->BL,RS-->BL,RS-->BL,RS-->BL,RS-->BL,RS-->BL,RS-->BL,RS-->BL,RS-->BL,RS-->BL,RS-->BL,RS-->BL,RS-->BL,RS-->BL,RS-->BL,,,,,,,,,,,,,,,,,BL-->RS,BL-->RS,BL-->RS,BL-->RS,BL-->RS,BL-->RS,BL-->RS,BL-->RS,BL-->RS,BL-->RS,BL-->RS,BL-->RS,BL-->RS,BL-->RS,BL-->RS,BL-->RS,BL-->RS,BL-->RS,BL-->RS
SC,SYC,Seychelles,Victoria,Africa,Eastern Africa,,SC-->BL,SC-->BL,SC-->BL,SC-->BL,SC-->BL,SC-->BL,SC-->BL,SC-->BL,SC-->BL,SC-->BL,SC-->BL,SC-->BL,SC-->BL,SC-->BL,SC-->BL,SC-->BL,SC-->BL,SC-->BL,SC-->BL,,,,,,,,,,,,,,,,,BL-->SC,BL-->SC,BL-->SC,BL-->SC,BL-->SC,BL-->SC,BL-->SC,BL-->SC,BL-->SC,BL-->SC,BL-->SC,BL-->SC,BL-->SC,BL-->SC,BL-->SC,BL-->SC,BL-->SC,BL-->SC,BL-->SC
SL,SLE,Sierra Leone,Freetown,Africa,Western Africa,,SL-->BL,SL-->BL,SL-->BL,SL-->BL,SL-->BL,SL-->BL,SL-->BL,SL-->BL,SL-->BL,SL-->BL,SL-->BL,SL-->BL,SL-->BL,SL-->BL,SL-->BL,SL-->BL,SL-->BL,SL-->BL,SL-->BL,,,,,,,,,,,,,,,,,BL-->SL,BL-->SL,BL-->SL,BL-->SL,BL-->SL,BL-->SL,BL-->SL,BL-->SL,BL-->SL,BL-->SL,BL-->SL,BL-->SL,BL-->SL,BL-->SL,BL-->SL,BL-->SL,BL-->SL,BL-->SL,BL-->SL
SG,SGP,Singapore,Singapore,Asia,South-Eastern Asia,,SG-->BL,SG-->BL,SG-->BL,SG-->BL,SG-->BL,SG-->BL,SG-->BL,SG-->BL,SG-->BL,SG-->BL,SG-->BL,SG-->BL,SG-->BL,SG-->BL,SG-->BL,SG-->BL,SG-->BL,SG-->BL,SG-->BL,,,,,,,,,,,,,,,,,BL-->SG,BL-->SG,BL-->SG,BL-->SG,BL-->SG,BL-->SG,BL-->SG,BL-->SG,BL-->SG,BL-->SG,BL-->SG,BL-->SG,BL-->SG,BL-->SG,BL-->SG,BL-->SG,BL-->SG,BL-->SG,BL-->SG
SX,SXM,Sint Maarten,Philipsburg,Americas,Caribbean,,SX-->BL,SX-->BL,SX-->BL,SX-->BL,SX-->BL,SX-->BL,SX-->BL,SX-->BL,SX-->BL,SX-->BL,SX-->BL,SX-->BL,SX-->BL,SX-->BL,SX-->BL,SX-->BL,SX-->BL,SX-->BL,SX-->BL,,,,,,,,,,,,,,,,,BL-->SX,BL-->SX,BL-->SX,BL-->SX,BL-->SX,BL-->SX,BL-->SX,BL-->SX,BL-->SX,BL-->SX,BL-->SX,BL-->SX,BL-->SX,BL-->SX,BL-->SX,BL-->SX,BL-->SX,BL-->SX,BL-->SX
SK,SVK,Slovakia,Bratislava,Europe,Eastern Europe,,SK-->BL,SK-->BL,SK-->BL,SK-->BL,SK-->BL,SK-->BL,SK-->BL,SK-->BL,SK-->BL,SK-->BL,SK-->BL,SK-->BL,SK-->BL,SK-->BL,SK-->BL,SK-->BL,SK-->BL,SK-->BL,SK-->BL,,,,,,,,,,,,,,,,,BL-->SK,BL-->SK,BL-->SK,BL-->SK,BL-->SK,BL-->SK,BL-->SK,BL-->SK,BL-->SK,BL-->SK,BL-->SK,BL-->SK,BL-->SK,BL-->SK,BL-->SK,BL-->SK,BL-->SK,BL-->SK,BL-->SK
SI,SVN,Slovenia,Ljubljana,Europe,Southern Europe,,SI-->BL,SI-->BL,SI-->BL,SI-->BL,SI-->BL,SI-->BL,SI-->BL,SI-->BL,SI-->BL,SI-->BL,SI-->BL,SI-->BL,SI-->BL,SI-->BL,SI-->BL,SI-->BL,SI-->BL,SI-->BL,SI-->BL,,,,,,,,,,,,,,,,,BL-->SI,BL-->SI,BL-->SI,BL-->SI,BL-->SI,BL-->SI,BL-->SI,BL-->SI,BL-->SI,BL-->SI,BL-->SI,BL-->SI,BL-->SI,BL-->SI,BL-->SI,BL-->SI,BL-->SI,BL-->SI,BL-->SI
SB,SLB,Solomon Islands,Honiara,Oceania,Melanesia,,SB-->BL,SB-->BL,SB-->BL,SB-->BL,SB-->BL,SB-->BL,SB-->BL,SB-->BL,SB-->BL,SB-->BL,SB-->BL,SB-->BL,SB-->BL,SB-->BL,SB-->BL,SB-->BL,SB-->BL,SB-->BL,SB-->BL,,,,,,,,,,,,,,,,,BL-->SB,BL-->SB,BL-->SB,BL-->SB,BL-->SB,BL-->SB,BL-->SB,BL-->SB,BL-->SB,BL-->SB,BL-->SB,BL-->SB,BL-->SB,BL-->SB,BL-->SB,BL-->SB,BL-->SB,BL-->SB,BL-->SB
SO,SOM,Somalia,Mogadishu,Africa,Eastern Africa,,SO-->BL,SO-->BL,SO-->BL,SO-->BL,SO-->BL,SO-->BL,SO-->BL,SO-->BL,SO-->BL,SO-->BL,SO-->BL,SO-->BL,SO-->BL,SO-->BL,SO-->BL,SO-->BL,SO-->BL,SO-->BL,SO-->BL,,,,,,,,,,,,,,,,,BL-->SO,BL-->SO,BL-->SO,BL-->SO,BL-->SO,BL-->SO,BL-->SO,BL-->SO,BL-->SO,BL-->SO,BL-->SO,BL-->SO,BL-->SO,BL-->SO,BL-->SO,BL-->SO,BL-->SO,BL-->SO,BL-->SO
ZA,ZAF,South Africa,Pretoria,Africa,Southern Africa,,ZA-->BL,ZA-->BL,ZA-->BL,ZA-->BL,ZA-->BL,ZA-->BL,ZA-->BL,ZA-->BL,ZA-->BL,ZA-->BL,ZA-->BL,ZA-->BL,ZA-->BL,ZA-->BL,ZA-->BL,ZA-->BL,ZA-->BL,ZA-->BL,ZA-->BL,,,,,,,,,,,,,,,,,BL-->ZA,BL-->ZA,BL-->ZA,BL-->ZA,BL-->ZA,BL-->ZA,BL-->ZA,BL-->ZA,BL-->ZA,BL-->ZA,BL-->ZA,BL-->ZA,BL-->ZA,BL-->ZA,BL-->ZA,BL-->ZA,BL-->ZA,BL-->ZA,BL-->ZA
GS,SGS,South Georgia,King Edward Point,Americas,South America,,GS-->BL,GS-->BL,GS-->BL,GS-->BL,GS-->BL,GS-->BL,GS-->BL,GS-->BL,GS-->BL,GS-->BL,GS-->BL,GS-->BL,GS-->BL,GS-->BL,GS-->BL,GS-->BL,GS-->BL,GS-->BL,GS-->BL,,,,,,,,,,,,,,,,,BL-->GS,BL-->GS,BL-->GS,BL-->GS,BL-->GS,BL-->GS,BL-->GS,BL-->GS,BL-->GS,BL-->GS,BL-->GS,BL-->GS,BL-->GS,BL-->GS,BL-->GS,BL-->GS,BL-->GS,BL-->GS,BL-->GS
KR,KOR,South Korea,Seoul,Asia,Eastern Asia,,KR-->BL,KR-->BL,KR-->BL,KR-->BL,KR-->BL,KR-->BL,KR-->BL,KR-->BL,KR-->BL,KR-->BL,KR-->BL,KR-->BL,KR-->BL,KR-->BL,KR-->BL,KR-->BL,KR-->BL,KR-->BL,KR-->BL,,,,,,,,,,,,,,,,,BL-->KR,BL-->KR,BL-->KR,BL-->KR,BL-->KR,BL-->KR,BL-->KR,BL-->KR,BL-->KR,BL-->KR,BL-->KR,BL-->KR,BL-->KR,BL-->KR,BL-->KR,BL-->KR,BL-->KR,BL-->KR,BL-->KR
SS,SSD,South Sudan,Juba,Africa,Middle Africa,,SS-->BL,SS-->BL,SS-->BL,SS-->BL,SS-->BL,SS-->BL,SS-->BL,SS-->BL,SS-->BL,SS-->BL,SS-->BL,SS-->BL,SS-->BL,SS-->BL,SS-->BL,SS-->BL,SS-->BL,SS-->BL,SS-->BL,,,,,,,,,,,,,,,,,BL-->SS,BL-->SS,BL-->SS,BL-->SS,BL-->SS,BL-->SS,BL-->SS,BL-->SS,BL-->SS,BL-->SS,BL-->SS,BL-->SS,BL-->SS,BL-->SS,BL-->SS,BL-->SS,BL-->SS,BL-->SS,BL-->SS
ES,ESP,Spain,Madrid,Europe,Southern Europe,,ES-->BL,ES-->BL,ES-->BL,ES-->BL,ES-->BL,ES-->BL,ES-->BL,ES-->BL,ES-->BL,ES-->BL,ES-->BL,ES-->BL,ES-->BL,ES-->BL,ES-->BL,ES-->BL,ES-->BL,ES-->BL,ES-->BL,,,,,,,,,,,,,,,,,BL-->ES,BL-->ES,BL-->ES,BL-->ES,BL-->ES,BL-->ES,BL-->ES,BL-->ES,BL-->ES,BL-->ES,BL-->ES,BL-->ES,BL-->ES,BL-->ES,BL-->ES,BL-->ES,BL-->ES,BL-->ES,BL-->ES
LK,LKA,Sri Lanka,Colombo,Asia,Southern Asia,,LK-->BL,LK-->BL,LK-->BL,LK-->BL,LK-->BL,LK-->BL,LK-->BL,LK-->BL,LK-->BL,LK-->BL,LK-->BL,LK-->BL,LK-->BL,LK-->BL,LK-->BL,LK-->BL,LK-->BL,LK-->BL,LK-->BL,,,,,,,,,,,,,,,,,BL-->LK,BL-->LK,BL-->LK,BL-->LK,BL-->LK,BL-->LK,BL-->LK,BL-->LK,BL-->LK,BL-->LK,BL-->LK,BL-->LK,BL-->LK,BL-->LK,BL-->LK,BL-->LK,BL-->LK,BL-->LK,BL-->LK
SD,SDN,Sudan,Khartoum,Africa,Northern Africa,,SD-->BL,SD-->BL,SD-->BL,SD-->BL,SD-->BL,SD-->BL,SD-->BL,SD-->BL,SD-->BL,SD-->BL,SD-->BL,SD-->BL,SD-->BL,SD-->BL,SD-->BL,SD-->BL,SD-->BL,SD-->BL,SD-->BL,,,,,,,,,,,,,,,,,BL-->SD,BL-->SD,BL-->SD,BL-->SD,BL-->SD,BL-->SD,BL-->SD,BL-->SD,BL-->SD,BL-->SD,BL-->SD,BL-->SD,BL-->SD,BL-->SD,BL-->SD,BL-->SD,BL-->SD,BL-->SD,BL-->SD
SR,SUR,Suriname,Paramaribo,Americas,South America,,SR-->BL,SR-->BL,SR-->BL,SR-->BL,SR-->BL,SR-->BL,SR-->BL,SR-->BL,SR-->BL,SR-->BL,SR-->BL,SR-->BL,SR-->BL,SR-->BL,SR-->BL,SR-->BL,SR-->BL,SR-->BL,SR-->BL,,,,,,,,,,,,,,,,,BL-->SR,BL-->SR,BL-->SR,BL-->SR,BL-->SR,BL-->SR,BL-->SR,BL-->SR,BL-->SR,BL-->SR,BL-->SR,BL-->SR,BL-->SR,BL-->SR,BL-->SR,BL-->SR,BL-->SR,BL-->SR,BL-->SR
SJ,SJM,Svalbard and Jan Mayen,Longyearbyen,Europe,Northern Europe,,SJ-->BL,SJ-->BL,SJ-->BL,SJ-->BL,SJ-->BL,SJ-->BL,SJ-->BL,SJ-->BL,SJ-->BL,SJ-->BL,SJ-->BL,SJ-->BL,SJ-->BL,SJ-->BL,SJ-->BL,SJ-->BL,SJ-->BL,SJ-->BL,SJ-->BL,,,,,,,,,,,,,,,,,BL-->SJ,BL-->SJ,BL-->SJ,BL-->SJ,BL-->SJ,BL-->SJ,BL-->SJ,BL-->SJ,BL-->SJ,BL-->SJ,BL-->SJ,BL-->SJ,BL-->SJ,BL-->SJ,BL-->SJ,BL-->SJ,BL-->SJ,BL-->SJ,BL-->SJ
SZ,SWZ,Swaziland,Lobamba,Africa,Southern Africa,,SZ-->BL,SZ-->BL,SZ-->BL,SZ-->BL,SZ-->BL,SZ-->BL,SZ-->BL,SZ-->BL,SZ-->BL,SZ-->BL,SZ-->BL,SZ-->BL,SZ-->BL,SZ-->BL,SZ-->BL,SZ-->BL,SZ-->BL,SZ-->BL,SZ-->BL,,,,,,,,,,,,,,,,,BL-->SZ,BL-->SZ,BL-->SZ,BL-->SZ,BL-->SZ,BL-->SZ,BL-->SZ,BL-->SZ,BL-->SZ,BL-->SZ,BL-->SZ,BL-->SZ,BL-->SZ,BL-->SZ,BL-->SZ,BL-->SZ,BL-->SZ,BL-->SZ,BL-->SZ
SE,SWE,Sweden,Stockholm,Europe,Northern Europe,,SE-->BL,SE-->BL,SE-->BL,SE-->BL,SE-->BL,SE-->BL,SE-->BL,SE-->BL,SE-->BL,SE-->BL,SE-->BL,SE-->BL,SE-->BL,SE-->BL,SE-->BL,SE-->BL,SE-->BL,SE-->BL,SE-->BL,,,,,,,,,,,,,,,,,BL-->SE,BL-->SE,BL-->SE,BL-->SE,BL-->SE,BL-->SE,BL-->SE,BL-->SE,BL-->SE,BL-->SE,BL-->SE,BL-->SE,BL-->SE,BL-->SE,BL-->SE,BL-->SE,BL-->SE,BL-->SE,BL-->SE
CH,CHE,Switzerland,Bern,Europe,Western Europe,,CH-->BL,CH-->BL,CH-->BL,CH-->BL,CH-->BL,CH-->BL,CH-->BL,CH-->BL,CH-->BL,CH-->BL,CH-->BL,CH-->BL,CH-->BL,CH-->BL,CH-->BL,CH-->BL,CH-->BL,CH-->BL,CH-->BL,,,,,,,,,,,,,,,,,BL-->CH,BL-->CH,BL-->CH,BL-->CH,BL-->CH,BL-->CH,BL-->CH,BL-->CH,BL-->CH,BL-->CH,BL-->CH,BL-->CH,BL-->CH,BL-->CH,BL-->CH,BL-->CH,BL-->CH,BL-->CH,BL-->CH
SY,SYR,Syria,Damascus,Asia,Western Asia,,SY-->BL,SY-->BL,SY-->BL,SY-->BL,SY-->BL,SY-->BL,SY-->BL,SY-->BL,SY-->BL,SY-->BL,SY-->BL,SY-->BL,SY-->BL,SY-->BL,SY-->BL,SY-->BL,SY-->BL,SY-->BL,SY-->BL,,,,,,,,,,,,,,,,,BL-->SY,BL-->SY,BL-->SY,BL-->SY,BL-->SY,BL-->SY,BL-->SY,BL-->SY,BL-->SY,BL-->SY,BL-->SY,BL-->SY,BL-->SY,BL-->SY,BL-->SY,BL-->SY,BL-->SY,BL-->SY,BL-->SY
TW,TWN,Taiwan,Taipei,Asia,Eastern Asia,,TW-->BL,TW-->BL,TW-->BL,TW-->BL,TW-->BL,TW-->BL,TW-->BL,TW-->BL,TW-->BL,TW-->BL,TW-->BL,TW-->BL,TW-->BL,TW-->BL,TW-->BL,TW-->BL,TW-->BL,TW-->BL,TW-->BL,,,,,,,,,,,,,,,,,BL-->TW,BL-->TW,BL-->TW,BL-->TW,BL-->TW,BL-->TW,BL-->TW,BL-->TW,BL-->TW,BL-->TW,BL-->TW,BL-->TW,BL-->TW,BL-->TW,BL-->TW,BL-->TW,BL-->TW,BL-->TW,BL-->TW
TJ,TJK,Tajikistan,Dushanbe,Asia,Central Asia,,TJ-->BL,TJ-->BL,TJ-->BL,TJ-->BL,TJ-->BL,TJ-->BL,TJ-->BL,TJ-->BL,TJ-->BL,TJ-->BL,TJ-->BL,TJ-->BL,TJ-->BL,TJ-->BL,TJ-->BL,TJ-->BL,TJ-->BL,TJ-->BL,TJ-->BL,,,,,,,,,,,,,,,,,BL-->TJ,BL-->TJ,BL-->TJ,BL-->TJ,BL-->TJ,BL-->TJ,BL-->TJ,BL-->TJ,BL-->TJ,BL-->TJ,BL-->TJ,BL-->TJ,BL-->TJ,BL-->TJ,BL-->TJ,BL-->TJ,BL-->TJ,BL-->TJ,BL-->TJ
TZ,TZA,Tanzania,Dodoma,Africa,Eastern Africa,,TZ-->BL,TZ-->BL,TZ-->BL,TZ-->BL,TZ-->BL,TZ-->BL,TZ-->BL,TZ-->BL,TZ-->BL,TZ-->BL,TZ-->BL,TZ-->BL,TZ-->BL,TZ-->BL,TZ-->BL,TZ-->BL,TZ-->BL,TZ-->BL,TZ-->BL,,,,,,,,,,,,,,,,,BL-->TZ,BL-->TZ,BL-->TZ,BL-->TZ,BL-->TZ,BL-->TZ,BL-->TZ,BL-->TZ,BL-->TZ,BL-->TZ,BL-->TZ,BL-->TZ,BL-->TZ,BL-->TZ,BL-->TZ,BL-->TZ,BL-->TZ,BL-->TZ,BL-->TZ
TH,THA,Thailand,Bangkok,Asia,South-Eastern Asia,,TH-->BL,TH-->BL,TH-->BL,TH-->BL,TH-->BL,TH-->BL,TH-->BL,TH-->BL,TH-->BL,TH-->BL,TH-->BL,TH-->BL,TH-->BL,TH-->BL,TH-->BL,TH-->BL,TH-->BL,TH-->BL,TH-->BL,,,,,,,,,,,,,,,,,BL-->TH,BL-->TH,BL-->TH,BL-->TH,BL-->TH,BL-->TH,BL-->TH,BL-->TH,BL-->TH,BL-->TH,BL-->TH,BL-->TH,BL-->TH,BL-->TH,BL-->TH,BL-->TH,BL-->TH,BL-->TH,BL-->TH
TL,TLS,East Timor,Dili,Asia,South-Eastern Asia,,TL-->BL,TL-->BL,TL-->BL,TL-->BL,TL-->BL,TL-->BL,TL-->BL,TL-->BL,TL-->BL,TL-->BL,TL-->BL,TL-->BL,TL-->BL,TL-->BL,TL-->BL,TL-->BL,TL-->BL,TL-->BL,TL-->BL,,,,,,,,,,,,,,,,,BL-->TL,BL-->TL,BL-->TL,BL-->TL,BL-->TL,BL-->TL,BL-->TL,BL-->TL,BL-->TL,BL-->TL,BL-->TL,BL-->TL,BL-->TL,BL-->TL,BL-->TL,BL-->TL,BL-->TL,BL-->TL,BL-->TL
TG,TGO,Togo,Lomé,Africa,Western Africa,,TG-->BL,TG-->BL,TG-->BL,TG-->BL,TG-->BL,TG-->BL,TG-->BL,TG-->BL,TG-->BL,TG-->BL,TG-->BL,TG-->BL,TG-->BL,TG-->BL,TG-->BL,TG-->BL,TG-->BL,TG-->BL,TG-->BL,,,,,,,,,,,,,,,,,BL-->TG,BL-->TG,BL-->TG,BL-->TG,BL-->TG,BL-->TG,BL-->TG,BL-->TG,BL-->TG,BL-->TG,BL-->TG,BL-->TG,BL-->TG,BL-->TG,BL-->TG,BL-->TG,BL-->TG,BL-->TG,BL-->TG
TK,TKL,Tokelau,Fakaofo,Oceania,Polynesia,,TK-->BL,TK-->BL,TK-->BL,TK-->BL,TK-->BL,TK-->BL,TK-->BL,TK-->BL,TK-->BL,TK-->BL,TK-->BL,TK-->BL,TK-->BL,TK-->BL,TK-->BL,TK-->BL,TK-->BL,TK-->BL,TK-->BL,,,,,,,,,,,,,,,,,BL-->TK,BL-->TK,BL-->TK,BL-->TK,BL-->TK,BL-->TK,BL-->TK,BL-->TK,BL-->TK,BL-->TK,BL-->TK,BL-->TK,BL-->TK,BL-->TK,BL-->TK,BL-->TK,BL-->TK,BL-->TK,BL-->TK
TO,TON,Tonga,Nuku'alofa,Oceania,Polynesia,,TO-->BL,TO-->BL,TO-->BL,TO-->BL,TO-->BL,TO-->BL,TO-->BL,TO-->BL,TO-->BL,TO-->BL,TO-->BL,TO-->BL,TO-->BL,TO-->BL,TO-->BL,TO-->BL,TO-->BL,TO-->BL,TO-->BL,,,,,,,,,,,,,,,,,BL-->TO,BL-->TO,BL-->TO,BL-->TO,BL-->TO,BL-->TO,BL-->TO,BL-->TO,BL-->TO,BL-->TO,BL-->TO,BL-->TO,BL-->TO,BL-->TO,BL-->TO,BL-->TO,BL-->TO,BL-->TO,BL-->TO
TT,TTO,Trinidad and Tobago,Port of Spain,Americas,Caribbean,,TT-->BL,TT-->BL,TT-->BL,TT-->BL,TT-->BL,TT-->BL,TT-->BL,TT-->BL,TT-->BL,TT-->BL,TT-->BL,TT-->BL,TT-->BL,TT-->BL,TT-->BL,TT-->BL,TT-->BL,TT-->BL,TT-->BL,,,,,,,,,,,,,,,,,BL-->TT,BL-->TT,BL-->TT,BL-->TT,BL-->TT,BL-->TT,BL-->TT,BL-->TT,BL-->TT,BL-->TT,BL-->TT,BL-->TT,BL-->TT,BL-->TT,BL-->TT,BL-->TT,BL-->TT,BL-->TT,BL-->TT
TN,TUN,Tunisia,Tunis,Africa,Northern Africa,,TN-->BL,TN-->BL,TN-->BL,TN-->BL,TN-->BL,TN-->BL,TN-->BL,TN-->BL,TN-->BL,TN-->BL,TN-->BL,TN-->BL,TN-->BL,TN-->BL,TN-->BL,TN-->BL,TN-->BL,TN-->BL,TN-->BL,,,,,,,,,,,,,,,,,BL-->TN,BL-->TN,BL-->TN,BL-->TN,BL-->TN,BL-->TN,BL-->TN,BL-->TN,BL-->TN,BL-->TN,BL-->TN,BL-->TN,BL-->TN,BL-->TN,BL-->TN,BL-->TN,BL-->TN,BL-->TN,BL-->TN
TR,TUR,Turkey,Ankara,Asia,Western Asia,,TR-->BL,TR-->BL,TR-->BL,TR-->BL,TR-->BL,TR-->BL,TR-->BL,TR-->BL,TR-->BL,TR-->BL,TR-->BL,TR-->BL,TR-->BL,TR-->BL,TR-->BL,TR-->BL,TR-->BL,TR-->BL,TR-->BL,,,,,,,,,,,,,,,,,BL-->TR,BL-->TR,BL-->TR,BL-->TR,BL-->TR,BL-->TR,BL-->TR,BL-->TR,BL-->TR,BL-->TR,BL-->TR,BL-->TR,BL-->TR,BL-->TR,BL-->TR,BL-->TR,BL-->TR,BL-->TR,BL-->TR
TM,TKM,Turkmenistan,Ashgabat,Asia,Central Asia,,TM-->BL,TM-->BL,TM-->BL,TM-->BL,TM-->BL,TM-->BL,TM-->BL,TM-->BL,TM-->BL,TM-->BL,TM-->BL,TM-->BL,TM-->BL,TM-->BL,TM-->BL,TM-->BL,TM-->BL,TM-->BL,TM-->BL,,,,,,,,,,,,,,,,,BL-->TM,BL-->TM,BL-->TM,BL-->TM,BL-->TM,BL-->TM,BL-->TM,BL-->TM,BL-->TM,BL-->TM,BL-->TM,BL-->TM,BL-->TM,BL-->TM,BL-->TM,BL-->TM,BL-->TM,BL-->TM,BL-->TM
TC,TCA,Turks and Caicos Islands,Cockburn Town,Americas,Caribbean,,TC-->BL,TC-->BL,TC-->BL,TC-->BL,TC-->BL,TC-->BL,TC-->BL,TC-->BL,TC-->BL,TC-->BL,TC-->BL,TC-->BL,TC-->BL,TC-->BL,TC-->BL,TC-->BL,TC-->BL,TC-->BL,TC-->BL,,,,,,,,,,,,,,,,,BL-->TC,BL-->TC,BL-->TC,BL-->TC,BL-->TC,BL-->TC,BL-->TC,BL-->TC,BL-->TC,BL-->TC,BL-->TC,BL-->TC,BL-->TC,BL-->TC,BL-->TC,BL-->TC,BL-->TC,BL-->TC,BL-->TC
TV,TUV,Tuvalu,Funafuti,Oceania,Polynesia,,TV-->BL,TV-->BL,TV-->BL,TV-->BL,TV-->BL,TV-->BL,TV-->BL,TV-->BL,TV-->BL,TV-->BL,TV-->BL,TV-->BL,TV-->BL,TV-->BL,TV-->BL,TV-->BL,TV-->BL,TV-->BL,TV-->BL,,,,,,,,,,,,,,,,,BL-->TV,BL-->TV,BL-->TV,BL-->TV,BL-->TV,BL-->TV,BL-->TV,BL-->TV,BL-->TV,BL-->TV,BL-->TV,BL-->TV,BL-->TV,BL-->TV,BL-->TV,BL-->TV,BL-->TV,BL-->TV,BL-->TV
UG,UGA,Uganda,Kampala,Africa,Eastern Africa,,UG-->BL,UG-->BL,UG-->BL,UG-->BL,UG-->BL,UG-->BL,UG-->BL,UG-->BL,UG-->BL,UG-->BL,UG-->BL,UG-->BL,UG-->BL,UG-->BL,UG-->BL,UG-->BL,UG-->BL,UG-->BL,UG-->BL,,,,,,,,,,,,,,,,,BL-->UG,BL-->UG,BL-->UG,BL-->UG,BL-->UG,BL-->UG,BL-->UG,BL-->UG,BL-->UG,BL-->UG,BL-->UG,BL-->UG,BL-->UG,BL-->UG,BL-->UG,BL-->UG,BL-->UG,BL-->UG,BL-->UG
UA,UKR,Ukraine,Kiev,Europe,Eastern Europe,,UA-->BL,UA-->BL,UA-->BL,UA-->BL,UA-->BL,UA-->BL,UA-->BL,UA-->BL,UA-->BL,UA-->BL,UA-->BL,UA-->BL,UA-->BL,UA-->BL,UA-->BL,UA-->BL,UA-->BL,UA-->BL,UA-->BL,,,,,,,,,,,,,,,,,BL-->UA,BL-->UA,BL-->UA,BL-->UA,BL-->UA,BL-->UA,BL-->UA,BL-->UA,BL-->UA,BL-->UA,BL-->UA,BL-->UA,BL-->UA,BL-->UA,BL-->UA,BL-->UA,BL-->UA,BL-->UA,BL-->UA
AE,ARE,United Arab Emirates,Abu Dhabi,Asia,Western Asia,,AE-->BL,AE-->BL,AE-->BL,AE-->BL,AE-->BL,AE-->BL,AE-->BL,AE-->BL,AE-->BL,AE-->BL,AE-->BL,AE-->BL,AE-->BL,AE-->BL,AE-->BL,AE-->BL,AE-->BL,AE-->BL,AE-->BL,,,,,,,,,,,,,,,,,BL-->AE,BL-->AE,BL-->AE,BL-->AE,BL-->AE,BL-->AE,BL-->AE,BL-->AE,BL-->AE,BL-->AE,BL-->AE,BL-->AE,BL-->AE,BL-->AE,BL-->AE,BL-->AE,BL-->AE,BL-->AE,BL-->AE
GB,GBR,United Kingdom,London,Europe,Northern Europe,,GB-->BL,GB-->BL,GB-->BL,GB-->BL,GB-->BL,GB-->BL,GB-->BL,GB-->BL,GB-->BL,GB-->BL,GB-->BL,GB-->BL,GB-->BL,GB-->BL,GB-->BL,GB-->BL,GB-->BL,GB-->BL,GB-->BL,,,,,,,,,,,,,,,,,BL-->GB,BL-->GB,BL-->GB,BL-->GB,BL-->GB,BL-->GB,BL-->GB,BL-->GB,BL-->GB,BL-->GB,BL-->GB,BL-->GB,BL-->GB,BL-->GB,BL-->GB,BL-->GB,BL-->GB,BL-->GB,BL-->GB
US,USA,United States,"Washington, D.C.",Americas,Northern America,,US-->BL,US-->BL,US-->BL,US-->BL,US-->BL,US-->BL,US-->BL,US-->BL,US-->BL,US-->BL,US-->BL,US-->BL,US-->BL,US-->BL,US-->BL,US-->BL,US-->BL,US-->BL,US-->BL,,,,,,,,,,,,,,,,,BL-->US,BL-->US,BL-->US,BL-->US,BL-->US,BL-->US,BL-->US,BL-->US,BL-->US,BL-->US,BL-->US,BL-->US,BL-->US,BL-->US,BL-->US,BL-->US,BL-->US,BL-->US,BL-->US
UY,URY,Uruguay,Montevideo,Americas,South America,,UY-->BL,UY-->BL,UY-->BL,UY-->BL,UY-->BL,UY-->BL,UY-->BL,UY-->BL,UY-->BL,UY-->BL,UY-->BL,UY-->BL,UY-->BL,UY-->BL,UY-->BL,UY-->BL,UY-->BL,UY-->BL,UY-->BL,,,,,,,,,,,,,,,,,BL-->UY,BL-->UY,BL-->UY,BL-->UY,BL-->UY,BL-->UY,BL-->UY,BL-->UY,BL-->UY,BL-->UY,BL-->UY,BL-->UY,BL-->UY,BL-->UY,BL-->UY,BL-->UY,BL-->UY,BL-->UY,BL-->UY
UZ,UZB,Uzbekistan,Tashkent,Asia,Central Asia,,UZ-->BL,UZ-->BL,UZ-->BL,UZ-->BL,UZ-->BL,UZ-->BL,UZ-->BL,UZ-->BL,UZ-->BL,UZ-->BL,UZ-->BL,UZ-->BL,UZ-->BL,UZ-->BL,UZ-->BL,UZ-->BL,UZ-->BL,UZ-->BL,UZ-->BL,,,,,,,,,,,,,,,,,BL-->UZ,BL-->UZ,BL-->UZ,BL-->UZ,BL-->UZ,BL-->UZ,BL-->UZ,BL-->UZ,BL-->UZ,BL-->UZ,BL-->UZ,BL-->UZ,BL-->UZ,BL-->UZ,BL-->UZ,BL-->UZ,BL-->UZ,BL-->UZ,BL-->UZ
VU,VUT,Vanuatu,Port Vila,Oceania,Melanesia,,VU-->BL,VU-->BL,VU-->BL,VU-->BL,VU-->BL,VU-->BL,VU-->BL,VU-->BL,VU-->BL,VU-->BL,VU-->BL,VU-->BL,VU-->BL,VU-->BL,VU-->BL,VU-->BL,VU-->BL,VU-->BL,VU-->BL,,,,,,,,,,,,,,,,,BL-->VU,BL-->VU,BL-->VU,BL-->VU,BL-->VU,BL-->VU,BL-->VU,BL-->VU,BL-->VU,BL-->VU,BL-->VU,BL-->VU,BL-->VU,BL-->VU,BL-->VU,BL-->VU,BL-->VU,BL-->VU,BL-->VU
VE,VEN,Venezuela,Caracas,Americas,South America,,VE-->BL,VE-->BL,VE-->BL,VE-->BL,VE-->BL,VE-->BL,VE-->BL,VE-->BL,VE-->BL,VE-->BL,VE-->BL,VE-->BL,VE-->BL,VE-->BL,VE-->BL,VE-->BL,VE-->BL,VE-->BL,VE-->BL,,,,,,,,,,,,,,,,,BL-->VE,BL-->VE,BL-->VE,BL-->VE,BL-->VE,BL-->VE,BL-->VE,BL-->VE,BL-->VE,BL-->VE,BL-->VE,BL-->VE,BL-->VE,BL-->VE,BL-->VE,BL-->VE,BL-->VE,BL-->VE,BL-->VE
VN,VNM,Vietnam,Hanoi,Asia,South-Eastern Asia,,VN-->BL,VN-->BL,VN-->BL,VN-->BL,VN-->BL,VN-->BL,VN-->BL,VN-->BL,VN-->BL,VN-->BL,VN-->BL,VN-->BL,VN-->BL,VN-->BL,VN-->BL,VN-->BL,VN-->BL,VN-->BL,VN-->BL,,,,,,,,,,,,,,,,,BL-->VN,BL-->VN,BL-->VN,BL-->VN,BL-->VN,BL-->VN,BL-->VN,BL-->VN,BL-->VN,BL-->VN,BL-->VN,BL-->VN,BL-->VN,BL-->VN,BL-->VN,BL-->VN,BL-->VN,BL-->VN,BL-->VN
WF,WLF,Wallis and Futuna,Mata-Utu,Oceania,Polynesia,,WF-->BL,WF-->BL,WF-->BL,WF-->BL,WF-->BL,WF-->BL,WF-->BL,WF-->BL,WF-->BL,WF-->BL,WF-->BL,WF-->BL,WF-->BL,WF-->BL,WF-->BL,WF-->BL,WF-->BL,WF-->BL,WF-->BL,,,,,,,,,,,,,,,,,BL-->WF,BL-->WF,BL-->WF,BL-->WF,BL-->WF,BL-->WF,BL-->WF,BL-->WF,BL-->WF,BL-->WF,BL-->WF,BL-->WF,BL-->WF,BL-->WF,BL-->WF,BL-->WF,BL-->WF,BL-->WF,BL-->WF
EH,ESH,Western Sahara,El Aaiún,Africa,Northern Africa,,EH-->BL,EH-->BL,EH-->BL,EH-->BL,EH-->BL,EH-->BL,EH-->BL,EH-->BL,EH-->BL,EH-->BL,EH-->BL,EH-->BL,EH-->BL,EH-->BL,EH-->BL,EH-->BL,EH-->BL,EH-->BL,EH-->BL,,,,,,,,,,,,,,,,,BL-->EH,BL-->EH,BL-->EH,BL-->EH,BL-->EH,BL-->EH,BL-->EH,BL-->EH,BL-->EH,BL-->EH,BL-->EH,BL-->EH,BL-->EH,BL-->EH,BL-->EH,BL-->EH,BL-->EH,BL-->EH,BL-->EH
YE,YEM,Yemen,Sana'a,Asia,Western Asia,,YE-->BL,YE-->BL,YE-->BL,YE-->BL,YE-->BL,YE-->BL,YE-->BL,YE-->BL,YE-->BL,YE-->BL,YE-->BL,YE-->BL,YE-->BL,YE-->BL,YE-->BL,YE-->BL,YE-->BL,YE-->BL,YE-->BL,,,,,,,,,,,,,,,,,BL-->YE,BL-->YE,BL-->YE,BL-->YE,BL-->YE,BL-->YE,BL-->YE,BL-->YE,BL-->YE,BL-->YE,BL-->YE,BL-->YE,BL-->YE,BL-->YE,BL-->YE,BL-->YE,BL-->YE,BL-->YE,BL-->YE
ZM,ZMB,Zambia,Lusaka,Africa,Eastern Africa,,ZM-->BL,ZM-->BL,ZM-->BL,ZM-->BL,ZM-->BL,ZM-->BL,ZM-->BL,ZM-->BL,ZM-->BL,ZM-->BL,ZM-->BL,ZM-->BL,ZM-->BL,ZM-->BL,ZM-->BL,ZM-->BL,ZM-->BL,ZM-->BL,ZM-->BL,,,,,,,,,,,,,,,,,BL-->ZM,BL-->ZM,BL-->ZM,BL-->ZM,BL-->ZM,BL-->ZM,BL-->ZM,BL-->ZM,BL-->ZM,BL-->ZM,BL-->ZM,BL-->ZM,BL-->ZM,BL-->ZM,BL-->ZM,BL-->ZM,BL-->ZM,BL-->ZM,BL-->ZM
ZW,ZWE,Zimbabwe,Harare,Africa,Eastern Africa,,ZW-->BL,ZW-->BL,ZW-->BL,ZW-->BL,ZW-->BL,ZW-->BL,ZW-->BL,ZW-->BL,ZW-->BL,ZW-->BL,ZW-->BL,ZW-->BL,ZW-->BL,ZW-->BL,ZW-->BL,ZW-->BL,ZW-->BL,ZW-->BL,ZW-->BL,,,,,,,,,,,,,,,,,BL-->ZW,BL-->ZW,BL-->ZW,BL-->ZW,BL-->ZW,BL-->ZW,BL-->ZW,BL-->ZW,BL-->ZW,BL-->ZW,BL-->ZW,BL-->ZW,BL-->ZW,BL-->ZW,BL-->ZW,BL-->ZW,BL-->ZW,BL-->ZW,BL-->ZW
