nu,code,name,capital,region,subregion,Unnamed: 6,quara/into/where/e,quara/into/where/v,quara/into/where/uv,quara/into/min/e,quara/into/min/v,quara/into/min/uv,quara/into/max/e,quara/into/max/v,quara/into/max/uv,quara/into/comment,test/into/pcr/e,test/into/pcr/v,test/into/pcr/uv,test/into/ag/e,test/into/ag/v,test/into/ag/uv,test/into/comment,visa/into,visa/into/comment,loadStates/into,Unnamed: 27,Unnamed: 28,Unnamed: 29,Unnamed: 30,Unnamed: 31,Unnamed: 32,Unnamed: 33,Unnamed: 34,Unnamed: 35,Unnamed: 36,Unnamed: 37,Unnamed: 38,Unnamed: 39,Unnamed: 40,Unnamed: 41,quara/out/where/e,quara/out/where/v,quara/out/where/uv,quara/out/min/e,quara/out/min/v,quara/out/min/uv,quara/out/max/e,quara/out/max/v,quara/out/max/uv,quara/out/comment,test/out/pcr/e,test/out/pcr/v,test/out/pcr/uv,test/out/ag/e,test/out/ag/v,test/out/ag/uv,test/out/comment,visa/out,visa/out/comment
AF,AFG,Afghanistan,Kabul,Asia,Southern Asia,,AF-->VE,AF-->VE,AF-->VE,AF-->VE,AF-->VE,AF-->VE,AF-->VE,AF-->VE,AF-->VE,AF-->VE,AF-->VE,AF-->VE,AF-->VE,AF-->VE,AF-->VE,AF-->VE,AF-->VE,AF-->VE,AF-->VE,,,,,,,,,,,,,,,,,VE-->AF,VE-->AF,VE-->AF,VE-->AF,VE-->AF,VE-->AF,VE-->AF,VE-->AF,VE-->AF,VE-->AF,VE-->AF,VE-->AF,VE-->AF,VE-->AF,VE-->AF,VE-->AF,VE-->AF,VE-->AF,VE-->AF
AX,ALA,Åland Islands,Mariehamn,Europe,Northern Europe,,AX-->VE,AX-->VE,AX-->VE,AX-->VE,AX-->VE,AX-->VE,AX-->VE,AX-->VE,AX-->VE,AX-->VE,AX-->VE,AX-->VE,AX-->VE,AX-->VE,AX-->VE,AX-->VE,AX-->VE,AX-->VE,AX-->VE,,,,,,,,,,,,,,,,,VE-->AX,VE-->AX,VE-->AX,VE-->AX,VE-->AX,VE-->AX,VE-->AX,VE-->AX,VE-->AX,VE-->AX,VE-->AX,VE-->AX,VE-->AX,VE-->AX,VE-->AX,VE-->AX,VE-->AX,VE-->AX,VE-->AX
AL,ALB,Albania,Tirana,Europe,Southern Europe,,AL-->VE,AL-->VE,AL-->VE,AL-->VE,AL-->VE,AL-->VE,AL-->VE,AL-->VE,AL-->VE,AL-->VE,AL-->VE,AL-->VE,AL-->VE,AL-->VE,AL-->VE,AL-->VE,AL-->VE,AL-->VE,AL-->VE,,,,,,,,,,,,,,,,,VE-->AL,VE-->AL,VE-->AL,VE-->AL,VE-->AL,VE-->AL,VE-->AL,VE-->AL,VE-->AL,VE-->AL,VE-->AL,VE-->AL,VE-->AL,VE-->AL,VE-->AL,VE-->AL,VE-->AL,VE-->AL,VE-->AL
DZ,DZA,Algeria,Algiers,Africa,Northern Africa,,DZ-->VE,DZ-->VE,DZ-->VE,DZ-->VE,DZ-->VE,DZ-->VE,DZ-->VE,DZ-->VE,DZ-->VE,DZ-->VE,DZ-->VE,DZ-->VE,DZ-->VE,DZ-->VE,DZ-->VE,DZ-->VE,DZ-->VE,DZ-->VE,DZ-->VE,,,,,,,,,,,,,,,,,VE-->DZ,VE-->DZ,VE-->DZ,VE-->DZ,VE-->DZ,VE-->DZ,VE-->DZ,VE-->DZ,VE-->DZ,VE-->DZ,VE-->DZ,VE-->DZ,VE-->DZ,VE-->DZ,VE-->DZ,VE-->DZ,VE-->DZ,VE-->DZ,VE-->DZ
AS,ASM,American Samoa,Pago Pago,Oceania,Polynesia,,AS-->VE,AS-->VE,AS-->VE,AS-->VE,AS-->VE,AS-->VE,AS-->VE,AS-->VE,AS-->VE,AS-->VE,AS-->VE,AS-->VE,AS-->VE,AS-->VE,AS-->VE,AS-->VE,AS-->VE,AS-->VE,AS-->VE,,,,,,,,,,,,,,,,,VE-->AS,VE-->AS,VE-->AS,VE-->AS,VE-->AS,VE-->AS,VE-->AS,VE-->AS,VE-->AS,VE-->AS,VE-->AS,VE-->AS,VE-->AS,VE-->AS,VE-->AS,VE-->AS,VE-->AS,VE-->AS,VE-->AS
AD,AND,Andorra,Andorra la Vella,Europe,Southern Europe,,AD-->VE,AD-->VE,AD-->VE,AD-->VE,AD-->VE,AD-->VE,AD-->VE,AD-->VE,AD-->VE,AD-->VE,AD-->VE,AD-->VE,AD-->VE,AD-->VE,AD-->VE,AD-->VE,AD-->VE,AD-->VE,AD-->VE,,,,,,,,,,,,,,,,,VE-->AD,VE-->AD,VE-->AD,VE-->AD,VE-->AD,VE-->AD,VE-->AD,VE-->AD,VE-->AD,VE-->AD,VE-->AD,VE-->AD,VE-->AD,VE-->AD,VE-->AD,VE-->AD,VE-->AD,VE-->AD,VE-->AD
AO,AGO,Angola,Luanda,Africa,Middle Africa,,AO-->VE,AO-->VE,AO-->VE,AO-->VE,AO-->VE,AO-->VE,AO-->VE,AO-->VE,AO-->VE,AO-->VE,AO-->VE,AO-->VE,AO-->VE,AO-->VE,AO-->VE,AO-->VE,AO-->VE,AO-->VE,AO-->VE,,,,,,,,,,,,,,,,,VE-->AO,VE-->AO,VE-->AO,VE-->AO,VE-->AO,VE-->AO,VE-->AO,VE-->AO,VE-->AO,VE-->AO,VE-->AO,VE-->AO,VE-->AO,VE-->AO,VE-->AO,VE-->AO,VE-->AO,VE-->AO,VE-->AO
AI,AIA,Anguilla,The Valley,Americas,Caribbean,,AI-->VE,AI-->VE,AI-->VE,AI-->VE,AI-->VE,AI-->VE,AI-->VE,AI-->VE,AI-->VE,AI-->VE,AI-->VE,AI-->VE,AI-->VE,AI-->VE,AI-->VE,AI-->VE,AI-->VE,AI-->VE,AI-->VE,,,,,,,,,,,,,,,,,VE-->AI,VE-->AI,VE-->AI,VE-->AI,VE-->AI,VE-->AI,VE-->AI,VE-->AI,VE-->AI,VE-->AI,VE-->AI,VE-->AI,VE-->AI,VE-->AI,VE-->AI,VE-->AI,VE-->AI,VE-->AI,VE-->AI
AQ,ATA,Antarctica,,Polar,,,AQ-->VE,AQ-->VE,AQ-->VE,AQ-->VE,AQ-->VE,AQ-->VE,AQ-->VE,AQ-->VE,AQ-->VE,AQ-->VE,AQ-->VE,AQ-->VE,AQ-->VE,AQ-->VE,AQ-->VE,AQ-->VE,AQ-->VE,AQ-->VE,AQ-->VE,,,,,,,,,,,,,,,,,VE-->AQ,VE-->AQ,VE-->AQ,VE-->AQ,VE-->AQ,VE-->AQ,VE-->AQ,VE-->AQ,VE-->AQ,VE-->AQ,VE-->AQ,VE-->AQ,VE-->AQ,VE-->AQ,VE-->AQ,VE-->AQ,VE-->AQ,VE-->AQ,VE-->AQ
AG,ATG,Antigua and Barbuda,Saint John's,Americas,Caribbean,,AG-->VE,AG-->VE,AG-->VE,AG-->VE,AG-->VE,AG-->VE,AG-->VE,AG-->VE,AG-->VE,AG-->VE,AG-->VE,AG-->VE,AG-->VE,AG-->VE,AG-->VE,AG-->VE,AG-->VE,AG-->VE,AG-->VE,,,,,,,,,,,,,,,,,VE-->AG,VE-->AG,VE-->AG,VE-->AG,VE-->AG,VE-->AG,VE-->AG,VE-->AG,VE-->AG,VE-->AG,VE-->AG,VE-->AG,VE-->AG,VE-->AG,VE-->AG,VE-->AG,VE-->AG,VE-->AG,VE-->AG
AR,ARG,Argentina,Buenos Aires,Americas,South America,,AR-->VE,AR-->VE,AR-->VE,AR-->VE,AR-->VE,AR-->VE,AR-->VE,AR-->VE,AR-->VE,AR-->VE,AR-->VE,AR-->VE,AR-->VE,AR-->VE,AR-->VE,AR-->VE,AR-->VE,AR-->VE,AR-->VE,,,,,,,,,,,,,,,,,VE-->AR,VE-->AR,VE-->AR,VE-->AR,VE-->AR,VE-->AR,VE-->AR,VE-->AR,VE-->AR,VE-->AR,VE-->AR,VE-->AR,VE-->AR,VE-->AR,VE-->AR,VE-->AR,VE-->AR,VE-->AR,VE-->AR
AM,ARM,Armenia,Yerevan,Asia,Western Asia,,AM-->VE,AM-->VE,AM-->VE,AM-->VE,AM-->VE,AM-->VE,AM-->VE,AM-->VE,AM-->VE,AM-->VE,AM-->VE,AM-->VE,AM-->VE,AM-->VE,AM-->VE,AM-->VE,AM-->VE,AM-->VE,AM-->VE,,,,,,,,,,,,,,,,,VE-->AM,VE-->AM,VE-->AM,VE-->AM,VE-->AM,VE-->AM,VE-->AM,VE-->AM,VE-->AM,VE-->AM,VE-->AM,VE-->AM,VE-->AM,VE-->AM,VE-->AM,VE-->AM,VE-->AM,VE-->AM,VE-->AM
AW,ABW,Aruba,Oranjestad,Americas,Caribbean,,AW-->VE,AW-->VE,AW-->VE,AW-->VE,AW-->VE,AW-->VE,AW-->VE,AW-->VE,AW-->VE,AW-->VE,AW-->VE,AW-->VE,AW-->VE,AW-->VE,AW-->VE,AW-->VE,AW-->VE,AW-->VE,AW-->VE,,,,,,,,,,,,,,,,,VE-->AW,VE-->AW,VE-->AW,VE-->AW,VE-->AW,VE-->AW,VE-->AW,VE-->AW,VE-->AW,VE-->AW,VE-->AW,VE-->AW,VE-->AW,VE-->AW,VE-->AW,VE-->AW,VE-->AW,VE-->AW,VE-->AW
AU,AUS,Australia,Canberra,Oceania,Australia and New Zealand,,AU-->VE,AU-->VE,AU-->VE,AU-->VE,AU-->VE,AU-->VE,AU-->VE,AU-->VE,AU-->VE,AU-->VE,AU-->VE,AU-->VE,AU-->VE,AU-->VE,AU-->VE,AU-->VE,AU-->VE,AU-->VE,AU-->VE,,,,,,,,,,,,,,,,,VE-->AU,VE-->AU,VE-->AU,VE-->AU,VE-->AU,VE-->AU,VE-->AU,VE-->AU,VE-->AU,VE-->AU,VE-->AU,VE-->AU,VE-->AU,VE-->AU,VE-->AU,VE-->AU,VE-->AU,VE-->AU,VE-->AU
AT,AUT,Austria,Vienna,Europe,Western Europe,,AT-->VE,AT-->VE,AT-->VE,AT-->VE,AT-->VE,AT-->VE,AT-->VE,AT-->VE,AT-->VE,AT-->VE,AT-->VE,AT-->VE,AT-->VE,AT-->VE,AT-->VE,AT-->VE,AT-->VE,AT-->VE,AT-->VE,,,,,,,,,,,,,,,,,VE-->AT,VE-->AT,VE-->AT,VE-->AT,VE-->AT,VE-->AT,VE-->AT,VE-->AT,VE-->AT,VE-->AT,VE-->AT,VE-->AT,VE-->AT,VE-->AT,VE-->AT,VE-->AT,VE-->AT,VE-->AT,VE-->AT
AZ,AZE,Azerbaijan,Baku,Asia,Western Asia,,AZ-->VE,AZ-->VE,AZ-->VE,AZ-->VE,AZ-->VE,AZ-->VE,AZ-->VE,AZ-->VE,AZ-->VE,AZ-->VE,AZ-->VE,AZ-->VE,AZ-->VE,AZ-->VE,AZ-->VE,AZ-->VE,AZ-->VE,AZ-->VE,AZ-->VE,,,,,,,,,,,,,,,,,VE-->AZ,VE-->AZ,VE-->AZ,VE-->AZ,VE-->AZ,VE-->AZ,VE-->AZ,VE-->AZ,VE-->AZ,VE-->AZ,VE-->AZ,VE-->AZ,VE-->AZ,VE-->AZ,VE-->AZ,VE-->AZ,VE-->AZ,VE-->AZ,VE-->AZ
BS,BHS,The Bahamas,Nassau,Americas,Caribbean,,BS-->VE,BS-->VE,BS-->VE,BS-->VE,BS-->VE,BS-->VE,BS-->VE,BS-->VE,BS-->VE,BS-->VE,BS-->VE,BS-->VE,BS-->VE,BS-->VE,BS-->VE,BS-->VE,BS-->VE,BS-->VE,BS-->VE,,,,,,,,,,,,,,,,,VE-->BS,VE-->BS,VE-->BS,VE-->BS,VE-->BS,VE-->BS,VE-->BS,VE-->BS,VE-->BS,VE-->BS,VE-->BS,VE-->BS,VE-->BS,VE-->BS,VE-->BS,VE-->BS,VE-->BS,VE-->BS,VE-->BS
BH,BHR,Bahrain,Manama,Asia,Western Asia,,BH-->VE,BH-->VE,BH-->VE,BH-->VE,BH-->VE,BH-->VE,BH-->VE,BH-->VE,BH-->VE,BH-->VE,BH-->VE,BH-->VE,BH-->VE,BH-->VE,BH-->VE,BH-->VE,BH-->VE,BH-->VE,BH-->VE,,,,,,,,,,,,,,,,,VE-->BH,VE-->BH,VE-->BH,VE-->BH,VE-->BH,VE-->BH,VE-->BH,VE-->BH,VE-->BH,VE-->BH,VE-->BH,VE-->BH,VE-->BH,VE-->BH,VE-->BH,VE-->BH,VE-->BH,VE-->BH,VE-->BH
BD,BGD,Bangladesh,Dhaka,Asia,Southern Asia,,BD-->VE,BD-->VE,BD-->VE,BD-->VE,BD-->VE,BD-->VE,BD-->VE,BD-->VE,BD-->VE,BD-->VE,BD-->VE,BD-->VE,BD-->VE,BD-->VE,BD-->VE,BD-->VE,BD-->VE,BD-->VE,BD-->VE,,,,,,,,,,,,,,,,,VE-->BD,VE-->BD,VE-->BD,VE-->BD,VE-->BD,VE-->BD,VE-->BD,VE-->BD,VE-->BD,VE-->BD,VE-->BD,VE-->BD,VE-->BD,VE-->BD,VE-->BD,VE-->BD,VE-->BD,VE-->BD,VE-->BD
BB,BRB,Barbados,Bridgetown,Americas,Caribbean,,BB-->VE,BB-->VE,BB-->VE,BB-->VE,BB-->VE,BB-->VE,BB-->VE,BB-->VE,BB-->VE,BB-->VE,BB-->VE,BB-->VE,BB-->VE,BB-->VE,BB-->VE,BB-->VE,BB-->VE,BB-->VE,BB-->VE,,,,,,,,,,,,,,,,,VE-->BB,VE-->BB,VE-->BB,VE-->BB,VE-->BB,VE-->BB,VE-->BB,VE-->BB,VE-->BB,VE-->BB,VE-->BB,VE-->BB,VE-->BB,VE-->BB,VE-->BB,VE-->BB,VE-->BB,VE-->BB,VE-->BB
BY,BLR,Belarus,Minsk,Europe,Eastern Europe,,BY-->VE,BY-->VE,BY-->VE,BY-->VE,BY-->VE,BY-->VE,BY-->VE,BY-->VE,BY-->VE,BY-->VE,BY-->VE,BY-->VE,BY-->VE,BY-->VE,BY-->VE,BY-->VE,BY-->VE,BY-->VE,BY-->VE,,,,,,,,,,,,,,,,,VE-->BY,VE-->BY,VE-->BY,VE-->BY,VE-->BY,VE-->BY,VE-->BY,VE-->BY,VE-->BY,VE-->BY,VE-->BY,VE-->BY,VE-->BY,VE-->BY,VE-->BY,VE-->BY,VE-->BY,VE-->BY,VE-->BY
BE,BEL,Belgium,Brussels,Europe,Western Europe,,BE-->VE,BE-->VE,BE-->VE,BE-->VE,BE-->VE,BE-->VE,BE-->VE,BE-->VE,BE-->VE,BE-->VE,BE-->VE,BE-->VE,BE-->VE,BE-->VE,BE-->VE,BE-->VE,BE-->VE,BE-->VE,BE-->VE,,,,,,,,,,,,,,,,,VE-->BE,VE-->BE,VE-->BE,VE-->BE,VE-->BE,VE-->BE,VE-->BE,VE-->BE,VE-->BE,VE-->BE,VE-->BE,VE-->BE,VE-->BE,VE-->BE,VE-->BE,VE-->BE,VE-->BE,VE-->BE,VE-->BE
BZ,BLZ,Belize,Belmopan,Americas,Central America,,BZ-->VE,BZ-->VE,BZ-->VE,BZ-->VE,BZ-->VE,BZ-->VE,BZ-->VE,BZ-->VE,BZ-->VE,BZ-->VE,BZ-->VE,BZ-->VE,BZ-->VE,BZ-->VE,BZ-->VE,BZ-->VE,BZ-->VE,BZ-->VE,BZ-->VE,,,,,,,,,,,,,,,,,VE-->BZ,VE-->BZ,VE-->BZ,VE-->BZ,VE-->BZ,VE-->BZ,VE-->BZ,VE-->BZ,VE-->BZ,VE-->BZ,VE-->BZ,VE-->BZ,VE-->BZ,VE-->BZ,VE-->BZ,VE-->BZ,VE-->BZ,VE-->BZ,VE-->BZ
BJ,BEN,Benin,Porto-Novo,Africa,Western Africa,,BJ-->VE,BJ-->VE,BJ-->VE,BJ-->VE,BJ-->VE,BJ-->VE,BJ-->VE,BJ-->VE,BJ-->VE,BJ-->VE,BJ-->VE,BJ-->VE,BJ-->VE,BJ-->VE,BJ-->VE,BJ-->VE,BJ-->VE,BJ-->VE,BJ-->VE,,,,,,,,,,,,,,,,,VE-->BJ,VE-->BJ,VE-->BJ,VE-->BJ,VE-->BJ,VE-->BJ,VE-->BJ,VE-->BJ,VE-->BJ,VE-->BJ,VE-->BJ,VE-->BJ,VE-->BJ,VE-->BJ,VE-->BJ,VE-->BJ,VE-->BJ,VE-->BJ,VE-->BJ
BM,BMU,Bermuda,Hamilton,Americas,Northern America,,BM-->VE,BM-->VE,BM-->VE,BM-->VE,BM-->VE,BM-->VE,BM-->VE,BM-->VE,BM-->VE,BM-->VE,BM-->VE,BM-->VE,BM-->VE,BM-->VE,BM-->VE,BM-->VE,BM-->VE,BM-->VE,BM-->VE,,,,,,,,,,,,,,,,,VE-->BM,VE-->BM,VE-->BM,VE-->BM,VE-->BM,VE-->BM,VE-->BM,VE-->BM,VE-->BM,VE-->BM,VE-->BM,VE-->BM,VE-->BM,VE-->BM,VE-->BM,VE-->BM,VE-->BM,VE-->BM,VE-->BM
BT,BTN,Bhutan,Thimphu,Asia,Southern Asia,,BT-->VE,BT-->VE,BT-->VE,BT-->VE,BT-->VE,BT-->VE,BT-->VE,BT-->VE,BT-->VE,BT-->VE,BT-->VE,BT-->VE,BT-->VE,BT-->VE,BT-->VE,BT-->VE,BT-->VE,BT-->VE,BT-->VE,,,,,,,,,,,,,,,,,VE-->BT,VE-->BT,VE-->BT,VE-->BT,VE-->BT,VE-->BT,VE-->BT,VE-->BT,VE-->BT,VE-->BT,VE-->BT,VE-->BT,VE-->BT,VE-->BT,VE-->BT,VE-->BT,VE-->BT,VE-->BT,VE-->BT
BO,BOL,Bolivia,Sucre,Americas,South America,,BO-->VE,BO-->VE,BO-->VE,BO-->VE,BO-->VE,BO-->VE,BO-->VE,BO-->VE,BO-->VE,BO-->VE,BO-->VE,BO-->VE,BO-->VE,BO-->VE,BO-->VE,BO-->VE,BO-->VE,BO-->VE,BO-->VE,,,,,,,,,,,,,,,,,VE-->BO,VE-->BO,VE-->BO,VE-->BO,VE-->BO,VE-->BO,VE-->BO,VE-->BO,VE-->BO,VE-->BO,VE-->BO,VE-->BO,VE-->BO,VE-->BO,VE-->BO,VE-->BO,VE-->BO,VE-->BO,VE-->BO
BQ,BES,Bonaire,Kralendijk,Americas,Caribbean,,BQ-->VE,BQ-->VE,BQ-->VE,BQ-->VE,BQ-->VE,BQ-->VE,BQ-->VE,BQ-->VE,BQ-->VE,BQ-->VE,BQ-->VE,BQ-->VE,BQ-->VE,BQ-->VE,BQ-->VE,BQ-->VE,BQ-->VE,BQ-->VE,BQ-->VE,,,,,,,,,,,,,,,,,VE-->BQ,VE-->BQ,VE-->BQ,VE-->BQ,VE-->BQ,VE-->BQ,VE-->BQ,VE-->BQ,VE-->BQ,VE-->BQ,VE-->BQ,VE-->BQ,VE-->BQ,VE-->BQ,VE-->BQ,VE-->BQ,VE-->BQ,VE-->BQ,VE-->BQ
BA,BIH,Bosnia and Herzegovina,Sarajevo,Europe,Southern Europe,,BA-->VE,BA-->VE,BA-->VE,BA-->VE,BA-->VE,BA-->VE,BA-->VE,BA-->VE,BA-->VE,BA-->VE,BA-->VE,BA-->VE,BA-->VE,BA-->VE,BA-->VE,BA-->VE,BA-->VE,BA-->VE,BA-->VE,,,,,,,,,,,,,,,,,VE-->BA,VE-->BA,VE-->BA,VE-->BA,VE-->BA,VE-->BA,VE-->BA,VE-->BA,VE-->BA,VE-->BA,VE-->BA,VE-->BA,VE-->BA,VE-->BA,VE-->BA,VE-->BA,VE-->BA,VE-->BA,VE-->BA
BW,BWA,Botswana,Gaborone,Africa,Southern Africa,,BW-->VE,BW-->VE,BW-->VE,BW-->VE,BW-->VE,BW-->VE,BW-->VE,BW-->VE,BW-->VE,BW-->VE,BW-->VE,BW-->VE,BW-->VE,BW-->VE,BW-->VE,BW-->VE,BW-->VE,BW-->VE,BW-->VE,,,,,,,,,,,,,,,,,VE-->BW,VE-->BW,VE-->BW,VE-->BW,VE-->BW,VE-->BW,VE-->BW,VE-->BW,VE-->BW,VE-->BW,VE-->BW,VE-->BW,VE-->BW,VE-->BW,VE-->BW,VE-->BW,VE-->BW,VE-->BW,VE-->BW
BV,BVT,Bouvet Island,,,,,BV-->VE,BV-->VE,BV-->VE,BV-->VE,BV-->VE,BV-->VE,BV-->VE,BV-->VE,BV-->VE,BV-->VE,BV-->VE,BV-->VE,BV-->VE,BV-->VE,BV-->VE,BV-->VE,BV-->VE,BV-->VE,BV-->VE,,,,,,,,,,,,,,,,,VE-->BV,VE-->BV,VE-->BV,VE-->BV,VE-->BV,VE-->BV,VE-->BV,VE-->BV,VE-->BV,VE-->BV,VE-->BV,VE-->BV,VE-->BV,VE-->BV,VE-->BV,VE-->BV,VE-->BV,VE-->BV,VE-->BV
BR,BRA,Brazil,Brasília,Americas,South America,,BR-->VE,BR-->VE,BR-->VE,BR-->VE,BR-->VE,BR-->VE,BR-->VE,BR-->VE,BR-->VE,BR-->VE,BR-->VE,BR-->VE,BR-->VE,BR-->VE,BR-->VE,BR-->VE,BR-->VE,BR-->VE,BR-->VE,,,,,,,,,,,,,,,,,VE-->BR,VE-->BR,VE-->BR,VE-->BR,VE-->BR,VE-->BR,VE-->BR,VE-->BR,VE-->BR,VE-->BR,VE-->BR,VE-->BR,VE-->BR,VE-->BR,VE-->BR,VE-->BR,VE-->BR,VE-->BR,VE-->BR
IO,IOT,British Indian Ocean Territory,Diego Garcia,Africa,Eastern Africa,,IO-->VE,IO-->VE,IO-->VE,IO-->VE,IO-->VE,IO-->VE,IO-->VE,IO-->VE,IO-->VE,IO-->VE,IO-->VE,IO-->VE,IO-->VE,IO-->VE,IO-->VE,IO-->VE,IO-->VE,IO-->VE,IO-->VE,,,,,,,,,,,,,,,,,VE-->IO,VE-->IO,VE-->IO,VE-->IO,VE-->IO,VE-->IO,VE-->IO,VE-->IO,VE-->IO,VE-->IO,VE-->IO,VE-->IO,VE-->IO,VE-->IO,VE-->IO,VE-->IO,VE-->IO,VE-->IO,VE-->IO
UM,UMI,United States Minor Outlying Islands,,Americas,Northern America,,UM-->VE,UM-->VE,UM-->VE,UM-->VE,UM-->VE,UM-->VE,UM-->VE,UM-->VE,UM-->VE,UM-->VE,UM-->VE,UM-->VE,UM-->VE,UM-->VE,UM-->VE,UM-->VE,UM-->VE,UM-->VE,UM-->VE,,,,,,,,,,,,,,,,,VE-->UM,VE-->UM,VE-->UM,VE-->UM,VE-->UM,VE-->UM,VE-->UM,VE-->UM,VE-->UM,VE-->UM,VE-->UM,VE-->UM,VE-->UM,VE-->UM,VE-->UM,VE-->UM,VE-->UM,VE-->UM,VE-->UM
VG,VGB,Virgin Islands (British),Road Town,Americas,Caribbean,,VG-->VE,VG-->VE,VG-->VE,VG-->VE,VG-->VE,VG-->VE,VG-->VE,VG-->VE,VG-->VE,VG-->VE,VG-->VE,VG-->VE,VG-->VE,VG-->VE,VG-->VE,VG-->VE,VG-->VE,VG-->VE,VG-->VE,,,,,,,,,,,,,,,,,VE-->VG,VE-->VG,VE-->VG,VE-->VG,VE-->VG,VE-->VG,VE-->VG,VE-->VG,VE-->VG,VE-->VG,VE-->VG,VE-->VG,VE-->VG,VE-->VG,VE-->VG,VE-->VG,VE-->VG,VE-->VG,VE-->VG
VI,VIR,Virgin Islands (U.S.),Charlotte Amalie,Americas,Caribbean,,VI-->VE,VI-->VE,VI-->VE,VI-->VE,VI-->VE,VI-->VE,VI-->VE,VI-->VE,VI-->VE,VI-->VE,VI-->VE,VI-->VE,VI-->VE,VI-->VE,VI-->VE,VI-->VE,VI-->VE,VI-->VE,VI-->VE,,,,,,,,,,,,,,,,,VE-->VI,VE-->VI,VE-->VI,VE-->VI,VE-->VI,VE-->VI,VE-->VI,VE-->VI,VE-->VI,VE-->VI,VE-->VI,VE-->VI,VE-->VI,VE-->VI,VE-->VI,VE-->VI,VE-->VI,VE-->VI,VE-->VI
BN,BRN,Brunei,Bandar Seri Begawan,Asia,South-Eastern Asia,,BN-->VE,BN-->VE,BN-->VE,BN-->VE,BN-->VE,BN-->VE,BN-->VE,BN-->VE,BN-->VE,BN-->VE,BN-->VE,BN-->VE,BN-->VE,BN-->VE,BN-->VE,BN-->VE,BN-->VE,BN-->VE,BN-->VE,,,,,,,,,,,,,,,,,VE-->BN,VE-->BN,VE-->BN,VE-->BN,VE-->BN,VE-->BN,VE-->BN,VE-->BN,VE-->BN,VE-->BN,VE-->BN,VE-->BN,VE-->BN,VE-->BN,VE-->BN,VE-->BN,VE-->BN,VE-->BN,VE-->BN
BG,BGR,Bulgaria,Sofia,Europe,Eastern Europe,,BG-->VE,BG-->VE,BG-->VE,BG-->VE,BG-->VE,BG-->VE,BG-->VE,BG-->VE,BG-->VE,BG-->VE,BG-->VE,BG-->VE,BG-->VE,BG-->VE,BG-->VE,BG-->VE,BG-->VE,BG-->VE,BG-->VE,,,,,,,,,,,,,,,,,VE-->BG,VE-->BG,VE-->BG,VE-->BG,VE-->BG,VE-->BG,VE-->BG,VE-->BG,VE-->BG,VE-->BG,VE-->BG,VE-->BG,VE-->BG,VE-->BG,VE-->BG,VE-->BG,VE-->BG,VE-->BG,VE-->BG
BF,BFA,Burkina Faso,Ouagadougou,Africa,Western Africa,,BF-->VE,BF-->VE,BF-->VE,BF-->VE,BF-->VE,BF-->VE,BF-->VE,BF-->VE,BF-->VE,BF-->VE,BF-->VE,BF-->VE,BF-->VE,BF-->VE,BF-->VE,BF-->VE,BF-->VE,BF-->VE,BF-->VE,,,,,,,,,,,,,,,,,VE-->BF,VE-->BF,VE-->BF,VE-->BF,VE-->BF,VE-->BF,VE-->BF,VE-->BF,VE-->BF,VE-->BF,VE-->BF,VE-->BF,VE-->BF,VE-->BF,VE-->BF,VE-->BF,VE-->BF,VE-->BF,VE-->BF
BI,BDI,Burundi,Bujumbura,Africa,Eastern Africa,,BI-->VE,BI-->VE,BI-->VE,BI-->VE,BI-->VE,BI-->VE,BI-->VE,BI-->VE,BI-->VE,BI-->VE,BI-->VE,BI-->VE,BI-->VE,BI-->VE,BI-->VE,BI-->VE,BI-->VE,BI-->VE,BI-->VE,,,,,,,,,,,,,,,,,VE-->BI,VE-->BI,VE-->BI,VE-->BI,VE-->BI,VE-->BI,VE-->BI,VE-->BI,VE-->BI,VE-->BI,VE-->BI,VE-->BI,VE-->BI,VE-->BI,VE-->BI,VE-->BI,VE-->BI,VE-->BI,VE-->BI
KH,KHM,Cambodia,Phnom Penh,Asia,South-Eastern Asia,,KH-->VE,KH-->VE,KH-->VE,KH-->VE,KH-->VE,KH-->VE,KH-->VE,KH-->VE,KH-->VE,KH-->VE,KH-->VE,KH-->VE,KH-->VE,KH-->VE,KH-->VE,KH-->VE,KH-->VE,KH-->VE,KH-->VE,,,,,,,,,,,,,,,,,VE-->KH,VE-->KH,VE-->KH,VE-->KH,VE-->KH,VE-->KH,VE-->KH,VE-->KH,VE-->KH,VE-->KH,VE-->KH,VE-->KH,VE-->KH,VE-->KH,VE-->KH,VE-->KH,VE-->KH,VE-->KH,VE-->KH
CM,CMR,Cameroon,Yaoundé,Africa,Middle Africa,,CM-->VE,CM-->VE,CM-->VE,CM-->VE,CM-->VE,CM-->VE,CM-->VE,CM-->VE,CM-->VE,CM-->VE,CM-->VE,CM-->VE,CM-->VE,CM-->VE,CM-->VE,CM-->VE,CM-->VE,CM-->VE,CM-->VE,,,,,,,,,,,,,,,,,VE-->CM,VE-->CM,VE-->CM,VE-->CM,VE-->CM,VE-->CM,VE-->CM,VE-->CM,VE-->CM,VE-->CM,VE-->CM,VE-->CM,VE-->CM,VE-->CM,VE-->CM,VE-->CM,VE-->CM,VE-->CM,VE-->CM
CA,CAN,Canada,Ottawa,Americas,Northern America,,CA-->VE,CA-->VE,CA-->VE,CA-->VE,CA-->VE,CA-->VE,CA-->VE,CA-->VE,CA-->VE,CA-->VE,CA-->VE,CA-->VE,CA-->VE,CA-->VE,CA-->VE,CA-->VE,CA-->VE,CA-->VE,CA-->VE,,,,,,,,,,,,,,,,,VE-->CA,VE-->CA,VE-->CA,VE-->CA,VE-->CA,VE-->CA,VE-->CA,VE-->CA,VE-->CA,VE-->CA,VE-->CA,VE-->CA,VE-->CA,VE-->CA,VE-->CA,VE-->CA,VE-->CA,VE-->CA,VE-->CA
CV,CPV,Cape Verde,Praia,Africa,Western Africa,,CV-->VE,CV-->VE,CV-->VE,CV-->VE,CV-->VE,CV-->VE,CV-->VE,CV-->VE,CV-->VE,CV-->VE,CV-->VE,CV-->VE,CV-->VE,CV-->VE,CV-->VE,CV-->VE,CV-->VE,CV-->VE,CV-->VE,,,,,,,,,,,,,,,,,VE-->CV,VE-->CV,VE-->CV,VE-->CV,VE-->CV,VE-->CV,VE-->CV,VE-->CV,VE-->CV,VE-->CV,VE-->CV,VE-->CV,VE-->CV,VE-->CV,VE-->CV,VE-->CV,VE-->CV,VE-->CV,VE-->CV
KY,CYM,Cayman Islands,George Town,Americas,Caribbean,,KY-->VE,KY-->VE,KY-->VE,KY-->VE,KY-->VE,KY-->VE,KY-->VE,KY-->VE,KY-->VE,KY-->VE,KY-->VE,KY-->VE,KY-->VE,KY-->VE,KY-->VE,KY-->VE,KY-->VE,KY-->VE,KY-->VE,,,,,,,,,,,,,,,,,VE-->KY,VE-->KY,VE-->KY,VE-->KY,VE-->KY,VE-->KY,VE-->KY,VE-->KY,VE-->KY,VE-->KY,VE-->KY,VE-->KY,VE-->KY,VE-->KY,VE-->KY,VE-->KY,VE-->KY,VE-->KY,VE-->KY
CF,CAF,Central African Republic,Bangui,Africa,Middle Africa,,CF-->VE,CF-->VE,CF-->VE,CF-->VE,CF-->VE,CF-->VE,CF-->VE,CF-->VE,CF-->VE,CF-->VE,CF-->VE,CF-->VE,CF-->VE,CF-->VE,CF-->VE,CF-->VE,CF-->VE,CF-->VE,CF-->VE,,,,,,,,,,,,,,,,,VE-->CF,VE-->CF,VE-->CF,VE-->CF,VE-->CF,VE-->CF,VE-->CF,VE-->CF,VE-->CF,VE-->CF,VE-->CF,VE-->CF,VE-->CF,VE-->CF,VE-->CF,VE-->CF,VE-->CF,VE-->CF,VE-->CF
TD,TCD,Chad,N'Djamena,Africa,Middle Africa,,TD-->VE,TD-->VE,TD-->VE,TD-->VE,TD-->VE,TD-->VE,TD-->VE,TD-->VE,TD-->VE,TD-->VE,TD-->VE,TD-->VE,TD-->VE,TD-->VE,TD-->VE,TD-->VE,TD-->VE,TD-->VE,TD-->VE,,,,,,,,,,,,,,,,,VE-->TD,VE-->TD,VE-->TD,VE-->TD,VE-->TD,VE-->TD,VE-->TD,VE-->TD,VE-->TD,VE-->TD,VE-->TD,VE-->TD,VE-->TD,VE-->TD,VE-->TD,VE-->TD,VE-->TD,VE-->TD,VE-->TD
CL,CHL,Chile,Santiago,Americas,South America,,CL-->VE,CL-->VE,CL-->VE,CL-->VE,CL-->VE,CL-->VE,CL-->VE,CL-->VE,CL-->VE,CL-->VE,CL-->VE,CL-->VE,CL-->VE,CL-->VE,CL-->VE,CL-->VE,CL-->VE,CL-->VE,CL-->VE,,,,,,,,,,,,,,,,,VE-->CL,VE-->CL,VE-->CL,VE-->CL,VE-->CL,VE-->CL,VE-->CL,VE-->CL,VE-->CL,VE-->CL,VE-->CL,VE-->CL,VE-->CL,VE-->CL,VE-->CL,VE-->CL,VE-->CL,VE-->CL,VE-->CL
CN,CHN,China,Beijing,Asia,Eastern Asia,,CN-->VE,CN-->VE,CN-->VE,CN-->VE,CN-->VE,CN-->VE,CN-->VE,CN-->VE,CN-->VE,CN-->VE,CN-->VE,CN-->VE,CN-->VE,CN-->VE,CN-->VE,CN-->VE,CN-->VE,CN-->VE,CN-->VE,,,,,,,,,,,,,,,,,VE-->CN,VE-->CN,VE-->CN,VE-->CN,VE-->CN,VE-->CN,VE-->CN,VE-->CN,VE-->CN,VE-->CN,VE-->CN,VE-->CN,VE-->CN,VE-->CN,VE-->CN,VE-->CN,VE-->CN,VE-->CN,VE-->CN
CX,CXR,Christmas Island,Flying Fish Cove,Oceania,Australia and New Zealand,,CX-->VE,CX-->VE,CX-->VE,CX-->VE,CX-->VE,CX-->VE,CX-->VE,CX-->VE,CX-->VE,CX-->VE,CX-->VE,CX-->VE,CX-->VE,CX-->VE,CX-->VE,CX-->VE,CX-->VE,CX-->VE,CX-->VE,,,,,,,,,,,,,,,,,VE-->CX,VE-->CX,VE-->CX,VE-->CX,VE-->CX,VE-->CX,VE-->CX,VE-->CX,VE-->CX,VE-->CX,VE-->CX,VE-->CX,VE-->CX,VE-->CX,VE-->CX,VE-->CX,VE-->CX,VE-->CX,VE-->CX
CC,CCK,Cocos (Keeling) Islands,West Island,Oceania,Australia and New Zealand,,CC-->VE,CC-->VE,CC-->VE,CC-->VE,CC-->VE,CC-->VE,CC-->VE,CC-->VE,CC-->VE,CC-->VE,CC-->VE,CC-->VE,CC-->VE,CC-->VE,CC-->VE,CC-->VE,CC-->VE,CC-->VE,CC-->VE,,,,,,,,,,,,,,,,,VE-->CC,VE-->CC,VE-->CC,VE-->CC,VE-->CC,VE-->CC,VE-->CC,VE-->CC,VE-->CC,VE-->CC,VE-->CC,VE-->CC,VE-->CC,VE-->CC,VE-->CC,VE-->CC,VE-->CC,VE-->CC,VE-->CC
CO,COL,Colombia,Bogotá,Americas,South America,,CO-->VE,CO-->VE,CO-->VE,CO-->VE,CO-->VE,CO-->VE,CO-->VE,CO-->VE,CO-->VE,CO-->VE,CO-->VE,CO-->VE,CO-->VE,CO-->VE,CO-->VE,CO-->VE,CO-->VE,CO-->VE,CO-->VE,,,,,,,,,,,,,,,,,VE-->CO,VE-->CO,VE-->CO,VE-->CO,VE-->CO,VE-->CO,VE-->CO,VE-->CO,VE-->CO,VE-->CO,VE-->CO,VE-->CO,VE-->CO,VE-->CO,VE-->CO,VE-->CO,VE-->CO,VE-->CO,VE-->CO
KM,COM,Comoros,Moroni,Africa,Eastern Africa,,KM-->VE,KM-->VE,KM-->VE,KM-->VE,KM-->VE,KM-->VE,KM-->VE,KM-->VE,KM-->VE,KM-->VE,KM-->VE,KM-->VE,KM-->VE,KM-->VE,KM-->VE,KM-->VE,KM-->VE,KM-->VE,KM-->VE,,,,,,,,,,,,,,,,,VE-->KM,VE-->KM,VE-->KM,VE-->KM,VE-->KM,VE-->KM,VE-->KM,VE-->KM,VE-->KM,VE-->KM,VE-->KM,VE-->KM,VE-->KM,VE-->KM,VE-->KM,VE-->KM,VE-->KM,VE-->KM,VE-->KM
CG,COG,Republic of the Congo,Brazzaville,Africa,Middle Africa,,CG-->VE,CG-->VE,CG-->VE,CG-->VE,CG-->VE,CG-->VE,CG-->VE,CG-->VE,CG-->VE,CG-->VE,CG-->VE,CG-->VE,CG-->VE,CG-->VE,CG-->VE,CG-->VE,CG-->VE,CG-->VE,CG-->VE,,,,,,,,,,,,,,,,,VE-->CG,VE-->CG,VE-->CG,VE-->CG,VE-->CG,VE-->CG,VE-->CG,VE-->CG,VE-->CG,VE-->CG,VE-->CG,VE-->CG,VE-->CG,VE-->CG,VE-->CG,VE-->CG,VE-->CG,VE-->CG,VE-->CG
CD,COD,Democratic Republic of the Congo,Kinshasa,Africa,Middle Africa,,CD-->VE,CD-->VE,CD-->VE,CD-->VE,CD-->VE,CD-->VE,CD-->VE,CD-->VE,CD-->VE,CD-->VE,CD-->VE,CD-->VE,CD-->VE,CD-->VE,CD-->VE,CD-->VE,CD-->VE,CD-->VE,CD-->VE,,,,,,,,,,,,,,,,,VE-->CD,VE-->CD,VE-->CD,VE-->CD,VE-->CD,VE-->CD,VE-->CD,VE-->CD,VE-->CD,VE-->CD,VE-->CD,VE-->CD,VE-->CD,VE-->CD,VE-->CD,VE-->CD,VE-->CD,VE-->CD,VE-->CD
CK,COK,Cook Islands,Avarua,Oceania,Polynesia,,CK-->VE,CK-->VE,CK-->VE,CK-->VE,CK-->VE,CK-->VE,CK-->VE,CK-->VE,CK-->VE,CK-->VE,CK-->VE,CK-->VE,CK-->VE,CK-->VE,CK-->VE,CK-->VE,CK-->VE,CK-->VE,CK-->VE,,,,,,,,,,,,,,,,,VE-->CK,VE-->CK,VE-->CK,VE-->CK,VE-->CK,VE-->CK,VE-->CK,VE-->CK,VE-->CK,VE-->CK,VE-->CK,VE-->CK,VE-->CK,VE-->CK,VE-->CK,VE-->CK,VE-->CK,VE-->CK,VE-->CK
CR,CRI,Costa Rica,San José,Americas,Central America,,CR-->VE,CR-->VE,CR-->VE,CR-->VE,CR-->VE,CR-->VE,CR-->VE,CR-->VE,CR-->VE,CR-->VE,CR-->VE,CR-->VE,CR-->VE,CR-->VE,CR-->VE,CR-->VE,CR-->VE,CR-->VE,CR-->VE,,,,,,,,,,,,,,,,,VE-->CR,VE-->CR,VE-->CR,VE-->CR,VE-->CR,VE-->CR,VE-->CR,VE-->CR,VE-->CR,VE-->CR,VE-->CR,VE-->CR,VE-->CR,VE-->CR,VE-->CR,VE-->CR,VE-->CR,VE-->CR,VE-->CR
HR,HRV,Croatia,Zagreb,Europe,Southern Europe,,HR-->VE,HR-->VE,HR-->VE,HR-->VE,HR-->VE,HR-->VE,HR-->VE,HR-->VE,HR-->VE,HR-->VE,HR-->VE,HR-->VE,HR-->VE,HR-->VE,HR-->VE,HR-->VE,HR-->VE,HR-->VE,HR-->VE,,,,,,,,,,,,,,,,,VE-->HR,VE-->HR,VE-->HR,VE-->HR,VE-->HR,VE-->HR,VE-->HR,VE-->HR,VE-->HR,VE-->HR,VE-->HR,VE-->HR,VE-->HR,VE-->HR,VE-->HR,VE-->HR,VE-->HR,VE-->HR,VE-->HR
CU,CUB,Cuba,Havana,Americas,Caribbean,,CU-->VE,CU-->VE,CU-->VE,CU-->VE,CU-->VE,CU-->VE,CU-->VE,CU-->VE,CU-->VE,CU-->VE,CU-->VE,CU-->VE,CU-->VE,CU-->VE,CU-->VE,CU-->VE,CU-->VE,CU-->VE,CU-->VE,,,,,,,,,,,,,,,,,VE-->CU,VE-->CU,VE-->CU,VE-->CU,VE-->CU,VE-->CU,VE-->CU,VE-->CU,VE-->CU,VE-->CU,VE-->CU,VE-->CU,VE-->CU,VE-->CU,VE-->CU,VE-->CU,VE-->CU,VE-->CU,VE-->CU
CW,CUW,Curaçao,Willemstad,Americas,Caribbean,,CW-->VE,CW-->VE,CW-->VE,CW-->VE,CW-->VE,CW-->VE,CW-->VE,CW-->VE,CW-->VE,CW-->VE,CW-->VE,CW-->VE,CW-->VE,CW-->VE,CW-->VE,CW-->VE,CW-->VE,CW-->VE,CW-->VE,,,,,,,,,,,,,,,,,VE-->CW,VE-->CW,VE-->CW,VE-->CW,VE-->CW,VE-->CW,VE-->CW,VE-->CW,VE-->CW,VE-->CW,VE-->CW,VE-->CW,VE-->CW,VE-->CW,VE-->CW,VE-->CW,VE-->CW,VE-->CW,VE-->CW
CY,CYP,Cyprus,Nicosia,Europe,Southern Europe,,CY-->VE,CY-->VE,CY-->VE,CY-->VE,CY-->VE,CY-->VE,CY-->VE,CY-->VE,CY-->VE,CY-->VE,CY-->VE,CY-->VE,CY-->VE,CY-->VE,CY-->VE,CY-->VE,CY-->VE,CY-->VE,CY-->VE,,,,,,,,,,,,,,,,,VE-->CY,VE-->CY,VE-->CY,VE-->CY,VE-->CY,VE-->CY,VE-->CY,VE-->CY,VE-->CY,VE-->CY,VE-->CY,VE-->CY,VE-->CY,VE-->CY,VE-->CY,VE-->CY,VE-->CY,VE-->CY,VE-->CY
CZ,CZE,Czech Republic,Prague,Europe,Eastern Europe,,CZ-->VE,CZ-->VE,CZ-->VE,CZ-->VE,CZ-->VE,CZ-->VE,CZ-->VE,CZ-->VE,CZ-->VE,CZ-->VE,CZ-->VE,CZ-->VE,CZ-->VE,CZ-->VE,CZ-->VE,CZ-->VE,CZ-->VE,CZ-->VE,CZ-->VE,,,,,,,,,,,,,,,,,VE-->CZ,VE-->CZ,VE-->CZ,VE-->CZ,VE-->CZ,VE-->CZ,VE-->CZ,VE-->CZ,VE-->CZ,VE-->CZ,VE-->CZ,VE-->CZ,VE-->CZ,VE-->CZ,VE-->CZ,VE-->CZ,VE-->CZ,VE-->CZ,VE-->CZ
DK,DNK,Denmark,Copenhagen,Europe,Northern Europe,,DK-->VE,DK-->VE,DK-->VE,DK-->VE,DK-->VE,DK-->VE,DK-->VE,DK-->VE,DK-->VE,DK-->VE,DK-->VE,DK-->VE,DK-->VE,DK-->VE,DK-->VE,DK-->VE,DK-->VE,DK-->VE,DK-->VE,,,,,,,,,,,,,,,,,VE-->DK,VE-->DK,VE-->DK,VE-->DK,VE-->DK,VE-->DK,VE-->DK,VE-->DK,VE-->DK,VE-->DK,VE-->DK,VE-->DK,VE-->DK,VE-->DK,VE-->DK,VE-->DK,VE-->DK,VE-->DK,VE-->DK
DJ,DJI,Djibouti,Djibouti,Africa,Eastern Africa,,DJ-->VE,DJ-->VE,DJ-->VE,DJ-->VE,DJ-->VE,DJ-->VE,DJ-->VE,DJ-->VE,DJ-->VE,DJ-->VE,DJ-->VE,DJ-->VE,DJ-->VE,DJ-->VE,DJ-->VE,DJ-->VE,DJ-->VE,DJ-->VE,DJ-->VE,,,,,,,,,,,,,,,,,VE-->DJ,VE-->DJ,VE-->DJ,VE-->DJ,VE-->DJ,VE-->DJ,VE-->DJ,VE-->DJ,VE-->DJ,VE-->DJ,VE-->DJ,VE-->DJ,VE-->DJ,VE-->DJ,VE-->DJ,VE-->DJ,VE-->DJ,VE-->DJ,VE-->DJ
DM,DMA,Dominica,Roseau,Americas,Caribbean,,DM-->VE,DM-->VE,DM-->VE,DM-->VE,DM-->VE,DM-->VE,DM-->VE,DM-->VE,DM-->VE,DM-->VE,DM-->VE,DM-->VE,DM-->VE,DM-->VE,DM-->VE,DM-->VE,DM-->VE,DM-->VE,DM-->VE,,,,,,,,,,,,,,,,,VE-->DM,VE-->DM,VE-->DM,VE-->DM,VE-->DM,VE-->DM,VE-->DM,VE-->DM,VE-->DM,VE-->DM,VE-->DM,VE-->DM,VE-->DM,VE-->DM,VE-->DM,VE-->DM,VE-->DM,VE-->DM,VE-->DM
DO,DOM,Dominican Republic,Santo Domingo,Americas,Caribbean,,DO-->VE,DO-->VE,DO-->VE,DO-->VE,DO-->VE,DO-->VE,DO-->VE,DO-->VE,DO-->VE,DO-->VE,DO-->VE,DO-->VE,DO-->VE,DO-->VE,DO-->VE,DO-->VE,DO-->VE,DO-->VE,DO-->VE,,,,,,,,,,,,,,,,,VE-->DO,VE-->DO,VE-->DO,VE-->DO,VE-->DO,VE-->DO,VE-->DO,VE-->DO,VE-->DO,VE-->DO,VE-->DO,VE-->DO,VE-->DO,VE-->DO,VE-->DO,VE-->DO,VE-->DO,VE-->DO,VE-->DO
EC,ECU,Ecuador,Quito,Americas,South America,,EC-->VE,EC-->VE,EC-->VE,EC-->VE,EC-->VE,EC-->VE,EC-->VE,EC-->VE,EC-->VE,EC-->VE,EC-->VE,EC-->VE,EC-->VE,EC-->VE,EC-->VE,EC-->VE,EC-->VE,EC-->VE,EC-->VE,,,,,,,,,,,,,,,,,VE-->EC,VE-->EC,VE-->EC,VE-->EC,VE-->EC,VE-->EC,VE-->EC,VE-->EC,VE-->EC,VE-->EC,VE-->EC,VE-->EC,VE-->EC,VE-->EC,VE-->EC,VE-->EC,VE-->EC,VE-->EC,VE-->EC
EG,EGY,Egypt,Cairo,Africa,Northern Africa,,EG-->VE,EG-->VE,EG-->VE,EG-->VE,EG-->VE,EG-->VE,EG-->VE,EG-->VE,EG-->VE,EG-->VE,EG-->VE,EG-->VE,EG-->VE,EG-->VE,EG-->VE,EG-->VE,EG-->VE,EG-->VE,EG-->VE,,,,,,,,,,,,,,,,,VE-->EG,VE-->EG,VE-->EG,VE-->EG,VE-->EG,VE-->EG,VE-->EG,VE-->EG,VE-->EG,VE-->EG,VE-->EG,VE-->EG,VE-->EG,VE-->EG,VE-->EG,VE-->EG,VE-->EG,VE-->EG,VE-->EG
SV,SLV,El Salvador,San Salvador,Americas,Central America,,SV-->VE,SV-->VE,SV-->VE,SV-->VE,SV-->VE,SV-->VE,SV-->VE,SV-->VE,SV-->VE,SV-->VE,SV-->VE,SV-->VE,SV-->VE,SV-->VE,SV-->VE,SV-->VE,SV-->VE,SV-->VE,SV-->VE,,,,,,,,,,,,,,,,,VE-->SV,VE-->SV,VE-->SV,VE-->SV,VE-->SV,VE-->SV,VE-->SV,VE-->SV,VE-->SV,VE-->SV,VE-->SV,VE-->SV,VE-->SV,VE-->SV,VE-->SV,VE-->SV,VE-->SV,VE-->SV,VE-->SV
GQ,GNQ,Equatorial Guinea,Malabo,Africa,Middle Africa,,GQ-->VE,GQ-->VE,GQ-->VE,GQ-->VE,GQ-->VE,GQ-->VE,GQ-->VE,GQ-->VE,GQ-->VE,GQ-->VE,GQ-->VE,GQ-->VE,GQ-->VE,GQ-->VE,GQ-->VE,GQ-->VE,GQ-->VE,GQ-->VE,GQ-->VE,,,,,,,,,,,,,,,,,VE-->GQ,VE-->GQ,VE-->GQ,VE-->GQ,VE-->GQ,VE-->GQ,VE-->GQ,VE-->GQ,VE-->GQ,VE-->GQ,VE-->GQ,VE-->GQ,VE-->GQ,VE-->GQ,VE-->GQ,VE-->GQ,VE-->GQ,VE-->GQ,VE-->GQ
ER,ERI,Eritrea,Asmara,Africa,Eastern Africa,,ER-->VE,ER-->VE,ER-->VE,ER-->VE,ER-->VE,ER-->VE,ER-->VE,ER-->VE,ER-->VE,ER-->VE,ER-->VE,ER-->VE,ER-->VE,ER-->VE,ER-->VE,ER-->VE,ER-->VE,ER-->VE,ER-->VE,,,,,,,,,,,,,,,,,VE-->ER,VE-->ER,VE-->ER,VE-->ER,VE-->ER,VE-->ER,VE-->ER,VE-->ER,VE-->ER,VE-->ER,VE-->ER,VE-->ER,VE-->ER,VE-->ER,VE-->ER,VE-->ER,VE-->ER,VE-->ER,VE-->ER
EE,EST,Estonia,Tallinn,Europe,Northern Europe,,EE-->VE,EE-->VE,EE-->VE,EE-->VE,EE-->VE,EE-->VE,EE-->VE,EE-->VE,EE-->VE,EE-->VE,EE-->VE,EE-->VE,EE-->VE,EE-->VE,EE-->VE,EE-->VE,EE-->VE,EE-->VE,EE-->VE,,,,,,,,,,,,,,,,,VE-->EE,VE-->EE,VE-->EE,VE-->EE,VE-->EE,VE-->EE,VE-->EE,VE-->EE,VE-->EE,VE-->EE,VE-->EE,VE-->EE,VE-->EE,VE-->EE,VE-->EE,VE-->EE,VE-->EE,VE-->EE,VE-->EE
ET,ETH,Ethiopia,Addis Ababa,Africa,Eastern Africa,,ET-->VE,ET-->VE,ET-->VE,ET-->VE,ET-->VE,ET-->VE,ET-->VE,ET-->VE,ET-->VE,ET-->VE,ET-->VE,ET-->VE,ET-->VE,ET-->VE,ET-->VE,ET-->VE,ET-->VE,ET-->VE,ET-->VE,,,,,,,,,,,,,,,,,VE-->ET,VE-->ET,VE-->ET,VE-->ET,VE-->ET,VE-->ET,VE-->ET,VE-->ET,VE-->ET,VE-->ET,VE-->ET,VE-->ET,VE-->ET,VE-->ET,VE-->ET,VE-->ET,VE-->ET,VE-->ET,VE-->ET
FK,FLK,Falkland Islands,Stanley,Americas,South America,,FK-->VE,FK-->VE,FK-->VE,FK-->VE,FK-->VE,FK-->VE,FK-->VE,FK-->VE,FK-->VE,FK-->VE,FK-->VE,FK-->VE,FK-->VE,FK-->VE,FK-->VE,FK-->VE,FK-->VE,FK-->VE,FK-->VE,,,,,,,,,,,,,,,,,VE-->FK,VE-->FK,VE-->FK,VE-->FK,VE-->FK,VE-->FK,VE-->FK,VE-->FK,VE-->FK,VE-->FK,VE-->FK,VE-->FK,VE-->FK,VE-->FK,VE-->FK,VE-->FK,VE-->FK,VE-->FK,VE-->FK
FO,FRO,Faroe Islands,Tórshavn,Europe,Northern Europe,,FO-->VE,FO-->VE,FO-->VE,FO-->VE,FO-->VE,FO-->VE,FO-->VE,FO-->VE,FO-->VE,FO-->VE,FO-->VE,FO-->VE,FO-->VE,FO-->VE,FO-->VE,FO-->VE,FO-->VE,FO-->VE,FO-->VE,,,,,,,,,,,,,,,,,VE-->FO,VE-->FO,VE-->FO,VE-->FO,VE-->FO,VE-->FO,VE-->FO,VE-->FO,VE-->FO,VE-->FO,VE-->FO,VE-->FO,VE-->FO,VE-->FO,VE-->FO,VE-->FO,VE-->FO,VE-->FO,VE-->FO
FJ,FJI,Fiji,Suva,Oceania,Melanesia,,FJ-->VE,FJ-->VE,FJ-->VE,FJ-->VE,FJ-->VE,FJ-->VE,FJ-->VE,FJ-->VE,FJ-->VE,FJ-->VE,FJ-->VE,FJ-->VE,FJ-->VE,FJ-->VE,FJ-->VE,FJ-->VE,FJ-->VE,FJ-->VE,FJ-->VE,,,,,,,,,,,,,,,,,VE-->FJ,VE-->FJ,VE-->FJ,VE-->FJ,VE-->FJ,VE-->FJ,VE-->FJ,VE-->FJ,VE-->FJ,VE-->FJ,VE-->FJ,VE-->FJ,VE-->FJ,VE-->FJ,VE-->FJ,VE-->FJ,VE-->FJ,VE-->FJ,VE-->FJ
FI,FIN,Finland,Helsinki,Europe,Northern Europe,,FI-->VE,FI-->VE,FI-->VE,FI-->VE,FI-->VE,FI-->VE,FI-->VE,FI-->VE,FI-->VE,FI-->VE,FI-->VE,FI-->VE,FI-->VE,FI-->VE,FI-->VE,FI-->VE,FI-->VE,FI-->VE,FI-->VE,,,,,,,,,,,,,,,,,VE-->FI,VE-->FI,VE-->FI,VE-->FI,VE-->FI,VE-->FI,VE-->FI,VE-->FI,VE-->FI,VE-->FI,VE-->FI,VE-->FI,VE-->FI,VE-->FI,VE-->FI,VE-->FI,VE-->FI,VE-->FI,VE-->FI
FR,FRA,France,Paris,Europe,Western Europe,,FR-->VE,FR-->VE,FR-->VE,FR-->VE,FR-->VE,FR-->VE,FR-->VE,FR-->VE,FR-->VE,FR-->VE,FR-->VE,FR-->VE,FR-->VE,FR-->VE,FR-->VE,FR-->VE,FR-->VE,FR-->VE,FR-->VE,,,,,,,,,,,,,,,,,VE-->FR,VE-->FR,VE-->FR,VE-->FR,VE-->FR,VE-->FR,VE-->FR,VE-->FR,VE-->FR,VE-->FR,VE-->FR,VE-->FR,VE-->FR,VE-->FR,VE-->FR,VE-->FR,VE-->FR,VE-->FR,VE-->FR
GF,GUF,French Guiana,Cayenne,Americas,South America,,GF-->VE,GF-->VE,GF-->VE,GF-->VE,GF-->VE,GF-->VE,GF-->VE,GF-->VE,GF-->VE,GF-->VE,GF-->VE,GF-->VE,GF-->VE,GF-->VE,GF-->VE,GF-->VE,GF-->VE,GF-->VE,GF-->VE,,,,,,,,,,,,,,,,,VE-->GF,VE-->GF,VE-->GF,VE-->GF,VE-->GF,VE-->GF,VE-->GF,VE-->GF,VE-->GF,VE-->GF,VE-->GF,VE-->GF,VE-->GF,VE-->GF,VE-->GF,VE-->GF,VE-->GF,VE-->GF,VE-->GF
PF,PYF,French Polynesia,Papeetē,Oceania,Polynesia,,PF-->VE,PF-->VE,PF-->VE,PF-->VE,PF-->VE,PF-->VE,PF-->VE,PF-->VE,PF-->VE,PF-->VE,PF-->VE,PF-->VE,PF-->VE,PF-->VE,PF-->VE,PF-->VE,PF-->VE,PF-->VE,PF-->VE,,,,,,,,,,,,,,,,,VE-->PF,VE-->PF,VE-->PF,VE-->PF,VE-->PF,VE-->PF,VE-->PF,VE-->PF,VE-->PF,VE-->PF,VE-->PF,VE-->PF,VE-->PF,VE-->PF,VE-->PF,VE-->PF,VE-->PF,VE-->PF,VE-->PF
TF,ATF,French Southern and Antarctic Lands,Port-aux-Français,Africa,Southern Africa,,TF-->VE,TF-->VE,TF-->VE,TF-->VE,TF-->VE,TF-->VE,TF-->VE,TF-->VE,TF-->VE,TF-->VE,TF-->VE,TF-->VE,TF-->VE,TF-->VE,TF-->VE,TF-->VE,TF-->VE,TF-->VE,TF-->VE,,,,,,,,,,,,,,,,,VE-->TF,VE-->TF,VE-->TF,VE-->TF,VE-->TF,VE-->TF,VE-->TF,VE-->TF,VE-->TF,VE-->TF,VE-->TF,VE-->TF,VE-->TF,VE-->TF,VE-->TF,VE-->TF,VE-->TF,VE-->TF,VE-->TF
GA,GAB,Gabon,Libreville,Africa,Middle Africa,,GA-->VE,GA-->VE,GA-->VE,GA-->VE,GA-->VE,GA-->VE,GA-->VE,GA-->VE,GA-->VE,GA-->VE,GA-->VE,GA-->VE,GA-->VE,GA-->VE,GA-->VE,GA-->VE,GA-->VE,GA-->VE,GA-->VE,,,,,,,,,,,,,,,,,VE-->GA,VE-->GA,VE-->GA,VE-->GA,VE-->GA,VE-->GA,VE-->GA,VE-->GA,VE-->GA,VE-->GA,VE-->GA,VE-->GA,VE-->GA,VE-->GA,VE-->GA,VE-->GA,VE-->GA,VE-->GA,VE-->GA
GM,GMB,The Gambia,Banjul,Africa,Western Africa,,GM-->VE,GM-->VE,GM-->VE,GM-->VE,GM-->VE,GM-->VE,GM-->VE,GM-->VE,GM-->VE,GM-->VE,GM-->VE,GM-->VE,GM-->VE,GM-->VE,GM-->VE,GM-->VE,GM-->VE,GM-->VE,GM-->VE,,,,,,,,,,,,,,,,,VE-->GM,VE-->GM,VE-->GM,VE-->GM,VE-->GM,VE-->GM,VE-->GM,VE-->GM,VE-->GM,VE-->GM,VE-->GM,VE-->GM,VE-->GM,VE-->GM,VE-->GM,VE-->GM,VE-->GM,VE-->GM,VE-->GM
GE,GEO,Georgia,Tbilisi,Asia,Western Asia,,GE-->VE,GE-->VE,GE-->VE,GE-->VE,GE-->VE,GE-->VE,GE-->VE,GE-->VE,GE-->VE,GE-->VE,GE-->VE,GE-->VE,GE-->VE,GE-->VE,GE-->VE,GE-->VE,GE-->VE,GE-->VE,GE-->VE,,,,,,,,,,,,,,,,,VE-->GE,VE-->GE,VE-->GE,VE-->GE,VE-->GE,VE-->GE,VE-->GE,VE-->GE,VE-->GE,VE-->GE,VE-->GE,VE-->GE,VE-->GE,VE-->GE,VE-->GE,VE-->GE,VE-->GE,VE-->GE,VE-->GE
DE,DEU,Germany,Berlin,Europe,Western Europe,,DE-->VE,DE-->VE,DE-->VE,DE-->VE,DE-->VE,DE-->VE,DE-->VE,DE-->VE,DE-->VE,DE-->VE,DE-->VE,DE-->VE,DE-->VE,DE-->VE,DE-->VE,DE-->VE,DE-->VE,DE-->VE,DE-->VE,,,,,,,,,,,,,,,,,VE-->DE,VE-->DE,VE-->DE,VE-->DE,VE-->DE,VE-->DE,VE-->DE,VE-->DE,VE-->DE,VE-->DE,VE-->DE,VE-->DE,VE-->DE,VE-->DE,VE-->DE,VE-->DE,VE-->DE,VE-->DE,VE-->DE
GH,GHA,Ghana,Accra,Africa,Western Africa,,GH-->VE,GH-->VE,GH-->VE,GH-->VE,GH-->VE,GH-->VE,GH-->VE,GH-->VE,GH-->VE,GH-->VE,GH-->VE,GH-->VE,GH-->VE,GH-->VE,GH-->VE,GH-->VE,GH-->VE,GH-->VE,GH-->VE,,,,,,,,,,,,,,,,,VE-->GH,VE-->GH,VE-->GH,VE-->GH,VE-->GH,VE-->GH,VE-->GH,VE-->GH,VE-->GH,VE-->GH,VE-->GH,VE-->GH,VE-->GH,VE-->GH,VE-->GH,VE-->GH,VE-->GH,VE-->GH,VE-->GH
GI,GIB,Gibraltar,Gibraltar,Europe,Southern Europe,,GI-->VE,GI-->VE,GI-->VE,GI-->VE,GI-->VE,GI-->VE,GI-->VE,GI-->VE,GI-->VE,GI-->VE,GI-->VE,GI-->VE,GI-->VE,GI-->VE,GI-->VE,GI-->VE,GI-->VE,GI-->VE,GI-->VE,,,,,,,,,,,,,,,,,VE-->GI,VE-->GI,VE-->GI,VE-->GI,VE-->GI,VE-->GI,VE-->GI,VE-->GI,VE-->GI,VE-->GI,VE-->GI,VE-->GI,VE-->GI,VE-->GI,VE-->GI,VE-->GI,VE-->GI,VE-->GI,VE-->GI
GR,GRC,Greece,Athens,Europe,Southern Europe,,GR-->VE,GR-->VE,GR-->VE,GR-->VE,GR-->VE,GR-->VE,GR-->VE,GR-->VE,GR-->VE,GR-->VE,GR-->VE,GR-->VE,GR-->VE,GR-->VE,GR-->VE,GR-->VE,GR-->VE,GR-->VE,GR-->VE,,,,,,,,,,,,,,,,,VE-->GR,VE-->GR,VE-->GR,VE-->GR,VE-->GR,VE-->GR,VE-->GR,VE-->GR,VE-->GR,VE-->GR,VE-->GR,VE-->GR,VE-->GR,VE-->GR,VE-->GR,VE-->GR,VE-->GR,VE-->GR,VE-->GR
GL,GRL,Greenland,Nuuk,Americas,Northern America,,GL-->VE,GL-->VE,GL-->VE,GL-->VE,GL-->VE,GL-->VE,GL-->VE,GL-->VE,GL-->VE,GL-->VE,GL-->VE,GL-->VE,GL-->VE,GL-->VE,GL-->VE,GL-->VE,GL-->VE,GL-->VE,GL-->VE,,,,,,,,,,,,,,,,,VE-->GL,VE-->GL,VE-->GL,VE-->GL,VE-->GL,VE-->GL,VE-->GL,VE-->GL,VE-->GL,VE-->GL,VE-->GL,VE-->GL,VE-->GL,VE-->GL,VE-->GL,VE-->GL,VE-->GL,VE-->GL,VE-->GL
GD,GRD,Grenada,St. George's,Americas,Caribbean,,GD-->VE,GD-->VE,GD-->VE,GD-->VE,GD-->VE,GD-->VE,GD-->VE,GD-->VE,GD-->VE,GD-->VE,GD-->VE,GD-->VE,GD-->VE,GD-->VE,GD-->VE,GD-->VE,GD-->VE,GD-->VE,GD-->VE,,,,,,,,,,,,,,,,,VE-->GD,VE-->GD,VE-->GD,VE-->GD,VE-->GD,VE-->GD,VE-->GD,VE-->GD,VE-->GD,VE-->GD,VE-->GD,VE-->GD,VE-->GD,VE-->GD,VE-->GD,VE-->GD,VE-->GD,VE-->GD,VE-->GD
GP,GLP,Guadeloupe,Basse-Terre,Americas,Caribbean,,GP-->VE,GP-->VE,GP-->VE,GP-->VE,GP-->VE,GP-->VE,GP-->VE,GP-->VE,GP-->VE,GP-->VE,GP-->VE,GP-->VE,GP-->VE,GP-->VE,GP-->VE,GP-->VE,GP-->VE,GP-->VE,GP-->VE,,,,,,,,,,,,,,,,,VE-->GP,VE-->GP,VE-->GP,VE-->GP,VE-->GP,VE-->GP,VE-->GP,VE-->GP,VE-->GP,VE-->GP,VE-->GP,VE-->GP,VE-->GP,VE-->GP,VE-->GP,VE-->GP,VE-->GP,VE-->GP,VE-->GP
GU,GUM,Guam,Hagåtña,Oceania,Micronesia,,GU-->VE,GU-->VE,GU-->VE,GU-->VE,GU-->VE,GU-->VE,GU-->VE,GU-->VE,GU-->VE,GU-->VE,GU-->VE,GU-->VE,GU-->VE,GU-->VE,GU-->VE,GU-->VE,GU-->VE,GU-->VE,GU-->VE,,,,,,,,,,,,,,,,,VE-->GU,VE-->GU,VE-->GU,VE-->GU,VE-->GU,VE-->GU,VE-->GU,VE-->GU,VE-->GU,VE-->GU,VE-->GU,VE-->GU,VE-->GU,VE-->GU,VE-->GU,VE-->GU,VE-->GU,VE-->GU,VE-->GU
GT,GTM,Guatemala,Guatemala City,Americas,Central America,,GT-->VE,GT-->VE,GT-->VE,GT-->VE,GT-->VE,GT-->VE,GT-->VE,GT-->VE,GT-->VE,GT-->VE,GT-->VE,GT-->VE,GT-->VE,GT-->VE,GT-->VE,GT-->VE,GT-->VE,GT-->VE,GT-->VE,,,,,,,,,,,,,,,,,VE-->GT,VE-->GT,VE-->GT,VE-->GT,VE-->GT,VE-->GT,VE-->GT,VE-->GT,VE-->GT,VE-->GT,VE-->GT,VE-->GT,VE-->GT,VE-->GT,VE-->GT,VE-->GT,VE-->GT,VE-->GT,VE-->GT
GG,GGY,Guernsey,St. Peter Port,Europe,Northern Europe,,GG-->VE,GG-->VE,GG-->VE,GG-->VE,GG-->VE,GG-->VE,GG-->VE,GG-->VE,GG-->VE,GG-->VE,GG-->VE,GG-->VE,GG-->VE,GG-->VE,GG-->VE,GG-->VE,GG-->VE,GG-->VE,GG-->VE,,,,,,,,,,,,,,,,,VE-->GG,VE-->GG,VE-->GG,VE-->GG,VE-->GG,VE-->GG,VE-->GG,VE-->GG,VE-->GG,VE-->GG,VE-->GG,VE-->GG,VE-->GG,VE-->GG,VE-->GG,VE-->GG,VE-->GG,VE-->GG,VE-->GG
GN,GIN,Guinea,Conakry,Africa,Western Africa,,GN-->VE,GN-->VE,GN-->VE,GN-->VE,GN-->VE,GN-->VE,GN-->VE,GN-->VE,GN-->VE,GN-->VE,GN-->VE,GN-->VE,GN-->VE,GN-->VE,GN-->VE,GN-->VE,GN-->VE,GN-->VE,GN-->VE,,,,,,,,,,,,,,,,,VE-->GN,VE-->GN,VE-->GN,VE-->GN,VE-->GN,VE-->GN,VE-->GN,VE-->GN,VE-->GN,VE-->GN,VE-->GN,VE-->GN,VE-->GN,VE-->GN,VE-->GN,VE-->GN,VE-->GN,VE-->GN,VE-->GN
GW,GNB,Guinea-Bissau,Bissau,Africa,Western Africa,,GW-->VE,GW-->VE,GW-->VE,GW-->VE,GW-->VE,GW-->VE,GW-->VE,GW-->VE,GW-->VE,GW-->VE,GW-->VE,GW-->VE,GW-->VE,GW-->VE,GW-->VE,GW-->VE,GW-->VE,GW-->VE,GW-->VE,,,,,,,,,,,,,,,,,VE-->GW,VE-->GW,VE-->GW,VE-->GW,VE-->GW,VE-->GW,VE-->GW,VE-->GW,VE-->GW,VE-->GW,VE-->GW,VE-->GW,VE-->GW,VE-->GW,VE-->GW,VE-->GW,VE-->GW,VE-->GW,VE-->GW
GY,GUY,Guyana,Georgetown,Americas,South America,,GY-->VE,GY-->VE,GY-->VE,GY-->VE,GY-->VE,GY-->VE,GY-->VE,GY-->VE,GY-->VE,GY-->VE,GY-->VE,GY-->VE,GY-->VE,GY-->VE,GY-->VE,GY-->VE,GY-->VE,GY-->VE,GY-->VE,,,,,,,,,,,,,,,,,VE-->GY,VE-->GY,VE-->GY,VE-->GY,VE-->GY,VE-->GY,VE-->GY,VE-->GY,VE-->GY,VE-->GY,VE-->GY,VE-->GY,VE-->GY,VE-->GY,VE-->GY,VE-->GY,VE-->GY,VE-->GY,VE-->GY
HT,HTI,Haiti,Port-au-Prince,Americas,Caribbean,,HT-->VE,HT-->VE,HT-->VE,HT-->VE,HT-->VE,HT-->VE,HT-->VE,HT-->VE,HT-->VE,HT-->VE,HT-->VE,HT-->VE,HT-->VE,HT-->VE,HT-->VE,HT-->VE,HT-->VE,HT-->VE,HT-->VE,,,,,,,,,,,,,,,,,VE-->HT,VE-->HT,VE-->HT,VE-->HT,VE-->HT,VE-->HT,VE-->HT,VE-->HT,VE-->HT,VE-->HT,VE-->HT,VE-->HT,VE-->HT,VE-->HT,VE-->HT,VE-->HT,VE-->HT,VE-->HT,VE-->HT
HM,HMD,Heard Island and McDonald Islands,,,,,HM-->VE,HM-->VE,HM-->VE,HM-->VE,HM-->VE,HM-->VE,HM-->VE,HM-->VE,HM-->VE,HM-->VE,HM-->VE,HM-->VE,HM-->VE,HM-->VE,HM-->VE,HM-->VE,HM-->VE,HM-->VE,HM-->VE,,,,,,,,,,,,,,,,,VE-->HM,VE-->HM,VE-->HM,VE-->HM,VE-->HM,VE-->HM,VE-->HM,VE-->HM,VE-->HM,VE-->HM,VE-->HM,VE-->HM,VE-->HM,VE-->HM,VE-->HM,VE-->HM,VE-->HM,VE-->HM,VE-->HM
VA,VAT,Holy See,Rome,Europe,Southern Europe,,VA-->VE,VA-->VE,VA-->VE,VA-->VE,VA-->VE,VA-->VE,VA-->VE,VA-->VE,VA-->VE,VA-->VE,VA-->VE,VA-->VE,VA-->VE,VA-->VE,VA-->VE,VA-->VE,VA-->VE,VA-->VE,VA-->VE,,,,,,,,,,,,,,,,,VE-->VA,VE-->VA,VE-->VA,VE-->VA,VE-->VA,VE-->VA,VE-->VA,VE-->VA,VE-->VA,VE-->VA,VE-->VA,VE-->VA,VE-->VA,VE-->VA,VE-->VA,VE-->VA,VE-->VA,VE-->VA,VE-->VA
HN,HND,Honduras,Tegucigalpa,Americas,Central America,,HN-->VE,HN-->VE,HN-->VE,HN-->VE,HN-->VE,HN-->VE,HN-->VE,HN-->VE,HN-->VE,HN-->VE,HN-->VE,HN-->VE,HN-->VE,HN-->VE,HN-->VE,HN-->VE,HN-->VE,HN-->VE,HN-->VE,,,,,,,,,,,,,,,,,VE-->HN,VE-->HN,VE-->HN,VE-->HN,VE-->HN,VE-->HN,VE-->HN,VE-->HN,VE-->HN,VE-->HN,VE-->HN,VE-->HN,VE-->HN,VE-->HN,VE-->HN,VE-->HN,VE-->HN,VE-->HN,VE-->HN
HK,HKG,Hong Kong,City of Victoria,Asia,Eastern Asia,,HK-->VE,HK-->VE,HK-->VE,HK-->VE,HK-->VE,HK-->VE,HK-->VE,HK-->VE,HK-->VE,HK-->VE,HK-->VE,HK-->VE,HK-->VE,HK-->VE,HK-->VE,HK-->VE,HK-->VE,HK-->VE,HK-->VE,,,,,,,,,,,,,,,,,VE-->HK,VE-->HK,VE-->HK,VE-->HK,VE-->HK,VE-->HK,VE-->HK,VE-->HK,VE-->HK,VE-->HK,VE-->HK,VE-->HK,VE-->HK,VE-->HK,VE-->HK,VE-->HK,VE-->HK,VE-->HK,VE-->HK
HU,HUN,Hungary,Budapest,Europe,Eastern Europe,,HU-->VE,HU-->VE,HU-->VE,HU-->VE,HU-->VE,HU-->VE,HU-->VE,HU-->VE,HU-->VE,HU-->VE,HU-->VE,HU-->VE,HU-->VE,HU-->VE,HU-->VE,HU-->VE,HU-->VE,HU-->VE,HU-->VE,,,,,,,,,,,,,,,,,VE-->HU,VE-->HU,VE-->HU,VE-->HU,VE-->HU,VE-->HU,VE-->HU,VE-->HU,VE-->HU,VE-->HU,VE-->HU,VE-->HU,VE-->HU,VE-->HU,VE-->HU,VE-->HU,VE-->HU,VE-->HU,VE-->HU
IS,ISL,Iceland,Reykjavík,Europe,Northern Europe,,IS-->VE,IS-->VE,IS-->VE,IS-->VE,IS-->VE,IS-->VE,IS-->VE,IS-->VE,IS-->VE,IS-->VE,IS-->VE,IS-->VE,IS-->VE,IS-->VE,IS-->VE,IS-->VE,IS-->VE,IS-->VE,IS-->VE,,,,,,,,,,,,,,,,,VE-->IS,VE-->IS,VE-->IS,VE-->IS,VE-->IS,VE-->IS,VE-->IS,VE-->IS,VE-->IS,VE-->IS,VE-->IS,VE-->IS,VE-->IS,VE-->IS,VE-->IS,VE-->IS,VE-->IS,VE-->IS,VE-->IS
IN,IND,India,New Delhi,Asia,Southern Asia,,IN-->VE,IN-->VE,IN-->VE,IN-->VE,IN-->VE,IN-->VE,IN-->VE,IN-->VE,IN-->VE,IN-->VE,IN-->VE,IN-->VE,IN-->VE,IN-->VE,IN-->VE,IN-->VE,IN-->VE,IN-->VE,IN-->VE,,,,,,,,,,,,,,,,,VE-->IN,VE-->IN,VE-->IN,VE-->IN,VE-->IN,VE-->IN,VE-->IN,VE-->IN,VE-->IN,VE-->IN,VE-->IN,VE-->IN,VE-->IN,VE-->IN,VE-->IN,VE-->IN,VE-->IN,VE-->IN,VE-->IN
ID,IDN,Indonesia,Jakarta,Asia,South-Eastern Asia,,ID-->VE,ID-->VE,ID-->VE,ID-->VE,ID-->VE,ID-->VE,ID-->VE,ID-->VE,ID-->VE,ID-->VE,ID-->VE,ID-->VE,ID-->VE,ID-->VE,ID-->VE,ID-->VE,ID-->VE,ID-->VE,ID-->VE,,,,,,,,,,,,,,,,,VE-->ID,VE-->ID,VE-->ID,VE-->ID,VE-->ID,VE-->ID,VE-->ID,VE-->ID,VE-->ID,VE-->ID,VE-->ID,VE-->ID,VE-->ID,VE-->ID,VE-->ID,VE-->ID,VE-->ID,VE-->ID,VE-->ID
CI,CIV,Ivory Coast,Yamoussoukro,Africa,Western Africa,,CI-->VE,CI-->VE,CI-->VE,CI-->VE,CI-->VE,CI-->VE,CI-->VE,CI-->VE,CI-->VE,CI-->VE,CI-->VE,CI-->VE,CI-->VE,CI-->VE,CI-->VE,CI-->VE,CI-->VE,CI-->VE,CI-->VE,,,,,,,,,,,,,,,,,VE-->CI,VE-->CI,VE-->CI,VE-->CI,VE-->CI,VE-->CI,VE-->CI,VE-->CI,VE-->CI,VE-->CI,VE-->CI,VE-->CI,VE-->CI,VE-->CI,VE-->CI,VE-->CI,VE-->CI,VE-->CI,VE-->CI
IR,IRN,Iran,Tehran,Asia,Southern Asia,,IR-->VE,IR-->VE,IR-->VE,IR-->VE,IR-->VE,IR-->VE,IR-->VE,IR-->VE,IR-->VE,IR-->VE,IR-->VE,IR-->VE,IR-->VE,IR-->VE,IR-->VE,IR-->VE,IR-->VE,IR-->VE,IR-->VE,,,,,,,,,,,,,,,,,VE-->IR,VE-->IR,VE-->IR,VE-->IR,VE-->IR,VE-->IR,VE-->IR,VE-->IR,VE-->IR,VE-->IR,VE-->IR,VE-->IR,VE-->IR,VE-->IR,VE-->IR,VE-->IR,VE-->IR,VE-->IR,VE-->IR
IQ,IRQ,Iraq,Baghdad,Asia,Western Asia,,IQ-->VE,IQ-->VE,IQ-->VE,IQ-->VE,IQ-->VE,IQ-->VE,IQ-->VE,IQ-->VE,IQ-->VE,IQ-->VE,IQ-->VE,IQ-->VE,IQ-->VE,IQ-->VE,IQ-->VE,IQ-->VE,IQ-->VE,IQ-->VE,IQ-->VE,,,,,,,,,,,,,,,,,VE-->IQ,VE-->IQ,VE-->IQ,VE-->IQ,VE-->IQ,VE-->IQ,VE-->IQ,VE-->IQ,VE-->IQ,VE-->IQ,VE-->IQ,VE-->IQ,VE-->IQ,VE-->IQ,VE-->IQ,VE-->IQ,VE-->IQ,VE-->IQ,VE-->IQ
IE,IRL,Republic of Ireland,Dublin,Europe,Northern Europe,,IE-->VE,IE-->VE,IE-->VE,IE-->VE,IE-->VE,IE-->VE,IE-->VE,IE-->VE,IE-->VE,IE-->VE,IE-->VE,IE-->VE,IE-->VE,IE-->VE,IE-->VE,IE-->VE,IE-->VE,IE-->VE,IE-->VE,,,,,,,,,,,,,,,,,VE-->IE,VE-->IE,VE-->IE,VE-->IE,VE-->IE,VE-->IE,VE-->IE,VE-->IE,VE-->IE,VE-->IE,VE-->IE,VE-->IE,VE-->IE,VE-->IE,VE-->IE,VE-->IE,VE-->IE,VE-->IE,VE-->IE
IM,IMN,Isle of Man,Douglas,Europe,Northern Europe,,IM-->VE,IM-->VE,IM-->VE,IM-->VE,IM-->VE,IM-->VE,IM-->VE,IM-->VE,IM-->VE,IM-->VE,IM-->VE,IM-->VE,IM-->VE,IM-->VE,IM-->VE,IM-->VE,IM-->VE,IM-->VE,IM-->VE,,,,,,,,,,,,,,,,,VE-->IM,VE-->IM,VE-->IM,VE-->IM,VE-->IM,VE-->IM,VE-->IM,VE-->IM,VE-->IM,VE-->IM,VE-->IM,VE-->IM,VE-->IM,VE-->IM,VE-->IM,VE-->IM,VE-->IM,VE-->IM,VE-->IM
IL,ISR,Israel,Jerusalem,Asia,Western Asia,,IL-->VE,IL-->VE,IL-->VE,IL-->VE,IL-->VE,IL-->VE,IL-->VE,IL-->VE,IL-->VE,IL-->VE,IL-->VE,IL-->VE,IL-->VE,IL-->VE,IL-->VE,IL-->VE,IL-->VE,IL-->VE,IL-->VE,,,,,,,,,,,,,,,,,VE-->IL,VE-->IL,VE-->IL,VE-->IL,VE-->IL,VE-->IL,VE-->IL,VE-->IL,VE-->IL,VE-->IL,VE-->IL,VE-->IL,VE-->IL,VE-->IL,VE-->IL,VE-->IL,VE-->IL,VE-->IL,VE-->IL
IT,ITA,Italy,Rome,Europe,Southern Europe,,IT-->VE,IT-->VE,IT-->VE,IT-->VE,IT-->VE,IT-->VE,IT-->VE,IT-->VE,IT-->VE,IT-->VE,IT-->VE,IT-->VE,IT-->VE,IT-->VE,IT-->VE,IT-->VE,IT-->VE,IT-->VE,IT-->VE,,,,,,,,,,,,,,,,,VE-->IT,VE-->IT,VE-->IT,VE-->IT,VE-->IT,VE-->IT,VE-->IT,VE-->IT,VE-->IT,VE-->IT,VE-->IT,VE-->IT,VE-->IT,VE-->IT,VE-->IT,VE-->IT,VE-->IT,VE-->IT,VE-->IT
JM,JAM,Jamaica,Kingston,Americas,Caribbean,,JM-->VE,JM-->VE,JM-->VE,JM-->VE,JM-->VE,JM-->VE,JM-->VE,JM-->VE,JM-->VE,JM-->VE,JM-->VE,JM-->VE,JM-->VE,JM-->VE,JM-->VE,JM-->VE,JM-->VE,JM-->VE,JM-->VE,,,,,,,,,,,,,,,,,VE-->JM,VE-->JM,VE-->JM,VE-->JM,VE-->JM,VE-->JM,VE-->JM,VE-->JM,VE-->JM,VE-->JM,VE-->JM,VE-->JM,VE-->JM,VE-->JM,VE-->JM,VE-->JM,VE-->JM,VE-->JM,VE-->JM
JP,JPN,Japan,Tokyo,Asia,Eastern Asia,,JP-->VE,JP-->VE,JP-->VE,JP-->VE,JP-->VE,JP-->VE,JP-->VE,JP-->VE,JP-->VE,JP-->VE,JP-->VE,JP-->VE,JP-->VE,JP-->VE,JP-->VE,JP-->VE,JP-->VE,JP-->VE,JP-->VE,,,,,,,,,,,,,,,,,VE-->JP,VE-->JP,VE-->JP,VE-->JP,VE-->JP,VE-->JP,VE-->JP,VE-->JP,VE-->JP,VE-->JP,VE-->JP,VE-->JP,VE-->JP,VE-->JP,VE-->JP,VE-->JP,VE-->JP,VE-->JP,VE-->JP
JE,JEY,Jersey,Saint Helier,Europe,Northern Europe,,JE-->VE,JE-->VE,JE-->VE,JE-->VE,JE-->VE,JE-->VE,JE-->VE,JE-->VE,JE-->VE,JE-->VE,JE-->VE,JE-->VE,JE-->VE,JE-->VE,JE-->VE,JE-->VE,JE-->VE,JE-->VE,JE-->VE,,,,,,,,,,,,,,,,,VE-->JE,VE-->JE,VE-->JE,VE-->JE,VE-->JE,VE-->JE,VE-->JE,VE-->JE,VE-->JE,VE-->JE,VE-->JE,VE-->JE,VE-->JE,VE-->JE,VE-->JE,VE-->JE,VE-->JE,VE-->JE,VE-->JE
JO,JOR,Jordan,Amman,Asia,Western Asia,,JO-->VE,JO-->VE,JO-->VE,JO-->VE,JO-->VE,JO-->VE,JO-->VE,JO-->VE,JO-->VE,JO-->VE,JO-->VE,JO-->VE,JO-->VE,JO-->VE,JO-->VE,JO-->VE,JO-->VE,JO-->VE,JO-->VE,,,,,,,,,,,,,,,,,VE-->JO,VE-->JO,VE-->JO,VE-->JO,VE-->JO,VE-->JO,VE-->JO,VE-->JO,VE-->JO,VE-->JO,VE-->JO,VE-->JO,VE-->JO,VE-->JO,VE-->JO,VE-->JO,VE-->JO,VE-->JO,VE-->JO
KZ,KAZ,Kazakhstan,Astana,Asia,Central Asia,,KZ-->VE,KZ-->VE,KZ-->VE,KZ-->VE,KZ-->VE,KZ-->VE,KZ-->VE,KZ-->VE,KZ-->VE,KZ-->VE,KZ-->VE,KZ-->VE,KZ-->VE,KZ-->VE,KZ-->VE,KZ-->VE,KZ-->VE,KZ-->VE,KZ-->VE,,,,,,,,,,,,,,,,,VE-->KZ,VE-->KZ,VE-->KZ,VE-->KZ,VE-->KZ,VE-->KZ,VE-->KZ,VE-->KZ,VE-->KZ,VE-->KZ,VE-->KZ,VE-->KZ,VE-->KZ,VE-->KZ,VE-->KZ,VE-->KZ,VE-->KZ,VE-->KZ,VE-->KZ
KE,KEN,Kenya,Nairobi,Africa,Eastern Africa,,KE-->VE,KE-->VE,KE-->VE,KE-->VE,KE-->VE,KE-->VE,KE-->VE,KE-->VE,KE-->VE,KE-->VE,KE-->VE,KE-->VE,KE-->VE,KE-->VE,KE-->VE,KE-->VE,KE-->VE,KE-->VE,KE-->VE,,,,,,,,,,,,,,,,,VE-->KE,VE-->KE,VE-->KE,VE-->KE,VE-->KE,VE-->KE,VE-->KE,VE-->KE,VE-->KE,VE-->KE,VE-->KE,VE-->KE,VE-->KE,VE-->KE,VE-->KE,VE-->KE,VE-->KE,VE-->KE,VE-->KE
KI,KIR,Kiribati,South Tarawa,Oceania,Micronesia,,KI-->VE,KI-->VE,KI-->VE,KI-->VE,KI-->VE,KI-->VE,KI-->VE,KI-->VE,KI-->VE,KI-->VE,KI-->VE,KI-->VE,KI-->VE,KI-->VE,KI-->VE,KI-->VE,KI-->VE,KI-->VE,KI-->VE,,,,,,,,,,,,,,,,,VE-->KI,VE-->KI,VE-->KI,VE-->KI,VE-->KI,VE-->KI,VE-->KI,VE-->KI,VE-->KI,VE-->KI,VE-->KI,VE-->KI,VE-->KI,VE-->KI,VE-->KI,VE-->KI,VE-->KI,VE-->KI,VE-->KI
KW,KWT,Kuwait,Kuwait City,Asia,Western Asia,,KW-->VE,KW-->VE,KW-->VE,KW-->VE,KW-->VE,KW-->VE,KW-->VE,KW-->VE,KW-->VE,KW-->VE,KW-->VE,KW-->VE,KW-->VE,KW-->VE,KW-->VE,KW-->VE,KW-->VE,KW-->VE,KW-->VE,,,,,,,,,,,,,,,,,VE-->KW,VE-->KW,VE-->KW,VE-->KW,VE-->KW,VE-->KW,VE-->KW,VE-->KW,VE-->KW,VE-->KW,VE-->KW,VE-->KW,VE-->KW,VE-->KW,VE-->KW,VE-->KW,VE-->KW,VE-->KW,VE-->KW
KG,KGZ,Kyrgyzstan,Bishkek,Asia,Central Asia,,KG-->VE,KG-->VE,KG-->VE,KG-->VE,KG-->VE,KG-->VE,KG-->VE,KG-->VE,KG-->VE,KG-->VE,KG-->VE,KG-->VE,KG-->VE,KG-->VE,KG-->VE,KG-->VE,KG-->VE,KG-->VE,KG-->VE,,,,,,,,,,,,,,,,,VE-->KG,VE-->KG,VE-->KG,VE-->KG,VE-->KG,VE-->KG,VE-->KG,VE-->KG,VE-->KG,VE-->KG,VE-->KG,VE-->KG,VE-->KG,VE-->KG,VE-->KG,VE-->KG,VE-->KG,VE-->KG,VE-->KG
LA,LAO,Laos,Vientiane,Asia,South-Eastern Asia,,LA-->VE,LA-->VE,LA-->VE,LA-->VE,LA-->VE,LA-->VE,LA-->VE,LA-->VE,LA-->VE,LA-->VE,LA-->VE,LA-->VE,LA-->VE,LA-->VE,LA-->VE,LA-->VE,LA-->VE,LA-->VE,LA-->VE,,,,,,,,,,,,,,,,,VE-->LA,VE-->LA,VE-->LA,VE-->LA,VE-->LA,VE-->LA,VE-->LA,VE-->LA,VE-->LA,VE-->LA,VE-->LA,VE-->LA,VE-->LA,VE-->LA,VE-->LA,VE-->LA,VE-->LA,VE-->LA,VE-->LA
LV,LVA,Latvia,Riga,Europe,Northern Europe,,LV-->VE,LV-->VE,LV-->VE,LV-->VE,LV-->VE,LV-->VE,LV-->VE,LV-->VE,LV-->VE,LV-->VE,LV-->VE,LV-->VE,LV-->VE,LV-->VE,LV-->VE,LV-->VE,LV-->VE,LV-->VE,LV-->VE,,,,,,,,,,,,,,,,,VE-->LV,VE-->LV,VE-->LV,VE-->LV,VE-->LV,VE-->LV,VE-->LV,VE-->LV,VE-->LV,VE-->LV,VE-->LV,VE-->LV,VE-->LV,VE-->LV,VE-->LV,VE-->LV,VE-->LV,VE-->LV,VE-->LV
LB,LBN,Lebanon,Beirut,Asia,Western Asia,,LB-->VE,LB-->VE,LB-->VE,LB-->VE,LB-->VE,LB-->VE,LB-->VE,LB-->VE,LB-->VE,LB-->VE,LB-->VE,LB-->VE,LB-->VE,LB-->VE,LB-->VE,LB-->VE,LB-->VE,LB-->VE,LB-->VE,,,,,,,,,,,,,,,,,VE-->LB,VE-->LB,VE-->LB,VE-->LB,VE-->LB,VE-->LB,VE-->LB,VE-->LB,VE-->LB,VE-->LB,VE-->LB,VE-->LB,VE-->LB,VE-->LB,VE-->LB,VE-->LB,VE-->LB,VE-->LB,VE-->LB
LS,LSO,Lesotho,Maseru,Africa,Southern Africa,,LS-->VE,LS-->VE,LS-->VE,LS-->VE,LS-->VE,LS-->VE,LS-->VE,LS-->VE,LS-->VE,LS-->VE,LS-->VE,LS-->VE,LS-->VE,LS-->VE,LS-->VE,LS-->VE,LS-->VE,LS-->VE,LS-->VE,,,,,,,,,,,,,,,,,VE-->LS,VE-->LS,VE-->LS,VE-->LS,VE-->LS,VE-->LS,VE-->LS,VE-->LS,VE-->LS,VE-->LS,VE-->LS,VE-->LS,VE-->LS,VE-->LS,VE-->LS,VE-->LS,VE-->LS,VE-->LS,VE-->LS
LR,LBR,Liberia,Monrovia,Africa,Western Africa,,LR-->VE,LR-->VE,LR-->VE,LR-->VE,LR-->VE,LR-->VE,LR-->VE,LR-->VE,LR-->VE,LR-->VE,LR-->VE,LR-->VE,LR-->VE,LR-->VE,LR-->VE,LR-->VE,LR-->VE,LR-->VE,LR-->VE,,,,,,,,,,,,,,,,,VE-->LR,VE-->LR,VE-->LR,VE-->LR,VE-->LR,VE-->LR,VE-->LR,VE-->LR,VE-->LR,VE-->LR,VE-->LR,VE-->LR,VE-->LR,VE-->LR,VE-->LR,VE-->LR,VE-->LR,VE-->LR,VE-->LR
LY,LBY,Libya,Tripoli,Africa,Northern Africa,,LY-->VE,LY-->VE,LY-->VE,LY-->VE,LY-->VE,LY-->VE,LY-->VE,LY-->VE,LY-->VE,LY-->VE,LY-->VE,LY-->VE,LY-->VE,LY-->VE,LY-->VE,LY-->VE,LY-->VE,LY-->VE,LY-->VE,,,,,,,,,,,,,,,,,VE-->LY,VE-->LY,VE-->LY,VE-->LY,VE-->LY,VE-->LY,VE-->LY,VE-->LY,VE-->LY,VE-->LY,VE-->LY,VE-->LY,VE-->LY,VE-->LY,VE-->LY,VE-->LY,VE-->LY,VE-->LY,VE-->LY
LI,LIE,Liechtenstein,Vaduz,Europe,Western Europe,,LI-->VE,LI-->VE,LI-->VE,LI-->VE,LI-->VE,LI-->VE,LI-->VE,LI-->VE,LI-->VE,LI-->VE,LI-->VE,LI-->VE,LI-->VE,LI-->VE,LI-->VE,LI-->VE,LI-->VE,LI-->VE,LI-->VE,,,,,,,,,,,,,,,,,VE-->LI,VE-->LI,VE-->LI,VE-->LI,VE-->LI,VE-->LI,VE-->LI,VE-->LI,VE-->LI,VE-->LI,VE-->LI,VE-->LI,VE-->LI,VE-->LI,VE-->LI,VE-->LI,VE-->LI,VE-->LI,VE-->LI
LT,LTU,Lithuania,Vilnius,Europe,Northern Europe,,LT-->VE,LT-->VE,LT-->VE,LT-->VE,LT-->VE,LT-->VE,LT-->VE,LT-->VE,LT-->VE,LT-->VE,LT-->VE,LT-->VE,LT-->VE,LT-->VE,LT-->VE,LT-->VE,LT-->VE,LT-->VE,LT-->VE,,,,,,,,,,,,,,,,,VE-->LT,VE-->LT,VE-->LT,VE-->LT,VE-->LT,VE-->LT,VE-->LT,VE-->LT,VE-->LT,VE-->LT,VE-->LT,VE-->LT,VE-->LT,VE-->LT,VE-->LT,VE-->LT,VE-->LT,VE-->LT,VE-->LT
LU,LUX,Luxembourg,Luxembourg,Europe,Western Europe,,LU-->VE,LU-->VE,LU-->VE,LU-->VE,LU-->VE,LU-->VE,LU-->VE,LU-->VE,LU-->VE,LU-->VE,LU-->VE,LU-->VE,LU-->VE,LU-->VE,LU-->VE,LU-->VE,LU-->VE,LU-->VE,LU-->VE,,,,,,,,,,,,,,,,,VE-->LU,VE-->LU,VE-->LU,VE-->LU,VE-->LU,VE-->LU,VE-->LU,VE-->LU,VE-->LU,VE-->LU,VE-->LU,VE-->LU,VE-->LU,VE-->LU,VE-->LU,VE-->LU,VE-->LU,VE-->LU,VE-->LU
MO,MAC,Macau,,Asia,Eastern Asia,,MO-->VE,MO-->VE,MO-->VE,MO-->VE,MO-->VE,MO-->VE,MO-->VE,MO-->VE,MO-->VE,MO-->VE,MO-->VE,MO-->VE,MO-->VE,MO-->VE,MO-->VE,MO-->VE,MO-->VE,MO-->VE,MO-->VE,,,,,,,,,,,,,,,,,VE-->MO,VE-->MO,VE-->MO,VE-->MO,VE-->MO,VE-->MO,VE-->MO,VE-->MO,VE-->MO,VE-->MO,VE-->MO,VE-->MO,VE-->MO,VE-->MO,VE-->MO,VE-->MO,VE-->MO,VE-->MO,VE-->MO
MK,MKD,Republic of Macedonia,Skopje,Europe,Southern Europe,,MK-->VE,MK-->VE,MK-->VE,MK-->VE,MK-->VE,MK-->VE,MK-->VE,MK-->VE,MK-->VE,MK-->VE,MK-->VE,MK-->VE,MK-->VE,MK-->VE,MK-->VE,MK-->VE,MK-->VE,MK-->VE,MK-->VE,,,,,,,,,,,,,,,,,VE-->MK,VE-->MK,VE-->MK,VE-->MK,VE-->MK,VE-->MK,VE-->MK,VE-->MK,VE-->MK,VE-->MK,VE-->MK,VE-->MK,VE-->MK,VE-->MK,VE-->MK,VE-->MK,VE-->MK,VE-->MK,VE-->MK
MG,MDG,Madagascar,Antananarivo,Africa,Eastern Africa,,MG-->VE,MG-->VE,MG-->VE,MG-->VE,MG-->VE,MG-->VE,MG-->VE,MG-->VE,MG-->VE,MG-->VE,MG-->VE,MG-->VE,MG-->VE,MG-->VE,MG-->VE,MG-->VE,MG-->VE,MG-->VE,MG-->VE,,,,,,,,,,,,,,,,,VE-->MG,VE-->MG,VE-->MG,VE-->MG,VE-->MG,VE-->MG,VE-->MG,VE-->MG,VE-->MG,VE-->MG,VE-->MG,VE-->MG,VE-->MG,VE-->MG,VE-->MG,VE-->MG,VE-->MG,VE-->MG,VE-->MG
MW,MWI,Malawi,Lilongwe,Africa,Eastern Africa,,MW-->VE,MW-->VE,MW-->VE,MW-->VE,MW-->VE,MW-->VE,MW-->VE,MW-->VE,MW-->VE,MW-->VE,MW-->VE,MW-->VE,MW-->VE,MW-->VE,MW-->VE,MW-->VE,MW-->VE,MW-->VE,MW-->VE,,,,,,,,,,,,,,,,,VE-->MW,VE-->MW,VE-->MW,VE-->MW,VE-->MW,VE-->MW,VE-->MW,VE-->MW,VE-->MW,VE-->MW,VE-->MW,VE-->MW,VE-->MW,VE-->MW,VE-->MW,VE-->MW,VE-->MW,VE-->MW,VE-->MW
MY,MYS,Malaysia,Kuala Lumpur,Asia,South-Eastern Asia,,MY-->VE,MY-->VE,MY-->VE,MY-->VE,MY-->VE,MY-->VE,MY-->VE,MY-->VE,MY-->VE,MY-->VE,MY-->VE,MY-->VE,MY-->VE,MY-->VE,MY-->VE,MY-->VE,MY-->VE,MY-->VE,MY-->VE,,,,,,,,,,,,,,,,,VE-->MY,VE-->MY,VE-->MY,VE-->MY,VE-->MY,VE-->MY,VE-->MY,VE-->MY,VE-->MY,VE-->MY,VE-->MY,VE-->MY,VE-->MY,VE-->MY,VE-->MY,VE-->MY,VE-->MY,VE-->MY,VE-->MY
MV,MDV,Maldives,Malé,Asia,Southern Asia,,MV-->VE,MV-->VE,MV-->VE,MV-->VE,MV-->VE,MV-->VE,MV-->VE,MV-->VE,MV-->VE,MV-->VE,MV-->VE,MV-->VE,MV-->VE,MV-->VE,MV-->VE,MV-->VE,MV-->VE,MV-->VE,MV-->VE,,,,,,,,,,,,,,,,,VE-->MV,VE-->MV,VE-->MV,VE-->MV,VE-->MV,VE-->MV,VE-->MV,VE-->MV,VE-->MV,VE-->MV,VE-->MV,VE-->MV,VE-->MV,VE-->MV,VE-->MV,VE-->MV,VE-->MV,VE-->MV,VE-->MV
ML,MLI,Mali,Bamako,Africa,Western Africa,,ML-->VE,ML-->VE,ML-->VE,ML-->VE,ML-->VE,ML-->VE,ML-->VE,ML-->VE,ML-->VE,ML-->VE,ML-->VE,ML-->VE,ML-->VE,ML-->VE,ML-->VE,ML-->VE,ML-->VE,ML-->VE,ML-->VE,,,,,,,,,,,,,,,,,VE-->ML,VE-->ML,VE-->ML,VE-->ML,VE-->ML,VE-->ML,VE-->ML,VE-->ML,VE-->ML,VE-->ML,VE-->ML,VE-->ML,VE-->ML,VE-->ML,VE-->ML,VE-->ML,VE-->ML,VE-->ML,VE-->ML
MT,MLT,Malta,Valletta,Europe,Southern Europe,,MT-->VE,MT-->VE,MT-->VE,MT-->VE,MT-->VE,MT-->VE,MT-->VE,MT-->VE,MT-->VE,MT-->VE,MT-->VE,MT-->VE,MT-->VE,MT-->VE,MT-->VE,MT-->VE,MT-->VE,MT-->VE,MT-->VE,,,,,,,,,,,,,,,,,VE-->MT,VE-->MT,VE-->MT,VE-->MT,VE-->MT,VE-->MT,VE-->MT,VE-->MT,VE-->MT,VE-->MT,VE-->MT,VE-->MT,VE-->MT,VE-->MT,VE-->MT,VE-->MT,VE-->MT,VE-->MT,VE-->MT
MH,MHL,Marshall Islands,Majuro,Oceania,Micronesia,,MH-->VE,MH-->VE,MH-->VE,MH-->VE,MH-->VE,MH-->VE,MH-->VE,MH-->VE,MH-->VE,MH-->VE,MH-->VE,MH-->VE,MH-->VE,MH-->VE,MH-->VE,MH-->VE,MH-->VE,MH-->VE,MH-->VE,,,,,,,,,,,,,,,,,VE-->MH,VE-->MH,VE-->MH,VE-->MH,VE-->MH,VE-->MH,VE-->MH,VE-->MH,VE-->MH,VE-->MH,VE-->MH,VE-->MH,VE-->MH,VE-->MH,VE-->MH,VE-->MH,VE-->MH,VE-->MH,VE-->MH
MQ,MTQ,Martinique,Fort-de-France,Americas,Caribbean,,MQ-->VE,MQ-->VE,MQ-->VE,MQ-->VE,MQ-->VE,MQ-->VE,MQ-->VE,MQ-->VE,MQ-->VE,MQ-->VE,MQ-->VE,MQ-->VE,MQ-->VE,MQ-->VE,MQ-->VE,MQ-->VE,MQ-->VE,MQ-->VE,MQ-->VE,,,,,,,,,,,,,,,,,VE-->MQ,VE-->MQ,VE-->MQ,VE-->MQ,VE-->MQ,VE-->MQ,VE-->MQ,VE-->MQ,VE-->MQ,VE-->MQ,VE-->MQ,VE-->MQ,VE-->MQ,VE-->MQ,VE-->MQ,VE-->MQ,VE-->MQ,VE-->MQ,VE-->MQ
MR,MRT,Mauritania,Nouakchott,Africa,Western Africa,,MR-->VE,MR-->VE,MR-->VE,MR-->VE,MR-->VE,MR-->VE,MR-->VE,MR-->VE,MR-->VE,MR-->VE,MR-->VE,MR-->VE,MR-->VE,MR-->VE,MR-->VE,MR-->VE,MR-->VE,MR-->VE,MR-->VE,0.0,,,,,,,,,,,,,,,,VE-->MR,VE-->MR,VE-->MR,VE-->MR,VE-->MR,VE-->MR,VE-->MR,VE-->MR,VE-->MR,VE-->MR,VE-->MR,VE-->MR,VE-->MR,VE-->MR,VE-->MR,VE-->MR,VE-->MR,VE-->MR,VE-->MR
MU,MUS,Mauritius,Port Louis,Africa,Eastern Africa,,MU-->VE,MU-->VE,MU-->VE,MU-->VE,MU-->VE,MU-->VE,MU-->VE,MU-->VE,MU-->VE,MU-->VE,MU-->VE,MU-->VE,MU-->VE,MU-->VE,MU-->VE,MU-->VE,MU-->VE,MU-->VE,MU-->VE,,,,,,,,,,,,,,,,,VE-->MU,VE-->MU,VE-->MU,VE-->MU,VE-->MU,VE-->MU,VE-->MU,VE-->MU,VE-->MU,VE-->MU,VE-->MU,VE-->MU,VE-->MU,VE-->MU,VE-->MU,VE-->MU,VE-->MU,VE-->MU,VE-->MU
YT,MYT,Mayotte,Mamoudzou,Africa,Eastern Africa,,YT-->VE,YT-->VE,YT-->VE,YT-->VE,YT-->VE,YT-->VE,YT-->VE,YT-->VE,YT-->VE,YT-->VE,YT-->VE,YT-->VE,YT-->VE,YT-->VE,YT-->VE,YT-->VE,YT-->VE,YT-->VE,YT-->VE,,,,,,,,,,,,,,,,,VE-->YT,VE-->YT,VE-->YT,VE-->YT,VE-->YT,VE-->YT,VE-->YT,VE-->YT,VE-->YT,VE-->YT,VE-->YT,VE-->YT,VE-->YT,VE-->YT,VE-->YT,VE-->YT,VE-->YT,VE-->YT,VE-->YT
MX,MEX,Mexico,Mexico City,Americas,Central America,,MX-->VE,MX-->VE,MX-->VE,MX-->VE,MX-->VE,MX-->VE,MX-->VE,MX-->VE,MX-->VE,MX-->VE,MX-->VE,MX-->VE,MX-->VE,MX-->VE,MX-->VE,MX-->VE,MX-->VE,MX-->VE,MX-->VE,,,,,,,,,,,,,,,,,VE-->MX,VE-->MX,VE-->MX,VE-->MX,VE-->MX,VE-->MX,VE-->MX,VE-->MX,VE-->MX,VE-->MX,VE-->MX,VE-->MX,VE-->MX,VE-->MX,VE-->MX,VE-->MX,VE-->MX,VE-->MX,VE-->MX
FM,FSM,Federated States of Micronesia,Palikir,Oceania,Micronesia,,FM-->VE,FM-->VE,FM-->VE,FM-->VE,FM-->VE,FM-->VE,FM-->VE,FM-->VE,FM-->VE,FM-->VE,FM-->VE,FM-->VE,FM-->VE,FM-->VE,FM-->VE,FM-->VE,FM-->VE,FM-->VE,FM-->VE,,,,,,,,,,,,,,,,,VE-->FM,VE-->FM,VE-->FM,VE-->FM,VE-->FM,VE-->FM,VE-->FM,VE-->FM,VE-->FM,VE-->FM,VE-->FM,VE-->FM,VE-->FM,VE-->FM,VE-->FM,VE-->FM,VE-->FM,VE-->FM,VE-->FM
MD,MDA,Moldova,Chișinău,Europe,Eastern Europe,,MD-->VE,MD-->VE,MD-->VE,MD-->VE,MD-->VE,MD-->VE,MD-->VE,MD-->VE,MD-->VE,MD-->VE,MD-->VE,MD-->VE,MD-->VE,MD-->VE,MD-->VE,MD-->VE,MD-->VE,MD-->VE,MD-->VE,,,,,,,,,,,,,,,,,VE-->MD,VE-->MD,VE-->MD,VE-->MD,VE-->MD,VE-->MD,VE-->MD,VE-->MD,VE-->MD,VE-->MD,VE-->MD,VE-->MD,VE-->MD,VE-->MD,VE-->MD,VE-->MD,VE-->MD,VE-->MD,VE-->MD
MC,MCO,Monaco,Monaco,Europe,Western Europe,,MC-->VE,MC-->VE,MC-->VE,MC-->VE,MC-->VE,MC-->VE,MC-->VE,MC-->VE,MC-->VE,MC-->VE,MC-->VE,MC-->VE,MC-->VE,MC-->VE,MC-->VE,MC-->VE,MC-->VE,MC-->VE,MC-->VE,,,,,,,,,,,,,,,,,VE-->MC,VE-->MC,VE-->MC,VE-->MC,VE-->MC,VE-->MC,VE-->MC,VE-->MC,VE-->MC,VE-->MC,VE-->MC,VE-->MC,VE-->MC,VE-->MC,VE-->MC,VE-->MC,VE-->MC,VE-->MC,VE-->MC
MN,MNG,Mongolia,Ulan Bator,Asia,Eastern Asia,,MN-->VE,MN-->VE,MN-->VE,MN-->VE,MN-->VE,MN-->VE,MN-->VE,MN-->VE,MN-->VE,MN-->VE,MN-->VE,MN-->VE,MN-->VE,MN-->VE,MN-->VE,MN-->VE,MN-->VE,MN-->VE,MN-->VE,,,,,,,,,,,,,,,,,VE-->MN,VE-->MN,VE-->MN,VE-->MN,VE-->MN,VE-->MN,VE-->MN,VE-->MN,VE-->MN,VE-->MN,VE-->MN,VE-->MN,VE-->MN,VE-->MN,VE-->MN,VE-->MN,VE-->MN,VE-->MN,VE-->MN
ME,MNE,Montenegro,Podgorica,Europe,Southern Europe,,ME-->VE,ME-->VE,ME-->VE,ME-->VE,ME-->VE,ME-->VE,ME-->VE,ME-->VE,ME-->VE,ME-->VE,ME-->VE,ME-->VE,ME-->VE,ME-->VE,ME-->VE,ME-->VE,ME-->VE,ME-->VE,ME-->VE,,,,,,,,,,,,,,,,,VE-->ME,VE-->ME,VE-->ME,VE-->ME,VE-->ME,VE-->ME,VE-->ME,VE-->ME,VE-->ME,VE-->ME,VE-->ME,VE-->ME,VE-->ME,VE-->ME,VE-->ME,VE-->ME,VE-->ME,VE-->ME,VE-->ME
MS,MSR,Montserrat,Plymouth,Americas,Caribbean,,MS-->VE,MS-->VE,MS-->VE,MS-->VE,MS-->VE,MS-->VE,MS-->VE,MS-->VE,MS-->VE,MS-->VE,MS-->VE,MS-->VE,MS-->VE,MS-->VE,MS-->VE,MS-->VE,MS-->VE,MS-->VE,MS-->VE,,,,,,,,,,,,,,,,,VE-->MS,VE-->MS,VE-->MS,VE-->MS,VE-->MS,VE-->MS,VE-->MS,VE-->MS,VE-->MS,VE-->MS,VE-->MS,VE-->MS,VE-->MS,VE-->MS,VE-->MS,VE-->MS,VE-->MS,VE-->MS,VE-->MS
MA,MAR,Morocco,Rabat,Africa,Northern Africa,,MA-->VE,MA-->VE,MA-->VE,MA-->VE,MA-->VE,MA-->VE,MA-->VE,MA-->VE,MA-->VE,MA-->VE,MA-->VE,MA-->VE,MA-->VE,MA-->VE,MA-->VE,MA-->VE,MA-->VE,MA-->VE,MA-->VE,,,,,,,,,,,,,,,,,VE-->MA,VE-->MA,VE-->MA,VE-->MA,VE-->MA,VE-->MA,VE-->MA,VE-->MA,VE-->MA,VE-->MA,VE-->MA,VE-->MA,VE-->MA,VE-->MA,VE-->MA,VE-->MA,VE-->MA,VE-->MA,VE-->MA
MZ,MOZ,Mozambique,Maputo,Africa,Eastern Africa,,MZ-->VE,MZ-->VE,MZ-->VE,MZ-->VE,MZ-->VE,MZ-->VE,MZ-->VE,MZ-->VE,MZ-->VE,MZ-->VE,MZ-->VE,MZ-->VE,MZ-->VE,MZ-->VE,MZ-->VE,MZ-->VE,MZ-->VE,MZ-->VE,MZ-->VE,,,,,,,,,,,,,,,,,VE-->MZ,VE-->MZ,VE-->MZ,VE-->MZ,VE-->MZ,VE-->MZ,VE-->MZ,VE-->MZ,VE-->MZ,VE-->MZ,VE-->MZ,VE-->MZ,VE-->MZ,VE-->MZ,VE-->MZ,VE-->MZ,VE-->MZ,VE-->MZ,VE-->MZ
MM,MMR,Myanmar,Naypyidaw,Asia,South-Eastern Asia,,MM-->VE,MM-->VE,MM-->VE,MM-->VE,MM-->VE,MM-->VE,MM-->VE,MM-->VE,MM-->VE,MM-->VE,MM-->VE,MM-->VE,MM-->VE,MM-->VE,MM-->VE,MM-->VE,MM-->VE,MM-->VE,MM-->VE,,,,,,,,,,,,,,,,,VE-->MM,VE-->MM,VE-->MM,VE-->MM,VE-->MM,VE-->MM,VE-->MM,VE-->MM,VE-->MM,VE-->MM,VE-->MM,VE-->MM,VE-->MM,VE-->MM,VE-->MM,VE-->MM,VE-->MM,VE-->MM,VE-->MM
,NAM,Namibia,Windhoek,Africa,Southern Africa,,NA-->VE,NA-->VE,NA-->VE,NA-->VE,NA-->VE,NA-->VE,NA-->VE,NA-->VE,NA-->VE,NA-->VE,NA-->VE,NA-->VE,NA-->VE,NA-->VE,NA-->VE,NA-->VE,NA-->VE,NA-->VE,NA-->VE,,,,,,,,,,,,,,,,,VE-->NA,VE-->NA,VE-->NA,VE-->NA,VE-->NA,VE-->NA,VE-->NA,VE-->NA,VE-->NA,VE-->NA,VE-->NA,VE-->NA,VE-->NA,VE-->NA,VE-->NA,VE-->NA,VE-->NA,VE-->NA,VE-->NA
NR,NRU,Nauru,Yaren,Oceania,Micronesia,,NR-->VE,NR-->VE,NR-->VE,NR-->VE,NR-->VE,NR-->VE,NR-->VE,NR-->VE,NR-->VE,NR-->VE,NR-->VE,NR-->VE,NR-->VE,NR-->VE,NR-->VE,NR-->VE,NR-->VE,NR-->VE,NR-->VE,,,,,,,,,,,,,,,,,VE-->NR,VE-->NR,VE-->NR,VE-->NR,VE-->NR,VE-->NR,VE-->NR,VE-->NR,VE-->NR,VE-->NR,VE-->NR,VE-->NR,VE-->NR,VE-->NR,VE-->NR,VE-->NR,VE-->NR,VE-->NR,VE-->NR
NP,NPL,Nepal,Kathmandu,Asia,Southern Asia,,NP-->VE,NP-->VE,NP-->VE,NP-->VE,NP-->VE,NP-->VE,NP-->VE,NP-->VE,NP-->VE,NP-->VE,NP-->VE,NP-->VE,NP-->VE,NP-->VE,NP-->VE,NP-->VE,NP-->VE,NP-->VE,NP-->VE,,,,,,,,,,,,,,,,,VE-->NP,VE-->NP,VE-->NP,VE-->NP,VE-->NP,VE-->NP,VE-->NP,VE-->NP,VE-->NP,VE-->NP,VE-->NP,VE-->NP,VE-->NP,VE-->NP,VE-->NP,VE-->NP,VE-->NP,VE-->NP,VE-->NP
NL,NLD,Netherlands,Amsterdam,Europe,Western Europe,,NL-->VE,NL-->VE,NL-->VE,NL-->VE,NL-->VE,NL-->VE,NL-->VE,NL-->VE,NL-->VE,NL-->VE,NL-->VE,NL-->VE,NL-->VE,NL-->VE,NL-->VE,NL-->VE,NL-->VE,NL-->VE,NL-->VE,,,,,,,,,,,,,,,,,VE-->NL,VE-->NL,VE-->NL,VE-->NL,VE-->NL,VE-->NL,VE-->NL,VE-->NL,VE-->NL,VE-->NL,VE-->NL,VE-->NL,VE-->NL,VE-->NL,VE-->NL,VE-->NL,VE-->NL,VE-->NL,VE-->NL
NC,NCL,New Caledonia,Nouméa,Oceania,Melanesia,,NC-->VE,NC-->VE,NC-->VE,NC-->VE,NC-->VE,NC-->VE,NC-->VE,NC-->VE,NC-->VE,NC-->VE,NC-->VE,NC-->VE,NC-->VE,NC-->VE,NC-->VE,NC-->VE,NC-->VE,NC-->VE,NC-->VE,,,,,,,,,,,,,,,,,VE-->NC,VE-->NC,VE-->NC,VE-->NC,VE-->NC,VE-->NC,VE-->NC,VE-->NC,VE-->NC,VE-->NC,VE-->NC,VE-->NC,VE-->NC,VE-->NC,VE-->NC,VE-->NC,VE-->NC,VE-->NC,VE-->NC
NZ,NZL,New Zealand,Wellington,Oceania,Australia and New Zealand,,NZ-->VE,NZ-->VE,NZ-->VE,NZ-->VE,NZ-->VE,NZ-->VE,NZ-->VE,NZ-->VE,NZ-->VE,NZ-->VE,NZ-->VE,NZ-->VE,NZ-->VE,NZ-->VE,NZ-->VE,NZ-->VE,NZ-->VE,NZ-->VE,NZ-->VE,,,,,,,,,,,,,,,,,VE-->NZ,VE-->NZ,VE-->NZ,VE-->NZ,VE-->NZ,VE-->NZ,VE-->NZ,VE-->NZ,VE-->NZ,VE-->NZ,VE-->NZ,VE-->NZ,VE-->NZ,VE-->NZ,VE-->NZ,VE-->NZ,VE-->NZ,VE-->NZ,VE-->NZ
NI,NIC,Nicaragua,Managua,Americas,Central America,,NI-->VE,NI-->VE,NI-->VE,NI-->VE,NI-->VE,NI-->VE,NI-->VE,NI-->VE,NI-->VE,NI-->VE,NI-->VE,NI-->VE,NI-->VE,NI-->VE,NI-->VE,NI-->VE,NI-->VE,NI-->VE,NI-->VE,,,,,,,,,,,,,,,,,VE-->NI,VE-->NI,VE-->NI,VE-->NI,VE-->NI,VE-->NI,VE-->NI,VE-->NI,VE-->NI,VE-->NI,VE-->NI,VE-->NI,VE-->NI,VE-->NI,VE-->NI,VE-->NI,VE-->NI,VE-->NI,VE-->NI
NE,NER,Niger,Niamey,Africa,Western Africa,,NE-->VE,NE-->VE,NE-->VE,NE-->VE,NE-->VE,NE-->VE,NE-->VE,NE-->VE,NE-->VE,NE-->VE,NE-->VE,NE-->VE,NE-->VE,NE-->VE,NE-->VE,NE-->VE,NE-->VE,NE-->VE,NE-->VE,,,,,,,,,,,,,,,,,VE-->NE,VE-->NE,VE-->NE,VE-->NE,VE-->NE,VE-->NE,VE-->NE,VE-->NE,VE-->NE,VE-->NE,VE-->NE,VE-->NE,VE-->NE,VE-->NE,VE-->NE,VE-->NE,VE-->NE,VE-->NE,VE-->NE
NG,NGA,Nigeria,Abuja,Africa,Western Africa,,NG-->VE,NG-->VE,NG-->VE,NG-->VE,NG-->VE,NG-->VE,NG-->VE,NG-->VE,NG-->VE,NG-->VE,NG-->VE,NG-->VE,NG-->VE,NG-->VE,NG-->VE,NG-->VE,NG-->VE,NG-->VE,NG-->VE,,,,,,,,,,,,,,,,,VE-->NG,VE-->NG,VE-->NG,VE-->NG,VE-->NG,VE-->NG,VE-->NG,VE-->NG,VE-->NG,VE-->NG,VE-->NG,VE-->NG,VE-->NG,VE-->NG,VE-->NG,VE-->NG,VE-->NG,VE-->NG,VE-->NG
NU,NIU,Niue,Alofi,Oceania,Polynesia,,NU-->VE,NU-->VE,NU-->VE,NU-->VE,NU-->VE,NU-->VE,NU-->VE,NU-->VE,NU-->VE,NU-->VE,NU-->VE,NU-->VE,NU-->VE,NU-->VE,NU-->VE,NU-->VE,NU-->VE,NU-->VE,NU-->VE,,,,,,,,,,,,,,,,,VE-->NU,VE-->NU,VE-->NU,VE-->NU,VE-->NU,VE-->NU,VE-->NU,VE-->NU,VE-->NU,VE-->NU,VE-->NU,VE-->NU,VE-->NU,VE-->NU,VE-->NU,VE-->NU,VE-->NU,VE-->NU,VE-->NU
NF,NFK,Norfolk Island,Kingston,Oceania,Australia and New Zealand,,NF-->VE,NF-->VE,NF-->VE,NF-->VE,NF-->VE,NF-->VE,NF-->VE,NF-->VE,NF-->VE,NF-->VE,NF-->VE,NF-->VE,NF-->VE,NF-->VE,NF-->VE,NF-->VE,NF-->VE,NF-->VE,NF-->VE,,,,,,,,,,,,,,,,,VE-->NF,VE-->NF,VE-->NF,VE-->NF,VE-->NF,VE-->NF,VE-->NF,VE-->NF,VE-->NF,VE-->NF,VE-->NF,VE-->NF,VE-->NF,VE-->NF,VE-->NF,VE-->NF,VE-->NF,VE-->NF,VE-->NF
KP,PRK,North Korea,Pyongyang,Asia,Eastern Asia,,KP-->VE,KP-->VE,KP-->VE,KP-->VE,KP-->VE,KP-->VE,KP-->VE,KP-->VE,KP-->VE,KP-->VE,KP-->VE,KP-->VE,KP-->VE,KP-->VE,KP-->VE,KP-->VE,KP-->VE,KP-->VE,KP-->VE,,,,,,,,,,,,,,,,,VE-->KP,VE-->KP,VE-->KP,VE-->KP,VE-->KP,VE-->KP,VE-->KP,VE-->KP,VE-->KP,VE-->KP,VE-->KP,VE-->KP,VE-->KP,VE-->KP,VE-->KP,VE-->KP,VE-->KP,VE-->KP,VE-->KP
MP,MNP,Northern Mariana Islands,Saipan,Oceania,Micronesia,,MP-->VE,MP-->VE,MP-->VE,MP-->VE,MP-->VE,MP-->VE,MP-->VE,MP-->VE,MP-->VE,MP-->VE,MP-->VE,MP-->VE,MP-->VE,MP-->VE,MP-->VE,MP-->VE,MP-->VE,MP-->VE,MP-->VE,,,,,,,,,,,,,,,,,VE-->MP,VE-->MP,VE-->MP,VE-->MP,VE-->MP,VE-->MP,VE-->MP,VE-->MP,VE-->MP,VE-->MP,VE-->MP,VE-->MP,VE-->MP,VE-->MP,VE-->MP,VE-->MP,VE-->MP,VE-->MP,VE-->MP
NO,NOR,Norway,Oslo,Europe,Northern Europe,,NO-->VE,NO-->VE,NO-->VE,NO-->VE,NO-->VE,NO-->VE,NO-->VE,NO-->VE,NO-->VE,NO-->VE,NO-->VE,NO-->VE,NO-->VE,NO-->VE,NO-->VE,NO-->VE,NO-->VE,NO-->VE,NO-->VE,,,,,,,,,,,,,,,,,VE-->NO,VE-->NO,VE-->NO,VE-->NO,VE-->NO,VE-->NO,VE-->NO,VE-->NO,VE-->NO,VE-->NO,VE-->NO,VE-->NO,VE-->NO,VE-->NO,VE-->NO,VE-->NO,VE-->NO,VE-->NO,VE-->NO
OM,OMN,Oman,Muscat,Asia,Western Asia,,OM-->VE,OM-->VE,OM-->VE,OM-->VE,OM-->VE,OM-->VE,OM-->VE,OM-->VE,OM-->VE,OM-->VE,OM-->VE,OM-->VE,OM-->VE,OM-->VE,OM-->VE,OM-->VE,OM-->VE,OM-->VE,OM-->VE,,,,,,,,,,,,,,,,,VE-->OM,VE-->OM,VE-->OM,VE-->OM,VE-->OM,VE-->OM,VE-->OM,VE-->OM,VE-->OM,VE-->OM,VE-->OM,VE-->OM,VE-->OM,VE-->OM,VE-->OM,VE-->OM,VE-->OM,VE-->OM,VE-->OM
PK,PAK,Pakistan,Islamabad,Asia,Southern Asia,,PK-->VE,PK-->VE,PK-->VE,PK-->VE,PK-->VE,PK-->VE,PK-->VE,PK-->VE,PK-->VE,PK-->VE,PK-->VE,PK-->VE,PK-->VE,PK-->VE,PK-->VE,PK-->VE,PK-->VE,PK-->VE,PK-->VE,,,,,,,,,,,,,,,,,VE-->PK,VE-->PK,VE-->PK,VE-->PK,VE-->PK,VE-->PK,VE-->PK,VE-->PK,VE-->PK,VE-->PK,VE-->PK,VE-->PK,VE-->PK,VE-->PK,VE-->PK,VE-->PK,VE-->PK,VE-->PK,VE-->PK
PW,PLW,Palau,Ngerulmud,Oceania,Micronesia,,PW-->VE,PW-->VE,PW-->VE,PW-->VE,PW-->VE,PW-->VE,PW-->VE,PW-->VE,PW-->VE,PW-->VE,PW-->VE,PW-->VE,PW-->VE,PW-->VE,PW-->VE,PW-->VE,PW-->VE,PW-->VE,PW-->VE,,,,,,,,,,,,,,,,,VE-->PW,VE-->PW,VE-->PW,VE-->PW,VE-->PW,VE-->PW,VE-->PW,VE-->PW,VE-->PW,VE-->PW,VE-->PW,VE-->PW,VE-->PW,VE-->PW,VE-->PW,VE-->PW,VE-->PW,VE-->PW,VE-->PW
PS,PSE,Palestine,Ramallah,Asia,Western Asia,,PS-->VE,PS-->VE,PS-->VE,PS-->VE,PS-->VE,PS-->VE,PS-->VE,PS-->VE,PS-->VE,PS-->VE,PS-->VE,PS-->VE,PS-->VE,PS-->VE,PS-->VE,PS-->VE,PS-->VE,PS-->VE,PS-->VE,,,,,,,,,,,,,,,,,VE-->PS,VE-->PS,VE-->PS,VE-->PS,VE-->PS,VE-->PS,VE-->PS,VE-->PS,VE-->PS,VE-->PS,VE-->PS,VE-->PS,VE-->PS,VE-->PS,VE-->PS,VE-->PS,VE-->PS,VE-->PS,VE-->PS
PA,PAN,Panama,Panama City,Americas,Central America,,PA-->VE,PA-->VE,PA-->VE,PA-->VE,PA-->VE,PA-->VE,PA-->VE,PA-->VE,PA-->VE,PA-->VE,PA-->VE,PA-->VE,PA-->VE,PA-->VE,PA-->VE,PA-->VE,PA-->VE,PA-->VE,PA-->VE,,,,,,,,,,,,,,,,,VE-->PA,VE-->PA,VE-->PA,VE-->PA,VE-->PA,VE-->PA,VE-->PA,VE-->PA,VE-->PA,VE-->PA,VE-->PA,VE-->PA,VE-->PA,VE-->PA,VE-->PA,VE-->PA,VE-->PA,VE-->PA,VE-->PA
PG,PNG,Papua New Guinea,Port Moresby,Oceania,Melanesia,,PG-->VE,PG-->VE,PG-->VE,PG-->VE,PG-->VE,PG-->VE,PG-->VE,PG-->VE,PG-->VE,PG-->VE,PG-->VE,PG-->VE,PG-->VE,PG-->VE,PG-->VE,PG-->VE,PG-->VE,PG-->VE,PG-->VE,,,,,,,,,,,,,,,,,VE-->PG,VE-->PG,VE-->PG,VE-->PG,VE-->PG,VE-->PG,VE-->PG,VE-->PG,VE-->PG,VE-->PG,VE-->PG,VE-->PG,VE-->PG,VE-->PG,VE-->PG,VE-->PG,VE-->PG,VE-->PG,VE-->PG
PY,PRY,Paraguay,Asunción,Americas,South America,,PY-->VE,PY-->VE,PY-->VE,PY-->VE,PY-->VE,PY-->VE,PY-->VE,PY-->VE,PY-->VE,PY-->VE,PY-->VE,PY-->VE,PY-->VE,PY-->VE,PY-->VE,PY-->VE,PY-->VE,PY-->VE,PY-->VE,,,,,,,,,,,,,,,,,VE-->PY,VE-->PY,VE-->PY,VE-->PY,VE-->PY,VE-->PY,VE-->PY,VE-->PY,VE-->PY,VE-->PY,VE-->PY,VE-->PY,VE-->PY,VE-->PY,VE-->PY,VE-->PY,VE-->PY,VE-->PY,VE-->PY
PE,PER,Peru,Lima,Americas,South America,,PE-->VE,PE-->VE,PE-->VE,PE-->VE,PE-->VE,PE-->VE,PE-->VE,PE-->VE,PE-->VE,PE-->VE,PE-->VE,PE-->VE,PE-->VE,PE-->VE,PE-->VE,PE-->VE,PE-->VE,PE-->VE,PE-->VE,,,,,,,,,,,,,,,,,VE-->PE,VE-->PE,VE-->PE,VE-->PE,VE-->PE,VE-->PE,VE-->PE,VE-->PE,VE-->PE,VE-->PE,VE-->PE,VE-->PE,VE-->PE,VE-->PE,VE-->PE,VE-->PE,VE-->PE,VE-->PE,VE-->PE
PH,PHL,Philippines,Manila,Asia,South-Eastern Asia,,PH-->VE,PH-->VE,PH-->VE,PH-->VE,PH-->VE,PH-->VE,PH-->VE,PH-->VE,PH-->VE,PH-->VE,PH-->VE,PH-->VE,PH-->VE,PH-->VE,PH-->VE,PH-->VE,PH-->VE,PH-->VE,PH-->VE,,,,,,,,,,,,,,,,,VE-->PH,VE-->PH,VE-->PH,VE-->PH,VE-->PH,VE-->PH,VE-->PH,VE-->PH,VE-->PH,VE-->PH,VE-->PH,VE-->PH,VE-->PH,VE-->PH,VE-->PH,VE-->PH,VE-->PH,VE-->PH,VE-->PH
PN,PCN,Pitcairn Islands,Adamstown,Oceania,Polynesia,,PN-->VE,PN-->VE,PN-->VE,PN-->VE,PN-->VE,PN-->VE,PN-->VE,PN-->VE,PN-->VE,PN-->VE,PN-->VE,PN-->VE,PN-->VE,PN-->VE,PN-->VE,PN-->VE,PN-->VE,PN-->VE,PN-->VE,,,,,,,,,,,,,,,,,VE-->PN,VE-->PN,VE-->PN,VE-->PN,VE-->PN,VE-->PN,VE-->PN,VE-->PN,VE-->PN,VE-->PN,VE-->PN,VE-->PN,VE-->PN,VE-->PN,VE-->PN,VE-->PN,VE-->PN,VE-->PN,VE-->PN
PL,POL,Poland,Warsaw,Europe,Eastern Europe,,PL-->VE,PL-->VE,PL-->VE,PL-->VE,PL-->VE,PL-->VE,PL-->VE,PL-->VE,PL-->VE,PL-->VE,PL-->VE,PL-->VE,PL-->VE,PL-->VE,PL-->VE,PL-->VE,PL-->VE,PL-->VE,PL-->VE,,,,,,,,,,,,,,,,,VE-->PL,VE-->PL,VE-->PL,VE-->PL,VE-->PL,VE-->PL,VE-->PL,VE-->PL,VE-->PL,VE-->PL,VE-->PL,VE-->PL,VE-->PL,VE-->PL,VE-->PL,VE-->PL,VE-->PL,VE-->PL,VE-->PL
PT,PRT,Portugal,Lisbon,Europe,Southern Europe,,PT-->VE,PT-->VE,PT-->VE,PT-->VE,PT-->VE,PT-->VE,PT-->VE,PT-->VE,PT-->VE,PT-->VE,PT-->VE,PT-->VE,PT-->VE,PT-->VE,PT-->VE,PT-->VE,PT-->VE,PT-->VE,PT-->VE,,,,,,,,,,,,,,,,,VE-->PT,VE-->PT,VE-->PT,VE-->PT,VE-->PT,VE-->PT,VE-->PT,VE-->PT,VE-->PT,VE-->PT,VE-->PT,VE-->PT,VE-->PT,VE-->PT,VE-->PT,VE-->PT,VE-->PT,VE-->PT,VE-->PT
PR,PRI,Puerto Rico,San Juan,Americas,Caribbean,,PR-->VE,PR-->VE,PR-->VE,PR-->VE,PR-->VE,PR-->VE,PR-->VE,PR-->VE,PR-->VE,PR-->VE,PR-->VE,PR-->VE,PR-->VE,PR-->VE,PR-->VE,PR-->VE,PR-->VE,PR-->VE,PR-->VE,,,,,,,,,,,,,,,,,VE-->PR,VE-->PR,VE-->PR,VE-->PR,VE-->PR,VE-->PR,VE-->PR,VE-->PR,VE-->PR,VE-->PR,VE-->PR,VE-->PR,VE-->PR,VE-->PR,VE-->PR,VE-->PR,VE-->PR,VE-->PR,VE-->PR
QA,QAT,Qatar,Doha,Asia,Western Asia,,QA-->VE,QA-->VE,QA-->VE,QA-->VE,QA-->VE,QA-->VE,QA-->VE,QA-->VE,QA-->VE,QA-->VE,QA-->VE,QA-->VE,QA-->VE,QA-->VE,QA-->VE,QA-->VE,QA-->VE,QA-->VE,QA-->VE,,,,,,,,,,,,,,,,,VE-->QA,VE-->QA,VE-->QA,VE-->QA,VE-->QA,VE-->QA,VE-->QA,VE-->QA,VE-->QA,VE-->QA,VE-->QA,VE-->QA,VE-->QA,VE-->QA,VE-->QA,VE-->QA,VE-->QA,VE-->QA,VE-->QA
XK,KOS,Republic of Kosovo,Pristina,Europe,Eastern Europe,,XK-->VE,XK-->VE,XK-->VE,XK-->VE,XK-->VE,XK-->VE,XK-->VE,XK-->VE,XK-->VE,XK-->VE,XK-->VE,XK-->VE,XK-->VE,XK-->VE,XK-->VE,XK-->VE,XK-->VE,XK-->VE,XK-->VE,,,,,,,,,,,,,,,,,VE-->XK,VE-->XK,VE-->XK,VE-->XK,VE-->XK,VE-->XK,VE-->XK,VE-->XK,VE-->XK,VE-->XK,VE-->XK,VE-->XK,VE-->XK,VE-->XK,VE-->XK,VE-->XK,VE-->XK,VE-->XK,VE-->XK
RE,REU,Réunion,Saint-Denis,Africa,Eastern Africa,,RE-->VE,RE-->VE,RE-->VE,RE-->VE,RE-->VE,RE-->VE,RE-->VE,RE-->VE,RE-->VE,RE-->VE,RE-->VE,RE-->VE,RE-->VE,RE-->VE,RE-->VE,RE-->VE,RE-->VE,RE-->VE,RE-->VE,,,,,,,,,,,,,,,,,VE-->RE,VE-->RE,VE-->RE,VE-->RE,VE-->RE,VE-->RE,VE-->RE,VE-->RE,VE-->RE,VE-->RE,VE-->RE,VE-->RE,VE-->RE,VE-->RE,VE-->RE,VE-->RE,VE-->RE,VE-->RE,VE-->RE
RO,ROU,Romania,Bucharest,Europe,Eastern Europe,,RO-->VE,RO-->VE,RO-->VE,RO-->VE,RO-->VE,RO-->VE,RO-->VE,RO-->VE,RO-->VE,RO-->VE,RO-->VE,RO-->VE,RO-->VE,RO-->VE,RO-->VE,RO-->VE,RO-->VE,RO-->VE,RO-->VE,,,,,,,,,,,,,,,,,VE-->RO,VE-->RO,VE-->RO,VE-->RO,VE-->RO,VE-->RO,VE-->RO,VE-->RO,VE-->RO,VE-->RO,VE-->RO,VE-->RO,VE-->RO,VE-->RO,VE-->RO,VE-->RO,VE-->RO,VE-->RO,VE-->RO
RU,RUS,Russia,Moscow,Europe,Eastern Europe,,RU-->VE,RU-->VE,RU-->VE,RU-->VE,RU-->VE,RU-->VE,RU-->VE,RU-->VE,RU-->VE,RU-->VE,RU-->VE,RU-->VE,RU-->VE,RU-->VE,RU-->VE,RU-->VE,RU-->VE,RU-->VE,RU-->VE,,,,,,,,,,,,,,,,,VE-->RU,VE-->RU,VE-->RU,VE-->RU,VE-->RU,VE-->RU,VE-->RU,VE-->RU,VE-->RU,VE-->RU,VE-->RU,VE-->RU,VE-->RU,VE-->RU,VE-->RU,VE-->RU,VE-->RU,VE-->RU,VE-->RU
RW,RWA,Rwanda,Kigali,Africa,Eastern Africa,,RW-->VE,RW-->VE,RW-->VE,RW-->VE,RW-->VE,RW-->VE,RW-->VE,RW-->VE,RW-->VE,RW-->VE,RW-->VE,RW-->VE,RW-->VE,RW-->VE,RW-->VE,RW-->VE,RW-->VE,RW-->VE,RW-->VE,,,,,,,,,,,,,,,,,VE-->RW,VE-->RW,VE-->RW,VE-->RW,VE-->RW,VE-->RW,VE-->RW,VE-->RW,VE-->RW,VE-->RW,VE-->RW,VE-->RW,VE-->RW,VE-->RW,VE-->RW,VE-->RW,VE-->RW,VE-->RW,VE-->RW
BL,BLM,Saint Barthélemy,Gustavia,Americas,Caribbean,,BL-->VE,BL-->VE,BL-->VE,BL-->VE,BL-->VE,BL-->VE,BL-->VE,BL-->VE,BL-->VE,BL-->VE,BL-->VE,BL-->VE,BL-->VE,BL-->VE,BL-->VE,BL-->VE,BL-->VE,BL-->VE,BL-->VE,,,,,,,,,,,,,,,,,VE-->BL,VE-->BL,VE-->BL,VE-->BL,VE-->BL,VE-->BL,VE-->BL,VE-->BL,VE-->BL,VE-->BL,VE-->BL,VE-->BL,VE-->BL,VE-->BL,VE-->BL,VE-->BL,VE-->BL,VE-->BL,VE-->BL
SH,SHN,Saint Helena,Jamestown,Africa,Western Africa,,SH-->VE,SH-->VE,SH-->VE,SH-->VE,SH-->VE,SH-->VE,SH-->VE,SH-->VE,SH-->VE,SH-->VE,SH-->VE,SH-->VE,SH-->VE,SH-->VE,SH-->VE,SH-->VE,SH-->VE,SH-->VE,SH-->VE,,,,,,,,,,,,,,,,,VE-->SH,VE-->SH,VE-->SH,VE-->SH,VE-->SH,VE-->SH,VE-->SH,VE-->SH,VE-->SH,VE-->SH,VE-->SH,VE-->SH,VE-->SH,VE-->SH,VE-->SH,VE-->SH,VE-->SH,VE-->SH,VE-->SH
KN,KNA,Saint Kitts and Nevis,Basseterre,Americas,Caribbean,,KN-->VE,KN-->VE,KN-->VE,KN-->VE,KN-->VE,KN-->VE,KN-->VE,KN-->VE,KN-->VE,KN-->VE,KN-->VE,KN-->VE,KN-->VE,KN-->VE,KN-->VE,KN-->VE,KN-->VE,KN-->VE,KN-->VE,,,,,,,,,,,,,,,,,VE-->KN,VE-->KN,VE-->KN,VE-->KN,VE-->KN,VE-->KN,VE-->KN,VE-->KN,VE-->KN,VE-->KN,VE-->KN,VE-->KN,VE-->KN,VE-->KN,VE-->KN,VE-->KN,VE-->KN,VE-->KN,VE-->KN
LC,LCA,Saint Lucia,Castries,Americas,Caribbean,,LC-->VE,LC-->VE,LC-->VE,LC-->VE,LC-->VE,LC-->VE,LC-->VE,LC-->VE,LC-->VE,LC-->VE,LC-->VE,LC-->VE,LC-->VE,LC-->VE,LC-->VE,LC-->VE,LC-->VE,LC-->VE,LC-->VE,,,,,,,,,,,,,,,,,VE-->LC,VE-->LC,VE-->LC,VE-->LC,VE-->LC,VE-->LC,VE-->LC,VE-->LC,VE-->LC,VE-->LC,VE-->LC,VE-->LC,VE-->LC,VE-->LC,VE-->LC,VE-->LC,VE-->LC,VE-->LC,VE-->LC
MF,MAF,Saint Martin,Marigot,Americas,Caribbean,,MF-->VE,MF-->VE,MF-->VE,MF-->VE,MF-->VE,MF-->VE,MF-->VE,MF-->VE,MF-->VE,MF-->VE,MF-->VE,MF-->VE,MF-->VE,MF-->VE,MF-->VE,MF-->VE,MF-->VE,MF-->VE,MF-->VE,,,,,,,,,,,,,,,,,VE-->MF,VE-->MF,VE-->MF,VE-->MF,VE-->MF,VE-->MF,VE-->MF,VE-->MF,VE-->MF,VE-->MF,VE-->MF,VE-->MF,VE-->MF,VE-->MF,VE-->MF,VE-->MF,VE-->MF,VE-->MF,VE-->MF
PM,SPM,Saint Pierre and Miquelon,Saint-Pierre,Americas,Northern America,,PM-->VE,PM-->VE,PM-->VE,PM-->VE,PM-->VE,PM-->VE,PM-->VE,PM-->VE,PM-->VE,PM-->VE,PM-->VE,PM-->VE,PM-->VE,PM-->VE,PM-->VE,PM-->VE,PM-->VE,PM-->VE,PM-->VE,,,,,,,,,,,,,,,,,VE-->PM,VE-->PM,VE-->PM,VE-->PM,VE-->PM,VE-->PM,VE-->PM,VE-->PM,VE-->PM,VE-->PM,VE-->PM,VE-->PM,VE-->PM,VE-->PM,VE-->PM,VE-->PM,VE-->PM,VE-->PM,VE-->PM
VC,VCT,Saint Vincent and the Grenadines,Kingstown,Americas,Caribbean,,VC-->VE,VC-->VE,VC-->VE,VC-->VE,VC-->VE,VC-->VE,VC-->VE,VC-->VE,VC-->VE,VC-->VE,VC-->VE,VC-->VE,VC-->VE,VC-->VE,VC-->VE,VC-->VE,VC-->VE,VC-->VE,VC-->VE,,,,,,,,,,,,,,,,,VE-->VC,VE-->VC,VE-->VC,VE-->VC,VE-->VC,VE-->VC,VE-->VC,VE-->VC,VE-->VC,VE-->VC,VE-->VC,VE-->VC,VE-->VC,VE-->VC,VE-->VC,VE-->VC,VE-->VC,VE-->VC,VE-->VC
WS,WSM,Samoa,Apia,Oceania,Polynesia,,WS-->VE,WS-->VE,WS-->VE,WS-->VE,WS-->VE,WS-->VE,WS-->VE,WS-->VE,WS-->VE,WS-->VE,WS-->VE,WS-->VE,WS-->VE,WS-->VE,WS-->VE,WS-->VE,WS-->VE,WS-->VE,WS-->VE,,,,,,,,,,,,,,,,,VE-->WS,VE-->WS,VE-->WS,VE-->WS,VE-->WS,VE-->WS,VE-->WS,VE-->WS,VE-->WS,VE-->WS,VE-->WS,VE-->WS,VE-->WS,VE-->WS,VE-->WS,VE-->WS,VE-->WS,VE-->WS,VE-->WS
SM,SMR,San Marino,City of San Marino,Europe,Southern Europe,,SM-->VE,SM-->VE,SM-->VE,SM-->VE,SM-->VE,SM-->VE,SM-->VE,SM-->VE,SM-->VE,SM-->VE,SM-->VE,SM-->VE,SM-->VE,SM-->VE,SM-->VE,SM-->VE,SM-->VE,SM-->VE,SM-->VE,,,,,,,,,,,,,,,,,VE-->SM,VE-->SM,VE-->SM,VE-->SM,VE-->SM,VE-->SM,VE-->SM,VE-->SM,VE-->SM,VE-->SM,VE-->SM,VE-->SM,VE-->SM,VE-->SM,VE-->SM,VE-->SM,VE-->SM,VE-->SM,VE-->SM
ST,STP,São Tomé and Príncipe,São Tomé,Africa,Middle Africa,,ST-->VE,ST-->VE,ST-->VE,ST-->VE,ST-->VE,ST-->VE,ST-->VE,ST-->VE,ST-->VE,ST-->VE,ST-->VE,ST-->VE,ST-->VE,ST-->VE,ST-->VE,ST-->VE,ST-->VE,ST-->VE,ST-->VE,,,,,,,,,,,,,,,,,VE-->ST,VE-->ST,VE-->ST,VE-->ST,VE-->ST,VE-->ST,VE-->ST,VE-->ST,VE-->ST,VE-->ST,VE-->ST,VE-->ST,VE-->ST,VE-->ST,VE-->ST,VE-->ST,VE-->ST,VE-->ST,VE-->ST
SA,SAU,Saudi Arabia,Riyadh,Asia,Western Asia,,SA-->VE,SA-->VE,SA-->VE,SA-->VE,SA-->VE,SA-->VE,SA-->VE,SA-->VE,SA-->VE,SA-->VE,SA-->VE,SA-->VE,SA-->VE,SA-->VE,SA-->VE,SA-->VE,SA-->VE,SA-->VE,SA-->VE,,,,,,,,,,,,,,,,,VE-->SA,VE-->SA,VE-->SA,VE-->SA,VE-->SA,VE-->SA,VE-->SA,VE-->SA,VE-->SA,VE-->SA,VE-->SA,VE-->SA,VE-->SA,VE-->SA,VE-->SA,VE-->SA,VE-->SA,VE-->SA,VE-->SA
SN,SEN,Senegal,Dakar,Africa,Western Africa,,SN-->VE,SN-->VE,SN-->VE,SN-->VE,SN-->VE,SN-->VE,SN-->VE,SN-->VE,SN-->VE,SN-->VE,SN-->VE,SN-->VE,SN-->VE,SN-->VE,SN-->VE,SN-->VE,SN-->VE,SN-->VE,SN-->VE,,,,,,,,,,,,,,,,,VE-->SN,VE-->SN,VE-->SN,VE-->SN,VE-->SN,VE-->SN,VE-->SN,VE-->SN,VE-->SN,VE-->SN,VE-->SN,VE-->SN,VE-->SN,VE-->SN,VE-->SN,VE-->SN,VE-->SN,VE-->SN,VE-->SN
RS,SRB,Serbia,Belgrade,Europe,Southern Europe,,RS-->VE,RS-->VE,RS-->VE,RS-->VE,RS-->VE,RS-->VE,RS-->VE,RS-->VE,RS-->VE,RS-->VE,RS-->VE,RS-->VE,RS-->VE,RS-->VE,RS-->VE,RS-->VE,RS-->VE,RS-->VE,RS-->VE,,,,,,,,,,,,,,,,,VE-->RS,VE-->RS,VE-->RS,VE-->RS,VE-->RS,VE-->RS,VE-->RS,VE-->RS,VE-->RS,VE-->RS,VE-->RS,VE-->RS,VE-->RS,VE-->RS,VE-->RS,VE-->RS,VE-->RS,VE-->RS,VE-->RS
SC,SYC,Seychelles,Victoria,Africa,Eastern Africa,,SC-->VE,SC-->VE,SC-->VE,SC-->VE,SC-->VE,SC-->VE,SC-->VE,SC-->VE,SC-->VE,SC-->VE,SC-->VE,SC-->VE,SC-->VE,SC-->VE,SC-->VE,SC-->VE,SC-->VE,SC-->VE,SC-->VE,,,,,,,,,,,,,,,,,VE-->SC,VE-->SC,VE-->SC,VE-->SC,VE-->SC,VE-->SC,VE-->SC,VE-->SC,VE-->SC,VE-->SC,VE-->SC,VE-->SC,VE-->SC,VE-->SC,VE-->SC,VE-->SC,VE-->SC,VE-->SC,VE-->SC
SL,SLE,Sierra Leone,Freetown,Africa,Western Africa,,SL-->VE,SL-->VE,SL-->VE,SL-->VE,SL-->VE,SL-->VE,SL-->VE,SL-->VE,SL-->VE,SL-->VE,SL-->VE,SL-->VE,SL-->VE,SL-->VE,SL-->VE,SL-->VE,SL-->VE,SL-->VE,SL-->VE,,,,,,,,,,,,,,,,,VE-->SL,VE-->SL,VE-->SL,VE-->SL,VE-->SL,VE-->SL,VE-->SL,VE-->SL,VE-->SL,VE-->SL,VE-->SL,VE-->SL,VE-->SL,VE-->SL,VE-->SL,VE-->SL,VE-->SL,VE-->SL,VE-->SL
SG,SGP,Singapore,Singapore,Asia,South-Eastern Asia,,SG-->VE,SG-->VE,SG-->VE,SG-->VE,SG-->VE,SG-->VE,SG-->VE,SG-->VE,SG-->VE,SG-->VE,SG-->VE,SG-->VE,SG-->VE,SG-->VE,SG-->VE,SG-->VE,SG-->VE,SG-->VE,SG-->VE,,,,,,,,,,,,,,,,,VE-->SG,VE-->SG,VE-->SG,VE-->SG,VE-->SG,VE-->SG,VE-->SG,VE-->SG,VE-->SG,VE-->SG,VE-->SG,VE-->SG,VE-->SG,VE-->SG,VE-->SG,VE-->SG,VE-->SG,VE-->SG,VE-->SG
SX,SXM,Sint Maarten,Philipsburg,Americas,Caribbean,,SX-->VE,SX-->VE,SX-->VE,SX-->VE,SX-->VE,SX-->VE,SX-->VE,SX-->VE,SX-->VE,SX-->VE,SX-->VE,SX-->VE,SX-->VE,SX-->VE,SX-->VE,SX-->VE,SX-->VE,SX-->VE,SX-->VE,,,,,,,,,,,,,,,,,VE-->SX,VE-->SX,VE-->SX,VE-->SX,VE-->SX,VE-->SX,VE-->SX,VE-->SX,VE-->SX,VE-->SX,VE-->SX,VE-->SX,VE-->SX,VE-->SX,VE-->SX,VE-->SX,VE-->SX,VE-->SX,VE-->SX
SK,SVK,Slovakia,Bratislava,Europe,Eastern Europe,,SK-->VE,SK-->VE,SK-->VE,SK-->VE,SK-->VE,SK-->VE,SK-->VE,SK-->VE,SK-->VE,SK-->VE,SK-->VE,SK-->VE,SK-->VE,SK-->VE,SK-->VE,SK-->VE,SK-->VE,SK-->VE,SK-->VE,,,,,,,,,,,,,,,,,VE-->SK,VE-->SK,VE-->SK,VE-->SK,VE-->SK,VE-->SK,VE-->SK,VE-->SK,VE-->SK,VE-->SK,VE-->SK,VE-->SK,VE-->SK,VE-->SK,VE-->SK,VE-->SK,VE-->SK,VE-->SK,VE-->SK
SI,SVN,Slovenia,Ljubljana,Europe,Southern Europe,,SI-->VE,SI-->VE,SI-->VE,SI-->VE,SI-->VE,SI-->VE,SI-->VE,SI-->VE,SI-->VE,SI-->VE,SI-->VE,SI-->VE,SI-->VE,SI-->VE,SI-->VE,SI-->VE,SI-->VE,SI-->VE,SI-->VE,,,,,,,,,,,,,,,,,VE-->SI,VE-->SI,VE-->SI,VE-->SI,VE-->SI,VE-->SI,VE-->SI,VE-->SI,VE-->SI,VE-->SI,VE-->SI,VE-->SI,VE-->SI,VE-->SI,VE-->SI,VE-->SI,VE-->SI,VE-->SI,VE-->SI
SB,SLB,Solomon Islands,Honiara,Oceania,Melanesia,,SB-->VE,SB-->VE,SB-->VE,SB-->VE,SB-->VE,SB-->VE,SB-->VE,SB-->VE,SB-->VE,SB-->VE,SB-->VE,SB-->VE,SB-->VE,SB-->VE,SB-->VE,SB-->VE,SB-->VE,SB-->VE,SB-->VE,,,,,,,,,,,,,,,,,VE-->SB,VE-->SB,VE-->SB,VE-->SB,VE-->SB,VE-->SB,VE-->SB,VE-->SB,VE-->SB,VE-->SB,VE-->SB,VE-->SB,VE-->SB,VE-->SB,VE-->SB,VE-->SB,VE-->SB,VE-->SB,VE-->SB
SO,SOM,Somalia,Mogadishu,Africa,Eastern Africa,,SO-->VE,SO-->VE,SO-->VE,SO-->VE,SO-->VE,SO-->VE,SO-->VE,SO-->VE,SO-->VE,SO-->VE,SO-->VE,SO-->VE,SO-->VE,SO-->VE,SO-->VE,SO-->VE,SO-->VE,SO-->VE,SO-->VE,,,,,,,,,,,,,,,,,VE-->SO,VE-->SO,VE-->SO,VE-->SO,VE-->SO,VE-->SO,VE-->SO,VE-->SO,VE-->SO,VE-->SO,VE-->SO,VE-->SO,VE-->SO,VE-->SO,VE-->SO,VE-->SO,VE-->SO,VE-->SO,VE-->SO
ZA,ZAF,South Africa,Pretoria,Africa,Southern Africa,,ZA-->VE,ZA-->VE,ZA-->VE,ZA-->VE,ZA-->VE,ZA-->VE,ZA-->VE,ZA-->VE,ZA-->VE,ZA-->VE,ZA-->VE,ZA-->VE,ZA-->VE,ZA-->VE,ZA-->VE,ZA-->VE,ZA-->VE,ZA-->VE,ZA-->VE,,,,,,,,,,,,,,,,,VE-->ZA,VE-->ZA,VE-->ZA,VE-->ZA,VE-->ZA,VE-->ZA,VE-->ZA,VE-->ZA,VE-->ZA,VE-->ZA,VE-->ZA,VE-->ZA,VE-->ZA,VE-->ZA,VE-->ZA,VE-->ZA,VE-->ZA,VE-->ZA,VE-->ZA
GS,SGS,South Georgia,King Edward Point,Americas,South America,,GS-->VE,GS-->VE,GS-->VE,GS-->VE,GS-->VE,GS-->VE,GS-->VE,GS-->VE,GS-->VE,GS-->VE,GS-->VE,GS-->VE,GS-->VE,GS-->VE,GS-->VE,GS-->VE,GS-->VE,GS-->VE,GS-->VE,,,,,,,,,,,,,,,,,VE-->GS,VE-->GS,VE-->GS,VE-->GS,VE-->GS,VE-->GS,VE-->GS,VE-->GS,VE-->GS,VE-->GS,VE-->GS,VE-->GS,VE-->GS,VE-->GS,VE-->GS,VE-->GS,VE-->GS,VE-->GS,VE-->GS
KR,KOR,South Korea,Seoul,Asia,Eastern Asia,,KR-->VE,KR-->VE,KR-->VE,KR-->VE,KR-->VE,KR-->VE,KR-->VE,KR-->VE,KR-->VE,KR-->VE,KR-->VE,KR-->VE,KR-->VE,KR-->VE,KR-->VE,KR-->VE,KR-->VE,KR-->VE,KR-->VE,,,,,,,,,,,,,,,,,VE-->KR,VE-->KR,VE-->KR,VE-->KR,VE-->KR,VE-->KR,VE-->KR,VE-->KR,VE-->KR,VE-->KR,VE-->KR,VE-->KR,VE-->KR,VE-->KR,VE-->KR,VE-->KR,VE-->KR,VE-->KR,VE-->KR
SS,SSD,South Sudan,Juba,Africa,Middle Africa,,SS-->VE,SS-->VE,SS-->VE,SS-->VE,SS-->VE,SS-->VE,SS-->VE,SS-->VE,SS-->VE,SS-->VE,SS-->VE,SS-->VE,SS-->VE,SS-->VE,SS-->VE,SS-->VE,SS-->VE,SS-->VE,SS-->VE,,,,,,,,,,,,,,,,,VE-->SS,VE-->SS,VE-->SS,VE-->SS,VE-->SS,VE-->SS,VE-->SS,VE-->SS,VE-->SS,VE-->SS,VE-->SS,VE-->SS,VE-->SS,VE-->SS,VE-->SS,VE-->SS,VE-->SS,VE-->SS,VE-->SS
ES,ESP,Spain,Madrid,Europe,Southern Europe,,ES-->VE,ES-->VE,ES-->VE,ES-->VE,ES-->VE,ES-->VE,ES-->VE,ES-->VE,ES-->VE,ES-->VE,ES-->VE,ES-->VE,ES-->VE,ES-->VE,ES-->VE,ES-->VE,ES-->VE,ES-->VE,ES-->VE,,,,,,,,,,,,,,,,,VE-->ES,VE-->ES,VE-->ES,VE-->ES,VE-->ES,VE-->ES,VE-->ES,VE-->ES,VE-->ES,VE-->ES,VE-->ES,VE-->ES,VE-->ES,VE-->ES,VE-->ES,VE-->ES,VE-->ES,VE-->ES,VE-->ES
LK,LKA,Sri Lanka,Colombo,Asia,Southern Asia,,LK-->VE,LK-->VE,LK-->VE,LK-->VE,LK-->VE,LK-->VE,LK-->VE,LK-->VE,LK-->VE,LK-->VE,LK-->VE,LK-->VE,LK-->VE,LK-->VE,LK-->VE,LK-->VE,LK-->VE,LK-->VE,LK-->VE,,,,,,,,,,,,,,,,,VE-->LK,VE-->LK,VE-->LK,VE-->LK,VE-->LK,VE-->LK,VE-->LK,VE-->LK,VE-->LK,VE-->LK,VE-->LK,VE-->LK,VE-->LK,VE-->LK,VE-->LK,VE-->LK,VE-->LK,VE-->LK,VE-->LK
SD,SDN,Sudan,Khartoum,Africa,Northern Africa,,SD-->VE,SD-->VE,SD-->VE,SD-->VE,SD-->VE,SD-->VE,SD-->VE,SD-->VE,SD-->VE,SD-->VE,SD-->VE,SD-->VE,SD-->VE,SD-->VE,SD-->VE,SD-->VE,SD-->VE,SD-->VE,SD-->VE,,,,,,,,,,,,,,,,,VE-->SD,VE-->SD,VE-->SD,VE-->SD,VE-->SD,VE-->SD,VE-->SD,VE-->SD,VE-->SD,VE-->SD,VE-->SD,VE-->SD,VE-->SD,VE-->SD,VE-->SD,VE-->SD,VE-->SD,VE-->SD,VE-->SD
SR,SUR,Suriname,Paramaribo,Americas,South America,,SR-->VE,SR-->VE,SR-->VE,SR-->VE,SR-->VE,SR-->VE,SR-->VE,SR-->VE,SR-->VE,SR-->VE,SR-->VE,SR-->VE,SR-->VE,SR-->VE,SR-->VE,SR-->VE,SR-->VE,SR-->VE,SR-->VE,,,,,,,,,,,,,,,,,VE-->SR,VE-->SR,VE-->SR,VE-->SR,VE-->SR,VE-->SR,VE-->SR,VE-->SR,VE-->SR,VE-->SR,VE-->SR,VE-->SR,VE-->SR,VE-->SR,VE-->SR,VE-->SR,VE-->SR,VE-->SR,VE-->SR
SJ,SJM,Svalbard and Jan Mayen,Longyearbyen,Europe,Northern Europe,,SJ-->VE,SJ-->VE,SJ-->VE,SJ-->VE,SJ-->VE,SJ-->VE,SJ-->VE,SJ-->VE,SJ-->VE,SJ-->VE,SJ-->VE,SJ-->VE,SJ-->VE,SJ-->VE,SJ-->VE,SJ-->VE,SJ-->VE,SJ-->VE,SJ-->VE,,,,,,,,,,,,,,,,,VE-->SJ,VE-->SJ,VE-->SJ,VE-->SJ,VE-->SJ,VE-->SJ,VE-->SJ,VE-->SJ,VE-->SJ,VE-->SJ,VE-->SJ,VE-->SJ,VE-->SJ,VE-->SJ,VE-->SJ,VE-->SJ,VE-->SJ,VE-->SJ,VE-->SJ
SZ,SWZ,Swaziland,Lobamba,Africa,Southern Africa,,SZ-->VE,SZ-->VE,SZ-->VE,SZ-->VE,SZ-->VE,SZ-->VE,SZ-->VE,SZ-->VE,SZ-->VE,SZ-->VE,SZ-->VE,SZ-->VE,SZ-->VE,SZ-->VE,SZ-->VE,SZ-->VE,SZ-->VE,SZ-->VE,SZ-->VE,,,,,,,,,,,,,,,,,VE-->SZ,VE-->SZ,VE-->SZ,VE-->SZ,VE-->SZ,VE-->SZ,VE-->SZ,VE-->SZ,VE-->SZ,VE-->SZ,VE-->SZ,VE-->SZ,VE-->SZ,VE-->SZ,VE-->SZ,VE-->SZ,VE-->SZ,VE-->SZ,VE-->SZ
SE,SWE,Sweden,Stockholm,Europe,Northern Europe,,SE-->VE,SE-->VE,SE-->VE,SE-->VE,SE-->VE,SE-->VE,SE-->VE,SE-->VE,SE-->VE,SE-->VE,SE-->VE,SE-->VE,SE-->VE,SE-->VE,SE-->VE,SE-->VE,SE-->VE,SE-->VE,SE-->VE,,,,,,,,,,,,,,,,,VE-->SE,VE-->SE,VE-->SE,VE-->SE,VE-->SE,VE-->SE,VE-->SE,VE-->SE,VE-->SE,VE-->SE,VE-->SE,VE-->SE,VE-->SE,VE-->SE,VE-->SE,VE-->SE,VE-->SE,VE-->SE,VE-->SE
CH,CHE,Switzerland,Bern,Europe,Western Europe,,CH-->VE,CH-->VE,CH-->VE,CH-->VE,CH-->VE,CH-->VE,CH-->VE,CH-->VE,CH-->VE,CH-->VE,CH-->VE,CH-->VE,CH-->VE,CH-->VE,CH-->VE,CH-->VE,CH-->VE,CH-->VE,CH-->VE,,,,,,,,,,,,,,,,,VE-->CH,VE-->CH,VE-->CH,VE-->CH,VE-->CH,VE-->CH,VE-->CH,VE-->CH,VE-->CH,VE-->CH,VE-->CH,VE-->CH,VE-->CH,VE-->CH,VE-->CH,VE-->CH,VE-->CH,VE-->CH,VE-->CH
SY,SYR,Syria,Damascus,Asia,Western Asia,,SY-->VE,SY-->VE,SY-->VE,SY-->VE,SY-->VE,SY-->VE,SY-->VE,SY-->VE,SY-->VE,SY-->VE,SY-->VE,SY-->VE,SY-->VE,SY-->VE,SY-->VE,SY-->VE,SY-->VE,SY-->VE,SY-->VE,,,,,,,,,,,,,,,,,VE-->SY,VE-->SY,VE-->SY,VE-->SY,VE-->SY,VE-->SY,VE-->SY,VE-->SY,VE-->SY,VE-->SY,VE-->SY,VE-->SY,VE-->SY,VE-->SY,VE-->SY,VE-->SY,VE-->SY,VE-->SY,VE-->SY
TW,TWN,Taiwan,Taipei,Asia,Eastern Asia,,TW-->VE,TW-->VE,TW-->VE,TW-->VE,TW-->VE,TW-->VE,TW-->VE,TW-->VE,TW-->VE,TW-->VE,TW-->VE,TW-->VE,TW-->VE,TW-->VE,TW-->VE,TW-->VE,TW-->VE,TW-->VE,TW-->VE,,,,,,,,,,,,,,,,,VE-->TW,VE-->TW,VE-->TW,VE-->TW,VE-->TW,VE-->TW,VE-->TW,VE-->TW,VE-->TW,VE-->TW,VE-->TW,VE-->TW,VE-->TW,VE-->TW,VE-->TW,VE-->TW,VE-->TW,VE-->TW,VE-->TW
TJ,TJK,Tajikistan,Dushanbe,Asia,Central Asia,,TJ-->VE,TJ-->VE,TJ-->VE,TJ-->VE,TJ-->VE,TJ-->VE,TJ-->VE,TJ-->VE,TJ-->VE,TJ-->VE,TJ-->VE,TJ-->VE,TJ-->VE,TJ-->VE,TJ-->VE,TJ-->VE,TJ-->VE,TJ-->VE,TJ-->VE,,,,,,,,,,,,,,,,,VE-->TJ,VE-->TJ,VE-->TJ,VE-->TJ,VE-->TJ,VE-->TJ,VE-->TJ,VE-->TJ,VE-->TJ,VE-->TJ,VE-->TJ,VE-->TJ,VE-->TJ,VE-->TJ,VE-->TJ,VE-->TJ,VE-->TJ,VE-->TJ,VE-->TJ
TZ,TZA,Tanzania,Dodoma,Africa,Eastern Africa,,TZ-->VE,TZ-->VE,TZ-->VE,TZ-->VE,TZ-->VE,TZ-->VE,TZ-->VE,TZ-->VE,TZ-->VE,TZ-->VE,TZ-->VE,TZ-->VE,TZ-->VE,TZ-->VE,TZ-->VE,TZ-->VE,TZ-->VE,TZ-->VE,TZ-->VE,,,,,,,,,,,,,,,,,VE-->TZ,VE-->TZ,VE-->TZ,VE-->TZ,VE-->TZ,VE-->TZ,VE-->TZ,VE-->TZ,VE-->TZ,VE-->TZ,VE-->TZ,VE-->TZ,VE-->TZ,VE-->TZ,VE-->TZ,VE-->TZ,VE-->TZ,VE-->TZ,VE-->TZ
TH,THA,Thailand,Bangkok,Asia,South-Eastern Asia,,TH-->VE,TH-->VE,TH-->VE,TH-->VE,TH-->VE,TH-->VE,TH-->VE,TH-->VE,TH-->VE,TH-->VE,TH-->VE,TH-->VE,TH-->VE,TH-->VE,TH-->VE,TH-->VE,TH-->VE,TH-->VE,TH-->VE,,,,,,,,,,,,,,,,,VE-->TH,VE-->TH,VE-->TH,VE-->TH,VE-->TH,VE-->TH,VE-->TH,VE-->TH,VE-->TH,VE-->TH,VE-->TH,VE-->TH,VE-->TH,VE-->TH,VE-->TH,VE-->TH,VE-->TH,VE-->TH,VE-->TH
TL,TLS,East Timor,Dili,Asia,South-Eastern Asia,,TL-->VE,TL-->VE,TL-->VE,TL-->VE,TL-->VE,TL-->VE,TL-->VE,TL-->VE,TL-->VE,TL-->VE,TL-->VE,TL-->VE,TL-->VE,TL-->VE,TL-->VE,TL-->VE,TL-->VE,TL-->VE,TL-->VE,,,,,,,,,,,,,,,,,VE-->TL,VE-->TL,VE-->TL,VE-->TL,VE-->TL,VE-->TL,VE-->TL,VE-->TL,VE-->TL,VE-->TL,VE-->TL,VE-->TL,VE-->TL,VE-->TL,VE-->TL,VE-->TL,VE-->TL,VE-->TL,VE-->TL
TG,TGO,Togo,Lomé,Africa,Western Africa,,TG-->VE,TG-->VE,TG-->VE,TG-->VE,TG-->VE,TG-->VE,TG-->VE,TG-->VE,TG-->VE,TG-->VE,TG-->VE,TG-->VE,TG-->VE,TG-->VE,TG-->VE,TG-->VE,TG-->VE,TG-->VE,TG-->VE,,,,,,,,,,,,,,,,,VE-->TG,VE-->TG,VE-->TG,VE-->TG,VE-->TG,VE-->TG,VE-->TG,VE-->TG,VE-->TG,VE-->TG,VE-->TG,VE-->TG,VE-->TG,VE-->TG,VE-->TG,VE-->TG,VE-->TG,VE-->TG,VE-->TG
TK,TKL,Tokelau,Fakaofo,Oceania,Polynesia,,TK-->VE,TK-->VE,TK-->VE,TK-->VE,TK-->VE,TK-->VE,TK-->VE,TK-->VE,TK-->VE,TK-->VE,TK-->VE,TK-->VE,TK-->VE,TK-->VE,TK-->VE,TK-->VE,TK-->VE,TK-->VE,TK-->VE,,,,,,,,,,,,,,,,,VE-->TK,VE-->TK,VE-->TK,VE-->TK,VE-->TK,VE-->TK,VE-->TK,VE-->TK,VE-->TK,VE-->TK,VE-->TK,VE-->TK,VE-->TK,VE-->TK,VE-->TK,VE-->TK,VE-->TK,VE-->TK,VE-->TK
TO,TON,Tonga,Nuku'alofa,Oceania,Polynesia,,TO-->VE,TO-->VE,TO-->VE,TO-->VE,TO-->VE,TO-->VE,TO-->VE,TO-->VE,TO-->VE,TO-->VE,TO-->VE,TO-->VE,TO-->VE,TO-->VE,TO-->VE,TO-->VE,TO-->VE,TO-->VE,TO-->VE,,,,,,,,,,,,,,,,,VE-->TO,VE-->TO,VE-->TO,VE-->TO,VE-->TO,VE-->TO,VE-->TO,VE-->TO,VE-->TO,VE-->TO,VE-->TO,VE-->TO,VE-->TO,VE-->TO,VE-->TO,VE-->TO,VE-->TO,VE-->TO,VE-->TO
TT,TTO,Trinidad and Tobago,Port of Spain,Americas,Caribbean,,TT-->VE,TT-->VE,TT-->VE,TT-->VE,TT-->VE,TT-->VE,TT-->VE,TT-->VE,TT-->VE,TT-->VE,TT-->VE,TT-->VE,TT-->VE,TT-->VE,TT-->VE,TT-->VE,TT-->VE,TT-->VE,TT-->VE,,,,,,,,,,,,,,,,,VE-->TT,VE-->TT,VE-->TT,VE-->TT,VE-->TT,VE-->TT,VE-->TT,VE-->TT,VE-->TT,VE-->TT,VE-->TT,VE-->TT,VE-->TT,VE-->TT,VE-->TT,VE-->TT,VE-->TT,VE-->TT,VE-->TT
TN,TUN,Tunisia,Tunis,Africa,Northern Africa,,TN-->VE,TN-->VE,TN-->VE,TN-->VE,TN-->VE,TN-->VE,TN-->VE,TN-->VE,TN-->VE,TN-->VE,TN-->VE,TN-->VE,TN-->VE,TN-->VE,TN-->VE,TN-->VE,TN-->VE,TN-->VE,TN-->VE,,,,,,,,,,,,,,,,,VE-->TN,VE-->TN,VE-->TN,VE-->TN,VE-->TN,VE-->TN,VE-->TN,VE-->TN,VE-->TN,VE-->TN,VE-->TN,VE-->TN,VE-->TN,VE-->TN,VE-->TN,VE-->TN,VE-->TN,VE-->TN,VE-->TN
TR,TUR,Turkey,Ankara,Asia,Western Asia,,TR-->VE,TR-->VE,TR-->VE,TR-->VE,TR-->VE,TR-->VE,TR-->VE,TR-->VE,TR-->VE,TR-->VE,TR-->VE,TR-->VE,TR-->VE,TR-->VE,TR-->VE,TR-->VE,TR-->VE,TR-->VE,TR-->VE,,,,,,,,,,,,,,,,,VE-->TR,VE-->TR,VE-->TR,VE-->TR,VE-->TR,VE-->TR,VE-->TR,VE-->TR,VE-->TR,VE-->TR,VE-->TR,VE-->TR,VE-->TR,VE-->TR,VE-->TR,VE-->TR,VE-->TR,VE-->TR,VE-->TR
TM,TKM,Turkmenistan,Ashgabat,Asia,Central Asia,,TM-->VE,TM-->VE,TM-->VE,TM-->VE,TM-->VE,TM-->VE,TM-->VE,TM-->VE,TM-->VE,TM-->VE,TM-->VE,TM-->VE,TM-->VE,TM-->VE,TM-->VE,TM-->VE,TM-->VE,TM-->VE,TM-->VE,,,,,,,,,,,,,,,,,VE-->TM,VE-->TM,VE-->TM,VE-->TM,VE-->TM,VE-->TM,VE-->TM,VE-->TM,VE-->TM,VE-->TM,VE-->TM,VE-->TM,VE-->TM,VE-->TM,VE-->TM,VE-->TM,VE-->TM,VE-->TM,VE-->TM
TC,TCA,Turks and Caicos Islands,Cockburn Town,Americas,Caribbean,,TC-->VE,TC-->VE,TC-->VE,TC-->VE,TC-->VE,TC-->VE,TC-->VE,TC-->VE,TC-->VE,TC-->VE,TC-->VE,TC-->VE,TC-->VE,TC-->VE,TC-->VE,TC-->VE,TC-->VE,TC-->VE,TC-->VE,,,,,,,,,,,,,,,,,VE-->TC,VE-->TC,VE-->TC,VE-->TC,VE-->TC,VE-->TC,VE-->TC,VE-->TC,VE-->TC,VE-->TC,VE-->TC,VE-->TC,VE-->TC,VE-->TC,VE-->TC,VE-->TC,VE-->TC,VE-->TC,VE-->TC
TV,TUV,Tuvalu,Funafuti,Oceania,Polynesia,,TV-->VE,TV-->VE,TV-->VE,TV-->VE,TV-->VE,TV-->VE,TV-->VE,TV-->VE,TV-->VE,TV-->VE,TV-->VE,TV-->VE,TV-->VE,TV-->VE,TV-->VE,TV-->VE,TV-->VE,TV-->VE,TV-->VE,,,,,,,,,,,,,,,,,VE-->TV,VE-->TV,VE-->TV,VE-->TV,VE-->TV,VE-->TV,VE-->TV,VE-->TV,VE-->TV,VE-->TV,VE-->TV,VE-->TV,VE-->TV,VE-->TV,VE-->TV,VE-->TV,VE-->TV,VE-->TV,VE-->TV
UG,UGA,Uganda,Kampala,Africa,Eastern Africa,,UG-->VE,UG-->VE,UG-->VE,UG-->VE,UG-->VE,UG-->VE,UG-->VE,UG-->VE,UG-->VE,UG-->VE,UG-->VE,UG-->VE,UG-->VE,UG-->VE,UG-->VE,UG-->VE,UG-->VE,UG-->VE,UG-->VE,,,,,,,,,,,,,,,,,VE-->UG,VE-->UG,VE-->UG,VE-->UG,VE-->UG,VE-->UG,VE-->UG,VE-->UG,VE-->UG,VE-->UG,VE-->UG,VE-->UG,VE-->UG,VE-->UG,VE-->UG,VE-->UG,VE-->UG,VE-->UG,VE-->UG
UA,UKR,Ukraine,Kiev,Europe,Eastern Europe,,UA-->VE,UA-->VE,UA-->VE,UA-->VE,UA-->VE,UA-->VE,UA-->VE,UA-->VE,UA-->VE,UA-->VE,UA-->VE,UA-->VE,UA-->VE,UA-->VE,UA-->VE,UA-->VE,UA-->VE,UA-->VE,UA-->VE,,,,,,,,,,,,,,,,,VE-->UA,VE-->UA,VE-->UA,VE-->UA,VE-->UA,VE-->UA,VE-->UA,VE-->UA,VE-->UA,VE-->UA,VE-->UA,VE-->UA,VE-->UA,VE-->UA,VE-->UA,VE-->UA,VE-->UA,VE-->UA,VE-->UA
AE,ARE,United Arab Emirates,Abu Dhabi,Asia,Western Asia,,AE-->VE,AE-->VE,AE-->VE,AE-->VE,AE-->VE,AE-->VE,AE-->VE,AE-->VE,AE-->VE,AE-->VE,AE-->VE,AE-->VE,AE-->VE,AE-->VE,AE-->VE,AE-->VE,AE-->VE,AE-->VE,AE-->VE,,,,,,,,,,,,,,,,,VE-->AE,VE-->AE,VE-->AE,VE-->AE,VE-->AE,VE-->AE,VE-->AE,VE-->AE,VE-->AE,VE-->AE,VE-->AE,VE-->AE,VE-->AE,VE-->AE,VE-->AE,VE-->AE,VE-->AE,VE-->AE,VE-->AE
GB,GBR,United Kingdom,London,Europe,Northern Europe,,GB-->VE,GB-->VE,GB-->VE,GB-->VE,GB-->VE,GB-->VE,GB-->VE,GB-->VE,GB-->VE,GB-->VE,GB-->VE,GB-->VE,GB-->VE,GB-->VE,GB-->VE,GB-->VE,GB-->VE,GB-->VE,GB-->VE,,,,,,,,,,,,,,,,,VE-->GB,VE-->GB,VE-->GB,VE-->GB,VE-->GB,VE-->GB,VE-->GB,VE-->GB,VE-->GB,VE-->GB,VE-->GB,VE-->GB,VE-->GB,VE-->GB,VE-->GB,VE-->GB,VE-->GB,VE-->GB,VE-->GB
US,USA,United States,"Washington, D.C.",Americas,Northern America,,US-->VE,US-->VE,US-->VE,US-->VE,US-->VE,US-->VE,US-->VE,US-->VE,US-->VE,US-->VE,US-->VE,US-->VE,US-->VE,US-->VE,US-->VE,US-->VE,US-->VE,US-->VE,US-->VE,,,,,,,,,,,,,,,,,VE-->US,VE-->US,VE-->US,VE-->US,VE-->US,VE-->US,VE-->US,VE-->US,VE-->US,VE-->US,VE-->US,VE-->US,VE-->US,VE-->US,VE-->US,VE-->US,VE-->US,VE-->US,VE-->US
UY,URY,Uruguay,Montevideo,Americas,South America,,UY-->VE,UY-->VE,UY-->VE,UY-->VE,UY-->VE,UY-->VE,UY-->VE,UY-->VE,UY-->VE,UY-->VE,UY-->VE,UY-->VE,UY-->VE,UY-->VE,UY-->VE,UY-->VE,UY-->VE,UY-->VE,UY-->VE,,,,,,,,,,,,,,,,,VE-->UY,VE-->UY,VE-->UY,VE-->UY,VE-->UY,VE-->UY,VE-->UY,VE-->UY,VE-->UY,VE-->UY,VE-->UY,VE-->UY,VE-->UY,VE-->UY,VE-->UY,VE-->UY,VE-->UY,VE-->UY,VE-->UY
UZ,UZB,Uzbekistan,Tashkent,Asia,Central Asia,,UZ-->VE,UZ-->VE,UZ-->VE,UZ-->VE,UZ-->VE,UZ-->VE,UZ-->VE,UZ-->VE,UZ-->VE,UZ-->VE,UZ-->VE,UZ-->VE,UZ-->VE,UZ-->VE,UZ-->VE,UZ-->VE,UZ-->VE,UZ-->VE,UZ-->VE,,,,,,,,,,,,,,,,,VE-->UZ,VE-->UZ,VE-->UZ,VE-->UZ,VE-->UZ,VE-->UZ,VE-->UZ,VE-->UZ,VE-->UZ,VE-->UZ,VE-->UZ,VE-->UZ,VE-->UZ,VE-->UZ,VE-->UZ,VE-->UZ,VE-->UZ,VE-->UZ,VE-->UZ
VU,VUT,Vanuatu,Port Vila,Oceania,Melanesia,,VU-->VE,VU-->VE,VU-->VE,VU-->VE,VU-->VE,VU-->VE,VU-->VE,VU-->VE,VU-->VE,VU-->VE,VU-->VE,VU-->VE,VU-->VE,VU-->VE,VU-->VE,VU-->VE,VU-->VE,VU-->VE,VU-->VE,,,,,,,,,,,,,,,,,VE-->VU,VE-->VU,VE-->VU,VE-->VU,VE-->VU,VE-->VU,VE-->VU,VE-->VU,VE-->VU,VE-->VU,VE-->VU,VE-->VU,VE-->VU,VE-->VU,VE-->VU,VE-->VU,VE-->VU,VE-->VU,VE-->VU
VE,VEN,Venezuela,Caracas,Americas,South America,,VE-->VE,VE-->VE,VE-->VE,VE-->VE,VE-->VE,VE-->VE,VE-->VE,VE-->VE,VE-->VE,VE-->VE,VE-->VE,VE-->VE,VE-->VE,VE-->VE,VE-->VE,VE-->VE,VE-->VE,VE-->VE,VE-->VE,,,,,,,,,,,,,,,,,VE-->VE,VE-->VE,VE-->VE,VE-->VE,VE-->VE,VE-->VE,VE-->VE,VE-->VE,VE-->VE,VE-->VE,VE-->VE,VE-->VE,VE-->VE,VE-->VE,VE-->VE,VE-->VE,VE-->VE,VE-->VE,VE-->VE
VN,VNM,Vietnam,Hanoi,Asia,South-Eastern Asia,,VN-->VE,VN-->VE,VN-->VE,VN-->VE,VN-->VE,VN-->VE,VN-->VE,VN-->VE,VN-->VE,VN-->VE,VN-->VE,VN-->VE,VN-->VE,VN-->VE,VN-->VE,VN-->VE,VN-->VE,VN-->VE,VN-->VE,,,,,,,,,,,,,,,,,VE-->VN,VE-->VN,VE-->VN,VE-->VN,VE-->VN,VE-->VN,VE-->VN,VE-->VN,VE-->VN,VE-->VN,VE-->VN,VE-->VN,VE-->VN,VE-->VN,VE-->VN,VE-->VN,VE-->VN,VE-->VN,VE-->VN
WF,WLF,Wallis and Futuna,Mata-Utu,Oceania,Polynesia,,WF-->VE,WF-->VE,WF-->VE,WF-->VE,WF-->VE,WF-->VE,WF-->VE,WF-->VE,WF-->VE,WF-->VE,WF-->VE,WF-->VE,WF-->VE,WF-->VE,WF-->VE,WF-->VE,WF-->VE,WF-->VE,WF-->VE,,,,,,,,,,,,,,,,,VE-->WF,VE-->WF,VE-->WF,VE-->WF,VE-->WF,VE-->WF,VE-->WF,VE-->WF,VE-->WF,VE-->WF,VE-->WF,VE-->WF,VE-->WF,VE-->WF,VE-->WF,VE-->WF,VE-->WF,VE-->WF,VE-->WF
EH,ESH,Western Sahara,El Aaiún,Africa,Northern Africa,,EH-->VE,EH-->VE,EH-->VE,EH-->VE,EH-->VE,EH-->VE,EH-->VE,EH-->VE,EH-->VE,EH-->VE,EH-->VE,EH-->VE,EH-->VE,EH-->VE,EH-->VE,EH-->VE,EH-->VE,EH-->VE,EH-->VE,,,,,,,,,,,,,,,,,VE-->EH,VE-->EH,VE-->EH,VE-->EH,VE-->EH,VE-->EH,VE-->EH,VE-->EH,VE-->EH,VE-->EH,VE-->EH,VE-->EH,VE-->EH,VE-->EH,VE-->EH,VE-->EH,VE-->EH,VE-->EH,VE-->EH
YE,YEM,Yemen,Sana'a,Asia,Western Asia,,YE-->VE,YE-->VE,YE-->VE,YE-->VE,YE-->VE,YE-->VE,YE-->VE,YE-->VE,YE-->VE,YE-->VE,YE-->VE,YE-->VE,YE-->VE,YE-->VE,YE-->VE,YE-->VE,YE-->VE,YE-->VE,YE-->VE,,,,,,,,,,,,,,,,,VE-->YE,VE-->YE,VE-->YE,VE-->YE,VE-->YE,VE-->YE,VE-->YE,VE-->YE,VE-->YE,VE-->YE,VE-->YE,VE-->YE,VE-->YE,VE-->YE,VE-->YE,VE-->YE,VE-->YE,VE-->YE,VE-->YE
ZM,ZMB,Zambia,Lusaka,Africa,Eastern Africa,,ZM-->VE,ZM-->VE,ZM-->VE,ZM-->VE,ZM-->VE,ZM-->VE,ZM-->VE,ZM-->VE,ZM-->VE,ZM-->VE,ZM-->VE,ZM-->VE,ZM-->VE,ZM-->VE,ZM-->VE,ZM-->VE,ZM-->VE,ZM-->VE,ZM-->VE,,,,,,,,,,,,,,,,,VE-->ZM,VE-->ZM,VE-->ZM,VE-->ZM,VE-->ZM,VE-->ZM,VE-->ZM,VE-->ZM,VE-->ZM,VE-->ZM,VE-->ZM,VE-->ZM,VE-->ZM,VE-->ZM,VE-->ZM,VE-->ZM,VE-->ZM,VE-->ZM,VE-->ZM
ZW,ZWE,Zimbabwe,Harare,Africa,Eastern Africa,,ZW-->VE,ZW-->VE,ZW-->VE,ZW-->VE,ZW-->VE,ZW-->VE,ZW-->VE,ZW-->VE,ZW-->VE,ZW-->VE,ZW-->VE,ZW-->VE,ZW-->VE,ZW-->VE,ZW-->VE,ZW-->VE,ZW-->VE,ZW-->VE,ZW-->VE,,,,,,,,,,,,,,,,,VE-->ZW,VE-->ZW,VE-->ZW,VE-->ZW,VE-->ZW,VE-->ZW,VE-->ZW,VE-->ZW,VE-->ZW,VE-->ZW,VE-->ZW,VE-->ZW,VE-->ZW,VE-->ZW,VE-->ZW,VE-->ZW,VE-->ZW,VE-->ZW,VE-->ZW
