nu,code,name,capital,region,subregion,Unnamed: 6,quara/into/where/e,quara/into/where/v,quara/into/where/uv,quara/into/min/e,quara/into/min/v,quara/into/min/uv,quara/into/max/e,quara/into/max/v,quara/into/max/uv,quara/into/comment,test/into/pcr/e,test/into/pcr/v,test/into/pcr/uv,test/into/ag/e,test/into/ag/v,test/into/ag/uv,test/into/comment,visa/into,visa/into/comment,loadStates/into,Unnamed: 27,Unnamed: 28,Unnamed: 29,Unnamed: 30,Unnamed: 31,Unnamed: 32,Unnamed: 33,Unnamed: 34,Unnamed: 35,Unnamed: 36,Unnamed: 37,Unnamed: 38,Unnamed: 39,Unnamed: 40,Unnamed: 41,quara/out/where/e,quara/out/where/v,quara/out/where/uv,quara/out/min/e,quara/out/min/v,quara/out/min/uv,quara/out/max/e,quara/out/max/v,quara/out/max/uv,quara/out/comment,test/out/pcr/e,test/out/pcr/v,test/out/pcr/uv,test/out/ag/e,test/out/ag/v,test/out/ag/uv,test/out/comment,visa/out,visa/out/comment
AF,AFG,Afghanistan,Kabul,Asia,Southern Asia,,AF-->FO,AF-->FO,AF-->FO,AF-->FO,AF-->FO,AF-->FO,AF-->FO,AF-->FO,AF-->FO,AF-->FO,AF-->FO,AF-->FO,AF-->FO,AF-->FO,AF-->FO,AF-->FO,AF-->FO,AF-->FO,AF-->FO,,,,,,,,,,,,,,,,,FO-->AF,FO-->AF,FO-->AF,FO-->AF,FO-->AF,FO-->AF,FO-->AF,FO-->AF,FO-->AF,FO-->AF,FO-->AF,FO-->AF,FO-->AF,FO-->AF,FO-->AF,FO-->AF,FO-->AF,FO-->AF,FO-->AF
AX,ALA,Åland Islands,Mariehamn,Europe,Northern Europe,,AX-->FO,AX-->FO,AX-->FO,AX-->FO,AX-->FO,AX-->FO,AX-->FO,AX-->FO,AX-->FO,AX-->FO,AX-->FO,AX-->FO,AX-->FO,AX-->FO,AX-->FO,AX-->FO,AX-->FO,AX-->FO,AX-->FO,,,,,,,,,,,,,,,,,FO-->AX,FO-->AX,FO-->AX,FO-->AX,FO-->AX,FO-->AX,FO-->AX,FO-->AX,FO-->AX,FO-->AX,FO-->AX,FO-->AX,FO-->AX,FO-->AX,FO-->AX,FO-->AX,FO-->AX,FO-->AX,FO-->AX
AL,ALB,Albania,Tirana,Europe,Southern Europe,,AL-->FO,AL-->FO,AL-->FO,AL-->FO,AL-->FO,AL-->FO,AL-->FO,AL-->FO,AL-->FO,AL-->FO,AL-->FO,AL-->FO,AL-->FO,AL-->FO,AL-->FO,AL-->FO,AL-->FO,AL-->FO,AL-->FO,,,,,,,,,,,,,,,,,FO-->AL,FO-->AL,FO-->AL,FO-->AL,FO-->AL,FO-->AL,FO-->AL,FO-->AL,FO-->AL,FO-->AL,FO-->AL,FO-->AL,FO-->AL,FO-->AL,FO-->AL,FO-->AL,FO-->AL,FO-->AL,FO-->AL
DZ,DZA,Algeria,Algiers,Africa,Northern Africa,,DZ-->FO,DZ-->FO,DZ-->FO,DZ-->FO,DZ-->FO,DZ-->FO,DZ-->FO,DZ-->FO,DZ-->FO,DZ-->FO,DZ-->FO,DZ-->FO,DZ-->FO,DZ-->FO,DZ-->FO,DZ-->FO,DZ-->FO,DZ-->FO,DZ-->FO,,,,,,,,,,,,,,,,,FO-->DZ,FO-->DZ,FO-->DZ,FO-->DZ,FO-->DZ,FO-->DZ,FO-->DZ,FO-->DZ,FO-->DZ,FO-->DZ,FO-->DZ,FO-->DZ,FO-->DZ,FO-->DZ,FO-->DZ,FO-->DZ,FO-->DZ,FO-->DZ,FO-->DZ
AS,ASM,American Samoa,Pago Pago,Oceania,Polynesia,,AS-->FO,AS-->FO,AS-->FO,AS-->FO,AS-->FO,AS-->FO,AS-->FO,AS-->FO,AS-->FO,AS-->FO,AS-->FO,AS-->FO,AS-->FO,AS-->FO,AS-->FO,AS-->FO,AS-->FO,AS-->FO,AS-->FO,,,,,,,,,,,,,,,,,FO-->AS,FO-->AS,FO-->AS,FO-->AS,FO-->AS,FO-->AS,FO-->AS,FO-->AS,FO-->AS,FO-->AS,FO-->AS,FO-->AS,FO-->AS,FO-->AS,FO-->AS,FO-->AS,FO-->AS,FO-->AS,FO-->AS
AD,AND,Andorra,Andorra la Vella,Europe,Southern Europe,,AD-->FO,AD-->FO,AD-->FO,AD-->FO,AD-->FO,AD-->FO,AD-->FO,AD-->FO,AD-->FO,AD-->FO,AD-->FO,AD-->FO,AD-->FO,AD-->FO,AD-->FO,AD-->FO,AD-->FO,AD-->FO,AD-->FO,,,,,,,,,,,,,,,,,FO-->AD,FO-->AD,FO-->AD,FO-->AD,FO-->AD,FO-->AD,FO-->AD,FO-->AD,FO-->AD,FO-->AD,FO-->AD,FO-->AD,FO-->AD,FO-->AD,FO-->AD,FO-->AD,FO-->AD,FO-->AD,FO-->AD
AO,AGO,Angola,Luanda,Africa,Middle Africa,,AO-->FO,AO-->FO,AO-->FO,AO-->FO,AO-->FO,AO-->FO,AO-->FO,AO-->FO,AO-->FO,AO-->FO,AO-->FO,AO-->FO,AO-->FO,AO-->FO,AO-->FO,AO-->FO,AO-->FO,AO-->FO,AO-->FO,,,,,,,,,,,,,,,,,FO-->AO,FO-->AO,FO-->AO,FO-->AO,FO-->AO,FO-->AO,FO-->AO,FO-->AO,FO-->AO,FO-->AO,FO-->AO,FO-->AO,FO-->AO,FO-->AO,FO-->AO,FO-->AO,FO-->AO,FO-->AO,FO-->AO
AI,AIA,Anguilla,The Valley,Americas,Caribbean,,AI-->FO,AI-->FO,AI-->FO,AI-->FO,AI-->FO,AI-->FO,AI-->FO,AI-->FO,AI-->FO,AI-->FO,AI-->FO,AI-->FO,AI-->FO,AI-->FO,AI-->FO,AI-->FO,AI-->FO,AI-->FO,AI-->FO,,,,,,,,,,,,,,,,,FO-->AI,FO-->AI,FO-->AI,FO-->AI,FO-->AI,FO-->AI,FO-->AI,FO-->AI,FO-->AI,FO-->AI,FO-->AI,FO-->AI,FO-->AI,FO-->AI,FO-->AI,FO-->AI,FO-->AI,FO-->AI,FO-->AI
AQ,ATA,Antarctica,,Polar,,,AQ-->FO,AQ-->FO,AQ-->FO,AQ-->FO,AQ-->FO,AQ-->FO,AQ-->FO,AQ-->FO,AQ-->FO,AQ-->FO,AQ-->FO,AQ-->FO,AQ-->FO,AQ-->FO,AQ-->FO,AQ-->FO,AQ-->FO,AQ-->FO,AQ-->FO,,,,,,,,,,,,,,,,,FO-->AQ,FO-->AQ,FO-->AQ,FO-->AQ,FO-->AQ,FO-->AQ,FO-->AQ,FO-->AQ,FO-->AQ,FO-->AQ,FO-->AQ,FO-->AQ,FO-->AQ,FO-->AQ,FO-->AQ,FO-->AQ,FO-->AQ,FO-->AQ,FO-->AQ
AG,ATG,Antigua and Barbuda,Saint John's,Americas,Caribbean,,AG-->FO,AG-->FO,AG-->FO,AG-->FO,AG-->FO,AG-->FO,AG-->FO,AG-->FO,AG-->FO,AG-->FO,AG-->FO,AG-->FO,AG-->FO,AG-->FO,AG-->FO,AG-->FO,AG-->FO,AG-->FO,AG-->FO,,,,,,,,,,,,,,,,,FO-->AG,FO-->AG,FO-->AG,FO-->AG,FO-->AG,FO-->AG,FO-->AG,FO-->AG,FO-->AG,FO-->AG,FO-->AG,FO-->AG,FO-->AG,FO-->AG,FO-->AG,FO-->AG,FO-->AG,FO-->AG,FO-->AG
AR,ARG,Argentina,Buenos Aires,Americas,South America,,AR-->FO,AR-->FO,AR-->FO,AR-->FO,AR-->FO,AR-->FO,AR-->FO,AR-->FO,AR-->FO,AR-->FO,AR-->FO,AR-->FO,AR-->FO,AR-->FO,AR-->FO,AR-->FO,AR-->FO,AR-->FO,AR-->FO,,,,,,,,,,,,,,,,,FO-->AR,FO-->AR,FO-->AR,FO-->AR,FO-->AR,FO-->AR,FO-->AR,FO-->AR,FO-->AR,FO-->AR,FO-->AR,FO-->AR,FO-->AR,FO-->AR,FO-->AR,FO-->AR,FO-->AR,FO-->AR,FO-->AR
AM,ARM,Armenia,Yerevan,Asia,Western Asia,,AM-->FO,AM-->FO,AM-->FO,AM-->FO,AM-->FO,AM-->FO,AM-->FO,AM-->FO,AM-->FO,AM-->FO,AM-->FO,AM-->FO,AM-->FO,AM-->FO,AM-->FO,AM-->FO,AM-->FO,AM-->FO,AM-->FO,,,,,,,,,,,,,,,,,FO-->AM,FO-->AM,FO-->AM,FO-->AM,FO-->AM,FO-->AM,FO-->AM,FO-->AM,FO-->AM,FO-->AM,FO-->AM,FO-->AM,FO-->AM,FO-->AM,FO-->AM,FO-->AM,FO-->AM,FO-->AM,FO-->AM
AW,ABW,Aruba,Oranjestad,Americas,Caribbean,,AW-->FO,AW-->FO,AW-->FO,AW-->FO,AW-->FO,AW-->FO,AW-->FO,AW-->FO,AW-->FO,AW-->FO,AW-->FO,AW-->FO,AW-->FO,AW-->FO,AW-->FO,AW-->FO,AW-->FO,AW-->FO,AW-->FO,,,,,,,,,,,,,,,,,FO-->AW,FO-->AW,FO-->AW,FO-->AW,FO-->AW,FO-->AW,FO-->AW,FO-->AW,FO-->AW,FO-->AW,FO-->AW,FO-->AW,FO-->AW,FO-->AW,FO-->AW,FO-->AW,FO-->AW,FO-->AW,FO-->AW
AU,AUS,Australia,Canberra,Oceania,Australia and New Zealand,,AU-->FO,AU-->FO,AU-->FO,AU-->FO,AU-->FO,AU-->FO,AU-->FO,AU-->FO,AU-->FO,AU-->FO,AU-->FO,AU-->FO,AU-->FO,AU-->FO,AU-->FO,AU-->FO,AU-->FO,AU-->FO,AU-->FO,,,,,,,,,,,,,,,,,FO-->AU,FO-->AU,FO-->AU,FO-->AU,FO-->AU,FO-->AU,FO-->AU,FO-->AU,FO-->AU,FO-->AU,FO-->AU,FO-->AU,FO-->AU,FO-->AU,FO-->AU,FO-->AU,FO-->AU,FO-->AU,FO-->AU
AT,AUT,Austria,Vienna,Europe,Western Europe,,AT-->FO,AT-->FO,AT-->FO,AT-->FO,AT-->FO,AT-->FO,AT-->FO,AT-->FO,AT-->FO,AT-->FO,AT-->FO,AT-->FO,AT-->FO,AT-->FO,AT-->FO,AT-->FO,AT-->FO,AT-->FO,AT-->FO,,,,,,,,,,,,,,,,,FO-->AT,FO-->AT,FO-->AT,FO-->AT,FO-->AT,FO-->AT,FO-->AT,FO-->AT,FO-->AT,FO-->AT,FO-->AT,FO-->AT,FO-->AT,FO-->AT,FO-->AT,FO-->AT,FO-->AT,FO-->AT,FO-->AT
AZ,AZE,Azerbaijan,Baku,Asia,Western Asia,,AZ-->FO,AZ-->FO,AZ-->FO,AZ-->FO,AZ-->FO,AZ-->FO,AZ-->FO,AZ-->FO,AZ-->FO,AZ-->FO,AZ-->FO,AZ-->FO,AZ-->FO,AZ-->FO,AZ-->FO,AZ-->FO,AZ-->FO,AZ-->FO,AZ-->FO,,,,,,,,,,,,,,,,,FO-->AZ,FO-->AZ,FO-->AZ,FO-->AZ,FO-->AZ,FO-->AZ,FO-->AZ,FO-->AZ,FO-->AZ,FO-->AZ,FO-->AZ,FO-->AZ,FO-->AZ,FO-->AZ,FO-->AZ,FO-->AZ,FO-->AZ,FO-->AZ,FO-->AZ
BS,BHS,The Bahamas,Nassau,Americas,Caribbean,,BS-->FO,BS-->FO,BS-->FO,BS-->FO,BS-->FO,BS-->FO,BS-->FO,BS-->FO,BS-->FO,BS-->FO,BS-->FO,BS-->FO,BS-->FO,BS-->FO,BS-->FO,BS-->FO,BS-->FO,BS-->FO,BS-->FO,,,,,,,,,,,,,,,,,FO-->BS,FO-->BS,FO-->BS,FO-->BS,FO-->BS,FO-->BS,FO-->BS,FO-->BS,FO-->BS,FO-->BS,FO-->BS,FO-->BS,FO-->BS,FO-->BS,FO-->BS,FO-->BS,FO-->BS,FO-->BS,FO-->BS
BH,BHR,Bahrain,Manama,Asia,Western Asia,,BH-->FO,BH-->FO,BH-->FO,BH-->FO,BH-->FO,BH-->FO,BH-->FO,BH-->FO,BH-->FO,BH-->FO,BH-->FO,BH-->FO,BH-->FO,BH-->FO,BH-->FO,BH-->FO,BH-->FO,BH-->FO,BH-->FO,,,,,,,,,,,,,,,,,FO-->BH,FO-->BH,FO-->BH,FO-->BH,FO-->BH,FO-->BH,FO-->BH,FO-->BH,FO-->BH,FO-->BH,FO-->BH,FO-->BH,FO-->BH,FO-->BH,FO-->BH,FO-->BH,FO-->BH,FO-->BH,FO-->BH
BD,BGD,Bangladesh,Dhaka,Asia,Southern Asia,,BD-->FO,BD-->FO,BD-->FO,BD-->FO,BD-->FO,BD-->FO,BD-->FO,BD-->FO,BD-->FO,BD-->FO,BD-->FO,BD-->FO,BD-->FO,BD-->FO,BD-->FO,BD-->FO,BD-->FO,BD-->FO,BD-->FO,,,,,,,,,,,,,,,,,FO-->BD,FO-->BD,FO-->BD,FO-->BD,FO-->BD,FO-->BD,FO-->BD,FO-->BD,FO-->BD,FO-->BD,FO-->BD,FO-->BD,FO-->BD,FO-->BD,FO-->BD,FO-->BD,FO-->BD,FO-->BD,FO-->BD
BB,BRB,Barbados,Bridgetown,Americas,Caribbean,,BB-->FO,BB-->FO,BB-->FO,BB-->FO,BB-->FO,BB-->FO,BB-->FO,BB-->FO,BB-->FO,BB-->FO,BB-->FO,BB-->FO,BB-->FO,BB-->FO,BB-->FO,BB-->FO,BB-->FO,BB-->FO,BB-->FO,,,,,,,,,,,,,,,,,FO-->BB,FO-->BB,FO-->BB,FO-->BB,FO-->BB,FO-->BB,FO-->BB,FO-->BB,FO-->BB,FO-->BB,FO-->BB,FO-->BB,FO-->BB,FO-->BB,FO-->BB,FO-->BB,FO-->BB,FO-->BB,FO-->BB
BY,BLR,Belarus,Minsk,Europe,Eastern Europe,,BY-->FO,BY-->FO,BY-->FO,BY-->FO,BY-->FO,BY-->FO,BY-->FO,BY-->FO,BY-->FO,BY-->FO,BY-->FO,BY-->FO,BY-->FO,BY-->FO,BY-->FO,BY-->FO,BY-->FO,BY-->FO,BY-->FO,,,,,,,,,,,,,,,,,FO-->BY,FO-->BY,FO-->BY,FO-->BY,FO-->BY,FO-->BY,FO-->BY,FO-->BY,FO-->BY,FO-->BY,FO-->BY,FO-->BY,FO-->BY,FO-->BY,FO-->BY,FO-->BY,FO-->BY,FO-->BY,FO-->BY
BE,BEL,Belgium,Brussels,Europe,Western Europe,,BE-->FO,BE-->FO,BE-->FO,BE-->FO,BE-->FO,BE-->FO,BE-->FO,BE-->FO,BE-->FO,BE-->FO,BE-->FO,BE-->FO,BE-->FO,BE-->FO,BE-->FO,BE-->FO,BE-->FO,BE-->FO,BE-->FO,,,,,,,,,,,,,,,,,FO-->BE,FO-->BE,FO-->BE,FO-->BE,FO-->BE,FO-->BE,FO-->BE,FO-->BE,FO-->BE,FO-->BE,FO-->BE,FO-->BE,FO-->BE,FO-->BE,FO-->BE,FO-->BE,FO-->BE,FO-->BE,FO-->BE
BZ,BLZ,Belize,Belmopan,Americas,Central America,,BZ-->FO,BZ-->FO,BZ-->FO,BZ-->FO,BZ-->FO,BZ-->FO,BZ-->FO,BZ-->FO,BZ-->FO,BZ-->FO,BZ-->FO,BZ-->FO,BZ-->FO,BZ-->FO,BZ-->FO,BZ-->FO,BZ-->FO,BZ-->FO,BZ-->FO,,,,,,,,,,,,,,,,,FO-->BZ,FO-->BZ,FO-->BZ,FO-->BZ,FO-->BZ,FO-->BZ,FO-->BZ,FO-->BZ,FO-->BZ,FO-->BZ,FO-->BZ,FO-->BZ,FO-->BZ,FO-->BZ,FO-->BZ,FO-->BZ,FO-->BZ,FO-->BZ,FO-->BZ
BJ,BEN,Benin,Porto-Novo,Africa,Western Africa,,BJ-->FO,BJ-->FO,BJ-->FO,BJ-->FO,BJ-->FO,BJ-->FO,BJ-->FO,BJ-->FO,BJ-->FO,BJ-->FO,BJ-->FO,BJ-->FO,BJ-->FO,BJ-->FO,BJ-->FO,BJ-->FO,BJ-->FO,BJ-->FO,BJ-->FO,,,,,,,,,,,,,,,,,FO-->BJ,FO-->BJ,FO-->BJ,FO-->BJ,FO-->BJ,FO-->BJ,FO-->BJ,FO-->BJ,FO-->BJ,FO-->BJ,FO-->BJ,FO-->BJ,FO-->BJ,FO-->BJ,FO-->BJ,FO-->BJ,FO-->BJ,FO-->BJ,FO-->BJ
BM,BMU,Bermuda,Hamilton,Americas,Northern America,,BM-->FO,BM-->FO,BM-->FO,BM-->FO,BM-->FO,BM-->FO,BM-->FO,BM-->FO,BM-->FO,BM-->FO,BM-->FO,BM-->FO,BM-->FO,BM-->FO,BM-->FO,BM-->FO,BM-->FO,BM-->FO,BM-->FO,,,,,,,,,,,,,,,,,FO-->BM,FO-->BM,FO-->BM,FO-->BM,FO-->BM,FO-->BM,FO-->BM,FO-->BM,FO-->BM,FO-->BM,FO-->BM,FO-->BM,FO-->BM,FO-->BM,FO-->BM,FO-->BM,FO-->BM,FO-->BM,FO-->BM
BT,BTN,Bhutan,Thimphu,Asia,Southern Asia,,BT-->FO,BT-->FO,BT-->FO,BT-->FO,BT-->FO,BT-->FO,BT-->FO,BT-->FO,BT-->FO,BT-->FO,BT-->FO,BT-->FO,BT-->FO,BT-->FO,BT-->FO,BT-->FO,BT-->FO,BT-->FO,BT-->FO,,,,,,,,,,,,,,,,,FO-->BT,FO-->BT,FO-->BT,FO-->BT,FO-->BT,FO-->BT,FO-->BT,FO-->BT,FO-->BT,FO-->BT,FO-->BT,FO-->BT,FO-->BT,FO-->BT,FO-->BT,FO-->BT,FO-->BT,FO-->BT,FO-->BT
BO,BOL,Bolivia,Sucre,Americas,South America,,BO-->FO,BO-->FO,BO-->FO,BO-->FO,BO-->FO,BO-->FO,BO-->FO,BO-->FO,BO-->FO,BO-->FO,BO-->FO,BO-->FO,BO-->FO,BO-->FO,BO-->FO,BO-->FO,BO-->FO,BO-->FO,BO-->FO,,,,,,,,,,,,,,,,,FO-->BO,FO-->BO,FO-->BO,FO-->BO,FO-->BO,FO-->BO,FO-->BO,FO-->BO,FO-->BO,FO-->BO,FO-->BO,FO-->BO,FO-->BO,FO-->BO,FO-->BO,FO-->BO,FO-->BO,FO-->BO,FO-->BO
BQ,BES,Bonaire,Kralendijk,Americas,Caribbean,,BQ-->FO,BQ-->FO,BQ-->FO,BQ-->FO,BQ-->FO,BQ-->FO,BQ-->FO,BQ-->FO,BQ-->FO,BQ-->FO,BQ-->FO,BQ-->FO,BQ-->FO,BQ-->FO,BQ-->FO,BQ-->FO,BQ-->FO,BQ-->FO,BQ-->FO,,,,,,,,,,,,,,,,,FO-->BQ,FO-->BQ,FO-->BQ,FO-->BQ,FO-->BQ,FO-->BQ,FO-->BQ,FO-->BQ,FO-->BQ,FO-->BQ,FO-->BQ,FO-->BQ,FO-->BQ,FO-->BQ,FO-->BQ,FO-->BQ,FO-->BQ,FO-->BQ,FO-->BQ
BA,BIH,Bosnia and Herzegovina,Sarajevo,Europe,Southern Europe,,BA-->FO,BA-->FO,BA-->FO,BA-->FO,BA-->FO,BA-->FO,BA-->FO,BA-->FO,BA-->FO,BA-->FO,BA-->FO,BA-->FO,BA-->FO,BA-->FO,BA-->FO,BA-->FO,BA-->FO,BA-->FO,BA-->FO,,,,,,,,,,,,,,,,,FO-->BA,FO-->BA,FO-->BA,FO-->BA,FO-->BA,FO-->BA,FO-->BA,FO-->BA,FO-->BA,FO-->BA,FO-->BA,FO-->BA,FO-->BA,FO-->BA,FO-->BA,FO-->BA,FO-->BA,FO-->BA,FO-->BA
BW,BWA,Botswana,Gaborone,Africa,Southern Africa,,BW-->FO,BW-->FO,BW-->FO,BW-->FO,BW-->FO,BW-->FO,BW-->FO,BW-->FO,BW-->FO,BW-->FO,BW-->FO,BW-->FO,BW-->FO,BW-->FO,BW-->FO,BW-->FO,BW-->FO,BW-->FO,BW-->FO,,,,,,,,,,,,,,,,,FO-->BW,FO-->BW,FO-->BW,FO-->BW,FO-->BW,FO-->BW,FO-->BW,FO-->BW,FO-->BW,FO-->BW,FO-->BW,FO-->BW,FO-->BW,FO-->BW,FO-->BW,FO-->BW,FO-->BW,FO-->BW,FO-->BW
BV,BVT,Bouvet Island,,,,,BV-->FO,BV-->FO,BV-->FO,BV-->FO,BV-->FO,BV-->FO,BV-->FO,BV-->FO,BV-->FO,BV-->FO,BV-->FO,BV-->FO,BV-->FO,BV-->FO,BV-->FO,BV-->FO,BV-->FO,BV-->FO,BV-->FO,,,,,,,,,,,,,,,,,FO-->BV,FO-->BV,FO-->BV,FO-->BV,FO-->BV,FO-->BV,FO-->BV,FO-->BV,FO-->BV,FO-->BV,FO-->BV,FO-->BV,FO-->BV,FO-->BV,FO-->BV,FO-->BV,FO-->BV,FO-->BV,FO-->BV
BR,BRA,Brazil,Brasília,Americas,South America,,BR-->FO,BR-->FO,BR-->FO,BR-->FO,BR-->FO,BR-->FO,BR-->FO,BR-->FO,BR-->FO,BR-->FO,BR-->FO,BR-->FO,BR-->FO,BR-->FO,BR-->FO,BR-->FO,BR-->FO,BR-->FO,BR-->FO,,,,,,,,,,,,,,,,,FO-->BR,FO-->BR,FO-->BR,FO-->BR,FO-->BR,FO-->BR,FO-->BR,FO-->BR,FO-->BR,FO-->BR,FO-->BR,FO-->BR,FO-->BR,FO-->BR,FO-->BR,FO-->BR,FO-->BR,FO-->BR,FO-->BR
IO,IOT,British Indian Ocean Territory,Diego Garcia,Africa,Eastern Africa,,IO-->FO,IO-->FO,IO-->FO,IO-->FO,IO-->FO,IO-->FO,IO-->FO,IO-->FO,IO-->FO,IO-->FO,IO-->FO,IO-->FO,IO-->FO,IO-->FO,IO-->FO,IO-->FO,IO-->FO,IO-->FO,IO-->FO,,,,,,,,,,,,,,,,,FO-->IO,FO-->IO,FO-->IO,FO-->IO,FO-->IO,FO-->IO,FO-->IO,FO-->IO,FO-->IO,FO-->IO,FO-->IO,FO-->IO,FO-->IO,FO-->IO,FO-->IO,FO-->IO,FO-->IO,FO-->IO,FO-->IO
UM,UMI,United States Minor Outlying Islands,,Americas,Northern America,,UM-->FO,UM-->FO,UM-->FO,UM-->FO,UM-->FO,UM-->FO,UM-->FO,UM-->FO,UM-->FO,UM-->FO,UM-->FO,UM-->FO,UM-->FO,UM-->FO,UM-->FO,UM-->FO,UM-->FO,UM-->FO,UM-->FO,,,,,,,,,,,,,,,,,FO-->UM,FO-->UM,FO-->UM,FO-->UM,FO-->UM,FO-->UM,FO-->UM,FO-->UM,FO-->UM,FO-->UM,FO-->UM,FO-->UM,FO-->UM,FO-->UM,FO-->UM,FO-->UM,FO-->UM,FO-->UM,FO-->UM
VG,VGB,Virgin Islands (British),Road Town,Americas,Caribbean,,VG-->FO,VG-->FO,VG-->FO,VG-->FO,VG-->FO,VG-->FO,VG-->FO,VG-->FO,VG-->FO,VG-->FO,VG-->FO,VG-->FO,VG-->FO,VG-->FO,VG-->FO,VG-->FO,VG-->FO,VG-->FO,VG-->FO,,,,,,,,,,,,,,,,,FO-->VG,FO-->VG,FO-->VG,FO-->VG,FO-->VG,FO-->VG,FO-->VG,FO-->VG,FO-->VG,FO-->VG,FO-->VG,FO-->VG,FO-->VG,FO-->VG,FO-->VG,FO-->VG,FO-->VG,FO-->VG,FO-->VG
VI,VIR,Virgin Islands (U.S.),Charlotte Amalie,Americas,Caribbean,,VI-->FO,VI-->FO,VI-->FO,VI-->FO,VI-->FO,VI-->FO,VI-->FO,VI-->FO,VI-->FO,VI-->FO,VI-->FO,VI-->FO,VI-->FO,VI-->FO,VI-->FO,VI-->FO,VI-->FO,VI-->FO,VI-->FO,,,,,,,,,,,,,,,,,FO-->VI,FO-->VI,FO-->VI,FO-->VI,FO-->VI,FO-->VI,FO-->VI,FO-->VI,FO-->VI,FO-->VI,FO-->VI,FO-->VI,FO-->VI,FO-->VI,FO-->VI,FO-->VI,FO-->VI,FO-->VI,FO-->VI
BN,BRN,Brunei,Bandar Seri Begawan,Asia,South-Eastern Asia,,BN-->FO,BN-->FO,BN-->FO,BN-->FO,BN-->FO,BN-->FO,BN-->FO,BN-->FO,BN-->FO,BN-->FO,BN-->FO,BN-->FO,BN-->FO,BN-->FO,BN-->FO,BN-->FO,BN-->FO,BN-->FO,BN-->FO,,,,,,,,,,,,,,,,,FO-->BN,FO-->BN,FO-->BN,FO-->BN,FO-->BN,FO-->BN,FO-->BN,FO-->BN,FO-->BN,FO-->BN,FO-->BN,FO-->BN,FO-->BN,FO-->BN,FO-->BN,FO-->BN,FO-->BN,FO-->BN,FO-->BN
BG,BGR,Bulgaria,Sofia,Europe,Eastern Europe,,BG-->FO,BG-->FO,BG-->FO,BG-->FO,BG-->FO,BG-->FO,BG-->FO,BG-->FO,BG-->FO,BG-->FO,BG-->FO,BG-->FO,BG-->FO,BG-->FO,BG-->FO,BG-->FO,BG-->FO,BG-->FO,BG-->FO,,,,,,,,,,,,,,,,,FO-->BG,FO-->BG,FO-->BG,FO-->BG,FO-->BG,FO-->BG,FO-->BG,FO-->BG,FO-->BG,FO-->BG,FO-->BG,FO-->BG,FO-->BG,FO-->BG,FO-->BG,FO-->BG,FO-->BG,FO-->BG,FO-->BG
BF,BFA,Burkina Faso,Ouagadougou,Africa,Western Africa,,BF-->FO,BF-->FO,BF-->FO,BF-->FO,BF-->FO,BF-->FO,BF-->FO,BF-->FO,BF-->FO,BF-->FO,BF-->FO,BF-->FO,BF-->FO,BF-->FO,BF-->FO,BF-->FO,BF-->FO,BF-->FO,BF-->FO,,,,,,,,,,,,,,,,,FO-->BF,FO-->BF,FO-->BF,FO-->BF,FO-->BF,FO-->BF,FO-->BF,FO-->BF,FO-->BF,FO-->BF,FO-->BF,FO-->BF,FO-->BF,FO-->BF,FO-->BF,FO-->BF,FO-->BF,FO-->BF,FO-->BF
BI,BDI,Burundi,Bujumbura,Africa,Eastern Africa,,BI-->FO,BI-->FO,BI-->FO,BI-->FO,BI-->FO,BI-->FO,BI-->FO,BI-->FO,BI-->FO,BI-->FO,BI-->FO,BI-->FO,BI-->FO,BI-->FO,BI-->FO,BI-->FO,BI-->FO,BI-->FO,BI-->FO,,,,,,,,,,,,,,,,,FO-->BI,FO-->BI,FO-->BI,FO-->BI,FO-->BI,FO-->BI,FO-->BI,FO-->BI,FO-->BI,FO-->BI,FO-->BI,FO-->BI,FO-->BI,FO-->BI,FO-->BI,FO-->BI,FO-->BI,FO-->BI,FO-->BI
KH,KHM,Cambodia,Phnom Penh,Asia,South-Eastern Asia,,KH-->FO,KH-->FO,KH-->FO,KH-->FO,KH-->FO,KH-->FO,KH-->FO,KH-->FO,KH-->FO,KH-->FO,KH-->FO,KH-->FO,KH-->FO,KH-->FO,KH-->FO,KH-->FO,KH-->FO,KH-->FO,KH-->FO,,,,,,,,,,,,,,,,,FO-->KH,FO-->KH,FO-->KH,FO-->KH,FO-->KH,FO-->KH,FO-->KH,FO-->KH,FO-->KH,FO-->KH,FO-->KH,FO-->KH,FO-->KH,FO-->KH,FO-->KH,FO-->KH,FO-->KH,FO-->KH,FO-->KH
CM,CMR,Cameroon,Yaoundé,Africa,Middle Africa,,CM-->FO,CM-->FO,CM-->FO,CM-->FO,CM-->FO,CM-->FO,CM-->FO,CM-->FO,CM-->FO,CM-->FO,CM-->FO,CM-->FO,CM-->FO,CM-->FO,CM-->FO,CM-->FO,CM-->FO,CM-->FO,CM-->FO,,,,,,,,,,,,,,,,,FO-->CM,FO-->CM,FO-->CM,FO-->CM,FO-->CM,FO-->CM,FO-->CM,FO-->CM,FO-->CM,FO-->CM,FO-->CM,FO-->CM,FO-->CM,FO-->CM,FO-->CM,FO-->CM,FO-->CM,FO-->CM,FO-->CM
CA,CAN,Canada,Ottawa,Americas,Northern America,,CA-->FO,CA-->FO,CA-->FO,CA-->FO,CA-->FO,CA-->FO,CA-->FO,CA-->FO,CA-->FO,CA-->FO,CA-->FO,CA-->FO,CA-->FO,CA-->FO,CA-->FO,CA-->FO,CA-->FO,CA-->FO,CA-->FO,,,,,,,,,,,,,,,,,FO-->CA,FO-->CA,FO-->CA,FO-->CA,FO-->CA,FO-->CA,FO-->CA,FO-->CA,FO-->CA,FO-->CA,FO-->CA,FO-->CA,FO-->CA,FO-->CA,FO-->CA,FO-->CA,FO-->CA,FO-->CA,FO-->CA
CV,CPV,Cape Verde,Praia,Africa,Western Africa,,CV-->FO,CV-->FO,CV-->FO,CV-->FO,CV-->FO,CV-->FO,CV-->FO,CV-->FO,CV-->FO,CV-->FO,CV-->FO,CV-->FO,CV-->FO,CV-->FO,CV-->FO,CV-->FO,CV-->FO,CV-->FO,CV-->FO,,,,,,,,,,,,,,,,,FO-->CV,FO-->CV,FO-->CV,FO-->CV,FO-->CV,FO-->CV,FO-->CV,FO-->CV,FO-->CV,FO-->CV,FO-->CV,FO-->CV,FO-->CV,FO-->CV,FO-->CV,FO-->CV,FO-->CV,FO-->CV,FO-->CV
KY,CYM,Cayman Islands,George Town,Americas,Caribbean,,KY-->FO,KY-->FO,KY-->FO,KY-->FO,KY-->FO,KY-->FO,KY-->FO,KY-->FO,KY-->FO,KY-->FO,KY-->FO,KY-->FO,KY-->FO,KY-->FO,KY-->FO,KY-->FO,KY-->FO,KY-->FO,KY-->FO,,,,,,,,,,,,,,,,,FO-->KY,FO-->KY,FO-->KY,FO-->KY,FO-->KY,FO-->KY,FO-->KY,FO-->KY,FO-->KY,FO-->KY,FO-->KY,FO-->KY,FO-->KY,FO-->KY,FO-->KY,FO-->KY,FO-->KY,FO-->KY,FO-->KY
CF,CAF,Central African Republic,Bangui,Africa,Middle Africa,,CF-->FO,CF-->FO,CF-->FO,CF-->FO,CF-->FO,CF-->FO,CF-->FO,CF-->FO,CF-->FO,CF-->FO,CF-->FO,CF-->FO,CF-->FO,CF-->FO,CF-->FO,CF-->FO,CF-->FO,CF-->FO,CF-->FO,,,,,,,,,,,,,,,,,FO-->CF,FO-->CF,FO-->CF,FO-->CF,FO-->CF,FO-->CF,FO-->CF,FO-->CF,FO-->CF,FO-->CF,FO-->CF,FO-->CF,FO-->CF,FO-->CF,FO-->CF,FO-->CF,FO-->CF,FO-->CF,FO-->CF
TD,TCD,Chad,N'Djamena,Africa,Middle Africa,,TD-->FO,TD-->FO,TD-->FO,TD-->FO,TD-->FO,TD-->FO,TD-->FO,TD-->FO,TD-->FO,TD-->FO,TD-->FO,TD-->FO,TD-->FO,TD-->FO,TD-->FO,TD-->FO,TD-->FO,TD-->FO,TD-->FO,,,,,,,,,,,,,,,,,FO-->TD,FO-->TD,FO-->TD,FO-->TD,FO-->TD,FO-->TD,FO-->TD,FO-->TD,FO-->TD,FO-->TD,FO-->TD,FO-->TD,FO-->TD,FO-->TD,FO-->TD,FO-->TD,FO-->TD,FO-->TD,FO-->TD
CL,CHL,Chile,Santiago,Americas,South America,,CL-->FO,CL-->FO,CL-->FO,CL-->FO,CL-->FO,CL-->FO,CL-->FO,CL-->FO,CL-->FO,CL-->FO,CL-->FO,CL-->FO,CL-->FO,CL-->FO,CL-->FO,CL-->FO,CL-->FO,CL-->FO,CL-->FO,,,,,,,,,,,,,,,,,FO-->CL,FO-->CL,FO-->CL,FO-->CL,FO-->CL,FO-->CL,FO-->CL,FO-->CL,FO-->CL,FO-->CL,FO-->CL,FO-->CL,FO-->CL,FO-->CL,FO-->CL,FO-->CL,FO-->CL,FO-->CL,FO-->CL
CN,CHN,China,Beijing,Asia,Eastern Asia,,CN-->FO,CN-->FO,CN-->FO,CN-->FO,CN-->FO,CN-->FO,CN-->FO,CN-->FO,CN-->FO,CN-->FO,CN-->FO,CN-->FO,CN-->FO,CN-->FO,CN-->FO,CN-->FO,CN-->FO,CN-->FO,CN-->FO,,,,,,,,,,,,,,,,,FO-->CN,FO-->CN,FO-->CN,FO-->CN,FO-->CN,FO-->CN,FO-->CN,FO-->CN,FO-->CN,FO-->CN,FO-->CN,FO-->CN,FO-->CN,FO-->CN,FO-->CN,FO-->CN,FO-->CN,FO-->CN,FO-->CN
CX,CXR,Christmas Island,Flying Fish Cove,Oceania,Australia and New Zealand,,CX-->FO,CX-->FO,CX-->FO,CX-->FO,CX-->FO,CX-->FO,CX-->FO,CX-->FO,CX-->FO,CX-->FO,CX-->FO,CX-->FO,CX-->FO,CX-->FO,CX-->FO,CX-->FO,CX-->FO,CX-->FO,CX-->FO,,,,,,,,,,,,,,,,,FO-->CX,FO-->CX,FO-->CX,FO-->CX,FO-->CX,FO-->CX,FO-->CX,FO-->CX,FO-->CX,FO-->CX,FO-->CX,FO-->CX,FO-->CX,FO-->CX,FO-->CX,FO-->CX,FO-->CX,FO-->CX,FO-->CX
CC,CCK,Cocos (Keeling) Islands,West Island,Oceania,Australia and New Zealand,,CC-->FO,CC-->FO,CC-->FO,CC-->FO,CC-->FO,CC-->FO,CC-->FO,CC-->FO,CC-->FO,CC-->FO,CC-->FO,CC-->FO,CC-->FO,CC-->FO,CC-->FO,CC-->FO,CC-->FO,CC-->FO,CC-->FO,,,,,,,,,,,,,,,,,FO-->CC,FO-->CC,FO-->CC,FO-->CC,FO-->CC,FO-->CC,FO-->CC,FO-->CC,FO-->CC,FO-->CC,FO-->CC,FO-->CC,FO-->CC,FO-->CC,FO-->CC,FO-->CC,FO-->CC,FO-->CC,FO-->CC
CO,COL,Colombia,Bogotá,Americas,South America,,CO-->FO,CO-->FO,CO-->FO,CO-->FO,CO-->FO,CO-->FO,CO-->FO,CO-->FO,CO-->FO,CO-->FO,CO-->FO,CO-->FO,CO-->FO,CO-->FO,CO-->FO,CO-->FO,CO-->FO,CO-->FO,CO-->FO,,,,,,,,,,,,,,,,,FO-->CO,FO-->CO,FO-->CO,FO-->CO,FO-->CO,FO-->CO,FO-->CO,FO-->CO,FO-->CO,FO-->CO,FO-->CO,FO-->CO,FO-->CO,FO-->CO,FO-->CO,FO-->CO,FO-->CO,FO-->CO,FO-->CO
KM,COM,Comoros,Moroni,Africa,Eastern Africa,,KM-->FO,KM-->FO,KM-->FO,KM-->FO,KM-->FO,KM-->FO,KM-->FO,KM-->FO,KM-->FO,KM-->FO,KM-->FO,KM-->FO,KM-->FO,KM-->FO,KM-->FO,KM-->FO,KM-->FO,KM-->FO,KM-->FO,,,,,,,,,,,,,,,,,FO-->KM,FO-->KM,FO-->KM,FO-->KM,FO-->KM,FO-->KM,FO-->KM,FO-->KM,FO-->KM,FO-->KM,FO-->KM,FO-->KM,FO-->KM,FO-->KM,FO-->KM,FO-->KM,FO-->KM,FO-->KM,FO-->KM
CG,COG,Republic of the Congo,Brazzaville,Africa,Middle Africa,,CG-->FO,CG-->FO,CG-->FO,CG-->FO,CG-->FO,CG-->FO,CG-->FO,CG-->FO,CG-->FO,CG-->FO,CG-->FO,CG-->FO,CG-->FO,CG-->FO,CG-->FO,CG-->FO,CG-->FO,CG-->FO,CG-->FO,,,,,,,,,,,,,,,,,FO-->CG,FO-->CG,FO-->CG,FO-->CG,FO-->CG,FO-->CG,FO-->CG,FO-->CG,FO-->CG,FO-->CG,FO-->CG,FO-->CG,FO-->CG,FO-->CG,FO-->CG,FO-->CG,FO-->CG,FO-->CG,FO-->CG
CD,COD,Democratic Republic of the Congo,Kinshasa,Africa,Middle Africa,,CD-->FO,CD-->FO,CD-->FO,CD-->FO,CD-->FO,CD-->FO,CD-->FO,CD-->FO,CD-->FO,CD-->FO,CD-->FO,CD-->FO,CD-->FO,CD-->FO,CD-->FO,CD-->FO,CD-->FO,CD-->FO,CD-->FO,,,,,,,,,,,,,,,,,FO-->CD,FO-->CD,FO-->CD,FO-->CD,FO-->CD,FO-->CD,FO-->CD,FO-->CD,FO-->CD,FO-->CD,FO-->CD,FO-->CD,FO-->CD,FO-->CD,FO-->CD,FO-->CD,FO-->CD,FO-->CD,FO-->CD
CK,COK,Cook Islands,Avarua,Oceania,Polynesia,,CK-->FO,CK-->FO,CK-->FO,CK-->FO,CK-->FO,CK-->FO,CK-->FO,CK-->FO,CK-->FO,CK-->FO,CK-->FO,CK-->FO,CK-->FO,CK-->FO,CK-->FO,CK-->FO,CK-->FO,CK-->FO,CK-->FO,,,,,,,,,,,,,,,,,FO-->CK,FO-->CK,FO-->CK,FO-->CK,FO-->CK,FO-->CK,FO-->CK,FO-->CK,FO-->CK,FO-->CK,FO-->CK,FO-->CK,FO-->CK,FO-->CK,FO-->CK,FO-->CK,FO-->CK,FO-->CK,FO-->CK
CR,CRI,Costa Rica,San José,Americas,Central America,,CR-->FO,CR-->FO,CR-->FO,CR-->FO,CR-->FO,CR-->FO,CR-->FO,CR-->FO,CR-->FO,CR-->FO,CR-->FO,CR-->FO,CR-->FO,CR-->FO,CR-->FO,CR-->FO,CR-->FO,CR-->FO,CR-->FO,,,,,,,,,,,,,,,,,FO-->CR,FO-->CR,FO-->CR,FO-->CR,FO-->CR,FO-->CR,FO-->CR,FO-->CR,FO-->CR,FO-->CR,FO-->CR,FO-->CR,FO-->CR,FO-->CR,FO-->CR,FO-->CR,FO-->CR,FO-->CR,FO-->CR
HR,HRV,Croatia,Zagreb,Europe,Southern Europe,,HR-->FO,HR-->FO,HR-->FO,HR-->FO,HR-->FO,HR-->FO,HR-->FO,HR-->FO,HR-->FO,HR-->FO,HR-->FO,HR-->FO,HR-->FO,HR-->FO,HR-->FO,HR-->FO,HR-->FO,HR-->FO,HR-->FO,,,,,,,,,,,,,,,,,FO-->HR,FO-->HR,FO-->HR,FO-->HR,FO-->HR,FO-->HR,FO-->HR,FO-->HR,FO-->HR,FO-->HR,FO-->HR,FO-->HR,FO-->HR,FO-->HR,FO-->HR,FO-->HR,FO-->HR,FO-->HR,FO-->HR
CU,CUB,Cuba,Havana,Americas,Caribbean,,CU-->FO,CU-->FO,CU-->FO,CU-->FO,CU-->FO,CU-->FO,CU-->FO,CU-->FO,CU-->FO,CU-->FO,CU-->FO,CU-->FO,CU-->FO,CU-->FO,CU-->FO,CU-->FO,CU-->FO,CU-->FO,CU-->FO,,,,,,,,,,,,,,,,,FO-->CU,FO-->CU,FO-->CU,FO-->CU,FO-->CU,FO-->CU,FO-->CU,FO-->CU,FO-->CU,FO-->CU,FO-->CU,FO-->CU,FO-->CU,FO-->CU,FO-->CU,FO-->CU,FO-->CU,FO-->CU,FO-->CU
CW,CUW,Curaçao,Willemstad,Americas,Caribbean,,CW-->FO,CW-->FO,CW-->FO,CW-->FO,CW-->FO,CW-->FO,CW-->FO,CW-->FO,CW-->FO,CW-->FO,CW-->FO,CW-->FO,CW-->FO,CW-->FO,CW-->FO,CW-->FO,CW-->FO,CW-->FO,CW-->FO,,,,,,,,,,,,,,,,,FO-->CW,FO-->CW,FO-->CW,FO-->CW,FO-->CW,FO-->CW,FO-->CW,FO-->CW,FO-->CW,FO-->CW,FO-->CW,FO-->CW,FO-->CW,FO-->CW,FO-->CW,FO-->CW,FO-->CW,FO-->CW,FO-->CW
CY,CYP,Cyprus,Nicosia,Europe,Southern Europe,,CY-->FO,CY-->FO,CY-->FO,CY-->FO,CY-->FO,CY-->FO,CY-->FO,CY-->FO,CY-->FO,CY-->FO,CY-->FO,CY-->FO,CY-->FO,CY-->FO,CY-->FO,CY-->FO,CY-->FO,CY-->FO,CY-->FO,,,,,,,,,,,,,,,,,FO-->CY,FO-->CY,FO-->CY,FO-->CY,FO-->CY,FO-->CY,FO-->CY,FO-->CY,FO-->CY,FO-->CY,FO-->CY,FO-->CY,FO-->CY,FO-->CY,FO-->CY,FO-->CY,FO-->CY,FO-->CY,FO-->CY
CZ,CZE,Czech Republic,Prague,Europe,Eastern Europe,,CZ-->FO,CZ-->FO,CZ-->FO,CZ-->FO,CZ-->FO,CZ-->FO,CZ-->FO,CZ-->FO,CZ-->FO,CZ-->FO,CZ-->FO,CZ-->FO,CZ-->FO,CZ-->FO,CZ-->FO,CZ-->FO,CZ-->FO,CZ-->FO,CZ-->FO,,,,,,,,,,,,,,,,,FO-->CZ,FO-->CZ,FO-->CZ,FO-->CZ,FO-->CZ,FO-->CZ,FO-->CZ,FO-->CZ,FO-->CZ,FO-->CZ,FO-->CZ,FO-->CZ,FO-->CZ,FO-->CZ,FO-->CZ,FO-->CZ,FO-->CZ,FO-->CZ,FO-->CZ
DK,DNK,Denmark,Copenhagen,Europe,Northern Europe,,DK-->FO,DK-->FO,DK-->FO,DK-->FO,DK-->FO,DK-->FO,DK-->FO,DK-->FO,DK-->FO,DK-->FO,DK-->FO,DK-->FO,DK-->FO,DK-->FO,DK-->FO,DK-->FO,DK-->FO,DK-->FO,DK-->FO,,,,,,,,,,,,,,,,,FO-->DK,FO-->DK,FO-->DK,FO-->DK,FO-->DK,FO-->DK,FO-->DK,FO-->DK,FO-->DK,FO-->DK,FO-->DK,FO-->DK,FO-->DK,FO-->DK,FO-->DK,FO-->DK,FO-->DK,FO-->DK,FO-->DK
DJ,DJI,Djibouti,Djibouti,Africa,Eastern Africa,,DJ-->FO,DJ-->FO,DJ-->FO,DJ-->FO,DJ-->FO,DJ-->FO,DJ-->FO,DJ-->FO,DJ-->FO,DJ-->FO,DJ-->FO,DJ-->FO,DJ-->FO,DJ-->FO,DJ-->FO,DJ-->FO,DJ-->FO,DJ-->FO,DJ-->FO,,,,,,,,,,,,,,,,,FO-->DJ,FO-->DJ,FO-->DJ,FO-->DJ,FO-->DJ,FO-->DJ,FO-->DJ,FO-->DJ,FO-->DJ,FO-->DJ,FO-->DJ,FO-->DJ,FO-->DJ,FO-->DJ,FO-->DJ,FO-->DJ,FO-->DJ,FO-->DJ,FO-->DJ
DM,DMA,Dominica,Roseau,Americas,Caribbean,,DM-->FO,DM-->FO,DM-->FO,DM-->FO,DM-->FO,DM-->FO,DM-->FO,DM-->FO,DM-->FO,DM-->FO,DM-->FO,DM-->FO,DM-->FO,DM-->FO,DM-->FO,DM-->FO,DM-->FO,DM-->FO,DM-->FO,,,,,,,,,,,,,,,,,FO-->DM,FO-->DM,FO-->DM,FO-->DM,FO-->DM,FO-->DM,FO-->DM,FO-->DM,FO-->DM,FO-->DM,FO-->DM,FO-->DM,FO-->DM,FO-->DM,FO-->DM,FO-->DM,FO-->DM,FO-->DM,FO-->DM
DO,DOM,Dominican Republic,Santo Domingo,Americas,Caribbean,,DO-->FO,DO-->FO,DO-->FO,DO-->FO,DO-->FO,DO-->FO,DO-->FO,DO-->FO,DO-->FO,DO-->FO,DO-->FO,DO-->FO,DO-->FO,DO-->FO,DO-->FO,DO-->FO,DO-->FO,DO-->FO,DO-->FO,,,,,,,,,,,,,,,,,FO-->DO,FO-->DO,FO-->DO,FO-->DO,FO-->DO,FO-->DO,FO-->DO,FO-->DO,FO-->DO,FO-->DO,FO-->DO,FO-->DO,FO-->DO,FO-->DO,FO-->DO,FO-->DO,FO-->DO,FO-->DO,FO-->DO
EC,ECU,Ecuador,Quito,Americas,South America,,EC-->FO,EC-->FO,EC-->FO,EC-->FO,EC-->FO,EC-->FO,EC-->FO,EC-->FO,EC-->FO,EC-->FO,EC-->FO,EC-->FO,EC-->FO,EC-->FO,EC-->FO,EC-->FO,EC-->FO,EC-->FO,EC-->FO,,,,,,,,,,,,,,,,,FO-->EC,FO-->EC,FO-->EC,FO-->EC,FO-->EC,FO-->EC,FO-->EC,FO-->EC,FO-->EC,FO-->EC,FO-->EC,FO-->EC,FO-->EC,FO-->EC,FO-->EC,FO-->EC,FO-->EC,FO-->EC,FO-->EC
EG,EGY,Egypt,Cairo,Africa,Northern Africa,,EG-->FO,EG-->FO,EG-->FO,EG-->FO,EG-->FO,EG-->FO,EG-->FO,EG-->FO,EG-->FO,EG-->FO,EG-->FO,EG-->FO,EG-->FO,EG-->FO,EG-->FO,EG-->FO,EG-->FO,EG-->FO,EG-->FO,,,,,,,,,,,,,,,,,FO-->EG,FO-->EG,FO-->EG,FO-->EG,FO-->EG,FO-->EG,FO-->EG,FO-->EG,FO-->EG,FO-->EG,FO-->EG,FO-->EG,FO-->EG,FO-->EG,FO-->EG,FO-->EG,FO-->EG,FO-->EG,FO-->EG
SV,SLV,El Salvador,San Salvador,Americas,Central America,,SV-->FO,SV-->FO,SV-->FO,SV-->FO,SV-->FO,SV-->FO,SV-->FO,SV-->FO,SV-->FO,SV-->FO,SV-->FO,SV-->FO,SV-->FO,SV-->FO,SV-->FO,SV-->FO,SV-->FO,SV-->FO,SV-->FO,,,,,,,,,,,,,,,,,FO-->SV,FO-->SV,FO-->SV,FO-->SV,FO-->SV,FO-->SV,FO-->SV,FO-->SV,FO-->SV,FO-->SV,FO-->SV,FO-->SV,FO-->SV,FO-->SV,FO-->SV,FO-->SV,FO-->SV,FO-->SV,FO-->SV
GQ,GNQ,Equatorial Guinea,Malabo,Africa,Middle Africa,,GQ-->FO,GQ-->FO,GQ-->FO,GQ-->FO,GQ-->FO,GQ-->FO,GQ-->FO,GQ-->FO,GQ-->FO,GQ-->FO,GQ-->FO,GQ-->FO,GQ-->FO,GQ-->FO,GQ-->FO,GQ-->FO,GQ-->FO,GQ-->FO,GQ-->FO,,,,,,,,,,,,,,,,,FO-->GQ,FO-->GQ,FO-->GQ,FO-->GQ,FO-->GQ,FO-->GQ,FO-->GQ,FO-->GQ,FO-->GQ,FO-->GQ,FO-->GQ,FO-->GQ,FO-->GQ,FO-->GQ,FO-->GQ,FO-->GQ,FO-->GQ,FO-->GQ,FO-->GQ
ER,ERI,Eritrea,Asmara,Africa,Eastern Africa,,ER-->FO,ER-->FO,ER-->FO,ER-->FO,ER-->FO,ER-->FO,ER-->FO,ER-->FO,ER-->FO,ER-->FO,ER-->FO,ER-->FO,ER-->FO,ER-->FO,ER-->FO,ER-->FO,ER-->FO,ER-->FO,ER-->FO,,,,,,,,,,,,,,,,,FO-->ER,FO-->ER,FO-->ER,FO-->ER,FO-->ER,FO-->ER,FO-->ER,FO-->ER,FO-->ER,FO-->ER,FO-->ER,FO-->ER,FO-->ER,FO-->ER,FO-->ER,FO-->ER,FO-->ER,FO-->ER,FO-->ER
EE,EST,Estonia,Tallinn,Europe,Northern Europe,,EE-->FO,EE-->FO,EE-->FO,EE-->FO,EE-->FO,EE-->FO,EE-->FO,EE-->FO,EE-->FO,EE-->FO,EE-->FO,EE-->FO,EE-->FO,EE-->FO,EE-->FO,EE-->FO,EE-->FO,EE-->FO,EE-->FO,,,,,,,,,,,,,,,,,FO-->EE,FO-->EE,FO-->EE,FO-->EE,FO-->EE,FO-->EE,FO-->EE,FO-->EE,FO-->EE,FO-->EE,FO-->EE,FO-->EE,FO-->EE,FO-->EE,FO-->EE,FO-->EE,FO-->EE,FO-->EE,FO-->EE
ET,ETH,Ethiopia,Addis Ababa,Africa,Eastern Africa,,ET-->FO,ET-->FO,ET-->FO,ET-->FO,ET-->FO,ET-->FO,ET-->FO,ET-->FO,ET-->FO,ET-->FO,ET-->FO,ET-->FO,ET-->FO,ET-->FO,ET-->FO,ET-->FO,ET-->FO,ET-->FO,ET-->FO,,,,,,,,,,,,,,,,,FO-->ET,FO-->ET,FO-->ET,FO-->ET,FO-->ET,FO-->ET,FO-->ET,FO-->ET,FO-->ET,FO-->ET,FO-->ET,FO-->ET,FO-->ET,FO-->ET,FO-->ET,FO-->ET,FO-->ET,FO-->ET,FO-->ET
FK,FLK,Falkland Islands,Stanley,Americas,South America,,FK-->FO,FK-->FO,FK-->FO,FK-->FO,FK-->FO,FK-->FO,FK-->FO,FK-->FO,FK-->FO,FK-->FO,FK-->FO,FK-->FO,FK-->FO,FK-->FO,FK-->FO,FK-->FO,FK-->FO,FK-->FO,FK-->FO,,,,,,,,,,,,,,,,,FO-->FK,FO-->FK,FO-->FK,FO-->FK,FO-->FK,FO-->FK,FO-->FK,FO-->FK,FO-->FK,FO-->FK,FO-->FK,FO-->FK,FO-->FK,FO-->FK,FO-->FK,FO-->FK,FO-->FK,FO-->FK,FO-->FK
FO,FRO,Faroe Islands,Tórshavn,Europe,Northern Europe,,FO-->FO,FO-->FO,FO-->FO,FO-->FO,FO-->FO,FO-->FO,FO-->FO,FO-->FO,FO-->FO,FO-->FO,FO-->FO,FO-->FO,FO-->FO,FO-->FO,FO-->FO,FO-->FO,FO-->FO,FO-->FO,FO-->FO,,,,,,,,,,,,,,,,,FO-->FO,FO-->FO,FO-->FO,FO-->FO,FO-->FO,FO-->FO,FO-->FO,FO-->FO,FO-->FO,FO-->FO,FO-->FO,FO-->FO,FO-->FO,FO-->FO,FO-->FO,FO-->FO,FO-->FO,FO-->FO,FO-->FO
FJ,FJI,Fiji,Suva,Oceania,Melanesia,,FJ-->FO,FJ-->FO,FJ-->FO,FJ-->FO,FJ-->FO,FJ-->FO,FJ-->FO,FJ-->FO,FJ-->FO,FJ-->FO,FJ-->FO,FJ-->FO,FJ-->FO,FJ-->FO,FJ-->FO,FJ-->FO,FJ-->FO,FJ-->FO,FJ-->FO,,,,,,,,,,,,,,,,,FO-->FJ,FO-->FJ,FO-->FJ,FO-->FJ,FO-->FJ,FO-->FJ,FO-->FJ,FO-->FJ,FO-->FJ,FO-->FJ,FO-->FJ,FO-->FJ,FO-->FJ,FO-->FJ,FO-->FJ,FO-->FJ,FO-->FJ,FO-->FJ,FO-->FJ
FI,FIN,Finland,Helsinki,Europe,Northern Europe,,FI-->FO,FI-->FO,FI-->FO,FI-->FO,FI-->FO,FI-->FO,FI-->FO,FI-->FO,FI-->FO,FI-->FO,FI-->FO,FI-->FO,FI-->FO,FI-->FO,FI-->FO,FI-->FO,FI-->FO,FI-->FO,FI-->FO,,,,,,,,,,,,,,,,,FO-->FI,FO-->FI,FO-->FI,FO-->FI,FO-->FI,FO-->FI,FO-->FI,FO-->FI,FO-->FI,FO-->FI,FO-->FI,FO-->FI,FO-->FI,FO-->FI,FO-->FI,FO-->FI,FO-->FI,FO-->FI,FO-->FI
FR,FRA,France,Paris,Europe,Western Europe,,FR-->FO,FR-->FO,FR-->FO,FR-->FO,FR-->FO,FR-->FO,FR-->FO,FR-->FO,FR-->FO,FR-->FO,FR-->FO,FR-->FO,FR-->FO,FR-->FO,FR-->FO,FR-->FO,FR-->FO,FR-->FO,FR-->FO,,,,,,,,,,,,,,,,,FO-->FR,FO-->FR,FO-->FR,FO-->FR,FO-->FR,FO-->FR,FO-->FR,FO-->FR,FO-->FR,FO-->FR,FO-->FR,FO-->FR,FO-->FR,FO-->FR,FO-->FR,FO-->FR,FO-->FR,FO-->FR,FO-->FR
GF,GUF,French Guiana,Cayenne,Americas,South America,,GF-->FO,GF-->FO,GF-->FO,GF-->FO,GF-->FO,GF-->FO,GF-->FO,GF-->FO,GF-->FO,GF-->FO,GF-->FO,GF-->FO,GF-->FO,GF-->FO,GF-->FO,GF-->FO,GF-->FO,GF-->FO,GF-->FO,,,,,,,,,,,,,,,,,FO-->GF,FO-->GF,FO-->GF,FO-->GF,FO-->GF,FO-->GF,FO-->GF,FO-->GF,FO-->GF,FO-->GF,FO-->GF,FO-->GF,FO-->GF,FO-->GF,FO-->GF,FO-->GF,FO-->GF,FO-->GF,FO-->GF
PF,PYF,French Polynesia,Papeetē,Oceania,Polynesia,,PF-->FO,PF-->FO,PF-->FO,PF-->FO,PF-->FO,PF-->FO,PF-->FO,PF-->FO,PF-->FO,PF-->FO,PF-->FO,PF-->FO,PF-->FO,PF-->FO,PF-->FO,PF-->FO,PF-->FO,PF-->FO,PF-->FO,,,,,,,,,,,,,,,,,FO-->PF,FO-->PF,FO-->PF,FO-->PF,FO-->PF,FO-->PF,FO-->PF,FO-->PF,FO-->PF,FO-->PF,FO-->PF,FO-->PF,FO-->PF,FO-->PF,FO-->PF,FO-->PF,FO-->PF,FO-->PF,FO-->PF
TF,ATF,French Southern and Antarctic Lands,Port-aux-Français,Africa,Southern Africa,,TF-->FO,TF-->FO,TF-->FO,TF-->FO,TF-->FO,TF-->FO,TF-->FO,TF-->FO,TF-->FO,TF-->FO,TF-->FO,TF-->FO,TF-->FO,TF-->FO,TF-->FO,TF-->FO,TF-->FO,TF-->FO,TF-->FO,,,,,,,,,,,,,,,,,FO-->TF,FO-->TF,FO-->TF,FO-->TF,FO-->TF,FO-->TF,FO-->TF,FO-->TF,FO-->TF,FO-->TF,FO-->TF,FO-->TF,FO-->TF,FO-->TF,FO-->TF,FO-->TF,FO-->TF,FO-->TF,FO-->TF
GA,GAB,Gabon,Libreville,Africa,Middle Africa,,GA-->FO,GA-->FO,GA-->FO,GA-->FO,GA-->FO,GA-->FO,GA-->FO,GA-->FO,GA-->FO,GA-->FO,GA-->FO,GA-->FO,GA-->FO,GA-->FO,GA-->FO,GA-->FO,GA-->FO,GA-->FO,GA-->FO,,,,,,,,,,,,,,,,,FO-->GA,FO-->GA,FO-->GA,FO-->GA,FO-->GA,FO-->GA,FO-->GA,FO-->GA,FO-->GA,FO-->GA,FO-->GA,FO-->GA,FO-->GA,FO-->GA,FO-->GA,FO-->GA,FO-->GA,FO-->GA,FO-->GA
GM,GMB,The Gambia,Banjul,Africa,Western Africa,,GM-->FO,GM-->FO,GM-->FO,GM-->FO,GM-->FO,GM-->FO,GM-->FO,GM-->FO,GM-->FO,GM-->FO,GM-->FO,GM-->FO,GM-->FO,GM-->FO,GM-->FO,GM-->FO,GM-->FO,GM-->FO,GM-->FO,,,,,,,,,,,,,,,,,FO-->GM,FO-->GM,FO-->GM,FO-->GM,FO-->GM,FO-->GM,FO-->GM,FO-->GM,FO-->GM,FO-->GM,FO-->GM,FO-->GM,FO-->GM,FO-->GM,FO-->GM,FO-->GM,FO-->GM,FO-->GM,FO-->GM
GE,GEO,Georgia,Tbilisi,Asia,Western Asia,,GE-->FO,GE-->FO,GE-->FO,GE-->FO,GE-->FO,GE-->FO,GE-->FO,GE-->FO,GE-->FO,GE-->FO,GE-->FO,GE-->FO,GE-->FO,GE-->FO,GE-->FO,GE-->FO,GE-->FO,GE-->FO,GE-->FO,,,,,,,,,,,,,,,,,FO-->GE,FO-->GE,FO-->GE,FO-->GE,FO-->GE,FO-->GE,FO-->GE,FO-->GE,FO-->GE,FO-->GE,FO-->GE,FO-->GE,FO-->GE,FO-->GE,FO-->GE,FO-->GE,FO-->GE,FO-->GE,FO-->GE
DE,DEU,Germany,Berlin,Europe,Western Europe,,DE-->FO,DE-->FO,DE-->FO,DE-->FO,DE-->FO,DE-->FO,DE-->FO,DE-->FO,DE-->FO,DE-->FO,DE-->FO,DE-->FO,DE-->FO,DE-->FO,DE-->FO,DE-->FO,DE-->FO,DE-->FO,DE-->FO,,,,,,,,,,,,,,,,,FO-->DE,FO-->DE,FO-->DE,FO-->DE,FO-->DE,FO-->DE,FO-->DE,FO-->DE,FO-->DE,FO-->DE,FO-->DE,FO-->DE,FO-->DE,FO-->DE,FO-->DE,FO-->DE,FO-->DE,FO-->DE,FO-->DE
GH,GHA,Ghana,Accra,Africa,Western Africa,,GH-->FO,GH-->FO,GH-->FO,GH-->FO,GH-->FO,GH-->FO,GH-->FO,GH-->FO,GH-->FO,GH-->FO,GH-->FO,GH-->FO,GH-->FO,GH-->FO,GH-->FO,GH-->FO,GH-->FO,GH-->FO,GH-->FO,,,,,,,,,,,,,,,,,FO-->GH,FO-->GH,FO-->GH,FO-->GH,FO-->GH,FO-->GH,FO-->GH,FO-->GH,FO-->GH,FO-->GH,FO-->GH,FO-->GH,FO-->GH,FO-->GH,FO-->GH,FO-->GH,FO-->GH,FO-->GH,FO-->GH
GI,GIB,Gibraltar,Gibraltar,Europe,Southern Europe,,GI-->FO,GI-->FO,GI-->FO,GI-->FO,GI-->FO,GI-->FO,GI-->FO,GI-->FO,GI-->FO,GI-->FO,GI-->FO,GI-->FO,GI-->FO,GI-->FO,GI-->FO,GI-->FO,GI-->FO,GI-->FO,GI-->FO,,,,,,,,,,,,,,,,,FO-->GI,FO-->GI,FO-->GI,FO-->GI,FO-->GI,FO-->GI,FO-->GI,FO-->GI,FO-->GI,FO-->GI,FO-->GI,FO-->GI,FO-->GI,FO-->GI,FO-->GI,FO-->GI,FO-->GI,FO-->GI,FO-->GI
GR,GRC,Greece,Athens,Europe,Southern Europe,,GR-->FO,GR-->FO,GR-->FO,GR-->FO,GR-->FO,GR-->FO,GR-->FO,GR-->FO,GR-->FO,GR-->FO,GR-->FO,GR-->FO,GR-->FO,GR-->FO,GR-->FO,GR-->FO,GR-->FO,GR-->FO,GR-->FO,,,,,,,,,,,,,,,,,FO-->GR,FO-->GR,FO-->GR,FO-->GR,FO-->GR,FO-->GR,FO-->GR,FO-->GR,FO-->GR,FO-->GR,FO-->GR,FO-->GR,FO-->GR,FO-->GR,FO-->GR,FO-->GR,FO-->GR,FO-->GR,FO-->GR
GL,GRL,Greenland,Nuuk,Americas,Northern America,,GL-->FO,GL-->FO,GL-->FO,GL-->FO,GL-->FO,GL-->FO,GL-->FO,GL-->FO,GL-->FO,GL-->FO,GL-->FO,GL-->FO,GL-->FO,GL-->FO,GL-->FO,GL-->FO,GL-->FO,GL-->FO,GL-->FO,,,,,,,,,,,,,,,,,FO-->GL,FO-->GL,FO-->GL,FO-->GL,FO-->GL,FO-->GL,FO-->GL,FO-->GL,FO-->GL,FO-->GL,FO-->GL,FO-->GL,FO-->GL,FO-->GL,FO-->GL,FO-->GL,FO-->GL,FO-->GL,FO-->GL
GD,GRD,Grenada,St. George's,Americas,Caribbean,,GD-->FO,GD-->FO,GD-->FO,GD-->FO,GD-->FO,GD-->FO,GD-->FO,GD-->FO,GD-->FO,GD-->FO,GD-->FO,GD-->FO,GD-->FO,GD-->FO,GD-->FO,GD-->FO,GD-->FO,GD-->FO,GD-->FO,,,,,,,,,,,,,,,,,FO-->GD,FO-->GD,FO-->GD,FO-->GD,FO-->GD,FO-->GD,FO-->GD,FO-->GD,FO-->GD,FO-->GD,FO-->GD,FO-->GD,FO-->GD,FO-->GD,FO-->GD,FO-->GD,FO-->GD,FO-->GD,FO-->GD
GP,GLP,Guadeloupe,Basse-Terre,Americas,Caribbean,,GP-->FO,GP-->FO,GP-->FO,GP-->FO,GP-->FO,GP-->FO,GP-->FO,GP-->FO,GP-->FO,GP-->FO,GP-->FO,GP-->FO,GP-->FO,GP-->FO,GP-->FO,GP-->FO,GP-->FO,GP-->FO,GP-->FO,,,,,,,,,,,,,,,,,FO-->GP,FO-->GP,FO-->GP,FO-->GP,FO-->GP,FO-->GP,FO-->GP,FO-->GP,FO-->GP,FO-->GP,FO-->GP,FO-->GP,FO-->GP,FO-->GP,FO-->GP,FO-->GP,FO-->GP,FO-->GP,FO-->GP
GU,GUM,Guam,Hagåtña,Oceania,Micronesia,,GU-->FO,GU-->FO,GU-->FO,GU-->FO,GU-->FO,GU-->FO,GU-->FO,GU-->FO,GU-->FO,GU-->FO,GU-->FO,GU-->FO,GU-->FO,GU-->FO,GU-->FO,GU-->FO,GU-->FO,GU-->FO,GU-->FO,,,,,,,,,,,,,,,,,FO-->GU,FO-->GU,FO-->GU,FO-->GU,FO-->GU,FO-->GU,FO-->GU,FO-->GU,FO-->GU,FO-->GU,FO-->GU,FO-->GU,FO-->GU,FO-->GU,FO-->GU,FO-->GU,FO-->GU,FO-->GU,FO-->GU
GT,GTM,Guatemala,Guatemala City,Americas,Central America,,GT-->FO,GT-->FO,GT-->FO,GT-->FO,GT-->FO,GT-->FO,GT-->FO,GT-->FO,GT-->FO,GT-->FO,GT-->FO,GT-->FO,GT-->FO,GT-->FO,GT-->FO,GT-->FO,GT-->FO,GT-->FO,GT-->FO,,,,,,,,,,,,,,,,,FO-->GT,FO-->GT,FO-->GT,FO-->GT,FO-->GT,FO-->GT,FO-->GT,FO-->GT,FO-->GT,FO-->GT,FO-->GT,FO-->GT,FO-->GT,FO-->GT,FO-->GT,FO-->GT,FO-->GT,FO-->GT,FO-->GT
GG,GGY,Guernsey,St. Peter Port,Europe,Northern Europe,,GG-->FO,GG-->FO,GG-->FO,GG-->FO,GG-->FO,GG-->FO,GG-->FO,GG-->FO,GG-->FO,GG-->FO,GG-->FO,GG-->FO,GG-->FO,GG-->FO,GG-->FO,GG-->FO,GG-->FO,GG-->FO,GG-->FO,,,,,,,,,,,,,,,,,FO-->GG,FO-->GG,FO-->GG,FO-->GG,FO-->GG,FO-->GG,FO-->GG,FO-->GG,FO-->GG,FO-->GG,FO-->GG,FO-->GG,FO-->GG,FO-->GG,FO-->GG,FO-->GG,FO-->GG,FO-->GG,FO-->GG
GN,GIN,Guinea,Conakry,Africa,Western Africa,,GN-->FO,GN-->FO,GN-->FO,GN-->FO,GN-->FO,GN-->FO,GN-->FO,GN-->FO,GN-->FO,GN-->FO,GN-->FO,GN-->FO,GN-->FO,GN-->FO,GN-->FO,GN-->FO,GN-->FO,GN-->FO,GN-->FO,,,,,,,,,,,,,,,,,FO-->GN,FO-->GN,FO-->GN,FO-->GN,FO-->GN,FO-->GN,FO-->GN,FO-->GN,FO-->GN,FO-->GN,FO-->GN,FO-->GN,FO-->GN,FO-->GN,FO-->GN,FO-->GN,FO-->GN,FO-->GN,FO-->GN
GW,GNB,Guinea-Bissau,Bissau,Africa,Western Africa,,GW-->FO,GW-->FO,GW-->FO,GW-->FO,GW-->FO,GW-->FO,GW-->FO,GW-->FO,GW-->FO,GW-->FO,GW-->FO,GW-->FO,GW-->FO,GW-->FO,GW-->FO,GW-->FO,GW-->FO,GW-->FO,GW-->FO,,,,,,,,,,,,,,,,,FO-->GW,FO-->GW,FO-->GW,FO-->GW,FO-->GW,FO-->GW,FO-->GW,FO-->GW,FO-->GW,FO-->GW,FO-->GW,FO-->GW,FO-->GW,FO-->GW,FO-->GW,FO-->GW,FO-->GW,FO-->GW,FO-->GW
GY,GUY,Guyana,Georgetown,Americas,South America,,GY-->FO,GY-->FO,GY-->FO,GY-->FO,GY-->FO,GY-->FO,GY-->FO,GY-->FO,GY-->FO,GY-->FO,GY-->FO,GY-->FO,GY-->FO,GY-->FO,GY-->FO,GY-->FO,GY-->FO,GY-->FO,GY-->FO,,,,,,,,,,,,,,,,,FO-->GY,FO-->GY,FO-->GY,FO-->GY,FO-->GY,FO-->GY,FO-->GY,FO-->GY,FO-->GY,FO-->GY,FO-->GY,FO-->GY,FO-->GY,FO-->GY,FO-->GY,FO-->GY,FO-->GY,FO-->GY,FO-->GY
HT,HTI,Haiti,Port-au-Prince,Americas,Caribbean,,HT-->FO,HT-->FO,HT-->FO,HT-->FO,HT-->FO,HT-->FO,HT-->FO,HT-->FO,HT-->FO,HT-->FO,HT-->FO,HT-->FO,HT-->FO,HT-->FO,HT-->FO,HT-->FO,HT-->FO,HT-->FO,HT-->FO,,,,,,,,,,,,,,,,,FO-->HT,FO-->HT,FO-->HT,FO-->HT,FO-->HT,FO-->HT,FO-->HT,FO-->HT,FO-->HT,FO-->HT,FO-->HT,FO-->HT,FO-->HT,FO-->HT,FO-->HT,FO-->HT,FO-->HT,FO-->HT,FO-->HT
HM,HMD,Heard Island and McDonald Islands,,,,,HM-->FO,HM-->FO,HM-->FO,HM-->FO,HM-->FO,HM-->FO,HM-->FO,HM-->FO,HM-->FO,HM-->FO,HM-->FO,HM-->FO,HM-->FO,HM-->FO,HM-->FO,HM-->FO,HM-->FO,HM-->FO,HM-->FO,,,,,,,,,,,,,,,,,FO-->HM,FO-->HM,FO-->HM,FO-->HM,FO-->HM,FO-->HM,FO-->HM,FO-->HM,FO-->HM,FO-->HM,FO-->HM,FO-->HM,FO-->HM,FO-->HM,FO-->HM,FO-->HM,FO-->HM,FO-->HM,FO-->HM
VA,VAT,Holy See,Rome,Europe,Southern Europe,,VA-->FO,VA-->FO,VA-->FO,VA-->FO,VA-->FO,VA-->FO,VA-->FO,VA-->FO,VA-->FO,VA-->FO,VA-->FO,VA-->FO,VA-->FO,VA-->FO,VA-->FO,VA-->FO,VA-->FO,VA-->FO,VA-->FO,,,,,,,,,,,,,,,,,FO-->VA,FO-->VA,FO-->VA,FO-->VA,FO-->VA,FO-->VA,FO-->VA,FO-->VA,FO-->VA,FO-->VA,FO-->VA,FO-->VA,FO-->VA,FO-->VA,FO-->VA,FO-->VA,FO-->VA,FO-->VA,FO-->VA
HN,HND,Honduras,Tegucigalpa,Americas,Central America,,HN-->FO,HN-->FO,HN-->FO,HN-->FO,HN-->FO,HN-->FO,HN-->FO,HN-->FO,HN-->FO,HN-->FO,HN-->FO,HN-->FO,HN-->FO,HN-->FO,HN-->FO,HN-->FO,HN-->FO,HN-->FO,HN-->FO,,,,,,,,,,,,,,,,,FO-->HN,FO-->HN,FO-->HN,FO-->HN,FO-->HN,FO-->HN,FO-->HN,FO-->HN,FO-->HN,FO-->HN,FO-->HN,FO-->HN,FO-->HN,FO-->HN,FO-->HN,FO-->HN,FO-->HN,FO-->HN,FO-->HN
HK,HKG,Hong Kong,City of Victoria,Asia,Eastern Asia,,HK-->FO,HK-->FO,HK-->FO,HK-->FO,HK-->FO,HK-->FO,HK-->FO,HK-->FO,HK-->FO,HK-->FO,HK-->FO,HK-->FO,HK-->FO,HK-->FO,HK-->FO,HK-->FO,HK-->FO,HK-->FO,HK-->FO,,,,,,,,,,,,,,,,,FO-->HK,FO-->HK,FO-->HK,FO-->HK,FO-->HK,FO-->HK,FO-->HK,FO-->HK,FO-->HK,FO-->HK,FO-->HK,FO-->HK,FO-->HK,FO-->HK,FO-->HK,FO-->HK,FO-->HK,FO-->HK,FO-->HK
HU,HUN,Hungary,Budapest,Europe,Eastern Europe,,HU-->FO,HU-->FO,HU-->FO,HU-->FO,HU-->FO,HU-->FO,HU-->FO,HU-->FO,HU-->FO,HU-->FO,HU-->FO,HU-->FO,HU-->FO,HU-->FO,HU-->FO,HU-->FO,HU-->FO,HU-->FO,HU-->FO,,,,,,,,,,,,,,,,,FO-->HU,FO-->HU,FO-->HU,FO-->HU,FO-->HU,FO-->HU,FO-->HU,FO-->HU,FO-->HU,FO-->HU,FO-->HU,FO-->HU,FO-->HU,FO-->HU,FO-->HU,FO-->HU,FO-->HU,FO-->HU,FO-->HU
IS,ISL,Iceland,Reykjavík,Europe,Northern Europe,,IS-->FO,IS-->FO,IS-->FO,IS-->FO,IS-->FO,IS-->FO,IS-->FO,IS-->FO,IS-->FO,IS-->FO,IS-->FO,IS-->FO,IS-->FO,IS-->FO,IS-->FO,IS-->FO,IS-->FO,IS-->FO,IS-->FO,,,,,,,,,,,,,,,,,FO-->IS,FO-->IS,FO-->IS,FO-->IS,FO-->IS,FO-->IS,FO-->IS,FO-->IS,FO-->IS,FO-->IS,FO-->IS,FO-->IS,FO-->IS,FO-->IS,FO-->IS,FO-->IS,FO-->IS,FO-->IS,FO-->IS
IN,IND,India,New Delhi,Asia,Southern Asia,,IN-->FO,IN-->FO,IN-->FO,IN-->FO,IN-->FO,IN-->FO,IN-->FO,IN-->FO,IN-->FO,IN-->FO,IN-->FO,IN-->FO,IN-->FO,IN-->FO,IN-->FO,IN-->FO,IN-->FO,IN-->FO,IN-->FO,,,,,,,,,,,,,,,,,FO-->IN,FO-->IN,FO-->IN,FO-->IN,FO-->IN,FO-->IN,FO-->IN,FO-->IN,FO-->IN,FO-->IN,FO-->IN,FO-->IN,FO-->IN,FO-->IN,FO-->IN,FO-->IN,FO-->IN,FO-->IN,FO-->IN
ID,IDN,Indonesia,Jakarta,Asia,South-Eastern Asia,,ID-->FO,ID-->FO,ID-->FO,ID-->FO,ID-->FO,ID-->FO,ID-->FO,ID-->FO,ID-->FO,ID-->FO,ID-->FO,ID-->FO,ID-->FO,ID-->FO,ID-->FO,ID-->FO,ID-->FO,ID-->FO,ID-->FO,,,,,,,,,,,,,,,,,FO-->ID,FO-->ID,FO-->ID,FO-->ID,FO-->ID,FO-->ID,FO-->ID,FO-->ID,FO-->ID,FO-->ID,FO-->ID,FO-->ID,FO-->ID,FO-->ID,FO-->ID,FO-->ID,FO-->ID,FO-->ID,FO-->ID
CI,CIV,Ivory Coast,Yamoussoukro,Africa,Western Africa,,CI-->FO,CI-->FO,CI-->FO,CI-->FO,CI-->FO,CI-->FO,CI-->FO,CI-->FO,CI-->FO,CI-->FO,CI-->FO,CI-->FO,CI-->FO,CI-->FO,CI-->FO,CI-->FO,CI-->FO,CI-->FO,CI-->FO,,,,,,,,,,,,,,,,,FO-->CI,FO-->CI,FO-->CI,FO-->CI,FO-->CI,FO-->CI,FO-->CI,FO-->CI,FO-->CI,FO-->CI,FO-->CI,FO-->CI,FO-->CI,FO-->CI,FO-->CI,FO-->CI,FO-->CI,FO-->CI,FO-->CI
IR,IRN,Iran,Tehran,Asia,Southern Asia,,IR-->FO,IR-->FO,IR-->FO,IR-->FO,IR-->FO,IR-->FO,IR-->FO,IR-->FO,IR-->FO,IR-->FO,IR-->FO,IR-->FO,IR-->FO,IR-->FO,IR-->FO,IR-->FO,IR-->FO,IR-->FO,IR-->FO,,,,,,,,,,,,,,,,,FO-->IR,FO-->IR,FO-->IR,FO-->IR,FO-->IR,FO-->IR,FO-->IR,FO-->IR,FO-->IR,FO-->IR,FO-->IR,FO-->IR,FO-->IR,FO-->IR,FO-->IR,FO-->IR,FO-->IR,FO-->IR,FO-->IR
IQ,IRQ,Iraq,Baghdad,Asia,Western Asia,,IQ-->FO,IQ-->FO,IQ-->FO,IQ-->FO,IQ-->FO,IQ-->FO,IQ-->FO,IQ-->FO,IQ-->FO,IQ-->FO,IQ-->FO,IQ-->FO,IQ-->FO,IQ-->FO,IQ-->FO,IQ-->FO,IQ-->FO,IQ-->FO,IQ-->FO,,,,,,,,,,,,,,,,,FO-->IQ,FO-->IQ,FO-->IQ,FO-->IQ,FO-->IQ,FO-->IQ,FO-->IQ,FO-->IQ,FO-->IQ,FO-->IQ,FO-->IQ,FO-->IQ,FO-->IQ,FO-->IQ,FO-->IQ,FO-->IQ,FO-->IQ,FO-->IQ,FO-->IQ
IE,IRL,Republic of Ireland,Dublin,Europe,Northern Europe,,IE-->FO,IE-->FO,IE-->FO,IE-->FO,IE-->FO,IE-->FO,IE-->FO,IE-->FO,IE-->FO,IE-->FO,IE-->FO,IE-->FO,IE-->FO,IE-->FO,IE-->FO,IE-->FO,IE-->FO,IE-->FO,IE-->FO,,,,,,,,,,,,,,,,,FO-->IE,FO-->IE,FO-->IE,FO-->IE,FO-->IE,FO-->IE,FO-->IE,FO-->IE,FO-->IE,FO-->IE,FO-->IE,FO-->IE,FO-->IE,FO-->IE,FO-->IE,FO-->IE,FO-->IE,FO-->IE,FO-->IE
IM,IMN,Isle of Man,Douglas,Europe,Northern Europe,,IM-->FO,IM-->FO,IM-->FO,IM-->FO,IM-->FO,IM-->FO,IM-->FO,IM-->FO,IM-->FO,IM-->FO,IM-->FO,IM-->FO,IM-->FO,IM-->FO,IM-->FO,IM-->FO,IM-->FO,IM-->FO,IM-->FO,,,,,,,,,,,,,,,,,FO-->IM,FO-->IM,FO-->IM,FO-->IM,FO-->IM,FO-->IM,FO-->IM,FO-->IM,FO-->IM,FO-->IM,FO-->IM,FO-->IM,FO-->IM,FO-->IM,FO-->IM,FO-->IM,FO-->IM,FO-->IM,FO-->IM
IL,ISR,Israel,Jerusalem,Asia,Western Asia,,IL-->FO,IL-->FO,IL-->FO,IL-->FO,IL-->FO,IL-->FO,IL-->FO,IL-->FO,IL-->FO,IL-->FO,IL-->FO,IL-->FO,IL-->FO,IL-->FO,IL-->FO,IL-->FO,IL-->FO,IL-->FO,IL-->FO,,,,,,,,,,,,,,,,,FO-->IL,FO-->IL,FO-->IL,FO-->IL,FO-->IL,FO-->IL,FO-->IL,FO-->IL,FO-->IL,FO-->IL,FO-->IL,FO-->IL,FO-->IL,FO-->IL,FO-->IL,FO-->IL,FO-->IL,FO-->IL,FO-->IL
IT,ITA,Italy,Rome,Europe,Southern Europe,,IT-->FO,IT-->FO,IT-->FO,IT-->FO,IT-->FO,IT-->FO,IT-->FO,IT-->FO,IT-->FO,IT-->FO,IT-->FO,IT-->FO,IT-->FO,IT-->FO,IT-->FO,IT-->FO,IT-->FO,IT-->FO,IT-->FO,,,,,,,,,,,,,,,,,FO-->IT,FO-->IT,FO-->IT,FO-->IT,FO-->IT,FO-->IT,FO-->IT,FO-->IT,FO-->IT,FO-->IT,FO-->IT,FO-->IT,FO-->IT,FO-->IT,FO-->IT,FO-->IT,FO-->IT,FO-->IT,FO-->IT
JM,JAM,Jamaica,Kingston,Americas,Caribbean,,JM-->FO,JM-->FO,JM-->FO,JM-->FO,JM-->FO,JM-->FO,JM-->FO,JM-->FO,JM-->FO,JM-->FO,JM-->FO,JM-->FO,JM-->FO,JM-->FO,JM-->FO,JM-->FO,JM-->FO,JM-->FO,JM-->FO,,,,,,,,,,,,,,,,,FO-->JM,FO-->JM,FO-->JM,FO-->JM,FO-->JM,FO-->JM,FO-->JM,FO-->JM,FO-->JM,FO-->JM,FO-->JM,FO-->JM,FO-->JM,FO-->JM,FO-->JM,FO-->JM,FO-->JM,FO-->JM,FO-->JM
JP,JPN,Japan,Tokyo,Asia,Eastern Asia,,JP-->FO,JP-->FO,JP-->FO,JP-->FO,JP-->FO,JP-->FO,JP-->FO,JP-->FO,JP-->FO,JP-->FO,JP-->FO,JP-->FO,JP-->FO,JP-->FO,JP-->FO,JP-->FO,JP-->FO,JP-->FO,JP-->FO,,,,,,,,,,,,,,,,,FO-->JP,FO-->JP,FO-->JP,FO-->JP,FO-->JP,FO-->JP,FO-->JP,FO-->JP,FO-->JP,FO-->JP,FO-->JP,FO-->JP,FO-->JP,FO-->JP,FO-->JP,FO-->JP,FO-->JP,FO-->JP,FO-->JP
JE,JEY,Jersey,Saint Helier,Europe,Northern Europe,,JE-->FO,JE-->FO,JE-->FO,JE-->FO,JE-->FO,JE-->FO,JE-->FO,JE-->FO,JE-->FO,JE-->FO,JE-->FO,JE-->FO,JE-->FO,JE-->FO,JE-->FO,JE-->FO,JE-->FO,JE-->FO,JE-->FO,,,,,,,,,,,,,,,,,FO-->JE,FO-->JE,FO-->JE,FO-->JE,FO-->JE,FO-->JE,FO-->JE,FO-->JE,FO-->JE,FO-->JE,FO-->JE,FO-->JE,FO-->JE,FO-->JE,FO-->JE,FO-->JE,FO-->JE,FO-->JE,FO-->JE
JO,JOR,Jordan,Amman,Asia,Western Asia,,JO-->FO,JO-->FO,JO-->FO,JO-->FO,JO-->FO,JO-->FO,JO-->FO,JO-->FO,JO-->FO,JO-->FO,JO-->FO,JO-->FO,JO-->FO,JO-->FO,JO-->FO,JO-->FO,JO-->FO,JO-->FO,JO-->FO,,,,,,,,,,,,,,,,,FO-->JO,FO-->JO,FO-->JO,FO-->JO,FO-->JO,FO-->JO,FO-->JO,FO-->JO,FO-->JO,FO-->JO,FO-->JO,FO-->JO,FO-->JO,FO-->JO,FO-->JO,FO-->JO,FO-->JO,FO-->JO,FO-->JO
KZ,KAZ,Kazakhstan,Astana,Asia,Central Asia,,KZ-->FO,KZ-->FO,KZ-->FO,KZ-->FO,KZ-->FO,KZ-->FO,KZ-->FO,KZ-->FO,KZ-->FO,KZ-->FO,KZ-->FO,KZ-->FO,KZ-->FO,KZ-->FO,KZ-->FO,KZ-->FO,KZ-->FO,KZ-->FO,KZ-->FO,,,,,,,,,,,,,,,,,FO-->KZ,FO-->KZ,FO-->KZ,FO-->KZ,FO-->KZ,FO-->KZ,FO-->KZ,FO-->KZ,FO-->KZ,FO-->KZ,FO-->KZ,FO-->KZ,FO-->KZ,FO-->KZ,FO-->KZ,FO-->KZ,FO-->KZ,FO-->KZ,FO-->KZ
KE,KEN,Kenya,Nairobi,Africa,Eastern Africa,,KE-->FO,KE-->FO,KE-->FO,KE-->FO,KE-->FO,KE-->FO,KE-->FO,KE-->FO,KE-->FO,KE-->FO,KE-->FO,KE-->FO,KE-->FO,KE-->FO,KE-->FO,KE-->FO,KE-->FO,KE-->FO,KE-->FO,,,,,,,,,,,,,,,,,FO-->KE,FO-->KE,FO-->KE,FO-->KE,FO-->KE,FO-->KE,FO-->KE,FO-->KE,FO-->KE,FO-->KE,FO-->KE,FO-->KE,FO-->KE,FO-->KE,FO-->KE,FO-->KE,FO-->KE,FO-->KE,FO-->KE
KI,KIR,Kiribati,South Tarawa,Oceania,Micronesia,,KI-->FO,KI-->FO,KI-->FO,KI-->FO,KI-->FO,KI-->FO,KI-->FO,KI-->FO,KI-->FO,KI-->FO,KI-->FO,KI-->FO,KI-->FO,KI-->FO,KI-->FO,KI-->FO,KI-->FO,KI-->FO,KI-->FO,,,,,,,,,,,,,,,,,FO-->KI,FO-->KI,FO-->KI,FO-->KI,FO-->KI,FO-->KI,FO-->KI,FO-->KI,FO-->KI,FO-->KI,FO-->KI,FO-->KI,FO-->KI,FO-->KI,FO-->KI,FO-->KI,FO-->KI,FO-->KI,FO-->KI
KW,KWT,Kuwait,Kuwait City,Asia,Western Asia,,KW-->FO,KW-->FO,KW-->FO,KW-->FO,KW-->FO,KW-->FO,KW-->FO,KW-->FO,KW-->FO,KW-->FO,KW-->FO,KW-->FO,KW-->FO,KW-->FO,KW-->FO,KW-->FO,KW-->FO,KW-->FO,KW-->FO,,,,,,,,,,,,,,,,,FO-->KW,FO-->KW,FO-->KW,FO-->KW,FO-->KW,FO-->KW,FO-->KW,FO-->KW,FO-->KW,FO-->KW,FO-->KW,FO-->KW,FO-->KW,FO-->KW,FO-->KW,FO-->KW,FO-->KW,FO-->KW,FO-->KW
KG,KGZ,Kyrgyzstan,Bishkek,Asia,Central Asia,,KG-->FO,KG-->FO,KG-->FO,KG-->FO,KG-->FO,KG-->FO,KG-->FO,KG-->FO,KG-->FO,KG-->FO,KG-->FO,KG-->FO,KG-->FO,KG-->FO,KG-->FO,KG-->FO,KG-->FO,KG-->FO,KG-->FO,,,,,,,,,,,,,,,,,FO-->KG,FO-->KG,FO-->KG,FO-->KG,FO-->KG,FO-->KG,FO-->KG,FO-->KG,FO-->KG,FO-->KG,FO-->KG,FO-->KG,FO-->KG,FO-->KG,FO-->KG,FO-->KG,FO-->KG,FO-->KG,FO-->KG
LA,LAO,Laos,Vientiane,Asia,South-Eastern Asia,,LA-->FO,LA-->FO,LA-->FO,LA-->FO,LA-->FO,LA-->FO,LA-->FO,LA-->FO,LA-->FO,LA-->FO,LA-->FO,LA-->FO,LA-->FO,LA-->FO,LA-->FO,LA-->FO,LA-->FO,LA-->FO,LA-->FO,,,,,,,,,,,,,,,,,FO-->LA,FO-->LA,FO-->LA,FO-->LA,FO-->LA,FO-->LA,FO-->LA,FO-->LA,FO-->LA,FO-->LA,FO-->LA,FO-->LA,FO-->LA,FO-->LA,FO-->LA,FO-->LA,FO-->LA,FO-->LA,FO-->LA
LV,LVA,Latvia,Riga,Europe,Northern Europe,,LV-->FO,LV-->FO,LV-->FO,LV-->FO,LV-->FO,LV-->FO,LV-->FO,LV-->FO,LV-->FO,LV-->FO,LV-->FO,LV-->FO,LV-->FO,LV-->FO,LV-->FO,LV-->FO,LV-->FO,LV-->FO,LV-->FO,,,,,,,,,,,,,,,,,FO-->LV,FO-->LV,FO-->LV,FO-->LV,FO-->LV,FO-->LV,FO-->LV,FO-->LV,FO-->LV,FO-->LV,FO-->LV,FO-->LV,FO-->LV,FO-->LV,FO-->LV,FO-->LV,FO-->LV,FO-->LV,FO-->LV
LB,LBN,Lebanon,Beirut,Asia,Western Asia,,LB-->FO,LB-->FO,LB-->FO,LB-->FO,LB-->FO,LB-->FO,LB-->FO,LB-->FO,LB-->FO,LB-->FO,LB-->FO,LB-->FO,LB-->FO,LB-->FO,LB-->FO,LB-->FO,LB-->FO,LB-->FO,LB-->FO,,,,,,,,,,,,,,,,,FO-->LB,FO-->LB,FO-->LB,FO-->LB,FO-->LB,FO-->LB,FO-->LB,FO-->LB,FO-->LB,FO-->LB,FO-->LB,FO-->LB,FO-->LB,FO-->LB,FO-->LB,FO-->LB,FO-->LB,FO-->LB,FO-->LB
LS,LSO,Lesotho,Maseru,Africa,Southern Africa,,LS-->FO,LS-->FO,LS-->FO,LS-->FO,LS-->FO,LS-->FO,LS-->FO,LS-->FO,LS-->FO,LS-->FO,LS-->FO,LS-->FO,LS-->FO,LS-->FO,LS-->FO,LS-->FO,LS-->FO,LS-->FO,LS-->FO,,,,,,,,,,,,,,,,,FO-->LS,FO-->LS,FO-->LS,FO-->LS,FO-->LS,FO-->LS,FO-->LS,FO-->LS,FO-->LS,FO-->LS,FO-->LS,FO-->LS,FO-->LS,FO-->LS,FO-->LS,FO-->LS,FO-->LS,FO-->LS,FO-->LS
LR,LBR,Liberia,Monrovia,Africa,Western Africa,,LR-->FO,LR-->FO,LR-->FO,LR-->FO,LR-->FO,LR-->FO,LR-->FO,LR-->FO,LR-->FO,LR-->FO,LR-->FO,LR-->FO,LR-->FO,LR-->FO,LR-->FO,LR-->FO,LR-->FO,LR-->FO,LR-->FO,,,,,,,,,,,,,,,,,FO-->LR,FO-->LR,FO-->LR,FO-->LR,FO-->LR,FO-->LR,FO-->LR,FO-->LR,FO-->LR,FO-->LR,FO-->LR,FO-->LR,FO-->LR,FO-->LR,FO-->LR,FO-->LR,FO-->LR,FO-->LR,FO-->LR
LY,LBY,Libya,Tripoli,Africa,Northern Africa,,LY-->FO,LY-->FO,LY-->FO,LY-->FO,LY-->FO,LY-->FO,LY-->FO,LY-->FO,LY-->FO,LY-->FO,LY-->FO,LY-->FO,LY-->FO,LY-->FO,LY-->FO,LY-->FO,LY-->FO,LY-->FO,LY-->FO,,,,,,,,,,,,,,,,,FO-->LY,FO-->LY,FO-->LY,FO-->LY,FO-->LY,FO-->LY,FO-->LY,FO-->LY,FO-->LY,FO-->LY,FO-->LY,FO-->LY,FO-->LY,FO-->LY,FO-->LY,FO-->LY,FO-->LY,FO-->LY,FO-->LY
LI,LIE,Liechtenstein,Vaduz,Europe,Western Europe,,LI-->FO,LI-->FO,LI-->FO,LI-->FO,LI-->FO,LI-->FO,LI-->FO,LI-->FO,LI-->FO,LI-->FO,LI-->FO,LI-->FO,LI-->FO,LI-->FO,LI-->FO,LI-->FO,LI-->FO,LI-->FO,LI-->FO,,,,,,,,,,,,,,,,,FO-->LI,FO-->LI,FO-->LI,FO-->LI,FO-->LI,FO-->LI,FO-->LI,FO-->LI,FO-->LI,FO-->LI,FO-->LI,FO-->LI,FO-->LI,FO-->LI,FO-->LI,FO-->LI,FO-->LI,FO-->LI,FO-->LI
LT,LTU,Lithuania,Vilnius,Europe,Northern Europe,,LT-->FO,LT-->FO,LT-->FO,LT-->FO,LT-->FO,LT-->FO,LT-->FO,LT-->FO,LT-->FO,LT-->FO,LT-->FO,LT-->FO,LT-->FO,LT-->FO,LT-->FO,LT-->FO,LT-->FO,LT-->FO,LT-->FO,,,,,,,,,,,,,,,,,FO-->LT,FO-->LT,FO-->LT,FO-->LT,FO-->LT,FO-->LT,FO-->LT,FO-->LT,FO-->LT,FO-->LT,FO-->LT,FO-->LT,FO-->LT,FO-->LT,FO-->LT,FO-->LT,FO-->LT,FO-->LT,FO-->LT
LU,LUX,Luxembourg,Luxembourg,Europe,Western Europe,,LU-->FO,LU-->FO,LU-->FO,LU-->FO,LU-->FO,LU-->FO,LU-->FO,LU-->FO,LU-->FO,LU-->FO,LU-->FO,LU-->FO,LU-->FO,LU-->FO,LU-->FO,LU-->FO,LU-->FO,LU-->FO,LU-->FO,,,,,,,,,,,,,,,,,FO-->LU,FO-->LU,FO-->LU,FO-->LU,FO-->LU,FO-->LU,FO-->LU,FO-->LU,FO-->LU,FO-->LU,FO-->LU,FO-->LU,FO-->LU,FO-->LU,FO-->LU,FO-->LU,FO-->LU,FO-->LU,FO-->LU
MO,MAC,Macau,,Asia,Eastern Asia,,MO-->FO,MO-->FO,MO-->FO,MO-->FO,MO-->FO,MO-->FO,MO-->FO,MO-->FO,MO-->FO,MO-->FO,MO-->FO,MO-->FO,MO-->FO,MO-->FO,MO-->FO,MO-->FO,MO-->FO,MO-->FO,MO-->FO,,,,,,,,,,,,,,,,,FO-->MO,FO-->MO,FO-->MO,FO-->MO,FO-->MO,FO-->MO,FO-->MO,FO-->MO,FO-->MO,FO-->MO,FO-->MO,FO-->MO,FO-->MO,FO-->MO,FO-->MO,FO-->MO,FO-->MO,FO-->MO,FO-->MO
MK,MKD,Republic of Macedonia,Skopje,Europe,Southern Europe,,MK-->FO,MK-->FO,MK-->FO,MK-->FO,MK-->FO,MK-->FO,MK-->FO,MK-->FO,MK-->FO,MK-->FO,MK-->FO,MK-->FO,MK-->FO,MK-->FO,MK-->FO,MK-->FO,MK-->FO,MK-->FO,MK-->FO,,,,,,,,,,,,,,,,,FO-->MK,FO-->MK,FO-->MK,FO-->MK,FO-->MK,FO-->MK,FO-->MK,FO-->MK,FO-->MK,FO-->MK,FO-->MK,FO-->MK,FO-->MK,FO-->MK,FO-->MK,FO-->MK,FO-->MK,FO-->MK,FO-->MK
MG,MDG,Madagascar,Antananarivo,Africa,Eastern Africa,,MG-->FO,MG-->FO,MG-->FO,MG-->FO,MG-->FO,MG-->FO,MG-->FO,MG-->FO,MG-->FO,MG-->FO,MG-->FO,MG-->FO,MG-->FO,MG-->FO,MG-->FO,MG-->FO,MG-->FO,MG-->FO,MG-->FO,,,,,,,,,,,,,,,,,FO-->MG,FO-->MG,FO-->MG,FO-->MG,FO-->MG,FO-->MG,FO-->MG,FO-->MG,FO-->MG,FO-->MG,FO-->MG,FO-->MG,FO-->MG,FO-->MG,FO-->MG,FO-->MG,FO-->MG,FO-->MG,FO-->MG
MW,MWI,Malawi,Lilongwe,Africa,Eastern Africa,,MW-->FO,MW-->FO,MW-->FO,MW-->FO,MW-->FO,MW-->FO,MW-->FO,MW-->FO,MW-->FO,MW-->FO,MW-->FO,MW-->FO,MW-->FO,MW-->FO,MW-->FO,MW-->FO,MW-->FO,MW-->FO,MW-->FO,,,,,,,,,,,,,,,,,FO-->MW,FO-->MW,FO-->MW,FO-->MW,FO-->MW,FO-->MW,FO-->MW,FO-->MW,FO-->MW,FO-->MW,FO-->MW,FO-->MW,FO-->MW,FO-->MW,FO-->MW,FO-->MW,FO-->MW,FO-->MW,FO-->MW
MY,MYS,Malaysia,Kuala Lumpur,Asia,South-Eastern Asia,,MY-->FO,MY-->FO,MY-->FO,MY-->FO,MY-->FO,MY-->FO,MY-->FO,MY-->FO,MY-->FO,MY-->FO,MY-->FO,MY-->FO,MY-->FO,MY-->FO,MY-->FO,MY-->FO,MY-->FO,MY-->FO,MY-->FO,,,,,,,,,,,,,,,,,FO-->MY,FO-->MY,FO-->MY,FO-->MY,FO-->MY,FO-->MY,FO-->MY,FO-->MY,FO-->MY,FO-->MY,FO-->MY,FO-->MY,FO-->MY,FO-->MY,FO-->MY,FO-->MY,FO-->MY,FO-->MY,FO-->MY
MV,MDV,Maldives,Malé,Asia,Southern Asia,,MV-->FO,MV-->FO,MV-->FO,MV-->FO,MV-->FO,MV-->FO,MV-->FO,MV-->FO,MV-->FO,MV-->FO,MV-->FO,MV-->FO,MV-->FO,MV-->FO,MV-->FO,MV-->FO,MV-->FO,MV-->FO,MV-->FO,,,,,,,,,,,,,,,,,FO-->MV,FO-->MV,FO-->MV,FO-->MV,FO-->MV,FO-->MV,FO-->MV,FO-->MV,FO-->MV,FO-->MV,FO-->MV,FO-->MV,FO-->MV,FO-->MV,FO-->MV,FO-->MV,FO-->MV,FO-->MV,FO-->MV
ML,MLI,Mali,Bamako,Africa,Western Africa,,ML-->FO,ML-->FO,ML-->FO,ML-->FO,ML-->FO,ML-->FO,ML-->FO,ML-->FO,ML-->FO,ML-->FO,ML-->FO,ML-->FO,ML-->FO,ML-->FO,ML-->FO,ML-->FO,ML-->FO,ML-->FO,ML-->FO,,,,,,,,,,,,,,,,,FO-->ML,FO-->ML,FO-->ML,FO-->ML,FO-->ML,FO-->ML,FO-->ML,FO-->ML,FO-->ML,FO-->ML,FO-->ML,FO-->ML,FO-->ML,FO-->ML,FO-->ML,FO-->ML,FO-->ML,FO-->ML,FO-->ML
MT,MLT,Malta,Valletta,Europe,Southern Europe,,MT-->FO,MT-->FO,MT-->FO,MT-->FO,MT-->FO,MT-->FO,MT-->FO,MT-->FO,MT-->FO,MT-->FO,MT-->FO,MT-->FO,MT-->FO,MT-->FO,MT-->FO,MT-->FO,MT-->FO,MT-->FO,MT-->FO,,,,,,,,,,,,,,,,,FO-->MT,FO-->MT,FO-->MT,FO-->MT,FO-->MT,FO-->MT,FO-->MT,FO-->MT,FO-->MT,FO-->MT,FO-->MT,FO-->MT,FO-->MT,FO-->MT,FO-->MT,FO-->MT,FO-->MT,FO-->MT,FO-->MT
MH,MHL,Marshall Islands,Majuro,Oceania,Micronesia,,MH-->FO,MH-->FO,MH-->FO,MH-->FO,MH-->FO,MH-->FO,MH-->FO,MH-->FO,MH-->FO,MH-->FO,MH-->FO,MH-->FO,MH-->FO,MH-->FO,MH-->FO,MH-->FO,MH-->FO,MH-->FO,MH-->FO,,,,,,,,,,,,,,,,,FO-->MH,FO-->MH,FO-->MH,FO-->MH,FO-->MH,FO-->MH,FO-->MH,FO-->MH,FO-->MH,FO-->MH,FO-->MH,FO-->MH,FO-->MH,FO-->MH,FO-->MH,FO-->MH,FO-->MH,FO-->MH,FO-->MH
MQ,MTQ,Martinique,Fort-de-France,Americas,Caribbean,,MQ-->FO,MQ-->FO,MQ-->FO,MQ-->FO,MQ-->FO,MQ-->FO,MQ-->FO,MQ-->FO,MQ-->FO,MQ-->FO,MQ-->FO,MQ-->FO,MQ-->FO,MQ-->FO,MQ-->FO,MQ-->FO,MQ-->FO,MQ-->FO,MQ-->FO,,,,,,,,,,,,,,,,,FO-->MQ,FO-->MQ,FO-->MQ,FO-->MQ,FO-->MQ,FO-->MQ,FO-->MQ,FO-->MQ,FO-->MQ,FO-->MQ,FO-->MQ,FO-->MQ,FO-->MQ,FO-->MQ,FO-->MQ,FO-->MQ,FO-->MQ,FO-->MQ,FO-->MQ
MR,MRT,Mauritania,Nouakchott,Africa,Western Africa,,MR-->FO,MR-->FO,MR-->FO,MR-->FO,MR-->FO,MR-->FO,MR-->FO,MR-->FO,MR-->FO,MR-->FO,MR-->FO,MR-->FO,MR-->FO,MR-->FO,MR-->FO,MR-->FO,MR-->FO,MR-->FO,MR-->FO,0.0,,,,,,,,,,,,,,,,FO-->MR,FO-->MR,FO-->MR,FO-->MR,FO-->MR,FO-->MR,FO-->MR,FO-->MR,FO-->MR,FO-->MR,FO-->MR,FO-->MR,FO-->MR,FO-->MR,FO-->MR,FO-->MR,FO-->MR,FO-->MR,FO-->MR
MU,MUS,Mauritius,Port Louis,Africa,Eastern Africa,,MU-->FO,MU-->FO,MU-->FO,MU-->FO,MU-->FO,MU-->FO,MU-->FO,MU-->FO,MU-->FO,MU-->FO,MU-->FO,MU-->FO,MU-->FO,MU-->FO,MU-->FO,MU-->FO,MU-->FO,MU-->FO,MU-->FO,,,,,,,,,,,,,,,,,FO-->MU,FO-->MU,FO-->MU,FO-->MU,FO-->MU,FO-->MU,FO-->MU,FO-->MU,FO-->MU,FO-->MU,FO-->MU,FO-->MU,FO-->MU,FO-->MU,FO-->MU,FO-->MU,FO-->MU,FO-->MU,FO-->MU
YT,MYT,Mayotte,Mamoudzou,Africa,Eastern Africa,,YT-->FO,YT-->FO,YT-->FO,YT-->FO,YT-->FO,YT-->FO,YT-->FO,YT-->FO,YT-->FO,YT-->FO,YT-->FO,YT-->FO,YT-->FO,YT-->FO,YT-->FO,YT-->FO,YT-->FO,YT-->FO,YT-->FO,,,,,,,,,,,,,,,,,FO-->YT,FO-->YT,FO-->YT,FO-->YT,FO-->YT,FO-->YT,FO-->YT,FO-->YT,FO-->YT,FO-->YT,FO-->YT,FO-->YT,FO-->YT,FO-->YT,FO-->YT,FO-->YT,FO-->YT,FO-->YT,FO-->YT
MX,MEX,Mexico,Mexico City,Americas,Central America,,MX-->FO,MX-->FO,MX-->FO,MX-->FO,MX-->FO,MX-->FO,MX-->FO,MX-->FO,MX-->FO,MX-->FO,MX-->FO,MX-->FO,MX-->FO,MX-->FO,MX-->FO,MX-->FO,MX-->FO,MX-->FO,MX-->FO,,,,,,,,,,,,,,,,,FO-->MX,FO-->MX,FO-->MX,FO-->MX,FO-->MX,FO-->MX,FO-->MX,FO-->MX,FO-->MX,FO-->MX,FO-->MX,FO-->MX,FO-->MX,FO-->MX,FO-->MX,FO-->MX,FO-->MX,FO-->MX,FO-->MX
FM,FSM,Federated States of Micronesia,Palikir,Oceania,Micronesia,,FM-->FO,FM-->FO,FM-->FO,FM-->FO,FM-->FO,FM-->FO,FM-->FO,FM-->FO,FM-->FO,FM-->FO,FM-->FO,FM-->FO,FM-->FO,FM-->FO,FM-->FO,FM-->FO,FM-->FO,FM-->FO,FM-->FO,,,,,,,,,,,,,,,,,FO-->FM,FO-->FM,FO-->FM,FO-->FM,FO-->FM,FO-->FM,FO-->FM,FO-->FM,FO-->FM,FO-->FM,FO-->FM,FO-->FM,FO-->FM,FO-->FM,FO-->FM,FO-->FM,FO-->FM,FO-->FM,FO-->FM
MD,MDA,Moldova,Chișinău,Europe,Eastern Europe,,MD-->FO,MD-->FO,MD-->FO,MD-->FO,MD-->FO,MD-->FO,MD-->FO,MD-->FO,MD-->FO,MD-->FO,MD-->FO,MD-->FO,MD-->FO,MD-->FO,MD-->FO,MD-->FO,MD-->FO,MD-->FO,MD-->FO,,,,,,,,,,,,,,,,,FO-->MD,FO-->MD,FO-->MD,FO-->MD,FO-->MD,FO-->MD,FO-->MD,FO-->MD,FO-->MD,FO-->MD,FO-->MD,FO-->MD,FO-->MD,FO-->MD,FO-->MD,FO-->MD,FO-->MD,FO-->MD,FO-->MD
MC,MCO,Monaco,Monaco,Europe,Western Europe,,MC-->FO,MC-->FO,MC-->FO,MC-->FO,MC-->FO,MC-->FO,MC-->FO,MC-->FO,MC-->FO,MC-->FO,MC-->FO,MC-->FO,MC-->FO,MC-->FO,MC-->FO,MC-->FO,MC-->FO,MC-->FO,MC-->FO,,,,,,,,,,,,,,,,,FO-->MC,FO-->MC,FO-->MC,FO-->MC,FO-->MC,FO-->MC,FO-->MC,FO-->MC,FO-->MC,FO-->MC,FO-->MC,FO-->MC,FO-->MC,FO-->MC,FO-->MC,FO-->MC,FO-->MC,FO-->MC,FO-->MC
MN,MNG,Mongolia,Ulan Bator,Asia,Eastern Asia,,MN-->FO,MN-->FO,MN-->FO,MN-->FO,MN-->FO,MN-->FO,MN-->FO,MN-->FO,MN-->FO,MN-->FO,MN-->FO,MN-->FO,MN-->FO,MN-->FO,MN-->FO,MN-->FO,MN-->FO,MN-->FO,MN-->FO,,,,,,,,,,,,,,,,,FO-->MN,FO-->MN,FO-->MN,FO-->MN,FO-->MN,FO-->MN,FO-->MN,FO-->MN,FO-->MN,FO-->MN,FO-->MN,FO-->MN,FO-->MN,FO-->MN,FO-->MN,FO-->MN,FO-->MN,FO-->MN,FO-->MN
ME,MNE,Montenegro,Podgorica,Europe,Southern Europe,,ME-->FO,ME-->FO,ME-->FO,ME-->FO,ME-->FO,ME-->FO,ME-->FO,ME-->FO,ME-->FO,ME-->FO,ME-->FO,ME-->FO,ME-->FO,ME-->FO,ME-->FO,ME-->FO,ME-->FO,ME-->FO,ME-->FO,,,,,,,,,,,,,,,,,FO-->ME,FO-->ME,FO-->ME,FO-->ME,FO-->ME,FO-->ME,FO-->ME,FO-->ME,FO-->ME,FO-->ME,FO-->ME,FO-->ME,FO-->ME,FO-->ME,FO-->ME,FO-->ME,FO-->ME,FO-->ME,FO-->ME
MS,MSR,Montserrat,Plymouth,Americas,Caribbean,,MS-->FO,MS-->FO,MS-->FO,MS-->FO,MS-->FO,MS-->FO,MS-->FO,MS-->FO,MS-->FO,MS-->FO,MS-->FO,MS-->FO,MS-->FO,MS-->FO,MS-->FO,MS-->FO,MS-->FO,MS-->FO,MS-->FO,,,,,,,,,,,,,,,,,FO-->MS,FO-->MS,FO-->MS,FO-->MS,FO-->MS,FO-->MS,FO-->MS,FO-->MS,FO-->MS,FO-->MS,FO-->MS,FO-->MS,FO-->MS,FO-->MS,FO-->MS,FO-->MS,FO-->MS,FO-->MS,FO-->MS
MA,MAR,Morocco,Rabat,Africa,Northern Africa,,MA-->FO,MA-->FO,MA-->FO,MA-->FO,MA-->FO,MA-->FO,MA-->FO,MA-->FO,MA-->FO,MA-->FO,MA-->FO,MA-->FO,MA-->FO,MA-->FO,MA-->FO,MA-->FO,MA-->FO,MA-->FO,MA-->FO,,,,,,,,,,,,,,,,,FO-->MA,FO-->MA,FO-->MA,FO-->MA,FO-->MA,FO-->MA,FO-->MA,FO-->MA,FO-->MA,FO-->MA,FO-->MA,FO-->MA,FO-->MA,FO-->MA,FO-->MA,FO-->MA,FO-->MA,FO-->MA,FO-->MA
MZ,MOZ,Mozambique,Maputo,Africa,Eastern Africa,,MZ-->FO,MZ-->FO,MZ-->FO,MZ-->FO,MZ-->FO,MZ-->FO,MZ-->FO,MZ-->FO,MZ-->FO,MZ-->FO,MZ-->FO,MZ-->FO,MZ-->FO,MZ-->FO,MZ-->FO,MZ-->FO,MZ-->FO,MZ-->FO,MZ-->FO,,,,,,,,,,,,,,,,,FO-->MZ,FO-->MZ,FO-->MZ,FO-->MZ,FO-->MZ,FO-->MZ,FO-->MZ,FO-->MZ,FO-->MZ,FO-->MZ,FO-->MZ,FO-->MZ,FO-->MZ,FO-->MZ,FO-->MZ,FO-->MZ,FO-->MZ,FO-->MZ,FO-->MZ
MM,MMR,Myanmar,Naypyidaw,Asia,South-Eastern Asia,,MM-->FO,MM-->FO,MM-->FO,MM-->FO,MM-->FO,MM-->FO,MM-->FO,MM-->FO,MM-->FO,MM-->FO,MM-->FO,MM-->FO,MM-->FO,MM-->FO,MM-->FO,MM-->FO,MM-->FO,MM-->FO,MM-->FO,,,,,,,,,,,,,,,,,FO-->MM,FO-->MM,FO-->MM,FO-->MM,FO-->MM,FO-->MM,FO-->MM,FO-->MM,FO-->MM,FO-->MM,FO-->MM,FO-->MM,FO-->MM,FO-->MM,FO-->MM,FO-->MM,FO-->MM,FO-->MM,FO-->MM
,NAM,Namibia,Windhoek,Africa,Southern Africa,,NA-->FO,NA-->FO,NA-->FO,NA-->FO,NA-->FO,NA-->FO,NA-->FO,NA-->FO,NA-->FO,NA-->FO,NA-->FO,NA-->FO,NA-->FO,NA-->FO,NA-->FO,NA-->FO,NA-->FO,NA-->FO,NA-->FO,,,,,,,,,,,,,,,,,FO-->NA,FO-->NA,FO-->NA,FO-->NA,FO-->NA,FO-->NA,FO-->NA,FO-->NA,FO-->NA,FO-->NA,FO-->NA,FO-->NA,FO-->NA,FO-->NA,FO-->NA,FO-->NA,FO-->NA,FO-->NA,FO-->NA
NR,NRU,Nauru,Yaren,Oceania,Micronesia,,NR-->FO,NR-->FO,NR-->FO,NR-->FO,NR-->FO,NR-->FO,NR-->FO,NR-->FO,NR-->FO,NR-->FO,NR-->FO,NR-->FO,NR-->FO,NR-->FO,NR-->FO,NR-->FO,NR-->FO,NR-->FO,NR-->FO,,,,,,,,,,,,,,,,,FO-->NR,FO-->NR,FO-->NR,FO-->NR,FO-->NR,FO-->NR,FO-->NR,FO-->NR,FO-->NR,FO-->NR,FO-->NR,FO-->NR,FO-->NR,FO-->NR,FO-->NR,FO-->NR,FO-->NR,FO-->NR,FO-->NR
NP,NPL,Nepal,Kathmandu,Asia,Southern Asia,,NP-->FO,NP-->FO,NP-->FO,NP-->FO,NP-->FO,NP-->FO,NP-->FO,NP-->FO,NP-->FO,NP-->FO,NP-->FO,NP-->FO,NP-->FO,NP-->FO,NP-->FO,NP-->FO,NP-->FO,NP-->FO,NP-->FO,,,,,,,,,,,,,,,,,FO-->NP,FO-->NP,FO-->NP,FO-->NP,FO-->NP,FO-->NP,FO-->NP,FO-->NP,FO-->NP,FO-->NP,FO-->NP,FO-->NP,FO-->NP,FO-->NP,FO-->NP,FO-->NP,FO-->NP,FO-->NP,FO-->NP
NL,NLD,Netherlands,Amsterdam,Europe,Western Europe,,NL-->FO,NL-->FO,NL-->FO,NL-->FO,NL-->FO,NL-->FO,NL-->FO,NL-->FO,NL-->FO,NL-->FO,NL-->FO,NL-->FO,NL-->FO,NL-->FO,NL-->FO,NL-->FO,NL-->FO,NL-->FO,NL-->FO,,,,,,,,,,,,,,,,,FO-->NL,FO-->NL,FO-->NL,FO-->NL,FO-->NL,FO-->NL,FO-->NL,FO-->NL,FO-->NL,FO-->NL,FO-->NL,FO-->NL,FO-->NL,FO-->NL,FO-->NL,FO-->NL,FO-->NL,FO-->NL,FO-->NL
NC,NCL,New Caledonia,Nouméa,Oceania,Melanesia,,NC-->FO,NC-->FO,NC-->FO,NC-->FO,NC-->FO,NC-->FO,NC-->FO,NC-->FO,NC-->FO,NC-->FO,NC-->FO,NC-->FO,NC-->FO,NC-->FO,NC-->FO,NC-->FO,NC-->FO,NC-->FO,NC-->FO,,,,,,,,,,,,,,,,,FO-->NC,FO-->NC,FO-->NC,FO-->NC,FO-->NC,FO-->NC,FO-->NC,FO-->NC,FO-->NC,FO-->NC,FO-->NC,FO-->NC,FO-->NC,FO-->NC,FO-->NC,FO-->NC,FO-->NC,FO-->NC,FO-->NC
NZ,NZL,New Zealand,Wellington,Oceania,Australia and New Zealand,,NZ-->FO,NZ-->FO,NZ-->FO,NZ-->FO,NZ-->FO,NZ-->FO,NZ-->FO,NZ-->FO,NZ-->FO,NZ-->FO,NZ-->FO,NZ-->FO,NZ-->FO,NZ-->FO,NZ-->FO,NZ-->FO,NZ-->FO,NZ-->FO,NZ-->FO,,,,,,,,,,,,,,,,,FO-->NZ,FO-->NZ,FO-->NZ,FO-->NZ,FO-->NZ,FO-->NZ,FO-->NZ,FO-->NZ,FO-->NZ,FO-->NZ,FO-->NZ,FO-->NZ,FO-->NZ,FO-->NZ,FO-->NZ,FO-->NZ,FO-->NZ,FO-->NZ,FO-->NZ
NI,NIC,Nicaragua,Managua,Americas,Central America,,NI-->FO,NI-->FO,NI-->FO,NI-->FO,NI-->FO,NI-->FO,NI-->FO,NI-->FO,NI-->FO,NI-->FO,NI-->FO,NI-->FO,NI-->FO,NI-->FO,NI-->FO,NI-->FO,NI-->FO,NI-->FO,NI-->FO,,,,,,,,,,,,,,,,,FO-->NI,FO-->NI,FO-->NI,FO-->NI,FO-->NI,FO-->NI,FO-->NI,FO-->NI,FO-->NI,FO-->NI,FO-->NI,FO-->NI,FO-->NI,FO-->NI,FO-->NI,FO-->NI,FO-->NI,FO-->NI,FO-->NI
NE,NER,Niger,Niamey,Africa,Western Africa,,NE-->FO,NE-->FO,NE-->FO,NE-->FO,NE-->FO,NE-->FO,NE-->FO,NE-->FO,NE-->FO,NE-->FO,NE-->FO,NE-->FO,NE-->FO,NE-->FO,NE-->FO,NE-->FO,NE-->FO,NE-->FO,NE-->FO,,,,,,,,,,,,,,,,,FO-->NE,FO-->NE,FO-->NE,FO-->NE,FO-->NE,FO-->NE,FO-->NE,FO-->NE,FO-->NE,FO-->NE,FO-->NE,FO-->NE,FO-->NE,FO-->NE,FO-->NE,FO-->NE,FO-->NE,FO-->NE,FO-->NE
NG,NGA,Nigeria,Abuja,Africa,Western Africa,,NG-->FO,NG-->FO,NG-->FO,NG-->FO,NG-->FO,NG-->FO,NG-->FO,NG-->FO,NG-->FO,NG-->FO,NG-->FO,NG-->FO,NG-->FO,NG-->FO,NG-->FO,NG-->FO,NG-->FO,NG-->FO,NG-->FO,,,,,,,,,,,,,,,,,FO-->NG,FO-->NG,FO-->NG,FO-->NG,FO-->NG,FO-->NG,FO-->NG,FO-->NG,FO-->NG,FO-->NG,FO-->NG,FO-->NG,FO-->NG,FO-->NG,FO-->NG,FO-->NG,FO-->NG,FO-->NG,FO-->NG
NU,NIU,Niue,Alofi,Oceania,Polynesia,,NU-->FO,NU-->FO,NU-->FO,NU-->FO,NU-->FO,NU-->FO,NU-->FO,NU-->FO,NU-->FO,NU-->FO,NU-->FO,NU-->FO,NU-->FO,NU-->FO,NU-->FO,NU-->FO,NU-->FO,NU-->FO,NU-->FO,,,,,,,,,,,,,,,,,FO-->NU,FO-->NU,FO-->NU,FO-->NU,FO-->NU,FO-->NU,FO-->NU,FO-->NU,FO-->NU,FO-->NU,FO-->NU,FO-->NU,FO-->NU,FO-->NU,FO-->NU,FO-->NU,FO-->NU,FO-->NU,FO-->NU
NF,NFK,Norfolk Island,Kingston,Oceania,Australia and New Zealand,,NF-->FO,NF-->FO,NF-->FO,NF-->FO,NF-->FO,NF-->FO,NF-->FO,NF-->FO,NF-->FO,NF-->FO,NF-->FO,NF-->FO,NF-->FO,NF-->FO,NF-->FO,NF-->FO,NF-->FO,NF-->FO,NF-->FO,,,,,,,,,,,,,,,,,FO-->NF,FO-->NF,FO-->NF,FO-->NF,FO-->NF,FO-->NF,FO-->NF,FO-->NF,FO-->NF,FO-->NF,FO-->NF,FO-->NF,FO-->NF,FO-->NF,FO-->NF,FO-->NF,FO-->NF,FO-->NF,FO-->NF
KP,PRK,North Korea,Pyongyang,Asia,Eastern Asia,,KP-->FO,KP-->FO,KP-->FO,KP-->FO,KP-->FO,KP-->FO,KP-->FO,KP-->FO,KP-->FO,KP-->FO,KP-->FO,KP-->FO,KP-->FO,KP-->FO,KP-->FO,KP-->FO,KP-->FO,KP-->FO,KP-->FO,,,,,,,,,,,,,,,,,FO-->KP,FO-->KP,FO-->KP,FO-->KP,FO-->KP,FO-->KP,FO-->KP,FO-->KP,FO-->KP,FO-->KP,FO-->KP,FO-->KP,FO-->KP,FO-->KP,FO-->KP,FO-->KP,FO-->KP,FO-->KP,FO-->KP
MP,MNP,Northern Mariana Islands,Saipan,Oceania,Micronesia,,MP-->FO,MP-->FO,MP-->FO,MP-->FO,MP-->FO,MP-->FO,MP-->FO,MP-->FO,MP-->FO,MP-->FO,MP-->FO,MP-->FO,MP-->FO,MP-->FO,MP-->FO,MP-->FO,MP-->FO,MP-->FO,MP-->FO,,,,,,,,,,,,,,,,,FO-->MP,FO-->MP,FO-->MP,FO-->MP,FO-->MP,FO-->MP,FO-->MP,FO-->MP,FO-->MP,FO-->MP,FO-->MP,FO-->MP,FO-->MP,FO-->MP,FO-->MP,FO-->MP,FO-->MP,FO-->MP,FO-->MP
NO,NOR,Norway,Oslo,Europe,Northern Europe,,NO-->FO,NO-->FO,NO-->FO,NO-->FO,NO-->FO,NO-->FO,NO-->FO,NO-->FO,NO-->FO,NO-->FO,NO-->FO,NO-->FO,NO-->FO,NO-->FO,NO-->FO,NO-->FO,NO-->FO,NO-->FO,NO-->FO,,,,,,,,,,,,,,,,,FO-->NO,FO-->NO,FO-->NO,FO-->NO,FO-->NO,FO-->NO,FO-->NO,FO-->NO,FO-->NO,FO-->NO,FO-->NO,FO-->NO,FO-->NO,FO-->NO,FO-->NO,FO-->NO,FO-->NO,FO-->NO,FO-->NO
OM,OMN,Oman,Muscat,Asia,Western Asia,,OM-->FO,OM-->FO,OM-->FO,OM-->FO,OM-->FO,OM-->FO,OM-->FO,OM-->FO,OM-->FO,OM-->FO,OM-->FO,OM-->FO,OM-->FO,OM-->FO,OM-->FO,OM-->FO,OM-->FO,OM-->FO,OM-->FO,,,,,,,,,,,,,,,,,FO-->OM,FO-->OM,FO-->OM,FO-->OM,FO-->OM,FO-->OM,FO-->OM,FO-->OM,FO-->OM,FO-->OM,FO-->OM,FO-->OM,FO-->OM,FO-->OM,FO-->OM,FO-->OM,FO-->OM,FO-->OM,FO-->OM
PK,PAK,Pakistan,Islamabad,Asia,Southern Asia,,PK-->FO,PK-->FO,PK-->FO,PK-->FO,PK-->FO,PK-->FO,PK-->FO,PK-->FO,PK-->FO,PK-->FO,PK-->FO,PK-->FO,PK-->FO,PK-->FO,PK-->FO,PK-->FO,PK-->FO,PK-->FO,PK-->FO,,,,,,,,,,,,,,,,,FO-->PK,FO-->PK,FO-->PK,FO-->PK,FO-->PK,FO-->PK,FO-->PK,FO-->PK,FO-->PK,FO-->PK,FO-->PK,FO-->PK,FO-->PK,FO-->PK,FO-->PK,FO-->PK,FO-->PK,FO-->PK,FO-->PK
PW,PLW,Palau,Ngerulmud,Oceania,Micronesia,,PW-->FO,PW-->FO,PW-->FO,PW-->FO,PW-->FO,PW-->FO,PW-->FO,PW-->FO,PW-->FO,PW-->FO,PW-->FO,PW-->FO,PW-->FO,PW-->FO,PW-->FO,PW-->FO,PW-->FO,PW-->FO,PW-->FO,,,,,,,,,,,,,,,,,FO-->PW,FO-->PW,FO-->PW,FO-->PW,FO-->PW,FO-->PW,FO-->PW,FO-->PW,FO-->PW,FO-->PW,FO-->PW,FO-->PW,FO-->PW,FO-->PW,FO-->PW,FO-->PW,FO-->PW,FO-->PW,FO-->PW
PS,PSE,Palestine,Ramallah,Asia,Western Asia,,PS-->FO,PS-->FO,PS-->FO,PS-->FO,PS-->FO,PS-->FO,PS-->FO,PS-->FO,PS-->FO,PS-->FO,PS-->FO,PS-->FO,PS-->FO,PS-->FO,PS-->FO,PS-->FO,PS-->FO,PS-->FO,PS-->FO,,,,,,,,,,,,,,,,,FO-->PS,FO-->PS,FO-->PS,FO-->PS,FO-->PS,FO-->PS,FO-->PS,FO-->PS,FO-->PS,FO-->PS,FO-->PS,FO-->PS,FO-->PS,FO-->PS,FO-->PS,FO-->PS,FO-->PS,FO-->PS,FO-->PS
PA,PAN,Panama,Panama City,Americas,Central America,,PA-->FO,PA-->FO,PA-->FO,PA-->FO,PA-->FO,PA-->FO,PA-->FO,PA-->FO,PA-->FO,PA-->FO,PA-->FO,PA-->FO,PA-->FO,PA-->FO,PA-->FO,PA-->FO,PA-->FO,PA-->FO,PA-->FO,,,,,,,,,,,,,,,,,FO-->PA,FO-->PA,FO-->PA,FO-->PA,FO-->PA,FO-->PA,FO-->PA,FO-->PA,FO-->PA,FO-->PA,FO-->PA,FO-->PA,FO-->PA,FO-->PA,FO-->PA,FO-->PA,FO-->PA,FO-->PA,FO-->PA
PG,PNG,Papua New Guinea,Port Moresby,Oceania,Melanesia,,PG-->FO,PG-->FO,PG-->FO,PG-->FO,PG-->FO,PG-->FO,PG-->FO,PG-->FO,PG-->FO,PG-->FO,PG-->FO,PG-->FO,PG-->FO,PG-->FO,PG-->FO,PG-->FO,PG-->FO,PG-->FO,PG-->FO,,,,,,,,,,,,,,,,,FO-->PG,FO-->PG,FO-->PG,FO-->PG,FO-->PG,FO-->PG,FO-->PG,FO-->PG,FO-->PG,FO-->PG,FO-->PG,FO-->PG,FO-->PG,FO-->PG,FO-->PG,FO-->PG,FO-->PG,FO-->PG,FO-->PG
PY,PRY,Paraguay,Asunción,Americas,South America,,PY-->FO,PY-->FO,PY-->FO,PY-->FO,PY-->FO,PY-->FO,PY-->FO,PY-->FO,PY-->FO,PY-->FO,PY-->FO,PY-->FO,PY-->FO,PY-->FO,PY-->FO,PY-->FO,PY-->FO,PY-->FO,PY-->FO,,,,,,,,,,,,,,,,,FO-->PY,FO-->PY,FO-->PY,FO-->PY,FO-->PY,FO-->PY,FO-->PY,FO-->PY,FO-->PY,FO-->PY,FO-->PY,FO-->PY,FO-->PY,FO-->PY,FO-->PY,FO-->PY,FO-->PY,FO-->PY,FO-->PY
PE,PER,Peru,Lima,Americas,South America,,PE-->FO,PE-->FO,PE-->FO,PE-->FO,PE-->FO,PE-->FO,PE-->FO,PE-->FO,PE-->FO,PE-->FO,PE-->FO,PE-->FO,PE-->FO,PE-->FO,PE-->FO,PE-->FO,PE-->FO,PE-->FO,PE-->FO,,,,,,,,,,,,,,,,,FO-->PE,FO-->PE,FO-->PE,FO-->PE,FO-->PE,FO-->PE,FO-->PE,FO-->PE,FO-->PE,FO-->PE,FO-->PE,FO-->PE,FO-->PE,FO-->PE,FO-->PE,FO-->PE,FO-->PE,FO-->PE,FO-->PE
PH,PHL,Philippines,Manila,Asia,South-Eastern Asia,,PH-->FO,PH-->FO,PH-->FO,PH-->FO,PH-->FO,PH-->FO,PH-->FO,PH-->FO,PH-->FO,PH-->FO,PH-->FO,PH-->FO,PH-->FO,PH-->FO,PH-->FO,PH-->FO,PH-->FO,PH-->FO,PH-->FO,,,,,,,,,,,,,,,,,FO-->PH,FO-->PH,FO-->PH,FO-->PH,FO-->PH,FO-->PH,FO-->PH,FO-->PH,FO-->PH,FO-->PH,FO-->PH,FO-->PH,FO-->PH,FO-->PH,FO-->PH,FO-->PH,FO-->PH,FO-->PH,FO-->PH
PN,PCN,Pitcairn Islands,Adamstown,Oceania,Polynesia,,PN-->FO,PN-->FO,PN-->FO,PN-->FO,PN-->FO,PN-->FO,PN-->FO,PN-->FO,PN-->FO,PN-->FO,PN-->FO,PN-->FO,PN-->FO,PN-->FO,PN-->FO,PN-->FO,PN-->FO,PN-->FO,PN-->FO,,,,,,,,,,,,,,,,,FO-->PN,FO-->PN,FO-->PN,FO-->PN,FO-->PN,FO-->PN,FO-->PN,FO-->PN,FO-->PN,FO-->PN,FO-->PN,FO-->PN,FO-->PN,FO-->PN,FO-->PN,FO-->PN,FO-->PN,FO-->PN,FO-->PN
PL,POL,Poland,Warsaw,Europe,Eastern Europe,,PL-->FO,PL-->FO,PL-->FO,PL-->FO,PL-->FO,PL-->FO,PL-->FO,PL-->FO,PL-->FO,PL-->FO,PL-->FO,PL-->FO,PL-->FO,PL-->FO,PL-->FO,PL-->FO,PL-->FO,PL-->FO,PL-->FO,,,,,,,,,,,,,,,,,FO-->PL,FO-->PL,FO-->PL,FO-->PL,FO-->PL,FO-->PL,FO-->PL,FO-->PL,FO-->PL,FO-->PL,FO-->PL,FO-->PL,FO-->PL,FO-->PL,FO-->PL,FO-->PL,FO-->PL,FO-->PL,FO-->PL
PT,PRT,Portugal,Lisbon,Europe,Southern Europe,,PT-->FO,PT-->FO,PT-->FO,PT-->FO,PT-->FO,PT-->FO,PT-->FO,PT-->FO,PT-->FO,PT-->FO,PT-->FO,PT-->FO,PT-->FO,PT-->FO,PT-->FO,PT-->FO,PT-->FO,PT-->FO,PT-->FO,,,,,,,,,,,,,,,,,FO-->PT,FO-->PT,FO-->PT,FO-->PT,FO-->PT,FO-->PT,FO-->PT,FO-->PT,FO-->PT,FO-->PT,FO-->PT,FO-->PT,FO-->PT,FO-->PT,FO-->PT,FO-->PT,FO-->PT,FO-->PT,FO-->PT
PR,PRI,Puerto Rico,San Juan,Americas,Caribbean,,PR-->FO,PR-->FO,PR-->FO,PR-->FO,PR-->FO,PR-->FO,PR-->FO,PR-->FO,PR-->FO,PR-->FO,PR-->FO,PR-->FO,PR-->FO,PR-->FO,PR-->FO,PR-->FO,PR-->FO,PR-->FO,PR-->FO,,,,,,,,,,,,,,,,,FO-->PR,FO-->PR,FO-->PR,FO-->PR,FO-->PR,FO-->PR,FO-->PR,FO-->PR,FO-->PR,FO-->PR,FO-->PR,FO-->PR,FO-->PR,FO-->PR,FO-->PR,FO-->PR,FO-->PR,FO-->PR,FO-->PR
QA,QAT,Qatar,Doha,Asia,Western Asia,,QA-->FO,QA-->FO,QA-->FO,QA-->FO,QA-->FO,QA-->FO,QA-->FO,QA-->FO,QA-->FO,QA-->FO,QA-->FO,QA-->FO,QA-->FO,QA-->FO,QA-->FO,QA-->FO,QA-->FO,QA-->FO,QA-->FO,,,,,,,,,,,,,,,,,FO-->QA,FO-->QA,FO-->QA,FO-->QA,FO-->QA,FO-->QA,FO-->QA,FO-->QA,FO-->QA,FO-->QA,FO-->QA,FO-->QA,FO-->QA,FO-->QA,FO-->QA,FO-->QA,FO-->QA,FO-->QA,FO-->QA
XK,KOS,Republic of Kosovo,Pristina,Europe,Eastern Europe,,XK-->FO,XK-->FO,XK-->FO,XK-->FO,XK-->FO,XK-->FO,XK-->FO,XK-->FO,XK-->FO,XK-->FO,XK-->FO,XK-->FO,XK-->FO,XK-->FO,XK-->FO,XK-->FO,XK-->FO,XK-->FO,XK-->FO,,,,,,,,,,,,,,,,,FO-->XK,FO-->XK,FO-->XK,FO-->XK,FO-->XK,FO-->XK,FO-->XK,FO-->XK,FO-->XK,FO-->XK,FO-->XK,FO-->XK,FO-->XK,FO-->XK,FO-->XK,FO-->XK,FO-->XK,FO-->XK,FO-->XK
RE,REU,Réunion,Saint-Denis,Africa,Eastern Africa,,RE-->FO,RE-->FO,RE-->FO,RE-->FO,RE-->FO,RE-->FO,RE-->FO,RE-->FO,RE-->FO,RE-->FO,RE-->FO,RE-->FO,RE-->FO,RE-->FO,RE-->FO,RE-->FO,RE-->FO,RE-->FO,RE-->FO,,,,,,,,,,,,,,,,,FO-->RE,FO-->RE,FO-->RE,FO-->RE,FO-->RE,FO-->RE,FO-->RE,FO-->RE,FO-->RE,FO-->RE,FO-->RE,FO-->RE,FO-->RE,FO-->RE,FO-->RE,FO-->RE,FO-->RE,FO-->RE,FO-->RE
RO,ROU,Romania,Bucharest,Europe,Eastern Europe,,RO-->FO,RO-->FO,RO-->FO,RO-->FO,RO-->FO,RO-->FO,RO-->FO,RO-->FO,RO-->FO,RO-->FO,RO-->FO,RO-->FO,RO-->FO,RO-->FO,RO-->FO,RO-->FO,RO-->FO,RO-->FO,RO-->FO,,,,,,,,,,,,,,,,,FO-->RO,FO-->RO,FO-->RO,FO-->RO,FO-->RO,FO-->RO,FO-->RO,FO-->RO,FO-->RO,FO-->RO,FO-->RO,FO-->RO,FO-->RO,FO-->RO,FO-->RO,FO-->RO,FO-->RO,FO-->RO,FO-->RO
RU,RUS,Russia,Moscow,Europe,Eastern Europe,,RU-->FO,RU-->FO,RU-->FO,RU-->FO,RU-->FO,RU-->FO,RU-->FO,RU-->FO,RU-->FO,RU-->FO,RU-->FO,RU-->FO,RU-->FO,RU-->FO,RU-->FO,RU-->FO,RU-->FO,RU-->FO,RU-->FO,,,,,,,,,,,,,,,,,FO-->RU,FO-->RU,FO-->RU,FO-->RU,FO-->RU,FO-->RU,FO-->RU,FO-->RU,FO-->RU,FO-->RU,FO-->RU,FO-->RU,FO-->RU,FO-->RU,FO-->RU,FO-->RU,FO-->RU,FO-->RU,FO-->RU
RW,RWA,Rwanda,Kigali,Africa,Eastern Africa,,RW-->FO,RW-->FO,RW-->FO,RW-->FO,RW-->FO,RW-->FO,RW-->FO,RW-->FO,RW-->FO,RW-->FO,RW-->FO,RW-->FO,RW-->FO,RW-->FO,RW-->FO,RW-->FO,RW-->FO,RW-->FO,RW-->FO,,,,,,,,,,,,,,,,,FO-->RW,FO-->RW,FO-->RW,FO-->RW,FO-->RW,FO-->RW,FO-->RW,FO-->RW,FO-->RW,FO-->RW,FO-->RW,FO-->RW,FO-->RW,FO-->RW,FO-->RW,FO-->RW,FO-->RW,FO-->RW,FO-->RW
BL,BLM,Saint Barthélemy,Gustavia,Americas,Caribbean,,BL-->FO,BL-->FO,BL-->FO,BL-->FO,BL-->FO,BL-->FO,BL-->FO,BL-->FO,BL-->FO,BL-->FO,BL-->FO,BL-->FO,BL-->FO,BL-->FO,BL-->FO,BL-->FO,BL-->FO,BL-->FO,BL-->FO,,,,,,,,,,,,,,,,,FO-->BL,FO-->BL,FO-->BL,FO-->BL,FO-->BL,FO-->BL,FO-->BL,FO-->BL,FO-->BL,FO-->BL,FO-->BL,FO-->BL,FO-->BL,FO-->BL,FO-->BL,FO-->BL,FO-->BL,FO-->BL,FO-->BL
SH,SHN,Saint Helena,Jamestown,Africa,Western Africa,,SH-->FO,SH-->FO,SH-->FO,SH-->FO,SH-->FO,SH-->FO,SH-->FO,SH-->FO,SH-->FO,SH-->FO,SH-->FO,SH-->FO,SH-->FO,SH-->FO,SH-->FO,SH-->FO,SH-->FO,SH-->FO,SH-->FO,,,,,,,,,,,,,,,,,FO-->SH,FO-->SH,FO-->SH,FO-->SH,FO-->SH,FO-->SH,FO-->SH,FO-->SH,FO-->SH,FO-->SH,FO-->SH,FO-->SH,FO-->SH,FO-->SH,FO-->SH,FO-->SH,FO-->SH,FO-->SH,FO-->SH
KN,KNA,Saint Kitts and Nevis,Basseterre,Americas,Caribbean,,KN-->FO,KN-->FO,KN-->FO,KN-->FO,KN-->FO,KN-->FO,KN-->FO,KN-->FO,KN-->FO,KN-->FO,KN-->FO,KN-->FO,KN-->FO,KN-->FO,KN-->FO,KN-->FO,KN-->FO,KN-->FO,KN-->FO,,,,,,,,,,,,,,,,,FO-->KN,FO-->KN,FO-->KN,FO-->KN,FO-->KN,FO-->KN,FO-->KN,FO-->KN,FO-->KN,FO-->KN,FO-->KN,FO-->KN,FO-->KN,FO-->KN,FO-->KN,FO-->KN,FO-->KN,FO-->KN,FO-->KN
LC,LCA,Saint Lucia,Castries,Americas,Caribbean,,LC-->FO,LC-->FO,LC-->FO,LC-->FO,LC-->FO,LC-->FO,LC-->FO,LC-->FO,LC-->FO,LC-->FO,LC-->FO,LC-->FO,LC-->FO,LC-->FO,LC-->FO,LC-->FO,LC-->FO,LC-->FO,LC-->FO,,,,,,,,,,,,,,,,,FO-->LC,FO-->LC,FO-->LC,FO-->LC,FO-->LC,FO-->LC,FO-->LC,FO-->LC,FO-->LC,FO-->LC,FO-->LC,FO-->LC,FO-->LC,FO-->LC,FO-->LC,FO-->LC,FO-->LC,FO-->LC,FO-->LC
MF,MAF,Saint Martin,Marigot,Americas,Caribbean,,MF-->FO,MF-->FO,MF-->FO,MF-->FO,MF-->FO,MF-->FO,MF-->FO,MF-->FO,MF-->FO,MF-->FO,MF-->FO,MF-->FO,MF-->FO,MF-->FO,MF-->FO,MF-->FO,MF-->FO,MF-->FO,MF-->FO,,,,,,,,,,,,,,,,,FO-->MF,FO-->MF,FO-->MF,FO-->MF,FO-->MF,FO-->MF,FO-->MF,FO-->MF,FO-->MF,FO-->MF,FO-->MF,FO-->MF,FO-->MF,FO-->MF,FO-->MF,FO-->MF,FO-->MF,FO-->MF,FO-->MF
PM,SPM,Saint Pierre and Miquelon,Saint-Pierre,Americas,Northern America,,PM-->FO,PM-->FO,PM-->FO,PM-->FO,PM-->FO,PM-->FO,PM-->FO,PM-->FO,PM-->FO,PM-->FO,PM-->FO,PM-->FO,PM-->FO,PM-->FO,PM-->FO,PM-->FO,PM-->FO,PM-->FO,PM-->FO,,,,,,,,,,,,,,,,,FO-->PM,FO-->PM,FO-->PM,FO-->PM,FO-->PM,FO-->PM,FO-->PM,FO-->PM,FO-->PM,FO-->PM,FO-->PM,FO-->PM,FO-->PM,FO-->PM,FO-->PM,FO-->PM,FO-->PM,FO-->PM,FO-->PM
VC,VCT,Saint Vincent and the Grenadines,Kingstown,Americas,Caribbean,,VC-->FO,VC-->FO,VC-->FO,VC-->FO,VC-->FO,VC-->FO,VC-->FO,VC-->FO,VC-->FO,VC-->FO,VC-->FO,VC-->FO,VC-->FO,VC-->FO,VC-->FO,VC-->FO,VC-->FO,VC-->FO,VC-->FO,,,,,,,,,,,,,,,,,FO-->VC,FO-->VC,FO-->VC,FO-->VC,FO-->VC,FO-->VC,FO-->VC,FO-->VC,FO-->VC,FO-->VC,FO-->VC,FO-->VC,FO-->VC,FO-->VC,FO-->VC,FO-->VC,FO-->VC,FO-->VC,FO-->VC
WS,WSM,Samoa,Apia,Oceania,Polynesia,,WS-->FO,WS-->FO,WS-->FO,WS-->FO,WS-->FO,WS-->FO,WS-->FO,WS-->FO,WS-->FO,WS-->FO,WS-->FO,WS-->FO,WS-->FO,WS-->FO,WS-->FO,WS-->FO,WS-->FO,WS-->FO,WS-->FO,,,,,,,,,,,,,,,,,FO-->WS,FO-->WS,FO-->WS,FO-->WS,FO-->WS,FO-->WS,FO-->WS,FO-->WS,FO-->WS,FO-->WS,FO-->WS,FO-->WS,FO-->WS,FO-->WS,FO-->WS,FO-->WS,FO-->WS,FO-->WS,FO-->WS
SM,SMR,San Marino,City of San Marino,Europe,Southern Europe,,SM-->FO,SM-->FO,SM-->FO,SM-->FO,SM-->FO,SM-->FO,SM-->FO,SM-->FO,SM-->FO,SM-->FO,SM-->FO,SM-->FO,SM-->FO,SM-->FO,SM-->FO,SM-->FO,SM-->FO,SM-->FO,SM-->FO,,,,,,,,,,,,,,,,,FO-->SM,FO-->SM,FO-->SM,FO-->SM,FO-->SM,FO-->SM,FO-->SM,FO-->SM,FO-->SM,FO-->SM,FO-->SM,FO-->SM,FO-->SM,FO-->SM,FO-->SM,FO-->SM,FO-->SM,FO-->SM,FO-->SM
ST,STP,São Tomé and Príncipe,São Tomé,Africa,Middle Africa,,ST-->FO,ST-->FO,ST-->FO,ST-->FO,ST-->FO,ST-->FO,ST-->FO,ST-->FO,ST-->FO,ST-->FO,ST-->FO,ST-->FO,ST-->FO,ST-->FO,ST-->FO,ST-->FO,ST-->FO,ST-->FO,ST-->FO,,,,,,,,,,,,,,,,,FO-->ST,FO-->ST,FO-->ST,FO-->ST,FO-->ST,FO-->ST,FO-->ST,FO-->ST,FO-->ST,FO-->ST,FO-->ST,FO-->ST,FO-->ST,FO-->ST,FO-->ST,FO-->ST,FO-->ST,FO-->ST,FO-->ST
SA,SAU,Saudi Arabia,Riyadh,Asia,Western Asia,,SA-->FO,SA-->FO,SA-->FO,SA-->FO,SA-->FO,SA-->FO,SA-->FO,SA-->FO,SA-->FO,SA-->FO,SA-->FO,SA-->FO,SA-->FO,SA-->FO,SA-->FO,SA-->FO,SA-->FO,SA-->FO,SA-->FO,,,,,,,,,,,,,,,,,FO-->SA,FO-->SA,FO-->SA,FO-->SA,FO-->SA,FO-->SA,FO-->SA,FO-->SA,FO-->SA,FO-->SA,FO-->SA,FO-->SA,FO-->SA,FO-->SA,FO-->SA,FO-->SA,FO-->SA,FO-->SA,FO-->SA
SN,SEN,Senegal,Dakar,Africa,Western Africa,,SN-->FO,SN-->FO,SN-->FO,SN-->FO,SN-->FO,SN-->FO,SN-->FO,SN-->FO,SN-->FO,SN-->FO,SN-->FO,SN-->FO,SN-->FO,SN-->FO,SN-->FO,SN-->FO,SN-->FO,SN-->FO,SN-->FO,,,,,,,,,,,,,,,,,FO-->SN,FO-->SN,FO-->SN,FO-->SN,FO-->SN,FO-->SN,FO-->SN,FO-->SN,FO-->SN,FO-->SN,FO-->SN,FO-->SN,FO-->SN,FO-->SN,FO-->SN,FO-->SN,FO-->SN,FO-->SN,FO-->SN
RS,SRB,Serbia,Belgrade,Europe,Southern Europe,,RS-->FO,RS-->FO,RS-->FO,RS-->FO,RS-->FO,RS-->FO,RS-->FO,RS-->FO,RS-->FO,RS-->FO,RS-->FO,RS-->FO,RS-->FO,RS-->FO,RS-->FO,RS-->FO,RS-->FO,RS-->FO,RS-->FO,,,,,,,,,,,,,,,,,FO-->RS,FO-->RS,FO-->RS,FO-->RS,FO-->RS,FO-->RS,FO-->RS,FO-->RS,FO-->RS,FO-->RS,FO-->RS,FO-->RS,FO-->RS,FO-->RS,FO-->RS,FO-->RS,FO-->RS,FO-->RS,FO-->RS
SC,SYC,Seychelles,Victoria,Africa,Eastern Africa,,SC-->FO,SC-->FO,SC-->FO,SC-->FO,SC-->FO,SC-->FO,SC-->FO,SC-->FO,SC-->FO,SC-->FO,SC-->FO,SC-->FO,SC-->FO,SC-->FO,SC-->FO,SC-->FO,SC-->FO,SC-->FO,SC-->FO,,,,,,,,,,,,,,,,,FO-->SC,FO-->SC,FO-->SC,FO-->SC,FO-->SC,FO-->SC,FO-->SC,FO-->SC,FO-->SC,FO-->SC,FO-->SC,FO-->SC,FO-->SC,FO-->SC,FO-->SC,FO-->SC,FO-->SC,FO-->SC,FO-->SC
SL,SLE,Sierra Leone,Freetown,Africa,Western Africa,,SL-->FO,SL-->FO,SL-->FO,SL-->FO,SL-->FO,SL-->FO,SL-->FO,SL-->FO,SL-->FO,SL-->FO,SL-->FO,SL-->FO,SL-->FO,SL-->FO,SL-->FO,SL-->FO,SL-->FO,SL-->FO,SL-->FO,,,,,,,,,,,,,,,,,FO-->SL,FO-->SL,FO-->SL,FO-->SL,FO-->SL,FO-->SL,FO-->SL,FO-->SL,FO-->SL,FO-->SL,FO-->SL,FO-->SL,FO-->SL,FO-->SL,FO-->SL,FO-->SL,FO-->SL,FO-->SL,FO-->SL
SG,SGP,Singapore,Singapore,Asia,South-Eastern Asia,,SG-->FO,SG-->FO,SG-->FO,SG-->FO,SG-->FO,SG-->FO,SG-->FO,SG-->FO,SG-->FO,SG-->FO,SG-->FO,SG-->FO,SG-->FO,SG-->FO,SG-->FO,SG-->FO,SG-->FO,SG-->FO,SG-->FO,,,,,,,,,,,,,,,,,FO-->SG,FO-->SG,FO-->SG,FO-->SG,FO-->SG,FO-->SG,FO-->SG,FO-->SG,FO-->SG,FO-->SG,FO-->SG,FO-->SG,FO-->SG,FO-->SG,FO-->SG,FO-->SG,FO-->SG,FO-->SG,FO-->SG
SX,SXM,Sint Maarten,Philipsburg,Americas,Caribbean,,SX-->FO,SX-->FO,SX-->FO,SX-->FO,SX-->FO,SX-->FO,SX-->FO,SX-->FO,SX-->FO,SX-->FO,SX-->FO,SX-->FO,SX-->FO,SX-->FO,SX-->FO,SX-->FO,SX-->FO,SX-->FO,SX-->FO,,,,,,,,,,,,,,,,,FO-->SX,FO-->SX,FO-->SX,FO-->SX,FO-->SX,FO-->SX,FO-->SX,FO-->SX,FO-->SX,FO-->SX,FO-->SX,FO-->SX,FO-->SX,FO-->SX,FO-->SX,FO-->SX,FO-->SX,FO-->SX,FO-->SX
SK,SVK,Slovakia,Bratislava,Europe,Eastern Europe,,SK-->FO,SK-->FO,SK-->FO,SK-->FO,SK-->FO,SK-->FO,SK-->FO,SK-->FO,SK-->FO,SK-->FO,SK-->FO,SK-->FO,SK-->FO,SK-->FO,SK-->FO,SK-->FO,SK-->FO,SK-->FO,SK-->FO,,,,,,,,,,,,,,,,,FO-->SK,FO-->SK,FO-->SK,FO-->SK,FO-->SK,FO-->SK,FO-->SK,FO-->SK,FO-->SK,FO-->SK,FO-->SK,FO-->SK,FO-->SK,FO-->SK,FO-->SK,FO-->SK,FO-->SK,FO-->SK,FO-->SK
SI,SVN,Slovenia,Ljubljana,Europe,Southern Europe,,SI-->FO,SI-->FO,SI-->FO,SI-->FO,SI-->FO,SI-->FO,SI-->FO,SI-->FO,SI-->FO,SI-->FO,SI-->FO,SI-->FO,SI-->FO,SI-->FO,SI-->FO,SI-->FO,SI-->FO,SI-->FO,SI-->FO,,,,,,,,,,,,,,,,,FO-->SI,FO-->SI,FO-->SI,FO-->SI,FO-->SI,FO-->SI,FO-->SI,FO-->SI,FO-->SI,FO-->SI,FO-->SI,FO-->SI,FO-->SI,FO-->SI,FO-->SI,FO-->SI,FO-->SI,FO-->SI,FO-->SI
SB,SLB,Solomon Islands,Honiara,Oceania,Melanesia,,SB-->FO,SB-->FO,SB-->FO,SB-->FO,SB-->FO,SB-->FO,SB-->FO,SB-->FO,SB-->FO,SB-->FO,SB-->FO,SB-->FO,SB-->FO,SB-->FO,SB-->FO,SB-->FO,SB-->FO,SB-->FO,SB-->FO,,,,,,,,,,,,,,,,,FO-->SB,FO-->SB,FO-->SB,FO-->SB,FO-->SB,FO-->SB,FO-->SB,FO-->SB,FO-->SB,FO-->SB,FO-->SB,FO-->SB,FO-->SB,FO-->SB,FO-->SB,FO-->SB,FO-->SB,FO-->SB,FO-->SB
SO,SOM,Somalia,Mogadishu,Africa,Eastern Africa,,SO-->FO,SO-->FO,SO-->FO,SO-->FO,SO-->FO,SO-->FO,SO-->FO,SO-->FO,SO-->FO,SO-->FO,SO-->FO,SO-->FO,SO-->FO,SO-->FO,SO-->FO,SO-->FO,SO-->FO,SO-->FO,SO-->FO,,,,,,,,,,,,,,,,,FO-->SO,FO-->SO,FO-->SO,FO-->SO,FO-->SO,FO-->SO,FO-->SO,FO-->SO,FO-->SO,FO-->SO,FO-->SO,FO-->SO,FO-->SO,FO-->SO,FO-->SO,FO-->SO,FO-->SO,FO-->SO,FO-->SO
ZA,ZAF,South Africa,Pretoria,Africa,Southern Africa,,ZA-->FO,ZA-->FO,ZA-->FO,ZA-->FO,ZA-->FO,ZA-->FO,ZA-->FO,ZA-->FO,ZA-->FO,ZA-->FO,ZA-->FO,ZA-->FO,ZA-->FO,ZA-->FO,ZA-->FO,ZA-->FO,ZA-->FO,ZA-->FO,ZA-->FO,,,,,,,,,,,,,,,,,FO-->ZA,FO-->ZA,FO-->ZA,FO-->ZA,FO-->ZA,FO-->ZA,FO-->ZA,FO-->ZA,FO-->ZA,FO-->ZA,FO-->ZA,FO-->ZA,FO-->ZA,FO-->ZA,FO-->ZA,FO-->ZA,FO-->ZA,FO-->ZA,FO-->ZA
GS,SGS,South Georgia,King Edward Point,Americas,South America,,GS-->FO,GS-->FO,GS-->FO,GS-->FO,GS-->FO,GS-->FO,GS-->FO,GS-->FO,GS-->FO,GS-->FO,GS-->FO,GS-->FO,GS-->FO,GS-->FO,GS-->FO,GS-->FO,GS-->FO,GS-->FO,GS-->FO,,,,,,,,,,,,,,,,,FO-->GS,FO-->GS,FO-->GS,FO-->GS,FO-->GS,FO-->GS,FO-->GS,FO-->GS,FO-->GS,FO-->GS,FO-->GS,FO-->GS,FO-->GS,FO-->GS,FO-->GS,FO-->GS,FO-->GS,FO-->GS,FO-->GS
KR,KOR,South Korea,Seoul,Asia,Eastern Asia,,KR-->FO,KR-->FO,KR-->FO,KR-->FO,KR-->FO,KR-->FO,KR-->FO,KR-->FO,KR-->FO,KR-->FO,KR-->FO,KR-->FO,KR-->FO,KR-->FO,KR-->FO,KR-->FO,KR-->FO,KR-->FO,KR-->FO,,,,,,,,,,,,,,,,,FO-->KR,FO-->KR,FO-->KR,FO-->KR,FO-->KR,FO-->KR,FO-->KR,FO-->KR,FO-->KR,FO-->KR,FO-->KR,FO-->KR,FO-->KR,FO-->KR,FO-->KR,FO-->KR,FO-->KR,FO-->KR,FO-->KR
SS,SSD,South Sudan,Juba,Africa,Middle Africa,,SS-->FO,SS-->FO,SS-->FO,SS-->FO,SS-->FO,SS-->FO,SS-->FO,SS-->FO,SS-->FO,SS-->FO,SS-->FO,SS-->FO,SS-->FO,SS-->FO,SS-->FO,SS-->FO,SS-->FO,SS-->FO,SS-->FO,,,,,,,,,,,,,,,,,FO-->SS,FO-->SS,FO-->SS,FO-->SS,FO-->SS,FO-->SS,FO-->SS,FO-->SS,FO-->SS,FO-->SS,FO-->SS,FO-->SS,FO-->SS,FO-->SS,FO-->SS,FO-->SS,FO-->SS,FO-->SS,FO-->SS
ES,ESP,Spain,Madrid,Europe,Southern Europe,,ES-->FO,ES-->FO,ES-->FO,ES-->FO,ES-->FO,ES-->FO,ES-->FO,ES-->FO,ES-->FO,ES-->FO,ES-->FO,ES-->FO,ES-->FO,ES-->FO,ES-->FO,ES-->FO,ES-->FO,ES-->FO,ES-->FO,,,,,,,,,,,,,,,,,FO-->ES,FO-->ES,FO-->ES,FO-->ES,FO-->ES,FO-->ES,FO-->ES,FO-->ES,FO-->ES,FO-->ES,FO-->ES,FO-->ES,FO-->ES,FO-->ES,FO-->ES,FO-->ES,FO-->ES,FO-->ES,FO-->ES
LK,LKA,Sri Lanka,Colombo,Asia,Southern Asia,,LK-->FO,LK-->FO,LK-->FO,LK-->FO,LK-->FO,LK-->FO,LK-->FO,LK-->FO,LK-->FO,LK-->FO,LK-->FO,LK-->FO,LK-->FO,LK-->FO,LK-->FO,LK-->FO,LK-->FO,LK-->FO,LK-->FO,,,,,,,,,,,,,,,,,FO-->LK,FO-->LK,FO-->LK,FO-->LK,FO-->LK,FO-->LK,FO-->LK,FO-->LK,FO-->LK,FO-->LK,FO-->LK,FO-->LK,FO-->LK,FO-->LK,FO-->LK,FO-->LK,FO-->LK,FO-->LK,FO-->LK
SD,SDN,Sudan,Khartoum,Africa,Northern Africa,,SD-->FO,SD-->FO,SD-->FO,SD-->FO,SD-->FO,SD-->FO,SD-->FO,SD-->FO,SD-->FO,SD-->FO,SD-->FO,SD-->FO,SD-->FO,SD-->FO,SD-->FO,SD-->FO,SD-->FO,SD-->FO,SD-->FO,,,,,,,,,,,,,,,,,FO-->SD,FO-->SD,FO-->SD,FO-->SD,FO-->SD,FO-->SD,FO-->SD,FO-->SD,FO-->SD,FO-->SD,FO-->SD,FO-->SD,FO-->SD,FO-->SD,FO-->SD,FO-->SD,FO-->SD,FO-->SD,FO-->SD
SR,SUR,Suriname,Paramaribo,Americas,South America,,SR-->FO,SR-->FO,SR-->FO,SR-->FO,SR-->FO,SR-->FO,SR-->FO,SR-->FO,SR-->FO,SR-->FO,SR-->FO,SR-->FO,SR-->FO,SR-->FO,SR-->FO,SR-->FO,SR-->FO,SR-->FO,SR-->FO,,,,,,,,,,,,,,,,,FO-->SR,FO-->SR,FO-->SR,FO-->SR,FO-->SR,FO-->SR,FO-->SR,FO-->SR,FO-->SR,FO-->SR,FO-->SR,FO-->SR,FO-->SR,FO-->SR,FO-->SR,FO-->SR,FO-->SR,FO-->SR,FO-->SR
SJ,SJM,Svalbard and Jan Mayen,Longyearbyen,Europe,Northern Europe,,SJ-->FO,SJ-->FO,SJ-->FO,SJ-->FO,SJ-->FO,SJ-->FO,SJ-->FO,SJ-->FO,SJ-->FO,SJ-->FO,SJ-->FO,SJ-->FO,SJ-->FO,SJ-->FO,SJ-->FO,SJ-->FO,SJ-->FO,SJ-->FO,SJ-->FO,,,,,,,,,,,,,,,,,FO-->SJ,FO-->SJ,FO-->SJ,FO-->SJ,FO-->SJ,FO-->SJ,FO-->SJ,FO-->SJ,FO-->SJ,FO-->SJ,FO-->SJ,FO-->SJ,FO-->SJ,FO-->SJ,FO-->SJ,FO-->SJ,FO-->SJ,FO-->SJ,FO-->SJ
SZ,SWZ,Swaziland,Lobamba,Africa,Southern Africa,,SZ-->FO,SZ-->FO,SZ-->FO,SZ-->FO,SZ-->FO,SZ-->FO,SZ-->FO,SZ-->FO,SZ-->FO,SZ-->FO,SZ-->FO,SZ-->FO,SZ-->FO,SZ-->FO,SZ-->FO,SZ-->FO,SZ-->FO,SZ-->FO,SZ-->FO,,,,,,,,,,,,,,,,,FO-->SZ,FO-->SZ,FO-->SZ,FO-->SZ,FO-->SZ,FO-->SZ,FO-->SZ,FO-->SZ,FO-->SZ,FO-->SZ,FO-->SZ,FO-->SZ,FO-->SZ,FO-->SZ,FO-->SZ,FO-->SZ,FO-->SZ,FO-->SZ,FO-->SZ
SE,SWE,Sweden,Stockholm,Europe,Northern Europe,,SE-->FO,SE-->FO,SE-->FO,SE-->FO,SE-->FO,SE-->FO,SE-->FO,SE-->FO,SE-->FO,SE-->FO,SE-->FO,SE-->FO,SE-->FO,SE-->FO,SE-->FO,SE-->FO,SE-->FO,SE-->FO,SE-->FO,,,,,,,,,,,,,,,,,FO-->SE,FO-->SE,FO-->SE,FO-->SE,FO-->SE,FO-->SE,FO-->SE,FO-->SE,FO-->SE,FO-->SE,FO-->SE,FO-->SE,FO-->SE,FO-->SE,FO-->SE,FO-->SE,FO-->SE,FO-->SE,FO-->SE
CH,CHE,Switzerland,Bern,Europe,Western Europe,,CH-->FO,CH-->FO,CH-->FO,CH-->FO,CH-->FO,CH-->FO,CH-->FO,CH-->FO,CH-->FO,CH-->FO,CH-->FO,CH-->FO,CH-->FO,CH-->FO,CH-->FO,CH-->FO,CH-->FO,CH-->FO,CH-->FO,,,,,,,,,,,,,,,,,FO-->CH,FO-->CH,FO-->CH,FO-->CH,FO-->CH,FO-->CH,FO-->CH,FO-->CH,FO-->CH,FO-->CH,FO-->CH,FO-->CH,FO-->CH,FO-->CH,FO-->CH,FO-->CH,FO-->CH,FO-->CH,FO-->CH
SY,SYR,Syria,Damascus,Asia,Western Asia,,SY-->FO,SY-->FO,SY-->FO,SY-->FO,SY-->FO,SY-->FO,SY-->FO,SY-->FO,SY-->FO,SY-->FO,SY-->FO,SY-->FO,SY-->FO,SY-->FO,SY-->FO,SY-->FO,SY-->FO,SY-->FO,SY-->FO,,,,,,,,,,,,,,,,,FO-->SY,FO-->SY,FO-->SY,FO-->SY,FO-->SY,FO-->SY,FO-->SY,FO-->SY,FO-->SY,FO-->SY,FO-->SY,FO-->SY,FO-->SY,FO-->SY,FO-->SY,FO-->SY,FO-->SY,FO-->SY,FO-->SY
TW,TWN,Taiwan,Taipei,Asia,Eastern Asia,,TW-->FO,TW-->FO,TW-->FO,TW-->FO,TW-->FO,TW-->FO,TW-->FO,TW-->FO,TW-->FO,TW-->FO,TW-->FO,TW-->FO,TW-->FO,TW-->FO,TW-->FO,TW-->FO,TW-->FO,TW-->FO,TW-->FO,,,,,,,,,,,,,,,,,FO-->TW,FO-->TW,FO-->TW,FO-->TW,FO-->TW,FO-->TW,FO-->TW,FO-->TW,FO-->TW,FO-->TW,FO-->TW,FO-->TW,FO-->TW,FO-->TW,FO-->TW,FO-->TW,FO-->TW,FO-->TW,FO-->TW
TJ,TJK,Tajikistan,Dushanbe,Asia,Central Asia,,TJ-->FO,TJ-->FO,TJ-->FO,TJ-->FO,TJ-->FO,TJ-->FO,TJ-->FO,TJ-->FO,TJ-->FO,TJ-->FO,TJ-->FO,TJ-->FO,TJ-->FO,TJ-->FO,TJ-->FO,TJ-->FO,TJ-->FO,TJ-->FO,TJ-->FO,,,,,,,,,,,,,,,,,FO-->TJ,FO-->TJ,FO-->TJ,FO-->TJ,FO-->TJ,FO-->TJ,FO-->TJ,FO-->TJ,FO-->TJ,FO-->TJ,FO-->TJ,FO-->TJ,FO-->TJ,FO-->TJ,FO-->TJ,FO-->TJ,FO-->TJ,FO-->TJ,FO-->TJ
TZ,TZA,Tanzania,Dodoma,Africa,Eastern Africa,,TZ-->FO,TZ-->FO,TZ-->FO,TZ-->FO,TZ-->FO,TZ-->FO,TZ-->FO,TZ-->FO,TZ-->FO,TZ-->FO,TZ-->FO,TZ-->FO,TZ-->FO,TZ-->FO,TZ-->FO,TZ-->FO,TZ-->FO,TZ-->FO,TZ-->FO,,,,,,,,,,,,,,,,,FO-->TZ,FO-->TZ,FO-->TZ,FO-->TZ,FO-->TZ,FO-->TZ,FO-->TZ,FO-->TZ,FO-->TZ,FO-->TZ,FO-->TZ,FO-->TZ,FO-->TZ,FO-->TZ,FO-->TZ,FO-->TZ,FO-->TZ,FO-->TZ,FO-->TZ
TH,THA,Thailand,Bangkok,Asia,South-Eastern Asia,,TH-->FO,TH-->FO,TH-->FO,TH-->FO,TH-->FO,TH-->FO,TH-->FO,TH-->FO,TH-->FO,TH-->FO,TH-->FO,TH-->FO,TH-->FO,TH-->FO,TH-->FO,TH-->FO,TH-->FO,TH-->FO,TH-->FO,,,,,,,,,,,,,,,,,FO-->TH,FO-->TH,FO-->TH,FO-->TH,FO-->TH,FO-->TH,FO-->TH,FO-->TH,FO-->TH,FO-->TH,FO-->TH,FO-->TH,FO-->TH,FO-->TH,FO-->TH,FO-->TH,FO-->TH,FO-->TH,FO-->TH
TL,TLS,East Timor,Dili,Asia,South-Eastern Asia,,TL-->FO,TL-->FO,TL-->FO,TL-->FO,TL-->FO,TL-->FO,TL-->FO,TL-->FO,TL-->FO,TL-->FO,TL-->FO,TL-->FO,TL-->FO,TL-->FO,TL-->FO,TL-->FO,TL-->FO,TL-->FO,TL-->FO,,,,,,,,,,,,,,,,,FO-->TL,FO-->TL,FO-->TL,FO-->TL,FO-->TL,FO-->TL,FO-->TL,FO-->TL,FO-->TL,FO-->TL,FO-->TL,FO-->TL,FO-->TL,FO-->TL,FO-->TL,FO-->TL,FO-->TL,FO-->TL,FO-->TL
TG,TGO,Togo,Lomé,Africa,Western Africa,,TG-->FO,TG-->FO,TG-->FO,TG-->FO,TG-->FO,TG-->FO,TG-->FO,TG-->FO,TG-->FO,TG-->FO,TG-->FO,TG-->FO,TG-->FO,TG-->FO,TG-->FO,TG-->FO,TG-->FO,TG-->FO,TG-->FO,,,,,,,,,,,,,,,,,FO-->TG,FO-->TG,FO-->TG,FO-->TG,FO-->TG,FO-->TG,FO-->TG,FO-->TG,FO-->TG,FO-->TG,FO-->TG,FO-->TG,FO-->TG,FO-->TG,FO-->TG,FO-->TG,FO-->TG,FO-->TG,FO-->TG
TK,TKL,Tokelau,Fakaofo,Oceania,Polynesia,,TK-->FO,TK-->FO,TK-->FO,TK-->FO,TK-->FO,TK-->FO,TK-->FO,TK-->FO,TK-->FO,TK-->FO,TK-->FO,TK-->FO,TK-->FO,TK-->FO,TK-->FO,TK-->FO,TK-->FO,TK-->FO,TK-->FO,,,,,,,,,,,,,,,,,FO-->TK,FO-->TK,FO-->TK,FO-->TK,FO-->TK,FO-->TK,FO-->TK,FO-->TK,FO-->TK,FO-->TK,FO-->TK,FO-->TK,FO-->TK,FO-->TK,FO-->TK,FO-->TK,FO-->TK,FO-->TK,FO-->TK
TO,TON,Tonga,Nuku'alofa,Oceania,Polynesia,,TO-->FO,TO-->FO,TO-->FO,TO-->FO,TO-->FO,TO-->FO,TO-->FO,TO-->FO,TO-->FO,TO-->FO,TO-->FO,TO-->FO,TO-->FO,TO-->FO,TO-->FO,TO-->FO,TO-->FO,TO-->FO,TO-->FO,,,,,,,,,,,,,,,,,FO-->TO,FO-->TO,FO-->TO,FO-->TO,FO-->TO,FO-->TO,FO-->TO,FO-->TO,FO-->TO,FO-->TO,FO-->TO,FO-->TO,FO-->TO,FO-->TO,FO-->TO,FO-->TO,FO-->TO,FO-->TO,FO-->TO
TT,TTO,Trinidad and Tobago,Port of Spain,Americas,Caribbean,,TT-->FO,TT-->FO,TT-->FO,TT-->FO,TT-->FO,TT-->FO,TT-->FO,TT-->FO,TT-->FO,TT-->FO,TT-->FO,TT-->FO,TT-->FO,TT-->FO,TT-->FO,TT-->FO,TT-->FO,TT-->FO,TT-->FO,,,,,,,,,,,,,,,,,FO-->TT,FO-->TT,FO-->TT,FO-->TT,FO-->TT,FO-->TT,FO-->TT,FO-->TT,FO-->TT,FO-->TT,FO-->TT,FO-->TT,FO-->TT,FO-->TT,FO-->TT,FO-->TT,FO-->TT,FO-->TT,FO-->TT
TN,TUN,Tunisia,Tunis,Africa,Northern Africa,,TN-->FO,TN-->FO,TN-->FO,TN-->FO,TN-->FO,TN-->FO,TN-->FO,TN-->FO,TN-->FO,TN-->FO,TN-->FO,TN-->FO,TN-->FO,TN-->FO,TN-->FO,TN-->FO,TN-->FO,TN-->FO,TN-->FO,,,,,,,,,,,,,,,,,FO-->TN,FO-->TN,FO-->TN,FO-->TN,FO-->TN,FO-->TN,FO-->TN,FO-->TN,FO-->TN,FO-->TN,FO-->TN,FO-->TN,FO-->TN,FO-->TN,FO-->TN,FO-->TN,FO-->TN,FO-->TN,FO-->TN
TR,TUR,Turkey,Ankara,Asia,Western Asia,,TR-->FO,TR-->FO,TR-->FO,TR-->FO,TR-->FO,TR-->FO,TR-->FO,TR-->FO,TR-->FO,TR-->FO,TR-->FO,TR-->FO,TR-->FO,TR-->FO,TR-->FO,TR-->FO,TR-->FO,TR-->FO,TR-->FO,,,,,,,,,,,,,,,,,FO-->TR,FO-->TR,FO-->TR,FO-->TR,FO-->TR,FO-->TR,FO-->TR,FO-->TR,FO-->TR,FO-->TR,FO-->TR,FO-->TR,FO-->TR,FO-->TR,FO-->TR,FO-->TR,FO-->TR,FO-->TR,FO-->TR
TM,TKM,Turkmenistan,Ashgabat,Asia,Central Asia,,TM-->FO,TM-->FO,TM-->FO,TM-->FO,TM-->FO,TM-->FO,TM-->FO,TM-->FO,TM-->FO,TM-->FO,TM-->FO,TM-->FO,TM-->FO,TM-->FO,TM-->FO,TM-->FO,TM-->FO,TM-->FO,TM-->FO,,,,,,,,,,,,,,,,,FO-->TM,FO-->TM,FO-->TM,FO-->TM,FO-->TM,FO-->TM,FO-->TM,FO-->TM,FO-->TM,FO-->TM,FO-->TM,FO-->TM,FO-->TM,FO-->TM,FO-->TM,FO-->TM,FO-->TM,FO-->TM,FO-->TM
TC,TCA,Turks and Caicos Islands,Cockburn Town,Americas,Caribbean,,TC-->FO,TC-->FO,TC-->FO,TC-->FO,TC-->FO,TC-->FO,TC-->FO,TC-->FO,TC-->FO,TC-->FO,TC-->FO,TC-->FO,TC-->FO,TC-->FO,TC-->FO,TC-->FO,TC-->FO,TC-->FO,TC-->FO,,,,,,,,,,,,,,,,,FO-->TC,FO-->TC,FO-->TC,FO-->TC,FO-->TC,FO-->TC,FO-->TC,FO-->TC,FO-->TC,FO-->TC,FO-->TC,FO-->TC,FO-->TC,FO-->TC,FO-->TC,FO-->TC,FO-->TC,FO-->TC,FO-->TC
TV,TUV,Tuvalu,Funafuti,Oceania,Polynesia,,TV-->FO,TV-->FO,TV-->FO,TV-->FO,TV-->FO,TV-->FO,TV-->FO,TV-->FO,TV-->FO,TV-->FO,TV-->FO,TV-->FO,TV-->FO,TV-->FO,TV-->FO,TV-->FO,TV-->FO,TV-->FO,TV-->FO,,,,,,,,,,,,,,,,,FO-->TV,FO-->TV,FO-->TV,FO-->TV,FO-->TV,FO-->TV,FO-->TV,FO-->TV,FO-->TV,FO-->TV,FO-->TV,FO-->TV,FO-->TV,FO-->TV,FO-->TV,FO-->TV,FO-->TV,FO-->TV,FO-->TV
UG,UGA,Uganda,Kampala,Africa,Eastern Africa,,UG-->FO,UG-->FO,UG-->FO,UG-->FO,UG-->FO,UG-->FO,UG-->FO,UG-->FO,UG-->FO,UG-->FO,UG-->FO,UG-->FO,UG-->FO,UG-->FO,UG-->FO,UG-->FO,UG-->FO,UG-->FO,UG-->FO,,,,,,,,,,,,,,,,,FO-->UG,FO-->UG,FO-->UG,FO-->UG,FO-->UG,FO-->UG,FO-->UG,FO-->UG,FO-->UG,FO-->UG,FO-->UG,FO-->UG,FO-->UG,FO-->UG,FO-->UG,FO-->UG,FO-->UG,FO-->UG,FO-->UG
UA,UKR,Ukraine,Kiev,Europe,Eastern Europe,,UA-->FO,UA-->FO,UA-->FO,UA-->FO,UA-->FO,UA-->FO,UA-->FO,UA-->FO,UA-->FO,UA-->FO,UA-->FO,UA-->FO,UA-->FO,UA-->FO,UA-->FO,UA-->FO,UA-->FO,UA-->FO,UA-->FO,,,,,,,,,,,,,,,,,FO-->UA,FO-->UA,FO-->UA,FO-->UA,FO-->UA,FO-->UA,FO-->UA,FO-->UA,FO-->UA,FO-->UA,FO-->UA,FO-->UA,FO-->UA,FO-->UA,FO-->UA,FO-->UA,FO-->UA,FO-->UA,FO-->UA
AE,ARE,United Arab Emirates,Abu Dhabi,Asia,Western Asia,,AE-->FO,AE-->FO,AE-->FO,AE-->FO,AE-->FO,AE-->FO,AE-->FO,AE-->FO,AE-->FO,AE-->FO,AE-->FO,AE-->FO,AE-->FO,AE-->FO,AE-->FO,AE-->FO,AE-->FO,AE-->FO,AE-->FO,,,,,,,,,,,,,,,,,FO-->AE,FO-->AE,FO-->AE,FO-->AE,FO-->AE,FO-->AE,FO-->AE,FO-->AE,FO-->AE,FO-->AE,FO-->AE,FO-->AE,FO-->AE,FO-->AE,FO-->AE,FO-->AE,FO-->AE,FO-->AE,FO-->AE
GB,GBR,United Kingdom,London,Europe,Northern Europe,,GB-->FO,GB-->FO,GB-->FO,GB-->FO,GB-->FO,GB-->FO,GB-->FO,GB-->FO,GB-->FO,GB-->FO,GB-->FO,GB-->FO,GB-->FO,GB-->FO,GB-->FO,GB-->FO,GB-->FO,GB-->FO,GB-->FO,,,,,,,,,,,,,,,,,FO-->GB,FO-->GB,FO-->GB,FO-->GB,FO-->GB,FO-->GB,FO-->GB,FO-->GB,FO-->GB,FO-->GB,FO-->GB,FO-->GB,FO-->GB,FO-->GB,FO-->GB,FO-->GB,FO-->GB,FO-->GB,FO-->GB
US,USA,United States,"Washington, D.C.",Americas,Northern America,,US-->FO,US-->FO,US-->FO,US-->FO,US-->FO,US-->FO,US-->FO,US-->FO,US-->FO,US-->FO,US-->FO,US-->FO,US-->FO,US-->FO,US-->FO,US-->FO,US-->FO,US-->FO,US-->FO,,,,,,,,,,,,,,,,,FO-->US,FO-->US,FO-->US,FO-->US,FO-->US,FO-->US,FO-->US,FO-->US,FO-->US,FO-->US,FO-->US,FO-->US,FO-->US,FO-->US,FO-->US,FO-->US,FO-->US,FO-->US,FO-->US
UY,URY,Uruguay,Montevideo,Americas,South America,,UY-->FO,UY-->FO,UY-->FO,UY-->FO,UY-->FO,UY-->FO,UY-->FO,UY-->FO,UY-->FO,UY-->FO,UY-->FO,UY-->FO,UY-->FO,UY-->FO,UY-->FO,UY-->FO,UY-->FO,UY-->FO,UY-->FO,,,,,,,,,,,,,,,,,FO-->UY,FO-->UY,FO-->UY,FO-->UY,FO-->UY,FO-->UY,FO-->UY,FO-->UY,FO-->UY,FO-->UY,FO-->UY,FO-->UY,FO-->UY,FO-->UY,FO-->UY,FO-->UY,FO-->UY,FO-->UY,FO-->UY
UZ,UZB,Uzbekistan,Tashkent,Asia,Central Asia,,UZ-->FO,UZ-->FO,UZ-->FO,UZ-->FO,UZ-->FO,UZ-->FO,UZ-->FO,UZ-->FO,UZ-->FO,UZ-->FO,UZ-->FO,UZ-->FO,UZ-->FO,UZ-->FO,UZ-->FO,UZ-->FO,UZ-->FO,UZ-->FO,UZ-->FO,,,,,,,,,,,,,,,,,FO-->UZ,FO-->UZ,FO-->UZ,FO-->UZ,FO-->UZ,FO-->UZ,FO-->UZ,FO-->UZ,FO-->UZ,FO-->UZ,FO-->UZ,FO-->UZ,FO-->UZ,FO-->UZ,FO-->UZ,FO-->UZ,FO-->UZ,FO-->UZ,FO-->UZ
VU,VUT,Vanuatu,Port Vila,Oceania,Melanesia,,VU-->FO,VU-->FO,VU-->FO,VU-->FO,VU-->FO,VU-->FO,VU-->FO,VU-->FO,VU-->FO,VU-->FO,VU-->FO,VU-->FO,VU-->FO,VU-->FO,VU-->FO,VU-->FO,VU-->FO,VU-->FO,VU-->FO,,,,,,,,,,,,,,,,,FO-->VU,FO-->VU,FO-->VU,FO-->VU,FO-->VU,FO-->VU,FO-->VU,FO-->VU,FO-->VU,FO-->VU,FO-->VU,FO-->VU,FO-->VU,FO-->VU,FO-->VU,FO-->VU,FO-->VU,FO-->VU,FO-->VU
VE,VEN,Venezuela,Caracas,Americas,South America,,VE-->FO,VE-->FO,VE-->FO,VE-->FO,VE-->FO,VE-->FO,VE-->FO,VE-->FO,VE-->FO,VE-->FO,VE-->FO,VE-->FO,VE-->FO,VE-->FO,VE-->FO,VE-->FO,VE-->FO,VE-->FO,VE-->FO,,,,,,,,,,,,,,,,,FO-->VE,FO-->VE,FO-->VE,FO-->VE,FO-->VE,FO-->VE,FO-->VE,FO-->VE,FO-->VE,FO-->VE,FO-->VE,FO-->VE,FO-->VE,FO-->VE,FO-->VE,FO-->VE,FO-->VE,FO-->VE,FO-->VE
VN,VNM,Vietnam,Hanoi,Asia,South-Eastern Asia,,VN-->FO,VN-->FO,VN-->FO,VN-->FO,VN-->FO,VN-->FO,VN-->FO,VN-->FO,VN-->FO,VN-->FO,VN-->FO,VN-->FO,VN-->FO,VN-->FO,VN-->FO,VN-->FO,VN-->FO,VN-->FO,VN-->FO,,,,,,,,,,,,,,,,,FO-->VN,FO-->VN,FO-->VN,FO-->VN,FO-->VN,FO-->VN,FO-->VN,FO-->VN,FO-->VN,FO-->VN,FO-->VN,FO-->VN,FO-->VN,FO-->VN,FO-->VN,FO-->VN,FO-->VN,FO-->VN,FO-->VN
WF,WLF,Wallis and Futuna,Mata-Utu,Oceania,Polynesia,,WF-->FO,WF-->FO,WF-->FO,WF-->FO,WF-->FO,WF-->FO,WF-->FO,WF-->FO,WF-->FO,WF-->FO,WF-->FO,WF-->FO,WF-->FO,WF-->FO,WF-->FO,WF-->FO,WF-->FO,WF-->FO,WF-->FO,,,,,,,,,,,,,,,,,FO-->WF,FO-->WF,FO-->WF,FO-->WF,FO-->WF,FO-->WF,FO-->WF,FO-->WF,FO-->WF,FO-->WF,FO-->WF,FO-->WF,FO-->WF,FO-->WF,FO-->WF,FO-->WF,FO-->WF,FO-->WF,FO-->WF
EH,ESH,Western Sahara,El Aaiún,Africa,Northern Africa,,EH-->FO,EH-->FO,EH-->FO,EH-->FO,EH-->FO,EH-->FO,EH-->FO,EH-->FO,EH-->FO,EH-->FO,EH-->FO,EH-->FO,EH-->FO,EH-->FO,EH-->FO,EH-->FO,EH-->FO,EH-->FO,EH-->FO,,,,,,,,,,,,,,,,,FO-->EH,FO-->EH,FO-->EH,FO-->EH,FO-->EH,FO-->EH,FO-->EH,FO-->EH,FO-->EH,FO-->EH,FO-->EH,FO-->EH,FO-->EH,FO-->EH,FO-->EH,FO-->EH,FO-->EH,FO-->EH,FO-->EH
YE,YEM,Yemen,Sana'a,Asia,Western Asia,,YE-->FO,YE-->FO,YE-->FO,YE-->FO,YE-->FO,YE-->FO,YE-->FO,YE-->FO,YE-->FO,YE-->FO,YE-->FO,YE-->FO,YE-->FO,YE-->FO,YE-->FO,YE-->FO,YE-->FO,YE-->FO,YE-->FO,,,,,,,,,,,,,,,,,FO-->YE,FO-->YE,FO-->YE,FO-->YE,FO-->YE,FO-->YE,FO-->YE,FO-->YE,FO-->YE,FO-->YE,FO-->YE,FO-->YE,FO-->YE,FO-->YE,FO-->YE,FO-->YE,FO-->YE,FO-->YE,FO-->YE
ZM,ZMB,Zambia,Lusaka,Africa,Eastern Africa,,ZM-->FO,ZM-->FO,ZM-->FO,ZM-->FO,ZM-->FO,ZM-->FO,ZM-->FO,ZM-->FO,ZM-->FO,ZM-->FO,ZM-->FO,ZM-->FO,ZM-->FO,ZM-->FO,ZM-->FO,ZM-->FO,ZM-->FO,ZM-->FO,ZM-->FO,,,,,,,,,,,,,,,,,FO-->ZM,FO-->ZM,FO-->ZM,FO-->ZM,FO-->ZM,FO-->ZM,FO-->ZM,FO-->ZM,FO-->ZM,FO-->ZM,FO-->ZM,FO-->ZM,FO-->ZM,FO-->ZM,FO-->ZM,FO-->ZM,FO-->ZM,FO-->ZM,FO-->ZM
ZW,ZWE,Zimbabwe,Harare,Africa,Eastern Africa,,ZW-->FO,ZW-->FO,ZW-->FO,ZW-->FO,ZW-->FO,ZW-->FO,ZW-->FO,ZW-->FO,ZW-->FO,ZW-->FO,ZW-->FO,ZW-->FO,ZW-->FO,ZW-->FO,ZW-->FO,ZW-->FO,ZW-->FO,ZW-->FO,ZW-->FO,,,,,,,,,,,,,,,,,FO-->ZW,FO-->ZW,FO-->ZW,FO-->ZW,FO-->ZW,FO-->ZW,FO-->ZW,FO-->ZW,FO-->ZW,FO-->ZW,FO-->ZW,FO-->ZW,FO-->ZW,FO-->ZW,FO-->ZW,FO-->ZW,FO-->ZW,FO-->ZW,FO-->ZW
