nu,code,name,capital,region,subregion,Unnamed: 6,quara/into/where/e,quara/into/where/v,quara/into/where/uv,quara/into/min/e,quara/into/min/v,quara/into/min/uv,quara/into/max/e,quara/into/max/v,quara/into/max/uv,quara/into/comment,test/into/pcr/e,test/into/pcr/v,test/into/pcr/uv,test/into/ag/e,test/into/ag/v,test/into/ag/uv,test/into/comment,visa/into,visa/into/comment,loadStates/into,Unnamed: 27,Unnamed: 28,Unnamed: 29,Unnamed: 30,Unnamed: 31,Unnamed: 32,Unnamed: 33,Unnamed: 34,Unnamed: 35,Unnamed: 36,Unnamed: 37,Unnamed: 38,Unnamed: 39,Unnamed: 40,Unnamed: 41,quara/out/where/e,quara/out/where/v,quara/out/where/uv,quara/out/min/e,quara/out/min/v,quara/out/min/uv,quara/out/max/e,quara/out/max/v,quara/out/max/uv,quara/out/comment,test/out/pcr/e,test/out/pcr/v,test/out/pcr/uv,test/out/ag/e,test/out/ag/v,test/out/ag/uv,test/out/comment,visa/out,visa/out/comment
AF,AFG,Afghanistan,Kabul,Asia,Southern Asia,,AF-->CZ,AF-->CZ,AF-->CZ,AF-->CZ,AF-->CZ,AF-->CZ,AF-->CZ,AF-->CZ,AF-->CZ,AF-->CZ,AF-->CZ,AF-->CZ,AF-->CZ,AF-->CZ,AF-->CZ,AF-->CZ,AF-->CZ,AF-->CZ,AF-->CZ,,,,,,,,,,,,,,,,,CZ-->AF,CZ-->AF,CZ-->AF,CZ-->AF,CZ-->AF,CZ-->AF,CZ-->AF,CZ-->AF,CZ-->AF,CZ-->AF,CZ-->AF,CZ-->AF,CZ-->AF,CZ-->AF,CZ-->AF,CZ-->AF,CZ-->AF,CZ-->AF,CZ-->AF
AX,ALA,Åland Islands,Mariehamn,Europe,Northern Europe,,AX-->CZ,AX-->CZ,AX-->CZ,AX-->CZ,AX-->CZ,AX-->CZ,AX-->CZ,AX-->CZ,AX-->CZ,AX-->CZ,AX-->CZ,AX-->CZ,AX-->CZ,AX-->CZ,AX-->CZ,AX-->CZ,AX-->CZ,AX-->CZ,AX-->CZ,,,,,,,,,,,,,,,,,CZ-->AX,CZ-->AX,CZ-->AX,CZ-->AX,CZ-->AX,CZ-->AX,CZ-->AX,CZ-->AX,CZ-->AX,CZ-->AX,CZ-->AX,CZ-->AX,CZ-->AX,CZ-->AX,CZ-->AX,CZ-->AX,CZ-->AX,CZ-->AX,CZ-->AX
AL,ALB,Albania,Tirana,Europe,Southern Europe,,AL-->CZ,AL-->CZ,AL-->CZ,AL-->CZ,AL-->CZ,AL-->CZ,AL-->CZ,AL-->CZ,AL-->CZ,AL-->CZ,AL-->CZ,AL-->CZ,AL-->CZ,AL-->CZ,AL-->CZ,AL-->CZ,AL-->CZ,AL-->CZ,AL-->CZ,,,,,,,,,,,,,,,,,CZ-->AL,CZ-->AL,CZ-->AL,CZ-->AL,CZ-->AL,CZ-->AL,CZ-->AL,CZ-->AL,CZ-->AL,CZ-->AL,CZ-->AL,CZ-->AL,CZ-->AL,CZ-->AL,CZ-->AL,CZ-->AL,CZ-->AL,CZ-->AL,CZ-->AL
DZ,DZA,Algeria,Algiers,Africa,Northern Africa,,DZ-->CZ,DZ-->CZ,DZ-->CZ,DZ-->CZ,DZ-->CZ,DZ-->CZ,DZ-->CZ,DZ-->CZ,DZ-->CZ,DZ-->CZ,DZ-->CZ,DZ-->CZ,DZ-->CZ,DZ-->CZ,DZ-->CZ,DZ-->CZ,DZ-->CZ,DZ-->CZ,DZ-->CZ,,,,,,,,,,,,,,,,,CZ-->DZ,CZ-->DZ,CZ-->DZ,CZ-->DZ,CZ-->DZ,CZ-->DZ,CZ-->DZ,CZ-->DZ,CZ-->DZ,CZ-->DZ,CZ-->DZ,CZ-->DZ,CZ-->DZ,CZ-->DZ,CZ-->DZ,CZ-->DZ,CZ-->DZ,CZ-->DZ,CZ-->DZ
AS,ASM,American Samoa,Pago Pago,Oceania,Polynesia,,AS-->CZ,AS-->CZ,AS-->CZ,AS-->CZ,AS-->CZ,AS-->CZ,AS-->CZ,AS-->CZ,AS-->CZ,AS-->CZ,AS-->CZ,AS-->CZ,AS-->CZ,AS-->CZ,AS-->CZ,AS-->CZ,AS-->CZ,AS-->CZ,AS-->CZ,,,,,,,,,,,,,,,,,CZ-->AS,CZ-->AS,CZ-->AS,CZ-->AS,CZ-->AS,CZ-->AS,CZ-->AS,CZ-->AS,CZ-->AS,CZ-->AS,CZ-->AS,CZ-->AS,CZ-->AS,CZ-->AS,CZ-->AS,CZ-->AS,CZ-->AS,CZ-->AS,CZ-->AS
AD,AND,Andorra,Andorra la Vella,Europe,Southern Europe,,AD-->CZ,AD-->CZ,AD-->CZ,AD-->CZ,AD-->CZ,AD-->CZ,AD-->CZ,AD-->CZ,AD-->CZ,AD-->CZ,AD-->CZ,AD-->CZ,AD-->CZ,AD-->CZ,AD-->CZ,AD-->CZ,AD-->CZ,AD-->CZ,AD-->CZ,,,,,,,,,,,,,,,,,CZ-->AD,CZ-->AD,CZ-->AD,CZ-->AD,CZ-->AD,CZ-->AD,CZ-->AD,CZ-->AD,CZ-->AD,CZ-->AD,CZ-->AD,CZ-->AD,CZ-->AD,CZ-->AD,CZ-->AD,CZ-->AD,CZ-->AD,CZ-->AD,CZ-->AD
AO,AGO,Angola,Luanda,Africa,Middle Africa,,AO-->CZ,AO-->CZ,AO-->CZ,AO-->CZ,AO-->CZ,AO-->CZ,AO-->CZ,AO-->CZ,AO-->CZ,AO-->CZ,AO-->CZ,AO-->CZ,AO-->CZ,AO-->CZ,AO-->CZ,AO-->CZ,AO-->CZ,AO-->CZ,AO-->CZ,,,,,,,,,,,,,,,,,CZ-->AO,CZ-->AO,CZ-->AO,CZ-->AO,CZ-->AO,CZ-->AO,CZ-->AO,CZ-->AO,CZ-->AO,CZ-->AO,CZ-->AO,CZ-->AO,CZ-->AO,CZ-->AO,CZ-->AO,CZ-->AO,CZ-->AO,CZ-->AO,CZ-->AO
AI,AIA,Anguilla,The Valley,Americas,Caribbean,,AI-->CZ,AI-->CZ,AI-->CZ,AI-->CZ,AI-->CZ,AI-->CZ,AI-->CZ,AI-->CZ,AI-->CZ,AI-->CZ,AI-->CZ,AI-->CZ,AI-->CZ,AI-->CZ,AI-->CZ,AI-->CZ,AI-->CZ,AI-->CZ,AI-->CZ,,,,,,,,,,,,,,,,,CZ-->AI,CZ-->AI,CZ-->AI,CZ-->AI,CZ-->AI,CZ-->AI,CZ-->AI,CZ-->AI,CZ-->AI,CZ-->AI,CZ-->AI,CZ-->AI,CZ-->AI,CZ-->AI,CZ-->AI,CZ-->AI,CZ-->AI,CZ-->AI,CZ-->AI
AQ,ATA,Antarctica,,Polar,,,AQ-->CZ,AQ-->CZ,AQ-->CZ,AQ-->CZ,AQ-->CZ,AQ-->CZ,AQ-->CZ,AQ-->CZ,AQ-->CZ,AQ-->CZ,AQ-->CZ,AQ-->CZ,AQ-->CZ,AQ-->CZ,AQ-->CZ,AQ-->CZ,AQ-->CZ,AQ-->CZ,AQ-->CZ,,,,,,,,,,,,,,,,,CZ-->AQ,CZ-->AQ,CZ-->AQ,CZ-->AQ,CZ-->AQ,CZ-->AQ,CZ-->AQ,CZ-->AQ,CZ-->AQ,CZ-->AQ,CZ-->AQ,CZ-->AQ,CZ-->AQ,CZ-->AQ,CZ-->AQ,CZ-->AQ,CZ-->AQ,CZ-->AQ,CZ-->AQ
AG,ATG,Antigua and Barbuda,Saint John's,Americas,Caribbean,,AG-->CZ,AG-->CZ,AG-->CZ,AG-->CZ,AG-->CZ,AG-->CZ,AG-->CZ,AG-->CZ,AG-->CZ,AG-->CZ,AG-->CZ,AG-->CZ,AG-->CZ,AG-->CZ,AG-->CZ,AG-->CZ,AG-->CZ,AG-->CZ,AG-->CZ,,,,,,,,,,,,,,,,,CZ-->AG,CZ-->AG,CZ-->AG,CZ-->AG,CZ-->AG,CZ-->AG,CZ-->AG,CZ-->AG,CZ-->AG,CZ-->AG,CZ-->AG,CZ-->AG,CZ-->AG,CZ-->AG,CZ-->AG,CZ-->AG,CZ-->AG,CZ-->AG,CZ-->AG
AR,ARG,Argentina,Buenos Aires,Americas,South America,,AR-->CZ,AR-->CZ,AR-->CZ,AR-->CZ,AR-->CZ,AR-->CZ,AR-->CZ,AR-->CZ,AR-->CZ,AR-->CZ,AR-->CZ,AR-->CZ,AR-->CZ,AR-->CZ,AR-->CZ,AR-->CZ,AR-->CZ,AR-->CZ,AR-->CZ,,,,,,,,,,,,,,,,,CZ-->AR,CZ-->AR,CZ-->AR,CZ-->AR,CZ-->AR,CZ-->AR,CZ-->AR,CZ-->AR,CZ-->AR,CZ-->AR,CZ-->AR,CZ-->AR,CZ-->AR,CZ-->AR,CZ-->AR,CZ-->AR,CZ-->AR,CZ-->AR,CZ-->AR
AM,ARM,Armenia,Yerevan,Asia,Western Asia,,AM-->CZ,AM-->CZ,AM-->CZ,AM-->CZ,AM-->CZ,AM-->CZ,AM-->CZ,AM-->CZ,AM-->CZ,AM-->CZ,AM-->CZ,AM-->CZ,AM-->CZ,AM-->CZ,AM-->CZ,AM-->CZ,AM-->CZ,AM-->CZ,AM-->CZ,,,,,,,,,,,,,,,,,CZ-->AM,CZ-->AM,CZ-->AM,CZ-->AM,CZ-->AM,CZ-->AM,CZ-->AM,CZ-->AM,CZ-->AM,CZ-->AM,CZ-->AM,CZ-->AM,CZ-->AM,CZ-->AM,CZ-->AM,CZ-->AM,CZ-->AM,CZ-->AM,CZ-->AM
AW,ABW,Aruba,Oranjestad,Americas,Caribbean,,AW-->CZ,AW-->CZ,AW-->CZ,AW-->CZ,AW-->CZ,AW-->CZ,AW-->CZ,AW-->CZ,AW-->CZ,AW-->CZ,AW-->CZ,AW-->CZ,AW-->CZ,AW-->CZ,AW-->CZ,AW-->CZ,AW-->CZ,AW-->CZ,AW-->CZ,,,,,,,,,,,,,,,,,CZ-->AW,CZ-->AW,CZ-->AW,CZ-->AW,CZ-->AW,CZ-->AW,CZ-->AW,CZ-->AW,CZ-->AW,CZ-->AW,CZ-->AW,CZ-->AW,CZ-->AW,CZ-->AW,CZ-->AW,CZ-->AW,CZ-->AW,CZ-->AW,CZ-->AW
AU,AUS,Australia,Canberra,Oceania,Australia and New Zealand,,AU-->CZ,AU-->CZ,AU-->CZ,AU-->CZ,AU-->CZ,AU-->CZ,AU-->CZ,AU-->CZ,AU-->CZ,AU-->CZ,AU-->CZ,AU-->CZ,AU-->CZ,AU-->CZ,AU-->CZ,AU-->CZ,AU-->CZ,AU-->CZ,AU-->CZ,,,,,,,,,,,,,,,,,CZ-->AU,CZ-->AU,CZ-->AU,CZ-->AU,CZ-->AU,CZ-->AU,CZ-->AU,CZ-->AU,CZ-->AU,CZ-->AU,CZ-->AU,CZ-->AU,CZ-->AU,CZ-->AU,CZ-->AU,CZ-->AU,CZ-->AU,CZ-->AU,CZ-->AU
AT,AUT,Austria,Vienna,Europe,Western Europe,,AT-->CZ,AT-->CZ,AT-->CZ,AT-->CZ,AT-->CZ,AT-->CZ,AT-->CZ,AT-->CZ,AT-->CZ,AT-->CZ,AT-->CZ,AT-->CZ,AT-->CZ,AT-->CZ,AT-->CZ,AT-->CZ,AT-->CZ,AT-->CZ,AT-->CZ,,,,,,,,,,,,,,,,,CZ-->AT,CZ-->AT,CZ-->AT,CZ-->AT,CZ-->AT,CZ-->AT,CZ-->AT,CZ-->AT,CZ-->AT,CZ-->AT,CZ-->AT,CZ-->AT,CZ-->AT,CZ-->AT,CZ-->AT,CZ-->AT,CZ-->AT,CZ-->AT,CZ-->AT
AZ,AZE,Azerbaijan,Baku,Asia,Western Asia,,AZ-->CZ,AZ-->CZ,AZ-->CZ,AZ-->CZ,AZ-->CZ,AZ-->CZ,AZ-->CZ,AZ-->CZ,AZ-->CZ,AZ-->CZ,AZ-->CZ,AZ-->CZ,AZ-->CZ,AZ-->CZ,AZ-->CZ,AZ-->CZ,AZ-->CZ,AZ-->CZ,AZ-->CZ,,,,,,,,,,,,,,,,,CZ-->AZ,CZ-->AZ,CZ-->AZ,CZ-->AZ,CZ-->AZ,CZ-->AZ,CZ-->AZ,CZ-->AZ,CZ-->AZ,CZ-->AZ,CZ-->AZ,CZ-->AZ,CZ-->AZ,CZ-->AZ,CZ-->AZ,CZ-->AZ,CZ-->AZ,CZ-->AZ,CZ-->AZ
BS,BHS,The Bahamas,Nassau,Americas,Caribbean,,BS-->CZ,BS-->CZ,BS-->CZ,BS-->CZ,BS-->CZ,BS-->CZ,BS-->CZ,BS-->CZ,BS-->CZ,BS-->CZ,BS-->CZ,BS-->CZ,BS-->CZ,BS-->CZ,BS-->CZ,BS-->CZ,BS-->CZ,BS-->CZ,BS-->CZ,,,,,,,,,,,,,,,,,CZ-->BS,CZ-->BS,CZ-->BS,CZ-->BS,CZ-->BS,CZ-->BS,CZ-->BS,CZ-->BS,CZ-->BS,CZ-->BS,CZ-->BS,CZ-->BS,CZ-->BS,CZ-->BS,CZ-->BS,CZ-->BS,CZ-->BS,CZ-->BS,CZ-->BS
BH,BHR,Bahrain,Manama,Asia,Western Asia,,BH-->CZ,BH-->CZ,BH-->CZ,BH-->CZ,BH-->CZ,BH-->CZ,BH-->CZ,BH-->CZ,BH-->CZ,BH-->CZ,BH-->CZ,BH-->CZ,BH-->CZ,BH-->CZ,BH-->CZ,BH-->CZ,BH-->CZ,BH-->CZ,BH-->CZ,,,,,,,,,,,,,,,,,CZ-->BH,CZ-->BH,CZ-->BH,CZ-->BH,CZ-->BH,CZ-->BH,CZ-->BH,CZ-->BH,CZ-->BH,CZ-->BH,CZ-->BH,CZ-->BH,CZ-->BH,CZ-->BH,CZ-->BH,CZ-->BH,CZ-->BH,CZ-->BH,CZ-->BH
BD,BGD,Bangladesh,Dhaka,Asia,Southern Asia,,BD-->CZ,BD-->CZ,BD-->CZ,BD-->CZ,BD-->CZ,BD-->CZ,BD-->CZ,BD-->CZ,BD-->CZ,BD-->CZ,BD-->CZ,BD-->CZ,BD-->CZ,BD-->CZ,BD-->CZ,BD-->CZ,BD-->CZ,BD-->CZ,BD-->CZ,,,,,,,,,,,,,,,,,CZ-->BD,CZ-->BD,CZ-->BD,CZ-->BD,CZ-->BD,CZ-->BD,CZ-->BD,CZ-->BD,CZ-->BD,CZ-->BD,CZ-->BD,CZ-->BD,CZ-->BD,CZ-->BD,CZ-->BD,CZ-->BD,CZ-->BD,CZ-->BD,CZ-->BD
BB,BRB,Barbados,Bridgetown,Americas,Caribbean,,BB-->CZ,BB-->CZ,BB-->CZ,BB-->CZ,BB-->CZ,BB-->CZ,BB-->CZ,BB-->CZ,BB-->CZ,BB-->CZ,BB-->CZ,BB-->CZ,BB-->CZ,BB-->CZ,BB-->CZ,BB-->CZ,BB-->CZ,BB-->CZ,BB-->CZ,,,,,,,,,,,,,,,,,CZ-->BB,CZ-->BB,CZ-->BB,CZ-->BB,CZ-->BB,CZ-->BB,CZ-->BB,CZ-->BB,CZ-->BB,CZ-->BB,CZ-->BB,CZ-->BB,CZ-->BB,CZ-->BB,CZ-->BB,CZ-->BB,CZ-->BB,CZ-->BB,CZ-->BB
BY,BLR,Belarus,Minsk,Europe,Eastern Europe,,BY-->CZ,BY-->CZ,BY-->CZ,BY-->CZ,BY-->CZ,BY-->CZ,BY-->CZ,BY-->CZ,BY-->CZ,BY-->CZ,BY-->CZ,BY-->CZ,BY-->CZ,BY-->CZ,BY-->CZ,BY-->CZ,BY-->CZ,BY-->CZ,BY-->CZ,,,,,,,,,,,,,,,,,CZ-->BY,CZ-->BY,CZ-->BY,CZ-->BY,CZ-->BY,CZ-->BY,CZ-->BY,CZ-->BY,CZ-->BY,CZ-->BY,CZ-->BY,CZ-->BY,CZ-->BY,CZ-->BY,CZ-->BY,CZ-->BY,CZ-->BY,CZ-->BY,CZ-->BY
BE,BEL,Belgium,Brussels,Europe,Western Europe,,BE-->CZ,BE-->CZ,BE-->CZ,BE-->CZ,BE-->CZ,BE-->CZ,BE-->CZ,BE-->CZ,BE-->CZ,BE-->CZ,BE-->CZ,BE-->CZ,BE-->CZ,BE-->CZ,BE-->CZ,BE-->CZ,BE-->CZ,BE-->CZ,BE-->CZ,,,,,,,,,,,,,,,,,CZ-->BE,CZ-->BE,CZ-->BE,CZ-->BE,CZ-->BE,CZ-->BE,CZ-->BE,CZ-->BE,CZ-->BE,CZ-->BE,CZ-->BE,CZ-->BE,CZ-->BE,CZ-->BE,CZ-->BE,CZ-->BE,CZ-->BE,CZ-->BE,CZ-->BE
BZ,BLZ,Belize,Belmopan,Americas,Central America,,BZ-->CZ,BZ-->CZ,BZ-->CZ,BZ-->CZ,BZ-->CZ,BZ-->CZ,BZ-->CZ,BZ-->CZ,BZ-->CZ,BZ-->CZ,BZ-->CZ,BZ-->CZ,BZ-->CZ,BZ-->CZ,BZ-->CZ,BZ-->CZ,BZ-->CZ,BZ-->CZ,BZ-->CZ,,,,,,,,,,,,,,,,,CZ-->BZ,CZ-->BZ,CZ-->BZ,CZ-->BZ,CZ-->BZ,CZ-->BZ,CZ-->BZ,CZ-->BZ,CZ-->BZ,CZ-->BZ,CZ-->BZ,CZ-->BZ,CZ-->BZ,CZ-->BZ,CZ-->BZ,CZ-->BZ,CZ-->BZ,CZ-->BZ,CZ-->BZ
BJ,BEN,Benin,Porto-Novo,Africa,Western Africa,,BJ-->CZ,BJ-->CZ,BJ-->CZ,BJ-->CZ,BJ-->CZ,BJ-->CZ,BJ-->CZ,BJ-->CZ,BJ-->CZ,BJ-->CZ,BJ-->CZ,BJ-->CZ,BJ-->CZ,BJ-->CZ,BJ-->CZ,BJ-->CZ,BJ-->CZ,BJ-->CZ,BJ-->CZ,,,,,,,,,,,,,,,,,CZ-->BJ,CZ-->BJ,CZ-->BJ,CZ-->BJ,CZ-->BJ,CZ-->BJ,CZ-->BJ,CZ-->BJ,CZ-->BJ,CZ-->BJ,CZ-->BJ,CZ-->BJ,CZ-->BJ,CZ-->BJ,CZ-->BJ,CZ-->BJ,CZ-->BJ,CZ-->BJ,CZ-->BJ
BM,BMU,Bermuda,Hamilton,Americas,Northern America,,BM-->CZ,BM-->CZ,BM-->CZ,BM-->CZ,BM-->CZ,BM-->CZ,BM-->CZ,BM-->CZ,BM-->CZ,BM-->CZ,BM-->CZ,BM-->CZ,BM-->CZ,BM-->CZ,BM-->CZ,BM-->CZ,BM-->CZ,BM-->CZ,BM-->CZ,,,,,,,,,,,,,,,,,CZ-->BM,CZ-->BM,CZ-->BM,CZ-->BM,CZ-->BM,CZ-->BM,CZ-->BM,CZ-->BM,CZ-->BM,CZ-->BM,CZ-->BM,CZ-->BM,CZ-->BM,CZ-->BM,CZ-->BM,CZ-->BM,CZ-->BM,CZ-->BM,CZ-->BM
BT,BTN,Bhutan,Thimphu,Asia,Southern Asia,,BT-->CZ,BT-->CZ,BT-->CZ,BT-->CZ,BT-->CZ,BT-->CZ,BT-->CZ,BT-->CZ,BT-->CZ,BT-->CZ,BT-->CZ,BT-->CZ,BT-->CZ,BT-->CZ,BT-->CZ,BT-->CZ,BT-->CZ,BT-->CZ,BT-->CZ,,,,,,,,,,,,,,,,,CZ-->BT,CZ-->BT,CZ-->BT,CZ-->BT,CZ-->BT,CZ-->BT,CZ-->BT,CZ-->BT,CZ-->BT,CZ-->BT,CZ-->BT,CZ-->BT,CZ-->BT,CZ-->BT,CZ-->BT,CZ-->BT,CZ-->BT,CZ-->BT,CZ-->BT
BO,BOL,Bolivia,Sucre,Americas,South America,,BO-->CZ,BO-->CZ,BO-->CZ,BO-->CZ,BO-->CZ,BO-->CZ,BO-->CZ,BO-->CZ,BO-->CZ,BO-->CZ,BO-->CZ,BO-->CZ,BO-->CZ,BO-->CZ,BO-->CZ,BO-->CZ,BO-->CZ,BO-->CZ,BO-->CZ,,,,,,,,,,,,,,,,,CZ-->BO,CZ-->BO,CZ-->BO,CZ-->BO,CZ-->BO,CZ-->BO,CZ-->BO,CZ-->BO,CZ-->BO,CZ-->BO,CZ-->BO,CZ-->BO,CZ-->BO,CZ-->BO,CZ-->BO,CZ-->BO,CZ-->BO,CZ-->BO,CZ-->BO
BQ,BES,Bonaire,Kralendijk,Americas,Caribbean,,BQ-->CZ,BQ-->CZ,BQ-->CZ,BQ-->CZ,BQ-->CZ,BQ-->CZ,BQ-->CZ,BQ-->CZ,BQ-->CZ,BQ-->CZ,BQ-->CZ,BQ-->CZ,BQ-->CZ,BQ-->CZ,BQ-->CZ,BQ-->CZ,BQ-->CZ,BQ-->CZ,BQ-->CZ,,,,,,,,,,,,,,,,,CZ-->BQ,CZ-->BQ,CZ-->BQ,CZ-->BQ,CZ-->BQ,CZ-->BQ,CZ-->BQ,CZ-->BQ,CZ-->BQ,CZ-->BQ,CZ-->BQ,CZ-->BQ,CZ-->BQ,CZ-->BQ,CZ-->BQ,CZ-->BQ,CZ-->BQ,CZ-->BQ,CZ-->BQ
BA,BIH,Bosnia and Herzegovina,Sarajevo,Europe,Southern Europe,,BA-->CZ,BA-->CZ,BA-->CZ,BA-->CZ,BA-->CZ,BA-->CZ,BA-->CZ,BA-->CZ,BA-->CZ,BA-->CZ,BA-->CZ,BA-->CZ,BA-->CZ,BA-->CZ,BA-->CZ,BA-->CZ,BA-->CZ,BA-->CZ,BA-->CZ,,,,,,,,,,,,,,,,,CZ-->BA,CZ-->BA,CZ-->BA,CZ-->BA,CZ-->BA,CZ-->BA,CZ-->BA,CZ-->BA,CZ-->BA,CZ-->BA,CZ-->BA,CZ-->BA,CZ-->BA,CZ-->BA,CZ-->BA,CZ-->BA,CZ-->BA,CZ-->BA,CZ-->BA
BW,BWA,Botswana,Gaborone,Africa,Southern Africa,,BW-->CZ,BW-->CZ,BW-->CZ,BW-->CZ,BW-->CZ,BW-->CZ,BW-->CZ,BW-->CZ,BW-->CZ,BW-->CZ,BW-->CZ,BW-->CZ,BW-->CZ,BW-->CZ,BW-->CZ,BW-->CZ,BW-->CZ,BW-->CZ,BW-->CZ,,,,,,,,,,,,,,,,,CZ-->BW,CZ-->BW,CZ-->BW,CZ-->BW,CZ-->BW,CZ-->BW,CZ-->BW,CZ-->BW,CZ-->BW,CZ-->BW,CZ-->BW,CZ-->BW,CZ-->BW,CZ-->BW,CZ-->BW,CZ-->BW,CZ-->BW,CZ-->BW,CZ-->BW
BV,BVT,Bouvet Island,,,,,BV-->CZ,BV-->CZ,BV-->CZ,BV-->CZ,BV-->CZ,BV-->CZ,BV-->CZ,BV-->CZ,BV-->CZ,BV-->CZ,BV-->CZ,BV-->CZ,BV-->CZ,BV-->CZ,BV-->CZ,BV-->CZ,BV-->CZ,BV-->CZ,BV-->CZ,,,,,,,,,,,,,,,,,CZ-->BV,CZ-->BV,CZ-->BV,CZ-->BV,CZ-->BV,CZ-->BV,CZ-->BV,CZ-->BV,CZ-->BV,CZ-->BV,CZ-->BV,CZ-->BV,CZ-->BV,CZ-->BV,CZ-->BV,CZ-->BV,CZ-->BV,CZ-->BV,CZ-->BV
BR,BRA,Brazil,Brasília,Americas,South America,,BR-->CZ,BR-->CZ,BR-->CZ,BR-->CZ,BR-->CZ,BR-->CZ,BR-->CZ,BR-->CZ,BR-->CZ,BR-->CZ,BR-->CZ,BR-->CZ,BR-->CZ,BR-->CZ,BR-->CZ,BR-->CZ,BR-->CZ,BR-->CZ,BR-->CZ,,,,,,,,,,,,,,,,,CZ-->BR,CZ-->BR,CZ-->BR,CZ-->BR,CZ-->BR,CZ-->BR,CZ-->BR,CZ-->BR,CZ-->BR,CZ-->BR,CZ-->BR,CZ-->BR,CZ-->BR,CZ-->BR,CZ-->BR,CZ-->BR,CZ-->BR,CZ-->BR,CZ-->BR
IO,IOT,British Indian Ocean Territory,Diego Garcia,Africa,Eastern Africa,,IO-->CZ,IO-->CZ,IO-->CZ,IO-->CZ,IO-->CZ,IO-->CZ,IO-->CZ,IO-->CZ,IO-->CZ,IO-->CZ,IO-->CZ,IO-->CZ,IO-->CZ,IO-->CZ,IO-->CZ,IO-->CZ,IO-->CZ,IO-->CZ,IO-->CZ,,,,,,,,,,,,,,,,,CZ-->IO,CZ-->IO,CZ-->IO,CZ-->IO,CZ-->IO,CZ-->IO,CZ-->IO,CZ-->IO,CZ-->IO,CZ-->IO,CZ-->IO,CZ-->IO,CZ-->IO,CZ-->IO,CZ-->IO,CZ-->IO,CZ-->IO,CZ-->IO,CZ-->IO
UM,UMI,United States Minor Outlying Islands,,Americas,Northern America,,UM-->CZ,UM-->CZ,UM-->CZ,UM-->CZ,UM-->CZ,UM-->CZ,UM-->CZ,UM-->CZ,UM-->CZ,UM-->CZ,UM-->CZ,UM-->CZ,UM-->CZ,UM-->CZ,UM-->CZ,UM-->CZ,UM-->CZ,UM-->CZ,UM-->CZ,,,,,,,,,,,,,,,,,CZ-->UM,CZ-->UM,CZ-->UM,CZ-->UM,CZ-->UM,CZ-->UM,CZ-->UM,CZ-->UM,CZ-->UM,CZ-->UM,CZ-->UM,CZ-->UM,CZ-->UM,CZ-->UM,CZ-->UM,CZ-->UM,CZ-->UM,CZ-->UM,CZ-->UM
VG,VGB,Virgin Islands (British),Road Town,Americas,Caribbean,,VG-->CZ,VG-->CZ,VG-->CZ,VG-->CZ,VG-->CZ,VG-->CZ,VG-->CZ,VG-->CZ,VG-->CZ,VG-->CZ,VG-->CZ,VG-->CZ,VG-->CZ,VG-->CZ,VG-->CZ,VG-->CZ,VG-->CZ,VG-->CZ,VG-->CZ,,,,,,,,,,,,,,,,,CZ-->VG,CZ-->VG,CZ-->VG,CZ-->VG,CZ-->VG,CZ-->VG,CZ-->VG,CZ-->VG,CZ-->VG,CZ-->VG,CZ-->VG,CZ-->VG,CZ-->VG,CZ-->VG,CZ-->VG,CZ-->VG,CZ-->VG,CZ-->VG,CZ-->VG
VI,VIR,Virgin Islands (U.S.),Charlotte Amalie,Americas,Caribbean,,VI-->CZ,VI-->CZ,VI-->CZ,VI-->CZ,VI-->CZ,VI-->CZ,VI-->CZ,VI-->CZ,VI-->CZ,VI-->CZ,VI-->CZ,VI-->CZ,VI-->CZ,VI-->CZ,VI-->CZ,VI-->CZ,VI-->CZ,VI-->CZ,VI-->CZ,,,,,,,,,,,,,,,,,CZ-->VI,CZ-->VI,CZ-->VI,CZ-->VI,CZ-->VI,CZ-->VI,CZ-->VI,CZ-->VI,CZ-->VI,CZ-->VI,CZ-->VI,CZ-->VI,CZ-->VI,CZ-->VI,CZ-->VI,CZ-->VI,CZ-->VI,CZ-->VI,CZ-->VI
BN,BRN,Brunei,Bandar Seri Begawan,Asia,South-Eastern Asia,,BN-->CZ,BN-->CZ,BN-->CZ,BN-->CZ,BN-->CZ,BN-->CZ,BN-->CZ,BN-->CZ,BN-->CZ,BN-->CZ,BN-->CZ,BN-->CZ,BN-->CZ,BN-->CZ,BN-->CZ,BN-->CZ,BN-->CZ,BN-->CZ,BN-->CZ,,,,,,,,,,,,,,,,,CZ-->BN,CZ-->BN,CZ-->BN,CZ-->BN,CZ-->BN,CZ-->BN,CZ-->BN,CZ-->BN,CZ-->BN,CZ-->BN,CZ-->BN,CZ-->BN,CZ-->BN,CZ-->BN,CZ-->BN,CZ-->BN,CZ-->BN,CZ-->BN,CZ-->BN
BG,BGR,Bulgaria,Sofia,Europe,Eastern Europe,,BG-->CZ,BG-->CZ,BG-->CZ,BG-->CZ,BG-->CZ,BG-->CZ,BG-->CZ,BG-->CZ,BG-->CZ,BG-->CZ,BG-->CZ,BG-->CZ,BG-->CZ,BG-->CZ,BG-->CZ,BG-->CZ,BG-->CZ,BG-->CZ,BG-->CZ,,,,,,,,,,,,,,,,,CZ-->BG,CZ-->BG,CZ-->BG,CZ-->BG,CZ-->BG,CZ-->BG,CZ-->BG,CZ-->BG,CZ-->BG,CZ-->BG,CZ-->BG,CZ-->BG,CZ-->BG,CZ-->BG,CZ-->BG,CZ-->BG,CZ-->BG,CZ-->BG,CZ-->BG
BF,BFA,Burkina Faso,Ouagadougou,Africa,Western Africa,,BF-->CZ,BF-->CZ,BF-->CZ,BF-->CZ,BF-->CZ,BF-->CZ,BF-->CZ,BF-->CZ,BF-->CZ,BF-->CZ,BF-->CZ,BF-->CZ,BF-->CZ,BF-->CZ,BF-->CZ,BF-->CZ,BF-->CZ,BF-->CZ,BF-->CZ,,,,,,,,,,,,,,,,,CZ-->BF,CZ-->BF,CZ-->BF,CZ-->BF,CZ-->BF,CZ-->BF,CZ-->BF,CZ-->BF,CZ-->BF,CZ-->BF,CZ-->BF,CZ-->BF,CZ-->BF,CZ-->BF,CZ-->BF,CZ-->BF,CZ-->BF,CZ-->BF,CZ-->BF
BI,BDI,Burundi,Bujumbura,Africa,Eastern Africa,,BI-->CZ,BI-->CZ,BI-->CZ,BI-->CZ,BI-->CZ,BI-->CZ,BI-->CZ,BI-->CZ,BI-->CZ,BI-->CZ,BI-->CZ,BI-->CZ,BI-->CZ,BI-->CZ,BI-->CZ,BI-->CZ,BI-->CZ,BI-->CZ,BI-->CZ,,,,,,,,,,,,,,,,,CZ-->BI,CZ-->BI,CZ-->BI,CZ-->BI,CZ-->BI,CZ-->BI,CZ-->BI,CZ-->BI,CZ-->BI,CZ-->BI,CZ-->BI,CZ-->BI,CZ-->BI,CZ-->BI,CZ-->BI,CZ-->BI,CZ-->BI,CZ-->BI,CZ-->BI
KH,KHM,Cambodia,Phnom Penh,Asia,South-Eastern Asia,,KH-->CZ,KH-->CZ,KH-->CZ,KH-->CZ,KH-->CZ,KH-->CZ,KH-->CZ,KH-->CZ,KH-->CZ,KH-->CZ,KH-->CZ,KH-->CZ,KH-->CZ,KH-->CZ,KH-->CZ,KH-->CZ,KH-->CZ,KH-->CZ,KH-->CZ,,,,,,,,,,,,,,,,,CZ-->KH,CZ-->KH,CZ-->KH,CZ-->KH,CZ-->KH,CZ-->KH,CZ-->KH,CZ-->KH,CZ-->KH,CZ-->KH,CZ-->KH,CZ-->KH,CZ-->KH,CZ-->KH,CZ-->KH,CZ-->KH,CZ-->KH,CZ-->KH,CZ-->KH
CM,CMR,Cameroon,Yaoundé,Africa,Middle Africa,,CM-->CZ,CM-->CZ,CM-->CZ,CM-->CZ,CM-->CZ,CM-->CZ,CM-->CZ,CM-->CZ,CM-->CZ,CM-->CZ,CM-->CZ,CM-->CZ,CM-->CZ,CM-->CZ,CM-->CZ,CM-->CZ,CM-->CZ,CM-->CZ,CM-->CZ,,,,,,,,,,,,,,,,,CZ-->CM,CZ-->CM,CZ-->CM,CZ-->CM,CZ-->CM,CZ-->CM,CZ-->CM,CZ-->CM,CZ-->CM,CZ-->CM,CZ-->CM,CZ-->CM,CZ-->CM,CZ-->CM,CZ-->CM,CZ-->CM,CZ-->CM,CZ-->CM,CZ-->CM
CA,CAN,Canada,Ottawa,Americas,Northern America,,CA-->CZ,CA-->CZ,CA-->CZ,CA-->CZ,CA-->CZ,CA-->CZ,CA-->CZ,CA-->CZ,CA-->CZ,CA-->CZ,CA-->CZ,CA-->CZ,CA-->CZ,CA-->CZ,CA-->CZ,CA-->CZ,CA-->CZ,CA-->CZ,CA-->CZ,,,,,,,,,,,,,,,,,CZ-->CA,CZ-->CA,CZ-->CA,CZ-->CA,CZ-->CA,CZ-->CA,CZ-->CA,CZ-->CA,CZ-->CA,CZ-->CA,CZ-->CA,CZ-->CA,CZ-->CA,CZ-->CA,CZ-->CA,CZ-->CA,CZ-->CA,CZ-->CA,CZ-->CA
CV,CPV,Cape Verde,Praia,Africa,Western Africa,,CV-->CZ,CV-->CZ,CV-->CZ,CV-->CZ,CV-->CZ,CV-->CZ,CV-->CZ,CV-->CZ,CV-->CZ,CV-->CZ,CV-->CZ,CV-->CZ,CV-->CZ,CV-->CZ,CV-->CZ,CV-->CZ,CV-->CZ,CV-->CZ,CV-->CZ,,,,,,,,,,,,,,,,,CZ-->CV,CZ-->CV,CZ-->CV,CZ-->CV,CZ-->CV,CZ-->CV,CZ-->CV,CZ-->CV,CZ-->CV,CZ-->CV,CZ-->CV,CZ-->CV,CZ-->CV,CZ-->CV,CZ-->CV,CZ-->CV,CZ-->CV,CZ-->CV,CZ-->CV
KY,CYM,Cayman Islands,George Town,Americas,Caribbean,,KY-->CZ,KY-->CZ,KY-->CZ,KY-->CZ,KY-->CZ,KY-->CZ,KY-->CZ,KY-->CZ,KY-->CZ,KY-->CZ,KY-->CZ,KY-->CZ,KY-->CZ,KY-->CZ,KY-->CZ,KY-->CZ,KY-->CZ,KY-->CZ,KY-->CZ,,,,,,,,,,,,,,,,,CZ-->KY,CZ-->KY,CZ-->KY,CZ-->KY,CZ-->KY,CZ-->KY,CZ-->KY,CZ-->KY,CZ-->KY,CZ-->KY,CZ-->KY,CZ-->KY,CZ-->KY,CZ-->KY,CZ-->KY,CZ-->KY,CZ-->KY,CZ-->KY,CZ-->KY
CF,CAF,Central African Republic,Bangui,Africa,Middle Africa,,CF-->CZ,CF-->CZ,CF-->CZ,CF-->CZ,CF-->CZ,CF-->CZ,CF-->CZ,CF-->CZ,CF-->CZ,CF-->CZ,CF-->CZ,CF-->CZ,CF-->CZ,CF-->CZ,CF-->CZ,CF-->CZ,CF-->CZ,CF-->CZ,CF-->CZ,,,,,,,,,,,,,,,,,CZ-->CF,CZ-->CF,CZ-->CF,CZ-->CF,CZ-->CF,CZ-->CF,CZ-->CF,CZ-->CF,CZ-->CF,CZ-->CF,CZ-->CF,CZ-->CF,CZ-->CF,CZ-->CF,CZ-->CF,CZ-->CF,CZ-->CF,CZ-->CF,CZ-->CF
TD,TCD,Chad,N'Djamena,Africa,Middle Africa,,TD-->CZ,TD-->CZ,TD-->CZ,TD-->CZ,TD-->CZ,TD-->CZ,TD-->CZ,TD-->CZ,TD-->CZ,TD-->CZ,TD-->CZ,TD-->CZ,TD-->CZ,TD-->CZ,TD-->CZ,TD-->CZ,TD-->CZ,TD-->CZ,TD-->CZ,,,,,,,,,,,,,,,,,CZ-->TD,CZ-->TD,CZ-->TD,CZ-->TD,CZ-->TD,CZ-->TD,CZ-->TD,CZ-->TD,CZ-->TD,CZ-->TD,CZ-->TD,CZ-->TD,CZ-->TD,CZ-->TD,CZ-->TD,CZ-->TD,CZ-->TD,CZ-->TD,CZ-->TD
CL,CHL,Chile,Santiago,Americas,South America,,CL-->CZ,CL-->CZ,CL-->CZ,CL-->CZ,CL-->CZ,CL-->CZ,CL-->CZ,CL-->CZ,CL-->CZ,CL-->CZ,CL-->CZ,CL-->CZ,CL-->CZ,CL-->CZ,CL-->CZ,CL-->CZ,CL-->CZ,CL-->CZ,CL-->CZ,,,,,,,,,,,,,,,,,CZ-->CL,CZ-->CL,CZ-->CL,CZ-->CL,CZ-->CL,CZ-->CL,CZ-->CL,CZ-->CL,CZ-->CL,CZ-->CL,CZ-->CL,CZ-->CL,CZ-->CL,CZ-->CL,CZ-->CL,CZ-->CL,CZ-->CL,CZ-->CL,CZ-->CL
CN,CHN,China,Beijing,Asia,Eastern Asia,,CN-->CZ,CN-->CZ,CN-->CZ,CN-->CZ,CN-->CZ,CN-->CZ,CN-->CZ,CN-->CZ,CN-->CZ,CN-->CZ,CN-->CZ,CN-->CZ,CN-->CZ,CN-->CZ,CN-->CZ,CN-->CZ,CN-->CZ,CN-->CZ,CN-->CZ,,,,,,,,,,,,,,,,,CZ-->CN,CZ-->CN,CZ-->CN,CZ-->CN,CZ-->CN,CZ-->CN,CZ-->CN,CZ-->CN,CZ-->CN,CZ-->CN,CZ-->CN,CZ-->CN,CZ-->CN,CZ-->CN,CZ-->CN,CZ-->CN,CZ-->CN,CZ-->CN,CZ-->CN
CX,CXR,Christmas Island,Flying Fish Cove,Oceania,Australia and New Zealand,,CX-->CZ,CX-->CZ,CX-->CZ,CX-->CZ,CX-->CZ,CX-->CZ,CX-->CZ,CX-->CZ,CX-->CZ,CX-->CZ,CX-->CZ,CX-->CZ,CX-->CZ,CX-->CZ,CX-->CZ,CX-->CZ,CX-->CZ,CX-->CZ,CX-->CZ,,,,,,,,,,,,,,,,,CZ-->CX,CZ-->CX,CZ-->CX,CZ-->CX,CZ-->CX,CZ-->CX,CZ-->CX,CZ-->CX,CZ-->CX,CZ-->CX,CZ-->CX,CZ-->CX,CZ-->CX,CZ-->CX,CZ-->CX,CZ-->CX,CZ-->CX,CZ-->CX,CZ-->CX
CC,CCK,Cocos (Keeling) Islands,West Island,Oceania,Australia and New Zealand,,CC-->CZ,CC-->CZ,CC-->CZ,CC-->CZ,CC-->CZ,CC-->CZ,CC-->CZ,CC-->CZ,CC-->CZ,CC-->CZ,CC-->CZ,CC-->CZ,CC-->CZ,CC-->CZ,CC-->CZ,CC-->CZ,CC-->CZ,CC-->CZ,CC-->CZ,,,,,,,,,,,,,,,,,CZ-->CC,CZ-->CC,CZ-->CC,CZ-->CC,CZ-->CC,CZ-->CC,CZ-->CC,CZ-->CC,CZ-->CC,CZ-->CC,CZ-->CC,CZ-->CC,CZ-->CC,CZ-->CC,CZ-->CC,CZ-->CC,CZ-->CC,CZ-->CC,CZ-->CC
CO,COL,Colombia,Bogotá,Americas,South America,,CO-->CZ,CO-->CZ,CO-->CZ,CO-->CZ,CO-->CZ,CO-->CZ,CO-->CZ,CO-->CZ,CO-->CZ,CO-->CZ,CO-->CZ,CO-->CZ,CO-->CZ,CO-->CZ,CO-->CZ,CO-->CZ,CO-->CZ,CO-->CZ,CO-->CZ,,,,,,,,,,,,,,,,,CZ-->CO,CZ-->CO,CZ-->CO,CZ-->CO,CZ-->CO,CZ-->CO,CZ-->CO,CZ-->CO,CZ-->CO,CZ-->CO,CZ-->CO,CZ-->CO,CZ-->CO,CZ-->CO,CZ-->CO,CZ-->CO,CZ-->CO,CZ-->CO,CZ-->CO
KM,COM,Comoros,Moroni,Africa,Eastern Africa,,KM-->CZ,KM-->CZ,KM-->CZ,KM-->CZ,KM-->CZ,KM-->CZ,KM-->CZ,KM-->CZ,KM-->CZ,KM-->CZ,KM-->CZ,KM-->CZ,KM-->CZ,KM-->CZ,KM-->CZ,KM-->CZ,KM-->CZ,KM-->CZ,KM-->CZ,,,,,,,,,,,,,,,,,CZ-->KM,CZ-->KM,CZ-->KM,CZ-->KM,CZ-->KM,CZ-->KM,CZ-->KM,CZ-->KM,CZ-->KM,CZ-->KM,CZ-->KM,CZ-->KM,CZ-->KM,CZ-->KM,CZ-->KM,CZ-->KM,CZ-->KM,CZ-->KM,CZ-->KM
CG,COG,Republic of the Congo,Brazzaville,Africa,Middle Africa,,CG-->CZ,CG-->CZ,CG-->CZ,CG-->CZ,CG-->CZ,CG-->CZ,CG-->CZ,CG-->CZ,CG-->CZ,CG-->CZ,CG-->CZ,CG-->CZ,CG-->CZ,CG-->CZ,CG-->CZ,CG-->CZ,CG-->CZ,CG-->CZ,CG-->CZ,,,,,,,,,,,,,,,,,CZ-->CG,CZ-->CG,CZ-->CG,CZ-->CG,CZ-->CG,CZ-->CG,CZ-->CG,CZ-->CG,CZ-->CG,CZ-->CG,CZ-->CG,CZ-->CG,CZ-->CG,CZ-->CG,CZ-->CG,CZ-->CG,CZ-->CG,CZ-->CG,CZ-->CG
CD,COD,Democratic Republic of the Congo,Kinshasa,Africa,Middle Africa,,CD-->CZ,CD-->CZ,CD-->CZ,CD-->CZ,CD-->CZ,CD-->CZ,CD-->CZ,CD-->CZ,CD-->CZ,CD-->CZ,CD-->CZ,CD-->CZ,CD-->CZ,CD-->CZ,CD-->CZ,CD-->CZ,CD-->CZ,CD-->CZ,CD-->CZ,,,,,,,,,,,,,,,,,CZ-->CD,CZ-->CD,CZ-->CD,CZ-->CD,CZ-->CD,CZ-->CD,CZ-->CD,CZ-->CD,CZ-->CD,CZ-->CD,CZ-->CD,CZ-->CD,CZ-->CD,CZ-->CD,CZ-->CD,CZ-->CD,CZ-->CD,CZ-->CD,CZ-->CD
CK,COK,Cook Islands,Avarua,Oceania,Polynesia,,CK-->CZ,CK-->CZ,CK-->CZ,CK-->CZ,CK-->CZ,CK-->CZ,CK-->CZ,CK-->CZ,CK-->CZ,CK-->CZ,CK-->CZ,CK-->CZ,CK-->CZ,CK-->CZ,CK-->CZ,CK-->CZ,CK-->CZ,CK-->CZ,CK-->CZ,,,,,,,,,,,,,,,,,CZ-->CK,CZ-->CK,CZ-->CK,CZ-->CK,CZ-->CK,CZ-->CK,CZ-->CK,CZ-->CK,CZ-->CK,CZ-->CK,CZ-->CK,CZ-->CK,CZ-->CK,CZ-->CK,CZ-->CK,CZ-->CK,CZ-->CK,CZ-->CK,CZ-->CK
CR,CRI,Costa Rica,San José,Americas,Central America,,CR-->CZ,CR-->CZ,CR-->CZ,CR-->CZ,CR-->CZ,CR-->CZ,CR-->CZ,CR-->CZ,CR-->CZ,CR-->CZ,CR-->CZ,CR-->CZ,CR-->CZ,CR-->CZ,CR-->CZ,CR-->CZ,CR-->CZ,CR-->CZ,CR-->CZ,,,,,,,,,,,,,,,,,CZ-->CR,CZ-->CR,CZ-->CR,CZ-->CR,CZ-->CR,CZ-->CR,CZ-->CR,CZ-->CR,CZ-->CR,CZ-->CR,CZ-->CR,CZ-->CR,CZ-->CR,CZ-->CR,CZ-->CR,CZ-->CR,CZ-->CR,CZ-->CR,CZ-->CR
HR,HRV,Croatia,Zagreb,Europe,Southern Europe,,HR-->CZ,HR-->CZ,HR-->CZ,HR-->CZ,HR-->CZ,HR-->CZ,HR-->CZ,HR-->CZ,HR-->CZ,HR-->CZ,HR-->CZ,HR-->CZ,HR-->CZ,HR-->CZ,HR-->CZ,HR-->CZ,HR-->CZ,HR-->CZ,HR-->CZ,,,,,,,,,,,,,,,,,CZ-->HR,CZ-->HR,CZ-->HR,CZ-->HR,CZ-->HR,CZ-->HR,CZ-->HR,CZ-->HR,CZ-->HR,CZ-->HR,CZ-->HR,CZ-->HR,CZ-->HR,CZ-->HR,CZ-->HR,CZ-->HR,CZ-->HR,CZ-->HR,CZ-->HR
CU,CUB,Cuba,Havana,Americas,Caribbean,,CU-->CZ,CU-->CZ,CU-->CZ,CU-->CZ,CU-->CZ,CU-->CZ,CU-->CZ,CU-->CZ,CU-->CZ,CU-->CZ,CU-->CZ,CU-->CZ,CU-->CZ,CU-->CZ,CU-->CZ,CU-->CZ,CU-->CZ,CU-->CZ,CU-->CZ,,,,,,,,,,,,,,,,,CZ-->CU,CZ-->CU,CZ-->CU,CZ-->CU,CZ-->CU,CZ-->CU,CZ-->CU,CZ-->CU,CZ-->CU,CZ-->CU,CZ-->CU,CZ-->CU,CZ-->CU,CZ-->CU,CZ-->CU,CZ-->CU,CZ-->CU,CZ-->CU,CZ-->CU
CW,CUW,Curaçao,Willemstad,Americas,Caribbean,,CW-->CZ,CW-->CZ,CW-->CZ,CW-->CZ,CW-->CZ,CW-->CZ,CW-->CZ,CW-->CZ,CW-->CZ,CW-->CZ,CW-->CZ,CW-->CZ,CW-->CZ,CW-->CZ,CW-->CZ,CW-->CZ,CW-->CZ,CW-->CZ,CW-->CZ,,,,,,,,,,,,,,,,,CZ-->CW,CZ-->CW,CZ-->CW,CZ-->CW,CZ-->CW,CZ-->CW,CZ-->CW,CZ-->CW,CZ-->CW,CZ-->CW,CZ-->CW,CZ-->CW,CZ-->CW,CZ-->CW,CZ-->CW,CZ-->CW,CZ-->CW,CZ-->CW,CZ-->CW
CY,CYP,Cyprus,Nicosia,Europe,Southern Europe,,CY-->CZ,CY-->CZ,CY-->CZ,CY-->CZ,CY-->CZ,CY-->CZ,CY-->CZ,CY-->CZ,CY-->CZ,CY-->CZ,CY-->CZ,CY-->CZ,CY-->CZ,CY-->CZ,CY-->CZ,CY-->CZ,CY-->CZ,CY-->CZ,CY-->CZ,,,,,,,,,,,,,,,,,CZ-->CY,CZ-->CY,CZ-->CY,CZ-->CY,CZ-->CY,CZ-->CY,CZ-->CY,CZ-->CY,CZ-->CY,CZ-->CY,CZ-->CY,CZ-->CY,CZ-->CY,CZ-->CY,CZ-->CY,CZ-->CY,CZ-->CY,CZ-->CY,CZ-->CY
CZ,CZE,Czech Republic,Prague,Europe,Eastern Europe,,CZ-->CZ,CZ-->CZ,CZ-->CZ,CZ-->CZ,CZ-->CZ,CZ-->CZ,CZ-->CZ,CZ-->CZ,CZ-->CZ,CZ-->CZ,CZ-->CZ,CZ-->CZ,CZ-->CZ,CZ-->CZ,CZ-->CZ,CZ-->CZ,CZ-->CZ,CZ-->CZ,CZ-->CZ,,,,,,,,,,,,,,,,,CZ-->CZ,CZ-->CZ,CZ-->CZ,CZ-->CZ,CZ-->CZ,CZ-->CZ,CZ-->CZ,CZ-->CZ,CZ-->CZ,CZ-->CZ,CZ-->CZ,CZ-->CZ,CZ-->CZ,CZ-->CZ,CZ-->CZ,CZ-->CZ,CZ-->CZ,CZ-->CZ,CZ-->CZ
DK,DNK,Denmark,Copenhagen,Europe,Northern Europe,,DK-->CZ,DK-->CZ,DK-->CZ,DK-->CZ,DK-->CZ,DK-->CZ,DK-->CZ,DK-->CZ,DK-->CZ,DK-->CZ,DK-->CZ,DK-->CZ,DK-->CZ,DK-->CZ,DK-->CZ,DK-->CZ,DK-->CZ,DK-->CZ,DK-->CZ,,,,,,,,,,,,,,,,,CZ-->DK,CZ-->DK,CZ-->DK,CZ-->DK,CZ-->DK,CZ-->DK,CZ-->DK,CZ-->DK,CZ-->DK,CZ-->DK,CZ-->DK,CZ-->DK,CZ-->DK,CZ-->DK,CZ-->DK,CZ-->DK,CZ-->DK,CZ-->DK,CZ-->DK
DJ,DJI,Djibouti,Djibouti,Africa,Eastern Africa,,DJ-->CZ,DJ-->CZ,DJ-->CZ,DJ-->CZ,DJ-->CZ,DJ-->CZ,DJ-->CZ,DJ-->CZ,DJ-->CZ,DJ-->CZ,DJ-->CZ,DJ-->CZ,DJ-->CZ,DJ-->CZ,DJ-->CZ,DJ-->CZ,DJ-->CZ,DJ-->CZ,DJ-->CZ,,,,,,,,,,,,,,,,,CZ-->DJ,CZ-->DJ,CZ-->DJ,CZ-->DJ,CZ-->DJ,CZ-->DJ,CZ-->DJ,CZ-->DJ,CZ-->DJ,CZ-->DJ,CZ-->DJ,CZ-->DJ,CZ-->DJ,CZ-->DJ,CZ-->DJ,CZ-->DJ,CZ-->DJ,CZ-->DJ,CZ-->DJ
DM,DMA,Dominica,Roseau,Americas,Caribbean,,DM-->CZ,DM-->CZ,DM-->CZ,DM-->CZ,DM-->CZ,DM-->CZ,DM-->CZ,DM-->CZ,DM-->CZ,DM-->CZ,DM-->CZ,DM-->CZ,DM-->CZ,DM-->CZ,DM-->CZ,DM-->CZ,DM-->CZ,DM-->CZ,DM-->CZ,,,,,,,,,,,,,,,,,CZ-->DM,CZ-->DM,CZ-->DM,CZ-->DM,CZ-->DM,CZ-->DM,CZ-->DM,CZ-->DM,CZ-->DM,CZ-->DM,CZ-->DM,CZ-->DM,CZ-->DM,CZ-->DM,CZ-->DM,CZ-->DM,CZ-->DM,CZ-->DM,CZ-->DM
DO,DOM,Dominican Republic,Santo Domingo,Americas,Caribbean,,DO-->CZ,DO-->CZ,DO-->CZ,DO-->CZ,DO-->CZ,DO-->CZ,DO-->CZ,DO-->CZ,DO-->CZ,DO-->CZ,DO-->CZ,DO-->CZ,DO-->CZ,DO-->CZ,DO-->CZ,DO-->CZ,DO-->CZ,DO-->CZ,DO-->CZ,,,,,,,,,,,,,,,,,CZ-->DO,CZ-->DO,CZ-->DO,CZ-->DO,CZ-->DO,CZ-->DO,CZ-->DO,CZ-->DO,CZ-->DO,CZ-->DO,CZ-->DO,CZ-->DO,CZ-->DO,CZ-->DO,CZ-->DO,CZ-->DO,CZ-->DO,CZ-->DO,CZ-->DO
EC,ECU,Ecuador,Quito,Americas,South America,,EC-->CZ,EC-->CZ,EC-->CZ,EC-->CZ,EC-->CZ,EC-->CZ,EC-->CZ,EC-->CZ,EC-->CZ,EC-->CZ,EC-->CZ,EC-->CZ,EC-->CZ,EC-->CZ,EC-->CZ,EC-->CZ,EC-->CZ,EC-->CZ,EC-->CZ,,,,,,,,,,,,,,,,,CZ-->EC,CZ-->EC,CZ-->EC,CZ-->EC,CZ-->EC,CZ-->EC,CZ-->EC,CZ-->EC,CZ-->EC,CZ-->EC,CZ-->EC,CZ-->EC,CZ-->EC,CZ-->EC,CZ-->EC,CZ-->EC,CZ-->EC,CZ-->EC,CZ-->EC
EG,EGY,Egypt,Cairo,Africa,Northern Africa,,EG-->CZ,EG-->CZ,EG-->CZ,EG-->CZ,EG-->CZ,EG-->CZ,EG-->CZ,EG-->CZ,EG-->CZ,EG-->CZ,EG-->CZ,EG-->CZ,EG-->CZ,EG-->CZ,EG-->CZ,EG-->CZ,EG-->CZ,EG-->CZ,EG-->CZ,,,,,,,,,,,,,,,,,CZ-->EG,CZ-->EG,CZ-->EG,CZ-->EG,CZ-->EG,CZ-->EG,CZ-->EG,CZ-->EG,CZ-->EG,CZ-->EG,CZ-->EG,CZ-->EG,CZ-->EG,CZ-->EG,CZ-->EG,CZ-->EG,CZ-->EG,CZ-->EG,CZ-->EG
SV,SLV,El Salvador,San Salvador,Americas,Central America,,SV-->CZ,SV-->CZ,SV-->CZ,SV-->CZ,SV-->CZ,SV-->CZ,SV-->CZ,SV-->CZ,SV-->CZ,SV-->CZ,SV-->CZ,SV-->CZ,SV-->CZ,SV-->CZ,SV-->CZ,SV-->CZ,SV-->CZ,SV-->CZ,SV-->CZ,,,,,,,,,,,,,,,,,CZ-->SV,CZ-->SV,CZ-->SV,CZ-->SV,CZ-->SV,CZ-->SV,CZ-->SV,CZ-->SV,CZ-->SV,CZ-->SV,CZ-->SV,CZ-->SV,CZ-->SV,CZ-->SV,CZ-->SV,CZ-->SV,CZ-->SV,CZ-->SV,CZ-->SV
GQ,GNQ,Equatorial Guinea,Malabo,Africa,Middle Africa,,GQ-->CZ,GQ-->CZ,GQ-->CZ,GQ-->CZ,GQ-->CZ,GQ-->CZ,GQ-->CZ,GQ-->CZ,GQ-->CZ,GQ-->CZ,GQ-->CZ,GQ-->CZ,GQ-->CZ,GQ-->CZ,GQ-->CZ,GQ-->CZ,GQ-->CZ,GQ-->CZ,GQ-->CZ,,,,,,,,,,,,,,,,,CZ-->GQ,CZ-->GQ,CZ-->GQ,CZ-->GQ,CZ-->GQ,CZ-->GQ,CZ-->GQ,CZ-->GQ,CZ-->GQ,CZ-->GQ,CZ-->GQ,CZ-->GQ,CZ-->GQ,CZ-->GQ,CZ-->GQ,CZ-->GQ,CZ-->GQ,CZ-->GQ,CZ-->GQ
ER,ERI,Eritrea,Asmara,Africa,Eastern Africa,,ER-->CZ,ER-->CZ,ER-->CZ,ER-->CZ,ER-->CZ,ER-->CZ,ER-->CZ,ER-->CZ,ER-->CZ,ER-->CZ,ER-->CZ,ER-->CZ,ER-->CZ,ER-->CZ,ER-->CZ,ER-->CZ,ER-->CZ,ER-->CZ,ER-->CZ,,,,,,,,,,,,,,,,,CZ-->ER,CZ-->ER,CZ-->ER,CZ-->ER,CZ-->ER,CZ-->ER,CZ-->ER,CZ-->ER,CZ-->ER,CZ-->ER,CZ-->ER,CZ-->ER,CZ-->ER,CZ-->ER,CZ-->ER,CZ-->ER,CZ-->ER,CZ-->ER,CZ-->ER
EE,EST,Estonia,Tallinn,Europe,Northern Europe,,EE-->CZ,EE-->CZ,EE-->CZ,EE-->CZ,EE-->CZ,EE-->CZ,EE-->CZ,EE-->CZ,EE-->CZ,EE-->CZ,EE-->CZ,EE-->CZ,EE-->CZ,EE-->CZ,EE-->CZ,EE-->CZ,EE-->CZ,EE-->CZ,EE-->CZ,,,,,,,,,,,,,,,,,CZ-->EE,CZ-->EE,CZ-->EE,CZ-->EE,CZ-->EE,CZ-->EE,CZ-->EE,CZ-->EE,CZ-->EE,CZ-->EE,CZ-->EE,CZ-->EE,CZ-->EE,CZ-->EE,CZ-->EE,CZ-->EE,CZ-->EE,CZ-->EE,CZ-->EE
ET,ETH,Ethiopia,Addis Ababa,Africa,Eastern Africa,,ET-->CZ,ET-->CZ,ET-->CZ,ET-->CZ,ET-->CZ,ET-->CZ,ET-->CZ,ET-->CZ,ET-->CZ,ET-->CZ,ET-->CZ,ET-->CZ,ET-->CZ,ET-->CZ,ET-->CZ,ET-->CZ,ET-->CZ,ET-->CZ,ET-->CZ,,,,,,,,,,,,,,,,,CZ-->ET,CZ-->ET,CZ-->ET,CZ-->ET,CZ-->ET,CZ-->ET,CZ-->ET,CZ-->ET,CZ-->ET,CZ-->ET,CZ-->ET,CZ-->ET,CZ-->ET,CZ-->ET,CZ-->ET,CZ-->ET,CZ-->ET,CZ-->ET,CZ-->ET
FK,FLK,Falkland Islands,Stanley,Americas,South America,,FK-->CZ,FK-->CZ,FK-->CZ,FK-->CZ,FK-->CZ,FK-->CZ,FK-->CZ,FK-->CZ,FK-->CZ,FK-->CZ,FK-->CZ,FK-->CZ,FK-->CZ,FK-->CZ,FK-->CZ,FK-->CZ,FK-->CZ,FK-->CZ,FK-->CZ,,,,,,,,,,,,,,,,,CZ-->FK,CZ-->FK,CZ-->FK,CZ-->FK,CZ-->FK,CZ-->FK,CZ-->FK,CZ-->FK,CZ-->FK,CZ-->FK,CZ-->FK,CZ-->FK,CZ-->FK,CZ-->FK,CZ-->FK,CZ-->FK,CZ-->FK,CZ-->FK,CZ-->FK
FO,FRO,Faroe Islands,Tórshavn,Europe,Northern Europe,,FO-->CZ,FO-->CZ,FO-->CZ,FO-->CZ,FO-->CZ,FO-->CZ,FO-->CZ,FO-->CZ,FO-->CZ,FO-->CZ,FO-->CZ,FO-->CZ,FO-->CZ,FO-->CZ,FO-->CZ,FO-->CZ,FO-->CZ,FO-->CZ,FO-->CZ,,,,,,,,,,,,,,,,,CZ-->FO,CZ-->FO,CZ-->FO,CZ-->FO,CZ-->FO,CZ-->FO,CZ-->FO,CZ-->FO,CZ-->FO,CZ-->FO,CZ-->FO,CZ-->FO,CZ-->FO,CZ-->FO,CZ-->FO,CZ-->FO,CZ-->FO,CZ-->FO,CZ-->FO
FJ,FJI,Fiji,Suva,Oceania,Melanesia,,FJ-->CZ,FJ-->CZ,FJ-->CZ,FJ-->CZ,FJ-->CZ,FJ-->CZ,FJ-->CZ,FJ-->CZ,FJ-->CZ,FJ-->CZ,FJ-->CZ,FJ-->CZ,FJ-->CZ,FJ-->CZ,FJ-->CZ,FJ-->CZ,FJ-->CZ,FJ-->CZ,FJ-->CZ,,,,,,,,,,,,,,,,,CZ-->FJ,CZ-->FJ,CZ-->FJ,CZ-->FJ,CZ-->FJ,CZ-->FJ,CZ-->FJ,CZ-->FJ,CZ-->FJ,CZ-->FJ,CZ-->FJ,CZ-->FJ,CZ-->FJ,CZ-->FJ,CZ-->FJ,CZ-->FJ,CZ-->FJ,CZ-->FJ,CZ-->FJ
FI,FIN,Finland,Helsinki,Europe,Northern Europe,,FI-->CZ,FI-->CZ,FI-->CZ,FI-->CZ,FI-->CZ,FI-->CZ,FI-->CZ,FI-->CZ,FI-->CZ,FI-->CZ,FI-->CZ,FI-->CZ,FI-->CZ,FI-->CZ,FI-->CZ,FI-->CZ,FI-->CZ,FI-->CZ,FI-->CZ,,,,,,,,,,,,,,,,,CZ-->FI,CZ-->FI,CZ-->FI,CZ-->FI,CZ-->FI,CZ-->FI,CZ-->FI,CZ-->FI,CZ-->FI,CZ-->FI,CZ-->FI,CZ-->FI,CZ-->FI,CZ-->FI,CZ-->FI,CZ-->FI,CZ-->FI,CZ-->FI,CZ-->FI
FR,FRA,France,Paris,Europe,Western Europe,,FR-->CZ,FR-->CZ,FR-->CZ,FR-->CZ,FR-->CZ,FR-->CZ,FR-->CZ,FR-->CZ,FR-->CZ,FR-->CZ,FR-->CZ,FR-->CZ,FR-->CZ,FR-->CZ,FR-->CZ,FR-->CZ,FR-->CZ,FR-->CZ,FR-->CZ,,,,,,,,,,,,,,,,,CZ-->FR,CZ-->FR,CZ-->FR,CZ-->FR,CZ-->FR,CZ-->FR,CZ-->FR,CZ-->FR,CZ-->FR,CZ-->FR,CZ-->FR,CZ-->FR,CZ-->FR,CZ-->FR,CZ-->FR,CZ-->FR,CZ-->FR,CZ-->FR,CZ-->FR
GF,GUF,French Guiana,Cayenne,Americas,South America,,GF-->CZ,GF-->CZ,GF-->CZ,GF-->CZ,GF-->CZ,GF-->CZ,GF-->CZ,GF-->CZ,GF-->CZ,GF-->CZ,GF-->CZ,GF-->CZ,GF-->CZ,GF-->CZ,GF-->CZ,GF-->CZ,GF-->CZ,GF-->CZ,GF-->CZ,,,,,,,,,,,,,,,,,CZ-->GF,CZ-->GF,CZ-->GF,CZ-->GF,CZ-->GF,CZ-->GF,CZ-->GF,CZ-->GF,CZ-->GF,CZ-->GF,CZ-->GF,CZ-->GF,CZ-->GF,CZ-->GF,CZ-->GF,CZ-->GF,CZ-->GF,CZ-->GF,CZ-->GF
PF,PYF,French Polynesia,Papeetē,Oceania,Polynesia,,PF-->CZ,PF-->CZ,PF-->CZ,PF-->CZ,PF-->CZ,PF-->CZ,PF-->CZ,PF-->CZ,PF-->CZ,PF-->CZ,PF-->CZ,PF-->CZ,PF-->CZ,PF-->CZ,PF-->CZ,PF-->CZ,PF-->CZ,PF-->CZ,PF-->CZ,,,,,,,,,,,,,,,,,CZ-->PF,CZ-->PF,CZ-->PF,CZ-->PF,CZ-->PF,CZ-->PF,CZ-->PF,CZ-->PF,CZ-->PF,CZ-->PF,CZ-->PF,CZ-->PF,CZ-->PF,CZ-->PF,CZ-->PF,CZ-->PF,CZ-->PF,CZ-->PF,CZ-->PF
TF,ATF,French Southern and Antarctic Lands,Port-aux-Français,Africa,Southern Africa,,TF-->CZ,TF-->CZ,TF-->CZ,TF-->CZ,TF-->CZ,TF-->CZ,TF-->CZ,TF-->CZ,TF-->CZ,TF-->CZ,TF-->CZ,TF-->CZ,TF-->CZ,TF-->CZ,TF-->CZ,TF-->CZ,TF-->CZ,TF-->CZ,TF-->CZ,,,,,,,,,,,,,,,,,CZ-->TF,CZ-->TF,CZ-->TF,CZ-->TF,CZ-->TF,CZ-->TF,CZ-->TF,CZ-->TF,CZ-->TF,CZ-->TF,CZ-->TF,CZ-->TF,CZ-->TF,CZ-->TF,CZ-->TF,CZ-->TF,CZ-->TF,CZ-->TF,CZ-->TF
GA,GAB,Gabon,Libreville,Africa,Middle Africa,,GA-->CZ,GA-->CZ,GA-->CZ,GA-->CZ,GA-->CZ,GA-->CZ,GA-->CZ,GA-->CZ,GA-->CZ,GA-->CZ,GA-->CZ,GA-->CZ,GA-->CZ,GA-->CZ,GA-->CZ,GA-->CZ,GA-->CZ,GA-->CZ,GA-->CZ,,,,,,,,,,,,,,,,,CZ-->GA,CZ-->GA,CZ-->GA,CZ-->GA,CZ-->GA,CZ-->GA,CZ-->GA,CZ-->GA,CZ-->GA,CZ-->GA,CZ-->GA,CZ-->GA,CZ-->GA,CZ-->GA,CZ-->GA,CZ-->GA,CZ-->GA,CZ-->GA,CZ-->GA
GM,GMB,The Gambia,Banjul,Africa,Western Africa,,GM-->CZ,GM-->CZ,GM-->CZ,GM-->CZ,GM-->CZ,GM-->CZ,GM-->CZ,GM-->CZ,GM-->CZ,GM-->CZ,GM-->CZ,GM-->CZ,GM-->CZ,GM-->CZ,GM-->CZ,GM-->CZ,GM-->CZ,GM-->CZ,GM-->CZ,,,,,,,,,,,,,,,,,CZ-->GM,CZ-->GM,CZ-->GM,CZ-->GM,CZ-->GM,CZ-->GM,CZ-->GM,CZ-->GM,CZ-->GM,CZ-->GM,CZ-->GM,CZ-->GM,CZ-->GM,CZ-->GM,CZ-->GM,CZ-->GM,CZ-->GM,CZ-->GM,CZ-->GM
GE,GEO,Georgia,Tbilisi,Asia,Western Asia,,GE-->CZ,GE-->CZ,GE-->CZ,GE-->CZ,GE-->CZ,GE-->CZ,GE-->CZ,GE-->CZ,GE-->CZ,GE-->CZ,GE-->CZ,GE-->CZ,GE-->CZ,GE-->CZ,GE-->CZ,GE-->CZ,GE-->CZ,GE-->CZ,GE-->CZ,,,,,,,,,,,,,,,,,CZ-->GE,CZ-->GE,CZ-->GE,CZ-->GE,CZ-->GE,CZ-->GE,CZ-->GE,CZ-->GE,CZ-->GE,CZ-->GE,CZ-->GE,CZ-->GE,CZ-->GE,CZ-->GE,CZ-->GE,CZ-->GE,CZ-->GE,CZ-->GE,CZ-->GE
DE,DEU,Germany,Berlin,Europe,Western Europe,,DE-->CZ,DE-->CZ,DE-->CZ,DE-->CZ,DE-->CZ,DE-->CZ,DE-->CZ,DE-->CZ,DE-->CZ,DE-->CZ,DE-->CZ,DE-->CZ,DE-->CZ,DE-->CZ,DE-->CZ,DE-->CZ,DE-->CZ,DE-->CZ,DE-->CZ,,,,,,,,,,,,,,,,,CZ-->DE,CZ-->DE,CZ-->DE,CZ-->DE,CZ-->DE,CZ-->DE,CZ-->DE,CZ-->DE,CZ-->DE,CZ-->DE,CZ-->DE,CZ-->DE,CZ-->DE,CZ-->DE,CZ-->DE,CZ-->DE,CZ-->DE,CZ-->DE,CZ-->DE
GH,GHA,Ghana,Accra,Africa,Western Africa,,GH-->CZ,GH-->CZ,GH-->CZ,GH-->CZ,GH-->CZ,GH-->CZ,GH-->CZ,GH-->CZ,GH-->CZ,GH-->CZ,GH-->CZ,GH-->CZ,GH-->CZ,GH-->CZ,GH-->CZ,GH-->CZ,GH-->CZ,GH-->CZ,GH-->CZ,,,,,,,,,,,,,,,,,CZ-->GH,CZ-->GH,CZ-->GH,CZ-->GH,CZ-->GH,CZ-->GH,CZ-->GH,CZ-->GH,CZ-->GH,CZ-->GH,CZ-->GH,CZ-->GH,CZ-->GH,CZ-->GH,CZ-->GH,CZ-->GH,CZ-->GH,CZ-->GH,CZ-->GH
GI,GIB,Gibraltar,Gibraltar,Europe,Southern Europe,,GI-->CZ,GI-->CZ,GI-->CZ,GI-->CZ,GI-->CZ,GI-->CZ,GI-->CZ,GI-->CZ,GI-->CZ,GI-->CZ,GI-->CZ,GI-->CZ,GI-->CZ,GI-->CZ,GI-->CZ,GI-->CZ,GI-->CZ,GI-->CZ,GI-->CZ,,,,,,,,,,,,,,,,,CZ-->GI,CZ-->GI,CZ-->GI,CZ-->GI,CZ-->GI,CZ-->GI,CZ-->GI,CZ-->GI,CZ-->GI,CZ-->GI,CZ-->GI,CZ-->GI,CZ-->GI,CZ-->GI,CZ-->GI,CZ-->GI,CZ-->GI,CZ-->GI,CZ-->GI
GR,GRC,Greece,Athens,Europe,Southern Europe,,GR-->CZ,GR-->CZ,GR-->CZ,GR-->CZ,GR-->CZ,GR-->CZ,GR-->CZ,GR-->CZ,GR-->CZ,GR-->CZ,GR-->CZ,GR-->CZ,GR-->CZ,GR-->CZ,GR-->CZ,GR-->CZ,GR-->CZ,GR-->CZ,GR-->CZ,,,,,,,,,,,,,,,,,CZ-->GR,CZ-->GR,CZ-->GR,CZ-->GR,CZ-->GR,CZ-->GR,CZ-->GR,CZ-->GR,CZ-->GR,CZ-->GR,CZ-->GR,CZ-->GR,CZ-->GR,CZ-->GR,CZ-->GR,CZ-->GR,CZ-->GR,CZ-->GR,CZ-->GR
GL,GRL,Greenland,Nuuk,Americas,Northern America,,GL-->CZ,GL-->CZ,GL-->CZ,GL-->CZ,GL-->CZ,GL-->CZ,GL-->CZ,GL-->CZ,GL-->CZ,GL-->CZ,GL-->CZ,GL-->CZ,GL-->CZ,GL-->CZ,GL-->CZ,GL-->CZ,GL-->CZ,GL-->CZ,GL-->CZ,,,,,,,,,,,,,,,,,CZ-->GL,CZ-->GL,CZ-->GL,CZ-->GL,CZ-->GL,CZ-->GL,CZ-->GL,CZ-->GL,CZ-->GL,CZ-->GL,CZ-->GL,CZ-->GL,CZ-->GL,CZ-->GL,CZ-->GL,CZ-->GL,CZ-->GL,CZ-->GL,CZ-->GL
GD,GRD,Grenada,St. George's,Americas,Caribbean,,GD-->CZ,GD-->CZ,GD-->CZ,GD-->CZ,GD-->CZ,GD-->CZ,GD-->CZ,GD-->CZ,GD-->CZ,GD-->CZ,GD-->CZ,GD-->CZ,GD-->CZ,GD-->CZ,GD-->CZ,GD-->CZ,GD-->CZ,GD-->CZ,GD-->CZ,,,,,,,,,,,,,,,,,CZ-->GD,CZ-->GD,CZ-->GD,CZ-->GD,CZ-->GD,CZ-->GD,CZ-->GD,CZ-->GD,CZ-->GD,CZ-->GD,CZ-->GD,CZ-->GD,CZ-->GD,CZ-->GD,CZ-->GD,CZ-->GD,CZ-->GD,CZ-->GD,CZ-->GD
GP,GLP,Guadeloupe,Basse-Terre,Americas,Caribbean,,GP-->CZ,GP-->CZ,GP-->CZ,GP-->CZ,GP-->CZ,GP-->CZ,GP-->CZ,GP-->CZ,GP-->CZ,GP-->CZ,GP-->CZ,GP-->CZ,GP-->CZ,GP-->CZ,GP-->CZ,GP-->CZ,GP-->CZ,GP-->CZ,GP-->CZ,,,,,,,,,,,,,,,,,CZ-->GP,CZ-->GP,CZ-->GP,CZ-->GP,CZ-->GP,CZ-->GP,CZ-->GP,CZ-->GP,CZ-->GP,CZ-->GP,CZ-->GP,CZ-->GP,CZ-->GP,CZ-->GP,CZ-->GP,CZ-->GP,CZ-->GP,CZ-->GP,CZ-->GP
GU,GUM,Guam,Hagåtña,Oceania,Micronesia,,GU-->CZ,GU-->CZ,GU-->CZ,GU-->CZ,GU-->CZ,GU-->CZ,GU-->CZ,GU-->CZ,GU-->CZ,GU-->CZ,GU-->CZ,GU-->CZ,GU-->CZ,GU-->CZ,GU-->CZ,GU-->CZ,GU-->CZ,GU-->CZ,GU-->CZ,,,,,,,,,,,,,,,,,CZ-->GU,CZ-->GU,CZ-->GU,CZ-->GU,CZ-->GU,CZ-->GU,CZ-->GU,CZ-->GU,CZ-->GU,CZ-->GU,CZ-->GU,CZ-->GU,CZ-->GU,CZ-->GU,CZ-->GU,CZ-->GU,CZ-->GU,CZ-->GU,CZ-->GU
GT,GTM,Guatemala,Guatemala City,Americas,Central America,,GT-->CZ,GT-->CZ,GT-->CZ,GT-->CZ,GT-->CZ,GT-->CZ,GT-->CZ,GT-->CZ,GT-->CZ,GT-->CZ,GT-->CZ,GT-->CZ,GT-->CZ,GT-->CZ,GT-->CZ,GT-->CZ,GT-->CZ,GT-->CZ,GT-->CZ,,,,,,,,,,,,,,,,,CZ-->GT,CZ-->GT,CZ-->GT,CZ-->GT,CZ-->GT,CZ-->GT,CZ-->GT,CZ-->GT,CZ-->GT,CZ-->GT,CZ-->GT,CZ-->GT,CZ-->GT,CZ-->GT,CZ-->GT,CZ-->GT,CZ-->GT,CZ-->GT,CZ-->GT
GG,GGY,Guernsey,St. Peter Port,Europe,Northern Europe,,GG-->CZ,GG-->CZ,GG-->CZ,GG-->CZ,GG-->CZ,GG-->CZ,GG-->CZ,GG-->CZ,GG-->CZ,GG-->CZ,GG-->CZ,GG-->CZ,GG-->CZ,GG-->CZ,GG-->CZ,GG-->CZ,GG-->CZ,GG-->CZ,GG-->CZ,,,,,,,,,,,,,,,,,CZ-->GG,CZ-->GG,CZ-->GG,CZ-->GG,CZ-->GG,CZ-->GG,CZ-->GG,CZ-->GG,CZ-->GG,CZ-->GG,CZ-->GG,CZ-->GG,CZ-->GG,CZ-->GG,CZ-->GG,CZ-->GG,CZ-->GG,CZ-->GG,CZ-->GG
GN,GIN,Guinea,Conakry,Africa,Western Africa,,GN-->CZ,GN-->CZ,GN-->CZ,GN-->CZ,GN-->CZ,GN-->CZ,GN-->CZ,GN-->CZ,GN-->CZ,GN-->CZ,GN-->CZ,GN-->CZ,GN-->CZ,GN-->CZ,GN-->CZ,GN-->CZ,GN-->CZ,GN-->CZ,GN-->CZ,,,,,,,,,,,,,,,,,CZ-->GN,CZ-->GN,CZ-->GN,CZ-->GN,CZ-->GN,CZ-->GN,CZ-->GN,CZ-->GN,CZ-->GN,CZ-->GN,CZ-->GN,CZ-->GN,CZ-->GN,CZ-->GN,CZ-->GN,CZ-->GN,CZ-->GN,CZ-->GN,CZ-->GN
GW,GNB,Guinea-Bissau,Bissau,Africa,Western Africa,,GW-->CZ,GW-->CZ,GW-->CZ,GW-->CZ,GW-->CZ,GW-->CZ,GW-->CZ,GW-->CZ,GW-->CZ,GW-->CZ,GW-->CZ,GW-->CZ,GW-->CZ,GW-->CZ,GW-->CZ,GW-->CZ,GW-->CZ,GW-->CZ,GW-->CZ,,,,,,,,,,,,,,,,,CZ-->GW,CZ-->GW,CZ-->GW,CZ-->GW,CZ-->GW,CZ-->GW,CZ-->GW,CZ-->GW,CZ-->GW,CZ-->GW,CZ-->GW,CZ-->GW,CZ-->GW,CZ-->GW,CZ-->GW,CZ-->GW,CZ-->GW,CZ-->GW,CZ-->GW
GY,GUY,Guyana,Georgetown,Americas,South America,,GY-->CZ,GY-->CZ,GY-->CZ,GY-->CZ,GY-->CZ,GY-->CZ,GY-->CZ,GY-->CZ,GY-->CZ,GY-->CZ,GY-->CZ,GY-->CZ,GY-->CZ,GY-->CZ,GY-->CZ,GY-->CZ,GY-->CZ,GY-->CZ,GY-->CZ,,,,,,,,,,,,,,,,,CZ-->GY,CZ-->GY,CZ-->GY,CZ-->GY,CZ-->GY,CZ-->GY,CZ-->GY,CZ-->GY,CZ-->GY,CZ-->GY,CZ-->GY,CZ-->GY,CZ-->GY,CZ-->GY,CZ-->GY,CZ-->GY,CZ-->GY,CZ-->GY,CZ-->GY
HT,HTI,Haiti,Port-au-Prince,Americas,Caribbean,,HT-->CZ,HT-->CZ,HT-->CZ,HT-->CZ,HT-->CZ,HT-->CZ,HT-->CZ,HT-->CZ,HT-->CZ,HT-->CZ,HT-->CZ,HT-->CZ,HT-->CZ,HT-->CZ,HT-->CZ,HT-->CZ,HT-->CZ,HT-->CZ,HT-->CZ,,,,,,,,,,,,,,,,,CZ-->HT,CZ-->HT,CZ-->HT,CZ-->HT,CZ-->HT,CZ-->HT,CZ-->HT,CZ-->HT,CZ-->HT,CZ-->HT,CZ-->HT,CZ-->HT,CZ-->HT,CZ-->HT,CZ-->HT,CZ-->HT,CZ-->HT,CZ-->HT,CZ-->HT
HM,HMD,Heard Island and McDonald Islands,,,,,HM-->CZ,HM-->CZ,HM-->CZ,HM-->CZ,HM-->CZ,HM-->CZ,HM-->CZ,HM-->CZ,HM-->CZ,HM-->CZ,HM-->CZ,HM-->CZ,HM-->CZ,HM-->CZ,HM-->CZ,HM-->CZ,HM-->CZ,HM-->CZ,HM-->CZ,,,,,,,,,,,,,,,,,CZ-->HM,CZ-->HM,CZ-->HM,CZ-->HM,CZ-->HM,CZ-->HM,CZ-->HM,CZ-->HM,CZ-->HM,CZ-->HM,CZ-->HM,CZ-->HM,CZ-->HM,CZ-->HM,CZ-->HM,CZ-->HM,CZ-->HM,CZ-->HM,CZ-->HM
VA,VAT,Holy See,Rome,Europe,Southern Europe,,VA-->CZ,VA-->CZ,VA-->CZ,VA-->CZ,VA-->CZ,VA-->CZ,VA-->CZ,VA-->CZ,VA-->CZ,VA-->CZ,VA-->CZ,VA-->CZ,VA-->CZ,VA-->CZ,VA-->CZ,VA-->CZ,VA-->CZ,VA-->CZ,VA-->CZ,,,,,,,,,,,,,,,,,CZ-->VA,CZ-->VA,CZ-->VA,CZ-->VA,CZ-->VA,CZ-->VA,CZ-->VA,CZ-->VA,CZ-->VA,CZ-->VA,CZ-->VA,CZ-->VA,CZ-->VA,CZ-->VA,CZ-->VA,CZ-->VA,CZ-->VA,CZ-->VA,CZ-->VA
HN,HND,Honduras,Tegucigalpa,Americas,Central America,,HN-->CZ,HN-->CZ,HN-->CZ,HN-->CZ,HN-->CZ,HN-->CZ,HN-->CZ,HN-->CZ,HN-->CZ,HN-->CZ,HN-->CZ,HN-->CZ,HN-->CZ,HN-->CZ,HN-->CZ,HN-->CZ,HN-->CZ,HN-->CZ,HN-->CZ,,,,,,,,,,,,,,,,,CZ-->HN,CZ-->HN,CZ-->HN,CZ-->HN,CZ-->HN,CZ-->HN,CZ-->HN,CZ-->HN,CZ-->HN,CZ-->HN,CZ-->HN,CZ-->HN,CZ-->HN,CZ-->HN,CZ-->HN,CZ-->HN,CZ-->HN,CZ-->HN,CZ-->HN
HK,HKG,Hong Kong,City of Victoria,Asia,Eastern Asia,,HK-->CZ,HK-->CZ,HK-->CZ,HK-->CZ,HK-->CZ,HK-->CZ,HK-->CZ,HK-->CZ,HK-->CZ,HK-->CZ,HK-->CZ,HK-->CZ,HK-->CZ,HK-->CZ,HK-->CZ,HK-->CZ,HK-->CZ,HK-->CZ,HK-->CZ,,,,,,,,,,,,,,,,,CZ-->HK,CZ-->HK,CZ-->HK,CZ-->HK,CZ-->HK,CZ-->HK,CZ-->HK,CZ-->HK,CZ-->HK,CZ-->HK,CZ-->HK,CZ-->HK,CZ-->HK,CZ-->HK,CZ-->HK,CZ-->HK,CZ-->HK,CZ-->HK,CZ-->HK
HU,HUN,Hungary,Budapest,Europe,Eastern Europe,,HU-->CZ,HU-->CZ,HU-->CZ,HU-->CZ,HU-->CZ,HU-->CZ,HU-->CZ,HU-->CZ,HU-->CZ,HU-->CZ,HU-->CZ,HU-->CZ,HU-->CZ,HU-->CZ,HU-->CZ,HU-->CZ,HU-->CZ,HU-->CZ,HU-->CZ,,,,,,,,,,,,,,,,,CZ-->HU,CZ-->HU,CZ-->HU,CZ-->HU,CZ-->HU,CZ-->HU,CZ-->HU,CZ-->HU,CZ-->HU,CZ-->HU,CZ-->HU,CZ-->HU,CZ-->HU,CZ-->HU,CZ-->HU,CZ-->HU,CZ-->HU,CZ-->HU,CZ-->HU
IS,ISL,Iceland,Reykjavík,Europe,Northern Europe,,IS-->CZ,IS-->CZ,IS-->CZ,IS-->CZ,IS-->CZ,IS-->CZ,IS-->CZ,IS-->CZ,IS-->CZ,IS-->CZ,IS-->CZ,IS-->CZ,IS-->CZ,IS-->CZ,IS-->CZ,IS-->CZ,IS-->CZ,IS-->CZ,IS-->CZ,,,,,,,,,,,,,,,,,CZ-->IS,CZ-->IS,CZ-->IS,CZ-->IS,CZ-->IS,CZ-->IS,CZ-->IS,CZ-->IS,CZ-->IS,CZ-->IS,CZ-->IS,CZ-->IS,CZ-->IS,CZ-->IS,CZ-->IS,CZ-->IS,CZ-->IS,CZ-->IS,CZ-->IS
IN,IND,India,New Delhi,Asia,Southern Asia,,IN-->CZ,IN-->CZ,IN-->CZ,IN-->CZ,IN-->CZ,IN-->CZ,IN-->CZ,IN-->CZ,IN-->CZ,IN-->CZ,IN-->CZ,IN-->CZ,IN-->CZ,IN-->CZ,IN-->CZ,IN-->CZ,IN-->CZ,IN-->CZ,IN-->CZ,,,,,,,,,,,,,,,,,CZ-->IN,CZ-->IN,CZ-->IN,CZ-->IN,CZ-->IN,CZ-->IN,CZ-->IN,CZ-->IN,CZ-->IN,CZ-->IN,CZ-->IN,CZ-->IN,CZ-->IN,CZ-->IN,CZ-->IN,CZ-->IN,CZ-->IN,CZ-->IN,CZ-->IN
ID,IDN,Indonesia,Jakarta,Asia,South-Eastern Asia,,ID-->CZ,ID-->CZ,ID-->CZ,ID-->CZ,ID-->CZ,ID-->CZ,ID-->CZ,ID-->CZ,ID-->CZ,ID-->CZ,ID-->CZ,ID-->CZ,ID-->CZ,ID-->CZ,ID-->CZ,ID-->CZ,ID-->CZ,ID-->CZ,ID-->CZ,,,,,,,,,,,,,,,,,CZ-->ID,CZ-->ID,CZ-->ID,CZ-->ID,CZ-->ID,CZ-->ID,CZ-->ID,CZ-->ID,CZ-->ID,CZ-->ID,CZ-->ID,CZ-->ID,CZ-->ID,CZ-->ID,CZ-->ID,CZ-->ID,CZ-->ID,CZ-->ID,CZ-->ID
CI,CIV,Ivory Coast,Yamoussoukro,Africa,Western Africa,,CI-->CZ,CI-->CZ,CI-->CZ,CI-->CZ,CI-->CZ,CI-->CZ,CI-->CZ,CI-->CZ,CI-->CZ,CI-->CZ,CI-->CZ,CI-->CZ,CI-->CZ,CI-->CZ,CI-->CZ,CI-->CZ,CI-->CZ,CI-->CZ,CI-->CZ,,,,,,,,,,,,,,,,,CZ-->CI,CZ-->CI,CZ-->CI,CZ-->CI,CZ-->CI,CZ-->CI,CZ-->CI,CZ-->CI,CZ-->CI,CZ-->CI,CZ-->CI,CZ-->CI,CZ-->CI,CZ-->CI,CZ-->CI,CZ-->CI,CZ-->CI,CZ-->CI,CZ-->CI
IR,IRN,Iran,Tehran,Asia,Southern Asia,,IR-->CZ,IR-->CZ,IR-->CZ,IR-->CZ,IR-->CZ,IR-->CZ,IR-->CZ,IR-->CZ,IR-->CZ,IR-->CZ,IR-->CZ,IR-->CZ,IR-->CZ,IR-->CZ,IR-->CZ,IR-->CZ,IR-->CZ,IR-->CZ,IR-->CZ,,,,,,,,,,,,,,,,,CZ-->IR,CZ-->IR,CZ-->IR,CZ-->IR,CZ-->IR,CZ-->IR,CZ-->IR,CZ-->IR,CZ-->IR,CZ-->IR,CZ-->IR,CZ-->IR,CZ-->IR,CZ-->IR,CZ-->IR,CZ-->IR,CZ-->IR,CZ-->IR,CZ-->IR
IQ,IRQ,Iraq,Baghdad,Asia,Western Asia,,IQ-->CZ,IQ-->CZ,IQ-->CZ,IQ-->CZ,IQ-->CZ,IQ-->CZ,IQ-->CZ,IQ-->CZ,IQ-->CZ,IQ-->CZ,IQ-->CZ,IQ-->CZ,IQ-->CZ,IQ-->CZ,IQ-->CZ,IQ-->CZ,IQ-->CZ,IQ-->CZ,IQ-->CZ,,,,,,,,,,,,,,,,,CZ-->IQ,CZ-->IQ,CZ-->IQ,CZ-->IQ,CZ-->IQ,CZ-->IQ,CZ-->IQ,CZ-->IQ,CZ-->IQ,CZ-->IQ,CZ-->IQ,CZ-->IQ,CZ-->IQ,CZ-->IQ,CZ-->IQ,CZ-->IQ,CZ-->IQ,CZ-->IQ,CZ-->IQ
IE,IRL,Republic of Ireland,Dublin,Europe,Northern Europe,,IE-->CZ,IE-->CZ,IE-->CZ,IE-->CZ,IE-->CZ,IE-->CZ,IE-->CZ,IE-->CZ,IE-->CZ,IE-->CZ,IE-->CZ,IE-->CZ,IE-->CZ,IE-->CZ,IE-->CZ,IE-->CZ,IE-->CZ,IE-->CZ,IE-->CZ,,,,,,,,,,,,,,,,,CZ-->IE,CZ-->IE,CZ-->IE,CZ-->IE,CZ-->IE,CZ-->IE,CZ-->IE,CZ-->IE,CZ-->IE,CZ-->IE,CZ-->IE,CZ-->IE,CZ-->IE,CZ-->IE,CZ-->IE,CZ-->IE,CZ-->IE,CZ-->IE,CZ-->IE
IM,IMN,Isle of Man,Douglas,Europe,Northern Europe,,IM-->CZ,IM-->CZ,IM-->CZ,IM-->CZ,IM-->CZ,IM-->CZ,IM-->CZ,IM-->CZ,IM-->CZ,IM-->CZ,IM-->CZ,IM-->CZ,IM-->CZ,IM-->CZ,IM-->CZ,IM-->CZ,IM-->CZ,IM-->CZ,IM-->CZ,,,,,,,,,,,,,,,,,CZ-->IM,CZ-->IM,CZ-->IM,CZ-->IM,CZ-->IM,CZ-->IM,CZ-->IM,CZ-->IM,CZ-->IM,CZ-->IM,CZ-->IM,CZ-->IM,CZ-->IM,CZ-->IM,CZ-->IM,CZ-->IM,CZ-->IM,CZ-->IM,CZ-->IM
IL,ISR,Israel,Jerusalem,Asia,Western Asia,,IL-->CZ,IL-->CZ,IL-->CZ,IL-->CZ,IL-->CZ,IL-->CZ,IL-->CZ,IL-->CZ,IL-->CZ,IL-->CZ,IL-->CZ,IL-->CZ,IL-->CZ,IL-->CZ,IL-->CZ,IL-->CZ,IL-->CZ,IL-->CZ,IL-->CZ,,,,,,,,,,,,,,,,,CZ-->IL,CZ-->IL,CZ-->IL,CZ-->IL,CZ-->IL,CZ-->IL,CZ-->IL,CZ-->IL,CZ-->IL,CZ-->IL,CZ-->IL,CZ-->IL,CZ-->IL,CZ-->IL,CZ-->IL,CZ-->IL,CZ-->IL,CZ-->IL,CZ-->IL
IT,ITA,Italy,Rome,Europe,Southern Europe,,IT-->CZ,IT-->CZ,IT-->CZ,IT-->CZ,IT-->CZ,IT-->CZ,IT-->CZ,IT-->CZ,IT-->CZ,IT-->CZ,IT-->CZ,IT-->CZ,IT-->CZ,IT-->CZ,IT-->CZ,IT-->CZ,IT-->CZ,IT-->CZ,IT-->CZ,,,,,,,,,,,,,,,,,CZ-->IT,CZ-->IT,CZ-->IT,CZ-->IT,CZ-->IT,CZ-->IT,CZ-->IT,CZ-->IT,CZ-->IT,CZ-->IT,CZ-->IT,CZ-->IT,CZ-->IT,CZ-->IT,CZ-->IT,CZ-->IT,CZ-->IT,CZ-->IT,CZ-->IT
JM,JAM,Jamaica,Kingston,Americas,Caribbean,,JM-->CZ,JM-->CZ,JM-->CZ,JM-->CZ,JM-->CZ,JM-->CZ,JM-->CZ,JM-->CZ,JM-->CZ,JM-->CZ,JM-->CZ,JM-->CZ,JM-->CZ,JM-->CZ,JM-->CZ,JM-->CZ,JM-->CZ,JM-->CZ,JM-->CZ,,,,,,,,,,,,,,,,,CZ-->JM,CZ-->JM,CZ-->JM,CZ-->JM,CZ-->JM,CZ-->JM,CZ-->JM,CZ-->JM,CZ-->JM,CZ-->JM,CZ-->JM,CZ-->JM,CZ-->JM,CZ-->JM,CZ-->JM,CZ-->JM,CZ-->JM,CZ-->JM,CZ-->JM
JP,JPN,Japan,Tokyo,Asia,Eastern Asia,,JP-->CZ,JP-->CZ,JP-->CZ,JP-->CZ,JP-->CZ,JP-->CZ,JP-->CZ,JP-->CZ,JP-->CZ,JP-->CZ,JP-->CZ,JP-->CZ,JP-->CZ,JP-->CZ,JP-->CZ,JP-->CZ,JP-->CZ,JP-->CZ,JP-->CZ,,,,,,,,,,,,,,,,,CZ-->JP,CZ-->JP,CZ-->JP,CZ-->JP,CZ-->JP,CZ-->JP,CZ-->JP,CZ-->JP,CZ-->JP,CZ-->JP,CZ-->JP,CZ-->JP,CZ-->JP,CZ-->JP,CZ-->JP,CZ-->JP,CZ-->JP,CZ-->JP,CZ-->JP
JE,JEY,Jersey,Saint Helier,Europe,Northern Europe,,JE-->CZ,JE-->CZ,JE-->CZ,JE-->CZ,JE-->CZ,JE-->CZ,JE-->CZ,JE-->CZ,JE-->CZ,JE-->CZ,JE-->CZ,JE-->CZ,JE-->CZ,JE-->CZ,JE-->CZ,JE-->CZ,JE-->CZ,JE-->CZ,JE-->CZ,,,,,,,,,,,,,,,,,CZ-->JE,CZ-->JE,CZ-->JE,CZ-->JE,CZ-->JE,CZ-->JE,CZ-->JE,CZ-->JE,CZ-->JE,CZ-->JE,CZ-->JE,CZ-->JE,CZ-->JE,CZ-->JE,CZ-->JE,CZ-->JE,CZ-->JE,CZ-->JE,CZ-->JE
JO,JOR,Jordan,Amman,Asia,Western Asia,,JO-->CZ,JO-->CZ,JO-->CZ,JO-->CZ,JO-->CZ,JO-->CZ,JO-->CZ,JO-->CZ,JO-->CZ,JO-->CZ,JO-->CZ,JO-->CZ,JO-->CZ,JO-->CZ,JO-->CZ,JO-->CZ,JO-->CZ,JO-->CZ,JO-->CZ,,,,,,,,,,,,,,,,,CZ-->JO,CZ-->JO,CZ-->JO,CZ-->JO,CZ-->JO,CZ-->JO,CZ-->JO,CZ-->JO,CZ-->JO,CZ-->JO,CZ-->JO,CZ-->JO,CZ-->JO,CZ-->JO,CZ-->JO,CZ-->JO,CZ-->JO,CZ-->JO,CZ-->JO
KZ,KAZ,Kazakhstan,Astana,Asia,Central Asia,,KZ-->CZ,KZ-->CZ,KZ-->CZ,KZ-->CZ,KZ-->CZ,KZ-->CZ,KZ-->CZ,KZ-->CZ,KZ-->CZ,KZ-->CZ,KZ-->CZ,KZ-->CZ,KZ-->CZ,KZ-->CZ,KZ-->CZ,KZ-->CZ,KZ-->CZ,KZ-->CZ,KZ-->CZ,,,,,,,,,,,,,,,,,CZ-->KZ,CZ-->KZ,CZ-->KZ,CZ-->KZ,CZ-->KZ,CZ-->KZ,CZ-->KZ,CZ-->KZ,CZ-->KZ,CZ-->KZ,CZ-->KZ,CZ-->KZ,CZ-->KZ,CZ-->KZ,CZ-->KZ,CZ-->KZ,CZ-->KZ,CZ-->KZ,CZ-->KZ
KE,KEN,Kenya,Nairobi,Africa,Eastern Africa,,KE-->CZ,KE-->CZ,KE-->CZ,KE-->CZ,KE-->CZ,KE-->CZ,KE-->CZ,KE-->CZ,KE-->CZ,KE-->CZ,KE-->CZ,KE-->CZ,KE-->CZ,KE-->CZ,KE-->CZ,KE-->CZ,KE-->CZ,KE-->CZ,KE-->CZ,,,,,,,,,,,,,,,,,CZ-->KE,CZ-->KE,CZ-->KE,CZ-->KE,CZ-->KE,CZ-->KE,CZ-->KE,CZ-->KE,CZ-->KE,CZ-->KE,CZ-->KE,CZ-->KE,CZ-->KE,CZ-->KE,CZ-->KE,CZ-->KE,CZ-->KE,CZ-->KE,CZ-->KE
KI,KIR,Kiribati,South Tarawa,Oceania,Micronesia,,KI-->CZ,KI-->CZ,KI-->CZ,KI-->CZ,KI-->CZ,KI-->CZ,KI-->CZ,KI-->CZ,KI-->CZ,KI-->CZ,KI-->CZ,KI-->CZ,KI-->CZ,KI-->CZ,KI-->CZ,KI-->CZ,KI-->CZ,KI-->CZ,KI-->CZ,,,,,,,,,,,,,,,,,CZ-->KI,CZ-->KI,CZ-->KI,CZ-->KI,CZ-->KI,CZ-->KI,CZ-->KI,CZ-->KI,CZ-->KI,CZ-->KI,CZ-->KI,CZ-->KI,CZ-->KI,CZ-->KI,CZ-->KI,CZ-->KI,CZ-->KI,CZ-->KI,CZ-->KI
KW,KWT,Kuwait,Kuwait City,Asia,Western Asia,,KW-->CZ,KW-->CZ,KW-->CZ,KW-->CZ,KW-->CZ,KW-->CZ,KW-->CZ,KW-->CZ,KW-->CZ,KW-->CZ,KW-->CZ,KW-->CZ,KW-->CZ,KW-->CZ,KW-->CZ,KW-->CZ,KW-->CZ,KW-->CZ,KW-->CZ,,,,,,,,,,,,,,,,,CZ-->KW,CZ-->KW,CZ-->KW,CZ-->KW,CZ-->KW,CZ-->KW,CZ-->KW,CZ-->KW,CZ-->KW,CZ-->KW,CZ-->KW,CZ-->KW,CZ-->KW,CZ-->KW,CZ-->KW,CZ-->KW,CZ-->KW,CZ-->KW,CZ-->KW
KG,KGZ,Kyrgyzstan,Bishkek,Asia,Central Asia,,KG-->CZ,KG-->CZ,KG-->CZ,KG-->CZ,KG-->CZ,KG-->CZ,KG-->CZ,KG-->CZ,KG-->CZ,KG-->CZ,KG-->CZ,KG-->CZ,KG-->CZ,KG-->CZ,KG-->CZ,KG-->CZ,KG-->CZ,KG-->CZ,KG-->CZ,,,,,,,,,,,,,,,,,CZ-->KG,CZ-->KG,CZ-->KG,CZ-->KG,CZ-->KG,CZ-->KG,CZ-->KG,CZ-->KG,CZ-->KG,CZ-->KG,CZ-->KG,CZ-->KG,CZ-->KG,CZ-->KG,CZ-->KG,CZ-->KG,CZ-->KG,CZ-->KG,CZ-->KG
LA,LAO,Laos,Vientiane,Asia,South-Eastern Asia,,LA-->CZ,LA-->CZ,LA-->CZ,LA-->CZ,LA-->CZ,LA-->CZ,LA-->CZ,LA-->CZ,LA-->CZ,LA-->CZ,LA-->CZ,LA-->CZ,LA-->CZ,LA-->CZ,LA-->CZ,LA-->CZ,LA-->CZ,LA-->CZ,LA-->CZ,,,,,,,,,,,,,,,,,CZ-->LA,CZ-->LA,CZ-->LA,CZ-->LA,CZ-->LA,CZ-->LA,CZ-->LA,CZ-->LA,CZ-->LA,CZ-->LA,CZ-->LA,CZ-->LA,CZ-->LA,CZ-->LA,CZ-->LA,CZ-->LA,CZ-->LA,CZ-->LA,CZ-->LA
LV,LVA,Latvia,Riga,Europe,Northern Europe,,LV-->CZ,LV-->CZ,LV-->CZ,LV-->CZ,LV-->CZ,LV-->CZ,LV-->CZ,LV-->CZ,LV-->CZ,LV-->CZ,LV-->CZ,LV-->CZ,LV-->CZ,LV-->CZ,LV-->CZ,LV-->CZ,LV-->CZ,LV-->CZ,LV-->CZ,,,,,,,,,,,,,,,,,CZ-->LV,CZ-->LV,CZ-->LV,CZ-->LV,CZ-->LV,CZ-->LV,CZ-->LV,CZ-->LV,CZ-->LV,CZ-->LV,CZ-->LV,CZ-->LV,CZ-->LV,CZ-->LV,CZ-->LV,CZ-->LV,CZ-->LV,CZ-->LV,CZ-->LV
LB,LBN,Lebanon,Beirut,Asia,Western Asia,,LB-->CZ,LB-->CZ,LB-->CZ,LB-->CZ,LB-->CZ,LB-->CZ,LB-->CZ,LB-->CZ,LB-->CZ,LB-->CZ,LB-->CZ,LB-->CZ,LB-->CZ,LB-->CZ,LB-->CZ,LB-->CZ,LB-->CZ,LB-->CZ,LB-->CZ,,,,,,,,,,,,,,,,,CZ-->LB,CZ-->LB,CZ-->LB,CZ-->LB,CZ-->LB,CZ-->LB,CZ-->LB,CZ-->LB,CZ-->LB,CZ-->LB,CZ-->LB,CZ-->LB,CZ-->LB,CZ-->LB,CZ-->LB,CZ-->LB,CZ-->LB,CZ-->LB,CZ-->LB
LS,LSO,Lesotho,Maseru,Africa,Southern Africa,,LS-->CZ,LS-->CZ,LS-->CZ,LS-->CZ,LS-->CZ,LS-->CZ,LS-->CZ,LS-->CZ,LS-->CZ,LS-->CZ,LS-->CZ,LS-->CZ,LS-->CZ,LS-->CZ,LS-->CZ,LS-->CZ,LS-->CZ,LS-->CZ,LS-->CZ,,,,,,,,,,,,,,,,,CZ-->LS,CZ-->LS,CZ-->LS,CZ-->LS,CZ-->LS,CZ-->LS,CZ-->LS,CZ-->LS,CZ-->LS,CZ-->LS,CZ-->LS,CZ-->LS,CZ-->LS,CZ-->LS,CZ-->LS,CZ-->LS,CZ-->LS,CZ-->LS,CZ-->LS
LR,LBR,Liberia,Monrovia,Africa,Western Africa,,LR-->CZ,LR-->CZ,LR-->CZ,LR-->CZ,LR-->CZ,LR-->CZ,LR-->CZ,LR-->CZ,LR-->CZ,LR-->CZ,LR-->CZ,LR-->CZ,LR-->CZ,LR-->CZ,LR-->CZ,LR-->CZ,LR-->CZ,LR-->CZ,LR-->CZ,,,,,,,,,,,,,,,,,CZ-->LR,CZ-->LR,CZ-->LR,CZ-->LR,CZ-->LR,CZ-->LR,CZ-->LR,CZ-->LR,CZ-->LR,CZ-->LR,CZ-->LR,CZ-->LR,CZ-->LR,CZ-->LR,CZ-->LR,CZ-->LR,CZ-->LR,CZ-->LR,CZ-->LR
LY,LBY,Libya,Tripoli,Africa,Northern Africa,,LY-->CZ,LY-->CZ,LY-->CZ,LY-->CZ,LY-->CZ,LY-->CZ,LY-->CZ,LY-->CZ,LY-->CZ,LY-->CZ,LY-->CZ,LY-->CZ,LY-->CZ,LY-->CZ,LY-->CZ,LY-->CZ,LY-->CZ,LY-->CZ,LY-->CZ,,,,,,,,,,,,,,,,,CZ-->LY,CZ-->LY,CZ-->LY,CZ-->LY,CZ-->LY,CZ-->LY,CZ-->LY,CZ-->LY,CZ-->LY,CZ-->LY,CZ-->LY,CZ-->LY,CZ-->LY,CZ-->LY,CZ-->LY,CZ-->LY,CZ-->LY,CZ-->LY,CZ-->LY
LI,LIE,Liechtenstein,Vaduz,Europe,Western Europe,,LI-->CZ,LI-->CZ,LI-->CZ,LI-->CZ,LI-->CZ,LI-->CZ,LI-->CZ,LI-->CZ,LI-->CZ,LI-->CZ,LI-->CZ,LI-->CZ,LI-->CZ,LI-->CZ,LI-->CZ,LI-->CZ,LI-->CZ,LI-->CZ,LI-->CZ,,,,,,,,,,,,,,,,,CZ-->LI,CZ-->LI,CZ-->LI,CZ-->LI,CZ-->LI,CZ-->LI,CZ-->LI,CZ-->LI,CZ-->LI,CZ-->LI,CZ-->LI,CZ-->LI,CZ-->LI,CZ-->LI,CZ-->LI,CZ-->LI,CZ-->LI,CZ-->LI,CZ-->LI
LT,LTU,Lithuania,Vilnius,Europe,Northern Europe,,LT-->CZ,LT-->CZ,LT-->CZ,LT-->CZ,LT-->CZ,LT-->CZ,LT-->CZ,LT-->CZ,LT-->CZ,LT-->CZ,LT-->CZ,LT-->CZ,LT-->CZ,LT-->CZ,LT-->CZ,LT-->CZ,LT-->CZ,LT-->CZ,LT-->CZ,,,,,,,,,,,,,,,,,CZ-->LT,CZ-->LT,CZ-->LT,CZ-->LT,CZ-->LT,CZ-->LT,CZ-->LT,CZ-->LT,CZ-->LT,CZ-->LT,CZ-->LT,CZ-->LT,CZ-->LT,CZ-->LT,CZ-->LT,CZ-->LT,CZ-->LT,CZ-->LT,CZ-->LT
LU,LUX,Luxembourg,Luxembourg,Europe,Western Europe,,LU-->CZ,LU-->CZ,LU-->CZ,LU-->CZ,LU-->CZ,LU-->CZ,LU-->CZ,LU-->CZ,LU-->CZ,LU-->CZ,LU-->CZ,LU-->CZ,LU-->CZ,LU-->CZ,LU-->CZ,LU-->CZ,LU-->CZ,LU-->CZ,LU-->CZ,,,,,,,,,,,,,,,,,CZ-->LU,CZ-->LU,CZ-->LU,CZ-->LU,CZ-->LU,CZ-->LU,CZ-->LU,CZ-->LU,CZ-->LU,CZ-->LU,CZ-->LU,CZ-->LU,CZ-->LU,CZ-->LU,CZ-->LU,CZ-->LU,CZ-->LU,CZ-->LU,CZ-->LU
MO,MAC,Macau,,Asia,Eastern Asia,,MO-->CZ,MO-->CZ,MO-->CZ,MO-->CZ,MO-->CZ,MO-->CZ,MO-->CZ,MO-->CZ,MO-->CZ,MO-->CZ,MO-->CZ,MO-->CZ,MO-->CZ,MO-->CZ,MO-->CZ,MO-->CZ,MO-->CZ,MO-->CZ,MO-->CZ,,,,,,,,,,,,,,,,,CZ-->MO,CZ-->MO,CZ-->MO,CZ-->MO,CZ-->MO,CZ-->MO,CZ-->MO,CZ-->MO,CZ-->MO,CZ-->MO,CZ-->MO,CZ-->MO,CZ-->MO,CZ-->MO,CZ-->MO,CZ-->MO,CZ-->MO,CZ-->MO,CZ-->MO
MK,MKD,Republic of Macedonia,Skopje,Europe,Southern Europe,,MK-->CZ,MK-->CZ,MK-->CZ,MK-->CZ,MK-->CZ,MK-->CZ,MK-->CZ,MK-->CZ,MK-->CZ,MK-->CZ,MK-->CZ,MK-->CZ,MK-->CZ,MK-->CZ,MK-->CZ,MK-->CZ,MK-->CZ,MK-->CZ,MK-->CZ,,,,,,,,,,,,,,,,,CZ-->MK,CZ-->MK,CZ-->MK,CZ-->MK,CZ-->MK,CZ-->MK,CZ-->MK,CZ-->MK,CZ-->MK,CZ-->MK,CZ-->MK,CZ-->MK,CZ-->MK,CZ-->MK,CZ-->MK,CZ-->MK,CZ-->MK,CZ-->MK,CZ-->MK
MG,MDG,Madagascar,Antananarivo,Africa,Eastern Africa,,MG-->CZ,MG-->CZ,MG-->CZ,MG-->CZ,MG-->CZ,MG-->CZ,MG-->CZ,MG-->CZ,MG-->CZ,MG-->CZ,MG-->CZ,MG-->CZ,MG-->CZ,MG-->CZ,MG-->CZ,MG-->CZ,MG-->CZ,MG-->CZ,MG-->CZ,,,,,,,,,,,,,,,,,CZ-->MG,CZ-->MG,CZ-->MG,CZ-->MG,CZ-->MG,CZ-->MG,CZ-->MG,CZ-->MG,CZ-->MG,CZ-->MG,CZ-->MG,CZ-->MG,CZ-->MG,CZ-->MG,CZ-->MG,CZ-->MG,CZ-->MG,CZ-->MG,CZ-->MG
MW,MWI,Malawi,Lilongwe,Africa,Eastern Africa,,MW-->CZ,MW-->CZ,MW-->CZ,MW-->CZ,MW-->CZ,MW-->CZ,MW-->CZ,MW-->CZ,MW-->CZ,MW-->CZ,MW-->CZ,MW-->CZ,MW-->CZ,MW-->CZ,MW-->CZ,MW-->CZ,MW-->CZ,MW-->CZ,MW-->CZ,,,,,,,,,,,,,,,,,CZ-->MW,CZ-->MW,CZ-->MW,CZ-->MW,CZ-->MW,CZ-->MW,CZ-->MW,CZ-->MW,CZ-->MW,CZ-->MW,CZ-->MW,CZ-->MW,CZ-->MW,CZ-->MW,CZ-->MW,CZ-->MW,CZ-->MW,CZ-->MW,CZ-->MW
MY,MYS,Malaysia,Kuala Lumpur,Asia,South-Eastern Asia,,MY-->CZ,MY-->CZ,MY-->CZ,MY-->CZ,MY-->CZ,MY-->CZ,MY-->CZ,MY-->CZ,MY-->CZ,MY-->CZ,MY-->CZ,MY-->CZ,MY-->CZ,MY-->CZ,MY-->CZ,MY-->CZ,MY-->CZ,MY-->CZ,MY-->CZ,,,,,,,,,,,,,,,,,CZ-->MY,CZ-->MY,CZ-->MY,CZ-->MY,CZ-->MY,CZ-->MY,CZ-->MY,CZ-->MY,CZ-->MY,CZ-->MY,CZ-->MY,CZ-->MY,CZ-->MY,CZ-->MY,CZ-->MY,CZ-->MY,CZ-->MY,CZ-->MY,CZ-->MY
MV,MDV,Maldives,Malé,Asia,Southern Asia,,MV-->CZ,MV-->CZ,MV-->CZ,MV-->CZ,MV-->CZ,MV-->CZ,MV-->CZ,MV-->CZ,MV-->CZ,MV-->CZ,MV-->CZ,MV-->CZ,MV-->CZ,MV-->CZ,MV-->CZ,MV-->CZ,MV-->CZ,MV-->CZ,MV-->CZ,,,,,,,,,,,,,,,,,CZ-->MV,CZ-->MV,CZ-->MV,CZ-->MV,CZ-->MV,CZ-->MV,CZ-->MV,CZ-->MV,CZ-->MV,CZ-->MV,CZ-->MV,CZ-->MV,CZ-->MV,CZ-->MV,CZ-->MV,CZ-->MV,CZ-->MV,CZ-->MV,CZ-->MV
ML,MLI,Mali,Bamako,Africa,Western Africa,,ML-->CZ,ML-->CZ,ML-->CZ,ML-->CZ,ML-->CZ,ML-->CZ,ML-->CZ,ML-->CZ,ML-->CZ,ML-->CZ,ML-->CZ,ML-->CZ,ML-->CZ,ML-->CZ,ML-->CZ,ML-->CZ,ML-->CZ,ML-->CZ,ML-->CZ,,,,,,,,,,,,,,,,,CZ-->ML,CZ-->ML,CZ-->ML,CZ-->ML,CZ-->ML,CZ-->ML,CZ-->ML,CZ-->ML,CZ-->ML,CZ-->ML,CZ-->ML,CZ-->ML,CZ-->ML,CZ-->ML,CZ-->ML,CZ-->ML,CZ-->ML,CZ-->ML,CZ-->ML
MT,MLT,Malta,Valletta,Europe,Southern Europe,,MT-->CZ,MT-->CZ,MT-->CZ,MT-->CZ,MT-->CZ,MT-->CZ,MT-->CZ,MT-->CZ,MT-->CZ,MT-->CZ,MT-->CZ,MT-->CZ,MT-->CZ,MT-->CZ,MT-->CZ,MT-->CZ,MT-->CZ,MT-->CZ,MT-->CZ,,,,,,,,,,,,,,,,,CZ-->MT,CZ-->MT,CZ-->MT,CZ-->MT,CZ-->MT,CZ-->MT,CZ-->MT,CZ-->MT,CZ-->MT,CZ-->MT,CZ-->MT,CZ-->MT,CZ-->MT,CZ-->MT,CZ-->MT,CZ-->MT,CZ-->MT,CZ-->MT,CZ-->MT
MH,MHL,Marshall Islands,Majuro,Oceania,Micronesia,,MH-->CZ,MH-->CZ,MH-->CZ,MH-->CZ,MH-->CZ,MH-->CZ,MH-->CZ,MH-->CZ,MH-->CZ,MH-->CZ,MH-->CZ,MH-->CZ,MH-->CZ,MH-->CZ,MH-->CZ,MH-->CZ,MH-->CZ,MH-->CZ,MH-->CZ,,,,,,,,,,,,,,,,,CZ-->MH,CZ-->MH,CZ-->MH,CZ-->MH,CZ-->MH,CZ-->MH,CZ-->MH,CZ-->MH,CZ-->MH,CZ-->MH,CZ-->MH,CZ-->MH,CZ-->MH,CZ-->MH,CZ-->MH,CZ-->MH,CZ-->MH,CZ-->MH,CZ-->MH
MQ,MTQ,Martinique,Fort-de-France,Americas,Caribbean,,MQ-->CZ,MQ-->CZ,MQ-->CZ,MQ-->CZ,MQ-->CZ,MQ-->CZ,MQ-->CZ,MQ-->CZ,MQ-->CZ,MQ-->CZ,MQ-->CZ,MQ-->CZ,MQ-->CZ,MQ-->CZ,MQ-->CZ,MQ-->CZ,MQ-->CZ,MQ-->CZ,MQ-->CZ,,,,,,,,,,,,,,,,,CZ-->MQ,CZ-->MQ,CZ-->MQ,CZ-->MQ,CZ-->MQ,CZ-->MQ,CZ-->MQ,CZ-->MQ,CZ-->MQ,CZ-->MQ,CZ-->MQ,CZ-->MQ,CZ-->MQ,CZ-->MQ,CZ-->MQ,CZ-->MQ,CZ-->MQ,CZ-->MQ,CZ-->MQ
MR,MRT,Mauritania,Nouakchott,Africa,Western Africa,,MR-->CZ,MR-->CZ,MR-->CZ,MR-->CZ,MR-->CZ,MR-->CZ,MR-->CZ,MR-->CZ,MR-->CZ,MR-->CZ,MR-->CZ,MR-->CZ,MR-->CZ,MR-->CZ,MR-->CZ,MR-->CZ,MR-->CZ,MR-->CZ,MR-->CZ,0.0,,,,,,,,,,,,,,,,CZ-->MR,CZ-->MR,CZ-->MR,CZ-->MR,CZ-->MR,CZ-->MR,CZ-->MR,CZ-->MR,CZ-->MR,CZ-->MR,CZ-->MR,CZ-->MR,CZ-->MR,CZ-->MR,CZ-->MR,CZ-->MR,CZ-->MR,CZ-->MR,CZ-->MR
MU,MUS,Mauritius,Port Louis,Africa,Eastern Africa,,MU-->CZ,MU-->CZ,MU-->CZ,MU-->CZ,MU-->CZ,MU-->CZ,MU-->CZ,MU-->CZ,MU-->CZ,MU-->CZ,MU-->CZ,MU-->CZ,MU-->CZ,MU-->CZ,MU-->CZ,MU-->CZ,MU-->CZ,MU-->CZ,MU-->CZ,,,,,,,,,,,,,,,,,CZ-->MU,CZ-->MU,CZ-->MU,CZ-->MU,CZ-->MU,CZ-->MU,CZ-->MU,CZ-->MU,CZ-->MU,CZ-->MU,CZ-->MU,CZ-->MU,CZ-->MU,CZ-->MU,CZ-->MU,CZ-->MU,CZ-->MU,CZ-->MU,CZ-->MU
YT,MYT,Mayotte,Mamoudzou,Africa,Eastern Africa,,YT-->CZ,YT-->CZ,YT-->CZ,YT-->CZ,YT-->CZ,YT-->CZ,YT-->CZ,YT-->CZ,YT-->CZ,YT-->CZ,YT-->CZ,YT-->CZ,YT-->CZ,YT-->CZ,YT-->CZ,YT-->CZ,YT-->CZ,YT-->CZ,YT-->CZ,,,,,,,,,,,,,,,,,CZ-->YT,CZ-->YT,CZ-->YT,CZ-->YT,CZ-->YT,CZ-->YT,CZ-->YT,CZ-->YT,CZ-->YT,CZ-->YT,CZ-->YT,CZ-->YT,CZ-->YT,CZ-->YT,CZ-->YT,CZ-->YT,CZ-->YT,CZ-->YT,CZ-->YT
MX,MEX,Mexico,Mexico City,Americas,Central America,,MX-->CZ,MX-->CZ,MX-->CZ,MX-->CZ,MX-->CZ,MX-->CZ,MX-->CZ,MX-->CZ,MX-->CZ,MX-->CZ,MX-->CZ,MX-->CZ,MX-->CZ,MX-->CZ,MX-->CZ,MX-->CZ,MX-->CZ,MX-->CZ,MX-->CZ,,,,,,,,,,,,,,,,,CZ-->MX,CZ-->MX,CZ-->MX,CZ-->MX,CZ-->MX,CZ-->MX,CZ-->MX,CZ-->MX,CZ-->MX,CZ-->MX,CZ-->MX,CZ-->MX,CZ-->MX,CZ-->MX,CZ-->MX,CZ-->MX,CZ-->MX,CZ-->MX,CZ-->MX
FM,FSM,Federated States of Micronesia,Palikir,Oceania,Micronesia,,FM-->CZ,FM-->CZ,FM-->CZ,FM-->CZ,FM-->CZ,FM-->CZ,FM-->CZ,FM-->CZ,FM-->CZ,FM-->CZ,FM-->CZ,FM-->CZ,FM-->CZ,FM-->CZ,FM-->CZ,FM-->CZ,FM-->CZ,FM-->CZ,FM-->CZ,,,,,,,,,,,,,,,,,CZ-->FM,CZ-->FM,CZ-->FM,CZ-->FM,CZ-->FM,CZ-->FM,CZ-->FM,CZ-->FM,CZ-->FM,CZ-->FM,CZ-->FM,CZ-->FM,CZ-->FM,CZ-->FM,CZ-->FM,CZ-->FM,CZ-->FM,CZ-->FM,CZ-->FM
MD,MDA,Moldova,Chișinău,Europe,Eastern Europe,,MD-->CZ,MD-->CZ,MD-->CZ,MD-->CZ,MD-->CZ,MD-->CZ,MD-->CZ,MD-->CZ,MD-->CZ,MD-->CZ,MD-->CZ,MD-->CZ,MD-->CZ,MD-->CZ,MD-->CZ,MD-->CZ,MD-->CZ,MD-->CZ,MD-->CZ,,,,,,,,,,,,,,,,,CZ-->MD,CZ-->MD,CZ-->MD,CZ-->MD,CZ-->MD,CZ-->MD,CZ-->MD,CZ-->MD,CZ-->MD,CZ-->MD,CZ-->MD,CZ-->MD,CZ-->MD,CZ-->MD,CZ-->MD,CZ-->MD,CZ-->MD,CZ-->MD,CZ-->MD
MC,MCO,Monaco,Monaco,Europe,Western Europe,,MC-->CZ,MC-->CZ,MC-->CZ,MC-->CZ,MC-->CZ,MC-->CZ,MC-->CZ,MC-->CZ,MC-->CZ,MC-->CZ,MC-->CZ,MC-->CZ,MC-->CZ,MC-->CZ,MC-->CZ,MC-->CZ,MC-->CZ,MC-->CZ,MC-->CZ,,,,,,,,,,,,,,,,,CZ-->MC,CZ-->MC,CZ-->MC,CZ-->MC,CZ-->MC,CZ-->MC,CZ-->MC,CZ-->MC,CZ-->MC,CZ-->MC,CZ-->MC,CZ-->MC,CZ-->MC,CZ-->MC,CZ-->MC,CZ-->MC,CZ-->MC,CZ-->MC,CZ-->MC
MN,MNG,Mongolia,Ulan Bator,Asia,Eastern Asia,,MN-->CZ,MN-->CZ,MN-->CZ,MN-->CZ,MN-->CZ,MN-->CZ,MN-->CZ,MN-->CZ,MN-->CZ,MN-->CZ,MN-->CZ,MN-->CZ,MN-->CZ,MN-->CZ,MN-->CZ,MN-->CZ,MN-->CZ,MN-->CZ,MN-->CZ,,,,,,,,,,,,,,,,,CZ-->MN,CZ-->MN,CZ-->MN,CZ-->MN,CZ-->MN,CZ-->MN,CZ-->MN,CZ-->MN,CZ-->MN,CZ-->MN,CZ-->MN,CZ-->MN,CZ-->MN,CZ-->MN,CZ-->MN,CZ-->MN,CZ-->MN,CZ-->MN,CZ-->MN
ME,MNE,Montenegro,Podgorica,Europe,Southern Europe,,ME-->CZ,ME-->CZ,ME-->CZ,ME-->CZ,ME-->CZ,ME-->CZ,ME-->CZ,ME-->CZ,ME-->CZ,ME-->CZ,ME-->CZ,ME-->CZ,ME-->CZ,ME-->CZ,ME-->CZ,ME-->CZ,ME-->CZ,ME-->CZ,ME-->CZ,,,,,,,,,,,,,,,,,CZ-->ME,CZ-->ME,CZ-->ME,CZ-->ME,CZ-->ME,CZ-->ME,CZ-->ME,CZ-->ME,CZ-->ME,CZ-->ME,CZ-->ME,CZ-->ME,CZ-->ME,CZ-->ME,CZ-->ME,CZ-->ME,CZ-->ME,CZ-->ME,CZ-->ME
MS,MSR,Montserrat,Plymouth,Americas,Caribbean,,MS-->CZ,MS-->CZ,MS-->CZ,MS-->CZ,MS-->CZ,MS-->CZ,MS-->CZ,MS-->CZ,MS-->CZ,MS-->CZ,MS-->CZ,MS-->CZ,MS-->CZ,MS-->CZ,MS-->CZ,MS-->CZ,MS-->CZ,MS-->CZ,MS-->CZ,,,,,,,,,,,,,,,,,CZ-->MS,CZ-->MS,CZ-->MS,CZ-->MS,CZ-->MS,CZ-->MS,CZ-->MS,CZ-->MS,CZ-->MS,CZ-->MS,CZ-->MS,CZ-->MS,CZ-->MS,CZ-->MS,CZ-->MS,CZ-->MS,CZ-->MS,CZ-->MS,CZ-->MS
MA,MAR,Morocco,Rabat,Africa,Northern Africa,,MA-->CZ,MA-->CZ,MA-->CZ,MA-->CZ,MA-->CZ,MA-->CZ,MA-->CZ,MA-->CZ,MA-->CZ,MA-->CZ,MA-->CZ,MA-->CZ,MA-->CZ,MA-->CZ,MA-->CZ,MA-->CZ,MA-->CZ,MA-->CZ,MA-->CZ,,,,,,,,,,,,,,,,,CZ-->MA,CZ-->MA,CZ-->MA,CZ-->MA,CZ-->MA,CZ-->MA,CZ-->MA,CZ-->MA,CZ-->MA,CZ-->MA,CZ-->MA,CZ-->MA,CZ-->MA,CZ-->MA,CZ-->MA,CZ-->MA,CZ-->MA,CZ-->MA,CZ-->MA
MZ,MOZ,Mozambique,Maputo,Africa,Eastern Africa,,MZ-->CZ,MZ-->CZ,MZ-->CZ,MZ-->CZ,MZ-->CZ,MZ-->CZ,MZ-->CZ,MZ-->CZ,MZ-->CZ,MZ-->CZ,MZ-->CZ,MZ-->CZ,MZ-->CZ,MZ-->CZ,MZ-->CZ,MZ-->CZ,MZ-->CZ,MZ-->CZ,MZ-->CZ,,,,,,,,,,,,,,,,,CZ-->MZ,CZ-->MZ,CZ-->MZ,CZ-->MZ,CZ-->MZ,CZ-->MZ,CZ-->MZ,CZ-->MZ,CZ-->MZ,CZ-->MZ,CZ-->MZ,CZ-->MZ,CZ-->MZ,CZ-->MZ,CZ-->MZ,CZ-->MZ,CZ-->MZ,CZ-->MZ,CZ-->MZ
MM,MMR,Myanmar,Naypyidaw,Asia,South-Eastern Asia,,MM-->CZ,MM-->CZ,MM-->CZ,MM-->CZ,MM-->CZ,MM-->CZ,MM-->CZ,MM-->CZ,MM-->CZ,MM-->CZ,MM-->CZ,MM-->CZ,MM-->CZ,MM-->CZ,MM-->CZ,MM-->CZ,MM-->CZ,MM-->CZ,MM-->CZ,,,,,,,,,,,,,,,,,CZ-->MM,CZ-->MM,CZ-->MM,CZ-->MM,CZ-->MM,CZ-->MM,CZ-->MM,CZ-->MM,CZ-->MM,CZ-->MM,CZ-->MM,CZ-->MM,CZ-->MM,CZ-->MM,CZ-->MM,CZ-->MM,CZ-->MM,CZ-->MM,CZ-->MM
,NAM,Namibia,Windhoek,Africa,Southern Africa,,NA-->CZ,NA-->CZ,NA-->CZ,NA-->CZ,NA-->CZ,NA-->CZ,NA-->CZ,NA-->CZ,NA-->CZ,NA-->CZ,NA-->CZ,NA-->CZ,NA-->CZ,NA-->CZ,NA-->CZ,NA-->CZ,NA-->CZ,NA-->CZ,NA-->CZ,,,,,,,,,,,,,,,,,CZ-->NA,CZ-->NA,CZ-->NA,CZ-->NA,CZ-->NA,CZ-->NA,CZ-->NA,CZ-->NA,CZ-->NA,CZ-->NA,CZ-->NA,CZ-->NA,CZ-->NA,CZ-->NA,CZ-->NA,CZ-->NA,CZ-->NA,CZ-->NA,CZ-->NA
NR,NRU,Nauru,Yaren,Oceania,Micronesia,,NR-->CZ,NR-->CZ,NR-->CZ,NR-->CZ,NR-->CZ,NR-->CZ,NR-->CZ,NR-->CZ,NR-->CZ,NR-->CZ,NR-->CZ,NR-->CZ,NR-->CZ,NR-->CZ,NR-->CZ,NR-->CZ,NR-->CZ,NR-->CZ,NR-->CZ,,,,,,,,,,,,,,,,,CZ-->NR,CZ-->NR,CZ-->NR,CZ-->NR,CZ-->NR,CZ-->NR,CZ-->NR,CZ-->NR,CZ-->NR,CZ-->NR,CZ-->NR,CZ-->NR,CZ-->NR,CZ-->NR,CZ-->NR,CZ-->NR,CZ-->NR,CZ-->NR,CZ-->NR
NP,NPL,Nepal,Kathmandu,Asia,Southern Asia,,NP-->CZ,NP-->CZ,NP-->CZ,NP-->CZ,NP-->CZ,NP-->CZ,NP-->CZ,NP-->CZ,NP-->CZ,NP-->CZ,NP-->CZ,NP-->CZ,NP-->CZ,NP-->CZ,NP-->CZ,NP-->CZ,NP-->CZ,NP-->CZ,NP-->CZ,,,,,,,,,,,,,,,,,CZ-->NP,CZ-->NP,CZ-->NP,CZ-->NP,CZ-->NP,CZ-->NP,CZ-->NP,CZ-->NP,CZ-->NP,CZ-->NP,CZ-->NP,CZ-->NP,CZ-->NP,CZ-->NP,CZ-->NP,CZ-->NP,CZ-->NP,CZ-->NP,CZ-->NP
NL,NLD,Netherlands,Amsterdam,Europe,Western Europe,,NL-->CZ,NL-->CZ,NL-->CZ,NL-->CZ,NL-->CZ,NL-->CZ,NL-->CZ,NL-->CZ,NL-->CZ,NL-->CZ,NL-->CZ,NL-->CZ,NL-->CZ,NL-->CZ,NL-->CZ,NL-->CZ,NL-->CZ,NL-->CZ,NL-->CZ,,,,,,,,,,,,,,,,,CZ-->NL,CZ-->NL,CZ-->NL,CZ-->NL,CZ-->NL,CZ-->NL,CZ-->NL,CZ-->NL,CZ-->NL,CZ-->NL,CZ-->NL,CZ-->NL,CZ-->NL,CZ-->NL,CZ-->NL,CZ-->NL,CZ-->NL,CZ-->NL,CZ-->NL
NC,NCL,New Caledonia,Nouméa,Oceania,Melanesia,,NC-->CZ,NC-->CZ,NC-->CZ,NC-->CZ,NC-->CZ,NC-->CZ,NC-->CZ,NC-->CZ,NC-->CZ,NC-->CZ,NC-->CZ,NC-->CZ,NC-->CZ,NC-->CZ,NC-->CZ,NC-->CZ,NC-->CZ,NC-->CZ,NC-->CZ,,,,,,,,,,,,,,,,,CZ-->NC,CZ-->NC,CZ-->NC,CZ-->NC,CZ-->NC,CZ-->NC,CZ-->NC,CZ-->NC,CZ-->NC,CZ-->NC,CZ-->NC,CZ-->NC,CZ-->NC,CZ-->NC,CZ-->NC,CZ-->NC,CZ-->NC,CZ-->NC,CZ-->NC
NZ,NZL,New Zealand,Wellington,Oceania,Australia and New Zealand,,NZ-->CZ,NZ-->CZ,NZ-->CZ,NZ-->CZ,NZ-->CZ,NZ-->CZ,NZ-->CZ,NZ-->CZ,NZ-->CZ,NZ-->CZ,NZ-->CZ,NZ-->CZ,NZ-->CZ,NZ-->CZ,NZ-->CZ,NZ-->CZ,NZ-->CZ,NZ-->CZ,NZ-->CZ,,,,,,,,,,,,,,,,,CZ-->NZ,CZ-->NZ,CZ-->NZ,CZ-->NZ,CZ-->NZ,CZ-->NZ,CZ-->NZ,CZ-->NZ,CZ-->NZ,CZ-->NZ,CZ-->NZ,CZ-->NZ,CZ-->NZ,CZ-->NZ,CZ-->NZ,CZ-->NZ,CZ-->NZ,CZ-->NZ,CZ-->NZ
NI,NIC,Nicaragua,Managua,Americas,Central America,,NI-->CZ,NI-->CZ,NI-->CZ,NI-->CZ,NI-->CZ,NI-->CZ,NI-->CZ,NI-->CZ,NI-->CZ,NI-->CZ,NI-->CZ,NI-->CZ,NI-->CZ,NI-->CZ,NI-->CZ,NI-->CZ,NI-->CZ,NI-->CZ,NI-->CZ,,,,,,,,,,,,,,,,,CZ-->NI,CZ-->NI,CZ-->NI,CZ-->NI,CZ-->NI,CZ-->NI,CZ-->NI,CZ-->NI,CZ-->NI,CZ-->NI,CZ-->NI,CZ-->NI,CZ-->NI,CZ-->NI,CZ-->NI,CZ-->NI,CZ-->NI,CZ-->NI,CZ-->NI
NE,NER,Niger,Niamey,Africa,Western Africa,,NE-->CZ,NE-->CZ,NE-->CZ,NE-->CZ,NE-->CZ,NE-->CZ,NE-->CZ,NE-->CZ,NE-->CZ,NE-->CZ,NE-->CZ,NE-->CZ,NE-->CZ,NE-->CZ,NE-->CZ,NE-->CZ,NE-->CZ,NE-->CZ,NE-->CZ,,,,,,,,,,,,,,,,,CZ-->NE,CZ-->NE,CZ-->NE,CZ-->NE,CZ-->NE,CZ-->NE,CZ-->NE,CZ-->NE,CZ-->NE,CZ-->NE,CZ-->NE,CZ-->NE,CZ-->NE,CZ-->NE,CZ-->NE,CZ-->NE,CZ-->NE,CZ-->NE,CZ-->NE
NG,NGA,Nigeria,Abuja,Africa,Western Africa,,NG-->CZ,NG-->CZ,NG-->CZ,NG-->CZ,NG-->CZ,NG-->CZ,NG-->CZ,NG-->CZ,NG-->CZ,NG-->CZ,NG-->CZ,NG-->CZ,NG-->CZ,NG-->CZ,NG-->CZ,NG-->CZ,NG-->CZ,NG-->CZ,NG-->CZ,,,,,,,,,,,,,,,,,CZ-->NG,CZ-->NG,CZ-->NG,CZ-->NG,CZ-->NG,CZ-->NG,CZ-->NG,CZ-->NG,CZ-->NG,CZ-->NG,CZ-->NG,CZ-->NG,CZ-->NG,CZ-->NG,CZ-->NG,CZ-->NG,CZ-->NG,CZ-->NG,CZ-->NG
NU,NIU,Niue,Alofi,Oceania,Polynesia,,NU-->CZ,NU-->CZ,NU-->CZ,NU-->CZ,NU-->CZ,NU-->CZ,NU-->CZ,NU-->CZ,NU-->CZ,NU-->CZ,NU-->CZ,NU-->CZ,NU-->CZ,NU-->CZ,NU-->CZ,NU-->CZ,NU-->CZ,NU-->CZ,NU-->CZ,,,,,,,,,,,,,,,,,CZ-->NU,CZ-->NU,CZ-->NU,CZ-->NU,CZ-->NU,CZ-->NU,CZ-->NU,CZ-->NU,CZ-->NU,CZ-->NU,CZ-->NU,CZ-->NU,CZ-->NU,CZ-->NU,CZ-->NU,CZ-->NU,CZ-->NU,CZ-->NU,CZ-->NU
NF,NFK,Norfolk Island,Kingston,Oceania,Australia and New Zealand,,NF-->CZ,NF-->CZ,NF-->CZ,NF-->CZ,NF-->CZ,NF-->CZ,NF-->CZ,NF-->CZ,NF-->CZ,NF-->CZ,NF-->CZ,NF-->CZ,NF-->CZ,NF-->CZ,NF-->CZ,NF-->CZ,NF-->CZ,NF-->CZ,NF-->CZ,,,,,,,,,,,,,,,,,CZ-->NF,CZ-->NF,CZ-->NF,CZ-->NF,CZ-->NF,CZ-->NF,CZ-->NF,CZ-->NF,CZ-->NF,CZ-->NF,CZ-->NF,CZ-->NF,CZ-->NF,CZ-->NF,CZ-->NF,CZ-->NF,CZ-->NF,CZ-->NF,CZ-->NF
KP,PRK,North Korea,Pyongyang,Asia,Eastern Asia,,KP-->CZ,KP-->CZ,KP-->CZ,KP-->CZ,KP-->CZ,KP-->CZ,KP-->CZ,KP-->CZ,KP-->CZ,KP-->CZ,KP-->CZ,KP-->CZ,KP-->CZ,KP-->CZ,KP-->CZ,KP-->CZ,KP-->CZ,KP-->CZ,KP-->CZ,,,,,,,,,,,,,,,,,CZ-->KP,CZ-->KP,CZ-->KP,CZ-->KP,CZ-->KP,CZ-->KP,CZ-->KP,CZ-->KP,CZ-->KP,CZ-->KP,CZ-->KP,CZ-->KP,CZ-->KP,CZ-->KP,CZ-->KP,CZ-->KP,CZ-->KP,CZ-->KP,CZ-->KP
MP,MNP,Northern Mariana Islands,Saipan,Oceania,Micronesia,,MP-->CZ,MP-->CZ,MP-->CZ,MP-->CZ,MP-->CZ,MP-->CZ,MP-->CZ,MP-->CZ,MP-->CZ,MP-->CZ,MP-->CZ,MP-->CZ,MP-->CZ,MP-->CZ,MP-->CZ,MP-->CZ,MP-->CZ,MP-->CZ,MP-->CZ,,,,,,,,,,,,,,,,,CZ-->MP,CZ-->MP,CZ-->MP,CZ-->MP,CZ-->MP,CZ-->MP,CZ-->MP,CZ-->MP,CZ-->MP,CZ-->MP,CZ-->MP,CZ-->MP,CZ-->MP,CZ-->MP,CZ-->MP,CZ-->MP,CZ-->MP,CZ-->MP,CZ-->MP
NO,NOR,Norway,Oslo,Europe,Northern Europe,,NO-->CZ,NO-->CZ,NO-->CZ,NO-->CZ,NO-->CZ,NO-->CZ,NO-->CZ,NO-->CZ,NO-->CZ,NO-->CZ,NO-->CZ,NO-->CZ,NO-->CZ,NO-->CZ,NO-->CZ,NO-->CZ,NO-->CZ,NO-->CZ,NO-->CZ,,,,,,,,,,,,,,,,,CZ-->NO,CZ-->NO,CZ-->NO,CZ-->NO,CZ-->NO,CZ-->NO,CZ-->NO,CZ-->NO,CZ-->NO,CZ-->NO,CZ-->NO,CZ-->NO,CZ-->NO,CZ-->NO,CZ-->NO,CZ-->NO,CZ-->NO,CZ-->NO,CZ-->NO
OM,OMN,Oman,Muscat,Asia,Western Asia,,OM-->CZ,OM-->CZ,OM-->CZ,OM-->CZ,OM-->CZ,OM-->CZ,OM-->CZ,OM-->CZ,OM-->CZ,OM-->CZ,OM-->CZ,OM-->CZ,OM-->CZ,OM-->CZ,OM-->CZ,OM-->CZ,OM-->CZ,OM-->CZ,OM-->CZ,,,,,,,,,,,,,,,,,CZ-->OM,CZ-->OM,CZ-->OM,CZ-->OM,CZ-->OM,CZ-->OM,CZ-->OM,CZ-->OM,CZ-->OM,CZ-->OM,CZ-->OM,CZ-->OM,CZ-->OM,CZ-->OM,CZ-->OM,CZ-->OM,CZ-->OM,CZ-->OM,CZ-->OM
PK,PAK,Pakistan,Islamabad,Asia,Southern Asia,,PK-->CZ,PK-->CZ,PK-->CZ,PK-->CZ,PK-->CZ,PK-->CZ,PK-->CZ,PK-->CZ,PK-->CZ,PK-->CZ,PK-->CZ,PK-->CZ,PK-->CZ,PK-->CZ,PK-->CZ,PK-->CZ,PK-->CZ,PK-->CZ,PK-->CZ,,,,,,,,,,,,,,,,,CZ-->PK,CZ-->PK,CZ-->PK,CZ-->PK,CZ-->PK,CZ-->PK,CZ-->PK,CZ-->PK,CZ-->PK,CZ-->PK,CZ-->PK,CZ-->PK,CZ-->PK,CZ-->PK,CZ-->PK,CZ-->PK,CZ-->PK,CZ-->PK,CZ-->PK
PW,PLW,Palau,Ngerulmud,Oceania,Micronesia,,PW-->CZ,PW-->CZ,PW-->CZ,PW-->CZ,PW-->CZ,PW-->CZ,PW-->CZ,PW-->CZ,PW-->CZ,PW-->CZ,PW-->CZ,PW-->CZ,PW-->CZ,PW-->CZ,PW-->CZ,PW-->CZ,PW-->CZ,PW-->CZ,PW-->CZ,,,,,,,,,,,,,,,,,CZ-->PW,CZ-->PW,CZ-->PW,CZ-->PW,CZ-->PW,CZ-->PW,CZ-->PW,CZ-->PW,CZ-->PW,CZ-->PW,CZ-->PW,CZ-->PW,CZ-->PW,CZ-->PW,CZ-->PW,CZ-->PW,CZ-->PW,CZ-->PW,CZ-->PW
PS,PSE,Palestine,Ramallah,Asia,Western Asia,,PS-->CZ,PS-->CZ,PS-->CZ,PS-->CZ,PS-->CZ,PS-->CZ,PS-->CZ,PS-->CZ,PS-->CZ,PS-->CZ,PS-->CZ,PS-->CZ,PS-->CZ,PS-->CZ,PS-->CZ,PS-->CZ,PS-->CZ,PS-->CZ,PS-->CZ,,,,,,,,,,,,,,,,,CZ-->PS,CZ-->PS,CZ-->PS,CZ-->PS,CZ-->PS,CZ-->PS,CZ-->PS,CZ-->PS,CZ-->PS,CZ-->PS,CZ-->PS,CZ-->PS,CZ-->PS,CZ-->PS,CZ-->PS,CZ-->PS,CZ-->PS,CZ-->PS,CZ-->PS
PA,PAN,Panama,Panama City,Americas,Central America,,PA-->CZ,PA-->CZ,PA-->CZ,PA-->CZ,PA-->CZ,PA-->CZ,PA-->CZ,PA-->CZ,PA-->CZ,PA-->CZ,PA-->CZ,PA-->CZ,PA-->CZ,PA-->CZ,PA-->CZ,PA-->CZ,PA-->CZ,PA-->CZ,PA-->CZ,,,,,,,,,,,,,,,,,CZ-->PA,CZ-->PA,CZ-->PA,CZ-->PA,CZ-->PA,CZ-->PA,CZ-->PA,CZ-->PA,CZ-->PA,CZ-->PA,CZ-->PA,CZ-->PA,CZ-->PA,CZ-->PA,CZ-->PA,CZ-->PA,CZ-->PA,CZ-->PA,CZ-->PA
PG,PNG,Papua New Guinea,Port Moresby,Oceania,Melanesia,,PG-->CZ,PG-->CZ,PG-->CZ,PG-->CZ,PG-->CZ,PG-->CZ,PG-->CZ,PG-->CZ,PG-->CZ,PG-->CZ,PG-->CZ,PG-->CZ,PG-->CZ,PG-->CZ,PG-->CZ,PG-->CZ,PG-->CZ,PG-->CZ,PG-->CZ,,,,,,,,,,,,,,,,,CZ-->PG,CZ-->PG,CZ-->PG,CZ-->PG,CZ-->PG,CZ-->PG,CZ-->PG,CZ-->PG,CZ-->PG,CZ-->PG,CZ-->PG,CZ-->PG,CZ-->PG,CZ-->PG,CZ-->PG,CZ-->PG,CZ-->PG,CZ-->PG,CZ-->PG
PY,PRY,Paraguay,Asunción,Americas,South America,,PY-->CZ,PY-->CZ,PY-->CZ,PY-->CZ,PY-->CZ,PY-->CZ,PY-->CZ,PY-->CZ,PY-->CZ,PY-->CZ,PY-->CZ,PY-->CZ,PY-->CZ,PY-->CZ,PY-->CZ,PY-->CZ,PY-->CZ,PY-->CZ,PY-->CZ,,,,,,,,,,,,,,,,,CZ-->PY,CZ-->PY,CZ-->PY,CZ-->PY,CZ-->PY,CZ-->PY,CZ-->PY,CZ-->PY,CZ-->PY,CZ-->PY,CZ-->PY,CZ-->PY,CZ-->PY,CZ-->PY,CZ-->PY,CZ-->PY,CZ-->PY,CZ-->PY,CZ-->PY
PE,PER,Peru,Lima,Americas,South America,,PE-->CZ,PE-->CZ,PE-->CZ,PE-->CZ,PE-->CZ,PE-->CZ,PE-->CZ,PE-->CZ,PE-->CZ,PE-->CZ,PE-->CZ,PE-->CZ,PE-->CZ,PE-->CZ,PE-->CZ,PE-->CZ,PE-->CZ,PE-->CZ,PE-->CZ,,,,,,,,,,,,,,,,,CZ-->PE,CZ-->PE,CZ-->PE,CZ-->PE,CZ-->PE,CZ-->PE,CZ-->PE,CZ-->PE,CZ-->PE,CZ-->PE,CZ-->PE,CZ-->PE,CZ-->PE,CZ-->PE,CZ-->PE,CZ-->PE,CZ-->PE,CZ-->PE,CZ-->PE
PH,PHL,Philippines,Manila,Asia,South-Eastern Asia,,PH-->CZ,PH-->CZ,PH-->CZ,PH-->CZ,PH-->CZ,PH-->CZ,PH-->CZ,PH-->CZ,PH-->CZ,PH-->CZ,PH-->CZ,PH-->CZ,PH-->CZ,PH-->CZ,PH-->CZ,PH-->CZ,PH-->CZ,PH-->CZ,PH-->CZ,,,,,,,,,,,,,,,,,CZ-->PH,CZ-->PH,CZ-->PH,CZ-->PH,CZ-->PH,CZ-->PH,CZ-->PH,CZ-->PH,CZ-->PH,CZ-->PH,CZ-->PH,CZ-->PH,CZ-->PH,CZ-->PH,CZ-->PH,CZ-->PH,CZ-->PH,CZ-->PH,CZ-->PH
PN,PCN,Pitcairn Islands,Adamstown,Oceania,Polynesia,,PN-->CZ,PN-->CZ,PN-->CZ,PN-->CZ,PN-->CZ,PN-->CZ,PN-->CZ,PN-->CZ,PN-->CZ,PN-->CZ,PN-->CZ,PN-->CZ,PN-->CZ,PN-->CZ,PN-->CZ,PN-->CZ,PN-->CZ,PN-->CZ,PN-->CZ,,,,,,,,,,,,,,,,,CZ-->PN,CZ-->PN,CZ-->PN,CZ-->PN,CZ-->PN,CZ-->PN,CZ-->PN,CZ-->PN,CZ-->PN,CZ-->PN,CZ-->PN,CZ-->PN,CZ-->PN,CZ-->PN,CZ-->PN,CZ-->PN,CZ-->PN,CZ-->PN,CZ-->PN
PL,POL,Poland,Warsaw,Europe,Eastern Europe,,PL-->CZ,PL-->CZ,PL-->CZ,PL-->CZ,PL-->CZ,PL-->CZ,PL-->CZ,PL-->CZ,PL-->CZ,PL-->CZ,PL-->CZ,PL-->CZ,PL-->CZ,PL-->CZ,PL-->CZ,PL-->CZ,PL-->CZ,PL-->CZ,PL-->CZ,,,,,,,,,,,,,,,,,CZ-->PL,CZ-->PL,CZ-->PL,CZ-->PL,CZ-->PL,CZ-->PL,CZ-->PL,CZ-->PL,CZ-->PL,CZ-->PL,CZ-->PL,CZ-->PL,CZ-->PL,CZ-->PL,CZ-->PL,CZ-->PL,CZ-->PL,CZ-->PL,CZ-->PL
PT,PRT,Portugal,Lisbon,Europe,Southern Europe,,PT-->CZ,PT-->CZ,PT-->CZ,PT-->CZ,PT-->CZ,PT-->CZ,PT-->CZ,PT-->CZ,PT-->CZ,PT-->CZ,PT-->CZ,PT-->CZ,PT-->CZ,PT-->CZ,PT-->CZ,PT-->CZ,PT-->CZ,PT-->CZ,PT-->CZ,,,,,,,,,,,,,,,,,CZ-->PT,CZ-->PT,CZ-->PT,CZ-->PT,CZ-->PT,CZ-->PT,CZ-->PT,CZ-->PT,CZ-->PT,CZ-->PT,CZ-->PT,CZ-->PT,CZ-->PT,CZ-->PT,CZ-->PT,CZ-->PT,CZ-->PT,CZ-->PT,CZ-->PT
PR,PRI,Puerto Rico,San Juan,Americas,Caribbean,,PR-->CZ,PR-->CZ,PR-->CZ,PR-->CZ,PR-->CZ,PR-->CZ,PR-->CZ,PR-->CZ,PR-->CZ,PR-->CZ,PR-->CZ,PR-->CZ,PR-->CZ,PR-->CZ,PR-->CZ,PR-->CZ,PR-->CZ,PR-->CZ,PR-->CZ,,,,,,,,,,,,,,,,,CZ-->PR,CZ-->PR,CZ-->PR,CZ-->PR,CZ-->PR,CZ-->PR,CZ-->PR,CZ-->PR,CZ-->PR,CZ-->PR,CZ-->PR,CZ-->PR,CZ-->PR,CZ-->PR,CZ-->PR,CZ-->PR,CZ-->PR,CZ-->PR,CZ-->PR
QA,QAT,Qatar,Doha,Asia,Western Asia,,QA-->CZ,QA-->CZ,QA-->CZ,QA-->CZ,QA-->CZ,QA-->CZ,QA-->CZ,QA-->CZ,QA-->CZ,QA-->CZ,QA-->CZ,QA-->CZ,QA-->CZ,QA-->CZ,QA-->CZ,QA-->CZ,QA-->CZ,QA-->CZ,QA-->CZ,,,,,,,,,,,,,,,,,CZ-->QA,CZ-->QA,CZ-->QA,CZ-->QA,CZ-->QA,CZ-->QA,CZ-->QA,CZ-->QA,CZ-->QA,CZ-->QA,CZ-->QA,CZ-->QA,CZ-->QA,CZ-->QA,CZ-->QA,CZ-->QA,CZ-->QA,CZ-->QA,CZ-->QA
XK,KOS,Republic of Kosovo,Pristina,Europe,Eastern Europe,,XK-->CZ,XK-->CZ,XK-->CZ,XK-->CZ,XK-->CZ,XK-->CZ,XK-->CZ,XK-->CZ,XK-->CZ,XK-->CZ,XK-->CZ,XK-->CZ,XK-->CZ,XK-->CZ,XK-->CZ,XK-->CZ,XK-->CZ,XK-->CZ,XK-->CZ,,,,,,,,,,,,,,,,,CZ-->XK,CZ-->XK,CZ-->XK,CZ-->XK,CZ-->XK,CZ-->XK,CZ-->XK,CZ-->XK,CZ-->XK,CZ-->XK,CZ-->XK,CZ-->XK,CZ-->XK,CZ-->XK,CZ-->XK,CZ-->XK,CZ-->XK,CZ-->XK,CZ-->XK
RE,REU,Réunion,Saint-Denis,Africa,Eastern Africa,,RE-->CZ,RE-->CZ,RE-->CZ,RE-->CZ,RE-->CZ,RE-->CZ,RE-->CZ,RE-->CZ,RE-->CZ,RE-->CZ,RE-->CZ,RE-->CZ,RE-->CZ,RE-->CZ,RE-->CZ,RE-->CZ,RE-->CZ,RE-->CZ,RE-->CZ,,,,,,,,,,,,,,,,,CZ-->RE,CZ-->RE,CZ-->RE,CZ-->RE,CZ-->RE,CZ-->RE,CZ-->RE,CZ-->RE,CZ-->RE,CZ-->RE,CZ-->RE,CZ-->RE,CZ-->RE,CZ-->RE,CZ-->RE,CZ-->RE,CZ-->RE,CZ-->RE,CZ-->RE
RO,ROU,Romania,Bucharest,Europe,Eastern Europe,,RO-->CZ,RO-->CZ,RO-->CZ,RO-->CZ,RO-->CZ,RO-->CZ,RO-->CZ,RO-->CZ,RO-->CZ,RO-->CZ,RO-->CZ,RO-->CZ,RO-->CZ,RO-->CZ,RO-->CZ,RO-->CZ,RO-->CZ,RO-->CZ,RO-->CZ,,,,,,,,,,,,,,,,,CZ-->RO,CZ-->RO,CZ-->RO,CZ-->RO,CZ-->RO,CZ-->RO,CZ-->RO,CZ-->RO,CZ-->RO,CZ-->RO,CZ-->RO,CZ-->RO,CZ-->RO,CZ-->RO,CZ-->RO,CZ-->RO,CZ-->RO,CZ-->RO,CZ-->RO
RU,RUS,Russia,Moscow,Europe,Eastern Europe,,RU-->CZ,RU-->CZ,RU-->CZ,RU-->CZ,RU-->CZ,RU-->CZ,RU-->CZ,RU-->CZ,RU-->CZ,RU-->CZ,RU-->CZ,RU-->CZ,RU-->CZ,RU-->CZ,RU-->CZ,RU-->CZ,RU-->CZ,RU-->CZ,RU-->CZ,,,,,,,,,,,,,,,,,CZ-->RU,CZ-->RU,CZ-->RU,CZ-->RU,CZ-->RU,CZ-->RU,CZ-->RU,CZ-->RU,CZ-->RU,CZ-->RU,CZ-->RU,CZ-->RU,CZ-->RU,CZ-->RU,CZ-->RU,CZ-->RU,CZ-->RU,CZ-->RU,CZ-->RU
RW,RWA,Rwanda,Kigali,Africa,Eastern Africa,,RW-->CZ,RW-->CZ,RW-->CZ,RW-->CZ,RW-->CZ,RW-->CZ,RW-->CZ,RW-->CZ,RW-->CZ,RW-->CZ,RW-->CZ,RW-->CZ,RW-->CZ,RW-->CZ,RW-->CZ,RW-->CZ,RW-->CZ,RW-->CZ,RW-->CZ,,,,,,,,,,,,,,,,,CZ-->RW,CZ-->RW,CZ-->RW,CZ-->RW,CZ-->RW,CZ-->RW,CZ-->RW,CZ-->RW,CZ-->RW,CZ-->RW,CZ-->RW,CZ-->RW,CZ-->RW,CZ-->RW,CZ-->RW,CZ-->RW,CZ-->RW,CZ-->RW,CZ-->RW
BL,BLM,Saint Barthélemy,Gustavia,Americas,Caribbean,,BL-->CZ,BL-->CZ,BL-->CZ,BL-->CZ,BL-->CZ,BL-->CZ,BL-->CZ,BL-->CZ,BL-->CZ,BL-->CZ,BL-->CZ,BL-->CZ,BL-->CZ,BL-->CZ,BL-->CZ,BL-->CZ,BL-->CZ,BL-->CZ,BL-->CZ,,,,,,,,,,,,,,,,,CZ-->BL,CZ-->BL,CZ-->BL,CZ-->BL,CZ-->BL,CZ-->BL,CZ-->BL,CZ-->BL,CZ-->BL,CZ-->BL,CZ-->BL,CZ-->BL,CZ-->BL,CZ-->BL,CZ-->BL,CZ-->BL,CZ-->BL,CZ-->BL,CZ-->BL
SH,SHN,Saint Helena,Jamestown,Africa,Western Africa,,SH-->CZ,SH-->CZ,SH-->CZ,SH-->CZ,SH-->CZ,SH-->CZ,SH-->CZ,SH-->CZ,SH-->CZ,SH-->CZ,SH-->CZ,SH-->CZ,SH-->CZ,SH-->CZ,SH-->CZ,SH-->CZ,SH-->CZ,SH-->CZ,SH-->CZ,,,,,,,,,,,,,,,,,CZ-->SH,CZ-->SH,CZ-->SH,CZ-->SH,CZ-->SH,CZ-->SH,CZ-->SH,CZ-->SH,CZ-->SH,CZ-->SH,CZ-->SH,CZ-->SH,CZ-->SH,CZ-->SH,CZ-->SH,CZ-->SH,CZ-->SH,CZ-->SH,CZ-->SH
KN,KNA,Saint Kitts and Nevis,Basseterre,Americas,Caribbean,,KN-->CZ,KN-->CZ,KN-->CZ,KN-->CZ,KN-->CZ,KN-->CZ,KN-->CZ,KN-->CZ,KN-->CZ,KN-->CZ,KN-->CZ,KN-->CZ,KN-->CZ,KN-->CZ,KN-->CZ,KN-->CZ,KN-->CZ,KN-->CZ,KN-->CZ,,,,,,,,,,,,,,,,,CZ-->KN,CZ-->KN,CZ-->KN,CZ-->KN,CZ-->KN,CZ-->KN,CZ-->KN,CZ-->KN,CZ-->KN,CZ-->KN,CZ-->KN,CZ-->KN,CZ-->KN,CZ-->KN,CZ-->KN,CZ-->KN,CZ-->KN,CZ-->KN,CZ-->KN
LC,LCA,Saint Lucia,Castries,Americas,Caribbean,,LC-->CZ,LC-->CZ,LC-->CZ,LC-->CZ,LC-->CZ,LC-->CZ,LC-->CZ,LC-->CZ,LC-->CZ,LC-->CZ,LC-->CZ,LC-->CZ,LC-->CZ,LC-->CZ,LC-->CZ,LC-->CZ,LC-->CZ,LC-->CZ,LC-->CZ,,,,,,,,,,,,,,,,,CZ-->LC,CZ-->LC,CZ-->LC,CZ-->LC,CZ-->LC,CZ-->LC,CZ-->LC,CZ-->LC,CZ-->LC,CZ-->LC,CZ-->LC,CZ-->LC,CZ-->LC,CZ-->LC,CZ-->LC,CZ-->LC,CZ-->LC,CZ-->LC,CZ-->LC
MF,MAF,Saint Martin,Marigot,Americas,Caribbean,,MF-->CZ,MF-->CZ,MF-->CZ,MF-->CZ,MF-->CZ,MF-->CZ,MF-->CZ,MF-->CZ,MF-->CZ,MF-->CZ,MF-->CZ,MF-->CZ,MF-->CZ,MF-->CZ,MF-->CZ,MF-->CZ,MF-->CZ,MF-->CZ,MF-->CZ,,,,,,,,,,,,,,,,,CZ-->MF,CZ-->MF,CZ-->MF,CZ-->MF,CZ-->MF,CZ-->MF,CZ-->MF,CZ-->MF,CZ-->MF,CZ-->MF,CZ-->MF,CZ-->MF,CZ-->MF,CZ-->MF,CZ-->MF,CZ-->MF,CZ-->MF,CZ-->MF,CZ-->MF
PM,SPM,Saint Pierre and Miquelon,Saint-Pierre,Americas,Northern America,,PM-->CZ,PM-->CZ,PM-->CZ,PM-->CZ,PM-->CZ,PM-->CZ,PM-->CZ,PM-->CZ,PM-->CZ,PM-->CZ,PM-->CZ,PM-->CZ,PM-->CZ,PM-->CZ,PM-->CZ,PM-->CZ,PM-->CZ,PM-->CZ,PM-->CZ,,,,,,,,,,,,,,,,,CZ-->PM,CZ-->PM,CZ-->PM,CZ-->PM,CZ-->PM,CZ-->PM,CZ-->PM,CZ-->PM,CZ-->PM,CZ-->PM,CZ-->PM,CZ-->PM,CZ-->PM,CZ-->PM,CZ-->PM,CZ-->PM,CZ-->PM,CZ-->PM,CZ-->PM
VC,VCT,Saint Vincent and the Grenadines,Kingstown,Americas,Caribbean,,VC-->CZ,VC-->CZ,VC-->CZ,VC-->CZ,VC-->CZ,VC-->CZ,VC-->CZ,VC-->CZ,VC-->CZ,VC-->CZ,VC-->CZ,VC-->CZ,VC-->CZ,VC-->CZ,VC-->CZ,VC-->CZ,VC-->CZ,VC-->CZ,VC-->CZ,,,,,,,,,,,,,,,,,CZ-->VC,CZ-->VC,CZ-->VC,CZ-->VC,CZ-->VC,CZ-->VC,CZ-->VC,CZ-->VC,CZ-->VC,CZ-->VC,CZ-->VC,CZ-->VC,CZ-->VC,CZ-->VC,CZ-->VC,CZ-->VC,CZ-->VC,CZ-->VC,CZ-->VC
WS,WSM,Samoa,Apia,Oceania,Polynesia,,WS-->CZ,WS-->CZ,WS-->CZ,WS-->CZ,WS-->CZ,WS-->CZ,WS-->CZ,WS-->CZ,WS-->CZ,WS-->CZ,WS-->CZ,WS-->CZ,WS-->CZ,WS-->CZ,WS-->CZ,WS-->CZ,WS-->CZ,WS-->CZ,WS-->CZ,,,,,,,,,,,,,,,,,CZ-->WS,CZ-->WS,CZ-->WS,CZ-->WS,CZ-->WS,CZ-->WS,CZ-->WS,CZ-->WS,CZ-->WS,CZ-->WS,CZ-->WS,CZ-->WS,CZ-->WS,CZ-->WS,CZ-->WS,CZ-->WS,CZ-->WS,CZ-->WS,CZ-->WS
SM,SMR,San Marino,City of San Marino,Europe,Southern Europe,,SM-->CZ,SM-->CZ,SM-->CZ,SM-->CZ,SM-->CZ,SM-->CZ,SM-->CZ,SM-->CZ,SM-->CZ,SM-->CZ,SM-->CZ,SM-->CZ,SM-->CZ,SM-->CZ,SM-->CZ,SM-->CZ,SM-->CZ,SM-->CZ,SM-->CZ,,,,,,,,,,,,,,,,,CZ-->SM,CZ-->SM,CZ-->SM,CZ-->SM,CZ-->SM,CZ-->SM,CZ-->SM,CZ-->SM,CZ-->SM,CZ-->SM,CZ-->SM,CZ-->SM,CZ-->SM,CZ-->SM,CZ-->SM,CZ-->SM,CZ-->SM,CZ-->SM,CZ-->SM
ST,STP,São Tomé and Príncipe,São Tomé,Africa,Middle Africa,,ST-->CZ,ST-->CZ,ST-->CZ,ST-->CZ,ST-->CZ,ST-->CZ,ST-->CZ,ST-->CZ,ST-->CZ,ST-->CZ,ST-->CZ,ST-->CZ,ST-->CZ,ST-->CZ,ST-->CZ,ST-->CZ,ST-->CZ,ST-->CZ,ST-->CZ,,,,,,,,,,,,,,,,,CZ-->ST,CZ-->ST,CZ-->ST,CZ-->ST,CZ-->ST,CZ-->ST,CZ-->ST,CZ-->ST,CZ-->ST,CZ-->ST,CZ-->ST,CZ-->ST,CZ-->ST,CZ-->ST,CZ-->ST,CZ-->ST,CZ-->ST,CZ-->ST,CZ-->ST
SA,SAU,Saudi Arabia,Riyadh,Asia,Western Asia,,SA-->CZ,SA-->CZ,SA-->CZ,SA-->CZ,SA-->CZ,SA-->CZ,SA-->CZ,SA-->CZ,SA-->CZ,SA-->CZ,SA-->CZ,SA-->CZ,SA-->CZ,SA-->CZ,SA-->CZ,SA-->CZ,SA-->CZ,SA-->CZ,SA-->CZ,,,,,,,,,,,,,,,,,CZ-->SA,CZ-->SA,CZ-->SA,CZ-->SA,CZ-->SA,CZ-->SA,CZ-->SA,CZ-->SA,CZ-->SA,CZ-->SA,CZ-->SA,CZ-->SA,CZ-->SA,CZ-->SA,CZ-->SA,CZ-->SA,CZ-->SA,CZ-->SA,CZ-->SA
SN,SEN,Senegal,Dakar,Africa,Western Africa,,SN-->CZ,SN-->CZ,SN-->CZ,SN-->CZ,SN-->CZ,SN-->CZ,SN-->CZ,SN-->CZ,SN-->CZ,SN-->CZ,SN-->CZ,SN-->CZ,SN-->CZ,SN-->CZ,SN-->CZ,SN-->CZ,SN-->CZ,SN-->CZ,SN-->CZ,,,,,,,,,,,,,,,,,CZ-->SN,CZ-->SN,CZ-->SN,CZ-->SN,CZ-->SN,CZ-->SN,CZ-->SN,CZ-->SN,CZ-->SN,CZ-->SN,CZ-->SN,CZ-->SN,CZ-->SN,CZ-->SN,CZ-->SN,CZ-->SN,CZ-->SN,CZ-->SN,CZ-->SN
RS,SRB,Serbia,Belgrade,Europe,Southern Europe,,RS-->CZ,RS-->CZ,RS-->CZ,RS-->CZ,RS-->CZ,RS-->CZ,RS-->CZ,RS-->CZ,RS-->CZ,RS-->CZ,RS-->CZ,RS-->CZ,RS-->CZ,RS-->CZ,RS-->CZ,RS-->CZ,RS-->CZ,RS-->CZ,RS-->CZ,,,,,,,,,,,,,,,,,CZ-->RS,CZ-->RS,CZ-->RS,CZ-->RS,CZ-->RS,CZ-->RS,CZ-->RS,CZ-->RS,CZ-->RS,CZ-->RS,CZ-->RS,CZ-->RS,CZ-->RS,CZ-->RS,CZ-->RS,CZ-->RS,CZ-->RS,CZ-->RS,CZ-->RS
SC,SYC,Seychelles,Victoria,Africa,Eastern Africa,,SC-->CZ,SC-->CZ,SC-->CZ,SC-->CZ,SC-->CZ,SC-->CZ,SC-->CZ,SC-->CZ,SC-->CZ,SC-->CZ,SC-->CZ,SC-->CZ,SC-->CZ,SC-->CZ,SC-->CZ,SC-->CZ,SC-->CZ,SC-->CZ,SC-->CZ,,,,,,,,,,,,,,,,,CZ-->SC,CZ-->SC,CZ-->SC,CZ-->SC,CZ-->SC,CZ-->SC,CZ-->SC,CZ-->SC,CZ-->SC,CZ-->SC,CZ-->SC,CZ-->SC,CZ-->SC,CZ-->SC,CZ-->SC,CZ-->SC,CZ-->SC,CZ-->SC,CZ-->SC
SL,SLE,Sierra Leone,Freetown,Africa,Western Africa,,SL-->CZ,SL-->CZ,SL-->CZ,SL-->CZ,SL-->CZ,SL-->CZ,SL-->CZ,SL-->CZ,SL-->CZ,SL-->CZ,SL-->CZ,SL-->CZ,SL-->CZ,SL-->CZ,SL-->CZ,SL-->CZ,SL-->CZ,SL-->CZ,SL-->CZ,,,,,,,,,,,,,,,,,CZ-->SL,CZ-->SL,CZ-->SL,CZ-->SL,CZ-->SL,CZ-->SL,CZ-->SL,CZ-->SL,CZ-->SL,CZ-->SL,CZ-->SL,CZ-->SL,CZ-->SL,CZ-->SL,CZ-->SL,CZ-->SL,CZ-->SL,CZ-->SL,CZ-->SL
SG,SGP,Singapore,Singapore,Asia,South-Eastern Asia,,SG-->CZ,SG-->CZ,SG-->CZ,SG-->CZ,SG-->CZ,SG-->CZ,SG-->CZ,SG-->CZ,SG-->CZ,SG-->CZ,SG-->CZ,SG-->CZ,SG-->CZ,SG-->CZ,SG-->CZ,SG-->CZ,SG-->CZ,SG-->CZ,SG-->CZ,,,,,,,,,,,,,,,,,CZ-->SG,CZ-->SG,CZ-->SG,CZ-->SG,CZ-->SG,CZ-->SG,CZ-->SG,CZ-->SG,CZ-->SG,CZ-->SG,CZ-->SG,CZ-->SG,CZ-->SG,CZ-->SG,CZ-->SG,CZ-->SG,CZ-->SG,CZ-->SG,CZ-->SG
SX,SXM,Sint Maarten,Philipsburg,Americas,Caribbean,,SX-->CZ,SX-->CZ,SX-->CZ,SX-->CZ,SX-->CZ,SX-->CZ,SX-->CZ,SX-->CZ,SX-->CZ,SX-->CZ,SX-->CZ,SX-->CZ,SX-->CZ,SX-->CZ,SX-->CZ,SX-->CZ,SX-->CZ,SX-->CZ,SX-->CZ,,,,,,,,,,,,,,,,,CZ-->SX,CZ-->SX,CZ-->SX,CZ-->SX,CZ-->SX,CZ-->SX,CZ-->SX,CZ-->SX,CZ-->SX,CZ-->SX,CZ-->SX,CZ-->SX,CZ-->SX,CZ-->SX,CZ-->SX,CZ-->SX,CZ-->SX,CZ-->SX,CZ-->SX
SK,SVK,Slovakia,Bratislava,Europe,Eastern Europe,,SK-->CZ,SK-->CZ,SK-->CZ,SK-->CZ,SK-->CZ,SK-->CZ,SK-->CZ,SK-->CZ,SK-->CZ,SK-->CZ,SK-->CZ,SK-->CZ,SK-->CZ,SK-->CZ,SK-->CZ,SK-->CZ,SK-->CZ,SK-->CZ,SK-->CZ,,,,,,,,,,,,,,,,,CZ-->SK,CZ-->SK,CZ-->SK,CZ-->SK,CZ-->SK,CZ-->SK,CZ-->SK,CZ-->SK,CZ-->SK,CZ-->SK,CZ-->SK,CZ-->SK,CZ-->SK,CZ-->SK,CZ-->SK,CZ-->SK,CZ-->SK,CZ-->SK,CZ-->SK
SI,SVN,Slovenia,Ljubljana,Europe,Southern Europe,,SI-->CZ,SI-->CZ,SI-->CZ,SI-->CZ,SI-->CZ,SI-->CZ,SI-->CZ,SI-->CZ,SI-->CZ,SI-->CZ,SI-->CZ,SI-->CZ,SI-->CZ,SI-->CZ,SI-->CZ,SI-->CZ,SI-->CZ,SI-->CZ,SI-->CZ,,,,,,,,,,,,,,,,,CZ-->SI,CZ-->SI,CZ-->SI,CZ-->SI,CZ-->SI,CZ-->SI,CZ-->SI,CZ-->SI,CZ-->SI,CZ-->SI,CZ-->SI,CZ-->SI,CZ-->SI,CZ-->SI,CZ-->SI,CZ-->SI,CZ-->SI,CZ-->SI,CZ-->SI
SB,SLB,Solomon Islands,Honiara,Oceania,Melanesia,,SB-->CZ,SB-->CZ,SB-->CZ,SB-->CZ,SB-->CZ,SB-->CZ,SB-->CZ,SB-->CZ,SB-->CZ,SB-->CZ,SB-->CZ,SB-->CZ,SB-->CZ,SB-->CZ,SB-->CZ,SB-->CZ,SB-->CZ,SB-->CZ,SB-->CZ,,,,,,,,,,,,,,,,,CZ-->SB,CZ-->SB,CZ-->SB,CZ-->SB,CZ-->SB,CZ-->SB,CZ-->SB,CZ-->SB,CZ-->SB,CZ-->SB,CZ-->SB,CZ-->SB,CZ-->SB,CZ-->SB,CZ-->SB,CZ-->SB,CZ-->SB,CZ-->SB,CZ-->SB
SO,SOM,Somalia,Mogadishu,Africa,Eastern Africa,,SO-->CZ,SO-->CZ,SO-->CZ,SO-->CZ,SO-->CZ,SO-->CZ,SO-->CZ,SO-->CZ,SO-->CZ,SO-->CZ,SO-->CZ,SO-->CZ,SO-->CZ,SO-->CZ,SO-->CZ,SO-->CZ,SO-->CZ,SO-->CZ,SO-->CZ,,,,,,,,,,,,,,,,,CZ-->SO,CZ-->SO,CZ-->SO,CZ-->SO,CZ-->SO,CZ-->SO,CZ-->SO,CZ-->SO,CZ-->SO,CZ-->SO,CZ-->SO,CZ-->SO,CZ-->SO,CZ-->SO,CZ-->SO,CZ-->SO,CZ-->SO,CZ-->SO,CZ-->SO
ZA,ZAF,South Africa,Pretoria,Africa,Southern Africa,,ZA-->CZ,ZA-->CZ,ZA-->CZ,ZA-->CZ,ZA-->CZ,ZA-->CZ,ZA-->CZ,ZA-->CZ,ZA-->CZ,ZA-->CZ,ZA-->CZ,ZA-->CZ,ZA-->CZ,ZA-->CZ,ZA-->CZ,ZA-->CZ,ZA-->CZ,ZA-->CZ,ZA-->CZ,,,,,,,,,,,,,,,,,CZ-->ZA,CZ-->ZA,CZ-->ZA,CZ-->ZA,CZ-->ZA,CZ-->ZA,CZ-->ZA,CZ-->ZA,CZ-->ZA,CZ-->ZA,CZ-->ZA,CZ-->ZA,CZ-->ZA,CZ-->ZA,CZ-->ZA,CZ-->ZA,CZ-->ZA,CZ-->ZA,CZ-->ZA
GS,SGS,South Georgia,King Edward Point,Americas,South America,,GS-->CZ,GS-->CZ,GS-->CZ,GS-->CZ,GS-->CZ,GS-->CZ,GS-->CZ,GS-->CZ,GS-->CZ,GS-->CZ,GS-->CZ,GS-->CZ,GS-->CZ,GS-->CZ,GS-->CZ,GS-->CZ,GS-->CZ,GS-->CZ,GS-->CZ,,,,,,,,,,,,,,,,,CZ-->GS,CZ-->GS,CZ-->GS,CZ-->GS,CZ-->GS,CZ-->GS,CZ-->GS,CZ-->GS,CZ-->GS,CZ-->GS,CZ-->GS,CZ-->GS,CZ-->GS,CZ-->GS,CZ-->GS,CZ-->GS,CZ-->GS,CZ-->GS,CZ-->GS
KR,KOR,South Korea,Seoul,Asia,Eastern Asia,,KR-->CZ,KR-->CZ,KR-->CZ,KR-->CZ,KR-->CZ,KR-->CZ,KR-->CZ,KR-->CZ,KR-->CZ,KR-->CZ,KR-->CZ,KR-->CZ,KR-->CZ,KR-->CZ,KR-->CZ,KR-->CZ,KR-->CZ,KR-->CZ,KR-->CZ,,,,,,,,,,,,,,,,,CZ-->KR,CZ-->KR,CZ-->KR,CZ-->KR,CZ-->KR,CZ-->KR,CZ-->KR,CZ-->KR,CZ-->KR,CZ-->KR,CZ-->KR,CZ-->KR,CZ-->KR,CZ-->KR,CZ-->KR,CZ-->KR,CZ-->KR,CZ-->KR,CZ-->KR
SS,SSD,South Sudan,Juba,Africa,Middle Africa,,SS-->CZ,SS-->CZ,SS-->CZ,SS-->CZ,SS-->CZ,SS-->CZ,SS-->CZ,SS-->CZ,SS-->CZ,SS-->CZ,SS-->CZ,SS-->CZ,SS-->CZ,SS-->CZ,SS-->CZ,SS-->CZ,SS-->CZ,SS-->CZ,SS-->CZ,,,,,,,,,,,,,,,,,CZ-->SS,CZ-->SS,CZ-->SS,CZ-->SS,CZ-->SS,CZ-->SS,CZ-->SS,CZ-->SS,CZ-->SS,CZ-->SS,CZ-->SS,CZ-->SS,CZ-->SS,CZ-->SS,CZ-->SS,CZ-->SS,CZ-->SS,CZ-->SS,CZ-->SS
ES,ESP,Spain,Madrid,Europe,Southern Europe,,ES-->CZ,ES-->CZ,ES-->CZ,ES-->CZ,ES-->CZ,ES-->CZ,ES-->CZ,ES-->CZ,ES-->CZ,ES-->CZ,ES-->CZ,ES-->CZ,ES-->CZ,ES-->CZ,ES-->CZ,ES-->CZ,ES-->CZ,ES-->CZ,ES-->CZ,,,,,,,,,,,,,,,,,CZ-->ES,CZ-->ES,CZ-->ES,CZ-->ES,CZ-->ES,CZ-->ES,CZ-->ES,CZ-->ES,CZ-->ES,CZ-->ES,CZ-->ES,CZ-->ES,CZ-->ES,CZ-->ES,CZ-->ES,CZ-->ES,CZ-->ES,CZ-->ES,CZ-->ES
LK,LKA,Sri Lanka,Colombo,Asia,Southern Asia,,LK-->CZ,LK-->CZ,LK-->CZ,LK-->CZ,LK-->CZ,LK-->CZ,LK-->CZ,LK-->CZ,LK-->CZ,LK-->CZ,LK-->CZ,LK-->CZ,LK-->CZ,LK-->CZ,LK-->CZ,LK-->CZ,LK-->CZ,LK-->CZ,LK-->CZ,,,,,,,,,,,,,,,,,CZ-->LK,CZ-->LK,CZ-->LK,CZ-->LK,CZ-->LK,CZ-->LK,CZ-->LK,CZ-->LK,CZ-->LK,CZ-->LK,CZ-->LK,CZ-->LK,CZ-->LK,CZ-->LK,CZ-->LK,CZ-->LK,CZ-->LK,CZ-->LK,CZ-->LK
SD,SDN,Sudan,Khartoum,Africa,Northern Africa,,SD-->CZ,SD-->CZ,SD-->CZ,SD-->CZ,SD-->CZ,SD-->CZ,SD-->CZ,SD-->CZ,SD-->CZ,SD-->CZ,SD-->CZ,SD-->CZ,SD-->CZ,SD-->CZ,SD-->CZ,SD-->CZ,SD-->CZ,SD-->CZ,SD-->CZ,,,,,,,,,,,,,,,,,CZ-->SD,CZ-->SD,CZ-->SD,CZ-->SD,CZ-->SD,CZ-->SD,CZ-->SD,CZ-->SD,CZ-->SD,CZ-->SD,CZ-->SD,CZ-->SD,CZ-->SD,CZ-->SD,CZ-->SD,CZ-->SD,CZ-->SD,CZ-->SD,CZ-->SD
SR,SUR,Suriname,Paramaribo,Americas,South America,,SR-->CZ,SR-->CZ,SR-->CZ,SR-->CZ,SR-->CZ,SR-->CZ,SR-->CZ,SR-->CZ,SR-->CZ,SR-->CZ,SR-->CZ,SR-->CZ,SR-->CZ,SR-->CZ,SR-->CZ,SR-->CZ,SR-->CZ,SR-->CZ,SR-->CZ,,,,,,,,,,,,,,,,,CZ-->SR,CZ-->SR,CZ-->SR,CZ-->SR,CZ-->SR,CZ-->SR,CZ-->SR,CZ-->SR,CZ-->SR,CZ-->SR,CZ-->SR,CZ-->SR,CZ-->SR,CZ-->SR,CZ-->SR,CZ-->SR,CZ-->SR,CZ-->SR,CZ-->SR
SJ,SJM,Svalbard and Jan Mayen,Longyearbyen,Europe,Northern Europe,,SJ-->CZ,SJ-->CZ,SJ-->CZ,SJ-->CZ,SJ-->CZ,SJ-->CZ,SJ-->CZ,SJ-->CZ,SJ-->CZ,SJ-->CZ,SJ-->CZ,SJ-->CZ,SJ-->CZ,SJ-->CZ,SJ-->CZ,SJ-->CZ,SJ-->CZ,SJ-->CZ,SJ-->CZ,,,,,,,,,,,,,,,,,CZ-->SJ,CZ-->SJ,CZ-->SJ,CZ-->SJ,CZ-->SJ,CZ-->SJ,CZ-->SJ,CZ-->SJ,CZ-->SJ,CZ-->SJ,CZ-->SJ,CZ-->SJ,CZ-->SJ,CZ-->SJ,CZ-->SJ,CZ-->SJ,CZ-->SJ,CZ-->SJ,CZ-->SJ
SZ,SWZ,Swaziland,Lobamba,Africa,Southern Africa,,SZ-->CZ,SZ-->CZ,SZ-->CZ,SZ-->CZ,SZ-->CZ,SZ-->CZ,SZ-->CZ,SZ-->CZ,SZ-->CZ,SZ-->CZ,SZ-->CZ,SZ-->CZ,SZ-->CZ,SZ-->CZ,SZ-->CZ,SZ-->CZ,SZ-->CZ,SZ-->CZ,SZ-->CZ,,,,,,,,,,,,,,,,,CZ-->SZ,CZ-->SZ,CZ-->SZ,CZ-->SZ,CZ-->SZ,CZ-->SZ,CZ-->SZ,CZ-->SZ,CZ-->SZ,CZ-->SZ,CZ-->SZ,CZ-->SZ,CZ-->SZ,CZ-->SZ,CZ-->SZ,CZ-->SZ,CZ-->SZ,CZ-->SZ,CZ-->SZ
SE,SWE,Sweden,Stockholm,Europe,Northern Europe,,SE-->CZ,SE-->CZ,SE-->CZ,SE-->CZ,SE-->CZ,SE-->CZ,SE-->CZ,SE-->CZ,SE-->CZ,SE-->CZ,SE-->CZ,SE-->CZ,SE-->CZ,SE-->CZ,SE-->CZ,SE-->CZ,SE-->CZ,SE-->CZ,SE-->CZ,,,,,,,,,,,,,,,,,CZ-->SE,CZ-->SE,CZ-->SE,CZ-->SE,CZ-->SE,CZ-->SE,CZ-->SE,CZ-->SE,CZ-->SE,CZ-->SE,CZ-->SE,CZ-->SE,CZ-->SE,CZ-->SE,CZ-->SE,CZ-->SE,CZ-->SE,CZ-->SE,CZ-->SE
CH,CHE,Switzerland,Bern,Europe,Western Europe,,CH-->CZ,CH-->CZ,CH-->CZ,CH-->CZ,CH-->CZ,CH-->CZ,CH-->CZ,CH-->CZ,CH-->CZ,CH-->CZ,CH-->CZ,CH-->CZ,CH-->CZ,CH-->CZ,CH-->CZ,CH-->CZ,CH-->CZ,CH-->CZ,CH-->CZ,,,,,,,,,,,,,,,,,CZ-->CH,CZ-->CH,CZ-->CH,CZ-->CH,CZ-->CH,CZ-->CH,CZ-->CH,CZ-->CH,CZ-->CH,CZ-->CH,CZ-->CH,CZ-->CH,CZ-->CH,CZ-->CH,CZ-->CH,CZ-->CH,CZ-->CH,CZ-->CH,CZ-->CH
SY,SYR,Syria,Damascus,Asia,Western Asia,,SY-->CZ,SY-->CZ,SY-->CZ,SY-->CZ,SY-->CZ,SY-->CZ,SY-->CZ,SY-->CZ,SY-->CZ,SY-->CZ,SY-->CZ,SY-->CZ,SY-->CZ,SY-->CZ,SY-->CZ,SY-->CZ,SY-->CZ,SY-->CZ,SY-->CZ,,,,,,,,,,,,,,,,,CZ-->SY,CZ-->SY,CZ-->SY,CZ-->SY,CZ-->SY,CZ-->SY,CZ-->SY,CZ-->SY,CZ-->SY,CZ-->SY,CZ-->SY,CZ-->SY,CZ-->SY,CZ-->SY,CZ-->SY,CZ-->SY,CZ-->SY,CZ-->SY,CZ-->SY
TW,TWN,Taiwan,Taipei,Asia,Eastern Asia,,TW-->CZ,TW-->CZ,TW-->CZ,TW-->CZ,TW-->CZ,TW-->CZ,TW-->CZ,TW-->CZ,TW-->CZ,TW-->CZ,TW-->CZ,TW-->CZ,TW-->CZ,TW-->CZ,TW-->CZ,TW-->CZ,TW-->CZ,TW-->CZ,TW-->CZ,,,,,,,,,,,,,,,,,CZ-->TW,CZ-->TW,CZ-->TW,CZ-->TW,CZ-->TW,CZ-->TW,CZ-->TW,CZ-->TW,CZ-->TW,CZ-->TW,CZ-->TW,CZ-->TW,CZ-->TW,CZ-->TW,CZ-->TW,CZ-->TW,CZ-->TW,CZ-->TW,CZ-->TW
TJ,TJK,Tajikistan,Dushanbe,Asia,Central Asia,,TJ-->CZ,TJ-->CZ,TJ-->CZ,TJ-->CZ,TJ-->CZ,TJ-->CZ,TJ-->CZ,TJ-->CZ,TJ-->CZ,TJ-->CZ,TJ-->CZ,TJ-->CZ,TJ-->CZ,TJ-->CZ,TJ-->CZ,TJ-->CZ,TJ-->CZ,TJ-->CZ,TJ-->CZ,,,,,,,,,,,,,,,,,CZ-->TJ,CZ-->TJ,CZ-->TJ,CZ-->TJ,CZ-->TJ,CZ-->TJ,CZ-->TJ,CZ-->TJ,CZ-->TJ,CZ-->TJ,CZ-->TJ,CZ-->TJ,CZ-->TJ,CZ-->TJ,CZ-->TJ,CZ-->TJ,CZ-->TJ,CZ-->TJ,CZ-->TJ
TZ,TZA,Tanzania,Dodoma,Africa,Eastern Africa,,TZ-->CZ,TZ-->CZ,TZ-->CZ,TZ-->CZ,TZ-->CZ,TZ-->CZ,TZ-->CZ,TZ-->CZ,TZ-->CZ,TZ-->CZ,TZ-->CZ,TZ-->CZ,TZ-->CZ,TZ-->CZ,TZ-->CZ,TZ-->CZ,TZ-->CZ,TZ-->CZ,TZ-->CZ,,,,,,,,,,,,,,,,,CZ-->TZ,CZ-->TZ,CZ-->TZ,CZ-->TZ,CZ-->TZ,CZ-->TZ,CZ-->TZ,CZ-->TZ,CZ-->TZ,CZ-->TZ,CZ-->TZ,CZ-->TZ,CZ-->TZ,CZ-->TZ,CZ-->TZ,CZ-->TZ,CZ-->TZ,CZ-->TZ,CZ-->TZ
TH,THA,Thailand,Bangkok,Asia,South-Eastern Asia,,TH-->CZ,TH-->CZ,TH-->CZ,TH-->CZ,TH-->CZ,TH-->CZ,TH-->CZ,TH-->CZ,TH-->CZ,TH-->CZ,TH-->CZ,TH-->CZ,TH-->CZ,TH-->CZ,TH-->CZ,TH-->CZ,TH-->CZ,TH-->CZ,TH-->CZ,,,,,,,,,,,,,,,,,CZ-->TH,CZ-->TH,CZ-->TH,CZ-->TH,CZ-->TH,CZ-->TH,CZ-->TH,CZ-->TH,CZ-->TH,CZ-->TH,CZ-->TH,CZ-->TH,CZ-->TH,CZ-->TH,CZ-->TH,CZ-->TH,CZ-->TH,CZ-->TH,CZ-->TH
TL,TLS,East Timor,Dili,Asia,South-Eastern Asia,,TL-->CZ,TL-->CZ,TL-->CZ,TL-->CZ,TL-->CZ,TL-->CZ,TL-->CZ,TL-->CZ,TL-->CZ,TL-->CZ,TL-->CZ,TL-->CZ,TL-->CZ,TL-->CZ,TL-->CZ,TL-->CZ,TL-->CZ,TL-->CZ,TL-->CZ,,,,,,,,,,,,,,,,,CZ-->TL,CZ-->TL,CZ-->TL,CZ-->TL,CZ-->TL,CZ-->TL,CZ-->TL,CZ-->TL,CZ-->TL,CZ-->TL,CZ-->TL,CZ-->TL,CZ-->TL,CZ-->TL,CZ-->TL,CZ-->TL,CZ-->TL,CZ-->TL,CZ-->TL
TG,TGO,Togo,Lomé,Africa,Western Africa,,TG-->CZ,TG-->CZ,TG-->CZ,TG-->CZ,TG-->CZ,TG-->CZ,TG-->CZ,TG-->CZ,TG-->CZ,TG-->CZ,TG-->CZ,TG-->CZ,TG-->CZ,TG-->CZ,TG-->CZ,TG-->CZ,TG-->CZ,TG-->CZ,TG-->CZ,,,,,,,,,,,,,,,,,CZ-->TG,CZ-->TG,CZ-->TG,CZ-->TG,CZ-->TG,CZ-->TG,CZ-->TG,CZ-->TG,CZ-->TG,CZ-->TG,CZ-->TG,CZ-->TG,CZ-->TG,CZ-->TG,CZ-->TG,CZ-->TG,CZ-->TG,CZ-->TG,CZ-->TG
TK,TKL,Tokelau,Fakaofo,Oceania,Polynesia,,TK-->CZ,TK-->CZ,TK-->CZ,TK-->CZ,TK-->CZ,TK-->CZ,TK-->CZ,TK-->CZ,TK-->CZ,TK-->CZ,TK-->CZ,TK-->CZ,TK-->CZ,TK-->CZ,TK-->CZ,TK-->CZ,TK-->CZ,TK-->CZ,TK-->CZ,,,,,,,,,,,,,,,,,CZ-->TK,CZ-->TK,CZ-->TK,CZ-->TK,CZ-->TK,CZ-->TK,CZ-->TK,CZ-->TK,CZ-->TK,CZ-->TK,CZ-->TK,CZ-->TK,CZ-->TK,CZ-->TK,CZ-->TK,CZ-->TK,CZ-->TK,CZ-->TK,CZ-->TK
TO,TON,Tonga,Nuku'alofa,Oceania,Polynesia,,TO-->CZ,TO-->CZ,TO-->CZ,TO-->CZ,TO-->CZ,TO-->CZ,TO-->CZ,TO-->CZ,TO-->CZ,TO-->CZ,TO-->CZ,TO-->CZ,TO-->CZ,TO-->CZ,TO-->CZ,TO-->CZ,TO-->CZ,TO-->CZ,TO-->CZ,,,,,,,,,,,,,,,,,CZ-->TO,CZ-->TO,CZ-->TO,CZ-->TO,CZ-->TO,CZ-->TO,CZ-->TO,CZ-->TO,CZ-->TO,CZ-->TO,CZ-->TO,CZ-->TO,CZ-->TO,CZ-->TO,CZ-->TO,CZ-->TO,CZ-->TO,CZ-->TO,CZ-->TO
TT,TTO,Trinidad and Tobago,Port of Spain,Americas,Caribbean,,TT-->CZ,TT-->CZ,TT-->CZ,TT-->CZ,TT-->CZ,TT-->CZ,TT-->CZ,TT-->CZ,TT-->CZ,TT-->CZ,TT-->CZ,TT-->CZ,TT-->CZ,TT-->CZ,TT-->CZ,TT-->CZ,TT-->CZ,TT-->CZ,TT-->CZ,,,,,,,,,,,,,,,,,CZ-->TT,CZ-->TT,CZ-->TT,CZ-->TT,CZ-->TT,CZ-->TT,CZ-->TT,CZ-->TT,CZ-->TT,CZ-->TT,CZ-->TT,CZ-->TT,CZ-->TT,CZ-->TT,CZ-->TT,CZ-->TT,CZ-->TT,CZ-->TT,CZ-->TT
TN,TUN,Tunisia,Tunis,Africa,Northern Africa,,TN-->CZ,TN-->CZ,TN-->CZ,TN-->CZ,TN-->CZ,TN-->CZ,TN-->CZ,TN-->CZ,TN-->CZ,TN-->CZ,TN-->CZ,TN-->CZ,TN-->CZ,TN-->CZ,TN-->CZ,TN-->CZ,TN-->CZ,TN-->CZ,TN-->CZ,,,,,,,,,,,,,,,,,CZ-->TN,CZ-->TN,CZ-->TN,CZ-->TN,CZ-->TN,CZ-->TN,CZ-->TN,CZ-->TN,CZ-->TN,CZ-->TN,CZ-->TN,CZ-->TN,CZ-->TN,CZ-->TN,CZ-->TN,CZ-->TN,CZ-->TN,CZ-->TN,CZ-->TN
TR,TUR,Turkey,Ankara,Asia,Western Asia,,TR-->CZ,TR-->CZ,TR-->CZ,TR-->CZ,TR-->CZ,TR-->CZ,TR-->CZ,TR-->CZ,TR-->CZ,TR-->CZ,TR-->CZ,TR-->CZ,TR-->CZ,TR-->CZ,TR-->CZ,TR-->CZ,TR-->CZ,TR-->CZ,TR-->CZ,,,,,,,,,,,,,,,,,CZ-->TR,CZ-->TR,CZ-->TR,CZ-->TR,CZ-->TR,CZ-->TR,CZ-->TR,CZ-->TR,CZ-->TR,CZ-->TR,CZ-->TR,CZ-->TR,CZ-->TR,CZ-->TR,CZ-->TR,CZ-->TR,CZ-->TR,CZ-->TR,CZ-->TR
TM,TKM,Turkmenistan,Ashgabat,Asia,Central Asia,,TM-->CZ,TM-->CZ,TM-->CZ,TM-->CZ,TM-->CZ,TM-->CZ,TM-->CZ,TM-->CZ,TM-->CZ,TM-->CZ,TM-->CZ,TM-->CZ,TM-->CZ,TM-->CZ,TM-->CZ,TM-->CZ,TM-->CZ,TM-->CZ,TM-->CZ,,,,,,,,,,,,,,,,,CZ-->TM,CZ-->TM,CZ-->TM,CZ-->TM,CZ-->TM,CZ-->TM,CZ-->TM,CZ-->TM,CZ-->TM,CZ-->TM,CZ-->TM,CZ-->TM,CZ-->TM,CZ-->TM,CZ-->TM,CZ-->TM,CZ-->TM,CZ-->TM,CZ-->TM
TC,TCA,Turks and Caicos Islands,Cockburn Town,Americas,Caribbean,,TC-->CZ,TC-->CZ,TC-->CZ,TC-->CZ,TC-->CZ,TC-->CZ,TC-->CZ,TC-->CZ,TC-->CZ,TC-->CZ,TC-->CZ,TC-->CZ,TC-->CZ,TC-->CZ,TC-->CZ,TC-->CZ,TC-->CZ,TC-->CZ,TC-->CZ,,,,,,,,,,,,,,,,,CZ-->TC,CZ-->TC,CZ-->TC,CZ-->TC,CZ-->TC,CZ-->TC,CZ-->TC,CZ-->TC,CZ-->TC,CZ-->TC,CZ-->TC,CZ-->TC,CZ-->TC,CZ-->TC,CZ-->TC,CZ-->TC,CZ-->TC,CZ-->TC,CZ-->TC
TV,TUV,Tuvalu,Funafuti,Oceania,Polynesia,,TV-->CZ,TV-->CZ,TV-->CZ,TV-->CZ,TV-->CZ,TV-->CZ,TV-->CZ,TV-->CZ,TV-->CZ,TV-->CZ,TV-->CZ,TV-->CZ,TV-->CZ,TV-->CZ,TV-->CZ,TV-->CZ,TV-->CZ,TV-->CZ,TV-->CZ,,,,,,,,,,,,,,,,,CZ-->TV,CZ-->TV,CZ-->TV,CZ-->TV,CZ-->TV,CZ-->TV,CZ-->TV,CZ-->TV,CZ-->TV,CZ-->TV,CZ-->TV,CZ-->TV,CZ-->TV,CZ-->TV,CZ-->TV,CZ-->TV,CZ-->TV,CZ-->TV,CZ-->TV
UG,UGA,Uganda,Kampala,Africa,Eastern Africa,,UG-->CZ,UG-->CZ,UG-->CZ,UG-->CZ,UG-->CZ,UG-->CZ,UG-->CZ,UG-->CZ,UG-->CZ,UG-->CZ,UG-->CZ,UG-->CZ,UG-->CZ,UG-->CZ,UG-->CZ,UG-->CZ,UG-->CZ,UG-->CZ,UG-->CZ,,,,,,,,,,,,,,,,,CZ-->UG,CZ-->UG,CZ-->UG,CZ-->UG,CZ-->UG,CZ-->UG,CZ-->UG,CZ-->UG,CZ-->UG,CZ-->UG,CZ-->UG,CZ-->UG,CZ-->UG,CZ-->UG,CZ-->UG,CZ-->UG,CZ-->UG,CZ-->UG,CZ-->UG
UA,UKR,Ukraine,Kiev,Europe,Eastern Europe,,UA-->CZ,UA-->CZ,UA-->CZ,UA-->CZ,UA-->CZ,UA-->CZ,UA-->CZ,UA-->CZ,UA-->CZ,UA-->CZ,UA-->CZ,UA-->CZ,UA-->CZ,UA-->CZ,UA-->CZ,UA-->CZ,UA-->CZ,UA-->CZ,UA-->CZ,,,,,,,,,,,,,,,,,CZ-->UA,CZ-->UA,CZ-->UA,CZ-->UA,CZ-->UA,CZ-->UA,CZ-->UA,CZ-->UA,CZ-->UA,CZ-->UA,CZ-->UA,CZ-->UA,CZ-->UA,CZ-->UA,CZ-->UA,CZ-->UA,CZ-->UA,CZ-->UA,CZ-->UA
AE,ARE,United Arab Emirates,Abu Dhabi,Asia,Western Asia,,AE-->CZ,AE-->CZ,AE-->CZ,AE-->CZ,AE-->CZ,AE-->CZ,AE-->CZ,AE-->CZ,AE-->CZ,AE-->CZ,AE-->CZ,AE-->CZ,AE-->CZ,AE-->CZ,AE-->CZ,AE-->CZ,AE-->CZ,AE-->CZ,AE-->CZ,,,,,,,,,,,,,,,,,CZ-->AE,CZ-->AE,CZ-->AE,CZ-->AE,CZ-->AE,CZ-->AE,CZ-->AE,CZ-->AE,CZ-->AE,CZ-->AE,CZ-->AE,CZ-->AE,CZ-->AE,CZ-->AE,CZ-->AE,CZ-->AE,CZ-->AE,CZ-->AE,CZ-->AE
GB,GBR,United Kingdom,London,Europe,Northern Europe,,GB-->CZ,GB-->CZ,GB-->CZ,GB-->CZ,GB-->CZ,GB-->CZ,GB-->CZ,GB-->CZ,GB-->CZ,GB-->CZ,GB-->CZ,GB-->CZ,GB-->CZ,GB-->CZ,GB-->CZ,GB-->CZ,GB-->CZ,GB-->CZ,GB-->CZ,,,,,,,,,,,,,,,,,CZ-->GB,CZ-->GB,CZ-->GB,CZ-->GB,CZ-->GB,CZ-->GB,CZ-->GB,CZ-->GB,CZ-->GB,CZ-->GB,CZ-->GB,CZ-->GB,CZ-->GB,CZ-->GB,CZ-->GB,CZ-->GB,CZ-->GB,CZ-->GB,CZ-->GB
US,USA,United States,"Washington, D.C.",Americas,Northern America,,US-->CZ,US-->CZ,US-->CZ,US-->CZ,US-->CZ,US-->CZ,US-->CZ,US-->CZ,US-->CZ,US-->CZ,US-->CZ,US-->CZ,US-->CZ,US-->CZ,US-->CZ,US-->CZ,US-->CZ,US-->CZ,US-->CZ,,,,,,,,,,,,,,,,,CZ-->US,CZ-->US,CZ-->US,CZ-->US,CZ-->US,CZ-->US,CZ-->US,CZ-->US,CZ-->US,CZ-->US,CZ-->US,CZ-->US,CZ-->US,CZ-->US,CZ-->US,CZ-->US,CZ-->US,CZ-->US,CZ-->US
UY,URY,Uruguay,Montevideo,Americas,South America,,UY-->CZ,UY-->CZ,UY-->CZ,UY-->CZ,UY-->CZ,UY-->CZ,UY-->CZ,UY-->CZ,UY-->CZ,UY-->CZ,UY-->CZ,UY-->CZ,UY-->CZ,UY-->CZ,UY-->CZ,UY-->CZ,UY-->CZ,UY-->CZ,UY-->CZ,,,,,,,,,,,,,,,,,CZ-->UY,CZ-->UY,CZ-->UY,CZ-->UY,CZ-->UY,CZ-->UY,CZ-->UY,CZ-->UY,CZ-->UY,CZ-->UY,CZ-->UY,CZ-->UY,CZ-->UY,CZ-->UY,CZ-->UY,CZ-->UY,CZ-->UY,CZ-->UY,CZ-->UY
UZ,UZB,Uzbekistan,Tashkent,Asia,Central Asia,,UZ-->CZ,UZ-->CZ,UZ-->CZ,UZ-->CZ,UZ-->CZ,UZ-->CZ,UZ-->CZ,UZ-->CZ,UZ-->CZ,UZ-->CZ,UZ-->CZ,UZ-->CZ,UZ-->CZ,UZ-->CZ,UZ-->CZ,UZ-->CZ,UZ-->CZ,UZ-->CZ,UZ-->CZ,,,,,,,,,,,,,,,,,CZ-->UZ,CZ-->UZ,CZ-->UZ,CZ-->UZ,CZ-->UZ,CZ-->UZ,CZ-->UZ,CZ-->UZ,CZ-->UZ,CZ-->UZ,CZ-->UZ,CZ-->UZ,CZ-->UZ,CZ-->UZ,CZ-->UZ,CZ-->UZ,CZ-->UZ,CZ-->UZ,CZ-->UZ
VU,VUT,Vanuatu,Port Vila,Oceania,Melanesia,,VU-->CZ,VU-->CZ,VU-->CZ,VU-->CZ,VU-->CZ,VU-->CZ,VU-->CZ,VU-->CZ,VU-->CZ,VU-->CZ,VU-->CZ,VU-->CZ,VU-->CZ,VU-->CZ,VU-->CZ,VU-->CZ,VU-->CZ,VU-->CZ,VU-->CZ,,,,,,,,,,,,,,,,,CZ-->VU,CZ-->VU,CZ-->VU,CZ-->VU,CZ-->VU,CZ-->VU,CZ-->VU,CZ-->VU,CZ-->VU,CZ-->VU,CZ-->VU,CZ-->VU,CZ-->VU,CZ-->VU,CZ-->VU,CZ-->VU,CZ-->VU,CZ-->VU,CZ-->VU
VE,VEN,Venezuela,Caracas,Americas,South America,,VE-->CZ,VE-->CZ,VE-->CZ,VE-->CZ,VE-->CZ,VE-->CZ,VE-->CZ,VE-->CZ,VE-->CZ,VE-->CZ,VE-->CZ,VE-->CZ,VE-->CZ,VE-->CZ,VE-->CZ,VE-->CZ,VE-->CZ,VE-->CZ,VE-->CZ,,,,,,,,,,,,,,,,,CZ-->VE,CZ-->VE,CZ-->VE,CZ-->VE,CZ-->VE,CZ-->VE,CZ-->VE,CZ-->VE,CZ-->VE,CZ-->VE,CZ-->VE,CZ-->VE,CZ-->VE,CZ-->VE,CZ-->VE,CZ-->VE,CZ-->VE,CZ-->VE,CZ-->VE
VN,VNM,Vietnam,Hanoi,Asia,South-Eastern Asia,,VN-->CZ,VN-->CZ,VN-->CZ,VN-->CZ,VN-->CZ,VN-->CZ,VN-->CZ,VN-->CZ,VN-->CZ,VN-->CZ,VN-->CZ,VN-->CZ,VN-->CZ,VN-->CZ,VN-->CZ,VN-->CZ,VN-->CZ,VN-->CZ,VN-->CZ,,,,,,,,,,,,,,,,,CZ-->VN,CZ-->VN,CZ-->VN,CZ-->VN,CZ-->VN,CZ-->VN,CZ-->VN,CZ-->VN,CZ-->VN,CZ-->VN,CZ-->VN,CZ-->VN,CZ-->VN,CZ-->VN,CZ-->VN,CZ-->VN,CZ-->VN,CZ-->VN,CZ-->VN
WF,WLF,Wallis and Futuna,Mata-Utu,Oceania,Polynesia,,WF-->CZ,WF-->CZ,WF-->CZ,WF-->CZ,WF-->CZ,WF-->CZ,WF-->CZ,WF-->CZ,WF-->CZ,WF-->CZ,WF-->CZ,WF-->CZ,WF-->CZ,WF-->CZ,WF-->CZ,WF-->CZ,WF-->CZ,WF-->CZ,WF-->CZ,,,,,,,,,,,,,,,,,CZ-->WF,CZ-->WF,CZ-->WF,CZ-->WF,CZ-->WF,CZ-->WF,CZ-->WF,CZ-->WF,CZ-->WF,CZ-->WF,CZ-->WF,CZ-->WF,CZ-->WF,CZ-->WF,CZ-->WF,CZ-->WF,CZ-->WF,CZ-->WF,CZ-->WF
EH,ESH,Western Sahara,El Aaiún,Africa,Northern Africa,,EH-->CZ,EH-->CZ,EH-->CZ,EH-->CZ,EH-->CZ,EH-->CZ,EH-->CZ,EH-->CZ,EH-->CZ,EH-->CZ,EH-->CZ,EH-->CZ,EH-->CZ,EH-->CZ,EH-->CZ,EH-->CZ,EH-->CZ,EH-->CZ,EH-->CZ,,,,,,,,,,,,,,,,,CZ-->EH,CZ-->EH,CZ-->EH,CZ-->EH,CZ-->EH,CZ-->EH,CZ-->EH,CZ-->EH,CZ-->EH,CZ-->EH,CZ-->EH,CZ-->EH,CZ-->EH,CZ-->EH,CZ-->EH,CZ-->EH,CZ-->EH,CZ-->EH,CZ-->EH
YE,YEM,Yemen,Sana'a,Asia,Western Asia,,YE-->CZ,YE-->CZ,YE-->CZ,YE-->CZ,YE-->CZ,YE-->CZ,YE-->CZ,YE-->CZ,YE-->CZ,YE-->CZ,YE-->CZ,YE-->CZ,YE-->CZ,YE-->CZ,YE-->CZ,YE-->CZ,YE-->CZ,YE-->CZ,YE-->CZ,,,,,,,,,,,,,,,,,CZ-->YE,CZ-->YE,CZ-->YE,CZ-->YE,CZ-->YE,CZ-->YE,CZ-->YE,CZ-->YE,CZ-->YE,CZ-->YE,CZ-->YE,CZ-->YE,CZ-->YE,CZ-->YE,CZ-->YE,CZ-->YE,CZ-->YE,CZ-->YE,CZ-->YE
ZM,ZMB,Zambia,Lusaka,Africa,Eastern Africa,,ZM-->CZ,ZM-->CZ,ZM-->CZ,ZM-->CZ,ZM-->CZ,ZM-->CZ,ZM-->CZ,ZM-->CZ,ZM-->CZ,ZM-->CZ,ZM-->CZ,ZM-->CZ,ZM-->CZ,ZM-->CZ,ZM-->CZ,ZM-->CZ,ZM-->CZ,ZM-->CZ,ZM-->CZ,,,,,,,,,,,,,,,,,CZ-->ZM,CZ-->ZM,CZ-->ZM,CZ-->ZM,CZ-->ZM,CZ-->ZM,CZ-->ZM,CZ-->ZM,CZ-->ZM,CZ-->ZM,CZ-->ZM,CZ-->ZM,CZ-->ZM,CZ-->ZM,CZ-->ZM,CZ-->ZM,CZ-->ZM,CZ-->ZM,CZ-->ZM
ZW,ZWE,Zimbabwe,Harare,Africa,Eastern Africa,,ZW-->CZ,ZW-->CZ,ZW-->CZ,ZW-->CZ,ZW-->CZ,ZW-->CZ,ZW-->CZ,ZW-->CZ,ZW-->CZ,ZW-->CZ,ZW-->CZ,ZW-->CZ,ZW-->CZ,ZW-->CZ,ZW-->CZ,ZW-->CZ,ZW-->CZ,ZW-->CZ,ZW-->CZ,,,,,,,,,,,,,,,,,CZ-->ZW,CZ-->ZW,CZ-->ZW,CZ-->ZW,CZ-->ZW,CZ-->ZW,CZ-->ZW,CZ-->ZW,CZ-->ZW,CZ-->ZW,CZ-->ZW,CZ-->ZW,CZ-->ZW,CZ-->ZW,CZ-->ZW,CZ-->ZW,CZ-->ZW,CZ-->ZW,CZ-->ZW
