nu,code,name,capital,region,subregion,Unnamed: 6,quara/into/where/e,quara/into/where/v,quara/into/where/uv,quara/into/min/e,quara/into/min/v,quara/into/min/uv,quara/into/max/e,quara/into/max/v,quara/into/max/uv,quara/into/comment,test/into/pcr/e,test/into/pcr/v,test/into/pcr/uv,test/into/ag/e,test/into/ag/v,test/into/ag/uv,test/into/comment,visa/into,visa/into/comment,loadStates/into,Unnamed: 27,Unnamed: 28,Unnamed: 29,Unnamed: 30,Unnamed: 31,Unnamed: 32,Unnamed: 33,Unnamed: 34,Unnamed: 35,Unnamed: 36,Unnamed: 37,Unnamed: 38,Unnamed: 39,Unnamed: 40,Unnamed: 41,quara/out/where/e,quara/out/where/v,quara/out/where/uv,quara/out/min/e,quara/out/min/v,quara/out/min/uv,quara/out/max/e,quara/out/max/v,quara/out/max/uv,quara/out/comment,test/out/pcr/e,test/out/pcr/v,test/out/pcr/uv,test/out/ag/e,test/out/ag/v,test/out/ag/uv,test/out/comment,visa/out,visa/out/comment
AF,AFG,Afghanistan,Kabul,Asia,Southern Asia,,AF-->DO,AF-->DO,AF-->DO,AF-->DO,AF-->DO,AF-->DO,AF-->DO,AF-->DO,AF-->DO,AF-->DO,AF-->DO,AF-->DO,AF-->DO,AF-->DO,AF-->DO,AF-->DO,AF-->DO,AF-->DO,AF-->DO,,,,,,,,,,,,,,,,,DO-->AF,DO-->AF,DO-->AF,DO-->AF,DO-->AF,DO-->AF,DO-->AF,DO-->AF,DO-->AF,DO-->AF,DO-->AF,DO-->AF,DO-->AF,DO-->AF,DO-->AF,DO-->AF,DO-->AF,DO-->AF,DO-->AF
AX,ALA,Åland Islands,Mariehamn,Europe,Northern Europe,,AX-->DO,AX-->DO,AX-->DO,AX-->DO,AX-->DO,AX-->DO,AX-->DO,AX-->DO,AX-->DO,AX-->DO,AX-->DO,AX-->DO,AX-->DO,AX-->DO,AX-->DO,AX-->DO,AX-->DO,AX-->DO,AX-->DO,,,,,,,,,,,,,,,,,DO-->AX,DO-->AX,DO-->AX,DO-->AX,DO-->AX,DO-->AX,DO-->AX,DO-->AX,DO-->AX,DO-->AX,DO-->AX,DO-->AX,DO-->AX,DO-->AX,DO-->AX,DO-->AX,DO-->AX,DO-->AX,DO-->AX
AL,ALB,Albania,Tirana,Europe,Southern Europe,,AL-->DO,AL-->DO,AL-->DO,AL-->DO,AL-->DO,AL-->DO,AL-->DO,AL-->DO,AL-->DO,AL-->DO,AL-->DO,AL-->DO,AL-->DO,AL-->DO,AL-->DO,AL-->DO,AL-->DO,AL-->DO,AL-->DO,,,,,,,,,,,,,,,,,DO-->AL,DO-->AL,DO-->AL,DO-->AL,DO-->AL,DO-->AL,DO-->AL,DO-->AL,DO-->AL,DO-->AL,DO-->AL,DO-->AL,DO-->AL,DO-->AL,DO-->AL,DO-->AL,DO-->AL,DO-->AL,DO-->AL
DZ,DZA,Algeria,Algiers,Africa,Northern Africa,,DZ-->DO,DZ-->DO,DZ-->DO,DZ-->DO,DZ-->DO,DZ-->DO,DZ-->DO,DZ-->DO,DZ-->DO,DZ-->DO,DZ-->DO,DZ-->DO,DZ-->DO,DZ-->DO,DZ-->DO,DZ-->DO,DZ-->DO,DZ-->DO,DZ-->DO,,,,,,,,,,,,,,,,,DO-->DZ,DO-->DZ,DO-->DZ,DO-->DZ,DO-->DZ,DO-->DZ,DO-->DZ,DO-->DZ,DO-->DZ,DO-->DZ,DO-->DZ,DO-->DZ,DO-->DZ,DO-->DZ,DO-->DZ,DO-->DZ,DO-->DZ,DO-->DZ,DO-->DZ
AS,ASM,American Samoa,Pago Pago,Oceania,Polynesia,,AS-->DO,AS-->DO,AS-->DO,AS-->DO,AS-->DO,AS-->DO,AS-->DO,AS-->DO,AS-->DO,AS-->DO,AS-->DO,AS-->DO,AS-->DO,AS-->DO,AS-->DO,AS-->DO,AS-->DO,AS-->DO,AS-->DO,,,,,,,,,,,,,,,,,DO-->AS,DO-->AS,DO-->AS,DO-->AS,DO-->AS,DO-->AS,DO-->AS,DO-->AS,DO-->AS,DO-->AS,DO-->AS,DO-->AS,DO-->AS,DO-->AS,DO-->AS,DO-->AS,DO-->AS,DO-->AS,DO-->AS
AD,AND,Andorra,Andorra la Vella,Europe,Southern Europe,,AD-->DO,AD-->DO,AD-->DO,AD-->DO,AD-->DO,AD-->DO,AD-->DO,AD-->DO,AD-->DO,AD-->DO,AD-->DO,AD-->DO,AD-->DO,AD-->DO,AD-->DO,AD-->DO,AD-->DO,AD-->DO,AD-->DO,,,,,,,,,,,,,,,,,DO-->AD,DO-->AD,DO-->AD,DO-->AD,DO-->AD,DO-->AD,DO-->AD,DO-->AD,DO-->AD,DO-->AD,DO-->AD,DO-->AD,DO-->AD,DO-->AD,DO-->AD,DO-->AD,DO-->AD,DO-->AD,DO-->AD
AO,AGO,Angola,Luanda,Africa,Middle Africa,,AO-->DO,AO-->DO,AO-->DO,AO-->DO,AO-->DO,AO-->DO,AO-->DO,AO-->DO,AO-->DO,AO-->DO,AO-->DO,AO-->DO,AO-->DO,AO-->DO,AO-->DO,AO-->DO,AO-->DO,AO-->DO,AO-->DO,,,,,,,,,,,,,,,,,DO-->AO,DO-->AO,DO-->AO,DO-->AO,DO-->AO,DO-->AO,DO-->AO,DO-->AO,DO-->AO,DO-->AO,DO-->AO,DO-->AO,DO-->AO,DO-->AO,DO-->AO,DO-->AO,DO-->AO,DO-->AO,DO-->AO
AI,AIA,Anguilla,The Valley,Americas,Caribbean,,AI-->DO,AI-->DO,AI-->DO,AI-->DO,AI-->DO,AI-->DO,AI-->DO,AI-->DO,AI-->DO,AI-->DO,AI-->DO,AI-->DO,AI-->DO,AI-->DO,AI-->DO,AI-->DO,AI-->DO,AI-->DO,AI-->DO,,,,,,,,,,,,,,,,,DO-->AI,DO-->AI,DO-->AI,DO-->AI,DO-->AI,DO-->AI,DO-->AI,DO-->AI,DO-->AI,DO-->AI,DO-->AI,DO-->AI,DO-->AI,DO-->AI,DO-->AI,DO-->AI,DO-->AI,DO-->AI,DO-->AI
AQ,ATA,Antarctica,,Polar,,,AQ-->DO,AQ-->DO,AQ-->DO,AQ-->DO,AQ-->DO,AQ-->DO,AQ-->DO,AQ-->DO,AQ-->DO,AQ-->DO,AQ-->DO,AQ-->DO,AQ-->DO,AQ-->DO,AQ-->DO,AQ-->DO,AQ-->DO,AQ-->DO,AQ-->DO,,,,,,,,,,,,,,,,,DO-->AQ,DO-->AQ,DO-->AQ,DO-->AQ,DO-->AQ,DO-->AQ,DO-->AQ,DO-->AQ,DO-->AQ,DO-->AQ,DO-->AQ,DO-->AQ,DO-->AQ,DO-->AQ,DO-->AQ,DO-->AQ,DO-->AQ,DO-->AQ,DO-->AQ
AG,ATG,Antigua and Barbuda,Saint John's,Americas,Caribbean,,AG-->DO,AG-->DO,AG-->DO,AG-->DO,AG-->DO,AG-->DO,AG-->DO,AG-->DO,AG-->DO,AG-->DO,AG-->DO,AG-->DO,AG-->DO,AG-->DO,AG-->DO,AG-->DO,AG-->DO,AG-->DO,AG-->DO,,,,,,,,,,,,,,,,,DO-->AG,DO-->AG,DO-->AG,DO-->AG,DO-->AG,DO-->AG,DO-->AG,DO-->AG,DO-->AG,DO-->AG,DO-->AG,DO-->AG,DO-->AG,DO-->AG,DO-->AG,DO-->AG,DO-->AG,DO-->AG,DO-->AG
AR,ARG,Argentina,Buenos Aires,Americas,South America,,AR-->DO,AR-->DO,AR-->DO,AR-->DO,AR-->DO,AR-->DO,AR-->DO,AR-->DO,AR-->DO,AR-->DO,AR-->DO,AR-->DO,AR-->DO,AR-->DO,AR-->DO,AR-->DO,AR-->DO,AR-->DO,AR-->DO,,,,,,,,,,,,,,,,,DO-->AR,DO-->AR,DO-->AR,DO-->AR,DO-->AR,DO-->AR,DO-->AR,DO-->AR,DO-->AR,DO-->AR,DO-->AR,DO-->AR,DO-->AR,DO-->AR,DO-->AR,DO-->AR,DO-->AR,DO-->AR,DO-->AR
AM,ARM,Armenia,Yerevan,Asia,Western Asia,,AM-->DO,AM-->DO,AM-->DO,AM-->DO,AM-->DO,AM-->DO,AM-->DO,AM-->DO,AM-->DO,AM-->DO,AM-->DO,AM-->DO,AM-->DO,AM-->DO,AM-->DO,AM-->DO,AM-->DO,AM-->DO,AM-->DO,,,,,,,,,,,,,,,,,DO-->AM,DO-->AM,DO-->AM,DO-->AM,DO-->AM,DO-->AM,DO-->AM,DO-->AM,DO-->AM,DO-->AM,DO-->AM,DO-->AM,DO-->AM,DO-->AM,DO-->AM,DO-->AM,DO-->AM,DO-->AM,DO-->AM
AW,ABW,Aruba,Oranjestad,Americas,Caribbean,,AW-->DO,AW-->DO,AW-->DO,AW-->DO,AW-->DO,AW-->DO,AW-->DO,AW-->DO,AW-->DO,AW-->DO,AW-->DO,AW-->DO,AW-->DO,AW-->DO,AW-->DO,AW-->DO,AW-->DO,AW-->DO,AW-->DO,,,,,,,,,,,,,,,,,DO-->AW,DO-->AW,DO-->AW,DO-->AW,DO-->AW,DO-->AW,DO-->AW,DO-->AW,DO-->AW,DO-->AW,DO-->AW,DO-->AW,DO-->AW,DO-->AW,DO-->AW,DO-->AW,DO-->AW,DO-->AW,DO-->AW
AU,AUS,Australia,Canberra,Oceania,Australia and New Zealand,,AU-->DO,AU-->DO,AU-->DO,AU-->DO,AU-->DO,AU-->DO,AU-->DO,AU-->DO,AU-->DO,AU-->DO,AU-->DO,AU-->DO,AU-->DO,AU-->DO,AU-->DO,AU-->DO,AU-->DO,AU-->DO,AU-->DO,,,,,,,,,,,,,,,,,DO-->AU,DO-->AU,DO-->AU,DO-->AU,DO-->AU,DO-->AU,DO-->AU,DO-->AU,DO-->AU,DO-->AU,DO-->AU,DO-->AU,DO-->AU,DO-->AU,DO-->AU,DO-->AU,DO-->AU,DO-->AU,DO-->AU
AT,AUT,Austria,Vienna,Europe,Western Europe,,AT-->DO,AT-->DO,AT-->DO,AT-->DO,AT-->DO,AT-->DO,AT-->DO,AT-->DO,AT-->DO,AT-->DO,AT-->DO,AT-->DO,AT-->DO,AT-->DO,AT-->DO,AT-->DO,AT-->DO,AT-->DO,AT-->DO,,,,,,,,,,,,,,,,,DO-->AT,DO-->AT,DO-->AT,DO-->AT,DO-->AT,DO-->AT,DO-->AT,DO-->AT,DO-->AT,DO-->AT,DO-->AT,DO-->AT,DO-->AT,DO-->AT,DO-->AT,DO-->AT,DO-->AT,DO-->AT,DO-->AT
AZ,AZE,Azerbaijan,Baku,Asia,Western Asia,,AZ-->DO,AZ-->DO,AZ-->DO,AZ-->DO,AZ-->DO,AZ-->DO,AZ-->DO,AZ-->DO,AZ-->DO,AZ-->DO,AZ-->DO,AZ-->DO,AZ-->DO,AZ-->DO,AZ-->DO,AZ-->DO,AZ-->DO,AZ-->DO,AZ-->DO,,,,,,,,,,,,,,,,,DO-->AZ,DO-->AZ,DO-->AZ,DO-->AZ,DO-->AZ,DO-->AZ,DO-->AZ,DO-->AZ,DO-->AZ,DO-->AZ,DO-->AZ,DO-->AZ,DO-->AZ,DO-->AZ,DO-->AZ,DO-->AZ,DO-->AZ,DO-->AZ,DO-->AZ
BS,BHS,The Bahamas,Nassau,Americas,Caribbean,,BS-->DO,BS-->DO,BS-->DO,BS-->DO,BS-->DO,BS-->DO,BS-->DO,BS-->DO,BS-->DO,BS-->DO,BS-->DO,BS-->DO,BS-->DO,BS-->DO,BS-->DO,BS-->DO,BS-->DO,BS-->DO,BS-->DO,,,,,,,,,,,,,,,,,DO-->BS,DO-->BS,DO-->BS,DO-->BS,DO-->BS,DO-->BS,DO-->BS,DO-->BS,DO-->BS,DO-->BS,DO-->BS,DO-->BS,DO-->BS,DO-->BS,DO-->BS,DO-->BS,DO-->BS,DO-->BS,DO-->BS
BH,BHR,Bahrain,Manama,Asia,Western Asia,,BH-->DO,BH-->DO,BH-->DO,BH-->DO,BH-->DO,BH-->DO,BH-->DO,BH-->DO,BH-->DO,BH-->DO,BH-->DO,BH-->DO,BH-->DO,BH-->DO,BH-->DO,BH-->DO,BH-->DO,BH-->DO,BH-->DO,,,,,,,,,,,,,,,,,DO-->BH,DO-->BH,DO-->BH,DO-->BH,DO-->BH,DO-->BH,DO-->BH,DO-->BH,DO-->BH,DO-->BH,DO-->BH,DO-->BH,DO-->BH,DO-->BH,DO-->BH,DO-->BH,DO-->BH,DO-->BH,DO-->BH
BD,BGD,Bangladesh,Dhaka,Asia,Southern Asia,,BD-->DO,BD-->DO,BD-->DO,BD-->DO,BD-->DO,BD-->DO,BD-->DO,BD-->DO,BD-->DO,BD-->DO,BD-->DO,BD-->DO,BD-->DO,BD-->DO,BD-->DO,BD-->DO,BD-->DO,BD-->DO,BD-->DO,,,,,,,,,,,,,,,,,DO-->BD,DO-->BD,DO-->BD,DO-->BD,DO-->BD,DO-->BD,DO-->BD,DO-->BD,DO-->BD,DO-->BD,DO-->BD,DO-->BD,DO-->BD,DO-->BD,DO-->BD,DO-->BD,DO-->BD,DO-->BD,DO-->BD
BB,BRB,Barbados,Bridgetown,Americas,Caribbean,,BB-->DO,BB-->DO,BB-->DO,BB-->DO,BB-->DO,BB-->DO,BB-->DO,BB-->DO,BB-->DO,BB-->DO,BB-->DO,BB-->DO,BB-->DO,BB-->DO,BB-->DO,BB-->DO,BB-->DO,BB-->DO,BB-->DO,,,,,,,,,,,,,,,,,DO-->BB,DO-->BB,DO-->BB,DO-->BB,DO-->BB,DO-->BB,DO-->BB,DO-->BB,DO-->BB,DO-->BB,DO-->BB,DO-->BB,DO-->BB,DO-->BB,DO-->BB,DO-->BB,DO-->BB,DO-->BB,DO-->BB
BY,BLR,Belarus,Minsk,Europe,Eastern Europe,,BY-->DO,BY-->DO,BY-->DO,BY-->DO,BY-->DO,BY-->DO,BY-->DO,BY-->DO,BY-->DO,BY-->DO,BY-->DO,BY-->DO,BY-->DO,BY-->DO,BY-->DO,BY-->DO,BY-->DO,BY-->DO,BY-->DO,,,,,,,,,,,,,,,,,DO-->BY,DO-->BY,DO-->BY,DO-->BY,DO-->BY,DO-->BY,DO-->BY,DO-->BY,DO-->BY,DO-->BY,DO-->BY,DO-->BY,DO-->BY,DO-->BY,DO-->BY,DO-->BY,DO-->BY,DO-->BY,DO-->BY
BE,BEL,Belgium,Brussels,Europe,Western Europe,,BE-->DO,BE-->DO,BE-->DO,BE-->DO,BE-->DO,BE-->DO,BE-->DO,BE-->DO,BE-->DO,BE-->DO,BE-->DO,BE-->DO,BE-->DO,BE-->DO,BE-->DO,BE-->DO,BE-->DO,BE-->DO,BE-->DO,,,,,,,,,,,,,,,,,DO-->BE,DO-->BE,DO-->BE,DO-->BE,DO-->BE,DO-->BE,DO-->BE,DO-->BE,DO-->BE,DO-->BE,DO-->BE,DO-->BE,DO-->BE,DO-->BE,DO-->BE,DO-->BE,DO-->BE,DO-->BE,DO-->BE
BZ,BLZ,Belize,Belmopan,Americas,Central America,,BZ-->DO,BZ-->DO,BZ-->DO,BZ-->DO,BZ-->DO,BZ-->DO,BZ-->DO,BZ-->DO,BZ-->DO,BZ-->DO,BZ-->DO,BZ-->DO,BZ-->DO,BZ-->DO,BZ-->DO,BZ-->DO,BZ-->DO,BZ-->DO,BZ-->DO,,,,,,,,,,,,,,,,,DO-->BZ,DO-->BZ,DO-->BZ,DO-->BZ,DO-->BZ,DO-->BZ,DO-->BZ,DO-->BZ,DO-->BZ,DO-->BZ,DO-->BZ,DO-->BZ,DO-->BZ,DO-->BZ,DO-->BZ,DO-->BZ,DO-->BZ,DO-->BZ,DO-->BZ
BJ,BEN,Benin,Porto-Novo,Africa,Western Africa,,BJ-->DO,BJ-->DO,BJ-->DO,BJ-->DO,BJ-->DO,BJ-->DO,BJ-->DO,BJ-->DO,BJ-->DO,BJ-->DO,BJ-->DO,BJ-->DO,BJ-->DO,BJ-->DO,BJ-->DO,BJ-->DO,BJ-->DO,BJ-->DO,BJ-->DO,,,,,,,,,,,,,,,,,DO-->BJ,DO-->BJ,DO-->BJ,DO-->BJ,DO-->BJ,DO-->BJ,DO-->BJ,DO-->BJ,DO-->BJ,DO-->BJ,DO-->BJ,DO-->BJ,DO-->BJ,DO-->BJ,DO-->BJ,DO-->BJ,DO-->BJ,DO-->BJ,DO-->BJ
BM,BMU,Bermuda,Hamilton,Americas,Northern America,,BM-->DO,BM-->DO,BM-->DO,BM-->DO,BM-->DO,BM-->DO,BM-->DO,BM-->DO,BM-->DO,BM-->DO,BM-->DO,BM-->DO,BM-->DO,BM-->DO,BM-->DO,BM-->DO,BM-->DO,BM-->DO,BM-->DO,,,,,,,,,,,,,,,,,DO-->BM,DO-->BM,DO-->BM,DO-->BM,DO-->BM,DO-->BM,DO-->BM,DO-->BM,DO-->BM,DO-->BM,DO-->BM,DO-->BM,DO-->BM,DO-->BM,DO-->BM,DO-->BM,DO-->BM,DO-->BM,DO-->BM
BT,BTN,Bhutan,Thimphu,Asia,Southern Asia,,BT-->DO,BT-->DO,BT-->DO,BT-->DO,BT-->DO,BT-->DO,BT-->DO,BT-->DO,BT-->DO,BT-->DO,BT-->DO,BT-->DO,BT-->DO,BT-->DO,BT-->DO,BT-->DO,BT-->DO,BT-->DO,BT-->DO,,,,,,,,,,,,,,,,,DO-->BT,DO-->BT,DO-->BT,DO-->BT,DO-->BT,DO-->BT,DO-->BT,DO-->BT,DO-->BT,DO-->BT,DO-->BT,DO-->BT,DO-->BT,DO-->BT,DO-->BT,DO-->BT,DO-->BT,DO-->BT,DO-->BT
BO,BOL,Bolivia,Sucre,Americas,South America,,BO-->DO,BO-->DO,BO-->DO,BO-->DO,BO-->DO,BO-->DO,BO-->DO,BO-->DO,BO-->DO,BO-->DO,BO-->DO,BO-->DO,BO-->DO,BO-->DO,BO-->DO,BO-->DO,BO-->DO,BO-->DO,BO-->DO,,,,,,,,,,,,,,,,,DO-->BO,DO-->BO,DO-->BO,DO-->BO,DO-->BO,DO-->BO,DO-->BO,DO-->BO,DO-->BO,DO-->BO,DO-->BO,DO-->BO,DO-->BO,DO-->BO,DO-->BO,DO-->BO,DO-->BO,DO-->BO,DO-->BO
BQ,BES,Bonaire,Kralendijk,Americas,Caribbean,,BQ-->DO,BQ-->DO,BQ-->DO,BQ-->DO,BQ-->DO,BQ-->DO,BQ-->DO,BQ-->DO,BQ-->DO,BQ-->DO,BQ-->DO,BQ-->DO,BQ-->DO,BQ-->DO,BQ-->DO,BQ-->DO,BQ-->DO,BQ-->DO,BQ-->DO,,,,,,,,,,,,,,,,,DO-->BQ,DO-->BQ,DO-->BQ,DO-->BQ,DO-->BQ,DO-->BQ,DO-->BQ,DO-->BQ,DO-->BQ,DO-->BQ,DO-->BQ,DO-->BQ,DO-->BQ,DO-->BQ,DO-->BQ,DO-->BQ,DO-->BQ,DO-->BQ,DO-->BQ
BA,BIH,Bosnia and Herzegovina,Sarajevo,Europe,Southern Europe,,BA-->DO,BA-->DO,BA-->DO,BA-->DO,BA-->DO,BA-->DO,BA-->DO,BA-->DO,BA-->DO,BA-->DO,BA-->DO,BA-->DO,BA-->DO,BA-->DO,BA-->DO,BA-->DO,BA-->DO,BA-->DO,BA-->DO,,,,,,,,,,,,,,,,,DO-->BA,DO-->BA,DO-->BA,DO-->BA,DO-->BA,DO-->BA,DO-->BA,DO-->BA,DO-->BA,DO-->BA,DO-->BA,DO-->BA,DO-->BA,DO-->BA,DO-->BA,DO-->BA,DO-->BA,DO-->BA,DO-->BA
BW,BWA,Botswana,Gaborone,Africa,Southern Africa,,BW-->DO,BW-->DO,BW-->DO,BW-->DO,BW-->DO,BW-->DO,BW-->DO,BW-->DO,BW-->DO,BW-->DO,BW-->DO,BW-->DO,BW-->DO,BW-->DO,BW-->DO,BW-->DO,BW-->DO,BW-->DO,BW-->DO,,,,,,,,,,,,,,,,,DO-->BW,DO-->BW,DO-->BW,DO-->BW,DO-->BW,DO-->BW,DO-->BW,DO-->BW,DO-->BW,DO-->BW,DO-->BW,DO-->BW,DO-->BW,DO-->BW,DO-->BW,DO-->BW,DO-->BW,DO-->BW,DO-->BW
BV,BVT,Bouvet Island,,,,,BV-->DO,BV-->DO,BV-->DO,BV-->DO,BV-->DO,BV-->DO,BV-->DO,BV-->DO,BV-->DO,BV-->DO,BV-->DO,BV-->DO,BV-->DO,BV-->DO,BV-->DO,BV-->DO,BV-->DO,BV-->DO,BV-->DO,,,,,,,,,,,,,,,,,DO-->BV,DO-->BV,DO-->BV,DO-->BV,DO-->BV,DO-->BV,DO-->BV,DO-->BV,DO-->BV,DO-->BV,DO-->BV,DO-->BV,DO-->BV,DO-->BV,DO-->BV,DO-->BV,DO-->BV,DO-->BV,DO-->BV
BR,BRA,Brazil,Brasília,Americas,South America,,BR-->DO,BR-->DO,BR-->DO,BR-->DO,BR-->DO,BR-->DO,BR-->DO,BR-->DO,BR-->DO,BR-->DO,BR-->DO,BR-->DO,BR-->DO,BR-->DO,BR-->DO,BR-->DO,BR-->DO,BR-->DO,BR-->DO,,,,,,,,,,,,,,,,,DO-->BR,DO-->BR,DO-->BR,DO-->BR,DO-->BR,DO-->BR,DO-->BR,DO-->BR,DO-->BR,DO-->BR,DO-->BR,DO-->BR,DO-->BR,DO-->BR,DO-->BR,DO-->BR,DO-->BR,DO-->BR,DO-->BR
IO,IOT,British Indian Ocean Territory,Diego Garcia,Africa,Eastern Africa,,IO-->DO,IO-->DO,IO-->DO,IO-->DO,IO-->DO,IO-->DO,IO-->DO,IO-->DO,IO-->DO,IO-->DO,IO-->DO,IO-->DO,IO-->DO,IO-->DO,IO-->DO,IO-->DO,IO-->DO,IO-->DO,IO-->DO,,,,,,,,,,,,,,,,,DO-->IO,DO-->IO,DO-->IO,DO-->IO,DO-->IO,DO-->IO,DO-->IO,DO-->IO,DO-->IO,DO-->IO,DO-->IO,DO-->IO,DO-->IO,DO-->IO,DO-->IO,DO-->IO,DO-->IO,DO-->IO,DO-->IO
UM,UMI,United States Minor Outlying Islands,,Americas,Northern America,,UM-->DO,UM-->DO,UM-->DO,UM-->DO,UM-->DO,UM-->DO,UM-->DO,UM-->DO,UM-->DO,UM-->DO,UM-->DO,UM-->DO,UM-->DO,UM-->DO,UM-->DO,UM-->DO,UM-->DO,UM-->DO,UM-->DO,,,,,,,,,,,,,,,,,DO-->UM,DO-->UM,DO-->UM,DO-->UM,DO-->UM,DO-->UM,DO-->UM,DO-->UM,DO-->UM,DO-->UM,DO-->UM,DO-->UM,DO-->UM,DO-->UM,DO-->UM,DO-->UM,DO-->UM,DO-->UM,DO-->UM
VG,VGB,Virgin Islands (British),Road Town,Americas,Caribbean,,VG-->DO,VG-->DO,VG-->DO,VG-->DO,VG-->DO,VG-->DO,VG-->DO,VG-->DO,VG-->DO,VG-->DO,VG-->DO,VG-->DO,VG-->DO,VG-->DO,VG-->DO,VG-->DO,VG-->DO,VG-->DO,VG-->DO,,,,,,,,,,,,,,,,,DO-->VG,DO-->VG,DO-->VG,DO-->VG,DO-->VG,DO-->VG,DO-->VG,DO-->VG,DO-->VG,DO-->VG,DO-->VG,DO-->VG,DO-->VG,DO-->VG,DO-->VG,DO-->VG,DO-->VG,DO-->VG,DO-->VG
VI,VIR,Virgin Islands (U.S.),Charlotte Amalie,Americas,Caribbean,,VI-->DO,VI-->DO,VI-->DO,VI-->DO,VI-->DO,VI-->DO,VI-->DO,VI-->DO,VI-->DO,VI-->DO,VI-->DO,VI-->DO,VI-->DO,VI-->DO,VI-->DO,VI-->DO,VI-->DO,VI-->DO,VI-->DO,,,,,,,,,,,,,,,,,DO-->VI,DO-->VI,DO-->VI,DO-->VI,DO-->VI,DO-->VI,DO-->VI,DO-->VI,DO-->VI,DO-->VI,DO-->VI,DO-->VI,DO-->VI,DO-->VI,DO-->VI,DO-->VI,DO-->VI,DO-->VI,DO-->VI
BN,BRN,Brunei,Bandar Seri Begawan,Asia,South-Eastern Asia,,BN-->DO,BN-->DO,BN-->DO,BN-->DO,BN-->DO,BN-->DO,BN-->DO,BN-->DO,BN-->DO,BN-->DO,BN-->DO,BN-->DO,BN-->DO,BN-->DO,BN-->DO,BN-->DO,BN-->DO,BN-->DO,BN-->DO,,,,,,,,,,,,,,,,,DO-->BN,DO-->BN,DO-->BN,DO-->BN,DO-->BN,DO-->BN,DO-->BN,DO-->BN,DO-->BN,DO-->BN,DO-->BN,DO-->BN,DO-->BN,DO-->BN,DO-->BN,DO-->BN,DO-->BN,DO-->BN,DO-->BN
BG,BGR,Bulgaria,Sofia,Europe,Eastern Europe,,BG-->DO,BG-->DO,BG-->DO,BG-->DO,BG-->DO,BG-->DO,BG-->DO,BG-->DO,BG-->DO,BG-->DO,BG-->DO,BG-->DO,BG-->DO,BG-->DO,BG-->DO,BG-->DO,BG-->DO,BG-->DO,BG-->DO,,,,,,,,,,,,,,,,,DO-->BG,DO-->BG,DO-->BG,DO-->BG,DO-->BG,DO-->BG,DO-->BG,DO-->BG,DO-->BG,DO-->BG,DO-->BG,DO-->BG,DO-->BG,DO-->BG,DO-->BG,DO-->BG,DO-->BG,DO-->BG,DO-->BG
BF,BFA,Burkina Faso,Ouagadougou,Africa,Western Africa,,BF-->DO,BF-->DO,BF-->DO,BF-->DO,BF-->DO,BF-->DO,BF-->DO,BF-->DO,BF-->DO,BF-->DO,BF-->DO,BF-->DO,BF-->DO,BF-->DO,BF-->DO,BF-->DO,BF-->DO,BF-->DO,BF-->DO,,,,,,,,,,,,,,,,,DO-->BF,DO-->BF,DO-->BF,DO-->BF,DO-->BF,DO-->BF,DO-->BF,DO-->BF,DO-->BF,DO-->BF,DO-->BF,DO-->BF,DO-->BF,DO-->BF,DO-->BF,DO-->BF,DO-->BF,DO-->BF,DO-->BF
BI,BDI,Burundi,Bujumbura,Africa,Eastern Africa,,BI-->DO,BI-->DO,BI-->DO,BI-->DO,BI-->DO,BI-->DO,BI-->DO,BI-->DO,BI-->DO,BI-->DO,BI-->DO,BI-->DO,BI-->DO,BI-->DO,BI-->DO,BI-->DO,BI-->DO,BI-->DO,BI-->DO,,,,,,,,,,,,,,,,,DO-->BI,DO-->BI,DO-->BI,DO-->BI,DO-->BI,DO-->BI,DO-->BI,DO-->BI,DO-->BI,DO-->BI,DO-->BI,DO-->BI,DO-->BI,DO-->BI,DO-->BI,DO-->BI,DO-->BI,DO-->BI,DO-->BI
KH,KHM,Cambodia,Phnom Penh,Asia,South-Eastern Asia,,KH-->DO,KH-->DO,KH-->DO,KH-->DO,KH-->DO,KH-->DO,KH-->DO,KH-->DO,KH-->DO,KH-->DO,KH-->DO,KH-->DO,KH-->DO,KH-->DO,KH-->DO,KH-->DO,KH-->DO,KH-->DO,KH-->DO,,,,,,,,,,,,,,,,,DO-->KH,DO-->KH,DO-->KH,DO-->KH,DO-->KH,DO-->KH,DO-->KH,DO-->KH,DO-->KH,DO-->KH,DO-->KH,DO-->KH,DO-->KH,DO-->KH,DO-->KH,DO-->KH,DO-->KH,DO-->KH,DO-->KH
CM,CMR,Cameroon,Yaoundé,Africa,Middle Africa,,CM-->DO,CM-->DO,CM-->DO,CM-->DO,CM-->DO,CM-->DO,CM-->DO,CM-->DO,CM-->DO,CM-->DO,CM-->DO,CM-->DO,CM-->DO,CM-->DO,CM-->DO,CM-->DO,CM-->DO,CM-->DO,CM-->DO,,,,,,,,,,,,,,,,,DO-->CM,DO-->CM,DO-->CM,DO-->CM,DO-->CM,DO-->CM,DO-->CM,DO-->CM,DO-->CM,DO-->CM,DO-->CM,DO-->CM,DO-->CM,DO-->CM,DO-->CM,DO-->CM,DO-->CM,DO-->CM,DO-->CM
CA,CAN,Canada,Ottawa,Americas,Northern America,,CA-->DO,CA-->DO,CA-->DO,CA-->DO,CA-->DO,CA-->DO,CA-->DO,CA-->DO,CA-->DO,CA-->DO,CA-->DO,CA-->DO,CA-->DO,CA-->DO,CA-->DO,CA-->DO,CA-->DO,CA-->DO,CA-->DO,,,,,,,,,,,,,,,,,DO-->CA,DO-->CA,DO-->CA,DO-->CA,DO-->CA,DO-->CA,DO-->CA,DO-->CA,DO-->CA,DO-->CA,DO-->CA,DO-->CA,DO-->CA,DO-->CA,DO-->CA,DO-->CA,DO-->CA,DO-->CA,DO-->CA
CV,CPV,Cape Verde,Praia,Africa,Western Africa,,CV-->DO,CV-->DO,CV-->DO,CV-->DO,CV-->DO,CV-->DO,CV-->DO,CV-->DO,CV-->DO,CV-->DO,CV-->DO,CV-->DO,CV-->DO,CV-->DO,CV-->DO,CV-->DO,CV-->DO,CV-->DO,CV-->DO,,,,,,,,,,,,,,,,,DO-->CV,DO-->CV,DO-->CV,DO-->CV,DO-->CV,DO-->CV,DO-->CV,DO-->CV,DO-->CV,DO-->CV,DO-->CV,DO-->CV,DO-->CV,DO-->CV,DO-->CV,DO-->CV,DO-->CV,DO-->CV,DO-->CV
KY,CYM,Cayman Islands,George Town,Americas,Caribbean,,KY-->DO,KY-->DO,KY-->DO,KY-->DO,KY-->DO,KY-->DO,KY-->DO,KY-->DO,KY-->DO,KY-->DO,KY-->DO,KY-->DO,KY-->DO,KY-->DO,KY-->DO,KY-->DO,KY-->DO,KY-->DO,KY-->DO,,,,,,,,,,,,,,,,,DO-->KY,DO-->KY,DO-->KY,DO-->KY,DO-->KY,DO-->KY,DO-->KY,DO-->KY,DO-->KY,DO-->KY,DO-->KY,DO-->KY,DO-->KY,DO-->KY,DO-->KY,DO-->KY,DO-->KY,DO-->KY,DO-->KY
CF,CAF,Central African Republic,Bangui,Africa,Middle Africa,,CF-->DO,CF-->DO,CF-->DO,CF-->DO,CF-->DO,CF-->DO,CF-->DO,CF-->DO,CF-->DO,CF-->DO,CF-->DO,CF-->DO,CF-->DO,CF-->DO,CF-->DO,CF-->DO,CF-->DO,CF-->DO,CF-->DO,,,,,,,,,,,,,,,,,DO-->CF,DO-->CF,DO-->CF,DO-->CF,DO-->CF,DO-->CF,DO-->CF,DO-->CF,DO-->CF,DO-->CF,DO-->CF,DO-->CF,DO-->CF,DO-->CF,DO-->CF,DO-->CF,DO-->CF,DO-->CF,DO-->CF
TD,TCD,Chad,N'Djamena,Africa,Middle Africa,,TD-->DO,TD-->DO,TD-->DO,TD-->DO,TD-->DO,TD-->DO,TD-->DO,TD-->DO,TD-->DO,TD-->DO,TD-->DO,TD-->DO,TD-->DO,TD-->DO,TD-->DO,TD-->DO,TD-->DO,TD-->DO,TD-->DO,,,,,,,,,,,,,,,,,DO-->TD,DO-->TD,DO-->TD,DO-->TD,DO-->TD,DO-->TD,DO-->TD,DO-->TD,DO-->TD,DO-->TD,DO-->TD,DO-->TD,DO-->TD,DO-->TD,DO-->TD,DO-->TD,DO-->TD,DO-->TD,DO-->TD
CL,CHL,Chile,Santiago,Americas,South America,,CL-->DO,CL-->DO,CL-->DO,CL-->DO,CL-->DO,CL-->DO,CL-->DO,CL-->DO,CL-->DO,CL-->DO,CL-->DO,CL-->DO,CL-->DO,CL-->DO,CL-->DO,CL-->DO,CL-->DO,CL-->DO,CL-->DO,,,,,,,,,,,,,,,,,DO-->CL,DO-->CL,DO-->CL,DO-->CL,DO-->CL,DO-->CL,DO-->CL,DO-->CL,DO-->CL,DO-->CL,DO-->CL,DO-->CL,DO-->CL,DO-->CL,DO-->CL,DO-->CL,DO-->CL,DO-->CL,DO-->CL
CN,CHN,China,Beijing,Asia,Eastern Asia,,CN-->DO,CN-->DO,CN-->DO,CN-->DO,CN-->DO,CN-->DO,CN-->DO,CN-->DO,CN-->DO,CN-->DO,CN-->DO,CN-->DO,CN-->DO,CN-->DO,CN-->DO,CN-->DO,CN-->DO,CN-->DO,CN-->DO,,,,,,,,,,,,,,,,,DO-->CN,DO-->CN,DO-->CN,DO-->CN,DO-->CN,DO-->CN,DO-->CN,DO-->CN,DO-->CN,DO-->CN,DO-->CN,DO-->CN,DO-->CN,DO-->CN,DO-->CN,DO-->CN,DO-->CN,DO-->CN,DO-->CN
CX,CXR,Christmas Island,Flying Fish Cove,Oceania,Australia and New Zealand,,CX-->DO,CX-->DO,CX-->DO,CX-->DO,CX-->DO,CX-->DO,CX-->DO,CX-->DO,CX-->DO,CX-->DO,CX-->DO,CX-->DO,CX-->DO,CX-->DO,CX-->DO,CX-->DO,CX-->DO,CX-->DO,CX-->DO,,,,,,,,,,,,,,,,,DO-->CX,DO-->CX,DO-->CX,DO-->CX,DO-->CX,DO-->CX,DO-->CX,DO-->CX,DO-->CX,DO-->CX,DO-->CX,DO-->CX,DO-->CX,DO-->CX,DO-->CX,DO-->CX,DO-->CX,DO-->CX,DO-->CX
CC,CCK,Cocos (Keeling) Islands,West Island,Oceania,Australia and New Zealand,,CC-->DO,CC-->DO,CC-->DO,CC-->DO,CC-->DO,CC-->DO,CC-->DO,CC-->DO,CC-->DO,CC-->DO,CC-->DO,CC-->DO,CC-->DO,CC-->DO,CC-->DO,CC-->DO,CC-->DO,CC-->DO,CC-->DO,,,,,,,,,,,,,,,,,DO-->CC,DO-->CC,DO-->CC,DO-->CC,DO-->CC,DO-->CC,DO-->CC,DO-->CC,DO-->CC,DO-->CC,DO-->CC,DO-->CC,DO-->CC,DO-->CC,DO-->CC,DO-->CC,DO-->CC,DO-->CC,DO-->CC
CO,COL,Colombia,Bogotá,Americas,South America,,CO-->DO,CO-->DO,CO-->DO,CO-->DO,CO-->DO,CO-->DO,CO-->DO,CO-->DO,CO-->DO,CO-->DO,CO-->DO,CO-->DO,CO-->DO,CO-->DO,CO-->DO,CO-->DO,CO-->DO,CO-->DO,CO-->DO,,,,,,,,,,,,,,,,,DO-->CO,DO-->CO,DO-->CO,DO-->CO,DO-->CO,DO-->CO,DO-->CO,DO-->CO,DO-->CO,DO-->CO,DO-->CO,DO-->CO,DO-->CO,DO-->CO,DO-->CO,DO-->CO,DO-->CO,DO-->CO,DO-->CO
KM,COM,Comoros,Moroni,Africa,Eastern Africa,,KM-->DO,KM-->DO,KM-->DO,KM-->DO,KM-->DO,KM-->DO,KM-->DO,KM-->DO,KM-->DO,KM-->DO,KM-->DO,KM-->DO,KM-->DO,KM-->DO,KM-->DO,KM-->DO,KM-->DO,KM-->DO,KM-->DO,,,,,,,,,,,,,,,,,DO-->KM,DO-->KM,DO-->KM,DO-->KM,DO-->KM,DO-->KM,DO-->KM,DO-->KM,DO-->KM,DO-->KM,DO-->KM,DO-->KM,DO-->KM,DO-->KM,DO-->KM,DO-->KM,DO-->KM,DO-->KM,DO-->KM
CG,COG,Republic of the Congo,Brazzaville,Africa,Middle Africa,,CG-->DO,CG-->DO,CG-->DO,CG-->DO,CG-->DO,CG-->DO,CG-->DO,CG-->DO,CG-->DO,CG-->DO,CG-->DO,CG-->DO,CG-->DO,CG-->DO,CG-->DO,CG-->DO,CG-->DO,CG-->DO,CG-->DO,,,,,,,,,,,,,,,,,DO-->CG,DO-->CG,DO-->CG,DO-->CG,DO-->CG,DO-->CG,DO-->CG,DO-->CG,DO-->CG,DO-->CG,DO-->CG,DO-->CG,DO-->CG,DO-->CG,DO-->CG,DO-->CG,DO-->CG,DO-->CG,DO-->CG
CD,COD,Democratic Republic of the Congo,Kinshasa,Africa,Middle Africa,,CD-->DO,CD-->DO,CD-->DO,CD-->DO,CD-->DO,CD-->DO,CD-->DO,CD-->DO,CD-->DO,CD-->DO,CD-->DO,CD-->DO,CD-->DO,CD-->DO,CD-->DO,CD-->DO,CD-->DO,CD-->DO,CD-->DO,,,,,,,,,,,,,,,,,DO-->CD,DO-->CD,DO-->CD,DO-->CD,DO-->CD,DO-->CD,DO-->CD,DO-->CD,DO-->CD,DO-->CD,DO-->CD,DO-->CD,DO-->CD,DO-->CD,DO-->CD,DO-->CD,DO-->CD,DO-->CD,DO-->CD
CK,COK,Cook Islands,Avarua,Oceania,Polynesia,,CK-->DO,CK-->DO,CK-->DO,CK-->DO,CK-->DO,CK-->DO,CK-->DO,CK-->DO,CK-->DO,CK-->DO,CK-->DO,CK-->DO,CK-->DO,CK-->DO,CK-->DO,CK-->DO,CK-->DO,CK-->DO,CK-->DO,,,,,,,,,,,,,,,,,DO-->CK,DO-->CK,DO-->CK,DO-->CK,DO-->CK,DO-->CK,DO-->CK,DO-->CK,DO-->CK,DO-->CK,DO-->CK,DO-->CK,DO-->CK,DO-->CK,DO-->CK,DO-->CK,DO-->CK,DO-->CK,DO-->CK
CR,CRI,Costa Rica,San José,Americas,Central America,,CR-->DO,CR-->DO,CR-->DO,CR-->DO,CR-->DO,CR-->DO,CR-->DO,CR-->DO,CR-->DO,CR-->DO,CR-->DO,CR-->DO,CR-->DO,CR-->DO,CR-->DO,CR-->DO,CR-->DO,CR-->DO,CR-->DO,,,,,,,,,,,,,,,,,DO-->CR,DO-->CR,DO-->CR,DO-->CR,DO-->CR,DO-->CR,DO-->CR,DO-->CR,DO-->CR,DO-->CR,DO-->CR,DO-->CR,DO-->CR,DO-->CR,DO-->CR,DO-->CR,DO-->CR,DO-->CR,DO-->CR
HR,HRV,Croatia,Zagreb,Europe,Southern Europe,,HR-->DO,HR-->DO,HR-->DO,HR-->DO,HR-->DO,HR-->DO,HR-->DO,HR-->DO,HR-->DO,HR-->DO,HR-->DO,HR-->DO,HR-->DO,HR-->DO,HR-->DO,HR-->DO,HR-->DO,HR-->DO,HR-->DO,,,,,,,,,,,,,,,,,DO-->HR,DO-->HR,DO-->HR,DO-->HR,DO-->HR,DO-->HR,DO-->HR,DO-->HR,DO-->HR,DO-->HR,DO-->HR,DO-->HR,DO-->HR,DO-->HR,DO-->HR,DO-->HR,DO-->HR,DO-->HR,DO-->HR
CU,CUB,Cuba,Havana,Americas,Caribbean,,CU-->DO,CU-->DO,CU-->DO,CU-->DO,CU-->DO,CU-->DO,CU-->DO,CU-->DO,CU-->DO,CU-->DO,CU-->DO,CU-->DO,CU-->DO,CU-->DO,CU-->DO,CU-->DO,CU-->DO,CU-->DO,CU-->DO,,,,,,,,,,,,,,,,,DO-->CU,DO-->CU,DO-->CU,DO-->CU,DO-->CU,DO-->CU,DO-->CU,DO-->CU,DO-->CU,DO-->CU,DO-->CU,DO-->CU,DO-->CU,DO-->CU,DO-->CU,DO-->CU,DO-->CU,DO-->CU,DO-->CU
CW,CUW,Curaçao,Willemstad,Americas,Caribbean,,CW-->DO,CW-->DO,CW-->DO,CW-->DO,CW-->DO,CW-->DO,CW-->DO,CW-->DO,CW-->DO,CW-->DO,CW-->DO,CW-->DO,CW-->DO,CW-->DO,CW-->DO,CW-->DO,CW-->DO,CW-->DO,CW-->DO,,,,,,,,,,,,,,,,,DO-->CW,DO-->CW,DO-->CW,DO-->CW,DO-->CW,DO-->CW,DO-->CW,DO-->CW,DO-->CW,DO-->CW,DO-->CW,DO-->CW,DO-->CW,DO-->CW,DO-->CW,DO-->CW,DO-->CW,DO-->CW,DO-->CW
CY,CYP,Cyprus,Nicosia,Europe,Southern Europe,,CY-->DO,CY-->DO,CY-->DO,CY-->DO,CY-->DO,CY-->DO,CY-->DO,CY-->DO,CY-->DO,CY-->DO,CY-->DO,CY-->DO,CY-->DO,CY-->DO,CY-->DO,CY-->DO,CY-->DO,CY-->DO,CY-->DO,,,,,,,,,,,,,,,,,DO-->CY,DO-->CY,DO-->CY,DO-->CY,DO-->CY,DO-->CY,DO-->CY,DO-->CY,DO-->CY,DO-->CY,DO-->CY,DO-->CY,DO-->CY,DO-->CY,DO-->CY,DO-->CY,DO-->CY,DO-->CY,DO-->CY
CZ,CZE,Czech Republic,Prague,Europe,Eastern Europe,,CZ-->DO,CZ-->DO,CZ-->DO,CZ-->DO,CZ-->DO,CZ-->DO,CZ-->DO,CZ-->DO,CZ-->DO,CZ-->DO,CZ-->DO,CZ-->DO,CZ-->DO,CZ-->DO,CZ-->DO,CZ-->DO,CZ-->DO,CZ-->DO,CZ-->DO,,,,,,,,,,,,,,,,,DO-->CZ,DO-->CZ,DO-->CZ,DO-->CZ,DO-->CZ,DO-->CZ,DO-->CZ,DO-->CZ,DO-->CZ,DO-->CZ,DO-->CZ,DO-->CZ,DO-->CZ,DO-->CZ,DO-->CZ,DO-->CZ,DO-->CZ,DO-->CZ,DO-->CZ
DK,DNK,Denmark,Copenhagen,Europe,Northern Europe,,DK-->DO,DK-->DO,DK-->DO,DK-->DO,DK-->DO,DK-->DO,DK-->DO,DK-->DO,DK-->DO,DK-->DO,DK-->DO,DK-->DO,DK-->DO,DK-->DO,DK-->DO,DK-->DO,DK-->DO,DK-->DO,DK-->DO,,,,,,,,,,,,,,,,,DO-->DK,DO-->DK,DO-->DK,DO-->DK,DO-->DK,DO-->DK,DO-->DK,DO-->DK,DO-->DK,DO-->DK,DO-->DK,DO-->DK,DO-->DK,DO-->DK,DO-->DK,DO-->DK,DO-->DK,DO-->DK,DO-->DK
DJ,DJI,Djibouti,Djibouti,Africa,Eastern Africa,,DJ-->DO,DJ-->DO,DJ-->DO,DJ-->DO,DJ-->DO,DJ-->DO,DJ-->DO,DJ-->DO,DJ-->DO,DJ-->DO,DJ-->DO,DJ-->DO,DJ-->DO,DJ-->DO,DJ-->DO,DJ-->DO,DJ-->DO,DJ-->DO,DJ-->DO,,,,,,,,,,,,,,,,,DO-->DJ,DO-->DJ,DO-->DJ,DO-->DJ,DO-->DJ,DO-->DJ,DO-->DJ,DO-->DJ,DO-->DJ,DO-->DJ,DO-->DJ,DO-->DJ,DO-->DJ,DO-->DJ,DO-->DJ,DO-->DJ,DO-->DJ,DO-->DJ,DO-->DJ
DM,DMA,Dominica,Roseau,Americas,Caribbean,,DM-->DO,DM-->DO,DM-->DO,DM-->DO,DM-->DO,DM-->DO,DM-->DO,DM-->DO,DM-->DO,DM-->DO,DM-->DO,DM-->DO,DM-->DO,DM-->DO,DM-->DO,DM-->DO,DM-->DO,DM-->DO,DM-->DO,,,,,,,,,,,,,,,,,DO-->DM,DO-->DM,DO-->DM,DO-->DM,DO-->DM,DO-->DM,DO-->DM,DO-->DM,DO-->DM,DO-->DM,DO-->DM,DO-->DM,DO-->DM,DO-->DM,DO-->DM,DO-->DM,DO-->DM,DO-->DM,DO-->DM
DO,DOM,Dominican Republic,Santo Domingo,Americas,Caribbean,,DO-->DO,DO-->DO,DO-->DO,DO-->DO,DO-->DO,DO-->DO,DO-->DO,DO-->DO,DO-->DO,DO-->DO,DO-->DO,DO-->DO,DO-->DO,DO-->DO,DO-->DO,DO-->DO,DO-->DO,DO-->DO,DO-->DO,,,,,,,,,,,,,,,,,DO-->DO,DO-->DO,DO-->DO,DO-->DO,DO-->DO,DO-->DO,DO-->DO,DO-->DO,DO-->DO,DO-->DO,DO-->DO,DO-->DO,DO-->DO,DO-->DO,DO-->DO,DO-->DO,DO-->DO,DO-->DO,DO-->DO
EC,ECU,Ecuador,Quito,Americas,South America,,EC-->DO,EC-->DO,EC-->DO,EC-->DO,EC-->DO,EC-->DO,EC-->DO,EC-->DO,EC-->DO,EC-->DO,EC-->DO,EC-->DO,EC-->DO,EC-->DO,EC-->DO,EC-->DO,EC-->DO,EC-->DO,EC-->DO,,,,,,,,,,,,,,,,,DO-->EC,DO-->EC,DO-->EC,DO-->EC,DO-->EC,DO-->EC,DO-->EC,DO-->EC,DO-->EC,DO-->EC,DO-->EC,DO-->EC,DO-->EC,DO-->EC,DO-->EC,DO-->EC,DO-->EC,DO-->EC,DO-->EC
EG,EGY,Egypt,Cairo,Africa,Northern Africa,,EG-->DO,EG-->DO,EG-->DO,EG-->DO,EG-->DO,EG-->DO,EG-->DO,EG-->DO,EG-->DO,EG-->DO,EG-->DO,EG-->DO,EG-->DO,EG-->DO,EG-->DO,EG-->DO,EG-->DO,EG-->DO,EG-->DO,,,,,,,,,,,,,,,,,DO-->EG,DO-->EG,DO-->EG,DO-->EG,DO-->EG,DO-->EG,DO-->EG,DO-->EG,DO-->EG,DO-->EG,DO-->EG,DO-->EG,DO-->EG,DO-->EG,DO-->EG,DO-->EG,DO-->EG,DO-->EG,DO-->EG
SV,SLV,El Salvador,San Salvador,Americas,Central America,,SV-->DO,SV-->DO,SV-->DO,SV-->DO,SV-->DO,SV-->DO,SV-->DO,SV-->DO,SV-->DO,SV-->DO,SV-->DO,SV-->DO,SV-->DO,SV-->DO,SV-->DO,SV-->DO,SV-->DO,SV-->DO,SV-->DO,,,,,,,,,,,,,,,,,DO-->SV,DO-->SV,DO-->SV,DO-->SV,DO-->SV,DO-->SV,DO-->SV,DO-->SV,DO-->SV,DO-->SV,DO-->SV,DO-->SV,DO-->SV,DO-->SV,DO-->SV,DO-->SV,DO-->SV,DO-->SV,DO-->SV
GQ,GNQ,Equatorial Guinea,Malabo,Africa,Middle Africa,,GQ-->DO,GQ-->DO,GQ-->DO,GQ-->DO,GQ-->DO,GQ-->DO,GQ-->DO,GQ-->DO,GQ-->DO,GQ-->DO,GQ-->DO,GQ-->DO,GQ-->DO,GQ-->DO,GQ-->DO,GQ-->DO,GQ-->DO,GQ-->DO,GQ-->DO,,,,,,,,,,,,,,,,,DO-->GQ,DO-->GQ,DO-->GQ,DO-->GQ,DO-->GQ,DO-->GQ,DO-->GQ,DO-->GQ,DO-->GQ,DO-->GQ,DO-->GQ,DO-->GQ,DO-->GQ,DO-->GQ,DO-->GQ,DO-->GQ,DO-->GQ,DO-->GQ,DO-->GQ
ER,ERI,Eritrea,Asmara,Africa,Eastern Africa,,ER-->DO,ER-->DO,ER-->DO,ER-->DO,ER-->DO,ER-->DO,ER-->DO,ER-->DO,ER-->DO,ER-->DO,ER-->DO,ER-->DO,ER-->DO,ER-->DO,ER-->DO,ER-->DO,ER-->DO,ER-->DO,ER-->DO,,,,,,,,,,,,,,,,,DO-->ER,DO-->ER,DO-->ER,DO-->ER,DO-->ER,DO-->ER,DO-->ER,DO-->ER,DO-->ER,DO-->ER,DO-->ER,DO-->ER,DO-->ER,DO-->ER,DO-->ER,DO-->ER,DO-->ER,DO-->ER,DO-->ER
EE,EST,Estonia,Tallinn,Europe,Northern Europe,,EE-->DO,EE-->DO,EE-->DO,EE-->DO,EE-->DO,EE-->DO,EE-->DO,EE-->DO,EE-->DO,EE-->DO,EE-->DO,EE-->DO,EE-->DO,EE-->DO,EE-->DO,EE-->DO,EE-->DO,EE-->DO,EE-->DO,,,,,,,,,,,,,,,,,DO-->EE,DO-->EE,DO-->EE,DO-->EE,DO-->EE,DO-->EE,DO-->EE,DO-->EE,DO-->EE,DO-->EE,DO-->EE,DO-->EE,DO-->EE,DO-->EE,DO-->EE,DO-->EE,DO-->EE,DO-->EE,DO-->EE
ET,ETH,Ethiopia,Addis Ababa,Africa,Eastern Africa,,ET-->DO,ET-->DO,ET-->DO,ET-->DO,ET-->DO,ET-->DO,ET-->DO,ET-->DO,ET-->DO,ET-->DO,ET-->DO,ET-->DO,ET-->DO,ET-->DO,ET-->DO,ET-->DO,ET-->DO,ET-->DO,ET-->DO,,,,,,,,,,,,,,,,,DO-->ET,DO-->ET,DO-->ET,DO-->ET,DO-->ET,DO-->ET,DO-->ET,DO-->ET,DO-->ET,DO-->ET,DO-->ET,DO-->ET,DO-->ET,DO-->ET,DO-->ET,DO-->ET,DO-->ET,DO-->ET,DO-->ET
FK,FLK,Falkland Islands,Stanley,Americas,South America,,FK-->DO,FK-->DO,FK-->DO,FK-->DO,FK-->DO,FK-->DO,FK-->DO,FK-->DO,FK-->DO,FK-->DO,FK-->DO,FK-->DO,FK-->DO,FK-->DO,FK-->DO,FK-->DO,FK-->DO,FK-->DO,FK-->DO,,,,,,,,,,,,,,,,,DO-->FK,DO-->FK,DO-->FK,DO-->FK,DO-->FK,DO-->FK,DO-->FK,DO-->FK,DO-->FK,DO-->FK,DO-->FK,DO-->FK,DO-->FK,DO-->FK,DO-->FK,DO-->FK,DO-->FK,DO-->FK,DO-->FK
FO,FRO,Faroe Islands,Tórshavn,Europe,Northern Europe,,FO-->DO,FO-->DO,FO-->DO,FO-->DO,FO-->DO,FO-->DO,FO-->DO,FO-->DO,FO-->DO,FO-->DO,FO-->DO,FO-->DO,FO-->DO,FO-->DO,FO-->DO,FO-->DO,FO-->DO,FO-->DO,FO-->DO,,,,,,,,,,,,,,,,,DO-->FO,DO-->FO,DO-->FO,DO-->FO,DO-->FO,DO-->FO,DO-->FO,DO-->FO,DO-->FO,DO-->FO,DO-->FO,DO-->FO,DO-->FO,DO-->FO,DO-->FO,DO-->FO,DO-->FO,DO-->FO,DO-->FO
FJ,FJI,Fiji,Suva,Oceania,Melanesia,,FJ-->DO,FJ-->DO,FJ-->DO,FJ-->DO,FJ-->DO,FJ-->DO,FJ-->DO,FJ-->DO,FJ-->DO,FJ-->DO,FJ-->DO,FJ-->DO,FJ-->DO,FJ-->DO,FJ-->DO,FJ-->DO,FJ-->DO,FJ-->DO,FJ-->DO,,,,,,,,,,,,,,,,,DO-->FJ,DO-->FJ,DO-->FJ,DO-->FJ,DO-->FJ,DO-->FJ,DO-->FJ,DO-->FJ,DO-->FJ,DO-->FJ,DO-->FJ,DO-->FJ,DO-->FJ,DO-->FJ,DO-->FJ,DO-->FJ,DO-->FJ,DO-->FJ,DO-->FJ
FI,FIN,Finland,Helsinki,Europe,Northern Europe,,FI-->DO,FI-->DO,FI-->DO,FI-->DO,FI-->DO,FI-->DO,FI-->DO,FI-->DO,FI-->DO,FI-->DO,FI-->DO,FI-->DO,FI-->DO,FI-->DO,FI-->DO,FI-->DO,FI-->DO,FI-->DO,FI-->DO,,,,,,,,,,,,,,,,,DO-->FI,DO-->FI,DO-->FI,DO-->FI,DO-->FI,DO-->FI,DO-->FI,DO-->FI,DO-->FI,DO-->FI,DO-->FI,DO-->FI,DO-->FI,DO-->FI,DO-->FI,DO-->FI,DO-->FI,DO-->FI,DO-->FI
FR,FRA,France,Paris,Europe,Western Europe,,FR-->DO,FR-->DO,FR-->DO,FR-->DO,FR-->DO,FR-->DO,FR-->DO,FR-->DO,FR-->DO,FR-->DO,FR-->DO,FR-->DO,FR-->DO,FR-->DO,FR-->DO,FR-->DO,FR-->DO,FR-->DO,FR-->DO,,,,,,,,,,,,,,,,,DO-->FR,DO-->FR,DO-->FR,DO-->FR,DO-->FR,DO-->FR,DO-->FR,DO-->FR,DO-->FR,DO-->FR,DO-->FR,DO-->FR,DO-->FR,DO-->FR,DO-->FR,DO-->FR,DO-->FR,DO-->FR,DO-->FR
GF,GUF,French Guiana,Cayenne,Americas,South America,,GF-->DO,GF-->DO,GF-->DO,GF-->DO,GF-->DO,GF-->DO,GF-->DO,GF-->DO,GF-->DO,GF-->DO,GF-->DO,GF-->DO,GF-->DO,GF-->DO,GF-->DO,GF-->DO,GF-->DO,GF-->DO,GF-->DO,,,,,,,,,,,,,,,,,DO-->GF,DO-->GF,DO-->GF,DO-->GF,DO-->GF,DO-->GF,DO-->GF,DO-->GF,DO-->GF,DO-->GF,DO-->GF,DO-->GF,DO-->GF,DO-->GF,DO-->GF,DO-->GF,DO-->GF,DO-->GF,DO-->GF
PF,PYF,French Polynesia,Papeetē,Oceania,Polynesia,,PF-->DO,PF-->DO,PF-->DO,PF-->DO,PF-->DO,PF-->DO,PF-->DO,PF-->DO,PF-->DO,PF-->DO,PF-->DO,PF-->DO,PF-->DO,PF-->DO,PF-->DO,PF-->DO,PF-->DO,PF-->DO,PF-->DO,,,,,,,,,,,,,,,,,DO-->PF,DO-->PF,DO-->PF,DO-->PF,DO-->PF,DO-->PF,DO-->PF,DO-->PF,DO-->PF,DO-->PF,DO-->PF,DO-->PF,DO-->PF,DO-->PF,DO-->PF,DO-->PF,DO-->PF,DO-->PF,DO-->PF
TF,ATF,French Southern and Antarctic Lands,Port-aux-Français,Africa,Southern Africa,,TF-->DO,TF-->DO,TF-->DO,TF-->DO,TF-->DO,TF-->DO,TF-->DO,TF-->DO,TF-->DO,TF-->DO,TF-->DO,TF-->DO,TF-->DO,TF-->DO,TF-->DO,TF-->DO,TF-->DO,TF-->DO,TF-->DO,,,,,,,,,,,,,,,,,DO-->TF,DO-->TF,DO-->TF,DO-->TF,DO-->TF,DO-->TF,DO-->TF,DO-->TF,DO-->TF,DO-->TF,DO-->TF,DO-->TF,DO-->TF,DO-->TF,DO-->TF,DO-->TF,DO-->TF,DO-->TF,DO-->TF
GA,GAB,Gabon,Libreville,Africa,Middle Africa,,GA-->DO,GA-->DO,GA-->DO,GA-->DO,GA-->DO,GA-->DO,GA-->DO,GA-->DO,GA-->DO,GA-->DO,GA-->DO,GA-->DO,GA-->DO,GA-->DO,GA-->DO,GA-->DO,GA-->DO,GA-->DO,GA-->DO,,,,,,,,,,,,,,,,,DO-->GA,DO-->GA,DO-->GA,DO-->GA,DO-->GA,DO-->GA,DO-->GA,DO-->GA,DO-->GA,DO-->GA,DO-->GA,DO-->GA,DO-->GA,DO-->GA,DO-->GA,DO-->GA,DO-->GA,DO-->GA,DO-->GA
GM,GMB,The Gambia,Banjul,Africa,Western Africa,,GM-->DO,GM-->DO,GM-->DO,GM-->DO,GM-->DO,GM-->DO,GM-->DO,GM-->DO,GM-->DO,GM-->DO,GM-->DO,GM-->DO,GM-->DO,GM-->DO,GM-->DO,GM-->DO,GM-->DO,GM-->DO,GM-->DO,,,,,,,,,,,,,,,,,DO-->GM,DO-->GM,DO-->GM,DO-->GM,DO-->GM,DO-->GM,DO-->GM,DO-->GM,DO-->GM,DO-->GM,DO-->GM,DO-->GM,DO-->GM,DO-->GM,DO-->GM,DO-->GM,DO-->GM,DO-->GM,DO-->GM
GE,GEO,Georgia,Tbilisi,Asia,Western Asia,,GE-->DO,GE-->DO,GE-->DO,GE-->DO,GE-->DO,GE-->DO,GE-->DO,GE-->DO,GE-->DO,GE-->DO,GE-->DO,GE-->DO,GE-->DO,GE-->DO,GE-->DO,GE-->DO,GE-->DO,GE-->DO,GE-->DO,,,,,,,,,,,,,,,,,DO-->GE,DO-->GE,DO-->GE,DO-->GE,DO-->GE,DO-->GE,DO-->GE,DO-->GE,DO-->GE,DO-->GE,DO-->GE,DO-->GE,DO-->GE,DO-->GE,DO-->GE,DO-->GE,DO-->GE,DO-->GE,DO-->GE
DE,DEU,Germany,Berlin,Europe,Western Europe,,DE-->DO,DE-->DO,DE-->DO,DE-->DO,DE-->DO,DE-->DO,DE-->DO,DE-->DO,DE-->DO,DE-->DO,DE-->DO,DE-->DO,DE-->DO,DE-->DO,DE-->DO,DE-->DO,DE-->DO,DE-->DO,DE-->DO,,,,,,,,,,,,,,,,,DO-->DE,DO-->DE,DO-->DE,DO-->DE,DO-->DE,DO-->DE,DO-->DE,DO-->DE,DO-->DE,DO-->DE,DO-->DE,DO-->DE,DO-->DE,DO-->DE,DO-->DE,DO-->DE,DO-->DE,DO-->DE,DO-->DE
GH,GHA,Ghana,Accra,Africa,Western Africa,,GH-->DO,GH-->DO,GH-->DO,GH-->DO,GH-->DO,GH-->DO,GH-->DO,GH-->DO,GH-->DO,GH-->DO,GH-->DO,GH-->DO,GH-->DO,GH-->DO,GH-->DO,GH-->DO,GH-->DO,GH-->DO,GH-->DO,,,,,,,,,,,,,,,,,DO-->GH,DO-->GH,DO-->GH,DO-->GH,DO-->GH,DO-->GH,DO-->GH,DO-->GH,DO-->GH,DO-->GH,DO-->GH,DO-->GH,DO-->GH,DO-->GH,DO-->GH,DO-->GH,DO-->GH,DO-->GH,DO-->GH
GI,GIB,Gibraltar,Gibraltar,Europe,Southern Europe,,GI-->DO,GI-->DO,GI-->DO,GI-->DO,GI-->DO,GI-->DO,GI-->DO,GI-->DO,GI-->DO,GI-->DO,GI-->DO,GI-->DO,GI-->DO,GI-->DO,GI-->DO,GI-->DO,GI-->DO,GI-->DO,GI-->DO,,,,,,,,,,,,,,,,,DO-->GI,DO-->GI,DO-->GI,DO-->GI,DO-->GI,DO-->GI,DO-->GI,DO-->GI,DO-->GI,DO-->GI,DO-->GI,DO-->GI,DO-->GI,DO-->GI,DO-->GI,DO-->GI,DO-->GI,DO-->GI,DO-->GI
GR,GRC,Greece,Athens,Europe,Southern Europe,,GR-->DO,GR-->DO,GR-->DO,GR-->DO,GR-->DO,GR-->DO,GR-->DO,GR-->DO,GR-->DO,GR-->DO,GR-->DO,GR-->DO,GR-->DO,GR-->DO,GR-->DO,GR-->DO,GR-->DO,GR-->DO,GR-->DO,,,,,,,,,,,,,,,,,DO-->GR,DO-->GR,DO-->GR,DO-->GR,DO-->GR,DO-->GR,DO-->GR,DO-->GR,DO-->GR,DO-->GR,DO-->GR,DO-->GR,DO-->GR,DO-->GR,DO-->GR,DO-->GR,DO-->GR,DO-->GR,DO-->GR
GL,GRL,Greenland,Nuuk,Americas,Northern America,,GL-->DO,GL-->DO,GL-->DO,GL-->DO,GL-->DO,GL-->DO,GL-->DO,GL-->DO,GL-->DO,GL-->DO,GL-->DO,GL-->DO,GL-->DO,GL-->DO,GL-->DO,GL-->DO,GL-->DO,GL-->DO,GL-->DO,,,,,,,,,,,,,,,,,DO-->GL,DO-->GL,DO-->GL,DO-->GL,DO-->GL,DO-->GL,DO-->GL,DO-->GL,DO-->GL,DO-->GL,DO-->GL,DO-->GL,DO-->GL,DO-->GL,DO-->GL,DO-->GL,DO-->GL,DO-->GL,DO-->GL
GD,GRD,Grenada,St. George's,Americas,Caribbean,,GD-->DO,GD-->DO,GD-->DO,GD-->DO,GD-->DO,GD-->DO,GD-->DO,GD-->DO,GD-->DO,GD-->DO,GD-->DO,GD-->DO,GD-->DO,GD-->DO,GD-->DO,GD-->DO,GD-->DO,GD-->DO,GD-->DO,,,,,,,,,,,,,,,,,DO-->GD,DO-->GD,DO-->GD,DO-->GD,DO-->GD,DO-->GD,DO-->GD,DO-->GD,DO-->GD,DO-->GD,DO-->GD,DO-->GD,DO-->GD,DO-->GD,DO-->GD,DO-->GD,DO-->GD,DO-->GD,DO-->GD
GP,GLP,Guadeloupe,Basse-Terre,Americas,Caribbean,,GP-->DO,GP-->DO,GP-->DO,GP-->DO,GP-->DO,GP-->DO,GP-->DO,GP-->DO,GP-->DO,GP-->DO,GP-->DO,GP-->DO,GP-->DO,GP-->DO,GP-->DO,GP-->DO,GP-->DO,GP-->DO,GP-->DO,,,,,,,,,,,,,,,,,DO-->GP,DO-->GP,DO-->GP,DO-->GP,DO-->GP,DO-->GP,DO-->GP,DO-->GP,DO-->GP,DO-->GP,DO-->GP,DO-->GP,DO-->GP,DO-->GP,DO-->GP,DO-->GP,DO-->GP,DO-->GP,DO-->GP
GU,GUM,Guam,Hagåtña,Oceania,Micronesia,,GU-->DO,GU-->DO,GU-->DO,GU-->DO,GU-->DO,GU-->DO,GU-->DO,GU-->DO,GU-->DO,GU-->DO,GU-->DO,GU-->DO,GU-->DO,GU-->DO,GU-->DO,GU-->DO,GU-->DO,GU-->DO,GU-->DO,,,,,,,,,,,,,,,,,DO-->GU,DO-->GU,DO-->GU,DO-->GU,DO-->GU,DO-->GU,DO-->GU,DO-->GU,DO-->GU,DO-->GU,DO-->GU,DO-->GU,DO-->GU,DO-->GU,DO-->GU,DO-->GU,DO-->GU,DO-->GU,DO-->GU
GT,GTM,Guatemala,Guatemala City,Americas,Central America,,GT-->DO,GT-->DO,GT-->DO,GT-->DO,GT-->DO,GT-->DO,GT-->DO,GT-->DO,GT-->DO,GT-->DO,GT-->DO,GT-->DO,GT-->DO,GT-->DO,GT-->DO,GT-->DO,GT-->DO,GT-->DO,GT-->DO,,,,,,,,,,,,,,,,,DO-->GT,DO-->GT,DO-->GT,DO-->GT,DO-->GT,DO-->GT,DO-->GT,DO-->GT,DO-->GT,DO-->GT,DO-->GT,DO-->GT,DO-->GT,DO-->GT,DO-->GT,DO-->GT,DO-->GT,DO-->GT,DO-->GT
GG,GGY,Guernsey,St. Peter Port,Europe,Northern Europe,,GG-->DO,GG-->DO,GG-->DO,GG-->DO,GG-->DO,GG-->DO,GG-->DO,GG-->DO,GG-->DO,GG-->DO,GG-->DO,GG-->DO,GG-->DO,GG-->DO,GG-->DO,GG-->DO,GG-->DO,GG-->DO,GG-->DO,,,,,,,,,,,,,,,,,DO-->GG,DO-->GG,DO-->GG,DO-->GG,DO-->GG,DO-->GG,DO-->GG,DO-->GG,DO-->GG,DO-->GG,DO-->GG,DO-->GG,DO-->GG,DO-->GG,DO-->GG,DO-->GG,DO-->GG,DO-->GG,DO-->GG
GN,GIN,Guinea,Conakry,Africa,Western Africa,,GN-->DO,GN-->DO,GN-->DO,GN-->DO,GN-->DO,GN-->DO,GN-->DO,GN-->DO,GN-->DO,GN-->DO,GN-->DO,GN-->DO,GN-->DO,GN-->DO,GN-->DO,GN-->DO,GN-->DO,GN-->DO,GN-->DO,,,,,,,,,,,,,,,,,DO-->GN,DO-->GN,DO-->GN,DO-->GN,DO-->GN,DO-->GN,DO-->GN,DO-->GN,DO-->GN,DO-->GN,DO-->GN,DO-->GN,DO-->GN,DO-->GN,DO-->GN,DO-->GN,DO-->GN,DO-->GN,DO-->GN
GW,GNB,Guinea-Bissau,Bissau,Africa,Western Africa,,GW-->DO,GW-->DO,GW-->DO,GW-->DO,GW-->DO,GW-->DO,GW-->DO,GW-->DO,GW-->DO,GW-->DO,GW-->DO,GW-->DO,GW-->DO,GW-->DO,GW-->DO,GW-->DO,GW-->DO,GW-->DO,GW-->DO,,,,,,,,,,,,,,,,,DO-->GW,DO-->GW,DO-->GW,DO-->GW,DO-->GW,DO-->GW,DO-->GW,DO-->GW,DO-->GW,DO-->GW,DO-->GW,DO-->GW,DO-->GW,DO-->GW,DO-->GW,DO-->GW,DO-->GW,DO-->GW,DO-->GW
GY,GUY,Guyana,Georgetown,Americas,South America,,GY-->DO,GY-->DO,GY-->DO,GY-->DO,GY-->DO,GY-->DO,GY-->DO,GY-->DO,GY-->DO,GY-->DO,GY-->DO,GY-->DO,GY-->DO,GY-->DO,GY-->DO,GY-->DO,GY-->DO,GY-->DO,GY-->DO,,,,,,,,,,,,,,,,,DO-->GY,DO-->GY,DO-->GY,DO-->GY,DO-->GY,DO-->GY,DO-->GY,DO-->GY,DO-->GY,DO-->GY,DO-->GY,DO-->GY,DO-->GY,DO-->GY,DO-->GY,DO-->GY,DO-->GY,DO-->GY,DO-->GY
HT,HTI,Haiti,Port-au-Prince,Americas,Caribbean,,HT-->DO,HT-->DO,HT-->DO,HT-->DO,HT-->DO,HT-->DO,HT-->DO,HT-->DO,HT-->DO,HT-->DO,HT-->DO,HT-->DO,HT-->DO,HT-->DO,HT-->DO,HT-->DO,HT-->DO,HT-->DO,HT-->DO,,,,,,,,,,,,,,,,,DO-->HT,DO-->HT,DO-->HT,DO-->HT,DO-->HT,DO-->HT,DO-->HT,DO-->HT,DO-->HT,DO-->HT,DO-->HT,DO-->HT,DO-->HT,DO-->HT,DO-->HT,DO-->HT,DO-->HT,DO-->HT,DO-->HT
HM,HMD,Heard Island and McDonald Islands,,,,,HM-->DO,HM-->DO,HM-->DO,HM-->DO,HM-->DO,HM-->DO,HM-->DO,HM-->DO,HM-->DO,HM-->DO,HM-->DO,HM-->DO,HM-->DO,HM-->DO,HM-->DO,HM-->DO,HM-->DO,HM-->DO,HM-->DO,,,,,,,,,,,,,,,,,DO-->HM,DO-->HM,DO-->HM,DO-->HM,DO-->HM,DO-->HM,DO-->HM,DO-->HM,DO-->HM,DO-->HM,DO-->HM,DO-->HM,DO-->HM,DO-->HM,DO-->HM,DO-->HM,DO-->HM,DO-->HM,DO-->HM
VA,VAT,Holy See,Rome,Europe,Southern Europe,,VA-->DO,VA-->DO,VA-->DO,VA-->DO,VA-->DO,VA-->DO,VA-->DO,VA-->DO,VA-->DO,VA-->DO,VA-->DO,VA-->DO,VA-->DO,VA-->DO,VA-->DO,VA-->DO,VA-->DO,VA-->DO,VA-->DO,,,,,,,,,,,,,,,,,DO-->VA,DO-->VA,DO-->VA,DO-->VA,DO-->VA,DO-->VA,DO-->VA,DO-->VA,DO-->VA,DO-->VA,DO-->VA,DO-->VA,DO-->VA,DO-->VA,DO-->VA,DO-->VA,DO-->VA,DO-->VA,DO-->VA
HN,HND,Honduras,Tegucigalpa,Americas,Central America,,HN-->DO,HN-->DO,HN-->DO,HN-->DO,HN-->DO,HN-->DO,HN-->DO,HN-->DO,HN-->DO,HN-->DO,HN-->DO,HN-->DO,HN-->DO,HN-->DO,HN-->DO,HN-->DO,HN-->DO,HN-->DO,HN-->DO,,,,,,,,,,,,,,,,,DO-->HN,DO-->HN,DO-->HN,DO-->HN,DO-->HN,DO-->HN,DO-->HN,DO-->HN,DO-->HN,DO-->HN,DO-->HN,DO-->HN,DO-->HN,DO-->HN,DO-->HN,DO-->HN,DO-->HN,DO-->HN,DO-->HN
HK,HKG,Hong Kong,City of Victoria,Asia,Eastern Asia,,HK-->DO,HK-->DO,HK-->DO,HK-->DO,HK-->DO,HK-->DO,HK-->DO,HK-->DO,HK-->DO,HK-->DO,HK-->DO,HK-->DO,HK-->DO,HK-->DO,HK-->DO,HK-->DO,HK-->DO,HK-->DO,HK-->DO,,,,,,,,,,,,,,,,,DO-->HK,DO-->HK,DO-->HK,DO-->HK,DO-->HK,DO-->HK,DO-->HK,DO-->HK,DO-->HK,DO-->HK,DO-->HK,DO-->HK,DO-->HK,DO-->HK,DO-->HK,DO-->HK,DO-->HK,DO-->HK,DO-->HK
HU,HUN,Hungary,Budapest,Europe,Eastern Europe,,HU-->DO,HU-->DO,HU-->DO,HU-->DO,HU-->DO,HU-->DO,HU-->DO,HU-->DO,HU-->DO,HU-->DO,HU-->DO,HU-->DO,HU-->DO,HU-->DO,HU-->DO,HU-->DO,HU-->DO,HU-->DO,HU-->DO,,,,,,,,,,,,,,,,,DO-->HU,DO-->HU,DO-->HU,DO-->HU,DO-->HU,DO-->HU,DO-->HU,DO-->HU,DO-->HU,DO-->HU,DO-->HU,DO-->HU,DO-->HU,DO-->HU,DO-->HU,DO-->HU,DO-->HU,DO-->HU,DO-->HU
IS,ISL,Iceland,Reykjavík,Europe,Northern Europe,,IS-->DO,IS-->DO,IS-->DO,IS-->DO,IS-->DO,IS-->DO,IS-->DO,IS-->DO,IS-->DO,IS-->DO,IS-->DO,IS-->DO,IS-->DO,IS-->DO,IS-->DO,IS-->DO,IS-->DO,IS-->DO,IS-->DO,,,,,,,,,,,,,,,,,DO-->IS,DO-->IS,DO-->IS,DO-->IS,DO-->IS,DO-->IS,DO-->IS,DO-->IS,DO-->IS,DO-->IS,DO-->IS,DO-->IS,DO-->IS,DO-->IS,DO-->IS,DO-->IS,DO-->IS,DO-->IS,DO-->IS
IN,IND,India,New Delhi,Asia,Southern Asia,,IN-->DO,IN-->DO,IN-->DO,IN-->DO,IN-->DO,IN-->DO,IN-->DO,IN-->DO,IN-->DO,IN-->DO,IN-->DO,IN-->DO,IN-->DO,IN-->DO,IN-->DO,IN-->DO,IN-->DO,IN-->DO,IN-->DO,,,,,,,,,,,,,,,,,DO-->IN,DO-->IN,DO-->IN,DO-->IN,DO-->IN,DO-->IN,DO-->IN,DO-->IN,DO-->IN,DO-->IN,DO-->IN,DO-->IN,DO-->IN,DO-->IN,DO-->IN,DO-->IN,DO-->IN,DO-->IN,DO-->IN
ID,IDN,Indonesia,Jakarta,Asia,South-Eastern Asia,,ID-->DO,ID-->DO,ID-->DO,ID-->DO,ID-->DO,ID-->DO,ID-->DO,ID-->DO,ID-->DO,ID-->DO,ID-->DO,ID-->DO,ID-->DO,ID-->DO,ID-->DO,ID-->DO,ID-->DO,ID-->DO,ID-->DO,,,,,,,,,,,,,,,,,DO-->ID,DO-->ID,DO-->ID,DO-->ID,DO-->ID,DO-->ID,DO-->ID,DO-->ID,DO-->ID,DO-->ID,DO-->ID,DO-->ID,DO-->ID,DO-->ID,DO-->ID,DO-->ID,DO-->ID,DO-->ID,DO-->ID
CI,CIV,Ivory Coast,Yamoussoukro,Africa,Western Africa,,CI-->DO,CI-->DO,CI-->DO,CI-->DO,CI-->DO,CI-->DO,CI-->DO,CI-->DO,CI-->DO,CI-->DO,CI-->DO,CI-->DO,CI-->DO,CI-->DO,CI-->DO,CI-->DO,CI-->DO,CI-->DO,CI-->DO,,,,,,,,,,,,,,,,,DO-->CI,DO-->CI,DO-->CI,DO-->CI,DO-->CI,DO-->CI,DO-->CI,DO-->CI,DO-->CI,DO-->CI,DO-->CI,DO-->CI,DO-->CI,DO-->CI,DO-->CI,DO-->CI,DO-->CI,DO-->CI,DO-->CI
IR,IRN,Iran,Tehran,Asia,Southern Asia,,IR-->DO,IR-->DO,IR-->DO,IR-->DO,IR-->DO,IR-->DO,IR-->DO,IR-->DO,IR-->DO,IR-->DO,IR-->DO,IR-->DO,IR-->DO,IR-->DO,IR-->DO,IR-->DO,IR-->DO,IR-->DO,IR-->DO,,,,,,,,,,,,,,,,,DO-->IR,DO-->IR,DO-->IR,DO-->IR,DO-->IR,DO-->IR,DO-->IR,DO-->IR,DO-->IR,DO-->IR,DO-->IR,DO-->IR,DO-->IR,DO-->IR,DO-->IR,DO-->IR,DO-->IR,DO-->IR,DO-->IR
IQ,IRQ,Iraq,Baghdad,Asia,Western Asia,,IQ-->DO,IQ-->DO,IQ-->DO,IQ-->DO,IQ-->DO,IQ-->DO,IQ-->DO,IQ-->DO,IQ-->DO,IQ-->DO,IQ-->DO,IQ-->DO,IQ-->DO,IQ-->DO,IQ-->DO,IQ-->DO,IQ-->DO,IQ-->DO,IQ-->DO,,,,,,,,,,,,,,,,,DO-->IQ,DO-->IQ,DO-->IQ,DO-->IQ,DO-->IQ,DO-->IQ,DO-->IQ,DO-->IQ,DO-->IQ,DO-->IQ,DO-->IQ,DO-->IQ,DO-->IQ,DO-->IQ,DO-->IQ,DO-->IQ,DO-->IQ,DO-->IQ,DO-->IQ
IE,IRL,Republic of Ireland,Dublin,Europe,Northern Europe,,IE-->DO,IE-->DO,IE-->DO,IE-->DO,IE-->DO,IE-->DO,IE-->DO,IE-->DO,IE-->DO,IE-->DO,IE-->DO,IE-->DO,IE-->DO,IE-->DO,IE-->DO,IE-->DO,IE-->DO,IE-->DO,IE-->DO,,,,,,,,,,,,,,,,,DO-->IE,DO-->IE,DO-->IE,DO-->IE,DO-->IE,DO-->IE,DO-->IE,DO-->IE,DO-->IE,DO-->IE,DO-->IE,DO-->IE,DO-->IE,DO-->IE,DO-->IE,DO-->IE,DO-->IE,DO-->IE,DO-->IE
IM,IMN,Isle of Man,Douglas,Europe,Northern Europe,,IM-->DO,IM-->DO,IM-->DO,IM-->DO,IM-->DO,IM-->DO,IM-->DO,IM-->DO,IM-->DO,IM-->DO,IM-->DO,IM-->DO,IM-->DO,IM-->DO,IM-->DO,IM-->DO,IM-->DO,IM-->DO,IM-->DO,,,,,,,,,,,,,,,,,DO-->IM,DO-->IM,DO-->IM,DO-->IM,DO-->IM,DO-->IM,DO-->IM,DO-->IM,DO-->IM,DO-->IM,DO-->IM,DO-->IM,DO-->IM,DO-->IM,DO-->IM,DO-->IM,DO-->IM,DO-->IM,DO-->IM
IL,ISR,Israel,Jerusalem,Asia,Western Asia,,IL-->DO,IL-->DO,IL-->DO,IL-->DO,IL-->DO,IL-->DO,IL-->DO,IL-->DO,IL-->DO,IL-->DO,IL-->DO,IL-->DO,IL-->DO,IL-->DO,IL-->DO,IL-->DO,IL-->DO,IL-->DO,IL-->DO,,,,,,,,,,,,,,,,,DO-->IL,DO-->IL,DO-->IL,DO-->IL,DO-->IL,DO-->IL,DO-->IL,DO-->IL,DO-->IL,DO-->IL,DO-->IL,DO-->IL,DO-->IL,DO-->IL,DO-->IL,DO-->IL,DO-->IL,DO-->IL,DO-->IL
IT,ITA,Italy,Rome,Europe,Southern Europe,,IT-->DO,IT-->DO,IT-->DO,IT-->DO,IT-->DO,IT-->DO,IT-->DO,IT-->DO,IT-->DO,IT-->DO,IT-->DO,IT-->DO,IT-->DO,IT-->DO,IT-->DO,IT-->DO,IT-->DO,IT-->DO,IT-->DO,,,,,,,,,,,,,,,,,DO-->IT,DO-->IT,DO-->IT,DO-->IT,DO-->IT,DO-->IT,DO-->IT,DO-->IT,DO-->IT,DO-->IT,DO-->IT,DO-->IT,DO-->IT,DO-->IT,DO-->IT,DO-->IT,DO-->IT,DO-->IT,DO-->IT
JM,JAM,Jamaica,Kingston,Americas,Caribbean,,JM-->DO,JM-->DO,JM-->DO,JM-->DO,JM-->DO,JM-->DO,JM-->DO,JM-->DO,JM-->DO,JM-->DO,JM-->DO,JM-->DO,JM-->DO,JM-->DO,JM-->DO,JM-->DO,JM-->DO,JM-->DO,JM-->DO,,,,,,,,,,,,,,,,,DO-->JM,DO-->JM,DO-->JM,DO-->JM,DO-->JM,DO-->JM,DO-->JM,DO-->JM,DO-->JM,DO-->JM,DO-->JM,DO-->JM,DO-->JM,DO-->JM,DO-->JM,DO-->JM,DO-->JM,DO-->JM,DO-->JM
JP,JPN,Japan,Tokyo,Asia,Eastern Asia,,JP-->DO,JP-->DO,JP-->DO,JP-->DO,JP-->DO,JP-->DO,JP-->DO,JP-->DO,JP-->DO,JP-->DO,JP-->DO,JP-->DO,JP-->DO,JP-->DO,JP-->DO,JP-->DO,JP-->DO,JP-->DO,JP-->DO,,,,,,,,,,,,,,,,,DO-->JP,DO-->JP,DO-->JP,DO-->JP,DO-->JP,DO-->JP,DO-->JP,DO-->JP,DO-->JP,DO-->JP,DO-->JP,DO-->JP,DO-->JP,DO-->JP,DO-->JP,DO-->JP,DO-->JP,DO-->JP,DO-->JP
JE,JEY,Jersey,Saint Helier,Europe,Northern Europe,,JE-->DO,JE-->DO,JE-->DO,JE-->DO,JE-->DO,JE-->DO,JE-->DO,JE-->DO,JE-->DO,JE-->DO,JE-->DO,JE-->DO,JE-->DO,JE-->DO,JE-->DO,JE-->DO,JE-->DO,JE-->DO,JE-->DO,,,,,,,,,,,,,,,,,DO-->JE,DO-->JE,DO-->JE,DO-->JE,DO-->JE,DO-->JE,DO-->JE,DO-->JE,DO-->JE,DO-->JE,DO-->JE,DO-->JE,DO-->JE,DO-->JE,DO-->JE,DO-->JE,DO-->JE,DO-->JE,DO-->JE
JO,JOR,Jordan,Amman,Asia,Western Asia,,JO-->DO,JO-->DO,JO-->DO,JO-->DO,JO-->DO,JO-->DO,JO-->DO,JO-->DO,JO-->DO,JO-->DO,JO-->DO,JO-->DO,JO-->DO,JO-->DO,JO-->DO,JO-->DO,JO-->DO,JO-->DO,JO-->DO,,,,,,,,,,,,,,,,,DO-->JO,DO-->JO,DO-->JO,DO-->JO,DO-->JO,DO-->JO,DO-->JO,DO-->JO,DO-->JO,DO-->JO,DO-->JO,DO-->JO,DO-->JO,DO-->JO,DO-->JO,DO-->JO,DO-->JO,DO-->JO,DO-->JO
KZ,KAZ,Kazakhstan,Astana,Asia,Central Asia,,KZ-->DO,KZ-->DO,KZ-->DO,KZ-->DO,KZ-->DO,KZ-->DO,KZ-->DO,KZ-->DO,KZ-->DO,KZ-->DO,KZ-->DO,KZ-->DO,KZ-->DO,KZ-->DO,KZ-->DO,KZ-->DO,KZ-->DO,KZ-->DO,KZ-->DO,,,,,,,,,,,,,,,,,DO-->KZ,DO-->KZ,DO-->KZ,DO-->KZ,DO-->KZ,DO-->KZ,DO-->KZ,DO-->KZ,DO-->KZ,DO-->KZ,DO-->KZ,DO-->KZ,DO-->KZ,DO-->KZ,DO-->KZ,DO-->KZ,DO-->KZ,DO-->KZ,DO-->KZ
KE,KEN,Kenya,Nairobi,Africa,Eastern Africa,,KE-->DO,KE-->DO,KE-->DO,KE-->DO,KE-->DO,KE-->DO,KE-->DO,KE-->DO,KE-->DO,KE-->DO,KE-->DO,KE-->DO,KE-->DO,KE-->DO,KE-->DO,KE-->DO,KE-->DO,KE-->DO,KE-->DO,,,,,,,,,,,,,,,,,DO-->KE,DO-->KE,DO-->KE,DO-->KE,DO-->KE,DO-->KE,DO-->KE,DO-->KE,DO-->KE,DO-->KE,DO-->KE,DO-->KE,DO-->KE,DO-->KE,DO-->KE,DO-->KE,DO-->KE,DO-->KE,DO-->KE
KI,KIR,Kiribati,South Tarawa,Oceania,Micronesia,,KI-->DO,KI-->DO,KI-->DO,KI-->DO,KI-->DO,KI-->DO,KI-->DO,KI-->DO,KI-->DO,KI-->DO,KI-->DO,KI-->DO,KI-->DO,KI-->DO,KI-->DO,KI-->DO,KI-->DO,KI-->DO,KI-->DO,,,,,,,,,,,,,,,,,DO-->KI,DO-->KI,DO-->KI,DO-->KI,DO-->KI,DO-->KI,DO-->KI,DO-->KI,DO-->KI,DO-->KI,DO-->KI,DO-->KI,DO-->KI,DO-->KI,DO-->KI,DO-->KI,DO-->KI,DO-->KI,DO-->KI
KW,KWT,Kuwait,Kuwait City,Asia,Western Asia,,KW-->DO,KW-->DO,KW-->DO,KW-->DO,KW-->DO,KW-->DO,KW-->DO,KW-->DO,KW-->DO,KW-->DO,KW-->DO,KW-->DO,KW-->DO,KW-->DO,KW-->DO,KW-->DO,KW-->DO,KW-->DO,KW-->DO,,,,,,,,,,,,,,,,,DO-->KW,DO-->KW,DO-->KW,DO-->KW,DO-->KW,DO-->KW,DO-->KW,DO-->KW,DO-->KW,DO-->KW,DO-->KW,DO-->KW,DO-->KW,DO-->KW,DO-->KW,DO-->KW,DO-->KW,DO-->KW,DO-->KW
KG,KGZ,Kyrgyzstan,Bishkek,Asia,Central Asia,,KG-->DO,KG-->DO,KG-->DO,KG-->DO,KG-->DO,KG-->DO,KG-->DO,KG-->DO,KG-->DO,KG-->DO,KG-->DO,KG-->DO,KG-->DO,KG-->DO,KG-->DO,KG-->DO,KG-->DO,KG-->DO,KG-->DO,,,,,,,,,,,,,,,,,DO-->KG,DO-->KG,DO-->KG,DO-->KG,DO-->KG,DO-->KG,DO-->KG,DO-->KG,DO-->KG,DO-->KG,DO-->KG,DO-->KG,DO-->KG,DO-->KG,DO-->KG,DO-->KG,DO-->KG,DO-->KG,DO-->KG
LA,LAO,Laos,Vientiane,Asia,South-Eastern Asia,,LA-->DO,LA-->DO,LA-->DO,LA-->DO,LA-->DO,LA-->DO,LA-->DO,LA-->DO,LA-->DO,LA-->DO,LA-->DO,LA-->DO,LA-->DO,LA-->DO,LA-->DO,LA-->DO,LA-->DO,LA-->DO,LA-->DO,,,,,,,,,,,,,,,,,DO-->LA,DO-->LA,DO-->LA,DO-->LA,DO-->LA,DO-->LA,DO-->LA,DO-->LA,DO-->LA,DO-->LA,DO-->LA,DO-->LA,DO-->LA,DO-->LA,DO-->LA,DO-->LA,DO-->LA,DO-->LA,DO-->LA
LV,LVA,Latvia,Riga,Europe,Northern Europe,,LV-->DO,LV-->DO,LV-->DO,LV-->DO,LV-->DO,LV-->DO,LV-->DO,LV-->DO,LV-->DO,LV-->DO,LV-->DO,LV-->DO,LV-->DO,LV-->DO,LV-->DO,LV-->DO,LV-->DO,LV-->DO,LV-->DO,,,,,,,,,,,,,,,,,DO-->LV,DO-->LV,DO-->LV,DO-->LV,DO-->LV,DO-->LV,DO-->LV,DO-->LV,DO-->LV,DO-->LV,DO-->LV,DO-->LV,DO-->LV,DO-->LV,DO-->LV,DO-->LV,DO-->LV,DO-->LV,DO-->LV
LB,LBN,Lebanon,Beirut,Asia,Western Asia,,LB-->DO,LB-->DO,LB-->DO,LB-->DO,LB-->DO,LB-->DO,LB-->DO,LB-->DO,LB-->DO,LB-->DO,LB-->DO,LB-->DO,LB-->DO,LB-->DO,LB-->DO,LB-->DO,LB-->DO,LB-->DO,LB-->DO,,,,,,,,,,,,,,,,,DO-->LB,DO-->LB,DO-->LB,DO-->LB,DO-->LB,DO-->LB,DO-->LB,DO-->LB,DO-->LB,DO-->LB,DO-->LB,DO-->LB,DO-->LB,DO-->LB,DO-->LB,DO-->LB,DO-->LB,DO-->LB,DO-->LB
LS,LSO,Lesotho,Maseru,Africa,Southern Africa,,LS-->DO,LS-->DO,LS-->DO,LS-->DO,LS-->DO,LS-->DO,LS-->DO,LS-->DO,LS-->DO,LS-->DO,LS-->DO,LS-->DO,LS-->DO,LS-->DO,LS-->DO,LS-->DO,LS-->DO,LS-->DO,LS-->DO,,,,,,,,,,,,,,,,,DO-->LS,DO-->LS,DO-->LS,DO-->LS,DO-->LS,DO-->LS,DO-->LS,DO-->LS,DO-->LS,DO-->LS,DO-->LS,DO-->LS,DO-->LS,DO-->LS,DO-->LS,DO-->LS,DO-->LS,DO-->LS,DO-->LS
LR,LBR,Liberia,Monrovia,Africa,Western Africa,,LR-->DO,LR-->DO,LR-->DO,LR-->DO,LR-->DO,LR-->DO,LR-->DO,LR-->DO,LR-->DO,LR-->DO,LR-->DO,LR-->DO,LR-->DO,LR-->DO,LR-->DO,LR-->DO,LR-->DO,LR-->DO,LR-->DO,,,,,,,,,,,,,,,,,DO-->LR,DO-->LR,DO-->LR,DO-->LR,DO-->LR,DO-->LR,DO-->LR,DO-->LR,DO-->LR,DO-->LR,DO-->LR,DO-->LR,DO-->LR,DO-->LR,DO-->LR,DO-->LR,DO-->LR,DO-->LR,DO-->LR
LY,LBY,Libya,Tripoli,Africa,Northern Africa,,LY-->DO,LY-->DO,LY-->DO,LY-->DO,LY-->DO,LY-->DO,LY-->DO,LY-->DO,LY-->DO,LY-->DO,LY-->DO,LY-->DO,LY-->DO,LY-->DO,LY-->DO,LY-->DO,LY-->DO,LY-->DO,LY-->DO,,,,,,,,,,,,,,,,,DO-->LY,DO-->LY,DO-->LY,DO-->LY,DO-->LY,DO-->LY,DO-->LY,DO-->LY,DO-->LY,DO-->LY,DO-->LY,DO-->LY,DO-->LY,DO-->LY,DO-->LY,DO-->LY,DO-->LY,DO-->LY,DO-->LY
LI,LIE,Liechtenstein,Vaduz,Europe,Western Europe,,LI-->DO,LI-->DO,LI-->DO,LI-->DO,LI-->DO,LI-->DO,LI-->DO,LI-->DO,LI-->DO,LI-->DO,LI-->DO,LI-->DO,LI-->DO,LI-->DO,LI-->DO,LI-->DO,LI-->DO,LI-->DO,LI-->DO,,,,,,,,,,,,,,,,,DO-->LI,DO-->LI,DO-->LI,DO-->LI,DO-->LI,DO-->LI,DO-->LI,DO-->LI,DO-->LI,DO-->LI,DO-->LI,DO-->LI,DO-->LI,DO-->LI,DO-->LI,DO-->LI,DO-->LI,DO-->LI,DO-->LI
LT,LTU,Lithuania,Vilnius,Europe,Northern Europe,,LT-->DO,LT-->DO,LT-->DO,LT-->DO,LT-->DO,LT-->DO,LT-->DO,LT-->DO,LT-->DO,LT-->DO,LT-->DO,LT-->DO,LT-->DO,LT-->DO,LT-->DO,LT-->DO,LT-->DO,LT-->DO,LT-->DO,,,,,,,,,,,,,,,,,DO-->LT,DO-->LT,DO-->LT,DO-->LT,DO-->LT,DO-->LT,DO-->LT,DO-->LT,DO-->LT,DO-->LT,DO-->LT,DO-->LT,DO-->LT,DO-->LT,DO-->LT,DO-->LT,DO-->LT,DO-->LT,DO-->LT
LU,LUX,Luxembourg,Luxembourg,Europe,Western Europe,,LU-->DO,LU-->DO,LU-->DO,LU-->DO,LU-->DO,LU-->DO,LU-->DO,LU-->DO,LU-->DO,LU-->DO,LU-->DO,LU-->DO,LU-->DO,LU-->DO,LU-->DO,LU-->DO,LU-->DO,LU-->DO,LU-->DO,,,,,,,,,,,,,,,,,DO-->LU,DO-->LU,DO-->LU,DO-->LU,DO-->LU,DO-->LU,DO-->LU,DO-->LU,DO-->LU,DO-->LU,DO-->LU,DO-->LU,DO-->LU,DO-->LU,DO-->LU,DO-->LU,DO-->LU,DO-->LU,DO-->LU
MO,MAC,Macau,,Asia,Eastern Asia,,MO-->DO,MO-->DO,MO-->DO,MO-->DO,MO-->DO,MO-->DO,MO-->DO,MO-->DO,MO-->DO,MO-->DO,MO-->DO,MO-->DO,MO-->DO,MO-->DO,MO-->DO,MO-->DO,MO-->DO,MO-->DO,MO-->DO,,,,,,,,,,,,,,,,,DO-->MO,DO-->MO,DO-->MO,DO-->MO,DO-->MO,DO-->MO,DO-->MO,DO-->MO,DO-->MO,DO-->MO,DO-->MO,DO-->MO,DO-->MO,DO-->MO,DO-->MO,DO-->MO,DO-->MO,DO-->MO,DO-->MO
MK,MKD,Republic of Macedonia,Skopje,Europe,Southern Europe,,MK-->DO,MK-->DO,MK-->DO,MK-->DO,MK-->DO,MK-->DO,MK-->DO,MK-->DO,MK-->DO,MK-->DO,MK-->DO,MK-->DO,MK-->DO,MK-->DO,MK-->DO,MK-->DO,MK-->DO,MK-->DO,MK-->DO,,,,,,,,,,,,,,,,,DO-->MK,DO-->MK,DO-->MK,DO-->MK,DO-->MK,DO-->MK,DO-->MK,DO-->MK,DO-->MK,DO-->MK,DO-->MK,DO-->MK,DO-->MK,DO-->MK,DO-->MK,DO-->MK,DO-->MK,DO-->MK,DO-->MK
MG,MDG,Madagascar,Antananarivo,Africa,Eastern Africa,,MG-->DO,MG-->DO,MG-->DO,MG-->DO,MG-->DO,MG-->DO,MG-->DO,MG-->DO,MG-->DO,MG-->DO,MG-->DO,MG-->DO,MG-->DO,MG-->DO,MG-->DO,MG-->DO,MG-->DO,MG-->DO,MG-->DO,,,,,,,,,,,,,,,,,DO-->MG,DO-->MG,DO-->MG,DO-->MG,DO-->MG,DO-->MG,DO-->MG,DO-->MG,DO-->MG,DO-->MG,DO-->MG,DO-->MG,DO-->MG,DO-->MG,DO-->MG,DO-->MG,DO-->MG,DO-->MG,DO-->MG
MW,MWI,Malawi,Lilongwe,Africa,Eastern Africa,,MW-->DO,MW-->DO,MW-->DO,MW-->DO,MW-->DO,MW-->DO,MW-->DO,MW-->DO,MW-->DO,MW-->DO,MW-->DO,MW-->DO,MW-->DO,MW-->DO,MW-->DO,MW-->DO,MW-->DO,MW-->DO,MW-->DO,,,,,,,,,,,,,,,,,DO-->MW,DO-->MW,DO-->MW,DO-->MW,DO-->MW,DO-->MW,DO-->MW,DO-->MW,DO-->MW,DO-->MW,DO-->MW,DO-->MW,DO-->MW,DO-->MW,DO-->MW,DO-->MW,DO-->MW,DO-->MW,DO-->MW
MY,MYS,Malaysia,Kuala Lumpur,Asia,South-Eastern Asia,,MY-->DO,MY-->DO,MY-->DO,MY-->DO,MY-->DO,MY-->DO,MY-->DO,MY-->DO,MY-->DO,MY-->DO,MY-->DO,MY-->DO,MY-->DO,MY-->DO,MY-->DO,MY-->DO,MY-->DO,MY-->DO,MY-->DO,,,,,,,,,,,,,,,,,DO-->MY,DO-->MY,DO-->MY,DO-->MY,DO-->MY,DO-->MY,DO-->MY,DO-->MY,DO-->MY,DO-->MY,DO-->MY,DO-->MY,DO-->MY,DO-->MY,DO-->MY,DO-->MY,DO-->MY,DO-->MY,DO-->MY
MV,MDV,Maldives,Malé,Asia,Southern Asia,,MV-->DO,MV-->DO,MV-->DO,MV-->DO,MV-->DO,MV-->DO,MV-->DO,MV-->DO,MV-->DO,MV-->DO,MV-->DO,MV-->DO,MV-->DO,MV-->DO,MV-->DO,MV-->DO,MV-->DO,MV-->DO,MV-->DO,,,,,,,,,,,,,,,,,DO-->MV,DO-->MV,DO-->MV,DO-->MV,DO-->MV,DO-->MV,DO-->MV,DO-->MV,DO-->MV,DO-->MV,DO-->MV,DO-->MV,DO-->MV,DO-->MV,DO-->MV,DO-->MV,DO-->MV,DO-->MV,DO-->MV
ML,MLI,Mali,Bamako,Africa,Western Africa,,ML-->DO,ML-->DO,ML-->DO,ML-->DO,ML-->DO,ML-->DO,ML-->DO,ML-->DO,ML-->DO,ML-->DO,ML-->DO,ML-->DO,ML-->DO,ML-->DO,ML-->DO,ML-->DO,ML-->DO,ML-->DO,ML-->DO,,,,,,,,,,,,,,,,,DO-->ML,DO-->ML,DO-->ML,DO-->ML,DO-->ML,DO-->ML,DO-->ML,DO-->ML,DO-->ML,DO-->ML,DO-->ML,DO-->ML,DO-->ML,DO-->ML,DO-->ML,DO-->ML,DO-->ML,DO-->ML,DO-->ML
MT,MLT,Malta,Valletta,Europe,Southern Europe,,MT-->DO,MT-->DO,MT-->DO,MT-->DO,MT-->DO,MT-->DO,MT-->DO,MT-->DO,MT-->DO,MT-->DO,MT-->DO,MT-->DO,MT-->DO,MT-->DO,MT-->DO,MT-->DO,MT-->DO,MT-->DO,MT-->DO,,,,,,,,,,,,,,,,,DO-->MT,DO-->MT,DO-->MT,DO-->MT,DO-->MT,DO-->MT,DO-->MT,DO-->MT,DO-->MT,DO-->MT,DO-->MT,DO-->MT,DO-->MT,DO-->MT,DO-->MT,DO-->MT,DO-->MT,DO-->MT,DO-->MT
MH,MHL,Marshall Islands,Majuro,Oceania,Micronesia,,MH-->DO,MH-->DO,MH-->DO,MH-->DO,MH-->DO,MH-->DO,MH-->DO,MH-->DO,MH-->DO,MH-->DO,MH-->DO,MH-->DO,MH-->DO,MH-->DO,MH-->DO,MH-->DO,MH-->DO,MH-->DO,MH-->DO,,,,,,,,,,,,,,,,,DO-->MH,DO-->MH,DO-->MH,DO-->MH,DO-->MH,DO-->MH,DO-->MH,DO-->MH,DO-->MH,DO-->MH,DO-->MH,DO-->MH,DO-->MH,DO-->MH,DO-->MH,DO-->MH,DO-->MH,DO-->MH,DO-->MH
MQ,MTQ,Martinique,Fort-de-France,Americas,Caribbean,,MQ-->DO,MQ-->DO,MQ-->DO,MQ-->DO,MQ-->DO,MQ-->DO,MQ-->DO,MQ-->DO,MQ-->DO,MQ-->DO,MQ-->DO,MQ-->DO,MQ-->DO,MQ-->DO,MQ-->DO,MQ-->DO,MQ-->DO,MQ-->DO,MQ-->DO,,,,,,,,,,,,,,,,,DO-->MQ,DO-->MQ,DO-->MQ,DO-->MQ,DO-->MQ,DO-->MQ,DO-->MQ,DO-->MQ,DO-->MQ,DO-->MQ,DO-->MQ,DO-->MQ,DO-->MQ,DO-->MQ,DO-->MQ,DO-->MQ,DO-->MQ,DO-->MQ,DO-->MQ
MR,MRT,Mauritania,Nouakchott,Africa,Western Africa,,MR-->DO,MR-->DO,MR-->DO,MR-->DO,MR-->DO,MR-->DO,MR-->DO,MR-->DO,MR-->DO,MR-->DO,MR-->DO,MR-->DO,MR-->DO,MR-->DO,MR-->DO,MR-->DO,MR-->DO,MR-->DO,MR-->DO,0.0,,,,,,,,,,,,,,,,DO-->MR,DO-->MR,DO-->MR,DO-->MR,DO-->MR,DO-->MR,DO-->MR,DO-->MR,DO-->MR,DO-->MR,DO-->MR,DO-->MR,DO-->MR,DO-->MR,DO-->MR,DO-->MR,DO-->MR,DO-->MR,DO-->MR
MU,MUS,Mauritius,Port Louis,Africa,Eastern Africa,,MU-->DO,MU-->DO,MU-->DO,MU-->DO,MU-->DO,MU-->DO,MU-->DO,MU-->DO,MU-->DO,MU-->DO,MU-->DO,MU-->DO,MU-->DO,MU-->DO,MU-->DO,MU-->DO,MU-->DO,MU-->DO,MU-->DO,,,,,,,,,,,,,,,,,DO-->MU,DO-->MU,DO-->MU,DO-->MU,DO-->MU,DO-->MU,DO-->MU,DO-->MU,DO-->MU,DO-->MU,DO-->MU,DO-->MU,DO-->MU,DO-->MU,DO-->MU,DO-->MU,DO-->MU,DO-->MU,DO-->MU
YT,MYT,Mayotte,Mamoudzou,Africa,Eastern Africa,,YT-->DO,YT-->DO,YT-->DO,YT-->DO,YT-->DO,YT-->DO,YT-->DO,YT-->DO,YT-->DO,YT-->DO,YT-->DO,YT-->DO,YT-->DO,YT-->DO,YT-->DO,YT-->DO,YT-->DO,YT-->DO,YT-->DO,,,,,,,,,,,,,,,,,DO-->YT,DO-->YT,DO-->YT,DO-->YT,DO-->YT,DO-->YT,DO-->YT,DO-->YT,DO-->YT,DO-->YT,DO-->YT,DO-->YT,DO-->YT,DO-->YT,DO-->YT,DO-->YT,DO-->YT,DO-->YT,DO-->YT
MX,MEX,Mexico,Mexico City,Americas,Central America,,MX-->DO,MX-->DO,MX-->DO,MX-->DO,MX-->DO,MX-->DO,MX-->DO,MX-->DO,MX-->DO,MX-->DO,MX-->DO,MX-->DO,MX-->DO,MX-->DO,MX-->DO,MX-->DO,MX-->DO,MX-->DO,MX-->DO,,,,,,,,,,,,,,,,,DO-->MX,DO-->MX,DO-->MX,DO-->MX,DO-->MX,DO-->MX,DO-->MX,DO-->MX,DO-->MX,DO-->MX,DO-->MX,DO-->MX,DO-->MX,DO-->MX,DO-->MX,DO-->MX,DO-->MX,DO-->MX,DO-->MX
FM,FSM,Federated States of Micronesia,Palikir,Oceania,Micronesia,,FM-->DO,FM-->DO,FM-->DO,FM-->DO,FM-->DO,FM-->DO,FM-->DO,FM-->DO,FM-->DO,FM-->DO,FM-->DO,FM-->DO,FM-->DO,FM-->DO,FM-->DO,FM-->DO,FM-->DO,FM-->DO,FM-->DO,,,,,,,,,,,,,,,,,DO-->FM,DO-->FM,DO-->FM,DO-->FM,DO-->FM,DO-->FM,DO-->FM,DO-->FM,DO-->FM,DO-->FM,DO-->FM,DO-->FM,DO-->FM,DO-->FM,DO-->FM,DO-->FM,DO-->FM,DO-->FM,DO-->FM
MD,MDA,Moldova,Chișinău,Europe,Eastern Europe,,MD-->DO,MD-->DO,MD-->DO,MD-->DO,MD-->DO,MD-->DO,MD-->DO,MD-->DO,MD-->DO,MD-->DO,MD-->DO,MD-->DO,MD-->DO,MD-->DO,MD-->DO,MD-->DO,MD-->DO,MD-->DO,MD-->DO,,,,,,,,,,,,,,,,,DO-->MD,DO-->MD,DO-->MD,DO-->MD,DO-->MD,DO-->MD,DO-->MD,DO-->MD,DO-->MD,DO-->MD,DO-->MD,DO-->MD,DO-->MD,DO-->MD,DO-->MD,DO-->MD,DO-->MD,DO-->MD,DO-->MD
MC,MCO,Monaco,Monaco,Europe,Western Europe,,MC-->DO,MC-->DO,MC-->DO,MC-->DO,MC-->DO,MC-->DO,MC-->DO,MC-->DO,MC-->DO,MC-->DO,MC-->DO,MC-->DO,MC-->DO,MC-->DO,MC-->DO,MC-->DO,MC-->DO,MC-->DO,MC-->DO,,,,,,,,,,,,,,,,,DO-->MC,DO-->MC,DO-->MC,DO-->MC,DO-->MC,DO-->MC,DO-->MC,DO-->MC,DO-->MC,DO-->MC,DO-->MC,DO-->MC,DO-->MC,DO-->MC,DO-->MC,DO-->MC,DO-->MC,DO-->MC,DO-->MC
MN,MNG,Mongolia,Ulan Bator,Asia,Eastern Asia,,MN-->DO,MN-->DO,MN-->DO,MN-->DO,MN-->DO,MN-->DO,MN-->DO,MN-->DO,MN-->DO,MN-->DO,MN-->DO,MN-->DO,MN-->DO,MN-->DO,MN-->DO,MN-->DO,MN-->DO,MN-->DO,MN-->DO,,,,,,,,,,,,,,,,,DO-->MN,DO-->MN,DO-->MN,DO-->MN,DO-->MN,DO-->MN,DO-->MN,DO-->MN,DO-->MN,DO-->MN,DO-->MN,DO-->MN,DO-->MN,DO-->MN,DO-->MN,DO-->MN,DO-->MN,DO-->MN,DO-->MN
ME,MNE,Montenegro,Podgorica,Europe,Southern Europe,,ME-->DO,ME-->DO,ME-->DO,ME-->DO,ME-->DO,ME-->DO,ME-->DO,ME-->DO,ME-->DO,ME-->DO,ME-->DO,ME-->DO,ME-->DO,ME-->DO,ME-->DO,ME-->DO,ME-->DO,ME-->DO,ME-->DO,,,,,,,,,,,,,,,,,DO-->ME,DO-->ME,DO-->ME,DO-->ME,DO-->ME,DO-->ME,DO-->ME,DO-->ME,DO-->ME,DO-->ME,DO-->ME,DO-->ME,DO-->ME,DO-->ME,DO-->ME,DO-->ME,DO-->ME,DO-->ME,DO-->ME
MS,MSR,Montserrat,Plymouth,Americas,Caribbean,,MS-->DO,MS-->DO,MS-->DO,MS-->DO,MS-->DO,MS-->DO,MS-->DO,MS-->DO,MS-->DO,MS-->DO,MS-->DO,MS-->DO,MS-->DO,MS-->DO,MS-->DO,MS-->DO,MS-->DO,MS-->DO,MS-->DO,,,,,,,,,,,,,,,,,DO-->MS,DO-->MS,DO-->MS,DO-->MS,DO-->MS,DO-->MS,DO-->MS,DO-->MS,DO-->MS,DO-->MS,DO-->MS,DO-->MS,DO-->MS,DO-->MS,DO-->MS,DO-->MS,DO-->MS,DO-->MS,DO-->MS
MA,MAR,Morocco,Rabat,Africa,Northern Africa,,MA-->DO,MA-->DO,MA-->DO,MA-->DO,MA-->DO,MA-->DO,MA-->DO,MA-->DO,MA-->DO,MA-->DO,MA-->DO,MA-->DO,MA-->DO,MA-->DO,MA-->DO,MA-->DO,MA-->DO,MA-->DO,MA-->DO,,,,,,,,,,,,,,,,,DO-->MA,DO-->MA,DO-->MA,DO-->MA,DO-->MA,DO-->MA,DO-->MA,DO-->MA,DO-->MA,DO-->MA,DO-->MA,DO-->MA,DO-->MA,DO-->MA,DO-->MA,DO-->MA,DO-->MA,DO-->MA,DO-->MA
MZ,MOZ,Mozambique,Maputo,Africa,Eastern Africa,,MZ-->DO,MZ-->DO,MZ-->DO,MZ-->DO,MZ-->DO,MZ-->DO,MZ-->DO,MZ-->DO,MZ-->DO,MZ-->DO,MZ-->DO,MZ-->DO,MZ-->DO,MZ-->DO,MZ-->DO,MZ-->DO,MZ-->DO,MZ-->DO,MZ-->DO,,,,,,,,,,,,,,,,,DO-->MZ,DO-->MZ,DO-->MZ,DO-->MZ,DO-->MZ,DO-->MZ,DO-->MZ,DO-->MZ,DO-->MZ,DO-->MZ,DO-->MZ,DO-->MZ,DO-->MZ,DO-->MZ,DO-->MZ,DO-->MZ,DO-->MZ,DO-->MZ,DO-->MZ
MM,MMR,Myanmar,Naypyidaw,Asia,South-Eastern Asia,,MM-->DO,MM-->DO,MM-->DO,MM-->DO,MM-->DO,MM-->DO,MM-->DO,MM-->DO,MM-->DO,MM-->DO,MM-->DO,MM-->DO,MM-->DO,MM-->DO,MM-->DO,MM-->DO,MM-->DO,MM-->DO,MM-->DO,,,,,,,,,,,,,,,,,DO-->MM,DO-->MM,DO-->MM,DO-->MM,DO-->MM,DO-->MM,DO-->MM,DO-->MM,DO-->MM,DO-->MM,DO-->MM,DO-->MM,DO-->MM,DO-->MM,DO-->MM,DO-->MM,DO-->MM,DO-->MM,DO-->MM
,NAM,Namibia,Windhoek,Africa,Southern Africa,,NA-->DO,NA-->DO,NA-->DO,NA-->DO,NA-->DO,NA-->DO,NA-->DO,NA-->DO,NA-->DO,NA-->DO,NA-->DO,NA-->DO,NA-->DO,NA-->DO,NA-->DO,NA-->DO,NA-->DO,NA-->DO,NA-->DO,,,,,,,,,,,,,,,,,DO-->NA,DO-->NA,DO-->NA,DO-->NA,DO-->NA,DO-->NA,DO-->NA,DO-->NA,DO-->NA,DO-->NA,DO-->NA,DO-->NA,DO-->NA,DO-->NA,DO-->NA,DO-->NA,DO-->NA,DO-->NA,DO-->NA
NR,NRU,Nauru,Yaren,Oceania,Micronesia,,NR-->DO,NR-->DO,NR-->DO,NR-->DO,NR-->DO,NR-->DO,NR-->DO,NR-->DO,NR-->DO,NR-->DO,NR-->DO,NR-->DO,NR-->DO,NR-->DO,NR-->DO,NR-->DO,NR-->DO,NR-->DO,NR-->DO,,,,,,,,,,,,,,,,,DO-->NR,DO-->NR,DO-->NR,DO-->NR,DO-->NR,DO-->NR,DO-->NR,DO-->NR,DO-->NR,DO-->NR,DO-->NR,DO-->NR,DO-->NR,DO-->NR,DO-->NR,DO-->NR,DO-->NR,DO-->NR,DO-->NR
NP,NPL,Nepal,Kathmandu,Asia,Southern Asia,,NP-->DO,NP-->DO,NP-->DO,NP-->DO,NP-->DO,NP-->DO,NP-->DO,NP-->DO,NP-->DO,NP-->DO,NP-->DO,NP-->DO,NP-->DO,NP-->DO,NP-->DO,NP-->DO,NP-->DO,NP-->DO,NP-->DO,,,,,,,,,,,,,,,,,DO-->NP,DO-->NP,DO-->NP,DO-->NP,DO-->NP,DO-->NP,DO-->NP,DO-->NP,DO-->NP,DO-->NP,DO-->NP,DO-->NP,DO-->NP,DO-->NP,DO-->NP,DO-->NP,DO-->NP,DO-->NP,DO-->NP
NL,NLD,Netherlands,Amsterdam,Europe,Western Europe,,NL-->DO,NL-->DO,NL-->DO,NL-->DO,NL-->DO,NL-->DO,NL-->DO,NL-->DO,NL-->DO,NL-->DO,NL-->DO,NL-->DO,NL-->DO,NL-->DO,NL-->DO,NL-->DO,NL-->DO,NL-->DO,NL-->DO,,,,,,,,,,,,,,,,,DO-->NL,DO-->NL,DO-->NL,DO-->NL,DO-->NL,DO-->NL,DO-->NL,DO-->NL,DO-->NL,DO-->NL,DO-->NL,DO-->NL,DO-->NL,DO-->NL,DO-->NL,DO-->NL,DO-->NL,DO-->NL,DO-->NL
NC,NCL,New Caledonia,Nouméa,Oceania,Melanesia,,NC-->DO,NC-->DO,NC-->DO,NC-->DO,NC-->DO,NC-->DO,NC-->DO,NC-->DO,NC-->DO,NC-->DO,NC-->DO,NC-->DO,NC-->DO,NC-->DO,NC-->DO,NC-->DO,NC-->DO,NC-->DO,NC-->DO,,,,,,,,,,,,,,,,,DO-->NC,DO-->NC,DO-->NC,DO-->NC,DO-->NC,DO-->NC,DO-->NC,DO-->NC,DO-->NC,DO-->NC,DO-->NC,DO-->NC,DO-->NC,DO-->NC,DO-->NC,DO-->NC,DO-->NC,DO-->NC,DO-->NC
NZ,NZL,New Zealand,Wellington,Oceania,Australia and New Zealand,,NZ-->DO,NZ-->DO,NZ-->DO,NZ-->DO,NZ-->DO,NZ-->DO,NZ-->DO,NZ-->DO,NZ-->DO,NZ-->DO,NZ-->DO,NZ-->DO,NZ-->DO,NZ-->DO,NZ-->DO,NZ-->DO,NZ-->DO,NZ-->DO,NZ-->DO,,,,,,,,,,,,,,,,,DO-->NZ,DO-->NZ,DO-->NZ,DO-->NZ,DO-->NZ,DO-->NZ,DO-->NZ,DO-->NZ,DO-->NZ,DO-->NZ,DO-->NZ,DO-->NZ,DO-->NZ,DO-->NZ,DO-->NZ,DO-->NZ,DO-->NZ,DO-->NZ,DO-->NZ
NI,NIC,Nicaragua,Managua,Americas,Central America,,NI-->DO,NI-->DO,NI-->DO,NI-->DO,NI-->DO,NI-->DO,NI-->DO,NI-->DO,NI-->DO,NI-->DO,NI-->DO,NI-->DO,NI-->DO,NI-->DO,NI-->DO,NI-->DO,NI-->DO,NI-->DO,NI-->DO,,,,,,,,,,,,,,,,,DO-->NI,DO-->NI,DO-->NI,DO-->NI,DO-->NI,DO-->NI,DO-->NI,DO-->NI,DO-->NI,DO-->NI,DO-->NI,DO-->NI,DO-->NI,DO-->NI,DO-->NI,DO-->NI,DO-->NI,DO-->NI,DO-->NI
NE,NER,Niger,Niamey,Africa,Western Africa,,NE-->DO,NE-->DO,NE-->DO,NE-->DO,NE-->DO,NE-->DO,NE-->DO,NE-->DO,NE-->DO,NE-->DO,NE-->DO,NE-->DO,NE-->DO,NE-->DO,NE-->DO,NE-->DO,NE-->DO,NE-->DO,NE-->DO,,,,,,,,,,,,,,,,,DO-->NE,DO-->NE,DO-->NE,DO-->NE,DO-->NE,DO-->NE,DO-->NE,DO-->NE,DO-->NE,DO-->NE,DO-->NE,DO-->NE,DO-->NE,DO-->NE,DO-->NE,DO-->NE,DO-->NE,DO-->NE,DO-->NE
NG,NGA,Nigeria,Abuja,Africa,Western Africa,,NG-->DO,NG-->DO,NG-->DO,NG-->DO,NG-->DO,NG-->DO,NG-->DO,NG-->DO,NG-->DO,NG-->DO,NG-->DO,NG-->DO,NG-->DO,NG-->DO,NG-->DO,NG-->DO,NG-->DO,NG-->DO,NG-->DO,,,,,,,,,,,,,,,,,DO-->NG,DO-->NG,DO-->NG,DO-->NG,DO-->NG,DO-->NG,DO-->NG,DO-->NG,DO-->NG,DO-->NG,DO-->NG,DO-->NG,DO-->NG,DO-->NG,DO-->NG,DO-->NG,DO-->NG,DO-->NG,DO-->NG
NU,NIU,Niue,Alofi,Oceania,Polynesia,,NU-->DO,NU-->DO,NU-->DO,NU-->DO,NU-->DO,NU-->DO,NU-->DO,NU-->DO,NU-->DO,NU-->DO,NU-->DO,NU-->DO,NU-->DO,NU-->DO,NU-->DO,NU-->DO,NU-->DO,NU-->DO,NU-->DO,,,,,,,,,,,,,,,,,DO-->NU,DO-->NU,DO-->NU,DO-->NU,DO-->NU,DO-->NU,DO-->NU,DO-->NU,DO-->NU,DO-->NU,DO-->NU,DO-->NU,DO-->NU,DO-->NU,DO-->NU,DO-->NU,DO-->NU,DO-->NU,DO-->NU
NF,NFK,Norfolk Island,Kingston,Oceania,Australia and New Zealand,,NF-->DO,NF-->DO,NF-->DO,NF-->DO,NF-->DO,NF-->DO,NF-->DO,NF-->DO,NF-->DO,NF-->DO,NF-->DO,NF-->DO,NF-->DO,NF-->DO,NF-->DO,NF-->DO,NF-->DO,NF-->DO,NF-->DO,,,,,,,,,,,,,,,,,DO-->NF,DO-->NF,DO-->NF,DO-->NF,DO-->NF,DO-->NF,DO-->NF,DO-->NF,DO-->NF,DO-->NF,DO-->NF,DO-->NF,DO-->NF,DO-->NF,DO-->NF,DO-->NF,DO-->NF,DO-->NF,DO-->NF
KP,PRK,North Korea,Pyongyang,Asia,Eastern Asia,,KP-->DO,KP-->DO,KP-->DO,KP-->DO,KP-->DO,KP-->DO,KP-->DO,KP-->DO,KP-->DO,KP-->DO,KP-->DO,KP-->DO,KP-->DO,KP-->DO,KP-->DO,KP-->DO,KP-->DO,KP-->DO,KP-->DO,,,,,,,,,,,,,,,,,DO-->KP,DO-->KP,DO-->KP,DO-->KP,DO-->KP,DO-->KP,DO-->KP,DO-->KP,DO-->KP,DO-->KP,DO-->KP,DO-->KP,DO-->KP,DO-->KP,DO-->KP,DO-->KP,DO-->KP,DO-->KP,DO-->KP
MP,MNP,Northern Mariana Islands,Saipan,Oceania,Micronesia,,MP-->DO,MP-->DO,MP-->DO,MP-->DO,MP-->DO,MP-->DO,MP-->DO,MP-->DO,MP-->DO,MP-->DO,MP-->DO,MP-->DO,MP-->DO,MP-->DO,MP-->DO,MP-->DO,MP-->DO,MP-->DO,MP-->DO,,,,,,,,,,,,,,,,,DO-->MP,DO-->MP,DO-->MP,DO-->MP,DO-->MP,DO-->MP,DO-->MP,DO-->MP,DO-->MP,DO-->MP,DO-->MP,DO-->MP,DO-->MP,DO-->MP,DO-->MP,DO-->MP,DO-->MP,DO-->MP,DO-->MP
NO,NOR,Norway,Oslo,Europe,Northern Europe,,NO-->DO,NO-->DO,NO-->DO,NO-->DO,NO-->DO,NO-->DO,NO-->DO,NO-->DO,NO-->DO,NO-->DO,NO-->DO,NO-->DO,NO-->DO,NO-->DO,NO-->DO,NO-->DO,NO-->DO,NO-->DO,NO-->DO,,,,,,,,,,,,,,,,,DO-->NO,DO-->NO,DO-->NO,DO-->NO,DO-->NO,DO-->NO,DO-->NO,DO-->NO,DO-->NO,DO-->NO,DO-->NO,DO-->NO,DO-->NO,DO-->NO,DO-->NO,DO-->NO,DO-->NO,DO-->NO,DO-->NO
OM,OMN,Oman,Muscat,Asia,Western Asia,,OM-->DO,OM-->DO,OM-->DO,OM-->DO,OM-->DO,OM-->DO,OM-->DO,OM-->DO,OM-->DO,OM-->DO,OM-->DO,OM-->DO,OM-->DO,OM-->DO,OM-->DO,OM-->DO,OM-->DO,OM-->DO,OM-->DO,,,,,,,,,,,,,,,,,DO-->OM,DO-->OM,DO-->OM,DO-->OM,DO-->OM,DO-->OM,DO-->OM,DO-->OM,DO-->OM,DO-->OM,DO-->OM,DO-->OM,DO-->OM,DO-->OM,DO-->OM,DO-->OM,DO-->OM,DO-->OM,DO-->OM
PK,PAK,Pakistan,Islamabad,Asia,Southern Asia,,PK-->DO,PK-->DO,PK-->DO,PK-->DO,PK-->DO,PK-->DO,PK-->DO,PK-->DO,PK-->DO,PK-->DO,PK-->DO,PK-->DO,PK-->DO,PK-->DO,PK-->DO,PK-->DO,PK-->DO,PK-->DO,PK-->DO,,,,,,,,,,,,,,,,,DO-->PK,DO-->PK,DO-->PK,DO-->PK,DO-->PK,DO-->PK,DO-->PK,DO-->PK,DO-->PK,DO-->PK,DO-->PK,DO-->PK,DO-->PK,DO-->PK,DO-->PK,DO-->PK,DO-->PK,DO-->PK,DO-->PK
PW,PLW,Palau,Ngerulmud,Oceania,Micronesia,,PW-->DO,PW-->DO,PW-->DO,PW-->DO,PW-->DO,PW-->DO,PW-->DO,PW-->DO,PW-->DO,PW-->DO,PW-->DO,PW-->DO,PW-->DO,PW-->DO,PW-->DO,PW-->DO,PW-->DO,PW-->DO,PW-->DO,,,,,,,,,,,,,,,,,DO-->PW,DO-->PW,DO-->PW,DO-->PW,DO-->PW,DO-->PW,DO-->PW,DO-->PW,DO-->PW,DO-->PW,DO-->PW,DO-->PW,DO-->PW,DO-->PW,DO-->PW,DO-->PW,DO-->PW,DO-->PW,DO-->PW
PS,PSE,Palestine,Ramallah,Asia,Western Asia,,PS-->DO,PS-->DO,PS-->DO,PS-->DO,PS-->DO,PS-->DO,PS-->DO,PS-->DO,PS-->DO,PS-->DO,PS-->DO,PS-->DO,PS-->DO,PS-->DO,PS-->DO,PS-->DO,PS-->DO,PS-->DO,PS-->DO,,,,,,,,,,,,,,,,,DO-->PS,DO-->PS,DO-->PS,DO-->PS,DO-->PS,DO-->PS,DO-->PS,DO-->PS,DO-->PS,DO-->PS,DO-->PS,DO-->PS,DO-->PS,DO-->PS,DO-->PS,DO-->PS,DO-->PS,DO-->PS,DO-->PS
PA,PAN,Panama,Panama City,Americas,Central America,,PA-->DO,PA-->DO,PA-->DO,PA-->DO,PA-->DO,PA-->DO,PA-->DO,PA-->DO,PA-->DO,PA-->DO,PA-->DO,PA-->DO,PA-->DO,PA-->DO,PA-->DO,PA-->DO,PA-->DO,PA-->DO,PA-->DO,,,,,,,,,,,,,,,,,DO-->PA,DO-->PA,DO-->PA,DO-->PA,DO-->PA,DO-->PA,DO-->PA,DO-->PA,DO-->PA,DO-->PA,DO-->PA,DO-->PA,DO-->PA,DO-->PA,DO-->PA,DO-->PA,DO-->PA,DO-->PA,DO-->PA
PG,PNG,Papua New Guinea,Port Moresby,Oceania,Melanesia,,PG-->DO,PG-->DO,PG-->DO,PG-->DO,PG-->DO,PG-->DO,PG-->DO,PG-->DO,PG-->DO,PG-->DO,PG-->DO,PG-->DO,PG-->DO,PG-->DO,PG-->DO,PG-->DO,PG-->DO,PG-->DO,PG-->DO,,,,,,,,,,,,,,,,,DO-->PG,DO-->PG,DO-->PG,DO-->PG,DO-->PG,DO-->PG,DO-->PG,DO-->PG,DO-->PG,DO-->PG,DO-->PG,DO-->PG,DO-->PG,DO-->PG,DO-->PG,DO-->PG,DO-->PG,DO-->PG,DO-->PG
PY,PRY,Paraguay,Asunción,Americas,South America,,PY-->DO,PY-->DO,PY-->DO,PY-->DO,PY-->DO,PY-->DO,PY-->DO,PY-->DO,PY-->DO,PY-->DO,PY-->DO,PY-->DO,PY-->DO,PY-->DO,PY-->DO,PY-->DO,PY-->DO,PY-->DO,PY-->DO,,,,,,,,,,,,,,,,,DO-->PY,DO-->PY,DO-->PY,DO-->PY,DO-->PY,DO-->PY,DO-->PY,DO-->PY,DO-->PY,DO-->PY,DO-->PY,DO-->PY,DO-->PY,DO-->PY,DO-->PY,DO-->PY,DO-->PY,DO-->PY,DO-->PY
PE,PER,Peru,Lima,Americas,South America,,PE-->DO,PE-->DO,PE-->DO,PE-->DO,PE-->DO,PE-->DO,PE-->DO,PE-->DO,PE-->DO,PE-->DO,PE-->DO,PE-->DO,PE-->DO,PE-->DO,PE-->DO,PE-->DO,PE-->DO,PE-->DO,PE-->DO,,,,,,,,,,,,,,,,,DO-->PE,DO-->PE,DO-->PE,DO-->PE,DO-->PE,DO-->PE,DO-->PE,DO-->PE,DO-->PE,DO-->PE,DO-->PE,DO-->PE,DO-->PE,DO-->PE,DO-->PE,DO-->PE,DO-->PE,DO-->PE,DO-->PE
PH,PHL,Philippines,Manila,Asia,South-Eastern Asia,,PH-->DO,PH-->DO,PH-->DO,PH-->DO,PH-->DO,PH-->DO,PH-->DO,PH-->DO,PH-->DO,PH-->DO,PH-->DO,PH-->DO,PH-->DO,PH-->DO,PH-->DO,PH-->DO,PH-->DO,PH-->DO,PH-->DO,,,,,,,,,,,,,,,,,DO-->PH,DO-->PH,DO-->PH,DO-->PH,DO-->PH,DO-->PH,DO-->PH,DO-->PH,DO-->PH,DO-->PH,DO-->PH,DO-->PH,DO-->PH,DO-->PH,DO-->PH,DO-->PH,DO-->PH,DO-->PH,DO-->PH
PN,PCN,Pitcairn Islands,Adamstown,Oceania,Polynesia,,PN-->DO,PN-->DO,PN-->DO,PN-->DO,PN-->DO,PN-->DO,PN-->DO,PN-->DO,PN-->DO,PN-->DO,PN-->DO,PN-->DO,PN-->DO,PN-->DO,PN-->DO,PN-->DO,PN-->DO,PN-->DO,PN-->DO,,,,,,,,,,,,,,,,,DO-->PN,DO-->PN,DO-->PN,DO-->PN,DO-->PN,DO-->PN,DO-->PN,DO-->PN,DO-->PN,DO-->PN,DO-->PN,DO-->PN,DO-->PN,DO-->PN,DO-->PN,DO-->PN,DO-->PN,DO-->PN,DO-->PN
PL,POL,Poland,Warsaw,Europe,Eastern Europe,,PL-->DO,PL-->DO,PL-->DO,PL-->DO,PL-->DO,PL-->DO,PL-->DO,PL-->DO,PL-->DO,PL-->DO,PL-->DO,PL-->DO,PL-->DO,PL-->DO,PL-->DO,PL-->DO,PL-->DO,PL-->DO,PL-->DO,,,,,,,,,,,,,,,,,DO-->PL,DO-->PL,DO-->PL,DO-->PL,DO-->PL,DO-->PL,DO-->PL,DO-->PL,DO-->PL,DO-->PL,DO-->PL,DO-->PL,DO-->PL,DO-->PL,DO-->PL,DO-->PL,DO-->PL,DO-->PL,DO-->PL
PT,PRT,Portugal,Lisbon,Europe,Southern Europe,,PT-->DO,PT-->DO,PT-->DO,PT-->DO,PT-->DO,PT-->DO,PT-->DO,PT-->DO,PT-->DO,PT-->DO,PT-->DO,PT-->DO,PT-->DO,PT-->DO,PT-->DO,PT-->DO,PT-->DO,PT-->DO,PT-->DO,,,,,,,,,,,,,,,,,DO-->PT,DO-->PT,DO-->PT,DO-->PT,DO-->PT,DO-->PT,DO-->PT,DO-->PT,DO-->PT,DO-->PT,DO-->PT,DO-->PT,DO-->PT,DO-->PT,DO-->PT,DO-->PT,DO-->PT,DO-->PT,DO-->PT
PR,PRI,Puerto Rico,San Juan,Americas,Caribbean,,PR-->DO,PR-->DO,PR-->DO,PR-->DO,PR-->DO,PR-->DO,PR-->DO,PR-->DO,PR-->DO,PR-->DO,PR-->DO,PR-->DO,PR-->DO,PR-->DO,PR-->DO,PR-->DO,PR-->DO,PR-->DO,PR-->DO,,,,,,,,,,,,,,,,,DO-->PR,DO-->PR,DO-->PR,DO-->PR,DO-->PR,DO-->PR,DO-->PR,DO-->PR,DO-->PR,DO-->PR,DO-->PR,DO-->PR,DO-->PR,DO-->PR,DO-->PR,DO-->PR,DO-->PR,DO-->PR,DO-->PR
QA,QAT,Qatar,Doha,Asia,Western Asia,,QA-->DO,QA-->DO,QA-->DO,QA-->DO,QA-->DO,QA-->DO,QA-->DO,QA-->DO,QA-->DO,QA-->DO,QA-->DO,QA-->DO,QA-->DO,QA-->DO,QA-->DO,QA-->DO,QA-->DO,QA-->DO,QA-->DO,,,,,,,,,,,,,,,,,DO-->QA,DO-->QA,DO-->QA,DO-->QA,DO-->QA,DO-->QA,DO-->QA,DO-->QA,DO-->QA,DO-->QA,DO-->QA,DO-->QA,DO-->QA,DO-->QA,DO-->QA,DO-->QA,DO-->QA,DO-->QA,DO-->QA
XK,KOS,Republic of Kosovo,Pristina,Europe,Eastern Europe,,XK-->DO,XK-->DO,XK-->DO,XK-->DO,XK-->DO,XK-->DO,XK-->DO,XK-->DO,XK-->DO,XK-->DO,XK-->DO,XK-->DO,XK-->DO,XK-->DO,XK-->DO,XK-->DO,XK-->DO,XK-->DO,XK-->DO,,,,,,,,,,,,,,,,,DO-->XK,DO-->XK,DO-->XK,DO-->XK,DO-->XK,DO-->XK,DO-->XK,DO-->XK,DO-->XK,DO-->XK,DO-->XK,DO-->XK,DO-->XK,DO-->XK,DO-->XK,DO-->XK,DO-->XK,DO-->XK,DO-->XK
RE,REU,Réunion,Saint-Denis,Africa,Eastern Africa,,RE-->DO,RE-->DO,RE-->DO,RE-->DO,RE-->DO,RE-->DO,RE-->DO,RE-->DO,RE-->DO,RE-->DO,RE-->DO,RE-->DO,RE-->DO,RE-->DO,RE-->DO,RE-->DO,RE-->DO,RE-->DO,RE-->DO,,,,,,,,,,,,,,,,,DO-->RE,DO-->RE,DO-->RE,DO-->RE,DO-->RE,DO-->RE,DO-->RE,DO-->RE,DO-->RE,DO-->RE,DO-->RE,DO-->RE,DO-->RE,DO-->RE,DO-->RE,DO-->RE,DO-->RE,DO-->RE,DO-->RE
RO,ROU,Romania,Bucharest,Europe,Eastern Europe,,RO-->DO,RO-->DO,RO-->DO,RO-->DO,RO-->DO,RO-->DO,RO-->DO,RO-->DO,RO-->DO,RO-->DO,RO-->DO,RO-->DO,RO-->DO,RO-->DO,RO-->DO,RO-->DO,RO-->DO,RO-->DO,RO-->DO,,,,,,,,,,,,,,,,,DO-->RO,DO-->RO,DO-->RO,DO-->RO,DO-->RO,DO-->RO,DO-->RO,DO-->RO,DO-->RO,DO-->RO,DO-->RO,DO-->RO,DO-->RO,DO-->RO,DO-->RO,DO-->RO,DO-->RO,DO-->RO,DO-->RO
RU,RUS,Russia,Moscow,Europe,Eastern Europe,,RU-->DO,RU-->DO,RU-->DO,RU-->DO,RU-->DO,RU-->DO,RU-->DO,RU-->DO,RU-->DO,RU-->DO,RU-->DO,RU-->DO,RU-->DO,RU-->DO,RU-->DO,RU-->DO,RU-->DO,RU-->DO,RU-->DO,,,,,,,,,,,,,,,,,DO-->RU,DO-->RU,DO-->RU,DO-->RU,DO-->RU,DO-->RU,DO-->RU,DO-->RU,DO-->RU,DO-->RU,DO-->RU,DO-->RU,DO-->RU,DO-->RU,DO-->RU,DO-->RU,DO-->RU,DO-->RU,DO-->RU
RW,RWA,Rwanda,Kigali,Africa,Eastern Africa,,RW-->DO,RW-->DO,RW-->DO,RW-->DO,RW-->DO,RW-->DO,RW-->DO,RW-->DO,RW-->DO,RW-->DO,RW-->DO,RW-->DO,RW-->DO,RW-->DO,RW-->DO,RW-->DO,RW-->DO,RW-->DO,RW-->DO,,,,,,,,,,,,,,,,,DO-->RW,DO-->RW,DO-->RW,DO-->RW,DO-->RW,DO-->RW,DO-->RW,DO-->RW,DO-->RW,DO-->RW,DO-->RW,DO-->RW,DO-->RW,DO-->RW,DO-->RW,DO-->RW,DO-->RW,DO-->RW,DO-->RW
BL,BLM,Saint Barthélemy,Gustavia,Americas,Caribbean,,BL-->DO,BL-->DO,BL-->DO,BL-->DO,BL-->DO,BL-->DO,BL-->DO,BL-->DO,BL-->DO,BL-->DO,BL-->DO,BL-->DO,BL-->DO,BL-->DO,BL-->DO,BL-->DO,BL-->DO,BL-->DO,BL-->DO,,,,,,,,,,,,,,,,,DO-->BL,DO-->BL,DO-->BL,DO-->BL,DO-->BL,DO-->BL,DO-->BL,DO-->BL,DO-->BL,DO-->BL,DO-->BL,DO-->BL,DO-->BL,DO-->BL,DO-->BL,DO-->BL,DO-->BL,DO-->BL,DO-->BL
SH,SHN,Saint Helena,Jamestown,Africa,Western Africa,,SH-->DO,SH-->DO,SH-->DO,SH-->DO,SH-->DO,SH-->DO,SH-->DO,SH-->DO,SH-->DO,SH-->DO,SH-->DO,SH-->DO,SH-->DO,SH-->DO,SH-->DO,SH-->DO,SH-->DO,SH-->DO,SH-->DO,,,,,,,,,,,,,,,,,DO-->SH,DO-->SH,DO-->SH,DO-->SH,DO-->SH,DO-->SH,DO-->SH,DO-->SH,DO-->SH,DO-->SH,DO-->SH,DO-->SH,DO-->SH,DO-->SH,DO-->SH,DO-->SH,DO-->SH,DO-->SH,DO-->SH
KN,KNA,Saint Kitts and Nevis,Basseterre,Americas,Caribbean,,KN-->DO,KN-->DO,KN-->DO,KN-->DO,KN-->DO,KN-->DO,KN-->DO,KN-->DO,KN-->DO,KN-->DO,KN-->DO,KN-->DO,KN-->DO,KN-->DO,KN-->DO,KN-->DO,KN-->DO,KN-->DO,KN-->DO,,,,,,,,,,,,,,,,,DO-->KN,DO-->KN,DO-->KN,DO-->KN,DO-->KN,DO-->KN,DO-->KN,DO-->KN,DO-->KN,DO-->KN,DO-->KN,DO-->KN,DO-->KN,DO-->KN,DO-->KN,DO-->KN,DO-->KN,DO-->KN,DO-->KN
LC,LCA,Saint Lucia,Castries,Americas,Caribbean,,LC-->DO,LC-->DO,LC-->DO,LC-->DO,LC-->DO,LC-->DO,LC-->DO,LC-->DO,LC-->DO,LC-->DO,LC-->DO,LC-->DO,LC-->DO,LC-->DO,LC-->DO,LC-->DO,LC-->DO,LC-->DO,LC-->DO,,,,,,,,,,,,,,,,,DO-->LC,DO-->LC,DO-->LC,DO-->LC,DO-->LC,DO-->LC,DO-->LC,DO-->LC,DO-->LC,DO-->LC,DO-->LC,DO-->LC,DO-->LC,DO-->LC,DO-->LC,DO-->LC,DO-->LC,DO-->LC,DO-->LC
MF,MAF,Saint Martin,Marigot,Americas,Caribbean,,MF-->DO,MF-->DO,MF-->DO,MF-->DO,MF-->DO,MF-->DO,MF-->DO,MF-->DO,MF-->DO,MF-->DO,MF-->DO,MF-->DO,MF-->DO,MF-->DO,MF-->DO,MF-->DO,MF-->DO,MF-->DO,MF-->DO,,,,,,,,,,,,,,,,,DO-->MF,DO-->MF,DO-->MF,DO-->MF,DO-->MF,DO-->MF,DO-->MF,DO-->MF,DO-->MF,DO-->MF,DO-->MF,DO-->MF,DO-->MF,DO-->MF,DO-->MF,DO-->MF,DO-->MF,DO-->MF,DO-->MF
PM,SPM,Saint Pierre and Miquelon,Saint-Pierre,Americas,Northern America,,PM-->DO,PM-->DO,PM-->DO,PM-->DO,PM-->DO,PM-->DO,PM-->DO,PM-->DO,PM-->DO,PM-->DO,PM-->DO,PM-->DO,PM-->DO,PM-->DO,PM-->DO,PM-->DO,PM-->DO,PM-->DO,PM-->DO,,,,,,,,,,,,,,,,,DO-->PM,DO-->PM,DO-->PM,DO-->PM,DO-->PM,DO-->PM,DO-->PM,DO-->PM,DO-->PM,DO-->PM,DO-->PM,DO-->PM,DO-->PM,DO-->PM,DO-->PM,DO-->PM,DO-->PM,DO-->PM,DO-->PM
VC,VCT,Saint Vincent and the Grenadines,Kingstown,Americas,Caribbean,,VC-->DO,VC-->DO,VC-->DO,VC-->DO,VC-->DO,VC-->DO,VC-->DO,VC-->DO,VC-->DO,VC-->DO,VC-->DO,VC-->DO,VC-->DO,VC-->DO,VC-->DO,VC-->DO,VC-->DO,VC-->DO,VC-->DO,,,,,,,,,,,,,,,,,DO-->VC,DO-->VC,DO-->VC,DO-->VC,DO-->VC,DO-->VC,DO-->VC,DO-->VC,DO-->VC,DO-->VC,DO-->VC,DO-->VC,DO-->VC,DO-->VC,DO-->VC,DO-->VC,DO-->VC,DO-->VC,DO-->VC
WS,WSM,Samoa,Apia,Oceania,Polynesia,,WS-->DO,WS-->DO,WS-->DO,WS-->DO,WS-->DO,WS-->DO,WS-->DO,WS-->DO,WS-->DO,WS-->DO,WS-->DO,WS-->DO,WS-->DO,WS-->DO,WS-->DO,WS-->DO,WS-->DO,WS-->DO,WS-->DO,,,,,,,,,,,,,,,,,DO-->WS,DO-->WS,DO-->WS,DO-->WS,DO-->WS,DO-->WS,DO-->WS,DO-->WS,DO-->WS,DO-->WS,DO-->WS,DO-->WS,DO-->WS,DO-->WS,DO-->WS,DO-->WS,DO-->WS,DO-->WS,DO-->WS
SM,SMR,San Marino,City of San Marino,Europe,Southern Europe,,SM-->DO,SM-->DO,SM-->DO,SM-->DO,SM-->DO,SM-->DO,SM-->DO,SM-->DO,SM-->DO,SM-->DO,SM-->DO,SM-->DO,SM-->DO,SM-->DO,SM-->DO,SM-->DO,SM-->DO,SM-->DO,SM-->DO,,,,,,,,,,,,,,,,,DO-->SM,DO-->SM,DO-->SM,DO-->SM,DO-->SM,DO-->SM,DO-->SM,DO-->SM,DO-->SM,DO-->SM,DO-->SM,DO-->SM,DO-->SM,DO-->SM,DO-->SM,DO-->SM,DO-->SM,DO-->SM,DO-->SM
ST,STP,São Tomé and Príncipe,São Tomé,Africa,Middle Africa,,ST-->DO,ST-->DO,ST-->DO,ST-->DO,ST-->DO,ST-->DO,ST-->DO,ST-->DO,ST-->DO,ST-->DO,ST-->DO,ST-->DO,ST-->DO,ST-->DO,ST-->DO,ST-->DO,ST-->DO,ST-->DO,ST-->DO,,,,,,,,,,,,,,,,,DO-->ST,DO-->ST,DO-->ST,DO-->ST,DO-->ST,DO-->ST,DO-->ST,DO-->ST,DO-->ST,DO-->ST,DO-->ST,DO-->ST,DO-->ST,DO-->ST,DO-->ST,DO-->ST,DO-->ST,DO-->ST,DO-->ST
SA,SAU,Saudi Arabia,Riyadh,Asia,Western Asia,,SA-->DO,SA-->DO,SA-->DO,SA-->DO,SA-->DO,SA-->DO,SA-->DO,SA-->DO,SA-->DO,SA-->DO,SA-->DO,SA-->DO,SA-->DO,SA-->DO,SA-->DO,SA-->DO,SA-->DO,SA-->DO,SA-->DO,,,,,,,,,,,,,,,,,DO-->SA,DO-->SA,DO-->SA,DO-->SA,DO-->SA,DO-->SA,DO-->SA,DO-->SA,DO-->SA,DO-->SA,DO-->SA,DO-->SA,DO-->SA,DO-->SA,DO-->SA,DO-->SA,DO-->SA,DO-->SA,DO-->SA
SN,SEN,Senegal,Dakar,Africa,Western Africa,,SN-->DO,SN-->DO,SN-->DO,SN-->DO,SN-->DO,SN-->DO,SN-->DO,SN-->DO,SN-->DO,SN-->DO,SN-->DO,SN-->DO,SN-->DO,SN-->DO,SN-->DO,SN-->DO,SN-->DO,SN-->DO,SN-->DO,,,,,,,,,,,,,,,,,DO-->SN,DO-->SN,DO-->SN,DO-->SN,DO-->SN,DO-->SN,DO-->SN,DO-->SN,DO-->SN,DO-->SN,DO-->SN,DO-->SN,DO-->SN,DO-->SN,DO-->SN,DO-->SN,DO-->SN,DO-->SN,DO-->SN
RS,SRB,Serbia,Belgrade,Europe,Southern Europe,,RS-->DO,RS-->DO,RS-->DO,RS-->DO,RS-->DO,RS-->DO,RS-->DO,RS-->DO,RS-->DO,RS-->DO,RS-->DO,RS-->DO,RS-->DO,RS-->DO,RS-->DO,RS-->DO,RS-->DO,RS-->DO,RS-->DO,,,,,,,,,,,,,,,,,DO-->RS,DO-->RS,DO-->RS,DO-->RS,DO-->RS,DO-->RS,DO-->RS,DO-->RS,DO-->RS,DO-->RS,DO-->RS,DO-->RS,DO-->RS,DO-->RS,DO-->RS,DO-->RS,DO-->RS,DO-->RS,DO-->RS
SC,SYC,Seychelles,Victoria,Africa,Eastern Africa,,SC-->DO,SC-->DO,SC-->DO,SC-->DO,SC-->DO,SC-->DO,SC-->DO,SC-->DO,SC-->DO,SC-->DO,SC-->DO,SC-->DO,SC-->DO,SC-->DO,SC-->DO,SC-->DO,SC-->DO,SC-->DO,SC-->DO,,,,,,,,,,,,,,,,,DO-->SC,DO-->SC,DO-->SC,DO-->SC,DO-->SC,DO-->SC,DO-->SC,DO-->SC,DO-->SC,DO-->SC,DO-->SC,DO-->SC,DO-->SC,DO-->SC,DO-->SC,DO-->SC,DO-->SC,DO-->SC,DO-->SC
SL,SLE,Sierra Leone,Freetown,Africa,Western Africa,,SL-->DO,SL-->DO,SL-->DO,SL-->DO,SL-->DO,SL-->DO,SL-->DO,SL-->DO,SL-->DO,SL-->DO,SL-->DO,SL-->DO,SL-->DO,SL-->DO,SL-->DO,SL-->DO,SL-->DO,SL-->DO,SL-->DO,,,,,,,,,,,,,,,,,DO-->SL,DO-->SL,DO-->SL,DO-->SL,DO-->SL,DO-->SL,DO-->SL,DO-->SL,DO-->SL,DO-->SL,DO-->SL,DO-->SL,DO-->SL,DO-->SL,DO-->SL,DO-->SL,DO-->SL,DO-->SL,DO-->SL
SG,SGP,Singapore,Singapore,Asia,South-Eastern Asia,,SG-->DO,SG-->DO,SG-->DO,SG-->DO,SG-->DO,SG-->DO,SG-->DO,SG-->DO,SG-->DO,SG-->DO,SG-->DO,SG-->DO,SG-->DO,SG-->DO,SG-->DO,SG-->DO,SG-->DO,SG-->DO,SG-->DO,,,,,,,,,,,,,,,,,DO-->SG,DO-->SG,DO-->SG,DO-->SG,DO-->SG,DO-->SG,DO-->SG,DO-->SG,DO-->SG,DO-->SG,DO-->SG,DO-->SG,DO-->SG,DO-->SG,DO-->SG,DO-->SG,DO-->SG,DO-->SG,DO-->SG
SX,SXM,Sint Maarten,Philipsburg,Americas,Caribbean,,SX-->DO,SX-->DO,SX-->DO,SX-->DO,SX-->DO,SX-->DO,SX-->DO,SX-->DO,SX-->DO,SX-->DO,SX-->DO,SX-->DO,SX-->DO,SX-->DO,SX-->DO,SX-->DO,SX-->DO,SX-->DO,SX-->DO,,,,,,,,,,,,,,,,,DO-->SX,DO-->SX,DO-->SX,DO-->SX,DO-->SX,DO-->SX,DO-->SX,DO-->SX,DO-->SX,DO-->SX,DO-->SX,DO-->SX,DO-->SX,DO-->SX,DO-->SX,DO-->SX,DO-->SX,DO-->SX,DO-->SX
SK,SVK,Slovakia,Bratislava,Europe,Eastern Europe,,SK-->DO,SK-->DO,SK-->DO,SK-->DO,SK-->DO,SK-->DO,SK-->DO,SK-->DO,SK-->DO,SK-->DO,SK-->DO,SK-->DO,SK-->DO,SK-->DO,SK-->DO,SK-->DO,SK-->DO,SK-->DO,SK-->DO,,,,,,,,,,,,,,,,,DO-->SK,DO-->SK,DO-->SK,DO-->SK,DO-->SK,DO-->SK,DO-->SK,DO-->SK,DO-->SK,DO-->SK,DO-->SK,DO-->SK,DO-->SK,DO-->SK,DO-->SK,DO-->SK,DO-->SK,DO-->SK,DO-->SK
SI,SVN,Slovenia,Ljubljana,Europe,Southern Europe,,SI-->DO,SI-->DO,SI-->DO,SI-->DO,SI-->DO,SI-->DO,SI-->DO,SI-->DO,SI-->DO,SI-->DO,SI-->DO,SI-->DO,SI-->DO,SI-->DO,SI-->DO,SI-->DO,SI-->DO,SI-->DO,SI-->DO,,,,,,,,,,,,,,,,,DO-->SI,DO-->SI,DO-->SI,DO-->SI,DO-->SI,DO-->SI,DO-->SI,DO-->SI,DO-->SI,DO-->SI,DO-->SI,DO-->SI,DO-->SI,DO-->SI,DO-->SI,DO-->SI,DO-->SI,DO-->SI,DO-->SI
SB,SLB,Solomon Islands,Honiara,Oceania,Melanesia,,SB-->DO,SB-->DO,SB-->DO,SB-->DO,SB-->DO,SB-->DO,SB-->DO,SB-->DO,SB-->DO,SB-->DO,SB-->DO,SB-->DO,SB-->DO,SB-->DO,SB-->DO,SB-->DO,SB-->DO,SB-->DO,SB-->DO,,,,,,,,,,,,,,,,,DO-->SB,DO-->SB,DO-->SB,DO-->SB,DO-->SB,DO-->SB,DO-->SB,DO-->SB,DO-->SB,DO-->SB,DO-->SB,DO-->SB,DO-->SB,DO-->SB,DO-->SB,DO-->SB,DO-->SB,DO-->SB,DO-->SB
SO,SOM,Somalia,Mogadishu,Africa,Eastern Africa,,SO-->DO,SO-->DO,SO-->DO,SO-->DO,SO-->DO,SO-->DO,SO-->DO,SO-->DO,SO-->DO,SO-->DO,SO-->DO,SO-->DO,SO-->DO,SO-->DO,SO-->DO,SO-->DO,SO-->DO,SO-->DO,SO-->DO,,,,,,,,,,,,,,,,,DO-->SO,DO-->SO,DO-->SO,DO-->SO,DO-->SO,DO-->SO,DO-->SO,DO-->SO,DO-->SO,DO-->SO,DO-->SO,DO-->SO,DO-->SO,DO-->SO,DO-->SO,DO-->SO,DO-->SO,DO-->SO,DO-->SO
ZA,ZAF,South Africa,Pretoria,Africa,Southern Africa,,ZA-->DO,ZA-->DO,ZA-->DO,ZA-->DO,ZA-->DO,ZA-->DO,ZA-->DO,ZA-->DO,ZA-->DO,ZA-->DO,ZA-->DO,ZA-->DO,ZA-->DO,ZA-->DO,ZA-->DO,ZA-->DO,ZA-->DO,ZA-->DO,ZA-->DO,,,,,,,,,,,,,,,,,DO-->ZA,DO-->ZA,DO-->ZA,DO-->ZA,DO-->ZA,DO-->ZA,DO-->ZA,DO-->ZA,DO-->ZA,DO-->ZA,DO-->ZA,DO-->ZA,DO-->ZA,DO-->ZA,DO-->ZA,DO-->ZA,DO-->ZA,DO-->ZA,DO-->ZA
GS,SGS,South Georgia,King Edward Point,Americas,South America,,GS-->DO,GS-->DO,GS-->DO,GS-->DO,GS-->DO,GS-->DO,GS-->DO,GS-->DO,GS-->DO,GS-->DO,GS-->DO,GS-->DO,GS-->DO,GS-->DO,GS-->DO,GS-->DO,GS-->DO,GS-->DO,GS-->DO,,,,,,,,,,,,,,,,,DO-->GS,DO-->GS,DO-->GS,DO-->GS,DO-->GS,DO-->GS,DO-->GS,DO-->GS,DO-->GS,DO-->GS,DO-->GS,DO-->GS,DO-->GS,DO-->GS,DO-->GS,DO-->GS,DO-->GS,DO-->GS,DO-->GS
KR,KOR,South Korea,Seoul,Asia,Eastern Asia,,KR-->DO,KR-->DO,KR-->DO,KR-->DO,KR-->DO,KR-->DO,KR-->DO,KR-->DO,KR-->DO,KR-->DO,KR-->DO,KR-->DO,KR-->DO,KR-->DO,KR-->DO,KR-->DO,KR-->DO,KR-->DO,KR-->DO,,,,,,,,,,,,,,,,,DO-->KR,DO-->KR,DO-->KR,DO-->KR,DO-->KR,DO-->KR,DO-->KR,DO-->KR,DO-->KR,DO-->KR,DO-->KR,DO-->KR,DO-->KR,DO-->KR,DO-->KR,DO-->KR,DO-->KR,DO-->KR,DO-->KR
SS,SSD,South Sudan,Juba,Africa,Middle Africa,,SS-->DO,SS-->DO,SS-->DO,SS-->DO,SS-->DO,SS-->DO,SS-->DO,SS-->DO,SS-->DO,SS-->DO,SS-->DO,SS-->DO,SS-->DO,SS-->DO,SS-->DO,SS-->DO,SS-->DO,SS-->DO,SS-->DO,,,,,,,,,,,,,,,,,DO-->SS,DO-->SS,DO-->SS,DO-->SS,DO-->SS,DO-->SS,DO-->SS,DO-->SS,DO-->SS,DO-->SS,DO-->SS,DO-->SS,DO-->SS,DO-->SS,DO-->SS,DO-->SS,DO-->SS,DO-->SS,DO-->SS
ES,ESP,Spain,Madrid,Europe,Southern Europe,,ES-->DO,ES-->DO,ES-->DO,ES-->DO,ES-->DO,ES-->DO,ES-->DO,ES-->DO,ES-->DO,ES-->DO,ES-->DO,ES-->DO,ES-->DO,ES-->DO,ES-->DO,ES-->DO,ES-->DO,ES-->DO,ES-->DO,,,,,,,,,,,,,,,,,DO-->ES,DO-->ES,DO-->ES,DO-->ES,DO-->ES,DO-->ES,DO-->ES,DO-->ES,DO-->ES,DO-->ES,DO-->ES,DO-->ES,DO-->ES,DO-->ES,DO-->ES,DO-->ES,DO-->ES,DO-->ES,DO-->ES
LK,LKA,Sri Lanka,Colombo,Asia,Southern Asia,,LK-->DO,LK-->DO,LK-->DO,LK-->DO,LK-->DO,LK-->DO,LK-->DO,LK-->DO,LK-->DO,LK-->DO,LK-->DO,LK-->DO,LK-->DO,LK-->DO,LK-->DO,LK-->DO,LK-->DO,LK-->DO,LK-->DO,,,,,,,,,,,,,,,,,DO-->LK,DO-->LK,DO-->LK,DO-->LK,DO-->LK,DO-->LK,DO-->LK,DO-->LK,DO-->LK,DO-->LK,DO-->LK,DO-->LK,DO-->LK,DO-->LK,DO-->LK,DO-->LK,DO-->LK,DO-->LK,DO-->LK
SD,SDN,Sudan,Khartoum,Africa,Northern Africa,,SD-->DO,SD-->DO,SD-->DO,SD-->DO,SD-->DO,SD-->DO,SD-->DO,SD-->DO,SD-->DO,SD-->DO,SD-->DO,SD-->DO,SD-->DO,SD-->DO,SD-->DO,SD-->DO,SD-->DO,SD-->DO,SD-->DO,,,,,,,,,,,,,,,,,DO-->SD,DO-->SD,DO-->SD,DO-->SD,DO-->SD,DO-->SD,DO-->SD,DO-->SD,DO-->SD,DO-->SD,DO-->SD,DO-->SD,DO-->SD,DO-->SD,DO-->SD,DO-->SD,DO-->SD,DO-->SD,DO-->SD
SR,SUR,Suriname,Paramaribo,Americas,South America,,SR-->DO,SR-->DO,SR-->DO,SR-->DO,SR-->DO,SR-->DO,SR-->DO,SR-->DO,SR-->DO,SR-->DO,SR-->DO,SR-->DO,SR-->DO,SR-->DO,SR-->DO,SR-->DO,SR-->DO,SR-->DO,SR-->DO,,,,,,,,,,,,,,,,,DO-->SR,DO-->SR,DO-->SR,DO-->SR,DO-->SR,DO-->SR,DO-->SR,DO-->SR,DO-->SR,DO-->SR,DO-->SR,DO-->SR,DO-->SR,DO-->SR,DO-->SR,DO-->SR,DO-->SR,DO-->SR,DO-->SR
SJ,SJM,Svalbard and Jan Mayen,Longyearbyen,Europe,Northern Europe,,SJ-->DO,SJ-->DO,SJ-->DO,SJ-->DO,SJ-->DO,SJ-->DO,SJ-->DO,SJ-->DO,SJ-->DO,SJ-->DO,SJ-->DO,SJ-->DO,SJ-->DO,SJ-->DO,SJ-->DO,SJ-->DO,SJ-->DO,SJ-->DO,SJ-->DO,,,,,,,,,,,,,,,,,DO-->SJ,DO-->SJ,DO-->SJ,DO-->SJ,DO-->SJ,DO-->SJ,DO-->SJ,DO-->SJ,DO-->SJ,DO-->SJ,DO-->SJ,DO-->SJ,DO-->SJ,DO-->SJ,DO-->SJ,DO-->SJ,DO-->SJ,DO-->SJ,DO-->SJ
SZ,SWZ,Swaziland,Lobamba,Africa,Southern Africa,,SZ-->DO,SZ-->DO,SZ-->DO,SZ-->DO,SZ-->DO,SZ-->DO,SZ-->DO,SZ-->DO,SZ-->DO,SZ-->DO,SZ-->DO,SZ-->DO,SZ-->DO,SZ-->DO,SZ-->DO,SZ-->DO,SZ-->DO,SZ-->DO,SZ-->DO,,,,,,,,,,,,,,,,,DO-->SZ,DO-->SZ,DO-->SZ,DO-->SZ,DO-->SZ,DO-->SZ,DO-->SZ,DO-->SZ,DO-->SZ,DO-->SZ,DO-->SZ,DO-->SZ,DO-->SZ,DO-->SZ,DO-->SZ,DO-->SZ,DO-->SZ,DO-->SZ,DO-->SZ
SE,SWE,Sweden,Stockholm,Europe,Northern Europe,,SE-->DO,SE-->DO,SE-->DO,SE-->DO,SE-->DO,SE-->DO,SE-->DO,SE-->DO,SE-->DO,SE-->DO,SE-->DO,SE-->DO,SE-->DO,SE-->DO,SE-->DO,SE-->DO,SE-->DO,SE-->DO,SE-->DO,,,,,,,,,,,,,,,,,DO-->SE,DO-->SE,DO-->SE,DO-->SE,DO-->SE,DO-->SE,DO-->SE,DO-->SE,DO-->SE,DO-->SE,DO-->SE,DO-->SE,DO-->SE,DO-->SE,DO-->SE,DO-->SE,DO-->SE,DO-->SE,DO-->SE
CH,CHE,Switzerland,Bern,Europe,Western Europe,,CH-->DO,CH-->DO,CH-->DO,CH-->DO,CH-->DO,CH-->DO,CH-->DO,CH-->DO,CH-->DO,CH-->DO,CH-->DO,CH-->DO,CH-->DO,CH-->DO,CH-->DO,CH-->DO,CH-->DO,CH-->DO,CH-->DO,,,,,,,,,,,,,,,,,DO-->CH,DO-->CH,DO-->CH,DO-->CH,DO-->CH,DO-->CH,DO-->CH,DO-->CH,DO-->CH,DO-->CH,DO-->CH,DO-->CH,DO-->CH,DO-->CH,DO-->CH,DO-->CH,DO-->CH,DO-->CH,DO-->CH
SY,SYR,Syria,Damascus,Asia,Western Asia,,SY-->DO,SY-->DO,SY-->DO,SY-->DO,SY-->DO,SY-->DO,SY-->DO,SY-->DO,SY-->DO,SY-->DO,SY-->DO,SY-->DO,SY-->DO,SY-->DO,SY-->DO,SY-->DO,SY-->DO,SY-->DO,SY-->DO,,,,,,,,,,,,,,,,,DO-->SY,DO-->SY,DO-->SY,DO-->SY,DO-->SY,DO-->SY,DO-->SY,DO-->SY,DO-->SY,DO-->SY,DO-->SY,DO-->SY,DO-->SY,DO-->SY,DO-->SY,DO-->SY,DO-->SY,DO-->SY,DO-->SY
TW,TWN,Taiwan,Taipei,Asia,Eastern Asia,,TW-->DO,TW-->DO,TW-->DO,TW-->DO,TW-->DO,TW-->DO,TW-->DO,TW-->DO,TW-->DO,TW-->DO,TW-->DO,TW-->DO,TW-->DO,TW-->DO,TW-->DO,TW-->DO,TW-->DO,TW-->DO,TW-->DO,,,,,,,,,,,,,,,,,DO-->TW,DO-->TW,DO-->TW,DO-->TW,DO-->TW,DO-->TW,DO-->TW,DO-->TW,DO-->TW,DO-->TW,DO-->TW,DO-->TW,DO-->TW,DO-->TW,DO-->TW,DO-->TW,DO-->TW,DO-->TW,DO-->TW
TJ,TJK,Tajikistan,Dushanbe,Asia,Central Asia,,TJ-->DO,TJ-->DO,TJ-->DO,TJ-->DO,TJ-->DO,TJ-->DO,TJ-->DO,TJ-->DO,TJ-->DO,TJ-->DO,TJ-->DO,TJ-->DO,TJ-->DO,TJ-->DO,TJ-->DO,TJ-->DO,TJ-->DO,TJ-->DO,TJ-->DO,,,,,,,,,,,,,,,,,DO-->TJ,DO-->TJ,DO-->TJ,DO-->TJ,DO-->TJ,DO-->TJ,DO-->TJ,DO-->TJ,DO-->TJ,DO-->TJ,DO-->TJ,DO-->TJ,DO-->TJ,DO-->TJ,DO-->TJ,DO-->TJ,DO-->TJ,DO-->TJ,DO-->TJ
TZ,TZA,Tanzania,Dodoma,Africa,Eastern Africa,,TZ-->DO,TZ-->DO,TZ-->DO,TZ-->DO,TZ-->DO,TZ-->DO,TZ-->DO,TZ-->DO,TZ-->DO,TZ-->DO,TZ-->DO,TZ-->DO,TZ-->DO,TZ-->DO,TZ-->DO,TZ-->DO,TZ-->DO,TZ-->DO,TZ-->DO,,,,,,,,,,,,,,,,,DO-->TZ,DO-->TZ,DO-->TZ,DO-->TZ,DO-->TZ,DO-->TZ,DO-->TZ,DO-->TZ,DO-->TZ,DO-->TZ,DO-->TZ,DO-->TZ,DO-->TZ,DO-->TZ,DO-->TZ,DO-->TZ,DO-->TZ,DO-->TZ,DO-->TZ
TH,THA,Thailand,Bangkok,Asia,South-Eastern Asia,,TH-->DO,TH-->DO,TH-->DO,TH-->DO,TH-->DO,TH-->DO,TH-->DO,TH-->DO,TH-->DO,TH-->DO,TH-->DO,TH-->DO,TH-->DO,TH-->DO,TH-->DO,TH-->DO,TH-->DO,TH-->DO,TH-->DO,,,,,,,,,,,,,,,,,DO-->TH,DO-->TH,DO-->TH,DO-->TH,DO-->TH,DO-->TH,DO-->TH,DO-->TH,DO-->TH,DO-->TH,DO-->TH,DO-->TH,DO-->TH,DO-->TH,DO-->TH,DO-->TH,DO-->TH,DO-->TH,DO-->TH
TL,TLS,East Timor,Dili,Asia,South-Eastern Asia,,TL-->DO,TL-->DO,TL-->DO,TL-->DO,TL-->DO,TL-->DO,TL-->DO,TL-->DO,TL-->DO,TL-->DO,TL-->DO,TL-->DO,TL-->DO,TL-->DO,TL-->DO,TL-->DO,TL-->DO,TL-->DO,TL-->DO,,,,,,,,,,,,,,,,,DO-->TL,DO-->TL,DO-->TL,DO-->TL,DO-->TL,DO-->TL,DO-->TL,DO-->TL,DO-->TL,DO-->TL,DO-->TL,DO-->TL,DO-->TL,DO-->TL,DO-->TL,DO-->TL,DO-->TL,DO-->TL,DO-->TL
TG,TGO,Togo,Lomé,Africa,Western Africa,,TG-->DO,TG-->DO,TG-->DO,TG-->DO,TG-->DO,TG-->DO,TG-->DO,TG-->DO,TG-->DO,TG-->DO,TG-->DO,TG-->DO,TG-->DO,TG-->DO,TG-->DO,TG-->DO,TG-->DO,TG-->DO,TG-->DO,,,,,,,,,,,,,,,,,DO-->TG,DO-->TG,DO-->TG,DO-->TG,DO-->TG,DO-->TG,DO-->TG,DO-->TG,DO-->TG,DO-->TG,DO-->TG,DO-->TG,DO-->TG,DO-->TG,DO-->TG,DO-->TG,DO-->TG,DO-->TG,DO-->TG
TK,TKL,Tokelau,Fakaofo,Oceania,Polynesia,,TK-->DO,TK-->DO,TK-->DO,TK-->DO,TK-->DO,TK-->DO,TK-->DO,TK-->DO,TK-->DO,TK-->DO,TK-->DO,TK-->DO,TK-->DO,TK-->DO,TK-->DO,TK-->DO,TK-->DO,TK-->DO,TK-->DO,,,,,,,,,,,,,,,,,DO-->TK,DO-->TK,DO-->TK,DO-->TK,DO-->TK,DO-->TK,DO-->TK,DO-->TK,DO-->TK,DO-->TK,DO-->TK,DO-->TK,DO-->TK,DO-->TK,DO-->TK,DO-->TK,DO-->TK,DO-->TK,DO-->TK
TO,TON,Tonga,Nuku'alofa,Oceania,Polynesia,,TO-->DO,TO-->DO,TO-->DO,TO-->DO,TO-->DO,TO-->DO,TO-->DO,TO-->DO,TO-->DO,TO-->DO,TO-->DO,TO-->DO,TO-->DO,TO-->DO,TO-->DO,TO-->DO,TO-->DO,TO-->DO,TO-->DO,,,,,,,,,,,,,,,,,DO-->TO,DO-->TO,DO-->TO,DO-->TO,DO-->TO,DO-->TO,DO-->TO,DO-->TO,DO-->TO,DO-->TO,DO-->TO,DO-->TO,DO-->TO,DO-->TO,DO-->TO,DO-->TO,DO-->TO,DO-->TO,DO-->TO
TT,TTO,Trinidad and Tobago,Port of Spain,Americas,Caribbean,,TT-->DO,TT-->DO,TT-->DO,TT-->DO,TT-->DO,TT-->DO,TT-->DO,TT-->DO,TT-->DO,TT-->DO,TT-->DO,TT-->DO,TT-->DO,TT-->DO,TT-->DO,TT-->DO,TT-->DO,TT-->DO,TT-->DO,,,,,,,,,,,,,,,,,DO-->TT,DO-->TT,DO-->TT,DO-->TT,DO-->TT,DO-->TT,DO-->TT,DO-->TT,DO-->TT,DO-->TT,DO-->TT,DO-->TT,DO-->TT,DO-->TT,DO-->TT,DO-->TT,DO-->TT,DO-->TT,DO-->TT
TN,TUN,Tunisia,Tunis,Africa,Northern Africa,,TN-->DO,TN-->DO,TN-->DO,TN-->DO,TN-->DO,TN-->DO,TN-->DO,TN-->DO,TN-->DO,TN-->DO,TN-->DO,TN-->DO,TN-->DO,TN-->DO,TN-->DO,TN-->DO,TN-->DO,TN-->DO,TN-->DO,,,,,,,,,,,,,,,,,DO-->TN,DO-->TN,DO-->TN,DO-->TN,DO-->TN,DO-->TN,DO-->TN,DO-->TN,DO-->TN,DO-->TN,DO-->TN,DO-->TN,DO-->TN,DO-->TN,DO-->TN,DO-->TN,DO-->TN,DO-->TN,DO-->TN
TR,TUR,Turkey,Ankara,Asia,Western Asia,,TR-->DO,TR-->DO,TR-->DO,TR-->DO,TR-->DO,TR-->DO,TR-->DO,TR-->DO,TR-->DO,TR-->DO,TR-->DO,TR-->DO,TR-->DO,TR-->DO,TR-->DO,TR-->DO,TR-->DO,TR-->DO,TR-->DO,,,,,,,,,,,,,,,,,DO-->TR,DO-->TR,DO-->TR,DO-->TR,DO-->TR,DO-->TR,DO-->TR,DO-->TR,DO-->TR,DO-->TR,DO-->TR,DO-->TR,DO-->TR,DO-->TR,DO-->TR,DO-->TR,DO-->TR,DO-->TR,DO-->TR
TM,TKM,Turkmenistan,Ashgabat,Asia,Central Asia,,TM-->DO,TM-->DO,TM-->DO,TM-->DO,TM-->DO,TM-->DO,TM-->DO,TM-->DO,TM-->DO,TM-->DO,TM-->DO,TM-->DO,TM-->DO,TM-->DO,TM-->DO,TM-->DO,TM-->DO,TM-->DO,TM-->DO,,,,,,,,,,,,,,,,,DO-->TM,DO-->TM,DO-->TM,DO-->TM,DO-->TM,DO-->TM,DO-->TM,DO-->TM,DO-->TM,DO-->TM,DO-->TM,DO-->TM,DO-->TM,DO-->TM,DO-->TM,DO-->TM,DO-->TM,DO-->TM,DO-->TM
TC,TCA,Turks and Caicos Islands,Cockburn Town,Americas,Caribbean,,TC-->DO,TC-->DO,TC-->DO,TC-->DO,TC-->DO,TC-->DO,TC-->DO,TC-->DO,TC-->DO,TC-->DO,TC-->DO,TC-->DO,TC-->DO,TC-->DO,TC-->DO,TC-->DO,TC-->DO,TC-->DO,TC-->DO,,,,,,,,,,,,,,,,,DO-->TC,DO-->TC,DO-->TC,DO-->TC,DO-->TC,DO-->TC,DO-->TC,DO-->TC,DO-->TC,DO-->TC,DO-->TC,DO-->TC,DO-->TC,DO-->TC,DO-->TC,DO-->TC,DO-->TC,DO-->TC,DO-->TC
TV,TUV,Tuvalu,Funafuti,Oceania,Polynesia,,TV-->DO,TV-->DO,TV-->DO,TV-->DO,TV-->DO,TV-->DO,TV-->DO,TV-->DO,TV-->DO,TV-->DO,TV-->DO,TV-->DO,TV-->DO,TV-->DO,TV-->DO,TV-->DO,TV-->DO,TV-->DO,TV-->DO,,,,,,,,,,,,,,,,,DO-->TV,DO-->TV,DO-->TV,DO-->TV,DO-->TV,DO-->TV,DO-->TV,DO-->TV,DO-->TV,DO-->TV,DO-->TV,DO-->TV,DO-->TV,DO-->TV,DO-->TV,DO-->TV,DO-->TV,DO-->TV,DO-->TV
UG,UGA,Uganda,Kampala,Africa,Eastern Africa,,UG-->DO,UG-->DO,UG-->DO,UG-->DO,UG-->DO,UG-->DO,UG-->DO,UG-->DO,UG-->DO,UG-->DO,UG-->DO,UG-->DO,UG-->DO,UG-->DO,UG-->DO,UG-->DO,UG-->DO,UG-->DO,UG-->DO,,,,,,,,,,,,,,,,,DO-->UG,DO-->UG,DO-->UG,DO-->UG,DO-->UG,DO-->UG,DO-->UG,DO-->UG,DO-->UG,DO-->UG,DO-->UG,DO-->UG,DO-->UG,DO-->UG,DO-->UG,DO-->UG,DO-->UG,DO-->UG,DO-->UG
UA,UKR,Ukraine,Kiev,Europe,Eastern Europe,,UA-->DO,UA-->DO,UA-->DO,UA-->DO,UA-->DO,UA-->DO,UA-->DO,UA-->DO,UA-->DO,UA-->DO,UA-->DO,UA-->DO,UA-->DO,UA-->DO,UA-->DO,UA-->DO,UA-->DO,UA-->DO,UA-->DO,,,,,,,,,,,,,,,,,DO-->UA,DO-->UA,DO-->UA,DO-->UA,DO-->UA,DO-->UA,DO-->UA,DO-->UA,DO-->UA,DO-->UA,DO-->UA,DO-->UA,DO-->UA,DO-->UA,DO-->UA,DO-->UA,DO-->UA,DO-->UA,DO-->UA
AE,ARE,United Arab Emirates,Abu Dhabi,Asia,Western Asia,,AE-->DO,AE-->DO,AE-->DO,AE-->DO,AE-->DO,AE-->DO,AE-->DO,AE-->DO,AE-->DO,AE-->DO,AE-->DO,AE-->DO,AE-->DO,AE-->DO,AE-->DO,AE-->DO,AE-->DO,AE-->DO,AE-->DO,,,,,,,,,,,,,,,,,DO-->AE,DO-->AE,DO-->AE,DO-->AE,DO-->AE,DO-->AE,DO-->AE,DO-->AE,DO-->AE,DO-->AE,DO-->AE,DO-->AE,DO-->AE,DO-->AE,DO-->AE,DO-->AE,DO-->AE,DO-->AE,DO-->AE
GB,GBR,United Kingdom,London,Europe,Northern Europe,,GB-->DO,GB-->DO,GB-->DO,GB-->DO,GB-->DO,GB-->DO,GB-->DO,GB-->DO,GB-->DO,GB-->DO,GB-->DO,GB-->DO,GB-->DO,GB-->DO,GB-->DO,GB-->DO,GB-->DO,GB-->DO,GB-->DO,,,,,,,,,,,,,,,,,DO-->GB,DO-->GB,DO-->GB,DO-->GB,DO-->GB,DO-->GB,DO-->GB,DO-->GB,DO-->GB,DO-->GB,DO-->GB,DO-->GB,DO-->GB,DO-->GB,DO-->GB,DO-->GB,DO-->GB,DO-->GB,DO-->GB
US,USA,United States,"Washington, D.C.",Americas,Northern America,,US-->DO,US-->DO,US-->DO,US-->DO,US-->DO,US-->DO,US-->DO,US-->DO,US-->DO,US-->DO,US-->DO,US-->DO,US-->DO,US-->DO,US-->DO,US-->DO,US-->DO,US-->DO,US-->DO,,,,,,,,,,,,,,,,,DO-->US,DO-->US,DO-->US,DO-->US,DO-->US,DO-->US,DO-->US,DO-->US,DO-->US,DO-->US,DO-->US,DO-->US,DO-->US,DO-->US,DO-->US,DO-->US,DO-->US,DO-->US,DO-->US
UY,URY,Uruguay,Montevideo,Americas,South America,,UY-->DO,UY-->DO,UY-->DO,UY-->DO,UY-->DO,UY-->DO,UY-->DO,UY-->DO,UY-->DO,UY-->DO,UY-->DO,UY-->DO,UY-->DO,UY-->DO,UY-->DO,UY-->DO,UY-->DO,UY-->DO,UY-->DO,,,,,,,,,,,,,,,,,DO-->UY,DO-->UY,DO-->UY,DO-->UY,DO-->UY,DO-->UY,DO-->UY,DO-->UY,DO-->UY,DO-->UY,DO-->UY,DO-->UY,DO-->UY,DO-->UY,DO-->UY,DO-->UY,DO-->UY,DO-->UY,DO-->UY
UZ,UZB,Uzbekistan,Tashkent,Asia,Central Asia,,UZ-->DO,UZ-->DO,UZ-->DO,UZ-->DO,UZ-->DO,UZ-->DO,UZ-->DO,UZ-->DO,UZ-->DO,UZ-->DO,UZ-->DO,UZ-->DO,UZ-->DO,UZ-->DO,UZ-->DO,UZ-->DO,UZ-->DO,UZ-->DO,UZ-->DO,,,,,,,,,,,,,,,,,DO-->UZ,DO-->UZ,DO-->UZ,DO-->UZ,DO-->UZ,DO-->UZ,DO-->UZ,DO-->UZ,DO-->UZ,DO-->UZ,DO-->UZ,DO-->UZ,DO-->UZ,DO-->UZ,DO-->UZ,DO-->UZ,DO-->UZ,DO-->UZ,DO-->UZ
VU,VUT,Vanuatu,Port Vila,Oceania,Melanesia,,VU-->DO,VU-->DO,VU-->DO,VU-->DO,VU-->DO,VU-->DO,VU-->DO,VU-->DO,VU-->DO,VU-->DO,VU-->DO,VU-->DO,VU-->DO,VU-->DO,VU-->DO,VU-->DO,VU-->DO,VU-->DO,VU-->DO,,,,,,,,,,,,,,,,,DO-->VU,DO-->VU,DO-->VU,DO-->VU,DO-->VU,DO-->VU,DO-->VU,DO-->VU,DO-->VU,DO-->VU,DO-->VU,DO-->VU,DO-->VU,DO-->VU,DO-->VU,DO-->VU,DO-->VU,DO-->VU,DO-->VU
VE,VEN,Venezuela,Caracas,Americas,South America,,VE-->DO,VE-->DO,VE-->DO,VE-->DO,VE-->DO,VE-->DO,VE-->DO,VE-->DO,VE-->DO,VE-->DO,VE-->DO,VE-->DO,VE-->DO,VE-->DO,VE-->DO,VE-->DO,VE-->DO,VE-->DO,VE-->DO,,,,,,,,,,,,,,,,,DO-->VE,DO-->VE,DO-->VE,DO-->VE,DO-->VE,DO-->VE,DO-->VE,DO-->VE,DO-->VE,DO-->VE,DO-->VE,DO-->VE,DO-->VE,DO-->VE,DO-->VE,DO-->VE,DO-->VE,DO-->VE,DO-->VE
VN,VNM,Vietnam,Hanoi,Asia,South-Eastern Asia,,VN-->DO,VN-->DO,VN-->DO,VN-->DO,VN-->DO,VN-->DO,VN-->DO,VN-->DO,VN-->DO,VN-->DO,VN-->DO,VN-->DO,VN-->DO,VN-->DO,VN-->DO,VN-->DO,VN-->DO,VN-->DO,VN-->DO,,,,,,,,,,,,,,,,,DO-->VN,DO-->VN,DO-->VN,DO-->VN,DO-->VN,DO-->VN,DO-->VN,DO-->VN,DO-->VN,DO-->VN,DO-->VN,DO-->VN,DO-->VN,DO-->VN,DO-->VN,DO-->VN,DO-->VN,DO-->VN,DO-->VN
WF,WLF,Wallis and Futuna,Mata-Utu,Oceania,Polynesia,,WF-->DO,WF-->DO,WF-->DO,WF-->DO,WF-->DO,WF-->DO,WF-->DO,WF-->DO,WF-->DO,WF-->DO,WF-->DO,WF-->DO,WF-->DO,WF-->DO,WF-->DO,WF-->DO,WF-->DO,WF-->DO,WF-->DO,,,,,,,,,,,,,,,,,DO-->WF,DO-->WF,DO-->WF,DO-->WF,DO-->WF,DO-->WF,DO-->WF,DO-->WF,DO-->WF,DO-->WF,DO-->WF,DO-->WF,DO-->WF,DO-->WF,DO-->WF,DO-->WF,DO-->WF,DO-->WF,DO-->WF
EH,ESH,Western Sahara,El Aaiún,Africa,Northern Africa,,EH-->DO,EH-->DO,EH-->DO,EH-->DO,EH-->DO,EH-->DO,EH-->DO,EH-->DO,EH-->DO,EH-->DO,EH-->DO,EH-->DO,EH-->DO,EH-->DO,EH-->DO,EH-->DO,EH-->DO,EH-->DO,EH-->DO,,,,,,,,,,,,,,,,,DO-->EH,DO-->EH,DO-->EH,DO-->EH,DO-->EH,DO-->EH,DO-->EH,DO-->EH,DO-->EH,DO-->EH,DO-->EH,DO-->EH,DO-->EH,DO-->EH,DO-->EH,DO-->EH,DO-->EH,DO-->EH,DO-->EH
YE,YEM,Yemen,Sana'a,Asia,Western Asia,,YE-->DO,YE-->DO,YE-->DO,YE-->DO,YE-->DO,YE-->DO,YE-->DO,YE-->DO,YE-->DO,YE-->DO,YE-->DO,YE-->DO,YE-->DO,YE-->DO,YE-->DO,YE-->DO,YE-->DO,YE-->DO,YE-->DO,,,,,,,,,,,,,,,,,DO-->YE,DO-->YE,DO-->YE,DO-->YE,DO-->YE,DO-->YE,DO-->YE,DO-->YE,DO-->YE,DO-->YE,DO-->YE,DO-->YE,DO-->YE,DO-->YE,DO-->YE,DO-->YE,DO-->YE,DO-->YE,DO-->YE
ZM,ZMB,Zambia,Lusaka,Africa,Eastern Africa,,ZM-->DO,ZM-->DO,ZM-->DO,ZM-->DO,ZM-->DO,ZM-->DO,ZM-->DO,ZM-->DO,ZM-->DO,ZM-->DO,ZM-->DO,ZM-->DO,ZM-->DO,ZM-->DO,ZM-->DO,ZM-->DO,ZM-->DO,ZM-->DO,ZM-->DO,,,,,,,,,,,,,,,,,DO-->ZM,DO-->ZM,DO-->ZM,DO-->ZM,DO-->ZM,DO-->ZM,DO-->ZM,DO-->ZM,DO-->ZM,DO-->ZM,DO-->ZM,DO-->ZM,DO-->ZM,DO-->ZM,DO-->ZM,DO-->ZM,DO-->ZM,DO-->ZM,DO-->ZM
ZW,ZWE,Zimbabwe,Harare,Africa,Eastern Africa,,ZW-->DO,ZW-->DO,ZW-->DO,ZW-->DO,ZW-->DO,ZW-->DO,ZW-->DO,ZW-->DO,ZW-->DO,ZW-->DO,ZW-->DO,ZW-->DO,ZW-->DO,ZW-->DO,ZW-->DO,ZW-->DO,ZW-->DO,ZW-->DO,ZW-->DO,,,,,,,,,,,,,,,,,DO-->ZW,DO-->ZW,DO-->ZW,DO-->ZW,DO-->ZW,DO-->ZW,DO-->ZW,DO-->ZW,DO-->ZW,DO-->ZW,DO-->ZW,DO-->ZW,DO-->ZW,DO-->ZW,DO-->ZW,DO-->ZW,DO-->ZW,DO-->ZW,DO-->ZW
