nu,code,name,capital,region,subregion,Unnamed: 6,quara/into/where/e,quara/into/where/v,quara/into/where/uv,quara/into/min/e,quara/into/min/v,quara/into/min/uv,quara/into/max/e,quara/into/max/v,quara/into/max/uv,quara/into/comment,test/into/pcr/e,test/into/pcr/v,test/into/pcr/uv,test/into/ag/e,test/into/ag/v,test/into/ag/uv,test/into/comment,visa/into,visa/into/comment,loadStates/into,Unnamed: 27,Unnamed: 28,Unnamed: 29,Unnamed: 30,Unnamed: 31,Unnamed: 32,Unnamed: 33,Unnamed: 34,Unnamed: 35,Unnamed: 36,Unnamed: 37,Unnamed: 38,Unnamed: 39,Unnamed: 40,Unnamed: 41,quara/out/where/e,quara/out/where/v,quara/out/where/uv,quara/out/min/e,quara/out/min/v,quara/out/min/uv,quara/out/max/e,quara/out/max/v,quara/out/max/uv,quara/out/comment,test/out/pcr/e,test/out/pcr/v,test/out/pcr/uv,test/out/ag/e,test/out/ag/v,test/out/ag/uv,test/out/comment,visa/out,visa/out/comment
AF,AFG,Afghanistan,Kabul,Asia,Southern Asia,,AF-->IE,AF-->IE,AF-->IE,AF-->IE,AF-->IE,AF-->IE,AF-->IE,AF-->IE,AF-->IE,AF-->IE,AF-->IE,AF-->IE,AF-->IE,AF-->IE,AF-->IE,AF-->IE,AF-->IE,AF-->IE,AF-->IE,,,,,,,,,,,,,,,,,IE-->AF,IE-->AF,IE-->AF,IE-->AF,IE-->AF,IE-->AF,IE-->AF,IE-->AF,IE-->AF,IE-->AF,IE-->AF,IE-->AF,IE-->AF,IE-->AF,IE-->AF,IE-->AF,IE-->AF,IE-->AF,IE-->AF
AX,ALA,Åland Islands,Mariehamn,Europe,Northern Europe,,AX-->IE,AX-->IE,AX-->IE,AX-->IE,AX-->IE,AX-->IE,AX-->IE,AX-->IE,AX-->IE,AX-->IE,AX-->IE,AX-->IE,AX-->IE,AX-->IE,AX-->IE,AX-->IE,AX-->IE,AX-->IE,AX-->IE,,,,,,,,,,,,,,,,,IE-->AX,IE-->AX,IE-->AX,IE-->AX,IE-->AX,IE-->AX,IE-->AX,IE-->AX,IE-->AX,IE-->AX,IE-->AX,IE-->AX,IE-->AX,IE-->AX,IE-->AX,IE-->AX,IE-->AX,IE-->AX,IE-->AX
AL,ALB,Albania,Tirana,Europe,Southern Europe,,AL-->IE,AL-->IE,AL-->IE,AL-->IE,AL-->IE,AL-->IE,AL-->IE,AL-->IE,AL-->IE,AL-->IE,AL-->IE,AL-->IE,AL-->IE,AL-->IE,AL-->IE,AL-->IE,AL-->IE,AL-->IE,AL-->IE,,,,,,,,,,,,,,,,,IE-->AL,IE-->AL,IE-->AL,IE-->AL,IE-->AL,IE-->AL,IE-->AL,IE-->AL,IE-->AL,IE-->AL,IE-->AL,IE-->AL,IE-->AL,IE-->AL,IE-->AL,IE-->AL,IE-->AL,IE-->AL,IE-->AL
DZ,DZA,Algeria,Algiers,Africa,Northern Africa,,DZ-->IE,DZ-->IE,DZ-->IE,DZ-->IE,DZ-->IE,DZ-->IE,DZ-->IE,DZ-->IE,DZ-->IE,DZ-->IE,DZ-->IE,DZ-->IE,DZ-->IE,DZ-->IE,DZ-->IE,DZ-->IE,DZ-->IE,DZ-->IE,DZ-->IE,,,,,,,,,,,,,,,,,IE-->DZ,IE-->DZ,IE-->DZ,IE-->DZ,IE-->DZ,IE-->DZ,IE-->DZ,IE-->DZ,IE-->DZ,IE-->DZ,IE-->DZ,IE-->DZ,IE-->DZ,IE-->DZ,IE-->DZ,IE-->DZ,IE-->DZ,IE-->DZ,IE-->DZ
AS,ASM,American Samoa,Pago Pago,Oceania,Polynesia,,AS-->IE,AS-->IE,AS-->IE,AS-->IE,AS-->IE,AS-->IE,AS-->IE,AS-->IE,AS-->IE,AS-->IE,AS-->IE,AS-->IE,AS-->IE,AS-->IE,AS-->IE,AS-->IE,AS-->IE,AS-->IE,AS-->IE,,,,,,,,,,,,,,,,,IE-->AS,IE-->AS,IE-->AS,IE-->AS,IE-->AS,IE-->AS,IE-->AS,IE-->AS,IE-->AS,IE-->AS,IE-->AS,IE-->AS,IE-->AS,IE-->AS,IE-->AS,IE-->AS,IE-->AS,IE-->AS,IE-->AS
AD,AND,Andorra,Andorra la Vella,Europe,Southern Europe,,AD-->IE,AD-->IE,AD-->IE,AD-->IE,AD-->IE,AD-->IE,AD-->IE,AD-->IE,AD-->IE,AD-->IE,AD-->IE,AD-->IE,AD-->IE,AD-->IE,AD-->IE,AD-->IE,AD-->IE,AD-->IE,AD-->IE,,,,,,,,,,,,,,,,,IE-->AD,IE-->AD,IE-->AD,IE-->AD,IE-->AD,IE-->AD,IE-->AD,IE-->AD,IE-->AD,IE-->AD,IE-->AD,IE-->AD,IE-->AD,IE-->AD,IE-->AD,IE-->AD,IE-->AD,IE-->AD,IE-->AD
AO,AGO,Angola,Luanda,Africa,Middle Africa,,AO-->IE,AO-->IE,AO-->IE,AO-->IE,AO-->IE,AO-->IE,AO-->IE,AO-->IE,AO-->IE,AO-->IE,AO-->IE,AO-->IE,AO-->IE,AO-->IE,AO-->IE,AO-->IE,AO-->IE,AO-->IE,AO-->IE,,,,,,,,,,,,,,,,,IE-->AO,IE-->AO,IE-->AO,IE-->AO,IE-->AO,IE-->AO,IE-->AO,IE-->AO,IE-->AO,IE-->AO,IE-->AO,IE-->AO,IE-->AO,IE-->AO,IE-->AO,IE-->AO,IE-->AO,IE-->AO,IE-->AO
AI,AIA,Anguilla,The Valley,Americas,Caribbean,,AI-->IE,AI-->IE,AI-->IE,AI-->IE,AI-->IE,AI-->IE,AI-->IE,AI-->IE,AI-->IE,AI-->IE,AI-->IE,AI-->IE,AI-->IE,AI-->IE,AI-->IE,AI-->IE,AI-->IE,AI-->IE,AI-->IE,,,,,,,,,,,,,,,,,IE-->AI,IE-->AI,IE-->AI,IE-->AI,IE-->AI,IE-->AI,IE-->AI,IE-->AI,IE-->AI,IE-->AI,IE-->AI,IE-->AI,IE-->AI,IE-->AI,IE-->AI,IE-->AI,IE-->AI,IE-->AI,IE-->AI
AQ,ATA,Antarctica,,Polar,,,AQ-->IE,AQ-->IE,AQ-->IE,AQ-->IE,AQ-->IE,AQ-->IE,AQ-->IE,AQ-->IE,AQ-->IE,AQ-->IE,AQ-->IE,AQ-->IE,AQ-->IE,AQ-->IE,AQ-->IE,AQ-->IE,AQ-->IE,AQ-->IE,AQ-->IE,,,,,,,,,,,,,,,,,IE-->AQ,IE-->AQ,IE-->AQ,IE-->AQ,IE-->AQ,IE-->AQ,IE-->AQ,IE-->AQ,IE-->AQ,IE-->AQ,IE-->AQ,IE-->AQ,IE-->AQ,IE-->AQ,IE-->AQ,IE-->AQ,IE-->AQ,IE-->AQ,IE-->AQ
AG,ATG,Antigua and Barbuda,Saint John's,Americas,Caribbean,,AG-->IE,AG-->IE,AG-->IE,AG-->IE,AG-->IE,AG-->IE,AG-->IE,AG-->IE,AG-->IE,AG-->IE,AG-->IE,AG-->IE,AG-->IE,AG-->IE,AG-->IE,AG-->IE,AG-->IE,AG-->IE,AG-->IE,,,,,,,,,,,,,,,,,IE-->AG,IE-->AG,IE-->AG,IE-->AG,IE-->AG,IE-->AG,IE-->AG,IE-->AG,IE-->AG,IE-->AG,IE-->AG,IE-->AG,IE-->AG,IE-->AG,IE-->AG,IE-->AG,IE-->AG,IE-->AG,IE-->AG
AR,ARG,Argentina,Buenos Aires,Americas,South America,,AR-->IE,AR-->IE,AR-->IE,AR-->IE,AR-->IE,AR-->IE,AR-->IE,AR-->IE,AR-->IE,AR-->IE,AR-->IE,AR-->IE,AR-->IE,AR-->IE,AR-->IE,AR-->IE,AR-->IE,AR-->IE,AR-->IE,,,,,,,,,,,,,,,,,IE-->AR,IE-->AR,IE-->AR,IE-->AR,IE-->AR,IE-->AR,IE-->AR,IE-->AR,IE-->AR,IE-->AR,IE-->AR,IE-->AR,IE-->AR,IE-->AR,IE-->AR,IE-->AR,IE-->AR,IE-->AR,IE-->AR
AM,ARM,Armenia,Yerevan,Asia,Western Asia,,AM-->IE,AM-->IE,AM-->IE,AM-->IE,AM-->IE,AM-->IE,AM-->IE,AM-->IE,AM-->IE,AM-->IE,AM-->IE,AM-->IE,AM-->IE,AM-->IE,AM-->IE,AM-->IE,AM-->IE,AM-->IE,AM-->IE,,,,,,,,,,,,,,,,,IE-->AM,IE-->AM,IE-->AM,IE-->AM,IE-->AM,IE-->AM,IE-->AM,IE-->AM,IE-->AM,IE-->AM,IE-->AM,IE-->AM,IE-->AM,IE-->AM,IE-->AM,IE-->AM,IE-->AM,IE-->AM,IE-->AM
AW,ABW,Aruba,Oranjestad,Americas,Caribbean,,AW-->IE,AW-->IE,AW-->IE,AW-->IE,AW-->IE,AW-->IE,AW-->IE,AW-->IE,AW-->IE,AW-->IE,AW-->IE,AW-->IE,AW-->IE,AW-->IE,AW-->IE,AW-->IE,AW-->IE,AW-->IE,AW-->IE,,,,,,,,,,,,,,,,,IE-->AW,IE-->AW,IE-->AW,IE-->AW,IE-->AW,IE-->AW,IE-->AW,IE-->AW,IE-->AW,IE-->AW,IE-->AW,IE-->AW,IE-->AW,IE-->AW,IE-->AW,IE-->AW,IE-->AW,IE-->AW,IE-->AW
AU,AUS,Australia,Canberra,Oceania,Australia and New Zealand,,AU-->IE,AU-->IE,AU-->IE,AU-->IE,AU-->IE,AU-->IE,AU-->IE,AU-->IE,AU-->IE,AU-->IE,AU-->IE,AU-->IE,AU-->IE,AU-->IE,AU-->IE,AU-->IE,AU-->IE,AU-->IE,AU-->IE,,,,,,,,,,,,,,,,,IE-->AU,IE-->AU,IE-->AU,IE-->AU,IE-->AU,IE-->AU,IE-->AU,IE-->AU,IE-->AU,IE-->AU,IE-->AU,IE-->AU,IE-->AU,IE-->AU,IE-->AU,IE-->AU,IE-->AU,IE-->AU,IE-->AU
AT,AUT,Austria,Vienna,Europe,Western Europe,,AT-->IE,AT-->IE,AT-->IE,AT-->IE,AT-->IE,AT-->IE,AT-->IE,AT-->IE,AT-->IE,AT-->IE,AT-->IE,AT-->IE,AT-->IE,AT-->IE,AT-->IE,AT-->IE,AT-->IE,AT-->IE,AT-->IE,,,,,,,,,,,,,,,,,IE-->AT,IE-->AT,IE-->AT,IE-->AT,IE-->AT,IE-->AT,IE-->AT,IE-->AT,IE-->AT,IE-->AT,IE-->AT,IE-->AT,IE-->AT,IE-->AT,IE-->AT,IE-->AT,IE-->AT,IE-->AT,IE-->AT
AZ,AZE,Azerbaijan,Baku,Asia,Western Asia,,AZ-->IE,AZ-->IE,AZ-->IE,AZ-->IE,AZ-->IE,AZ-->IE,AZ-->IE,AZ-->IE,AZ-->IE,AZ-->IE,AZ-->IE,AZ-->IE,AZ-->IE,AZ-->IE,AZ-->IE,AZ-->IE,AZ-->IE,AZ-->IE,AZ-->IE,,,,,,,,,,,,,,,,,IE-->AZ,IE-->AZ,IE-->AZ,IE-->AZ,IE-->AZ,IE-->AZ,IE-->AZ,IE-->AZ,IE-->AZ,IE-->AZ,IE-->AZ,IE-->AZ,IE-->AZ,IE-->AZ,IE-->AZ,IE-->AZ,IE-->AZ,IE-->AZ,IE-->AZ
BS,BHS,The Bahamas,Nassau,Americas,Caribbean,,BS-->IE,BS-->IE,BS-->IE,BS-->IE,BS-->IE,BS-->IE,BS-->IE,BS-->IE,BS-->IE,BS-->IE,BS-->IE,BS-->IE,BS-->IE,BS-->IE,BS-->IE,BS-->IE,BS-->IE,BS-->IE,BS-->IE,,,,,,,,,,,,,,,,,IE-->BS,IE-->BS,IE-->BS,IE-->BS,IE-->BS,IE-->BS,IE-->BS,IE-->BS,IE-->BS,IE-->BS,IE-->BS,IE-->BS,IE-->BS,IE-->BS,IE-->BS,IE-->BS,IE-->BS,IE-->BS,IE-->BS
BH,BHR,Bahrain,Manama,Asia,Western Asia,,BH-->IE,BH-->IE,BH-->IE,BH-->IE,BH-->IE,BH-->IE,BH-->IE,BH-->IE,BH-->IE,BH-->IE,BH-->IE,BH-->IE,BH-->IE,BH-->IE,BH-->IE,BH-->IE,BH-->IE,BH-->IE,BH-->IE,,,,,,,,,,,,,,,,,IE-->BH,IE-->BH,IE-->BH,IE-->BH,IE-->BH,IE-->BH,IE-->BH,IE-->BH,IE-->BH,IE-->BH,IE-->BH,IE-->BH,IE-->BH,IE-->BH,IE-->BH,IE-->BH,IE-->BH,IE-->BH,IE-->BH
BD,BGD,Bangladesh,Dhaka,Asia,Southern Asia,,BD-->IE,BD-->IE,BD-->IE,BD-->IE,BD-->IE,BD-->IE,BD-->IE,BD-->IE,BD-->IE,BD-->IE,BD-->IE,BD-->IE,BD-->IE,BD-->IE,BD-->IE,BD-->IE,BD-->IE,BD-->IE,BD-->IE,,,,,,,,,,,,,,,,,IE-->BD,IE-->BD,IE-->BD,IE-->BD,IE-->BD,IE-->BD,IE-->BD,IE-->BD,IE-->BD,IE-->BD,IE-->BD,IE-->BD,IE-->BD,IE-->BD,IE-->BD,IE-->BD,IE-->BD,IE-->BD,IE-->BD
BB,BRB,Barbados,Bridgetown,Americas,Caribbean,,BB-->IE,BB-->IE,BB-->IE,BB-->IE,BB-->IE,BB-->IE,BB-->IE,BB-->IE,BB-->IE,BB-->IE,BB-->IE,BB-->IE,BB-->IE,BB-->IE,BB-->IE,BB-->IE,BB-->IE,BB-->IE,BB-->IE,,,,,,,,,,,,,,,,,IE-->BB,IE-->BB,IE-->BB,IE-->BB,IE-->BB,IE-->BB,IE-->BB,IE-->BB,IE-->BB,IE-->BB,IE-->BB,IE-->BB,IE-->BB,IE-->BB,IE-->BB,IE-->BB,IE-->BB,IE-->BB,IE-->BB
BY,BLR,Belarus,Minsk,Europe,Eastern Europe,,BY-->IE,BY-->IE,BY-->IE,BY-->IE,BY-->IE,BY-->IE,BY-->IE,BY-->IE,BY-->IE,BY-->IE,BY-->IE,BY-->IE,BY-->IE,BY-->IE,BY-->IE,BY-->IE,BY-->IE,BY-->IE,BY-->IE,,,,,,,,,,,,,,,,,IE-->BY,IE-->BY,IE-->BY,IE-->BY,IE-->BY,IE-->BY,IE-->BY,IE-->BY,IE-->BY,IE-->BY,IE-->BY,IE-->BY,IE-->BY,IE-->BY,IE-->BY,IE-->BY,IE-->BY,IE-->BY,IE-->BY
BE,BEL,Belgium,Brussels,Europe,Western Europe,,BE-->IE,BE-->IE,BE-->IE,BE-->IE,BE-->IE,BE-->IE,BE-->IE,BE-->IE,BE-->IE,BE-->IE,BE-->IE,BE-->IE,BE-->IE,BE-->IE,BE-->IE,BE-->IE,BE-->IE,BE-->IE,BE-->IE,,,,,,,,,,,,,,,,,IE-->BE,IE-->BE,IE-->BE,IE-->BE,IE-->BE,IE-->BE,IE-->BE,IE-->BE,IE-->BE,IE-->BE,IE-->BE,IE-->BE,IE-->BE,IE-->BE,IE-->BE,IE-->BE,IE-->BE,IE-->BE,IE-->BE
BZ,BLZ,Belize,Belmopan,Americas,Central America,,BZ-->IE,BZ-->IE,BZ-->IE,BZ-->IE,BZ-->IE,BZ-->IE,BZ-->IE,BZ-->IE,BZ-->IE,BZ-->IE,BZ-->IE,BZ-->IE,BZ-->IE,BZ-->IE,BZ-->IE,BZ-->IE,BZ-->IE,BZ-->IE,BZ-->IE,,,,,,,,,,,,,,,,,IE-->BZ,IE-->BZ,IE-->BZ,IE-->BZ,IE-->BZ,IE-->BZ,IE-->BZ,IE-->BZ,IE-->BZ,IE-->BZ,IE-->BZ,IE-->BZ,IE-->BZ,IE-->BZ,IE-->BZ,IE-->BZ,IE-->BZ,IE-->BZ,IE-->BZ
BJ,BEN,Benin,Porto-Novo,Africa,Western Africa,,BJ-->IE,BJ-->IE,BJ-->IE,BJ-->IE,BJ-->IE,BJ-->IE,BJ-->IE,BJ-->IE,BJ-->IE,BJ-->IE,BJ-->IE,BJ-->IE,BJ-->IE,BJ-->IE,BJ-->IE,BJ-->IE,BJ-->IE,BJ-->IE,BJ-->IE,,,,,,,,,,,,,,,,,IE-->BJ,IE-->BJ,IE-->BJ,IE-->BJ,IE-->BJ,IE-->BJ,IE-->BJ,IE-->BJ,IE-->BJ,IE-->BJ,IE-->BJ,IE-->BJ,IE-->BJ,IE-->BJ,IE-->BJ,IE-->BJ,IE-->BJ,IE-->BJ,IE-->BJ
BM,BMU,Bermuda,Hamilton,Americas,Northern America,,BM-->IE,BM-->IE,BM-->IE,BM-->IE,BM-->IE,BM-->IE,BM-->IE,BM-->IE,BM-->IE,BM-->IE,BM-->IE,BM-->IE,BM-->IE,BM-->IE,BM-->IE,BM-->IE,BM-->IE,BM-->IE,BM-->IE,,,,,,,,,,,,,,,,,IE-->BM,IE-->BM,IE-->BM,IE-->BM,IE-->BM,IE-->BM,IE-->BM,IE-->BM,IE-->BM,IE-->BM,IE-->BM,IE-->BM,IE-->BM,IE-->BM,IE-->BM,IE-->BM,IE-->BM,IE-->BM,IE-->BM
BT,BTN,Bhutan,Thimphu,Asia,Southern Asia,,BT-->IE,BT-->IE,BT-->IE,BT-->IE,BT-->IE,BT-->IE,BT-->IE,BT-->IE,BT-->IE,BT-->IE,BT-->IE,BT-->IE,BT-->IE,BT-->IE,BT-->IE,BT-->IE,BT-->IE,BT-->IE,BT-->IE,,,,,,,,,,,,,,,,,IE-->BT,IE-->BT,IE-->BT,IE-->BT,IE-->BT,IE-->BT,IE-->BT,IE-->BT,IE-->BT,IE-->BT,IE-->BT,IE-->BT,IE-->BT,IE-->BT,IE-->BT,IE-->BT,IE-->BT,IE-->BT,IE-->BT
BO,BOL,Bolivia,Sucre,Americas,South America,,BO-->IE,BO-->IE,BO-->IE,BO-->IE,BO-->IE,BO-->IE,BO-->IE,BO-->IE,BO-->IE,BO-->IE,BO-->IE,BO-->IE,BO-->IE,BO-->IE,BO-->IE,BO-->IE,BO-->IE,BO-->IE,BO-->IE,,,,,,,,,,,,,,,,,IE-->BO,IE-->BO,IE-->BO,IE-->BO,IE-->BO,IE-->BO,IE-->BO,IE-->BO,IE-->BO,IE-->BO,IE-->BO,IE-->BO,IE-->BO,IE-->BO,IE-->BO,IE-->BO,IE-->BO,IE-->BO,IE-->BO
BQ,BES,Bonaire,Kralendijk,Americas,Caribbean,,BQ-->IE,BQ-->IE,BQ-->IE,BQ-->IE,BQ-->IE,BQ-->IE,BQ-->IE,BQ-->IE,BQ-->IE,BQ-->IE,BQ-->IE,BQ-->IE,BQ-->IE,BQ-->IE,BQ-->IE,BQ-->IE,BQ-->IE,BQ-->IE,BQ-->IE,,,,,,,,,,,,,,,,,IE-->BQ,IE-->BQ,IE-->BQ,IE-->BQ,IE-->BQ,IE-->BQ,IE-->BQ,IE-->BQ,IE-->BQ,IE-->BQ,IE-->BQ,IE-->BQ,IE-->BQ,IE-->BQ,IE-->BQ,IE-->BQ,IE-->BQ,IE-->BQ,IE-->BQ
BA,BIH,Bosnia and Herzegovina,Sarajevo,Europe,Southern Europe,,BA-->IE,BA-->IE,BA-->IE,BA-->IE,BA-->IE,BA-->IE,BA-->IE,BA-->IE,BA-->IE,BA-->IE,BA-->IE,BA-->IE,BA-->IE,BA-->IE,BA-->IE,BA-->IE,BA-->IE,BA-->IE,BA-->IE,,,,,,,,,,,,,,,,,IE-->BA,IE-->BA,IE-->BA,IE-->BA,IE-->BA,IE-->BA,IE-->BA,IE-->BA,IE-->BA,IE-->BA,IE-->BA,IE-->BA,IE-->BA,IE-->BA,IE-->BA,IE-->BA,IE-->BA,IE-->BA,IE-->BA
BW,BWA,Botswana,Gaborone,Africa,Southern Africa,,BW-->IE,BW-->IE,BW-->IE,BW-->IE,BW-->IE,BW-->IE,BW-->IE,BW-->IE,BW-->IE,BW-->IE,BW-->IE,BW-->IE,BW-->IE,BW-->IE,BW-->IE,BW-->IE,BW-->IE,BW-->IE,BW-->IE,,,,,,,,,,,,,,,,,IE-->BW,IE-->BW,IE-->BW,IE-->BW,IE-->BW,IE-->BW,IE-->BW,IE-->BW,IE-->BW,IE-->BW,IE-->BW,IE-->BW,IE-->BW,IE-->BW,IE-->BW,IE-->BW,IE-->BW,IE-->BW,IE-->BW
BV,BVT,Bouvet Island,,,,,BV-->IE,BV-->IE,BV-->IE,BV-->IE,BV-->IE,BV-->IE,BV-->IE,BV-->IE,BV-->IE,BV-->IE,BV-->IE,BV-->IE,BV-->IE,BV-->IE,BV-->IE,BV-->IE,BV-->IE,BV-->IE,BV-->IE,,,,,,,,,,,,,,,,,IE-->BV,IE-->BV,IE-->BV,IE-->BV,IE-->BV,IE-->BV,IE-->BV,IE-->BV,IE-->BV,IE-->BV,IE-->BV,IE-->BV,IE-->BV,IE-->BV,IE-->BV,IE-->BV,IE-->BV,IE-->BV,IE-->BV
BR,BRA,Brazil,Brasília,Americas,South America,,BR-->IE,BR-->IE,BR-->IE,BR-->IE,BR-->IE,BR-->IE,BR-->IE,BR-->IE,BR-->IE,BR-->IE,BR-->IE,BR-->IE,BR-->IE,BR-->IE,BR-->IE,BR-->IE,BR-->IE,BR-->IE,BR-->IE,,,,,,,,,,,,,,,,,IE-->BR,IE-->BR,IE-->BR,IE-->BR,IE-->BR,IE-->BR,IE-->BR,IE-->BR,IE-->BR,IE-->BR,IE-->BR,IE-->BR,IE-->BR,IE-->BR,IE-->BR,IE-->BR,IE-->BR,IE-->BR,IE-->BR
IO,IOT,British Indian Ocean Territory,Diego Garcia,Africa,Eastern Africa,,IO-->IE,IO-->IE,IO-->IE,IO-->IE,IO-->IE,IO-->IE,IO-->IE,IO-->IE,IO-->IE,IO-->IE,IO-->IE,IO-->IE,IO-->IE,IO-->IE,IO-->IE,IO-->IE,IO-->IE,IO-->IE,IO-->IE,,,,,,,,,,,,,,,,,IE-->IO,IE-->IO,IE-->IO,IE-->IO,IE-->IO,IE-->IO,IE-->IO,IE-->IO,IE-->IO,IE-->IO,IE-->IO,IE-->IO,IE-->IO,IE-->IO,IE-->IO,IE-->IO,IE-->IO,IE-->IO,IE-->IO
UM,UMI,United States Minor Outlying Islands,,Americas,Northern America,,UM-->IE,UM-->IE,UM-->IE,UM-->IE,UM-->IE,UM-->IE,UM-->IE,UM-->IE,UM-->IE,UM-->IE,UM-->IE,UM-->IE,UM-->IE,UM-->IE,UM-->IE,UM-->IE,UM-->IE,UM-->IE,UM-->IE,,,,,,,,,,,,,,,,,IE-->UM,IE-->UM,IE-->UM,IE-->UM,IE-->UM,IE-->UM,IE-->UM,IE-->UM,IE-->UM,IE-->UM,IE-->UM,IE-->UM,IE-->UM,IE-->UM,IE-->UM,IE-->UM,IE-->UM,IE-->UM,IE-->UM
VG,VGB,Virgin Islands (British),Road Town,Americas,Caribbean,,VG-->IE,VG-->IE,VG-->IE,VG-->IE,VG-->IE,VG-->IE,VG-->IE,VG-->IE,VG-->IE,VG-->IE,VG-->IE,VG-->IE,VG-->IE,VG-->IE,VG-->IE,VG-->IE,VG-->IE,VG-->IE,VG-->IE,,,,,,,,,,,,,,,,,IE-->VG,IE-->VG,IE-->VG,IE-->VG,IE-->VG,IE-->VG,IE-->VG,IE-->VG,IE-->VG,IE-->VG,IE-->VG,IE-->VG,IE-->VG,IE-->VG,IE-->VG,IE-->VG,IE-->VG,IE-->VG,IE-->VG
VI,VIR,Virgin Islands (U.S.),Charlotte Amalie,Americas,Caribbean,,VI-->IE,VI-->IE,VI-->IE,VI-->IE,VI-->IE,VI-->IE,VI-->IE,VI-->IE,VI-->IE,VI-->IE,VI-->IE,VI-->IE,VI-->IE,VI-->IE,VI-->IE,VI-->IE,VI-->IE,VI-->IE,VI-->IE,,,,,,,,,,,,,,,,,IE-->VI,IE-->VI,IE-->VI,IE-->VI,IE-->VI,IE-->VI,IE-->VI,IE-->VI,IE-->VI,IE-->VI,IE-->VI,IE-->VI,IE-->VI,IE-->VI,IE-->VI,IE-->VI,IE-->VI,IE-->VI,IE-->VI
BN,BRN,Brunei,Bandar Seri Begawan,Asia,South-Eastern Asia,,BN-->IE,BN-->IE,BN-->IE,BN-->IE,BN-->IE,BN-->IE,BN-->IE,BN-->IE,BN-->IE,BN-->IE,BN-->IE,BN-->IE,BN-->IE,BN-->IE,BN-->IE,BN-->IE,BN-->IE,BN-->IE,BN-->IE,,,,,,,,,,,,,,,,,IE-->BN,IE-->BN,IE-->BN,IE-->BN,IE-->BN,IE-->BN,IE-->BN,IE-->BN,IE-->BN,IE-->BN,IE-->BN,IE-->BN,IE-->BN,IE-->BN,IE-->BN,IE-->BN,IE-->BN,IE-->BN,IE-->BN
BG,BGR,Bulgaria,Sofia,Europe,Eastern Europe,,BG-->IE,BG-->IE,BG-->IE,BG-->IE,BG-->IE,BG-->IE,BG-->IE,BG-->IE,BG-->IE,BG-->IE,BG-->IE,BG-->IE,BG-->IE,BG-->IE,BG-->IE,BG-->IE,BG-->IE,BG-->IE,BG-->IE,,,,,,,,,,,,,,,,,IE-->BG,IE-->BG,IE-->BG,IE-->BG,IE-->BG,IE-->BG,IE-->BG,IE-->BG,IE-->BG,IE-->BG,IE-->BG,IE-->BG,IE-->BG,IE-->BG,IE-->BG,IE-->BG,IE-->BG,IE-->BG,IE-->BG
BF,BFA,Burkina Faso,Ouagadougou,Africa,Western Africa,,BF-->IE,BF-->IE,BF-->IE,BF-->IE,BF-->IE,BF-->IE,BF-->IE,BF-->IE,BF-->IE,BF-->IE,BF-->IE,BF-->IE,BF-->IE,BF-->IE,BF-->IE,BF-->IE,BF-->IE,BF-->IE,BF-->IE,,,,,,,,,,,,,,,,,IE-->BF,IE-->BF,IE-->BF,IE-->BF,IE-->BF,IE-->BF,IE-->BF,IE-->BF,IE-->BF,IE-->BF,IE-->BF,IE-->BF,IE-->BF,IE-->BF,IE-->BF,IE-->BF,IE-->BF,IE-->BF,IE-->BF
BI,BDI,Burundi,Bujumbura,Africa,Eastern Africa,,BI-->IE,BI-->IE,BI-->IE,BI-->IE,BI-->IE,BI-->IE,BI-->IE,BI-->IE,BI-->IE,BI-->IE,BI-->IE,BI-->IE,BI-->IE,BI-->IE,BI-->IE,BI-->IE,BI-->IE,BI-->IE,BI-->IE,,,,,,,,,,,,,,,,,IE-->BI,IE-->BI,IE-->BI,IE-->BI,IE-->BI,IE-->BI,IE-->BI,IE-->BI,IE-->BI,IE-->BI,IE-->BI,IE-->BI,IE-->BI,IE-->BI,IE-->BI,IE-->BI,IE-->BI,IE-->BI,IE-->BI
KH,KHM,Cambodia,Phnom Penh,Asia,South-Eastern Asia,,KH-->IE,KH-->IE,KH-->IE,KH-->IE,KH-->IE,KH-->IE,KH-->IE,KH-->IE,KH-->IE,KH-->IE,KH-->IE,KH-->IE,KH-->IE,KH-->IE,KH-->IE,KH-->IE,KH-->IE,KH-->IE,KH-->IE,,,,,,,,,,,,,,,,,IE-->KH,IE-->KH,IE-->KH,IE-->KH,IE-->KH,IE-->KH,IE-->KH,IE-->KH,IE-->KH,IE-->KH,IE-->KH,IE-->KH,IE-->KH,IE-->KH,IE-->KH,IE-->KH,IE-->KH,IE-->KH,IE-->KH
CM,CMR,Cameroon,Yaoundé,Africa,Middle Africa,,CM-->IE,CM-->IE,CM-->IE,CM-->IE,CM-->IE,CM-->IE,CM-->IE,CM-->IE,CM-->IE,CM-->IE,CM-->IE,CM-->IE,CM-->IE,CM-->IE,CM-->IE,CM-->IE,CM-->IE,CM-->IE,CM-->IE,,,,,,,,,,,,,,,,,IE-->CM,IE-->CM,IE-->CM,IE-->CM,IE-->CM,IE-->CM,IE-->CM,IE-->CM,IE-->CM,IE-->CM,IE-->CM,IE-->CM,IE-->CM,IE-->CM,IE-->CM,IE-->CM,IE-->CM,IE-->CM,IE-->CM
CA,CAN,Canada,Ottawa,Americas,Northern America,,CA-->IE,CA-->IE,CA-->IE,CA-->IE,CA-->IE,CA-->IE,CA-->IE,CA-->IE,CA-->IE,CA-->IE,CA-->IE,CA-->IE,CA-->IE,CA-->IE,CA-->IE,CA-->IE,CA-->IE,CA-->IE,CA-->IE,,,,,,,,,,,,,,,,,IE-->CA,IE-->CA,IE-->CA,IE-->CA,IE-->CA,IE-->CA,IE-->CA,IE-->CA,IE-->CA,IE-->CA,IE-->CA,IE-->CA,IE-->CA,IE-->CA,IE-->CA,IE-->CA,IE-->CA,IE-->CA,IE-->CA
CV,CPV,Cape Verde,Praia,Africa,Western Africa,,CV-->IE,CV-->IE,CV-->IE,CV-->IE,CV-->IE,CV-->IE,CV-->IE,CV-->IE,CV-->IE,CV-->IE,CV-->IE,CV-->IE,CV-->IE,CV-->IE,CV-->IE,CV-->IE,CV-->IE,CV-->IE,CV-->IE,,,,,,,,,,,,,,,,,IE-->CV,IE-->CV,IE-->CV,IE-->CV,IE-->CV,IE-->CV,IE-->CV,IE-->CV,IE-->CV,IE-->CV,IE-->CV,IE-->CV,IE-->CV,IE-->CV,IE-->CV,IE-->CV,IE-->CV,IE-->CV,IE-->CV
KY,CYM,Cayman Islands,George Town,Americas,Caribbean,,KY-->IE,KY-->IE,KY-->IE,KY-->IE,KY-->IE,KY-->IE,KY-->IE,KY-->IE,KY-->IE,KY-->IE,KY-->IE,KY-->IE,KY-->IE,KY-->IE,KY-->IE,KY-->IE,KY-->IE,KY-->IE,KY-->IE,,,,,,,,,,,,,,,,,IE-->KY,IE-->KY,IE-->KY,IE-->KY,IE-->KY,IE-->KY,IE-->KY,IE-->KY,IE-->KY,IE-->KY,IE-->KY,IE-->KY,IE-->KY,IE-->KY,IE-->KY,IE-->KY,IE-->KY,IE-->KY,IE-->KY
CF,CAF,Central African Republic,Bangui,Africa,Middle Africa,,CF-->IE,CF-->IE,CF-->IE,CF-->IE,CF-->IE,CF-->IE,CF-->IE,CF-->IE,CF-->IE,CF-->IE,CF-->IE,CF-->IE,CF-->IE,CF-->IE,CF-->IE,CF-->IE,CF-->IE,CF-->IE,CF-->IE,,,,,,,,,,,,,,,,,IE-->CF,IE-->CF,IE-->CF,IE-->CF,IE-->CF,IE-->CF,IE-->CF,IE-->CF,IE-->CF,IE-->CF,IE-->CF,IE-->CF,IE-->CF,IE-->CF,IE-->CF,IE-->CF,IE-->CF,IE-->CF,IE-->CF
TD,TCD,Chad,N'Djamena,Africa,Middle Africa,,TD-->IE,TD-->IE,TD-->IE,TD-->IE,TD-->IE,TD-->IE,TD-->IE,TD-->IE,TD-->IE,TD-->IE,TD-->IE,TD-->IE,TD-->IE,TD-->IE,TD-->IE,TD-->IE,TD-->IE,TD-->IE,TD-->IE,,,,,,,,,,,,,,,,,IE-->TD,IE-->TD,IE-->TD,IE-->TD,IE-->TD,IE-->TD,IE-->TD,IE-->TD,IE-->TD,IE-->TD,IE-->TD,IE-->TD,IE-->TD,IE-->TD,IE-->TD,IE-->TD,IE-->TD,IE-->TD,IE-->TD
CL,CHL,Chile,Santiago,Americas,South America,,CL-->IE,CL-->IE,CL-->IE,CL-->IE,CL-->IE,CL-->IE,CL-->IE,CL-->IE,CL-->IE,CL-->IE,CL-->IE,CL-->IE,CL-->IE,CL-->IE,CL-->IE,CL-->IE,CL-->IE,CL-->IE,CL-->IE,,,,,,,,,,,,,,,,,IE-->CL,IE-->CL,IE-->CL,IE-->CL,IE-->CL,IE-->CL,IE-->CL,IE-->CL,IE-->CL,IE-->CL,IE-->CL,IE-->CL,IE-->CL,IE-->CL,IE-->CL,IE-->CL,IE-->CL,IE-->CL,IE-->CL
CN,CHN,China,Beijing,Asia,Eastern Asia,,CN-->IE,CN-->IE,CN-->IE,CN-->IE,CN-->IE,CN-->IE,CN-->IE,CN-->IE,CN-->IE,CN-->IE,CN-->IE,CN-->IE,CN-->IE,CN-->IE,CN-->IE,CN-->IE,CN-->IE,CN-->IE,CN-->IE,,,,,,,,,,,,,,,,,IE-->CN,IE-->CN,IE-->CN,IE-->CN,IE-->CN,IE-->CN,IE-->CN,IE-->CN,IE-->CN,IE-->CN,IE-->CN,IE-->CN,IE-->CN,IE-->CN,IE-->CN,IE-->CN,IE-->CN,IE-->CN,IE-->CN
CX,CXR,Christmas Island,Flying Fish Cove,Oceania,Australia and New Zealand,,CX-->IE,CX-->IE,CX-->IE,CX-->IE,CX-->IE,CX-->IE,CX-->IE,CX-->IE,CX-->IE,CX-->IE,CX-->IE,CX-->IE,CX-->IE,CX-->IE,CX-->IE,CX-->IE,CX-->IE,CX-->IE,CX-->IE,,,,,,,,,,,,,,,,,IE-->CX,IE-->CX,IE-->CX,IE-->CX,IE-->CX,IE-->CX,IE-->CX,IE-->CX,IE-->CX,IE-->CX,IE-->CX,IE-->CX,IE-->CX,IE-->CX,IE-->CX,IE-->CX,IE-->CX,IE-->CX,IE-->CX
CC,CCK,Cocos (Keeling) Islands,West Island,Oceania,Australia and New Zealand,,CC-->IE,CC-->IE,CC-->IE,CC-->IE,CC-->IE,CC-->IE,CC-->IE,CC-->IE,CC-->IE,CC-->IE,CC-->IE,CC-->IE,CC-->IE,CC-->IE,CC-->IE,CC-->IE,CC-->IE,CC-->IE,CC-->IE,,,,,,,,,,,,,,,,,IE-->CC,IE-->CC,IE-->CC,IE-->CC,IE-->CC,IE-->CC,IE-->CC,IE-->CC,IE-->CC,IE-->CC,IE-->CC,IE-->CC,IE-->CC,IE-->CC,IE-->CC,IE-->CC,IE-->CC,IE-->CC,IE-->CC
CO,COL,Colombia,Bogotá,Americas,South America,,CO-->IE,CO-->IE,CO-->IE,CO-->IE,CO-->IE,CO-->IE,CO-->IE,CO-->IE,CO-->IE,CO-->IE,CO-->IE,CO-->IE,CO-->IE,CO-->IE,CO-->IE,CO-->IE,CO-->IE,CO-->IE,CO-->IE,,,,,,,,,,,,,,,,,IE-->CO,IE-->CO,IE-->CO,IE-->CO,IE-->CO,IE-->CO,IE-->CO,IE-->CO,IE-->CO,IE-->CO,IE-->CO,IE-->CO,IE-->CO,IE-->CO,IE-->CO,IE-->CO,IE-->CO,IE-->CO,IE-->CO
KM,COM,Comoros,Moroni,Africa,Eastern Africa,,KM-->IE,KM-->IE,KM-->IE,KM-->IE,KM-->IE,KM-->IE,KM-->IE,KM-->IE,KM-->IE,KM-->IE,KM-->IE,KM-->IE,KM-->IE,KM-->IE,KM-->IE,KM-->IE,KM-->IE,KM-->IE,KM-->IE,,,,,,,,,,,,,,,,,IE-->KM,IE-->KM,IE-->KM,IE-->KM,IE-->KM,IE-->KM,IE-->KM,IE-->KM,IE-->KM,IE-->KM,IE-->KM,IE-->KM,IE-->KM,IE-->KM,IE-->KM,IE-->KM,IE-->KM,IE-->KM,IE-->KM
CG,COG,Republic of the Congo,Brazzaville,Africa,Middle Africa,,CG-->IE,CG-->IE,CG-->IE,CG-->IE,CG-->IE,CG-->IE,CG-->IE,CG-->IE,CG-->IE,CG-->IE,CG-->IE,CG-->IE,CG-->IE,CG-->IE,CG-->IE,CG-->IE,CG-->IE,CG-->IE,CG-->IE,,,,,,,,,,,,,,,,,IE-->CG,IE-->CG,IE-->CG,IE-->CG,IE-->CG,IE-->CG,IE-->CG,IE-->CG,IE-->CG,IE-->CG,IE-->CG,IE-->CG,IE-->CG,IE-->CG,IE-->CG,IE-->CG,IE-->CG,IE-->CG,IE-->CG
CD,COD,Democratic Republic of the Congo,Kinshasa,Africa,Middle Africa,,CD-->IE,CD-->IE,CD-->IE,CD-->IE,CD-->IE,CD-->IE,CD-->IE,CD-->IE,CD-->IE,CD-->IE,CD-->IE,CD-->IE,CD-->IE,CD-->IE,CD-->IE,CD-->IE,CD-->IE,CD-->IE,CD-->IE,,,,,,,,,,,,,,,,,IE-->CD,IE-->CD,IE-->CD,IE-->CD,IE-->CD,IE-->CD,IE-->CD,IE-->CD,IE-->CD,IE-->CD,IE-->CD,IE-->CD,IE-->CD,IE-->CD,IE-->CD,IE-->CD,IE-->CD,IE-->CD,IE-->CD
CK,COK,Cook Islands,Avarua,Oceania,Polynesia,,CK-->IE,CK-->IE,CK-->IE,CK-->IE,CK-->IE,CK-->IE,CK-->IE,CK-->IE,CK-->IE,CK-->IE,CK-->IE,CK-->IE,CK-->IE,CK-->IE,CK-->IE,CK-->IE,CK-->IE,CK-->IE,CK-->IE,,,,,,,,,,,,,,,,,IE-->CK,IE-->CK,IE-->CK,IE-->CK,IE-->CK,IE-->CK,IE-->CK,IE-->CK,IE-->CK,IE-->CK,IE-->CK,IE-->CK,IE-->CK,IE-->CK,IE-->CK,IE-->CK,IE-->CK,IE-->CK,IE-->CK
CR,CRI,Costa Rica,San José,Americas,Central America,,CR-->IE,CR-->IE,CR-->IE,CR-->IE,CR-->IE,CR-->IE,CR-->IE,CR-->IE,CR-->IE,CR-->IE,CR-->IE,CR-->IE,CR-->IE,CR-->IE,CR-->IE,CR-->IE,CR-->IE,CR-->IE,CR-->IE,,,,,,,,,,,,,,,,,IE-->CR,IE-->CR,IE-->CR,IE-->CR,IE-->CR,IE-->CR,IE-->CR,IE-->CR,IE-->CR,IE-->CR,IE-->CR,IE-->CR,IE-->CR,IE-->CR,IE-->CR,IE-->CR,IE-->CR,IE-->CR,IE-->CR
HR,HRV,Croatia,Zagreb,Europe,Southern Europe,,HR-->IE,HR-->IE,HR-->IE,HR-->IE,HR-->IE,HR-->IE,HR-->IE,HR-->IE,HR-->IE,HR-->IE,HR-->IE,HR-->IE,HR-->IE,HR-->IE,HR-->IE,HR-->IE,HR-->IE,HR-->IE,HR-->IE,,,,,,,,,,,,,,,,,IE-->HR,IE-->HR,IE-->HR,IE-->HR,IE-->HR,IE-->HR,IE-->HR,IE-->HR,IE-->HR,IE-->HR,IE-->HR,IE-->HR,IE-->HR,IE-->HR,IE-->HR,IE-->HR,IE-->HR,IE-->HR,IE-->HR
CU,CUB,Cuba,Havana,Americas,Caribbean,,CU-->IE,CU-->IE,CU-->IE,CU-->IE,CU-->IE,CU-->IE,CU-->IE,CU-->IE,CU-->IE,CU-->IE,CU-->IE,CU-->IE,CU-->IE,CU-->IE,CU-->IE,CU-->IE,CU-->IE,CU-->IE,CU-->IE,,,,,,,,,,,,,,,,,IE-->CU,IE-->CU,IE-->CU,IE-->CU,IE-->CU,IE-->CU,IE-->CU,IE-->CU,IE-->CU,IE-->CU,IE-->CU,IE-->CU,IE-->CU,IE-->CU,IE-->CU,IE-->CU,IE-->CU,IE-->CU,IE-->CU
CW,CUW,Curaçao,Willemstad,Americas,Caribbean,,CW-->IE,CW-->IE,CW-->IE,CW-->IE,CW-->IE,CW-->IE,CW-->IE,CW-->IE,CW-->IE,CW-->IE,CW-->IE,CW-->IE,CW-->IE,CW-->IE,CW-->IE,CW-->IE,CW-->IE,CW-->IE,CW-->IE,,,,,,,,,,,,,,,,,IE-->CW,IE-->CW,IE-->CW,IE-->CW,IE-->CW,IE-->CW,IE-->CW,IE-->CW,IE-->CW,IE-->CW,IE-->CW,IE-->CW,IE-->CW,IE-->CW,IE-->CW,IE-->CW,IE-->CW,IE-->CW,IE-->CW
CY,CYP,Cyprus,Nicosia,Europe,Southern Europe,,CY-->IE,CY-->IE,CY-->IE,CY-->IE,CY-->IE,CY-->IE,CY-->IE,CY-->IE,CY-->IE,CY-->IE,CY-->IE,CY-->IE,CY-->IE,CY-->IE,CY-->IE,CY-->IE,CY-->IE,CY-->IE,CY-->IE,,,,,,,,,,,,,,,,,IE-->CY,IE-->CY,IE-->CY,IE-->CY,IE-->CY,IE-->CY,IE-->CY,IE-->CY,IE-->CY,IE-->CY,IE-->CY,IE-->CY,IE-->CY,IE-->CY,IE-->CY,IE-->CY,IE-->CY,IE-->CY,IE-->CY
CZ,CZE,Czech Republic,Prague,Europe,Eastern Europe,,CZ-->IE,CZ-->IE,CZ-->IE,CZ-->IE,CZ-->IE,CZ-->IE,CZ-->IE,CZ-->IE,CZ-->IE,CZ-->IE,CZ-->IE,CZ-->IE,CZ-->IE,CZ-->IE,CZ-->IE,CZ-->IE,CZ-->IE,CZ-->IE,CZ-->IE,,,,,,,,,,,,,,,,,IE-->CZ,IE-->CZ,IE-->CZ,IE-->CZ,IE-->CZ,IE-->CZ,IE-->CZ,IE-->CZ,IE-->CZ,IE-->CZ,IE-->CZ,IE-->CZ,IE-->CZ,IE-->CZ,IE-->CZ,IE-->CZ,IE-->CZ,IE-->CZ,IE-->CZ
DK,DNK,Denmark,Copenhagen,Europe,Northern Europe,,DK-->IE,DK-->IE,DK-->IE,DK-->IE,DK-->IE,DK-->IE,DK-->IE,DK-->IE,DK-->IE,DK-->IE,DK-->IE,DK-->IE,DK-->IE,DK-->IE,DK-->IE,DK-->IE,DK-->IE,DK-->IE,DK-->IE,,,,,,,,,,,,,,,,,IE-->DK,IE-->DK,IE-->DK,IE-->DK,IE-->DK,IE-->DK,IE-->DK,IE-->DK,IE-->DK,IE-->DK,IE-->DK,IE-->DK,IE-->DK,IE-->DK,IE-->DK,IE-->DK,IE-->DK,IE-->DK,IE-->DK
DJ,DJI,Djibouti,Djibouti,Africa,Eastern Africa,,DJ-->IE,DJ-->IE,DJ-->IE,DJ-->IE,DJ-->IE,DJ-->IE,DJ-->IE,DJ-->IE,DJ-->IE,DJ-->IE,DJ-->IE,DJ-->IE,DJ-->IE,DJ-->IE,DJ-->IE,DJ-->IE,DJ-->IE,DJ-->IE,DJ-->IE,,,,,,,,,,,,,,,,,IE-->DJ,IE-->DJ,IE-->DJ,IE-->DJ,IE-->DJ,IE-->DJ,IE-->DJ,IE-->DJ,IE-->DJ,IE-->DJ,IE-->DJ,IE-->DJ,IE-->DJ,IE-->DJ,IE-->DJ,IE-->DJ,IE-->DJ,IE-->DJ,IE-->DJ
DM,DMA,Dominica,Roseau,Americas,Caribbean,,DM-->IE,DM-->IE,DM-->IE,DM-->IE,DM-->IE,DM-->IE,DM-->IE,DM-->IE,DM-->IE,DM-->IE,DM-->IE,DM-->IE,DM-->IE,DM-->IE,DM-->IE,DM-->IE,DM-->IE,DM-->IE,DM-->IE,,,,,,,,,,,,,,,,,IE-->DM,IE-->DM,IE-->DM,IE-->DM,IE-->DM,IE-->DM,IE-->DM,IE-->DM,IE-->DM,IE-->DM,IE-->DM,IE-->DM,IE-->DM,IE-->DM,IE-->DM,IE-->DM,IE-->DM,IE-->DM,IE-->DM
DO,DOM,Dominican Republic,Santo Domingo,Americas,Caribbean,,DO-->IE,DO-->IE,DO-->IE,DO-->IE,DO-->IE,DO-->IE,DO-->IE,DO-->IE,DO-->IE,DO-->IE,DO-->IE,DO-->IE,DO-->IE,DO-->IE,DO-->IE,DO-->IE,DO-->IE,DO-->IE,DO-->IE,,,,,,,,,,,,,,,,,IE-->DO,IE-->DO,IE-->DO,IE-->DO,IE-->DO,IE-->DO,IE-->DO,IE-->DO,IE-->DO,IE-->DO,IE-->DO,IE-->DO,IE-->DO,IE-->DO,IE-->DO,IE-->DO,IE-->DO,IE-->DO,IE-->DO
EC,ECU,Ecuador,Quito,Americas,South America,,EC-->IE,EC-->IE,EC-->IE,EC-->IE,EC-->IE,EC-->IE,EC-->IE,EC-->IE,EC-->IE,EC-->IE,EC-->IE,EC-->IE,EC-->IE,EC-->IE,EC-->IE,EC-->IE,EC-->IE,EC-->IE,EC-->IE,,,,,,,,,,,,,,,,,IE-->EC,IE-->EC,IE-->EC,IE-->EC,IE-->EC,IE-->EC,IE-->EC,IE-->EC,IE-->EC,IE-->EC,IE-->EC,IE-->EC,IE-->EC,IE-->EC,IE-->EC,IE-->EC,IE-->EC,IE-->EC,IE-->EC
EG,EGY,Egypt,Cairo,Africa,Northern Africa,,EG-->IE,EG-->IE,EG-->IE,EG-->IE,EG-->IE,EG-->IE,EG-->IE,EG-->IE,EG-->IE,EG-->IE,EG-->IE,EG-->IE,EG-->IE,EG-->IE,EG-->IE,EG-->IE,EG-->IE,EG-->IE,EG-->IE,,,,,,,,,,,,,,,,,IE-->EG,IE-->EG,IE-->EG,IE-->EG,IE-->EG,IE-->EG,IE-->EG,IE-->EG,IE-->EG,IE-->EG,IE-->EG,IE-->EG,IE-->EG,IE-->EG,IE-->EG,IE-->EG,IE-->EG,IE-->EG,IE-->EG
SV,SLV,El Salvador,San Salvador,Americas,Central America,,SV-->IE,SV-->IE,SV-->IE,SV-->IE,SV-->IE,SV-->IE,SV-->IE,SV-->IE,SV-->IE,SV-->IE,SV-->IE,SV-->IE,SV-->IE,SV-->IE,SV-->IE,SV-->IE,SV-->IE,SV-->IE,SV-->IE,,,,,,,,,,,,,,,,,IE-->SV,IE-->SV,IE-->SV,IE-->SV,IE-->SV,IE-->SV,IE-->SV,IE-->SV,IE-->SV,IE-->SV,IE-->SV,IE-->SV,IE-->SV,IE-->SV,IE-->SV,IE-->SV,IE-->SV,IE-->SV,IE-->SV
GQ,GNQ,Equatorial Guinea,Malabo,Africa,Middle Africa,,GQ-->IE,GQ-->IE,GQ-->IE,GQ-->IE,GQ-->IE,GQ-->IE,GQ-->IE,GQ-->IE,GQ-->IE,GQ-->IE,GQ-->IE,GQ-->IE,GQ-->IE,GQ-->IE,GQ-->IE,GQ-->IE,GQ-->IE,GQ-->IE,GQ-->IE,,,,,,,,,,,,,,,,,IE-->GQ,IE-->GQ,IE-->GQ,IE-->GQ,IE-->GQ,IE-->GQ,IE-->GQ,IE-->GQ,IE-->GQ,IE-->GQ,IE-->GQ,IE-->GQ,IE-->GQ,IE-->GQ,IE-->GQ,IE-->GQ,IE-->GQ,IE-->GQ,IE-->GQ
ER,ERI,Eritrea,Asmara,Africa,Eastern Africa,,ER-->IE,ER-->IE,ER-->IE,ER-->IE,ER-->IE,ER-->IE,ER-->IE,ER-->IE,ER-->IE,ER-->IE,ER-->IE,ER-->IE,ER-->IE,ER-->IE,ER-->IE,ER-->IE,ER-->IE,ER-->IE,ER-->IE,,,,,,,,,,,,,,,,,IE-->ER,IE-->ER,IE-->ER,IE-->ER,IE-->ER,IE-->ER,IE-->ER,IE-->ER,IE-->ER,IE-->ER,IE-->ER,IE-->ER,IE-->ER,IE-->ER,IE-->ER,IE-->ER,IE-->ER,IE-->ER,IE-->ER
EE,EST,Estonia,Tallinn,Europe,Northern Europe,,EE-->IE,EE-->IE,EE-->IE,EE-->IE,EE-->IE,EE-->IE,EE-->IE,EE-->IE,EE-->IE,EE-->IE,EE-->IE,EE-->IE,EE-->IE,EE-->IE,EE-->IE,EE-->IE,EE-->IE,EE-->IE,EE-->IE,,,,,,,,,,,,,,,,,IE-->EE,IE-->EE,IE-->EE,IE-->EE,IE-->EE,IE-->EE,IE-->EE,IE-->EE,IE-->EE,IE-->EE,IE-->EE,IE-->EE,IE-->EE,IE-->EE,IE-->EE,IE-->EE,IE-->EE,IE-->EE,IE-->EE
ET,ETH,Ethiopia,Addis Ababa,Africa,Eastern Africa,,ET-->IE,ET-->IE,ET-->IE,ET-->IE,ET-->IE,ET-->IE,ET-->IE,ET-->IE,ET-->IE,ET-->IE,ET-->IE,ET-->IE,ET-->IE,ET-->IE,ET-->IE,ET-->IE,ET-->IE,ET-->IE,ET-->IE,,,,,,,,,,,,,,,,,IE-->ET,IE-->ET,IE-->ET,IE-->ET,IE-->ET,IE-->ET,IE-->ET,IE-->ET,IE-->ET,IE-->ET,IE-->ET,IE-->ET,IE-->ET,IE-->ET,IE-->ET,IE-->ET,IE-->ET,IE-->ET,IE-->ET
FK,FLK,Falkland Islands,Stanley,Americas,South America,,FK-->IE,FK-->IE,FK-->IE,FK-->IE,FK-->IE,FK-->IE,FK-->IE,FK-->IE,FK-->IE,FK-->IE,FK-->IE,FK-->IE,FK-->IE,FK-->IE,FK-->IE,FK-->IE,FK-->IE,FK-->IE,FK-->IE,,,,,,,,,,,,,,,,,IE-->FK,IE-->FK,IE-->FK,IE-->FK,IE-->FK,IE-->FK,IE-->FK,IE-->FK,IE-->FK,IE-->FK,IE-->FK,IE-->FK,IE-->FK,IE-->FK,IE-->FK,IE-->FK,IE-->FK,IE-->FK,IE-->FK
FO,FRO,Faroe Islands,Tórshavn,Europe,Northern Europe,,FO-->IE,FO-->IE,FO-->IE,FO-->IE,FO-->IE,FO-->IE,FO-->IE,FO-->IE,FO-->IE,FO-->IE,FO-->IE,FO-->IE,FO-->IE,FO-->IE,FO-->IE,FO-->IE,FO-->IE,FO-->IE,FO-->IE,,,,,,,,,,,,,,,,,IE-->FO,IE-->FO,IE-->FO,IE-->FO,IE-->FO,IE-->FO,IE-->FO,IE-->FO,IE-->FO,IE-->FO,IE-->FO,IE-->FO,IE-->FO,IE-->FO,IE-->FO,IE-->FO,IE-->FO,IE-->FO,IE-->FO
FJ,FJI,Fiji,Suva,Oceania,Melanesia,,FJ-->IE,FJ-->IE,FJ-->IE,FJ-->IE,FJ-->IE,FJ-->IE,FJ-->IE,FJ-->IE,FJ-->IE,FJ-->IE,FJ-->IE,FJ-->IE,FJ-->IE,FJ-->IE,FJ-->IE,FJ-->IE,FJ-->IE,FJ-->IE,FJ-->IE,,,,,,,,,,,,,,,,,IE-->FJ,IE-->FJ,IE-->FJ,IE-->FJ,IE-->FJ,IE-->FJ,IE-->FJ,IE-->FJ,IE-->FJ,IE-->FJ,IE-->FJ,IE-->FJ,IE-->FJ,IE-->FJ,IE-->FJ,IE-->FJ,IE-->FJ,IE-->FJ,IE-->FJ
FI,FIN,Finland,Helsinki,Europe,Northern Europe,,FI-->IE,FI-->IE,FI-->IE,FI-->IE,FI-->IE,FI-->IE,FI-->IE,FI-->IE,FI-->IE,FI-->IE,FI-->IE,FI-->IE,FI-->IE,FI-->IE,FI-->IE,FI-->IE,FI-->IE,FI-->IE,FI-->IE,,,,,,,,,,,,,,,,,IE-->FI,IE-->FI,IE-->FI,IE-->FI,IE-->FI,IE-->FI,IE-->FI,IE-->FI,IE-->FI,IE-->FI,IE-->FI,IE-->FI,IE-->FI,IE-->FI,IE-->FI,IE-->FI,IE-->FI,IE-->FI,IE-->FI
FR,FRA,France,Paris,Europe,Western Europe,,FR-->IE,FR-->IE,FR-->IE,FR-->IE,FR-->IE,FR-->IE,FR-->IE,FR-->IE,FR-->IE,FR-->IE,FR-->IE,FR-->IE,FR-->IE,FR-->IE,FR-->IE,FR-->IE,FR-->IE,FR-->IE,FR-->IE,,,,,,,,,,,,,,,,,IE-->FR,IE-->FR,IE-->FR,IE-->FR,IE-->FR,IE-->FR,IE-->FR,IE-->FR,IE-->FR,IE-->FR,IE-->FR,IE-->FR,IE-->FR,IE-->FR,IE-->FR,IE-->FR,IE-->FR,IE-->FR,IE-->FR
GF,GUF,French Guiana,Cayenne,Americas,South America,,GF-->IE,GF-->IE,GF-->IE,GF-->IE,GF-->IE,GF-->IE,GF-->IE,GF-->IE,GF-->IE,GF-->IE,GF-->IE,GF-->IE,GF-->IE,GF-->IE,GF-->IE,GF-->IE,GF-->IE,GF-->IE,GF-->IE,,,,,,,,,,,,,,,,,IE-->GF,IE-->GF,IE-->GF,IE-->GF,IE-->GF,IE-->GF,IE-->GF,IE-->GF,IE-->GF,IE-->GF,IE-->GF,IE-->GF,IE-->GF,IE-->GF,IE-->GF,IE-->GF,IE-->GF,IE-->GF,IE-->GF
PF,PYF,French Polynesia,Papeetē,Oceania,Polynesia,,PF-->IE,PF-->IE,PF-->IE,PF-->IE,PF-->IE,PF-->IE,PF-->IE,PF-->IE,PF-->IE,PF-->IE,PF-->IE,PF-->IE,PF-->IE,PF-->IE,PF-->IE,PF-->IE,PF-->IE,PF-->IE,PF-->IE,,,,,,,,,,,,,,,,,IE-->PF,IE-->PF,IE-->PF,IE-->PF,IE-->PF,IE-->PF,IE-->PF,IE-->PF,IE-->PF,IE-->PF,IE-->PF,IE-->PF,IE-->PF,IE-->PF,IE-->PF,IE-->PF,IE-->PF,IE-->PF,IE-->PF
TF,ATF,French Southern and Antarctic Lands,Port-aux-Français,Africa,Southern Africa,,TF-->IE,TF-->IE,TF-->IE,TF-->IE,TF-->IE,TF-->IE,TF-->IE,TF-->IE,TF-->IE,TF-->IE,TF-->IE,TF-->IE,TF-->IE,TF-->IE,TF-->IE,TF-->IE,TF-->IE,TF-->IE,TF-->IE,,,,,,,,,,,,,,,,,IE-->TF,IE-->TF,IE-->TF,IE-->TF,IE-->TF,IE-->TF,IE-->TF,IE-->TF,IE-->TF,IE-->TF,IE-->TF,IE-->TF,IE-->TF,IE-->TF,IE-->TF,IE-->TF,IE-->TF,IE-->TF,IE-->TF
GA,GAB,Gabon,Libreville,Africa,Middle Africa,,GA-->IE,GA-->IE,GA-->IE,GA-->IE,GA-->IE,GA-->IE,GA-->IE,GA-->IE,GA-->IE,GA-->IE,GA-->IE,GA-->IE,GA-->IE,GA-->IE,GA-->IE,GA-->IE,GA-->IE,GA-->IE,GA-->IE,,,,,,,,,,,,,,,,,IE-->GA,IE-->GA,IE-->GA,IE-->GA,IE-->GA,IE-->GA,IE-->GA,IE-->GA,IE-->GA,IE-->GA,IE-->GA,IE-->GA,IE-->GA,IE-->GA,IE-->GA,IE-->GA,IE-->GA,IE-->GA,IE-->GA
GM,GMB,The Gambia,Banjul,Africa,Western Africa,,GM-->IE,GM-->IE,GM-->IE,GM-->IE,GM-->IE,GM-->IE,GM-->IE,GM-->IE,GM-->IE,GM-->IE,GM-->IE,GM-->IE,GM-->IE,GM-->IE,GM-->IE,GM-->IE,GM-->IE,GM-->IE,GM-->IE,,,,,,,,,,,,,,,,,IE-->GM,IE-->GM,IE-->GM,IE-->GM,IE-->GM,IE-->GM,IE-->GM,IE-->GM,IE-->GM,IE-->GM,IE-->GM,IE-->GM,IE-->GM,IE-->GM,IE-->GM,IE-->GM,IE-->GM,IE-->GM,IE-->GM
GE,GEO,Georgia,Tbilisi,Asia,Western Asia,,GE-->IE,GE-->IE,GE-->IE,GE-->IE,GE-->IE,GE-->IE,GE-->IE,GE-->IE,GE-->IE,GE-->IE,GE-->IE,GE-->IE,GE-->IE,GE-->IE,GE-->IE,GE-->IE,GE-->IE,GE-->IE,GE-->IE,,,,,,,,,,,,,,,,,IE-->GE,IE-->GE,IE-->GE,IE-->GE,IE-->GE,IE-->GE,IE-->GE,IE-->GE,IE-->GE,IE-->GE,IE-->GE,IE-->GE,IE-->GE,IE-->GE,IE-->GE,IE-->GE,IE-->GE,IE-->GE,IE-->GE
DE,DEU,Germany,Berlin,Europe,Western Europe,,DE-->IE,DE-->IE,DE-->IE,DE-->IE,DE-->IE,DE-->IE,DE-->IE,DE-->IE,DE-->IE,DE-->IE,DE-->IE,DE-->IE,DE-->IE,DE-->IE,DE-->IE,DE-->IE,DE-->IE,DE-->IE,DE-->IE,,,,,,,,,,,,,,,,,IE-->DE,IE-->DE,IE-->DE,IE-->DE,IE-->DE,IE-->DE,IE-->DE,IE-->DE,IE-->DE,IE-->DE,IE-->DE,IE-->DE,IE-->DE,IE-->DE,IE-->DE,IE-->DE,IE-->DE,IE-->DE,IE-->DE
GH,GHA,Ghana,Accra,Africa,Western Africa,,GH-->IE,GH-->IE,GH-->IE,GH-->IE,GH-->IE,GH-->IE,GH-->IE,GH-->IE,GH-->IE,GH-->IE,GH-->IE,GH-->IE,GH-->IE,GH-->IE,GH-->IE,GH-->IE,GH-->IE,GH-->IE,GH-->IE,,,,,,,,,,,,,,,,,IE-->GH,IE-->GH,IE-->GH,IE-->GH,IE-->GH,IE-->GH,IE-->GH,IE-->GH,IE-->GH,IE-->GH,IE-->GH,IE-->GH,IE-->GH,IE-->GH,IE-->GH,IE-->GH,IE-->GH,IE-->GH,IE-->GH
GI,GIB,Gibraltar,Gibraltar,Europe,Southern Europe,,GI-->IE,GI-->IE,GI-->IE,GI-->IE,GI-->IE,GI-->IE,GI-->IE,GI-->IE,GI-->IE,GI-->IE,GI-->IE,GI-->IE,GI-->IE,GI-->IE,GI-->IE,GI-->IE,GI-->IE,GI-->IE,GI-->IE,,,,,,,,,,,,,,,,,IE-->GI,IE-->GI,IE-->GI,IE-->GI,IE-->GI,IE-->GI,IE-->GI,IE-->GI,IE-->GI,IE-->GI,IE-->GI,IE-->GI,IE-->GI,IE-->GI,IE-->GI,IE-->GI,IE-->GI,IE-->GI,IE-->GI
GR,GRC,Greece,Athens,Europe,Southern Europe,,GR-->IE,GR-->IE,GR-->IE,GR-->IE,GR-->IE,GR-->IE,GR-->IE,GR-->IE,GR-->IE,GR-->IE,GR-->IE,GR-->IE,GR-->IE,GR-->IE,GR-->IE,GR-->IE,GR-->IE,GR-->IE,GR-->IE,,,,,,,,,,,,,,,,,IE-->GR,IE-->GR,IE-->GR,IE-->GR,IE-->GR,IE-->GR,IE-->GR,IE-->GR,IE-->GR,IE-->GR,IE-->GR,IE-->GR,IE-->GR,IE-->GR,IE-->GR,IE-->GR,IE-->GR,IE-->GR,IE-->GR
GL,GRL,Greenland,Nuuk,Americas,Northern America,,GL-->IE,GL-->IE,GL-->IE,GL-->IE,GL-->IE,GL-->IE,GL-->IE,GL-->IE,GL-->IE,GL-->IE,GL-->IE,GL-->IE,GL-->IE,GL-->IE,GL-->IE,GL-->IE,GL-->IE,GL-->IE,GL-->IE,,,,,,,,,,,,,,,,,IE-->GL,IE-->GL,IE-->GL,IE-->GL,IE-->GL,IE-->GL,IE-->GL,IE-->GL,IE-->GL,IE-->GL,IE-->GL,IE-->GL,IE-->GL,IE-->GL,IE-->GL,IE-->GL,IE-->GL,IE-->GL,IE-->GL
GD,GRD,Grenada,St. George's,Americas,Caribbean,,GD-->IE,GD-->IE,GD-->IE,GD-->IE,GD-->IE,GD-->IE,GD-->IE,GD-->IE,GD-->IE,GD-->IE,GD-->IE,GD-->IE,GD-->IE,GD-->IE,GD-->IE,GD-->IE,GD-->IE,GD-->IE,GD-->IE,,,,,,,,,,,,,,,,,IE-->GD,IE-->GD,IE-->GD,IE-->GD,IE-->GD,IE-->GD,IE-->GD,IE-->GD,IE-->GD,IE-->GD,IE-->GD,IE-->GD,IE-->GD,IE-->GD,IE-->GD,IE-->GD,IE-->GD,IE-->GD,IE-->GD
GP,GLP,Guadeloupe,Basse-Terre,Americas,Caribbean,,GP-->IE,GP-->IE,GP-->IE,GP-->IE,GP-->IE,GP-->IE,GP-->IE,GP-->IE,GP-->IE,GP-->IE,GP-->IE,GP-->IE,GP-->IE,GP-->IE,GP-->IE,GP-->IE,GP-->IE,GP-->IE,GP-->IE,,,,,,,,,,,,,,,,,IE-->GP,IE-->GP,IE-->GP,IE-->GP,IE-->GP,IE-->GP,IE-->GP,IE-->GP,IE-->GP,IE-->GP,IE-->GP,IE-->GP,IE-->GP,IE-->GP,IE-->GP,IE-->GP,IE-->GP,IE-->GP,IE-->GP
GU,GUM,Guam,Hagåtña,Oceania,Micronesia,,GU-->IE,GU-->IE,GU-->IE,GU-->IE,GU-->IE,GU-->IE,GU-->IE,GU-->IE,GU-->IE,GU-->IE,GU-->IE,GU-->IE,GU-->IE,GU-->IE,GU-->IE,GU-->IE,GU-->IE,GU-->IE,GU-->IE,,,,,,,,,,,,,,,,,IE-->GU,IE-->GU,IE-->GU,IE-->GU,IE-->GU,IE-->GU,IE-->GU,IE-->GU,IE-->GU,IE-->GU,IE-->GU,IE-->GU,IE-->GU,IE-->GU,IE-->GU,IE-->GU,IE-->GU,IE-->GU,IE-->GU
GT,GTM,Guatemala,Guatemala City,Americas,Central America,,GT-->IE,GT-->IE,GT-->IE,GT-->IE,GT-->IE,GT-->IE,GT-->IE,GT-->IE,GT-->IE,GT-->IE,GT-->IE,GT-->IE,GT-->IE,GT-->IE,GT-->IE,GT-->IE,GT-->IE,GT-->IE,GT-->IE,,,,,,,,,,,,,,,,,IE-->GT,IE-->GT,IE-->GT,IE-->GT,IE-->GT,IE-->GT,IE-->GT,IE-->GT,IE-->GT,IE-->GT,IE-->GT,IE-->GT,IE-->GT,IE-->GT,IE-->GT,IE-->GT,IE-->GT,IE-->GT,IE-->GT
GG,GGY,Guernsey,St. Peter Port,Europe,Northern Europe,,GG-->IE,GG-->IE,GG-->IE,GG-->IE,GG-->IE,GG-->IE,GG-->IE,GG-->IE,GG-->IE,GG-->IE,GG-->IE,GG-->IE,GG-->IE,GG-->IE,GG-->IE,GG-->IE,GG-->IE,GG-->IE,GG-->IE,,,,,,,,,,,,,,,,,IE-->GG,IE-->GG,IE-->GG,IE-->GG,IE-->GG,IE-->GG,IE-->GG,IE-->GG,IE-->GG,IE-->GG,IE-->GG,IE-->GG,IE-->GG,IE-->GG,IE-->GG,IE-->GG,IE-->GG,IE-->GG,IE-->GG
GN,GIN,Guinea,Conakry,Africa,Western Africa,,GN-->IE,GN-->IE,GN-->IE,GN-->IE,GN-->IE,GN-->IE,GN-->IE,GN-->IE,GN-->IE,GN-->IE,GN-->IE,GN-->IE,GN-->IE,GN-->IE,GN-->IE,GN-->IE,GN-->IE,GN-->IE,GN-->IE,,,,,,,,,,,,,,,,,IE-->GN,IE-->GN,IE-->GN,IE-->GN,IE-->GN,IE-->GN,IE-->GN,IE-->GN,IE-->GN,IE-->GN,IE-->GN,IE-->GN,IE-->GN,IE-->GN,IE-->GN,IE-->GN,IE-->GN,IE-->GN,IE-->GN
GW,GNB,Guinea-Bissau,Bissau,Africa,Western Africa,,GW-->IE,GW-->IE,GW-->IE,GW-->IE,GW-->IE,GW-->IE,GW-->IE,GW-->IE,GW-->IE,GW-->IE,GW-->IE,GW-->IE,GW-->IE,GW-->IE,GW-->IE,GW-->IE,GW-->IE,GW-->IE,GW-->IE,,,,,,,,,,,,,,,,,IE-->GW,IE-->GW,IE-->GW,IE-->GW,IE-->GW,IE-->GW,IE-->GW,IE-->GW,IE-->GW,IE-->GW,IE-->GW,IE-->GW,IE-->GW,IE-->GW,IE-->GW,IE-->GW,IE-->GW,IE-->GW,IE-->GW
GY,GUY,Guyana,Georgetown,Americas,South America,,GY-->IE,GY-->IE,GY-->IE,GY-->IE,GY-->IE,GY-->IE,GY-->IE,GY-->IE,GY-->IE,GY-->IE,GY-->IE,GY-->IE,GY-->IE,GY-->IE,GY-->IE,GY-->IE,GY-->IE,GY-->IE,GY-->IE,,,,,,,,,,,,,,,,,IE-->GY,IE-->GY,IE-->GY,IE-->GY,IE-->GY,IE-->GY,IE-->GY,IE-->GY,IE-->GY,IE-->GY,IE-->GY,IE-->GY,IE-->GY,IE-->GY,IE-->GY,IE-->GY,IE-->GY,IE-->GY,IE-->GY
HT,HTI,Haiti,Port-au-Prince,Americas,Caribbean,,HT-->IE,HT-->IE,HT-->IE,HT-->IE,HT-->IE,HT-->IE,HT-->IE,HT-->IE,HT-->IE,HT-->IE,HT-->IE,HT-->IE,HT-->IE,HT-->IE,HT-->IE,HT-->IE,HT-->IE,HT-->IE,HT-->IE,,,,,,,,,,,,,,,,,IE-->HT,IE-->HT,IE-->HT,IE-->HT,IE-->HT,IE-->HT,IE-->HT,IE-->HT,IE-->HT,IE-->HT,IE-->HT,IE-->HT,IE-->HT,IE-->HT,IE-->HT,IE-->HT,IE-->HT,IE-->HT,IE-->HT
HM,HMD,Heard Island and McDonald Islands,,,,,HM-->IE,HM-->IE,HM-->IE,HM-->IE,HM-->IE,HM-->IE,HM-->IE,HM-->IE,HM-->IE,HM-->IE,HM-->IE,HM-->IE,HM-->IE,HM-->IE,HM-->IE,HM-->IE,HM-->IE,HM-->IE,HM-->IE,,,,,,,,,,,,,,,,,IE-->HM,IE-->HM,IE-->HM,IE-->HM,IE-->HM,IE-->HM,IE-->HM,IE-->HM,IE-->HM,IE-->HM,IE-->HM,IE-->HM,IE-->HM,IE-->HM,IE-->HM,IE-->HM,IE-->HM,IE-->HM,IE-->HM
VA,VAT,Holy See,Rome,Europe,Southern Europe,,VA-->IE,VA-->IE,VA-->IE,VA-->IE,VA-->IE,VA-->IE,VA-->IE,VA-->IE,VA-->IE,VA-->IE,VA-->IE,VA-->IE,VA-->IE,VA-->IE,VA-->IE,VA-->IE,VA-->IE,VA-->IE,VA-->IE,,,,,,,,,,,,,,,,,IE-->VA,IE-->VA,IE-->VA,IE-->VA,IE-->VA,IE-->VA,IE-->VA,IE-->VA,IE-->VA,IE-->VA,IE-->VA,IE-->VA,IE-->VA,IE-->VA,IE-->VA,IE-->VA,IE-->VA,IE-->VA,IE-->VA
HN,HND,Honduras,Tegucigalpa,Americas,Central America,,HN-->IE,HN-->IE,HN-->IE,HN-->IE,HN-->IE,HN-->IE,HN-->IE,HN-->IE,HN-->IE,HN-->IE,HN-->IE,HN-->IE,HN-->IE,HN-->IE,HN-->IE,HN-->IE,HN-->IE,HN-->IE,HN-->IE,,,,,,,,,,,,,,,,,IE-->HN,IE-->HN,IE-->HN,IE-->HN,IE-->HN,IE-->HN,IE-->HN,IE-->HN,IE-->HN,IE-->HN,IE-->HN,IE-->HN,IE-->HN,IE-->HN,IE-->HN,IE-->HN,IE-->HN,IE-->HN,IE-->HN
HK,HKG,Hong Kong,City of Victoria,Asia,Eastern Asia,,HK-->IE,HK-->IE,HK-->IE,HK-->IE,HK-->IE,HK-->IE,HK-->IE,HK-->IE,HK-->IE,HK-->IE,HK-->IE,HK-->IE,HK-->IE,HK-->IE,HK-->IE,HK-->IE,HK-->IE,HK-->IE,HK-->IE,,,,,,,,,,,,,,,,,IE-->HK,IE-->HK,IE-->HK,IE-->HK,IE-->HK,IE-->HK,IE-->HK,IE-->HK,IE-->HK,IE-->HK,IE-->HK,IE-->HK,IE-->HK,IE-->HK,IE-->HK,IE-->HK,IE-->HK,IE-->HK,IE-->HK
HU,HUN,Hungary,Budapest,Europe,Eastern Europe,,HU-->IE,HU-->IE,HU-->IE,HU-->IE,HU-->IE,HU-->IE,HU-->IE,HU-->IE,HU-->IE,HU-->IE,HU-->IE,HU-->IE,HU-->IE,HU-->IE,HU-->IE,HU-->IE,HU-->IE,HU-->IE,HU-->IE,,,,,,,,,,,,,,,,,IE-->HU,IE-->HU,IE-->HU,IE-->HU,IE-->HU,IE-->HU,IE-->HU,IE-->HU,IE-->HU,IE-->HU,IE-->HU,IE-->HU,IE-->HU,IE-->HU,IE-->HU,IE-->HU,IE-->HU,IE-->HU,IE-->HU
IS,ISL,Iceland,Reykjavík,Europe,Northern Europe,,IS-->IE,IS-->IE,IS-->IE,IS-->IE,IS-->IE,IS-->IE,IS-->IE,IS-->IE,IS-->IE,IS-->IE,IS-->IE,IS-->IE,IS-->IE,IS-->IE,IS-->IE,IS-->IE,IS-->IE,IS-->IE,IS-->IE,,,,,,,,,,,,,,,,,IE-->IS,IE-->IS,IE-->IS,IE-->IS,IE-->IS,IE-->IS,IE-->IS,IE-->IS,IE-->IS,IE-->IS,IE-->IS,IE-->IS,IE-->IS,IE-->IS,IE-->IS,IE-->IS,IE-->IS,IE-->IS,IE-->IS
IN,IND,India,New Delhi,Asia,Southern Asia,,IN-->IE,IN-->IE,IN-->IE,IN-->IE,IN-->IE,IN-->IE,IN-->IE,IN-->IE,IN-->IE,IN-->IE,IN-->IE,IN-->IE,IN-->IE,IN-->IE,IN-->IE,IN-->IE,IN-->IE,IN-->IE,IN-->IE,,,,,,,,,,,,,,,,,IE-->IN,IE-->IN,IE-->IN,IE-->IN,IE-->IN,IE-->IN,IE-->IN,IE-->IN,IE-->IN,IE-->IN,IE-->IN,IE-->IN,IE-->IN,IE-->IN,IE-->IN,IE-->IN,IE-->IN,IE-->IN,IE-->IN
ID,IDN,Indonesia,Jakarta,Asia,South-Eastern Asia,,ID-->IE,ID-->IE,ID-->IE,ID-->IE,ID-->IE,ID-->IE,ID-->IE,ID-->IE,ID-->IE,ID-->IE,ID-->IE,ID-->IE,ID-->IE,ID-->IE,ID-->IE,ID-->IE,ID-->IE,ID-->IE,ID-->IE,,,,,,,,,,,,,,,,,IE-->ID,IE-->ID,IE-->ID,IE-->ID,IE-->ID,IE-->ID,IE-->ID,IE-->ID,IE-->ID,IE-->ID,IE-->ID,IE-->ID,IE-->ID,IE-->ID,IE-->ID,IE-->ID,IE-->ID,IE-->ID,IE-->ID
CI,CIV,Ivory Coast,Yamoussoukro,Africa,Western Africa,,CI-->IE,CI-->IE,CI-->IE,CI-->IE,CI-->IE,CI-->IE,CI-->IE,CI-->IE,CI-->IE,CI-->IE,CI-->IE,CI-->IE,CI-->IE,CI-->IE,CI-->IE,CI-->IE,CI-->IE,CI-->IE,CI-->IE,,,,,,,,,,,,,,,,,IE-->CI,IE-->CI,IE-->CI,IE-->CI,IE-->CI,IE-->CI,IE-->CI,IE-->CI,IE-->CI,IE-->CI,IE-->CI,IE-->CI,IE-->CI,IE-->CI,IE-->CI,IE-->CI,IE-->CI,IE-->CI,IE-->CI
IR,IRN,Iran,Tehran,Asia,Southern Asia,,IR-->IE,IR-->IE,IR-->IE,IR-->IE,IR-->IE,IR-->IE,IR-->IE,IR-->IE,IR-->IE,IR-->IE,IR-->IE,IR-->IE,IR-->IE,IR-->IE,IR-->IE,IR-->IE,IR-->IE,IR-->IE,IR-->IE,,,,,,,,,,,,,,,,,IE-->IR,IE-->IR,IE-->IR,IE-->IR,IE-->IR,IE-->IR,IE-->IR,IE-->IR,IE-->IR,IE-->IR,IE-->IR,IE-->IR,IE-->IR,IE-->IR,IE-->IR,IE-->IR,IE-->IR,IE-->IR,IE-->IR
IQ,IRQ,Iraq,Baghdad,Asia,Western Asia,,IQ-->IE,IQ-->IE,IQ-->IE,IQ-->IE,IQ-->IE,IQ-->IE,IQ-->IE,IQ-->IE,IQ-->IE,IQ-->IE,IQ-->IE,IQ-->IE,IQ-->IE,IQ-->IE,IQ-->IE,IQ-->IE,IQ-->IE,IQ-->IE,IQ-->IE,,,,,,,,,,,,,,,,,IE-->IQ,IE-->IQ,IE-->IQ,IE-->IQ,IE-->IQ,IE-->IQ,IE-->IQ,IE-->IQ,IE-->IQ,IE-->IQ,IE-->IQ,IE-->IQ,IE-->IQ,IE-->IQ,IE-->IQ,IE-->IQ,IE-->IQ,IE-->IQ,IE-->IQ
IE,IRL,Republic of Ireland,Dublin,Europe,Northern Europe,,IE-->IE,IE-->IE,IE-->IE,IE-->IE,IE-->IE,IE-->IE,IE-->IE,IE-->IE,IE-->IE,IE-->IE,IE-->IE,IE-->IE,IE-->IE,IE-->IE,IE-->IE,IE-->IE,IE-->IE,IE-->IE,IE-->IE,,,,,,,,,,,,,,,,,IE-->IE,IE-->IE,IE-->IE,IE-->IE,IE-->IE,IE-->IE,IE-->IE,IE-->IE,IE-->IE,IE-->IE,IE-->IE,IE-->IE,IE-->IE,IE-->IE,IE-->IE,IE-->IE,IE-->IE,IE-->IE,IE-->IE
IM,IMN,Isle of Man,Douglas,Europe,Northern Europe,,IM-->IE,IM-->IE,IM-->IE,IM-->IE,IM-->IE,IM-->IE,IM-->IE,IM-->IE,IM-->IE,IM-->IE,IM-->IE,IM-->IE,IM-->IE,IM-->IE,IM-->IE,IM-->IE,IM-->IE,IM-->IE,IM-->IE,,,,,,,,,,,,,,,,,IE-->IM,IE-->IM,IE-->IM,IE-->IM,IE-->IM,IE-->IM,IE-->IM,IE-->IM,IE-->IM,IE-->IM,IE-->IM,IE-->IM,IE-->IM,IE-->IM,IE-->IM,IE-->IM,IE-->IM,IE-->IM,IE-->IM
IL,ISR,Israel,Jerusalem,Asia,Western Asia,,IL-->IE,IL-->IE,IL-->IE,IL-->IE,IL-->IE,IL-->IE,IL-->IE,IL-->IE,IL-->IE,IL-->IE,IL-->IE,IL-->IE,IL-->IE,IL-->IE,IL-->IE,IL-->IE,IL-->IE,IL-->IE,IL-->IE,,,,,,,,,,,,,,,,,IE-->IL,IE-->IL,IE-->IL,IE-->IL,IE-->IL,IE-->IL,IE-->IL,IE-->IL,IE-->IL,IE-->IL,IE-->IL,IE-->IL,IE-->IL,IE-->IL,IE-->IL,IE-->IL,IE-->IL,IE-->IL,IE-->IL
IT,ITA,Italy,Rome,Europe,Southern Europe,,IT-->IE,IT-->IE,IT-->IE,IT-->IE,IT-->IE,IT-->IE,IT-->IE,IT-->IE,IT-->IE,IT-->IE,IT-->IE,IT-->IE,IT-->IE,IT-->IE,IT-->IE,IT-->IE,IT-->IE,IT-->IE,IT-->IE,,,,,,,,,,,,,,,,,IE-->IT,IE-->IT,IE-->IT,IE-->IT,IE-->IT,IE-->IT,IE-->IT,IE-->IT,IE-->IT,IE-->IT,IE-->IT,IE-->IT,IE-->IT,IE-->IT,IE-->IT,IE-->IT,IE-->IT,IE-->IT,IE-->IT
JM,JAM,Jamaica,Kingston,Americas,Caribbean,,JM-->IE,JM-->IE,JM-->IE,JM-->IE,JM-->IE,JM-->IE,JM-->IE,JM-->IE,JM-->IE,JM-->IE,JM-->IE,JM-->IE,JM-->IE,JM-->IE,JM-->IE,JM-->IE,JM-->IE,JM-->IE,JM-->IE,,,,,,,,,,,,,,,,,IE-->JM,IE-->JM,IE-->JM,IE-->JM,IE-->JM,IE-->JM,IE-->JM,IE-->JM,IE-->JM,IE-->JM,IE-->JM,IE-->JM,IE-->JM,IE-->JM,IE-->JM,IE-->JM,IE-->JM,IE-->JM,IE-->JM
JP,JPN,Japan,Tokyo,Asia,Eastern Asia,,JP-->IE,JP-->IE,JP-->IE,JP-->IE,JP-->IE,JP-->IE,JP-->IE,JP-->IE,JP-->IE,JP-->IE,JP-->IE,JP-->IE,JP-->IE,JP-->IE,JP-->IE,JP-->IE,JP-->IE,JP-->IE,JP-->IE,,,,,,,,,,,,,,,,,IE-->JP,IE-->JP,IE-->JP,IE-->JP,IE-->JP,IE-->JP,IE-->JP,IE-->JP,IE-->JP,IE-->JP,IE-->JP,IE-->JP,IE-->JP,IE-->JP,IE-->JP,IE-->JP,IE-->JP,IE-->JP,IE-->JP
JE,JEY,Jersey,Saint Helier,Europe,Northern Europe,,JE-->IE,JE-->IE,JE-->IE,JE-->IE,JE-->IE,JE-->IE,JE-->IE,JE-->IE,JE-->IE,JE-->IE,JE-->IE,JE-->IE,JE-->IE,JE-->IE,JE-->IE,JE-->IE,JE-->IE,JE-->IE,JE-->IE,,,,,,,,,,,,,,,,,IE-->JE,IE-->JE,IE-->JE,IE-->JE,IE-->JE,IE-->JE,IE-->JE,IE-->JE,IE-->JE,IE-->JE,IE-->JE,IE-->JE,IE-->JE,IE-->JE,IE-->JE,IE-->JE,IE-->JE,IE-->JE,IE-->JE
JO,JOR,Jordan,Amman,Asia,Western Asia,,JO-->IE,JO-->IE,JO-->IE,JO-->IE,JO-->IE,JO-->IE,JO-->IE,JO-->IE,JO-->IE,JO-->IE,JO-->IE,JO-->IE,JO-->IE,JO-->IE,JO-->IE,JO-->IE,JO-->IE,JO-->IE,JO-->IE,,,,,,,,,,,,,,,,,IE-->JO,IE-->JO,IE-->JO,IE-->JO,IE-->JO,IE-->JO,IE-->JO,IE-->JO,IE-->JO,IE-->JO,IE-->JO,IE-->JO,IE-->JO,IE-->JO,IE-->JO,IE-->JO,IE-->JO,IE-->JO,IE-->JO
KZ,KAZ,Kazakhstan,Astana,Asia,Central Asia,,KZ-->IE,KZ-->IE,KZ-->IE,KZ-->IE,KZ-->IE,KZ-->IE,KZ-->IE,KZ-->IE,KZ-->IE,KZ-->IE,KZ-->IE,KZ-->IE,KZ-->IE,KZ-->IE,KZ-->IE,KZ-->IE,KZ-->IE,KZ-->IE,KZ-->IE,,,,,,,,,,,,,,,,,IE-->KZ,IE-->KZ,IE-->KZ,IE-->KZ,IE-->KZ,IE-->KZ,IE-->KZ,IE-->KZ,IE-->KZ,IE-->KZ,IE-->KZ,IE-->KZ,IE-->KZ,IE-->KZ,IE-->KZ,IE-->KZ,IE-->KZ,IE-->KZ,IE-->KZ
KE,KEN,Kenya,Nairobi,Africa,Eastern Africa,,KE-->IE,KE-->IE,KE-->IE,KE-->IE,KE-->IE,KE-->IE,KE-->IE,KE-->IE,KE-->IE,KE-->IE,KE-->IE,KE-->IE,KE-->IE,KE-->IE,KE-->IE,KE-->IE,KE-->IE,KE-->IE,KE-->IE,,,,,,,,,,,,,,,,,IE-->KE,IE-->KE,IE-->KE,IE-->KE,IE-->KE,IE-->KE,IE-->KE,IE-->KE,IE-->KE,IE-->KE,IE-->KE,IE-->KE,IE-->KE,IE-->KE,IE-->KE,IE-->KE,IE-->KE,IE-->KE,IE-->KE
KI,KIR,Kiribati,South Tarawa,Oceania,Micronesia,,KI-->IE,KI-->IE,KI-->IE,KI-->IE,KI-->IE,KI-->IE,KI-->IE,KI-->IE,KI-->IE,KI-->IE,KI-->IE,KI-->IE,KI-->IE,KI-->IE,KI-->IE,KI-->IE,KI-->IE,KI-->IE,KI-->IE,,,,,,,,,,,,,,,,,IE-->KI,IE-->KI,IE-->KI,IE-->KI,IE-->KI,IE-->KI,IE-->KI,IE-->KI,IE-->KI,IE-->KI,IE-->KI,IE-->KI,IE-->KI,IE-->KI,IE-->KI,IE-->KI,IE-->KI,IE-->KI,IE-->KI
KW,KWT,Kuwait,Kuwait City,Asia,Western Asia,,KW-->IE,KW-->IE,KW-->IE,KW-->IE,KW-->IE,KW-->IE,KW-->IE,KW-->IE,KW-->IE,KW-->IE,KW-->IE,KW-->IE,KW-->IE,KW-->IE,KW-->IE,KW-->IE,KW-->IE,KW-->IE,KW-->IE,,,,,,,,,,,,,,,,,IE-->KW,IE-->KW,IE-->KW,IE-->KW,IE-->KW,IE-->KW,IE-->KW,IE-->KW,IE-->KW,IE-->KW,IE-->KW,IE-->KW,IE-->KW,IE-->KW,IE-->KW,IE-->KW,IE-->KW,IE-->KW,IE-->KW
KG,KGZ,Kyrgyzstan,Bishkek,Asia,Central Asia,,KG-->IE,KG-->IE,KG-->IE,KG-->IE,KG-->IE,KG-->IE,KG-->IE,KG-->IE,KG-->IE,KG-->IE,KG-->IE,KG-->IE,KG-->IE,KG-->IE,KG-->IE,KG-->IE,KG-->IE,KG-->IE,KG-->IE,,,,,,,,,,,,,,,,,IE-->KG,IE-->KG,IE-->KG,IE-->KG,IE-->KG,IE-->KG,IE-->KG,IE-->KG,IE-->KG,IE-->KG,IE-->KG,IE-->KG,IE-->KG,IE-->KG,IE-->KG,IE-->KG,IE-->KG,IE-->KG,IE-->KG
LA,LAO,Laos,Vientiane,Asia,South-Eastern Asia,,LA-->IE,LA-->IE,LA-->IE,LA-->IE,LA-->IE,LA-->IE,LA-->IE,LA-->IE,LA-->IE,LA-->IE,LA-->IE,LA-->IE,LA-->IE,LA-->IE,LA-->IE,LA-->IE,LA-->IE,LA-->IE,LA-->IE,,,,,,,,,,,,,,,,,IE-->LA,IE-->LA,IE-->LA,IE-->LA,IE-->LA,IE-->LA,IE-->LA,IE-->LA,IE-->LA,IE-->LA,IE-->LA,IE-->LA,IE-->LA,IE-->LA,IE-->LA,IE-->LA,IE-->LA,IE-->LA,IE-->LA
LV,LVA,Latvia,Riga,Europe,Northern Europe,,LV-->IE,LV-->IE,LV-->IE,LV-->IE,LV-->IE,LV-->IE,LV-->IE,LV-->IE,LV-->IE,LV-->IE,LV-->IE,LV-->IE,LV-->IE,LV-->IE,LV-->IE,LV-->IE,LV-->IE,LV-->IE,LV-->IE,,,,,,,,,,,,,,,,,IE-->LV,IE-->LV,IE-->LV,IE-->LV,IE-->LV,IE-->LV,IE-->LV,IE-->LV,IE-->LV,IE-->LV,IE-->LV,IE-->LV,IE-->LV,IE-->LV,IE-->LV,IE-->LV,IE-->LV,IE-->LV,IE-->LV
LB,LBN,Lebanon,Beirut,Asia,Western Asia,,LB-->IE,LB-->IE,LB-->IE,LB-->IE,LB-->IE,LB-->IE,LB-->IE,LB-->IE,LB-->IE,LB-->IE,LB-->IE,LB-->IE,LB-->IE,LB-->IE,LB-->IE,LB-->IE,LB-->IE,LB-->IE,LB-->IE,,,,,,,,,,,,,,,,,IE-->LB,IE-->LB,IE-->LB,IE-->LB,IE-->LB,IE-->LB,IE-->LB,IE-->LB,IE-->LB,IE-->LB,IE-->LB,IE-->LB,IE-->LB,IE-->LB,IE-->LB,IE-->LB,IE-->LB,IE-->LB,IE-->LB
LS,LSO,Lesotho,Maseru,Africa,Southern Africa,,LS-->IE,LS-->IE,LS-->IE,LS-->IE,LS-->IE,LS-->IE,LS-->IE,LS-->IE,LS-->IE,LS-->IE,LS-->IE,LS-->IE,LS-->IE,LS-->IE,LS-->IE,LS-->IE,LS-->IE,LS-->IE,LS-->IE,,,,,,,,,,,,,,,,,IE-->LS,IE-->LS,IE-->LS,IE-->LS,IE-->LS,IE-->LS,IE-->LS,IE-->LS,IE-->LS,IE-->LS,IE-->LS,IE-->LS,IE-->LS,IE-->LS,IE-->LS,IE-->LS,IE-->LS,IE-->LS,IE-->LS
LR,LBR,Liberia,Monrovia,Africa,Western Africa,,LR-->IE,LR-->IE,LR-->IE,LR-->IE,LR-->IE,LR-->IE,LR-->IE,LR-->IE,LR-->IE,LR-->IE,LR-->IE,LR-->IE,LR-->IE,LR-->IE,LR-->IE,LR-->IE,LR-->IE,LR-->IE,LR-->IE,,,,,,,,,,,,,,,,,IE-->LR,IE-->LR,IE-->LR,IE-->LR,IE-->LR,IE-->LR,IE-->LR,IE-->LR,IE-->LR,IE-->LR,IE-->LR,IE-->LR,IE-->LR,IE-->LR,IE-->LR,IE-->LR,IE-->LR,IE-->LR,IE-->LR
LY,LBY,Libya,Tripoli,Africa,Northern Africa,,LY-->IE,LY-->IE,LY-->IE,LY-->IE,LY-->IE,LY-->IE,LY-->IE,LY-->IE,LY-->IE,LY-->IE,LY-->IE,LY-->IE,LY-->IE,LY-->IE,LY-->IE,LY-->IE,LY-->IE,LY-->IE,LY-->IE,,,,,,,,,,,,,,,,,IE-->LY,IE-->LY,IE-->LY,IE-->LY,IE-->LY,IE-->LY,IE-->LY,IE-->LY,IE-->LY,IE-->LY,IE-->LY,IE-->LY,IE-->LY,IE-->LY,IE-->LY,IE-->LY,IE-->LY,IE-->LY,IE-->LY
LI,LIE,Liechtenstein,Vaduz,Europe,Western Europe,,LI-->IE,LI-->IE,LI-->IE,LI-->IE,LI-->IE,LI-->IE,LI-->IE,LI-->IE,LI-->IE,LI-->IE,LI-->IE,LI-->IE,LI-->IE,LI-->IE,LI-->IE,LI-->IE,LI-->IE,LI-->IE,LI-->IE,,,,,,,,,,,,,,,,,IE-->LI,IE-->LI,IE-->LI,IE-->LI,IE-->LI,IE-->LI,IE-->LI,IE-->LI,IE-->LI,IE-->LI,IE-->LI,IE-->LI,IE-->LI,IE-->LI,IE-->LI,IE-->LI,IE-->LI,IE-->LI,IE-->LI
LT,LTU,Lithuania,Vilnius,Europe,Northern Europe,,LT-->IE,LT-->IE,LT-->IE,LT-->IE,LT-->IE,LT-->IE,LT-->IE,LT-->IE,LT-->IE,LT-->IE,LT-->IE,LT-->IE,LT-->IE,LT-->IE,LT-->IE,LT-->IE,LT-->IE,LT-->IE,LT-->IE,,,,,,,,,,,,,,,,,IE-->LT,IE-->LT,IE-->LT,IE-->LT,IE-->LT,IE-->LT,IE-->LT,IE-->LT,IE-->LT,IE-->LT,IE-->LT,IE-->LT,IE-->LT,IE-->LT,IE-->LT,IE-->LT,IE-->LT,IE-->LT,IE-->LT
LU,LUX,Luxembourg,Luxembourg,Europe,Western Europe,,LU-->IE,LU-->IE,LU-->IE,LU-->IE,LU-->IE,LU-->IE,LU-->IE,LU-->IE,LU-->IE,LU-->IE,LU-->IE,LU-->IE,LU-->IE,LU-->IE,LU-->IE,LU-->IE,LU-->IE,LU-->IE,LU-->IE,,,,,,,,,,,,,,,,,IE-->LU,IE-->LU,IE-->LU,IE-->LU,IE-->LU,IE-->LU,IE-->LU,IE-->LU,IE-->LU,IE-->LU,IE-->LU,IE-->LU,IE-->LU,IE-->LU,IE-->LU,IE-->LU,IE-->LU,IE-->LU,IE-->LU
MO,MAC,Macau,,Asia,Eastern Asia,,MO-->IE,MO-->IE,MO-->IE,MO-->IE,MO-->IE,MO-->IE,MO-->IE,MO-->IE,MO-->IE,MO-->IE,MO-->IE,MO-->IE,MO-->IE,MO-->IE,MO-->IE,MO-->IE,MO-->IE,MO-->IE,MO-->IE,,,,,,,,,,,,,,,,,IE-->MO,IE-->MO,IE-->MO,IE-->MO,IE-->MO,IE-->MO,IE-->MO,IE-->MO,IE-->MO,IE-->MO,IE-->MO,IE-->MO,IE-->MO,IE-->MO,IE-->MO,IE-->MO,IE-->MO,IE-->MO,IE-->MO
MK,MKD,Republic of Macedonia,Skopje,Europe,Southern Europe,,MK-->IE,MK-->IE,MK-->IE,MK-->IE,MK-->IE,MK-->IE,MK-->IE,MK-->IE,MK-->IE,MK-->IE,MK-->IE,MK-->IE,MK-->IE,MK-->IE,MK-->IE,MK-->IE,MK-->IE,MK-->IE,MK-->IE,,,,,,,,,,,,,,,,,IE-->MK,IE-->MK,IE-->MK,IE-->MK,IE-->MK,IE-->MK,IE-->MK,IE-->MK,IE-->MK,IE-->MK,IE-->MK,IE-->MK,IE-->MK,IE-->MK,IE-->MK,IE-->MK,IE-->MK,IE-->MK,IE-->MK
MG,MDG,Madagascar,Antananarivo,Africa,Eastern Africa,,MG-->IE,MG-->IE,MG-->IE,MG-->IE,MG-->IE,MG-->IE,MG-->IE,MG-->IE,MG-->IE,MG-->IE,MG-->IE,MG-->IE,MG-->IE,MG-->IE,MG-->IE,MG-->IE,MG-->IE,MG-->IE,MG-->IE,,,,,,,,,,,,,,,,,IE-->MG,IE-->MG,IE-->MG,IE-->MG,IE-->MG,IE-->MG,IE-->MG,IE-->MG,IE-->MG,IE-->MG,IE-->MG,IE-->MG,IE-->MG,IE-->MG,IE-->MG,IE-->MG,IE-->MG,IE-->MG,IE-->MG
MW,MWI,Malawi,Lilongwe,Africa,Eastern Africa,,MW-->IE,MW-->IE,MW-->IE,MW-->IE,MW-->IE,MW-->IE,MW-->IE,MW-->IE,MW-->IE,MW-->IE,MW-->IE,MW-->IE,MW-->IE,MW-->IE,MW-->IE,MW-->IE,MW-->IE,MW-->IE,MW-->IE,,,,,,,,,,,,,,,,,IE-->MW,IE-->MW,IE-->MW,IE-->MW,IE-->MW,IE-->MW,IE-->MW,IE-->MW,IE-->MW,IE-->MW,IE-->MW,IE-->MW,IE-->MW,IE-->MW,IE-->MW,IE-->MW,IE-->MW,IE-->MW,IE-->MW
MY,MYS,Malaysia,Kuala Lumpur,Asia,South-Eastern Asia,,MY-->IE,MY-->IE,MY-->IE,MY-->IE,MY-->IE,MY-->IE,MY-->IE,MY-->IE,MY-->IE,MY-->IE,MY-->IE,MY-->IE,MY-->IE,MY-->IE,MY-->IE,MY-->IE,MY-->IE,MY-->IE,MY-->IE,,,,,,,,,,,,,,,,,IE-->MY,IE-->MY,IE-->MY,IE-->MY,IE-->MY,IE-->MY,IE-->MY,IE-->MY,IE-->MY,IE-->MY,IE-->MY,IE-->MY,IE-->MY,IE-->MY,IE-->MY,IE-->MY,IE-->MY,IE-->MY,IE-->MY
MV,MDV,Maldives,Malé,Asia,Southern Asia,,MV-->IE,MV-->IE,MV-->IE,MV-->IE,MV-->IE,MV-->IE,MV-->IE,MV-->IE,MV-->IE,MV-->IE,MV-->IE,MV-->IE,MV-->IE,MV-->IE,MV-->IE,MV-->IE,MV-->IE,MV-->IE,MV-->IE,,,,,,,,,,,,,,,,,IE-->MV,IE-->MV,IE-->MV,IE-->MV,IE-->MV,IE-->MV,IE-->MV,IE-->MV,IE-->MV,IE-->MV,IE-->MV,IE-->MV,IE-->MV,IE-->MV,IE-->MV,IE-->MV,IE-->MV,IE-->MV,IE-->MV
ML,MLI,Mali,Bamako,Africa,Western Africa,,ML-->IE,ML-->IE,ML-->IE,ML-->IE,ML-->IE,ML-->IE,ML-->IE,ML-->IE,ML-->IE,ML-->IE,ML-->IE,ML-->IE,ML-->IE,ML-->IE,ML-->IE,ML-->IE,ML-->IE,ML-->IE,ML-->IE,,,,,,,,,,,,,,,,,IE-->ML,IE-->ML,IE-->ML,IE-->ML,IE-->ML,IE-->ML,IE-->ML,IE-->ML,IE-->ML,IE-->ML,IE-->ML,IE-->ML,IE-->ML,IE-->ML,IE-->ML,IE-->ML,IE-->ML,IE-->ML,IE-->ML
MT,MLT,Malta,Valletta,Europe,Southern Europe,,MT-->IE,MT-->IE,MT-->IE,MT-->IE,MT-->IE,MT-->IE,MT-->IE,MT-->IE,MT-->IE,MT-->IE,MT-->IE,MT-->IE,MT-->IE,MT-->IE,MT-->IE,MT-->IE,MT-->IE,MT-->IE,MT-->IE,,,,,,,,,,,,,,,,,IE-->MT,IE-->MT,IE-->MT,IE-->MT,IE-->MT,IE-->MT,IE-->MT,IE-->MT,IE-->MT,IE-->MT,IE-->MT,IE-->MT,IE-->MT,IE-->MT,IE-->MT,IE-->MT,IE-->MT,IE-->MT,IE-->MT
MH,MHL,Marshall Islands,Majuro,Oceania,Micronesia,,MH-->IE,MH-->IE,MH-->IE,MH-->IE,MH-->IE,MH-->IE,MH-->IE,MH-->IE,MH-->IE,MH-->IE,MH-->IE,MH-->IE,MH-->IE,MH-->IE,MH-->IE,MH-->IE,MH-->IE,MH-->IE,MH-->IE,,,,,,,,,,,,,,,,,IE-->MH,IE-->MH,IE-->MH,IE-->MH,IE-->MH,IE-->MH,IE-->MH,IE-->MH,IE-->MH,IE-->MH,IE-->MH,IE-->MH,IE-->MH,IE-->MH,IE-->MH,IE-->MH,IE-->MH,IE-->MH,IE-->MH
MQ,MTQ,Martinique,Fort-de-France,Americas,Caribbean,,MQ-->IE,MQ-->IE,MQ-->IE,MQ-->IE,MQ-->IE,MQ-->IE,MQ-->IE,MQ-->IE,MQ-->IE,MQ-->IE,MQ-->IE,MQ-->IE,MQ-->IE,MQ-->IE,MQ-->IE,MQ-->IE,MQ-->IE,MQ-->IE,MQ-->IE,,,,,,,,,,,,,,,,,IE-->MQ,IE-->MQ,IE-->MQ,IE-->MQ,IE-->MQ,IE-->MQ,IE-->MQ,IE-->MQ,IE-->MQ,IE-->MQ,IE-->MQ,IE-->MQ,IE-->MQ,IE-->MQ,IE-->MQ,IE-->MQ,IE-->MQ,IE-->MQ,IE-->MQ
MR,MRT,Mauritania,Nouakchott,Africa,Western Africa,,MR-->IE,MR-->IE,MR-->IE,MR-->IE,MR-->IE,MR-->IE,MR-->IE,MR-->IE,MR-->IE,MR-->IE,MR-->IE,MR-->IE,MR-->IE,MR-->IE,MR-->IE,MR-->IE,MR-->IE,MR-->IE,MR-->IE,0.0,,,,,,,,,,,,,,,,IE-->MR,IE-->MR,IE-->MR,IE-->MR,IE-->MR,IE-->MR,IE-->MR,IE-->MR,IE-->MR,IE-->MR,IE-->MR,IE-->MR,IE-->MR,IE-->MR,IE-->MR,IE-->MR,IE-->MR,IE-->MR,IE-->MR
MU,MUS,Mauritius,Port Louis,Africa,Eastern Africa,,MU-->IE,MU-->IE,MU-->IE,MU-->IE,MU-->IE,MU-->IE,MU-->IE,MU-->IE,MU-->IE,MU-->IE,MU-->IE,MU-->IE,MU-->IE,MU-->IE,MU-->IE,MU-->IE,MU-->IE,MU-->IE,MU-->IE,,,,,,,,,,,,,,,,,IE-->MU,IE-->MU,IE-->MU,IE-->MU,IE-->MU,IE-->MU,IE-->MU,IE-->MU,IE-->MU,IE-->MU,IE-->MU,IE-->MU,IE-->MU,IE-->MU,IE-->MU,IE-->MU,IE-->MU,IE-->MU,IE-->MU
YT,MYT,Mayotte,Mamoudzou,Africa,Eastern Africa,,YT-->IE,YT-->IE,YT-->IE,YT-->IE,YT-->IE,YT-->IE,YT-->IE,YT-->IE,YT-->IE,YT-->IE,YT-->IE,YT-->IE,YT-->IE,YT-->IE,YT-->IE,YT-->IE,YT-->IE,YT-->IE,YT-->IE,,,,,,,,,,,,,,,,,IE-->YT,IE-->YT,IE-->YT,IE-->YT,IE-->YT,IE-->YT,IE-->YT,IE-->YT,IE-->YT,IE-->YT,IE-->YT,IE-->YT,IE-->YT,IE-->YT,IE-->YT,IE-->YT,IE-->YT,IE-->YT,IE-->YT
MX,MEX,Mexico,Mexico City,Americas,Central America,,MX-->IE,MX-->IE,MX-->IE,MX-->IE,MX-->IE,MX-->IE,MX-->IE,MX-->IE,MX-->IE,MX-->IE,MX-->IE,MX-->IE,MX-->IE,MX-->IE,MX-->IE,MX-->IE,MX-->IE,MX-->IE,MX-->IE,,,,,,,,,,,,,,,,,IE-->MX,IE-->MX,IE-->MX,IE-->MX,IE-->MX,IE-->MX,IE-->MX,IE-->MX,IE-->MX,IE-->MX,IE-->MX,IE-->MX,IE-->MX,IE-->MX,IE-->MX,IE-->MX,IE-->MX,IE-->MX,IE-->MX
FM,FSM,Federated States of Micronesia,Palikir,Oceania,Micronesia,,FM-->IE,FM-->IE,FM-->IE,FM-->IE,FM-->IE,FM-->IE,FM-->IE,FM-->IE,FM-->IE,FM-->IE,FM-->IE,FM-->IE,FM-->IE,FM-->IE,FM-->IE,FM-->IE,FM-->IE,FM-->IE,FM-->IE,,,,,,,,,,,,,,,,,IE-->FM,IE-->FM,IE-->FM,IE-->FM,IE-->FM,IE-->FM,IE-->FM,IE-->FM,IE-->FM,IE-->FM,IE-->FM,IE-->FM,IE-->FM,IE-->FM,IE-->FM,IE-->FM,IE-->FM,IE-->FM,IE-->FM
MD,MDA,Moldova,Chișinău,Europe,Eastern Europe,,MD-->IE,MD-->IE,MD-->IE,MD-->IE,MD-->IE,MD-->IE,MD-->IE,MD-->IE,MD-->IE,MD-->IE,MD-->IE,MD-->IE,MD-->IE,MD-->IE,MD-->IE,MD-->IE,MD-->IE,MD-->IE,MD-->IE,,,,,,,,,,,,,,,,,IE-->MD,IE-->MD,IE-->MD,IE-->MD,IE-->MD,IE-->MD,IE-->MD,IE-->MD,IE-->MD,IE-->MD,IE-->MD,IE-->MD,IE-->MD,IE-->MD,IE-->MD,IE-->MD,IE-->MD,IE-->MD,IE-->MD
MC,MCO,Monaco,Monaco,Europe,Western Europe,,MC-->IE,MC-->IE,MC-->IE,MC-->IE,MC-->IE,MC-->IE,MC-->IE,MC-->IE,MC-->IE,MC-->IE,MC-->IE,MC-->IE,MC-->IE,MC-->IE,MC-->IE,MC-->IE,MC-->IE,MC-->IE,MC-->IE,,,,,,,,,,,,,,,,,IE-->MC,IE-->MC,IE-->MC,IE-->MC,IE-->MC,IE-->MC,IE-->MC,IE-->MC,IE-->MC,IE-->MC,IE-->MC,IE-->MC,IE-->MC,IE-->MC,IE-->MC,IE-->MC,IE-->MC,IE-->MC,IE-->MC
MN,MNG,Mongolia,Ulan Bator,Asia,Eastern Asia,,MN-->IE,MN-->IE,MN-->IE,MN-->IE,MN-->IE,MN-->IE,MN-->IE,MN-->IE,MN-->IE,MN-->IE,MN-->IE,MN-->IE,MN-->IE,MN-->IE,MN-->IE,MN-->IE,MN-->IE,MN-->IE,MN-->IE,,,,,,,,,,,,,,,,,IE-->MN,IE-->MN,IE-->MN,IE-->MN,IE-->MN,IE-->MN,IE-->MN,IE-->MN,IE-->MN,IE-->MN,IE-->MN,IE-->MN,IE-->MN,IE-->MN,IE-->MN,IE-->MN,IE-->MN,IE-->MN,IE-->MN
ME,MNE,Montenegro,Podgorica,Europe,Southern Europe,,ME-->IE,ME-->IE,ME-->IE,ME-->IE,ME-->IE,ME-->IE,ME-->IE,ME-->IE,ME-->IE,ME-->IE,ME-->IE,ME-->IE,ME-->IE,ME-->IE,ME-->IE,ME-->IE,ME-->IE,ME-->IE,ME-->IE,,,,,,,,,,,,,,,,,IE-->ME,IE-->ME,IE-->ME,IE-->ME,IE-->ME,IE-->ME,IE-->ME,IE-->ME,IE-->ME,IE-->ME,IE-->ME,IE-->ME,IE-->ME,IE-->ME,IE-->ME,IE-->ME,IE-->ME,IE-->ME,IE-->ME
MS,MSR,Montserrat,Plymouth,Americas,Caribbean,,MS-->IE,MS-->IE,MS-->IE,MS-->IE,MS-->IE,MS-->IE,MS-->IE,MS-->IE,MS-->IE,MS-->IE,MS-->IE,MS-->IE,MS-->IE,MS-->IE,MS-->IE,MS-->IE,MS-->IE,MS-->IE,MS-->IE,,,,,,,,,,,,,,,,,IE-->MS,IE-->MS,IE-->MS,IE-->MS,IE-->MS,IE-->MS,IE-->MS,IE-->MS,IE-->MS,IE-->MS,IE-->MS,IE-->MS,IE-->MS,IE-->MS,IE-->MS,IE-->MS,IE-->MS,IE-->MS,IE-->MS
MA,MAR,Morocco,Rabat,Africa,Northern Africa,,MA-->IE,MA-->IE,MA-->IE,MA-->IE,MA-->IE,MA-->IE,MA-->IE,MA-->IE,MA-->IE,MA-->IE,MA-->IE,MA-->IE,MA-->IE,MA-->IE,MA-->IE,MA-->IE,MA-->IE,MA-->IE,MA-->IE,,,,,,,,,,,,,,,,,IE-->MA,IE-->MA,IE-->MA,IE-->MA,IE-->MA,IE-->MA,IE-->MA,IE-->MA,IE-->MA,IE-->MA,IE-->MA,IE-->MA,IE-->MA,IE-->MA,IE-->MA,IE-->MA,IE-->MA,IE-->MA,IE-->MA
MZ,MOZ,Mozambique,Maputo,Africa,Eastern Africa,,MZ-->IE,MZ-->IE,MZ-->IE,MZ-->IE,MZ-->IE,MZ-->IE,MZ-->IE,MZ-->IE,MZ-->IE,MZ-->IE,MZ-->IE,MZ-->IE,MZ-->IE,MZ-->IE,MZ-->IE,MZ-->IE,MZ-->IE,MZ-->IE,MZ-->IE,,,,,,,,,,,,,,,,,IE-->MZ,IE-->MZ,IE-->MZ,IE-->MZ,IE-->MZ,IE-->MZ,IE-->MZ,IE-->MZ,IE-->MZ,IE-->MZ,IE-->MZ,IE-->MZ,IE-->MZ,IE-->MZ,IE-->MZ,IE-->MZ,IE-->MZ,IE-->MZ,IE-->MZ
MM,MMR,Myanmar,Naypyidaw,Asia,South-Eastern Asia,,MM-->IE,MM-->IE,MM-->IE,MM-->IE,MM-->IE,MM-->IE,MM-->IE,MM-->IE,MM-->IE,MM-->IE,MM-->IE,MM-->IE,MM-->IE,MM-->IE,MM-->IE,MM-->IE,MM-->IE,MM-->IE,MM-->IE,,,,,,,,,,,,,,,,,IE-->MM,IE-->MM,IE-->MM,IE-->MM,IE-->MM,IE-->MM,IE-->MM,IE-->MM,IE-->MM,IE-->MM,IE-->MM,IE-->MM,IE-->MM,IE-->MM,IE-->MM,IE-->MM,IE-->MM,IE-->MM,IE-->MM
,NAM,Namibia,Windhoek,Africa,Southern Africa,,NA-->IE,NA-->IE,NA-->IE,NA-->IE,NA-->IE,NA-->IE,NA-->IE,NA-->IE,NA-->IE,NA-->IE,NA-->IE,NA-->IE,NA-->IE,NA-->IE,NA-->IE,NA-->IE,NA-->IE,NA-->IE,NA-->IE,,,,,,,,,,,,,,,,,IE-->NA,IE-->NA,IE-->NA,IE-->NA,IE-->NA,IE-->NA,IE-->NA,IE-->NA,IE-->NA,IE-->NA,IE-->NA,IE-->NA,IE-->NA,IE-->NA,IE-->NA,IE-->NA,IE-->NA,IE-->NA,IE-->NA
NR,NRU,Nauru,Yaren,Oceania,Micronesia,,NR-->IE,NR-->IE,NR-->IE,NR-->IE,NR-->IE,NR-->IE,NR-->IE,NR-->IE,NR-->IE,NR-->IE,NR-->IE,NR-->IE,NR-->IE,NR-->IE,NR-->IE,NR-->IE,NR-->IE,NR-->IE,NR-->IE,,,,,,,,,,,,,,,,,IE-->NR,IE-->NR,IE-->NR,IE-->NR,IE-->NR,IE-->NR,IE-->NR,IE-->NR,IE-->NR,IE-->NR,IE-->NR,IE-->NR,IE-->NR,IE-->NR,IE-->NR,IE-->NR,IE-->NR,IE-->NR,IE-->NR
NP,NPL,Nepal,Kathmandu,Asia,Southern Asia,,NP-->IE,NP-->IE,NP-->IE,NP-->IE,NP-->IE,NP-->IE,NP-->IE,NP-->IE,NP-->IE,NP-->IE,NP-->IE,NP-->IE,NP-->IE,NP-->IE,NP-->IE,NP-->IE,NP-->IE,NP-->IE,NP-->IE,,,,,,,,,,,,,,,,,IE-->NP,IE-->NP,IE-->NP,IE-->NP,IE-->NP,IE-->NP,IE-->NP,IE-->NP,IE-->NP,IE-->NP,IE-->NP,IE-->NP,IE-->NP,IE-->NP,IE-->NP,IE-->NP,IE-->NP,IE-->NP,IE-->NP
NL,NLD,Netherlands,Amsterdam,Europe,Western Europe,,NL-->IE,NL-->IE,NL-->IE,NL-->IE,NL-->IE,NL-->IE,NL-->IE,NL-->IE,NL-->IE,NL-->IE,NL-->IE,NL-->IE,NL-->IE,NL-->IE,NL-->IE,NL-->IE,NL-->IE,NL-->IE,NL-->IE,,,,,,,,,,,,,,,,,IE-->NL,IE-->NL,IE-->NL,IE-->NL,IE-->NL,IE-->NL,IE-->NL,IE-->NL,IE-->NL,IE-->NL,IE-->NL,IE-->NL,IE-->NL,IE-->NL,IE-->NL,IE-->NL,IE-->NL,IE-->NL,IE-->NL
NC,NCL,New Caledonia,Nouméa,Oceania,Melanesia,,NC-->IE,NC-->IE,NC-->IE,NC-->IE,NC-->IE,NC-->IE,NC-->IE,NC-->IE,NC-->IE,NC-->IE,NC-->IE,NC-->IE,NC-->IE,NC-->IE,NC-->IE,NC-->IE,NC-->IE,NC-->IE,NC-->IE,,,,,,,,,,,,,,,,,IE-->NC,IE-->NC,IE-->NC,IE-->NC,IE-->NC,IE-->NC,IE-->NC,IE-->NC,IE-->NC,IE-->NC,IE-->NC,IE-->NC,IE-->NC,IE-->NC,IE-->NC,IE-->NC,IE-->NC,IE-->NC,IE-->NC
NZ,NZL,New Zealand,Wellington,Oceania,Australia and New Zealand,,NZ-->IE,NZ-->IE,NZ-->IE,NZ-->IE,NZ-->IE,NZ-->IE,NZ-->IE,NZ-->IE,NZ-->IE,NZ-->IE,NZ-->IE,NZ-->IE,NZ-->IE,NZ-->IE,NZ-->IE,NZ-->IE,NZ-->IE,NZ-->IE,NZ-->IE,,,,,,,,,,,,,,,,,IE-->NZ,IE-->NZ,IE-->NZ,IE-->NZ,IE-->NZ,IE-->NZ,IE-->NZ,IE-->NZ,IE-->NZ,IE-->NZ,IE-->NZ,IE-->NZ,IE-->NZ,IE-->NZ,IE-->NZ,IE-->NZ,IE-->NZ,IE-->NZ,IE-->NZ
NI,NIC,Nicaragua,Managua,Americas,Central America,,NI-->IE,NI-->IE,NI-->IE,NI-->IE,NI-->IE,NI-->IE,NI-->IE,NI-->IE,NI-->IE,NI-->IE,NI-->IE,NI-->IE,NI-->IE,NI-->IE,NI-->IE,NI-->IE,NI-->IE,NI-->IE,NI-->IE,,,,,,,,,,,,,,,,,IE-->NI,IE-->NI,IE-->NI,IE-->NI,IE-->NI,IE-->NI,IE-->NI,IE-->NI,IE-->NI,IE-->NI,IE-->NI,IE-->NI,IE-->NI,IE-->NI,IE-->NI,IE-->NI,IE-->NI,IE-->NI,IE-->NI
NE,NER,Niger,Niamey,Africa,Western Africa,,NE-->IE,NE-->IE,NE-->IE,NE-->IE,NE-->IE,NE-->IE,NE-->IE,NE-->IE,NE-->IE,NE-->IE,NE-->IE,NE-->IE,NE-->IE,NE-->IE,NE-->IE,NE-->IE,NE-->IE,NE-->IE,NE-->IE,,,,,,,,,,,,,,,,,IE-->NE,IE-->NE,IE-->NE,IE-->NE,IE-->NE,IE-->NE,IE-->NE,IE-->NE,IE-->NE,IE-->NE,IE-->NE,IE-->NE,IE-->NE,IE-->NE,IE-->NE,IE-->NE,IE-->NE,IE-->NE,IE-->NE
NG,NGA,Nigeria,Abuja,Africa,Western Africa,,NG-->IE,NG-->IE,NG-->IE,NG-->IE,NG-->IE,NG-->IE,NG-->IE,NG-->IE,NG-->IE,NG-->IE,NG-->IE,NG-->IE,NG-->IE,NG-->IE,NG-->IE,NG-->IE,NG-->IE,NG-->IE,NG-->IE,,,,,,,,,,,,,,,,,IE-->NG,IE-->NG,IE-->NG,IE-->NG,IE-->NG,IE-->NG,IE-->NG,IE-->NG,IE-->NG,IE-->NG,IE-->NG,IE-->NG,IE-->NG,IE-->NG,IE-->NG,IE-->NG,IE-->NG,IE-->NG,IE-->NG
NU,NIU,Niue,Alofi,Oceania,Polynesia,,NU-->IE,NU-->IE,NU-->IE,NU-->IE,NU-->IE,NU-->IE,NU-->IE,NU-->IE,NU-->IE,NU-->IE,NU-->IE,NU-->IE,NU-->IE,NU-->IE,NU-->IE,NU-->IE,NU-->IE,NU-->IE,NU-->IE,,,,,,,,,,,,,,,,,IE-->NU,IE-->NU,IE-->NU,IE-->NU,IE-->NU,IE-->NU,IE-->NU,IE-->NU,IE-->NU,IE-->NU,IE-->NU,IE-->NU,IE-->NU,IE-->NU,IE-->NU,IE-->NU,IE-->NU,IE-->NU,IE-->NU
NF,NFK,Norfolk Island,Kingston,Oceania,Australia and New Zealand,,NF-->IE,NF-->IE,NF-->IE,NF-->IE,NF-->IE,NF-->IE,NF-->IE,NF-->IE,NF-->IE,NF-->IE,NF-->IE,NF-->IE,NF-->IE,NF-->IE,NF-->IE,NF-->IE,NF-->IE,NF-->IE,NF-->IE,,,,,,,,,,,,,,,,,IE-->NF,IE-->NF,IE-->NF,IE-->NF,IE-->NF,IE-->NF,IE-->NF,IE-->NF,IE-->NF,IE-->NF,IE-->NF,IE-->NF,IE-->NF,IE-->NF,IE-->NF,IE-->NF,IE-->NF,IE-->NF,IE-->NF
KP,PRK,North Korea,Pyongyang,Asia,Eastern Asia,,KP-->IE,KP-->IE,KP-->IE,KP-->IE,KP-->IE,KP-->IE,KP-->IE,KP-->IE,KP-->IE,KP-->IE,KP-->IE,KP-->IE,KP-->IE,KP-->IE,KP-->IE,KP-->IE,KP-->IE,KP-->IE,KP-->IE,,,,,,,,,,,,,,,,,IE-->KP,IE-->KP,IE-->KP,IE-->KP,IE-->KP,IE-->KP,IE-->KP,IE-->KP,IE-->KP,IE-->KP,IE-->KP,IE-->KP,IE-->KP,IE-->KP,IE-->KP,IE-->KP,IE-->KP,IE-->KP,IE-->KP
MP,MNP,Northern Mariana Islands,Saipan,Oceania,Micronesia,,MP-->IE,MP-->IE,MP-->IE,MP-->IE,MP-->IE,MP-->IE,MP-->IE,MP-->IE,MP-->IE,MP-->IE,MP-->IE,MP-->IE,MP-->IE,MP-->IE,MP-->IE,MP-->IE,MP-->IE,MP-->IE,MP-->IE,,,,,,,,,,,,,,,,,IE-->MP,IE-->MP,IE-->MP,IE-->MP,IE-->MP,IE-->MP,IE-->MP,IE-->MP,IE-->MP,IE-->MP,IE-->MP,IE-->MP,IE-->MP,IE-->MP,IE-->MP,IE-->MP,IE-->MP,IE-->MP,IE-->MP
NO,NOR,Norway,Oslo,Europe,Northern Europe,,NO-->IE,NO-->IE,NO-->IE,NO-->IE,NO-->IE,NO-->IE,NO-->IE,NO-->IE,NO-->IE,NO-->IE,NO-->IE,NO-->IE,NO-->IE,NO-->IE,NO-->IE,NO-->IE,NO-->IE,NO-->IE,NO-->IE,,,,,,,,,,,,,,,,,IE-->NO,IE-->NO,IE-->NO,IE-->NO,IE-->NO,IE-->NO,IE-->NO,IE-->NO,IE-->NO,IE-->NO,IE-->NO,IE-->NO,IE-->NO,IE-->NO,IE-->NO,IE-->NO,IE-->NO,IE-->NO,IE-->NO
OM,OMN,Oman,Muscat,Asia,Western Asia,,OM-->IE,OM-->IE,OM-->IE,OM-->IE,OM-->IE,OM-->IE,OM-->IE,OM-->IE,OM-->IE,OM-->IE,OM-->IE,OM-->IE,OM-->IE,OM-->IE,OM-->IE,OM-->IE,OM-->IE,OM-->IE,OM-->IE,,,,,,,,,,,,,,,,,IE-->OM,IE-->OM,IE-->OM,IE-->OM,IE-->OM,IE-->OM,IE-->OM,IE-->OM,IE-->OM,IE-->OM,IE-->OM,IE-->OM,IE-->OM,IE-->OM,IE-->OM,IE-->OM,IE-->OM,IE-->OM,IE-->OM
PK,PAK,Pakistan,Islamabad,Asia,Southern Asia,,PK-->IE,PK-->IE,PK-->IE,PK-->IE,PK-->IE,PK-->IE,PK-->IE,PK-->IE,PK-->IE,PK-->IE,PK-->IE,PK-->IE,PK-->IE,PK-->IE,PK-->IE,PK-->IE,PK-->IE,PK-->IE,PK-->IE,,,,,,,,,,,,,,,,,IE-->PK,IE-->PK,IE-->PK,IE-->PK,IE-->PK,IE-->PK,IE-->PK,IE-->PK,IE-->PK,IE-->PK,IE-->PK,IE-->PK,IE-->PK,IE-->PK,IE-->PK,IE-->PK,IE-->PK,IE-->PK,IE-->PK
PW,PLW,Palau,Ngerulmud,Oceania,Micronesia,,PW-->IE,PW-->IE,PW-->IE,PW-->IE,PW-->IE,PW-->IE,PW-->IE,PW-->IE,PW-->IE,PW-->IE,PW-->IE,PW-->IE,PW-->IE,PW-->IE,PW-->IE,PW-->IE,PW-->IE,PW-->IE,PW-->IE,,,,,,,,,,,,,,,,,IE-->PW,IE-->PW,IE-->PW,IE-->PW,IE-->PW,IE-->PW,IE-->PW,IE-->PW,IE-->PW,IE-->PW,IE-->PW,IE-->PW,IE-->PW,IE-->PW,IE-->PW,IE-->PW,IE-->PW,IE-->PW,IE-->PW
PS,PSE,Palestine,Ramallah,Asia,Western Asia,,PS-->IE,PS-->IE,PS-->IE,PS-->IE,PS-->IE,PS-->IE,PS-->IE,PS-->IE,PS-->IE,PS-->IE,PS-->IE,PS-->IE,PS-->IE,PS-->IE,PS-->IE,PS-->IE,PS-->IE,PS-->IE,PS-->IE,,,,,,,,,,,,,,,,,IE-->PS,IE-->PS,IE-->PS,IE-->PS,IE-->PS,IE-->PS,IE-->PS,IE-->PS,IE-->PS,IE-->PS,IE-->PS,IE-->PS,IE-->PS,IE-->PS,IE-->PS,IE-->PS,IE-->PS,IE-->PS,IE-->PS
PA,PAN,Panama,Panama City,Americas,Central America,,PA-->IE,PA-->IE,PA-->IE,PA-->IE,PA-->IE,PA-->IE,PA-->IE,PA-->IE,PA-->IE,PA-->IE,PA-->IE,PA-->IE,PA-->IE,PA-->IE,PA-->IE,PA-->IE,PA-->IE,PA-->IE,PA-->IE,,,,,,,,,,,,,,,,,IE-->PA,IE-->PA,IE-->PA,IE-->PA,IE-->PA,IE-->PA,IE-->PA,IE-->PA,IE-->PA,IE-->PA,IE-->PA,IE-->PA,IE-->PA,IE-->PA,IE-->PA,IE-->PA,IE-->PA,IE-->PA,IE-->PA
PG,PNG,Papua New Guinea,Port Moresby,Oceania,Melanesia,,PG-->IE,PG-->IE,PG-->IE,PG-->IE,PG-->IE,PG-->IE,PG-->IE,PG-->IE,PG-->IE,PG-->IE,PG-->IE,PG-->IE,PG-->IE,PG-->IE,PG-->IE,PG-->IE,PG-->IE,PG-->IE,PG-->IE,,,,,,,,,,,,,,,,,IE-->PG,IE-->PG,IE-->PG,IE-->PG,IE-->PG,IE-->PG,IE-->PG,IE-->PG,IE-->PG,IE-->PG,IE-->PG,IE-->PG,IE-->PG,IE-->PG,IE-->PG,IE-->PG,IE-->PG,IE-->PG,IE-->PG
PY,PRY,Paraguay,Asunción,Americas,South America,,PY-->IE,PY-->IE,PY-->IE,PY-->IE,PY-->IE,PY-->IE,PY-->IE,PY-->IE,PY-->IE,PY-->IE,PY-->IE,PY-->IE,PY-->IE,PY-->IE,PY-->IE,PY-->IE,PY-->IE,PY-->IE,PY-->IE,,,,,,,,,,,,,,,,,IE-->PY,IE-->PY,IE-->PY,IE-->PY,IE-->PY,IE-->PY,IE-->PY,IE-->PY,IE-->PY,IE-->PY,IE-->PY,IE-->PY,IE-->PY,IE-->PY,IE-->PY,IE-->PY,IE-->PY,IE-->PY,IE-->PY
PE,PER,Peru,Lima,Americas,South America,,PE-->IE,PE-->IE,PE-->IE,PE-->IE,PE-->IE,PE-->IE,PE-->IE,PE-->IE,PE-->IE,PE-->IE,PE-->IE,PE-->IE,PE-->IE,PE-->IE,PE-->IE,PE-->IE,PE-->IE,PE-->IE,PE-->IE,,,,,,,,,,,,,,,,,IE-->PE,IE-->PE,IE-->PE,IE-->PE,IE-->PE,IE-->PE,IE-->PE,IE-->PE,IE-->PE,IE-->PE,IE-->PE,IE-->PE,IE-->PE,IE-->PE,IE-->PE,IE-->PE,IE-->PE,IE-->PE,IE-->PE
PH,PHL,Philippines,Manila,Asia,South-Eastern Asia,,PH-->IE,PH-->IE,PH-->IE,PH-->IE,PH-->IE,PH-->IE,PH-->IE,PH-->IE,PH-->IE,PH-->IE,PH-->IE,PH-->IE,PH-->IE,PH-->IE,PH-->IE,PH-->IE,PH-->IE,PH-->IE,PH-->IE,,,,,,,,,,,,,,,,,IE-->PH,IE-->PH,IE-->PH,IE-->PH,IE-->PH,IE-->PH,IE-->PH,IE-->PH,IE-->PH,IE-->PH,IE-->PH,IE-->PH,IE-->PH,IE-->PH,IE-->PH,IE-->PH,IE-->PH,IE-->PH,IE-->PH
PN,PCN,Pitcairn Islands,Adamstown,Oceania,Polynesia,,PN-->IE,PN-->IE,PN-->IE,PN-->IE,PN-->IE,PN-->IE,PN-->IE,PN-->IE,PN-->IE,PN-->IE,PN-->IE,PN-->IE,PN-->IE,PN-->IE,PN-->IE,PN-->IE,PN-->IE,PN-->IE,PN-->IE,,,,,,,,,,,,,,,,,IE-->PN,IE-->PN,IE-->PN,IE-->PN,IE-->PN,IE-->PN,IE-->PN,IE-->PN,IE-->PN,IE-->PN,IE-->PN,IE-->PN,IE-->PN,IE-->PN,IE-->PN,IE-->PN,IE-->PN,IE-->PN,IE-->PN
PL,POL,Poland,Warsaw,Europe,Eastern Europe,,PL-->IE,PL-->IE,PL-->IE,PL-->IE,PL-->IE,PL-->IE,PL-->IE,PL-->IE,PL-->IE,PL-->IE,PL-->IE,PL-->IE,PL-->IE,PL-->IE,PL-->IE,PL-->IE,PL-->IE,PL-->IE,PL-->IE,,,,,,,,,,,,,,,,,IE-->PL,IE-->PL,IE-->PL,IE-->PL,IE-->PL,IE-->PL,IE-->PL,IE-->PL,IE-->PL,IE-->PL,IE-->PL,IE-->PL,IE-->PL,IE-->PL,IE-->PL,IE-->PL,IE-->PL,IE-->PL,IE-->PL
PT,PRT,Portugal,Lisbon,Europe,Southern Europe,,PT-->IE,PT-->IE,PT-->IE,PT-->IE,PT-->IE,PT-->IE,PT-->IE,PT-->IE,PT-->IE,PT-->IE,PT-->IE,PT-->IE,PT-->IE,PT-->IE,PT-->IE,PT-->IE,PT-->IE,PT-->IE,PT-->IE,,,,,,,,,,,,,,,,,IE-->PT,IE-->PT,IE-->PT,IE-->PT,IE-->PT,IE-->PT,IE-->PT,IE-->PT,IE-->PT,IE-->PT,IE-->PT,IE-->PT,IE-->PT,IE-->PT,IE-->PT,IE-->PT,IE-->PT,IE-->PT,IE-->PT
PR,PRI,Puerto Rico,San Juan,Americas,Caribbean,,PR-->IE,PR-->IE,PR-->IE,PR-->IE,PR-->IE,PR-->IE,PR-->IE,PR-->IE,PR-->IE,PR-->IE,PR-->IE,PR-->IE,PR-->IE,PR-->IE,PR-->IE,PR-->IE,PR-->IE,PR-->IE,PR-->IE,,,,,,,,,,,,,,,,,IE-->PR,IE-->PR,IE-->PR,IE-->PR,IE-->PR,IE-->PR,IE-->PR,IE-->PR,IE-->PR,IE-->PR,IE-->PR,IE-->PR,IE-->PR,IE-->PR,IE-->PR,IE-->PR,IE-->PR,IE-->PR,IE-->PR
QA,QAT,Qatar,Doha,Asia,Western Asia,,QA-->IE,QA-->IE,QA-->IE,QA-->IE,QA-->IE,QA-->IE,QA-->IE,QA-->IE,QA-->IE,QA-->IE,QA-->IE,QA-->IE,QA-->IE,QA-->IE,QA-->IE,QA-->IE,QA-->IE,QA-->IE,QA-->IE,,,,,,,,,,,,,,,,,IE-->QA,IE-->QA,IE-->QA,IE-->QA,IE-->QA,IE-->QA,IE-->QA,IE-->QA,IE-->QA,IE-->QA,IE-->QA,IE-->QA,IE-->QA,IE-->QA,IE-->QA,IE-->QA,IE-->QA,IE-->QA,IE-->QA
XK,KOS,Republic of Kosovo,Pristina,Europe,Eastern Europe,,XK-->IE,XK-->IE,XK-->IE,XK-->IE,XK-->IE,XK-->IE,XK-->IE,XK-->IE,XK-->IE,XK-->IE,XK-->IE,XK-->IE,XK-->IE,XK-->IE,XK-->IE,XK-->IE,XK-->IE,XK-->IE,XK-->IE,,,,,,,,,,,,,,,,,IE-->XK,IE-->XK,IE-->XK,IE-->XK,IE-->XK,IE-->XK,IE-->XK,IE-->XK,IE-->XK,IE-->XK,IE-->XK,IE-->XK,IE-->XK,IE-->XK,IE-->XK,IE-->XK,IE-->XK,IE-->XK,IE-->XK
RE,REU,Réunion,Saint-Denis,Africa,Eastern Africa,,RE-->IE,RE-->IE,RE-->IE,RE-->IE,RE-->IE,RE-->IE,RE-->IE,RE-->IE,RE-->IE,RE-->IE,RE-->IE,RE-->IE,RE-->IE,RE-->IE,RE-->IE,RE-->IE,RE-->IE,RE-->IE,RE-->IE,,,,,,,,,,,,,,,,,IE-->RE,IE-->RE,IE-->RE,IE-->RE,IE-->RE,IE-->RE,IE-->RE,IE-->RE,IE-->RE,IE-->RE,IE-->RE,IE-->RE,IE-->RE,IE-->RE,IE-->RE,IE-->RE,IE-->RE,IE-->RE,IE-->RE
RO,ROU,Romania,Bucharest,Europe,Eastern Europe,,RO-->IE,RO-->IE,RO-->IE,RO-->IE,RO-->IE,RO-->IE,RO-->IE,RO-->IE,RO-->IE,RO-->IE,RO-->IE,RO-->IE,RO-->IE,RO-->IE,RO-->IE,RO-->IE,RO-->IE,RO-->IE,RO-->IE,,,,,,,,,,,,,,,,,IE-->RO,IE-->RO,IE-->RO,IE-->RO,IE-->RO,IE-->RO,IE-->RO,IE-->RO,IE-->RO,IE-->RO,IE-->RO,IE-->RO,IE-->RO,IE-->RO,IE-->RO,IE-->RO,IE-->RO,IE-->RO,IE-->RO
RU,RUS,Russia,Moscow,Europe,Eastern Europe,,RU-->IE,RU-->IE,RU-->IE,RU-->IE,RU-->IE,RU-->IE,RU-->IE,RU-->IE,RU-->IE,RU-->IE,RU-->IE,RU-->IE,RU-->IE,RU-->IE,RU-->IE,RU-->IE,RU-->IE,RU-->IE,RU-->IE,,,,,,,,,,,,,,,,,IE-->RU,IE-->RU,IE-->RU,IE-->RU,IE-->RU,IE-->RU,IE-->RU,IE-->RU,IE-->RU,IE-->RU,IE-->RU,IE-->RU,IE-->RU,IE-->RU,IE-->RU,IE-->RU,IE-->RU,IE-->RU,IE-->RU
RW,RWA,Rwanda,Kigali,Africa,Eastern Africa,,RW-->IE,RW-->IE,RW-->IE,RW-->IE,RW-->IE,RW-->IE,RW-->IE,RW-->IE,RW-->IE,RW-->IE,RW-->IE,RW-->IE,RW-->IE,RW-->IE,RW-->IE,RW-->IE,RW-->IE,RW-->IE,RW-->IE,,,,,,,,,,,,,,,,,IE-->RW,IE-->RW,IE-->RW,IE-->RW,IE-->RW,IE-->RW,IE-->RW,IE-->RW,IE-->RW,IE-->RW,IE-->RW,IE-->RW,IE-->RW,IE-->RW,IE-->RW,IE-->RW,IE-->RW,IE-->RW,IE-->RW
BL,BLM,Saint Barthélemy,Gustavia,Americas,Caribbean,,BL-->IE,BL-->IE,BL-->IE,BL-->IE,BL-->IE,BL-->IE,BL-->IE,BL-->IE,BL-->IE,BL-->IE,BL-->IE,BL-->IE,BL-->IE,BL-->IE,BL-->IE,BL-->IE,BL-->IE,BL-->IE,BL-->IE,,,,,,,,,,,,,,,,,IE-->BL,IE-->BL,IE-->BL,IE-->BL,IE-->BL,IE-->BL,IE-->BL,IE-->BL,IE-->BL,IE-->BL,IE-->BL,IE-->BL,IE-->BL,IE-->BL,IE-->BL,IE-->BL,IE-->BL,IE-->BL,IE-->BL
SH,SHN,Saint Helena,Jamestown,Africa,Western Africa,,SH-->IE,SH-->IE,SH-->IE,SH-->IE,SH-->IE,SH-->IE,SH-->IE,SH-->IE,SH-->IE,SH-->IE,SH-->IE,SH-->IE,SH-->IE,SH-->IE,SH-->IE,SH-->IE,SH-->IE,SH-->IE,SH-->IE,,,,,,,,,,,,,,,,,IE-->SH,IE-->SH,IE-->SH,IE-->SH,IE-->SH,IE-->SH,IE-->SH,IE-->SH,IE-->SH,IE-->SH,IE-->SH,IE-->SH,IE-->SH,IE-->SH,IE-->SH,IE-->SH,IE-->SH,IE-->SH,IE-->SH
KN,KNA,Saint Kitts and Nevis,Basseterre,Americas,Caribbean,,KN-->IE,KN-->IE,KN-->IE,KN-->IE,KN-->IE,KN-->IE,KN-->IE,KN-->IE,KN-->IE,KN-->IE,KN-->IE,KN-->IE,KN-->IE,KN-->IE,KN-->IE,KN-->IE,KN-->IE,KN-->IE,KN-->IE,,,,,,,,,,,,,,,,,IE-->KN,IE-->KN,IE-->KN,IE-->KN,IE-->KN,IE-->KN,IE-->KN,IE-->KN,IE-->KN,IE-->KN,IE-->KN,IE-->KN,IE-->KN,IE-->KN,IE-->KN,IE-->KN,IE-->KN,IE-->KN,IE-->KN
LC,LCA,Saint Lucia,Castries,Americas,Caribbean,,LC-->IE,LC-->IE,LC-->IE,LC-->IE,LC-->IE,LC-->IE,LC-->IE,LC-->IE,LC-->IE,LC-->IE,LC-->IE,LC-->IE,LC-->IE,LC-->IE,LC-->IE,LC-->IE,LC-->IE,LC-->IE,LC-->IE,,,,,,,,,,,,,,,,,IE-->LC,IE-->LC,IE-->LC,IE-->LC,IE-->LC,IE-->LC,IE-->LC,IE-->LC,IE-->LC,IE-->LC,IE-->LC,IE-->LC,IE-->LC,IE-->LC,IE-->LC,IE-->LC,IE-->LC,IE-->LC,IE-->LC
MF,MAF,Saint Martin,Marigot,Americas,Caribbean,,MF-->IE,MF-->IE,MF-->IE,MF-->IE,MF-->IE,MF-->IE,MF-->IE,MF-->IE,MF-->IE,MF-->IE,MF-->IE,MF-->IE,MF-->IE,MF-->IE,MF-->IE,MF-->IE,MF-->IE,MF-->IE,MF-->IE,,,,,,,,,,,,,,,,,IE-->MF,IE-->MF,IE-->MF,IE-->MF,IE-->MF,IE-->MF,IE-->MF,IE-->MF,IE-->MF,IE-->MF,IE-->MF,IE-->MF,IE-->MF,IE-->MF,IE-->MF,IE-->MF,IE-->MF,IE-->MF,IE-->MF
PM,SPM,Saint Pierre and Miquelon,Saint-Pierre,Americas,Northern America,,PM-->IE,PM-->IE,PM-->IE,PM-->IE,PM-->IE,PM-->IE,PM-->IE,PM-->IE,PM-->IE,PM-->IE,PM-->IE,PM-->IE,PM-->IE,PM-->IE,PM-->IE,PM-->IE,PM-->IE,PM-->IE,PM-->IE,,,,,,,,,,,,,,,,,IE-->PM,IE-->PM,IE-->PM,IE-->PM,IE-->PM,IE-->PM,IE-->PM,IE-->PM,IE-->PM,IE-->PM,IE-->PM,IE-->PM,IE-->PM,IE-->PM,IE-->PM,IE-->PM,IE-->PM,IE-->PM,IE-->PM
VC,VCT,Saint Vincent and the Grenadines,Kingstown,Americas,Caribbean,,VC-->IE,VC-->IE,VC-->IE,VC-->IE,VC-->IE,VC-->IE,VC-->IE,VC-->IE,VC-->IE,VC-->IE,VC-->IE,VC-->IE,VC-->IE,VC-->IE,VC-->IE,VC-->IE,VC-->IE,VC-->IE,VC-->IE,,,,,,,,,,,,,,,,,IE-->VC,IE-->VC,IE-->VC,IE-->VC,IE-->VC,IE-->VC,IE-->VC,IE-->VC,IE-->VC,IE-->VC,IE-->VC,IE-->VC,IE-->VC,IE-->VC,IE-->VC,IE-->VC,IE-->VC,IE-->VC,IE-->VC
WS,WSM,Samoa,Apia,Oceania,Polynesia,,WS-->IE,WS-->IE,WS-->IE,WS-->IE,WS-->IE,WS-->IE,WS-->IE,WS-->IE,WS-->IE,WS-->IE,WS-->IE,WS-->IE,WS-->IE,WS-->IE,WS-->IE,WS-->IE,WS-->IE,WS-->IE,WS-->IE,,,,,,,,,,,,,,,,,IE-->WS,IE-->WS,IE-->WS,IE-->WS,IE-->WS,IE-->WS,IE-->WS,IE-->WS,IE-->WS,IE-->WS,IE-->WS,IE-->WS,IE-->WS,IE-->WS,IE-->WS,IE-->WS,IE-->WS,IE-->WS,IE-->WS
SM,SMR,San Marino,City of San Marino,Europe,Southern Europe,,SM-->IE,SM-->IE,SM-->IE,SM-->IE,SM-->IE,SM-->IE,SM-->IE,SM-->IE,SM-->IE,SM-->IE,SM-->IE,SM-->IE,SM-->IE,SM-->IE,SM-->IE,SM-->IE,SM-->IE,SM-->IE,SM-->IE,,,,,,,,,,,,,,,,,IE-->SM,IE-->SM,IE-->SM,IE-->SM,IE-->SM,IE-->SM,IE-->SM,IE-->SM,IE-->SM,IE-->SM,IE-->SM,IE-->SM,IE-->SM,IE-->SM,IE-->SM,IE-->SM,IE-->SM,IE-->SM,IE-->SM
ST,STP,São Tomé and Príncipe,São Tomé,Africa,Middle Africa,,ST-->IE,ST-->IE,ST-->IE,ST-->IE,ST-->IE,ST-->IE,ST-->IE,ST-->IE,ST-->IE,ST-->IE,ST-->IE,ST-->IE,ST-->IE,ST-->IE,ST-->IE,ST-->IE,ST-->IE,ST-->IE,ST-->IE,,,,,,,,,,,,,,,,,IE-->ST,IE-->ST,IE-->ST,IE-->ST,IE-->ST,IE-->ST,IE-->ST,IE-->ST,IE-->ST,IE-->ST,IE-->ST,IE-->ST,IE-->ST,IE-->ST,IE-->ST,IE-->ST,IE-->ST,IE-->ST,IE-->ST
SA,SAU,Saudi Arabia,Riyadh,Asia,Western Asia,,SA-->IE,SA-->IE,SA-->IE,SA-->IE,SA-->IE,SA-->IE,SA-->IE,SA-->IE,SA-->IE,SA-->IE,SA-->IE,SA-->IE,SA-->IE,SA-->IE,SA-->IE,SA-->IE,SA-->IE,SA-->IE,SA-->IE,,,,,,,,,,,,,,,,,IE-->SA,IE-->SA,IE-->SA,IE-->SA,IE-->SA,IE-->SA,IE-->SA,IE-->SA,IE-->SA,IE-->SA,IE-->SA,IE-->SA,IE-->SA,IE-->SA,IE-->SA,IE-->SA,IE-->SA,IE-->SA,IE-->SA
SN,SEN,Senegal,Dakar,Africa,Western Africa,,SN-->IE,SN-->IE,SN-->IE,SN-->IE,SN-->IE,SN-->IE,SN-->IE,SN-->IE,SN-->IE,SN-->IE,SN-->IE,SN-->IE,SN-->IE,SN-->IE,SN-->IE,SN-->IE,SN-->IE,SN-->IE,SN-->IE,,,,,,,,,,,,,,,,,IE-->SN,IE-->SN,IE-->SN,IE-->SN,IE-->SN,IE-->SN,IE-->SN,IE-->SN,IE-->SN,IE-->SN,IE-->SN,IE-->SN,IE-->SN,IE-->SN,IE-->SN,IE-->SN,IE-->SN,IE-->SN,IE-->SN
RS,SRB,Serbia,Belgrade,Europe,Southern Europe,,RS-->IE,RS-->IE,RS-->IE,RS-->IE,RS-->IE,RS-->IE,RS-->IE,RS-->IE,RS-->IE,RS-->IE,RS-->IE,RS-->IE,RS-->IE,RS-->IE,RS-->IE,RS-->IE,RS-->IE,RS-->IE,RS-->IE,,,,,,,,,,,,,,,,,IE-->RS,IE-->RS,IE-->RS,IE-->RS,IE-->RS,IE-->RS,IE-->RS,IE-->RS,IE-->RS,IE-->RS,IE-->RS,IE-->RS,IE-->RS,IE-->RS,IE-->RS,IE-->RS,IE-->RS,IE-->RS,IE-->RS
SC,SYC,Seychelles,Victoria,Africa,Eastern Africa,,SC-->IE,SC-->IE,SC-->IE,SC-->IE,SC-->IE,SC-->IE,SC-->IE,SC-->IE,SC-->IE,SC-->IE,SC-->IE,SC-->IE,SC-->IE,SC-->IE,SC-->IE,SC-->IE,SC-->IE,SC-->IE,SC-->IE,,,,,,,,,,,,,,,,,IE-->SC,IE-->SC,IE-->SC,IE-->SC,IE-->SC,IE-->SC,IE-->SC,IE-->SC,IE-->SC,IE-->SC,IE-->SC,IE-->SC,IE-->SC,IE-->SC,IE-->SC,IE-->SC,IE-->SC,IE-->SC,IE-->SC
SL,SLE,Sierra Leone,Freetown,Africa,Western Africa,,SL-->IE,SL-->IE,SL-->IE,SL-->IE,SL-->IE,SL-->IE,SL-->IE,SL-->IE,SL-->IE,SL-->IE,SL-->IE,SL-->IE,SL-->IE,SL-->IE,SL-->IE,SL-->IE,SL-->IE,SL-->IE,SL-->IE,,,,,,,,,,,,,,,,,IE-->SL,IE-->SL,IE-->SL,IE-->SL,IE-->SL,IE-->SL,IE-->SL,IE-->SL,IE-->SL,IE-->SL,IE-->SL,IE-->SL,IE-->SL,IE-->SL,IE-->SL,IE-->SL,IE-->SL,IE-->SL,IE-->SL
SG,SGP,Singapore,Singapore,Asia,South-Eastern Asia,,SG-->IE,SG-->IE,SG-->IE,SG-->IE,SG-->IE,SG-->IE,SG-->IE,SG-->IE,SG-->IE,SG-->IE,SG-->IE,SG-->IE,SG-->IE,SG-->IE,SG-->IE,SG-->IE,SG-->IE,SG-->IE,SG-->IE,,,,,,,,,,,,,,,,,IE-->SG,IE-->SG,IE-->SG,IE-->SG,IE-->SG,IE-->SG,IE-->SG,IE-->SG,IE-->SG,IE-->SG,IE-->SG,IE-->SG,IE-->SG,IE-->SG,IE-->SG,IE-->SG,IE-->SG,IE-->SG,IE-->SG
SX,SXM,Sint Maarten,Philipsburg,Americas,Caribbean,,SX-->IE,SX-->IE,SX-->IE,SX-->IE,SX-->IE,SX-->IE,SX-->IE,SX-->IE,SX-->IE,SX-->IE,SX-->IE,SX-->IE,SX-->IE,SX-->IE,SX-->IE,SX-->IE,SX-->IE,SX-->IE,SX-->IE,,,,,,,,,,,,,,,,,IE-->SX,IE-->SX,IE-->SX,IE-->SX,IE-->SX,IE-->SX,IE-->SX,IE-->SX,IE-->SX,IE-->SX,IE-->SX,IE-->SX,IE-->SX,IE-->SX,IE-->SX,IE-->SX,IE-->SX,IE-->SX,IE-->SX
SK,SVK,Slovakia,Bratislava,Europe,Eastern Europe,,SK-->IE,SK-->IE,SK-->IE,SK-->IE,SK-->IE,SK-->IE,SK-->IE,SK-->IE,SK-->IE,SK-->IE,SK-->IE,SK-->IE,SK-->IE,SK-->IE,SK-->IE,SK-->IE,SK-->IE,SK-->IE,SK-->IE,,,,,,,,,,,,,,,,,IE-->SK,IE-->SK,IE-->SK,IE-->SK,IE-->SK,IE-->SK,IE-->SK,IE-->SK,IE-->SK,IE-->SK,IE-->SK,IE-->SK,IE-->SK,IE-->SK,IE-->SK,IE-->SK,IE-->SK,IE-->SK,IE-->SK
SI,SVN,Slovenia,Ljubljana,Europe,Southern Europe,,SI-->IE,SI-->IE,SI-->IE,SI-->IE,SI-->IE,SI-->IE,SI-->IE,SI-->IE,SI-->IE,SI-->IE,SI-->IE,SI-->IE,SI-->IE,SI-->IE,SI-->IE,SI-->IE,SI-->IE,SI-->IE,SI-->IE,,,,,,,,,,,,,,,,,IE-->SI,IE-->SI,IE-->SI,IE-->SI,IE-->SI,IE-->SI,IE-->SI,IE-->SI,IE-->SI,IE-->SI,IE-->SI,IE-->SI,IE-->SI,IE-->SI,IE-->SI,IE-->SI,IE-->SI,IE-->SI,IE-->SI
SB,SLB,Solomon Islands,Honiara,Oceania,Melanesia,,SB-->IE,SB-->IE,SB-->IE,SB-->IE,SB-->IE,SB-->IE,SB-->IE,SB-->IE,SB-->IE,SB-->IE,SB-->IE,SB-->IE,SB-->IE,SB-->IE,SB-->IE,SB-->IE,SB-->IE,SB-->IE,SB-->IE,,,,,,,,,,,,,,,,,IE-->SB,IE-->SB,IE-->SB,IE-->SB,IE-->SB,IE-->SB,IE-->SB,IE-->SB,IE-->SB,IE-->SB,IE-->SB,IE-->SB,IE-->SB,IE-->SB,IE-->SB,IE-->SB,IE-->SB,IE-->SB,IE-->SB
SO,SOM,Somalia,Mogadishu,Africa,Eastern Africa,,SO-->IE,SO-->IE,SO-->IE,SO-->IE,SO-->IE,SO-->IE,SO-->IE,SO-->IE,SO-->IE,SO-->IE,SO-->IE,SO-->IE,SO-->IE,SO-->IE,SO-->IE,SO-->IE,SO-->IE,SO-->IE,SO-->IE,,,,,,,,,,,,,,,,,IE-->SO,IE-->SO,IE-->SO,IE-->SO,IE-->SO,IE-->SO,IE-->SO,IE-->SO,IE-->SO,IE-->SO,IE-->SO,IE-->SO,IE-->SO,IE-->SO,IE-->SO,IE-->SO,IE-->SO,IE-->SO,IE-->SO
ZA,ZAF,South Africa,Pretoria,Africa,Southern Africa,,ZA-->IE,ZA-->IE,ZA-->IE,ZA-->IE,ZA-->IE,ZA-->IE,ZA-->IE,ZA-->IE,ZA-->IE,ZA-->IE,ZA-->IE,ZA-->IE,ZA-->IE,ZA-->IE,ZA-->IE,ZA-->IE,ZA-->IE,ZA-->IE,ZA-->IE,,,,,,,,,,,,,,,,,IE-->ZA,IE-->ZA,IE-->ZA,IE-->ZA,IE-->ZA,IE-->ZA,IE-->ZA,IE-->ZA,IE-->ZA,IE-->ZA,IE-->ZA,IE-->ZA,IE-->ZA,IE-->ZA,IE-->ZA,IE-->ZA,IE-->ZA,IE-->ZA,IE-->ZA
GS,SGS,South Georgia,King Edward Point,Americas,South America,,GS-->IE,GS-->IE,GS-->IE,GS-->IE,GS-->IE,GS-->IE,GS-->IE,GS-->IE,GS-->IE,GS-->IE,GS-->IE,GS-->IE,GS-->IE,GS-->IE,GS-->IE,GS-->IE,GS-->IE,GS-->IE,GS-->IE,,,,,,,,,,,,,,,,,IE-->GS,IE-->GS,IE-->GS,IE-->GS,IE-->GS,IE-->GS,IE-->GS,IE-->GS,IE-->GS,IE-->GS,IE-->GS,IE-->GS,IE-->GS,IE-->GS,IE-->GS,IE-->GS,IE-->GS,IE-->GS,IE-->GS
KR,KOR,South Korea,Seoul,Asia,Eastern Asia,,KR-->IE,KR-->IE,KR-->IE,KR-->IE,KR-->IE,KR-->IE,KR-->IE,KR-->IE,KR-->IE,KR-->IE,KR-->IE,KR-->IE,KR-->IE,KR-->IE,KR-->IE,KR-->IE,KR-->IE,KR-->IE,KR-->IE,,,,,,,,,,,,,,,,,IE-->KR,IE-->KR,IE-->KR,IE-->KR,IE-->KR,IE-->KR,IE-->KR,IE-->KR,IE-->KR,IE-->KR,IE-->KR,IE-->KR,IE-->KR,IE-->KR,IE-->KR,IE-->KR,IE-->KR,IE-->KR,IE-->KR
SS,SSD,South Sudan,Juba,Africa,Middle Africa,,SS-->IE,SS-->IE,SS-->IE,SS-->IE,SS-->IE,SS-->IE,SS-->IE,SS-->IE,SS-->IE,SS-->IE,SS-->IE,SS-->IE,SS-->IE,SS-->IE,SS-->IE,SS-->IE,SS-->IE,SS-->IE,SS-->IE,,,,,,,,,,,,,,,,,IE-->SS,IE-->SS,IE-->SS,IE-->SS,IE-->SS,IE-->SS,IE-->SS,IE-->SS,IE-->SS,IE-->SS,IE-->SS,IE-->SS,IE-->SS,IE-->SS,IE-->SS,IE-->SS,IE-->SS,IE-->SS,IE-->SS
ES,ESP,Spain,Madrid,Europe,Southern Europe,,ES-->IE,ES-->IE,ES-->IE,ES-->IE,ES-->IE,ES-->IE,ES-->IE,ES-->IE,ES-->IE,ES-->IE,ES-->IE,ES-->IE,ES-->IE,ES-->IE,ES-->IE,ES-->IE,ES-->IE,ES-->IE,ES-->IE,,,,,,,,,,,,,,,,,IE-->ES,IE-->ES,IE-->ES,IE-->ES,IE-->ES,IE-->ES,IE-->ES,IE-->ES,IE-->ES,IE-->ES,IE-->ES,IE-->ES,IE-->ES,IE-->ES,IE-->ES,IE-->ES,IE-->ES,IE-->ES,IE-->ES
LK,LKA,Sri Lanka,Colombo,Asia,Southern Asia,,LK-->IE,LK-->IE,LK-->IE,LK-->IE,LK-->IE,LK-->IE,LK-->IE,LK-->IE,LK-->IE,LK-->IE,LK-->IE,LK-->IE,LK-->IE,LK-->IE,LK-->IE,LK-->IE,LK-->IE,LK-->IE,LK-->IE,,,,,,,,,,,,,,,,,IE-->LK,IE-->LK,IE-->LK,IE-->LK,IE-->LK,IE-->LK,IE-->LK,IE-->LK,IE-->LK,IE-->LK,IE-->LK,IE-->LK,IE-->LK,IE-->LK,IE-->LK,IE-->LK,IE-->LK,IE-->LK,IE-->LK
SD,SDN,Sudan,Khartoum,Africa,Northern Africa,,SD-->IE,SD-->IE,SD-->IE,SD-->IE,SD-->IE,SD-->IE,SD-->IE,SD-->IE,SD-->IE,SD-->IE,SD-->IE,SD-->IE,SD-->IE,SD-->IE,SD-->IE,SD-->IE,SD-->IE,SD-->IE,SD-->IE,,,,,,,,,,,,,,,,,IE-->SD,IE-->SD,IE-->SD,IE-->SD,IE-->SD,IE-->SD,IE-->SD,IE-->SD,IE-->SD,IE-->SD,IE-->SD,IE-->SD,IE-->SD,IE-->SD,IE-->SD,IE-->SD,IE-->SD,IE-->SD,IE-->SD
SR,SUR,Suriname,Paramaribo,Americas,South America,,SR-->IE,SR-->IE,SR-->IE,SR-->IE,SR-->IE,SR-->IE,SR-->IE,SR-->IE,SR-->IE,SR-->IE,SR-->IE,SR-->IE,SR-->IE,SR-->IE,SR-->IE,SR-->IE,SR-->IE,SR-->IE,SR-->IE,,,,,,,,,,,,,,,,,IE-->SR,IE-->SR,IE-->SR,IE-->SR,IE-->SR,IE-->SR,IE-->SR,IE-->SR,IE-->SR,IE-->SR,IE-->SR,IE-->SR,IE-->SR,IE-->SR,IE-->SR,IE-->SR,IE-->SR,IE-->SR,IE-->SR
SJ,SJM,Svalbard and Jan Mayen,Longyearbyen,Europe,Northern Europe,,SJ-->IE,SJ-->IE,SJ-->IE,SJ-->IE,SJ-->IE,SJ-->IE,SJ-->IE,SJ-->IE,SJ-->IE,SJ-->IE,SJ-->IE,SJ-->IE,SJ-->IE,SJ-->IE,SJ-->IE,SJ-->IE,SJ-->IE,SJ-->IE,SJ-->IE,,,,,,,,,,,,,,,,,IE-->SJ,IE-->SJ,IE-->SJ,IE-->SJ,IE-->SJ,IE-->SJ,IE-->SJ,IE-->SJ,IE-->SJ,IE-->SJ,IE-->SJ,IE-->SJ,IE-->SJ,IE-->SJ,IE-->SJ,IE-->SJ,IE-->SJ,IE-->SJ,IE-->SJ
SZ,SWZ,Swaziland,Lobamba,Africa,Southern Africa,,SZ-->IE,SZ-->IE,SZ-->IE,SZ-->IE,SZ-->IE,SZ-->IE,SZ-->IE,SZ-->IE,SZ-->IE,SZ-->IE,SZ-->IE,SZ-->IE,SZ-->IE,SZ-->IE,SZ-->IE,SZ-->IE,SZ-->IE,SZ-->IE,SZ-->IE,,,,,,,,,,,,,,,,,IE-->SZ,IE-->SZ,IE-->SZ,IE-->SZ,IE-->SZ,IE-->SZ,IE-->SZ,IE-->SZ,IE-->SZ,IE-->SZ,IE-->SZ,IE-->SZ,IE-->SZ,IE-->SZ,IE-->SZ,IE-->SZ,IE-->SZ,IE-->SZ,IE-->SZ
SE,SWE,Sweden,Stockholm,Europe,Northern Europe,,SE-->IE,SE-->IE,SE-->IE,SE-->IE,SE-->IE,SE-->IE,SE-->IE,SE-->IE,SE-->IE,SE-->IE,SE-->IE,SE-->IE,SE-->IE,SE-->IE,SE-->IE,SE-->IE,SE-->IE,SE-->IE,SE-->IE,,,,,,,,,,,,,,,,,IE-->SE,IE-->SE,IE-->SE,IE-->SE,IE-->SE,IE-->SE,IE-->SE,IE-->SE,IE-->SE,IE-->SE,IE-->SE,IE-->SE,IE-->SE,IE-->SE,IE-->SE,IE-->SE,IE-->SE,IE-->SE,IE-->SE
CH,CHE,Switzerland,Bern,Europe,Western Europe,,CH-->IE,CH-->IE,CH-->IE,CH-->IE,CH-->IE,CH-->IE,CH-->IE,CH-->IE,CH-->IE,CH-->IE,CH-->IE,CH-->IE,CH-->IE,CH-->IE,CH-->IE,CH-->IE,CH-->IE,CH-->IE,CH-->IE,,,,,,,,,,,,,,,,,IE-->CH,IE-->CH,IE-->CH,IE-->CH,IE-->CH,IE-->CH,IE-->CH,IE-->CH,IE-->CH,IE-->CH,IE-->CH,IE-->CH,IE-->CH,IE-->CH,IE-->CH,IE-->CH,IE-->CH,IE-->CH,IE-->CH
SY,SYR,Syria,Damascus,Asia,Western Asia,,SY-->IE,SY-->IE,SY-->IE,SY-->IE,SY-->IE,SY-->IE,SY-->IE,SY-->IE,SY-->IE,SY-->IE,SY-->IE,SY-->IE,SY-->IE,SY-->IE,SY-->IE,SY-->IE,SY-->IE,SY-->IE,SY-->IE,,,,,,,,,,,,,,,,,IE-->SY,IE-->SY,IE-->SY,IE-->SY,IE-->SY,IE-->SY,IE-->SY,IE-->SY,IE-->SY,IE-->SY,IE-->SY,IE-->SY,IE-->SY,IE-->SY,IE-->SY,IE-->SY,IE-->SY,IE-->SY,IE-->SY
TW,TWN,Taiwan,Taipei,Asia,Eastern Asia,,TW-->IE,TW-->IE,TW-->IE,TW-->IE,TW-->IE,TW-->IE,TW-->IE,TW-->IE,TW-->IE,TW-->IE,TW-->IE,TW-->IE,TW-->IE,TW-->IE,TW-->IE,TW-->IE,TW-->IE,TW-->IE,TW-->IE,,,,,,,,,,,,,,,,,IE-->TW,IE-->TW,IE-->TW,IE-->TW,IE-->TW,IE-->TW,IE-->TW,IE-->TW,IE-->TW,IE-->TW,IE-->TW,IE-->TW,IE-->TW,IE-->TW,IE-->TW,IE-->TW,IE-->TW,IE-->TW,IE-->TW
TJ,TJK,Tajikistan,Dushanbe,Asia,Central Asia,,TJ-->IE,TJ-->IE,TJ-->IE,TJ-->IE,TJ-->IE,TJ-->IE,TJ-->IE,TJ-->IE,TJ-->IE,TJ-->IE,TJ-->IE,TJ-->IE,TJ-->IE,TJ-->IE,TJ-->IE,TJ-->IE,TJ-->IE,TJ-->IE,TJ-->IE,,,,,,,,,,,,,,,,,IE-->TJ,IE-->TJ,IE-->TJ,IE-->TJ,IE-->TJ,IE-->TJ,IE-->TJ,IE-->TJ,IE-->TJ,IE-->TJ,IE-->TJ,IE-->TJ,IE-->TJ,IE-->TJ,IE-->TJ,IE-->TJ,IE-->TJ,IE-->TJ,IE-->TJ
TZ,TZA,Tanzania,Dodoma,Africa,Eastern Africa,,TZ-->IE,TZ-->IE,TZ-->IE,TZ-->IE,TZ-->IE,TZ-->IE,TZ-->IE,TZ-->IE,TZ-->IE,TZ-->IE,TZ-->IE,TZ-->IE,TZ-->IE,TZ-->IE,TZ-->IE,TZ-->IE,TZ-->IE,TZ-->IE,TZ-->IE,,,,,,,,,,,,,,,,,IE-->TZ,IE-->TZ,IE-->TZ,IE-->TZ,IE-->TZ,IE-->TZ,IE-->TZ,IE-->TZ,IE-->TZ,IE-->TZ,IE-->TZ,IE-->TZ,IE-->TZ,IE-->TZ,IE-->TZ,IE-->TZ,IE-->TZ,IE-->TZ,IE-->TZ
TH,THA,Thailand,Bangkok,Asia,South-Eastern Asia,,TH-->IE,TH-->IE,TH-->IE,TH-->IE,TH-->IE,TH-->IE,TH-->IE,TH-->IE,TH-->IE,TH-->IE,TH-->IE,TH-->IE,TH-->IE,TH-->IE,TH-->IE,TH-->IE,TH-->IE,TH-->IE,TH-->IE,,,,,,,,,,,,,,,,,IE-->TH,IE-->TH,IE-->TH,IE-->TH,IE-->TH,IE-->TH,IE-->TH,IE-->TH,IE-->TH,IE-->TH,IE-->TH,IE-->TH,IE-->TH,IE-->TH,IE-->TH,IE-->TH,IE-->TH,IE-->TH,IE-->TH
TL,TLS,East Timor,Dili,Asia,South-Eastern Asia,,TL-->IE,TL-->IE,TL-->IE,TL-->IE,TL-->IE,TL-->IE,TL-->IE,TL-->IE,TL-->IE,TL-->IE,TL-->IE,TL-->IE,TL-->IE,TL-->IE,TL-->IE,TL-->IE,TL-->IE,TL-->IE,TL-->IE,,,,,,,,,,,,,,,,,IE-->TL,IE-->TL,IE-->TL,IE-->TL,IE-->TL,IE-->TL,IE-->TL,IE-->TL,IE-->TL,IE-->TL,IE-->TL,IE-->TL,IE-->TL,IE-->TL,IE-->TL,IE-->TL,IE-->TL,IE-->TL,IE-->TL
TG,TGO,Togo,Lomé,Africa,Western Africa,,TG-->IE,TG-->IE,TG-->IE,TG-->IE,TG-->IE,TG-->IE,TG-->IE,TG-->IE,TG-->IE,TG-->IE,TG-->IE,TG-->IE,TG-->IE,TG-->IE,TG-->IE,TG-->IE,TG-->IE,TG-->IE,TG-->IE,,,,,,,,,,,,,,,,,IE-->TG,IE-->TG,IE-->TG,IE-->TG,IE-->TG,IE-->TG,IE-->TG,IE-->TG,IE-->TG,IE-->TG,IE-->TG,IE-->TG,IE-->TG,IE-->TG,IE-->TG,IE-->TG,IE-->TG,IE-->TG,IE-->TG
TK,TKL,Tokelau,Fakaofo,Oceania,Polynesia,,TK-->IE,TK-->IE,TK-->IE,TK-->IE,TK-->IE,TK-->IE,TK-->IE,TK-->IE,TK-->IE,TK-->IE,TK-->IE,TK-->IE,TK-->IE,TK-->IE,TK-->IE,TK-->IE,TK-->IE,TK-->IE,TK-->IE,,,,,,,,,,,,,,,,,IE-->TK,IE-->TK,IE-->TK,IE-->TK,IE-->TK,IE-->TK,IE-->TK,IE-->TK,IE-->TK,IE-->TK,IE-->TK,IE-->TK,IE-->TK,IE-->TK,IE-->TK,IE-->TK,IE-->TK,IE-->TK,IE-->TK
TO,TON,Tonga,Nuku'alofa,Oceania,Polynesia,,TO-->IE,TO-->IE,TO-->IE,TO-->IE,TO-->IE,TO-->IE,TO-->IE,TO-->IE,TO-->IE,TO-->IE,TO-->IE,TO-->IE,TO-->IE,TO-->IE,TO-->IE,TO-->IE,TO-->IE,TO-->IE,TO-->IE,,,,,,,,,,,,,,,,,IE-->TO,IE-->TO,IE-->TO,IE-->TO,IE-->TO,IE-->TO,IE-->TO,IE-->TO,IE-->TO,IE-->TO,IE-->TO,IE-->TO,IE-->TO,IE-->TO,IE-->TO,IE-->TO,IE-->TO,IE-->TO,IE-->TO
TT,TTO,Trinidad and Tobago,Port of Spain,Americas,Caribbean,,TT-->IE,TT-->IE,TT-->IE,TT-->IE,TT-->IE,TT-->IE,TT-->IE,TT-->IE,TT-->IE,TT-->IE,TT-->IE,TT-->IE,TT-->IE,TT-->IE,TT-->IE,TT-->IE,TT-->IE,TT-->IE,TT-->IE,,,,,,,,,,,,,,,,,IE-->TT,IE-->TT,IE-->TT,IE-->TT,IE-->TT,IE-->TT,IE-->TT,IE-->TT,IE-->TT,IE-->TT,IE-->TT,IE-->TT,IE-->TT,IE-->TT,IE-->TT,IE-->TT,IE-->TT,IE-->TT,IE-->TT
TN,TUN,Tunisia,Tunis,Africa,Northern Africa,,TN-->IE,TN-->IE,TN-->IE,TN-->IE,TN-->IE,TN-->IE,TN-->IE,TN-->IE,TN-->IE,TN-->IE,TN-->IE,TN-->IE,TN-->IE,TN-->IE,TN-->IE,TN-->IE,TN-->IE,TN-->IE,TN-->IE,,,,,,,,,,,,,,,,,IE-->TN,IE-->TN,IE-->TN,IE-->TN,IE-->TN,IE-->TN,IE-->TN,IE-->TN,IE-->TN,IE-->TN,IE-->TN,IE-->TN,IE-->TN,IE-->TN,IE-->TN,IE-->TN,IE-->TN,IE-->TN,IE-->TN
TR,TUR,Turkey,Ankara,Asia,Western Asia,,TR-->IE,TR-->IE,TR-->IE,TR-->IE,TR-->IE,TR-->IE,TR-->IE,TR-->IE,TR-->IE,TR-->IE,TR-->IE,TR-->IE,TR-->IE,TR-->IE,TR-->IE,TR-->IE,TR-->IE,TR-->IE,TR-->IE,,,,,,,,,,,,,,,,,IE-->TR,IE-->TR,IE-->TR,IE-->TR,IE-->TR,IE-->TR,IE-->TR,IE-->TR,IE-->TR,IE-->TR,IE-->TR,IE-->TR,IE-->TR,IE-->TR,IE-->TR,IE-->TR,IE-->TR,IE-->TR,IE-->TR
TM,TKM,Turkmenistan,Ashgabat,Asia,Central Asia,,TM-->IE,TM-->IE,TM-->IE,TM-->IE,TM-->IE,TM-->IE,TM-->IE,TM-->IE,TM-->IE,TM-->IE,TM-->IE,TM-->IE,TM-->IE,TM-->IE,TM-->IE,TM-->IE,TM-->IE,TM-->IE,TM-->IE,,,,,,,,,,,,,,,,,IE-->TM,IE-->TM,IE-->TM,IE-->TM,IE-->TM,IE-->TM,IE-->TM,IE-->TM,IE-->TM,IE-->TM,IE-->TM,IE-->TM,IE-->TM,IE-->TM,IE-->TM,IE-->TM,IE-->TM,IE-->TM,IE-->TM
TC,TCA,Turks and Caicos Islands,Cockburn Town,Americas,Caribbean,,TC-->IE,TC-->IE,TC-->IE,TC-->IE,TC-->IE,TC-->IE,TC-->IE,TC-->IE,TC-->IE,TC-->IE,TC-->IE,TC-->IE,TC-->IE,TC-->IE,TC-->IE,TC-->IE,TC-->IE,TC-->IE,TC-->IE,,,,,,,,,,,,,,,,,IE-->TC,IE-->TC,IE-->TC,IE-->TC,IE-->TC,IE-->TC,IE-->TC,IE-->TC,IE-->TC,IE-->TC,IE-->TC,IE-->TC,IE-->TC,IE-->TC,IE-->TC,IE-->TC,IE-->TC,IE-->TC,IE-->TC
TV,TUV,Tuvalu,Funafuti,Oceania,Polynesia,,TV-->IE,TV-->IE,TV-->IE,TV-->IE,TV-->IE,TV-->IE,TV-->IE,TV-->IE,TV-->IE,TV-->IE,TV-->IE,TV-->IE,TV-->IE,TV-->IE,TV-->IE,TV-->IE,TV-->IE,TV-->IE,TV-->IE,,,,,,,,,,,,,,,,,IE-->TV,IE-->TV,IE-->TV,IE-->TV,IE-->TV,IE-->TV,IE-->TV,IE-->TV,IE-->TV,IE-->TV,IE-->TV,IE-->TV,IE-->TV,IE-->TV,IE-->TV,IE-->TV,IE-->TV,IE-->TV,IE-->TV
UG,UGA,Uganda,Kampala,Africa,Eastern Africa,,UG-->IE,UG-->IE,UG-->IE,UG-->IE,UG-->IE,UG-->IE,UG-->IE,UG-->IE,UG-->IE,UG-->IE,UG-->IE,UG-->IE,UG-->IE,UG-->IE,UG-->IE,UG-->IE,UG-->IE,UG-->IE,UG-->IE,,,,,,,,,,,,,,,,,IE-->UG,IE-->UG,IE-->UG,IE-->UG,IE-->UG,IE-->UG,IE-->UG,IE-->UG,IE-->UG,IE-->UG,IE-->UG,IE-->UG,IE-->UG,IE-->UG,IE-->UG,IE-->UG,IE-->UG,IE-->UG,IE-->UG
UA,UKR,Ukraine,Kiev,Europe,Eastern Europe,,UA-->IE,UA-->IE,UA-->IE,UA-->IE,UA-->IE,UA-->IE,UA-->IE,UA-->IE,UA-->IE,UA-->IE,UA-->IE,UA-->IE,UA-->IE,UA-->IE,UA-->IE,UA-->IE,UA-->IE,UA-->IE,UA-->IE,,,,,,,,,,,,,,,,,IE-->UA,IE-->UA,IE-->UA,IE-->UA,IE-->UA,IE-->UA,IE-->UA,IE-->UA,IE-->UA,IE-->UA,IE-->UA,IE-->UA,IE-->UA,IE-->UA,IE-->UA,IE-->UA,IE-->UA,IE-->UA,IE-->UA
AE,ARE,United Arab Emirates,Abu Dhabi,Asia,Western Asia,,AE-->IE,AE-->IE,AE-->IE,AE-->IE,AE-->IE,AE-->IE,AE-->IE,AE-->IE,AE-->IE,AE-->IE,AE-->IE,AE-->IE,AE-->IE,AE-->IE,AE-->IE,AE-->IE,AE-->IE,AE-->IE,AE-->IE,,,,,,,,,,,,,,,,,IE-->AE,IE-->AE,IE-->AE,IE-->AE,IE-->AE,IE-->AE,IE-->AE,IE-->AE,IE-->AE,IE-->AE,IE-->AE,IE-->AE,IE-->AE,IE-->AE,IE-->AE,IE-->AE,IE-->AE,IE-->AE,IE-->AE
GB,GBR,United Kingdom,London,Europe,Northern Europe,,GB-->IE,GB-->IE,GB-->IE,GB-->IE,GB-->IE,GB-->IE,GB-->IE,GB-->IE,GB-->IE,GB-->IE,GB-->IE,GB-->IE,GB-->IE,GB-->IE,GB-->IE,GB-->IE,GB-->IE,GB-->IE,GB-->IE,,,,,,,,,,,,,,,,,IE-->GB,IE-->GB,IE-->GB,IE-->GB,IE-->GB,IE-->GB,IE-->GB,IE-->GB,IE-->GB,IE-->GB,IE-->GB,IE-->GB,IE-->GB,IE-->GB,IE-->GB,IE-->GB,IE-->GB,IE-->GB,IE-->GB
US,USA,United States,"Washington, D.C.",Americas,Northern America,,US-->IE,US-->IE,US-->IE,US-->IE,US-->IE,US-->IE,US-->IE,US-->IE,US-->IE,US-->IE,US-->IE,US-->IE,US-->IE,US-->IE,US-->IE,US-->IE,US-->IE,US-->IE,US-->IE,,,,,,,,,,,,,,,,,IE-->US,IE-->US,IE-->US,IE-->US,IE-->US,IE-->US,IE-->US,IE-->US,IE-->US,IE-->US,IE-->US,IE-->US,IE-->US,IE-->US,IE-->US,IE-->US,IE-->US,IE-->US,IE-->US
UY,URY,Uruguay,Montevideo,Americas,South America,,UY-->IE,UY-->IE,UY-->IE,UY-->IE,UY-->IE,UY-->IE,UY-->IE,UY-->IE,UY-->IE,UY-->IE,UY-->IE,UY-->IE,UY-->IE,UY-->IE,UY-->IE,UY-->IE,UY-->IE,UY-->IE,UY-->IE,,,,,,,,,,,,,,,,,IE-->UY,IE-->UY,IE-->UY,IE-->UY,IE-->UY,IE-->UY,IE-->UY,IE-->UY,IE-->UY,IE-->UY,IE-->UY,IE-->UY,IE-->UY,IE-->UY,IE-->UY,IE-->UY,IE-->UY,IE-->UY,IE-->UY
UZ,UZB,Uzbekistan,Tashkent,Asia,Central Asia,,UZ-->IE,UZ-->IE,UZ-->IE,UZ-->IE,UZ-->IE,UZ-->IE,UZ-->IE,UZ-->IE,UZ-->IE,UZ-->IE,UZ-->IE,UZ-->IE,UZ-->IE,UZ-->IE,UZ-->IE,UZ-->IE,UZ-->IE,UZ-->IE,UZ-->IE,,,,,,,,,,,,,,,,,IE-->UZ,IE-->UZ,IE-->UZ,IE-->UZ,IE-->UZ,IE-->UZ,IE-->UZ,IE-->UZ,IE-->UZ,IE-->UZ,IE-->UZ,IE-->UZ,IE-->UZ,IE-->UZ,IE-->UZ,IE-->UZ,IE-->UZ,IE-->UZ,IE-->UZ
VU,VUT,Vanuatu,Port Vila,Oceania,Melanesia,,VU-->IE,VU-->IE,VU-->IE,VU-->IE,VU-->IE,VU-->IE,VU-->IE,VU-->IE,VU-->IE,VU-->IE,VU-->IE,VU-->IE,VU-->IE,VU-->IE,VU-->IE,VU-->IE,VU-->IE,VU-->IE,VU-->IE,,,,,,,,,,,,,,,,,IE-->VU,IE-->VU,IE-->VU,IE-->VU,IE-->VU,IE-->VU,IE-->VU,IE-->VU,IE-->VU,IE-->VU,IE-->VU,IE-->VU,IE-->VU,IE-->VU,IE-->VU,IE-->VU,IE-->VU,IE-->VU,IE-->VU
VE,VEN,Venezuela,Caracas,Americas,South America,,VE-->IE,VE-->IE,VE-->IE,VE-->IE,VE-->IE,VE-->IE,VE-->IE,VE-->IE,VE-->IE,VE-->IE,VE-->IE,VE-->IE,VE-->IE,VE-->IE,VE-->IE,VE-->IE,VE-->IE,VE-->IE,VE-->IE,,,,,,,,,,,,,,,,,IE-->VE,IE-->VE,IE-->VE,IE-->VE,IE-->VE,IE-->VE,IE-->VE,IE-->VE,IE-->VE,IE-->VE,IE-->VE,IE-->VE,IE-->VE,IE-->VE,IE-->VE,IE-->VE,IE-->VE,IE-->VE,IE-->VE
VN,VNM,Vietnam,Hanoi,Asia,South-Eastern Asia,,VN-->IE,VN-->IE,VN-->IE,VN-->IE,VN-->IE,VN-->IE,VN-->IE,VN-->IE,VN-->IE,VN-->IE,VN-->IE,VN-->IE,VN-->IE,VN-->IE,VN-->IE,VN-->IE,VN-->IE,VN-->IE,VN-->IE,,,,,,,,,,,,,,,,,IE-->VN,IE-->VN,IE-->VN,IE-->VN,IE-->VN,IE-->VN,IE-->VN,IE-->VN,IE-->VN,IE-->VN,IE-->VN,IE-->VN,IE-->VN,IE-->VN,IE-->VN,IE-->VN,IE-->VN,IE-->VN,IE-->VN
WF,WLF,Wallis and Futuna,Mata-Utu,Oceania,Polynesia,,WF-->IE,WF-->IE,WF-->IE,WF-->IE,WF-->IE,WF-->IE,WF-->IE,WF-->IE,WF-->IE,WF-->IE,WF-->IE,WF-->IE,WF-->IE,WF-->IE,WF-->IE,WF-->IE,WF-->IE,WF-->IE,WF-->IE,,,,,,,,,,,,,,,,,IE-->WF,IE-->WF,IE-->WF,IE-->WF,IE-->WF,IE-->WF,IE-->WF,IE-->WF,IE-->WF,IE-->WF,IE-->WF,IE-->WF,IE-->WF,IE-->WF,IE-->WF,IE-->WF,IE-->WF,IE-->WF,IE-->WF
EH,ESH,Western Sahara,El Aaiún,Africa,Northern Africa,,EH-->IE,EH-->IE,EH-->IE,EH-->IE,EH-->IE,EH-->IE,EH-->IE,EH-->IE,EH-->IE,EH-->IE,EH-->IE,EH-->IE,EH-->IE,EH-->IE,EH-->IE,EH-->IE,EH-->IE,EH-->IE,EH-->IE,,,,,,,,,,,,,,,,,IE-->EH,IE-->EH,IE-->EH,IE-->EH,IE-->EH,IE-->EH,IE-->EH,IE-->EH,IE-->EH,IE-->EH,IE-->EH,IE-->EH,IE-->EH,IE-->EH,IE-->EH,IE-->EH,IE-->EH,IE-->EH,IE-->EH
YE,YEM,Yemen,Sana'a,Asia,Western Asia,,YE-->IE,YE-->IE,YE-->IE,YE-->IE,YE-->IE,YE-->IE,YE-->IE,YE-->IE,YE-->IE,YE-->IE,YE-->IE,YE-->IE,YE-->IE,YE-->IE,YE-->IE,YE-->IE,YE-->IE,YE-->IE,YE-->IE,,,,,,,,,,,,,,,,,IE-->YE,IE-->YE,IE-->YE,IE-->YE,IE-->YE,IE-->YE,IE-->YE,IE-->YE,IE-->YE,IE-->YE,IE-->YE,IE-->YE,IE-->YE,IE-->YE,IE-->YE,IE-->YE,IE-->YE,IE-->YE,IE-->YE
ZM,ZMB,Zambia,Lusaka,Africa,Eastern Africa,,ZM-->IE,ZM-->IE,ZM-->IE,ZM-->IE,ZM-->IE,ZM-->IE,ZM-->IE,ZM-->IE,ZM-->IE,ZM-->IE,ZM-->IE,ZM-->IE,ZM-->IE,ZM-->IE,ZM-->IE,ZM-->IE,ZM-->IE,ZM-->IE,ZM-->IE,,,,,,,,,,,,,,,,,IE-->ZM,IE-->ZM,IE-->ZM,IE-->ZM,IE-->ZM,IE-->ZM,IE-->ZM,IE-->ZM,IE-->ZM,IE-->ZM,IE-->ZM,IE-->ZM,IE-->ZM,IE-->ZM,IE-->ZM,IE-->ZM,IE-->ZM,IE-->ZM,IE-->ZM
ZW,ZWE,Zimbabwe,Harare,Africa,Eastern Africa,,ZW-->IE,ZW-->IE,ZW-->IE,ZW-->IE,ZW-->IE,ZW-->IE,ZW-->IE,ZW-->IE,ZW-->IE,ZW-->IE,ZW-->IE,ZW-->IE,ZW-->IE,ZW-->IE,ZW-->IE,ZW-->IE,ZW-->IE,ZW-->IE,ZW-->IE,,,,,,,,,,,,,,,,,IE-->ZW,IE-->ZW,IE-->ZW,IE-->ZW,IE-->ZW,IE-->ZW,IE-->ZW,IE-->ZW,IE-->ZW,IE-->ZW,IE-->ZW,IE-->ZW,IE-->ZW,IE-->ZW,IE-->ZW,IE-->ZW,IE-->ZW,IE-->ZW,IE-->ZW
