nu,code,name,capital,region,subregion,Unnamed: 6,quara/into/where/e,quara/into/where/v,quara/into/where/uv,quara/into/min/e,quara/into/min/v,quara/into/min/uv,quara/into/max/e,quara/into/max/v,quara/into/max/uv,quara/into/comment,test/into/pcr/e,test/into/pcr/v,test/into/pcr/uv,test/into/ag/e,test/into/ag/v,test/into/ag/uv,test/into/comment,visa/into,visa/into/comment,loadStates/into,Unnamed: 27,Unnamed: 28,Unnamed: 29,Unnamed: 30,Unnamed: 31,Unnamed: 32,Unnamed: 33,Unnamed: 34,Unnamed: 35,Unnamed: 36,Unnamed: 37,Unnamed: 38,Unnamed: 39,Unnamed: 40,Unnamed: 41,quara/out/where/e,quara/out/where/v,quara/out/where/uv,quara/out/min/e,quara/out/min/v,quara/out/min/uv,quara/out/max/e,quara/out/max/v,quara/out/max/uv,quara/out/comment,test/out/pcr/e,test/out/pcr/v,test/out/pcr/uv,test/out/ag/e,test/out/ag/v,test/out/ag/uv,test/out/comment,visa/out,visa/out/comment
AF,AFG,Afghanistan,Kabul,Asia,Southern Asia,,AF-->PL,AF-->PL,AF-->PL,AF-->PL,AF-->PL,AF-->PL,AF-->PL,AF-->PL,AF-->PL,AF-->PL,AF-->PL,AF-->PL,AF-->PL,AF-->PL,AF-->PL,AF-->PL,AF-->PL,AF-->PL,AF-->PL,,,,,,,,,,,,,,,,,PL-->AF,PL-->AF,PL-->AF,PL-->AF,PL-->AF,PL-->AF,PL-->AF,PL-->AF,PL-->AF,PL-->AF,PL-->AF,PL-->AF,PL-->AF,PL-->AF,PL-->AF,PL-->AF,PL-->AF,PL-->AF,PL-->AF
AX,ALA,Åland Islands,Mariehamn,Europe,Northern Europe,,AX-->PL,AX-->PL,AX-->PL,AX-->PL,AX-->PL,AX-->PL,AX-->PL,AX-->PL,AX-->PL,AX-->PL,AX-->PL,AX-->PL,AX-->PL,AX-->PL,AX-->PL,AX-->PL,AX-->PL,AX-->PL,AX-->PL,,,,,,,,,,,,,,,,,PL-->AX,PL-->AX,PL-->AX,PL-->AX,PL-->AX,PL-->AX,PL-->AX,PL-->AX,PL-->AX,PL-->AX,PL-->AX,PL-->AX,PL-->AX,PL-->AX,PL-->AX,PL-->AX,PL-->AX,PL-->AX,PL-->AX
AL,ALB,Albania,Tirana,Europe,Southern Europe,,AL-->PL,AL-->PL,AL-->PL,AL-->PL,AL-->PL,AL-->PL,AL-->PL,AL-->PL,AL-->PL,AL-->PL,AL-->PL,AL-->PL,AL-->PL,AL-->PL,AL-->PL,AL-->PL,AL-->PL,AL-->PL,AL-->PL,,,,,,,,,,,,,,,,,PL-->AL,PL-->AL,PL-->AL,PL-->AL,PL-->AL,PL-->AL,PL-->AL,PL-->AL,PL-->AL,PL-->AL,PL-->AL,PL-->AL,PL-->AL,PL-->AL,PL-->AL,PL-->AL,PL-->AL,PL-->AL,PL-->AL
DZ,DZA,Algeria,Algiers,Africa,Northern Africa,,DZ-->PL,DZ-->PL,DZ-->PL,DZ-->PL,DZ-->PL,DZ-->PL,DZ-->PL,DZ-->PL,DZ-->PL,DZ-->PL,DZ-->PL,DZ-->PL,DZ-->PL,DZ-->PL,DZ-->PL,DZ-->PL,DZ-->PL,DZ-->PL,DZ-->PL,,,,,,,,,,,,,,,,,PL-->DZ,PL-->DZ,PL-->DZ,PL-->DZ,PL-->DZ,PL-->DZ,PL-->DZ,PL-->DZ,PL-->DZ,PL-->DZ,PL-->DZ,PL-->DZ,PL-->DZ,PL-->DZ,PL-->DZ,PL-->DZ,PL-->DZ,PL-->DZ,PL-->DZ
AS,ASM,American Samoa,Pago Pago,Oceania,Polynesia,,AS-->PL,AS-->PL,AS-->PL,AS-->PL,AS-->PL,AS-->PL,AS-->PL,AS-->PL,AS-->PL,AS-->PL,AS-->PL,AS-->PL,AS-->PL,AS-->PL,AS-->PL,AS-->PL,AS-->PL,AS-->PL,AS-->PL,,,,,,,,,,,,,,,,,PL-->AS,PL-->AS,PL-->AS,PL-->AS,PL-->AS,PL-->AS,PL-->AS,PL-->AS,PL-->AS,PL-->AS,PL-->AS,PL-->AS,PL-->AS,PL-->AS,PL-->AS,PL-->AS,PL-->AS,PL-->AS,PL-->AS
AD,AND,Andorra,Andorra la Vella,Europe,Southern Europe,,AD-->PL,AD-->PL,AD-->PL,AD-->PL,AD-->PL,AD-->PL,AD-->PL,AD-->PL,AD-->PL,AD-->PL,AD-->PL,AD-->PL,AD-->PL,AD-->PL,AD-->PL,AD-->PL,AD-->PL,AD-->PL,AD-->PL,,,,,,,,,,,,,,,,,PL-->AD,PL-->AD,PL-->AD,PL-->AD,PL-->AD,PL-->AD,PL-->AD,PL-->AD,PL-->AD,PL-->AD,PL-->AD,PL-->AD,PL-->AD,PL-->AD,PL-->AD,PL-->AD,PL-->AD,PL-->AD,PL-->AD
AO,AGO,Angola,Luanda,Africa,Middle Africa,,AO-->PL,AO-->PL,AO-->PL,AO-->PL,AO-->PL,AO-->PL,AO-->PL,AO-->PL,AO-->PL,AO-->PL,AO-->PL,AO-->PL,AO-->PL,AO-->PL,AO-->PL,AO-->PL,AO-->PL,AO-->PL,AO-->PL,,,,,,,,,,,,,,,,,PL-->AO,PL-->AO,PL-->AO,PL-->AO,PL-->AO,PL-->AO,PL-->AO,PL-->AO,PL-->AO,PL-->AO,PL-->AO,PL-->AO,PL-->AO,PL-->AO,PL-->AO,PL-->AO,PL-->AO,PL-->AO,PL-->AO
AI,AIA,Anguilla,The Valley,Americas,Caribbean,,AI-->PL,AI-->PL,AI-->PL,AI-->PL,AI-->PL,AI-->PL,AI-->PL,AI-->PL,AI-->PL,AI-->PL,AI-->PL,AI-->PL,AI-->PL,AI-->PL,AI-->PL,AI-->PL,AI-->PL,AI-->PL,AI-->PL,,,,,,,,,,,,,,,,,PL-->AI,PL-->AI,PL-->AI,PL-->AI,PL-->AI,PL-->AI,PL-->AI,PL-->AI,PL-->AI,PL-->AI,PL-->AI,PL-->AI,PL-->AI,PL-->AI,PL-->AI,PL-->AI,PL-->AI,PL-->AI,PL-->AI
AQ,ATA,Antarctica,,Polar,,,AQ-->PL,AQ-->PL,AQ-->PL,AQ-->PL,AQ-->PL,AQ-->PL,AQ-->PL,AQ-->PL,AQ-->PL,AQ-->PL,AQ-->PL,AQ-->PL,AQ-->PL,AQ-->PL,AQ-->PL,AQ-->PL,AQ-->PL,AQ-->PL,AQ-->PL,,,,,,,,,,,,,,,,,PL-->AQ,PL-->AQ,PL-->AQ,PL-->AQ,PL-->AQ,PL-->AQ,PL-->AQ,PL-->AQ,PL-->AQ,PL-->AQ,PL-->AQ,PL-->AQ,PL-->AQ,PL-->AQ,PL-->AQ,PL-->AQ,PL-->AQ,PL-->AQ,PL-->AQ
AG,ATG,Antigua and Barbuda,Saint John's,Americas,Caribbean,,AG-->PL,AG-->PL,AG-->PL,AG-->PL,AG-->PL,AG-->PL,AG-->PL,AG-->PL,AG-->PL,AG-->PL,AG-->PL,AG-->PL,AG-->PL,AG-->PL,AG-->PL,AG-->PL,AG-->PL,AG-->PL,AG-->PL,,,,,,,,,,,,,,,,,PL-->AG,PL-->AG,PL-->AG,PL-->AG,PL-->AG,PL-->AG,PL-->AG,PL-->AG,PL-->AG,PL-->AG,PL-->AG,PL-->AG,PL-->AG,PL-->AG,PL-->AG,PL-->AG,PL-->AG,PL-->AG,PL-->AG
AR,ARG,Argentina,Buenos Aires,Americas,South America,,AR-->PL,AR-->PL,AR-->PL,AR-->PL,AR-->PL,AR-->PL,AR-->PL,AR-->PL,AR-->PL,AR-->PL,AR-->PL,AR-->PL,AR-->PL,AR-->PL,AR-->PL,AR-->PL,AR-->PL,AR-->PL,AR-->PL,,,,,,,,,,,,,,,,,PL-->AR,PL-->AR,PL-->AR,PL-->AR,PL-->AR,PL-->AR,PL-->AR,PL-->AR,PL-->AR,PL-->AR,PL-->AR,PL-->AR,PL-->AR,PL-->AR,PL-->AR,PL-->AR,PL-->AR,PL-->AR,PL-->AR
AM,ARM,Armenia,Yerevan,Asia,Western Asia,,AM-->PL,AM-->PL,AM-->PL,AM-->PL,AM-->PL,AM-->PL,AM-->PL,AM-->PL,AM-->PL,AM-->PL,AM-->PL,AM-->PL,AM-->PL,AM-->PL,AM-->PL,AM-->PL,AM-->PL,AM-->PL,AM-->PL,,,,,,,,,,,,,,,,,PL-->AM,PL-->AM,PL-->AM,PL-->AM,PL-->AM,PL-->AM,PL-->AM,PL-->AM,PL-->AM,PL-->AM,PL-->AM,PL-->AM,PL-->AM,PL-->AM,PL-->AM,PL-->AM,PL-->AM,PL-->AM,PL-->AM
AW,ABW,Aruba,Oranjestad,Americas,Caribbean,,AW-->PL,AW-->PL,AW-->PL,AW-->PL,AW-->PL,AW-->PL,AW-->PL,AW-->PL,AW-->PL,AW-->PL,AW-->PL,AW-->PL,AW-->PL,AW-->PL,AW-->PL,AW-->PL,AW-->PL,AW-->PL,AW-->PL,,,,,,,,,,,,,,,,,PL-->AW,PL-->AW,PL-->AW,PL-->AW,PL-->AW,PL-->AW,PL-->AW,PL-->AW,PL-->AW,PL-->AW,PL-->AW,PL-->AW,PL-->AW,PL-->AW,PL-->AW,PL-->AW,PL-->AW,PL-->AW,PL-->AW
AU,AUS,Australia,Canberra,Oceania,Australia and New Zealand,,AU-->PL,AU-->PL,AU-->PL,AU-->PL,AU-->PL,AU-->PL,AU-->PL,AU-->PL,AU-->PL,AU-->PL,AU-->PL,AU-->PL,AU-->PL,AU-->PL,AU-->PL,AU-->PL,AU-->PL,AU-->PL,AU-->PL,,,,,,,,,,,,,,,,,PL-->AU,PL-->AU,PL-->AU,PL-->AU,PL-->AU,PL-->AU,PL-->AU,PL-->AU,PL-->AU,PL-->AU,PL-->AU,PL-->AU,PL-->AU,PL-->AU,PL-->AU,PL-->AU,PL-->AU,PL-->AU,PL-->AU
AT,AUT,Austria,Vienna,Europe,Western Europe,,AT-->PL,AT-->PL,AT-->PL,AT-->PL,AT-->PL,AT-->PL,AT-->PL,AT-->PL,AT-->PL,AT-->PL,AT-->PL,AT-->PL,AT-->PL,AT-->PL,AT-->PL,AT-->PL,AT-->PL,AT-->PL,AT-->PL,,,,,,,,,,,,,,,,,PL-->AT,PL-->AT,PL-->AT,PL-->AT,PL-->AT,PL-->AT,PL-->AT,PL-->AT,PL-->AT,PL-->AT,PL-->AT,PL-->AT,PL-->AT,PL-->AT,PL-->AT,PL-->AT,PL-->AT,PL-->AT,PL-->AT
AZ,AZE,Azerbaijan,Baku,Asia,Western Asia,,AZ-->PL,AZ-->PL,AZ-->PL,AZ-->PL,AZ-->PL,AZ-->PL,AZ-->PL,AZ-->PL,AZ-->PL,AZ-->PL,AZ-->PL,AZ-->PL,AZ-->PL,AZ-->PL,AZ-->PL,AZ-->PL,AZ-->PL,AZ-->PL,AZ-->PL,,,,,,,,,,,,,,,,,PL-->AZ,PL-->AZ,PL-->AZ,PL-->AZ,PL-->AZ,PL-->AZ,PL-->AZ,PL-->AZ,PL-->AZ,PL-->AZ,PL-->AZ,PL-->AZ,PL-->AZ,PL-->AZ,PL-->AZ,PL-->AZ,PL-->AZ,PL-->AZ,PL-->AZ
BS,BHS,The Bahamas,Nassau,Americas,Caribbean,,BS-->PL,BS-->PL,BS-->PL,BS-->PL,BS-->PL,BS-->PL,BS-->PL,BS-->PL,BS-->PL,BS-->PL,BS-->PL,BS-->PL,BS-->PL,BS-->PL,BS-->PL,BS-->PL,BS-->PL,BS-->PL,BS-->PL,,,,,,,,,,,,,,,,,PL-->BS,PL-->BS,PL-->BS,PL-->BS,PL-->BS,PL-->BS,PL-->BS,PL-->BS,PL-->BS,PL-->BS,PL-->BS,PL-->BS,PL-->BS,PL-->BS,PL-->BS,PL-->BS,PL-->BS,PL-->BS,PL-->BS
BH,BHR,Bahrain,Manama,Asia,Western Asia,,BH-->PL,BH-->PL,BH-->PL,BH-->PL,BH-->PL,BH-->PL,BH-->PL,BH-->PL,BH-->PL,BH-->PL,BH-->PL,BH-->PL,BH-->PL,BH-->PL,BH-->PL,BH-->PL,BH-->PL,BH-->PL,BH-->PL,,,,,,,,,,,,,,,,,PL-->BH,PL-->BH,PL-->BH,PL-->BH,PL-->BH,PL-->BH,PL-->BH,PL-->BH,PL-->BH,PL-->BH,PL-->BH,PL-->BH,PL-->BH,PL-->BH,PL-->BH,PL-->BH,PL-->BH,PL-->BH,PL-->BH
BD,BGD,Bangladesh,Dhaka,Asia,Southern Asia,,BD-->PL,BD-->PL,BD-->PL,BD-->PL,BD-->PL,BD-->PL,BD-->PL,BD-->PL,BD-->PL,BD-->PL,BD-->PL,BD-->PL,BD-->PL,BD-->PL,BD-->PL,BD-->PL,BD-->PL,BD-->PL,BD-->PL,,,,,,,,,,,,,,,,,PL-->BD,PL-->BD,PL-->BD,PL-->BD,PL-->BD,PL-->BD,PL-->BD,PL-->BD,PL-->BD,PL-->BD,PL-->BD,PL-->BD,PL-->BD,PL-->BD,PL-->BD,PL-->BD,PL-->BD,PL-->BD,PL-->BD
BB,BRB,Barbados,Bridgetown,Americas,Caribbean,,BB-->PL,BB-->PL,BB-->PL,BB-->PL,BB-->PL,BB-->PL,BB-->PL,BB-->PL,BB-->PL,BB-->PL,BB-->PL,BB-->PL,BB-->PL,BB-->PL,BB-->PL,BB-->PL,BB-->PL,BB-->PL,BB-->PL,,,,,,,,,,,,,,,,,PL-->BB,PL-->BB,PL-->BB,PL-->BB,PL-->BB,PL-->BB,PL-->BB,PL-->BB,PL-->BB,PL-->BB,PL-->BB,PL-->BB,PL-->BB,PL-->BB,PL-->BB,PL-->BB,PL-->BB,PL-->BB,PL-->BB
BY,BLR,Belarus,Minsk,Europe,Eastern Europe,,BY-->PL,BY-->PL,BY-->PL,BY-->PL,BY-->PL,BY-->PL,BY-->PL,BY-->PL,BY-->PL,BY-->PL,BY-->PL,BY-->PL,BY-->PL,BY-->PL,BY-->PL,BY-->PL,BY-->PL,BY-->PL,BY-->PL,,,,,,,,,,,,,,,,,PL-->BY,PL-->BY,PL-->BY,PL-->BY,PL-->BY,PL-->BY,PL-->BY,PL-->BY,PL-->BY,PL-->BY,PL-->BY,PL-->BY,PL-->BY,PL-->BY,PL-->BY,PL-->BY,PL-->BY,PL-->BY,PL-->BY
BE,BEL,Belgium,Brussels,Europe,Western Europe,,BE-->PL,BE-->PL,BE-->PL,BE-->PL,BE-->PL,BE-->PL,BE-->PL,BE-->PL,BE-->PL,BE-->PL,BE-->PL,BE-->PL,BE-->PL,BE-->PL,BE-->PL,BE-->PL,BE-->PL,BE-->PL,BE-->PL,,,,,,,,,,,,,,,,,PL-->BE,PL-->BE,PL-->BE,PL-->BE,PL-->BE,PL-->BE,PL-->BE,PL-->BE,PL-->BE,PL-->BE,PL-->BE,PL-->BE,PL-->BE,PL-->BE,PL-->BE,PL-->BE,PL-->BE,PL-->BE,PL-->BE
BZ,BLZ,Belize,Belmopan,Americas,Central America,,BZ-->PL,BZ-->PL,BZ-->PL,BZ-->PL,BZ-->PL,BZ-->PL,BZ-->PL,BZ-->PL,BZ-->PL,BZ-->PL,BZ-->PL,BZ-->PL,BZ-->PL,BZ-->PL,BZ-->PL,BZ-->PL,BZ-->PL,BZ-->PL,BZ-->PL,,,,,,,,,,,,,,,,,PL-->BZ,PL-->BZ,PL-->BZ,PL-->BZ,PL-->BZ,PL-->BZ,PL-->BZ,PL-->BZ,PL-->BZ,PL-->BZ,PL-->BZ,PL-->BZ,PL-->BZ,PL-->BZ,PL-->BZ,PL-->BZ,PL-->BZ,PL-->BZ,PL-->BZ
BJ,BEN,Benin,Porto-Novo,Africa,Western Africa,,BJ-->PL,BJ-->PL,BJ-->PL,BJ-->PL,BJ-->PL,BJ-->PL,BJ-->PL,BJ-->PL,BJ-->PL,BJ-->PL,BJ-->PL,BJ-->PL,BJ-->PL,BJ-->PL,BJ-->PL,BJ-->PL,BJ-->PL,BJ-->PL,BJ-->PL,,,,,,,,,,,,,,,,,PL-->BJ,PL-->BJ,PL-->BJ,PL-->BJ,PL-->BJ,PL-->BJ,PL-->BJ,PL-->BJ,PL-->BJ,PL-->BJ,PL-->BJ,PL-->BJ,PL-->BJ,PL-->BJ,PL-->BJ,PL-->BJ,PL-->BJ,PL-->BJ,PL-->BJ
BM,BMU,Bermuda,Hamilton,Americas,Northern America,,BM-->PL,BM-->PL,BM-->PL,BM-->PL,BM-->PL,BM-->PL,BM-->PL,BM-->PL,BM-->PL,BM-->PL,BM-->PL,BM-->PL,BM-->PL,BM-->PL,BM-->PL,BM-->PL,BM-->PL,BM-->PL,BM-->PL,,,,,,,,,,,,,,,,,PL-->BM,PL-->BM,PL-->BM,PL-->BM,PL-->BM,PL-->BM,PL-->BM,PL-->BM,PL-->BM,PL-->BM,PL-->BM,PL-->BM,PL-->BM,PL-->BM,PL-->BM,PL-->BM,PL-->BM,PL-->BM,PL-->BM
BT,BTN,Bhutan,Thimphu,Asia,Southern Asia,,BT-->PL,BT-->PL,BT-->PL,BT-->PL,BT-->PL,BT-->PL,BT-->PL,BT-->PL,BT-->PL,BT-->PL,BT-->PL,BT-->PL,BT-->PL,BT-->PL,BT-->PL,BT-->PL,BT-->PL,BT-->PL,BT-->PL,,,,,,,,,,,,,,,,,PL-->BT,PL-->BT,PL-->BT,PL-->BT,PL-->BT,PL-->BT,PL-->BT,PL-->BT,PL-->BT,PL-->BT,PL-->BT,PL-->BT,PL-->BT,PL-->BT,PL-->BT,PL-->BT,PL-->BT,PL-->BT,PL-->BT
BO,BOL,Bolivia,Sucre,Americas,South America,,BO-->PL,BO-->PL,BO-->PL,BO-->PL,BO-->PL,BO-->PL,BO-->PL,BO-->PL,BO-->PL,BO-->PL,BO-->PL,BO-->PL,BO-->PL,BO-->PL,BO-->PL,BO-->PL,BO-->PL,BO-->PL,BO-->PL,,,,,,,,,,,,,,,,,PL-->BO,PL-->BO,PL-->BO,PL-->BO,PL-->BO,PL-->BO,PL-->BO,PL-->BO,PL-->BO,PL-->BO,PL-->BO,PL-->BO,PL-->BO,PL-->BO,PL-->BO,PL-->BO,PL-->BO,PL-->BO,PL-->BO
BQ,BES,Bonaire,Kralendijk,Americas,Caribbean,,BQ-->PL,BQ-->PL,BQ-->PL,BQ-->PL,BQ-->PL,BQ-->PL,BQ-->PL,BQ-->PL,BQ-->PL,BQ-->PL,BQ-->PL,BQ-->PL,BQ-->PL,BQ-->PL,BQ-->PL,BQ-->PL,BQ-->PL,BQ-->PL,BQ-->PL,,,,,,,,,,,,,,,,,PL-->BQ,PL-->BQ,PL-->BQ,PL-->BQ,PL-->BQ,PL-->BQ,PL-->BQ,PL-->BQ,PL-->BQ,PL-->BQ,PL-->BQ,PL-->BQ,PL-->BQ,PL-->BQ,PL-->BQ,PL-->BQ,PL-->BQ,PL-->BQ,PL-->BQ
BA,BIH,Bosnia and Herzegovina,Sarajevo,Europe,Southern Europe,,BA-->PL,BA-->PL,BA-->PL,BA-->PL,BA-->PL,BA-->PL,BA-->PL,BA-->PL,BA-->PL,BA-->PL,BA-->PL,BA-->PL,BA-->PL,BA-->PL,BA-->PL,BA-->PL,BA-->PL,BA-->PL,BA-->PL,,,,,,,,,,,,,,,,,PL-->BA,PL-->BA,PL-->BA,PL-->BA,PL-->BA,PL-->BA,PL-->BA,PL-->BA,PL-->BA,PL-->BA,PL-->BA,PL-->BA,PL-->BA,PL-->BA,PL-->BA,PL-->BA,PL-->BA,PL-->BA,PL-->BA
BW,BWA,Botswana,Gaborone,Africa,Southern Africa,,BW-->PL,BW-->PL,BW-->PL,BW-->PL,BW-->PL,BW-->PL,BW-->PL,BW-->PL,BW-->PL,BW-->PL,BW-->PL,BW-->PL,BW-->PL,BW-->PL,BW-->PL,BW-->PL,BW-->PL,BW-->PL,BW-->PL,,,,,,,,,,,,,,,,,PL-->BW,PL-->BW,PL-->BW,PL-->BW,PL-->BW,PL-->BW,PL-->BW,PL-->BW,PL-->BW,PL-->BW,PL-->BW,PL-->BW,PL-->BW,PL-->BW,PL-->BW,PL-->BW,PL-->BW,PL-->BW,PL-->BW
BV,BVT,Bouvet Island,,,,,BV-->PL,BV-->PL,BV-->PL,BV-->PL,BV-->PL,BV-->PL,BV-->PL,BV-->PL,BV-->PL,BV-->PL,BV-->PL,BV-->PL,BV-->PL,BV-->PL,BV-->PL,BV-->PL,BV-->PL,BV-->PL,BV-->PL,,,,,,,,,,,,,,,,,PL-->BV,PL-->BV,PL-->BV,PL-->BV,PL-->BV,PL-->BV,PL-->BV,PL-->BV,PL-->BV,PL-->BV,PL-->BV,PL-->BV,PL-->BV,PL-->BV,PL-->BV,PL-->BV,PL-->BV,PL-->BV,PL-->BV
BR,BRA,Brazil,Brasília,Americas,South America,,BR-->PL,BR-->PL,BR-->PL,BR-->PL,BR-->PL,BR-->PL,BR-->PL,BR-->PL,BR-->PL,BR-->PL,BR-->PL,BR-->PL,BR-->PL,BR-->PL,BR-->PL,BR-->PL,BR-->PL,BR-->PL,BR-->PL,,,,,,,,,,,,,,,,,PL-->BR,PL-->BR,PL-->BR,PL-->BR,PL-->BR,PL-->BR,PL-->BR,PL-->BR,PL-->BR,PL-->BR,PL-->BR,PL-->BR,PL-->BR,PL-->BR,PL-->BR,PL-->BR,PL-->BR,PL-->BR,PL-->BR
IO,IOT,British Indian Ocean Territory,Diego Garcia,Africa,Eastern Africa,,IO-->PL,IO-->PL,IO-->PL,IO-->PL,IO-->PL,IO-->PL,IO-->PL,IO-->PL,IO-->PL,IO-->PL,IO-->PL,IO-->PL,IO-->PL,IO-->PL,IO-->PL,IO-->PL,IO-->PL,IO-->PL,IO-->PL,,,,,,,,,,,,,,,,,PL-->IO,PL-->IO,PL-->IO,PL-->IO,PL-->IO,PL-->IO,PL-->IO,PL-->IO,PL-->IO,PL-->IO,PL-->IO,PL-->IO,PL-->IO,PL-->IO,PL-->IO,PL-->IO,PL-->IO,PL-->IO,PL-->IO
UM,UMI,United States Minor Outlying Islands,,Americas,Northern America,,UM-->PL,UM-->PL,UM-->PL,UM-->PL,UM-->PL,UM-->PL,UM-->PL,UM-->PL,UM-->PL,UM-->PL,UM-->PL,UM-->PL,UM-->PL,UM-->PL,UM-->PL,UM-->PL,UM-->PL,UM-->PL,UM-->PL,,,,,,,,,,,,,,,,,PL-->UM,PL-->UM,PL-->UM,PL-->UM,PL-->UM,PL-->UM,PL-->UM,PL-->UM,PL-->UM,PL-->UM,PL-->UM,PL-->UM,PL-->UM,PL-->UM,PL-->UM,PL-->UM,PL-->UM,PL-->UM,PL-->UM
VG,VGB,Virgin Islands (British),Road Town,Americas,Caribbean,,VG-->PL,VG-->PL,VG-->PL,VG-->PL,VG-->PL,VG-->PL,VG-->PL,VG-->PL,VG-->PL,VG-->PL,VG-->PL,VG-->PL,VG-->PL,VG-->PL,VG-->PL,VG-->PL,VG-->PL,VG-->PL,VG-->PL,,,,,,,,,,,,,,,,,PL-->VG,PL-->VG,PL-->VG,PL-->VG,PL-->VG,PL-->VG,PL-->VG,PL-->VG,PL-->VG,PL-->VG,PL-->VG,PL-->VG,PL-->VG,PL-->VG,PL-->VG,PL-->VG,PL-->VG,PL-->VG,PL-->VG
VI,VIR,Virgin Islands (U.S.),Charlotte Amalie,Americas,Caribbean,,VI-->PL,VI-->PL,VI-->PL,VI-->PL,VI-->PL,VI-->PL,VI-->PL,VI-->PL,VI-->PL,VI-->PL,VI-->PL,VI-->PL,VI-->PL,VI-->PL,VI-->PL,VI-->PL,VI-->PL,VI-->PL,VI-->PL,,,,,,,,,,,,,,,,,PL-->VI,PL-->VI,PL-->VI,PL-->VI,PL-->VI,PL-->VI,PL-->VI,PL-->VI,PL-->VI,PL-->VI,PL-->VI,PL-->VI,PL-->VI,PL-->VI,PL-->VI,PL-->VI,PL-->VI,PL-->VI,PL-->VI
BN,BRN,Brunei,Bandar Seri Begawan,Asia,South-Eastern Asia,,BN-->PL,BN-->PL,BN-->PL,BN-->PL,BN-->PL,BN-->PL,BN-->PL,BN-->PL,BN-->PL,BN-->PL,BN-->PL,BN-->PL,BN-->PL,BN-->PL,BN-->PL,BN-->PL,BN-->PL,BN-->PL,BN-->PL,,,,,,,,,,,,,,,,,PL-->BN,PL-->BN,PL-->BN,PL-->BN,PL-->BN,PL-->BN,PL-->BN,PL-->BN,PL-->BN,PL-->BN,PL-->BN,PL-->BN,PL-->BN,PL-->BN,PL-->BN,PL-->BN,PL-->BN,PL-->BN,PL-->BN
BG,BGR,Bulgaria,Sofia,Europe,Eastern Europe,,BG-->PL,BG-->PL,BG-->PL,BG-->PL,BG-->PL,BG-->PL,BG-->PL,BG-->PL,BG-->PL,BG-->PL,BG-->PL,BG-->PL,BG-->PL,BG-->PL,BG-->PL,BG-->PL,BG-->PL,BG-->PL,BG-->PL,,,,,,,,,,,,,,,,,PL-->BG,PL-->BG,PL-->BG,PL-->BG,PL-->BG,PL-->BG,PL-->BG,PL-->BG,PL-->BG,PL-->BG,PL-->BG,PL-->BG,PL-->BG,PL-->BG,PL-->BG,PL-->BG,PL-->BG,PL-->BG,PL-->BG
BF,BFA,Burkina Faso,Ouagadougou,Africa,Western Africa,,BF-->PL,BF-->PL,BF-->PL,BF-->PL,BF-->PL,BF-->PL,BF-->PL,BF-->PL,BF-->PL,BF-->PL,BF-->PL,BF-->PL,BF-->PL,BF-->PL,BF-->PL,BF-->PL,BF-->PL,BF-->PL,BF-->PL,,,,,,,,,,,,,,,,,PL-->BF,PL-->BF,PL-->BF,PL-->BF,PL-->BF,PL-->BF,PL-->BF,PL-->BF,PL-->BF,PL-->BF,PL-->BF,PL-->BF,PL-->BF,PL-->BF,PL-->BF,PL-->BF,PL-->BF,PL-->BF,PL-->BF
BI,BDI,Burundi,Bujumbura,Africa,Eastern Africa,,BI-->PL,BI-->PL,BI-->PL,BI-->PL,BI-->PL,BI-->PL,BI-->PL,BI-->PL,BI-->PL,BI-->PL,BI-->PL,BI-->PL,BI-->PL,BI-->PL,BI-->PL,BI-->PL,BI-->PL,BI-->PL,BI-->PL,,,,,,,,,,,,,,,,,PL-->BI,PL-->BI,PL-->BI,PL-->BI,PL-->BI,PL-->BI,PL-->BI,PL-->BI,PL-->BI,PL-->BI,PL-->BI,PL-->BI,PL-->BI,PL-->BI,PL-->BI,PL-->BI,PL-->BI,PL-->BI,PL-->BI
KH,KHM,Cambodia,Phnom Penh,Asia,South-Eastern Asia,,KH-->PL,KH-->PL,KH-->PL,KH-->PL,KH-->PL,KH-->PL,KH-->PL,KH-->PL,KH-->PL,KH-->PL,KH-->PL,KH-->PL,KH-->PL,KH-->PL,KH-->PL,KH-->PL,KH-->PL,KH-->PL,KH-->PL,,,,,,,,,,,,,,,,,PL-->KH,PL-->KH,PL-->KH,PL-->KH,PL-->KH,PL-->KH,PL-->KH,PL-->KH,PL-->KH,PL-->KH,PL-->KH,PL-->KH,PL-->KH,PL-->KH,PL-->KH,PL-->KH,PL-->KH,PL-->KH,PL-->KH
CM,CMR,Cameroon,Yaoundé,Africa,Middle Africa,,CM-->PL,CM-->PL,CM-->PL,CM-->PL,CM-->PL,CM-->PL,CM-->PL,CM-->PL,CM-->PL,CM-->PL,CM-->PL,CM-->PL,CM-->PL,CM-->PL,CM-->PL,CM-->PL,CM-->PL,CM-->PL,CM-->PL,,,,,,,,,,,,,,,,,PL-->CM,PL-->CM,PL-->CM,PL-->CM,PL-->CM,PL-->CM,PL-->CM,PL-->CM,PL-->CM,PL-->CM,PL-->CM,PL-->CM,PL-->CM,PL-->CM,PL-->CM,PL-->CM,PL-->CM,PL-->CM,PL-->CM
CA,CAN,Canada,Ottawa,Americas,Northern America,,CA-->PL,CA-->PL,CA-->PL,CA-->PL,CA-->PL,CA-->PL,CA-->PL,CA-->PL,CA-->PL,CA-->PL,CA-->PL,CA-->PL,CA-->PL,CA-->PL,CA-->PL,CA-->PL,CA-->PL,CA-->PL,CA-->PL,,,,,,,,,,,,,,,,,PL-->CA,PL-->CA,PL-->CA,PL-->CA,PL-->CA,PL-->CA,PL-->CA,PL-->CA,PL-->CA,PL-->CA,PL-->CA,PL-->CA,PL-->CA,PL-->CA,PL-->CA,PL-->CA,PL-->CA,PL-->CA,PL-->CA
CV,CPV,Cape Verde,Praia,Africa,Western Africa,,CV-->PL,CV-->PL,CV-->PL,CV-->PL,CV-->PL,CV-->PL,CV-->PL,CV-->PL,CV-->PL,CV-->PL,CV-->PL,CV-->PL,CV-->PL,CV-->PL,CV-->PL,CV-->PL,CV-->PL,CV-->PL,CV-->PL,,,,,,,,,,,,,,,,,PL-->CV,PL-->CV,PL-->CV,PL-->CV,PL-->CV,PL-->CV,PL-->CV,PL-->CV,PL-->CV,PL-->CV,PL-->CV,PL-->CV,PL-->CV,PL-->CV,PL-->CV,PL-->CV,PL-->CV,PL-->CV,PL-->CV
KY,CYM,Cayman Islands,George Town,Americas,Caribbean,,KY-->PL,KY-->PL,KY-->PL,KY-->PL,KY-->PL,KY-->PL,KY-->PL,KY-->PL,KY-->PL,KY-->PL,KY-->PL,KY-->PL,KY-->PL,KY-->PL,KY-->PL,KY-->PL,KY-->PL,KY-->PL,KY-->PL,,,,,,,,,,,,,,,,,PL-->KY,PL-->KY,PL-->KY,PL-->KY,PL-->KY,PL-->KY,PL-->KY,PL-->KY,PL-->KY,PL-->KY,PL-->KY,PL-->KY,PL-->KY,PL-->KY,PL-->KY,PL-->KY,PL-->KY,PL-->KY,PL-->KY
CF,CAF,Central African Republic,Bangui,Africa,Middle Africa,,CF-->PL,CF-->PL,CF-->PL,CF-->PL,CF-->PL,CF-->PL,CF-->PL,CF-->PL,CF-->PL,CF-->PL,CF-->PL,CF-->PL,CF-->PL,CF-->PL,CF-->PL,CF-->PL,CF-->PL,CF-->PL,CF-->PL,,,,,,,,,,,,,,,,,PL-->CF,PL-->CF,PL-->CF,PL-->CF,PL-->CF,PL-->CF,PL-->CF,PL-->CF,PL-->CF,PL-->CF,PL-->CF,PL-->CF,PL-->CF,PL-->CF,PL-->CF,PL-->CF,PL-->CF,PL-->CF,PL-->CF
TD,TCD,Chad,N'Djamena,Africa,Middle Africa,,TD-->PL,TD-->PL,TD-->PL,TD-->PL,TD-->PL,TD-->PL,TD-->PL,TD-->PL,TD-->PL,TD-->PL,TD-->PL,TD-->PL,TD-->PL,TD-->PL,TD-->PL,TD-->PL,TD-->PL,TD-->PL,TD-->PL,,,,,,,,,,,,,,,,,PL-->TD,PL-->TD,PL-->TD,PL-->TD,PL-->TD,PL-->TD,PL-->TD,PL-->TD,PL-->TD,PL-->TD,PL-->TD,PL-->TD,PL-->TD,PL-->TD,PL-->TD,PL-->TD,PL-->TD,PL-->TD,PL-->TD
CL,CHL,Chile,Santiago,Americas,South America,,CL-->PL,CL-->PL,CL-->PL,CL-->PL,CL-->PL,CL-->PL,CL-->PL,CL-->PL,CL-->PL,CL-->PL,CL-->PL,CL-->PL,CL-->PL,CL-->PL,CL-->PL,CL-->PL,CL-->PL,CL-->PL,CL-->PL,,,,,,,,,,,,,,,,,PL-->CL,PL-->CL,PL-->CL,PL-->CL,PL-->CL,PL-->CL,PL-->CL,PL-->CL,PL-->CL,PL-->CL,PL-->CL,PL-->CL,PL-->CL,PL-->CL,PL-->CL,PL-->CL,PL-->CL,PL-->CL,PL-->CL
CN,CHN,China,Beijing,Asia,Eastern Asia,,CN-->PL,CN-->PL,CN-->PL,CN-->PL,CN-->PL,CN-->PL,CN-->PL,CN-->PL,CN-->PL,CN-->PL,CN-->PL,CN-->PL,CN-->PL,CN-->PL,CN-->PL,CN-->PL,CN-->PL,CN-->PL,CN-->PL,,,,,,,,,,,,,,,,,PL-->CN,PL-->CN,PL-->CN,PL-->CN,PL-->CN,PL-->CN,PL-->CN,PL-->CN,PL-->CN,PL-->CN,PL-->CN,PL-->CN,PL-->CN,PL-->CN,PL-->CN,PL-->CN,PL-->CN,PL-->CN,PL-->CN
CX,CXR,Christmas Island,Flying Fish Cove,Oceania,Australia and New Zealand,,CX-->PL,CX-->PL,CX-->PL,CX-->PL,CX-->PL,CX-->PL,CX-->PL,CX-->PL,CX-->PL,CX-->PL,CX-->PL,CX-->PL,CX-->PL,CX-->PL,CX-->PL,CX-->PL,CX-->PL,CX-->PL,CX-->PL,,,,,,,,,,,,,,,,,PL-->CX,PL-->CX,PL-->CX,PL-->CX,PL-->CX,PL-->CX,PL-->CX,PL-->CX,PL-->CX,PL-->CX,PL-->CX,PL-->CX,PL-->CX,PL-->CX,PL-->CX,PL-->CX,PL-->CX,PL-->CX,PL-->CX
CC,CCK,Cocos (Keeling) Islands,West Island,Oceania,Australia and New Zealand,,CC-->PL,CC-->PL,CC-->PL,CC-->PL,CC-->PL,CC-->PL,CC-->PL,CC-->PL,CC-->PL,CC-->PL,CC-->PL,CC-->PL,CC-->PL,CC-->PL,CC-->PL,CC-->PL,CC-->PL,CC-->PL,CC-->PL,,,,,,,,,,,,,,,,,PL-->CC,PL-->CC,PL-->CC,PL-->CC,PL-->CC,PL-->CC,PL-->CC,PL-->CC,PL-->CC,PL-->CC,PL-->CC,PL-->CC,PL-->CC,PL-->CC,PL-->CC,PL-->CC,PL-->CC,PL-->CC,PL-->CC
CO,COL,Colombia,Bogotá,Americas,South America,,CO-->PL,CO-->PL,CO-->PL,CO-->PL,CO-->PL,CO-->PL,CO-->PL,CO-->PL,CO-->PL,CO-->PL,CO-->PL,CO-->PL,CO-->PL,CO-->PL,CO-->PL,CO-->PL,CO-->PL,CO-->PL,CO-->PL,,,,,,,,,,,,,,,,,PL-->CO,PL-->CO,PL-->CO,PL-->CO,PL-->CO,PL-->CO,PL-->CO,PL-->CO,PL-->CO,PL-->CO,PL-->CO,PL-->CO,PL-->CO,PL-->CO,PL-->CO,PL-->CO,PL-->CO,PL-->CO,PL-->CO
KM,COM,Comoros,Moroni,Africa,Eastern Africa,,KM-->PL,KM-->PL,KM-->PL,KM-->PL,KM-->PL,KM-->PL,KM-->PL,KM-->PL,KM-->PL,KM-->PL,KM-->PL,KM-->PL,KM-->PL,KM-->PL,KM-->PL,KM-->PL,KM-->PL,KM-->PL,KM-->PL,,,,,,,,,,,,,,,,,PL-->KM,PL-->KM,PL-->KM,PL-->KM,PL-->KM,PL-->KM,PL-->KM,PL-->KM,PL-->KM,PL-->KM,PL-->KM,PL-->KM,PL-->KM,PL-->KM,PL-->KM,PL-->KM,PL-->KM,PL-->KM,PL-->KM
CG,COG,Republic of the Congo,Brazzaville,Africa,Middle Africa,,CG-->PL,CG-->PL,CG-->PL,CG-->PL,CG-->PL,CG-->PL,CG-->PL,CG-->PL,CG-->PL,CG-->PL,CG-->PL,CG-->PL,CG-->PL,CG-->PL,CG-->PL,CG-->PL,CG-->PL,CG-->PL,CG-->PL,,,,,,,,,,,,,,,,,PL-->CG,PL-->CG,PL-->CG,PL-->CG,PL-->CG,PL-->CG,PL-->CG,PL-->CG,PL-->CG,PL-->CG,PL-->CG,PL-->CG,PL-->CG,PL-->CG,PL-->CG,PL-->CG,PL-->CG,PL-->CG,PL-->CG
CD,COD,Democratic Republic of the Congo,Kinshasa,Africa,Middle Africa,,CD-->PL,CD-->PL,CD-->PL,CD-->PL,CD-->PL,CD-->PL,CD-->PL,CD-->PL,CD-->PL,CD-->PL,CD-->PL,CD-->PL,CD-->PL,CD-->PL,CD-->PL,CD-->PL,CD-->PL,CD-->PL,CD-->PL,,,,,,,,,,,,,,,,,PL-->CD,PL-->CD,PL-->CD,PL-->CD,PL-->CD,PL-->CD,PL-->CD,PL-->CD,PL-->CD,PL-->CD,PL-->CD,PL-->CD,PL-->CD,PL-->CD,PL-->CD,PL-->CD,PL-->CD,PL-->CD,PL-->CD
CK,COK,Cook Islands,Avarua,Oceania,Polynesia,,CK-->PL,CK-->PL,CK-->PL,CK-->PL,CK-->PL,CK-->PL,CK-->PL,CK-->PL,CK-->PL,CK-->PL,CK-->PL,CK-->PL,CK-->PL,CK-->PL,CK-->PL,CK-->PL,CK-->PL,CK-->PL,CK-->PL,,,,,,,,,,,,,,,,,PL-->CK,PL-->CK,PL-->CK,PL-->CK,PL-->CK,PL-->CK,PL-->CK,PL-->CK,PL-->CK,PL-->CK,PL-->CK,PL-->CK,PL-->CK,PL-->CK,PL-->CK,PL-->CK,PL-->CK,PL-->CK,PL-->CK
CR,CRI,Costa Rica,San José,Americas,Central America,,CR-->PL,CR-->PL,CR-->PL,CR-->PL,CR-->PL,CR-->PL,CR-->PL,CR-->PL,CR-->PL,CR-->PL,CR-->PL,CR-->PL,CR-->PL,CR-->PL,CR-->PL,CR-->PL,CR-->PL,CR-->PL,CR-->PL,,,,,,,,,,,,,,,,,PL-->CR,PL-->CR,PL-->CR,PL-->CR,PL-->CR,PL-->CR,PL-->CR,PL-->CR,PL-->CR,PL-->CR,PL-->CR,PL-->CR,PL-->CR,PL-->CR,PL-->CR,PL-->CR,PL-->CR,PL-->CR,PL-->CR
HR,HRV,Croatia,Zagreb,Europe,Southern Europe,,HR-->PL,HR-->PL,HR-->PL,HR-->PL,HR-->PL,HR-->PL,HR-->PL,HR-->PL,HR-->PL,HR-->PL,HR-->PL,HR-->PL,HR-->PL,HR-->PL,HR-->PL,HR-->PL,HR-->PL,HR-->PL,HR-->PL,,,,,,,,,,,,,,,,,PL-->HR,PL-->HR,PL-->HR,PL-->HR,PL-->HR,PL-->HR,PL-->HR,PL-->HR,PL-->HR,PL-->HR,PL-->HR,PL-->HR,PL-->HR,PL-->HR,PL-->HR,PL-->HR,PL-->HR,PL-->HR,PL-->HR
CU,CUB,Cuba,Havana,Americas,Caribbean,,CU-->PL,CU-->PL,CU-->PL,CU-->PL,CU-->PL,CU-->PL,CU-->PL,CU-->PL,CU-->PL,CU-->PL,CU-->PL,CU-->PL,CU-->PL,CU-->PL,CU-->PL,CU-->PL,CU-->PL,CU-->PL,CU-->PL,,,,,,,,,,,,,,,,,PL-->CU,PL-->CU,PL-->CU,PL-->CU,PL-->CU,PL-->CU,PL-->CU,PL-->CU,PL-->CU,PL-->CU,PL-->CU,PL-->CU,PL-->CU,PL-->CU,PL-->CU,PL-->CU,PL-->CU,PL-->CU,PL-->CU
CW,CUW,Curaçao,Willemstad,Americas,Caribbean,,CW-->PL,CW-->PL,CW-->PL,CW-->PL,CW-->PL,CW-->PL,CW-->PL,CW-->PL,CW-->PL,CW-->PL,CW-->PL,CW-->PL,CW-->PL,CW-->PL,CW-->PL,CW-->PL,CW-->PL,CW-->PL,CW-->PL,,,,,,,,,,,,,,,,,PL-->CW,PL-->CW,PL-->CW,PL-->CW,PL-->CW,PL-->CW,PL-->CW,PL-->CW,PL-->CW,PL-->CW,PL-->CW,PL-->CW,PL-->CW,PL-->CW,PL-->CW,PL-->CW,PL-->CW,PL-->CW,PL-->CW
CY,CYP,Cyprus,Nicosia,Europe,Southern Europe,,CY-->PL,CY-->PL,CY-->PL,CY-->PL,CY-->PL,CY-->PL,CY-->PL,CY-->PL,CY-->PL,CY-->PL,CY-->PL,CY-->PL,CY-->PL,CY-->PL,CY-->PL,CY-->PL,CY-->PL,CY-->PL,CY-->PL,,,,,,,,,,,,,,,,,PL-->CY,PL-->CY,PL-->CY,PL-->CY,PL-->CY,PL-->CY,PL-->CY,PL-->CY,PL-->CY,PL-->CY,PL-->CY,PL-->CY,PL-->CY,PL-->CY,PL-->CY,PL-->CY,PL-->CY,PL-->CY,PL-->CY
CZ,CZE,Czech Republic,Prague,Europe,Eastern Europe,,CZ-->PL,CZ-->PL,CZ-->PL,CZ-->PL,CZ-->PL,CZ-->PL,CZ-->PL,CZ-->PL,CZ-->PL,CZ-->PL,CZ-->PL,CZ-->PL,CZ-->PL,CZ-->PL,CZ-->PL,CZ-->PL,CZ-->PL,CZ-->PL,CZ-->PL,,,,,,,,,,,,,,,,,PL-->CZ,PL-->CZ,PL-->CZ,PL-->CZ,PL-->CZ,PL-->CZ,PL-->CZ,PL-->CZ,PL-->CZ,PL-->CZ,PL-->CZ,PL-->CZ,PL-->CZ,PL-->CZ,PL-->CZ,PL-->CZ,PL-->CZ,PL-->CZ,PL-->CZ
DK,DNK,Denmark,Copenhagen,Europe,Northern Europe,,DK-->PL,DK-->PL,DK-->PL,DK-->PL,DK-->PL,DK-->PL,DK-->PL,DK-->PL,DK-->PL,DK-->PL,DK-->PL,DK-->PL,DK-->PL,DK-->PL,DK-->PL,DK-->PL,DK-->PL,DK-->PL,DK-->PL,,,,,,,,,,,,,,,,,PL-->DK,PL-->DK,PL-->DK,PL-->DK,PL-->DK,PL-->DK,PL-->DK,PL-->DK,PL-->DK,PL-->DK,PL-->DK,PL-->DK,PL-->DK,PL-->DK,PL-->DK,PL-->DK,PL-->DK,PL-->DK,PL-->DK
DJ,DJI,Djibouti,Djibouti,Africa,Eastern Africa,,DJ-->PL,DJ-->PL,DJ-->PL,DJ-->PL,DJ-->PL,DJ-->PL,DJ-->PL,DJ-->PL,DJ-->PL,DJ-->PL,DJ-->PL,DJ-->PL,DJ-->PL,DJ-->PL,DJ-->PL,DJ-->PL,DJ-->PL,DJ-->PL,DJ-->PL,,,,,,,,,,,,,,,,,PL-->DJ,PL-->DJ,PL-->DJ,PL-->DJ,PL-->DJ,PL-->DJ,PL-->DJ,PL-->DJ,PL-->DJ,PL-->DJ,PL-->DJ,PL-->DJ,PL-->DJ,PL-->DJ,PL-->DJ,PL-->DJ,PL-->DJ,PL-->DJ,PL-->DJ
DM,DMA,Dominica,Roseau,Americas,Caribbean,,DM-->PL,DM-->PL,DM-->PL,DM-->PL,DM-->PL,DM-->PL,DM-->PL,DM-->PL,DM-->PL,DM-->PL,DM-->PL,DM-->PL,DM-->PL,DM-->PL,DM-->PL,DM-->PL,DM-->PL,DM-->PL,DM-->PL,,,,,,,,,,,,,,,,,PL-->DM,PL-->DM,PL-->DM,PL-->DM,PL-->DM,PL-->DM,PL-->DM,PL-->DM,PL-->DM,PL-->DM,PL-->DM,PL-->DM,PL-->DM,PL-->DM,PL-->DM,PL-->DM,PL-->DM,PL-->DM,PL-->DM
DO,DOM,Dominican Republic,Santo Domingo,Americas,Caribbean,,DO-->PL,DO-->PL,DO-->PL,DO-->PL,DO-->PL,DO-->PL,DO-->PL,DO-->PL,DO-->PL,DO-->PL,DO-->PL,DO-->PL,DO-->PL,DO-->PL,DO-->PL,DO-->PL,DO-->PL,DO-->PL,DO-->PL,,,,,,,,,,,,,,,,,PL-->DO,PL-->DO,PL-->DO,PL-->DO,PL-->DO,PL-->DO,PL-->DO,PL-->DO,PL-->DO,PL-->DO,PL-->DO,PL-->DO,PL-->DO,PL-->DO,PL-->DO,PL-->DO,PL-->DO,PL-->DO,PL-->DO
EC,ECU,Ecuador,Quito,Americas,South America,,EC-->PL,EC-->PL,EC-->PL,EC-->PL,EC-->PL,EC-->PL,EC-->PL,EC-->PL,EC-->PL,EC-->PL,EC-->PL,EC-->PL,EC-->PL,EC-->PL,EC-->PL,EC-->PL,EC-->PL,EC-->PL,EC-->PL,,,,,,,,,,,,,,,,,PL-->EC,PL-->EC,PL-->EC,PL-->EC,PL-->EC,PL-->EC,PL-->EC,PL-->EC,PL-->EC,PL-->EC,PL-->EC,PL-->EC,PL-->EC,PL-->EC,PL-->EC,PL-->EC,PL-->EC,PL-->EC,PL-->EC
EG,EGY,Egypt,Cairo,Africa,Northern Africa,,EG-->PL,EG-->PL,EG-->PL,EG-->PL,EG-->PL,EG-->PL,EG-->PL,EG-->PL,EG-->PL,EG-->PL,EG-->PL,EG-->PL,EG-->PL,EG-->PL,EG-->PL,EG-->PL,EG-->PL,EG-->PL,EG-->PL,,,,,,,,,,,,,,,,,PL-->EG,PL-->EG,PL-->EG,PL-->EG,PL-->EG,PL-->EG,PL-->EG,PL-->EG,PL-->EG,PL-->EG,PL-->EG,PL-->EG,PL-->EG,PL-->EG,PL-->EG,PL-->EG,PL-->EG,PL-->EG,PL-->EG
SV,SLV,El Salvador,San Salvador,Americas,Central America,,SV-->PL,SV-->PL,SV-->PL,SV-->PL,SV-->PL,SV-->PL,SV-->PL,SV-->PL,SV-->PL,SV-->PL,SV-->PL,SV-->PL,SV-->PL,SV-->PL,SV-->PL,SV-->PL,SV-->PL,SV-->PL,SV-->PL,,,,,,,,,,,,,,,,,PL-->SV,PL-->SV,PL-->SV,PL-->SV,PL-->SV,PL-->SV,PL-->SV,PL-->SV,PL-->SV,PL-->SV,PL-->SV,PL-->SV,PL-->SV,PL-->SV,PL-->SV,PL-->SV,PL-->SV,PL-->SV,PL-->SV
GQ,GNQ,Equatorial Guinea,Malabo,Africa,Middle Africa,,GQ-->PL,GQ-->PL,GQ-->PL,GQ-->PL,GQ-->PL,GQ-->PL,GQ-->PL,GQ-->PL,GQ-->PL,GQ-->PL,GQ-->PL,GQ-->PL,GQ-->PL,GQ-->PL,GQ-->PL,GQ-->PL,GQ-->PL,GQ-->PL,GQ-->PL,,,,,,,,,,,,,,,,,PL-->GQ,PL-->GQ,PL-->GQ,PL-->GQ,PL-->GQ,PL-->GQ,PL-->GQ,PL-->GQ,PL-->GQ,PL-->GQ,PL-->GQ,PL-->GQ,PL-->GQ,PL-->GQ,PL-->GQ,PL-->GQ,PL-->GQ,PL-->GQ,PL-->GQ
ER,ERI,Eritrea,Asmara,Africa,Eastern Africa,,ER-->PL,ER-->PL,ER-->PL,ER-->PL,ER-->PL,ER-->PL,ER-->PL,ER-->PL,ER-->PL,ER-->PL,ER-->PL,ER-->PL,ER-->PL,ER-->PL,ER-->PL,ER-->PL,ER-->PL,ER-->PL,ER-->PL,,,,,,,,,,,,,,,,,PL-->ER,PL-->ER,PL-->ER,PL-->ER,PL-->ER,PL-->ER,PL-->ER,PL-->ER,PL-->ER,PL-->ER,PL-->ER,PL-->ER,PL-->ER,PL-->ER,PL-->ER,PL-->ER,PL-->ER,PL-->ER,PL-->ER
EE,EST,Estonia,Tallinn,Europe,Northern Europe,,EE-->PL,EE-->PL,EE-->PL,EE-->PL,EE-->PL,EE-->PL,EE-->PL,EE-->PL,EE-->PL,EE-->PL,EE-->PL,EE-->PL,EE-->PL,EE-->PL,EE-->PL,EE-->PL,EE-->PL,EE-->PL,EE-->PL,,,,,,,,,,,,,,,,,PL-->EE,PL-->EE,PL-->EE,PL-->EE,PL-->EE,PL-->EE,PL-->EE,PL-->EE,PL-->EE,PL-->EE,PL-->EE,PL-->EE,PL-->EE,PL-->EE,PL-->EE,PL-->EE,PL-->EE,PL-->EE,PL-->EE
ET,ETH,Ethiopia,Addis Ababa,Africa,Eastern Africa,,ET-->PL,ET-->PL,ET-->PL,ET-->PL,ET-->PL,ET-->PL,ET-->PL,ET-->PL,ET-->PL,ET-->PL,ET-->PL,ET-->PL,ET-->PL,ET-->PL,ET-->PL,ET-->PL,ET-->PL,ET-->PL,ET-->PL,,,,,,,,,,,,,,,,,PL-->ET,PL-->ET,PL-->ET,PL-->ET,PL-->ET,PL-->ET,PL-->ET,PL-->ET,PL-->ET,PL-->ET,PL-->ET,PL-->ET,PL-->ET,PL-->ET,PL-->ET,PL-->ET,PL-->ET,PL-->ET,PL-->ET
FK,FLK,Falkland Islands,Stanley,Americas,South America,,FK-->PL,FK-->PL,FK-->PL,FK-->PL,FK-->PL,FK-->PL,FK-->PL,FK-->PL,FK-->PL,FK-->PL,FK-->PL,FK-->PL,FK-->PL,FK-->PL,FK-->PL,FK-->PL,FK-->PL,FK-->PL,FK-->PL,,,,,,,,,,,,,,,,,PL-->FK,PL-->FK,PL-->FK,PL-->FK,PL-->FK,PL-->FK,PL-->FK,PL-->FK,PL-->FK,PL-->FK,PL-->FK,PL-->FK,PL-->FK,PL-->FK,PL-->FK,PL-->FK,PL-->FK,PL-->FK,PL-->FK
FO,FRO,Faroe Islands,Tórshavn,Europe,Northern Europe,,FO-->PL,FO-->PL,FO-->PL,FO-->PL,FO-->PL,FO-->PL,FO-->PL,FO-->PL,FO-->PL,FO-->PL,FO-->PL,FO-->PL,FO-->PL,FO-->PL,FO-->PL,FO-->PL,FO-->PL,FO-->PL,FO-->PL,,,,,,,,,,,,,,,,,PL-->FO,PL-->FO,PL-->FO,PL-->FO,PL-->FO,PL-->FO,PL-->FO,PL-->FO,PL-->FO,PL-->FO,PL-->FO,PL-->FO,PL-->FO,PL-->FO,PL-->FO,PL-->FO,PL-->FO,PL-->FO,PL-->FO
FJ,FJI,Fiji,Suva,Oceania,Melanesia,,FJ-->PL,FJ-->PL,FJ-->PL,FJ-->PL,FJ-->PL,FJ-->PL,FJ-->PL,FJ-->PL,FJ-->PL,FJ-->PL,FJ-->PL,FJ-->PL,FJ-->PL,FJ-->PL,FJ-->PL,FJ-->PL,FJ-->PL,FJ-->PL,FJ-->PL,,,,,,,,,,,,,,,,,PL-->FJ,PL-->FJ,PL-->FJ,PL-->FJ,PL-->FJ,PL-->FJ,PL-->FJ,PL-->FJ,PL-->FJ,PL-->FJ,PL-->FJ,PL-->FJ,PL-->FJ,PL-->FJ,PL-->FJ,PL-->FJ,PL-->FJ,PL-->FJ,PL-->FJ
FI,FIN,Finland,Helsinki,Europe,Northern Europe,,FI-->PL,FI-->PL,FI-->PL,FI-->PL,FI-->PL,FI-->PL,FI-->PL,FI-->PL,FI-->PL,FI-->PL,FI-->PL,FI-->PL,FI-->PL,FI-->PL,FI-->PL,FI-->PL,FI-->PL,FI-->PL,FI-->PL,,,,,,,,,,,,,,,,,PL-->FI,PL-->FI,PL-->FI,PL-->FI,PL-->FI,PL-->FI,PL-->FI,PL-->FI,PL-->FI,PL-->FI,PL-->FI,PL-->FI,PL-->FI,PL-->FI,PL-->FI,PL-->FI,PL-->FI,PL-->FI,PL-->FI
FR,FRA,France,Paris,Europe,Western Europe,,FR-->PL,FR-->PL,FR-->PL,FR-->PL,FR-->PL,FR-->PL,FR-->PL,FR-->PL,FR-->PL,FR-->PL,FR-->PL,FR-->PL,FR-->PL,FR-->PL,FR-->PL,FR-->PL,FR-->PL,FR-->PL,FR-->PL,,,,,,,,,,,,,,,,,PL-->FR,PL-->FR,PL-->FR,PL-->FR,PL-->FR,PL-->FR,PL-->FR,PL-->FR,PL-->FR,PL-->FR,PL-->FR,PL-->FR,PL-->FR,PL-->FR,PL-->FR,PL-->FR,PL-->FR,PL-->FR,PL-->FR
GF,GUF,French Guiana,Cayenne,Americas,South America,,GF-->PL,GF-->PL,GF-->PL,GF-->PL,GF-->PL,GF-->PL,GF-->PL,GF-->PL,GF-->PL,GF-->PL,GF-->PL,GF-->PL,GF-->PL,GF-->PL,GF-->PL,GF-->PL,GF-->PL,GF-->PL,GF-->PL,,,,,,,,,,,,,,,,,PL-->GF,PL-->GF,PL-->GF,PL-->GF,PL-->GF,PL-->GF,PL-->GF,PL-->GF,PL-->GF,PL-->GF,PL-->GF,PL-->GF,PL-->GF,PL-->GF,PL-->GF,PL-->GF,PL-->GF,PL-->GF,PL-->GF
PF,PYF,French Polynesia,Papeetē,Oceania,Polynesia,,PF-->PL,PF-->PL,PF-->PL,PF-->PL,PF-->PL,PF-->PL,PF-->PL,PF-->PL,PF-->PL,PF-->PL,PF-->PL,PF-->PL,PF-->PL,PF-->PL,PF-->PL,PF-->PL,PF-->PL,PF-->PL,PF-->PL,,,,,,,,,,,,,,,,,PL-->PF,PL-->PF,PL-->PF,PL-->PF,PL-->PF,PL-->PF,PL-->PF,PL-->PF,PL-->PF,PL-->PF,PL-->PF,PL-->PF,PL-->PF,PL-->PF,PL-->PF,PL-->PF,PL-->PF,PL-->PF,PL-->PF
TF,ATF,French Southern and Antarctic Lands,Port-aux-Français,Africa,Southern Africa,,TF-->PL,TF-->PL,TF-->PL,TF-->PL,TF-->PL,TF-->PL,TF-->PL,TF-->PL,TF-->PL,TF-->PL,TF-->PL,TF-->PL,TF-->PL,TF-->PL,TF-->PL,TF-->PL,TF-->PL,TF-->PL,TF-->PL,,,,,,,,,,,,,,,,,PL-->TF,PL-->TF,PL-->TF,PL-->TF,PL-->TF,PL-->TF,PL-->TF,PL-->TF,PL-->TF,PL-->TF,PL-->TF,PL-->TF,PL-->TF,PL-->TF,PL-->TF,PL-->TF,PL-->TF,PL-->TF,PL-->TF
GA,GAB,Gabon,Libreville,Africa,Middle Africa,,GA-->PL,GA-->PL,GA-->PL,GA-->PL,GA-->PL,GA-->PL,GA-->PL,GA-->PL,GA-->PL,GA-->PL,GA-->PL,GA-->PL,GA-->PL,GA-->PL,GA-->PL,GA-->PL,GA-->PL,GA-->PL,GA-->PL,,,,,,,,,,,,,,,,,PL-->GA,PL-->GA,PL-->GA,PL-->GA,PL-->GA,PL-->GA,PL-->GA,PL-->GA,PL-->GA,PL-->GA,PL-->GA,PL-->GA,PL-->GA,PL-->GA,PL-->GA,PL-->GA,PL-->GA,PL-->GA,PL-->GA
GM,GMB,The Gambia,Banjul,Africa,Western Africa,,GM-->PL,GM-->PL,GM-->PL,GM-->PL,GM-->PL,GM-->PL,GM-->PL,GM-->PL,GM-->PL,GM-->PL,GM-->PL,GM-->PL,GM-->PL,GM-->PL,GM-->PL,GM-->PL,GM-->PL,GM-->PL,GM-->PL,,,,,,,,,,,,,,,,,PL-->GM,PL-->GM,PL-->GM,PL-->GM,PL-->GM,PL-->GM,PL-->GM,PL-->GM,PL-->GM,PL-->GM,PL-->GM,PL-->GM,PL-->GM,PL-->GM,PL-->GM,PL-->GM,PL-->GM,PL-->GM,PL-->GM
GE,GEO,Georgia,Tbilisi,Asia,Western Asia,,GE-->PL,GE-->PL,GE-->PL,GE-->PL,GE-->PL,GE-->PL,GE-->PL,GE-->PL,GE-->PL,GE-->PL,GE-->PL,GE-->PL,GE-->PL,GE-->PL,GE-->PL,GE-->PL,GE-->PL,GE-->PL,GE-->PL,,,,,,,,,,,,,,,,,PL-->GE,PL-->GE,PL-->GE,PL-->GE,PL-->GE,PL-->GE,PL-->GE,PL-->GE,PL-->GE,PL-->GE,PL-->GE,PL-->GE,PL-->GE,PL-->GE,PL-->GE,PL-->GE,PL-->GE,PL-->GE,PL-->GE
DE,DEU,Germany,Berlin,Europe,Western Europe,,DE-->PL,DE-->PL,DE-->PL,DE-->PL,DE-->PL,DE-->PL,DE-->PL,DE-->PL,DE-->PL,DE-->PL,DE-->PL,DE-->PL,DE-->PL,DE-->PL,DE-->PL,DE-->PL,DE-->PL,DE-->PL,DE-->PL,,,,,,,,,,,,,,,,,PL-->DE,PL-->DE,PL-->DE,PL-->DE,PL-->DE,PL-->DE,PL-->DE,PL-->DE,PL-->DE,PL-->DE,PL-->DE,PL-->DE,PL-->DE,PL-->DE,PL-->DE,PL-->DE,PL-->DE,PL-->DE,PL-->DE
GH,GHA,Ghana,Accra,Africa,Western Africa,,GH-->PL,GH-->PL,GH-->PL,GH-->PL,GH-->PL,GH-->PL,GH-->PL,GH-->PL,GH-->PL,GH-->PL,GH-->PL,GH-->PL,GH-->PL,GH-->PL,GH-->PL,GH-->PL,GH-->PL,GH-->PL,GH-->PL,,,,,,,,,,,,,,,,,PL-->GH,PL-->GH,PL-->GH,PL-->GH,PL-->GH,PL-->GH,PL-->GH,PL-->GH,PL-->GH,PL-->GH,PL-->GH,PL-->GH,PL-->GH,PL-->GH,PL-->GH,PL-->GH,PL-->GH,PL-->GH,PL-->GH
GI,GIB,Gibraltar,Gibraltar,Europe,Southern Europe,,GI-->PL,GI-->PL,GI-->PL,GI-->PL,GI-->PL,GI-->PL,GI-->PL,GI-->PL,GI-->PL,GI-->PL,GI-->PL,GI-->PL,GI-->PL,GI-->PL,GI-->PL,GI-->PL,GI-->PL,GI-->PL,GI-->PL,,,,,,,,,,,,,,,,,PL-->GI,PL-->GI,PL-->GI,PL-->GI,PL-->GI,PL-->GI,PL-->GI,PL-->GI,PL-->GI,PL-->GI,PL-->GI,PL-->GI,PL-->GI,PL-->GI,PL-->GI,PL-->GI,PL-->GI,PL-->GI,PL-->GI
GR,GRC,Greece,Athens,Europe,Southern Europe,,GR-->PL,GR-->PL,GR-->PL,GR-->PL,GR-->PL,GR-->PL,GR-->PL,GR-->PL,GR-->PL,GR-->PL,GR-->PL,GR-->PL,GR-->PL,GR-->PL,GR-->PL,GR-->PL,GR-->PL,GR-->PL,GR-->PL,,,,,,,,,,,,,,,,,PL-->GR,PL-->GR,PL-->GR,PL-->GR,PL-->GR,PL-->GR,PL-->GR,PL-->GR,PL-->GR,PL-->GR,PL-->GR,PL-->GR,PL-->GR,PL-->GR,PL-->GR,PL-->GR,PL-->GR,PL-->GR,PL-->GR
GL,GRL,Greenland,Nuuk,Americas,Northern America,,GL-->PL,GL-->PL,GL-->PL,GL-->PL,GL-->PL,GL-->PL,GL-->PL,GL-->PL,GL-->PL,GL-->PL,GL-->PL,GL-->PL,GL-->PL,GL-->PL,GL-->PL,GL-->PL,GL-->PL,GL-->PL,GL-->PL,,,,,,,,,,,,,,,,,PL-->GL,PL-->GL,PL-->GL,PL-->GL,PL-->GL,PL-->GL,PL-->GL,PL-->GL,PL-->GL,PL-->GL,PL-->GL,PL-->GL,PL-->GL,PL-->GL,PL-->GL,PL-->GL,PL-->GL,PL-->GL,PL-->GL
GD,GRD,Grenada,St. George's,Americas,Caribbean,,GD-->PL,GD-->PL,GD-->PL,GD-->PL,GD-->PL,GD-->PL,GD-->PL,GD-->PL,GD-->PL,GD-->PL,GD-->PL,GD-->PL,GD-->PL,GD-->PL,GD-->PL,GD-->PL,GD-->PL,GD-->PL,GD-->PL,,,,,,,,,,,,,,,,,PL-->GD,PL-->GD,PL-->GD,PL-->GD,PL-->GD,PL-->GD,PL-->GD,PL-->GD,PL-->GD,PL-->GD,PL-->GD,PL-->GD,PL-->GD,PL-->GD,PL-->GD,PL-->GD,PL-->GD,PL-->GD,PL-->GD
GP,GLP,Guadeloupe,Basse-Terre,Americas,Caribbean,,GP-->PL,GP-->PL,GP-->PL,GP-->PL,GP-->PL,GP-->PL,GP-->PL,GP-->PL,GP-->PL,GP-->PL,GP-->PL,GP-->PL,GP-->PL,GP-->PL,GP-->PL,GP-->PL,GP-->PL,GP-->PL,GP-->PL,,,,,,,,,,,,,,,,,PL-->GP,PL-->GP,PL-->GP,PL-->GP,PL-->GP,PL-->GP,PL-->GP,PL-->GP,PL-->GP,PL-->GP,PL-->GP,PL-->GP,PL-->GP,PL-->GP,PL-->GP,PL-->GP,PL-->GP,PL-->GP,PL-->GP
GU,GUM,Guam,Hagåtña,Oceania,Micronesia,,GU-->PL,GU-->PL,GU-->PL,GU-->PL,GU-->PL,GU-->PL,GU-->PL,GU-->PL,GU-->PL,GU-->PL,GU-->PL,GU-->PL,GU-->PL,GU-->PL,GU-->PL,GU-->PL,GU-->PL,GU-->PL,GU-->PL,,,,,,,,,,,,,,,,,PL-->GU,PL-->GU,PL-->GU,PL-->GU,PL-->GU,PL-->GU,PL-->GU,PL-->GU,PL-->GU,PL-->GU,PL-->GU,PL-->GU,PL-->GU,PL-->GU,PL-->GU,PL-->GU,PL-->GU,PL-->GU,PL-->GU
GT,GTM,Guatemala,Guatemala City,Americas,Central America,,GT-->PL,GT-->PL,GT-->PL,GT-->PL,GT-->PL,GT-->PL,GT-->PL,GT-->PL,GT-->PL,GT-->PL,GT-->PL,GT-->PL,GT-->PL,GT-->PL,GT-->PL,GT-->PL,GT-->PL,GT-->PL,GT-->PL,,,,,,,,,,,,,,,,,PL-->GT,PL-->GT,PL-->GT,PL-->GT,PL-->GT,PL-->GT,PL-->GT,PL-->GT,PL-->GT,PL-->GT,PL-->GT,PL-->GT,PL-->GT,PL-->GT,PL-->GT,PL-->GT,PL-->GT,PL-->GT,PL-->GT
GG,GGY,Guernsey,St. Peter Port,Europe,Northern Europe,,GG-->PL,GG-->PL,GG-->PL,GG-->PL,GG-->PL,GG-->PL,GG-->PL,GG-->PL,GG-->PL,GG-->PL,GG-->PL,GG-->PL,GG-->PL,GG-->PL,GG-->PL,GG-->PL,GG-->PL,GG-->PL,GG-->PL,,,,,,,,,,,,,,,,,PL-->GG,PL-->GG,PL-->GG,PL-->GG,PL-->GG,PL-->GG,PL-->GG,PL-->GG,PL-->GG,PL-->GG,PL-->GG,PL-->GG,PL-->GG,PL-->GG,PL-->GG,PL-->GG,PL-->GG,PL-->GG,PL-->GG
GN,GIN,Guinea,Conakry,Africa,Western Africa,,GN-->PL,GN-->PL,GN-->PL,GN-->PL,GN-->PL,GN-->PL,GN-->PL,GN-->PL,GN-->PL,GN-->PL,GN-->PL,GN-->PL,GN-->PL,GN-->PL,GN-->PL,GN-->PL,GN-->PL,GN-->PL,GN-->PL,,,,,,,,,,,,,,,,,PL-->GN,PL-->GN,PL-->GN,PL-->GN,PL-->GN,PL-->GN,PL-->GN,PL-->GN,PL-->GN,PL-->GN,PL-->GN,PL-->GN,PL-->GN,PL-->GN,PL-->GN,PL-->GN,PL-->GN,PL-->GN,PL-->GN
GW,GNB,Guinea-Bissau,Bissau,Africa,Western Africa,,GW-->PL,GW-->PL,GW-->PL,GW-->PL,GW-->PL,GW-->PL,GW-->PL,GW-->PL,GW-->PL,GW-->PL,GW-->PL,GW-->PL,GW-->PL,GW-->PL,GW-->PL,GW-->PL,GW-->PL,GW-->PL,GW-->PL,,,,,,,,,,,,,,,,,PL-->GW,PL-->GW,PL-->GW,PL-->GW,PL-->GW,PL-->GW,PL-->GW,PL-->GW,PL-->GW,PL-->GW,PL-->GW,PL-->GW,PL-->GW,PL-->GW,PL-->GW,PL-->GW,PL-->GW,PL-->GW,PL-->GW
GY,GUY,Guyana,Georgetown,Americas,South America,,GY-->PL,GY-->PL,GY-->PL,GY-->PL,GY-->PL,GY-->PL,GY-->PL,GY-->PL,GY-->PL,GY-->PL,GY-->PL,GY-->PL,GY-->PL,GY-->PL,GY-->PL,GY-->PL,GY-->PL,GY-->PL,GY-->PL,,,,,,,,,,,,,,,,,PL-->GY,PL-->GY,PL-->GY,PL-->GY,PL-->GY,PL-->GY,PL-->GY,PL-->GY,PL-->GY,PL-->GY,PL-->GY,PL-->GY,PL-->GY,PL-->GY,PL-->GY,PL-->GY,PL-->GY,PL-->GY,PL-->GY
HT,HTI,Haiti,Port-au-Prince,Americas,Caribbean,,HT-->PL,HT-->PL,HT-->PL,HT-->PL,HT-->PL,HT-->PL,HT-->PL,HT-->PL,HT-->PL,HT-->PL,HT-->PL,HT-->PL,HT-->PL,HT-->PL,HT-->PL,HT-->PL,HT-->PL,HT-->PL,HT-->PL,,,,,,,,,,,,,,,,,PL-->HT,PL-->HT,PL-->HT,PL-->HT,PL-->HT,PL-->HT,PL-->HT,PL-->HT,PL-->HT,PL-->HT,PL-->HT,PL-->HT,PL-->HT,PL-->HT,PL-->HT,PL-->HT,PL-->HT,PL-->HT,PL-->HT
HM,HMD,Heard Island and McDonald Islands,,,,,HM-->PL,HM-->PL,HM-->PL,HM-->PL,HM-->PL,HM-->PL,HM-->PL,HM-->PL,HM-->PL,HM-->PL,HM-->PL,HM-->PL,HM-->PL,HM-->PL,HM-->PL,HM-->PL,HM-->PL,HM-->PL,HM-->PL,,,,,,,,,,,,,,,,,PL-->HM,PL-->HM,PL-->HM,PL-->HM,PL-->HM,PL-->HM,PL-->HM,PL-->HM,PL-->HM,PL-->HM,PL-->HM,PL-->HM,PL-->HM,PL-->HM,PL-->HM,PL-->HM,PL-->HM,PL-->HM,PL-->HM
VA,VAT,Holy See,Rome,Europe,Southern Europe,,VA-->PL,VA-->PL,VA-->PL,VA-->PL,VA-->PL,VA-->PL,VA-->PL,VA-->PL,VA-->PL,VA-->PL,VA-->PL,VA-->PL,VA-->PL,VA-->PL,VA-->PL,VA-->PL,VA-->PL,VA-->PL,VA-->PL,,,,,,,,,,,,,,,,,PL-->VA,PL-->VA,PL-->VA,PL-->VA,PL-->VA,PL-->VA,PL-->VA,PL-->VA,PL-->VA,PL-->VA,PL-->VA,PL-->VA,PL-->VA,PL-->VA,PL-->VA,PL-->VA,PL-->VA,PL-->VA,PL-->VA
HN,HND,Honduras,Tegucigalpa,Americas,Central America,,HN-->PL,HN-->PL,HN-->PL,HN-->PL,HN-->PL,HN-->PL,HN-->PL,HN-->PL,HN-->PL,HN-->PL,HN-->PL,HN-->PL,HN-->PL,HN-->PL,HN-->PL,HN-->PL,HN-->PL,HN-->PL,HN-->PL,,,,,,,,,,,,,,,,,PL-->HN,PL-->HN,PL-->HN,PL-->HN,PL-->HN,PL-->HN,PL-->HN,PL-->HN,PL-->HN,PL-->HN,PL-->HN,PL-->HN,PL-->HN,PL-->HN,PL-->HN,PL-->HN,PL-->HN,PL-->HN,PL-->HN
HK,HKG,Hong Kong,City of Victoria,Asia,Eastern Asia,,HK-->PL,HK-->PL,HK-->PL,HK-->PL,HK-->PL,HK-->PL,HK-->PL,HK-->PL,HK-->PL,HK-->PL,HK-->PL,HK-->PL,HK-->PL,HK-->PL,HK-->PL,HK-->PL,HK-->PL,HK-->PL,HK-->PL,,,,,,,,,,,,,,,,,PL-->HK,PL-->HK,PL-->HK,PL-->HK,PL-->HK,PL-->HK,PL-->HK,PL-->HK,PL-->HK,PL-->HK,PL-->HK,PL-->HK,PL-->HK,PL-->HK,PL-->HK,PL-->HK,PL-->HK,PL-->HK,PL-->HK
HU,HUN,Hungary,Budapest,Europe,Eastern Europe,,HU-->PL,HU-->PL,HU-->PL,HU-->PL,HU-->PL,HU-->PL,HU-->PL,HU-->PL,HU-->PL,HU-->PL,HU-->PL,HU-->PL,HU-->PL,HU-->PL,HU-->PL,HU-->PL,HU-->PL,HU-->PL,HU-->PL,,,,,,,,,,,,,,,,,PL-->HU,PL-->HU,PL-->HU,PL-->HU,PL-->HU,PL-->HU,PL-->HU,PL-->HU,PL-->HU,PL-->HU,PL-->HU,PL-->HU,PL-->HU,PL-->HU,PL-->HU,PL-->HU,PL-->HU,PL-->HU,PL-->HU
IS,ISL,Iceland,Reykjavík,Europe,Northern Europe,,IS-->PL,IS-->PL,IS-->PL,IS-->PL,IS-->PL,IS-->PL,IS-->PL,IS-->PL,IS-->PL,IS-->PL,IS-->PL,IS-->PL,IS-->PL,IS-->PL,IS-->PL,IS-->PL,IS-->PL,IS-->PL,IS-->PL,,,,,,,,,,,,,,,,,PL-->IS,PL-->IS,PL-->IS,PL-->IS,PL-->IS,PL-->IS,PL-->IS,PL-->IS,PL-->IS,PL-->IS,PL-->IS,PL-->IS,PL-->IS,PL-->IS,PL-->IS,PL-->IS,PL-->IS,PL-->IS,PL-->IS
IN,IND,India,New Delhi,Asia,Southern Asia,,IN-->PL,IN-->PL,IN-->PL,IN-->PL,IN-->PL,IN-->PL,IN-->PL,IN-->PL,IN-->PL,IN-->PL,IN-->PL,IN-->PL,IN-->PL,IN-->PL,IN-->PL,IN-->PL,IN-->PL,IN-->PL,IN-->PL,,,,,,,,,,,,,,,,,PL-->IN,PL-->IN,PL-->IN,PL-->IN,PL-->IN,PL-->IN,PL-->IN,PL-->IN,PL-->IN,PL-->IN,PL-->IN,PL-->IN,PL-->IN,PL-->IN,PL-->IN,PL-->IN,PL-->IN,PL-->IN,PL-->IN
ID,IDN,Indonesia,Jakarta,Asia,South-Eastern Asia,,ID-->PL,ID-->PL,ID-->PL,ID-->PL,ID-->PL,ID-->PL,ID-->PL,ID-->PL,ID-->PL,ID-->PL,ID-->PL,ID-->PL,ID-->PL,ID-->PL,ID-->PL,ID-->PL,ID-->PL,ID-->PL,ID-->PL,,,,,,,,,,,,,,,,,PL-->ID,PL-->ID,PL-->ID,PL-->ID,PL-->ID,PL-->ID,PL-->ID,PL-->ID,PL-->ID,PL-->ID,PL-->ID,PL-->ID,PL-->ID,PL-->ID,PL-->ID,PL-->ID,PL-->ID,PL-->ID,PL-->ID
CI,CIV,Ivory Coast,Yamoussoukro,Africa,Western Africa,,CI-->PL,CI-->PL,CI-->PL,CI-->PL,CI-->PL,CI-->PL,CI-->PL,CI-->PL,CI-->PL,CI-->PL,CI-->PL,CI-->PL,CI-->PL,CI-->PL,CI-->PL,CI-->PL,CI-->PL,CI-->PL,CI-->PL,,,,,,,,,,,,,,,,,PL-->CI,PL-->CI,PL-->CI,PL-->CI,PL-->CI,PL-->CI,PL-->CI,PL-->CI,PL-->CI,PL-->CI,PL-->CI,PL-->CI,PL-->CI,PL-->CI,PL-->CI,PL-->CI,PL-->CI,PL-->CI,PL-->CI
IR,IRN,Iran,Tehran,Asia,Southern Asia,,IR-->PL,IR-->PL,IR-->PL,IR-->PL,IR-->PL,IR-->PL,IR-->PL,IR-->PL,IR-->PL,IR-->PL,IR-->PL,IR-->PL,IR-->PL,IR-->PL,IR-->PL,IR-->PL,IR-->PL,IR-->PL,IR-->PL,,,,,,,,,,,,,,,,,PL-->IR,PL-->IR,PL-->IR,PL-->IR,PL-->IR,PL-->IR,PL-->IR,PL-->IR,PL-->IR,PL-->IR,PL-->IR,PL-->IR,PL-->IR,PL-->IR,PL-->IR,PL-->IR,PL-->IR,PL-->IR,PL-->IR
IQ,IRQ,Iraq,Baghdad,Asia,Western Asia,,IQ-->PL,IQ-->PL,IQ-->PL,IQ-->PL,IQ-->PL,IQ-->PL,IQ-->PL,IQ-->PL,IQ-->PL,IQ-->PL,IQ-->PL,IQ-->PL,IQ-->PL,IQ-->PL,IQ-->PL,IQ-->PL,IQ-->PL,IQ-->PL,IQ-->PL,,,,,,,,,,,,,,,,,PL-->IQ,PL-->IQ,PL-->IQ,PL-->IQ,PL-->IQ,PL-->IQ,PL-->IQ,PL-->IQ,PL-->IQ,PL-->IQ,PL-->IQ,PL-->IQ,PL-->IQ,PL-->IQ,PL-->IQ,PL-->IQ,PL-->IQ,PL-->IQ,PL-->IQ
IE,IRL,Republic of Ireland,Dublin,Europe,Northern Europe,,IE-->PL,IE-->PL,IE-->PL,IE-->PL,IE-->PL,IE-->PL,IE-->PL,IE-->PL,IE-->PL,IE-->PL,IE-->PL,IE-->PL,IE-->PL,IE-->PL,IE-->PL,IE-->PL,IE-->PL,IE-->PL,IE-->PL,,,,,,,,,,,,,,,,,PL-->IE,PL-->IE,PL-->IE,PL-->IE,PL-->IE,PL-->IE,PL-->IE,PL-->IE,PL-->IE,PL-->IE,PL-->IE,PL-->IE,PL-->IE,PL-->IE,PL-->IE,PL-->IE,PL-->IE,PL-->IE,PL-->IE
IM,IMN,Isle of Man,Douglas,Europe,Northern Europe,,IM-->PL,IM-->PL,IM-->PL,IM-->PL,IM-->PL,IM-->PL,IM-->PL,IM-->PL,IM-->PL,IM-->PL,IM-->PL,IM-->PL,IM-->PL,IM-->PL,IM-->PL,IM-->PL,IM-->PL,IM-->PL,IM-->PL,,,,,,,,,,,,,,,,,PL-->IM,PL-->IM,PL-->IM,PL-->IM,PL-->IM,PL-->IM,PL-->IM,PL-->IM,PL-->IM,PL-->IM,PL-->IM,PL-->IM,PL-->IM,PL-->IM,PL-->IM,PL-->IM,PL-->IM,PL-->IM,PL-->IM
IL,ISR,Israel,Jerusalem,Asia,Western Asia,,IL-->PL,IL-->PL,IL-->PL,IL-->PL,IL-->PL,IL-->PL,IL-->PL,IL-->PL,IL-->PL,IL-->PL,IL-->PL,IL-->PL,IL-->PL,IL-->PL,IL-->PL,IL-->PL,IL-->PL,IL-->PL,IL-->PL,,,,,,,,,,,,,,,,,PL-->IL,PL-->IL,PL-->IL,PL-->IL,PL-->IL,PL-->IL,PL-->IL,PL-->IL,PL-->IL,PL-->IL,PL-->IL,PL-->IL,PL-->IL,PL-->IL,PL-->IL,PL-->IL,PL-->IL,PL-->IL,PL-->IL
IT,ITA,Italy,Rome,Europe,Southern Europe,,IT-->PL,IT-->PL,IT-->PL,IT-->PL,IT-->PL,IT-->PL,IT-->PL,IT-->PL,IT-->PL,IT-->PL,IT-->PL,IT-->PL,IT-->PL,IT-->PL,IT-->PL,IT-->PL,IT-->PL,IT-->PL,IT-->PL,,,,,,,,,,,,,,,,,PL-->IT,PL-->IT,PL-->IT,PL-->IT,PL-->IT,PL-->IT,PL-->IT,PL-->IT,PL-->IT,PL-->IT,PL-->IT,PL-->IT,PL-->IT,PL-->IT,PL-->IT,PL-->IT,PL-->IT,PL-->IT,PL-->IT
JM,JAM,Jamaica,Kingston,Americas,Caribbean,,JM-->PL,JM-->PL,JM-->PL,JM-->PL,JM-->PL,JM-->PL,JM-->PL,JM-->PL,JM-->PL,JM-->PL,JM-->PL,JM-->PL,JM-->PL,JM-->PL,JM-->PL,JM-->PL,JM-->PL,JM-->PL,JM-->PL,,,,,,,,,,,,,,,,,PL-->JM,PL-->JM,PL-->JM,PL-->JM,PL-->JM,PL-->JM,PL-->JM,PL-->JM,PL-->JM,PL-->JM,PL-->JM,PL-->JM,PL-->JM,PL-->JM,PL-->JM,PL-->JM,PL-->JM,PL-->JM,PL-->JM
JP,JPN,Japan,Tokyo,Asia,Eastern Asia,,JP-->PL,JP-->PL,JP-->PL,JP-->PL,JP-->PL,JP-->PL,JP-->PL,JP-->PL,JP-->PL,JP-->PL,JP-->PL,JP-->PL,JP-->PL,JP-->PL,JP-->PL,JP-->PL,JP-->PL,JP-->PL,JP-->PL,,,,,,,,,,,,,,,,,PL-->JP,PL-->JP,PL-->JP,PL-->JP,PL-->JP,PL-->JP,PL-->JP,PL-->JP,PL-->JP,PL-->JP,PL-->JP,PL-->JP,PL-->JP,PL-->JP,PL-->JP,PL-->JP,PL-->JP,PL-->JP,PL-->JP
JE,JEY,Jersey,Saint Helier,Europe,Northern Europe,,JE-->PL,JE-->PL,JE-->PL,JE-->PL,JE-->PL,JE-->PL,JE-->PL,JE-->PL,JE-->PL,JE-->PL,JE-->PL,JE-->PL,JE-->PL,JE-->PL,JE-->PL,JE-->PL,JE-->PL,JE-->PL,JE-->PL,,,,,,,,,,,,,,,,,PL-->JE,PL-->JE,PL-->JE,PL-->JE,PL-->JE,PL-->JE,PL-->JE,PL-->JE,PL-->JE,PL-->JE,PL-->JE,PL-->JE,PL-->JE,PL-->JE,PL-->JE,PL-->JE,PL-->JE,PL-->JE,PL-->JE
JO,JOR,Jordan,Amman,Asia,Western Asia,,JO-->PL,JO-->PL,JO-->PL,JO-->PL,JO-->PL,JO-->PL,JO-->PL,JO-->PL,JO-->PL,JO-->PL,JO-->PL,JO-->PL,JO-->PL,JO-->PL,JO-->PL,JO-->PL,JO-->PL,JO-->PL,JO-->PL,,,,,,,,,,,,,,,,,PL-->JO,PL-->JO,PL-->JO,PL-->JO,PL-->JO,PL-->JO,PL-->JO,PL-->JO,PL-->JO,PL-->JO,PL-->JO,PL-->JO,PL-->JO,PL-->JO,PL-->JO,PL-->JO,PL-->JO,PL-->JO,PL-->JO
KZ,KAZ,Kazakhstan,Astana,Asia,Central Asia,,KZ-->PL,KZ-->PL,KZ-->PL,KZ-->PL,KZ-->PL,KZ-->PL,KZ-->PL,KZ-->PL,KZ-->PL,KZ-->PL,KZ-->PL,KZ-->PL,KZ-->PL,KZ-->PL,KZ-->PL,KZ-->PL,KZ-->PL,KZ-->PL,KZ-->PL,,,,,,,,,,,,,,,,,PL-->KZ,PL-->KZ,PL-->KZ,PL-->KZ,PL-->KZ,PL-->KZ,PL-->KZ,PL-->KZ,PL-->KZ,PL-->KZ,PL-->KZ,PL-->KZ,PL-->KZ,PL-->KZ,PL-->KZ,PL-->KZ,PL-->KZ,PL-->KZ,PL-->KZ
KE,KEN,Kenya,Nairobi,Africa,Eastern Africa,,KE-->PL,KE-->PL,KE-->PL,KE-->PL,KE-->PL,KE-->PL,KE-->PL,KE-->PL,KE-->PL,KE-->PL,KE-->PL,KE-->PL,KE-->PL,KE-->PL,KE-->PL,KE-->PL,KE-->PL,KE-->PL,KE-->PL,,,,,,,,,,,,,,,,,PL-->KE,PL-->KE,PL-->KE,PL-->KE,PL-->KE,PL-->KE,PL-->KE,PL-->KE,PL-->KE,PL-->KE,PL-->KE,PL-->KE,PL-->KE,PL-->KE,PL-->KE,PL-->KE,PL-->KE,PL-->KE,PL-->KE
KI,KIR,Kiribati,South Tarawa,Oceania,Micronesia,,KI-->PL,KI-->PL,KI-->PL,KI-->PL,KI-->PL,KI-->PL,KI-->PL,KI-->PL,KI-->PL,KI-->PL,KI-->PL,KI-->PL,KI-->PL,KI-->PL,KI-->PL,KI-->PL,KI-->PL,KI-->PL,KI-->PL,,,,,,,,,,,,,,,,,PL-->KI,PL-->KI,PL-->KI,PL-->KI,PL-->KI,PL-->KI,PL-->KI,PL-->KI,PL-->KI,PL-->KI,PL-->KI,PL-->KI,PL-->KI,PL-->KI,PL-->KI,PL-->KI,PL-->KI,PL-->KI,PL-->KI
KW,KWT,Kuwait,Kuwait City,Asia,Western Asia,,KW-->PL,KW-->PL,KW-->PL,KW-->PL,KW-->PL,KW-->PL,KW-->PL,KW-->PL,KW-->PL,KW-->PL,KW-->PL,KW-->PL,KW-->PL,KW-->PL,KW-->PL,KW-->PL,KW-->PL,KW-->PL,KW-->PL,,,,,,,,,,,,,,,,,PL-->KW,PL-->KW,PL-->KW,PL-->KW,PL-->KW,PL-->KW,PL-->KW,PL-->KW,PL-->KW,PL-->KW,PL-->KW,PL-->KW,PL-->KW,PL-->KW,PL-->KW,PL-->KW,PL-->KW,PL-->KW,PL-->KW
KG,KGZ,Kyrgyzstan,Bishkek,Asia,Central Asia,,KG-->PL,KG-->PL,KG-->PL,KG-->PL,KG-->PL,KG-->PL,KG-->PL,KG-->PL,KG-->PL,KG-->PL,KG-->PL,KG-->PL,KG-->PL,KG-->PL,KG-->PL,KG-->PL,KG-->PL,KG-->PL,KG-->PL,,,,,,,,,,,,,,,,,PL-->KG,PL-->KG,PL-->KG,PL-->KG,PL-->KG,PL-->KG,PL-->KG,PL-->KG,PL-->KG,PL-->KG,PL-->KG,PL-->KG,PL-->KG,PL-->KG,PL-->KG,PL-->KG,PL-->KG,PL-->KG,PL-->KG
LA,LAO,Laos,Vientiane,Asia,South-Eastern Asia,,LA-->PL,LA-->PL,LA-->PL,LA-->PL,LA-->PL,LA-->PL,LA-->PL,LA-->PL,LA-->PL,LA-->PL,LA-->PL,LA-->PL,LA-->PL,LA-->PL,LA-->PL,LA-->PL,LA-->PL,LA-->PL,LA-->PL,,,,,,,,,,,,,,,,,PL-->LA,PL-->LA,PL-->LA,PL-->LA,PL-->LA,PL-->LA,PL-->LA,PL-->LA,PL-->LA,PL-->LA,PL-->LA,PL-->LA,PL-->LA,PL-->LA,PL-->LA,PL-->LA,PL-->LA,PL-->LA,PL-->LA
LV,LVA,Latvia,Riga,Europe,Northern Europe,,LV-->PL,LV-->PL,LV-->PL,LV-->PL,LV-->PL,LV-->PL,LV-->PL,LV-->PL,LV-->PL,LV-->PL,LV-->PL,LV-->PL,LV-->PL,LV-->PL,LV-->PL,LV-->PL,LV-->PL,LV-->PL,LV-->PL,,,,,,,,,,,,,,,,,PL-->LV,PL-->LV,PL-->LV,PL-->LV,PL-->LV,PL-->LV,PL-->LV,PL-->LV,PL-->LV,PL-->LV,PL-->LV,PL-->LV,PL-->LV,PL-->LV,PL-->LV,PL-->LV,PL-->LV,PL-->LV,PL-->LV
LB,LBN,Lebanon,Beirut,Asia,Western Asia,,LB-->PL,LB-->PL,LB-->PL,LB-->PL,LB-->PL,LB-->PL,LB-->PL,LB-->PL,LB-->PL,LB-->PL,LB-->PL,LB-->PL,LB-->PL,LB-->PL,LB-->PL,LB-->PL,LB-->PL,LB-->PL,LB-->PL,,,,,,,,,,,,,,,,,PL-->LB,PL-->LB,PL-->LB,PL-->LB,PL-->LB,PL-->LB,PL-->LB,PL-->LB,PL-->LB,PL-->LB,PL-->LB,PL-->LB,PL-->LB,PL-->LB,PL-->LB,PL-->LB,PL-->LB,PL-->LB,PL-->LB
LS,LSO,Lesotho,Maseru,Africa,Southern Africa,,LS-->PL,LS-->PL,LS-->PL,LS-->PL,LS-->PL,LS-->PL,LS-->PL,LS-->PL,LS-->PL,LS-->PL,LS-->PL,LS-->PL,LS-->PL,LS-->PL,LS-->PL,LS-->PL,LS-->PL,LS-->PL,LS-->PL,,,,,,,,,,,,,,,,,PL-->LS,PL-->LS,PL-->LS,PL-->LS,PL-->LS,PL-->LS,PL-->LS,PL-->LS,PL-->LS,PL-->LS,PL-->LS,PL-->LS,PL-->LS,PL-->LS,PL-->LS,PL-->LS,PL-->LS,PL-->LS,PL-->LS
LR,LBR,Liberia,Monrovia,Africa,Western Africa,,LR-->PL,LR-->PL,LR-->PL,LR-->PL,LR-->PL,LR-->PL,LR-->PL,LR-->PL,LR-->PL,LR-->PL,LR-->PL,LR-->PL,LR-->PL,LR-->PL,LR-->PL,LR-->PL,LR-->PL,LR-->PL,LR-->PL,,,,,,,,,,,,,,,,,PL-->LR,PL-->LR,PL-->LR,PL-->LR,PL-->LR,PL-->LR,PL-->LR,PL-->LR,PL-->LR,PL-->LR,PL-->LR,PL-->LR,PL-->LR,PL-->LR,PL-->LR,PL-->LR,PL-->LR,PL-->LR,PL-->LR
LY,LBY,Libya,Tripoli,Africa,Northern Africa,,LY-->PL,LY-->PL,LY-->PL,LY-->PL,LY-->PL,LY-->PL,LY-->PL,LY-->PL,LY-->PL,LY-->PL,LY-->PL,LY-->PL,LY-->PL,LY-->PL,LY-->PL,LY-->PL,LY-->PL,LY-->PL,LY-->PL,,,,,,,,,,,,,,,,,PL-->LY,PL-->LY,PL-->LY,PL-->LY,PL-->LY,PL-->LY,PL-->LY,PL-->LY,PL-->LY,PL-->LY,PL-->LY,PL-->LY,PL-->LY,PL-->LY,PL-->LY,PL-->LY,PL-->LY,PL-->LY,PL-->LY
LI,LIE,Liechtenstein,Vaduz,Europe,Western Europe,,LI-->PL,LI-->PL,LI-->PL,LI-->PL,LI-->PL,LI-->PL,LI-->PL,LI-->PL,LI-->PL,LI-->PL,LI-->PL,LI-->PL,LI-->PL,LI-->PL,LI-->PL,LI-->PL,LI-->PL,LI-->PL,LI-->PL,,,,,,,,,,,,,,,,,PL-->LI,PL-->LI,PL-->LI,PL-->LI,PL-->LI,PL-->LI,PL-->LI,PL-->LI,PL-->LI,PL-->LI,PL-->LI,PL-->LI,PL-->LI,PL-->LI,PL-->LI,PL-->LI,PL-->LI,PL-->LI,PL-->LI
LT,LTU,Lithuania,Vilnius,Europe,Northern Europe,,LT-->PL,LT-->PL,LT-->PL,LT-->PL,LT-->PL,LT-->PL,LT-->PL,LT-->PL,LT-->PL,LT-->PL,LT-->PL,LT-->PL,LT-->PL,LT-->PL,LT-->PL,LT-->PL,LT-->PL,LT-->PL,LT-->PL,,,,,,,,,,,,,,,,,PL-->LT,PL-->LT,PL-->LT,PL-->LT,PL-->LT,PL-->LT,PL-->LT,PL-->LT,PL-->LT,PL-->LT,PL-->LT,PL-->LT,PL-->LT,PL-->LT,PL-->LT,PL-->LT,PL-->LT,PL-->LT,PL-->LT
LU,LUX,Luxembourg,Luxembourg,Europe,Western Europe,,LU-->PL,LU-->PL,LU-->PL,LU-->PL,LU-->PL,LU-->PL,LU-->PL,LU-->PL,LU-->PL,LU-->PL,LU-->PL,LU-->PL,LU-->PL,LU-->PL,LU-->PL,LU-->PL,LU-->PL,LU-->PL,LU-->PL,,,,,,,,,,,,,,,,,PL-->LU,PL-->LU,PL-->LU,PL-->LU,PL-->LU,PL-->LU,PL-->LU,PL-->LU,PL-->LU,PL-->LU,PL-->LU,PL-->LU,PL-->LU,PL-->LU,PL-->LU,PL-->LU,PL-->LU,PL-->LU,PL-->LU
MO,MAC,Macau,,Asia,Eastern Asia,,MO-->PL,MO-->PL,MO-->PL,MO-->PL,MO-->PL,MO-->PL,MO-->PL,MO-->PL,MO-->PL,MO-->PL,MO-->PL,MO-->PL,MO-->PL,MO-->PL,MO-->PL,MO-->PL,MO-->PL,MO-->PL,MO-->PL,,,,,,,,,,,,,,,,,PL-->MO,PL-->MO,PL-->MO,PL-->MO,PL-->MO,PL-->MO,PL-->MO,PL-->MO,PL-->MO,PL-->MO,PL-->MO,PL-->MO,PL-->MO,PL-->MO,PL-->MO,PL-->MO,PL-->MO,PL-->MO,PL-->MO
MK,MKD,Republic of Macedonia,Skopje,Europe,Southern Europe,,MK-->PL,MK-->PL,MK-->PL,MK-->PL,MK-->PL,MK-->PL,MK-->PL,MK-->PL,MK-->PL,MK-->PL,MK-->PL,MK-->PL,MK-->PL,MK-->PL,MK-->PL,MK-->PL,MK-->PL,MK-->PL,MK-->PL,,,,,,,,,,,,,,,,,PL-->MK,PL-->MK,PL-->MK,PL-->MK,PL-->MK,PL-->MK,PL-->MK,PL-->MK,PL-->MK,PL-->MK,PL-->MK,PL-->MK,PL-->MK,PL-->MK,PL-->MK,PL-->MK,PL-->MK,PL-->MK,PL-->MK
MG,MDG,Madagascar,Antananarivo,Africa,Eastern Africa,,MG-->PL,MG-->PL,MG-->PL,MG-->PL,MG-->PL,MG-->PL,MG-->PL,MG-->PL,MG-->PL,MG-->PL,MG-->PL,MG-->PL,MG-->PL,MG-->PL,MG-->PL,MG-->PL,MG-->PL,MG-->PL,MG-->PL,,,,,,,,,,,,,,,,,PL-->MG,PL-->MG,PL-->MG,PL-->MG,PL-->MG,PL-->MG,PL-->MG,PL-->MG,PL-->MG,PL-->MG,PL-->MG,PL-->MG,PL-->MG,PL-->MG,PL-->MG,PL-->MG,PL-->MG,PL-->MG,PL-->MG
MW,MWI,Malawi,Lilongwe,Africa,Eastern Africa,,MW-->PL,MW-->PL,MW-->PL,MW-->PL,MW-->PL,MW-->PL,MW-->PL,MW-->PL,MW-->PL,MW-->PL,MW-->PL,MW-->PL,MW-->PL,MW-->PL,MW-->PL,MW-->PL,MW-->PL,MW-->PL,MW-->PL,,,,,,,,,,,,,,,,,PL-->MW,PL-->MW,PL-->MW,PL-->MW,PL-->MW,PL-->MW,PL-->MW,PL-->MW,PL-->MW,PL-->MW,PL-->MW,PL-->MW,PL-->MW,PL-->MW,PL-->MW,PL-->MW,PL-->MW,PL-->MW,PL-->MW
MY,MYS,Malaysia,Kuala Lumpur,Asia,South-Eastern Asia,,MY-->PL,MY-->PL,MY-->PL,MY-->PL,MY-->PL,MY-->PL,MY-->PL,MY-->PL,MY-->PL,MY-->PL,MY-->PL,MY-->PL,MY-->PL,MY-->PL,MY-->PL,MY-->PL,MY-->PL,MY-->PL,MY-->PL,,,,,,,,,,,,,,,,,PL-->MY,PL-->MY,PL-->MY,PL-->MY,PL-->MY,PL-->MY,PL-->MY,PL-->MY,PL-->MY,PL-->MY,PL-->MY,PL-->MY,PL-->MY,PL-->MY,PL-->MY,PL-->MY,PL-->MY,PL-->MY,PL-->MY
MV,MDV,Maldives,Malé,Asia,Southern Asia,,MV-->PL,MV-->PL,MV-->PL,MV-->PL,MV-->PL,MV-->PL,MV-->PL,MV-->PL,MV-->PL,MV-->PL,MV-->PL,MV-->PL,MV-->PL,MV-->PL,MV-->PL,MV-->PL,MV-->PL,MV-->PL,MV-->PL,,,,,,,,,,,,,,,,,PL-->MV,PL-->MV,PL-->MV,PL-->MV,PL-->MV,PL-->MV,PL-->MV,PL-->MV,PL-->MV,PL-->MV,PL-->MV,PL-->MV,PL-->MV,PL-->MV,PL-->MV,PL-->MV,PL-->MV,PL-->MV,PL-->MV
ML,MLI,Mali,Bamako,Africa,Western Africa,,ML-->PL,ML-->PL,ML-->PL,ML-->PL,ML-->PL,ML-->PL,ML-->PL,ML-->PL,ML-->PL,ML-->PL,ML-->PL,ML-->PL,ML-->PL,ML-->PL,ML-->PL,ML-->PL,ML-->PL,ML-->PL,ML-->PL,,,,,,,,,,,,,,,,,PL-->ML,PL-->ML,PL-->ML,PL-->ML,PL-->ML,PL-->ML,PL-->ML,PL-->ML,PL-->ML,PL-->ML,PL-->ML,PL-->ML,PL-->ML,PL-->ML,PL-->ML,PL-->ML,PL-->ML,PL-->ML,PL-->ML
MT,MLT,Malta,Valletta,Europe,Southern Europe,,MT-->PL,MT-->PL,MT-->PL,MT-->PL,MT-->PL,MT-->PL,MT-->PL,MT-->PL,MT-->PL,MT-->PL,MT-->PL,MT-->PL,MT-->PL,MT-->PL,MT-->PL,MT-->PL,MT-->PL,MT-->PL,MT-->PL,,,,,,,,,,,,,,,,,PL-->MT,PL-->MT,PL-->MT,PL-->MT,PL-->MT,PL-->MT,PL-->MT,PL-->MT,PL-->MT,PL-->MT,PL-->MT,PL-->MT,PL-->MT,PL-->MT,PL-->MT,PL-->MT,PL-->MT,PL-->MT,PL-->MT
MH,MHL,Marshall Islands,Majuro,Oceania,Micronesia,,MH-->PL,MH-->PL,MH-->PL,MH-->PL,MH-->PL,MH-->PL,MH-->PL,MH-->PL,MH-->PL,MH-->PL,MH-->PL,MH-->PL,MH-->PL,MH-->PL,MH-->PL,MH-->PL,MH-->PL,MH-->PL,MH-->PL,,,,,,,,,,,,,,,,,PL-->MH,PL-->MH,PL-->MH,PL-->MH,PL-->MH,PL-->MH,PL-->MH,PL-->MH,PL-->MH,PL-->MH,PL-->MH,PL-->MH,PL-->MH,PL-->MH,PL-->MH,PL-->MH,PL-->MH,PL-->MH,PL-->MH
MQ,MTQ,Martinique,Fort-de-France,Americas,Caribbean,,MQ-->PL,MQ-->PL,MQ-->PL,MQ-->PL,MQ-->PL,MQ-->PL,MQ-->PL,MQ-->PL,MQ-->PL,MQ-->PL,MQ-->PL,MQ-->PL,MQ-->PL,MQ-->PL,MQ-->PL,MQ-->PL,MQ-->PL,MQ-->PL,MQ-->PL,,,,,,,,,,,,,,,,,PL-->MQ,PL-->MQ,PL-->MQ,PL-->MQ,PL-->MQ,PL-->MQ,PL-->MQ,PL-->MQ,PL-->MQ,PL-->MQ,PL-->MQ,PL-->MQ,PL-->MQ,PL-->MQ,PL-->MQ,PL-->MQ,PL-->MQ,PL-->MQ,PL-->MQ
MR,MRT,Mauritania,Nouakchott,Africa,Western Africa,,MR-->PL,MR-->PL,MR-->PL,MR-->PL,MR-->PL,MR-->PL,MR-->PL,MR-->PL,MR-->PL,MR-->PL,MR-->PL,MR-->PL,MR-->PL,MR-->PL,MR-->PL,MR-->PL,MR-->PL,MR-->PL,MR-->PL,0.0,,,,,,,,,,,,,,,,PL-->MR,PL-->MR,PL-->MR,PL-->MR,PL-->MR,PL-->MR,PL-->MR,PL-->MR,PL-->MR,PL-->MR,PL-->MR,PL-->MR,PL-->MR,PL-->MR,PL-->MR,PL-->MR,PL-->MR,PL-->MR,PL-->MR
MU,MUS,Mauritius,Port Louis,Africa,Eastern Africa,,MU-->PL,MU-->PL,MU-->PL,MU-->PL,MU-->PL,MU-->PL,MU-->PL,MU-->PL,MU-->PL,MU-->PL,MU-->PL,MU-->PL,MU-->PL,MU-->PL,MU-->PL,MU-->PL,MU-->PL,MU-->PL,MU-->PL,,,,,,,,,,,,,,,,,PL-->MU,PL-->MU,PL-->MU,PL-->MU,PL-->MU,PL-->MU,PL-->MU,PL-->MU,PL-->MU,PL-->MU,PL-->MU,PL-->MU,PL-->MU,PL-->MU,PL-->MU,PL-->MU,PL-->MU,PL-->MU,PL-->MU
YT,MYT,Mayotte,Mamoudzou,Africa,Eastern Africa,,YT-->PL,YT-->PL,YT-->PL,YT-->PL,YT-->PL,YT-->PL,YT-->PL,YT-->PL,YT-->PL,YT-->PL,YT-->PL,YT-->PL,YT-->PL,YT-->PL,YT-->PL,YT-->PL,YT-->PL,YT-->PL,YT-->PL,,,,,,,,,,,,,,,,,PL-->YT,PL-->YT,PL-->YT,PL-->YT,PL-->YT,PL-->YT,PL-->YT,PL-->YT,PL-->YT,PL-->YT,PL-->YT,PL-->YT,PL-->YT,PL-->YT,PL-->YT,PL-->YT,PL-->YT,PL-->YT,PL-->YT
MX,MEX,Mexico,Mexico City,Americas,Central America,,MX-->PL,MX-->PL,MX-->PL,MX-->PL,MX-->PL,MX-->PL,MX-->PL,MX-->PL,MX-->PL,MX-->PL,MX-->PL,MX-->PL,MX-->PL,MX-->PL,MX-->PL,MX-->PL,MX-->PL,MX-->PL,MX-->PL,,,,,,,,,,,,,,,,,PL-->MX,PL-->MX,PL-->MX,PL-->MX,PL-->MX,PL-->MX,PL-->MX,PL-->MX,PL-->MX,PL-->MX,PL-->MX,PL-->MX,PL-->MX,PL-->MX,PL-->MX,PL-->MX,PL-->MX,PL-->MX,PL-->MX
FM,FSM,Federated States of Micronesia,Palikir,Oceania,Micronesia,,FM-->PL,FM-->PL,FM-->PL,FM-->PL,FM-->PL,FM-->PL,FM-->PL,FM-->PL,FM-->PL,FM-->PL,FM-->PL,FM-->PL,FM-->PL,FM-->PL,FM-->PL,FM-->PL,FM-->PL,FM-->PL,FM-->PL,,,,,,,,,,,,,,,,,PL-->FM,PL-->FM,PL-->FM,PL-->FM,PL-->FM,PL-->FM,PL-->FM,PL-->FM,PL-->FM,PL-->FM,PL-->FM,PL-->FM,PL-->FM,PL-->FM,PL-->FM,PL-->FM,PL-->FM,PL-->FM,PL-->FM
MD,MDA,Moldova,Chișinău,Europe,Eastern Europe,,MD-->PL,MD-->PL,MD-->PL,MD-->PL,MD-->PL,MD-->PL,MD-->PL,MD-->PL,MD-->PL,MD-->PL,MD-->PL,MD-->PL,MD-->PL,MD-->PL,MD-->PL,MD-->PL,MD-->PL,MD-->PL,MD-->PL,,,,,,,,,,,,,,,,,PL-->MD,PL-->MD,PL-->MD,PL-->MD,PL-->MD,PL-->MD,PL-->MD,PL-->MD,PL-->MD,PL-->MD,PL-->MD,PL-->MD,PL-->MD,PL-->MD,PL-->MD,PL-->MD,PL-->MD,PL-->MD,PL-->MD
MC,MCO,Monaco,Monaco,Europe,Western Europe,,MC-->PL,MC-->PL,MC-->PL,MC-->PL,MC-->PL,MC-->PL,MC-->PL,MC-->PL,MC-->PL,MC-->PL,MC-->PL,MC-->PL,MC-->PL,MC-->PL,MC-->PL,MC-->PL,MC-->PL,MC-->PL,MC-->PL,,,,,,,,,,,,,,,,,PL-->MC,PL-->MC,PL-->MC,PL-->MC,PL-->MC,PL-->MC,PL-->MC,PL-->MC,PL-->MC,PL-->MC,PL-->MC,PL-->MC,PL-->MC,PL-->MC,PL-->MC,PL-->MC,PL-->MC,PL-->MC,PL-->MC
MN,MNG,Mongolia,Ulan Bator,Asia,Eastern Asia,,MN-->PL,MN-->PL,MN-->PL,MN-->PL,MN-->PL,MN-->PL,MN-->PL,MN-->PL,MN-->PL,MN-->PL,MN-->PL,MN-->PL,MN-->PL,MN-->PL,MN-->PL,MN-->PL,MN-->PL,MN-->PL,MN-->PL,,,,,,,,,,,,,,,,,PL-->MN,PL-->MN,PL-->MN,PL-->MN,PL-->MN,PL-->MN,PL-->MN,PL-->MN,PL-->MN,PL-->MN,PL-->MN,PL-->MN,PL-->MN,PL-->MN,PL-->MN,PL-->MN,PL-->MN,PL-->MN,PL-->MN
ME,MNE,Montenegro,Podgorica,Europe,Southern Europe,,ME-->PL,ME-->PL,ME-->PL,ME-->PL,ME-->PL,ME-->PL,ME-->PL,ME-->PL,ME-->PL,ME-->PL,ME-->PL,ME-->PL,ME-->PL,ME-->PL,ME-->PL,ME-->PL,ME-->PL,ME-->PL,ME-->PL,,,,,,,,,,,,,,,,,PL-->ME,PL-->ME,PL-->ME,PL-->ME,PL-->ME,PL-->ME,PL-->ME,PL-->ME,PL-->ME,PL-->ME,PL-->ME,PL-->ME,PL-->ME,PL-->ME,PL-->ME,PL-->ME,PL-->ME,PL-->ME,PL-->ME
MS,MSR,Montserrat,Plymouth,Americas,Caribbean,,MS-->PL,MS-->PL,MS-->PL,MS-->PL,MS-->PL,MS-->PL,MS-->PL,MS-->PL,MS-->PL,MS-->PL,MS-->PL,MS-->PL,MS-->PL,MS-->PL,MS-->PL,MS-->PL,MS-->PL,MS-->PL,MS-->PL,,,,,,,,,,,,,,,,,PL-->MS,PL-->MS,PL-->MS,PL-->MS,PL-->MS,PL-->MS,PL-->MS,PL-->MS,PL-->MS,PL-->MS,PL-->MS,PL-->MS,PL-->MS,PL-->MS,PL-->MS,PL-->MS,PL-->MS,PL-->MS,PL-->MS
MA,MAR,Morocco,Rabat,Africa,Northern Africa,,MA-->PL,MA-->PL,MA-->PL,MA-->PL,MA-->PL,MA-->PL,MA-->PL,MA-->PL,MA-->PL,MA-->PL,MA-->PL,MA-->PL,MA-->PL,MA-->PL,MA-->PL,MA-->PL,MA-->PL,MA-->PL,MA-->PL,,,,,,,,,,,,,,,,,PL-->MA,PL-->MA,PL-->MA,PL-->MA,PL-->MA,PL-->MA,PL-->MA,PL-->MA,PL-->MA,PL-->MA,PL-->MA,PL-->MA,PL-->MA,PL-->MA,PL-->MA,PL-->MA,PL-->MA,PL-->MA,PL-->MA
MZ,MOZ,Mozambique,Maputo,Africa,Eastern Africa,,MZ-->PL,MZ-->PL,MZ-->PL,MZ-->PL,MZ-->PL,MZ-->PL,MZ-->PL,MZ-->PL,MZ-->PL,MZ-->PL,MZ-->PL,MZ-->PL,MZ-->PL,MZ-->PL,MZ-->PL,MZ-->PL,MZ-->PL,MZ-->PL,MZ-->PL,,,,,,,,,,,,,,,,,PL-->MZ,PL-->MZ,PL-->MZ,PL-->MZ,PL-->MZ,PL-->MZ,PL-->MZ,PL-->MZ,PL-->MZ,PL-->MZ,PL-->MZ,PL-->MZ,PL-->MZ,PL-->MZ,PL-->MZ,PL-->MZ,PL-->MZ,PL-->MZ,PL-->MZ
MM,MMR,Myanmar,Naypyidaw,Asia,South-Eastern Asia,,MM-->PL,MM-->PL,MM-->PL,MM-->PL,MM-->PL,MM-->PL,MM-->PL,MM-->PL,MM-->PL,MM-->PL,MM-->PL,MM-->PL,MM-->PL,MM-->PL,MM-->PL,MM-->PL,MM-->PL,MM-->PL,MM-->PL,,,,,,,,,,,,,,,,,PL-->MM,PL-->MM,PL-->MM,PL-->MM,PL-->MM,PL-->MM,PL-->MM,PL-->MM,PL-->MM,PL-->MM,PL-->MM,PL-->MM,PL-->MM,PL-->MM,PL-->MM,PL-->MM,PL-->MM,PL-->MM,PL-->MM
,NAM,Namibia,Windhoek,Africa,Southern Africa,,NA-->PL,NA-->PL,NA-->PL,NA-->PL,NA-->PL,NA-->PL,NA-->PL,NA-->PL,NA-->PL,NA-->PL,NA-->PL,NA-->PL,NA-->PL,NA-->PL,NA-->PL,NA-->PL,NA-->PL,NA-->PL,NA-->PL,,,,,,,,,,,,,,,,,PL-->NA,PL-->NA,PL-->NA,PL-->NA,PL-->NA,PL-->NA,PL-->NA,PL-->NA,PL-->NA,PL-->NA,PL-->NA,PL-->NA,PL-->NA,PL-->NA,PL-->NA,PL-->NA,PL-->NA,PL-->NA,PL-->NA
NR,NRU,Nauru,Yaren,Oceania,Micronesia,,NR-->PL,NR-->PL,NR-->PL,NR-->PL,NR-->PL,NR-->PL,NR-->PL,NR-->PL,NR-->PL,NR-->PL,NR-->PL,NR-->PL,NR-->PL,NR-->PL,NR-->PL,NR-->PL,NR-->PL,NR-->PL,NR-->PL,,,,,,,,,,,,,,,,,PL-->NR,PL-->NR,PL-->NR,PL-->NR,PL-->NR,PL-->NR,PL-->NR,PL-->NR,PL-->NR,PL-->NR,PL-->NR,PL-->NR,PL-->NR,PL-->NR,PL-->NR,PL-->NR,PL-->NR,PL-->NR,PL-->NR
NP,NPL,Nepal,Kathmandu,Asia,Southern Asia,,NP-->PL,NP-->PL,NP-->PL,NP-->PL,NP-->PL,NP-->PL,NP-->PL,NP-->PL,NP-->PL,NP-->PL,NP-->PL,NP-->PL,NP-->PL,NP-->PL,NP-->PL,NP-->PL,NP-->PL,NP-->PL,NP-->PL,,,,,,,,,,,,,,,,,PL-->NP,PL-->NP,PL-->NP,PL-->NP,PL-->NP,PL-->NP,PL-->NP,PL-->NP,PL-->NP,PL-->NP,PL-->NP,PL-->NP,PL-->NP,PL-->NP,PL-->NP,PL-->NP,PL-->NP,PL-->NP,PL-->NP
NL,NLD,Netherlands,Amsterdam,Europe,Western Europe,,NL-->PL,NL-->PL,NL-->PL,NL-->PL,NL-->PL,NL-->PL,NL-->PL,NL-->PL,NL-->PL,NL-->PL,NL-->PL,NL-->PL,NL-->PL,NL-->PL,NL-->PL,NL-->PL,NL-->PL,NL-->PL,NL-->PL,,,,,,,,,,,,,,,,,PL-->NL,PL-->NL,PL-->NL,PL-->NL,PL-->NL,PL-->NL,PL-->NL,PL-->NL,PL-->NL,PL-->NL,PL-->NL,PL-->NL,PL-->NL,PL-->NL,PL-->NL,PL-->NL,PL-->NL,PL-->NL,PL-->NL
NC,NCL,New Caledonia,Nouméa,Oceania,Melanesia,,NC-->PL,NC-->PL,NC-->PL,NC-->PL,NC-->PL,NC-->PL,NC-->PL,NC-->PL,NC-->PL,NC-->PL,NC-->PL,NC-->PL,NC-->PL,NC-->PL,NC-->PL,NC-->PL,NC-->PL,NC-->PL,NC-->PL,,,,,,,,,,,,,,,,,PL-->NC,PL-->NC,PL-->NC,PL-->NC,PL-->NC,PL-->NC,PL-->NC,PL-->NC,PL-->NC,PL-->NC,PL-->NC,PL-->NC,PL-->NC,PL-->NC,PL-->NC,PL-->NC,PL-->NC,PL-->NC,PL-->NC
NZ,NZL,New Zealand,Wellington,Oceania,Australia and New Zealand,,NZ-->PL,NZ-->PL,NZ-->PL,NZ-->PL,NZ-->PL,NZ-->PL,NZ-->PL,NZ-->PL,NZ-->PL,NZ-->PL,NZ-->PL,NZ-->PL,NZ-->PL,NZ-->PL,NZ-->PL,NZ-->PL,NZ-->PL,NZ-->PL,NZ-->PL,,,,,,,,,,,,,,,,,PL-->NZ,PL-->NZ,PL-->NZ,PL-->NZ,PL-->NZ,PL-->NZ,PL-->NZ,PL-->NZ,PL-->NZ,PL-->NZ,PL-->NZ,PL-->NZ,PL-->NZ,PL-->NZ,PL-->NZ,PL-->NZ,PL-->NZ,PL-->NZ,PL-->NZ
NI,NIC,Nicaragua,Managua,Americas,Central America,,NI-->PL,NI-->PL,NI-->PL,NI-->PL,NI-->PL,NI-->PL,NI-->PL,NI-->PL,NI-->PL,NI-->PL,NI-->PL,NI-->PL,NI-->PL,NI-->PL,NI-->PL,NI-->PL,NI-->PL,NI-->PL,NI-->PL,,,,,,,,,,,,,,,,,PL-->NI,PL-->NI,PL-->NI,PL-->NI,PL-->NI,PL-->NI,PL-->NI,PL-->NI,PL-->NI,PL-->NI,PL-->NI,PL-->NI,PL-->NI,PL-->NI,PL-->NI,PL-->NI,PL-->NI,PL-->NI,PL-->NI
NE,NER,Niger,Niamey,Africa,Western Africa,,NE-->PL,NE-->PL,NE-->PL,NE-->PL,NE-->PL,NE-->PL,NE-->PL,NE-->PL,NE-->PL,NE-->PL,NE-->PL,NE-->PL,NE-->PL,NE-->PL,NE-->PL,NE-->PL,NE-->PL,NE-->PL,NE-->PL,,,,,,,,,,,,,,,,,PL-->NE,PL-->NE,PL-->NE,PL-->NE,PL-->NE,PL-->NE,PL-->NE,PL-->NE,PL-->NE,PL-->NE,PL-->NE,PL-->NE,PL-->NE,PL-->NE,PL-->NE,PL-->NE,PL-->NE,PL-->NE,PL-->NE
NG,NGA,Nigeria,Abuja,Africa,Western Africa,,NG-->PL,NG-->PL,NG-->PL,NG-->PL,NG-->PL,NG-->PL,NG-->PL,NG-->PL,NG-->PL,NG-->PL,NG-->PL,NG-->PL,NG-->PL,NG-->PL,NG-->PL,NG-->PL,NG-->PL,NG-->PL,NG-->PL,,,,,,,,,,,,,,,,,PL-->NG,PL-->NG,PL-->NG,PL-->NG,PL-->NG,PL-->NG,PL-->NG,PL-->NG,PL-->NG,PL-->NG,PL-->NG,PL-->NG,PL-->NG,PL-->NG,PL-->NG,PL-->NG,PL-->NG,PL-->NG,PL-->NG
NU,NIU,Niue,Alofi,Oceania,Polynesia,,NU-->PL,NU-->PL,NU-->PL,NU-->PL,NU-->PL,NU-->PL,NU-->PL,NU-->PL,NU-->PL,NU-->PL,NU-->PL,NU-->PL,NU-->PL,NU-->PL,NU-->PL,NU-->PL,NU-->PL,NU-->PL,NU-->PL,,,,,,,,,,,,,,,,,PL-->NU,PL-->NU,PL-->NU,PL-->NU,PL-->NU,PL-->NU,PL-->NU,PL-->NU,PL-->NU,PL-->NU,PL-->NU,PL-->NU,PL-->NU,PL-->NU,PL-->NU,PL-->NU,PL-->NU,PL-->NU,PL-->NU
NF,NFK,Norfolk Island,Kingston,Oceania,Australia and New Zealand,,NF-->PL,NF-->PL,NF-->PL,NF-->PL,NF-->PL,NF-->PL,NF-->PL,NF-->PL,NF-->PL,NF-->PL,NF-->PL,NF-->PL,NF-->PL,NF-->PL,NF-->PL,NF-->PL,NF-->PL,NF-->PL,NF-->PL,,,,,,,,,,,,,,,,,PL-->NF,PL-->NF,PL-->NF,PL-->NF,PL-->NF,PL-->NF,PL-->NF,PL-->NF,PL-->NF,PL-->NF,PL-->NF,PL-->NF,PL-->NF,PL-->NF,PL-->NF,PL-->NF,PL-->NF,PL-->NF,PL-->NF
KP,PRK,North Korea,Pyongyang,Asia,Eastern Asia,,KP-->PL,KP-->PL,KP-->PL,KP-->PL,KP-->PL,KP-->PL,KP-->PL,KP-->PL,KP-->PL,KP-->PL,KP-->PL,KP-->PL,KP-->PL,KP-->PL,KP-->PL,KP-->PL,KP-->PL,KP-->PL,KP-->PL,,,,,,,,,,,,,,,,,PL-->KP,PL-->KP,PL-->KP,PL-->KP,PL-->KP,PL-->KP,PL-->KP,PL-->KP,PL-->KP,PL-->KP,PL-->KP,PL-->KP,PL-->KP,PL-->KP,PL-->KP,PL-->KP,PL-->KP,PL-->KP,PL-->KP
MP,MNP,Northern Mariana Islands,Saipan,Oceania,Micronesia,,MP-->PL,MP-->PL,MP-->PL,MP-->PL,MP-->PL,MP-->PL,MP-->PL,MP-->PL,MP-->PL,MP-->PL,MP-->PL,MP-->PL,MP-->PL,MP-->PL,MP-->PL,MP-->PL,MP-->PL,MP-->PL,MP-->PL,,,,,,,,,,,,,,,,,PL-->MP,PL-->MP,PL-->MP,PL-->MP,PL-->MP,PL-->MP,PL-->MP,PL-->MP,PL-->MP,PL-->MP,PL-->MP,PL-->MP,PL-->MP,PL-->MP,PL-->MP,PL-->MP,PL-->MP,PL-->MP,PL-->MP
NO,NOR,Norway,Oslo,Europe,Northern Europe,,NO-->PL,NO-->PL,NO-->PL,NO-->PL,NO-->PL,NO-->PL,NO-->PL,NO-->PL,NO-->PL,NO-->PL,NO-->PL,NO-->PL,NO-->PL,NO-->PL,NO-->PL,NO-->PL,NO-->PL,NO-->PL,NO-->PL,,,,,,,,,,,,,,,,,PL-->NO,PL-->NO,PL-->NO,PL-->NO,PL-->NO,PL-->NO,PL-->NO,PL-->NO,PL-->NO,PL-->NO,PL-->NO,PL-->NO,PL-->NO,PL-->NO,PL-->NO,PL-->NO,PL-->NO,PL-->NO,PL-->NO
OM,OMN,Oman,Muscat,Asia,Western Asia,,OM-->PL,OM-->PL,OM-->PL,OM-->PL,OM-->PL,OM-->PL,OM-->PL,OM-->PL,OM-->PL,OM-->PL,OM-->PL,OM-->PL,OM-->PL,OM-->PL,OM-->PL,OM-->PL,OM-->PL,OM-->PL,OM-->PL,,,,,,,,,,,,,,,,,PL-->OM,PL-->OM,PL-->OM,PL-->OM,PL-->OM,PL-->OM,PL-->OM,PL-->OM,PL-->OM,PL-->OM,PL-->OM,PL-->OM,PL-->OM,PL-->OM,PL-->OM,PL-->OM,PL-->OM,PL-->OM,PL-->OM
PK,PAK,Pakistan,Islamabad,Asia,Southern Asia,,PK-->PL,PK-->PL,PK-->PL,PK-->PL,PK-->PL,PK-->PL,PK-->PL,PK-->PL,PK-->PL,PK-->PL,PK-->PL,PK-->PL,PK-->PL,PK-->PL,PK-->PL,PK-->PL,PK-->PL,PK-->PL,PK-->PL,,,,,,,,,,,,,,,,,PL-->PK,PL-->PK,PL-->PK,PL-->PK,PL-->PK,PL-->PK,PL-->PK,PL-->PK,PL-->PK,PL-->PK,PL-->PK,PL-->PK,PL-->PK,PL-->PK,PL-->PK,PL-->PK,PL-->PK,PL-->PK,PL-->PK
PW,PLW,Palau,Ngerulmud,Oceania,Micronesia,,PW-->PL,PW-->PL,PW-->PL,PW-->PL,PW-->PL,PW-->PL,PW-->PL,PW-->PL,PW-->PL,PW-->PL,PW-->PL,PW-->PL,PW-->PL,PW-->PL,PW-->PL,PW-->PL,PW-->PL,PW-->PL,PW-->PL,,,,,,,,,,,,,,,,,PL-->PW,PL-->PW,PL-->PW,PL-->PW,PL-->PW,PL-->PW,PL-->PW,PL-->PW,PL-->PW,PL-->PW,PL-->PW,PL-->PW,PL-->PW,PL-->PW,PL-->PW,PL-->PW,PL-->PW,PL-->PW,PL-->PW
PS,PSE,Palestine,Ramallah,Asia,Western Asia,,PS-->PL,PS-->PL,PS-->PL,PS-->PL,PS-->PL,PS-->PL,PS-->PL,PS-->PL,PS-->PL,PS-->PL,PS-->PL,PS-->PL,PS-->PL,PS-->PL,PS-->PL,PS-->PL,PS-->PL,PS-->PL,PS-->PL,,,,,,,,,,,,,,,,,PL-->PS,PL-->PS,PL-->PS,PL-->PS,PL-->PS,PL-->PS,PL-->PS,PL-->PS,PL-->PS,PL-->PS,PL-->PS,PL-->PS,PL-->PS,PL-->PS,PL-->PS,PL-->PS,PL-->PS,PL-->PS,PL-->PS
PA,PAN,Panama,Panama City,Americas,Central America,,PA-->PL,PA-->PL,PA-->PL,PA-->PL,PA-->PL,PA-->PL,PA-->PL,PA-->PL,PA-->PL,PA-->PL,PA-->PL,PA-->PL,PA-->PL,PA-->PL,PA-->PL,PA-->PL,PA-->PL,PA-->PL,PA-->PL,,,,,,,,,,,,,,,,,PL-->PA,PL-->PA,PL-->PA,PL-->PA,PL-->PA,PL-->PA,PL-->PA,PL-->PA,PL-->PA,PL-->PA,PL-->PA,PL-->PA,PL-->PA,PL-->PA,PL-->PA,PL-->PA,PL-->PA,PL-->PA,PL-->PA
PG,PNG,Papua New Guinea,Port Moresby,Oceania,Melanesia,,PG-->PL,PG-->PL,PG-->PL,PG-->PL,PG-->PL,PG-->PL,PG-->PL,PG-->PL,PG-->PL,PG-->PL,PG-->PL,PG-->PL,PG-->PL,PG-->PL,PG-->PL,PG-->PL,PG-->PL,PG-->PL,PG-->PL,,,,,,,,,,,,,,,,,PL-->PG,PL-->PG,PL-->PG,PL-->PG,PL-->PG,PL-->PG,PL-->PG,PL-->PG,PL-->PG,PL-->PG,PL-->PG,PL-->PG,PL-->PG,PL-->PG,PL-->PG,PL-->PG,PL-->PG,PL-->PG,PL-->PG
PY,PRY,Paraguay,Asunción,Americas,South America,,PY-->PL,PY-->PL,PY-->PL,PY-->PL,PY-->PL,PY-->PL,PY-->PL,PY-->PL,PY-->PL,PY-->PL,PY-->PL,PY-->PL,PY-->PL,PY-->PL,PY-->PL,PY-->PL,PY-->PL,PY-->PL,PY-->PL,,,,,,,,,,,,,,,,,PL-->PY,PL-->PY,PL-->PY,PL-->PY,PL-->PY,PL-->PY,PL-->PY,PL-->PY,PL-->PY,PL-->PY,PL-->PY,PL-->PY,PL-->PY,PL-->PY,PL-->PY,PL-->PY,PL-->PY,PL-->PY,PL-->PY
PE,PER,Peru,Lima,Americas,South America,,PE-->PL,PE-->PL,PE-->PL,PE-->PL,PE-->PL,PE-->PL,PE-->PL,PE-->PL,PE-->PL,PE-->PL,PE-->PL,PE-->PL,PE-->PL,PE-->PL,PE-->PL,PE-->PL,PE-->PL,PE-->PL,PE-->PL,,,,,,,,,,,,,,,,,PL-->PE,PL-->PE,PL-->PE,PL-->PE,PL-->PE,PL-->PE,PL-->PE,PL-->PE,PL-->PE,PL-->PE,PL-->PE,PL-->PE,PL-->PE,PL-->PE,PL-->PE,PL-->PE,PL-->PE,PL-->PE,PL-->PE
PH,PHL,Philippines,Manila,Asia,South-Eastern Asia,,PH-->PL,PH-->PL,PH-->PL,PH-->PL,PH-->PL,PH-->PL,PH-->PL,PH-->PL,PH-->PL,PH-->PL,PH-->PL,PH-->PL,PH-->PL,PH-->PL,PH-->PL,PH-->PL,PH-->PL,PH-->PL,PH-->PL,,,,,,,,,,,,,,,,,PL-->PH,PL-->PH,PL-->PH,PL-->PH,PL-->PH,PL-->PH,PL-->PH,PL-->PH,PL-->PH,PL-->PH,PL-->PH,PL-->PH,PL-->PH,PL-->PH,PL-->PH,PL-->PH,PL-->PH,PL-->PH,PL-->PH
PN,PCN,Pitcairn Islands,Adamstown,Oceania,Polynesia,,PN-->PL,PN-->PL,PN-->PL,PN-->PL,PN-->PL,PN-->PL,PN-->PL,PN-->PL,PN-->PL,PN-->PL,PN-->PL,PN-->PL,PN-->PL,PN-->PL,PN-->PL,PN-->PL,PN-->PL,PN-->PL,PN-->PL,,,,,,,,,,,,,,,,,PL-->PN,PL-->PN,PL-->PN,PL-->PN,PL-->PN,PL-->PN,PL-->PN,PL-->PN,PL-->PN,PL-->PN,PL-->PN,PL-->PN,PL-->PN,PL-->PN,PL-->PN,PL-->PN,PL-->PN,PL-->PN,PL-->PN
PL,POL,Poland,Warsaw,Europe,Eastern Europe,,PL-->PL,PL-->PL,PL-->PL,PL-->PL,PL-->PL,PL-->PL,PL-->PL,PL-->PL,PL-->PL,PL-->PL,PL-->PL,PL-->PL,PL-->PL,PL-->PL,PL-->PL,PL-->PL,PL-->PL,PL-->PL,PL-->PL,,,,,,,,,,,,,,,,,PL-->PL,PL-->PL,PL-->PL,PL-->PL,PL-->PL,PL-->PL,PL-->PL,PL-->PL,PL-->PL,PL-->PL,PL-->PL,PL-->PL,PL-->PL,PL-->PL,PL-->PL,PL-->PL,PL-->PL,PL-->PL,PL-->PL
PT,PRT,Portugal,Lisbon,Europe,Southern Europe,,PT-->PL,PT-->PL,PT-->PL,PT-->PL,PT-->PL,PT-->PL,PT-->PL,PT-->PL,PT-->PL,PT-->PL,PT-->PL,PT-->PL,PT-->PL,PT-->PL,PT-->PL,PT-->PL,PT-->PL,PT-->PL,PT-->PL,,,,,,,,,,,,,,,,,PL-->PT,PL-->PT,PL-->PT,PL-->PT,PL-->PT,PL-->PT,PL-->PT,PL-->PT,PL-->PT,PL-->PT,PL-->PT,PL-->PT,PL-->PT,PL-->PT,PL-->PT,PL-->PT,PL-->PT,PL-->PT,PL-->PT
PR,PRI,Puerto Rico,San Juan,Americas,Caribbean,,PR-->PL,PR-->PL,PR-->PL,PR-->PL,PR-->PL,PR-->PL,PR-->PL,PR-->PL,PR-->PL,PR-->PL,PR-->PL,PR-->PL,PR-->PL,PR-->PL,PR-->PL,PR-->PL,PR-->PL,PR-->PL,PR-->PL,,,,,,,,,,,,,,,,,PL-->PR,PL-->PR,PL-->PR,PL-->PR,PL-->PR,PL-->PR,PL-->PR,PL-->PR,PL-->PR,PL-->PR,PL-->PR,PL-->PR,PL-->PR,PL-->PR,PL-->PR,PL-->PR,PL-->PR,PL-->PR,PL-->PR
QA,QAT,Qatar,Doha,Asia,Western Asia,,QA-->PL,QA-->PL,QA-->PL,QA-->PL,QA-->PL,QA-->PL,QA-->PL,QA-->PL,QA-->PL,QA-->PL,QA-->PL,QA-->PL,QA-->PL,QA-->PL,QA-->PL,QA-->PL,QA-->PL,QA-->PL,QA-->PL,,,,,,,,,,,,,,,,,PL-->QA,PL-->QA,PL-->QA,PL-->QA,PL-->QA,PL-->QA,PL-->QA,PL-->QA,PL-->QA,PL-->QA,PL-->QA,PL-->QA,PL-->QA,PL-->QA,PL-->QA,PL-->QA,PL-->QA,PL-->QA,PL-->QA
XK,KOS,Republic of Kosovo,Pristina,Europe,Eastern Europe,,XK-->PL,XK-->PL,XK-->PL,XK-->PL,XK-->PL,XK-->PL,XK-->PL,XK-->PL,XK-->PL,XK-->PL,XK-->PL,XK-->PL,XK-->PL,XK-->PL,XK-->PL,XK-->PL,XK-->PL,XK-->PL,XK-->PL,,,,,,,,,,,,,,,,,PL-->XK,PL-->XK,PL-->XK,PL-->XK,PL-->XK,PL-->XK,PL-->XK,PL-->XK,PL-->XK,PL-->XK,PL-->XK,PL-->XK,PL-->XK,PL-->XK,PL-->XK,PL-->XK,PL-->XK,PL-->XK,PL-->XK
RE,REU,Réunion,Saint-Denis,Africa,Eastern Africa,,RE-->PL,RE-->PL,RE-->PL,RE-->PL,RE-->PL,RE-->PL,RE-->PL,RE-->PL,RE-->PL,RE-->PL,RE-->PL,RE-->PL,RE-->PL,RE-->PL,RE-->PL,RE-->PL,RE-->PL,RE-->PL,RE-->PL,,,,,,,,,,,,,,,,,PL-->RE,PL-->RE,PL-->RE,PL-->RE,PL-->RE,PL-->RE,PL-->RE,PL-->RE,PL-->RE,PL-->RE,PL-->RE,PL-->RE,PL-->RE,PL-->RE,PL-->RE,PL-->RE,PL-->RE,PL-->RE,PL-->RE
RO,ROU,Romania,Bucharest,Europe,Eastern Europe,,RO-->PL,RO-->PL,RO-->PL,RO-->PL,RO-->PL,RO-->PL,RO-->PL,RO-->PL,RO-->PL,RO-->PL,RO-->PL,RO-->PL,RO-->PL,RO-->PL,RO-->PL,RO-->PL,RO-->PL,RO-->PL,RO-->PL,,,,,,,,,,,,,,,,,PL-->RO,PL-->RO,PL-->RO,PL-->RO,PL-->RO,PL-->RO,PL-->RO,PL-->RO,PL-->RO,PL-->RO,PL-->RO,PL-->RO,PL-->RO,PL-->RO,PL-->RO,PL-->RO,PL-->RO,PL-->RO,PL-->RO
RU,RUS,Russia,Moscow,Europe,Eastern Europe,,RU-->PL,RU-->PL,RU-->PL,RU-->PL,RU-->PL,RU-->PL,RU-->PL,RU-->PL,RU-->PL,RU-->PL,RU-->PL,RU-->PL,RU-->PL,RU-->PL,RU-->PL,RU-->PL,RU-->PL,RU-->PL,RU-->PL,,,,,,,,,,,,,,,,,PL-->RU,PL-->RU,PL-->RU,PL-->RU,PL-->RU,PL-->RU,PL-->RU,PL-->RU,PL-->RU,PL-->RU,PL-->RU,PL-->RU,PL-->RU,PL-->RU,PL-->RU,PL-->RU,PL-->RU,PL-->RU,PL-->RU
RW,RWA,Rwanda,Kigali,Africa,Eastern Africa,,RW-->PL,RW-->PL,RW-->PL,RW-->PL,RW-->PL,RW-->PL,RW-->PL,RW-->PL,RW-->PL,RW-->PL,RW-->PL,RW-->PL,RW-->PL,RW-->PL,RW-->PL,RW-->PL,RW-->PL,RW-->PL,RW-->PL,,,,,,,,,,,,,,,,,PL-->RW,PL-->RW,PL-->RW,PL-->RW,PL-->RW,PL-->RW,PL-->RW,PL-->RW,PL-->RW,PL-->RW,PL-->RW,PL-->RW,PL-->RW,PL-->RW,PL-->RW,PL-->RW,PL-->RW,PL-->RW,PL-->RW
BL,BLM,Saint Barthélemy,Gustavia,Americas,Caribbean,,BL-->PL,BL-->PL,BL-->PL,BL-->PL,BL-->PL,BL-->PL,BL-->PL,BL-->PL,BL-->PL,BL-->PL,BL-->PL,BL-->PL,BL-->PL,BL-->PL,BL-->PL,BL-->PL,BL-->PL,BL-->PL,BL-->PL,,,,,,,,,,,,,,,,,PL-->BL,PL-->BL,PL-->BL,PL-->BL,PL-->BL,PL-->BL,PL-->BL,PL-->BL,PL-->BL,PL-->BL,PL-->BL,PL-->BL,PL-->BL,PL-->BL,PL-->BL,PL-->BL,PL-->BL,PL-->BL,PL-->BL
SH,SHN,Saint Helena,Jamestown,Africa,Western Africa,,SH-->PL,SH-->PL,SH-->PL,SH-->PL,SH-->PL,SH-->PL,SH-->PL,SH-->PL,SH-->PL,SH-->PL,SH-->PL,SH-->PL,SH-->PL,SH-->PL,SH-->PL,SH-->PL,SH-->PL,SH-->PL,SH-->PL,,,,,,,,,,,,,,,,,PL-->SH,PL-->SH,PL-->SH,PL-->SH,PL-->SH,PL-->SH,PL-->SH,PL-->SH,PL-->SH,PL-->SH,PL-->SH,PL-->SH,PL-->SH,PL-->SH,PL-->SH,PL-->SH,PL-->SH,PL-->SH,PL-->SH
KN,KNA,Saint Kitts and Nevis,Basseterre,Americas,Caribbean,,KN-->PL,KN-->PL,KN-->PL,KN-->PL,KN-->PL,KN-->PL,KN-->PL,KN-->PL,KN-->PL,KN-->PL,KN-->PL,KN-->PL,KN-->PL,KN-->PL,KN-->PL,KN-->PL,KN-->PL,KN-->PL,KN-->PL,,,,,,,,,,,,,,,,,PL-->KN,PL-->KN,PL-->KN,PL-->KN,PL-->KN,PL-->KN,PL-->KN,PL-->KN,PL-->KN,PL-->KN,PL-->KN,PL-->KN,PL-->KN,PL-->KN,PL-->KN,PL-->KN,PL-->KN,PL-->KN,PL-->KN
LC,LCA,Saint Lucia,Castries,Americas,Caribbean,,LC-->PL,LC-->PL,LC-->PL,LC-->PL,LC-->PL,LC-->PL,LC-->PL,LC-->PL,LC-->PL,LC-->PL,LC-->PL,LC-->PL,LC-->PL,LC-->PL,LC-->PL,LC-->PL,LC-->PL,LC-->PL,LC-->PL,,,,,,,,,,,,,,,,,PL-->LC,PL-->LC,PL-->LC,PL-->LC,PL-->LC,PL-->LC,PL-->LC,PL-->LC,PL-->LC,PL-->LC,PL-->LC,PL-->LC,PL-->LC,PL-->LC,PL-->LC,PL-->LC,PL-->LC,PL-->LC,PL-->LC
MF,MAF,Saint Martin,Marigot,Americas,Caribbean,,MF-->PL,MF-->PL,MF-->PL,MF-->PL,MF-->PL,MF-->PL,MF-->PL,MF-->PL,MF-->PL,MF-->PL,MF-->PL,MF-->PL,MF-->PL,MF-->PL,MF-->PL,MF-->PL,MF-->PL,MF-->PL,MF-->PL,,,,,,,,,,,,,,,,,PL-->MF,PL-->MF,PL-->MF,PL-->MF,PL-->MF,PL-->MF,PL-->MF,PL-->MF,PL-->MF,PL-->MF,PL-->MF,PL-->MF,PL-->MF,PL-->MF,PL-->MF,PL-->MF,PL-->MF,PL-->MF,PL-->MF
PM,SPM,Saint Pierre and Miquelon,Saint-Pierre,Americas,Northern America,,PM-->PL,PM-->PL,PM-->PL,PM-->PL,PM-->PL,PM-->PL,PM-->PL,PM-->PL,PM-->PL,PM-->PL,PM-->PL,PM-->PL,PM-->PL,PM-->PL,PM-->PL,PM-->PL,PM-->PL,PM-->PL,PM-->PL,,,,,,,,,,,,,,,,,PL-->PM,PL-->PM,PL-->PM,PL-->PM,PL-->PM,PL-->PM,PL-->PM,PL-->PM,PL-->PM,PL-->PM,PL-->PM,PL-->PM,PL-->PM,PL-->PM,PL-->PM,PL-->PM,PL-->PM,PL-->PM,PL-->PM
VC,VCT,Saint Vincent and the Grenadines,Kingstown,Americas,Caribbean,,VC-->PL,VC-->PL,VC-->PL,VC-->PL,VC-->PL,VC-->PL,VC-->PL,VC-->PL,VC-->PL,VC-->PL,VC-->PL,VC-->PL,VC-->PL,VC-->PL,VC-->PL,VC-->PL,VC-->PL,VC-->PL,VC-->PL,,,,,,,,,,,,,,,,,PL-->VC,PL-->VC,PL-->VC,PL-->VC,PL-->VC,PL-->VC,PL-->VC,PL-->VC,PL-->VC,PL-->VC,PL-->VC,PL-->VC,PL-->VC,PL-->VC,PL-->VC,PL-->VC,PL-->VC,PL-->VC,PL-->VC
WS,WSM,Samoa,Apia,Oceania,Polynesia,,WS-->PL,WS-->PL,WS-->PL,WS-->PL,WS-->PL,WS-->PL,WS-->PL,WS-->PL,WS-->PL,WS-->PL,WS-->PL,WS-->PL,WS-->PL,WS-->PL,WS-->PL,WS-->PL,WS-->PL,WS-->PL,WS-->PL,,,,,,,,,,,,,,,,,PL-->WS,PL-->WS,PL-->WS,PL-->WS,PL-->WS,PL-->WS,PL-->WS,PL-->WS,PL-->WS,PL-->WS,PL-->WS,PL-->WS,PL-->WS,PL-->WS,PL-->WS,PL-->WS,PL-->WS,PL-->WS,PL-->WS
SM,SMR,San Marino,City of San Marino,Europe,Southern Europe,,SM-->PL,SM-->PL,SM-->PL,SM-->PL,SM-->PL,SM-->PL,SM-->PL,SM-->PL,SM-->PL,SM-->PL,SM-->PL,SM-->PL,SM-->PL,SM-->PL,SM-->PL,SM-->PL,SM-->PL,SM-->PL,SM-->PL,,,,,,,,,,,,,,,,,PL-->SM,PL-->SM,PL-->SM,PL-->SM,PL-->SM,PL-->SM,PL-->SM,PL-->SM,PL-->SM,PL-->SM,PL-->SM,PL-->SM,PL-->SM,PL-->SM,PL-->SM,PL-->SM,PL-->SM,PL-->SM,PL-->SM
ST,STP,São Tomé and Príncipe,São Tomé,Africa,Middle Africa,,ST-->PL,ST-->PL,ST-->PL,ST-->PL,ST-->PL,ST-->PL,ST-->PL,ST-->PL,ST-->PL,ST-->PL,ST-->PL,ST-->PL,ST-->PL,ST-->PL,ST-->PL,ST-->PL,ST-->PL,ST-->PL,ST-->PL,,,,,,,,,,,,,,,,,PL-->ST,PL-->ST,PL-->ST,PL-->ST,PL-->ST,PL-->ST,PL-->ST,PL-->ST,PL-->ST,PL-->ST,PL-->ST,PL-->ST,PL-->ST,PL-->ST,PL-->ST,PL-->ST,PL-->ST,PL-->ST,PL-->ST
SA,SAU,Saudi Arabia,Riyadh,Asia,Western Asia,,SA-->PL,SA-->PL,SA-->PL,SA-->PL,SA-->PL,SA-->PL,SA-->PL,SA-->PL,SA-->PL,SA-->PL,SA-->PL,SA-->PL,SA-->PL,SA-->PL,SA-->PL,SA-->PL,SA-->PL,SA-->PL,SA-->PL,,,,,,,,,,,,,,,,,PL-->SA,PL-->SA,PL-->SA,PL-->SA,PL-->SA,PL-->SA,PL-->SA,PL-->SA,PL-->SA,PL-->SA,PL-->SA,PL-->SA,PL-->SA,PL-->SA,PL-->SA,PL-->SA,PL-->SA,PL-->SA,PL-->SA
SN,SEN,Senegal,Dakar,Africa,Western Africa,,SN-->PL,SN-->PL,SN-->PL,SN-->PL,SN-->PL,SN-->PL,SN-->PL,SN-->PL,SN-->PL,SN-->PL,SN-->PL,SN-->PL,SN-->PL,SN-->PL,SN-->PL,SN-->PL,SN-->PL,SN-->PL,SN-->PL,,,,,,,,,,,,,,,,,PL-->SN,PL-->SN,PL-->SN,PL-->SN,PL-->SN,PL-->SN,PL-->SN,PL-->SN,PL-->SN,PL-->SN,PL-->SN,PL-->SN,PL-->SN,PL-->SN,PL-->SN,PL-->SN,PL-->SN,PL-->SN,PL-->SN
RS,SRB,Serbia,Belgrade,Europe,Southern Europe,,RS-->PL,RS-->PL,RS-->PL,RS-->PL,RS-->PL,RS-->PL,RS-->PL,RS-->PL,RS-->PL,RS-->PL,RS-->PL,RS-->PL,RS-->PL,RS-->PL,RS-->PL,RS-->PL,RS-->PL,RS-->PL,RS-->PL,,,,,,,,,,,,,,,,,PL-->RS,PL-->RS,PL-->RS,PL-->RS,PL-->RS,PL-->RS,PL-->RS,PL-->RS,PL-->RS,PL-->RS,PL-->RS,PL-->RS,PL-->RS,PL-->RS,PL-->RS,PL-->RS,PL-->RS,PL-->RS,PL-->RS
SC,SYC,Seychelles,Victoria,Africa,Eastern Africa,,SC-->PL,SC-->PL,SC-->PL,SC-->PL,SC-->PL,SC-->PL,SC-->PL,SC-->PL,SC-->PL,SC-->PL,SC-->PL,SC-->PL,SC-->PL,SC-->PL,SC-->PL,SC-->PL,SC-->PL,SC-->PL,SC-->PL,,,,,,,,,,,,,,,,,PL-->SC,PL-->SC,PL-->SC,PL-->SC,PL-->SC,PL-->SC,PL-->SC,PL-->SC,PL-->SC,PL-->SC,PL-->SC,PL-->SC,PL-->SC,PL-->SC,PL-->SC,PL-->SC,PL-->SC,PL-->SC,PL-->SC
SL,SLE,Sierra Leone,Freetown,Africa,Western Africa,,SL-->PL,SL-->PL,SL-->PL,SL-->PL,SL-->PL,SL-->PL,SL-->PL,SL-->PL,SL-->PL,SL-->PL,SL-->PL,SL-->PL,SL-->PL,SL-->PL,SL-->PL,SL-->PL,SL-->PL,SL-->PL,SL-->PL,,,,,,,,,,,,,,,,,PL-->SL,PL-->SL,PL-->SL,PL-->SL,PL-->SL,PL-->SL,PL-->SL,PL-->SL,PL-->SL,PL-->SL,PL-->SL,PL-->SL,PL-->SL,PL-->SL,PL-->SL,PL-->SL,PL-->SL,PL-->SL,PL-->SL
SG,SGP,Singapore,Singapore,Asia,South-Eastern Asia,,SG-->PL,SG-->PL,SG-->PL,SG-->PL,SG-->PL,SG-->PL,SG-->PL,SG-->PL,SG-->PL,SG-->PL,SG-->PL,SG-->PL,SG-->PL,SG-->PL,SG-->PL,SG-->PL,SG-->PL,SG-->PL,SG-->PL,,,,,,,,,,,,,,,,,PL-->SG,PL-->SG,PL-->SG,PL-->SG,PL-->SG,PL-->SG,PL-->SG,PL-->SG,PL-->SG,PL-->SG,PL-->SG,PL-->SG,PL-->SG,PL-->SG,PL-->SG,PL-->SG,PL-->SG,PL-->SG,PL-->SG
SX,SXM,Sint Maarten,Philipsburg,Americas,Caribbean,,SX-->PL,SX-->PL,SX-->PL,SX-->PL,SX-->PL,SX-->PL,SX-->PL,SX-->PL,SX-->PL,SX-->PL,SX-->PL,SX-->PL,SX-->PL,SX-->PL,SX-->PL,SX-->PL,SX-->PL,SX-->PL,SX-->PL,,,,,,,,,,,,,,,,,PL-->SX,PL-->SX,PL-->SX,PL-->SX,PL-->SX,PL-->SX,PL-->SX,PL-->SX,PL-->SX,PL-->SX,PL-->SX,PL-->SX,PL-->SX,PL-->SX,PL-->SX,PL-->SX,PL-->SX,PL-->SX,PL-->SX
SK,SVK,Slovakia,Bratislava,Europe,Eastern Europe,,SK-->PL,SK-->PL,SK-->PL,SK-->PL,SK-->PL,SK-->PL,SK-->PL,SK-->PL,SK-->PL,SK-->PL,SK-->PL,SK-->PL,SK-->PL,SK-->PL,SK-->PL,SK-->PL,SK-->PL,SK-->PL,SK-->PL,,,,,,,,,,,,,,,,,PL-->SK,PL-->SK,PL-->SK,PL-->SK,PL-->SK,PL-->SK,PL-->SK,PL-->SK,PL-->SK,PL-->SK,PL-->SK,PL-->SK,PL-->SK,PL-->SK,PL-->SK,PL-->SK,PL-->SK,PL-->SK,PL-->SK
SI,SVN,Slovenia,Ljubljana,Europe,Southern Europe,,SI-->PL,SI-->PL,SI-->PL,SI-->PL,SI-->PL,SI-->PL,SI-->PL,SI-->PL,SI-->PL,SI-->PL,SI-->PL,SI-->PL,SI-->PL,SI-->PL,SI-->PL,SI-->PL,SI-->PL,SI-->PL,SI-->PL,,,,,,,,,,,,,,,,,PL-->SI,PL-->SI,PL-->SI,PL-->SI,PL-->SI,PL-->SI,PL-->SI,PL-->SI,PL-->SI,PL-->SI,PL-->SI,PL-->SI,PL-->SI,PL-->SI,PL-->SI,PL-->SI,PL-->SI,PL-->SI,PL-->SI
SB,SLB,Solomon Islands,Honiara,Oceania,Melanesia,,SB-->PL,SB-->PL,SB-->PL,SB-->PL,SB-->PL,SB-->PL,SB-->PL,SB-->PL,SB-->PL,SB-->PL,SB-->PL,SB-->PL,SB-->PL,SB-->PL,SB-->PL,SB-->PL,SB-->PL,SB-->PL,SB-->PL,,,,,,,,,,,,,,,,,PL-->SB,PL-->SB,PL-->SB,PL-->SB,PL-->SB,PL-->SB,PL-->SB,PL-->SB,PL-->SB,PL-->SB,PL-->SB,PL-->SB,PL-->SB,PL-->SB,PL-->SB,PL-->SB,PL-->SB,PL-->SB,PL-->SB
SO,SOM,Somalia,Mogadishu,Africa,Eastern Africa,,SO-->PL,SO-->PL,SO-->PL,SO-->PL,SO-->PL,SO-->PL,SO-->PL,SO-->PL,SO-->PL,SO-->PL,SO-->PL,SO-->PL,SO-->PL,SO-->PL,SO-->PL,SO-->PL,SO-->PL,SO-->PL,SO-->PL,,,,,,,,,,,,,,,,,PL-->SO,PL-->SO,PL-->SO,PL-->SO,PL-->SO,PL-->SO,PL-->SO,PL-->SO,PL-->SO,PL-->SO,PL-->SO,PL-->SO,PL-->SO,PL-->SO,PL-->SO,PL-->SO,PL-->SO,PL-->SO,PL-->SO
ZA,ZAF,South Africa,Pretoria,Africa,Southern Africa,,ZA-->PL,ZA-->PL,ZA-->PL,ZA-->PL,ZA-->PL,ZA-->PL,ZA-->PL,ZA-->PL,ZA-->PL,ZA-->PL,ZA-->PL,ZA-->PL,ZA-->PL,ZA-->PL,ZA-->PL,ZA-->PL,ZA-->PL,ZA-->PL,ZA-->PL,,,,,,,,,,,,,,,,,PL-->ZA,PL-->ZA,PL-->ZA,PL-->ZA,PL-->ZA,PL-->ZA,PL-->ZA,PL-->ZA,PL-->ZA,PL-->ZA,PL-->ZA,PL-->ZA,PL-->ZA,PL-->ZA,PL-->ZA,PL-->ZA,PL-->ZA,PL-->ZA,PL-->ZA
GS,SGS,South Georgia,King Edward Point,Americas,South America,,GS-->PL,GS-->PL,GS-->PL,GS-->PL,GS-->PL,GS-->PL,GS-->PL,GS-->PL,GS-->PL,GS-->PL,GS-->PL,GS-->PL,GS-->PL,GS-->PL,GS-->PL,GS-->PL,GS-->PL,GS-->PL,GS-->PL,,,,,,,,,,,,,,,,,PL-->GS,PL-->GS,PL-->GS,PL-->GS,PL-->GS,PL-->GS,PL-->GS,PL-->GS,PL-->GS,PL-->GS,PL-->GS,PL-->GS,PL-->GS,PL-->GS,PL-->GS,PL-->GS,PL-->GS,PL-->GS,PL-->GS
KR,KOR,South Korea,Seoul,Asia,Eastern Asia,,KR-->PL,KR-->PL,KR-->PL,KR-->PL,KR-->PL,KR-->PL,KR-->PL,KR-->PL,KR-->PL,KR-->PL,KR-->PL,KR-->PL,KR-->PL,KR-->PL,KR-->PL,KR-->PL,KR-->PL,KR-->PL,KR-->PL,,,,,,,,,,,,,,,,,PL-->KR,PL-->KR,PL-->KR,PL-->KR,PL-->KR,PL-->KR,PL-->KR,PL-->KR,PL-->KR,PL-->KR,PL-->KR,PL-->KR,PL-->KR,PL-->KR,PL-->KR,PL-->KR,PL-->KR,PL-->KR,PL-->KR
SS,SSD,South Sudan,Juba,Africa,Middle Africa,,SS-->PL,SS-->PL,SS-->PL,SS-->PL,SS-->PL,SS-->PL,SS-->PL,SS-->PL,SS-->PL,SS-->PL,SS-->PL,SS-->PL,SS-->PL,SS-->PL,SS-->PL,SS-->PL,SS-->PL,SS-->PL,SS-->PL,,,,,,,,,,,,,,,,,PL-->SS,PL-->SS,PL-->SS,PL-->SS,PL-->SS,PL-->SS,PL-->SS,PL-->SS,PL-->SS,PL-->SS,PL-->SS,PL-->SS,PL-->SS,PL-->SS,PL-->SS,PL-->SS,PL-->SS,PL-->SS,PL-->SS
ES,ESP,Spain,Madrid,Europe,Southern Europe,,ES-->PL,ES-->PL,ES-->PL,ES-->PL,ES-->PL,ES-->PL,ES-->PL,ES-->PL,ES-->PL,ES-->PL,ES-->PL,ES-->PL,ES-->PL,ES-->PL,ES-->PL,ES-->PL,ES-->PL,ES-->PL,ES-->PL,,,,,,,,,,,,,,,,,PL-->ES,PL-->ES,PL-->ES,PL-->ES,PL-->ES,PL-->ES,PL-->ES,PL-->ES,PL-->ES,PL-->ES,PL-->ES,PL-->ES,PL-->ES,PL-->ES,PL-->ES,PL-->ES,PL-->ES,PL-->ES,PL-->ES
LK,LKA,Sri Lanka,Colombo,Asia,Southern Asia,,LK-->PL,LK-->PL,LK-->PL,LK-->PL,LK-->PL,LK-->PL,LK-->PL,LK-->PL,LK-->PL,LK-->PL,LK-->PL,LK-->PL,LK-->PL,LK-->PL,LK-->PL,LK-->PL,LK-->PL,LK-->PL,LK-->PL,,,,,,,,,,,,,,,,,PL-->LK,PL-->LK,PL-->LK,PL-->LK,PL-->LK,PL-->LK,PL-->LK,PL-->LK,PL-->LK,PL-->LK,PL-->LK,PL-->LK,PL-->LK,PL-->LK,PL-->LK,PL-->LK,PL-->LK,PL-->LK,PL-->LK
SD,SDN,Sudan,Khartoum,Africa,Northern Africa,,SD-->PL,SD-->PL,SD-->PL,SD-->PL,SD-->PL,SD-->PL,SD-->PL,SD-->PL,SD-->PL,SD-->PL,SD-->PL,SD-->PL,SD-->PL,SD-->PL,SD-->PL,SD-->PL,SD-->PL,SD-->PL,SD-->PL,,,,,,,,,,,,,,,,,PL-->SD,PL-->SD,PL-->SD,PL-->SD,PL-->SD,PL-->SD,PL-->SD,PL-->SD,PL-->SD,PL-->SD,PL-->SD,PL-->SD,PL-->SD,PL-->SD,PL-->SD,PL-->SD,PL-->SD,PL-->SD,PL-->SD
SR,SUR,Suriname,Paramaribo,Americas,South America,,SR-->PL,SR-->PL,SR-->PL,SR-->PL,SR-->PL,SR-->PL,SR-->PL,SR-->PL,SR-->PL,SR-->PL,SR-->PL,SR-->PL,SR-->PL,SR-->PL,SR-->PL,SR-->PL,SR-->PL,SR-->PL,SR-->PL,,,,,,,,,,,,,,,,,PL-->SR,PL-->SR,PL-->SR,PL-->SR,PL-->SR,PL-->SR,PL-->SR,PL-->SR,PL-->SR,PL-->SR,PL-->SR,PL-->SR,PL-->SR,PL-->SR,PL-->SR,PL-->SR,PL-->SR,PL-->SR,PL-->SR
SJ,SJM,Svalbard and Jan Mayen,Longyearbyen,Europe,Northern Europe,,SJ-->PL,SJ-->PL,SJ-->PL,SJ-->PL,SJ-->PL,SJ-->PL,SJ-->PL,SJ-->PL,SJ-->PL,SJ-->PL,SJ-->PL,SJ-->PL,SJ-->PL,SJ-->PL,SJ-->PL,SJ-->PL,SJ-->PL,SJ-->PL,SJ-->PL,,,,,,,,,,,,,,,,,PL-->SJ,PL-->SJ,PL-->SJ,PL-->SJ,PL-->SJ,PL-->SJ,PL-->SJ,PL-->SJ,PL-->SJ,PL-->SJ,PL-->SJ,PL-->SJ,PL-->SJ,PL-->SJ,PL-->SJ,PL-->SJ,PL-->SJ,PL-->SJ,PL-->SJ
SZ,SWZ,Swaziland,Lobamba,Africa,Southern Africa,,SZ-->PL,SZ-->PL,SZ-->PL,SZ-->PL,SZ-->PL,SZ-->PL,SZ-->PL,SZ-->PL,SZ-->PL,SZ-->PL,SZ-->PL,SZ-->PL,SZ-->PL,SZ-->PL,SZ-->PL,SZ-->PL,SZ-->PL,SZ-->PL,SZ-->PL,,,,,,,,,,,,,,,,,PL-->SZ,PL-->SZ,PL-->SZ,PL-->SZ,PL-->SZ,PL-->SZ,PL-->SZ,PL-->SZ,PL-->SZ,PL-->SZ,PL-->SZ,PL-->SZ,PL-->SZ,PL-->SZ,PL-->SZ,PL-->SZ,PL-->SZ,PL-->SZ,PL-->SZ
SE,SWE,Sweden,Stockholm,Europe,Northern Europe,,SE-->PL,SE-->PL,SE-->PL,SE-->PL,SE-->PL,SE-->PL,SE-->PL,SE-->PL,SE-->PL,SE-->PL,SE-->PL,SE-->PL,SE-->PL,SE-->PL,SE-->PL,SE-->PL,SE-->PL,SE-->PL,SE-->PL,,,,,,,,,,,,,,,,,PL-->SE,PL-->SE,PL-->SE,PL-->SE,PL-->SE,PL-->SE,PL-->SE,PL-->SE,PL-->SE,PL-->SE,PL-->SE,PL-->SE,PL-->SE,PL-->SE,PL-->SE,PL-->SE,PL-->SE,PL-->SE,PL-->SE
CH,CHE,Switzerland,Bern,Europe,Western Europe,,CH-->PL,CH-->PL,CH-->PL,CH-->PL,CH-->PL,CH-->PL,CH-->PL,CH-->PL,CH-->PL,CH-->PL,CH-->PL,CH-->PL,CH-->PL,CH-->PL,CH-->PL,CH-->PL,CH-->PL,CH-->PL,CH-->PL,,,,,,,,,,,,,,,,,PL-->CH,PL-->CH,PL-->CH,PL-->CH,PL-->CH,PL-->CH,PL-->CH,PL-->CH,PL-->CH,PL-->CH,PL-->CH,PL-->CH,PL-->CH,PL-->CH,PL-->CH,PL-->CH,PL-->CH,PL-->CH,PL-->CH
SY,SYR,Syria,Damascus,Asia,Western Asia,,SY-->PL,SY-->PL,SY-->PL,SY-->PL,SY-->PL,SY-->PL,SY-->PL,SY-->PL,SY-->PL,SY-->PL,SY-->PL,SY-->PL,SY-->PL,SY-->PL,SY-->PL,SY-->PL,SY-->PL,SY-->PL,SY-->PL,,,,,,,,,,,,,,,,,PL-->SY,PL-->SY,PL-->SY,PL-->SY,PL-->SY,PL-->SY,PL-->SY,PL-->SY,PL-->SY,PL-->SY,PL-->SY,PL-->SY,PL-->SY,PL-->SY,PL-->SY,PL-->SY,PL-->SY,PL-->SY,PL-->SY
TW,TWN,Taiwan,Taipei,Asia,Eastern Asia,,TW-->PL,TW-->PL,TW-->PL,TW-->PL,TW-->PL,TW-->PL,TW-->PL,TW-->PL,TW-->PL,TW-->PL,TW-->PL,TW-->PL,TW-->PL,TW-->PL,TW-->PL,TW-->PL,TW-->PL,TW-->PL,TW-->PL,,,,,,,,,,,,,,,,,PL-->TW,PL-->TW,PL-->TW,PL-->TW,PL-->TW,PL-->TW,PL-->TW,PL-->TW,PL-->TW,PL-->TW,PL-->TW,PL-->TW,PL-->TW,PL-->TW,PL-->TW,PL-->TW,PL-->TW,PL-->TW,PL-->TW
TJ,TJK,Tajikistan,Dushanbe,Asia,Central Asia,,TJ-->PL,TJ-->PL,TJ-->PL,TJ-->PL,TJ-->PL,TJ-->PL,TJ-->PL,TJ-->PL,TJ-->PL,TJ-->PL,TJ-->PL,TJ-->PL,TJ-->PL,TJ-->PL,TJ-->PL,TJ-->PL,TJ-->PL,TJ-->PL,TJ-->PL,,,,,,,,,,,,,,,,,PL-->TJ,PL-->TJ,PL-->TJ,PL-->TJ,PL-->TJ,PL-->TJ,PL-->TJ,PL-->TJ,PL-->TJ,PL-->TJ,PL-->TJ,PL-->TJ,PL-->TJ,PL-->TJ,PL-->TJ,PL-->TJ,PL-->TJ,PL-->TJ,PL-->TJ
TZ,TZA,Tanzania,Dodoma,Africa,Eastern Africa,,TZ-->PL,TZ-->PL,TZ-->PL,TZ-->PL,TZ-->PL,TZ-->PL,TZ-->PL,TZ-->PL,TZ-->PL,TZ-->PL,TZ-->PL,TZ-->PL,TZ-->PL,TZ-->PL,TZ-->PL,TZ-->PL,TZ-->PL,TZ-->PL,TZ-->PL,,,,,,,,,,,,,,,,,PL-->TZ,PL-->TZ,PL-->TZ,PL-->TZ,PL-->TZ,PL-->TZ,PL-->TZ,PL-->TZ,PL-->TZ,PL-->TZ,PL-->TZ,PL-->TZ,PL-->TZ,PL-->TZ,PL-->TZ,PL-->TZ,PL-->TZ,PL-->TZ,PL-->TZ
TH,THA,Thailand,Bangkok,Asia,South-Eastern Asia,,TH-->PL,TH-->PL,TH-->PL,TH-->PL,TH-->PL,TH-->PL,TH-->PL,TH-->PL,TH-->PL,TH-->PL,TH-->PL,TH-->PL,TH-->PL,TH-->PL,TH-->PL,TH-->PL,TH-->PL,TH-->PL,TH-->PL,,,,,,,,,,,,,,,,,PL-->TH,PL-->TH,PL-->TH,PL-->TH,PL-->TH,PL-->TH,PL-->TH,PL-->TH,PL-->TH,PL-->TH,PL-->TH,PL-->TH,PL-->TH,PL-->TH,PL-->TH,PL-->TH,PL-->TH,PL-->TH,PL-->TH
TL,TLS,East Timor,Dili,Asia,South-Eastern Asia,,TL-->PL,TL-->PL,TL-->PL,TL-->PL,TL-->PL,TL-->PL,TL-->PL,TL-->PL,TL-->PL,TL-->PL,TL-->PL,TL-->PL,TL-->PL,TL-->PL,TL-->PL,TL-->PL,TL-->PL,TL-->PL,TL-->PL,,,,,,,,,,,,,,,,,PL-->TL,PL-->TL,PL-->TL,PL-->TL,PL-->TL,PL-->TL,PL-->TL,PL-->TL,PL-->TL,PL-->TL,PL-->TL,PL-->TL,PL-->TL,PL-->TL,PL-->TL,PL-->TL,PL-->TL,PL-->TL,PL-->TL
TG,TGO,Togo,Lomé,Africa,Western Africa,,TG-->PL,TG-->PL,TG-->PL,TG-->PL,TG-->PL,TG-->PL,TG-->PL,TG-->PL,TG-->PL,TG-->PL,TG-->PL,TG-->PL,TG-->PL,TG-->PL,TG-->PL,TG-->PL,TG-->PL,TG-->PL,TG-->PL,,,,,,,,,,,,,,,,,PL-->TG,PL-->TG,PL-->TG,PL-->TG,PL-->TG,PL-->TG,PL-->TG,PL-->TG,PL-->TG,PL-->TG,PL-->TG,PL-->TG,PL-->TG,PL-->TG,PL-->TG,PL-->TG,PL-->TG,PL-->TG,PL-->TG
TK,TKL,Tokelau,Fakaofo,Oceania,Polynesia,,TK-->PL,TK-->PL,TK-->PL,TK-->PL,TK-->PL,TK-->PL,TK-->PL,TK-->PL,TK-->PL,TK-->PL,TK-->PL,TK-->PL,TK-->PL,TK-->PL,TK-->PL,TK-->PL,TK-->PL,TK-->PL,TK-->PL,,,,,,,,,,,,,,,,,PL-->TK,PL-->TK,PL-->TK,PL-->TK,PL-->TK,PL-->TK,PL-->TK,PL-->TK,PL-->TK,PL-->TK,PL-->TK,PL-->TK,PL-->TK,PL-->TK,PL-->TK,PL-->TK,PL-->TK,PL-->TK,PL-->TK
TO,TON,Tonga,Nuku'alofa,Oceania,Polynesia,,TO-->PL,TO-->PL,TO-->PL,TO-->PL,TO-->PL,TO-->PL,TO-->PL,TO-->PL,TO-->PL,TO-->PL,TO-->PL,TO-->PL,TO-->PL,TO-->PL,TO-->PL,TO-->PL,TO-->PL,TO-->PL,TO-->PL,,,,,,,,,,,,,,,,,PL-->TO,PL-->TO,PL-->TO,PL-->TO,PL-->TO,PL-->TO,PL-->TO,PL-->TO,PL-->TO,PL-->TO,PL-->TO,PL-->TO,PL-->TO,PL-->TO,PL-->TO,PL-->TO,PL-->TO,PL-->TO,PL-->TO
TT,TTO,Trinidad and Tobago,Port of Spain,Americas,Caribbean,,TT-->PL,TT-->PL,TT-->PL,TT-->PL,TT-->PL,TT-->PL,TT-->PL,TT-->PL,TT-->PL,TT-->PL,TT-->PL,TT-->PL,TT-->PL,TT-->PL,TT-->PL,TT-->PL,TT-->PL,TT-->PL,TT-->PL,,,,,,,,,,,,,,,,,PL-->TT,PL-->TT,PL-->TT,PL-->TT,PL-->TT,PL-->TT,PL-->TT,PL-->TT,PL-->TT,PL-->TT,PL-->TT,PL-->TT,PL-->TT,PL-->TT,PL-->TT,PL-->TT,PL-->TT,PL-->TT,PL-->TT
TN,TUN,Tunisia,Tunis,Africa,Northern Africa,,TN-->PL,TN-->PL,TN-->PL,TN-->PL,TN-->PL,TN-->PL,TN-->PL,TN-->PL,TN-->PL,TN-->PL,TN-->PL,TN-->PL,TN-->PL,TN-->PL,TN-->PL,TN-->PL,TN-->PL,TN-->PL,TN-->PL,,,,,,,,,,,,,,,,,PL-->TN,PL-->TN,PL-->TN,PL-->TN,PL-->TN,PL-->TN,PL-->TN,PL-->TN,PL-->TN,PL-->TN,PL-->TN,PL-->TN,PL-->TN,PL-->TN,PL-->TN,PL-->TN,PL-->TN,PL-->TN,PL-->TN
TR,TUR,Turkey,Ankara,Asia,Western Asia,,TR-->PL,TR-->PL,TR-->PL,TR-->PL,TR-->PL,TR-->PL,TR-->PL,TR-->PL,TR-->PL,TR-->PL,TR-->PL,TR-->PL,TR-->PL,TR-->PL,TR-->PL,TR-->PL,TR-->PL,TR-->PL,TR-->PL,,,,,,,,,,,,,,,,,PL-->TR,PL-->TR,PL-->TR,PL-->TR,PL-->TR,PL-->TR,PL-->TR,PL-->TR,PL-->TR,PL-->TR,PL-->TR,PL-->TR,PL-->TR,PL-->TR,PL-->TR,PL-->TR,PL-->TR,PL-->TR,PL-->TR
TM,TKM,Turkmenistan,Ashgabat,Asia,Central Asia,,TM-->PL,TM-->PL,TM-->PL,TM-->PL,TM-->PL,TM-->PL,TM-->PL,TM-->PL,TM-->PL,TM-->PL,TM-->PL,TM-->PL,TM-->PL,TM-->PL,TM-->PL,TM-->PL,TM-->PL,TM-->PL,TM-->PL,,,,,,,,,,,,,,,,,PL-->TM,PL-->TM,PL-->TM,PL-->TM,PL-->TM,PL-->TM,PL-->TM,PL-->TM,PL-->TM,PL-->TM,PL-->TM,PL-->TM,PL-->TM,PL-->TM,PL-->TM,PL-->TM,PL-->TM,PL-->TM,PL-->TM
TC,TCA,Turks and Caicos Islands,Cockburn Town,Americas,Caribbean,,TC-->PL,TC-->PL,TC-->PL,TC-->PL,TC-->PL,TC-->PL,TC-->PL,TC-->PL,TC-->PL,TC-->PL,TC-->PL,TC-->PL,TC-->PL,TC-->PL,TC-->PL,TC-->PL,TC-->PL,TC-->PL,TC-->PL,,,,,,,,,,,,,,,,,PL-->TC,PL-->TC,PL-->TC,PL-->TC,PL-->TC,PL-->TC,PL-->TC,PL-->TC,PL-->TC,PL-->TC,PL-->TC,PL-->TC,PL-->TC,PL-->TC,PL-->TC,PL-->TC,PL-->TC,PL-->TC,PL-->TC
TV,TUV,Tuvalu,Funafuti,Oceania,Polynesia,,TV-->PL,TV-->PL,TV-->PL,TV-->PL,TV-->PL,TV-->PL,TV-->PL,TV-->PL,TV-->PL,TV-->PL,TV-->PL,TV-->PL,TV-->PL,TV-->PL,TV-->PL,TV-->PL,TV-->PL,TV-->PL,TV-->PL,,,,,,,,,,,,,,,,,PL-->TV,PL-->TV,PL-->TV,PL-->TV,PL-->TV,PL-->TV,PL-->TV,PL-->TV,PL-->TV,PL-->TV,PL-->TV,PL-->TV,PL-->TV,PL-->TV,PL-->TV,PL-->TV,PL-->TV,PL-->TV,PL-->TV
UG,UGA,Uganda,Kampala,Africa,Eastern Africa,,UG-->PL,UG-->PL,UG-->PL,UG-->PL,UG-->PL,UG-->PL,UG-->PL,UG-->PL,UG-->PL,UG-->PL,UG-->PL,UG-->PL,UG-->PL,UG-->PL,UG-->PL,UG-->PL,UG-->PL,UG-->PL,UG-->PL,,,,,,,,,,,,,,,,,PL-->UG,PL-->UG,PL-->UG,PL-->UG,PL-->UG,PL-->UG,PL-->UG,PL-->UG,PL-->UG,PL-->UG,PL-->UG,PL-->UG,PL-->UG,PL-->UG,PL-->UG,PL-->UG,PL-->UG,PL-->UG,PL-->UG
UA,UKR,Ukraine,Kiev,Europe,Eastern Europe,,UA-->PL,UA-->PL,UA-->PL,UA-->PL,UA-->PL,UA-->PL,UA-->PL,UA-->PL,UA-->PL,UA-->PL,UA-->PL,UA-->PL,UA-->PL,UA-->PL,UA-->PL,UA-->PL,UA-->PL,UA-->PL,UA-->PL,,,,,,,,,,,,,,,,,PL-->UA,PL-->UA,PL-->UA,PL-->UA,PL-->UA,PL-->UA,PL-->UA,PL-->UA,PL-->UA,PL-->UA,PL-->UA,PL-->UA,PL-->UA,PL-->UA,PL-->UA,PL-->UA,PL-->UA,PL-->UA,PL-->UA
AE,ARE,United Arab Emirates,Abu Dhabi,Asia,Western Asia,,AE-->PL,AE-->PL,AE-->PL,AE-->PL,AE-->PL,AE-->PL,AE-->PL,AE-->PL,AE-->PL,AE-->PL,AE-->PL,AE-->PL,AE-->PL,AE-->PL,AE-->PL,AE-->PL,AE-->PL,AE-->PL,AE-->PL,,,,,,,,,,,,,,,,,PL-->AE,PL-->AE,PL-->AE,PL-->AE,PL-->AE,PL-->AE,PL-->AE,PL-->AE,PL-->AE,PL-->AE,PL-->AE,PL-->AE,PL-->AE,PL-->AE,PL-->AE,PL-->AE,PL-->AE,PL-->AE,PL-->AE
GB,GBR,United Kingdom,London,Europe,Northern Europe,,GB-->PL,GB-->PL,GB-->PL,GB-->PL,GB-->PL,GB-->PL,GB-->PL,GB-->PL,GB-->PL,GB-->PL,GB-->PL,GB-->PL,GB-->PL,GB-->PL,GB-->PL,GB-->PL,GB-->PL,GB-->PL,GB-->PL,,,,,,,,,,,,,,,,,PL-->GB,PL-->GB,PL-->GB,PL-->GB,PL-->GB,PL-->GB,PL-->GB,PL-->GB,PL-->GB,PL-->GB,PL-->GB,PL-->GB,PL-->GB,PL-->GB,PL-->GB,PL-->GB,PL-->GB,PL-->GB,PL-->GB
US,USA,United States,"Washington, D.C.",Americas,Northern America,,US-->PL,US-->PL,US-->PL,US-->PL,US-->PL,US-->PL,US-->PL,US-->PL,US-->PL,US-->PL,US-->PL,US-->PL,US-->PL,US-->PL,US-->PL,US-->PL,US-->PL,US-->PL,US-->PL,,,,,,,,,,,,,,,,,PL-->US,PL-->US,PL-->US,PL-->US,PL-->US,PL-->US,PL-->US,PL-->US,PL-->US,PL-->US,PL-->US,PL-->US,PL-->US,PL-->US,PL-->US,PL-->US,PL-->US,PL-->US,PL-->US
UY,URY,Uruguay,Montevideo,Americas,South America,,UY-->PL,UY-->PL,UY-->PL,UY-->PL,UY-->PL,UY-->PL,UY-->PL,UY-->PL,UY-->PL,UY-->PL,UY-->PL,UY-->PL,UY-->PL,UY-->PL,UY-->PL,UY-->PL,UY-->PL,UY-->PL,UY-->PL,,,,,,,,,,,,,,,,,PL-->UY,PL-->UY,PL-->UY,PL-->UY,PL-->UY,PL-->UY,PL-->UY,PL-->UY,PL-->UY,PL-->UY,PL-->UY,PL-->UY,PL-->UY,PL-->UY,PL-->UY,PL-->UY,PL-->UY,PL-->UY,PL-->UY
UZ,UZB,Uzbekistan,Tashkent,Asia,Central Asia,,UZ-->PL,UZ-->PL,UZ-->PL,UZ-->PL,UZ-->PL,UZ-->PL,UZ-->PL,UZ-->PL,UZ-->PL,UZ-->PL,UZ-->PL,UZ-->PL,UZ-->PL,UZ-->PL,UZ-->PL,UZ-->PL,UZ-->PL,UZ-->PL,UZ-->PL,,,,,,,,,,,,,,,,,PL-->UZ,PL-->UZ,PL-->UZ,PL-->UZ,PL-->UZ,PL-->UZ,PL-->UZ,PL-->UZ,PL-->UZ,PL-->UZ,PL-->UZ,PL-->UZ,PL-->UZ,PL-->UZ,PL-->UZ,PL-->UZ,PL-->UZ,PL-->UZ,PL-->UZ
VU,VUT,Vanuatu,Port Vila,Oceania,Melanesia,,VU-->PL,VU-->PL,VU-->PL,VU-->PL,VU-->PL,VU-->PL,VU-->PL,VU-->PL,VU-->PL,VU-->PL,VU-->PL,VU-->PL,VU-->PL,VU-->PL,VU-->PL,VU-->PL,VU-->PL,VU-->PL,VU-->PL,,,,,,,,,,,,,,,,,PL-->VU,PL-->VU,PL-->VU,PL-->VU,PL-->VU,PL-->VU,PL-->VU,PL-->VU,PL-->VU,PL-->VU,PL-->VU,PL-->VU,PL-->VU,PL-->VU,PL-->VU,PL-->VU,PL-->VU,PL-->VU,PL-->VU
VE,VEN,Venezuela,Caracas,Americas,South America,,VE-->PL,VE-->PL,VE-->PL,VE-->PL,VE-->PL,VE-->PL,VE-->PL,VE-->PL,VE-->PL,VE-->PL,VE-->PL,VE-->PL,VE-->PL,VE-->PL,VE-->PL,VE-->PL,VE-->PL,VE-->PL,VE-->PL,,,,,,,,,,,,,,,,,PL-->VE,PL-->VE,PL-->VE,PL-->VE,PL-->VE,PL-->VE,PL-->VE,PL-->VE,PL-->VE,PL-->VE,PL-->VE,PL-->VE,PL-->VE,PL-->VE,PL-->VE,PL-->VE,PL-->VE,PL-->VE,PL-->VE
VN,VNM,Vietnam,Hanoi,Asia,South-Eastern Asia,,VN-->PL,VN-->PL,VN-->PL,VN-->PL,VN-->PL,VN-->PL,VN-->PL,VN-->PL,VN-->PL,VN-->PL,VN-->PL,VN-->PL,VN-->PL,VN-->PL,VN-->PL,VN-->PL,VN-->PL,VN-->PL,VN-->PL,,,,,,,,,,,,,,,,,PL-->VN,PL-->VN,PL-->VN,PL-->VN,PL-->VN,PL-->VN,PL-->VN,PL-->VN,PL-->VN,PL-->VN,PL-->VN,PL-->VN,PL-->VN,PL-->VN,PL-->VN,PL-->VN,PL-->VN,PL-->VN,PL-->VN
WF,WLF,Wallis and Futuna,Mata-Utu,Oceania,Polynesia,,WF-->PL,WF-->PL,WF-->PL,WF-->PL,WF-->PL,WF-->PL,WF-->PL,WF-->PL,WF-->PL,WF-->PL,WF-->PL,WF-->PL,WF-->PL,WF-->PL,WF-->PL,WF-->PL,WF-->PL,WF-->PL,WF-->PL,,,,,,,,,,,,,,,,,PL-->WF,PL-->WF,PL-->WF,PL-->WF,PL-->WF,PL-->WF,PL-->WF,PL-->WF,PL-->WF,PL-->WF,PL-->WF,PL-->WF,PL-->WF,PL-->WF,PL-->WF,PL-->WF,PL-->WF,PL-->WF,PL-->WF
EH,ESH,Western Sahara,El Aaiún,Africa,Northern Africa,,EH-->PL,EH-->PL,EH-->PL,EH-->PL,EH-->PL,EH-->PL,EH-->PL,EH-->PL,EH-->PL,EH-->PL,EH-->PL,EH-->PL,EH-->PL,EH-->PL,EH-->PL,EH-->PL,EH-->PL,EH-->PL,EH-->PL,,,,,,,,,,,,,,,,,PL-->EH,PL-->EH,PL-->EH,PL-->EH,PL-->EH,PL-->EH,PL-->EH,PL-->EH,PL-->EH,PL-->EH,PL-->EH,PL-->EH,PL-->EH,PL-->EH,PL-->EH,PL-->EH,PL-->EH,PL-->EH,PL-->EH
YE,YEM,Yemen,Sana'a,Asia,Western Asia,,YE-->PL,YE-->PL,YE-->PL,YE-->PL,YE-->PL,YE-->PL,YE-->PL,YE-->PL,YE-->PL,YE-->PL,YE-->PL,YE-->PL,YE-->PL,YE-->PL,YE-->PL,YE-->PL,YE-->PL,YE-->PL,YE-->PL,,,,,,,,,,,,,,,,,PL-->YE,PL-->YE,PL-->YE,PL-->YE,PL-->YE,PL-->YE,PL-->YE,PL-->YE,PL-->YE,PL-->YE,PL-->YE,PL-->YE,PL-->YE,PL-->YE,PL-->YE,PL-->YE,PL-->YE,PL-->YE,PL-->YE
ZM,ZMB,Zambia,Lusaka,Africa,Eastern Africa,,ZM-->PL,ZM-->PL,ZM-->PL,ZM-->PL,ZM-->PL,ZM-->PL,ZM-->PL,ZM-->PL,ZM-->PL,ZM-->PL,ZM-->PL,ZM-->PL,ZM-->PL,ZM-->PL,ZM-->PL,ZM-->PL,ZM-->PL,ZM-->PL,ZM-->PL,,,,,,,,,,,,,,,,,PL-->ZM,PL-->ZM,PL-->ZM,PL-->ZM,PL-->ZM,PL-->ZM,PL-->ZM,PL-->ZM,PL-->ZM,PL-->ZM,PL-->ZM,PL-->ZM,PL-->ZM,PL-->ZM,PL-->ZM,PL-->ZM,PL-->ZM,PL-->ZM,PL-->ZM
ZW,ZWE,Zimbabwe,Harare,Africa,Eastern Africa,,ZW-->PL,ZW-->PL,ZW-->PL,ZW-->PL,ZW-->PL,ZW-->PL,ZW-->PL,ZW-->PL,ZW-->PL,ZW-->PL,ZW-->PL,ZW-->PL,ZW-->PL,ZW-->PL,ZW-->PL,ZW-->PL,ZW-->PL,ZW-->PL,ZW-->PL,,,,,,,,,,,,,,,,,PL-->ZW,PL-->ZW,PL-->ZW,PL-->ZW,PL-->ZW,PL-->ZW,PL-->ZW,PL-->ZW,PL-->ZW,PL-->ZW,PL-->ZW,PL-->ZW,PL-->ZW,PL-->ZW,PL-->ZW,PL-->ZW,PL-->ZW,PL-->ZW,PL-->ZW
