nu,code,name,capital,region,subregion,Unnamed: 6,quara/into/where/e,quara/into/where/v,quara/into/where/uv,quara/into/min/e,quara/into/min/v,quara/into/min/uv,quara/into/max/e,quara/into/max/v,quara/into/max/uv,quara/into/comment,test/into/pcr/e,test/into/pcr/v,test/into/pcr/uv,test/into/ag/e,test/into/ag/v,test/into/ag/uv,test/into/comment,visa/into,visa/into/comment,loadStates/into,Unnamed: 27,Unnamed: 28,Unnamed: 29,Unnamed: 30,Unnamed: 31,Unnamed: 32,Unnamed: 33,Unnamed: 34,Unnamed: 35,Unnamed: 36,Unnamed: 37,Unnamed: 38,Unnamed: 39,Unnamed: 40,Unnamed: 41,quara/out/where/e,quara/out/where/v,quara/out/where/uv,quara/out/min/e,quara/out/min/v,quara/out/min/uv,quara/out/max/e,quara/out/max/v,quara/out/max/uv,quara/out/comment,test/out/pcr/e,test/out/pcr/v,test/out/pcr/uv,test/out/ag/e,test/out/ag/v,test/out/ag/uv,test/out/comment,visa/out,visa/out/comment
AF,AFG,Afghanistan,Kabul,Asia,Southern Asia,,AF-->IS,AF-->IS,AF-->IS,AF-->IS,AF-->IS,AF-->IS,AF-->IS,AF-->IS,AF-->IS,AF-->IS,AF-->IS,AF-->IS,AF-->IS,AF-->IS,AF-->IS,AF-->IS,AF-->IS,AF-->IS,AF-->IS,,,,,,,,,,,,,,,,,IS-->AF,IS-->AF,IS-->AF,IS-->AF,IS-->AF,IS-->AF,IS-->AF,IS-->AF,IS-->AF,IS-->AF,IS-->AF,IS-->AF,IS-->AF,IS-->AF,IS-->AF,IS-->AF,IS-->AF,IS-->AF,IS-->AF
AX,ALA,Åland Islands,Mariehamn,Europe,Northern Europe,,AX-->IS,AX-->IS,AX-->IS,AX-->IS,AX-->IS,AX-->IS,AX-->IS,AX-->IS,AX-->IS,AX-->IS,AX-->IS,AX-->IS,AX-->IS,AX-->IS,AX-->IS,AX-->IS,AX-->IS,AX-->IS,AX-->IS,,,,,,,,,,,,,,,,,IS-->AX,IS-->AX,IS-->AX,IS-->AX,IS-->AX,IS-->AX,IS-->AX,IS-->AX,IS-->AX,IS-->AX,IS-->AX,IS-->AX,IS-->AX,IS-->AX,IS-->AX,IS-->AX,IS-->AX,IS-->AX,IS-->AX
AL,ALB,Albania,Tirana,Europe,Southern Europe,,AL-->IS,AL-->IS,AL-->IS,AL-->IS,AL-->IS,AL-->IS,AL-->IS,AL-->IS,AL-->IS,AL-->IS,AL-->IS,AL-->IS,AL-->IS,AL-->IS,AL-->IS,AL-->IS,AL-->IS,AL-->IS,AL-->IS,,,,,,,,,,,,,,,,,IS-->AL,IS-->AL,IS-->AL,IS-->AL,IS-->AL,IS-->AL,IS-->AL,IS-->AL,IS-->AL,IS-->AL,IS-->AL,IS-->AL,IS-->AL,IS-->AL,IS-->AL,IS-->AL,IS-->AL,IS-->AL,IS-->AL
DZ,DZA,Algeria,Algiers,Africa,Northern Africa,,DZ-->IS,DZ-->IS,DZ-->IS,DZ-->IS,DZ-->IS,DZ-->IS,DZ-->IS,DZ-->IS,DZ-->IS,DZ-->IS,DZ-->IS,DZ-->IS,DZ-->IS,DZ-->IS,DZ-->IS,DZ-->IS,DZ-->IS,DZ-->IS,DZ-->IS,,,,,,,,,,,,,,,,,IS-->DZ,IS-->DZ,IS-->DZ,IS-->DZ,IS-->DZ,IS-->DZ,IS-->DZ,IS-->DZ,IS-->DZ,IS-->DZ,IS-->DZ,IS-->DZ,IS-->DZ,IS-->DZ,IS-->DZ,IS-->DZ,IS-->DZ,IS-->DZ,IS-->DZ
AS,ASM,American Samoa,Pago Pago,Oceania,Polynesia,,AS-->IS,AS-->IS,AS-->IS,AS-->IS,AS-->IS,AS-->IS,AS-->IS,AS-->IS,AS-->IS,AS-->IS,AS-->IS,AS-->IS,AS-->IS,AS-->IS,AS-->IS,AS-->IS,AS-->IS,AS-->IS,AS-->IS,,,,,,,,,,,,,,,,,IS-->AS,IS-->AS,IS-->AS,IS-->AS,IS-->AS,IS-->AS,IS-->AS,IS-->AS,IS-->AS,IS-->AS,IS-->AS,IS-->AS,IS-->AS,IS-->AS,IS-->AS,IS-->AS,IS-->AS,IS-->AS,IS-->AS
AD,AND,Andorra,Andorra la Vella,Europe,Southern Europe,,AD-->IS,AD-->IS,AD-->IS,AD-->IS,AD-->IS,AD-->IS,AD-->IS,AD-->IS,AD-->IS,AD-->IS,AD-->IS,AD-->IS,AD-->IS,AD-->IS,AD-->IS,AD-->IS,AD-->IS,AD-->IS,AD-->IS,,,,,,,,,,,,,,,,,IS-->AD,IS-->AD,IS-->AD,IS-->AD,IS-->AD,IS-->AD,IS-->AD,IS-->AD,IS-->AD,IS-->AD,IS-->AD,IS-->AD,IS-->AD,IS-->AD,IS-->AD,IS-->AD,IS-->AD,IS-->AD,IS-->AD
AO,AGO,Angola,Luanda,Africa,Middle Africa,,AO-->IS,AO-->IS,AO-->IS,AO-->IS,AO-->IS,AO-->IS,AO-->IS,AO-->IS,AO-->IS,AO-->IS,AO-->IS,AO-->IS,AO-->IS,AO-->IS,AO-->IS,AO-->IS,AO-->IS,AO-->IS,AO-->IS,,,,,,,,,,,,,,,,,IS-->AO,IS-->AO,IS-->AO,IS-->AO,IS-->AO,IS-->AO,IS-->AO,IS-->AO,IS-->AO,IS-->AO,IS-->AO,IS-->AO,IS-->AO,IS-->AO,IS-->AO,IS-->AO,IS-->AO,IS-->AO,IS-->AO
AI,AIA,Anguilla,The Valley,Americas,Caribbean,,AI-->IS,AI-->IS,AI-->IS,AI-->IS,AI-->IS,AI-->IS,AI-->IS,AI-->IS,AI-->IS,AI-->IS,AI-->IS,AI-->IS,AI-->IS,AI-->IS,AI-->IS,AI-->IS,AI-->IS,AI-->IS,AI-->IS,,,,,,,,,,,,,,,,,IS-->AI,IS-->AI,IS-->AI,IS-->AI,IS-->AI,IS-->AI,IS-->AI,IS-->AI,IS-->AI,IS-->AI,IS-->AI,IS-->AI,IS-->AI,IS-->AI,IS-->AI,IS-->AI,IS-->AI,IS-->AI,IS-->AI
AQ,ATA,Antarctica,,Polar,,,AQ-->IS,AQ-->IS,AQ-->IS,AQ-->IS,AQ-->IS,AQ-->IS,AQ-->IS,AQ-->IS,AQ-->IS,AQ-->IS,AQ-->IS,AQ-->IS,AQ-->IS,AQ-->IS,AQ-->IS,AQ-->IS,AQ-->IS,AQ-->IS,AQ-->IS,,,,,,,,,,,,,,,,,IS-->AQ,IS-->AQ,IS-->AQ,IS-->AQ,IS-->AQ,IS-->AQ,IS-->AQ,IS-->AQ,IS-->AQ,IS-->AQ,IS-->AQ,IS-->AQ,IS-->AQ,IS-->AQ,IS-->AQ,IS-->AQ,IS-->AQ,IS-->AQ,IS-->AQ
AG,ATG,Antigua and Barbuda,Saint John's,Americas,Caribbean,,AG-->IS,AG-->IS,AG-->IS,AG-->IS,AG-->IS,AG-->IS,AG-->IS,AG-->IS,AG-->IS,AG-->IS,AG-->IS,AG-->IS,AG-->IS,AG-->IS,AG-->IS,AG-->IS,AG-->IS,AG-->IS,AG-->IS,,,,,,,,,,,,,,,,,IS-->AG,IS-->AG,IS-->AG,IS-->AG,IS-->AG,IS-->AG,IS-->AG,IS-->AG,IS-->AG,IS-->AG,IS-->AG,IS-->AG,IS-->AG,IS-->AG,IS-->AG,IS-->AG,IS-->AG,IS-->AG,IS-->AG
AR,ARG,Argentina,Buenos Aires,Americas,South America,,AR-->IS,AR-->IS,AR-->IS,AR-->IS,AR-->IS,AR-->IS,AR-->IS,AR-->IS,AR-->IS,AR-->IS,AR-->IS,AR-->IS,AR-->IS,AR-->IS,AR-->IS,AR-->IS,AR-->IS,AR-->IS,AR-->IS,,,,,,,,,,,,,,,,,IS-->AR,IS-->AR,IS-->AR,IS-->AR,IS-->AR,IS-->AR,IS-->AR,IS-->AR,IS-->AR,IS-->AR,IS-->AR,IS-->AR,IS-->AR,IS-->AR,IS-->AR,IS-->AR,IS-->AR,IS-->AR,IS-->AR
AM,ARM,Armenia,Yerevan,Asia,Western Asia,,AM-->IS,AM-->IS,AM-->IS,AM-->IS,AM-->IS,AM-->IS,AM-->IS,AM-->IS,AM-->IS,AM-->IS,AM-->IS,AM-->IS,AM-->IS,AM-->IS,AM-->IS,AM-->IS,AM-->IS,AM-->IS,AM-->IS,,,,,,,,,,,,,,,,,IS-->AM,IS-->AM,IS-->AM,IS-->AM,IS-->AM,IS-->AM,IS-->AM,IS-->AM,IS-->AM,IS-->AM,IS-->AM,IS-->AM,IS-->AM,IS-->AM,IS-->AM,IS-->AM,IS-->AM,IS-->AM,IS-->AM
AW,ABW,Aruba,Oranjestad,Americas,Caribbean,,AW-->IS,AW-->IS,AW-->IS,AW-->IS,AW-->IS,AW-->IS,AW-->IS,AW-->IS,AW-->IS,AW-->IS,AW-->IS,AW-->IS,AW-->IS,AW-->IS,AW-->IS,AW-->IS,AW-->IS,AW-->IS,AW-->IS,,,,,,,,,,,,,,,,,IS-->AW,IS-->AW,IS-->AW,IS-->AW,IS-->AW,IS-->AW,IS-->AW,IS-->AW,IS-->AW,IS-->AW,IS-->AW,IS-->AW,IS-->AW,IS-->AW,IS-->AW,IS-->AW,IS-->AW,IS-->AW,IS-->AW
AU,AUS,Australia,Canberra,Oceania,Australia and New Zealand,,AU-->IS,AU-->IS,AU-->IS,AU-->IS,AU-->IS,AU-->IS,AU-->IS,AU-->IS,AU-->IS,AU-->IS,AU-->IS,AU-->IS,AU-->IS,AU-->IS,AU-->IS,AU-->IS,AU-->IS,AU-->IS,AU-->IS,,,,,,,,,,,,,,,,,IS-->AU,IS-->AU,IS-->AU,IS-->AU,IS-->AU,IS-->AU,IS-->AU,IS-->AU,IS-->AU,IS-->AU,IS-->AU,IS-->AU,IS-->AU,IS-->AU,IS-->AU,IS-->AU,IS-->AU,IS-->AU,IS-->AU
AT,AUT,Austria,Vienna,Europe,Western Europe,,AT-->IS,AT-->IS,AT-->IS,AT-->IS,AT-->IS,AT-->IS,AT-->IS,AT-->IS,AT-->IS,AT-->IS,AT-->IS,AT-->IS,AT-->IS,AT-->IS,AT-->IS,AT-->IS,AT-->IS,AT-->IS,AT-->IS,,,,,,,,,,,,,,,,,IS-->AT,IS-->AT,IS-->AT,IS-->AT,IS-->AT,IS-->AT,IS-->AT,IS-->AT,IS-->AT,IS-->AT,IS-->AT,IS-->AT,IS-->AT,IS-->AT,IS-->AT,IS-->AT,IS-->AT,IS-->AT,IS-->AT
AZ,AZE,Azerbaijan,Baku,Asia,Western Asia,,AZ-->IS,AZ-->IS,AZ-->IS,AZ-->IS,AZ-->IS,AZ-->IS,AZ-->IS,AZ-->IS,AZ-->IS,AZ-->IS,AZ-->IS,AZ-->IS,AZ-->IS,AZ-->IS,AZ-->IS,AZ-->IS,AZ-->IS,AZ-->IS,AZ-->IS,,,,,,,,,,,,,,,,,IS-->AZ,IS-->AZ,IS-->AZ,IS-->AZ,IS-->AZ,IS-->AZ,IS-->AZ,IS-->AZ,IS-->AZ,IS-->AZ,IS-->AZ,IS-->AZ,IS-->AZ,IS-->AZ,IS-->AZ,IS-->AZ,IS-->AZ,IS-->AZ,IS-->AZ
BS,BHS,The Bahamas,Nassau,Americas,Caribbean,,BS-->IS,BS-->IS,BS-->IS,BS-->IS,BS-->IS,BS-->IS,BS-->IS,BS-->IS,BS-->IS,BS-->IS,BS-->IS,BS-->IS,BS-->IS,BS-->IS,BS-->IS,BS-->IS,BS-->IS,BS-->IS,BS-->IS,,,,,,,,,,,,,,,,,IS-->BS,IS-->BS,IS-->BS,IS-->BS,IS-->BS,IS-->BS,IS-->BS,IS-->BS,IS-->BS,IS-->BS,IS-->BS,IS-->BS,IS-->BS,IS-->BS,IS-->BS,IS-->BS,IS-->BS,IS-->BS,IS-->BS
BH,BHR,Bahrain,Manama,Asia,Western Asia,,BH-->IS,BH-->IS,BH-->IS,BH-->IS,BH-->IS,BH-->IS,BH-->IS,BH-->IS,BH-->IS,BH-->IS,BH-->IS,BH-->IS,BH-->IS,BH-->IS,BH-->IS,BH-->IS,BH-->IS,BH-->IS,BH-->IS,,,,,,,,,,,,,,,,,IS-->BH,IS-->BH,IS-->BH,IS-->BH,IS-->BH,IS-->BH,IS-->BH,IS-->BH,IS-->BH,IS-->BH,IS-->BH,IS-->BH,IS-->BH,IS-->BH,IS-->BH,IS-->BH,IS-->BH,IS-->BH,IS-->BH
BD,BGD,Bangladesh,Dhaka,Asia,Southern Asia,,BD-->IS,BD-->IS,BD-->IS,BD-->IS,BD-->IS,BD-->IS,BD-->IS,BD-->IS,BD-->IS,BD-->IS,BD-->IS,BD-->IS,BD-->IS,BD-->IS,BD-->IS,BD-->IS,BD-->IS,BD-->IS,BD-->IS,,,,,,,,,,,,,,,,,IS-->BD,IS-->BD,IS-->BD,IS-->BD,IS-->BD,IS-->BD,IS-->BD,IS-->BD,IS-->BD,IS-->BD,IS-->BD,IS-->BD,IS-->BD,IS-->BD,IS-->BD,IS-->BD,IS-->BD,IS-->BD,IS-->BD
BB,BRB,Barbados,Bridgetown,Americas,Caribbean,,BB-->IS,BB-->IS,BB-->IS,BB-->IS,BB-->IS,BB-->IS,BB-->IS,BB-->IS,BB-->IS,BB-->IS,BB-->IS,BB-->IS,BB-->IS,BB-->IS,BB-->IS,BB-->IS,BB-->IS,BB-->IS,BB-->IS,,,,,,,,,,,,,,,,,IS-->BB,IS-->BB,IS-->BB,IS-->BB,IS-->BB,IS-->BB,IS-->BB,IS-->BB,IS-->BB,IS-->BB,IS-->BB,IS-->BB,IS-->BB,IS-->BB,IS-->BB,IS-->BB,IS-->BB,IS-->BB,IS-->BB
BY,BLR,Belarus,Minsk,Europe,Eastern Europe,,BY-->IS,BY-->IS,BY-->IS,BY-->IS,BY-->IS,BY-->IS,BY-->IS,BY-->IS,BY-->IS,BY-->IS,BY-->IS,BY-->IS,BY-->IS,BY-->IS,BY-->IS,BY-->IS,BY-->IS,BY-->IS,BY-->IS,,,,,,,,,,,,,,,,,IS-->BY,IS-->BY,IS-->BY,IS-->BY,IS-->BY,IS-->BY,IS-->BY,IS-->BY,IS-->BY,IS-->BY,IS-->BY,IS-->BY,IS-->BY,IS-->BY,IS-->BY,IS-->BY,IS-->BY,IS-->BY,IS-->BY
BE,BEL,Belgium,Brussels,Europe,Western Europe,,BE-->IS,BE-->IS,BE-->IS,BE-->IS,BE-->IS,BE-->IS,BE-->IS,BE-->IS,BE-->IS,BE-->IS,BE-->IS,BE-->IS,BE-->IS,BE-->IS,BE-->IS,BE-->IS,BE-->IS,BE-->IS,BE-->IS,,,,,,,,,,,,,,,,,IS-->BE,IS-->BE,IS-->BE,IS-->BE,IS-->BE,IS-->BE,IS-->BE,IS-->BE,IS-->BE,IS-->BE,IS-->BE,IS-->BE,IS-->BE,IS-->BE,IS-->BE,IS-->BE,IS-->BE,IS-->BE,IS-->BE
BZ,BLZ,Belize,Belmopan,Americas,Central America,,BZ-->IS,BZ-->IS,BZ-->IS,BZ-->IS,BZ-->IS,BZ-->IS,BZ-->IS,BZ-->IS,BZ-->IS,BZ-->IS,BZ-->IS,BZ-->IS,BZ-->IS,BZ-->IS,BZ-->IS,BZ-->IS,BZ-->IS,BZ-->IS,BZ-->IS,,,,,,,,,,,,,,,,,IS-->BZ,IS-->BZ,IS-->BZ,IS-->BZ,IS-->BZ,IS-->BZ,IS-->BZ,IS-->BZ,IS-->BZ,IS-->BZ,IS-->BZ,IS-->BZ,IS-->BZ,IS-->BZ,IS-->BZ,IS-->BZ,IS-->BZ,IS-->BZ,IS-->BZ
BJ,BEN,Benin,Porto-Novo,Africa,Western Africa,,BJ-->IS,BJ-->IS,BJ-->IS,BJ-->IS,BJ-->IS,BJ-->IS,BJ-->IS,BJ-->IS,BJ-->IS,BJ-->IS,BJ-->IS,BJ-->IS,BJ-->IS,BJ-->IS,BJ-->IS,BJ-->IS,BJ-->IS,BJ-->IS,BJ-->IS,,,,,,,,,,,,,,,,,IS-->BJ,IS-->BJ,IS-->BJ,IS-->BJ,IS-->BJ,IS-->BJ,IS-->BJ,IS-->BJ,IS-->BJ,IS-->BJ,IS-->BJ,IS-->BJ,IS-->BJ,IS-->BJ,IS-->BJ,IS-->BJ,IS-->BJ,IS-->BJ,IS-->BJ
BM,BMU,Bermuda,Hamilton,Americas,Northern America,,BM-->IS,BM-->IS,BM-->IS,BM-->IS,BM-->IS,BM-->IS,BM-->IS,BM-->IS,BM-->IS,BM-->IS,BM-->IS,BM-->IS,BM-->IS,BM-->IS,BM-->IS,BM-->IS,BM-->IS,BM-->IS,BM-->IS,,,,,,,,,,,,,,,,,IS-->BM,IS-->BM,IS-->BM,IS-->BM,IS-->BM,IS-->BM,IS-->BM,IS-->BM,IS-->BM,IS-->BM,IS-->BM,IS-->BM,IS-->BM,IS-->BM,IS-->BM,IS-->BM,IS-->BM,IS-->BM,IS-->BM
BT,BTN,Bhutan,Thimphu,Asia,Southern Asia,,BT-->IS,BT-->IS,BT-->IS,BT-->IS,BT-->IS,BT-->IS,BT-->IS,BT-->IS,BT-->IS,BT-->IS,BT-->IS,BT-->IS,BT-->IS,BT-->IS,BT-->IS,BT-->IS,BT-->IS,BT-->IS,BT-->IS,,,,,,,,,,,,,,,,,IS-->BT,IS-->BT,IS-->BT,IS-->BT,IS-->BT,IS-->BT,IS-->BT,IS-->BT,IS-->BT,IS-->BT,IS-->BT,IS-->BT,IS-->BT,IS-->BT,IS-->BT,IS-->BT,IS-->BT,IS-->BT,IS-->BT
BO,BOL,Bolivia,Sucre,Americas,South America,,BO-->IS,BO-->IS,BO-->IS,BO-->IS,BO-->IS,BO-->IS,BO-->IS,BO-->IS,BO-->IS,BO-->IS,BO-->IS,BO-->IS,BO-->IS,BO-->IS,BO-->IS,BO-->IS,BO-->IS,BO-->IS,BO-->IS,,,,,,,,,,,,,,,,,IS-->BO,IS-->BO,IS-->BO,IS-->BO,IS-->BO,IS-->BO,IS-->BO,IS-->BO,IS-->BO,IS-->BO,IS-->BO,IS-->BO,IS-->BO,IS-->BO,IS-->BO,IS-->BO,IS-->BO,IS-->BO,IS-->BO
BQ,BES,Bonaire,Kralendijk,Americas,Caribbean,,BQ-->IS,BQ-->IS,BQ-->IS,BQ-->IS,BQ-->IS,BQ-->IS,BQ-->IS,BQ-->IS,BQ-->IS,BQ-->IS,BQ-->IS,BQ-->IS,BQ-->IS,BQ-->IS,BQ-->IS,BQ-->IS,BQ-->IS,BQ-->IS,BQ-->IS,,,,,,,,,,,,,,,,,IS-->BQ,IS-->BQ,IS-->BQ,IS-->BQ,IS-->BQ,IS-->BQ,IS-->BQ,IS-->BQ,IS-->BQ,IS-->BQ,IS-->BQ,IS-->BQ,IS-->BQ,IS-->BQ,IS-->BQ,IS-->BQ,IS-->BQ,IS-->BQ,IS-->BQ
BA,BIH,Bosnia and Herzegovina,Sarajevo,Europe,Southern Europe,,BA-->IS,BA-->IS,BA-->IS,BA-->IS,BA-->IS,BA-->IS,BA-->IS,BA-->IS,BA-->IS,BA-->IS,BA-->IS,BA-->IS,BA-->IS,BA-->IS,BA-->IS,BA-->IS,BA-->IS,BA-->IS,BA-->IS,,,,,,,,,,,,,,,,,IS-->BA,IS-->BA,IS-->BA,IS-->BA,IS-->BA,IS-->BA,IS-->BA,IS-->BA,IS-->BA,IS-->BA,IS-->BA,IS-->BA,IS-->BA,IS-->BA,IS-->BA,IS-->BA,IS-->BA,IS-->BA,IS-->BA
BW,BWA,Botswana,Gaborone,Africa,Southern Africa,,BW-->IS,BW-->IS,BW-->IS,BW-->IS,BW-->IS,BW-->IS,BW-->IS,BW-->IS,BW-->IS,BW-->IS,BW-->IS,BW-->IS,BW-->IS,BW-->IS,BW-->IS,BW-->IS,BW-->IS,BW-->IS,BW-->IS,,,,,,,,,,,,,,,,,IS-->BW,IS-->BW,IS-->BW,IS-->BW,IS-->BW,IS-->BW,IS-->BW,IS-->BW,IS-->BW,IS-->BW,IS-->BW,IS-->BW,IS-->BW,IS-->BW,IS-->BW,IS-->BW,IS-->BW,IS-->BW,IS-->BW
BV,BVT,Bouvet Island,,,,,BV-->IS,BV-->IS,BV-->IS,BV-->IS,BV-->IS,BV-->IS,BV-->IS,BV-->IS,BV-->IS,BV-->IS,BV-->IS,BV-->IS,BV-->IS,BV-->IS,BV-->IS,BV-->IS,BV-->IS,BV-->IS,BV-->IS,,,,,,,,,,,,,,,,,IS-->BV,IS-->BV,IS-->BV,IS-->BV,IS-->BV,IS-->BV,IS-->BV,IS-->BV,IS-->BV,IS-->BV,IS-->BV,IS-->BV,IS-->BV,IS-->BV,IS-->BV,IS-->BV,IS-->BV,IS-->BV,IS-->BV
BR,BRA,Brazil,Brasília,Americas,South America,,BR-->IS,BR-->IS,BR-->IS,BR-->IS,BR-->IS,BR-->IS,BR-->IS,BR-->IS,BR-->IS,BR-->IS,BR-->IS,BR-->IS,BR-->IS,BR-->IS,BR-->IS,BR-->IS,BR-->IS,BR-->IS,BR-->IS,,,,,,,,,,,,,,,,,IS-->BR,IS-->BR,IS-->BR,IS-->BR,IS-->BR,IS-->BR,IS-->BR,IS-->BR,IS-->BR,IS-->BR,IS-->BR,IS-->BR,IS-->BR,IS-->BR,IS-->BR,IS-->BR,IS-->BR,IS-->BR,IS-->BR
IO,IOT,British Indian Ocean Territory,Diego Garcia,Africa,Eastern Africa,,IO-->IS,IO-->IS,IO-->IS,IO-->IS,IO-->IS,IO-->IS,IO-->IS,IO-->IS,IO-->IS,IO-->IS,IO-->IS,IO-->IS,IO-->IS,IO-->IS,IO-->IS,IO-->IS,IO-->IS,IO-->IS,IO-->IS,,,,,,,,,,,,,,,,,IS-->IO,IS-->IO,IS-->IO,IS-->IO,IS-->IO,IS-->IO,IS-->IO,IS-->IO,IS-->IO,IS-->IO,IS-->IO,IS-->IO,IS-->IO,IS-->IO,IS-->IO,IS-->IO,IS-->IO,IS-->IO,IS-->IO
UM,UMI,United States Minor Outlying Islands,,Americas,Northern America,,UM-->IS,UM-->IS,UM-->IS,UM-->IS,UM-->IS,UM-->IS,UM-->IS,UM-->IS,UM-->IS,UM-->IS,UM-->IS,UM-->IS,UM-->IS,UM-->IS,UM-->IS,UM-->IS,UM-->IS,UM-->IS,UM-->IS,,,,,,,,,,,,,,,,,IS-->UM,IS-->UM,IS-->UM,IS-->UM,IS-->UM,IS-->UM,IS-->UM,IS-->UM,IS-->UM,IS-->UM,IS-->UM,IS-->UM,IS-->UM,IS-->UM,IS-->UM,IS-->UM,IS-->UM,IS-->UM,IS-->UM
VG,VGB,Virgin Islands (British),Road Town,Americas,Caribbean,,VG-->IS,VG-->IS,VG-->IS,VG-->IS,VG-->IS,VG-->IS,VG-->IS,VG-->IS,VG-->IS,VG-->IS,VG-->IS,VG-->IS,VG-->IS,VG-->IS,VG-->IS,VG-->IS,VG-->IS,VG-->IS,VG-->IS,,,,,,,,,,,,,,,,,IS-->VG,IS-->VG,IS-->VG,IS-->VG,IS-->VG,IS-->VG,IS-->VG,IS-->VG,IS-->VG,IS-->VG,IS-->VG,IS-->VG,IS-->VG,IS-->VG,IS-->VG,IS-->VG,IS-->VG,IS-->VG,IS-->VG
VI,VIR,Virgin Islands (U.S.),Charlotte Amalie,Americas,Caribbean,,VI-->IS,VI-->IS,VI-->IS,VI-->IS,VI-->IS,VI-->IS,VI-->IS,VI-->IS,VI-->IS,VI-->IS,VI-->IS,VI-->IS,VI-->IS,VI-->IS,VI-->IS,VI-->IS,VI-->IS,VI-->IS,VI-->IS,,,,,,,,,,,,,,,,,IS-->VI,IS-->VI,IS-->VI,IS-->VI,IS-->VI,IS-->VI,IS-->VI,IS-->VI,IS-->VI,IS-->VI,IS-->VI,IS-->VI,IS-->VI,IS-->VI,IS-->VI,IS-->VI,IS-->VI,IS-->VI,IS-->VI
BN,BRN,Brunei,Bandar Seri Begawan,Asia,South-Eastern Asia,,BN-->IS,BN-->IS,BN-->IS,BN-->IS,BN-->IS,BN-->IS,BN-->IS,BN-->IS,BN-->IS,BN-->IS,BN-->IS,BN-->IS,BN-->IS,BN-->IS,BN-->IS,BN-->IS,BN-->IS,BN-->IS,BN-->IS,,,,,,,,,,,,,,,,,IS-->BN,IS-->BN,IS-->BN,IS-->BN,IS-->BN,IS-->BN,IS-->BN,IS-->BN,IS-->BN,IS-->BN,IS-->BN,IS-->BN,IS-->BN,IS-->BN,IS-->BN,IS-->BN,IS-->BN,IS-->BN,IS-->BN
BG,BGR,Bulgaria,Sofia,Europe,Eastern Europe,,BG-->IS,BG-->IS,BG-->IS,BG-->IS,BG-->IS,BG-->IS,BG-->IS,BG-->IS,BG-->IS,BG-->IS,BG-->IS,BG-->IS,BG-->IS,BG-->IS,BG-->IS,BG-->IS,BG-->IS,BG-->IS,BG-->IS,,,,,,,,,,,,,,,,,IS-->BG,IS-->BG,IS-->BG,IS-->BG,IS-->BG,IS-->BG,IS-->BG,IS-->BG,IS-->BG,IS-->BG,IS-->BG,IS-->BG,IS-->BG,IS-->BG,IS-->BG,IS-->BG,IS-->BG,IS-->BG,IS-->BG
BF,BFA,Burkina Faso,Ouagadougou,Africa,Western Africa,,BF-->IS,BF-->IS,BF-->IS,BF-->IS,BF-->IS,BF-->IS,BF-->IS,BF-->IS,BF-->IS,BF-->IS,BF-->IS,BF-->IS,BF-->IS,BF-->IS,BF-->IS,BF-->IS,BF-->IS,BF-->IS,BF-->IS,,,,,,,,,,,,,,,,,IS-->BF,IS-->BF,IS-->BF,IS-->BF,IS-->BF,IS-->BF,IS-->BF,IS-->BF,IS-->BF,IS-->BF,IS-->BF,IS-->BF,IS-->BF,IS-->BF,IS-->BF,IS-->BF,IS-->BF,IS-->BF,IS-->BF
BI,BDI,Burundi,Bujumbura,Africa,Eastern Africa,,BI-->IS,BI-->IS,BI-->IS,BI-->IS,BI-->IS,BI-->IS,BI-->IS,BI-->IS,BI-->IS,BI-->IS,BI-->IS,BI-->IS,BI-->IS,BI-->IS,BI-->IS,BI-->IS,BI-->IS,BI-->IS,BI-->IS,,,,,,,,,,,,,,,,,IS-->BI,IS-->BI,IS-->BI,IS-->BI,IS-->BI,IS-->BI,IS-->BI,IS-->BI,IS-->BI,IS-->BI,IS-->BI,IS-->BI,IS-->BI,IS-->BI,IS-->BI,IS-->BI,IS-->BI,IS-->BI,IS-->BI
KH,KHM,Cambodia,Phnom Penh,Asia,South-Eastern Asia,,KH-->IS,KH-->IS,KH-->IS,KH-->IS,KH-->IS,KH-->IS,KH-->IS,KH-->IS,KH-->IS,KH-->IS,KH-->IS,KH-->IS,KH-->IS,KH-->IS,KH-->IS,KH-->IS,KH-->IS,KH-->IS,KH-->IS,,,,,,,,,,,,,,,,,IS-->KH,IS-->KH,IS-->KH,IS-->KH,IS-->KH,IS-->KH,IS-->KH,IS-->KH,IS-->KH,IS-->KH,IS-->KH,IS-->KH,IS-->KH,IS-->KH,IS-->KH,IS-->KH,IS-->KH,IS-->KH,IS-->KH
CM,CMR,Cameroon,Yaoundé,Africa,Middle Africa,,CM-->IS,CM-->IS,CM-->IS,CM-->IS,CM-->IS,CM-->IS,CM-->IS,CM-->IS,CM-->IS,CM-->IS,CM-->IS,CM-->IS,CM-->IS,CM-->IS,CM-->IS,CM-->IS,CM-->IS,CM-->IS,CM-->IS,,,,,,,,,,,,,,,,,IS-->CM,IS-->CM,IS-->CM,IS-->CM,IS-->CM,IS-->CM,IS-->CM,IS-->CM,IS-->CM,IS-->CM,IS-->CM,IS-->CM,IS-->CM,IS-->CM,IS-->CM,IS-->CM,IS-->CM,IS-->CM,IS-->CM
CA,CAN,Canada,Ottawa,Americas,Northern America,,CA-->IS,CA-->IS,CA-->IS,CA-->IS,CA-->IS,CA-->IS,CA-->IS,CA-->IS,CA-->IS,CA-->IS,CA-->IS,CA-->IS,CA-->IS,CA-->IS,CA-->IS,CA-->IS,CA-->IS,CA-->IS,CA-->IS,,,,,,,,,,,,,,,,,IS-->CA,IS-->CA,IS-->CA,IS-->CA,IS-->CA,IS-->CA,IS-->CA,IS-->CA,IS-->CA,IS-->CA,IS-->CA,IS-->CA,IS-->CA,IS-->CA,IS-->CA,IS-->CA,IS-->CA,IS-->CA,IS-->CA
CV,CPV,Cape Verde,Praia,Africa,Western Africa,,CV-->IS,CV-->IS,CV-->IS,CV-->IS,CV-->IS,CV-->IS,CV-->IS,CV-->IS,CV-->IS,CV-->IS,CV-->IS,CV-->IS,CV-->IS,CV-->IS,CV-->IS,CV-->IS,CV-->IS,CV-->IS,CV-->IS,,,,,,,,,,,,,,,,,IS-->CV,IS-->CV,IS-->CV,IS-->CV,IS-->CV,IS-->CV,IS-->CV,IS-->CV,IS-->CV,IS-->CV,IS-->CV,IS-->CV,IS-->CV,IS-->CV,IS-->CV,IS-->CV,IS-->CV,IS-->CV,IS-->CV
KY,CYM,Cayman Islands,George Town,Americas,Caribbean,,KY-->IS,KY-->IS,KY-->IS,KY-->IS,KY-->IS,KY-->IS,KY-->IS,KY-->IS,KY-->IS,KY-->IS,KY-->IS,KY-->IS,KY-->IS,KY-->IS,KY-->IS,KY-->IS,KY-->IS,KY-->IS,KY-->IS,,,,,,,,,,,,,,,,,IS-->KY,IS-->KY,IS-->KY,IS-->KY,IS-->KY,IS-->KY,IS-->KY,IS-->KY,IS-->KY,IS-->KY,IS-->KY,IS-->KY,IS-->KY,IS-->KY,IS-->KY,IS-->KY,IS-->KY,IS-->KY,IS-->KY
CF,CAF,Central African Republic,Bangui,Africa,Middle Africa,,CF-->IS,CF-->IS,CF-->IS,CF-->IS,CF-->IS,CF-->IS,CF-->IS,CF-->IS,CF-->IS,CF-->IS,CF-->IS,CF-->IS,CF-->IS,CF-->IS,CF-->IS,CF-->IS,CF-->IS,CF-->IS,CF-->IS,,,,,,,,,,,,,,,,,IS-->CF,IS-->CF,IS-->CF,IS-->CF,IS-->CF,IS-->CF,IS-->CF,IS-->CF,IS-->CF,IS-->CF,IS-->CF,IS-->CF,IS-->CF,IS-->CF,IS-->CF,IS-->CF,IS-->CF,IS-->CF,IS-->CF
TD,TCD,Chad,N'Djamena,Africa,Middle Africa,,TD-->IS,TD-->IS,TD-->IS,TD-->IS,TD-->IS,TD-->IS,TD-->IS,TD-->IS,TD-->IS,TD-->IS,TD-->IS,TD-->IS,TD-->IS,TD-->IS,TD-->IS,TD-->IS,TD-->IS,TD-->IS,TD-->IS,,,,,,,,,,,,,,,,,IS-->TD,IS-->TD,IS-->TD,IS-->TD,IS-->TD,IS-->TD,IS-->TD,IS-->TD,IS-->TD,IS-->TD,IS-->TD,IS-->TD,IS-->TD,IS-->TD,IS-->TD,IS-->TD,IS-->TD,IS-->TD,IS-->TD
CL,CHL,Chile,Santiago,Americas,South America,,CL-->IS,CL-->IS,CL-->IS,CL-->IS,CL-->IS,CL-->IS,CL-->IS,CL-->IS,CL-->IS,CL-->IS,CL-->IS,CL-->IS,CL-->IS,CL-->IS,CL-->IS,CL-->IS,CL-->IS,CL-->IS,CL-->IS,,,,,,,,,,,,,,,,,IS-->CL,IS-->CL,IS-->CL,IS-->CL,IS-->CL,IS-->CL,IS-->CL,IS-->CL,IS-->CL,IS-->CL,IS-->CL,IS-->CL,IS-->CL,IS-->CL,IS-->CL,IS-->CL,IS-->CL,IS-->CL,IS-->CL
CN,CHN,China,Beijing,Asia,Eastern Asia,,CN-->IS,CN-->IS,CN-->IS,CN-->IS,CN-->IS,CN-->IS,CN-->IS,CN-->IS,CN-->IS,CN-->IS,CN-->IS,CN-->IS,CN-->IS,CN-->IS,CN-->IS,CN-->IS,CN-->IS,CN-->IS,CN-->IS,,,,,,,,,,,,,,,,,IS-->CN,IS-->CN,IS-->CN,IS-->CN,IS-->CN,IS-->CN,IS-->CN,IS-->CN,IS-->CN,IS-->CN,IS-->CN,IS-->CN,IS-->CN,IS-->CN,IS-->CN,IS-->CN,IS-->CN,IS-->CN,IS-->CN
CX,CXR,Christmas Island,Flying Fish Cove,Oceania,Australia and New Zealand,,CX-->IS,CX-->IS,CX-->IS,CX-->IS,CX-->IS,CX-->IS,CX-->IS,CX-->IS,CX-->IS,CX-->IS,CX-->IS,CX-->IS,CX-->IS,CX-->IS,CX-->IS,CX-->IS,CX-->IS,CX-->IS,CX-->IS,,,,,,,,,,,,,,,,,IS-->CX,IS-->CX,IS-->CX,IS-->CX,IS-->CX,IS-->CX,IS-->CX,IS-->CX,IS-->CX,IS-->CX,IS-->CX,IS-->CX,IS-->CX,IS-->CX,IS-->CX,IS-->CX,IS-->CX,IS-->CX,IS-->CX
CC,CCK,Cocos (Keeling) Islands,West Island,Oceania,Australia and New Zealand,,CC-->IS,CC-->IS,CC-->IS,CC-->IS,CC-->IS,CC-->IS,CC-->IS,CC-->IS,CC-->IS,CC-->IS,CC-->IS,CC-->IS,CC-->IS,CC-->IS,CC-->IS,CC-->IS,CC-->IS,CC-->IS,CC-->IS,,,,,,,,,,,,,,,,,IS-->CC,IS-->CC,IS-->CC,IS-->CC,IS-->CC,IS-->CC,IS-->CC,IS-->CC,IS-->CC,IS-->CC,IS-->CC,IS-->CC,IS-->CC,IS-->CC,IS-->CC,IS-->CC,IS-->CC,IS-->CC,IS-->CC
CO,COL,Colombia,Bogotá,Americas,South America,,CO-->IS,CO-->IS,CO-->IS,CO-->IS,CO-->IS,CO-->IS,CO-->IS,CO-->IS,CO-->IS,CO-->IS,CO-->IS,CO-->IS,CO-->IS,CO-->IS,CO-->IS,CO-->IS,CO-->IS,CO-->IS,CO-->IS,,,,,,,,,,,,,,,,,IS-->CO,IS-->CO,IS-->CO,IS-->CO,IS-->CO,IS-->CO,IS-->CO,IS-->CO,IS-->CO,IS-->CO,IS-->CO,IS-->CO,IS-->CO,IS-->CO,IS-->CO,IS-->CO,IS-->CO,IS-->CO,IS-->CO
KM,COM,Comoros,Moroni,Africa,Eastern Africa,,KM-->IS,KM-->IS,KM-->IS,KM-->IS,KM-->IS,KM-->IS,KM-->IS,KM-->IS,KM-->IS,KM-->IS,KM-->IS,KM-->IS,KM-->IS,KM-->IS,KM-->IS,KM-->IS,KM-->IS,KM-->IS,KM-->IS,,,,,,,,,,,,,,,,,IS-->KM,IS-->KM,IS-->KM,IS-->KM,IS-->KM,IS-->KM,IS-->KM,IS-->KM,IS-->KM,IS-->KM,IS-->KM,IS-->KM,IS-->KM,IS-->KM,IS-->KM,IS-->KM,IS-->KM,IS-->KM,IS-->KM
CG,COG,Republic of the Congo,Brazzaville,Africa,Middle Africa,,CG-->IS,CG-->IS,CG-->IS,CG-->IS,CG-->IS,CG-->IS,CG-->IS,CG-->IS,CG-->IS,CG-->IS,CG-->IS,CG-->IS,CG-->IS,CG-->IS,CG-->IS,CG-->IS,CG-->IS,CG-->IS,CG-->IS,,,,,,,,,,,,,,,,,IS-->CG,IS-->CG,IS-->CG,IS-->CG,IS-->CG,IS-->CG,IS-->CG,IS-->CG,IS-->CG,IS-->CG,IS-->CG,IS-->CG,IS-->CG,IS-->CG,IS-->CG,IS-->CG,IS-->CG,IS-->CG,IS-->CG
CD,COD,Democratic Republic of the Congo,Kinshasa,Africa,Middle Africa,,CD-->IS,CD-->IS,CD-->IS,CD-->IS,CD-->IS,CD-->IS,CD-->IS,CD-->IS,CD-->IS,CD-->IS,CD-->IS,CD-->IS,CD-->IS,CD-->IS,CD-->IS,CD-->IS,CD-->IS,CD-->IS,CD-->IS,,,,,,,,,,,,,,,,,IS-->CD,IS-->CD,IS-->CD,IS-->CD,IS-->CD,IS-->CD,IS-->CD,IS-->CD,IS-->CD,IS-->CD,IS-->CD,IS-->CD,IS-->CD,IS-->CD,IS-->CD,IS-->CD,IS-->CD,IS-->CD,IS-->CD
CK,COK,Cook Islands,Avarua,Oceania,Polynesia,,CK-->IS,CK-->IS,CK-->IS,CK-->IS,CK-->IS,CK-->IS,CK-->IS,CK-->IS,CK-->IS,CK-->IS,CK-->IS,CK-->IS,CK-->IS,CK-->IS,CK-->IS,CK-->IS,CK-->IS,CK-->IS,CK-->IS,,,,,,,,,,,,,,,,,IS-->CK,IS-->CK,IS-->CK,IS-->CK,IS-->CK,IS-->CK,IS-->CK,IS-->CK,IS-->CK,IS-->CK,IS-->CK,IS-->CK,IS-->CK,IS-->CK,IS-->CK,IS-->CK,IS-->CK,IS-->CK,IS-->CK
CR,CRI,Costa Rica,San José,Americas,Central America,,CR-->IS,CR-->IS,CR-->IS,CR-->IS,CR-->IS,CR-->IS,CR-->IS,CR-->IS,CR-->IS,CR-->IS,CR-->IS,CR-->IS,CR-->IS,CR-->IS,CR-->IS,CR-->IS,CR-->IS,CR-->IS,CR-->IS,,,,,,,,,,,,,,,,,IS-->CR,IS-->CR,IS-->CR,IS-->CR,IS-->CR,IS-->CR,IS-->CR,IS-->CR,IS-->CR,IS-->CR,IS-->CR,IS-->CR,IS-->CR,IS-->CR,IS-->CR,IS-->CR,IS-->CR,IS-->CR,IS-->CR
HR,HRV,Croatia,Zagreb,Europe,Southern Europe,,HR-->IS,HR-->IS,HR-->IS,HR-->IS,HR-->IS,HR-->IS,HR-->IS,HR-->IS,HR-->IS,HR-->IS,HR-->IS,HR-->IS,HR-->IS,HR-->IS,HR-->IS,HR-->IS,HR-->IS,HR-->IS,HR-->IS,,,,,,,,,,,,,,,,,IS-->HR,IS-->HR,IS-->HR,IS-->HR,IS-->HR,IS-->HR,IS-->HR,IS-->HR,IS-->HR,IS-->HR,IS-->HR,IS-->HR,IS-->HR,IS-->HR,IS-->HR,IS-->HR,IS-->HR,IS-->HR,IS-->HR
CU,CUB,Cuba,Havana,Americas,Caribbean,,CU-->IS,CU-->IS,CU-->IS,CU-->IS,CU-->IS,CU-->IS,CU-->IS,CU-->IS,CU-->IS,CU-->IS,CU-->IS,CU-->IS,CU-->IS,CU-->IS,CU-->IS,CU-->IS,CU-->IS,CU-->IS,CU-->IS,,,,,,,,,,,,,,,,,IS-->CU,IS-->CU,IS-->CU,IS-->CU,IS-->CU,IS-->CU,IS-->CU,IS-->CU,IS-->CU,IS-->CU,IS-->CU,IS-->CU,IS-->CU,IS-->CU,IS-->CU,IS-->CU,IS-->CU,IS-->CU,IS-->CU
CW,CUW,Curaçao,Willemstad,Americas,Caribbean,,CW-->IS,CW-->IS,CW-->IS,CW-->IS,CW-->IS,CW-->IS,CW-->IS,CW-->IS,CW-->IS,CW-->IS,CW-->IS,CW-->IS,CW-->IS,CW-->IS,CW-->IS,CW-->IS,CW-->IS,CW-->IS,CW-->IS,,,,,,,,,,,,,,,,,IS-->CW,IS-->CW,IS-->CW,IS-->CW,IS-->CW,IS-->CW,IS-->CW,IS-->CW,IS-->CW,IS-->CW,IS-->CW,IS-->CW,IS-->CW,IS-->CW,IS-->CW,IS-->CW,IS-->CW,IS-->CW,IS-->CW
CY,CYP,Cyprus,Nicosia,Europe,Southern Europe,,CY-->IS,CY-->IS,CY-->IS,CY-->IS,CY-->IS,CY-->IS,CY-->IS,CY-->IS,CY-->IS,CY-->IS,CY-->IS,CY-->IS,CY-->IS,CY-->IS,CY-->IS,CY-->IS,CY-->IS,CY-->IS,CY-->IS,,,,,,,,,,,,,,,,,IS-->CY,IS-->CY,IS-->CY,IS-->CY,IS-->CY,IS-->CY,IS-->CY,IS-->CY,IS-->CY,IS-->CY,IS-->CY,IS-->CY,IS-->CY,IS-->CY,IS-->CY,IS-->CY,IS-->CY,IS-->CY,IS-->CY
CZ,CZE,Czech Republic,Prague,Europe,Eastern Europe,,CZ-->IS,CZ-->IS,CZ-->IS,CZ-->IS,CZ-->IS,CZ-->IS,CZ-->IS,CZ-->IS,CZ-->IS,CZ-->IS,CZ-->IS,CZ-->IS,CZ-->IS,CZ-->IS,CZ-->IS,CZ-->IS,CZ-->IS,CZ-->IS,CZ-->IS,,,,,,,,,,,,,,,,,IS-->CZ,IS-->CZ,IS-->CZ,IS-->CZ,IS-->CZ,IS-->CZ,IS-->CZ,IS-->CZ,IS-->CZ,IS-->CZ,IS-->CZ,IS-->CZ,IS-->CZ,IS-->CZ,IS-->CZ,IS-->CZ,IS-->CZ,IS-->CZ,IS-->CZ
DK,DNK,Denmark,Copenhagen,Europe,Northern Europe,,DK-->IS,DK-->IS,DK-->IS,DK-->IS,DK-->IS,DK-->IS,DK-->IS,DK-->IS,DK-->IS,DK-->IS,DK-->IS,DK-->IS,DK-->IS,DK-->IS,DK-->IS,DK-->IS,DK-->IS,DK-->IS,DK-->IS,,,,,,,,,,,,,,,,,IS-->DK,IS-->DK,IS-->DK,IS-->DK,IS-->DK,IS-->DK,IS-->DK,IS-->DK,IS-->DK,IS-->DK,IS-->DK,IS-->DK,IS-->DK,IS-->DK,IS-->DK,IS-->DK,IS-->DK,IS-->DK,IS-->DK
DJ,DJI,Djibouti,Djibouti,Africa,Eastern Africa,,DJ-->IS,DJ-->IS,DJ-->IS,DJ-->IS,DJ-->IS,DJ-->IS,DJ-->IS,DJ-->IS,DJ-->IS,DJ-->IS,DJ-->IS,DJ-->IS,DJ-->IS,DJ-->IS,DJ-->IS,DJ-->IS,DJ-->IS,DJ-->IS,DJ-->IS,,,,,,,,,,,,,,,,,IS-->DJ,IS-->DJ,IS-->DJ,IS-->DJ,IS-->DJ,IS-->DJ,IS-->DJ,IS-->DJ,IS-->DJ,IS-->DJ,IS-->DJ,IS-->DJ,IS-->DJ,IS-->DJ,IS-->DJ,IS-->DJ,IS-->DJ,IS-->DJ,IS-->DJ
DM,DMA,Dominica,Roseau,Americas,Caribbean,,DM-->IS,DM-->IS,DM-->IS,DM-->IS,DM-->IS,DM-->IS,DM-->IS,DM-->IS,DM-->IS,DM-->IS,DM-->IS,DM-->IS,DM-->IS,DM-->IS,DM-->IS,DM-->IS,DM-->IS,DM-->IS,DM-->IS,,,,,,,,,,,,,,,,,IS-->DM,IS-->DM,IS-->DM,IS-->DM,IS-->DM,IS-->DM,IS-->DM,IS-->DM,IS-->DM,IS-->DM,IS-->DM,IS-->DM,IS-->DM,IS-->DM,IS-->DM,IS-->DM,IS-->DM,IS-->DM,IS-->DM
DO,DOM,Dominican Republic,Santo Domingo,Americas,Caribbean,,DO-->IS,DO-->IS,DO-->IS,DO-->IS,DO-->IS,DO-->IS,DO-->IS,DO-->IS,DO-->IS,DO-->IS,DO-->IS,DO-->IS,DO-->IS,DO-->IS,DO-->IS,DO-->IS,DO-->IS,DO-->IS,DO-->IS,,,,,,,,,,,,,,,,,IS-->DO,IS-->DO,IS-->DO,IS-->DO,IS-->DO,IS-->DO,IS-->DO,IS-->DO,IS-->DO,IS-->DO,IS-->DO,IS-->DO,IS-->DO,IS-->DO,IS-->DO,IS-->DO,IS-->DO,IS-->DO,IS-->DO
EC,ECU,Ecuador,Quito,Americas,South America,,EC-->IS,EC-->IS,EC-->IS,EC-->IS,EC-->IS,EC-->IS,EC-->IS,EC-->IS,EC-->IS,EC-->IS,EC-->IS,EC-->IS,EC-->IS,EC-->IS,EC-->IS,EC-->IS,EC-->IS,EC-->IS,EC-->IS,,,,,,,,,,,,,,,,,IS-->EC,IS-->EC,IS-->EC,IS-->EC,IS-->EC,IS-->EC,IS-->EC,IS-->EC,IS-->EC,IS-->EC,IS-->EC,IS-->EC,IS-->EC,IS-->EC,IS-->EC,IS-->EC,IS-->EC,IS-->EC,IS-->EC
EG,EGY,Egypt,Cairo,Africa,Northern Africa,,EG-->IS,EG-->IS,EG-->IS,EG-->IS,EG-->IS,EG-->IS,EG-->IS,EG-->IS,EG-->IS,EG-->IS,EG-->IS,EG-->IS,EG-->IS,EG-->IS,EG-->IS,EG-->IS,EG-->IS,EG-->IS,EG-->IS,,,,,,,,,,,,,,,,,IS-->EG,IS-->EG,IS-->EG,IS-->EG,IS-->EG,IS-->EG,IS-->EG,IS-->EG,IS-->EG,IS-->EG,IS-->EG,IS-->EG,IS-->EG,IS-->EG,IS-->EG,IS-->EG,IS-->EG,IS-->EG,IS-->EG
SV,SLV,El Salvador,San Salvador,Americas,Central America,,SV-->IS,SV-->IS,SV-->IS,SV-->IS,SV-->IS,SV-->IS,SV-->IS,SV-->IS,SV-->IS,SV-->IS,SV-->IS,SV-->IS,SV-->IS,SV-->IS,SV-->IS,SV-->IS,SV-->IS,SV-->IS,SV-->IS,,,,,,,,,,,,,,,,,IS-->SV,IS-->SV,IS-->SV,IS-->SV,IS-->SV,IS-->SV,IS-->SV,IS-->SV,IS-->SV,IS-->SV,IS-->SV,IS-->SV,IS-->SV,IS-->SV,IS-->SV,IS-->SV,IS-->SV,IS-->SV,IS-->SV
GQ,GNQ,Equatorial Guinea,Malabo,Africa,Middle Africa,,GQ-->IS,GQ-->IS,GQ-->IS,GQ-->IS,GQ-->IS,GQ-->IS,GQ-->IS,GQ-->IS,GQ-->IS,GQ-->IS,GQ-->IS,GQ-->IS,GQ-->IS,GQ-->IS,GQ-->IS,GQ-->IS,GQ-->IS,GQ-->IS,GQ-->IS,,,,,,,,,,,,,,,,,IS-->GQ,IS-->GQ,IS-->GQ,IS-->GQ,IS-->GQ,IS-->GQ,IS-->GQ,IS-->GQ,IS-->GQ,IS-->GQ,IS-->GQ,IS-->GQ,IS-->GQ,IS-->GQ,IS-->GQ,IS-->GQ,IS-->GQ,IS-->GQ,IS-->GQ
ER,ERI,Eritrea,Asmara,Africa,Eastern Africa,,ER-->IS,ER-->IS,ER-->IS,ER-->IS,ER-->IS,ER-->IS,ER-->IS,ER-->IS,ER-->IS,ER-->IS,ER-->IS,ER-->IS,ER-->IS,ER-->IS,ER-->IS,ER-->IS,ER-->IS,ER-->IS,ER-->IS,,,,,,,,,,,,,,,,,IS-->ER,IS-->ER,IS-->ER,IS-->ER,IS-->ER,IS-->ER,IS-->ER,IS-->ER,IS-->ER,IS-->ER,IS-->ER,IS-->ER,IS-->ER,IS-->ER,IS-->ER,IS-->ER,IS-->ER,IS-->ER,IS-->ER
EE,EST,Estonia,Tallinn,Europe,Northern Europe,,EE-->IS,EE-->IS,EE-->IS,EE-->IS,EE-->IS,EE-->IS,EE-->IS,EE-->IS,EE-->IS,EE-->IS,EE-->IS,EE-->IS,EE-->IS,EE-->IS,EE-->IS,EE-->IS,EE-->IS,EE-->IS,EE-->IS,,,,,,,,,,,,,,,,,IS-->EE,IS-->EE,IS-->EE,IS-->EE,IS-->EE,IS-->EE,IS-->EE,IS-->EE,IS-->EE,IS-->EE,IS-->EE,IS-->EE,IS-->EE,IS-->EE,IS-->EE,IS-->EE,IS-->EE,IS-->EE,IS-->EE
ET,ETH,Ethiopia,Addis Ababa,Africa,Eastern Africa,,ET-->IS,ET-->IS,ET-->IS,ET-->IS,ET-->IS,ET-->IS,ET-->IS,ET-->IS,ET-->IS,ET-->IS,ET-->IS,ET-->IS,ET-->IS,ET-->IS,ET-->IS,ET-->IS,ET-->IS,ET-->IS,ET-->IS,,,,,,,,,,,,,,,,,IS-->ET,IS-->ET,IS-->ET,IS-->ET,IS-->ET,IS-->ET,IS-->ET,IS-->ET,IS-->ET,IS-->ET,IS-->ET,IS-->ET,IS-->ET,IS-->ET,IS-->ET,IS-->ET,IS-->ET,IS-->ET,IS-->ET
FK,FLK,Falkland Islands,Stanley,Americas,South America,,FK-->IS,FK-->IS,FK-->IS,FK-->IS,FK-->IS,FK-->IS,FK-->IS,FK-->IS,FK-->IS,FK-->IS,FK-->IS,FK-->IS,FK-->IS,FK-->IS,FK-->IS,FK-->IS,FK-->IS,FK-->IS,FK-->IS,,,,,,,,,,,,,,,,,IS-->FK,IS-->FK,IS-->FK,IS-->FK,IS-->FK,IS-->FK,IS-->FK,IS-->FK,IS-->FK,IS-->FK,IS-->FK,IS-->FK,IS-->FK,IS-->FK,IS-->FK,IS-->FK,IS-->FK,IS-->FK,IS-->FK
FO,FRO,Faroe Islands,Tórshavn,Europe,Northern Europe,,FO-->IS,FO-->IS,FO-->IS,FO-->IS,FO-->IS,FO-->IS,FO-->IS,FO-->IS,FO-->IS,FO-->IS,FO-->IS,FO-->IS,FO-->IS,FO-->IS,FO-->IS,FO-->IS,FO-->IS,FO-->IS,FO-->IS,,,,,,,,,,,,,,,,,IS-->FO,IS-->FO,IS-->FO,IS-->FO,IS-->FO,IS-->FO,IS-->FO,IS-->FO,IS-->FO,IS-->FO,IS-->FO,IS-->FO,IS-->FO,IS-->FO,IS-->FO,IS-->FO,IS-->FO,IS-->FO,IS-->FO
FJ,FJI,Fiji,Suva,Oceania,Melanesia,,FJ-->IS,FJ-->IS,FJ-->IS,FJ-->IS,FJ-->IS,FJ-->IS,FJ-->IS,FJ-->IS,FJ-->IS,FJ-->IS,FJ-->IS,FJ-->IS,FJ-->IS,FJ-->IS,FJ-->IS,FJ-->IS,FJ-->IS,FJ-->IS,FJ-->IS,,,,,,,,,,,,,,,,,IS-->FJ,IS-->FJ,IS-->FJ,IS-->FJ,IS-->FJ,IS-->FJ,IS-->FJ,IS-->FJ,IS-->FJ,IS-->FJ,IS-->FJ,IS-->FJ,IS-->FJ,IS-->FJ,IS-->FJ,IS-->FJ,IS-->FJ,IS-->FJ,IS-->FJ
FI,FIN,Finland,Helsinki,Europe,Northern Europe,,FI-->IS,FI-->IS,FI-->IS,FI-->IS,FI-->IS,FI-->IS,FI-->IS,FI-->IS,FI-->IS,FI-->IS,FI-->IS,FI-->IS,FI-->IS,FI-->IS,FI-->IS,FI-->IS,FI-->IS,FI-->IS,FI-->IS,,,,,,,,,,,,,,,,,IS-->FI,IS-->FI,IS-->FI,IS-->FI,IS-->FI,IS-->FI,IS-->FI,IS-->FI,IS-->FI,IS-->FI,IS-->FI,IS-->FI,IS-->FI,IS-->FI,IS-->FI,IS-->FI,IS-->FI,IS-->FI,IS-->FI
FR,FRA,France,Paris,Europe,Western Europe,,FR-->IS,FR-->IS,FR-->IS,FR-->IS,FR-->IS,FR-->IS,FR-->IS,FR-->IS,FR-->IS,FR-->IS,FR-->IS,FR-->IS,FR-->IS,FR-->IS,FR-->IS,FR-->IS,FR-->IS,FR-->IS,FR-->IS,,,,,,,,,,,,,,,,,IS-->FR,IS-->FR,IS-->FR,IS-->FR,IS-->FR,IS-->FR,IS-->FR,IS-->FR,IS-->FR,IS-->FR,IS-->FR,IS-->FR,IS-->FR,IS-->FR,IS-->FR,IS-->FR,IS-->FR,IS-->FR,IS-->FR
GF,GUF,French Guiana,Cayenne,Americas,South America,,GF-->IS,GF-->IS,GF-->IS,GF-->IS,GF-->IS,GF-->IS,GF-->IS,GF-->IS,GF-->IS,GF-->IS,GF-->IS,GF-->IS,GF-->IS,GF-->IS,GF-->IS,GF-->IS,GF-->IS,GF-->IS,GF-->IS,,,,,,,,,,,,,,,,,IS-->GF,IS-->GF,IS-->GF,IS-->GF,IS-->GF,IS-->GF,IS-->GF,IS-->GF,IS-->GF,IS-->GF,IS-->GF,IS-->GF,IS-->GF,IS-->GF,IS-->GF,IS-->GF,IS-->GF,IS-->GF,IS-->GF
PF,PYF,French Polynesia,Papeetē,Oceania,Polynesia,,PF-->IS,PF-->IS,PF-->IS,PF-->IS,PF-->IS,PF-->IS,PF-->IS,PF-->IS,PF-->IS,PF-->IS,PF-->IS,PF-->IS,PF-->IS,PF-->IS,PF-->IS,PF-->IS,PF-->IS,PF-->IS,PF-->IS,,,,,,,,,,,,,,,,,IS-->PF,IS-->PF,IS-->PF,IS-->PF,IS-->PF,IS-->PF,IS-->PF,IS-->PF,IS-->PF,IS-->PF,IS-->PF,IS-->PF,IS-->PF,IS-->PF,IS-->PF,IS-->PF,IS-->PF,IS-->PF,IS-->PF
TF,ATF,French Southern and Antarctic Lands,Port-aux-Français,Africa,Southern Africa,,TF-->IS,TF-->IS,TF-->IS,TF-->IS,TF-->IS,TF-->IS,TF-->IS,TF-->IS,TF-->IS,TF-->IS,TF-->IS,TF-->IS,TF-->IS,TF-->IS,TF-->IS,TF-->IS,TF-->IS,TF-->IS,TF-->IS,,,,,,,,,,,,,,,,,IS-->TF,IS-->TF,IS-->TF,IS-->TF,IS-->TF,IS-->TF,IS-->TF,IS-->TF,IS-->TF,IS-->TF,IS-->TF,IS-->TF,IS-->TF,IS-->TF,IS-->TF,IS-->TF,IS-->TF,IS-->TF,IS-->TF
GA,GAB,Gabon,Libreville,Africa,Middle Africa,,GA-->IS,GA-->IS,GA-->IS,GA-->IS,GA-->IS,GA-->IS,GA-->IS,GA-->IS,GA-->IS,GA-->IS,GA-->IS,GA-->IS,GA-->IS,GA-->IS,GA-->IS,GA-->IS,GA-->IS,GA-->IS,GA-->IS,,,,,,,,,,,,,,,,,IS-->GA,IS-->GA,IS-->GA,IS-->GA,IS-->GA,IS-->GA,IS-->GA,IS-->GA,IS-->GA,IS-->GA,IS-->GA,IS-->GA,IS-->GA,IS-->GA,IS-->GA,IS-->GA,IS-->GA,IS-->GA,IS-->GA
GM,GMB,The Gambia,Banjul,Africa,Western Africa,,GM-->IS,GM-->IS,GM-->IS,GM-->IS,GM-->IS,GM-->IS,GM-->IS,GM-->IS,GM-->IS,GM-->IS,GM-->IS,GM-->IS,GM-->IS,GM-->IS,GM-->IS,GM-->IS,GM-->IS,GM-->IS,GM-->IS,,,,,,,,,,,,,,,,,IS-->GM,IS-->GM,IS-->GM,IS-->GM,IS-->GM,IS-->GM,IS-->GM,IS-->GM,IS-->GM,IS-->GM,IS-->GM,IS-->GM,IS-->GM,IS-->GM,IS-->GM,IS-->GM,IS-->GM,IS-->GM,IS-->GM
GE,GEO,Georgia,Tbilisi,Asia,Western Asia,,GE-->IS,GE-->IS,GE-->IS,GE-->IS,GE-->IS,GE-->IS,GE-->IS,GE-->IS,GE-->IS,GE-->IS,GE-->IS,GE-->IS,GE-->IS,GE-->IS,GE-->IS,GE-->IS,GE-->IS,GE-->IS,GE-->IS,,,,,,,,,,,,,,,,,IS-->GE,IS-->GE,IS-->GE,IS-->GE,IS-->GE,IS-->GE,IS-->GE,IS-->GE,IS-->GE,IS-->GE,IS-->GE,IS-->GE,IS-->GE,IS-->GE,IS-->GE,IS-->GE,IS-->GE,IS-->GE,IS-->GE
DE,DEU,Germany,Berlin,Europe,Western Europe,,DE-->IS,DE-->IS,DE-->IS,DE-->IS,DE-->IS,DE-->IS,DE-->IS,DE-->IS,DE-->IS,DE-->IS,DE-->IS,DE-->IS,DE-->IS,DE-->IS,DE-->IS,DE-->IS,DE-->IS,DE-->IS,DE-->IS,,,,,,,,,,,,,,,,,IS-->DE,IS-->DE,IS-->DE,IS-->DE,IS-->DE,IS-->DE,IS-->DE,IS-->DE,IS-->DE,IS-->DE,IS-->DE,IS-->DE,IS-->DE,IS-->DE,IS-->DE,IS-->DE,IS-->DE,IS-->DE,IS-->DE
GH,GHA,Ghana,Accra,Africa,Western Africa,,GH-->IS,GH-->IS,GH-->IS,GH-->IS,GH-->IS,GH-->IS,GH-->IS,GH-->IS,GH-->IS,GH-->IS,GH-->IS,GH-->IS,GH-->IS,GH-->IS,GH-->IS,GH-->IS,GH-->IS,GH-->IS,GH-->IS,,,,,,,,,,,,,,,,,IS-->GH,IS-->GH,IS-->GH,IS-->GH,IS-->GH,IS-->GH,IS-->GH,IS-->GH,IS-->GH,IS-->GH,IS-->GH,IS-->GH,IS-->GH,IS-->GH,IS-->GH,IS-->GH,IS-->GH,IS-->GH,IS-->GH
GI,GIB,Gibraltar,Gibraltar,Europe,Southern Europe,,GI-->IS,GI-->IS,GI-->IS,GI-->IS,GI-->IS,GI-->IS,GI-->IS,GI-->IS,GI-->IS,GI-->IS,GI-->IS,GI-->IS,GI-->IS,GI-->IS,GI-->IS,GI-->IS,GI-->IS,GI-->IS,GI-->IS,,,,,,,,,,,,,,,,,IS-->GI,IS-->GI,IS-->GI,IS-->GI,IS-->GI,IS-->GI,IS-->GI,IS-->GI,IS-->GI,IS-->GI,IS-->GI,IS-->GI,IS-->GI,IS-->GI,IS-->GI,IS-->GI,IS-->GI,IS-->GI,IS-->GI
GR,GRC,Greece,Athens,Europe,Southern Europe,,GR-->IS,GR-->IS,GR-->IS,GR-->IS,GR-->IS,GR-->IS,GR-->IS,GR-->IS,GR-->IS,GR-->IS,GR-->IS,GR-->IS,GR-->IS,GR-->IS,GR-->IS,GR-->IS,GR-->IS,GR-->IS,GR-->IS,,,,,,,,,,,,,,,,,IS-->GR,IS-->GR,IS-->GR,IS-->GR,IS-->GR,IS-->GR,IS-->GR,IS-->GR,IS-->GR,IS-->GR,IS-->GR,IS-->GR,IS-->GR,IS-->GR,IS-->GR,IS-->GR,IS-->GR,IS-->GR,IS-->GR
GL,GRL,Greenland,Nuuk,Americas,Northern America,,GL-->IS,GL-->IS,GL-->IS,GL-->IS,GL-->IS,GL-->IS,GL-->IS,GL-->IS,GL-->IS,GL-->IS,GL-->IS,GL-->IS,GL-->IS,GL-->IS,GL-->IS,GL-->IS,GL-->IS,GL-->IS,GL-->IS,,,,,,,,,,,,,,,,,IS-->GL,IS-->GL,IS-->GL,IS-->GL,IS-->GL,IS-->GL,IS-->GL,IS-->GL,IS-->GL,IS-->GL,IS-->GL,IS-->GL,IS-->GL,IS-->GL,IS-->GL,IS-->GL,IS-->GL,IS-->GL,IS-->GL
GD,GRD,Grenada,St. George's,Americas,Caribbean,,GD-->IS,GD-->IS,GD-->IS,GD-->IS,GD-->IS,GD-->IS,GD-->IS,GD-->IS,GD-->IS,GD-->IS,GD-->IS,GD-->IS,GD-->IS,GD-->IS,GD-->IS,GD-->IS,GD-->IS,GD-->IS,GD-->IS,,,,,,,,,,,,,,,,,IS-->GD,IS-->GD,IS-->GD,IS-->GD,IS-->GD,IS-->GD,IS-->GD,IS-->GD,IS-->GD,IS-->GD,IS-->GD,IS-->GD,IS-->GD,IS-->GD,IS-->GD,IS-->GD,IS-->GD,IS-->GD,IS-->GD
GP,GLP,Guadeloupe,Basse-Terre,Americas,Caribbean,,GP-->IS,GP-->IS,GP-->IS,GP-->IS,GP-->IS,GP-->IS,GP-->IS,GP-->IS,GP-->IS,GP-->IS,GP-->IS,GP-->IS,GP-->IS,GP-->IS,GP-->IS,GP-->IS,GP-->IS,GP-->IS,GP-->IS,,,,,,,,,,,,,,,,,IS-->GP,IS-->GP,IS-->GP,IS-->GP,IS-->GP,IS-->GP,IS-->GP,IS-->GP,IS-->GP,IS-->GP,IS-->GP,IS-->GP,IS-->GP,IS-->GP,IS-->GP,IS-->GP,IS-->GP,IS-->GP,IS-->GP
GU,GUM,Guam,Hagåtña,Oceania,Micronesia,,GU-->IS,GU-->IS,GU-->IS,GU-->IS,GU-->IS,GU-->IS,GU-->IS,GU-->IS,GU-->IS,GU-->IS,GU-->IS,GU-->IS,GU-->IS,GU-->IS,GU-->IS,GU-->IS,GU-->IS,GU-->IS,GU-->IS,,,,,,,,,,,,,,,,,IS-->GU,IS-->GU,IS-->GU,IS-->GU,IS-->GU,IS-->GU,IS-->GU,IS-->GU,IS-->GU,IS-->GU,IS-->GU,IS-->GU,IS-->GU,IS-->GU,IS-->GU,IS-->GU,IS-->GU,IS-->GU,IS-->GU
GT,GTM,Guatemala,Guatemala City,Americas,Central America,,GT-->IS,GT-->IS,GT-->IS,GT-->IS,GT-->IS,GT-->IS,GT-->IS,GT-->IS,GT-->IS,GT-->IS,GT-->IS,GT-->IS,GT-->IS,GT-->IS,GT-->IS,GT-->IS,GT-->IS,GT-->IS,GT-->IS,,,,,,,,,,,,,,,,,IS-->GT,IS-->GT,IS-->GT,IS-->GT,IS-->GT,IS-->GT,IS-->GT,IS-->GT,IS-->GT,IS-->GT,IS-->GT,IS-->GT,IS-->GT,IS-->GT,IS-->GT,IS-->GT,IS-->GT,IS-->GT,IS-->GT
GG,GGY,Guernsey,St. Peter Port,Europe,Northern Europe,,GG-->IS,GG-->IS,GG-->IS,GG-->IS,GG-->IS,GG-->IS,GG-->IS,GG-->IS,GG-->IS,GG-->IS,GG-->IS,GG-->IS,GG-->IS,GG-->IS,GG-->IS,GG-->IS,GG-->IS,GG-->IS,GG-->IS,,,,,,,,,,,,,,,,,IS-->GG,IS-->GG,IS-->GG,IS-->GG,IS-->GG,IS-->GG,IS-->GG,IS-->GG,IS-->GG,IS-->GG,IS-->GG,IS-->GG,IS-->GG,IS-->GG,IS-->GG,IS-->GG,IS-->GG,IS-->GG,IS-->GG
GN,GIN,Guinea,Conakry,Africa,Western Africa,,GN-->IS,GN-->IS,GN-->IS,GN-->IS,GN-->IS,GN-->IS,GN-->IS,GN-->IS,GN-->IS,GN-->IS,GN-->IS,GN-->IS,GN-->IS,GN-->IS,GN-->IS,GN-->IS,GN-->IS,GN-->IS,GN-->IS,,,,,,,,,,,,,,,,,IS-->GN,IS-->GN,IS-->GN,IS-->GN,IS-->GN,IS-->GN,IS-->GN,IS-->GN,IS-->GN,IS-->GN,IS-->GN,IS-->GN,IS-->GN,IS-->GN,IS-->GN,IS-->GN,IS-->GN,IS-->GN,IS-->GN
GW,GNB,Guinea-Bissau,Bissau,Africa,Western Africa,,GW-->IS,GW-->IS,GW-->IS,GW-->IS,GW-->IS,GW-->IS,GW-->IS,GW-->IS,GW-->IS,GW-->IS,GW-->IS,GW-->IS,GW-->IS,GW-->IS,GW-->IS,GW-->IS,GW-->IS,GW-->IS,GW-->IS,,,,,,,,,,,,,,,,,IS-->GW,IS-->GW,IS-->GW,IS-->GW,IS-->GW,IS-->GW,IS-->GW,IS-->GW,IS-->GW,IS-->GW,IS-->GW,IS-->GW,IS-->GW,IS-->GW,IS-->GW,IS-->GW,IS-->GW,IS-->GW,IS-->GW
GY,GUY,Guyana,Georgetown,Americas,South America,,GY-->IS,GY-->IS,GY-->IS,GY-->IS,GY-->IS,GY-->IS,GY-->IS,GY-->IS,GY-->IS,GY-->IS,GY-->IS,GY-->IS,GY-->IS,GY-->IS,GY-->IS,GY-->IS,GY-->IS,GY-->IS,GY-->IS,,,,,,,,,,,,,,,,,IS-->GY,IS-->GY,IS-->GY,IS-->GY,IS-->GY,IS-->GY,IS-->GY,IS-->GY,IS-->GY,IS-->GY,IS-->GY,IS-->GY,IS-->GY,IS-->GY,IS-->GY,IS-->GY,IS-->GY,IS-->GY,IS-->GY
HT,HTI,Haiti,Port-au-Prince,Americas,Caribbean,,HT-->IS,HT-->IS,HT-->IS,HT-->IS,HT-->IS,HT-->IS,HT-->IS,HT-->IS,HT-->IS,HT-->IS,HT-->IS,HT-->IS,HT-->IS,HT-->IS,HT-->IS,HT-->IS,HT-->IS,HT-->IS,HT-->IS,,,,,,,,,,,,,,,,,IS-->HT,IS-->HT,IS-->HT,IS-->HT,IS-->HT,IS-->HT,IS-->HT,IS-->HT,IS-->HT,IS-->HT,IS-->HT,IS-->HT,IS-->HT,IS-->HT,IS-->HT,IS-->HT,IS-->HT,IS-->HT,IS-->HT
HM,HMD,Heard Island and McDonald Islands,,,,,HM-->IS,HM-->IS,HM-->IS,HM-->IS,HM-->IS,HM-->IS,HM-->IS,HM-->IS,HM-->IS,HM-->IS,HM-->IS,HM-->IS,HM-->IS,HM-->IS,HM-->IS,HM-->IS,HM-->IS,HM-->IS,HM-->IS,,,,,,,,,,,,,,,,,IS-->HM,IS-->HM,IS-->HM,IS-->HM,IS-->HM,IS-->HM,IS-->HM,IS-->HM,IS-->HM,IS-->HM,IS-->HM,IS-->HM,IS-->HM,IS-->HM,IS-->HM,IS-->HM,IS-->HM,IS-->HM,IS-->HM
VA,VAT,Holy See,Rome,Europe,Southern Europe,,VA-->IS,VA-->IS,VA-->IS,VA-->IS,VA-->IS,VA-->IS,VA-->IS,VA-->IS,VA-->IS,VA-->IS,VA-->IS,VA-->IS,VA-->IS,VA-->IS,VA-->IS,VA-->IS,VA-->IS,VA-->IS,VA-->IS,,,,,,,,,,,,,,,,,IS-->VA,IS-->VA,IS-->VA,IS-->VA,IS-->VA,IS-->VA,IS-->VA,IS-->VA,IS-->VA,IS-->VA,IS-->VA,IS-->VA,IS-->VA,IS-->VA,IS-->VA,IS-->VA,IS-->VA,IS-->VA,IS-->VA
HN,HND,Honduras,Tegucigalpa,Americas,Central America,,HN-->IS,HN-->IS,HN-->IS,HN-->IS,HN-->IS,HN-->IS,HN-->IS,HN-->IS,HN-->IS,HN-->IS,HN-->IS,HN-->IS,HN-->IS,HN-->IS,HN-->IS,HN-->IS,HN-->IS,HN-->IS,HN-->IS,,,,,,,,,,,,,,,,,IS-->HN,IS-->HN,IS-->HN,IS-->HN,IS-->HN,IS-->HN,IS-->HN,IS-->HN,IS-->HN,IS-->HN,IS-->HN,IS-->HN,IS-->HN,IS-->HN,IS-->HN,IS-->HN,IS-->HN,IS-->HN,IS-->HN
HK,HKG,Hong Kong,City of Victoria,Asia,Eastern Asia,,HK-->IS,HK-->IS,HK-->IS,HK-->IS,HK-->IS,HK-->IS,HK-->IS,HK-->IS,HK-->IS,HK-->IS,HK-->IS,HK-->IS,HK-->IS,HK-->IS,HK-->IS,HK-->IS,HK-->IS,HK-->IS,HK-->IS,,,,,,,,,,,,,,,,,IS-->HK,IS-->HK,IS-->HK,IS-->HK,IS-->HK,IS-->HK,IS-->HK,IS-->HK,IS-->HK,IS-->HK,IS-->HK,IS-->HK,IS-->HK,IS-->HK,IS-->HK,IS-->HK,IS-->HK,IS-->HK,IS-->HK
HU,HUN,Hungary,Budapest,Europe,Eastern Europe,,HU-->IS,HU-->IS,HU-->IS,HU-->IS,HU-->IS,HU-->IS,HU-->IS,HU-->IS,HU-->IS,HU-->IS,HU-->IS,HU-->IS,HU-->IS,HU-->IS,HU-->IS,HU-->IS,HU-->IS,HU-->IS,HU-->IS,,,,,,,,,,,,,,,,,IS-->HU,IS-->HU,IS-->HU,IS-->HU,IS-->HU,IS-->HU,IS-->HU,IS-->HU,IS-->HU,IS-->HU,IS-->HU,IS-->HU,IS-->HU,IS-->HU,IS-->HU,IS-->HU,IS-->HU,IS-->HU,IS-->HU
IS,ISL,Iceland,Reykjavík,Europe,Northern Europe,,IS-->IS,IS-->IS,IS-->IS,IS-->IS,IS-->IS,IS-->IS,IS-->IS,IS-->IS,IS-->IS,IS-->IS,IS-->IS,IS-->IS,IS-->IS,IS-->IS,IS-->IS,IS-->IS,IS-->IS,IS-->IS,IS-->IS,,,,,,,,,,,,,,,,,IS-->IS,IS-->IS,IS-->IS,IS-->IS,IS-->IS,IS-->IS,IS-->IS,IS-->IS,IS-->IS,IS-->IS,IS-->IS,IS-->IS,IS-->IS,IS-->IS,IS-->IS,IS-->IS,IS-->IS,IS-->IS,IS-->IS
IN,IND,India,New Delhi,Asia,Southern Asia,,IN-->IS,IN-->IS,IN-->IS,IN-->IS,IN-->IS,IN-->IS,IN-->IS,IN-->IS,IN-->IS,IN-->IS,IN-->IS,IN-->IS,IN-->IS,IN-->IS,IN-->IS,IN-->IS,IN-->IS,IN-->IS,IN-->IS,,,,,,,,,,,,,,,,,IS-->IN,IS-->IN,IS-->IN,IS-->IN,IS-->IN,IS-->IN,IS-->IN,IS-->IN,IS-->IN,IS-->IN,IS-->IN,IS-->IN,IS-->IN,IS-->IN,IS-->IN,IS-->IN,IS-->IN,IS-->IN,IS-->IN
ID,IDN,Indonesia,Jakarta,Asia,South-Eastern Asia,,ID-->IS,ID-->IS,ID-->IS,ID-->IS,ID-->IS,ID-->IS,ID-->IS,ID-->IS,ID-->IS,ID-->IS,ID-->IS,ID-->IS,ID-->IS,ID-->IS,ID-->IS,ID-->IS,ID-->IS,ID-->IS,ID-->IS,,,,,,,,,,,,,,,,,IS-->ID,IS-->ID,IS-->ID,IS-->ID,IS-->ID,IS-->ID,IS-->ID,IS-->ID,IS-->ID,IS-->ID,IS-->ID,IS-->ID,IS-->ID,IS-->ID,IS-->ID,IS-->ID,IS-->ID,IS-->ID,IS-->ID
CI,CIV,Ivory Coast,Yamoussoukro,Africa,Western Africa,,CI-->IS,CI-->IS,CI-->IS,CI-->IS,CI-->IS,CI-->IS,CI-->IS,CI-->IS,CI-->IS,CI-->IS,CI-->IS,CI-->IS,CI-->IS,CI-->IS,CI-->IS,CI-->IS,CI-->IS,CI-->IS,CI-->IS,,,,,,,,,,,,,,,,,IS-->CI,IS-->CI,IS-->CI,IS-->CI,IS-->CI,IS-->CI,IS-->CI,IS-->CI,IS-->CI,IS-->CI,IS-->CI,IS-->CI,IS-->CI,IS-->CI,IS-->CI,IS-->CI,IS-->CI,IS-->CI,IS-->CI
IR,IRN,Iran,Tehran,Asia,Southern Asia,,IR-->IS,IR-->IS,IR-->IS,IR-->IS,IR-->IS,IR-->IS,IR-->IS,IR-->IS,IR-->IS,IR-->IS,IR-->IS,IR-->IS,IR-->IS,IR-->IS,IR-->IS,IR-->IS,IR-->IS,IR-->IS,IR-->IS,,,,,,,,,,,,,,,,,IS-->IR,IS-->IR,IS-->IR,IS-->IR,IS-->IR,IS-->IR,IS-->IR,IS-->IR,IS-->IR,IS-->IR,IS-->IR,IS-->IR,IS-->IR,IS-->IR,IS-->IR,IS-->IR,IS-->IR,IS-->IR,IS-->IR
IQ,IRQ,Iraq,Baghdad,Asia,Western Asia,,IQ-->IS,IQ-->IS,IQ-->IS,IQ-->IS,IQ-->IS,IQ-->IS,IQ-->IS,IQ-->IS,IQ-->IS,IQ-->IS,IQ-->IS,IQ-->IS,IQ-->IS,IQ-->IS,IQ-->IS,IQ-->IS,IQ-->IS,IQ-->IS,IQ-->IS,,,,,,,,,,,,,,,,,IS-->IQ,IS-->IQ,IS-->IQ,IS-->IQ,IS-->IQ,IS-->IQ,IS-->IQ,IS-->IQ,IS-->IQ,IS-->IQ,IS-->IQ,IS-->IQ,IS-->IQ,IS-->IQ,IS-->IQ,IS-->IQ,IS-->IQ,IS-->IQ,IS-->IQ
IE,IRL,Republic of Ireland,Dublin,Europe,Northern Europe,,IE-->IS,IE-->IS,IE-->IS,IE-->IS,IE-->IS,IE-->IS,IE-->IS,IE-->IS,IE-->IS,IE-->IS,IE-->IS,IE-->IS,IE-->IS,IE-->IS,IE-->IS,IE-->IS,IE-->IS,IE-->IS,IE-->IS,,,,,,,,,,,,,,,,,IS-->IE,IS-->IE,IS-->IE,IS-->IE,IS-->IE,IS-->IE,IS-->IE,IS-->IE,IS-->IE,IS-->IE,IS-->IE,IS-->IE,IS-->IE,IS-->IE,IS-->IE,IS-->IE,IS-->IE,IS-->IE,IS-->IE
IM,IMN,Isle of Man,Douglas,Europe,Northern Europe,,IM-->IS,IM-->IS,IM-->IS,IM-->IS,IM-->IS,IM-->IS,IM-->IS,IM-->IS,IM-->IS,IM-->IS,IM-->IS,IM-->IS,IM-->IS,IM-->IS,IM-->IS,IM-->IS,IM-->IS,IM-->IS,IM-->IS,,,,,,,,,,,,,,,,,IS-->IM,IS-->IM,IS-->IM,IS-->IM,IS-->IM,IS-->IM,IS-->IM,IS-->IM,IS-->IM,IS-->IM,IS-->IM,IS-->IM,IS-->IM,IS-->IM,IS-->IM,IS-->IM,IS-->IM,IS-->IM,IS-->IM
IL,ISR,Israel,Jerusalem,Asia,Western Asia,,IL-->IS,IL-->IS,IL-->IS,IL-->IS,IL-->IS,IL-->IS,IL-->IS,IL-->IS,IL-->IS,IL-->IS,IL-->IS,IL-->IS,IL-->IS,IL-->IS,IL-->IS,IL-->IS,IL-->IS,IL-->IS,IL-->IS,,,,,,,,,,,,,,,,,IS-->IL,IS-->IL,IS-->IL,IS-->IL,IS-->IL,IS-->IL,IS-->IL,IS-->IL,IS-->IL,IS-->IL,IS-->IL,IS-->IL,IS-->IL,IS-->IL,IS-->IL,IS-->IL,IS-->IL,IS-->IL,IS-->IL
IT,ITA,Italy,Rome,Europe,Southern Europe,,IT-->IS,IT-->IS,IT-->IS,IT-->IS,IT-->IS,IT-->IS,IT-->IS,IT-->IS,IT-->IS,IT-->IS,IT-->IS,IT-->IS,IT-->IS,IT-->IS,IT-->IS,IT-->IS,IT-->IS,IT-->IS,IT-->IS,,,,,,,,,,,,,,,,,IS-->IT,IS-->IT,IS-->IT,IS-->IT,IS-->IT,IS-->IT,IS-->IT,IS-->IT,IS-->IT,IS-->IT,IS-->IT,IS-->IT,IS-->IT,IS-->IT,IS-->IT,IS-->IT,IS-->IT,IS-->IT,IS-->IT
JM,JAM,Jamaica,Kingston,Americas,Caribbean,,JM-->IS,JM-->IS,JM-->IS,JM-->IS,JM-->IS,JM-->IS,JM-->IS,JM-->IS,JM-->IS,JM-->IS,JM-->IS,JM-->IS,JM-->IS,JM-->IS,JM-->IS,JM-->IS,JM-->IS,JM-->IS,JM-->IS,,,,,,,,,,,,,,,,,IS-->JM,IS-->JM,IS-->JM,IS-->JM,IS-->JM,IS-->JM,IS-->JM,IS-->JM,IS-->JM,IS-->JM,IS-->JM,IS-->JM,IS-->JM,IS-->JM,IS-->JM,IS-->JM,IS-->JM,IS-->JM,IS-->JM
JP,JPN,Japan,Tokyo,Asia,Eastern Asia,,JP-->IS,JP-->IS,JP-->IS,JP-->IS,JP-->IS,JP-->IS,JP-->IS,JP-->IS,JP-->IS,JP-->IS,JP-->IS,JP-->IS,JP-->IS,JP-->IS,JP-->IS,JP-->IS,JP-->IS,JP-->IS,JP-->IS,,,,,,,,,,,,,,,,,IS-->JP,IS-->JP,IS-->JP,IS-->JP,IS-->JP,IS-->JP,IS-->JP,IS-->JP,IS-->JP,IS-->JP,IS-->JP,IS-->JP,IS-->JP,IS-->JP,IS-->JP,IS-->JP,IS-->JP,IS-->JP,IS-->JP
JE,JEY,Jersey,Saint Helier,Europe,Northern Europe,,JE-->IS,JE-->IS,JE-->IS,JE-->IS,JE-->IS,JE-->IS,JE-->IS,JE-->IS,JE-->IS,JE-->IS,JE-->IS,JE-->IS,JE-->IS,JE-->IS,JE-->IS,JE-->IS,JE-->IS,JE-->IS,JE-->IS,,,,,,,,,,,,,,,,,IS-->JE,IS-->JE,IS-->JE,IS-->JE,IS-->JE,IS-->JE,IS-->JE,IS-->JE,IS-->JE,IS-->JE,IS-->JE,IS-->JE,IS-->JE,IS-->JE,IS-->JE,IS-->JE,IS-->JE,IS-->JE,IS-->JE
JO,JOR,Jordan,Amman,Asia,Western Asia,,JO-->IS,JO-->IS,JO-->IS,JO-->IS,JO-->IS,JO-->IS,JO-->IS,JO-->IS,JO-->IS,JO-->IS,JO-->IS,JO-->IS,JO-->IS,JO-->IS,JO-->IS,JO-->IS,JO-->IS,JO-->IS,JO-->IS,,,,,,,,,,,,,,,,,IS-->JO,IS-->JO,IS-->JO,IS-->JO,IS-->JO,IS-->JO,IS-->JO,IS-->JO,IS-->JO,IS-->JO,IS-->JO,IS-->JO,IS-->JO,IS-->JO,IS-->JO,IS-->JO,IS-->JO,IS-->JO,IS-->JO
KZ,KAZ,Kazakhstan,Astana,Asia,Central Asia,,KZ-->IS,KZ-->IS,KZ-->IS,KZ-->IS,KZ-->IS,KZ-->IS,KZ-->IS,KZ-->IS,KZ-->IS,KZ-->IS,KZ-->IS,KZ-->IS,KZ-->IS,KZ-->IS,KZ-->IS,KZ-->IS,KZ-->IS,KZ-->IS,KZ-->IS,,,,,,,,,,,,,,,,,IS-->KZ,IS-->KZ,IS-->KZ,IS-->KZ,IS-->KZ,IS-->KZ,IS-->KZ,IS-->KZ,IS-->KZ,IS-->KZ,IS-->KZ,IS-->KZ,IS-->KZ,IS-->KZ,IS-->KZ,IS-->KZ,IS-->KZ,IS-->KZ,IS-->KZ
KE,KEN,Kenya,Nairobi,Africa,Eastern Africa,,KE-->IS,KE-->IS,KE-->IS,KE-->IS,KE-->IS,KE-->IS,KE-->IS,KE-->IS,KE-->IS,KE-->IS,KE-->IS,KE-->IS,KE-->IS,KE-->IS,KE-->IS,KE-->IS,KE-->IS,KE-->IS,KE-->IS,,,,,,,,,,,,,,,,,IS-->KE,IS-->KE,IS-->KE,IS-->KE,IS-->KE,IS-->KE,IS-->KE,IS-->KE,IS-->KE,IS-->KE,IS-->KE,IS-->KE,IS-->KE,IS-->KE,IS-->KE,IS-->KE,IS-->KE,IS-->KE,IS-->KE
KI,KIR,Kiribati,South Tarawa,Oceania,Micronesia,,KI-->IS,KI-->IS,KI-->IS,KI-->IS,KI-->IS,KI-->IS,KI-->IS,KI-->IS,KI-->IS,KI-->IS,KI-->IS,KI-->IS,KI-->IS,KI-->IS,KI-->IS,KI-->IS,KI-->IS,KI-->IS,KI-->IS,,,,,,,,,,,,,,,,,IS-->KI,IS-->KI,IS-->KI,IS-->KI,IS-->KI,IS-->KI,IS-->KI,IS-->KI,IS-->KI,IS-->KI,IS-->KI,IS-->KI,IS-->KI,IS-->KI,IS-->KI,IS-->KI,IS-->KI,IS-->KI,IS-->KI
KW,KWT,Kuwait,Kuwait City,Asia,Western Asia,,KW-->IS,KW-->IS,KW-->IS,KW-->IS,KW-->IS,KW-->IS,KW-->IS,KW-->IS,KW-->IS,KW-->IS,KW-->IS,KW-->IS,KW-->IS,KW-->IS,KW-->IS,KW-->IS,KW-->IS,KW-->IS,KW-->IS,,,,,,,,,,,,,,,,,IS-->KW,IS-->KW,IS-->KW,IS-->KW,IS-->KW,IS-->KW,IS-->KW,IS-->KW,IS-->KW,IS-->KW,IS-->KW,IS-->KW,IS-->KW,IS-->KW,IS-->KW,IS-->KW,IS-->KW,IS-->KW,IS-->KW
KG,KGZ,Kyrgyzstan,Bishkek,Asia,Central Asia,,KG-->IS,KG-->IS,KG-->IS,KG-->IS,KG-->IS,KG-->IS,KG-->IS,KG-->IS,KG-->IS,KG-->IS,KG-->IS,KG-->IS,KG-->IS,KG-->IS,KG-->IS,KG-->IS,KG-->IS,KG-->IS,KG-->IS,,,,,,,,,,,,,,,,,IS-->KG,IS-->KG,IS-->KG,IS-->KG,IS-->KG,IS-->KG,IS-->KG,IS-->KG,IS-->KG,IS-->KG,IS-->KG,IS-->KG,IS-->KG,IS-->KG,IS-->KG,IS-->KG,IS-->KG,IS-->KG,IS-->KG
LA,LAO,Laos,Vientiane,Asia,South-Eastern Asia,,LA-->IS,LA-->IS,LA-->IS,LA-->IS,LA-->IS,LA-->IS,LA-->IS,LA-->IS,LA-->IS,LA-->IS,LA-->IS,LA-->IS,LA-->IS,LA-->IS,LA-->IS,LA-->IS,LA-->IS,LA-->IS,LA-->IS,,,,,,,,,,,,,,,,,IS-->LA,IS-->LA,IS-->LA,IS-->LA,IS-->LA,IS-->LA,IS-->LA,IS-->LA,IS-->LA,IS-->LA,IS-->LA,IS-->LA,IS-->LA,IS-->LA,IS-->LA,IS-->LA,IS-->LA,IS-->LA,IS-->LA
LV,LVA,Latvia,Riga,Europe,Northern Europe,,LV-->IS,LV-->IS,LV-->IS,LV-->IS,LV-->IS,LV-->IS,LV-->IS,LV-->IS,LV-->IS,LV-->IS,LV-->IS,LV-->IS,LV-->IS,LV-->IS,LV-->IS,LV-->IS,LV-->IS,LV-->IS,LV-->IS,,,,,,,,,,,,,,,,,IS-->LV,IS-->LV,IS-->LV,IS-->LV,IS-->LV,IS-->LV,IS-->LV,IS-->LV,IS-->LV,IS-->LV,IS-->LV,IS-->LV,IS-->LV,IS-->LV,IS-->LV,IS-->LV,IS-->LV,IS-->LV,IS-->LV
LB,LBN,Lebanon,Beirut,Asia,Western Asia,,LB-->IS,LB-->IS,LB-->IS,LB-->IS,LB-->IS,LB-->IS,LB-->IS,LB-->IS,LB-->IS,LB-->IS,LB-->IS,LB-->IS,LB-->IS,LB-->IS,LB-->IS,LB-->IS,LB-->IS,LB-->IS,LB-->IS,,,,,,,,,,,,,,,,,IS-->LB,IS-->LB,IS-->LB,IS-->LB,IS-->LB,IS-->LB,IS-->LB,IS-->LB,IS-->LB,IS-->LB,IS-->LB,IS-->LB,IS-->LB,IS-->LB,IS-->LB,IS-->LB,IS-->LB,IS-->LB,IS-->LB
LS,LSO,Lesotho,Maseru,Africa,Southern Africa,,LS-->IS,LS-->IS,LS-->IS,LS-->IS,LS-->IS,LS-->IS,LS-->IS,LS-->IS,LS-->IS,LS-->IS,LS-->IS,LS-->IS,LS-->IS,LS-->IS,LS-->IS,LS-->IS,LS-->IS,LS-->IS,LS-->IS,,,,,,,,,,,,,,,,,IS-->LS,IS-->LS,IS-->LS,IS-->LS,IS-->LS,IS-->LS,IS-->LS,IS-->LS,IS-->LS,IS-->LS,IS-->LS,IS-->LS,IS-->LS,IS-->LS,IS-->LS,IS-->LS,IS-->LS,IS-->LS,IS-->LS
LR,LBR,Liberia,Monrovia,Africa,Western Africa,,LR-->IS,LR-->IS,LR-->IS,LR-->IS,LR-->IS,LR-->IS,LR-->IS,LR-->IS,LR-->IS,LR-->IS,LR-->IS,LR-->IS,LR-->IS,LR-->IS,LR-->IS,LR-->IS,LR-->IS,LR-->IS,LR-->IS,,,,,,,,,,,,,,,,,IS-->LR,IS-->LR,IS-->LR,IS-->LR,IS-->LR,IS-->LR,IS-->LR,IS-->LR,IS-->LR,IS-->LR,IS-->LR,IS-->LR,IS-->LR,IS-->LR,IS-->LR,IS-->LR,IS-->LR,IS-->LR,IS-->LR
LY,LBY,Libya,Tripoli,Africa,Northern Africa,,LY-->IS,LY-->IS,LY-->IS,LY-->IS,LY-->IS,LY-->IS,LY-->IS,LY-->IS,LY-->IS,LY-->IS,LY-->IS,LY-->IS,LY-->IS,LY-->IS,LY-->IS,LY-->IS,LY-->IS,LY-->IS,LY-->IS,,,,,,,,,,,,,,,,,IS-->LY,IS-->LY,IS-->LY,IS-->LY,IS-->LY,IS-->LY,IS-->LY,IS-->LY,IS-->LY,IS-->LY,IS-->LY,IS-->LY,IS-->LY,IS-->LY,IS-->LY,IS-->LY,IS-->LY,IS-->LY,IS-->LY
LI,LIE,Liechtenstein,Vaduz,Europe,Western Europe,,LI-->IS,LI-->IS,LI-->IS,LI-->IS,LI-->IS,LI-->IS,LI-->IS,LI-->IS,LI-->IS,LI-->IS,LI-->IS,LI-->IS,LI-->IS,LI-->IS,LI-->IS,LI-->IS,LI-->IS,LI-->IS,LI-->IS,,,,,,,,,,,,,,,,,IS-->LI,IS-->LI,IS-->LI,IS-->LI,IS-->LI,IS-->LI,IS-->LI,IS-->LI,IS-->LI,IS-->LI,IS-->LI,IS-->LI,IS-->LI,IS-->LI,IS-->LI,IS-->LI,IS-->LI,IS-->LI,IS-->LI
LT,LTU,Lithuania,Vilnius,Europe,Northern Europe,,LT-->IS,LT-->IS,LT-->IS,LT-->IS,LT-->IS,LT-->IS,LT-->IS,LT-->IS,LT-->IS,LT-->IS,LT-->IS,LT-->IS,LT-->IS,LT-->IS,LT-->IS,LT-->IS,LT-->IS,LT-->IS,LT-->IS,,,,,,,,,,,,,,,,,IS-->LT,IS-->LT,IS-->LT,IS-->LT,IS-->LT,IS-->LT,IS-->LT,IS-->LT,IS-->LT,IS-->LT,IS-->LT,IS-->LT,IS-->LT,IS-->LT,IS-->LT,IS-->LT,IS-->LT,IS-->LT,IS-->LT
LU,LUX,Luxembourg,Luxembourg,Europe,Western Europe,,LU-->IS,LU-->IS,LU-->IS,LU-->IS,LU-->IS,LU-->IS,LU-->IS,LU-->IS,LU-->IS,LU-->IS,LU-->IS,LU-->IS,LU-->IS,LU-->IS,LU-->IS,LU-->IS,LU-->IS,LU-->IS,LU-->IS,,,,,,,,,,,,,,,,,IS-->LU,IS-->LU,IS-->LU,IS-->LU,IS-->LU,IS-->LU,IS-->LU,IS-->LU,IS-->LU,IS-->LU,IS-->LU,IS-->LU,IS-->LU,IS-->LU,IS-->LU,IS-->LU,IS-->LU,IS-->LU,IS-->LU
MO,MAC,Macau,,Asia,Eastern Asia,,MO-->IS,MO-->IS,MO-->IS,MO-->IS,MO-->IS,MO-->IS,MO-->IS,MO-->IS,MO-->IS,MO-->IS,MO-->IS,MO-->IS,MO-->IS,MO-->IS,MO-->IS,MO-->IS,MO-->IS,MO-->IS,MO-->IS,,,,,,,,,,,,,,,,,IS-->MO,IS-->MO,IS-->MO,IS-->MO,IS-->MO,IS-->MO,IS-->MO,IS-->MO,IS-->MO,IS-->MO,IS-->MO,IS-->MO,IS-->MO,IS-->MO,IS-->MO,IS-->MO,IS-->MO,IS-->MO,IS-->MO
MK,MKD,Republic of Macedonia,Skopje,Europe,Southern Europe,,MK-->IS,MK-->IS,MK-->IS,MK-->IS,MK-->IS,MK-->IS,MK-->IS,MK-->IS,MK-->IS,MK-->IS,MK-->IS,MK-->IS,MK-->IS,MK-->IS,MK-->IS,MK-->IS,MK-->IS,MK-->IS,MK-->IS,,,,,,,,,,,,,,,,,IS-->MK,IS-->MK,IS-->MK,IS-->MK,IS-->MK,IS-->MK,IS-->MK,IS-->MK,IS-->MK,IS-->MK,IS-->MK,IS-->MK,IS-->MK,IS-->MK,IS-->MK,IS-->MK,IS-->MK,IS-->MK,IS-->MK
MG,MDG,Madagascar,Antananarivo,Africa,Eastern Africa,,MG-->IS,MG-->IS,MG-->IS,MG-->IS,MG-->IS,MG-->IS,MG-->IS,MG-->IS,MG-->IS,MG-->IS,MG-->IS,MG-->IS,MG-->IS,MG-->IS,MG-->IS,MG-->IS,MG-->IS,MG-->IS,MG-->IS,,,,,,,,,,,,,,,,,IS-->MG,IS-->MG,IS-->MG,IS-->MG,IS-->MG,IS-->MG,IS-->MG,IS-->MG,IS-->MG,IS-->MG,IS-->MG,IS-->MG,IS-->MG,IS-->MG,IS-->MG,IS-->MG,IS-->MG,IS-->MG,IS-->MG
MW,MWI,Malawi,Lilongwe,Africa,Eastern Africa,,MW-->IS,MW-->IS,MW-->IS,MW-->IS,MW-->IS,MW-->IS,MW-->IS,MW-->IS,MW-->IS,MW-->IS,MW-->IS,MW-->IS,MW-->IS,MW-->IS,MW-->IS,MW-->IS,MW-->IS,MW-->IS,MW-->IS,,,,,,,,,,,,,,,,,IS-->MW,IS-->MW,IS-->MW,IS-->MW,IS-->MW,IS-->MW,IS-->MW,IS-->MW,IS-->MW,IS-->MW,IS-->MW,IS-->MW,IS-->MW,IS-->MW,IS-->MW,IS-->MW,IS-->MW,IS-->MW,IS-->MW
MY,MYS,Malaysia,Kuala Lumpur,Asia,South-Eastern Asia,,MY-->IS,MY-->IS,MY-->IS,MY-->IS,MY-->IS,MY-->IS,MY-->IS,MY-->IS,MY-->IS,MY-->IS,MY-->IS,MY-->IS,MY-->IS,MY-->IS,MY-->IS,MY-->IS,MY-->IS,MY-->IS,MY-->IS,,,,,,,,,,,,,,,,,IS-->MY,IS-->MY,IS-->MY,IS-->MY,IS-->MY,IS-->MY,IS-->MY,IS-->MY,IS-->MY,IS-->MY,IS-->MY,IS-->MY,IS-->MY,IS-->MY,IS-->MY,IS-->MY,IS-->MY,IS-->MY,IS-->MY
MV,MDV,Maldives,Malé,Asia,Southern Asia,,MV-->IS,MV-->IS,MV-->IS,MV-->IS,MV-->IS,MV-->IS,MV-->IS,MV-->IS,MV-->IS,MV-->IS,MV-->IS,MV-->IS,MV-->IS,MV-->IS,MV-->IS,MV-->IS,MV-->IS,MV-->IS,MV-->IS,,,,,,,,,,,,,,,,,IS-->MV,IS-->MV,IS-->MV,IS-->MV,IS-->MV,IS-->MV,IS-->MV,IS-->MV,IS-->MV,IS-->MV,IS-->MV,IS-->MV,IS-->MV,IS-->MV,IS-->MV,IS-->MV,IS-->MV,IS-->MV,IS-->MV
ML,MLI,Mali,Bamako,Africa,Western Africa,,ML-->IS,ML-->IS,ML-->IS,ML-->IS,ML-->IS,ML-->IS,ML-->IS,ML-->IS,ML-->IS,ML-->IS,ML-->IS,ML-->IS,ML-->IS,ML-->IS,ML-->IS,ML-->IS,ML-->IS,ML-->IS,ML-->IS,,,,,,,,,,,,,,,,,IS-->ML,IS-->ML,IS-->ML,IS-->ML,IS-->ML,IS-->ML,IS-->ML,IS-->ML,IS-->ML,IS-->ML,IS-->ML,IS-->ML,IS-->ML,IS-->ML,IS-->ML,IS-->ML,IS-->ML,IS-->ML,IS-->ML
MT,MLT,Malta,Valletta,Europe,Southern Europe,,MT-->IS,MT-->IS,MT-->IS,MT-->IS,MT-->IS,MT-->IS,MT-->IS,MT-->IS,MT-->IS,MT-->IS,MT-->IS,MT-->IS,MT-->IS,MT-->IS,MT-->IS,MT-->IS,MT-->IS,MT-->IS,MT-->IS,,,,,,,,,,,,,,,,,IS-->MT,IS-->MT,IS-->MT,IS-->MT,IS-->MT,IS-->MT,IS-->MT,IS-->MT,IS-->MT,IS-->MT,IS-->MT,IS-->MT,IS-->MT,IS-->MT,IS-->MT,IS-->MT,IS-->MT,IS-->MT,IS-->MT
MH,MHL,Marshall Islands,Majuro,Oceania,Micronesia,,MH-->IS,MH-->IS,MH-->IS,MH-->IS,MH-->IS,MH-->IS,MH-->IS,MH-->IS,MH-->IS,MH-->IS,MH-->IS,MH-->IS,MH-->IS,MH-->IS,MH-->IS,MH-->IS,MH-->IS,MH-->IS,MH-->IS,,,,,,,,,,,,,,,,,IS-->MH,IS-->MH,IS-->MH,IS-->MH,IS-->MH,IS-->MH,IS-->MH,IS-->MH,IS-->MH,IS-->MH,IS-->MH,IS-->MH,IS-->MH,IS-->MH,IS-->MH,IS-->MH,IS-->MH,IS-->MH,IS-->MH
MQ,MTQ,Martinique,Fort-de-France,Americas,Caribbean,,MQ-->IS,MQ-->IS,MQ-->IS,MQ-->IS,MQ-->IS,MQ-->IS,MQ-->IS,MQ-->IS,MQ-->IS,MQ-->IS,MQ-->IS,MQ-->IS,MQ-->IS,MQ-->IS,MQ-->IS,MQ-->IS,MQ-->IS,MQ-->IS,MQ-->IS,,,,,,,,,,,,,,,,,IS-->MQ,IS-->MQ,IS-->MQ,IS-->MQ,IS-->MQ,IS-->MQ,IS-->MQ,IS-->MQ,IS-->MQ,IS-->MQ,IS-->MQ,IS-->MQ,IS-->MQ,IS-->MQ,IS-->MQ,IS-->MQ,IS-->MQ,IS-->MQ,IS-->MQ
MR,MRT,Mauritania,Nouakchott,Africa,Western Africa,,MR-->IS,MR-->IS,MR-->IS,MR-->IS,MR-->IS,MR-->IS,MR-->IS,MR-->IS,MR-->IS,MR-->IS,MR-->IS,MR-->IS,MR-->IS,MR-->IS,MR-->IS,MR-->IS,MR-->IS,MR-->IS,MR-->IS,0.0,,,,,,,,,,,,,,,,IS-->MR,IS-->MR,IS-->MR,IS-->MR,IS-->MR,IS-->MR,IS-->MR,IS-->MR,IS-->MR,IS-->MR,IS-->MR,IS-->MR,IS-->MR,IS-->MR,IS-->MR,IS-->MR,IS-->MR,IS-->MR,IS-->MR
MU,MUS,Mauritius,Port Louis,Africa,Eastern Africa,,MU-->IS,MU-->IS,MU-->IS,MU-->IS,MU-->IS,MU-->IS,MU-->IS,MU-->IS,MU-->IS,MU-->IS,MU-->IS,MU-->IS,MU-->IS,MU-->IS,MU-->IS,MU-->IS,MU-->IS,MU-->IS,MU-->IS,,,,,,,,,,,,,,,,,IS-->MU,IS-->MU,IS-->MU,IS-->MU,IS-->MU,IS-->MU,IS-->MU,IS-->MU,IS-->MU,IS-->MU,IS-->MU,IS-->MU,IS-->MU,IS-->MU,IS-->MU,IS-->MU,IS-->MU,IS-->MU,IS-->MU
YT,MYT,Mayotte,Mamoudzou,Africa,Eastern Africa,,YT-->IS,YT-->IS,YT-->IS,YT-->IS,YT-->IS,YT-->IS,YT-->IS,YT-->IS,YT-->IS,YT-->IS,YT-->IS,YT-->IS,YT-->IS,YT-->IS,YT-->IS,YT-->IS,YT-->IS,YT-->IS,YT-->IS,,,,,,,,,,,,,,,,,IS-->YT,IS-->YT,IS-->YT,IS-->YT,IS-->YT,IS-->YT,IS-->YT,IS-->YT,IS-->YT,IS-->YT,IS-->YT,IS-->YT,IS-->YT,IS-->YT,IS-->YT,IS-->YT,IS-->YT,IS-->YT,IS-->YT
MX,MEX,Mexico,Mexico City,Americas,Central America,,MX-->IS,MX-->IS,MX-->IS,MX-->IS,MX-->IS,MX-->IS,MX-->IS,MX-->IS,MX-->IS,MX-->IS,MX-->IS,MX-->IS,MX-->IS,MX-->IS,MX-->IS,MX-->IS,MX-->IS,MX-->IS,MX-->IS,,,,,,,,,,,,,,,,,IS-->MX,IS-->MX,IS-->MX,IS-->MX,IS-->MX,IS-->MX,IS-->MX,IS-->MX,IS-->MX,IS-->MX,IS-->MX,IS-->MX,IS-->MX,IS-->MX,IS-->MX,IS-->MX,IS-->MX,IS-->MX,IS-->MX
FM,FSM,Federated States of Micronesia,Palikir,Oceania,Micronesia,,FM-->IS,FM-->IS,FM-->IS,FM-->IS,FM-->IS,FM-->IS,FM-->IS,FM-->IS,FM-->IS,FM-->IS,FM-->IS,FM-->IS,FM-->IS,FM-->IS,FM-->IS,FM-->IS,FM-->IS,FM-->IS,FM-->IS,,,,,,,,,,,,,,,,,IS-->FM,IS-->FM,IS-->FM,IS-->FM,IS-->FM,IS-->FM,IS-->FM,IS-->FM,IS-->FM,IS-->FM,IS-->FM,IS-->FM,IS-->FM,IS-->FM,IS-->FM,IS-->FM,IS-->FM,IS-->FM,IS-->FM
MD,MDA,Moldova,Chișinău,Europe,Eastern Europe,,MD-->IS,MD-->IS,MD-->IS,MD-->IS,MD-->IS,MD-->IS,MD-->IS,MD-->IS,MD-->IS,MD-->IS,MD-->IS,MD-->IS,MD-->IS,MD-->IS,MD-->IS,MD-->IS,MD-->IS,MD-->IS,MD-->IS,,,,,,,,,,,,,,,,,IS-->MD,IS-->MD,IS-->MD,IS-->MD,IS-->MD,IS-->MD,IS-->MD,IS-->MD,IS-->MD,IS-->MD,IS-->MD,IS-->MD,IS-->MD,IS-->MD,IS-->MD,IS-->MD,IS-->MD,IS-->MD,IS-->MD
MC,MCO,Monaco,Monaco,Europe,Western Europe,,MC-->IS,MC-->IS,MC-->IS,MC-->IS,MC-->IS,MC-->IS,MC-->IS,MC-->IS,MC-->IS,MC-->IS,MC-->IS,MC-->IS,MC-->IS,MC-->IS,MC-->IS,MC-->IS,MC-->IS,MC-->IS,MC-->IS,,,,,,,,,,,,,,,,,IS-->MC,IS-->MC,IS-->MC,IS-->MC,IS-->MC,IS-->MC,IS-->MC,IS-->MC,IS-->MC,IS-->MC,IS-->MC,IS-->MC,IS-->MC,IS-->MC,IS-->MC,IS-->MC,IS-->MC,IS-->MC,IS-->MC
MN,MNG,Mongolia,Ulan Bator,Asia,Eastern Asia,,MN-->IS,MN-->IS,MN-->IS,MN-->IS,MN-->IS,MN-->IS,MN-->IS,MN-->IS,MN-->IS,MN-->IS,MN-->IS,MN-->IS,MN-->IS,MN-->IS,MN-->IS,MN-->IS,MN-->IS,MN-->IS,MN-->IS,,,,,,,,,,,,,,,,,IS-->MN,IS-->MN,IS-->MN,IS-->MN,IS-->MN,IS-->MN,IS-->MN,IS-->MN,IS-->MN,IS-->MN,IS-->MN,IS-->MN,IS-->MN,IS-->MN,IS-->MN,IS-->MN,IS-->MN,IS-->MN,IS-->MN
ME,MNE,Montenegro,Podgorica,Europe,Southern Europe,,ME-->IS,ME-->IS,ME-->IS,ME-->IS,ME-->IS,ME-->IS,ME-->IS,ME-->IS,ME-->IS,ME-->IS,ME-->IS,ME-->IS,ME-->IS,ME-->IS,ME-->IS,ME-->IS,ME-->IS,ME-->IS,ME-->IS,,,,,,,,,,,,,,,,,IS-->ME,IS-->ME,IS-->ME,IS-->ME,IS-->ME,IS-->ME,IS-->ME,IS-->ME,IS-->ME,IS-->ME,IS-->ME,IS-->ME,IS-->ME,IS-->ME,IS-->ME,IS-->ME,IS-->ME,IS-->ME,IS-->ME
MS,MSR,Montserrat,Plymouth,Americas,Caribbean,,MS-->IS,MS-->IS,MS-->IS,MS-->IS,MS-->IS,MS-->IS,MS-->IS,MS-->IS,MS-->IS,MS-->IS,MS-->IS,MS-->IS,MS-->IS,MS-->IS,MS-->IS,MS-->IS,MS-->IS,MS-->IS,MS-->IS,,,,,,,,,,,,,,,,,IS-->MS,IS-->MS,IS-->MS,IS-->MS,IS-->MS,IS-->MS,IS-->MS,IS-->MS,IS-->MS,IS-->MS,IS-->MS,IS-->MS,IS-->MS,IS-->MS,IS-->MS,IS-->MS,IS-->MS,IS-->MS,IS-->MS
MA,MAR,Morocco,Rabat,Africa,Northern Africa,,MA-->IS,MA-->IS,MA-->IS,MA-->IS,MA-->IS,MA-->IS,MA-->IS,MA-->IS,MA-->IS,MA-->IS,MA-->IS,MA-->IS,MA-->IS,MA-->IS,MA-->IS,MA-->IS,MA-->IS,MA-->IS,MA-->IS,,,,,,,,,,,,,,,,,IS-->MA,IS-->MA,IS-->MA,IS-->MA,IS-->MA,IS-->MA,IS-->MA,IS-->MA,IS-->MA,IS-->MA,IS-->MA,IS-->MA,IS-->MA,IS-->MA,IS-->MA,IS-->MA,IS-->MA,IS-->MA,IS-->MA
MZ,MOZ,Mozambique,Maputo,Africa,Eastern Africa,,MZ-->IS,MZ-->IS,MZ-->IS,MZ-->IS,MZ-->IS,MZ-->IS,MZ-->IS,MZ-->IS,MZ-->IS,MZ-->IS,MZ-->IS,MZ-->IS,MZ-->IS,MZ-->IS,MZ-->IS,MZ-->IS,MZ-->IS,MZ-->IS,MZ-->IS,,,,,,,,,,,,,,,,,IS-->MZ,IS-->MZ,IS-->MZ,IS-->MZ,IS-->MZ,IS-->MZ,IS-->MZ,IS-->MZ,IS-->MZ,IS-->MZ,IS-->MZ,IS-->MZ,IS-->MZ,IS-->MZ,IS-->MZ,IS-->MZ,IS-->MZ,IS-->MZ,IS-->MZ
MM,MMR,Myanmar,Naypyidaw,Asia,South-Eastern Asia,,MM-->IS,MM-->IS,MM-->IS,MM-->IS,MM-->IS,MM-->IS,MM-->IS,MM-->IS,MM-->IS,MM-->IS,MM-->IS,MM-->IS,MM-->IS,MM-->IS,MM-->IS,MM-->IS,MM-->IS,MM-->IS,MM-->IS,,,,,,,,,,,,,,,,,IS-->MM,IS-->MM,IS-->MM,IS-->MM,IS-->MM,IS-->MM,IS-->MM,IS-->MM,IS-->MM,IS-->MM,IS-->MM,IS-->MM,IS-->MM,IS-->MM,IS-->MM,IS-->MM,IS-->MM,IS-->MM,IS-->MM
,NAM,Namibia,Windhoek,Africa,Southern Africa,,NA-->IS,NA-->IS,NA-->IS,NA-->IS,NA-->IS,NA-->IS,NA-->IS,NA-->IS,NA-->IS,NA-->IS,NA-->IS,NA-->IS,NA-->IS,NA-->IS,NA-->IS,NA-->IS,NA-->IS,NA-->IS,NA-->IS,,,,,,,,,,,,,,,,,IS-->NA,IS-->NA,IS-->NA,IS-->NA,IS-->NA,IS-->NA,IS-->NA,IS-->NA,IS-->NA,IS-->NA,IS-->NA,IS-->NA,IS-->NA,IS-->NA,IS-->NA,IS-->NA,IS-->NA,IS-->NA,IS-->NA
NR,NRU,Nauru,Yaren,Oceania,Micronesia,,NR-->IS,NR-->IS,NR-->IS,NR-->IS,NR-->IS,NR-->IS,NR-->IS,NR-->IS,NR-->IS,NR-->IS,NR-->IS,NR-->IS,NR-->IS,NR-->IS,NR-->IS,NR-->IS,NR-->IS,NR-->IS,NR-->IS,,,,,,,,,,,,,,,,,IS-->NR,IS-->NR,IS-->NR,IS-->NR,IS-->NR,IS-->NR,IS-->NR,IS-->NR,IS-->NR,IS-->NR,IS-->NR,IS-->NR,IS-->NR,IS-->NR,IS-->NR,IS-->NR,IS-->NR,IS-->NR,IS-->NR
NP,NPL,Nepal,Kathmandu,Asia,Southern Asia,,NP-->IS,NP-->IS,NP-->IS,NP-->IS,NP-->IS,NP-->IS,NP-->IS,NP-->IS,NP-->IS,NP-->IS,NP-->IS,NP-->IS,NP-->IS,NP-->IS,NP-->IS,NP-->IS,NP-->IS,NP-->IS,NP-->IS,,,,,,,,,,,,,,,,,IS-->NP,IS-->NP,IS-->NP,IS-->NP,IS-->NP,IS-->NP,IS-->NP,IS-->NP,IS-->NP,IS-->NP,IS-->NP,IS-->NP,IS-->NP,IS-->NP,IS-->NP,IS-->NP,IS-->NP,IS-->NP,IS-->NP
NL,NLD,Netherlands,Amsterdam,Europe,Western Europe,,NL-->IS,NL-->IS,NL-->IS,NL-->IS,NL-->IS,NL-->IS,NL-->IS,NL-->IS,NL-->IS,NL-->IS,NL-->IS,NL-->IS,NL-->IS,NL-->IS,NL-->IS,NL-->IS,NL-->IS,NL-->IS,NL-->IS,,,,,,,,,,,,,,,,,IS-->NL,IS-->NL,IS-->NL,IS-->NL,IS-->NL,IS-->NL,IS-->NL,IS-->NL,IS-->NL,IS-->NL,IS-->NL,IS-->NL,IS-->NL,IS-->NL,IS-->NL,IS-->NL,IS-->NL,IS-->NL,IS-->NL
NC,NCL,New Caledonia,Nouméa,Oceania,Melanesia,,NC-->IS,NC-->IS,NC-->IS,NC-->IS,NC-->IS,NC-->IS,NC-->IS,NC-->IS,NC-->IS,NC-->IS,NC-->IS,NC-->IS,NC-->IS,NC-->IS,NC-->IS,NC-->IS,NC-->IS,NC-->IS,NC-->IS,,,,,,,,,,,,,,,,,IS-->NC,IS-->NC,IS-->NC,IS-->NC,IS-->NC,IS-->NC,IS-->NC,IS-->NC,IS-->NC,IS-->NC,IS-->NC,IS-->NC,IS-->NC,IS-->NC,IS-->NC,IS-->NC,IS-->NC,IS-->NC,IS-->NC
NZ,NZL,New Zealand,Wellington,Oceania,Australia and New Zealand,,NZ-->IS,NZ-->IS,NZ-->IS,NZ-->IS,NZ-->IS,NZ-->IS,NZ-->IS,NZ-->IS,NZ-->IS,NZ-->IS,NZ-->IS,NZ-->IS,NZ-->IS,NZ-->IS,NZ-->IS,NZ-->IS,NZ-->IS,NZ-->IS,NZ-->IS,,,,,,,,,,,,,,,,,IS-->NZ,IS-->NZ,IS-->NZ,IS-->NZ,IS-->NZ,IS-->NZ,IS-->NZ,IS-->NZ,IS-->NZ,IS-->NZ,IS-->NZ,IS-->NZ,IS-->NZ,IS-->NZ,IS-->NZ,IS-->NZ,IS-->NZ,IS-->NZ,IS-->NZ
NI,NIC,Nicaragua,Managua,Americas,Central America,,NI-->IS,NI-->IS,NI-->IS,NI-->IS,NI-->IS,NI-->IS,NI-->IS,NI-->IS,NI-->IS,NI-->IS,NI-->IS,NI-->IS,NI-->IS,NI-->IS,NI-->IS,NI-->IS,NI-->IS,NI-->IS,NI-->IS,,,,,,,,,,,,,,,,,IS-->NI,IS-->NI,IS-->NI,IS-->NI,IS-->NI,IS-->NI,IS-->NI,IS-->NI,IS-->NI,IS-->NI,IS-->NI,IS-->NI,IS-->NI,IS-->NI,IS-->NI,IS-->NI,IS-->NI,IS-->NI,IS-->NI
NE,NER,Niger,Niamey,Africa,Western Africa,,NE-->IS,NE-->IS,NE-->IS,NE-->IS,NE-->IS,NE-->IS,NE-->IS,NE-->IS,NE-->IS,NE-->IS,NE-->IS,NE-->IS,NE-->IS,NE-->IS,NE-->IS,NE-->IS,NE-->IS,NE-->IS,NE-->IS,,,,,,,,,,,,,,,,,IS-->NE,IS-->NE,IS-->NE,IS-->NE,IS-->NE,IS-->NE,IS-->NE,IS-->NE,IS-->NE,IS-->NE,IS-->NE,IS-->NE,IS-->NE,IS-->NE,IS-->NE,IS-->NE,IS-->NE,IS-->NE,IS-->NE
NG,NGA,Nigeria,Abuja,Africa,Western Africa,,NG-->IS,NG-->IS,NG-->IS,NG-->IS,NG-->IS,NG-->IS,NG-->IS,NG-->IS,NG-->IS,NG-->IS,NG-->IS,NG-->IS,NG-->IS,NG-->IS,NG-->IS,NG-->IS,NG-->IS,NG-->IS,NG-->IS,,,,,,,,,,,,,,,,,IS-->NG,IS-->NG,IS-->NG,IS-->NG,IS-->NG,IS-->NG,IS-->NG,IS-->NG,IS-->NG,IS-->NG,IS-->NG,IS-->NG,IS-->NG,IS-->NG,IS-->NG,IS-->NG,IS-->NG,IS-->NG,IS-->NG
NU,NIU,Niue,Alofi,Oceania,Polynesia,,NU-->IS,NU-->IS,NU-->IS,NU-->IS,NU-->IS,NU-->IS,NU-->IS,NU-->IS,NU-->IS,NU-->IS,NU-->IS,NU-->IS,NU-->IS,NU-->IS,NU-->IS,NU-->IS,NU-->IS,NU-->IS,NU-->IS,,,,,,,,,,,,,,,,,IS-->NU,IS-->NU,IS-->NU,IS-->NU,IS-->NU,IS-->NU,IS-->NU,IS-->NU,IS-->NU,IS-->NU,IS-->NU,IS-->NU,IS-->NU,IS-->NU,IS-->NU,IS-->NU,IS-->NU,IS-->NU,IS-->NU
NF,NFK,Norfolk Island,Kingston,Oceania,Australia and New Zealand,,NF-->IS,NF-->IS,NF-->IS,NF-->IS,NF-->IS,NF-->IS,NF-->IS,NF-->IS,NF-->IS,NF-->IS,NF-->IS,NF-->IS,NF-->IS,NF-->IS,NF-->IS,NF-->IS,NF-->IS,NF-->IS,NF-->IS,,,,,,,,,,,,,,,,,IS-->NF,IS-->NF,IS-->NF,IS-->NF,IS-->NF,IS-->NF,IS-->NF,IS-->NF,IS-->NF,IS-->NF,IS-->NF,IS-->NF,IS-->NF,IS-->NF,IS-->NF,IS-->NF,IS-->NF,IS-->NF,IS-->NF
KP,PRK,North Korea,Pyongyang,Asia,Eastern Asia,,KP-->IS,KP-->IS,KP-->IS,KP-->IS,KP-->IS,KP-->IS,KP-->IS,KP-->IS,KP-->IS,KP-->IS,KP-->IS,KP-->IS,KP-->IS,KP-->IS,KP-->IS,KP-->IS,KP-->IS,KP-->IS,KP-->IS,,,,,,,,,,,,,,,,,IS-->KP,IS-->KP,IS-->KP,IS-->KP,IS-->KP,IS-->KP,IS-->KP,IS-->KP,IS-->KP,IS-->KP,IS-->KP,IS-->KP,IS-->KP,IS-->KP,IS-->KP,IS-->KP,IS-->KP,IS-->KP,IS-->KP
MP,MNP,Northern Mariana Islands,Saipan,Oceania,Micronesia,,MP-->IS,MP-->IS,MP-->IS,MP-->IS,MP-->IS,MP-->IS,MP-->IS,MP-->IS,MP-->IS,MP-->IS,MP-->IS,MP-->IS,MP-->IS,MP-->IS,MP-->IS,MP-->IS,MP-->IS,MP-->IS,MP-->IS,,,,,,,,,,,,,,,,,IS-->MP,IS-->MP,IS-->MP,IS-->MP,IS-->MP,IS-->MP,IS-->MP,IS-->MP,IS-->MP,IS-->MP,IS-->MP,IS-->MP,IS-->MP,IS-->MP,IS-->MP,IS-->MP,IS-->MP,IS-->MP,IS-->MP
NO,NOR,Norway,Oslo,Europe,Northern Europe,,NO-->IS,NO-->IS,NO-->IS,NO-->IS,NO-->IS,NO-->IS,NO-->IS,NO-->IS,NO-->IS,NO-->IS,NO-->IS,NO-->IS,NO-->IS,NO-->IS,NO-->IS,NO-->IS,NO-->IS,NO-->IS,NO-->IS,,,,,,,,,,,,,,,,,IS-->NO,IS-->NO,IS-->NO,IS-->NO,IS-->NO,IS-->NO,IS-->NO,IS-->NO,IS-->NO,IS-->NO,IS-->NO,IS-->NO,IS-->NO,IS-->NO,IS-->NO,IS-->NO,IS-->NO,IS-->NO,IS-->NO
OM,OMN,Oman,Muscat,Asia,Western Asia,,OM-->IS,OM-->IS,OM-->IS,OM-->IS,OM-->IS,OM-->IS,OM-->IS,OM-->IS,OM-->IS,OM-->IS,OM-->IS,OM-->IS,OM-->IS,OM-->IS,OM-->IS,OM-->IS,OM-->IS,OM-->IS,OM-->IS,,,,,,,,,,,,,,,,,IS-->OM,IS-->OM,IS-->OM,IS-->OM,IS-->OM,IS-->OM,IS-->OM,IS-->OM,IS-->OM,IS-->OM,IS-->OM,IS-->OM,IS-->OM,IS-->OM,IS-->OM,IS-->OM,IS-->OM,IS-->OM,IS-->OM
PK,PAK,Pakistan,Islamabad,Asia,Southern Asia,,PK-->IS,PK-->IS,PK-->IS,PK-->IS,PK-->IS,PK-->IS,PK-->IS,PK-->IS,PK-->IS,PK-->IS,PK-->IS,PK-->IS,PK-->IS,PK-->IS,PK-->IS,PK-->IS,PK-->IS,PK-->IS,PK-->IS,,,,,,,,,,,,,,,,,IS-->PK,IS-->PK,IS-->PK,IS-->PK,IS-->PK,IS-->PK,IS-->PK,IS-->PK,IS-->PK,IS-->PK,IS-->PK,IS-->PK,IS-->PK,IS-->PK,IS-->PK,IS-->PK,IS-->PK,IS-->PK,IS-->PK
PW,PLW,Palau,Ngerulmud,Oceania,Micronesia,,PW-->IS,PW-->IS,PW-->IS,PW-->IS,PW-->IS,PW-->IS,PW-->IS,PW-->IS,PW-->IS,PW-->IS,PW-->IS,PW-->IS,PW-->IS,PW-->IS,PW-->IS,PW-->IS,PW-->IS,PW-->IS,PW-->IS,,,,,,,,,,,,,,,,,IS-->PW,IS-->PW,IS-->PW,IS-->PW,IS-->PW,IS-->PW,IS-->PW,IS-->PW,IS-->PW,IS-->PW,IS-->PW,IS-->PW,IS-->PW,IS-->PW,IS-->PW,IS-->PW,IS-->PW,IS-->PW,IS-->PW
PS,PSE,Palestine,Ramallah,Asia,Western Asia,,PS-->IS,PS-->IS,PS-->IS,PS-->IS,PS-->IS,PS-->IS,PS-->IS,PS-->IS,PS-->IS,PS-->IS,PS-->IS,PS-->IS,PS-->IS,PS-->IS,PS-->IS,PS-->IS,PS-->IS,PS-->IS,PS-->IS,,,,,,,,,,,,,,,,,IS-->PS,IS-->PS,IS-->PS,IS-->PS,IS-->PS,IS-->PS,IS-->PS,IS-->PS,IS-->PS,IS-->PS,IS-->PS,IS-->PS,IS-->PS,IS-->PS,IS-->PS,IS-->PS,IS-->PS,IS-->PS,IS-->PS
PA,PAN,Panama,Panama City,Americas,Central America,,PA-->IS,PA-->IS,PA-->IS,PA-->IS,PA-->IS,PA-->IS,PA-->IS,PA-->IS,PA-->IS,PA-->IS,PA-->IS,PA-->IS,PA-->IS,PA-->IS,PA-->IS,PA-->IS,PA-->IS,PA-->IS,PA-->IS,,,,,,,,,,,,,,,,,IS-->PA,IS-->PA,IS-->PA,IS-->PA,IS-->PA,IS-->PA,IS-->PA,IS-->PA,IS-->PA,IS-->PA,IS-->PA,IS-->PA,IS-->PA,IS-->PA,IS-->PA,IS-->PA,IS-->PA,IS-->PA,IS-->PA
PG,PNG,Papua New Guinea,Port Moresby,Oceania,Melanesia,,PG-->IS,PG-->IS,PG-->IS,PG-->IS,PG-->IS,PG-->IS,PG-->IS,PG-->IS,PG-->IS,PG-->IS,PG-->IS,PG-->IS,PG-->IS,PG-->IS,PG-->IS,PG-->IS,PG-->IS,PG-->IS,PG-->IS,,,,,,,,,,,,,,,,,IS-->PG,IS-->PG,IS-->PG,IS-->PG,IS-->PG,IS-->PG,IS-->PG,IS-->PG,IS-->PG,IS-->PG,IS-->PG,IS-->PG,IS-->PG,IS-->PG,IS-->PG,IS-->PG,IS-->PG,IS-->PG,IS-->PG
PY,PRY,Paraguay,Asunción,Americas,South America,,PY-->IS,PY-->IS,PY-->IS,PY-->IS,PY-->IS,PY-->IS,PY-->IS,PY-->IS,PY-->IS,PY-->IS,PY-->IS,PY-->IS,PY-->IS,PY-->IS,PY-->IS,PY-->IS,PY-->IS,PY-->IS,PY-->IS,,,,,,,,,,,,,,,,,IS-->PY,IS-->PY,IS-->PY,IS-->PY,IS-->PY,IS-->PY,IS-->PY,IS-->PY,IS-->PY,IS-->PY,IS-->PY,IS-->PY,IS-->PY,IS-->PY,IS-->PY,IS-->PY,IS-->PY,IS-->PY,IS-->PY
PE,PER,Peru,Lima,Americas,South America,,PE-->IS,PE-->IS,PE-->IS,PE-->IS,PE-->IS,PE-->IS,PE-->IS,PE-->IS,PE-->IS,PE-->IS,PE-->IS,PE-->IS,PE-->IS,PE-->IS,PE-->IS,PE-->IS,PE-->IS,PE-->IS,PE-->IS,,,,,,,,,,,,,,,,,IS-->PE,IS-->PE,IS-->PE,IS-->PE,IS-->PE,IS-->PE,IS-->PE,IS-->PE,IS-->PE,IS-->PE,IS-->PE,IS-->PE,IS-->PE,IS-->PE,IS-->PE,IS-->PE,IS-->PE,IS-->PE,IS-->PE
PH,PHL,Philippines,Manila,Asia,South-Eastern Asia,,PH-->IS,PH-->IS,PH-->IS,PH-->IS,PH-->IS,PH-->IS,PH-->IS,PH-->IS,PH-->IS,PH-->IS,PH-->IS,PH-->IS,PH-->IS,PH-->IS,PH-->IS,PH-->IS,PH-->IS,PH-->IS,PH-->IS,,,,,,,,,,,,,,,,,IS-->PH,IS-->PH,IS-->PH,IS-->PH,IS-->PH,IS-->PH,IS-->PH,IS-->PH,IS-->PH,IS-->PH,IS-->PH,IS-->PH,IS-->PH,IS-->PH,IS-->PH,IS-->PH,IS-->PH,IS-->PH,IS-->PH
PN,PCN,Pitcairn Islands,Adamstown,Oceania,Polynesia,,PN-->IS,PN-->IS,PN-->IS,PN-->IS,PN-->IS,PN-->IS,PN-->IS,PN-->IS,PN-->IS,PN-->IS,PN-->IS,PN-->IS,PN-->IS,PN-->IS,PN-->IS,PN-->IS,PN-->IS,PN-->IS,PN-->IS,,,,,,,,,,,,,,,,,IS-->PN,IS-->PN,IS-->PN,IS-->PN,IS-->PN,IS-->PN,IS-->PN,IS-->PN,IS-->PN,IS-->PN,IS-->PN,IS-->PN,IS-->PN,IS-->PN,IS-->PN,IS-->PN,IS-->PN,IS-->PN,IS-->PN
PL,POL,Poland,Warsaw,Europe,Eastern Europe,,PL-->IS,PL-->IS,PL-->IS,PL-->IS,PL-->IS,PL-->IS,PL-->IS,PL-->IS,PL-->IS,PL-->IS,PL-->IS,PL-->IS,PL-->IS,PL-->IS,PL-->IS,PL-->IS,PL-->IS,PL-->IS,PL-->IS,,,,,,,,,,,,,,,,,IS-->PL,IS-->PL,IS-->PL,IS-->PL,IS-->PL,IS-->PL,IS-->PL,IS-->PL,IS-->PL,IS-->PL,IS-->PL,IS-->PL,IS-->PL,IS-->PL,IS-->PL,IS-->PL,IS-->PL,IS-->PL,IS-->PL
PT,PRT,Portugal,Lisbon,Europe,Southern Europe,,PT-->IS,PT-->IS,PT-->IS,PT-->IS,PT-->IS,PT-->IS,PT-->IS,PT-->IS,PT-->IS,PT-->IS,PT-->IS,PT-->IS,PT-->IS,PT-->IS,PT-->IS,PT-->IS,PT-->IS,PT-->IS,PT-->IS,,,,,,,,,,,,,,,,,IS-->PT,IS-->PT,IS-->PT,IS-->PT,IS-->PT,IS-->PT,IS-->PT,IS-->PT,IS-->PT,IS-->PT,IS-->PT,IS-->PT,IS-->PT,IS-->PT,IS-->PT,IS-->PT,IS-->PT,IS-->PT,IS-->PT
PR,PRI,Puerto Rico,San Juan,Americas,Caribbean,,PR-->IS,PR-->IS,PR-->IS,PR-->IS,PR-->IS,PR-->IS,PR-->IS,PR-->IS,PR-->IS,PR-->IS,PR-->IS,PR-->IS,PR-->IS,PR-->IS,PR-->IS,PR-->IS,PR-->IS,PR-->IS,PR-->IS,,,,,,,,,,,,,,,,,IS-->PR,IS-->PR,IS-->PR,IS-->PR,IS-->PR,IS-->PR,IS-->PR,IS-->PR,IS-->PR,IS-->PR,IS-->PR,IS-->PR,IS-->PR,IS-->PR,IS-->PR,IS-->PR,IS-->PR,IS-->PR,IS-->PR
QA,QAT,Qatar,Doha,Asia,Western Asia,,QA-->IS,QA-->IS,QA-->IS,QA-->IS,QA-->IS,QA-->IS,QA-->IS,QA-->IS,QA-->IS,QA-->IS,QA-->IS,QA-->IS,QA-->IS,QA-->IS,QA-->IS,QA-->IS,QA-->IS,QA-->IS,QA-->IS,,,,,,,,,,,,,,,,,IS-->QA,IS-->QA,IS-->QA,IS-->QA,IS-->QA,IS-->QA,IS-->QA,IS-->QA,IS-->QA,IS-->QA,IS-->QA,IS-->QA,IS-->QA,IS-->QA,IS-->QA,IS-->QA,IS-->QA,IS-->QA,IS-->QA
XK,KOS,Republic of Kosovo,Pristina,Europe,Eastern Europe,,XK-->IS,XK-->IS,XK-->IS,XK-->IS,XK-->IS,XK-->IS,XK-->IS,XK-->IS,XK-->IS,XK-->IS,XK-->IS,XK-->IS,XK-->IS,XK-->IS,XK-->IS,XK-->IS,XK-->IS,XK-->IS,XK-->IS,,,,,,,,,,,,,,,,,IS-->XK,IS-->XK,IS-->XK,IS-->XK,IS-->XK,IS-->XK,IS-->XK,IS-->XK,IS-->XK,IS-->XK,IS-->XK,IS-->XK,IS-->XK,IS-->XK,IS-->XK,IS-->XK,IS-->XK,IS-->XK,IS-->XK
RE,REU,Réunion,Saint-Denis,Africa,Eastern Africa,,RE-->IS,RE-->IS,RE-->IS,RE-->IS,RE-->IS,RE-->IS,RE-->IS,RE-->IS,RE-->IS,RE-->IS,RE-->IS,RE-->IS,RE-->IS,RE-->IS,RE-->IS,RE-->IS,RE-->IS,RE-->IS,RE-->IS,,,,,,,,,,,,,,,,,IS-->RE,IS-->RE,IS-->RE,IS-->RE,IS-->RE,IS-->RE,IS-->RE,IS-->RE,IS-->RE,IS-->RE,IS-->RE,IS-->RE,IS-->RE,IS-->RE,IS-->RE,IS-->RE,IS-->RE,IS-->RE,IS-->RE
RO,ROU,Romania,Bucharest,Europe,Eastern Europe,,RO-->IS,RO-->IS,RO-->IS,RO-->IS,RO-->IS,RO-->IS,RO-->IS,RO-->IS,RO-->IS,RO-->IS,RO-->IS,RO-->IS,RO-->IS,RO-->IS,RO-->IS,RO-->IS,RO-->IS,RO-->IS,RO-->IS,,,,,,,,,,,,,,,,,IS-->RO,IS-->RO,IS-->RO,IS-->RO,IS-->RO,IS-->RO,IS-->RO,IS-->RO,IS-->RO,IS-->RO,IS-->RO,IS-->RO,IS-->RO,IS-->RO,IS-->RO,IS-->RO,IS-->RO,IS-->RO,IS-->RO
RU,RUS,Russia,Moscow,Europe,Eastern Europe,,RU-->IS,RU-->IS,RU-->IS,RU-->IS,RU-->IS,RU-->IS,RU-->IS,RU-->IS,RU-->IS,RU-->IS,RU-->IS,RU-->IS,RU-->IS,RU-->IS,RU-->IS,RU-->IS,RU-->IS,RU-->IS,RU-->IS,,,,,,,,,,,,,,,,,IS-->RU,IS-->RU,IS-->RU,IS-->RU,IS-->RU,IS-->RU,IS-->RU,IS-->RU,IS-->RU,IS-->RU,IS-->RU,IS-->RU,IS-->RU,IS-->RU,IS-->RU,IS-->RU,IS-->RU,IS-->RU,IS-->RU
RW,RWA,Rwanda,Kigali,Africa,Eastern Africa,,RW-->IS,RW-->IS,RW-->IS,RW-->IS,RW-->IS,RW-->IS,RW-->IS,RW-->IS,RW-->IS,RW-->IS,RW-->IS,RW-->IS,RW-->IS,RW-->IS,RW-->IS,RW-->IS,RW-->IS,RW-->IS,RW-->IS,,,,,,,,,,,,,,,,,IS-->RW,IS-->RW,IS-->RW,IS-->RW,IS-->RW,IS-->RW,IS-->RW,IS-->RW,IS-->RW,IS-->RW,IS-->RW,IS-->RW,IS-->RW,IS-->RW,IS-->RW,IS-->RW,IS-->RW,IS-->RW,IS-->RW
BL,BLM,Saint Barthélemy,Gustavia,Americas,Caribbean,,BL-->IS,BL-->IS,BL-->IS,BL-->IS,BL-->IS,BL-->IS,BL-->IS,BL-->IS,BL-->IS,BL-->IS,BL-->IS,BL-->IS,BL-->IS,BL-->IS,BL-->IS,BL-->IS,BL-->IS,BL-->IS,BL-->IS,,,,,,,,,,,,,,,,,IS-->BL,IS-->BL,IS-->BL,IS-->BL,IS-->BL,IS-->BL,IS-->BL,IS-->BL,IS-->BL,IS-->BL,IS-->BL,IS-->BL,IS-->BL,IS-->BL,IS-->BL,IS-->BL,IS-->BL,IS-->BL,IS-->BL
SH,SHN,Saint Helena,Jamestown,Africa,Western Africa,,SH-->IS,SH-->IS,SH-->IS,SH-->IS,SH-->IS,SH-->IS,SH-->IS,SH-->IS,SH-->IS,SH-->IS,SH-->IS,SH-->IS,SH-->IS,SH-->IS,SH-->IS,SH-->IS,SH-->IS,SH-->IS,SH-->IS,,,,,,,,,,,,,,,,,IS-->SH,IS-->SH,IS-->SH,IS-->SH,IS-->SH,IS-->SH,IS-->SH,IS-->SH,IS-->SH,IS-->SH,IS-->SH,IS-->SH,IS-->SH,IS-->SH,IS-->SH,IS-->SH,IS-->SH,IS-->SH,IS-->SH
KN,KNA,Saint Kitts and Nevis,Basseterre,Americas,Caribbean,,KN-->IS,KN-->IS,KN-->IS,KN-->IS,KN-->IS,KN-->IS,KN-->IS,KN-->IS,KN-->IS,KN-->IS,KN-->IS,KN-->IS,KN-->IS,KN-->IS,KN-->IS,KN-->IS,KN-->IS,KN-->IS,KN-->IS,,,,,,,,,,,,,,,,,IS-->KN,IS-->KN,IS-->KN,IS-->KN,IS-->KN,IS-->KN,IS-->KN,IS-->KN,IS-->KN,IS-->KN,IS-->KN,IS-->KN,IS-->KN,IS-->KN,IS-->KN,IS-->KN,IS-->KN,IS-->KN,IS-->KN
LC,LCA,Saint Lucia,Castries,Americas,Caribbean,,LC-->IS,LC-->IS,LC-->IS,LC-->IS,LC-->IS,LC-->IS,LC-->IS,LC-->IS,LC-->IS,LC-->IS,LC-->IS,LC-->IS,LC-->IS,LC-->IS,LC-->IS,LC-->IS,LC-->IS,LC-->IS,LC-->IS,,,,,,,,,,,,,,,,,IS-->LC,IS-->LC,IS-->LC,IS-->LC,IS-->LC,IS-->LC,IS-->LC,IS-->LC,IS-->LC,IS-->LC,IS-->LC,IS-->LC,IS-->LC,IS-->LC,IS-->LC,IS-->LC,IS-->LC,IS-->LC,IS-->LC
MF,MAF,Saint Martin,Marigot,Americas,Caribbean,,MF-->IS,MF-->IS,MF-->IS,MF-->IS,MF-->IS,MF-->IS,MF-->IS,MF-->IS,MF-->IS,MF-->IS,MF-->IS,MF-->IS,MF-->IS,MF-->IS,MF-->IS,MF-->IS,MF-->IS,MF-->IS,MF-->IS,,,,,,,,,,,,,,,,,IS-->MF,IS-->MF,IS-->MF,IS-->MF,IS-->MF,IS-->MF,IS-->MF,IS-->MF,IS-->MF,IS-->MF,IS-->MF,IS-->MF,IS-->MF,IS-->MF,IS-->MF,IS-->MF,IS-->MF,IS-->MF,IS-->MF
PM,SPM,Saint Pierre and Miquelon,Saint-Pierre,Americas,Northern America,,PM-->IS,PM-->IS,PM-->IS,PM-->IS,PM-->IS,PM-->IS,PM-->IS,PM-->IS,PM-->IS,PM-->IS,PM-->IS,PM-->IS,PM-->IS,PM-->IS,PM-->IS,PM-->IS,PM-->IS,PM-->IS,PM-->IS,,,,,,,,,,,,,,,,,IS-->PM,IS-->PM,IS-->PM,IS-->PM,IS-->PM,IS-->PM,IS-->PM,IS-->PM,IS-->PM,IS-->PM,IS-->PM,IS-->PM,IS-->PM,IS-->PM,IS-->PM,IS-->PM,IS-->PM,IS-->PM,IS-->PM
VC,VCT,Saint Vincent and the Grenadines,Kingstown,Americas,Caribbean,,VC-->IS,VC-->IS,VC-->IS,VC-->IS,VC-->IS,VC-->IS,VC-->IS,VC-->IS,VC-->IS,VC-->IS,VC-->IS,VC-->IS,VC-->IS,VC-->IS,VC-->IS,VC-->IS,VC-->IS,VC-->IS,VC-->IS,,,,,,,,,,,,,,,,,IS-->VC,IS-->VC,IS-->VC,IS-->VC,IS-->VC,IS-->VC,IS-->VC,IS-->VC,IS-->VC,IS-->VC,IS-->VC,IS-->VC,IS-->VC,IS-->VC,IS-->VC,IS-->VC,IS-->VC,IS-->VC,IS-->VC
WS,WSM,Samoa,Apia,Oceania,Polynesia,,WS-->IS,WS-->IS,WS-->IS,WS-->IS,WS-->IS,WS-->IS,WS-->IS,WS-->IS,WS-->IS,WS-->IS,WS-->IS,WS-->IS,WS-->IS,WS-->IS,WS-->IS,WS-->IS,WS-->IS,WS-->IS,WS-->IS,,,,,,,,,,,,,,,,,IS-->WS,IS-->WS,IS-->WS,IS-->WS,IS-->WS,IS-->WS,IS-->WS,IS-->WS,IS-->WS,IS-->WS,IS-->WS,IS-->WS,IS-->WS,IS-->WS,IS-->WS,IS-->WS,IS-->WS,IS-->WS,IS-->WS
SM,SMR,San Marino,City of San Marino,Europe,Southern Europe,,SM-->IS,SM-->IS,SM-->IS,SM-->IS,SM-->IS,SM-->IS,SM-->IS,SM-->IS,SM-->IS,SM-->IS,SM-->IS,SM-->IS,SM-->IS,SM-->IS,SM-->IS,SM-->IS,SM-->IS,SM-->IS,SM-->IS,,,,,,,,,,,,,,,,,IS-->SM,IS-->SM,IS-->SM,IS-->SM,IS-->SM,IS-->SM,IS-->SM,IS-->SM,IS-->SM,IS-->SM,IS-->SM,IS-->SM,IS-->SM,IS-->SM,IS-->SM,IS-->SM,IS-->SM,IS-->SM,IS-->SM
ST,STP,São Tomé and Príncipe,São Tomé,Africa,Middle Africa,,ST-->IS,ST-->IS,ST-->IS,ST-->IS,ST-->IS,ST-->IS,ST-->IS,ST-->IS,ST-->IS,ST-->IS,ST-->IS,ST-->IS,ST-->IS,ST-->IS,ST-->IS,ST-->IS,ST-->IS,ST-->IS,ST-->IS,,,,,,,,,,,,,,,,,IS-->ST,IS-->ST,IS-->ST,IS-->ST,IS-->ST,IS-->ST,IS-->ST,IS-->ST,IS-->ST,IS-->ST,IS-->ST,IS-->ST,IS-->ST,IS-->ST,IS-->ST,IS-->ST,IS-->ST,IS-->ST,IS-->ST
SA,SAU,Saudi Arabia,Riyadh,Asia,Western Asia,,SA-->IS,SA-->IS,SA-->IS,SA-->IS,SA-->IS,SA-->IS,SA-->IS,SA-->IS,SA-->IS,SA-->IS,SA-->IS,SA-->IS,SA-->IS,SA-->IS,SA-->IS,SA-->IS,SA-->IS,SA-->IS,SA-->IS,,,,,,,,,,,,,,,,,IS-->SA,IS-->SA,IS-->SA,IS-->SA,IS-->SA,IS-->SA,IS-->SA,IS-->SA,IS-->SA,IS-->SA,IS-->SA,IS-->SA,IS-->SA,IS-->SA,IS-->SA,IS-->SA,IS-->SA,IS-->SA,IS-->SA
SN,SEN,Senegal,Dakar,Africa,Western Africa,,SN-->IS,SN-->IS,SN-->IS,SN-->IS,SN-->IS,SN-->IS,SN-->IS,SN-->IS,SN-->IS,SN-->IS,SN-->IS,SN-->IS,SN-->IS,SN-->IS,SN-->IS,SN-->IS,SN-->IS,SN-->IS,SN-->IS,,,,,,,,,,,,,,,,,IS-->SN,IS-->SN,IS-->SN,IS-->SN,IS-->SN,IS-->SN,IS-->SN,IS-->SN,IS-->SN,IS-->SN,IS-->SN,IS-->SN,IS-->SN,IS-->SN,IS-->SN,IS-->SN,IS-->SN,IS-->SN,IS-->SN
RS,SRB,Serbia,Belgrade,Europe,Southern Europe,,RS-->IS,RS-->IS,RS-->IS,RS-->IS,RS-->IS,RS-->IS,RS-->IS,RS-->IS,RS-->IS,RS-->IS,RS-->IS,RS-->IS,RS-->IS,RS-->IS,RS-->IS,RS-->IS,RS-->IS,RS-->IS,RS-->IS,,,,,,,,,,,,,,,,,IS-->RS,IS-->RS,IS-->RS,IS-->RS,IS-->RS,IS-->RS,IS-->RS,IS-->RS,IS-->RS,IS-->RS,IS-->RS,IS-->RS,IS-->RS,IS-->RS,IS-->RS,IS-->RS,IS-->RS,IS-->RS,IS-->RS
SC,SYC,Seychelles,Victoria,Africa,Eastern Africa,,SC-->IS,SC-->IS,SC-->IS,SC-->IS,SC-->IS,SC-->IS,SC-->IS,SC-->IS,SC-->IS,SC-->IS,SC-->IS,SC-->IS,SC-->IS,SC-->IS,SC-->IS,SC-->IS,SC-->IS,SC-->IS,SC-->IS,,,,,,,,,,,,,,,,,IS-->SC,IS-->SC,IS-->SC,IS-->SC,IS-->SC,IS-->SC,IS-->SC,IS-->SC,IS-->SC,IS-->SC,IS-->SC,IS-->SC,IS-->SC,IS-->SC,IS-->SC,IS-->SC,IS-->SC,IS-->SC,IS-->SC
SL,SLE,Sierra Leone,Freetown,Africa,Western Africa,,SL-->IS,SL-->IS,SL-->IS,SL-->IS,SL-->IS,SL-->IS,SL-->IS,SL-->IS,SL-->IS,SL-->IS,SL-->IS,SL-->IS,SL-->IS,SL-->IS,SL-->IS,SL-->IS,SL-->IS,SL-->IS,SL-->IS,,,,,,,,,,,,,,,,,IS-->SL,IS-->SL,IS-->SL,IS-->SL,IS-->SL,IS-->SL,IS-->SL,IS-->SL,IS-->SL,IS-->SL,IS-->SL,IS-->SL,IS-->SL,IS-->SL,IS-->SL,IS-->SL,IS-->SL,IS-->SL,IS-->SL
SG,SGP,Singapore,Singapore,Asia,South-Eastern Asia,,SG-->IS,SG-->IS,SG-->IS,SG-->IS,SG-->IS,SG-->IS,SG-->IS,SG-->IS,SG-->IS,SG-->IS,SG-->IS,SG-->IS,SG-->IS,SG-->IS,SG-->IS,SG-->IS,SG-->IS,SG-->IS,SG-->IS,,,,,,,,,,,,,,,,,IS-->SG,IS-->SG,IS-->SG,IS-->SG,IS-->SG,IS-->SG,IS-->SG,IS-->SG,IS-->SG,IS-->SG,IS-->SG,IS-->SG,IS-->SG,IS-->SG,IS-->SG,IS-->SG,IS-->SG,IS-->SG,IS-->SG
SX,SXM,Sint Maarten,Philipsburg,Americas,Caribbean,,SX-->IS,SX-->IS,SX-->IS,SX-->IS,SX-->IS,SX-->IS,SX-->IS,SX-->IS,SX-->IS,SX-->IS,SX-->IS,SX-->IS,SX-->IS,SX-->IS,SX-->IS,SX-->IS,SX-->IS,SX-->IS,SX-->IS,,,,,,,,,,,,,,,,,IS-->SX,IS-->SX,IS-->SX,IS-->SX,IS-->SX,IS-->SX,IS-->SX,IS-->SX,IS-->SX,IS-->SX,IS-->SX,IS-->SX,IS-->SX,IS-->SX,IS-->SX,IS-->SX,IS-->SX,IS-->SX,IS-->SX
SK,SVK,Slovakia,Bratislava,Europe,Eastern Europe,,SK-->IS,SK-->IS,SK-->IS,SK-->IS,SK-->IS,SK-->IS,SK-->IS,SK-->IS,SK-->IS,SK-->IS,SK-->IS,SK-->IS,SK-->IS,SK-->IS,SK-->IS,SK-->IS,SK-->IS,SK-->IS,SK-->IS,,,,,,,,,,,,,,,,,IS-->SK,IS-->SK,IS-->SK,IS-->SK,IS-->SK,IS-->SK,IS-->SK,IS-->SK,IS-->SK,IS-->SK,IS-->SK,IS-->SK,IS-->SK,IS-->SK,IS-->SK,IS-->SK,IS-->SK,IS-->SK,IS-->SK
SI,SVN,Slovenia,Ljubljana,Europe,Southern Europe,,SI-->IS,SI-->IS,SI-->IS,SI-->IS,SI-->IS,SI-->IS,SI-->IS,SI-->IS,SI-->IS,SI-->IS,SI-->IS,SI-->IS,SI-->IS,SI-->IS,SI-->IS,SI-->IS,SI-->IS,SI-->IS,SI-->IS,,,,,,,,,,,,,,,,,IS-->SI,IS-->SI,IS-->SI,IS-->SI,IS-->SI,IS-->SI,IS-->SI,IS-->SI,IS-->SI,IS-->SI,IS-->SI,IS-->SI,IS-->SI,IS-->SI,IS-->SI,IS-->SI,IS-->SI,IS-->SI,IS-->SI
SB,SLB,Solomon Islands,Honiara,Oceania,Melanesia,,SB-->IS,SB-->IS,SB-->IS,SB-->IS,SB-->IS,SB-->IS,SB-->IS,SB-->IS,SB-->IS,SB-->IS,SB-->IS,SB-->IS,SB-->IS,SB-->IS,SB-->IS,SB-->IS,SB-->IS,SB-->IS,SB-->IS,,,,,,,,,,,,,,,,,IS-->SB,IS-->SB,IS-->SB,IS-->SB,IS-->SB,IS-->SB,IS-->SB,IS-->SB,IS-->SB,IS-->SB,IS-->SB,IS-->SB,IS-->SB,IS-->SB,IS-->SB,IS-->SB,IS-->SB,IS-->SB,IS-->SB
SO,SOM,Somalia,Mogadishu,Africa,Eastern Africa,,SO-->IS,SO-->IS,SO-->IS,SO-->IS,SO-->IS,SO-->IS,SO-->IS,SO-->IS,SO-->IS,SO-->IS,SO-->IS,SO-->IS,SO-->IS,SO-->IS,SO-->IS,SO-->IS,SO-->IS,SO-->IS,SO-->IS,,,,,,,,,,,,,,,,,IS-->SO,IS-->SO,IS-->SO,IS-->SO,IS-->SO,IS-->SO,IS-->SO,IS-->SO,IS-->SO,IS-->SO,IS-->SO,IS-->SO,IS-->SO,IS-->SO,IS-->SO,IS-->SO,IS-->SO,IS-->SO,IS-->SO
ZA,ZAF,South Africa,Pretoria,Africa,Southern Africa,,ZA-->IS,ZA-->IS,ZA-->IS,ZA-->IS,ZA-->IS,ZA-->IS,ZA-->IS,ZA-->IS,ZA-->IS,ZA-->IS,ZA-->IS,ZA-->IS,ZA-->IS,ZA-->IS,ZA-->IS,ZA-->IS,ZA-->IS,ZA-->IS,ZA-->IS,,,,,,,,,,,,,,,,,IS-->ZA,IS-->ZA,IS-->ZA,IS-->ZA,IS-->ZA,IS-->ZA,IS-->ZA,IS-->ZA,IS-->ZA,IS-->ZA,IS-->ZA,IS-->ZA,IS-->ZA,IS-->ZA,IS-->ZA,IS-->ZA,IS-->ZA,IS-->ZA,IS-->ZA
GS,SGS,South Georgia,King Edward Point,Americas,South America,,GS-->IS,GS-->IS,GS-->IS,GS-->IS,GS-->IS,GS-->IS,GS-->IS,GS-->IS,GS-->IS,GS-->IS,GS-->IS,GS-->IS,GS-->IS,GS-->IS,GS-->IS,GS-->IS,GS-->IS,GS-->IS,GS-->IS,,,,,,,,,,,,,,,,,IS-->GS,IS-->GS,IS-->GS,IS-->GS,IS-->GS,IS-->GS,IS-->GS,IS-->GS,IS-->GS,IS-->GS,IS-->GS,IS-->GS,IS-->GS,IS-->GS,IS-->GS,IS-->GS,IS-->GS,IS-->GS,IS-->GS
KR,KOR,South Korea,Seoul,Asia,Eastern Asia,,KR-->IS,KR-->IS,KR-->IS,KR-->IS,KR-->IS,KR-->IS,KR-->IS,KR-->IS,KR-->IS,KR-->IS,KR-->IS,KR-->IS,KR-->IS,KR-->IS,KR-->IS,KR-->IS,KR-->IS,KR-->IS,KR-->IS,,,,,,,,,,,,,,,,,IS-->KR,IS-->KR,IS-->KR,IS-->KR,IS-->KR,IS-->KR,IS-->KR,IS-->KR,IS-->KR,IS-->KR,IS-->KR,IS-->KR,IS-->KR,IS-->KR,IS-->KR,IS-->KR,IS-->KR,IS-->KR,IS-->KR
SS,SSD,South Sudan,Juba,Africa,Middle Africa,,SS-->IS,SS-->IS,SS-->IS,SS-->IS,SS-->IS,SS-->IS,SS-->IS,SS-->IS,SS-->IS,SS-->IS,SS-->IS,SS-->IS,SS-->IS,SS-->IS,SS-->IS,SS-->IS,SS-->IS,SS-->IS,SS-->IS,,,,,,,,,,,,,,,,,IS-->SS,IS-->SS,IS-->SS,IS-->SS,IS-->SS,IS-->SS,IS-->SS,IS-->SS,IS-->SS,IS-->SS,IS-->SS,IS-->SS,IS-->SS,IS-->SS,IS-->SS,IS-->SS,IS-->SS,IS-->SS,IS-->SS
ES,ESP,Spain,Madrid,Europe,Southern Europe,,ES-->IS,ES-->IS,ES-->IS,ES-->IS,ES-->IS,ES-->IS,ES-->IS,ES-->IS,ES-->IS,ES-->IS,ES-->IS,ES-->IS,ES-->IS,ES-->IS,ES-->IS,ES-->IS,ES-->IS,ES-->IS,ES-->IS,,,,,,,,,,,,,,,,,IS-->ES,IS-->ES,IS-->ES,IS-->ES,IS-->ES,IS-->ES,IS-->ES,IS-->ES,IS-->ES,IS-->ES,IS-->ES,IS-->ES,IS-->ES,IS-->ES,IS-->ES,IS-->ES,IS-->ES,IS-->ES,IS-->ES
LK,LKA,Sri Lanka,Colombo,Asia,Southern Asia,,LK-->IS,LK-->IS,LK-->IS,LK-->IS,LK-->IS,LK-->IS,LK-->IS,LK-->IS,LK-->IS,LK-->IS,LK-->IS,LK-->IS,LK-->IS,LK-->IS,LK-->IS,LK-->IS,LK-->IS,LK-->IS,LK-->IS,,,,,,,,,,,,,,,,,IS-->LK,IS-->LK,IS-->LK,IS-->LK,IS-->LK,IS-->LK,IS-->LK,IS-->LK,IS-->LK,IS-->LK,IS-->LK,IS-->LK,IS-->LK,IS-->LK,IS-->LK,IS-->LK,IS-->LK,IS-->LK,IS-->LK
SD,SDN,Sudan,Khartoum,Africa,Northern Africa,,SD-->IS,SD-->IS,SD-->IS,SD-->IS,SD-->IS,SD-->IS,SD-->IS,SD-->IS,SD-->IS,SD-->IS,SD-->IS,SD-->IS,SD-->IS,SD-->IS,SD-->IS,SD-->IS,SD-->IS,SD-->IS,SD-->IS,,,,,,,,,,,,,,,,,IS-->SD,IS-->SD,IS-->SD,IS-->SD,IS-->SD,IS-->SD,IS-->SD,IS-->SD,IS-->SD,IS-->SD,IS-->SD,IS-->SD,IS-->SD,IS-->SD,IS-->SD,IS-->SD,IS-->SD,IS-->SD,IS-->SD
SR,SUR,Suriname,Paramaribo,Americas,South America,,SR-->IS,SR-->IS,SR-->IS,SR-->IS,SR-->IS,SR-->IS,SR-->IS,SR-->IS,SR-->IS,SR-->IS,SR-->IS,SR-->IS,SR-->IS,SR-->IS,SR-->IS,SR-->IS,SR-->IS,SR-->IS,SR-->IS,,,,,,,,,,,,,,,,,IS-->SR,IS-->SR,IS-->SR,IS-->SR,IS-->SR,IS-->SR,IS-->SR,IS-->SR,IS-->SR,IS-->SR,IS-->SR,IS-->SR,IS-->SR,IS-->SR,IS-->SR,IS-->SR,IS-->SR,IS-->SR,IS-->SR
SJ,SJM,Svalbard and Jan Mayen,Longyearbyen,Europe,Northern Europe,,SJ-->IS,SJ-->IS,SJ-->IS,SJ-->IS,SJ-->IS,SJ-->IS,SJ-->IS,SJ-->IS,SJ-->IS,SJ-->IS,SJ-->IS,SJ-->IS,SJ-->IS,SJ-->IS,SJ-->IS,SJ-->IS,SJ-->IS,SJ-->IS,SJ-->IS,,,,,,,,,,,,,,,,,IS-->SJ,IS-->SJ,IS-->SJ,IS-->SJ,IS-->SJ,IS-->SJ,IS-->SJ,IS-->SJ,IS-->SJ,IS-->SJ,IS-->SJ,IS-->SJ,IS-->SJ,IS-->SJ,IS-->SJ,IS-->SJ,IS-->SJ,IS-->SJ,IS-->SJ
SZ,SWZ,Swaziland,Lobamba,Africa,Southern Africa,,SZ-->IS,SZ-->IS,SZ-->IS,SZ-->IS,SZ-->IS,SZ-->IS,SZ-->IS,SZ-->IS,SZ-->IS,SZ-->IS,SZ-->IS,SZ-->IS,SZ-->IS,SZ-->IS,SZ-->IS,SZ-->IS,SZ-->IS,SZ-->IS,SZ-->IS,,,,,,,,,,,,,,,,,IS-->SZ,IS-->SZ,IS-->SZ,IS-->SZ,IS-->SZ,IS-->SZ,IS-->SZ,IS-->SZ,IS-->SZ,IS-->SZ,IS-->SZ,IS-->SZ,IS-->SZ,IS-->SZ,IS-->SZ,IS-->SZ,IS-->SZ,IS-->SZ,IS-->SZ
SE,SWE,Sweden,Stockholm,Europe,Northern Europe,,SE-->IS,SE-->IS,SE-->IS,SE-->IS,SE-->IS,SE-->IS,SE-->IS,SE-->IS,SE-->IS,SE-->IS,SE-->IS,SE-->IS,SE-->IS,SE-->IS,SE-->IS,SE-->IS,SE-->IS,SE-->IS,SE-->IS,,,,,,,,,,,,,,,,,IS-->SE,IS-->SE,IS-->SE,IS-->SE,IS-->SE,IS-->SE,IS-->SE,IS-->SE,IS-->SE,IS-->SE,IS-->SE,IS-->SE,IS-->SE,IS-->SE,IS-->SE,IS-->SE,IS-->SE,IS-->SE,IS-->SE
CH,CHE,Switzerland,Bern,Europe,Western Europe,,CH-->IS,CH-->IS,CH-->IS,CH-->IS,CH-->IS,CH-->IS,CH-->IS,CH-->IS,CH-->IS,CH-->IS,CH-->IS,CH-->IS,CH-->IS,CH-->IS,CH-->IS,CH-->IS,CH-->IS,CH-->IS,CH-->IS,,,,,,,,,,,,,,,,,IS-->CH,IS-->CH,IS-->CH,IS-->CH,IS-->CH,IS-->CH,IS-->CH,IS-->CH,IS-->CH,IS-->CH,IS-->CH,IS-->CH,IS-->CH,IS-->CH,IS-->CH,IS-->CH,IS-->CH,IS-->CH,IS-->CH
SY,SYR,Syria,Damascus,Asia,Western Asia,,SY-->IS,SY-->IS,SY-->IS,SY-->IS,SY-->IS,SY-->IS,SY-->IS,SY-->IS,SY-->IS,SY-->IS,SY-->IS,SY-->IS,SY-->IS,SY-->IS,SY-->IS,SY-->IS,SY-->IS,SY-->IS,SY-->IS,,,,,,,,,,,,,,,,,IS-->SY,IS-->SY,IS-->SY,IS-->SY,IS-->SY,IS-->SY,IS-->SY,IS-->SY,IS-->SY,IS-->SY,IS-->SY,IS-->SY,IS-->SY,IS-->SY,IS-->SY,IS-->SY,IS-->SY,IS-->SY,IS-->SY
TW,TWN,Taiwan,Taipei,Asia,Eastern Asia,,TW-->IS,TW-->IS,TW-->IS,TW-->IS,TW-->IS,TW-->IS,TW-->IS,TW-->IS,TW-->IS,TW-->IS,TW-->IS,TW-->IS,TW-->IS,TW-->IS,TW-->IS,TW-->IS,TW-->IS,TW-->IS,TW-->IS,,,,,,,,,,,,,,,,,IS-->TW,IS-->TW,IS-->TW,IS-->TW,IS-->TW,IS-->TW,IS-->TW,IS-->TW,IS-->TW,IS-->TW,IS-->TW,IS-->TW,IS-->TW,IS-->TW,IS-->TW,IS-->TW,IS-->TW,IS-->TW,IS-->TW
TJ,TJK,Tajikistan,Dushanbe,Asia,Central Asia,,TJ-->IS,TJ-->IS,TJ-->IS,TJ-->IS,TJ-->IS,TJ-->IS,TJ-->IS,TJ-->IS,TJ-->IS,TJ-->IS,TJ-->IS,TJ-->IS,TJ-->IS,TJ-->IS,TJ-->IS,TJ-->IS,TJ-->IS,TJ-->IS,TJ-->IS,,,,,,,,,,,,,,,,,IS-->TJ,IS-->TJ,IS-->TJ,IS-->TJ,IS-->TJ,IS-->TJ,IS-->TJ,IS-->TJ,IS-->TJ,IS-->TJ,IS-->TJ,IS-->TJ,IS-->TJ,IS-->TJ,IS-->TJ,IS-->TJ,IS-->TJ,IS-->TJ,IS-->TJ
TZ,TZA,Tanzania,Dodoma,Africa,Eastern Africa,,TZ-->IS,TZ-->IS,TZ-->IS,TZ-->IS,TZ-->IS,TZ-->IS,TZ-->IS,TZ-->IS,TZ-->IS,TZ-->IS,TZ-->IS,TZ-->IS,TZ-->IS,TZ-->IS,TZ-->IS,TZ-->IS,TZ-->IS,TZ-->IS,TZ-->IS,,,,,,,,,,,,,,,,,IS-->TZ,IS-->TZ,IS-->TZ,IS-->TZ,IS-->TZ,IS-->TZ,IS-->TZ,IS-->TZ,IS-->TZ,IS-->TZ,IS-->TZ,IS-->TZ,IS-->TZ,IS-->TZ,IS-->TZ,IS-->TZ,IS-->TZ,IS-->TZ,IS-->TZ
TH,THA,Thailand,Bangkok,Asia,South-Eastern Asia,,TH-->IS,TH-->IS,TH-->IS,TH-->IS,TH-->IS,TH-->IS,TH-->IS,TH-->IS,TH-->IS,TH-->IS,TH-->IS,TH-->IS,TH-->IS,TH-->IS,TH-->IS,TH-->IS,TH-->IS,TH-->IS,TH-->IS,,,,,,,,,,,,,,,,,IS-->TH,IS-->TH,IS-->TH,IS-->TH,IS-->TH,IS-->TH,IS-->TH,IS-->TH,IS-->TH,IS-->TH,IS-->TH,IS-->TH,IS-->TH,IS-->TH,IS-->TH,IS-->TH,IS-->TH,IS-->TH,IS-->TH
TL,TLS,East Timor,Dili,Asia,South-Eastern Asia,,TL-->IS,TL-->IS,TL-->IS,TL-->IS,TL-->IS,TL-->IS,TL-->IS,TL-->IS,TL-->IS,TL-->IS,TL-->IS,TL-->IS,TL-->IS,TL-->IS,TL-->IS,TL-->IS,TL-->IS,TL-->IS,TL-->IS,,,,,,,,,,,,,,,,,IS-->TL,IS-->TL,IS-->TL,IS-->TL,IS-->TL,IS-->TL,IS-->TL,IS-->TL,IS-->TL,IS-->TL,IS-->TL,IS-->TL,IS-->TL,IS-->TL,IS-->TL,IS-->TL,IS-->TL,IS-->TL,IS-->TL
TG,TGO,Togo,Lomé,Africa,Western Africa,,TG-->IS,TG-->IS,TG-->IS,TG-->IS,TG-->IS,TG-->IS,TG-->IS,TG-->IS,TG-->IS,TG-->IS,TG-->IS,TG-->IS,TG-->IS,TG-->IS,TG-->IS,TG-->IS,TG-->IS,TG-->IS,TG-->IS,,,,,,,,,,,,,,,,,IS-->TG,IS-->TG,IS-->TG,IS-->TG,IS-->TG,IS-->TG,IS-->TG,IS-->TG,IS-->TG,IS-->TG,IS-->TG,IS-->TG,IS-->TG,IS-->TG,IS-->TG,IS-->TG,IS-->TG,IS-->TG,IS-->TG
TK,TKL,Tokelau,Fakaofo,Oceania,Polynesia,,TK-->IS,TK-->IS,TK-->IS,TK-->IS,TK-->IS,TK-->IS,TK-->IS,TK-->IS,TK-->IS,TK-->IS,TK-->IS,TK-->IS,TK-->IS,TK-->IS,TK-->IS,TK-->IS,TK-->IS,TK-->IS,TK-->IS,,,,,,,,,,,,,,,,,IS-->TK,IS-->TK,IS-->TK,IS-->TK,IS-->TK,IS-->TK,IS-->TK,IS-->TK,IS-->TK,IS-->TK,IS-->TK,IS-->TK,IS-->TK,IS-->TK,IS-->TK,IS-->TK,IS-->TK,IS-->TK,IS-->TK
TO,TON,Tonga,Nuku'alofa,Oceania,Polynesia,,TO-->IS,TO-->IS,TO-->IS,TO-->IS,TO-->IS,TO-->IS,TO-->IS,TO-->IS,TO-->IS,TO-->IS,TO-->IS,TO-->IS,TO-->IS,TO-->IS,TO-->IS,TO-->IS,TO-->IS,TO-->IS,TO-->IS,,,,,,,,,,,,,,,,,IS-->TO,IS-->TO,IS-->TO,IS-->TO,IS-->TO,IS-->TO,IS-->TO,IS-->TO,IS-->TO,IS-->TO,IS-->TO,IS-->TO,IS-->TO,IS-->TO,IS-->TO,IS-->TO,IS-->TO,IS-->TO,IS-->TO
TT,TTO,Trinidad and Tobago,Port of Spain,Americas,Caribbean,,TT-->IS,TT-->IS,TT-->IS,TT-->IS,TT-->IS,TT-->IS,TT-->IS,TT-->IS,TT-->IS,TT-->IS,TT-->IS,TT-->IS,TT-->IS,TT-->IS,TT-->IS,TT-->IS,TT-->IS,TT-->IS,TT-->IS,,,,,,,,,,,,,,,,,IS-->TT,IS-->TT,IS-->TT,IS-->TT,IS-->TT,IS-->TT,IS-->TT,IS-->TT,IS-->TT,IS-->TT,IS-->TT,IS-->TT,IS-->TT,IS-->TT,IS-->TT,IS-->TT,IS-->TT,IS-->TT,IS-->TT
TN,TUN,Tunisia,Tunis,Africa,Northern Africa,,TN-->IS,TN-->IS,TN-->IS,TN-->IS,TN-->IS,TN-->IS,TN-->IS,TN-->IS,TN-->IS,TN-->IS,TN-->IS,TN-->IS,TN-->IS,TN-->IS,TN-->IS,TN-->IS,TN-->IS,TN-->IS,TN-->IS,,,,,,,,,,,,,,,,,IS-->TN,IS-->TN,IS-->TN,IS-->TN,IS-->TN,IS-->TN,IS-->TN,IS-->TN,IS-->TN,IS-->TN,IS-->TN,IS-->TN,IS-->TN,IS-->TN,IS-->TN,IS-->TN,IS-->TN,IS-->TN,IS-->TN
TR,TUR,Turkey,Ankara,Asia,Western Asia,,TR-->IS,TR-->IS,TR-->IS,TR-->IS,TR-->IS,TR-->IS,TR-->IS,TR-->IS,TR-->IS,TR-->IS,TR-->IS,TR-->IS,TR-->IS,TR-->IS,TR-->IS,TR-->IS,TR-->IS,TR-->IS,TR-->IS,,,,,,,,,,,,,,,,,IS-->TR,IS-->TR,IS-->TR,IS-->TR,IS-->TR,IS-->TR,IS-->TR,IS-->TR,IS-->TR,IS-->TR,IS-->TR,IS-->TR,IS-->TR,IS-->TR,IS-->TR,IS-->TR,IS-->TR,IS-->TR,IS-->TR
TM,TKM,Turkmenistan,Ashgabat,Asia,Central Asia,,TM-->IS,TM-->IS,TM-->IS,TM-->IS,TM-->IS,TM-->IS,TM-->IS,TM-->IS,TM-->IS,TM-->IS,TM-->IS,TM-->IS,TM-->IS,TM-->IS,TM-->IS,TM-->IS,TM-->IS,TM-->IS,TM-->IS,,,,,,,,,,,,,,,,,IS-->TM,IS-->TM,IS-->TM,IS-->TM,IS-->TM,IS-->TM,IS-->TM,IS-->TM,IS-->TM,IS-->TM,IS-->TM,IS-->TM,IS-->TM,IS-->TM,IS-->TM,IS-->TM,IS-->TM,IS-->TM,IS-->TM
TC,TCA,Turks and Caicos Islands,Cockburn Town,Americas,Caribbean,,TC-->IS,TC-->IS,TC-->IS,TC-->IS,TC-->IS,TC-->IS,TC-->IS,TC-->IS,TC-->IS,TC-->IS,TC-->IS,TC-->IS,TC-->IS,TC-->IS,TC-->IS,TC-->IS,TC-->IS,TC-->IS,TC-->IS,,,,,,,,,,,,,,,,,IS-->TC,IS-->TC,IS-->TC,IS-->TC,IS-->TC,IS-->TC,IS-->TC,IS-->TC,IS-->TC,IS-->TC,IS-->TC,IS-->TC,IS-->TC,IS-->TC,IS-->TC,IS-->TC,IS-->TC,IS-->TC,IS-->TC
TV,TUV,Tuvalu,Funafuti,Oceania,Polynesia,,TV-->IS,TV-->IS,TV-->IS,TV-->IS,TV-->IS,TV-->IS,TV-->IS,TV-->IS,TV-->IS,TV-->IS,TV-->IS,TV-->IS,TV-->IS,TV-->IS,TV-->IS,TV-->IS,TV-->IS,TV-->IS,TV-->IS,,,,,,,,,,,,,,,,,IS-->TV,IS-->TV,IS-->TV,IS-->TV,IS-->TV,IS-->TV,IS-->TV,IS-->TV,IS-->TV,IS-->TV,IS-->TV,IS-->TV,IS-->TV,IS-->TV,IS-->TV,IS-->TV,IS-->TV,IS-->TV,IS-->TV
UG,UGA,Uganda,Kampala,Africa,Eastern Africa,,UG-->IS,UG-->IS,UG-->IS,UG-->IS,UG-->IS,UG-->IS,UG-->IS,UG-->IS,UG-->IS,UG-->IS,UG-->IS,UG-->IS,UG-->IS,UG-->IS,UG-->IS,UG-->IS,UG-->IS,UG-->IS,UG-->IS,,,,,,,,,,,,,,,,,IS-->UG,IS-->UG,IS-->UG,IS-->UG,IS-->UG,IS-->UG,IS-->UG,IS-->UG,IS-->UG,IS-->UG,IS-->UG,IS-->UG,IS-->UG,IS-->UG,IS-->UG,IS-->UG,IS-->UG,IS-->UG,IS-->UG
UA,UKR,Ukraine,Kiev,Europe,Eastern Europe,,UA-->IS,UA-->IS,UA-->IS,UA-->IS,UA-->IS,UA-->IS,UA-->IS,UA-->IS,UA-->IS,UA-->IS,UA-->IS,UA-->IS,UA-->IS,UA-->IS,UA-->IS,UA-->IS,UA-->IS,UA-->IS,UA-->IS,,,,,,,,,,,,,,,,,IS-->UA,IS-->UA,IS-->UA,IS-->UA,IS-->UA,IS-->UA,IS-->UA,IS-->UA,IS-->UA,IS-->UA,IS-->UA,IS-->UA,IS-->UA,IS-->UA,IS-->UA,IS-->UA,IS-->UA,IS-->UA,IS-->UA
AE,ARE,United Arab Emirates,Abu Dhabi,Asia,Western Asia,,AE-->IS,AE-->IS,AE-->IS,AE-->IS,AE-->IS,AE-->IS,AE-->IS,AE-->IS,AE-->IS,AE-->IS,AE-->IS,AE-->IS,AE-->IS,AE-->IS,AE-->IS,AE-->IS,AE-->IS,AE-->IS,AE-->IS,,,,,,,,,,,,,,,,,IS-->AE,IS-->AE,IS-->AE,IS-->AE,IS-->AE,IS-->AE,IS-->AE,IS-->AE,IS-->AE,IS-->AE,IS-->AE,IS-->AE,IS-->AE,IS-->AE,IS-->AE,IS-->AE,IS-->AE,IS-->AE,IS-->AE
GB,GBR,United Kingdom,London,Europe,Northern Europe,,GB-->IS,GB-->IS,GB-->IS,GB-->IS,GB-->IS,GB-->IS,GB-->IS,GB-->IS,GB-->IS,GB-->IS,GB-->IS,GB-->IS,GB-->IS,GB-->IS,GB-->IS,GB-->IS,GB-->IS,GB-->IS,GB-->IS,,,,,,,,,,,,,,,,,IS-->GB,IS-->GB,IS-->GB,IS-->GB,IS-->GB,IS-->GB,IS-->GB,IS-->GB,IS-->GB,IS-->GB,IS-->GB,IS-->GB,IS-->GB,IS-->GB,IS-->GB,IS-->GB,IS-->GB,IS-->GB,IS-->GB
US,USA,United States,"Washington, D.C.",Americas,Northern America,,US-->IS,US-->IS,US-->IS,US-->IS,US-->IS,US-->IS,US-->IS,US-->IS,US-->IS,US-->IS,US-->IS,US-->IS,US-->IS,US-->IS,US-->IS,US-->IS,US-->IS,US-->IS,US-->IS,,,,,,,,,,,,,,,,,IS-->US,IS-->US,IS-->US,IS-->US,IS-->US,IS-->US,IS-->US,IS-->US,IS-->US,IS-->US,IS-->US,IS-->US,IS-->US,IS-->US,IS-->US,IS-->US,IS-->US,IS-->US,IS-->US
UY,URY,Uruguay,Montevideo,Americas,South America,,UY-->IS,UY-->IS,UY-->IS,UY-->IS,UY-->IS,UY-->IS,UY-->IS,UY-->IS,UY-->IS,UY-->IS,UY-->IS,UY-->IS,UY-->IS,UY-->IS,UY-->IS,UY-->IS,UY-->IS,UY-->IS,UY-->IS,,,,,,,,,,,,,,,,,IS-->UY,IS-->UY,IS-->UY,IS-->UY,IS-->UY,IS-->UY,IS-->UY,IS-->UY,IS-->UY,IS-->UY,IS-->UY,IS-->UY,IS-->UY,IS-->UY,IS-->UY,IS-->UY,IS-->UY,IS-->UY,IS-->UY
UZ,UZB,Uzbekistan,Tashkent,Asia,Central Asia,,UZ-->IS,UZ-->IS,UZ-->IS,UZ-->IS,UZ-->IS,UZ-->IS,UZ-->IS,UZ-->IS,UZ-->IS,UZ-->IS,UZ-->IS,UZ-->IS,UZ-->IS,UZ-->IS,UZ-->IS,UZ-->IS,UZ-->IS,UZ-->IS,UZ-->IS,,,,,,,,,,,,,,,,,IS-->UZ,IS-->UZ,IS-->UZ,IS-->UZ,IS-->UZ,IS-->UZ,IS-->UZ,IS-->UZ,IS-->UZ,IS-->UZ,IS-->UZ,IS-->UZ,IS-->UZ,IS-->UZ,IS-->UZ,IS-->UZ,IS-->UZ,IS-->UZ,IS-->UZ
VU,VUT,Vanuatu,Port Vila,Oceania,Melanesia,,VU-->IS,VU-->IS,VU-->IS,VU-->IS,VU-->IS,VU-->IS,VU-->IS,VU-->IS,VU-->IS,VU-->IS,VU-->IS,VU-->IS,VU-->IS,VU-->IS,VU-->IS,VU-->IS,VU-->IS,VU-->IS,VU-->IS,,,,,,,,,,,,,,,,,IS-->VU,IS-->VU,IS-->VU,IS-->VU,IS-->VU,IS-->VU,IS-->VU,IS-->VU,IS-->VU,IS-->VU,IS-->VU,IS-->VU,IS-->VU,IS-->VU,IS-->VU,IS-->VU,IS-->VU,IS-->VU,IS-->VU
VE,VEN,Venezuela,Caracas,Americas,South America,,VE-->IS,VE-->IS,VE-->IS,VE-->IS,VE-->IS,VE-->IS,VE-->IS,VE-->IS,VE-->IS,VE-->IS,VE-->IS,VE-->IS,VE-->IS,VE-->IS,VE-->IS,VE-->IS,VE-->IS,VE-->IS,VE-->IS,,,,,,,,,,,,,,,,,IS-->VE,IS-->VE,IS-->VE,IS-->VE,IS-->VE,IS-->VE,IS-->VE,IS-->VE,IS-->VE,IS-->VE,IS-->VE,IS-->VE,IS-->VE,IS-->VE,IS-->VE,IS-->VE,IS-->VE,IS-->VE,IS-->VE
VN,VNM,Vietnam,Hanoi,Asia,South-Eastern Asia,,VN-->IS,VN-->IS,VN-->IS,VN-->IS,VN-->IS,VN-->IS,VN-->IS,VN-->IS,VN-->IS,VN-->IS,VN-->IS,VN-->IS,VN-->IS,VN-->IS,VN-->IS,VN-->IS,VN-->IS,VN-->IS,VN-->IS,,,,,,,,,,,,,,,,,IS-->VN,IS-->VN,IS-->VN,IS-->VN,IS-->VN,IS-->VN,IS-->VN,IS-->VN,IS-->VN,IS-->VN,IS-->VN,IS-->VN,IS-->VN,IS-->VN,IS-->VN,IS-->VN,IS-->VN,IS-->VN,IS-->VN
WF,WLF,Wallis and Futuna,Mata-Utu,Oceania,Polynesia,,WF-->IS,WF-->IS,WF-->IS,WF-->IS,WF-->IS,WF-->IS,WF-->IS,WF-->IS,WF-->IS,WF-->IS,WF-->IS,WF-->IS,WF-->IS,WF-->IS,WF-->IS,WF-->IS,WF-->IS,WF-->IS,WF-->IS,,,,,,,,,,,,,,,,,IS-->WF,IS-->WF,IS-->WF,IS-->WF,IS-->WF,IS-->WF,IS-->WF,IS-->WF,IS-->WF,IS-->WF,IS-->WF,IS-->WF,IS-->WF,IS-->WF,IS-->WF,IS-->WF,IS-->WF,IS-->WF,IS-->WF
EH,ESH,Western Sahara,El Aaiún,Africa,Northern Africa,,EH-->IS,EH-->IS,EH-->IS,EH-->IS,EH-->IS,EH-->IS,EH-->IS,EH-->IS,EH-->IS,EH-->IS,EH-->IS,EH-->IS,EH-->IS,EH-->IS,EH-->IS,EH-->IS,EH-->IS,EH-->IS,EH-->IS,,,,,,,,,,,,,,,,,IS-->EH,IS-->EH,IS-->EH,IS-->EH,IS-->EH,IS-->EH,IS-->EH,IS-->EH,IS-->EH,IS-->EH,IS-->EH,IS-->EH,IS-->EH,IS-->EH,IS-->EH,IS-->EH,IS-->EH,IS-->EH,IS-->EH
YE,YEM,Yemen,Sana'a,Asia,Western Asia,,YE-->IS,YE-->IS,YE-->IS,YE-->IS,YE-->IS,YE-->IS,YE-->IS,YE-->IS,YE-->IS,YE-->IS,YE-->IS,YE-->IS,YE-->IS,YE-->IS,YE-->IS,YE-->IS,YE-->IS,YE-->IS,YE-->IS,,,,,,,,,,,,,,,,,IS-->YE,IS-->YE,IS-->YE,IS-->YE,IS-->YE,IS-->YE,IS-->YE,IS-->YE,IS-->YE,IS-->YE,IS-->YE,IS-->YE,IS-->YE,IS-->YE,IS-->YE,IS-->YE,IS-->YE,IS-->YE,IS-->YE
ZM,ZMB,Zambia,Lusaka,Africa,Eastern Africa,,ZM-->IS,ZM-->IS,ZM-->IS,ZM-->IS,ZM-->IS,ZM-->IS,ZM-->IS,ZM-->IS,ZM-->IS,ZM-->IS,ZM-->IS,ZM-->IS,ZM-->IS,ZM-->IS,ZM-->IS,ZM-->IS,ZM-->IS,ZM-->IS,ZM-->IS,,,,,,,,,,,,,,,,,IS-->ZM,IS-->ZM,IS-->ZM,IS-->ZM,IS-->ZM,IS-->ZM,IS-->ZM,IS-->ZM,IS-->ZM,IS-->ZM,IS-->ZM,IS-->ZM,IS-->ZM,IS-->ZM,IS-->ZM,IS-->ZM,IS-->ZM,IS-->ZM,IS-->ZM
ZW,ZWE,Zimbabwe,Harare,Africa,Eastern Africa,,ZW-->IS,ZW-->IS,ZW-->IS,ZW-->IS,ZW-->IS,ZW-->IS,ZW-->IS,ZW-->IS,ZW-->IS,ZW-->IS,ZW-->IS,ZW-->IS,ZW-->IS,ZW-->IS,ZW-->IS,ZW-->IS,ZW-->IS,ZW-->IS,ZW-->IS,,,,,,,,,,,,,,,,,IS-->ZW,IS-->ZW,IS-->ZW,IS-->ZW,IS-->ZW,IS-->ZW,IS-->ZW,IS-->ZW,IS-->ZW,IS-->ZW,IS-->ZW,IS-->ZW,IS-->ZW,IS-->ZW,IS-->ZW,IS-->ZW,IS-->ZW,IS-->ZW,IS-->ZW
