nu,code,name,capital,region,subregion,Unnamed: 6,quara/into/where/e,quara/into/where/v,quara/into/where/uv,quara/into/min/e,quara/into/min/v,quara/into/min/uv,quara/into/max/e,quara/into/max/v,quara/into/max/uv,quara/into/comment,test/into/pcr/e,test/into/pcr/v,test/into/pcr/uv,test/into/ag/e,test/into/ag/v,test/into/ag/uv,test/into/comment,visa/into,visa/into/comment,loadStates/into,Unnamed: 27,Unnamed: 28,Unnamed: 29,Unnamed: 30,Unnamed: 31,Unnamed: 32,Unnamed: 33,Unnamed: 34,Unnamed: 35,Unnamed: 36,Unnamed: 37,Unnamed: 38,Unnamed: 39,Unnamed: 40,Unnamed: 41,quara/out/where/e,quara/out/where/v,quara/out/where/uv,quara/out/min/e,quara/out/min/v,quara/out/min/uv,quara/out/max/e,quara/out/max/v,quara/out/max/uv,quara/out/comment,test/out/pcr/e,test/out/pcr/v,test/out/pcr/uv,test/out/ag/e,test/out/ag/v,test/out/ag/uv,test/out/comment,visa/out,visa/out/comment
AF,AFG,Afghanistan,Kabul,Asia,Southern Asia,,AF-->NE,AF-->NE,AF-->NE,AF-->NE,AF-->NE,AF-->NE,AF-->NE,AF-->NE,AF-->NE,AF-->NE,AF-->NE,AF-->NE,AF-->NE,AF-->NE,AF-->NE,AF-->NE,AF-->NE,AF-->NE,AF-->NE,,,,,,,,,,,,,,,,,NE-->AF,NE-->AF,NE-->AF,NE-->AF,NE-->AF,NE-->AF,NE-->AF,NE-->AF,NE-->AF,NE-->AF,NE-->AF,NE-->AF,NE-->AF,NE-->AF,NE-->AF,NE-->AF,NE-->AF,NE-->AF,NE-->AF
AX,ALA,Åland Islands,Mariehamn,Europe,Northern Europe,,AX-->NE,AX-->NE,AX-->NE,AX-->NE,AX-->NE,AX-->NE,AX-->NE,AX-->NE,AX-->NE,AX-->NE,AX-->NE,AX-->NE,AX-->NE,AX-->NE,AX-->NE,AX-->NE,AX-->NE,AX-->NE,AX-->NE,,,,,,,,,,,,,,,,,NE-->AX,NE-->AX,NE-->AX,NE-->AX,NE-->AX,NE-->AX,NE-->AX,NE-->AX,NE-->AX,NE-->AX,NE-->AX,NE-->AX,NE-->AX,NE-->AX,NE-->AX,NE-->AX,NE-->AX,NE-->AX,NE-->AX
AL,ALB,Albania,Tirana,Europe,Southern Europe,,AL-->NE,AL-->NE,AL-->NE,AL-->NE,AL-->NE,AL-->NE,AL-->NE,AL-->NE,AL-->NE,AL-->NE,AL-->NE,AL-->NE,AL-->NE,AL-->NE,AL-->NE,AL-->NE,AL-->NE,AL-->NE,AL-->NE,,,,,,,,,,,,,,,,,NE-->AL,NE-->AL,NE-->AL,NE-->AL,NE-->AL,NE-->AL,NE-->AL,NE-->AL,NE-->AL,NE-->AL,NE-->AL,NE-->AL,NE-->AL,NE-->AL,NE-->AL,NE-->AL,NE-->AL,NE-->AL,NE-->AL
DZ,DZA,Algeria,Algiers,Africa,Northern Africa,,DZ-->NE,DZ-->NE,DZ-->NE,DZ-->NE,DZ-->NE,DZ-->NE,DZ-->NE,DZ-->NE,DZ-->NE,DZ-->NE,DZ-->NE,DZ-->NE,DZ-->NE,DZ-->NE,DZ-->NE,DZ-->NE,DZ-->NE,DZ-->NE,DZ-->NE,,,,,,,,,,,,,,,,,NE-->DZ,NE-->DZ,NE-->DZ,NE-->DZ,NE-->DZ,NE-->DZ,NE-->DZ,NE-->DZ,NE-->DZ,NE-->DZ,NE-->DZ,NE-->DZ,NE-->DZ,NE-->DZ,NE-->DZ,NE-->DZ,NE-->DZ,NE-->DZ,NE-->DZ
AS,ASM,American Samoa,Pago Pago,Oceania,Polynesia,,AS-->NE,AS-->NE,AS-->NE,AS-->NE,AS-->NE,AS-->NE,AS-->NE,AS-->NE,AS-->NE,AS-->NE,AS-->NE,AS-->NE,AS-->NE,AS-->NE,AS-->NE,AS-->NE,AS-->NE,AS-->NE,AS-->NE,,,,,,,,,,,,,,,,,NE-->AS,NE-->AS,NE-->AS,NE-->AS,NE-->AS,NE-->AS,NE-->AS,NE-->AS,NE-->AS,NE-->AS,NE-->AS,NE-->AS,NE-->AS,NE-->AS,NE-->AS,NE-->AS,NE-->AS,NE-->AS,NE-->AS
AD,AND,Andorra,Andorra la Vella,Europe,Southern Europe,,AD-->NE,AD-->NE,AD-->NE,AD-->NE,AD-->NE,AD-->NE,AD-->NE,AD-->NE,AD-->NE,AD-->NE,AD-->NE,AD-->NE,AD-->NE,AD-->NE,AD-->NE,AD-->NE,AD-->NE,AD-->NE,AD-->NE,,,,,,,,,,,,,,,,,NE-->AD,NE-->AD,NE-->AD,NE-->AD,NE-->AD,NE-->AD,NE-->AD,NE-->AD,NE-->AD,NE-->AD,NE-->AD,NE-->AD,NE-->AD,NE-->AD,NE-->AD,NE-->AD,NE-->AD,NE-->AD,NE-->AD
AO,AGO,Angola,Luanda,Africa,Middle Africa,,AO-->NE,AO-->NE,AO-->NE,AO-->NE,AO-->NE,AO-->NE,AO-->NE,AO-->NE,AO-->NE,AO-->NE,AO-->NE,AO-->NE,AO-->NE,AO-->NE,AO-->NE,AO-->NE,AO-->NE,AO-->NE,AO-->NE,,,,,,,,,,,,,,,,,NE-->AO,NE-->AO,NE-->AO,NE-->AO,NE-->AO,NE-->AO,NE-->AO,NE-->AO,NE-->AO,NE-->AO,NE-->AO,NE-->AO,NE-->AO,NE-->AO,NE-->AO,NE-->AO,NE-->AO,NE-->AO,NE-->AO
AI,AIA,Anguilla,The Valley,Americas,Caribbean,,AI-->NE,AI-->NE,AI-->NE,AI-->NE,AI-->NE,AI-->NE,AI-->NE,AI-->NE,AI-->NE,AI-->NE,AI-->NE,AI-->NE,AI-->NE,AI-->NE,AI-->NE,AI-->NE,AI-->NE,AI-->NE,AI-->NE,,,,,,,,,,,,,,,,,NE-->AI,NE-->AI,NE-->AI,NE-->AI,NE-->AI,NE-->AI,NE-->AI,NE-->AI,NE-->AI,NE-->AI,NE-->AI,NE-->AI,NE-->AI,NE-->AI,NE-->AI,NE-->AI,NE-->AI,NE-->AI,NE-->AI
AQ,ATA,Antarctica,,Polar,,,AQ-->NE,AQ-->NE,AQ-->NE,AQ-->NE,AQ-->NE,AQ-->NE,AQ-->NE,AQ-->NE,AQ-->NE,AQ-->NE,AQ-->NE,AQ-->NE,AQ-->NE,AQ-->NE,AQ-->NE,AQ-->NE,AQ-->NE,AQ-->NE,AQ-->NE,,,,,,,,,,,,,,,,,NE-->AQ,NE-->AQ,NE-->AQ,NE-->AQ,NE-->AQ,NE-->AQ,NE-->AQ,NE-->AQ,NE-->AQ,NE-->AQ,NE-->AQ,NE-->AQ,NE-->AQ,NE-->AQ,NE-->AQ,NE-->AQ,NE-->AQ,NE-->AQ,NE-->AQ
AG,ATG,Antigua and Barbuda,Saint John's,Americas,Caribbean,,AG-->NE,AG-->NE,AG-->NE,AG-->NE,AG-->NE,AG-->NE,AG-->NE,AG-->NE,AG-->NE,AG-->NE,AG-->NE,AG-->NE,AG-->NE,AG-->NE,AG-->NE,AG-->NE,AG-->NE,AG-->NE,AG-->NE,,,,,,,,,,,,,,,,,NE-->AG,NE-->AG,NE-->AG,NE-->AG,NE-->AG,NE-->AG,NE-->AG,NE-->AG,NE-->AG,NE-->AG,NE-->AG,NE-->AG,NE-->AG,NE-->AG,NE-->AG,NE-->AG,NE-->AG,NE-->AG,NE-->AG
AR,ARG,Argentina,Buenos Aires,Americas,South America,,AR-->NE,AR-->NE,AR-->NE,AR-->NE,AR-->NE,AR-->NE,AR-->NE,AR-->NE,AR-->NE,AR-->NE,AR-->NE,AR-->NE,AR-->NE,AR-->NE,AR-->NE,AR-->NE,AR-->NE,AR-->NE,AR-->NE,,,,,,,,,,,,,,,,,NE-->AR,NE-->AR,NE-->AR,NE-->AR,NE-->AR,NE-->AR,NE-->AR,NE-->AR,NE-->AR,NE-->AR,NE-->AR,NE-->AR,NE-->AR,NE-->AR,NE-->AR,NE-->AR,NE-->AR,NE-->AR,NE-->AR
AM,ARM,Armenia,Yerevan,Asia,Western Asia,,AM-->NE,AM-->NE,AM-->NE,AM-->NE,AM-->NE,AM-->NE,AM-->NE,AM-->NE,AM-->NE,AM-->NE,AM-->NE,AM-->NE,AM-->NE,AM-->NE,AM-->NE,AM-->NE,AM-->NE,AM-->NE,AM-->NE,,,,,,,,,,,,,,,,,NE-->AM,NE-->AM,NE-->AM,NE-->AM,NE-->AM,NE-->AM,NE-->AM,NE-->AM,NE-->AM,NE-->AM,NE-->AM,NE-->AM,NE-->AM,NE-->AM,NE-->AM,NE-->AM,NE-->AM,NE-->AM,NE-->AM
AW,ABW,Aruba,Oranjestad,Americas,Caribbean,,AW-->NE,AW-->NE,AW-->NE,AW-->NE,AW-->NE,AW-->NE,AW-->NE,AW-->NE,AW-->NE,AW-->NE,AW-->NE,AW-->NE,AW-->NE,AW-->NE,AW-->NE,AW-->NE,AW-->NE,AW-->NE,AW-->NE,,,,,,,,,,,,,,,,,NE-->AW,NE-->AW,NE-->AW,NE-->AW,NE-->AW,NE-->AW,NE-->AW,NE-->AW,NE-->AW,NE-->AW,NE-->AW,NE-->AW,NE-->AW,NE-->AW,NE-->AW,NE-->AW,NE-->AW,NE-->AW,NE-->AW
AU,AUS,Australia,Canberra,Oceania,Australia and New Zealand,,AU-->NE,AU-->NE,AU-->NE,AU-->NE,AU-->NE,AU-->NE,AU-->NE,AU-->NE,AU-->NE,AU-->NE,AU-->NE,AU-->NE,AU-->NE,AU-->NE,AU-->NE,AU-->NE,AU-->NE,AU-->NE,AU-->NE,,,,,,,,,,,,,,,,,NE-->AU,NE-->AU,NE-->AU,NE-->AU,NE-->AU,NE-->AU,NE-->AU,NE-->AU,NE-->AU,NE-->AU,NE-->AU,NE-->AU,NE-->AU,NE-->AU,NE-->AU,NE-->AU,NE-->AU,NE-->AU,NE-->AU
AT,AUT,Austria,Vienna,Europe,Western Europe,,AT-->NE,AT-->NE,AT-->NE,AT-->NE,AT-->NE,AT-->NE,AT-->NE,AT-->NE,AT-->NE,AT-->NE,AT-->NE,AT-->NE,AT-->NE,AT-->NE,AT-->NE,AT-->NE,AT-->NE,AT-->NE,AT-->NE,,,,,,,,,,,,,,,,,NE-->AT,NE-->AT,NE-->AT,NE-->AT,NE-->AT,NE-->AT,NE-->AT,NE-->AT,NE-->AT,NE-->AT,NE-->AT,NE-->AT,NE-->AT,NE-->AT,NE-->AT,NE-->AT,NE-->AT,NE-->AT,NE-->AT
AZ,AZE,Azerbaijan,Baku,Asia,Western Asia,,AZ-->NE,AZ-->NE,AZ-->NE,AZ-->NE,AZ-->NE,AZ-->NE,AZ-->NE,AZ-->NE,AZ-->NE,AZ-->NE,AZ-->NE,AZ-->NE,AZ-->NE,AZ-->NE,AZ-->NE,AZ-->NE,AZ-->NE,AZ-->NE,AZ-->NE,,,,,,,,,,,,,,,,,NE-->AZ,NE-->AZ,NE-->AZ,NE-->AZ,NE-->AZ,NE-->AZ,NE-->AZ,NE-->AZ,NE-->AZ,NE-->AZ,NE-->AZ,NE-->AZ,NE-->AZ,NE-->AZ,NE-->AZ,NE-->AZ,NE-->AZ,NE-->AZ,NE-->AZ
BS,BHS,The Bahamas,Nassau,Americas,Caribbean,,BS-->NE,BS-->NE,BS-->NE,BS-->NE,BS-->NE,BS-->NE,BS-->NE,BS-->NE,BS-->NE,BS-->NE,BS-->NE,BS-->NE,BS-->NE,BS-->NE,BS-->NE,BS-->NE,BS-->NE,BS-->NE,BS-->NE,,,,,,,,,,,,,,,,,NE-->BS,NE-->BS,NE-->BS,NE-->BS,NE-->BS,NE-->BS,NE-->BS,NE-->BS,NE-->BS,NE-->BS,NE-->BS,NE-->BS,NE-->BS,NE-->BS,NE-->BS,NE-->BS,NE-->BS,NE-->BS,NE-->BS
BH,BHR,Bahrain,Manama,Asia,Western Asia,,BH-->NE,BH-->NE,BH-->NE,BH-->NE,BH-->NE,BH-->NE,BH-->NE,BH-->NE,BH-->NE,BH-->NE,BH-->NE,BH-->NE,BH-->NE,BH-->NE,BH-->NE,BH-->NE,BH-->NE,BH-->NE,BH-->NE,,,,,,,,,,,,,,,,,NE-->BH,NE-->BH,NE-->BH,NE-->BH,NE-->BH,NE-->BH,NE-->BH,NE-->BH,NE-->BH,NE-->BH,NE-->BH,NE-->BH,NE-->BH,NE-->BH,NE-->BH,NE-->BH,NE-->BH,NE-->BH,NE-->BH
BD,BGD,Bangladesh,Dhaka,Asia,Southern Asia,,BD-->NE,BD-->NE,BD-->NE,BD-->NE,BD-->NE,BD-->NE,BD-->NE,BD-->NE,BD-->NE,BD-->NE,BD-->NE,BD-->NE,BD-->NE,BD-->NE,BD-->NE,BD-->NE,BD-->NE,BD-->NE,BD-->NE,,,,,,,,,,,,,,,,,NE-->BD,NE-->BD,NE-->BD,NE-->BD,NE-->BD,NE-->BD,NE-->BD,NE-->BD,NE-->BD,NE-->BD,NE-->BD,NE-->BD,NE-->BD,NE-->BD,NE-->BD,NE-->BD,NE-->BD,NE-->BD,NE-->BD
BB,BRB,Barbados,Bridgetown,Americas,Caribbean,,BB-->NE,BB-->NE,BB-->NE,BB-->NE,BB-->NE,BB-->NE,BB-->NE,BB-->NE,BB-->NE,BB-->NE,BB-->NE,BB-->NE,BB-->NE,BB-->NE,BB-->NE,BB-->NE,BB-->NE,BB-->NE,BB-->NE,,,,,,,,,,,,,,,,,NE-->BB,NE-->BB,NE-->BB,NE-->BB,NE-->BB,NE-->BB,NE-->BB,NE-->BB,NE-->BB,NE-->BB,NE-->BB,NE-->BB,NE-->BB,NE-->BB,NE-->BB,NE-->BB,NE-->BB,NE-->BB,NE-->BB
BY,BLR,Belarus,Minsk,Europe,Eastern Europe,,BY-->NE,BY-->NE,BY-->NE,BY-->NE,BY-->NE,BY-->NE,BY-->NE,BY-->NE,BY-->NE,BY-->NE,BY-->NE,BY-->NE,BY-->NE,BY-->NE,BY-->NE,BY-->NE,BY-->NE,BY-->NE,BY-->NE,,,,,,,,,,,,,,,,,NE-->BY,NE-->BY,NE-->BY,NE-->BY,NE-->BY,NE-->BY,NE-->BY,NE-->BY,NE-->BY,NE-->BY,NE-->BY,NE-->BY,NE-->BY,NE-->BY,NE-->BY,NE-->BY,NE-->BY,NE-->BY,NE-->BY
BE,BEL,Belgium,Brussels,Europe,Western Europe,,BE-->NE,BE-->NE,BE-->NE,BE-->NE,BE-->NE,BE-->NE,BE-->NE,BE-->NE,BE-->NE,BE-->NE,BE-->NE,BE-->NE,BE-->NE,BE-->NE,BE-->NE,BE-->NE,BE-->NE,BE-->NE,BE-->NE,,,,,,,,,,,,,,,,,NE-->BE,NE-->BE,NE-->BE,NE-->BE,NE-->BE,NE-->BE,NE-->BE,NE-->BE,NE-->BE,NE-->BE,NE-->BE,NE-->BE,NE-->BE,NE-->BE,NE-->BE,NE-->BE,NE-->BE,NE-->BE,NE-->BE
BZ,BLZ,Belize,Belmopan,Americas,Central America,,BZ-->NE,BZ-->NE,BZ-->NE,BZ-->NE,BZ-->NE,BZ-->NE,BZ-->NE,BZ-->NE,BZ-->NE,BZ-->NE,BZ-->NE,BZ-->NE,BZ-->NE,BZ-->NE,BZ-->NE,BZ-->NE,BZ-->NE,BZ-->NE,BZ-->NE,,,,,,,,,,,,,,,,,NE-->BZ,NE-->BZ,NE-->BZ,NE-->BZ,NE-->BZ,NE-->BZ,NE-->BZ,NE-->BZ,NE-->BZ,NE-->BZ,NE-->BZ,NE-->BZ,NE-->BZ,NE-->BZ,NE-->BZ,NE-->BZ,NE-->BZ,NE-->BZ,NE-->BZ
BJ,BEN,Benin,Porto-Novo,Africa,Western Africa,,BJ-->NE,BJ-->NE,BJ-->NE,BJ-->NE,BJ-->NE,BJ-->NE,BJ-->NE,BJ-->NE,BJ-->NE,BJ-->NE,BJ-->NE,BJ-->NE,BJ-->NE,BJ-->NE,BJ-->NE,BJ-->NE,BJ-->NE,BJ-->NE,BJ-->NE,,,,,,,,,,,,,,,,,NE-->BJ,NE-->BJ,NE-->BJ,NE-->BJ,NE-->BJ,NE-->BJ,NE-->BJ,NE-->BJ,NE-->BJ,NE-->BJ,NE-->BJ,NE-->BJ,NE-->BJ,NE-->BJ,NE-->BJ,NE-->BJ,NE-->BJ,NE-->BJ,NE-->BJ
BM,BMU,Bermuda,Hamilton,Americas,Northern America,,BM-->NE,BM-->NE,BM-->NE,BM-->NE,BM-->NE,BM-->NE,BM-->NE,BM-->NE,BM-->NE,BM-->NE,BM-->NE,BM-->NE,BM-->NE,BM-->NE,BM-->NE,BM-->NE,BM-->NE,BM-->NE,BM-->NE,,,,,,,,,,,,,,,,,NE-->BM,NE-->BM,NE-->BM,NE-->BM,NE-->BM,NE-->BM,NE-->BM,NE-->BM,NE-->BM,NE-->BM,NE-->BM,NE-->BM,NE-->BM,NE-->BM,NE-->BM,NE-->BM,NE-->BM,NE-->BM,NE-->BM
BT,BTN,Bhutan,Thimphu,Asia,Southern Asia,,BT-->NE,BT-->NE,BT-->NE,BT-->NE,BT-->NE,BT-->NE,BT-->NE,BT-->NE,BT-->NE,BT-->NE,BT-->NE,BT-->NE,BT-->NE,BT-->NE,BT-->NE,BT-->NE,BT-->NE,BT-->NE,BT-->NE,,,,,,,,,,,,,,,,,NE-->BT,NE-->BT,NE-->BT,NE-->BT,NE-->BT,NE-->BT,NE-->BT,NE-->BT,NE-->BT,NE-->BT,NE-->BT,NE-->BT,NE-->BT,NE-->BT,NE-->BT,NE-->BT,NE-->BT,NE-->BT,NE-->BT
BO,BOL,Bolivia,Sucre,Americas,South America,,BO-->NE,BO-->NE,BO-->NE,BO-->NE,BO-->NE,BO-->NE,BO-->NE,BO-->NE,BO-->NE,BO-->NE,BO-->NE,BO-->NE,BO-->NE,BO-->NE,BO-->NE,BO-->NE,BO-->NE,BO-->NE,BO-->NE,,,,,,,,,,,,,,,,,NE-->BO,NE-->BO,NE-->BO,NE-->BO,NE-->BO,NE-->BO,NE-->BO,NE-->BO,NE-->BO,NE-->BO,NE-->BO,NE-->BO,NE-->BO,NE-->BO,NE-->BO,NE-->BO,NE-->BO,NE-->BO,NE-->BO
BQ,BES,Bonaire,Kralendijk,Americas,Caribbean,,BQ-->NE,BQ-->NE,BQ-->NE,BQ-->NE,BQ-->NE,BQ-->NE,BQ-->NE,BQ-->NE,BQ-->NE,BQ-->NE,BQ-->NE,BQ-->NE,BQ-->NE,BQ-->NE,BQ-->NE,BQ-->NE,BQ-->NE,BQ-->NE,BQ-->NE,,,,,,,,,,,,,,,,,NE-->BQ,NE-->BQ,NE-->BQ,NE-->BQ,NE-->BQ,NE-->BQ,NE-->BQ,NE-->BQ,NE-->BQ,NE-->BQ,NE-->BQ,NE-->BQ,NE-->BQ,NE-->BQ,NE-->BQ,NE-->BQ,NE-->BQ,NE-->BQ,NE-->BQ
BA,BIH,Bosnia and Herzegovina,Sarajevo,Europe,Southern Europe,,BA-->NE,BA-->NE,BA-->NE,BA-->NE,BA-->NE,BA-->NE,BA-->NE,BA-->NE,BA-->NE,BA-->NE,BA-->NE,BA-->NE,BA-->NE,BA-->NE,BA-->NE,BA-->NE,BA-->NE,BA-->NE,BA-->NE,,,,,,,,,,,,,,,,,NE-->BA,NE-->BA,NE-->BA,NE-->BA,NE-->BA,NE-->BA,NE-->BA,NE-->BA,NE-->BA,NE-->BA,NE-->BA,NE-->BA,NE-->BA,NE-->BA,NE-->BA,NE-->BA,NE-->BA,NE-->BA,NE-->BA
BW,BWA,Botswana,Gaborone,Africa,Southern Africa,,BW-->NE,BW-->NE,BW-->NE,BW-->NE,BW-->NE,BW-->NE,BW-->NE,BW-->NE,BW-->NE,BW-->NE,BW-->NE,BW-->NE,BW-->NE,BW-->NE,BW-->NE,BW-->NE,BW-->NE,BW-->NE,BW-->NE,,,,,,,,,,,,,,,,,NE-->BW,NE-->BW,NE-->BW,NE-->BW,NE-->BW,NE-->BW,NE-->BW,NE-->BW,NE-->BW,NE-->BW,NE-->BW,NE-->BW,NE-->BW,NE-->BW,NE-->BW,NE-->BW,NE-->BW,NE-->BW,NE-->BW
BV,BVT,Bouvet Island,,,,,BV-->NE,BV-->NE,BV-->NE,BV-->NE,BV-->NE,BV-->NE,BV-->NE,BV-->NE,BV-->NE,BV-->NE,BV-->NE,BV-->NE,BV-->NE,BV-->NE,BV-->NE,BV-->NE,BV-->NE,BV-->NE,BV-->NE,,,,,,,,,,,,,,,,,NE-->BV,NE-->BV,NE-->BV,NE-->BV,NE-->BV,NE-->BV,NE-->BV,NE-->BV,NE-->BV,NE-->BV,NE-->BV,NE-->BV,NE-->BV,NE-->BV,NE-->BV,NE-->BV,NE-->BV,NE-->BV,NE-->BV
BR,BRA,Brazil,Brasília,Americas,South America,,BR-->NE,BR-->NE,BR-->NE,BR-->NE,BR-->NE,BR-->NE,BR-->NE,BR-->NE,BR-->NE,BR-->NE,BR-->NE,BR-->NE,BR-->NE,BR-->NE,BR-->NE,BR-->NE,BR-->NE,BR-->NE,BR-->NE,,,,,,,,,,,,,,,,,NE-->BR,NE-->BR,NE-->BR,NE-->BR,NE-->BR,NE-->BR,NE-->BR,NE-->BR,NE-->BR,NE-->BR,NE-->BR,NE-->BR,NE-->BR,NE-->BR,NE-->BR,NE-->BR,NE-->BR,NE-->BR,NE-->BR
IO,IOT,British Indian Ocean Territory,Diego Garcia,Africa,Eastern Africa,,IO-->NE,IO-->NE,IO-->NE,IO-->NE,IO-->NE,IO-->NE,IO-->NE,IO-->NE,IO-->NE,IO-->NE,IO-->NE,IO-->NE,IO-->NE,IO-->NE,IO-->NE,IO-->NE,IO-->NE,IO-->NE,IO-->NE,,,,,,,,,,,,,,,,,NE-->IO,NE-->IO,NE-->IO,NE-->IO,NE-->IO,NE-->IO,NE-->IO,NE-->IO,NE-->IO,NE-->IO,NE-->IO,NE-->IO,NE-->IO,NE-->IO,NE-->IO,NE-->IO,NE-->IO,NE-->IO,NE-->IO
UM,UMI,United States Minor Outlying Islands,,Americas,Northern America,,UM-->NE,UM-->NE,UM-->NE,UM-->NE,UM-->NE,UM-->NE,UM-->NE,UM-->NE,UM-->NE,UM-->NE,UM-->NE,UM-->NE,UM-->NE,UM-->NE,UM-->NE,UM-->NE,UM-->NE,UM-->NE,UM-->NE,,,,,,,,,,,,,,,,,NE-->UM,NE-->UM,NE-->UM,NE-->UM,NE-->UM,NE-->UM,NE-->UM,NE-->UM,NE-->UM,NE-->UM,NE-->UM,NE-->UM,NE-->UM,NE-->UM,NE-->UM,NE-->UM,NE-->UM,NE-->UM,NE-->UM
VG,VGB,Virgin Islands (British),Road Town,Americas,Caribbean,,VG-->NE,VG-->NE,VG-->NE,VG-->NE,VG-->NE,VG-->NE,VG-->NE,VG-->NE,VG-->NE,VG-->NE,VG-->NE,VG-->NE,VG-->NE,VG-->NE,VG-->NE,VG-->NE,VG-->NE,VG-->NE,VG-->NE,,,,,,,,,,,,,,,,,NE-->VG,NE-->VG,NE-->VG,NE-->VG,NE-->VG,NE-->VG,NE-->VG,NE-->VG,NE-->VG,NE-->VG,NE-->VG,NE-->VG,NE-->VG,NE-->VG,NE-->VG,NE-->VG,NE-->VG,NE-->VG,NE-->VG
VI,VIR,Virgin Islands (U.S.),Charlotte Amalie,Americas,Caribbean,,VI-->NE,VI-->NE,VI-->NE,VI-->NE,VI-->NE,VI-->NE,VI-->NE,VI-->NE,VI-->NE,VI-->NE,VI-->NE,VI-->NE,VI-->NE,VI-->NE,VI-->NE,VI-->NE,VI-->NE,VI-->NE,VI-->NE,,,,,,,,,,,,,,,,,NE-->VI,NE-->VI,NE-->VI,NE-->VI,NE-->VI,NE-->VI,NE-->VI,NE-->VI,NE-->VI,NE-->VI,NE-->VI,NE-->VI,NE-->VI,NE-->VI,NE-->VI,NE-->VI,NE-->VI,NE-->VI,NE-->VI
BN,BRN,Brunei,Bandar Seri Begawan,Asia,South-Eastern Asia,,BN-->NE,BN-->NE,BN-->NE,BN-->NE,BN-->NE,BN-->NE,BN-->NE,BN-->NE,BN-->NE,BN-->NE,BN-->NE,BN-->NE,BN-->NE,BN-->NE,BN-->NE,BN-->NE,BN-->NE,BN-->NE,BN-->NE,,,,,,,,,,,,,,,,,NE-->BN,NE-->BN,NE-->BN,NE-->BN,NE-->BN,NE-->BN,NE-->BN,NE-->BN,NE-->BN,NE-->BN,NE-->BN,NE-->BN,NE-->BN,NE-->BN,NE-->BN,NE-->BN,NE-->BN,NE-->BN,NE-->BN
BG,BGR,Bulgaria,Sofia,Europe,Eastern Europe,,BG-->NE,BG-->NE,BG-->NE,BG-->NE,BG-->NE,BG-->NE,BG-->NE,BG-->NE,BG-->NE,BG-->NE,BG-->NE,BG-->NE,BG-->NE,BG-->NE,BG-->NE,BG-->NE,BG-->NE,BG-->NE,BG-->NE,,,,,,,,,,,,,,,,,NE-->BG,NE-->BG,NE-->BG,NE-->BG,NE-->BG,NE-->BG,NE-->BG,NE-->BG,NE-->BG,NE-->BG,NE-->BG,NE-->BG,NE-->BG,NE-->BG,NE-->BG,NE-->BG,NE-->BG,NE-->BG,NE-->BG
BF,BFA,Burkina Faso,Ouagadougou,Africa,Western Africa,,BF-->NE,BF-->NE,BF-->NE,BF-->NE,BF-->NE,BF-->NE,BF-->NE,BF-->NE,BF-->NE,BF-->NE,BF-->NE,BF-->NE,BF-->NE,BF-->NE,BF-->NE,BF-->NE,BF-->NE,BF-->NE,BF-->NE,,,,,,,,,,,,,,,,,NE-->BF,NE-->BF,NE-->BF,NE-->BF,NE-->BF,NE-->BF,NE-->BF,NE-->BF,NE-->BF,NE-->BF,NE-->BF,NE-->BF,NE-->BF,NE-->BF,NE-->BF,NE-->BF,NE-->BF,NE-->BF,NE-->BF
BI,BDI,Burundi,Bujumbura,Africa,Eastern Africa,,BI-->NE,BI-->NE,BI-->NE,BI-->NE,BI-->NE,BI-->NE,BI-->NE,BI-->NE,BI-->NE,BI-->NE,BI-->NE,BI-->NE,BI-->NE,BI-->NE,BI-->NE,BI-->NE,BI-->NE,BI-->NE,BI-->NE,,,,,,,,,,,,,,,,,NE-->BI,NE-->BI,NE-->BI,NE-->BI,NE-->BI,NE-->BI,NE-->BI,NE-->BI,NE-->BI,NE-->BI,NE-->BI,NE-->BI,NE-->BI,NE-->BI,NE-->BI,NE-->BI,NE-->BI,NE-->BI,NE-->BI
KH,KHM,Cambodia,Phnom Penh,Asia,South-Eastern Asia,,KH-->NE,KH-->NE,KH-->NE,KH-->NE,KH-->NE,KH-->NE,KH-->NE,KH-->NE,KH-->NE,KH-->NE,KH-->NE,KH-->NE,KH-->NE,KH-->NE,KH-->NE,KH-->NE,KH-->NE,KH-->NE,KH-->NE,,,,,,,,,,,,,,,,,NE-->KH,NE-->KH,NE-->KH,NE-->KH,NE-->KH,NE-->KH,NE-->KH,NE-->KH,NE-->KH,NE-->KH,NE-->KH,NE-->KH,NE-->KH,NE-->KH,NE-->KH,NE-->KH,NE-->KH,NE-->KH,NE-->KH
CM,CMR,Cameroon,Yaoundé,Africa,Middle Africa,,CM-->NE,CM-->NE,CM-->NE,CM-->NE,CM-->NE,CM-->NE,CM-->NE,CM-->NE,CM-->NE,CM-->NE,CM-->NE,CM-->NE,CM-->NE,CM-->NE,CM-->NE,CM-->NE,CM-->NE,CM-->NE,CM-->NE,,,,,,,,,,,,,,,,,NE-->CM,NE-->CM,NE-->CM,NE-->CM,NE-->CM,NE-->CM,NE-->CM,NE-->CM,NE-->CM,NE-->CM,NE-->CM,NE-->CM,NE-->CM,NE-->CM,NE-->CM,NE-->CM,NE-->CM,NE-->CM,NE-->CM
CA,CAN,Canada,Ottawa,Americas,Northern America,,CA-->NE,CA-->NE,CA-->NE,CA-->NE,CA-->NE,CA-->NE,CA-->NE,CA-->NE,CA-->NE,CA-->NE,CA-->NE,CA-->NE,CA-->NE,CA-->NE,CA-->NE,CA-->NE,CA-->NE,CA-->NE,CA-->NE,,,,,,,,,,,,,,,,,NE-->CA,NE-->CA,NE-->CA,NE-->CA,NE-->CA,NE-->CA,NE-->CA,NE-->CA,NE-->CA,NE-->CA,NE-->CA,NE-->CA,NE-->CA,NE-->CA,NE-->CA,NE-->CA,NE-->CA,NE-->CA,NE-->CA
CV,CPV,Cape Verde,Praia,Africa,Western Africa,,CV-->NE,CV-->NE,CV-->NE,CV-->NE,CV-->NE,CV-->NE,CV-->NE,CV-->NE,CV-->NE,CV-->NE,CV-->NE,CV-->NE,CV-->NE,CV-->NE,CV-->NE,CV-->NE,CV-->NE,CV-->NE,CV-->NE,,,,,,,,,,,,,,,,,NE-->CV,NE-->CV,NE-->CV,NE-->CV,NE-->CV,NE-->CV,NE-->CV,NE-->CV,NE-->CV,NE-->CV,NE-->CV,NE-->CV,NE-->CV,NE-->CV,NE-->CV,NE-->CV,NE-->CV,NE-->CV,NE-->CV
KY,CYM,Cayman Islands,George Town,Americas,Caribbean,,KY-->NE,KY-->NE,KY-->NE,KY-->NE,KY-->NE,KY-->NE,KY-->NE,KY-->NE,KY-->NE,KY-->NE,KY-->NE,KY-->NE,KY-->NE,KY-->NE,KY-->NE,KY-->NE,KY-->NE,KY-->NE,KY-->NE,,,,,,,,,,,,,,,,,NE-->KY,NE-->KY,NE-->KY,NE-->KY,NE-->KY,NE-->KY,NE-->KY,NE-->KY,NE-->KY,NE-->KY,NE-->KY,NE-->KY,NE-->KY,NE-->KY,NE-->KY,NE-->KY,NE-->KY,NE-->KY,NE-->KY
CF,CAF,Central African Republic,Bangui,Africa,Middle Africa,,CF-->NE,CF-->NE,CF-->NE,CF-->NE,CF-->NE,CF-->NE,CF-->NE,CF-->NE,CF-->NE,CF-->NE,CF-->NE,CF-->NE,CF-->NE,CF-->NE,CF-->NE,CF-->NE,CF-->NE,CF-->NE,CF-->NE,,,,,,,,,,,,,,,,,NE-->CF,NE-->CF,NE-->CF,NE-->CF,NE-->CF,NE-->CF,NE-->CF,NE-->CF,NE-->CF,NE-->CF,NE-->CF,NE-->CF,NE-->CF,NE-->CF,NE-->CF,NE-->CF,NE-->CF,NE-->CF,NE-->CF
TD,TCD,Chad,N'Djamena,Africa,Middle Africa,,TD-->NE,TD-->NE,TD-->NE,TD-->NE,TD-->NE,TD-->NE,TD-->NE,TD-->NE,TD-->NE,TD-->NE,TD-->NE,TD-->NE,TD-->NE,TD-->NE,TD-->NE,TD-->NE,TD-->NE,TD-->NE,TD-->NE,,,,,,,,,,,,,,,,,NE-->TD,NE-->TD,NE-->TD,NE-->TD,NE-->TD,NE-->TD,NE-->TD,NE-->TD,NE-->TD,NE-->TD,NE-->TD,NE-->TD,NE-->TD,NE-->TD,NE-->TD,NE-->TD,NE-->TD,NE-->TD,NE-->TD
CL,CHL,Chile,Santiago,Americas,South America,,CL-->NE,CL-->NE,CL-->NE,CL-->NE,CL-->NE,CL-->NE,CL-->NE,CL-->NE,CL-->NE,CL-->NE,CL-->NE,CL-->NE,CL-->NE,CL-->NE,CL-->NE,CL-->NE,CL-->NE,CL-->NE,CL-->NE,,,,,,,,,,,,,,,,,NE-->CL,NE-->CL,NE-->CL,NE-->CL,NE-->CL,NE-->CL,NE-->CL,NE-->CL,NE-->CL,NE-->CL,NE-->CL,NE-->CL,NE-->CL,NE-->CL,NE-->CL,NE-->CL,NE-->CL,NE-->CL,NE-->CL
CN,CHN,China,Beijing,Asia,Eastern Asia,,CN-->NE,CN-->NE,CN-->NE,CN-->NE,CN-->NE,CN-->NE,CN-->NE,CN-->NE,CN-->NE,CN-->NE,CN-->NE,CN-->NE,CN-->NE,CN-->NE,CN-->NE,CN-->NE,CN-->NE,CN-->NE,CN-->NE,,,,,,,,,,,,,,,,,NE-->CN,NE-->CN,NE-->CN,NE-->CN,NE-->CN,NE-->CN,NE-->CN,NE-->CN,NE-->CN,NE-->CN,NE-->CN,NE-->CN,NE-->CN,NE-->CN,NE-->CN,NE-->CN,NE-->CN,NE-->CN,NE-->CN
CX,CXR,Christmas Island,Flying Fish Cove,Oceania,Australia and New Zealand,,CX-->NE,CX-->NE,CX-->NE,CX-->NE,CX-->NE,CX-->NE,CX-->NE,CX-->NE,CX-->NE,CX-->NE,CX-->NE,CX-->NE,CX-->NE,CX-->NE,CX-->NE,CX-->NE,CX-->NE,CX-->NE,CX-->NE,,,,,,,,,,,,,,,,,NE-->CX,NE-->CX,NE-->CX,NE-->CX,NE-->CX,NE-->CX,NE-->CX,NE-->CX,NE-->CX,NE-->CX,NE-->CX,NE-->CX,NE-->CX,NE-->CX,NE-->CX,NE-->CX,NE-->CX,NE-->CX,NE-->CX
CC,CCK,Cocos (Keeling) Islands,West Island,Oceania,Australia and New Zealand,,CC-->NE,CC-->NE,CC-->NE,CC-->NE,CC-->NE,CC-->NE,CC-->NE,CC-->NE,CC-->NE,CC-->NE,CC-->NE,CC-->NE,CC-->NE,CC-->NE,CC-->NE,CC-->NE,CC-->NE,CC-->NE,CC-->NE,,,,,,,,,,,,,,,,,NE-->CC,NE-->CC,NE-->CC,NE-->CC,NE-->CC,NE-->CC,NE-->CC,NE-->CC,NE-->CC,NE-->CC,NE-->CC,NE-->CC,NE-->CC,NE-->CC,NE-->CC,NE-->CC,NE-->CC,NE-->CC,NE-->CC
CO,COL,Colombia,Bogotá,Americas,South America,,CO-->NE,CO-->NE,CO-->NE,CO-->NE,CO-->NE,CO-->NE,CO-->NE,CO-->NE,CO-->NE,CO-->NE,CO-->NE,CO-->NE,CO-->NE,CO-->NE,CO-->NE,CO-->NE,CO-->NE,CO-->NE,CO-->NE,,,,,,,,,,,,,,,,,NE-->CO,NE-->CO,NE-->CO,NE-->CO,NE-->CO,NE-->CO,NE-->CO,NE-->CO,NE-->CO,NE-->CO,NE-->CO,NE-->CO,NE-->CO,NE-->CO,NE-->CO,NE-->CO,NE-->CO,NE-->CO,NE-->CO
KM,COM,Comoros,Moroni,Africa,Eastern Africa,,KM-->NE,KM-->NE,KM-->NE,KM-->NE,KM-->NE,KM-->NE,KM-->NE,KM-->NE,KM-->NE,KM-->NE,KM-->NE,KM-->NE,KM-->NE,KM-->NE,KM-->NE,KM-->NE,KM-->NE,KM-->NE,KM-->NE,,,,,,,,,,,,,,,,,NE-->KM,NE-->KM,NE-->KM,NE-->KM,NE-->KM,NE-->KM,NE-->KM,NE-->KM,NE-->KM,NE-->KM,NE-->KM,NE-->KM,NE-->KM,NE-->KM,NE-->KM,NE-->KM,NE-->KM,NE-->KM,NE-->KM
CG,COG,Republic of the Congo,Brazzaville,Africa,Middle Africa,,CG-->NE,CG-->NE,CG-->NE,CG-->NE,CG-->NE,CG-->NE,CG-->NE,CG-->NE,CG-->NE,CG-->NE,CG-->NE,CG-->NE,CG-->NE,CG-->NE,CG-->NE,CG-->NE,CG-->NE,CG-->NE,CG-->NE,,,,,,,,,,,,,,,,,NE-->CG,NE-->CG,NE-->CG,NE-->CG,NE-->CG,NE-->CG,NE-->CG,NE-->CG,NE-->CG,NE-->CG,NE-->CG,NE-->CG,NE-->CG,NE-->CG,NE-->CG,NE-->CG,NE-->CG,NE-->CG,NE-->CG
CD,COD,Democratic Republic of the Congo,Kinshasa,Africa,Middle Africa,,CD-->NE,CD-->NE,CD-->NE,CD-->NE,CD-->NE,CD-->NE,CD-->NE,CD-->NE,CD-->NE,CD-->NE,CD-->NE,CD-->NE,CD-->NE,CD-->NE,CD-->NE,CD-->NE,CD-->NE,CD-->NE,CD-->NE,,,,,,,,,,,,,,,,,NE-->CD,NE-->CD,NE-->CD,NE-->CD,NE-->CD,NE-->CD,NE-->CD,NE-->CD,NE-->CD,NE-->CD,NE-->CD,NE-->CD,NE-->CD,NE-->CD,NE-->CD,NE-->CD,NE-->CD,NE-->CD,NE-->CD
CK,COK,Cook Islands,Avarua,Oceania,Polynesia,,CK-->NE,CK-->NE,CK-->NE,CK-->NE,CK-->NE,CK-->NE,CK-->NE,CK-->NE,CK-->NE,CK-->NE,CK-->NE,CK-->NE,CK-->NE,CK-->NE,CK-->NE,CK-->NE,CK-->NE,CK-->NE,CK-->NE,,,,,,,,,,,,,,,,,NE-->CK,NE-->CK,NE-->CK,NE-->CK,NE-->CK,NE-->CK,NE-->CK,NE-->CK,NE-->CK,NE-->CK,NE-->CK,NE-->CK,NE-->CK,NE-->CK,NE-->CK,NE-->CK,NE-->CK,NE-->CK,NE-->CK
CR,CRI,Costa Rica,San José,Americas,Central America,,CR-->NE,CR-->NE,CR-->NE,CR-->NE,CR-->NE,CR-->NE,CR-->NE,CR-->NE,CR-->NE,CR-->NE,CR-->NE,CR-->NE,CR-->NE,CR-->NE,CR-->NE,CR-->NE,CR-->NE,CR-->NE,CR-->NE,,,,,,,,,,,,,,,,,NE-->CR,NE-->CR,NE-->CR,NE-->CR,NE-->CR,NE-->CR,NE-->CR,NE-->CR,NE-->CR,NE-->CR,NE-->CR,NE-->CR,NE-->CR,NE-->CR,NE-->CR,NE-->CR,NE-->CR,NE-->CR,NE-->CR
HR,HRV,Croatia,Zagreb,Europe,Southern Europe,,HR-->NE,HR-->NE,HR-->NE,HR-->NE,HR-->NE,HR-->NE,HR-->NE,HR-->NE,HR-->NE,HR-->NE,HR-->NE,HR-->NE,HR-->NE,HR-->NE,HR-->NE,HR-->NE,HR-->NE,HR-->NE,HR-->NE,,,,,,,,,,,,,,,,,NE-->HR,NE-->HR,NE-->HR,NE-->HR,NE-->HR,NE-->HR,NE-->HR,NE-->HR,NE-->HR,NE-->HR,NE-->HR,NE-->HR,NE-->HR,NE-->HR,NE-->HR,NE-->HR,NE-->HR,NE-->HR,NE-->HR
CU,CUB,Cuba,Havana,Americas,Caribbean,,CU-->NE,CU-->NE,CU-->NE,CU-->NE,CU-->NE,CU-->NE,CU-->NE,CU-->NE,CU-->NE,CU-->NE,CU-->NE,CU-->NE,CU-->NE,CU-->NE,CU-->NE,CU-->NE,CU-->NE,CU-->NE,CU-->NE,,,,,,,,,,,,,,,,,NE-->CU,NE-->CU,NE-->CU,NE-->CU,NE-->CU,NE-->CU,NE-->CU,NE-->CU,NE-->CU,NE-->CU,NE-->CU,NE-->CU,NE-->CU,NE-->CU,NE-->CU,NE-->CU,NE-->CU,NE-->CU,NE-->CU
CW,CUW,Curaçao,Willemstad,Americas,Caribbean,,CW-->NE,CW-->NE,CW-->NE,CW-->NE,CW-->NE,CW-->NE,CW-->NE,CW-->NE,CW-->NE,CW-->NE,CW-->NE,CW-->NE,CW-->NE,CW-->NE,CW-->NE,CW-->NE,CW-->NE,CW-->NE,CW-->NE,,,,,,,,,,,,,,,,,NE-->CW,NE-->CW,NE-->CW,NE-->CW,NE-->CW,NE-->CW,NE-->CW,NE-->CW,NE-->CW,NE-->CW,NE-->CW,NE-->CW,NE-->CW,NE-->CW,NE-->CW,NE-->CW,NE-->CW,NE-->CW,NE-->CW
CY,CYP,Cyprus,Nicosia,Europe,Southern Europe,,CY-->NE,CY-->NE,CY-->NE,CY-->NE,CY-->NE,CY-->NE,CY-->NE,CY-->NE,CY-->NE,CY-->NE,CY-->NE,CY-->NE,CY-->NE,CY-->NE,CY-->NE,CY-->NE,CY-->NE,CY-->NE,CY-->NE,,,,,,,,,,,,,,,,,NE-->CY,NE-->CY,NE-->CY,NE-->CY,NE-->CY,NE-->CY,NE-->CY,NE-->CY,NE-->CY,NE-->CY,NE-->CY,NE-->CY,NE-->CY,NE-->CY,NE-->CY,NE-->CY,NE-->CY,NE-->CY,NE-->CY
CZ,CZE,Czech Republic,Prague,Europe,Eastern Europe,,CZ-->NE,CZ-->NE,CZ-->NE,CZ-->NE,CZ-->NE,CZ-->NE,CZ-->NE,CZ-->NE,CZ-->NE,CZ-->NE,CZ-->NE,CZ-->NE,CZ-->NE,CZ-->NE,CZ-->NE,CZ-->NE,CZ-->NE,CZ-->NE,CZ-->NE,,,,,,,,,,,,,,,,,NE-->CZ,NE-->CZ,NE-->CZ,NE-->CZ,NE-->CZ,NE-->CZ,NE-->CZ,NE-->CZ,NE-->CZ,NE-->CZ,NE-->CZ,NE-->CZ,NE-->CZ,NE-->CZ,NE-->CZ,NE-->CZ,NE-->CZ,NE-->CZ,NE-->CZ
DK,DNK,Denmark,Copenhagen,Europe,Northern Europe,,DK-->NE,DK-->NE,DK-->NE,DK-->NE,DK-->NE,DK-->NE,DK-->NE,DK-->NE,DK-->NE,DK-->NE,DK-->NE,DK-->NE,DK-->NE,DK-->NE,DK-->NE,DK-->NE,DK-->NE,DK-->NE,DK-->NE,,,,,,,,,,,,,,,,,NE-->DK,NE-->DK,NE-->DK,NE-->DK,NE-->DK,NE-->DK,NE-->DK,NE-->DK,NE-->DK,NE-->DK,NE-->DK,NE-->DK,NE-->DK,NE-->DK,NE-->DK,NE-->DK,NE-->DK,NE-->DK,NE-->DK
DJ,DJI,Djibouti,Djibouti,Africa,Eastern Africa,,DJ-->NE,DJ-->NE,DJ-->NE,DJ-->NE,DJ-->NE,DJ-->NE,DJ-->NE,DJ-->NE,DJ-->NE,DJ-->NE,DJ-->NE,DJ-->NE,DJ-->NE,DJ-->NE,DJ-->NE,DJ-->NE,DJ-->NE,DJ-->NE,DJ-->NE,,,,,,,,,,,,,,,,,NE-->DJ,NE-->DJ,NE-->DJ,NE-->DJ,NE-->DJ,NE-->DJ,NE-->DJ,NE-->DJ,NE-->DJ,NE-->DJ,NE-->DJ,NE-->DJ,NE-->DJ,NE-->DJ,NE-->DJ,NE-->DJ,NE-->DJ,NE-->DJ,NE-->DJ
DM,DMA,Dominica,Roseau,Americas,Caribbean,,DM-->NE,DM-->NE,DM-->NE,DM-->NE,DM-->NE,DM-->NE,DM-->NE,DM-->NE,DM-->NE,DM-->NE,DM-->NE,DM-->NE,DM-->NE,DM-->NE,DM-->NE,DM-->NE,DM-->NE,DM-->NE,DM-->NE,,,,,,,,,,,,,,,,,NE-->DM,NE-->DM,NE-->DM,NE-->DM,NE-->DM,NE-->DM,NE-->DM,NE-->DM,NE-->DM,NE-->DM,NE-->DM,NE-->DM,NE-->DM,NE-->DM,NE-->DM,NE-->DM,NE-->DM,NE-->DM,NE-->DM
DO,DOM,Dominican Republic,Santo Domingo,Americas,Caribbean,,DO-->NE,DO-->NE,DO-->NE,DO-->NE,DO-->NE,DO-->NE,DO-->NE,DO-->NE,DO-->NE,DO-->NE,DO-->NE,DO-->NE,DO-->NE,DO-->NE,DO-->NE,DO-->NE,DO-->NE,DO-->NE,DO-->NE,,,,,,,,,,,,,,,,,NE-->DO,NE-->DO,NE-->DO,NE-->DO,NE-->DO,NE-->DO,NE-->DO,NE-->DO,NE-->DO,NE-->DO,NE-->DO,NE-->DO,NE-->DO,NE-->DO,NE-->DO,NE-->DO,NE-->DO,NE-->DO,NE-->DO
EC,ECU,Ecuador,Quito,Americas,South America,,EC-->NE,EC-->NE,EC-->NE,EC-->NE,EC-->NE,EC-->NE,EC-->NE,EC-->NE,EC-->NE,EC-->NE,EC-->NE,EC-->NE,EC-->NE,EC-->NE,EC-->NE,EC-->NE,EC-->NE,EC-->NE,EC-->NE,,,,,,,,,,,,,,,,,NE-->EC,NE-->EC,NE-->EC,NE-->EC,NE-->EC,NE-->EC,NE-->EC,NE-->EC,NE-->EC,NE-->EC,NE-->EC,NE-->EC,NE-->EC,NE-->EC,NE-->EC,NE-->EC,NE-->EC,NE-->EC,NE-->EC
EG,EGY,Egypt,Cairo,Africa,Northern Africa,,EG-->NE,EG-->NE,EG-->NE,EG-->NE,EG-->NE,EG-->NE,EG-->NE,EG-->NE,EG-->NE,EG-->NE,EG-->NE,EG-->NE,EG-->NE,EG-->NE,EG-->NE,EG-->NE,EG-->NE,EG-->NE,EG-->NE,,,,,,,,,,,,,,,,,NE-->EG,NE-->EG,NE-->EG,NE-->EG,NE-->EG,NE-->EG,NE-->EG,NE-->EG,NE-->EG,NE-->EG,NE-->EG,NE-->EG,NE-->EG,NE-->EG,NE-->EG,NE-->EG,NE-->EG,NE-->EG,NE-->EG
SV,SLV,El Salvador,San Salvador,Americas,Central America,,SV-->NE,SV-->NE,SV-->NE,SV-->NE,SV-->NE,SV-->NE,SV-->NE,SV-->NE,SV-->NE,SV-->NE,SV-->NE,SV-->NE,SV-->NE,SV-->NE,SV-->NE,SV-->NE,SV-->NE,SV-->NE,SV-->NE,,,,,,,,,,,,,,,,,NE-->SV,NE-->SV,NE-->SV,NE-->SV,NE-->SV,NE-->SV,NE-->SV,NE-->SV,NE-->SV,NE-->SV,NE-->SV,NE-->SV,NE-->SV,NE-->SV,NE-->SV,NE-->SV,NE-->SV,NE-->SV,NE-->SV
GQ,GNQ,Equatorial Guinea,Malabo,Africa,Middle Africa,,GQ-->NE,GQ-->NE,GQ-->NE,GQ-->NE,GQ-->NE,GQ-->NE,GQ-->NE,GQ-->NE,GQ-->NE,GQ-->NE,GQ-->NE,GQ-->NE,GQ-->NE,GQ-->NE,GQ-->NE,GQ-->NE,GQ-->NE,GQ-->NE,GQ-->NE,,,,,,,,,,,,,,,,,NE-->GQ,NE-->GQ,NE-->GQ,NE-->GQ,NE-->GQ,NE-->GQ,NE-->GQ,NE-->GQ,NE-->GQ,NE-->GQ,NE-->GQ,NE-->GQ,NE-->GQ,NE-->GQ,NE-->GQ,NE-->GQ,NE-->GQ,NE-->GQ,NE-->GQ
ER,ERI,Eritrea,Asmara,Africa,Eastern Africa,,ER-->NE,ER-->NE,ER-->NE,ER-->NE,ER-->NE,ER-->NE,ER-->NE,ER-->NE,ER-->NE,ER-->NE,ER-->NE,ER-->NE,ER-->NE,ER-->NE,ER-->NE,ER-->NE,ER-->NE,ER-->NE,ER-->NE,,,,,,,,,,,,,,,,,NE-->ER,NE-->ER,NE-->ER,NE-->ER,NE-->ER,NE-->ER,NE-->ER,NE-->ER,NE-->ER,NE-->ER,NE-->ER,NE-->ER,NE-->ER,NE-->ER,NE-->ER,NE-->ER,NE-->ER,NE-->ER,NE-->ER
EE,EST,Estonia,Tallinn,Europe,Northern Europe,,EE-->NE,EE-->NE,EE-->NE,EE-->NE,EE-->NE,EE-->NE,EE-->NE,EE-->NE,EE-->NE,EE-->NE,EE-->NE,EE-->NE,EE-->NE,EE-->NE,EE-->NE,EE-->NE,EE-->NE,EE-->NE,EE-->NE,,,,,,,,,,,,,,,,,NE-->EE,NE-->EE,NE-->EE,NE-->EE,NE-->EE,NE-->EE,NE-->EE,NE-->EE,NE-->EE,NE-->EE,NE-->EE,NE-->EE,NE-->EE,NE-->EE,NE-->EE,NE-->EE,NE-->EE,NE-->EE,NE-->EE
ET,ETH,Ethiopia,Addis Ababa,Africa,Eastern Africa,,ET-->NE,ET-->NE,ET-->NE,ET-->NE,ET-->NE,ET-->NE,ET-->NE,ET-->NE,ET-->NE,ET-->NE,ET-->NE,ET-->NE,ET-->NE,ET-->NE,ET-->NE,ET-->NE,ET-->NE,ET-->NE,ET-->NE,,,,,,,,,,,,,,,,,NE-->ET,NE-->ET,NE-->ET,NE-->ET,NE-->ET,NE-->ET,NE-->ET,NE-->ET,NE-->ET,NE-->ET,NE-->ET,NE-->ET,NE-->ET,NE-->ET,NE-->ET,NE-->ET,NE-->ET,NE-->ET,NE-->ET
FK,FLK,Falkland Islands,Stanley,Americas,South America,,FK-->NE,FK-->NE,FK-->NE,FK-->NE,FK-->NE,FK-->NE,FK-->NE,FK-->NE,FK-->NE,FK-->NE,FK-->NE,FK-->NE,FK-->NE,FK-->NE,FK-->NE,FK-->NE,FK-->NE,FK-->NE,FK-->NE,,,,,,,,,,,,,,,,,NE-->FK,NE-->FK,NE-->FK,NE-->FK,NE-->FK,NE-->FK,NE-->FK,NE-->FK,NE-->FK,NE-->FK,NE-->FK,NE-->FK,NE-->FK,NE-->FK,NE-->FK,NE-->FK,NE-->FK,NE-->FK,NE-->FK
FO,FRO,Faroe Islands,Tórshavn,Europe,Northern Europe,,FO-->NE,FO-->NE,FO-->NE,FO-->NE,FO-->NE,FO-->NE,FO-->NE,FO-->NE,FO-->NE,FO-->NE,FO-->NE,FO-->NE,FO-->NE,FO-->NE,FO-->NE,FO-->NE,FO-->NE,FO-->NE,FO-->NE,,,,,,,,,,,,,,,,,NE-->FO,NE-->FO,NE-->FO,NE-->FO,NE-->FO,NE-->FO,NE-->FO,NE-->FO,NE-->FO,NE-->FO,NE-->FO,NE-->FO,NE-->FO,NE-->FO,NE-->FO,NE-->FO,NE-->FO,NE-->FO,NE-->FO
FJ,FJI,Fiji,Suva,Oceania,Melanesia,,FJ-->NE,FJ-->NE,FJ-->NE,FJ-->NE,FJ-->NE,FJ-->NE,FJ-->NE,FJ-->NE,FJ-->NE,FJ-->NE,FJ-->NE,FJ-->NE,FJ-->NE,FJ-->NE,FJ-->NE,FJ-->NE,FJ-->NE,FJ-->NE,FJ-->NE,,,,,,,,,,,,,,,,,NE-->FJ,NE-->FJ,NE-->FJ,NE-->FJ,NE-->FJ,NE-->FJ,NE-->FJ,NE-->FJ,NE-->FJ,NE-->FJ,NE-->FJ,NE-->FJ,NE-->FJ,NE-->FJ,NE-->FJ,NE-->FJ,NE-->FJ,NE-->FJ,NE-->FJ
FI,FIN,Finland,Helsinki,Europe,Northern Europe,,FI-->NE,FI-->NE,FI-->NE,FI-->NE,FI-->NE,FI-->NE,FI-->NE,FI-->NE,FI-->NE,FI-->NE,FI-->NE,FI-->NE,FI-->NE,FI-->NE,FI-->NE,FI-->NE,FI-->NE,FI-->NE,FI-->NE,,,,,,,,,,,,,,,,,NE-->FI,NE-->FI,NE-->FI,NE-->FI,NE-->FI,NE-->FI,NE-->FI,NE-->FI,NE-->FI,NE-->FI,NE-->FI,NE-->FI,NE-->FI,NE-->FI,NE-->FI,NE-->FI,NE-->FI,NE-->FI,NE-->FI
FR,FRA,France,Paris,Europe,Western Europe,,FR-->NE,FR-->NE,FR-->NE,FR-->NE,FR-->NE,FR-->NE,FR-->NE,FR-->NE,FR-->NE,FR-->NE,FR-->NE,FR-->NE,FR-->NE,FR-->NE,FR-->NE,FR-->NE,FR-->NE,FR-->NE,FR-->NE,,,,,,,,,,,,,,,,,NE-->FR,NE-->FR,NE-->FR,NE-->FR,NE-->FR,NE-->FR,NE-->FR,NE-->FR,NE-->FR,NE-->FR,NE-->FR,NE-->FR,NE-->FR,NE-->FR,NE-->FR,NE-->FR,NE-->FR,NE-->FR,NE-->FR
GF,GUF,French Guiana,Cayenne,Americas,South America,,GF-->NE,GF-->NE,GF-->NE,GF-->NE,GF-->NE,GF-->NE,GF-->NE,GF-->NE,GF-->NE,GF-->NE,GF-->NE,GF-->NE,GF-->NE,GF-->NE,GF-->NE,GF-->NE,GF-->NE,GF-->NE,GF-->NE,,,,,,,,,,,,,,,,,NE-->GF,NE-->GF,NE-->GF,NE-->GF,NE-->GF,NE-->GF,NE-->GF,NE-->GF,NE-->GF,NE-->GF,NE-->GF,NE-->GF,NE-->GF,NE-->GF,NE-->GF,NE-->GF,NE-->GF,NE-->GF,NE-->GF
PF,PYF,French Polynesia,Papeetē,Oceania,Polynesia,,PF-->NE,PF-->NE,PF-->NE,PF-->NE,PF-->NE,PF-->NE,PF-->NE,PF-->NE,PF-->NE,PF-->NE,PF-->NE,PF-->NE,PF-->NE,PF-->NE,PF-->NE,PF-->NE,PF-->NE,PF-->NE,PF-->NE,,,,,,,,,,,,,,,,,NE-->PF,NE-->PF,NE-->PF,NE-->PF,NE-->PF,NE-->PF,NE-->PF,NE-->PF,NE-->PF,NE-->PF,NE-->PF,NE-->PF,NE-->PF,NE-->PF,NE-->PF,NE-->PF,NE-->PF,NE-->PF,NE-->PF
TF,ATF,French Southern and Antarctic Lands,Port-aux-Français,Africa,Southern Africa,,TF-->NE,TF-->NE,TF-->NE,TF-->NE,TF-->NE,TF-->NE,TF-->NE,TF-->NE,TF-->NE,TF-->NE,TF-->NE,TF-->NE,TF-->NE,TF-->NE,TF-->NE,TF-->NE,TF-->NE,TF-->NE,TF-->NE,,,,,,,,,,,,,,,,,NE-->TF,NE-->TF,NE-->TF,NE-->TF,NE-->TF,NE-->TF,NE-->TF,NE-->TF,NE-->TF,NE-->TF,NE-->TF,NE-->TF,NE-->TF,NE-->TF,NE-->TF,NE-->TF,NE-->TF,NE-->TF,NE-->TF
GA,GAB,Gabon,Libreville,Africa,Middle Africa,,GA-->NE,GA-->NE,GA-->NE,GA-->NE,GA-->NE,GA-->NE,GA-->NE,GA-->NE,GA-->NE,GA-->NE,GA-->NE,GA-->NE,GA-->NE,GA-->NE,GA-->NE,GA-->NE,GA-->NE,GA-->NE,GA-->NE,,,,,,,,,,,,,,,,,NE-->GA,NE-->GA,NE-->GA,NE-->GA,NE-->GA,NE-->GA,NE-->GA,NE-->GA,NE-->GA,NE-->GA,NE-->GA,NE-->GA,NE-->GA,NE-->GA,NE-->GA,NE-->GA,NE-->GA,NE-->GA,NE-->GA
GM,GMB,The Gambia,Banjul,Africa,Western Africa,,GM-->NE,GM-->NE,GM-->NE,GM-->NE,GM-->NE,GM-->NE,GM-->NE,GM-->NE,GM-->NE,GM-->NE,GM-->NE,GM-->NE,GM-->NE,GM-->NE,GM-->NE,GM-->NE,GM-->NE,GM-->NE,GM-->NE,,,,,,,,,,,,,,,,,NE-->GM,NE-->GM,NE-->GM,NE-->GM,NE-->GM,NE-->GM,NE-->GM,NE-->GM,NE-->GM,NE-->GM,NE-->GM,NE-->GM,NE-->GM,NE-->GM,NE-->GM,NE-->GM,NE-->GM,NE-->GM,NE-->GM
GE,GEO,Georgia,Tbilisi,Asia,Western Asia,,GE-->NE,GE-->NE,GE-->NE,GE-->NE,GE-->NE,GE-->NE,GE-->NE,GE-->NE,GE-->NE,GE-->NE,GE-->NE,GE-->NE,GE-->NE,GE-->NE,GE-->NE,GE-->NE,GE-->NE,GE-->NE,GE-->NE,,,,,,,,,,,,,,,,,NE-->GE,NE-->GE,NE-->GE,NE-->GE,NE-->GE,NE-->GE,NE-->GE,NE-->GE,NE-->GE,NE-->GE,NE-->GE,NE-->GE,NE-->GE,NE-->GE,NE-->GE,NE-->GE,NE-->GE,NE-->GE,NE-->GE
DE,DEU,Germany,Berlin,Europe,Western Europe,,DE-->NE,DE-->NE,DE-->NE,DE-->NE,DE-->NE,DE-->NE,DE-->NE,DE-->NE,DE-->NE,DE-->NE,DE-->NE,DE-->NE,DE-->NE,DE-->NE,DE-->NE,DE-->NE,DE-->NE,DE-->NE,DE-->NE,,,,,,,,,,,,,,,,,NE-->DE,NE-->DE,NE-->DE,NE-->DE,NE-->DE,NE-->DE,NE-->DE,NE-->DE,NE-->DE,NE-->DE,NE-->DE,NE-->DE,NE-->DE,NE-->DE,NE-->DE,NE-->DE,NE-->DE,NE-->DE,NE-->DE
GH,GHA,Ghana,Accra,Africa,Western Africa,,GH-->NE,GH-->NE,GH-->NE,GH-->NE,GH-->NE,GH-->NE,GH-->NE,GH-->NE,GH-->NE,GH-->NE,GH-->NE,GH-->NE,GH-->NE,GH-->NE,GH-->NE,GH-->NE,GH-->NE,GH-->NE,GH-->NE,,,,,,,,,,,,,,,,,NE-->GH,NE-->GH,NE-->GH,NE-->GH,NE-->GH,NE-->GH,NE-->GH,NE-->GH,NE-->GH,NE-->GH,NE-->GH,NE-->GH,NE-->GH,NE-->GH,NE-->GH,NE-->GH,NE-->GH,NE-->GH,NE-->GH
GI,GIB,Gibraltar,Gibraltar,Europe,Southern Europe,,GI-->NE,GI-->NE,GI-->NE,GI-->NE,GI-->NE,GI-->NE,GI-->NE,GI-->NE,GI-->NE,GI-->NE,GI-->NE,GI-->NE,GI-->NE,GI-->NE,GI-->NE,GI-->NE,GI-->NE,GI-->NE,GI-->NE,,,,,,,,,,,,,,,,,NE-->GI,NE-->GI,NE-->GI,NE-->GI,NE-->GI,NE-->GI,NE-->GI,NE-->GI,NE-->GI,NE-->GI,NE-->GI,NE-->GI,NE-->GI,NE-->GI,NE-->GI,NE-->GI,NE-->GI,NE-->GI,NE-->GI
GR,GRC,Greece,Athens,Europe,Southern Europe,,GR-->NE,GR-->NE,GR-->NE,GR-->NE,GR-->NE,GR-->NE,GR-->NE,GR-->NE,GR-->NE,GR-->NE,GR-->NE,GR-->NE,GR-->NE,GR-->NE,GR-->NE,GR-->NE,GR-->NE,GR-->NE,GR-->NE,,,,,,,,,,,,,,,,,NE-->GR,NE-->GR,NE-->GR,NE-->GR,NE-->GR,NE-->GR,NE-->GR,NE-->GR,NE-->GR,NE-->GR,NE-->GR,NE-->GR,NE-->GR,NE-->GR,NE-->GR,NE-->GR,NE-->GR,NE-->GR,NE-->GR
GL,GRL,Greenland,Nuuk,Americas,Northern America,,GL-->NE,GL-->NE,GL-->NE,GL-->NE,GL-->NE,GL-->NE,GL-->NE,GL-->NE,GL-->NE,GL-->NE,GL-->NE,GL-->NE,GL-->NE,GL-->NE,GL-->NE,GL-->NE,GL-->NE,GL-->NE,GL-->NE,,,,,,,,,,,,,,,,,NE-->GL,NE-->GL,NE-->GL,NE-->GL,NE-->GL,NE-->GL,NE-->GL,NE-->GL,NE-->GL,NE-->GL,NE-->GL,NE-->GL,NE-->GL,NE-->GL,NE-->GL,NE-->GL,NE-->GL,NE-->GL,NE-->GL
GD,GRD,Grenada,St. George's,Americas,Caribbean,,GD-->NE,GD-->NE,GD-->NE,GD-->NE,GD-->NE,GD-->NE,GD-->NE,GD-->NE,GD-->NE,GD-->NE,GD-->NE,GD-->NE,GD-->NE,GD-->NE,GD-->NE,GD-->NE,GD-->NE,GD-->NE,GD-->NE,,,,,,,,,,,,,,,,,NE-->GD,NE-->GD,NE-->GD,NE-->GD,NE-->GD,NE-->GD,NE-->GD,NE-->GD,NE-->GD,NE-->GD,NE-->GD,NE-->GD,NE-->GD,NE-->GD,NE-->GD,NE-->GD,NE-->GD,NE-->GD,NE-->GD
GP,GLP,Guadeloupe,Basse-Terre,Americas,Caribbean,,GP-->NE,GP-->NE,GP-->NE,GP-->NE,GP-->NE,GP-->NE,GP-->NE,GP-->NE,GP-->NE,GP-->NE,GP-->NE,GP-->NE,GP-->NE,GP-->NE,GP-->NE,GP-->NE,GP-->NE,GP-->NE,GP-->NE,,,,,,,,,,,,,,,,,NE-->GP,NE-->GP,NE-->GP,NE-->GP,NE-->GP,NE-->GP,NE-->GP,NE-->GP,NE-->GP,NE-->GP,NE-->GP,NE-->GP,NE-->GP,NE-->GP,NE-->GP,NE-->GP,NE-->GP,NE-->GP,NE-->GP
GU,GUM,Guam,Hagåtña,Oceania,Micronesia,,GU-->NE,GU-->NE,GU-->NE,GU-->NE,GU-->NE,GU-->NE,GU-->NE,GU-->NE,GU-->NE,GU-->NE,GU-->NE,GU-->NE,GU-->NE,GU-->NE,GU-->NE,GU-->NE,GU-->NE,GU-->NE,GU-->NE,,,,,,,,,,,,,,,,,NE-->GU,NE-->GU,NE-->GU,NE-->GU,NE-->GU,NE-->GU,NE-->GU,NE-->GU,NE-->GU,NE-->GU,NE-->GU,NE-->GU,NE-->GU,NE-->GU,NE-->GU,NE-->GU,NE-->GU,NE-->GU,NE-->GU
GT,GTM,Guatemala,Guatemala City,Americas,Central America,,GT-->NE,GT-->NE,GT-->NE,GT-->NE,GT-->NE,GT-->NE,GT-->NE,GT-->NE,GT-->NE,GT-->NE,GT-->NE,GT-->NE,GT-->NE,GT-->NE,GT-->NE,GT-->NE,GT-->NE,GT-->NE,GT-->NE,,,,,,,,,,,,,,,,,NE-->GT,NE-->GT,NE-->GT,NE-->GT,NE-->GT,NE-->GT,NE-->GT,NE-->GT,NE-->GT,NE-->GT,NE-->GT,NE-->GT,NE-->GT,NE-->GT,NE-->GT,NE-->GT,NE-->GT,NE-->GT,NE-->GT
GG,GGY,Guernsey,St. Peter Port,Europe,Northern Europe,,GG-->NE,GG-->NE,GG-->NE,GG-->NE,GG-->NE,GG-->NE,GG-->NE,GG-->NE,GG-->NE,GG-->NE,GG-->NE,GG-->NE,GG-->NE,GG-->NE,GG-->NE,GG-->NE,GG-->NE,GG-->NE,GG-->NE,,,,,,,,,,,,,,,,,NE-->GG,NE-->GG,NE-->GG,NE-->GG,NE-->GG,NE-->GG,NE-->GG,NE-->GG,NE-->GG,NE-->GG,NE-->GG,NE-->GG,NE-->GG,NE-->GG,NE-->GG,NE-->GG,NE-->GG,NE-->GG,NE-->GG
GN,GIN,Guinea,Conakry,Africa,Western Africa,,GN-->NE,GN-->NE,GN-->NE,GN-->NE,GN-->NE,GN-->NE,GN-->NE,GN-->NE,GN-->NE,GN-->NE,GN-->NE,GN-->NE,GN-->NE,GN-->NE,GN-->NE,GN-->NE,GN-->NE,GN-->NE,GN-->NE,,,,,,,,,,,,,,,,,NE-->GN,NE-->GN,NE-->GN,NE-->GN,NE-->GN,NE-->GN,NE-->GN,NE-->GN,NE-->GN,NE-->GN,NE-->GN,NE-->GN,NE-->GN,NE-->GN,NE-->GN,NE-->GN,NE-->GN,NE-->GN,NE-->GN
GW,GNB,Guinea-Bissau,Bissau,Africa,Western Africa,,GW-->NE,GW-->NE,GW-->NE,GW-->NE,GW-->NE,GW-->NE,GW-->NE,GW-->NE,GW-->NE,GW-->NE,GW-->NE,GW-->NE,GW-->NE,GW-->NE,GW-->NE,GW-->NE,GW-->NE,GW-->NE,GW-->NE,,,,,,,,,,,,,,,,,NE-->GW,NE-->GW,NE-->GW,NE-->GW,NE-->GW,NE-->GW,NE-->GW,NE-->GW,NE-->GW,NE-->GW,NE-->GW,NE-->GW,NE-->GW,NE-->GW,NE-->GW,NE-->GW,NE-->GW,NE-->GW,NE-->GW
GY,GUY,Guyana,Georgetown,Americas,South America,,GY-->NE,GY-->NE,GY-->NE,GY-->NE,GY-->NE,GY-->NE,GY-->NE,GY-->NE,GY-->NE,GY-->NE,GY-->NE,GY-->NE,GY-->NE,GY-->NE,GY-->NE,GY-->NE,GY-->NE,GY-->NE,GY-->NE,,,,,,,,,,,,,,,,,NE-->GY,NE-->GY,NE-->GY,NE-->GY,NE-->GY,NE-->GY,NE-->GY,NE-->GY,NE-->GY,NE-->GY,NE-->GY,NE-->GY,NE-->GY,NE-->GY,NE-->GY,NE-->GY,NE-->GY,NE-->GY,NE-->GY
HT,HTI,Haiti,Port-au-Prince,Americas,Caribbean,,HT-->NE,HT-->NE,HT-->NE,HT-->NE,HT-->NE,HT-->NE,HT-->NE,HT-->NE,HT-->NE,HT-->NE,HT-->NE,HT-->NE,HT-->NE,HT-->NE,HT-->NE,HT-->NE,HT-->NE,HT-->NE,HT-->NE,,,,,,,,,,,,,,,,,NE-->HT,NE-->HT,NE-->HT,NE-->HT,NE-->HT,NE-->HT,NE-->HT,NE-->HT,NE-->HT,NE-->HT,NE-->HT,NE-->HT,NE-->HT,NE-->HT,NE-->HT,NE-->HT,NE-->HT,NE-->HT,NE-->HT
HM,HMD,Heard Island and McDonald Islands,,,,,HM-->NE,HM-->NE,HM-->NE,HM-->NE,HM-->NE,HM-->NE,HM-->NE,HM-->NE,HM-->NE,HM-->NE,HM-->NE,HM-->NE,HM-->NE,HM-->NE,HM-->NE,HM-->NE,HM-->NE,HM-->NE,HM-->NE,,,,,,,,,,,,,,,,,NE-->HM,NE-->HM,NE-->HM,NE-->HM,NE-->HM,NE-->HM,NE-->HM,NE-->HM,NE-->HM,NE-->HM,NE-->HM,NE-->HM,NE-->HM,NE-->HM,NE-->HM,NE-->HM,NE-->HM,NE-->HM,NE-->HM
VA,VAT,Holy See,Rome,Europe,Southern Europe,,VA-->NE,VA-->NE,VA-->NE,VA-->NE,VA-->NE,VA-->NE,VA-->NE,VA-->NE,VA-->NE,VA-->NE,VA-->NE,VA-->NE,VA-->NE,VA-->NE,VA-->NE,VA-->NE,VA-->NE,VA-->NE,VA-->NE,,,,,,,,,,,,,,,,,NE-->VA,NE-->VA,NE-->VA,NE-->VA,NE-->VA,NE-->VA,NE-->VA,NE-->VA,NE-->VA,NE-->VA,NE-->VA,NE-->VA,NE-->VA,NE-->VA,NE-->VA,NE-->VA,NE-->VA,NE-->VA,NE-->VA
HN,HND,Honduras,Tegucigalpa,Americas,Central America,,HN-->NE,HN-->NE,HN-->NE,HN-->NE,HN-->NE,HN-->NE,HN-->NE,HN-->NE,HN-->NE,HN-->NE,HN-->NE,HN-->NE,HN-->NE,HN-->NE,HN-->NE,HN-->NE,HN-->NE,HN-->NE,HN-->NE,,,,,,,,,,,,,,,,,NE-->HN,NE-->HN,NE-->HN,NE-->HN,NE-->HN,NE-->HN,NE-->HN,NE-->HN,NE-->HN,NE-->HN,NE-->HN,NE-->HN,NE-->HN,NE-->HN,NE-->HN,NE-->HN,NE-->HN,NE-->HN,NE-->HN
HK,HKG,Hong Kong,City of Victoria,Asia,Eastern Asia,,HK-->NE,HK-->NE,HK-->NE,HK-->NE,HK-->NE,HK-->NE,HK-->NE,HK-->NE,HK-->NE,HK-->NE,HK-->NE,HK-->NE,HK-->NE,HK-->NE,HK-->NE,HK-->NE,HK-->NE,HK-->NE,HK-->NE,,,,,,,,,,,,,,,,,NE-->HK,NE-->HK,NE-->HK,NE-->HK,NE-->HK,NE-->HK,NE-->HK,NE-->HK,NE-->HK,NE-->HK,NE-->HK,NE-->HK,NE-->HK,NE-->HK,NE-->HK,NE-->HK,NE-->HK,NE-->HK,NE-->HK
HU,HUN,Hungary,Budapest,Europe,Eastern Europe,,HU-->NE,HU-->NE,HU-->NE,HU-->NE,HU-->NE,HU-->NE,HU-->NE,HU-->NE,HU-->NE,HU-->NE,HU-->NE,HU-->NE,HU-->NE,HU-->NE,HU-->NE,HU-->NE,HU-->NE,HU-->NE,HU-->NE,,,,,,,,,,,,,,,,,NE-->HU,NE-->HU,NE-->HU,NE-->HU,NE-->HU,NE-->HU,NE-->HU,NE-->HU,NE-->HU,NE-->HU,NE-->HU,NE-->HU,NE-->HU,NE-->HU,NE-->HU,NE-->HU,NE-->HU,NE-->HU,NE-->HU
IS,ISL,Iceland,Reykjavík,Europe,Northern Europe,,IS-->NE,IS-->NE,IS-->NE,IS-->NE,IS-->NE,IS-->NE,IS-->NE,IS-->NE,IS-->NE,IS-->NE,IS-->NE,IS-->NE,IS-->NE,IS-->NE,IS-->NE,IS-->NE,IS-->NE,IS-->NE,IS-->NE,,,,,,,,,,,,,,,,,NE-->IS,NE-->IS,NE-->IS,NE-->IS,NE-->IS,NE-->IS,NE-->IS,NE-->IS,NE-->IS,NE-->IS,NE-->IS,NE-->IS,NE-->IS,NE-->IS,NE-->IS,NE-->IS,NE-->IS,NE-->IS,NE-->IS
IN,IND,India,New Delhi,Asia,Southern Asia,,IN-->NE,IN-->NE,IN-->NE,IN-->NE,IN-->NE,IN-->NE,IN-->NE,IN-->NE,IN-->NE,IN-->NE,IN-->NE,IN-->NE,IN-->NE,IN-->NE,IN-->NE,IN-->NE,IN-->NE,IN-->NE,IN-->NE,,,,,,,,,,,,,,,,,NE-->IN,NE-->IN,NE-->IN,NE-->IN,NE-->IN,NE-->IN,NE-->IN,NE-->IN,NE-->IN,NE-->IN,NE-->IN,NE-->IN,NE-->IN,NE-->IN,NE-->IN,NE-->IN,NE-->IN,NE-->IN,NE-->IN
ID,IDN,Indonesia,Jakarta,Asia,South-Eastern Asia,,ID-->NE,ID-->NE,ID-->NE,ID-->NE,ID-->NE,ID-->NE,ID-->NE,ID-->NE,ID-->NE,ID-->NE,ID-->NE,ID-->NE,ID-->NE,ID-->NE,ID-->NE,ID-->NE,ID-->NE,ID-->NE,ID-->NE,,,,,,,,,,,,,,,,,NE-->ID,NE-->ID,NE-->ID,NE-->ID,NE-->ID,NE-->ID,NE-->ID,NE-->ID,NE-->ID,NE-->ID,NE-->ID,NE-->ID,NE-->ID,NE-->ID,NE-->ID,NE-->ID,NE-->ID,NE-->ID,NE-->ID
CI,CIV,Ivory Coast,Yamoussoukro,Africa,Western Africa,,CI-->NE,CI-->NE,CI-->NE,CI-->NE,CI-->NE,CI-->NE,CI-->NE,CI-->NE,CI-->NE,CI-->NE,CI-->NE,CI-->NE,CI-->NE,CI-->NE,CI-->NE,CI-->NE,CI-->NE,CI-->NE,CI-->NE,,,,,,,,,,,,,,,,,NE-->CI,NE-->CI,NE-->CI,NE-->CI,NE-->CI,NE-->CI,NE-->CI,NE-->CI,NE-->CI,NE-->CI,NE-->CI,NE-->CI,NE-->CI,NE-->CI,NE-->CI,NE-->CI,NE-->CI,NE-->CI,NE-->CI
IR,IRN,Iran,Tehran,Asia,Southern Asia,,IR-->NE,IR-->NE,IR-->NE,IR-->NE,IR-->NE,IR-->NE,IR-->NE,IR-->NE,IR-->NE,IR-->NE,IR-->NE,IR-->NE,IR-->NE,IR-->NE,IR-->NE,IR-->NE,IR-->NE,IR-->NE,IR-->NE,,,,,,,,,,,,,,,,,NE-->IR,NE-->IR,NE-->IR,NE-->IR,NE-->IR,NE-->IR,NE-->IR,NE-->IR,NE-->IR,NE-->IR,NE-->IR,NE-->IR,NE-->IR,NE-->IR,NE-->IR,NE-->IR,NE-->IR,NE-->IR,NE-->IR
IQ,IRQ,Iraq,Baghdad,Asia,Western Asia,,IQ-->NE,IQ-->NE,IQ-->NE,IQ-->NE,IQ-->NE,IQ-->NE,IQ-->NE,IQ-->NE,IQ-->NE,IQ-->NE,IQ-->NE,IQ-->NE,IQ-->NE,IQ-->NE,IQ-->NE,IQ-->NE,IQ-->NE,IQ-->NE,IQ-->NE,,,,,,,,,,,,,,,,,NE-->IQ,NE-->IQ,NE-->IQ,NE-->IQ,NE-->IQ,NE-->IQ,NE-->IQ,NE-->IQ,NE-->IQ,NE-->IQ,NE-->IQ,NE-->IQ,NE-->IQ,NE-->IQ,NE-->IQ,NE-->IQ,NE-->IQ,NE-->IQ,NE-->IQ
IE,IRL,Republic of Ireland,Dublin,Europe,Northern Europe,,IE-->NE,IE-->NE,IE-->NE,IE-->NE,IE-->NE,IE-->NE,IE-->NE,IE-->NE,IE-->NE,IE-->NE,IE-->NE,IE-->NE,IE-->NE,IE-->NE,IE-->NE,IE-->NE,IE-->NE,IE-->NE,IE-->NE,,,,,,,,,,,,,,,,,NE-->IE,NE-->IE,NE-->IE,NE-->IE,NE-->IE,NE-->IE,NE-->IE,NE-->IE,NE-->IE,NE-->IE,NE-->IE,NE-->IE,NE-->IE,NE-->IE,NE-->IE,NE-->IE,NE-->IE,NE-->IE,NE-->IE
IM,IMN,Isle of Man,Douglas,Europe,Northern Europe,,IM-->NE,IM-->NE,IM-->NE,IM-->NE,IM-->NE,IM-->NE,IM-->NE,IM-->NE,IM-->NE,IM-->NE,IM-->NE,IM-->NE,IM-->NE,IM-->NE,IM-->NE,IM-->NE,IM-->NE,IM-->NE,IM-->NE,,,,,,,,,,,,,,,,,NE-->IM,NE-->IM,NE-->IM,NE-->IM,NE-->IM,NE-->IM,NE-->IM,NE-->IM,NE-->IM,NE-->IM,NE-->IM,NE-->IM,NE-->IM,NE-->IM,NE-->IM,NE-->IM,NE-->IM,NE-->IM,NE-->IM
IL,ISR,Israel,Jerusalem,Asia,Western Asia,,IL-->NE,IL-->NE,IL-->NE,IL-->NE,IL-->NE,IL-->NE,IL-->NE,IL-->NE,IL-->NE,IL-->NE,IL-->NE,IL-->NE,IL-->NE,IL-->NE,IL-->NE,IL-->NE,IL-->NE,IL-->NE,IL-->NE,,,,,,,,,,,,,,,,,NE-->IL,NE-->IL,NE-->IL,NE-->IL,NE-->IL,NE-->IL,NE-->IL,NE-->IL,NE-->IL,NE-->IL,NE-->IL,NE-->IL,NE-->IL,NE-->IL,NE-->IL,NE-->IL,NE-->IL,NE-->IL,NE-->IL
IT,ITA,Italy,Rome,Europe,Southern Europe,,IT-->NE,IT-->NE,IT-->NE,IT-->NE,IT-->NE,IT-->NE,IT-->NE,IT-->NE,IT-->NE,IT-->NE,IT-->NE,IT-->NE,IT-->NE,IT-->NE,IT-->NE,IT-->NE,IT-->NE,IT-->NE,IT-->NE,,,,,,,,,,,,,,,,,NE-->IT,NE-->IT,NE-->IT,NE-->IT,NE-->IT,NE-->IT,NE-->IT,NE-->IT,NE-->IT,NE-->IT,NE-->IT,NE-->IT,NE-->IT,NE-->IT,NE-->IT,NE-->IT,NE-->IT,NE-->IT,NE-->IT
JM,JAM,Jamaica,Kingston,Americas,Caribbean,,JM-->NE,JM-->NE,JM-->NE,JM-->NE,JM-->NE,JM-->NE,JM-->NE,JM-->NE,JM-->NE,JM-->NE,JM-->NE,JM-->NE,JM-->NE,JM-->NE,JM-->NE,JM-->NE,JM-->NE,JM-->NE,JM-->NE,,,,,,,,,,,,,,,,,NE-->JM,NE-->JM,NE-->JM,NE-->JM,NE-->JM,NE-->JM,NE-->JM,NE-->JM,NE-->JM,NE-->JM,NE-->JM,NE-->JM,NE-->JM,NE-->JM,NE-->JM,NE-->JM,NE-->JM,NE-->JM,NE-->JM
JP,JPN,Japan,Tokyo,Asia,Eastern Asia,,JP-->NE,JP-->NE,JP-->NE,JP-->NE,JP-->NE,JP-->NE,JP-->NE,JP-->NE,JP-->NE,JP-->NE,JP-->NE,JP-->NE,JP-->NE,JP-->NE,JP-->NE,JP-->NE,JP-->NE,JP-->NE,JP-->NE,,,,,,,,,,,,,,,,,NE-->JP,NE-->JP,NE-->JP,NE-->JP,NE-->JP,NE-->JP,NE-->JP,NE-->JP,NE-->JP,NE-->JP,NE-->JP,NE-->JP,NE-->JP,NE-->JP,NE-->JP,NE-->JP,NE-->JP,NE-->JP,NE-->JP
JE,JEY,Jersey,Saint Helier,Europe,Northern Europe,,JE-->NE,JE-->NE,JE-->NE,JE-->NE,JE-->NE,JE-->NE,JE-->NE,JE-->NE,JE-->NE,JE-->NE,JE-->NE,JE-->NE,JE-->NE,JE-->NE,JE-->NE,JE-->NE,JE-->NE,JE-->NE,JE-->NE,,,,,,,,,,,,,,,,,NE-->JE,NE-->JE,NE-->JE,NE-->JE,NE-->JE,NE-->JE,NE-->JE,NE-->JE,NE-->JE,NE-->JE,NE-->JE,NE-->JE,NE-->JE,NE-->JE,NE-->JE,NE-->JE,NE-->JE,NE-->JE,NE-->JE
JO,JOR,Jordan,Amman,Asia,Western Asia,,JO-->NE,JO-->NE,JO-->NE,JO-->NE,JO-->NE,JO-->NE,JO-->NE,JO-->NE,JO-->NE,JO-->NE,JO-->NE,JO-->NE,JO-->NE,JO-->NE,JO-->NE,JO-->NE,JO-->NE,JO-->NE,JO-->NE,,,,,,,,,,,,,,,,,NE-->JO,NE-->JO,NE-->JO,NE-->JO,NE-->JO,NE-->JO,NE-->JO,NE-->JO,NE-->JO,NE-->JO,NE-->JO,NE-->JO,NE-->JO,NE-->JO,NE-->JO,NE-->JO,NE-->JO,NE-->JO,NE-->JO
KZ,KAZ,Kazakhstan,Astana,Asia,Central Asia,,KZ-->NE,KZ-->NE,KZ-->NE,KZ-->NE,KZ-->NE,KZ-->NE,KZ-->NE,KZ-->NE,KZ-->NE,KZ-->NE,KZ-->NE,KZ-->NE,KZ-->NE,KZ-->NE,KZ-->NE,KZ-->NE,KZ-->NE,KZ-->NE,KZ-->NE,,,,,,,,,,,,,,,,,NE-->KZ,NE-->KZ,NE-->KZ,NE-->KZ,NE-->KZ,NE-->KZ,NE-->KZ,NE-->KZ,NE-->KZ,NE-->KZ,NE-->KZ,NE-->KZ,NE-->KZ,NE-->KZ,NE-->KZ,NE-->KZ,NE-->KZ,NE-->KZ,NE-->KZ
KE,KEN,Kenya,Nairobi,Africa,Eastern Africa,,KE-->NE,KE-->NE,KE-->NE,KE-->NE,KE-->NE,KE-->NE,KE-->NE,KE-->NE,KE-->NE,KE-->NE,KE-->NE,KE-->NE,KE-->NE,KE-->NE,KE-->NE,KE-->NE,KE-->NE,KE-->NE,KE-->NE,,,,,,,,,,,,,,,,,NE-->KE,NE-->KE,NE-->KE,NE-->KE,NE-->KE,NE-->KE,NE-->KE,NE-->KE,NE-->KE,NE-->KE,NE-->KE,NE-->KE,NE-->KE,NE-->KE,NE-->KE,NE-->KE,NE-->KE,NE-->KE,NE-->KE
KI,KIR,Kiribati,South Tarawa,Oceania,Micronesia,,KI-->NE,KI-->NE,KI-->NE,KI-->NE,KI-->NE,KI-->NE,KI-->NE,KI-->NE,KI-->NE,KI-->NE,KI-->NE,KI-->NE,KI-->NE,KI-->NE,KI-->NE,KI-->NE,KI-->NE,KI-->NE,KI-->NE,,,,,,,,,,,,,,,,,NE-->KI,NE-->KI,NE-->KI,NE-->KI,NE-->KI,NE-->KI,NE-->KI,NE-->KI,NE-->KI,NE-->KI,NE-->KI,NE-->KI,NE-->KI,NE-->KI,NE-->KI,NE-->KI,NE-->KI,NE-->KI,NE-->KI
KW,KWT,Kuwait,Kuwait City,Asia,Western Asia,,KW-->NE,KW-->NE,KW-->NE,KW-->NE,KW-->NE,KW-->NE,KW-->NE,KW-->NE,KW-->NE,KW-->NE,KW-->NE,KW-->NE,KW-->NE,KW-->NE,KW-->NE,KW-->NE,KW-->NE,KW-->NE,KW-->NE,,,,,,,,,,,,,,,,,NE-->KW,NE-->KW,NE-->KW,NE-->KW,NE-->KW,NE-->KW,NE-->KW,NE-->KW,NE-->KW,NE-->KW,NE-->KW,NE-->KW,NE-->KW,NE-->KW,NE-->KW,NE-->KW,NE-->KW,NE-->KW,NE-->KW
KG,KGZ,Kyrgyzstan,Bishkek,Asia,Central Asia,,KG-->NE,KG-->NE,KG-->NE,KG-->NE,KG-->NE,KG-->NE,KG-->NE,KG-->NE,KG-->NE,KG-->NE,KG-->NE,KG-->NE,KG-->NE,KG-->NE,KG-->NE,KG-->NE,KG-->NE,KG-->NE,KG-->NE,,,,,,,,,,,,,,,,,NE-->KG,NE-->KG,NE-->KG,NE-->KG,NE-->KG,NE-->KG,NE-->KG,NE-->KG,NE-->KG,NE-->KG,NE-->KG,NE-->KG,NE-->KG,NE-->KG,NE-->KG,NE-->KG,NE-->KG,NE-->KG,NE-->KG
LA,LAO,Laos,Vientiane,Asia,South-Eastern Asia,,LA-->NE,LA-->NE,LA-->NE,LA-->NE,LA-->NE,LA-->NE,LA-->NE,LA-->NE,LA-->NE,LA-->NE,LA-->NE,LA-->NE,LA-->NE,LA-->NE,LA-->NE,LA-->NE,LA-->NE,LA-->NE,LA-->NE,,,,,,,,,,,,,,,,,NE-->LA,NE-->LA,NE-->LA,NE-->LA,NE-->LA,NE-->LA,NE-->LA,NE-->LA,NE-->LA,NE-->LA,NE-->LA,NE-->LA,NE-->LA,NE-->LA,NE-->LA,NE-->LA,NE-->LA,NE-->LA,NE-->LA
LV,LVA,Latvia,Riga,Europe,Northern Europe,,LV-->NE,LV-->NE,LV-->NE,LV-->NE,LV-->NE,LV-->NE,LV-->NE,LV-->NE,LV-->NE,LV-->NE,LV-->NE,LV-->NE,LV-->NE,LV-->NE,LV-->NE,LV-->NE,LV-->NE,LV-->NE,LV-->NE,,,,,,,,,,,,,,,,,NE-->LV,NE-->LV,NE-->LV,NE-->LV,NE-->LV,NE-->LV,NE-->LV,NE-->LV,NE-->LV,NE-->LV,NE-->LV,NE-->LV,NE-->LV,NE-->LV,NE-->LV,NE-->LV,NE-->LV,NE-->LV,NE-->LV
LB,LBN,Lebanon,Beirut,Asia,Western Asia,,LB-->NE,LB-->NE,LB-->NE,LB-->NE,LB-->NE,LB-->NE,LB-->NE,LB-->NE,LB-->NE,LB-->NE,LB-->NE,LB-->NE,LB-->NE,LB-->NE,LB-->NE,LB-->NE,LB-->NE,LB-->NE,LB-->NE,,,,,,,,,,,,,,,,,NE-->LB,NE-->LB,NE-->LB,NE-->LB,NE-->LB,NE-->LB,NE-->LB,NE-->LB,NE-->LB,NE-->LB,NE-->LB,NE-->LB,NE-->LB,NE-->LB,NE-->LB,NE-->LB,NE-->LB,NE-->LB,NE-->LB
LS,LSO,Lesotho,Maseru,Africa,Southern Africa,,LS-->NE,LS-->NE,LS-->NE,LS-->NE,LS-->NE,LS-->NE,LS-->NE,LS-->NE,LS-->NE,LS-->NE,LS-->NE,LS-->NE,LS-->NE,LS-->NE,LS-->NE,LS-->NE,LS-->NE,LS-->NE,LS-->NE,,,,,,,,,,,,,,,,,NE-->LS,NE-->LS,NE-->LS,NE-->LS,NE-->LS,NE-->LS,NE-->LS,NE-->LS,NE-->LS,NE-->LS,NE-->LS,NE-->LS,NE-->LS,NE-->LS,NE-->LS,NE-->LS,NE-->LS,NE-->LS,NE-->LS
LR,LBR,Liberia,Monrovia,Africa,Western Africa,,LR-->NE,LR-->NE,LR-->NE,LR-->NE,LR-->NE,LR-->NE,LR-->NE,LR-->NE,LR-->NE,LR-->NE,LR-->NE,LR-->NE,LR-->NE,LR-->NE,LR-->NE,LR-->NE,LR-->NE,LR-->NE,LR-->NE,,,,,,,,,,,,,,,,,NE-->LR,NE-->LR,NE-->LR,NE-->LR,NE-->LR,NE-->LR,NE-->LR,NE-->LR,NE-->LR,NE-->LR,NE-->LR,NE-->LR,NE-->LR,NE-->LR,NE-->LR,NE-->LR,NE-->LR,NE-->LR,NE-->LR
LY,LBY,Libya,Tripoli,Africa,Northern Africa,,LY-->NE,LY-->NE,LY-->NE,LY-->NE,LY-->NE,LY-->NE,LY-->NE,LY-->NE,LY-->NE,LY-->NE,LY-->NE,LY-->NE,LY-->NE,LY-->NE,LY-->NE,LY-->NE,LY-->NE,LY-->NE,LY-->NE,,,,,,,,,,,,,,,,,NE-->LY,NE-->LY,NE-->LY,NE-->LY,NE-->LY,NE-->LY,NE-->LY,NE-->LY,NE-->LY,NE-->LY,NE-->LY,NE-->LY,NE-->LY,NE-->LY,NE-->LY,NE-->LY,NE-->LY,NE-->LY,NE-->LY
LI,LIE,Liechtenstein,Vaduz,Europe,Western Europe,,LI-->NE,LI-->NE,LI-->NE,LI-->NE,LI-->NE,LI-->NE,LI-->NE,LI-->NE,LI-->NE,LI-->NE,LI-->NE,LI-->NE,LI-->NE,LI-->NE,LI-->NE,LI-->NE,LI-->NE,LI-->NE,LI-->NE,,,,,,,,,,,,,,,,,NE-->LI,NE-->LI,NE-->LI,NE-->LI,NE-->LI,NE-->LI,NE-->LI,NE-->LI,NE-->LI,NE-->LI,NE-->LI,NE-->LI,NE-->LI,NE-->LI,NE-->LI,NE-->LI,NE-->LI,NE-->LI,NE-->LI
LT,LTU,Lithuania,Vilnius,Europe,Northern Europe,,LT-->NE,LT-->NE,LT-->NE,LT-->NE,LT-->NE,LT-->NE,LT-->NE,LT-->NE,LT-->NE,LT-->NE,LT-->NE,LT-->NE,LT-->NE,LT-->NE,LT-->NE,LT-->NE,LT-->NE,LT-->NE,LT-->NE,,,,,,,,,,,,,,,,,NE-->LT,NE-->LT,NE-->LT,NE-->LT,NE-->LT,NE-->LT,NE-->LT,NE-->LT,NE-->LT,NE-->LT,NE-->LT,NE-->LT,NE-->LT,NE-->LT,NE-->LT,NE-->LT,NE-->LT,NE-->LT,NE-->LT
LU,LUX,Luxembourg,Luxembourg,Europe,Western Europe,,LU-->NE,LU-->NE,LU-->NE,LU-->NE,LU-->NE,LU-->NE,LU-->NE,LU-->NE,LU-->NE,LU-->NE,LU-->NE,LU-->NE,LU-->NE,LU-->NE,LU-->NE,LU-->NE,LU-->NE,LU-->NE,LU-->NE,,,,,,,,,,,,,,,,,NE-->LU,NE-->LU,NE-->LU,NE-->LU,NE-->LU,NE-->LU,NE-->LU,NE-->LU,NE-->LU,NE-->LU,NE-->LU,NE-->LU,NE-->LU,NE-->LU,NE-->LU,NE-->LU,NE-->LU,NE-->LU,NE-->LU
MO,MAC,Macau,,Asia,Eastern Asia,,MO-->NE,MO-->NE,MO-->NE,MO-->NE,MO-->NE,MO-->NE,MO-->NE,MO-->NE,MO-->NE,MO-->NE,MO-->NE,MO-->NE,MO-->NE,MO-->NE,MO-->NE,MO-->NE,MO-->NE,MO-->NE,MO-->NE,,,,,,,,,,,,,,,,,NE-->MO,NE-->MO,NE-->MO,NE-->MO,NE-->MO,NE-->MO,NE-->MO,NE-->MO,NE-->MO,NE-->MO,NE-->MO,NE-->MO,NE-->MO,NE-->MO,NE-->MO,NE-->MO,NE-->MO,NE-->MO,NE-->MO
MK,MKD,Republic of Macedonia,Skopje,Europe,Southern Europe,,MK-->NE,MK-->NE,MK-->NE,MK-->NE,MK-->NE,MK-->NE,MK-->NE,MK-->NE,MK-->NE,MK-->NE,MK-->NE,MK-->NE,MK-->NE,MK-->NE,MK-->NE,MK-->NE,MK-->NE,MK-->NE,MK-->NE,,,,,,,,,,,,,,,,,NE-->MK,NE-->MK,NE-->MK,NE-->MK,NE-->MK,NE-->MK,NE-->MK,NE-->MK,NE-->MK,NE-->MK,NE-->MK,NE-->MK,NE-->MK,NE-->MK,NE-->MK,NE-->MK,NE-->MK,NE-->MK,NE-->MK
MG,MDG,Madagascar,Antananarivo,Africa,Eastern Africa,,MG-->NE,MG-->NE,MG-->NE,MG-->NE,MG-->NE,MG-->NE,MG-->NE,MG-->NE,MG-->NE,MG-->NE,MG-->NE,MG-->NE,MG-->NE,MG-->NE,MG-->NE,MG-->NE,MG-->NE,MG-->NE,MG-->NE,,,,,,,,,,,,,,,,,NE-->MG,NE-->MG,NE-->MG,NE-->MG,NE-->MG,NE-->MG,NE-->MG,NE-->MG,NE-->MG,NE-->MG,NE-->MG,NE-->MG,NE-->MG,NE-->MG,NE-->MG,NE-->MG,NE-->MG,NE-->MG,NE-->MG
MW,MWI,Malawi,Lilongwe,Africa,Eastern Africa,,MW-->NE,MW-->NE,MW-->NE,MW-->NE,MW-->NE,MW-->NE,MW-->NE,MW-->NE,MW-->NE,MW-->NE,MW-->NE,MW-->NE,MW-->NE,MW-->NE,MW-->NE,MW-->NE,MW-->NE,MW-->NE,MW-->NE,,,,,,,,,,,,,,,,,NE-->MW,NE-->MW,NE-->MW,NE-->MW,NE-->MW,NE-->MW,NE-->MW,NE-->MW,NE-->MW,NE-->MW,NE-->MW,NE-->MW,NE-->MW,NE-->MW,NE-->MW,NE-->MW,NE-->MW,NE-->MW,NE-->MW
MY,MYS,Malaysia,Kuala Lumpur,Asia,South-Eastern Asia,,MY-->NE,MY-->NE,MY-->NE,MY-->NE,MY-->NE,MY-->NE,MY-->NE,MY-->NE,MY-->NE,MY-->NE,MY-->NE,MY-->NE,MY-->NE,MY-->NE,MY-->NE,MY-->NE,MY-->NE,MY-->NE,MY-->NE,,,,,,,,,,,,,,,,,NE-->MY,NE-->MY,NE-->MY,NE-->MY,NE-->MY,NE-->MY,NE-->MY,NE-->MY,NE-->MY,NE-->MY,NE-->MY,NE-->MY,NE-->MY,NE-->MY,NE-->MY,NE-->MY,NE-->MY,NE-->MY,NE-->MY
MV,MDV,Maldives,Malé,Asia,Southern Asia,,MV-->NE,MV-->NE,MV-->NE,MV-->NE,MV-->NE,MV-->NE,MV-->NE,MV-->NE,MV-->NE,MV-->NE,MV-->NE,MV-->NE,MV-->NE,MV-->NE,MV-->NE,MV-->NE,MV-->NE,MV-->NE,MV-->NE,,,,,,,,,,,,,,,,,NE-->MV,NE-->MV,NE-->MV,NE-->MV,NE-->MV,NE-->MV,NE-->MV,NE-->MV,NE-->MV,NE-->MV,NE-->MV,NE-->MV,NE-->MV,NE-->MV,NE-->MV,NE-->MV,NE-->MV,NE-->MV,NE-->MV
ML,MLI,Mali,Bamako,Africa,Western Africa,,ML-->NE,ML-->NE,ML-->NE,ML-->NE,ML-->NE,ML-->NE,ML-->NE,ML-->NE,ML-->NE,ML-->NE,ML-->NE,ML-->NE,ML-->NE,ML-->NE,ML-->NE,ML-->NE,ML-->NE,ML-->NE,ML-->NE,,,,,,,,,,,,,,,,,NE-->ML,NE-->ML,NE-->ML,NE-->ML,NE-->ML,NE-->ML,NE-->ML,NE-->ML,NE-->ML,NE-->ML,NE-->ML,NE-->ML,NE-->ML,NE-->ML,NE-->ML,NE-->ML,NE-->ML,NE-->ML,NE-->ML
MT,MLT,Malta,Valletta,Europe,Southern Europe,,MT-->NE,MT-->NE,MT-->NE,MT-->NE,MT-->NE,MT-->NE,MT-->NE,MT-->NE,MT-->NE,MT-->NE,MT-->NE,MT-->NE,MT-->NE,MT-->NE,MT-->NE,MT-->NE,MT-->NE,MT-->NE,MT-->NE,,,,,,,,,,,,,,,,,NE-->MT,NE-->MT,NE-->MT,NE-->MT,NE-->MT,NE-->MT,NE-->MT,NE-->MT,NE-->MT,NE-->MT,NE-->MT,NE-->MT,NE-->MT,NE-->MT,NE-->MT,NE-->MT,NE-->MT,NE-->MT,NE-->MT
MH,MHL,Marshall Islands,Majuro,Oceania,Micronesia,,MH-->NE,MH-->NE,MH-->NE,MH-->NE,MH-->NE,MH-->NE,MH-->NE,MH-->NE,MH-->NE,MH-->NE,MH-->NE,MH-->NE,MH-->NE,MH-->NE,MH-->NE,MH-->NE,MH-->NE,MH-->NE,MH-->NE,,,,,,,,,,,,,,,,,NE-->MH,NE-->MH,NE-->MH,NE-->MH,NE-->MH,NE-->MH,NE-->MH,NE-->MH,NE-->MH,NE-->MH,NE-->MH,NE-->MH,NE-->MH,NE-->MH,NE-->MH,NE-->MH,NE-->MH,NE-->MH,NE-->MH
MQ,MTQ,Martinique,Fort-de-France,Americas,Caribbean,,MQ-->NE,MQ-->NE,MQ-->NE,MQ-->NE,MQ-->NE,MQ-->NE,MQ-->NE,MQ-->NE,MQ-->NE,MQ-->NE,MQ-->NE,MQ-->NE,MQ-->NE,MQ-->NE,MQ-->NE,MQ-->NE,MQ-->NE,MQ-->NE,MQ-->NE,,,,,,,,,,,,,,,,,NE-->MQ,NE-->MQ,NE-->MQ,NE-->MQ,NE-->MQ,NE-->MQ,NE-->MQ,NE-->MQ,NE-->MQ,NE-->MQ,NE-->MQ,NE-->MQ,NE-->MQ,NE-->MQ,NE-->MQ,NE-->MQ,NE-->MQ,NE-->MQ,NE-->MQ
MR,MRT,Mauritania,Nouakchott,Africa,Western Africa,,MR-->NE,MR-->NE,MR-->NE,MR-->NE,MR-->NE,MR-->NE,MR-->NE,MR-->NE,MR-->NE,MR-->NE,MR-->NE,MR-->NE,MR-->NE,MR-->NE,MR-->NE,MR-->NE,MR-->NE,MR-->NE,MR-->NE,0.0,,,,,,,,,,,,,,,,NE-->MR,NE-->MR,NE-->MR,NE-->MR,NE-->MR,NE-->MR,NE-->MR,NE-->MR,NE-->MR,NE-->MR,NE-->MR,NE-->MR,NE-->MR,NE-->MR,NE-->MR,NE-->MR,NE-->MR,NE-->MR,NE-->MR
MU,MUS,Mauritius,Port Louis,Africa,Eastern Africa,,MU-->NE,MU-->NE,MU-->NE,MU-->NE,MU-->NE,MU-->NE,MU-->NE,MU-->NE,MU-->NE,MU-->NE,MU-->NE,MU-->NE,MU-->NE,MU-->NE,MU-->NE,MU-->NE,MU-->NE,MU-->NE,MU-->NE,,,,,,,,,,,,,,,,,NE-->MU,NE-->MU,NE-->MU,NE-->MU,NE-->MU,NE-->MU,NE-->MU,NE-->MU,NE-->MU,NE-->MU,NE-->MU,NE-->MU,NE-->MU,NE-->MU,NE-->MU,NE-->MU,NE-->MU,NE-->MU,NE-->MU
YT,MYT,Mayotte,Mamoudzou,Africa,Eastern Africa,,YT-->NE,YT-->NE,YT-->NE,YT-->NE,YT-->NE,YT-->NE,YT-->NE,YT-->NE,YT-->NE,YT-->NE,YT-->NE,YT-->NE,YT-->NE,YT-->NE,YT-->NE,YT-->NE,YT-->NE,YT-->NE,YT-->NE,,,,,,,,,,,,,,,,,NE-->YT,NE-->YT,NE-->YT,NE-->YT,NE-->YT,NE-->YT,NE-->YT,NE-->YT,NE-->YT,NE-->YT,NE-->YT,NE-->YT,NE-->YT,NE-->YT,NE-->YT,NE-->YT,NE-->YT,NE-->YT,NE-->YT
MX,MEX,Mexico,Mexico City,Americas,Central America,,MX-->NE,MX-->NE,MX-->NE,MX-->NE,MX-->NE,MX-->NE,MX-->NE,MX-->NE,MX-->NE,MX-->NE,MX-->NE,MX-->NE,MX-->NE,MX-->NE,MX-->NE,MX-->NE,MX-->NE,MX-->NE,MX-->NE,,,,,,,,,,,,,,,,,NE-->MX,NE-->MX,NE-->MX,NE-->MX,NE-->MX,NE-->MX,NE-->MX,NE-->MX,NE-->MX,NE-->MX,NE-->MX,NE-->MX,NE-->MX,NE-->MX,NE-->MX,NE-->MX,NE-->MX,NE-->MX,NE-->MX
FM,FSM,Federated States of Micronesia,Palikir,Oceania,Micronesia,,FM-->NE,FM-->NE,FM-->NE,FM-->NE,FM-->NE,FM-->NE,FM-->NE,FM-->NE,FM-->NE,FM-->NE,FM-->NE,FM-->NE,FM-->NE,FM-->NE,FM-->NE,FM-->NE,FM-->NE,FM-->NE,FM-->NE,,,,,,,,,,,,,,,,,NE-->FM,NE-->FM,NE-->FM,NE-->FM,NE-->FM,NE-->FM,NE-->FM,NE-->FM,NE-->FM,NE-->FM,NE-->FM,NE-->FM,NE-->FM,NE-->FM,NE-->FM,NE-->FM,NE-->FM,NE-->FM,NE-->FM
MD,MDA,Moldova,Chișinău,Europe,Eastern Europe,,MD-->NE,MD-->NE,MD-->NE,MD-->NE,MD-->NE,MD-->NE,MD-->NE,MD-->NE,MD-->NE,MD-->NE,MD-->NE,MD-->NE,MD-->NE,MD-->NE,MD-->NE,MD-->NE,MD-->NE,MD-->NE,MD-->NE,,,,,,,,,,,,,,,,,NE-->MD,NE-->MD,NE-->MD,NE-->MD,NE-->MD,NE-->MD,NE-->MD,NE-->MD,NE-->MD,NE-->MD,NE-->MD,NE-->MD,NE-->MD,NE-->MD,NE-->MD,NE-->MD,NE-->MD,NE-->MD,NE-->MD
MC,MCO,Monaco,Monaco,Europe,Western Europe,,MC-->NE,MC-->NE,MC-->NE,MC-->NE,MC-->NE,MC-->NE,MC-->NE,MC-->NE,MC-->NE,MC-->NE,MC-->NE,MC-->NE,MC-->NE,MC-->NE,MC-->NE,MC-->NE,MC-->NE,MC-->NE,MC-->NE,,,,,,,,,,,,,,,,,NE-->MC,NE-->MC,NE-->MC,NE-->MC,NE-->MC,NE-->MC,NE-->MC,NE-->MC,NE-->MC,NE-->MC,NE-->MC,NE-->MC,NE-->MC,NE-->MC,NE-->MC,NE-->MC,NE-->MC,NE-->MC,NE-->MC
MN,MNG,Mongolia,Ulan Bator,Asia,Eastern Asia,,MN-->NE,MN-->NE,MN-->NE,MN-->NE,MN-->NE,MN-->NE,MN-->NE,MN-->NE,MN-->NE,MN-->NE,MN-->NE,MN-->NE,MN-->NE,MN-->NE,MN-->NE,MN-->NE,MN-->NE,MN-->NE,MN-->NE,,,,,,,,,,,,,,,,,NE-->MN,NE-->MN,NE-->MN,NE-->MN,NE-->MN,NE-->MN,NE-->MN,NE-->MN,NE-->MN,NE-->MN,NE-->MN,NE-->MN,NE-->MN,NE-->MN,NE-->MN,NE-->MN,NE-->MN,NE-->MN,NE-->MN
ME,MNE,Montenegro,Podgorica,Europe,Southern Europe,,ME-->NE,ME-->NE,ME-->NE,ME-->NE,ME-->NE,ME-->NE,ME-->NE,ME-->NE,ME-->NE,ME-->NE,ME-->NE,ME-->NE,ME-->NE,ME-->NE,ME-->NE,ME-->NE,ME-->NE,ME-->NE,ME-->NE,,,,,,,,,,,,,,,,,NE-->ME,NE-->ME,NE-->ME,NE-->ME,NE-->ME,NE-->ME,NE-->ME,NE-->ME,NE-->ME,NE-->ME,NE-->ME,NE-->ME,NE-->ME,NE-->ME,NE-->ME,NE-->ME,NE-->ME,NE-->ME,NE-->ME
MS,MSR,Montserrat,Plymouth,Americas,Caribbean,,MS-->NE,MS-->NE,MS-->NE,MS-->NE,MS-->NE,MS-->NE,MS-->NE,MS-->NE,MS-->NE,MS-->NE,MS-->NE,MS-->NE,MS-->NE,MS-->NE,MS-->NE,MS-->NE,MS-->NE,MS-->NE,MS-->NE,,,,,,,,,,,,,,,,,NE-->MS,NE-->MS,NE-->MS,NE-->MS,NE-->MS,NE-->MS,NE-->MS,NE-->MS,NE-->MS,NE-->MS,NE-->MS,NE-->MS,NE-->MS,NE-->MS,NE-->MS,NE-->MS,NE-->MS,NE-->MS,NE-->MS
MA,MAR,Morocco,Rabat,Africa,Northern Africa,,MA-->NE,MA-->NE,MA-->NE,MA-->NE,MA-->NE,MA-->NE,MA-->NE,MA-->NE,MA-->NE,MA-->NE,MA-->NE,MA-->NE,MA-->NE,MA-->NE,MA-->NE,MA-->NE,MA-->NE,MA-->NE,MA-->NE,,,,,,,,,,,,,,,,,NE-->MA,NE-->MA,NE-->MA,NE-->MA,NE-->MA,NE-->MA,NE-->MA,NE-->MA,NE-->MA,NE-->MA,NE-->MA,NE-->MA,NE-->MA,NE-->MA,NE-->MA,NE-->MA,NE-->MA,NE-->MA,NE-->MA
MZ,MOZ,Mozambique,Maputo,Africa,Eastern Africa,,MZ-->NE,MZ-->NE,MZ-->NE,MZ-->NE,MZ-->NE,MZ-->NE,MZ-->NE,MZ-->NE,MZ-->NE,MZ-->NE,MZ-->NE,MZ-->NE,MZ-->NE,MZ-->NE,MZ-->NE,MZ-->NE,MZ-->NE,MZ-->NE,MZ-->NE,,,,,,,,,,,,,,,,,NE-->MZ,NE-->MZ,NE-->MZ,NE-->MZ,NE-->MZ,NE-->MZ,NE-->MZ,NE-->MZ,NE-->MZ,NE-->MZ,NE-->MZ,NE-->MZ,NE-->MZ,NE-->MZ,NE-->MZ,NE-->MZ,NE-->MZ,NE-->MZ,NE-->MZ
MM,MMR,Myanmar,Naypyidaw,Asia,South-Eastern Asia,,MM-->NE,MM-->NE,MM-->NE,MM-->NE,MM-->NE,MM-->NE,MM-->NE,MM-->NE,MM-->NE,MM-->NE,MM-->NE,MM-->NE,MM-->NE,MM-->NE,MM-->NE,MM-->NE,MM-->NE,MM-->NE,MM-->NE,,,,,,,,,,,,,,,,,NE-->MM,NE-->MM,NE-->MM,NE-->MM,NE-->MM,NE-->MM,NE-->MM,NE-->MM,NE-->MM,NE-->MM,NE-->MM,NE-->MM,NE-->MM,NE-->MM,NE-->MM,NE-->MM,NE-->MM,NE-->MM,NE-->MM
,NAM,Namibia,Windhoek,Africa,Southern Africa,,NA-->NE,NA-->NE,NA-->NE,NA-->NE,NA-->NE,NA-->NE,NA-->NE,NA-->NE,NA-->NE,NA-->NE,NA-->NE,NA-->NE,NA-->NE,NA-->NE,NA-->NE,NA-->NE,NA-->NE,NA-->NE,NA-->NE,,,,,,,,,,,,,,,,,NE-->NA,NE-->NA,NE-->NA,NE-->NA,NE-->NA,NE-->NA,NE-->NA,NE-->NA,NE-->NA,NE-->NA,NE-->NA,NE-->NA,NE-->NA,NE-->NA,NE-->NA,NE-->NA,NE-->NA,NE-->NA,NE-->NA
NR,NRU,Nauru,Yaren,Oceania,Micronesia,,NR-->NE,NR-->NE,NR-->NE,NR-->NE,NR-->NE,NR-->NE,NR-->NE,NR-->NE,NR-->NE,NR-->NE,NR-->NE,NR-->NE,NR-->NE,NR-->NE,NR-->NE,NR-->NE,NR-->NE,NR-->NE,NR-->NE,,,,,,,,,,,,,,,,,NE-->NR,NE-->NR,NE-->NR,NE-->NR,NE-->NR,NE-->NR,NE-->NR,NE-->NR,NE-->NR,NE-->NR,NE-->NR,NE-->NR,NE-->NR,NE-->NR,NE-->NR,NE-->NR,NE-->NR,NE-->NR,NE-->NR
NP,NPL,Nepal,Kathmandu,Asia,Southern Asia,,NP-->NE,NP-->NE,NP-->NE,NP-->NE,NP-->NE,NP-->NE,NP-->NE,NP-->NE,NP-->NE,NP-->NE,NP-->NE,NP-->NE,NP-->NE,NP-->NE,NP-->NE,NP-->NE,NP-->NE,NP-->NE,NP-->NE,,,,,,,,,,,,,,,,,NE-->NP,NE-->NP,NE-->NP,NE-->NP,NE-->NP,NE-->NP,NE-->NP,NE-->NP,NE-->NP,NE-->NP,NE-->NP,NE-->NP,NE-->NP,NE-->NP,NE-->NP,NE-->NP,NE-->NP,NE-->NP,NE-->NP
NL,NLD,Netherlands,Amsterdam,Europe,Western Europe,,NL-->NE,NL-->NE,NL-->NE,NL-->NE,NL-->NE,NL-->NE,NL-->NE,NL-->NE,NL-->NE,NL-->NE,NL-->NE,NL-->NE,NL-->NE,NL-->NE,NL-->NE,NL-->NE,NL-->NE,NL-->NE,NL-->NE,,,,,,,,,,,,,,,,,NE-->NL,NE-->NL,NE-->NL,NE-->NL,NE-->NL,NE-->NL,NE-->NL,NE-->NL,NE-->NL,NE-->NL,NE-->NL,NE-->NL,NE-->NL,NE-->NL,NE-->NL,NE-->NL,NE-->NL,NE-->NL,NE-->NL
NC,NCL,New Caledonia,Nouméa,Oceania,Melanesia,,NC-->NE,NC-->NE,NC-->NE,NC-->NE,NC-->NE,NC-->NE,NC-->NE,NC-->NE,NC-->NE,NC-->NE,NC-->NE,NC-->NE,NC-->NE,NC-->NE,NC-->NE,NC-->NE,NC-->NE,NC-->NE,NC-->NE,,,,,,,,,,,,,,,,,NE-->NC,NE-->NC,NE-->NC,NE-->NC,NE-->NC,NE-->NC,NE-->NC,NE-->NC,NE-->NC,NE-->NC,NE-->NC,NE-->NC,NE-->NC,NE-->NC,NE-->NC,NE-->NC,NE-->NC,NE-->NC,NE-->NC
NZ,NZL,New Zealand,Wellington,Oceania,Australia and New Zealand,,NZ-->NE,NZ-->NE,NZ-->NE,NZ-->NE,NZ-->NE,NZ-->NE,NZ-->NE,NZ-->NE,NZ-->NE,NZ-->NE,NZ-->NE,NZ-->NE,NZ-->NE,NZ-->NE,NZ-->NE,NZ-->NE,NZ-->NE,NZ-->NE,NZ-->NE,,,,,,,,,,,,,,,,,NE-->NZ,NE-->NZ,NE-->NZ,NE-->NZ,NE-->NZ,NE-->NZ,NE-->NZ,NE-->NZ,NE-->NZ,NE-->NZ,NE-->NZ,NE-->NZ,NE-->NZ,NE-->NZ,NE-->NZ,NE-->NZ,NE-->NZ,NE-->NZ,NE-->NZ
NI,NIC,Nicaragua,Managua,Americas,Central America,,NI-->NE,NI-->NE,NI-->NE,NI-->NE,NI-->NE,NI-->NE,NI-->NE,NI-->NE,NI-->NE,NI-->NE,NI-->NE,NI-->NE,NI-->NE,NI-->NE,NI-->NE,NI-->NE,NI-->NE,NI-->NE,NI-->NE,,,,,,,,,,,,,,,,,NE-->NI,NE-->NI,NE-->NI,NE-->NI,NE-->NI,NE-->NI,NE-->NI,NE-->NI,NE-->NI,NE-->NI,NE-->NI,NE-->NI,NE-->NI,NE-->NI,NE-->NI,NE-->NI,NE-->NI,NE-->NI,NE-->NI
NE,NER,Niger,Niamey,Africa,Western Africa,,NE-->NE,NE-->NE,NE-->NE,NE-->NE,NE-->NE,NE-->NE,NE-->NE,NE-->NE,NE-->NE,NE-->NE,NE-->NE,NE-->NE,NE-->NE,NE-->NE,NE-->NE,NE-->NE,NE-->NE,NE-->NE,NE-->NE,,,,,,,,,,,,,,,,,NE-->NE,NE-->NE,NE-->NE,NE-->NE,NE-->NE,NE-->NE,NE-->NE,NE-->NE,NE-->NE,NE-->NE,NE-->NE,NE-->NE,NE-->NE,NE-->NE,NE-->NE,NE-->NE,NE-->NE,NE-->NE,NE-->NE
NG,NGA,Nigeria,Abuja,Africa,Western Africa,,NG-->NE,NG-->NE,NG-->NE,NG-->NE,NG-->NE,NG-->NE,NG-->NE,NG-->NE,NG-->NE,NG-->NE,NG-->NE,NG-->NE,NG-->NE,NG-->NE,NG-->NE,NG-->NE,NG-->NE,NG-->NE,NG-->NE,,,,,,,,,,,,,,,,,NE-->NG,NE-->NG,NE-->NG,NE-->NG,NE-->NG,NE-->NG,NE-->NG,NE-->NG,NE-->NG,NE-->NG,NE-->NG,NE-->NG,NE-->NG,NE-->NG,NE-->NG,NE-->NG,NE-->NG,NE-->NG,NE-->NG
NU,NIU,Niue,Alofi,Oceania,Polynesia,,NU-->NE,NU-->NE,NU-->NE,NU-->NE,NU-->NE,NU-->NE,NU-->NE,NU-->NE,NU-->NE,NU-->NE,NU-->NE,NU-->NE,NU-->NE,NU-->NE,NU-->NE,NU-->NE,NU-->NE,NU-->NE,NU-->NE,,,,,,,,,,,,,,,,,NE-->NU,NE-->NU,NE-->NU,NE-->NU,NE-->NU,NE-->NU,NE-->NU,NE-->NU,NE-->NU,NE-->NU,NE-->NU,NE-->NU,NE-->NU,NE-->NU,NE-->NU,NE-->NU,NE-->NU,NE-->NU,NE-->NU
NF,NFK,Norfolk Island,Kingston,Oceania,Australia and New Zealand,,NF-->NE,NF-->NE,NF-->NE,NF-->NE,NF-->NE,NF-->NE,NF-->NE,NF-->NE,NF-->NE,NF-->NE,NF-->NE,NF-->NE,NF-->NE,NF-->NE,NF-->NE,NF-->NE,NF-->NE,NF-->NE,NF-->NE,,,,,,,,,,,,,,,,,NE-->NF,NE-->NF,NE-->NF,NE-->NF,NE-->NF,NE-->NF,NE-->NF,NE-->NF,NE-->NF,NE-->NF,NE-->NF,NE-->NF,NE-->NF,NE-->NF,NE-->NF,NE-->NF,NE-->NF,NE-->NF,NE-->NF
KP,PRK,North Korea,Pyongyang,Asia,Eastern Asia,,KP-->NE,KP-->NE,KP-->NE,KP-->NE,KP-->NE,KP-->NE,KP-->NE,KP-->NE,KP-->NE,KP-->NE,KP-->NE,KP-->NE,KP-->NE,KP-->NE,KP-->NE,KP-->NE,KP-->NE,KP-->NE,KP-->NE,,,,,,,,,,,,,,,,,NE-->KP,NE-->KP,NE-->KP,NE-->KP,NE-->KP,NE-->KP,NE-->KP,NE-->KP,NE-->KP,NE-->KP,NE-->KP,NE-->KP,NE-->KP,NE-->KP,NE-->KP,NE-->KP,NE-->KP,NE-->KP,NE-->KP
MP,MNP,Northern Mariana Islands,Saipan,Oceania,Micronesia,,MP-->NE,MP-->NE,MP-->NE,MP-->NE,MP-->NE,MP-->NE,MP-->NE,MP-->NE,MP-->NE,MP-->NE,MP-->NE,MP-->NE,MP-->NE,MP-->NE,MP-->NE,MP-->NE,MP-->NE,MP-->NE,MP-->NE,,,,,,,,,,,,,,,,,NE-->MP,NE-->MP,NE-->MP,NE-->MP,NE-->MP,NE-->MP,NE-->MP,NE-->MP,NE-->MP,NE-->MP,NE-->MP,NE-->MP,NE-->MP,NE-->MP,NE-->MP,NE-->MP,NE-->MP,NE-->MP,NE-->MP
NO,NOR,Norway,Oslo,Europe,Northern Europe,,NO-->NE,NO-->NE,NO-->NE,NO-->NE,NO-->NE,NO-->NE,NO-->NE,NO-->NE,NO-->NE,NO-->NE,NO-->NE,NO-->NE,NO-->NE,NO-->NE,NO-->NE,NO-->NE,NO-->NE,NO-->NE,NO-->NE,,,,,,,,,,,,,,,,,NE-->NO,NE-->NO,NE-->NO,NE-->NO,NE-->NO,NE-->NO,NE-->NO,NE-->NO,NE-->NO,NE-->NO,NE-->NO,NE-->NO,NE-->NO,NE-->NO,NE-->NO,NE-->NO,NE-->NO,NE-->NO,NE-->NO
OM,OMN,Oman,Muscat,Asia,Western Asia,,OM-->NE,OM-->NE,OM-->NE,OM-->NE,OM-->NE,OM-->NE,OM-->NE,OM-->NE,OM-->NE,OM-->NE,OM-->NE,OM-->NE,OM-->NE,OM-->NE,OM-->NE,OM-->NE,OM-->NE,OM-->NE,OM-->NE,,,,,,,,,,,,,,,,,NE-->OM,NE-->OM,NE-->OM,NE-->OM,NE-->OM,NE-->OM,NE-->OM,NE-->OM,NE-->OM,NE-->OM,NE-->OM,NE-->OM,NE-->OM,NE-->OM,NE-->OM,NE-->OM,NE-->OM,NE-->OM,NE-->OM
PK,PAK,Pakistan,Islamabad,Asia,Southern Asia,,PK-->NE,PK-->NE,PK-->NE,PK-->NE,PK-->NE,PK-->NE,PK-->NE,PK-->NE,PK-->NE,PK-->NE,PK-->NE,PK-->NE,PK-->NE,PK-->NE,PK-->NE,PK-->NE,PK-->NE,PK-->NE,PK-->NE,,,,,,,,,,,,,,,,,NE-->PK,NE-->PK,NE-->PK,NE-->PK,NE-->PK,NE-->PK,NE-->PK,NE-->PK,NE-->PK,NE-->PK,NE-->PK,NE-->PK,NE-->PK,NE-->PK,NE-->PK,NE-->PK,NE-->PK,NE-->PK,NE-->PK
PW,PLW,Palau,Ngerulmud,Oceania,Micronesia,,PW-->NE,PW-->NE,PW-->NE,PW-->NE,PW-->NE,PW-->NE,PW-->NE,PW-->NE,PW-->NE,PW-->NE,PW-->NE,PW-->NE,PW-->NE,PW-->NE,PW-->NE,PW-->NE,PW-->NE,PW-->NE,PW-->NE,,,,,,,,,,,,,,,,,NE-->PW,NE-->PW,NE-->PW,NE-->PW,NE-->PW,NE-->PW,NE-->PW,NE-->PW,NE-->PW,NE-->PW,NE-->PW,NE-->PW,NE-->PW,NE-->PW,NE-->PW,NE-->PW,NE-->PW,NE-->PW,NE-->PW
PS,PSE,Palestine,Ramallah,Asia,Western Asia,,PS-->NE,PS-->NE,PS-->NE,PS-->NE,PS-->NE,PS-->NE,PS-->NE,PS-->NE,PS-->NE,PS-->NE,PS-->NE,PS-->NE,PS-->NE,PS-->NE,PS-->NE,PS-->NE,PS-->NE,PS-->NE,PS-->NE,,,,,,,,,,,,,,,,,NE-->PS,NE-->PS,NE-->PS,NE-->PS,NE-->PS,NE-->PS,NE-->PS,NE-->PS,NE-->PS,NE-->PS,NE-->PS,NE-->PS,NE-->PS,NE-->PS,NE-->PS,NE-->PS,NE-->PS,NE-->PS,NE-->PS
PA,PAN,Panama,Panama City,Americas,Central America,,PA-->NE,PA-->NE,PA-->NE,PA-->NE,PA-->NE,PA-->NE,PA-->NE,PA-->NE,PA-->NE,PA-->NE,PA-->NE,PA-->NE,PA-->NE,PA-->NE,PA-->NE,PA-->NE,PA-->NE,PA-->NE,PA-->NE,,,,,,,,,,,,,,,,,NE-->PA,NE-->PA,NE-->PA,NE-->PA,NE-->PA,NE-->PA,NE-->PA,NE-->PA,NE-->PA,NE-->PA,NE-->PA,NE-->PA,NE-->PA,NE-->PA,NE-->PA,NE-->PA,NE-->PA,NE-->PA,NE-->PA
PG,PNG,Papua New Guinea,Port Moresby,Oceania,Melanesia,,PG-->NE,PG-->NE,PG-->NE,PG-->NE,PG-->NE,PG-->NE,PG-->NE,PG-->NE,PG-->NE,PG-->NE,PG-->NE,PG-->NE,PG-->NE,PG-->NE,PG-->NE,PG-->NE,PG-->NE,PG-->NE,PG-->NE,,,,,,,,,,,,,,,,,NE-->PG,NE-->PG,NE-->PG,NE-->PG,NE-->PG,NE-->PG,NE-->PG,NE-->PG,NE-->PG,NE-->PG,NE-->PG,NE-->PG,NE-->PG,NE-->PG,NE-->PG,NE-->PG,NE-->PG,NE-->PG,NE-->PG
PY,PRY,Paraguay,Asunción,Americas,South America,,PY-->NE,PY-->NE,PY-->NE,PY-->NE,PY-->NE,PY-->NE,PY-->NE,PY-->NE,PY-->NE,PY-->NE,PY-->NE,PY-->NE,PY-->NE,PY-->NE,PY-->NE,PY-->NE,PY-->NE,PY-->NE,PY-->NE,,,,,,,,,,,,,,,,,NE-->PY,NE-->PY,NE-->PY,NE-->PY,NE-->PY,NE-->PY,NE-->PY,NE-->PY,NE-->PY,NE-->PY,NE-->PY,NE-->PY,NE-->PY,NE-->PY,NE-->PY,NE-->PY,NE-->PY,NE-->PY,NE-->PY
PE,PER,Peru,Lima,Americas,South America,,PE-->NE,PE-->NE,PE-->NE,PE-->NE,PE-->NE,PE-->NE,PE-->NE,PE-->NE,PE-->NE,PE-->NE,PE-->NE,PE-->NE,PE-->NE,PE-->NE,PE-->NE,PE-->NE,PE-->NE,PE-->NE,PE-->NE,,,,,,,,,,,,,,,,,NE-->PE,NE-->PE,NE-->PE,NE-->PE,NE-->PE,NE-->PE,NE-->PE,NE-->PE,NE-->PE,NE-->PE,NE-->PE,NE-->PE,NE-->PE,NE-->PE,NE-->PE,NE-->PE,NE-->PE,NE-->PE,NE-->PE
PH,PHL,Philippines,Manila,Asia,South-Eastern Asia,,PH-->NE,PH-->NE,PH-->NE,PH-->NE,PH-->NE,PH-->NE,PH-->NE,PH-->NE,PH-->NE,PH-->NE,PH-->NE,PH-->NE,PH-->NE,PH-->NE,PH-->NE,PH-->NE,PH-->NE,PH-->NE,PH-->NE,,,,,,,,,,,,,,,,,NE-->PH,NE-->PH,NE-->PH,NE-->PH,NE-->PH,NE-->PH,NE-->PH,NE-->PH,NE-->PH,NE-->PH,NE-->PH,NE-->PH,NE-->PH,NE-->PH,NE-->PH,NE-->PH,NE-->PH,NE-->PH,NE-->PH
PN,PCN,Pitcairn Islands,Adamstown,Oceania,Polynesia,,PN-->NE,PN-->NE,PN-->NE,PN-->NE,PN-->NE,PN-->NE,PN-->NE,PN-->NE,PN-->NE,PN-->NE,PN-->NE,PN-->NE,PN-->NE,PN-->NE,PN-->NE,PN-->NE,PN-->NE,PN-->NE,PN-->NE,,,,,,,,,,,,,,,,,NE-->PN,NE-->PN,NE-->PN,NE-->PN,NE-->PN,NE-->PN,NE-->PN,NE-->PN,NE-->PN,NE-->PN,NE-->PN,NE-->PN,NE-->PN,NE-->PN,NE-->PN,NE-->PN,NE-->PN,NE-->PN,NE-->PN
PL,POL,Poland,Warsaw,Europe,Eastern Europe,,PL-->NE,PL-->NE,PL-->NE,PL-->NE,PL-->NE,PL-->NE,PL-->NE,PL-->NE,PL-->NE,PL-->NE,PL-->NE,PL-->NE,PL-->NE,PL-->NE,PL-->NE,PL-->NE,PL-->NE,PL-->NE,PL-->NE,,,,,,,,,,,,,,,,,NE-->PL,NE-->PL,NE-->PL,NE-->PL,NE-->PL,NE-->PL,NE-->PL,NE-->PL,NE-->PL,NE-->PL,NE-->PL,NE-->PL,NE-->PL,NE-->PL,NE-->PL,NE-->PL,NE-->PL,NE-->PL,NE-->PL
PT,PRT,Portugal,Lisbon,Europe,Southern Europe,,PT-->NE,PT-->NE,PT-->NE,PT-->NE,PT-->NE,PT-->NE,PT-->NE,PT-->NE,PT-->NE,PT-->NE,PT-->NE,PT-->NE,PT-->NE,PT-->NE,PT-->NE,PT-->NE,PT-->NE,PT-->NE,PT-->NE,,,,,,,,,,,,,,,,,NE-->PT,NE-->PT,NE-->PT,NE-->PT,NE-->PT,NE-->PT,NE-->PT,NE-->PT,NE-->PT,NE-->PT,NE-->PT,NE-->PT,NE-->PT,NE-->PT,NE-->PT,NE-->PT,NE-->PT,NE-->PT,NE-->PT
PR,PRI,Puerto Rico,San Juan,Americas,Caribbean,,PR-->NE,PR-->NE,PR-->NE,PR-->NE,PR-->NE,PR-->NE,PR-->NE,PR-->NE,PR-->NE,PR-->NE,PR-->NE,PR-->NE,PR-->NE,PR-->NE,PR-->NE,PR-->NE,PR-->NE,PR-->NE,PR-->NE,,,,,,,,,,,,,,,,,NE-->PR,NE-->PR,NE-->PR,NE-->PR,NE-->PR,NE-->PR,NE-->PR,NE-->PR,NE-->PR,NE-->PR,NE-->PR,NE-->PR,NE-->PR,NE-->PR,NE-->PR,NE-->PR,NE-->PR,NE-->PR,NE-->PR
QA,QAT,Qatar,Doha,Asia,Western Asia,,QA-->NE,QA-->NE,QA-->NE,QA-->NE,QA-->NE,QA-->NE,QA-->NE,QA-->NE,QA-->NE,QA-->NE,QA-->NE,QA-->NE,QA-->NE,QA-->NE,QA-->NE,QA-->NE,QA-->NE,QA-->NE,QA-->NE,,,,,,,,,,,,,,,,,NE-->QA,NE-->QA,NE-->QA,NE-->QA,NE-->QA,NE-->QA,NE-->QA,NE-->QA,NE-->QA,NE-->QA,NE-->QA,NE-->QA,NE-->QA,NE-->QA,NE-->QA,NE-->QA,NE-->QA,NE-->QA,NE-->QA
XK,KOS,Republic of Kosovo,Pristina,Europe,Eastern Europe,,XK-->NE,XK-->NE,XK-->NE,XK-->NE,XK-->NE,XK-->NE,XK-->NE,XK-->NE,XK-->NE,XK-->NE,XK-->NE,XK-->NE,XK-->NE,XK-->NE,XK-->NE,XK-->NE,XK-->NE,XK-->NE,XK-->NE,,,,,,,,,,,,,,,,,NE-->XK,NE-->XK,NE-->XK,NE-->XK,NE-->XK,NE-->XK,NE-->XK,NE-->XK,NE-->XK,NE-->XK,NE-->XK,NE-->XK,NE-->XK,NE-->XK,NE-->XK,NE-->XK,NE-->XK,NE-->XK,NE-->XK
RE,REU,Réunion,Saint-Denis,Africa,Eastern Africa,,RE-->NE,RE-->NE,RE-->NE,RE-->NE,RE-->NE,RE-->NE,RE-->NE,RE-->NE,RE-->NE,RE-->NE,RE-->NE,RE-->NE,RE-->NE,RE-->NE,RE-->NE,RE-->NE,RE-->NE,RE-->NE,RE-->NE,,,,,,,,,,,,,,,,,NE-->RE,NE-->RE,NE-->RE,NE-->RE,NE-->RE,NE-->RE,NE-->RE,NE-->RE,NE-->RE,NE-->RE,NE-->RE,NE-->RE,NE-->RE,NE-->RE,NE-->RE,NE-->RE,NE-->RE,NE-->RE,NE-->RE
RO,ROU,Romania,Bucharest,Europe,Eastern Europe,,RO-->NE,RO-->NE,RO-->NE,RO-->NE,RO-->NE,RO-->NE,RO-->NE,RO-->NE,RO-->NE,RO-->NE,RO-->NE,RO-->NE,RO-->NE,RO-->NE,RO-->NE,RO-->NE,RO-->NE,RO-->NE,RO-->NE,,,,,,,,,,,,,,,,,NE-->RO,NE-->RO,NE-->RO,NE-->RO,NE-->RO,NE-->RO,NE-->RO,NE-->RO,NE-->RO,NE-->RO,NE-->RO,NE-->RO,NE-->RO,NE-->RO,NE-->RO,NE-->RO,NE-->RO,NE-->RO,NE-->RO
RU,RUS,Russia,Moscow,Europe,Eastern Europe,,RU-->NE,RU-->NE,RU-->NE,RU-->NE,RU-->NE,RU-->NE,RU-->NE,RU-->NE,RU-->NE,RU-->NE,RU-->NE,RU-->NE,RU-->NE,RU-->NE,RU-->NE,RU-->NE,RU-->NE,RU-->NE,RU-->NE,,,,,,,,,,,,,,,,,NE-->RU,NE-->RU,NE-->RU,NE-->RU,NE-->RU,NE-->RU,NE-->RU,NE-->RU,NE-->RU,NE-->RU,NE-->RU,NE-->RU,NE-->RU,NE-->RU,NE-->RU,NE-->RU,NE-->RU,NE-->RU,NE-->RU
RW,RWA,Rwanda,Kigali,Africa,Eastern Africa,,RW-->NE,RW-->NE,RW-->NE,RW-->NE,RW-->NE,RW-->NE,RW-->NE,RW-->NE,RW-->NE,RW-->NE,RW-->NE,RW-->NE,RW-->NE,RW-->NE,RW-->NE,RW-->NE,RW-->NE,RW-->NE,RW-->NE,,,,,,,,,,,,,,,,,NE-->RW,NE-->RW,NE-->RW,NE-->RW,NE-->RW,NE-->RW,NE-->RW,NE-->RW,NE-->RW,NE-->RW,NE-->RW,NE-->RW,NE-->RW,NE-->RW,NE-->RW,NE-->RW,NE-->RW,NE-->RW,NE-->RW
BL,BLM,Saint Barthélemy,Gustavia,Americas,Caribbean,,BL-->NE,BL-->NE,BL-->NE,BL-->NE,BL-->NE,BL-->NE,BL-->NE,BL-->NE,BL-->NE,BL-->NE,BL-->NE,BL-->NE,BL-->NE,BL-->NE,BL-->NE,BL-->NE,BL-->NE,BL-->NE,BL-->NE,,,,,,,,,,,,,,,,,NE-->BL,NE-->BL,NE-->BL,NE-->BL,NE-->BL,NE-->BL,NE-->BL,NE-->BL,NE-->BL,NE-->BL,NE-->BL,NE-->BL,NE-->BL,NE-->BL,NE-->BL,NE-->BL,NE-->BL,NE-->BL,NE-->BL
SH,SHN,Saint Helena,Jamestown,Africa,Western Africa,,SH-->NE,SH-->NE,SH-->NE,SH-->NE,SH-->NE,SH-->NE,SH-->NE,SH-->NE,SH-->NE,SH-->NE,SH-->NE,SH-->NE,SH-->NE,SH-->NE,SH-->NE,SH-->NE,SH-->NE,SH-->NE,SH-->NE,,,,,,,,,,,,,,,,,NE-->SH,NE-->SH,NE-->SH,NE-->SH,NE-->SH,NE-->SH,NE-->SH,NE-->SH,NE-->SH,NE-->SH,NE-->SH,NE-->SH,NE-->SH,NE-->SH,NE-->SH,NE-->SH,NE-->SH,NE-->SH,NE-->SH
KN,KNA,Saint Kitts and Nevis,Basseterre,Americas,Caribbean,,KN-->NE,KN-->NE,KN-->NE,KN-->NE,KN-->NE,KN-->NE,KN-->NE,KN-->NE,KN-->NE,KN-->NE,KN-->NE,KN-->NE,KN-->NE,KN-->NE,KN-->NE,KN-->NE,KN-->NE,KN-->NE,KN-->NE,,,,,,,,,,,,,,,,,NE-->KN,NE-->KN,NE-->KN,NE-->KN,NE-->KN,NE-->KN,NE-->KN,NE-->KN,NE-->KN,NE-->KN,NE-->KN,NE-->KN,NE-->KN,NE-->KN,NE-->KN,NE-->KN,NE-->KN,NE-->KN,NE-->KN
LC,LCA,Saint Lucia,Castries,Americas,Caribbean,,LC-->NE,LC-->NE,LC-->NE,LC-->NE,LC-->NE,LC-->NE,LC-->NE,LC-->NE,LC-->NE,LC-->NE,LC-->NE,LC-->NE,LC-->NE,LC-->NE,LC-->NE,LC-->NE,LC-->NE,LC-->NE,LC-->NE,,,,,,,,,,,,,,,,,NE-->LC,NE-->LC,NE-->LC,NE-->LC,NE-->LC,NE-->LC,NE-->LC,NE-->LC,NE-->LC,NE-->LC,NE-->LC,NE-->LC,NE-->LC,NE-->LC,NE-->LC,NE-->LC,NE-->LC,NE-->LC,NE-->LC
MF,MAF,Saint Martin,Marigot,Americas,Caribbean,,MF-->NE,MF-->NE,MF-->NE,MF-->NE,MF-->NE,MF-->NE,MF-->NE,MF-->NE,MF-->NE,MF-->NE,MF-->NE,MF-->NE,MF-->NE,MF-->NE,MF-->NE,MF-->NE,MF-->NE,MF-->NE,MF-->NE,,,,,,,,,,,,,,,,,NE-->MF,NE-->MF,NE-->MF,NE-->MF,NE-->MF,NE-->MF,NE-->MF,NE-->MF,NE-->MF,NE-->MF,NE-->MF,NE-->MF,NE-->MF,NE-->MF,NE-->MF,NE-->MF,NE-->MF,NE-->MF,NE-->MF
PM,SPM,Saint Pierre and Miquelon,Saint-Pierre,Americas,Northern America,,PM-->NE,PM-->NE,PM-->NE,PM-->NE,PM-->NE,PM-->NE,PM-->NE,PM-->NE,PM-->NE,PM-->NE,PM-->NE,PM-->NE,PM-->NE,PM-->NE,PM-->NE,PM-->NE,PM-->NE,PM-->NE,PM-->NE,,,,,,,,,,,,,,,,,NE-->PM,NE-->PM,NE-->PM,NE-->PM,NE-->PM,NE-->PM,NE-->PM,NE-->PM,NE-->PM,NE-->PM,NE-->PM,NE-->PM,NE-->PM,NE-->PM,NE-->PM,NE-->PM,NE-->PM,NE-->PM,NE-->PM
VC,VCT,Saint Vincent and the Grenadines,Kingstown,Americas,Caribbean,,VC-->NE,VC-->NE,VC-->NE,VC-->NE,VC-->NE,VC-->NE,VC-->NE,VC-->NE,VC-->NE,VC-->NE,VC-->NE,VC-->NE,VC-->NE,VC-->NE,VC-->NE,VC-->NE,VC-->NE,VC-->NE,VC-->NE,,,,,,,,,,,,,,,,,NE-->VC,NE-->VC,NE-->VC,NE-->VC,NE-->VC,NE-->VC,NE-->VC,NE-->VC,NE-->VC,NE-->VC,NE-->VC,NE-->VC,NE-->VC,NE-->VC,NE-->VC,NE-->VC,NE-->VC,NE-->VC,NE-->VC
WS,WSM,Samoa,Apia,Oceania,Polynesia,,WS-->NE,WS-->NE,WS-->NE,WS-->NE,WS-->NE,WS-->NE,WS-->NE,WS-->NE,WS-->NE,WS-->NE,WS-->NE,WS-->NE,WS-->NE,WS-->NE,WS-->NE,WS-->NE,WS-->NE,WS-->NE,WS-->NE,,,,,,,,,,,,,,,,,NE-->WS,NE-->WS,NE-->WS,NE-->WS,NE-->WS,NE-->WS,NE-->WS,NE-->WS,NE-->WS,NE-->WS,NE-->WS,NE-->WS,NE-->WS,NE-->WS,NE-->WS,NE-->WS,NE-->WS,NE-->WS,NE-->WS
SM,SMR,San Marino,City of San Marino,Europe,Southern Europe,,SM-->NE,SM-->NE,SM-->NE,SM-->NE,SM-->NE,SM-->NE,SM-->NE,SM-->NE,SM-->NE,SM-->NE,SM-->NE,SM-->NE,SM-->NE,SM-->NE,SM-->NE,SM-->NE,SM-->NE,SM-->NE,SM-->NE,,,,,,,,,,,,,,,,,NE-->SM,NE-->SM,NE-->SM,NE-->SM,NE-->SM,NE-->SM,NE-->SM,NE-->SM,NE-->SM,NE-->SM,NE-->SM,NE-->SM,NE-->SM,NE-->SM,NE-->SM,NE-->SM,NE-->SM,NE-->SM,NE-->SM
ST,STP,São Tomé and Príncipe,São Tomé,Africa,Middle Africa,,ST-->NE,ST-->NE,ST-->NE,ST-->NE,ST-->NE,ST-->NE,ST-->NE,ST-->NE,ST-->NE,ST-->NE,ST-->NE,ST-->NE,ST-->NE,ST-->NE,ST-->NE,ST-->NE,ST-->NE,ST-->NE,ST-->NE,,,,,,,,,,,,,,,,,NE-->ST,NE-->ST,NE-->ST,NE-->ST,NE-->ST,NE-->ST,NE-->ST,NE-->ST,NE-->ST,NE-->ST,NE-->ST,NE-->ST,NE-->ST,NE-->ST,NE-->ST,NE-->ST,NE-->ST,NE-->ST,NE-->ST
SA,SAU,Saudi Arabia,Riyadh,Asia,Western Asia,,SA-->NE,SA-->NE,SA-->NE,SA-->NE,SA-->NE,SA-->NE,SA-->NE,SA-->NE,SA-->NE,SA-->NE,SA-->NE,SA-->NE,SA-->NE,SA-->NE,SA-->NE,SA-->NE,SA-->NE,SA-->NE,SA-->NE,,,,,,,,,,,,,,,,,NE-->SA,NE-->SA,NE-->SA,NE-->SA,NE-->SA,NE-->SA,NE-->SA,NE-->SA,NE-->SA,NE-->SA,NE-->SA,NE-->SA,NE-->SA,NE-->SA,NE-->SA,NE-->SA,NE-->SA,NE-->SA,NE-->SA
SN,SEN,Senegal,Dakar,Africa,Western Africa,,SN-->NE,SN-->NE,SN-->NE,SN-->NE,SN-->NE,SN-->NE,SN-->NE,SN-->NE,SN-->NE,SN-->NE,SN-->NE,SN-->NE,SN-->NE,SN-->NE,SN-->NE,SN-->NE,SN-->NE,SN-->NE,SN-->NE,,,,,,,,,,,,,,,,,NE-->SN,NE-->SN,NE-->SN,NE-->SN,NE-->SN,NE-->SN,NE-->SN,NE-->SN,NE-->SN,NE-->SN,NE-->SN,NE-->SN,NE-->SN,NE-->SN,NE-->SN,NE-->SN,NE-->SN,NE-->SN,NE-->SN
RS,SRB,Serbia,Belgrade,Europe,Southern Europe,,RS-->NE,RS-->NE,RS-->NE,RS-->NE,RS-->NE,RS-->NE,RS-->NE,RS-->NE,RS-->NE,RS-->NE,RS-->NE,RS-->NE,RS-->NE,RS-->NE,RS-->NE,RS-->NE,RS-->NE,RS-->NE,RS-->NE,,,,,,,,,,,,,,,,,NE-->RS,NE-->RS,NE-->RS,NE-->RS,NE-->RS,NE-->RS,NE-->RS,NE-->RS,NE-->RS,NE-->RS,NE-->RS,NE-->RS,NE-->RS,NE-->RS,NE-->RS,NE-->RS,NE-->RS,NE-->RS,NE-->RS
SC,SYC,Seychelles,Victoria,Africa,Eastern Africa,,SC-->NE,SC-->NE,SC-->NE,SC-->NE,SC-->NE,SC-->NE,SC-->NE,SC-->NE,SC-->NE,SC-->NE,SC-->NE,SC-->NE,SC-->NE,SC-->NE,SC-->NE,SC-->NE,SC-->NE,SC-->NE,SC-->NE,,,,,,,,,,,,,,,,,NE-->SC,NE-->SC,NE-->SC,NE-->SC,NE-->SC,NE-->SC,NE-->SC,NE-->SC,NE-->SC,NE-->SC,NE-->SC,NE-->SC,NE-->SC,NE-->SC,NE-->SC,NE-->SC,NE-->SC,NE-->SC,NE-->SC
SL,SLE,Sierra Leone,Freetown,Africa,Western Africa,,SL-->NE,SL-->NE,SL-->NE,SL-->NE,SL-->NE,SL-->NE,SL-->NE,SL-->NE,SL-->NE,SL-->NE,SL-->NE,SL-->NE,SL-->NE,SL-->NE,SL-->NE,SL-->NE,SL-->NE,SL-->NE,SL-->NE,,,,,,,,,,,,,,,,,NE-->SL,NE-->SL,NE-->SL,NE-->SL,NE-->SL,NE-->SL,NE-->SL,NE-->SL,NE-->SL,NE-->SL,NE-->SL,NE-->SL,NE-->SL,NE-->SL,NE-->SL,NE-->SL,NE-->SL,NE-->SL,NE-->SL
SG,SGP,Singapore,Singapore,Asia,South-Eastern Asia,,SG-->NE,SG-->NE,SG-->NE,SG-->NE,SG-->NE,SG-->NE,SG-->NE,SG-->NE,SG-->NE,SG-->NE,SG-->NE,SG-->NE,SG-->NE,SG-->NE,SG-->NE,SG-->NE,SG-->NE,SG-->NE,SG-->NE,,,,,,,,,,,,,,,,,NE-->SG,NE-->SG,NE-->SG,NE-->SG,NE-->SG,NE-->SG,NE-->SG,NE-->SG,NE-->SG,NE-->SG,NE-->SG,NE-->SG,NE-->SG,NE-->SG,NE-->SG,NE-->SG,NE-->SG,NE-->SG,NE-->SG
SX,SXM,Sint Maarten,Philipsburg,Americas,Caribbean,,SX-->NE,SX-->NE,SX-->NE,SX-->NE,SX-->NE,SX-->NE,SX-->NE,SX-->NE,SX-->NE,SX-->NE,SX-->NE,SX-->NE,SX-->NE,SX-->NE,SX-->NE,SX-->NE,SX-->NE,SX-->NE,SX-->NE,,,,,,,,,,,,,,,,,NE-->SX,NE-->SX,NE-->SX,NE-->SX,NE-->SX,NE-->SX,NE-->SX,NE-->SX,NE-->SX,NE-->SX,NE-->SX,NE-->SX,NE-->SX,NE-->SX,NE-->SX,NE-->SX,NE-->SX,NE-->SX,NE-->SX
SK,SVK,Slovakia,Bratislava,Europe,Eastern Europe,,SK-->NE,SK-->NE,SK-->NE,SK-->NE,SK-->NE,SK-->NE,SK-->NE,SK-->NE,SK-->NE,SK-->NE,SK-->NE,SK-->NE,SK-->NE,SK-->NE,SK-->NE,SK-->NE,SK-->NE,SK-->NE,SK-->NE,,,,,,,,,,,,,,,,,NE-->SK,NE-->SK,NE-->SK,NE-->SK,NE-->SK,NE-->SK,NE-->SK,NE-->SK,NE-->SK,NE-->SK,NE-->SK,NE-->SK,NE-->SK,NE-->SK,NE-->SK,NE-->SK,NE-->SK,NE-->SK,NE-->SK
SI,SVN,Slovenia,Ljubljana,Europe,Southern Europe,,SI-->NE,SI-->NE,SI-->NE,SI-->NE,SI-->NE,SI-->NE,SI-->NE,SI-->NE,SI-->NE,SI-->NE,SI-->NE,SI-->NE,SI-->NE,SI-->NE,SI-->NE,SI-->NE,SI-->NE,SI-->NE,SI-->NE,,,,,,,,,,,,,,,,,NE-->SI,NE-->SI,NE-->SI,NE-->SI,NE-->SI,NE-->SI,NE-->SI,NE-->SI,NE-->SI,NE-->SI,NE-->SI,NE-->SI,NE-->SI,NE-->SI,NE-->SI,NE-->SI,NE-->SI,NE-->SI,NE-->SI
SB,SLB,Solomon Islands,Honiara,Oceania,Melanesia,,SB-->NE,SB-->NE,SB-->NE,SB-->NE,SB-->NE,SB-->NE,SB-->NE,SB-->NE,SB-->NE,SB-->NE,SB-->NE,SB-->NE,SB-->NE,SB-->NE,SB-->NE,SB-->NE,SB-->NE,SB-->NE,SB-->NE,,,,,,,,,,,,,,,,,NE-->SB,NE-->SB,NE-->SB,NE-->SB,NE-->SB,NE-->SB,NE-->SB,NE-->SB,NE-->SB,NE-->SB,NE-->SB,NE-->SB,NE-->SB,NE-->SB,NE-->SB,NE-->SB,NE-->SB,NE-->SB,NE-->SB
SO,SOM,Somalia,Mogadishu,Africa,Eastern Africa,,SO-->NE,SO-->NE,SO-->NE,SO-->NE,SO-->NE,SO-->NE,SO-->NE,SO-->NE,SO-->NE,SO-->NE,SO-->NE,SO-->NE,SO-->NE,SO-->NE,SO-->NE,SO-->NE,SO-->NE,SO-->NE,SO-->NE,,,,,,,,,,,,,,,,,NE-->SO,NE-->SO,NE-->SO,NE-->SO,NE-->SO,NE-->SO,NE-->SO,NE-->SO,NE-->SO,NE-->SO,NE-->SO,NE-->SO,NE-->SO,NE-->SO,NE-->SO,NE-->SO,NE-->SO,NE-->SO,NE-->SO
ZA,ZAF,South Africa,Pretoria,Africa,Southern Africa,,ZA-->NE,ZA-->NE,ZA-->NE,ZA-->NE,ZA-->NE,ZA-->NE,ZA-->NE,ZA-->NE,ZA-->NE,ZA-->NE,ZA-->NE,ZA-->NE,ZA-->NE,ZA-->NE,ZA-->NE,ZA-->NE,ZA-->NE,ZA-->NE,ZA-->NE,,,,,,,,,,,,,,,,,NE-->ZA,NE-->ZA,NE-->ZA,NE-->ZA,NE-->ZA,NE-->ZA,NE-->ZA,NE-->ZA,NE-->ZA,NE-->ZA,NE-->ZA,NE-->ZA,NE-->ZA,NE-->ZA,NE-->ZA,NE-->ZA,NE-->ZA,NE-->ZA,NE-->ZA
GS,SGS,South Georgia,King Edward Point,Americas,South America,,GS-->NE,GS-->NE,GS-->NE,GS-->NE,GS-->NE,GS-->NE,GS-->NE,GS-->NE,GS-->NE,GS-->NE,GS-->NE,GS-->NE,GS-->NE,GS-->NE,GS-->NE,GS-->NE,GS-->NE,GS-->NE,GS-->NE,,,,,,,,,,,,,,,,,NE-->GS,NE-->GS,NE-->GS,NE-->GS,NE-->GS,NE-->GS,NE-->GS,NE-->GS,NE-->GS,NE-->GS,NE-->GS,NE-->GS,NE-->GS,NE-->GS,NE-->GS,NE-->GS,NE-->GS,NE-->GS,NE-->GS
KR,KOR,South Korea,Seoul,Asia,Eastern Asia,,KR-->NE,KR-->NE,KR-->NE,KR-->NE,KR-->NE,KR-->NE,KR-->NE,KR-->NE,KR-->NE,KR-->NE,KR-->NE,KR-->NE,KR-->NE,KR-->NE,KR-->NE,KR-->NE,KR-->NE,KR-->NE,KR-->NE,,,,,,,,,,,,,,,,,NE-->KR,NE-->KR,NE-->KR,NE-->KR,NE-->KR,NE-->KR,NE-->KR,NE-->KR,NE-->KR,NE-->KR,NE-->KR,NE-->KR,NE-->KR,NE-->KR,NE-->KR,NE-->KR,NE-->KR,NE-->KR,NE-->KR
SS,SSD,South Sudan,Juba,Africa,Middle Africa,,SS-->NE,SS-->NE,SS-->NE,SS-->NE,SS-->NE,SS-->NE,SS-->NE,SS-->NE,SS-->NE,SS-->NE,SS-->NE,SS-->NE,SS-->NE,SS-->NE,SS-->NE,SS-->NE,SS-->NE,SS-->NE,SS-->NE,,,,,,,,,,,,,,,,,NE-->SS,NE-->SS,NE-->SS,NE-->SS,NE-->SS,NE-->SS,NE-->SS,NE-->SS,NE-->SS,NE-->SS,NE-->SS,NE-->SS,NE-->SS,NE-->SS,NE-->SS,NE-->SS,NE-->SS,NE-->SS,NE-->SS
ES,ESP,Spain,Madrid,Europe,Southern Europe,,ES-->NE,ES-->NE,ES-->NE,ES-->NE,ES-->NE,ES-->NE,ES-->NE,ES-->NE,ES-->NE,ES-->NE,ES-->NE,ES-->NE,ES-->NE,ES-->NE,ES-->NE,ES-->NE,ES-->NE,ES-->NE,ES-->NE,,,,,,,,,,,,,,,,,NE-->ES,NE-->ES,NE-->ES,NE-->ES,NE-->ES,NE-->ES,NE-->ES,NE-->ES,NE-->ES,NE-->ES,NE-->ES,NE-->ES,NE-->ES,NE-->ES,NE-->ES,NE-->ES,NE-->ES,NE-->ES,NE-->ES
LK,LKA,Sri Lanka,Colombo,Asia,Southern Asia,,LK-->NE,LK-->NE,LK-->NE,LK-->NE,LK-->NE,LK-->NE,LK-->NE,LK-->NE,LK-->NE,LK-->NE,LK-->NE,LK-->NE,LK-->NE,LK-->NE,LK-->NE,LK-->NE,LK-->NE,LK-->NE,LK-->NE,,,,,,,,,,,,,,,,,NE-->LK,NE-->LK,NE-->LK,NE-->LK,NE-->LK,NE-->LK,NE-->LK,NE-->LK,NE-->LK,NE-->LK,NE-->LK,NE-->LK,NE-->LK,NE-->LK,NE-->LK,NE-->LK,NE-->LK,NE-->LK,NE-->LK
SD,SDN,Sudan,Khartoum,Africa,Northern Africa,,SD-->NE,SD-->NE,SD-->NE,SD-->NE,SD-->NE,SD-->NE,SD-->NE,SD-->NE,SD-->NE,SD-->NE,SD-->NE,SD-->NE,SD-->NE,SD-->NE,SD-->NE,SD-->NE,SD-->NE,SD-->NE,SD-->NE,,,,,,,,,,,,,,,,,NE-->SD,NE-->SD,NE-->SD,NE-->SD,NE-->SD,NE-->SD,NE-->SD,NE-->SD,NE-->SD,NE-->SD,NE-->SD,NE-->SD,NE-->SD,NE-->SD,NE-->SD,NE-->SD,NE-->SD,NE-->SD,NE-->SD
SR,SUR,Suriname,Paramaribo,Americas,South America,,SR-->NE,SR-->NE,SR-->NE,SR-->NE,SR-->NE,SR-->NE,SR-->NE,SR-->NE,SR-->NE,SR-->NE,SR-->NE,SR-->NE,SR-->NE,SR-->NE,SR-->NE,SR-->NE,SR-->NE,SR-->NE,SR-->NE,,,,,,,,,,,,,,,,,NE-->SR,NE-->SR,NE-->SR,NE-->SR,NE-->SR,NE-->SR,NE-->SR,NE-->SR,NE-->SR,NE-->SR,NE-->SR,NE-->SR,NE-->SR,NE-->SR,NE-->SR,NE-->SR,NE-->SR,NE-->SR,NE-->SR
SJ,SJM,Svalbard and Jan Mayen,Longyearbyen,Europe,Northern Europe,,SJ-->NE,SJ-->NE,SJ-->NE,SJ-->NE,SJ-->NE,SJ-->NE,SJ-->NE,SJ-->NE,SJ-->NE,SJ-->NE,SJ-->NE,SJ-->NE,SJ-->NE,SJ-->NE,SJ-->NE,SJ-->NE,SJ-->NE,SJ-->NE,SJ-->NE,,,,,,,,,,,,,,,,,NE-->SJ,NE-->SJ,NE-->SJ,NE-->SJ,NE-->SJ,NE-->SJ,NE-->SJ,NE-->SJ,NE-->SJ,NE-->SJ,NE-->SJ,NE-->SJ,NE-->SJ,NE-->SJ,NE-->SJ,NE-->SJ,NE-->SJ,NE-->SJ,NE-->SJ
SZ,SWZ,Swaziland,Lobamba,Africa,Southern Africa,,SZ-->NE,SZ-->NE,SZ-->NE,SZ-->NE,SZ-->NE,SZ-->NE,SZ-->NE,SZ-->NE,SZ-->NE,SZ-->NE,SZ-->NE,SZ-->NE,SZ-->NE,SZ-->NE,SZ-->NE,SZ-->NE,SZ-->NE,SZ-->NE,SZ-->NE,,,,,,,,,,,,,,,,,NE-->SZ,NE-->SZ,NE-->SZ,NE-->SZ,NE-->SZ,NE-->SZ,NE-->SZ,NE-->SZ,NE-->SZ,NE-->SZ,NE-->SZ,NE-->SZ,NE-->SZ,NE-->SZ,NE-->SZ,NE-->SZ,NE-->SZ,NE-->SZ,NE-->SZ
SE,SWE,Sweden,Stockholm,Europe,Northern Europe,,SE-->NE,SE-->NE,SE-->NE,SE-->NE,SE-->NE,SE-->NE,SE-->NE,SE-->NE,SE-->NE,SE-->NE,SE-->NE,SE-->NE,SE-->NE,SE-->NE,SE-->NE,SE-->NE,SE-->NE,SE-->NE,SE-->NE,,,,,,,,,,,,,,,,,NE-->SE,NE-->SE,NE-->SE,NE-->SE,NE-->SE,NE-->SE,NE-->SE,NE-->SE,NE-->SE,NE-->SE,NE-->SE,NE-->SE,NE-->SE,NE-->SE,NE-->SE,NE-->SE,NE-->SE,NE-->SE,NE-->SE
CH,CHE,Switzerland,Bern,Europe,Western Europe,,CH-->NE,CH-->NE,CH-->NE,CH-->NE,CH-->NE,CH-->NE,CH-->NE,CH-->NE,CH-->NE,CH-->NE,CH-->NE,CH-->NE,CH-->NE,CH-->NE,CH-->NE,CH-->NE,CH-->NE,CH-->NE,CH-->NE,,,,,,,,,,,,,,,,,NE-->CH,NE-->CH,NE-->CH,NE-->CH,NE-->CH,NE-->CH,NE-->CH,NE-->CH,NE-->CH,NE-->CH,NE-->CH,NE-->CH,NE-->CH,NE-->CH,NE-->CH,NE-->CH,NE-->CH,NE-->CH,NE-->CH
SY,SYR,Syria,Damascus,Asia,Western Asia,,SY-->NE,SY-->NE,SY-->NE,SY-->NE,SY-->NE,SY-->NE,SY-->NE,SY-->NE,SY-->NE,SY-->NE,SY-->NE,SY-->NE,SY-->NE,SY-->NE,SY-->NE,SY-->NE,SY-->NE,SY-->NE,SY-->NE,,,,,,,,,,,,,,,,,NE-->SY,NE-->SY,NE-->SY,NE-->SY,NE-->SY,NE-->SY,NE-->SY,NE-->SY,NE-->SY,NE-->SY,NE-->SY,NE-->SY,NE-->SY,NE-->SY,NE-->SY,NE-->SY,NE-->SY,NE-->SY,NE-->SY
TW,TWN,Taiwan,Taipei,Asia,Eastern Asia,,TW-->NE,TW-->NE,TW-->NE,TW-->NE,TW-->NE,TW-->NE,TW-->NE,TW-->NE,TW-->NE,TW-->NE,TW-->NE,TW-->NE,TW-->NE,TW-->NE,TW-->NE,TW-->NE,TW-->NE,TW-->NE,TW-->NE,,,,,,,,,,,,,,,,,NE-->TW,NE-->TW,NE-->TW,NE-->TW,NE-->TW,NE-->TW,NE-->TW,NE-->TW,NE-->TW,NE-->TW,NE-->TW,NE-->TW,NE-->TW,NE-->TW,NE-->TW,NE-->TW,NE-->TW,NE-->TW,NE-->TW
TJ,TJK,Tajikistan,Dushanbe,Asia,Central Asia,,TJ-->NE,TJ-->NE,TJ-->NE,TJ-->NE,TJ-->NE,TJ-->NE,TJ-->NE,TJ-->NE,TJ-->NE,TJ-->NE,TJ-->NE,TJ-->NE,TJ-->NE,TJ-->NE,TJ-->NE,TJ-->NE,TJ-->NE,TJ-->NE,TJ-->NE,,,,,,,,,,,,,,,,,NE-->TJ,NE-->TJ,NE-->TJ,NE-->TJ,NE-->TJ,NE-->TJ,NE-->TJ,NE-->TJ,NE-->TJ,NE-->TJ,NE-->TJ,NE-->TJ,NE-->TJ,NE-->TJ,NE-->TJ,NE-->TJ,NE-->TJ,NE-->TJ,NE-->TJ
TZ,TZA,Tanzania,Dodoma,Africa,Eastern Africa,,TZ-->NE,TZ-->NE,TZ-->NE,TZ-->NE,TZ-->NE,TZ-->NE,TZ-->NE,TZ-->NE,TZ-->NE,TZ-->NE,TZ-->NE,TZ-->NE,TZ-->NE,TZ-->NE,TZ-->NE,TZ-->NE,TZ-->NE,TZ-->NE,TZ-->NE,,,,,,,,,,,,,,,,,NE-->TZ,NE-->TZ,NE-->TZ,NE-->TZ,NE-->TZ,NE-->TZ,NE-->TZ,NE-->TZ,NE-->TZ,NE-->TZ,NE-->TZ,NE-->TZ,NE-->TZ,NE-->TZ,NE-->TZ,NE-->TZ,NE-->TZ,NE-->TZ,NE-->TZ
TH,THA,Thailand,Bangkok,Asia,South-Eastern Asia,,TH-->NE,TH-->NE,TH-->NE,TH-->NE,TH-->NE,TH-->NE,TH-->NE,TH-->NE,TH-->NE,TH-->NE,TH-->NE,TH-->NE,TH-->NE,TH-->NE,TH-->NE,TH-->NE,TH-->NE,TH-->NE,TH-->NE,,,,,,,,,,,,,,,,,NE-->TH,NE-->TH,NE-->TH,NE-->TH,NE-->TH,NE-->TH,NE-->TH,NE-->TH,NE-->TH,NE-->TH,NE-->TH,NE-->TH,NE-->TH,NE-->TH,NE-->TH,NE-->TH,NE-->TH,NE-->TH,NE-->TH
TL,TLS,East Timor,Dili,Asia,South-Eastern Asia,,TL-->NE,TL-->NE,TL-->NE,TL-->NE,TL-->NE,TL-->NE,TL-->NE,TL-->NE,TL-->NE,TL-->NE,TL-->NE,TL-->NE,TL-->NE,TL-->NE,TL-->NE,TL-->NE,TL-->NE,TL-->NE,TL-->NE,,,,,,,,,,,,,,,,,NE-->TL,NE-->TL,NE-->TL,NE-->TL,NE-->TL,NE-->TL,NE-->TL,NE-->TL,NE-->TL,NE-->TL,NE-->TL,NE-->TL,NE-->TL,NE-->TL,NE-->TL,NE-->TL,NE-->TL,NE-->TL,NE-->TL
TG,TGO,Togo,Lomé,Africa,Western Africa,,TG-->NE,TG-->NE,TG-->NE,TG-->NE,TG-->NE,TG-->NE,TG-->NE,TG-->NE,TG-->NE,TG-->NE,TG-->NE,TG-->NE,TG-->NE,TG-->NE,TG-->NE,TG-->NE,TG-->NE,TG-->NE,TG-->NE,,,,,,,,,,,,,,,,,NE-->TG,NE-->TG,NE-->TG,NE-->TG,NE-->TG,NE-->TG,NE-->TG,NE-->TG,NE-->TG,NE-->TG,NE-->TG,NE-->TG,NE-->TG,NE-->TG,NE-->TG,NE-->TG,NE-->TG,NE-->TG,NE-->TG
TK,TKL,Tokelau,Fakaofo,Oceania,Polynesia,,TK-->NE,TK-->NE,TK-->NE,TK-->NE,TK-->NE,TK-->NE,TK-->NE,TK-->NE,TK-->NE,TK-->NE,TK-->NE,TK-->NE,TK-->NE,TK-->NE,TK-->NE,TK-->NE,TK-->NE,TK-->NE,TK-->NE,,,,,,,,,,,,,,,,,NE-->TK,NE-->TK,NE-->TK,NE-->TK,NE-->TK,NE-->TK,NE-->TK,NE-->TK,NE-->TK,NE-->TK,NE-->TK,NE-->TK,NE-->TK,NE-->TK,NE-->TK,NE-->TK,NE-->TK,NE-->TK,NE-->TK
TO,TON,Tonga,Nuku'alofa,Oceania,Polynesia,,TO-->NE,TO-->NE,TO-->NE,TO-->NE,TO-->NE,TO-->NE,TO-->NE,TO-->NE,TO-->NE,TO-->NE,TO-->NE,TO-->NE,TO-->NE,TO-->NE,TO-->NE,TO-->NE,TO-->NE,TO-->NE,TO-->NE,,,,,,,,,,,,,,,,,NE-->TO,NE-->TO,NE-->TO,NE-->TO,NE-->TO,NE-->TO,NE-->TO,NE-->TO,NE-->TO,NE-->TO,NE-->TO,NE-->TO,NE-->TO,NE-->TO,NE-->TO,NE-->TO,NE-->TO,NE-->TO,NE-->TO
TT,TTO,Trinidad and Tobago,Port of Spain,Americas,Caribbean,,TT-->NE,TT-->NE,TT-->NE,TT-->NE,TT-->NE,TT-->NE,TT-->NE,TT-->NE,TT-->NE,TT-->NE,TT-->NE,TT-->NE,TT-->NE,TT-->NE,TT-->NE,TT-->NE,TT-->NE,TT-->NE,TT-->NE,,,,,,,,,,,,,,,,,NE-->TT,NE-->TT,NE-->TT,NE-->TT,NE-->TT,NE-->TT,NE-->TT,NE-->TT,NE-->TT,NE-->TT,NE-->TT,NE-->TT,NE-->TT,NE-->TT,NE-->TT,NE-->TT,NE-->TT,NE-->TT,NE-->TT
TN,TUN,Tunisia,Tunis,Africa,Northern Africa,,TN-->NE,TN-->NE,TN-->NE,TN-->NE,TN-->NE,TN-->NE,TN-->NE,TN-->NE,TN-->NE,TN-->NE,TN-->NE,TN-->NE,TN-->NE,TN-->NE,TN-->NE,TN-->NE,TN-->NE,TN-->NE,TN-->NE,,,,,,,,,,,,,,,,,NE-->TN,NE-->TN,NE-->TN,NE-->TN,NE-->TN,NE-->TN,NE-->TN,NE-->TN,NE-->TN,NE-->TN,NE-->TN,NE-->TN,NE-->TN,NE-->TN,NE-->TN,NE-->TN,NE-->TN,NE-->TN,NE-->TN
TR,TUR,Turkey,Ankara,Asia,Western Asia,,TR-->NE,TR-->NE,TR-->NE,TR-->NE,TR-->NE,TR-->NE,TR-->NE,TR-->NE,TR-->NE,TR-->NE,TR-->NE,TR-->NE,TR-->NE,TR-->NE,TR-->NE,TR-->NE,TR-->NE,TR-->NE,TR-->NE,,,,,,,,,,,,,,,,,NE-->TR,NE-->TR,NE-->TR,NE-->TR,NE-->TR,NE-->TR,NE-->TR,NE-->TR,NE-->TR,NE-->TR,NE-->TR,NE-->TR,NE-->TR,NE-->TR,NE-->TR,NE-->TR,NE-->TR,NE-->TR,NE-->TR
TM,TKM,Turkmenistan,Ashgabat,Asia,Central Asia,,TM-->NE,TM-->NE,TM-->NE,TM-->NE,TM-->NE,TM-->NE,TM-->NE,TM-->NE,TM-->NE,TM-->NE,TM-->NE,TM-->NE,TM-->NE,TM-->NE,TM-->NE,TM-->NE,TM-->NE,TM-->NE,TM-->NE,,,,,,,,,,,,,,,,,NE-->TM,NE-->TM,NE-->TM,NE-->TM,NE-->TM,NE-->TM,NE-->TM,NE-->TM,NE-->TM,NE-->TM,NE-->TM,NE-->TM,NE-->TM,NE-->TM,NE-->TM,NE-->TM,NE-->TM,NE-->TM,NE-->TM
TC,TCA,Turks and Caicos Islands,Cockburn Town,Americas,Caribbean,,TC-->NE,TC-->NE,TC-->NE,TC-->NE,TC-->NE,TC-->NE,TC-->NE,TC-->NE,TC-->NE,TC-->NE,TC-->NE,TC-->NE,TC-->NE,TC-->NE,TC-->NE,TC-->NE,TC-->NE,TC-->NE,TC-->NE,,,,,,,,,,,,,,,,,NE-->TC,NE-->TC,NE-->TC,NE-->TC,NE-->TC,NE-->TC,NE-->TC,NE-->TC,NE-->TC,NE-->TC,NE-->TC,NE-->TC,NE-->TC,NE-->TC,NE-->TC,NE-->TC,NE-->TC,NE-->TC,NE-->TC
TV,TUV,Tuvalu,Funafuti,Oceania,Polynesia,,TV-->NE,TV-->NE,TV-->NE,TV-->NE,TV-->NE,TV-->NE,TV-->NE,TV-->NE,TV-->NE,TV-->NE,TV-->NE,TV-->NE,TV-->NE,TV-->NE,TV-->NE,TV-->NE,TV-->NE,TV-->NE,TV-->NE,,,,,,,,,,,,,,,,,NE-->TV,NE-->TV,NE-->TV,NE-->TV,NE-->TV,NE-->TV,NE-->TV,NE-->TV,NE-->TV,NE-->TV,NE-->TV,NE-->TV,NE-->TV,NE-->TV,NE-->TV,NE-->TV,NE-->TV,NE-->TV,NE-->TV
UG,UGA,Uganda,Kampala,Africa,Eastern Africa,,UG-->NE,UG-->NE,UG-->NE,UG-->NE,UG-->NE,UG-->NE,UG-->NE,UG-->NE,UG-->NE,UG-->NE,UG-->NE,UG-->NE,UG-->NE,UG-->NE,UG-->NE,UG-->NE,UG-->NE,UG-->NE,UG-->NE,,,,,,,,,,,,,,,,,NE-->UG,NE-->UG,NE-->UG,NE-->UG,NE-->UG,NE-->UG,NE-->UG,NE-->UG,NE-->UG,NE-->UG,NE-->UG,NE-->UG,NE-->UG,NE-->UG,NE-->UG,NE-->UG,NE-->UG,NE-->UG,NE-->UG
UA,UKR,Ukraine,Kiev,Europe,Eastern Europe,,UA-->NE,UA-->NE,UA-->NE,UA-->NE,UA-->NE,UA-->NE,UA-->NE,UA-->NE,UA-->NE,UA-->NE,UA-->NE,UA-->NE,UA-->NE,UA-->NE,UA-->NE,UA-->NE,UA-->NE,UA-->NE,UA-->NE,,,,,,,,,,,,,,,,,NE-->UA,NE-->UA,NE-->UA,NE-->UA,NE-->UA,NE-->UA,NE-->UA,NE-->UA,NE-->UA,NE-->UA,NE-->UA,NE-->UA,NE-->UA,NE-->UA,NE-->UA,NE-->UA,NE-->UA,NE-->UA,NE-->UA
AE,ARE,United Arab Emirates,Abu Dhabi,Asia,Western Asia,,AE-->NE,AE-->NE,AE-->NE,AE-->NE,AE-->NE,AE-->NE,AE-->NE,AE-->NE,AE-->NE,AE-->NE,AE-->NE,AE-->NE,AE-->NE,AE-->NE,AE-->NE,AE-->NE,AE-->NE,AE-->NE,AE-->NE,,,,,,,,,,,,,,,,,NE-->AE,NE-->AE,NE-->AE,NE-->AE,NE-->AE,NE-->AE,NE-->AE,NE-->AE,NE-->AE,NE-->AE,NE-->AE,NE-->AE,NE-->AE,NE-->AE,NE-->AE,NE-->AE,NE-->AE,NE-->AE,NE-->AE
GB,GBR,United Kingdom,London,Europe,Northern Europe,,GB-->NE,GB-->NE,GB-->NE,GB-->NE,GB-->NE,GB-->NE,GB-->NE,GB-->NE,GB-->NE,GB-->NE,GB-->NE,GB-->NE,GB-->NE,GB-->NE,GB-->NE,GB-->NE,GB-->NE,GB-->NE,GB-->NE,,,,,,,,,,,,,,,,,NE-->GB,NE-->GB,NE-->GB,NE-->GB,NE-->GB,NE-->GB,NE-->GB,NE-->GB,NE-->GB,NE-->GB,NE-->GB,NE-->GB,NE-->GB,NE-->GB,NE-->GB,NE-->GB,NE-->GB,NE-->GB,NE-->GB
US,USA,United States,"Washington, D.C.",Americas,Northern America,,US-->NE,US-->NE,US-->NE,US-->NE,US-->NE,US-->NE,US-->NE,US-->NE,US-->NE,US-->NE,US-->NE,US-->NE,US-->NE,US-->NE,US-->NE,US-->NE,US-->NE,US-->NE,US-->NE,,,,,,,,,,,,,,,,,NE-->US,NE-->US,NE-->US,NE-->US,NE-->US,NE-->US,NE-->US,NE-->US,NE-->US,NE-->US,NE-->US,NE-->US,NE-->US,NE-->US,NE-->US,NE-->US,NE-->US,NE-->US,NE-->US
UY,URY,Uruguay,Montevideo,Americas,South America,,UY-->NE,UY-->NE,UY-->NE,UY-->NE,UY-->NE,UY-->NE,UY-->NE,UY-->NE,UY-->NE,UY-->NE,UY-->NE,UY-->NE,UY-->NE,UY-->NE,UY-->NE,UY-->NE,UY-->NE,UY-->NE,UY-->NE,,,,,,,,,,,,,,,,,NE-->UY,NE-->UY,NE-->UY,NE-->UY,NE-->UY,NE-->UY,NE-->UY,NE-->UY,NE-->UY,NE-->UY,NE-->UY,NE-->UY,NE-->UY,NE-->UY,NE-->UY,NE-->UY,NE-->UY,NE-->UY,NE-->UY
UZ,UZB,Uzbekistan,Tashkent,Asia,Central Asia,,UZ-->NE,UZ-->NE,UZ-->NE,UZ-->NE,UZ-->NE,UZ-->NE,UZ-->NE,UZ-->NE,UZ-->NE,UZ-->NE,UZ-->NE,UZ-->NE,UZ-->NE,UZ-->NE,UZ-->NE,UZ-->NE,UZ-->NE,UZ-->NE,UZ-->NE,,,,,,,,,,,,,,,,,NE-->UZ,NE-->UZ,NE-->UZ,NE-->UZ,NE-->UZ,NE-->UZ,NE-->UZ,NE-->UZ,NE-->UZ,NE-->UZ,NE-->UZ,NE-->UZ,NE-->UZ,NE-->UZ,NE-->UZ,NE-->UZ,NE-->UZ,NE-->UZ,NE-->UZ
VU,VUT,Vanuatu,Port Vila,Oceania,Melanesia,,VU-->NE,VU-->NE,VU-->NE,VU-->NE,VU-->NE,VU-->NE,VU-->NE,VU-->NE,VU-->NE,VU-->NE,VU-->NE,VU-->NE,VU-->NE,VU-->NE,VU-->NE,VU-->NE,VU-->NE,VU-->NE,VU-->NE,,,,,,,,,,,,,,,,,NE-->VU,NE-->VU,NE-->VU,NE-->VU,NE-->VU,NE-->VU,NE-->VU,NE-->VU,NE-->VU,NE-->VU,NE-->VU,NE-->VU,NE-->VU,NE-->VU,NE-->VU,NE-->VU,NE-->VU,NE-->VU,NE-->VU
VE,VEN,Venezuela,Caracas,Americas,South America,,VE-->NE,VE-->NE,VE-->NE,VE-->NE,VE-->NE,VE-->NE,VE-->NE,VE-->NE,VE-->NE,VE-->NE,VE-->NE,VE-->NE,VE-->NE,VE-->NE,VE-->NE,VE-->NE,VE-->NE,VE-->NE,VE-->NE,,,,,,,,,,,,,,,,,NE-->VE,NE-->VE,NE-->VE,NE-->VE,NE-->VE,NE-->VE,NE-->VE,NE-->VE,NE-->VE,NE-->VE,NE-->VE,NE-->VE,NE-->VE,NE-->VE,NE-->VE,NE-->VE,NE-->VE,NE-->VE,NE-->VE
VN,VNM,Vietnam,Hanoi,Asia,South-Eastern Asia,,VN-->NE,VN-->NE,VN-->NE,VN-->NE,VN-->NE,VN-->NE,VN-->NE,VN-->NE,VN-->NE,VN-->NE,VN-->NE,VN-->NE,VN-->NE,VN-->NE,VN-->NE,VN-->NE,VN-->NE,VN-->NE,VN-->NE,,,,,,,,,,,,,,,,,NE-->VN,NE-->VN,NE-->VN,NE-->VN,NE-->VN,NE-->VN,NE-->VN,NE-->VN,NE-->VN,NE-->VN,NE-->VN,NE-->VN,NE-->VN,NE-->VN,NE-->VN,NE-->VN,NE-->VN,NE-->VN,NE-->VN
WF,WLF,Wallis and Futuna,Mata-Utu,Oceania,Polynesia,,WF-->NE,WF-->NE,WF-->NE,WF-->NE,WF-->NE,WF-->NE,WF-->NE,WF-->NE,WF-->NE,WF-->NE,WF-->NE,WF-->NE,WF-->NE,WF-->NE,WF-->NE,WF-->NE,WF-->NE,WF-->NE,WF-->NE,,,,,,,,,,,,,,,,,NE-->WF,NE-->WF,NE-->WF,NE-->WF,NE-->WF,NE-->WF,NE-->WF,NE-->WF,NE-->WF,NE-->WF,NE-->WF,NE-->WF,NE-->WF,NE-->WF,NE-->WF,NE-->WF,NE-->WF,NE-->WF,NE-->WF
EH,ESH,Western Sahara,El Aaiún,Africa,Northern Africa,,EH-->NE,EH-->NE,EH-->NE,EH-->NE,EH-->NE,EH-->NE,EH-->NE,EH-->NE,EH-->NE,EH-->NE,EH-->NE,EH-->NE,EH-->NE,EH-->NE,EH-->NE,EH-->NE,EH-->NE,EH-->NE,EH-->NE,,,,,,,,,,,,,,,,,NE-->EH,NE-->EH,NE-->EH,NE-->EH,NE-->EH,NE-->EH,NE-->EH,NE-->EH,NE-->EH,NE-->EH,NE-->EH,NE-->EH,NE-->EH,NE-->EH,NE-->EH,NE-->EH,NE-->EH,NE-->EH,NE-->EH
YE,YEM,Yemen,Sana'a,Asia,Western Asia,,YE-->NE,YE-->NE,YE-->NE,YE-->NE,YE-->NE,YE-->NE,YE-->NE,YE-->NE,YE-->NE,YE-->NE,YE-->NE,YE-->NE,YE-->NE,YE-->NE,YE-->NE,YE-->NE,YE-->NE,YE-->NE,YE-->NE,,,,,,,,,,,,,,,,,NE-->YE,NE-->YE,NE-->YE,NE-->YE,NE-->YE,NE-->YE,NE-->YE,NE-->YE,NE-->YE,NE-->YE,NE-->YE,NE-->YE,NE-->YE,NE-->YE,NE-->YE,NE-->YE,NE-->YE,NE-->YE,NE-->YE
ZM,ZMB,Zambia,Lusaka,Africa,Eastern Africa,,ZM-->NE,ZM-->NE,ZM-->NE,ZM-->NE,ZM-->NE,ZM-->NE,ZM-->NE,ZM-->NE,ZM-->NE,ZM-->NE,ZM-->NE,ZM-->NE,ZM-->NE,ZM-->NE,ZM-->NE,ZM-->NE,ZM-->NE,ZM-->NE,ZM-->NE,,,,,,,,,,,,,,,,,NE-->ZM,NE-->ZM,NE-->ZM,NE-->ZM,NE-->ZM,NE-->ZM,NE-->ZM,NE-->ZM,NE-->ZM,NE-->ZM,NE-->ZM,NE-->ZM,NE-->ZM,NE-->ZM,NE-->ZM,NE-->ZM,NE-->ZM,NE-->ZM,NE-->ZM
ZW,ZWE,Zimbabwe,Harare,Africa,Eastern Africa,,ZW-->NE,ZW-->NE,ZW-->NE,ZW-->NE,ZW-->NE,ZW-->NE,ZW-->NE,ZW-->NE,ZW-->NE,ZW-->NE,ZW-->NE,ZW-->NE,ZW-->NE,ZW-->NE,ZW-->NE,ZW-->NE,ZW-->NE,ZW-->NE,ZW-->NE,,,,,,,,,,,,,,,,,NE-->ZW,NE-->ZW,NE-->ZW,NE-->ZW,NE-->ZW,NE-->ZW,NE-->ZW,NE-->ZW,NE-->ZW,NE-->ZW,NE-->ZW,NE-->ZW,NE-->ZW,NE-->ZW,NE-->ZW,NE-->ZW,NE-->ZW,NE-->ZW,NE-->ZW
