nu,code,name,capital,region,subregion,Unnamed: 6,quara/into/where/e,quara/into/where/v,quara/into/where/uv,quara/into/min/e,quara/into/min/v,quara/into/min/uv,quara/into/max/e,quara/into/max/v,quara/into/max/uv,quara/into/comment,test/into/pcr/e,test/into/pcr/v,test/into/pcr/uv,test/into/ag/e,test/into/ag/v,test/into/ag/uv,test/into/comment,visa/into,visa/into/comment,loadStates/into,Unnamed: 27,Unnamed: 28,Unnamed: 29,Unnamed: 30,Unnamed: 31,Unnamed: 32,Unnamed: 33,Unnamed: 34,Unnamed: 35,Unnamed: 36,Unnamed: 37,Unnamed: 38,Unnamed: 39,Unnamed: 40,Unnamed: 41,quara/out/where/e,quara/out/where/v,quara/out/where/uv,quara/out/min/e,quara/out/min/v,quara/out/min/uv,quara/out/max/e,quara/out/max/v,quara/out/max/uv,quara/out/comment,test/out/pcr/e,test/out/pcr/v,test/out/pcr/uv,test/out/ag/e,test/out/ag/v,test/out/ag/uv,test/out/comment,visa/out,visa/out/comment
AF,AFG,Afghanistan,Kabul,Asia,Southern Asia,,AF-->AF,AF-->AF,AF-->AF,AF-->AF,AF-->AF,AF-->AF,AF-->AF,AF-->AF,AF-->AF,AF-->AF,AF-->AF,AF-->AF,AF-->AF,AF-->AF,AF-->AF,AF-->AF,AF-->AF,AF-->AF,AF-->AF,,,,,,,,,,,,,,,,,AF-->AF,AF-->AF,AF-->AF,AF-->AF,AF-->AF,AF-->AF,AF-->AF,AF-->AF,AF-->AF,AF-->AF,AF-->AF,AF-->AF,AF-->AF,AF-->AF,AF-->AF,AF-->AF,AF-->AF,AF-->AF,AF-->AF
AX,ALA,Åland Islands,Mariehamn,Europe,Northern Europe,,AX-->AF,AX-->AF,AX-->AF,AX-->AF,AX-->AF,AX-->AF,AX-->AF,AX-->AF,AX-->AF,AX-->AF,AX-->AF,AX-->AF,AX-->AF,AX-->AF,AX-->AF,AX-->AF,AX-->AF,AX-->AF,AX-->AF,,,,,,,,,,,,,,,,,AF-->AX,AF-->AX,AF-->AX,AF-->AX,AF-->AX,AF-->AX,AF-->AX,AF-->AX,AF-->AX,AF-->AX,AF-->AX,AF-->AX,AF-->AX,AF-->AX,AF-->AX,AF-->AX,AF-->AX,AF-->AX,AF-->AX
AL,ALB,Albania,Tirana,Europe,Southern Europe,,AL-->AF,AL-->AF,AL-->AF,AL-->AF,AL-->AF,AL-->AF,AL-->AF,AL-->AF,AL-->AF,AL-->AF,AL-->AF,AL-->AF,AL-->AF,AL-->AF,AL-->AF,AL-->AF,AL-->AF,AL-->AF,AL-->AF,,,,,,,,,,,,,,,,,AF-->AL,AF-->AL,AF-->AL,AF-->AL,AF-->AL,AF-->AL,AF-->AL,AF-->AL,AF-->AL,AF-->AL,AF-->AL,AF-->AL,AF-->AL,AF-->AL,AF-->AL,AF-->AL,AF-->AL,AF-->AL,AF-->AL
DZ,DZA,Algeria,Algiers,Africa,Northern Africa,,DZ-->AF,DZ-->AF,DZ-->AF,DZ-->AF,DZ-->AF,DZ-->AF,DZ-->AF,DZ-->AF,DZ-->AF,DZ-->AF,DZ-->AF,DZ-->AF,DZ-->AF,DZ-->AF,DZ-->AF,DZ-->AF,DZ-->AF,DZ-->AF,DZ-->AF,,,,,,,,,,,,,,,,,AF-->DZ,AF-->DZ,AF-->DZ,AF-->DZ,AF-->DZ,AF-->DZ,AF-->DZ,AF-->DZ,AF-->DZ,AF-->DZ,AF-->DZ,AF-->DZ,AF-->DZ,AF-->DZ,AF-->DZ,AF-->DZ,AF-->DZ,AF-->DZ,AF-->DZ
AS,ASM,American Samoa,Pago Pago,Oceania,Polynesia,,AS-->AF,AS-->AF,AS-->AF,AS-->AF,AS-->AF,AS-->AF,AS-->AF,AS-->AF,AS-->AF,AS-->AF,AS-->AF,AS-->AF,AS-->AF,AS-->AF,AS-->AF,AS-->AF,AS-->AF,AS-->AF,AS-->AF,,,,,,,,,,,,,,,,,AF-->AS,AF-->AS,AF-->AS,AF-->AS,AF-->AS,AF-->AS,AF-->AS,AF-->AS,AF-->AS,AF-->AS,AF-->AS,AF-->AS,AF-->AS,AF-->AS,AF-->AS,AF-->AS,AF-->AS,AF-->AS,AF-->AS
AD,AND,Andorra,Andorra la Vella,Europe,Southern Europe,,AD-->AF,AD-->AF,AD-->AF,AD-->AF,AD-->AF,AD-->AF,AD-->AF,AD-->AF,AD-->AF,AD-->AF,AD-->AF,AD-->AF,AD-->AF,AD-->AF,AD-->AF,AD-->AF,AD-->AF,AD-->AF,AD-->AF,,,,,,,,,,,,,,,,,AF-->AD,AF-->AD,AF-->AD,AF-->AD,AF-->AD,AF-->AD,AF-->AD,AF-->AD,AF-->AD,AF-->AD,AF-->AD,AF-->AD,AF-->AD,AF-->AD,AF-->AD,AF-->AD,AF-->AD,AF-->AD,AF-->AD
AO,AGO,Angola,Luanda,Africa,Middle Africa,,AO-->AF,AO-->AF,AO-->AF,AO-->AF,AO-->AF,AO-->AF,AO-->AF,AO-->AF,AO-->AF,AO-->AF,AO-->AF,AO-->AF,AO-->AF,AO-->AF,AO-->AF,AO-->AF,AO-->AF,AO-->AF,AO-->AF,,,,,,,,,,,,,,,,,AF-->AO,AF-->AO,AF-->AO,AF-->AO,AF-->AO,AF-->AO,AF-->AO,AF-->AO,AF-->AO,AF-->AO,AF-->AO,AF-->AO,AF-->AO,AF-->AO,AF-->AO,AF-->AO,AF-->AO,AF-->AO,AF-->AO
AI,AIA,Anguilla,The Valley,Americas,Caribbean,,AI-->AF,AI-->AF,AI-->AF,AI-->AF,AI-->AF,AI-->AF,AI-->AF,AI-->AF,AI-->AF,AI-->AF,AI-->AF,AI-->AF,AI-->AF,AI-->AF,AI-->AF,AI-->AF,AI-->AF,AI-->AF,AI-->AF,,,,,,,,,,,,,,,,,AF-->AI,AF-->AI,AF-->AI,AF-->AI,AF-->AI,AF-->AI,AF-->AI,AF-->AI,AF-->AI,AF-->AI,AF-->AI,AF-->AI,AF-->AI,AF-->AI,AF-->AI,AF-->AI,AF-->AI,AF-->AI,AF-->AI
AQ,ATA,Antarctica,,Polar,,,AQ-->AF,AQ-->AF,AQ-->AF,AQ-->AF,AQ-->AF,AQ-->AF,AQ-->AF,AQ-->AF,AQ-->AF,AQ-->AF,AQ-->AF,AQ-->AF,AQ-->AF,AQ-->AF,AQ-->AF,AQ-->AF,AQ-->AF,AQ-->AF,AQ-->AF,,,,,,,,,,,,,,,,,AF-->AQ,AF-->AQ,AF-->AQ,AF-->AQ,AF-->AQ,AF-->AQ,AF-->AQ,AF-->AQ,AF-->AQ,AF-->AQ,AF-->AQ,AF-->AQ,AF-->AQ,AF-->AQ,AF-->AQ,AF-->AQ,AF-->AQ,AF-->AQ,AF-->AQ
AG,ATG,Antigua and Barbuda,Saint John's,Americas,Caribbean,,AG-->AF,AG-->AF,AG-->AF,AG-->AF,AG-->AF,AG-->AF,AG-->AF,AG-->AF,AG-->AF,AG-->AF,AG-->AF,AG-->AF,AG-->AF,AG-->AF,AG-->AF,AG-->AF,AG-->AF,AG-->AF,AG-->AF,,,,,,,,,,,,,,,,,AF-->AG,AF-->AG,AF-->AG,AF-->AG,AF-->AG,AF-->AG,AF-->AG,AF-->AG,AF-->AG,AF-->AG,AF-->AG,AF-->AG,AF-->AG,AF-->AG,AF-->AG,AF-->AG,AF-->AG,AF-->AG,AF-->AG
AR,ARG,Argentina,Buenos Aires,Americas,South America,,AR-->AF,AR-->AF,AR-->AF,AR-->AF,AR-->AF,AR-->AF,AR-->AF,AR-->AF,AR-->AF,AR-->AF,AR-->AF,AR-->AF,AR-->AF,AR-->AF,AR-->AF,AR-->AF,AR-->AF,AR-->AF,AR-->AF,,,,,,,,,,,,,,,,,AF-->AR,AF-->AR,AF-->AR,AF-->AR,AF-->AR,AF-->AR,AF-->AR,AF-->AR,AF-->AR,AF-->AR,AF-->AR,AF-->AR,AF-->AR,AF-->AR,AF-->AR,AF-->AR,AF-->AR,AF-->AR,AF-->AR
AM,ARM,Armenia,Yerevan,Asia,Western Asia,,AM-->AF,AM-->AF,AM-->AF,AM-->AF,AM-->AF,AM-->AF,AM-->AF,AM-->AF,AM-->AF,AM-->AF,AM-->AF,AM-->AF,AM-->AF,AM-->AF,AM-->AF,AM-->AF,AM-->AF,AM-->AF,AM-->AF,,,,,,,,,,,,,,,,,AF-->AM,AF-->AM,AF-->AM,AF-->AM,AF-->AM,AF-->AM,AF-->AM,AF-->AM,AF-->AM,AF-->AM,AF-->AM,AF-->AM,AF-->AM,AF-->AM,AF-->AM,AF-->AM,AF-->AM,AF-->AM,AF-->AM
AW,ABW,Aruba,Oranjestad,Americas,Caribbean,,AW-->AF,AW-->AF,AW-->AF,AW-->AF,AW-->AF,AW-->AF,AW-->AF,AW-->AF,AW-->AF,AW-->AF,AW-->AF,AW-->AF,AW-->AF,AW-->AF,AW-->AF,AW-->AF,AW-->AF,AW-->AF,AW-->AF,,,,,,,,,,,,,,,,,AF-->AW,AF-->AW,AF-->AW,AF-->AW,AF-->AW,AF-->AW,AF-->AW,AF-->AW,AF-->AW,AF-->AW,AF-->AW,AF-->AW,AF-->AW,AF-->AW,AF-->AW,AF-->AW,AF-->AW,AF-->AW,AF-->AW
AU,AUS,Australia,Canberra,Oceania,Australia and New Zealand,,AU-->AF,AU-->AF,AU-->AF,AU-->AF,AU-->AF,AU-->AF,AU-->AF,AU-->AF,AU-->AF,AU-->AF,AU-->AF,AU-->AF,AU-->AF,AU-->AF,AU-->AF,AU-->AF,AU-->AF,AU-->AF,AU-->AF,,,,,,,,,,,,,,,,,AF-->AU,AF-->AU,AF-->AU,AF-->AU,AF-->AU,AF-->AU,AF-->AU,AF-->AU,AF-->AU,AF-->AU,AF-->AU,AF-->AU,AF-->AU,AF-->AU,AF-->AU,AF-->AU,AF-->AU,AF-->AU,AF-->AU
AT,AUT,Austria,Vienna,Europe,Western Europe,,AT-->AF,AT-->AF,AT-->AF,AT-->AF,AT-->AF,AT-->AF,AT-->AF,AT-->AF,AT-->AF,AT-->AF,AT-->AF,AT-->AF,AT-->AF,AT-->AF,AT-->AF,AT-->AF,AT-->AF,AT-->AF,AT-->AF,,,,,,,,,,,,,,,,,AF-->AT,AF-->AT,AF-->AT,AF-->AT,AF-->AT,AF-->AT,AF-->AT,AF-->AT,AF-->AT,AF-->AT,AF-->AT,AF-->AT,AF-->AT,AF-->AT,AF-->AT,AF-->AT,AF-->AT,AF-->AT,AF-->AT
AZ,AZE,Azerbaijan,Baku,Asia,Western Asia,,AZ-->AF,AZ-->AF,AZ-->AF,AZ-->AF,AZ-->AF,AZ-->AF,AZ-->AF,AZ-->AF,AZ-->AF,AZ-->AF,AZ-->AF,AZ-->AF,AZ-->AF,AZ-->AF,AZ-->AF,AZ-->AF,AZ-->AF,AZ-->AF,AZ-->AF,,,,,,,,,,,,,,,,,AF-->AZ,AF-->AZ,AF-->AZ,AF-->AZ,AF-->AZ,AF-->AZ,AF-->AZ,AF-->AZ,AF-->AZ,AF-->AZ,AF-->AZ,AF-->AZ,AF-->AZ,AF-->AZ,AF-->AZ,AF-->AZ,AF-->AZ,AF-->AZ,AF-->AZ
BS,BHS,The Bahamas,Nassau,Americas,Caribbean,,BS-->AF,BS-->AF,BS-->AF,BS-->AF,BS-->AF,BS-->AF,BS-->AF,BS-->AF,BS-->AF,BS-->AF,BS-->AF,BS-->AF,BS-->AF,BS-->AF,BS-->AF,BS-->AF,BS-->AF,BS-->AF,BS-->AF,,,,,,,,,,,,,,,,,AF-->BS,AF-->BS,AF-->BS,AF-->BS,AF-->BS,AF-->BS,AF-->BS,AF-->BS,AF-->BS,AF-->BS,AF-->BS,AF-->BS,AF-->BS,AF-->BS,AF-->BS,AF-->BS,AF-->BS,AF-->BS,AF-->BS
BH,BHR,Bahrain,Manama,Asia,Western Asia,,BH-->AF,BH-->AF,BH-->AF,BH-->AF,BH-->AF,BH-->AF,BH-->AF,BH-->AF,BH-->AF,BH-->AF,BH-->AF,BH-->AF,BH-->AF,BH-->AF,BH-->AF,BH-->AF,BH-->AF,BH-->AF,BH-->AF,,,,,,,,,,,,,,,,,AF-->BH,AF-->BH,AF-->BH,AF-->BH,AF-->BH,AF-->BH,AF-->BH,AF-->BH,AF-->BH,AF-->BH,AF-->BH,AF-->BH,AF-->BH,AF-->BH,AF-->BH,AF-->BH,AF-->BH,AF-->BH,AF-->BH
BD,BGD,Bangladesh,Dhaka,Asia,Southern Asia,,BD-->AF,BD-->AF,BD-->AF,BD-->AF,BD-->AF,BD-->AF,BD-->AF,BD-->AF,BD-->AF,BD-->AF,BD-->AF,BD-->AF,BD-->AF,BD-->AF,BD-->AF,BD-->AF,BD-->AF,BD-->AF,BD-->AF,,,,,,,,,,,,,,,,,AF-->BD,AF-->BD,AF-->BD,AF-->BD,AF-->BD,AF-->BD,AF-->BD,AF-->BD,AF-->BD,AF-->BD,AF-->BD,AF-->BD,AF-->BD,AF-->BD,AF-->BD,AF-->BD,AF-->BD,AF-->BD,AF-->BD
BB,BRB,Barbados,Bridgetown,Americas,Caribbean,,BB-->AF,BB-->AF,BB-->AF,BB-->AF,BB-->AF,BB-->AF,BB-->AF,BB-->AF,BB-->AF,BB-->AF,BB-->AF,BB-->AF,BB-->AF,BB-->AF,BB-->AF,BB-->AF,BB-->AF,BB-->AF,BB-->AF,,,,,,,,,,,,,,,,,AF-->BB,AF-->BB,AF-->BB,AF-->BB,AF-->BB,AF-->BB,AF-->BB,AF-->BB,AF-->BB,AF-->BB,AF-->BB,AF-->BB,AF-->BB,AF-->BB,AF-->BB,AF-->BB,AF-->BB,AF-->BB,AF-->BB
BY,BLR,Belarus,Minsk,Europe,Eastern Europe,,BY-->AF,BY-->AF,BY-->AF,BY-->AF,BY-->AF,BY-->AF,BY-->AF,BY-->AF,BY-->AF,BY-->AF,BY-->AF,BY-->AF,BY-->AF,BY-->AF,BY-->AF,BY-->AF,BY-->AF,BY-->AF,BY-->AF,,,,,,,,,,,,,,,,,AF-->BY,AF-->BY,AF-->BY,AF-->BY,AF-->BY,AF-->BY,AF-->BY,AF-->BY,AF-->BY,AF-->BY,AF-->BY,AF-->BY,AF-->BY,AF-->BY,AF-->BY,AF-->BY,AF-->BY,AF-->BY,AF-->BY
BE,BEL,Belgium,Brussels,Europe,Western Europe,,BE-->AF,BE-->AF,BE-->AF,BE-->AF,BE-->AF,BE-->AF,BE-->AF,BE-->AF,BE-->AF,BE-->AF,BE-->AF,BE-->AF,BE-->AF,BE-->AF,BE-->AF,BE-->AF,BE-->AF,BE-->AF,BE-->AF,,,,,,,,,,,,,,,,,AF-->BE,AF-->BE,AF-->BE,AF-->BE,AF-->BE,AF-->BE,AF-->BE,AF-->BE,AF-->BE,AF-->BE,AF-->BE,AF-->BE,AF-->BE,AF-->BE,AF-->BE,AF-->BE,AF-->BE,AF-->BE,AF-->BE
BZ,BLZ,Belize,Belmopan,Americas,Central America,,BZ-->AF,BZ-->AF,BZ-->AF,BZ-->AF,BZ-->AF,BZ-->AF,BZ-->AF,BZ-->AF,BZ-->AF,BZ-->AF,BZ-->AF,BZ-->AF,BZ-->AF,BZ-->AF,BZ-->AF,BZ-->AF,BZ-->AF,BZ-->AF,BZ-->AF,,,,,,,,,,,,,,,,,AF-->BZ,AF-->BZ,AF-->BZ,AF-->BZ,AF-->BZ,AF-->BZ,AF-->BZ,AF-->BZ,AF-->BZ,AF-->BZ,AF-->BZ,AF-->BZ,AF-->BZ,AF-->BZ,AF-->BZ,AF-->BZ,AF-->BZ,AF-->BZ,AF-->BZ
BJ,BEN,Benin,Porto-Novo,Africa,Western Africa,,BJ-->AF,BJ-->AF,BJ-->AF,BJ-->AF,BJ-->AF,BJ-->AF,BJ-->AF,BJ-->AF,BJ-->AF,BJ-->AF,BJ-->AF,BJ-->AF,BJ-->AF,BJ-->AF,BJ-->AF,BJ-->AF,BJ-->AF,BJ-->AF,BJ-->AF,,,,,,,,,,,,,,,,,AF-->BJ,AF-->BJ,AF-->BJ,AF-->BJ,AF-->BJ,AF-->BJ,AF-->BJ,AF-->BJ,AF-->BJ,AF-->BJ,AF-->BJ,AF-->BJ,AF-->BJ,AF-->BJ,AF-->BJ,AF-->BJ,AF-->BJ,AF-->BJ,AF-->BJ
BM,BMU,Bermuda,Hamilton,Americas,Northern America,,BM-->AF,BM-->AF,BM-->AF,BM-->AF,BM-->AF,BM-->AF,BM-->AF,BM-->AF,BM-->AF,BM-->AF,BM-->AF,BM-->AF,BM-->AF,BM-->AF,BM-->AF,BM-->AF,BM-->AF,BM-->AF,BM-->AF,,,,,,,,,,,,,,,,,AF-->BM,AF-->BM,AF-->BM,AF-->BM,AF-->BM,AF-->BM,AF-->BM,AF-->BM,AF-->BM,AF-->BM,AF-->BM,AF-->BM,AF-->BM,AF-->BM,AF-->BM,AF-->BM,AF-->BM,AF-->BM,AF-->BM
BT,BTN,Bhutan,Thimphu,Asia,Southern Asia,,BT-->AF,BT-->AF,BT-->AF,BT-->AF,BT-->AF,BT-->AF,BT-->AF,BT-->AF,BT-->AF,BT-->AF,BT-->AF,BT-->AF,BT-->AF,BT-->AF,BT-->AF,BT-->AF,BT-->AF,BT-->AF,BT-->AF,,,,,,,,,,,,,,,,,AF-->BT,AF-->BT,AF-->BT,AF-->BT,AF-->BT,AF-->BT,AF-->BT,AF-->BT,AF-->BT,AF-->BT,AF-->BT,AF-->BT,AF-->BT,AF-->BT,AF-->BT,AF-->BT,AF-->BT,AF-->BT,AF-->BT
BO,BOL,Bolivia,Sucre,Americas,South America,,BO-->AF,BO-->AF,BO-->AF,BO-->AF,BO-->AF,BO-->AF,BO-->AF,BO-->AF,BO-->AF,BO-->AF,BO-->AF,BO-->AF,BO-->AF,BO-->AF,BO-->AF,BO-->AF,BO-->AF,BO-->AF,BO-->AF,,,,,,,,,,,,,,,,,AF-->BO,AF-->BO,AF-->BO,AF-->BO,AF-->BO,AF-->BO,AF-->BO,AF-->BO,AF-->BO,AF-->BO,AF-->BO,AF-->BO,AF-->BO,AF-->BO,AF-->BO,AF-->BO,AF-->BO,AF-->BO,AF-->BO
BQ,BES,Bonaire,Kralendijk,Americas,Caribbean,,BQ-->AF,BQ-->AF,BQ-->AF,BQ-->AF,BQ-->AF,BQ-->AF,BQ-->AF,BQ-->AF,BQ-->AF,BQ-->AF,BQ-->AF,BQ-->AF,BQ-->AF,BQ-->AF,BQ-->AF,BQ-->AF,BQ-->AF,BQ-->AF,BQ-->AF,,,,,,,,,,,,,,,,,AF-->BQ,AF-->BQ,AF-->BQ,AF-->BQ,AF-->BQ,AF-->BQ,AF-->BQ,AF-->BQ,AF-->BQ,AF-->BQ,AF-->BQ,AF-->BQ,AF-->BQ,AF-->BQ,AF-->BQ,AF-->BQ,AF-->BQ,AF-->BQ,AF-->BQ
BA,BIH,Bosnia and Herzegovina,Sarajevo,Europe,Southern Europe,,BA-->AF,BA-->AF,BA-->AF,BA-->AF,BA-->AF,BA-->AF,BA-->AF,BA-->AF,BA-->AF,BA-->AF,BA-->AF,BA-->AF,BA-->AF,BA-->AF,BA-->AF,BA-->AF,BA-->AF,BA-->AF,BA-->AF,,,,,,,,,,,,,,,,,AF-->BA,AF-->BA,AF-->BA,AF-->BA,AF-->BA,AF-->BA,AF-->BA,AF-->BA,AF-->BA,AF-->BA,AF-->BA,AF-->BA,AF-->BA,AF-->BA,AF-->BA,AF-->BA,AF-->BA,AF-->BA,AF-->BA
BW,BWA,Botswana,Gaborone,Africa,Southern Africa,,BW-->AF,BW-->AF,BW-->AF,BW-->AF,BW-->AF,BW-->AF,BW-->AF,BW-->AF,BW-->AF,BW-->AF,BW-->AF,BW-->AF,BW-->AF,BW-->AF,BW-->AF,BW-->AF,BW-->AF,BW-->AF,BW-->AF,,,,,,,,,,,,,,,,,AF-->BW,AF-->BW,AF-->BW,AF-->BW,AF-->BW,AF-->BW,AF-->BW,AF-->BW,AF-->BW,AF-->BW,AF-->BW,AF-->BW,AF-->BW,AF-->BW,AF-->BW,AF-->BW,AF-->BW,AF-->BW,AF-->BW
BV,BVT,Bouvet Island,,,,,BV-->AF,BV-->AF,BV-->AF,BV-->AF,BV-->AF,BV-->AF,BV-->AF,BV-->AF,BV-->AF,BV-->AF,BV-->AF,BV-->AF,BV-->AF,BV-->AF,BV-->AF,BV-->AF,BV-->AF,BV-->AF,BV-->AF,,,,,,,,,,,,,,,,,AF-->BV,AF-->BV,AF-->BV,AF-->BV,AF-->BV,AF-->BV,AF-->BV,AF-->BV,AF-->BV,AF-->BV,AF-->BV,AF-->BV,AF-->BV,AF-->BV,AF-->BV,AF-->BV,AF-->BV,AF-->BV,AF-->BV
BR,BRA,Brazil,Brasília,Americas,South America,,BR-->AF,BR-->AF,BR-->AF,BR-->AF,BR-->AF,BR-->AF,BR-->AF,BR-->AF,BR-->AF,BR-->AF,BR-->AF,BR-->AF,BR-->AF,BR-->AF,BR-->AF,BR-->AF,BR-->AF,BR-->AF,BR-->AF,,,,,,,,,,,,,,,,,AF-->BR,AF-->BR,AF-->BR,AF-->BR,AF-->BR,AF-->BR,AF-->BR,AF-->BR,AF-->BR,AF-->BR,AF-->BR,AF-->BR,AF-->BR,AF-->BR,AF-->BR,AF-->BR,AF-->BR,AF-->BR,AF-->BR
IO,IOT,British Indian Ocean Territory,Diego Garcia,Africa,Eastern Africa,,IO-->AF,IO-->AF,IO-->AF,IO-->AF,IO-->AF,IO-->AF,IO-->AF,IO-->AF,IO-->AF,IO-->AF,IO-->AF,IO-->AF,IO-->AF,IO-->AF,IO-->AF,IO-->AF,IO-->AF,IO-->AF,IO-->AF,,,,,,,,,,,,,,,,,AF-->IO,AF-->IO,AF-->IO,AF-->IO,AF-->IO,AF-->IO,AF-->IO,AF-->IO,AF-->IO,AF-->IO,AF-->IO,AF-->IO,AF-->IO,AF-->IO,AF-->IO,AF-->IO,AF-->IO,AF-->IO,AF-->IO
UM,UMI,United States Minor Outlying Islands,,Americas,Northern America,,UM-->AF,UM-->AF,UM-->AF,UM-->AF,UM-->AF,UM-->AF,UM-->AF,UM-->AF,UM-->AF,UM-->AF,UM-->AF,UM-->AF,UM-->AF,UM-->AF,UM-->AF,UM-->AF,UM-->AF,UM-->AF,UM-->AF,,,,,,,,,,,,,,,,,AF-->UM,AF-->UM,AF-->UM,AF-->UM,AF-->UM,AF-->UM,AF-->UM,AF-->UM,AF-->UM,AF-->UM,AF-->UM,AF-->UM,AF-->UM,AF-->UM,AF-->UM,AF-->UM,AF-->UM,AF-->UM,AF-->UM
VG,VGB,Virgin Islands (British),Road Town,Americas,Caribbean,,VG-->AF,VG-->AF,VG-->AF,VG-->AF,VG-->AF,VG-->AF,VG-->AF,VG-->AF,VG-->AF,VG-->AF,VG-->AF,VG-->AF,VG-->AF,VG-->AF,VG-->AF,VG-->AF,VG-->AF,VG-->AF,VG-->AF,,,,,,,,,,,,,,,,,AF-->VG,AF-->VG,AF-->VG,AF-->VG,AF-->VG,AF-->VG,AF-->VG,AF-->VG,AF-->VG,AF-->VG,AF-->VG,AF-->VG,AF-->VG,AF-->VG,AF-->VG,AF-->VG,AF-->VG,AF-->VG,AF-->VG
VI,VIR,Virgin Islands (U.S.),Charlotte Amalie,Americas,Caribbean,,VI-->AF,VI-->AF,VI-->AF,VI-->AF,VI-->AF,VI-->AF,VI-->AF,VI-->AF,VI-->AF,VI-->AF,VI-->AF,VI-->AF,VI-->AF,VI-->AF,VI-->AF,VI-->AF,VI-->AF,VI-->AF,VI-->AF,,,,,,,,,,,,,,,,,AF-->VI,AF-->VI,AF-->VI,AF-->VI,AF-->VI,AF-->VI,AF-->VI,AF-->VI,AF-->VI,AF-->VI,AF-->VI,AF-->VI,AF-->VI,AF-->VI,AF-->VI,AF-->VI,AF-->VI,AF-->VI,AF-->VI
BN,BRN,Brunei,Bandar Seri Begawan,Asia,South-Eastern Asia,,BN-->AF,BN-->AF,BN-->AF,BN-->AF,BN-->AF,BN-->AF,BN-->AF,BN-->AF,BN-->AF,BN-->AF,BN-->AF,BN-->AF,BN-->AF,BN-->AF,BN-->AF,BN-->AF,BN-->AF,BN-->AF,BN-->AF,,,,,,,,,,,,,,,,,AF-->BN,AF-->BN,AF-->BN,AF-->BN,AF-->BN,AF-->BN,AF-->BN,AF-->BN,AF-->BN,AF-->BN,AF-->BN,AF-->BN,AF-->BN,AF-->BN,AF-->BN,AF-->BN,AF-->BN,AF-->BN,AF-->BN
BG,BGR,Bulgaria,Sofia,Europe,Eastern Europe,,BG-->AF,BG-->AF,BG-->AF,BG-->AF,BG-->AF,BG-->AF,BG-->AF,BG-->AF,BG-->AF,BG-->AF,BG-->AF,BG-->AF,BG-->AF,BG-->AF,BG-->AF,BG-->AF,BG-->AF,BG-->AF,BG-->AF,,,,,,,,,,,,,,,,,AF-->BG,AF-->BG,AF-->BG,AF-->BG,AF-->BG,AF-->BG,AF-->BG,AF-->BG,AF-->BG,AF-->BG,AF-->BG,AF-->BG,AF-->BG,AF-->BG,AF-->BG,AF-->BG,AF-->BG,AF-->BG,AF-->BG
BF,BFA,Burkina Faso,Ouagadougou,Africa,Western Africa,,BF-->AF,BF-->AF,BF-->AF,BF-->AF,BF-->AF,BF-->AF,BF-->AF,BF-->AF,BF-->AF,BF-->AF,BF-->AF,BF-->AF,BF-->AF,BF-->AF,BF-->AF,BF-->AF,BF-->AF,BF-->AF,BF-->AF,,,,,,,,,,,,,,,,,AF-->BF,AF-->BF,AF-->BF,AF-->BF,AF-->BF,AF-->BF,AF-->BF,AF-->BF,AF-->BF,AF-->BF,AF-->BF,AF-->BF,AF-->BF,AF-->BF,AF-->BF,AF-->BF,AF-->BF,AF-->BF,AF-->BF
BI,BDI,Burundi,Bujumbura,Africa,Eastern Africa,,BI-->AF,BI-->AF,BI-->AF,BI-->AF,BI-->AF,BI-->AF,BI-->AF,BI-->AF,BI-->AF,BI-->AF,BI-->AF,BI-->AF,BI-->AF,BI-->AF,BI-->AF,BI-->AF,BI-->AF,BI-->AF,BI-->AF,,,,,,,,,,,,,,,,,AF-->BI,AF-->BI,AF-->BI,AF-->BI,AF-->BI,AF-->BI,AF-->BI,AF-->BI,AF-->BI,AF-->BI,AF-->BI,AF-->BI,AF-->BI,AF-->BI,AF-->BI,AF-->BI,AF-->BI,AF-->BI,AF-->BI
KH,KHM,Cambodia,Phnom Penh,Asia,South-Eastern Asia,,KH-->AF,KH-->AF,KH-->AF,KH-->AF,KH-->AF,KH-->AF,KH-->AF,KH-->AF,KH-->AF,KH-->AF,KH-->AF,KH-->AF,KH-->AF,KH-->AF,KH-->AF,KH-->AF,KH-->AF,KH-->AF,KH-->AF,,,,,,,,,,,,,,,,,AF-->KH,AF-->KH,AF-->KH,AF-->KH,AF-->KH,AF-->KH,AF-->KH,AF-->KH,AF-->KH,AF-->KH,AF-->KH,AF-->KH,AF-->KH,AF-->KH,AF-->KH,AF-->KH,AF-->KH,AF-->KH,AF-->KH
CM,CMR,Cameroon,Yaoundé,Africa,Middle Africa,,CM-->AF,CM-->AF,CM-->AF,CM-->AF,CM-->AF,CM-->AF,CM-->AF,CM-->AF,CM-->AF,CM-->AF,CM-->AF,CM-->AF,CM-->AF,CM-->AF,CM-->AF,CM-->AF,CM-->AF,CM-->AF,CM-->AF,,,,,,,,,,,,,,,,,AF-->CM,AF-->CM,AF-->CM,AF-->CM,AF-->CM,AF-->CM,AF-->CM,AF-->CM,AF-->CM,AF-->CM,AF-->CM,AF-->CM,AF-->CM,AF-->CM,AF-->CM,AF-->CM,AF-->CM,AF-->CM,AF-->CM
CA,CAN,Canada,Ottawa,Americas,Northern America,,CA-->AF,CA-->AF,CA-->AF,CA-->AF,CA-->AF,CA-->AF,CA-->AF,CA-->AF,CA-->AF,CA-->AF,CA-->AF,CA-->AF,CA-->AF,CA-->AF,CA-->AF,CA-->AF,CA-->AF,CA-->AF,CA-->AF,,,,,,,,,,,,,,,,,AF-->CA,AF-->CA,AF-->CA,AF-->CA,AF-->CA,AF-->CA,AF-->CA,AF-->CA,AF-->CA,AF-->CA,AF-->CA,AF-->CA,AF-->CA,AF-->CA,AF-->CA,AF-->CA,AF-->CA,AF-->CA,AF-->CA
CV,CPV,Cape Verde,Praia,Africa,Western Africa,,CV-->AF,CV-->AF,CV-->AF,CV-->AF,CV-->AF,CV-->AF,CV-->AF,CV-->AF,CV-->AF,CV-->AF,CV-->AF,CV-->AF,CV-->AF,CV-->AF,CV-->AF,CV-->AF,CV-->AF,CV-->AF,CV-->AF,,,,,,,,,,,,,,,,,AF-->CV,AF-->CV,AF-->CV,AF-->CV,AF-->CV,AF-->CV,AF-->CV,AF-->CV,AF-->CV,AF-->CV,AF-->CV,AF-->CV,AF-->CV,AF-->CV,AF-->CV,AF-->CV,AF-->CV,AF-->CV,AF-->CV
KY,CYM,Cayman Islands,George Town,Americas,Caribbean,,KY-->AF,KY-->AF,KY-->AF,KY-->AF,KY-->AF,KY-->AF,KY-->AF,KY-->AF,KY-->AF,KY-->AF,KY-->AF,KY-->AF,KY-->AF,KY-->AF,KY-->AF,KY-->AF,KY-->AF,KY-->AF,KY-->AF,,,,,,,,,,,,,,,,,AF-->KY,AF-->KY,AF-->KY,AF-->KY,AF-->KY,AF-->KY,AF-->KY,AF-->KY,AF-->KY,AF-->KY,AF-->KY,AF-->KY,AF-->KY,AF-->KY,AF-->KY,AF-->KY,AF-->KY,AF-->KY,AF-->KY
CF,CAF,Central African Republic,Bangui,Africa,Middle Africa,,CF-->AF,CF-->AF,CF-->AF,CF-->AF,CF-->AF,CF-->AF,CF-->AF,CF-->AF,CF-->AF,CF-->AF,CF-->AF,CF-->AF,CF-->AF,CF-->AF,CF-->AF,CF-->AF,CF-->AF,CF-->AF,CF-->AF,,,,,,,,,,,,,,,,,AF-->CF,AF-->CF,AF-->CF,AF-->CF,AF-->CF,AF-->CF,AF-->CF,AF-->CF,AF-->CF,AF-->CF,AF-->CF,AF-->CF,AF-->CF,AF-->CF,AF-->CF,AF-->CF,AF-->CF,AF-->CF,AF-->CF
TD,TCD,Chad,N'Djamena,Africa,Middle Africa,,TD-->AF,TD-->AF,TD-->AF,TD-->AF,TD-->AF,TD-->AF,TD-->AF,TD-->AF,TD-->AF,TD-->AF,TD-->AF,TD-->AF,TD-->AF,TD-->AF,TD-->AF,TD-->AF,TD-->AF,TD-->AF,TD-->AF,,,,,,,,,,,,,,,,,AF-->TD,AF-->TD,AF-->TD,AF-->TD,AF-->TD,AF-->TD,AF-->TD,AF-->TD,AF-->TD,AF-->TD,AF-->TD,AF-->TD,AF-->TD,AF-->TD,AF-->TD,AF-->TD,AF-->TD,AF-->TD,AF-->TD
CL,CHL,Chile,Santiago,Americas,South America,,CL-->AF,CL-->AF,CL-->AF,CL-->AF,CL-->AF,CL-->AF,CL-->AF,CL-->AF,CL-->AF,CL-->AF,CL-->AF,CL-->AF,CL-->AF,CL-->AF,CL-->AF,CL-->AF,CL-->AF,CL-->AF,CL-->AF,,,,,,,,,,,,,,,,,AF-->CL,AF-->CL,AF-->CL,AF-->CL,AF-->CL,AF-->CL,AF-->CL,AF-->CL,AF-->CL,AF-->CL,AF-->CL,AF-->CL,AF-->CL,AF-->CL,AF-->CL,AF-->CL,AF-->CL,AF-->CL,AF-->CL
CN,CHN,China,Beijing,Asia,Eastern Asia,,CN-->AF,CN-->AF,CN-->AF,CN-->AF,CN-->AF,CN-->AF,CN-->AF,CN-->AF,CN-->AF,CN-->AF,CN-->AF,CN-->AF,CN-->AF,CN-->AF,CN-->AF,CN-->AF,CN-->AF,CN-->AF,CN-->AF,,,,,,,,,,,,,,,,,AF-->CN,AF-->CN,AF-->CN,AF-->CN,AF-->CN,AF-->CN,AF-->CN,AF-->CN,AF-->CN,AF-->CN,AF-->CN,AF-->CN,AF-->CN,AF-->CN,AF-->CN,AF-->CN,AF-->CN,AF-->CN,AF-->CN
CX,CXR,Christmas Island,Flying Fish Cove,Oceania,Australia and New Zealand,,CX-->AF,CX-->AF,CX-->AF,CX-->AF,CX-->AF,CX-->AF,CX-->AF,CX-->AF,CX-->AF,CX-->AF,CX-->AF,CX-->AF,CX-->AF,CX-->AF,CX-->AF,CX-->AF,CX-->AF,CX-->AF,CX-->AF,,,,,,,,,,,,,,,,,AF-->CX,AF-->CX,AF-->CX,AF-->CX,AF-->CX,AF-->CX,AF-->CX,AF-->CX,AF-->CX,AF-->CX,AF-->CX,AF-->CX,AF-->CX,AF-->CX,AF-->CX,AF-->CX,AF-->CX,AF-->CX,AF-->CX
CC,CCK,Cocos (Keeling) Islands,West Island,Oceania,Australia and New Zealand,,CC-->AF,CC-->AF,CC-->AF,CC-->AF,CC-->AF,CC-->AF,CC-->AF,CC-->AF,CC-->AF,CC-->AF,CC-->AF,CC-->AF,CC-->AF,CC-->AF,CC-->AF,CC-->AF,CC-->AF,CC-->AF,CC-->AF,,,,,,,,,,,,,,,,,AF-->CC,AF-->CC,AF-->CC,AF-->CC,AF-->CC,AF-->CC,AF-->CC,AF-->CC,AF-->CC,AF-->CC,AF-->CC,AF-->CC,AF-->CC,AF-->CC,AF-->CC,AF-->CC,AF-->CC,AF-->CC,AF-->CC
CO,COL,Colombia,Bogotá,Americas,South America,,CO-->AF,CO-->AF,CO-->AF,CO-->AF,CO-->AF,CO-->AF,CO-->AF,CO-->AF,CO-->AF,CO-->AF,CO-->AF,CO-->AF,CO-->AF,CO-->AF,CO-->AF,CO-->AF,CO-->AF,CO-->AF,CO-->AF,,,,,,,,,,,,,,,,,AF-->CO,AF-->CO,AF-->CO,AF-->CO,AF-->CO,AF-->CO,AF-->CO,AF-->CO,AF-->CO,AF-->CO,AF-->CO,AF-->CO,AF-->CO,AF-->CO,AF-->CO,AF-->CO,AF-->CO,AF-->CO,AF-->CO
KM,COM,Comoros,Moroni,Africa,Eastern Africa,,KM-->AF,KM-->AF,KM-->AF,KM-->AF,KM-->AF,KM-->AF,KM-->AF,KM-->AF,KM-->AF,KM-->AF,KM-->AF,KM-->AF,KM-->AF,KM-->AF,KM-->AF,KM-->AF,KM-->AF,KM-->AF,KM-->AF,,,,,,,,,,,,,,,,,AF-->KM,AF-->KM,AF-->KM,AF-->KM,AF-->KM,AF-->KM,AF-->KM,AF-->KM,AF-->KM,AF-->KM,AF-->KM,AF-->KM,AF-->KM,AF-->KM,AF-->KM,AF-->KM,AF-->KM,AF-->KM,AF-->KM
CG,COG,Republic of the Congo,Brazzaville,Africa,Middle Africa,,CG-->AF,CG-->AF,CG-->AF,CG-->AF,CG-->AF,CG-->AF,CG-->AF,CG-->AF,CG-->AF,CG-->AF,CG-->AF,CG-->AF,CG-->AF,CG-->AF,CG-->AF,CG-->AF,CG-->AF,CG-->AF,CG-->AF,,,,,,,,,,,,,,,,,AF-->CG,AF-->CG,AF-->CG,AF-->CG,AF-->CG,AF-->CG,AF-->CG,AF-->CG,AF-->CG,AF-->CG,AF-->CG,AF-->CG,AF-->CG,AF-->CG,AF-->CG,AF-->CG,AF-->CG,AF-->CG,AF-->CG
CD,COD,Democratic Republic of the Congo,Kinshasa,Africa,Middle Africa,,CD-->AF,CD-->AF,CD-->AF,CD-->AF,CD-->AF,CD-->AF,CD-->AF,CD-->AF,CD-->AF,CD-->AF,CD-->AF,CD-->AF,CD-->AF,CD-->AF,CD-->AF,CD-->AF,CD-->AF,CD-->AF,CD-->AF,,,,,,,,,,,,,,,,,AF-->CD,AF-->CD,AF-->CD,AF-->CD,AF-->CD,AF-->CD,AF-->CD,AF-->CD,AF-->CD,AF-->CD,AF-->CD,AF-->CD,AF-->CD,AF-->CD,AF-->CD,AF-->CD,AF-->CD,AF-->CD,AF-->CD
CK,COK,Cook Islands,Avarua,Oceania,Polynesia,,CK-->AF,CK-->AF,CK-->AF,CK-->AF,CK-->AF,CK-->AF,CK-->AF,CK-->AF,CK-->AF,CK-->AF,CK-->AF,CK-->AF,CK-->AF,CK-->AF,CK-->AF,CK-->AF,CK-->AF,CK-->AF,CK-->AF,,,,,,,,,,,,,,,,,AF-->CK,AF-->CK,AF-->CK,AF-->CK,AF-->CK,AF-->CK,AF-->CK,AF-->CK,AF-->CK,AF-->CK,AF-->CK,AF-->CK,AF-->CK,AF-->CK,AF-->CK,AF-->CK,AF-->CK,AF-->CK,AF-->CK
CR,CRI,Costa Rica,San José,Americas,Central America,,CR-->AF,CR-->AF,CR-->AF,CR-->AF,CR-->AF,CR-->AF,CR-->AF,CR-->AF,CR-->AF,CR-->AF,CR-->AF,CR-->AF,CR-->AF,CR-->AF,CR-->AF,CR-->AF,CR-->AF,CR-->AF,CR-->AF,,,,,,,,,,,,,,,,,AF-->CR,AF-->CR,AF-->CR,AF-->CR,AF-->CR,AF-->CR,AF-->CR,AF-->CR,AF-->CR,AF-->CR,AF-->CR,AF-->CR,AF-->CR,AF-->CR,AF-->CR,AF-->CR,AF-->CR,AF-->CR,AF-->CR
HR,HRV,Croatia,Zagreb,Europe,Southern Europe,,HR-->AF,HR-->AF,HR-->AF,HR-->AF,HR-->AF,HR-->AF,HR-->AF,HR-->AF,HR-->AF,HR-->AF,HR-->AF,HR-->AF,HR-->AF,HR-->AF,HR-->AF,HR-->AF,HR-->AF,HR-->AF,HR-->AF,,,,,,,,,,,,,,,,,AF-->HR,AF-->HR,AF-->HR,AF-->HR,AF-->HR,AF-->HR,AF-->HR,AF-->HR,AF-->HR,AF-->HR,AF-->HR,AF-->HR,AF-->HR,AF-->HR,AF-->HR,AF-->HR,AF-->HR,AF-->HR,AF-->HR
CU,CUB,Cuba,Havana,Americas,Caribbean,,CU-->AF,CU-->AF,CU-->AF,CU-->AF,CU-->AF,CU-->AF,CU-->AF,CU-->AF,CU-->AF,CU-->AF,CU-->AF,CU-->AF,CU-->AF,CU-->AF,CU-->AF,CU-->AF,CU-->AF,CU-->AF,CU-->AF,,,,,,,,,,,,,,,,,AF-->CU,AF-->CU,AF-->CU,AF-->CU,AF-->CU,AF-->CU,AF-->CU,AF-->CU,AF-->CU,AF-->CU,AF-->CU,AF-->CU,AF-->CU,AF-->CU,AF-->CU,AF-->CU,AF-->CU,AF-->CU,AF-->CU
CW,CUW,Curaçao,Willemstad,Americas,Caribbean,,CW-->AF,CW-->AF,CW-->AF,CW-->AF,CW-->AF,CW-->AF,CW-->AF,CW-->AF,CW-->AF,CW-->AF,CW-->AF,CW-->AF,CW-->AF,CW-->AF,CW-->AF,CW-->AF,CW-->AF,CW-->AF,CW-->AF,,,,,,,,,,,,,,,,,AF-->CW,AF-->CW,AF-->CW,AF-->CW,AF-->CW,AF-->CW,AF-->CW,AF-->CW,AF-->CW,AF-->CW,AF-->CW,AF-->CW,AF-->CW,AF-->CW,AF-->CW,AF-->CW,AF-->CW,AF-->CW,AF-->CW
CY,CYP,Cyprus,Nicosia,Europe,Southern Europe,,CY-->AF,CY-->AF,CY-->AF,CY-->AF,CY-->AF,CY-->AF,CY-->AF,CY-->AF,CY-->AF,CY-->AF,CY-->AF,CY-->AF,CY-->AF,CY-->AF,CY-->AF,CY-->AF,CY-->AF,CY-->AF,CY-->AF,,,,,,,,,,,,,,,,,AF-->CY,AF-->CY,AF-->CY,AF-->CY,AF-->CY,AF-->CY,AF-->CY,AF-->CY,AF-->CY,AF-->CY,AF-->CY,AF-->CY,AF-->CY,AF-->CY,AF-->CY,AF-->CY,AF-->CY,AF-->CY,AF-->CY
CZ,CZE,Czech Republic,Prague,Europe,Eastern Europe,,CZ-->AF,CZ-->AF,CZ-->AF,CZ-->AF,CZ-->AF,CZ-->AF,CZ-->AF,CZ-->AF,CZ-->AF,CZ-->AF,CZ-->AF,CZ-->AF,CZ-->AF,CZ-->AF,CZ-->AF,CZ-->AF,CZ-->AF,CZ-->AF,CZ-->AF,,,,,,,,,,,,,,,,,AF-->CZ,AF-->CZ,AF-->CZ,AF-->CZ,AF-->CZ,AF-->CZ,AF-->CZ,AF-->CZ,AF-->CZ,AF-->CZ,AF-->CZ,AF-->CZ,AF-->CZ,AF-->CZ,AF-->CZ,AF-->CZ,AF-->CZ,AF-->CZ,AF-->CZ
DK,DNK,Denmark,Copenhagen,Europe,Northern Europe,,DK-->AF,DK-->AF,DK-->AF,DK-->AF,DK-->AF,DK-->AF,DK-->AF,DK-->AF,DK-->AF,DK-->AF,DK-->AF,DK-->AF,DK-->AF,DK-->AF,DK-->AF,DK-->AF,DK-->AF,DK-->AF,DK-->AF,,,,,,,,,,,,,,,,,AF-->DK,AF-->DK,AF-->DK,AF-->DK,AF-->DK,AF-->DK,AF-->DK,AF-->DK,AF-->DK,AF-->DK,AF-->DK,AF-->DK,AF-->DK,AF-->DK,AF-->DK,AF-->DK,AF-->DK,AF-->DK,AF-->DK
DJ,DJI,Djibouti,Djibouti,Africa,Eastern Africa,,DJ-->AF,DJ-->AF,DJ-->AF,DJ-->AF,DJ-->AF,DJ-->AF,DJ-->AF,DJ-->AF,DJ-->AF,DJ-->AF,DJ-->AF,DJ-->AF,DJ-->AF,DJ-->AF,DJ-->AF,DJ-->AF,DJ-->AF,DJ-->AF,DJ-->AF,,,,,,,,,,,,,,,,,AF-->DJ,AF-->DJ,AF-->DJ,AF-->DJ,AF-->DJ,AF-->DJ,AF-->DJ,AF-->DJ,AF-->DJ,AF-->DJ,AF-->DJ,AF-->DJ,AF-->DJ,AF-->DJ,AF-->DJ,AF-->DJ,AF-->DJ,AF-->DJ,AF-->DJ
DM,DMA,Dominica,Roseau,Americas,Caribbean,,DM-->AF,DM-->AF,DM-->AF,DM-->AF,DM-->AF,DM-->AF,DM-->AF,DM-->AF,DM-->AF,DM-->AF,DM-->AF,DM-->AF,DM-->AF,DM-->AF,DM-->AF,DM-->AF,DM-->AF,DM-->AF,DM-->AF,,,,,,,,,,,,,,,,,AF-->DM,AF-->DM,AF-->DM,AF-->DM,AF-->DM,AF-->DM,AF-->DM,AF-->DM,AF-->DM,AF-->DM,AF-->DM,AF-->DM,AF-->DM,AF-->DM,AF-->DM,AF-->DM,AF-->DM,AF-->DM,AF-->DM
DO,DOM,Dominican Republic,Santo Domingo,Americas,Caribbean,,DO-->AF,DO-->AF,DO-->AF,DO-->AF,DO-->AF,DO-->AF,DO-->AF,DO-->AF,DO-->AF,DO-->AF,DO-->AF,DO-->AF,DO-->AF,DO-->AF,DO-->AF,DO-->AF,DO-->AF,DO-->AF,DO-->AF,,,,,,,,,,,,,,,,,AF-->DO,AF-->DO,AF-->DO,AF-->DO,AF-->DO,AF-->DO,AF-->DO,AF-->DO,AF-->DO,AF-->DO,AF-->DO,AF-->DO,AF-->DO,AF-->DO,AF-->DO,AF-->DO,AF-->DO,AF-->DO,AF-->DO
EC,ECU,Ecuador,Quito,Americas,South America,,EC-->AF,EC-->AF,EC-->AF,EC-->AF,EC-->AF,EC-->AF,EC-->AF,EC-->AF,EC-->AF,EC-->AF,EC-->AF,EC-->AF,EC-->AF,EC-->AF,EC-->AF,EC-->AF,EC-->AF,EC-->AF,EC-->AF,,,,,,,,,,,,,,,,,AF-->EC,AF-->EC,AF-->EC,AF-->EC,AF-->EC,AF-->EC,AF-->EC,AF-->EC,AF-->EC,AF-->EC,AF-->EC,AF-->EC,AF-->EC,AF-->EC,AF-->EC,AF-->EC,AF-->EC,AF-->EC,AF-->EC
EG,EGY,Egypt,Cairo,Africa,Northern Africa,,EG-->AF,EG-->AF,EG-->AF,EG-->AF,EG-->AF,EG-->AF,EG-->AF,EG-->AF,EG-->AF,EG-->AF,EG-->AF,EG-->AF,EG-->AF,EG-->AF,EG-->AF,EG-->AF,EG-->AF,EG-->AF,EG-->AF,,,,,,,,,,,,,,,,,AF-->EG,AF-->EG,AF-->EG,AF-->EG,AF-->EG,AF-->EG,AF-->EG,AF-->EG,AF-->EG,AF-->EG,AF-->EG,AF-->EG,AF-->EG,AF-->EG,AF-->EG,AF-->EG,AF-->EG,AF-->EG,AF-->EG
SV,SLV,El Salvador,San Salvador,Americas,Central America,,SV-->AF,SV-->AF,SV-->AF,SV-->AF,SV-->AF,SV-->AF,SV-->AF,SV-->AF,SV-->AF,SV-->AF,SV-->AF,SV-->AF,SV-->AF,SV-->AF,SV-->AF,SV-->AF,SV-->AF,SV-->AF,SV-->AF,,,,,,,,,,,,,,,,,AF-->SV,AF-->SV,AF-->SV,AF-->SV,AF-->SV,AF-->SV,AF-->SV,AF-->SV,AF-->SV,AF-->SV,AF-->SV,AF-->SV,AF-->SV,AF-->SV,AF-->SV,AF-->SV,AF-->SV,AF-->SV,AF-->SV
GQ,GNQ,Equatorial Guinea,Malabo,Africa,Middle Africa,,GQ-->AF,GQ-->AF,GQ-->AF,GQ-->AF,GQ-->AF,GQ-->AF,GQ-->AF,GQ-->AF,GQ-->AF,GQ-->AF,GQ-->AF,GQ-->AF,GQ-->AF,GQ-->AF,GQ-->AF,GQ-->AF,GQ-->AF,GQ-->AF,GQ-->AF,,,,,,,,,,,,,,,,,AF-->GQ,AF-->GQ,AF-->GQ,AF-->GQ,AF-->GQ,AF-->GQ,AF-->GQ,AF-->GQ,AF-->GQ,AF-->GQ,AF-->GQ,AF-->GQ,AF-->GQ,AF-->GQ,AF-->GQ,AF-->GQ,AF-->GQ,AF-->GQ,AF-->GQ
ER,ERI,Eritrea,Asmara,Africa,Eastern Africa,,ER-->AF,ER-->AF,ER-->AF,ER-->AF,ER-->AF,ER-->AF,ER-->AF,ER-->AF,ER-->AF,ER-->AF,ER-->AF,ER-->AF,ER-->AF,ER-->AF,ER-->AF,ER-->AF,ER-->AF,ER-->AF,ER-->AF,,,,,,,,,,,,,,,,,AF-->ER,AF-->ER,AF-->ER,AF-->ER,AF-->ER,AF-->ER,AF-->ER,AF-->ER,AF-->ER,AF-->ER,AF-->ER,AF-->ER,AF-->ER,AF-->ER,AF-->ER,AF-->ER,AF-->ER,AF-->ER,AF-->ER
EE,EST,Estonia,Tallinn,Europe,Northern Europe,,EE-->AF,EE-->AF,EE-->AF,EE-->AF,EE-->AF,EE-->AF,EE-->AF,EE-->AF,EE-->AF,EE-->AF,EE-->AF,EE-->AF,EE-->AF,EE-->AF,EE-->AF,EE-->AF,EE-->AF,EE-->AF,EE-->AF,,,,,,,,,,,,,,,,,AF-->EE,AF-->EE,AF-->EE,AF-->EE,AF-->EE,AF-->EE,AF-->EE,AF-->EE,AF-->EE,AF-->EE,AF-->EE,AF-->EE,AF-->EE,AF-->EE,AF-->EE,AF-->EE,AF-->EE,AF-->EE,AF-->EE
ET,ETH,Ethiopia,Addis Ababa,Africa,Eastern Africa,,ET-->AF,ET-->AF,ET-->AF,ET-->AF,ET-->AF,ET-->AF,ET-->AF,ET-->AF,ET-->AF,ET-->AF,ET-->AF,ET-->AF,ET-->AF,ET-->AF,ET-->AF,ET-->AF,ET-->AF,ET-->AF,ET-->AF,,,,,,,,,,,,,,,,,AF-->ET,AF-->ET,AF-->ET,AF-->ET,AF-->ET,AF-->ET,AF-->ET,AF-->ET,AF-->ET,AF-->ET,AF-->ET,AF-->ET,AF-->ET,AF-->ET,AF-->ET,AF-->ET,AF-->ET,AF-->ET,AF-->ET
FK,FLK,Falkland Islands,Stanley,Americas,South America,,FK-->AF,FK-->AF,FK-->AF,FK-->AF,FK-->AF,FK-->AF,FK-->AF,FK-->AF,FK-->AF,FK-->AF,FK-->AF,FK-->AF,FK-->AF,FK-->AF,FK-->AF,FK-->AF,FK-->AF,FK-->AF,FK-->AF,,,,,,,,,,,,,,,,,AF-->FK,AF-->FK,AF-->FK,AF-->FK,AF-->FK,AF-->FK,AF-->FK,AF-->FK,AF-->FK,AF-->FK,AF-->FK,AF-->FK,AF-->FK,AF-->FK,AF-->FK,AF-->FK,AF-->FK,AF-->FK,AF-->FK
FO,FRO,Faroe Islands,Tórshavn,Europe,Northern Europe,,FO-->AF,FO-->AF,FO-->AF,FO-->AF,FO-->AF,FO-->AF,FO-->AF,FO-->AF,FO-->AF,FO-->AF,FO-->AF,FO-->AF,FO-->AF,FO-->AF,FO-->AF,FO-->AF,FO-->AF,FO-->AF,FO-->AF,,,,,,,,,,,,,,,,,AF-->FO,AF-->FO,AF-->FO,AF-->FO,AF-->FO,AF-->FO,AF-->FO,AF-->FO,AF-->FO,AF-->FO,AF-->FO,AF-->FO,AF-->FO,AF-->FO,AF-->FO,AF-->FO,AF-->FO,AF-->FO,AF-->FO
FJ,FJI,Fiji,Suva,Oceania,Melanesia,,FJ-->AF,FJ-->AF,FJ-->AF,FJ-->AF,FJ-->AF,FJ-->AF,FJ-->AF,FJ-->AF,FJ-->AF,FJ-->AF,FJ-->AF,FJ-->AF,FJ-->AF,FJ-->AF,FJ-->AF,FJ-->AF,FJ-->AF,FJ-->AF,FJ-->AF,,,,,,,,,,,,,,,,,AF-->FJ,AF-->FJ,AF-->FJ,AF-->FJ,AF-->FJ,AF-->FJ,AF-->FJ,AF-->FJ,AF-->FJ,AF-->FJ,AF-->FJ,AF-->FJ,AF-->FJ,AF-->FJ,AF-->FJ,AF-->FJ,AF-->FJ,AF-->FJ,AF-->FJ
FI,FIN,Finland,Helsinki,Europe,Northern Europe,,FI-->AF,FI-->AF,FI-->AF,FI-->AF,FI-->AF,FI-->AF,FI-->AF,FI-->AF,FI-->AF,FI-->AF,FI-->AF,FI-->AF,FI-->AF,FI-->AF,FI-->AF,FI-->AF,FI-->AF,FI-->AF,FI-->AF,,,,,,,,,,,,,,,,,AF-->FI,AF-->FI,AF-->FI,AF-->FI,AF-->FI,AF-->FI,AF-->FI,AF-->FI,AF-->FI,AF-->FI,AF-->FI,AF-->FI,AF-->FI,AF-->FI,AF-->FI,AF-->FI,AF-->FI,AF-->FI,AF-->FI
FR,FRA,France,Paris,Europe,Western Europe,,FR-->AF,FR-->AF,FR-->AF,FR-->AF,FR-->AF,FR-->AF,FR-->AF,FR-->AF,FR-->AF,FR-->AF,FR-->AF,FR-->AF,FR-->AF,FR-->AF,FR-->AF,FR-->AF,FR-->AF,FR-->AF,FR-->AF,,,,,,,,,,,,,,,,,AF-->FR,AF-->FR,AF-->FR,AF-->FR,AF-->FR,AF-->FR,AF-->FR,AF-->FR,AF-->FR,AF-->FR,AF-->FR,AF-->FR,AF-->FR,AF-->FR,AF-->FR,AF-->FR,AF-->FR,AF-->FR,AF-->FR
GF,GUF,French Guiana,Cayenne,Americas,South America,,GF-->AF,GF-->AF,GF-->AF,GF-->AF,GF-->AF,GF-->AF,GF-->AF,GF-->AF,GF-->AF,GF-->AF,GF-->AF,GF-->AF,GF-->AF,GF-->AF,GF-->AF,GF-->AF,GF-->AF,GF-->AF,GF-->AF,,,,,,,,,,,,,,,,,AF-->GF,AF-->GF,AF-->GF,AF-->GF,AF-->GF,AF-->GF,AF-->GF,AF-->GF,AF-->GF,AF-->GF,AF-->GF,AF-->GF,AF-->GF,AF-->GF,AF-->GF,AF-->GF,AF-->GF,AF-->GF,AF-->GF
PF,PYF,French Polynesia,Papeetē,Oceania,Polynesia,,PF-->AF,PF-->AF,PF-->AF,PF-->AF,PF-->AF,PF-->AF,PF-->AF,PF-->AF,PF-->AF,PF-->AF,PF-->AF,PF-->AF,PF-->AF,PF-->AF,PF-->AF,PF-->AF,PF-->AF,PF-->AF,PF-->AF,,,,,,,,,,,,,,,,,AF-->PF,AF-->PF,AF-->PF,AF-->PF,AF-->PF,AF-->PF,AF-->PF,AF-->PF,AF-->PF,AF-->PF,AF-->PF,AF-->PF,AF-->PF,AF-->PF,AF-->PF,AF-->PF,AF-->PF,AF-->PF,AF-->PF
TF,ATF,French Southern and Antarctic Lands,Port-aux-Français,Africa,Southern Africa,,TF-->AF,TF-->AF,TF-->AF,TF-->AF,TF-->AF,TF-->AF,TF-->AF,TF-->AF,TF-->AF,TF-->AF,TF-->AF,TF-->AF,TF-->AF,TF-->AF,TF-->AF,TF-->AF,TF-->AF,TF-->AF,TF-->AF,,,,,,,,,,,,,,,,,AF-->TF,AF-->TF,AF-->TF,AF-->TF,AF-->TF,AF-->TF,AF-->TF,AF-->TF,AF-->TF,AF-->TF,AF-->TF,AF-->TF,AF-->TF,AF-->TF,AF-->TF,AF-->TF,AF-->TF,AF-->TF,AF-->TF
GA,GAB,Gabon,Libreville,Africa,Middle Africa,,GA-->AF,GA-->AF,GA-->AF,GA-->AF,GA-->AF,GA-->AF,GA-->AF,GA-->AF,GA-->AF,GA-->AF,GA-->AF,GA-->AF,GA-->AF,GA-->AF,GA-->AF,GA-->AF,GA-->AF,GA-->AF,GA-->AF,,,,,,,,,,,,,,,,,AF-->GA,AF-->GA,AF-->GA,AF-->GA,AF-->GA,AF-->GA,AF-->GA,AF-->GA,AF-->GA,AF-->GA,AF-->GA,AF-->GA,AF-->GA,AF-->GA,AF-->GA,AF-->GA,AF-->GA,AF-->GA,AF-->GA
GM,GMB,The Gambia,Banjul,Africa,Western Africa,,GM-->AF,GM-->AF,GM-->AF,GM-->AF,GM-->AF,GM-->AF,GM-->AF,GM-->AF,GM-->AF,GM-->AF,GM-->AF,GM-->AF,GM-->AF,GM-->AF,GM-->AF,GM-->AF,GM-->AF,GM-->AF,GM-->AF,,,,,,,,,,,,,,,,,AF-->GM,AF-->GM,AF-->GM,AF-->GM,AF-->GM,AF-->GM,AF-->GM,AF-->GM,AF-->GM,AF-->GM,AF-->GM,AF-->GM,AF-->GM,AF-->GM,AF-->GM,AF-->GM,AF-->GM,AF-->GM,AF-->GM
GE,GEO,Georgia,Tbilisi,Asia,Western Asia,,GE-->AF,GE-->AF,GE-->AF,GE-->AF,GE-->AF,GE-->AF,GE-->AF,GE-->AF,GE-->AF,GE-->AF,GE-->AF,GE-->AF,GE-->AF,GE-->AF,GE-->AF,GE-->AF,GE-->AF,GE-->AF,GE-->AF,,,,,,,,,,,,,,,,,AF-->GE,AF-->GE,AF-->GE,AF-->GE,AF-->GE,AF-->GE,AF-->GE,AF-->GE,AF-->GE,AF-->GE,AF-->GE,AF-->GE,AF-->GE,AF-->GE,AF-->GE,AF-->GE,AF-->GE,AF-->GE,AF-->GE
DE,DEU,Germany,Berlin,Europe,Western Europe,,DE-->AF,DE-->AF,DE-->AF,DE-->AF,DE-->AF,DE-->AF,DE-->AF,DE-->AF,DE-->AF,DE-->AF,DE-->AF,DE-->AF,DE-->AF,DE-->AF,DE-->AF,DE-->AF,DE-->AF,DE-->AF,DE-->AF,,,,,,,,,,,,,,,,,AF-->DE,AF-->DE,AF-->DE,AF-->DE,AF-->DE,AF-->DE,AF-->DE,AF-->DE,AF-->DE,AF-->DE,AF-->DE,AF-->DE,AF-->DE,AF-->DE,AF-->DE,AF-->DE,AF-->DE,AF-->DE,AF-->DE
GH,GHA,Ghana,Accra,Africa,Western Africa,,GH-->AF,GH-->AF,GH-->AF,GH-->AF,GH-->AF,GH-->AF,GH-->AF,GH-->AF,GH-->AF,GH-->AF,GH-->AF,GH-->AF,GH-->AF,GH-->AF,GH-->AF,GH-->AF,GH-->AF,GH-->AF,GH-->AF,,,,,,,,,,,,,,,,,AF-->GH,AF-->GH,AF-->GH,AF-->GH,AF-->GH,AF-->GH,AF-->GH,AF-->GH,AF-->GH,AF-->GH,AF-->GH,AF-->GH,AF-->GH,AF-->GH,AF-->GH,AF-->GH,AF-->GH,AF-->GH,AF-->GH
GI,GIB,Gibraltar,Gibraltar,Europe,Southern Europe,,GI-->AF,GI-->AF,GI-->AF,GI-->AF,GI-->AF,GI-->AF,GI-->AF,GI-->AF,GI-->AF,GI-->AF,GI-->AF,GI-->AF,GI-->AF,GI-->AF,GI-->AF,GI-->AF,GI-->AF,GI-->AF,GI-->AF,,,,,,,,,,,,,,,,,AF-->GI,AF-->GI,AF-->GI,AF-->GI,AF-->GI,AF-->GI,AF-->GI,AF-->GI,AF-->GI,AF-->GI,AF-->GI,AF-->GI,AF-->GI,AF-->GI,AF-->GI,AF-->GI,AF-->GI,AF-->GI,AF-->GI
GR,GRC,Greece,Athens,Europe,Southern Europe,,GR-->AF,GR-->AF,GR-->AF,GR-->AF,GR-->AF,GR-->AF,GR-->AF,GR-->AF,GR-->AF,GR-->AF,GR-->AF,GR-->AF,GR-->AF,GR-->AF,GR-->AF,GR-->AF,GR-->AF,GR-->AF,GR-->AF,,,,,,,,,,,,,,,,,AF-->GR,AF-->GR,AF-->GR,AF-->GR,AF-->GR,AF-->GR,AF-->GR,AF-->GR,AF-->GR,AF-->GR,AF-->GR,AF-->GR,AF-->GR,AF-->GR,AF-->GR,AF-->GR,AF-->GR,AF-->GR,AF-->GR
GL,GRL,Greenland,Nuuk,Americas,Northern America,,GL-->AF,GL-->AF,GL-->AF,GL-->AF,GL-->AF,GL-->AF,GL-->AF,GL-->AF,GL-->AF,GL-->AF,GL-->AF,GL-->AF,GL-->AF,GL-->AF,GL-->AF,GL-->AF,GL-->AF,GL-->AF,GL-->AF,,,,,,,,,,,,,,,,,AF-->GL,AF-->GL,AF-->GL,AF-->GL,AF-->GL,AF-->GL,AF-->GL,AF-->GL,AF-->GL,AF-->GL,AF-->GL,AF-->GL,AF-->GL,AF-->GL,AF-->GL,AF-->GL,AF-->GL,AF-->GL,AF-->GL
GD,GRD,Grenada,St. George's,Americas,Caribbean,,GD-->AF,GD-->AF,GD-->AF,GD-->AF,GD-->AF,GD-->AF,GD-->AF,GD-->AF,GD-->AF,GD-->AF,GD-->AF,GD-->AF,GD-->AF,GD-->AF,GD-->AF,GD-->AF,GD-->AF,GD-->AF,GD-->AF,,,,,,,,,,,,,,,,,AF-->GD,AF-->GD,AF-->GD,AF-->GD,AF-->GD,AF-->GD,AF-->GD,AF-->GD,AF-->GD,AF-->GD,AF-->GD,AF-->GD,AF-->GD,AF-->GD,AF-->GD,AF-->GD,AF-->GD,AF-->GD,AF-->GD
GP,GLP,Guadeloupe,Basse-Terre,Americas,Caribbean,,GP-->AF,GP-->AF,GP-->AF,GP-->AF,GP-->AF,GP-->AF,GP-->AF,GP-->AF,GP-->AF,GP-->AF,GP-->AF,GP-->AF,GP-->AF,GP-->AF,GP-->AF,GP-->AF,GP-->AF,GP-->AF,GP-->AF,,,,,,,,,,,,,,,,,AF-->GP,AF-->GP,AF-->GP,AF-->GP,AF-->GP,AF-->GP,AF-->GP,AF-->GP,AF-->GP,AF-->GP,AF-->GP,AF-->GP,AF-->GP,AF-->GP,AF-->GP,AF-->GP,AF-->GP,AF-->GP,AF-->GP
GU,GUM,Guam,Hagåtña,Oceania,Micronesia,,GU-->AF,GU-->AF,GU-->AF,GU-->AF,GU-->AF,GU-->AF,GU-->AF,GU-->AF,GU-->AF,GU-->AF,GU-->AF,GU-->AF,GU-->AF,GU-->AF,GU-->AF,GU-->AF,GU-->AF,GU-->AF,GU-->AF,,,,,,,,,,,,,,,,,AF-->GU,AF-->GU,AF-->GU,AF-->GU,AF-->GU,AF-->GU,AF-->GU,AF-->GU,AF-->GU,AF-->GU,AF-->GU,AF-->GU,AF-->GU,AF-->GU,AF-->GU,AF-->GU,AF-->GU,AF-->GU,AF-->GU
GT,GTM,Guatemala,Guatemala City,Americas,Central America,,GT-->AF,GT-->AF,GT-->AF,GT-->AF,GT-->AF,GT-->AF,GT-->AF,GT-->AF,GT-->AF,GT-->AF,GT-->AF,GT-->AF,GT-->AF,GT-->AF,GT-->AF,GT-->AF,GT-->AF,GT-->AF,GT-->AF,,,,,,,,,,,,,,,,,AF-->GT,AF-->GT,AF-->GT,AF-->GT,AF-->GT,AF-->GT,AF-->GT,AF-->GT,AF-->GT,AF-->GT,AF-->GT,AF-->GT,AF-->GT,AF-->GT,AF-->GT,AF-->GT,AF-->GT,AF-->GT,AF-->GT
GG,GGY,Guernsey,St. Peter Port,Europe,Northern Europe,,GG-->AF,GG-->AF,GG-->AF,GG-->AF,GG-->AF,GG-->AF,GG-->AF,GG-->AF,GG-->AF,GG-->AF,GG-->AF,GG-->AF,GG-->AF,GG-->AF,GG-->AF,GG-->AF,GG-->AF,GG-->AF,GG-->AF,,,,,,,,,,,,,,,,,AF-->GG,AF-->GG,AF-->GG,AF-->GG,AF-->GG,AF-->GG,AF-->GG,AF-->GG,AF-->GG,AF-->GG,AF-->GG,AF-->GG,AF-->GG,AF-->GG,AF-->GG,AF-->GG,AF-->GG,AF-->GG,AF-->GG
GN,GIN,Guinea,Conakry,Africa,Western Africa,,GN-->AF,GN-->AF,GN-->AF,GN-->AF,GN-->AF,GN-->AF,GN-->AF,GN-->AF,GN-->AF,GN-->AF,GN-->AF,GN-->AF,GN-->AF,GN-->AF,GN-->AF,GN-->AF,GN-->AF,GN-->AF,GN-->AF,,,,,,,,,,,,,,,,,AF-->GN,AF-->GN,AF-->GN,AF-->GN,AF-->GN,AF-->GN,AF-->GN,AF-->GN,AF-->GN,AF-->GN,AF-->GN,AF-->GN,AF-->GN,AF-->GN,AF-->GN,AF-->GN,AF-->GN,AF-->GN,AF-->GN
GW,GNB,Guinea-Bissau,Bissau,Africa,Western Africa,,GW-->AF,GW-->AF,GW-->AF,GW-->AF,GW-->AF,GW-->AF,GW-->AF,GW-->AF,GW-->AF,GW-->AF,GW-->AF,GW-->AF,GW-->AF,GW-->AF,GW-->AF,GW-->AF,GW-->AF,GW-->AF,GW-->AF,,,,,,,,,,,,,,,,,AF-->GW,AF-->GW,AF-->GW,AF-->GW,AF-->GW,AF-->GW,AF-->GW,AF-->GW,AF-->GW,AF-->GW,AF-->GW,AF-->GW,AF-->GW,AF-->GW,AF-->GW,AF-->GW,AF-->GW,AF-->GW,AF-->GW
GY,GUY,Guyana,Georgetown,Americas,South America,,GY-->AF,GY-->AF,GY-->AF,GY-->AF,GY-->AF,GY-->AF,GY-->AF,GY-->AF,GY-->AF,GY-->AF,GY-->AF,GY-->AF,GY-->AF,GY-->AF,GY-->AF,GY-->AF,GY-->AF,GY-->AF,GY-->AF,,,,,,,,,,,,,,,,,AF-->GY,AF-->GY,AF-->GY,AF-->GY,AF-->GY,AF-->GY,AF-->GY,AF-->GY,AF-->GY,AF-->GY,AF-->GY,AF-->GY,AF-->GY,AF-->GY,AF-->GY,AF-->GY,AF-->GY,AF-->GY,AF-->GY
HT,HTI,Haiti,Port-au-Prince,Americas,Caribbean,,HT-->AF,HT-->AF,HT-->AF,HT-->AF,HT-->AF,HT-->AF,HT-->AF,HT-->AF,HT-->AF,HT-->AF,HT-->AF,HT-->AF,HT-->AF,HT-->AF,HT-->AF,HT-->AF,HT-->AF,HT-->AF,HT-->AF,,,,,,,,,,,,,,,,,AF-->HT,AF-->HT,AF-->HT,AF-->HT,AF-->HT,AF-->HT,AF-->HT,AF-->HT,AF-->HT,AF-->HT,AF-->HT,AF-->HT,AF-->HT,AF-->HT,AF-->HT,AF-->HT,AF-->HT,AF-->HT,AF-->HT
HM,HMD,Heard Island and McDonald Islands,,,,,HM-->AF,HM-->AF,HM-->AF,HM-->AF,HM-->AF,HM-->AF,HM-->AF,HM-->AF,HM-->AF,HM-->AF,HM-->AF,HM-->AF,HM-->AF,HM-->AF,HM-->AF,HM-->AF,HM-->AF,HM-->AF,HM-->AF,,,,,,,,,,,,,,,,,AF-->HM,AF-->HM,AF-->HM,AF-->HM,AF-->HM,AF-->HM,AF-->HM,AF-->HM,AF-->HM,AF-->HM,AF-->HM,AF-->HM,AF-->HM,AF-->HM,AF-->HM,AF-->HM,AF-->HM,AF-->HM,AF-->HM
VA,VAT,Holy See,Rome,Europe,Southern Europe,,VA-->AF,VA-->AF,VA-->AF,VA-->AF,VA-->AF,VA-->AF,VA-->AF,VA-->AF,VA-->AF,VA-->AF,VA-->AF,VA-->AF,VA-->AF,VA-->AF,VA-->AF,VA-->AF,VA-->AF,VA-->AF,VA-->AF,,,,,,,,,,,,,,,,,AF-->VA,AF-->VA,AF-->VA,AF-->VA,AF-->VA,AF-->VA,AF-->VA,AF-->VA,AF-->VA,AF-->VA,AF-->VA,AF-->VA,AF-->VA,AF-->VA,AF-->VA,AF-->VA,AF-->VA,AF-->VA,AF-->VA
HN,HND,Honduras,Tegucigalpa,Americas,Central America,,HN-->AF,HN-->AF,HN-->AF,HN-->AF,HN-->AF,HN-->AF,HN-->AF,HN-->AF,HN-->AF,HN-->AF,HN-->AF,HN-->AF,HN-->AF,HN-->AF,HN-->AF,HN-->AF,HN-->AF,HN-->AF,HN-->AF,,,,,,,,,,,,,,,,,AF-->HN,AF-->HN,AF-->HN,AF-->HN,AF-->HN,AF-->HN,AF-->HN,AF-->HN,AF-->HN,AF-->HN,AF-->HN,AF-->HN,AF-->HN,AF-->HN,AF-->HN,AF-->HN,AF-->HN,AF-->HN,AF-->HN
HK,HKG,Hong Kong,City of Victoria,Asia,Eastern Asia,,HK-->AF,HK-->AF,HK-->AF,HK-->AF,HK-->AF,HK-->AF,HK-->AF,HK-->AF,HK-->AF,HK-->AF,HK-->AF,HK-->AF,HK-->AF,HK-->AF,HK-->AF,HK-->AF,HK-->AF,HK-->AF,HK-->AF,,,,,,,,,,,,,,,,,AF-->HK,AF-->HK,AF-->HK,AF-->HK,AF-->HK,AF-->HK,AF-->HK,AF-->HK,AF-->HK,AF-->HK,AF-->HK,AF-->HK,AF-->HK,AF-->HK,AF-->HK,AF-->HK,AF-->HK,AF-->HK,AF-->HK
HU,HUN,Hungary,Budapest,Europe,Eastern Europe,,HU-->AF,HU-->AF,HU-->AF,HU-->AF,HU-->AF,HU-->AF,HU-->AF,HU-->AF,HU-->AF,HU-->AF,HU-->AF,HU-->AF,HU-->AF,HU-->AF,HU-->AF,HU-->AF,HU-->AF,HU-->AF,HU-->AF,,,,,,,,,,,,,,,,,AF-->HU,AF-->HU,AF-->HU,AF-->HU,AF-->HU,AF-->HU,AF-->HU,AF-->HU,AF-->HU,AF-->HU,AF-->HU,AF-->HU,AF-->HU,AF-->HU,AF-->HU,AF-->HU,AF-->HU,AF-->HU,AF-->HU
IS,ISL,Iceland,Reykjavík,Europe,Northern Europe,,IS-->AF,IS-->AF,IS-->AF,IS-->AF,IS-->AF,IS-->AF,IS-->AF,IS-->AF,IS-->AF,IS-->AF,IS-->AF,IS-->AF,IS-->AF,IS-->AF,IS-->AF,IS-->AF,IS-->AF,IS-->AF,IS-->AF,,,,,,,,,,,,,,,,,AF-->IS,AF-->IS,AF-->IS,AF-->IS,AF-->IS,AF-->IS,AF-->IS,AF-->IS,AF-->IS,AF-->IS,AF-->IS,AF-->IS,AF-->IS,AF-->IS,AF-->IS,AF-->IS,AF-->IS,AF-->IS,AF-->IS
IN,IND,India,New Delhi,Asia,Southern Asia,,IN-->AF,IN-->AF,IN-->AF,IN-->AF,IN-->AF,IN-->AF,IN-->AF,IN-->AF,IN-->AF,IN-->AF,IN-->AF,IN-->AF,IN-->AF,IN-->AF,IN-->AF,IN-->AF,IN-->AF,IN-->AF,IN-->AF,,,,,,,,,,,,,,,,,AF-->IN,AF-->IN,AF-->IN,AF-->IN,AF-->IN,AF-->IN,AF-->IN,AF-->IN,AF-->IN,AF-->IN,AF-->IN,AF-->IN,AF-->IN,AF-->IN,AF-->IN,AF-->IN,AF-->IN,AF-->IN,AF-->IN
ID,IDN,Indonesia,Jakarta,Asia,South-Eastern Asia,,ID-->AF,ID-->AF,ID-->AF,ID-->AF,ID-->AF,ID-->AF,ID-->AF,ID-->AF,ID-->AF,ID-->AF,ID-->AF,ID-->AF,ID-->AF,ID-->AF,ID-->AF,ID-->AF,ID-->AF,ID-->AF,ID-->AF,,,,,,,,,,,,,,,,,AF-->ID,AF-->ID,AF-->ID,AF-->ID,AF-->ID,AF-->ID,AF-->ID,AF-->ID,AF-->ID,AF-->ID,AF-->ID,AF-->ID,AF-->ID,AF-->ID,AF-->ID,AF-->ID,AF-->ID,AF-->ID,AF-->ID
CI,CIV,Ivory Coast,Yamoussoukro,Africa,Western Africa,,CI-->AF,CI-->AF,CI-->AF,CI-->AF,CI-->AF,CI-->AF,CI-->AF,CI-->AF,CI-->AF,CI-->AF,CI-->AF,CI-->AF,CI-->AF,CI-->AF,CI-->AF,CI-->AF,CI-->AF,CI-->AF,CI-->AF,,,,,,,,,,,,,,,,,AF-->CI,AF-->CI,AF-->CI,AF-->CI,AF-->CI,AF-->CI,AF-->CI,AF-->CI,AF-->CI,AF-->CI,AF-->CI,AF-->CI,AF-->CI,AF-->CI,AF-->CI,AF-->CI,AF-->CI,AF-->CI,AF-->CI
IR,IRN,Iran,Tehran,Asia,Southern Asia,,IR-->AF,IR-->AF,IR-->AF,IR-->AF,IR-->AF,IR-->AF,IR-->AF,IR-->AF,IR-->AF,IR-->AF,IR-->AF,IR-->AF,IR-->AF,IR-->AF,IR-->AF,IR-->AF,IR-->AF,IR-->AF,IR-->AF,,,,,,,,,,,,,,,,,AF-->IR,AF-->IR,AF-->IR,AF-->IR,AF-->IR,AF-->IR,AF-->IR,AF-->IR,AF-->IR,AF-->IR,AF-->IR,AF-->IR,AF-->IR,AF-->IR,AF-->IR,AF-->IR,AF-->IR,AF-->IR,AF-->IR
IQ,IRQ,Iraq,Baghdad,Asia,Western Asia,,IQ-->AF,IQ-->AF,IQ-->AF,IQ-->AF,IQ-->AF,IQ-->AF,IQ-->AF,IQ-->AF,IQ-->AF,IQ-->AF,IQ-->AF,IQ-->AF,IQ-->AF,IQ-->AF,IQ-->AF,IQ-->AF,IQ-->AF,IQ-->AF,IQ-->AF,,,,,,,,,,,,,,,,,AF-->IQ,AF-->IQ,AF-->IQ,AF-->IQ,AF-->IQ,AF-->IQ,AF-->IQ,AF-->IQ,AF-->IQ,AF-->IQ,AF-->IQ,AF-->IQ,AF-->IQ,AF-->IQ,AF-->IQ,AF-->IQ,AF-->IQ,AF-->IQ,AF-->IQ
IE,IRL,Republic of Ireland,Dublin,Europe,Northern Europe,,IE-->AF,IE-->AF,IE-->AF,IE-->AF,IE-->AF,IE-->AF,IE-->AF,IE-->AF,IE-->AF,IE-->AF,IE-->AF,IE-->AF,IE-->AF,IE-->AF,IE-->AF,IE-->AF,IE-->AF,IE-->AF,IE-->AF,,,,,,,,,,,,,,,,,AF-->IE,AF-->IE,AF-->IE,AF-->IE,AF-->IE,AF-->IE,AF-->IE,AF-->IE,AF-->IE,AF-->IE,AF-->IE,AF-->IE,AF-->IE,AF-->IE,AF-->IE,AF-->IE,AF-->IE,AF-->IE,AF-->IE
IM,IMN,Isle of Man,Douglas,Europe,Northern Europe,,IM-->AF,IM-->AF,IM-->AF,IM-->AF,IM-->AF,IM-->AF,IM-->AF,IM-->AF,IM-->AF,IM-->AF,IM-->AF,IM-->AF,IM-->AF,IM-->AF,IM-->AF,IM-->AF,IM-->AF,IM-->AF,IM-->AF,,,,,,,,,,,,,,,,,AF-->IM,AF-->IM,AF-->IM,AF-->IM,AF-->IM,AF-->IM,AF-->IM,AF-->IM,AF-->IM,AF-->IM,AF-->IM,AF-->IM,AF-->IM,AF-->IM,AF-->IM,AF-->IM,AF-->IM,AF-->IM,AF-->IM
IL,ISR,Israel,Jerusalem,Asia,Western Asia,,IL-->AF,IL-->AF,IL-->AF,IL-->AF,IL-->AF,IL-->AF,IL-->AF,IL-->AF,IL-->AF,IL-->AF,IL-->AF,IL-->AF,IL-->AF,IL-->AF,IL-->AF,IL-->AF,IL-->AF,IL-->AF,IL-->AF,,,,,,,,,,,,,,,,,AF-->IL,AF-->IL,AF-->IL,AF-->IL,AF-->IL,AF-->IL,AF-->IL,AF-->IL,AF-->IL,AF-->IL,AF-->IL,AF-->IL,AF-->IL,AF-->IL,AF-->IL,AF-->IL,AF-->IL,AF-->IL,AF-->IL
IT,ITA,Italy,Rome,Europe,Southern Europe,,IT-->AF,IT-->AF,IT-->AF,IT-->AF,IT-->AF,IT-->AF,IT-->AF,IT-->AF,IT-->AF,IT-->AF,IT-->AF,IT-->AF,IT-->AF,IT-->AF,IT-->AF,IT-->AF,IT-->AF,IT-->AF,IT-->AF,,,,,,,,,,,,,,,,,AF-->IT,AF-->IT,AF-->IT,AF-->IT,AF-->IT,AF-->IT,AF-->IT,AF-->IT,AF-->IT,AF-->IT,AF-->IT,AF-->IT,AF-->IT,AF-->IT,AF-->IT,AF-->IT,AF-->IT,AF-->IT,AF-->IT
JM,JAM,Jamaica,Kingston,Americas,Caribbean,,JM-->AF,JM-->AF,JM-->AF,JM-->AF,JM-->AF,JM-->AF,JM-->AF,JM-->AF,JM-->AF,JM-->AF,JM-->AF,JM-->AF,JM-->AF,JM-->AF,JM-->AF,JM-->AF,JM-->AF,JM-->AF,JM-->AF,,,,,,,,,,,,,,,,,AF-->JM,AF-->JM,AF-->JM,AF-->JM,AF-->JM,AF-->JM,AF-->JM,AF-->JM,AF-->JM,AF-->JM,AF-->JM,AF-->JM,AF-->JM,AF-->JM,AF-->JM,AF-->JM,AF-->JM,AF-->JM,AF-->JM
JP,JPN,Japan,Tokyo,Asia,Eastern Asia,,JP-->AF,JP-->AF,JP-->AF,JP-->AF,JP-->AF,JP-->AF,JP-->AF,JP-->AF,JP-->AF,JP-->AF,JP-->AF,JP-->AF,JP-->AF,JP-->AF,JP-->AF,JP-->AF,JP-->AF,JP-->AF,JP-->AF,,,,,,,,,,,,,,,,,AF-->JP,AF-->JP,AF-->JP,AF-->JP,AF-->JP,AF-->JP,AF-->JP,AF-->JP,AF-->JP,AF-->JP,AF-->JP,AF-->JP,AF-->JP,AF-->JP,AF-->JP,AF-->JP,AF-->JP,AF-->JP,AF-->JP
JE,JEY,Jersey,Saint Helier,Europe,Northern Europe,,JE-->AF,JE-->AF,JE-->AF,JE-->AF,JE-->AF,JE-->AF,JE-->AF,JE-->AF,JE-->AF,JE-->AF,JE-->AF,JE-->AF,JE-->AF,JE-->AF,JE-->AF,JE-->AF,JE-->AF,JE-->AF,JE-->AF,,,,,,,,,,,,,,,,,AF-->JE,AF-->JE,AF-->JE,AF-->JE,AF-->JE,AF-->JE,AF-->JE,AF-->JE,AF-->JE,AF-->JE,AF-->JE,AF-->JE,AF-->JE,AF-->JE,AF-->JE,AF-->JE,AF-->JE,AF-->JE,AF-->JE
JO,JOR,Jordan,Amman,Asia,Western Asia,,JO-->AF,JO-->AF,JO-->AF,JO-->AF,JO-->AF,JO-->AF,JO-->AF,JO-->AF,JO-->AF,JO-->AF,JO-->AF,JO-->AF,JO-->AF,JO-->AF,JO-->AF,JO-->AF,JO-->AF,JO-->AF,JO-->AF,,,,,,,,,,,,,,,,,AF-->JO,AF-->JO,AF-->JO,AF-->JO,AF-->JO,AF-->JO,AF-->JO,AF-->JO,AF-->JO,AF-->JO,AF-->JO,AF-->JO,AF-->JO,AF-->JO,AF-->JO,AF-->JO,AF-->JO,AF-->JO,AF-->JO
KZ,KAZ,Kazakhstan,Astana,Asia,Central Asia,,KZ-->AF,KZ-->AF,KZ-->AF,KZ-->AF,KZ-->AF,KZ-->AF,KZ-->AF,KZ-->AF,KZ-->AF,KZ-->AF,KZ-->AF,KZ-->AF,KZ-->AF,KZ-->AF,KZ-->AF,KZ-->AF,KZ-->AF,KZ-->AF,KZ-->AF,,,,,,,,,,,,,,,,,AF-->KZ,AF-->KZ,AF-->KZ,AF-->KZ,AF-->KZ,AF-->KZ,AF-->KZ,AF-->KZ,AF-->KZ,AF-->KZ,AF-->KZ,AF-->KZ,AF-->KZ,AF-->KZ,AF-->KZ,AF-->KZ,AF-->KZ,AF-->KZ,AF-->KZ
KE,KEN,Kenya,Nairobi,Africa,Eastern Africa,,KE-->AF,KE-->AF,KE-->AF,KE-->AF,KE-->AF,KE-->AF,KE-->AF,KE-->AF,KE-->AF,KE-->AF,KE-->AF,KE-->AF,KE-->AF,KE-->AF,KE-->AF,KE-->AF,KE-->AF,KE-->AF,KE-->AF,,,,,,,,,,,,,,,,,AF-->KE,AF-->KE,AF-->KE,AF-->KE,AF-->KE,AF-->KE,AF-->KE,AF-->KE,AF-->KE,AF-->KE,AF-->KE,AF-->KE,AF-->KE,AF-->KE,AF-->KE,AF-->KE,AF-->KE,AF-->KE,AF-->KE
KI,KIR,Kiribati,South Tarawa,Oceania,Micronesia,,KI-->AF,KI-->AF,KI-->AF,KI-->AF,KI-->AF,KI-->AF,KI-->AF,KI-->AF,KI-->AF,KI-->AF,KI-->AF,KI-->AF,KI-->AF,KI-->AF,KI-->AF,KI-->AF,KI-->AF,KI-->AF,KI-->AF,,,,,,,,,,,,,,,,,AF-->KI,AF-->KI,AF-->KI,AF-->KI,AF-->KI,AF-->KI,AF-->KI,AF-->KI,AF-->KI,AF-->KI,AF-->KI,AF-->KI,AF-->KI,AF-->KI,AF-->KI,AF-->KI,AF-->KI,AF-->KI,AF-->KI
KW,KWT,Kuwait,Kuwait City,Asia,Western Asia,,KW-->AF,KW-->AF,KW-->AF,KW-->AF,KW-->AF,KW-->AF,KW-->AF,KW-->AF,KW-->AF,KW-->AF,KW-->AF,KW-->AF,KW-->AF,KW-->AF,KW-->AF,KW-->AF,KW-->AF,KW-->AF,KW-->AF,,,,,,,,,,,,,,,,,AF-->KW,AF-->KW,AF-->KW,AF-->KW,AF-->KW,AF-->KW,AF-->KW,AF-->KW,AF-->KW,AF-->KW,AF-->KW,AF-->KW,AF-->KW,AF-->KW,AF-->KW,AF-->KW,AF-->KW,AF-->KW,AF-->KW
KG,KGZ,Kyrgyzstan,Bishkek,Asia,Central Asia,,KG-->AF,KG-->AF,KG-->AF,KG-->AF,KG-->AF,KG-->AF,KG-->AF,KG-->AF,KG-->AF,KG-->AF,KG-->AF,KG-->AF,KG-->AF,KG-->AF,KG-->AF,KG-->AF,KG-->AF,KG-->AF,KG-->AF,,,,,,,,,,,,,,,,,AF-->KG,AF-->KG,AF-->KG,AF-->KG,AF-->KG,AF-->KG,AF-->KG,AF-->KG,AF-->KG,AF-->KG,AF-->KG,AF-->KG,AF-->KG,AF-->KG,AF-->KG,AF-->KG,AF-->KG,AF-->KG,AF-->KG
LA,LAO,Laos,Vientiane,Asia,South-Eastern Asia,,LA-->AF,LA-->AF,LA-->AF,LA-->AF,LA-->AF,LA-->AF,LA-->AF,LA-->AF,LA-->AF,LA-->AF,LA-->AF,LA-->AF,LA-->AF,LA-->AF,LA-->AF,LA-->AF,LA-->AF,LA-->AF,LA-->AF,,,,,,,,,,,,,,,,,AF-->LA,AF-->LA,AF-->LA,AF-->LA,AF-->LA,AF-->LA,AF-->LA,AF-->LA,AF-->LA,AF-->LA,AF-->LA,AF-->LA,AF-->LA,AF-->LA,AF-->LA,AF-->LA,AF-->LA,AF-->LA,AF-->LA
LV,LVA,Latvia,Riga,Europe,Northern Europe,,LV-->AF,LV-->AF,LV-->AF,LV-->AF,LV-->AF,LV-->AF,LV-->AF,LV-->AF,LV-->AF,LV-->AF,LV-->AF,LV-->AF,LV-->AF,LV-->AF,LV-->AF,LV-->AF,LV-->AF,LV-->AF,LV-->AF,,,,,,,,,,,,,,,,,AF-->LV,AF-->LV,AF-->LV,AF-->LV,AF-->LV,AF-->LV,AF-->LV,AF-->LV,AF-->LV,AF-->LV,AF-->LV,AF-->LV,AF-->LV,AF-->LV,AF-->LV,AF-->LV,AF-->LV,AF-->LV,AF-->LV
LB,LBN,Lebanon,Beirut,Asia,Western Asia,,LB-->AF,LB-->AF,LB-->AF,LB-->AF,LB-->AF,LB-->AF,LB-->AF,LB-->AF,LB-->AF,LB-->AF,LB-->AF,LB-->AF,LB-->AF,LB-->AF,LB-->AF,LB-->AF,LB-->AF,LB-->AF,LB-->AF,,,,,,,,,,,,,,,,,AF-->LB,AF-->LB,AF-->LB,AF-->LB,AF-->LB,AF-->LB,AF-->LB,AF-->LB,AF-->LB,AF-->LB,AF-->LB,AF-->LB,AF-->LB,AF-->LB,AF-->LB,AF-->LB,AF-->LB,AF-->LB,AF-->LB
LS,LSO,Lesotho,Maseru,Africa,Southern Africa,,LS-->AF,LS-->AF,LS-->AF,LS-->AF,LS-->AF,LS-->AF,LS-->AF,LS-->AF,LS-->AF,LS-->AF,LS-->AF,LS-->AF,LS-->AF,LS-->AF,LS-->AF,LS-->AF,LS-->AF,LS-->AF,LS-->AF,,,,,,,,,,,,,,,,,AF-->LS,AF-->LS,AF-->LS,AF-->LS,AF-->LS,AF-->LS,AF-->LS,AF-->LS,AF-->LS,AF-->LS,AF-->LS,AF-->LS,AF-->LS,AF-->LS,AF-->LS,AF-->LS,AF-->LS,AF-->LS,AF-->LS
LR,LBR,Liberia,Monrovia,Africa,Western Africa,,LR-->AF,LR-->AF,LR-->AF,LR-->AF,LR-->AF,LR-->AF,LR-->AF,LR-->AF,LR-->AF,LR-->AF,LR-->AF,LR-->AF,LR-->AF,LR-->AF,LR-->AF,LR-->AF,LR-->AF,LR-->AF,LR-->AF,,,,,,,,,,,,,,,,,AF-->LR,AF-->LR,AF-->LR,AF-->LR,AF-->LR,AF-->LR,AF-->LR,AF-->LR,AF-->LR,AF-->LR,AF-->LR,AF-->LR,AF-->LR,AF-->LR,AF-->LR,AF-->LR,AF-->LR,AF-->LR,AF-->LR
LY,LBY,Libya,Tripoli,Africa,Northern Africa,,LY-->AF,LY-->AF,LY-->AF,LY-->AF,LY-->AF,LY-->AF,LY-->AF,LY-->AF,LY-->AF,LY-->AF,LY-->AF,LY-->AF,LY-->AF,LY-->AF,LY-->AF,LY-->AF,LY-->AF,LY-->AF,LY-->AF,,,,,,,,,,,,,,,,,AF-->LY,AF-->LY,AF-->LY,AF-->LY,AF-->LY,AF-->LY,AF-->LY,AF-->LY,AF-->LY,AF-->LY,AF-->LY,AF-->LY,AF-->LY,AF-->LY,AF-->LY,AF-->LY,AF-->LY,AF-->LY,AF-->LY
LI,LIE,Liechtenstein,Vaduz,Europe,Western Europe,,LI-->AF,LI-->AF,LI-->AF,LI-->AF,LI-->AF,LI-->AF,LI-->AF,LI-->AF,LI-->AF,LI-->AF,LI-->AF,LI-->AF,LI-->AF,LI-->AF,LI-->AF,LI-->AF,LI-->AF,LI-->AF,LI-->AF,,,,,,,,,,,,,,,,,AF-->LI,AF-->LI,AF-->LI,AF-->LI,AF-->LI,AF-->LI,AF-->LI,AF-->LI,AF-->LI,AF-->LI,AF-->LI,AF-->LI,AF-->LI,AF-->LI,AF-->LI,AF-->LI,AF-->LI,AF-->LI,AF-->LI
LT,LTU,Lithuania,Vilnius,Europe,Northern Europe,,LT-->AF,LT-->AF,LT-->AF,LT-->AF,LT-->AF,LT-->AF,LT-->AF,LT-->AF,LT-->AF,LT-->AF,LT-->AF,LT-->AF,LT-->AF,LT-->AF,LT-->AF,LT-->AF,LT-->AF,LT-->AF,LT-->AF,,,,,,,,,,,,,,,,,AF-->LT,AF-->LT,AF-->LT,AF-->LT,AF-->LT,AF-->LT,AF-->LT,AF-->LT,AF-->LT,AF-->LT,AF-->LT,AF-->LT,AF-->LT,AF-->LT,AF-->LT,AF-->LT,AF-->LT,AF-->LT,AF-->LT
LU,LUX,Luxembourg,Luxembourg,Europe,Western Europe,,LU-->AF,LU-->AF,LU-->AF,LU-->AF,LU-->AF,LU-->AF,LU-->AF,LU-->AF,LU-->AF,LU-->AF,LU-->AF,LU-->AF,LU-->AF,LU-->AF,LU-->AF,LU-->AF,LU-->AF,LU-->AF,LU-->AF,,,,,,,,,,,,,,,,,AF-->LU,AF-->LU,AF-->LU,AF-->LU,AF-->LU,AF-->LU,AF-->LU,AF-->LU,AF-->LU,AF-->LU,AF-->LU,AF-->LU,AF-->LU,AF-->LU,AF-->LU,AF-->LU,AF-->LU,AF-->LU,AF-->LU
MO,MAC,Macau,,Asia,Eastern Asia,,MO-->AF,MO-->AF,MO-->AF,MO-->AF,MO-->AF,MO-->AF,MO-->AF,MO-->AF,MO-->AF,MO-->AF,MO-->AF,MO-->AF,MO-->AF,MO-->AF,MO-->AF,MO-->AF,MO-->AF,MO-->AF,MO-->AF,,,,,,,,,,,,,,,,,AF-->MO,AF-->MO,AF-->MO,AF-->MO,AF-->MO,AF-->MO,AF-->MO,AF-->MO,AF-->MO,AF-->MO,AF-->MO,AF-->MO,AF-->MO,AF-->MO,AF-->MO,AF-->MO,AF-->MO,AF-->MO,AF-->MO
MK,MKD,Republic of Macedonia,Skopje,Europe,Southern Europe,,MK-->AF,MK-->AF,MK-->AF,MK-->AF,MK-->AF,MK-->AF,MK-->AF,MK-->AF,MK-->AF,MK-->AF,MK-->AF,MK-->AF,MK-->AF,MK-->AF,MK-->AF,MK-->AF,MK-->AF,MK-->AF,MK-->AF,,,,,,,,,,,,,,,,,AF-->MK,AF-->MK,AF-->MK,AF-->MK,AF-->MK,AF-->MK,AF-->MK,AF-->MK,AF-->MK,AF-->MK,AF-->MK,AF-->MK,AF-->MK,AF-->MK,AF-->MK,AF-->MK,AF-->MK,AF-->MK,AF-->MK
MG,MDG,Madagascar,Antananarivo,Africa,Eastern Africa,,MG-->AF,MG-->AF,MG-->AF,MG-->AF,MG-->AF,MG-->AF,MG-->AF,MG-->AF,MG-->AF,MG-->AF,MG-->AF,MG-->AF,MG-->AF,MG-->AF,MG-->AF,MG-->AF,MG-->AF,MG-->AF,MG-->AF,,,,,,,,,,,,,,,,,AF-->MG,AF-->MG,AF-->MG,AF-->MG,AF-->MG,AF-->MG,AF-->MG,AF-->MG,AF-->MG,AF-->MG,AF-->MG,AF-->MG,AF-->MG,AF-->MG,AF-->MG,AF-->MG,AF-->MG,AF-->MG,AF-->MG
MW,MWI,Malawi,Lilongwe,Africa,Eastern Africa,,MW-->AF,MW-->AF,MW-->AF,MW-->AF,MW-->AF,MW-->AF,MW-->AF,MW-->AF,MW-->AF,MW-->AF,MW-->AF,MW-->AF,MW-->AF,MW-->AF,MW-->AF,MW-->AF,MW-->AF,MW-->AF,MW-->AF,,,,,,,,,,,,,,,,,AF-->MW,AF-->MW,AF-->MW,AF-->MW,AF-->MW,AF-->MW,AF-->MW,AF-->MW,AF-->MW,AF-->MW,AF-->MW,AF-->MW,AF-->MW,AF-->MW,AF-->MW,AF-->MW,AF-->MW,AF-->MW,AF-->MW
MY,MYS,Malaysia,Kuala Lumpur,Asia,South-Eastern Asia,,MY-->AF,MY-->AF,MY-->AF,MY-->AF,MY-->AF,MY-->AF,MY-->AF,MY-->AF,MY-->AF,MY-->AF,MY-->AF,MY-->AF,MY-->AF,MY-->AF,MY-->AF,MY-->AF,MY-->AF,MY-->AF,MY-->AF,,,,,,,,,,,,,,,,,AF-->MY,AF-->MY,AF-->MY,AF-->MY,AF-->MY,AF-->MY,AF-->MY,AF-->MY,AF-->MY,AF-->MY,AF-->MY,AF-->MY,AF-->MY,AF-->MY,AF-->MY,AF-->MY,AF-->MY,AF-->MY,AF-->MY
MV,MDV,Maldives,Malé,Asia,Southern Asia,,MV-->AF,MV-->AF,MV-->AF,MV-->AF,MV-->AF,MV-->AF,MV-->AF,MV-->AF,MV-->AF,MV-->AF,MV-->AF,MV-->AF,MV-->AF,MV-->AF,MV-->AF,MV-->AF,MV-->AF,MV-->AF,MV-->AF,,,,,,,,,,,,,,,,,AF-->MV,AF-->MV,AF-->MV,AF-->MV,AF-->MV,AF-->MV,AF-->MV,AF-->MV,AF-->MV,AF-->MV,AF-->MV,AF-->MV,AF-->MV,AF-->MV,AF-->MV,AF-->MV,AF-->MV,AF-->MV,AF-->MV
ML,MLI,Mali,Bamako,Africa,Western Africa,,ML-->AF,ML-->AF,ML-->AF,ML-->AF,ML-->AF,ML-->AF,ML-->AF,ML-->AF,ML-->AF,ML-->AF,ML-->AF,ML-->AF,ML-->AF,ML-->AF,ML-->AF,ML-->AF,ML-->AF,ML-->AF,ML-->AF,,,,,,,,,,,,,,,,,AF-->ML,AF-->ML,AF-->ML,AF-->ML,AF-->ML,AF-->ML,AF-->ML,AF-->ML,AF-->ML,AF-->ML,AF-->ML,AF-->ML,AF-->ML,AF-->ML,AF-->ML,AF-->ML,AF-->ML,AF-->ML,AF-->ML
MT,MLT,Malta,Valletta,Europe,Southern Europe,,MT-->AF,MT-->AF,MT-->AF,MT-->AF,MT-->AF,MT-->AF,MT-->AF,MT-->AF,MT-->AF,MT-->AF,MT-->AF,MT-->AF,MT-->AF,MT-->AF,MT-->AF,MT-->AF,MT-->AF,MT-->AF,MT-->AF,,,,,,,,,,,,,,,,,AF-->MT,AF-->MT,AF-->MT,AF-->MT,AF-->MT,AF-->MT,AF-->MT,AF-->MT,AF-->MT,AF-->MT,AF-->MT,AF-->MT,AF-->MT,AF-->MT,AF-->MT,AF-->MT,AF-->MT,AF-->MT,AF-->MT
MH,MHL,Marshall Islands,Majuro,Oceania,Micronesia,,MH-->AF,MH-->AF,MH-->AF,MH-->AF,MH-->AF,MH-->AF,MH-->AF,MH-->AF,MH-->AF,MH-->AF,MH-->AF,MH-->AF,MH-->AF,MH-->AF,MH-->AF,MH-->AF,MH-->AF,MH-->AF,MH-->AF,,,,,,,,,,,,,,,,,AF-->MH,AF-->MH,AF-->MH,AF-->MH,AF-->MH,AF-->MH,AF-->MH,AF-->MH,AF-->MH,AF-->MH,AF-->MH,AF-->MH,AF-->MH,AF-->MH,AF-->MH,AF-->MH,AF-->MH,AF-->MH,AF-->MH
MQ,MTQ,Martinique,Fort-de-France,Americas,Caribbean,,MQ-->AF,MQ-->AF,MQ-->AF,MQ-->AF,MQ-->AF,MQ-->AF,MQ-->AF,MQ-->AF,MQ-->AF,MQ-->AF,MQ-->AF,MQ-->AF,MQ-->AF,MQ-->AF,MQ-->AF,MQ-->AF,MQ-->AF,MQ-->AF,MQ-->AF,,,,,,,,,,,,,,,,,AF-->MQ,AF-->MQ,AF-->MQ,AF-->MQ,AF-->MQ,AF-->MQ,AF-->MQ,AF-->MQ,AF-->MQ,AF-->MQ,AF-->MQ,AF-->MQ,AF-->MQ,AF-->MQ,AF-->MQ,AF-->MQ,AF-->MQ,AF-->MQ,AF-->MQ
MR,MRT,Mauritania,Nouakchott,Africa,Western Africa,,MR-->AF,MR-->AF,MR-->AF,MR-->AF,MR-->AF,MR-->AF,MR-->AF,MR-->AF,MR-->AF,MR-->AF,MR-->AF,MR-->AF,MR-->AF,MR-->AF,MR-->AF,MR-->AF,MR-->AF,MR-->AF,MR-->AF,0.0,,,,,,,,,,,,,,,,AF-->MR,AF-->MR,AF-->MR,AF-->MR,AF-->MR,AF-->MR,AF-->MR,AF-->MR,AF-->MR,AF-->MR,AF-->MR,AF-->MR,AF-->MR,AF-->MR,AF-->MR,AF-->MR,AF-->MR,AF-->MR,AF-->MR
MU,MUS,Mauritius,Port Louis,Africa,Eastern Africa,,MU-->AF,MU-->AF,MU-->AF,MU-->AF,MU-->AF,MU-->AF,MU-->AF,MU-->AF,MU-->AF,MU-->AF,MU-->AF,MU-->AF,MU-->AF,MU-->AF,MU-->AF,MU-->AF,MU-->AF,MU-->AF,MU-->AF,,,,,,,,,,,,,,,,,AF-->MU,AF-->MU,AF-->MU,AF-->MU,AF-->MU,AF-->MU,AF-->MU,AF-->MU,AF-->MU,AF-->MU,AF-->MU,AF-->MU,AF-->MU,AF-->MU,AF-->MU,AF-->MU,AF-->MU,AF-->MU,AF-->MU
YT,MYT,Mayotte,Mamoudzou,Africa,Eastern Africa,,YT-->AF,YT-->AF,YT-->AF,YT-->AF,YT-->AF,YT-->AF,YT-->AF,YT-->AF,YT-->AF,YT-->AF,YT-->AF,YT-->AF,YT-->AF,YT-->AF,YT-->AF,YT-->AF,YT-->AF,YT-->AF,YT-->AF,,,,,,,,,,,,,,,,,AF-->YT,AF-->YT,AF-->YT,AF-->YT,AF-->YT,AF-->YT,AF-->YT,AF-->YT,AF-->YT,AF-->YT,AF-->YT,AF-->YT,AF-->YT,AF-->YT,AF-->YT,AF-->YT,AF-->YT,AF-->YT,AF-->YT
MX,MEX,Mexico,Mexico City,Americas,Central America,,MX-->AF,MX-->AF,MX-->AF,MX-->AF,MX-->AF,MX-->AF,MX-->AF,MX-->AF,MX-->AF,MX-->AF,MX-->AF,MX-->AF,MX-->AF,MX-->AF,MX-->AF,MX-->AF,MX-->AF,MX-->AF,MX-->AF,,,,,,,,,,,,,,,,,AF-->MX,AF-->MX,AF-->MX,AF-->MX,AF-->MX,AF-->MX,AF-->MX,AF-->MX,AF-->MX,AF-->MX,AF-->MX,AF-->MX,AF-->MX,AF-->MX,AF-->MX,AF-->MX,AF-->MX,AF-->MX,AF-->MX
FM,FSM,Federated States of Micronesia,Palikir,Oceania,Micronesia,,FM-->AF,FM-->AF,FM-->AF,FM-->AF,FM-->AF,FM-->AF,FM-->AF,FM-->AF,FM-->AF,FM-->AF,FM-->AF,FM-->AF,FM-->AF,FM-->AF,FM-->AF,FM-->AF,FM-->AF,FM-->AF,FM-->AF,,,,,,,,,,,,,,,,,AF-->FM,AF-->FM,AF-->FM,AF-->FM,AF-->FM,AF-->FM,AF-->FM,AF-->FM,AF-->FM,AF-->FM,AF-->FM,AF-->FM,AF-->FM,AF-->FM,AF-->FM,AF-->FM,AF-->FM,AF-->FM,AF-->FM
MD,MDA,Moldova,Chișinău,Europe,Eastern Europe,,MD-->AF,MD-->AF,MD-->AF,MD-->AF,MD-->AF,MD-->AF,MD-->AF,MD-->AF,MD-->AF,MD-->AF,MD-->AF,MD-->AF,MD-->AF,MD-->AF,MD-->AF,MD-->AF,MD-->AF,MD-->AF,MD-->AF,,,,,,,,,,,,,,,,,AF-->MD,AF-->MD,AF-->MD,AF-->MD,AF-->MD,AF-->MD,AF-->MD,AF-->MD,AF-->MD,AF-->MD,AF-->MD,AF-->MD,AF-->MD,AF-->MD,AF-->MD,AF-->MD,AF-->MD,AF-->MD,AF-->MD
MC,MCO,Monaco,Monaco,Europe,Western Europe,,MC-->AF,MC-->AF,MC-->AF,MC-->AF,MC-->AF,MC-->AF,MC-->AF,MC-->AF,MC-->AF,MC-->AF,MC-->AF,MC-->AF,MC-->AF,MC-->AF,MC-->AF,MC-->AF,MC-->AF,MC-->AF,MC-->AF,,,,,,,,,,,,,,,,,AF-->MC,AF-->MC,AF-->MC,AF-->MC,AF-->MC,AF-->MC,AF-->MC,AF-->MC,AF-->MC,AF-->MC,AF-->MC,AF-->MC,AF-->MC,AF-->MC,AF-->MC,AF-->MC,AF-->MC,AF-->MC,AF-->MC
MN,MNG,Mongolia,Ulan Bator,Asia,Eastern Asia,,MN-->AF,MN-->AF,MN-->AF,MN-->AF,MN-->AF,MN-->AF,MN-->AF,MN-->AF,MN-->AF,MN-->AF,MN-->AF,MN-->AF,MN-->AF,MN-->AF,MN-->AF,MN-->AF,MN-->AF,MN-->AF,MN-->AF,,,,,,,,,,,,,,,,,AF-->MN,AF-->MN,AF-->MN,AF-->MN,AF-->MN,AF-->MN,AF-->MN,AF-->MN,AF-->MN,AF-->MN,AF-->MN,AF-->MN,AF-->MN,AF-->MN,AF-->MN,AF-->MN,AF-->MN,AF-->MN,AF-->MN
ME,MNE,Montenegro,Podgorica,Europe,Southern Europe,,ME-->AF,ME-->AF,ME-->AF,ME-->AF,ME-->AF,ME-->AF,ME-->AF,ME-->AF,ME-->AF,ME-->AF,ME-->AF,ME-->AF,ME-->AF,ME-->AF,ME-->AF,ME-->AF,ME-->AF,ME-->AF,ME-->AF,,,,,,,,,,,,,,,,,AF-->ME,AF-->ME,AF-->ME,AF-->ME,AF-->ME,AF-->ME,AF-->ME,AF-->ME,AF-->ME,AF-->ME,AF-->ME,AF-->ME,AF-->ME,AF-->ME,AF-->ME,AF-->ME,AF-->ME,AF-->ME,AF-->ME
MS,MSR,Montserrat,Plymouth,Americas,Caribbean,,MS-->AF,MS-->AF,MS-->AF,MS-->AF,MS-->AF,MS-->AF,MS-->AF,MS-->AF,MS-->AF,MS-->AF,MS-->AF,MS-->AF,MS-->AF,MS-->AF,MS-->AF,MS-->AF,MS-->AF,MS-->AF,MS-->AF,,,,,,,,,,,,,,,,,AF-->MS,AF-->MS,AF-->MS,AF-->MS,AF-->MS,AF-->MS,AF-->MS,AF-->MS,AF-->MS,AF-->MS,AF-->MS,AF-->MS,AF-->MS,AF-->MS,AF-->MS,AF-->MS,AF-->MS,AF-->MS,AF-->MS
MA,MAR,Morocco,Rabat,Africa,Northern Africa,,MA-->AF,MA-->AF,MA-->AF,MA-->AF,MA-->AF,MA-->AF,MA-->AF,MA-->AF,MA-->AF,MA-->AF,MA-->AF,MA-->AF,MA-->AF,MA-->AF,MA-->AF,MA-->AF,MA-->AF,MA-->AF,MA-->AF,,,,,,,,,,,,,,,,,AF-->MA,AF-->MA,AF-->MA,AF-->MA,AF-->MA,AF-->MA,AF-->MA,AF-->MA,AF-->MA,AF-->MA,AF-->MA,AF-->MA,AF-->MA,AF-->MA,AF-->MA,AF-->MA,AF-->MA,AF-->MA,AF-->MA
MZ,MOZ,Mozambique,Maputo,Africa,Eastern Africa,,MZ-->AF,MZ-->AF,MZ-->AF,MZ-->AF,MZ-->AF,MZ-->AF,MZ-->AF,MZ-->AF,MZ-->AF,MZ-->AF,MZ-->AF,MZ-->AF,MZ-->AF,MZ-->AF,MZ-->AF,MZ-->AF,MZ-->AF,MZ-->AF,MZ-->AF,,,,,,,,,,,,,,,,,AF-->MZ,AF-->MZ,AF-->MZ,AF-->MZ,AF-->MZ,AF-->MZ,AF-->MZ,AF-->MZ,AF-->MZ,AF-->MZ,AF-->MZ,AF-->MZ,AF-->MZ,AF-->MZ,AF-->MZ,AF-->MZ,AF-->MZ,AF-->MZ,AF-->MZ
MM,MMR,Myanmar,Naypyidaw,Asia,South-Eastern Asia,,MM-->AF,MM-->AF,MM-->AF,MM-->AF,MM-->AF,MM-->AF,MM-->AF,MM-->AF,MM-->AF,MM-->AF,MM-->AF,MM-->AF,MM-->AF,MM-->AF,MM-->AF,MM-->AF,MM-->AF,MM-->AF,MM-->AF,,,,,,,,,,,,,,,,,AF-->MM,AF-->MM,AF-->MM,AF-->MM,AF-->MM,AF-->MM,AF-->MM,AF-->MM,AF-->MM,AF-->MM,AF-->MM,AF-->MM,AF-->MM,AF-->MM,AF-->MM,AF-->MM,AF-->MM,AF-->MM,AF-->MM
,NAM,Namibia,Windhoek,Africa,Southern Africa,,NA-->AF,NA-->AF,NA-->AF,NA-->AF,NA-->AF,NA-->AF,NA-->AF,NA-->AF,NA-->AF,NA-->AF,NA-->AF,NA-->AF,NA-->AF,NA-->AF,NA-->AF,NA-->AF,NA-->AF,NA-->AF,NA-->AF,,,,,,,,,,,,,,,,,AF-->NA,AF-->NA,AF-->NA,AF-->NA,AF-->NA,AF-->NA,AF-->NA,AF-->NA,AF-->NA,AF-->NA,AF-->NA,AF-->NA,AF-->NA,AF-->NA,AF-->NA,AF-->NA,AF-->NA,AF-->NA,AF-->NA
NR,NRU,Nauru,Yaren,Oceania,Micronesia,,NR-->AF,NR-->AF,NR-->AF,NR-->AF,NR-->AF,NR-->AF,NR-->AF,NR-->AF,NR-->AF,NR-->AF,NR-->AF,NR-->AF,NR-->AF,NR-->AF,NR-->AF,NR-->AF,NR-->AF,NR-->AF,NR-->AF,,,,,,,,,,,,,,,,,AF-->NR,AF-->NR,AF-->NR,AF-->NR,AF-->NR,AF-->NR,AF-->NR,AF-->NR,AF-->NR,AF-->NR,AF-->NR,AF-->NR,AF-->NR,AF-->NR,AF-->NR,AF-->NR,AF-->NR,AF-->NR,AF-->NR
NP,NPL,Nepal,Kathmandu,Asia,Southern Asia,,NP-->AF,NP-->AF,NP-->AF,NP-->AF,NP-->AF,NP-->AF,NP-->AF,NP-->AF,NP-->AF,NP-->AF,NP-->AF,NP-->AF,NP-->AF,NP-->AF,NP-->AF,NP-->AF,NP-->AF,NP-->AF,NP-->AF,,,,,,,,,,,,,,,,,AF-->NP,AF-->NP,AF-->NP,AF-->NP,AF-->NP,AF-->NP,AF-->NP,AF-->NP,AF-->NP,AF-->NP,AF-->NP,AF-->NP,AF-->NP,AF-->NP,AF-->NP,AF-->NP,AF-->NP,AF-->NP,AF-->NP
NL,NLD,Netherlands,Amsterdam,Europe,Western Europe,,NL-->AF,NL-->AF,NL-->AF,NL-->AF,NL-->AF,NL-->AF,NL-->AF,NL-->AF,NL-->AF,NL-->AF,NL-->AF,NL-->AF,NL-->AF,NL-->AF,NL-->AF,NL-->AF,NL-->AF,NL-->AF,NL-->AF,,,,,,,,,,,,,,,,,AF-->NL,AF-->NL,AF-->NL,AF-->NL,AF-->NL,AF-->NL,AF-->NL,AF-->NL,AF-->NL,AF-->NL,AF-->NL,AF-->NL,AF-->NL,AF-->NL,AF-->NL,AF-->NL,AF-->NL,AF-->NL,AF-->NL
NC,NCL,New Caledonia,Nouméa,Oceania,Melanesia,,NC-->AF,NC-->AF,NC-->AF,NC-->AF,NC-->AF,NC-->AF,NC-->AF,NC-->AF,NC-->AF,NC-->AF,NC-->AF,NC-->AF,NC-->AF,NC-->AF,NC-->AF,NC-->AF,NC-->AF,NC-->AF,NC-->AF,,,,,,,,,,,,,,,,,AF-->NC,AF-->NC,AF-->NC,AF-->NC,AF-->NC,AF-->NC,AF-->NC,AF-->NC,AF-->NC,AF-->NC,AF-->NC,AF-->NC,AF-->NC,AF-->NC,AF-->NC,AF-->NC,AF-->NC,AF-->NC,AF-->NC
NZ,NZL,New Zealand,Wellington,Oceania,Australia and New Zealand,,NZ-->AF,NZ-->AF,NZ-->AF,NZ-->AF,NZ-->AF,NZ-->AF,NZ-->AF,NZ-->AF,NZ-->AF,NZ-->AF,NZ-->AF,NZ-->AF,NZ-->AF,NZ-->AF,NZ-->AF,NZ-->AF,NZ-->AF,NZ-->AF,NZ-->AF,,,,,,,,,,,,,,,,,AF-->NZ,AF-->NZ,AF-->NZ,AF-->NZ,AF-->NZ,AF-->NZ,AF-->NZ,AF-->NZ,AF-->NZ,AF-->NZ,AF-->NZ,AF-->NZ,AF-->NZ,AF-->NZ,AF-->NZ,AF-->NZ,AF-->NZ,AF-->NZ,AF-->NZ
NI,NIC,Nicaragua,Managua,Americas,Central America,,NI-->AF,NI-->AF,NI-->AF,NI-->AF,NI-->AF,NI-->AF,NI-->AF,NI-->AF,NI-->AF,NI-->AF,NI-->AF,NI-->AF,NI-->AF,NI-->AF,NI-->AF,NI-->AF,NI-->AF,NI-->AF,NI-->AF,,,,,,,,,,,,,,,,,AF-->NI,AF-->NI,AF-->NI,AF-->NI,AF-->NI,AF-->NI,AF-->NI,AF-->NI,AF-->NI,AF-->NI,AF-->NI,AF-->NI,AF-->NI,AF-->NI,AF-->NI,AF-->NI,AF-->NI,AF-->NI,AF-->NI
NE,NER,Niger,Niamey,Africa,Western Africa,,NE-->AF,NE-->AF,NE-->AF,NE-->AF,NE-->AF,NE-->AF,NE-->AF,NE-->AF,NE-->AF,NE-->AF,NE-->AF,NE-->AF,NE-->AF,NE-->AF,NE-->AF,NE-->AF,NE-->AF,NE-->AF,NE-->AF,,,,,,,,,,,,,,,,,AF-->NE,AF-->NE,AF-->NE,AF-->NE,AF-->NE,AF-->NE,AF-->NE,AF-->NE,AF-->NE,AF-->NE,AF-->NE,AF-->NE,AF-->NE,AF-->NE,AF-->NE,AF-->NE,AF-->NE,AF-->NE,AF-->NE
NG,NGA,Nigeria,Abuja,Africa,Western Africa,,NG-->AF,NG-->AF,NG-->AF,NG-->AF,NG-->AF,NG-->AF,NG-->AF,NG-->AF,NG-->AF,NG-->AF,NG-->AF,NG-->AF,NG-->AF,NG-->AF,NG-->AF,NG-->AF,NG-->AF,NG-->AF,NG-->AF,,,,,,,,,,,,,,,,,AF-->NG,AF-->NG,AF-->NG,AF-->NG,AF-->NG,AF-->NG,AF-->NG,AF-->NG,AF-->NG,AF-->NG,AF-->NG,AF-->NG,AF-->NG,AF-->NG,AF-->NG,AF-->NG,AF-->NG,AF-->NG,AF-->NG
NU,NIU,Niue,Alofi,Oceania,Polynesia,,NU-->AF,NU-->AF,NU-->AF,NU-->AF,NU-->AF,NU-->AF,NU-->AF,NU-->AF,NU-->AF,NU-->AF,NU-->AF,NU-->AF,NU-->AF,NU-->AF,NU-->AF,NU-->AF,NU-->AF,NU-->AF,NU-->AF,,,,,,,,,,,,,,,,,AF-->NU,AF-->NU,AF-->NU,AF-->NU,AF-->NU,AF-->NU,AF-->NU,AF-->NU,AF-->NU,AF-->NU,AF-->NU,AF-->NU,AF-->NU,AF-->NU,AF-->NU,AF-->NU,AF-->NU,AF-->NU,AF-->NU
NF,NFK,Norfolk Island,Kingston,Oceania,Australia and New Zealand,,NF-->AF,NF-->AF,NF-->AF,NF-->AF,NF-->AF,NF-->AF,NF-->AF,NF-->AF,NF-->AF,NF-->AF,NF-->AF,NF-->AF,NF-->AF,NF-->AF,NF-->AF,NF-->AF,NF-->AF,NF-->AF,NF-->AF,,,,,,,,,,,,,,,,,AF-->NF,AF-->NF,AF-->NF,AF-->NF,AF-->NF,AF-->NF,AF-->NF,AF-->NF,AF-->NF,AF-->NF,AF-->NF,AF-->NF,AF-->NF,AF-->NF,AF-->NF,AF-->NF,AF-->NF,AF-->NF,AF-->NF
KP,PRK,North Korea,Pyongyang,Asia,Eastern Asia,,KP-->AF,KP-->AF,KP-->AF,KP-->AF,KP-->AF,KP-->AF,KP-->AF,KP-->AF,KP-->AF,KP-->AF,KP-->AF,KP-->AF,KP-->AF,KP-->AF,KP-->AF,KP-->AF,KP-->AF,KP-->AF,KP-->AF,,,,,,,,,,,,,,,,,AF-->KP,AF-->KP,AF-->KP,AF-->KP,AF-->KP,AF-->KP,AF-->KP,AF-->KP,AF-->KP,AF-->KP,AF-->KP,AF-->KP,AF-->KP,AF-->KP,AF-->KP,AF-->KP,AF-->KP,AF-->KP,AF-->KP
MP,MNP,Northern Mariana Islands,Saipan,Oceania,Micronesia,,MP-->AF,MP-->AF,MP-->AF,MP-->AF,MP-->AF,MP-->AF,MP-->AF,MP-->AF,MP-->AF,MP-->AF,MP-->AF,MP-->AF,MP-->AF,MP-->AF,MP-->AF,MP-->AF,MP-->AF,MP-->AF,MP-->AF,,,,,,,,,,,,,,,,,AF-->MP,AF-->MP,AF-->MP,AF-->MP,AF-->MP,AF-->MP,AF-->MP,AF-->MP,AF-->MP,AF-->MP,AF-->MP,AF-->MP,AF-->MP,AF-->MP,AF-->MP,AF-->MP,AF-->MP,AF-->MP,AF-->MP
NO,NOR,Norway,Oslo,Europe,Northern Europe,,NO-->AF,NO-->AF,NO-->AF,NO-->AF,NO-->AF,NO-->AF,NO-->AF,NO-->AF,NO-->AF,NO-->AF,NO-->AF,NO-->AF,NO-->AF,NO-->AF,NO-->AF,NO-->AF,NO-->AF,NO-->AF,NO-->AF,,,,,,,,,,,,,,,,,AF-->NO,AF-->NO,AF-->NO,AF-->NO,AF-->NO,AF-->NO,AF-->NO,AF-->NO,AF-->NO,AF-->NO,AF-->NO,AF-->NO,AF-->NO,AF-->NO,AF-->NO,AF-->NO,AF-->NO,AF-->NO,AF-->NO
OM,OMN,Oman,Muscat,Asia,Western Asia,,OM-->AF,OM-->AF,OM-->AF,OM-->AF,OM-->AF,OM-->AF,OM-->AF,OM-->AF,OM-->AF,OM-->AF,OM-->AF,OM-->AF,OM-->AF,OM-->AF,OM-->AF,OM-->AF,OM-->AF,OM-->AF,OM-->AF,,,,,,,,,,,,,,,,,AF-->OM,AF-->OM,AF-->OM,AF-->OM,AF-->OM,AF-->OM,AF-->OM,AF-->OM,AF-->OM,AF-->OM,AF-->OM,AF-->OM,AF-->OM,AF-->OM,AF-->OM,AF-->OM,AF-->OM,AF-->OM,AF-->OM
PK,PAK,Pakistan,Islamabad,Asia,Southern Asia,,PK-->AF,PK-->AF,PK-->AF,PK-->AF,PK-->AF,PK-->AF,PK-->AF,PK-->AF,PK-->AF,PK-->AF,PK-->AF,PK-->AF,PK-->AF,PK-->AF,PK-->AF,PK-->AF,PK-->AF,PK-->AF,PK-->AF,,,,,,,,,,,,,,,,,AF-->PK,AF-->PK,AF-->PK,AF-->PK,AF-->PK,AF-->PK,AF-->PK,AF-->PK,AF-->PK,AF-->PK,AF-->PK,AF-->PK,AF-->PK,AF-->PK,AF-->PK,AF-->PK,AF-->PK,AF-->PK,AF-->PK
PW,PLW,Palau,Ngerulmud,Oceania,Micronesia,,PW-->AF,PW-->AF,PW-->AF,PW-->AF,PW-->AF,PW-->AF,PW-->AF,PW-->AF,PW-->AF,PW-->AF,PW-->AF,PW-->AF,PW-->AF,PW-->AF,PW-->AF,PW-->AF,PW-->AF,PW-->AF,PW-->AF,,,,,,,,,,,,,,,,,AF-->PW,AF-->PW,AF-->PW,AF-->PW,AF-->PW,AF-->PW,AF-->PW,AF-->PW,AF-->PW,AF-->PW,AF-->PW,AF-->PW,AF-->PW,AF-->PW,AF-->PW,AF-->PW,AF-->PW,AF-->PW,AF-->PW
PS,PSE,Palestine,Ramallah,Asia,Western Asia,,PS-->AF,PS-->AF,PS-->AF,PS-->AF,PS-->AF,PS-->AF,PS-->AF,PS-->AF,PS-->AF,PS-->AF,PS-->AF,PS-->AF,PS-->AF,PS-->AF,PS-->AF,PS-->AF,PS-->AF,PS-->AF,PS-->AF,,,,,,,,,,,,,,,,,AF-->PS,AF-->PS,AF-->PS,AF-->PS,AF-->PS,AF-->PS,AF-->PS,AF-->PS,AF-->PS,AF-->PS,AF-->PS,AF-->PS,AF-->PS,AF-->PS,AF-->PS,AF-->PS,AF-->PS,AF-->PS,AF-->PS
PA,PAN,Panama,Panama City,Americas,Central America,,PA-->AF,PA-->AF,PA-->AF,PA-->AF,PA-->AF,PA-->AF,PA-->AF,PA-->AF,PA-->AF,PA-->AF,PA-->AF,PA-->AF,PA-->AF,PA-->AF,PA-->AF,PA-->AF,PA-->AF,PA-->AF,PA-->AF,,,,,,,,,,,,,,,,,AF-->PA,AF-->PA,AF-->PA,AF-->PA,AF-->PA,AF-->PA,AF-->PA,AF-->PA,AF-->PA,AF-->PA,AF-->PA,AF-->PA,AF-->PA,AF-->PA,AF-->PA,AF-->PA,AF-->PA,AF-->PA,AF-->PA
PG,PNG,Papua New Guinea,Port Moresby,Oceania,Melanesia,,PG-->AF,PG-->AF,PG-->AF,PG-->AF,PG-->AF,PG-->AF,PG-->AF,PG-->AF,PG-->AF,PG-->AF,PG-->AF,PG-->AF,PG-->AF,PG-->AF,PG-->AF,PG-->AF,PG-->AF,PG-->AF,PG-->AF,,,,,,,,,,,,,,,,,AF-->PG,AF-->PG,AF-->PG,AF-->PG,AF-->PG,AF-->PG,AF-->PG,AF-->PG,AF-->PG,AF-->PG,AF-->PG,AF-->PG,AF-->PG,AF-->PG,AF-->PG,AF-->PG,AF-->PG,AF-->PG,AF-->PG
PY,PRY,Paraguay,Asunción,Americas,South America,,PY-->AF,PY-->AF,PY-->AF,PY-->AF,PY-->AF,PY-->AF,PY-->AF,PY-->AF,PY-->AF,PY-->AF,PY-->AF,PY-->AF,PY-->AF,PY-->AF,PY-->AF,PY-->AF,PY-->AF,PY-->AF,PY-->AF,,,,,,,,,,,,,,,,,AF-->PY,AF-->PY,AF-->PY,AF-->PY,AF-->PY,AF-->PY,AF-->PY,AF-->PY,AF-->PY,AF-->PY,AF-->PY,AF-->PY,AF-->PY,AF-->PY,AF-->PY,AF-->PY,AF-->PY,AF-->PY,AF-->PY
PE,PER,Peru,Lima,Americas,South America,,PE-->AF,PE-->AF,PE-->AF,PE-->AF,PE-->AF,PE-->AF,PE-->AF,PE-->AF,PE-->AF,PE-->AF,PE-->AF,PE-->AF,PE-->AF,PE-->AF,PE-->AF,PE-->AF,PE-->AF,PE-->AF,PE-->AF,,,,,,,,,,,,,,,,,AF-->PE,AF-->PE,AF-->PE,AF-->PE,AF-->PE,AF-->PE,AF-->PE,AF-->PE,AF-->PE,AF-->PE,AF-->PE,AF-->PE,AF-->PE,AF-->PE,AF-->PE,AF-->PE,AF-->PE,AF-->PE,AF-->PE
PH,PHL,Philippines,Manila,Asia,South-Eastern Asia,,PH-->AF,PH-->AF,PH-->AF,PH-->AF,PH-->AF,PH-->AF,PH-->AF,PH-->AF,PH-->AF,PH-->AF,PH-->AF,PH-->AF,PH-->AF,PH-->AF,PH-->AF,PH-->AF,PH-->AF,PH-->AF,PH-->AF,,,,,,,,,,,,,,,,,AF-->PH,AF-->PH,AF-->PH,AF-->PH,AF-->PH,AF-->PH,AF-->PH,AF-->PH,AF-->PH,AF-->PH,AF-->PH,AF-->PH,AF-->PH,AF-->PH,AF-->PH,AF-->PH,AF-->PH,AF-->PH,AF-->PH
PN,PCN,Pitcairn Islands,Adamstown,Oceania,Polynesia,,PN-->AF,PN-->AF,PN-->AF,PN-->AF,PN-->AF,PN-->AF,PN-->AF,PN-->AF,PN-->AF,PN-->AF,PN-->AF,PN-->AF,PN-->AF,PN-->AF,PN-->AF,PN-->AF,PN-->AF,PN-->AF,PN-->AF,,,,,,,,,,,,,,,,,AF-->PN,AF-->PN,AF-->PN,AF-->PN,AF-->PN,AF-->PN,AF-->PN,AF-->PN,AF-->PN,AF-->PN,AF-->PN,AF-->PN,AF-->PN,AF-->PN,AF-->PN,AF-->PN,AF-->PN,AF-->PN,AF-->PN
PL,POL,Poland,Warsaw,Europe,Eastern Europe,,PL-->AF,PL-->AF,PL-->AF,PL-->AF,PL-->AF,PL-->AF,PL-->AF,PL-->AF,PL-->AF,PL-->AF,PL-->AF,PL-->AF,PL-->AF,PL-->AF,PL-->AF,PL-->AF,PL-->AF,PL-->AF,PL-->AF,,,,,,,,,,,,,,,,,AF-->PL,AF-->PL,AF-->PL,AF-->PL,AF-->PL,AF-->PL,AF-->PL,AF-->PL,AF-->PL,AF-->PL,AF-->PL,AF-->PL,AF-->PL,AF-->PL,AF-->PL,AF-->PL,AF-->PL,AF-->PL,AF-->PL
PT,PRT,Portugal,Lisbon,Europe,Southern Europe,,PT-->AF,PT-->AF,PT-->AF,PT-->AF,PT-->AF,PT-->AF,PT-->AF,PT-->AF,PT-->AF,PT-->AF,PT-->AF,PT-->AF,PT-->AF,PT-->AF,PT-->AF,PT-->AF,PT-->AF,PT-->AF,PT-->AF,,,,,,,,,,,,,,,,,AF-->PT,AF-->PT,AF-->PT,AF-->PT,AF-->PT,AF-->PT,AF-->PT,AF-->PT,AF-->PT,AF-->PT,AF-->PT,AF-->PT,AF-->PT,AF-->PT,AF-->PT,AF-->PT,AF-->PT,AF-->PT,AF-->PT
PR,PRI,Puerto Rico,San Juan,Americas,Caribbean,,PR-->AF,PR-->AF,PR-->AF,PR-->AF,PR-->AF,PR-->AF,PR-->AF,PR-->AF,PR-->AF,PR-->AF,PR-->AF,PR-->AF,PR-->AF,PR-->AF,PR-->AF,PR-->AF,PR-->AF,PR-->AF,PR-->AF,,,,,,,,,,,,,,,,,AF-->PR,AF-->PR,AF-->PR,AF-->PR,AF-->PR,AF-->PR,AF-->PR,AF-->PR,AF-->PR,AF-->PR,AF-->PR,AF-->PR,AF-->PR,AF-->PR,AF-->PR,AF-->PR,AF-->PR,AF-->PR,AF-->PR
QA,QAT,Qatar,Doha,Asia,Western Asia,,QA-->AF,QA-->AF,QA-->AF,QA-->AF,QA-->AF,QA-->AF,QA-->AF,QA-->AF,QA-->AF,QA-->AF,QA-->AF,QA-->AF,QA-->AF,QA-->AF,QA-->AF,QA-->AF,QA-->AF,QA-->AF,QA-->AF,,,,,,,,,,,,,,,,,AF-->QA,AF-->QA,AF-->QA,AF-->QA,AF-->QA,AF-->QA,AF-->QA,AF-->QA,AF-->QA,AF-->QA,AF-->QA,AF-->QA,AF-->QA,AF-->QA,AF-->QA,AF-->QA,AF-->QA,AF-->QA,AF-->QA
XK,KOS,Republic of Kosovo,Pristina,Europe,Eastern Europe,,XK-->AF,XK-->AF,XK-->AF,XK-->AF,XK-->AF,XK-->AF,XK-->AF,XK-->AF,XK-->AF,XK-->AF,XK-->AF,XK-->AF,XK-->AF,XK-->AF,XK-->AF,XK-->AF,XK-->AF,XK-->AF,XK-->AF,,,,,,,,,,,,,,,,,AF-->XK,AF-->XK,AF-->XK,AF-->XK,AF-->XK,AF-->XK,AF-->XK,AF-->XK,AF-->XK,AF-->XK,AF-->XK,AF-->XK,AF-->XK,AF-->XK,AF-->XK,AF-->XK,AF-->XK,AF-->XK,AF-->XK
RE,REU,Réunion,Saint-Denis,Africa,Eastern Africa,,RE-->AF,RE-->AF,RE-->AF,RE-->AF,RE-->AF,RE-->AF,RE-->AF,RE-->AF,RE-->AF,RE-->AF,RE-->AF,RE-->AF,RE-->AF,RE-->AF,RE-->AF,RE-->AF,RE-->AF,RE-->AF,RE-->AF,,,,,,,,,,,,,,,,,AF-->RE,AF-->RE,AF-->RE,AF-->RE,AF-->RE,AF-->RE,AF-->RE,AF-->RE,AF-->RE,AF-->RE,AF-->RE,AF-->RE,AF-->RE,AF-->RE,AF-->RE,AF-->RE,AF-->RE,AF-->RE,AF-->RE
RO,ROU,Romania,Bucharest,Europe,Eastern Europe,,RO-->AF,RO-->AF,RO-->AF,RO-->AF,RO-->AF,RO-->AF,RO-->AF,RO-->AF,RO-->AF,RO-->AF,RO-->AF,RO-->AF,RO-->AF,RO-->AF,RO-->AF,RO-->AF,RO-->AF,RO-->AF,RO-->AF,,,,,,,,,,,,,,,,,AF-->RO,AF-->RO,AF-->RO,AF-->RO,AF-->RO,AF-->RO,AF-->RO,AF-->RO,AF-->RO,AF-->RO,AF-->RO,AF-->RO,AF-->RO,AF-->RO,AF-->RO,AF-->RO,AF-->RO,AF-->RO,AF-->RO
RU,RUS,Russia,Moscow,Europe,Eastern Europe,,RU-->AF,RU-->AF,RU-->AF,RU-->AF,RU-->AF,RU-->AF,RU-->AF,RU-->AF,RU-->AF,RU-->AF,RU-->AF,RU-->AF,RU-->AF,RU-->AF,RU-->AF,RU-->AF,RU-->AF,RU-->AF,RU-->AF,,,,,,,,,,,,,,,,,AF-->RU,AF-->RU,AF-->RU,AF-->RU,AF-->RU,AF-->RU,AF-->RU,AF-->RU,AF-->RU,AF-->RU,AF-->RU,AF-->RU,AF-->RU,AF-->RU,AF-->RU,AF-->RU,AF-->RU,AF-->RU,AF-->RU
RW,RWA,Rwanda,Kigali,Africa,Eastern Africa,,RW-->AF,RW-->AF,RW-->AF,RW-->AF,RW-->AF,RW-->AF,RW-->AF,RW-->AF,RW-->AF,RW-->AF,RW-->AF,RW-->AF,RW-->AF,RW-->AF,RW-->AF,RW-->AF,RW-->AF,RW-->AF,RW-->AF,,,,,,,,,,,,,,,,,AF-->RW,AF-->RW,AF-->RW,AF-->RW,AF-->RW,AF-->RW,AF-->RW,AF-->RW,AF-->RW,AF-->RW,AF-->RW,AF-->RW,AF-->RW,AF-->RW,AF-->RW,AF-->RW,AF-->RW,AF-->RW,AF-->RW
BL,BLM,Saint Barthélemy,Gustavia,Americas,Caribbean,,BL-->AF,BL-->AF,BL-->AF,BL-->AF,BL-->AF,BL-->AF,BL-->AF,BL-->AF,BL-->AF,BL-->AF,BL-->AF,BL-->AF,BL-->AF,BL-->AF,BL-->AF,BL-->AF,BL-->AF,BL-->AF,BL-->AF,,,,,,,,,,,,,,,,,AF-->BL,AF-->BL,AF-->BL,AF-->BL,AF-->BL,AF-->BL,AF-->BL,AF-->BL,AF-->BL,AF-->BL,AF-->BL,AF-->BL,AF-->BL,AF-->BL,AF-->BL,AF-->BL,AF-->BL,AF-->BL,AF-->BL
SH,SHN,Saint Helena,Jamestown,Africa,Western Africa,,SH-->AF,SH-->AF,SH-->AF,SH-->AF,SH-->AF,SH-->AF,SH-->AF,SH-->AF,SH-->AF,SH-->AF,SH-->AF,SH-->AF,SH-->AF,SH-->AF,SH-->AF,SH-->AF,SH-->AF,SH-->AF,SH-->AF,,,,,,,,,,,,,,,,,AF-->SH,AF-->SH,AF-->SH,AF-->SH,AF-->SH,AF-->SH,AF-->SH,AF-->SH,AF-->SH,AF-->SH,AF-->SH,AF-->SH,AF-->SH,AF-->SH,AF-->SH,AF-->SH,AF-->SH,AF-->SH,AF-->SH
KN,KNA,Saint Kitts and Nevis,Basseterre,Americas,Caribbean,,KN-->AF,KN-->AF,KN-->AF,KN-->AF,KN-->AF,KN-->AF,KN-->AF,KN-->AF,KN-->AF,KN-->AF,KN-->AF,KN-->AF,KN-->AF,KN-->AF,KN-->AF,KN-->AF,KN-->AF,KN-->AF,KN-->AF,,,,,,,,,,,,,,,,,AF-->KN,AF-->KN,AF-->KN,AF-->KN,AF-->KN,AF-->KN,AF-->KN,AF-->KN,AF-->KN,AF-->KN,AF-->KN,AF-->KN,AF-->KN,AF-->KN,AF-->KN,AF-->KN,AF-->KN,AF-->KN,AF-->KN
LC,LCA,Saint Lucia,Castries,Americas,Caribbean,,LC-->AF,LC-->AF,LC-->AF,LC-->AF,LC-->AF,LC-->AF,LC-->AF,LC-->AF,LC-->AF,LC-->AF,LC-->AF,LC-->AF,LC-->AF,LC-->AF,LC-->AF,LC-->AF,LC-->AF,LC-->AF,LC-->AF,,,,,,,,,,,,,,,,,AF-->LC,AF-->LC,AF-->LC,AF-->LC,AF-->LC,AF-->LC,AF-->LC,AF-->LC,AF-->LC,AF-->LC,AF-->LC,AF-->LC,AF-->LC,AF-->LC,AF-->LC,AF-->LC,AF-->LC,AF-->LC,AF-->LC
MF,MAF,Saint Martin,Marigot,Americas,Caribbean,,MF-->AF,MF-->AF,MF-->AF,MF-->AF,MF-->AF,MF-->AF,MF-->AF,MF-->AF,MF-->AF,MF-->AF,MF-->AF,MF-->AF,MF-->AF,MF-->AF,MF-->AF,MF-->AF,MF-->AF,MF-->AF,MF-->AF,,,,,,,,,,,,,,,,,AF-->MF,AF-->MF,AF-->MF,AF-->MF,AF-->MF,AF-->MF,AF-->MF,AF-->MF,AF-->MF,AF-->MF,AF-->MF,AF-->MF,AF-->MF,AF-->MF,AF-->MF,AF-->MF,AF-->MF,AF-->MF,AF-->MF
PM,SPM,Saint Pierre and Miquelon,Saint-Pierre,Americas,Northern America,,PM-->AF,PM-->AF,PM-->AF,PM-->AF,PM-->AF,PM-->AF,PM-->AF,PM-->AF,PM-->AF,PM-->AF,PM-->AF,PM-->AF,PM-->AF,PM-->AF,PM-->AF,PM-->AF,PM-->AF,PM-->AF,PM-->AF,,,,,,,,,,,,,,,,,AF-->PM,AF-->PM,AF-->PM,AF-->PM,AF-->PM,AF-->PM,AF-->PM,AF-->PM,AF-->PM,AF-->PM,AF-->PM,AF-->PM,AF-->PM,AF-->PM,AF-->PM,AF-->PM,AF-->PM,AF-->PM,AF-->PM
VC,VCT,Saint Vincent and the Grenadines,Kingstown,Americas,Caribbean,,VC-->AF,VC-->AF,VC-->AF,VC-->AF,VC-->AF,VC-->AF,VC-->AF,VC-->AF,VC-->AF,VC-->AF,VC-->AF,VC-->AF,VC-->AF,VC-->AF,VC-->AF,VC-->AF,VC-->AF,VC-->AF,VC-->AF,,,,,,,,,,,,,,,,,AF-->VC,AF-->VC,AF-->VC,AF-->VC,AF-->VC,AF-->VC,AF-->VC,AF-->VC,AF-->VC,AF-->VC,AF-->VC,AF-->VC,AF-->VC,AF-->VC,AF-->VC,AF-->VC,AF-->VC,AF-->VC,AF-->VC
WS,WSM,Samoa,Apia,Oceania,Polynesia,,WS-->AF,WS-->AF,WS-->AF,WS-->AF,WS-->AF,WS-->AF,WS-->AF,WS-->AF,WS-->AF,WS-->AF,WS-->AF,WS-->AF,WS-->AF,WS-->AF,WS-->AF,WS-->AF,WS-->AF,WS-->AF,WS-->AF,,,,,,,,,,,,,,,,,AF-->WS,AF-->WS,AF-->WS,AF-->WS,AF-->WS,AF-->WS,AF-->WS,AF-->WS,AF-->WS,AF-->WS,AF-->WS,AF-->WS,AF-->WS,AF-->WS,AF-->WS,AF-->WS,AF-->WS,AF-->WS,AF-->WS
SM,SMR,San Marino,City of San Marino,Europe,Southern Europe,,SM-->AF,SM-->AF,SM-->AF,SM-->AF,SM-->AF,SM-->AF,SM-->AF,SM-->AF,SM-->AF,SM-->AF,SM-->AF,SM-->AF,SM-->AF,SM-->AF,SM-->AF,SM-->AF,SM-->AF,SM-->AF,SM-->AF,,,,,,,,,,,,,,,,,AF-->SM,AF-->SM,AF-->SM,AF-->SM,AF-->SM,AF-->SM,AF-->SM,AF-->SM,AF-->SM,AF-->SM,AF-->SM,AF-->SM,AF-->SM,AF-->SM,AF-->SM,AF-->SM,AF-->SM,AF-->SM,AF-->SM
ST,STP,São Tomé and Príncipe,São Tomé,Africa,Middle Africa,,ST-->AF,ST-->AF,ST-->AF,ST-->AF,ST-->AF,ST-->AF,ST-->AF,ST-->AF,ST-->AF,ST-->AF,ST-->AF,ST-->AF,ST-->AF,ST-->AF,ST-->AF,ST-->AF,ST-->AF,ST-->AF,ST-->AF,,,,,,,,,,,,,,,,,AF-->ST,AF-->ST,AF-->ST,AF-->ST,AF-->ST,AF-->ST,AF-->ST,AF-->ST,AF-->ST,AF-->ST,AF-->ST,AF-->ST,AF-->ST,AF-->ST,AF-->ST,AF-->ST,AF-->ST,AF-->ST,AF-->ST
SA,SAU,Saudi Arabia,Riyadh,Asia,Western Asia,,SA-->AF,SA-->AF,SA-->AF,SA-->AF,SA-->AF,SA-->AF,SA-->AF,SA-->AF,SA-->AF,SA-->AF,SA-->AF,SA-->AF,SA-->AF,SA-->AF,SA-->AF,SA-->AF,SA-->AF,SA-->AF,SA-->AF,,,,,,,,,,,,,,,,,AF-->SA,AF-->SA,AF-->SA,AF-->SA,AF-->SA,AF-->SA,AF-->SA,AF-->SA,AF-->SA,AF-->SA,AF-->SA,AF-->SA,AF-->SA,AF-->SA,AF-->SA,AF-->SA,AF-->SA,AF-->SA,AF-->SA
SN,SEN,Senegal,Dakar,Africa,Western Africa,,SN-->AF,SN-->AF,SN-->AF,SN-->AF,SN-->AF,SN-->AF,SN-->AF,SN-->AF,SN-->AF,SN-->AF,SN-->AF,SN-->AF,SN-->AF,SN-->AF,SN-->AF,SN-->AF,SN-->AF,SN-->AF,SN-->AF,,,,,,,,,,,,,,,,,AF-->SN,AF-->SN,AF-->SN,AF-->SN,AF-->SN,AF-->SN,AF-->SN,AF-->SN,AF-->SN,AF-->SN,AF-->SN,AF-->SN,AF-->SN,AF-->SN,AF-->SN,AF-->SN,AF-->SN,AF-->SN,AF-->SN
RS,SRB,Serbia,Belgrade,Europe,Southern Europe,,RS-->AF,RS-->AF,RS-->AF,RS-->AF,RS-->AF,RS-->AF,RS-->AF,RS-->AF,RS-->AF,RS-->AF,RS-->AF,RS-->AF,RS-->AF,RS-->AF,RS-->AF,RS-->AF,RS-->AF,RS-->AF,RS-->AF,,,,,,,,,,,,,,,,,AF-->RS,AF-->RS,AF-->RS,AF-->RS,AF-->RS,AF-->RS,AF-->RS,AF-->RS,AF-->RS,AF-->RS,AF-->RS,AF-->RS,AF-->RS,AF-->RS,AF-->RS,AF-->RS,AF-->RS,AF-->RS,AF-->RS
SC,SYC,Seychelles,Victoria,Africa,Eastern Africa,,SC-->AF,SC-->AF,SC-->AF,SC-->AF,SC-->AF,SC-->AF,SC-->AF,SC-->AF,SC-->AF,SC-->AF,SC-->AF,SC-->AF,SC-->AF,SC-->AF,SC-->AF,SC-->AF,SC-->AF,SC-->AF,SC-->AF,,,,,,,,,,,,,,,,,AF-->SC,AF-->SC,AF-->SC,AF-->SC,AF-->SC,AF-->SC,AF-->SC,AF-->SC,AF-->SC,AF-->SC,AF-->SC,AF-->SC,AF-->SC,AF-->SC,AF-->SC,AF-->SC,AF-->SC,AF-->SC,AF-->SC
SL,SLE,Sierra Leone,Freetown,Africa,Western Africa,,SL-->AF,SL-->AF,SL-->AF,SL-->AF,SL-->AF,SL-->AF,SL-->AF,SL-->AF,SL-->AF,SL-->AF,SL-->AF,SL-->AF,SL-->AF,SL-->AF,SL-->AF,SL-->AF,SL-->AF,SL-->AF,SL-->AF,,,,,,,,,,,,,,,,,AF-->SL,AF-->SL,AF-->SL,AF-->SL,AF-->SL,AF-->SL,AF-->SL,AF-->SL,AF-->SL,AF-->SL,AF-->SL,AF-->SL,AF-->SL,AF-->SL,AF-->SL,AF-->SL,AF-->SL,AF-->SL,AF-->SL
SG,SGP,Singapore,Singapore,Asia,South-Eastern Asia,,SG-->AF,SG-->AF,SG-->AF,SG-->AF,SG-->AF,SG-->AF,SG-->AF,SG-->AF,SG-->AF,SG-->AF,SG-->AF,SG-->AF,SG-->AF,SG-->AF,SG-->AF,SG-->AF,SG-->AF,SG-->AF,SG-->AF,,,,,,,,,,,,,,,,,AF-->SG,AF-->SG,AF-->SG,AF-->SG,AF-->SG,AF-->SG,AF-->SG,AF-->SG,AF-->SG,AF-->SG,AF-->SG,AF-->SG,AF-->SG,AF-->SG,AF-->SG,AF-->SG,AF-->SG,AF-->SG,AF-->SG
SX,SXM,Sint Maarten,Philipsburg,Americas,Caribbean,,SX-->AF,SX-->AF,SX-->AF,SX-->AF,SX-->AF,SX-->AF,SX-->AF,SX-->AF,SX-->AF,SX-->AF,SX-->AF,SX-->AF,SX-->AF,SX-->AF,SX-->AF,SX-->AF,SX-->AF,SX-->AF,SX-->AF,,,,,,,,,,,,,,,,,AF-->SX,AF-->SX,AF-->SX,AF-->SX,AF-->SX,AF-->SX,AF-->SX,AF-->SX,AF-->SX,AF-->SX,AF-->SX,AF-->SX,AF-->SX,AF-->SX,AF-->SX,AF-->SX,AF-->SX,AF-->SX,AF-->SX
SK,SVK,Slovakia,Bratislava,Europe,Eastern Europe,,SK-->AF,SK-->AF,SK-->AF,SK-->AF,SK-->AF,SK-->AF,SK-->AF,SK-->AF,SK-->AF,SK-->AF,SK-->AF,SK-->AF,SK-->AF,SK-->AF,SK-->AF,SK-->AF,SK-->AF,SK-->AF,SK-->AF,,,,,,,,,,,,,,,,,AF-->SK,AF-->SK,AF-->SK,AF-->SK,AF-->SK,AF-->SK,AF-->SK,AF-->SK,AF-->SK,AF-->SK,AF-->SK,AF-->SK,AF-->SK,AF-->SK,AF-->SK,AF-->SK,AF-->SK,AF-->SK,AF-->SK
SI,SVN,Slovenia,Ljubljana,Europe,Southern Europe,,SI-->AF,SI-->AF,SI-->AF,SI-->AF,SI-->AF,SI-->AF,SI-->AF,SI-->AF,SI-->AF,SI-->AF,SI-->AF,SI-->AF,SI-->AF,SI-->AF,SI-->AF,SI-->AF,SI-->AF,SI-->AF,SI-->AF,,,,,,,,,,,,,,,,,AF-->SI,AF-->SI,AF-->SI,AF-->SI,AF-->SI,AF-->SI,AF-->SI,AF-->SI,AF-->SI,AF-->SI,AF-->SI,AF-->SI,AF-->SI,AF-->SI,AF-->SI,AF-->SI,AF-->SI,AF-->SI,AF-->SI
SB,SLB,Solomon Islands,Honiara,Oceania,Melanesia,,SB-->AF,SB-->AF,SB-->AF,SB-->AF,SB-->AF,SB-->AF,SB-->AF,SB-->AF,SB-->AF,SB-->AF,SB-->AF,SB-->AF,SB-->AF,SB-->AF,SB-->AF,SB-->AF,SB-->AF,SB-->AF,SB-->AF,,,,,,,,,,,,,,,,,AF-->SB,AF-->SB,AF-->SB,AF-->SB,AF-->SB,AF-->SB,AF-->SB,AF-->SB,AF-->SB,AF-->SB,AF-->SB,AF-->SB,AF-->SB,AF-->SB,AF-->SB,AF-->SB,AF-->SB,AF-->SB,AF-->SB
SO,SOM,Somalia,Mogadishu,Africa,Eastern Africa,,SO-->AF,SO-->AF,SO-->AF,SO-->AF,SO-->AF,SO-->AF,SO-->AF,SO-->AF,SO-->AF,SO-->AF,SO-->AF,SO-->AF,SO-->AF,SO-->AF,SO-->AF,SO-->AF,SO-->AF,SO-->AF,SO-->AF,,,,,,,,,,,,,,,,,AF-->SO,AF-->SO,AF-->SO,AF-->SO,AF-->SO,AF-->SO,AF-->SO,AF-->SO,AF-->SO,AF-->SO,AF-->SO,AF-->SO,AF-->SO,AF-->SO,AF-->SO,AF-->SO,AF-->SO,AF-->SO,AF-->SO
ZA,ZAF,South Africa,Pretoria,Africa,Southern Africa,,ZA-->AF,ZA-->AF,ZA-->AF,ZA-->AF,ZA-->AF,ZA-->AF,ZA-->AF,ZA-->AF,ZA-->AF,ZA-->AF,ZA-->AF,ZA-->AF,ZA-->AF,ZA-->AF,ZA-->AF,ZA-->AF,ZA-->AF,ZA-->AF,ZA-->AF,,,,,,,,,,,,,,,,,AF-->ZA,AF-->ZA,AF-->ZA,AF-->ZA,AF-->ZA,AF-->ZA,AF-->ZA,AF-->ZA,AF-->ZA,AF-->ZA,AF-->ZA,AF-->ZA,AF-->ZA,AF-->ZA,AF-->ZA,AF-->ZA,AF-->ZA,AF-->ZA,AF-->ZA
GS,SGS,South Georgia,King Edward Point,Americas,South America,,GS-->AF,GS-->AF,GS-->AF,GS-->AF,GS-->AF,GS-->AF,GS-->AF,GS-->AF,GS-->AF,GS-->AF,GS-->AF,GS-->AF,GS-->AF,GS-->AF,GS-->AF,GS-->AF,GS-->AF,GS-->AF,GS-->AF,,,,,,,,,,,,,,,,,AF-->GS,AF-->GS,AF-->GS,AF-->GS,AF-->GS,AF-->GS,AF-->GS,AF-->GS,AF-->GS,AF-->GS,AF-->GS,AF-->GS,AF-->GS,AF-->GS,AF-->GS,AF-->GS,AF-->GS,AF-->GS,AF-->GS
KR,KOR,South Korea,Seoul,Asia,Eastern Asia,,KR-->AF,KR-->AF,KR-->AF,KR-->AF,KR-->AF,KR-->AF,KR-->AF,KR-->AF,KR-->AF,KR-->AF,KR-->AF,KR-->AF,KR-->AF,KR-->AF,KR-->AF,KR-->AF,KR-->AF,KR-->AF,KR-->AF,,,,,,,,,,,,,,,,,AF-->KR,AF-->KR,AF-->KR,AF-->KR,AF-->KR,AF-->KR,AF-->KR,AF-->KR,AF-->KR,AF-->KR,AF-->KR,AF-->KR,AF-->KR,AF-->KR,AF-->KR,AF-->KR,AF-->KR,AF-->KR,AF-->KR
SS,SSD,South Sudan,Juba,Africa,Middle Africa,,SS-->AF,SS-->AF,SS-->AF,SS-->AF,SS-->AF,SS-->AF,SS-->AF,SS-->AF,SS-->AF,SS-->AF,SS-->AF,SS-->AF,SS-->AF,SS-->AF,SS-->AF,SS-->AF,SS-->AF,SS-->AF,SS-->AF,,,,,,,,,,,,,,,,,AF-->SS,AF-->SS,AF-->SS,AF-->SS,AF-->SS,AF-->SS,AF-->SS,AF-->SS,AF-->SS,AF-->SS,AF-->SS,AF-->SS,AF-->SS,AF-->SS,AF-->SS,AF-->SS,AF-->SS,AF-->SS,AF-->SS
ES,ESP,Spain,Madrid,Europe,Southern Europe,,ES-->AF,ES-->AF,ES-->AF,ES-->AF,ES-->AF,ES-->AF,ES-->AF,ES-->AF,ES-->AF,ES-->AF,ES-->AF,ES-->AF,ES-->AF,ES-->AF,ES-->AF,ES-->AF,ES-->AF,ES-->AF,ES-->AF,,,,,,,,,,,,,,,,,AF-->ES,AF-->ES,AF-->ES,AF-->ES,AF-->ES,AF-->ES,AF-->ES,AF-->ES,AF-->ES,AF-->ES,AF-->ES,AF-->ES,AF-->ES,AF-->ES,AF-->ES,AF-->ES,AF-->ES,AF-->ES,AF-->ES
LK,LKA,Sri Lanka,Colombo,Asia,Southern Asia,,LK-->AF,LK-->AF,LK-->AF,LK-->AF,LK-->AF,LK-->AF,LK-->AF,LK-->AF,LK-->AF,LK-->AF,LK-->AF,LK-->AF,LK-->AF,LK-->AF,LK-->AF,LK-->AF,LK-->AF,LK-->AF,LK-->AF,,,,,,,,,,,,,,,,,AF-->LK,AF-->LK,AF-->LK,AF-->LK,AF-->LK,AF-->LK,AF-->LK,AF-->LK,AF-->LK,AF-->LK,AF-->LK,AF-->LK,AF-->LK,AF-->LK,AF-->LK,AF-->LK,AF-->LK,AF-->LK,AF-->LK
SD,SDN,Sudan,Khartoum,Africa,Northern Africa,,SD-->AF,SD-->AF,SD-->AF,SD-->AF,SD-->AF,SD-->AF,SD-->AF,SD-->AF,SD-->AF,SD-->AF,SD-->AF,SD-->AF,SD-->AF,SD-->AF,SD-->AF,SD-->AF,SD-->AF,SD-->AF,SD-->AF,,,,,,,,,,,,,,,,,AF-->SD,AF-->SD,AF-->SD,AF-->SD,AF-->SD,AF-->SD,AF-->SD,AF-->SD,AF-->SD,AF-->SD,AF-->SD,AF-->SD,AF-->SD,AF-->SD,AF-->SD,AF-->SD,AF-->SD,AF-->SD,AF-->SD
SR,SUR,Suriname,Paramaribo,Americas,South America,,SR-->AF,SR-->AF,SR-->AF,SR-->AF,SR-->AF,SR-->AF,SR-->AF,SR-->AF,SR-->AF,SR-->AF,SR-->AF,SR-->AF,SR-->AF,SR-->AF,SR-->AF,SR-->AF,SR-->AF,SR-->AF,SR-->AF,,,,,,,,,,,,,,,,,AF-->SR,AF-->SR,AF-->SR,AF-->SR,AF-->SR,AF-->SR,AF-->SR,AF-->SR,AF-->SR,AF-->SR,AF-->SR,AF-->SR,AF-->SR,AF-->SR,AF-->SR,AF-->SR,AF-->SR,AF-->SR,AF-->SR
SJ,SJM,Svalbard and Jan Mayen,Longyearbyen,Europe,Northern Europe,,SJ-->AF,SJ-->AF,SJ-->AF,SJ-->AF,SJ-->AF,SJ-->AF,SJ-->AF,SJ-->AF,SJ-->AF,SJ-->AF,SJ-->AF,SJ-->AF,SJ-->AF,SJ-->AF,SJ-->AF,SJ-->AF,SJ-->AF,SJ-->AF,SJ-->AF,,,,,,,,,,,,,,,,,AF-->SJ,AF-->SJ,AF-->SJ,AF-->SJ,AF-->SJ,AF-->SJ,AF-->SJ,AF-->SJ,AF-->SJ,AF-->SJ,AF-->SJ,AF-->SJ,AF-->SJ,AF-->SJ,AF-->SJ,AF-->SJ,AF-->SJ,AF-->SJ,AF-->SJ
SZ,SWZ,Swaziland,Lobamba,Africa,Southern Africa,,SZ-->AF,SZ-->AF,SZ-->AF,SZ-->AF,SZ-->AF,SZ-->AF,SZ-->AF,SZ-->AF,SZ-->AF,SZ-->AF,SZ-->AF,SZ-->AF,SZ-->AF,SZ-->AF,SZ-->AF,SZ-->AF,SZ-->AF,SZ-->AF,SZ-->AF,,,,,,,,,,,,,,,,,AF-->SZ,AF-->SZ,AF-->SZ,AF-->SZ,AF-->SZ,AF-->SZ,AF-->SZ,AF-->SZ,AF-->SZ,AF-->SZ,AF-->SZ,AF-->SZ,AF-->SZ,AF-->SZ,AF-->SZ,AF-->SZ,AF-->SZ,AF-->SZ,AF-->SZ
SE,SWE,Sweden,Stockholm,Europe,Northern Europe,,SE-->AF,SE-->AF,SE-->AF,SE-->AF,SE-->AF,SE-->AF,SE-->AF,SE-->AF,SE-->AF,SE-->AF,SE-->AF,SE-->AF,SE-->AF,SE-->AF,SE-->AF,SE-->AF,SE-->AF,SE-->AF,SE-->AF,,,,,,,,,,,,,,,,,AF-->SE,AF-->SE,AF-->SE,AF-->SE,AF-->SE,AF-->SE,AF-->SE,AF-->SE,AF-->SE,AF-->SE,AF-->SE,AF-->SE,AF-->SE,AF-->SE,AF-->SE,AF-->SE,AF-->SE,AF-->SE,AF-->SE
CH,CHE,Switzerland,Bern,Europe,Western Europe,,CH-->AF,CH-->AF,CH-->AF,CH-->AF,CH-->AF,CH-->AF,CH-->AF,CH-->AF,CH-->AF,CH-->AF,CH-->AF,CH-->AF,CH-->AF,CH-->AF,CH-->AF,CH-->AF,CH-->AF,CH-->AF,CH-->AF,,,,,,,,,,,,,,,,,AF-->CH,AF-->CH,AF-->CH,AF-->CH,AF-->CH,AF-->CH,AF-->CH,AF-->CH,AF-->CH,AF-->CH,AF-->CH,AF-->CH,AF-->CH,AF-->CH,AF-->CH,AF-->CH,AF-->CH,AF-->CH,AF-->CH
SY,SYR,Syria,Damascus,Asia,Western Asia,,SY-->AF,SY-->AF,SY-->AF,SY-->AF,SY-->AF,SY-->AF,SY-->AF,SY-->AF,SY-->AF,SY-->AF,SY-->AF,SY-->AF,SY-->AF,SY-->AF,SY-->AF,SY-->AF,SY-->AF,SY-->AF,SY-->AF,,,,,,,,,,,,,,,,,AF-->SY,AF-->SY,AF-->SY,AF-->SY,AF-->SY,AF-->SY,AF-->SY,AF-->SY,AF-->SY,AF-->SY,AF-->SY,AF-->SY,AF-->SY,AF-->SY,AF-->SY,AF-->SY,AF-->SY,AF-->SY,AF-->SY
TW,TWN,Taiwan,Taipei,Asia,Eastern Asia,,TW-->AF,TW-->AF,TW-->AF,TW-->AF,TW-->AF,TW-->AF,TW-->AF,TW-->AF,TW-->AF,TW-->AF,TW-->AF,TW-->AF,TW-->AF,TW-->AF,TW-->AF,TW-->AF,TW-->AF,TW-->AF,TW-->AF,,,,,,,,,,,,,,,,,AF-->TW,AF-->TW,AF-->TW,AF-->TW,AF-->TW,AF-->TW,AF-->TW,AF-->TW,AF-->TW,AF-->TW,AF-->TW,AF-->TW,AF-->TW,AF-->TW,AF-->TW,AF-->TW,AF-->TW,AF-->TW,AF-->TW
TJ,TJK,Tajikistan,Dushanbe,Asia,Central Asia,,TJ-->AF,TJ-->AF,TJ-->AF,TJ-->AF,TJ-->AF,TJ-->AF,TJ-->AF,TJ-->AF,TJ-->AF,TJ-->AF,TJ-->AF,TJ-->AF,TJ-->AF,TJ-->AF,TJ-->AF,TJ-->AF,TJ-->AF,TJ-->AF,TJ-->AF,,,,,,,,,,,,,,,,,AF-->TJ,AF-->TJ,AF-->TJ,AF-->TJ,AF-->TJ,AF-->TJ,AF-->TJ,AF-->TJ,AF-->TJ,AF-->TJ,AF-->TJ,AF-->TJ,AF-->TJ,AF-->TJ,AF-->TJ,AF-->TJ,AF-->TJ,AF-->TJ,AF-->TJ
TZ,TZA,Tanzania,Dodoma,Africa,Eastern Africa,,TZ-->AF,TZ-->AF,TZ-->AF,TZ-->AF,TZ-->AF,TZ-->AF,TZ-->AF,TZ-->AF,TZ-->AF,TZ-->AF,TZ-->AF,TZ-->AF,TZ-->AF,TZ-->AF,TZ-->AF,TZ-->AF,TZ-->AF,TZ-->AF,TZ-->AF,,,,,,,,,,,,,,,,,AF-->TZ,AF-->TZ,AF-->TZ,AF-->TZ,AF-->TZ,AF-->TZ,AF-->TZ,AF-->TZ,AF-->TZ,AF-->TZ,AF-->TZ,AF-->TZ,AF-->TZ,AF-->TZ,AF-->TZ,AF-->TZ,AF-->TZ,AF-->TZ,AF-->TZ
TH,THA,Thailand,Bangkok,Asia,South-Eastern Asia,,TH-->AF,TH-->AF,TH-->AF,TH-->AF,TH-->AF,TH-->AF,TH-->AF,TH-->AF,TH-->AF,TH-->AF,TH-->AF,TH-->AF,TH-->AF,TH-->AF,TH-->AF,TH-->AF,TH-->AF,TH-->AF,TH-->AF,,,,,,,,,,,,,,,,,AF-->TH,AF-->TH,AF-->TH,AF-->TH,AF-->TH,AF-->TH,AF-->TH,AF-->TH,AF-->TH,AF-->TH,AF-->TH,AF-->TH,AF-->TH,AF-->TH,AF-->TH,AF-->TH,AF-->TH,AF-->TH,AF-->TH
TL,TLS,East Timor,Dili,Asia,South-Eastern Asia,,TL-->AF,TL-->AF,TL-->AF,TL-->AF,TL-->AF,TL-->AF,TL-->AF,TL-->AF,TL-->AF,TL-->AF,TL-->AF,TL-->AF,TL-->AF,TL-->AF,TL-->AF,TL-->AF,TL-->AF,TL-->AF,TL-->AF,,,,,,,,,,,,,,,,,AF-->TL,AF-->TL,AF-->TL,AF-->TL,AF-->TL,AF-->TL,AF-->TL,AF-->TL,AF-->TL,AF-->TL,AF-->TL,AF-->TL,AF-->TL,AF-->TL,AF-->TL,AF-->TL,AF-->TL,AF-->TL,AF-->TL
TG,TGO,Togo,Lomé,Africa,Western Africa,,TG-->AF,TG-->AF,TG-->AF,TG-->AF,TG-->AF,TG-->AF,TG-->AF,TG-->AF,TG-->AF,TG-->AF,TG-->AF,TG-->AF,TG-->AF,TG-->AF,TG-->AF,TG-->AF,TG-->AF,TG-->AF,TG-->AF,,,,,,,,,,,,,,,,,AF-->TG,AF-->TG,AF-->TG,AF-->TG,AF-->TG,AF-->TG,AF-->TG,AF-->TG,AF-->TG,AF-->TG,AF-->TG,AF-->TG,AF-->TG,AF-->TG,AF-->TG,AF-->TG,AF-->TG,AF-->TG,AF-->TG
TK,TKL,Tokelau,Fakaofo,Oceania,Polynesia,,TK-->AF,TK-->AF,TK-->AF,TK-->AF,TK-->AF,TK-->AF,TK-->AF,TK-->AF,TK-->AF,TK-->AF,TK-->AF,TK-->AF,TK-->AF,TK-->AF,TK-->AF,TK-->AF,TK-->AF,TK-->AF,TK-->AF,,,,,,,,,,,,,,,,,AF-->TK,AF-->TK,AF-->TK,AF-->TK,AF-->TK,AF-->TK,AF-->TK,AF-->TK,AF-->TK,AF-->TK,AF-->TK,AF-->TK,AF-->TK,AF-->TK,AF-->TK,AF-->TK,AF-->TK,AF-->TK,AF-->TK
TO,TON,Tonga,Nuku'alofa,Oceania,Polynesia,,TO-->AF,TO-->AF,TO-->AF,TO-->AF,TO-->AF,TO-->AF,TO-->AF,TO-->AF,TO-->AF,TO-->AF,TO-->AF,TO-->AF,TO-->AF,TO-->AF,TO-->AF,TO-->AF,TO-->AF,TO-->AF,TO-->AF,,,,,,,,,,,,,,,,,AF-->TO,AF-->TO,AF-->TO,AF-->TO,AF-->TO,AF-->TO,AF-->TO,AF-->TO,AF-->TO,AF-->TO,AF-->TO,AF-->TO,AF-->TO,AF-->TO,AF-->TO,AF-->TO,AF-->TO,AF-->TO,AF-->TO
TT,TTO,Trinidad and Tobago,Port of Spain,Americas,Caribbean,,TT-->AF,TT-->AF,TT-->AF,TT-->AF,TT-->AF,TT-->AF,TT-->AF,TT-->AF,TT-->AF,TT-->AF,TT-->AF,TT-->AF,TT-->AF,TT-->AF,TT-->AF,TT-->AF,TT-->AF,TT-->AF,TT-->AF,,,,,,,,,,,,,,,,,AF-->TT,AF-->TT,AF-->TT,AF-->TT,AF-->TT,AF-->TT,AF-->TT,AF-->TT,AF-->TT,AF-->TT,AF-->TT,AF-->TT,AF-->TT,AF-->TT,AF-->TT,AF-->TT,AF-->TT,AF-->TT,AF-->TT
TN,TUN,Tunisia,Tunis,Africa,Northern Africa,,TN-->AF,TN-->AF,TN-->AF,TN-->AF,TN-->AF,TN-->AF,TN-->AF,TN-->AF,TN-->AF,TN-->AF,TN-->AF,TN-->AF,TN-->AF,TN-->AF,TN-->AF,TN-->AF,TN-->AF,TN-->AF,TN-->AF,,,,,,,,,,,,,,,,,AF-->TN,AF-->TN,AF-->TN,AF-->TN,AF-->TN,AF-->TN,AF-->TN,AF-->TN,AF-->TN,AF-->TN,AF-->TN,AF-->TN,AF-->TN,AF-->TN,AF-->TN,AF-->TN,AF-->TN,AF-->TN,AF-->TN
TR,TUR,Turkey,Ankara,Asia,Western Asia,,TR-->AF,TR-->AF,TR-->AF,TR-->AF,TR-->AF,TR-->AF,TR-->AF,TR-->AF,TR-->AF,TR-->AF,TR-->AF,TR-->AF,TR-->AF,TR-->AF,TR-->AF,TR-->AF,TR-->AF,TR-->AF,TR-->AF,,,,,,,,,,,,,,,,,AF-->TR,AF-->TR,AF-->TR,AF-->TR,AF-->TR,AF-->TR,AF-->TR,AF-->TR,AF-->TR,AF-->TR,AF-->TR,AF-->TR,AF-->TR,AF-->TR,AF-->TR,AF-->TR,AF-->TR,AF-->TR,AF-->TR
TM,TKM,Turkmenistan,Ashgabat,Asia,Central Asia,,TM-->AF,TM-->AF,TM-->AF,TM-->AF,TM-->AF,TM-->AF,TM-->AF,TM-->AF,TM-->AF,TM-->AF,TM-->AF,TM-->AF,TM-->AF,TM-->AF,TM-->AF,TM-->AF,TM-->AF,TM-->AF,TM-->AF,,,,,,,,,,,,,,,,,AF-->TM,AF-->TM,AF-->TM,AF-->TM,AF-->TM,AF-->TM,AF-->TM,AF-->TM,AF-->TM,AF-->TM,AF-->TM,AF-->TM,AF-->TM,AF-->TM,AF-->TM,AF-->TM,AF-->TM,AF-->TM,AF-->TM
TC,TCA,Turks and Caicos Islands,Cockburn Town,Americas,Caribbean,,TC-->AF,TC-->AF,TC-->AF,TC-->AF,TC-->AF,TC-->AF,TC-->AF,TC-->AF,TC-->AF,TC-->AF,TC-->AF,TC-->AF,TC-->AF,TC-->AF,TC-->AF,TC-->AF,TC-->AF,TC-->AF,TC-->AF,,,,,,,,,,,,,,,,,AF-->TC,AF-->TC,AF-->TC,AF-->TC,AF-->TC,AF-->TC,AF-->TC,AF-->TC,AF-->TC,AF-->TC,AF-->TC,AF-->TC,AF-->TC,AF-->TC,AF-->TC,AF-->TC,AF-->TC,AF-->TC,AF-->TC
TV,TUV,Tuvalu,Funafuti,Oceania,Polynesia,,TV-->AF,TV-->AF,TV-->AF,TV-->AF,TV-->AF,TV-->AF,TV-->AF,TV-->AF,TV-->AF,TV-->AF,TV-->AF,TV-->AF,TV-->AF,TV-->AF,TV-->AF,TV-->AF,TV-->AF,TV-->AF,TV-->AF,,,,,,,,,,,,,,,,,AF-->TV,AF-->TV,AF-->TV,AF-->TV,AF-->TV,AF-->TV,AF-->TV,AF-->TV,AF-->TV,AF-->TV,AF-->TV,AF-->TV,AF-->TV,AF-->TV,AF-->TV,AF-->TV,AF-->TV,AF-->TV,AF-->TV
UG,UGA,Uganda,Kampala,Africa,Eastern Africa,,UG-->AF,UG-->AF,UG-->AF,UG-->AF,UG-->AF,UG-->AF,UG-->AF,UG-->AF,UG-->AF,UG-->AF,UG-->AF,UG-->AF,UG-->AF,UG-->AF,UG-->AF,UG-->AF,UG-->AF,UG-->AF,UG-->AF,,,,,,,,,,,,,,,,,AF-->UG,AF-->UG,AF-->UG,AF-->UG,AF-->UG,AF-->UG,AF-->UG,AF-->UG,AF-->UG,AF-->UG,AF-->UG,AF-->UG,AF-->UG,AF-->UG,AF-->UG,AF-->UG,AF-->UG,AF-->UG,AF-->UG
UA,UKR,Ukraine,Kiev,Europe,Eastern Europe,,UA-->AF,UA-->AF,UA-->AF,UA-->AF,UA-->AF,UA-->AF,UA-->AF,UA-->AF,UA-->AF,UA-->AF,UA-->AF,UA-->AF,UA-->AF,UA-->AF,UA-->AF,UA-->AF,UA-->AF,UA-->AF,UA-->AF,,,,,,,,,,,,,,,,,AF-->UA,AF-->UA,AF-->UA,AF-->UA,AF-->UA,AF-->UA,AF-->UA,AF-->UA,AF-->UA,AF-->UA,AF-->UA,AF-->UA,AF-->UA,AF-->UA,AF-->UA,AF-->UA,AF-->UA,AF-->UA,AF-->UA
AE,ARE,United Arab Emirates,Abu Dhabi,Asia,Western Asia,,AE-->AF,AE-->AF,AE-->AF,AE-->AF,AE-->AF,AE-->AF,AE-->AF,AE-->AF,AE-->AF,AE-->AF,AE-->AF,AE-->AF,AE-->AF,AE-->AF,AE-->AF,AE-->AF,AE-->AF,AE-->AF,AE-->AF,,,,,,,,,,,,,,,,,AF-->AE,AF-->AE,AF-->AE,AF-->AE,AF-->AE,AF-->AE,AF-->AE,AF-->AE,AF-->AE,AF-->AE,AF-->AE,AF-->AE,AF-->AE,AF-->AE,AF-->AE,AF-->AE,AF-->AE,AF-->AE,AF-->AE
GB,GBR,United Kingdom,London,Europe,Northern Europe,,GB-->AF,GB-->AF,GB-->AF,GB-->AF,GB-->AF,GB-->AF,GB-->AF,GB-->AF,GB-->AF,GB-->AF,GB-->AF,GB-->AF,GB-->AF,GB-->AF,GB-->AF,GB-->AF,GB-->AF,GB-->AF,GB-->AF,,,,,,,,,,,,,,,,,AF-->GB,AF-->GB,AF-->GB,AF-->GB,AF-->GB,AF-->GB,AF-->GB,AF-->GB,AF-->GB,AF-->GB,AF-->GB,AF-->GB,AF-->GB,AF-->GB,AF-->GB,AF-->GB,AF-->GB,AF-->GB,AF-->GB
US,USA,United States,"Washington, D.C.",Americas,Northern America,,US-->AF,US-->AF,US-->AF,US-->AF,US-->AF,US-->AF,US-->AF,US-->AF,US-->AF,US-->AF,US-->AF,US-->AF,US-->AF,US-->AF,US-->AF,US-->AF,US-->AF,US-->AF,US-->AF,,,,,,,,,,,,,,,,,AF-->US,AF-->US,AF-->US,AF-->US,AF-->US,AF-->US,AF-->US,AF-->US,AF-->US,AF-->US,AF-->US,AF-->US,AF-->US,AF-->US,AF-->US,AF-->US,AF-->US,AF-->US,AF-->US
UY,URY,Uruguay,Montevideo,Americas,South America,,UY-->AF,UY-->AF,UY-->AF,UY-->AF,UY-->AF,UY-->AF,UY-->AF,UY-->AF,UY-->AF,UY-->AF,UY-->AF,UY-->AF,UY-->AF,UY-->AF,UY-->AF,UY-->AF,UY-->AF,UY-->AF,UY-->AF,,,,,,,,,,,,,,,,,AF-->UY,AF-->UY,AF-->UY,AF-->UY,AF-->UY,AF-->UY,AF-->UY,AF-->UY,AF-->UY,AF-->UY,AF-->UY,AF-->UY,AF-->UY,AF-->UY,AF-->UY,AF-->UY,AF-->UY,AF-->UY,AF-->UY
UZ,UZB,Uzbekistan,Tashkent,Asia,Central Asia,,UZ-->AF,UZ-->AF,UZ-->AF,UZ-->AF,UZ-->AF,UZ-->AF,UZ-->AF,UZ-->AF,UZ-->AF,UZ-->AF,UZ-->AF,UZ-->AF,UZ-->AF,UZ-->AF,UZ-->AF,UZ-->AF,UZ-->AF,UZ-->AF,UZ-->AF,,,,,,,,,,,,,,,,,AF-->UZ,AF-->UZ,AF-->UZ,AF-->UZ,AF-->UZ,AF-->UZ,AF-->UZ,AF-->UZ,AF-->UZ,AF-->UZ,AF-->UZ,AF-->UZ,AF-->UZ,AF-->UZ,AF-->UZ,AF-->UZ,AF-->UZ,AF-->UZ,AF-->UZ
VU,VUT,Vanuatu,Port Vila,Oceania,Melanesia,,VU-->AF,VU-->AF,VU-->AF,VU-->AF,VU-->AF,VU-->AF,VU-->AF,VU-->AF,VU-->AF,VU-->AF,VU-->AF,VU-->AF,VU-->AF,VU-->AF,VU-->AF,VU-->AF,VU-->AF,VU-->AF,VU-->AF,,,,,,,,,,,,,,,,,AF-->VU,AF-->VU,AF-->VU,AF-->VU,AF-->VU,AF-->VU,AF-->VU,AF-->VU,AF-->VU,AF-->VU,AF-->VU,AF-->VU,AF-->VU,AF-->VU,AF-->VU,AF-->VU,AF-->VU,AF-->VU,AF-->VU
VE,VEN,Venezuela,Caracas,Americas,South America,,VE-->AF,VE-->AF,VE-->AF,VE-->AF,VE-->AF,VE-->AF,VE-->AF,VE-->AF,VE-->AF,VE-->AF,VE-->AF,VE-->AF,VE-->AF,VE-->AF,VE-->AF,VE-->AF,VE-->AF,VE-->AF,VE-->AF,,,,,,,,,,,,,,,,,AF-->VE,AF-->VE,AF-->VE,AF-->VE,AF-->VE,AF-->VE,AF-->VE,AF-->VE,AF-->VE,AF-->VE,AF-->VE,AF-->VE,AF-->VE,AF-->VE,AF-->VE,AF-->VE,AF-->VE,AF-->VE,AF-->VE
VN,VNM,Vietnam,Hanoi,Asia,South-Eastern Asia,,VN-->AF,VN-->AF,VN-->AF,VN-->AF,VN-->AF,VN-->AF,VN-->AF,VN-->AF,VN-->AF,VN-->AF,VN-->AF,VN-->AF,VN-->AF,VN-->AF,VN-->AF,VN-->AF,VN-->AF,VN-->AF,VN-->AF,,,,,,,,,,,,,,,,,AF-->VN,AF-->VN,AF-->VN,AF-->VN,AF-->VN,AF-->VN,AF-->VN,AF-->VN,AF-->VN,AF-->VN,AF-->VN,AF-->VN,AF-->VN,AF-->VN,AF-->VN,AF-->VN,AF-->VN,AF-->VN,AF-->VN
WF,WLF,Wallis and Futuna,Mata-Utu,Oceania,Polynesia,,WF-->AF,WF-->AF,WF-->AF,WF-->AF,WF-->AF,WF-->AF,WF-->AF,WF-->AF,WF-->AF,WF-->AF,WF-->AF,WF-->AF,WF-->AF,WF-->AF,WF-->AF,WF-->AF,WF-->AF,WF-->AF,WF-->AF,,,,,,,,,,,,,,,,,AF-->WF,AF-->WF,AF-->WF,AF-->WF,AF-->WF,AF-->WF,AF-->WF,AF-->WF,AF-->WF,AF-->WF,AF-->WF,AF-->WF,AF-->WF,AF-->WF,AF-->WF,AF-->WF,AF-->WF,AF-->WF,AF-->WF
EH,ESH,Western Sahara,El Aaiún,Africa,Northern Africa,,EH-->AF,EH-->AF,EH-->AF,EH-->AF,EH-->AF,EH-->AF,EH-->AF,EH-->AF,EH-->AF,EH-->AF,EH-->AF,EH-->AF,EH-->AF,EH-->AF,EH-->AF,EH-->AF,EH-->AF,EH-->AF,EH-->AF,,,,,,,,,,,,,,,,,AF-->EH,AF-->EH,AF-->EH,AF-->EH,AF-->EH,AF-->EH,AF-->EH,AF-->EH,AF-->EH,AF-->EH,AF-->EH,AF-->EH,AF-->EH,AF-->EH,AF-->EH,AF-->EH,AF-->EH,AF-->EH,AF-->EH
YE,YEM,Yemen,Sana'a,Asia,Western Asia,,YE-->AF,YE-->AF,YE-->AF,YE-->AF,YE-->AF,YE-->AF,YE-->AF,YE-->AF,YE-->AF,YE-->AF,YE-->AF,YE-->AF,YE-->AF,YE-->AF,YE-->AF,YE-->AF,YE-->AF,YE-->AF,YE-->AF,,,,,,,,,,,,,,,,,AF-->YE,AF-->YE,AF-->YE,AF-->YE,AF-->YE,AF-->YE,AF-->YE,AF-->YE,AF-->YE,AF-->YE,AF-->YE,AF-->YE,AF-->YE,AF-->YE,AF-->YE,AF-->YE,AF-->YE,AF-->YE,AF-->YE
ZM,ZMB,Zambia,Lusaka,Africa,Eastern Africa,,ZM-->AF,ZM-->AF,ZM-->AF,ZM-->AF,ZM-->AF,ZM-->AF,ZM-->AF,ZM-->AF,ZM-->AF,ZM-->AF,ZM-->AF,ZM-->AF,ZM-->AF,ZM-->AF,ZM-->AF,ZM-->AF,ZM-->AF,ZM-->AF,ZM-->AF,,,,,,,,,,,,,,,,,AF-->ZM,AF-->ZM,AF-->ZM,AF-->ZM,AF-->ZM,AF-->ZM,AF-->ZM,AF-->ZM,AF-->ZM,AF-->ZM,AF-->ZM,AF-->ZM,AF-->ZM,AF-->ZM,AF-->ZM,AF-->ZM,AF-->ZM,AF-->ZM,AF-->ZM
ZW,ZWE,Zimbabwe,Harare,Africa,Eastern Africa,,ZW-->AF,ZW-->AF,ZW-->AF,ZW-->AF,ZW-->AF,ZW-->AF,ZW-->AF,ZW-->AF,ZW-->AF,ZW-->AF,ZW-->AF,ZW-->AF,ZW-->AF,ZW-->AF,ZW-->AF,ZW-->AF,ZW-->AF,ZW-->AF,ZW-->AF,,,,,,,,,,,,,,,,,AF-->ZW,AF-->ZW,AF-->ZW,AF-->ZW,AF-->ZW,AF-->ZW,AF-->ZW,AF-->ZW,AF-->ZW,AF-->ZW,AF-->ZW,AF-->ZW,AF-->ZW,AF-->ZW,AF-->ZW,AF-->ZW,AF-->ZW,AF-->ZW,AF-->ZW
