nu,code,name,capital,region,subregion,Unnamed: 6,quara/into/where/e,quara/into/where/v,quara/into/where/uv,quara/into/min/e,quara/into/min/v,quara/into/min/uv,quara/into/max/e,quara/into/max/v,quara/into/max/uv,quara/into/comment,test/into/pcr/e,test/into/pcr/v,test/into/pcr/uv,test/into/ag/e,test/into/ag/v,test/into/ag/uv,test/into/comment,visa/into,visa/into/comment,loadStates/into,Unnamed: 27,Unnamed: 28,Unnamed: 29,Unnamed: 30,Unnamed: 31,Unnamed: 32,Unnamed: 33,Unnamed: 34,Unnamed: 35,Unnamed: 36,Unnamed: 37,Unnamed: 38,Unnamed: 39,Unnamed: 40,Unnamed: 41,quara/out/where/e,quara/out/where/v,quara/out/where/uv,quara/out/min/e,quara/out/min/v,quara/out/min/uv,quara/out/max/e,quara/out/max/v,quara/out/max/uv,quara/out/comment,test/out/pcr/e,test/out/pcr/v,test/out/pcr/uv,test/out/ag/e,test/out/ag/v,test/out/ag/uv,test/out/comment,visa/out,visa/out/comment
AF,AFG,Afghanistan,Kabul,Asia,Southern Asia,,AF-->NL,AF-->NL,AF-->NL,AF-->NL,AF-->NL,AF-->NL,AF-->NL,AF-->NL,AF-->NL,AF-->NL,AF-->NL,AF-->NL,AF-->NL,AF-->NL,AF-->NL,AF-->NL,AF-->NL,AF-->NL,AF-->NL,,,,,,,,,,,,,,,,,NL-->AF,NL-->AF,NL-->AF,NL-->AF,NL-->AF,NL-->AF,NL-->AF,NL-->AF,NL-->AF,NL-->AF,NL-->AF,NL-->AF,NL-->AF,NL-->AF,NL-->AF,NL-->AF,NL-->AF,NL-->AF,NL-->AF
AX,ALA,Åland Islands,Mariehamn,Europe,Northern Europe,,AX-->NL,AX-->NL,AX-->NL,AX-->NL,AX-->NL,AX-->NL,AX-->NL,AX-->NL,AX-->NL,AX-->NL,AX-->NL,AX-->NL,AX-->NL,AX-->NL,AX-->NL,AX-->NL,AX-->NL,AX-->NL,AX-->NL,,,,,,,,,,,,,,,,,NL-->AX,NL-->AX,NL-->AX,NL-->AX,NL-->AX,NL-->AX,NL-->AX,NL-->AX,NL-->AX,NL-->AX,NL-->AX,NL-->AX,NL-->AX,NL-->AX,NL-->AX,NL-->AX,NL-->AX,NL-->AX,NL-->AX
AL,ALB,Albania,Tirana,Europe,Southern Europe,,AL-->NL,AL-->NL,AL-->NL,AL-->NL,AL-->NL,AL-->NL,AL-->NL,AL-->NL,AL-->NL,AL-->NL,AL-->NL,AL-->NL,AL-->NL,AL-->NL,AL-->NL,AL-->NL,AL-->NL,AL-->NL,AL-->NL,,,,,,,,,,,,,,,,,NL-->AL,NL-->AL,NL-->AL,NL-->AL,NL-->AL,NL-->AL,NL-->AL,NL-->AL,NL-->AL,NL-->AL,NL-->AL,NL-->AL,NL-->AL,NL-->AL,NL-->AL,NL-->AL,NL-->AL,NL-->AL,NL-->AL
DZ,DZA,Algeria,Algiers,Africa,Northern Africa,,DZ-->NL,DZ-->NL,DZ-->NL,DZ-->NL,DZ-->NL,DZ-->NL,DZ-->NL,DZ-->NL,DZ-->NL,DZ-->NL,DZ-->NL,DZ-->NL,DZ-->NL,DZ-->NL,DZ-->NL,DZ-->NL,DZ-->NL,DZ-->NL,DZ-->NL,,,,,,,,,,,,,,,,,NL-->DZ,NL-->DZ,NL-->DZ,NL-->DZ,NL-->DZ,NL-->DZ,NL-->DZ,NL-->DZ,NL-->DZ,NL-->DZ,NL-->DZ,NL-->DZ,NL-->DZ,NL-->DZ,NL-->DZ,NL-->DZ,NL-->DZ,NL-->DZ,NL-->DZ
AS,ASM,American Samoa,Pago Pago,Oceania,Polynesia,,AS-->NL,AS-->NL,AS-->NL,AS-->NL,AS-->NL,AS-->NL,AS-->NL,AS-->NL,AS-->NL,AS-->NL,AS-->NL,AS-->NL,AS-->NL,AS-->NL,AS-->NL,AS-->NL,AS-->NL,AS-->NL,AS-->NL,,,,,,,,,,,,,,,,,NL-->AS,NL-->AS,NL-->AS,NL-->AS,NL-->AS,NL-->AS,NL-->AS,NL-->AS,NL-->AS,NL-->AS,NL-->AS,NL-->AS,NL-->AS,NL-->AS,NL-->AS,NL-->AS,NL-->AS,NL-->AS,NL-->AS
AD,AND,Andorra,Andorra la Vella,Europe,Southern Europe,,AD-->NL,AD-->NL,AD-->NL,AD-->NL,AD-->NL,AD-->NL,AD-->NL,AD-->NL,AD-->NL,AD-->NL,AD-->NL,AD-->NL,AD-->NL,AD-->NL,AD-->NL,AD-->NL,AD-->NL,AD-->NL,AD-->NL,,,,,,,,,,,,,,,,,NL-->AD,NL-->AD,NL-->AD,NL-->AD,NL-->AD,NL-->AD,NL-->AD,NL-->AD,NL-->AD,NL-->AD,NL-->AD,NL-->AD,NL-->AD,NL-->AD,NL-->AD,NL-->AD,NL-->AD,NL-->AD,NL-->AD
AO,AGO,Angola,Luanda,Africa,Middle Africa,,AO-->NL,AO-->NL,AO-->NL,AO-->NL,AO-->NL,AO-->NL,AO-->NL,AO-->NL,AO-->NL,AO-->NL,AO-->NL,AO-->NL,AO-->NL,AO-->NL,AO-->NL,AO-->NL,AO-->NL,AO-->NL,AO-->NL,,,,,,,,,,,,,,,,,NL-->AO,NL-->AO,NL-->AO,NL-->AO,NL-->AO,NL-->AO,NL-->AO,NL-->AO,NL-->AO,NL-->AO,NL-->AO,NL-->AO,NL-->AO,NL-->AO,NL-->AO,NL-->AO,NL-->AO,NL-->AO,NL-->AO
AI,AIA,Anguilla,The Valley,Americas,Caribbean,,AI-->NL,AI-->NL,AI-->NL,AI-->NL,AI-->NL,AI-->NL,AI-->NL,AI-->NL,AI-->NL,AI-->NL,AI-->NL,AI-->NL,AI-->NL,AI-->NL,AI-->NL,AI-->NL,AI-->NL,AI-->NL,AI-->NL,,,,,,,,,,,,,,,,,NL-->AI,NL-->AI,NL-->AI,NL-->AI,NL-->AI,NL-->AI,NL-->AI,NL-->AI,NL-->AI,NL-->AI,NL-->AI,NL-->AI,NL-->AI,NL-->AI,NL-->AI,NL-->AI,NL-->AI,NL-->AI,NL-->AI
AQ,ATA,Antarctica,,Polar,,,AQ-->NL,AQ-->NL,AQ-->NL,AQ-->NL,AQ-->NL,AQ-->NL,AQ-->NL,AQ-->NL,AQ-->NL,AQ-->NL,AQ-->NL,AQ-->NL,AQ-->NL,AQ-->NL,AQ-->NL,AQ-->NL,AQ-->NL,AQ-->NL,AQ-->NL,,,,,,,,,,,,,,,,,NL-->AQ,NL-->AQ,NL-->AQ,NL-->AQ,NL-->AQ,NL-->AQ,NL-->AQ,NL-->AQ,NL-->AQ,NL-->AQ,NL-->AQ,NL-->AQ,NL-->AQ,NL-->AQ,NL-->AQ,NL-->AQ,NL-->AQ,NL-->AQ,NL-->AQ
AG,ATG,Antigua and Barbuda,Saint John's,Americas,Caribbean,,AG-->NL,AG-->NL,AG-->NL,AG-->NL,AG-->NL,AG-->NL,AG-->NL,AG-->NL,AG-->NL,AG-->NL,AG-->NL,AG-->NL,AG-->NL,AG-->NL,AG-->NL,AG-->NL,AG-->NL,AG-->NL,AG-->NL,,,,,,,,,,,,,,,,,NL-->AG,NL-->AG,NL-->AG,NL-->AG,NL-->AG,NL-->AG,NL-->AG,NL-->AG,NL-->AG,NL-->AG,NL-->AG,NL-->AG,NL-->AG,NL-->AG,NL-->AG,NL-->AG,NL-->AG,NL-->AG,NL-->AG
AR,ARG,Argentina,Buenos Aires,Americas,South America,,AR-->NL,AR-->NL,AR-->NL,AR-->NL,AR-->NL,AR-->NL,AR-->NL,AR-->NL,AR-->NL,AR-->NL,AR-->NL,AR-->NL,AR-->NL,AR-->NL,AR-->NL,AR-->NL,AR-->NL,AR-->NL,AR-->NL,,,,,,,,,,,,,,,,,NL-->AR,NL-->AR,NL-->AR,NL-->AR,NL-->AR,NL-->AR,NL-->AR,NL-->AR,NL-->AR,NL-->AR,NL-->AR,NL-->AR,NL-->AR,NL-->AR,NL-->AR,NL-->AR,NL-->AR,NL-->AR,NL-->AR
AM,ARM,Armenia,Yerevan,Asia,Western Asia,,AM-->NL,AM-->NL,AM-->NL,AM-->NL,AM-->NL,AM-->NL,AM-->NL,AM-->NL,AM-->NL,AM-->NL,AM-->NL,AM-->NL,AM-->NL,AM-->NL,AM-->NL,AM-->NL,AM-->NL,AM-->NL,AM-->NL,,,,,,,,,,,,,,,,,NL-->AM,NL-->AM,NL-->AM,NL-->AM,NL-->AM,NL-->AM,NL-->AM,NL-->AM,NL-->AM,NL-->AM,NL-->AM,NL-->AM,NL-->AM,NL-->AM,NL-->AM,NL-->AM,NL-->AM,NL-->AM,NL-->AM
AW,ABW,Aruba,Oranjestad,Americas,Caribbean,,AW-->NL,AW-->NL,AW-->NL,AW-->NL,AW-->NL,AW-->NL,AW-->NL,AW-->NL,AW-->NL,AW-->NL,AW-->NL,AW-->NL,AW-->NL,AW-->NL,AW-->NL,AW-->NL,AW-->NL,AW-->NL,AW-->NL,,,,,,,,,,,,,,,,,NL-->AW,NL-->AW,NL-->AW,NL-->AW,NL-->AW,NL-->AW,NL-->AW,NL-->AW,NL-->AW,NL-->AW,NL-->AW,NL-->AW,NL-->AW,NL-->AW,NL-->AW,NL-->AW,NL-->AW,NL-->AW,NL-->AW
AU,AUS,Australia,Canberra,Oceania,Australia and New Zealand,,AU-->NL,AU-->NL,AU-->NL,AU-->NL,AU-->NL,AU-->NL,AU-->NL,AU-->NL,AU-->NL,AU-->NL,AU-->NL,AU-->NL,AU-->NL,AU-->NL,AU-->NL,AU-->NL,AU-->NL,AU-->NL,AU-->NL,,,,,,,,,,,,,,,,,NL-->AU,NL-->AU,NL-->AU,NL-->AU,NL-->AU,NL-->AU,NL-->AU,NL-->AU,NL-->AU,NL-->AU,NL-->AU,NL-->AU,NL-->AU,NL-->AU,NL-->AU,NL-->AU,NL-->AU,NL-->AU,NL-->AU
AT,AUT,Austria,Vienna,Europe,Western Europe,,AT-->NL,AT-->NL,AT-->NL,AT-->NL,AT-->NL,AT-->NL,AT-->NL,AT-->NL,AT-->NL,AT-->NL,AT-->NL,AT-->NL,AT-->NL,AT-->NL,AT-->NL,AT-->NL,AT-->NL,AT-->NL,AT-->NL,,,,,,,,,,,,,,,,,NL-->AT,NL-->AT,NL-->AT,NL-->AT,NL-->AT,NL-->AT,NL-->AT,NL-->AT,NL-->AT,NL-->AT,NL-->AT,NL-->AT,NL-->AT,NL-->AT,NL-->AT,NL-->AT,NL-->AT,NL-->AT,NL-->AT
AZ,AZE,Azerbaijan,Baku,Asia,Western Asia,,AZ-->NL,AZ-->NL,AZ-->NL,AZ-->NL,AZ-->NL,AZ-->NL,AZ-->NL,AZ-->NL,AZ-->NL,AZ-->NL,AZ-->NL,AZ-->NL,AZ-->NL,AZ-->NL,AZ-->NL,AZ-->NL,AZ-->NL,AZ-->NL,AZ-->NL,,,,,,,,,,,,,,,,,NL-->AZ,NL-->AZ,NL-->AZ,NL-->AZ,NL-->AZ,NL-->AZ,NL-->AZ,NL-->AZ,NL-->AZ,NL-->AZ,NL-->AZ,NL-->AZ,NL-->AZ,NL-->AZ,NL-->AZ,NL-->AZ,NL-->AZ,NL-->AZ,NL-->AZ
BS,BHS,The Bahamas,Nassau,Americas,Caribbean,,BS-->NL,BS-->NL,BS-->NL,BS-->NL,BS-->NL,BS-->NL,BS-->NL,BS-->NL,BS-->NL,BS-->NL,BS-->NL,BS-->NL,BS-->NL,BS-->NL,BS-->NL,BS-->NL,BS-->NL,BS-->NL,BS-->NL,,,,,,,,,,,,,,,,,NL-->BS,NL-->BS,NL-->BS,NL-->BS,NL-->BS,NL-->BS,NL-->BS,NL-->BS,NL-->BS,NL-->BS,NL-->BS,NL-->BS,NL-->BS,NL-->BS,NL-->BS,NL-->BS,NL-->BS,NL-->BS,NL-->BS
BH,BHR,Bahrain,Manama,Asia,Western Asia,,BH-->NL,BH-->NL,BH-->NL,BH-->NL,BH-->NL,BH-->NL,BH-->NL,BH-->NL,BH-->NL,BH-->NL,BH-->NL,BH-->NL,BH-->NL,BH-->NL,BH-->NL,BH-->NL,BH-->NL,BH-->NL,BH-->NL,,,,,,,,,,,,,,,,,NL-->BH,NL-->BH,NL-->BH,NL-->BH,NL-->BH,NL-->BH,NL-->BH,NL-->BH,NL-->BH,NL-->BH,NL-->BH,NL-->BH,NL-->BH,NL-->BH,NL-->BH,NL-->BH,NL-->BH,NL-->BH,NL-->BH
BD,BGD,Bangladesh,Dhaka,Asia,Southern Asia,,BD-->NL,BD-->NL,BD-->NL,BD-->NL,BD-->NL,BD-->NL,BD-->NL,BD-->NL,BD-->NL,BD-->NL,BD-->NL,BD-->NL,BD-->NL,BD-->NL,BD-->NL,BD-->NL,BD-->NL,BD-->NL,BD-->NL,,,,,,,,,,,,,,,,,NL-->BD,NL-->BD,NL-->BD,NL-->BD,NL-->BD,NL-->BD,NL-->BD,NL-->BD,NL-->BD,NL-->BD,NL-->BD,NL-->BD,NL-->BD,NL-->BD,NL-->BD,NL-->BD,NL-->BD,NL-->BD,NL-->BD
BB,BRB,Barbados,Bridgetown,Americas,Caribbean,,BB-->NL,BB-->NL,BB-->NL,BB-->NL,BB-->NL,BB-->NL,BB-->NL,BB-->NL,BB-->NL,BB-->NL,BB-->NL,BB-->NL,BB-->NL,BB-->NL,BB-->NL,BB-->NL,BB-->NL,BB-->NL,BB-->NL,,,,,,,,,,,,,,,,,NL-->BB,NL-->BB,NL-->BB,NL-->BB,NL-->BB,NL-->BB,NL-->BB,NL-->BB,NL-->BB,NL-->BB,NL-->BB,NL-->BB,NL-->BB,NL-->BB,NL-->BB,NL-->BB,NL-->BB,NL-->BB,NL-->BB
BY,BLR,Belarus,Minsk,Europe,Eastern Europe,,BY-->NL,BY-->NL,BY-->NL,BY-->NL,BY-->NL,BY-->NL,BY-->NL,BY-->NL,BY-->NL,BY-->NL,BY-->NL,BY-->NL,BY-->NL,BY-->NL,BY-->NL,BY-->NL,BY-->NL,BY-->NL,BY-->NL,,,,,,,,,,,,,,,,,NL-->BY,NL-->BY,NL-->BY,NL-->BY,NL-->BY,NL-->BY,NL-->BY,NL-->BY,NL-->BY,NL-->BY,NL-->BY,NL-->BY,NL-->BY,NL-->BY,NL-->BY,NL-->BY,NL-->BY,NL-->BY,NL-->BY
BE,BEL,Belgium,Brussels,Europe,Western Europe,,BE-->NL,BE-->NL,BE-->NL,BE-->NL,BE-->NL,BE-->NL,BE-->NL,BE-->NL,BE-->NL,BE-->NL,BE-->NL,BE-->NL,BE-->NL,BE-->NL,BE-->NL,BE-->NL,BE-->NL,BE-->NL,BE-->NL,,,,,,,,,,,,,,,,,NL-->BE,NL-->BE,NL-->BE,NL-->BE,NL-->BE,NL-->BE,NL-->BE,NL-->BE,NL-->BE,NL-->BE,NL-->BE,NL-->BE,NL-->BE,NL-->BE,NL-->BE,NL-->BE,NL-->BE,NL-->BE,NL-->BE
BZ,BLZ,Belize,Belmopan,Americas,Central America,,BZ-->NL,BZ-->NL,BZ-->NL,BZ-->NL,BZ-->NL,BZ-->NL,BZ-->NL,BZ-->NL,BZ-->NL,BZ-->NL,BZ-->NL,BZ-->NL,BZ-->NL,BZ-->NL,BZ-->NL,BZ-->NL,BZ-->NL,BZ-->NL,BZ-->NL,,,,,,,,,,,,,,,,,NL-->BZ,NL-->BZ,NL-->BZ,NL-->BZ,NL-->BZ,NL-->BZ,NL-->BZ,NL-->BZ,NL-->BZ,NL-->BZ,NL-->BZ,NL-->BZ,NL-->BZ,NL-->BZ,NL-->BZ,NL-->BZ,NL-->BZ,NL-->BZ,NL-->BZ
BJ,BEN,Benin,Porto-Novo,Africa,Western Africa,,BJ-->NL,BJ-->NL,BJ-->NL,BJ-->NL,BJ-->NL,BJ-->NL,BJ-->NL,BJ-->NL,BJ-->NL,BJ-->NL,BJ-->NL,BJ-->NL,BJ-->NL,BJ-->NL,BJ-->NL,BJ-->NL,BJ-->NL,BJ-->NL,BJ-->NL,,,,,,,,,,,,,,,,,NL-->BJ,NL-->BJ,NL-->BJ,NL-->BJ,NL-->BJ,NL-->BJ,NL-->BJ,NL-->BJ,NL-->BJ,NL-->BJ,NL-->BJ,NL-->BJ,NL-->BJ,NL-->BJ,NL-->BJ,NL-->BJ,NL-->BJ,NL-->BJ,NL-->BJ
BM,BMU,Bermuda,Hamilton,Americas,Northern America,,BM-->NL,BM-->NL,BM-->NL,BM-->NL,BM-->NL,BM-->NL,BM-->NL,BM-->NL,BM-->NL,BM-->NL,BM-->NL,BM-->NL,BM-->NL,BM-->NL,BM-->NL,BM-->NL,BM-->NL,BM-->NL,BM-->NL,,,,,,,,,,,,,,,,,NL-->BM,NL-->BM,NL-->BM,NL-->BM,NL-->BM,NL-->BM,NL-->BM,NL-->BM,NL-->BM,NL-->BM,NL-->BM,NL-->BM,NL-->BM,NL-->BM,NL-->BM,NL-->BM,NL-->BM,NL-->BM,NL-->BM
BT,BTN,Bhutan,Thimphu,Asia,Southern Asia,,BT-->NL,BT-->NL,BT-->NL,BT-->NL,BT-->NL,BT-->NL,BT-->NL,BT-->NL,BT-->NL,BT-->NL,BT-->NL,BT-->NL,BT-->NL,BT-->NL,BT-->NL,BT-->NL,BT-->NL,BT-->NL,BT-->NL,,,,,,,,,,,,,,,,,NL-->BT,NL-->BT,NL-->BT,NL-->BT,NL-->BT,NL-->BT,NL-->BT,NL-->BT,NL-->BT,NL-->BT,NL-->BT,NL-->BT,NL-->BT,NL-->BT,NL-->BT,NL-->BT,NL-->BT,NL-->BT,NL-->BT
BO,BOL,Bolivia,Sucre,Americas,South America,,BO-->NL,BO-->NL,BO-->NL,BO-->NL,BO-->NL,BO-->NL,BO-->NL,BO-->NL,BO-->NL,BO-->NL,BO-->NL,BO-->NL,BO-->NL,BO-->NL,BO-->NL,BO-->NL,BO-->NL,BO-->NL,BO-->NL,,,,,,,,,,,,,,,,,NL-->BO,NL-->BO,NL-->BO,NL-->BO,NL-->BO,NL-->BO,NL-->BO,NL-->BO,NL-->BO,NL-->BO,NL-->BO,NL-->BO,NL-->BO,NL-->BO,NL-->BO,NL-->BO,NL-->BO,NL-->BO,NL-->BO
BQ,BES,Bonaire,Kralendijk,Americas,Caribbean,,BQ-->NL,BQ-->NL,BQ-->NL,BQ-->NL,BQ-->NL,BQ-->NL,BQ-->NL,BQ-->NL,BQ-->NL,BQ-->NL,BQ-->NL,BQ-->NL,BQ-->NL,BQ-->NL,BQ-->NL,BQ-->NL,BQ-->NL,BQ-->NL,BQ-->NL,,,,,,,,,,,,,,,,,NL-->BQ,NL-->BQ,NL-->BQ,NL-->BQ,NL-->BQ,NL-->BQ,NL-->BQ,NL-->BQ,NL-->BQ,NL-->BQ,NL-->BQ,NL-->BQ,NL-->BQ,NL-->BQ,NL-->BQ,NL-->BQ,NL-->BQ,NL-->BQ,NL-->BQ
BA,BIH,Bosnia and Herzegovina,Sarajevo,Europe,Southern Europe,,BA-->NL,BA-->NL,BA-->NL,BA-->NL,BA-->NL,BA-->NL,BA-->NL,BA-->NL,BA-->NL,BA-->NL,BA-->NL,BA-->NL,BA-->NL,BA-->NL,BA-->NL,BA-->NL,BA-->NL,BA-->NL,BA-->NL,,,,,,,,,,,,,,,,,NL-->BA,NL-->BA,NL-->BA,NL-->BA,NL-->BA,NL-->BA,NL-->BA,NL-->BA,NL-->BA,NL-->BA,NL-->BA,NL-->BA,NL-->BA,NL-->BA,NL-->BA,NL-->BA,NL-->BA,NL-->BA,NL-->BA
BW,BWA,Botswana,Gaborone,Africa,Southern Africa,,BW-->NL,BW-->NL,BW-->NL,BW-->NL,BW-->NL,BW-->NL,BW-->NL,BW-->NL,BW-->NL,BW-->NL,BW-->NL,BW-->NL,BW-->NL,BW-->NL,BW-->NL,BW-->NL,BW-->NL,BW-->NL,BW-->NL,,,,,,,,,,,,,,,,,NL-->BW,NL-->BW,NL-->BW,NL-->BW,NL-->BW,NL-->BW,NL-->BW,NL-->BW,NL-->BW,NL-->BW,NL-->BW,NL-->BW,NL-->BW,NL-->BW,NL-->BW,NL-->BW,NL-->BW,NL-->BW,NL-->BW
BV,BVT,Bouvet Island,,,,,BV-->NL,BV-->NL,BV-->NL,BV-->NL,BV-->NL,BV-->NL,BV-->NL,BV-->NL,BV-->NL,BV-->NL,BV-->NL,BV-->NL,BV-->NL,BV-->NL,BV-->NL,BV-->NL,BV-->NL,BV-->NL,BV-->NL,,,,,,,,,,,,,,,,,NL-->BV,NL-->BV,NL-->BV,NL-->BV,NL-->BV,NL-->BV,NL-->BV,NL-->BV,NL-->BV,NL-->BV,NL-->BV,NL-->BV,NL-->BV,NL-->BV,NL-->BV,NL-->BV,NL-->BV,NL-->BV,NL-->BV
BR,BRA,Brazil,Brasília,Americas,South America,,BR-->NL,BR-->NL,BR-->NL,BR-->NL,BR-->NL,BR-->NL,BR-->NL,BR-->NL,BR-->NL,BR-->NL,BR-->NL,BR-->NL,BR-->NL,BR-->NL,BR-->NL,BR-->NL,BR-->NL,BR-->NL,BR-->NL,,,,,,,,,,,,,,,,,NL-->BR,NL-->BR,NL-->BR,NL-->BR,NL-->BR,NL-->BR,NL-->BR,NL-->BR,NL-->BR,NL-->BR,NL-->BR,NL-->BR,NL-->BR,NL-->BR,NL-->BR,NL-->BR,NL-->BR,NL-->BR,NL-->BR
IO,IOT,British Indian Ocean Territory,Diego Garcia,Africa,Eastern Africa,,IO-->NL,IO-->NL,IO-->NL,IO-->NL,IO-->NL,IO-->NL,IO-->NL,IO-->NL,IO-->NL,IO-->NL,IO-->NL,IO-->NL,IO-->NL,IO-->NL,IO-->NL,IO-->NL,IO-->NL,IO-->NL,IO-->NL,,,,,,,,,,,,,,,,,NL-->IO,NL-->IO,NL-->IO,NL-->IO,NL-->IO,NL-->IO,NL-->IO,NL-->IO,NL-->IO,NL-->IO,NL-->IO,NL-->IO,NL-->IO,NL-->IO,NL-->IO,NL-->IO,NL-->IO,NL-->IO,NL-->IO
UM,UMI,United States Minor Outlying Islands,,Americas,Northern America,,UM-->NL,UM-->NL,UM-->NL,UM-->NL,UM-->NL,UM-->NL,UM-->NL,UM-->NL,UM-->NL,UM-->NL,UM-->NL,UM-->NL,UM-->NL,UM-->NL,UM-->NL,UM-->NL,UM-->NL,UM-->NL,UM-->NL,,,,,,,,,,,,,,,,,NL-->UM,NL-->UM,NL-->UM,NL-->UM,NL-->UM,NL-->UM,NL-->UM,NL-->UM,NL-->UM,NL-->UM,NL-->UM,NL-->UM,NL-->UM,NL-->UM,NL-->UM,NL-->UM,NL-->UM,NL-->UM,NL-->UM
VG,VGB,Virgin Islands (British),Road Town,Americas,Caribbean,,VG-->NL,VG-->NL,VG-->NL,VG-->NL,VG-->NL,VG-->NL,VG-->NL,VG-->NL,VG-->NL,VG-->NL,VG-->NL,VG-->NL,VG-->NL,VG-->NL,VG-->NL,VG-->NL,VG-->NL,VG-->NL,VG-->NL,,,,,,,,,,,,,,,,,NL-->VG,NL-->VG,NL-->VG,NL-->VG,NL-->VG,NL-->VG,NL-->VG,NL-->VG,NL-->VG,NL-->VG,NL-->VG,NL-->VG,NL-->VG,NL-->VG,NL-->VG,NL-->VG,NL-->VG,NL-->VG,NL-->VG
VI,VIR,Virgin Islands (U.S.),Charlotte Amalie,Americas,Caribbean,,VI-->NL,VI-->NL,VI-->NL,VI-->NL,VI-->NL,VI-->NL,VI-->NL,VI-->NL,VI-->NL,VI-->NL,VI-->NL,VI-->NL,VI-->NL,VI-->NL,VI-->NL,VI-->NL,VI-->NL,VI-->NL,VI-->NL,,,,,,,,,,,,,,,,,NL-->VI,NL-->VI,NL-->VI,NL-->VI,NL-->VI,NL-->VI,NL-->VI,NL-->VI,NL-->VI,NL-->VI,NL-->VI,NL-->VI,NL-->VI,NL-->VI,NL-->VI,NL-->VI,NL-->VI,NL-->VI,NL-->VI
BN,BRN,Brunei,Bandar Seri Begawan,Asia,South-Eastern Asia,,BN-->NL,BN-->NL,BN-->NL,BN-->NL,BN-->NL,BN-->NL,BN-->NL,BN-->NL,BN-->NL,BN-->NL,BN-->NL,BN-->NL,BN-->NL,BN-->NL,BN-->NL,BN-->NL,BN-->NL,BN-->NL,BN-->NL,,,,,,,,,,,,,,,,,NL-->BN,NL-->BN,NL-->BN,NL-->BN,NL-->BN,NL-->BN,NL-->BN,NL-->BN,NL-->BN,NL-->BN,NL-->BN,NL-->BN,NL-->BN,NL-->BN,NL-->BN,NL-->BN,NL-->BN,NL-->BN,NL-->BN
BG,BGR,Bulgaria,Sofia,Europe,Eastern Europe,,BG-->NL,BG-->NL,BG-->NL,BG-->NL,BG-->NL,BG-->NL,BG-->NL,BG-->NL,BG-->NL,BG-->NL,BG-->NL,BG-->NL,BG-->NL,BG-->NL,BG-->NL,BG-->NL,BG-->NL,BG-->NL,BG-->NL,,,,,,,,,,,,,,,,,NL-->BG,NL-->BG,NL-->BG,NL-->BG,NL-->BG,NL-->BG,NL-->BG,NL-->BG,NL-->BG,NL-->BG,NL-->BG,NL-->BG,NL-->BG,NL-->BG,NL-->BG,NL-->BG,NL-->BG,NL-->BG,NL-->BG
BF,BFA,Burkina Faso,Ouagadougou,Africa,Western Africa,,BF-->NL,BF-->NL,BF-->NL,BF-->NL,BF-->NL,BF-->NL,BF-->NL,BF-->NL,BF-->NL,BF-->NL,BF-->NL,BF-->NL,BF-->NL,BF-->NL,BF-->NL,BF-->NL,BF-->NL,BF-->NL,BF-->NL,,,,,,,,,,,,,,,,,NL-->BF,NL-->BF,NL-->BF,NL-->BF,NL-->BF,NL-->BF,NL-->BF,NL-->BF,NL-->BF,NL-->BF,NL-->BF,NL-->BF,NL-->BF,NL-->BF,NL-->BF,NL-->BF,NL-->BF,NL-->BF,NL-->BF
BI,BDI,Burundi,Bujumbura,Africa,Eastern Africa,,BI-->NL,BI-->NL,BI-->NL,BI-->NL,BI-->NL,BI-->NL,BI-->NL,BI-->NL,BI-->NL,BI-->NL,BI-->NL,BI-->NL,BI-->NL,BI-->NL,BI-->NL,BI-->NL,BI-->NL,BI-->NL,BI-->NL,,,,,,,,,,,,,,,,,NL-->BI,NL-->BI,NL-->BI,NL-->BI,NL-->BI,NL-->BI,NL-->BI,NL-->BI,NL-->BI,NL-->BI,NL-->BI,NL-->BI,NL-->BI,NL-->BI,NL-->BI,NL-->BI,NL-->BI,NL-->BI,NL-->BI
KH,KHM,Cambodia,Phnom Penh,Asia,South-Eastern Asia,,KH-->NL,KH-->NL,KH-->NL,KH-->NL,KH-->NL,KH-->NL,KH-->NL,KH-->NL,KH-->NL,KH-->NL,KH-->NL,KH-->NL,KH-->NL,KH-->NL,KH-->NL,KH-->NL,KH-->NL,KH-->NL,KH-->NL,,,,,,,,,,,,,,,,,NL-->KH,NL-->KH,NL-->KH,NL-->KH,NL-->KH,NL-->KH,NL-->KH,NL-->KH,NL-->KH,NL-->KH,NL-->KH,NL-->KH,NL-->KH,NL-->KH,NL-->KH,NL-->KH,NL-->KH,NL-->KH,NL-->KH
CM,CMR,Cameroon,Yaoundé,Africa,Middle Africa,,CM-->NL,CM-->NL,CM-->NL,CM-->NL,CM-->NL,CM-->NL,CM-->NL,CM-->NL,CM-->NL,CM-->NL,CM-->NL,CM-->NL,CM-->NL,CM-->NL,CM-->NL,CM-->NL,CM-->NL,CM-->NL,CM-->NL,,,,,,,,,,,,,,,,,NL-->CM,NL-->CM,NL-->CM,NL-->CM,NL-->CM,NL-->CM,NL-->CM,NL-->CM,NL-->CM,NL-->CM,NL-->CM,NL-->CM,NL-->CM,NL-->CM,NL-->CM,NL-->CM,NL-->CM,NL-->CM,NL-->CM
CA,CAN,Canada,Ottawa,Americas,Northern America,,CA-->NL,CA-->NL,CA-->NL,CA-->NL,CA-->NL,CA-->NL,CA-->NL,CA-->NL,CA-->NL,CA-->NL,CA-->NL,CA-->NL,CA-->NL,CA-->NL,CA-->NL,CA-->NL,CA-->NL,CA-->NL,CA-->NL,,,,,,,,,,,,,,,,,NL-->CA,NL-->CA,NL-->CA,NL-->CA,NL-->CA,NL-->CA,NL-->CA,NL-->CA,NL-->CA,NL-->CA,NL-->CA,NL-->CA,NL-->CA,NL-->CA,NL-->CA,NL-->CA,NL-->CA,NL-->CA,NL-->CA
CV,CPV,Cape Verde,Praia,Africa,Western Africa,,CV-->NL,CV-->NL,CV-->NL,CV-->NL,CV-->NL,CV-->NL,CV-->NL,CV-->NL,CV-->NL,CV-->NL,CV-->NL,CV-->NL,CV-->NL,CV-->NL,CV-->NL,CV-->NL,CV-->NL,CV-->NL,CV-->NL,,,,,,,,,,,,,,,,,NL-->CV,NL-->CV,NL-->CV,NL-->CV,NL-->CV,NL-->CV,NL-->CV,NL-->CV,NL-->CV,NL-->CV,NL-->CV,NL-->CV,NL-->CV,NL-->CV,NL-->CV,NL-->CV,NL-->CV,NL-->CV,NL-->CV
KY,CYM,Cayman Islands,George Town,Americas,Caribbean,,KY-->NL,KY-->NL,KY-->NL,KY-->NL,KY-->NL,KY-->NL,KY-->NL,KY-->NL,KY-->NL,KY-->NL,KY-->NL,KY-->NL,KY-->NL,KY-->NL,KY-->NL,KY-->NL,KY-->NL,KY-->NL,KY-->NL,,,,,,,,,,,,,,,,,NL-->KY,NL-->KY,NL-->KY,NL-->KY,NL-->KY,NL-->KY,NL-->KY,NL-->KY,NL-->KY,NL-->KY,NL-->KY,NL-->KY,NL-->KY,NL-->KY,NL-->KY,NL-->KY,NL-->KY,NL-->KY,NL-->KY
CF,CAF,Central African Republic,Bangui,Africa,Middle Africa,,CF-->NL,CF-->NL,CF-->NL,CF-->NL,CF-->NL,CF-->NL,CF-->NL,CF-->NL,CF-->NL,CF-->NL,CF-->NL,CF-->NL,CF-->NL,CF-->NL,CF-->NL,CF-->NL,CF-->NL,CF-->NL,CF-->NL,,,,,,,,,,,,,,,,,NL-->CF,NL-->CF,NL-->CF,NL-->CF,NL-->CF,NL-->CF,NL-->CF,NL-->CF,NL-->CF,NL-->CF,NL-->CF,NL-->CF,NL-->CF,NL-->CF,NL-->CF,NL-->CF,NL-->CF,NL-->CF,NL-->CF
TD,TCD,Chad,N'Djamena,Africa,Middle Africa,,TD-->NL,TD-->NL,TD-->NL,TD-->NL,TD-->NL,TD-->NL,TD-->NL,TD-->NL,TD-->NL,TD-->NL,TD-->NL,TD-->NL,TD-->NL,TD-->NL,TD-->NL,TD-->NL,TD-->NL,TD-->NL,TD-->NL,,,,,,,,,,,,,,,,,NL-->TD,NL-->TD,NL-->TD,NL-->TD,NL-->TD,NL-->TD,NL-->TD,NL-->TD,NL-->TD,NL-->TD,NL-->TD,NL-->TD,NL-->TD,NL-->TD,NL-->TD,NL-->TD,NL-->TD,NL-->TD,NL-->TD
CL,CHL,Chile,Santiago,Americas,South America,,CL-->NL,CL-->NL,CL-->NL,CL-->NL,CL-->NL,CL-->NL,CL-->NL,CL-->NL,CL-->NL,CL-->NL,CL-->NL,CL-->NL,CL-->NL,CL-->NL,CL-->NL,CL-->NL,CL-->NL,CL-->NL,CL-->NL,,,,,,,,,,,,,,,,,NL-->CL,NL-->CL,NL-->CL,NL-->CL,NL-->CL,NL-->CL,NL-->CL,NL-->CL,NL-->CL,NL-->CL,NL-->CL,NL-->CL,NL-->CL,NL-->CL,NL-->CL,NL-->CL,NL-->CL,NL-->CL,NL-->CL
CN,CHN,China,Beijing,Asia,Eastern Asia,,CN-->NL,CN-->NL,CN-->NL,CN-->NL,CN-->NL,CN-->NL,CN-->NL,CN-->NL,CN-->NL,CN-->NL,CN-->NL,CN-->NL,CN-->NL,CN-->NL,CN-->NL,CN-->NL,CN-->NL,CN-->NL,CN-->NL,,,,,,,,,,,,,,,,,NL-->CN,NL-->CN,NL-->CN,NL-->CN,NL-->CN,NL-->CN,NL-->CN,NL-->CN,NL-->CN,NL-->CN,NL-->CN,NL-->CN,NL-->CN,NL-->CN,NL-->CN,NL-->CN,NL-->CN,NL-->CN,NL-->CN
CX,CXR,Christmas Island,Flying Fish Cove,Oceania,Australia and New Zealand,,CX-->NL,CX-->NL,CX-->NL,CX-->NL,CX-->NL,CX-->NL,CX-->NL,CX-->NL,CX-->NL,CX-->NL,CX-->NL,CX-->NL,CX-->NL,CX-->NL,CX-->NL,CX-->NL,CX-->NL,CX-->NL,CX-->NL,,,,,,,,,,,,,,,,,NL-->CX,NL-->CX,NL-->CX,NL-->CX,NL-->CX,NL-->CX,NL-->CX,NL-->CX,NL-->CX,NL-->CX,NL-->CX,NL-->CX,NL-->CX,NL-->CX,NL-->CX,NL-->CX,NL-->CX,NL-->CX,NL-->CX
CC,CCK,Cocos (Keeling) Islands,West Island,Oceania,Australia and New Zealand,,CC-->NL,CC-->NL,CC-->NL,CC-->NL,CC-->NL,CC-->NL,CC-->NL,CC-->NL,CC-->NL,CC-->NL,CC-->NL,CC-->NL,CC-->NL,CC-->NL,CC-->NL,CC-->NL,CC-->NL,CC-->NL,CC-->NL,,,,,,,,,,,,,,,,,NL-->CC,NL-->CC,NL-->CC,NL-->CC,NL-->CC,NL-->CC,NL-->CC,NL-->CC,NL-->CC,NL-->CC,NL-->CC,NL-->CC,NL-->CC,NL-->CC,NL-->CC,NL-->CC,NL-->CC,NL-->CC,NL-->CC
CO,COL,Colombia,Bogotá,Americas,South America,,CO-->NL,CO-->NL,CO-->NL,CO-->NL,CO-->NL,CO-->NL,CO-->NL,CO-->NL,CO-->NL,CO-->NL,CO-->NL,CO-->NL,CO-->NL,CO-->NL,CO-->NL,CO-->NL,CO-->NL,CO-->NL,CO-->NL,,,,,,,,,,,,,,,,,NL-->CO,NL-->CO,NL-->CO,NL-->CO,NL-->CO,NL-->CO,NL-->CO,NL-->CO,NL-->CO,NL-->CO,NL-->CO,NL-->CO,NL-->CO,NL-->CO,NL-->CO,NL-->CO,NL-->CO,NL-->CO,NL-->CO
KM,COM,Comoros,Moroni,Africa,Eastern Africa,,KM-->NL,KM-->NL,KM-->NL,KM-->NL,KM-->NL,KM-->NL,KM-->NL,KM-->NL,KM-->NL,KM-->NL,KM-->NL,KM-->NL,KM-->NL,KM-->NL,KM-->NL,KM-->NL,KM-->NL,KM-->NL,KM-->NL,,,,,,,,,,,,,,,,,NL-->KM,NL-->KM,NL-->KM,NL-->KM,NL-->KM,NL-->KM,NL-->KM,NL-->KM,NL-->KM,NL-->KM,NL-->KM,NL-->KM,NL-->KM,NL-->KM,NL-->KM,NL-->KM,NL-->KM,NL-->KM,NL-->KM
CG,COG,Republic of the Congo,Brazzaville,Africa,Middle Africa,,CG-->NL,CG-->NL,CG-->NL,CG-->NL,CG-->NL,CG-->NL,CG-->NL,CG-->NL,CG-->NL,CG-->NL,CG-->NL,CG-->NL,CG-->NL,CG-->NL,CG-->NL,CG-->NL,CG-->NL,CG-->NL,CG-->NL,,,,,,,,,,,,,,,,,NL-->CG,NL-->CG,NL-->CG,NL-->CG,NL-->CG,NL-->CG,NL-->CG,NL-->CG,NL-->CG,NL-->CG,NL-->CG,NL-->CG,NL-->CG,NL-->CG,NL-->CG,NL-->CG,NL-->CG,NL-->CG,NL-->CG
CD,COD,Democratic Republic of the Congo,Kinshasa,Africa,Middle Africa,,CD-->NL,CD-->NL,CD-->NL,CD-->NL,CD-->NL,CD-->NL,CD-->NL,CD-->NL,CD-->NL,CD-->NL,CD-->NL,CD-->NL,CD-->NL,CD-->NL,CD-->NL,CD-->NL,CD-->NL,CD-->NL,CD-->NL,,,,,,,,,,,,,,,,,NL-->CD,NL-->CD,NL-->CD,NL-->CD,NL-->CD,NL-->CD,NL-->CD,NL-->CD,NL-->CD,NL-->CD,NL-->CD,NL-->CD,NL-->CD,NL-->CD,NL-->CD,NL-->CD,NL-->CD,NL-->CD,NL-->CD
CK,COK,Cook Islands,Avarua,Oceania,Polynesia,,CK-->NL,CK-->NL,CK-->NL,CK-->NL,CK-->NL,CK-->NL,CK-->NL,CK-->NL,CK-->NL,CK-->NL,CK-->NL,CK-->NL,CK-->NL,CK-->NL,CK-->NL,CK-->NL,CK-->NL,CK-->NL,CK-->NL,,,,,,,,,,,,,,,,,NL-->CK,NL-->CK,NL-->CK,NL-->CK,NL-->CK,NL-->CK,NL-->CK,NL-->CK,NL-->CK,NL-->CK,NL-->CK,NL-->CK,NL-->CK,NL-->CK,NL-->CK,NL-->CK,NL-->CK,NL-->CK,NL-->CK
CR,CRI,Costa Rica,San José,Americas,Central America,,CR-->NL,CR-->NL,CR-->NL,CR-->NL,CR-->NL,CR-->NL,CR-->NL,CR-->NL,CR-->NL,CR-->NL,CR-->NL,CR-->NL,CR-->NL,CR-->NL,CR-->NL,CR-->NL,CR-->NL,CR-->NL,CR-->NL,,,,,,,,,,,,,,,,,NL-->CR,NL-->CR,NL-->CR,NL-->CR,NL-->CR,NL-->CR,NL-->CR,NL-->CR,NL-->CR,NL-->CR,NL-->CR,NL-->CR,NL-->CR,NL-->CR,NL-->CR,NL-->CR,NL-->CR,NL-->CR,NL-->CR
HR,HRV,Croatia,Zagreb,Europe,Southern Europe,,HR-->NL,HR-->NL,HR-->NL,HR-->NL,HR-->NL,HR-->NL,HR-->NL,HR-->NL,HR-->NL,HR-->NL,HR-->NL,HR-->NL,HR-->NL,HR-->NL,HR-->NL,HR-->NL,HR-->NL,HR-->NL,HR-->NL,,,,,,,,,,,,,,,,,NL-->HR,NL-->HR,NL-->HR,NL-->HR,NL-->HR,NL-->HR,NL-->HR,NL-->HR,NL-->HR,NL-->HR,NL-->HR,NL-->HR,NL-->HR,NL-->HR,NL-->HR,NL-->HR,NL-->HR,NL-->HR,NL-->HR
CU,CUB,Cuba,Havana,Americas,Caribbean,,CU-->NL,CU-->NL,CU-->NL,CU-->NL,CU-->NL,CU-->NL,CU-->NL,CU-->NL,CU-->NL,CU-->NL,CU-->NL,CU-->NL,CU-->NL,CU-->NL,CU-->NL,CU-->NL,CU-->NL,CU-->NL,CU-->NL,,,,,,,,,,,,,,,,,NL-->CU,NL-->CU,NL-->CU,NL-->CU,NL-->CU,NL-->CU,NL-->CU,NL-->CU,NL-->CU,NL-->CU,NL-->CU,NL-->CU,NL-->CU,NL-->CU,NL-->CU,NL-->CU,NL-->CU,NL-->CU,NL-->CU
CW,CUW,Curaçao,Willemstad,Americas,Caribbean,,CW-->NL,CW-->NL,CW-->NL,CW-->NL,CW-->NL,CW-->NL,CW-->NL,CW-->NL,CW-->NL,CW-->NL,CW-->NL,CW-->NL,CW-->NL,CW-->NL,CW-->NL,CW-->NL,CW-->NL,CW-->NL,CW-->NL,,,,,,,,,,,,,,,,,NL-->CW,NL-->CW,NL-->CW,NL-->CW,NL-->CW,NL-->CW,NL-->CW,NL-->CW,NL-->CW,NL-->CW,NL-->CW,NL-->CW,NL-->CW,NL-->CW,NL-->CW,NL-->CW,NL-->CW,NL-->CW,NL-->CW
CY,CYP,Cyprus,Nicosia,Europe,Southern Europe,,CY-->NL,CY-->NL,CY-->NL,CY-->NL,CY-->NL,CY-->NL,CY-->NL,CY-->NL,CY-->NL,CY-->NL,CY-->NL,CY-->NL,CY-->NL,CY-->NL,CY-->NL,CY-->NL,CY-->NL,CY-->NL,CY-->NL,,,,,,,,,,,,,,,,,NL-->CY,NL-->CY,NL-->CY,NL-->CY,NL-->CY,NL-->CY,NL-->CY,NL-->CY,NL-->CY,NL-->CY,NL-->CY,NL-->CY,NL-->CY,NL-->CY,NL-->CY,NL-->CY,NL-->CY,NL-->CY,NL-->CY
CZ,CZE,Czech Republic,Prague,Europe,Eastern Europe,,CZ-->NL,CZ-->NL,CZ-->NL,CZ-->NL,CZ-->NL,CZ-->NL,CZ-->NL,CZ-->NL,CZ-->NL,CZ-->NL,CZ-->NL,CZ-->NL,CZ-->NL,CZ-->NL,CZ-->NL,CZ-->NL,CZ-->NL,CZ-->NL,CZ-->NL,,,,,,,,,,,,,,,,,NL-->CZ,NL-->CZ,NL-->CZ,NL-->CZ,NL-->CZ,NL-->CZ,NL-->CZ,NL-->CZ,NL-->CZ,NL-->CZ,NL-->CZ,NL-->CZ,NL-->CZ,NL-->CZ,NL-->CZ,NL-->CZ,NL-->CZ,NL-->CZ,NL-->CZ
DK,DNK,Denmark,Copenhagen,Europe,Northern Europe,,DK-->NL,DK-->NL,DK-->NL,DK-->NL,DK-->NL,DK-->NL,DK-->NL,DK-->NL,DK-->NL,DK-->NL,DK-->NL,DK-->NL,DK-->NL,DK-->NL,DK-->NL,DK-->NL,DK-->NL,DK-->NL,DK-->NL,,,,,,,,,,,,,,,,,NL-->DK,NL-->DK,NL-->DK,NL-->DK,NL-->DK,NL-->DK,NL-->DK,NL-->DK,NL-->DK,NL-->DK,NL-->DK,NL-->DK,NL-->DK,NL-->DK,NL-->DK,NL-->DK,NL-->DK,NL-->DK,NL-->DK
DJ,DJI,Djibouti,Djibouti,Africa,Eastern Africa,,DJ-->NL,DJ-->NL,DJ-->NL,DJ-->NL,DJ-->NL,DJ-->NL,DJ-->NL,DJ-->NL,DJ-->NL,DJ-->NL,DJ-->NL,DJ-->NL,DJ-->NL,DJ-->NL,DJ-->NL,DJ-->NL,DJ-->NL,DJ-->NL,DJ-->NL,,,,,,,,,,,,,,,,,NL-->DJ,NL-->DJ,NL-->DJ,NL-->DJ,NL-->DJ,NL-->DJ,NL-->DJ,NL-->DJ,NL-->DJ,NL-->DJ,NL-->DJ,NL-->DJ,NL-->DJ,NL-->DJ,NL-->DJ,NL-->DJ,NL-->DJ,NL-->DJ,NL-->DJ
DM,DMA,Dominica,Roseau,Americas,Caribbean,,DM-->NL,DM-->NL,DM-->NL,DM-->NL,DM-->NL,DM-->NL,DM-->NL,DM-->NL,DM-->NL,DM-->NL,DM-->NL,DM-->NL,DM-->NL,DM-->NL,DM-->NL,DM-->NL,DM-->NL,DM-->NL,DM-->NL,,,,,,,,,,,,,,,,,NL-->DM,NL-->DM,NL-->DM,NL-->DM,NL-->DM,NL-->DM,NL-->DM,NL-->DM,NL-->DM,NL-->DM,NL-->DM,NL-->DM,NL-->DM,NL-->DM,NL-->DM,NL-->DM,NL-->DM,NL-->DM,NL-->DM
DO,DOM,Dominican Republic,Santo Domingo,Americas,Caribbean,,DO-->NL,DO-->NL,DO-->NL,DO-->NL,DO-->NL,DO-->NL,DO-->NL,DO-->NL,DO-->NL,DO-->NL,DO-->NL,DO-->NL,DO-->NL,DO-->NL,DO-->NL,DO-->NL,DO-->NL,DO-->NL,DO-->NL,,,,,,,,,,,,,,,,,NL-->DO,NL-->DO,NL-->DO,NL-->DO,NL-->DO,NL-->DO,NL-->DO,NL-->DO,NL-->DO,NL-->DO,NL-->DO,NL-->DO,NL-->DO,NL-->DO,NL-->DO,NL-->DO,NL-->DO,NL-->DO,NL-->DO
EC,ECU,Ecuador,Quito,Americas,South America,,EC-->NL,EC-->NL,EC-->NL,EC-->NL,EC-->NL,EC-->NL,EC-->NL,EC-->NL,EC-->NL,EC-->NL,EC-->NL,EC-->NL,EC-->NL,EC-->NL,EC-->NL,EC-->NL,EC-->NL,EC-->NL,EC-->NL,,,,,,,,,,,,,,,,,NL-->EC,NL-->EC,NL-->EC,NL-->EC,NL-->EC,NL-->EC,NL-->EC,NL-->EC,NL-->EC,NL-->EC,NL-->EC,NL-->EC,NL-->EC,NL-->EC,NL-->EC,NL-->EC,NL-->EC,NL-->EC,NL-->EC
EG,EGY,Egypt,Cairo,Africa,Northern Africa,,EG-->NL,EG-->NL,EG-->NL,EG-->NL,EG-->NL,EG-->NL,EG-->NL,EG-->NL,EG-->NL,EG-->NL,EG-->NL,EG-->NL,EG-->NL,EG-->NL,EG-->NL,EG-->NL,EG-->NL,EG-->NL,EG-->NL,,,,,,,,,,,,,,,,,NL-->EG,NL-->EG,NL-->EG,NL-->EG,NL-->EG,NL-->EG,NL-->EG,NL-->EG,NL-->EG,NL-->EG,NL-->EG,NL-->EG,NL-->EG,NL-->EG,NL-->EG,NL-->EG,NL-->EG,NL-->EG,NL-->EG
SV,SLV,El Salvador,San Salvador,Americas,Central America,,SV-->NL,SV-->NL,SV-->NL,SV-->NL,SV-->NL,SV-->NL,SV-->NL,SV-->NL,SV-->NL,SV-->NL,SV-->NL,SV-->NL,SV-->NL,SV-->NL,SV-->NL,SV-->NL,SV-->NL,SV-->NL,SV-->NL,,,,,,,,,,,,,,,,,NL-->SV,NL-->SV,NL-->SV,NL-->SV,NL-->SV,NL-->SV,NL-->SV,NL-->SV,NL-->SV,NL-->SV,NL-->SV,NL-->SV,NL-->SV,NL-->SV,NL-->SV,NL-->SV,NL-->SV,NL-->SV,NL-->SV
GQ,GNQ,Equatorial Guinea,Malabo,Africa,Middle Africa,,GQ-->NL,GQ-->NL,GQ-->NL,GQ-->NL,GQ-->NL,GQ-->NL,GQ-->NL,GQ-->NL,GQ-->NL,GQ-->NL,GQ-->NL,GQ-->NL,GQ-->NL,GQ-->NL,GQ-->NL,GQ-->NL,GQ-->NL,GQ-->NL,GQ-->NL,,,,,,,,,,,,,,,,,NL-->GQ,NL-->GQ,NL-->GQ,NL-->GQ,NL-->GQ,NL-->GQ,NL-->GQ,NL-->GQ,NL-->GQ,NL-->GQ,NL-->GQ,NL-->GQ,NL-->GQ,NL-->GQ,NL-->GQ,NL-->GQ,NL-->GQ,NL-->GQ,NL-->GQ
ER,ERI,Eritrea,Asmara,Africa,Eastern Africa,,ER-->NL,ER-->NL,ER-->NL,ER-->NL,ER-->NL,ER-->NL,ER-->NL,ER-->NL,ER-->NL,ER-->NL,ER-->NL,ER-->NL,ER-->NL,ER-->NL,ER-->NL,ER-->NL,ER-->NL,ER-->NL,ER-->NL,,,,,,,,,,,,,,,,,NL-->ER,NL-->ER,NL-->ER,NL-->ER,NL-->ER,NL-->ER,NL-->ER,NL-->ER,NL-->ER,NL-->ER,NL-->ER,NL-->ER,NL-->ER,NL-->ER,NL-->ER,NL-->ER,NL-->ER,NL-->ER,NL-->ER
EE,EST,Estonia,Tallinn,Europe,Northern Europe,,EE-->NL,EE-->NL,EE-->NL,EE-->NL,EE-->NL,EE-->NL,EE-->NL,EE-->NL,EE-->NL,EE-->NL,EE-->NL,EE-->NL,EE-->NL,EE-->NL,EE-->NL,EE-->NL,EE-->NL,EE-->NL,EE-->NL,,,,,,,,,,,,,,,,,NL-->EE,NL-->EE,NL-->EE,NL-->EE,NL-->EE,NL-->EE,NL-->EE,NL-->EE,NL-->EE,NL-->EE,NL-->EE,NL-->EE,NL-->EE,NL-->EE,NL-->EE,NL-->EE,NL-->EE,NL-->EE,NL-->EE
ET,ETH,Ethiopia,Addis Ababa,Africa,Eastern Africa,,ET-->NL,ET-->NL,ET-->NL,ET-->NL,ET-->NL,ET-->NL,ET-->NL,ET-->NL,ET-->NL,ET-->NL,ET-->NL,ET-->NL,ET-->NL,ET-->NL,ET-->NL,ET-->NL,ET-->NL,ET-->NL,ET-->NL,,,,,,,,,,,,,,,,,NL-->ET,NL-->ET,NL-->ET,NL-->ET,NL-->ET,NL-->ET,NL-->ET,NL-->ET,NL-->ET,NL-->ET,NL-->ET,NL-->ET,NL-->ET,NL-->ET,NL-->ET,NL-->ET,NL-->ET,NL-->ET,NL-->ET
FK,FLK,Falkland Islands,Stanley,Americas,South America,,FK-->NL,FK-->NL,FK-->NL,FK-->NL,FK-->NL,FK-->NL,FK-->NL,FK-->NL,FK-->NL,FK-->NL,FK-->NL,FK-->NL,FK-->NL,FK-->NL,FK-->NL,FK-->NL,FK-->NL,FK-->NL,FK-->NL,,,,,,,,,,,,,,,,,NL-->FK,NL-->FK,NL-->FK,NL-->FK,NL-->FK,NL-->FK,NL-->FK,NL-->FK,NL-->FK,NL-->FK,NL-->FK,NL-->FK,NL-->FK,NL-->FK,NL-->FK,NL-->FK,NL-->FK,NL-->FK,NL-->FK
FO,FRO,Faroe Islands,Tórshavn,Europe,Northern Europe,,FO-->NL,FO-->NL,FO-->NL,FO-->NL,FO-->NL,FO-->NL,FO-->NL,FO-->NL,FO-->NL,FO-->NL,FO-->NL,FO-->NL,FO-->NL,FO-->NL,FO-->NL,FO-->NL,FO-->NL,FO-->NL,FO-->NL,,,,,,,,,,,,,,,,,NL-->FO,NL-->FO,NL-->FO,NL-->FO,NL-->FO,NL-->FO,NL-->FO,NL-->FO,NL-->FO,NL-->FO,NL-->FO,NL-->FO,NL-->FO,NL-->FO,NL-->FO,NL-->FO,NL-->FO,NL-->FO,NL-->FO
FJ,FJI,Fiji,Suva,Oceania,Melanesia,,FJ-->NL,FJ-->NL,FJ-->NL,FJ-->NL,FJ-->NL,FJ-->NL,FJ-->NL,FJ-->NL,FJ-->NL,FJ-->NL,FJ-->NL,FJ-->NL,FJ-->NL,FJ-->NL,FJ-->NL,FJ-->NL,FJ-->NL,FJ-->NL,FJ-->NL,,,,,,,,,,,,,,,,,NL-->FJ,NL-->FJ,NL-->FJ,NL-->FJ,NL-->FJ,NL-->FJ,NL-->FJ,NL-->FJ,NL-->FJ,NL-->FJ,NL-->FJ,NL-->FJ,NL-->FJ,NL-->FJ,NL-->FJ,NL-->FJ,NL-->FJ,NL-->FJ,NL-->FJ
FI,FIN,Finland,Helsinki,Europe,Northern Europe,,FI-->NL,FI-->NL,FI-->NL,FI-->NL,FI-->NL,FI-->NL,FI-->NL,FI-->NL,FI-->NL,FI-->NL,FI-->NL,FI-->NL,FI-->NL,FI-->NL,FI-->NL,FI-->NL,FI-->NL,FI-->NL,FI-->NL,,,,,,,,,,,,,,,,,NL-->FI,NL-->FI,NL-->FI,NL-->FI,NL-->FI,NL-->FI,NL-->FI,NL-->FI,NL-->FI,NL-->FI,NL-->FI,NL-->FI,NL-->FI,NL-->FI,NL-->FI,NL-->FI,NL-->FI,NL-->FI,NL-->FI
FR,FRA,France,Paris,Europe,Western Europe,,FR-->NL,FR-->NL,FR-->NL,FR-->NL,FR-->NL,FR-->NL,FR-->NL,FR-->NL,FR-->NL,FR-->NL,FR-->NL,FR-->NL,FR-->NL,FR-->NL,FR-->NL,FR-->NL,FR-->NL,FR-->NL,FR-->NL,,,,,,,,,,,,,,,,,NL-->FR,NL-->FR,NL-->FR,NL-->FR,NL-->FR,NL-->FR,NL-->FR,NL-->FR,NL-->FR,NL-->FR,NL-->FR,NL-->FR,NL-->FR,NL-->FR,NL-->FR,NL-->FR,NL-->FR,NL-->FR,NL-->FR
GF,GUF,French Guiana,Cayenne,Americas,South America,,GF-->NL,GF-->NL,GF-->NL,GF-->NL,GF-->NL,GF-->NL,GF-->NL,GF-->NL,GF-->NL,GF-->NL,GF-->NL,GF-->NL,GF-->NL,GF-->NL,GF-->NL,GF-->NL,GF-->NL,GF-->NL,GF-->NL,,,,,,,,,,,,,,,,,NL-->GF,NL-->GF,NL-->GF,NL-->GF,NL-->GF,NL-->GF,NL-->GF,NL-->GF,NL-->GF,NL-->GF,NL-->GF,NL-->GF,NL-->GF,NL-->GF,NL-->GF,NL-->GF,NL-->GF,NL-->GF,NL-->GF
PF,PYF,French Polynesia,Papeetē,Oceania,Polynesia,,PF-->NL,PF-->NL,PF-->NL,PF-->NL,PF-->NL,PF-->NL,PF-->NL,PF-->NL,PF-->NL,PF-->NL,PF-->NL,PF-->NL,PF-->NL,PF-->NL,PF-->NL,PF-->NL,PF-->NL,PF-->NL,PF-->NL,,,,,,,,,,,,,,,,,NL-->PF,NL-->PF,NL-->PF,NL-->PF,NL-->PF,NL-->PF,NL-->PF,NL-->PF,NL-->PF,NL-->PF,NL-->PF,NL-->PF,NL-->PF,NL-->PF,NL-->PF,NL-->PF,NL-->PF,NL-->PF,NL-->PF
TF,ATF,French Southern and Antarctic Lands,Port-aux-Français,Africa,Southern Africa,,TF-->NL,TF-->NL,TF-->NL,TF-->NL,TF-->NL,TF-->NL,TF-->NL,TF-->NL,TF-->NL,TF-->NL,TF-->NL,TF-->NL,TF-->NL,TF-->NL,TF-->NL,TF-->NL,TF-->NL,TF-->NL,TF-->NL,,,,,,,,,,,,,,,,,NL-->TF,NL-->TF,NL-->TF,NL-->TF,NL-->TF,NL-->TF,NL-->TF,NL-->TF,NL-->TF,NL-->TF,NL-->TF,NL-->TF,NL-->TF,NL-->TF,NL-->TF,NL-->TF,NL-->TF,NL-->TF,NL-->TF
GA,GAB,Gabon,Libreville,Africa,Middle Africa,,GA-->NL,GA-->NL,GA-->NL,GA-->NL,GA-->NL,GA-->NL,GA-->NL,GA-->NL,GA-->NL,GA-->NL,GA-->NL,GA-->NL,GA-->NL,GA-->NL,GA-->NL,GA-->NL,GA-->NL,GA-->NL,GA-->NL,,,,,,,,,,,,,,,,,NL-->GA,NL-->GA,NL-->GA,NL-->GA,NL-->GA,NL-->GA,NL-->GA,NL-->GA,NL-->GA,NL-->GA,NL-->GA,NL-->GA,NL-->GA,NL-->GA,NL-->GA,NL-->GA,NL-->GA,NL-->GA,NL-->GA
GM,GMB,The Gambia,Banjul,Africa,Western Africa,,GM-->NL,GM-->NL,GM-->NL,GM-->NL,GM-->NL,GM-->NL,GM-->NL,GM-->NL,GM-->NL,GM-->NL,GM-->NL,GM-->NL,GM-->NL,GM-->NL,GM-->NL,GM-->NL,GM-->NL,GM-->NL,GM-->NL,,,,,,,,,,,,,,,,,NL-->GM,NL-->GM,NL-->GM,NL-->GM,NL-->GM,NL-->GM,NL-->GM,NL-->GM,NL-->GM,NL-->GM,NL-->GM,NL-->GM,NL-->GM,NL-->GM,NL-->GM,NL-->GM,NL-->GM,NL-->GM,NL-->GM
GE,GEO,Georgia,Tbilisi,Asia,Western Asia,,GE-->NL,GE-->NL,GE-->NL,GE-->NL,GE-->NL,GE-->NL,GE-->NL,GE-->NL,GE-->NL,GE-->NL,GE-->NL,GE-->NL,GE-->NL,GE-->NL,GE-->NL,GE-->NL,GE-->NL,GE-->NL,GE-->NL,,,,,,,,,,,,,,,,,NL-->GE,NL-->GE,NL-->GE,NL-->GE,NL-->GE,NL-->GE,NL-->GE,NL-->GE,NL-->GE,NL-->GE,NL-->GE,NL-->GE,NL-->GE,NL-->GE,NL-->GE,NL-->GE,NL-->GE,NL-->GE,NL-->GE
DE,DEU,Germany,Berlin,Europe,Western Europe,,DE-->NL,DE-->NL,DE-->NL,DE-->NL,DE-->NL,DE-->NL,DE-->NL,DE-->NL,DE-->NL,DE-->NL,DE-->NL,DE-->NL,DE-->NL,DE-->NL,DE-->NL,DE-->NL,DE-->NL,DE-->NL,DE-->NL,,,,,,,,,,,,,,,,,NL-->DE,NL-->DE,NL-->DE,NL-->DE,NL-->DE,NL-->DE,NL-->DE,NL-->DE,NL-->DE,NL-->DE,NL-->DE,NL-->DE,NL-->DE,NL-->DE,NL-->DE,NL-->DE,NL-->DE,NL-->DE,NL-->DE
GH,GHA,Ghana,Accra,Africa,Western Africa,,GH-->NL,GH-->NL,GH-->NL,GH-->NL,GH-->NL,GH-->NL,GH-->NL,GH-->NL,GH-->NL,GH-->NL,GH-->NL,GH-->NL,GH-->NL,GH-->NL,GH-->NL,GH-->NL,GH-->NL,GH-->NL,GH-->NL,,,,,,,,,,,,,,,,,NL-->GH,NL-->GH,NL-->GH,NL-->GH,NL-->GH,NL-->GH,NL-->GH,NL-->GH,NL-->GH,NL-->GH,NL-->GH,NL-->GH,NL-->GH,NL-->GH,NL-->GH,NL-->GH,NL-->GH,NL-->GH,NL-->GH
GI,GIB,Gibraltar,Gibraltar,Europe,Southern Europe,,GI-->NL,GI-->NL,GI-->NL,GI-->NL,GI-->NL,GI-->NL,GI-->NL,GI-->NL,GI-->NL,GI-->NL,GI-->NL,GI-->NL,GI-->NL,GI-->NL,GI-->NL,GI-->NL,GI-->NL,GI-->NL,GI-->NL,,,,,,,,,,,,,,,,,NL-->GI,NL-->GI,NL-->GI,NL-->GI,NL-->GI,NL-->GI,NL-->GI,NL-->GI,NL-->GI,NL-->GI,NL-->GI,NL-->GI,NL-->GI,NL-->GI,NL-->GI,NL-->GI,NL-->GI,NL-->GI,NL-->GI
GR,GRC,Greece,Athens,Europe,Southern Europe,,GR-->NL,GR-->NL,GR-->NL,GR-->NL,GR-->NL,GR-->NL,GR-->NL,GR-->NL,GR-->NL,GR-->NL,GR-->NL,GR-->NL,GR-->NL,GR-->NL,GR-->NL,GR-->NL,GR-->NL,GR-->NL,GR-->NL,,,,,,,,,,,,,,,,,NL-->GR,NL-->GR,NL-->GR,NL-->GR,NL-->GR,NL-->GR,NL-->GR,NL-->GR,NL-->GR,NL-->GR,NL-->GR,NL-->GR,NL-->GR,NL-->GR,NL-->GR,NL-->GR,NL-->GR,NL-->GR,NL-->GR
GL,GRL,Greenland,Nuuk,Americas,Northern America,,GL-->NL,GL-->NL,GL-->NL,GL-->NL,GL-->NL,GL-->NL,GL-->NL,GL-->NL,GL-->NL,GL-->NL,GL-->NL,GL-->NL,GL-->NL,GL-->NL,GL-->NL,GL-->NL,GL-->NL,GL-->NL,GL-->NL,,,,,,,,,,,,,,,,,NL-->GL,NL-->GL,NL-->GL,NL-->GL,NL-->GL,NL-->GL,NL-->GL,NL-->GL,NL-->GL,NL-->GL,NL-->GL,NL-->GL,NL-->GL,NL-->GL,NL-->GL,NL-->GL,NL-->GL,NL-->GL,NL-->GL
GD,GRD,Grenada,St. George's,Americas,Caribbean,,GD-->NL,GD-->NL,GD-->NL,GD-->NL,GD-->NL,GD-->NL,GD-->NL,GD-->NL,GD-->NL,GD-->NL,GD-->NL,GD-->NL,GD-->NL,GD-->NL,GD-->NL,GD-->NL,GD-->NL,GD-->NL,GD-->NL,,,,,,,,,,,,,,,,,NL-->GD,NL-->GD,NL-->GD,NL-->GD,NL-->GD,NL-->GD,NL-->GD,NL-->GD,NL-->GD,NL-->GD,NL-->GD,NL-->GD,NL-->GD,NL-->GD,NL-->GD,NL-->GD,NL-->GD,NL-->GD,NL-->GD
GP,GLP,Guadeloupe,Basse-Terre,Americas,Caribbean,,GP-->NL,GP-->NL,GP-->NL,GP-->NL,GP-->NL,GP-->NL,GP-->NL,GP-->NL,GP-->NL,GP-->NL,GP-->NL,GP-->NL,GP-->NL,GP-->NL,GP-->NL,GP-->NL,GP-->NL,GP-->NL,GP-->NL,,,,,,,,,,,,,,,,,NL-->GP,NL-->GP,NL-->GP,NL-->GP,NL-->GP,NL-->GP,NL-->GP,NL-->GP,NL-->GP,NL-->GP,NL-->GP,NL-->GP,NL-->GP,NL-->GP,NL-->GP,NL-->GP,NL-->GP,NL-->GP,NL-->GP
GU,GUM,Guam,Hagåtña,Oceania,Micronesia,,GU-->NL,GU-->NL,GU-->NL,GU-->NL,GU-->NL,GU-->NL,GU-->NL,GU-->NL,GU-->NL,GU-->NL,GU-->NL,GU-->NL,GU-->NL,GU-->NL,GU-->NL,GU-->NL,GU-->NL,GU-->NL,GU-->NL,,,,,,,,,,,,,,,,,NL-->GU,NL-->GU,NL-->GU,NL-->GU,NL-->GU,NL-->GU,NL-->GU,NL-->GU,NL-->GU,NL-->GU,NL-->GU,NL-->GU,NL-->GU,NL-->GU,NL-->GU,NL-->GU,NL-->GU,NL-->GU,NL-->GU
GT,GTM,Guatemala,Guatemala City,Americas,Central America,,GT-->NL,GT-->NL,GT-->NL,GT-->NL,GT-->NL,GT-->NL,GT-->NL,GT-->NL,GT-->NL,GT-->NL,GT-->NL,GT-->NL,GT-->NL,GT-->NL,GT-->NL,GT-->NL,GT-->NL,GT-->NL,GT-->NL,,,,,,,,,,,,,,,,,NL-->GT,NL-->GT,NL-->GT,NL-->GT,NL-->GT,NL-->GT,NL-->GT,NL-->GT,NL-->GT,NL-->GT,NL-->GT,NL-->GT,NL-->GT,NL-->GT,NL-->GT,NL-->GT,NL-->GT,NL-->GT,NL-->GT
GG,GGY,Guernsey,St. Peter Port,Europe,Northern Europe,,GG-->NL,GG-->NL,GG-->NL,GG-->NL,GG-->NL,GG-->NL,GG-->NL,GG-->NL,GG-->NL,GG-->NL,GG-->NL,GG-->NL,GG-->NL,GG-->NL,GG-->NL,GG-->NL,GG-->NL,GG-->NL,GG-->NL,,,,,,,,,,,,,,,,,NL-->GG,NL-->GG,NL-->GG,NL-->GG,NL-->GG,NL-->GG,NL-->GG,NL-->GG,NL-->GG,NL-->GG,NL-->GG,NL-->GG,NL-->GG,NL-->GG,NL-->GG,NL-->GG,NL-->GG,NL-->GG,NL-->GG
GN,GIN,Guinea,Conakry,Africa,Western Africa,,GN-->NL,GN-->NL,GN-->NL,GN-->NL,GN-->NL,GN-->NL,GN-->NL,GN-->NL,GN-->NL,GN-->NL,GN-->NL,GN-->NL,GN-->NL,GN-->NL,GN-->NL,GN-->NL,GN-->NL,GN-->NL,GN-->NL,,,,,,,,,,,,,,,,,NL-->GN,NL-->GN,NL-->GN,NL-->GN,NL-->GN,NL-->GN,NL-->GN,NL-->GN,NL-->GN,NL-->GN,NL-->GN,NL-->GN,NL-->GN,NL-->GN,NL-->GN,NL-->GN,NL-->GN,NL-->GN,NL-->GN
GW,GNB,Guinea-Bissau,Bissau,Africa,Western Africa,,GW-->NL,GW-->NL,GW-->NL,GW-->NL,GW-->NL,GW-->NL,GW-->NL,GW-->NL,GW-->NL,GW-->NL,GW-->NL,GW-->NL,GW-->NL,GW-->NL,GW-->NL,GW-->NL,GW-->NL,GW-->NL,GW-->NL,,,,,,,,,,,,,,,,,NL-->GW,NL-->GW,NL-->GW,NL-->GW,NL-->GW,NL-->GW,NL-->GW,NL-->GW,NL-->GW,NL-->GW,NL-->GW,NL-->GW,NL-->GW,NL-->GW,NL-->GW,NL-->GW,NL-->GW,NL-->GW,NL-->GW
GY,GUY,Guyana,Georgetown,Americas,South America,,GY-->NL,GY-->NL,GY-->NL,GY-->NL,GY-->NL,GY-->NL,GY-->NL,GY-->NL,GY-->NL,GY-->NL,GY-->NL,GY-->NL,GY-->NL,GY-->NL,GY-->NL,GY-->NL,GY-->NL,GY-->NL,GY-->NL,,,,,,,,,,,,,,,,,NL-->GY,NL-->GY,NL-->GY,NL-->GY,NL-->GY,NL-->GY,NL-->GY,NL-->GY,NL-->GY,NL-->GY,NL-->GY,NL-->GY,NL-->GY,NL-->GY,NL-->GY,NL-->GY,NL-->GY,NL-->GY,NL-->GY
HT,HTI,Haiti,Port-au-Prince,Americas,Caribbean,,HT-->NL,HT-->NL,HT-->NL,HT-->NL,HT-->NL,HT-->NL,HT-->NL,HT-->NL,HT-->NL,HT-->NL,HT-->NL,HT-->NL,HT-->NL,HT-->NL,HT-->NL,HT-->NL,HT-->NL,HT-->NL,HT-->NL,,,,,,,,,,,,,,,,,NL-->HT,NL-->HT,NL-->HT,NL-->HT,NL-->HT,NL-->HT,NL-->HT,NL-->HT,NL-->HT,NL-->HT,NL-->HT,NL-->HT,NL-->HT,NL-->HT,NL-->HT,NL-->HT,NL-->HT,NL-->HT,NL-->HT
HM,HMD,Heard Island and McDonald Islands,,,,,HM-->NL,HM-->NL,HM-->NL,HM-->NL,HM-->NL,HM-->NL,HM-->NL,HM-->NL,HM-->NL,HM-->NL,HM-->NL,HM-->NL,HM-->NL,HM-->NL,HM-->NL,HM-->NL,HM-->NL,HM-->NL,HM-->NL,,,,,,,,,,,,,,,,,NL-->HM,NL-->HM,NL-->HM,NL-->HM,NL-->HM,NL-->HM,NL-->HM,NL-->HM,NL-->HM,NL-->HM,NL-->HM,NL-->HM,NL-->HM,NL-->HM,NL-->HM,NL-->HM,NL-->HM,NL-->HM,NL-->HM
VA,VAT,Holy See,Rome,Europe,Southern Europe,,VA-->NL,VA-->NL,VA-->NL,VA-->NL,VA-->NL,VA-->NL,VA-->NL,VA-->NL,VA-->NL,VA-->NL,VA-->NL,VA-->NL,VA-->NL,VA-->NL,VA-->NL,VA-->NL,VA-->NL,VA-->NL,VA-->NL,,,,,,,,,,,,,,,,,NL-->VA,NL-->VA,NL-->VA,NL-->VA,NL-->VA,NL-->VA,NL-->VA,NL-->VA,NL-->VA,NL-->VA,NL-->VA,NL-->VA,NL-->VA,NL-->VA,NL-->VA,NL-->VA,NL-->VA,NL-->VA,NL-->VA
HN,HND,Honduras,Tegucigalpa,Americas,Central America,,HN-->NL,HN-->NL,HN-->NL,HN-->NL,HN-->NL,HN-->NL,HN-->NL,HN-->NL,HN-->NL,HN-->NL,HN-->NL,HN-->NL,HN-->NL,HN-->NL,HN-->NL,HN-->NL,HN-->NL,HN-->NL,HN-->NL,,,,,,,,,,,,,,,,,NL-->HN,NL-->HN,NL-->HN,NL-->HN,NL-->HN,NL-->HN,NL-->HN,NL-->HN,NL-->HN,NL-->HN,NL-->HN,NL-->HN,NL-->HN,NL-->HN,NL-->HN,NL-->HN,NL-->HN,NL-->HN,NL-->HN
HK,HKG,Hong Kong,City of Victoria,Asia,Eastern Asia,,HK-->NL,HK-->NL,HK-->NL,HK-->NL,HK-->NL,HK-->NL,HK-->NL,HK-->NL,HK-->NL,HK-->NL,HK-->NL,HK-->NL,HK-->NL,HK-->NL,HK-->NL,HK-->NL,HK-->NL,HK-->NL,HK-->NL,,,,,,,,,,,,,,,,,NL-->HK,NL-->HK,NL-->HK,NL-->HK,NL-->HK,NL-->HK,NL-->HK,NL-->HK,NL-->HK,NL-->HK,NL-->HK,NL-->HK,NL-->HK,NL-->HK,NL-->HK,NL-->HK,NL-->HK,NL-->HK,NL-->HK
HU,HUN,Hungary,Budapest,Europe,Eastern Europe,,HU-->NL,HU-->NL,HU-->NL,HU-->NL,HU-->NL,HU-->NL,HU-->NL,HU-->NL,HU-->NL,HU-->NL,HU-->NL,HU-->NL,HU-->NL,HU-->NL,HU-->NL,HU-->NL,HU-->NL,HU-->NL,HU-->NL,,,,,,,,,,,,,,,,,NL-->HU,NL-->HU,NL-->HU,NL-->HU,NL-->HU,NL-->HU,NL-->HU,NL-->HU,NL-->HU,NL-->HU,NL-->HU,NL-->HU,NL-->HU,NL-->HU,NL-->HU,NL-->HU,NL-->HU,NL-->HU,NL-->HU
IS,ISL,Iceland,Reykjavík,Europe,Northern Europe,,IS-->NL,IS-->NL,IS-->NL,IS-->NL,IS-->NL,IS-->NL,IS-->NL,IS-->NL,IS-->NL,IS-->NL,IS-->NL,IS-->NL,IS-->NL,IS-->NL,IS-->NL,IS-->NL,IS-->NL,IS-->NL,IS-->NL,,,,,,,,,,,,,,,,,NL-->IS,NL-->IS,NL-->IS,NL-->IS,NL-->IS,NL-->IS,NL-->IS,NL-->IS,NL-->IS,NL-->IS,NL-->IS,NL-->IS,NL-->IS,NL-->IS,NL-->IS,NL-->IS,NL-->IS,NL-->IS,NL-->IS
IN,IND,India,New Delhi,Asia,Southern Asia,,IN-->NL,IN-->NL,IN-->NL,IN-->NL,IN-->NL,IN-->NL,IN-->NL,IN-->NL,IN-->NL,IN-->NL,IN-->NL,IN-->NL,IN-->NL,IN-->NL,IN-->NL,IN-->NL,IN-->NL,IN-->NL,IN-->NL,,,,,,,,,,,,,,,,,NL-->IN,NL-->IN,NL-->IN,NL-->IN,NL-->IN,NL-->IN,NL-->IN,NL-->IN,NL-->IN,NL-->IN,NL-->IN,NL-->IN,NL-->IN,NL-->IN,NL-->IN,NL-->IN,NL-->IN,NL-->IN,NL-->IN
ID,IDN,Indonesia,Jakarta,Asia,South-Eastern Asia,,ID-->NL,ID-->NL,ID-->NL,ID-->NL,ID-->NL,ID-->NL,ID-->NL,ID-->NL,ID-->NL,ID-->NL,ID-->NL,ID-->NL,ID-->NL,ID-->NL,ID-->NL,ID-->NL,ID-->NL,ID-->NL,ID-->NL,,,,,,,,,,,,,,,,,NL-->ID,NL-->ID,NL-->ID,NL-->ID,NL-->ID,NL-->ID,NL-->ID,NL-->ID,NL-->ID,NL-->ID,NL-->ID,NL-->ID,NL-->ID,NL-->ID,NL-->ID,NL-->ID,NL-->ID,NL-->ID,NL-->ID
CI,CIV,Ivory Coast,Yamoussoukro,Africa,Western Africa,,CI-->NL,CI-->NL,CI-->NL,CI-->NL,CI-->NL,CI-->NL,CI-->NL,CI-->NL,CI-->NL,CI-->NL,CI-->NL,CI-->NL,CI-->NL,CI-->NL,CI-->NL,CI-->NL,CI-->NL,CI-->NL,CI-->NL,,,,,,,,,,,,,,,,,NL-->CI,NL-->CI,NL-->CI,NL-->CI,NL-->CI,NL-->CI,NL-->CI,NL-->CI,NL-->CI,NL-->CI,NL-->CI,NL-->CI,NL-->CI,NL-->CI,NL-->CI,NL-->CI,NL-->CI,NL-->CI,NL-->CI
IR,IRN,Iran,Tehran,Asia,Southern Asia,,IR-->NL,IR-->NL,IR-->NL,IR-->NL,IR-->NL,IR-->NL,IR-->NL,IR-->NL,IR-->NL,IR-->NL,IR-->NL,IR-->NL,IR-->NL,IR-->NL,IR-->NL,IR-->NL,IR-->NL,IR-->NL,IR-->NL,,,,,,,,,,,,,,,,,NL-->IR,NL-->IR,NL-->IR,NL-->IR,NL-->IR,NL-->IR,NL-->IR,NL-->IR,NL-->IR,NL-->IR,NL-->IR,NL-->IR,NL-->IR,NL-->IR,NL-->IR,NL-->IR,NL-->IR,NL-->IR,NL-->IR
IQ,IRQ,Iraq,Baghdad,Asia,Western Asia,,IQ-->NL,IQ-->NL,IQ-->NL,IQ-->NL,IQ-->NL,IQ-->NL,IQ-->NL,IQ-->NL,IQ-->NL,IQ-->NL,IQ-->NL,IQ-->NL,IQ-->NL,IQ-->NL,IQ-->NL,IQ-->NL,IQ-->NL,IQ-->NL,IQ-->NL,,,,,,,,,,,,,,,,,NL-->IQ,NL-->IQ,NL-->IQ,NL-->IQ,NL-->IQ,NL-->IQ,NL-->IQ,NL-->IQ,NL-->IQ,NL-->IQ,NL-->IQ,NL-->IQ,NL-->IQ,NL-->IQ,NL-->IQ,NL-->IQ,NL-->IQ,NL-->IQ,NL-->IQ
IE,IRL,Republic of Ireland,Dublin,Europe,Northern Europe,,IE-->NL,IE-->NL,IE-->NL,IE-->NL,IE-->NL,IE-->NL,IE-->NL,IE-->NL,IE-->NL,IE-->NL,IE-->NL,IE-->NL,IE-->NL,IE-->NL,IE-->NL,IE-->NL,IE-->NL,IE-->NL,IE-->NL,,,,,,,,,,,,,,,,,NL-->IE,NL-->IE,NL-->IE,NL-->IE,NL-->IE,NL-->IE,NL-->IE,NL-->IE,NL-->IE,NL-->IE,NL-->IE,NL-->IE,NL-->IE,NL-->IE,NL-->IE,NL-->IE,NL-->IE,NL-->IE,NL-->IE
IM,IMN,Isle of Man,Douglas,Europe,Northern Europe,,IM-->NL,IM-->NL,IM-->NL,IM-->NL,IM-->NL,IM-->NL,IM-->NL,IM-->NL,IM-->NL,IM-->NL,IM-->NL,IM-->NL,IM-->NL,IM-->NL,IM-->NL,IM-->NL,IM-->NL,IM-->NL,IM-->NL,,,,,,,,,,,,,,,,,NL-->IM,NL-->IM,NL-->IM,NL-->IM,NL-->IM,NL-->IM,NL-->IM,NL-->IM,NL-->IM,NL-->IM,NL-->IM,NL-->IM,NL-->IM,NL-->IM,NL-->IM,NL-->IM,NL-->IM,NL-->IM,NL-->IM
IL,ISR,Israel,Jerusalem,Asia,Western Asia,,IL-->NL,IL-->NL,IL-->NL,IL-->NL,IL-->NL,IL-->NL,IL-->NL,IL-->NL,IL-->NL,IL-->NL,IL-->NL,IL-->NL,IL-->NL,IL-->NL,IL-->NL,IL-->NL,IL-->NL,IL-->NL,IL-->NL,,,,,,,,,,,,,,,,,NL-->IL,NL-->IL,NL-->IL,NL-->IL,NL-->IL,NL-->IL,NL-->IL,NL-->IL,NL-->IL,NL-->IL,NL-->IL,NL-->IL,NL-->IL,NL-->IL,NL-->IL,NL-->IL,NL-->IL,NL-->IL,NL-->IL
IT,ITA,Italy,Rome,Europe,Southern Europe,,IT-->NL,IT-->NL,IT-->NL,IT-->NL,IT-->NL,IT-->NL,IT-->NL,IT-->NL,IT-->NL,IT-->NL,IT-->NL,IT-->NL,IT-->NL,IT-->NL,IT-->NL,IT-->NL,IT-->NL,IT-->NL,IT-->NL,,,,,,,,,,,,,,,,,NL-->IT,NL-->IT,NL-->IT,NL-->IT,NL-->IT,NL-->IT,NL-->IT,NL-->IT,NL-->IT,NL-->IT,NL-->IT,NL-->IT,NL-->IT,NL-->IT,NL-->IT,NL-->IT,NL-->IT,NL-->IT,NL-->IT
JM,JAM,Jamaica,Kingston,Americas,Caribbean,,JM-->NL,JM-->NL,JM-->NL,JM-->NL,JM-->NL,JM-->NL,JM-->NL,JM-->NL,JM-->NL,JM-->NL,JM-->NL,JM-->NL,JM-->NL,JM-->NL,JM-->NL,JM-->NL,JM-->NL,JM-->NL,JM-->NL,,,,,,,,,,,,,,,,,NL-->JM,NL-->JM,NL-->JM,NL-->JM,NL-->JM,NL-->JM,NL-->JM,NL-->JM,NL-->JM,NL-->JM,NL-->JM,NL-->JM,NL-->JM,NL-->JM,NL-->JM,NL-->JM,NL-->JM,NL-->JM,NL-->JM
JP,JPN,Japan,Tokyo,Asia,Eastern Asia,,JP-->NL,JP-->NL,JP-->NL,JP-->NL,JP-->NL,JP-->NL,JP-->NL,JP-->NL,JP-->NL,JP-->NL,JP-->NL,JP-->NL,JP-->NL,JP-->NL,JP-->NL,JP-->NL,JP-->NL,JP-->NL,JP-->NL,,,,,,,,,,,,,,,,,NL-->JP,NL-->JP,NL-->JP,NL-->JP,NL-->JP,NL-->JP,NL-->JP,NL-->JP,NL-->JP,NL-->JP,NL-->JP,NL-->JP,NL-->JP,NL-->JP,NL-->JP,NL-->JP,NL-->JP,NL-->JP,NL-->JP
JE,JEY,Jersey,Saint Helier,Europe,Northern Europe,,JE-->NL,JE-->NL,JE-->NL,JE-->NL,JE-->NL,JE-->NL,JE-->NL,JE-->NL,JE-->NL,JE-->NL,JE-->NL,JE-->NL,JE-->NL,JE-->NL,JE-->NL,JE-->NL,JE-->NL,JE-->NL,JE-->NL,,,,,,,,,,,,,,,,,NL-->JE,NL-->JE,NL-->JE,NL-->JE,NL-->JE,NL-->JE,NL-->JE,NL-->JE,NL-->JE,NL-->JE,NL-->JE,NL-->JE,NL-->JE,NL-->JE,NL-->JE,NL-->JE,NL-->JE,NL-->JE,NL-->JE
JO,JOR,Jordan,Amman,Asia,Western Asia,,JO-->NL,JO-->NL,JO-->NL,JO-->NL,JO-->NL,JO-->NL,JO-->NL,JO-->NL,JO-->NL,JO-->NL,JO-->NL,JO-->NL,JO-->NL,JO-->NL,JO-->NL,JO-->NL,JO-->NL,JO-->NL,JO-->NL,,,,,,,,,,,,,,,,,NL-->JO,NL-->JO,NL-->JO,NL-->JO,NL-->JO,NL-->JO,NL-->JO,NL-->JO,NL-->JO,NL-->JO,NL-->JO,NL-->JO,NL-->JO,NL-->JO,NL-->JO,NL-->JO,NL-->JO,NL-->JO,NL-->JO
KZ,KAZ,Kazakhstan,Astana,Asia,Central Asia,,KZ-->NL,KZ-->NL,KZ-->NL,KZ-->NL,KZ-->NL,KZ-->NL,KZ-->NL,KZ-->NL,KZ-->NL,KZ-->NL,KZ-->NL,KZ-->NL,KZ-->NL,KZ-->NL,KZ-->NL,KZ-->NL,KZ-->NL,KZ-->NL,KZ-->NL,,,,,,,,,,,,,,,,,NL-->KZ,NL-->KZ,NL-->KZ,NL-->KZ,NL-->KZ,NL-->KZ,NL-->KZ,NL-->KZ,NL-->KZ,NL-->KZ,NL-->KZ,NL-->KZ,NL-->KZ,NL-->KZ,NL-->KZ,NL-->KZ,NL-->KZ,NL-->KZ,NL-->KZ
KE,KEN,Kenya,Nairobi,Africa,Eastern Africa,,KE-->NL,KE-->NL,KE-->NL,KE-->NL,KE-->NL,KE-->NL,KE-->NL,KE-->NL,KE-->NL,KE-->NL,KE-->NL,KE-->NL,KE-->NL,KE-->NL,KE-->NL,KE-->NL,KE-->NL,KE-->NL,KE-->NL,,,,,,,,,,,,,,,,,NL-->KE,NL-->KE,NL-->KE,NL-->KE,NL-->KE,NL-->KE,NL-->KE,NL-->KE,NL-->KE,NL-->KE,NL-->KE,NL-->KE,NL-->KE,NL-->KE,NL-->KE,NL-->KE,NL-->KE,NL-->KE,NL-->KE
KI,KIR,Kiribati,South Tarawa,Oceania,Micronesia,,KI-->NL,KI-->NL,KI-->NL,KI-->NL,KI-->NL,KI-->NL,KI-->NL,KI-->NL,KI-->NL,KI-->NL,KI-->NL,KI-->NL,KI-->NL,KI-->NL,KI-->NL,KI-->NL,KI-->NL,KI-->NL,KI-->NL,,,,,,,,,,,,,,,,,NL-->KI,NL-->KI,NL-->KI,NL-->KI,NL-->KI,NL-->KI,NL-->KI,NL-->KI,NL-->KI,NL-->KI,NL-->KI,NL-->KI,NL-->KI,NL-->KI,NL-->KI,NL-->KI,NL-->KI,NL-->KI,NL-->KI
KW,KWT,Kuwait,Kuwait City,Asia,Western Asia,,KW-->NL,KW-->NL,KW-->NL,KW-->NL,KW-->NL,KW-->NL,KW-->NL,KW-->NL,KW-->NL,KW-->NL,KW-->NL,KW-->NL,KW-->NL,KW-->NL,KW-->NL,KW-->NL,KW-->NL,KW-->NL,KW-->NL,,,,,,,,,,,,,,,,,NL-->KW,NL-->KW,NL-->KW,NL-->KW,NL-->KW,NL-->KW,NL-->KW,NL-->KW,NL-->KW,NL-->KW,NL-->KW,NL-->KW,NL-->KW,NL-->KW,NL-->KW,NL-->KW,NL-->KW,NL-->KW,NL-->KW
KG,KGZ,Kyrgyzstan,Bishkek,Asia,Central Asia,,KG-->NL,KG-->NL,KG-->NL,KG-->NL,KG-->NL,KG-->NL,KG-->NL,KG-->NL,KG-->NL,KG-->NL,KG-->NL,KG-->NL,KG-->NL,KG-->NL,KG-->NL,KG-->NL,KG-->NL,KG-->NL,KG-->NL,,,,,,,,,,,,,,,,,NL-->KG,NL-->KG,NL-->KG,NL-->KG,NL-->KG,NL-->KG,NL-->KG,NL-->KG,NL-->KG,NL-->KG,NL-->KG,NL-->KG,NL-->KG,NL-->KG,NL-->KG,NL-->KG,NL-->KG,NL-->KG,NL-->KG
LA,LAO,Laos,Vientiane,Asia,South-Eastern Asia,,LA-->NL,LA-->NL,LA-->NL,LA-->NL,LA-->NL,LA-->NL,LA-->NL,LA-->NL,LA-->NL,LA-->NL,LA-->NL,LA-->NL,LA-->NL,LA-->NL,LA-->NL,LA-->NL,LA-->NL,LA-->NL,LA-->NL,,,,,,,,,,,,,,,,,NL-->LA,NL-->LA,NL-->LA,NL-->LA,NL-->LA,NL-->LA,NL-->LA,NL-->LA,NL-->LA,NL-->LA,NL-->LA,NL-->LA,NL-->LA,NL-->LA,NL-->LA,NL-->LA,NL-->LA,NL-->LA,NL-->LA
LV,LVA,Latvia,Riga,Europe,Northern Europe,,LV-->NL,LV-->NL,LV-->NL,LV-->NL,LV-->NL,LV-->NL,LV-->NL,LV-->NL,LV-->NL,LV-->NL,LV-->NL,LV-->NL,LV-->NL,LV-->NL,LV-->NL,LV-->NL,LV-->NL,LV-->NL,LV-->NL,,,,,,,,,,,,,,,,,NL-->LV,NL-->LV,NL-->LV,NL-->LV,NL-->LV,NL-->LV,NL-->LV,NL-->LV,NL-->LV,NL-->LV,NL-->LV,NL-->LV,NL-->LV,NL-->LV,NL-->LV,NL-->LV,NL-->LV,NL-->LV,NL-->LV
LB,LBN,Lebanon,Beirut,Asia,Western Asia,,LB-->NL,LB-->NL,LB-->NL,LB-->NL,LB-->NL,LB-->NL,LB-->NL,LB-->NL,LB-->NL,LB-->NL,LB-->NL,LB-->NL,LB-->NL,LB-->NL,LB-->NL,LB-->NL,LB-->NL,LB-->NL,LB-->NL,,,,,,,,,,,,,,,,,NL-->LB,NL-->LB,NL-->LB,NL-->LB,NL-->LB,NL-->LB,NL-->LB,NL-->LB,NL-->LB,NL-->LB,NL-->LB,NL-->LB,NL-->LB,NL-->LB,NL-->LB,NL-->LB,NL-->LB,NL-->LB,NL-->LB
LS,LSO,Lesotho,Maseru,Africa,Southern Africa,,LS-->NL,LS-->NL,LS-->NL,LS-->NL,LS-->NL,LS-->NL,LS-->NL,LS-->NL,LS-->NL,LS-->NL,LS-->NL,LS-->NL,LS-->NL,LS-->NL,LS-->NL,LS-->NL,LS-->NL,LS-->NL,LS-->NL,,,,,,,,,,,,,,,,,NL-->LS,NL-->LS,NL-->LS,NL-->LS,NL-->LS,NL-->LS,NL-->LS,NL-->LS,NL-->LS,NL-->LS,NL-->LS,NL-->LS,NL-->LS,NL-->LS,NL-->LS,NL-->LS,NL-->LS,NL-->LS,NL-->LS
LR,LBR,Liberia,Monrovia,Africa,Western Africa,,LR-->NL,LR-->NL,LR-->NL,LR-->NL,LR-->NL,LR-->NL,LR-->NL,LR-->NL,LR-->NL,LR-->NL,LR-->NL,LR-->NL,LR-->NL,LR-->NL,LR-->NL,LR-->NL,LR-->NL,LR-->NL,LR-->NL,,,,,,,,,,,,,,,,,NL-->LR,NL-->LR,NL-->LR,NL-->LR,NL-->LR,NL-->LR,NL-->LR,NL-->LR,NL-->LR,NL-->LR,NL-->LR,NL-->LR,NL-->LR,NL-->LR,NL-->LR,NL-->LR,NL-->LR,NL-->LR,NL-->LR
LY,LBY,Libya,Tripoli,Africa,Northern Africa,,LY-->NL,LY-->NL,LY-->NL,LY-->NL,LY-->NL,LY-->NL,LY-->NL,LY-->NL,LY-->NL,LY-->NL,LY-->NL,LY-->NL,LY-->NL,LY-->NL,LY-->NL,LY-->NL,LY-->NL,LY-->NL,LY-->NL,,,,,,,,,,,,,,,,,NL-->LY,NL-->LY,NL-->LY,NL-->LY,NL-->LY,NL-->LY,NL-->LY,NL-->LY,NL-->LY,NL-->LY,NL-->LY,NL-->LY,NL-->LY,NL-->LY,NL-->LY,NL-->LY,NL-->LY,NL-->LY,NL-->LY
LI,LIE,Liechtenstein,Vaduz,Europe,Western Europe,,LI-->NL,LI-->NL,LI-->NL,LI-->NL,LI-->NL,LI-->NL,LI-->NL,LI-->NL,LI-->NL,LI-->NL,LI-->NL,LI-->NL,LI-->NL,LI-->NL,LI-->NL,LI-->NL,LI-->NL,LI-->NL,LI-->NL,,,,,,,,,,,,,,,,,NL-->LI,NL-->LI,NL-->LI,NL-->LI,NL-->LI,NL-->LI,NL-->LI,NL-->LI,NL-->LI,NL-->LI,NL-->LI,NL-->LI,NL-->LI,NL-->LI,NL-->LI,NL-->LI,NL-->LI,NL-->LI,NL-->LI
LT,LTU,Lithuania,Vilnius,Europe,Northern Europe,,LT-->NL,LT-->NL,LT-->NL,LT-->NL,LT-->NL,LT-->NL,LT-->NL,LT-->NL,LT-->NL,LT-->NL,LT-->NL,LT-->NL,LT-->NL,LT-->NL,LT-->NL,LT-->NL,LT-->NL,LT-->NL,LT-->NL,,,,,,,,,,,,,,,,,NL-->LT,NL-->LT,NL-->LT,NL-->LT,NL-->LT,NL-->LT,NL-->LT,NL-->LT,NL-->LT,NL-->LT,NL-->LT,NL-->LT,NL-->LT,NL-->LT,NL-->LT,NL-->LT,NL-->LT,NL-->LT,NL-->LT
LU,LUX,Luxembourg,Luxembourg,Europe,Western Europe,,LU-->NL,LU-->NL,LU-->NL,LU-->NL,LU-->NL,LU-->NL,LU-->NL,LU-->NL,LU-->NL,LU-->NL,LU-->NL,LU-->NL,LU-->NL,LU-->NL,LU-->NL,LU-->NL,LU-->NL,LU-->NL,LU-->NL,,,,,,,,,,,,,,,,,NL-->LU,NL-->LU,NL-->LU,NL-->LU,NL-->LU,NL-->LU,NL-->LU,NL-->LU,NL-->LU,NL-->LU,NL-->LU,NL-->LU,NL-->LU,NL-->LU,NL-->LU,NL-->LU,NL-->LU,NL-->LU,NL-->LU
MO,MAC,Macau,,Asia,Eastern Asia,,MO-->NL,MO-->NL,MO-->NL,MO-->NL,MO-->NL,MO-->NL,MO-->NL,MO-->NL,MO-->NL,MO-->NL,MO-->NL,MO-->NL,MO-->NL,MO-->NL,MO-->NL,MO-->NL,MO-->NL,MO-->NL,MO-->NL,,,,,,,,,,,,,,,,,NL-->MO,NL-->MO,NL-->MO,NL-->MO,NL-->MO,NL-->MO,NL-->MO,NL-->MO,NL-->MO,NL-->MO,NL-->MO,NL-->MO,NL-->MO,NL-->MO,NL-->MO,NL-->MO,NL-->MO,NL-->MO,NL-->MO
MK,MKD,Republic of Macedonia,Skopje,Europe,Southern Europe,,MK-->NL,MK-->NL,MK-->NL,MK-->NL,MK-->NL,MK-->NL,MK-->NL,MK-->NL,MK-->NL,MK-->NL,MK-->NL,MK-->NL,MK-->NL,MK-->NL,MK-->NL,MK-->NL,MK-->NL,MK-->NL,MK-->NL,,,,,,,,,,,,,,,,,NL-->MK,NL-->MK,NL-->MK,NL-->MK,NL-->MK,NL-->MK,NL-->MK,NL-->MK,NL-->MK,NL-->MK,NL-->MK,NL-->MK,NL-->MK,NL-->MK,NL-->MK,NL-->MK,NL-->MK,NL-->MK,NL-->MK
MG,MDG,Madagascar,Antananarivo,Africa,Eastern Africa,,MG-->NL,MG-->NL,MG-->NL,MG-->NL,MG-->NL,MG-->NL,MG-->NL,MG-->NL,MG-->NL,MG-->NL,MG-->NL,MG-->NL,MG-->NL,MG-->NL,MG-->NL,MG-->NL,MG-->NL,MG-->NL,MG-->NL,,,,,,,,,,,,,,,,,NL-->MG,NL-->MG,NL-->MG,NL-->MG,NL-->MG,NL-->MG,NL-->MG,NL-->MG,NL-->MG,NL-->MG,NL-->MG,NL-->MG,NL-->MG,NL-->MG,NL-->MG,NL-->MG,NL-->MG,NL-->MG,NL-->MG
MW,MWI,Malawi,Lilongwe,Africa,Eastern Africa,,MW-->NL,MW-->NL,MW-->NL,MW-->NL,MW-->NL,MW-->NL,MW-->NL,MW-->NL,MW-->NL,MW-->NL,MW-->NL,MW-->NL,MW-->NL,MW-->NL,MW-->NL,MW-->NL,MW-->NL,MW-->NL,MW-->NL,,,,,,,,,,,,,,,,,NL-->MW,NL-->MW,NL-->MW,NL-->MW,NL-->MW,NL-->MW,NL-->MW,NL-->MW,NL-->MW,NL-->MW,NL-->MW,NL-->MW,NL-->MW,NL-->MW,NL-->MW,NL-->MW,NL-->MW,NL-->MW,NL-->MW
MY,MYS,Malaysia,Kuala Lumpur,Asia,South-Eastern Asia,,MY-->NL,MY-->NL,MY-->NL,MY-->NL,MY-->NL,MY-->NL,MY-->NL,MY-->NL,MY-->NL,MY-->NL,MY-->NL,MY-->NL,MY-->NL,MY-->NL,MY-->NL,MY-->NL,MY-->NL,MY-->NL,MY-->NL,,,,,,,,,,,,,,,,,NL-->MY,NL-->MY,NL-->MY,NL-->MY,NL-->MY,NL-->MY,NL-->MY,NL-->MY,NL-->MY,NL-->MY,NL-->MY,NL-->MY,NL-->MY,NL-->MY,NL-->MY,NL-->MY,NL-->MY,NL-->MY,NL-->MY
MV,MDV,Maldives,Malé,Asia,Southern Asia,,MV-->NL,MV-->NL,MV-->NL,MV-->NL,MV-->NL,MV-->NL,MV-->NL,MV-->NL,MV-->NL,MV-->NL,MV-->NL,MV-->NL,MV-->NL,MV-->NL,MV-->NL,MV-->NL,MV-->NL,MV-->NL,MV-->NL,,,,,,,,,,,,,,,,,NL-->MV,NL-->MV,NL-->MV,NL-->MV,NL-->MV,NL-->MV,NL-->MV,NL-->MV,NL-->MV,NL-->MV,NL-->MV,NL-->MV,NL-->MV,NL-->MV,NL-->MV,NL-->MV,NL-->MV,NL-->MV,NL-->MV
ML,MLI,Mali,Bamako,Africa,Western Africa,,ML-->NL,ML-->NL,ML-->NL,ML-->NL,ML-->NL,ML-->NL,ML-->NL,ML-->NL,ML-->NL,ML-->NL,ML-->NL,ML-->NL,ML-->NL,ML-->NL,ML-->NL,ML-->NL,ML-->NL,ML-->NL,ML-->NL,,,,,,,,,,,,,,,,,NL-->ML,NL-->ML,NL-->ML,NL-->ML,NL-->ML,NL-->ML,NL-->ML,NL-->ML,NL-->ML,NL-->ML,NL-->ML,NL-->ML,NL-->ML,NL-->ML,NL-->ML,NL-->ML,NL-->ML,NL-->ML,NL-->ML
MT,MLT,Malta,Valletta,Europe,Southern Europe,,MT-->NL,MT-->NL,MT-->NL,MT-->NL,MT-->NL,MT-->NL,MT-->NL,MT-->NL,MT-->NL,MT-->NL,MT-->NL,MT-->NL,MT-->NL,MT-->NL,MT-->NL,MT-->NL,MT-->NL,MT-->NL,MT-->NL,,,,,,,,,,,,,,,,,NL-->MT,NL-->MT,NL-->MT,NL-->MT,NL-->MT,NL-->MT,NL-->MT,NL-->MT,NL-->MT,NL-->MT,NL-->MT,NL-->MT,NL-->MT,NL-->MT,NL-->MT,NL-->MT,NL-->MT,NL-->MT,NL-->MT
MH,MHL,Marshall Islands,Majuro,Oceania,Micronesia,,MH-->NL,MH-->NL,MH-->NL,MH-->NL,MH-->NL,MH-->NL,MH-->NL,MH-->NL,MH-->NL,MH-->NL,MH-->NL,MH-->NL,MH-->NL,MH-->NL,MH-->NL,MH-->NL,MH-->NL,MH-->NL,MH-->NL,,,,,,,,,,,,,,,,,NL-->MH,NL-->MH,NL-->MH,NL-->MH,NL-->MH,NL-->MH,NL-->MH,NL-->MH,NL-->MH,NL-->MH,NL-->MH,NL-->MH,NL-->MH,NL-->MH,NL-->MH,NL-->MH,NL-->MH,NL-->MH,NL-->MH
MQ,MTQ,Martinique,Fort-de-France,Americas,Caribbean,,MQ-->NL,MQ-->NL,MQ-->NL,MQ-->NL,MQ-->NL,MQ-->NL,MQ-->NL,MQ-->NL,MQ-->NL,MQ-->NL,MQ-->NL,MQ-->NL,MQ-->NL,MQ-->NL,MQ-->NL,MQ-->NL,MQ-->NL,MQ-->NL,MQ-->NL,,,,,,,,,,,,,,,,,NL-->MQ,NL-->MQ,NL-->MQ,NL-->MQ,NL-->MQ,NL-->MQ,NL-->MQ,NL-->MQ,NL-->MQ,NL-->MQ,NL-->MQ,NL-->MQ,NL-->MQ,NL-->MQ,NL-->MQ,NL-->MQ,NL-->MQ,NL-->MQ,NL-->MQ
MR,MRT,Mauritania,Nouakchott,Africa,Western Africa,,MR-->NL,MR-->NL,MR-->NL,MR-->NL,MR-->NL,MR-->NL,MR-->NL,MR-->NL,MR-->NL,MR-->NL,MR-->NL,MR-->NL,MR-->NL,MR-->NL,MR-->NL,MR-->NL,MR-->NL,MR-->NL,MR-->NL,0.0,,,,,,,,,,,,,,,,NL-->MR,NL-->MR,NL-->MR,NL-->MR,NL-->MR,NL-->MR,NL-->MR,NL-->MR,NL-->MR,NL-->MR,NL-->MR,NL-->MR,NL-->MR,NL-->MR,NL-->MR,NL-->MR,NL-->MR,NL-->MR,NL-->MR
MU,MUS,Mauritius,Port Louis,Africa,Eastern Africa,,MU-->NL,MU-->NL,MU-->NL,MU-->NL,MU-->NL,MU-->NL,MU-->NL,MU-->NL,MU-->NL,MU-->NL,MU-->NL,MU-->NL,MU-->NL,MU-->NL,MU-->NL,MU-->NL,MU-->NL,MU-->NL,MU-->NL,,,,,,,,,,,,,,,,,NL-->MU,NL-->MU,NL-->MU,NL-->MU,NL-->MU,NL-->MU,NL-->MU,NL-->MU,NL-->MU,NL-->MU,NL-->MU,NL-->MU,NL-->MU,NL-->MU,NL-->MU,NL-->MU,NL-->MU,NL-->MU,NL-->MU
YT,MYT,Mayotte,Mamoudzou,Africa,Eastern Africa,,YT-->NL,YT-->NL,YT-->NL,YT-->NL,YT-->NL,YT-->NL,YT-->NL,YT-->NL,YT-->NL,YT-->NL,YT-->NL,YT-->NL,YT-->NL,YT-->NL,YT-->NL,YT-->NL,YT-->NL,YT-->NL,YT-->NL,,,,,,,,,,,,,,,,,NL-->YT,NL-->YT,NL-->YT,NL-->YT,NL-->YT,NL-->YT,NL-->YT,NL-->YT,NL-->YT,NL-->YT,NL-->YT,NL-->YT,NL-->YT,NL-->YT,NL-->YT,NL-->YT,NL-->YT,NL-->YT,NL-->YT
MX,MEX,Mexico,Mexico City,Americas,Central America,,MX-->NL,MX-->NL,MX-->NL,MX-->NL,MX-->NL,MX-->NL,MX-->NL,MX-->NL,MX-->NL,MX-->NL,MX-->NL,MX-->NL,MX-->NL,MX-->NL,MX-->NL,MX-->NL,MX-->NL,MX-->NL,MX-->NL,,,,,,,,,,,,,,,,,NL-->MX,NL-->MX,NL-->MX,NL-->MX,NL-->MX,NL-->MX,NL-->MX,NL-->MX,NL-->MX,NL-->MX,NL-->MX,NL-->MX,NL-->MX,NL-->MX,NL-->MX,NL-->MX,NL-->MX,NL-->MX,NL-->MX
FM,FSM,Federated States of Micronesia,Palikir,Oceania,Micronesia,,FM-->NL,FM-->NL,FM-->NL,FM-->NL,FM-->NL,FM-->NL,FM-->NL,FM-->NL,FM-->NL,FM-->NL,FM-->NL,FM-->NL,FM-->NL,FM-->NL,FM-->NL,FM-->NL,FM-->NL,FM-->NL,FM-->NL,,,,,,,,,,,,,,,,,NL-->FM,NL-->FM,NL-->FM,NL-->FM,NL-->FM,NL-->FM,NL-->FM,NL-->FM,NL-->FM,NL-->FM,NL-->FM,NL-->FM,NL-->FM,NL-->FM,NL-->FM,NL-->FM,NL-->FM,NL-->FM,NL-->FM
MD,MDA,Moldova,Chișinău,Europe,Eastern Europe,,MD-->NL,MD-->NL,MD-->NL,MD-->NL,MD-->NL,MD-->NL,MD-->NL,MD-->NL,MD-->NL,MD-->NL,MD-->NL,MD-->NL,MD-->NL,MD-->NL,MD-->NL,MD-->NL,MD-->NL,MD-->NL,MD-->NL,,,,,,,,,,,,,,,,,NL-->MD,NL-->MD,NL-->MD,NL-->MD,NL-->MD,NL-->MD,NL-->MD,NL-->MD,NL-->MD,NL-->MD,NL-->MD,NL-->MD,NL-->MD,NL-->MD,NL-->MD,NL-->MD,NL-->MD,NL-->MD,NL-->MD
MC,MCO,Monaco,Monaco,Europe,Western Europe,,MC-->NL,MC-->NL,MC-->NL,MC-->NL,MC-->NL,MC-->NL,MC-->NL,MC-->NL,MC-->NL,MC-->NL,MC-->NL,MC-->NL,MC-->NL,MC-->NL,MC-->NL,MC-->NL,MC-->NL,MC-->NL,MC-->NL,,,,,,,,,,,,,,,,,NL-->MC,NL-->MC,NL-->MC,NL-->MC,NL-->MC,NL-->MC,NL-->MC,NL-->MC,NL-->MC,NL-->MC,NL-->MC,NL-->MC,NL-->MC,NL-->MC,NL-->MC,NL-->MC,NL-->MC,NL-->MC,NL-->MC
MN,MNG,Mongolia,Ulan Bator,Asia,Eastern Asia,,MN-->NL,MN-->NL,MN-->NL,MN-->NL,MN-->NL,MN-->NL,MN-->NL,MN-->NL,MN-->NL,MN-->NL,MN-->NL,MN-->NL,MN-->NL,MN-->NL,MN-->NL,MN-->NL,MN-->NL,MN-->NL,MN-->NL,,,,,,,,,,,,,,,,,NL-->MN,NL-->MN,NL-->MN,NL-->MN,NL-->MN,NL-->MN,NL-->MN,NL-->MN,NL-->MN,NL-->MN,NL-->MN,NL-->MN,NL-->MN,NL-->MN,NL-->MN,NL-->MN,NL-->MN,NL-->MN,NL-->MN
ME,MNE,Montenegro,Podgorica,Europe,Southern Europe,,ME-->NL,ME-->NL,ME-->NL,ME-->NL,ME-->NL,ME-->NL,ME-->NL,ME-->NL,ME-->NL,ME-->NL,ME-->NL,ME-->NL,ME-->NL,ME-->NL,ME-->NL,ME-->NL,ME-->NL,ME-->NL,ME-->NL,,,,,,,,,,,,,,,,,NL-->ME,NL-->ME,NL-->ME,NL-->ME,NL-->ME,NL-->ME,NL-->ME,NL-->ME,NL-->ME,NL-->ME,NL-->ME,NL-->ME,NL-->ME,NL-->ME,NL-->ME,NL-->ME,NL-->ME,NL-->ME,NL-->ME
MS,MSR,Montserrat,Plymouth,Americas,Caribbean,,MS-->NL,MS-->NL,MS-->NL,MS-->NL,MS-->NL,MS-->NL,MS-->NL,MS-->NL,MS-->NL,MS-->NL,MS-->NL,MS-->NL,MS-->NL,MS-->NL,MS-->NL,MS-->NL,MS-->NL,MS-->NL,MS-->NL,,,,,,,,,,,,,,,,,NL-->MS,NL-->MS,NL-->MS,NL-->MS,NL-->MS,NL-->MS,NL-->MS,NL-->MS,NL-->MS,NL-->MS,NL-->MS,NL-->MS,NL-->MS,NL-->MS,NL-->MS,NL-->MS,NL-->MS,NL-->MS,NL-->MS
MA,MAR,Morocco,Rabat,Africa,Northern Africa,,MA-->NL,MA-->NL,MA-->NL,MA-->NL,MA-->NL,MA-->NL,MA-->NL,MA-->NL,MA-->NL,MA-->NL,MA-->NL,MA-->NL,MA-->NL,MA-->NL,MA-->NL,MA-->NL,MA-->NL,MA-->NL,MA-->NL,,,,,,,,,,,,,,,,,NL-->MA,NL-->MA,NL-->MA,NL-->MA,NL-->MA,NL-->MA,NL-->MA,NL-->MA,NL-->MA,NL-->MA,NL-->MA,NL-->MA,NL-->MA,NL-->MA,NL-->MA,NL-->MA,NL-->MA,NL-->MA,NL-->MA
MZ,MOZ,Mozambique,Maputo,Africa,Eastern Africa,,MZ-->NL,MZ-->NL,MZ-->NL,MZ-->NL,MZ-->NL,MZ-->NL,MZ-->NL,MZ-->NL,MZ-->NL,MZ-->NL,MZ-->NL,MZ-->NL,MZ-->NL,MZ-->NL,MZ-->NL,MZ-->NL,MZ-->NL,MZ-->NL,MZ-->NL,,,,,,,,,,,,,,,,,NL-->MZ,NL-->MZ,NL-->MZ,NL-->MZ,NL-->MZ,NL-->MZ,NL-->MZ,NL-->MZ,NL-->MZ,NL-->MZ,NL-->MZ,NL-->MZ,NL-->MZ,NL-->MZ,NL-->MZ,NL-->MZ,NL-->MZ,NL-->MZ,NL-->MZ
MM,MMR,Myanmar,Naypyidaw,Asia,South-Eastern Asia,,MM-->NL,MM-->NL,MM-->NL,MM-->NL,MM-->NL,MM-->NL,MM-->NL,MM-->NL,MM-->NL,MM-->NL,MM-->NL,MM-->NL,MM-->NL,MM-->NL,MM-->NL,MM-->NL,MM-->NL,MM-->NL,MM-->NL,,,,,,,,,,,,,,,,,NL-->MM,NL-->MM,NL-->MM,NL-->MM,NL-->MM,NL-->MM,NL-->MM,NL-->MM,NL-->MM,NL-->MM,NL-->MM,NL-->MM,NL-->MM,NL-->MM,NL-->MM,NL-->MM,NL-->MM,NL-->MM,NL-->MM
,NAM,Namibia,Windhoek,Africa,Southern Africa,,NA-->NL,NA-->NL,NA-->NL,NA-->NL,NA-->NL,NA-->NL,NA-->NL,NA-->NL,NA-->NL,NA-->NL,NA-->NL,NA-->NL,NA-->NL,NA-->NL,NA-->NL,NA-->NL,NA-->NL,NA-->NL,NA-->NL,,,,,,,,,,,,,,,,,NL-->NA,NL-->NA,NL-->NA,NL-->NA,NL-->NA,NL-->NA,NL-->NA,NL-->NA,NL-->NA,NL-->NA,NL-->NA,NL-->NA,NL-->NA,NL-->NA,NL-->NA,NL-->NA,NL-->NA,NL-->NA,NL-->NA
NR,NRU,Nauru,Yaren,Oceania,Micronesia,,NR-->NL,NR-->NL,NR-->NL,NR-->NL,NR-->NL,NR-->NL,NR-->NL,NR-->NL,NR-->NL,NR-->NL,NR-->NL,NR-->NL,NR-->NL,NR-->NL,NR-->NL,NR-->NL,NR-->NL,NR-->NL,NR-->NL,,,,,,,,,,,,,,,,,NL-->NR,NL-->NR,NL-->NR,NL-->NR,NL-->NR,NL-->NR,NL-->NR,NL-->NR,NL-->NR,NL-->NR,NL-->NR,NL-->NR,NL-->NR,NL-->NR,NL-->NR,NL-->NR,NL-->NR,NL-->NR,NL-->NR
NP,NPL,Nepal,Kathmandu,Asia,Southern Asia,,NP-->NL,NP-->NL,NP-->NL,NP-->NL,NP-->NL,NP-->NL,NP-->NL,NP-->NL,NP-->NL,NP-->NL,NP-->NL,NP-->NL,NP-->NL,NP-->NL,NP-->NL,NP-->NL,NP-->NL,NP-->NL,NP-->NL,,,,,,,,,,,,,,,,,NL-->NP,NL-->NP,NL-->NP,NL-->NP,NL-->NP,NL-->NP,NL-->NP,NL-->NP,NL-->NP,NL-->NP,NL-->NP,NL-->NP,NL-->NP,NL-->NP,NL-->NP,NL-->NP,NL-->NP,NL-->NP,NL-->NP
NL,NLD,Netherlands,Amsterdam,Europe,Western Europe,,NL-->NL,NL-->NL,NL-->NL,NL-->NL,NL-->NL,NL-->NL,NL-->NL,NL-->NL,NL-->NL,NL-->NL,NL-->NL,NL-->NL,NL-->NL,NL-->NL,NL-->NL,NL-->NL,NL-->NL,NL-->NL,NL-->NL,,,,,,,,,,,,,,,,,NL-->NL,NL-->NL,NL-->NL,NL-->NL,NL-->NL,NL-->NL,NL-->NL,NL-->NL,NL-->NL,NL-->NL,NL-->NL,NL-->NL,NL-->NL,NL-->NL,NL-->NL,NL-->NL,NL-->NL,NL-->NL,NL-->NL
NC,NCL,New Caledonia,Nouméa,Oceania,Melanesia,,NC-->NL,NC-->NL,NC-->NL,NC-->NL,NC-->NL,NC-->NL,NC-->NL,NC-->NL,NC-->NL,NC-->NL,NC-->NL,NC-->NL,NC-->NL,NC-->NL,NC-->NL,NC-->NL,NC-->NL,NC-->NL,NC-->NL,,,,,,,,,,,,,,,,,NL-->NC,NL-->NC,NL-->NC,NL-->NC,NL-->NC,NL-->NC,NL-->NC,NL-->NC,NL-->NC,NL-->NC,NL-->NC,NL-->NC,NL-->NC,NL-->NC,NL-->NC,NL-->NC,NL-->NC,NL-->NC,NL-->NC
NZ,NZL,New Zealand,Wellington,Oceania,Australia and New Zealand,,NZ-->NL,NZ-->NL,NZ-->NL,NZ-->NL,NZ-->NL,NZ-->NL,NZ-->NL,NZ-->NL,NZ-->NL,NZ-->NL,NZ-->NL,NZ-->NL,NZ-->NL,NZ-->NL,NZ-->NL,NZ-->NL,NZ-->NL,NZ-->NL,NZ-->NL,,,,,,,,,,,,,,,,,NL-->NZ,NL-->NZ,NL-->NZ,NL-->NZ,NL-->NZ,NL-->NZ,NL-->NZ,NL-->NZ,NL-->NZ,NL-->NZ,NL-->NZ,NL-->NZ,NL-->NZ,NL-->NZ,NL-->NZ,NL-->NZ,NL-->NZ,NL-->NZ,NL-->NZ
NI,NIC,Nicaragua,Managua,Americas,Central America,,NI-->NL,NI-->NL,NI-->NL,NI-->NL,NI-->NL,NI-->NL,NI-->NL,NI-->NL,NI-->NL,NI-->NL,NI-->NL,NI-->NL,NI-->NL,NI-->NL,NI-->NL,NI-->NL,NI-->NL,NI-->NL,NI-->NL,,,,,,,,,,,,,,,,,NL-->NI,NL-->NI,NL-->NI,NL-->NI,NL-->NI,NL-->NI,NL-->NI,NL-->NI,NL-->NI,NL-->NI,NL-->NI,NL-->NI,NL-->NI,NL-->NI,NL-->NI,NL-->NI,NL-->NI,NL-->NI,NL-->NI
NE,NER,Niger,Niamey,Africa,Western Africa,,NE-->NL,NE-->NL,NE-->NL,NE-->NL,NE-->NL,NE-->NL,NE-->NL,NE-->NL,NE-->NL,NE-->NL,NE-->NL,NE-->NL,NE-->NL,NE-->NL,NE-->NL,NE-->NL,NE-->NL,NE-->NL,NE-->NL,,,,,,,,,,,,,,,,,NL-->NE,NL-->NE,NL-->NE,NL-->NE,NL-->NE,NL-->NE,NL-->NE,NL-->NE,NL-->NE,NL-->NE,NL-->NE,NL-->NE,NL-->NE,NL-->NE,NL-->NE,NL-->NE,NL-->NE,NL-->NE,NL-->NE
NG,NGA,Nigeria,Abuja,Africa,Western Africa,,NG-->NL,NG-->NL,NG-->NL,NG-->NL,NG-->NL,NG-->NL,NG-->NL,NG-->NL,NG-->NL,NG-->NL,NG-->NL,NG-->NL,NG-->NL,NG-->NL,NG-->NL,NG-->NL,NG-->NL,NG-->NL,NG-->NL,,,,,,,,,,,,,,,,,NL-->NG,NL-->NG,NL-->NG,NL-->NG,NL-->NG,NL-->NG,NL-->NG,NL-->NG,NL-->NG,NL-->NG,NL-->NG,NL-->NG,NL-->NG,NL-->NG,NL-->NG,NL-->NG,NL-->NG,NL-->NG,NL-->NG
NU,NIU,Niue,Alofi,Oceania,Polynesia,,NU-->NL,NU-->NL,NU-->NL,NU-->NL,NU-->NL,NU-->NL,NU-->NL,NU-->NL,NU-->NL,NU-->NL,NU-->NL,NU-->NL,NU-->NL,NU-->NL,NU-->NL,NU-->NL,NU-->NL,NU-->NL,NU-->NL,,,,,,,,,,,,,,,,,NL-->NU,NL-->NU,NL-->NU,NL-->NU,NL-->NU,NL-->NU,NL-->NU,NL-->NU,NL-->NU,NL-->NU,NL-->NU,NL-->NU,NL-->NU,NL-->NU,NL-->NU,NL-->NU,NL-->NU,NL-->NU,NL-->NU
NF,NFK,Norfolk Island,Kingston,Oceania,Australia and New Zealand,,NF-->NL,NF-->NL,NF-->NL,NF-->NL,NF-->NL,NF-->NL,NF-->NL,NF-->NL,NF-->NL,NF-->NL,NF-->NL,NF-->NL,NF-->NL,NF-->NL,NF-->NL,NF-->NL,NF-->NL,NF-->NL,NF-->NL,,,,,,,,,,,,,,,,,NL-->NF,NL-->NF,NL-->NF,NL-->NF,NL-->NF,NL-->NF,NL-->NF,NL-->NF,NL-->NF,NL-->NF,NL-->NF,NL-->NF,NL-->NF,NL-->NF,NL-->NF,NL-->NF,NL-->NF,NL-->NF,NL-->NF
KP,PRK,North Korea,Pyongyang,Asia,Eastern Asia,,KP-->NL,KP-->NL,KP-->NL,KP-->NL,KP-->NL,KP-->NL,KP-->NL,KP-->NL,KP-->NL,KP-->NL,KP-->NL,KP-->NL,KP-->NL,KP-->NL,KP-->NL,KP-->NL,KP-->NL,KP-->NL,KP-->NL,,,,,,,,,,,,,,,,,NL-->KP,NL-->KP,NL-->KP,NL-->KP,NL-->KP,NL-->KP,NL-->KP,NL-->KP,NL-->KP,NL-->KP,NL-->KP,NL-->KP,NL-->KP,NL-->KP,NL-->KP,NL-->KP,NL-->KP,NL-->KP,NL-->KP
MP,MNP,Northern Mariana Islands,Saipan,Oceania,Micronesia,,MP-->NL,MP-->NL,MP-->NL,MP-->NL,MP-->NL,MP-->NL,MP-->NL,MP-->NL,MP-->NL,MP-->NL,MP-->NL,MP-->NL,MP-->NL,MP-->NL,MP-->NL,MP-->NL,MP-->NL,MP-->NL,MP-->NL,,,,,,,,,,,,,,,,,NL-->MP,NL-->MP,NL-->MP,NL-->MP,NL-->MP,NL-->MP,NL-->MP,NL-->MP,NL-->MP,NL-->MP,NL-->MP,NL-->MP,NL-->MP,NL-->MP,NL-->MP,NL-->MP,NL-->MP,NL-->MP,NL-->MP
NO,NOR,Norway,Oslo,Europe,Northern Europe,,NO-->NL,NO-->NL,NO-->NL,NO-->NL,NO-->NL,NO-->NL,NO-->NL,NO-->NL,NO-->NL,NO-->NL,NO-->NL,NO-->NL,NO-->NL,NO-->NL,NO-->NL,NO-->NL,NO-->NL,NO-->NL,NO-->NL,,,,,,,,,,,,,,,,,NL-->NO,NL-->NO,NL-->NO,NL-->NO,NL-->NO,NL-->NO,NL-->NO,NL-->NO,NL-->NO,NL-->NO,NL-->NO,NL-->NO,NL-->NO,NL-->NO,NL-->NO,NL-->NO,NL-->NO,NL-->NO,NL-->NO
OM,OMN,Oman,Muscat,Asia,Western Asia,,OM-->NL,OM-->NL,OM-->NL,OM-->NL,OM-->NL,OM-->NL,OM-->NL,OM-->NL,OM-->NL,OM-->NL,OM-->NL,OM-->NL,OM-->NL,OM-->NL,OM-->NL,OM-->NL,OM-->NL,OM-->NL,OM-->NL,,,,,,,,,,,,,,,,,NL-->OM,NL-->OM,NL-->OM,NL-->OM,NL-->OM,NL-->OM,NL-->OM,NL-->OM,NL-->OM,NL-->OM,NL-->OM,NL-->OM,NL-->OM,NL-->OM,NL-->OM,NL-->OM,NL-->OM,NL-->OM,NL-->OM
PK,PAK,Pakistan,Islamabad,Asia,Southern Asia,,PK-->NL,PK-->NL,PK-->NL,PK-->NL,PK-->NL,PK-->NL,PK-->NL,PK-->NL,PK-->NL,PK-->NL,PK-->NL,PK-->NL,PK-->NL,PK-->NL,PK-->NL,PK-->NL,PK-->NL,PK-->NL,PK-->NL,,,,,,,,,,,,,,,,,NL-->PK,NL-->PK,NL-->PK,NL-->PK,NL-->PK,NL-->PK,NL-->PK,NL-->PK,NL-->PK,NL-->PK,NL-->PK,NL-->PK,NL-->PK,NL-->PK,NL-->PK,NL-->PK,NL-->PK,NL-->PK,NL-->PK
PW,PLW,Palau,Ngerulmud,Oceania,Micronesia,,PW-->NL,PW-->NL,PW-->NL,PW-->NL,PW-->NL,PW-->NL,PW-->NL,PW-->NL,PW-->NL,PW-->NL,PW-->NL,PW-->NL,PW-->NL,PW-->NL,PW-->NL,PW-->NL,PW-->NL,PW-->NL,PW-->NL,,,,,,,,,,,,,,,,,NL-->PW,NL-->PW,NL-->PW,NL-->PW,NL-->PW,NL-->PW,NL-->PW,NL-->PW,NL-->PW,NL-->PW,NL-->PW,NL-->PW,NL-->PW,NL-->PW,NL-->PW,NL-->PW,NL-->PW,NL-->PW,NL-->PW
PS,PSE,Palestine,Ramallah,Asia,Western Asia,,PS-->NL,PS-->NL,PS-->NL,PS-->NL,PS-->NL,PS-->NL,PS-->NL,PS-->NL,PS-->NL,PS-->NL,PS-->NL,PS-->NL,PS-->NL,PS-->NL,PS-->NL,PS-->NL,PS-->NL,PS-->NL,PS-->NL,,,,,,,,,,,,,,,,,NL-->PS,NL-->PS,NL-->PS,NL-->PS,NL-->PS,NL-->PS,NL-->PS,NL-->PS,NL-->PS,NL-->PS,NL-->PS,NL-->PS,NL-->PS,NL-->PS,NL-->PS,NL-->PS,NL-->PS,NL-->PS,NL-->PS
PA,PAN,Panama,Panama City,Americas,Central America,,PA-->NL,PA-->NL,PA-->NL,PA-->NL,PA-->NL,PA-->NL,PA-->NL,PA-->NL,PA-->NL,PA-->NL,PA-->NL,PA-->NL,PA-->NL,PA-->NL,PA-->NL,PA-->NL,PA-->NL,PA-->NL,PA-->NL,,,,,,,,,,,,,,,,,NL-->PA,NL-->PA,NL-->PA,NL-->PA,NL-->PA,NL-->PA,NL-->PA,NL-->PA,NL-->PA,NL-->PA,NL-->PA,NL-->PA,NL-->PA,NL-->PA,NL-->PA,NL-->PA,NL-->PA,NL-->PA,NL-->PA
PG,PNG,Papua New Guinea,Port Moresby,Oceania,Melanesia,,PG-->NL,PG-->NL,PG-->NL,PG-->NL,PG-->NL,PG-->NL,PG-->NL,PG-->NL,PG-->NL,PG-->NL,PG-->NL,PG-->NL,PG-->NL,PG-->NL,PG-->NL,PG-->NL,PG-->NL,PG-->NL,PG-->NL,,,,,,,,,,,,,,,,,NL-->PG,NL-->PG,NL-->PG,NL-->PG,NL-->PG,NL-->PG,NL-->PG,NL-->PG,NL-->PG,NL-->PG,NL-->PG,NL-->PG,NL-->PG,NL-->PG,NL-->PG,NL-->PG,NL-->PG,NL-->PG,NL-->PG
PY,PRY,Paraguay,Asunción,Americas,South America,,PY-->NL,PY-->NL,PY-->NL,PY-->NL,PY-->NL,PY-->NL,PY-->NL,PY-->NL,PY-->NL,PY-->NL,PY-->NL,PY-->NL,PY-->NL,PY-->NL,PY-->NL,PY-->NL,PY-->NL,PY-->NL,PY-->NL,,,,,,,,,,,,,,,,,NL-->PY,NL-->PY,NL-->PY,NL-->PY,NL-->PY,NL-->PY,NL-->PY,NL-->PY,NL-->PY,NL-->PY,NL-->PY,NL-->PY,NL-->PY,NL-->PY,NL-->PY,NL-->PY,NL-->PY,NL-->PY,NL-->PY
PE,PER,Peru,Lima,Americas,South America,,PE-->NL,PE-->NL,PE-->NL,PE-->NL,PE-->NL,PE-->NL,PE-->NL,PE-->NL,PE-->NL,PE-->NL,PE-->NL,PE-->NL,PE-->NL,PE-->NL,PE-->NL,PE-->NL,PE-->NL,PE-->NL,PE-->NL,,,,,,,,,,,,,,,,,NL-->PE,NL-->PE,NL-->PE,NL-->PE,NL-->PE,NL-->PE,NL-->PE,NL-->PE,NL-->PE,NL-->PE,NL-->PE,NL-->PE,NL-->PE,NL-->PE,NL-->PE,NL-->PE,NL-->PE,NL-->PE,NL-->PE
PH,PHL,Philippines,Manila,Asia,South-Eastern Asia,,PH-->NL,PH-->NL,PH-->NL,PH-->NL,PH-->NL,PH-->NL,PH-->NL,PH-->NL,PH-->NL,PH-->NL,PH-->NL,PH-->NL,PH-->NL,PH-->NL,PH-->NL,PH-->NL,PH-->NL,PH-->NL,PH-->NL,,,,,,,,,,,,,,,,,NL-->PH,NL-->PH,NL-->PH,NL-->PH,NL-->PH,NL-->PH,NL-->PH,NL-->PH,NL-->PH,NL-->PH,NL-->PH,NL-->PH,NL-->PH,NL-->PH,NL-->PH,NL-->PH,NL-->PH,NL-->PH,NL-->PH
PN,PCN,Pitcairn Islands,Adamstown,Oceania,Polynesia,,PN-->NL,PN-->NL,PN-->NL,PN-->NL,PN-->NL,PN-->NL,PN-->NL,PN-->NL,PN-->NL,PN-->NL,PN-->NL,PN-->NL,PN-->NL,PN-->NL,PN-->NL,PN-->NL,PN-->NL,PN-->NL,PN-->NL,,,,,,,,,,,,,,,,,NL-->PN,NL-->PN,NL-->PN,NL-->PN,NL-->PN,NL-->PN,NL-->PN,NL-->PN,NL-->PN,NL-->PN,NL-->PN,NL-->PN,NL-->PN,NL-->PN,NL-->PN,NL-->PN,NL-->PN,NL-->PN,NL-->PN
PL,POL,Poland,Warsaw,Europe,Eastern Europe,,PL-->NL,PL-->NL,PL-->NL,PL-->NL,PL-->NL,PL-->NL,PL-->NL,PL-->NL,PL-->NL,PL-->NL,PL-->NL,PL-->NL,PL-->NL,PL-->NL,PL-->NL,PL-->NL,PL-->NL,PL-->NL,PL-->NL,,,,,,,,,,,,,,,,,NL-->PL,NL-->PL,NL-->PL,NL-->PL,NL-->PL,NL-->PL,NL-->PL,NL-->PL,NL-->PL,NL-->PL,NL-->PL,NL-->PL,NL-->PL,NL-->PL,NL-->PL,NL-->PL,NL-->PL,NL-->PL,NL-->PL
PT,PRT,Portugal,Lisbon,Europe,Southern Europe,,PT-->NL,PT-->NL,PT-->NL,PT-->NL,PT-->NL,PT-->NL,PT-->NL,PT-->NL,PT-->NL,PT-->NL,PT-->NL,PT-->NL,PT-->NL,PT-->NL,PT-->NL,PT-->NL,PT-->NL,PT-->NL,PT-->NL,,,,,,,,,,,,,,,,,NL-->PT,NL-->PT,NL-->PT,NL-->PT,NL-->PT,NL-->PT,NL-->PT,NL-->PT,NL-->PT,NL-->PT,NL-->PT,NL-->PT,NL-->PT,NL-->PT,NL-->PT,NL-->PT,NL-->PT,NL-->PT,NL-->PT
PR,PRI,Puerto Rico,San Juan,Americas,Caribbean,,PR-->NL,PR-->NL,PR-->NL,PR-->NL,PR-->NL,PR-->NL,PR-->NL,PR-->NL,PR-->NL,PR-->NL,PR-->NL,PR-->NL,PR-->NL,PR-->NL,PR-->NL,PR-->NL,PR-->NL,PR-->NL,PR-->NL,,,,,,,,,,,,,,,,,NL-->PR,NL-->PR,NL-->PR,NL-->PR,NL-->PR,NL-->PR,NL-->PR,NL-->PR,NL-->PR,NL-->PR,NL-->PR,NL-->PR,NL-->PR,NL-->PR,NL-->PR,NL-->PR,NL-->PR,NL-->PR,NL-->PR
QA,QAT,Qatar,Doha,Asia,Western Asia,,QA-->NL,QA-->NL,QA-->NL,QA-->NL,QA-->NL,QA-->NL,QA-->NL,QA-->NL,QA-->NL,QA-->NL,QA-->NL,QA-->NL,QA-->NL,QA-->NL,QA-->NL,QA-->NL,QA-->NL,QA-->NL,QA-->NL,,,,,,,,,,,,,,,,,NL-->QA,NL-->QA,NL-->QA,NL-->QA,NL-->QA,NL-->QA,NL-->QA,NL-->QA,NL-->QA,NL-->QA,NL-->QA,NL-->QA,NL-->QA,NL-->QA,NL-->QA,NL-->QA,NL-->QA,NL-->QA,NL-->QA
XK,KOS,Republic of Kosovo,Pristina,Europe,Eastern Europe,,XK-->NL,XK-->NL,XK-->NL,XK-->NL,XK-->NL,XK-->NL,XK-->NL,XK-->NL,XK-->NL,XK-->NL,XK-->NL,XK-->NL,XK-->NL,XK-->NL,XK-->NL,XK-->NL,XK-->NL,XK-->NL,XK-->NL,,,,,,,,,,,,,,,,,NL-->XK,NL-->XK,NL-->XK,NL-->XK,NL-->XK,NL-->XK,NL-->XK,NL-->XK,NL-->XK,NL-->XK,NL-->XK,NL-->XK,NL-->XK,NL-->XK,NL-->XK,NL-->XK,NL-->XK,NL-->XK,NL-->XK
RE,REU,Réunion,Saint-Denis,Africa,Eastern Africa,,RE-->NL,RE-->NL,RE-->NL,RE-->NL,RE-->NL,RE-->NL,RE-->NL,RE-->NL,RE-->NL,RE-->NL,RE-->NL,RE-->NL,RE-->NL,RE-->NL,RE-->NL,RE-->NL,RE-->NL,RE-->NL,RE-->NL,,,,,,,,,,,,,,,,,NL-->RE,NL-->RE,NL-->RE,NL-->RE,NL-->RE,NL-->RE,NL-->RE,NL-->RE,NL-->RE,NL-->RE,NL-->RE,NL-->RE,NL-->RE,NL-->RE,NL-->RE,NL-->RE,NL-->RE,NL-->RE,NL-->RE
RO,ROU,Romania,Bucharest,Europe,Eastern Europe,,RO-->NL,RO-->NL,RO-->NL,RO-->NL,RO-->NL,RO-->NL,RO-->NL,RO-->NL,RO-->NL,RO-->NL,RO-->NL,RO-->NL,RO-->NL,RO-->NL,RO-->NL,RO-->NL,RO-->NL,RO-->NL,RO-->NL,,,,,,,,,,,,,,,,,NL-->RO,NL-->RO,NL-->RO,NL-->RO,NL-->RO,NL-->RO,NL-->RO,NL-->RO,NL-->RO,NL-->RO,NL-->RO,NL-->RO,NL-->RO,NL-->RO,NL-->RO,NL-->RO,NL-->RO,NL-->RO,NL-->RO
RU,RUS,Russia,Moscow,Europe,Eastern Europe,,RU-->NL,RU-->NL,RU-->NL,RU-->NL,RU-->NL,RU-->NL,RU-->NL,RU-->NL,RU-->NL,RU-->NL,RU-->NL,RU-->NL,RU-->NL,RU-->NL,RU-->NL,RU-->NL,RU-->NL,RU-->NL,RU-->NL,,,,,,,,,,,,,,,,,NL-->RU,NL-->RU,NL-->RU,NL-->RU,NL-->RU,NL-->RU,NL-->RU,NL-->RU,NL-->RU,NL-->RU,NL-->RU,NL-->RU,NL-->RU,NL-->RU,NL-->RU,NL-->RU,NL-->RU,NL-->RU,NL-->RU
RW,RWA,Rwanda,Kigali,Africa,Eastern Africa,,RW-->NL,RW-->NL,RW-->NL,RW-->NL,RW-->NL,RW-->NL,RW-->NL,RW-->NL,RW-->NL,RW-->NL,RW-->NL,RW-->NL,RW-->NL,RW-->NL,RW-->NL,RW-->NL,RW-->NL,RW-->NL,RW-->NL,,,,,,,,,,,,,,,,,NL-->RW,NL-->RW,NL-->RW,NL-->RW,NL-->RW,NL-->RW,NL-->RW,NL-->RW,NL-->RW,NL-->RW,NL-->RW,NL-->RW,NL-->RW,NL-->RW,NL-->RW,NL-->RW,NL-->RW,NL-->RW,NL-->RW
BL,BLM,Saint Barthélemy,Gustavia,Americas,Caribbean,,BL-->NL,BL-->NL,BL-->NL,BL-->NL,BL-->NL,BL-->NL,BL-->NL,BL-->NL,BL-->NL,BL-->NL,BL-->NL,BL-->NL,BL-->NL,BL-->NL,BL-->NL,BL-->NL,BL-->NL,BL-->NL,BL-->NL,,,,,,,,,,,,,,,,,NL-->BL,NL-->BL,NL-->BL,NL-->BL,NL-->BL,NL-->BL,NL-->BL,NL-->BL,NL-->BL,NL-->BL,NL-->BL,NL-->BL,NL-->BL,NL-->BL,NL-->BL,NL-->BL,NL-->BL,NL-->BL,NL-->BL
SH,SHN,Saint Helena,Jamestown,Africa,Western Africa,,SH-->NL,SH-->NL,SH-->NL,SH-->NL,SH-->NL,SH-->NL,SH-->NL,SH-->NL,SH-->NL,SH-->NL,SH-->NL,SH-->NL,SH-->NL,SH-->NL,SH-->NL,SH-->NL,SH-->NL,SH-->NL,SH-->NL,,,,,,,,,,,,,,,,,NL-->SH,NL-->SH,NL-->SH,NL-->SH,NL-->SH,NL-->SH,NL-->SH,NL-->SH,NL-->SH,NL-->SH,NL-->SH,NL-->SH,NL-->SH,NL-->SH,NL-->SH,NL-->SH,NL-->SH,NL-->SH,NL-->SH
KN,KNA,Saint Kitts and Nevis,Basseterre,Americas,Caribbean,,KN-->NL,KN-->NL,KN-->NL,KN-->NL,KN-->NL,KN-->NL,KN-->NL,KN-->NL,KN-->NL,KN-->NL,KN-->NL,KN-->NL,KN-->NL,KN-->NL,KN-->NL,KN-->NL,KN-->NL,KN-->NL,KN-->NL,,,,,,,,,,,,,,,,,NL-->KN,NL-->KN,NL-->KN,NL-->KN,NL-->KN,NL-->KN,NL-->KN,NL-->KN,NL-->KN,NL-->KN,NL-->KN,NL-->KN,NL-->KN,NL-->KN,NL-->KN,NL-->KN,NL-->KN,NL-->KN,NL-->KN
LC,LCA,Saint Lucia,Castries,Americas,Caribbean,,LC-->NL,LC-->NL,LC-->NL,LC-->NL,LC-->NL,LC-->NL,LC-->NL,LC-->NL,LC-->NL,LC-->NL,LC-->NL,LC-->NL,LC-->NL,LC-->NL,LC-->NL,LC-->NL,LC-->NL,LC-->NL,LC-->NL,,,,,,,,,,,,,,,,,NL-->LC,NL-->LC,NL-->LC,NL-->LC,NL-->LC,NL-->LC,NL-->LC,NL-->LC,NL-->LC,NL-->LC,NL-->LC,NL-->LC,NL-->LC,NL-->LC,NL-->LC,NL-->LC,NL-->LC,NL-->LC,NL-->LC
MF,MAF,Saint Martin,Marigot,Americas,Caribbean,,MF-->NL,MF-->NL,MF-->NL,MF-->NL,MF-->NL,MF-->NL,MF-->NL,MF-->NL,MF-->NL,MF-->NL,MF-->NL,MF-->NL,MF-->NL,MF-->NL,MF-->NL,MF-->NL,MF-->NL,MF-->NL,MF-->NL,,,,,,,,,,,,,,,,,NL-->MF,NL-->MF,NL-->MF,NL-->MF,NL-->MF,NL-->MF,NL-->MF,NL-->MF,NL-->MF,NL-->MF,NL-->MF,NL-->MF,NL-->MF,NL-->MF,NL-->MF,NL-->MF,NL-->MF,NL-->MF,NL-->MF
PM,SPM,Saint Pierre and Miquelon,Saint-Pierre,Americas,Northern America,,PM-->NL,PM-->NL,PM-->NL,PM-->NL,PM-->NL,PM-->NL,PM-->NL,PM-->NL,PM-->NL,PM-->NL,PM-->NL,PM-->NL,PM-->NL,PM-->NL,PM-->NL,PM-->NL,PM-->NL,PM-->NL,PM-->NL,,,,,,,,,,,,,,,,,NL-->PM,NL-->PM,NL-->PM,NL-->PM,NL-->PM,NL-->PM,NL-->PM,NL-->PM,NL-->PM,NL-->PM,NL-->PM,NL-->PM,NL-->PM,NL-->PM,NL-->PM,NL-->PM,NL-->PM,NL-->PM,NL-->PM
VC,VCT,Saint Vincent and the Grenadines,Kingstown,Americas,Caribbean,,VC-->NL,VC-->NL,VC-->NL,VC-->NL,VC-->NL,VC-->NL,VC-->NL,VC-->NL,VC-->NL,VC-->NL,VC-->NL,VC-->NL,VC-->NL,VC-->NL,VC-->NL,VC-->NL,VC-->NL,VC-->NL,VC-->NL,,,,,,,,,,,,,,,,,NL-->VC,NL-->VC,NL-->VC,NL-->VC,NL-->VC,NL-->VC,NL-->VC,NL-->VC,NL-->VC,NL-->VC,NL-->VC,NL-->VC,NL-->VC,NL-->VC,NL-->VC,NL-->VC,NL-->VC,NL-->VC,NL-->VC
WS,WSM,Samoa,Apia,Oceania,Polynesia,,WS-->NL,WS-->NL,WS-->NL,WS-->NL,WS-->NL,WS-->NL,WS-->NL,WS-->NL,WS-->NL,WS-->NL,WS-->NL,WS-->NL,WS-->NL,WS-->NL,WS-->NL,WS-->NL,WS-->NL,WS-->NL,WS-->NL,,,,,,,,,,,,,,,,,NL-->WS,NL-->WS,NL-->WS,NL-->WS,NL-->WS,NL-->WS,NL-->WS,NL-->WS,NL-->WS,NL-->WS,NL-->WS,NL-->WS,NL-->WS,NL-->WS,NL-->WS,NL-->WS,NL-->WS,NL-->WS,NL-->WS
SM,SMR,San Marino,City of San Marino,Europe,Southern Europe,,SM-->NL,SM-->NL,SM-->NL,SM-->NL,SM-->NL,SM-->NL,SM-->NL,SM-->NL,SM-->NL,SM-->NL,SM-->NL,SM-->NL,SM-->NL,SM-->NL,SM-->NL,SM-->NL,SM-->NL,SM-->NL,SM-->NL,,,,,,,,,,,,,,,,,NL-->SM,NL-->SM,NL-->SM,NL-->SM,NL-->SM,NL-->SM,NL-->SM,NL-->SM,NL-->SM,NL-->SM,NL-->SM,NL-->SM,NL-->SM,NL-->SM,NL-->SM,NL-->SM,NL-->SM,NL-->SM,NL-->SM
ST,STP,São Tomé and Príncipe,São Tomé,Africa,Middle Africa,,ST-->NL,ST-->NL,ST-->NL,ST-->NL,ST-->NL,ST-->NL,ST-->NL,ST-->NL,ST-->NL,ST-->NL,ST-->NL,ST-->NL,ST-->NL,ST-->NL,ST-->NL,ST-->NL,ST-->NL,ST-->NL,ST-->NL,,,,,,,,,,,,,,,,,NL-->ST,NL-->ST,NL-->ST,NL-->ST,NL-->ST,NL-->ST,NL-->ST,NL-->ST,NL-->ST,NL-->ST,NL-->ST,NL-->ST,NL-->ST,NL-->ST,NL-->ST,NL-->ST,NL-->ST,NL-->ST,NL-->ST
SA,SAU,Saudi Arabia,Riyadh,Asia,Western Asia,,SA-->NL,SA-->NL,SA-->NL,SA-->NL,SA-->NL,SA-->NL,SA-->NL,SA-->NL,SA-->NL,SA-->NL,SA-->NL,SA-->NL,SA-->NL,SA-->NL,SA-->NL,SA-->NL,SA-->NL,SA-->NL,SA-->NL,,,,,,,,,,,,,,,,,NL-->SA,NL-->SA,NL-->SA,NL-->SA,NL-->SA,NL-->SA,NL-->SA,NL-->SA,NL-->SA,NL-->SA,NL-->SA,NL-->SA,NL-->SA,NL-->SA,NL-->SA,NL-->SA,NL-->SA,NL-->SA,NL-->SA
SN,SEN,Senegal,Dakar,Africa,Western Africa,,SN-->NL,SN-->NL,SN-->NL,SN-->NL,SN-->NL,SN-->NL,SN-->NL,SN-->NL,SN-->NL,SN-->NL,SN-->NL,SN-->NL,SN-->NL,SN-->NL,SN-->NL,SN-->NL,SN-->NL,SN-->NL,SN-->NL,,,,,,,,,,,,,,,,,NL-->SN,NL-->SN,NL-->SN,NL-->SN,NL-->SN,NL-->SN,NL-->SN,NL-->SN,NL-->SN,NL-->SN,NL-->SN,NL-->SN,NL-->SN,NL-->SN,NL-->SN,NL-->SN,NL-->SN,NL-->SN,NL-->SN
RS,SRB,Serbia,Belgrade,Europe,Southern Europe,,RS-->NL,RS-->NL,RS-->NL,RS-->NL,RS-->NL,RS-->NL,RS-->NL,RS-->NL,RS-->NL,RS-->NL,RS-->NL,RS-->NL,RS-->NL,RS-->NL,RS-->NL,RS-->NL,RS-->NL,RS-->NL,RS-->NL,,,,,,,,,,,,,,,,,NL-->RS,NL-->RS,NL-->RS,NL-->RS,NL-->RS,NL-->RS,NL-->RS,NL-->RS,NL-->RS,NL-->RS,NL-->RS,NL-->RS,NL-->RS,NL-->RS,NL-->RS,NL-->RS,NL-->RS,NL-->RS,NL-->RS
SC,SYC,Seychelles,Victoria,Africa,Eastern Africa,,SC-->NL,SC-->NL,SC-->NL,SC-->NL,SC-->NL,SC-->NL,SC-->NL,SC-->NL,SC-->NL,SC-->NL,SC-->NL,SC-->NL,SC-->NL,SC-->NL,SC-->NL,SC-->NL,SC-->NL,SC-->NL,SC-->NL,,,,,,,,,,,,,,,,,NL-->SC,NL-->SC,NL-->SC,NL-->SC,NL-->SC,NL-->SC,NL-->SC,NL-->SC,NL-->SC,NL-->SC,NL-->SC,NL-->SC,NL-->SC,NL-->SC,NL-->SC,NL-->SC,NL-->SC,NL-->SC,NL-->SC
SL,SLE,Sierra Leone,Freetown,Africa,Western Africa,,SL-->NL,SL-->NL,SL-->NL,SL-->NL,SL-->NL,SL-->NL,SL-->NL,SL-->NL,SL-->NL,SL-->NL,SL-->NL,SL-->NL,SL-->NL,SL-->NL,SL-->NL,SL-->NL,SL-->NL,SL-->NL,SL-->NL,,,,,,,,,,,,,,,,,NL-->SL,NL-->SL,NL-->SL,NL-->SL,NL-->SL,NL-->SL,NL-->SL,NL-->SL,NL-->SL,NL-->SL,NL-->SL,NL-->SL,NL-->SL,NL-->SL,NL-->SL,NL-->SL,NL-->SL,NL-->SL,NL-->SL
SG,SGP,Singapore,Singapore,Asia,South-Eastern Asia,,SG-->NL,SG-->NL,SG-->NL,SG-->NL,SG-->NL,SG-->NL,SG-->NL,SG-->NL,SG-->NL,SG-->NL,SG-->NL,SG-->NL,SG-->NL,SG-->NL,SG-->NL,SG-->NL,SG-->NL,SG-->NL,SG-->NL,,,,,,,,,,,,,,,,,NL-->SG,NL-->SG,NL-->SG,NL-->SG,NL-->SG,NL-->SG,NL-->SG,NL-->SG,NL-->SG,NL-->SG,NL-->SG,NL-->SG,NL-->SG,NL-->SG,NL-->SG,NL-->SG,NL-->SG,NL-->SG,NL-->SG
SX,SXM,Sint Maarten,Philipsburg,Americas,Caribbean,,SX-->NL,SX-->NL,SX-->NL,SX-->NL,SX-->NL,SX-->NL,SX-->NL,SX-->NL,SX-->NL,SX-->NL,SX-->NL,SX-->NL,SX-->NL,SX-->NL,SX-->NL,SX-->NL,SX-->NL,SX-->NL,SX-->NL,,,,,,,,,,,,,,,,,NL-->SX,NL-->SX,NL-->SX,NL-->SX,NL-->SX,NL-->SX,NL-->SX,NL-->SX,NL-->SX,NL-->SX,NL-->SX,NL-->SX,NL-->SX,NL-->SX,NL-->SX,NL-->SX,NL-->SX,NL-->SX,NL-->SX
SK,SVK,Slovakia,Bratislava,Europe,Eastern Europe,,SK-->NL,SK-->NL,SK-->NL,SK-->NL,SK-->NL,SK-->NL,SK-->NL,SK-->NL,SK-->NL,SK-->NL,SK-->NL,SK-->NL,SK-->NL,SK-->NL,SK-->NL,SK-->NL,SK-->NL,SK-->NL,SK-->NL,,,,,,,,,,,,,,,,,NL-->SK,NL-->SK,NL-->SK,NL-->SK,NL-->SK,NL-->SK,NL-->SK,NL-->SK,NL-->SK,NL-->SK,NL-->SK,NL-->SK,NL-->SK,NL-->SK,NL-->SK,NL-->SK,NL-->SK,NL-->SK,NL-->SK
SI,SVN,Slovenia,Ljubljana,Europe,Southern Europe,,SI-->NL,SI-->NL,SI-->NL,SI-->NL,SI-->NL,SI-->NL,SI-->NL,SI-->NL,SI-->NL,SI-->NL,SI-->NL,SI-->NL,SI-->NL,SI-->NL,SI-->NL,SI-->NL,SI-->NL,SI-->NL,SI-->NL,,,,,,,,,,,,,,,,,NL-->SI,NL-->SI,NL-->SI,NL-->SI,NL-->SI,NL-->SI,NL-->SI,NL-->SI,NL-->SI,NL-->SI,NL-->SI,NL-->SI,NL-->SI,NL-->SI,NL-->SI,NL-->SI,NL-->SI,NL-->SI,NL-->SI
SB,SLB,Solomon Islands,Honiara,Oceania,Melanesia,,SB-->NL,SB-->NL,SB-->NL,SB-->NL,SB-->NL,SB-->NL,SB-->NL,SB-->NL,SB-->NL,SB-->NL,SB-->NL,SB-->NL,SB-->NL,SB-->NL,SB-->NL,SB-->NL,SB-->NL,SB-->NL,SB-->NL,,,,,,,,,,,,,,,,,NL-->SB,NL-->SB,NL-->SB,NL-->SB,NL-->SB,NL-->SB,NL-->SB,NL-->SB,NL-->SB,NL-->SB,NL-->SB,NL-->SB,NL-->SB,NL-->SB,NL-->SB,NL-->SB,NL-->SB,NL-->SB,NL-->SB
SO,SOM,Somalia,Mogadishu,Africa,Eastern Africa,,SO-->NL,SO-->NL,SO-->NL,SO-->NL,SO-->NL,SO-->NL,SO-->NL,SO-->NL,SO-->NL,SO-->NL,SO-->NL,SO-->NL,SO-->NL,SO-->NL,SO-->NL,SO-->NL,SO-->NL,SO-->NL,SO-->NL,,,,,,,,,,,,,,,,,NL-->SO,NL-->SO,NL-->SO,NL-->SO,NL-->SO,NL-->SO,NL-->SO,NL-->SO,NL-->SO,NL-->SO,NL-->SO,NL-->SO,NL-->SO,NL-->SO,NL-->SO,NL-->SO,NL-->SO,NL-->SO,NL-->SO
ZA,ZAF,South Africa,Pretoria,Africa,Southern Africa,,ZA-->NL,ZA-->NL,ZA-->NL,ZA-->NL,ZA-->NL,ZA-->NL,ZA-->NL,ZA-->NL,ZA-->NL,ZA-->NL,ZA-->NL,ZA-->NL,ZA-->NL,ZA-->NL,ZA-->NL,ZA-->NL,ZA-->NL,ZA-->NL,ZA-->NL,,,,,,,,,,,,,,,,,NL-->ZA,NL-->ZA,NL-->ZA,NL-->ZA,NL-->ZA,NL-->ZA,NL-->ZA,NL-->ZA,NL-->ZA,NL-->ZA,NL-->ZA,NL-->ZA,NL-->ZA,NL-->ZA,NL-->ZA,NL-->ZA,NL-->ZA,NL-->ZA,NL-->ZA
GS,SGS,South Georgia,King Edward Point,Americas,South America,,GS-->NL,GS-->NL,GS-->NL,GS-->NL,GS-->NL,GS-->NL,GS-->NL,GS-->NL,GS-->NL,GS-->NL,GS-->NL,GS-->NL,GS-->NL,GS-->NL,GS-->NL,GS-->NL,GS-->NL,GS-->NL,GS-->NL,,,,,,,,,,,,,,,,,NL-->GS,NL-->GS,NL-->GS,NL-->GS,NL-->GS,NL-->GS,NL-->GS,NL-->GS,NL-->GS,NL-->GS,NL-->GS,NL-->GS,NL-->GS,NL-->GS,NL-->GS,NL-->GS,NL-->GS,NL-->GS,NL-->GS
KR,KOR,South Korea,Seoul,Asia,Eastern Asia,,KR-->NL,KR-->NL,KR-->NL,KR-->NL,KR-->NL,KR-->NL,KR-->NL,KR-->NL,KR-->NL,KR-->NL,KR-->NL,KR-->NL,KR-->NL,KR-->NL,KR-->NL,KR-->NL,KR-->NL,KR-->NL,KR-->NL,,,,,,,,,,,,,,,,,NL-->KR,NL-->KR,NL-->KR,NL-->KR,NL-->KR,NL-->KR,NL-->KR,NL-->KR,NL-->KR,NL-->KR,NL-->KR,NL-->KR,NL-->KR,NL-->KR,NL-->KR,NL-->KR,NL-->KR,NL-->KR,NL-->KR
SS,SSD,South Sudan,Juba,Africa,Middle Africa,,SS-->NL,SS-->NL,SS-->NL,SS-->NL,SS-->NL,SS-->NL,SS-->NL,SS-->NL,SS-->NL,SS-->NL,SS-->NL,SS-->NL,SS-->NL,SS-->NL,SS-->NL,SS-->NL,SS-->NL,SS-->NL,SS-->NL,,,,,,,,,,,,,,,,,NL-->SS,NL-->SS,NL-->SS,NL-->SS,NL-->SS,NL-->SS,NL-->SS,NL-->SS,NL-->SS,NL-->SS,NL-->SS,NL-->SS,NL-->SS,NL-->SS,NL-->SS,NL-->SS,NL-->SS,NL-->SS,NL-->SS
ES,ESP,Spain,Madrid,Europe,Southern Europe,,ES-->NL,ES-->NL,ES-->NL,ES-->NL,ES-->NL,ES-->NL,ES-->NL,ES-->NL,ES-->NL,ES-->NL,ES-->NL,ES-->NL,ES-->NL,ES-->NL,ES-->NL,ES-->NL,ES-->NL,ES-->NL,ES-->NL,,,,,,,,,,,,,,,,,NL-->ES,NL-->ES,NL-->ES,NL-->ES,NL-->ES,NL-->ES,NL-->ES,NL-->ES,NL-->ES,NL-->ES,NL-->ES,NL-->ES,NL-->ES,NL-->ES,NL-->ES,NL-->ES,NL-->ES,NL-->ES,NL-->ES
LK,LKA,Sri Lanka,Colombo,Asia,Southern Asia,,LK-->NL,LK-->NL,LK-->NL,LK-->NL,LK-->NL,LK-->NL,LK-->NL,LK-->NL,LK-->NL,LK-->NL,LK-->NL,LK-->NL,LK-->NL,LK-->NL,LK-->NL,LK-->NL,LK-->NL,LK-->NL,LK-->NL,,,,,,,,,,,,,,,,,NL-->LK,NL-->LK,NL-->LK,NL-->LK,NL-->LK,NL-->LK,NL-->LK,NL-->LK,NL-->LK,NL-->LK,NL-->LK,NL-->LK,NL-->LK,NL-->LK,NL-->LK,NL-->LK,NL-->LK,NL-->LK,NL-->LK
SD,SDN,Sudan,Khartoum,Africa,Northern Africa,,SD-->NL,SD-->NL,SD-->NL,SD-->NL,SD-->NL,SD-->NL,SD-->NL,SD-->NL,SD-->NL,SD-->NL,SD-->NL,SD-->NL,SD-->NL,SD-->NL,SD-->NL,SD-->NL,SD-->NL,SD-->NL,SD-->NL,,,,,,,,,,,,,,,,,NL-->SD,NL-->SD,NL-->SD,NL-->SD,NL-->SD,NL-->SD,NL-->SD,NL-->SD,NL-->SD,NL-->SD,NL-->SD,NL-->SD,NL-->SD,NL-->SD,NL-->SD,NL-->SD,NL-->SD,NL-->SD,NL-->SD
SR,SUR,Suriname,Paramaribo,Americas,South America,,SR-->NL,SR-->NL,SR-->NL,SR-->NL,SR-->NL,SR-->NL,SR-->NL,SR-->NL,SR-->NL,SR-->NL,SR-->NL,SR-->NL,SR-->NL,SR-->NL,SR-->NL,SR-->NL,SR-->NL,SR-->NL,SR-->NL,,,,,,,,,,,,,,,,,NL-->SR,NL-->SR,NL-->SR,NL-->SR,NL-->SR,NL-->SR,NL-->SR,NL-->SR,NL-->SR,NL-->SR,NL-->SR,NL-->SR,NL-->SR,NL-->SR,NL-->SR,NL-->SR,NL-->SR,NL-->SR,NL-->SR
SJ,SJM,Svalbard and Jan Mayen,Longyearbyen,Europe,Northern Europe,,SJ-->NL,SJ-->NL,SJ-->NL,SJ-->NL,SJ-->NL,SJ-->NL,SJ-->NL,SJ-->NL,SJ-->NL,SJ-->NL,SJ-->NL,SJ-->NL,SJ-->NL,SJ-->NL,SJ-->NL,SJ-->NL,SJ-->NL,SJ-->NL,SJ-->NL,,,,,,,,,,,,,,,,,NL-->SJ,NL-->SJ,NL-->SJ,NL-->SJ,NL-->SJ,NL-->SJ,NL-->SJ,NL-->SJ,NL-->SJ,NL-->SJ,NL-->SJ,NL-->SJ,NL-->SJ,NL-->SJ,NL-->SJ,NL-->SJ,NL-->SJ,NL-->SJ,NL-->SJ
SZ,SWZ,Swaziland,Lobamba,Africa,Southern Africa,,SZ-->NL,SZ-->NL,SZ-->NL,SZ-->NL,SZ-->NL,SZ-->NL,SZ-->NL,SZ-->NL,SZ-->NL,SZ-->NL,SZ-->NL,SZ-->NL,SZ-->NL,SZ-->NL,SZ-->NL,SZ-->NL,SZ-->NL,SZ-->NL,SZ-->NL,,,,,,,,,,,,,,,,,NL-->SZ,NL-->SZ,NL-->SZ,NL-->SZ,NL-->SZ,NL-->SZ,NL-->SZ,NL-->SZ,NL-->SZ,NL-->SZ,NL-->SZ,NL-->SZ,NL-->SZ,NL-->SZ,NL-->SZ,NL-->SZ,NL-->SZ,NL-->SZ,NL-->SZ
SE,SWE,Sweden,Stockholm,Europe,Northern Europe,,SE-->NL,SE-->NL,SE-->NL,SE-->NL,SE-->NL,SE-->NL,SE-->NL,SE-->NL,SE-->NL,SE-->NL,SE-->NL,SE-->NL,SE-->NL,SE-->NL,SE-->NL,SE-->NL,SE-->NL,SE-->NL,SE-->NL,,,,,,,,,,,,,,,,,NL-->SE,NL-->SE,NL-->SE,NL-->SE,NL-->SE,NL-->SE,NL-->SE,NL-->SE,NL-->SE,NL-->SE,NL-->SE,NL-->SE,NL-->SE,NL-->SE,NL-->SE,NL-->SE,NL-->SE,NL-->SE,NL-->SE
CH,CHE,Switzerland,Bern,Europe,Western Europe,,CH-->NL,CH-->NL,CH-->NL,CH-->NL,CH-->NL,CH-->NL,CH-->NL,CH-->NL,CH-->NL,CH-->NL,CH-->NL,CH-->NL,CH-->NL,CH-->NL,CH-->NL,CH-->NL,CH-->NL,CH-->NL,CH-->NL,,,,,,,,,,,,,,,,,NL-->CH,NL-->CH,NL-->CH,NL-->CH,NL-->CH,NL-->CH,NL-->CH,NL-->CH,NL-->CH,NL-->CH,NL-->CH,NL-->CH,NL-->CH,NL-->CH,NL-->CH,NL-->CH,NL-->CH,NL-->CH,NL-->CH
SY,SYR,Syria,Damascus,Asia,Western Asia,,SY-->NL,SY-->NL,SY-->NL,SY-->NL,SY-->NL,SY-->NL,SY-->NL,SY-->NL,SY-->NL,SY-->NL,SY-->NL,SY-->NL,SY-->NL,SY-->NL,SY-->NL,SY-->NL,SY-->NL,SY-->NL,SY-->NL,,,,,,,,,,,,,,,,,NL-->SY,NL-->SY,NL-->SY,NL-->SY,NL-->SY,NL-->SY,NL-->SY,NL-->SY,NL-->SY,NL-->SY,NL-->SY,NL-->SY,NL-->SY,NL-->SY,NL-->SY,NL-->SY,NL-->SY,NL-->SY,NL-->SY
TW,TWN,Taiwan,Taipei,Asia,Eastern Asia,,TW-->NL,TW-->NL,TW-->NL,TW-->NL,TW-->NL,TW-->NL,TW-->NL,TW-->NL,TW-->NL,TW-->NL,TW-->NL,TW-->NL,TW-->NL,TW-->NL,TW-->NL,TW-->NL,TW-->NL,TW-->NL,TW-->NL,,,,,,,,,,,,,,,,,NL-->TW,NL-->TW,NL-->TW,NL-->TW,NL-->TW,NL-->TW,NL-->TW,NL-->TW,NL-->TW,NL-->TW,NL-->TW,NL-->TW,NL-->TW,NL-->TW,NL-->TW,NL-->TW,NL-->TW,NL-->TW,NL-->TW
TJ,TJK,Tajikistan,Dushanbe,Asia,Central Asia,,TJ-->NL,TJ-->NL,TJ-->NL,TJ-->NL,TJ-->NL,TJ-->NL,TJ-->NL,TJ-->NL,TJ-->NL,TJ-->NL,TJ-->NL,TJ-->NL,TJ-->NL,TJ-->NL,TJ-->NL,TJ-->NL,TJ-->NL,TJ-->NL,TJ-->NL,,,,,,,,,,,,,,,,,NL-->TJ,NL-->TJ,NL-->TJ,NL-->TJ,NL-->TJ,NL-->TJ,NL-->TJ,NL-->TJ,NL-->TJ,NL-->TJ,NL-->TJ,NL-->TJ,NL-->TJ,NL-->TJ,NL-->TJ,NL-->TJ,NL-->TJ,NL-->TJ,NL-->TJ
TZ,TZA,Tanzania,Dodoma,Africa,Eastern Africa,,TZ-->NL,TZ-->NL,TZ-->NL,TZ-->NL,TZ-->NL,TZ-->NL,TZ-->NL,TZ-->NL,TZ-->NL,TZ-->NL,TZ-->NL,TZ-->NL,TZ-->NL,TZ-->NL,TZ-->NL,TZ-->NL,TZ-->NL,TZ-->NL,TZ-->NL,,,,,,,,,,,,,,,,,NL-->TZ,NL-->TZ,NL-->TZ,NL-->TZ,NL-->TZ,NL-->TZ,NL-->TZ,NL-->TZ,NL-->TZ,NL-->TZ,NL-->TZ,NL-->TZ,NL-->TZ,NL-->TZ,NL-->TZ,NL-->TZ,NL-->TZ,NL-->TZ,NL-->TZ
TH,THA,Thailand,Bangkok,Asia,South-Eastern Asia,,TH-->NL,TH-->NL,TH-->NL,TH-->NL,TH-->NL,TH-->NL,TH-->NL,TH-->NL,TH-->NL,TH-->NL,TH-->NL,TH-->NL,TH-->NL,TH-->NL,TH-->NL,TH-->NL,TH-->NL,TH-->NL,TH-->NL,,,,,,,,,,,,,,,,,NL-->TH,NL-->TH,NL-->TH,NL-->TH,NL-->TH,NL-->TH,NL-->TH,NL-->TH,NL-->TH,NL-->TH,NL-->TH,NL-->TH,NL-->TH,NL-->TH,NL-->TH,NL-->TH,NL-->TH,NL-->TH,NL-->TH
TL,TLS,East Timor,Dili,Asia,South-Eastern Asia,,TL-->NL,TL-->NL,TL-->NL,TL-->NL,TL-->NL,TL-->NL,TL-->NL,TL-->NL,TL-->NL,TL-->NL,TL-->NL,TL-->NL,TL-->NL,TL-->NL,TL-->NL,TL-->NL,TL-->NL,TL-->NL,TL-->NL,,,,,,,,,,,,,,,,,NL-->TL,NL-->TL,NL-->TL,NL-->TL,NL-->TL,NL-->TL,NL-->TL,NL-->TL,NL-->TL,NL-->TL,NL-->TL,NL-->TL,NL-->TL,NL-->TL,NL-->TL,NL-->TL,NL-->TL,NL-->TL,NL-->TL
TG,TGO,Togo,Lomé,Africa,Western Africa,,TG-->NL,TG-->NL,TG-->NL,TG-->NL,TG-->NL,TG-->NL,TG-->NL,TG-->NL,TG-->NL,TG-->NL,TG-->NL,TG-->NL,TG-->NL,TG-->NL,TG-->NL,TG-->NL,TG-->NL,TG-->NL,TG-->NL,,,,,,,,,,,,,,,,,NL-->TG,NL-->TG,NL-->TG,NL-->TG,NL-->TG,NL-->TG,NL-->TG,NL-->TG,NL-->TG,NL-->TG,NL-->TG,NL-->TG,NL-->TG,NL-->TG,NL-->TG,NL-->TG,NL-->TG,NL-->TG,NL-->TG
TK,TKL,Tokelau,Fakaofo,Oceania,Polynesia,,TK-->NL,TK-->NL,TK-->NL,TK-->NL,TK-->NL,TK-->NL,TK-->NL,TK-->NL,TK-->NL,TK-->NL,TK-->NL,TK-->NL,TK-->NL,TK-->NL,TK-->NL,TK-->NL,TK-->NL,TK-->NL,TK-->NL,,,,,,,,,,,,,,,,,NL-->TK,NL-->TK,NL-->TK,NL-->TK,NL-->TK,NL-->TK,NL-->TK,NL-->TK,NL-->TK,NL-->TK,NL-->TK,NL-->TK,NL-->TK,NL-->TK,NL-->TK,NL-->TK,NL-->TK,NL-->TK,NL-->TK
TO,TON,Tonga,Nuku'alofa,Oceania,Polynesia,,TO-->NL,TO-->NL,TO-->NL,TO-->NL,TO-->NL,TO-->NL,TO-->NL,TO-->NL,TO-->NL,TO-->NL,TO-->NL,TO-->NL,TO-->NL,TO-->NL,TO-->NL,TO-->NL,TO-->NL,TO-->NL,TO-->NL,,,,,,,,,,,,,,,,,NL-->TO,NL-->TO,NL-->TO,NL-->TO,NL-->TO,NL-->TO,NL-->TO,NL-->TO,NL-->TO,NL-->TO,NL-->TO,NL-->TO,NL-->TO,NL-->TO,NL-->TO,NL-->TO,NL-->TO,NL-->TO,NL-->TO
TT,TTO,Trinidad and Tobago,Port of Spain,Americas,Caribbean,,TT-->NL,TT-->NL,TT-->NL,TT-->NL,TT-->NL,TT-->NL,TT-->NL,TT-->NL,TT-->NL,TT-->NL,TT-->NL,TT-->NL,TT-->NL,TT-->NL,TT-->NL,TT-->NL,TT-->NL,TT-->NL,TT-->NL,,,,,,,,,,,,,,,,,NL-->TT,NL-->TT,NL-->TT,NL-->TT,NL-->TT,NL-->TT,NL-->TT,NL-->TT,NL-->TT,NL-->TT,NL-->TT,NL-->TT,NL-->TT,NL-->TT,NL-->TT,NL-->TT,NL-->TT,NL-->TT,NL-->TT
TN,TUN,Tunisia,Tunis,Africa,Northern Africa,,TN-->NL,TN-->NL,TN-->NL,TN-->NL,TN-->NL,TN-->NL,TN-->NL,TN-->NL,TN-->NL,TN-->NL,TN-->NL,TN-->NL,TN-->NL,TN-->NL,TN-->NL,TN-->NL,TN-->NL,TN-->NL,TN-->NL,,,,,,,,,,,,,,,,,NL-->TN,NL-->TN,NL-->TN,NL-->TN,NL-->TN,NL-->TN,NL-->TN,NL-->TN,NL-->TN,NL-->TN,NL-->TN,NL-->TN,NL-->TN,NL-->TN,NL-->TN,NL-->TN,NL-->TN,NL-->TN,NL-->TN
TR,TUR,Turkey,Ankara,Asia,Western Asia,,TR-->NL,TR-->NL,TR-->NL,TR-->NL,TR-->NL,TR-->NL,TR-->NL,TR-->NL,TR-->NL,TR-->NL,TR-->NL,TR-->NL,TR-->NL,TR-->NL,TR-->NL,TR-->NL,TR-->NL,TR-->NL,TR-->NL,,,,,,,,,,,,,,,,,NL-->TR,NL-->TR,NL-->TR,NL-->TR,NL-->TR,NL-->TR,NL-->TR,NL-->TR,NL-->TR,NL-->TR,NL-->TR,NL-->TR,NL-->TR,NL-->TR,NL-->TR,NL-->TR,NL-->TR,NL-->TR,NL-->TR
TM,TKM,Turkmenistan,Ashgabat,Asia,Central Asia,,TM-->NL,TM-->NL,TM-->NL,TM-->NL,TM-->NL,TM-->NL,TM-->NL,TM-->NL,TM-->NL,TM-->NL,TM-->NL,TM-->NL,TM-->NL,TM-->NL,TM-->NL,TM-->NL,TM-->NL,TM-->NL,TM-->NL,,,,,,,,,,,,,,,,,NL-->TM,NL-->TM,NL-->TM,NL-->TM,NL-->TM,NL-->TM,NL-->TM,NL-->TM,NL-->TM,NL-->TM,NL-->TM,NL-->TM,NL-->TM,NL-->TM,NL-->TM,NL-->TM,NL-->TM,NL-->TM,NL-->TM
TC,TCA,Turks and Caicos Islands,Cockburn Town,Americas,Caribbean,,TC-->NL,TC-->NL,TC-->NL,TC-->NL,TC-->NL,TC-->NL,TC-->NL,TC-->NL,TC-->NL,TC-->NL,TC-->NL,TC-->NL,TC-->NL,TC-->NL,TC-->NL,TC-->NL,TC-->NL,TC-->NL,TC-->NL,,,,,,,,,,,,,,,,,NL-->TC,NL-->TC,NL-->TC,NL-->TC,NL-->TC,NL-->TC,NL-->TC,NL-->TC,NL-->TC,NL-->TC,NL-->TC,NL-->TC,NL-->TC,NL-->TC,NL-->TC,NL-->TC,NL-->TC,NL-->TC,NL-->TC
TV,TUV,Tuvalu,Funafuti,Oceania,Polynesia,,TV-->NL,TV-->NL,TV-->NL,TV-->NL,TV-->NL,TV-->NL,TV-->NL,TV-->NL,TV-->NL,TV-->NL,TV-->NL,TV-->NL,TV-->NL,TV-->NL,TV-->NL,TV-->NL,TV-->NL,TV-->NL,TV-->NL,,,,,,,,,,,,,,,,,NL-->TV,NL-->TV,NL-->TV,NL-->TV,NL-->TV,NL-->TV,NL-->TV,NL-->TV,NL-->TV,NL-->TV,NL-->TV,NL-->TV,NL-->TV,NL-->TV,NL-->TV,NL-->TV,NL-->TV,NL-->TV,NL-->TV
UG,UGA,Uganda,Kampala,Africa,Eastern Africa,,UG-->NL,UG-->NL,UG-->NL,UG-->NL,UG-->NL,UG-->NL,UG-->NL,UG-->NL,UG-->NL,UG-->NL,UG-->NL,UG-->NL,UG-->NL,UG-->NL,UG-->NL,UG-->NL,UG-->NL,UG-->NL,UG-->NL,,,,,,,,,,,,,,,,,NL-->UG,NL-->UG,NL-->UG,NL-->UG,NL-->UG,NL-->UG,NL-->UG,NL-->UG,NL-->UG,NL-->UG,NL-->UG,NL-->UG,NL-->UG,NL-->UG,NL-->UG,NL-->UG,NL-->UG,NL-->UG,NL-->UG
UA,UKR,Ukraine,Kiev,Europe,Eastern Europe,,UA-->NL,UA-->NL,UA-->NL,UA-->NL,UA-->NL,UA-->NL,UA-->NL,UA-->NL,UA-->NL,UA-->NL,UA-->NL,UA-->NL,UA-->NL,UA-->NL,UA-->NL,UA-->NL,UA-->NL,UA-->NL,UA-->NL,,,,,,,,,,,,,,,,,NL-->UA,NL-->UA,NL-->UA,NL-->UA,NL-->UA,NL-->UA,NL-->UA,NL-->UA,NL-->UA,NL-->UA,NL-->UA,NL-->UA,NL-->UA,NL-->UA,NL-->UA,NL-->UA,NL-->UA,NL-->UA,NL-->UA
AE,ARE,United Arab Emirates,Abu Dhabi,Asia,Western Asia,,AE-->NL,AE-->NL,AE-->NL,AE-->NL,AE-->NL,AE-->NL,AE-->NL,AE-->NL,AE-->NL,AE-->NL,AE-->NL,AE-->NL,AE-->NL,AE-->NL,AE-->NL,AE-->NL,AE-->NL,AE-->NL,AE-->NL,,,,,,,,,,,,,,,,,NL-->AE,NL-->AE,NL-->AE,NL-->AE,NL-->AE,NL-->AE,NL-->AE,NL-->AE,NL-->AE,NL-->AE,NL-->AE,NL-->AE,NL-->AE,NL-->AE,NL-->AE,NL-->AE,NL-->AE,NL-->AE,NL-->AE
GB,GBR,United Kingdom,London,Europe,Northern Europe,,GB-->NL,GB-->NL,GB-->NL,GB-->NL,GB-->NL,GB-->NL,GB-->NL,GB-->NL,GB-->NL,GB-->NL,GB-->NL,GB-->NL,GB-->NL,GB-->NL,GB-->NL,GB-->NL,GB-->NL,GB-->NL,GB-->NL,,,,,,,,,,,,,,,,,NL-->GB,NL-->GB,NL-->GB,NL-->GB,NL-->GB,NL-->GB,NL-->GB,NL-->GB,NL-->GB,NL-->GB,NL-->GB,NL-->GB,NL-->GB,NL-->GB,NL-->GB,NL-->GB,NL-->GB,NL-->GB,NL-->GB
US,USA,United States,"Washington, D.C.",Americas,Northern America,,US-->NL,US-->NL,US-->NL,US-->NL,US-->NL,US-->NL,US-->NL,US-->NL,US-->NL,US-->NL,US-->NL,US-->NL,US-->NL,US-->NL,US-->NL,US-->NL,US-->NL,US-->NL,US-->NL,,,,,,,,,,,,,,,,,NL-->US,NL-->US,NL-->US,NL-->US,NL-->US,NL-->US,NL-->US,NL-->US,NL-->US,NL-->US,NL-->US,NL-->US,NL-->US,NL-->US,NL-->US,NL-->US,NL-->US,NL-->US,NL-->US
UY,URY,Uruguay,Montevideo,Americas,South America,,UY-->NL,UY-->NL,UY-->NL,UY-->NL,UY-->NL,UY-->NL,UY-->NL,UY-->NL,UY-->NL,UY-->NL,UY-->NL,UY-->NL,UY-->NL,UY-->NL,UY-->NL,UY-->NL,UY-->NL,UY-->NL,UY-->NL,,,,,,,,,,,,,,,,,NL-->UY,NL-->UY,NL-->UY,NL-->UY,NL-->UY,NL-->UY,NL-->UY,NL-->UY,NL-->UY,NL-->UY,NL-->UY,NL-->UY,NL-->UY,NL-->UY,NL-->UY,NL-->UY,NL-->UY,NL-->UY,NL-->UY
UZ,UZB,Uzbekistan,Tashkent,Asia,Central Asia,,UZ-->NL,UZ-->NL,UZ-->NL,UZ-->NL,UZ-->NL,UZ-->NL,UZ-->NL,UZ-->NL,UZ-->NL,UZ-->NL,UZ-->NL,UZ-->NL,UZ-->NL,UZ-->NL,UZ-->NL,UZ-->NL,UZ-->NL,UZ-->NL,UZ-->NL,,,,,,,,,,,,,,,,,NL-->UZ,NL-->UZ,NL-->UZ,NL-->UZ,NL-->UZ,NL-->UZ,NL-->UZ,NL-->UZ,NL-->UZ,NL-->UZ,NL-->UZ,NL-->UZ,NL-->UZ,NL-->UZ,NL-->UZ,NL-->UZ,NL-->UZ,NL-->UZ,NL-->UZ
VU,VUT,Vanuatu,Port Vila,Oceania,Melanesia,,VU-->NL,VU-->NL,VU-->NL,VU-->NL,VU-->NL,VU-->NL,VU-->NL,VU-->NL,VU-->NL,VU-->NL,VU-->NL,VU-->NL,VU-->NL,VU-->NL,VU-->NL,VU-->NL,VU-->NL,VU-->NL,VU-->NL,,,,,,,,,,,,,,,,,NL-->VU,NL-->VU,NL-->VU,NL-->VU,NL-->VU,NL-->VU,NL-->VU,NL-->VU,NL-->VU,NL-->VU,NL-->VU,NL-->VU,NL-->VU,NL-->VU,NL-->VU,NL-->VU,NL-->VU,NL-->VU,NL-->VU
VE,VEN,Venezuela,Caracas,Americas,South America,,VE-->NL,VE-->NL,VE-->NL,VE-->NL,VE-->NL,VE-->NL,VE-->NL,VE-->NL,VE-->NL,VE-->NL,VE-->NL,VE-->NL,VE-->NL,VE-->NL,VE-->NL,VE-->NL,VE-->NL,VE-->NL,VE-->NL,,,,,,,,,,,,,,,,,NL-->VE,NL-->VE,NL-->VE,NL-->VE,NL-->VE,NL-->VE,NL-->VE,NL-->VE,NL-->VE,NL-->VE,NL-->VE,NL-->VE,NL-->VE,NL-->VE,NL-->VE,NL-->VE,NL-->VE,NL-->VE,NL-->VE
VN,VNM,Vietnam,Hanoi,Asia,South-Eastern Asia,,VN-->NL,VN-->NL,VN-->NL,VN-->NL,VN-->NL,VN-->NL,VN-->NL,VN-->NL,VN-->NL,VN-->NL,VN-->NL,VN-->NL,VN-->NL,VN-->NL,VN-->NL,VN-->NL,VN-->NL,VN-->NL,VN-->NL,,,,,,,,,,,,,,,,,NL-->VN,NL-->VN,NL-->VN,NL-->VN,NL-->VN,NL-->VN,NL-->VN,NL-->VN,NL-->VN,NL-->VN,NL-->VN,NL-->VN,NL-->VN,NL-->VN,NL-->VN,NL-->VN,NL-->VN,NL-->VN,NL-->VN
WF,WLF,Wallis and Futuna,Mata-Utu,Oceania,Polynesia,,WF-->NL,WF-->NL,WF-->NL,WF-->NL,WF-->NL,WF-->NL,WF-->NL,WF-->NL,WF-->NL,WF-->NL,WF-->NL,WF-->NL,WF-->NL,WF-->NL,WF-->NL,WF-->NL,WF-->NL,WF-->NL,WF-->NL,,,,,,,,,,,,,,,,,NL-->WF,NL-->WF,NL-->WF,NL-->WF,NL-->WF,NL-->WF,NL-->WF,NL-->WF,NL-->WF,NL-->WF,NL-->WF,NL-->WF,NL-->WF,NL-->WF,NL-->WF,NL-->WF,NL-->WF,NL-->WF,NL-->WF
EH,ESH,Western Sahara,El Aaiún,Africa,Northern Africa,,EH-->NL,EH-->NL,EH-->NL,EH-->NL,EH-->NL,EH-->NL,EH-->NL,EH-->NL,EH-->NL,EH-->NL,EH-->NL,EH-->NL,EH-->NL,EH-->NL,EH-->NL,EH-->NL,EH-->NL,EH-->NL,EH-->NL,,,,,,,,,,,,,,,,,NL-->EH,NL-->EH,NL-->EH,NL-->EH,NL-->EH,NL-->EH,NL-->EH,NL-->EH,NL-->EH,NL-->EH,NL-->EH,NL-->EH,NL-->EH,NL-->EH,NL-->EH,NL-->EH,NL-->EH,NL-->EH,NL-->EH
YE,YEM,Yemen,Sana'a,Asia,Western Asia,,YE-->NL,YE-->NL,YE-->NL,YE-->NL,YE-->NL,YE-->NL,YE-->NL,YE-->NL,YE-->NL,YE-->NL,YE-->NL,YE-->NL,YE-->NL,YE-->NL,YE-->NL,YE-->NL,YE-->NL,YE-->NL,YE-->NL,,,,,,,,,,,,,,,,,NL-->YE,NL-->YE,NL-->YE,NL-->YE,NL-->YE,NL-->YE,NL-->YE,NL-->YE,NL-->YE,NL-->YE,NL-->YE,NL-->YE,NL-->YE,NL-->YE,NL-->YE,NL-->YE,NL-->YE,NL-->YE,NL-->YE
ZM,ZMB,Zambia,Lusaka,Africa,Eastern Africa,,ZM-->NL,ZM-->NL,ZM-->NL,ZM-->NL,ZM-->NL,ZM-->NL,ZM-->NL,ZM-->NL,ZM-->NL,ZM-->NL,ZM-->NL,ZM-->NL,ZM-->NL,ZM-->NL,ZM-->NL,ZM-->NL,ZM-->NL,ZM-->NL,ZM-->NL,,,,,,,,,,,,,,,,,NL-->ZM,NL-->ZM,NL-->ZM,NL-->ZM,NL-->ZM,NL-->ZM,NL-->ZM,NL-->ZM,NL-->ZM,NL-->ZM,NL-->ZM,NL-->ZM,NL-->ZM,NL-->ZM,NL-->ZM,NL-->ZM,NL-->ZM,NL-->ZM,NL-->ZM
ZW,ZWE,Zimbabwe,Harare,Africa,Eastern Africa,,ZW-->NL,ZW-->NL,ZW-->NL,ZW-->NL,ZW-->NL,ZW-->NL,ZW-->NL,ZW-->NL,ZW-->NL,ZW-->NL,ZW-->NL,ZW-->NL,ZW-->NL,ZW-->NL,ZW-->NL,ZW-->NL,ZW-->NL,ZW-->NL,ZW-->NL,,,,,,,,,,,,,,,,,NL-->ZW,NL-->ZW,NL-->ZW,NL-->ZW,NL-->ZW,NL-->ZW,NL-->ZW,NL-->ZW,NL-->ZW,NL-->ZW,NL-->ZW,NL-->ZW,NL-->ZW,NL-->ZW,NL-->ZW,NL-->ZW,NL-->ZW,NL-->ZW,NL-->ZW
