nu,code,name,capital,region,subregion,Unnamed: 6,quara/into/where/e,quara/into/where/v,quara/into/where/uv,quara/into/min/e,quara/into/min/v,quara/into/min/uv,quara/into/max/e,quara/into/max/v,quara/into/max/uv,quara/into/comment,test/into/pcr/e,test/into/pcr/v,test/into/pcr/uv,test/into/ag/e,test/into/ag/v,test/into/ag/uv,test/into/comment,visa/into,visa/into/comment,loadStates/into,Unnamed: 27,Unnamed: 28,Unnamed: 29,Unnamed: 30,Unnamed: 31,Unnamed: 32,Unnamed: 33,Unnamed: 34,Unnamed: 35,Unnamed: 36,Unnamed: 37,Unnamed: 38,Unnamed: 39,Unnamed: 40,Unnamed: 41,quara/out/where/e,quara/out/where/v,quara/out/where/uv,quara/out/min/e,quara/out/min/v,quara/out/min/uv,quara/out/max/e,quara/out/max/v,quara/out/max/uv,quara/out/comment,test/out/pcr/e,test/out/pcr/v,test/out/pcr/uv,test/out/ag/e,test/out/ag/v,test/out/ag/uv,test/out/comment,visa/out,visa/out/comment
AF,AFG,Afghanistan,Kabul,Asia,Southern Asia,,AF-->UM,AF-->UM,AF-->UM,AF-->UM,AF-->UM,AF-->UM,AF-->UM,AF-->UM,AF-->UM,AF-->UM,AF-->UM,AF-->UM,AF-->UM,AF-->UM,AF-->UM,AF-->UM,AF-->UM,AF-->UM,AF-->UM,,,,,,,,,,,,,,,,,UM-->AF,UM-->AF,UM-->AF,UM-->AF,UM-->AF,UM-->AF,UM-->AF,UM-->AF,UM-->AF,UM-->AF,UM-->AF,UM-->AF,UM-->AF,UM-->AF,UM-->AF,UM-->AF,UM-->AF,UM-->AF,UM-->AF
AX,ALA,Åland Islands,Mariehamn,Europe,Northern Europe,,AX-->UM,AX-->UM,AX-->UM,AX-->UM,AX-->UM,AX-->UM,AX-->UM,AX-->UM,AX-->UM,AX-->UM,AX-->UM,AX-->UM,AX-->UM,AX-->UM,AX-->UM,AX-->UM,AX-->UM,AX-->UM,AX-->UM,,,,,,,,,,,,,,,,,UM-->AX,UM-->AX,UM-->AX,UM-->AX,UM-->AX,UM-->AX,UM-->AX,UM-->AX,UM-->AX,UM-->AX,UM-->AX,UM-->AX,UM-->AX,UM-->AX,UM-->AX,UM-->AX,UM-->AX,UM-->AX,UM-->AX
AL,ALB,Albania,Tirana,Europe,Southern Europe,,AL-->UM,AL-->UM,AL-->UM,AL-->UM,AL-->UM,AL-->UM,AL-->UM,AL-->UM,AL-->UM,AL-->UM,AL-->UM,AL-->UM,AL-->UM,AL-->UM,AL-->UM,AL-->UM,AL-->UM,AL-->UM,AL-->UM,,,,,,,,,,,,,,,,,UM-->AL,UM-->AL,UM-->AL,UM-->AL,UM-->AL,UM-->AL,UM-->AL,UM-->AL,UM-->AL,UM-->AL,UM-->AL,UM-->AL,UM-->AL,UM-->AL,UM-->AL,UM-->AL,UM-->AL,UM-->AL,UM-->AL
DZ,DZA,Algeria,Algiers,Africa,Northern Africa,,DZ-->UM,DZ-->UM,DZ-->UM,DZ-->UM,DZ-->UM,DZ-->UM,DZ-->UM,DZ-->UM,DZ-->UM,DZ-->UM,DZ-->UM,DZ-->UM,DZ-->UM,DZ-->UM,DZ-->UM,DZ-->UM,DZ-->UM,DZ-->UM,DZ-->UM,,,,,,,,,,,,,,,,,UM-->DZ,UM-->DZ,UM-->DZ,UM-->DZ,UM-->DZ,UM-->DZ,UM-->DZ,UM-->DZ,UM-->DZ,UM-->DZ,UM-->DZ,UM-->DZ,UM-->DZ,UM-->DZ,UM-->DZ,UM-->DZ,UM-->DZ,UM-->DZ,UM-->DZ
AS,ASM,American Samoa,Pago Pago,Oceania,Polynesia,,AS-->UM,AS-->UM,AS-->UM,AS-->UM,AS-->UM,AS-->UM,AS-->UM,AS-->UM,AS-->UM,AS-->UM,AS-->UM,AS-->UM,AS-->UM,AS-->UM,AS-->UM,AS-->UM,AS-->UM,AS-->UM,AS-->UM,,,,,,,,,,,,,,,,,UM-->AS,UM-->AS,UM-->AS,UM-->AS,UM-->AS,UM-->AS,UM-->AS,UM-->AS,UM-->AS,UM-->AS,UM-->AS,UM-->AS,UM-->AS,UM-->AS,UM-->AS,UM-->AS,UM-->AS,UM-->AS,UM-->AS
AD,AND,Andorra,Andorra la Vella,Europe,Southern Europe,,AD-->UM,AD-->UM,AD-->UM,AD-->UM,AD-->UM,AD-->UM,AD-->UM,AD-->UM,AD-->UM,AD-->UM,AD-->UM,AD-->UM,AD-->UM,AD-->UM,AD-->UM,AD-->UM,AD-->UM,AD-->UM,AD-->UM,,,,,,,,,,,,,,,,,UM-->AD,UM-->AD,UM-->AD,UM-->AD,UM-->AD,UM-->AD,UM-->AD,UM-->AD,UM-->AD,UM-->AD,UM-->AD,UM-->AD,UM-->AD,UM-->AD,UM-->AD,UM-->AD,UM-->AD,UM-->AD,UM-->AD
AO,AGO,Angola,Luanda,Africa,Middle Africa,,AO-->UM,AO-->UM,AO-->UM,AO-->UM,AO-->UM,AO-->UM,AO-->UM,AO-->UM,AO-->UM,AO-->UM,AO-->UM,AO-->UM,AO-->UM,AO-->UM,AO-->UM,AO-->UM,AO-->UM,AO-->UM,AO-->UM,,,,,,,,,,,,,,,,,UM-->AO,UM-->AO,UM-->AO,UM-->AO,UM-->AO,UM-->AO,UM-->AO,UM-->AO,UM-->AO,UM-->AO,UM-->AO,UM-->AO,UM-->AO,UM-->AO,UM-->AO,UM-->AO,UM-->AO,UM-->AO,UM-->AO
AI,AIA,Anguilla,The Valley,Americas,Caribbean,,AI-->UM,AI-->UM,AI-->UM,AI-->UM,AI-->UM,AI-->UM,AI-->UM,AI-->UM,AI-->UM,AI-->UM,AI-->UM,AI-->UM,AI-->UM,AI-->UM,AI-->UM,AI-->UM,AI-->UM,AI-->UM,AI-->UM,,,,,,,,,,,,,,,,,UM-->AI,UM-->AI,UM-->AI,UM-->AI,UM-->AI,UM-->AI,UM-->AI,UM-->AI,UM-->AI,UM-->AI,UM-->AI,UM-->AI,UM-->AI,UM-->AI,UM-->AI,UM-->AI,UM-->AI,UM-->AI,UM-->AI
AQ,ATA,Antarctica,,Polar,,,AQ-->UM,AQ-->UM,AQ-->UM,AQ-->UM,AQ-->UM,AQ-->UM,AQ-->UM,AQ-->UM,AQ-->UM,AQ-->UM,AQ-->UM,AQ-->UM,AQ-->UM,AQ-->UM,AQ-->UM,AQ-->UM,AQ-->UM,AQ-->UM,AQ-->UM,,,,,,,,,,,,,,,,,UM-->AQ,UM-->AQ,UM-->AQ,UM-->AQ,UM-->AQ,UM-->AQ,UM-->AQ,UM-->AQ,UM-->AQ,UM-->AQ,UM-->AQ,UM-->AQ,UM-->AQ,UM-->AQ,UM-->AQ,UM-->AQ,UM-->AQ,UM-->AQ,UM-->AQ
AG,ATG,Antigua and Barbuda,Saint John's,Americas,Caribbean,,AG-->UM,AG-->UM,AG-->UM,AG-->UM,AG-->UM,AG-->UM,AG-->UM,AG-->UM,AG-->UM,AG-->UM,AG-->UM,AG-->UM,AG-->UM,AG-->UM,AG-->UM,AG-->UM,AG-->UM,AG-->UM,AG-->UM,,,,,,,,,,,,,,,,,UM-->AG,UM-->AG,UM-->AG,UM-->AG,UM-->AG,UM-->AG,UM-->AG,UM-->AG,UM-->AG,UM-->AG,UM-->AG,UM-->AG,UM-->AG,UM-->AG,UM-->AG,UM-->AG,UM-->AG,UM-->AG,UM-->AG
AR,ARG,Argentina,Buenos Aires,Americas,South America,,AR-->UM,AR-->UM,AR-->UM,AR-->UM,AR-->UM,AR-->UM,AR-->UM,AR-->UM,AR-->UM,AR-->UM,AR-->UM,AR-->UM,AR-->UM,AR-->UM,AR-->UM,AR-->UM,AR-->UM,AR-->UM,AR-->UM,,,,,,,,,,,,,,,,,UM-->AR,UM-->AR,UM-->AR,UM-->AR,UM-->AR,UM-->AR,UM-->AR,UM-->AR,UM-->AR,UM-->AR,UM-->AR,UM-->AR,UM-->AR,UM-->AR,UM-->AR,UM-->AR,UM-->AR,UM-->AR,UM-->AR
AM,ARM,Armenia,Yerevan,Asia,Western Asia,,AM-->UM,AM-->UM,AM-->UM,AM-->UM,AM-->UM,AM-->UM,AM-->UM,AM-->UM,AM-->UM,AM-->UM,AM-->UM,AM-->UM,AM-->UM,AM-->UM,AM-->UM,AM-->UM,AM-->UM,AM-->UM,AM-->UM,,,,,,,,,,,,,,,,,UM-->AM,UM-->AM,UM-->AM,UM-->AM,UM-->AM,UM-->AM,UM-->AM,UM-->AM,UM-->AM,UM-->AM,UM-->AM,UM-->AM,UM-->AM,UM-->AM,UM-->AM,UM-->AM,UM-->AM,UM-->AM,UM-->AM
AW,ABW,Aruba,Oranjestad,Americas,Caribbean,,AW-->UM,AW-->UM,AW-->UM,AW-->UM,AW-->UM,AW-->UM,AW-->UM,AW-->UM,AW-->UM,AW-->UM,AW-->UM,AW-->UM,AW-->UM,AW-->UM,AW-->UM,AW-->UM,AW-->UM,AW-->UM,AW-->UM,,,,,,,,,,,,,,,,,UM-->AW,UM-->AW,UM-->AW,UM-->AW,UM-->AW,UM-->AW,UM-->AW,UM-->AW,UM-->AW,UM-->AW,UM-->AW,UM-->AW,UM-->AW,UM-->AW,UM-->AW,UM-->AW,UM-->AW,UM-->AW,UM-->AW
AU,AUS,Australia,Canberra,Oceania,Australia and New Zealand,,AU-->UM,AU-->UM,AU-->UM,AU-->UM,AU-->UM,AU-->UM,AU-->UM,AU-->UM,AU-->UM,AU-->UM,AU-->UM,AU-->UM,AU-->UM,AU-->UM,AU-->UM,AU-->UM,AU-->UM,AU-->UM,AU-->UM,,,,,,,,,,,,,,,,,UM-->AU,UM-->AU,UM-->AU,UM-->AU,UM-->AU,UM-->AU,UM-->AU,UM-->AU,UM-->AU,UM-->AU,UM-->AU,UM-->AU,UM-->AU,UM-->AU,UM-->AU,UM-->AU,UM-->AU,UM-->AU,UM-->AU
AT,AUT,Austria,Vienna,Europe,Western Europe,,AT-->UM,AT-->UM,AT-->UM,AT-->UM,AT-->UM,AT-->UM,AT-->UM,AT-->UM,AT-->UM,AT-->UM,AT-->UM,AT-->UM,AT-->UM,AT-->UM,AT-->UM,AT-->UM,AT-->UM,AT-->UM,AT-->UM,,,,,,,,,,,,,,,,,UM-->AT,UM-->AT,UM-->AT,UM-->AT,UM-->AT,UM-->AT,UM-->AT,UM-->AT,UM-->AT,UM-->AT,UM-->AT,UM-->AT,UM-->AT,UM-->AT,UM-->AT,UM-->AT,UM-->AT,UM-->AT,UM-->AT
AZ,AZE,Azerbaijan,Baku,Asia,Western Asia,,AZ-->UM,AZ-->UM,AZ-->UM,AZ-->UM,AZ-->UM,AZ-->UM,AZ-->UM,AZ-->UM,AZ-->UM,AZ-->UM,AZ-->UM,AZ-->UM,AZ-->UM,AZ-->UM,AZ-->UM,AZ-->UM,AZ-->UM,AZ-->UM,AZ-->UM,,,,,,,,,,,,,,,,,UM-->AZ,UM-->AZ,UM-->AZ,UM-->AZ,UM-->AZ,UM-->AZ,UM-->AZ,UM-->AZ,UM-->AZ,UM-->AZ,UM-->AZ,UM-->AZ,UM-->AZ,UM-->AZ,UM-->AZ,UM-->AZ,UM-->AZ,UM-->AZ,UM-->AZ
BS,BHS,The Bahamas,Nassau,Americas,Caribbean,,BS-->UM,BS-->UM,BS-->UM,BS-->UM,BS-->UM,BS-->UM,BS-->UM,BS-->UM,BS-->UM,BS-->UM,BS-->UM,BS-->UM,BS-->UM,BS-->UM,BS-->UM,BS-->UM,BS-->UM,BS-->UM,BS-->UM,,,,,,,,,,,,,,,,,UM-->BS,UM-->BS,UM-->BS,UM-->BS,UM-->BS,UM-->BS,UM-->BS,UM-->BS,UM-->BS,UM-->BS,UM-->BS,UM-->BS,UM-->BS,UM-->BS,UM-->BS,UM-->BS,UM-->BS,UM-->BS,UM-->BS
BH,BHR,Bahrain,Manama,Asia,Western Asia,,BH-->UM,BH-->UM,BH-->UM,BH-->UM,BH-->UM,BH-->UM,BH-->UM,BH-->UM,BH-->UM,BH-->UM,BH-->UM,BH-->UM,BH-->UM,BH-->UM,BH-->UM,BH-->UM,BH-->UM,BH-->UM,BH-->UM,,,,,,,,,,,,,,,,,UM-->BH,UM-->BH,UM-->BH,UM-->BH,UM-->BH,UM-->BH,UM-->BH,UM-->BH,UM-->BH,UM-->BH,UM-->BH,UM-->BH,UM-->BH,UM-->BH,UM-->BH,UM-->BH,UM-->BH,UM-->BH,UM-->BH
BD,BGD,Bangladesh,Dhaka,Asia,Southern Asia,,BD-->UM,BD-->UM,BD-->UM,BD-->UM,BD-->UM,BD-->UM,BD-->UM,BD-->UM,BD-->UM,BD-->UM,BD-->UM,BD-->UM,BD-->UM,BD-->UM,BD-->UM,BD-->UM,BD-->UM,BD-->UM,BD-->UM,,,,,,,,,,,,,,,,,UM-->BD,UM-->BD,UM-->BD,UM-->BD,UM-->BD,UM-->BD,UM-->BD,UM-->BD,UM-->BD,UM-->BD,UM-->BD,UM-->BD,UM-->BD,UM-->BD,UM-->BD,UM-->BD,UM-->BD,UM-->BD,UM-->BD
BB,BRB,Barbados,Bridgetown,Americas,Caribbean,,BB-->UM,BB-->UM,BB-->UM,BB-->UM,BB-->UM,BB-->UM,BB-->UM,BB-->UM,BB-->UM,BB-->UM,BB-->UM,BB-->UM,BB-->UM,BB-->UM,BB-->UM,BB-->UM,BB-->UM,BB-->UM,BB-->UM,,,,,,,,,,,,,,,,,UM-->BB,UM-->BB,UM-->BB,UM-->BB,UM-->BB,UM-->BB,UM-->BB,UM-->BB,UM-->BB,UM-->BB,UM-->BB,UM-->BB,UM-->BB,UM-->BB,UM-->BB,UM-->BB,UM-->BB,UM-->BB,UM-->BB
BY,BLR,Belarus,Minsk,Europe,Eastern Europe,,BY-->UM,BY-->UM,BY-->UM,BY-->UM,BY-->UM,BY-->UM,BY-->UM,BY-->UM,BY-->UM,BY-->UM,BY-->UM,BY-->UM,BY-->UM,BY-->UM,BY-->UM,BY-->UM,BY-->UM,BY-->UM,BY-->UM,,,,,,,,,,,,,,,,,UM-->BY,UM-->BY,UM-->BY,UM-->BY,UM-->BY,UM-->BY,UM-->BY,UM-->BY,UM-->BY,UM-->BY,UM-->BY,UM-->BY,UM-->BY,UM-->BY,UM-->BY,UM-->BY,UM-->BY,UM-->BY,UM-->BY
BE,BEL,Belgium,Brussels,Europe,Western Europe,,BE-->UM,BE-->UM,BE-->UM,BE-->UM,BE-->UM,BE-->UM,BE-->UM,BE-->UM,BE-->UM,BE-->UM,BE-->UM,BE-->UM,BE-->UM,BE-->UM,BE-->UM,BE-->UM,BE-->UM,BE-->UM,BE-->UM,,,,,,,,,,,,,,,,,UM-->BE,UM-->BE,UM-->BE,UM-->BE,UM-->BE,UM-->BE,UM-->BE,UM-->BE,UM-->BE,UM-->BE,UM-->BE,UM-->BE,UM-->BE,UM-->BE,UM-->BE,UM-->BE,UM-->BE,UM-->BE,UM-->BE
BZ,BLZ,Belize,Belmopan,Americas,Central America,,BZ-->UM,BZ-->UM,BZ-->UM,BZ-->UM,BZ-->UM,BZ-->UM,BZ-->UM,BZ-->UM,BZ-->UM,BZ-->UM,BZ-->UM,BZ-->UM,BZ-->UM,BZ-->UM,BZ-->UM,BZ-->UM,BZ-->UM,BZ-->UM,BZ-->UM,,,,,,,,,,,,,,,,,UM-->BZ,UM-->BZ,UM-->BZ,UM-->BZ,UM-->BZ,UM-->BZ,UM-->BZ,UM-->BZ,UM-->BZ,UM-->BZ,UM-->BZ,UM-->BZ,UM-->BZ,UM-->BZ,UM-->BZ,UM-->BZ,UM-->BZ,UM-->BZ,UM-->BZ
BJ,BEN,Benin,Porto-Novo,Africa,Western Africa,,BJ-->UM,BJ-->UM,BJ-->UM,BJ-->UM,BJ-->UM,BJ-->UM,BJ-->UM,BJ-->UM,BJ-->UM,BJ-->UM,BJ-->UM,BJ-->UM,BJ-->UM,BJ-->UM,BJ-->UM,BJ-->UM,BJ-->UM,BJ-->UM,BJ-->UM,,,,,,,,,,,,,,,,,UM-->BJ,UM-->BJ,UM-->BJ,UM-->BJ,UM-->BJ,UM-->BJ,UM-->BJ,UM-->BJ,UM-->BJ,UM-->BJ,UM-->BJ,UM-->BJ,UM-->BJ,UM-->BJ,UM-->BJ,UM-->BJ,UM-->BJ,UM-->BJ,UM-->BJ
BM,BMU,Bermuda,Hamilton,Americas,Northern America,,BM-->UM,BM-->UM,BM-->UM,BM-->UM,BM-->UM,BM-->UM,BM-->UM,BM-->UM,BM-->UM,BM-->UM,BM-->UM,BM-->UM,BM-->UM,BM-->UM,BM-->UM,BM-->UM,BM-->UM,BM-->UM,BM-->UM,,,,,,,,,,,,,,,,,UM-->BM,UM-->BM,UM-->BM,UM-->BM,UM-->BM,UM-->BM,UM-->BM,UM-->BM,UM-->BM,UM-->BM,UM-->BM,UM-->BM,UM-->BM,UM-->BM,UM-->BM,UM-->BM,UM-->BM,UM-->BM,UM-->BM
BT,BTN,Bhutan,Thimphu,Asia,Southern Asia,,BT-->UM,BT-->UM,BT-->UM,BT-->UM,BT-->UM,BT-->UM,BT-->UM,BT-->UM,BT-->UM,BT-->UM,BT-->UM,BT-->UM,BT-->UM,BT-->UM,BT-->UM,BT-->UM,BT-->UM,BT-->UM,BT-->UM,,,,,,,,,,,,,,,,,UM-->BT,UM-->BT,UM-->BT,UM-->BT,UM-->BT,UM-->BT,UM-->BT,UM-->BT,UM-->BT,UM-->BT,UM-->BT,UM-->BT,UM-->BT,UM-->BT,UM-->BT,UM-->BT,UM-->BT,UM-->BT,UM-->BT
BO,BOL,Bolivia,Sucre,Americas,South America,,BO-->UM,BO-->UM,BO-->UM,BO-->UM,BO-->UM,BO-->UM,BO-->UM,BO-->UM,BO-->UM,BO-->UM,BO-->UM,BO-->UM,BO-->UM,BO-->UM,BO-->UM,BO-->UM,BO-->UM,BO-->UM,BO-->UM,,,,,,,,,,,,,,,,,UM-->BO,UM-->BO,UM-->BO,UM-->BO,UM-->BO,UM-->BO,UM-->BO,UM-->BO,UM-->BO,UM-->BO,UM-->BO,UM-->BO,UM-->BO,UM-->BO,UM-->BO,UM-->BO,UM-->BO,UM-->BO,UM-->BO
BQ,BES,Bonaire,Kralendijk,Americas,Caribbean,,BQ-->UM,BQ-->UM,BQ-->UM,BQ-->UM,BQ-->UM,BQ-->UM,BQ-->UM,BQ-->UM,BQ-->UM,BQ-->UM,BQ-->UM,BQ-->UM,BQ-->UM,BQ-->UM,BQ-->UM,BQ-->UM,BQ-->UM,BQ-->UM,BQ-->UM,,,,,,,,,,,,,,,,,UM-->BQ,UM-->BQ,UM-->BQ,UM-->BQ,UM-->BQ,UM-->BQ,UM-->BQ,UM-->BQ,UM-->BQ,UM-->BQ,UM-->BQ,UM-->BQ,UM-->BQ,UM-->BQ,UM-->BQ,UM-->BQ,UM-->BQ,UM-->BQ,UM-->BQ
BA,BIH,Bosnia and Herzegovina,Sarajevo,Europe,Southern Europe,,BA-->UM,BA-->UM,BA-->UM,BA-->UM,BA-->UM,BA-->UM,BA-->UM,BA-->UM,BA-->UM,BA-->UM,BA-->UM,BA-->UM,BA-->UM,BA-->UM,BA-->UM,BA-->UM,BA-->UM,BA-->UM,BA-->UM,,,,,,,,,,,,,,,,,UM-->BA,UM-->BA,UM-->BA,UM-->BA,UM-->BA,UM-->BA,UM-->BA,UM-->BA,UM-->BA,UM-->BA,UM-->BA,UM-->BA,UM-->BA,UM-->BA,UM-->BA,UM-->BA,UM-->BA,UM-->BA,UM-->BA
BW,BWA,Botswana,Gaborone,Africa,Southern Africa,,BW-->UM,BW-->UM,BW-->UM,BW-->UM,BW-->UM,BW-->UM,BW-->UM,BW-->UM,BW-->UM,BW-->UM,BW-->UM,BW-->UM,BW-->UM,BW-->UM,BW-->UM,BW-->UM,BW-->UM,BW-->UM,BW-->UM,,,,,,,,,,,,,,,,,UM-->BW,UM-->BW,UM-->BW,UM-->BW,UM-->BW,UM-->BW,UM-->BW,UM-->BW,UM-->BW,UM-->BW,UM-->BW,UM-->BW,UM-->BW,UM-->BW,UM-->BW,UM-->BW,UM-->BW,UM-->BW,UM-->BW
BV,BVT,Bouvet Island,,,,,BV-->UM,BV-->UM,BV-->UM,BV-->UM,BV-->UM,BV-->UM,BV-->UM,BV-->UM,BV-->UM,BV-->UM,BV-->UM,BV-->UM,BV-->UM,BV-->UM,BV-->UM,BV-->UM,BV-->UM,BV-->UM,BV-->UM,,,,,,,,,,,,,,,,,UM-->BV,UM-->BV,UM-->BV,UM-->BV,UM-->BV,UM-->BV,UM-->BV,UM-->BV,UM-->BV,UM-->BV,UM-->BV,UM-->BV,UM-->BV,UM-->BV,UM-->BV,UM-->BV,UM-->BV,UM-->BV,UM-->BV
BR,BRA,Brazil,Brasília,Americas,South America,,BR-->UM,BR-->UM,BR-->UM,BR-->UM,BR-->UM,BR-->UM,BR-->UM,BR-->UM,BR-->UM,BR-->UM,BR-->UM,BR-->UM,BR-->UM,BR-->UM,BR-->UM,BR-->UM,BR-->UM,BR-->UM,BR-->UM,,,,,,,,,,,,,,,,,UM-->BR,UM-->BR,UM-->BR,UM-->BR,UM-->BR,UM-->BR,UM-->BR,UM-->BR,UM-->BR,UM-->BR,UM-->BR,UM-->BR,UM-->BR,UM-->BR,UM-->BR,UM-->BR,UM-->BR,UM-->BR,UM-->BR
IO,IOT,British Indian Ocean Territory,Diego Garcia,Africa,Eastern Africa,,IO-->UM,IO-->UM,IO-->UM,IO-->UM,IO-->UM,IO-->UM,IO-->UM,IO-->UM,IO-->UM,IO-->UM,IO-->UM,IO-->UM,IO-->UM,IO-->UM,IO-->UM,IO-->UM,IO-->UM,IO-->UM,IO-->UM,,,,,,,,,,,,,,,,,UM-->IO,UM-->IO,UM-->IO,UM-->IO,UM-->IO,UM-->IO,UM-->IO,UM-->IO,UM-->IO,UM-->IO,UM-->IO,UM-->IO,UM-->IO,UM-->IO,UM-->IO,UM-->IO,UM-->IO,UM-->IO,UM-->IO
UM,UMI,United States Minor Outlying Islands,,Americas,Northern America,,UM-->UM,UM-->UM,UM-->UM,UM-->UM,UM-->UM,UM-->UM,UM-->UM,UM-->UM,UM-->UM,UM-->UM,UM-->UM,UM-->UM,UM-->UM,UM-->UM,UM-->UM,UM-->UM,UM-->UM,UM-->UM,UM-->UM,,,,,,,,,,,,,,,,,UM-->UM,UM-->UM,UM-->UM,UM-->UM,UM-->UM,UM-->UM,UM-->UM,UM-->UM,UM-->UM,UM-->UM,UM-->UM,UM-->UM,UM-->UM,UM-->UM,UM-->UM,UM-->UM,UM-->UM,UM-->UM,UM-->UM
VG,VGB,Virgin Islands (British),Road Town,Americas,Caribbean,,VG-->UM,VG-->UM,VG-->UM,VG-->UM,VG-->UM,VG-->UM,VG-->UM,VG-->UM,VG-->UM,VG-->UM,VG-->UM,VG-->UM,VG-->UM,VG-->UM,VG-->UM,VG-->UM,VG-->UM,VG-->UM,VG-->UM,,,,,,,,,,,,,,,,,UM-->VG,UM-->VG,UM-->VG,UM-->VG,UM-->VG,UM-->VG,UM-->VG,UM-->VG,UM-->VG,UM-->VG,UM-->VG,UM-->VG,UM-->VG,UM-->VG,UM-->VG,UM-->VG,UM-->VG,UM-->VG,UM-->VG
VI,VIR,Virgin Islands (U.S.),Charlotte Amalie,Americas,Caribbean,,VI-->UM,VI-->UM,VI-->UM,VI-->UM,VI-->UM,VI-->UM,VI-->UM,VI-->UM,VI-->UM,VI-->UM,VI-->UM,VI-->UM,VI-->UM,VI-->UM,VI-->UM,VI-->UM,VI-->UM,VI-->UM,VI-->UM,,,,,,,,,,,,,,,,,UM-->VI,UM-->VI,UM-->VI,UM-->VI,UM-->VI,UM-->VI,UM-->VI,UM-->VI,UM-->VI,UM-->VI,UM-->VI,UM-->VI,UM-->VI,UM-->VI,UM-->VI,UM-->VI,UM-->VI,UM-->VI,UM-->VI
BN,BRN,Brunei,Bandar Seri Begawan,Asia,South-Eastern Asia,,BN-->UM,BN-->UM,BN-->UM,BN-->UM,BN-->UM,BN-->UM,BN-->UM,BN-->UM,BN-->UM,BN-->UM,BN-->UM,BN-->UM,BN-->UM,BN-->UM,BN-->UM,BN-->UM,BN-->UM,BN-->UM,BN-->UM,,,,,,,,,,,,,,,,,UM-->BN,UM-->BN,UM-->BN,UM-->BN,UM-->BN,UM-->BN,UM-->BN,UM-->BN,UM-->BN,UM-->BN,UM-->BN,UM-->BN,UM-->BN,UM-->BN,UM-->BN,UM-->BN,UM-->BN,UM-->BN,UM-->BN
BG,BGR,Bulgaria,Sofia,Europe,Eastern Europe,,BG-->UM,BG-->UM,BG-->UM,BG-->UM,BG-->UM,BG-->UM,BG-->UM,BG-->UM,BG-->UM,BG-->UM,BG-->UM,BG-->UM,BG-->UM,BG-->UM,BG-->UM,BG-->UM,BG-->UM,BG-->UM,BG-->UM,,,,,,,,,,,,,,,,,UM-->BG,UM-->BG,UM-->BG,UM-->BG,UM-->BG,UM-->BG,UM-->BG,UM-->BG,UM-->BG,UM-->BG,UM-->BG,UM-->BG,UM-->BG,UM-->BG,UM-->BG,UM-->BG,UM-->BG,UM-->BG,UM-->BG
BF,BFA,Burkina Faso,Ouagadougou,Africa,Western Africa,,BF-->UM,BF-->UM,BF-->UM,BF-->UM,BF-->UM,BF-->UM,BF-->UM,BF-->UM,BF-->UM,BF-->UM,BF-->UM,BF-->UM,BF-->UM,BF-->UM,BF-->UM,BF-->UM,BF-->UM,BF-->UM,BF-->UM,,,,,,,,,,,,,,,,,UM-->BF,UM-->BF,UM-->BF,UM-->BF,UM-->BF,UM-->BF,UM-->BF,UM-->BF,UM-->BF,UM-->BF,UM-->BF,UM-->BF,UM-->BF,UM-->BF,UM-->BF,UM-->BF,UM-->BF,UM-->BF,UM-->BF
BI,BDI,Burundi,Bujumbura,Africa,Eastern Africa,,BI-->UM,BI-->UM,BI-->UM,BI-->UM,BI-->UM,BI-->UM,BI-->UM,BI-->UM,BI-->UM,BI-->UM,BI-->UM,BI-->UM,BI-->UM,BI-->UM,BI-->UM,BI-->UM,BI-->UM,BI-->UM,BI-->UM,,,,,,,,,,,,,,,,,UM-->BI,UM-->BI,UM-->BI,UM-->BI,UM-->BI,UM-->BI,UM-->BI,UM-->BI,UM-->BI,UM-->BI,UM-->BI,UM-->BI,UM-->BI,UM-->BI,UM-->BI,UM-->BI,UM-->BI,UM-->BI,UM-->BI
KH,KHM,Cambodia,Phnom Penh,Asia,South-Eastern Asia,,KH-->UM,KH-->UM,KH-->UM,KH-->UM,KH-->UM,KH-->UM,KH-->UM,KH-->UM,KH-->UM,KH-->UM,KH-->UM,KH-->UM,KH-->UM,KH-->UM,KH-->UM,KH-->UM,KH-->UM,KH-->UM,KH-->UM,,,,,,,,,,,,,,,,,UM-->KH,UM-->KH,UM-->KH,UM-->KH,UM-->KH,UM-->KH,UM-->KH,UM-->KH,UM-->KH,UM-->KH,UM-->KH,UM-->KH,UM-->KH,UM-->KH,UM-->KH,UM-->KH,UM-->KH,UM-->KH,UM-->KH
CM,CMR,Cameroon,Yaoundé,Africa,Middle Africa,,CM-->UM,CM-->UM,CM-->UM,CM-->UM,CM-->UM,CM-->UM,CM-->UM,CM-->UM,CM-->UM,CM-->UM,CM-->UM,CM-->UM,CM-->UM,CM-->UM,CM-->UM,CM-->UM,CM-->UM,CM-->UM,CM-->UM,,,,,,,,,,,,,,,,,UM-->CM,UM-->CM,UM-->CM,UM-->CM,UM-->CM,UM-->CM,UM-->CM,UM-->CM,UM-->CM,UM-->CM,UM-->CM,UM-->CM,UM-->CM,UM-->CM,UM-->CM,UM-->CM,UM-->CM,UM-->CM,UM-->CM
CA,CAN,Canada,Ottawa,Americas,Northern America,,CA-->UM,CA-->UM,CA-->UM,CA-->UM,CA-->UM,CA-->UM,CA-->UM,CA-->UM,CA-->UM,CA-->UM,CA-->UM,CA-->UM,CA-->UM,CA-->UM,CA-->UM,CA-->UM,CA-->UM,CA-->UM,CA-->UM,,,,,,,,,,,,,,,,,UM-->CA,UM-->CA,UM-->CA,UM-->CA,UM-->CA,UM-->CA,UM-->CA,UM-->CA,UM-->CA,UM-->CA,UM-->CA,UM-->CA,UM-->CA,UM-->CA,UM-->CA,UM-->CA,UM-->CA,UM-->CA,UM-->CA
CV,CPV,Cape Verde,Praia,Africa,Western Africa,,CV-->UM,CV-->UM,CV-->UM,CV-->UM,CV-->UM,CV-->UM,CV-->UM,CV-->UM,CV-->UM,CV-->UM,CV-->UM,CV-->UM,CV-->UM,CV-->UM,CV-->UM,CV-->UM,CV-->UM,CV-->UM,CV-->UM,,,,,,,,,,,,,,,,,UM-->CV,UM-->CV,UM-->CV,UM-->CV,UM-->CV,UM-->CV,UM-->CV,UM-->CV,UM-->CV,UM-->CV,UM-->CV,UM-->CV,UM-->CV,UM-->CV,UM-->CV,UM-->CV,UM-->CV,UM-->CV,UM-->CV
KY,CYM,Cayman Islands,George Town,Americas,Caribbean,,KY-->UM,KY-->UM,KY-->UM,KY-->UM,KY-->UM,KY-->UM,KY-->UM,KY-->UM,KY-->UM,KY-->UM,KY-->UM,KY-->UM,KY-->UM,KY-->UM,KY-->UM,KY-->UM,KY-->UM,KY-->UM,KY-->UM,,,,,,,,,,,,,,,,,UM-->KY,UM-->KY,UM-->KY,UM-->KY,UM-->KY,UM-->KY,UM-->KY,UM-->KY,UM-->KY,UM-->KY,UM-->KY,UM-->KY,UM-->KY,UM-->KY,UM-->KY,UM-->KY,UM-->KY,UM-->KY,UM-->KY
CF,CAF,Central African Republic,Bangui,Africa,Middle Africa,,CF-->UM,CF-->UM,CF-->UM,CF-->UM,CF-->UM,CF-->UM,CF-->UM,CF-->UM,CF-->UM,CF-->UM,CF-->UM,CF-->UM,CF-->UM,CF-->UM,CF-->UM,CF-->UM,CF-->UM,CF-->UM,CF-->UM,,,,,,,,,,,,,,,,,UM-->CF,UM-->CF,UM-->CF,UM-->CF,UM-->CF,UM-->CF,UM-->CF,UM-->CF,UM-->CF,UM-->CF,UM-->CF,UM-->CF,UM-->CF,UM-->CF,UM-->CF,UM-->CF,UM-->CF,UM-->CF,UM-->CF
TD,TCD,Chad,N'Djamena,Africa,Middle Africa,,TD-->UM,TD-->UM,TD-->UM,TD-->UM,TD-->UM,TD-->UM,TD-->UM,TD-->UM,TD-->UM,TD-->UM,TD-->UM,TD-->UM,TD-->UM,TD-->UM,TD-->UM,TD-->UM,TD-->UM,TD-->UM,TD-->UM,,,,,,,,,,,,,,,,,UM-->TD,UM-->TD,UM-->TD,UM-->TD,UM-->TD,UM-->TD,UM-->TD,UM-->TD,UM-->TD,UM-->TD,UM-->TD,UM-->TD,UM-->TD,UM-->TD,UM-->TD,UM-->TD,UM-->TD,UM-->TD,UM-->TD
CL,CHL,Chile,Santiago,Americas,South America,,CL-->UM,CL-->UM,CL-->UM,CL-->UM,CL-->UM,CL-->UM,CL-->UM,CL-->UM,CL-->UM,CL-->UM,CL-->UM,CL-->UM,CL-->UM,CL-->UM,CL-->UM,CL-->UM,CL-->UM,CL-->UM,CL-->UM,,,,,,,,,,,,,,,,,UM-->CL,UM-->CL,UM-->CL,UM-->CL,UM-->CL,UM-->CL,UM-->CL,UM-->CL,UM-->CL,UM-->CL,UM-->CL,UM-->CL,UM-->CL,UM-->CL,UM-->CL,UM-->CL,UM-->CL,UM-->CL,UM-->CL
CN,CHN,China,Beijing,Asia,Eastern Asia,,CN-->UM,CN-->UM,CN-->UM,CN-->UM,CN-->UM,CN-->UM,CN-->UM,CN-->UM,CN-->UM,CN-->UM,CN-->UM,CN-->UM,CN-->UM,CN-->UM,CN-->UM,CN-->UM,CN-->UM,CN-->UM,CN-->UM,,,,,,,,,,,,,,,,,UM-->CN,UM-->CN,UM-->CN,UM-->CN,UM-->CN,UM-->CN,UM-->CN,UM-->CN,UM-->CN,UM-->CN,UM-->CN,UM-->CN,UM-->CN,UM-->CN,UM-->CN,UM-->CN,UM-->CN,UM-->CN,UM-->CN
CX,CXR,Christmas Island,Flying Fish Cove,Oceania,Australia and New Zealand,,CX-->UM,CX-->UM,CX-->UM,CX-->UM,CX-->UM,CX-->UM,CX-->UM,CX-->UM,CX-->UM,CX-->UM,CX-->UM,CX-->UM,CX-->UM,CX-->UM,CX-->UM,CX-->UM,CX-->UM,CX-->UM,CX-->UM,,,,,,,,,,,,,,,,,UM-->CX,UM-->CX,UM-->CX,UM-->CX,UM-->CX,UM-->CX,UM-->CX,UM-->CX,UM-->CX,UM-->CX,UM-->CX,UM-->CX,UM-->CX,UM-->CX,UM-->CX,UM-->CX,UM-->CX,UM-->CX,UM-->CX
CC,CCK,Cocos (Keeling) Islands,West Island,Oceania,Australia and New Zealand,,CC-->UM,CC-->UM,CC-->UM,CC-->UM,CC-->UM,CC-->UM,CC-->UM,CC-->UM,CC-->UM,CC-->UM,CC-->UM,CC-->UM,CC-->UM,CC-->UM,CC-->UM,CC-->UM,CC-->UM,CC-->UM,CC-->UM,,,,,,,,,,,,,,,,,UM-->CC,UM-->CC,UM-->CC,UM-->CC,UM-->CC,UM-->CC,UM-->CC,UM-->CC,UM-->CC,UM-->CC,UM-->CC,UM-->CC,UM-->CC,UM-->CC,UM-->CC,UM-->CC,UM-->CC,UM-->CC,UM-->CC
CO,COL,Colombia,Bogotá,Americas,South America,,CO-->UM,CO-->UM,CO-->UM,CO-->UM,CO-->UM,CO-->UM,CO-->UM,CO-->UM,CO-->UM,CO-->UM,CO-->UM,CO-->UM,CO-->UM,CO-->UM,CO-->UM,CO-->UM,CO-->UM,CO-->UM,CO-->UM,,,,,,,,,,,,,,,,,UM-->CO,UM-->CO,UM-->CO,UM-->CO,UM-->CO,UM-->CO,UM-->CO,UM-->CO,UM-->CO,UM-->CO,UM-->CO,UM-->CO,UM-->CO,UM-->CO,UM-->CO,UM-->CO,UM-->CO,UM-->CO,UM-->CO
KM,COM,Comoros,Moroni,Africa,Eastern Africa,,KM-->UM,KM-->UM,KM-->UM,KM-->UM,KM-->UM,KM-->UM,KM-->UM,KM-->UM,KM-->UM,KM-->UM,KM-->UM,KM-->UM,KM-->UM,KM-->UM,KM-->UM,KM-->UM,KM-->UM,KM-->UM,KM-->UM,,,,,,,,,,,,,,,,,UM-->KM,UM-->KM,UM-->KM,UM-->KM,UM-->KM,UM-->KM,UM-->KM,UM-->KM,UM-->KM,UM-->KM,UM-->KM,UM-->KM,UM-->KM,UM-->KM,UM-->KM,UM-->KM,UM-->KM,UM-->KM,UM-->KM
CG,COG,Republic of the Congo,Brazzaville,Africa,Middle Africa,,CG-->UM,CG-->UM,CG-->UM,CG-->UM,CG-->UM,CG-->UM,CG-->UM,CG-->UM,CG-->UM,CG-->UM,CG-->UM,CG-->UM,CG-->UM,CG-->UM,CG-->UM,CG-->UM,CG-->UM,CG-->UM,CG-->UM,,,,,,,,,,,,,,,,,UM-->CG,UM-->CG,UM-->CG,UM-->CG,UM-->CG,UM-->CG,UM-->CG,UM-->CG,UM-->CG,UM-->CG,UM-->CG,UM-->CG,UM-->CG,UM-->CG,UM-->CG,UM-->CG,UM-->CG,UM-->CG,UM-->CG
CD,COD,Democratic Republic of the Congo,Kinshasa,Africa,Middle Africa,,CD-->UM,CD-->UM,CD-->UM,CD-->UM,CD-->UM,CD-->UM,CD-->UM,CD-->UM,CD-->UM,CD-->UM,CD-->UM,CD-->UM,CD-->UM,CD-->UM,CD-->UM,CD-->UM,CD-->UM,CD-->UM,CD-->UM,,,,,,,,,,,,,,,,,UM-->CD,UM-->CD,UM-->CD,UM-->CD,UM-->CD,UM-->CD,UM-->CD,UM-->CD,UM-->CD,UM-->CD,UM-->CD,UM-->CD,UM-->CD,UM-->CD,UM-->CD,UM-->CD,UM-->CD,UM-->CD,UM-->CD
CK,COK,Cook Islands,Avarua,Oceania,Polynesia,,CK-->UM,CK-->UM,CK-->UM,CK-->UM,CK-->UM,CK-->UM,CK-->UM,CK-->UM,CK-->UM,CK-->UM,CK-->UM,CK-->UM,CK-->UM,CK-->UM,CK-->UM,CK-->UM,CK-->UM,CK-->UM,CK-->UM,,,,,,,,,,,,,,,,,UM-->CK,UM-->CK,UM-->CK,UM-->CK,UM-->CK,UM-->CK,UM-->CK,UM-->CK,UM-->CK,UM-->CK,UM-->CK,UM-->CK,UM-->CK,UM-->CK,UM-->CK,UM-->CK,UM-->CK,UM-->CK,UM-->CK
CR,CRI,Costa Rica,San José,Americas,Central America,,CR-->UM,CR-->UM,CR-->UM,CR-->UM,CR-->UM,CR-->UM,CR-->UM,CR-->UM,CR-->UM,CR-->UM,CR-->UM,CR-->UM,CR-->UM,CR-->UM,CR-->UM,CR-->UM,CR-->UM,CR-->UM,CR-->UM,,,,,,,,,,,,,,,,,UM-->CR,UM-->CR,UM-->CR,UM-->CR,UM-->CR,UM-->CR,UM-->CR,UM-->CR,UM-->CR,UM-->CR,UM-->CR,UM-->CR,UM-->CR,UM-->CR,UM-->CR,UM-->CR,UM-->CR,UM-->CR,UM-->CR
HR,HRV,Croatia,Zagreb,Europe,Southern Europe,,HR-->UM,HR-->UM,HR-->UM,HR-->UM,HR-->UM,HR-->UM,HR-->UM,HR-->UM,HR-->UM,HR-->UM,HR-->UM,HR-->UM,HR-->UM,HR-->UM,HR-->UM,HR-->UM,HR-->UM,HR-->UM,HR-->UM,,,,,,,,,,,,,,,,,UM-->HR,UM-->HR,UM-->HR,UM-->HR,UM-->HR,UM-->HR,UM-->HR,UM-->HR,UM-->HR,UM-->HR,UM-->HR,UM-->HR,UM-->HR,UM-->HR,UM-->HR,UM-->HR,UM-->HR,UM-->HR,UM-->HR
CU,CUB,Cuba,Havana,Americas,Caribbean,,CU-->UM,CU-->UM,CU-->UM,CU-->UM,CU-->UM,CU-->UM,CU-->UM,CU-->UM,CU-->UM,CU-->UM,CU-->UM,CU-->UM,CU-->UM,CU-->UM,CU-->UM,CU-->UM,CU-->UM,CU-->UM,CU-->UM,,,,,,,,,,,,,,,,,UM-->CU,UM-->CU,UM-->CU,UM-->CU,UM-->CU,UM-->CU,UM-->CU,UM-->CU,UM-->CU,UM-->CU,UM-->CU,UM-->CU,UM-->CU,UM-->CU,UM-->CU,UM-->CU,UM-->CU,UM-->CU,UM-->CU
CW,CUW,Curaçao,Willemstad,Americas,Caribbean,,CW-->UM,CW-->UM,CW-->UM,CW-->UM,CW-->UM,CW-->UM,CW-->UM,CW-->UM,CW-->UM,CW-->UM,CW-->UM,CW-->UM,CW-->UM,CW-->UM,CW-->UM,CW-->UM,CW-->UM,CW-->UM,CW-->UM,,,,,,,,,,,,,,,,,UM-->CW,UM-->CW,UM-->CW,UM-->CW,UM-->CW,UM-->CW,UM-->CW,UM-->CW,UM-->CW,UM-->CW,UM-->CW,UM-->CW,UM-->CW,UM-->CW,UM-->CW,UM-->CW,UM-->CW,UM-->CW,UM-->CW
CY,CYP,Cyprus,Nicosia,Europe,Southern Europe,,CY-->UM,CY-->UM,CY-->UM,CY-->UM,CY-->UM,CY-->UM,CY-->UM,CY-->UM,CY-->UM,CY-->UM,CY-->UM,CY-->UM,CY-->UM,CY-->UM,CY-->UM,CY-->UM,CY-->UM,CY-->UM,CY-->UM,,,,,,,,,,,,,,,,,UM-->CY,UM-->CY,UM-->CY,UM-->CY,UM-->CY,UM-->CY,UM-->CY,UM-->CY,UM-->CY,UM-->CY,UM-->CY,UM-->CY,UM-->CY,UM-->CY,UM-->CY,UM-->CY,UM-->CY,UM-->CY,UM-->CY
CZ,CZE,Czech Republic,Prague,Europe,Eastern Europe,,CZ-->UM,CZ-->UM,CZ-->UM,CZ-->UM,CZ-->UM,CZ-->UM,CZ-->UM,CZ-->UM,CZ-->UM,CZ-->UM,CZ-->UM,CZ-->UM,CZ-->UM,CZ-->UM,CZ-->UM,CZ-->UM,CZ-->UM,CZ-->UM,CZ-->UM,,,,,,,,,,,,,,,,,UM-->CZ,UM-->CZ,UM-->CZ,UM-->CZ,UM-->CZ,UM-->CZ,UM-->CZ,UM-->CZ,UM-->CZ,UM-->CZ,UM-->CZ,UM-->CZ,UM-->CZ,UM-->CZ,UM-->CZ,UM-->CZ,UM-->CZ,UM-->CZ,UM-->CZ
DK,DNK,Denmark,Copenhagen,Europe,Northern Europe,,DK-->UM,DK-->UM,DK-->UM,DK-->UM,DK-->UM,DK-->UM,DK-->UM,DK-->UM,DK-->UM,DK-->UM,DK-->UM,DK-->UM,DK-->UM,DK-->UM,DK-->UM,DK-->UM,DK-->UM,DK-->UM,DK-->UM,,,,,,,,,,,,,,,,,UM-->DK,UM-->DK,UM-->DK,UM-->DK,UM-->DK,UM-->DK,UM-->DK,UM-->DK,UM-->DK,UM-->DK,UM-->DK,UM-->DK,UM-->DK,UM-->DK,UM-->DK,UM-->DK,UM-->DK,UM-->DK,UM-->DK
DJ,DJI,Djibouti,Djibouti,Africa,Eastern Africa,,DJ-->UM,DJ-->UM,DJ-->UM,DJ-->UM,DJ-->UM,DJ-->UM,DJ-->UM,DJ-->UM,DJ-->UM,DJ-->UM,DJ-->UM,DJ-->UM,DJ-->UM,DJ-->UM,DJ-->UM,DJ-->UM,DJ-->UM,DJ-->UM,DJ-->UM,,,,,,,,,,,,,,,,,UM-->DJ,UM-->DJ,UM-->DJ,UM-->DJ,UM-->DJ,UM-->DJ,UM-->DJ,UM-->DJ,UM-->DJ,UM-->DJ,UM-->DJ,UM-->DJ,UM-->DJ,UM-->DJ,UM-->DJ,UM-->DJ,UM-->DJ,UM-->DJ,UM-->DJ
DM,DMA,Dominica,Roseau,Americas,Caribbean,,DM-->UM,DM-->UM,DM-->UM,DM-->UM,DM-->UM,DM-->UM,DM-->UM,DM-->UM,DM-->UM,DM-->UM,DM-->UM,DM-->UM,DM-->UM,DM-->UM,DM-->UM,DM-->UM,DM-->UM,DM-->UM,DM-->UM,,,,,,,,,,,,,,,,,UM-->DM,UM-->DM,UM-->DM,UM-->DM,UM-->DM,UM-->DM,UM-->DM,UM-->DM,UM-->DM,UM-->DM,UM-->DM,UM-->DM,UM-->DM,UM-->DM,UM-->DM,UM-->DM,UM-->DM,UM-->DM,UM-->DM
DO,DOM,Dominican Republic,Santo Domingo,Americas,Caribbean,,DO-->UM,DO-->UM,DO-->UM,DO-->UM,DO-->UM,DO-->UM,DO-->UM,DO-->UM,DO-->UM,DO-->UM,DO-->UM,DO-->UM,DO-->UM,DO-->UM,DO-->UM,DO-->UM,DO-->UM,DO-->UM,DO-->UM,,,,,,,,,,,,,,,,,UM-->DO,UM-->DO,UM-->DO,UM-->DO,UM-->DO,UM-->DO,UM-->DO,UM-->DO,UM-->DO,UM-->DO,UM-->DO,UM-->DO,UM-->DO,UM-->DO,UM-->DO,UM-->DO,UM-->DO,UM-->DO,UM-->DO
EC,ECU,Ecuador,Quito,Americas,South America,,EC-->UM,EC-->UM,EC-->UM,EC-->UM,EC-->UM,EC-->UM,EC-->UM,EC-->UM,EC-->UM,EC-->UM,EC-->UM,EC-->UM,EC-->UM,EC-->UM,EC-->UM,EC-->UM,EC-->UM,EC-->UM,EC-->UM,,,,,,,,,,,,,,,,,UM-->EC,UM-->EC,UM-->EC,UM-->EC,UM-->EC,UM-->EC,UM-->EC,UM-->EC,UM-->EC,UM-->EC,UM-->EC,UM-->EC,UM-->EC,UM-->EC,UM-->EC,UM-->EC,UM-->EC,UM-->EC,UM-->EC
EG,EGY,Egypt,Cairo,Africa,Northern Africa,,EG-->UM,EG-->UM,EG-->UM,EG-->UM,EG-->UM,EG-->UM,EG-->UM,EG-->UM,EG-->UM,EG-->UM,EG-->UM,EG-->UM,EG-->UM,EG-->UM,EG-->UM,EG-->UM,EG-->UM,EG-->UM,EG-->UM,,,,,,,,,,,,,,,,,UM-->EG,UM-->EG,UM-->EG,UM-->EG,UM-->EG,UM-->EG,UM-->EG,UM-->EG,UM-->EG,UM-->EG,UM-->EG,UM-->EG,UM-->EG,UM-->EG,UM-->EG,UM-->EG,UM-->EG,UM-->EG,UM-->EG
SV,SLV,El Salvador,San Salvador,Americas,Central America,,SV-->UM,SV-->UM,SV-->UM,SV-->UM,SV-->UM,SV-->UM,SV-->UM,SV-->UM,SV-->UM,SV-->UM,SV-->UM,SV-->UM,SV-->UM,SV-->UM,SV-->UM,SV-->UM,SV-->UM,SV-->UM,SV-->UM,,,,,,,,,,,,,,,,,UM-->SV,UM-->SV,UM-->SV,UM-->SV,UM-->SV,UM-->SV,UM-->SV,UM-->SV,UM-->SV,UM-->SV,UM-->SV,UM-->SV,UM-->SV,UM-->SV,UM-->SV,UM-->SV,UM-->SV,UM-->SV,UM-->SV
GQ,GNQ,Equatorial Guinea,Malabo,Africa,Middle Africa,,GQ-->UM,GQ-->UM,GQ-->UM,GQ-->UM,GQ-->UM,GQ-->UM,GQ-->UM,GQ-->UM,GQ-->UM,GQ-->UM,GQ-->UM,GQ-->UM,GQ-->UM,GQ-->UM,GQ-->UM,GQ-->UM,GQ-->UM,GQ-->UM,GQ-->UM,,,,,,,,,,,,,,,,,UM-->GQ,UM-->GQ,UM-->GQ,UM-->GQ,UM-->GQ,UM-->GQ,UM-->GQ,UM-->GQ,UM-->GQ,UM-->GQ,UM-->GQ,UM-->GQ,UM-->GQ,UM-->GQ,UM-->GQ,UM-->GQ,UM-->GQ,UM-->GQ,UM-->GQ
ER,ERI,Eritrea,Asmara,Africa,Eastern Africa,,ER-->UM,ER-->UM,ER-->UM,ER-->UM,ER-->UM,ER-->UM,ER-->UM,ER-->UM,ER-->UM,ER-->UM,ER-->UM,ER-->UM,ER-->UM,ER-->UM,ER-->UM,ER-->UM,ER-->UM,ER-->UM,ER-->UM,,,,,,,,,,,,,,,,,UM-->ER,UM-->ER,UM-->ER,UM-->ER,UM-->ER,UM-->ER,UM-->ER,UM-->ER,UM-->ER,UM-->ER,UM-->ER,UM-->ER,UM-->ER,UM-->ER,UM-->ER,UM-->ER,UM-->ER,UM-->ER,UM-->ER
EE,EST,Estonia,Tallinn,Europe,Northern Europe,,EE-->UM,EE-->UM,EE-->UM,EE-->UM,EE-->UM,EE-->UM,EE-->UM,EE-->UM,EE-->UM,EE-->UM,EE-->UM,EE-->UM,EE-->UM,EE-->UM,EE-->UM,EE-->UM,EE-->UM,EE-->UM,EE-->UM,,,,,,,,,,,,,,,,,UM-->EE,UM-->EE,UM-->EE,UM-->EE,UM-->EE,UM-->EE,UM-->EE,UM-->EE,UM-->EE,UM-->EE,UM-->EE,UM-->EE,UM-->EE,UM-->EE,UM-->EE,UM-->EE,UM-->EE,UM-->EE,UM-->EE
ET,ETH,Ethiopia,Addis Ababa,Africa,Eastern Africa,,ET-->UM,ET-->UM,ET-->UM,ET-->UM,ET-->UM,ET-->UM,ET-->UM,ET-->UM,ET-->UM,ET-->UM,ET-->UM,ET-->UM,ET-->UM,ET-->UM,ET-->UM,ET-->UM,ET-->UM,ET-->UM,ET-->UM,,,,,,,,,,,,,,,,,UM-->ET,UM-->ET,UM-->ET,UM-->ET,UM-->ET,UM-->ET,UM-->ET,UM-->ET,UM-->ET,UM-->ET,UM-->ET,UM-->ET,UM-->ET,UM-->ET,UM-->ET,UM-->ET,UM-->ET,UM-->ET,UM-->ET
FK,FLK,Falkland Islands,Stanley,Americas,South America,,FK-->UM,FK-->UM,FK-->UM,FK-->UM,FK-->UM,FK-->UM,FK-->UM,FK-->UM,FK-->UM,FK-->UM,FK-->UM,FK-->UM,FK-->UM,FK-->UM,FK-->UM,FK-->UM,FK-->UM,FK-->UM,FK-->UM,,,,,,,,,,,,,,,,,UM-->FK,UM-->FK,UM-->FK,UM-->FK,UM-->FK,UM-->FK,UM-->FK,UM-->FK,UM-->FK,UM-->FK,UM-->FK,UM-->FK,UM-->FK,UM-->FK,UM-->FK,UM-->FK,UM-->FK,UM-->FK,UM-->FK
FO,FRO,Faroe Islands,Tórshavn,Europe,Northern Europe,,FO-->UM,FO-->UM,FO-->UM,FO-->UM,FO-->UM,FO-->UM,FO-->UM,FO-->UM,FO-->UM,FO-->UM,FO-->UM,FO-->UM,FO-->UM,FO-->UM,FO-->UM,FO-->UM,FO-->UM,FO-->UM,FO-->UM,,,,,,,,,,,,,,,,,UM-->FO,UM-->FO,UM-->FO,UM-->FO,UM-->FO,UM-->FO,UM-->FO,UM-->FO,UM-->FO,UM-->FO,UM-->FO,UM-->FO,UM-->FO,UM-->FO,UM-->FO,UM-->FO,UM-->FO,UM-->FO,UM-->FO
FJ,FJI,Fiji,Suva,Oceania,Melanesia,,FJ-->UM,FJ-->UM,FJ-->UM,FJ-->UM,FJ-->UM,FJ-->UM,FJ-->UM,FJ-->UM,FJ-->UM,FJ-->UM,FJ-->UM,FJ-->UM,FJ-->UM,FJ-->UM,FJ-->UM,FJ-->UM,FJ-->UM,FJ-->UM,FJ-->UM,,,,,,,,,,,,,,,,,UM-->FJ,UM-->FJ,UM-->FJ,UM-->FJ,UM-->FJ,UM-->FJ,UM-->FJ,UM-->FJ,UM-->FJ,UM-->FJ,UM-->FJ,UM-->FJ,UM-->FJ,UM-->FJ,UM-->FJ,UM-->FJ,UM-->FJ,UM-->FJ,UM-->FJ
FI,FIN,Finland,Helsinki,Europe,Northern Europe,,FI-->UM,FI-->UM,FI-->UM,FI-->UM,FI-->UM,FI-->UM,FI-->UM,FI-->UM,FI-->UM,FI-->UM,FI-->UM,FI-->UM,FI-->UM,FI-->UM,FI-->UM,FI-->UM,FI-->UM,FI-->UM,FI-->UM,,,,,,,,,,,,,,,,,UM-->FI,UM-->FI,UM-->FI,UM-->FI,UM-->FI,UM-->FI,UM-->FI,UM-->FI,UM-->FI,UM-->FI,UM-->FI,UM-->FI,UM-->FI,UM-->FI,UM-->FI,UM-->FI,UM-->FI,UM-->FI,UM-->FI
FR,FRA,France,Paris,Europe,Western Europe,,FR-->UM,FR-->UM,FR-->UM,FR-->UM,FR-->UM,FR-->UM,FR-->UM,FR-->UM,FR-->UM,FR-->UM,FR-->UM,FR-->UM,FR-->UM,FR-->UM,FR-->UM,FR-->UM,FR-->UM,FR-->UM,FR-->UM,,,,,,,,,,,,,,,,,UM-->FR,UM-->FR,UM-->FR,UM-->FR,UM-->FR,UM-->FR,UM-->FR,UM-->FR,UM-->FR,UM-->FR,UM-->FR,UM-->FR,UM-->FR,UM-->FR,UM-->FR,UM-->FR,UM-->FR,UM-->FR,UM-->FR
GF,GUF,French Guiana,Cayenne,Americas,South America,,GF-->UM,GF-->UM,GF-->UM,GF-->UM,GF-->UM,GF-->UM,GF-->UM,GF-->UM,GF-->UM,GF-->UM,GF-->UM,GF-->UM,GF-->UM,GF-->UM,GF-->UM,GF-->UM,GF-->UM,GF-->UM,GF-->UM,,,,,,,,,,,,,,,,,UM-->GF,UM-->GF,UM-->GF,UM-->GF,UM-->GF,UM-->GF,UM-->GF,UM-->GF,UM-->GF,UM-->GF,UM-->GF,UM-->GF,UM-->GF,UM-->GF,UM-->GF,UM-->GF,UM-->GF,UM-->GF,UM-->GF
PF,PYF,French Polynesia,Papeetē,Oceania,Polynesia,,PF-->UM,PF-->UM,PF-->UM,PF-->UM,PF-->UM,PF-->UM,PF-->UM,PF-->UM,PF-->UM,PF-->UM,PF-->UM,PF-->UM,PF-->UM,PF-->UM,PF-->UM,PF-->UM,PF-->UM,PF-->UM,PF-->UM,,,,,,,,,,,,,,,,,UM-->PF,UM-->PF,UM-->PF,UM-->PF,UM-->PF,UM-->PF,UM-->PF,UM-->PF,UM-->PF,UM-->PF,UM-->PF,UM-->PF,UM-->PF,UM-->PF,UM-->PF,UM-->PF,UM-->PF,UM-->PF,UM-->PF
TF,ATF,French Southern and Antarctic Lands,Port-aux-Français,Africa,Southern Africa,,TF-->UM,TF-->UM,TF-->UM,TF-->UM,TF-->UM,TF-->UM,TF-->UM,TF-->UM,TF-->UM,TF-->UM,TF-->UM,TF-->UM,TF-->UM,TF-->UM,TF-->UM,TF-->UM,TF-->UM,TF-->UM,TF-->UM,,,,,,,,,,,,,,,,,UM-->TF,UM-->TF,UM-->TF,UM-->TF,UM-->TF,UM-->TF,UM-->TF,UM-->TF,UM-->TF,UM-->TF,UM-->TF,UM-->TF,UM-->TF,UM-->TF,UM-->TF,UM-->TF,UM-->TF,UM-->TF,UM-->TF
GA,GAB,Gabon,Libreville,Africa,Middle Africa,,GA-->UM,GA-->UM,GA-->UM,GA-->UM,GA-->UM,GA-->UM,GA-->UM,GA-->UM,GA-->UM,GA-->UM,GA-->UM,GA-->UM,GA-->UM,GA-->UM,GA-->UM,GA-->UM,GA-->UM,GA-->UM,GA-->UM,,,,,,,,,,,,,,,,,UM-->GA,UM-->GA,UM-->GA,UM-->GA,UM-->GA,UM-->GA,UM-->GA,UM-->GA,UM-->GA,UM-->GA,UM-->GA,UM-->GA,UM-->GA,UM-->GA,UM-->GA,UM-->GA,UM-->GA,UM-->GA,UM-->GA
GM,GMB,The Gambia,Banjul,Africa,Western Africa,,GM-->UM,GM-->UM,GM-->UM,GM-->UM,GM-->UM,GM-->UM,GM-->UM,GM-->UM,GM-->UM,GM-->UM,GM-->UM,GM-->UM,GM-->UM,GM-->UM,GM-->UM,GM-->UM,GM-->UM,GM-->UM,GM-->UM,,,,,,,,,,,,,,,,,UM-->GM,UM-->GM,UM-->GM,UM-->GM,UM-->GM,UM-->GM,UM-->GM,UM-->GM,UM-->GM,UM-->GM,UM-->GM,UM-->GM,UM-->GM,UM-->GM,UM-->GM,UM-->GM,UM-->GM,UM-->GM,UM-->GM
GE,GEO,Georgia,Tbilisi,Asia,Western Asia,,GE-->UM,GE-->UM,GE-->UM,GE-->UM,GE-->UM,GE-->UM,GE-->UM,GE-->UM,GE-->UM,GE-->UM,GE-->UM,GE-->UM,GE-->UM,GE-->UM,GE-->UM,GE-->UM,GE-->UM,GE-->UM,GE-->UM,,,,,,,,,,,,,,,,,UM-->GE,UM-->GE,UM-->GE,UM-->GE,UM-->GE,UM-->GE,UM-->GE,UM-->GE,UM-->GE,UM-->GE,UM-->GE,UM-->GE,UM-->GE,UM-->GE,UM-->GE,UM-->GE,UM-->GE,UM-->GE,UM-->GE
DE,DEU,Germany,Berlin,Europe,Western Europe,,DE-->UM,DE-->UM,DE-->UM,DE-->UM,DE-->UM,DE-->UM,DE-->UM,DE-->UM,DE-->UM,DE-->UM,DE-->UM,DE-->UM,DE-->UM,DE-->UM,DE-->UM,DE-->UM,DE-->UM,DE-->UM,DE-->UM,,,,,,,,,,,,,,,,,UM-->DE,UM-->DE,UM-->DE,UM-->DE,UM-->DE,UM-->DE,UM-->DE,UM-->DE,UM-->DE,UM-->DE,UM-->DE,UM-->DE,UM-->DE,UM-->DE,UM-->DE,UM-->DE,UM-->DE,UM-->DE,UM-->DE
GH,GHA,Ghana,Accra,Africa,Western Africa,,GH-->UM,GH-->UM,GH-->UM,GH-->UM,GH-->UM,GH-->UM,GH-->UM,GH-->UM,GH-->UM,GH-->UM,GH-->UM,GH-->UM,GH-->UM,GH-->UM,GH-->UM,GH-->UM,GH-->UM,GH-->UM,GH-->UM,,,,,,,,,,,,,,,,,UM-->GH,UM-->GH,UM-->GH,UM-->GH,UM-->GH,UM-->GH,UM-->GH,UM-->GH,UM-->GH,UM-->GH,UM-->GH,UM-->GH,UM-->GH,UM-->GH,UM-->GH,UM-->GH,UM-->GH,UM-->GH,UM-->GH
GI,GIB,Gibraltar,Gibraltar,Europe,Southern Europe,,GI-->UM,GI-->UM,GI-->UM,GI-->UM,GI-->UM,GI-->UM,GI-->UM,GI-->UM,GI-->UM,GI-->UM,GI-->UM,GI-->UM,GI-->UM,GI-->UM,GI-->UM,GI-->UM,GI-->UM,GI-->UM,GI-->UM,,,,,,,,,,,,,,,,,UM-->GI,UM-->GI,UM-->GI,UM-->GI,UM-->GI,UM-->GI,UM-->GI,UM-->GI,UM-->GI,UM-->GI,UM-->GI,UM-->GI,UM-->GI,UM-->GI,UM-->GI,UM-->GI,UM-->GI,UM-->GI,UM-->GI
GR,GRC,Greece,Athens,Europe,Southern Europe,,GR-->UM,GR-->UM,GR-->UM,GR-->UM,GR-->UM,GR-->UM,GR-->UM,GR-->UM,GR-->UM,GR-->UM,GR-->UM,GR-->UM,GR-->UM,GR-->UM,GR-->UM,GR-->UM,GR-->UM,GR-->UM,GR-->UM,,,,,,,,,,,,,,,,,UM-->GR,UM-->GR,UM-->GR,UM-->GR,UM-->GR,UM-->GR,UM-->GR,UM-->GR,UM-->GR,UM-->GR,UM-->GR,UM-->GR,UM-->GR,UM-->GR,UM-->GR,UM-->GR,UM-->GR,UM-->GR,UM-->GR
GL,GRL,Greenland,Nuuk,Americas,Northern America,,GL-->UM,GL-->UM,GL-->UM,GL-->UM,GL-->UM,GL-->UM,GL-->UM,GL-->UM,GL-->UM,GL-->UM,GL-->UM,GL-->UM,GL-->UM,GL-->UM,GL-->UM,GL-->UM,GL-->UM,GL-->UM,GL-->UM,,,,,,,,,,,,,,,,,UM-->GL,UM-->GL,UM-->GL,UM-->GL,UM-->GL,UM-->GL,UM-->GL,UM-->GL,UM-->GL,UM-->GL,UM-->GL,UM-->GL,UM-->GL,UM-->GL,UM-->GL,UM-->GL,UM-->GL,UM-->GL,UM-->GL
GD,GRD,Grenada,St. George's,Americas,Caribbean,,GD-->UM,GD-->UM,GD-->UM,GD-->UM,GD-->UM,GD-->UM,GD-->UM,GD-->UM,GD-->UM,GD-->UM,GD-->UM,GD-->UM,GD-->UM,GD-->UM,GD-->UM,GD-->UM,GD-->UM,GD-->UM,GD-->UM,,,,,,,,,,,,,,,,,UM-->GD,UM-->GD,UM-->GD,UM-->GD,UM-->GD,UM-->GD,UM-->GD,UM-->GD,UM-->GD,UM-->GD,UM-->GD,UM-->GD,UM-->GD,UM-->GD,UM-->GD,UM-->GD,UM-->GD,UM-->GD,UM-->GD
GP,GLP,Guadeloupe,Basse-Terre,Americas,Caribbean,,GP-->UM,GP-->UM,GP-->UM,GP-->UM,GP-->UM,GP-->UM,GP-->UM,GP-->UM,GP-->UM,GP-->UM,GP-->UM,GP-->UM,GP-->UM,GP-->UM,GP-->UM,GP-->UM,GP-->UM,GP-->UM,GP-->UM,,,,,,,,,,,,,,,,,UM-->GP,UM-->GP,UM-->GP,UM-->GP,UM-->GP,UM-->GP,UM-->GP,UM-->GP,UM-->GP,UM-->GP,UM-->GP,UM-->GP,UM-->GP,UM-->GP,UM-->GP,UM-->GP,UM-->GP,UM-->GP,UM-->GP
GU,GUM,Guam,Hagåtña,Oceania,Micronesia,,GU-->UM,GU-->UM,GU-->UM,GU-->UM,GU-->UM,GU-->UM,GU-->UM,GU-->UM,GU-->UM,GU-->UM,GU-->UM,GU-->UM,GU-->UM,GU-->UM,GU-->UM,GU-->UM,GU-->UM,GU-->UM,GU-->UM,,,,,,,,,,,,,,,,,UM-->GU,UM-->GU,UM-->GU,UM-->GU,UM-->GU,UM-->GU,UM-->GU,UM-->GU,UM-->GU,UM-->GU,UM-->GU,UM-->GU,UM-->GU,UM-->GU,UM-->GU,UM-->GU,UM-->GU,UM-->GU,UM-->GU
GT,GTM,Guatemala,Guatemala City,Americas,Central America,,GT-->UM,GT-->UM,GT-->UM,GT-->UM,GT-->UM,GT-->UM,GT-->UM,GT-->UM,GT-->UM,GT-->UM,GT-->UM,GT-->UM,GT-->UM,GT-->UM,GT-->UM,GT-->UM,GT-->UM,GT-->UM,GT-->UM,,,,,,,,,,,,,,,,,UM-->GT,UM-->GT,UM-->GT,UM-->GT,UM-->GT,UM-->GT,UM-->GT,UM-->GT,UM-->GT,UM-->GT,UM-->GT,UM-->GT,UM-->GT,UM-->GT,UM-->GT,UM-->GT,UM-->GT,UM-->GT,UM-->GT
GG,GGY,Guernsey,St. Peter Port,Europe,Northern Europe,,GG-->UM,GG-->UM,GG-->UM,GG-->UM,GG-->UM,GG-->UM,GG-->UM,GG-->UM,GG-->UM,GG-->UM,GG-->UM,GG-->UM,GG-->UM,GG-->UM,GG-->UM,GG-->UM,GG-->UM,GG-->UM,GG-->UM,,,,,,,,,,,,,,,,,UM-->GG,UM-->GG,UM-->GG,UM-->GG,UM-->GG,UM-->GG,UM-->GG,UM-->GG,UM-->GG,UM-->GG,UM-->GG,UM-->GG,UM-->GG,UM-->GG,UM-->GG,UM-->GG,UM-->GG,UM-->GG,UM-->GG
GN,GIN,Guinea,Conakry,Africa,Western Africa,,GN-->UM,GN-->UM,GN-->UM,GN-->UM,GN-->UM,GN-->UM,GN-->UM,GN-->UM,GN-->UM,GN-->UM,GN-->UM,GN-->UM,GN-->UM,GN-->UM,GN-->UM,GN-->UM,GN-->UM,GN-->UM,GN-->UM,,,,,,,,,,,,,,,,,UM-->GN,UM-->GN,UM-->GN,UM-->GN,UM-->GN,UM-->GN,UM-->GN,UM-->GN,UM-->GN,UM-->GN,UM-->GN,UM-->GN,UM-->GN,UM-->GN,UM-->GN,UM-->GN,UM-->GN,UM-->GN,UM-->GN
GW,GNB,Guinea-Bissau,Bissau,Africa,Western Africa,,GW-->UM,GW-->UM,GW-->UM,GW-->UM,GW-->UM,GW-->UM,GW-->UM,GW-->UM,GW-->UM,GW-->UM,GW-->UM,GW-->UM,GW-->UM,GW-->UM,GW-->UM,GW-->UM,GW-->UM,GW-->UM,GW-->UM,,,,,,,,,,,,,,,,,UM-->GW,UM-->GW,UM-->GW,UM-->GW,UM-->GW,UM-->GW,UM-->GW,UM-->GW,UM-->GW,UM-->GW,UM-->GW,UM-->GW,UM-->GW,UM-->GW,UM-->GW,UM-->GW,UM-->GW,UM-->GW,UM-->GW
GY,GUY,Guyana,Georgetown,Americas,South America,,GY-->UM,GY-->UM,GY-->UM,GY-->UM,GY-->UM,GY-->UM,GY-->UM,GY-->UM,GY-->UM,GY-->UM,GY-->UM,GY-->UM,GY-->UM,GY-->UM,GY-->UM,GY-->UM,GY-->UM,GY-->UM,GY-->UM,,,,,,,,,,,,,,,,,UM-->GY,UM-->GY,UM-->GY,UM-->GY,UM-->GY,UM-->GY,UM-->GY,UM-->GY,UM-->GY,UM-->GY,UM-->GY,UM-->GY,UM-->GY,UM-->GY,UM-->GY,UM-->GY,UM-->GY,UM-->GY,UM-->GY
HT,HTI,Haiti,Port-au-Prince,Americas,Caribbean,,HT-->UM,HT-->UM,HT-->UM,HT-->UM,HT-->UM,HT-->UM,HT-->UM,HT-->UM,HT-->UM,HT-->UM,HT-->UM,HT-->UM,HT-->UM,HT-->UM,HT-->UM,HT-->UM,HT-->UM,HT-->UM,HT-->UM,,,,,,,,,,,,,,,,,UM-->HT,UM-->HT,UM-->HT,UM-->HT,UM-->HT,UM-->HT,UM-->HT,UM-->HT,UM-->HT,UM-->HT,UM-->HT,UM-->HT,UM-->HT,UM-->HT,UM-->HT,UM-->HT,UM-->HT,UM-->HT,UM-->HT
HM,HMD,Heard Island and McDonald Islands,,,,,HM-->UM,HM-->UM,HM-->UM,HM-->UM,HM-->UM,HM-->UM,HM-->UM,HM-->UM,HM-->UM,HM-->UM,HM-->UM,HM-->UM,HM-->UM,HM-->UM,HM-->UM,HM-->UM,HM-->UM,HM-->UM,HM-->UM,,,,,,,,,,,,,,,,,UM-->HM,UM-->HM,UM-->HM,UM-->HM,UM-->HM,UM-->HM,UM-->HM,UM-->HM,UM-->HM,UM-->HM,UM-->HM,UM-->HM,UM-->HM,UM-->HM,UM-->HM,UM-->HM,UM-->HM,UM-->HM,UM-->HM
VA,VAT,Holy See,Rome,Europe,Southern Europe,,VA-->UM,VA-->UM,VA-->UM,VA-->UM,VA-->UM,VA-->UM,VA-->UM,VA-->UM,VA-->UM,VA-->UM,VA-->UM,VA-->UM,VA-->UM,VA-->UM,VA-->UM,VA-->UM,VA-->UM,VA-->UM,VA-->UM,,,,,,,,,,,,,,,,,UM-->VA,UM-->VA,UM-->VA,UM-->VA,UM-->VA,UM-->VA,UM-->VA,UM-->VA,UM-->VA,UM-->VA,UM-->VA,UM-->VA,UM-->VA,UM-->VA,UM-->VA,UM-->VA,UM-->VA,UM-->VA,UM-->VA
HN,HND,Honduras,Tegucigalpa,Americas,Central America,,HN-->UM,HN-->UM,HN-->UM,HN-->UM,HN-->UM,HN-->UM,HN-->UM,HN-->UM,HN-->UM,HN-->UM,HN-->UM,HN-->UM,HN-->UM,HN-->UM,HN-->UM,HN-->UM,HN-->UM,HN-->UM,HN-->UM,,,,,,,,,,,,,,,,,UM-->HN,UM-->HN,UM-->HN,UM-->HN,UM-->HN,UM-->HN,UM-->HN,UM-->HN,UM-->HN,UM-->HN,UM-->HN,UM-->HN,UM-->HN,UM-->HN,UM-->HN,UM-->HN,UM-->HN,UM-->HN,UM-->HN
HK,HKG,Hong Kong,City of Victoria,Asia,Eastern Asia,,HK-->UM,HK-->UM,HK-->UM,HK-->UM,HK-->UM,HK-->UM,HK-->UM,HK-->UM,HK-->UM,HK-->UM,HK-->UM,HK-->UM,HK-->UM,HK-->UM,HK-->UM,HK-->UM,HK-->UM,HK-->UM,HK-->UM,,,,,,,,,,,,,,,,,UM-->HK,UM-->HK,UM-->HK,UM-->HK,UM-->HK,UM-->HK,UM-->HK,UM-->HK,UM-->HK,UM-->HK,UM-->HK,UM-->HK,UM-->HK,UM-->HK,UM-->HK,UM-->HK,UM-->HK,UM-->HK,UM-->HK
HU,HUN,Hungary,Budapest,Europe,Eastern Europe,,HU-->UM,HU-->UM,HU-->UM,HU-->UM,HU-->UM,HU-->UM,HU-->UM,HU-->UM,HU-->UM,HU-->UM,HU-->UM,HU-->UM,HU-->UM,HU-->UM,HU-->UM,HU-->UM,HU-->UM,HU-->UM,HU-->UM,,,,,,,,,,,,,,,,,UM-->HU,UM-->HU,UM-->HU,UM-->HU,UM-->HU,UM-->HU,UM-->HU,UM-->HU,UM-->HU,UM-->HU,UM-->HU,UM-->HU,UM-->HU,UM-->HU,UM-->HU,UM-->HU,UM-->HU,UM-->HU,UM-->HU
IS,ISL,Iceland,Reykjavík,Europe,Northern Europe,,IS-->UM,IS-->UM,IS-->UM,IS-->UM,IS-->UM,IS-->UM,IS-->UM,IS-->UM,IS-->UM,IS-->UM,IS-->UM,IS-->UM,IS-->UM,IS-->UM,IS-->UM,IS-->UM,IS-->UM,IS-->UM,IS-->UM,,,,,,,,,,,,,,,,,UM-->IS,UM-->IS,UM-->IS,UM-->IS,UM-->IS,UM-->IS,UM-->IS,UM-->IS,UM-->IS,UM-->IS,UM-->IS,UM-->IS,UM-->IS,UM-->IS,UM-->IS,UM-->IS,UM-->IS,UM-->IS,UM-->IS
IN,IND,India,New Delhi,Asia,Southern Asia,,IN-->UM,IN-->UM,IN-->UM,IN-->UM,IN-->UM,IN-->UM,IN-->UM,IN-->UM,IN-->UM,IN-->UM,IN-->UM,IN-->UM,IN-->UM,IN-->UM,IN-->UM,IN-->UM,IN-->UM,IN-->UM,IN-->UM,,,,,,,,,,,,,,,,,UM-->IN,UM-->IN,UM-->IN,UM-->IN,UM-->IN,UM-->IN,UM-->IN,UM-->IN,UM-->IN,UM-->IN,UM-->IN,UM-->IN,UM-->IN,UM-->IN,UM-->IN,UM-->IN,UM-->IN,UM-->IN,UM-->IN
ID,IDN,Indonesia,Jakarta,Asia,South-Eastern Asia,,ID-->UM,ID-->UM,ID-->UM,ID-->UM,ID-->UM,ID-->UM,ID-->UM,ID-->UM,ID-->UM,ID-->UM,ID-->UM,ID-->UM,ID-->UM,ID-->UM,ID-->UM,ID-->UM,ID-->UM,ID-->UM,ID-->UM,,,,,,,,,,,,,,,,,UM-->ID,UM-->ID,UM-->ID,UM-->ID,UM-->ID,UM-->ID,UM-->ID,UM-->ID,UM-->ID,UM-->ID,UM-->ID,UM-->ID,UM-->ID,UM-->ID,UM-->ID,UM-->ID,UM-->ID,UM-->ID,UM-->ID
CI,CIV,Ivory Coast,Yamoussoukro,Africa,Western Africa,,CI-->UM,CI-->UM,CI-->UM,CI-->UM,CI-->UM,CI-->UM,CI-->UM,CI-->UM,CI-->UM,CI-->UM,CI-->UM,CI-->UM,CI-->UM,CI-->UM,CI-->UM,CI-->UM,CI-->UM,CI-->UM,CI-->UM,,,,,,,,,,,,,,,,,UM-->CI,UM-->CI,UM-->CI,UM-->CI,UM-->CI,UM-->CI,UM-->CI,UM-->CI,UM-->CI,UM-->CI,UM-->CI,UM-->CI,UM-->CI,UM-->CI,UM-->CI,UM-->CI,UM-->CI,UM-->CI,UM-->CI
IR,IRN,Iran,Tehran,Asia,Southern Asia,,IR-->UM,IR-->UM,IR-->UM,IR-->UM,IR-->UM,IR-->UM,IR-->UM,IR-->UM,IR-->UM,IR-->UM,IR-->UM,IR-->UM,IR-->UM,IR-->UM,IR-->UM,IR-->UM,IR-->UM,IR-->UM,IR-->UM,,,,,,,,,,,,,,,,,UM-->IR,UM-->IR,UM-->IR,UM-->IR,UM-->IR,UM-->IR,UM-->IR,UM-->IR,UM-->IR,UM-->IR,UM-->IR,UM-->IR,UM-->IR,UM-->IR,UM-->IR,UM-->IR,UM-->IR,UM-->IR,UM-->IR
IQ,IRQ,Iraq,Baghdad,Asia,Western Asia,,IQ-->UM,IQ-->UM,IQ-->UM,IQ-->UM,IQ-->UM,IQ-->UM,IQ-->UM,IQ-->UM,IQ-->UM,IQ-->UM,IQ-->UM,IQ-->UM,IQ-->UM,IQ-->UM,IQ-->UM,IQ-->UM,IQ-->UM,IQ-->UM,IQ-->UM,,,,,,,,,,,,,,,,,UM-->IQ,UM-->IQ,UM-->IQ,UM-->IQ,UM-->IQ,UM-->IQ,UM-->IQ,UM-->IQ,UM-->IQ,UM-->IQ,UM-->IQ,UM-->IQ,UM-->IQ,UM-->IQ,UM-->IQ,UM-->IQ,UM-->IQ,UM-->IQ,UM-->IQ
IE,IRL,Republic of Ireland,Dublin,Europe,Northern Europe,,IE-->UM,IE-->UM,IE-->UM,IE-->UM,IE-->UM,IE-->UM,IE-->UM,IE-->UM,IE-->UM,IE-->UM,IE-->UM,IE-->UM,IE-->UM,IE-->UM,IE-->UM,IE-->UM,IE-->UM,IE-->UM,IE-->UM,,,,,,,,,,,,,,,,,UM-->IE,UM-->IE,UM-->IE,UM-->IE,UM-->IE,UM-->IE,UM-->IE,UM-->IE,UM-->IE,UM-->IE,UM-->IE,UM-->IE,UM-->IE,UM-->IE,UM-->IE,UM-->IE,UM-->IE,UM-->IE,UM-->IE
IM,IMN,Isle of Man,Douglas,Europe,Northern Europe,,IM-->UM,IM-->UM,IM-->UM,IM-->UM,IM-->UM,IM-->UM,IM-->UM,IM-->UM,IM-->UM,IM-->UM,IM-->UM,IM-->UM,IM-->UM,IM-->UM,IM-->UM,IM-->UM,IM-->UM,IM-->UM,IM-->UM,,,,,,,,,,,,,,,,,UM-->IM,UM-->IM,UM-->IM,UM-->IM,UM-->IM,UM-->IM,UM-->IM,UM-->IM,UM-->IM,UM-->IM,UM-->IM,UM-->IM,UM-->IM,UM-->IM,UM-->IM,UM-->IM,UM-->IM,UM-->IM,UM-->IM
IL,ISR,Israel,Jerusalem,Asia,Western Asia,,IL-->UM,IL-->UM,IL-->UM,IL-->UM,IL-->UM,IL-->UM,IL-->UM,IL-->UM,IL-->UM,IL-->UM,IL-->UM,IL-->UM,IL-->UM,IL-->UM,IL-->UM,IL-->UM,IL-->UM,IL-->UM,IL-->UM,,,,,,,,,,,,,,,,,UM-->IL,UM-->IL,UM-->IL,UM-->IL,UM-->IL,UM-->IL,UM-->IL,UM-->IL,UM-->IL,UM-->IL,UM-->IL,UM-->IL,UM-->IL,UM-->IL,UM-->IL,UM-->IL,UM-->IL,UM-->IL,UM-->IL
IT,ITA,Italy,Rome,Europe,Southern Europe,,IT-->UM,IT-->UM,IT-->UM,IT-->UM,IT-->UM,IT-->UM,IT-->UM,IT-->UM,IT-->UM,IT-->UM,IT-->UM,IT-->UM,IT-->UM,IT-->UM,IT-->UM,IT-->UM,IT-->UM,IT-->UM,IT-->UM,,,,,,,,,,,,,,,,,UM-->IT,UM-->IT,UM-->IT,UM-->IT,UM-->IT,UM-->IT,UM-->IT,UM-->IT,UM-->IT,UM-->IT,UM-->IT,UM-->IT,UM-->IT,UM-->IT,UM-->IT,UM-->IT,UM-->IT,UM-->IT,UM-->IT
JM,JAM,Jamaica,Kingston,Americas,Caribbean,,JM-->UM,JM-->UM,JM-->UM,JM-->UM,JM-->UM,JM-->UM,JM-->UM,JM-->UM,JM-->UM,JM-->UM,JM-->UM,JM-->UM,JM-->UM,JM-->UM,JM-->UM,JM-->UM,JM-->UM,JM-->UM,JM-->UM,,,,,,,,,,,,,,,,,UM-->JM,UM-->JM,UM-->JM,UM-->JM,UM-->JM,UM-->JM,UM-->JM,UM-->JM,UM-->JM,UM-->JM,UM-->JM,UM-->JM,UM-->JM,UM-->JM,UM-->JM,UM-->JM,UM-->JM,UM-->JM,UM-->JM
JP,JPN,Japan,Tokyo,Asia,Eastern Asia,,JP-->UM,JP-->UM,JP-->UM,JP-->UM,JP-->UM,JP-->UM,JP-->UM,JP-->UM,JP-->UM,JP-->UM,JP-->UM,JP-->UM,JP-->UM,JP-->UM,JP-->UM,JP-->UM,JP-->UM,JP-->UM,JP-->UM,,,,,,,,,,,,,,,,,UM-->JP,UM-->JP,UM-->JP,UM-->JP,UM-->JP,UM-->JP,UM-->JP,UM-->JP,UM-->JP,UM-->JP,UM-->JP,UM-->JP,UM-->JP,UM-->JP,UM-->JP,UM-->JP,UM-->JP,UM-->JP,UM-->JP
JE,JEY,Jersey,Saint Helier,Europe,Northern Europe,,JE-->UM,JE-->UM,JE-->UM,JE-->UM,JE-->UM,JE-->UM,JE-->UM,JE-->UM,JE-->UM,JE-->UM,JE-->UM,JE-->UM,JE-->UM,JE-->UM,JE-->UM,JE-->UM,JE-->UM,JE-->UM,JE-->UM,,,,,,,,,,,,,,,,,UM-->JE,UM-->JE,UM-->JE,UM-->JE,UM-->JE,UM-->JE,UM-->JE,UM-->JE,UM-->JE,UM-->JE,UM-->JE,UM-->JE,UM-->JE,UM-->JE,UM-->JE,UM-->JE,UM-->JE,UM-->JE,UM-->JE
JO,JOR,Jordan,Amman,Asia,Western Asia,,JO-->UM,JO-->UM,JO-->UM,JO-->UM,JO-->UM,JO-->UM,JO-->UM,JO-->UM,JO-->UM,JO-->UM,JO-->UM,JO-->UM,JO-->UM,JO-->UM,JO-->UM,JO-->UM,JO-->UM,JO-->UM,JO-->UM,,,,,,,,,,,,,,,,,UM-->JO,UM-->JO,UM-->JO,UM-->JO,UM-->JO,UM-->JO,UM-->JO,UM-->JO,UM-->JO,UM-->JO,UM-->JO,UM-->JO,UM-->JO,UM-->JO,UM-->JO,UM-->JO,UM-->JO,UM-->JO,UM-->JO
KZ,KAZ,Kazakhstan,Astana,Asia,Central Asia,,KZ-->UM,KZ-->UM,KZ-->UM,KZ-->UM,KZ-->UM,KZ-->UM,KZ-->UM,KZ-->UM,KZ-->UM,KZ-->UM,KZ-->UM,KZ-->UM,KZ-->UM,KZ-->UM,KZ-->UM,KZ-->UM,KZ-->UM,KZ-->UM,KZ-->UM,,,,,,,,,,,,,,,,,UM-->KZ,UM-->KZ,UM-->KZ,UM-->KZ,UM-->KZ,UM-->KZ,UM-->KZ,UM-->KZ,UM-->KZ,UM-->KZ,UM-->KZ,UM-->KZ,UM-->KZ,UM-->KZ,UM-->KZ,UM-->KZ,UM-->KZ,UM-->KZ,UM-->KZ
KE,KEN,Kenya,Nairobi,Africa,Eastern Africa,,KE-->UM,KE-->UM,KE-->UM,KE-->UM,KE-->UM,KE-->UM,KE-->UM,KE-->UM,KE-->UM,KE-->UM,KE-->UM,KE-->UM,KE-->UM,KE-->UM,KE-->UM,KE-->UM,KE-->UM,KE-->UM,KE-->UM,,,,,,,,,,,,,,,,,UM-->KE,UM-->KE,UM-->KE,UM-->KE,UM-->KE,UM-->KE,UM-->KE,UM-->KE,UM-->KE,UM-->KE,UM-->KE,UM-->KE,UM-->KE,UM-->KE,UM-->KE,UM-->KE,UM-->KE,UM-->KE,UM-->KE
KI,KIR,Kiribati,South Tarawa,Oceania,Micronesia,,KI-->UM,KI-->UM,KI-->UM,KI-->UM,KI-->UM,KI-->UM,KI-->UM,KI-->UM,KI-->UM,KI-->UM,KI-->UM,KI-->UM,KI-->UM,KI-->UM,KI-->UM,KI-->UM,KI-->UM,KI-->UM,KI-->UM,,,,,,,,,,,,,,,,,UM-->KI,UM-->KI,UM-->KI,UM-->KI,UM-->KI,UM-->KI,UM-->KI,UM-->KI,UM-->KI,UM-->KI,UM-->KI,UM-->KI,UM-->KI,UM-->KI,UM-->KI,UM-->KI,UM-->KI,UM-->KI,UM-->KI
KW,KWT,Kuwait,Kuwait City,Asia,Western Asia,,KW-->UM,KW-->UM,KW-->UM,KW-->UM,KW-->UM,KW-->UM,KW-->UM,KW-->UM,KW-->UM,KW-->UM,KW-->UM,KW-->UM,KW-->UM,KW-->UM,KW-->UM,KW-->UM,KW-->UM,KW-->UM,KW-->UM,,,,,,,,,,,,,,,,,UM-->KW,UM-->KW,UM-->KW,UM-->KW,UM-->KW,UM-->KW,UM-->KW,UM-->KW,UM-->KW,UM-->KW,UM-->KW,UM-->KW,UM-->KW,UM-->KW,UM-->KW,UM-->KW,UM-->KW,UM-->KW,UM-->KW
KG,KGZ,Kyrgyzstan,Bishkek,Asia,Central Asia,,KG-->UM,KG-->UM,KG-->UM,KG-->UM,KG-->UM,KG-->UM,KG-->UM,KG-->UM,KG-->UM,KG-->UM,KG-->UM,KG-->UM,KG-->UM,KG-->UM,KG-->UM,KG-->UM,KG-->UM,KG-->UM,KG-->UM,,,,,,,,,,,,,,,,,UM-->KG,UM-->KG,UM-->KG,UM-->KG,UM-->KG,UM-->KG,UM-->KG,UM-->KG,UM-->KG,UM-->KG,UM-->KG,UM-->KG,UM-->KG,UM-->KG,UM-->KG,UM-->KG,UM-->KG,UM-->KG,UM-->KG
LA,LAO,Laos,Vientiane,Asia,South-Eastern Asia,,LA-->UM,LA-->UM,LA-->UM,LA-->UM,LA-->UM,LA-->UM,LA-->UM,LA-->UM,LA-->UM,LA-->UM,LA-->UM,LA-->UM,LA-->UM,LA-->UM,LA-->UM,LA-->UM,LA-->UM,LA-->UM,LA-->UM,,,,,,,,,,,,,,,,,UM-->LA,UM-->LA,UM-->LA,UM-->LA,UM-->LA,UM-->LA,UM-->LA,UM-->LA,UM-->LA,UM-->LA,UM-->LA,UM-->LA,UM-->LA,UM-->LA,UM-->LA,UM-->LA,UM-->LA,UM-->LA,UM-->LA
LV,LVA,Latvia,Riga,Europe,Northern Europe,,LV-->UM,LV-->UM,LV-->UM,LV-->UM,LV-->UM,LV-->UM,LV-->UM,LV-->UM,LV-->UM,LV-->UM,LV-->UM,LV-->UM,LV-->UM,LV-->UM,LV-->UM,LV-->UM,LV-->UM,LV-->UM,LV-->UM,,,,,,,,,,,,,,,,,UM-->LV,UM-->LV,UM-->LV,UM-->LV,UM-->LV,UM-->LV,UM-->LV,UM-->LV,UM-->LV,UM-->LV,UM-->LV,UM-->LV,UM-->LV,UM-->LV,UM-->LV,UM-->LV,UM-->LV,UM-->LV,UM-->LV
LB,LBN,Lebanon,Beirut,Asia,Western Asia,,LB-->UM,LB-->UM,LB-->UM,LB-->UM,LB-->UM,LB-->UM,LB-->UM,LB-->UM,LB-->UM,LB-->UM,LB-->UM,LB-->UM,LB-->UM,LB-->UM,LB-->UM,LB-->UM,LB-->UM,LB-->UM,LB-->UM,,,,,,,,,,,,,,,,,UM-->LB,UM-->LB,UM-->LB,UM-->LB,UM-->LB,UM-->LB,UM-->LB,UM-->LB,UM-->LB,UM-->LB,UM-->LB,UM-->LB,UM-->LB,UM-->LB,UM-->LB,UM-->LB,UM-->LB,UM-->LB,UM-->LB
LS,LSO,Lesotho,Maseru,Africa,Southern Africa,,LS-->UM,LS-->UM,LS-->UM,LS-->UM,LS-->UM,LS-->UM,LS-->UM,LS-->UM,LS-->UM,LS-->UM,LS-->UM,LS-->UM,LS-->UM,LS-->UM,LS-->UM,LS-->UM,LS-->UM,LS-->UM,LS-->UM,,,,,,,,,,,,,,,,,UM-->LS,UM-->LS,UM-->LS,UM-->LS,UM-->LS,UM-->LS,UM-->LS,UM-->LS,UM-->LS,UM-->LS,UM-->LS,UM-->LS,UM-->LS,UM-->LS,UM-->LS,UM-->LS,UM-->LS,UM-->LS,UM-->LS
LR,LBR,Liberia,Monrovia,Africa,Western Africa,,LR-->UM,LR-->UM,LR-->UM,LR-->UM,LR-->UM,LR-->UM,LR-->UM,LR-->UM,LR-->UM,LR-->UM,LR-->UM,LR-->UM,LR-->UM,LR-->UM,LR-->UM,LR-->UM,LR-->UM,LR-->UM,LR-->UM,,,,,,,,,,,,,,,,,UM-->LR,UM-->LR,UM-->LR,UM-->LR,UM-->LR,UM-->LR,UM-->LR,UM-->LR,UM-->LR,UM-->LR,UM-->LR,UM-->LR,UM-->LR,UM-->LR,UM-->LR,UM-->LR,UM-->LR,UM-->LR,UM-->LR
LY,LBY,Libya,Tripoli,Africa,Northern Africa,,LY-->UM,LY-->UM,LY-->UM,LY-->UM,LY-->UM,LY-->UM,LY-->UM,LY-->UM,LY-->UM,LY-->UM,LY-->UM,LY-->UM,LY-->UM,LY-->UM,LY-->UM,LY-->UM,LY-->UM,LY-->UM,LY-->UM,,,,,,,,,,,,,,,,,UM-->LY,UM-->LY,UM-->LY,UM-->LY,UM-->LY,UM-->LY,UM-->LY,UM-->LY,UM-->LY,UM-->LY,UM-->LY,UM-->LY,UM-->LY,UM-->LY,UM-->LY,UM-->LY,UM-->LY,UM-->LY,UM-->LY
LI,LIE,Liechtenstein,Vaduz,Europe,Western Europe,,LI-->UM,LI-->UM,LI-->UM,LI-->UM,LI-->UM,LI-->UM,LI-->UM,LI-->UM,LI-->UM,LI-->UM,LI-->UM,LI-->UM,LI-->UM,LI-->UM,LI-->UM,LI-->UM,LI-->UM,LI-->UM,LI-->UM,,,,,,,,,,,,,,,,,UM-->LI,UM-->LI,UM-->LI,UM-->LI,UM-->LI,UM-->LI,UM-->LI,UM-->LI,UM-->LI,UM-->LI,UM-->LI,UM-->LI,UM-->LI,UM-->LI,UM-->LI,UM-->LI,UM-->LI,UM-->LI,UM-->LI
LT,LTU,Lithuania,Vilnius,Europe,Northern Europe,,LT-->UM,LT-->UM,LT-->UM,LT-->UM,LT-->UM,LT-->UM,LT-->UM,LT-->UM,LT-->UM,LT-->UM,LT-->UM,LT-->UM,LT-->UM,LT-->UM,LT-->UM,LT-->UM,LT-->UM,LT-->UM,LT-->UM,,,,,,,,,,,,,,,,,UM-->LT,UM-->LT,UM-->LT,UM-->LT,UM-->LT,UM-->LT,UM-->LT,UM-->LT,UM-->LT,UM-->LT,UM-->LT,UM-->LT,UM-->LT,UM-->LT,UM-->LT,UM-->LT,UM-->LT,UM-->LT,UM-->LT
LU,LUX,Luxembourg,Luxembourg,Europe,Western Europe,,LU-->UM,LU-->UM,LU-->UM,LU-->UM,LU-->UM,LU-->UM,LU-->UM,LU-->UM,LU-->UM,LU-->UM,LU-->UM,LU-->UM,LU-->UM,LU-->UM,LU-->UM,LU-->UM,LU-->UM,LU-->UM,LU-->UM,,,,,,,,,,,,,,,,,UM-->LU,UM-->LU,UM-->LU,UM-->LU,UM-->LU,UM-->LU,UM-->LU,UM-->LU,UM-->LU,UM-->LU,UM-->LU,UM-->LU,UM-->LU,UM-->LU,UM-->LU,UM-->LU,UM-->LU,UM-->LU,UM-->LU
MO,MAC,Macau,,Asia,Eastern Asia,,MO-->UM,MO-->UM,MO-->UM,MO-->UM,MO-->UM,MO-->UM,MO-->UM,MO-->UM,MO-->UM,MO-->UM,MO-->UM,MO-->UM,MO-->UM,MO-->UM,MO-->UM,MO-->UM,MO-->UM,MO-->UM,MO-->UM,,,,,,,,,,,,,,,,,UM-->MO,UM-->MO,UM-->MO,UM-->MO,UM-->MO,UM-->MO,UM-->MO,UM-->MO,UM-->MO,UM-->MO,UM-->MO,UM-->MO,UM-->MO,UM-->MO,UM-->MO,UM-->MO,UM-->MO,UM-->MO,UM-->MO
MK,MKD,Republic of Macedonia,Skopje,Europe,Southern Europe,,MK-->UM,MK-->UM,MK-->UM,MK-->UM,MK-->UM,MK-->UM,MK-->UM,MK-->UM,MK-->UM,MK-->UM,MK-->UM,MK-->UM,MK-->UM,MK-->UM,MK-->UM,MK-->UM,MK-->UM,MK-->UM,MK-->UM,,,,,,,,,,,,,,,,,UM-->MK,UM-->MK,UM-->MK,UM-->MK,UM-->MK,UM-->MK,UM-->MK,UM-->MK,UM-->MK,UM-->MK,UM-->MK,UM-->MK,UM-->MK,UM-->MK,UM-->MK,UM-->MK,UM-->MK,UM-->MK,UM-->MK
MG,MDG,Madagascar,Antananarivo,Africa,Eastern Africa,,MG-->UM,MG-->UM,MG-->UM,MG-->UM,MG-->UM,MG-->UM,MG-->UM,MG-->UM,MG-->UM,MG-->UM,MG-->UM,MG-->UM,MG-->UM,MG-->UM,MG-->UM,MG-->UM,MG-->UM,MG-->UM,MG-->UM,,,,,,,,,,,,,,,,,UM-->MG,UM-->MG,UM-->MG,UM-->MG,UM-->MG,UM-->MG,UM-->MG,UM-->MG,UM-->MG,UM-->MG,UM-->MG,UM-->MG,UM-->MG,UM-->MG,UM-->MG,UM-->MG,UM-->MG,UM-->MG,UM-->MG
MW,MWI,Malawi,Lilongwe,Africa,Eastern Africa,,MW-->UM,MW-->UM,MW-->UM,MW-->UM,MW-->UM,MW-->UM,MW-->UM,MW-->UM,MW-->UM,MW-->UM,MW-->UM,MW-->UM,MW-->UM,MW-->UM,MW-->UM,MW-->UM,MW-->UM,MW-->UM,MW-->UM,,,,,,,,,,,,,,,,,UM-->MW,UM-->MW,UM-->MW,UM-->MW,UM-->MW,UM-->MW,UM-->MW,UM-->MW,UM-->MW,UM-->MW,UM-->MW,UM-->MW,UM-->MW,UM-->MW,UM-->MW,UM-->MW,UM-->MW,UM-->MW,UM-->MW
MY,MYS,Malaysia,Kuala Lumpur,Asia,South-Eastern Asia,,MY-->UM,MY-->UM,MY-->UM,MY-->UM,MY-->UM,MY-->UM,MY-->UM,MY-->UM,MY-->UM,MY-->UM,MY-->UM,MY-->UM,MY-->UM,MY-->UM,MY-->UM,MY-->UM,MY-->UM,MY-->UM,MY-->UM,,,,,,,,,,,,,,,,,UM-->MY,UM-->MY,UM-->MY,UM-->MY,UM-->MY,UM-->MY,UM-->MY,UM-->MY,UM-->MY,UM-->MY,UM-->MY,UM-->MY,UM-->MY,UM-->MY,UM-->MY,UM-->MY,UM-->MY,UM-->MY,UM-->MY
MV,MDV,Maldives,Malé,Asia,Southern Asia,,MV-->UM,MV-->UM,MV-->UM,MV-->UM,MV-->UM,MV-->UM,MV-->UM,MV-->UM,MV-->UM,MV-->UM,MV-->UM,MV-->UM,MV-->UM,MV-->UM,MV-->UM,MV-->UM,MV-->UM,MV-->UM,MV-->UM,,,,,,,,,,,,,,,,,UM-->MV,UM-->MV,UM-->MV,UM-->MV,UM-->MV,UM-->MV,UM-->MV,UM-->MV,UM-->MV,UM-->MV,UM-->MV,UM-->MV,UM-->MV,UM-->MV,UM-->MV,UM-->MV,UM-->MV,UM-->MV,UM-->MV
ML,MLI,Mali,Bamako,Africa,Western Africa,,ML-->UM,ML-->UM,ML-->UM,ML-->UM,ML-->UM,ML-->UM,ML-->UM,ML-->UM,ML-->UM,ML-->UM,ML-->UM,ML-->UM,ML-->UM,ML-->UM,ML-->UM,ML-->UM,ML-->UM,ML-->UM,ML-->UM,,,,,,,,,,,,,,,,,UM-->ML,UM-->ML,UM-->ML,UM-->ML,UM-->ML,UM-->ML,UM-->ML,UM-->ML,UM-->ML,UM-->ML,UM-->ML,UM-->ML,UM-->ML,UM-->ML,UM-->ML,UM-->ML,UM-->ML,UM-->ML,UM-->ML
MT,MLT,Malta,Valletta,Europe,Southern Europe,,MT-->UM,MT-->UM,MT-->UM,MT-->UM,MT-->UM,MT-->UM,MT-->UM,MT-->UM,MT-->UM,MT-->UM,MT-->UM,MT-->UM,MT-->UM,MT-->UM,MT-->UM,MT-->UM,MT-->UM,MT-->UM,MT-->UM,,,,,,,,,,,,,,,,,UM-->MT,UM-->MT,UM-->MT,UM-->MT,UM-->MT,UM-->MT,UM-->MT,UM-->MT,UM-->MT,UM-->MT,UM-->MT,UM-->MT,UM-->MT,UM-->MT,UM-->MT,UM-->MT,UM-->MT,UM-->MT,UM-->MT
MH,MHL,Marshall Islands,Majuro,Oceania,Micronesia,,MH-->UM,MH-->UM,MH-->UM,MH-->UM,MH-->UM,MH-->UM,MH-->UM,MH-->UM,MH-->UM,MH-->UM,MH-->UM,MH-->UM,MH-->UM,MH-->UM,MH-->UM,MH-->UM,MH-->UM,MH-->UM,MH-->UM,,,,,,,,,,,,,,,,,UM-->MH,UM-->MH,UM-->MH,UM-->MH,UM-->MH,UM-->MH,UM-->MH,UM-->MH,UM-->MH,UM-->MH,UM-->MH,UM-->MH,UM-->MH,UM-->MH,UM-->MH,UM-->MH,UM-->MH,UM-->MH,UM-->MH
MQ,MTQ,Martinique,Fort-de-France,Americas,Caribbean,,MQ-->UM,MQ-->UM,MQ-->UM,MQ-->UM,MQ-->UM,MQ-->UM,MQ-->UM,MQ-->UM,MQ-->UM,MQ-->UM,MQ-->UM,MQ-->UM,MQ-->UM,MQ-->UM,MQ-->UM,MQ-->UM,MQ-->UM,MQ-->UM,MQ-->UM,,,,,,,,,,,,,,,,,UM-->MQ,UM-->MQ,UM-->MQ,UM-->MQ,UM-->MQ,UM-->MQ,UM-->MQ,UM-->MQ,UM-->MQ,UM-->MQ,UM-->MQ,UM-->MQ,UM-->MQ,UM-->MQ,UM-->MQ,UM-->MQ,UM-->MQ,UM-->MQ,UM-->MQ
MR,MRT,Mauritania,Nouakchott,Africa,Western Africa,,MR-->UM,MR-->UM,MR-->UM,MR-->UM,MR-->UM,MR-->UM,MR-->UM,MR-->UM,MR-->UM,MR-->UM,MR-->UM,MR-->UM,MR-->UM,MR-->UM,MR-->UM,MR-->UM,MR-->UM,MR-->UM,MR-->UM,0.0,,,,,,,,,,,,,,,,UM-->MR,UM-->MR,UM-->MR,UM-->MR,UM-->MR,UM-->MR,UM-->MR,UM-->MR,UM-->MR,UM-->MR,UM-->MR,UM-->MR,UM-->MR,UM-->MR,UM-->MR,UM-->MR,UM-->MR,UM-->MR,UM-->MR
MU,MUS,Mauritius,Port Louis,Africa,Eastern Africa,,MU-->UM,MU-->UM,MU-->UM,MU-->UM,MU-->UM,MU-->UM,MU-->UM,MU-->UM,MU-->UM,MU-->UM,MU-->UM,MU-->UM,MU-->UM,MU-->UM,MU-->UM,MU-->UM,MU-->UM,MU-->UM,MU-->UM,,,,,,,,,,,,,,,,,UM-->MU,UM-->MU,UM-->MU,UM-->MU,UM-->MU,UM-->MU,UM-->MU,UM-->MU,UM-->MU,UM-->MU,UM-->MU,UM-->MU,UM-->MU,UM-->MU,UM-->MU,UM-->MU,UM-->MU,UM-->MU,UM-->MU
YT,MYT,Mayotte,Mamoudzou,Africa,Eastern Africa,,YT-->UM,YT-->UM,YT-->UM,YT-->UM,YT-->UM,YT-->UM,YT-->UM,YT-->UM,YT-->UM,YT-->UM,YT-->UM,YT-->UM,YT-->UM,YT-->UM,YT-->UM,YT-->UM,YT-->UM,YT-->UM,YT-->UM,,,,,,,,,,,,,,,,,UM-->YT,UM-->YT,UM-->YT,UM-->YT,UM-->YT,UM-->YT,UM-->YT,UM-->YT,UM-->YT,UM-->YT,UM-->YT,UM-->YT,UM-->YT,UM-->YT,UM-->YT,UM-->YT,UM-->YT,UM-->YT,UM-->YT
MX,MEX,Mexico,Mexico City,Americas,Central America,,MX-->UM,MX-->UM,MX-->UM,MX-->UM,MX-->UM,MX-->UM,MX-->UM,MX-->UM,MX-->UM,MX-->UM,MX-->UM,MX-->UM,MX-->UM,MX-->UM,MX-->UM,MX-->UM,MX-->UM,MX-->UM,MX-->UM,,,,,,,,,,,,,,,,,UM-->MX,UM-->MX,UM-->MX,UM-->MX,UM-->MX,UM-->MX,UM-->MX,UM-->MX,UM-->MX,UM-->MX,UM-->MX,UM-->MX,UM-->MX,UM-->MX,UM-->MX,UM-->MX,UM-->MX,UM-->MX,UM-->MX
FM,FSM,Federated States of Micronesia,Palikir,Oceania,Micronesia,,FM-->UM,FM-->UM,FM-->UM,FM-->UM,FM-->UM,FM-->UM,FM-->UM,FM-->UM,FM-->UM,FM-->UM,FM-->UM,FM-->UM,FM-->UM,FM-->UM,FM-->UM,FM-->UM,FM-->UM,FM-->UM,FM-->UM,,,,,,,,,,,,,,,,,UM-->FM,UM-->FM,UM-->FM,UM-->FM,UM-->FM,UM-->FM,UM-->FM,UM-->FM,UM-->FM,UM-->FM,UM-->FM,UM-->FM,UM-->FM,UM-->FM,UM-->FM,UM-->FM,UM-->FM,UM-->FM,UM-->FM
MD,MDA,Moldova,Chișinău,Europe,Eastern Europe,,MD-->UM,MD-->UM,MD-->UM,MD-->UM,MD-->UM,MD-->UM,MD-->UM,MD-->UM,MD-->UM,MD-->UM,MD-->UM,MD-->UM,MD-->UM,MD-->UM,MD-->UM,MD-->UM,MD-->UM,MD-->UM,MD-->UM,,,,,,,,,,,,,,,,,UM-->MD,UM-->MD,UM-->MD,UM-->MD,UM-->MD,UM-->MD,UM-->MD,UM-->MD,UM-->MD,UM-->MD,UM-->MD,UM-->MD,UM-->MD,UM-->MD,UM-->MD,UM-->MD,UM-->MD,UM-->MD,UM-->MD
MC,MCO,Monaco,Monaco,Europe,Western Europe,,MC-->UM,MC-->UM,MC-->UM,MC-->UM,MC-->UM,MC-->UM,MC-->UM,MC-->UM,MC-->UM,MC-->UM,MC-->UM,MC-->UM,MC-->UM,MC-->UM,MC-->UM,MC-->UM,MC-->UM,MC-->UM,MC-->UM,,,,,,,,,,,,,,,,,UM-->MC,UM-->MC,UM-->MC,UM-->MC,UM-->MC,UM-->MC,UM-->MC,UM-->MC,UM-->MC,UM-->MC,UM-->MC,UM-->MC,UM-->MC,UM-->MC,UM-->MC,UM-->MC,UM-->MC,UM-->MC,UM-->MC
MN,MNG,Mongolia,Ulan Bator,Asia,Eastern Asia,,MN-->UM,MN-->UM,MN-->UM,MN-->UM,MN-->UM,MN-->UM,MN-->UM,MN-->UM,MN-->UM,MN-->UM,MN-->UM,MN-->UM,MN-->UM,MN-->UM,MN-->UM,MN-->UM,MN-->UM,MN-->UM,MN-->UM,,,,,,,,,,,,,,,,,UM-->MN,UM-->MN,UM-->MN,UM-->MN,UM-->MN,UM-->MN,UM-->MN,UM-->MN,UM-->MN,UM-->MN,UM-->MN,UM-->MN,UM-->MN,UM-->MN,UM-->MN,UM-->MN,UM-->MN,UM-->MN,UM-->MN
ME,MNE,Montenegro,Podgorica,Europe,Southern Europe,,ME-->UM,ME-->UM,ME-->UM,ME-->UM,ME-->UM,ME-->UM,ME-->UM,ME-->UM,ME-->UM,ME-->UM,ME-->UM,ME-->UM,ME-->UM,ME-->UM,ME-->UM,ME-->UM,ME-->UM,ME-->UM,ME-->UM,,,,,,,,,,,,,,,,,UM-->ME,UM-->ME,UM-->ME,UM-->ME,UM-->ME,UM-->ME,UM-->ME,UM-->ME,UM-->ME,UM-->ME,UM-->ME,UM-->ME,UM-->ME,UM-->ME,UM-->ME,UM-->ME,UM-->ME,UM-->ME,UM-->ME
MS,MSR,Montserrat,Plymouth,Americas,Caribbean,,MS-->UM,MS-->UM,MS-->UM,MS-->UM,MS-->UM,MS-->UM,MS-->UM,MS-->UM,MS-->UM,MS-->UM,MS-->UM,MS-->UM,MS-->UM,MS-->UM,MS-->UM,MS-->UM,MS-->UM,MS-->UM,MS-->UM,,,,,,,,,,,,,,,,,UM-->MS,UM-->MS,UM-->MS,UM-->MS,UM-->MS,UM-->MS,UM-->MS,UM-->MS,UM-->MS,UM-->MS,UM-->MS,UM-->MS,UM-->MS,UM-->MS,UM-->MS,UM-->MS,UM-->MS,UM-->MS,UM-->MS
MA,MAR,Morocco,Rabat,Africa,Northern Africa,,MA-->UM,MA-->UM,MA-->UM,MA-->UM,MA-->UM,MA-->UM,MA-->UM,MA-->UM,MA-->UM,MA-->UM,MA-->UM,MA-->UM,MA-->UM,MA-->UM,MA-->UM,MA-->UM,MA-->UM,MA-->UM,MA-->UM,,,,,,,,,,,,,,,,,UM-->MA,UM-->MA,UM-->MA,UM-->MA,UM-->MA,UM-->MA,UM-->MA,UM-->MA,UM-->MA,UM-->MA,UM-->MA,UM-->MA,UM-->MA,UM-->MA,UM-->MA,UM-->MA,UM-->MA,UM-->MA,UM-->MA
MZ,MOZ,Mozambique,Maputo,Africa,Eastern Africa,,MZ-->UM,MZ-->UM,MZ-->UM,MZ-->UM,MZ-->UM,MZ-->UM,MZ-->UM,MZ-->UM,MZ-->UM,MZ-->UM,MZ-->UM,MZ-->UM,MZ-->UM,MZ-->UM,MZ-->UM,MZ-->UM,MZ-->UM,MZ-->UM,MZ-->UM,,,,,,,,,,,,,,,,,UM-->MZ,UM-->MZ,UM-->MZ,UM-->MZ,UM-->MZ,UM-->MZ,UM-->MZ,UM-->MZ,UM-->MZ,UM-->MZ,UM-->MZ,UM-->MZ,UM-->MZ,UM-->MZ,UM-->MZ,UM-->MZ,UM-->MZ,UM-->MZ,UM-->MZ
MM,MMR,Myanmar,Naypyidaw,Asia,South-Eastern Asia,,MM-->UM,MM-->UM,MM-->UM,MM-->UM,MM-->UM,MM-->UM,MM-->UM,MM-->UM,MM-->UM,MM-->UM,MM-->UM,MM-->UM,MM-->UM,MM-->UM,MM-->UM,MM-->UM,MM-->UM,MM-->UM,MM-->UM,,,,,,,,,,,,,,,,,UM-->MM,UM-->MM,UM-->MM,UM-->MM,UM-->MM,UM-->MM,UM-->MM,UM-->MM,UM-->MM,UM-->MM,UM-->MM,UM-->MM,UM-->MM,UM-->MM,UM-->MM,UM-->MM,UM-->MM,UM-->MM,UM-->MM
,NAM,Namibia,Windhoek,Africa,Southern Africa,,NA-->UM,NA-->UM,NA-->UM,NA-->UM,NA-->UM,NA-->UM,NA-->UM,NA-->UM,NA-->UM,NA-->UM,NA-->UM,NA-->UM,NA-->UM,NA-->UM,NA-->UM,NA-->UM,NA-->UM,NA-->UM,NA-->UM,,,,,,,,,,,,,,,,,UM-->NA,UM-->NA,UM-->NA,UM-->NA,UM-->NA,UM-->NA,UM-->NA,UM-->NA,UM-->NA,UM-->NA,UM-->NA,UM-->NA,UM-->NA,UM-->NA,UM-->NA,UM-->NA,UM-->NA,UM-->NA,UM-->NA
NR,NRU,Nauru,Yaren,Oceania,Micronesia,,NR-->UM,NR-->UM,NR-->UM,NR-->UM,NR-->UM,NR-->UM,NR-->UM,NR-->UM,NR-->UM,NR-->UM,NR-->UM,NR-->UM,NR-->UM,NR-->UM,NR-->UM,NR-->UM,NR-->UM,NR-->UM,NR-->UM,,,,,,,,,,,,,,,,,UM-->NR,UM-->NR,UM-->NR,UM-->NR,UM-->NR,UM-->NR,UM-->NR,UM-->NR,UM-->NR,UM-->NR,UM-->NR,UM-->NR,UM-->NR,UM-->NR,UM-->NR,UM-->NR,UM-->NR,UM-->NR,UM-->NR
NP,NPL,Nepal,Kathmandu,Asia,Southern Asia,,NP-->UM,NP-->UM,NP-->UM,NP-->UM,NP-->UM,NP-->UM,NP-->UM,NP-->UM,NP-->UM,NP-->UM,NP-->UM,NP-->UM,NP-->UM,NP-->UM,NP-->UM,NP-->UM,NP-->UM,NP-->UM,NP-->UM,,,,,,,,,,,,,,,,,UM-->NP,UM-->NP,UM-->NP,UM-->NP,UM-->NP,UM-->NP,UM-->NP,UM-->NP,UM-->NP,UM-->NP,UM-->NP,UM-->NP,UM-->NP,UM-->NP,UM-->NP,UM-->NP,UM-->NP,UM-->NP,UM-->NP
NL,NLD,Netherlands,Amsterdam,Europe,Western Europe,,NL-->UM,NL-->UM,NL-->UM,NL-->UM,NL-->UM,NL-->UM,NL-->UM,NL-->UM,NL-->UM,NL-->UM,NL-->UM,NL-->UM,NL-->UM,NL-->UM,NL-->UM,NL-->UM,NL-->UM,NL-->UM,NL-->UM,,,,,,,,,,,,,,,,,UM-->NL,UM-->NL,UM-->NL,UM-->NL,UM-->NL,UM-->NL,UM-->NL,UM-->NL,UM-->NL,UM-->NL,UM-->NL,UM-->NL,UM-->NL,UM-->NL,UM-->NL,UM-->NL,UM-->NL,UM-->NL,UM-->NL
NC,NCL,New Caledonia,Nouméa,Oceania,Melanesia,,NC-->UM,NC-->UM,NC-->UM,NC-->UM,NC-->UM,NC-->UM,NC-->UM,NC-->UM,NC-->UM,NC-->UM,NC-->UM,NC-->UM,NC-->UM,NC-->UM,NC-->UM,NC-->UM,NC-->UM,NC-->UM,NC-->UM,,,,,,,,,,,,,,,,,UM-->NC,UM-->NC,UM-->NC,UM-->NC,UM-->NC,UM-->NC,UM-->NC,UM-->NC,UM-->NC,UM-->NC,UM-->NC,UM-->NC,UM-->NC,UM-->NC,UM-->NC,UM-->NC,UM-->NC,UM-->NC,UM-->NC
NZ,NZL,New Zealand,Wellington,Oceania,Australia and New Zealand,,NZ-->UM,NZ-->UM,NZ-->UM,NZ-->UM,NZ-->UM,NZ-->UM,NZ-->UM,NZ-->UM,NZ-->UM,NZ-->UM,NZ-->UM,NZ-->UM,NZ-->UM,NZ-->UM,NZ-->UM,NZ-->UM,NZ-->UM,NZ-->UM,NZ-->UM,,,,,,,,,,,,,,,,,UM-->NZ,UM-->NZ,UM-->NZ,UM-->NZ,UM-->NZ,UM-->NZ,UM-->NZ,UM-->NZ,UM-->NZ,UM-->NZ,UM-->NZ,UM-->NZ,UM-->NZ,UM-->NZ,UM-->NZ,UM-->NZ,UM-->NZ,UM-->NZ,UM-->NZ
NI,NIC,Nicaragua,Managua,Americas,Central America,,NI-->UM,NI-->UM,NI-->UM,NI-->UM,NI-->UM,NI-->UM,NI-->UM,NI-->UM,NI-->UM,NI-->UM,NI-->UM,NI-->UM,NI-->UM,NI-->UM,NI-->UM,NI-->UM,NI-->UM,NI-->UM,NI-->UM,,,,,,,,,,,,,,,,,UM-->NI,UM-->NI,UM-->NI,UM-->NI,UM-->NI,UM-->NI,UM-->NI,UM-->NI,UM-->NI,UM-->NI,UM-->NI,UM-->NI,UM-->NI,UM-->NI,UM-->NI,UM-->NI,UM-->NI,UM-->NI,UM-->NI
NE,NER,Niger,Niamey,Africa,Western Africa,,NE-->UM,NE-->UM,NE-->UM,NE-->UM,NE-->UM,NE-->UM,NE-->UM,NE-->UM,NE-->UM,NE-->UM,NE-->UM,NE-->UM,NE-->UM,NE-->UM,NE-->UM,NE-->UM,NE-->UM,NE-->UM,NE-->UM,,,,,,,,,,,,,,,,,UM-->NE,UM-->NE,UM-->NE,UM-->NE,UM-->NE,UM-->NE,UM-->NE,UM-->NE,UM-->NE,UM-->NE,UM-->NE,UM-->NE,UM-->NE,UM-->NE,UM-->NE,UM-->NE,UM-->NE,UM-->NE,UM-->NE
NG,NGA,Nigeria,Abuja,Africa,Western Africa,,NG-->UM,NG-->UM,NG-->UM,NG-->UM,NG-->UM,NG-->UM,NG-->UM,NG-->UM,NG-->UM,NG-->UM,NG-->UM,NG-->UM,NG-->UM,NG-->UM,NG-->UM,NG-->UM,NG-->UM,NG-->UM,NG-->UM,,,,,,,,,,,,,,,,,UM-->NG,UM-->NG,UM-->NG,UM-->NG,UM-->NG,UM-->NG,UM-->NG,UM-->NG,UM-->NG,UM-->NG,UM-->NG,UM-->NG,UM-->NG,UM-->NG,UM-->NG,UM-->NG,UM-->NG,UM-->NG,UM-->NG
NU,NIU,Niue,Alofi,Oceania,Polynesia,,NU-->UM,NU-->UM,NU-->UM,NU-->UM,NU-->UM,NU-->UM,NU-->UM,NU-->UM,NU-->UM,NU-->UM,NU-->UM,NU-->UM,NU-->UM,NU-->UM,NU-->UM,NU-->UM,NU-->UM,NU-->UM,NU-->UM,,,,,,,,,,,,,,,,,UM-->NU,UM-->NU,UM-->NU,UM-->NU,UM-->NU,UM-->NU,UM-->NU,UM-->NU,UM-->NU,UM-->NU,UM-->NU,UM-->NU,UM-->NU,UM-->NU,UM-->NU,UM-->NU,UM-->NU,UM-->NU,UM-->NU
NF,NFK,Norfolk Island,Kingston,Oceania,Australia and New Zealand,,NF-->UM,NF-->UM,NF-->UM,NF-->UM,NF-->UM,NF-->UM,NF-->UM,NF-->UM,NF-->UM,NF-->UM,NF-->UM,NF-->UM,NF-->UM,NF-->UM,NF-->UM,NF-->UM,NF-->UM,NF-->UM,NF-->UM,,,,,,,,,,,,,,,,,UM-->NF,UM-->NF,UM-->NF,UM-->NF,UM-->NF,UM-->NF,UM-->NF,UM-->NF,UM-->NF,UM-->NF,UM-->NF,UM-->NF,UM-->NF,UM-->NF,UM-->NF,UM-->NF,UM-->NF,UM-->NF,UM-->NF
KP,PRK,North Korea,Pyongyang,Asia,Eastern Asia,,KP-->UM,KP-->UM,KP-->UM,KP-->UM,KP-->UM,KP-->UM,KP-->UM,KP-->UM,KP-->UM,KP-->UM,KP-->UM,KP-->UM,KP-->UM,KP-->UM,KP-->UM,KP-->UM,KP-->UM,KP-->UM,KP-->UM,,,,,,,,,,,,,,,,,UM-->KP,UM-->KP,UM-->KP,UM-->KP,UM-->KP,UM-->KP,UM-->KP,UM-->KP,UM-->KP,UM-->KP,UM-->KP,UM-->KP,UM-->KP,UM-->KP,UM-->KP,UM-->KP,UM-->KP,UM-->KP,UM-->KP
MP,MNP,Northern Mariana Islands,Saipan,Oceania,Micronesia,,MP-->UM,MP-->UM,MP-->UM,MP-->UM,MP-->UM,MP-->UM,MP-->UM,MP-->UM,MP-->UM,MP-->UM,MP-->UM,MP-->UM,MP-->UM,MP-->UM,MP-->UM,MP-->UM,MP-->UM,MP-->UM,MP-->UM,,,,,,,,,,,,,,,,,UM-->MP,UM-->MP,UM-->MP,UM-->MP,UM-->MP,UM-->MP,UM-->MP,UM-->MP,UM-->MP,UM-->MP,UM-->MP,UM-->MP,UM-->MP,UM-->MP,UM-->MP,UM-->MP,UM-->MP,UM-->MP,UM-->MP
NO,NOR,Norway,Oslo,Europe,Northern Europe,,NO-->UM,NO-->UM,NO-->UM,NO-->UM,NO-->UM,NO-->UM,NO-->UM,NO-->UM,NO-->UM,NO-->UM,NO-->UM,NO-->UM,NO-->UM,NO-->UM,NO-->UM,NO-->UM,NO-->UM,NO-->UM,NO-->UM,,,,,,,,,,,,,,,,,UM-->NO,UM-->NO,UM-->NO,UM-->NO,UM-->NO,UM-->NO,UM-->NO,UM-->NO,UM-->NO,UM-->NO,UM-->NO,UM-->NO,UM-->NO,UM-->NO,UM-->NO,UM-->NO,UM-->NO,UM-->NO,UM-->NO
OM,OMN,Oman,Muscat,Asia,Western Asia,,OM-->UM,OM-->UM,OM-->UM,OM-->UM,OM-->UM,OM-->UM,OM-->UM,OM-->UM,OM-->UM,OM-->UM,OM-->UM,OM-->UM,OM-->UM,OM-->UM,OM-->UM,OM-->UM,OM-->UM,OM-->UM,OM-->UM,,,,,,,,,,,,,,,,,UM-->OM,UM-->OM,UM-->OM,UM-->OM,UM-->OM,UM-->OM,UM-->OM,UM-->OM,UM-->OM,UM-->OM,UM-->OM,UM-->OM,UM-->OM,UM-->OM,UM-->OM,UM-->OM,UM-->OM,UM-->OM,UM-->OM
PK,PAK,Pakistan,Islamabad,Asia,Southern Asia,,PK-->UM,PK-->UM,PK-->UM,PK-->UM,PK-->UM,PK-->UM,PK-->UM,PK-->UM,PK-->UM,PK-->UM,PK-->UM,PK-->UM,PK-->UM,PK-->UM,PK-->UM,PK-->UM,PK-->UM,PK-->UM,PK-->UM,,,,,,,,,,,,,,,,,UM-->PK,UM-->PK,UM-->PK,UM-->PK,UM-->PK,UM-->PK,UM-->PK,UM-->PK,UM-->PK,UM-->PK,UM-->PK,UM-->PK,UM-->PK,UM-->PK,UM-->PK,UM-->PK,UM-->PK,UM-->PK,UM-->PK
PW,PLW,Palau,Ngerulmud,Oceania,Micronesia,,PW-->UM,PW-->UM,PW-->UM,PW-->UM,PW-->UM,PW-->UM,PW-->UM,PW-->UM,PW-->UM,PW-->UM,PW-->UM,PW-->UM,PW-->UM,PW-->UM,PW-->UM,PW-->UM,PW-->UM,PW-->UM,PW-->UM,,,,,,,,,,,,,,,,,UM-->PW,UM-->PW,UM-->PW,UM-->PW,UM-->PW,UM-->PW,UM-->PW,UM-->PW,UM-->PW,UM-->PW,UM-->PW,UM-->PW,UM-->PW,UM-->PW,UM-->PW,UM-->PW,UM-->PW,UM-->PW,UM-->PW
PS,PSE,Palestine,Ramallah,Asia,Western Asia,,PS-->UM,PS-->UM,PS-->UM,PS-->UM,PS-->UM,PS-->UM,PS-->UM,PS-->UM,PS-->UM,PS-->UM,PS-->UM,PS-->UM,PS-->UM,PS-->UM,PS-->UM,PS-->UM,PS-->UM,PS-->UM,PS-->UM,,,,,,,,,,,,,,,,,UM-->PS,UM-->PS,UM-->PS,UM-->PS,UM-->PS,UM-->PS,UM-->PS,UM-->PS,UM-->PS,UM-->PS,UM-->PS,UM-->PS,UM-->PS,UM-->PS,UM-->PS,UM-->PS,UM-->PS,UM-->PS,UM-->PS
PA,PAN,Panama,Panama City,Americas,Central America,,PA-->UM,PA-->UM,PA-->UM,PA-->UM,PA-->UM,PA-->UM,PA-->UM,PA-->UM,PA-->UM,PA-->UM,PA-->UM,PA-->UM,PA-->UM,PA-->UM,PA-->UM,PA-->UM,PA-->UM,PA-->UM,PA-->UM,,,,,,,,,,,,,,,,,UM-->PA,UM-->PA,UM-->PA,UM-->PA,UM-->PA,UM-->PA,UM-->PA,UM-->PA,UM-->PA,UM-->PA,UM-->PA,UM-->PA,UM-->PA,UM-->PA,UM-->PA,UM-->PA,UM-->PA,UM-->PA,UM-->PA
PG,PNG,Papua New Guinea,Port Moresby,Oceania,Melanesia,,PG-->UM,PG-->UM,PG-->UM,PG-->UM,PG-->UM,PG-->UM,PG-->UM,PG-->UM,PG-->UM,PG-->UM,PG-->UM,PG-->UM,PG-->UM,PG-->UM,PG-->UM,PG-->UM,PG-->UM,PG-->UM,PG-->UM,,,,,,,,,,,,,,,,,UM-->PG,UM-->PG,UM-->PG,UM-->PG,UM-->PG,UM-->PG,UM-->PG,UM-->PG,UM-->PG,UM-->PG,UM-->PG,UM-->PG,UM-->PG,UM-->PG,UM-->PG,UM-->PG,UM-->PG,UM-->PG,UM-->PG
PY,PRY,Paraguay,Asunción,Americas,South America,,PY-->UM,PY-->UM,PY-->UM,PY-->UM,PY-->UM,PY-->UM,PY-->UM,PY-->UM,PY-->UM,PY-->UM,PY-->UM,PY-->UM,PY-->UM,PY-->UM,PY-->UM,PY-->UM,PY-->UM,PY-->UM,PY-->UM,,,,,,,,,,,,,,,,,UM-->PY,UM-->PY,UM-->PY,UM-->PY,UM-->PY,UM-->PY,UM-->PY,UM-->PY,UM-->PY,UM-->PY,UM-->PY,UM-->PY,UM-->PY,UM-->PY,UM-->PY,UM-->PY,UM-->PY,UM-->PY,UM-->PY
PE,PER,Peru,Lima,Americas,South America,,PE-->UM,PE-->UM,PE-->UM,PE-->UM,PE-->UM,PE-->UM,PE-->UM,PE-->UM,PE-->UM,PE-->UM,PE-->UM,PE-->UM,PE-->UM,PE-->UM,PE-->UM,PE-->UM,PE-->UM,PE-->UM,PE-->UM,,,,,,,,,,,,,,,,,UM-->PE,UM-->PE,UM-->PE,UM-->PE,UM-->PE,UM-->PE,UM-->PE,UM-->PE,UM-->PE,UM-->PE,UM-->PE,UM-->PE,UM-->PE,UM-->PE,UM-->PE,UM-->PE,UM-->PE,UM-->PE,UM-->PE
PH,PHL,Philippines,Manila,Asia,South-Eastern Asia,,PH-->UM,PH-->UM,PH-->UM,PH-->UM,PH-->UM,PH-->UM,PH-->UM,PH-->UM,PH-->UM,PH-->UM,PH-->UM,PH-->UM,PH-->UM,PH-->UM,PH-->UM,PH-->UM,PH-->UM,PH-->UM,PH-->UM,,,,,,,,,,,,,,,,,UM-->PH,UM-->PH,UM-->PH,UM-->PH,UM-->PH,UM-->PH,UM-->PH,UM-->PH,UM-->PH,UM-->PH,UM-->PH,UM-->PH,UM-->PH,UM-->PH,UM-->PH,UM-->PH,UM-->PH,UM-->PH,UM-->PH
PN,PCN,Pitcairn Islands,Adamstown,Oceania,Polynesia,,PN-->UM,PN-->UM,PN-->UM,PN-->UM,PN-->UM,PN-->UM,PN-->UM,PN-->UM,PN-->UM,PN-->UM,PN-->UM,PN-->UM,PN-->UM,PN-->UM,PN-->UM,PN-->UM,PN-->UM,PN-->UM,PN-->UM,,,,,,,,,,,,,,,,,UM-->PN,UM-->PN,UM-->PN,UM-->PN,UM-->PN,UM-->PN,UM-->PN,UM-->PN,UM-->PN,UM-->PN,UM-->PN,UM-->PN,UM-->PN,UM-->PN,UM-->PN,UM-->PN,UM-->PN,UM-->PN,UM-->PN
PL,POL,Poland,Warsaw,Europe,Eastern Europe,,PL-->UM,PL-->UM,PL-->UM,PL-->UM,PL-->UM,PL-->UM,PL-->UM,PL-->UM,PL-->UM,PL-->UM,PL-->UM,PL-->UM,PL-->UM,PL-->UM,PL-->UM,PL-->UM,PL-->UM,PL-->UM,PL-->UM,,,,,,,,,,,,,,,,,UM-->PL,UM-->PL,UM-->PL,UM-->PL,UM-->PL,UM-->PL,UM-->PL,UM-->PL,UM-->PL,UM-->PL,UM-->PL,UM-->PL,UM-->PL,UM-->PL,UM-->PL,UM-->PL,UM-->PL,UM-->PL,UM-->PL
PT,PRT,Portugal,Lisbon,Europe,Southern Europe,,PT-->UM,PT-->UM,PT-->UM,PT-->UM,PT-->UM,PT-->UM,PT-->UM,PT-->UM,PT-->UM,PT-->UM,PT-->UM,PT-->UM,PT-->UM,PT-->UM,PT-->UM,PT-->UM,PT-->UM,PT-->UM,PT-->UM,,,,,,,,,,,,,,,,,UM-->PT,UM-->PT,UM-->PT,UM-->PT,UM-->PT,UM-->PT,UM-->PT,UM-->PT,UM-->PT,UM-->PT,UM-->PT,UM-->PT,UM-->PT,UM-->PT,UM-->PT,UM-->PT,UM-->PT,UM-->PT,UM-->PT
PR,PRI,Puerto Rico,San Juan,Americas,Caribbean,,PR-->UM,PR-->UM,PR-->UM,PR-->UM,PR-->UM,PR-->UM,PR-->UM,PR-->UM,PR-->UM,PR-->UM,PR-->UM,PR-->UM,PR-->UM,PR-->UM,PR-->UM,PR-->UM,PR-->UM,PR-->UM,PR-->UM,,,,,,,,,,,,,,,,,UM-->PR,UM-->PR,UM-->PR,UM-->PR,UM-->PR,UM-->PR,UM-->PR,UM-->PR,UM-->PR,UM-->PR,UM-->PR,UM-->PR,UM-->PR,UM-->PR,UM-->PR,UM-->PR,UM-->PR,UM-->PR,UM-->PR
QA,QAT,Qatar,Doha,Asia,Western Asia,,QA-->UM,QA-->UM,QA-->UM,QA-->UM,QA-->UM,QA-->UM,QA-->UM,QA-->UM,QA-->UM,QA-->UM,QA-->UM,QA-->UM,QA-->UM,QA-->UM,QA-->UM,QA-->UM,QA-->UM,QA-->UM,QA-->UM,,,,,,,,,,,,,,,,,UM-->QA,UM-->QA,UM-->QA,UM-->QA,UM-->QA,UM-->QA,UM-->QA,UM-->QA,UM-->QA,UM-->QA,UM-->QA,UM-->QA,UM-->QA,UM-->QA,UM-->QA,UM-->QA,UM-->QA,UM-->QA,UM-->QA
XK,KOS,Republic of Kosovo,Pristina,Europe,Eastern Europe,,XK-->UM,XK-->UM,XK-->UM,XK-->UM,XK-->UM,XK-->UM,XK-->UM,XK-->UM,XK-->UM,XK-->UM,XK-->UM,XK-->UM,XK-->UM,XK-->UM,XK-->UM,XK-->UM,XK-->UM,XK-->UM,XK-->UM,,,,,,,,,,,,,,,,,UM-->XK,UM-->XK,UM-->XK,UM-->XK,UM-->XK,UM-->XK,UM-->XK,UM-->XK,UM-->XK,UM-->XK,UM-->XK,UM-->XK,UM-->XK,UM-->XK,UM-->XK,UM-->XK,UM-->XK,UM-->XK,UM-->XK
RE,REU,Réunion,Saint-Denis,Africa,Eastern Africa,,RE-->UM,RE-->UM,RE-->UM,RE-->UM,RE-->UM,RE-->UM,RE-->UM,RE-->UM,RE-->UM,RE-->UM,RE-->UM,RE-->UM,RE-->UM,RE-->UM,RE-->UM,RE-->UM,RE-->UM,RE-->UM,RE-->UM,,,,,,,,,,,,,,,,,UM-->RE,UM-->RE,UM-->RE,UM-->RE,UM-->RE,UM-->RE,UM-->RE,UM-->RE,UM-->RE,UM-->RE,UM-->RE,UM-->RE,UM-->RE,UM-->RE,UM-->RE,UM-->RE,UM-->RE,UM-->RE,UM-->RE
RO,ROU,Romania,Bucharest,Europe,Eastern Europe,,RO-->UM,RO-->UM,RO-->UM,RO-->UM,RO-->UM,RO-->UM,RO-->UM,RO-->UM,RO-->UM,RO-->UM,RO-->UM,RO-->UM,RO-->UM,RO-->UM,RO-->UM,RO-->UM,RO-->UM,RO-->UM,RO-->UM,,,,,,,,,,,,,,,,,UM-->RO,UM-->RO,UM-->RO,UM-->RO,UM-->RO,UM-->RO,UM-->RO,UM-->RO,UM-->RO,UM-->RO,UM-->RO,UM-->RO,UM-->RO,UM-->RO,UM-->RO,UM-->RO,UM-->RO,UM-->RO,UM-->RO
RU,RUS,Russia,Moscow,Europe,Eastern Europe,,RU-->UM,RU-->UM,RU-->UM,RU-->UM,RU-->UM,RU-->UM,RU-->UM,RU-->UM,RU-->UM,RU-->UM,RU-->UM,RU-->UM,RU-->UM,RU-->UM,RU-->UM,RU-->UM,RU-->UM,RU-->UM,RU-->UM,,,,,,,,,,,,,,,,,UM-->RU,UM-->RU,UM-->RU,UM-->RU,UM-->RU,UM-->RU,UM-->RU,UM-->RU,UM-->RU,UM-->RU,UM-->RU,UM-->RU,UM-->RU,UM-->RU,UM-->RU,UM-->RU,UM-->RU,UM-->RU,UM-->RU
RW,RWA,Rwanda,Kigali,Africa,Eastern Africa,,RW-->UM,RW-->UM,RW-->UM,RW-->UM,RW-->UM,RW-->UM,RW-->UM,RW-->UM,RW-->UM,RW-->UM,RW-->UM,RW-->UM,RW-->UM,RW-->UM,RW-->UM,RW-->UM,RW-->UM,RW-->UM,RW-->UM,,,,,,,,,,,,,,,,,UM-->RW,UM-->RW,UM-->RW,UM-->RW,UM-->RW,UM-->RW,UM-->RW,UM-->RW,UM-->RW,UM-->RW,UM-->RW,UM-->RW,UM-->RW,UM-->RW,UM-->RW,UM-->RW,UM-->RW,UM-->RW,UM-->RW
BL,BLM,Saint Barthélemy,Gustavia,Americas,Caribbean,,BL-->UM,BL-->UM,BL-->UM,BL-->UM,BL-->UM,BL-->UM,BL-->UM,BL-->UM,BL-->UM,BL-->UM,BL-->UM,BL-->UM,BL-->UM,BL-->UM,BL-->UM,BL-->UM,BL-->UM,BL-->UM,BL-->UM,,,,,,,,,,,,,,,,,UM-->BL,UM-->BL,UM-->BL,UM-->BL,UM-->BL,UM-->BL,UM-->BL,UM-->BL,UM-->BL,UM-->BL,UM-->BL,UM-->BL,UM-->BL,UM-->BL,UM-->BL,UM-->BL,UM-->BL,UM-->BL,UM-->BL
SH,SHN,Saint Helena,Jamestown,Africa,Western Africa,,SH-->UM,SH-->UM,SH-->UM,SH-->UM,SH-->UM,SH-->UM,SH-->UM,SH-->UM,SH-->UM,SH-->UM,SH-->UM,SH-->UM,SH-->UM,SH-->UM,SH-->UM,SH-->UM,SH-->UM,SH-->UM,SH-->UM,,,,,,,,,,,,,,,,,UM-->SH,UM-->SH,UM-->SH,UM-->SH,UM-->SH,UM-->SH,UM-->SH,UM-->SH,UM-->SH,UM-->SH,UM-->SH,UM-->SH,UM-->SH,UM-->SH,UM-->SH,UM-->SH,UM-->SH,UM-->SH,UM-->SH
KN,KNA,Saint Kitts and Nevis,Basseterre,Americas,Caribbean,,KN-->UM,KN-->UM,KN-->UM,KN-->UM,KN-->UM,KN-->UM,KN-->UM,KN-->UM,KN-->UM,KN-->UM,KN-->UM,KN-->UM,KN-->UM,KN-->UM,KN-->UM,KN-->UM,KN-->UM,KN-->UM,KN-->UM,,,,,,,,,,,,,,,,,UM-->KN,UM-->KN,UM-->KN,UM-->KN,UM-->KN,UM-->KN,UM-->KN,UM-->KN,UM-->KN,UM-->KN,UM-->KN,UM-->KN,UM-->KN,UM-->KN,UM-->KN,UM-->KN,UM-->KN,UM-->KN,UM-->KN
LC,LCA,Saint Lucia,Castries,Americas,Caribbean,,LC-->UM,LC-->UM,LC-->UM,LC-->UM,LC-->UM,LC-->UM,LC-->UM,LC-->UM,LC-->UM,LC-->UM,LC-->UM,LC-->UM,LC-->UM,LC-->UM,LC-->UM,LC-->UM,LC-->UM,LC-->UM,LC-->UM,,,,,,,,,,,,,,,,,UM-->LC,UM-->LC,UM-->LC,UM-->LC,UM-->LC,UM-->LC,UM-->LC,UM-->LC,UM-->LC,UM-->LC,UM-->LC,UM-->LC,UM-->LC,UM-->LC,UM-->LC,UM-->LC,UM-->LC,UM-->LC,UM-->LC
MF,MAF,Saint Martin,Marigot,Americas,Caribbean,,MF-->UM,MF-->UM,MF-->UM,MF-->UM,MF-->UM,MF-->UM,MF-->UM,MF-->UM,MF-->UM,MF-->UM,MF-->UM,MF-->UM,MF-->UM,MF-->UM,MF-->UM,MF-->UM,MF-->UM,MF-->UM,MF-->UM,,,,,,,,,,,,,,,,,UM-->MF,UM-->MF,UM-->MF,UM-->MF,UM-->MF,UM-->MF,UM-->MF,UM-->MF,UM-->MF,UM-->MF,UM-->MF,UM-->MF,UM-->MF,UM-->MF,UM-->MF,UM-->MF,UM-->MF,UM-->MF,UM-->MF
PM,SPM,Saint Pierre and Miquelon,Saint-Pierre,Americas,Northern America,,PM-->UM,PM-->UM,PM-->UM,PM-->UM,PM-->UM,PM-->UM,PM-->UM,PM-->UM,PM-->UM,PM-->UM,PM-->UM,PM-->UM,PM-->UM,PM-->UM,PM-->UM,PM-->UM,PM-->UM,PM-->UM,PM-->UM,,,,,,,,,,,,,,,,,UM-->PM,UM-->PM,UM-->PM,UM-->PM,UM-->PM,UM-->PM,UM-->PM,UM-->PM,UM-->PM,UM-->PM,UM-->PM,UM-->PM,UM-->PM,UM-->PM,UM-->PM,UM-->PM,UM-->PM,UM-->PM,UM-->PM
VC,VCT,Saint Vincent and the Grenadines,Kingstown,Americas,Caribbean,,VC-->UM,VC-->UM,VC-->UM,VC-->UM,VC-->UM,VC-->UM,VC-->UM,VC-->UM,VC-->UM,VC-->UM,VC-->UM,VC-->UM,VC-->UM,VC-->UM,VC-->UM,VC-->UM,VC-->UM,VC-->UM,VC-->UM,,,,,,,,,,,,,,,,,UM-->VC,UM-->VC,UM-->VC,UM-->VC,UM-->VC,UM-->VC,UM-->VC,UM-->VC,UM-->VC,UM-->VC,UM-->VC,UM-->VC,UM-->VC,UM-->VC,UM-->VC,UM-->VC,UM-->VC,UM-->VC,UM-->VC
WS,WSM,Samoa,Apia,Oceania,Polynesia,,WS-->UM,WS-->UM,WS-->UM,WS-->UM,WS-->UM,WS-->UM,WS-->UM,WS-->UM,WS-->UM,WS-->UM,WS-->UM,WS-->UM,WS-->UM,WS-->UM,WS-->UM,WS-->UM,WS-->UM,WS-->UM,WS-->UM,,,,,,,,,,,,,,,,,UM-->WS,UM-->WS,UM-->WS,UM-->WS,UM-->WS,UM-->WS,UM-->WS,UM-->WS,UM-->WS,UM-->WS,UM-->WS,UM-->WS,UM-->WS,UM-->WS,UM-->WS,UM-->WS,UM-->WS,UM-->WS,UM-->WS
SM,SMR,San Marino,City of San Marino,Europe,Southern Europe,,SM-->UM,SM-->UM,SM-->UM,SM-->UM,SM-->UM,SM-->UM,SM-->UM,SM-->UM,SM-->UM,SM-->UM,SM-->UM,SM-->UM,SM-->UM,SM-->UM,SM-->UM,SM-->UM,SM-->UM,SM-->UM,SM-->UM,,,,,,,,,,,,,,,,,UM-->SM,UM-->SM,UM-->SM,UM-->SM,UM-->SM,UM-->SM,UM-->SM,UM-->SM,UM-->SM,UM-->SM,UM-->SM,UM-->SM,UM-->SM,UM-->SM,UM-->SM,UM-->SM,UM-->SM,UM-->SM,UM-->SM
ST,STP,São Tomé and Príncipe,São Tomé,Africa,Middle Africa,,ST-->UM,ST-->UM,ST-->UM,ST-->UM,ST-->UM,ST-->UM,ST-->UM,ST-->UM,ST-->UM,ST-->UM,ST-->UM,ST-->UM,ST-->UM,ST-->UM,ST-->UM,ST-->UM,ST-->UM,ST-->UM,ST-->UM,,,,,,,,,,,,,,,,,UM-->ST,UM-->ST,UM-->ST,UM-->ST,UM-->ST,UM-->ST,UM-->ST,UM-->ST,UM-->ST,UM-->ST,UM-->ST,UM-->ST,UM-->ST,UM-->ST,UM-->ST,UM-->ST,UM-->ST,UM-->ST,UM-->ST
SA,SAU,Saudi Arabia,Riyadh,Asia,Western Asia,,SA-->UM,SA-->UM,SA-->UM,SA-->UM,SA-->UM,SA-->UM,SA-->UM,SA-->UM,SA-->UM,SA-->UM,SA-->UM,SA-->UM,SA-->UM,SA-->UM,SA-->UM,SA-->UM,SA-->UM,SA-->UM,SA-->UM,,,,,,,,,,,,,,,,,UM-->SA,UM-->SA,UM-->SA,UM-->SA,UM-->SA,UM-->SA,UM-->SA,UM-->SA,UM-->SA,UM-->SA,UM-->SA,UM-->SA,UM-->SA,UM-->SA,UM-->SA,UM-->SA,UM-->SA,UM-->SA,UM-->SA
SN,SEN,Senegal,Dakar,Africa,Western Africa,,SN-->UM,SN-->UM,SN-->UM,SN-->UM,SN-->UM,SN-->UM,SN-->UM,SN-->UM,SN-->UM,SN-->UM,SN-->UM,SN-->UM,SN-->UM,SN-->UM,SN-->UM,SN-->UM,SN-->UM,SN-->UM,SN-->UM,,,,,,,,,,,,,,,,,UM-->SN,UM-->SN,UM-->SN,UM-->SN,UM-->SN,UM-->SN,UM-->SN,UM-->SN,UM-->SN,UM-->SN,UM-->SN,UM-->SN,UM-->SN,UM-->SN,UM-->SN,UM-->SN,UM-->SN,UM-->SN,UM-->SN
RS,SRB,Serbia,Belgrade,Europe,Southern Europe,,RS-->UM,RS-->UM,RS-->UM,RS-->UM,RS-->UM,RS-->UM,RS-->UM,RS-->UM,RS-->UM,RS-->UM,RS-->UM,RS-->UM,RS-->UM,RS-->UM,RS-->UM,RS-->UM,RS-->UM,RS-->UM,RS-->UM,,,,,,,,,,,,,,,,,UM-->RS,UM-->RS,UM-->RS,UM-->RS,UM-->RS,UM-->RS,UM-->RS,UM-->RS,UM-->RS,UM-->RS,UM-->RS,UM-->RS,UM-->RS,UM-->RS,UM-->RS,UM-->RS,UM-->RS,UM-->RS,UM-->RS
SC,SYC,Seychelles,Victoria,Africa,Eastern Africa,,SC-->UM,SC-->UM,SC-->UM,SC-->UM,SC-->UM,SC-->UM,SC-->UM,SC-->UM,SC-->UM,SC-->UM,SC-->UM,SC-->UM,SC-->UM,SC-->UM,SC-->UM,SC-->UM,SC-->UM,SC-->UM,SC-->UM,,,,,,,,,,,,,,,,,UM-->SC,UM-->SC,UM-->SC,UM-->SC,UM-->SC,UM-->SC,UM-->SC,UM-->SC,UM-->SC,UM-->SC,UM-->SC,UM-->SC,UM-->SC,UM-->SC,UM-->SC,UM-->SC,UM-->SC,UM-->SC,UM-->SC
SL,SLE,Sierra Leone,Freetown,Africa,Western Africa,,SL-->UM,SL-->UM,SL-->UM,SL-->UM,SL-->UM,SL-->UM,SL-->UM,SL-->UM,SL-->UM,SL-->UM,SL-->UM,SL-->UM,SL-->UM,SL-->UM,SL-->UM,SL-->UM,SL-->UM,SL-->UM,SL-->UM,,,,,,,,,,,,,,,,,UM-->SL,UM-->SL,UM-->SL,UM-->SL,UM-->SL,UM-->SL,UM-->SL,UM-->SL,UM-->SL,UM-->SL,UM-->SL,UM-->SL,UM-->SL,UM-->SL,UM-->SL,UM-->SL,UM-->SL,UM-->SL,UM-->SL
SG,SGP,Singapore,Singapore,Asia,South-Eastern Asia,,SG-->UM,SG-->UM,SG-->UM,SG-->UM,SG-->UM,SG-->UM,SG-->UM,SG-->UM,SG-->UM,SG-->UM,SG-->UM,SG-->UM,SG-->UM,SG-->UM,SG-->UM,SG-->UM,SG-->UM,SG-->UM,SG-->UM,,,,,,,,,,,,,,,,,UM-->SG,UM-->SG,UM-->SG,UM-->SG,UM-->SG,UM-->SG,UM-->SG,UM-->SG,UM-->SG,UM-->SG,UM-->SG,UM-->SG,UM-->SG,UM-->SG,UM-->SG,UM-->SG,UM-->SG,UM-->SG,UM-->SG
SX,SXM,Sint Maarten,Philipsburg,Americas,Caribbean,,SX-->UM,SX-->UM,SX-->UM,SX-->UM,SX-->UM,SX-->UM,SX-->UM,SX-->UM,SX-->UM,SX-->UM,SX-->UM,SX-->UM,SX-->UM,SX-->UM,SX-->UM,SX-->UM,SX-->UM,SX-->UM,SX-->UM,,,,,,,,,,,,,,,,,UM-->SX,UM-->SX,UM-->SX,UM-->SX,UM-->SX,UM-->SX,UM-->SX,UM-->SX,UM-->SX,UM-->SX,UM-->SX,UM-->SX,UM-->SX,UM-->SX,UM-->SX,UM-->SX,UM-->SX,UM-->SX,UM-->SX
SK,SVK,Slovakia,Bratislava,Europe,Eastern Europe,,SK-->UM,SK-->UM,SK-->UM,SK-->UM,SK-->UM,SK-->UM,SK-->UM,SK-->UM,SK-->UM,SK-->UM,SK-->UM,SK-->UM,SK-->UM,SK-->UM,SK-->UM,SK-->UM,SK-->UM,SK-->UM,SK-->UM,,,,,,,,,,,,,,,,,UM-->SK,UM-->SK,UM-->SK,UM-->SK,UM-->SK,UM-->SK,UM-->SK,UM-->SK,UM-->SK,UM-->SK,UM-->SK,UM-->SK,UM-->SK,UM-->SK,UM-->SK,UM-->SK,UM-->SK,UM-->SK,UM-->SK
SI,SVN,Slovenia,Ljubljana,Europe,Southern Europe,,SI-->UM,SI-->UM,SI-->UM,SI-->UM,SI-->UM,SI-->UM,SI-->UM,SI-->UM,SI-->UM,SI-->UM,SI-->UM,SI-->UM,SI-->UM,SI-->UM,SI-->UM,SI-->UM,SI-->UM,SI-->UM,SI-->UM,,,,,,,,,,,,,,,,,UM-->SI,UM-->SI,UM-->SI,UM-->SI,UM-->SI,UM-->SI,UM-->SI,UM-->SI,UM-->SI,UM-->SI,UM-->SI,UM-->SI,UM-->SI,UM-->SI,UM-->SI,UM-->SI,UM-->SI,UM-->SI,UM-->SI
SB,SLB,Solomon Islands,Honiara,Oceania,Melanesia,,SB-->UM,SB-->UM,SB-->UM,SB-->UM,SB-->UM,SB-->UM,SB-->UM,SB-->UM,SB-->UM,SB-->UM,SB-->UM,SB-->UM,SB-->UM,SB-->UM,SB-->UM,SB-->UM,SB-->UM,SB-->UM,SB-->UM,,,,,,,,,,,,,,,,,UM-->SB,UM-->SB,UM-->SB,UM-->SB,UM-->SB,UM-->SB,UM-->SB,UM-->SB,UM-->SB,UM-->SB,UM-->SB,UM-->SB,UM-->SB,UM-->SB,UM-->SB,UM-->SB,UM-->SB,UM-->SB,UM-->SB
SO,SOM,Somalia,Mogadishu,Africa,Eastern Africa,,SO-->UM,SO-->UM,SO-->UM,SO-->UM,SO-->UM,SO-->UM,SO-->UM,SO-->UM,SO-->UM,SO-->UM,SO-->UM,SO-->UM,SO-->UM,SO-->UM,SO-->UM,SO-->UM,SO-->UM,SO-->UM,SO-->UM,,,,,,,,,,,,,,,,,UM-->SO,UM-->SO,UM-->SO,UM-->SO,UM-->SO,UM-->SO,UM-->SO,UM-->SO,UM-->SO,UM-->SO,UM-->SO,UM-->SO,UM-->SO,UM-->SO,UM-->SO,UM-->SO,UM-->SO,UM-->SO,UM-->SO
ZA,ZAF,South Africa,Pretoria,Africa,Southern Africa,,ZA-->UM,ZA-->UM,ZA-->UM,ZA-->UM,ZA-->UM,ZA-->UM,ZA-->UM,ZA-->UM,ZA-->UM,ZA-->UM,ZA-->UM,ZA-->UM,ZA-->UM,ZA-->UM,ZA-->UM,ZA-->UM,ZA-->UM,ZA-->UM,ZA-->UM,,,,,,,,,,,,,,,,,UM-->ZA,UM-->ZA,UM-->ZA,UM-->ZA,UM-->ZA,UM-->ZA,UM-->ZA,UM-->ZA,UM-->ZA,UM-->ZA,UM-->ZA,UM-->ZA,UM-->ZA,UM-->ZA,UM-->ZA,UM-->ZA,UM-->ZA,UM-->ZA,UM-->ZA
GS,SGS,South Georgia,King Edward Point,Americas,South America,,GS-->UM,GS-->UM,GS-->UM,GS-->UM,GS-->UM,GS-->UM,GS-->UM,GS-->UM,GS-->UM,GS-->UM,GS-->UM,GS-->UM,GS-->UM,GS-->UM,GS-->UM,GS-->UM,GS-->UM,GS-->UM,GS-->UM,,,,,,,,,,,,,,,,,UM-->GS,UM-->GS,UM-->GS,UM-->GS,UM-->GS,UM-->GS,UM-->GS,UM-->GS,UM-->GS,UM-->GS,UM-->GS,UM-->GS,UM-->GS,UM-->GS,UM-->GS,UM-->GS,UM-->GS,UM-->GS,UM-->GS
KR,KOR,South Korea,Seoul,Asia,Eastern Asia,,KR-->UM,KR-->UM,KR-->UM,KR-->UM,KR-->UM,KR-->UM,KR-->UM,KR-->UM,KR-->UM,KR-->UM,KR-->UM,KR-->UM,KR-->UM,KR-->UM,KR-->UM,KR-->UM,KR-->UM,KR-->UM,KR-->UM,,,,,,,,,,,,,,,,,UM-->KR,UM-->KR,UM-->KR,UM-->KR,UM-->KR,UM-->KR,UM-->KR,UM-->KR,UM-->KR,UM-->KR,UM-->KR,UM-->KR,UM-->KR,UM-->KR,UM-->KR,UM-->KR,UM-->KR,UM-->KR,UM-->KR
SS,SSD,South Sudan,Juba,Africa,Middle Africa,,SS-->UM,SS-->UM,SS-->UM,SS-->UM,SS-->UM,SS-->UM,SS-->UM,SS-->UM,SS-->UM,SS-->UM,SS-->UM,SS-->UM,SS-->UM,SS-->UM,SS-->UM,SS-->UM,SS-->UM,SS-->UM,SS-->UM,,,,,,,,,,,,,,,,,UM-->SS,UM-->SS,UM-->SS,UM-->SS,UM-->SS,UM-->SS,UM-->SS,UM-->SS,UM-->SS,UM-->SS,UM-->SS,UM-->SS,UM-->SS,UM-->SS,UM-->SS,UM-->SS,UM-->SS,UM-->SS,UM-->SS
ES,ESP,Spain,Madrid,Europe,Southern Europe,,ES-->UM,ES-->UM,ES-->UM,ES-->UM,ES-->UM,ES-->UM,ES-->UM,ES-->UM,ES-->UM,ES-->UM,ES-->UM,ES-->UM,ES-->UM,ES-->UM,ES-->UM,ES-->UM,ES-->UM,ES-->UM,ES-->UM,,,,,,,,,,,,,,,,,UM-->ES,UM-->ES,UM-->ES,UM-->ES,UM-->ES,UM-->ES,UM-->ES,UM-->ES,UM-->ES,UM-->ES,UM-->ES,UM-->ES,UM-->ES,UM-->ES,UM-->ES,UM-->ES,UM-->ES,UM-->ES,UM-->ES
LK,LKA,Sri Lanka,Colombo,Asia,Southern Asia,,LK-->UM,LK-->UM,LK-->UM,LK-->UM,LK-->UM,LK-->UM,LK-->UM,LK-->UM,LK-->UM,LK-->UM,LK-->UM,LK-->UM,LK-->UM,LK-->UM,LK-->UM,LK-->UM,LK-->UM,LK-->UM,LK-->UM,,,,,,,,,,,,,,,,,UM-->LK,UM-->LK,UM-->LK,UM-->LK,UM-->LK,UM-->LK,UM-->LK,UM-->LK,UM-->LK,UM-->LK,UM-->LK,UM-->LK,UM-->LK,UM-->LK,UM-->LK,UM-->LK,UM-->LK,UM-->LK,UM-->LK
SD,SDN,Sudan,Khartoum,Africa,Northern Africa,,SD-->UM,SD-->UM,SD-->UM,SD-->UM,SD-->UM,SD-->UM,SD-->UM,SD-->UM,SD-->UM,SD-->UM,SD-->UM,SD-->UM,SD-->UM,SD-->UM,SD-->UM,SD-->UM,SD-->UM,SD-->UM,SD-->UM,,,,,,,,,,,,,,,,,UM-->SD,UM-->SD,UM-->SD,UM-->SD,UM-->SD,UM-->SD,UM-->SD,UM-->SD,UM-->SD,UM-->SD,UM-->SD,UM-->SD,UM-->SD,UM-->SD,UM-->SD,UM-->SD,UM-->SD,UM-->SD,UM-->SD
SR,SUR,Suriname,Paramaribo,Americas,South America,,SR-->UM,SR-->UM,SR-->UM,SR-->UM,SR-->UM,SR-->UM,SR-->UM,SR-->UM,SR-->UM,SR-->UM,SR-->UM,SR-->UM,SR-->UM,SR-->UM,SR-->UM,SR-->UM,SR-->UM,SR-->UM,SR-->UM,,,,,,,,,,,,,,,,,UM-->SR,UM-->SR,UM-->SR,UM-->SR,UM-->SR,UM-->SR,UM-->SR,UM-->SR,UM-->SR,UM-->SR,UM-->SR,UM-->SR,UM-->SR,UM-->SR,UM-->SR,UM-->SR,UM-->SR,UM-->SR,UM-->SR
SJ,SJM,Svalbard and Jan Mayen,Longyearbyen,Europe,Northern Europe,,SJ-->UM,SJ-->UM,SJ-->UM,SJ-->UM,SJ-->UM,SJ-->UM,SJ-->UM,SJ-->UM,SJ-->UM,SJ-->UM,SJ-->UM,SJ-->UM,SJ-->UM,SJ-->UM,SJ-->UM,SJ-->UM,SJ-->UM,SJ-->UM,SJ-->UM,,,,,,,,,,,,,,,,,UM-->SJ,UM-->SJ,UM-->SJ,UM-->SJ,UM-->SJ,UM-->SJ,UM-->SJ,UM-->SJ,UM-->SJ,UM-->SJ,UM-->SJ,UM-->SJ,UM-->SJ,UM-->SJ,UM-->SJ,UM-->SJ,UM-->SJ,UM-->SJ,UM-->SJ
SZ,SWZ,Swaziland,Lobamba,Africa,Southern Africa,,SZ-->UM,SZ-->UM,SZ-->UM,SZ-->UM,SZ-->UM,SZ-->UM,SZ-->UM,SZ-->UM,SZ-->UM,SZ-->UM,SZ-->UM,SZ-->UM,SZ-->UM,SZ-->UM,SZ-->UM,SZ-->UM,SZ-->UM,SZ-->UM,SZ-->UM,,,,,,,,,,,,,,,,,UM-->SZ,UM-->SZ,UM-->SZ,UM-->SZ,UM-->SZ,UM-->SZ,UM-->SZ,UM-->SZ,UM-->SZ,UM-->SZ,UM-->SZ,UM-->SZ,UM-->SZ,UM-->SZ,UM-->SZ,UM-->SZ,UM-->SZ,UM-->SZ,UM-->SZ
SE,SWE,Sweden,Stockholm,Europe,Northern Europe,,SE-->UM,SE-->UM,SE-->UM,SE-->UM,SE-->UM,SE-->UM,SE-->UM,SE-->UM,SE-->UM,SE-->UM,SE-->UM,SE-->UM,SE-->UM,SE-->UM,SE-->UM,SE-->UM,SE-->UM,SE-->UM,SE-->UM,,,,,,,,,,,,,,,,,UM-->SE,UM-->SE,UM-->SE,UM-->SE,UM-->SE,UM-->SE,UM-->SE,UM-->SE,UM-->SE,UM-->SE,UM-->SE,UM-->SE,UM-->SE,UM-->SE,UM-->SE,UM-->SE,UM-->SE,UM-->SE,UM-->SE
CH,CHE,Switzerland,Bern,Europe,Western Europe,,CH-->UM,CH-->UM,CH-->UM,CH-->UM,CH-->UM,CH-->UM,CH-->UM,CH-->UM,CH-->UM,CH-->UM,CH-->UM,CH-->UM,CH-->UM,CH-->UM,CH-->UM,CH-->UM,CH-->UM,CH-->UM,CH-->UM,,,,,,,,,,,,,,,,,UM-->CH,UM-->CH,UM-->CH,UM-->CH,UM-->CH,UM-->CH,UM-->CH,UM-->CH,UM-->CH,UM-->CH,UM-->CH,UM-->CH,UM-->CH,UM-->CH,UM-->CH,UM-->CH,UM-->CH,UM-->CH,UM-->CH
SY,SYR,Syria,Damascus,Asia,Western Asia,,SY-->UM,SY-->UM,SY-->UM,SY-->UM,SY-->UM,SY-->UM,SY-->UM,SY-->UM,SY-->UM,SY-->UM,SY-->UM,SY-->UM,SY-->UM,SY-->UM,SY-->UM,SY-->UM,SY-->UM,SY-->UM,SY-->UM,,,,,,,,,,,,,,,,,UM-->SY,UM-->SY,UM-->SY,UM-->SY,UM-->SY,UM-->SY,UM-->SY,UM-->SY,UM-->SY,UM-->SY,UM-->SY,UM-->SY,UM-->SY,UM-->SY,UM-->SY,UM-->SY,UM-->SY,UM-->SY,UM-->SY
TW,TWN,Taiwan,Taipei,Asia,Eastern Asia,,TW-->UM,TW-->UM,TW-->UM,TW-->UM,TW-->UM,TW-->UM,TW-->UM,TW-->UM,TW-->UM,TW-->UM,TW-->UM,TW-->UM,TW-->UM,TW-->UM,TW-->UM,TW-->UM,TW-->UM,TW-->UM,TW-->UM,,,,,,,,,,,,,,,,,UM-->TW,UM-->TW,UM-->TW,UM-->TW,UM-->TW,UM-->TW,UM-->TW,UM-->TW,UM-->TW,UM-->TW,UM-->TW,UM-->TW,UM-->TW,UM-->TW,UM-->TW,UM-->TW,UM-->TW,UM-->TW,UM-->TW
TJ,TJK,Tajikistan,Dushanbe,Asia,Central Asia,,TJ-->UM,TJ-->UM,TJ-->UM,TJ-->UM,TJ-->UM,TJ-->UM,TJ-->UM,TJ-->UM,TJ-->UM,TJ-->UM,TJ-->UM,TJ-->UM,TJ-->UM,TJ-->UM,TJ-->UM,TJ-->UM,TJ-->UM,TJ-->UM,TJ-->UM,,,,,,,,,,,,,,,,,UM-->TJ,UM-->TJ,UM-->TJ,UM-->TJ,UM-->TJ,UM-->TJ,UM-->TJ,UM-->TJ,UM-->TJ,UM-->TJ,UM-->TJ,UM-->TJ,UM-->TJ,UM-->TJ,UM-->TJ,UM-->TJ,UM-->TJ,UM-->TJ,UM-->TJ
TZ,TZA,Tanzania,Dodoma,Africa,Eastern Africa,,TZ-->UM,TZ-->UM,TZ-->UM,TZ-->UM,TZ-->UM,TZ-->UM,TZ-->UM,TZ-->UM,TZ-->UM,TZ-->UM,TZ-->UM,TZ-->UM,TZ-->UM,TZ-->UM,TZ-->UM,TZ-->UM,TZ-->UM,TZ-->UM,TZ-->UM,,,,,,,,,,,,,,,,,UM-->TZ,UM-->TZ,UM-->TZ,UM-->TZ,UM-->TZ,UM-->TZ,UM-->TZ,UM-->TZ,UM-->TZ,UM-->TZ,UM-->TZ,UM-->TZ,UM-->TZ,UM-->TZ,UM-->TZ,UM-->TZ,UM-->TZ,UM-->TZ,UM-->TZ
TH,THA,Thailand,Bangkok,Asia,South-Eastern Asia,,TH-->UM,TH-->UM,TH-->UM,TH-->UM,TH-->UM,TH-->UM,TH-->UM,TH-->UM,TH-->UM,TH-->UM,TH-->UM,TH-->UM,TH-->UM,TH-->UM,TH-->UM,TH-->UM,TH-->UM,TH-->UM,TH-->UM,,,,,,,,,,,,,,,,,UM-->TH,UM-->TH,UM-->TH,UM-->TH,UM-->TH,UM-->TH,UM-->TH,UM-->TH,UM-->TH,UM-->TH,UM-->TH,UM-->TH,UM-->TH,UM-->TH,UM-->TH,UM-->TH,UM-->TH,UM-->TH,UM-->TH
TL,TLS,East Timor,Dili,Asia,South-Eastern Asia,,TL-->UM,TL-->UM,TL-->UM,TL-->UM,TL-->UM,TL-->UM,TL-->UM,TL-->UM,TL-->UM,TL-->UM,TL-->UM,TL-->UM,TL-->UM,TL-->UM,TL-->UM,TL-->UM,TL-->UM,TL-->UM,TL-->UM,,,,,,,,,,,,,,,,,UM-->TL,UM-->TL,UM-->TL,UM-->TL,UM-->TL,UM-->TL,UM-->TL,UM-->TL,UM-->TL,UM-->TL,UM-->TL,UM-->TL,UM-->TL,UM-->TL,UM-->TL,UM-->TL,UM-->TL,UM-->TL,UM-->TL
TG,TGO,Togo,Lomé,Africa,Western Africa,,TG-->UM,TG-->UM,TG-->UM,TG-->UM,TG-->UM,TG-->UM,TG-->UM,TG-->UM,TG-->UM,TG-->UM,TG-->UM,TG-->UM,TG-->UM,TG-->UM,TG-->UM,TG-->UM,TG-->UM,TG-->UM,TG-->UM,,,,,,,,,,,,,,,,,UM-->TG,UM-->TG,UM-->TG,UM-->TG,UM-->TG,UM-->TG,UM-->TG,UM-->TG,UM-->TG,UM-->TG,UM-->TG,UM-->TG,UM-->TG,UM-->TG,UM-->TG,UM-->TG,UM-->TG,UM-->TG,UM-->TG
TK,TKL,Tokelau,Fakaofo,Oceania,Polynesia,,TK-->UM,TK-->UM,TK-->UM,TK-->UM,TK-->UM,TK-->UM,TK-->UM,TK-->UM,TK-->UM,TK-->UM,TK-->UM,TK-->UM,TK-->UM,TK-->UM,TK-->UM,TK-->UM,TK-->UM,TK-->UM,TK-->UM,,,,,,,,,,,,,,,,,UM-->TK,UM-->TK,UM-->TK,UM-->TK,UM-->TK,UM-->TK,UM-->TK,UM-->TK,UM-->TK,UM-->TK,UM-->TK,UM-->TK,UM-->TK,UM-->TK,UM-->TK,UM-->TK,UM-->TK,UM-->TK,UM-->TK
TO,TON,Tonga,Nuku'alofa,Oceania,Polynesia,,TO-->UM,TO-->UM,TO-->UM,TO-->UM,TO-->UM,TO-->UM,TO-->UM,TO-->UM,TO-->UM,TO-->UM,TO-->UM,TO-->UM,TO-->UM,TO-->UM,TO-->UM,TO-->UM,TO-->UM,TO-->UM,TO-->UM,,,,,,,,,,,,,,,,,UM-->TO,UM-->TO,UM-->TO,UM-->TO,UM-->TO,UM-->TO,UM-->TO,UM-->TO,UM-->TO,UM-->TO,UM-->TO,UM-->TO,UM-->TO,UM-->TO,UM-->TO,UM-->TO,UM-->TO,UM-->TO,UM-->TO
TT,TTO,Trinidad and Tobago,Port of Spain,Americas,Caribbean,,TT-->UM,TT-->UM,TT-->UM,TT-->UM,TT-->UM,TT-->UM,TT-->UM,TT-->UM,TT-->UM,TT-->UM,TT-->UM,TT-->UM,TT-->UM,TT-->UM,TT-->UM,TT-->UM,TT-->UM,TT-->UM,TT-->UM,,,,,,,,,,,,,,,,,UM-->TT,UM-->TT,UM-->TT,UM-->TT,UM-->TT,UM-->TT,UM-->TT,UM-->TT,UM-->TT,UM-->TT,UM-->TT,UM-->TT,UM-->TT,UM-->TT,UM-->TT,UM-->TT,UM-->TT,UM-->TT,UM-->TT
TN,TUN,Tunisia,Tunis,Africa,Northern Africa,,TN-->UM,TN-->UM,TN-->UM,TN-->UM,TN-->UM,TN-->UM,TN-->UM,TN-->UM,TN-->UM,TN-->UM,TN-->UM,TN-->UM,TN-->UM,TN-->UM,TN-->UM,TN-->UM,TN-->UM,TN-->UM,TN-->UM,,,,,,,,,,,,,,,,,UM-->TN,UM-->TN,UM-->TN,UM-->TN,UM-->TN,UM-->TN,UM-->TN,UM-->TN,UM-->TN,UM-->TN,UM-->TN,UM-->TN,UM-->TN,UM-->TN,UM-->TN,UM-->TN,UM-->TN,UM-->TN,UM-->TN
TR,TUR,Turkey,Ankara,Asia,Western Asia,,TR-->UM,TR-->UM,TR-->UM,TR-->UM,TR-->UM,TR-->UM,TR-->UM,TR-->UM,TR-->UM,TR-->UM,TR-->UM,TR-->UM,TR-->UM,TR-->UM,TR-->UM,TR-->UM,TR-->UM,TR-->UM,TR-->UM,,,,,,,,,,,,,,,,,UM-->TR,UM-->TR,UM-->TR,UM-->TR,UM-->TR,UM-->TR,UM-->TR,UM-->TR,UM-->TR,UM-->TR,UM-->TR,UM-->TR,UM-->TR,UM-->TR,UM-->TR,UM-->TR,UM-->TR,UM-->TR,UM-->TR
TM,TKM,Turkmenistan,Ashgabat,Asia,Central Asia,,TM-->UM,TM-->UM,TM-->UM,TM-->UM,TM-->UM,TM-->UM,TM-->UM,TM-->UM,TM-->UM,TM-->UM,TM-->UM,TM-->UM,TM-->UM,TM-->UM,TM-->UM,TM-->UM,TM-->UM,TM-->UM,TM-->UM,,,,,,,,,,,,,,,,,UM-->TM,UM-->TM,UM-->TM,UM-->TM,UM-->TM,UM-->TM,UM-->TM,UM-->TM,UM-->TM,UM-->TM,UM-->TM,UM-->TM,UM-->TM,UM-->TM,UM-->TM,UM-->TM,UM-->TM,UM-->TM,UM-->TM
TC,TCA,Turks and Caicos Islands,Cockburn Town,Americas,Caribbean,,TC-->UM,TC-->UM,TC-->UM,TC-->UM,TC-->UM,TC-->UM,TC-->UM,TC-->UM,TC-->UM,TC-->UM,TC-->UM,TC-->UM,TC-->UM,TC-->UM,TC-->UM,TC-->UM,TC-->UM,TC-->UM,TC-->UM,,,,,,,,,,,,,,,,,UM-->TC,UM-->TC,UM-->TC,UM-->TC,UM-->TC,UM-->TC,UM-->TC,UM-->TC,UM-->TC,UM-->TC,UM-->TC,UM-->TC,UM-->TC,UM-->TC,UM-->TC,UM-->TC,UM-->TC,UM-->TC,UM-->TC
TV,TUV,Tuvalu,Funafuti,Oceania,Polynesia,,TV-->UM,TV-->UM,TV-->UM,TV-->UM,TV-->UM,TV-->UM,TV-->UM,TV-->UM,TV-->UM,TV-->UM,TV-->UM,TV-->UM,TV-->UM,TV-->UM,TV-->UM,TV-->UM,TV-->UM,TV-->UM,TV-->UM,,,,,,,,,,,,,,,,,UM-->TV,UM-->TV,UM-->TV,UM-->TV,UM-->TV,UM-->TV,UM-->TV,UM-->TV,UM-->TV,UM-->TV,UM-->TV,UM-->TV,UM-->TV,UM-->TV,UM-->TV,UM-->TV,UM-->TV,UM-->TV,UM-->TV
UG,UGA,Uganda,Kampala,Africa,Eastern Africa,,UG-->UM,UG-->UM,UG-->UM,UG-->UM,UG-->UM,UG-->UM,UG-->UM,UG-->UM,UG-->UM,UG-->UM,UG-->UM,UG-->UM,UG-->UM,UG-->UM,UG-->UM,UG-->UM,UG-->UM,UG-->UM,UG-->UM,,,,,,,,,,,,,,,,,UM-->UG,UM-->UG,UM-->UG,UM-->UG,UM-->UG,UM-->UG,UM-->UG,UM-->UG,UM-->UG,UM-->UG,UM-->UG,UM-->UG,UM-->UG,UM-->UG,UM-->UG,UM-->UG,UM-->UG,UM-->UG,UM-->UG
UA,UKR,Ukraine,Kiev,Europe,Eastern Europe,,UA-->UM,UA-->UM,UA-->UM,UA-->UM,UA-->UM,UA-->UM,UA-->UM,UA-->UM,UA-->UM,UA-->UM,UA-->UM,UA-->UM,UA-->UM,UA-->UM,UA-->UM,UA-->UM,UA-->UM,UA-->UM,UA-->UM,,,,,,,,,,,,,,,,,UM-->UA,UM-->UA,UM-->UA,UM-->UA,UM-->UA,UM-->UA,UM-->UA,UM-->UA,UM-->UA,UM-->UA,UM-->UA,UM-->UA,UM-->UA,UM-->UA,UM-->UA,UM-->UA,UM-->UA,UM-->UA,UM-->UA
AE,ARE,United Arab Emirates,Abu Dhabi,Asia,Western Asia,,AE-->UM,AE-->UM,AE-->UM,AE-->UM,AE-->UM,AE-->UM,AE-->UM,AE-->UM,AE-->UM,AE-->UM,AE-->UM,AE-->UM,AE-->UM,AE-->UM,AE-->UM,AE-->UM,AE-->UM,AE-->UM,AE-->UM,,,,,,,,,,,,,,,,,UM-->AE,UM-->AE,UM-->AE,UM-->AE,UM-->AE,UM-->AE,UM-->AE,UM-->AE,UM-->AE,UM-->AE,UM-->AE,UM-->AE,UM-->AE,UM-->AE,UM-->AE,UM-->AE,UM-->AE,UM-->AE,UM-->AE
GB,GBR,United Kingdom,London,Europe,Northern Europe,,GB-->UM,GB-->UM,GB-->UM,GB-->UM,GB-->UM,GB-->UM,GB-->UM,GB-->UM,GB-->UM,GB-->UM,GB-->UM,GB-->UM,GB-->UM,GB-->UM,GB-->UM,GB-->UM,GB-->UM,GB-->UM,GB-->UM,,,,,,,,,,,,,,,,,UM-->GB,UM-->GB,UM-->GB,UM-->GB,UM-->GB,UM-->GB,UM-->GB,UM-->GB,UM-->GB,UM-->GB,UM-->GB,UM-->GB,UM-->GB,UM-->GB,UM-->GB,UM-->GB,UM-->GB,UM-->GB,UM-->GB
US,USA,United States,"Washington, D.C.",Americas,Northern America,,US-->UM,US-->UM,US-->UM,US-->UM,US-->UM,US-->UM,US-->UM,US-->UM,US-->UM,US-->UM,US-->UM,US-->UM,US-->UM,US-->UM,US-->UM,US-->UM,US-->UM,US-->UM,US-->UM,,,,,,,,,,,,,,,,,UM-->US,UM-->US,UM-->US,UM-->US,UM-->US,UM-->US,UM-->US,UM-->US,UM-->US,UM-->US,UM-->US,UM-->US,UM-->US,UM-->US,UM-->US,UM-->US,UM-->US,UM-->US,UM-->US
UY,URY,Uruguay,Montevideo,Americas,South America,,UY-->UM,UY-->UM,UY-->UM,UY-->UM,UY-->UM,UY-->UM,UY-->UM,UY-->UM,UY-->UM,UY-->UM,UY-->UM,UY-->UM,UY-->UM,UY-->UM,UY-->UM,UY-->UM,UY-->UM,UY-->UM,UY-->UM,,,,,,,,,,,,,,,,,UM-->UY,UM-->UY,UM-->UY,UM-->UY,UM-->UY,UM-->UY,UM-->UY,UM-->UY,UM-->UY,UM-->UY,UM-->UY,UM-->UY,UM-->UY,UM-->UY,UM-->UY,UM-->UY,UM-->UY,UM-->UY,UM-->UY
UZ,UZB,Uzbekistan,Tashkent,Asia,Central Asia,,UZ-->UM,UZ-->UM,UZ-->UM,UZ-->UM,UZ-->UM,UZ-->UM,UZ-->UM,UZ-->UM,UZ-->UM,UZ-->UM,UZ-->UM,UZ-->UM,UZ-->UM,UZ-->UM,UZ-->UM,UZ-->UM,UZ-->UM,UZ-->UM,UZ-->UM,,,,,,,,,,,,,,,,,UM-->UZ,UM-->UZ,UM-->UZ,UM-->UZ,UM-->UZ,UM-->UZ,UM-->UZ,UM-->UZ,UM-->UZ,UM-->UZ,UM-->UZ,UM-->UZ,UM-->UZ,UM-->UZ,UM-->UZ,UM-->UZ,UM-->UZ,UM-->UZ,UM-->UZ
VU,VUT,Vanuatu,Port Vila,Oceania,Melanesia,,VU-->UM,VU-->UM,VU-->UM,VU-->UM,VU-->UM,VU-->UM,VU-->UM,VU-->UM,VU-->UM,VU-->UM,VU-->UM,VU-->UM,VU-->UM,VU-->UM,VU-->UM,VU-->UM,VU-->UM,VU-->UM,VU-->UM,,,,,,,,,,,,,,,,,UM-->VU,UM-->VU,UM-->VU,UM-->VU,UM-->VU,UM-->VU,UM-->VU,UM-->VU,UM-->VU,UM-->VU,UM-->VU,UM-->VU,UM-->VU,UM-->VU,UM-->VU,UM-->VU,UM-->VU,UM-->VU,UM-->VU
VE,VEN,Venezuela,Caracas,Americas,South America,,VE-->UM,VE-->UM,VE-->UM,VE-->UM,VE-->UM,VE-->UM,VE-->UM,VE-->UM,VE-->UM,VE-->UM,VE-->UM,VE-->UM,VE-->UM,VE-->UM,VE-->UM,VE-->UM,VE-->UM,VE-->UM,VE-->UM,,,,,,,,,,,,,,,,,UM-->VE,UM-->VE,UM-->VE,UM-->VE,UM-->VE,UM-->VE,UM-->VE,UM-->VE,UM-->VE,UM-->VE,UM-->VE,UM-->VE,UM-->VE,UM-->VE,UM-->VE,UM-->VE,UM-->VE,UM-->VE,UM-->VE
VN,VNM,Vietnam,Hanoi,Asia,South-Eastern Asia,,VN-->UM,VN-->UM,VN-->UM,VN-->UM,VN-->UM,VN-->UM,VN-->UM,VN-->UM,VN-->UM,VN-->UM,VN-->UM,VN-->UM,VN-->UM,VN-->UM,VN-->UM,VN-->UM,VN-->UM,VN-->UM,VN-->UM,,,,,,,,,,,,,,,,,UM-->VN,UM-->VN,UM-->VN,UM-->VN,UM-->VN,UM-->VN,UM-->VN,UM-->VN,UM-->VN,UM-->VN,UM-->VN,UM-->VN,UM-->VN,UM-->VN,UM-->VN,UM-->VN,UM-->VN,UM-->VN,UM-->VN
WF,WLF,Wallis and Futuna,Mata-Utu,Oceania,Polynesia,,WF-->UM,WF-->UM,WF-->UM,WF-->UM,WF-->UM,WF-->UM,WF-->UM,WF-->UM,WF-->UM,WF-->UM,WF-->UM,WF-->UM,WF-->UM,WF-->UM,WF-->UM,WF-->UM,WF-->UM,WF-->UM,WF-->UM,,,,,,,,,,,,,,,,,UM-->WF,UM-->WF,UM-->WF,UM-->WF,UM-->WF,UM-->WF,UM-->WF,UM-->WF,UM-->WF,UM-->WF,UM-->WF,UM-->WF,UM-->WF,UM-->WF,UM-->WF,UM-->WF,UM-->WF,UM-->WF,UM-->WF
EH,ESH,Western Sahara,El Aaiún,Africa,Northern Africa,,EH-->UM,EH-->UM,EH-->UM,EH-->UM,EH-->UM,EH-->UM,EH-->UM,EH-->UM,EH-->UM,EH-->UM,EH-->UM,EH-->UM,EH-->UM,EH-->UM,EH-->UM,EH-->UM,EH-->UM,EH-->UM,EH-->UM,,,,,,,,,,,,,,,,,UM-->EH,UM-->EH,UM-->EH,UM-->EH,UM-->EH,UM-->EH,UM-->EH,UM-->EH,UM-->EH,UM-->EH,UM-->EH,UM-->EH,UM-->EH,UM-->EH,UM-->EH,UM-->EH,UM-->EH,UM-->EH,UM-->EH
YE,YEM,Yemen,Sana'a,Asia,Western Asia,,YE-->UM,YE-->UM,YE-->UM,YE-->UM,YE-->UM,YE-->UM,YE-->UM,YE-->UM,YE-->UM,YE-->UM,YE-->UM,YE-->UM,YE-->UM,YE-->UM,YE-->UM,YE-->UM,YE-->UM,YE-->UM,YE-->UM,,,,,,,,,,,,,,,,,UM-->YE,UM-->YE,UM-->YE,UM-->YE,UM-->YE,UM-->YE,UM-->YE,UM-->YE,UM-->YE,UM-->YE,UM-->YE,UM-->YE,UM-->YE,UM-->YE,UM-->YE,UM-->YE,UM-->YE,UM-->YE,UM-->YE
ZM,ZMB,Zambia,Lusaka,Africa,Eastern Africa,,ZM-->UM,ZM-->UM,ZM-->UM,ZM-->UM,ZM-->UM,ZM-->UM,ZM-->UM,ZM-->UM,ZM-->UM,ZM-->UM,ZM-->UM,ZM-->UM,ZM-->UM,ZM-->UM,ZM-->UM,ZM-->UM,ZM-->UM,ZM-->UM,ZM-->UM,,,,,,,,,,,,,,,,,UM-->ZM,UM-->ZM,UM-->ZM,UM-->ZM,UM-->ZM,UM-->ZM,UM-->ZM,UM-->ZM,UM-->ZM,UM-->ZM,UM-->ZM,UM-->ZM,UM-->ZM,UM-->ZM,UM-->ZM,UM-->ZM,UM-->ZM,UM-->ZM,UM-->ZM
ZW,ZWE,Zimbabwe,Harare,Africa,Eastern Africa,,ZW-->UM,ZW-->UM,ZW-->UM,ZW-->UM,ZW-->UM,ZW-->UM,ZW-->UM,ZW-->UM,ZW-->UM,ZW-->UM,ZW-->UM,ZW-->UM,ZW-->UM,ZW-->UM,ZW-->UM,ZW-->UM,ZW-->UM,ZW-->UM,ZW-->UM,,,,,,,,,,,,,,,,,UM-->ZW,UM-->ZW,UM-->ZW,UM-->ZW,UM-->ZW,UM-->ZW,UM-->ZW,UM-->ZW,UM-->ZW,UM-->ZW,UM-->ZW,UM-->ZW,UM-->ZW,UM-->ZW,UM-->ZW,UM-->ZW,UM-->ZW,UM-->ZW,UM-->ZW
