nu,code,name,capital,region,subregion,Unnamed: 6,quara/into/where/e,quara/into/where/v,quara/into/where/uv,quara/into/min/e,quara/into/min/v,quara/into/min/uv,quara/into/max/e,quara/into/max/v,quara/into/max/uv,quara/into/comment,test/into/pcr/e,test/into/pcr/v,test/into/pcr/uv,test/into/ag/e,test/into/ag/v,test/into/ag/uv,test/into/comment,visa/into,visa/into/comment,loadStates/into,Unnamed: 27,Unnamed: 28,Unnamed: 29,Unnamed: 30,Unnamed: 31,Unnamed: 32,Unnamed: 33,Unnamed: 34,Unnamed: 35,Unnamed: 36,Unnamed: 37,Unnamed: 38,Unnamed: 39,Unnamed: 40,Unnamed: 41,quara/out/where/e,quara/out/where/v,quara/out/where/uv,quara/out/min/e,quara/out/min/v,quara/out/min/uv,quara/out/max/e,quara/out/max/v,quara/out/max/uv,quara/out/comment,test/out/pcr/e,test/out/pcr/v,test/out/pcr/uv,test/out/ag/e,test/out/ag/v,test/out/ag/uv,test/out/comment,visa/out,visa/out/comment
AF,AFG,Afghanistan,Kabul,Asia,Southern Asia,,AF-->NA,AF-->NA,AF-->NA,AF-->NA,AF-->NA,AF-->NA,AF-->NA,AF-->NA,AF-->NA,AF-->NA,AF-->NA,AF-->NA,AF-->NA,AF-->NA,AF-->NA,AF-->NA,AF-->NA,AF-->NA,AF-->NA,,,,,,,,,,,,,,,,,NA-->AF,NA-->AF,NA-->AF,NA-->AF,NA-->AF,NA-->AF,NA-->AF,NA-->AF,NA-->AF,NA-->AF,NA-->AF,NA-->AF,NA-->AF,NA-->AF,NA-->AF,NA-->AF,NA-->AF,NA-->AF,NA-->AF
AX,ALA,Åland Islands,Mariehamn,Europe,Northern Europe,,AX-->NA,AX-->NA,AX-->NA,AX-->NA,AX-->NA,AX-->NA,AX-->NA,AX-->NA,AX-->NA,AX-->NA,AX-->NA,AX-->NA,AX-->NA,AX-->NA,AX-->NA,AX-->NA,AX-->NA,AX-->NA,AX-->NA,,,,,,,,,,,,,,,,,NA-->AX,NA-->AX,NA-->AX,NA-->AX,NA-->AX,NA-->AX,NA-->AX,NA-->AX,NA-->AX,NA-->AX,NA-->AX,NA-->AX,NA-->AX,NA-->AX,NA-->AX,NA-->AX,NA-->AX,NA-->AX,NA-->AX
AL,ALB,Albania,Tirana,Europe,Southern Europe,,AL-->NA,AL-->NA,AL-->NA,AL-->NA,AL-->NA,AL-->NA,AL-->NA,AL-->NA,AL-->NA,AL-->NA,AL-->NA,AL-->NA,AL-->NA,AL-->NA,AL-->NA,AL-->NA,AL-->NA,AL-->NA,AL-->NA,,,,,,,,,,,,,,,,,NA-->AL,NA-->AL,NA-->AL,NA-->AL,NA-->AL,NA-->AL,NA-->AL,NA-->AL,NA-->AL,NA-->AL,NA-->AL,NA-->AL,NA-->AL,NA-->AL,NA-->AL,NA-->AL,NA-->AL,NA-->AL,NA-->AL
DZ,DZA,Algeria,Algiers,Africa,Northern Africa,,DZ-->NA,DZ-->NA,DZ-->NA,DZ-->NA,DZ-->NA,DZ-->NA,DZ-->NA,DZ-->NA,DZ-->NA,DZ-->NA,DZ-->NA,DZ-->NA,DZ-->NA,DZ-->NA,DZ-->NA,DZ-->NA,DZ-->NA,DZ-->NA,DZ-->NA,,,,,,,,,,,,,,,,,NA-->DZ,NA-->DZ,NA-->DZ,NA-->DZ,NA-->DZ,NA-->DZ,NA-->DZ,NA-->DZ,NA-->DZ,NA-->DZ,NA-->DZ,NA-->DZ,NA-->DZ,NA-->DZ,NA-->DZ,NA-->DZ,NA-->DZ,NA-->DZ,NA-->DZ
AS,ASM,American Samoa,Pago Pago,Oceania,Polynesia,,AS-->NA,AS-->NA,AS-->NA,AS-->NA,AS-->NA,AS-->NA,AS-->NA,AS-->NA,AS-->NA,AS-->NA,AS-->NA,AS-->NA,AS-->NA,AS-->NA,AS-->NA,AS-->NA,AS-->NA,AS-->NA,AS-->NA,,,,,,,,,,,,,,,,,NA-->AS,NA-->AS,NA-->AS,NA-->AS,NA-->AS,NA-->AS,NA-->AS,NA-->AS,NA-->AS,NA-->AS,NA-->AS,NA-->AS,NA-->AS,NA-->AS,NA-->AS,NA-->AS,NA-->AS,NA-->AS,NA-->AS
AD,AND,Andorra,Andorra la Vella,Europe,Southern Europe,,AD-->NA,AD-->NA,AD-->NA,AD-->NA,AD-->NA,AD-->NA,AD-->NA,AD-->NA,AD-->NA,AD-->NA,AD-->NA,AD-->NA,AD-->NA,AD-->NA,AD-->NA,AD-->NA,AD-->NA,AD-->NA,AD-->NA,,,,,,,,,,,,,,,,,NA-->AD,NA-->AD,NA-->AD,NA-->AD,NA-->AD,NA-->AD,NA-->AD,NA-->AD,NA-->AD,NA-->AD,NA-->AD,NA-->AD,NA-->AD,NA-->AD,NA-->AD,NA-->AD,NA-->AD,NA-->AD,NA-->AD
AO,AGO,Angola,Luanda,Africa,Middle Africa,,AO-->NA,AO-->NA,AO-->NA,AO-->NA,AO-->NA,AO-->NA,AO-->NA,AO-->NA,AO-->NA,AO-->NA,AO-->NA,AO-->NA,AO-->NA,AO-->NA,AO-->NA,AO-->NA,AO-->NA,AO-->NA,AO-->NA,,,,,,,,,,,,,,,,,NA-->AO,NA-->AO,NA-->AO,NA-->AO,NA-->AO,NA-->AO,NA-->AO,NA-->AO,NA-->AO,NA-->AO,NA-->AO,NA-->AO,NA-->AO,NA-->AO,NA-->AO,NA-->AO,NA-->AO,NA-->AO,NA-->AO
AI,AIA,Anguilla,The Valley,Americas,Caribbean,,AI-->NA,AI-->NA,AI-->NA,AI-->NA,AI-->NA,AI-->NA,AI-->NA,AI-->NA,AI-->NA,AI-->NA,AI-->NA,AI-->NA,AI-->NA,AI-->NA,AI-->NA,AI-->NA,AI-->NA,AI-->NA,AI-->NA,,,,,,,,,,,,,,,,,NA-->AI,NA-->AI,NA-->AI,NA-->AI,NA-->AI,NA-->AI,NA-->AI,NA-->AI,NA-->AI,NA-->AI,NA-->AI,NA-->AI,NA-->AI,NA-->AI,NA-->AI,NA-->AI,NA-->AI,NA-->AI,NA-->AI
AQ,ATA,Antarctica,,Polar,,,AQ-->NA,AQ-->NA,AQ-->NA,AQ-->NA,AQ-->NA,AQ-->NA,AQ-->NA,AQ-->NA,AQ-->NA,AQ-->NA,AQ-->NA,AQ-->NA,AQ-->NA,AQ-->NA,AQ-->NA,AQ-->NA,AQ-->NA,AQ-->NA,AQ-->NA,,,,,,,,,,,,,,,,,NA-->AQ,NA-->AQ,NA-->AQ,NA-->AQ,NA-->AQ,NA-->AQ,NA-->AQ,NA-->AQ,NA-->AQ,NA-->AQ,NA-->AQ,NA-->AQ,NA-->AQ,NA-->AQ,NA-->AQ,NA-->AQ,NA-->AQ,NA-->AQ,NA-->AQ
AG,ATG,Antigua and Barbuda,Saint John's,Americas,Caribbean,,AG-->NA,AG-->NA,AG-->NA,AG-->NA,AG-->NA,AG-->NA,AG-->NA,AG-->NA,AG-->NA,AG-->NA,AG-->NA,AG-->NA,AG-->NA,AG-->NA,AG-->NA,AG-->NA,AG-->NA,AG-->NA,AG-->NA,,,,,,,,,,,,,,,,,NA-->AG,NA-->AG,NA-->AG,NA-->AG,NA-->AG,NA-->AG,NA-->AG,NA-->AG,NA-->AG,NA-->AG,NA-->AG,NA-->AG,NA-->AG,NA-->AG,NA-->AG,NA-->AG,NA-->AG,NA-->AG,NA-->AG
AR,ARG,Argentina,Buenos Aires,Americas,South America,,AR-->NA,AR-->NA,AR-->NA,AR-->NA,AR-->NA,AR-->NA,AR-->NA,AR-->NA,AR-->NA,AR-->NA,AR-->NA,AR-->NA,AR-->NA,AR-->NA,AR-->NA,AR-->NA,AR-->NA,AR-->NA,AR-->NA,,,,,,,,,,,,,,,,,NA-->AR,NA-->AR,NA-->AR,NA-->AR,NA-->AR,NA-->AR,NA-->AR,NA-->AR,NA-->AR,NA-->AR,NA-->AR,NA-->AR,NA-->AR,NA-->AR,NA-->AR,NA-->AR,NA-->AR,NA-->AR,NA-->AR
AM,ARM,Armenia,Yerevan,Asia,Western Asia,,AM-->NA,AM-->NA,AM-->NA,AM-->NA,AM-->NA,AM-->NA,AM-->NA,AM-->NA,AM-->NA,AM-->NA,AM-->NA,AM-->NA,AM-->NA,AM-->NA,AM-->NA,AM-->NA,AM-->NA,AM-->NA,AM-->NA,,,,,,,,,,,,,,,,,NA-->AM,NA-->AM,NA-->AM,NA-->AM,NA-->AM,NA-->AM,NA-->AM,NA-->AM,NA-->AM,NA-->AM,NA-->AM,NA-->AM,NA-->AM,NA-->AM,NA-->AM,NA-->AM,NA-->AM,NA-->AM,NA-->AM
AW,ABW,Aruba,Oranjestad,Americas,Caribbean,,AW-->NA,AW-->NA,AW-->NA,AW-->NA,AW-->NA,AW-->NA,AW-->NA,AW-->NA,AW-->NA,AW-->NA,AW-->NA,AW-->NA,AW-->NA,AW-->NA,AW-->NA,AW-->NA,AW-->NA,AW-->NA,AW-->NA,,,,,,,,,,,,,,,,,NA-->AW,NA-->AW,NA-->AW,NA-->AW,NA-->AW,NA-->AW,NA-->AW,NA-->AW,NA-->AW,NA-->AW,NA-->AW,NA-->AW,NA-->AW,NA-->AW,NA-->AW,NA-->AW,NA-->AW,NA-->AW,NA-->AW
AU,AUS,Australia,Canberra,Oceania,Australia and New Zealand,,AU-->NA,AU-->NA,AU-->NA,AU-->NA,AU-->NA,AU-->NA,AU-->NA,AU-->NA,AU-->NA,AU-->NA,AU-->NA,AU-->NA,AU-->NA,AU-->NA,AU-->NA,AU-->NA,AU-->NA,AU-->NA,AU-->NA,,,,,,,,,,,,,,,,,NA-->AU,NA-->AU,NA-->AU,NA-->AU,NA-->AU,NA-->AU,NA-->AU,NA-->AU,NA-->AU,NA-->AU,NA-->AU,NA-->AU,NA-->AU,NA-->AU,NA-->AU,NA-->AU,NA-->AU,NA-->AU,NA-->AU
AT,AUT,Austria,Vienna,Europe,Western Europe,,AT-->NA,AT-->NA,AT-->NA,AT-->NA,AT-->NA,AT-->NA,AT-->NA,AT-->NA,AT-->NA,AT-->NA,AT-->NA,AT-->NA,AT-->NA,AT-->NA,AT-->NA,AT-->NA,AT-->NA,AT-->NA,AT-->NA,,,,,,,,,,,,,,,,,NA-->AT,NA-->AT,NA-->AT,NA-->AT,NA-->AT,NA-->AT,NA-->AT,NA-->AT,NA-->AT,NA-->AT,NA-->AT,NA-->AT,NA-->AT,NA-->AT,NA-->AT,NA-->AT,NA-->AT,NA-->AT,NA-->AT
AZ,AZE,Azerbaijan,Baku,Asia,Western Asia,,AZ-->NA,AZ-->NA,AZ-->NA,AZ-->NA,AZ-->NA,AZ-->NA,AZ-->NA,AZ-->NA,AZ-->NA,AZ-->NA,AZ-->NA,AZ-->NA,AZ-->NA,AZ-->NA,AZ-->NA,AZ-->NA,AZ-->NA,AZ-->NA,AZ-->NA,,,,,,,,,,,,,,,,,NA-->AZ,NA-->AZ,NA-->AZ,NA-->AZ,NA-->AZ,NA-->AZ,NA-->AZ,NA-->AZ,NA-->AZ,NA-->AZ,NA-->AZ,NA-->AZ,NA-->AZ,NA-->AZ,NA-->AZ,NA-->AZ,NA-->AZ,NA-->AZ,NA-->AZ
BS,BHS,The Bahamas,Nassau,Americas,Caribbean,,BS-->NA,BS-->NA,BS-->NA,BS-->NA,BS-->NA,BS-->NA,BS-->NA,BS-->NA,BS-->NA,BS-->NA,BS-->NA,BS-->NA,BS-->NA,BS-->NA,BS-->NA,BS-->NA,BS-->NA,BS-->NA,BS-->NA,,,,,,,,,,,,,,,,,NA-->BS,NA-->BS,NA-->BS,NA-->BS,NA-->BS,NA-->BS,NA-->BS,NA-->BS,NA-->BS,NA-->BS,NA-->BS,NA-->BS,NA-->BS,NA-->BS,NA-->BS,NA-->BS,NA-->BS,NA-->BS,NA-->BS
BH,BHR,Bahrain,Manama,Asia,Western Asia,,BH-->NA,BH-->NA,BH-->NA,BH-->NA,BH-->NA,BH-->NA,BH-->NA,BH-->NA,BH-->NA,BH-->NA,BH-->NA,BH-->NA,BH-->NA,BH-->NA,BH-->NA,BH-->NA,BH-->NA,BH-->NA,BH-->NA,,,,,,,,,,,,,,,,,NA-->BH,NA-->BH,NA-->BH,NA-->BH,NA-->BH,NA-->BH,NA-->BH,NA-->BH,NA-->BH,NA-->BH,NA-->BH,NA-->BH,NA-->BH,NA-->BH,NA-->BH,NA-->BH,NA-->BH,NA-->BH,NA-->BH
BD,BGD,Bangladesh,Dhaka,Asia,Southern Asia,,BD-->NA,BD-->NA,BD-->NA,BD-->NA,BD-->NA,BD-->NA,BD-->NA,BD-->NA,BD-->NA,BD-->NA,BD-->NA,BD-->NA,BD-->NA,BD-->NA,BD-->NA,BD-->NA,BD-->NA,BD-->NA,BD-->NA,,,,,,,,,,,,,,,,,NA-->BD,NA-->BD,NA-->BD,NA-->BD,NA-->BD,NA-->BD,NA-->BD,NA-->BD,NA-->BD,NA-->BD,NA-->BD,NA-->BD,NA-->BD,NA-->BD,NA-->BD,NA-->BD,NA-->BD,NA-->BD,NA-->BD
BB,BRB,Barbados,Bridgetown,Americas,Caribbean,,BB-->NA,BB-->NA,BB-->NA,BB-->NA,BB-->NA,BB-->NA,BB-->NA,BB-->NA,BB-->NA,BB-->NA,BB-->NA,BB-->NA,BB-->NA,BB-->NA,BB-->NA,BB-->NA,BB-->NA,BB-->NA,BB-->NA,,,,,,,,,,,,,,,,,NA-->BB,NA-->BB,NA-->BB,NA-->BB,NA-->BB,NA-->BB,NA-->BB,NA-->BB,NA-->BB,NA-->BB,NA-->BB,NA-->BB,NA-->BB,NA-->BB,NA-->BB,NA-->BB,NA-->BB,NA-->BB,NA-->BB
BY,BLR,Belarus,Minsk,Europe,Eastern Europe,,BY-->NA,BY-->NA,BY-->NA,BY-->NA,BY-->NA,BY-->NA,BY-->NA,BY-->NA,BY-->NA,BY-->NA,BY-->NA,BY-->NA,BY-->NA,BY-->NA,BY-->NA,BY-->NA,BY-->NA,BY-->NA,BY-->NA,,,,,,,,,,,,,,,,,NA-->BY,NA-->BY,NA-->BY,NA-->BY,NA-->BY,NA-->BY,NA-->BY,NA-->BY,NA-->BY,NA-->BY,NA-->BY,NA-->BY,NA-->BY,NA-->BY,NA-->BY,NA-->BY,NA-->BY,NA-->BY,NA-->BY
BE,BEL,Belgium,Brussels,Europe,Western Europe,,BE-->NA,BE-->NA,BE-->NA,BE-->NA,BE-->NA,BE-->NA,BE-->NA,BE-->NA,BE-->NA,BE-->NA,BE-->NA,BE-->NA,BE-->NA,BE-->NA,BE-->NA,BE-->NA,BE-->NA,BE-->NA,BE-->NA,,,,,,,,,,,,,,,,,NA-->BE,NA-->BE,NA-->BE,NA-->BE,NA-->BE,NA-->BE,NA-->BE,NA-->BE,NA-->BE,NA-->BE,NA-->BE,NA-->BE,NA-->BE,NA-->BE,NA-->BE,NA-->BE,NA-->BE,NA-->BE,NA-->BE
BZ,BLZ,Belize,Belmopan,Americas,Central America,,BZ-->NA,BZ-->NA,BZ-->NA,BZ-->NA,BZ-->NA,BZ-->NA,BZ-->NA,BZ-->NA,BZ-->NA,BZ-->NA,BZ-->NA,BZ-->NA,BZ-->NA,BZ-->NA,BZ-->NA,BZ-->NA,BZ-->NA,BZ-->NA,BZ-->NA,,,,,,,,,,,,,,,,,NA-->BZ,NA-->BZ,NA-->BZ,NA-->BZ,NA-->BZ,NA-->BZ,NA-->BZ,NA-->BZ,NA-->BZ,NA-->BZ,NA-->BZ,NA-->BZ,NA-->BZ,NA-->BZ,NA-->BZ,NA-->BZ,NA-->BZ,NA-->BZ,NA-->BZ
BJ,BEN,Benin,Porto-Novo,Africa,Western Africa,,BJ-->NA,BJ-->NA,BJ-->NA,BJ-->NA,BJ-->NA,BJ-->NA,BJ-->NA,BJ-->NA,BJ-->NA,BJ-->NA,BJ-->NA,BJ-->NA,BJ-->NA,BJ-->NA,BJ-->NA,BJ-->NA,BJ-->NA,BJ-->NA,BJ-->NA,,,,,,,,,,,,,,,,,NA-->BJ,NA-->BJ,NA-->BJ,NA-->BJ,NA-->BJ,NA-->BJ,NA-->BJ,NA-->BJ,NA-->BJ,NA-->BJ,NA-->BJ,NA-->BJ,NA-->BJ,NA-->BJ,NA-->BJ,NA-->BJ,NA-->BJ,NA-->BJ,NA-->BJ
BM,BMU,Bermuda,Hamilton,Americas,Northern America,,BM-->NA,BM-->NA,BM-->NA,BM-->NA,BM-->NA,BM-->NA,BM-->NA,BM-->NA,BM-->NA,BM-->NA,BM-->NA,BM-->NA,BM-->NA,BM-->NA,BM-->NA,BM-->NA,BM-->NA,BM-->NA,BM-->NA,,,,,,,,,,,,,,,,,NA-->BM,NA-->BM,NA-->BM,NA-->BM,NA-->BM,NA-->BM,NA-->BM,NA-->BM,NA-->BM,NA-->BM,NA-->BM,NA-->BM,NA-->BM,NA-->BM,NA-->BM,NA-->BM,NA-->BM,NA-->BM,NA-->BM
BT,BTN,Bhutan,Thimphu,Asia,Southern Asia,,BT-->NA,BT-->NA,BT-->NA,BT-->NA,BT-->NA,BT-->NA,BT-->NA,BT-->NA,BT-->NA,BT-->NA,BT-->NA,BT-->NA,BT-->NA,BT-->NA,BT-->NA,BT-->NA,BT-->NA,BT-->NA,BT-->NA,,,,,,,,,,,,,,,,,NA-->BT,NA-->BT,NA-->BT,NA-->BT,NA-->BT,NA-->BT,NA-->BT,NA-->BT,NA-->BT,NA-->BT,NA-->BT,NA-->BT,NA-->BT,NA-->BT,NA-->BT,NA-->BT,NA-->BT,NA-->BT,NA-->BT
BO,BOL,Bolivia,Sucre,Americas,South America,,BO-->NA,BO-->NA,BO-->NA,BO-->NA,BO-->NA,BO-->NA,BO-->NA,BO-->NA,BO-->NA,BO-->NA,BO-->NA,BO-->NA,BO-->NA,BO-->NA,BO-->NA,BO-->NA,BO-->NA,BO-->NA,BO-->NA,,,,,,,,,,,,,,,,,NA-->BO,NA-->BO,NA-->BO,NA-->BO,NA-->BO,NA-->BO,NA-->BO,NA-->BO,NA-->BO,NA-->BO,NA-->BO,NA-->BO,NA-->BO,NA-->BO,NA-->BO,NA-->BO,NA-->BO,NA-->BO,NA-->BO
BQ,BES,Bonaire,Kralendijk,Americas,Caribbean,,BQ-->NA,BQ-->NA,BQ-->NA,BQ-->NA,BQ-->NA,BQ-->NA,BQ-->NA,BQ-->NA,BQ-->NA,BQ-->NA,BQ-->NA,BQ-->NA,BQ-->NA,BQ-->NA,BQ-->NA,BQ-->NA,BQ-->NA,BQ-->NA,BQ-->NA,,,,,,,,,,,,,,,,,NA-->BQ,NA-->BQ,NA-->BQ,NA-->BQ,NA-->BQ,NA-->BQ,NA-->BQ,NA-->BQ,NA-->BQ,NA-->BQ,NA-->BQ,NA-->BQ,NA-->BQ,NA-->BQ,NA-->BQ,NA-->BQ,NA-->BQ,NA-->BQ,NA-->BQ
BA,BIH,Bosnia and Herzegovina,Sarajevo,Europe,Southern Europe,,BA-->NA,BA-->NA,BA-->NA,BA-->NA,BA-->NA,BA-->NA,BA-->NA,BA-->NA,BA-->NA,BA-->NA,BA-->NA,BA-->NA,BA-->NA,BA-->NA,BA-->NA,BA-->NA,BA-->NA,BA-->NA,BA-->NA,,,,,,,,,,,,,,,,,NA-->BA,NA-->BA,NA-->BA,NA-->BA,NA-->BA,NA-->BA,NA-->BA,NA-->BA,NA-->BA,NA-->BA,NA-->BA,NA-->BA,NA-->BA,NA-->BA,NA-->BA,NA-->BA,NA-->BA,NA-->BA,NA-->BA
BW,BWA,Botswana,Gaborone,Africa,Southern Africa,,BW-->NA,BW-->NA,BW-->NA,BW-->NA,BW-->NA,BW-->NA,BW-->NA,BW-->NA,BW-->NA,BW-->NA,BW-->NA,BW-->NA,BW-->NA,BW-->NA,BW-->NA,BW-->NA,BW-->NA,BW-->NA,BW-->NA,,,,,,,,,,,,,,,,,NA-->BW,NA-->BW,NA-->BW,NA-->BW,NA-->BW,NA-->BW,NA-->BW,NA-->BW,NA-->BW,NA-->BW,NA-->BW,NA-->BW,NA-->BW,NA-->BW,NA-->BW,NA-->BW,NA-->BW,NA-->BW,NA-->BW
BV,BVT,Bouvet Island,,,,,BV-->NA,BV-->NA,BV-->NA,BV-->NA,BV-->NA,BV-->NA,BV-->NA,BV-->NA,BV-->NA,BV-->NA,BV-->NA,BV-->NA,BV-->NA,BV-->NA,BV-->NA,BV-->NA,BV-->NA,BV-->NA,BV-->NA,,,,,,,,,,,,,,,,,NA-->BV,NA-->BV,NA-->BV,NA-->BV,NA-->BV,NA-->BV,NA-->BV,NA-->BV,NA-->BV,NA-->BV,NA-->BV,NA-->BV,NA-->BV,NA-->BV,NA-->BV,NA-->BV,NA-->BV,NA-->BV,NA-->BV
BR,BRA,Brazil,Brasília,Americas,South America,,BR-->NA,BR-->NA,BR-->NA,BR-->NA,BR-->NA,BR-->NA,BR-->NA,BR-->NA,BR-->NA,BR-->NA,BR-->NA,BR-->NA,BR-->NA,BR-->NA,BR-->NA,BR-->NA,BR-->NA,BR-->NA,BR-->NA,,,,,,,,,,,,,,,,,NA-->BR,NA-->BR,NA-->BR,NA-->BR,NA-->BR,NA-->BR,NA-->BR,NA-->BR,NA-->BR,NA-->BR,NA-->BR,NA-->BR,NA-->BR,NA-->BR,NA-->BR,NA-->BR,NA-->BR,NA-->BR,NA-->BR
IO,IOT,British Indian Ocean Territory,Diego Garcia,Africa,Eastern Africa,,IO-->NA,IO-->NA,IO-->NA,IO-->NA,IO-->NA,IO-->NA,IO-->NA,IO-->NA,IO-->NA,IO-->NA,IO-->NA,IO-->NA,IO-->NA,IO-->NA,IO-->NA,IO-->NA,IO-->NA,IO-->NA,IO-->NA,,,,,,,,,,,,,,,,,NA-->IO,NA-->IO,NA-->IO,NA-->IO,NA-->IO,NA-->IO,NA-->IO,NA-->IO,NA-->IO,NA-->IO,NA-->IO,NA-->IO,NA-->IO,NA-->IO,NA-->IO,NA-->IO,NA-->IO,NA-->IO,NA-->IO
UM,UMI,United States Minor Outlying Islands,,Americas,Northern America,,UM-->NA,UM-->NA,UM-->NA,UM-->NA,UM-->NA,UM-->NA,UM-->NA,UM-->NA,UM-->NA,UM-->NA,UM-->NA,UM-->NA,UM-->NA,UM-->NA,UM-->NA,UM-->NA,UM-->NA,UM-->NA,UM-->NA,,,,,,,,,,,,,,,,,NA-->UM,NA-->UM,NA-->UM,NA-->UM,NA-->UM,NA-->UM,NA-->UM,NA-->UM,NA-->UM,NA-->UM,NA-->UM,NA-->UM,NA-->UM,NA-->UM,NA-->UM,NA-->UM,NA-->UM,NA-->UM,NA-->UM
VG,VGB,Virgin Islands (British),Road Town,Americas,Caribbean,,VG-->NA,VG-->NA,VG-->NA,VG-->NA,VG-->NA,VG-->NA,VG-->NA,VG-->NA,VG-->NA,VG-->NA,VG-->NA,VG-->NA,VG-->NA,VG-->NA,VG-->NA,VG-->NA,VG-->NA,VG-->NA,VG-->NA,,,,,,,,,,,,,,,,,NA-->VG,NA-->VG,NA-->VG,NA-->VG,NA-->VG,NA-->VG,NA-->VG,NA-->VG,NA-->VG,NA-->VG,NA-->VG,NA-->VG,NA-->VG,NA-->VG,NA-->VG,NA-->VG,NA-->VG,NA-->VG,NA-->VG
VI,VIR,Virgin Islands (U.S.),Charlotte Amalie,Americas,Caribbean,,VI-->NA,VI-->NA,VI-->NA,VI-->NA,VI-->NA,VI-->NA,VI-->NA,VI-->NA,VI-->NA,VI-->NA,VI-->NA,VI-->NA,VI-->NA,VI-->NA,VI-->NA,VI-->NA,VI-->NA,VI-->NA,VI-->NA,,,,,,,,,,,,,,,,,NA-->VI,NA-->VI,NA-->VI,NA-->VI,NA-->VI,NA-->VI,NA-->VI,NA-->VI,NA-->VI,NA-->VI,NA-->VI,NA-->VI,NA-->VI,NA-->VI,NA-->VI,NA-->VI,NA-->VI,NA-->VI,NA-->VI
BN,BRN,Brunei,Bandar Seri Begawan,Asia,South-Eastern Asia,,BN-->NA,BN-->NA,BN-->NA,BN-->NA,BN-->NA,BN-->NA,BN-->NA,BN-->NA,BN-->NA,BN-->NA,BN-->NA,BN-->NA,BN-->NA,BN-->NA,BN-->NA,BN-->NA,BN-->NA,BN-->NA,BN-->NA,,,,,,,,,,,,,,,,,NA-->BN,NA-->BN,NA-->BN,NA-->BN,NA-->BN,NA-->BN,NA-->BN,NA-->BN,NA-->BN,NA-->BN,NA-->BN,NA-->BN,NA-->BN,NA-->BN,NA-->BN,NA-->BN,NA-->BN,NA-->BN,NA-->BN
BG,BGR,Bulgaria,Sofia,Europe,Eastern Europe,,BG-->NA,BG-->NA,BG-->NA,BG-->NA,BG-->NA,BG-->NA,BG-->NA,BG-->NA,BG-->NA,BG-->NA,BG-->NA,BG-->NA,BG-->NA,BG-->NA,BG-->NA,BG-->NA,BG-->NA,BG-->NA,BG-->NA,,,,,,,,,,,,,,,,,NA-->BG,NA-->BG,NA-->BG,NA-->BG,NA-->BG,NA-->BG,NA-->BG,NA-->BG,NA-->BG,NA-->BG,NA-->BG,NA-->BG,NA-->BG,NA-->BG,NA-->BG,NA-->BG,NA-->BG,NA-->BG,NA-->BG
BF,BFA,Burkina Faso,Ouagadougou,Africa,Western Africa,,BF-->NA,BF-->NA,BF-->NA,BF-->NA,BF-->NA,BF-->NA,BF-->NA,BF-->NA,BF-->NA,BF-->NA,BF-->NA,BF-->NA,BF-->NA,BF-->NA,BF-->NA,BF-->NA,BF-->NA,BF-->NA,BF-->NA,,,,,,,,,,,,,,,,,NA-->BF,NA-->BF,NA-->BF,NA-->BF,NA-->BF,NA-->BF,NA-->BF,NA-->BF,NA-->BF,NA-->BF,NA-->BF,NA-->BF,NA-->BF,NA-->BF,NA-->BF,NA-->BF,NA-->BF,NA-->BF,NA-->BF
BI,BDI,Burundi,Bujumbura,Africa,Eastern Africa,,BI-->NA,BI-->NA,BI-->NA,BI-->NA,BI-->NA,BI-->NA,BI-->NA,BI-->NA,BI-->NA,BI-->NA,BI-->NA,BI-->NA,BI-->NA,BI-->NA,BI-->NA,BI-->NA,BI-->NA,BI-->NA,BI-->NA,,,,,,,,,,,,,,,,,NA-->BI,NA-->BI,NA-->BI,NA-->BI,NA-->BI,NA-->BI,NA-->BI,NA-->BI,NA-->BI,NA-->BI,NA-->BI,NA-->BI,NA-->BI,NA-->BI,NA-->BI,NA-->BI,NA-->BI,NA-->BI,NA-->BI
KH,KHM,Cambodia,Phnom Penh,Asia,South-Eastern Asia,,KH-->NA,KH-->NA,KH-->NA,KH-->NA,KH-->NA,KH-->NA,KH-->NA,KH-->NA,KH-->NA,KH-->NA,KH-->NA,KH-->NA,KH-->NA,KH-->NA,KH-->NA,KH-->NA,KH-->NA,KH-->NA,KH-->NA,,,,,,,,,,,,,,,,,NA-->KH,NA-->KH,NA-->KH,NA-->KH,NA-->KH,NA-->KH,NA-->KH,NA-->KH,NA-->KH,NA-->KH,NA-->KH,NA-->KH,NA-->KH,NA-->KH,NA-->KH,NA-->KH,NA-->KH,NA-->KH,NA-->KH
CM,CMR,Cameroon,Yaoundé,Africa,Middle Africa,,CM-->NA,CM-->NA,CM-->NA,CM-->NA,CM-->NA,CM-->NA,CM-->NA,CM-->NA,CM-->NA,CM-->NA,CM-->NA,CM-->NA,CM-->NA,CM-->NA,CM-->NA,CM-->NA,CM-->NA,CM-->NA,CM-->NA,,,,,,,,,,,,,,,,,NA-->CM,NA-->CM,NA-->CM,NA-->CM,NA-->CM,NA-->CM,NA-->CM,NA-->CM,NA-->CM,NA-->CM,NA-->CM,NA-->CM,NA-->CM,NA-->CM,NA-->CM,NA-->CM,NA-->CM,NA-->CM,NA-->CM
CA,CAN,Canada,Ottawa,Americas,Northern America,,CA-->NA,CA-->NA,CA-->NA,CA-->NA,CA-->NA,CA-->NA,CA-->NA,CA-->NA,CA-->NA,CA-->NA,CA-->NA,CA-->NA,CA-->NA,CA-->NA,CA-->NA,CA-->NA,CA-->NA,CA-->NA,CA-->NA,,,,,,,,,,,,,,,,,NA-->CA,NA-->CA,NA-->CA,NA-->CA,NA-->CA,NA-->CA,NA-->CA,NA-->CA,NA-->CA,NA-->CA,NA-->CA,NA-->CA,NA-->CA,NA-->CA,NA-->CA,NA-->CA,NA-->CA,NA-->CA,NA-->CA
CV,CPV,Cape Verde,Praia,Africa,Western Africa,,CV-->NA,CV-->NA,CV-->NA,CV-->NA,CV-->NA,CV-->NA,CV-->NA,CV-->NA,CV-->NA,CV-->NA,CV-->NA,CV-->NA,CV-->NA,CV-->NA,CV-->NA,CV-->NA,CV-->NA,CV-->NA,CV-->NA,,,,,,,,,,,,,,,,,NA-->CV,NA-->CV,NA-->CV,NA-->CV,NA-->CV,NA-->CV,NA-->CV,NA-->CV,NA-->CV,NA-->CV,NA-->CV,NA-->CV,NA-->CV,NA-->CV,NA-->CV,NA-->CV,NA-->CV,NA-->CV,NA-->CV
KY,CYM,Cayman Islands,George Town,Americas,Caribbean,,KY-->NA,KY-->NA,KY-->NA,KY-->NA,KY-->NA,KY-->NA,KY-->NA,KY-->NA,KY-->NA,KY-->NA,KY-->NA,KY-->NA,KY-->NA,KY-->NA,KY-->NA,KY-->NA,KY-->NA,KY-->NA,KY-->NA,,,,,,,,,,,,,,,,,NA-->KY,NA-->KY,NA-->KY,NA-->KY,NA-->KY,NA-->KY,NA-->KY,NA-->KY,NA-->KY,NA-->KY,NA-->KY,NA-->KY,NA-->KY,NA-->KY,NA-->KY,NA-->KY,NA-->KY,NA-->KY,NA-->KY
CF,CAF,Central African Republic,Bangui,Africa,Middle Africa,,CF-->NA,CF-->NA,CF-->NA,CF-->NA,CF-->NA,CF-->NA,CF-->NA,CF-->NA,CF-->NA,CF-->NA,CF-->NA,CF-->NA,CF-->NA,CF-->NA,CF-->NA,CF-->NA,CF-->NA,CF-->NA,CF-->NA,,,,,,,,,,,,,,,,,NA-->CF,NA-->CF,NA-->CF,NA-->CF,NA-->CF,NA-->CF,NA-->CF,NA-->CF,NA-->CF,NA-->CF,NA-->CF,NA-->CF,NA-->CF,NA-->CF,NA-->CF,NA-->CF,NA-->CF,NA-->CF,NA-->CF
TD,TCD,Chad,N'Djamena,Africa,Middle Africa,,TD-->NA,TD-->NA,TD-->NA,TD-->NA,TD-->NA,TD-->NA,TD-->NA,TD-->NA,TD-->NA,TD-->NA,TD-->NA,TD-->NA,TD-->NA,TD-->NA,TD-->NA,TD-->NA,TD-->NA,TD-->NA,TD-->NA,,,,,,,,,,,,,,,,,NA-->TD,NA-->TD,NA-->TD,NA-->TD,NA-->TD,NA-->TD,NA-->TD,NA-->TD,NA-->TD,NA-->TD,NA-->TD,NA-->TD,NA-->TD,NA-->TD,NA-->TD,NA-->TD,NA-->TD,NA-->TD,NA-->TD
CL,CHL,Chile,Santiago,Americas,South America,,CL-->NA,CL-->NA,CL-->NA,CL-->NA,CL-->NA,CL-->NA,CL-->NA,CL-->NA,CL-->NA,CL-->NA,CL-->NA,CL-->NA,CL-->NA,CL-->NA,CL-->NA,CL-->NA,CL-->NA,CL-->NA,CL-->NA,,,,,,,,,,,,,,,,,NA-->CL,NA-->CL,NA-->CL,NA-->CL,NA-->CL,NA-->CL,NA-->CL,NA-->CL,NA-->CL,NA-->CL,NA-->CL,NA-->CL,NA-->CL,NA-->CL,NA-->CL,NA-->CL,NA-->CL,NA-->CL,NA-->CL
CN,CHN,China,Beijing,Asia,Eastern Asia,,CN-->NA,CN-->NA,CN-->NA,CN-->NA,CN-->NA,CN-->NA,CN-->NA,CN-->NA,CN-->NA,CN-->NA,CN-->NA,CN-->NA,CN-->NA,CN-->NA,CN-->NA,CN-->NA,CN-->NA,CN-->NA,CN-->NA,,,,,,,,,,,,,,,,,NA-->CN,NA-->CN,NA-->CN,NA-->CN,NA-->CN,NA-->CN,NA-->CN,NA-->CN,NA-->CN,NA-->CN,NA-->CN,NA-->CN,NA-->CN,NA-->CN,NA-->CN,NA-->CN,NA-->CN,NA-->CN,NA-->CN
CX,CXR,Christmas Island,Flying Fish Cove,Oceania,Australia and New Zealand,,CX-->NA,CX-->NA,CX-->NA,CX-->NA,CX-->NA,CX-->NA,CX-->NA,CX-->NA,CX-->NA,CX-->NA,CX-->NA,CX-->NA,CX-->NA,CX-->NA,CX-->NA,CX-->NA,CX-->NA,CX-->NA,CX-->NA,,,,,,,,,,,,,,,,,NA-->CX,NA-->CX,NA-->CX,NA-->CX,NA-->CX,NA-->CX,NA-->CX,NA-->CX,NA-->CX,NA-->CX,NA-->CX,NA-->CX,NA-->CX,NA-->CX,NA-->CX,NA-->CX,NA-->CX,NA-->CX,NA-->CX
CC,CCK,Cocos (Keeling) Islands,West Island,Oceania,Australia and New Zealand,,CC-->NA,CC-->NA,CC-->NA,CC-->NA,CC-->NA,CC-->NA,CC-->NA,CC-->NA,CC-->NA,CC-->NA,CC-->NA,CC-->NA,CC-->NA,CC-->NA,CC-->NA,CC-->NA,CC-->NA,CC-->NA,CC-->NA,,,,,,,,,,,,,,,,,NA-->CC,NA-->CC,NA-->CC,NA-->CC,NA-->CC,NA-->CC,NA-->CC,NA-->CC,NA-->CC,NA-->CC,NA-->CC,NA-->CC,NA-->CC,NA-->CC,NA-->CC,NA-->CC,NA-->CC,NA-->CC,NA-->CC
CO,COL,Colombia,Bogotá,Americas,South America,,CO-->NA,CO-->NA,CO-->NA,CO-->NA,CO-->NA,CO-->NA,CO-->NA,CO-->NA,CO-->NA,CO-->NA,CO-->NA,CO-->NA,CO-->NA,CO-->NA,CO-->NA,CO-->NA,CO-->NA,CO-->NA,CO-->NA,,,,,,,,,,,,,,,,,NA-->CO,NA-->CO,NA-->CO,NA-->CO,NA-->CO,NA-->CO,NA-->CO,NA-->CO,NA-->CO,NA-->CO,NA-->CO,NA-->CO,NA-->CO,NA-->CO,NA-->CO,NA-->CO,NA-->CO,NA-->CO,NA-->CO
KM,COM,Comoros,Moroni,Africa,Eastern Africa,,KM-->NA,KM-->NA,KM-->NA,KM-->NA,KM-->NA,KM-->NA,KM-->NA,KM-->NA,KM-->NA,KM-->NA,KM-->NA,KM-->NA,KM-->NA,KM-->NA,KM-->NA,KM-->NA,KM-->NA,KM-->NA,KM-->NA,,,,,,,,,,,,,,,,,NA-->KM,NA-->KM,NA-->KM,NA-->KM,NA-->KM,NA-->KM,NA-->KM,NA-->KM,NA-->KM,NA-->KM,NA-->KM,NA-->KM,NA-->KM,NA-->KM,NA-->KM,NA-->KM,NA-->KM,NA-->KM,NA-->KM
CG,COG,Republic of the Congo,Brazzaville,Africa,Middle Africa,,CG-->NA,CG-->NA,CG-->NA,CG-->NA,CG-->NA,CG-->NA,CG-->NA,CG-->NA,CG-->NA,CG-->NA,CG-->NA,CG-->NA,CG-->NA,CG-->NA,CG-->NA,CG-->NA,CG-->NA,CG-->NA,CG-->NA,,,,,,,,,,,,,,,,,NA-->CG,NA-->CG,NA-->CG,NA-->CG,NA-->CG,NA-->CG,NA-->CG,NA-->CG,NA-->CG,NA-->CG,NA-->CG,NA-->CG,NA-->CG,NA-->CG,NA-->CG,NA-->CG,NA-->CG,NA-->CG,NA-->CG
CD,COD,Democratic Republic of the Congo,Kinshasa,Africa,Middle Africa,,CD-->NA,CD-->NA,CD-->NA,CD-->NA,CD-->NA,CD-->NA,CD-->NA,CD-->NA,CD-->NA,CD-->NA,CD-->NA,CD-->NA,CD-->NA,CD-->NA,CD-->NA,CD-->NA,CD-->NA,CD-->NA,CD-->NA,,,,,,,,,,,,,,,,,NA-->CD,NA-->CD,NA-->CD,NA-->CD,NA-->CD,NA-->CD,NA-->CD,NA-->CD,NA-->CD,NA-->CD,NA-->CD,NA-->CD,NA-->CD,NA-->CD,NA-->CD,NA-->CD,NA-->CD,NA-->CD,NA-->CD
CK,COK,Cook Islands,Avarua,Oceania,Polynesia,,CK-->NA,CK-->NA,CK-->NA,CK-->NA,CK-->NA,CK-->NA,CK-->NA,CK-->NA,CK-->NA,CK-->NA,CK-->NA,CK-->NA,CK-->NA,CK-->NA,CK-->NA,CK-->NA,CK-->NA,CK-->NA,CK-->NA,,,,,,,,,,,,,,,,,NA-->CK,NA-->CK,NA-->CK,NA-->CK,NA-->CK,NA-->CK,NA-->CK,NA-->CK,NA-->CK,NA-->CK,NA-->CK,NA-->CK,NA-->CK,NA-->CK,NA-->CK,NA-->CK,NA-->CK,NA-->CK,NA-->CK
CR,CRI,Costa Rica,San José,Americas,Central America,,CR-->NA,CR-->NA,CR-->NA,CR-->NA,CR-->NA,CR-->NA,CR-->NA,CR-->NA,CR-->NA,CR-->NA,CR-->NA,CR-->NA,CR-->NA,CR-->NA,CR-->NA,CR-->NA,CR-->NA,CR-->NA,CR-->NA,,,,,,,,,,,,,,,,,NA-->CR,NA-->CR,NA-->CR,NA-->CR,NA-->CR,NA-->CR,NA-->CR,NA-->CR,NA-->CR,NA-->CR,NA-->CR,NA-->CR,NA-->CR,NA-->CR,NA-->CR,NA-->CR,NA-->CR,NA-->CR,NA-->CR
HR,HRV,Croatia,Zagreb,Europe,Southern Europe,,HR-->NA,HR-->NA,HR-->NA,HR-->NA,HR-->NA,HR-->NA,HR-->NA,HR-->NA,HR-->NA,HR-->NA,HR-->NA,HR-->NA,HR-->NA,HR-->NA,HR-->NA,HR-->NA,HR-->NA,HR-->NA,HR-->NA,,,,,,,,,,,,,,,,,NA-->HR,NA-->HR,NA-->HR,NA-->HR,NA-->HR,NA-->HR,NA-->HR,NA-->HR,NA-->HR,NA-->HR,NA-->HR,NA-->HR,NA-->HR,NA-->HR,NA-->HR,NA-->HR,NA-->HR,NA-->HR,NA-->HR
CU,CUB,Cuba,Havana,Americas,Caribbean,,CU-->NA,CU-->NA,CU-->NA,CU-->NA,CU-->NA,CU-->NA,CU-->NA,CU-->NA,CU-->NA,CU-->NA,CU-->NA,CU-->NA,CU-->NA,CU-->NA,CU-->NA,CU-->NA,CU-->NA,CU-->NA,CU-->NA,,,,,,,,,,,,,,,,,NA-->CU,NA-->CU,NA-->CU,NA-->CU,NA-->CU,NA-->CU,NA-->CU,NA-->CU,NA-->CU,NA-->CU,NA-->CU,NA-->CU,NA-->CU,NA-->CU,NA-->CU,NA-->CU,NA-->CU,NA-->CU,NA-->CU
CW,CUW,Curaçao,Willemstad,Americas,Caribbean,,CW-->NA,CW-->NA,CW-->NA,CW-->NA,CW-->NA,CW-->NA,CW-->NA,CW-->NA,CW-->NA,CW-->NA,CW-->NA,CW-->NA,CW-->NA,CW-->NA,CW-->NA,CW-->NA,CW-->NA,CW-->NA,CW-->NA,,,,,,,,,,,,,,,,,NA-->CW,NA-->CW,NA-->CW,NA-->CW,NA-->CW,NA-->CW,NA-->CW,NA-->CW,NA-->CW,NA-->CW,NA-->CW,NA-->CW,NA-->CW,NA-->CW,NA-->CW,NA-->CW,NA-->CW,NA-->CW,NA-->CW
CY,CYP,Cyprus,Nicosia,Europe,Southern Europe,,CY-->NA,CY-->NA,CY-->NA,CY-->NA,CY-->NA,CY-->NA,CY-->NA,CY-->NA,CY-->NA,CY-->NA,CY-->NA,CY-->NA,CY-->NA,CY-->NA,CY-->NA,CY-->NA,CY-->NA,CY-->NA,CY-->NA,,,,,,,,,,,,,,,,,NA-->CY,NA-->CY,NA-->CY,NA-->CY,NA-->CY,NA-->CY,NA-->CY,NA-->CY,NA-->CY,NA-->CY,NA-->CY,NA-->CY,NA-->CY,NA-->CY,NA-->CY,NA-->CY,NA-->CY,NA-->CY,NA-->CY
CZ,CZE,Czech Republic,Prague,Europe,Eastern Europe,,CZ-->NA,CZ-->NA,CZ-->NA,CZ-->NA,CZ-->NA,CZ-->NA,CZ-->NA,CZ-->NA,CZ-->NA,CZ-->NA,CZ-->NA,CZ-->NA,CZ-->NA,CZ-->NA,CZ-->NA,CZ-->NA,CZ-->NA,CZ-->NA,CZ-->NA,,,,,,,,,,,,,,,,,NA-->CZ,NA-->CZ,NA-->CZ,NA-->CZ,NA-->CZ,NA-->CZ,NA-->CZ,NA-->CZ,NA-->CZ,NA-->CZ,NA-->CZ,NA-->CZ,NA-->CZ,NA-->CZ,NA-->CZ,NA-->CZ,NA-->CZ,NA-->CZ,NA-->CZ
DK,DNK,Denmark,Copenhagen,Europe,Northern Europe,,DK-->NA,DK-->NA,DK-->NA,DK-->NA,DK-->NA,DK-->NA,DK-->NA,DK-->NA,DK-->NA,DK-->NA,DK-->NA,DK-->NA,DK-->NA,DK-->NA,DK-->NA,DK-->NA,DK-->NA,DK-->NA,DK-->NA,,,,,,,,,,,,,,,,,NA-->DK,NA-->DK,NA-->DK,NA-->DK,NA-->DK,NA-->DK,NA-->DK,NA-->DK,NA-->DK,NA-->DK,NA-->DK,NA-->DK,NA-->DK,NA-->DK,NA-->DK,NA-->DK,NA-->DK,NA-->DK,NA-->DK
DJ,DJI,Djibouti,Djibouti,Africa,Eastern Africa,,DJ-->NA,DJ-->NA,DJ-->NA,DJ-->NA,DJ-->NA,DJ-->NA,DJ-->NA,DJ-->NA,DJ-->NA,DJ-->NA,DJ-->NA,DJ-->NA,DJ-->NA,DJ-->NA,DJ-->NA,DJ-->NA,DJ-->NA,DJ-->NA,DJ-->NA,,,,,,,,,,,,,,,,,NA-->DJ,NA-->DJ,NA-->DJ,NA-->DJ,NA-->DJ,NA-->DJ,NA-->DJ,NA-->DJ,NA-->DJ,NA-->DJ,NA-->DJ,NA-->DJ,NA-->DJ,NA-->DJ,NA-->DJ,NA-->DJ,NA-->DJ,NA-->DJ,NA-->DJ
DM,DMA,Dominica,Roseau,Americas,Caribbean,,DM-->NA,DM-->NA,DM-->NA,DM-->NA,DM-->NA,DM-->NA,DM-->NA,DM-->NA,DM-->NA,DM-->NA,DM-->NA,DM-->NA,DM-->NA,DM-->NA,DM-->NA,DM-->NA,DM-->NA,DM-->NA,DM-->NA,,,,,,,,,,,,,,,,,NA-->DM,NA-->DM,NA-->DM,NA-->DM,NA-->DM,NA-->DM,NA-->DM,NA-->DM,NA-->DM,NA-->DM,NA-->DM,NA-->DM,NA-->DM,NA-->DM,NA-->DM,NA-->DM,NA-->DM,NA-->DM,NA-->DM
DO,DOM,Dominican Republic,Santo Domingo,Americas,Caribbean,,DO-->NA,DO-->NA,DO-->NA,DO-->NA,DO-->NA,DO-->NA,DO-->NA,DO-->NA,DO-->NA,DO-->NA,DO-->NA,DO-->NA,DO-->NA,DO-->NA,DO-->NA,DO-->NA,DO-->NA,DO-->NA,DO-->NA,,,,,,,,,,,,,,,,,NA-->DO,NA-->DO,NA-->DO,NA-->DO,NA-->DO,NA-->DO,NA-->DO,NA-->DO,NA-->DO,NA-->DO,NA-->DO,NA-->DO,NA-->DO,NA-->DO,NA-->DO,NA-->DO,NA-->DO,NA-->DO,NA-->DO
EC,ECU,Ecuador,Quito,Americas,South America,,EC-->NA,EC-->NA,EC-->NA,EC-->NA,EC-->NA,EC-->NA,EC-->NA,EC-->NA,EC-->NA,EC-->NA,EC-->NA,EC-->NA,EC-->NA,EC-->NA,EC-->NA,EC-->NA,EC-->NA,EC-->NA,EC-->NA,,,,,,,,,,,,,,,,,NA-->EC,NA-->EC,NA-->EC,NA-->EC,NA-->EC,NA-->EC,NA-->EC,NA-->EC,NA-->EC,NA-->EC,NA-->EC,NA-->EC,NA-->EC,NA-->EC,NA-->EC,NA-->EC,NA-->EC,NA-->EC,NA-->EC
EG,EGY,Egypt,Cairo,Africa,Northern Africa,,EG-->NA,EG-->NA,EG-->NA,EG-->NA,EG-->NA,EG-->NA,EG-->NA,EG-->NA,EG-->NA,EG-->NA,EG-->NA,EG-->NA,EG-->NA,EG-->NA,EG-->NA,EG-->NA,EG-->NA,EG-->NA,EG-->NA,,,,,,,,,,,,,,,,,NA-->EG,NA-->EG,NA-->EG,NA-->EG,NA-->EG,NA-->EG,NA-->EG,NA-->EG,NA-->EG,NA-->EG,NA-->EG,NA-->EG,NA-->EG,NA-->EG,NA-->EG,NA-->EG,NA-->EG,NA-->EG,NA-->EG
SV,SLV,El Salvador,San Salvador,Americas,Central America,,SV-->NA,SV-->NA,SV-->NA,SV-->NA,SV-->NA,SV-->NA,SV-->NA,SV-->NA,SV-->NA,SV-->NA,SV-->NA,SV-->NA,SV-->NA,SV-->NA,SV-->NA,SV-->NA,SV-->NA,SV-->NA,SV-->NA,,,,,,,,,,,,,,,,,NA-->SV,NA-->SV,NA-->SV,NA-->SV,NA-->SV,NA-->SV,NA-->SV,NA-->SV,NA-->SV,NA-->SV,NA-->SV,NA-->SV,NA-->SV,NA-->SV,NA-->SV,NA-->SV,NA-->SV,NA-->SV,NA-->SV
GQ,GNQ,Equatorial Guinea,Malabo,Africa,Middle Africa,,GQ-->NA,GQ-->NA,GQ-->NA,GQ-->NA,GQ-->NA,GQ-->NA,GQ-->NA,GQ-->NA,GQ-->NA,GQ-->NA,GQ-->NA,GQ-->NA,GQ-->NA,GQ-->NA,GQ-->NA,GQ-->NA,GQ-->NA,GQ-->NA,GQ-->NA,,,,,,,,,,,,,,,,,NA-->GQ,NA-->GQ,NA-->GQ,NA-->GQ,NA-->GQ,NA-->GQ,NA-->GQ,NA-->GQ,NA-->GQ,NA-->GQ,NA-->GQ,NA-->GQ,NA-->GQ,NA-->GQ,NA-->GQ,NA-->GQ,NA-->GQ,NA-->GQ,NA-->GQ
ER,ERI,Eritrea,Asmara,Africa,Eastern Africa,,ER-->NA,ER-->NA,ER-->NA,ER-->NA,ER-->NA,ER-->NA,ER-->NA,ER-->NA,ER-->NA,ER-->NA,ER-->NA,ER-->NA,ER-->NA,ER-->NA,ER-->NA,ER-->NA,ER-->NA,ER-->NA,ER-->NA,,,,,,,,,,,,,,,,,NA-->ER,NA-->ER,NA-->ER,NA-->ER,NA-->ER,NA-->ER,NA-->ER,NA-->ER,NA-->ER,NA-->ER,NA-->ER,NA-->ER,NA-->ER,NA-->ER,NA-->ER,NA-->ER,NA-->ER,NA-->ER,NA-->ER
EE,EST,Estonia,Tallinn,Europe,Northern Europe,,EE-->NA,EE-->NA,EE-->NA,EE-->NA,EE-->NA,EE-->NA,EE-->NA,EE-->NA,EE-->NA,EE-->NA,EE-->NA,EE-->NA,EE-->NA,EE-->NA,EE-->NA,EE-->NA,EE-->NA,EE-->NA,EE-->NA,,,,,,,,,,,,,,,,,NA-->EE,NA-->EE,NA-->EE,NA-->EE,NA-->EE,NA-->EE,NA-->EE,NA-->EE,NA-->EE,NA-->EE,NA-->EE,NA-->EE,NA-->EE,NA-->EE,NA-->EE,NA-->EE,NA-->EE,NA-->EE,NA-->EE
ET,ETH,Ethiopia,Addis Ababa,Africa,Eastern Africa,,ET-->NA,ET-->NA,ET-->NA,ET-->NA,ET-->NA,ET-->NA,ET-->NA,ET-->NA,ET-->NA,ET-->NA,ET-->NA,ET-->NA,ET-->NA,ET-->NA,ET-->NA,ET-->NA,ET-->NA,ET-->NA,ET-->NA,,,,,,,,,,,,,,,,,NA-->ET,NA-->ET,NA-->ET,NA-->ET,NA-->ET,NA-->ET,NA-->ET,NA-->ET,NA-->ET,NA-->ET,NA-->ET,NA-->ET,NA-->ET,NA-->ET,NA-->ET,NA-->ET,NA-->ET,NA-->ET,NA-->ET
FK,FLK,Falkland Islands,Stanley,Americas,South America,,FK-->NA,FK-->NA,FK-->NA,FK-->NA,FK-->NA,FK-->NA,FK-->NA,FK-->NA,FK-->NA,FK-->NA,FK-->NA,FK-->NA,FK-->NA,FK-->NA,FK-->NA,FK-->NA,FK-->NA,FK-->NA,FK-->NA,,,,,,,,,,,,,,,,,NA-->FK,NA-->FK,NA-->FK,NA-->FK,NA-->FK,NA-->FK,NA-->FK,NA-->FK,NA-->FK,NA-->FK,NA-->FK,NA-->FK,NA-->FK,NA-->FK,NA-->FK,NA-->FK,NA-->FK,NA-->FK,NA-->FK
FO,FRO,Faroe Islands,Tórshavn,Europe,Northern Europe,,FO-->NA,FO-->NA,FO-->NA,FO-->NA,FO-->NA,FO-->NA,FO-->NA,FO-->NA,FO-->NA,FO-->NA,FO-->NA,FO-->NA,FO-->NA,FO-->NA,FO-->NA,FO-->NA,FO-->NA,FO-->NA,FO-->NA,,,,,,,,,,,,,,,,,NA-->FO,NA-->FO,NA-->FO,NA-->FO,NA-->FO,NA-->FO,NA-->FO,NA-->FO,NA-->FO,NA-->FO,NA-->FO,NA-->FO,NA-->FO,NA-->FO,NA-->FO,NA-->FO,NA-->FO,NA-->FO,NA-->FO
FJ,FJI,Fiji,Suva,Oceania,Melanesia,,FJ-->NA,FJ-->NA,FJ-->NA,FJ-->NA,FJ-->NA,FJ-->NA,FJ-->NA,FJ-->NA,FJ-->NA,FJ-->NA,FJ-->NA,FJ-->NA,FJ-->NA,FJ-->NA,FJ-->NA,FJ-->NA,FJ-->NA,FJ-->NA,FJ-->NA,,,,,,,,,,,,,,,,,NA-->FJ,NA-->FJ,NA-->FJ,NA-->FJ,NA-->FJ,NA-->FJ,NA-->FJ,NA-->FJ,NA-->FJ,NA-->FJ,NA-->FJ,NA-->FJ,NA-->FJ,NA-->FJ,NA-->FJ,NA-->FJ,NA-->FJ,NA-->FJ,NA-->FJ
FI,FIN,Finland,Helsinki,Europe,Northern Europe,,FI-->NA,FI-->NA,FI-->NA,FI-->NA,FI-->NA,FI-->NA,FI-->NA,FI-->NA,FI-->NA,FI-->NA,FI-->NA,FI-->NA,FI-->NA,FI-->NA,FI-->NA,FI-->NA,FI-->NA,FI-->NA,FI-->NA,,,,,,,,,,,,,,,,,NA-->FI,NA-->FI,NA-->FI,NA-->FI,NA-->FI,NA-->FI,NA-->FI,NA-->FI,NA-->FI,NA-->FI,NA-->FI,NA-->FI,NA-->FI,NA-->FI,NA-->FI,NA-->FI,NA-->FI,NA-->FI,NA-->FI
FR,FRA,France,Paris,Europe,Western Europe,,FR-->NA,FR-->NA,FR-->NA,FR-->NA,FR-->NA,FR-->NA,FR-->NA,FR-->NA,FR-->NA,FR-->NA,FR-->NA,FR-->NA,FR-->NA,FR-->NA,FR-->NA,FR-->NA,FR-->NA,FR-->NA,FR-->NA,,,,,,,,,,,,,,,,,NA-->FR,NA-->FR,NA-->FR,NA-->FR,NA-->FR,NA-->FR,NA-->FR,NA-->FR,NA-->FR,NA-->FR,NA-->FR,NA-->FR,NA-->FR,NA-->FR,NA-->FR,NA-->FR,NA-->FR,NA-->FR,NA-->FR
GF,GUF,French Guiana,Cayenne,Americas,South America,,GF-->NA,GF-->NA,GF-->NA,GF-->NA,GF-->NA,GF-->NA,GF-->NA,GF-->NA,GF-->NA,GF-->NA,GF-->NA,GF-->NA,GF-->NA,GF-->NA,GF-->NA,GF-->NA,GF-->NA,GF-->NA,GF-->NA,,,,,,,,,,,,,,,,,NA-->GF,NA-->GF,NA-->GF,NA-->GF,NA-->GF,NA-->GF,NA-->GF,NA-->GF,NA-->GF,NA-->GF,NA-->GF,NA-->GF,NA-->GF,NA-->GF,NA-->GF,NA-->GF,NA-->GF,NA-->GF,NA-->GF
PF,PYF,French Polynesia,Papeetē,Oceania,Polynesia,,PF-->NA,PF-->NA,PF-->NA,PF-->NA,PF-->NA,PF-->NA,PF-->NA,PF-->NA,PF-->NA,PF-->NA,PF-->NA,PF-->NA,PF-->NA,PF-->NA,PF-->NA,PF-->NA,PF-->NA,PF-->NA,PF-->NA,,,,,,,,,,,,,,,,,NA-->PF,NA-->PF,NA-->PF,NA-->PF,NA-->PF,NA-->PF,NA-->PF,NA-->PF,NA-->PF,NA-->PF,NA-->PF,NA-->PF,NA-->PF,NA-->PF,NA-->PF,NA-->PF,NA-->PF,NA-->PF,NA-->PF
TF,ATF,French Southern and Antarctic Lands,Port-aux-Français,Africa,Southern Africa,,TF-->NA,TF-->NA,TF-->NA,TF-->NA,TF-->NA,TF-->NA,TF-->NA,TF-->NA,TF-->NA,TF-->NA,TF-->NA,TF-->NA,TF-->NA,TF-->NA,TF-->NA,TF-->NA,TF-->NA,TF-->NA,TF-->NA,,,,,,,,,,,,,,,,,NA-->TF,NA-->TF,NA-->TF,NA-->TF,NA-->TF,NA-->TF,NA-->TF,NA-->TF,NA-->TF,NA-->TF,NA-->TF,NA-->TF,NA-->TF,NA-->TF,NA-->TF,NA-->TF,NA-->TF,NA-->TF,NA-->TF
GA,GAB,Gabon,Libreville,Africa,Middle Africa,,GA-->NA,GA-->NA,GA-->NA,GA-->NA,GA-->NA,GA-->NA,GA-->NA,GA-->NA,GA-->NA,GA-->NA,GA-->NA,GA-->NA,GA-->NA,GA-->NA,GA-->NA,GA-->NA,GA-->NA,GA-->NA,GA-->NA,,,,,,,,,,,,,,,,,NA-->GA,NA-->GA,NA-->GA,NA-->GA,NA-->GA,NA-->GA,NA-->GA,NA-->GA,NA-->GA,NA-->GA,NA-->GA,NA-->GA,NA-->GA,NA-->GA,NA-->GA,NA-->GA,NA-->GA,NA-->GA,NA-->GA
GM,GMB,The Gambia,Banjul,Africa,Western Africa,,GM-->NA,GM-->NA,GM-->NA,GM-->NA,GM-->NA,GM-->NA,GM-->NA,GM-->NA,GM-->NA,GM-->NA,GM-->NA,GM-->NA,GM-->NA,GM-->NA,GM-->NA,GM-->NA,GM-->NA,GM-->NA,GM-->NA,,,,,,,,,,,,,,,,,NA-->GM,NA-->GM,NA-->GM,NA-->GM,NA-->GM,NA-->GM,NA-->GM,NA-->GM,NA-->GM,NA-->GM,NA-->GM,NA-->GM,NA-->GM,NA-->GM,NA-->GM,NA-->GM,NA-->GM,NA-->GM,NA-->GM
GE,GEO,Georgia,Tbilisi,Asia,Western Asia,,GE-->NA,GE-->NA,GE-->NA,GE-->NA,GE-->NA,GE-->NA,GE-->NA,GE-->NA,GE-->NA,GE-->NA,GE-->NA,GE-->NA,GE-->NA,GE-->NA,GE-->NA,GE-->NA,GE-->NA,GE-->NA,GE-->NA,,,,,,,,,,,,,,,,,NA-->GE,NA-->GE,NA-->GE,NA-->GE,NA-->GE,NA-->GE,NA-->GE,NA-->GE,NA-->GE,NA-->GE,NA-->GE,NA-->GE,NA-->GE,NA-->GE,NA-->GE,NA-->GE,NA-->GE,NA-->GE,NA-->GE
DE,DEU,Germany,Berlin,Europe,Western Europe,,DE-->NA,DE-->NA,DE-->NA,DE-->NA,DE-->NA,DE-->NA,DE-->NA,DE-->NA,DE-->NA,DE-->NA,DE-->NA,DE-->NA,DE-->NA,DE-->NA,DE-->NA,DE-->NA,DE-->NA,DE-->NA,DE-->NA,,,,,,,,,,,,,,,,,NA-->DE,NA-->DE,NA-->DE,NA-->DE,NA-->DE,NA-->DE,NA-->DE,NA-->DE,NA-->DE,NA-->DE,NA-->DE,NA-->DE,NA-->DE,NA-->DE,NA-->DE,NA-->DE,NA-->DE,NA-->DE,NA-->DE
GH,GHA,Ghana,Accra,Africa,Western Africa,,GH-->NA,GH-->NA,GH-->NA,GH-->NA,GH-->NA,GH-->NA,GH-->NA,GH-->NA,GH-->NA,GH-->NA,GH-->NA,GH-->NA,GH-->NA,GH-->NA,GH-->NA,GH-->NA,GH-->NA,GH-->NA,GH-->NA,,,,,,,,,,,,,,,,,NA-->GH,NA-->GH,NA-->GH,NA-->GH,NA-->GH,NA-->GH,NA-->GH,NA-->GH,NA-->GH,NA-->GH,NA-->GH,NA-->GH,NA-->GH,NA-->GH,NA-->GH,NA-->GH,NA-->GH,NA-->GH,NA-->GH
GI,GIB,Gibraltar,Gibraltar,Europe,Southern Europe,,GI-->NA,GI-->NA,GI-->NA,GI-->NA,GI-->NA,GI-->NA,GI-->NA,GI-->NA,GI-->NA,GI-->NA,GI-->NA,GI-->NA,GI-->NA,GI-->NA,GI-->NA,GI-->NA,GI-->NA,GI-->NA,GI-->NA,,,,,,,,,,,,,,,,,NA-->GI,NA-->GI,NA-->GI,NA-->GI,NA-->GI,NA-->GI,NA-->GI,NA-->GI,NA-->GI,NA-->GI,NA-->GI,NA-->GI,NA-->GI,NA-->GI,NA-->GI,NA-->GI,NA-->GI,NA-->GI,NA-->GI
GR,GRC,Greece,Athens,Europe,Southern Europe,,GR-->NA,GR-->NA,GR-->NA,GR-->NA,GR-->NA,GR-->NA,GR-->NA,GR-->NA,GR-->NA,GR-->NA,GR-->NA,GR-->NA,GR-->NA,GR-->NA,GR-->NA,GR-->NA,GR-->NA,GR-->NA,GR-->NA,,,,,,,,,,,,,,,,,NA-->GR,NA-->GR,NA-->GR,NA-->GR,NA-->GR,NA-->GR,NA-->GR,NA-->GR,NA-->GR,NA-->GR,NA-->GR,NA-->GR,NA-->GR,NA-->GR,NA-->GR,NA-->GR,NA-->GR,NA-->GR,NA-->GR
GL,GRL,Greenland,Nuuk,Americas,Northern America,,GL-->NA,GL-->NA,GL-->NA,GL-->NA,GL-->NA,GL-->NA,GL-->NA,GL-->NA,GL-->NA,GL-->NA,GL-->NA,GL-->NA,GL-->NA,GL-->NA,GL-->NA,GL-->NA,GL-->NA,GL-->NA,GL-->NA,,,,,,,,,,,,,,,,,NA-->GL,NA-->GL,NA-->GL,NA-->GL,NA-->GL,NA-->GL,NA-->GL,NA-->GL,NA-->GL,NA-->GL,NA-->GL,NA-->GL,NA-->GL,NA-->GL,NA-->GL,NA-->GL,NA-->GL,NA-->GL,NA-->GL
GD,GRD,Grenada,St. George's,Americas,Caribbean,,GD-->NA,GD-->NA,GD-->NA,GD-->NA,GD-->NA,GD-->NA,GD-->NA,GD-->NA,GD-->NA,GD-->NA,GD-->NA,GD-->NA,GD-->NA,GD-->NA,GD-->NA,GD-->NA,GD-->NA,GD-->NA,GD-->NA,,,,,,,,,,,,,,,,,NA-->GD,NA-->GD,NA-->GD,NA-->GD,NA-->GD,NA-->GD,NA-->GD,NA-->GD,NA-->GD,NA-->GD,NA-->GD,NA-->GD,NA-->GD,NA-->GD,NA-->GD,NA-->GD,NA-->GD,NA-->GD,NA-->GD
GP,GLP,Guadeloupe,Basse-Terre,Americas,Caribbean,,GP-->NA,GP-->NA,GP-->NA,GP-->NA,GP-->NA,GP-->NA,GP-->NA,GP-->NA,GP-->NA,GP-->NA,GP-->NA,GP-->NA,GP-->NA,GP-->NA,GP-->NA,GP-->NA,GP-->NA,GP-->NA,GP-->NA,,,,,,,,,,,,,,,,,NA-->GP,NA-->GP,NA-->GP,NA-->GP,NA-->GP,NA-->GP,NA-->GP,NA-->GP,NA-->GP,NA-->GP,NA-->GP,NA-->GP,NA-->GP,NA-->GP,NA-->GP,NA-->GP,NA-->GP,NA-->GP,NA-->GP
GU,GUM,Guam,Hagåtña,Oceania,Micronesia,,GU-->NA,GU-->NA,GU-->NA,GU-->NA,GU-->NA,GU-->NA,GU-->NA,GU-->NA,GU-->NA,GU-->NA,GU-->NA,GU-->NA,GU-->NA,GU-->NA,GU-->NA,GU-->NA,GU-->NA,GU-->NA,GU-->NA,,,,,,,,,,,,,,,,,NA-->GU,NA-->GU,NA-->GU,NA-->GU,NA-->GU,NA-->GU,NA-->GU,NA-->GU,NA-->GU,NA-->GU,NA-->GU,NA-->GU,NA-->GU,NA-->GU,NA-->GU,NA-->GU,NA-->GU,NA-->GU,NA-->GU
GT,GTM,Guatemala,Guatemala City,Americas,Central America,,GT-->NA,GT-->NA,GT-->NA,GT-->NA,GT-->NA,GT-->NA,GT-->NA,GT-->NA,GT-->NA,GT-->NA,GT-->NA,GT-->NA,GT-->NA,GT-->NA,GT-->NA,GT-->NA,GT-->NA,GT-->NA,GT-->NA,,,,,,,,,,,,,,,,,NA-->GT,NA-->GT,NA-->GT,NA-->GT,NA-->GT,NA-->GT,NA-->GT,NA-->GT,NA-->GT,NA-->GT,NA-->GT,NA-->GT,NA-->GT,NA-->GT,NA-->GT,NA-->GT,NA-->GT,NA-->GT,NA-->GT
GG,GGY,Guernsey,St. Peter Port,Europe,Northern Europe,,GG-->NA,GG-->NA,GG-->NA,GG-->NA,GG-->NA,GG-->NA,GG-->NA,GG-->NA,GG-->NA,GG-->NA,GG-->NA,GG-->NA,GG-->NA,GG-->NA,GG-->NA,GG-->NA,GG-->NA,GG-->NA,GG-->NA,,,,,,,,,,,,,,,,,NA-->GG,NA-->GG,NA-->GG,NA-->GG,NA-->GG,NA-->GG,NA-->GG,NA-->GG,NA-->GG,NA-->GG,NA-->GG,NA-->GG,NA-->GG,NA-->GG,NA-->GG,NA-->GG,NA-->GG,NA-->GG,NA-->GG
GN,GIN,Guinea,Conakry,Africa,Western Africa,,GN-->NA,GN-->NA,GN-->NA,GN-->NA,GN-->NA,GN-->NA,GN-->NA,GN-->NA,GN-->NA,GN-->NA,GN-->NA,GN-->NA,GN-->NA,GN-->NA,GN-->NA,GN-->NA,GN-->NA,GN-->NA,GN-->NA,,,,,,,,,,,,,,,,,NA-->GN,NA-->GN,NA-->GN,NA-->GN,NA-->GN,NA-->GN,NA-->GN,NA-->GN,NA-->GN,NA-->GN,NA-->GN,NA-->GN,NA-->GN,NA-->GN,NA-->GN,NA-->GN,NA-->GN,NA-->GN,NA-->GN
GW,GNB,Guinea-Bissau,Bissau,Africa,Western Africa,,GW-->NA,GW-->NA,GW-->NA,GW-->NA,GW-->NA,GW-->NA,GW-->NA,GW-->NA,GW-->NA,GW-->NA,GW-->NA,GW-->NA,GW-->NA,GW-->NA,GW-->NA,GW-->NA,GW-->NA,GW-->NA,GW-->NA,,,,,,,,,,,,,,,,,NA-->GW,NA-->GW,NA-->GW,NA-->GW,NA-->GW,NA-->GW,NA-->GW,NA-->GW,NA-->GW,NA-->GW,NA-->GW,NA-->GW,NA-->GW,NA-->GW,NA-->GW,NA-->GW,NA-->GW,NA-->GW,NA-->GW
GY,GUY,Guyana,Georgetown,Americas,South America,,GY-->NA,GY-->NA,GY-->NA,GY-->NA,GY-->NA,GY-->NA,GY-->NA,GY-->NA,GY-->NA,GY-->NA,GY-->NA,GY-->NA,GY-->NA,GY-->NA,GY-->NA,GY-->NA,GY-->NA,GY-->NA,GY-->NA,,,,,,,,,,,,,,,,,NA-->GY,NA-->GY,NA-->GY,NA-->GY,NA-->GY,NA-->GY,NA-->GY,NA-->GY,NA-->GY,NA-->GY,NA-->GY,NA-->GY,NA-->GY,NA-->GY,NA-->GY,NA-->GY,NA-->GY,NA-->GY,NA-->GY
HT,HTI,Haiti,Port-au-Prince,Americas,Caribbean,,HT-->NA,HT-->NA,HT-->NA,HT-->NA,HT-->NA,HT-->NA,HT-->NA,HT-->NA,HT-->NA,HT-->NA,HT-->NA,HT-->NA,HT-->NA,HT-->NA,HT-->NA,HT-->NA,HT-->NA,HT-->NA,HT-->NA,,,,,,,,,,,,,,,,,NA-->HT,NA-->HT,NA-->HT,NA-->HT,NA-->HT,NA-->HT,NA-->HT,NA-->HT,NA-->HT,NA-->HT,NA-->HT,NA-->HT,NA-->HT,NA-->HT,NA-->HT,NA-->HT,NA-->HT,NA-->HT,NA-->HT
HM,HMD,Heard Island and McDonald Islands,,,,,HM-->NA,HM-->NA,HM-->NA,HM-->NA,HM-->NA,HM-->NA,HM-->NA,HM-->NA,HM-->NA,HM-->NA,HM-->NA,HM-->NA,HM-->NA,HM-->NA,HM-->NA,HM-->NA,HM-->NA,HM-->NA,HM-->NA,,,,,,,,,,,,,,,,,NA-->HM,NA-->HM,NA-->HM,NA-->HM,NA-->HM,NA-->HM,NA-->HM,NA-->HM,NA-->HM,NA-->HM,NA-->HM,NA-->HM,NA-->HM,NA-->HM,NA-->HM,NA-->HM,NA-->HM,NA-->HM,NA-->HM
VA,VAT,Holy See,Rome,Europe,Southern Europe,,VA-->NA,VA-->NA,VA-->NA,VA-->NA,VA-->NA,VA-->NA,VA-->NA,VA-->NA,VA-->NA,VA-->NA,VA-->NA,VA-->NA,VA-->NA,VA-->NA,VA-->NA,VA-->NA,VA-->NA,VA-->NA,VA-->NA,,,,,,,,,,,,,,,,,NA-->VA,NA-->VA,NA-->VA,NA-->VA,NA-->VA,NA-->VA,NA-->VA,NA-->VA,NA-->VA,NA-->VA,NA-->VA,NA-->VA,NA-->VA,NA-->VA,NA-->VA,NA-->VA,NA-->VA,NA-->VA,NA-->VA
HN,HND,Honduras,Tegucigalpa,Americas,Central America,,HN-->NA,HN-->NA,HN-->NA,HN-->NA,HN-->NA,HN-->NA,HN-->NA,HN-->NA,HN-->NA,HN-->NA,HN-->NA,HN-->NA,HN-->NA,HN-->NA,HN-->NA,HN-->NA,HN-->NA,HN-->NA,HN-->NA,,,,,,,,,,,,,,,,,NA-->HN,NA-->HN,NA-->HN,NA-->HN,NA-->HN,NA-->HN,NA-->HN,NA-->HN,NA-->HN,NA-->HN,NA-->HN,NA-->HN,NA-->HN,NA-->HN,NA-->HN,NA-->HN,NA-->HN,NA-->HN,NA-->HN
HK,HKG,Hong Kong,City of Victoria,Asia,Eastern Asia,,HK-->NA,HK-->NA,HK-->NA,HK-->NA,HK-->NA,HK-->NA,HK-->NA,HK-->NA,HK-->NA,HK-->NA,HK-->NA,HK-->NA,HK-->NA,HK-->NA,HK-->NA,HK-->NA,HK-->NA,HK-->NA,HK-->NA,,,,,,,,,,,,,,,,,NA-->HK,NA-->HK,NA-->HK,NA-->HK,NA-->HK,NA-->HK,NA-->HK,NA-->HK,NA-->HK,NA-->HK,NA-->HK,NA-->HK,NA-->HK,NA-->HK,NA-->HK,NA-->HK,NA-->HK,NA-->HK,NA-->HK
HU,HUN,Hungary,Budapest,Europe,Eastern Europe,,HU-->NA,HU-->NA,HU-->NA,HU-->NA,HU-->NA,HU-->NA,HU-->NA,HU-->NA,HU-->NA,HU-->NA,HU-->NA,HU-->NA,HU-->NA,HU-->NA,HU-->NA,HU-->NA,HU-->NA,HU-->NA,HU-->NA,,,,,,,,,,,,,,,,,NA-->HU,NA-->HU,NA-->HU,NA-->HU,NA-->HU,NA-->HU,NA-->HU,NA-->HU,NA-->HU,NA-->HU,NA-->HU,NA-->HU,NA-->HU,NA-->HU,NA-->HU,NA-->HU,NA-->HU,NA-->HU,NA-->HU
IS,ISL,Iceland,Reykjavík,Europe,Northern Europe,,IS-->NA,IS-->NA,IS-->NA,IS-->NA,IS-->NA,IS-->NA,IS-->NA,IS-->NA,IS-->NA,IS-->NA,IS-->NA,IS-->NA,IS-->NA,IS-->NA,IS-->NA,IS-->NA,IS-->NA,IS-->NA,IS-->NA,,,,,,,,,,,,,,,,,NA-->IS,NA-->IS,NA-->IS,NA-->IS,NA-->IS,NA-->IS,NA-->IS,NA-->IS,NA-->IS,NA-->IS,NA-->IS,NA-->IS,NA-->IS,NA-->IS,NA-->IS,NA-->IS,NA-->IS,NA-->IS,NA-->IS
IN,IND,India,New Delhi,Asia,Southern Asia,,IN-->NA,IN-->NA,IN-->NA,IN-->NA,IN-->NA,IN-->NA,IN-->NA,IN-->NA,IN-->NA,IN-->NA,IN-->NA,IN-->NA,IN-->NA,IN-->NA,IN-->NA,IN-->NA,IN-->NA,IN-->NA,IN-->NA,,,,,,,,,,,,,,,,,NA-->IN,NA-->IN,NA-->IN,NA-->IN,NA-->IN,NA-->IN,NA-->IN,NA-->IN,NA-->IN,NA-->IN,NA-->IN,NA-->IN,NA-->IN,NA-->IN,NA-->IN,NA-->IN,NA-->IN,NA-->IN,NA-->IN
ID,IDN,Indonesia,Jakarta,Asia,South-Eastern Asia,,ID-->NA,ID-->NA,ID-->NA,ID-->NA,ID-->NA,ID-->NA,ID-->NA,ID-->NA,ID-->NA,ID-->NA,ID-->NA,ID-->NA,ID-->NA,ID-->NA,ID-->NA,ID-->NA,ID-->NA,ID-->NA,ID-->NA,,,,,,,,,,,,,,,,,NA-->ID,NA-->ID,NA-->ID,NA-->ID,NA-->ID,NA-->ID,NA-->ID,NA-->ID,NA-->ID,NA-->ID,NA-->ID,NA-->ID,NA-->ID,NA-->ID,NA-->ID,NA-->ID,NA-->ID,NA-->ID,NA-->ID
CI,CIV,Ivory Coast,Yamoussoukro,Africa,Western Africa,,CI-->NA,CI-->NA,CI-->NA,CI-->NA,CI-->NA,CI-->NA,CI-->NA,CI-->NA,CI-->NA,CI-->NA,CI-->NA,CI-->NA,CI-->NA,CI-->NA,CI-->NA,CI-->NA,CI-->NA,CI-->NA,CI-->NA,,,,,,,,,,,,,,,,,NA-->CI,NA-->CI,NA-->CI,NA-->CI,NA-->CI,NA-->CI,NA-->CI,NA-->CI,NA-->CI,NA-->CI,NA-->CI,NA-->CI,NA-->CI,NA-->CI,NA-->CI,NA-->CI,NA-->CI,NA-->CI,NA-->CI
IR,IRN,Iran,Tehran,Asia,Southern Asia,,IR-->NA,IR-->NA,IR-->NA,IR-->NA,IR-->NA,IR-->NA,IR-->NA,IR-->NA,IR-->NA,IR-->NA,IR-->NA,IR-->NA,IR-->NA,IR-->NA,IR-->NA,IR-->NA,IR-->NA,IR-->NA,IR-->NA,,,,,,,,,,,,,,,,,NA-->IR,NA-->IR,NA-->IR,NA-->IR,NA-->IR,NA-->IR,NA-->IR,NA-->IR,NA-->IR,NA-->IR,NA-->IR,NA-->IR,NA-->IR,NA-->IR,NA-->IR,NA-->IR,NA-->IR,NA-->IR,NA-->IR
IQ,IRQ,Iraq,Baghdad,Asia,Western Asia,,IQ-->NA,IQ-->NA,IQ-->NA,IQ-->NA,IQ-->NA,IQ-->NA,IQ-->NA,IQ-->NA,IQ-->NA,IQ-->NA,IQ-->NA,IQ-->NA,IQ-->NA,IQ-->NA,IQ-->NA,IQ-->NA,IQ-->NA,IQ-->NA,IQ-->NA,,,,,,,,,,,,,,,,,NA-->IQ,NA-->IQ,NA-->IQ,NA-->IQ,NA-->IQ,NA-->IQ,NA-->IQ,NA-->IQ,NA-->IQ,NA-->IQ,NA-->IQ,NA-->IQ,NA-->IQ,NA-->IQ,NA-->IQ,NA-->IQ,NA-->IQ,NA-->IQ,NA-->IQ
IE,IRL,Republic of Ireland,Dublin,Europe,Northern Europe,,IE-->NA,IE-->NA,IE-->NA,IE-->NA,IE-->NA,IE-->NA,IE-->NA,IE-->NA,IE-->NA,IE-->NA,IE-->NA,IE-->NA,IE-->NA,IE-->NA,IE-->NA,IE-->NA,IE-->NA,IE-->NA,IE-->NA,,,,,,,,,,,,,,,,,NA-->IE,NA-->IE,NA-->IE,NA-->IE,NA-->IE,NA-->IE,NA-->IE,NA-->IE,NA-->IE,NA-->IE,NA-->IE,NA-->IE,NA-->IE,NA-->IE,NA-->IE,NA-->IE,NA-->IE,NA-->IE,NA-->IE
IM,IMN,Isle of Man,Douglas,Europe,Northern Europe,,IM-->NA,IM-->NA,IM-->NA,IM-->NA,IM-->NA,IM-->NA,IM-->NA,IM-->NA,IM-->NA,IM-->NA,IM-->NA,IM-->NA,IM-->NA,IM-->NA,IM-->NA,IM-->NA,IM-->NA,IM-->NA,IM-->NA,,,,,,,,,,,,,,,,,NA-->IM,NA-->IM,NA-->IM,NA-->IM,NA-->IM,NA-->IM,NA-->IM,NA-->IM,NA-->IM,NA-->IM,NA-->IM,NA-->IM,NA-->IM,NA-->IM,NA-->IM,NA-->IM,NA-->IM,NA-->IM,NA-->IM
IL,ISR,Israel,Jerusalem,Asia,Western Asia,,IL-->NA,IL-->NA,IL-->NA,IL-->NA,IL-->NA,IL-->NA,IL-->NA,IL-->NA,IL-->NA,IL-->NA,IL-->NA,IL-->NA,IL-->NA,IL-->NA,IL-->NA,IL-->NA,IL-->NA,IL-->NA,IL-->NA,,,,,,,,,,,,,,,,,NA-->IL,NA-->IL,NA-->IL,NA-->IL,NA-->IL,NA-->IL,NA-->IL,NA-->IL,NA-->IL,NA-->IL,NA-->IL,NA-->IL,NA-->IL,NA-->IL,NA-->IL,NA-->IL,NA-->IL,NA-->IL,NA-->IL
IT,ITA,Italy,Rome,Europe,Southern Europe,,IT-->NA,IT-->NA,IT-->NA,IT-->NA,IT-->NA,IT-->NA,IT-->NA,IT-->NA,IT-->NA,IT-->NA,IT-->NA,IT-->NA,IT-->NA,IT-->NA,IT-->NA,IT-->NA,IT-->NA,IT-->NA,IT-->NA,,,,,,,,,,,,,,,,,NA-->IT,NA-->IT,NA-->IT,NA-->IT,NA-->IT,NA-->IT,NA-->IT,NA-->IT,NA-->IT,NA-->IT,NA-->IT,NA-->IT,NA-->IT,NA-->IT,NA-->IT,NA-->IT,NA-->IT,NA-->IT,NA-->IT
JM,JAM,Jamaica,Kingston,Americas,Caribbean,,JM-->NA,JM-->NA,JM-->NA,JM-->NA,JM-->NA,JM-->NA,JM-->NA,JM-->NA,JM-->NA,JM-->NA,JM-->NA,JM-->NA,JM-->NA,JM-->NA,JM-->NA,JM-->NA,JM-->NA,JM-->NA,JM-->NA,,,,,,,,,,,,,,,,,NA-->JM,NA-->JM,NA-->JM,NA-->JM,NA-->JM,NA-->JM,NA-->JM,NA-->JM,NA-->JM,NA-->JM,NA-->JM,NA-->JM,NA-->JM,NA-->JM,NA-->JM,NA-->JM,NA-->JM,NA-->JM,NA-->JM
JP,JPN,Japan,Tokyo,Asia,Eastern Asia,,JP-->NA,JP-->NA,JP-->NA,JP-->NA,JP-->NA,JP-->NA,JP-->NA,JP-->NA,JP-->NA,JP-->NA,JP-->NA,JP-->NA,JP-->NA,JP-->NA,JP-->NA,JP-->NA,JP-->NA,JP-->NA,JP-->NA,,,,,,,,,,,,,,,,,NA-->JP,NA-->JP,NA-->JP,NA-->JP,NA-->JP,NA-->JP,NA-->JP,NA-->JP,NA-->JP,NA-->JP,NA-->JP,NA-->JP,NA-->JP,NA-->JP,NA-->JP,NA-->JP,NA-->JP,NA-->JP,NA-->JP
JE,JEY,Jersey,Saint Helier,Europe,Northern Europe,,JE-->NA,JE-->NA,JE-->NA,JE-->NA,JE-->NA,JE-->NA,JE-->NA,JE-->NA,JE-->NA,JE-->NA,JE-->NA,JE-->NA,JE-->NA,JE-->NA,JE-->NA,JE-->NA,JE-->NA,JE-->NA,JE-->NA,,,,,,,,,,,,,,,,,NA-->JE,NA-->JE,NA-->JE,NA-->JE,NA-->JE,NA-->JE,NA-->JE,NA-->JE,NA-->JE,NA-->JE,NA-->JE,NA-->JE,NA-->JE,NA-->JE,NA-->JE,NA-->JE,NA-->JE,NA-->JE,NA-->JE
JO,JOR,Jordan,Amman,Asia,Western Asia,,JO-->NA,JO-->NA,JO-->NA,JO-->NA,JO-->NA,JO-->NA,JO-->NA,JO-->NA,JO-->NA,JO-->NA,JO-->NA,JO-->NA,JO-->NA,JO-->NA,JO-->NA,JO-->NA,JO-->NA,JO-->NA,JO-->NA,,,,,,,,,,,,,,,,,NA-->JO,NA-->JO,NA-->JO,NA-->JO,NA-->JO,NA-->JO,NA-->JO,NA-->JO,NA-->JO,NA-->JO,NA-->JO,NA-->JO,NA-->JO,NA-->JO,NA-->JO,NA-->JO,NA-->JO,NA-->JO,NA-->JO
KZ,KAZ,Kazakhstan,Astana,Asia,Central Asia,,KZ-->NA,KZ-->NA,KZ-->NA,KZ-->NA,KZ-->NA,KZ-->NA,KZ-->NA,KZ-->NA,KZ-->NA,KZ-->NA,KZ-->NA,KZ-->NA,KZ-->NA,KZ-->NA,KZ-->NA,KZ-->NA,KZ-->NA,KZ-->NA,KZ-->NA,,,,,,,,,,,,,,,,,NA-->KZ,NA-->KZ,NA-->KZ,NA-->KZ,NA-->KZ,NA-->KZ,NA-->KZ,NA-->KZ,NA-->KZ,NA-->KZ,NA-->KZ,NA-->KZ,NA-->KZ,NA-->KZ,NA-->KZ,NA-->KZ,NA-->KZ,NA-->KZ,NA-->KZ
KE,KEN,Kenya,Nairobi,Africa,Eastern Africa,,KE-->NA,KE-->NA,KE-->NA,KE-->NA,KE-->NA,KE-->NA,KE-->NA,KE-->NA,KE-->NA,KE-->NA,KE-->NA,KE-->NA,KE-->NA,KE-->NA,KE-->NA,KE-->NA,KE-->NA,KE-->NA,KE-->NA,,,,,,,,,,,,,,,,,NA-->KE,NA-->KE,NA-->KE,NA-->KE,NA-->KE,NA-->KE,NA-->KE,NA-->KE,NA-->KE,NA-->KE,NA-->KE,NA-->KE,NA-->KE,NA-->KE,NA-->KE,NA-->KE,NA-->KE,NA-->KE,NA-->KE
KI,KIR,Kiribati,South Tarawa,Oceania,Micronesia,,KI-->NA,KI-->NA,KI-->NA,KI-->NA,KI-->NA,KI-->NA,KI-->NA,KI-->NA,KI-->NA,KI-->NA,KI-->NA,KI-->NA,KI-->NA,KI-->NA,KI-->NA,KI-->NA,KI-->NA,KI-->NA,KI-->NA,,,,,,,,,,,,,,,,,NA-->KI,NA-->KI,NA-->KI,NA-->KI,NA-->KI,NA-->KI,NA-->KI,NA-->KI,NA-->KI,NA-->KI,NA-->KI,NA-->KI,NA-->KI,NA-->KI,NA-->KI,NA-->KI,NA-->KI,NA-->KI,NA-->KI
KW,KWT,Kuwait,Kuwait City,Asia,Western Asia,,KW-->NA,KW-->NA,KW-->NA,KW-->NA,KW-->NA,KW-->NA,KW-->NA,KW-->NA,KW-->NA,KW-->NA,KW-->NA,KW-->NA,KW-->NA,KW-->NA,KW-->NA,KW-->NA,KW-->NA,KW-->NA,KW-->NA,,,,,,,,,,,,,,,,,NA-->KW,NA-->KW,NA-->KW,NA-->KW,NA-->KW,NA-->KW,NA-->KW,NA-->KW,NA-->KW,NA-->KW,NA-->KW,NA-->KW,NA-->KW,NA-->KW,NA-->KW,NA-->KW,NA-->KW,NA-->KW,NA-->KW
KG,KGZ,Kyrgyzstan,Bishkek,Asia,Central Asia,,KG-->NA,KG-->NA,KG-->NA,KG-->NA,KG-->NA,KG-->NA,KG-->NA,KG-->NA,KG-->NA,KG-->NA,KG-->NA,KG-->NA,KG-->NA,KG-->NA,KG-->NA,KG-->NA,KG-->NA,KG-->NA,KG-->NA,,,,,,,,,,,,,,,,,NA-->KG,NA-->KG,NA-->KG,NA-->KG,NA-->KG,NA-->KG,NA-->KG,NA-->KG,NA-->KG,NA-->KG,NA-->KG,NA-->KG,NA-->KG,NA-->KG,NA-->KG,NA-->KG,NA-->KG,NA-->KG,NA-->KG
LA,LAO,Laos,Vientiane,Asia,South-Eastern Asia,,LA-->NA,LA-->NA,LA-->NA,LA-->NA,LA-->NA,LA-->NA,LA-->NA,LA-->NA,LA-->NA,LA-->NA,LA-->NA,LA-->NA,LA-->NA,LA-->NA,LA-->NA,LA-->NA,LA-->NA,LA-->NA,LA-->NA,,,,,,,,,,,,,,,,,NA-->LA,NA-->LA,NA-->LA,NA-->LA,NA-->LA,NA-->LA,NA-->LA,NA-->LA,NA-->LA,NA-->LA,NA-->LA,NA-->LA,NA-->LA,NA-->LA,NA-->LA,NA-->LA,NA-->LA,NA-->LA,NA-->LA
LV,LVA,Latvia,Riga,Europe,Northern Europe,,LV-->NA,LV-->NA,LV-->NA,LV-->NA,LV-->NA,LV-->NA,LV-->NA,LV-->NA,LV-->NA,LV-->NA,LV-->NA,LV-->NA,LV-->NA,LV-->NA,LV-->NA,LV-->NA,LV-->NA,LV-->NA,LV-->NA,,,,,,,,,,,,,,,,,NA-->LV,NA-->LV,NA-->LV,NA-->LV,NA-->LV,NA-->LV,NA-->LV,NA-->LV,NA-->LV,NA-->LV,NA-->LV,NA-->LV,NA-->LV,NA-->LV,NA-->LV,NA-->LV,NA-->LV,NA-->LV,NA-->LV
LB,LBN,Lebanon,Beirut,Asia,Western Asia,,LB-->NA,LB-->NA,LB-->NA,LB-->NA,LB-->NA,LB-->NA,LB-->NA,LB-->NA,LB-->NA,LB-->NA,LB-->NA,LB-->NA,LB-->NA,LB-->NA,LB-->NA,LB-->NA,LB-->NA,LB-->NA,LB-->NA,,,,,,,,,,,,,,,,,NA-->LB,NA-->LB,NA-->LB,NA-->LB,NA-->LB,NA-->LB,NA-->LB,NA-->LB,NA-->LB,NA-->LB,NA-->LB,NA-->LB,NA-->LB,NA-->LB,NA-->LB,NA-->LB,NA-->LB,NA-->LB,NA-->LB
LS,LSO,Lesotho,Maseru,Africa,Southern Africa,,LS-->NA,LS-->NA,LS-->NA,LS-->NA,LS-->NA,LS-->NA,LS-->NA,LS-->NA,LS-->NA,LS-->NA,LS-->NA,LS-->NA,LS-->NA,LS-->NA,LS-->NA,LS-->NA,LS-->NA,LS-->NA,LS-->NA,,,,,,,,,,,,,,,,,NA-->LS,NA-->LS,NA-->LS,NA-->LS,NA-->LS,NA-->LS,NA-->LS,NA-->LS,NA-->LS,NA-->LS,NA-->LS,NA-->LS,NA-->LS,NA-->LS,NA-->LS,NA-->LS,NA-->LS,NA-->LS,NA-->LS
LR,LBR,Liberia,Monrovia,Africa,Western Africa,,LR-->NA,LR-->NA,LR-->NA,LR-->NA,LR-->NA,LR-->NA,LR-->NA,LR-->NA,LR-->NA,LR-->NA,LR-->NA,LR-->NA,LR-->NA,LR-->NA,LR-->NA,LR-->NA,LR-->NA,LR-->NA,LR-->NA,,,,,,,,,,,,,,,,,NA-->LR,NA-->LR,NA-->LR,NA-->LR,NA-->LR,NA-->LR,NA-->LR,NA-->LR,NA-->LR,NA-->LR,NA-->LR,NA-->LR,NA-->LR,NA-->LR,NA-->LR,NA-->LR,NA-->LR,NA-->LR,NA-->LR
LY,LBY,Libya,Tripoli,Africa,Northern Africa,,LY-->NA,LY-->NA,LY-->NA,LY-->NA,LY-->NA,LY-->NA,LY-->NA,LY-->NA,LY-->NA,LY-->NA,LY-->NA,LY-->NA,LY-->NA,LY-->NA,LY-->NA,LY-->NA,LY-->NA,LY-->NA,LY-->NA,,,,,,,,,,,,,,,,,NA-->LY,NA-->LY,NA-->LY,NA-->LY,NA-->LY,NA-->LY,NA-->LY,NA-->LY,NA-->LY,NA-->LY,NA-->LY,NA-->LY,NA-->LY,NA-->LY,NA-->LY,NA-->LY,NA-->LY,NA-->LY,NA-->LY
LI,LIE,Liechtenstein,Vaduz,Europe,Western Europe,,LI-->NA,LI-->NA,LI-->NA,LI-->NA,LI-->NA,LI-->NA,LI-->NA,LI-->NA,LI-->NA,LI-->NA,LI-->NA,LI-->NA,LI-->NA,LI-->NA,LI-->NA,LI-->NA,LI-->NA,LI-->NA,LI-->NA,,,,,,,,,,,,,,,,,NA-->LI,NA-->LI,NA-->LI,NA-->LI,NA-->LI,NA-->LI,NA-->LI,NA-->LI,NA-->LI,NA-->LI,NA-->LI,NA-->LI,NA-->LI,NA-->LI,NA-->LI,NA-->LI,NA-->LI,NA-->LI,NA-->LI
LT,LTU,Lithuania,Vilnius,Europe,Northern Europe,,LT-->NA,LT-->NA,LT-->NA,LT-->NA,LT-->NA,LT-->NA,LT-->NA,LT-->NA,LT-->NA,LT-->NA,LT-->NA,LT-->NA,LT-->NA,LT-->NA,LT-->NA,LT-->NA,LT-->NA,LT-->NA,LT-->NA,,,,,,,,,,,,,,,,,NA-->LT,NA-->LT,NA-->LT,NA-->LT,NA-->LT,NA-->LT,NA-->LT,NA-->LT,NA-->LT,NA-->LT,NA-->LT,NA-->LT,NA-->LT,NA-->LT,NA-->LT,NA-->LT,NA-->LT,NA-->LT,NA-->LT
LU,LUX,Luxembourg,Luxembourg,Europe,Western Europe,,LU-->NA,LU-->NA,LU-->NA,LU-->NA,LU-->NA,LU-->NA,LU-->NA,LU-->NA,LU-->NA,LU-->NA,LU-->NA,LU-->NA,LU-->NA,LU-->NA,LU-->NA,LU-->NA,LU-->NA,LU-->NA,LU-->NA,,,,,,,,,,,,,,,,,NA-->LU,NA-->LU,NA-->LU,NA-->LU,NA-->LU,NA-->LU,NA-->LU,NA-->LU,NA-->LU,NA-->LU,NA-->LU,NA-->LU,NA-->LU,NA-->LU,NA-->LU,NA-->LU,NA-->LU,NA-->LU,NA-->LU
MO,MAC,Macau,,Asia,Eastern Asia,,MO-->NA,MO-->NA,MO-->NA,MO-->NA,MO-->NA,MO-->NA,MO-->NA,MO-->NA,MO-->NA,MO-->NA,MO-->NA,MO-->NA,MO-->NA,MO-->NA,MO-->NA,MO-->NA,MO-->NA,MO-->NA,MO-->NA,,,,,,,,,,,,,,,,,NA-->MO,NA-->MO,NA-->MO,NA-->MO,NA-->MO,NA-->MO,NA-->MO,NA-->MO,NA-->MO,NA-->MO,NA-->MO,NA-->MO,NA-->MO,NA-->MO,NA-->MO,NA-->MO,NA-->MO,NA-->MO,NA-->MO
MK,MKD,Republic of Macedonia,Skopje,Europe,Southern Europe,,MK-->NA,MK-->NA,MK-->NA,MK-->NA,MK-->NA,MK-->NA,MK-->NA,MK-->NA,MK-->NA,MK-->NA,MK-->NA,MK-->NA,MK-->NA,MK-->NA,MK-->NA,MK-->NA,MK-->NA,MK-->NA,MK-->NA,,,,,,,,,,,,,,,,,NA-->MK,NA-->MK,NA-->MK,NA-->MK,NA-->MK,NA-->MK,NA-->MK,NA-->MK,NA-->MK,NA-->MK,NA-->MK,NA-->MK,NA-->MK,NA-->MK,NA-->MK,NA-->MK,NA-->MK,NA-->MK,NA-->MK
MG,MDG,Madagascar,Antananarivo,Africa,Eastern Africa,,MG-->NA,MG-->NA,MG-->NA,MG-->NA,MG-->NA,MG-->NA,MG-->NA,MG-->NA,MG-->NA,MG-->NA,MG-->NA,MG-->NA,MG-->NA,MG-->NA,MG-->NA,MG-->NA,MG-->NA,MG-->NA,MG-->NA,,,,,,,,,,,,,,,,,NA-->MG,NA-->MG,NA-->MG,NA-->MG,NA-->MG,NA-->MG,NA-->MG,NA-->MG,NA-->MG,NA-->MG,NA-->MG,NA-->MG,NA-->MG,NA-->MG,NA-->MG,NA-->MG,NA-->MG,NA-->MG,NA-->MG
MW,MWI,Malawi,Lilongwe,Africa,Eastern Africa,,MW-->NA,MW-->NA,MW-->NA,MW-->NA,MW-->NA,MW-->NA,MW-->NA,MW-->NA,MW-->NA,MW-->NA,MW-->NA,MW-->NA,MW-->NA,MW-->NA,MW-->NA,MW-->NA,MW-->NA,MW-->NA,MW-->NA,,,,,,,,,,,,,,,,,NA-->MW,NA-->MW,NA-->MW,NA-->MW,NA-->MW,NA-->MW,NA-->MW,NA-->MW,NA-->MW,NA-->MW,NA-->MW,NA-->MW,NA-->MW,NA-->MW,NA-->MW,NA-->MW,NA-->MW,NA-->MW,NA-->MW
MY,MYS,Malaysia,Kuala Lumpur,Asia,South-Eastern Asia,,MY-->NA,MY-->NA,MY-->NA,MY-->NA,MY-->NA,MY-->NA,MY-->NA,MY-->NA,MY-->NA,MY-->NA,MY-->NA,MY-->NA,MY-->NA,MY-->NA,MY-->NA,MY-->NA,MY-->NA,MY-->NA,MY-->NA,,,,,,,,,,,,,,,,,NA-->MY,NA-->MY,NA-->MY,NA-->MY,NA-->MY,NA-->MY,NA-->MY,NA-->MY,NA-->MY,NA-->MY,NA-->MY,NA-->MY,NA-->MY,NA-->MY,NA-->MY,NA-->MY,NA-->MY,NA-->MY,NA-->MY
MV,MDV,Maldives,Malé,Asia,Southern Asia,,MV-->NA,MV-->NA,MV-->NA,MV-->NA,MV-->NA,MV-->NA,MV-->NA,MV-->NA,MV-->NA,MV-->NA,MV-->NA,MV-->NA,MV-->NA,MV-->NA,MV-->NA,MV-->NA,MV-->NA,MV-->NA,MV-->NA,,,,,,,,,,,,,,,,,NA-->MV,NA-->MV,NA-->MV,NA-->MV,NA-->MV,NA-->MV,NA-->MV,NA-->MV,NA-->MV,NA-->MV,NA-->MV,NA-->MV,NA-->MV,NA-->MV,NA-->MV,NA-->MV,NA-->MV,NA-->MV,NA-->MV
ML,MLI,Mali,Bamako,Africa,Western Africa,,ML-->NA,ML-->NA,ML-->NA,ML-->NA,ML-->NA,ML-->NA,ML-->NA,ML-->NA,ML-->NA,ML-->NA,ML-->NA,ML-->NA,ML-->NA,ML-->NA,ML-->NA,ML-->NA,ML-->NA,ML-->NA,ML-->NA,,,,,,,,,,,,,,,,,NA-->ML,NA-->ML,NA-->ML,NA-->ML,NA-->ML,NA-->ML,NA-->ML,NA-->ML,NA-->ML,NA-->ML,NA-->ML,NA-->ML,NA-->ML,NA-->ML,NA-->ML,NA-->ML,NA-->ML,NA-->ML,NA-->ML
MT,MLT,Malta,Valletta,Europe,Southern Europe,,MT-->NA,MT-->NA,MT-->NA,MT-->NA,MT-->NA,MT-->NA,MT-->NA,MT-->NA,MT-->NA,MT-->NA,MT-->NA,MT-->NA,MT-->NA,MT-->NA,MT-->NA,MT-->NA,MT-->NA,MT-->NA,MT-->NA,,,,,,,,,,,,,,,,,NA-->MT,NA-->MT,NA-->MT,NA-->MT,NA-->MT,NA-->MT,NA-->MT,NA-->MT,NA-->MT,NA-->MT,NA-->MT,NA-->MT,NA-->MT,NA-->MT,NA-->MT,NA-->MT,NA-->MT,NA-->MT,NA-->MT
MH,MHL,Marshall Islands,Majuro,Oceania,Micronesia,,MH-->NA,MH-->NA,MH-->NA,MH-->NA,MH-->NA,MH-->NA,MH-->NA,MH-->NA,MH-->NA,MH-->NA,MH-->NA,MH-->NA,MH-->NA,MH-->NA,MH-->NA,MH-->NA,MH-->NA,MH-->NA,MH-->NA,,,,,,,,,,,,,,,,,NA-->MH,NA-->MH,NA-->MH,NA-->MH,NA-->MH,NA-->MH,NA-->MH,NA-->MH,NA-->MH,NA-->MH,NA-->MH,NA-->MH,NA-->MH,NA-->MH,NA-->MH,NA-->MH,NA-->MH,NA-->MH,NA-->MH
MQ,MTQ,Martinique,Fort-de-France,Americas,Caribbean,,MQ-->NA,MQ-->NA,MQ-->NA,MQ-->NA,MQ-->NA,MQ-->NA,MQ-->NA,MQ-->NA,MQ-->NA,MQ-->NA,MQ-->NA,MQ-->NA,MQ-->NA,MQ-->NA,MQ-->NA,MQ-->NA,MQ-->NA,MQ-->NA,MQ-->NA,,,,,,,,,,,,,,,,,NA-->MQ,NA-->MQ,NA-->MQ,NA-->MQ,NA-->MQ,NA-->MQ,NA-->MQ,NA-->MQ,NA-->MQ,NA-->MQ,NA-->MQ,NA-->MQ,NA-->MQ,NA-->MQ,NA-->MQ,NA-->MQ,NA-->MQ,NA-->MQ,NA-->MQ
MR,MRT,Mauritania,Nouakchott,Africa,Western Africa,,MR-->NA,MR-->NA,MR-->NA,MR-->NA,MR-->NA,MR-->NA,MR-->NA,MR-->NA,MR-->NA,MR-->NA,MR-->NA,MR-->NA,MR-->NA,MR-->NA,MR-->NA,MR-->NA,MR-->NA,MR-->NA,MR-->NA,0.0,,,,,,,,,,,,,,,,NA-->MR,NA-->MR,NA-->MR,NA-->MR,NA-->MR,NA-->MR,NA-->MR,NA-->MR,NA-->MR,NA-->MR,NA-->MR,NA-->MR,NA-->MR,NA-->MR,NA-->MR,NA-->MR,NA-->MR,NA-->MR,NA-->MR
MU,MUS,Mauritius,Port Louis,Africa,Eastern Africa,,MU-->NA,MU-->NA,MU-->NA,MU-->NA,MU-->NA,MU-->NA,MU-->NA,MU-->NA,MU-->NA,MU-->NA,MU-->NA,MU-->NA,MU-->NA,MU-->NA,MU-->NA,MU-->NA,MU-->NA,MU-->NA,MU-->NA,,,,,,,,,,,,,,,,,NA-->MU,NA-->MU,NA-->MU,NA-->MU,NA-->MU,NA-->MU,NA-->MU,NA-->MU,NA-->MU,NA-->MU,NA-->MU,NA-->MU,NA-->MU,NA-->MU,NA-->MU,NA-->MU,NA-->MU,NA-->MU,NA-->MU
YT,MYT,Mayotte,Mamoudzou,Africa,Eastern Africa,,YT-->NA,YT-->NA,YT-->NA,YT-->NA,YT-->NA,YT-->NA,YT-->NA,YT-->NA,YT-->NA,YT-->NA,YT-->NA,YT-->NA,YT-->NA,YT-->NA,YT-->NA,YT-->NA,YT-->NA,YT-->NA,YT-->NA,,,,,,,,,,,,,,,,,NA-->YT,NA-->YT,NA-->YT,NA-->YT,NA-->YT,NA-->YT,NA-->YT,NA-->YT,NA-->YT,NA-->YT,NA-->YT,NA-->YT,NA-->YT,NA-->YT,NA-->YT,NA-->YT,NA-->YT,NA-->YT,NA-->YT
MX,MEX,Mexico,Mexico City,Americas,Central America,,MX-->NA,MX-->NA,MX-->NA,MX-->NA,MX-->NA,MX-->NA,MX-->NA,MX-->NA,MX-->NA,MX-->NA,MX-->NA,MX-->NA,MX-->NA,MX-->NA,MX-->NA,MX-->NA,MX-->NA,MX-->NA,MX-->NA,,,,,,,,,,,,,,,,,NA-->MX,NA-->MX,NA-->MX,NA-->MX,NA-->MX,NA-->MX,NA-->MX,NA-->MX,NA-->MX,NA-->MX,NA-->MX,NA-->MX,NA-->MX,NA-->MX,NA-->MX,NA-->MX,NA-->MX,NA-->MX,NA-->MX
FM,FSM,Federated States of Micronesia,Palikir,Oceania,Micronesia,,FM-->NA,FM-->NA,FM-->NA,FM-->NA,FM-->NA,FM-->NA,FM-->NA,FM-->NA,FM-->NA,FM-->NA,FM-->NA,FM-->NA,FM-->NA,FM-->NA,FM-->NA,FM-->NA,FM-->NA,FM-->NA,FM-->NA,,,,,,,,,,,,,,,,,NA-->FM,NA-->FM,NA-->FM,NA-->FM,NA-->FM,NA-->FM,NA-->FM,NA-->FM,NA-->FM,NA-->FM,NA-->FM,NA-->FM,NA-->FM,NA-->FM,NA-->FM,NA-->FM,NA-->FM,NA-->FM,NA-->FM
MD,MDA,Moldova,Chișinău,Europe,Eastern Europe,,MD-->NA,MD-->NA,MD-->NA,MD-->NA,MD-->NA,MD-->NA,MD-->NA,MD-->NA,MD-->NA,MD-->NA,MD-->NA,MD-->NA,MD-->NA,MD-->NA,MD-->NA,MD-->NA,MD-->NA,MD-->NA,MD-->NA,,,,,,,,,,,,,,,,,NA-->MD,NA-->MD,NA-->MD,NA-->MD,NA-->MD,NA-->MD,NA-->MD,NA-->MD,NA-->MD,NA-->MD,NA-->MD,NA-->MD,NA-->MD,NA-->MD,NA-->MD,NA-->MD,NA-->MD,NA-->MD,NA-->MD
MC,MCO,Monaco,Monaco,Europe,Western Europe,,MC-->NA,MC-->NA,MC-->NA,MC-->NA,MC-->NA,MC-->NA,MC-->NA,MC-->NA,MC-->NA,MC-->NA,MC-->NA,MC-->NA,MC-->NA,MC-->NA,MC-->NA,MC-->NA,MC-->NA,MC-->NA,MC-->NA,,,,,,,,,,,,,,,,,NA-->MC,NA-->MC,NA-->MC,NA-->MC,NA-->MC,NA-->MC,NA-->MC,NA-->MC,NA-->MC,NA-->MC,NA-->MC,NA-->MC,NA-->MC,NA-->MC,NA-->MC,NA-->MC,NA-->MC,NA-->MC,NA-->MC
MN,MNG,Mongolia,Ulan Bator,Asia,Eastern Asia,,MN-->NA,MN-->NA,MN-->NA,MN-->NA,MN-->NA,MN-->NA,MN-->NA,MN-->NA,MN-->NA,MN-->NA,MN-->NA,MN-->NA,MN-->NA,MN-->NA,MN-->NA,MN-->NA,MN-->NA,MN-->NA,MN-->NA,,,,,,,,,,,,,,,,,NA-->MN,NA-->MN,NA-->MN,NA-->MN,NA-->MN,NA-->MN,NA-->MN,NA-->MN,NA-->MN,NA-->MN,NA-->MN,NA-->MN,NA-->MN,NA-->MN,NA-->MN,NA-->MN,NA-->MN,NA-->MN,NA-->MN
ME,MNE,Montenegro,Podgorica,Europe,Southern Europe,,ME-->NA,ME-->NA,ME-->NA,ME-->NA,ME-->NA,ME-->NA,ME-->NA,ME-->NA,ME-->NA,ME-->NA,ME-->NA,ME-->NA,ME-->NA,ME-->NA,ME-->NA,ME-->NA,ME-->NA,ME-->NA,ME-->NA,,,,,,,,,,,,,,,,,NA-->ME,NA-->ME,NA-->ME,NA-->ME,NA-->ME,NA-->ME,NA-->ME,NA-->ME,NA-->ME,NA-->ME,NA-->ME,NA-->ME,NA-->ME,NA-->ME,NA-->ME,NA-->ME,NA-->ME,NA-->ME,NA-->ME
MS,MSR,Montserrat,Plymouth,Americas,Caribbean,,MS-->NA,MS-->NA,MS-->NA,MS-->NA,MS-->NA,MS-->NA,MS-->NA,MS-->NA,MS-->NA,MS-->NA,MS-->NA,MS-->NA,MS-->NA,MS-->NA,MS-->NA,MS-->NA,MS-->NA,MS-->NA,MS-->NA,,,,,,,,,,,,,,,,,NA-->MS,NA-->MS,NA-->MS,NA-->MS,NA-->MS,NA-->MS,NA-->MS,NA-->MS,NA-->MS,NA-->MS,NA-->MS,NA-->MS,NA-->MS,NA-->MS,NA-->MS,NA-->MS,NA-->MS,NA-->MS,NA-->MS
MA,MAR,Morocco,Rabat,Africa,Northern Africa,,MA-->NA,MA-->NA,MA-->NA,MA-->NA,MA-->NA,MA-->NA,MA-->NA,MA-->NA,MA-->NA,MA-->NA,MA-->NA,MA-->NA,MA-->NA,MA-->NA,MA-->NA,MA-->NA,MA-->NA,MA-->NA,MA-->NA,,,,,,,,,,,,,,,,,NA-->MA,NA-->MA,NA-->MA,NA-->MA,NA-->MA,NA-->MA,NA-->MA,NA-->MA,NA-->MA,NA-->MA,NA-->MA,NA-->MA,NA-->MA,NA-->MA,NA-->MA,NA-->MA,NA-->MA,NA-->MA,NA-->MA
MZ,MOZ,Mozambique,Maputo,Africa,Eastern Africa,,MZ-->NA,MZ-->NA,MZ-->NA,MZ-->NA,MZ-->NA,MZ-->NA,MZ-->NA,MZ-->NA,MZ-->NA,MZ-->NA,MZ-->NA,MZ-->NA,MZ-->NA,MZ-->NA,MZ-->NA,MZ-->NA,MZ-->NA,MZ-->NA,MZ-->NA,,,,,,,,,,,,,,,,,NA-->MZ,NA-->MZ,NA-->MZ,NA-->MZ,NA-->MZ,NA-->MZ,NA-->MZ,NA-->MZ,NA-->MZ,NA-->MZ,NA-->MZ,NA-->MZ,NA-->MZ,NA-->MZ,NA-->MZ,NA-->MZ,NA-->MZ,NA-->MZ,NA-->MZ
MM,MMR,Myanmar,Naypyidaw,Asia,South-Eastern Asia,,MM-->NA,MM-->NA,MM-->NA,MM-->NA,MM-->NA,MM-->NA,MM-->NA,MM-->NA,MM-->NA,MM-->NA,MM-->NA,MM-->NA,MM-->NA,MM-->NA,MM-->NA,MM-->NA,MM-->NA,MM-->NA,MM-->NA,,,,,,,,,,,,,,,,,NA-->MM,NA-->MM,NA-->MM,NA-->MM,NA-->MM,NA-->MM,NA-->MM,NA-->MM,NA-->MM,NA-->MM,NA-->MM,NA-->MM,NA-->MM,NA-->MM,NA-->MM,NA-->MM,NA-->MM,NA-->MM,NA-->MM
,NAM,Namibia,Windhoek,Africa,Southern Africa,,NA-->NA,NA-->NA,NA-->NA,NA-->NA,NA-->NA,NA-->NA,NA-->NA,NA-->NA,NA-->NA,NA-->NA,NA-->NA,NA-->NA,NA-->NA,NA-->NA,NA-->NA,NA-->NA,NA-->NA,NA-->NA,NA-->NA,,,,,,,,,,,,,,,,,NA-->NA,NA-->NA,NA-->NA,NA-->NA,NA-->NA,NA-->NA,NA-->NA,NA-->NA,NA-->NA,NA-->NA,NA-->NA,NA-->NA,NA-->NA,NA-->NA,NA-->NA,NA-->NA,NA-->NA,NA-->NA,NA-->NA
NR,NRU,Nauru,Yaren,Oceania,Micronesia,,NR-->NA,NR-->NA,NR-->NA,NR-->NA,NR-->NA,NR-->NA,NR-->NA,NR-->NA,NR-->NA,NR-->NA,NR-->NA,NR-->NA,NR-->NA,NR-->NA,NR-->NA,NR-->NA,NR-->NA,NR-->NA,NR-->NA,,,,,,,,,,,,,,,,,NA-->NR,NA-->NR,NA-->NR,NA-->NR,NA-->NR,NA-->NR,NA-->NR,NA-->NR,NA-->NR,NA-->NR,NA-->NR,NA-->NR,NA-->NR,NA-->NR,NA-->NR,NA-->NR,NA-->NR,NA-->NR,NA-->NR
NP,NPL,Nepal,Kathmandu,Asia,Southern Asia,,NP-->NA,NP-->NA,NP-->NA,NP-->NA,NP-->NA,NP-->NA,NP-->NA,NP-->NA,NP-->NA,NP-->NA,NP-->NA,NP-->NA,NP-->NA,NP-->NA,NP-->NA,NP-->NA,NP-->NA,NP-->NA,NP-->NA,,,,,,,,,,,,,,,,,NA-->NP,NA-->NP,NA-->NP,NA-->NP,NA-->NP,NA-->NP,NA-->NP,NA-->NP,NA-->NP,NA-->NP,NA-->NP,NA-->NP,NA-->NP,NA-->NP,NA-->NP,NA-->NP,NA-->NP,NA-->NP,NA-->NP
NL,NLD,Netherlands,Amsterdam,Europe,Western Europe,,NL-->NA,NL-->NA,NL-->NA,NL-->NA,NL-->NA,NL-->NA,NL-->NA,NL-->NA,NL-->NA,NL-->NA,NL-->NA,NL-->NA,NL-->NA,NL-->NA,NL-->NA,NL-->NA,NL-->NA,NL-->NA,NL-->NA,,,,,,,,,,,,,,,,,NA-->NL,NA-->NL,NA-->NL,NA-->NL,NA-->NL,NA-->NL,NA-->NL,NA-->NL,NA-->NL,NA-->NL,NA-->NL,NA-->NL,NA-->NL,NA-->NL,NA-->NL,NA-->NL,NA-->NL,NA-->NL,NA-->NL
NC,NCL,New Caledonia,Nouméa,Oceania,Melanesia,,NC-->NA,NC-->NA,NC-->NA,NC-->NA,NC-->NA,NC-->NA,NC-->NA,NC-->NA,NC-->NA,NC-->NA,NC-->NA,NC-->NA,NC-->NA,NC-->NA,NC-->NA,NC-->NA,NC-->NA,NC-->NA,NC-->NA,,,,,,,,,,,,,,,,,NA-->NC,NA-->NC,NA-->NC,NA-->NC,NA-->NC,NA-->NC,NA-->NC,NA-->NC,NA-->NC,NA-->NC,NA-->NC,NA-->NC,NA-->NC,NA-->NC,NA-->NC,NA-->NC,NA-->NC,NA-->NC,NA-->NC
NZ,NZL,New Zealand,Wellington,Oceania,Australia and New Zealand,,NZ-->NA,NZ-->NA,NZ-->NA,NZ-->NA,NZ-->NA,NZ-->NA,NZ-->NA,NZ-->NA,NZ-->NA,NZ-->NA,NZ-->NA,NZ-->NA,NZ-->NA,NZ-->NA,NZ-->NA,NZ-->NA,NZ-->NA,NZ-->NA,NZ-->NA,,,,,,,,,,,,,,,,,NA-->NZ,NA-->NZ,NA-->NZ,NA-->NZ,NA-->NZ,NA-->NZ,NA-->NZ,NA-->NZ,NA-->NZ,NA-->NZ,NA-->NZ,NA-->NZ,NA-->NZ,NA-->NZ,NA-->NZ,NA-->NZ,NA-->NZ,NA-->NZ,NA-->NZ
NI,NIC,Nicaragua,Managua,Americas,Central America,,NI-->NA,NI-->NA,NI-->NA,NI-->NA,NI-->NA,NI-->NA,NI-->NA,NI-->NA,NI-->NA,NI-->NA,NI-->NA,NI-->NA,NI-->NA,NI-->NA,NI-->NA,NI-->NA,NI-->NA,NI-->NA,NI-->NA,,,,,,,,,,,,,,,,,NA-->NI,NA-->NI,NA-->NI,NA-->NI,NA-->NI,NA-->NI,NA-->NI,NA-->NI,NA-->NI,NA-->NI,NA-->NI,NA-->NI,NA-->NI,NA-->NI,NA-->NI,NA-->NI,NA-->NI,NA-->NI,NA-->NI
NE,NER,Niger,Niamey,Africa,Western Africa,,NE-->NA,NE-->NA,NE-->NA,NE-->NA,NE-->NA,NE-->NA,NE-->NA,NE-->NA,NE-->NA,NE-->NA,NE-->NA,NE-->NA,NE-->NA,NE-->NA,NE-->NA,NE-->NA,NE-->NA,NE-->NA,NE-->NA,,,,,,,,,,,,,,,,,NA-->NE,NA-->NE,NA-->NE,NA-->NE,NA-->NE,NA-->NE,NA-->NE,NA-->NE,NA-->NE,NA-->NE,NA-->NE,NA-->NE,NA-->NE,NA-->NE,NA-->NE,NA-->NE,NA-->NE,NA-->NE,NA-->NE
NG,NGA,Nigeria,Abuja,Africa,Western Africa,,NG-->NA,NG-->NA,NG-->NA,NG-->NA,NG-->NA,NG-->NA,NG-->NA,NG-->NA,NG-->NA,NG-->NA,NG-->NA,NG-->NA,NG-->NA,NG-->NA,NG-->NA,NG-->NA,NG-->NA,NG-->NA,NG-->NA,,,,,,,,,,,,,,,,,NA-->NG,NA-->NG,NA-->NG,NA-->NG,NA-->NG,NA-->NG,NA-->NG,NA-->NG,NA-->NG,NA-->NG,NA-->NG,NA-->NG,NA-->NG,NA-->NG,NA-->NG,NA-->NG,NA-->NG,NA-->NG,NA-->NG
NU,NIU,Niue,Alofi,Oceania,Polynesia,,NU-->NA,NU-->NA,NU-->NA,NU-->NA,NU-->NA,NU-->NA,NU-->NA,NU-->NA,NU-->NA,NU-->NA,NU-->NA,NU-->NA,NU-->NA,NU-->NA,NU-->NA,NU-->NA,NU-->NA,NU-->NA,NU-->NA,,,,,,,,,,,,,,,,,NA-->NU,NA-->NU,NA-->NU,NA-->NU,NA-->NU,NA-->NU,NA-->NU,NA-->NU,NA-->NU,NA-->NU,NA-->NU,NA-->NU,NA-->NU,NA-->NU,NA-->NU,NA-->NU,NA-->NU,NA-->NU,NA-->NU
NF,NFK,Norfolk Island,Kingston,Oceania,Australia and New Zealand,,NF-->NA,NF-->NA,NF-->NA,NF-->NA,NF-->NA,NF-->NA,NF-->NA,NF-->NA,NF-->NA,NF-->NA,NF-->NA,NF-->NA,NF-->NA,NF-->NA,NF-->NA,NF-->NA,NF-->NA,NF-->NA,NF-->NA,,,,,,,,,,,,,,,,,NA-->NF,NA-->NF,NA-->NF,NA-->NF,NA-->NF,NA-->NF,NA-->NF,NA-->NF,NA-->NF,NA-->NF,NA-->NF,NA-->NF,NA-->NF,NA-->NF,NA-->NF,NA-->NF,NA-->NF,NA-->NF,NA-->NF
KP,PRK,North Korea,Pyongyang,Asia,Eastern Asia,,KP-->NA,KP-->NA,KP-->NA,KP-->NA,KP-->NA,KP-->NA,KP-->NA,KP-->NA,KP-->NA,KP-->NA,KP-->NA,KP-->NA,KP-->NA,KP-->NA,KP-->NA,KP-->NA,KP-->NA,KP-->NA,KP-->NA,,,,,,,,,,,,,,,,,NA-->KP,NA-->KP,NA-->KP,NA-->KP,NA-->KP,NA-->KP,NA-->KP,NA-->KP,NA-->KP,NA-->KP,NA-->KP,NA-->KP,NA-->KP,NA-->KP,NA-->KP,NA-->KP,NA-->KP,NA-->KP,NA-->KP
MP,MNP,Northern Mariana Islands,Saipan,Oceania,Micronesia,,MP-->NA,MP-->NA,MP-->NA,MP-->NA,MP-->NA,MP-->NA,MP-->NA,MP-->NA,MP-->NA,MP-->NA,MP-->NA,MP-->NA,MP-->NA,MP-->NA,MP-->NA,MP-->NA,MP-->NA,MP-->NA,MP-->NA,,,,,,,,,,,,,,,,,NA-->MP,NA-->MP,NA-->MP,NA-->MP,NA-->MP,NA-->MP,NA-->MP,NA-->MP,NA-->MP,NA-->MP,NA-->MP,NA-->MP,NA-->MP,NA-->MP,NA-->MP,NA-->MP,NA-->MP,NA-->MP,NA-->MP
NO,NOR,Norway,Oslo,Europe,Northern Europe,,NO-->NA,NO-->NA,NO-->NA,NO-->NA,NO-->NA,NO-->NA,NO-->NA,NO-->NA,NO-->NA,NO-->NA,NO-->NA,NO-->NA,NO-->NA,NO-->NA,NO-->NA,NO-->NA,NO-->NA,NO-->NA,NO-->NA,,,,,,,,,,,,,,,,,NA-->NO,NA-->NO,NA-->NO,NA-->NO,NA-->NO,NA-->NO,NA-->NO,NA-->NO,NA-->NO,NA-->NO,NA-->NO,NA-->NO,NA-->NO,NA-->NO,NA-->NO,NA-->NO,NA-->NO,NA-->NO,NA-->NO
OM,OMN,Oman,Muscat,Asia,Western Asia,,OM-->NA,OM-->NA,OM-->NA,OM-->NA,OM-->NA,OM-->NA,OM-->NA,OM-->NA,OM-->NA,OM-->NA,OM-->NA,OM-->NA,OM-->NA,OM-->NA,OM-->NA,OM-->NA,OM-->NA,OM-->NA,OM-->NA,,,,,,,,,,,,,,,,,NA-->OM,NA-->OM,NA-->OM,NA-->OM,NA-->OM,NA-->OM,NA-->OM,NA-->OM,NA-->OM,NA-->OM,NA-->OM,NA-->OM,NA-->OM,NA-->OM,NA-->OM,NA-->OM,NA-->OM,NA-->OM,NA-->OM
PK,PAK,Pakistan,Islamabad,Asia,Southern Asia,,PK-->NA,PK-->NA,PK-->NA,PK-->NA,PK-->NA,PK-->NA,PK-->NA,PK-->NA,PK-->NA,PK-->NA,PK-->NA,PK-->NA,PK-->NA,PK-->NA,PK-->NA,PK-->NA,PK-->NA,PK-->NA,PK-->NA,,,,,,,,,,,,,,,,,NA-->PK,NA-->PK,NA-->PK,NA-->PK,NA-->PK,NA-->PK,NA-->PK,NA-->PK,NA-->PK,NA-->PK,NA-->PK,NA-->PK,NA-->PK,NA-->PK,NA-->PK,NA-->PK,NA-->PK,NA-->PK,NA-->PK
PW,PLW,Palau,Ngerulmud,Oceania,Micronesia,,PW-->NA,PW-->NA,PW-->NA,PW-->NA,PW-->NA,PW-->NA,PW-->NA,PW-->NA,PW-->NA,PW-->NA,PW-->NA,PW-->NA,PW-->NA,PW-->NA,PW-->NA,PW-->NA,PW-->NA,PW-->NA,PW-->NA,,,,,,,,,,,,,,,,,NA-->PW,NA-->PW,NA-->PW,NA-->PW,NA-->PW,NA-->PW,NA-->PW,NA-->PW,NA-->PW,NA-->PW,NA-->PW,NA-->PW,NA-->PW,NA-->PW,NA-->PW,NA-->PW,NA-->PW,NA-->PW,NA-->PW
PS,PSE,Palestine,Ramallah,Asia,Western Asia,,PS-->NA,PS-->NA,PS-->NA,PS-->NA,PS-->NA,PS-->NA,PS-->NA,PS-->NA,PS-->NA,PS-->NA,PS-->NA,PS-->NA,PS-->NA,PS-->NA,PS-->NA,PS-->NA,PS-->NA,PS-->NA,PS-->NA,,,,,,,,,,,,,,,,,NA-->PS,NA-->PS,NA-->PS,NA-->PS,NA-->PS,NA-->PS,NA-->PS,NA-->PS,NA-->PS,NA-->PS,NA-->PS,NA-->PS,NA-->PS,NA-->PS,NA-->PS,NA-->PS,NA-->PS,NA-->PS,NA-->PS
PA,PAN,Panama,Panama City,Americas,Central America,,PA-->NA,PA-->NA,PA-->NA,PA-->NA,PA-->NA,PA-->NA,PA-->NA,PA-->NA,PA-->NA,PA-->NA,PA-->NA,PA-->NA,PA-->NA,PA-->NA,PA-->NA,PA-->NA,PA-->NA,PA-->NA,PA-->NA,,,,,,,,,,,,,,,,,NA-->PA,NA-->PA,NA-->PA,NA-->PA,NA-->PA,NA-->PA,NA-->PA,NA-->PA,NA-->PA,NA-->PA,NA-->PA,NA-->PA,NA-->PA,NA-->PA,NA-->PA,NA-->PA,NA-->PA,NA-->PA,NA-->PA
PG,PNG,Papua New Guinea,Port Moresby,Oceania,Melanesia,,PG-->NA,PG-->NA,PG-->NA,PG-->NA,PG-->NA,PG-->NA,PG-->NA,PG-->NA,PG-->NA,PG-->NA,PG-->NA,PG-->NA,PG-->NA,PG-->NA,PG-->NA,PG-->NA,PG-->NA,PG-->NA,PG-->NA,,,,,,,,,,,,,,,,,NA-->PG,NA-->PG,NA-->PG,NA-->PG,NA-->PG,NA-->PG,NA-->PG,NA-->PG,NA-->PG,NA-->PG,NA-->PG,NA-->PG,NA-->PG,NA-->PG,NA-->PG,NA-->PG,NA-->PG,NA-->PG,NA-->PG
PY,PRY,Paraguay,Asunción,Americas,South America,,PY-->NA,PY-->NA,PY-->NA,PY-->NA,PY-->NA,PY-->NA,PY-->NA,PY-->NA,PY-->NA,PY-->NA,PY-->NA,PY-->NA,PY-->NA,PY-->NA,PY-->NA,PY-->NA,PY-->NA,PY-->NA,PY-->NA,,,,,,,,,,,,,,,,,NA-->PY,NA-->PY,NA-->PY,NA-->PY,NA-->PY,NA-->PY,NA-->PY,NA-->PY,NA-->PY,NA-->PY,NA-->PY,NA-->PY,NA-->PY,NA-->PY,NA-->PY,NA-->PY,NA-->PY,NA-->PY,NA-->PY
PE,PER,Peru,Lima,Americas,South America,,PE-->NA,PE-->NA,PE-->NA,PE-->NA,PE-->NA,PE-->NA,PE-->NA,PE-->NA,PE-->NA,PE-->NA,PE-->NA,PE-->NA,PE-->NA,PE-->NA,PE-->NA,PE-->NA,PE-->NA,PE-->NA,PE-->NA,,,,,,,,,,,,,,,,,NA-->PE,NA-->PE,NA-->PE,NA-->PE,NA-->PE,NA-->PE,NA-->PE,NA-->PE,NA-->PE,NA-->PE,NA-->PE,NA-->PE,NA-->PE,NA-->PE,NA-->PE,NA-->PE,NA-->PE,NA-->PE,NA-->PE
PH,PHL,Philippines,Manila,Asia,South-Eastern Asia,,PH-->NA,PH-->NA,PH-->NA,PH-->NA,PH-->NA,PH-->NA,PH-->NA,PH-->NA,PH-->NA,PH-->NA,PH-->NA,PH-->NA,PH-->NA,PH-->NA,PH-->NA,PH-->NA,PH-->NA,PH-->NA,PH-->NA,,,,,,,,,,,,,,,,,NA-->PH,NA-->PH,NA-->PH,NA-->PH,NA-->PH,NA-->PH,NA-->PH,NA-->PH,NA-->PH,NA-->PH,NA-->PH,NA-->PH,NA-->PH,NA-->PH,NA-->PH,NA-->PH,NA-->PH,NA-->PH,NA-->PH
PN,PCN,Pitcairn Islands,Adamstown,Oceania,Polynesia,,PN-->NA,PN-->NA,PN-->NA,PN-->NA,PN-->NA,PN-->NA,PN-->NA,PN-->NA,PN-->NA,PN-->NA,PN-->NA,PN-->NA,PN-->NA,PN-->NA,PN-->NA,PN-->NA,PN-->NA,PN-->NA,PN-->NA,,,,,,,,,,,,,,,,,NA-->PN,NA-->PN,NA-->PN,NA-->PN,NA-->PN,NA-->PN,NA-->PN,NA-->PN,NA-->PN,NA-->PN,NA-->PN,NA-->PN,NA-->PN,NA-->PN,NA-->PN,NA-->PN,NA-->PN,NA-->PN,NA-->PN
PL,POL,Poland,Warsaw,Europe,Eastern Europe,,PL-->NA,PL-->NA,PL-->NA,PL-->NA,PL-->NA,PL-->NA,PL-->NA,PL-->NA,PL-->NA,PL-->NA,PL-->NA,PL-->NA,PL-->NA,PL-->NA,PL-->NA,PL-->NA,PL-->NA,PL-->NA,PL-->NA,,,,,,,,,,,,,,,,,NA-->PL,NA-->PL,NA-->PL,NA-->PL,NA-->PL,NA-->PL,NA-->PL,NA-->PL,NA-->PL,NA-->PL,NA-->PL,NA-->PL,NA-->PL,NA-->PL,NA-->PL,NA-->PL,NA-->PL,NA-->PL,NA-->PL
PT,PRT,Portugal,Lisbon,Europe,Southern Europe,,PT-->NA,PT-->NA,PT-->NA,PT-->NA,PT-->NA,PT-->NA,PT-->NA,PT-->NA,PT-->NA,PT-->NA,PT-->NA,PT-->NA,PT-->NA,PT-->NA,PT-->NA,PT-->NA,PT-->NA,PT-->NA,PT-->NA,,,,,,,,,,,,,,,,,NA-->PT,NA-->PT,NA-->PT,NA-->PT,NA-->PT,NA-->PT,NA-->PT,NA-->PT,NA-->PT,NA-->PT,NA-->PT,NA-->PT,NA-->PT,NA-->PT,NA-->PT,NA-->PT,NA-->PT,NA-->PT,NA-->PT
PR,PRI,Puerto Rico,San Juan,Americas,Caribbean,,PR-->NA,PR-->NA,PR-->NA,PR-->NA,PR-->NA,PR-->NA,PR-->NA,PR-->NA,PR-->NA,PR-->NA,PR-->NA,PR-->NA,PR-->NA,PR-->NA,PR-->NA,PR-->NA,PR-->NA,PR-->NA,PR-->NA,,,,,,,,,,,,,,,,,NA-->PR,NA-->PR,NA-->PR,NA-->PR,NA-->PR,NA-->PR,NA-->PR,NA-->PR,NA-->PR,NA-->PR,NA-->PR,NA-->PR,NA-->PR,NA-->PR,NA-->PR,NA-->PR,NA-->PR,NA-->PR,NA-->PR
QA,QAT,Qatar,Doha,Asia,Western Asia,,QA-->NA,QA-->NA,QA-->NA,QA-->NA,QA-->NA,QA-->NA,QA-->NA,QA-->NA,QA-->NA,QA-->NA,QA-->NA,QA-->NA,QA-->NA,QA-->NA,QA-->NA,QA-->NA,QA-->NA,QA-->NA,QA-->NA,,,,,,,,,,,,,,,,,NA-->QA,NA-->QA,NA-->QA,NA-->QA,NA-->QA,NA-->QA,NA-->QA,NA-->QA,NA-->QA,NA-->QA,NA-->QA,NA-->QA,NA-->QA,NA-->QA,NA-->QA,NA-->QA,NA-->QA,NA-->QA,NA-->QA
XK,KOS,Republic of Kosovo,Pristina,Europe,Eastern Europe,,XK-->NA,XK-->NA,XK-->NA,XK-->NA,XK-->NA,XK-->NA,XK-->NA,XK-->NA,XK-->NA,XK-->NA,XK-->NA,XK-->NA,XK-->NA,XK-->NA,XK-->NA,XK-->NA,XK-->NA,XK-->NA,XK-->NA,,,,,,,,,,,,,,,,,NA-->XK,NA-->XK,NA-->XK,NA-->XK,NA-->XK,NA-->XK,NA-->XK,NA-->XK,NA-->XK,NA-->XK,NA-->XK,NA-->XK,NA-->XK,NA-->XK,NA-->XK,NA-->XK,NA-->XK,NA-->XK,NA-->XK
RE,REU,Réunion,Saint-Denis,Africa,Eastern Africa,,RE-->NA,RE-->NA,RE-->NA,RE-->NA,RE-->NA,RE-->NA,RE-->NA,RE-->NA,RE-->NA,RE-->NA,RE-->NA,RE-->NA,RE-->NA,RE-->NA,RE-->NA,RE-->NA,RE-->NA,RE-->NA,RE-->NA,,,,,,,,,,,,,,,,,NA-->RE,NA-->RE,NA-->RE,NA-->RE,NA-->RE,NA-->RE,NA-->RE,NA-->RE,NA-->RE,NA-->RE,NA-->RE,NA-->RE,NA-->RE,NA-->RE,NA-->RE,NA-->RE,NA-->RE,NA-->RE,NA-->RE
RO,ROU,Romania,Bucharest,Europe,Eastern Europe,,RO-->NA,RO-->NA,RO-->NA,RO-->NA,RO-->NA,RO-->NA,RO-->NA,RO-->NA,RO-->NA,RO-->NA,RO-->NA,RO-->NA,RO-->NA,RO-->NA,RO-->NA,RO-->NA,RO-->NA,RO-->NA,RO-->NA,,,,,,,,,,,,,,,,,NA-->RO,NA-->RO,NA-->RO,NA-->RO,NA-->RO,NA-->RO,NA-->RO,NA-->RO,NA-->RO,NA-->RO,NA-->RO,NA-->RO,NA-->RO,NA-->RO,NA-->RO,NA-->RO,NA-->RO,NA-->RO,NA-->RO
RU,RUS,Russia,Moscow,Europe,Eastern Europe,,RU-->NA,RU-->NA,RU-->NA,RU-->NA,RU-->NA,RU-->NA,RU-->NA,RU-->NA,RU-->NA,RU-->NA,RU-->NA,RU-->NA,RU-->NA,RU-->NA,RU-->NA,RU-->NA,RU-->NA,RU-->NA,RU-->NA,,,,,,,,,,,,,,,,,NA-->RU,NA-->RU,NA-->RU,NA-->RU,NA-->RU,NA-->RU,NA-->RU,NA-->RU,NA-->RU,NA-->RU,NA-->RU,NA-->RU,NA-->RU,NA-->RU,NA-->RU,NA-->RU,NA-->RU,NA-->RU,NA-->RU
RW,RWA,Rwanda,Kigali,Africa,Eastern Africa,,RW-->NA,RW-->NA,RW-->NA,RW-->NA,RW-->NA,RW-->NA,RW-->NA,RW-->NA,RW-->NA,RW-->NA,RW-->NA,RW-->NA,RW-->NA,RW-->NA,RW-->NA,RW-->NA,RW-->NA,RW-->NA,RW-->NA,,,,,,,,,,,,,,,,,NA-->RW,NA-->RW,NA-->RW,NA-->RW,NA-->RW,NA-->RW,NA-->RW,NA-->RW,NA-->RW,NA-->RW,NA-->RW,NA-->RW,NA-->RW,NA-->RW,NA-->RW,NA-->RW,NA-->RW,NA-->RW,NA-->RW
BL,BLM,Saint Barthélemy,Gustavia,Americas,Caribbean,,BL-->NA,BL-->NA,BL-->NA,BL-->NA,BL-->NA,BL-->NA,BL-->NA,BL-->NA,BL-->NA,BL-->NA,BL-->NA,BL-->NA,BL-->NA,BL-->NA,BL-->NA,BL-->NA,BL-->NA,BL-->NA,BL-->NA,,,,,,,,,,,,,,,,,NA-->BL,NA-->BL,NA-->BL,NA-->BL,NA-->BL,NA-->BL,NA-->BL,NA-->BL,NA-->BL,NA-->BL,NA-->BL,NA-->BL,NA-->BL,NA-->BL,NA-->BL,NA-->BL,NA-->BL,NA-->BL,NA-->BL
SH,SHN,Saint Helena,Jamestown,Africa,Western Africa,,SH-->NA,SH-->NA,SH-->NA,SH-->NA,SH-->NA,SH-->NA,SH-->NA,SH-->NA,SH-->NA,SH-->NA,SH-->NA,SH-->NA,SH-->NA,SH-->NA,SH-->NA,SH-->NA,SH-->NA,SH-->NA,SH-->NA,,,,,,,,,,,,,,,,,NA-->SH,NA-->SH,NA-->SH,NA-->SH,NA-->SH,NA-->SH,NA-->SH,NA-->SH,NA-->SH,NA-->SH,NA-->SH,NA-->SH,NA-->SH,NA-->SH,NA-->SH,NA-->SH,NA-->SH,NA-->SH,NA-->SH
KN,KNA,Saint Kitts and Nevis,Basseterre,Americas,Caribbean,,KN-->NA,KN-->NA,KN-->NA,KN-->NA,KN-->NA,KN-->NA,KN-->NA,KN-->NA,KN-->NA,KN-->NA,KN-->NA,KN-->NA,KN-->NA,KN-->NA,KN-->NA,KN-->NA,KN-->NA,KN-->NA,KN-->NA,,,,,,,,,,,,,,,,,NA-->KN,NA-->KN,NA-->KN,NA-->KN,NA-->KN,NA-->KN,NA-->KN,NA-->KN,NA-->KN,NA-->KN,NA-->KN,NA-->KN,NA-->KN,NA-->KN,NA-->KN,NA-->KN,NA-->KN,NA-->KN,NA-->KN
LC,LCA,Saint Lucia,Castries,Americas,Caribbean,,LC-->NA,LC-->NA,LC-->NA,LC-->NA,LC-->NA,LC-->NA,LC-->NA,LC-->NA,LC-->NA,LC-->NA,LC-->NA,LC-->NA,LC-->NA,LC-->NA,LC-->NA,LC-->NA,LC-->NA,LC-->NA,LC-->NA,,,,,,,,,,,,,,,,,NA-->LC,NA-->LC,NA-->LC,NA-->LC,NA-->LC,NA-->LC,NA-->LC,NA-->LC,NA-->LC,NA-->LC,NA-->LC,NA-->LC,NA-->LC,NA-->LC,NA-->LC,NA-->LC,NA-->LC,NA-->LC,NA-->LC
MF,MAF,Saint Martin,Marigot,Americas,Caribbean,,MF-->NA,MF-->NA,MF-->NA,MF-->NA,MF-->NA,MF-->NA,MF-->NA,MF-->NA,MF-->NA,MF-->NA,MF-->NA,MF-->NA,MF-->NA,MF-->NA,MF-->NA,MF-->NA,MF-->NA,MF-->NA,MF-->NA,,,,,,,,,,,,,,,,,NA-->MF,NA-->MF,NA-->MF,NA-->MF,NA-->MF,NA-->MF,NA-->MF,NA-->MF,NA-->MF,NA-->MF,NA-->MF,NA-->MF,NA-->MF,NA-->MF,NA-->MF,NA-->MF,NA-->MF,NA-->MF,NA-->MF
PM,SPM,Saint Pierre and Miquelon,Saint-Pierre,Americas,Northern America,,PM-->NA,PM-->NA,PM-->NA,PM-->NA,PM-->NA,PM-->NA,PM-->NA,PM-->NA,PM-->NA,PM-->NA,PM-->NA,PM-->NA,PM-->NA,PM-->NA,PM-->NA,PM-->NA,PM-->NA,PM-->NA,PM-->NA,,,,,,,,,,,,,,,,,NA-->PM,NA-->PM,NA-->PM,NA-->PM,NA-->PM,NA-->PM,NA-->PM,NA-->PM,NA-->PM,NA-->PM,NA-->PM,NA-->PM,NA-->PM,NA-->PM,NA-->PM,NA-->PM,NA-->PM,NA-->PM,NA-->PM
VC,VCT,Saint Vincent and the Grenadines,Kingstown,Americas,Caribbean,,VC-->NA,VC-->NA,VC-->NA,VC-->NA,VC-->NA,VC-->NA,VC-->NA,VC-->NA,VC-->NA,VC-->NA,VC-->NA,VC-->NA,VC-->NA,VC-->NA,VC-->NA,VC-->NA,VC-->NA,VC-->NA,VC-->NA,,,,,,,,,,,,,,,,,NA-->VC,NA-->VC,NA-->VC,NA-->VC,NA-->VC,NA-->VC,NA-->VC,NA-->VC,NA-->VC,NA-->VC,NA-->VC,NA-->VC,NA-->VC,NA-->VC,NA-->VC,NA-->VC,NA-->VC,NA-->VC,NA-->VC
WS,WSM,Samoa,Apia,Oceania,Polynesia,,WS-->NA,WS-->NA,WS-->NA,WS-->NA,WS-->NA,WS-->NA,WS-->NA,WS-->NA,WS-->NA,WS-->NA,WS-->NA,WS-->NA,WS-->NA,WS-->NA,WS-->NA,WS-->NA,WS-->NA,WS-->NA,WS-->NA,,,,,,,,,,,,,,,,,NA-->WS,NA-->WS,NA-->WS,NA-->WS,NA-->WS,NA-->WS,NA-->WS,NA-->WS,NA-->WS,NA-->WS,NA-->WS,NA-->WS,NA-->WS,NA-->WS,NA-->WS,NA-->WS,NA-->WS,NA-->WS,NA-->WS
SM,SMR,San Marino,City of San Marino,Europe,Southern Europe,,SM-->NA,SM-->NA,SM-->NA,SM-->NA,SM-->NA,SM-->NA,SM-->NA,SM-->NA,SM-->NA,SM-->NA,SM-->NA,SM-->NA,SM-->NA,SM-->NA,SM-->NA,SM-->NA,SM-->NA,SM-->NA,SM-->NA,,,,,,,,,,,,,,,,,NA-->SM,NA-->SM,NA-->SM,NA-->SM,NA-->SM,NA-->SM,NA-->SM,NA-->SM,NA-->SM,NA-->SM,NA-->SM,NA-->SM,NA-->SM,NA-->SM,NA-->SM,NA-->SM,NA-->SM,NA-->SM,NA-->SM
ST,STP,São Tomé and Príncipe,São Tomé,Africa,Middle Africa,,ST-->NA,ST-->NA,ST-->NA,ST-->NA,ST-->NA,ST-->NA,ST-->NA,ST-->NA,ST-->NA,ST-->NA,ST-->NA,ST-->NA,ST-->NA,ST-->NA,ST-->NA,ST-->NA,ST-->NA,ST-->NA,ST-->NA,,,,,,,,,,,,,,,,,NA-->ST,NA-->ST,NA-->ST,NA-->ST,NA-->ST,NA-->ST,NA-->ST,NA-->ST,NA-->ST,NA-->ST,NA-->ST,NA-->ST,NA-->ST,NA-->ST,NA-->ST,NA-->ST,NA-->ST,NA-->ST,NA-->ST
SA,SAU,Saudi Arabia,Riyadh,Asia,Western Asia,,SA-->NA,SA-->NA,SA-->NA,SA-->NA,SA-->NA,SA-->NA,SA-->NA,SA-->NA,SA-->NA,SA-->NA,SA-->NA,SA-->NA,SA-->NA,SA-->NA,SA-->NA,SA-->NA,SA-->NA,SA-->NA,SA-->NA,,,,,,,,,,,,,,,,,NA-->SA,NA-->SA,NA-->SA,NA-->SA,NA-->SA,NA-->SA,NA-->SA,NA-->SA,NA-->SA,NA-->SA,NA-->SA,NA-->SA,NA-->SA,NA-->SA,NA-->SA,NA-->SA,NA-->SA,NA-->SA,NA-->SA
SN,SEN,Senegal,Dakar,Africa,Western Africa,,SN-->NA,SN-->NA,SN-->NA,SN-->NA,SN-->NA,SN-->NA,SN-->NA,SN-->NA,SN-->NA,SN-->NA,SN-->NA,SN-->NA,SN-->NA,SN-->NA,SN-->NA,SN-->NA,SN-->NA,SN-->NA,SN-->NA,,,,,,,,,,,,,,,,,NA-->SN,NA-->SN,NA-->SN,NA-->SN,NA-->SN,NA-->SN,NA-->SN,NA-->SN,NA-->SN,NA-->SN,NA-->SN,NA-->SN,NA-->SN,NA-->SN,NA-->SN,NA-->SN,NA-->SN,NA-->SN,NA-->SN
RS,SRB,Serbia,Belgrade,Europe,Southern Europe,,RS-->NA,RS-->NA,RS-->NA,RS-->NA,RS-->NA,RS-->NA,RS-->NA,RS-->NA,RS-->NA,RS-->NA,RS-->NA,RS-->NA,RS-->NA,RS-->NA,RS-->NA,RS-->NA,RS-->NA,RS-->NA,RS-->NA,,,,,,,,,,,,,,,,,NA-->RS,NA-->RS,NA-->RS,NA-->RS,NA-->RS,NA-->RS,NA-->RS,NA-->RS,NA-->RS,NA-->RS,NA-->RS,NA-->RS,NA-->RS,NA-->RS,NA-->RS,NA-->RS,NA-->RS,NA-->RS,NA-->RS
SC,SYC,Seychelles,Victoria,Africa,Eastern Africa,,SC-->NA,SC-->NA,SC-->NA,SC-->NA,SC-->NA,SC-->NA,SC-->NA,SC-->NA,SC-->NA,SC-->NA,SC-->NA,SC-->NA,SC-->NA,SC-->NA,SC-->NA,SC-->NA,SC-->NA,SC-->NA,SC-->NA,,,,,,,,,,,,,,,,,NA-->SC,NA-->SC,NA-->SC,NA-->SC,NA-->SC,NA-->SC,NA-->SC,NA-->SC,NA-->SC,NA-->SC,NA-->SC,NA-->SC,NA-->SC,NA-->SC,NA-->SC,NA-->SC,NA-->SC,NA-->SC,NA-->SC
SL,SLE,Sierra Leone,Freetown,Africa,Western Africa,,SL-->NA,SL-->NA,SL-->NA,SL-->NA,SL-->NA,SL-->NA,SL-->NA,SL-->NA,SL-->NA,SL-->NA,SL-->NA,SL-->NA,SL-->NA,SL-->NA,SL-->NA,SL-->NA,SL-->NA,SL-->NA,SL-->NA,,,,,,,,,,,,,,,,,NA-->SL,NA-->SL,NA-->SL,NA-->SL,NA-->SL,NA-->SL,NA-->SL,NA-->SL,NA-->SL,NA-->SL,NA-->SL,NA-->SL,NA-->SL,NA-->SL,NA-->SL,NA-->SL,NA-->SL,NA-->SL,NA-->SL
SG,SGP,Singapore,Singapore,Asia,South-Eastern Asia,,SG-->NA,SG-->NA,SG-->NA,SG-->NA,SG-->NA,SG-->NA,SG-->NA,SG-->NA,SG-->NA,SG-->NA,SG-->NA,SG-->NA,SG-->NA,SG-->NA,SG-->NA,SG-->NA,SG-->NA,SG-->NA,SG-->NA,,,,,,,,,,,,,,,,,NA-->SG,NA-->SG,NA-->SG,NA-->SG,NA-->SG,NA-->SG,NA-->SG,NA-->SG,NA-->SG,NA-->SG,NA-->SG,NA-->SG,NA-->SG,NA-->SG,NA-->SG,NA-->SG,NA-->SG,NA-->SG,NA-->SG
SX,SXM,Sint Maarten,Philipsburg,Americas,Caribbean,,SX-->NA,SX-->NA,SX-->NA,SX-->NA,SX-->NA,SX-->NA,SX-->NA,SX-->NA,SX-->NA,SX-->NA,SX-->NA,SX-->NA,SX-->NA,SX-->NA,SX-->NA,SX-->NA,SX-->NA,SX-->NA,SX-->NA,,,,,,,,,,,,,,,,,NA-->SX,NA-->SX,NA-->SX,NA-->SX,NA-->SX,NA-->SX,NA-->SX,NA-->SX,NA-->SX,NA-->SX,NA-->SX,NA-->SX,NA-->SX,NA-->SX,NA-->SX,NA-->SX,NA-->SX,NA-->SX,NA-->SX
SK,SVK,Slovakia,Bratislava,Europe,Eastern Europe,,SK-->NA,SK-->NA,SK-->NA,SK-->NA,SK-->NA,SK-->NA,SK-->NA,SK-->NA,SK-->NA,SK-->NA,SK-->NA,SK-->NA,SK-->NA,SK-->NA,SK-->NA,SK-->NA,SK-->NA,SK-->NA,SK-->NA,,,,,,,,,,,,,,,,,NA-->SK,NA-->SK,NA-->SK,NA-->SK,NA-->SK,NA-->SK,NA-->SK,NA-->SK,NA-->SK,NA-->SK,NA-->SK,NA-->SK,NA-->SK,NA-->SK,NA-->SK,NA-->SK,NA-->SK,NA-->SK,NA-->SK
SI,SVN,Slovenia,Ljubljana,Europe,Southern Europe,,SI-->NA,SI-->NA,SI-->NA,SI-->NA,SI-->NA,SI-->NA,SI-->NA,SI-->NA,SI-->NA,SI-->NA,SI-->NA,SI-->NA,SI-->NA,SI-->NA,SI-->NA,SI-->NA,SI-->NA,SI-->NA,SI-->NA,,,,,,,,,,,,,,,,,NA-->SI,NA-->SI,NA-->SI,NA-->SI,NA-->SI,NA-->SI,NA-->SI,NA-->SI,NA-->SI,NA-->SI,NA-->SI,NA-->SI,NA-->SI,NA-->SI,NA-->SI,NA-->SI,NA-->SI,NA-->SI,NA-->SI
SB,SLB,Solomon Islands,Honiara,Oceania,Melanesia,,SB-->NA,SB-->NA,SB-->NA,SB-->NA,SB-->NA,SB-->NA,SB-->NA,SB-->NA,SB-->NA,SB-->NA,SB-->NA,SB-->NA,SB-->NA,SB-->NA,SB-->NA,SB-->NA,SB-->NA,SB-->NA,SB-->NA,,,,,,,,,,,,,,,,,NA-->SB,NA-->SB,NA-->SB,NA-->SB,NA-->SB,NA-->SB,NA-->SB,NA-->SB,NA-->SB,NA-->SB,NA-->SB,NA-->SB,NA-->SB,NA-->SB,NA-->SB,NA-->SB,NA-->SB,NA-->SB,NA-->SB
SO,SOM,Somalia,Mogadishu,Africa,Eastern Africa,,SO-->NA,SO-->NA,SO-->NA,SO-->NA,SO-->NA,SO-->NA,SO-->NA,SO-->NA,SO-->NA,SO-->NA,SO-->NA,SO-->NA,SO-->NA,SO-->NA,SO-->NA,SO-->NA,SO-->NA,SO-->NA,SO-->NA,,,,,,,,,,,,,,,,,NA-->SO,NA-->SO,NA-->SO,NA-->SO,NA-->SO,NA-->SO,NA-->SO,NA-->SO,NA-->SO,NA-->SO,NA-->SO,NA-->SO,NA-->SO,NA-->SO,NA-->SO,NA-->SO,NA-->SO,NA-->SO,NA-->SO
ZA,ZAF,South Africa,Pretoria,Africa,Southern Africa,,ZA-->NA,ZA-->NA,ZA-->NA,ZA-->NA,ZA-->NA,ZA-->NA,ZA-->NA,ZA-->NA,ZA-->NA,ZA-->NA,ZA-->NA,ZA-->NA,ZA-->NA,ZA-->NA,ZA-->NA,ZA-->NA,ZA-->NA,ZA-->NA,ZA-->NA,,,,,,,,,,,,,,,,,NA-->ZA,NA-->ZA,NA-->ZA,NA-->ZA,NA-->ZA,NA-->ZA,NA-->ZA,NA-->ZA,NA-->ZA,NA-->ZA,NA-->ZA,NA-->ZA,NA-->ZA,NA-->ZA,NA-->ZA,NA-->ZA,NA-->ZA,NA-->ZA,NA-->ZA
GS,SGS,South Georgia,King Edward Point,Americas,South America,,GS-->NA,GS-->NA,GS-->NA,GS-->NA,GS-->NA,GS-->NA,GS-->NA,GS-->NA,GS-->NA,GS-->NA,GS-->NA,GS-->NA,GS-->NA,GS-->NA,GS-->NA,GS-->NA,GS-->NA,GS-->NA,GS-->NA,,,,,,,,,,,,,,,,,NA-->GS,NA-->GS,NA-->GS,NA-->GS,NA-->GS,NA-->GS,NA-->GS,NA-->GS,NA-->GS,NA-->GS,NA-->GS,NA-->GS,NA-->GS,NA-->GS,NA-->GS,NA-->GS,NA-->GS,NA-->GS,NA-->GS
KR,KOR,South Korea,Seoul,Asia,Eastern Asia,,KR-->NA,KR-->NA,KR-->NA,KR-->NA,KR-->NA,KR-->NA,KR-->NA,KR-->NA,KR-->NA,KR-->NA,KR-->NA,KR-->NA,KR-->NA,KR-->NA,KR-->NA,KR-->NA,KR-->NA,KR-->NA,KR-->NA,,,,,,,,,,,,,,,,,NA-->KR,NA-->KR,NA-->KR,NA-->KR,NA-->KR,NA-->KR,NA-->KR,NA-->KR,NA-->KR,NA-->KR,NA-->KR,NA-->KR,NA-->KR,NA-->KR,NA-->KR,NA-->KR,NA-->KR,NA-->KR,NA-->KR
SS,SSD,South Sudan,Juba,Africa,Middle Africa,,SS-->NA,SS-->NA,SS-->NA,SS-->NA,SS-->NA,SS-->NA,SS-->NA,SS-->NA,SS-->NA,SS-->NA,SS-->NA,SS-->NA,SS-->NA,SS-->NA,SS-->NA,SS-->NA,SS-->NA,SS-->NA,SS-->NA,,,,,,,,,,,,,,,,,NA-->SS,NA-->SS,NA-->SS,NA-->SS,NA-->SS,NA-->SS,NA-->SS,NA-->SS,NA-->SS,NA-->SS,NA-->SS,NA-->SS,NA-->SS,NA-->SS,NA-->SS,NA-->SS,NA-->SS,NA-->SS,NA-->SS
ES,ESP,Spain,Madrid,Europe,Southern Europe,,ES-->NA,ES-->NA,ES-->NA,ES-->NA,ES-->NA,ES-->NA,ES-->NA,ES-->NA,ES-->NA,ES-->NA,ES-->NA,ES-->NA,ES-->NA,ES-->NA,ES-->NA,ES-->NA,ES-->NA,ES-->NA,ES-->NA,,,,,,,,,,,,,,,,,NA-->ES,NA-->ES,NA-->ES,NA-->ES,NA-->ES,NA-->ES,NA-->ES,NA-->ES,NA-->ES,NA-->ES,NA-->ES,NA-->ES,NA-->ES,NA-->ES,NA-->ES,NA-->ES,NA-->ES,NA-->ES,NA-->ES
LK,LKA,Sri Lanka,Colombo,Asia,Southern Asia,,LK-->NA,LK-->NA,LK-->NA,LK-->NA,LK-->NA,LK-->NA,LK-->NA,LK-->NA,LK-->NA,LK-->NA,LK-->NA,LK-->NA,LK-->NA,LK-->NA,LK-->NA,LK-->NA,LK-->NA,LK-->NA,LK-->NA,,,,,,,,,,,,,,,,,NA-->LK,NA-->LK,NA-->LK,NA-->LK,NA-->LK,NA-->LK,NA-->LK,NA-->LK,NA-->LK,NA-->LK,NA-->LK,NA-->LK,NA-->LK,NA-->LK,NA-->LK,NA-->LK,NA-->LK,NA-->LK,NA-->LK
SD,SDN,Sudan,Khartoum,Africa,Northern Africa,,SD-->NA,SD-->NA,SD-->NA,SD-->NA,SD-->NA,SD-->NA,SD-->NA,SD-->NA,SD-->NA,SD-->NA,SD-->NA,SD-->NA,SD-->NA,SD-->NA,SD-->NA,SD-->NA,SD-->NA,SD-->NA,SD-->NA,,,,,,,,,,,,,,,,,NA-->SD,NA-->SD,NA-->SD,NA-->SD,NA-->SD,NA-->SD,NA-->SD,NA-->SD,NA-->SD,NA-->SD,NA-->SD,NA-->SD,NA-->SD,NA-->SD,NA-->SD,NA-->SD,NA-->SD,NA-->SD,NA-->SD
SR,SUR,Suriname,Paramaribo,Americas,South America,,SR-->NA,SR-->NA,SR-->NA,SR-->NA,SR-->NA,SR-->NA,SR-->NA,SR-->NA,SR-->NA,SR-->NA,SR-->NA,SR-->NA,SR-->NA,SR-->NA,SR-->NA,SR-->NA,SR-->NA,SR-->NA,SR-->NA,,,,,,,,,,,,,,,,,NA-->SR,NA-->SR,NA-->SR,NA-->SR,NA-->SR,NA-->SR,NA-->SR,NA-->SR,NA-->SR,NA-->SR,NA-->SR,NA-->SR,NA-->SR,NA-->SR,NA-->SR,NA-->SR,NA-->SR,NA-->SR,NA-->SR
SJ,SJM,Svalbard and Jan Mayen,Longyearbyen,Europe,Northern Europe,,SJ-->NA,SJ-->NA,SJ-->NA,SJ-->NA,SJ-->NA,SJ-->NA,SJ-->NA,SJ-->NA,SJ-->NA,SJ-->NA,SJ-->NA,SJ-->NA,SJ-->NA,SJ-->NA,SJ-->NA,SJ-->NA,SJ-->NA,SJ-->NA,SJ-->NA,,,,,,,,,,,,,,,,,NA-->SJ,NA-->SJ,NA-->SJ,NA-->SJ,NA-->SJ,NA-->SJ,NA-->SJ,NA-->SJ,NA-->SJ,NA-->SJ,NA-->SJ,NA-->SJ,NA-->SJ,NA-->SJ,NA-->SJ,NA-->SJ,NA-->SJ,NA-->SJ,NA-->SJ
SZ,SWZ,Swaziland,Lobamba,Africa,Southern Africa,,SZ-->NA,SZ-->NA,SZ-->NA,SZ-->NA,SZ-->NA,SZ-->NA,SZ-->NA,SZ-->NA,SZ-->NA,SZ-->NA,SZ-->NA,SZ-->NA,SZ-->NA,SZ-->NA,SZ-->NA,SZ-->NA,SZ-->NA,SZ-->NA,SZ-->NA,,,,,,,,,,,,,,,,,NA-->SZ,NA-->SZ,NA-->SZ,NA-->SZ,NA-->SZ,NA-->SZ,NA-->SZ,NA-->SZ,NA-->SZ,NA-->SZ,NA-->SZ,NA-->SZ,NA-->SZ,NA-->SZ,NA-->SZ,NA-->SZ,NA-->SZ,NA-->SZ,NA-->SZ
SE,SWE,Sweden,Stockholm,Europe,Northern Europe,,SE-->NA,SE-->NA,SE-->NA,SE-->NA,SE-->NA,SE-->NA,SE-->NA,SE-->NA,SE-->NA,SE-->NA,SE-->NA,SE-->NA,SE-->NA,SE-->NA,SE-->NA,SE-->NA,SE-->NA,SE-->NA,SE-->NA,,,,,,,,,,,,,,,,,NA-->SE,NA-->SE,NA-->SE,NA-->SE,NA-->SE,NA-->SE,NA-->SE,NA-->SE,NA-->SE,NA-->SE,NA-->SE,NA-->SE,NA-->SE,NA-->SE,NA-->SE,NA-->SE,NA-->SE,NA-->SE,NA-->SE
CH,CHE,Switzerland,Bern,Europe,Western Europe,,CH-->NA,CH-->NA,CH-->NA,CH-->NA,CH-->NA,CH-->NA,CH-->NA,CH-->NA,CH-->NA,CH-->NA,CH-->NA,CH-->NA,CH-->NA,CH-->NA,CH-->NA,CH-->NA,CH-->NA,CH-->NA,CH-->NA,,,,,,,,,,,,,,,,,NA-->CH,NA-->CH,NA-->CH,NA-->CH,NA-->CH,NA-->CH,NA-->CH,NA-->CH,NA-->CH,NA-->CH,NA-->CH,NA-->CH,NA-->CH,NA-->CH,NA-->CH,NA-->CH,NA-->CH,NA-->CH,NA-->CH
SY,SYR,Syria,Damascus,Asia,Western Asia,,SY-->NA,SY-->NA,SY-->NA,SY-->NA,SY-->NA,SY-->NA,SY-->NA,SY-->NA,SY-->NA,SY-->NA,SY-->NA,SY-->NA,SY-->NA,SY-->NA,SY-->NA,SY-->NA,SY-->NA,SY-->NA,SY-->NA,,,,,,,,,,,,,,,,,NA-->SY,NA-->SY,NA-->SY,NA-->SY,NA-->SY,NA-->SY,NA-->SY,NA-->SY,NA-->SY,NA-->SY,NA-->SY,NA-->SY,NA-->SY,NA-->SY,NA-->SY,NA-->SY,NA-->SY,NA-->SY,NA-->SY
TW,TWN,Taiwan,Taipei,Asia,Eastern Asia,,TW-->NA,TW-->NA,TW-->NA,TW-->NA,TW-->NA,TW-->NA,TW-->NA,TW-->NA,TW-->NA,TW-->NA,TW-->NA,TW-->NA,TW-->NA,TW-->NA,TW-->NA,TW-->NA,TW-->NA,TW-->NA,TW-->NA,,,,,,,,,,,,,,,,,NA-->TW,NA-->TW,NA-->TW,NA-->TW,NA-->TW,NA-->TW,NA-->TW,NA-->TW,NA-->TW,NA-->TW,NA-->TW,NA-->TW,NA-->TW,NA-->TW,NA-->TW,NA-->TW,NA-->TW,NA-->TW,NA-->TW
TJ,TJK,Tajikistan,Dushanbe,Asia,Central Asia,,TJ-->NA,TJ-->NA,TJ-->NA,TJ-->NA,TJ-->NA,TJ-->NA,TJ-->NA,TJ-->NA,TJ-->NA,TJ-->NA,TJ-->NA,TJ-->NA,TJ-->NA,TJ-->NA,TJ-->NA,TJ-->NA,TJ-->NA,TJ-->NA,TJ-->NA,,,,,,,,,,,,,,,,,NA-->TJ,NA-->TJ,NA-->TJ,NA-->TJ,NA-->TJ,NA-->TJ,NA-->TJ,NA-->TJ,NA-->TJ,NA-->TJ,NA-->TJ,NA-->TJ,NA-->TJ,NA-->TJ,NA-->TJ,NA-->TJ,NA-->TJ,NA-->TJ,NA-->TJ
TZ,TZA,Tanzania,Dodoma,Africa,Eastern Africa,,TZ-->NA,TZ-->NA,TZ-->NA,TZ-->NA,TZ-->NA,TZ-->NA,TZ-->NA,TZ-->NA,TZ-->NA,TZ-->NA,TZ-->NA,TZ-->NA,TZ-->NA,TZ-->NA,TZ-->NA,TZ-->NA,TZ-->NA,TZ-->NA,TZ-->NA,,,,,,,,,,,,,,,,,NA-->TZ,NA-->TZ,NA-->TZ,NA-->TZ,NA-->TZ,NA-->TZ,NA-->TZ,NA-->TZ,NA-->TZ,NA-->TZ,NA-->TZ,NA-->TZ,NA-->TZ,NA-->TZ,NA-->TZ,NA-->TZ,NA-->TZ,NA-->TZ,NA-->TZ
TH,THA,Thailand,Bangkok,Asia,South-Eastern Asia,,TH-->NA,TH-->NA,TH-->NA,TH-->NA,TH-->NA,TH-->NA,TH-->NA,TH-->NA,TH-->NA,TH-->NA,TH-->NA,TH-->NA,TH-->NA,TH-->NA,TH-->NA,TH-->NA,TH-->NA,TH-->NA,TH-->NA,,,,,,,,,,,,,,,,,NA-->TH,NA-->TH,NA-->TH,NA-->TH,NA-->TH,NA-->TH,NA-->TH,NA-->TH,NA-->TH,NA-->TH,NA-->TH,NA-->TH,NA-->TH,NA-->TH,NA-->TH,NA-->TH,NA-->TH,NA-->TH,NA-->TH
TL,TLS,East Timor,Dili,Asia,South-Eastern Asia,,TL-->NA,TL-->NA,TL-->NA,TL-->NA,TL-->NA,TL-->NA,TL-->NA,TL-->NA,TL-->NA,TL-->NA,TL-->NA,TL-->NA,TL-->NA,TL-->NA,TL-->NA,TL-->NA,TL-->NA,TL-->NA,TL-->NA,,,,,,,,,,,,,,,,,NA-->TL,NA-->TL,NA-->TL,NA-->TL,NA-->TL,NA-->TL,NA-->TL,NA-->TL,NA-->TL,NA-->TL,NA-->TL,NA-->TL,NA-->TL,NA-->TL,NA-->TL,NA-->TL,NA-->TL,NA-->TL,NA-->TL
TG,TGO,Togo,Lomé,Africa,Western Africa,,TG-->NA,TG-->NA,TG-->NA,TG-->NA,TG-->NA,TG-->NA,TG-->NA,TG-->NA,TG-->NA,TG-->NA,TG-->NA,TG-->NA,TG-->NA,TG-->NA,TG-->NA,TG-->NA,TG-->NA,TG-->NA,TG-->NA,,,,,,,,,,,,,,,,,NA-->TG,NA-->TG,NA-->TG,NA-->TG,NA-->TG,NA-->TG,NA-->TG,NA-->TG,NA-->TG,NA-->TG,NA-->TG,NA-->TG,NA-->TG,NA-->TG,NA-->TG,NA-->TG,NA-->TG,NA-->TG,NA-->TG
TK,TKL,Tokelau,Fakaofo,Oceania,Polynesia,,TK-->NA,TK-->NA,TK-->NA,TK-->NA,TK-->NA,TK-->NA,TK-->NA,TK-->NA,TK-->NA,TK-->NA,TK-->NA,TK-->NA,TK-->NA,TK-->NA,TK-->NA,TK-->NA,TK-->NA,TK-->NA,TK-->NA,,,,,,,,,,,,,,,,,NA-->TK,NA-->TK,NA-->TK,NA-->TK,NA-->TK,NA-->TK,NA-->TK,NA-->TK,NA-->TK,NA-->TK,NA-->TK,NA-->TK,NA-->TK,NA-->TK,NA-->TK,NA-->TK,NA-->TK,NA-->TK,NA-->TK
TO,TON,Tonga,Nuku'alofa,Oceania,Polynesia,,TO-->NA,TO-->NA,TO-->NA,TO-->NA,TO-->NA,TO-->NA,TO-->NA,TO-->NA,TO-->NA,TO-->NA,TO-->NA,TO-->NA,TO-->NA,TO-->NA,TO-->NA,TO-->NA,TO-->NA,TO-->NA,TO-->NA,,,,,,,,,,,,,,,,,NA-->TO,NA-->TO,NA-->TO,NA-->TO,NA-->TO,NA-->TO,NA-->TO,NA-->TO,NA-->TO,NA-->TO,NA-->TO,NA-->TO,NA-->TO,NA-->TO,NA-->TO,NA-->TO,NA-->TO,NA-->TO,NA-->TO
TT,TTO,Trinidad and Tobago,Port of Spain,Americas,Caribbean,,TT-->NA,TT-->NA,TT-->NA,TT-->NA,TT-->NA,TT-->NA,TT-->NA,TT-->NA,TT-->NA,TT-->NA,TT-->NA,TT-->NA,TT-->NA,TT-->NA,TT-->NA,TT-->NA,TT-->NA,TT-->NA,TT-->NA,,,,,,,,,,,,,,,,,NA-->TT,NA-->TT,NA-->TT,NA-->TT,NA-->TT,NA-->TT,NA-->TT,NA-->TT,NA-->TT,NA-->TT,NA-->TT,NA-->TT,NA-->TT,NA-->TT,NA-->TT,NA-->TT,NA-->TT,NA-->TT,NA-->TT
TN,TUN,Tunisia,Tunis,Africa,Northern Africa,,TN-->NA,TN-->NA,TN-->NA,TN-->NA,TN-->NA,TN-->NA,TN-->NA,TN-->NA,TN-->NA,TN-->NA,TN-->NA,TN-->NA,TN-->NA,TN-->NA,TN-->NA,TN-->NA,TN-->NA,TN-->NA,TN-->NA,,,,,,,,,,,,,,,,,NA-->TN,NA-->TN,NA-->TN,NA-->TN,NA-->TN,NA-->TN,NA-->TN,NA-->TN,NA-->TN,NA-->TN,NA-->TN,NA-->TN,NA-->TN,NA-->TN,NA-->TN,NA-->TN,NA-->TN,NA-->TN,NA-->TN
TR,TUR,Turkey,Ankara,Asia,Western Asia,,TR-->NA,TR-->NA,TR-->NA,TR-->NA,TR-->NA,TR-->NA,TR-->NA,TR-->NA,TR-->NA,TR-->NA,TR-->NA,TR-->NA,TR-->NA,TR-->NA,TR-->NA,TR-->NA,TR-->NA,TR-->NA,TR-->NA,,,,,,,,,,,,,,,,,NA-->TR,NA-->TR,NA-->TR,NA-->TR,NA-->TR,NA-->TR,NA-->TR,NA-->TR,NA-->TR,NA-->TR,NA-->TR,NA-->TR,NA-->TR,NA-->TR,NA-->TR,NA-->TR,NA-->TR,NA-->TR,NA-->TR
TM,TKM,Turkmenistan,Ashgabat,Asia,Central Asia,,TM-->NA,TM-->NA,TM-->NA,TM-->NA,TM-->NA,TM-->NA,TM-->NA,TM-->NA,TM-->NA,TM-->NA,TM-->NA,TM-->NA,TM-->NA,TM-->NA,TM-->NA,TM-->NA,TM-->NA,TM-->NA,TM-->NA,,,,,,,,,,,,,,,,,NA-->TM,NA-->TM,NA-->TM,NA-->TM,NA-->TM,NA-->TM,NA-->TM,NA-->TM,NA-->TM,NA-->TM,NA-->TM,NA-->TM,NA-->TM,NA-->TM,NA-->TM,NA-->TM,NA-->TM,NA-->TM,NA-->TM
TC,TCA,Turks and Caicos Islands,Cockburn Town,Americas,Caribbean,,TC-->NA,TC-->NA,TC-->NA,TC-->NA,TC-->NA,TC-->NA,TC-->NA,TC-->NA,TC-->NA,TC-->NA,TC-->NA,TC-->NA,TC-->NA,TC-->NA,TC-->NA,TC-->NA,TC-->NA,TC-->NA,TC-->NA,,,,,,,,,,,,,,,,,NA-->TC,NA-->TC,NA-->TC,NA-->TC,NA-->TC,NA-->TC,NA-->TC,NA-->TC,NA-->TC,NA-->TC,NA-->TC,NA-->TC,NA-->TC,NA-->TC,NA-->TC,NA-->TC,NA-->TC,NA-->TC,NA-->TC
TV,TUV,Tuvalu,Funafuti,Oceania,Polynesia,,TV-->NA,TV-->NA,TV-->NA,TV-->NA,TV-->NA,TV-->NA,TV-->NA,TV-->NA,TV-->NA,TV-->NA,TV-->NA,TV-->NA,TV-->NA,TV-->NA,TV-->NA,TV-->NA,TV-->NA,TV-->NA,TV-->NA,,,,,,,,,,,,,,,,,NA-->TV,NA-->TV,NA-->TV,NA-->TV,NA-->TV,NA-->TV,NA-->TV,NA-->TV,NA-->TV,NA-->TV,NA-->TV,NA-->TV,NA-->TV,NA-->TV,NA-->TV,NA-->TV,NA-->TV,NA-->TV,NA-->TV
UG,UGA,Uganda,Kampala,Africa,Eastern Africa,,UG-->NA,UG-->NA,UG-->NA,UG-->NA,UG-->NA,UG-->NA,UG-->NA,UG-->NA,UG-->NA,UG-->NA,UG-->NA,UG-->NA,UG-->NA,UG-->NA,UG-->NA,UG-->NA,UG-->NA,UG-->NA,UG-->NA,,,,,,,,,,,,,,,,,NA-->UG,NA-->UG,NA-->UG,NA-->UG,NA-->UG,NA-->UG,NA-->UG,NA-->UG,NA-->UG,NA-->UG,NA-->UG,NA-->UG,NA-->UG,NA-->UG,NA-->UG,NA-->UG,NA-->UG,NA-->UG,NA-->UG
UA,UKR,Ukraine,Kiev,Europe,Eastern Europe,,UA-->NA,UA-->NA,UA-->NA,UA-->NA,UA-->NA,UA-->NA,UA-->NA,UA-->NA,UA-->NA,UA-->NA,UA-->NA,UA-->NA,UA-->NA,UA-->NA,UA-->NA,UA-->NA,UA-->NA,UA-->NA,UA-->NA,,,,,,,,,,,,,,,,,NA-->UA,NA-->UA,NA-->UA,NA-->UA,NA-->UA,NA-->UA,NA-->UA,NA-->UA,NA-->UA,NA-->UA,NA-->UA,NA-->UA,NA-->UA,NA-->UA,NA-->UA,NA-->UA,NA-->UA,NA-->UA,NA-->UA
AE,ARE,United Arab Emirates,Abu Dhabi,Asia,Western Asia,,AE-->NA,AE-->NA,AE-->NA,AE-->NA,AE-->NA,AE-->NA,AE-->NA,AE-->NA,AE-->NA,AE-->NA,AE-->NA,AE-->NA,AE-->NA,AE-->NA,AE-->NA,AE-->NA,AE-->NA,AE-->NA,AE-->NA,,,,,,,,,,,,,,,,,NA-->AE,NA-->AE,NA-->AE,NA-->AE,NA-->AE,NA-->AE,NA-->AE,NA-->AE,NA-->AE,NA-->AE,NA-->AE,NA-->AE,NA-->AE,NA-->AE,NA-->AE,NA-->AE,NA-->AE,NA-->AE,NA-->AE
GB,GBR,United Kingdom,London,Europe,Northern Europe,,GB-->NA,GB-->NA,GB-->NA,GB-->NA,GB-->NA,GB-->NA,GB-->NA,GB-->NA,GB-->NA,GB-->NA,GB-->NA,GB-->NA,GB-->NA,GB-->NA,GB-->NA,GB-->NA,GB-->NA,GB-->NA,GB-->NA,,,,,,,,,,,,,,,,,NA-->GB,NA-->GB,NA-->GB,NA-->GB,NA-->GB,NA-->GB,NA-->GB,NA-->GB,NA-->GB,NA-->GB,NA-->GB,NA-->GB,NA-->GB,NA-->GB,NA-->GB,NA-->GB,NA-->GB,NA-->GB,NA-->GB
US,USA,United States,"Washington, D.C.",Americas,Northern America,,US-->NA,US-->NA,US-->NA,US-->NA,US-->NA,US-->NA,US-->NA,US-->NA,US-->NA,US-->NA,US-->NA,US-->NA,US-->NA,US-->NA,US-->NA,US-->NA,US-->NA,US-->NA,US-->NA,,,,,,,,,,,,,,,,,NA-->US,NA-->US,NA-->US,NA-->US,NA-->US,NA-->US,NA-->US,NA-->US,NA-->US,NA-->US,NA-->US,NA-->US,NA-->US,NA-->US,NA-->US,NA-->US,NA-->US,NA-->US,NA-->US
UY,URY,Uruguay,Montevideo,Americas,South America,,UY-->NA,UY-->NA,UY-->NA,UY-->NA,UY-->NA,UY-->NA,UY-->NA,UY-->NA,UY-->NA,UY-->NA,UY-->NA,UY-->NA,UY-->NA,UY-->NA,UY-->NA,UY-->NA,UY-->NA,UY-->NA,UY-->NA,,,,,,,,,,,,,,,,,NA-->UY,NA-->UY,NA-->UY,NA-->UY,NA-->UY,NA-->UY,NA-->UY,NA-->UY,NA-->UY,NA-->UY,NA-->UY,NA-->UY,NA-->UY,NA-->UY,NA-->UY,NA-->UY,NA-->UY,NA-->UY,NA-->UY
UZ,UZB,Uzbekistan,Tashkent,Asia,Central Asia,,UZ-->NA,UZ-->NA,UZ-->NA,UZ-->NA,UZ-->NA,UZ-->NA,UZ-->NA,UZ-->NA,UZ-->NA,UZ-->NA,UZ-->NA,UZ-->NA,UZ-->NA,UZ-->NA,UZ-->NA,UZ-->NA,UZ-->NA,UZ-->NA,UZ-->NA,,,,,,,,,,,,,,,,,NA-->UZ,NA-->UZ,NA-->UZ,NA-->UZ,NA-->UZ,NA-->UZ,NA-->UZ,NA-->UZ,NA-->UZ,NA-->UZ,NA-->UZ,NA-->UZ,NA-->UZ,NA-->UZ,NA-->UZ,NA-->UZ,NA-->UZ,NA-->UZ,NA-->UZ
VU,VUT,Vanuatu,Port Vila,Oceania,Melanesia,,VU-->NA,VU-->NA,VU-->NA,VU-->NA,VU-->NA,VU-->NA,VU-->NA,VU-->NA,VU-->NA,VU-->NA,VU-->NA,VU-->NA,VU-->NA,VU-->NA,VU-->NA,VU-->NA,VU-->NA,VU-->NA,VU-->NA,,,,,,,,,,,,,,,,,NA-->VU,NA-->VU,NA-->VU,NA-->VU,NA-->VU,NA-->VU,NA-->VU,NA-->VU,NA-->VU,NA-->VU,NA-->VU,NA-->VU,NA-->VU,NA-->VU,NA-->VU,NA-->VU,NA-->VU,NA-->VU,NA-->VU
VE,VEN,Venezuela,Caracas,Americas,South America,,VE-->NA,VE-->NA,VE-->NA,VE-->NA,VE-->NA,VE-->NA,VE-->NA,VE-->NA,VE-->NA,VE-->NA,VE-->NA,VE-->NA,VE-->NA,VE-->NA,VE-->NA,VE-->NA,VE-->NA,VE-->NA,VE-->NA,,,,,,,,,,,,,,,,,NA-->VE,NA-->VE,NA-->VE,NA-->VE,NA-->VE,NA-->VE,NA-->VE,NA-->VE,NA-->VE,NA-->VE,NA-->VE,NA-->VE,NA-->VE,NA-->VE,NA-->VE,NA-->VE,NA-->VE,NA-->VE,NA-->VE
VN,VNM,Vietnam,Hanoi,Asia,South-Eastern Asia,,VN-->NA,VN-->NA,VN-->NA,VN-->NA,VN-->NA,VN-->NA,VN-->NA,VN-->NA,VN-->NA,VN-->NA,VN-->NA,VN-->NA,VN-->NA,VN-->NA,VN-->NA,VN-->NA,VN-->NA,VN-->NA,VN-->NA,,,,,,,,,,,,,,,,,NA-->VN,NA-->VN,NA-->VN,NA-->VN,NA-->VN,NA-->VN,NA-->VN,NA-->VN,NA-->VN,NA-->VN,NA-->VN,NA-->VN,NA-->VN,NA-->VN,NA-->VN,NA-->VN,NA-->VN,NA-->VN,NA-->VN
WF,WLF,Wallis and Futuna,Mata-Utu,Oceania,Polynesia,,WF-->NA,WF-->NA,WF-->NA,WF-->NA,WF-->NA,WF-->NA,WF-->NA,WF-->NA,WF-->NA,WF-->NA,WF-->NA,WF-->NA,WF-->NA,WF-->NA,WF-->NA,WF-->NA,WF-->NA,WF-->NA,WF-->NA,,,,,,,,,,,,,,,,,NA-->WF,NA-->WF,NA-->WF,NA-->WF,NA-->WF,NA-->WF,NA-->WF,NA-->WF,NA-->WF,NA-->WF,NA-->WF,NA-->WF,NA-->WF,NA-->WF,NA-->WF,NA-->WF,NA-->WF,NA-->WF,NA-->WF
EH,ESH,Western Sahara,El Aaiún,Africa,Northern Africa,,EH-->NA,EH-->NA,EH-->NA,EH-->NA,EH-->NA,EH-->NA,EH-->NA,EH-->NA,EH-->NA,EH-->NA,EH-->NA,EH-->NA,EH-->NA,EH-->NA,EH-->NA,EH-->NA,EH-->NA,EH-->NA,EH-->NA,,,,,,,,,,,,,,,,,NA-->EH,NA-->EH,NA-->EH,NA-->EH,NA-->EH,NA-->EH,NA-->EH,NA-->EH,NA-->EH,NA-->EH,NA-->EH,NA-->EH,NA-->EH,NA-->EH,NA-->EH,NA-->EH,NA-->EH,NA-->EH,NA-->EH
YE,YEM,Yemen,Sana'a,Asia,Western Asia,,YE-->NA,YE-->NA,YE-->NA,YE-->NA,YE-->NA,YE-->NA,YE-->NA,YE-->NA,YE-->NA,YE-->NA,YE-->NA,YE-->NA,YE-->NA,YE-->NA,YE-->NA,YE-->NA,YE-->NA,YE-->NA,YE-->NA,,,,,,,,,,,,,,,,,NA-->YE,NA-->YE,NA-->YE,NA-->YE,NA-->YE,NA-->YE,NA-->YE,NA-->YE,NA-->YE,NA-->YE,NA-->YE,NA-->YE,NA-->YE,NA-->YE,NA-->YE,NA-->YE,NA-->YE,NA-->YE,NA-->YE
ZM,ZMB,Zambia,Lusaka,Africa,Eastern Africa,,ZM-->NA,ZM-->NA,ZM-->NA,ZM-->NA,ZM-->NA,ZM-->NA,ZM-->NA,ZM-->NA,ZM-->NA,ZM-->NA,ZM-->NA,ZM-->NA,ZM-->NA,ZM-->NA,ZM-->NA,ZM-->NA,ZM-->NA,ZM-->NA,ZM-->NA,,,,,,,,,,,,,,,,,NA-->ZM,NA-->ZM,NA-->ZM,NA-->ZM,NA-->ZM,NA-->ZM,NA-->ZM,NA-->ZM,NA-->ZM,NA-->ZM,NA-->ZM,NA-->ZM,NA-->ZM,NA-->ZM,NA-->ZM,NA-->ZM,NA-->ZM,NA-->ZM,NA-->ZM
ZW,ZWE,Zimbabwe,Harare,Africa,Eastern Africa,,ZW-->NA,ZW-->NA,ZW-->NA,ZW-->NA,ZW-->NA,ZW-->NA,ZW-->NA,ZW-->NA,ZW-->NA,ZW-->NA,ZW-->NA,ZW-->NA,ZW-->NA,ZW-->NA,ZW-->NA,ZW-->NA,ZW-->NA,ZW-->NA,ZW-->NA,,,,,,,,,,,,,,,,,NA-->ZW,NA-->ZW,NA-->ZW,NA-->ZW,NA-->ZW,NA-->ZW,NA-->ZW,NA-->ZW,NA-->ZW,NA-->ZW,NA-->ZW,NA-->ZW,NA-->ZW,NA-->ZW,NA-->ZW,NA-->ZW,NA-->ZW,NA-->ZW,NA-->ZW
