nu,code,name,capital,region,subregion,Unnamed: 6,quara/into/where/e,quara/into/where/v,quara/into/where/uv,quara/into/min/e,quara/into/min/v,quara/into/min/uv,quara/into/max/e,quara/into/max/v,quara/into/max/uv,quara/into/comment,test/into/pcr/e,test/into/pcr/v,test/into/pcr/uv,test/into/ag/e,test/into/ag/v,test/into/ag/uv,test/into/comment,visa/into,visa/into/comment,loadStates/into,Unnamed: 27,Unnamed: 28,Unnamed: 29,Unnamed: 30,Unnamed: 31,Unnamed: 32,Unnamed: 33,Unnamed: 34,Unnamed: 35,Unnamed: 36,Unnamed: 37,Unnamed: 38,Unnamed: 39,Unnamed: 40,Unnamed: 41,quara/out/where/e,quara/out/where/v,quara/out/where/uv,quara/out/min/e,quara/out/min/v,quara/out/min/uv,quara/out/max/e,quara/out/max/v,quara/out/max/uv,quara/out/comment,test/out/pcr/e,test/out/pcr/v,test/out/pcr/uv,test/out/ag/e,test/out/ag/v,test/out/ag/uv,test/out/comment,visa/out,visa/out/comment
AF,AFG,Afghanistan,Kabul,Asia,Southern Asia,,AF-->GD,AF-->GD,AF-->GD,AF-->GD,AF-->GD,AF-->GD,AF-->GD,AF-->GD,AF-->GD,AF-->GD,AF-->GD,AF-->GD,AF-->GD,AF-->GD,AF-->GD,AF-->GD,AF-->GD,AF-->GD,AF-->GD,,,,,,,,,,,,,,,,,GD-->AF,GD-->AF,GD-->AF,GD-->AF,GD-->AF,GD-->AF,GD-->AF,GD-->AF,GD-->AF,GD-->AF,GD-->AF,GD-->AF,GD-->AF,GD-->AF,GD-->AF,GD-->AF,GD-->AF,GD-->AF,GD-->AF
AX,ALA,Åland Islands,Mariehamn,Europe,Northern Europe,,AX-->GD,AX-->GD,AX-->GD,AX-->GD,AX-->GD,AX-->GD,AX-->GD,AX-->GD,AX-->GD,AX-->GD,AX-->GD,AX-->GD,AX-->GD,AX-->GD,AX-->GD,AX-->GD,AX-->GD,AX-->GD,AX-->GD,,,,,,,,,,,,,,,,,GD-->AX,GD-->AX,GD-->AX,GD-->AX,GD-->AX,GD-->AX,GD-->AX,GD-->AX,GD-->AX,GD-->AX,GD-->AX,GD-->AX,GD-->AX,GD-->AX,GD-->AX,GD-->AX,GD-->AX,GD-->AX,GD-->AX
AL,ALB,Albania,Tirana,Europe,Southern Europe,,AL-->GD,AL-->GD,AL-->GD,AL-->GD,AL-->GD,AL-->GD,AL-->GD,AL-->GD,AL-->GD,AL-->GD,AL-->GD,AL-->GD,AL-->GD,AL-->GD,AL-->GD,AL-->GD,AL-->GD,AL-->GD,AL-->GD,,,,,,,,,,,,,,,,,GD-->AL,GD-->AL,GD-->AL,GD-->AL,GD-->AL,GD-->AL,GD-->AL,GD-->AL,GD-->AL,GD-->AL,GD-->AL,GD-->AL,GD-->AL,GD-->AL,GD-->AL,GD-->AL,GD-->AL,GD-->AL,GD-->AL
DZ,DZA,Algeria,Algiers,Africa,Northern Africa,,DZ-->GD,DZ-->GD,DZ-->GD,DZ-->GD,DZ-->GD,DZ-->GD,DZ-->GD,DZ-->GD,DZ-->GD,DZ-->GD,DZ-->GD,DZ-->GD,DZ-->GD,DZ-->GD,DZ-->GD,DZ-->GD,DZ-->GD,DZ-->GD,DZ-->GD,,,,,,,,,,,,,,,,,GD-->DZ,GD-->DZ,GD-->DZ,GD-->DZ,GD-->DZ,GD-->DZ,GD-->DZ,GD-->DZ,GD-->DZ,GD-->DZ,GD-->DZ,GD-->DZ,GD-->DZ,GD-->DZ,GD-->DZ,GD-->DZ,GD-->DZ,GD-->DZ,GD-->DZ
AS,ASM,American Samoa,Pago Pago,Oceania,Polynesia,,AS-->GD,AS-->GD,AS-->GD,AS-->GD,AS-->GD,AS-->GD,AS-->GD,AS-->GD,AS-->GD,AS-->GD,AS-->GD,AS-->GD,AS-->GD,AS-->GD,AS-->GD,AS-->GD,AS-->GD,AS-->GD,AS-->GD,,,,,,,,,,,,,,,,,GD-->AS,GD-->AS,GD-->AS,GD-->AS,GD-->AS,GD-->AS,GD-->AS,GD-->AS,GD-->AS,GD-->AS,GD-->AS,GD-->AS,GD-->AS,GD-->AS,GD-->AS,GD-->AS,GD-->AS,GD-->AS,GD-->AS
AD,AND,Andorra,Andorra la Vella,Europe,Southern Europe,,AD-->GD,AD-->GD,AD-->GD,AD-->GD,AD-->GD,AD-->GD,AD-->GD,AD-->GD,AD-->GD,AD-->GD,AD-->GD,AD-->GD,AD-->GD,AD-->GD,AD-->GD,AD-->GD,AD-->GD,AD-->GD,AD-->GD,,,,,,,,,,,,,,,,,GD-->AD,GD-->AD,GD-->AD,GD-->AD,GD-->AD,GD-->AD,GD-->AD,GD-->AD,GD-->AD,GD-->AD,GD-->AD,GD-->AD,GD-->AD,GD-->AD,GD-->AD,GD-->AD,GD-->AD,GD-->AD,GD-->AD
AO,AGO,Angola,Luanda,Africa,Middle Africa,,AO-->GD,AO-->GD,AO-->GD,AO-->GD,AO-->GD,AO-->GD,AO-->GD,AO-->GD,AO-->GD,AO-->GD,AO-->GD,AO-->GD,AO-->GD,AO-->GD,AO-->GD,AO-->GD,AO-->GD,AO-->GD,AO-->GD,,,,,,,,,,,,,,,,,GD-->AO,GD-->AO,GD-->AO,GD-->AO,GD-->AO,GD-->AO,GD-->AO,GD-->AO,GD-->AO,GD-->AO,GD-->AO,GD-->AO,GD-->AO,GD-->AO,GD-->AO,GD-->AO,GD-->AO,GD-->AO,GD-->AO
AI,AIA,Anguilla,The Valley,Americas,Caribbean,,AI-->GD,AI-->GD,AI-->GD,AI-->GD,AI-->GD,AI-->GD,AI-->GD,AI-->GD,AI-->GD,AI-->GD,AI-->GD,AI-->GD,AI-->GD,AI-->GD,AI-->GD,AI-->GD,AI-->GD,AI-->GD,AI-->GD,,,,,,,,,,,,,,,,,GD-->AI,GD-->AI,GD-->AI,GD-->AI,GD-->AI,GD-->AI,GD-->AI,GD-->AI,GD-->AI,GD-->AI,GD-->AI,GD-->AI,GD-->AI,GD-->AI,GD-->AI,GD-->AI,GD-->AI,GD-->AI,GD-->AI
AQ,ATA,Antarctica,,Polar,,,AQ-->GD,AQ-->GD,AQ-->GD,AQ-->GD,AQ-->GD,AQ-->GD,AQ-->GD,AQ-->GD,AQ-->GD,AQ-->GD,AQ-->GD,AQ-->GD,AQ-->GD,AQ-->GD,AQ-->GD,AQ-->GD,AQ-->GD,AQ-->GD,AQ-->GD,,,,,,,,,,,,,,,,,GD-->AQ,GD-->AQ,GD-->AQ,GD-->AQ,GD-->AQ,GD-->AQ,GD-->AQ,GD-->AQ,GD-->AQ,GD-->AQ,GD-->AQ,GD-->AQ,GD-->AQ,GD-->AQ,GD-->AQ,GD-->AQ,GD-->AQ,GD-->AQ,GD-->AQ
AG,ATG,Antigua and Barbuda,Saint John's,Americas,Caribbean,,AG-->GD,AG-->GD,AG-->GD,AG-->GD,AG-->GD,AG-->GD,AG-->GD,AG-->GD,AG-->GD,AG-->GD,AG-->GD,AG-->GD,AG-->GD,AG-->GD,AG-->GD,AG-->GD,AG-->GD,AG-->GD,AG-->GD,,,,,,,,,,,,,,,,,GD-->AG,GD-->AG,GD-->AG,GD-->AG,GD-->AG,GD-->AG,GD-->AG,GD-->AG,GD-->AG,GD-->AG,GD-->AG,GD-->AG,GD-->AG,GD-->AG,GD-->AG,GD-->AG,GD-->AG,GD-->AG,GD-->AG
AR,ARG,Argentina,Buenos Aires,Americas,South America,,AR-->GD,AR-->GD,AR-->GD,AR-->GD,AR-->GD,AR-->GD,AR-->GD,AR-->GD,AR-->GD,AR-->GD,AR-->GD,AR-->GD,AR-->GD,AR-->GD,AR-->GD,AR-->GD,AR-->GD,AR-->GD,AR-->GD,,,,,,,,,,,,,,,,,GD-->AR,GD-->AR,GD-->AR,GD-->AR,GD-->AR,GD-->AR,GD-->AR,GD-->AR,GD-->AR,GD-->AR,GD-->AR,GD-->AR,GD-->AR,GD-->AR,GD-->AR,GD-->AR,GD-->AR,GD-->AR,GD-->AR
AM,ARM,Armenia,Yerevan,Asia,Western Asia,,AM-->GD,AM-->GD,AM-->GD,AM-->GD,AM-->GD,AM-->GD,AM-->GD,AM-->GD,AM-->GD,AM-->GD,AM-->GD,AM-->GD,AM-->GD,AM-->GD,AM-->GD,AM-->GD,AM-->GD,AM-->GD,AM-->GD,,,,,,,,,,,,,,,,,GD-->AM,GD-->AM,GD-->AM,GD-->AM,GD-->AM,GD-->AM,GD-->AM,GD-->AM,GD-->AM,GD-->AM,GD-->AM,GD-->AM,GD-->AM,GD-->AM,GD-->AM,GD-->AM,GD-->AM,GD-->AM,GD-->AM
AW,ABW,Aruba,Oranjestad,Americas,Caribbean,,AW-->GD,AW-->GD,AW-->GD,AW-->GD,AW-->GD,AW-->GD,AW-->GD,AW-->GD,AW-->GD,AW-->GD,AW-->GD,AW-->GD,AW-->GD,AW-->GD,AW-->GD,AW-->GD,AW-->GD,AW-->GD,AW-->GD,,,,,,,,,,,,,,,,,GD-->AW,GD-->AW,GD-->AW,GD-->AW,GD-->AW,GD-->AW,GD-->AW,GD-->AW,GD-->AW,GD-->AW,GD-->AW,GD-->AW,GD-->AW,GD-->AW,GD-->AW,GD-->AW,GD-->AW,GD-->AW,GD-->AW
AU,AUS,Australia,Canberra,Oceania,Australia and New Zealand,,AU-->GD,AU-->GD,AU-->GD,AU-->GD,AU-->GD,AU-->GD,AU-->GD,AU-->GD,AU-->GD,AU-->GD,AU-->GD,AU-->GD,AU-->GD,AU-->GD,AU-->GD,AU-->GD,AU-->GD,AU-->GD,AU-->GD,,,,,,,,,,,,,,,,,GD-->AU,GD-->AU,GD-->AU,GD-->AU,GD-->AU,GD-->AU,GD-->AU,GD-->AU,GD-->AU,GD-->AU,GD-->AU,GD-->AU,GD-->AU,GD-->AU,GD-->AU,GD-->AU,GD-->AU,GD-->AU,GD-->AU
AT,AUT,Austria,Vienna,Europe,Western Europe,,AT-->GD,AT-->GD,AT-->GD,AT-->GD,AT-->GD,AT-->GD,AT-->GD,AT-->GD,AT-->GD,AT-->GD,AT-->GD,AT-->GD,AT-->GD,AT-->GD,AT-->GD,AT-->GD,AT-->GD,AT-->GD,AT-->GD,,,,,,,,,,,,,,,,,GD-->AT,GD-->AT,GD-->AT,GD-->AT,GD-->AT,GD-->AT,GD-->AT,GD-->AT,GD-->AT,GD-->AT,GD-->AT,GD-->AT,GD-->AT,GD-->AT,GD-->AT,GD-->AT,GD-->AT,GD-->AT,GD-->AT
AZ,AZE,Azerbaijan,Baku,Asia,Western Asia,,AZ-->GD,AZ-->GD,AZ-->GD,AZ-->GD,AZ-->GD,AZ-->GD,AZ-->GD,AZ-->GD,AZ-->GD,AZ-->GD,AZ-->GD,AZ-->GD,AZ-->GD,AZ-->GD,AZ-->GD,AZ-->GD,AZ-->GD,AZ-->GD,AZ-->GD,,,,,,,,,,,,,,,,,GD-->AZ,GD-->AZ,GD-->AZ,GD-->AZ,GD-->AZ,GD-->AZ,GD-->AZ,GD-->AZ,GD-->AZ,GD-->AZ,GD-->AZ,GD-->AZ,GD-->AZ,GD-->AZ,GD-->AZ,GD-->AZ,GD-->AZ,GD-->AZ,GD-->AZ
BS,BHS,The Bahamas,Nassau,Americas,Caribbean,,BS-->GD,BS-->GD,BS-->GD,BS-->GD,BS-->GD,BS-->GD,BS-->GD,BS-->GD,BS-->GD,BS-->GD,BS-->GD,BS-->GD,BS-->GD,BS-->GD,BS-->GD,BS-->GD,BS-->GD,BS-->GD,BS-->GD,,,,,,,,,,,,,,,,,GD-->BS,GD-->BS,GD-->BS,GD-->BS,GD-->BS,GD-->BS,GD-->BS,GD-->BS,GD-->BS,GD-->BS,GD-->BS,GD-->BS,GD-->BS,GD-->BS,GD-->BS,GD-->BS,GD-->BS,GD-->BS,GD-->BS
BH,BHR,Bahrain,Manama,Asia,Western Asia,,BH-->GD,BH-->GD,BH-->GD,BH-->GD,BH-->GD,BH-->GD,BH-->GD,BH-->GD,BH-->GD,BH-->GD,BH-->GD,BH-->GD,BH-->GD,BH-->GD,BH-->GD,BH-->GD,BH-->GD,BH-->GD,BH-->GD,,,,,,,,,,,,,,,,,GD-->BH,GD-->BH,GD-->BH,GD-->BH,GD-->BH,GD-->BH,GD-->BH,GD-->BH,GD-->BH,GD-->BH,GD-->BH,GD-->BH,GD-->BH,GD-->BH,GD-->BH,GD-->BH,GD-->BH,GD-->BH,GD-->BH
BD,BGD,Bangladesh,Dhaka,Asia,Southern Asia,,BD-->GD,BD-->GD,BD-->GD,BD-->GD,BD-->GD,BD-->GD,BD-->GD,BD-->GD,BD-->GD,BD-->GD,BD-->GD,BD-->GD,BD-->GD,BD-->GD,BD-->GD,BD-->GD,BD-->GD,BD-->GD,BD-->GD,,,,,,,,,,,,,,,,,GD-->BD,GD-->BD,GD-->BD,GD-->BD,GD-->BD,GD-->BD,GD-->BD,GD-->BD,GD-->BD,GD-->BD,GD-->BD,GD-->BD,GD-->BD,GD-->BD,GD-->BD,GD-->BD,GD-->BD,GD-->BD,GD-->BD
BB,BRB,Barbados,Bridgetown,Americas,Caribbean,,BB-->GD,BB-->GD,BB-->GD,BB-->GD,BB-->GD,BB-->GD,BB-->GD,BB-->GD,BB-->GD,BB-->GD,BB-->GD,BB-->GD,BB-->GD,BB-->GD,BB-->GD,BB-->GD,BB-->GD,BB-->GD,BB-->GD,,,,,,,,,,,,,,,,,GD-->BB,GD-->BB,GD-->BB,GD-->BB,GD-->BB,GD-->BB,GD-->BB,GD-->BB,GD-->BB,GD-->BB,GD-->BB,GD-->BB,GD-->BB,GD-->BB,GD-->BB,GD-->BB,GD-->BB,GD-->BB,GD-->BB
BY,BLR,Belarus,Minsk,Europe,Eastern Europe,,BY-->GD,BY-->GD,BY-->GD,BY-->GD,BY-->GD,BY-->GD,BY-->GD,BY-->GD,BY-->GD,BY-->GD,BY-->GD,BY-->GD,BY-->GD,BY-->GD,BY-->GD,BY-->GD,BY-->GD,BY-->GD,BY-->GD,,,,,,,,,,,,,,,,,GD-->BY,GD-->BY,GD-->BY,GD-->BY,GD-->BY,GD-->BY,GD-->BY,GD-->BY,GD-->BY,GD-->BY,GD-->BY,GD-->BY,GD-->BY,GD-->BY,GD-->BY,GD-->BY,GD-->BY,GD-->BY,GD-->BY
BE,BEL,Belgium,Brussels,Europe,Western Europe,,BE-->GD,BE-->GD,BE-->GD,BE-->GD,BE-->GD,BE-->GD,BE-->GD,BE-->GD,BE-->GD,BE-->GD,BE-->GD,BE-->GD,BE-->GD,BE-->GD,BE-->GD,BE-->GD,BE-->GD,BE-->GD,BE-->GD,,,,,,,,,,,,,,,,,GD-->BE,GD-->BE,GD-->BE,GD-->BE,GD-->BE,GD-->BE,GD-->BE,GD-->BE,GD-->BE,GD-->BE,GD-->BE,GD-->BE,GD-->BE,GD-->BE,GD-->BE,GD-->BE,GD-->BE,GD-->BE,GD-->BE
BZ,BLZ,Belize,Belmopan,Americas,Central America,,BZ-->GD,BZ-->GD,BZ-->GD,BZ-->GD,BZ-->GD,BZ-->GD,BZ-->GD,BZ-->GD,BZ-->GD,BZ-->GD,BZ-->GD,BZ-->GD,BZ-->GD,BZ-->GD,BZ-->GD,BZ-->GD,BZ-->GD,BZ-->GD,BZ-->GD,,,,,,,,,,,,,,,,,GD-->BZ,GD-->BZ,GD-->BZ,GD-->BZ,GD-->BZ,GD-->BZ,GD-->BZ,GD-->BZ,GD-->BZ,GD-->BZ,GD-->BZ,GD-->BZ,GD-->BZ,GD-->BZ,GD-->BZ,GD-->BZ,GD-->BZ,GD-->BZ,GD-->BZ
BJ,BEN,Benin,Porto-Novo,Africa,Western Africa,,BJ-->GD,BJ-->GD,BJ-->GD,BJ-->GD,BJ-->GD,BJ-->GD,BJ-->GD,BJ-->GD,BJ-->GD,BJ-->GD,BJ-->GD,BJ-->GD,BJ-->GD,BJ-->GD,BJ-->GD,BJ-->GD,BJ-->GD,BJ-->GD,BJ-->GD,,,,,,,,,,,,,,,,,GD-->BJ,GD-->BJ,GD-->BJ,GD-->BJ,GD-->BJ,GD-->BJ,GD-->BJ,GD-->BJ,GD-->BJ,GD-->BJ,GD-->BJ,GD-->BJ,GD-->BJ,GD-->BJ,GD-->BJ,GD-->BJ,GD-->BJ,GD-->BJ,GD-->BJ
BM,BMU,Bermuda,Hamilton,Americas,Northern America,,BM-->GD,BM-->GD,BM-->GD,BM-->GD,BM-->GD,BM-->GD,BM-->GD,BM-->GD,BM-->GD,BM-->GD,BM-->GD,BM-->GD,BM-->GD,BM-->GD,BM-->GD,BM-->GD,BM-->GD,BM-->GD,BM-->GD,,,,,,,,,,,,,,,,,GD-->BM,GD-->BM,GD-->BM,GD-->BM,GD-->BM,GD-->BM,GD-->BM,GD-->BM,GD-->BM,GD-->BM,GD-->BM,GD-->BM,GD-->BM,GD-->BM,GD-->BM,GD-->BM,GD-->BM,GD-->BM,GD-->BM
BT,BTN,Bhutan,Thimphu,Asia,Southern Asia,,BT-->GD,BT-->GD,BT-->GD,BT-->GD,BT-->GD,BT-->GD,BT-->GD,BT-->GD,BT-->GD,BT-->GD,BT-->GD,BT-->GD,BT-->GD,BT-->GD,BT-->GD,BT-->GD,BT-->GD,BT-->GD,BT-->GD,,,,,,,,,,,,,,,,,GD-->BT,GD-->BT,GD-->BT,GD-->BT,GD-->BT,GD-->BT,GD-->BT,GD-->BT,GD-->BT,GD-->BT,GD-->BT,GD-->BT,GD-->BT,GD-->BT,GD-->BT,GD-->BT,GD-->BT,GD-->BT,GD-->BT
BO,BOL,Bolivia,Sucre,Americas,South America,,BO-->GD,BO-->GD,BO-->GD,BO-->GD,BO-->GD,BO-->GD,BO-->GD,BO-->GD,BO-->GD,BO-->GD,BO-->GD,BO-->GD,BO-->GD,BO-->GD,BO-->GD,BO-->GD,BO-->GD,BO-->GD,BO-->GD,,,,,,,,,,,,,,,,,GD-->BO,GD-->BO,GD-->BO,GD-->BO,GD-->BO,GD-->BO,GD-->BO,GD-->BO,GD-->BO,GD-->BO,GD-->BO,GD-->BO,GD-->BO,GD-->BO,GD-->BO,GD-->BO,GD-->BO,GD-->BO,GD-->BO
BQ,BES,Bonaire,Kralendijk,Americas,Caribbean,,BQ-->GD,BQ-->GD,BQ-->GD,BQ-->GD,BQ-->GD,BQ-->GD,BQ-->GD,BQ-->GD,BQ-->GD,BQ-->GD,BQ-->GD,BQ-->GD,BQ-->GD,BQ-->GD,BQ-->GD,BQ-->GD,BQ-->GD,BQ-->GD,BQ-->GD,,,,,,,,,,,,,,,,,GD-->BQ,GD-->BQ,GD-->BQ,GD-->BQ,GD-->BQ,GD-->BQ,GD-->BQ,GD-->BQ,GD-->BQ,GD-->BQ,GD-->BQ,GD-->BQ,GD-->BQ,GD-->BQ,GD-->BQ,GD-->BQ,GD-->BQ,GD-->BQ,GD-->BQ
BA,BIH,Bosnia and Herzegovina,Sarajevo,Europe,Southern Europe,,BA-->GD,BA-->GD,BA-->GD,BA-->GD,BA-->GD,BA-->GD,BA-->GD,BA-->GD,BA-->GD,BA-->GD,BA-->GD,BA-->GD,BA-->GD,BA-->GD,BA-->GD,BA-->GD,BA-->GD,BA-->GD,BA-->GD,,,,,,,,,,,,,,,,,GD-->BA,GD-->BA,GD-->BA,GD-->BA,GD-->BA,GD-->BA,GD-->BA,GD-->BA,GD-->BA,GD-->BA,GD-->BA,GD-->BA,GD-->BA,GD-->BA,GD-->BA,GD-->BA,GD-->BA,GD-->BA,GD-->BA
BW,BWA,Botswana,Gaborone,Africa,Southern Africa,,BW-->GD,BW-->GD,BW-->GD,BW-->GD,BW-->GD,BW-->GD,BW-->GD,BW-->GD,BW-->GD,BW-->GD,BW-->GD,BW-->GD,BW-->GD,BW-->GD,BW-->GD,BW-->GD,BW-->GD,BW-->GD,BW-->GD,,,,,,,,,,,,,,,,,GD-->BW,GD-->BW,GD-->BW,GD-->BW,GD-->BW,GD-->BW,GD-->BW,GD-->BW,GD-->BW,GD-->BW,GD-->BW,GD-->BW,GD-->BW,GD-->BW,GD-->BW,GD-->BW,GD-->BW,GD-->BW,GD-->BW
BV,BVT,Bouvet Island,,,,,BV-->GD,BV-->GD,BV-->GD,BV-->GD,BV-->GD,BV-->GD,BV-->GD,BV-->GD,BV-->GD,BV-->GD,BV-->GD,BV-->GD,BV-->GD,BV-->GD,BV-->GD,BV-->GD,BV-->GD,BV-->GD,BV-->GD,,,,,,,,,,,,,,,,,GD-->BV,GD-->BV,GD-->BV,GD-->BV,GD-->BV,GD-->BV,GD-->BV,GD-->BV,GD-->BV,GD-->BV,GD-->BV,GD-->BV,GD-->BV,GD-->BV,GD-->BV,GD-->BV,GD-->BV,GD-->BV,GD-->BV
BR,BRA,Brazil,Brasília,Americas,South America,,BR-->GD,BR-->GD,BR-->GD,BR-->GD,BR-->GD,BR-->GD,BR-->GD,BR-->GD,BR-->GD,BR-->GD,BR-->GD,BR-->GD,BR-->GD,BR-->GD,BR-->GD,BR-->GD,BR-->GD,BR-->GD,BR-->GD,,,,,,,,,,,,,,,,,GD-->BR,GD-->BR,GD-->BR,GD-->BR,GD-->BR,GD-->BR,GD-->BR,GD-->BR,GD-->BR,GD-->BR,GD-->BR,GD-->BR,GD-->BR,GD-->BR,GD-->BR,GD-->BR,GD-->BR,GD-->BR,GD-->BR
IO,IOT,British Indian Ocean Territory,Diego Garcia,Africa,Eastern Africa,,IO-->GD,IO-->GD,IO-->GD,IO-->GD,IO-->GD,IO-->GD,IO-->GD,IO-->GD,IO-->GD,IO-->GD,IO-->GD,IO-->GD,IO-->GD,IO-->GD,IO-->GD,IO-->GD,IO-->GD,IO-->GD,IO-->GD,,,,,,,,,,,,,,,,,GD-->IO,GD-->IO,GD-->IO,GD-->IO,GD-->IO,GD-->IO,GD-->IO,GD-->IO,GD-->IO,GD-->IO,GD-->IO,GD-->IO,GD-->IO,GD-->IO,GD-->IO,GD-->IO,GD-->IO,GD-->IO,GD-->IO
UM,UMI,United States Minor Outlying Islands,,Americas,Northern America,,UM-->GD,UM-->GD,UM-->GD,UM-->GD,UM-->GD,UM-->GD,UM-->GD,UM-->GD,UM-->GD,UM-->GD,UM-->GD,UM-->GD,UM-->GD,UM-->GD,UM-->GD,UM-->GD,UM-->GD,UM-->GD,UM-->GD,,,,,,,,,,,,,,,,,GD-->UM,GD-->UM,GD-->UM,GD-->UM,GD-->UM,GD-->UM,GD-->UM,GD-->UM,GD-->UM,GD-->UM,GD-->UM,GD-->UM,GD-->UM,GD-->UM,GD-->UM,GD-->UM,GD-->UM,GD-->UM,GD-->UM
VG,VGB,Virgin Islands (British),Road Town,Americas,Caribbean,,VG-->GD,VG-->GD,VG-->GD,VG-->GD,VG-->GD,VG-->GD,VG-->GD,VG-->GD,VG-->GD,VG-->GD,VG-->GD,VG-->GD,VG-->GD,VG-->GD,VG-->GD,VG-->GD,VG-->GD,VG-->GD,VG-->GD,,,,,,,,,,,,,,,,,GD-->VG,GD-->VG,GD-->VG,GD-->VG,GD-->VG,GD-->VG,GD-->VG,GD-->VG,GD-->VG,GD-->VG,GD-->VG,GD-->VG,GD-->VG,GD-->VG,GD-->VG,GD-->VG,GD-->VG,GD-->VG,GD-->VG
VI,VIR,Virgin Islands (U.S.),Charlotte Amalie,Americas,Caribbean,,VI-->GD,VI-->GD,VI-->GD,VI-->GD,VI-->GD,VI-->GD,VI-->GD,VI-->GD,VI-->GD,VI-->GD,VI-->GD,VI-->GD,VI-->GD,VI-->GD,VI-->GD,VI-->GD,VI-->GD,VI-->GD,VI-->GD,,,,,,,,,,,,,,,,,GD-->VI,GD-->VI,GD-->VI,GD-->VI,GD-->VI,GD-->VI,GD-->VI,GD-->VI,GD-->VI,GD-->VI,GD-->VI,GD-->VI,GD-->VI,GD-->VI,GD-->VI,GD-->VI,GD-->VI,GD-->VI,GD-->VI
BN,BRN,Brunei,Bandar Seri Begawan,Asia,South-Eastern Asia,,BN-->GD,BN-->GD,BN-->GD,BN-->GD,BN-->GD,BN-->GD,BN-->GD,BN-->GD,BN-->GD,BN-->GD,BN-->GD,BN-->GD,BN-->GD,BN-->GD,BN-->GD,BN-->GD,BN-->GD,BN-->GD,BN-->GD,,,,,,,,,,,,,,,,,GD-->BN,GD-->BN,GD-->BN,GD-->BN,GD-->BN,GD-->BN,GD-->BN,GD-->BN,GD-->BN,GD-->BN,GD-->BN,GD-->BN,GD-->BN,GD-->BN,GD-->BN,GD-->BN,GD-->BN,GD-->BN,GD-->BN
BG,BGR,Bulgaria,Sofia,Europe,Eastern Europe,,BG-->GD,BG-->GD,BG-->GD,BG-->GD,BG-->GD,BG-->GD,BG-->GD,BG-->GD,BG-->GD,BG-->GD,BG-->GD,BG-->GD,BG-->GD,BG-->GD,BG-->GD,BG-->GD,BG-->GD,BG-->GD,BG-->GD,,,,,,,,,,,,,,,,,GD-->BG,GD-->BG,GD-->BG,GD-->BG,GD-->BG,GD-->BG,GD-->BG,GD-->BG,GD-->BG,GD-->BG,GD-->BG,GD-->BG,GD-->BG,GD-->BG,GD-->BG,GD-->BG,GD-->BG,GD-->BG,GD-->BG
BF,BFA,Burkina Faso,Ouagadougou,Africa,Western Africa,,BF-->GD,BF-->GD,BF-->GD,BF-->GD,BF-->GD,BF-->GD,BF-->GD,BF-->GD,BF-->GD,BF-->GD,BF-->GD,BF-->GD,BF-->GD,BF-->GD,BF-->GD,BF-->GD,BF-->GD,BF-->GD,BF-->GD,,,,,,,,,,,,,,,,,GD-->BF,GD-->BF,GD-->BF,GD-->BF,GD-->BF,GD-->BF,GD-->BF,GD-->BF,GD-->BF,GD-->BF,GD-->BF,GD-->BF,GD-->BF,GD-->BF,GD-->BF,GD-->BF,GD-->BF,GD-->BF,GD-->BF
BI,BDI,Burundi,Bujumbura,Africa,Eastern Africa,,BI-->GD,BI-->GD,BI-->GD,BI-->GD,BI-->GD,BI-->GD,BI-->GD,BI-->GD,BI-->GD,BI-->GD,BI-->GD,BI-->GD,BI-->GD,BI-->GD,BI-->GD,BI-->GD,BI-->GD,BI-->GD,BI-->GD,,,,,,,,,,,,,,,,,GD-->BI,GD-->BI,GD-->BI,GD-->BI,GD-->BI,GD-->BI,GD-->BI,GD-->BI,GD-->BI,GD-->BI,GD-->BI,GD-->BI,GD-->BI,GD-->BI,GD-->BI,GD-->BI,GD-->BI,GD-->BI,GD-->BI
KH,KHM,Cambodia,Phnom Penh,Asia,South-Eastern Asia,,KH-->GD,KH-->GD,KH-->GD,KH-->GD,KH-->GD,KH-->GD,KH-->GD,KH-->GD,KH-->GD,KH-->GD,KH-->GD,KH-->GD,KH-->GD,KH-->GD,KH-->GD,KH-->GD,KH-->GD,KH-->GD,KH-->GD,,,,,,,,,,,,,,,,,GD-->KH,GD-->KH,GD-->KH,GD-->KH,GD-->KH,GD-->KH,GD-->KH,GD-->KH,GD-->KH,GD-->KH,GD-->KH,GD-->KH,GD-->KH,GD-->KH,GD-->KH,GD-->KH,GD-->KH,GD-->KH,GD-->KH
CM,CMR,Cameroon,Yaoundé,Africa,Middle Africa,,CM-->GD,CM-->GD,CM-->GD,CM-->GD,CM-->GD,CM-->GD,CM-->GD,CM-->GD,CM-->GD,CM-->GD,CM-->GD,CM-->GD,CM-->GD,CM-->GD,CM-->GD,CM-->GD,CM-->GD,CM-->GD,CM-->GD,,,,,,,,,,,,,,,,,GD-->CM,GD-->CM,GD-->CM,GD-->CM,GD-->CM,GD-->CM,GD-->CM,GD-->CM,GD-->CM,GD-->CM,GD-->CM,GD-->CM,GD-->CM,GD-->CM,GD-->CM,GD-->CM,GD-->CM,GD-->CM,GD-->CM
CA,CAN,Canada,Ottawa,Americas,Northern America,,CA-->GD,CA-->GD,CA-->GD,CA-->GD,CA-->GD,CA-->GD,CA-->GD,CA-->GD,CA-->GD,CA-->GD,CA-->GD,CA-->GD,CA-->GD,CA-->GD,CA-->GD,CA-->GD,CA-->GD,CA-->GD,CA-->GD,,,,,,,,,,,,,,,,,GD-->CA,GD-->CA,GD-->CA,GD-->CA,GD-->CA,GD-->CA,GD-->CA,GD-->CA,GD-->CA,GD-->CA,GD-->CA,GD-->CA,GD-->CA,GD-->CA,GD-->CA,GD-->CA,GD-->CA,GD-->CA,GD-->CA
CV,CPV,Cape Verde,Praia,Africa,Western Africa,,CV-->GD,CV-->GD,CV-->GD,CV-->GD,CV-->GD,CV-->GD,CV-->GD,CV-->GD,CV-->GD,CV-->GD,CV-->GD,CV-->GD,CV-->GD,CV-->GD,CV-->GD,CV-->GD,CV-->GD,CV-->GD,CV-->GD,,,,,,,,,,,,,,,,,GD-->CV,GD-->CV,GD-->CV,GD-->CV,GD-->CV,GD-->CV,GD-->CV,GD-->CV,GD-->CV,GD-->CV,GD-->CV,GD-->CV,GD-->CV,GD-->CV,GD-->CV,GD-->CV,GD-->CV,GD-->CV,GD-->CV
KY,CYM,Cayman Islands,George Town,Americas,Caribbean,,KY-->GD,KY-->GD,KY-->GD,KY-->GD,KY-->GD,KY-->GD,KY-->GD,KY-->GD,KY-->GD,KY-->GD,KY-->GD,KY-->GD,KY-->GD,KY-->GD,KY-->GD,KY-->GD,KY-->GD,KY-->GD,KY-->GD,,,,,,,,,,,,,,,,,GD-->KY,GD-->KY,GD-->KY,GD-->KY,GD-->KY,GD-->KY,GD-->KY,GD-->KY,GD-->KY,GD-->KY,GD-->KY,GD-->KY,GD-->KY,GD-->KY,GD-->KY,GD-->KY,GD-->KY,GD-->KY,GD-->KY
CF,CAF,Central African Republic,Bangui,Africa,Middle Africa,,CF-->GD,CF-->GD,CF-->GD,CF-->GD,CF-->GD,CF-->GD,CF-->GD,CF-->GD,CF-->GD,CF-->GD,CF-->GD,CF-->GD,CF-->GD,CF-->GD,CF-->GD,CF-->GD,CF-->GD,CF-->GD,CF-->GD,,,,,,,,,,,,,,,,,GD-->CF,GD-->CF,GD-->CF,GD-->CF,GD-->CF,GD-->CF,GD-->CF,GD-->CF,GD-->CF,GD-->CF,GD-->CF,GD-->CF,GD-->CF,GD-->CF,GD-->CF,GD-->CF,GD-->CF,GD-->CF,GD-->CF
TD,TCD,Chad,N'Djamena,Africa,Middle Africa,,TD-->GD,TD-->GD,TD-->GD,TD-->GD,TD-->GD,TD-->GD,TD-->GD,TD-->GD,TD-->GD,TD-->GD,TD-->GD,TD-->GD,TD-->GD,TD-->GD,TD-->GD,TD-->GD,TD-->GD,TD-->GD,TD-->GD,,,,,,,,,,,,,,,,,GD-->TD,GD-->TD,GD-->TD,GD-->TD,GD-->TD,GD-->TD,GD-->TD,GD-->TD,GD-->TD,GD-->TD,GD-->TD,GD-->TD,GD-->TD,GD-->TD,GD-->TD,GD-->TD,GD-->TD,GD-->TD,GD-->TD
CL,CHL,Chile,Santiago,Americas,South America,,CL-->GD,CL-->GD,CL-->GD,CL-->GD,CL-->GD,CL-->GD,CL-->GD,CL-->GD,CL-->GD,CL-->GD,CL-->GD,CL-->GD,CL-->GD,CL-->GD,CL-->GD,CL-->GD,CL-->GD,CL-->GD,CL-->GD,,,,,,,,,,,,,,,,,GD-->CL,GD-->CL,GD-->CL,GD-->CL,GD-->CL,GD-->CL,GD-->CL,GD-->CL,GD-->CL,GD-->CL,GD-->CL,GD-->CL,GD-->CL,GD-->CL,GD-->CL,GD-->CL,GD-->CL,GD-->CL,GD-->CL
CN,CHN,China,Beijing,Asia,Eastern Asia,,CN-->GD,CN-->GD,CN-->GD,CN-->GD,CN-->GD,CN-->GD,CN-->GD,CN-->GD,CN-->GD,CN-->GD,CN-->GD,CN-->GD,CN-->GD,CN-->GD,CN-->GD,CN-->GD,CN-->GD,CN-->GD,CN-->GD,,,,,,,,,,,,,,,,,GD-->CN,GD-->CN,GD-->CN,GD-->CN,GD-->CN,GD-->CN,GD-->CN,GD-->CN,GD-->CN,GD-->CN,GD-->CN,GD-->CN,GD-->CN,GD-->CN,GD-->CN,GD-->CN,GD-->CN,GD-->CN,GD-->CN
CX,CXR,Christmas Island,Flying Fish Cove,Oceania,Australia and New Zealand,,CX-->GD,CX-->GD,CX-->GD,CX-->GD,CX-->GD,CX-->GD,CX-->GD,CX-->GD,CX-->GD,CX-->GD,CX-->GD,CX-->GD,CX-->GD,CX-->GD,CX-->GD,CX-->GD,CX-->GD,CX-->GD,CX-->GD,,,,,,,,,,,,,,,,,GD-->CX,GD-->CX,GD-->CX,GD-->CX,GD-->CX,GD-->CX,GD-->CX,GD-->CX,GD-->CX,GD-->CX,GD-->CX,GD-->CX,GD-->CX,GD-->CX,GD-->CX,GD-->CX,GD-->CX,GD-->CX,GD-->CX
CC,CCK,Cocos (Keeling) Islands,West Island,Oceania,Australia and New Zealand,,CC-->GD,CC-->GD,CC-->GD,CC-->GD,CC-->GD,CC-->GD,CC-->GD,CC-->GD,CC-->GD,CC-->GD,CC-->GD,CC-->GD,CC-->GD,CC-->GD,CC-->GD,CC-->GD,CC-->GD,CC-->GD,CC-->GD,,,,,,,,,,,,,,,,,GD-->CC,GD-->CC,GD-->CC,GD-->CC,GD-->CC,GD-->CC,GD-->CC,GD-->CC,GD-->CC,GD-->CC,GD-->CC,GD-->CC,GD-->CC,GD-->CC,GD-->CC,GD-->CC,GD-->CC,GD-->CC,GD-->CC
CO,COL,Colombia,Bogotá,Americas,South America,,CO-->GD,CO-->GD,CO-->GD,CO-->GD,CO-->GD,CO-->GD,CO-->GD,CO-->GD,CO-->GD,CO-->GD,CO-->GD,CO-->GD,CO-->GD,CO-->GD,CO-->GD,CO-->GD,CO-->GD,CO-->GD,CO-->GD,,,,,,,,,,,,,,,,,GD-->CO,GD-->CO,GD-->CO,GD-->CO,GD-->CO,GD-->CO,GD-->CO,GD-->CO,GD-->CO,GD-->CO,GD-->CO,GD-->CO,GD-->CO,GD-->CO,GD-->CO,GD-->CO,GD-->CO,GD-->CO,GD-->CO
KM,COM,Comoros,Moroni,Africa,Eastern Africa,,KM-->GD,KM-->GD,KM-->GD,KM-->GD,KM-->GD,KM-->GD,KM-->GD,KM-->GD,KM-->GD,KM-->GD,KM-->GD,KM-->GD,KM-->GD,KM-->GD,KM-->GD,KM-->GD,KM-->GD,KM-->GD,KM-->GD,,,,,,,,,,,,,,,,,GD-->KM,GD-->KM,GD-->KM,GD-->KM,GD-->KM,GD-->KM,GD-->KM,GD-->KM,GD-->KM,GD-->KM,GD-->KM,GD-->KM,GD-->KM,GD-->KM,GD-->KM,GD-->KM,GD-->KM,GD-->KM,GD-->KM
CG,COG,Republic of the Congo,Brazzaville,Africa,Middle Africa,,CG-->GD,CG-->GD,CG-->GD,CG-->GD,CG-->GD,CG-->GD,CG-->GD,CG-->GD,CG-->GD,CG-->GD,CG-->GD,CG-->GD,CG-->GD,CG-->GD,CG-->GD,CG-->GD,CG-->GD,CG-->GD,CG-->GD,,,,,,,,,,,,,,,,,GD-->CG,GD-->CG,GD-->CG,GD-->CG,GD-->CG,GD-->CG,GD-->CG,GD-->CG,GD-->CG,GD-->CG,GD-->CG,GD-->CG,GD-->CG,GD-->CG,GD-->CG,GD-->CG,GD-->CG,GD-->CG,GD-->CG
CD,COD,Democratic Republic of the Congo,Kinshasa,Africa,Middle Africa,,CD-->GD,CD-->GD,CD-->GD,CD-->GD,CD-->GD,CD-->GD,CD-->GD,CD-->GD,CD-->GD,CD-->GD,CD-->GD,CD-->GD,CD-->GD,CD-->GD,CD-->GD,CD-->GD,CD-->GD,CD-->GD,CD-->GD,,,,,,,,,,,,,,,,,GD-->CD,GD-->CD,GD-->CD,GD-->CD,GD-->CD,GD-->CD,GD-->CD,GD-->CD,GD-->CD,GD-->CD,GD-->CD,GD-->CD,GD-->CD,GD-->CD,GD-->CD,GD-->CD,GD-->CD,GD-->CD,GD-->CD
CK,COK,Cook Islands,Avarua,Oceania,Polynesia,,CK-->GD,CK-->GD,CK-->GD,CK-->GD,CK-->GD,CK-->GD,CK-->GD,CK-->GD,CK-->GD,CK-->GD,CK-->GD,CK-->GD,CK-->GD,CK-->GD,CK-->GD,CK-->GD,CK-->GD,CK-->GD,CK-->GD,,,,,,,,,,,,,,,,,GD-->CK,GD-->CK,GD-->CK,GD-->CK,GD-->CK,GD-->CK,GD-->CK,GD-->CK,GD-->CK,GD-->CK,GD-->CK,GD-->CK,GD-->CK,GD-->CK,GD-->CK,GD-->CK,GD-->CK,GD-->CK,GD-->CK
CR,CRI,Costa Rica,San José,Americas,Central America,,CR-->GD,CR-->GD,CR-->GD,CR-->GD,CR-->GD,CR-->GD,CR-->GD,CR-->GD,CR-->GD,CR-->GD,CR-->GD,CR-->GD,CR-->GD,CR-->GD,CR-->GD,CR-->GD,CR-->GD,CR-->GD,CR-->GD,,,,,,,,,,,,,,,,,GD-->CR,GD-->CR,GD-->CR,GD-->CR,GD-->CR,GD-->CR,GD-->CR,GD-->CR,GD-->CR,GD-->CR,GD-->CR,GD-->CR,GD-->CR,GD-->CR,GD-->CR,GD-->CR,GD-->CR,GD-->CR,GD-->CR
HR,HRV,Croatia,Zagreb,Europe,Southern Europe,,HR-->GD,HR-->GD,HR-->GD,HR-->GD,HR-->GD,HR-->GD,HR-->GD,HR-->GD,HR-->GD,HR-->GD,HR-->GD,HR-->GD,HR-->GD,HR-->GD,HR-->GD,HR-->GD,HR-->GD,HR-->GD,HR-->GD,,,,,,,,,,,,,,,,,GD-->HR,GD-->HR,GD-->HR,GD-->HR,GD-->HR,GD-->HR,GD-->HR,GD-->HR,GD-->HR,GD-->HR,GD-->HR,GD-->HR,GD-->HR,GD-->HR,GD-->HR,GD-->HR,GD-->HR,GD-->HR,GD-->HR
CU,CUB,Cuba,Havana,Americas,Caribbean,,CU-->GD,CU-->GD,CU-->GD,CU-->GD,CU-->GD,CU-->GD,CU-->GD,CU-->GD,CU-->GD,CU-->GD,CU-->GD,CU-->GD,CU-->GD,CU-->GD,CU-->GD,CU-->GD,CU-->GD,CU-->GD,CU-->GD,,,,,,,,,,,,,,,,,GD-->CU,GD-->CU,GD-->CU,GD-->CU,GD-->CU,GD-->CU,GD-->CU,GD-->CU,GD-->CU,GD-->CU,GD-->CU,GD-->CU,GD-->CU,GD-->CU,GD-->CU,GD-->CU,GD-->CU,GD-->CU,GD-->CU
CW,CUW,Curaçao,Willemstad,Americas,Caribbean,,CW-->GD,CW-->GD,CW-->GD,CW-->GD,CW-->GD,CW-->GD,CW-->GD,CW-->GD,CW-->GD,CW-->GD,CW-->GD,CW-->GD,CW-->GD,CW-->GD,CW-->GD,CW-->GD,CW-->GD,CW-->GD,CW-->GD,,,,,,,,,,,,,,,,,GD-->CW,GD-->CW,GD-->CW,GD-->CW,GD-->CW,GD-->CW,GD-->CW,GD-->CW,GD-->CW,GD-->CW,GD-->CW,GD-->CW,GD-->CW,GD-->CW,GD-->CW,GD-->CW,GD-->CW,GD-->CW,GD-->CW
CY,CYP,Cyprus,Nicosia,Europe,Southern Europe,,CY-->GD,CY-->GD,CY-->GD,CY-->GD,CY-->GD,CY-->GD,CY-->GD,CY-->GD,CY-->GD,CY-->GD,CY-->GD,CY-->GD,CY-->GD,CY-->GD,CY-->GD,CY-->GD,CY-->GD,CY-->GD,CY-->GD,,,,,,,,,,,,,,,,,GD-->CY,GD-->CY,GD-->CY,GD-->CY,GD-->CY,GD-->CY,GD-->CY,GD-->CY,GD-->CY,GD-->CY,GD-->CY,GD-->CY,GD-->CY,GD-->CY,GD-->CY,GD-->CY,GD-->CY,GD-->CY,GD-->CY
CZ,CZE,Czech Republic,Prague,Europe,Eastern Europe,,CZ-->GD,CZ-->GD,CZ-->GD,CZ-->GD,CZ-->GD,CZ-->GD,CZ-->GD,CZ-->GD,CZ-->GD,CZ-->GD,CZ-->GD,CZ-->GD,CZ-->GD,CZ-->GD,CZ-->GD,CZ-->GD,CZ-->GD,CZ-->GD,CZ-->GD,,,,,,,,,,,,,,,,,GD-->CZ,GD-->CZ,GD-->CZ,GD-->CZ,GD-->CZ,GD-->CZ,GD-->CZ,GD-->CZ,GD-->CZ,GD-->CZ,GD-->CZ,GD-->CZ,GD-->CZ,GD-->CZ,GD-->CZ,GD-->CZ,GD-->CZ,GD-->CZ,GD-->CZ
DK,DNK,Denmark,Copenhagen,Europe,Northern Europe,,DK-->GD,DK-->GD,DK-->GD,DK-->GD,DK-->GD,DK-->GD,DK-->GD,DK-->GD,DK-->GD,DK-->GD,DK-->GD,DK-->GD,DK-->GD,DK-->GD,DK-->GD,DK-->GD,DK-->GD,DK-->GD,DK-->GD,,,,,,,,,,,,,,,,,GD-->DK,GD-->DK,GD-->DK,GD-->DK,GD-->DK,GD-->DK,GD-->DK,GD-->DK,GD-->DK,GD-->DK,GD-->DK,GD-->DK,GD-->DK,GD-->DK,GD-->DK,GD-->DK,GD-->DK,GD-->DK,GD-->DK
DJ,DJI,Djibouti,Djibouti,Africa,Eastern Africa,,DJ-->GD,DJ-->GD,DJ-->GD,DJ-->GD,DJ-->GD,DJ-->GD,DJ-->GD,DJ-->GD,DJ-->GD,DJ-->GD,DJ-->GD,DJ-->GD,DJ-->GD,DJ-->GD,DJ-->GD,DJ-->GD,DJ-->GD,DJ-->GD,DJ-->GD,,,,,,,,,,,,,,,,,GD-->DJ,GD-->DJ,GD-->DJ,GD-->DJ,GD-->DJ,GD-->DJ,GD-->DJ,GD-->DJ,GD-->DJ,GD-->DJ,GD-->DJ,GD-->DJ,GD-->DJ,GD-->DJ,GD-->DJ,GD-->DJ,GD-->DJ,GD-->DJ,GD-->DJ
DM,DMA,Dominica,Roseau,Americas,Caribbean,,DM-->GD,DM-->GD,DM-->GD,DM-->GD,DM-->GD,DM-->GD,DM-->GD,DM-->GD,DM-->GD,DM-->GD,DM-->GD,DM-->GD,DM-->GD,DM-->GD,DM-->GD,DM-->GD,DM-->GD,DM-->GD,DM-->GD,,,,,,,,,,,,,,,,,GD-->DM,GD-->DM,GD-->DM,GD-->DM,GD-->DM,GD-->DM,GD-->DM,GD-->DM,GD-->DM,GD-->DM,GD-->DM,GD-->DM,GD-->DM,GD-->DM,GD-->DM,GD-->DM,GD-->DM,GD-->DM,GD-->DM
DO,DOM,Dominican Republic,Santo Domingo,Americas,Caribbean,,DO-->GD,DO-->GD,DO-->GD,DO-->GD,DO-->GD,DO-->GD,DO-->GD,DO-->GD,DO-->GD,DO-->GD,DO-->GD,DO-->GD,DO-->GD,DO-->GD,DO-->GD,DO-->GD,DO-->GD,DO-->GD,DO-->GD,,,,,,,,,,,,,,,,,GD-->DO,GD-->DO,GD-->DO,GD-->DO,GD-->DO,GD-->DO,GD-->DO,GD-->DO,GD-->DO,GD-->DO,GD-->DO,GD-->DO,GD-->DO,GD-->DO,GD-->DO,GD-->DO,GD-->DO,GD-->DO,GD-->DO
EC,ECU,Ecuador,Quito,Americas,South America,,EC-->GD,EC-->GD,EC-->GD,EC-->GD,EC-->GD,EC-->GD,EC-->GD,EC-->GD,EC-->GD,EC-->GD,EC-->GD,EC-->GD,EC-->GD,EC-->GD,EC-->GD,EC-->GD,EC-->GD,EC-->GD,EC-->GD,,,,,,,,,,,,,,,,,GD-->EC,GD-->EC,GD-->EC,GD-->EC,GD-->EC,GD-->EC,GD-->EC,GD-->EC,GD-->EC,GD-->EC,GD-->EC,GD-->EC,GD-->EC,GD-->EC,GD-->EC,GD-->EC,GD-->EC,GD-->EC,GD-->EC
EG,EGY,Egypt,Cairo,Africa,Northern Africa,,EG-->GD,EG-->GD,EG-->GD,EG-->GD,EG-->GD,EG-->GD,EG-->GD,EG-->GD,EG-->GD,EG-->GD,EG-->GD,EG-->GD,EG-->GD,EG-->GD,EG-->GD,EG-->GD,EG-->GD,EG-->GD,EG-->GD,,,,,,,,,,,,,,,,,GD-->EG,GD-->EG,GD-->EG,GD-->EG,GD-->EG,GD-->EG,GD-->EG,GD-->EG,GD-->EG,GD-->EG,GD-->EG,GD-->EG,GD-->EG,GD-->EG,GD-->EG,GD-->EG,GD-->EG,GD-->EG,GD-->EG
SV,SLV,El Salvador,San Salvador,Americas,Central America,,SV-->GD,SV-->GD,SV-->GD,SV-->GD,SV-->GD,SV-->GD,SV-->GD,SV-->GD,SV-->GD,SV-->GD,SV-->GD,SV-->GD,SV-->GD,SV-->GD,SV-->GD,SV-->GD,SV-->GD,SV-->GD,SV-->GD,,,,,,,,,,,,,,,,,GD-->SV,GD-->SV,GD-->SV,GD-->SV,GD-->SV,GD-->SV,GD-->SV,GD-->SV,GD-->SV,GD-->SV,GD-->SV,GD-->SV,GD-->SV,GD-->SV,GD-->SV,GD-->SV,GD-->SV,GD-->SV,GD-->SV
GQ,GNQ,Equatorial Guinea,Malabo,Africa,Middle Africa,,GQ-->GD,GQ-->GD,GQ-->GD,GQ-->GD,GQ-->GD,GQ-->GD,GQ-->GD,GQ-->GD,GQ-->GD,GQ-->GD,GQ-->GD,GQ-->GD,GQ-->GD,GQ-->GD,GQ-->GD,GQ-->GD,GQ-->GD,GQ-->GD,GQ-->GD,,,,,,,,,,,,,,,,,GD-->GQ,GD-->GQ,GD-->GQ,GD-->GQ,GD-->GQ,GD-->GQ,GD-->GQ,GD-->GQ,GD-->GQ,GD-->GQ,GD-->GQ,GD-->GQ,GD-->GQ,GD-->GQ,GD-->GQ,GD-->GQ,GD-->GQ,GD-->GQ,GD-->GQ
ER,ERI,Eritrea,Asmara,Africa,Eastern Africa,,ER-->GD,ER-->GD,ER-->GD,ER-->GD,ER-->GD,ER-->GD,ER-->GD,ER-->GD,ER-->GD,ER-->GD,ER-->GD,ER-->GD,ER-->GD,ER-->GD,ER-->GD,ER-->GD,ER-->GD,ER-->GD,ER-->GD,,,,,,,,,,,,,,,,,GD-->ER,GD-->ER,GD-->ER,GD-->ER,GD-->ER,GD-->ER,GD-->ER,GD-->ER,GD-->ER,GD-->ER,GD-->ER,GD-->ER,GD-->ER,GD-->ER,GD-->ER,GD-->ER,GD-->ER,GD-->ER,GD-->ER
EE,EST,Estonia,Tallinn,Europe,Northern Europe,,EE-->GD,EE-->GD,EE-->GD,EE-->GD,EE-->GD,EE-->GD,EE-->GD,EE-->GD,EE-->GD,EE-->GD,EE-->GD,EE-->GD,EE-->GD,EE-->GD,EE-->GD,EE-->GD,EE-->GD,EE-->GD,EE-->GD,,,,,,,,,,,,,,,,,GD-->EE,GD-->EE,GD-->EE,GD-->EE,GD-->EE,GD-->EE,GD-->EE,GD-->EE,GD-->EE,GD-->EE,GD-->EE,GD-->EE,GD-->EE,GD-->EE,GD-->EE,GD-->EE,GD-->EE,GD-->EE,GD-->EE
ET,ETH,Ethiopia,Addis Ababa,Africa,Eastern Africa,,ET-->GD,ET-->GD,ET-->GD,ET-->GD,ET-->GD,ET-->GD,ET-->GD,ET-->GD,ET-->GD,ET-->GD,ET-->GD,ET-->GD,ET-->GD,ET-->GD,ET-->GD,ET-->GD,ET-->GD,ET-->GD,ET-->GD,,,,,,,,,,,,,,,,,GD-->ET,GD-->ET,GD-->ET,GD-->ET,GD-->ET,GD-->ET,GD-->ET,GD-->ET,GD-->ET,GD-->ET,GD-->ET,GD-->ET,GD-->ET,GD-->ET,GD-->ET,GD-->ET,GD-->ET,GD-->ET,GD-->ET
FK,FLK,Falkland Islands,Stanley,Americas,South America,,FK-->GD,FK-->GD,FK-->GD,FK-->GD,FK-->GD,FK-->GD,FK-->GD,FK-->GD,FK-->GD,FK-->GD,FK-->GD,FK-->GD,FK-->GD,FK-->GD,FK-->GD,FK-->GD,FK-->GD,FK-->GD,FK-->GD,,,,,,,,,,,,,,,,,GD-->FK,GD-->FK,GD-->FK,GD-->FK,GD-->FK,GD-->FK,GD-->FK,GD-->FK,GD-->FK,GD-->FK,GD-->FK,GD-->FK,GD-->FK,GD-->FK,GD-->FK,GD-->FK,GD-->FK,GD-->FK,GD-->FK
FO,FRO,Faroe Islands,Tórshavn,Europe,Northern Europe,,FO-->GD,FO-->GD,FO-->GD,FO-->GD,FO-->GD,FO-->GD,FO-->GD,FO-->GD,FO-->GD,FO-->GD,FO-->GD,FO-->GD,FO-->GD,FO-->GD,FO-->GD,FO-->GD,FO-->GD,FO-->GD,FO-->GD,,,,,,,,,,,,,,,,,GD-->FO,GD-->FO,GD-->FO,GD-->FO,GD-->FO,GD-->FO,GD-->FO,GD-->FO,GD-->FO,GD-->FO,GD-->FO,GD-->FO,GD-->FO,GD-->FO,GD-->FO,GD-->FO,GD-->FO,GD-->FO,GD-->FO
FJ,FJI,Fiji,Suva,Oceania,Melanesia,,FJ-->GD,FJ-->GD,FJ-->GD,FJ-->GD,FJ-->GD,FJ-->GD,FJ-->GD,FJ-->GD,FJ-->GD,FJ-->GD,FJ-->GD,FJ-->GD,FJ-->GD,FJ-->GD,FJ-->GD,FJ-->GD,FJ-->GD,FJ-->GD,FJ-->GD,,,,,,,,,,,,,,,,,GD-->FJ,GD-->FJ,GD-->FJ,GD-->FJ,GD-->FJ,GD-->FJ,GD-->FJ,GD-->FJ,GD-->FJ,GD-->FJ,GD-->FJ,GD-->FJ,GD-->FJ,GD-->FJ,GD-->FJ,GD-->FJ,GD-->FJ,GD-->FJ,GD-->FJ
FI,FIN,Finland,Helsinki,Europe,Northern Europe,,FI-->GD,FI-->GD,FI-->GD,FI-->GD,FI-->GD,FI-->GD,FI-->GD,FI-->GD,FI-->GD,FI-->GD,FI-->GD,FI-->GD,FI-->GD,FI-->GD,FI-->GD,FI-->GD,FI-->GD,FI-->GD,FI-->GD,,,,,,,,,,,,,,,,,GD-->FI,GD-->FI,GD-->FI,GD-->FI,GD-->FI,GD-->FI,GD-->FI,GD-->FI,GD-->FI,GD-->FI,GD-->FI,GD-->FI,GD-->FI,GD-->FI,GD-->FI,GD-->FI,GD-->FI,GD-->FI,GD-->FI
FR,FRA,France,Paris,Europe,Western Europe,,FR-->GD,FR-->GD,FR-->GD,FR-->GD,FR-->GD,FR-->GD,FR-->GD,FR-->GD,FR-->GD,FR-->GD,FR-->GD,FR-->GD,FR-->GD,FR-->GD,FR-->GD,FR-->GD,FR-->GD,FR-->GD,FR-->GD,,,,,,,,,,,,,,,,,GD-->FR,GD-->FR,GD-->FR,GD-->FR,GD-->FR,GD-->FR,GD-->FR,GD-->FR,GD-->FR,GD-->FR,GD-->FR,GD-->FR,GD-->FR,GD-->FR,GD-->FR,GD-->FR,GD-->FR,GD-->FR,GD-->FR
GF,GUF,French Guiana,Cayenne,Americas,South America,,GF-->GD,GF-->GD,GF-->GD,GF-->GD,GF-->GD,GF-->GD,GF-->GD,GF-->GD,GF-->GD,GF-->GD,GF-->GD,GF-->GD,GF-->GD,GF-->GD,GF-->GD,GF-->GD,GF-->GD,GF-->GD,GF-->GD,,,,,,,,,,,,,,,,,GD-->GF,GD-->GF,GD-->GF,GD-->GF,GD-->GF,GD-->GF,GD-->GF,GD-->GF,GD-->GF,GD-->GF,GD-->GF,GD-->GF,GD-->GF,GD-->GF,GD-->GF,GD-->GF,GD-->GF,GD-->GF,GD-->GF
PF,PYF,French Polynesia,Papeetē,Oceania,Polynesia,,PF-->GD,PF-->GD,PF-->GD,PF-->GD,PF-->GD,PF-->GD,PF-->GD,PF-->GD,PF-->GD,PF-->GD,PF-->GD,PF-->GD,PF-->GD,PF-->GD,PF-->GD,PF-->GD,PF-->GD,PF-->GD,PF-->GD,,,,,,,,,,,,,,,,,GD-->PF,GD-->PF,GD-->PF,GD-->PF,GD-->PF,GD-->PF,GD-->PF,GD-->PF,GD-->PF,GD-->PF,GD-->PF,GD-->PF,GD-->PF,GD-->PF,GD-->PF,GD-->PF,GD-->PF,GD-->PF,GD-->PF
TF,ATF,French Southern and Antarctic Lands,Port-aux-Français,Africa,Southern Africa,,TF-->GD,TF-->GD,TF-->GD,TF-->GD,TF-->GD,TF-->GD,TF-->GD,TF-->GD,TF-->GD,TF-->GD,TF-->GD,TF-->GD,TF-->GD,TF-->GD,TF-->GD,TF-->GD,TF-->GD,TF-->GD,TF-->GD,,,,,,,,,,,,,,,,,GD-->TF,GD-->TF,GD-->TF,GD-->TF,GD-->TF,GD-->TF,GD-->TF,GD-->TF,GD-->TF,GD-->TF,GD-->TF,GD-->TF,GD-->TF,GD-->TF,GD-->TF,GD-->TF,GD-->TF,GD-->TF,GD-->TF
GA,GAB,Gabon,Libreville,Africa,Middle Africa,,GA-->GD,GA-->GD,GA-->GD,GA-->GD,GA-->GD,GA-->GD,GA-->GD,GA-->GD,GA-->GD,GA-->GD,GA-->GD,GA-->GD,GA-->GD,GA-->GD,GA-->GD,GA-->GD,GA-->GD,GA-->GD,GA-->GD,,,,,,,,,,,,,,,,,GD-->GA,GD-->GA,GD-->GA,GD-->GA,GD-->GA,GD-->GA,GD-->GA,GD-->GA,GD-->GA,GD-->GA,GD-->GA,GD-->GA,GD-->GA,GD-->GA,GD-->GA,GD-->GA,GD-->GA,GD-->GA,GD-->GA
GM,GMB,The Gambia,Banjul,Africa,Western Africa,,GM-->GD,GM-->GD,GM-->GD,GM-->GD,GM-->GD,GM-->GD,GM-->GD,GM-->GD,GM-->GD,GM-->GD,GM-->GD,GM-->GD,GM-->GD,GM-->GD,GM-->GD,GM-->GD,GM-->GD,GM-->GD,GM-->GD,,,,,,,,,,,,,,,,,GD-->GM,GD-->GM,GD-->GM,GD-->GM,GD-->GM,GD-->GM,GD-->GM,GD-->GM,GD-->GM,GD-->GM,GD-->GM,GD-->GM,GD-->GM,GD-->GM,GD-->GM,GD-->GM,GD-->GM,GD-->GM,GD-->GM
GE,GEO,Georgia,Tbilisi,Asia,Western Asia,,GE-->GD,GE-->GD,GE-->GD,GE-->GD,GE-->GD,GE-->GD,GE-->GD,GE-->GD,GE-->GD,GE-->GD,GE-->GD,GE-->GD,GE-->GD,GE-->GD,GE-->GD,GE-->GD,GE-->GD,GE-->GD,GE-->GD,,,,,,,,,,,,,,,,,GD-->GE,GD-->GE,GD-->GE,GD-->GE,GD-->GE,GD-->GE,GD-->GE,GD-->GE,GD-->GE,GD-->GE,GD-->GE,GD-->GE,GD-->GE,GD-->GE,GD-->GE,GD-->GE,GD-->GE,GD-->GE,GD-->GE
DE,DEU,Germany,Berlin,Europe,Western Europe,,DE-->GD,DE-->GD,DE-->GD,DE-->GD,DE-->GD,DE-->GD,DE-->GD,DE-->GD,DE-->GD,DE-->GD,DE-->GD,DE-->GD,DE-->GD,DE-->GD,DE-->GD,DE-->GD,DE-->GD,DE-->GD,DE-->GD,,,,,,,,,,,,,,,,,GD-->DE,GD-->DE,GD-->DE,GD-->DE,GD-->DE,GD-->DE,GD-->DE,GD-->DE,GD-->DE,GD-->DE,GD-->DE,GD-->DE,GD-->DE,GD-->DE,GD-->DE,GD-->DE,GD-->DE,GD-->DE,GD-->DE
GH,GHA,Ghana,Accra,Africa,Western Africa,,GH-->GD,GH-->GD,GH-->GD,GH-->GD,GH-->GD,GH-->GD,GH-->GD,GH-->GD,GH-->GD,GH-->GD,GH-->GD,GH-->GD,GH-->GD,GH-->GD,GH-->GD,GH-->GD,GH-->GD,GH-->GD,GH-->GD,,,,,,,,,,,,,,,,,GD-->GH,GD-->GH,GD-->GH,GD-->GH,GD-->GH,GD-->GH,GD-->GH,GD-->GH,GD-->GH,GD-->GH,GD-->GH,GD-->GH,GD-->GH,GD-->GH,GD-->GH,GD-->GH,GD-->GH,GD-->GH,GD-->GH
GI,GIB,Gibraltar,Gibraltar,Europe,Southern Europe,,GI-->GD,GI-->GD,GI-->GD,GI-->GD,GI-->GD,GI-->GD,GI-->GD,GI-->GD,GI-->GD,GI-->GD,GI-->GD,GI-->GD,GI-->GD,GI-->GD,GI-->GD,GI-->GD,GI-->GD,GI-->GD,GI-->GD,,,,,,,,,,,,,,,,,GD-->GI,GD-->GI,GD-->GI,GD-->GI,GD-->GI,GD-->GI,GD-->GI,GD-->GI,GD-->GI,GD-->GI,GD-->GI,GD-->GI,GD-->GI,GD-->GI,GD-->GI,GD-->GI,GD-->GI,GD-->GI,GD-->GI
GR,GRC,Greece,Athens,Europe,Southern Europe,,GR-->GD,GR-->GD,GR-->GD,GR-->GD,GR-->GD,GR-->GD,GR-->GD,GR-->GD,GR-->GD,GR-->GD,GR-->GD,GR-->GD,GR-->GD,GR-->GD,GR-->GD,GR-->GD,GR-->GD,GR-->GD,GR-->GD,,,,,,,,,,,,,,,,,GD-->GR,GD-->GR,GD-->GR,GD-->GR,GD-->GR,GD-->GR,GD-->GR,GD-->GR,GD-->GR,GD-->GR,GD-->GR,GD-->GR,GD-->GR,GD-->GR,GD-->GR,GD-->GR,GD-->GR,GD-->GR,GD-->GR
GL,GRL,Greenland,Nuuk,Americas,Northern America,,GL-->GD,GL-->GD,GL-->GD,GL-->GD,GL-->GD,GL-->GD,GL-->GD,GL-->GD,GL-->GD,GL-->GD,GL-->GD,GL-->GD,GL-->GD,GL-->GD,GL-->GD,GL-->GD,GL-->GD,GL-->GD,GL-->GD,,,,,,,,,,,,,,,,,GD-->GL,GD-->GL,GD-->GL,GD-->GL,GD-->GL,GD-->GL,GD-->GL,GD-->GL,GD-->GL,GD-->GL,GD-->GL,GD-->GL,GD-->GL,GD-->GL,GD-->GL,GD-->GL,GD-->GL,GD-->GL,GD-->GL
GD,GRD,Grenada,St. George's,Americas,Caribbean,,GD-->GD,GD-->GD,GD-->GD,GD-->GD,GD-->GD,GD-->GD,GD-->GD,GD-->GD,GD-->GD,GD-->GD,GD-->GD,GD-->GD,GD-->GD,GD-->GD,GD-->GD,GD-->GD,GD-->GD,GD-->GD,GD-->GD,,,,,,,,,,,,,,,,,GD-->GD,GD-->GD,GD-->GD,GD-->GD,GD-->GD,GD-->GD,GD-->GD,GD-->GD,GD-->GD,GD-->GD,GD-->GD,GD-->GD,GD-->GD,GD-->GD,GD-->GD,GD-->GD,GD-->GD,GD-->GD,GD-->GD
GP,GLP,Guadeloupe,Basse-Terre,Americas,Caribbean,,GP-->GD,GP-->GD,GP-->GD,GP-->GD,GP-->GD,GP-->GD,GP-->GD,GP-->GD,GP-->GD,GP-->GD,GP-->GD,GP-->GD,GP-->GD,GP-->GD,GP-->GD,GP-->GD,GP-->GD,GP-->GD,GP-->GD,,,,,,,,,,,,,,,,,GD-->GP,GD-->GP,GD-->GP,GD-->GP,GD-->GP,GD-->GP,GD-->GP,GD-->GP,GD-->GP,GD-->GP,GD-->GP,GD-->GP,GD-->GP,GD-->GP,GD-->GP,GD-->GP,GD-->GP,GD-->GP,GD-->GP
GU,GUM,Guam,Hagåtña,Oceania,Micronesia,,GU-->GD,GU-->GD,GU-->GD,GU-->GD,GU-->GD,GU-->GD,GU-->GD,GU-->GD,GU-->GD,GU-->GD,GU-->GD,GU-->GD,GU-->GD,GU-->GD,GU-->GD,GU-->GD,GU-->GD,GU-->GD,GU-->GD,,,,,,,,,,,,,,,,,GD-->GU,GD-->GU,GD-->GU,GD-->GU,GD-->GU,GD-->GU,GD-->GU,GD-->GU,GD-->GU,GD-->GU,GD-->GU,GD-->GU,GD-->GU,GD-->GU,GD-->GU,GD-->GU,GD-->GU,GD-->GU,GD-->GU
GT,GTM,Guatemala,Guatemala City,Americas,Central America,,GT-->GD,GT-->GD,GT-->GD,GT-->GD,GT-->GD,GT-->GD,GT-->GD,GT-->GD,GT-->GD,GT-->GD,GT-->GD,GT-->GD,GT-->GD,GT-->GD,GT-->GD,GT-->GD,GT-->GD,GT-->GD,GT-->GD,,,,,,,,,,,,,,,,,GD-->GT,GD-->GT,GD-->GT,GD-->GT,GD-->GT,GD-->GT,GD-->GT,GD-->GT,GD-->GT,GD-->GT,GD-->GT,GD-->GT,GD-->GT,GD-->GT,GD-->GT,GD-->GT,GD-->GT,GD-->GT,GD-->GT
GG,GGY,Guernsey,St. Peter Port,Europe,Northern Europe,,GG-->GD,GG-->GD,GG-->GD,GG-->GD,GG-->GD,GG-->GD,GG-->GD,GG-->GD,GG-->GD,GG-->GD,GG-->GD,GG-->GD,GG-->GD,GG-->GD,GG-->GD,GG-->GD,GG-->GD,GG-->GD,GG-->GD,,,,,,,,,,,,,,,,,GD-->GG,GD-->GG,GD-->GG,GD-->GG,GD-->GG,GD-->GG,GD-->GG,GD-->GG,GD-->GG,GD-->GG,GD-->GG,GD-->GG,GD-->GG,GD-->GG,GD-->GG,GD-->GG,GD-->GG,GD-->GG,GD-->GG
GN,GIN,Guinea,Conakry,Africa,Western Africa,,GN-->GD,GN-->GD,GN-->GD,GN-->GD,GN-->GD,GN-->GD,GN-->GD,GN-->GD,GN-->GD,GN-->GD,GN-->GD,GN-->GD,GN-->GD,GN-->GD,GN-->GD,GN-->GD,GN-->GD,GN-->GD,GN-->GD,,,,,,,,,,,,,,,,,GD-->GN,GD-->GN,GD-->GN,GD-->GN,GD-->GN,GD-->GN,GD-->GN,GD-->GN,GD-->GN,GD-->GN,GD-->GN,GD-->GN,GD-->GN,GD-->GN,GD-->GN,GD-->GN,GD-->GN,GD-->GN,GD-->GN
GW,GNB,Guinea-Bissau,Bissau,Africa,Western Africa,,GW-->GD,GW-->GD,GW-->GD,GW-->GD,GW-->GD,GW-->GD,GW-->GD,GW-->GD,GW-->GD,GW-->GD,GW-->GD,GW-->GD,GW-->GD,GW-->GD,GW-->GD,GW-->GD,GW-->GD,GW-->GD,GW-->GD,,,,,,,,,,,,,,,,,GD-->GW,GD-->GW,GD-->GW,GD-->GW,GD-->GW,GD-->GW,GD-->GW,GD-->GW,GD-->GW,GD-->GW,GD-->GW,GD-->GW,GD-->GW,GD-->GW,GD-->GW,GD-->GW,GD-->GW,GD-->GW,GD-->GW
GY,GUY,Guyana,Georgetown,Americas,South America,,GY-->GD,GY-->GD,GY-->GD,GY-->GD,GY-->GD,GY-->GD,GY-->GD,GY-->GD,GY-->GD,GY-->GD,GY-->GD,GY-->GD,GY-->GD,GY-->GD,GY-->GD,GY-->GD,GY-->GD,GY-->GD,GY-->GD,,,,,,,,,,,,,,,,,GD-->GY,GD-->GY,GD-->GY,GD-->GY,GD-->GY,GD-->GY,GD-->GY,GD-->GY,GD-->GY,GD-->GY,GD-->GY,GD-->GY,GD-->GY,GD-->GY,GD-->GY,GD-->GY,GD-->GY,GD-->GY,GD-->GY
HT,HTI,Haiti,Port-au-Prince,Americas,Caribbean,,HT-->GD,HT-->GD,HT-->GD,HT-->GD,HT-->GD,HT-->GD,HT-->GD,HT-->GD,HT-->GD,HT-->GD,HT-->GD,HT-->GD,HT-->GD,HT-->GD,HT-->GD,HT-->GD,HT-->GD,HT-->GD,HT-->GD,,,,,,,,,,,,,,,,,GD-->HT,GD-->HT,GD-->HT,GD-->HT,GD-->HT,GD-->HT,GD-->HT,GD-->HT,GD-->HT,GD-->HT,GD-->HT,GD-->HT,GD-->HT,GD-->HT,GD-->HT,GD-->HT,GD-->HT,GD-->HT,GD-->HT
HM,HMD,Heard Island and McDonald Islands,,,,,HM-->GD,HM-->GD,HM-->GD,HM-->GD,HM-->GD,HM-->GD,HM-->GD,HM-->GD,HM-->GD,HM-->GD,HM-->GD,HM-->GD,HM-->GD,HM-->GD,HM-->GD,HM-->GD,HM-->GD,HM-->GD,HM-->GD,,,,,,,,,,,,,,,,,GD-->HM,GD-->HM,GD-->HM,GD-->HM,GD-->HM,GD-->HM,GD-->HM,GD-->HM,GD-->HM,GD-->HM,GD-->HM,GD-->HM,GD-->HM,GD-->HM,GD-->HM,GD-->HM,GD-->HM,GD-->HM,GD-->HM
VA,VAT,Holy See,Rome,Europe,Southern Europe,,VA-->GD,VA-->GD,VA-->GD,VA-->GD,VA-->GD,VA-->GD,VA-->GD,VA-->GD,VA-->GD,VA-->GD,VA-->GD,VA-->GD,VA-->GD,VA-->GD,VA-->GD,VA-->GD,VA-->GD,VA-->GD,VA-->GD,,,,,,,,,,,,,,,,,GD-->VA,GD-->VA,GD-->VA,GD-->VA,GD-->VA,GD-->VA,GD-->VA,GD-->VA,GD-->VA,GD-->VA,GD-->VA,GD-->VA,GD-->VA,GD-->VA,GD-->VA,GD-->VA,GD-->VA,GD-->VA,GD-->VA
HN,HND,Honduras,Tegucigalpa,Americas,Central America,,HN-->GD,HN-->GD,HN-->GD,HN-->GD,HN-->GD,HN-->GD,HN-->GD,HN-->GD,HN-->GD,HN-->GD,HN-->GD,HN-->GD,HN-->GD,HN-->GD,HN-->GD,HN-->GD,HN-->GD,HN-->GD,HN-->GD,,,,,,,,,,,,,,,,,GD-->HN,GD-->HN,GD-->HN,GD-->HN,GD-->HN,GD-->HN,GD-->HN,GD-->HN,GD-->HN,GD-->HN,GD-->HN,GD-->HN,GD-->HN,GD-->HN,GD-->HN,GD-->HN,GD-->HN,GD-->HN,GD-->HN
HK,HKG,Hong Kong,City of Victoria,Asia,Eastern Asia,,HK-->GD,HK-->GD,HK-->GD,HK-->GD,HK-->GD,HK-->GD,HK-->GD,HK-->GD,HK-->GD,HK-->GD,HK-->GD,HK-->GD,HK-->GD,HK-->GD,HK-->GD,HK-->GD,HK-->GD,HK-->GD,HK-->GD,,,,,,,,,,,,,,,,,GD-->HK,GD-->HK,GD-->HK,GD-->HK,GD-->HK,GD-->HK,GD-->HK,GD-->HK,GD-->HK,GD-->HK,GD-->HK,GD-->HK,GD-->HK,GD-->HK,GD-->HK,GD-->HK,GD-->HK,GD-->HK,GD-->HK
HU,HUN,Hungary,Budapest,Europe,Eastern Europe,,HU-->GD,HU-->GD,HU-->GD,HU-->GD,HU-->GD,HU-->GD,HU-->GD,HU-->GD,HU-->GD,HU-->GD,HU-->GD,HU-->GD,HU-->GD,HU-->GD,HU-->GD,HU-->GD,HU-->GD,HU-->GD,HU-->GD,,,,,,,,,,,,,,,,,GD-->HU,GD-->HU,GD-->HU,GD-->HU,GD-->HU,GD-->HU,GD-->HU,GD-->HU,GD-->HU,GD-->HU,GD-->HU,GD-->HU,GD-->HU,GD-->HU,GD-->HU,GD-->HU,GD-->HU,GD-->HU,GD-->HU
IS,ISL,Iceland,Reykjavík,Europe,Northern Europe,,IS-->GD,IS-->GD,IS-->GD,IS-->GD,IS-->GD,IS-->GD,IS-->GD,IS-->GD,IS-->GD,IS-->GD,IS-->GD,IS-->GD,IS-->GD,IS-->GD,IS-->GD,IS-->GD,IS-->GD,IS-->GD,IS-->GD,,,,,,,,,,,,,,,,,GD-->IS,GD-->IS,GD-->IS,GD-->IS,GD-->IS,GD-->IS,GD-->IS,GD-->IS,GD-->IS,GD-->IS,GD-->IS,GD-->IS,GD-->IS,GD-->IS,GD-->IS,GD-->IS,GD-->IS,GD-->IS,GD-->IS
IN,IND,India,New Delhi,Asia,Southern Asia,,IN-->GD,IN-->GD,IN-->GD,IN-->GD,IN-->GD,IN-->GD,IN-->GD,IN-->GD,IN-->GD,IN-->GD,IN-->GD,IN-->GD,IN-->GD,IN-->GD,IN-->GD,IN-->GD,IN-->GD,IN-->GD,IN-->GD,,,,,,,,,,,,,,,,,GD-->IN,GD-->IN,GD-->IN,GD-->IN,GD-->IN,GD-->IN,GD-->IN,GD-->IN,GD-->IN,GD-->IN,GD-->IN,GD-->IN,GD-->IN,GD-->IN,GD-->IN,GD-->IN,GD-->IN,GD-->IN,GD-->IN
ID,IDN,Indonesia,Jakarta,Asia,South-Eastern Asia,,ID-->GD,ID-->GD,ID-->GD,ID-->GD,ID-->GD,ID-->GD,ID-->GD,ID-->GD,ID-->GD,ID-->GD,ID-->GD,ID-->GD,ID-->GD,ID-->GD,ID-->GD,ID-->GD,ID-->GD,ID-->GD,ID-->GD,,,,,,,,,,,,,,,,,GD-->ID,GD-->ID,GD-->ID,GD-->ID,GD-->ID,GD-->ID,GD-->ID,GD-->ID,GD-->ID,GD-->ID,GD-->ID,GD-->ID,GD-->ID,GD-->ID,GD-->ID,GD-->ID,GD-->ID,GD-->ID,GD-->ID
CI,CIV,Ivory Coast,Yamoussoukro,Africa,Western Africa,,CI-->GD,CI-->GD,CI-->GD,CI-->GD,CI-->GD,CI-->GD,CI-->GD,CI-->GD,CI-->GD,CI-->GD,CI-->GD,CI-->GD,CI-->GD,CI-->GD,CI-->GD,CI-->GD,CI-->GD,CI-->GD,CI-->GD,,,,,,,,,,,,,,,,,GD-->CI,GD-->CI,GD-->CI,GD-->CI,GD-->CI,GD-->CI,GD-->CI,GD-->CI,GD-->CI,GD-->CI,GD-->CI,GD-->CI,GD-->CI,GD-->CI,GD-->CI,GD-->CI,GD-->CI,GD-->CI,GD-->CI
IR,IRN,Iran,Tehran,Asia,Southern Asia,,IR-->GD,IR-->GD,IR-->GD,IR-->GD,IR-->GD,IR-->GD,IR-->GD,IR-->GD,IR-->GD,IR-->GD,IR-->GD,IR-->GD,IR-->GD,IR-->GD,IR-->GD,IR-->GD,IR-->GD,IR-->GD,IR-->GD,,,,,,,,,,,,,,,,,GD-->IR,GD-->IR,GD-->IR,GD-->IR,GD-->IR,GD-->IR,GD-->IR,GD-->IR,GD-->IR,GD-->IR,GD-->IR,GD-->IR,GD-->IR,GD-->IR,GD-->IR,GD-->IR,GD-->IR,GD-->IR,GD-->IR
IQ,IRQ,Iraq,Baghdad,Asia,Western Asia,,IQ-->GD,IQ-->GD,IQ-->GD,IQ-->GD,IQ-->GD,IQ-->GD,IQ-->GD,IQ-->GD,IQ-->GD,IQ-->GD,IQ-->GD,IQ-->GD,IQ-->GD,IQ-->GD,IQ-->GD,IQ-->GD,IQ-->GD,IQ-->GD,IQ-->GD,,,,,,,,,,,,,,,,,GD-->IQ,GD-->IQ,GD-->IQ,GD-->IQ,GD-->IQ,GD-->IQ,GD-->IQ,GD-->IQ,GD-->IQ,GD-->IQ,GD-->IQ,GD-->IQ,GD-->IQ,GD-->IQ,GD-->IQ,GD-->IQ,GD-->IQ,GD-->IQ,GD-->IQ
IE,IRL,Republic of Ireland,Dublin,Europe,Northern Europe,,IE-->GD,IE-->GD,IE-->GD,IE-->GD,IE-->GD,IE-->GD,IE-->GD,IE-->GD,IE-->GD,IE-->GD,IE-->GD,IE-->GD,IE-->GD,IE-->GD,IE-->GD,IE-->GD,IE-->GD,IE-->GD,IE-->GD,,,,,,,,,,,,,,,,,GD-->IE,GD-->IE,GD-->IE,GD-->IE,GD-->IE,GD-->IE,GD-->IE,GD-->IE,GD-->IE,GD-->IE,GD-->IE,GD-->IE,GD-->IE,GD-->IE,GD-->IE,GD-->IE,GD-->IE,GD-->IE,GD-->IE
IM,IMN,Isle of Man,Douglas,Europe,Northern Europe,,IM-->GD,IM-->GD,IM-->GD,IM-->GD,IM-->GD,IM-->GD,IM-->GD,IM-->GD,IM-->GD,IM-->GD,IM-->GD,IM-->GD,IM-->GD,IM-->GD,IM-->GD,IM-->GD,IM-->GD,IM-->GD,IM-->GD,,,,,,,,,,,,,,,,,GD-->IM,GD-->IM,GD-->IM,GD-->IM,GD-->IM,GD-->IM,GD-->IM,GD-->IM,GD-->IM,GD-->IM,GD-->IM,GD-->IM,GD-->IM,GD-->IM,GD-->IM,GD-->IM,GD-->IM,GD-->IM,GD-->IM
IL,ISR,Israel,Jerusalem,Asia,Western Asia,,IL-->GD,IL-->GD,IL-->GD,IL-->GD,IL-->GD,IL-->GD,IL-->GD,IL-->GD,IL-->GD,IL-->GD,IL-->GD,IL-->GD,IL-->GD,IL-->GD,IL-->GD,IL-->GD,IL-->GD,IL-->GD,IL-->GD,,,,,,,,,,,,,,,,,GD-->IL,GD-->IL,GD-->IL,GD-->IL,GD-->IL,GD-->IL,GD-->IL,GD-->IL,GD-->IL,GD-->IL,GD-->IL,GD-->IL,GD-->IL,GD-->IL,GD-->IL,GD-->IL,GD-->IL,GD-->IL,GD-->IL
IT,ITA,Italy,Rome,Europe,Southern Europe,,IT-->GD,IT-->GD,IT-->GD,IT-->GD,IT-->GD,IT-->GD,IT-->GD,IT-->GD,IT-->GD,IT-->GD,IT-->GD,IT-->GD,IT-->GD,IT-->GD,IT-->GD,IT-->GD,IT-->GD,IT-->GD,IT-->GD,,,,,,,,,,,,,,,,,GD-->IT,GD-->IT,GD-->IT,GD-->IT,GD-->IT,GD-->IT,GD-->IT,GD-->IT,GD-->IT,GD-->IT,GD-->IT,GD-->IT,GD-->IT,GD-->IT,GD-->IT,GD-->IT,GD-->IT,GD-->IT,GD-->IT
JM,JAM,Jamaica,Kingston,Americas,Caribbean,,JM-->GD,JM-->GD,JM-->GD,JM-->GD,JM-->GD,JM-->GD,JM-->GD,JM-->GD,JM-->GD,JM-->GD,JM-->GD,JM-->GD,JM-->GD,JM-->GD,JM-->GD,JM-->GD,JM-->GD,JM-->GD,JM-->GD,,,,,,,,,,,,,,,,,GD-->JM,GD-->JM,GD-->JM,GD-->JM,GD-->JM,GD-->JM,GD-->JM,GD-->JM,GD-->JM,GD-->JM,GD-->JM,GD-->JM,GD-->JM,GD-->JM,GD-->JM,GD-->JM,GD-->JM,GD-->JM,GD-->JM
JP,JPN,Japan,Tokyo,Asia,Eastern Asia,,JP-->GD,JP-->GD,JP-->GD,JP-->GD,JP-->GD,JP-->GD,JP-->GD,JP-->GD,JP-->GD,JP-->GD,JP-->GD,JP-->GD,JP-->GD,JP-->GD,JP-->GD,JP-->GD,JP-->GD,JP-->GD,JP-->GD,,,,,,,,,,,,,,,,,GD-->JP,GD-->JP,GD-->JP,GD-->JP,GD-->JP,GD-->JP,GD-->JP,GD-->JP,GD-->JP,GD-->JP,GD-->JP,GD-->JP,GD-->JP,GD-->JP,GD-->JP,GD-->JP,GD-->JP,GD-->JP,GD-->JP
JE,JEY,Jersey,Saint Helier,Europe,Northern Europe,,JE-->GD,JE-->GD,JE-->GD,JE-->GD,JE-->GD,JE-->GD,JE-->GD,JE-->GD,JE-->GD,JE-->GD,JE-->GD,JE-->GD,JE-->GD,JE-->GD,JE-->GD,JE-->GD,JE-->GD,JE-->GD,JE-->GD,,,,,,,,,,,,,,,,,GD-->JE,GD-->JE,GD-->JE,GD-->JE,GD-->JE,GD-->JE,GD-->JE,GD-->JE,GD-->JE,GD-->JE,GD-->JE,GD-->JE,GD-->JE,GD-->JE,GD-->JE,GD-->JE,GD-->JE,GD-->JE,GD-->JE
JO,JOR,Jordan,Amman,Asia,Western Asia,,JO-->GD,JO-->GD,JO-->GD,JO-->GD,JO-->GD,JO-->GD,JO-->GD,JO-->GD,JO-->GD,JO-->GD,JO-->GD,JO-->GD,JO-->GD,JO-->GD,JO-->GD,JO-->GD,JO-->GD,JO-->GD,JO-->GD,,,,,,,,,,,,,,,,,GD-->JO,GD-->JO,GD-->JO,GD-->JO,GD-->JO,GD-->JO,GD-->JO,GD-->JO,GD-->JO,GD-->JO,GD-->JO,GD-->JO,GD-->JO,GD-->JO,GD-->JO,GD-->JO,GD-->JO,GD-->JO,GD-->JO
KZ,KAZ,Kazakhstan,Astana,Asia,Central Asia,,KZ-->GD,KZ-->GD,KZ-->GD,KZ-->GD,KZ-->GD,KZ-->GD,KZ-->GD,KZ-->GD,KZ-->GD,KZ-->GD,KZ-->GD,KZ-->GD,KZ-->GD,KZ-->GD,KZ-->GD,KZ-->GD,KZ-->GD,KZ-->GD,KZ-->GD,,,,,,,,,,,,,,,,,GD-->KZ,GD-->KZ,GD-->KZ,GD-->KZ,GD-->KZ,GD-->KZ,GD-->KZ,GD-->KZ,GD-->KZ,GD-->KZ,GD-->KZ,GD-->KZ,GD-->KZ,GD-->KZ,GD-->KZ,GD-->KZ,GD-->KZ,GD-->KZ,GD-->KZ
KE,KEN,Kenya,Nairobi,Africa,Eastern Africa,,KE-->GD,KE-->GD,KE-->GD,KE-->GD,KE-->GD,KE-->GD,KE-->GD,KE-->GD,KE-->GD,KE-->GD,KE-->GD,KE-->GD,KE-->GD,KE-->GD,KE-->GD,KE-->GD,KE-->GD,KE-->GD,KE-->GD,,,,,,,,,,,,,,,,,GD-->KE,GD-->KE,GD-->KE,GD-->KE,GD-->KE,GD-->KE,GD-->KE,GD-->KE,GD-->KE,GD-->KE,GD-->KE,GD-->KE,GD-->KE,GD-->KE,GD-->KE,GD-->KE,GD-->KE,GD-->KE,GD-->KE
KI,KIR,Kiribati,South Tarawa,Oceania,Micronesia,,KI-->GD,KI-->GD,KI-->GD,KI-->GD,KI-->GD,KI-->GD,KI-->GD,KI-->GD,KI-->GD,KI-->GD,KI-->GD,KI-->GD,KI-->GD,KI-->GD,KI-->GD,KI-->GD,KI-->GD,KI-->GD,KI-->GD,,,,,,,,,,,,,,,,,GD-->KI,GD-->KI,GD-->KI,GD-->KI,GD-->KI,GD-->KI,GD-->KI,GD-->KI,GD-->KI,GD-->KI,GD-->KI,GD-->KI,GD-->KI,GD-->KI,GD-->KI,GD-->KI,GD-->KI,GD-->KI,GD-->KI
KW,KWT,Kuwait,Kuwait City,Asia,Western Asia,,KW-->GD,KW-->GD,KW-->GD,KW-->GD,KW-->GD,KW-->GD,KW-->GD,KW-->GD,KW-->GD,KW-->GD,KW-->GD,KW-->GD,KW-->GD,KW-->GD,KW-->GD,KW-->GD,KW-->GD,KW-->GD,KW-->GD,,,,,,,,,,,,,,,,,GD-->KW,GD-->KW,GD-->KW,GD-->KW,GD-->KW,GD-->KW,GD-->KW,GD-->KW,GD-->KW,GD-->KW,GD-->KW,GD-->KW,GD-->KW,GD-->KW,GD-->KW,GD-->KW,GD-->KW,GD-->KW,GD-->KW
KG,KGZ,Kyrgyzstan,Bishkek,Asia,Central Asia,,KG-->GD,KG-->GD,KG-->GD,KG-->GD,KG-->GD,KG-->GD,KG-->GD,KG-->GD,KG-->GD,KG-->GD,KG-->GD,KG-->GD,KG-->GD,KG-->GD,KG-->GD,KG-->GD,KG-->GD,KG-->GD,KG-->GD,,,,,,,,,,,,,,,,,GD-->KG,GD-->KG,GD-->KG,GD-->KG,GD-->KG,GD-->KG,GD-->KG,GD-->KG,GD-->KG,GD-->KG,GD-->KG,GD-->KG,GD-->KG,GD-->KG,GD-->KG,GD-->KG,GD-->KG,GD-->KG,GD-->KG
LA,LAO,Laos,Vientiane,Asia,South-Eastern Asia,,LA-->GD,LA-->GD,LA-->GD,LA-->GD,LA-->GD,LA-->GD,LA-->GD,LA-->GD,LA-->GD,LA-->GD,LA-->GD,LA-->GD,LA-->GD,LA-->GD,LA-->GD,LA-->GD,LA-->GD,LA-->GD,LA-->GD,,,,,,,,,,,,,,,,,GD-->LA,GD-->LA,GD-->LA,GD-->LA,GD-->LA,GD-->LA,GD-->LA,GD-->LA,GD-->LA,GD-->LA,GD-->LA,GD-->LA,GD-->LA,GD-->LA,GD-->LA,GD-->LA,GD-->LA,GD-->LA,GD-->LA
LV,LVA,Latvia,Riga,Europe,Northern Europe,,LV-->GD,LV-->GD,LV-->GD,LV-->GD,LV-->GD,LV-->GD,LV-->GD,LV-->GD,LV-->GD,LV-->GD,LV-->GD,LV-->GD,LV-->GD,LV-->GD,LV-->GD,LV-->GD,LV-->GD,LV-->GD,LV-->GD,,,,,,,,,,,,,,,,,GD-->LV,GD-->LV,GD-->LV,GD-->LV,GD-->LV,GD-->LV,GD-->LV,GD-->LV,GD-->LV,GD-->LV,GD-->LV,GD-->LV,GD-->LV,GD-->LV,GD-->LV,GD-->LV,GD-->LV,GD-->LV,GD-->LV
LB,LBN,Lebanon,Beirut,Asia,Western Asia,,LB-->GD,LB-->GD,LB-->GD,LB-->GD,LB-->GD,LB-->GD,LB-->GD,LB-->GD,LB-->GD,LB-->GD,LB-->GD,LB-->GD,LB-->GD,LB-->GD,LB-->GD,LB-->GD,LB-->GD,LB-->GD,LB-->GD,,,,,,,,,,,,,,,,,GD-->LB,GD-->LB,GD-->LB,GD-->LB,GD-->LB,GD-->LB,GD-->LB,GD-->LB,GD-->LB,GD-->LB,GD-->LB,GD-->LB,GD-->LB,GD-->LB,GD-->LB,GD-->LB,GD-->LB,GD-->LB,GD-->LB
LS,LSO,Lesotho,Maseru,Africa,Southern Africa,,LS-->GD,LS-->GD,LS-->GD,LS-->GD,LS-->GD,LS-->GD,LS-->GD,LS-->GD,LS-->GD,LS-->GD,LS-->GD,LS-->GD,LS-->GD,LS-->GD,LS-->GD,LS-->GD,LS-->GD,LS-->GD,LS-->GD,,,,,,,,,,,,,,,,,GD-->LS,GD-->LS,GD-->LS,GD-->LS,GD-->LS,GD-->LS,GD-->LS,GD-->LS,GD-->LS,GD-->LS,GD-->LS,GD-->LS,GD-->LS,GD-->LS,GD-->LS,GD-->LS,GD-->LS,GD-->LS,GD-->LS
LR,LBR,Liberia,Monrovia,Africa,Western Africa,,LR-->GD,LR-->GD,LR-->GD,LR-->GD,LR-->GD,LR-->GD,LR-->GD,LR-->GD,LR-->GD,LR-->GD,LR-->GD,LR-->GD,LR-->GD,LR-->GD,LR-->GD,LR-->GD,LR-->GD,LR-->GD,LR-->GD,,,,,,,,,,,,,,,,,GD-->LR,GD-->LR,GD-->LR,GD-->LR,GD-->LR,GD-->LR,GD-->LR,GD-->LR,GD-->LR,GD-->LR,GD-->LR,GD-->LR,GD-->LR,GD-->LR,GD-->LR,GD-->LR,GD-->LR,GD-->LR,GD-->LR
LY,LBY,Libya,Tripoli,Africa,Northern Africa,,LY-->GD,LY-->GD,LY-->GD,LY-->GD,LY-->GD,LY-->GD,LY-->GD,LY-->GD,LY-->GD,LY-->GD,LY-->GD,LY-->GD,LY-->GD,LY-->GD,LY-->GD,LY-->GD,LY-->GD,LY-->GD,LY-->GD,,,,,,,,,,,,,,,,,GD-->LY,GD-->LY,GD-->LY,GD-->LY,GD-->LY,GD-->LY,GD-->LY,GD-->LY,GD-->LY,GD-->LY,GD-->LY,GD-->LY,GD-->LY,GD-->LY,GD-->LY,GD-->LY,GD-->LY,GD-->LY,GD-->LY
LI,LIE,Liechtenstein,Vaduz,Europe,Western Europe,,LI-->GD,LI-->GD,LI-->GD,LI-->GD,LI-->GD,LI-->GD,LI-->GD,LI-->GD,LI-->GD,LI-->GD,LI-->GD,LI-->GD,LI-->GD,LI-->GD,LI-->GD,LI-->GD,LI-->GD,LI-->GD,LI-->GD,,,,,,,,,,,,,,,,,GD-->LI,GD-->LI,GD-->LI,GD-->LI,GD-->LI,GD-->LI,GD-->LI,GD-->LI,GD-->LI,GD-->LI,GD-->LI,GD-->LI,GD-->LI,GD-->LI,GD-->LI,GD-->LI,GD-->LI,GD-->LI,GD-->LI
LT,LTU,Lithuania,Vilnius,Europe,Northern Europe,,LT-->GD,LT-->GD,LT-->GD,LT-->GD,LT-->GD,LT-->GD,LT-->GD,LT-->GD,LT-->GD,LT-->GD,LT-->GD,LT-->GD,LT-->GD,LT-->GD,LT-->GD,LT-->GD,LT-->GD,LT-->GD,LT-->GD,,,,,,,,,,,,,,,,,GD-->LT,GD-->LT,GD-->LT,GD-->LT,GD-->LT,GD-->LT,GD-->LT,GD-->LT,GD-->LT,GD-->LT,GD-->LT,GD-->LT,GD-->LT,GD-->LT,GD-->LT,GD-->LT,GD-->LT,GD-->LT,GD-->LT
LU,LUX,Luxembourg,Luxembourg,Europe,Western Europe,,LU-->GD,LU-->GD,LU-->GD,LU-->GD,LU-->GD,LU-->GD,LU-->GD,LU-->GD,LU-->GD,LU-->GD,LU-->GD,LU-->GD,LU-->GD,LU-->GD,LU-->GD,LU-->GD,LU-->GD,LU-->GD,LU-->GD,,,,,,,,,,,,,,,,,GD-->LU,GD-->LU,GD-->LU,GD-->LU,GD-->LU,GD-->LU,GD-->LU,GD-->LU,GD-->LU,GD-->LU,GD-->LU,GD-->LU,GD-->LU,GD-->LU,GD-->LU,GD-->LU,GD-->LU,GD-->LU,GD-->LU
MO,MAC,Macau,,Asia,Eastern Asia,,MO-->GD,MO-->GD,MO-->GD,MO-->GD,MO-->GD,MO-->GD,MO-->GD,MO-->GD,MO-->GD,MO-->GD,MO-->GD,MO-->GD,MO-->GD,MO-->GD,MO-->GD,MO-->GD,MO-->GD,MO-->GD,MO-->GD,,,,,,,,,,,,,,,,,GD-->MO,GD-->MO,GD-->MO,GD-->MO,GD-->MO,GD-->MO,GD-->MO,GD-->MO,GD-->MO,GD-->MO,GD-->MO,GD-->MO,GD-->MO,GD-->MO,GD-->MO,GD-->MO,GD-->MO,GD-->MO,GD-->MO
MK,MKD,Republic of Macedonia,Skopje,Europe,Southern Europe,,MK-->GD,MK-->GD,MK-->GD,MK-->GD,MK-->GD,MK-->GD,MK-->GD,MK-->GD,MK-->GD,MK-->GD,MK-->GD,MK-->GD,MK-->GD,MK-->GD,MK-->GD,MK-->GD,MK-->GD,MK-->GD,MK-->GD,,,,,,,,,,,,,,,,,GD-->MK,GD-->MK,GD-->MK,GD-->MK,GD-->MK,GD-->MK,GD-->MK,GD-->MK,GD-->MK,GD-->MK,GD-->MK,GD-->MK,GD-->MK,GD-->MK,GD-->MK,GD-->MK,GD-->MK,GD-->MK,GD-->MK
MG,MDG,Madagascar,Antananarivo,Africa,Eastern Africa,,MG-->GD,MG-->GD,MG-->GD,MG-->GD,MG-->GD,MG-->GD,MG-->GD,MG-->GD,MG-->GD,MG-->GD,MG-->GD,MG-->GD,MG-->GD,MG-->GD,MG-->GD,MG-->GD,MG-->GD,MG-->GD,MG-->GD,,,,,,,,,,,,,,,,,GD-->MG,GD-->MG,GD-->MG,GD-->MG,GD-->MG,GD-->MG,GD-->MG,GD-->MG,GD-->MG,GD-->MG,GD-->MG,GD-->MG,GD-->MG,GD-->MG,GD-->MG,GD-->MG,GD-->MG,GD-->MG,GD-->MG
MW,MWI,Malawi,Lilongwe,Africa,Eastern Africa,,MW-->GD,MW-->GD,MW-->GD,MW-->GD,MW-->GD,MW-->GD,MW-->GD,MW-->GD,MW-->GD,MW-->GD,MW-->GD,MW-->GD,MW-->GD,MW-->GD,MW-->GD,MW-->GD,MW-->GD,MW-->GD,MW-->GD,,,,,,,,,,,,,,,,,GD-->MW,GD-->MW,GD-->MW,GD-->MW,GD-->MW,GD-->MW,GD-->MW,GD-->MW,GD-->MW,GD-->MW,GD-->MW,GD-->MW,GD-->MW,GD-->MW,GD-->MW,GD-->MW,GD-->MW,GD-->MW,GD-->MW
MY,MYS,Malaysia,Kuala Lumpur,Asia,South-Eastern Asia,,MY-->GD,MY-->GD,MY-->GD,MY-->GD,MY-->GD,MY-->GD,MY-->GD,MY-->GD,MY-->GD,MY-->GD,MY-->GD,MY-->GD,MY-->GD,MY-->GD,MY-->GD,MY-->GD,MY-->GD,MY-->GD,MY-->GD,,,,,,,,,,,,,,,,,GD-->MY,GD-->MY,GD-->MY,GD-->MY,GD-->MY,GD-->MY,GD-->MY,GD-->MY,GD-->MY,GD-->MY,GD-->MY,GD-->MY,GD-->MY,GD-->MY,GD-->MY,GD-->MY,GD-->MY,GD-->MY,GD-->MY
MV,MDV,Maldives,Malé,Asia,Southern Asia,,MV-->GD,MV-->GD,MV-->GD,MV-->GD,MV-->GD,MV-->GD,MV-->GD,MV-->GD,MV-->GD,MV-->GD,MV-->GD,MV-->GD,MV-->GD,MV-->GD,MV-->GD,MV-->GD,MV-->GD,MV-->GD,MV-->GD,,,,,,,,,,,,,,,,,GD-->MV,GD-->MV,GD-->MV,GD-->MV,GD-->MV,GD-->MV,GD-->MV,GD-->MV,GD-->MV,GD-->MV,GD-->MV,GD-->MV,GD-->MV,GD-->MV,GD-->MV,GD-->MV,GD-->MV,GD-->MV,GD-->MV
ML,MLI,Mali,Bamako,Africa,Western Africa,,ML-->GD,ML-->GD,ML-->GD,ML-->GD,ML-->GD,ML-->GD,ML-->GD,ML-->GD,ML-->GD,ML-->GD,ML-->GD,ML-->GD,ML-->GD,ML-->GD,ML-->GD,ML-->GD,ML-->GD,ML-->GD,ML-->GD,,,,,,,,,,,,,,,,,GD-->ML,GD-->ML,GD-->ML,GD-->ML,GD-->ML,GD-->ML,GD-->ML,GD-->ML,GD-->ML,GD-->ML,GD-->ML,GD-->ML,GD-->ML,GD-->ML,GD-->ML,GD-->ML,GD-->ML,GD-->ML,GD-->ML
MT,MLT,Malta,Valletta,Europe,Southern Europe,,MT-->GD,MT-->GD,MT-->GD,MT-->GD,MT-->GD,MT-->GD,MT-->GD,MT-->GD,MT-->GD,MT-->GD,MT-->GD,MT-->GD,MT-->GD,MT-->GD,MT-->GD,MT-->GD,MT-->GD,MT-->GD,MT-->GD,,,,,,,,,,,,,,,,,GD-->MT,GD-->MT,GD-->MT,GD-->MT,GD-->MT,GD-->MT,GD-->MT,GD-->MT,GD-->MT,GD-->MT,GD-->MT,GD-->MT,GD-->MT,GD-->MT,GD-->MT,GD-->MT,GD-->MT,GD-->MT,GD-->MT
MH,MHL,Marshall Islands,Majuro,Oceania,Micronesia,,MH-->GD,MH-->GD,MH-->GD,MH-->GD,MH-->GD,MH-->GD,MH-->GD,MH-->GD,MH-->GD,MH-->GD,MH-->GD,MH-->GD,MH-->GD,MH-->GD,MH-->GD,MH-->GD,MH-->GD,MH-->GD,MH-->GD,,,,,,,,,,,,,,,,,GD-->MH,GD-->MH,GD-->MH,GD-->MH,GD-->MH,GD-->MH,GD-->MH,GD-->MH,GD-->MH,GD-->MH,GD-->MH,GD-->MH,GD-->MH,GD-->MH,GD-->MH,GD-->MH,GD-->MH,GD-->MH,GD-->MH
MQ,MTQ,Martinique,Fort-de-France,Americas,Caribbean,,MQ-->GD,MQ-->GD,MQ-->GD,MQ-->GD,MQ-->GD,MQ-->GD,MQ-->GD,MQ-->GD,MQ-->GD,MQ-->GD,MQ-->GD,MQ-->GD,MQ-->GD,MQ-->GD,MQ-->GD,MQ-->GD,MQ-->GD,MQ-->GD,MQ-->GD,,,,,,,,,,,,,,,,,GD-->MQ,GD-->MQ,GD-->MQ,GD-->MQ,GD-->MQ,GD-->MQ,GD-->MQ,GD-->MQ,GD-->MQ,GD-->MQ,GD-->MQ,GD-->MQ,GD-->MQ,GD-->MQ,GD-->MQ,GD-->MQ,GD-->MQ,GD-->MQ,GD-->MQ
MR,MRT,Mauritania,Nouakchott,Africa,Western Africa,,MR-->GD,MR-->GD,MR-->GD,MR-->GD,MR-->GD,MR-->GD,MR-->GD,MR-->GD,MR-->GD,MR-->GD,MR-->GD,MR-->GD,MR-->GD,MR-->GD,MR-->GD,MR-->GD,MR-->GD,MR-->GD,MR-->GD,0.0,,,,,,,,,,,,,,,,GD-->MR,GD-->MR,GD-->MR,GD-->MR,GD-->MR,GD-->MR,GD-->MR,GD-->MR,GD-->MR,GD-->MR,GD-->MR,GD-->MR,GD-->MR,GD-->MR,GD-->MR,GD-->MR,GD-->MR,GD-->MR,GD-->MR
MU,MUS,Mauritius,Port Louis,Africa,Eastern Africa,,MU-->GD,MU-->GD,MU-->GD,MU-->GD,MU-->GD,MU-->GD,MU-->GD,MU-->GD,MU-->GD,MU-->GD,MU-->GD,MU-->GD,MU-->GD,MU-->GD,MU-->GD,MU-->GD,MU-->GD,MU-->GD,MU-->GD,,,,,,,,,,,,,,,,,GD-->MU,GD-->MU,GD-->MU,GD-->MU,GD-->MU,GD-->MU,GD-->MU,GD-->MU,GD-->MU,GD-->MU,GD-->MU,GD-->MU,GD-->MU,GD-->MU,GD-->MU,GD-->MU,GD-->MU,GD-->MU,GD-->MU
YT,MYT,Mayotte,Mamoudzou,Africa,Eastern Africa,,YT-->GD,YT-->GD,YT-->GD,YT-->GD,YT-->GD,YT-->GD,YT-->GD,YT-->GD,YT-->GD,YT-->GD,YT-->GD,YT-->GD,YT-->GD,YT-->GD,YT-->GD,YT-->GD,YT-->GD,YT-->GD,YT-->GD,,,,,,,,,,,,,,,,,GD-->YT,GD-->YT,GD-->YT,GD-->YT,GD-->YT,GD-->YT,GD-->YT,GD-->YT,GD-->YT,GD-->YT,GD-->YT,GD-->YT,GD-->YT,GD-->YT,GD-->YT,GD-->YT,GD-->YT,GD-->YT,GD-->YT
MX,MEX,Mexico,Mexico City,Americas,Central America,,MX-->GD,MX-->GD,MX-->GD,MX-->GD,MX-->GD,MX-->GD,MX-->GD,MX-->GD,MX-->GD,MX-->GD,MX-->GD,MX-->GD,MX-->GD,MX-->GD,MX-->GD,MX-->GD,MX-->GD,MX-->GD,MX-->GD,,,,,,,,,,,,,,,,,GD-->MX,GD-->MX,GD-->MX,GD-->MX,GD-->MX,GD-->MX,GD-->MX,GD-->MX,GD-->MX,GD-->MX,GD-->MX,GD-->MX,GD-->MX,GD-->MX,GD-->MX,GD-->MX,GD-->MX,GD-->MX,GD-->MX
FM,FSM,Federated States of Micronesia,Palikir,Oceania,Micronesia,,FM-->GD,FM-->GD,FM-->GD,FM-->GD,FM-->GD,FM-->GD,FM-->GD,FM-->GD,FM-->GD,FM-->GD,FM-->GD,FM-->GD,FM-->GD,FM-->GD,FM-->GD,FM-->GD,FM-->GD,FM-->GD,FM-->GD,,,,,,,,,,,,,,,,,GD-->FM,GD-->FM,GD-->FM,GD-->FM,GD-->FM,GD-->FM,GD-->FM,GD-->FM,GD-->FM,GD-->FM,GD-->FM,GD-->FM,GD-->FM,GD-->FM,GD-->FM,GD-->FM,GD-->FM,GD-->FM,GD-->FM
MD,MDA,Moldova,Chișinău,Europe,Eastern Europe,,MD-->GD,MD-->GD,MD-->GD,MD-->GD,MD-->GD,MD-->GD,MD-->GD,MD-->GD,MD-->GD,MD-->GD,MD-->GD,MD-->GD,MD-->GD,MD-->GD,MD-->GD,MD-->GD,MD-->GD,MD-->GD,MD-->GD,,,,,,,,,,,,,,,,,GD-->MD,GD-->MD,GD-->MD,GD-->MD,GD-->MD,GD-->MD,GD-->MD,GD-->MD,GD-->MD,GD-->MD,GD-->MD,GD-->MD,GD-->MD,GD-->MD,GD-->MD,GD-->MD,GD-->MD,GD-->MD,GD-->MD
MC,MCO,Monaco,Monaco,Europe,Western Europe,,MC-->GD,MC-->GD,MC-->GD,MC-->GD,MC-->GD,MC-->GD,MC-->GD,MC-->GD,MC-->GD,MC-->GD,MC-->GD,MC-->GD,MC-->GD,MC-->GD,MC-->GD,MC-->GD,MC-->GD,MC-->GD,MC-->GD,,,,,,,,,,,,,,,,,GD-->MC,GD-->MC,GD-->MC,GD-->MC,GD-->MC,GD-->MC,GD-->MC,GD-->MC,GD-->MC,GD-->MC,GD-->MC,GD-->MC,GD-->MC,GD-->MC,GD-->MC,GD-->MC,GD-->MC,GD-->MC,GD-->MC
MN,MNG,Mongolia,Ulan Bator,Asia,Eastern Asia,,MN-->GD,MN-->GD,MN-->GD,MN-->GD,MN-->GD,MN-->GD,MN-->GD,MN-->GD,MN-->GD,MN-->GD,MN-->GD,MN-->GD,MN-->GD,MN-->GD,MN-->GD,MN-->GD,MN-->GD,MN-->GD,MN-->GD,,,,,,,,,,,,,,,,,GD-->MN,GD-->MN,GD-->MN,GD-->MN,GD-->MN,GD-->MN,GD-->MN,GD-->MN,GD-->MN,GD-->MN,GD-->MN,GD-->MN,GD-->MN,GD-->MN,GD-->MN,GD-->MN,GD-->MN,GD-->MN,GD-->MN
ME,MNE,Montenegro,Podgorica,Europe,Southern Europe,,ME-->GD,ME-->GD,ME-->GD,ME-->GD,ME-->GD,ME-->GD,ME-->GD,ME-->GD,ME-->GD,ME-->GD,ME-->GD,ME-->GD,ME-->GD,ME-->GD,ME-->GD,ME-->GD,ME-->GD,ME-->GD,ME-->GD,,,,,,,,,,,,,,,,,GD-->ME,GD-->ME,GD-->ME,GD-->ME,GD-->ME,GD-->ME,GD-->ME,GD-->ME,GD-->ME,GD-->ME,GD-->ME,GD-->ME,GD-->ME,GD-->ME,GD-->ME,GD-->ME,GD-->ME,GD-->ME,GD-->ME
MS,MSR,Montserrat,Plymouth,Americas,Caribbean,,MS-->GD,MS-->GD,MS-->GD,MS-->GD,MS-->GD,MS-->GD,MS-->GD,MS-->GD,MS-->GD,MS-->GD,MS-->GD,MS-->GD,MS-->GD,MS-->GD,MS-->GD,MS-->GD,MS-->GD,MS-->GD,MS-->GD,,,,,,,,,,,,,,,,,GD-->MS,GD-->MS,GD-->MS,GD-->MS,GD-->MS,GD-->MS,GD-->MS,GD-->MS,GD-->MS,GD-->MS,GD-->MS,GD-->MS,GD-->MS,GD-->MS,GD-->MS,GD-->MS,GD-->MS,GD-->MS,GD-->MS
MA,MAR,Morocco,Rabat,Africa,Northern Africa,,MA-->GD,MA-->GD,MA-->GD,MA-->GD,MA-->GD,MA-->GD,MA-->GD,MA-->GD,MA-->GD,MA-->GD,MA-->GD,MA-->GD,MA-->GD,MA-->GD,MA-->GD,MA-->GD,MA-->GD,MA-->GD,MA-->GD,,,,,,,,,,,,,,,,,GD-->MA,GD-->MA,GD-->MA,GD-->MA,GD-->MA,GD-->MA,GD-->MA,GD-->MA,GD-->MA,GD-->MA,GD-->MA,GD-->MA,GD-->MA,GD-->MA,GD-->MA,GD-->MA,GD-->MA,GD-->MA,GD-->MA
MZ,MOZ,Mozambique,Maputo,Africa,Eastern Africa,,MZ-->GD,MZ-->GD,MZ-->GD,MZ-->GD,MZ-->GD,MZ-->GD,MZ-->GD,MZ-->GD,MZ-->GD,MZ-->GD,MZ-->GD,MZ-->GD,MZ-->GD,MZ-->GD,MZ-->GD,MZ-->GD,MZ-->GD,MZ-->GD,MZ-->GD,,,,,,,,,,,,,,,,,GD-->MZ,GD-->MZ,GD-->MZ,GD-->MZ,GD-->MZ,GD-->MZ,GD-->MZ,GD-->MZ,GD-->MZ,GD-->MZ,GD-->MZ,GD-->MZ,GD-->MZ,GD-->MZ,GD-->MZ,GD-->MZ,GD-->MZ,GD-->MZ,GD-->MZ
MM,MMR,Myanmar,Naypyidaw,Asia,South-Eastern Asia,,MM-->GD,MM-->GD,MM-->GD,MM-->GD,MM-->GD,MM-->GD,MM-->GD,MM-->GD,MM-->GD,MM-->GD,MM-->GD,MM-->GD,MM-->GD,MM-->GD,MM-->GD,MM-->GD,MM-->GD,MM-->GD,MM-->GD,,,,,,,,,,,,,,,,,GD-->MM,GD-->MM,GD-->MM,GD-->MM,GD-->MM,GD-->MM,GD-->MM,GD-->MM,GD-->MM,GD-->MM,GD-->MM,GD-->MM,GD-->MM,GD-->MM,GD-->MM,GD-->MM,GD-->MM,GD-->MM,GD-->MM
,NAM,Namibia,Windhoek,Africa,Southern Africa,,NA-->GD,NA-->GD,NA-->GD,NA-->GD,NA-->GD,NA-->GD,NA-->GD,NA-->GD,NA-->GD,NA-->GD,NA-->GD,NA-->GD,NA-->GD,NA-->GD,NA-->GD,NA-->GD,NA-->GD,NA-->GD,NA-->GD,,,,,,,,,,,,,,,,,GD-->NA,GD-->NA,GD-->NA,GD-->NA,GD-->NA,GD-->NA,GD-->NA,GD-->NA,GD-->NA,GD-->NA,GD-->NA,GD-->NA,GD-->NA,GD-->NA,GD-->NA,GD-->NA,GD-->NA,GD-->NA,GD-->NA
NR,NRU,Nauru,Yaren,Oceania,Micronesia,,NR-->GD,NR-->GD,NR-->GD,NR-->GD,NR-->GD,NR-->GD,NR-->GD,NR-->GD,NR-->GD,NR-->GD,NR-->GD,NR-->GD,NR-->GD,NR-->GD,NR-->GD,NR-->GD,NR-->GD,NR-->GD,NR-->GD,,,,,,,,,,,,,,,,,GD-->NR,GD-->NR,GD-->NR,GD-->NR,GD-->NR,GD-->NR,GD-->NR,GD-->NR,GD-->NR,GD-->NR,GD-->NR,GD-->NR,GD-->NR,GD-->NR,GD-->NR,GD-->NR,GD-->NR,GD-->NR,GD-->NR
NP,NPL,Nepal,Kathmandu,Asia,Southern Asia,,NP-->GD,NP-->GD,NP-->GD,NP-->GD,NP-->GD,NP-->GD,NP-->GD,NP-->GD,NP-->GD,NP-->GD,NP-->GD,NP-->GD,NP-->GD,NP-->GD,NP-->GD,NP-->GD,NP-->GD,NP-->GD,NP-->GD,,,,,,,,,,,,,,,,,GD-->NP,GD-->NP,GD-->NP,GD-->NP,GD-->NP,GD-->NP,GD-->NP,GD-->NP,GD-->NP,GD-->NP,GD-->NP,GD-->NP,GD-->NP,GD-->NP,GD-->NP,GD-->NP,GD-->NP,GD-->NP,GD-->NP
NL,NLD,Netherlands,Amsterdam,Europe,Western Europe,,NL-->GD,NL-->GD,NL-->GD,NL-->GD,NL-->GD,NL-->GD,NL-->GD,NL-->GD,NL-->GD,NL-->GD,NL-->GD,NL-->GD,NL-->GD,NL-->GD,NL-->GD,NL-->GD,NL-->GD,NL-->GD,NL-->GD,,,,,,,,,,,,,,,,,GD-->NL,GD-->NL,GD-->NL,GD-->NL,GD-->NL,GD-->NL,GD-->NL,GD-->NL,GD-->NL,GD-->NL,GD-->NL,GD-->NL,GD-->NL,GD-->NL,GD-->NL,GD-->NL,GD-->NL,GD-->NL,GD-->NL
NC,NCL,New Caledonia,Nouméa,Oceania,Melanesia,,NC-->GD,NC-->GD,NC-->GD,NC-->GD,NC-->GD,NC-->GD,NC-->GD,NC-->GD,NC-->GD,NC-->GD,NC-->GD,NC-->GD,NC-->GD,NC-->GD,NC-->GD,NC-->GD,NC-->GD,NC-->GD,NC-->GD,,,,,,,,,,,,,,,,,GD-->NC,GD-->NC,GD-->NC,GD-->NC,GD-->NC,GD-->NC,GD-->NC,GD-->NC,GD-->NC,GD-->NC,GD-->NC,GD-->NC,GD-->NC,GD-->NC,GD-->NC,GD-->NC,GD-->NC,GD-->NC,GD-->NC
NZ,NZL,New Zealand,Wellington,Oceania,Australia and New Zealand,,NZ-->GD,NZ-->GD,NZ-->GD,NZ-->GD,NZ-->GD,NZ-->GD,NZ-->GD,NZ-->GD,NZ-->GD,NZ-->GD,NZ-->GD,NZ-->GD,NZ-->GD,NZ-->GD,NZ-->GD,NZ-->GD,NZ-->GD,NZ-->GD,NZ-->GD,,,,,,,,,,,,,,,,,GD-->NZ,GD-->NZ,GD-->NZ,GD-->NZ,GD-->NZ,GD-->NZ,GD-->NZ,GD-->NZ,GD-->NZ,GD-->NZ,GD-->NZ,GD-->NZ,GD-->NZ,GD-->NZ,GD-->NZ,GD-->NZ,GD-->NZ,GD-->NZ,GD-->NZ
NI,NIC,Nicaragua,Managua,Americas,Central America,,NI-->GD,NI-->GD,NI-->GD,NI-->GD,NI-->GD,NI-->GD,NI-->GD,NI-->GD,NI-->GD,NI-->GD,NI-->GD,NI-->GD,NI-->GD,NI-->GD,NI-->GD,NI-->GD,NI-->GD,NI-->GD,NI-->GD,,,,,,,,,,,,,,,,,GD-->NI,GD-->NI,GD-->NI,GD-->NI,GD-->NI,GD-->NI,GD-->NI,GD-->NI,GD-->NI,GD-->NI,GD-->NI,GD-->NI,GD-->NI,GD-->NI,GD-->NI,GD-->NI,GD-->NI,GD-->NI,GD-->NI
NE,NER,Niger,Niamey,Africa,Western Africa,,NE-->GD,NE-->GD,NE-->GD,NE-->GD,NE-->GD,NE-->GD,NE-->GD,NE-->GD,NE-->GD,NE-->GD,NE-->GD,NE-->GD,NE-->GD,NE-->GD,NE-->GD,NE-->GD,NE-->GD,NE-->GD,NE-->GD,,,,,,,,,,,,,,,,,GD-->NE,GD-->NE,GD-->NE,GD-->NE,GD-->NE,GD-->NE,GD-->NE,GD-->NE,GD-->NE,GD-->NE,GD-->NE,GD-->NE,GD-->NE,GD-->NE,GD-->NE,GD-->NE,GD-->NE,GD-->NE,GD-->NE
NG,NGA,Nigeria,Abuja,Africa,Western Africa,,NG-->GD,NG-->GD,NG-->GD,NG-->GD,NG-->GD,NG-->GD,NG-->GD,NG-->GD,NG-->GD,NG-->GD,NG-->GD,NG-->GD,NG-->GD,NG-->GD,NG-->GD,NG-->GD,NG-->GD,NG-->GD,NG-->GD,,,,,,,,,,,,,,,,,GD-->NG,GD-->NG,GD-->NG,GD-->NG,GD-->NG,GD-->NG,GD-->NG,GD-->NG,GD-->NG,GD-->NG,GD-->NG,GD-->NG,GD-->NG,GD-->NG,GD-->NG,GD-->NG,GD-->NG,GD-->NG,GD-->NG
NU,NIU,Niue,Alofi,Oceania,Polynesia,,NU-->GD,NU-->GD,NU-->GD,NU-->GD,NU-->GD,NU-->GD,NU-->GD,NU-->GD,NU-->GD,NU-->GD,NU-->GD,NU-->GD,NU-->GD,NU-->GD,NU-->GD,NU-->GD,NU-->GD,NU-->GD,NU-->GD,,,,,,,,,,,,,,,,,GD-->NU,GD-->NU,GD-->NU,GD-->NU,GD-->NU,GD-->NU,GD-->NU,GD-->NU,GD-->NU,GD-->NU,GD-->NU,GD-->NU,GD-->NU,GD-->NU,GD-->NU,GD-->NU,GD-->NU,GD-->NU,GD-->NU
NF,NFK,Norfolk Island,Kingston,Oceania,Australia and New Zealand,,NF-->GD,NF-->GD,NF-->GD,NF-->GD,NF-->GD,NF-->GD,NF-->GD,NF-->GD,NF-->GD,NF-->GD,NF-->GD,NF-->GD,NF-->GD,NF-->GD,NF-->GD,NF-->GD,NF-->GD,NF-->GD,NF-->GD,,,,,,,,,,,,,,,,,GD-->NF,GD-->NF,GD-->NF,GD-->NF,GD-->NF,GD-->NF,GD-->NF,GD-->NF,GD-->NF,GD-->NF,GD-->NF,GD-->NF,GD-->NF,GD-->NF,GD-->NF,GD-->NF,GD-->NF,GD-->NF,GD-->NF
KP,PRK,North Korea,Pyongyang,Asia,Eastern Asia,,KP-->GD,KP-->GD,KP-->GD,KP-->GD,KP-->GD,KP-->GD,KP-->GD,KP-->GD,KP-->GD,KP-->GD,KP-->GD,KP-->GD,KP-->GD,KP-->GD,KP-->GD,KP-->GD,KP-->GD,KP-->GD,KP-->GD,,,,,,,,,,,,,,,,,GD-->KP,GD-->KP,GD-->KP,GD-->KP,GD-->KP,GD-->KP,GD-->KP,GD-->KP,GD-->KP,GD-->KP,GD-->KP,GD-->KP,GD-->KP,GD-->KP,GD-->KP,GD-->KP,GD-->KP,GD-->KP,GD-->KP
MP,MNP,Northern Mariana Islands,Saipan,Oceania,Micronesia,,MP-->GD,MP-->GD,MP-->GD,MP-->GD,MP-->GD,MP-->GD,MP-->GD,MP-->GD,MP-->GD,MP-->GD,MP-->GD,MP-->GD,MP-->GD,MP-->GD,MP-->GD,MP-->GD,MP-->GD,MP-->GD,MP-->GD,,,,,,,,,,,,,,,,,GD-->MP,GD-->MP,GD-->MP,GD-->MP,GD-->MP,GD-->MP,GD-->MP,GD-->MP,GD-->MP,GD-->MP,GD-->MP,GD-->MP,GD-->MP,GD-->MP,GD-->MP,GD-->MP,GD-->MP,GD-->MP,GD-->MP
NO,NOR,Norway,Oslo,Europe,Northern Europe,,NO-->GD,NO-->GD,NO-->GD,NO-->GD,NO-->GD,NO-->GD,NO-->GD,NO-->GD,NO-->GD,NO-->GD,NO-->GD,NO-->GD,NO-->GD,NO-->GD,NO-->GD,NO-->GD,NO-->GD,NO-->GD,NO-->GD,,,,,,,,,,,,,,,,,GD-->NO,GD-->NO,GD-->NO,GD-->NO,GD-->NO,GD-->NO,GD-->NO,GD-->NO,GD-->NO,GD-->NO,GD-->NO,GD-->NO,GD-->NO,GD-->NO,GD-->NO,GD-->NO,GD-->NO,GD-->NO,GD-->NO
OM,OMN,Oman,Muscat,Asia,Western Asia,,OM-->GD,OM-->GD,OM-->GD,OM-->GD,OM-->GD,OM-->GD,OM-->GD,OM-->GD,OM-->GD,OM-->GD,OM-->GD,OM-->GD,OM-->GD,OM-->GD,OM-->GD,OM-->GD,OM-->GD,OM-->GD,OM-->GD,,,,,,,,,,,,,,,,,GD-->OM,GD-->OM,GD-->OM,GD-->OM,GD-->OM,GD-->OM,GD-->OM,GD-->OM,GD-->OM,GD-->OM,GD-->OM,GD-->OM,GD-->OM,GD-->OM,GD-->OM,GD-->OM,GD-->OM,GD-->OM,GD-->OM
PK,PAK,Pakistan,Islamabad,Asia,Southern Asia,,PK-->GD,PK-->GD,PK-->GD,PK-->GD,PK-->GD,PK-->GD,PK-->GD,PK-->GD,PK-->GD,PK-->GD,PK-->GD,PK-->GD,PK-->GD,PK-->GD,PK-->GD,PK-->GD,PK-->GD,PK-->GD,PK-->GD,,,,,,,,,,,,,,,,,GD-->PK,GD-->PK,GD-->PK,GD-->PK,GD-->PK,GD-->PK,GD-->PK,GD-->PK,GD-->PK,GD-->PK,GD-->PK,GD-->PK,GD-->PK,GD-->PK,GD-->PK,GD-->PK,GD-->PK,GD-->PK,GD-->PK
PW,PLW,Palau,Ngerulmud,Oceania,Micronesia,,PW-->GD,PW-->GD,PW-->GD,PW-->GD,PW-->GD,PW-->GD,PW-->GD,PW-->GD,PW-->GD,PW-->GD,PW-->GD,PW-->GD,PW-->GD,PW-->GD,PW-->GD,PW-->GD,PW-->GD,PW-->GD,PW-->GD,,,,,,,,,,,,,,,,,GD-->PW,GD-->PW,GD-->PW,GD-->PW,GD-->PW,GD-->PW,GD-->PW,GD-->PW,GD-->PW,GD-->PW,GD-->PW,GD-->PW,GD-->PW,GD-->PW,GD-->PW,GD-->PW,GD-->PW,GD-->PW,GD-->PW
PS,PSE,Palestine,Ramallah,Asia,Western Asia,,PS-->GD,PS-->GD,PS-->GD,PS-->GD,PS-->GD,PS-->GD,PS-->GD,PS-->GD,PS-->GD,PS-->GD,PS-->GD,PS-->GD,PS-->GD,PS-->GD,PS-->GD,PS-->GD,PS-->GD,PS-->GD,PS-->GD,,,,,,,,,,,,,,,,,GD-->PS,GD-->PS,GD-->PS,GD-->PS,GD-->PS,GD-->PS,GD-->PS,GD-->PS,GD-->PS,GD-->PS,GD-->PS,GD-->PS,GD-->PS,GD-->PS,GD-->PS,GD-->PS,GD-->PS,GD-->PS,GD-->PS
PA,PAN,Panama,Panama City,Americas,Central America,,PA-->GD,PA-->GD,PA-->GD,PA-->GD,PA-->GD,PA-->GD,PA-->GD,PA-->GD,PA-->GD,PA-->GD,PA-->GD,PA-->GD,PA-->GD,PA-->GD,PA-->GD,PA-->GD,PA-->GD,PA-->GD,PA-->GD,,,,,,,,,,,,,,,,,GD-->PA,GD-->PA,GD-->PA,GD-->PA,GD-->PA,GD-->PA,GD-->PA,GD-->PA,GD-->PA,GD-->PA,GD-->PA,GD-->PA,GD-->PA,GD-->PA,GD-->PA,GD-->PA,GD-->PA,GD-->PA,GD-->PA
PG,PNG,Papua New Guinea,Port Moresby,Oceania,Melanesia,,PG-->GD,PG-->GD,PG-->GD,PG-->GD,PG-->GD,PG-->GD,PG-->GD,PG-->GD,PG-->GD,PG-->GD,PG-->GD,PG-->GD,PG-->GD,PG-->GD,PG-->GD,PG-->GD,PG-->GD,PG-->GD,PG-->GD,,,,,,,,,,,,,,,,,GD-->PG,GD-->PG,GD-->PG,GD-->PG,GD-->PG,GD-->PG,GD-->PG,GD-->PG,GD-->PG,GD-->PG,GD-->PG,GD-->PG,GD-->PG,GD-->PG,GD-->PG,GD-->PG,GD-->PG,GD-->PG,GD-->PG
PY,PRY,Paraguay,Asunción,Americas,South America,,PY-->GD,PY-->GD,PY-->GD,PY-->GD,PY-->GD,PY-->GD,PY-->GD,PY-->GD,PY-->GD,PY-->GD,PY-->GD,PY-->GD,PY-->GD,PY-->GD,PY-->GD,PY-->GD,PY-->GD,PY-->GD,PY-->GD,,,,,,,,,,,,,,,,,GD-->PY,GD-->PY,GD-->PY,GD-->PY,GD-->PY,GD-->PY,GD-->PY,GD-->PY,GD-->PY,GD-->PY,GD-->PY,GD-->PY,GD-->PY,GD-->PY,GD-->PY,GD-->PY,GD-->PY,GD-->PY,GD-->PY
PE,PER,Peru,Lima,Americas,South America,,PE-->GD,PE-->GD,PE-->GD,PE-->GD,PE-->GD,PE-->GD,PE-->GD,PE-->GD,PE-->GD,PE-->GD,PE-->GD,PE-->GD,PE-->GD,PE-->GD,PE-->GD,PE-->GD,PE-->GD,PE-->GD,PE-->GD,,,,,,,,,,,,,,,,,GD-->PE,GD-->PE,GD-->PE,GD-->PE,GD-->PE,GD-->PE,GD-->PE,GD-->PE,GD-->PE,GD-->PE,GD-->PE,GD-->PE,GD-->PE,GD-->PE,GD-->PE,GD-->PE,GD-->PE,GD-->PE,GD-->PE
PH,PHL,Philippines,Manila,Asia,South-Eastern Asia,,PH-->GD,PH-->GD,PH-->GD,PH-->GD,PH-->GD,PH-->GD,PH-->GD,PH-->GD,PH-->GD,PH-->GD,PH-->GD,PH-->GD,PH-->GD,PH-->GD,PH-->GD,PH-->GD,PH-->GD,PH-->GD,PH-->GD,,,,,,,,,,,,,,,,,GD-->PH,GD-->PH,GD-->PH,GD-->PH,GD-->PH,GD-->PH,GD-->PH,GD-->PH,GD-->PH,GD-->PH,GD-->PH,GD-->PH,GD-->PH,GD-->PH,GD-->PH,GD-->PH,GD-->PH,GD-->PH,GD-->PH
PN,PCN,Pitcairn Islands,Adamstown,Oceania,Polynesia,,PN-->GD,PN-->GD,PN-->GD,PN-->GD,PN-->GD,PN-->GD,PN-->GD,PN-->GD,PN-->GD,PN-->GD,PN-->GD,PN-->GD,PN-->GD,PN-->GD,PN-->GD,PN-->GD,PN-->GD,PN-->GD,PN-->GD,,,,,,,,,,,,,,,,,GD-->PN,GD-->PN,GD-->PN,GD-->PN,GD-->PN,GD-->PN,GD-->PN,GD-->PN,GD-->PN,GD-->PN,GD-->PN,GD-->PN,GD-->PN,GD-->PN,GD-->PN,GD-->PN,GD-->PN,GD-->PN,GD-->PN
PL,POL,Poland,Warsaw,Europe,Eastern Europe,,PL-->GD,PL-->GD,PL-->GD,PL-->GD,PL-->GD,PL-->GD,PL-->GD,PL-->GD,PL-->GD,PL-->GD,PL-->GD,PL-->GD,PL-->GD,PL-->GD,PL-->GD,PL-->GD,PL-->GD,PL-->GD,PL-->GD,,,,,,,,,,,,,,,,,GD-->PL,GD-->PL,GD-->PL,GD-->PL,GD-->PL,GD-->PL,GD-->PL,GD-->PL,GD-->PL,GD-->PL,GD-->PL,GD-->PL,GD-->PL,GD-->PL,GD-->PL,GD-->PL,GD-->PL,GD-->PL,GD-->PL
PT,PRT,Portugal,Lisbon,Europe,Southern Europe,,PT-->GD,PT-->GD,PT-->GD,PT-->GD,PT-->GD,PT-->GD,PT-->GD,PT-->GD,PT-->GD,PT-->GD,PT-->GD,PT-->GD,PT-->GD,PT-->GD,PT-->GD,PT-->GD,PT-->GD,PT-->GD,PT-->GD,,,,,,,,,,,,,,,,,GD-->PT,GD-->PT,GD-->PT,GD-->PT,GD-->PT,GD-->PT,GD-->PT,GD-->PT,GD-->PT,GD-->PT,GD-->PT,GD-->PT,GD-->PT,GD-->PT,GD-->PT,GD-->PT,GD-->PT,GD-->PT,GD-->PT
PR,PRI,Puerto Rico,San Juan,Americas,Caribbean,,PR-->GD,PR-->GD,PR-->GD,PR-->GD,PR-->GD,PR-->GD,PR-->GD,PR-->GD,PR-->GD,PR-->GD,PR-->GD,PR-->GD,PR-->GD,PR-->GD,PR-->GD,PR-->GD,PR-->GD,PR-->GD,PR-->GD,,,,,,,,,,,,,,,,,GD-->PR,GD-->PR,GD-->PR,GD-->PR,GD-->PR,GD-->PR,GD-->PR,GD-->PR,GD-->PR,GD-->PR,GD-->PR,GD-->PR,GD-->PR,GD-->PR,GD-->PR,GD-->PR,GD-->PR,GD-->PR,GD-->PR
QA,QAT,Qatar,Doha,Asia,Western Asia,,QA-->GD,QA-->GD,QA-->GD,QA-->GD,QA-->GD,QA-->GD,QA-->GD,QA-->GD,QA-->GD,QA-->GD,QA-->GD,QA-->GD,QA-->GD,QA-->GD,QA-->GD,QA-->GD,QA-->GD,QA-->GD,QA-->GD,,,,,,,,,,,,,,,,,GD-->QA,GD-->QA,GD-->QA,GD-->QA,GD-->QA,GD-->QA,GD-->QA,GD-->QA,GD-->QA,GD-->QA,GD-->QA,GD-->QA,GD-->QA,GD-->QA,GD-->QA,GD-->QA,GD-->QA,GD-->QA,GD-->QA
XK,KOS,Republic of Kosovo,Pristina,Europe,Eastern Europe,,XK-->GD,XK-->GD,XK-->GD,XK-->GD,XK-->GD,XK-->GD,XK-->GD,XK-->GD,XK-->GD,XK-->GD,XK-->GD,XK-->GD,XK-->GD,XK-->GD,XK-->GD,XK-->GD,XK-->GD,XK-->GD,XK-->GD,,,,,,,,,,,,,,,,,GD-->XK,GD-->XK,GD-->XK,GD-->XK,GD-->XK,GD-->XK,GD-->XK,GD-->XK,GD-->XK,GD-->XK,GD-->XK,GD-->XK,GD-->XK,GD-->XK,GD-->XK,GD-->XK,GD-->XK,GD-->XK,GD-->XK
RE,REU,Réunion,Saint-Denis,Africa,Eastern Africa,,RE-->GD,RE-->GD,RE-->GD,RE-->GD,RE-->GD,RE-->GD,RE-->GD,RE-->GD,RE-->GD,RE-->GD,RE-->GD,RE-->GD,RE-->GD,RE-->GD,RE-->GD,RE-->GD,RE-->GD,RE-->GD,RE-->GD,,,,,,,,,,,,,,,,,GD-->RE,GD-->RE,GD-->RE,GD-->RE,GD-->RE,GD-->RE,GD-->RE,GD-->RE,GD-->RE,GD-->RE,GD-->RE,GD-->RE,GD-->RE,GD-->RE,GD-->RE,GD-->RE,GD-->RE,GD-->RE,GD-->RE
RO,ROU,Romania,Bucharest,Europe,Eastern Europe,,RO-->GD,RO-->GD,RO-->GD,RO-->GD,RO-->GD,RO-->GD,RO-->GD,RO-->GD,RO-->GD,RO-->GD,RO-->GD,RO-->GD,RO-->GD,RO-->GD,RO-->GD,RO-->GD,RO-->GD,RO-->GD,RO-->GD,,,,,,,,,,,,,,,,,GD-->RO,GD-->RO,GD-->RO,GD-->RO,GD-->RO,GD-->RO,GD-->RO,GD-->RO,GD-->RO,GD-->RO,GD-->RO,GD-->RO,GD-->RO,GD-->RO,GD-->RO,GD-->RO,GD-->RO,GD-->RO,GD-->RO
RU,RUS,Russia,Moscow,Europe,Eastern Europe,,RU-->GD,RU-->GD,RU-->GD,RU-->GD,RU-->GD,RU-->GD,RU-->GD,RU-->GD,RU-->GD,RU-->GD,RU-->GD,RU-->GD,RU-->GD,RU-->GD,RU-->GD,RU-->GD,RU-->GD,RU-->GD,RU-->GD,,,,,,,,,,,,,,,,,GD-->RU,GD-->RU,GD-->RU,GD-->RU,GD-->RU,GD-->RU,GD-->RU,GD-->RU,GD-->RU,GD-->RU,GD-->RU,GD-->RU,GD-->RU,GD-->RU,GD-->RU,GD-->RU,GD-->RU,GD-->RU,GD-->RU
RW,RWA,Rwanda,Kigali,Africa,Eastern Africa,,RW-->GD,RW-->GD,RW-->GD,RW-->GD,RW-->GD,RW-->GD,RW-->GD,RW-->GD,RW-->GD,RW-->GD,RW-->GD,RW-->GD,RW-->GD,RW-->GD,RW-->GD,RW-->GD,RW-->GD,RW-->GD,RW-->GD,,,,,,,,,,,,,,,,,GD-->RW,GD-->RW,GD-->RW,GD-->RW,GD-->RW,GD-->RW,GD-->RW,GD-->RW,GD-->RW,GD-->RW,GD-->RW,GD-->RW,GD-->RW,GD-->RW,GD-->RW,GD-->RW,GD-->RW,GD-->RW,GD-->RW
BL,BLM,Saint Barthélemy,Gustavia,Americas,Caribbean,,BL-->GD,BL-->GD,BL-->GD,BL-->GD,BL-->GD,BL-->GD,BL-->GD,BL-->GD,BL-->GD,BL-->GD,BL-->GD,BL-->GD,BL-->GD,BL-->GD,BL-->GD,BL-->GD,BL-->GD,BL-->GD,BL-->GD,,,,,,,,,,,,,,,,,GD-->BL,GD-->BL,GD-->BL,GD-->BL,GD-->BL,GD-->BL,GD-->BL,GD-->BL,GD-->BL,GD-->BL,GD-->BL,GD-->BL,GD-->BL,GD-->BL,GD-->BL,GD-->BL,GD-->BL,GD-->BL,GD-->BL
SH,SHN,Saint Helena,Jamestown,Africa,Western Africa,,SH-->GD,SH-->GD,SH-->GD,SH-->GD,SH-->GD,SH-->GD,SH-->GD,SH-->GD,SH-->GD,SH-->GD,SH-->GD,SH-->GD,SH-->GD,SH-->GD,SH-->GD,SH-->GD,SH-->GD,SH-->GD,SH-->GD,,,,,,,,,,,,,,,,,GD-->SH,GD-->SH,GD-->SH,GD-->SH,GD-->SH,GD-->SH,GD-->SH,GD-->SH,GD-->SH,GD-->SH,GD-->SH,GD-->SH,GD-->SH,GD-->SH,GD-->SH,GD-->SH,GD-->SH,GD-->SH,GD-->SH
KN,KNA,Saint Kitts and Nevis,Basseterre,Americas,Caribbean,,KN-->GD,KN-->GD,KN-->GD,KN-->GD,KN-->GD,KN-->GD,KN-->GD,KN-->GD,KN-->GD,KN-->GD,KN-->GD,KN-->GD,KN-->GD,KN-->GD,KN-->GD,KN-->GD,KN-->GD,KN-->GD,KN-->GD,,,,,,,,,,,,,,,,,GD-->KN,GD-->KN,GD-->KN,GD-->KN,GD-->KN,GD-->KN,GD-->KN,GD-->KN,GD-->KN,GD-->KN,GD-->KN,GD-->KN,GD-->KN,GD-->KN,GD-->KN,GD-->KN,GD-->KN,GD-->KN,GD-->KN
LC,LCA,Saint Lucia,Castries,Americas,Caribbean,,LC-->GD,LC-->GD,LC-->GD,LC-->GD,LC-->GD,LC-->GD,LC-->GD,LC-->GD,LC-->GD,LC-->GD,LC-->GD,LC-->GD,LC-->GD,LC-->GD,LC-->GD,LC-->GD,LC-->GD,LC-->GD,LC-->GD,,,,,,,,,,,,,,,,,GD-->LC,GD-->LC,GD-->LC,GD-->LC,GD-->LC,GD-->LC,GD-->LC,GD-->LC,GD-->LC,GD-->LC,GD-->LC,GD-->LC,GD-->LC,GD-->LC,GD-->LC,GD-->LC,GD-->LC,GD-->LC,GD-->LC
MF,MAF,Saint Martin,Marigot,Americas,Caribbean,,MF-->GD,MF-->GD,MF-->GD,MF-->GD,MF-->GD,MF-->GD,MF-->GD,MF-->GD,MF-->GD,MF-->GD,MF-->GD,MF-->GD,MF-->GD,MF-->GD,MF-->GD,MF-->GD,MF-->GD,MF-->GD,MF-->GD,,,,,,,,,,,,,,,,,GD-->MF,GD-->MF,GD-->MF,GD-->MF,GD-->MF,GD-->MF,GD-->MF,GD-->MF,GD-->MF,GD-->MF,GD-->MF,GD-->MF,GD-->MF,GD-->MF,GD-->MF,GD-->MF,GD-->MF,GD-->MF,GD-->MF
PM,SPM,Saint Pierre and Miquelon,Saint-Pierre,Americas,Northern America,,PM-->GD,PM-->GD,PM-->GD,PM-->GD,PM-->GD,PM-->GD,PM-->GD,PM-->GD,PM-->GD,PM-->GD,PM-->GD,PM-->GD,PM-->GD,PM-->GD,PM-->GD,PM-->GD,PM-->GD,PM-->GD,PM-->GD,,,,,,,,,,,,,,,,,GD-->PM,GD-->PM,GD-->PM,GD-->PM,GD-->PM,GD-->PM,GD-->PM,GD-->PM,GD-->PM,GD-->PM,GD-->PM,GD-->PM,GD-->PM,GD-->PM,GD-->PM,GD-->PM,GD-->PM,GD-->PM,GD-->PM
VC,VCT,Saint Vincent and the Grenadines,Kingstown,Americas,Caribbean,,VC-->GD,VC-->GD,VC-->GD,VC-->GD,VC-->GD,VC-->GD,VC-->GD,VC-->GD,VC-->GD,VC-->GD,VC-->GD,VC-->GD,VC-->GD,VC-->GD,VC-->GD,VC-->GD,VC-->GD,VC-->GD,VC-->GD,,,,,,,,,,,,,,,,,GD-->VC,GD-->VC,GD-->VC,GD-->VC,GD-->VC,GD-->VC,GD-->VC,GD-->VC,GD-->VC,GD-->VC,GD-->VC,GD-->VC,GD-->VC,GD-->VC,GD-->VC,GD-->VC,GD-->VC,GD-->VC,GD-->VC
WS,WSM,Samoa,Apia,Oceania,Polynesia,,WS-->GD,WS-->GD,WS-->GD,WS-->GD,WS-->GD,WS-->GD,WS-->GD,WS-->GD,WS-->GD,WS-->GD,WS-->GD,WS-->GD,WS-->GD,WS-->GD,WS-->GD,WS-->GD,WS-->GD,WS-->GD,WS-->GD,,,,,,,,,,,,,,,,,GD-->WS,GD-->WS,GD-->WS,GD-->WS,GD-->WS,GD-->WS,GD-->WS,GD-->WS,GD-->WS,GD-->WS,GD-->WS,GD-->WS,GD-->WS,GD-->WS,GD-->WS,GD-->WS,GD-->WS,GD-->WS,GD-->WS
SM,SMR,San Marino,City of San Marino,Europe,Southern Europe,,SM-->GD,SM-->GD,SM-->GD,SM-->GD,SM-->GD,SM-->GD,SM-->GD,SM-->GD,SM-->GD,SM-->GD,SM-->GD,SM-->GD,SM-->GD,SM-->GD,SM-->GD,SM-->GD,SM-->GD,SM-->GD,SM-->GD,,,,,,,,,,,,,,,,,GD-->SM,GD-->SM,GD-->SM,GD-->SM,GD-->SM,GD-->SM,GD-->SM,GD-->SM,GD-->SM,GD-->SM,GD-->SM,GD-->SM,GD-->SM,GD-->SM,GD-->SM,GD-->SM,GD-->SM,GD-->SM,GD-->SM
ST,STP,São Tomé and Príncipe,São Tomé,Africa,Middle Africa,,ST-->GD,ST-->GD,ST-->GD,ST-->GD,ST-->GD,ST-->GD,ST-->GD,ST-->GD,ST-->GD,ST-->GD,ST-->GD,ST-->GD,ST-->GD,ST-->GD,ST-->GD,ST-->GD,ST-->GD,ST-->GD,ST-->GD,,,,,,,,,,,,,,,,,GD-->ST,GD-->ST,GD-->ST,GD-->ST,GD-->ST,GD-->ST,GD-->ST,GD-->ST,GD-->ST,GD-->ST,GD-->ST,GD-->ST,GD-->ST,GD-->ST,GD-->ST,GD-->ST,GD-->ST,GD-->ST,GD-->ST
SA,SAU,Saudi Arabia,Riyadh,Asia,Western Asia,,SA-->GD,SA-->GD,SA-->GD,SA-->GD,SA-->GD,SA-->GD,SA-->GD,SA-->GD,SA-->GD,SA-->GD,SA-->GD,SA-->GD,SA-->GD,SA-->GD,SA-->GD,SA-->GD,SA-->GD,SA-->GD,SA-->GD,,,,,,,,,,,,,,,,,GD-->SA,GD-->SA,GD-->SA,GD-->SA,GD-->SA,GD-->SA,GD-->SA,GD-->SA,GD-->SA,GD-->SA,GD-->SA,GD-->SA,GD-->SA,GD-->SA,GD-->SA,GD-->SA,GD-->SA,GD-->SA,GD-->SA
SN,SEN,Senegal,Dakar,Africa,Western Africa,,SN-->GD,SN-->GD,SN-->GD,SN-->GD,SN-->GD,SN-->GD,SN-->GD,SN-->GD,SN-->GD,SN-->GD,SN-->GD,SN-->GD,SN-->GD,SN-->GD,SN-->GD,SN-->GD,SN-->GD,SN-->GD,SN-->GD,,,,,,,,,,,,,,,,,GD-->SN,GD-->SN,GD-->SN,GD-->SN,GD-->SN,GD-->SN,GD-->SN,GD-->SN,GD-->SN,GD-->SN,GD-->SN,GD-->SN,GD-->SN,GD-->SN,GD-->SN,GD-->SN,GD-->SN,GD-->SN,GD-->SN
RS,SRB,Serbia,Belgrade,Europe,Southern Europe,,RS-->GD,RS-->GD,RS-->GD,RS-->GD,RS-->GD,RS-->GD,RS-->GD,RS-->GD,RS-->GD,RS-->GD,RS-->GD,RS-->GD,RS-->GD,RS-->GD,RS-->GD,RS-->GD,RS-->GD,RS-->GD,RS-->GD,,,,,,,,,,,,,,,,,GD-->RS,GD-->RS,GD-->RS,GD-->RS,GD-->RS,GD-->RS,GD-->RS,GD-->RS,GD-->RS,GD-->RS,GD-->RS,GD-->RS,GD-->RS,GD-->RS,GD-->RS,GD-->RS,GD-->RS,GD-->RS,GD-->RS
SC,SYC,Seychelles,Victoria,Africa,Eastern Africa,,SC-->GD,SC-->GD,SC-->GD,SC-->GD,SC-->GD,SC-->GD,SC-->GD,SC-->GD,SC-->GD,SC-->GD,SC-->GD,SC-->GD,SC-->GD,SC-->GD,SC-->GD,SC-->GD,SC-->GD,SC-->GD,SC-->GD,,,,,,,,,,,,,,,,,GD-->SC,GD-->SC,GD-->SC,GD-->SC,GD-->SC,GD-->SC,GD-->SC,GD-->SC,GD-->SC,GD-->SC,GD-->SC,GD-->SC,GD-->SC,GD-->SC,GD-->SC,GD-->SC,GD-->SC,GD-->SC,GD-->SC
SL,SLE,Sierra Leone,Freetown,Africa,Western Africa,,SL-->GD,SL-->GD,SL-->GD,SL-->GD,SL-->GD,SL-->GD,SL-->GD,SL-->GD,SL-->GD,SL-->GD,SL-->GD,SL-->GD,SL-->GD,SL-->GD,SL-->GD,SL-->GD,SL-->GD,SL-->GD,SL-->GD,,,,,,,,,,,,,,,,,GD-->SL,GD-->SL,GD-->SL,GD-->SL,GD-->SL,GD-->SL,GD-->SL,GD-->SL,GD-->SL,GD-->SL,GD-->SL,GD-->SL,GD-->SL,GD-->SL,GD-->SL,GD-->SL,GD-->SL,GD-->SL,GD-->SL
SG,SGP,Singapore,Singapore,Asia,South-Eastern Asia,,SG-->GD,SG-->GD,SG-->GD,SG-->GD,SG-->GD,SG-->GD,SG-->GD,SG-->GD,SG-->GD,SG-->GD,SG-->GD,SG-->GD,SG-->GD,SG-->GD,SG-->GD,SG-->GD,SG-->GD,SG-->GD,SG-->GD,,,,,,,,,,,,,,,,,GD-->SG,GD-->SG,GD-->SG,GD-->SG,GD-->SG,GD-->SG,GD-->SG,GD-->SG,GD-->SG,GD-->SG,GD-->SG,GD-->SG,GD-->SG,GD-->SG,GD-->SG,GD-->SG,GD-->SG,GD-->SG,GD-->SG
SX,SXM,Sint Maarten,Philipsburg,Americas,Caribbean,,SX-->GD,SX-->GD,SX-->GD,SX-->GD,SX-->GD,SX-->GD,SX-->GD,SX-->GD,SX-->GD,SX-->GD,SX-->GD,SX-->GD,SX-->GD,SX-->GD,SX-->GD,SX-->GD,SX-->GD,SX-->GD,SX-->GD,,,,,,,,,,,,,,,,,GD-->SX,GD-->SX,GD-->SX,GD-->SX,GD-->SX,GD-->SX,GD-->SX,GD-->SX,GD-->SX,GD-->SX,GD-->SX,GD-->SX,GD-->SX,GD-->SX,GD-->SX,GD-->SX,GD-->SX,GD-->SX,GD-->SX
SK,SVK,Slovakia,Bratislava,Europe,Eastern Europe,,SK-->GD,SK-->GD,SK-->GD,SK-->GD,SK-->GD,SK-->GD,SK-->GD,SK-->GD,SK-->GD,SK-->GD,SK-->GD,SK-->GD,SK-->GD,SK-->GD,SK-->GD,SK-->GD,SK-->GD,SK-->GD,SK-->GD,,,,,,,,,,,,,,,,,GD-->SK,GD-->SK,GD-->SK,GD-->SK,GD-->SK,GD-->SK,GD-->SK,GD-->SK,GD-->SK,GD-->SK,GD-->SK,GD-->SK,GD-->SK,GD-->SK,GD-->SK,GD-->SK,GD-->SK,GD-->SK,GD-->SK
SI,SVN,Slovenia,Ljubljana,Europe,Southern Europe,,SI-->GD,SI-->GD,SI-->GD,SI-->GD,SI-->GD,SI-->GD,SI-->GD,SI-->GD,SI-->GD,SI-->GD,SI-->GD,SI-->GD,SI-->GD,SI-->GD,SI-->GD,SI-->GD,SI-->GD,SI-->GD,SI-->GD,,,,,,,,,,,,,,,,,GD-->SI,GD-->SI,GD-->SI,GD-->SI,GD-->SI,GD-->SI,GD-->SI,GD-->SI,GD-->SI,GD-->SI,GD-->SI,GD-->SI,GD-->SI,GD-->SI,GD-->SI,GD-->SI,GD-->SI,GD-->SI,GD-->SI
SB,SLB,Solomon Islands,Honiara,Oceania,Melanesia,,SB-->GD,SB-->GD,SB-->GD,SB-->GD,SB-->GD,SB-->GD,SB-->GD,SB-->GD,SB-->GD,SB-->GD,SB-->GD,SB-->GD,SB-->GD,SB-->GD,SB-->GD,SB-->GD,SB-->GD,SB-->GD,SB-->GD,,,,,,,,,,,,,,,,,GD-->SB,GD-->SB,GD-->SB,GD-->SB,GD-->SB,GD-->SB,GD-->SB,GD-->SB,GD-->SB,GD-->SB,GD-->SB,GD-->SB,GD-->SB,GD-->SB,GD-->SB,GD-->SB,GD-->SB,GD-->SB,GD-->SB
SO,SOM,Somalia,Mogadishu,Africa,Eastern Africa,,SO-->GD,SO-->GD,SO-->GD,SO-->GD,SO-->GD,SO-->GD,SO-->GD,SO-->GD,SO-->GD,SO-->GD,SO-->GD,SO-->GD,SO-->GD,SO-->GD,SO-->GD,SO-->GD,SO-->GD,SO-->GD,SO-->GD,,,,,,,,,,,,,,,,,GD-->SO,GD-->SO,GD-->SO,GD-->SO,GD-->SO,GD-->SO,GD-->SO,GD-->SO,GD-->SO,GD-->SO,GD-->SO,GD-->SO,GD-->SO,GD-->SO,GD-->SO,GD-->SO,GD-->SO,GD-->SO,GD-->SO
ZA,ZAF,South Africa,Pretoria,Africa,Southern Africa,,ZA-->GD,ZA-->GD,ZA-->GD,ZA-->GD,ZA-->GD,ZA-->GD,ZA-->GD,ZA-->GD,ZA-->GD,ZA-->GD,ZA-->GD,ZA-->GD,ZA-->GD,ZA-->GD,ZA-->GD,ZA-->GD,ZA-->GD,ZA-->GD,ZA-->GD,,,,,,,,,,,,,,,,,GD-->ZA,GD-->ZA,GD-->ZA,GD-->ZA,GD-->ZA,GD-->ZA,GD-->ZA,GD-->ZA,GD-->ZA,GD-->ZA,GD-->ZA,GD-->ZA,GD-->ZA,GD-->ZA,GD-->ZA,GD-->ZA,GD-->ZA,GD-->ZA,GD-->ZA
GS,SGS,South Georgia,King Edward Point,Americas,South America,,GS-->GD,GS-->GD,GS-->GD,GS-->GD,GS-->GD,GS-->GD,GS-->GD,GS-->GD,GS-->GD,GS-->GD,GS-->GD,GS-->GD,GS-->GD,GS-->GD,GS-->GD,GS-->GD,GS-->GD,GS-->GD,GS-->GD,,,,,,,,,,,,,,,,,GD-->GS,GD-->GS,GD-->GS,GD-->GS,GD-->GS,GD-->GS,GD-->GS,GD-->GS,GD-->GS,GD-->GS,GD-->GS,GD-->GS,GD-->GS,GD-->GS,GD-->GS,GD-->GS,GD-->GS,GD-->GS,GD-->GS
KR,KOR,South Korea,Seoul,Asia,Eastern Asia,,KR-->GD,KR-->GD,KR-->GD,KR-->GD,KR-->GD,KR-->GD,KR-->GD,KR-->GD,KR-->GD,KR-->GD,KR-->GD,KR-->GD,KR-->GD,KR-->GD,KR-->GD,KR-->GD,KR-->GD,KR-->GD,KR-->GD,,,,,,,,,,,,,,,,,GD-->KR,GD-->KR,GD-->KR,GD-->KR,GD-->KR,GD-->KR,GD-->KR,GD-->KR,GD-->KR,GD-->KR,GD-->KR,GD-->KR,GD-->KR,GD-->KR,GD-->KR,GD-->KR,GD-->KR,GD-->KR,GD-->KR
SS,SSD,South Sudan,Juba,Africa,Middle Africa,,SS-->GD,SS-->GD,SS-->GD,SS-->GD,SS-->GD,SS-->GD,SS-->GD,SS-->GD,SS-->GD,SS-->GD,SS-->GD,SS-->GD,SS-->GD,SS-->GD,SS-->GD,SS-->GD,SS-->GD,SS-->GD,SS-->GD,,,,,,,,,,,,,,,,,GD-->SS,GD-->SS,GD-->SS,GD-->SS,GD-->SS,GD-->SS,GD-->SS,GD-->SS,GD-->SS,GD-->SS,GD-->SS,GD-->SS,GD-->SS,GD-->SS,GD-->SS,GD-->SS,GD-->SS,GD-->SS,GD-->SS
ES,ESP,Spain,Madrid,Europe,Southern Europe,,ES-->GD,ES-->GD,ES-->GD,ES-->GD,ES-->GD,ES-->GD,ES-->GD,ES-->GD,ES-->GD,ES-->GD,ES-->GD,ES-->GD,ES-->GD,ES-->GD,ES-->GD,ES-->GD,ES-->GD,ES-->GD,ES-->GD,,,,,,,,,,,,,,,,,GD-->ES,GD-->ES,GD-->ES,GD-->ES,GD-->ES,GD-->ES,GD-->ES,GD-->ES,GD-->ES,GD-->ES,GD-->ES,GD-->ES,GD-->ES,GD-->ES,GD-->ES,GD-->ES,GD-->ES,GD-->ES,GD-->ES
LK,LKA,Sri Lanka,Colombo,Asia,Southern Asia,,LK-->GD,LK-->GD,LK-->GD,LK-->GD,LK-->GD,LK-->GD,LK-->GD,LK-->GD,LK-->GD,LK-->GD,LK-->GD,LK-->GD,LK-->GD,LK-->GD,LK-->GD,LK-->GD,LK-->GD,LK-->GD,LK-->GD,,,,,,,,,,,,,,,,,GD-->LK,GD-->LK,GD-->LK,GD-->LK,GD-->LK,GD-->LK,GD-->LK,GD-->LK,GD-->LK,GD-->LK,GD-->LK,GD-->LK,GD-->LK,GD-->LK,GD-->LK,GD-->LK,GD-->LK,GD-->LK,GD-->LK
SD,SDN,Sudan,Khartoum,Africa,Northern Africa,,SD-->GD,SD-->GD,SD-->GD,SD-->GD,SD-->GD,SD-->GD,SD-->GD,SD-->GD,SD-->GD,SD-->GD,SD-->GD,SD-->GD,SD-->GD,SD-->GD,SD-->GD,SD-->GD,SD-->GD,SD-->GD,SD-->GD,,,,,,,,,,,,,,,,,GD-->SD,GD-->SD,GD-->SD,GD-->SD,GD-->SD,GD-->SD,GD-->SD,GD-->SD,GD-->SD,GD-->SD,GD-->SD,GD-->SD,GD-->SD,GD-->SD,GD-->SD,GD-->SD,GD-->SD,GD-->SD,GD-->SD
SR,SUR,Suriname,Paramaribo,Americas,South America,,SR-->GD,SR-->GD,SR-->GD,SR-->GD,SR-->GD,SR-->GD,SR-->GD,SR-->GD,SR-->GD,SR-->GD,SR-->GD,SR-->GD,SR-->GD,SR-->GD,SR-->GD,SR-->GD,SR-->GD,SR-->GD,SR-->GD,,,,,,,,,,,,,,,,,GD-->SR,GD-->SR,GD-->SR,GD-->SR,GD-->SR,GD-->SR,GD-->SR,GD-->SR,GD-->SR,GD-->SR,GD-->SR,GD-->SR,GD-->SR,GD-->SR,GD-->SR,GD-->SR,GD-->SR,GD-->SR,GD-->SR
SJ,SJM,Svalbard and Jan Mayen,Longyearbyen,Europe,Northern Europe,,SJ-->GD,SJ-->GD,SJ-->GD,SJ-->GD,SJ-->GD,SJ-->GD,SJ-->GD,SJ-->GD,SJ-->GD,SJ-->GD,SJ-->GD,SJ-->GD,SJ-->GD,SJ-->GD,SJ-->GD,SJ-->GD,SJ-->GD,SJ-->GD,SJ-->GD,,,,,,,,,,,,,,,,,GD-->SJ,GD-->SJ,GD-->SJ,GD-->SJ,GD-->SJ,GD-->SJ,GD-->SJ,GD-->SJ,GD-->SJ,GD-->SJ,GD-->SJ,GD-->SJ,GD-->SJ,GD-->SJ,GD-->SJ,GD-->SJ,GD-->SJ,GD-->SJ,GD-->SJ
SZ,SWZ,Swaziland,Lobamba,Africa,Southern Africa,,SZ-->GD,SZ-->GD,SZ-->GD,SZ-->GD,SZ-->GD,SZ-->GD,SZ-->GD,SZ-->GD,SZ-->GD,SZ-->GD,SZ-->GD,SZ-->GD,SZ-->GD,SZ-->GD,SZ-->GD,SZ-->GD,SZ-->GD,SZ-->GD,SZ-->GD,,,,,,,,,,,,,,,,,GD-->SZ,GD-->SZ,GD-->SZ,GD-->SZ,GD-->SZ,GD-->SZ,GD-->SZ,GD-->SZ,GD-->SZ,GD-->SZ,GD-->SZ,GD-->SZ,GD-->SZ,GD-->SZ,GD-->SZ,GD-->SZ,GD-->SZ,GD-->SZ,GD-->SZ
SE,SWE,Sweden,Stockholm,Europe,Northern Europe,,SE-->GD,SE-->GD,SE-->GD,SE-->GD,SE-->GD,SE-->GD,SE-->GD,SE-->GD,SE-->GD,SE-->GD,SE-->GD,SE-->GD,SE-->GD,SE-->GD,SE-->GD,SE-->GD,SE-->GD,SE-->GD,SE-->GD,,,,,,,,,,,,,,,,,GD-->SE,GD-->SE,GD-->SE,GD-->SE,GD-->SE,GD-->SE,GD-->SE,GD-->SE,GD-->SE,GD-->SE,GD-->SE,GD-->SE,GD-->SE,GD-->SE,GD-->SE,GD-->SE,GD-->SE,GD-->SE,GD-->SE
CH,CHE,Switzerland,Bern,Europe,Western Europe,,CH-->GD,CH-->GD,CH-->GD,CH-->GD,CH-->GD,CH-->GD,CH-->GD,CH-->GD,CH-->GD,CH-->GD,CH-->GD,CH-->GD,CH-->GD,CH-->GD,CH-->GD,CH-->GD,CH-->GD,CH-->GD,CH-->GD,,,,,,,,,,,,,,,,,GD-->CH,GD-->CH,GD-->CH,GD-->CH,GD-->CH,GD-->CH,GD-->CH,GD-->CH,GD-->CH,GD-->CH,GD-->CH,GD-->CH,GD-->CH,GD-->CH,GD-->CH,GD-->CH,GD-->CH,GD-->CH,GD-->CH
SY,SYR,Syria,Damascus,Asia,Western Asia,,SY-->GD,SY-->GD,SY-->GD,SY-->GD,SY-->GD,SY-->GD,SY-->GD,SY-->GD,SY-->GD,SY-->GD,SY-->GD,SY-->GD,SY-->GD,SY-->GD,SY-->GD,SY-->GD,SY-->GD,SY-->GD,SY-->GD,,,,,,,,,,,,,,,,,GD-->SY,GD-->SY,GD-->SY,GD-->SY,GD-->SY,GD-->SY,GD-->SY,GD-->SY,GD-->SY,GD-->SY,GD-->SY,GD-->SY,GD-->SY,GD-->SY,GD-->SY,GD-->SY,GD-->SY,GD-->SY,GD-->SY
TW,TWN,Taiwan,Taipei,Asia,Eastern Asia,,TW-->GD,TW-->GD,TW-->GD,TW-->GD,TW-->GD,TW-->GD,TW-->GD,TW-->GD,TW-->GD,TW-->GD,TW-->GD,TW-->GD,TW-->GD,TW-->GD,TW-->GD,TW-->GD,TW-->GD,TW-->GD,TW-->GD,,,,,,,,,,,,,,,,,GD-->TW,GD-->TW,GD-->TW,GD-->TW,GD-->TW,GD-->TW,GD-->TW,GD-->TW,GD-->TW,GD-->TW,GD-->TW,GD-->TW,GD-->TW,GD-->TW,GD-->TW,GD-->TW,GD-->TW,GD-->TW,GD-->TW
TJ,TJK,Tajikistan,Dushanbe,Asia,Central Asia,,TJ-->GD,TJ-->GD,TJ-->GD,TJ-->GD,TJ-->GD,TJ-->GD,TJ-->GD,TJ-->GD,TJ-->GD,TJ-->GD,TJ-->GD,TJ-->GD,TJ-->GD,TJ-->GD,TJ-->GD,TJ-->GD,TJ-->GD,TJ-->GD,TJ-->GD,,,,,,,,,,,,,,,,,GD-->TJ,GD-->TJ,GD-->TJ,GD-->TJ,GD-->TJ,GD-->TJ,GD-->TJ,GD-->TJ,GD-->TJ,GD-->TJ,GD-->TJ,GD-->TJ,GD-->TJ,GD-->TJ,GD-->TJ,GD-->TJ,GD-->TJ,GD-->TJ,GD-->TJ
TZ,TZA,Tanzania,Dodoma,Africa,Eastern Africa,,TZ-->GD,TZ-->GD,TZ-->GD,TZ-->GD,TZ-->GD,TZ-->GD,TZ-->GD,TZ-->GD,TZ-->GD,TZ-->GD,TZ-->GD,TZ-->GD,TZ-->GD,TZ-->GD,TZ-->GD,TZ-->GD,TZ-->GD,TZ-->GD,TZ-->GD,,,,,,,,,,,,,,,,,GD-->TZ,GD-->TZ,GD-->TZ,GD-->TZ,GD-->TZ,GD-->TZ,GD-->TZ,GD-->TZ,GD-->TZ,GD-->TZ,GD-->TZ,GD-->TZ,GD-->TZ,GD-->TZ,GD-->TZ,GD-->TZ,GD-->TZ,GD-->TZ,GD-->TZ
TH,THA,Thailand,Bangkok,Asia,South-Eastern Asia,,TH-->GD,TH-->GD,TH-->GD,TH-->GD,TH-->GD,TH-->GD,TH-->GD,TH-->GD,TH-->GD,TH-->GD,TH-->GD,TH-->GD,TH-->GD,TH-->GD,TH-->GD,TH-->GD,TH-->GD,TH-->GD,TH-->GD,,,,,,,,,,,,,,,,,GD-->TH,GD-->TH,GD-->TH,GD-->TH,GD-->TH,GD-->TH,GD-->TH,GD-->TH,GD-->TH,GD-->TH,GD-->TH,GD-->TH,GD-->TH,GD-->TH,GD-->TH,GD-->TH,GD-->TH,GD-->TH,GD-->TH
TL,TLS,East Timor,Dili,Asia,South-Eastern Asia,,TL-->GD,TL-->GD,TL-->GD,TL-->GD,TL-->GD,TL-->GD,TL-->GD,TL-->GD,TL-->GD,TL-->GD,TL-->GD,TL-->GD,TL-->GD,TL-->GD,TL-->GD,TL-->GD,TL-->GD,TL-->GD,TL-->GD,,,,,,,,,,,,,,,,,GD-->TL,GD-->TL,GD-->TL,GD-->TL,GD-->TL,GD-->TL,GD-->TL,GD-->TL,GD-->TL,GD-->TL,GD-->TL,GD-->TL,GD-->TL,GD-->TL,GD-->TL,GD-->TL,GD-->TL,GD-->TL,GD-->TL
TG,TGO,Togo,Lomé,Africa,Western Africa,,TG-->GD,TG-->GD,TG-->GD,TG-->GD,TG-->GD,TG-->GD,TG-->GD,TG-->GD,TG-->GD,TG-->GD,TG-->GD,TG-->GD,TG-->GD,TG-->GD,TG-->GD,TG-->GD,TG-->GD,TG-->GD,TG-->GD,,,,,,,,,,,,,,,,,GD-->TG,GD-->TG,GD-->TG,GD-->TG,GD-->TG,GD-->TG,GD-->TG,GD-->TG,GD-->TG,GD-->TG,GD-->TG,GD-->TG,GD-->TG,GD-->TG,GD-->TG,GD-->TG,GD-->TG,GD-->TG,GD-->TG
TK,TKL,Tokelau,Fakaofo,Oceania,Polynesia,,TK-->GD,TK-->GD,TK-->GD,TK-->GD,TK-->GD,TK-->GD,TK-->GD,TK-->GD,TK-->GD,TK-->GD,TK-->GD,TK-->GD,TK-->GD,TK-->GD,TK-->GD,TK-->GD,TK-->GD,TK-->GD,TK-->GD,,,,,,,,,,,,,,,,,GD-->TK,GD-->TK,GD-->TK,GD-->TK,GD-->TK,GD-->TK,GD-->TK,GD-->TK,GD-->TK,GD-->TK,GD-->TK,GD-->TK,GD-->TK,GD-->TK,GD-->TK,GD-->TK,GD-->TK,GD-->TK,GD-->TK
TO,TON,Tonga,Nuku'alofa,Oceania,Polynesia,,TO-->GD,TO-->GD,TO-->GD,TO-->GD,TO-->GD,TO-->GD,TO-->GD,TO-->GD,TO-->GD,TO-->GD,TO-->GD,TO-->GD,TO-->GD,TO-->GD,TO-->GD,TO-->GD,TO-->GD,TO-->GD,TO-->GD,,,,,,,,,,,,,,,,,GD-->TO,GD-->TO,GD-->TO,GD-->TO,GD-->TO,GD-->TO,GD-->TO,GD-->TO,GD-->TO,GD-->TO,GD-->TO,GD-->TO,GD-->TO,GD-->TO,GD-->TO,GD-->TO,GD-->TO,GD-->TO,GD-->TO
TT,TTO,Trinidad and Tobago,Port of Spain,Americas,Caribbean,,TT-->GD,TT-->GD,TT-->GD,TT-->GD,TT-->GD,TT-->GD,TT-->GD,TT-->GD,TT-->GD,TT-->GD,TT-->GD,TT-->GD,TT-->GD,TT-->GD,TT-->GD,TT-->GD,TT-->GD,TT-->GD,TT-->GD,,,,,,,,,,,,,,,,,GD-->TT,GD-->TT,GD-->TT,GD-->TT,GD-->TT,GD-->TT,GD-->TT,GD-->TT,GD-->TT,GD-->TT,GD-->TT,GD-->TT,GD-->TT,GD-->TT,GD-->TT,GD-->TT,GD-->TT,GD-->TT,GD-->TT
TN,TUN,Tunisia,Tunis,Africa,Northern Africa,,TN-->GD,TN-->GD,TN-->GD,TN-->GD,TN-->GD,TN-->GD,TN-->GD,TN-->GD,TN-->GD,TN-->GD,TN-->GD,TN-->GD,TN-->GD,TN-->GD,TN-->GD,TN-->GD,TN-->GD,TN-->GD,TN-->GD,,,,,,,,,,,,,,,,,GD-->TN,GD-->TN,GD-->TN,GD-->TN,GD-->TN,GD-->TN,GD-->TN,GD-->TN,GD-->TN,GD-->TN,GD-->TN,GD-->TN,GD-->TN,GD-->TN,GD-->TN,GD-->TN,GD-->TN,GD-->TN,GD-->TN
TR,TUR,Turkey,Ankara,Asia,Western Asia,,TR-->GD,TR-->GD,TR-->GD,TR-->GD,TR-->GD,TR-->GD,TR-->GD,TR-->GD,TR-->GD,TR-->GD,TR-->GD,TR-->GD,TR-->GD,TR-->GD,TR-->GD,TR-->GD,TR-->GD,TR-->GD,TR-->GD,,,,,,,,,,,,,,,,,GD-->TR,GD-->TR,GD-->TR,GD-->TR,GD-->TR,GD-->TR,GD-->TR,GD-->TR,GD-->TR,GD-->TR,GD-->TR,GD-->TR,GD-->TR,GD-->TR,GD-->TR,GD-->TR,GD-->TR,GD-->TR,GD-->TR
TM,TKM,Turkmenistan,Ashgabat,Asia,Central Asia,,TM-->GD,TM-->GD,TM-->GD,TM-->GD,TM-->GD,TM-->GD,TM-->GD,TM-->GD,TM-->GD,TM-->GD,TM-->GD,TM-->GD,TM-->GD,TM-->GD,TM-->GD,TM-->GD,TM-->GD,TM-->GD,TM-->GD,,,,,,,,,,,,,,,,,GD-->TM,GD-->TM,GD-->TM,GD-->TM,GD-->TM,GD-->TM,GD-->TM,GD-->TM,GD-->TM,GD-->TM,GD-->TM,GD-->TM,GD-->TM,GD-->TM,GD-->TM,GD-->TM,GD-->TM,GD-->TM,GD-->TM
TC,TCA,Turks and Caicos Islands,Cockburn Town,Americas,Caribbean,,TC-->GD,TC-->GD,TC-->GD,TC-->GD,TC-->GD,TC-->GD,TC-->GD,TC-->GD,TC-->GD,TC-->GD,TC-->GD,TC-->GD,TC-->GD,TC-->GD,TC-->GD,TC-->GD,TC-->GD,TC-->GD,TC-->GD,,,,,,,,,,,,,,,,,GD-->TC,GD-->TC,GD-->TC,GD-->TC,GD-->TC,GD-->TC,GD-->TC,GD-->TC,GD-->TC,GD-->TC,GD-->TC,GD-->TC,GD-->TC,GD-->TC,GD-->TC,GD-->TC,GD-->TC,GD-->TC,GD-->TC
TV,TUV,Tuvalu,Funafuti,Oceania,Polynesia,,TV-->GD,TV-->GD,TV-->GD,TV-->GD,TV-->GD,TV-->GD,TV-->GD,TV-->GD,TV-->GD,TV-->GD,TV-->GD,TV-->GD,TV-->GD,TV-->GD,TV-->GD,TV-->GD,TV-->GD,TV-->GD,TV-->GD,,,,,,,,,,,,,,,,,GD-->TV,GD-->TV,GD-->TV,GD-->TV,GD-->TV,GD-->TV,GD-->TV,GD-->TV,GD-->TV,GD-->TV,GD-->TV,GD-->TV,GD-->TV,GD-->TV,GD-->TV,GD-->TV,GD-->TV,GD-->TV,GD-->TV
UG,UGA,Uganda,Kampala,Africa,Eastern Africa,,UG-->GD,UG-->GD,UG-->GD,UG-->GD,UG-->GD,UG-->GD,UG-->GD,UG-->GD,UG-->GD,UG-->GD,UG-->GD,UG-->GD,UG-->GD,UG-->GD,UG-->GD,UG-->GD,UG-->GD,UG-->GD,UG-->GD,,,,,,,,,,,,,,,,,GD-->UG,GD-->UG,GD-->UG,GD-->UG,GD-->UG,GD-->UG,GD-->UG,GD-->UG,GD-->UG,GD-->UG,GD-->UG,GD-->UG,GD-->UG,GD-->UG,GD-->UG,GD-->UG,GD-->UG,GD-->UG,GD-->UG
UA,UKR,Ukraine,Kiev,Europe,Eastern Europe,,UA-->GD,UA-->GD,UA-->GD,UA-->GD,UA-->GD,UA-->GD,UA-->GD,UA-->GD,UA-->GD,UA-->GD,UA-->GD,UA-->GD,UA-->GD,UA-->GD,UA-->GD,UA-->GD,UA-->GD,UA-->GD,UA-->GD,,,,,,,,,,,,,,,,,GD-->UA,GD-->UA,GD-->UA,GD-->UA,GD-->UA,GD-->UA,GD-->UA,GD-->UA,GD-->UA,GD-->UA,GD-->UA,GD-->UA,GD-->UA,GD-->UA,GD-->UA,GD-->UA,GD-->UA,GD-->UA,GD-->UA
AE,ARE,United Arab Emirates,Abu Dhabi,Asia,Western Asia,,AE-->GD,AE-->GD,AE-->GD,AE-->GD,AE-->GD,AE-->GD,AE-->GD,AE-->GD,AE-->GD,AE-->GD,AE-->GD,AE-->GD,AE-->GD,AE-->GD,AE-->GD,AE-->GD,AE-->GD,AE-->GD,AE-->GD,,,,,,,,,,,,,,,,,GD-->AE,GD-->AE,GD-->AE,GD-->AE,GD-->AE,GD-->AE,GD-->AE,GD-->AE,GD-->AE,GD-->AE,GD-->AE,GD-->AE,GD-->AE,GD-->AE,GD-->AE,GD-->AE,GD-->AE,GD-->AE,GD-->AE
GB,GBR,United Kingdom,London,Europe,Northern Europe,,GB-->GD,GB-->GD,GB-->GD,GB-->GD,GB-->GD,GB-->GD,GB-->GD,GB-->GD,GB-->GD,GB-->GD,GB-->GD,GB-->GD,GB-->GD,GB-->GD,GB-->GD,GB-->GD,GB-->GD,GB-->GD,GB-->GD,,,,,,,,,,,,,,,,,GD-->GB,GD-->GB,GD-->GB,GD-->GB,GD-->GB,GD-->GB,GD-->GB,GD-->GB,GD-->GB,GD-->GB,GD-->GB,GD-->GB,GD-->GB,GD-->GB,GD-->GB,GD-->GB,GD-->GB,GD-->GB,GD-->GB
US,USA,United States,"Washington, D.C.",Americas,Northern America,,US-->GD,US-->GD,US-->GD,US-->GD,US-->GD,US-->GD,US-->GD,US-->GD,US-->GD,US-->GD,US-->GD,US-->GD,US-->GD,US-->GD,US-->GD,US-->GD,US-->GD,US-->GD,US-->GD,,,,,,,,,,,,,,,,,GD-->US,GD-->US,GD-->US,GD-->US,GD-->US,GD-->US,GD-->US,GD-->US,GD-->US,GD-->US,GD-->US,GD-->US,GD-->US,GD-->US,GD-->US,GD-->US,GD-->US,GD-->US,GD-->US
UY,URY,Uruguay,Montevideo,Americas,South America,,UY-->GD,UY-->GD,UY-->GD,UY-->GD,UY-->GD,UY-->GD,UY-->GD,UY-->GD,UY-->GD,UY-->GD,UY-->GD,UY-->GD,UY-->GD,UY-->GD,UY-->GD,UY-->GD,UY-->GD,UY-->GD,UY-->GD,,,,,,,,,,,,,,,,,GD-->UY,GD-->UY,GD-->UY,GD-->UY,GD-->UY,GD-->UY,GD-->UY,GD-->UY,GD-->UY,GD-->UY,GD-->UY,GD-->UY,GD-->UY,GD-->UY,GD-->UY,GD-->UY,GD-->UY,GD-->UY,GD-->UY
UZ,UZB,Uzbekistan,Tashkent,Asia,Central Asia,,UZ-->GD,UZ-->GD,UZ-->GD,UZ-->GD,UZ-->GD,UZ-->GD,UZ-->GD,UZ-->GD,UZ-->GD,UZ-->GD,UZ-->GD,UZ-->GD,UZ-->GD,UZ-->GD,UZ-->GD,UZ-->GD,UZ-->GD,UZ-->GD,UZ-->GD,,,,,,,,,,,,,,,,,GD-->UZ,GD-->UZ,GD-->UZ,GD-->UZ,GD-->UZ,GD-->UZ,GD-->UZ,GD-->UZ,GD-->UZ,GD-->UZ,GD-->UZ,GD-->UZ,GD-->UZ,GD-->UZ,GD-->UZ,GD-->UZ,GD-->UZ,GD-->UZ,GD-->UZ
VU,VUT,Vanuatu,Port Vila,Oceania,Melanesia,,VU-->GD,VU-->GD,VU-->GD,VU-->GD,VU-->GD,VU-->GD,VU-->GD,VU-->GD,VU-->GD,VU-->GD,VU-->GD,VU-->GD,VU-->GD,VU-->GD,VU-->GD,VU-->GD,VU-->GD,VU-->GD,VU-->GD,,,,,,,,,,,,,,,,,GD-->VU,GD-->VU,GD-->VU,GD-->VU,GD-->VU,GD-->VU,GD-->VU,GD-->VU,GD-->VU,GD-->VU,GD-->VU,GD-->VU,GD-->VU,GD-->VU,GD-->VU,GD-->VU,GD-->VU,GD-->VU,GD-->VU
VE,VEN,Venezuela,Caracas,Americas,South America,,VE-->GD,VE-->GD,VE-->GD,VE-->GD,VE-->GD,VE-->GD,VE-->GD,VE-->GD,VE-->GD,VE-->GD,VE-->GD,VE-->GD,VE-->GD,VE-->GD,VE-->GD,VE-->GD,VE-->GD,VE-->GD,VE-->GD,,,,,,,,,,,,,,,,,GD-->VE,GD-->VE,GD-->VE,GD-->VE,GD-->VE,GD-->VE,GD-->VE,GD-->VE,GD-->VE,GD-->VE,GD-->VE,GD-->VE,GD-->VE,GD-->VE,GD-->VE,GD-->VE,GD-->VE,GD-->VE,GD-->VE
VN,VNM,Vietnam,Hanoi,Asia,South-Eastern Asia,,VN-->GD,VN-->GD,VN-->GD,VN-->GD,VN-->GD,VN-->GD,VN-->GD,VN-->GD,VN-->GD,VN-->GD,VN-->GD,VN-->GD,VN-->GD,VN-->GD,VN-->GD,VN-->GD,VN-->GD,VN-->GD,VN-->GD,,,,,,,,,,,,,,,,,GD-->VN,GD-->VN,GD-->VN,GD-->VN,GD-->VN,GD-->VN,GD-->VN,GD-->VN,GD-->VN,GD-->VN,GD-->VN,GD-->VN,GD-->VN,GD-->VN,GD-->VN,GD-->VN,GD-->VN,GD-->VN,GD-->VN
WF,WLF,Wallis and Futuna,Mata-Utu,Oceania,Polynesia,,WF-->GD,WF-->GD,WF-->GD,WF-->GD,WF-->GD,WF-->GD,WF-->GD,WF-->GD,WF-->GD,WF-->GD,WF-->GD,WF-->GD,WF-->GD,WF-->GD,WF-->GD,WF-->GD,WF-->GD,WF-->GD,WF-->GD,,,,,,,,,,,,,,,,,GD-->WF,GD-->WF,GD-->WF,GD-->WF,GD-->WF,GD-->WF,GD-->WF,GD-->WF,GD-->WF,GD-->WF,GD-->WF,GD-->WF,GD-->WF,GD-->WF,GD-->WF,GD-->WF,GD-->WF,GD-->WF,GD-->WF
EH,ESH,Western Sahara,El Aaiún,Africa,Northern Africa,,EH-->GD,EH-->GD,EH-->GD,EH-->GD,EH-->GD,EH-->GD,EH-->GD,EH-->GD,EH-->GD,EH-->GD,EH-->GD,EH-->GD,EH-->GD,EH-->GD,EH-->GD,EH-->GD,EH-->GD,EH-->GD,EH-->GD,,,,,,,,,,,,,,,,,GD-->EH,GD-->EH,GD-->EH,GD-->EH,GD-->EH,GD-->EH,GD-->EH,GD-->EH,GD-->EH,GD-->EH,GD-->EH,GD-->EH,GD-->EH,GD-->EH,GD-->EH,GD-->EH,GD-->EH,GD-->EH,GD-->EH
YE,YEM,Yemen,Sana'a,Asia,Western Asia,,YE-->GD,YE-->GD,YE-->GD,YE-->GD,YE-->GD,YE-->GD,YE-->GD,YE-->GD,YE-->GD,YE-->GD,YE-->GD,YE-->GD,YE-->GD,YE-->GD,YE-->GD,YE-->GD,YE-->GD,YE-->GD,YE-->GD,,,,,,,,,,,,,,,,,GD-->YE,GD-->YE,GD-->YE,GD-->YE,GD-->YE,GD-->YE,GD-->YE,GD-->YE,GD-->YE,GD-->YE,GD-->YE,GD-->YE,GD-->YE,GD-->YE,GD-->YE,GD-->YE,GD-->YE,GD-->YE,GD-->YE
ZM,ZMB,Zambia,Lusaka,Africa,Eastern Africa,,ZM-->GD,ZM-->GD,ZM-->GD,ZM-->GD,ZM-->GD,ZM-->GD,ZM-->GD,ZM-->GD,ZM-->GD,ZM-->GD,ZM-->GD,ZM-->GD,ZM-->GD,ZM-->GD,ZM-->GD,ZM-->GD,ZM-->GD,ZM-->GD,ZM-->GD,,,,,,,,,,,,,,,,,GD-->ZM,GD-->ZM,GD-->ZM,GD-->ZM,GD-->ZM,GD-->ZM,GD-->ZM,GD-->ZM,GD-->ZM,GD-->ZM,GD-->ZM,GD-->ZM,GD-->ZM,GD-->ZM,GD-->ZM,GD-->ZM,GD-->ZM,GD-->ZM,GD-->ZM
ZW,ZWE,Zimbabwe,Harare,Africa,Eastern Africa,,ZW-->GD,ZW-->GD,ZW-->GD,ZW-->GD,ZW-->GD,ZW-->GD,ZW-->GD,ZW-->GD,ZW-->GD,ZW-->GD,ZW-->GD,ZW-->GD,ZW-->GD,ZW-->GD,ZW-->GD,ZW-->GD,ZW-->GD,ZW-->GD,ZW-->GD,,,,,,,,,,,,,,,,,GD-->ZW,GD-->ZW,GD-->ZW,GD-->ZW,GD-->ZW,GD-->ZW,GD-->ZW,GD-->ZW,GD-->ZW,GD-->ZW,GD-->ZW,GD-->ZW,GD-->ZW,GD-->ZW,GD-->ZW,GD-->ZW,GD-->ZW,GD-->ZW,GD-->ZW
