nu,code,name,capital,region,subregion,Unnamed: 6,quara/into/where/e,quara/into/where/v,quara/into/where/uv,quara/into/min/e,quara/into/min/v,quara/into/min/uv,quara/into/max/e,quara/into/max/v,quara/into/max/uv,quara/into/comment,test/into/pcr/e,test/into/pcr/v,test/into/pcr/uv,test/into/ag/e,test/into/ag/v,test/into/ag/uv,test/into/comment,visa/into,visa/into/comment,loadStates/into,Unnamed: 27,Unnamed: 28,Unnamed: 29,Unnamed: 30,Unnamed: 31,Unnamed: 32,Unnamed: 33,Unnamed: 34,Unnamed: 35,Unnamed: 36,Unnamed: 37,Unnamed: 38,Unnamed: 39,Unnamed: 40,Unnamed: 41,quara/out/where/e,quara/out/where/v,quara/out/where/uv,quara/out/min/e,quara/out/min/v,quara/out/min/uv,quara/out/max/e,quara/out/max/v,quara/out/max/uv,quara/out/comment,test/out/pcr/e,test/out/pcr/v,test/out/pcr/uv,test/out/ag/e,test/out/ag/v,test/out/ag/uv,test/out/comment,visa/out,visa/out/comment
AF,AFG,Afghanistan,Kabul,Asia,Southern Asia,,AF-->AS,AF-->AS,AF-->AS,AF-->AS,AF-->AS,AF-->AS,AF-->AS,AF-->AS,AF-->AS,AF-->AS,AF-->AS,AF-->AS,AF-->AS,AF-->AS,AF-->AS,AF-->AS,AF-->AS,AF-->AS,AF-->AS,,,,,,,,,,,,,,,,,AS-->AF,AS-->AF,AS-->AF,AS-->AF,AS-->AF,AS-->AF,AS-->AF,AS-->AF,AS-->AF,AS-->AF,AS-->AF,AS-->AF,AS-->AF,AS-->AF,AS-->AF,AS-->AF,AS-->AF,AS-->AF,AS-->AF
AX,ALA,Åland Islands,Mariehamn,Europe,Northern Europe,,AX-->AS,AX-->AS,AX-->AS,AX-->AS,AX-->AS,AX-->AS,AX-->AS,AX-->AS,AX-->AS,AX-->AS,AX-->AS,AX-->AS,AX-->AS,AX-->AS,AX-->AS,AX-->AS,AX-->AS,AX-->AS,AX-->AS,,,,,,,,,,,,,,,,,AS-->AX,AS-->AX,AS-->AX,AS-->AX,AS-->AX,AS-->AX,AS-->AX,AS-->AX,AS-->AX,AS-->AX,AS-->AX,AS-->AX,AS-->AX,AS-->AX,AS-->AX,AS-->AX,AS-->AX,AS-->AX,AS-->AX
AL,ALB,Albania,Tirana,Europe,Southern Europe,,AL-->AS,AL-->AS,AL-->AS,AL-->AS,AL-->AS,AL-->AS,AL-->AS,AL-->AS,AL-->AS,AL-->AS,AL-->AS,AL-->AS,AL-->AS,AL-->AS,AL-->AS,AL-->AS,AL-->AS,AL-->AS,AL-->AS,,,,,,,,,,,,,,,,,AS-->AL,AS-->AL,AS-->AL,AS-->AL,AS-->AL,AS-->AL,AS-->AL,AS-->AL,AS-->AL,AS-->AL,AS-->AL,AS-->AL,AS-->AL,AS-->AL,AS-->AL,AS-->AL,AS-->AL,AS-->AL,AS-->AL
DZ,DZA,Algeria,Algiers,Africa,Northern Africa,,DZ-->AS,DZ-->AS,DZ-->AS,DZ-->AS,DZ-->AS,DZ-->AS,DZ-->AS,DZ-->AS,DZ-->AS,DZ-->AS,DZ-->AS,DZ-->AS,DZ-->AS,DZ-->AS,DZ-->AS,DZ-->AS,DZ-->AS,DZ-->AS,DZ-->AS,,,,,,,,,,,,,,,,,AS-->DZ,AS-->DZ,AS-->DZ,AS-->DZ,AS-->DZ,AS-->DZ,AS-->DZ,AS-->DZ,AS-->DZ,AS-->DZ,AS-->DZ,AS-->DZ,AS-->DZ,AS-->DZ,AS-->DZ,AS-->DZ,AS-->DZ,AS-->DZ,AS-->DZ
AS,ASM,American Samoa,Pago Pago,Oceania,Polynesia,,AS-->AS,AS-->AS,AS-->AS,AS-->AS,AS-->AS,AS-->AS,AS-->AS,AS-->AS,AS-->AS,AS-->AS,AS-->AS,AS-->AS,AS-->AS,AS-->AS,AS-->AS,AS-->AS,AS-->AS,AS-->AS,AS-->AS,,,,,,,,,,,,,,,,,AS-->AS,AS-->AS,AS-->AS,AS-->AS,AS-->AS,AS-->AS,AS-->AS,AS-->AS,AS-->AS,AS-->AS,AS-->AS,AS-->AS,AS-->AS,AS-->AS,AS-->AS,AS-->AS,AS-->AS,AS-->AS,AS-->AS
AD,AND,Andorra,Andorra la Vella,Europe,Southern Europe,,AD-->AS,AD-->AS,AD-->AS,AD-->AS,AD-->AS,AD-->AS,AD-->AS,AD-->AS,AD-->AS,AD-->AS,AD-->AS,AD-->AS,AD-->AS,AD-->AS,AD-->AS,AD-->AS,AD-->AS,AD-->AS,AD-->AS,,,,,,,,,,,,,,,,,AS-->AD,AS-->AD,AS-->AD,AS-->AD,AS-->AD,AS-->AD,AS-->AD,AS-->AD,AS-->AD,AS-->AD,AS-->AD,AS-->AD,AS-->AD,AS-->AD,AS-->AD,AS-->AD,AS-->AD,AS-->AD,AS-->AD
AO,AGO,Angola,Luanda,Africa,Middle Africa,,AO-->AS,AO-->AS,AO-->AS,AO-->AS,AO-->AS,AO-->AS,AO-->AS,AO-->AS,AO-->AS,AO-->AS,AO-->AS,AO-->AS,AO-->AS,AO-->AS,AO-->AS,AO-->AS,AO-->AS,AO-->AS,AO-->AS,,,,,,,,,,,,,,,,,AS-->AO,AS-->AO,AS-->AO,AS-->AO,AS-->AO,AS-->AO,AS-->AO,AS-->AO,AS-->AO,AS-->AO,AS-->AO,AS-->AO,AS-->AO,AS-->AO,AS-->AO,AS-->AO,AS-->AO,AS-->AO,AS-->AO
AI,AIA,Anguilla,The Valley,Americas,Caribbean,,AI-->AS,AI-->AS,AI-->AS,AI-->AS,AI-->AS,AI-->AS,AI-->AS,AI-->AS,AI-->AS,AI-->AS,AI-->AS,AI-->AS,AI-->AS,AI-->AS,AI-->AS,AI-->AS,AI-->AS,AI-->AS,AI-->AS,,,,,,,,,,,,,,,,,AS-->AI,AS-->AI,AS-->AI,AS-->AI,AS-->AI,AS-->AI,AS-->AI,AS-->AI,AS-->AI,AS-->AI,AS-->AI,AS-->AI,AS-->AI,AS-->AI,AS-->AI,AS-->AI,AS-->AI,AS-->AI,AS-->AI
AQ,ATA,Antarctica,,Polar,,,AQ-->AS,AQ-->AS,AQ-->AS,AQ-->AS,AQ-->AS,AQ-->AS,AQ-->AS,AQ-->AS,AQ-->AS,AQ-->AS,AQ-->AS,AQ-->AS,AQ-->AS,AQ-->AS,AQ-->AS,AQ-->AS,AQ-->AS,AQ-->AS,AQ-->AS,,,,,,,,,,,,,,,,,AS-->AQ,AS-->AQ,AS-->AQ,AS-->AQ,AS-->AQ,AS-->AQ,AS-->AQ,AS-->AQ,AS-->AQ,AS-->AQ,AS-->AQ,AS-->AQ,AS-->AQ,AS-->AQ,AS-->AQ,AS-->AQ,AS-->AQ,AS-->AQ,AS-->AQ
AG,ATG,Antigua and Barbuda,Saint John's,Americas,Caribbean,,AG-->AS,AG-->AS,AG-->AS,AG-->AS,AG-->AS,AG-->AS,AG-->AS,AG-->AS,AG-->AS,AG-->AS,AG-->AS,AG-->AS,AG-->AS,AG-->AS,AG-->AS,AG-->AS,AG-->AS,AG-->AS,AG-->AS,,,,,,,,,,,,,,,,,AS-->AG,AS-->AG,AS-->AG,AS-->AG,AS-->AG,AS-->AG,AS-->AG,AS-->AG,AS-->AG,AS-->AG,AS-->AG,AS-->AG,AS-->AG,AS-->AG,AS-->AG,AS-->AG,AS-->AG,AS-->AG,AS-->AG
AR,ARG,Argentina,Buenos Aires,Americas,South America,,AR-->AS,AR-->AS,AR-->AS,AR-->AS,AR-->AS,AR-->AS,AR-->AS,AR-->AS,AR-->AS,AR-->AS,AR-->AS,AR-->AS,AR-->AS,AR-->AS,AR-->AS,AR-->AS,AR-->AS,AR-->AS,AR-->AS,,,,,,,,,,,,,,,,,AS-->AR,AS-->AR,AS-->AR,AS-->AR,AS-->AR,AS-->AR,AS-->AR,AS-->AR,AS-->AR,AS-->AR,AS-->AR,AS-->AR,AS-->AR,AS-->AR,AS-->AR,AS-->AR,AS-->AR,AS-->AR,AS-->AR
AM,ARM,Armenia,Yerevan,Asia,Western Asia,,AM-->AS,AM-->AS,AM-->AS,AM-->AS,AM-->AS,AM-->AS,AM-->AS,AM-->AS,AM-->AS,AM-->AS,AM-->AS,AM-->AS,AM-->AS,AM-->AS,AM-->AS,AM-->AS,AM-->AS,AM-->AS,AM-->AS,,,,,,,,,,,,,,,,,AS-->AM,AS-->AM,AS-->AM,AS-->AM,AS-->AM,AS-->AM,AS-->AM,AS-->AM,AS-->AM,AS-->AM,AS-->AM,AS-->AM,AS-->AM,AS-->AM,AS-->AM,AS-->AM,AS-->AM,AS-->AM,AS-->AM
AW,ABW,Aruba,Oranjestad,Americas,Caribbean,,AW-->AS,AW-->AS,AW-->AS,AW-->AS,AW-->AS,AW-->AS,AW-->AS,AW-->AS,AW-->AS,AW-->AS,AW-->AS,AW-->AS,AW-->AS,AW-->AS,AW-->AS,AW-->AS,AW-->AS,AW-->AS,AW-->AS,,,,,,,,,,,,,,,,,AS-->AW,AS-->AW,AS-->AW,AS-->AW,AS-->AW,AS-->AW,AS-->AW,AS-->AW,AS-->AW,AS-->AW,AS-->AW,AS-->AW,AS-->AW,AS-->AW,AS-->AW,AS-->AW,AS-->AW,AS-->AW,AS-->AW
AU,AUS,Australia,Canberra,Oceania,Australia and New Zealand,,AU-->AS,AU-->AS,AU-->AS,AU-->AS,AU-->AS,AU-->AS,AU-->AS,AU-->AS,AU-->AS,AU-->AS,AU-->AS,AU-->AS,AU-->AS,AU-->AS,AU-->AS,AU-->AS,AU-->AS,AU-->AS,AU-->AS,,,,,,,,,,,,,,,,,AS-->AU,AS-->AU,AS-->AU,AS-->AU,AS-->AU,AS-->AU,AS-->AU,AS-->AU,AS-->AU,AS-->AU,AS-->AU,AS-->AU,AS-->AU,AS-->AU,AS-->AU,AS-->AU,AS-->AU,AS-->AU,AS-->AU
AT,AUT,Austria,Vienna,Europe,Western Europe,,AT-->AS,AT-->AS,AT-->AS,AT-->AS,AT-->AS,AT-->AS,AT-->AS,AT-->AS,AT-->AS,AT-->AS,AT-->AS,AT-->AS,AT-->AS,AT-->AS,AT-->AS,AT-->AS,AT-->AS,AT-->AS,AT-->AS,,,,,,,,,,,,,,,,,AS-->AT,AS-->AT,AS-->AT,AS-->AT,AS-->AT,AS-->AT,AS-->AT,AS-->AT,AS-->AT,AS-->AT,AS-->AT,AS-->AT,AS-->AT,AS-->AT,AS-->AT,AS-->AT,AS-->AT,AS-->AT,AS-->AT
AZ,AZE,Azerbaijan,Baku,Asia,Western Asia,,AZ-->AS,AZ-->AS,AZ-->AS,AZ-->AS,AZ-->AS,AZ-->AS,AZ-->AS,AZ-->AS,AZ-->AS,AZ-->AS,AZ-->AS,AZ-->AS,AZ-->AS,AZ-->AS,AZ-->AS,AZ-->AS,AZ-->AS,AZ-->AS,AZ-->AS,,,,,,,,,,,,,,,,,AS-->AZ,AS-->AZ,AS-->AZ,AS-->AZ,AS-->AZ,AS-->AZ,AS-->AZ,AS-->AZ,AS-->AZ,AS-->AZ,AS-->AZ,AS-->AZ,AS-->AZ,AS-->AZ,AS-->AZ,AS-->AZ,AS-->AZ,AS-->AZ,AS-->AZ
BS,BHS,The Bahamas,Nassau,Americas,Caribbean,,BS-->AS,BS-->AS,BS-->AS,BS-->AS,BS-->AS,BS-->AS,BS-->AS,BS-->AS,BS-->AS,BS-->AS,BS-->AS,BS-->AS,BS-->AS,BS-->AS,BS-->AS,BS-->AS,BS-->AS,BS-->AS,BS-->AS,,,,,,,,,,,,,,,,,AS-->BS,AS-->BS,AS-->BS,AS-->BS,AS-->BS,AS-->BS,AS-->BS,AS-->BS,AS-->BS,AS-->BS,AS-->BS,AS-->BS,AS-->BS,AS-->BS,AS-->BS,AS-->BS,AS-->BS,AS-->BS,AS-->BS
BH,BHR,Bahrain,Manama,Asia,Western Asia,,BH-->AS,BH-->AS,BH-->AS,BH-->AS,BH-->AS,BH-->AS,BH-->AS,BH-->AS,BH-->AS,BH-->AS,BH-->AS,BH-->AS,BH-->AS,BH-->AS,BH-->AS,BH-->AS,BH-->AS,BH-->AS,BH-->AS,,,,,,,,,,,,,,,,,AS-->BH,AS-->BH,AS-->BH,AS-->BH,AS-->BH,AS-->BH,AS-->BH,AS-->BH,AS-->BH,AS-->BH,AS-->BH,AS-->BH,AS-->BH,AS-->BH,AS-->BH,AS-->BH,AS-->BH,AS-->BH,AS-->BH
BD,BGD,Bangladesh,Dhaka,Asia,Southern Asia,,BD-->AS,BD-->AS,BD-->AS,BD-->AS,BD-->AS,BD-->AS,BD-->AS,BD-->AS,BD-->AS,BD-->AS,BD-->AS,BD-->AS,BD-->AS,BD-->AS,BD-->AS,BD-->AS,BD-->AS,BD-->AS,BD-->AS,,,,,,,,,,,,,,,,,AS-->BD,AS-->BD,AS-->BD,AS-->BD,AS-->BD,AS-->BD,AS-->BD,AS-->BD,AS-->BD,AS-->BD,AS-->BD,AS-->BD,AS-->BD,AS-->BD,AS-->BD,AS-->BD,AS-->BD,AS-->BD,AS-->BD
BB,BRB,Barbados,Bridgetown,Americas,Caribbean,,BB-->AS,BB-->AS,BB-->AS,BB-->AS,BB-->AS,BB-->AS,BB-->AS,BB-->AS,BB-->AS,BB-->AS,BB-->AS,BB-->AS,BB-->AS,BB-->AS,BB-->AS,BB-->AS,BB-->AS,BB-->AS,BB-->AS,,,,,,,,,,,,,,,,,AS-->BB,AS-->BB,AS-->BB,AS-->BB,AS-->BB,AS-->BB,AS-->BB,AS-->BB,AS-->BB,AS-->BB,AS-->BB,AS-->BB,AS-->BB,AS-->BB,AS-->BB,AS-->BB,AS-->BB,AS-->BB,AS-->BB
BY,BLR,Belarus,Minsk,Europe,Eastern Europe,,BY-->AS,BY-->AS,BY-->AS,BY-->AS,BY-->AS,BY-->AS,BY-->AS,BY-->AS,BY-->AS,BY-->AS,BY-->AS,BY-->AS,BY-->AS,BY-->AS,BY-->AS,BY-->AS,BY-->AS,BY-->AS,BY-->AS,,,,,,,,,,,,,,,,,AS-->BY,AS-->BY,AS-->BY,AS-->BY,AS-->BY,AS-->BY,AS-->BY,AS-->BY,AS-->BY,AS-->BY,AS-->BY,AS-->BY,AS-->BY,AS-->BY,AS-->BY,AS-->BY,AS-->BY,AS-->BY,AS-->BY
BE,BEL,Belgium,Brussels,Europe,Western Europe,,BE-->AS,BE-->AS,BE-->AS,BE-->AS,BE-->AS,BE-->AS,BE-->AS,BE-->AS,BE-->AS,BE-->AS,BE-->AS,BE-->AS,BE-->AS,BE-->AS,BE-->AS,BE-->AS,BE-->AS,BE-->AS,BE-->AS,,,,,,,,,,,,,,,,,AS-->BE,AS-->BE,AS-->BE,AS-->BE,AS-->BE,AS-->BE,AS-->BE,AS-->BE,AS-->BE,AS-->BE,AS-->BE,AS-->BE,AS-->BE,AS-->BE,AS-->BE,AS-->BE,AS-->BE,AS-->BE,AS-->BE
BZ,BLZ,Belize,Belmopan,Americas,Central America,,BZ-->AS,BZ-->AS,BZ-->AS,BZ-->AS,BZ-->AS,BZ-->AS,BZ-->AS,BZ-->AS,BZ-->AS,BZ-->AS,BZ-->AS,BZ-->AS,BZ-->AS,BZ-->AS,BZ-->AS,BZ-->AS,BZ-->AS,BZ-->AS,BZ-->AS,,,,,,,,,,,,,,,,,AS-->BZ,AS-->BZ,AS-->BZ,AS-->BZ,AS-->BZ,AS-->BZ,AS-->BZ,AS-->BZ,AS-->BZ,AS-->BZ,AS-->BZ,AS-->BZ,AS-->BZ,AS-->BZ,AS-->BZ,AS-->BZ,AS-->BZ,AS-->BZ,AS-->BZ
BJ,BEN,Benin,Porto-Novo,Africa,Western Africa,,BJ-->AS,BJ-->AS,BJ-->AS,BJ-->AS,BJ-->AS,BJ-->AS,BJ-->AS,BJ-->AS,BJ-->AS,BJ-->AS,BJ-->AS,BJ-->AS,BJ-->AS,BJ-->AS,BJ-->AS,BJ-->AS,BJ-->AS,BJ-->AS,BJ-->AS,,,,,,,,,,,,,,,,,AS-->BJ,AS-->BJ,AS-->BJ,AS-->BJ,AS-->BJ,AS-->BJ,AS-->BJ,AS-->BJ,AS-->BJ,AS-->BJ,AS-->BJ,AS-->BJ,AS-->BJ,AS-->BJ,AS-->BJ,AS-->BJ,AS-->BJ,AS-->BJ,AS-->BJ
BM,BMU,Bermuda,Hamilton,Americas,Northern America,,BM-->AS,BM-->AS,BM-->AS,BM-->AS,BM-->AS,BM-->AS,BM-->AS,BM-->AS,BM-->AS,BM-->AS,BM-->AS,BM-->AS,BM-->AS,BM-->AS,BM-->AS,BM-->AS,BM-->AS,BM-->AS,BM-->AS,,,,,,,,,,,,,,,,,AS-->BM,AS-->BM,AS-->BM,AS-->BM,AS-->BM,AS-->BM,AS-->BM,AS-->BM,AS-->BM,AS-->BM,AS-->BM,AS-->BM,AS-->BM,AS-->BM,AS-->BM,AS-->BM,AS-->BM,AS-->BM,AS-->BM
BT,BTN,Bhutan,Thimphu,Asia,Southern Asia,,BT-->AS,BT-->AS,BT-->AS,BT-->AS,BT-->AS,BT-->AS,BT-->AS,BT-->AS,BT-->AS,BT-->AS,BT-->AS,BT-->AS,BT-->AS,BT-->AS,BT-->AS,BT-->AS,BT-->AS,BT-->AS,BT-->AS,,,,,,,,,,,,,,,,,AS-->BT,AS-->BT,AS-->BT,AS-->BT,AS-->BT,AS-->BT,AS-->BT,AS-->BT,AS-->BT,AS-->BT,AS-->BT,AS-->BT,AS-->BT,AS-->BT,AS-->BT,AS-->BT,AS-->BT,AS-->BT,AS-->BT
BO,BOL,Bolivia,Sucre,Americas,South America,,BO-->AS,BO-->AS,BO-->AS,BO-->AS,BO-->AS,BO-->AS,BO-->AS,BO-->AS,BO-->AS,BO-->AS,BO-->AS,BO-->AS,BO-->AS,BO-->AS,BO-->AS,BO-->AS,BO-->AS,BO-->AS,BO-->AS,,,,,,,,,,,,,,,,,AS-->BO,AS-->BO,AS-->BO,AS-->BO,AS-->BO,AS-->BO,AS-->BO,AS-->BO,AS-->BO,AS-->BO,AS-->BO,AS-->BO,AS-->BO,AS-->BO,AS-->BO,AS-->BO,AS-->BO,AS-->BO,AS-->BO
BQ,BES,Bonaire,Kralendijk,Americas,Caribbean,,BQ-->AS,BQ-->AS,BQ-->AS,BQ-->AS,BQ-->AS,BQ-->AS,BQ-->AS,BQ-->AS,BQ-->AS,BQ-->AS,BQ-->AS,BQ-->AS,BQ-->AS,BQ-->AS,BQ-->AS,BQ-->AS,BQ-->AS,BQ-->AS,BQ-->AS,,,,,,,,,,,,,,,,,AS-->BQ,AS-->BQ,AS-->BQ,AS-->BQ,AS-->BQ,AS-->BQ,AS-->BQ,AS-->BQ,AS-->BQ,AS-->BQ,AS-->BQ,AS-->BQ,AS-->BQ,AS-->BQ,AS-->BQ,AS-->BQ,AS-->BQ,AS-->BQ,AS-->BQ
BA,BIH,Bosnia and Herzegovina,Sarajevo,Europe,Southern Europe,,BA-->AS,BA-->AS,BA-->AS,BA-->AS,BA-->AS,BA-->AS,BA-->AS,BA-->AS,BA-->AS,BA-->AS,BA-->AS,BA-->AS,BA-->AS,BA-->AS,BA-->AS,BA-->AS,BA-->AS,BA-->AS,BA-->AS,,,,,,,,,,,,,,,,,AS-->BA,AS-->BA,AS-->BA,AS-->BA,AS-->BA,AS-->BA,AS-->BA,AS-->BA,AS-->BA,AS-->BA,AS-->BA,AS-->BA,AS-->BA,AS-->BA,AS-->BA,AS-->BA,AS-->BA,AS-->BA,AS-->BA
BW,BWA,Botswana,Gaborone,Africa,Southern Africa,,BW-->AS,BW-->AS,BW-->AS,BW-->AS,BW-->AS,BW-->AS,BW-->AS,BW-->AS,BW-->AS,BW-->AS,BW-->AS,BW-->AS,BW-->AS,BW-->AS,BW-->AS,BW-->AS,BW-->AS,BW-->AS,BW-->AS,,,,,,,,,,,,,,,,,AS-->BW,AS-->BW,AS-->BW,AS-->BW,AS-->BW,AS-->BW,AS-->BW,AS-->BW,AS-->BW,AS-->BW,AS-->BW,AS-->BW,AS-->BW,AS-->BW,AS-->BW,AS-->BW,AS-->BW,AS-->BW,AS-->BW
BV,BVT,Bouvet Island,,,,,BV-->AS,BV-->AS,BV-->AS,BV-->AS,BV-->AS,BV-->AS,BV-->AS,BV-->AS,BV-->AS,BV-->AS,BV-->AS,BV-->AS,BV-->AS,BV-->AS,BV-->AS,BV-->AS,BV-->AS,BV-->AS,BV-->AS,,,,,,,,,,,,,,,,,AS-->BV,AS-->BV,AS-->BV,AS-->BV,AS-->BV,AS-->BV,AS-->BV,AS-->BV,AS-->BV,AS-->BV,AS-->BV,AS-->BV,AS-->BV,AS-->BV,AS-->BV,AS-->BV,AS-->BV,AS-->BV,AS-->BV
BR,BRA,Brazil,Brasília,Americas,South America,,BR-->AS,BR-->AS,BR-->AS,BR-->AS,BR-->AS,BR-->AS,BR-->AS,BR-->AS,BR-->AS,BR-->AS,BR-->AS,BR-->AS,BR-->AS,BR-->AS,BR-->AS,BR-->AS,BR-->AS,BR-->AS,BR-->AS,,,,,,,,,,,,,,,,,AS-->BR,AS-->BR,AS-->BR,AS-->BR,AS-->BR,AS-->BR,AS-->BR,AS-->BR,AS-->BR,AS-->BR,AS-->BR,AS-->BR,AS-->BR,AS-->BR,AS-->BR,AS-->BR,AS-->BR,AS-->BR,AS-->BR
IO,IOT,British Indian Ocean Territory,Diego Garcia,Africa,Eastern Africa,,IO-->AS,IO-->AS,IO-->AS,IO-->AS,IO-->AS,IO-->AS,IO-->AS,IO-->AS,IO-->AS,IO-->AS,IO-->AS,IO-->AS,IO-->AS,IO-->AS,IO-->AS,IO-->AS,IO-->AS,IO-->AS,IO-->AS,,,,,,,,,,,,,,,,,AS-->IO,AS-->IO,AS-->IO,AS-->IO,AS-->IO,AS-->IO,AS-->IO,AS-->IO,AS-->IO,AS-->IO,AS-->IO,AS-->IO,AS-->IO,AS-->IO,AS-->IO,AS-->IO,AS-->IO,AS-->IO,AS-->IO
UM,UMI,United States Minor Outlying Islands,,Americas,Northern America,,UM-->AS,UM-->AS,UM-->AS,UM-->AS,UM-->AS,UM-->AS,UM-->AS,UM-->AS,UM-->AS,UM-->AS,UM-->AS,UM-->AS,UM-->AS,UM-->AS,UM-->AS,UM-->AS,UM-->AS,UM-->AS,UM-->AS,,,,,,,,,,,,,,,,,AS-->UM,AS-->UM,AS-->UM,AS-->UM,AS-->UM,AS-->UM,AS-->UM,AS-->UM,AS-->UM,AS-->UM,AS-->UM,AS-->UM,AS-->UM,AS-->UM,AS-->UM,AS-->UM,AS-->UM,AS-->UM,AS-->UM
VG,VGB,Virgin Islands (British),Road Town,Americas,Caribbean,,VG-->AS,VG-->AS,VG-->AS,VG-->AS,VG-->AS,VG-->AS,VG-->AS,VG-->AS,VG-->AS,VG-->AS,VG-->AS,VG-->AS,VG-->AS,VG-->AS,VG-->AS,VG-->AS,VG-->AS,VG-->AS,VG-->AS,,,,,,,,,,,,,,,,,AS-->VG,AS-->VG,AS-->VG,AS-->VG,AS-->VG,AS-->VG,AS-->VG,AS-->VG,AS-->VG,AS-->VG,AS-->VG,AS-->VG,AS-->VG,AS-->VG,AS-->VG,AS-->VG,AS-->VG,AS-->VG,AS-->VG
VI,VIR,Virgin Islands (U.S.),Charlotte Amalie,Americas,Caribbean,,VI-->AS,VI-->AS,VI-->AS,VI-->AS,VI-->AS,VI-->AS,VI-->AS,VI-->AS,VI-->AS,VI-->AS,VI-->AS,VI-->AS,VI-->AS,VI-->AS,VI-->AS,VI-->AS,VI-->AS,VI-->AS,VI-->AS,,,,,,,,,,,,,,,,,AS-->VI,AS-->VI,AS-->VI,AS-->VI,AS-->VI,AS-->VI,AS-->VI,AS-->VI,AS-->VI,AS-->VI,AS-->VI,AS-->VI,AS-->VI,AS-->VI,AS-->VI,AS-->VI,AS-->VI,AS-->VI,AS-->VI
BN,BRN,Brunei,Bandar Seri Begawan,Asia,South-Eastern Asia,,BN-->AS,BN-->AS,BN-->AS,BN-->AS,BN-->AS,BN-->AS,BN-->AS,BN-->AS,BN-->AS,BN-->AS,BN-->AS,BN-->AS,BN-->AS,BN-->AS,BN-->AS,BN-->AS,BN-->AS,BN-->AS,BN-->AS,,,,,,,,,,,,,,,,,AS-->BN,AS-->BN,AS-->BN,AS-->BN,AS-->BN,AS-->BN,AS-->BN,AS-->BN,AS-->BN,AS-->BN,AS-->BN,AS-->BN,AS-->BN,AS-->BN,AS-->BN,AS-->BN,AS-->BN,AS-->BN,AS-->BN
BG,BGR,Bulgaria,Sofia,Europe,Eastern Europe,,BG-->AS,BG-->AS,BG-->AS,BG-->AS,BG-->AS,BG-->AS,BG-->AS,BG-->AS,BG-->AS,BG-->AS,BG-->AS,BG-->AS,BG-->AS,BG-->AS,BG-->AS,BG-->AS,BG-->AS,BG-->AS,BG-->AS,,,,,,,,,,,,,,,,,AS-->BG,AS-->BG,AS-->BG,AS-->BG,AS-->BG,AS-->BG,AS-->BG,AS-->BG,AS-->BG,AS-->BG,AS-->BG,AS-->BG,AS-->BG,AS-->BG,AS-->BG,AS-->BG,AS-->BG,AS-->BG,AS-->BG
BF,BFA,Burkina Faso,Ouagadougou,Africa,Western Africa,,BF-->AS,BF-->AS,BF-->AS,BF-->AS,BF-->AS,BF-->AS,BF-->AS,BF-->AS,BF-->AS,BF-->AS,BF-->AS,BF-->AS,BF-->AS,BF-->AS,BF-->AS,BF-->AS,BF-->AS,BF-->AS,BF-->AS,,,,,,,,,,,,,,,,,AS-->BF,AS-->BF,AS-->BF,AS-->BF,AS-->BF,AS-->BF,AS-->BF,AS-->BF,AS-->BF,AS-->BF,AS-->BF,AS-->BF,AS-->BF,AS-->BF,AS-->BF,AS-->BF,AS-->BF,AS-->BF,AS-->BF
BI,BDI,Burundi,Bujumbura,Africa,Eastern Africa,,BI-->AS,BI-->AS,BI-->AS,BI-->AS,BI-->AS,BI-->AS,BI-->AS,BI-->AS,BI-->AS,BI-->AS,BI-->AS,BI-->AS,BI-->AS,BI-->AS,BI-->AS,BI-->AS,BI-->AS,BI-->AS,BI-->AS,,,,,,,,,,,,,,,,,AS-->BI,AS-->BI,AS-->BI,AS-->BI,AS-->BI,AS-->BI,AS-->BI,AS-->BI,AS-->BI,AS-->BI,AS-->BI,AS-->BI,AS-->BI,AS-->BI,AS-->BI,AS-->BI,AS-->BI,AS-->BI,AS-->BI
KH,KHM,Cambodia,Phnom Penh,Asia,South-Eastern Asia,,KH-->AS,KH-->AS,KH-->AS,KH-->AS,KH-->AS,KH-->AS,KH-->AS,KH-->AS,KH-->AS,KH-->AS,KH-->AS,KH-->AS,KH-->AS,KH-->AS,KH-->AS,KH-->AS,KH-->AS,KH-->AS,KH-->AS,,,,,,,,,,,,,,,,,AS-->KH,AS-->KH,AS-->KH,AS-->KH,AS-->KH,AS-->KH,AS-->KH,AS-->KH,AS-->KH,AS-->KH,AS-->KH,AS-->KH,AS-->KH,AS-->KH,AS-->KH,AS-->KH,AS-->KH,AS-->KH,AS-->KH
CM,CMR,Cameroon,Yaoundé,Africa,Middle Africa,,CM-->AS,CM-->AS,CM-->AS,CM-->AS,CM-->AS,CM-->AS,CM-->AS,CM-->AS,CM-->AS,CM-->AS,CM-->AS,CM-->AS,CM-->AS,CM-->AS,CM-->AS,CM-->AS,CM-->AS,CM-->AS,CM-->AS,,,,,,,,,,,,,,,,,AS-->CM,AS-->CM,AS-->CM,AS-->CM,AS-->CM,AS-->CM,AS-->CM,AS-->CM,AS-->CM,AS-->CM,AS-->CM,AS-->CM,AS-->CM,AS-->CM,AS-->CM,AS-->CM,AS-->CM,AS-->CM,AS-->CM
CA,CAN,Canada,Ottawa,Americas,Northern America,,CA-->AS,CA-->AS,CA-->AS,CA-->AS,CA-->AS,CA-->AS,CA-->AS,CA-->AS,CA-->AS,CA-->AS,CA-->AS,CA-->AS,CA-->AS,CA-->AS,CA-->AS,CA-->AS,CA-->AS,CA-->AS,CA-->AS,,,,,,,,,,,,,,,,,AS-->CA,AS-->CA,AS-->CA,AS-->CA,AS-->CA,AS-->CA,AS-->CA,AS-->CA,AS-->CA,AS-->CA,AS-->CA,AS-->CA,AS-->CA,AS-->CA,AS-->CA,AS-->CA,AS-->CA,AS-->CA,AS-->CA
CV,CPV,Cape Verde,Praia,Africa,Western Africa,,CV-->AS,CV-->AS,CV-->AS,CV-->AS,CV-->AS,CV-->AS,CV-->AS,CV-->AS,CV-->AS,CV-->AS,CV-->AS,CV-->AS,CV-->AS,CV-->AS,CV-->AS,CV-->AS,CV-->AS,CV-->AS,CV-->AS,,,,,,,,,,,,,,,,,AS-->CV,AS-->CV,AS-->CV,AS-->CV,AS-->CV,AS-->CV,AS-->CV,AS-->CV,AS-->CV,AS-->CV,AS-->CV,AS-->CV,AS-->CV,AS-->CV,AS-->CV,AS-->CV,AS-->CV,AS-->CV,AS-->CV
KY,CYM,Cayman Islands,George Town,Americas,Caribbean,,KY-->AS,KY-->AS,KY-->AS,KY-->AS,KY-->AS,KY-->AS,KY-->AS,KY-->AS,KY-->AS,KY-->AS,KY-->AS,KY-->AS,KY-->AS,KY-->AS,KY-->AS,KY-->AS,KY-->AS,KY-->AS,KY-->AS,,,,,,,,,,,,,,,,,AS-->KY,AS-->KY,AS-->KY,AS-->KY,AS-->KY,AS-->KY,AS-->KY,AS-->KY,AS-->KY,AS-->KY,AS-->KY,AS-->KY,AS-->KY,AS-->KY,AS-->KY,AS-->KY,AS-->KY,AS-->KY,AS-->KY
CF,CAF,Central African Republic,Bangui,Africa,Middle Africa,,CF-->AS,CF-->AS,CF-->AS,CF-->AS,CF-->AS,CF-->AS,CF-->AS,CF-->AS,CF-->AS,CF-->AS,CF-->AS,CF-->AS,CF-->AS,CF-->AS,CF-->AS,CF-->AS,CF-->AS,CF-->AS,CF-->AS,,,,,,,,,,,,,,,,,AS-->CF,AS-->CF,AS-->CF,AS-->CF,AS-->CF,AS-->CF,AS-->CF,AS-->CF,AS-->CF,AS-->CF,AS-->CF,AS-->CF,AS-->CF,AS-->CF,AS-->CF,AS-->CF,AS-->CF,AS-->CF,AS-->CF
TD,TCD,Chad,N'Djamena,Africa,Middle Africa,,TD-->AS,TD-->AS,TD-->AS,TD-->AS,TD-->AS,TD-->AS,TD-->AS,TD-->AS,TD-->AS,TD-->AS,TD-->AS,TD-->AS,TD-->AS,TD-->AS,TD-->AS,TD-->AS,TD-->AS,TD-->AS,TD-->AS,,,,,,,,,,,,,,,,,AS-->TD,AS-->TD,AS-->TD,AS-->TD,AS-->TD,AS-->TD,AS-->TD,AS-->TD,AS-->TD,AS-->TD,AS-->TD,AS-->TD,AS-->TD,AS-->TD,AS-->TD,AS-->TD,AS-->TD,AS-->TD,AS-->TD
CL,CHL,Chile,Santiago,Americas,South America,,CL-->AS,CL-->AS,CL-->AS,CL-->AS,CL-->AS,CL-->AS,CL-->AS,CL-->AS,CL-->AS,CL-->AS,CL-->AS,CL-->AS,CL-->AS,CL-->AS,CL-->AS,CL-->AS,CL-->AS,CL-->AS,CL-->AS,,,,,,,,,,,,,,,,,AS-->CL,AS-->CL,AS-->CL,AS-->CL,AS-->CL,AS-->CL,AS-->CL,AS-->CL,AS-->CL,AS-->CL,AS-->CL,AS-->CL,AS-->CL,AS-->CL,AS-->CL,AS-->CL,AS-->CL,AS-->CL,AS-->CL
CN,CHN,China,Beijing,Asia,Eastern Asia,,CN-->AS,CN-->AS,CN-->AS,CN-->AS,CN-->AS,CN-->AS,CN-->AS,CN-->AS,CN-->AS,CN-->AS,CN-->AS,CN-->AS,CN-->AS,CN-->AS,CN-->AS,CN-->AS,CN-->AS,CN-->AS,CN-->AS,,,,,,,,,,,,,,,,,AS-->CN,AS-->CN,AS-->CN,AS-->CN,AS-->CN,AS-->CN,AS-->CN,AS-->CN,AS-->CN,AS-->CN,AS-->CN,AS-->CN,AS-->CN,AS-->CN,AS-->CN,AS-->CN,AS-->CN,AS-->CN,AS-->CN
CX,CXR,Christmas Island,Flying Fish Cove,Oceania,Australia and New Zealand,,CX-->AS,CX-->AS,CX-->AS,CX-->AS,CX-->AS,CX-->AS,CX-->AS,CX-->AS,CX-->AS,CX-->AS,CX-->AS,CX-->AS,CX-->AS,CX-->AS,CX-->AS,CX-->AS,CX-->AS,CX-->AS,CX-->AS,,,,,,,,,,,,,,,,,AS-->CX,AS-->CX,AS-->CX,AS-->CX,AS-->CX,AS-->CX,AS-->CX,AS-->CX,AS-->CX,AS-->CX,AS-->CX,AS-->CX,AS-->CX,AS-->CX,AS-->CX,AS-->CX,AS-->CX,AS-->CX,AS-->CX
CC,CCK,Cocos (Keeling) Islands,West Island,Oceania,Australia and New Zealand,,CC-->AS,CC-->AS,CC-->AS,CC-->AS,CC-->AS,CC-->AS,CC-->AS,CC-->AS,CC-->AS,CC-->AS,CC-->AS,CC-->AS,CC-->AS,CC-->AS,CC-->AS,CC-->AS,CC-->AS,CC-->AS,CC-->AS,,,,,,,,,,,,,,,,,AS-->CC,AS-->CC,AS-->CC,AS-->CC,AS-->CC,AS-->CC,AS-->CC,AS-->CC,AS-->CC,AS-->CC,AS-->CC,AS-->CC,AS-->CC,AS-->CC,AS-->CC,AS-->CC,AS-->CC,AS-->CC,AS-->CC
CO,COL,Colombia,Bogotá,Americas,South America,,CO-->AS,CO-->AS,CO-->AS,CO-->AS,CO-->AS,CO-->AS,CO-->AS,CO-->AS,CO-->AS,CO-->AS,CO-->AS,CO-->AS,CO-->AS,CO-->AS,CO-->AS,CO-->AS,CO-->AS,CO-->AS,CO-->AS,,,,,,,,,,,,,,,,,AS-->CO,AS-->CO,AS-->CO,AS-->CO,AS-->CO,AS-->CO,AS-->CO,AS-->CO,AS-->CO,AS-->CO,AS-->CO,AS-->CO,AS-->CO,AS-->CO,AS-->CO,AS-->CO,AS-->CO,AS-->CO,AS-->CO
KM,COM,Comoros,Moroni,Africa,Eastern Africa,,KM-->AS,KM-->AS,KM-->AS,KM-->AS,KM-->AS,KM-->AS,KM-->AS,KM-->AS,KM-->AS,KM-->AS,KM-->AS,KM-->AS,KM-->AS,KM-->AS,KM-->AS,KM-->AS,KM-->AS,KM-->AS,KM-->AS,,,,,,,,,,,,,,,,,AS-->KM,AS-->KM,AS-->KM,AS-->KM,AS-->KM,AS-->KM,AS-->KM,AS-->KM,AS-->KM,AS-->KM,AS-->KM,AS-->KM,AS-->KM,AS-->KM,AS-->KM,AS-->KM,AS-->KM,AS-->KM,AS-->KM
CG,COG,Republic of the Congo,Brazzaville,Africa,Middle Africa,,CG-->AS,CG-->AS,CG-->AS,CG-->AS,CG-->AS,CG-->AS,CG-->AS,CG-->AS,CG-->AS,CG-->AS,CG-->AS,CG-->AS,CG-->AS,CG-->AS,CG-->AS,CG-->AS,CG-->AS,CG-->AS,CG-->AS,,,,,,,,,,,,,,,,,AS-->CG,AS-->CG,AS-->CG,AS-->CG,AS-->CG,AS-->CG,AS-->CG,AS-->CG,AS-->CG,AS-->CG,AS-->CG,AS-->CG,AS-->CG,AS-->CG,AS-->CG,AS-->CG,AS-->CG,AS-->CG,AS-->CG
CD,COD,Democratic Republic of the Congo,Kinshasa,Africa,Middle Africa,,CD-->AS,CD-->AS,CD-->AS,CD-->AS,CD-->AS,CD-->AS,CD-->AS,CD-->AS,CD-->AS,CD-->AS,CD-->AS,CD-->AS,CD-->AS,CD-->AS,CD-->AS,CD-->AS,CD-->AS,CD-->AS,CD-->AS,,,,,,,,,,,,,,,,,AS-->CD,AS-->CD,AS-->CD,AS-->CD,AS-->CD,AS-->CD,AS-->CD,AS-->CD,AS-->CD,AS-->CD,AS-->CD,AS-->CD,AS-->CD,AS-->CD,AS-->CD,AS-->CD,AS-->CD,AS-->CD,AS-->CD
CK,COK,Cook Islands,Avarua,Oceania,Polynesia,,CK-->AS,CK-->AS,CK-->AS,CK-->AS,CK-->AS,CK-->AS,CK-->AS,CK-->AS,CK-->AS,CK-->AS,CK-->AS,CK-->AS,CK-->AS,CK-->AS,CK-->AS,CK-->AS,CK-->AS,CK-->AS,CK-->AS,,,,,,,,,,,,,,,,,AS-->CK,AS-->CK,AS-->CK,AS-->CK,AS-->CK,AS-->CK,AS-->CK,AS-->CK,AS-->CK,AS-->CK,AS-->CK,AS-->CK,AS-->CK,AS-->CK,AS-->CK,AS-->CK,AS-->CK,AS-->CK,AS-->CK
CR,CRI,Costa Rica,San José,Americas,Central America,,CR-->AS,CR-->AS,CR-->AS,CR-->AS,CR-->AS,CR-->AS,CR-->AS,CR-->AS,CR-->AS,CR-->AS,CR-->AS,CR-->AS,CR-->AS,CR-->AS,CR-->AS,CR-->AS,CR-->AS,CR-->AS,CR-->AS,,,,,,,,,,,,,,,,,AS-->CR,AS-->CR,AS-->CR,AS-->CR,AS-->CR,AS-->CR,AS-->CR,AS-->CR,AS-->CR,AS-->CR,AS-->CR,AS-->CR,AS-->CR,AS-->CR,AS-->CR,AS-->CR,AS-->CR,AS-->CR,AS-->CR
HR,HRV,Croatia,Zagreb,Europe,Southern Europe,,HR-->AS,HR-->AS,HR-->AS,HR-->AS,HR-->AS,HR-->AS,HR-->AS,HR-->AS,HR-->AS,HR-->AS,HR-->AS,HR-->AS,HR-->AS,HR-->AS,HR-->AS,HR-->AS,HR-->AS,HR-->AS,HR-->AS,,,,,,,,,,,,,,,,,AS-->HR,AS-->HR,AS-->HR,AS-->HR,AS-->HR,AS-->HR,AS-->HR,AS-->HR,AS-->HR,AS-->HR,AS-->HR,AS-->HR,AS-->HR,AS-->HR,AS-->HR,AS-->HR,AS-->HR,AS-->HR,AS-->HR
CU,CUB,Cuba,Havana,Americas,Caribbean,,CU-->AS,CU-->AS,CU-->AS,CU-->AS,CU-->AS,CU-->AS,CU-->AS,CU-->AS,CU-->AS,CU-->AS,CU-->AS,CU-->AS,CU-->AS,CU-->AS,CU-->AS,CU-->AS,CU-->AS,CU-->AS,CU-->AS,,,,,,,,,,,,,,,,,AS-->CU,AS-->CU,AS-->CU,AS-->CU,AS-->CU,AS-->CU,AS-->CU,AS-->CU,AS-->CU,AS-->CU,AS-->CU,AS-->CU,AS-->CU,AS-->CU,AS-->CU,AS-->CU,AS-->CU,AS-->CU,AS-->CU
CW,CUW,Curaçao,Willemstad,Americas,Caribbean,,CW-->AS,CW-->AS,CW-->AS,CW-->AS,CW-->AS,CW-->AS,CW-->AS,CW-->AS,CW-->AS,CW-->AS,CW-->AS,CW-->AS,CW-->AS,CW-->AS,CW-->AS,CW-->AS,CW-->AS,CW-->AS,CW-->AS,,,,,,,,,,,,,,,,,AS-->CW,AS-->CW,AS-->CW,AS-->CW,AS-->CW,AS-->CW,AS-->CW,AS-->CW,AS-->CW,AS-->CW,AS-->CW,AS-->CW,AS-->CW,AS-->CW,AS-->CW,AS-->CW,AS-->CW,AS-->CW,AS-->CW
CY,CYP,Cyprus,Nicosia,Europe,Southern Europe,,CY-->AS,CY-->AS,CY-->AS,CY-->AS,CY-->AS,CY-->AS,CY-->AS,CY-->AS,CY-->AS,CY-->AS,CY-->AS,CY-->AS,CY-->AS,CY-->AS,CY-->AS,CY-->AS,CY-->AS,CY-->AS,CY-->AS,,,,,,,,,,,,,,,,,AS-->CY,AS-->CY,AS-->CY,AS-->CY,AS-->CY,AS-->CY,AS-->CY,AS-->CY,AS-->CY,AS-->CY,AS-->CY,AS-->CY,AS-->CY,AS-->CY,AS-->CY,AS-->CY,AS-->CY,AS-->CY,AS-->CY
CZ,CZE,Czech Republic,Prague,Europe,Eastern Europe,,CZ-->AS,CZ-->AS,CZ-->AS,CZ-->AS,CZ-->AS,CZ-->AS,CZ-->AS,CZ-->AS,CZ-->AS,CZ-->AS,CZ-->AS,CZ-->AS,CZ-->AS,CZ-->AS,CZ-->AS,CZ-->AS,CZ-->AS,CZ-->AS,CZ-->AS,,,,,,,,,,,,,,,,,AS-->CZ,AS-->CZ,AS-->CZ,AS-->CZ,AS-->CZ,AS-->CZ,AS-->CZ,AS-->CZ,AS-->CZ,AS-->CZ,AS-->CZ,AS-->CZ,AS-->CZ,AS-->CZ,AS-->CZ,AS-->CZ,AS-->CZ,AS-->CZ,AS-->CZ
DK,DNK,Denmark,Copenhagen,Europe,Northern Europe,,DK-->AS,DK-->AS,DK-->AS,DK-->AS,DK-->AS,DK-->AS,DK-->AS,DK-->AS,DK-->AS,DK-->AS,DK-->AS,DK-->AS,DK-->AS,DK-->AS,DK-->AS,DK-->AS,DK-->AS,DK-->AS,DK-->AS,,,,,,,,,,,,,,,,,AS-->DK,AS-->DK,AS-->DK,AS-->DK,AS-->DK,AS-->DK,AS-->DK,AS-->DK,AS-->DK,AS-->DK,AS-->DK,AS-->DK,AS-->DK,AS-->DK,AS-->DK,AS-->DK,AS-->DK,AS-->DK,AS-->DK
DJ,DJI,Djibouti,Djibouti,Africa,Eastern Africa,,DJ-->AS,DJ-->AS,DJ-->AS,DJ-->AS,DJ-->AS,DJ-->AS,DJ-->AS,DJ-->AS,DJ-->AS,DJ-->AS,DJ-->AS,DJ-->AS,DJ-->AS,DJ-->AS,DJ-->AS,DJ-->AS,DJ-->AS,DJ-->AS,DJ-->AS,,,,,,,,,,,,,,,,,AS-->DJ,AS-->DJ,AS-->DJ,AS-->DJ,AS-->DJ,AS-->DJ,AS-->DJ,AS-->DJ,AS-->DJ,AS-->DJ,AS-->DJ,AS-->DJ,AS-->DJ,AS-->DJ,AS-->DJ,AS-->DJ,AS-->DJ,AS-->DJ,AS-->DJ
DM,DMA,Dominica,Roseau,Americas,Caribbean,,DM-->AS,DM-->AS,DM-->AS,DM-->AS,DM-->AS,DM-->AS,DM-->AS,DM-->AS,DM-->AS,DM-->AS,DM-->AS,DM-->AS,DM-->AS,DM-->AS,DM-->AS,DM-->AS,DM-->AS,DM-->AS,DM-->AS,,,,,,,,,,,,,,,,,AS-->DM,AS-->DM,AS-->DM,AS-->DM,AS-->DM,AS-->DM,AS-->DM,AS-->DM,AS-->DM,AS-->DM,AS-->DM,AS-->DM,AS-->DM,AS-->DM,AS-->DM,AS-->DM,AS-->DM,AS-->DM,AS-->DM
DO,DOM,Dominican Republic,Santo Domingo,Americas,Caribbean,,DO-->AS,DO-->AS,DO-->AS,DO-->AS,DO-->AS,DO-->AS,DO-->AS,DO-->AS,DO-->AS,DO-->AS,DO-->AS,DO-->AS,DO-->AS,DO-->AS,DO-->AS,DO-->AS,DO-->AS,DO-->AS,DO-->AS,,,,,,,,,,,,,,,,,AS-->DO,AS-->DO,AS-->DO,AS-->DO,AS-->DO,AS-->DO,AS-->DO,AS-->DO,AS-->DO,AS-->DO,AS-->DO,AS-->DO,AS-->DO,AS-->DO,AS-->DO,AS-->DO,AS-->DO,AS-->DO,AS-->DO
EC,ECU,Ecuador,Quito,Americas,South America,,EC-->AS,EC-->AS,EC-->AS,EC-->AS,EC-->AS,EC-->AS,EC-->AS,EC-->AS,EC-->AS,EC-->AS,EC-->AS,EC-->AS,EC-->AS,EC-->AS,EC-->AS,EC-->AS,EC-->AS,EC-->AS,EC-->AS,,,,,,,,,,,,,,,,,AS-->EC,AS-->EC,AS-->EC,AS-->EC,AS-->EC,AS-->EC,AS-->EC,AS-->EC,AS-->EC,AS-->EC,AS-->EC,AS-->EC,AS-->EC,AS-->EC,AS-->EC,AS-->EC,AS-->EC,AS-->EC,AS-->EC
EG,EGY,Egypt,Cairo,Africa,Northern Africa,,EG-->AS,EG-->AS,EG-->AS,EG-->AS,EG-->AS,EG-->AS,EG-->AS,EG-->AS,EG-->AS,EG-->AS,EG-->AS,EG-->AS,EG-->AS,EG-->AS,EG-->AS,EG-->AS,EG-->AS,EG-->AS,EG-->AS,,,,,,,,,,,,,,,,,AS-->EG,AS-->EG,AS-->EG,AS-->EG,AS-->EG,AS-->EG,AS-->EG,AS-->EG,AS-->EG,AS-->EG,AS-->EG,AS-->EG,AS-->EG,AS-->EG,AS-->EG,AS-->EG,AS-->EG,AS-->EG,AS-->EG
SV,SLV,El Salvador,San Salvador,Americas,Central America,,SV-->AS,SV-->AS,SV-->AS,SV-->AS,SV-->AS,SV-->AS,SV-->AS,SV-->AS,SV-->AS,SV-->AS,SV-->AS,SV-->AS,SV-->AS,SV-->AS,SV-->AS,SV-->AS,SV-->AS,SV-->AS,SV-->AS,,,,,,,,,,,,,,,,,AS-->SV,AS-->SV,AS-->SV,AS-->SV,AS-->SV,AS-->SV,AS-->SV,AS-->SV,AS-->SV,AS-->SV,AS-->SV,AS-->SV,AS-->SV,AS-->SV,AS-->SV,AS-->SV,AS-->SV,AS-->SV,AS-->SV
GQ,GNQ,Equatorial Guinea,Malabo,Africa,Middle Africa,,GQ-->AS,GQ-->AS,GQ-->AS,GQ-->AS,GQ-->AS,GQ-->AS,GQ-->AS,GQ-->AS,GQ-->AS,GQ-->AS,GQ-->AS,GQ-->AS,GQ-->AS,GQ-->AS,GQ-->AS,GQ-->AS,GQ-->AS,GQ-->AS,GQ-->AS,,,,,,,,,,,,,,,,,AS-->GQ,AS-->GQ,AS-->GQ,AS-->GQ,AS-->GQ,AS-->GQ,AS-->GQ,AS-->GQ,AS-->GQ,AS-->GQ,AS-->GQ,AS-->GQ,AS-->GQ,AS-->GQ,AS-->GQ,AS-->GQ,AS-->GQ,AS-->GQ,AS-->GQ
ER,ERI,Eritrea,Asmara,Africa,Eastern Africa,,ER-->AS,ER-->AS,ER-->AS,ER-->AS,ER-->AS,ER-->AS,ER-->AS,ER-->AS,ER-->AS,ER-->AS,ER-->AS,ER-->AS,ER-->AS,ER-->AS,ER-->AS,ER-->AS,ER-->AS,ER-->AS,ER-->AS,,,,,,,,,,,,,,,,,AS-->ER,AS-->ER,AS-->ER,AS-->ER,AS-->ER,AS-->ER,AS-->ER,AS-->ER,AS-->ER,AS-->ER,AS-->ER,AS-->ER,AS-->ER,AS-->ER,AS-->ER,AS-->ER,AS-->ER,AS-->ER,AS-->ER
EE,EST,Estonia,Tallinn,Europe,Northern Europe,,EE-->AS,EE-->AS,EE-->AS,EE-->AS,EE-->AS,EE-->AS,EE-->AS,EE-->AS,EE-->AS,EE-->AS,EE-->AS,EE-->AS,EE-->AS,EE-->AS,EE-->AS,EE-->AS,EE-->AS,EE-->AS,EE-->AS,,,,,,,,,,,,,,,,,AS-->EE,AS-->EE,AS-->EE,AS-->EE,AS-->EE,AS-->EE,AS-->EE,AS-->EE,AS-->EE,AS-->EE,AS-->EE,AS-->EE,AS-->EE,AS-->EE,AS-->EE,AS-->EE,AS-->EE,AS-->EE,AS-->EE
ET,ETH,Ethiopia,Addis Ababa,Africa,Eastern Africa,,ET-->AS,ET-->AS,ET-->AS,ET-->AS,ET-->AS,ET-->AS,ET-->AS,ET-->AS,ET-->AS,ET-->AS,ET-->AS,ET-->AS,ET-->AS,ET-->AS,ET-->AS,ET-->AS,ET-->AS,ET-->AS,ET-->AS,,,,,,,,,,,,,,,,,AS-->ET,AS-->ET,AS-->ET,AS-->ET,AS-->ET,AS-->ET,AS-->ET,AS-->ET,AS-->ET,AS-->ET,AS-->ET,AS-->ET,AS-->ET,AS-->ET,AS-->ET,AS-->ET,AS-->ET,AS-->ET,AS-->ET
FK,FLK,Falkland Islands,Stanley,Americas,South America,,FK-->AS,FK-->AS,FK-->AS,FK-->AS,FK-->AS,FK-->AS,FK-->AS,FK-->AS,FK-->AS,FK-->AS,FK-->AS,FK-->AS,FK-->AS,FK-->AS,FK-->AS,FK-->AS,FK-->AS,FK-->AS,FK-->AS,,,,,,,,,,,,,,,,,AS-->FK,AS-->FK,AS-->FK,AS-->FK,AS-->FK,AS-->FK,AS-->FK,AS-->FK,AS-->FK,AS-->FK,AS-->FK,AS-->FK,AS-->FK,AS-->FK,AS-->FK,AS-->FK,AS-->FK,AS-->FK,AS-->FK
FO,FRO,Faroe Islands,Tórshavn,Europe,Northern Europe,,FO-->AS,FO-->AS,FO-->AS,FO-->AS,FO-->AS,FO-->AS,FO-->AS,FO-->AS,FO-->AS,FO-->AS,FO-->AS,FO-->AS,FO-->AS,FO-->AS,FO-->AS,FO-->AS,FO-->AS,FO-->AS,FO-->AS,,,,,,,,,,,,,,,,,AS-->FO,AS-->FO,AS-->FO,AS-->FO,AS-->FO,AS-->FO,AS-->FO,AS-->FO,AS-->FO,AS-->FO,AS-->FO,AS-->FO,AS-->FO,AS-->FO,AS-->FO,AS-->FO,AS-->FO,AS-->FO,AS-->FO
FJ,FJI,Fiji,Suva,Oceania,Melanesia,,FJ-->AS,FJ-->AS,FJ-->AS,FJ-->AS,FJ-->AS,FJ-->AS,FJ-->AS,FJ-->AS,FJ-->AS,FJ-->AS,FJ-->AS,FJ-->AS,FJ-->AS,FJ-->AS,FJ-->AS,FJ-->AS,FJ-->AS,FJ-->AS,FJ-->AS,,,,,,,,,,,,,,,,,AS-->FJ,AS-->FJ,AS-->FJ,AS-->FJ,AS-->FJ,AS-->FJ,AS-->FJ,AS-->FJ,AS-->FJ,AS-->FJ,AS-->FJ,AS-->FJ,AS-->FJ,AS-->FJ,AS-->FJ,AS-->FJ,AS-->FJ,AS-->FJ,AS-->FJ
FI,FIN,Finland,Helsinki,Europe,Northern Europe,,FI-->AS,FI-->AS,FI-->AS,FI-->AS,FI-->AS,FI-->AS,FI-->AS,FI-->AS,FI-->AS,FI-->AS,FI-->AS,FI-->AS,FI-->AS,FI-->AS,FI-->AS,FI-->AS,FI-->AS,FI-->AS,FI-->AS,,,,,,,,,,,,,,,,,AS-->FI,AS-->FI,AS-->FI,AS-->FI,AS-->FI,AS-->FI,AS-->FI,AS-->FI,AS-->FI,AS-->FI,AS-->FI,AS-->FI,AS-->FI,AS-->FI,AS-->FI,AS-->FI,AS-->FI,AS-->FI,AS-->FI
FR,FRA,France,Paris,Europe,Western Europe,,FR-->AS,FR-->AS,FR-->AS,FR-->AS,FR-->AS,FR-->AS,FR-->AS,FR-->AS,FR-->AS,FR-->AS,FR-->AS,FR-->AS,FR-->AS,FR-->AS,FR-->AS,FR-->AS,FR-->AS,FR-->AS,FR-->AS,,,,,,,,,,,,,,,,,AS-->FR,AS-->FR,AS-->FR,AS-->FR,AS-->FR,AS-->FR,AS-->FR,AS-->FR,AS-->FR,AS-->FR,AS-->FR,AS-->FR,AS-->FR,AS-->FR,AS-->FR,AS-->FR,AS-->FR,AS-->FR,AS-->FR
GF,GUF,French Guiana,Cayenne,Americas,South America,,GF-->AS,GF-->AS,GF-->AS,GF-->AS,GF-->AS,GF-->AS,GF-->AS,GF-->AS,GF-->AS,GF-->AS,GF-->AS,GF-->AS,GF-->AS,GF-->AS,GF-->AS,GF-->AS,GF-->AS,GF-->AS,GF-->AS,,,,,,,,,,,,,,,,,AS-->GF,AS-->GF,AS-->GF,AS-->GF,AS-->GF,AS-->GF,AS-->GF,AS-->GF,AS-->GF,AS-->GF,AS-->GF,AS-->GF,AS-->GF,AS-->GF,AS-->GF,AS-->GF,AS-->GF,AS-->GF,AS-->GF
PF,PYF,French Polynesia,Papeetē,Oceania,Polynesia,,PF-->AS,PF-->AS,PF-->AS,PF-->AS,PF-->AS,PF-->AS,PF-->AS,PF-->AS,PF-->AS,PF-->AS,PF-->AS,PF-->AS,PF-->AS,PF-->AS,PF-->AS,PF-->AS,PF-->AS,PF-->AS,PF-->AS,,,,,,,,,,,,,,,,,AS-->PF,AS-->PF,AS-->PF,AS-->PF,AS-->PF,AS-->PF,AS-->PF,AS-->PF,AS-->PF,AS-->PF,AS-->PF,AS-->PF,AS-->PF,AS-->PF,AS-->PF,AS-->PF,AS-->PF,AS-->PF,AS-->PF
TF,ATF,French Southern and Antarctic Lands,Port-aux-Français,Africa,Southern Africa,,TF-->AS,TF-->AS,TF-->AS,TF-->AS,TF-->AS,TF-->AS,TF-->AS,TF-->AS,TF-->AS,TF-->AS,TF-->AS,TF-->AS,TF-->AS,TF-->AS,TF-->AS,TF-->AS,TF-->AS,TF-->AS,TF-->AS,,,,,,,,,,,,,,,,,AS-->TF,AS-->TF,AS-->TF,AS-->TF,AS-->TF,AS-->TF,AS-->TF,AS-->TF,AS-->TF,AS-->TF,AS-->TF,AS-->TF,AS-->TF,AS-->TF,AS-->TF,AS-->TF,AS-->TF,AS-->TF,AS-->TF
GA,GAB,Gabon,Libreville,Africa,Middle Africa,,GA-->AS,GA-->AS,GA-->AS,GA-->AS,GA-->AS,GA-->AS,GA-->AS,GA-->AS,GA-->AS,GA-->AS,GA-->AS,GA-->AS,GA-->AS,GA-->AS,GA-->AS,GA-->AS,GA-->AS,GA-->AS,GA-->AS,,,,,,,,,,,,,,,,,AS-->GA,AS-->GA,AS-->GA,AS-->GA,AS-->GA,AS-->GA,AS-->GA,AS-->GA,AS-->GA,AS-->GA,AS-->GA,AS-->GA,AS-->GA,AS-->GA,AS-->GA,AS-->GA,AS-->GA,AS-->GA,AS-->GA
GM,GMB,The Gambia,Banjul,Africa,Western Africa,,GM-->AS,GM-->AS,GM-->AS,GM-->AS,GM-->AS,GM-->AS,GM-->AS,GM-->AS,GM-->AS,GM-->AS,GM-->AS,GM-->AS,GM-->AS,GM-->AS,GM-->AS,GM-->AS,GM-->AS,GM-->AS,GM-->AS,,,,,,,,,,,,,,,,,AS-->GM,AS-->GM,AS-->GM,AS-->GM,AS-->GM,AS-->GM,AS-->GM,AS-->GM,AS-->GM,AS-->GM,AS-->GM,AS-->GM,AS-->GM,AS-->GM,AS-->GM,AS-->GM,AS-->GM,AS-->GM,AS-->GM
GE,GEO,Georgia,Tbilisi,Asia,Western Asia,,GE-->AS,GE-->AS,GE-->AS,GE-->AS,GE-->AS,GE-->AS,GE-->AS,GE-->AS,GE-->AS,GE-->AS,GE-->AS,GE-->AS,GE-->AS,GE-->AS,GE-->AS,GE-->AS,GE-->AS,GE-->AS,GE-->AS,,,,,,,,,,,,,,,,,AS-->GE,AS-->GE,AS-->GE,AS-->GE,AS-->GE,AS-->GE,AS-->GE,AS-->GE,AS-->GE,AS-->GE,AS-->GE,AS-->GE,AS-->GE,AS-->GE,AS-->GE,AS-->GE,AS-->GE,AS-->GE,AS-->GE
DE,DEU,Germany,Berlin,Europe,Western Europe,,DE-->AS,DE-->AS,DE-->AS,DE-->AS,DE-->AS,DE-->AS,DE-->AS,DE-->AS,DE-->AS,DE-->AS,DE-->AS,DE-->AS,DE-->AS,DE-->AS,DE-->AS,DE-->AS,DE-->AS,DE-->AS,DE-->AS,,,,,,,,,,,,,,,,,AS-->DE,AS-->DE,AS-->DE,AS-->DE,AS-->DE,AS-->DE,AS-->DE,AS-->DE,AS-->DE,AS-->DE,AS-->DE,AS-->DE,AS-->DE,AS-->DE,AS-->DE,AS-->DE,AS-->DE,AS-->DE,AS-->DE
GH,GHA,Ghana,Accra,Africa,Western Africa,,GH-->AS,GH-->AS,GH-->AS,GH-->AS,GH-->AS,GH-->AS,GH-->AS,GH-->AS,GH-->AS,GH-->AS,GH-->AS,GH-->AS,GH-->AS,GH-->AS,GH-->AS,GH-->AS,GH-->AS,GH-->AS,GH-->AS,,,,,,,,,,,,,,,,,AS-->GH,AS-->GH,AS-->GH,AS-->GH,AS-->GH,AS-->GH,AS-->GH,AS-->GH,AS-->GH,AS-->GH,AS-->GH,AS-->GH,AS-->GH,AS-->GH,AS-->GH,AS-->GH,AS-->GH,AS-->GH,AS-->GH
GI,GIB,Gibraltar,Gibraltar,Europe,Southern Europe,,GI-->AS,GI-->AS,GI-->AS,GI-->AS,GI-->AS,GI-->AS,GI-->AS,GI-->AS,GI-->AS,GI-->AS,GI-->AS,GI-->AS,GI-->AS,GI-->AS,GI-->AS,GI-->AS,GI-->AS,GI-->AS,GI-->AS,,,,,,,,,,,,,,,,,AS-->GI,AS-->GI,AS-->GI,AS-->GI,AS-->GI,AS-->GI,AS-->GI,AS-->GI,AS-->GI,AS-->GI,AS-->GI,AS-->GI,AS-->GI,AS-->GI,AS-->GI,AS-->GI,AS-->GI,AS-->GI,AS-->GI
GR,GRC,Greece,Athens,Europe,Southern Europe,,GR-->AS,GR-->AS,GR-->AS,GR-->AS,GR-->AS,GR-->AS,GR-->AS,GR-->AS,GR-->AS,GR-->AS,GR-->AS,GR-->AS,GR-->AS,GR-->AS,GR-->AS,GR-->AS,GR-->AS,GR-->AS,GR-->AS,,,,,,,,,,,,,,,,,AS-->GR,AS-->GR,AS-->GR,AS-->GR,AS-->GR,AS-->GR,AS-->GR,AS-->GR,AS-->GR,AS-->GR,AS-->GR,AS-->GR,AS-->GR,AS-->GR,AS-->GR,AS-->GR,AS-->GR,AS-->GR,AS-->GR
GL,GRL,Greenland,Nuuk,Americas,Northern America,,GL-->AS,GL-->AS,GL-->AS,GL-->AS,GL-->AS,GL-->AS,GL-->AS,GL-->AS,GL-->AS,GL-->AS,GL-->AS,GL-->AS,GL-->AS,GL-->AS,GL-->AS,GL-->AS,GL-->AS,GL-->AS,GL-->AS,,,,,,,,,,,,,,,,,AS-->GL,AS-->GL,AS-->GL,AS-->GL,AS-->GL,AS-->GL,AS-->GL,AS-->GL,AS-->GL,AS-->GL,AS-->GL,AS-->GL,AS-->GL,AS-->GL,AS-->GL,AS-->GL,AS-->GL,AS-->GL,AS-->GL
GD,GRD,Grenada,St. George's,Americas,Caribbean,,GD-->AS,GD-->AS,GD-->AS,GD-->AS,GD-->AS,GD-->AS,GD-->AS,GD-->AS,GD-->AS,GD-->AS,GD-->AS,GD-->AS,GD-->AS,GD-->AS,GD-->AS,GD-->AS,GD-->AS,GD-->AS,GD-->AS,,,,,,,,,,,,,,,,,AS-->GD,AS-->GD,AS-->GD,AS-->GD,AS-->GD,AS-->GD,AS-->GD,AS-->GD,AS-->GD,AS-->GD,AS-->GD,AS-->GD,AS-->GD,AS-->GD,AS-->GD,AS-->GD,AS-->GD,AS-->GD,AS-->GD
GP,GLP,Guadeloupe,Basse-Terre,Americas,Caribbean,,GP-->AS,GP-->AS,GP-->AS,GP-->AS,GP-->AS,GP-->AS,GP-->AS,GP-->AS,GP-->AS,GP-->AS,GP-->AS,GP-->AS,GP-->AS,GP-->AS,GP-->AS,GP-->AS,GP-->AS,GP-->AS,GP-->AS,,,,,,,,,,,,,,,,,AS-->GP,AS-->GP,AS-->GP,AS-->GP,AS-->GP,AS-->GP,AS-->GP,AS-->GP,AS-->GP,AS-->GP,AS-->GP,AS-->GP,AS-->GP,AS-->GP,AS-->GP,AS-->GP,AS-->GP,AS-->GP,AS-->GP
GU,GUM,Guam,Hagåtña,Oceania,Micronesia,,GU-->AS,GU-->AS,GU-->AS,GU-->AS,GU-->AS,GU-->AS,GU-->AS,GU-->AS,GU-->AS,GU-->AS,GU-->AS,GU-->AS,GU-->AS,GU-->AS,GU-->AS,GU-->AS,GU-->AS,GU-->AS,GU-->AS,,,,,,,,,,,,,,,,,AS-->GU,AS-->GU,AS-->GU,AS-->GU,AS-->GU,AS-->GU,AS-->GU,AS-->GU,AS-->GU,AS-->GU,AS-->GU,AS-->GU,AS-->GU,AS-->GU,AS-->GU,AS-->GU,AS-->GU,AS-->GU,AS-->GU
GT,GTM,Guatemala,Guatemala City,Americas,Central America,,GT-->AS,GT-->AS,GT-->AS,GT-->AS,GT-->AS,GT-->AS,GT-->AS,GT-->AS,GT-->AS,GT-->AS,GT-->AS,GT-->AS,GT-->AS,GT-->AS,GT-->AS,GT-->AS,GT-->AS,GT-->AS,GT-->AS,,,,,,,,,,,,,,,,,AS-->GT,AS-->GT,AS-->GT,AS-->GT,AS-->GT,AS-->GT,AS-->GT,AS-->GT,AS-->GT,AS-->GT,AS-->GT,AS-->GT,AS-->GT,AS-->GT,AS-->GT,AS-->GT,AS-->GT,AS-->GT,AS-->GT
GG,GGY,Guernsey,St. Peter Port,Europe,Northern Europe,,GG-->AS,GG-->AS,GG-->AS,GG-->AS,GG-->AS,GG-->AS,GG-->AS,GG-->AS,GG-->AS,GG-->AS,GG-->AS,GG-->AS,GG-->AS,GG-->AS,GG-->AS,GG-->AS,GG-->AS,GG-->AS,GG-->AS,,,,,,,,,,,,,,,,,AS-->GG,AS-->GG,AS-->GG,AS-->GG,AS-->GG,AS-->GG,AS-->GG,AS-->GG,AS-->GG,AS-->GG,AS-->GG,AS-->GG,AS-->GG,AS-->GG,AS-->GG,AS-->GG,AS-->GG,AS-->GG,AS-->GG
GN,GIN,Guinea,Conakry,Africa,Western Africa,,GN-->AS,GN-->AS,GN-->AS,GN-->AS,GN-->AS,GN-->AS,GN-->AS,GN-->AS,GN-->AS,GN-->AS,GN-->AS,GN-->AS,GN-->AS,GN-->AS,GN-->AS,GN-->AS,GN-->AS,GN-->AS,GN-->AS,,,,,,,,,,,,,,,,,AS-->GN,AS-->GN,AS-->GN,AS-->GN,AS-->GN,AS-->GN,AS-->GN,AS-->GN,AS-->GN,AS-->GN,AS-->GN,AS-->GN,AS-->GN,AS-->GN,AS-->GN,AS-->GN,AS-->GN,AS-->GN,AS-->GN
GW,GNB,Guinea-Bissau,Bissau,Africa,Western Africa,,GW-->AS,GW-->AS,GW-->AS,GW-->AS,GW-->AS,GW-->AS,GW-->AS,GW-->AS,GW-->AS,GW-->AS,GW-->AS,GW-->AS,GW-->AS,GW-->AS,GW-->AS,GW-->AS,GW-->AS,GW-->AS,GW-->AS,,,,,,,,,,,,,,,,,AS-->GW,AS-->GW,AS-->GW,AS-->GW,AS-->GW,AS-->GW,AS-->GW,AS-->GW,AS-->GW,AS-->GW,AS-->GW,AS-->GW,AS-->GW,AS-->GW,AS-->GW,AS-->GW,AS-->GW,AS-->GW,AS-->GW
GY,GUY,Guyana,Georgetown,Americas,South America,,GY-->AS,GY-->AS,GY-->AS,GY-->AS,GY-->AS,GY-->AS,GY-->AS,GY-->AS,GY-->AS,GY-->AS,GY-->AS,GY-->AS,GY-->AS,GY-->AS,GY-->AS,GY-->AS,GY-->AS,GY-->AS,GY-->AS,,,,,,,,,,,,,,,,,AS-->GY,AS-->GY,AS-->GY,AS-->GY,AS-->GY,AS-->GY,AS-->GY,AS-->GY,AS-->GY,AS-->GY,AS-->GY,AS-->GY,AS-->GY,AS-->GY,AS-->GY,AS-->GY,AS-->GY,AS-->GY,AS-->GY
HT,HTI,Haiti,Port-au-Prince,Americas,Caribbean,,HT-->AS,HT-->AS,HT-->AS,HT-->AS,HT-->AS,HT-->AS,HT-->AS,HT-->AS,HT-->AS,HT-->AS,HT-->AS,HT-->AS,HT-->AS,HT-->AS,HT-->AS,HT-->AS,HT-->AS,HT-->AS,HT-->AS,,,,,,,,,,,,,,,,,AS-->HT,AS-->HT,AS-->HT,AS-->HT,AS-->HT,AS-->HT,AS-->HT,AS-->HT,AS-->HT,AS-->HT,AS-->HT,AS-->HT,AS-->HT,AS-->HT,AS-->HT,AS-->HT,AS-->HT,AS-->HT,AS-->HT
HM,HMD,Heard Island and McDonald Islands,,,,,HM-->AS,HM-->AS,HM-->AS,HM-->AS,HM-->AS,HM-->AS,HM-->AS,HM-->AS,HM-->AS,HM-->AS,HM-->AS,HM-->AS,HM-->AS,HM-->AS,HM-->AS,HM-->AS,HM-->AS,HM-->AS,HM-->AS,,,,,,,,,,,,,,,,,AS-->HM,AS-->HM,AS-->HM,AS-->HM,AS-->HM,AS-->HM,AS-->HM,AS-->HM,AS-->HM,AS-->HM,AS-->HM,AS-->HM,AS-->HM,AS-->HM,AS-->HM,AS-->HM,AS-->HM,AS-->HM,AS-->HM
VA,VAT,Holy See,Rome,Europe,Southern Europe,,VA-->AS,VA-->AS,VA-->AS,VA-->AS,VA-->AS,VA-->AS,VA-->AS,VA-->AS,VA-->AS,VA-->AS,VA-->AS,VA-->AS,VA-->AS,VA-->AS,VA-->AS,VA-->AS,VA-->AS,VA-->AS,VA-->AS,,,,,,,,,,,,,,,,,AS-->VA,AS-->VA,AS-->VA,AS-->VA,AS-->VA,AS-->VA,AS-->VA,AS-->VA,AS-->VA,AS-->VA,AS-->VA,AS-->VA,AS-->VA,AS-->VA,AS-->VA,AS-->VA,AS-->VA,AS-->VA,AS-->VA
HN,HND,Honduras,Tegucigalpa,Americas,Central America,,HN-->AS,HN-->AS,HN-->AS,HN-->AS,HN-->AS,HN-->AS,HN-->AS,HN-->AS,HN-->AS,HN-->AS,HN-->AS,HN-->AS,HN-->AS,HN-->AS,HN-->AS,HN-->AS,HN-->AS,HN-->AS,HN-->AS,,,,,,,,,,,,,,,,,AS-->HN,AS-->HN,AS-->HN,AS-->HN,AS-->HN,AS-->HN,AS-->HN,AS-->HN,AS-->HN,AS-->HN,AS-->HN,AS-->HN,AS-->HN,AS-->HN,AS-->HN,AS-->HN,AS-->HN,AS-->HN,AS-->HN
HK,HKG,Hong Kong,City of Victoria,Asia,Eastern Asia,,HK-->AS,HK-->AS,HK-->AS,HK-->AS,HK-->AS,HK-->AS,HK-->AS,HK-->AS,HK-->AS,HK-->AS,HK-->AS,HK-->AS,HK-->AS,HK-->AS,HK-->AS,HK-->AS,HK-->AS,HK-->AS,HK-->AS,,,,,,,,,,,,,,,,,AS-->HK,AS-->HK,AS-->HK,AS-->HK,AS-->HK,AS-->HK,AS-->HK,AS-->HK,AS-->HK,AS-->HK,AS-->HK,AS-->HK,AS-->HK,AS-->HK,AS-->HK,AS-->HK,AS-->HK,AS-->HK,AS-->HK
HU,HUN,Hungary,Budapest,Europe,Eastern Europe,,HU-->AS,HU-->AS,HU-->AS,HU-->AS,HU-->AS,HU-->AS,HU-->AS,HU-->AS,HU-->AS,HU-->AS,HU-->AS,HU-->AS,HU-->AS,HU-->AS,HU-->AS,HU-->AS,HU-->AS,HU-->AS,HU-->AS,,,,,,,,,,,,,,,,,AS-->HU,AS-->HU,AS-->HU,AS-->HU,AS-->HU,AS-->HU,AS-->HU,AS-->HU,AS-->HU,AS-->HU,AS-->HU,AS-->HU,AS-->HU,AS-->HU,AS-->HU,AS-->HU,AS-->HU,AS-->HU,AS-->HU
IS,ISL,Iceland,Reykjavík,Europe,Northern Europe,,IS-->AS,IS-->AS,IS-->AS,IS-->AS,IS-->AS,IS-->AS,IS-->AS,IS-->AS,IS-->AS,IS-->AS,IS-->AS,IS-->AS,IS-->AS,IS-->AS,IS-->AS,IS-->AS,IS-->AS,IS-->AS,IS-->AS,,,,,,,,,,,,,,,,,AS-->IS,AS-->IS,AS-->IS,AS-->IS,AS-->IS,AS-->IS,AS-->IS,AS-->IS,AS-->IS,AS-->IS,AS-->IS,AS-->IS,AS-->IS,AS-->IS,AS-->IS,AS-->IS,AS-->IS,AS-->IS,AS-->IS
IN,IND,India,New Delhi,Asia,Southern Asia,,IN-->AS,IN-->AS,IN-->AS,IN-->AS,IN-->AS,IN-->AS,IN-->AS,IN-->AS,IN-->AS,IN-->AS,IN-->AS,IN-->AS,IN-->AS,IN-->AS,IN-->AS,IN-->AS,IN-->AS,IN-->AS,IN-->AS,,,,,,,,,,,,,,,,,AS-->IN,AS-->IN,AS-->IN,AS-->IN,AS-->IN,AS-->IN,AS-->IN,AS-->IN,AS-->IN,AS-->IN,AS-->IN,AS-->IN,AS-->IN,AS-->IN,AS-->IN,AS-->IN,AS-->IN,AS-->IN,AS-->IN
ID,IDN,Indonesia,Jakarta,Asia,South-Eastern Asia,,ID-->AS,ID-->AS,ID-->AS,ID-->AS,ID-->AS,ID-->AS,ID-->AS,ID-->AS,ID-->AS,ID-->AS,ID-->AS,ID-->AS,ID-->AS,ID-->AS,ID-->AS,ID-->AS,ID-->AS,ID-->AS,ID-->AS,,,,,,,,,,,,,,,,,AS-->ID,AS-->ID,AS-->ID,AS-->ID,AS-->ID,AS-->ID,AS-->ID,AS-->ID,AS-->ID,AS-->ID,AS-->ID,AS-->ID,AS-->ID,AS-->ID,AS-->ID,AS-->ID,AS-->ID,AS-->ID,AS-->ID
CI,CIV,Ivory Coast,Yamoussoukro,Africa,Western Africa,,CI-->AS,CI-->AS,CI-->AS,CI-->AS,CI-->AS,CI-->AS,CI-->AS,CI-->AS,CI-->AS,CI-->AS,CI-->AS,CI-->AS,CI-->AS,CI-->AS,CI-->AS,CI-->AS,CI-->AS,CI-->AS,CI-->AS,,,,,,,,,,,,,,,,,AS-->CI,AS-->CI,AS-->CI,AS-->CI,AS-->CI,AS-->CI,AS-->CI,AS-->CI,AS-->CI,AS-->CI,AS-->CI,AS-->CI,AS-->CI,AS-->CI,AS-->CI,AS-->CI,AS-->CI,AS-->CI,AS-->CI
IR,IRN,Iran,Tehran,Asia,Southern Asia,,IR-->AS,IR-->AS,IR-->AS,IR-->AS,IR-->AS,IR-->AS,IR-->AS,IR-->AS,IR-->AS,IR-->AS,IR-->AS,IR-->AS,IR-->AS,IR-->AS,IR-->AS,IR-->AS,IR-->AS,IR-->AS,IR-->AS,,,,,,,,,,,,,,,,,AS-->IR,AS-->IR,AS-->IR,AS-->IR,AS-->IR,AS-->IR,AS-->IR,AS-->IR,AS-->IR,AS-->IR,AS-->IR,AS-->IR,AS-->IR,AS-->IR,AS-->IR,AS-->IR,AS-->IR,AS-->IR,AS-->IR
IQ,IRQ,Iraq,Baghdad,Asia,Western Asia,,IQ-->AS,IQ-->AS,IQ-->AS,IQ-->AS,IQ-->AS,IQ-->AS,IQ-->AS,IQ-->AS,IQ-->AS,IQ-->AS,IQ-->AS,IQ-->AS,IQ-->AS,IQ-->AS,IQ-->AS,IQ-->AS,IQ-->AS,IQ-->AS,IQ-->AS,,,,,,,,,,,,,,,,,AS-->IQ,AS-->IQ,AS-->IQ,AS-->IQ,AS-->IQ,AS-->IQ,AS-->IQ,AS-->IQ,AS-->IQ,AS-->IQ,AS-->IQ,AS-->IQ,AS-->IQ,AS-->IQ,AS-->IQ,AS-->IQ,AS-->IQ,AS-->IQ,AS-->IQ
IE,IRL,Republic of Ireland,Dublin,Europe,Northern Europe,,IE-->AS,IE-->AS,IE-->AS,IE-->AS,IE-->AS,IE-->AS,IE-->AS,IE-->AS,IE-->AS,IE-->AS,IE-->AS,IE-->AS,IE-->AS,IE-->AS,IE-->AS,IE-->AS,IE-->AS,IE-->AS,IE-->AS,,,,,,,,,,,,,,,,,AS-->IE,AS-->IE,AS-->IE,AS-->IE,AS-->IE,AS-->IE,AS-->IE,AS-->IE,AS-->IE,AS-->IE,AS-->IE,AS-->IE,AS-->IE,AS-->IE,AS-->IE,AS-->IE,AS-->IE,AS-->IE,AS-->IE
IM,IMN,Isle of Man,Douglas,Europe,Northern Europe,,IM-->AS,IM-->AS,IM-->AS,IM-->AS,IM-->AS,IM-->AS,IM-->AS,IM-->AS,IM-->AS,IM-->AS,IM-->AS,IM-->AS,IM-->AS,IM-->AS,IM-->AS,IM-->AS,IM-->AS,IM-->AS,IM-->AS,,,,,,,,,,,,,,,,,AS-->IM,AS-->IM,AS-->IM,AS-->IM,AS-->IM,AS-->IM,AS-->IM,AS-->IM,AS-->IM,AS-->IM,AS-->IM,AS-->IM,AS-->IM,AS-->IM,AS-->IM,AS-->IM,AS-->IM,AS-->IM,AS-->IM
IL,ISR,Israel,Jerusalem,Asia,Western Asia,,IL-->AS,IL-->AS,IL-->AS,IL-->AS,IL-->AS,IL-->AS,IL-->AS,IL-->AS,IL-->AS,IL-->AS,IL-->AS,IL-->AS,IL-->AS,IL-->AS,IL-->AS,IL-->AS,IL-->AS,IL-->AS,IL-->AS,,,,,,,,,,,,,,,,,AS-->IL,AS-->IL,AS-->IL,AS-->IL,AS-->IL,AS-->IL,AS-->IL,AS-->IL,AS-->IL,AS-->IL,AS-->IL,AS-->IL,AS-->IL,AS-->IL,AS-->IL,AS-->IL,AS-->IL,AS-->IL,AS-->IL
IT,ITA,Italy,Rome,Europe,Southern Europe,,IT-->AS,IT-->AS,IT-->AS,IT-->AS,IT-->AS,IT-->AS,IT-->AS,IT-->AS,IT-->AS,IT-->AS,IT-->AS,IT-->AS,IT-->AS,IT-->AS,IT-->AS,IT-->AS,IT-->AS,IT-->AS,IT-->AS,,,,,,,,,,,,,,,,,AS-->IT,AS-->IT,AS-->IT,AS-->IT,AS-->IT,AS-->IT,AS-->IT,AS-->IT,AS-->IT,AS-->IT,AS-->IT,AS-->IT,AS-->IT,AS-->IT,AS-->IT,AS-->IT,AS-->IT,AS-->IT,AS-->IT
JM,JAM,Jamaica,Kingston,Americas,Caribbean,,JM-->AS,JM-->AS,JM-->AS,JM-->AS,JM-->AS,JM-->AS,JM-->AS,JM-->AS,JM-->AS,JM-->AS,JM-->AS,JM-->AS,JM-->AS,JM-->AS,JM-->AS,JM-->AS,JM-->AS,JM-->AS,JM-->AS,,,,,,,,,,,,,,,,,AS-->JM,AS-->JM,AS-->JM,AS-->JM,AS-->JM,AS-->JM,AS-->JM,AS-->JM,AS-->JM,AS-->JM,AS-->JM,AS-->JM,AS-->JM,AS-->JM,AS-->JM,AS-->JM,AS-->JM,AS-->JM,AS-->JM
JP,JPN,Japan,Tokyo,Asia,Eastern Asia,,JP-->AS,JP-->AS,JP-->AS,JP-->AS,JP-->AS,JP-->AS,JP-->AS,JP-->AS,JP-->AS,JP-->AS,JP-->AS,JP-->AS,JP-->AS,JP-->AS,JP-->AS,JP-->AS,JP-->AS,JP-->AS,JP-->AS,,,,,,,,,,,,,,,,,AS-->JP,AS-->JP,AS-->JP,AS-->JP,AS-->JP,AS-->JP,AS-->JP,AS-->JP,AS-->JP,AS-->JP,AS-->JP,AS-->JP,AS-->JP,AS-->JP,AS-->JP,AS-->JP,AS-->JP,AS-->JP,AS-->JP
JE,JEY,Jersey,Saint Helier,Europe,Northern Europe,,JE-->AS,JE-->AS,JE-->AS,JE-->AS,JE-->AS,JE-->AS,JE-->AS,JE-->AS,JE-->AS,JE-->AS,JE-->AS,JE-->AS,JE-->AS,JE-->AS,JE-->AS,JE-->AS,JE-->AS,JE-->AS,JE-->AS,,,,,,,,,,,,,,,,,AS-->JE,AS-->JE,AS-->JE,AS-->JE,AS-->JE,AS-->JE,AS-->JE,AS-->JE,AS-->JE,AS-->JE,AS-->JE,AS-->JE,AS-->JE,AS-->JE,AS-->JE,AS-->JE,AS-->JE,AS-->JE,AS-->JE
JO,JOR,Jordan,Amman,Asia,Western Asia,,JO-->AS,JO-->AS,JO-->AS,JO-->AS,JO-->AS,JO-->AS,JO-->AS,JO-->AS,JO-->AS,JO-->AS,JO-->AS,JO-->AS,JO-->AS,JO-->AS,JO-->AS,JO-->AS,JO-->AS,JO-->AS,JO-->AS,,,,,,,,,,,,,,,,,AS-->JO,AS-->JO,AS-->JO,AS-->JO,AS-->JO,AS-->JO,AS-->JO,AS-->JO,AS-->JO,AS-->JO,AS-->JO,AS-->JO,AS-->JO,AS-->JO,AS-->JO,AS-->JO,AS-->JO,AS-->JO,AS-->JO
KZ,KAZ,Kazakhstan,Astana,Asia,Central Asia,,KZ-->AS,KZ-->AS,KZ-->AS,KZ-->AS,KZ-->AS,KZ-->AS,KZ-->AS,KZ-->AS,KZ-->AS,KZ-->AS,KZ-->AS,KZ-->AS,KZ-->AS,KZ-->AS,KZ-->AS,KZ-->AS,KZ-->AS,KZ-->AS,KZ-->AS,,,,,,,,,,,,,,,,,AS-->KZ,AS-->KZ,AS-->KZ,AS-->KZ,AS-->KZ,AS-->KZ,AS-->KZ,AS-->KZ,AS-->KZ,AS-->KZ,AS-->KZ,AS-->KZ,AS-->KZ,AS-->KZ,AS-->KZ,AS-->KZ,AS-->KZ,AS-->KZ,AS-->KZ
KE,KEN,Kenya,Nairobi,Africa,Eastern Africa,,KE-->AS,KE-->AS,KE-->AS,KE-->AS,KE-->AS,KE-->AS,KE-->AS,KE-->AS,KE-->AS,KE-->AS,KE-->AS,KE-->AS,KE-->AS,KE-->AS,KE-->AS,KE-->AS,KE-->AS,KE-->AS,KE-->AS,,,,,,,,,,,,,,,,,AS-->KE,AS-->KE,AS-->KE,AS-->KE,AS-->KE,AS-->KE,AS-->KE,AS-->KE,AS-->KE,AS-->KE,AS-->KE,AS-->KE,AS-->KE,AS-->KE,AS-->KE,AS-->KE,AS-->KE,AS-->KE,AS-->KE
KI,KIR,Kiribati,South Tarawa,Oceania,Micronesia,,KI-->AS,KI-->AS,KI-->AS,KI-->AS,KI-->AS,KI-->AS,KI-->AS,KI-->AS,KI-->AS,KI-->AS,KI-->AS,KI-->AS,KI-->AS,KI-->AS,KI-->AS,KI-->AS,KI-->AS,KI-->AS,KI-->AS,,,,,,,,,,,,,,,,,AS-->KI,AS-->KI,AS-->KI,AS-->KI,AS-->KI,AS-->KI,AS-->KI,AS-->KI,AS-->KI,AS-->KI,AS-->KI,AS-->KI,AS-->KI,AS-->KI,AS-->KI,AS-->KI,AS-->KI,AS-->KI,AS-->KI
KW,KWT,Kuwait,Kuwait City,Asia,Western Asia,,KW-->AS,KW-->AS,KW-->AS,KW-->AS,KW-->AS,KW-->AS,KW-->AS,KW-->AS,KW-->AS,KW-->AS,KW-->AS,KW-->AS,KW-->AS,KW-->AS,KW-->AS,KW-->AS,KW-->AS,KW-->AS,KW-->AS,,,,,,,,,,,,,,,,,AS-->KW,AS-->KW,AS-->KW,AS-->KW,AS-->KW,AS-->KW,AS-->KW,AS-->KW,AS-->KW,AS-->KW,AS-->KW,AS-->KW,AS-->KW,AS-->KW,AS-->KW,AS-->KW,AS-->KW,AS-->KW,AS-->KW
KG,KGZ,Kyrgyzstan,Bishkek,Asia,Central Asia,,KG-->AS,KG-->AS,KG-->AS,KG-->AS,KG-->AS,KG-->AS,KG-->AS,KG-->AS,KG-->AS,KG-->AS,KG-->AS,KG-->AS,KG-->AS,KG-->AS,KG-->AS,KG-->AS,KG-->AS,KG-->AS,KG-->AS,,,,,,,,,,,,,,,,,AS-->KG,AS-->KG,AS-->KG,AS-->KG,AS-->KG,AS-->KG,AS-->KG,AS-->KG,AS-->KG,AS-->KG,AS-->KG,AS-->KG,AS-->KG,AS-->KG,AS-->KG,AS-->KG,AS-->KG,AS-->KG,AS-->KG
LA,LAO,Laos,Vientiane,Asia,South-Eastern Asia,,LA-->AS,LA-->AS,LA-->AS,LA-->AS,LA-->AS,LA-->AS,LA-->AS,LA-->AS,LA-->AS,LA-->AS,LA-->AS,LA-->AS,LA-->AS,LA-->AS,LA-->AS,LA-->AS,LA-->AS,LA-->AS,LA-->AS,,,,,,,,,,,,,,,,,AS-->LA,AS-->LA,AS-->LA,AS-->LA,AS-->LA,AS-->LA,AS-->LA,AS-->LA,AS-->LA,AS-->LA,AS-->LA,AS-->LA,AS-->LA,AS-->LA,AS-->LA,AS-->LA,AS-->LA,AS-->LA,AS-->LA
LV,LVA,Latvia,Riga,Europe,Northern Europe,,LV-->AS,LV-->AS,LV-->AS,LV-->AS,LV-->AS,LV-->AS,LV-->AS,LV-->AS,LV-->AS,LV-->AS,LV-->AS,LV-->AS,LV-->AS,LV-->AS,LV-->AS,LV-->AS,LV-->AS,LV-->AS,LV-->AS,,,,,,,,,,,,,,,,,AS-->LV,AS-->LV,AS-->LV,AS-->LV,AS-->LV,AS-->LV,AS-->LV,AS-->LV,AS-->LV,AS-->LV,AS-->LV,AS-->LV,AS-->LV,AS-->LV,AS-->LV,AS-->LV,AS-->LV,AS-->LV,AS-->LV
LB,LBN,Lebanon,Beirut,Asia,Western Asia,,LB-->AS,LB-->AS,LB-->AS,LB-->AS,LB-->AS,LB-->AS,LB-->AS,LB-->AS,LB-->AS,LB-->AS,LB-->AS,LB-->AS,LB-->AS,LB-->AS,LB-->AS,LB-->AS,LB-->AS,LB-->AS,LB-->AS,,,,,,,,,,,,,,,,,AS-->LB,AS-->LB,AS-->LB,AS-->LB,AS-->LB,AS-->LB,AS-->LB,AS-->LB,AS-->LB,AS-->LB,AS-->LB,AS-->LB,AS-->LB,AS-->LB,AS-->LB,AS-->LB,AS-->LB,AS-->LB,AS-->LB
LS,LSO,Lesotho,Maseru,Africa,Southern Africa,,LS-->AS,LS-->AS,LS-->AS,LS-->AS,LS-->AS,LS-->AS,LS-->AS,LS-->AS,LS-->AS,LS-->AS,LS-->AS,LS-->AS,LS-->AS,LS-->AS,LS-->AS,LS-->AS,LS-->AS,LS-->AS,LS-->AS,,,,,,,,,,,,,,,,,AS-->LS,AS-->LS,AS-->LS,AS-->LS,AS-->LS,AS-->LS,AS-->LS,AS-->LS,AS-->LS,AS-->LS,AS-->LS,AS-->LS,AS-->LS,AS-->LS,AS-->LS,AS-->LS,AS-->LS,AS-->LS,AS-->LS
LR,LBR,Liberia,Monrovia,Africa,Western Africa,,LR-->AS,LR-->AS,LR-->AS,LR-->AS,LR-->AS,LR-->AS,LR-->AS,LR-->AS,LR-->AS,LR-->AS,LR-->AS,LR-->AS,LR-->AS,LR-->AS,LR-->AS,LR-->AS,LR-->AS,LR-->AS,LR-->AS,,,,,,,,,,,,,,,,,AS-->LR,AS-->LR,AS-->LR,AS-->LR,AS-->LR,AS-->LR,AS-->LR,AS-->LR,AS-->LR,AS-->LR,AS-->LR,AS-->LR,AS-->LR,AS-->LR,AS-->LR,AS-->LR,AS-->LR,AS-->LR,AS-->LR
LY,LBY,Libya,Tripoli,Africa,Northern Africa,,LY-->AS,LY-->AS,LY-->AS,LY-->AS,LY-->AS,LY-->AS,LY-->AS,LY-->AS,LY-->AS,LY-->AS,LY-->AS,LY-->AS,LY-->AS,LY-->AS,LY-->AS,LY-->AS,LY-->AS,LY-->AS,LY-->AS,,,,,,,,,,,,,,,,,AS-->LY,AS-->LY,AS-->LY,AS-->LY,AS-->LY,AS-->LY,AS-->LY,AS-->LY,AS-->LY,AS-->LY,AS-->LY,AS-->LY,AS-->LY,AS-->LY,AS-->LY,AS-->LY,AS-->LY,AS-->LY,AS-->LY
LI,LIE,Liechtenstein,Vaduz,Europe,Western Europe,,LI-->AS,LI-->AS,LI-->AS,LI-->AS,LI-->AS,LI-->AS,LI-->AS,LI-->AS,LI-->AS,LI-->AS,LI-->AS,LI-->AS,LI-->AS,LI-->AS,LI-->AS,LI-->AS,LI-->AS,LI-->AS,LI-->AS,,,,,,,,,,,,,,,,,AS-->LI,AS-->LI,AS-->LI,AS-->LI,AS-->LI,AS-->LI,AS-->LI,AS-->LI,AS-->LI,AS-->LI,AS-->LI,AS-->LI,AS-->LI,AS-->LI,AS-->LI,AS-->LI,AS-->LI,AS-->LI,AS-->LI
LT,LTU,Lithuania,Vilnius,Europe,Northern Europe,,LT-->AS,LT-->AS,LT-->AS,LT-->AS,LT-->AS,LT-->AS,LT-->AS,LT-->AS,LT-->AS,LT-->AS,LT-->AS,LT-->AS,LT-->AS,LT-->AS,LT-->AS,LT-->AS,LT-->AS,LT-->AS,LT-->AS,,,,,,,,,,,,,,,,,AS-->LT,AS-->LT,AS-->LT,AS-->LT,AS-->LT,AS-->LT,AS-->LT,AS-->LT,AS-->LT,AS-->LT,AS-->LT,AS-->LT,AS-->LT,AS-->LT,AS-->LT,AS-->LT,AS-->LT,AS-->LT,AS-->LT
LU,LUX,Luxembourg,Luxembourg,Europe,Western Europe,,LU-->AS,LU-->AS,LU-->AS,LU-->AS,LU-->AS,LU-->AS,LU-->AS,LU-->AS,LU-->AS,LU-->AS,LU-->AS,LU-->AS,LU-->AS,LU-->AS,LU-->AS,LU-->AS,LU-->AS,LU-->AS,LU-->AS,,,,,,,,,,,,,,,,,AS-->LU,AS-->LU,AS-->LU,AS-->LU,AS-->LU,AS-->LU,AS-->LU,AS-->LU,AS-->LU,AS-->LU,AS-->LU,AS-->LU,AS-->LU,AS-->LU,AS-->LU,AS-->LU,AS-->LU,AS-->LU,AS-->LU
MO,MAC,Macau,,Asia,Eastern Asia,,MO-->AS,MO-->AS,MO-->AS,MO-->AS,MO-->AS,MO-->AS,MO-->AS,MO-->AS,MO-->AS,MO-->AS,MO-->AS,MO-->AS,MO-->AS,MO-->AS,MO-->AS,MO-->AS,MO-->AS,MO-->AS,MO-->AS,,,,,,,,,,,,,,,,,AS-->MO,AS-->MO,AS-->MO,AS-->MO,AS-->MO,AS-->MO,AS-->MO,AS-->MO,AS-->MO,AS-->MO,AS-->MO,AS-->MO,AS-->MO,AS-->MO,AS-->MO,AS-->MO,AS-->MO,AS-->MO,AS-->MO
MK,MKD,Republic of Macedonia,Skopje,Europe,Southern Europe,,MK-->AS,MK-->AS,MK-->AS,MK-->AS,MK-->AS,MK-->AS,MK-->AS,MK-->AS,MK-->AS,MK-->AS,MK-->AS,MK-->AS,MK-->AS,MK-->AS,MK-->AS,MK-->AS,MK-->AS,MK-->AS,MK-->AS,,,,,,,,,,,,,,,,,AS-->MK,AS-->MK,AS-->MK,AS-->MK,AS-->MK,AS-->MK,AS-->MK,AS-->MK,AS-->MK,AS-->MK,AS-->MK,AS-->MK,AS-->MK,AS-->MK,AS-->MK,AS-->MK,AS-->MK,AS-->MK,AS-->MK
MG,MDG,Madagascar,Antananarivo,Africa,Eastern Africa,,MG-->AS,MG-->AS,MG-->AS,MG-->AS,MG-->AS,MG-->AS,MG-->AS,MG-->AS,MG-->AS,MG-->AS,MG-->AS,MG-->AS,MG-->AS,MG-->AS,MG-->AS,MG-->AS,MG-->AS,MG-->AS,MG-->AS,,,,,,,,,,,,,,,,,AS-->MG,AS-->MG,AS-->MG,AS-->MG,AS-->MG,AS-->MG,AS-->MG,AS-->MG,AS-->MG,AS-->MG,AS-->MG,AS-->MG,AS-->MG,AS-->MG,AS-->MG,AS-->MG,AS-->MG,AS-->MG,AS-->MG
MW,MWI,Malawi,Lilongwe,Africa,Eastern Africa,,MW-->AS,MW-->AS,MW-->AS,MW-->AS,MW-->AS,MW-->AS,MW-->AS,MW-->AS,MW-->AS,MW-->AS,MW-->AS,MW-->AS,MW-->AS,MW-->AS,MW-->AS,MW-->AS,MW-->AS,MW-->AS,MW-->AS,,,,,,,,,,,,,,,,,AS-->MW,AS-->MW,AS-->MW,AS-->MW,AS-->MW,AS-->MW,AS-->MW,AS-->MW,AS-->MW,AS-->MW,AS-->MW,AS-->MW,AS-->MW,AS-->MW,AS-->MW,AS-->MW,AS-->MW,AS-->MW,AS-->MW
MY,MYS,Malaysia,Kuala Lumpur,Asia,South-Eastern Asia,,MY-->AS,MY-->AS,MY-->AS,MY-->AS,MY-->AS,MY-->AS,MY-->AS,MY-->AS,MY-->AS,MY-->AS,MY-->AS,MY-->AS,MY-->AS,MY-->AS,MY-->AS,MY-->AS,MY-->AS,MY-->AS,MY-->AS,,,,,,,,,,,,,,,,,AS-->MY,AS-->MY,AS-->MY,AS-->MY,AS-->MY,AS-->MY,AS-->MY,AS-->MY,AS-->MY,AS-->MY,AS-->MY,AS-->MY,AS-->MY,AS-->MY,AS-->MY,AS-->MY,AS-->MY,AS-->MY,AS-->MY
MV,MDV,Maldives,Malé,Asia,Southern Asia,,MV-->AS,MV-->AS,MV-->AS,MV-->AS,MV-->AS,MV-->AS,MV-->AS,MV-->AS,MV-->AS,MV-->AS,MV-->AS,MV-->AS,MV-->AS,MV-->AS,MV-->AS,MV-->AS,MV-->AS,MV-->AS,MV-->AS,,,,,,,,,,,,,,,,,AS-->MV,AS-->MV,AS-->MV,AS-->MV,AS-->MV,AS-->MV,AS-->MV,AS-->MV,AS-->MV,AS-->MV,AS-->MV,AS-->MV,AS-->MV,AS-->MV,AS-->MV,AS-->MV,AS-->MV,AS-->MV,AS-->MV
ML,MLI,Mali,Bamako,Africa,Western Africa,,ML-->AS,ML-->AS,ML-->AS,ML-->AS,ML-->AS,ML-->AS,ML-->AS,ML-->AS,ML-->AS,ML-->AS,ML-->AS,ML-->AS,ML-->AS,ML-->AS,ML-->AS,ML-->AS,ML-->AS,ML-->AS,ML-->AS,,,,,,,,,,,,,,,,,AS-->ML,AS-->ML,AS-->ML,AS-->ML,AS-->ML,AS-->ML,AS-->ML,AS-->ML,AS-->ML,AS-->ML,AS-->ML,AS-->ML,AS-->ML,AS-->ML,AS-->ML,AS-->ML,AS-->ML,AS-->ML,AS-->ML
MT,MLT,Malta,Valletta,Europe,Southern Europe,,MT-->AS,MT-->AS,MT-->AS,MT-->AS,MT-->AS,MT-->AS,MT-->AS,MT-->AS,MT-->AS,MT-->AS,MT-->AS,MT-->AS,MT-->AS,MT-->AS,MT-->AS,MT-->AS,MT-->AS,MT-->AS,MT-->AS,,,,,,,,,,,,,,,,,AS-->MT,AS-->MT,AS-->MT,AS-->MT,AS-->MT,AS-->MT,AS-->MT,AS-->MT,AS-->MT,AS-->MT,AS-->MT,AS-->MT,AS-->MT,AS-->MT,AS-->MT,AS-->MT,AS-->MT,AS-->MT,AS-->MT
MH,MHL,Marshall Islands,Majuro,Oceania,Micronesia,,MH-->AS,MH-->AS,MH-->AS,MH-->AS,MH-->AS,MH-->AS,MH-->AS,MH-->AS,MH-->AS,MH-->AS,MH-->AS,MH-->AS,MH-->AS,MH-->AS,MH-->AS,MH-->AS,MH-->AS,MH-->AS,MH-->AS,,,,,,,,,,,,,,,,,AS-->MH,AS-->MH,AS-->MH,AS-->MH,AS-->MH,AS-->MH,AS-->MH,AS-->MH,AS-->MH,AS-->MH,AS-->MH,AS-->MH,AS-->MH,AS-->MH,AS-->MH,AS-->MH,AS-->MH,AS-->MH,AS-->MH
MQ,MTQ,Martinique,Fort-de-France,Americas,Caribbean,,MQ-->AS,MQ-->AS,MQ-->AS,MQ-->AS,MQ-->AS,MQ-->AS,MQ-->AS,MQ-->AS,MQ-->AS,MQ-->AS,MQ-->AS,MQ-->AS,MQ-->AS,MQ-->AS,MQ-->AS,MQ-->AS,MQ-->AS,MQ-->AS,MQ-->AS,,,,,,,,,,,,,,,,,AS-->MQ,AS-->MQ,AS-->MQ,AS-->MQ,AS-->MQ,AS-->MQ,AS-->MQ,AS-->MQ,AS-->MQ,AS-->MQ,AS-->MQ,AS-->MQ,AS-->MQ,AS-->MQ,AS-->MQ,AS-->MQ,AS-->MQ,AS-->MQ,AS-->MQ
MR,MRT,Mauritania,Nouakchott,Africa,Western Africa,,MR-->AS,MR-->AS,MR-->AS,MR-->AS,MR-->AS,MR-->AS,MR-->AS,MR-->AS,MR-->AS,MR-->AS,MR-->AS,MR-->AS,MR-->AS,MR-->AS,MR-->AS,MR-->AS,MR-->AS,MR-->AS,MR-->AS,0.0,,,,,,,,,,,,,,,,AS-->MR,AS-->MR,AS-->MR,AS-->MR,AS-->MR,AS-->MR,AS-->MR,AS-->MR,AS-->MR,AS-->MR,AS-->MR,AS-->MR,AS-->MR,AS-->MR,AS-->MR,AS-->MR,AS-->MR,AS-->MR,AS-->MR
MU,MUS,Mauritius,Port Louis,Africa,Eastern Africa,,MU-->AS,MU-->AS,MU-->AS,MU-->AS,MU-->AS,MU-->AS,MU-->AS,MU-->AS,MU-->AS,MU-->AS,MU-->AS,MU-->AS,MU-->AS,MU-->AS,MU-->AS,MU-->AS,MU-->AS,MU-->AS,MU-->AS,,,,,,,,,,,,,,,,,AS-->MU,AS-->MU,AS-->MU,AS-->MU,AS-->MU,AS-->MU,AS-->MU,AS-->MU,AS-->MU,AS-->MU,AS-->MU,AS-->MU,AS-->MU,AS-->MU,AS-->MU,AS-->MU,AS-->MU,AS-->MU,AS-->MU
YT,MYT,Mayotte,Mamoudzou,Africa,Eastern Africa,,YT-->AS,YT-->AS,YT-->AS,YT-->AS,YT-->AS,YT-->AS,YT-->AS,YT-->AS,YT-->AS,YT-->AS,YT-->AS,YT-->AS,YT-->AS,YT-->AS,YT-->AS,YT-->AS,YT-->AS,YT-->AS,YT-->AS,,,,,,,,,,,,,,,,,AS-->YT,AS-->YT,AS-->YT,AS-->YT,AS-->YT,AS-->YT,AS-->YT,AS-->YT,AS-->YT,AS-->YT,AS-->YT,AS-->YT,AS-->YT,AS-->YT,AS-->YT,AS-->YT,AS-->YT,AS-->YT,AS-->YT
MX,MEX,Mexico,Mexico City,Americas,Central America,,MX-->AS,MX-->AS,MX-->AS,MX-->AS,MX-->AS,MX-->AS,MX-->AS,MX-->AS,MX-->AS,MX-->AS,MX-->AS,MX-->AS,MX-->AS,MX-->AS,MX-->AS,MX-->AS,MX-->AS,MX-->AS,MX-->AS,,,,,,,,,,,,,,,,,AS-->MX,AS-->MX,AS-->MX,AS-->MX,AS-->MX,AS-->MX,AS-->MX,AS-->MX,AS-->MX,AS-->MX,AS-->MX,AS-->MX,AS-->MX,AS-->MX,AS-->MX,AS-->MX,AS-->MX,AS-->MX,AS-->MX
FM,FSM,Federated States of Micronesia,Palikir,Oceania,Micronesia,,FM-->AS,FM-->AS,FM-->AS,FM-->AS,FM-->AS,FM-->AS,FM-->AS,FM-->AS,FM-->AS,FM-->AS,FM-->AS,FM-->AS,FM-->AS,FM-->AS,FM-->AS,FM-->AS,FM-->AS,FM-->AS,FM-->AS,,,,,,,,,,,,,,,,,AS-->FM,AS-->FM,AS-->FM,AS-->FM,AS-->FM,AS-->FM,AS-->FM,AS-->FM,AS-->FM,AS-->FM,AS-->FM,AS-->FM,AS-->FM,AS-->FM,AS-->FM,AS-->FM,AS-->FM,AS-->FM,AS-->FM
MD,MDA,Moldova,Chișinău,Europe,Eastern Europe,,MD-->AS,MD-->AS,MD-->AS,MD-->AS,MD-->AS,MD-->AS,MD-->AS,MD-->AS,MD-->AS,MD-->AS,MD-->AS,MD-->AS,MD-->AS,MD-->AS,MD-->AS,MD-->AS,MD-->AS,MD-->AS,MD-->AS,,,,,,,,,,,,,,,,,AS-->MD,AS-->MD,AS-->MD,AS-->MD,AS-->MD,AS-->MD,AS-->MD,AS-->MD,AS-->MD,AS-->MD,AS-->MD,AS-->MD,AS-->MD,AS-->MD,AS-->MD,AS-->MD,AS-->MD,AS-->MD,AS-->MD
MC,MCO,Monaco,Monaco,Europe,Western Europe,,MC-->AS,MC-->AS,MC-->AS,MC-->AS,MC-->AS,MC-->AS,MC-->AS,MC-->AS,MC-->AS,MC-->AS,MC-->AS,MC-->AS,MC-->AS,MC-->AS,MC-->AS,MC-->AS,MC-->AS,MC-->AS,MC-->AS,,,,,,,,,,,,,,,,,AS-->MC,AS-->MC,AS-->MC,AS-->MC,AS-->MC,AS-->MC,AS-->MC,AS-->MC,AS-->MC,AS-->MC,AS-->MC,AS-->MC,AS-->MC,AS-->MC,AS-->MC,AS-->MC,AS-->MC,AS-->MC,AS-->MC
MN,MNG,Mongolia,Ulan Bator,Asia,Eastern Asia,,MN-->AS,MN-->AS,MN-->AS,MN-->AS,MN-->AS,MN-->AS,MN-->AS,MN-->AS,MN-->AS,MN-->AS,MN-->AS,MN-->AS,MN-->AS,MN-->AS,MN-->AS,MN-->AS,MN-->AS,MN-->AS,MN-->AS,,,,,,,,,,,,,,,,,AS-->MN,AS-->MN,AS-->MN,AS-->MN,AS-->MN,AS-->MN,AS-->MN,AS-->MN,AS-->MN,AS-->MN,AS-->MN,AS-->MN,AS-->MN,AS-->MN,AS-->MN,AS-->MN,AS-->MN,AS-->MN,AS-->MN
ME,MNE,Montenegro,Podgorica,Europe,Southern Europe,,ME-->AS,ME-->AS,ME-->AS,ME-->AS,ME-->AS,ME-->AS,ME-->AS,ME-->AS,ME-->AS,ME-->AS,ME-->AS,ME-->AS,ME-->AS,ME-->AS,ME-->AS,ME-->AS,ME-->AS,ME-->AS,ME-->AS,,,,,,,,,,,,,,,,,AS-->ME,AS-->ME,AS-->ME,AS-->ME,AS-->ME,AS-->ME,AS-->ME,AS-->ME,AS-->ME,AS-->ME,AS-->ME,AS-->ME,AS-->ME,AS-->ME,AS-->ME,AS-->ME,AS-->ME,AS-->ME,AS-->ME
MS,MSR,Montserrat,Plymouth,Americas,Caribbean,,MS-->AS,MS-->AS,MS-->AS,MS-->AS,MS-->AS,MS-->AS,MS-->AS,MS-->AS,MS-->AS,MS-->AS,MS-->AS,MS-->AS,MS-->AS,MS-->AS,MS-->AS,MS-->AS,MS-->AS,MS-->AS,MS-->AS,,,,,,,,,,,,,,,,,AS-->MS,AS-->MS,AS-->MS,AS-->MS,AS-->MS,AS-->MS,AS-->MS,AS-->MS,AS-->MS,AS-->MS,AS-->MS,AS-->MS,AS-->MS,AS-->MS,AS-->MS,AS-->MS,AS-->MS,AS-->MS,AS-->MS
MA,MAR,Morocco,Rabat,Africa,Northern Africa,,MA-->AS,MA-->AS,MA-->AS,MA-->AS,MA-->AS,MA-->AS,MA-->AS,MA-->AS,MA-->AS,MA-->AS,MA-->AS,MA-->AS,MA-->AS,MA-->AS,MA-->AS,MA-->AS,MA-->AS,MA-->AS,MA-->AS,,,,,,,,,,,,,,,,,AS-->MA,AS-->MA,AS-->MA,AS-->MA,AS-->MA,AS-->MA,AS-->MA,AS-->MA,AS-->MA,AS-->MA,AS-->MA,AS-->MA,AS-->MA,AS-->MA,AS-->MA,AS-->MA,AS-->MA,AS-->MA,AS-->MA
MZ,MOZ,Mozambique,Maputo,Africa,Eastern Africa,,MZ-->AS,MZ-->AS,MZ-->AS,MZ-->AS,MZ-->AS,MZ-->AS,MZ-->AS,MZ-->AS,MZ-->AS,MZ-->AS,MZ-->AS,MZ-->AS,MZ-->AS,MZ-->AS,MZ-->AS,MZ-->AS,MZ-->AS,MZ-->AS,MZ-->AS,,,,,,,,,,,,,,,,,AS-->MZ,AS-->MZ,AS-->MZ,AS-->MZ,AS-->MZ,AS-->MZ,AS-->MZ,AS-->MZ,AS-->MZ,AS-->MZ,AS-->MZ,AS-->MZ,AS-->MZ,AS-->MZ,AS-->MZ,AS-->MZ,AS-->MZ,AS-->MZ,AS-->MZ
MM,MMR,Myanmar,Naypyidaw,Asia,South-Eastern Asia,,MM-->AS,MM-->AS,MM-->AS,MM-->AS,MM-->AS,MM-->AS,MM-->AS,MM-->AS,MM-->AS,MM-->AS,MM-->AS,MM-->AS,MM-->AS,MM-->AS,MM-->AS,MM-->AS,MM-->AS,MM-->AS,MM-->AS,,,,,,,,,,,,,,,,,AS-->MM,AS-->MM,AS-->MM,AS-->MM,AS-->MM,AS-->MM,AS-->MM,AS-->MM,AS-->MM,AS-->MM,AS-->MM,AS-->MM,AS-->MM,AS-->MM,AS-->MM,AS-->MM,AS-->MM,AS-->MM,AS-->MM
,NAM,Namibia,Windhoek,Africa,Southern Africa,,NA-->AS,NA-->AS,NA-->AS,NA-->AS,NA-->AS,NA-->AS,NA-->AS,NA-->AS,NA-->AS,NA-->AS,NA-->AS,NA-->AS,NA-->AS,NA-->AS,NA-->AS,NA-->AS,NA-->AS,NA-->AS,NA-->AS,,,,,,,,,,,,,,,,,AS-->NA,AS-->NA,AS-->NA,AS-->NA,AS-->NA,AS-->NA,AS-->NA,AS-->NA,AS-->NA,AS-->NA,AS-->NA,AS-->NA,AS-->NA,AS-->NA,AS-->NA,AS-->NA,AS-->NA,AS-->NA,AS-->NA
NR,NRU,Nauru,Yaren,Oceania,Micronesia,,NR-->AS,NR-->AS,NR-->AS,NR-->AS,NR-->AS,NR-->AS,NR-->AS,NR-->AS,NR-->AS,NR-->AS,NR-->AS,NR-->AS,NR-->AS,NR-->AS,NR-->AS,NR-->AS,NR-->AS,NR-->AS,NR-->AS,,,,,,,,,,,,,,,,,AS-->NR,AS-->NR,AS-->NR,AS-->NR,AS-->NR,AS-->NR,AS-->NR,AS-->NR,AS-->NR,AS-->NR,AS-->NR,AS-->NR,AS-->NR,AS-->NR,AS-->NR,AS-->NR,AS-->NR,AS-->NR,AS-->NR
NP,NPL,Nepal,Kathmandu,Asia,Southern Asia,,NP-->AS,NP-->AS,NP-->AS,NP-->AS,NP-->AS,NP-->AS,NP-->AS,NP-->AS,NP-->AS,NP-->AS,NP-->AS,NP-->AS,NP-->AS,NP-->AS,NP-->AS,NP-->AS,NP-->AS,NP-->AS,NP-->AS,,,,,,,,,,,,,,,,,AS-->NP,AS-->NP,AS-->NP,AS-->NP,AS-->NP,AS-->NP,AS-->NP,AS-->NP,AS-->NP,AS-->NP,AS-->NP,AS-->NP,AS-->NP,AS-->NP,AS-->NP,AS-->NP,AS-->NP,AS-->NP,AS-->NP
NL,NLD,Netherlands,Amsterdam,Europe,Western Europe,,NL-->AS,NL-->AS,NL-->AS,NL-->AS,NL-->AS,NL-->AS,NL-->AS,NL-->AS,NL-->AS,NL-->AS,NL-->AS,NL-->AS,NL-->AS,NL-->AS,NL-->AS,NL-->AS,NL-->AS,NL-->AS,NL-->AS,,,,,,,,,,,,,,,,,AS-->NL,AS-->NL,AS-->NL,AS-->NL,AS-->NL,AS-->NL,AS-->NL,AS-->NL,AS-->NL,AS-->NL,AS-->NL,AS-->NL,AS-->NL,AS-->NL,AS-->NL,AS-->NL,AS-->NL,AS-->NL,AS-->NL
NC,NCL,New Caledonia,Nouméa,Oceania,Melanesia,,NC-->AS,NC-->AS,NC-->AS,NC-->AS,NC-->AS,NC-->AS,NC-->AS,NC-->AS,NC-->AS,NC-->AS,NC-->AS,NC-->AS,NC-->AS,NC-->AS,NC-->AS,NC-->AS,NC-->AS,NC-->AS,NC-->AS,,,,,,,,,,,,,,,,,AS-->NC,AS-->NC,AS-->NC,AS-->NC,AS-->NC,AS-->NC,AS-->NC,AS-->NC,AS-->NC,AS-->NC,AS-->NC,AS-->NC,AS-->NC,AS-->NC,AS-->NC,AS-->NC,AS-->NC,AS-->NC,AS-->NC
NZ,NZL,New Zealand,Wellington,Oceania,Australia and New Zealand,,NZ-->AS,NZ-->AS,NZ-->AS,NZ-->AS,NZ-->AS,NZ-->AS,NZ-->AS,NZ-->AS,NZ-->AS,NZ-->AS,NZ-->AS,NZ-->AS,NZ-->AS,NZ-->AS,NZ-->AS,NZ-->AS,NZ-->AS,NZ-->AS,NZ-->AS,,,,,,,,,,,,,,,,,AS-->NZ,AS-->NZ,AS-->NZ,AS-->NZ,AS-->NZ,AS-->NZ,AS-->NZ,AS-->NZ,AS-->NZ,AS-->NZ,AS-->NZ,AS-->NZ,AS-->NZ,AS-->NZ,AS-->NZ,AS-->NZ,AS-->NZ,AS-->NZ,AS-->NZ
NI,NIC,Nicaragua,Managua,Americas,Central America,,NI-->AS,NI-->AS,NI-->AS,NI-->AS,NI-->AS,NI-->AS,NI-->AS,NI-->AS,NI-->AS,NI-->AS,NI-->AS,NI-->AS,NI-->AS,NI-->AS,NI-->AS,NI-->AS,NI-->AS,NI-->AS,NI-->AS,,,,,,,,,,,,,,,,,AS-->NI,AS-->NI,AS-->NI,AS-->NI,AS-->NI,AS-->NI,AS-->NI,AS-->NI,AS-->NI,AS-->NI,AS-->NI,AS-->NI,AS-->NI,AS-->NI,AS-->NI,AS-->NI,AS-->NI,AS-->NI,AS-->NI
NE,NER,Niger,Niamey,Africa,Western Africa,,NE-->AS,NE-->AS,NE-->AS,NE-->AS,NE-->AS,NE-->AS,NE-->AS,NE-->AS,NE-->AS,NE-->AS,NE-->AS,NE-->AS,NE-->AS,NE-->AS,NE-->AS,NE-->AS,NE-->AS,NE-->AS,NE-->AS,,,,,,,,,,,,,,,,,AS-->NE,AS-->NE,AS-->NE,AS-->NE,AS-->NE,AS-->NE,AS-->NE,AS-->NE,AS-->NE,AS-->NE,AS-->NE,AS-->NE,AS-->NE,AS-->NE,AS-->NE,AS-->NE,AS-->NE,AS-->NE,AS-->NE
NG,NGA,Nigeria,Abuja,Africa,Western Africa,,NG-->AS,NG-->AS,NG-->AS,NG-->AS,NG-->AS,NG-->AS,NG-->AS,NG-->AS,NG-->AS,NG-->AS,NG-->AS,NG-->AS,NG-->AS,NG-->AS,NG-->AS,NG-->AS,NG-->AS,NG-->AS,NG-->AS,,,,,,,,,,,,,,,,,AS-->NG,AS-->NG,AS-->NG,AS-->NG,AS-->NG,AS-->NG,AS-->NG,AS-->NG,AS-->NG,AS-->NG,AS-->NG,AS-->NG,AS-->NG,AS-->NG,AS-->NG,AS-->NG,AS-->NG,AS-->NG,AS-->NG
NU,NIU,Niue,Alofi,Oceania,Polynesia,,NU-->AS,NU-->AS,NU-->AS,NU-->AS,NU-->AS,NU-->AS,NU-->AS,NU-->AS,NU-->AS,NU-->AS,NU-->AS,NU-->AS,NU-->AS,NU-->AS,NU-->AS,NU-->AS,NU-->AS,NU-->AS,NU-->AS,,,,,,,,,,,,,,,,,AS-->NU,AS-->NU,AS-->NU,AS-->NU,AS-->NU,AS-->NU,AS-->NU,AS-->NU,AS-->NU,AS-->NU,AS-->NU,AS-->NU,AS-->NU,AS-->NU,AS-->NU,AS-->NU,AS-->NU,AS-->NU,AS-->NU
NF,NFK,Norfolk Island,Kingston,Oceania,Australia and New Zealand,,NF-->AS,NF-->AS,NF-->AS,NF-->AS,NF-->AS,NF-->AS,NF-->AS,NF-->AS,NF-->AS,NF-->AS,NF-->AS,NF-->AS,NF-->AS,NF-->AS,NF-->AS,NF-->AS,NF-->AS,NF-->AS,NF-->AS,,,,,,,,,,,,,,,,,AS-->NF,AS-->NF,AS-->NF,AS-->NF,AS-->NF,AS-->NF,AS-->NF,AS-->NF,AS-->NF,AS-->NF,AS-->NF,AS-->NF,AS-->NF,AS-->NF,AS-->NF,AS-->NF,AS-->NF,AS-->NF,AS-->NF
KP,PRK,North Korea,Pyongyang,Asia,Eastern Asia,,KP-->AS,KP-->AS,KP-->AS,KP-->AS,KP-->AS,KP-->AS,KP-->AS,KP-->AS,KP-->AS,KP-->AS,KP-->AS,KP-->AS,KP-->AS,KP-->AS,KP-->AS,KP-->AS,KP-->AS,KP-->AS,KP-->AS,,,,,,,,,,,,,,,,,AS-->KP,AS-->KP,AS-->KP,AS-->KP,AS-->KP,AS-->KP,AS-->KP,AS-->KP,AS-->KP,AS-->KP,AS-->KP,AS-->KP,AS-->KP,AS-->KP,AS-->KP,AS-->KP,AS-->KP,AS-->KP,AS-->KP
MP,MNP,Northern Mariana Islands,Saipan,Oceania,Micronesia,,MP-->AS,MP-->AS,MP-->AS,MP-->AS,MP-->AS,MP-->AS,MP-->AS,MP-->AS,MP-->AS,MP-->AS,MP-->AS,MP-->AS,MP-->AS,MP-->AS,MP-->AS,MP-->AS,MP-->AS,MP-->AS,MP-->AS,,,,,,,,,,,,,,,,,AS-->MP,AS-->MP,AS-->MP,AS-->MP,AS-->MP,AS-->MP,AS-->MP,AS-->MP,AS-->MP,AS-->MP,AS-->MP,AS-->MP,AS-->MP,AS-->MP,AS-->MP,AS-->MP,AS-->MP,AS-->MP,AS-->MP
NO,NOR,Norway,Oslo,Europe,Northern Europe,,NO-->AS,NO-->AS,NO-->AS,NO-->AS,NO-->AS,NO-->AS,NO-->AS,NO-->AS,NO-->AS,NO-->AS,NO-->AS,NO-->AS,NO-->AS,NO-->AS,NO-->AS,NO-->AS,NO-->AS,NO-->AS,NO-->AS,,,,,,,,,,,,,,,,,AS-->NO,AS-->NO,AS-->NO,AS-->NO,AS-->NO,AS-->NO,AS-->NO,AS-->NO,AS-->NO,AS-->NO,AS-->NO,AS-->NO,AS-->NO,AS-->NO,AS-->NO,AS-->NO,AS-->NO,AS-->NO,AS-->NO
OM,OMN,Oman,Muscat,Asia,Western Asia,,OM-->AS,OM-->AS,OM-->AS,OM-->AS,OM-->AS,OM-->AS,OM-->AS,OM-->AS,OM-->AS,OM-->AS,OM-->AS,OM-->AS,OM-->AS,OM-->AS,OM-->AS,OM-->AS,OM-->AS,OM-->AS,OM-->AS,,,,,,,,,,,,,,,,,AS-->OM,AS-->OM,AS-->OM,AS-->OM,AS-->OM,AS-->OM,AS-->OM,AS-->OM,AS-->OM,AS-->OM,AS-->OM,AS-->OM,AS-->OM,AS-->OM,AS-->OM,AS-->OM,AS-->OM,AS-->OM,AS-->OM
PK,PAK,Pakistan,Islamabad,Asia,Southern Asia,,PK-->AS,PK-->AS,PK-->AS,PK-->AS,PK-->AS,PK-->AS,PK-->AS,PK-->AS,PK-->AS,PK-->AS,PK-->AS,PK-->AS,PK-->AS,PK-->AS,PK-->AS,PK-->AS,PK-->AS,PK-->AS,PK-->AS,,,,,,,,,,,,,,,,,AS-->PK,AS-->PK,AS-->PK,AS-->PK,AS-->PK,AS-->PK,AS-->PK,AS-->PK,AS-->PK,AS-->PK,AS-->PK,AS-->PK,AS-->PK,AS-->PK,AS-->PK,AS-->PK,AS-->PK,AS-->PK,AS-->PK
PW,PLW,Palau,Ngerulmud,Oceania,Micronesia,,PW-->AS,PW-->AS,PW-->AS,PW-->AS,PW-->AS,PW-->AS,PW-->AS,PW-->AS,PW-->AS,PW-->AS,PW-->AS,PW-->AS,PW-->AS,PW-->AS,PW-->AS,PW-->AS,PW-->AS,PW-->AS,PW-->AS,,,,,,,,,,,,,,,,,AS-->PW,AS-->PW,AS-->PW,AS-->PW,AS-->PW,AS-->PW,AS-->PW,AS-->PW,AS-->PW,AS-->PW,AS-->PW,AS-->PW,AS-->PW,AS-->PW,AS-->PW,AS-->PW,AS-->PW,AS-->PW,AS-->PW
PS,PSE,Palestine,Ramallah,Asia,Western Asia,,PS-->AS,PS-->AS,PS-->AS,PS-->AS,PS-->AS,PS-->AS,PS-->AS,PS-->AS,PS-->AS,PS-->AS,PS-->AS,PS-->AS,PS-->AS,PS-->AS,PS-->AS,PS-->AS,PS-->AS,PS-->AS,PS-->AS,,,,,,,,,,,,,,,,,AS-->PS,AS-->PS,AS-->PS,AS-->PS,AS-->PS,AS-->PS,AS-->PS,AS-->PS,AS-->PS,AS-->PS,AS-->PS,AS-->PS,AS-->PS,AS-->PS,AS-->PS,AS-->PS,AS-->PS,AS-->PS,AS-->PS
PA,PAN,Panama,Panama City,Americas,Central America,,PA-->AS,PA-->AS,PA-->AS,PA-->AS,PA-->AS,PA-->AS,PA-->AS,PA-->AS,PA-->AS,PA-->AS,PA-->AS,PA-->AS,PA-->AS,PA-->AS,PA-->AS,PA-->AS,PA-->AS,PA-->AS,PA-->AS,,,,,,,,,,,,,,,,,AS-->PA,AS-->PA,AS-->PA,AS-->PA,AS-->PA,AS-->PA,AS-->PA,AS-->PA,AS-->PA,AS-->PA,AS-->PA,AS-->PA,AS-->PA,AS-->PA,AS-->PA,AS-->PA,AS-->PA,AS-->PA,AS-->PA
PG,PNG,Papua New Guinea,Port Moresby,Oceania,Melanesia,,PG-->AS,PG-->AS,PG-->AS,PG-->AS,PG-->AS,PG-->AS,PG-->AS,PG-->AS,PG-->AS,PG-->AS,PG-->AS,PG-->AS,PG-->AS,PG-->AS,PG-->AS,PG-->AS,PG-->AS,PG-->AS,PG-->AS,,,,,,,,,,,,,,,,,AS-->PG,AS-->PG,AS-->PG,AS-->PG,AS-->PG,AS-->PG,AS-->PG,AS-->PG,AS-->PG,AS-->PG,AS-->PG,AS-->PG,AS-->PG,AS-->PG,AS-->PG,AS-->PG,AS-->PG,AS-->PG,AS-->PG
PY,PRY,Paraguay,Asunción,Americas,South America,,PY-->AS,PY-->AS,PY-->AS,PY-->AS,PY-->AS,PY-->AS,PY-->AS,PY-->AS,PY-->AS,PY-->AS,PY-->AS,PY-->AS,PY-->AS,PY-->AS,PY-->AS,PY-->AS,PY-->AS,PY-->AS,PY-->AS,,,,,,,,,,,,,,,,,AS-->PY,AS-->PY,AS-->PY,AS-->PY,AS-->PY,AS-->PY,AS-->PY,AS-->PY,AS-->PY,AS-->PY,AS-->PY,AS-->PY,AS-->PY,AS-->PY,AS-->PY,AS-->PY,AS-->PY,AS-->PY,AS-->PY
PE,PER,Peru,Lima,Americas,South America,,PE-->AS,PE-->AS,PE-->AS,PE-->AS,PE-->AS,PE-->AS,PE-->AS,PE-->AS,PE-->AS,PE-->AS,PE-->AS,PE-->AS,PE-->AS,PE-->AS,PE-->AS,PE-->AS,PE-->AS,PE-->AS,PE-->AS,,,,,,,,,,,,,,,,,AS-->PE,AS-->PE,AS-->PE,AS-->PE,AS-->PE,AS-->PE,AS-->PE,AS-->PE,AS-->PE,AS-->PE,AS-->PE,AS-->PE,AS-->PE,AS-->PE,AS-->PE,AS-->PE,AS-->PE,AS-->PE,AS-->PE
PH,PHL,Philippines,Manila,Asia,South-Eastern Asia,,PH-->AS,PH-->AS,PH-->AS,PH-->AS,PH-->AS,PH-->AS,PH-->AS,PH-->AS,PH-->AS,PH-->AS,PH-->AS,PH-->AS,PH-->AS,PH-->AS,PH-->AS,PH-->AS,PH-->AS,PH-->AS,PH-->AS,,,,,,,,,,,,,,,,,AS-->PH,AS-->PH,AS-->PH,AS-->PH,AS-->PH,AS-->PH,AS-->PH,AS-->PH,AS-->PH,AS-->PH,AS-->PH,AS-->PH,AS-->PH,AS-->PH,AS-->PH,AS-->PH,AS-->PH,AS-->PH,AS-->PH
PN,PCN,Pitcairn Islands,Adamstown,Oceania,Polynesia,,PN-->AS,PN-->AS,PN-->AS,PN-->AS,PN-->AS,PN-->AS,PN-->AS,PN-->AS,PN-->AS,PN-->AS,PN-->AS,PN-->AS,PN-->AS,PN-->AS,PN-->AS,PN-->AS,PN-->AS,PN-->AS,PN-->AS,,,,,,,,,,,,,,,,,AS-->PN,AS-->PN,AS-->PN,AS-->PN,AS-->PN,AS-->PN,AS-->PN,AS-->PN,AS-->PN,AS-->PN,AS-->PN,AS-->PN,AS-->PN,AS-->PN,AS-->PN,AS-->PN,AS-->PN,AS-->PN,AS-->PN
PL,POL,Poland,Warsaw,Europe,Eastern Europe,,PL-->AS,PL-->AS,PL-->AS,PL-->AS,PL-->AS,PL-->AS,PL-->AS,PL-->AS,PL-->AS,PL-->AS,PL-->AS,PL-->AS,PL-->AS,PL-->AS,PL-->AS,PL-->AS,PL-->AS,PL-->AS,PL-->AS,,,,,,,,,,,,,,,,,AS-->PL,AS-->PL,AS-->PL,AS-->PL,AS-->PL,AS-->PL,AS-->PL,AS-->PL,AS-->PL,AS-->PL,AS-->PL,AS-->PL,AS-->PL,AS-->PL,AS-->PL,AS-->PL,AS-->PL,AS-->PL,AS-->PL
PT,PRT,Portugal,Lisbon,Europe,Southern Europe,,PT-->AS,PT-->AS,PT-->AS,PT-->AS,PT-->AS,PT-->AS,PT-->AS,PT-->AS,PT-->AS,PT-->AS,PT-->AS,PT-->AS,PT-->AS,PT-->AS,PT-->AS,PT-->AS,PT-->AS,PT-->AS,PT-->AS,,,,,,,,,,,,,,,,,AS-->PT,AS-->PT,AS-->PT,AS-->PT,AS-->PT,AS-->PT,AS-->PT,AS-->PT,AS-->PT,AS-->PT,AS-->PT,AS-->PT,AS-->PT,AS-->PT,AS-->PT,AS-->PT,AS-->PT,AS-->PT,AS-->PT
PR,PRI,Puerto Rico,San Juan,Americas,Caribbean,,PR-->AS,PR-->AS,PR-->AS,PR-->AS,PR-->AS,PR-->AS,PR-->AS,PR-->AS,PR-->AS,PR-->AS,PR-->AS,PR-->AS,PR-->AS,PR-->AS,PR-->AS,PR-->AS,PR-->AS,PR-->AS,PR-->AS,,,,,,,,,,,,,,,,,AS-->PR,AS-->PR,AS-->PR,AS-->PR,AS-->PR,AS-->PR,AS-->PR,AS-->PR,AS-->PR,AS-->PR,AS-->PR,AS-->PR,AS-->PR,AS-->PR,AS-->PR,AS-->PR,AS-->PR,AS-->PR,AS-->PR
QA,QAT,Qatar,Doha,Asia,Western Asia,,QA-->AS,QA-->AS,QA-->AS,QA-->AS,QA-->AS,QA-->AS,QA-->AS,QA-->AS,QA-->AS,QA-->AS,QA-->AS,QA-->AS,QA-->AS,QA-->AS,QA-->AS,QA-->AS,QA-->AS,QA-->AS,QA-->AS,,,,,,,,,,,,,,,,,AS-->QA,AS-->QA,AS-->QA,AS-->QA,AS-->QA,AS-->QA,AS-->QA,AS-->QA,AS-->QA,AS-->QA,AS-->QA,AS-->QA,AS-->QA,AS-->QA,AS-->QA,AS-->QA,AS-->QA,AS-->QA,AS-->QA
XK,KOS,Republic of Kosovo,Pristina,Europe,Eastern Europe,,XK-->AS,XK-->AS,XK-->AS,XK-->AS,XK-->AS,XK-->AS,XK-->AS,XK-->AS,XK-->AS,XK-->AS,XK-->AS,XK-->AS,XK-->AS,XK-->AS,XK-->AS,XK-->AS,XK-->AS,XK-->AS,XK-->AS,,,,,,,,,,,,,,,,,AS-->XK,AS-->XK,AS-->XK,AS-->XK,AS-->XK,AS-->XK,AS-->XK,AS-->XK,AS-->XK,AS-->XK,AS-->XK,AS-->XK,AS-->XK,AS-->XK,AS-->XK,AS-->XK,AS-->XK,AS-->XK,AS-->XK
RE,REU,Réunion,Saint-Denis,Africa,Eastern Africa,,RE-->AS,RE-->AS,RE-->AS,RE-->AS,RE-->AS,RE-->AS,RE-->AS,RE-->AS,RE-->AS,RE-->AS,RE-->AS,RE-->AS,RE-->AS,RE-->AS,RE-->AS,RE-->AS,RE-->AS,RE-->AS,RE-->AS,,,,,,,,,,,,,,,,,AS-->RE,AS-->RE,AS-->RE,AS-->RE,AS-->RE,AS-->RE,AS-->RE,AS-->RE,AS-->RE,AS-->RE,AS-->RE,AS-->RE,AS-->RE,AS-->RE,AS-->RE,AS-->RE,AS-->RE,AS-->RE,AS-->RE
RO,ROU,Romania,Bucharest,Europe,Eastern Europe,,RO-->AS,RO-->AS,RO-->AS,RO-->AS,RO-->AS,RO-->AS,RO-->AS,RO-->AS,RO-->AS,RO-->AS,RO-->AS,RO-->AS,RO-->AS,RO-->AS,RO-->AS,RO-->AS,RO-->AS,RO-->AS,RO-->AS,,,,,,,,,,,,,,,,,AS-->RO,AS-->RO,AS-->RO,AS-->RO,AS-->RO,AS-->RO,AS-->RO,AS-->RO,AS-->RO,AS-->RO,AS-->RO,AS-->RO,AS-->RO,AS-->RO,AS-->RO,AS-->RO,AS-->RO,AS-->RO,AS-->RO
RU,RUS,Russia,Moscow,Europe,Eastern Europe,,RU-->AS,RU-->AS,RU-->AS,RU-->AS,RU-->AS,RU-->AS,RU-->AS,RU-->AS,RU-->AS,RU-->AS,RU-->AS,RU-->AS,RU-->AS,RU-->AS,RU-->AS,RU-->AS,RU-->AS,RU-->AS,RU-->AS,,,,,,,,,,,,,,,,,AS-->RU,AS-->RU,AS-->RU,AS-->RU,AS-->RU,AS-->RU,AS-->RU,AS-->RU,AS-->RU,AS-->RU,AS-->RU,AS-->RU,AS-->RU,AS-->RU,AS-->RU,AS-->RU,AS-->RU,AS-->RU,AS-->RU
RW,RWA,Rwanda,Kigali,Africa,Eastern Africa,,RW-->AS,RW-->AS,RW-->AS,RW-->AS,RW-->AS,RW-->AS,RW-->AS,RW-->AS,RW-->AS,RW-->AS,RW-->AS,RW-->AS,RW-->AS,RW-->AS,RW-->AS,RW-->AS,RW-->AS,RW-->AS,RW-->AS,,,,,,,,,,,,,,,,,AS-->RW,AS-->RW,AS-->RW,AS-->RW,AS-->RW,AS-->RW,AS-->RW,AS-->RW,AS-->RW,AS-->RW,AS-->RW,AS-->RW,AS-->RW,AS-->RW,AS-->RW,AS-->RW,AS-->RW,AS-->RW,AS-->RW
BL,BLM,Saint Barthélemy,Gustavia,Americas,Caribbean,,BL-->AS,BL-->AS,BL-->AS,BL-->AS,BL-->AS,BL-->AS,BL-->AS,BL-->AS,BL-->AS,BL-->AS,BL-->AS,BL-->AS,BL-->AS,BL-->AS,BL-->AS,BL-->AS,BL-->AS,BL-->AS,BL-->AS,,,,,,,,,,,,,,,,,AS-->BL,AS-->BL,AS-->BL,AS-->BL,AS-->BL,AS-->BL,AS-->BL,AS-->BL,AS-->BL,AS-->BL,AS-->BL,AS-->BL,AS-->BL,AS-->BL,AS-->BL,AS-->BL,AS-->BL,AS-->BL,AS-->BL
SH,SHN,Saint Helena,Jamestown,Africa,Western Africa,,SH-->AS,SH-->AS,SH-->AS,SH-->AS,SH-->AS,SH-->AS,SH-->AS,SH-->AS,SH-->AS,SH-->AS,SH-->AS,SH-->AS,SH-->AS,SH-->AS,SH-->AS,SH-->AS,SH-->AS,SH-->AS,SH-->AS,,,,,,,,,,,,,,,,,AS-->SH,AS-->SH,AS-->SH,AS-->SH,AS-->SH,AS-->SH,AS-->SH,AS-->SH,AS-->SH,AS-->SH,AS-->SH,AS-->SH,AS-->SH,AS-->SH,AS-->SH,AS-->SH,AS-->SH,AS-->SH,AS-->SH
KN,KNA,Saint Kitts and Nevis,Basseterre,Americas,Caribbean,,KN-->AS,KN-->AS,KN-->AS,KN-->AS,KN-->AS,KN-->AS,KN-->AS,KN-->AS,KN-->AS,KN-->AS,KN-->AS,KN-->AS,KN-->AS,KN-->AS,KN-->AS,KN-->AS,KN-->AS,KN-->AS,KN-->AS,,,,,,,,,,,,,,,,,AS-->KN,AS-->KN,AS-->KN,AS-->KN,AS-->KN,AS-->KN,AS-->KN,AS-->KN,AS-->KN,AS-->KN,AS-->KN,AS-->KN,AS-->KN,AS-->KN,AS-->KN,AS-->KN,AS-->KN,AS-->KN,AS-->KN
LC,LCA,Saint Lucia,Castries,Americas,Caribbean,,LC-->AS,LC-->AS,LC-->AS,LC-->AS,LC-->AS,LC-->AS,LC-->AS,LC-->AS,LC-->AS,LC-->AS,LC-->AS,LC-->AS,LC-->AS,LC-->AS,LC-->AS,LC-->AS,LC-->AS,LC-->AS,LC-->AS,,,,,,,,,,,,,,,,,AS-->LC,AS-->LC,AS-->LC,AS-->LC,AS-->LC,AS-->LC,AS-->LC,AS-->LC,AS-->LC,AS-->LC,AS-->LC,AS-->LC,AS-->LC,AS-->LC,AS-->LC,AS-->LC,AS-->LC,AS-->LC,AS-->LC
MF,MAF,Saint Martin,Marigot,Americas,Caribbean,,MF-->AS,MF-->AS,MF-->AS,MF-->AS,MF-->AS,MF-->AS,MF-->AS,MF-->AS,MF-->AS,MF-->AS,MF-->AS,MF-->AS,MF-->AS,MF-->AS,MF-->AS,MF-->AS,MF-->AS,MF-->AS,MF-->AS,,,,,,,,,,,,,,,,,AS-->MF,AS-->MF,AS-->MF,AS-->MF,AS-->MF,AS-->MF,AS-->MF,AS-->MF,AS-->MF,AS-->MF,AS-->MF,AS-->MF,AS-->MF,AS-->MF,AS-->MF,AS-->MF,AS-->MF,AS-->MF,AS-->MF
PM,SPM,Saint Pierre and Miquelon,Saint-Pierre,Americas,Northern America,,PM-->AS,PM-->AS,PM-->AS,PM-->AS,PM-->AS,PM-->AS,PM-->AS,PM-->AS,PM-->AS,PM-->AS,PM-->AS,PM-->AS,PM-->AS,PM-->AS,PM-->AS,PM-->AS,PM-->AS,PM-->AS,PM-->AS,,,,,,,,,,,,,,,,,AS-->PM,AS-->PM,AS-->PM,AS-->PM,AS-->PM,AS-->PM,AS-->PM,AS-->PM,AS-->PM,AS-->PM,AS-->PM,AS-->PM,AS-->PM,AS-->PM,AS-->PM,AS-->PM,AS-->PM,AS-->PM,AS-->PM
VC,VCT,Saint Vincent and the Grenadines,Kingstown,Americas,Caribbean,,VC-->AS,VC-->AS,VC-->AS,VC-->AS,VC-->AS,VC-->AS,VC-->AS,VC-->AS,VC-->AS,VC-->AS,VC-->AS,VC-->AS,VC-->AS,VC-->AS,VC-->AS,VC-->AS,VC-->AS,VC-->AS,VC-->AS,,,,,,,,,,,,,,,,,AS-->VC,AS-->VC,AS-->VC,AS-->VC,AS-->VC,AS-->VC,AS-->VC,AS-->VC,AS-->VC,AS-->VC,AS-->VC,AS-->VC,AS-->VC,AS-->VC,AS-->VC,AS-->VC,AS-->VC,AS-->VC,AS-->VC
WS,WSM,Samoa,Apia,Oceania,Polynesia,,WS-->AS,WS-->AS,WS-->AS,WS-->AS,WS-->AS,WS-->AS,WS-->AS,WS-->AS,WS-->AS,WS-->AS,WS-->AS,WS-->AS,WS-->AS,WS-->AS,WS-->AS,WS-->AS,WS-->AS,WS-->AS,WS-->AS,,,,,,,,,,,,,,,,,AS-->WS,AS-->WS,AS-->WS,AS-->WS,AS-->WS,AS-->WS,AS-->WS,AS-->WS,AS-->WS,AS-->WS,AS-->WS,AS-->WS,AS-->WS,AS-->WS,AS-->WS,AS-->WS,AS-->WS,AS-->WS,AS-->WS
SM,SMR,San Marino,City of San Marino,Europe,Southern Europe,,SM-->AS,SM-->AS,SM-->AS,SM-->AS,SM-->AS,SM-->AS,SM-->AS,SM-->AS,SM-->AS,SM-->AS,SM-->AS,SM-->AS,SM-->AS,SM-->AS,SM-->AS,SM-->AS,SM-->AS,SM-->AS,SM-->AS,,,,,,,,,,,,,,,,,AS-->SM,AS-->SM,AS-->SM,AS-->SM,AS-->SM,AS-->SM,AS-->SM,AS-->SM,AS-->SM,AS-->SM,AS-->SM,AS-->SM,AS-->SM,AS-->SM,AS-->SM,AS-->SM,AS-->SM,AS-->SM,AS-->SM
ST,STP,São Tomé and Príncipe,São Tomé,Africa,Middle Africa,,ST-->AS,ST-->AS,ST-->AS,ST-->AS,ST-->AS,ST-->AS,ST-->AS,ST-->AS,ST-->AS,ST-->AS,ST-->AS,ST-->AS,ST-->AS,ST-->AS,ST-->AS,ST-->AS,ST-->AS,ST-->AS,ST-->AS,,,,,,,,,,,,,,,,,AS-->ST,AS-->ST,AS-->ST,AS-->ST,AS-->ST,AS-->ST,AS-->ST,AS-->ST,AS-->ST,AS-->ST,AS-->ST,AS-->ST,AS-->ST,AS-->ST,AS-->ST,AS-->ST,AS-->ST,AS-->ST,AS-->ST
SA,SAU,Saudi Arabia,Riyadh,Asia,Western Asia,,SA-->AS,SA-->AS,SA-->AS,SA-->AS,SA-->AS,SA-->AS,SA-->AS,SA-->AS,SA-->AS,SA-->AS,SA-->AS,SA-->AS,SA-->AS,SA-->AS,SA-->AS,SA-->AS,SA-->AS,SA-->AS,SA-->AS,,,,,,,,,,,,,,,,,AS-->SA,AS-->SA,AS-->SA,AS-->SA,AS-->SA,AS-->SA,AS-->SA,AS-->SA,AS-->SA,AS-->SA,AS-->SA,AS-->SA,AS-->SA,AS-->SA,AS-->SA,AS-->SA,AS-->SA,AS-->SA,AS-->SA
SN,SEN,Senegal,Dakar,Africa,Western Africa,,SN-->AS,SN-->AS,SN-->AS,SN-->AS,SN-->AS,SN-->AS,SN-->AS,SN-->AS,SN-->AS,SN-->AS,SN-->AS,SN-->AS,SN-->AS,SN-->AS,SN-->AS,SN-->AS,SN-->AS,SN-->AS,SN-->AS,,,,,,,,,,,,,,,,,AS-->SN,AS-->SN,AS-->SN,AS-->SN,AS-->SN,AS-->SN,AS-->SN,AS-->SN,AS-->SN,AS-->SN,AS-->SN,AS-->SN,AS-->SN,AS-->SN,AS-->SN,AS-->SN,AS-->SN,AS-->SN,AS-->SN
RS,SRB,Serbia,Belgrade,Europe,Southern Europe,,RS-->AS,RS-->AS,RS-->AS,RS-->AS,RS-->AS,RS-->AS,RS-->AS,RS-->AS,RS-->AS,RS-->AS,RS-->AS,RS-->AS,RS-->AS,RS-->AS,RS-->AS,RS-->AS,RS-->AS,RS-->AS,RS-->AS,,,,,,,,,,,,,,,,,AS-->RS,AS-->RS,AS-->RS,AS-->RS,AS-->RS,AS-->RS,AS-->RS,AS-->RS,AS-->RS,AS-->RS,AS-->RS,AS-->RS,AS-->RS,AS-->RS,AS-->RS,AS-->RS,AS-->RS,AS-->RS,AS-->RS
SC,SYC,Seychelles,Victoria,Africa,Eastern Africa,,SC-->AS,SC-->AS,SC-->AS,SC-->AS,SC-->AS,SC-->AS,SC-->AS,SC-->AS,SC-->AS,SC-->AS,SC-->AS,SC-->AS,SC-->AS,SC-->AS,SC-->AS,SC-->AS,SC-->AS,SC-->AS,SC-->AS,,,,,,,,,,,,,,,,,AS-->SC,AS-->SC,AS-->SC,AS-->SC,AS-->SC,AS-->SC,AS-->SC,AS-->SC,AS-->SC,AS-->SC,AS-->SC,AS-->SC,AS-->SC,AS-->SC,AS-->SC,AS-->SC,AS-->SC,AS-->SC,AS-->SC
SL,SLE,Sierra Leone,Freetown,Africa,Western Africa,,SL-->AS,SL-->AS,SL-->AS,SL-->AS,SL-->AS,SL-->AS,SL-->AS,SL-->AS,SL-->AS,SL-->AS,SL-->AS,SL-->AS,SL-->AS,SL-->AS,SL-->AS,SL-->AS,SL-->AS,SL-->AS,SL-->AS,,,,,,,,,,,,,,,,,AS-->SL,AS-->SL,AS-->SL,AS-->SL,AS-->SL,AS-->SL,AS-->SL,AS-->SL,AS-->SL,AS-->SL,AS-->SL,AS-->SL,AS-->SL,AS-->SL,AS-->SL,AS-->SL,AS-->SL,AS-->SL,AS-->SL
SG,SGP,Singapore,Singapore,Asia,South-Eastern Asia,,SG-->AS,SG-->AS,SG-->AS,SG-->AS,SG-->AS,SG-->AS,SG-->AS,SG-->AS,SG-->AS,SG-->AS,SG-->AS,SG-->AS,SG-->AS,SG-->AS,SG-->AS,SG-->AS,SG-->AS,SG-->AS,SG-->AS,,,,,,,,,,,,,,,,,AS-->SG,AS-->SG,AS-->SG,AS-->SG,AS-->SG,AS-->SG,AS-->SG,AS-->SG,AS-->SG,AS-->SG,AS-->SG,AS-->SG,AS-->SG,AS-->SG,AS-->SG,AS-->SG,AS-->SG,AS-->SG,AS-->SG
SX,SXM,Sint Maarten,Philipsburg,Americas,Caribbean,,SX-->AS,SX-->AS,SX-->AS,SX-->AS,SX-->AS,SX-->AS,SX-->AS,SX-->AS,SX-->AS,SX-->AS,SX-->AS,SX-->AS,SX-->AS,SX-->AS,SX-->AS,SX-->AS,SX-->AS,SX-->AS,SX-->AS,,,,,,,,,,,,,,,,,AS-->SX,AS-->SX,AS-->SX,AS-->SX,AS-->SX,AS-->SX,AS-->SX,AS-->SX,AS-->SX,AS-->SX,AS-->SX,AS-->SX,AS-->SX,AS-->SX,AS-->SX,AS-->SX,AS-->SX,AS-->SX,AS-->SX
SK,SVK,Slovakia,Bratislava,Europe,Eastern Europe,,SK-->AS,SK-->AS,SK-->AS,SK-->AS,SK-->AS,SK-->AS,SK-->AS,SK-->AS,SK-->AS,SK-->AS,SK-->AS,SK-->AS,SK-->AS,SK-->AS,SK-->AS,SK-->AS,SK-->AS,SK-->AS,SK-->AS,,,,,,,,,,,,,,,,,AS-->SK,AS-->SK,AS-->SK,AS-->SK,AS-->SK,AS-->SK,AS-->SK,AS-->SK,AS-->SK,AS-->SK,AS-->SK,AS-->SK,AS-->SK,AS-->SK,AS-->SK,AS-->SK,AS-->SK,AS-->SK,AS-->SK
SI,SVN,Slovenia,Ljubljana,Europe,Southern Europe,,SI-->AS,SI-->AS,SI-->AS,SI-->AS,SI-->AS,SI-->AS,SI-->AS,SI-->AS,SI-->AS,SI-->AS,SI-->AS,SI-->AS,SI-->AS,SI-->AS,SI-->AS,SI-->AS,SI-->AS,SI-->AS,SI-->AS,,,,,,,,,,,,,,,,,AS-->SI,AS-->SI,AS-->SI,AS-->SI,AS-->SI,AS-->SI,AS-->SI,AS-->SI,AS-->SI,AS-->SI,AS-->SI,AS-->SI,AS-->SI,AS-->SI,AS-->SI,AS-->SI,AS-->SI,AS-->SI,AS-->SI
SB,SLB,Solomon Islands,Honiara,Oceania,Melanesia,,SB-->AS,SB-->AS,SB-->AS,SB-->AS,SB-->AS,SB-->AS,SB-->AS,SB-->AS,SB-->AS,SB-->AS,SB-->AS,SB-->AS,SB-->AS,SB-->AS,SB-->AS,SB-->AS,SB-->AS,SB-->AS,SB-->AS,,,,,,,,,,,,,,,,,AS-->SB,AS-->SB,AS-->SB,AS-->SB,AS-->SB,AS-->SB,AS-->SB,AS-->SB,AS-->SB,AS-->SB,AS-->SB,AS-->SB,AS-->SB,AS-->SB,AS-->SB,AS-->SB,AS-->SB,AS-->SB,AS-->SB
SO,SOM,Somalia,Mogadishu,Africa,Eastern Africa,,SO-->AS,SO-->AS,SO-->AS,SO-->AS,SO-->AS,SO-->AS,SO-->AS,SO-->AS,SO-->AS,SO-->AS,SO-->AS,SO-->AS,SO-->AS,SO-->AS,SO-->AS,SO-->AS,SO-->AS,SO-->AS,SO-->AS,,,,,,,,,,,,,,,,,AS-->SO,AS-->SO,AS-->SO,AS-->SO,AS-->SO,AS-->SO,AS-->SO,AS-->SO,AS-->SO,AS-->SO,AS-->SO,AS-->SO,AS-->SO,AS-->SO,AS-->SO,AS-->SO,AS-->SO,AS-->SO,AS-->SO
ZA,ZAF,South Africa,Pretoria,Africa,Southern Africa,,ZA-->AS,ZA-->AS,ZA-->AS,ZA-->AS,ZA-->AS,ZA-->AS,ZA-->AS,ZA-->AS,ZA-->AS,ZA-->AS,ZA-->AS,ZA-->AS,ZA-->AS,ZA-->AS,ZA-->AS,ZA-->AS,ZA-->AS,ZA-->AS,ZA-->AS,,,,,,,,,,,,,,,,,AS-->ZA,AS-->ZA,AS-->ZA,AS-->ZA,AS-->ZA,AS-->ZA,AS-->ZA,AS-->ZA,AS-->ZA,AS-->ZA,AS-->ZA,AS-->ZA,AS-->ZA,AS-->ZA,AS-->ZA,AS-->ZA,AS-->ZA,AS-->ZA,AS-->ZA
GS,SGS,South Georgia,King Edward Point,Americas,South America,,GS-->AS,GS-->AS,GS-->AS,GS-->AS,GS-->AS,GS-->AS,GS-->AS,GS-->AS,GS-->AS,GS-->AS,GS-->AS,GS-->AS,GS-->AS,GS-->AS,GS-->AS,GS-->AS,GS-->AS,GS-->AS,GS-->AS,,,,,,,,,,,,,,,,,AS-->GS,AS-->GS,AS-->GS,AS-->GS,AS-->GS,AS-->GS,AS-->GS,AS-->GS,AS-->GS,AS-->GS,AS-->GS,AS-->GS,AS-->GS,AS-->GS,AS-->GS,AS-->GS,AS-->GS,AS-->GS,AS-->GS
KR,KOR,South Korea,Seoul,Asia,Eastern Asia,,KR-->AS,KR-->AS,KR-->AS,KR-->AS,KR-->AS,KR-->AS,KR-->AS,KR-->AS,KR-->AS,KR-->AS,KR-->AS,KR-->AS,KR-->AS,KR-->AS,KR-->AS,KR-->AS,KR-->AS,KR-->AS,KR-->AS,,,,,,,,,,,,,,,,,AS-->KR,AS-->KR,AS-->KR,AS-->KR,AS-->KR,AS-->KR,AS-->KR,AS-->KR,AS-->KR,AS-->KR,AS-->KR,AS-->KR,AS-->KR,AS-->KR,AS-->KR,AS-->KR,AS-->KR,AS-->KR,AS-->KR
SS,SSD,South Sudan,Juba,Africa,Middle Africa,,SS-->AS,SS-->AS,SS-->AS,SS-->AS,SS-->AS,SS-->AS,SS-->AS,SS-->AS,SS-->AS,SS-->AS,SS-->AS,SS-->AS,SS-->AS,SS-->AS,SS-->AS,SS-->AS,SS-->AS,SS-->AS,SS-->AS,,,,,,,,,,,,,,,,,AS-->SS,AS-->SS,AS-->SS,AS-->SS,AS-->SS,AS-->SS,AS-->SS,AS-->SS,AS-->SS,AS-->SS,AS-->SS,AS-->SS,AS-->SS,AS-->SS,AS-->SS,AS-->SS,AS-->SS,AS-->SS,AS-->SS
ES,ESP,Spain,Madrid,Europe,Southern Europe,,ES-->AS,ES-->AS,ES-->AS,ES-->AS,ES-->AS,ES-->AS,ES-->AS,ES-->AS,ES-->AS,ES-->AS,ES-->AS,ES-->AS,ES-->AS,ES-->AS,ES-->AS,ES-->AS,ES-->AS,ES-->AS,ES-->AS,,,,,,,,,,,,,,,,,AS-->ES,AS-->ES,AS-->ES,AS-->ES,AS-->ES,AS-->ES,AS-->ES,AS-->ES,AS-->ES,AS-->ES,AS-->ES,AS-->ES,AS-->ES,AS-->ES,AS-->ES,AS-->ES,AS-->ES,AS-->ES,AS-->ES
LK,LKA,Sri Lanka,Colombo,Asia,Southern Asia,,LK-->AS,LK-->AS,LK-->AS,LK-->AS,LK-->AS,LK-->AS,LK-->AS,LK-->AS,LK-->AS,LK-->AS,LK-->AS,LK-->AS,LK-->AS,LK-->AS,LK-->AS,LK-->AS,LK-->AS,LK-->AS,LK-->AS,,,,,,,,,,,,,,,,,AS-->LK,AS-->LK,AS-->LK,AS-->LK,AS-->LK,AS-->LK,AS-->LK,AS-->LK,AS-->LK,AS-->LK,AS-->LK,AS-->LK,AS-->LK,AS-->LK,AS-->LK,AS-->LK,AS-->LK,AS-->LK,AS-->LK
SD,SDN,Sudan,Khartoum,Africa,Northern Africa,,SD-->AS,SD-->AS,SD-->AS,SD-->AS,SD-->AS,SD-->AS,SD-->AS,SD-->AS,SD-->AS,SD-->AS,SD-->AS,SD-->AS,SD-->AS,SD-->AS,SD-->AS,SD-->AS,SD-->AS,SD-->AS,SD-->AS,,,,,,,,,,,,,,,,,AS-->SD,AS-->SD,AS-->SD,AS-->SD,AS-->SD,AS-->SD,AS-->SD,AS-->SD,AS-->SD,AS-->SD,AS-->SD,AS-->SD,AS-->SD,AS-->SD,AS-->SD,AS-->SD,AS-->SD,AS-->SD,AS-->SD
SR,SUR,Suriname,Paramaribo,Americas,South America,,SR-->AS,SR-->AS,SR-->AS,SR-->AS,SR-->AS,SR-->AS,SR-->AS,SR-->AS,SR-->AS,SR-->AS,SR-->AS,SR-->AS,SR-->AS,SR-->AS,SR-->AS,SR-->AS,SR-->AS,SR-->AS,SR-->AS,,,,,,,,,,,,,,,,,AS-->SR,AS-->SR,AS-->SR,AS-->SR,AS-->SR,AS-->SR,AS-->SR,AS-->SR,AS-->SR,AS-->SR,AS-->SR,AS-->SR,AS-->SR,AS-->SR,AS-->SR,AS-->SR,AS-->SR,AS-->SR,AS-->SR
SJ,SJM,Svalbard and Jan Mayen,Longyearbyen,Europe,Northern Europe,,SJ-->AS,SJ-->AS,SJ-->AS,SJ-->AS,SJ-->AS,SJ-->AS,SJ-->AS,SJ-->AS,SJ-->AS,SJ-->AS,SJ-->AS,SJ-->AS,SJ-->AS,SJ-->AS,SJ-->AS,SJ-->AS,SJ-->AS,SJ-->AS,SJ-->AS,,,,,,,,,,,,,,,,,AS-->SJ,AS-->SJ,AS-->SJ,AS-->SJ,AS-->SJ,AS-->SJ,AS-->SJ,AS-->SJ,AS-->SJ,AS-->SJ,AS-->SJ,AS-->SJ,AS-->SJ,AS-->SJ,AS-->SJ,AS-->SJ,AS-->SJ,AS-->SJ,AS-->SJ
SZ,SWZ,Swaziland,Lobamba,Africa,Southern Africa,,SZ-->AS,SZ-->AS,SZ-->AS,SZ-->AS,SZ-->AS,SZ-->AS,SZ-->AS,SZ-->AS,SZ-->AS,SZ-->AS,SZ-->AS,SZ-->AS,SZ-->AS,SZ-->AS,SZ-->AS,SZ-->AS,SZ-->AS,SZ-->AS,SZ-->AS,,,,,,,,,,,,,,,,,AS-->SZ,AS-->SZ,AS-->SZ,AS-->SZ,AS-->SZ,AS-->SZ,AS-->SZ,AS-->SZ,AS-->SZ,AS-->SZ,AS-->SZ,AS-->SZ,AS-->SZ,AS-->SZ,AS-->SZ,AS-->SZ,AS-->SZ,AS-->SZ,AS-->SZ
SE,SWE,Sweden,Stockholm,Europe,Northern Europe,,SE-->AS,SE-->AS,SE-->AS,SE-->AS,SE-->AS,SE-->AS,SE-->AS,SE-->AS,SE-->AS,SE-->AS,SE-->AS,SE-->AS,SE-->AS,SE-->AS,SE-->AS,SE-->AS,SE-->AS,SE-->AS,SE-->AS,,,,,,,,,,,,,,,,,AS-->SE,AS-->SE,AS-->SE,AS-->SE,AS-->SE,AS-->SE,AS-->SE,AS-->SE,AS-->SE,AS-->SE,AS-->SE,AS-->SE,AS-->SE,AS-->SE,AS-->SE,AS-->SE,AS-->SE,AS-->SE,AS-->SE
CH,CHE,Switzerland,Bern,Europe,Western Europe,,CH-->AS,CH-->AS,CH-->AS,CH-->AS,CH-->AS,CH-->AS,CH-->AS,CH-->AS,CH-->AS,CH-->AS,CH-->AS,CH-->AS,CH-->AS,CH-->AS,CH-->AS,CH-->AS,CH-->AS,CH-->AS,CH-->AS,,,,,,,,,,,,,,,,,AS-->CH,AS-->CH,AS-->CH,AS-->CH,AS-->CH,AS-->CH,AS-->CH,AS-->CH,AS-->CH,AS-->CH,AS-->CH,AS-->CH,AS-->CH,AS-->CH,AS-->CH,AS-->CH,AS-->CH,AS-->CH,AS-->CH
SY,SYR,Syria,Damascus,Asia,Western Asia,,SY-->AS,SY-->AS,SY-->AS,SY-->AS,SY-->AS,SY-->AS,SY-->AS,SY-->AS,SY-->AS,SY-->AS,SY-->AS,SY-->AS,SY-->AS,SY-->AS,SY-->AS,SY-->AS,SY-->AS,SY-->AS,SY-->AS,,,,,,,,,,,,,,,,,AS-->SY,AS-->SY,AS-->SY,AS-->SY,AS-->SY,AS-->SY,AS-->SY,AS-->SY,AS-->SY,AS-->SY,AS-->SY,AS-->SY,AS-->SY,AS-->SY,AS-->SY,AS-->SY,AS-->SY,AS-->SY,AS-->SY
TW,TWN,Taiwan,Taipei,Asia,Eastern Asia,,TW-->AS,TW-->AS,TW-->AS,TW-->AS,TW-->AS,TW-->AS,TW-->AS,TW-->AS,TW-->AS,TW-->AS,TW-->AS,TW-->AS,TW-->AS,TW-->AS,TW-->AS,TW-->AS,TW-->AS,TW-->AS,TW-->AS,,,,,,,,,,,,,,,,,AS-->TW,AS-->TW,AS-->TW,AS-->TW,AS-->TW,AS-->TW,AS-->TW,AS-->TW,AS-->TW,AS-->TW,AS-->TW,AS-->TW,AS-->TW,AS-->TW,AS-->TW,AS-->TW,AS-->TW,AS-->TW,AS-->TW
TJ,TJK,Tajikistan,Dushanbe,Asia,Central Asia,,TJ-->AS,TJ-->AS,TJ-->AS,TJ-->AS,TJ-->AS,TJ-->AS,TJ-->AS,TJ-->AS,TJ-->AS,TJ-->AS,TJ-->AS,TJ-->AS,TJ-->AS,TJ-->AS,TJ-->AS,TJ-->AS,TJ-->AS,TJ-->AS,TJ-->AS,,,,,,,,,,,,,,,,,AS-->TJ,AS-->TJ,AS-->TJ,AS-->TJ,AS-->TJ,AS-->TJ,AS-->TJ,AS-->TJ,AS-->TJ,AS-->TJ,AS-->TJ,AS-->TJ,AS-->TJ,AS-->TJ,AS-->TJ,AS-->TJ,AS-->TJ,AS-->TJ,AS-->TJ
TZ,TZA,Tanzania,Dodoma,Africa,Eastern Africa,,TZ-->AS,TZ-->AS,TZ-->AS,TZ-->AS,TZ-->AS,TZ-->AS,TZ-->AS,TZ-->AS,TZ-->AS,TZ-->AS,TZ-->AS,TZ-->AS,TZ-->AS,TZ-->AS,TZ-->AS,TZ-->AS,TZ-->AS,TZ-->AS,TZ-->AS,,,,,,,,,,,,,,,,,AS-->TZ,AS-->TZ,AS-->TZ,AS-->TZ,AS-->TZ,AS-->TZ,AS-->TZ,AS-->TZ,AS-->TZ,AS-->TZ,AS-->TZ,AS-->TZ,AS-->TZ,AS-->TZ,AS-->TZ,AS-->TZ,AS-->TZ,AS-->TZ,AS-->TZ
TH,THA,Thailand,Bangkok,Asia,South-Eastern Asia,,TH-->AS,TH-->AS,TH-->AS,TH-->AS,TH-->AS,TH-->AS,TH-->AS,TH-->AS,TH-->AS,TH-->AS,TH-->AS,TH-->AS,TH-->AS,TH-->AS,TH-->AS,TH-->AS,TH-->AS,TH-->AS,TH-->AS,,,,,,,,,,,,,,,,,AS-->TH,AS-->TH,AS-->TH,AS-->TH,AS-->TH,AS-->TH,AS-->TH,AS-->TH,AS-->TH,AS-->TH,AS-->TH,AS-->TH,AS-->TH,AS-->TH,AS-->TH,AS-->TH,AS-->TH,AS-->TH,AS-->TH
TL,TLS,East Timor,Dili,Asia,South-Eastern Asia,,TL-->AS,TL-->AS,TL-->AS,TL-->AS,TL-->AS,TL-->AS,TL-->AS,TL-->AS,TL-->AS,TL-->AS,TL-->AS,TL-->AS,TL-->AS,TL-->AS,TL-->AS,TL-->AS,TL-->AS,TL-->AS,TL-->AS,,,,,,,,,,,,,,,,,AS-->TL,AS-->TL,AS-->TL,AS-->TL,AS-->TL,AS-->TL,AS-->TL,AS-->TL,AS-->TL,AS-->TL,AS-->TL,AS-->TL,AS-->TL,AS-->TL,AS-->TL,AS-->TL,AS-->TL,AS-->TL,AS-->TL
TG,TGO,Togo,Lomé,Africa,Western Africa,,TG-->AS,TG-->AS,TG-->AS,TG-->AS,TG-->AS,TG-->AS,TG-->AS,TG-->AS,TG-->AS,TG-->AS,TG-->AS,TG-->AS,TG-->AS,TG-->AS,TG-->AS,TG-->AS,TG-->AS,TG-->AS,TG-->AS,,,,,,,,,,,,,,,,,AS-->TG,AS-->TG,AS-->TG,AS-->TG,AS-->TG,AS-->TG,AS-->TG,AS-->TG,AS-->TG,AS-->TG,AS-->TG,AS-->TG,AS-->TG,AS-->TG,AS-->TG,AS-->TG,AS-->TG,AS-->TG,AS-->TG
TK,TKL,Tokelau,Fakaofo,Oceania,Polynesia,,TK-->AS,TK-->AS,TK-->AS,TK-->AS,TK-->AS,TK-->AS,TK-->AS,TK-->AS,TK-->AS,TK-->AS,TK-->AS,TK-->AS,TK-->AS,TK-->AS,TK-->AS,TK-->AS,TK-->AS,TK-->AS,TK-->AS,,,,,,,,,,,,,,,,,AS-->TK,AS-->TK,AS-->TK,AS-->TK,AS-->TK,AS-->TK,AS-->TK,AS-->TK,AS-->TK,AS-->TK,AS-->TK,AS-->TK,AS-->TK,AS-->TK,AS-->TK,AS-->TK,AS-->TK,AS-->TK,AS-->TK
TO,TON,Tonga,Nuku'alofa,Oceania,Polynesia,,TO-->AS,TO-->AS,TO-->AS,TO-->AS,TO-->AS,TO-->AS,TO-->AS,TO-->AS,TO-->AS,TO-->AS,TO-->AS,TO-->AS,TO-->AS,TO-->AS,TO-->AS,TO-->AS,TO-->AS,TO-->AS,TO-->AS,,,,,,,,,,,,,,,,,AS-->TO,AS-->TO,AS-->TO,AS-->TO,AS-->TO,AS-->TO,AS-->TO,AS-->TO,AS-->TO,AS-->TO,AS-->TO,AS-->TO,AS-->TO,AS-->TO,AS-->TO,AS-->TO,AS-->TO,AS-->TO,AS-->TO
TT,TTO,Trinidad and Tobago,Port of Spain,Americas,Caribbean,,TT-->AS,TT-->AS,TT-->AS,TT-->AS,TT-->AS,TT-->AS,TT-->AS,TT-->AS,TT-->AS,TT-->AS,TT-->AS,TT-->AS,TT-->AS,TT-->AS,TT-->AS,TT-->AS,TT-->AS,TT-->AS,TT-->AS,,,,,,,,,,,,,,,,,AS-->TT,AS-->TT,AS-->TT,AS-->TT,AS-->TT,AS-->TT,AS-->TT,AS-->TT,AS-->TT,AS-->TT,AS-->TT,AS-->TT,AS-->TT,AS-->TT,AS-->TT,AS-->TT,AS-->TT,AS-->TT,AS-->TT
TN,TUN,Tunisia,Tunis,Africa,Northern Africa,,TN-->AS,TN-->AS,TN-->AS,TN-->AS,TN-->AS,TN-->AS,TN-->AS,TN-->AS,TN-->AS,TN-->AS,TN-->AS,TN-->AS,TN-->AS,TN-->AS,TN-->AS,TN-->AS,TN-->AS,TN-->AS,TN-->AS,,,,,,,,,,,,,,,,,AS-->TN,AS-->TN,AS-->TN,AS-->TN,AS-->TN,AS-->TN,AS-->TN,AS-->TN,AS-->TN,AS-->TN,AS-->TN,AS-->TN,AS-->TN,AS-->TN,AS-->TN,AS-->TN,AS-->TN,AS-->TN,AS-->TN
TR,TUR,Turkey,Ankara,Asia,Western Asia,,TR-->AS,TR-->AS,TR-->AS,TR-->AS,TR-->AS,TR-->AS,TR-->AS,TR-->AS,TR-->AS,TR-->AS,TR-->AS,TR-->AS,TR-->AS,TR-->AS,TR-->AS,TR-->AS,TR-->AS,TR-->AS,TR-->AS,,,,,,,,,,,,,,,,,AS-->TR,AS-->TR,AS-->TR,AS-->TR,AS-->TR,AS-->TR,AS-->TR,AS-->TR,AS-->TR,AS-->TR,AS-->TR,AS-->TR,AS-->TR,AS-->TR,AS-->TR,AS-->TR,AS-->TR,AS-->TR,AS-->TR
TM,TKM,Turkmenistan,Ashgabat,Asia,Central Asia,,TM-->AS,TM-->AS,TM-->AS,TM-->AS,TM-->AS,TM-->AS,TM-->AS,TM-->AS,TM-->AS,TM-->AS,TM-->AS,TM-->AS,TM-->AS,TM-->AS,TM-->AS,TM-->AS,TM-->AS,TM-->AS,TM-->AS,,,,,,,,,,,,,,,,,AS-->TM,AS-->TM,AS-->TM,AS-->TM,AS-->TM,AS-->TM,AS-->TM,AS-->TM,AS-->TM,AS-->TM,AS-->TM,AS-->TM,AS-->TM,AS-->TM,AS-->TM,AS-->TM,AS-->TM,AS-->TM,AS-->TM
TC,TCA,Turks and Caicos Islands,Cockburn Town,Americas,Caribbean,,TC-->AS,TC-->AS,TC-->AS,TC-->AS,TC-->AS,TC-->AS,TC-->AS,TC-->AS,TC-->AS,TC-->AS,TC-->AS,TC-->AS,TC-->AS,TC-->AS,TC-->AS,TC-->AS,TC-->AS,TC-->AS,TC-->AS,,,,,,,,,,,,,,,,,AS-->TC,AS-->TC,AS-->TC,AS-->TC,AS-->TC,AS-->TC,AS-->TC,AS-->TC,AS-->TC,AS-->TC,AS-->TC,AS-->TC,AS-->TC,AS-->TC,AS-->TC,AS-->TC,AS-->TC,AS-->TC,AS-->TC
TV,TUV,Tuvalu,Funafuti,Oceania,Polynesia,,TV-->AS,TV-->AS,TV-->AS,TV-->AS,TV-->AS,TV-->AS,TV-->AS,TV-->AS,TV-->AS,TV-->AS,TV-->AS,TV-->AS,TV-->AS,TV-->AS,TV-->AS,TV-->AS,TV-->AS,TV-->AS,TV-->AS,,,,,,,,,,,,,,,,,AS-->TV,AS-->TV,AS-->TV,AS-->TV,AS-->TV,AS-->TV,AS-->TV,AS-->TV,AS-->TV,AS-->TV,AS-->TV,AS-->TV,AS-->TV,AS-->TV,AS-->TV,AS-->TV,AS-->TV,AS-->TV,AS-->TV
UG,UGA,Uganda,Kampala,Africa,Eastern Africa,,UG-->AS,UG-->AS,UG-->AS,UG-->AS,UG-->AS,UG-->AS,UG-->AS,UG-->AS,UG-->AS,UG-->AS,UG-->AS,UG-->AS,UG-->AS,UG-->AS,UG-->AS,UG-->AS,UG-->AS,UG-->AS,UG-->AS,,,,,,,,,,,,,,,,,AS-->UG,AS-->UG,AS-->UG,AS-->UG,AS-->UG,AS-->UG,AS-->UG,AS-->UG,AS-->UG,AS-->UG,AS-->UG,AS-->UG,AS-->UG,AS-->UG,AS-->UG,AS-->UG,AS-->UG,AS-->UG,AS-->UG
UA,UKR,Ukraine,Kiev,Europe,Eastern Europe,,UA-->AS,UA-->AS,UA-->AS,UA-->AS,UA-->AS,UA-->AS,UA-->AS,UA-->AS,UA-->AS,UA-->AS,UA-->AS,UA-->AS,UA-->AS,UA-->AS,UA-->AS,UA-->AS,UA-->AS,UA-->AS,UA-->AS,,,,,,,,,,,,,,,,,AS-->UA,AS-->UA,AS-->UA,AS-->UA,AS-->UA,AS-->UA,AS-->UA,AS-->UA,AS-->UA,AS-->UA,AS-->UA,AS-->UA,AS-->UA,AS-->UA,AS-->UA,AS-->UA,AS-->UA,AS-->UA,AS-->UA
AE,ARE,United Arab Emirates,Abu Dhabi,Asia,Western Asia,,AE-->AS,AE-->AS,AE-->AS,AE-->AS,AE-->AS,AE-->AS,AE-->AS,AE-->AS,AE-->AS,AE-->AS,AE-->AS,AE-->AS,AE-->AS,AE-->AS,AE-->AS,AE-->AS,AE-->AS,AE-->AS,AE-->AS,,,,,,,,,,,,,,,,,AS-->AE,AS-->AE,AS-->AE,AS-->AE,AS-->AE,AS-->AE,AS-->AE,AS-->AE,AS-->AE,AS-->AE,AS-->AE,AS-->AE,AS-->AE,AS-->AE,AS-->AE,AS-->AE,AS-->AE,AS-->AE,AS-->AE
GB,GBR,United Kingdom,London,Europe,Northern Europe,,GB-->AS,GB-->AS,GB-->AS,GB-->AS,GB-->AS,GB-->AS,GB-->AS,GB-->AS,GB-->AS,GB-->AS,GB-->AS,GB-->AS,GB-->AS,GB-->AS,GB-->AS,GB-->AS,GB-->AS,GB-->AS,GB-->AS,,,,,,,,,,,,,,,,,AS-->GB,AS-->GB,AS-->GB,AS-->GB,AS-->GB,AS-->GB,AS-->GB,AS-->GB,AS-->GB,AS-->GB,AS-->GB,AS-->GB,AS-->GB,AS-->GB,AS-->GB,AS-->GB,AS-->GB,AS-->GB,AS-->GB
US,USA,United States,"Washington, D.C.",Americas,Northern America,,US-->AS,US-->AS,US-->AS,US-->AS,US-->AS,US-->AS,US-->AS,US-->AS,US-->AS,US-->AS,US-->AS,US-->AS,US-->AS,US-->AS,US-->AS,US-->AS,US-->AS,US-->AS,US-->AS,,,,,,,,,,,,,,,,,AS-->US,AS-->US,AS-->US,AS-->US,AS-->US,AS-->US,AS-->US,AS-->US,AS-->US,AS-->US,AS-->US,AS-->US,AS-->US,AS-->US,AS-->US,AS-->US,AS-->US,AS-->US,AS-->US
UY,URY,Uruguay,Montevideo,Americas,South America,,UY-->AS,UY-->AS,UY-->AS,UY-->AS,UY-->AS,UY-->AS,UY-->AS,UY-->AS,UY-->AS,UY-->AS,UY-->AS,UY-->AS,UY-->AS,UY-->AS,UY-->AS,UY-->AS,UY-->AS,UY-->AS,UY-->AS,,,,,,,,,,,,,,,,,AS-->UY,AS-->UY,AS-->UY,AS-->UY,AS-->UY,AS-->UY,AS-->UY,AS-->UY,AS-->UY,AS-->UY,AS-->UY,AS-->UY,AS-->UY,AS-->UY,AS-->UY,AS-->UY,AS-->UY,AS-->UY,AS-->UY
UZ,UZB,Uzbekistan,Tashkent,Asia,Central Asia,,UZ-->AS,UZ-->AS,UZ-->AS,UZ-->AS,UZ-->AS,UZ-->AS,UZ-->AS,UZ-->AS,UZ-->AS,UZ-->AS,UZ-->AS,UZ-->AS,UZ-->AS,UZ-->AS,UZ-->AS,UZ-->AS,UZ-->AS,UZ-->AS,UZ-->AS,,,,,,,,,,,,,,,,,AS-->UZ,AS-->UZ,AS-->UZ,AS-->UZ,AS-->UZ,AS-->UZ,AS-->UZ,AS-->UZ,AS-->UZ,AS-->UZ,AS-->UZ,AS-->UZ,AS-->UZ,AS-->UZ,AS-->UZ,AS-->UZ,AS-->UZ,AS-->UZ,AS-->UZ
VU,VUT,Vanuatu,Port Vila,Oceania,Melanesia,,VU-->AS,VU-->AS,VU-->AS,VU-->AS,VU-->AS,VU-->AS,VU-->AS,VU-->AS,VU-->AS,VU-->AS,VU-->AS,VU-->AS,VU-->AS,VU-->AS,VU-->AS,VU-->AS,VU-->AS,VU-->AS,VU-->AS,,,,,,,,,,,,,,,,,AS-->VU,AS-->VU,AS-->VU,AS-->VU,AS-->VU,AS-->VU,AS-->VU,AS-->VU,AS-->VU,AS-->VU,AS-->VU,AS-->VU,AS-->VU,AS-->VU,AS-->VU,AS-->VU,AS-->VU,AS-->VU,AS-->VU
VE,VEN,Venezuela,Caracas,Americas,South America,,VE-->AS,VE-->AS,VE-->AS,VE-->AS,VE-->AS,VE-->AS,VE-->AS,VE-->AS,VE-->AS,VE-->AS,VE-->AS,VE-->AS,VE-->AS,VE-->AS,VE-->AS,VE-->AS,VE-->AS,VE-->AS,VE-->AS,,,,,,,,,,,,,,,,,AS-->VE,AS-->VE,AS-->VE,AS-->VE,AS-->VE,AS-->VE,AS-->VE,AS-->VE,AS-->VE,AS-->VE,AS-->VE,AS-->VE,AS-->VE,AS-->VE,AS-->VE,AS-->VE,AS-->VE,AS-->VE,AS-->VE
VN,VNM,Vietnam,Hanoi,Asia,South-Eastern Asia,,VN-->AS,VN-->AS,VN-->AS,VN-->AS,VN-->AS,VN-->AS,VN-->AS,VN-->AS,VN-->AS,VN-->AS,VN-->AS,VN-->AS,VN-->AS,VN-->AS,VN-->AS,VN-->AS,VN-->AS,VN-->AS,VN-->AS,,,,,,,,,,,,,,,,,AS-->VN,AS-->VN,AS-->VN,AS-->VN,AS-->VN,AS-->VN,AS-->VN,AS-->VN,AS-->VN,AS-->VN,AS-->VN,AS-->VN,AS-->VN,AS-->VN,AS-->VN,AS-->VN,AS-->VN,AS-->VN,AS-->VN
WF,WLF,Wallis and Futuna,Mata-Utu,Oceania,Polynesia,,WF-->AS,WF-->AS,WF-->AS,WF-->AS,WF-->AS,WF-->AS,WF-->AS,WF-->AS,WF-->AS,WF-->AS,WF-->AS,WF-->AS,WF-->AS,WF-->AS,WF-->AS,WF-->AS,WF-->AS,WF-->AS,WF-->AS,,,,,,,,,,,,,,,,,AS-->WF,AS-->WF,AS-->WF,AS-->WF,AS-->WF,AS-->WF,AS-->WF,AS-->WF,AS-->WF,AS-->WF,AS-->WF,AS-->WF,AS-->WF,AS-->WF,AS-->WF,AS-->WF,AS-->WF,AS-->WF,AS-->WF
EH,ESH,Western Sahara,El Aaiún,Africa,Northern Africa,,EH-->AS,EH-->AS,EH-->AS,EH-->AS,EH-->AS,EH-->AS,EH-->AS,EH-->AS,EH-->AS,EH-->AS,EH-->AS,EH-->AS,EH-->AS,EH-->AS,EH-->AS,EH-->AS,EH-->AS,EH-->AS,EH-->AS,,,,,,,,,,,,,,,,,AS-->EH,AS-->EH,AS-->EH,AS-->EH,AS-->EH,AS-->EH,AS-->EH,AS-->EH,AS-->EH,AS-->EH,AS-->EH,AS-->EH,AS-->EH,AS-->EH,AS-->EH,AS-->EH,AS-->EH,AS-->EH,AS-->EH
YE,YEM,Yemen,Sana'a,Asia,Western Asia,,YE-->AS,YE-->AS,YE-->AS,YE-->AS,YE-->AS,YE-->AS,YE-->AS,YE-->AS,YE-->AS,YE-->AS,YE-->AS,YE-->AS,YE-->AS,YE-->AS,YE-->AS,YE-->AS,YE-->AS,YE-->AS,YE-->AS,,,,,,,,,,,,,,,,,AS-->YE,AS-->YE,AS-->YE,AS-->YE,AS-->YE,AS-->YE,AS-->YE,AS-->YE,AS-->YE,AS-->YE,AS-->YE,AS-->YE,AS-->YE,AS-->YE,AS-->YE,AS-->YE,AS-->YE,AS-->YE,AS-->YE
ZM,ZMB,Zambia,Lusaka,Africa,Eastern Africa,,ZM-->AS,ZM-->AS,ZM-->AS,ZM-->AS,ZM-->AS,ZM-->AS,ZM-->AS,ZM-->AS,ZM-->AS,ZM-->AS,ZM-->AS,ZM-->AS,ZM-->AS,ZM-->AS,ZM-->AS,ZM-->AS,ZM-->AS,ZM-->AS,ZM-->AS,,,,,,,,,,,,,,,,,AS-->ZM,AS-->ZM,AS-->ZM,AS-->ZM,AS-->ZM,AS-->ZM,AS-->ZM,AS-->ZM,AS-->ZM,AS-->ZM,AS-->ZM,AS-->ZM,AS-->ZM,AS-->ZM,AS-->ZM,AS-->ZM,AS-->ZM,AS-->ZM,AS-->ZM
ZW,ZWE,Zimbabwe,Harare,Africa,Eastern Africa,,ZW-->AS,ZW-->AS,ZW-->AS,ZW-->AS,ZW-->AS,ZW-->AS,ZW-->AS,ZW-->AS,ZW-->AS,ZW-->AS,ZW-->AS,ZW-->AS,ZW-->AS,ZW-->AS,ZW-->AS,ZW-->AS,ZW-->AS,ZW-->AS,ZW-->AS,,,,,,,,,,,,,,,,,AS-->ZW,AS-->ZW,AS-->ZW,AS-->ZW,AS-->ZW,AS-->ZW,AS-->ZW,AS-->ZW,AS-->ZW,AS-->ZW,AS-->ZW,AS-->ZW,AS-->ZW,AS-->ZW,AS-->ZW,AS-->ZW,AS-->ZW,AS-->ZW,AS-->ZW
