nu,code,name,capital,region,subregion,Unnamed: 6,quara/into/where/e,quara/into/where/v,quara/into/where/uv,quara/into/min/e,quara/into/min/v,quara/into/min/uv,quara/into/max/e,quara/into/max/v,quara/into/max/uv,quara/into/comment,test/into/pcr/e,test/into/pcr/v,test/into/pcr/uv,test/into/ag/e,test/into/ag/v,test/into/ag/uv,test/into/comment,visa/into,visa/into/comment,loadStates/into,Unnamed: 27,Unnamed: 28,Unnamed: 29,Unnamed: 30,Unnamed: 31,Unnamed: 32,Unnamed: 33,Unnamed: 34,Unnamed: 35,Unnamed: 36,Unnamed: 37,Unnamed: 38,Unnamed: 39,Unnamed: 40,Unnamed: 41,quara/out/where/e,quara/out/where/v,quara/out/where/uv,quara/out/min/e,quara/out/min/v,quara/out/min/uv,quara/out/max/e,quara/out/max/v,quara/out/max/uv,quara/out/comment,test/out/pcr/e,test/out/pcr/v,test/out/pcr/uv,test/out/ag/e,test/out/ag/v,test/out/ag/uv,test/out/comment,visa/out,visa/out/comment
AF,AFG,Afghanistan,Kabul,Asia,Southern Asia,,AF-->KE,AF-->KE,AF-->KE,AF-->KE,AF-->KE,AF-->KE,AF-->KE,AF-->KE,AF-->KE,AF-->KE,AF-->KE,AF-->KE,AF-->KE,AF-->KE,AF-->KE,AF-->KE,AF-->KE,AF-->KE,AF-->KE,,,,,,,,,,,,,,,,,KE-->AF,KE-->AF,KE-->AF,KE-->AF,KE-->AF,KE-->AF,KE-->AF,KE-->AF,KE-->AF,KE-->AF,KE-->AF,KE-->AF,KE-->AF,KE-->AF,KE-->AF,KE-->AF,KE-->AF,KE-->AF,KE-->AF
AX,ALA,Åland Islands,Mariehamn,Europe,Northern Europe,,AX-->KE,AX-->KE,AX-->KE,AX-->KE,AX-->KE,AX-->KE,AX-->KE,AX-->KE,AX-->KE,AX-->KE,AX-->KE,AX-->KE,AX-->KE,AX-->KE,AX-->KE,AX-->KE,AX-->KE,AX-->KE,AX-->KE,,,,,,,,,,,,,,,,,KE-->AX,KE-->AX,KE-->AX,KE-->AX,KE-->AX,KE-->AX,KE-->AX,KE-->AX,KE-->AX,KE-->AX,KE-->AX,KE-->AX,KE-->AX,KE-->AX,KE-->AX,KE-->AX,KE-->AX,KE-->AX,KE-->AX
AL,ALB,Albania,Tirana,Europe,Southern Europe,,AL-->KE,AL-->KE,AL-->KE,AL-->KE,AL-->KE,AL-->KE,AL-->KE,AL-->KE,AL-->KE,AL-->KE,AL-->KE,AL-->KE,AL-->KE,AL-->KE,AL-->KE,AL-->KE,AL-->KE,AL-->KE,AL-->KE,,,,,,,,,,,,,,,,,KE-->AL,KE-->AL,KE-->AL,KE-->AL,KE-->AL,KE-->AL,KE-->AL,KE-->AL,KE-->AL,KE-->AL,KE-->AL,KE-->AL,KE-->AL,KE-->AL,KE-->AL,KE-->AL,KE-->AL,KE-->AL,KE-->AL
DZ,DZA,Algeria,Algiers,Africa,Northern Africa,,DZ-->KE,DZ-->KE,DZ-->KE,DZ-->KE,DZ-->KE,DZ-->KE,DZ-->KE,DZ-->KE,DZ-->KE,DZ-->KE,DZ-->KE,DZ-->KE,DZ-->KE,DZ-->KE,DZ-->KE,DZ-->KE,DZ-->KE,DZ-->KE,DZ-->KE,,,,,,,,,,,,,,,,,KE-->DZ,KE-->DZ,KE-->DZ,KE-->DZ,KE-->DZ,KE-->DZ,KE-->DZ,KE-->DZ,KE-->DZ,KE-->DZ,KE-->DZ,KE-->DZ,KE-->DZ,KE-->DZ,KE-->DZ,KE-->DZ,KE-->DZ,KE-->DZ,KE-->DZ
AS,ASM,American Samoa,Pago Pago,Oceania,Polynesia,,AS-->KE,AS-->KE,AS-->KE,AS-->KE,AS-->KE,AS-->KE,AS-->KE,AS-->KE,AS-->KE,AS-->KE,AS-->KE,AS-->KE,AS-->KE,AS-->KE,AS-->KE,AS-->KE,AS-->KE,AS-->KE,AS-->KE,,,,,,,,,,,,,,,,,KE-->AS,KE-->AS,KE-->AS,KE-->AS,KE-->AS,KE-->AS,KE-->AS,KE-->AS,KE-->AS,KE-->AS,KE-->AS,KE-->AS,KE-->AS,KE-->AS,KE-->AS,KE-->AS,KE-->AS,KE-->AS,KE-->AS
AD,AND,Andorra,Andorra la Vella,Europe,Southern Europe,,AD-->KE,AD-->KE,AD-->KE,AD-->KE,AD-->KE,AD-->KE,AD-->KE,AD-->KE,AD-->KE,AD-->KE,AD-->KE,AD-->KE,AD-->KE,AD-->KE,AD-->KE,AD-->KE,AD-->KE,AD-->KE,AD-->KE,,,,,,,,,,,,,,,,,KE-->AD,KE-->AD,KE-->AD,KE-->AD,KE-->AD,KE-->AD,KE-->AD,KE-->AD,KE-->AD,KE-->AD,KE-->AD,KE-->AD,KE-->AD,KE-->AD,KE-->AD,KE-->AD,KE-->AD,KE-->AD,KE-->AD
AO,AGO,Angola,Luanda,Africa,Middle Africa,,AO-->KE,AO-->KE,AO-->KE,AO-->KE,AO-->KE,AO-->KE,AO-->KE,AO-->KE,AO-->KE,AO-->KE,AO-->KE,AO-->KE,AO-->KE,AO-->KE,AO-->KE,AO-->KE,AO-->KE,AO-->KE,AO-->KE,,,,,,,,,,,,,,,,,KE-->AO,KE-->AO,KE-->AO,KE-->AO,KE-->AO,KE-->AO,KE-->AO,KE-->AO,KE-->AO,KE-->AO,KE-->AO,KE-->AO,KE-->AO,KE-->AO,KE-->AO,KE-->AO,KE-->AO,KE-->AO,KE-->AO
AI,AIA,Anguilla,The Valley,Americas,Caribbean,,AI-->KE,AI-->KE,AI-->KE,AI-->KE,AI-->KE,AI-->KE,AI-->KE,AI-->KE,AI-->KE,AI-->KE,AI-->KE,AI-->KE,AI-->KE,AI-->KE,AI-->KE,AI-->KE,AI-->KE,AI-->KE,AI-->KE,,,,,,,,,,,,,,,,,KE-->AI,KE-->AI,KE-->AI,KE-->AI,KE-->AI,KE-->AI,KE-->AI,KE-->AI,KE-->AI,KE-->AI,KE-->AI,KE-->AI,KE-->AI,KE-->AI,KE-->AI,KE-->AI,KE-->AI,KE-->AI,KE-->AI
AQ,ATA,Antarctica,,Polar,,,AQ-->KE,AQ-->KE,AQ-->KE,AQ-->KE,AQ-->KE,AQ-->KE,AQ-->KE,AQ-->KE,AQ-->KE,AQ-->KE,AQ-->KE,AQ-->KE,AQ-->KE,AQ-->KE,AQ-->KE,AQ-->KE,AQ-->KE,AQ-->KE,AQ-->KE,,,,,,,,,,,,,,,,,KE-->AQ,KE-->AQ,KE-->AQ,KE-->AQ,KE-->AQ,KE-->AQ,KE-->AQ,KE-->AQ,KE-->AQ,KE-->AQ,KE-->AQ,KE-->AQ,KE-->AQ,KE-->AQ,KE-->AQ,KE-->AQ,KE-->AQ,KE-->AQ,KE-->AQ
AG,ATG,Antigua and Barbuda,Saint John's,Americas,Caribbean,,AG-->KE,AG-->KE,AG-->KE,AG-->KE,AG-->KE,AG-->KE,AG-->KE,AG-->KE,AG-->KE,AG-->KE,AG-->KE,AG-->KE,AG-->KE,AG-->KE,AG-->KE,AG-->KE,AG-->KE,AG-->KE,AG-->KE,,,,,,,,,,,,,,,,,KE-->AG,KE-->AG,KE-->AG,KE-->AG,KE-->AG,KE-->AG,KE-->AG,KE-->AG,KE-->AG,KE-->AG,KE-->AG,KE-->AG,KE-->AG,KE-->AG,KE-->AG,KE-->AG,KE-->AG,KE-->AG,KE-->AG
AR,ARG,Argentina,Buenos Aires,Americas,South America,,AR-->KE,AR-->KE,AR-->KE,AR-->KE,AR-->KE,AR-->KE,AR-->KE,AR-->KE,AR-->KE,AR-->KE,AR-->KE,AR-->KE,AR-->KE,AR-->KE,AR-->KE,AR-->KE,AR-->KE,AR-->KE,AR-->KE,,,,,,,,,,,,,,,,,KE-->AR,KE-->AR,KE-->AR,KE-->AR,KE-->AR,KE-->AR,KE-->AR,KE-->AR,KE-->AR,KE-->AR,KE-->AR,KE-->AR,KE-->AR,KE-->AR,KE-->AR,KE-->AR,KE-->AR,KE-->AR,KE-->AR
AM,ARM,Armenia,Yerevan,Asia,Western Asia,,AM-->KE,AM-->KE,AM-->KE,AM-->KE,AM-->KE,AM-->KE,AM-->KE,AM-->KE,AM-->KE,AM-->KE,AM-->KE,AM-->KE,AM-->KE,AM-->KE,AM-->KE,AM-->KE,AM-->KE,AM-->KE,AM-->KE,,,,,,,,,,,,,,,,,KE-->AM,KE-->AM,KE-->AM,KE-->AM,KE-->AM,KE-->AM,KE-->AM,KE-->AM,KE-->AM,KE-->AM,KE-->AM,KE-->AM,KE-->AM,KE-->AM,KE-->AM,KE-->AM,KE-->AM,KE-->AM,KE-->AM
AW,ABW,Aruba,Oranjestad,Americas,Caribbean,,AW-->KE,AW-->KE,AW-->KE,AW-->KE,AW-->KE,AW-->KE,AW-->KE,AW-->KE,AW-->KE,AW-->KE,AW-->KE,AW-->KE,AW-->KE,AW-->KE,AW-->KE,AW-->KE,AW-->KE,AW-->KE,AW-->KE,,,,,,,,,,,,,,,,,KE-->AW,KE-->AW,KE-->AW,KE-->AW,KE-->AW,KE-->AW,KE-->AW,KE-->AW,KE-->AW,KE-->AW,KE-->AW,KE-->AW,KE-->AW,KE-->AW,KE-->AW,KE-->AW,KE-->AW,KE-->AW,KE-->AW
AU,AUS,Australia,Canberra,Oceania,Australia and New Zealand,,AU-->KE,AU-->KE,AU-->KE,AU-->KE,AU-->KE,AU-->KE,AU-->KE,AU-->KE,AU-->KE,AU-->KE,AU-->KE,AU-->KE,AU-->KE,AU-->KE,AU-->KE,AU-->KE,AU-->KE,AU-->KE,AU-->KE,,,,,,,,,,,,,,,,,KE-->AU,KE-->AU,KE-->AU,KE-->AU,KE-->AU,KE-->AU,KE-->AU,KE-->AU,KE-->AU,KE-->AU,KE-->AU,KE-->AU,KE-->AU,KE-->AU,KE-->AU,KE-->AU,KE-->AU,KE-->AU,KE-->AU
AT,AUT,Austria,Vienna,Europe,Western Europe,,AT-->KE,AT-->KE,AT-->KE,AT-->KE,AT-->KE,AT-->KE,AT-->KE,AT-->KE,AT-->KE,AT-->KE,AT-->KE,AT-->KE,AT-->KE,AT-->KE,AT-->KE,AT-->KE,AT-->KE,AT-->KE,AT-->KE,,,,,,,,,,,,,,,,,KE-->AT,KE-->AT,KE-->AT,KE-->AT,KE-->AT,KE-->AT,KE-->AT,KE-->AT,KE-->AT,KE-->AT,KE-->AT,KE-->AT,KE-->AT,KE-->AT,KE-->AT,KE-->AT,KE-->AT,KE-->AT,KE-->AT
AZ,AZE,Azerbaijan,Baku,Asia,Western Asia,,AZ-->KE,AZ-->KE,AZ-->KE,AZ-->KE,AZ-->KE,AZ-->KE,AZ-->KE,AZ-->KE,AZ-->KE,AZ-->KE,AZ-->KE,AZ-->KE,AZ-->KE,AZ-->KE,AZ-->KE,AZ-->KE,AZ-->KE,AZ-->KE,AZ-->KE,,,,,,,,,,,,,,,,,KE-->AZ,KE-->AZ,KE-->AZ,KE-->AZ,KE-->AZ,KE-->AZ,KE-->AZ,KE-->AZ,KE-->AZ,KE-->AZ,KE-->AZ,KE-->AZ,KE-->AZ,KE-->AZ,KE-->AZ,KE-->AZ,KE-->AZ,KE-->AZ,KE-->AZ
BS,BHS,The Bahamas,Nassau,Americas,Caribbean,,BS-->KE,BS-->KE,BS-->KE,BS-->KE,BS-->KE,BS-->KE,BS-->KE,BS-->KE,BS-->KE,BS-->KE,BS-->KE,BS-->KE,BS-->KE,BS-->KE,BS-->KE,BS-->KE,BS-->KE,BS-->KE,BS-->KE,,,,,,,,,,,,,,,,,KE-->BS,KE-->BS,KE-->BS,KE-->BS,KE-->BS,KE-->BS,KE-->BS,KE-->BS,KE-->BS,KE-->BS,KE-->BS,KE-->BS,KE-->BS,KE-->BS,KE-->BS,KE-->BS,KE-->BS,KE-->BS,KE-->BS
BH,BHR,Bahrain,Manama,Asia,Western Asia,,BH-->KE,BH-->KE,BH-->KE,BH-->KE,BH-->KE,BH-->KE,BH-->KE,BH-->KE,BH-->KE,BH-->KE,BH-->KE,BH-->KE,BH-->KE,BH-->KE,BH-->KE,BH-->KE,BH-->KE,BH-->KE,BH-->KE,,,,,,,,,,,,,,,,,KE-->BH,KE-->BH,KE-->BH,KE-->BH,KE-->BH,KE-->BH,KE-->BH,KE-->BH,KE-->BH,KE-->BH,KE-->BH,KE-->BH,KE-->BH,KE-->BH,KE-->BH,KE-->BH,KE-->BH,KE-->BH,KE-->BH
BD,BGD,Bangladesh,Dhaka,Asia,Southern Asia,,BD-->KE,BD-->KE,BD-->KE,BD-->KE,BD-->KE,BD-->KE,BD-->KE,BD-->KE,BD-->KE,BD-->KE,BD-->KE,BD-->KE,BD-->KE,BD-->KE,BD-->KE,BD-->KE,BD-->KE,BD-->KE,BD-->KE,,,,,,,,,,,,,,,,,KE-->BD,KE-->BD,KE-->BD,KE-->BD,KE-->BD,KE-->BD,KE-->BD,KE-->BD,KE-->BD,KE-->BD,KE-->BD,KE-->BD,KE-->BD,KE-->BD,KE-->BD,KE-->BD,KE-->BD,KE-->BD,KE-->BD
BB,BRB,Barbados,Bridgetown,Americas,Caribbean,,BB-->KE,BB-->KE,BB-->KE,BB-->KE,BB-->KE,BB-->KE,BB-->KE,BB-->KE,BB-->KE,BB-->KE,BB-->KE,BB-->KE,BB-->KE,BB-->KE,BB-->KE,BB-->KE,BB-->KE,BB-->KE,BB-->KE,,,,,,,,,,,,,,,,,KE-->BB,KE-->BB,KE-->BB,KE-->BB,KE-->BB,KE-->BB,KE-->BB,KE-->BB,KE-->BB,KE-->BB,KE-->BB,KE-->BB,KE-->BB,KE-->BB,KE-->BB,KE-->BB,KE-->BB,KE-->BB,KE-->BB
BY,BLR,Belarus,Minsk,Europe,Eastern Europe,,BY-->KE,BY-->KE,BY-->KE,BY-->KE,BY-->KE,BY-->KE,BY-->KE,BY-->KE,BY-->KE,BY-->KE,BY-->KE,BY-->KE,BY-->KE,BY-->KE,BY-->KE,BY-->KE,BY-->KE,BY-->KE,BY-->KE,,,,,,,,,,,,,,,,,KE-->BY,KE-->BY,KE-->BY,KE-->BY,KE-->BY,KE-->BY,KE-->BY,KE-->BY,KE-->BY,KE-->BY,KE-->BY,KE-->BY,KE-->BY,KE-->BY,KE-->BY,KE-->BY,KE-->BY,KE-->BY,KE-->BY
BE,BEL,Belgium,Brussels,Europe,Western Europe,,BE-->KE,BE-->KE,BE-->KE,BE-->KE,BE-->KE,BE-->KE,BE-->KE,BE-->KE,BE-->KE,BE-->KE,BE-->KE,BE-->KE,BE-->KE,BE-->KE,BE-->KE,BE-->KE,BE-->KE,BE-->KE,BE-->KE,,,,,,,,,,,,,,,,,KE-->BE,KE-->BE,KE-->BE,KE-->BE,KE-->BE,KE-->BE,KE-->BE,KE-->BE,KE-->BE,KE-->BE,KE-->BE,KE-->BE,KE-->BE,KE-->BE,KE-->BE,KE-->BE,KE-->BE,KE-->BE,KE-->BE
BZ,BLZ,Belize,Belmopan,Americas,Central America,,BZ-->KE,BZ-->KE,BZ-->KE,BZ-->KE,BZ-->KE,BZ-->KE,BZ-->KE,BZ-->KE,BZ-->KE,BZ-->KE,BZ-->KE,BZ-->KE,BZ-->KE,BZ-->KE,BZ-->KE,BZ-->KE,BZ-->KE,BZ-->KE,BZ-->KE,,,,,,,,,,,,,,,,,KE-->BZ,KE-->BZ,KE-->BZ,KE-->BZ,KE-->BZ,KE-->BZ,KE-->BZ,KE-->BZ,KE-->BZ,KE-->BZ,KE-->BZ,KE-->BZ,KE-->BZ,KE-->BZ,KE-->BZ,KE-->BZ,KE-->BZ,KE-->BZ,KE-->BZ
BJ,BEN,Benin,Porto-Novo,Africa,Western Africa,,BJ-->KE,BJ-->KE,BJ-->KE,BJ-->KE,BJ-->KE,BJ-->KE,BJ-->KE,BJ-->KE,BJ-->KE,BJ-->KE,BJ-->KE,BJ-->KE,BJ-->KE,BJ-->KE,BJ-->KE,BJ-->KE,BJ-->KE,BJ-->KE,BJ-->KE,,,,,,,,,,,,,,,,,KE-->BJ,KE-->BJ,KE-->BJ,KE-->BJ,KE-->BJ,KE-->BJ,KE-->BJ,KE-->BJ,KE-->BJ,KE-->BJ,KE-->BJ,KE-->BJ,KE-->BJ,KE-->BJ,KE-->BJ,KE-->BJ,KE-->BJ,KE-->BJ,KE-->BJ
BM,BMU,Bermuda,Hamilton,Americas,Northern America,,BM-->KE,BM-->KE,BM-->KE,BM-->KE,BM-->KE,BM-->KE,BM-->KE,BM-->KE,BM-->KE,BM-->KE,BM-->KE,BM-->KE,BM-->KE,BM-->KE,BM-->KE,BM-->KE,BM-->KE,BM-->KE,BM-->KE,,,,,,,,,,,,,,,,,KE-->BM,KE-->BM,KE-->BM,KE-->BM,KE-->BM,KE-->BM,KE-->BM,KE-->BM,KE-->BM,KE-->BM,KE-->BM,KE-->BM,KE-->BM,KE-->BM,KE-->BM,KE-->BM,KE-->BM,KE-->BM,KE-->BM
BT,BTN,Bhutan,Thimphu,Asia,Southern Asia,,BT-->KE,BT-->KE,BT-->KE,BT-->KE,BT-->KE,BT-->KE,BT-->KE,BT-->KE,BT-->KE,BT-->KE,BT-->KE,BT-->KE,BT-->KE,BT-->KE,BT-->KE,BT-->KE,BT-->KE,BT-->KE,BT-->KE,,,,,,,,,,,,,,,,,KE-->BT,KE-->BT,KE-->BT,KE-->BT,KE-->BT,KE-->BT,KE-->BT,KE-->BT,KE-->BT,KE-->BT,KE-->BT,KE-->BT,KE-->BT,KE-->BT,KE-->BT,KE-->BT,KE-->BT,KE-->BT,KE-->BT
BO,BOL,Bolivia,Sucre,Americas,South America,,BO-->KE,BO-->KE,BO-->KE,BO-->KE,BO-->KE,BO-->KE,BO-->KE,BO-->KE,BO-->KE,BO-->KE,BO-->KE,BO-->KE,BO-->KE,BO-->KE,BO-->KE,BO-->KE,BO-->KE,BO-->KE,BO-->KE,,,,,,,,,,,,,,,,,KE-->BO,KE-->BO,KE-->BO,KE-->BO,KE-->BO,KE-->BO,KE-->BO,KE-->BO,KE-->BO,KE-->BO,KE-->BO,KE-->BO,KE-->BO,KE-->BO,KE-->BO,KE-->BO,KE-->BO,KE-->BO,KE-->BO
BQ,BES,Bonaire,Kralendijk,Americas,Caribbean,,BQ-->KE,BQ-->KE,BQ-->KE,BQ-->KE,BQ-->KE,BQ-->KE,BQ-->KE,BQ-->KE,BQ-->KE,BQ-->KE,BQ-->KE,BQ-->KE,BQ-->KE,BQ-->KE,BQ-->KE,BQ-->KE,BQ-->KE,BQ-->KE,BQ-->KE,,,,,,,,,,,,,,,,,KE-->BQ,KE-->BQ,KE-->BQ,KE-->BQ,KE-->BQ,KE-->BQ,KE-->BQ,KE-->BQ,KE-->BQ,KE-->BQ,KE-->BQ,KE-->BQ,KE-->BQ,KE-->BQ,KE-->BQ,KE-->BQ,KE-->BQ,KE-->BQ,KE-->BQ
BA,BIH,Bosnia and Herzegovina,Sarajevo,Europe,Southern Europe,,BA-->KE,BA-->KE,BA-->KE,BA-->KE,BA-->KE,BA-->KE,BA-->KE,BA-->KE,BA-->KE,BA-->KE,BA-->KE,BA-->KE,BA-->KE,BA-->KE,BA-->KE,BA-->KE,BA-->KE,BA-->KE,BA-->KE,,,,,,,,,,,,,,,,,KE-->BA,KE-->BA,KE-->BA,KE-->BA,KE-->BA,KE-->BA,KE-->BA,KE-->BA,KE-->BA,KE-->BA,KE-->BA,KE-->BA,KE-->BA,KE-->BA,KE-->BA,KE-->BA,KE-->BA,KE-->BA,KE-->BA
BW,BWA,Botswana,Gaborone,Africa,Southern Africa,,BW-->KE,BW-->KE,BW-->KE,BW-->KE,BW-->KE,BW-->KE,BW-->KE,BW-->KE,BW-->KE,BW-->KE,BW-->KE,BW-->KE,BW-->KE,BW-->KE,BW-->KE,BW-->KE,BW-->KE,BW-->KE,BW-->KE,,,,,,,,,,,,,,,,,KE-->BW,KE-->BW,KE-->BW,KE-->BW,KE-->BW,KE-->BW,KE-->BW,KE-->BW,KE-->BW,KE-->BW,KE-->BW,KE-->BW,KE-->BW,KE-->BW,KE-->BW,KE-->BW,KE-->BW,KE-->BW,KE-->BW
BV,BVT,Bouvet Island,,,,,BV-->KE,BV-->KE,BV-->KE,BV-->KE,BV-->KE,BV-->KE,BV-->KE,BV-->KE,BV-->KE,BV-->KE,BV-->KE,BV-->KE,BV-->KE,BV-->KE,BV-->KE,BV-->KE,BV-->KE,BV-->KE,BV-->KE,,,,,,,,,,,,,,,,,KE-->BV,KE-->BV,KE-->BV,KE-->BV,KE-->BV,KE-->BV,KE-->BV,KE-->BV,KE-->BV,KE-->BV,KE-->BV,KE-->BV,KE-->BV,KE-->BV,KE-->BV,KE-->BV,KE-->BV,KE-->BV,KE-->BV
BR,BRA,Brazil,Brasília,Americas,South America,,BR-->KE,BR-->KE,BR-->KE,BR-->KE,BR-->KE,BR-->KE,BR-->KE,BR-->KE,BR-->KE,BR-->KE,BR-->KE,BR-->KE,BR-->KE,BR-->KE,BR-->KE,BR-->KE,BR-->KE,BR-->KE,BR-->KE,,,,,,,,,,,,,,,,,KE-->BR,KE-->BR,KE-->BR,KE-->BR,KE-->BR,KE-->BR,KE-->BR,KE-->BR,KE-->BR,KE-->BR,KE-->BR,KE-->BR,KE-->BR,KE-->BR,KE-->BR,KE-->BR,KE-->BR,KE-->BR,KE-->BR
IO,IOT,British Indian Ocean Territory,Diego Garcia,Africa,Eastern Africa,,IO-->KE,IO-->KE,IO-->KE,IO-->KE,IO-->KE,IO-->KE,IO-->KE,IO-->KE,IO-->KE,IO-->KE,IO-->KE,IO-->KE,IO-->KE,IO-->KE,IO-->KE,IO-->KE,IO-->KE,IO-->KE,IO-->KE,,,,,,,,,,,,,,,,,KE-->IO,KE-->IO,KE-->IO,KE-->IO,KE-->IO,KE-->IO,KE-->IO,KE-->IO,KE-->IO,KE-->IO,KE-->IO,KE-->IO,KE-->IO,KE-->IO,KE-->IO,KE-->IO,KE-->IO,KE-->IO,KE-->IO
UM,UMI,United States Minor Outlying Islands,,Americas,Northern America,,UM-->KE,UM-->KE,UM-->KE,UM-->KE,UM-->KE,UM-->KE,UM-->KE,UM-->KE,UM-->KE,UM-->KE,UM-->KE,UM-->KE,UM-->KE,UM-->KE,UM-->KE,UM-->KE,UM-->KE,UM-->KE,UM-->KE,,,,,,,,,,,,,,,,,KE-->UM,KE-->UM,KE-->UM,KE-->UM,KE-->UM,KE-->UM,KE-->UM,KE-->UM,KE-->UM,KE-->UM,KE-->UM,KE-->UM,KE-->UM,KE-->UM,KE-->UM,KE-->UM,KE-->UM,KE-->UM,KE-->UM
VG,VGB,Virgin Islands (British),Road Town,Americas,Caribbean,,VG-->KE,VG-->KE,VG-->KE,VG-->KE,VG-->KE,VG-->KE,VG-->KE,VG-->KE,VG-->KE,VG-->KE,VG-->KE,VG-->KE,VG-->KE,VG-->KE,VG-->KE,VG-->KE,VG-->KE,VG-->KE,VG-->KE,,,,,,,,,,,,,,,,,KE-->VG,KE-->VG,KE-->VG,KE-->VG,KE-->VG,KE-->VG,KE-->VG,KE-->VG,KE-->VG,KE-->VG,KE-->VG,KE-->VG,KE-->VG,KE-->VG,KE-->VG,KE-->VG,KE-->VG,KE-->VG,KE-->VG
VI,VIR,Virgin Islands (U.S.),Charlotte Amalie,Americas,Caribbean,,VI-->KE,VI-->KE,VI-->KE,VI-->KE,VI-->KE,VI-->KE,VI-->KE,VI-->KE,VI-->KE,VI-->KE,VI-->KE,VI-->KE,VI-->KE,VI-->KE,VI-->KE,VI-->KE,VI-->KE,VI-->KE,VI-->KE,,,,,,,,,,,,,,,,,KE-->VI,KE-->VI,KE-->VI,KE-->VI,KE-->VI,KE-->VI,KE-->VI,KE-->VI,KE-->VI,KE-->VI,KE-->VI,KE-->VI,KE-->VI,KE-->VI,KE-->VI,KE-->VI,KE-->VI,KE-->VI,KE-->VI
BN,BRN,Brunei,Bandar Seri Begawan,Asia,South-Eastern Asia,,BN-->KE,BN-->KE,BN-->KE,BN-->KE,BN-->KE,BN-->KE,BN-->KE,BN-->KE,BN-->KE,BN-->KE,BN-->KE,BN-->KE,BN-->KE,BN-->KE,BN-->KE,BN-->KE,BN-->KE,BN-->KE,BN-->KE,,,,,,,,,,,,,,,,,KE-->BN,KE-->BN,KE-->BN,KE-->BN,KE-->BN,KE-->BN,KE-->BN,KE-->BN,KE-->BN,KE-->BN,KE-->BN,KE-->BN,KE-->BN,KE-->BN,KE-->BN,KE-->BN,KE-->BN,KE-->BN,KE-->BN
BG,BGR,Bulgaria,Sofia,Europe,Eastern Europe,,BG-->KE,BG-->KE,BG-->KE,BG-->KE,BG-->KE,BG-->KE,BG-->KE,BG-->KE,BG-->KE,BG-->KE,BG-->KE,BG-->KE,BG-->KE,BG-->KE,BG-->KE,BG-->KE,BG-->KE,BG-->KE,BG-->KE,,,,,,,,,,,,,,,,,KE-->BG,KE-->BG,KE-->BG,KE-->BG,KE-->BG,KE-->BG,KE-->BG,KE-->BG,KE-->BG,KE-->BG,KE-->BG,KE-->BG,KE-->BG,KE-->BG,KE-->BG,KE-->BG,KE-->BG,KE-->BG,KE-->BG
BF,BFA,Burkina Faso,Ouagadougou,Africa,Western Africa,,BF-->KE,BF-->KE,BF-->KE,BF-->KE,BF-->KE,BF-->KE,BF-->KE,BF-->KE,BF-->KE,BF-->KE,BF-->KE,BF-->KE,BF-->KE,BF-->KE,BF-->KE,BF-->KE,BF-->KE,BF-->KE,BF-->KE,,,,,,,,,,,,,,,,,KE-->BF,KE-->BF,KE-->BF,KE-->BF,KE-->BF,KE-->BF,KE-->BF,KE-->BF,KE-->BF,KE-->BF,KE-->BF,KE-->BF,KE-->BF,KE-->BF,KE-->BF,KE-->BF,KE-->BF,KE-->BF,KE-->BF
BI,BDI,Burundi,Bujumbura,Africa,Eastern Africa,,BI-->KE,BI-->KE,BI-->KE,BI-->KE,BI-->KE,BI-->KE,BI-->KE,BI-->KE,BI-->KE,BI-->KE,BI-->KE,BI-->KE,BI-->KE,BI-->KE,BI-->KE,BI-->KE,BI-->KE,BI-->KE,BI-->KE,,,,,,,,,,,,,,,,,KE-->BI,KE-->BI,KE-->BI,KE-->BI,KE-->BI,KE-->BI,KE-->BI,KE-->BI,KE-->BI,KE-->BI,KE-->BI,KE-->BI,KE-->BI,KE-->BI,KE-->BI,KE-->BI,KE-->BI,KE-->BI,KE-->BI
KH,KHM,Cambodia,Phnom Penh,Asia,South-Eastern Asia,,KH-->KE,KH-->KE,KH-->KE,KH-->KE,KH-->KE,KH-->KE,KH-->KE,KH-->KE,KH-->KE,KH-->KE,KH-->KE,KH-->KE,KH-->KE,KH-->KE,KH-->KE,KH-->KE,KH-->KE,KH-->KE,KH-->KE,,,,,,,,,,,,,,,,,KE-->KH,KE-->KH,KE-->KH,KE-->KH,KE-->KH,KE-->KH,KE-->KH,KE-->KH,KE-->KH,KE-->KH,KE-->KH,KE-->KH,KE-->KH,KE-->KH,KE-->KH,KE-->KH,KE-->KH,KE-->KH,KE-->KH
CM,CMR,Cameroon,Yaoundé,Africa,Middle Africa,,CM-->KE,CM-->KE,CM-->KE,CM-->KE,CM-->KE,CM-->KE,CM-->KE,CM-->KE,CM-->KE,CM-->KE,CM-->KE,CM-->KE,CM-->KE,CM-->KE,CM-->KE,CM-->KE,CM-->KE,CM-->KE,CM-->KE,,,,,,,,,,,,,,,,,KE-->CM,KE-->CM,KE-->CM,KE-->CM,KE-->CM,KE-->CM,KE-->CM,KE-->CM,KE-->CM,KE-->CM,KE-->CM,KE-->CM,KE-->CM,KE-->CM,KE-->CM,KE-->CM,KE-->CM,KE-->CM,KE-->CM
CA,CAN,Canada,Ottawa,Americas,Northern America,,CA-->KE,CA-->KE,CA-->KE,CA-->KE,CA-->KE,CA-->KE,CA-->KE,CA-->KE,CA-->KE,CA-->KE,CA-->KE,CA-->KE,CA-->KE,CA-->KE,CA-->KE,CA-->KE,CA-->KE,CA-->KE,CA-->KE,,,,,,,,,,,,,,,,,KE-->CA,KE-->CA,KE-->CA,KE-->CA,KE-->CA,KE-->CA,KE-->CA,KE-->CA,KE-->CA,KE-->CA,KE-->CA,KE-->CA,KE-->CA,KE-->CA,KE-->CA,KE-->CA,KE-->CA,KE-->CA,KE-->CA
CV,CPV,Cape Verde,Praia,Africa,Western Africa,,CV-->KE,CV-->KE,CV-->KE,CV-->KE,CV-->KE,CV-->KE,CV-->KE,CV-->KE,CV-->KE,CV-->KE,CV-->KE,CV-->KE,CV-->KE,CV-->KE,CV-->KE,CV-->KE,CV-->KE,CV-->KE,CV-->KE,,,,,,,,,,,,,,,,,KE-->CV,KE-->CV,KE-->CV,KE-->CV,KE-->CV,KE-->CV,KE-->CV,KE-->CV,KE-->CV,KE-->CV,KE-->CV,KE-->CV,KE-->CV,KE-->CV,KE-->CV,KE-->CV,KE-->CV,KE-->CV,KE-->CV
KY,CYM,Cayman Islands,George Town,Americas,Caribbean,,KY-->KE,KY-->KE,KY-->KE,KY-->KE,KY-->KE,KY-->KE,KY-->KE,KY-->KE,KY-->KE,KY-->KE,KY-->KE,KY-->KE,KY-->KE,KY-->KE,KY-->KE,KY-->KE,KY-->KE,KY-->KE,KY-->KE,,,,,,,,,,,,,,,,,KE-->KY,KE-->KY,KE-->KY,KE-->KY,KE-->KY,KE-->KY,KE-->KY,KE-->KY,KE-->KY,KE-->KY,KE-->KY,KE-->KY,KE-->KY,KE-->KY,KE-->KY,KE-->KY,KE-->KY,KE-->KY,KE-->KY
CF,CAF,Central African Republic,Bangui,Africa,Middle Africa,,CF-->KE,CF-->KE,CF-->KE,CF-->KE,CF-->KE,CF-->KE,CF-->KE,CF-->KE,CF-->KE,CF-->KE,CF-->KE,CF-->KE,CF-->KE,CF-->KE,CF-->KE,CF-->KE,CF-->KE,CF-->KE,CF-->KE,,,,,,,,,,,,,,,,,KE-->CF,KE-->CF,KE-->CF,KE-->CF,KE-->CF,KE-->CF,KE-->CF,KE-->CF,KE-->CF,KE-->CF,KE-->CF,KE-->CF,KE-->CF,KE-->CF,KE-->CF,KE-->CF,KE-->CF,KE-->CF,KE-->CF
TD,TCD,Chad,N'Djamena,Africa,Middle Africa,,TD-->KE,TD-->KE,TD-->KE,TD-->KE,TD-->KE,TD-->KE,TD-->KE,TD-->KE,TD-->KE,TD-->KE,TD-->KE,TD-->KE,TD-->KE,TD-->KE,TD-->KE,TD-->KE,TD-->KE,TD-->KE,TD-->KE,,,,,,,,,,,,,,,,,KE-->TD,KE-->TD,KE-->TD,KE-->TD,KE-->TD,KE-->TD,KE-->TD,KE-->TD,KE-->TD,KE-->TD,KE-->TD,KE-->TD,KE-->TD,KE-->TD,KE-->TD,KE-->TD,KE-->TD,KE-->TD,KE-->TD
CL,CHL,Chile,Santiago,Americas,South America,,CL-->KE,CL-->KE,CL-->KE,CL-->KE,CL-->KE,CL-->KE,CL-->KE,CL-->KE,CL-->KE,CL-->KE,CL-->KE,CL-->KE,CL-->KE,CL-->KE,CL-->KE,CL-->KE,CL-->KE,CL-->KE,CL-->KE,,,,,,,,,,,,,,,,,KE-->CL,KE-->CL,KE-->CL,KE-->CL,KE-->CL,KE-->CL,KE-->CL,KE-->CL,KE-->CL,KE-->CL,KE-->CL,KE-->CL,KE-->CL,KE-->CL,KE-->CL,KE-->CL,KE-->CL,KE-->CL,KE-->CL
CN,CHN,China,Beijing,Asia,Eastern Asia,,CN-->KE,CN-->KE,CN-->KE,CN-->KE,CN-->KE,CN-->KE,CN-->KE,CN-->KE,CN-->KE,CN-->KE,CN-->KE,CN-->KE,CN-->KE,CN-->KE,CN-->KE,CN-->KE,CN-->KE,CN-->KE,CN-->KE,,,,,,,,,,,,,,,,,KE-->CN,KE-->CN,KE-->CN,KE-->CN,KE-->CN,KE-->CN,KE-->CN,KE-->CN,KE-->CN,KE-->CN,KE-->CN,KE-->CN,KE-->CN,KE-->CN,KE-->CN,KE-->CN,KE-->CN,KE-->CN,KE-->CN
CX,CXR,Christmas Island,Flying Fish Cove,Oceania,Australia and New Zealand,,CX-->KE,CX-->KE,CX-->KE,CX-->KE,CX-->KE,CX-->KE,CX-->KE,CX-->KE,CX-->KE,CX-->KE,CX-->KE,CX-->KE,CX-->KE,CX-->KE,CX-->KE,CX-->KE,CX-->KE,CX-->KE,CX-->KE,,,,,,,,,,,,,,,,,KE-->CX,KE-->CX,KE-->CX,KE-->CX,KE-->CX,KE-->CX,KE-->CX,KE-->CX,KE-->CX,KE-->CX,KE-->CX,KE-->CX,KE-->CX,KE-->CX,KE-->CX,KE-->CX,KE-->CX,KE-->CX,KE-->CX
CC,CCK,Cocos (Keeling) Islands,West Island,Oceania,Australia and New Zealand,,CC-->KE,CC-->KE,CC-->KE,CC-->KE,CC-->KE,CC-->KE,CC-->KE,CC-->KE,CC-->KE,CC-->KE,CC-->KE,CC-->KE,CC-->KE,CC-->KE,CC-->KE,CC-->KE,CC-->KE,CC-->KE,CC-->KE,,,,,,,,,,,,,,,,,KE-->CC,KE-->CC,KE-->CC,KE-->CC,KE-->CC,KE-->CC,KE-->CC,KE-->CC,KE-->CC,KE-->CC,KE-->CC,KE-->CC,KE-->CC,KE-->CC,KE-->CC,KE-->CC,KE-->CC,KE-->CC,KE-->CC
CO,COL,Colombia,Bogotá,Americas,South America,,CO-->KE,CO-->KE,CO-->KE,CO-->KE,CO-->KE,CO-->KE,CO-->KE,CO-->KE,CO-->KE,CO-->KE,CO-->KE,CO-->KE,CO-->KE,CO-->KE,CO-->KE,CO-->KE,CO-->KE,CO-->KE,CO-->KE,,,,,,,,,,,,,,,,,KE-->CO,KE-->CO,KE-->CO,KE-->CO,KE-->CO,KE-->CO,KE-->CO,KE-->CO,KE-->CO,KE-->CO,KE-->CO,KE-->CO,KE-->CO,KE-->CO,KE-->CO,KE-->CO,KE-->CO,KE-->CO,KE-->CO
KM,COM,Comoros,Moroni,Africa,Eastern Africa,,KM-->KE,KM-->KE,KM-->KE,KM-->KE,KM-->KE,KM-->KE,KM-->KE,KM-->KE,KM-->KE,KM-->KE,KM-->KE,KM-->KE,KM-->KE,KM-->KE,KM-->KE,KM-->KE,KM-->KE,KM-->KE,KM-->KE,,,,,,,,,,,,,,,,,KE-->KM,KE-->KM,KE-->KM,KE-->KM,KE-->KM,KE-->KM,KE-->KM,KE-->KM,KE-->KM,KE-->KM,KE-->KM,KE-->KM,KE-->KM,KE-->KM,KE-->KM,KE-->KM,KE-->KM,KE-->KM,KE-->KM
CG,COG,Republic of the Congo,Brazzaville,Africa,Middle Africa,,CG-->KE,CG-->KE,CG-->KE,CG-->KE,CG-->KE,CG-->KE,CG-->KE,CG-->KE,CG-->KE,CG-->KE,CG-->KE,CG-->KE,CG-->KE,CG-->KE,CG-->KE,CG-->KE,CG-->KE,CG-->KE,CG-->KE,,,,,,,,,,,,,,,,,KE-->CG,KE-->CG,KE-->CG,KE-->CG,KE-->CG,KE-->CG,KE-->CG,KE-->CG,KE-->CG,KE-->CG,KE-->CG,KE-->CG,KE-->CG,KE-->CG,KE-->CG,KE-->CG,KE-->CG,KE-->CG,KE-->CG
CD,COD,Democratic Republic of the Congo,Kinshasa,Africa,Middle Africa,,CD-->KE,CD-->KE,CD-->KE,CD-->KE,CD-->KE,CD-->KE,CD-->KE,CD-->KE,CD-->KE,CD-->KE,CD-->KE,CD-->KE,CD-->KE,CD-->KE,CD-->KE,CD-->KE,CD-->KE,CD-->KE,CD-->KE,,,,,,,,,,,,,,,,,KE-->CD,KE-->CD,KE-->CD,KE-->CD,KE-->CD,KE-->CD,KE-->CD,KE-->CD,KE-->CD,KE-->CD,KE-->CD,KE-->CD,KE-->CD,KE-->CD,KE-->CD,KE-->CD,KE-->CD,KE-->CD,KE-->CD
CK,COK,Cook Islands,Avarua,Oceania,Polynesia,,CK-->KE,CK-->KE,CK-->KE,CK-->KE,CK-->KE,CK-->KE,CK-->KE,CK-->KE,CK-->KE,CK-->KE,CK-->KE,CK-->KE,CK-->KE,CK-->KE,CK-->KE,CK-->KE,CK-->KE,CK-->KE,CK-->KE,,,,,,,,,,,,,,,,,KE-->CK,KE-->CK,KE-->CK,KE-->CK,KE-->CK,KE-->CK,KE-->CK,KE-->CK,KE-->CK,KE-->CK,KE-->CK,KE-->CK,KE-->CK,KE-->CK,KE-->CK,KE-->CK,KE-->CK,KE-->CK,KE-->CK
CR,CRI,Costa Rica,San José,Americas,Central America,,CR-->KE,CR-->KE,CR-->KE,CR-->KE,CR-->KE,CR-->KE,CR-->KE,CR-->KE,CR-->KE,CR-->KE,CR-->KE,CR-->KE,CR-->KE,CR-->KE,CR-->KE,CR-->KE,CR-->KE,CR-->KE,CR-->KE,,,,,,,,,,,,,,,,,KE-->CR,KE-->CR,KE-->CR,KE-->CR,KE-->CR,KE-->CR,KE-->CR,KE-->CR,KE-->CR,KE-->CR,KE-->CR,KE-->CR,KE-->CR,KE-->CR,KE-->CR,KE-->CR,KE-->CR,KE-->CR,KE-->CR
HR,HRV,Croatia,Zagreb,Europe,Southern Europe,,HR-->KE,HR-->KE,HR-->KE,HR-->KE,HR-->KE,HR-->KE,HR-->KE,HR-->KE,HR-->KE,HR-->KE,HR-->KE,HR-->KE,HR-->KE,HR-->KE,HR-->KE,HR-->KE,HR-->KE,HR-->KE,HR-->KE,,,,,,,,,,,,,,,,,KE-->HR,KE-->HR,KE-->HR,KE-->HR,KE-->HR,KE-->HR,KE-->HR,KE-->HR,KE-->HR,KE-->HR,KE-->HR,KE-->HR,KE-->HR,KE-->HR,KE-->HR,KE-->HR,KE-->HR,KE-->HR,KE-->HR
CU,CUB,Cuba,Havana,Americas,Caribbean,,CU-->KE,CU-->KE,CU-->KE,CU-->KE,CU-->KE,CU-->KE,CU-->KE,CU-->KE,CU-->KE,CU-->KE,CU-->KE,CU-->KE,CU-->KE,CU-->KE,CU-->KE,CU-->KE,CU-->KE,CU-->KE,CU-->KE,,,,,,,,,,,,,,,,,KE-->CU,KE-->CU,KE-->CU,KE-->CU,KE-->CU,KE-->CU,KE-->CU,KE-->CU,KE-->CU,KE-->CU,KE-->CU,KE-->CU,KE-->CU,KE-->CU,KE-->CU,KE-->CU,KE-->CU,KE-->CU,KE-->CU
CW,CUW,Curaçao,Willemstad,Americas,Caribbean,,CW-->KE,CW-->KE,CW-->KE,CW-->KE,CW-->KE,CW-->KE,CW-->KE,CW-->KE,CW-->KE,CW-->KE,CW-->KE,CW-->KE,CW-->KE,CW-->KE,CW-->KE,CW-->KE,CW-->KE,CW-->KE,CW-->KE,,,,,,,,,,,,,,,,,KE-->CW,KE-->CW,KE-->CW,KE-->CW,KE-->CW,KE-->CW,KE-->CW,KE-->CW,KE-->CW,KE-->CW,KE-->CW,KE-->CW,KE-->CW,KE-->CW,KE-->CW,KE-->CW,KE-->CW,KE-->CW,KE-->CW
CY,CYP,Cyprus,Nicosia,Europe,Southern Europe,,CY-->KE,CY-->KE,CY-->KE,CY-->KE,CY-->KE,CY-->KE,CY-->KE,CY-->KE,CY-->KE,CY-->KE,CY-->KE,CY-->KE,CY-->KE,CY-->KE,CY-->KE,CY-->KE,CY-->KE,CY-->KE,CY-->KE,,,,,,,,,,,,,,,,,KE-->CY,KE-->CY,KE-->CY,KE-->CY,KE-->CY,KE-->CY,KE-->CY,KE-->CY,KE-->CY,KE-->CY,KE-->CY,KE-->CY,KE-->CY,KE-->CY,KE-->CY,KE-->CY,KE-->CY,KE-->CY,KE-->CY
CZ,CZE,Czech Republic,Prague,Europe,Eastern Europe,,CZ-->KE,CZ-->KE,CZ-->KE,CZ-->KE,CZ-->KE,CZ-->KE,CZ-->KE,CZ-->KE,CZ-->KE,CZ-->KE,CZ-->KE,CZ-->KE,CZ-->KE,CZ-->KE,CZ-->KE,CZ-->KE,CZ-->KE,CZ-->KE,CZ-->KE,,,,,,,,,,,,,,,,,KE-->CZ,KE-->CZ,KE-->CZ,KE-->CZ,KE-->CZ,KE-->CZ,KE-->CZ,KE-->CZ,KE-->CZ,KE-->CZ,KE-->CZ,KE-->CZ,KE-->CZ,KE-->CZ,KE-->CZ,KE-->CZ,KE-->CZ,KE-->CZ,KE-->CZ
DK,DNK,Denmark,Copenhagen,Europe,Northern Europe,,DK-->KE,DK-->KE,DK-->KE,DK-->KE,DK-->KE,DK-->KE,DK-->KE,DK-->KE,DK-->KE,DK-->KE,DK-->KE,DK-->KE,DK-->KE,DK-->KE,DK-->KE,DK-->KE,DK-->KE,DK-->KE,DK-->KE,,,,,,,,,,,,,,,,,KE-->DK,KE-->DK,KE-->DK,KE-->DK,KE-->DK,KE-->DK,KE-->DK,KE-->DK,KE-->DK,KE-->DK,KE-->DK,KE-->DK,KE-->DK,KE-->DK,KE-->DK,KE-->DK,KE-->DK,KE-->DK,KE-->DK
DJ,DJI,Djibouti,Djibouti,Africa,Eastern Africa,,DJ-->KE,DJ-->KE,DJ-->KE,DJ-->KE,DJ-->KE,DJ-->KE,DJ-->KE,DJ-->KE,DJ-->KE,DJ-->KE,DJ-->KE,DJ-->KE,DJ-->KE,DJ-->KE,DJ-->KE,DJ-->KE,DJ-->KE,DJ-->KE,DJ-->KE,,,,,,,,,,,,,,,,,KE-->DJ,KE-->DJ,KE-->DJ,KE-->DJ,KE-->DJ,KE-->DJ,KE-->DJ,KE-->DJ,KE-->DJ,KE-->DJ,KE-->DJ,KE-->DJ,KE-->DJ,KE-->DJ,KE-->DJ,KE-->DJ,KE-->DJ,KE-->DJ,KE-->DJ
DM,DMA,Dominica,Roseau,Americas,Caribbean,,DM-->KE,DM-->KE,DM-->KE,DM-->KE,DM-->KE,DM-->KE,DM-->KE,DM-->KE,DM-->KE,DM-->KE,DM-->KE,DM-->KE,DM-->KE,DM-->KE,DM-->KE,DM-->KE,DM-->KE,DM-->KE,DM-->KE,,,,,,,,,,,,,,,,,KE-->DM,KE-->DM,KE-->DM,KE-->DM,KE-->DM,KE-->DM,KE-->DM,KE-->DM,KE-->DM,KE-->DM,KE-->DM,KE-->DM,KE-->DM,KE-->DM,KE-->DM,KE-->DM,KE-->DM,KE-->DM,KE-->DM
DO,DOM,Dominican Republic,Santo Domingo,Americas,Caribbean,,DO-->KE,DO-->KE,DO-->KE,DO-->KE,DO-->KE,DO-->KE,DO-->KE,DO-->KE,DO-->KE,DO-->KE,DO-->KE,DO-->KE,DO-->KE,DO-->KE,DO-->KE,DO-->KE,DO-->KE,DO-->KE,DO-->KE,,,,,,,,,,,,,,,,,KE-->DO,KE-->DO,KE-->DO,KE-->DO,KE-->DO,KE-->DO,KE-->DO,KE-->DO,KE-->DO,KE-->DO,KE-->DO,KE-->DO,KE-->DO,KE-->DO,KE-->DO,KE-->DO,KE-->DO,KE-->DO,KE-->DO
EC,ECU,Ecuador,Quito,Americas,South America,,EC-->KE,EC-->KE,EC-->KE,EC-->KE,EC-->KE,EC-->KE,EC-->KE,EC-->KE,EC-->KE,EC-->KE,EC-->KE,EC-->KE,EC-->KE,EC-->KE,EC-->KE,EC-->KE,EC-->KE,EC-->KE,EC-->KE,,,,,,,,,,,,,,,,,KE-->EC,KE-->EC,KE-->EC,KE-->EC,KE-->EC,KE-->EC,KE-->EC,KE-->EC,KE-->EC,KE-->EC,KE-->EC,KE-->EC,KE-->EC,KE-->EC,KE-->EC,KE-->EC,KE-->EC,KE-->EC,KE-->EC
EG,EGY,Egypt,Cairo,Africa,Northern Africa,,EG-->KE,EG-->KE,EG-->KE,EG-->KE,EG-->KE,EG-->KE,EG-->KE,EG-->KE,EG-->KE,EG-->KE,EG-->KE,EG-->KE,EG-->KE,EG-->KE,EG-->KE,EG-->KE,EG-->KE,EG-->KE,EG-->KE,,,,,,,,,,,,,,,,,KE-->EG,KE-->EG,KE-->EG,KE-->EG,KE-->EG,KE-->EG,KE-->EG,KE-->EG,KE-->EG,KE-->EG,KE-->EG,KE-->EG,KE-->EG,KE-->EG,KE-->EG,KE-->EG,KE-->EG,KE-->EG,KE-->EG
SV,SLV,El Salvador,San Salvador,Americas,Central America,,SV-->KE,SV-->KE,SV-->KE,SV-->KE,SV-->KE,SV-->KE,SV-->KE,SV-->KE,SV-->KE,SV-->KE,SV-->KE,SV-->KE,SV-->KE,SV-->KE,SV-->KE,SV-->KE,SV-->KE,SV-->KE,SV-->KE,,,,,,,,,,,,,,,,,KE-->SV,KE-->SV,KE-->SV,KE-->SV,KE-->SV,KE-->SV,KE-->SV,KE-->SV,KE-->SV,KE-->SV,KE-->SV,KE-->SV,KE-->SV,KE-->SV,KE-->SV,KE-->SV,KE-->SV,KE-->SV,KE-->SV
GQ,GNQ,Equatorial Guinea,Malabo,Africa,Middle Africa,,GQ-->KE,GQ-->KE,GQ-->KE,GQ-->KE,GQ-->KE,GQ-->KE,GQ-->KE,GQ-->KE,GQ-->KE,GQ-->KE,GQ-->KE,GQ-->KE,GQ-->KE,GQ-->KE,GQ-->KE,GQ-->KE,GQ-->KE,GQ-->KE,GQ-->KE,,,,,,,,,,,,,,,,,KE-->GQ,KE-->GQ,KE-->GQ,KE-->GQ,KE-->GQ,KE-->GQ,KE-->GQ,KE-->GQ,KE-->GQ,KE-->GQ,KE-->GQ,KE-->GQ,KE-->GQ,KE-->GQ,KE-->GQ,KE-->GQ,KE-->GQ,KE-->GQ,KE-->GQ
ER,ERI,Eritrea,Asmara,Africa,Eastern Africa,,ER-->KE,ER-->KE,ER-->KE,ER-->KE,ER-->KE,ER-->KE,ER-->KE,ER-->KE,ER-->KE,ER-->KE,ER-->KE,ER-->KE,ER-->KE,ER-->KE,ER-->KE,ER-->KE,ER-->KE,ER-->KE,ER-->KE,,,,,,,,,,,,,,,,,KE-->ER,KE-->ER,KE-->ER,KE-->ER,KE-->ER,KE-->ER,KE-->ER,KE-->ER,KE-->ER,KE-->ER,KE-->ER,KE-->ER,KE-->ER,KE-->ER,KE-->ER,KE-->ER,KE-->ER,KE-->ER,KE-->ER
EE,EST,Estonia,Tallinn,Europe,Northern Europe,,EE-->KE,EE-->KE,EE-->KE,EE-->KE,EE-->KE,EE-->KE,EE-->KE,EE-->KE,EE-->KE,EE-->KE,EE-->KE,EE-->KE,EE-->KE,EE-->KE,EE-->KE,EE-->KE,EE-->KE,EE-->KE,EE-->KE,,,,,,,,,,,,,,,,,KE-->EE,KE-->EE,KE-->EE,KE-->EE,KE-->EE,KE-->EE,KE-->EE,KE-->EE,KE-->EE,KE-->EE,KE-->EE,KE-->EE,KE-->EE,KE-->EE,KE-->EE,KE-->EE,KE-->EE,KE-->EE,KE-->EE
ET,ETH,Ethiopia,Addis Ababa,Africa,Eastern Africa,,ET-->KE,ET-->KE,ET-->KE,ET-->KE,ET-->KE,ET-->KE,ET-->KE,ET-->KE,ET-->KE,ET-->KE,ET-->KE,ET-->KE,ET-->KE,ET-->KE,ET-->KE,ET-->KE,ET-->KE,ET-->KE,ET-->KE,,,,,,,,,,,,,,,,,KE-->ET,KE-->ET,KE-->ET,KE-->ET,KE-->ET,KE-->ET,KE-->ET,KE-->ET,KE-->ET,KE-->ET,KE-->ET,KE-->ET,KE-->ET,KE-->ET,KE-->ET,KE-->ET,KE-->ET,KE-->ET,KE-->ET
FK,FLK,Falkland Islands,Stanley,Americas,South America,,FK-->KE,FK-->KE,FK-->KE,FK-->KE,FK-->KE,FK-->KE,FK-->KE,FK-->KE,FK-->KE,FK-->KE,FK-->KE,FK-->KE,FK-->KE,FK-->KE,FK-->KE,FK-->KE,FK-->KE,FK-->KE,FK-->KE,,,,,,,,,,,,,,,,,KE-->FK,KE-->FK,KE-->FK,KE-->FK,KE-->FK,KE-->FK,KE-->FK,KE-->FK,KE-->FK,KE-->FK,KE-->FK,KE-->FK,KE-->FK,KE-->FK,KE-->FK,KE-->FK,KE-->FK,KE-->FK,KE-->FK
FO,FRO,Faroe Islands,Tórshavn,Europe,Northern Europe,,FO-->KE,FO-->KE,FO-->KE,FO-->KE,FO-->KE,FO-->KE,FO-->KE,FO-->KE,FO-->KE,FO-->KE,FO-->KE,FO-->KE,FO-->KE,FO-->KE,FO-->KE,FO-->KE,FO-->KE,FO-->KE,FO-->KE,,,,,,,,,,,,,,,,,KE-->FO,KE-->FO,KE-->FO,KE-->FO,KE-->FO,KE-->FO,KE-->FO,KE-->FO,KE-->FO,KE-->FO,KE-->FO,KE-->FO,KE-->FO,KE-->FO,KE-->FO,KE-->FO,KE-->FO,KE-->FO,KE-->FO
FJ,FJI,Fiji,Suva,Oceania,Melanesia,,FJ-->KE,FJ-->KE,FJ-->KE,FJ-->KE,FJ-->KE,FJ-->KE,FJ-->KE,FJ-->KE,FJ-->KE,FJ-->KE,FJ-->KE,FJ-->KE,FJ-->KE,FJ-->KE,FJ-->KE,FJ-->KE,FJ-->KE,FJ-->KE,FJ-->KE,,,,,,,,,,,,,,,,,KE-->FJ,KE-->FJ,KE-->FJ,KE-->FJ,KE-->FJ,KE-->FJ,KE-->FJ,KE-->FJ,KE-->FJ,KE-->FJ,KE-->FJ,KE-->FJ,KE-->FJ,KE-->FJ,KE-->FJ,KE-->FJ,KE-->FJ,KE-->FJ,KE-->FJ
FI,FIN,Finland,Helsinki,Europe,Northern Europe,,FI-->KE,FI-->KE,FI-->KE,FI-->KE,FI-->KE,FI-->KE,FI-->KE,FI-->KE,FI-->KE,FI-->KE,FI-->KE,FI-->KE,FI-->KE,FI-->KE,FI-->KE,FI-->KE,FI-->KE,FI-->KE,FI-->KE,,,,,,,,,,,,,,,,,KE-->FI,KE-->FI,KE-->FI,KE-->FI,KE-->FI,KE-->FI,KE-->FI,KE-->FI,KE-->FI,KE-->FI,KE-->FI,KE-->FI,KE-->FI,KE-->FI,KE-->FI,KE-->FI,KE-->FI,KE-->FI,KE-->FI
FR,FRA,France,Paris,Europe,Western Europe,,FR-->KE,FR-->KE,FR-->KE,FR-->KE,FR-->KE,FR-->KE,FR-->KE,FR-->KE,FR-->KE,FR-->KE,FR-->KE,FR-->KE,FR-->KE,FR-->KE,FR-->KE,FR-->KE,FR-->KE,FR-->KE,FR-->KE,,,,,,,,,,,,,,,,,KE-->FR,KE-->FR,KE-->FR,KE-->FR,KE-->FR,KE-->FR,KE-->FR,KE-->FR,KE-->FR,KE-->FR,KE-->FR,KE-->FR,KE-->FR,KE-->FR,KE-->FR,KE-->FR,KE-->FR,KE-->FR,KE-->FR
GF,GUF,French Guiana,Cayenne,Americas,South America,,GF-->KE,GF-->KE,GF-->KE,GF-->KE,GF-->KE,GF-->KE,GF-->KE,GF-->KE,GF-->KE,GF-->KE,GF-->KE,GF-->KE,GF-->KE,GF-->KE,GF-->KE,GF-->KE,GF-->KE,GF-->KE,GF-->KE,,,,,,,,,,,,,,,,,KE-->GF,KE-->GF,KE-->GF,KE-->GF,KE-->GF,KE-->GF,KE-->GF,KE-->GF,KE-->GF,KE-->GF,KE-->GF,KE-->GF,KE-->GF,KE-->GF,KE-->GF,KE-->GF,KE-->GF,KE-->GF,KE-->GF
PF,PYF,French Polynesia,Papeetē,Oceania,Polynesia,,PF-->KE,PF-->KE,PF-->KE,PF-->KE,PF-->KE,PF-->KE,PF-->KE,PF-->KE,PF-->KE,PF-->KE,PF-->KE,PF-->KE,PF-->KE,PF-->KE,PF-->KE,PF-->KE,PF-->KE,PF-->KE,PF-->KE,,,,,,,,,,,,,,,,,KE-->PF,KE-->PF,KE-->PF,KE-->PF,KE-->PF,KE-->PF,KE-->PF,KE-->PF,KE-->PF,KE-->PF,KE-->PF,KE-->PF,KE-->PF,KE-->PF,KE-->PF,KE-->PF,KE-->PF,KE-->PF,KE-->PF
TF,ATF,French Southern and Antarctic Lands,Port-aux-Français,Africa,Southern Africa,,TF-->KE,TF-->KE,TF-->KE,TF-->KE,TF-->KE,TF-->KE,TF-->KE,TF-->KE,TF-->KE,TF-->KE,TF-->KE,TF-->KE,TF-->KE,TF-->KE,TF-->KE,TF-->KE,TF-->KE,TF-->KE,TF-->KE,,,,,,,,,,,,,,,,,KE-->TF,KE-->TF,KE-->TF,KE-->TF,KE-->TF,KE-->TF,KE-->TF,KE-->TF,KE-->TF,KE-->TF,KE-->TF,KE-->TF,KE-->TF,KE-->TF,KE-->TF,KE-->TF,KE-->TF,KE-->TF,KE-->TF
GA,GAB,Gabon,Libreville,Africa,Middle Africa,,GA-->KE,GA-->KE,GA-->KE,GA-->KE,GA-->KE,GA-->KE,GA-->KE,GA-->KE,GA-->KE,GA-->KE,GA-->KE,GA-->KE,GA-->KE,GA-->KE,GA-->KE,GA-->KE,GA-->KE,GA-->KE,GA-->KE,,,,,,,,,,,,,,,,,KE-->GA,KE-->GA,KE-->GA,KE-->GA,KE-->GA,KE-->GA,KE-->GA,KE-->GA,KE-->GA,KE-->GA,KE-->GA,KE-->GA,KE-->GA,KE-->GA,KE-->GA,KE-->GA,KE-->GA,KE-->GA,KE-->GA
GM,GMB,The Gambia,Banjul,Africa,Western Africa,,GM-->KE,GM-->KE,GM-->KE,GM-->KE,GM-->KE,GM-->KE,GM-->KE,GM-->KE,GM-->KE,GM-->KE,GM-->KE,GM-->KE,GM-->KE,GM-->KE,GM-->KE,GM-->KE,GM-->KE,GM-->KE,GM-->KE,,,,,,,,,,,,,,,,,KE-->GM,KE-->GM,KE-->GM,KE-->GM,KE-->GM,KE-->GM,KE-->GM,KE-->GM,KE-->GM,KE-->GM,KE-->GM,KE-->GM,KE-->GM,KE-->GM,KE-->GM,KE-->GM,KE-->GM,KE-->GM,KE-->GM
GE,GEO,Georgia,Tbilisi,Asia,Western Asia,,GE-->KE,GE-->KE,GE-->KE,GE-->KE,GE-->KE,GE-->KE,GE-->KE,GE-->KE,GE-->KE,GE-->KE,GE-->KE,GE-->KE,GE-->KE,GE-->KE,GE-->KE,GE-->KE,GE-->KE,GE-->KE,GE-->KE,,,,,,,,,,,,,,,,,KE-->GE,KE-->GE,KE-->GE,KE-->GE,KE-->GE,KE-->GE,KE-->GE,KE-->GE,KE-->GE,KE-->GE,KE-->GE,KE-->GE,KE-->GE,KE-->GE,KE-->GE,KE-->GE,KE-->GE,KE-->GE,KE-->GE
DE,DEU,Germany,Berlin,Europe,Western Europe,,DE-->KE,DE-->KE,DE-->KE,DE-->KE,DE-->KE,DE-->KE,DE-->KE,DE-->KE,DE-->KE,DE-->KE,DE-->KE,DE-->KE,DE-->KE,DE-->KE,DE-->KE,DE-->KE,DE-->KE,DE-->KE,DE-->KE,,,,,,,,,,,,,,,,,KE-->DE,KE-->DE,KE-->DE,KE-->DE,KE-->DE,KE-->DE,KE-->DE,KE-->DE,KE-->DE,KE-->DE,KE-->DE,KE-->DE,KE-->DE,KE-->DE,KE-->DE,KE-->DE,KE-->DE,KE-->DE,KE-->DE
GH,GHA,Ghana,Accra,Africa,Western Africa,,GH-->KE,GH-->KE,GH-->KE,GH-->KE,GH-->KE,GH-->KE,GH-->KE,GH-->KE,GH-->KE,GH-->KE,GH-->KE,GH-->KE,GH-->KE,GH-->KE,GH-->KE,GH-->KE,GH-->KE,GH-->KE,GH-->KE,,,,,,,,,,,,,,,,,KE-->GH,KE-->GH,KE-->GH,KE-->GH,KE-->GH,KE-->GH,KE-->GH,KE-->GH,KE-->GH,KE-->GH,KE-->GH,KE-->GH,KE-->GH,KE-->GH,KE-->GH,KE-->GH,KE-->GH,KE-->GH,KE-->GH
GI,GIB,Gibraltar,Gibraltar,Europe,Southern Europe,,GI-->KE,GI-->KE,GI-->KE,GI-->KE,GI-->KE,GI-->KE,GI-->KE,GI-->KE,GI-->KE,GI-->KE,GI-->KE,GI-->KE,GI-->KE,GI-->KE,GI-->KE,GI-->KE,GI-->KE,GI-->KE,GI-->KE,,,,,,,,,,,,,,,,,KE-->GI,KE-->GI,KE-->GI,KE-->GI,KE-->GI,KE-->GI,KE-->GI,KE-->GI,KE-->GI,KE-->GI,KE-->GI,KE-->GI,KE-->GI,KE-->GI,KE-->GI,KE-->GI,KE-->GI,KE-->GI,KE-->GI
GR,GRC,Greece,Athens,Europe,Southern Europe,,GR-->KE,GR-->KE,GR-->KE,GR-->KE,GR-->KE,GR-->KE,GR-->KE,GR-->KE,GR-->KE,GR-->KE,GR-->KE,GR-->KE,GR-->KE,GR-->KE,GR-->KE,GR-->KE,GR-->KE,GR-->KE,GR-->KE,,,,,,,,,,,,,,,,,KE-->GR,KE-->GR,KE-->GR,KE-->GR,KE-->GR,KE-->GR,KE-->GR,KE-->GR,KE-->GR,KE-->GR,KE-->GR,KE-->GR,KE-->GR,KE-->GR,KE-->GR,KE-->GR,KE-->GR,KE-->GR,KE-->GR
GL,GRL,Greenland,Nuuk,Americas,Northern America,,GL-->KE,GL-->KE,GL-->KE,GL-->KE,GL-->KE,GL-->KE,GL-->KE,GL-->KE,GL-->KE,GL-->KE,GL-->KE,GL-->KE,GL-->KE,GL-->KE,GL-->KE,GL-->KE,GL-->KE,GL-->KE,GL-->KE,,,,,,,,,,,,,,,,,KE-->GL,KE-->GL,KE-->GL,KE-->GL,KE-->GL,KE-->GL,KE-->GL,KE-->GL,KE-->GL,KE-->GL,KE-->GL,KE-->GL,KE-->GL,KE-->GL,KE-->GL,KE-->GL,KE-->GL,KE-->GL,KE-->GL
GD,GRD,Grenada,St. George's,Americas,Caribbean,,GD-->KE,GD-->KE,GD-->KE,GD-->KE,GD-->KE,GD-->KE,GD-->KE,GD-->KE,GD-->KE,GD-->KE,GD-->KE,GD-->KE,GD-->KE,GD-->KE,GD-->KE,GD-->KE,GD-->KE,GD-->KE,GD-->KE,,,,,,,,,,,,,,,,,KE-->GD,KE-->GD,KE-->GD,KE-->GD,KE-->GD,KE-->GD,KE-->GD,KE-->GD,KE-->GD,KE-->GD,KE-->GD,KE-->GD,KE-->GD,KE-->GD,KE-->GD,KE-->GD,KE-->GD,KE-->GD,KE-->GD
GP,GLP,Guadeloupe,Basse-Terre,Americas,Caribbean,,GP-->KE,GP-->KE,GP-->KE,GP-->KE,GP-->KE,GP-->KE,GP-->KE,GP-->KE,GP-->KE,GP-->KE,GP-->KE,GP-->KE,GP-->KE,GP-->KE,GP-->KE,GP-->KE,GP-->KE,GP-->KE,GP-->KE,,,,,,,,,,,,,,,,,KE-->GP,KE-->GP,KE-->GP,KE-->GP,KE-->GP,KE-->GP,KE-->GP,KE-->GP,KE-->GP,KE-->GP,KE-->GP,KE-->GP,KE-->GP,KE-->GP,KE-->GP,KE-->GP,KE-->GP,KE-->GP,KE-->GP
GU,GUM,Guam,Hagåtña,Oceania,Micronesia,,GU-->KE,GU-->KE,GU-->KE,GU-->KE,GU-->KE,GU-->KE,GU-->KE,GU-->KE,GU-->KE,GU-->KE,GU-->KE,GU-->KE,GU-->KE,GU-->KE,GU-->KE,GU-->KE,GU-->KE,GU-->KE,GU-->KE,,,,,,,,,,,,,,,,,KE-->GU,KE-->GU,KE-->GU,KE-->GU,KE-->GU,KE-->GU,KE-->GU,KE-->GU,KE-->GU,KE-->GU,KE-->GU,KE-->GU,KE-->GU,KE-->GU,KE-->GU,KE-->GU,KE-->GU,KE-->GU,KE-->GU
GT,GTM,Guatemala,Guatemala City,Americas,Central America,,GT-->KE,GT-->KE,GT-->KE,GT-->KE,GT-->KE,GT-->KE,GT-->KE,GT-->KE,GT-->KE,GT-->KE,GT-->KE,GT-->KE,GT-->KE,GT-->KE,GT-->KE,GT-->KE,GT-->KE,GT-->KE,GT-->KE,,,,,,,,,,,,,,,,,KE-->GT,KE-->GT,KE-->GT,KE-->GT,KE-->GT,KE-->GT,KE-->GT,KE-->GT,KE-->GT,KE-->GT,KE-->GT,KE-->GT,KE-->GT,KE-->GT,KE-->GT,KE-->GT,KE-->GT,KE-->GT,KE-->GT
GG,GGY,Guernsey,St. Peter Port,Europe,Northern Europe,,GG-->KE,GG-->KE,GG-->KE,GG-->KE,GG-->KE,GG-->KE,GG-->KE,GG-->KE,GG-->KE,GG-->KE,GG-->KE,GG-->KE,GG-->KE,GG-->KE,GG-->KE,GG-->KE,GG-->KE,GG-->KE,GG-->KE,,,,,,,,,,,,,,,,,KE-->GG,KE-->GG,KE-->GG,KE-->GG,KE-->GG,KE-->GG,KE-->GG,KE-->GG,KE-->GG,KE-->GG,KE-->GG,KE-->GG,KE-->GG,KE-->GG,KE-->GG,KE-->GG,KE-->GG,KE-->GG,KE-->GG
GN,GIN,Guinea,Conakry,Africa,Western Africa,,GN-->KE,GN-->KE,GN-->KE,GN-->KE,GN-->KE,GN-->KE,GN-->KE,GN-->KE,GN-->KE,GN-->KE,GN-->KE,GN-->KE,GN-->KE,GN-->KE,GN-->KE,GN-->KE,GN-->KE,GN-->KE,GN-->KE,,,,,,,,,,,,,,,,,KE-->GN,KE-->GN,KE-->GN,KE-->GN,KE-->GN,KE-->GN,KE-->GN,KE-->GN,KE-->GN,KE-->GN,KE-->GN,KE-->GN,KE-->GN,KE-->GN,KE-->GN,KE-->GN,KE-->GN,KE-->GN,KE-->GN
GW,GNB,Guinea-Bissau,Bissau,Africa,Western Africa,,GW-->KE,GW-->KE,GW-->KE,GW-->KE,GW-->KE,GW-->KE,GW-->KE,GW-->KE,GW-->KE,GW-->KE,GW-->KE,GW-->KE,GW-->KE,GW-->KE,GW-->KE,GW-->KE,GW-->KE,GW-->KE,GW-->KE,,,,,,,,,,,,,,,,,KE-->GW,KE-->GW,KE-->GW,KE-->GW,KE-->GW,KE-->GW,KE-->GW,KE-->GW,KE-->GW,KE-->GW,KE-->GW,KE-->GW,KE-->GW,KE-->GW,KE-->GW,KE-->GW,KE-->GW,KE-->GW,KE-->GW
GY,GUY,Guyana,Georgetown,Americas,South America,,GY-->KE,GY-->KE,GY-->KE,GY-->KE,GY-->KE,GY-->KE,GY-->KE,GY-->KE,GY-->KE,GY-->KE,GY-->KE,GY-->KE,GY-->KE,GY-->KE,GY-->KE,GY-->KE,GY-->KE,GY-->KE,GY-->KE,,,,,,,,,,,,,,,,,KE-->GY,KE-->GY,KE-->GY,KE-->GY,KE-->GY,KE-->GY,KE-->GY,KE-->GY,KE-->GY,KE-->GY,KE-->GY,KE-->GY,KE-->GY,KE-->GY,KE-->GY,KE-->GY,KE-->GY,KE-->GY,KE-->GY
HT,HTI,Haiti,Port-au-Prince,Americas,Caribbean,,HT-->KE,HT-->KE,HT-->KE,HT-->KE,HT-->KE,HT-->KE,HT-->KE,HT-->KE,HT-->KE,HT-->KE,HT-->KE,HT-->KE,HT-->KE,HT-->KE,HT-->KE,HT-->KE,HT-->KE,HT-->KE,HT-->KE,,,,,,,,,,,,,,,,,KE-->HT,KE-->HT,KE-->HT,KE-->HT,KE-->HT,KE-->HT,KE-->HT,KE-->HT,KE-->HT,KE-->HT,KE-->HT,KE-->HT,KE-->HT,KE-->HT,KE-->HT,KE-->HT,KE-->HT,KE-->HT,KE-->HT
HM,HMD,Heard Island and McDonald Islands,,,,,HM-->KE,HM-->KE,HM-->KE,HM-->KE,HM-->KE,HM-->KE,HM-->KE,HM-->KE,HM-->KE,HM-->KE,HM-->KE,HM-->KE,HM-->KE,HM-->KE,HM-->KE,HM-->KE,HM-->KE,HM-->KE,HM-->KE,,,,,,,,,,,,,,,,,KE-->HM,KE-->HM,KE-->HM,KE-->HM,KE-->HM,KE-->HM,KE-->HM,KE-->HM,KE-->HM,KE-->HM,KE-->HM,KE-->HM,KE-->HM,KE-->HM,KE-->HM,KE-->HM,KE-->HM,KE-->HM,KE-->HM
VA,VAT,Holy See,Rome,Europe,Southern Europe,,VA-->KE,VA-->KE,VA-->KE,VA-->KE,VA-->KE,VA-->KE,VA-->KE,VA-->KE,VA-->KE,VA-->KE,VA-->KE,VA-->KE,VA-->KE,VA-->KE,VA-->KE,VA-->KE,VA-->KE,VA-->KE,VA-->KE,,,,,,,,,,,,,,,,,KE-->VA,KE-->VA,KE-->VA,KE-->VA,KE-->VA,KE-->VA,KE-->VA,KE-->VA,KE-->VA,KE-->VA,KE-->VA,KE-->VA,KE-->VA,KE-->VA,KE-->VA,KE-->VA,KE-->VA,KE-->VA,KE-->VA
HN,HND,Honduras,Tegucigalpa,Americas,Central America,,HN-->KE,HN-->KE,HN-->KE,HN-->KE,HN-->KE,HN-->KE,HN-->KE,HN-->KE,HN-->KE,HN-->KE,HN-->KE,HN-->KE,HN-->KE,HN-->KE,HN-->KE,HN-->KE,HN-->KE,HN-->KE,HN-->KE,,,,,,,,,,,,,,,,,KE-->HN,KE-->HN,KE-->HN,KE-->HN,KE-->HN,KE-->HN,KE-->HN,KE-->HN,KE-->HN,KE-->HN,KE-->HN,KE-->HN,KE-->HN,KE-->HN,KE-->HN,KE-->HN,KE-->HN,KE-->HN,KE-->HN
HK,HKG,Hong Kong,City of Victoria,Asia,Eastern Asia,,HK-->KE,HK-->KE,HK-->KE,HK-->KE,HK-->KE,HK-->KE,HK-->KE,HK-->KE,HK-->KE,HK-->KE,HK-->KE,HK-->KE,HK-->KE,HK-->KE,HK-->KE,HK-->KE,HK-->KE,HK-->KE,HK-->KE,,,,,,,,,,,,,,,,,KE-->HK,KE-->HK,KE-->HK,KE-->HK,KE-->HK,KE-->HK,KE-->HK,KE-->HK,KE-->HK,KE-->HK,KE-->HK,KE-->HK,KE-->HK,KE-->HK,KE-->HK,KE-->HK,KE-->HK,KE-->HK,KE-->HK
HU,HUN,Hungary,Budapest,Europe,Eastern Europe,,HU-->KE,HU-->KE,HU-->KE,HU-->KE,HU-->KE,HU-->KE,HU-->KE,HU-->KE,HU-->KE,HU-->KE,HU-->KE,HU-->KE,HU-->KE,HU-->KE,HU-->KE,HU-->KE,HU-->KE,HU-->KE,HU-->KE,,,,,,,,,,,,,,,,,KE-->HU,KE-->HU,KE-->HU,KE-->HU,KE-->HU,KE-->HU,KE-->HU,KE-->HU,KE-->HU,KE-->HU,KE-->HU,KE-->HU,KE-->HU,KE-->HU,KE-->HU,KE-->HU,KE-->HU,KE-->HU,KE-->HU
IS,ISL,Iceland,Reykjavík,Europe,Northern Europe,,IS-->KE,IS-->KE,IS-->KE,IS-->KE,IS-->KE,IS-->KE,IS-->KE,IS-->KE,IS-->KE,IS-->KE,IS-->KE,IS-->KE,IS-->KE,IS-->KE,IS-->KE,IS-->KE,IS-->KE,IS-->KE,IS-->KE,,,,,,,,,,,,,,,,,KE-->IS,KE-->IS,KE-->IS,KE-->IS,KE-->IS,KE-->IS,KE-->IS,KE-->IS,KE-->IS,KE-->IS,KE-->IS,KE-->IS,KE-->IS,KE-->IS,KE-->IS,KE-->IS,KE-->IS,KE-->IS,KE-->IS
IN,IND,India,New Delhi,Asia,Southern Asia,,IN-->KE,IN-->KE,IN-->KE,IN-->KE,IN-->KE,IN-->KE,IN-->KE,IN-->KE,IN-->KE,IN-->KE,IN-->KE,IN-->KE,IN-->KE,IN-->KE,IN-->KE,IN-->KE,IN-->KE,IN-->KE,IN-->KE,,,,,,,,,,,,,,,,,KE-->IN,KE-->IN,KE-->IN,KE-->IN,KE-->IN,KE-->IN,KE-->IN,KE-->IN,KE-->IN,KE-->IN,KE-->IN,KE-->IN,KE-->IN,KE-->IN,KE-->IN,KE-->IN,KE-->IN,KE-->IN,KE-->IN
ID,IDN,Indonesia,Jakarta,Asia,South-Eastern Asia,,ID-->KE,ID-->KE,ID-->KE,ID-->KE,ID-->KE,ID-->KE,ID-->KE,ID-->KE,ID-->KE,ID-->KE,ID-->KE,ID-->KE,ID-->KE,ID-->KE,ID-->KE,ID-->KE,ID-->KE,ID-->KE,ID-->KE,,,,,,,,,,,,,,,,,KE-->ID,KE-->ID,KE-->ID,KE-->ID,KE-->ID,KE-->ID,KE-->ID,KE-->ID,KE-->ID,KE-->ID,KE-->ID,KE-->ID,KE-->ID,KE-->ID,KE-->ID,KE-->ID,KE-->ID,KE-->ID,KE-->ID
CI,CIV,Ivory Coast,Yamoussoukro,Africa,Western Africa,,CI-->KE,CI-->KE,CI-->KE,CI-->KE,CI-->KE,CI-->KE,CI-->KE,CI-->KE,CI-->KE,CI-->KE,CI-->KE,CI-->KE,CI-->KE,CI-->KE,CI-->KE,CI-->KE,CI-->KE,CI-->KE,CI-->KE,,,,,,,,,,,,,,,,,KE-->CI,KE-->CI,KE-->CI,KE-->CI,KE-->CI,KE-->CI,KE-->CI,KE-->CI,KE-->CI,KE-->CI,KE-->CI,KE-->CI,KE-->CI,KE-->CI,KE-->CI,KE-->CI,KE-->CI,KE-->CI,KE-->CI
IR,IRN,Iran,Tehran,Asia,Southern Asia,,IR-->KE,IR-->KE,IR-->KE,IR-->KE,IR-->KE,IR-->KE,IR-->KE,IR-->KE,IR-->KE,IR-->KE,IR-->KE,IR-->KE,IR-->KE,IR-->KE,IR-->KE,IR-->KE,IR-->KE,IR-->KE,IR-->KE,,,,,,,,,,,,,,,,,KE-->IR,KE-->IR,KE-->IR,KE-->IR,KE-->IR,KE-->IR,KE-->IR,KE-->IR,KE-->IR,KE-->IR,KE-->IR,KE-->IR,KE-->IR,KE-->IR,KE-->IR,KE-->IR,KE-->IR,KE-->IR,KE-->IR
IQ,IRQ,Iraq,Baghdad,Asia,Western Asia,,IQ-->KE,IQ-->KE,IQ-->KE,IQ-->KE,IQ-->KE,IQ-->KE,IQ-->KE,IQ-->KE,IQ-->KE,IQ-->KE,IQ-->KE,IQ-->KE,IQ-->KE,IQ-->KE,IQ-->KE,IQ-->KE,IQ-->KE,IQ-->KE,IQ-->KE,,,,,,,,,,,,,,,,,KE-->IQ,KE-->IQ,KE-->IQ,KE-->IQ,KE-->IQ,KE-->IQ,KE-->IQ,KE-->IQ,KE-->IQ,KE-->IQ,KE-->IQ,KE-->IQ,KE-->IQ,KE-->IQ,KE-->IQ,KE-->IQ,KE-->IQ,KE-->IQ,KE-->IQ
IE,IRL,Republic of Ireland,Dublin,Europe,Northern Europe,,IE-->KE,IE-->KE,IE-->KE,IE-->KE,IE-->KE,IE-->KE,IE-->KE,IE-->KE,IE-->KE,IE-->KE,IE-->KE,IE-->KE,IE-->KE,IE-->KE,IE-->KE,IE-->KE,IE-->KE,IE-->KE,IE-->KE,,,,,,,,,,,,,,,,,KE-->IE,KE-->IE,KE-->IE,KE-->IE,KE-->IE,KE-->IE,KE-->IE,KE-->IE,KE-->IE,KE-->IE,KE-->IE,KE-->IE,KE-->IE,KE-->IE,KE-->IE,KE-->IE,KE-->IE,KE-->IE,KE-->IE
IM,IMN,Isle of Man,Douglas,Europe,Northern Europe,,IM-->KE,IM-->KE,IM-->KE,IM-->KE,IM-->KE,IM-->KE,IM-->KE,IM-->KE,IM-->KE,IM-->KE,IM-->KE,IM-->KE,IM-->KE,IM-->KE,IM-->KE,IM-->KE,IM-->KE,IM-->KE,IM-->KE,,,,,,,,,,,,,,,,,KE-->IM,KE-->IM,KE-->IM,KE-->IM,KE-->IM,KE-->IM,KE-->IM,KE-->IM,KE-->IM,KE-->IM,KE-->IM,KE-->IM,KE-->IM,KE-->IM,KE-->IM,KE-->IM,KE-->IM,KE-->IM,KE-->IM
IL,ISR,Israel,Jerusalem,Asia,Western Asia,,IL-->KE,IL-->KE,IL-->KE,IL-->KE,IL-->KE,IL-->KE,IL-->KE,IL-->KE,IL-->KE,IL-->KE,IL-->KE,IL-->KE,IL-->KE,IL-->KE,IL-->KE,IL-->KE,IL-->KE,IL-->KE,IL-->KE,,,,,,,,,,,,,,,,,KE-->IL,KE-->IL,KE-->IL,KE-->IL,KE-->IL,KE-->IL,KE-->IL,KE-->IL,KE-->IL,KE-->IL,KE-->IL,KE-->IL,KE-->IL,KE-->IL,KE-->IL,KE-->IL,KE-->IL,KE-->IL,KE-->IL
IT,ITA,Italy,Rome,Europe,Southern Europe,,IT-->KE,IT-->KE,IT-->KE,IT-->KE,IT-->KE,IT-->KE,IT-->KE,IT-->KE,IT-->KE,IT-->KE,IT-->KE,IT-->KE,IT-->KE,IT-->KE,IT-->KE,IT-->KE,IT-->KE,IT-->KE,IT-->KE,,,,,,,,,,,,,,,,,KE-->IT,KE-->IT,KE-->IT,KE-->IT,KE-->IT,KE-->IT,KE-->IT,KE-->IT,KE-->IT,KE-->IT,KE-->IT,KE-->IT,KE-->IT,KE-->IT,KE-->IT,KE-->IT,KE-->IT,KE-->IT,KE-->IT
JM,JAM,Jamaica,Kingston,Americas,Caribbean,,JM-->KE,JM-->KE,JM-->KE,JM-->KE,JM-->KE,JM-->KE,JM-->KE,JM-->KE,JM-->KE,JM-->KE,JM-->KE,JM-->KE,JM-->KE,JM-->KE,JM-->KE,JM-->KE,JM-->KE,JM-->KE,JM-->KE,,,,,,,,,,,,,,,,,KE-->JM,KE-->JM,KE-->JM,KE-->JM,KE-->JM,KE-->JM,KE-->JM,KE-->JM,KE-->JM,KE-->JM,KE-->JM,KE-->JM,KE-->JM,KE-->JM,KE-->JM,KE-->JM,KE-->JM,KE-->JM,KE-->JM
JP,JPN,Japan,Tokyo,Asia,Eastern Asia,,JP-->KE,JP-->KE,JP-->KE,JP-->KE,JP-->KE,JP-->KE,JP-->KE,JP-->KE,JP-->KE,JP-->KE,JP-->KE,JP-->KE,JP-->KE,JP-->KE,JP-->KE,JP-->KE,JP-->KE,JP-->KE,JP-->KE,,,,,,,,,,,,,,,,,KE-->JP,KE-->JP,KE-->JP,KE-->JP,KE-->JP,KE-->JP,KE-->JP,KE-->JP,KE-->JP,KE-->JP,KE-->JP,KE-->JP,KE-->JP,KE-->JP,KE-->JP,KE-->JP,KE-->JP,KE-->JP,KE-->JP
JE,JEY,Jersey,Saint Helier,Europe,Northern Europe,,JE-->KE,JE-->KE,JE-->KE,JE-->KE,JE-->KE,JE-->KE,JE-->KE,JE-->KE,JE-->KE,JE-->KE,JE-->KE,JE-->KE,JE-->KE,JE-->KE,JE-->KE,JE-->KE,JE-->KE,JE-->KE,JE-->KE,,,,,,,,,,,,,,,,,KE-->JE,KE-->JE,KE-->JE,KE-->JE,KE-->JE,KE-->JE,KE-->JE,KE-->JE,KE-->JE,KE-->JE,KE-->JE,KE-->JE,KE-->JE,KE-->JE,KE-->JE,KE-->JE,KE-->JE,KE-->JE,KE-->JE
JO,JOR,Jordan,Amman,Asia,Western Asia,,JO-->KE,JO-->KE,JO-->KE,JO-->KE,JO-->KE,JO-->KE,JO-->KE,JO-->KE,JO-->KE,JO-->KE,JO-->KE,JO-->KE,JO-->KE,JO-->KE,JO-->KE,JO-->KE,JO-->KE,JO-->KE,JO-->KE,,,,,,,,,,,,,,,,,KE-->JO,KE-->JO,KE-->JO,KE-->JO,KE-->JO,KE-->JO,KE-->JO,KE-->JO,KE-->JO,KE-->JO,KE-->JO,KE-->JO,KE-->JO,KE-->JO,KE-->JO,KE-->JO,KE-->JO,KE-->JO,KE-->JO
KZ,KAZ,Kazakhstan,Astana,Asia,Central Asia,,KZ-->KE,KZ-->KE,KZ-->KE,KZ-->KE,KZ-->KE,KZ-->KE,KZ-->KE,KZ-->KE,KZ-->KE,KZ-->KE,KZ-->KE,KZ-->KE,KZ-->KE,KZ-->KE,KZ-->KE,KZ-->KE,KZ-->KE,KZ-->KE,KZ-->KE,,,,,,,,,,,,,,,,,KE-->KZ,KE-->KZ,KE-->KZ,KE-->KZ,KE-->KZ,KE-->KZ,KE-->KZ,KE-->KZ,KE-->KZ,KE-->KZ,KE-->KZ,KE-->KZ,KE-->KZ,KE-->KZ,KE-->KZ,KE-->KZ,KE-->KZ,KE-->KZ,KE-->KZ
KE,KEN,Kenya,Nairobi,Africa,Eastern Africa,,KE-->KE,KE-->KE,KE-->KE,KE-->KE,KE-->KE,KE-->KE,KE-->KE,KE-->KE,KE-->KE,KE-->KE,KE-->KE,KE-->KE,KE-->KE,KE-->KE,KE-->KE,KE-->KE,KE-->KE,KE-->KE,KE-->KE,,,,,,,,,,,,,,,,,KE-->KE,KE-->KE,KE-->KE,KE-->KE,KE-->KE,KE-->KE,KE-->KE,KE-->KE,KE-->KE,KE-->KE,KE-->KE,KE-->KE,KE-->KE,KE-->KE,KE-->KE,KE-->KE,KE-->KE,KE-->KE,KE-->KE
KI,KIR,Kiribati,South Tarawa,Oceania,Micronesia,,KI-->KE,KI-->KE,KI-->KE,KI-->KE,KI-->KE,KI-->KE,KI-->KE,KI-->KE,KI-->KE,KI-->KE,KI-->KE,KI-->KE,KI-->KE,KI-->KE,KI-->KE,KI-->KE,KI-->KE,KI-->KE,KI-->KE,,,,,,,,,,,,,,,,,KE-->KI,KE-->KI,KE-->KI,KE-->KI,KE-->KI,KE-->KI,KE-->KI,KE-->KI,KE-->KI,KE-->KI,KE-->KI,KE-->KI,KE-->KI,KE-->KI,KE-->KI,KE-->KI,KE-->KI,KE-->KI,KE-->KI
KW,KWT,Kuwait,Kuwait City,Asia,Western Asia,,KW-->KE,KW-->KE,KW-->KE,KW-->KE,KW-->KE,KW-->KE,KW-->KE,KW-->KE,KW-->KE,KW-->KE,KW-->KE,KW-->KE,KW-->KE,KW-->KE,KW-->KE,KW-->KE,KW-->KE,KW-->KE,KW-->KE,,,,,,,,,,,,,,,,,KE-->KW,KE-->KW,KE-->KW,KE-->KW,KE-->KW,KE-->KW,KE-->KW,KE-->KW,KE-->KW,KE-->KW,KE-->KW,KE-->KW,KE-->KW,KE-->KW,KE-->KW,KE-->KW,KE-->KW,KE-->KW,KE-->KW
KG,KGZ,Kyrgyzstan,Bishkek,Asia,Central Asia,,KG-->KE,KG-->KE,KG-->KE,KG-->KE,KG-->KE,KG-->KE,KG-->KE,KG-->KE,KG-->KE,KG-->KE,KG-->KE,KG-->KE,KG-->KE,KG-->KE,KG-->KE,KG-->KE,KG-->KE,KG-->KE,KG-->KE,,,,,,,,,,,,,,,,,KE-->KG,KE-->KG,KE-->KG,KE-->KG,KE-->KG,KE-->KG,KE-->KG,KE-->KG,KE-->KG,KE-->KG,KE-->KG,KE-->KG,KE-->KG,KE-->KG,KE-->KG,KE-->KG,KE-->KG,KE-->KG,KE-->KG
LA,LAO,Laos,Vientiane,Asia,South-Eastern Asia,,LA-->KE,LA-->KE,LA-->KE,LA-->KE,LA-->KE,LA-->KE,LA-->KE,LA-->KE,LA-->KE,LA-->KE,LA-->KE,LA-->KE,LA-->KE,LA-->KE,LA-->KE,LA-->KE,LA-->KE,LA-->KE,LA-->KE,,,,,,,,,,,,,,,,,KE-->LA,KE-->LA,KE-->LA,KE-->LA,KE-->LA,KE-->LA,KE-->LA,KE-->LA,KE-->LA,KE-->LA,KE-->LA,KE-->LA,KE-->LA,KE-->LA,KE-->LA,KE-->LA,KE-->LA,KE-->LA,KE-->LA
LV,LVA,Latvia,Riga,Europe,Northern Europe,,LV-->KE,LV-->KE,LV-->KE,LV-->KE,LV-->KE,LV-->KE,LV-->KE,LV-->KE,LV-->KE,LV-->KE,LV-->KE,LV-->KE,LV-->KE,LV-->KE,LV-->KE,LV-->KE,LV-->KE,LV-->KE,LV-->KE,,,,,,,,,,,,,,,,,KE-->LV,KE-->LV,KE-->LV,KE-->LV,KE-->LV,KE-->LV,KE-->LV,KE-->LV,KE-->LV,KE-->LV,KE-->LV,KE-->LV,KE-->LV,KE-->LV,KE-->LV,KE-->LV,KE-->LV,KE-->LV,KE-->LV
LB,LBN,Lebanon,Beirut,Asia,Western Asia,,LB-->KE,LB-->KE,LB-->KE,LB-->KE,LB-->KE,LB-->KE,LB-->KE,LB-->KE,LB-->KE,LB-->KE,LB-->KE,LB-->KE,LB-->KE,LB-->KE,LB-->KE,LB-->KE,LB-->KE,LB-->KE,LB-->KE,,,,,,,,,,,,,,,,,KE-->LB,KE-->LB,KE-->LB,KE-->LB,KE-->LB,KE-->LB,KE-->LB,KE-->LB,KE-->LB,KE-->LB,KE-->LB,KE-->LB,KE-->LB,KE-->LB,KE-->LB,KE-->LB,KE-->LB,KE-->LB,KE-->LB
LS,LSO,Lesotho,Maseru,Africa,Southern Africa,,LS-->KE,LS-->KE,LS-->KE,LS-->KE,LS-->KE,LS-->KE,LS-->KE,LS-->KE,LS-->KE,LS-->KE,LS-->KE,LS-->KE,LS-->KE,LS-->KE,LS-->KE,LS-->KE,LS-->KE,LS-->KE,LS-->KE,,,,,,,,,,,,,,,,,KE-->LS,KE-->LS,KE-->LS,KE-->LS,KE-->LS,KE-->LS,KE-->LS,KE-->LS,KE-->LS,KE-->LS,KE-->LS,KE-->LS,KE-->LS,KE-->LS,KE-->LS,KE-->LS,KE-->LS,KE-->LS,KE-->LS
LR,LBR,Liberia,Monrovia,Africa,Western Africa,,LR-->KE,LR-->KE,LR-->KE,LR-->KE,LR-->KE,LR-->KE,LR-->KE,LR-->KE,LR-->KE,LR-->KE,LR-->KE,LR-->KE,LR-->KE,LR-->KE,LR-->KE,LR-->KE,LR-->KE,LR-->KE,LR-->KE,,,,,,,,,,,,,,,,,KE-->LR,KE-->LR,KE-->LR,KE-->LR,KE-->LR,KE-->LR,KE-->LR,KE-->LR,KE-->LR,KE-->LR,KE-->LR,KE-->LR,KE-->LR,KE-->LR,KE-->LR,KE-->LR,KE-->LR,KE-->LR,KE-->LR
LY,LBY,Libya,Tripoli,Africa,Northern Africa,,LY-->KE,LY-->KE,LY-->KE,LY-->KE,LY-->KE,LY-->KE,LY-->KE,LY-->KE,LY-->KE,LY-->KE,LY-->KE,LY-->KE,LY-->KE,LY-->KE,LY-->KE,LY-->KE,LY-->KE,LY-->KE,LY-->KE,,,,,,,,,,,,,,,,,KE-->LY,KE-->LY,KE-->LY,KE-->LY,KE-->LY,KE-->LY,KE-->LY,KE-->LY,KE-->LY,KE-->LY,KE-->LY,KE-->LY,KE-->LY,KE-->LY,KE-->LY,KE-->LY,KE-->LY,KE-->LY,KE-->LY
LI,LIE,Liechtenstein,Vaduz,Europe,Western Europe,,LI-->KE,LI-->KE,LI-->KE,LI-->KE,LI-->KE,LI-->KE,LI-->KE,LI-->KE,LI-->KE,LI-->KE,LI-->KE,LI-->KE,LI-->KE,LI-->KE,LI-->KE,LI-->KE,LI-->KE,LI-->KE,LI-->KE,,,,,,,,,,,,,,,,,KE-->LI,KE-->LI,KE-->LI,KE-->LI,KE-->LI,KE-->LI,KE-->LI,KE-->LI,KE-->LI,KE-->LI,KE-->LI,KE-->LI,KE-->LI,KE-->LI,KE-->LI,KE-->LI,KE-->LI,KE-->LI,KE-->LI
LT,LTU,Lithuania,Vilnius,Europe,Northern Europe,,LT-->KE,LT-->KE,LT-->KE,LT-->KE,LT-->KE,LT-->KE,LT-->KE,LT-->KE,LT-->KE,LT-->KE,LT-->KE,LT-->KE,LT-->KE,LT-->KE,LT-->KE,LT-->KE,LT-->KE,LT-->KE,LT-->KE,,,,,,,,,,,,,,,,,KE-->LT,KE-->LT,KE-->LT,KE-->LT,KE-->LT,KE-->LT,KE-->LT,KE-->LT,KE-->LT,KE-->LT,KE-->LT,KE-->LT,KE-->LT,KE-->LT,KE-->LT,KE-->LT,KE-->LT,KE-->LT,KE-->LT
LU,LUX,Luxembourg,Luxembourg,Europe,Western Europe,,LU-->KE,LU-->KE,LU-->KE,LU-->KE,LU-->KE,LU-->KE,LU-->KE,LU-->KE,LU-->KE,LU-->KE,LU-->KE,LU-->KE,LU-->KE,LU-->KE,LU-->KE,LU-->KE,LU-->KE,LU-->KE,LU-->KE,,,,,,,,,,,,,,,,,KE-->LU,KE-->LU,KE-->LU,KE-->LU,KE-->LU,KE-->LU,KE-->LU,KE-->LU,KE-->LU,KE-->LU,KE-->LU,KE-->LU,KE-->LU,KE-->LU,KE-->LU,KE-->LU,KE-->LU,KE-->LU,KE-->LU
MO,MAC,Macau,,Asia,Eastern Asia,,MO-->KE,MO-->KE,MO-->KE,MO-->KE,MO-->KE,MO-->KE,MO-->KE,MO-->KE,MO-->KE,MO-->KE,MO-->KE,MO-->KE,MO-->KE,MO-->KE,MO-->KE,MO-->KE,MO-->KE,MO-->KE,MO-->KE,,,,,,,,,,,,,,,,,KE-->MO,KE-->MO,KE-->MO,KE-->MO,KE-->MO,KE-->MO,KE-->MO,KE-->MO,KE-->MO,KE-->MO,KE-->MO,KE-->MO,KE-->MO,KE-->MO,KE-->MO,KE-->MO,KE-->MO,KE-->MO,KE-->MO
MK,MKD,Republic of Macedonia,Skopje,Europe,Southern Europe,,MK-->KE,MK-->KE,MK-->KE,MK-->KE,MK-->KE,MK-->KE,MK-->KE,MK-->KE,MK-->KE,MK-->KE,MK-->KE,MK-->KE,MK-->KE,MK-->KE,MK-->KE,MK-->KE,MK-->KE,MK-->KE,MK-->KE,,,,,,,,,,,,,,,,,KE-->MK,KE-->MK,KE-->MK,KE-->MK,KE-->MK,KE-->MK,KE-->MK,KE-->MK,KE-->MK,KE-->MK,KE-->MK,KE-->MK,KE-->MK,KE-->MK,KE-->MK,KE-->MK,KE-->MK,KE-->MK,KE-->MK
MG,MDG,Madagascar,Antananarivo,Africa,Eastern Africa,,MG-->KE,MG-->KE,MG-->KE,MG-->KE,MG-->KE,MG-->KE,MG-->KE,MG-->KE,MG-->KE,MG-->KE,MG-->KE,MG-->KE,MG-->KE,MG-->KE,MG-->KE,MG-->KE,MG-->KE,MG-->KE,MG-->KE,,,,,,,,,,,,,,,,,KE-->MG,KE-->MG,KE-->MG,KE-->MG,KE-->MG,KE-->MG,KE-->MG,KE-->MG,KE-->MG,KE-->MG,KE-->MG,KE-->MG,KE-->MG,KE-->MG,KE-->MG,KE-->MG,KE-->MG,KE-->MG,KE-->MG
MW,MWI,Malawi,Lilongwe,Africa,Eastern Africa,,MW-->KE,MW-->KE,MW-->KE,MW-->KE,MW-->KE,MW-->KE,MW-->KE,MW-->KE,MW-->KE,MW-->KE,MW-->KE,MW-->KE,MW-->KE,MW-->KE,MW-->KE,MW-->KE,MW-->KE,MW-->KE,MW-->KE,,,,,,,,,,,,,,,,,KE-->MW,KE-->MW,KE-->MW,KE-->MW,KE-->MW,KE-->MW,KE-->MW,KE-->MW,KE-->MW,KE-->MW,KE-->MW,KE-->MW,KE-->MW,KE-->MW,KE-->MW,KE-->MW,KE-->MW,KE-->MW,KE-->MW
MY,MYS,Malaysia,Kuala Lumpur,Asia,South-Eastern Asia,,MY-->KE,MY-->KE,MY-->KE,MY-->KE,MY-->KE,MY-->KE,MY-->KE,MY-->KE,MY-->KE,MY-->KE,MY-->KE,MY-->KE,MY-->KE,MY-->KE,MY-->KE,MY-->KE,MY-->KE,MY-->KE,MY-->KE,,,,,,,,,,,,,,,,,KE-->MY,KE-->MY,KE-->MY,KE-->MY,KE-->MY,KE-->MY,KE-->MY,KE-->MY,KE-->MY,KE-->MY,KE-->MY,KE-->MY,KE-->MY,KE-->MY,KE-->MY,KE-->MY,KE-->MY,KE-->MY,KE-->MY
MV,MDV,Maldives,Malé,Asia,Southern Asia,,MV-->KE,MV-->KE,MV-->KE,MV-->KE,MV-->KE,MV-->KE,MV-->KE,MV-->KE,MV-->KE,MV-->KE,MV-->KE,MV-->KE,MV-->KE,MV-->KE,MV-->KE,MV-->KE,MV-->KE,MV-->KE,MV-->KE,,,,,,,,,,,,,,,,,KE-->MV,KE-->MV,KE-->MV,KE-->MV,KE-->MV,KE-->MV,KE-->MV,KE-->MV,KE-->MV,KE-->MV,KE-->MV,KE-->MV,KE-->MV,KE-->MV,KE-->MV,KE-->MV,KE-->MV,KE-->MV,KE-->MV
ML,MLI,Mali,Bamako,Africa,Western Africa,,ML-->KE,ML-->KE,ML-->KE,ML-->KE,ML-->KE,ML-->KE,ML-->KE,ML-->KE,ML-->KE,ML-->KE,ML-->KE,ML-->KE,ML-->KE,ML-->KE,ML-->KE,ML-->KE,ML-->KE,ML-->KE,ML-->KE,,,,,,,,,,,,,,,,,KE-->ML,KE-->ML,KE-->ML,KE-->ML,KE-->ML,KE-->ML,KE-->ML,KE-->ML,KE-->ML,KE-->ML,KE-->ML,KE-->ML,KE-->ML,KE-->ML,KE-->ML,KE-->ML,KE-->ML,KE-->ML,KE-->ML
MT,MLT,Malta,Valletta,Europe,Southern Europe,,MT-->KE,MT-->KE,MT-->KE,MT-->KE,MT-->KE,MT-->KE,MT-->KE,MT-->KE,MT-->KE,MT-->KE,MT-->KE,MT-->KE,MT-->KE,MT-->KE,MT-->KE,MT-->KE,MT-->KE,MT-->KE,MT-->KE,,,,,,,,,,,,,,,,,KE-->MT,KE-->MT,KE-->MT,KE-->MT,KE-->MT,KE-->MT,KE-->MT,KE-->MT,KE-->MT,KE-->MT,KE-->MT,KE-->MT,KE-->MT,KE-->MT,KE-->MT,KE-->MT,KE-->MT,KE-->MT,KE-->MT
MH,MHL,Marshall Islands,Majuro,Oceania,Micronesia,,MH-->KE,MH-->KE,MH-->KE,MH-->KE,MH-->KE,MH-->KE,MH-->KE,MH-->KE,MH-->KE,MH-->KE,MH-->KE,MH-->KE,MH-->KE,MH-->KE,MH-->KE,MH-->KE,MH-->KE,MH-->KE,MH-->KE,,,,,,,,,,,,,,,,,KE-->MH,KE-->MH,KE-->MH,KE-->MH,KE-->MH,KE-->MH,KE-->MH,KE-->MH,KE-->MH,KE-->MH,KE-->MH,KE-->MH,KE-->MH,KE-->MH,KE-->MH,KE-->MH,KE-->MH,KE-->MH,KE-->MH
MQ,MTQ,Martinique,Fort-de-France,Americas,Caribbean,,MQ-->KE,MQ-->KE,MQ-->KE,MQ-->KE,MQ-->KE,MQ-->KE,MQ-->KE,MQ-->KE,MQ-->KE,MQ-->KE,MQ-->KE,MQ-->KE,MQ-->KE,MQ-->KE,MQ-->KE,MQ-->KE,MQ-->KE,MQ-->KE,MQ-->KE,,,,,,,,,,,,,,,,,KE-->MQ,KE-->MQ,KE-->MQ,KE-->MQ,KE-->MQ,KE-->MQ,KE-->MQ,KE-->MQ,KE-->MQ,KE-->MQ,KE-->MQ,KE-->MQ,KE-->MQ,KE-->MQ,KE-->MQ,KE-->MQ,KE-->MQ,KE-->MQ,KE-->MQ
MR,MRT,Mauritania,Nouakchott,Africa,Western Africa,,MR-->KE,MR-->KE,MR-->KE,MR-->KE,MR-->KE,MR-->KE,MR-->KE,MR-->KE,MR-->KE,MR-->KE,MR-->KE,MR-->KE,MR-->KE,MR-->KE,MR-->KE,MR-->KE,MR-->KE,MR-->KE,MR-->KE,0.0,,,,,,,,,,,,,,,,KE-->MR,KE-->MR,KE-->MR,KE-->MR,KE-->MR,KE-->MR,KE-->MR,KE-->MR,KE-->MR,KE-->MR,KE-->MR,KE-->MR,KE-->MR,KE-->MR,KE-->MR,KE-->MR,KE-->MR,KE-->MR,KE-->MR
MU,MUS,Mauritius,Port Louis,Africa,Eastern Africa,,MU-->KE,MU-->KE,MU-->KE,MU-->KE,MU-->KE,MU-->KE,MU-->KE,MU-->KE,MU-->KE,MU-->KE,MU-->KE,MU-->KE,MU-->KE,MU-->KE,MU-->KE,MU-->KE,MU-->KE,MU-->KE,MU-->KE,,,,,,,,,,,,,,,,,KE-->MU,KE-->MU,KE-->MU,KE-->MU,KE-->MU,KE-->MU,KE-->MU,KE-->MU,KE-->MU,KE-->MU,KE-->MU,KE-->MU,KE-->MU,KE-->MU,KE-->MU,KE-->MU,KE-->MU,KE-->MU,KE-->MU
YT,MYT,Mayotte,Mamoudzou,Africa,Eastern Africa,,YT-->KE,YT-->KE,YT-->KE,YT-->KE,YT-->KE,YT-->KE,YT-->KE,YT-->KE,YT-->KE,YT-->KE,YT-->KE,YT-->KE,YT-->KE,YT-->KE,YT-->KE,YT-->KE,YT-->KE,YT-->KE,YT-->KE,,,,,,,,,,,,,,,,,KE-->YT,KE-->YT,KE-->YT,KE-->YT,KE-->YT,KE-->YT,KE-->YT,KE-->YT,KE-->YT,KE-->YT,KE-->YT,KE-->YT,KE-->YT,KE-->YT,KE-->YT,KE-->YT,KE-->YT,KE-->YT,KE-->YT
MX,MEX,Mexico,Mexico City,Americas,Central America,,MX-->KE,MX-->KE,MX-->KE,MX-->KE,MX-->KE,MX-->KE,MX-->KE,MX-->KE,MX-->KE,MX-->KE,MX-->KE,MX-->KE,MX-->KE,MX-->KE,MX-->KE,MX-->KE,MX-->KE,MX-->KE,MX-->KE,,,,,,,,,,,,,,,,,KE-->MX,KE-->MX,KE-->MX,KE-->MX,KE-->MX,KE-->MX,KE-->MX,KE-->MX,KE-->MX,KE-->MX,KE-->MX,KE-->MX,KE-->MX,KE-->MX,KE-->MX,KE-->MX,KE-->MX,KE-->MX,KE-->MX
FM,FSM,Federated States of Micronesia,Palikir,Oceania,Micronesia,,FM-->KE,FM-->KE,FM-->KE,FM-->KE,FM-->KE,FM-->KE,FM-->KE,FM-->KE,FM-->KE,FM-->KE,FM-->KE,FM-->KE,FM-->KE,FM-->KE,FM-->KE,FM-->KE,FM-->KE,FM-->KE,FM-->KE,,,,,,,,,,,,,,,,,KE-->FM,KE-->FM,KE-->FM,KE-->FM,KE-->FM,KE-->FM,KE-->FM,KE-->FM,KE-->FM,KE-->FM,KE-->FM,KE-->FM,KE-->FM,KE-->FM,KE-->FM,KE-->FM,KE-->FM,KE-->FM,KE-->FM
MD,MDA,Moldova,Chișinău,Europe,Eastern Europe,,MD-->KE,MD-->KE,MD-->KE,MD-->KE,MD-->KE,MD-->KE,MD-->KE,MD-->KE,MD-->KE,MD-->KE,MD-->KE,MD-->KE,MD-->KE,MD-->KE,MD-->KE,MD-->KE,MD-->KE,MD-->KE,MD-->KE,,,,,,,,,,,,,,,,,KE-->MD,KE-->MD,KE-->MD,KE-->MD,KE-->MD,KE-->MD,KE-->MD,KE-->MD,KE-->MD,KE-->MD,KE-->MD,KE-->MD,KE-->MD,KE-->MD,KE-->MD,KE-->MD,KE-->MD,KE-->MD,KE-->MD
MC,MCO,Monaco,Monaco,Europe,Western Europe,,MC-->KE,MC-->KE,MC-->KE,MC-->KE,MC-->KE,MC-->KE,MC-->KE,MC-->KE,MC-->KE,MC-->KE,MC-->KE,MC-->KE,MC-->KE,MC-->KE,MC-->KE,MC-->KE,MC-->KE,MC-->KE,MC-->KE,,,,,,,,,,,,,,,,,KE-->MC,KE-->MC,KE-->MC,KE-->MC,KE-->MC,KE-->MC,KE-->MC,KE-->MC,KE-->MC,KE-->MC,KE-->MC,KE-->MC,KE-->MC,KE-->MC,KE-->MC,KE-->MC,KE-->MC,KE-->MC,KE-->MC
MN,MNG,Mongolia,Ulan Bator,Asia,Eastern Asia,,MN-->KE,MN-->KE,MN-->KE,MN-->KE,MN-->KE,MN-->KE,MN-->KE,MN-->KE,MN-->KE,MN-->KE,MN-->KE,MN-->KE,MN-->KE,MN-->KE,MN-->KE,MN-->KE,MN-->KE,MN-->KE,MN-->KE,,,,,,,,,,,,,,,,,KE-->MN,KE-->MN,KE-->MN,KE-->MN,KE-->MN,KE-->MN,KE-->MN,KE-->MN,KE-->MN,KE-->MN,KE-->MN,KE-->MN,KE-->MN,KE-->MN,KE-->MN,KE-->MN,KE-->MN,KE-->MN,KE-->MN
ME,MNE,Montenegro,Podgorica,Europe,Southern Europe,,ME-->KE,ME-->KE,ME-->KE,ME-->KE,ME-->KE,ME-->KE,ME-->KE,ME-->KE,ME-->KE,ME-->KE,ME-->KE,ME-->KE,ME-->KE,ME-->KE,ME-->KE,ME-->KE,ME-->KE,ME-->KE,ME-->KE,,,,,,,,,,,,,,,,,KE-->ME,KE-->ME,KE-->ME,KE-->ME,KE-->ME,KE-->ME,KE-->ME,KE-->ME,KE-->ME,KE-->ME,KE-->ME,KE-->ME,KE-->ME,KE-->ME,KE-->ME,KE-->ME,KE-->ME,KE-->ME,KE-->ME
MS,MSR,Montserrat,Plymouth,Americas,Caribbean,,MS-->KE,MS-->KE,MS-->KE,MS-->KE,MS-->KE,MS-->KE,MS-->KE,MS-->KE,MS-->KE,MS-->KE,MS-->KE,MS-->KE,MS-->KE,MS-->KE,MS-->KE,MS-->KE,MS-->KE,MS-->KE,MS-->KE,,,,,,,,,,,,,,,,,KE-->MS,KE-->MS,KE-->MS,KE-->MS,KE-->MS,KE-->MS,KE-->MS,KE-->MS,KE-->MS,KE-->MS,KE-->MS,KE-->MS,KE-->MS,KE-->MS,KE-->MS,KE-->MS,KE-->MS,KE-->MS,KE-->MS
MA,MAR,Morocco,Rabat,Africa,Northern Africa,,MA-->KE,MA-->KE,MA-->KE,MA-->KE,MA-->KE,MA-->KE,MA-->KE,MA-->KE,MA-->KE,MA-->KE,MA-->KE,MA-->KE,MA-->KE,MA-->KE,MA-->KE,MA-->KE,MA-->KE,MA-->KE,MA-->KE,,,,,,,,,,,,,,,,,KE-->MA,KE-->MA,KE-->MA,KE-->MA,KE-->MA,KE-->MA,KE-->MA,KE-->MA,KE-->MA,KE-->MA,KE-->MA,KE-->MA,KE-->MA,KE-->MA,KE-->MA,KE-->MA,KE-->MA,KE-->MA,KE-->MA
MZ,MOZ,Mozambique,Maputo,Africa,Eastern Africa,,MZ-->KE,MZ-->KE,MZ-->KE,MZ-->KE,MZ-->KE,MZ-->KE,MZ-->KE,MZ-->KE,MZ-->KE,MZ-->KE,MZ-->KE,MZ-->KE,MZ-->KE,MZ-->KE,MZ-->KE,MZ-->KE,MZ-->KE,MZ-->KE,MZ-->KE,,,,,,,,,,,,,,,,,KE-->MZ,KE-->MZ,KE-->MZ,KE-->MZ,KE-->MZ,KE-->MZ,KE-->MZ,KE-->MZ,KE-->MZ,KE-->MZ,KE-->MZ,KE-->MZ,KE-->MZ,KE-->MZ,KE-->MZ,KE-->MZ,KE-->MZ,KE-->MZ,KE-->MZ
MM,MMR,Myanmar,Naypyidaw,Asia,South-Eastern Asia,,MM-->KE,MM-->KE,MM-->KE,MM-->KE,MM-->KE,MM-->KE,MM-->KE,MM-->KE,MM-->KE,MM-->KE,MM-->KE,MM-->KE,MM-->KE,MM-->KE,MM-->KE,MM-->KE,MM-->KE,MM-->KE,MM-->KE,,,,,,,,,,,,,,,,,KE-->MM,KE-->MM,KE-->MM,KE-->MM,KE-->MM,KE-->MM,KE-->MM,KE-->MM,KE-->MM,KE-->MM,KE-->MM,KE-->MM,KE-->MM,KE-->MM,KE-->MM,KE-->MM,KE-->MM,KE-->MM,KE-->MM
,NAM,Namibia,Windhoek,Africa,Southern Africa,,NA-->KE,NA-->KE,NA-->KE,NA-->KE,NA-->KE,NA-->KE,NA-->KE,NA-->KE,NA-->KE,NA-->KE,NA-->KE,NA-->KE,NA-->KE,NA-->KE,NA-->KE,NA-->KE,NA-->KE,NA-->KE,NA-->KE,,,,,,,,,,,,,,,,,KE-->NA,KE-->NA,KE-->NA,KE-->NA,KE-->NA,KE-->NA,KE-->NA,KE-->NA,KE-->NA,KE-->NA,KE-->NA,KE-->NA,KE-->NA,KE-->NA,KE-->NA,KE-->NA,KE-->NA,KE-->NA,KE-->NA
NR,NRU,Nauru,Yaren,Oceania,Micronesia,,NR-->KE,NR-->KE,NR-->KE,NR-->KE,NR-->KE,NR-->KE,NR-->KE,NR-->KE,NR-->KE,NR-->KE,NR-->KE,NR-->KE,NR-->KE,NR-->KE,NR-->KE,NR-->KE,NR-->KE,NR-->KE,NR-->KE,,,,,,,,,,,,,,,,,KE-->NR,KE-->NR,KE-->NR,KE-->NR,KE-->NR,KE-->NR,KE-->NR,KE-->NR,KE-->NR,KE-->NR,KE-->NR,KE-->NR,KE-->NR,KE-->NR,KE-->NR,KE-->NR,KE-->NR,KE-->NR,KE-->NR
NP,NPL,Nepal,Kathmandu,Asia,Southern Asia,,NP-->KE,NP-->KE,NP-->KE,NP-->KE,NP-->KE,NP-->KE,NP-->KE,NP-->KE,NP-->KE,NP-->KE,NP-->KE,NP-->KE,NP-->KE,NP-->KE,NP-->KE,NP-->KE,NP-->KE,NP-->KE,NP-->KE,,,,,,,,,,,,,,,,,KE-->NP,KE-->NP,KE-->NP,KE-->NP,KE-->NP,KE-->NP,KE-->NP,KE-->NP,KE-->NP,KE-->NP,KE-->NP,KE-->NP,KE-->NP,KE-->NP,KE-->NP,KE-->NP,KE-->NP,KE-->NP,KE-->NP
NL,NLD,Netherlands,Amsterdam,Europe,Western Europe,,NL-->KE,NL-->KE,NL-->KE,NL-->KE,NL-->KE,NL-->KE,NL-->KE,NL-->KE,NL-->KE,NL-->KE,NL-->KE,NL-->KE,NL-->KE,NL-->KE,NL-->KE,NL-->KE,NL-->KE,NL-->KE,NL-->KE,,,,,,,,,,,,,,,,,KE-->NL,KE-->NL,KE-->NL,KE-->NL,KE-->NL,KE-->NL,KE-->NL,KE-->NL,KE-->NL,KE-->NL,KE-->NL,KE-->NL,KE-->NL,KE-->NL,KE-->NL,KE-->NL,KE-->NL,KE-->NL,KE-->NL
NC,NCL,New Caledonia,Nouméa,Oceania,Melanesia,,NC-->KE,NC-->KE,NC-->KE,NC-->KE,NC-->KE,NC-->KE,NC-->KE,NC-->KE,NC-->KE,NC-->KE,NC-->KE,NC-->KE,NC-->KE,NC-->KE,NC-->KE,NC-->KE,NC-->KE,NC-->KE,NC-->KE,,,,,,,,,,,,,,,,,KE-->NC,KE-->NC,KE-->NC,KE-->NC,KE-->NC,KE-->NC,KE-->NC,KE-->NC,KE-->NC,KE-->NC,KE-->NC,KE-->NC,KE-->NC,KE-->NC,KE-->NC,KE-->NC,KE-->NC,KE-->NC,KE-->NC
NZ,NZL,New Zealand,Wellington,Oceania,Australia and New Zealand,,NZ-->KE,NZ-->KE,NZ-->KE,NZ-->KE,NZ-->KE,NZ-->KE,NZ-->KE,NZ-->KE,NZ-->KE,NZ-->KE,NZ-->KE,NZ-->KE,NZ-->KE,NZ-->KE,NZ-->KE,NZ-->KE,NZ-->KE,NZ-->KE,NZ-->KE,,,,,,,,,,,,,,,,,KE-->NZ,KE-->NZ,KE-->NZ,KE-->NZ,KE-->NZ,KE-->NZ,KE-->NZ,KE-->NZ,KE-->NZ,KE-->NZ,KE-->NZ,KE-->NZ,KE-->NZ,KE-->NZ,KE-->NZ,KE-->NZ,KE-->NZ,KE-->NZ,KE-->NZ
NI,NIC,Nicaragua,Managua,Americas,Central America,,NI-->KE,NI-->KE,NI-->KE,NI-->KE,NI-->KE,NI-->KE,NI-->KE,NI-->KE,NI-->KE,NI-->KE,NI-->KE,NI-->KE,NI-->KE,NI-->KE,NI-->KE,NI-->KE,NI-->KE,NI-->KE,NI-->KE,,,,,,,,,,,,,,,,,KE-->NI,KE-->NI,KE-->NI,KE-->NI,KE-->NI,KE-->NI,KE-->NI,KE-->NI,KE-->NI,KE-->NI,KE-->NI,KE-->NI,KE-->NI,KE-->NI,KE-->NI,KE-->NI,KE-->NI,KE-->NI,KE-->NI
NE,NER,Niger,Niamey,Africa,Western Africa,,NE-->KE,NE-->KE,NE-->KE,NE-->KE,NE-->KE,NE-->KE,NE-->KE,NE-->KE,NE-->KE,NE-->KE,NE-->KE,NE-->KE,NE-->KE,NE-->KE,NE-->KE,NE-->KE,NE-->KE,NE-->KE,NE-->KE,,,,,,,,,,,,,,,,,KE-->NE,KE-->NE,KE-->NE,KE-->NE,KE-->NE,KE-->NE,KE-->NE,KE-->NE,KE-->NE,KE-->NE,KE-->NE,KE-->NE,KE-->NE,KE-->NE,KE-->NE,KE-->NE,KE-->NE,KE-->NE,KE-->NE
NG,NGA,Nigeria,Abuja,Africa,Western Africa,,NG-->KE,NG-->KE,NG-->KE,NG-->KE,NG-->KE,NG-->KE,NG-->KE,NG-->KE,NG-->KE,NG-->KE,NG-->KE,NG-->KE,NG-->KE,NG-->KE,NG-->KE,NG-->KE,NG-->KE,NG-->KE,NG-->KE,,,,,,,,,,,,,,,,,KE-->NG,KE-->NG,KE-->NG,KE-->NG,KE-->NG,KE-->NG,KE-->NG,KE-->NG,KE-->NG,KE-->NG,KE-->NG,KE-->NG,KE-->NG,KE-->NG,KE-->NG,KE-->NG,KE-->NG,KE-->NG,KE-->NG
NU,NIU,Niue,Alofi,Oceania,Polynesia,,NU-->KE,NU-->KE,NU-->KE,NU-->KE,NU-->KE,NU-->KE,NU-->KE,NU-->KE,NU-->KE,NU-->KE,NU-->KE,NU-->KE,NU-->KE,NU-->KE,NU-->KE,NU-->KE,NU-->KE,NU-->KE,NU-->KE,,,,,,,,,,,,,,,,,KE-->NU,KE-->NU,KE-->NU,KE-->NU,KE-->NU,KE-->NU,KE-->NU,KE-->NU,KE-->NU,KE-->NU,KE-->NU,KE-->NU,KE-->NU,KE-->NU,KE-->NU,KE-->NU,KE-->NU,KE-->NU,KE-->NU
NF,NFK,Norfolk Island,Kingston,Oceania,Australia and New Zealand,,NF-->KE,NF-->KE,NF-->KE,NF-->KE,NF-->KE,NF-->KE,NF-->KE,NF-->KE,NF-->KE,NF-->KE,NF-->KE,NF-->KE,NF-->KE,NF-->KE,NF-->KE,NF-->KE,NF-->KE,NF-->KE,NF-->KE,,,,,,,,,,,,,,,,,KE-->NF,KE-->NF,KE-->NF,KE-->NF,KE-->NF,KE-->NF,KE-->NF,KE-->NF,KE-->NF,KE-->NF,KE-->NF,KE-->NF,KE-->NF,KE-->NF,KE-->NF,KE-->NF,KE-->NF,KE-->NF,KE-->NF
KP,PRK,North Korea,Pyongyang,Asia,Eastern Asia,,KP-->KE,KP-->KE,KP-->KE,KP-->KE,KP-->KE,KP-->KE,KP-->KE,KP-->KE,KP-->KE,KP-->KE,KP-->KE,KP-->KE,KP-->KE,KP-->KE,KP-->KE,KP-->KE,KP-->KE,KP-->KE,KP-->KE,,,,,,,,,,,,,,,,,KE-->KP,KE-->KP,KE-->KP,KE-->KP,KE-->KP,KE-->KP,KE-->KP,KE-->KP,KE-->KP,KE-->KP,KE-->KP,KE-->KP,KE-->KP,KE-->KP,KE-->KP,KE-->KP,KE-->KP,KE-->KP,KE-->KP
MP,MNP,Northern Mariana Islands,Saipan,Oceania,Micronesia,,MP-->KE,MP-->KE,MP-->KE,MP-->KE,MP-->KE,MP-->KE,MP-->KE,MP-->KE,MP-->KE,MP-->KE,MP-->KE,MP-->KE,MP-->KE,MP-->KE,MP-->KE,MP-->KE,MP-->KE,MP-->KE,MP-->KE,,,,,,,,,,,,,,,,,KE-->MP,KE-->MP,KE-->MP,KE-->MP,KE-->MP,KE-->MP,KE-->MP,KE-->MP,KE-->MP,KE-->MP,KE-->MP,KE-->MP,KE-->MP,KE-->MP,KE-->MP,KE-->MP,KE-->MP,KE-->MP,KE-->MP
NO,NOR,Norway,Oslo,Europe,Northern Europe,,NO-->KE,NO-->KE,NO-->KE,NO-->KE,NO-->KE,NO-->KE,NO-->KE,NO-->KE,NO-->KE,NO-->KE,NO-->KE,NO-->KE,NO-->KE,NO-->KE,NO-->KE,NO-->KE,NO-->KE,NO-->KE,NO-->KE,,,,,,,,,,,,,,,,,KE-->NO,KE-->NO,KE-->NO,KE-->NO,KE-->NO,KE-->NO,KE-->NO,KE-->NO,KE-->NO,KE-->NO,KE-->NO,KE-->NO,KE-->NO,KE-->NO,KE-->NO,KE-->NO,KE-->NO,KE-->NO,KE-->NO
OM,OMN,Oman,Muscat,Asia,Western Asia,,OM-->KE,OM-->KE,OM-->KE,OM-->KE,OM-->KE,OM-->KE,OM-->KE,OM-->KE,OM-->KE,OM-->KE,OM-->KE,OM-->KE,OM-->KE,OM-->KE,OM-->KE,OM-->KE,OM-->KE,OM-->KE,OM-->KE,,,,,,,,,,,,,,,,,KE-->OM,KE-->OM,KE-->OM,KE-->OM,KE-->OM,KE-->OM,KE-->OM,KE-->OM,KE-->OM,KE-->OM,KE-->OM,KE-->OM,KE-->OM,KE-->OM,KE-->OM,KE-->OM,KE-->OM,KE-->OM,KE-->OM
PK,PAK,Pakistan,Islamabad,Asia,Southern Asia,,PK-->KE,PK-->KE,PK-->KE,PK-->KE,PK-->KE,PK-->KE,PK-->KE,PK-->KE,PK-->KE,PK-->KE,PK-->KE,PK-->KE,PK-->KE,PK-->KE,PK-->KE,PK-->KE,PK-->KE,PK-->KE,PK-->KE,,,,,,,,,,,,,,,,,KE-->PK,KE-->PK,KE-->PK,KE-->PK,KE-->PK,KE-->PK,KE-->PK,KE-->PK,KE-->PK,KE-->PK,KE-->PK,KE-->PK,KE-->PK,KE-->PK,KE-->PK,KE-->PK,KE-->PK,KE-->PK,KE-->PK
PW,PLW,Palau,Ngerulmud,Oceania,Micronesia,,PW-->KE,PW-->KE,PW-->KE,PW-->KE,PW-->KE,PW-->KE,PW-->KE,PW-->KE,PW-->KE,PW-->KE,PW-->KE,PW-->KE,PW-->KE,PW-->KE,PW-->KE,PW-->KE,PW-->KE,PW-->KE,PW-->KE,,,,,,,,,,,,,,,,,KE-->PW,KE-->PW,KE-->PW,KE-->PW,KE-->PW,KE-->PW,KE-->PW,KE-->PW,KE-->PW,KE-->PW,KE-->PW,KE-->PW,KE-->PW,KE-->PW,KE-->PW,KE-->PW,KE-->PW,KE-->PW,KE-->PW
PS,PSE,Palestine,Ramallah,Asia,Western Asia,,PS-->KE,PS-->KE,PS-->KE,PS-->KE,PS-->KE,PS-->KE,PS-->KE,PS-->KE,PS-->KE,PS-->KE,PS-->KE,PS-->KE,PS-->KE,PS-->KE,PS-->KE,PS-->KE,PS-->KE,PS-->KE,PS-->KE,,,,,,,,,,,,,,,,,KE-->PS,KE-->PS,KE-->PS,KE-->PS,KE-->PS,KE-->PS,KE-->PS,KE-->PS,KE-->PS,KE-->PS,KE-->PS,KE-->PS,KE-->PS,KE-->PS,KE-->PS,KE-->PS,KE-->PS,KE-->PS,KE-->PS
PA,PAN,Panama,Panama City,Americas,Central America,,PA-->KE,PA-->KE,PA-->KE,PA-->KE,PA-->KE,PA-->KE,PA-->KE,PA-->KE,PA-->KE,PA-->KE,PA-->KE,PA-->KE,PA-->KE,PA-->KE,PA-->KE,PA-->KE,PA-->KE,PA-->KE,PA-->KE,,,,,,,,,,,,,,,,,KE-->PA,KE-->PA,KE-->PA,KE-->PA,KE-->PA,KE-->PA,KE-->PA,KE-->PA,KE-->PA,KE-->PA,KE-->PA,KE-->PA,KE-->PA,KE-->PA,KE-->PA,KE-->PA,KE-->PA,KE-->PA,KE-->PA
PG,PNG,Papua New Guinea,Port Moresby,Oceania,Melanesia,,PG-->KE,PG-->KE,PG-->KE,PG-->KE,PG-->KE,PG-->KE,PG-->KE,PG-->KE,PG-->KE,PG-->KE,PG-->KE,PG-->KE,PG-->KE,PG-->KE,PG-->KE,PG-->KE,PG-->KE,PG-->KE,PG-->KE,,,,,,,,,,,,,,,,,KE-->PG,KE-->PG,KE-->PG,KE-->PG,KE-->PG,KE-->PG,KE-->PG,KE-->PG,KE-->PG,KE-->PG,KE-->PG,KE-->PG,KE-->PG,KE-->PG,KE-->PG,KE-->PG,KE-->PG,KE-->PG,KE-->PG
PY,PRY,Paraguay,Asunción,Americas,South America,,PY-->KE,PY-->KE,PY-->KE,PY-->KE,PY-->KE,PY-->KE,PY-->KE,PY-->KE,PY-->KE,PY-->KE,PY-->KE,PY-->KE,PY-->KE,PY-->KE,PY-->KE,PY-->KE,PY-->KE,PY-->KE,PY-->KE,,,,,,,,,,,,,,,,,KE-->PY,KE-->PY,KE-->PY,KE-->PY,KE-->PY,KE-->PY,KE-->PY,KE-->PY,KE-->PY,KE-->PY,KE-->PY,KE-->PY,KE-->PY,KE-->PY,KE-->PY,KE-->PY,KE-->PY,KE-->PY,KE-->PY
PE,PER,Peru,Lima,Americas,South America,,PE-->KE,PE-->KE,PE-->KE,PE-->KE,PE-->KE,PE-->KE,PE-->KE,PE-->KE,PE-->KE,PE-->KE,PE-->KE,PE-->KE,PE-->KE,PE-->KE,PE-->KE,PE-->KE,PE-->KE,PE-->KE,PE-->KE,,,,,,,,,,,,,,,,,KE-->PE,KE-->PE,KE-->PE,KE-->PE,KE-->PE,KE-->PE,KE-->PE,KE-->PE,KE-->PE,KE-->PE,KE-->PE,KE-->PE,KE-->PE,KE-->PE,KE-->PE,KE-->PE,KE-->PE,KE-->PE,KE-->PE
PH,PHL,Philippines,Manila,Asia,South-Eastern Asia,,PH-->KE,PH-->KE,PH-->KE,PH-->KE,PH-->KE,PH-->KE,PH-->KE,PH-->KE,PH-->KE,PH-->KE,PH-->KE,PH-->KE,PH-->KE,PH-->KE,PH-->KE,PH-->KE,PH-->KE,PH-->KE,PH-->KE,,,,,,,,,,,,,,,,,KE-->PH,KE-->PH,KE-->PH,KE-->PH,KE-->PH,KE-->PH,KE-->PH,KE-->PH,KE-->PH,KE-->PH,KE-->PH,KE-->PH,KE-->PH,KE-->PH,KE-->PH,KE-->PH,KE-->PH,KE-->PH,KE-->PH
PN,PCN,Pitcairn Islands,Adamstown,Oceania,Polynesia,,PN-->KE,PN-->KE,PN-->KE,PN-->KE,PN-->KE,PN-->KE,PN-->KE,PN-->KE,PN-->KE,PN-->KE,PN-->KE,PN-->KE,PN-->KE,PN-->KE,PN-->KE,PN-->KE,PN-->KE,PN-->KE,PN-->KE,,,,,,,,,,,,,,,,,KE-->PN,KE-->PN,KE-->PN,KE-->PN,KE-->PN,KE-->PN,KE-->PN,KE-->PN,KE-->PN,KE-->PN,KE-->PN,KE-->PN,KE-->PN,KE-->PN,KE-->PN,KE-->PN,KE-->PN,KE-->PN,KE-->PN
PL,POL,Poland,Warsaw,Europe,Eastern Europe,,PL-->KE,PL-->KE,PL-->KE,PL-->KE,PL-->KE,PL-->KE,PL-->KE,PL-->KE,PL-->KE,PL-->KE,PL-->KE,PL-->KE,PL-->KE,PL-->KE,PL-->KE,PL-->KE,PL-->KE,PL-->KE,PL-->KE,,,,,,,,,,,,,,,,,KE-->PL,KE-->PL,KE-->PL,KE-->PL,KE-->PL,KE-->PL,KE-->PL,KE-->PL,KE-->PL,KE-->PL,KE-->PL,KE-->PL,KE-->PL,KE-->PL,KE-->PL,KE-->PL,KE-->PL,KE-->PL,KE-->PL
PT,PRT,Portugal,Lisbon,Europe,Southern Europe,,PT-->KE,PT-->KE,PT-->KE,PT-->KE,PT-->KE,PT-->KE,PT-->KE,PT-->KE,PT-->KE,PT-->KE,PT-->KE,PT-->KE,PT-->KE,PT-->KE,PT-->KE,PT-->KE,PT-->KE,PT-->KE,PT-->KE,,,,,,,,,,,,,,,,,KE-->PT,KE-->PT,KE-->PT,KE-->PT,KE-->PT,KE-->PT,KE-->PT,KE-->PT,KE-->PT,KE-->PT,KE-->PT,KE-->PT,KE-->PT,KE-->PT,KE-->PT,KE-->PT,KE-->PT,KE-->PT,KE-->PT
PR,PRI,Puerto Rico,San Juan,Americas,Caribbean,,PR-->KE,PR-->KE,PR-->KE,PR-->KE,PR-->KE,PR-->KE,PR-->KE,PR-->KE,PR-->KE,PR-->KE,PR-->KE,PR-->KE,PR-->KE,PR-->KE,PR-->KE,PR-->KE,PR-->KE,PR-->KE,PR-->KE,,,,,,,,,,,,,,,,,KE-->PR,KE-->PR,KE-->PR,KE-->PR,KE-->PR,KE-->PR,KE-->PR,KE-->PR,KE-->PR,KE-->PR,KE-->PR,KE-->PR,KE-->PR,KE-->PR,KE-->PR,KE-->PR,KE-->PR,KE-->PR,KE-->PR
QA,QAT,Qatar,Doha,Asia,Western Asia,,QA-->KE,QA-->KE,QA-->KE,QA-->KE,QA-->KE,QA-->KE,QA-->KE,QA-->KE,QA-->KE,QA-->KE,QA-->KE,QA-->KE,QA-->KE,QA-->KE,QA-->KE,QA-->KE,QA-->KE,QA-->KE,QA-->KE,,,,,,,,,,,,,,,,,KE-->QA,KE-->QA,KE-->QA,KE-->QA,KE-->QA,KE-->QA,KE-->QA,KE-->QA,KE-->QA,KE-->QA,KE-->QA,KE-->QA,KE-->QA,KE-->QA,KE-->QA,KE-->QA,KE-->QA,KE-->QA,KE-->QA
XK,KOS,Republic of Kosovo,Pristina,Europe,Eastern Europe,,XK-->KE,XK-->KE,XK-->KE,XK-->KE,XK-->KE,XK-->KE,XK-->KE,XK-->KE,XK-->KE,XK-->KE,XK-->KE,XK-->KE,XK-->KE,XK-->KE,XK-->KE,XK-->KE,XK-->KE,XK-->KE,XK-->KE,,,,,,,,,,,,,,,,,KE-->XK,KE-->XK,KE-->XK,KE-->XK,KE-->XK,KE-->XK,KE-->XK,KE-->XK,KE-->XK,KE-->XK,KE-->XK,KE-->XK,KE-->XK,KE-->XK,KE-->XK,KE-->XK,KE-->XK,KE-->XK,KE-->XK
RE,REU,Réunion,Saint-Denis,Africa,Eastern Africa,,RE-->KE,RE-->KE,RE-->KE,RE-->KE,RE-->KE,RE-->KE,RE-->KE,RE-->KE,RE-->KE,RE-->KE,RE-->KE,RE-->KE,RE-->KE,RE-->KE,RE-->KE,RE-->KE,RE-->KE,RE-->KE,RE-->KE,,,,,,,,,,,,,,,,,KE-->RE,KE-->RE,KE-->RE,KE-->RE,KE-->RE,KE-->RE,KE-->RE,KE-->RE,KE-->RE,KE-->RE,KE-->RE,KE-->RE,KE-->RE,KE-->RE,KE-->RE,KE-->RE,KE-->RE,KE-->RE,KE-->RE
RO,ROU,Romania,Bucharest,Europe,Eastern Europe,,RO-->KE,RO-->KE,RO-->KE,RO-->KE,RO-->KE,RO-->KE,RO-->KE,RO-->KE,RO-->KE,RO-->KE,RO-->KE,RO-->KE,RO-->KE,RO-->KE,RO-->KE,RO-->KE,RO-->KE,RO-->KE,RO-->KE,,,,,,,,,,,,,,,,,KE-->RO,KE-->RO,KE-->RO,KE-->RO,KE-->RO,KE-->RO,KE-->RO,KE-->RO,KE-->RO,KE-->RO,KE-->RO,KE-->RO,KE-->RO,KE-->RO,KE-->RO,KE-->RO,KE-->RO,KE-->RO,KE-->RO
RU,RUS,Russia,Moscow,Europe,Eastern Europe,,RU-->KE,RU-->KE,RU-->KE,RU-->KE,RU-->KE,RU-->KE,RU-->KE,RU-->KE,RU-->KE,RU-->KE,RU-->KE,RU-->KE,RU-->KE,RU-->KE,RU-->KE,RU-->KE,RU-->KE,RU-->KE,RU-->KE,,,,,,,,,,,,,,,,,KE-->RU,KE-->RU,KE-->RU,KE-->RU,KE-->RU,KE-->RU,KE-->RU,KE-->RU,KE-->RU,KE-->RU,KE-->RU,KE-->RU,KE-->RU,KE-->RU,KE-->RU,KE-->RU,KE-->RU,KE-->RU,KE-->RU
RW,RWA,Rwanda,Kigali,Africa,Eastern Africa,,RW-->KE,RW-->KE,RW-->KE,RW-->KE,RW-->KE,RW-->KE,RW-->KE,RW-->KE,RW-->KE,RW-->KE,RW-->KE,RW-->KE,RW-->KE,RW-->KE,RW-->KE,RW-->KE,RW-->KE,RW-->KE,RW-->KE,,,,,,,,,,,,,,,,,KE-->RW,KE-->RW,KE-->RW,KE-->RW,KE-->RW,KE-->RW,KE-->RW,KE-->RW,KE-->RW,KE-->RW,KE-->RW,KE-->RW,KE-->RW,KE-->RW,KE-->RW,KE-->RW,KE-->RW,KE-->RW,KE-->RW
BL,BLM,Saint Barthélemy,Gustavia,Americas,Caribbean,,BL-->KE,BL-->KE,BL-->KE,BL-->KE,BL-->KE,BL-->KE,BL-->KE,BL-->KE,BL-->KE,BL-->KE,BL-->KE,BL-->KE,BL-->KE,BL-->KE,BL-->KE,BL-->KE,BL-->KE,BL-->KE,BL-->KE,,,,,,,,,,,,,,,,,KE-->BL,KE-->BL,KE-->BL,KE-->BL,KE-->BL,KE-->BL,KE-->BL,KE-->BL,KE-->BL,KE-->BL,KE-->BL,KE-->BL,KE-->BL,KE-->BL,KE-->BL,KE-->BL,KE-->BL,KE-->BL,KE-->BL
SH,SHN,Saint Helena,Jamestown,Africa,Western Africa,,SH-->KE,SH-->KE,SH-->KE,SH-->KE,SH-->KE,SH-->KE,SH-->KE,SH-->KE,SH-->KE,SH-->KE,SH-->KE,SH-->KE,SH-->KE,SH-->KE,SH-->KE,SH-->KE,SH-->KE,SH-->KE,SH-->KE,,,,,,,,,,,,,,,,,KE-->SH,KE-->SH,KE-->SH,KE-->SH,KE-->SH,KE-->SH,KE-->SH,KE-->SH,KE-->SH,KE-->SH,KE-->SH,KE-->SH,KE-->SH,KE-->SH,KE-->SH,KE-->SH,KE-->SH,KE-->SH,KE-->SH
KN,KNA,Saint Kitts and Nevis,Basseterre,Americas,Caribbean,,KN-->KE,KN-->KE,KN-->KE,KN-->KE,KN-->KE,KN-->KE,KN-->KE,KN-->KE,KN-->KE,KN-->KE,KN-->KE,KN-->KE,KN-->KE,KN-->KE,KN-->KE,KN-->KE,KN-->KE,KN-->KE,KN-->KE,,,,,,,,,,,,,,,,,KE-->KN,KE-->KN,KE-->KN,KE-->KN,KE-->KN,KE-->KN,KE-->KN,KE-->KN,KE-->KN,KE-->KN,KE-->KN,KE-->KN,KE-->KN,KE-->KN,KE-->KN,KE-->KN,KE-->KN,KE-->KN,KE-->KN
LC,LCA,Saint Lucia,Castries,Americas,Caribbean,,LC-->KE,LC-->KE,LC-->KE,LC-->KE,LC-->KE,LC-->KE,LC-->KE,LC-->KE,LC-->KE,LC-->KE,LC-->KE,LC-->KE,LC-->KE,LC-->KE,LC-->KE,LC-->KE,LC-->KE,LC-->KE,LC-->KE,,,,,,,,,,,,,,,,,KE-->LC,KE-->LC,KE-->LC,KE-->LC,KE-->LC,KE-->LC,KE-->LC,KE-->LC,KE-->LC,KE-->LC,KE-->LC,KE-->LC,KE-->LC,KE-->LC,KE-->LC,KE-->LC,KE-->LC,KE-->LC,KE-->LC
MF,MAF,Saint Martin,Marigot,Americas,Caribbean,,MF-->KE,MF-->KE,MF-->KE,MF-->KE,MF-->KE,MF-->KE,MF-->KE,MF-->KE,MF-->KE,MF-->KE,MF-->KE,MF-->KE,MF-->KE,MF-->KE,MF-->KE,MF-->KE,MF-->KE,MF-->KE,MF-->KE,,,,,,,,,,,,,,,,,KE-->MF,KE-->MF,KE-->MF,KE-->MF,KE-->MF,KE-->MF,KE-->MF,KE-->MF,KE-->MF,KE-->MF,KE-->MF,KE-->MF,KE-->MF,KE-->MF,KE-->MF,KE-->MF,KE-->MF,KE-->MF,KE-->MF
PM,SPM,Saint Pierre and Miquelon,Saint-Pierre,Americas,Northern America,,PM-->KE,PM-->KE,PM-->KE,PM-->KE,PM-->KE,PM-->KE,PM-->KE,PM-->KE,PM-->KE,PM-->KE,PM-->KE,PM-->KE,PM-->KE,PM-->KE,PM-->KE,PM-->KE,PM-->KE,PM-->KE,PM-->KE,,,,,,,,,,,,,,,,,KE-->PM,KE-->PM,KE-->PM,KE-->PM,KE-->PM,KE-->PM,KE-->PM,KE-->PM,KE-->PM,KE-->PM,KE-->PM,KE-->PM,KE-->PM,KE-->PM,KE-->PM,KE-->PM,KE-->PM,KE-->PM,KE-->PM
VC,VCT,Saint Vincent and the Grenadines,Kingstown,Americas,Caribbean,,VC-->KE,VC-->KE,VC-->KE,VC-->KE,VC-->KE,VC-->KE,VC-->KE,VC-->KE,VC-->KE,VC-->KE,VC-->KE,VC-->KE,VC-->KE,VC-->KE,VC-->KE,VC-->KE,VC-->KE,VC-->KE,VC-->KE,,,,,,,,,,,,,,,,,KE-->VC,KE-->VC,KE-->VC,KE-->VC,KE-->VC,KE-->VC,KE-->VC,KE-->VC,KE-->VC,KE-->VC,KE-->VC,KE-->VC,KE-->VC,KE-->VC,KE-->VC,KE-->VC,KE-->VC,KE-->VC,KE-->VC
WS,WSM,Samoa,Apia,Oceania,Polynesia,,WS-->KE,WS-->KE,WS-->KE,WS-->KE,WS-->KE,WS-->KE,WS-->KE,WS-->KE,WS-->KE,WS-->KE,WS-->KE,WS-->KE,WS-->KE,WS-->KE,WS-->KE,WS-->KE,WS-->KE,WS-->KE,WS-->KE,,,,,,,,,,,,,,,,,KE-->WS,KE-->WS,KE-->WS,KE-->WS,KE-->WS,KE-->WS,KE-->WS,KE-->WS,KE-->WS,KE-->WS,KE-->WS,KE-->WS,KE-->WS,KE-->WS,KE-->WS,KE-->WS,KE-->WS,KE-->WS,KE-->WS
SM,SMR,San Marino,City of San Marino,Europe,Southern Europe,,SM-->KE,SM-->KE,SM-->KE,SM-->KE,SM-->KE,SM-->KE,SM-->KE,SM-->KE,SM-->KE,SM-->KE,SM-->KE,SM-->KE,SM-->KE,SM-->KE,SM-->KE,SM-->KE,SM-->KE,SM-->KE,SM-->KE,,,,,,,,,,,,,,,,,KE-->SM,KE-->SM,KE-->SM,KE-->SM,KE-->SM,KE-->SM,KE-->SM,KE-->SM,KE-->SM,KE-->SM,KE-->SM,KE-->SM,KE-->SM,KE-->SM,KE-->SM,KE-->SM,KE-->SM,KE-->SM,KE-->SM
ST,STP,São Tomé and Príncipe,São Tomé,Africa,Middle Africa,,ST-->KE,ST-->KE,ST-->KE,ST-->KE,ST-->KE,ST-->KE,ST-->KE,ST-->KE,ST-->KE,ST-->KE,ST-->KE,ST-->KE,ST-->KE,ST-->KE,ST-->KE,ST-->KE,ST-->KE,ST-->KE,ST-->KE,,,,,,,,,,,,,,,,,KE-->ST,KE-->ST,KE-->ST,KE-->ST,KE-->ST,KE-->ST,KE-->ST,KE-->ST,KE-->ST,KE-->ST,KE-->ST,KE-->ST,KE-->ST,KE-->ST,KE-->ST,KE-->ST,KE-->ST,KE-->ST,KE-->ST
SA,SAU,Saudi Arabia,Riyadh,Asia,Western Asia,,SA-->KE,SA-->KE,SA-->KE,SA-->KE,SA-->KE,SA-->KE,SA-->KE,SA-->KE,SA-->KE,SA-->KE,SA-->KE,SA-->KE,SA-->KE,SA-->KE,SA-->KE,SA-->KE,SA-->KE,SA-->KE,SA-->KE,,,,,,,,,,,,,,,,,KE-->SA,KE-->SA,KE-->SA,KE-->SA,KE-->SA,KE-->SA,KE-->SA,KE-->SA,KE-->SA,KE-->SA,KE-->SA,KE-->SA,KE-->SA,KE-->SA,KE-->SA,KE-->SA,KE-->SA,KE-->SA,KE-->SA
SN,SEN,Senegal,Dakar,Africa,Western Africa,,SN-->KE,SN-->KE,SN-->KE,SN-->KE,SN-->KE,SN-->KE,SN-->KE,SN-->KE,SN-->KE,SN-->KE,SN-->KE,SN-->KE,SN-->KE,SN-->KE,SN-->KE,SN-->KE,SN-->KE,SN-->KE,SN-->KE,,,,,,,,,,,,,,,,,KE-->SN,KE-->SN,KE-->SN,KE-->SN,KE-->SN,KE-->SN,KE-->SN,KE-->SN,KE-->SN,KE-->SN,KE-->SN,KE-->SN,KE-->SN,KE-->SN,KE-->SN,KE-->SN,KE-->SN,KE-->SN,KE-->SN
RS,SRB,Serbia,Belgrade,Europe,Southern Europe,,RS-->KE,RS-->KE,RS-->KE,RS-->KE,RS-->KE,RS-->KE,RS-->KE,RS-->KE,RS-->KE,RS-->KE,RS-->KE,RS-->KE,RS-->KE,RS-->KE,RS-->KE,RS-->KE,RS-->KE,RS-->KE,RS-->KE,,,,,,,,,,,,,,,,,KE-->RS,KE-->RS,KE-->RS,KE-->RS,KE-->RS,KE-->RS,KE-->RS,KE-->RS,KE-->RS,KE-->RS,KE-->RS,KE-->RS,KE-->RS,KE-->RS,KE-->RS,KE-->RS,KE-->RS,KE-->RS,KE-->RS
SC,SYC,Seychelles,Victoria,Africa,Eastern Africa,,SC-->KE,SC-->KE,SC-->KE,SC-->KE,SC-->KE,SC-->KE,SC-->KE,SC-->KE,SC-->KE,SC-->KE,SC-->KE,SC-->KE,SC-->KE,SC-->KE,SC-->KE,SC-->KE,SC-->KE,SC-->KE,SC-->KE,,,,,,,,,,,,,,,,,KE-->SC,KE-->SC,KE-->SC,KE-->SC,KE-->SC,KE-->SC,KE-->SC,KE-->SC,KE-->SC,KE-->SC,KE-->SC,KE-->SC,KE-->SC,KE-->SC,KE-->SC,KE-->SC,KE-->SC,KE-->SC,KE-->SC
SL,SLE,Sierra Leone,Freetown,Africa,Western Africa,,SL-->KE,SL-->KE,SL-->KE,SL-->KE,SL-->KE,SL-->KE,SL-->KE,SL-->KE,SL-->KE,SL-->KE,SL-->KE,SL-->KE,SL-->KE,SL-->KE,SL-->KE,SL-->KE,SL-->KE,SL-->KE,SL-->KE,,,,,,,,,,,,,,,,,KE-->SL,KE-->SL,KE-->SL,KE-->SL,KE-->SL,KE-->SL,KE-->SL,KE-->SL,KE-->SL,KE-->SL,KE-->SL,KE-->SL,KE-->SL,KE-->SL,KE-->SL,KE-->SL,KE-->SL,KE-->SL,KE-->SL
SG,SGP,Singapore,Singapore,Asia,South-Eastern Asia,,SG-->KE,SG-->KE,SG-->KE,SG-->KE,SG-->KE,SG-->KE,SG-->KE,SG-->KE,SG-->KE,SG-->KE,SG-->KE,SG-->KE,SG-->KE,SG-->KE,SG-->KE,SG-->KE,SG-->KE,SG-->KE,SG-->KE,,,,,,,,,,,,,,,,,KE-->SG,KE-->SG,KE-->SG,KE-->SG,KE-->SG,KE-->SG,KE-->SG,KE-->SG,KE-->SG,KE-->SG,KE-->SG,KE-->SG,KE-->SG,KE-->SG,KE-->SG,KE-->SG,KE-->SG,KE-->SG,KE-->SG
SX,SXM,Sint Maarten,Philipsburg,Americas,Caribbean,,SX-->KE,SX-->KE,SX-->KE,SX-->KE,SX-->KE,SX-->KE,SX-->KE,SX-->KE,SX-->KE,SX-->KE,SX-->KE,SX-->KE,SX-->KE,SX-->KE,SX-->KE,SX-->KE,SX-->KE,SX-->KE,SX-->KE,,,,,,,,,,,,,,,,,KE-->SX,KE-->SX,KE-->SX,KE-->SX,KE-->SX,KE-->SX,KE-->SX,KE-->SX,KE-->SX,KE-->SX,KE-->SX,KE-->SX,KE-->SX,KE-->SX,KE-->SX,KE-->SX,KE-->SX,KE-->SX,KE-->SX
SK,SVK,Slovakia,Bratislava,Europe,Eastern Europe,,SK-->KE,SK-->KE,SK-->KE,SK-->KE,SK-->KE,SK-->KE,SK-->KE,SK-->KE,SK-->KE,SK-->KE,SK-->KE,SK-->KE,SK-->KE,SK-->KE,SK-->KE,SK-->KE,SK-->KE,SK-->KE,SK-->KE,,,,,,,,,,,,,,,,,KE-->SK,KE-->SK,KE-->SK,KE-->SK,KE-->SK,KE-->SK,KE-->SK,KE-->SK,KE-->SK,KE-->SK,KE-->SK,KE-->SK,KE-->SK,KE-->SK,KE-->SK,KE-->SK,KE-->SK,KE-->SK,KE-->SK
SI,SVN,Slovenia,Ljubljana,Europe,Southern Europe,,SI-->KE,SI-->KE,SI-->KE,SI-->KE,SI-->KE,SI-->KE,SI-->KE,SI-->KE,SI-->KE,SI-->KE,SI-->KE,SI-->KE,SI-->KE,SI-->KE,SI-->KE,SI-->KE,SI-->KE,SI-->KE,SI-->KE,,,,,,,,,,,,,,,,,KE-->SI,KE-->SI,KE-->SI,KE-->SI,KE-->SI,KE-->SI,KE-->SI,KE-->SI,KE-->SI,KE-->SI,KE-->SI,KE-->SI,KE-->SI,KE-->SI,KE-->SI,KE-->SI,KE-->SI,KE-->SI,KE-->SI
SB,SLB,Solomon Islands,Honiara,Oceania,Melanesia,,SB-->KE,SB-->KE,SB-->KE,SB-->KE,SB-->KE,SB-->KE,SB-->KE,SB-->KE,SB-->KE,SB-->KE,SB-->KE,SB-->KE,SB-->KE,SB-->KE,SB-->KE,SB-->KE,SB-->KE,SB-->KE,SB-->KE,,,,,,,,,,,,,,,,,KE-->SB,KE-->SB,KE-->SB,KE-->SB,KE-->SB,KE-->SB,KE-->SB,KE-->SB,KE-->SB,KE-->SB,KE-->SB,KE-->SB,KE-->SB,KE-->SB,KE-->SB,KE-->SB,KE-->SB,KE-->SB,KE-->SB
SO,SOM,Somalia,Mogadishu,Africa,Eastern Africa,,SO-->KE,SO-->KE,SO-->KE,SO-->KE,SO-->KE,SO-->KE,SO-->KE,SO-->KE,SO-->KE,SO-->KE,SO-->KE,SO-->KE,SO-->KE,SO-->KE,SO-->KE,SO-->KE,SO-->KE,SO-->KE,SO-->KE,,,,,,,,,,,,,,,,,KE-->SO,KE-->SO,KE-->SO,KE-->SO,KE-->SO,KE-->SO,KE-->SO,KE-->SO,KE-->SO,KE-->SO,KE-->SO,KE-->SO,KE-->SO,KE-->SO,KE-->SO,KE-->SO,KE-->SO,KE-->SO,KE-->SO
ZA,ZAF,South Africa,Pretoria,Africa,Southern Africa,,ZA-->KE,ZA-->KE,ZA-->KE,ZA-->KE,ZA-->KE,ZA-->KE,ZA-->KE,ZA-->KE,ZA-->KE,ZA-->KE,ZA-->KE,ZA-->KE,ZA-->KE,ZA-->KE,ZA-->KE,ZA-->KE,ZA-->KE,ZA-->KE,ZA-->KE,,,,,,,,,,,,,,,,,KE-->ZA,KE-->ZA,KE-->ZA,KE-->ZA,KE-->ZA,KE-->ZA,KE-->ZA,KE-->ZA,KE-->ZA,KE-->ZA,KE-->ZA,KE-->ZA,KE-->ZA,KE-->ZA,KE-->ZA,KE-->ZA,KE-->ZA,KE-->ZA,KE-->ZA
GS,SGS,South Georgia,King Edward Point,Americas,South America,,GS-->KE,GS-->KE,GS-->KE,GS-->KE,GS-->KE,GS-->KE,GS-->KE,GS-->KE,GS-->KE,GS-->KE,GS-->KE,GS-->KE,GS-->KE,GS-->KE,GS-->KE,GS-->KE,GS-->KE,GS-->KE,GS-->KE,,,,,,,,,,,,,,,,,KE-->GS,KE-->GS,KE-->GS,KE-->GS,KE-->GS,KE-->GS,KE-->GS,KE-->GS,KE-->GS,KE-->GS,KE-->GS,KE-->GS,KE-->GS,KE-->GS,KE-->GS,KE-->GS,KE-->GS,KE-->GS,KE-->GS
KR,KOR,South Korea,Seoul,Asia,Eastern Asia,,KR-->KE,KR-->KE,KR-->KE,KR-->KE,KR-->KE,KR-->KE,KR-->KE,KR-->KE,KR-->KE,KR-->KE,KR-->KE,KR-->KE,KR-->KE,KR-->KE,KR-->KE,KR-->KE,KR-->KE,KR-->KE,KR-->KE,,,,,,,,,,,,,,,,,KE-->KR,KE-->KR,KE-->KR,KE-->KR,KE-->KR,KE-->KR,KE-->KR,KE-->KR,KE-->KR,KE-->KR,KE-->KR,KE-->KR,KE-->KR,KE-->KR,KE-->KR,KE-->KR,KE-->KR,KE-->KR,KE-->KR
SS,SSD,South Sudan,Juba,Africa,Middle Africa,,SS-->KE,SS-->KE,SS-->KE,SS-->KE,SS-->KE,SS-->KE,SS-->KE,SS-->KE,SS-->KE,SS-->KE,SS-->KE,SS-->KE,SS-->KE,SS-->KE,SS-->KE,SS-->KE,SS-->KE,SS-->KE,SS-->KE,,,,,,,,,,,,,,,,,KE-->SS,KE-->SS,KE-->SS,KE-->SS,KE-->SS,KE-->SS,KE-->SS,KE-->SS,KE-->SS,KE-->SS,KE-->SS,KE-->SS,KE-->SS,KE-->SS,KE-->SS,KE-->SS,KE-->SS,KE-->SS,KE-->SS
ES,ESP,Spain,Madrid,Europe,Southern Europe,,ES-->KE,ES-->KE,ES-->KE,ES-->KE,ES-->KE,ES-->KE,ES-->KE,ES-->KE,ES-->KE,ES-->KE,ES-->KE,ES-->KE,ES-->KE,ES-->KE,ES-->KE,ES-->KE,ES-->KE,ES-->KE,ES-->KE,,,,,,,,,,,,,,,,,KE-->ES,KE-->ES,KE-->ES,KE-->ES,KE-->ES,KE-->ES,KE-->ES,KE-->ES,KE-->ES,KE-->ES,KE-->ES,KE-->ES,KE-->ES,KE-->ES,KE-->ES,KE-->ES,KE-->ES,KE-->ES,KE-->ES
LK,LKA,Sri Lanka,Colombo,Asia,Southern Asia,,LK-->KE,LK-->KE,LK-->KE,LK-->KE,LK-->KE,LK-->KE,LK-->KE,LK-->KE,LK-->KE,LK-->KE,LK-->KE,LK-->KE,LK-->KE,LK-->KE,LK-->KE,LK-->KE,LK-->KE,LK-->KE,LK-->KE,,,,,,,,,,,,,,,,,KE-->LK,KE-->LK,KE-->LK,KE-->LK,KE-->LK,KE-->LK,KE-->LK,KE-->LK,KE-->LK,KE-->LK,KE-->LK,KE-->LK,KE-->LK,KE-->LK,KE-->LK,KE-->LK,KE-->LK,KE-->LK,KE-->LK
SD,SDN,Sudan,Khartoum,Africa,Northern Africa,,SD-->KE,SD-->KE,SD-->KE,SD-->KE,SD-->KE,SD-->KE,SD-->KE,SD-->KE,SD-->KE,SD-->KE,SD-->KE,SD-->KE,SD-->KE,SD-->KE,SD-->KE,SD-->KE,SD-->KE,SD-->KE,SD-->KE,,,,,,,,,,,,,,,,,KE-->SD,KE-->SD,KE-->SD,KE-->SD,KE-->SD,KE-->SD,KE-->SD,KE-->SD,KE-->SD,KE-->SD,KE-->SD,KE-->SD,KE-->SD,KE-->SD,KE-->SD,KE-->SD,KE-->SD,KE-->SD,KE-->SD
SR,SUR,Suriname,Paramaribo,Americas,South America,,SR-->KE,SR-->KE,SR-->KE,SR-->KE,SR-->KE,SR-->KE,SR-->KE,SR-->KE,SR-->KE,SR-->KE,SR-->KE,SR-->KE,SR-->KE,SR-->KE,SR-->KE,SR-->KE,SR-->KE,SR-->KE,SR-->KE,,,,,,,,,,,,,,,,,KE-->SR,KE-->SR,KE-->SR,KE-->SR,KE-->SR,KE-->SR,KE-->SR,KE-->SR,KE-->SR,KE-->SR,KE-->SR,KE-->SR,KE-->SR,KE-->SR,KE-->SR,KE-->SR,KE-->SR,KE-->SR,KE-->SR
SJ,SJM,Svalbard and Jan Mayen,Longyearbyen,Europe,Northern Europe,,SJ-->KE,SJ-->KE,SJ-->KE,SJ-->KE,SJ-->KE,SJ-->KE,SJ-->KE,SJ-->KE,SJ-->KE,SJ-->KE,SJ-->KE,SJ-->KE,SJ-->KE,SJ-->KE,SJ-->KE,SJ-->KE,SJ-->KE,SJ-->KE,SJ-->KE,,,,,,,,,,,,,,,,,KE-->SJ,KE-->SJ,KE-->SJ,KE-->SJ,KE-->SJ,KE-->SJ,KE-->SJ,KE-->SJ,KE-->SJ,KE-->SJ,KE-->SJ,KE-->SJ,KE-->SJ,KE-->SJ,KE-->SJ,KE-->SJ,KE-->SJ,KE-->SJ,KE-->SJ
SZ,SWZ,Swaziland,Lobamba,Africa,Southern Africa,,SZ-->KE,SZ-->KE,SZ-->KE,SZ-->KE,SZ-->KE,SZ-->KE,SZ-->KE,SZ-->KE,SZ-->KE,SZ-->KE,SZ-->KE,SZ-->KE,SZ-->KE,SZ-->KE,SZ-->KE,SZ-->KE,SZ-->KE,SZ-->KE,SZ-->KE,,,,,,,,,,,,,,,,,KE-->SZ,KE-->SZ,KE-->SZ,KE-->SZ,KE-->SZ,KE-->SZ,KE-->SZ,KE-->SZ,KE-->SZ,KE-->SZ,KE-->SZ,KE-->SZ,KE-->SZ,KE-->SZ,KE-->SZ,KE-->SZ,KE-->SZ,KE-->SZ,KE-->SZ
SE,SWE,Sweden,Stockholm,Europe,Northern Europe,,SE-->KE,SE-->KE,SE-->KE,SE-->KE,SE-->KE,SE-->KE,SE-->KE,SE-->KE,SE-->KE,SE-->KE,SE-->KE,SE-->KE,SE-->KE,SE-->KE,SE-->KE,SE-->KE,SE-->KE,SE-->KE,SE-->KE,,,,,,,,,,,,,,,,,KE-->SE,KE-->SE,KE-->SE,KE-->SE,KE-->SE,KE-->SE,KE-->SE,KE-->SE,KE-->SE,KE-->SE,KE-->SE,KE-->SE,KE-->SE,KE-->SE,KE-->SE,KE-->SE,KE-->SE,KE-->SE,KE-->SE
CH,CHE,Switzerland,Bern,Europe,Western Europe,,CH-->KE,CH-->KE,CH-->KE,CH-->KE,CH-->KE,CH-->KE,CH-->KE,CH-->KE,CH-->KE,CH-->KE,CH-->KE,CH-->KE,CH-->KE,CH-->KE,CH-->KE,CH-->KE,CH-->KE,CH-->KE,CH-->KE,,,,,,,,,,,,,,,,,KE-->CH,KE-->CH,KE-->CH,KE-->CH,KE-->CH,KE-->CH,KE-->CH,KE-->CH,KE-->CH,KE-->CH,KE-->CH,KE-->CH,KE-->CH,KE-->CH,KE-->CH,KE-->CH,KE-->CH,KE-->CH,KE-->CH
SY,SYR,Syria,Damascus,Asia,Western Asia,,SY-->KE,SY-->KE,SY-->KE,SY-->KE,SY-->KE,SY-->KE,SY-->KE,SY-->KE,SY-->KE,SY-->KE,SY-->KE,SY-->KE,SY-->KE,SY-->KE,SY-->KE,SY-->KE,SY-->KE,SY-->KE,SY-->KE,,,,,,,,,,,,,,,,,KE-->SY,KE-->SY,KE-->SY,KE-->SY,KE-->SY,KE-->SY,KE-->SY,KE-->SY,KE-->SY,KE-->SY,KE-->SY,KE-->SY,KE-->SY,KE-->SY,KE-->SY,KE-->SY,KE-->SY,KE-->SY,KE-->SY
TW,TWN,Taiwan,Taipei,Asia,Eastern Asia,,TW-->KE,TW-->KE,TW-->KE,TW-->KE,TW-->KE,TW-->KE,TW-->KE,TW-->KE,TW-->KE,TW-->KE,TW-->KE,TW-->KE,TW-->KE,TW-->KE,TW-->KE,TW-->KE,TW-->KE,TW-->KE,TW-->KE,,,,,,,,,,,,,,,,,KE-->TW,KE-->TW,KE-->TW,KE-->TW,KE-->TW,KE-->TW,KE-->TW,KE-->TW,KE-->TW,KE-->TW,KE-->TW,KE-->TW,KE-->TW,KE-->TW,KE-->TW,KE-->TW,KE-->TW,KE-->TW,KE-->TW
TJ,TJK,Tajikistan,Dushanbe,Asia,Central Asia,,TJ-->KE,TJ-->KE,TJ-->KE,TJ-->KE,TJ-->KE,TJ-->KE,TJ-->KE,TJ-->KE,TJ-->KE,TJ-->KE,TJ-->KE,TJ-->KE,TJ-->KE,TJ-->KE,TJ-->KE,TJ-->KE,TJ-->KE,TJ-->KE,TJ-->KE,,,,,,,,,,,,,,,,,KE-->TJ,KE-->TJ,KE-->TJ,KE-->TJ,KE-->TJ,KE-->TJ,KE-->TJ,KE-->TJ,KE-->TJ,KE-->TJ,KE-->TJ,KE-->TJ,KE-->TJ,KE-->TJ,KE-->TJ,KE-->TJ,KE-->TJ,KE-->TJ,KE-->TJ
TZ,TZA,Tanzania,Dodoma,Africa,Eastern Africa,,TZ-->KE,TZ-->KE,TZ-->KE,TZ-->KE,TZ-->KE,TZ-->KE,TZ-->KE,TZ-->KE,TZ-->KE,TZ-->KE,TZ-->KE,TZ-->KE,TZ-->KE,TZ-->KE,TZ-->KE,TZ-->KE,TZ-->KE,TZ-->KE,TZ-->KE,,,,,,,,,,,,,,,,,KE-->TZ,KE-->TZ,KE-->TZ,KE-->TZ,KE-->TZ,KE-->TZ,KE-->TZ,KE-->TZ,KE-->TZ,KE-->TZ,KE-->TZ,KE-->TZ,KE-->TZ,KE-->TZ,KE-->TZ,KE-->TZ,KE-->TZ,KE-->TZ,KE-->TZ
TH,THA,Thailand,Bangkok,Asia,South-Eastern Asia,,TH-->KE,TH-->KE,TH-->KE,TH-->KE,TH-->KE,TH-->KE,TH-->KE,TH-->KE,TH-->KE,TH-->KE,TH-->KE,TH-->KE,TH-->KE,TH-->KE,TH-->KE,TH-->KE,TH-->KE,TH-->KE,TH-->KE,,,,,,,,,,,,,,,,,KE-->TH,KE-->TH,KE-->TH,KE-->TH,KE-->TH,KE-->TH,KE-->TH,KE-->TH,KE-->TH,KE-->TH,KE-->TH,KE-->TH,KE-->TH,KE-->TH,KE-->TH,KE-->TH,KE-->TH,KE-->TH,KE-->TH
TL,TLS,East Timor,Dili,Asia,South-Eastern Asia,,TL-->KE,TL-->KE,TL-->KE,TL-->KE,TL-->KE,TL-->KE,TL-->KE,TL-->KE,TL-->KE,TL-->KE,TL-->KE,TL-->KE,TL-->KE,TL-->KE,TL-->KE,TL-->KE,TL-->KE,TL-->KE,TL-->KE,,,,,,,,,,,,,,,,,KE-->TL,KE-->TL,KE-->TL,KE-->TL,KE-->TL,KE-->TL,KE-->TL,KE-->TL,KE-->TL,KE-->TL,KE-->TL,KE-->TL,KE-->TL,KE-->TL,KE-->TL,KE-->TL,KE-->TL,KE-->TL,KE-->TL
TG,TGO,Togo,Lomé,Africa,Western Africa,,TG-->KE,TG-->KE,TG-->KE,TG-->KE,TG-->KE,TG-->KE,TG-->KE,TG-->KE,TG-->KE,TG-->KE,TG-->KE,TG-->KE,TG-->KE,TG-->KE,TG-->KE,TG-->KE,TG-->KE,TG-->KE,TG-->KE,,,,,,,,,,,,,,,,,KE-->TG,KE-->TG,KE-->TG,KE-->TG,KE-->TG,KE-->TG,KE-->TG,KE-->TG,KE-->TG,KE-->TG,KE-->TG,KE-->TG,KE-->TG,KE-->TG,KE-->TG,KE-->TG,KE-->TG,KE-->TG,KE-->TG
TK,TKL,Tokelau,Fakaofo,Oceania,Polynesia,,TK-->KE,TK-->KE,TK-->KE,TK-->KE,TK-->KE,TK-->KE,TK-->KE,TK-->KE,TK-->KE,TK-->KE,TK-->KE,TK-->KE,TK-->KE,TK-->KE,TK-->KE,TK-->KE,TK-->KE,TK-->KE,TK-->KE,,,,,,,,,,,,,,,,,KE-->TK,KE-->TK,KE-->TK,KE-->TK,KE-->TK,KE-->TK,KE-->TK,KE-->TK,KE-->TK,KE-->TK,KE-->TK,KE-->TK,KE-->TK,KE-->TK,KE-->TK,KE-->TK,KE-->TK,KE-->TK,KE-->TK
TO,TON,Tonga,Nuku'alofa,Oceania,Polynesia,,TO-->KE,TO-->KE,TO-->KE,TO-->KE,TO-->KE,TO-->KE,TO-->KE,TO-->KE,TO-->KE,TO-->KE,TO-->KE,TO-->KE,TO-->KE,TO-->KE,TO-->KE,TO-->KE,TO-->KE,TO-->KE,TO-->KE,,,,,,,,,,,,,,,,,KE-->TO,KE-->TO,KE-->TO,KE-->TO,KE-->TO,KE-->TO,KE-->TO,KE-->TO,KE-->TO,KE-->TO,KE-->TO,KE-->TO,KE-->TO,KE-->TO,KE-->TO,KE-->TO,KE-->TO,KE-->TO,KE-->TO
TT,TTO,Trinidad and Tobago,Port of Spain,Americas,Caribbean,,TT-->KE,TT-->KE,TT-->KE,TT-->KE,TT-->KE,TT-->KE,TT-->KE,TT-->KE,TT-->KE,TT-->KE,TT-->KE,TT-->KE,TT-->KE,TT-->KE,TT-->KE,TT-->KE,TT-->KE,TT-->KE,TT-->KE,,,,,,,,,,,,,,,,,KE-->TT,KE-->TT,KE-->TT,KE-->TT,KE-->TT,KE-->TT,KE-->TT,KE-->TT,KE-->TT,KE-->TT,KE-->TT,KE-->TT,KE-->TT,KE-->TT,KE-->TT,KE-->TT,KE-->TT,KE-->TT,KE-->TT
TN,TUN,Tunisia,Tunis,Africa,Northern Africa,,TN-->KE,TN-->KE,TN-->KE,TN-->KE,TN-->KE,TN-->KE,TN-->KE,TN-->KE,TN-->KE,TN-->KE,TN-->KE,TN-->KE,TN-->KE,TN-->KE,TN-->KE,TN-->KE,TN-->KE,TN-->KE,TN-->KE,,,,,,,,,,,,,,,,,KE-->TN,KE-->TN,KE-->TN,KE-->TN,KE-->TN,KE-->TN,KE-->TN,KE-->TN,KE-->TN,KE-->TN,KE-->TN,KE-->TN,KE-->TN,KE-->TN,KE-->TN,KE-->TN,KE-->TN,KE-->TN,KE-->TN
TR,TUR,Turkey,Ankara,Asia,Western Asia,,TR-->KE,TR-->KE,TR-->KE,TR-->KE,TR-->KE,TR-->KE,TR-->KE,TR-->KE,TR-->KE,TR-->KE,TR-->KE,TR-->KE,TR-->KE,TR-->KE,TR-->KE,TR-->KE,TR-->KE,TR-->KE,TR-->KE,,,,,,,,,,,,,,,,,KE-->TR,KE-->TR,KE-->TR,KE-->TR,KE-->TR,KE-->TR,KE-->TR,KE-->TR,KE-->TR,KE-->TR,KE-->TR,KE-->TR,KE-->TR,KE-->TR,KE-->TR,KE-->TR,KE-->TR,KE-->TR,KE-->TR
TM,TKM,Turkmenistan,Ashgabat,Asia,Central Asia,,TM-->KE,TM-->KE,TM-->KE,TM-->KE,TM-->KE,TM-->KE,TM-->KE,TM-->KE,TM-->KE,TM-->KE,TM-->KE,TM-->KE,TM-->KE,TM-->KE,TM-->KE,TM-->KE,TM-->KE,TM-->KE,TM-->KE,,,,,,,,,,,,,,,,,KE-->TM,KE-->TM,KE-->TM,KE-->TM,KE-->TM,KE-->TM,KE-->TM,KE-->TM,KE-->TM,KE-->TM,KE-->TM,KE-->TM,KE-->TM,KE-->TM,KE-->TM,KE-->TM,KE-->TM,KE-->TM,KE-->TM
TC,TCA,Turks and Caicos Islands,Cockburn Town,Americas,Caribbean,,TC-->KE,TC-->KE,TC-->KE,TC-->KE,TC-->KE,TC-->KE,TC-->KE,TC-->KE,TC-->KE,TC-->KE,TC-->KE,TC-->KE,TC-->KE,TC-->KE,TC-->KE,TC-->KE,TC-->KE,TC-->KE,TC-->KE,,,,,,,,,,,,,,,,,KE-->TC,KE-->TC,KE-->TC,KE-->TC,KE-->TC,KE-->TC,KE-->TC,KE-->TC,KE-->TC,KE-->TC,KE-->TC,KE-->TC,KE-->TC,KE-->TC,KE-->TC,KE-->TC,KE-->TC,KE-->TC,KE-->TC
TV,TUV,Tuvalu,Funafuti,Oceania,Polynesia,,TV-->KE,TV-->KE,TV-->KE,TV-->KE,TV-->KE,TV-->KE,TV-->KE,TV-->KE,TV-->KE,TV-->KE,TV-->KE,TV-->KE,TV-->KE,TV-->KE,TV-->KE,TV-->KE,TV-->KE,TV-->KE,TV-->KE,,,,,,,,,,,,,,,,,KE-->TV,KE-->TV,KE-->TV,KE-->TV,KE-->TV,KE-->TV,KE-->TV,KE-->TV,KE-->TV,KE-->TV,KE-->TV,KE-->TV,KE-->TV,KE-->TV,KE-->TV,KE-->TV,KE-->TV,KE-->TV,KE-->TV
UG,UGA,Uganda,Kampala,Africa,Eastern Africa,,UG-->KE,UG-->KE,UG-->KE,UG-->KE,UG-->KE,UG-->KE,UG-->KE,UG-->KE,UG-->KE,UG-->KE,UG-->KE,UG-->KE,UG-->KE,UG-->KE,UG-->KE,UG-->KE,UG-->KE,UG-->KE,UG-->KE,,,,,,,,,,,,,,,,,KE-->UG,KE-->UG,KE-->UG,KE-->UG,KE-->UG,KE-->UG,KE-->UG,KE-->UG,KE-->UG,KE-->UG,KE-->UG,KE-->UG,KE-->UG,KE-->UG,KE-->UG,KE-->UG,KE-->UG,KE-->UG,KE-->UG
UA,UKR,Ukraine,Kiev,Europe,Eastern Europe,,UA-->KE,UA-->KE,UA-->KE,UA-->KE,UA-->KE,UA-->KE,UA-->KE,UA-->KE,UA-->KE,UA-->KE,UA-->KE,UA-->KE,UA-->KE,UA-->KE,UA-->KE,UA-->KE,UA-->KE,UA-->KE,UA-->KE,,,,,,,,,,,,,,,,,KE-->UA,KE-->UA,KE-->UA,KE-->UA,KE-->UA,KE-->UA,KE-->UA,KE-->UA,KE-->UA,KE-->UA,KE-->UA,KE-->UA,KE-->UA,KE-->UA,KE-->UA,KE-->UA,KE-->UA,KE-->UA,KE-->UA
AE,ARE,United Arab Emirates,Abu Dhabi,Asia,Western Asia,,AE-->KE,AE-->KE,AE-->KE,AE-->KE,AE-->KE,AE-->KE,AE-->KE,AE-->KE,AE-->KE,AE-->KE,AE-->KE,AE-->KE,AE-->KE,AE-->KE,AE-->KE,AE-->KE,AE-->KE,AE-->KE,AE-->KE,,,,,,,,,,,,,,,,,KE-->AE,KE-->AE,KE-->AE,KE-->AE,KE-->AE,KE-->AE,KE-->AE,KE-->AE,KE-->AE,KE-->AE,KE-->AE,KE-->AE,KE-->AE,KE-->AE,KE-->AE,KE-->AE,KE-->AE,KE-->AE,KE-->AE
GB,GBR,United Kingdom,London,Europe,Northern Europe,,GB-->KE,GB-->KE,GB-->KE,GB-->KE,GB-->KE,GB-->KE,GB-->KE,GB-->KE,GB-->KE,GB-->KE,GB-->KE,GB-->KE,GB-->KE,GB-->KE,GB-->KE,GB-->KE,GB-->KE,GB-->KE,GB-->KE,,,,,,,,,,,,,,,,,KE-->GB,KE-->GB,KE-->GB,KE-->GB,KE-->GB,KE-->GB,KE-->GB,KE-->GB,KE-->GB,KE-->GB,KE-->GB,KE-->GB,KE-->GB,KE-->GB,KE-->GB,KE-->GB,KE-->GB,KE-->GB,KE-->GB
US,USA,United States,"Washington, D.C.",Americas,Northern America,,US-->KE,US-->KE,US-->KE,US-->KE,US-->KE,US-->KE,US-->KE,US-->KE,US-->KE,US-->KE,US-->KE,US-->KE,US-->KE,US-->KE,US-->KE,US-->KE,US-->KE,US-->KE,US-->KE,,,,,,,,,,,,,,,,,KE-->US,KE-->US,KE-->US,KE-->US,KE-->US,KE-->US,KE-->US,KE-->US,KE-->US,KE-->US,KE-->US,KE-->US,KE-->US,KE-->US,KE-->US,KE-->US,KE-->US,KE-->US,KE-->US
UY,URY,Uruguay,Montevideo,Americas,South America,,UY-->KE,UY-->KE,UY-->KE,UY-->KE,UY-->KE,UY-->KE,UY-->KE,UY-->KE,UY-->KE,UY-->KE,UY-->KE,UY-->KE,UY-->KE,UY-->KE,UY-->KE,UY-->KE,UY-->KE,UY-->KE,UY-->KE,,,,,,,,,,,,,,,,,KE-->UY,KE-->UY,KE-->UY,KE-->UY,KE-->UY,KE-->UY,KE-->UY,KE-->UY,KE-->UY,KE-->UY,KE-->UY,KE-->UY,KE-->UY,KE-->UY,KE-->UY,KE-->UY,KE-->UY,KE-->UY,KE-->UY
UZ,UZB,Uzbekistan,Tashkent,Asia,Central Asia,,UZ-->KE,UZ-->KE,UZ-->KE,UZ-->KE,UZ-->KE,UZ-->KE,UZ-->KE,UZ-->KE,UZ-->KE,UZ-->KE,UZ-->KE,UZ-->KE,UZ-->KE,UZ-->KE,UZ-->KE,UZ-->KE,UZ-->KE,UZ-->KE,UZ-->KE,,,,,,,,,,,,,,,,,KE-->UZ,KE-->UZ,KE-->UZ,KE-->UZ,KE-->UZ,KE-->UZ,KE-->UZ,KE-->UZ,KE-->UZ,KE-->UZ,KE-->UZ,KE-->UZ,KE-->UZ,KE-->UZ,KE-->UZ,KE-->UZ,KE-->UZ,KE-->UZ,KE-->UZ
VU,VUT,Vanuatu,Port Vila,Oceania,Melanesia,,VU-->KE,VU-->KE,VU-->KE,VU-->KE,VU-->KE,VU-->KE,VU-->KE,VU-->KE,VU-->KE,VU-->KE,VU-->KE,VU-->KE,VU-->KE,VU-->KE,VU-->KE,VU-->KE,VU-->KE,VU-->KE,VU-->KE,,,,,,,,,,,,,,,,,KE-->VU,KE-->VU,KE-->VU,KE-->VU,KE-->VU,KE-->VU,KE-->VU,KE-->VU,KE-->VU,KE-->VU,KE-->VU,KE-->VU,KE-->VU,KE-->VU,KE-->VU,KE-->VU,KE-->VU,KE-->VU,KE-->VU
VE,VEN,Venezuela,Caracas,Americas,South America,,VE-->KE,VE-->KE,VE-->KE,VE-->KE,VE-->KE,VE-->KE,VE-->KE,VE-->KE,VE-->KE,VE-->KE,VE-->KE,VE-->KE,VE-->KE,VE-->KE,VE-->KE,VE-->KE,VE-->KE,VE-->KE,VE-->KE,,,,,,,,,,,,,,,,,KE-->VE,KE-->VE,KE-->VE,KE-->VE,KE-->VE,KE-->VE,KE-->VE,KE-->VE,KE-->VE,KE-->VE,KE-->VE,KE-->VE,KE-->VE,KE-->VE,KE-->VE,KE-->VE,KE-->VE,KE-->VE,KE-->VE
VN,VNM,Vietnam,Hanoi,Asia,South-Eastern Asia,,VN-->KE,VN-->KE,VN-->KE,VN-->KE,VN-->KE,VN-->KE,VN-->KE,VN-->KE,VN-->KE,VN-->KE,VN-->KE,VN-->KE,VN-->KE,VN-->KE,VN-->KE,VN-->KE,VN-->KE,VN-->KE,VN-->KE,,,,,,,,,,,,,,,,,KE-->VN,KE-->VN,KE-->VN,KE-->VN,KE-->VN,KE-->VN,KE-->VN,KE-->VN,KE-->VN,KE-->VN,KE-->VN,KE-->VN,KE-->VN,KE-->VN,KE-->VN,KE-->VN,KE-->VN,KE-->VN,KE-->VN
WF,WLF,Wallis and Futuna,Mata-Utu,Oceania,Polynesia,,WF-->KE,WF-->KE,WF-->KE,WF-->KE,WF-->KE,WF-->KE,WF-->KE,WF-->KE,WF-->KE,WF-->KE,WF-->KE,WF-->KE,WF-->KE,WF-->KE,WF-->KE,WF-->KE,WF-->KE,WF-->KE,WF-->KE,,,,,,,,,,,,,,,,,KE-->WF,KE-->WF,KE-->WF,KE-->WF,KE-->WF,KE-->WF,KE-->WF,KE-->WF,KE-->WF,KE-->WF,KE-->WF,KE-->WF,KE-->WF,KE-->WF,KE-->WF,KE-->WF,KE-->WF,KE-->WF,KE-->WF
EH,ESH,Western Sahara,El Aaiún,Africa,Northern Africa,,EH-->KE,EH-->KE,EH-->KE,EH-->KE,EH-->KE,EH-->KE,EH-->KE,EH-->KE,EH-->KE,EH-->KE,EH-->KE,EH-->KE,EH-->KE,EH-->KE,EH-->KE,EH-->KE,EH-->KE,EH-->KE,EH-->KE,,,,,,,,,,,,,,,,,KE-->EH,KE-->EH,KE-->EH,KE-->EH,KE-->EH,KE-->EH,KE-->EH,KE-->EH,KE-->EH,KE-->EH,KE-->EH,KE-->EH,KE-->EH,KE-->EH,KE-->EH,KE-->EH,KE-->EH,KE-->EH,KE-->EH
YE,YEM,Yemen,Sana'a,Asia,Western Asia,,YE-->KE,YE-->KE,YE-->KE,YE-->KE,YE-->KE,YE-->KE,YE-->KE,YE-->KE,YE-->KE,YE-->KE,YE-->KE,YE-->KE,YE-->KE,YE-->KE,YE-->KE,YE-->KE,YE-->KE,YE-->KE,YE-->KE,,,,,,,,,,,,,,,,,KE-->YE,KE-->YE,KE-->YE,KE-->YE,KE-->YE,KE-->YE,KE-->YE,KE-->YE,KE-->YE,KE-->YE,KE-->YE,KE-->YE,KE-->YE,KE-->YE,KE-->YE,KE-->YE,KE-->YE,KE-->YE,KE-->YE
ZM,ZMB,Zambia,Lusaka,Africa,Eastern Africa,,ZM-->KE,ZM-->KE,ZM-->KE,ZM-->KE,ZM-->KE,ZM-->KE,ZM-->KE,ZM-->KE,ZM-->KE,ZM-->KE,ZM-->KE,ZM-->KE,ZM-->KE,ZM-->KE,ZM-->KE,ZM-->KE,ZM-->KE,ZM-->KE,ZM-->KE,,,,,,,,,,,,,,,,,KE-->ZM,KE-->ZM,KE-->ZM,KE-->ZM,KE-->ZM,KE-->ZM,KE-->ZM,KE-->ZM,KE-->ZM,KE-->ZM,KE-->ZM,KE-->ZM,KE-->ZM,KE-->ZM,KE-->ZM,KE-->ZM,KE-->ZM,KE-->ZM,KE-->ZM
ZW,ZWE,Zimbabwe,Harare,Africa,Eastern Africa,,ZW-->KE,ZW-->KE,ZW-->KE,ZW-->KE,ZW-->KE,ZW-->KE,ZW-->KE,ZW-->KE,ZW-->KE,ZW-->KE,ZW-->KE,ZW-->KE,ZW-->KE,ZW-->KE,ZW-->KE,ZW-->KE,ZW-->KE,ZW-->KE,ZW-->KE,,,,,,,,,,,,,,,,,KE-->ZW,KE-->ZW,KE-->ZW,KE-->ZW,KE-->ZW,KE-->ZW,KE-->ZW,KE-->ZW,KE-->ZW,KE-->ZW,KE-->ZW,KE-->ZW,KE-->ZW,KE-->ZW,KE-->ZW,KE-->ZW,KE-->ZW,KE-->ZW,KE-->ZW
