nu,code,name,capital,region,subregion,Unnamed: 6,quara/into/where/e,quara/into/where/v,quara/into/where/uv,quara/into/min/e,quara/into/min/v,quara/into/min/uv,quara/into/max/e,quara/into/max/v,quara/into/max/uv,quara/into/comment,test/into/pcr/e,test/into/pcr/v,test/into/pcr/uv,test/into/ag/e,test/into/ag/v,test/into/ag/uv,test/into/comment,visa/into,visa/into/comment,loadStates/into,Unnamed: 27,Unnamed: 28,Unnamed: 29,Unnamed: 30,Unnamed: 31,Unnamed: 32,Unnamed: 33,Unnamed: 34,Unnamed: 35,Unnamed: 36,Unnamed: 37,Unnamed: 38,Unnamed: 39,Unnamed: 40,Unnamed: 41,quara/out/where/e,quara/out/where/v,quara/out/where/uv,quara/out/min/e,quara/out/min/v,quara/out/min/uv,quara/out/max/e,quara/out/max/v,quara/out/max/uv,quara/out/comment,test/out/pcr/e,test/out/pcr/v,test/out/pcr/uv,test/out/ag/e,test/out/ag/v,test/out/ag/uv,test/out/comment,visa/out,visa/out/comment
AF,AFG,Afghanistan,Kabul,Asia,Southern Asia,,AF-->MU,AF-->MU,AF-->MU,AF-->MU,AF-->MU,AF-->MU,AF-->MU,AF-->MU,AF-->MU,AF-->MU,AF-->MU,AF-->MU,AF-->MU,AF-->MU,AF-->MU,AF-->MU,AF-->MU,AF-->MU,AF-->MU,,,,,,,,,,,,,,,,,MU-->AF,MU-->AF,MU-->AF,MU-->AF,MU-->AF,MU-->AF,MU-->AF,MU-->AF,MU-->AF,MU-->AF,MU-->AF,MU-->AF,MU-->AF,MU-->AF,MU-->AF,MU-->AF,MU-->AF,MU-->AF,MU-->AF
AX,ALA,Åland Islands,Mariehamn,Europe,Northern Europe,,AX-->MU,AX-->MU,AX-->MU,AX-->MU,AX-->MU,AX-->MU,AX-->MU,AX-->MU,AX-->MU,AX-->MU,AX-->MU,AX-->MU,AX-->MU,AX-->MU,AX-->MU,AX-->MU,AX-->MU,AX-->MU,AX-->MU,,,,,,,,,,,,,,,,,MU-->AX,MU-->AX,MU-->AX,MU-->AX,MU-->AX,MU-->AX,MU-->AX,MU-->AX,MU-->AX,MU-->AX,MU-->AX,MU-->AX,MU-->AX,MU-->AX,MU-->AX,MU-->AX,MU-->AX,MU-->AX,MU-->AX
AL,ALB,Albania,Tirana,Europe,Southern Europe,,AL-->MU,AL-->MU,AL-->MU,AL-->MU,AL-->MU,AL-->MU,AL-->MU,AL-->MU,AL-->MU,AL-->MU,AL-->MU,AL-->MU,AL-->MU,AL-->MU,AL-->MU,AL-->MU,AL-->MU,AL-->MU,AL-->MU,,,,,,,,,,,,,,,,,MU-->AL,MU-->AL,MU-->AL,MU-->AL,MU-->AL,MU-->AL,MU-->AL,MU-->AL,MU-->AL,MU-->AL,MU-->AL,MU-->AL,MU-->AL,MU-->AL,MU-->AL,MU-->AL,MU-->AL,MU-->AL,MU-->AL
DZ,DZA,Algeria,Algiers,Africa,Northern Africa,,DZ-->MU,DZ-->MU,DZ-->MU,DZ-->MU,DZ-->MU,DZ-->MU,DZ-->MU,DZ-->MU,DZ-->MU,DZ-->MU,DZ-->MU,DZ-->MU,DZ-->MU,DZ-->MU,DZ-->MU,DZ-->MU,DZ-->MU,DZ-->MU,DZ-->MU,,,,,,,,,,,,,,,,,MU-->DZ,MU-->DZ,MU-->DZ,MU-->DZ,MU-->DZ,MU-->DZ,MU-->DZ,MU-->DZ,MU-->DZ,MU-->DZ,MU-->DZ,MU-->DZ,MU-->DZ,MU-->DZ,MU-->DZ,MU-->DZ,MU-->DZ,MU-->DZ,MU-->DZ
AS,ASM,American Samoa,Pago Pago,Oceania,Polynesia,,AS-->MU,AS-->MU,AS-->MU,AS-->MU,AS-->MU,AS-->MU,AS-->MU,AS-->MU,AS-->MU,AS-->MU,AS-->MU,AS-->MU,AS-->MU,AS-->MU,AS-->MU,AS-->MU,AS-->MU,AS-->MU,AS-->MU,,,,,,,,,,,,,,,,,MU-->AS,MU-->AS,MU-->AS,MU-->AS,MU-->AS,MU-->AS,MU-->AS,MU-->AS,MU-->AS,MU-->AS,MU-->AS,MU-->AS,MU-->AS,MU-->AS,MU-->AS,MU-->AS,MU-->AS,MU-->AS,MU-->AS
AD,AND,Andorra,Andorra la Vella,Europe,Southern Europe,,AD-->MU,AD-->MU,AD-->MU,AD-->MU,AD-->MU,AD-->MU,AD-->MU,AD-->MU,AD-->MU,AD-->MU,AD-->MU,AD-->MU,AD-->MU,AD-->MU,AD-->MU,AD-->MU,AD-->MU,AD-->MU,AD-->MU,,,,,,,,,,,,,,,,,MU-->AD,MU-->AD,MU-->AD,MU-->AD,MU-->AD,MU-->AD,MU-->AD,MU-->AD,MU-->AD,MU-->AD,MU-->AD,MU-->AD,MU-->AD,MU-->AD,MU-->AD,MU-->AD,MU-->AD,MU-->AD,MU-->AD
AO,AGO,Angola,Luanda,Africa,Middle Africa,,AO-->MU,AO-->MU,AO-->MU,AO-->MU,AO-->MU,AO-->MU,AO-->MU,AO-->MU,AO-->MU,AO-->MU,AO-->MU,AO-->MU,AO-->MU,AO-->MU,AO-->MU,AO-->MU,AO-->MU,AO-->MU,AO-->MU,,,,,,,,,,,,,,,,,MU-->AO,MU-->AO,MU-->AO,MU-->AO,MU-->AO,MU-->AO,MU-->AO,MU-->AO,MU-->AO,MU-->AO,MU-->AO,MU-->AO,MU-->AO,MU-->AO,MU-->AO,MU-->AO,MU-->AO,MU-->AO,MU-->AO
AI,AIA,Anguilla,The Valley,Americas,Caribbean,,AI-->MU,AI-->MU,AI-->MU,AI-->MU,AI-->MU,AI-->MU,AI-->MU,AI-->MU,AI-->MU,AI-->MU,AI-->MU,AI-->MU,AI-->MU,AI-->MU,AI-->MU,AI-->MU,AI-->MU,AI-->MU,AI-->MU,,,,,,,,,,,,,,,,,MU-->AI,MU-->AI,MU-->AI,MU-->AI,MU-->AI,MU-->AI,MU-->AI,MU-->AI,MU-->AI,MU-->AI,MU-->AI,MU-->AI,MU-->AI,MU-->AI,MU-->AI,MU-->AI,MU-->AI,MU-->AI,MU-->AI
AQ,ATA,Antarctica,,Polar,,,AQ-->MU,AQ-->MU,AQ-->MU,AQ-->MU,AQ-->MU,AQ-->MU,AQ-->MU,AQ-->MU,AQ-->MU,AQ-->MU,AQ-->MU,AQ-->MU,AQ-->MU,AQ-->MU,AQ-->MU,AQ-->MU,AQ-->MU,AQ-->MU,AQ-->MU,,,,,,,,,,,,,,,,,MU-->AQ,MU-->AQ,MU-->AQ,MU-->AQ,MU-->AQ,MU-->AQ,MU-->AQ,MU-->AQ,MU-->AQ,MU-->AQ,MU-->AQ,MU-->AQ,MU-->AQ,MU-->AQ,MU-->AQ,MU-->AQ,MU-->AQ,MU-->AQ,MU-->AQ
AG,ATG,Antigua and Barbuda,Saint John's,Americas,Caribbean,,AG-->MU,AG-->MU,AG-->MU,AG-->MU,AG-->MU,AG-->MU,AG-->MU,AG-->MU,AG-->MU,AG-->MU,AG-->MU,AG-->MU,AG-->MU,AG-->MU,AG-->MU,AG-->MU,AG-->MU,AG-->MU,AG-->MU,,,,,,,,,,,,,,,,,MU-->AG,MU-->AG,MU-->AG,MU-->AG,MU-->AG,MU-->AG,MU-->AG,MU-->AG,MU-->AG,MU-->AG,MU-->AG,MU-->AG,MU-->AG,MU-->AG,MU-->AG,MU-->AG,MU-->AG,MU-->AG,MU-->AG
AR,ARG,Argentina,Buenos Aires,Americas,South America,,AR-->MU,AR-->MU,AR-->MU,AR-->MU,AR-->MU,AR-->MU,AR-->MU,AR-->MU,AR-->MU,AR-->MU,AR-->MU,AR-->MU,AR-->MU,AR-->MU,AR-->MU,AR-->MU,AR-->MU,AR-->MU,AR-->MU,,,,,,,,,,,,,,,,,MU-->AR,MU-->AR,MU-->AR,MU-->AR,MU-->AR,MU-->AR,MU-->AR,MU-->AR,MU-->AR,MU-->AR,MU-->AR,MU-->AR,MU-->AR,MU-->AR,MU-->AR,MU-->AR,MU-->AR,MU-->AR,MU-->AR
AM,ARM,Armenia,Yerevan,Asia,Western Asia,,AM-->MU,AM-->MU,AM-->MU,AM-->MU,AM-->MU,AM-->MU,AM-->MU,AM-->MU,AM-->MU,AM-->MU,AM-->MU,AM-->MU,AM-->MU,AM-->MU,AM-->MU,AM-->MU,AM-->MU,AM-->MU,AM-->MU,,,,,,,,,,,,,,,,,MU-->AM,MU-->AM,MU-->AM,MU-->AM,MU-->AM,MU-->AM,MU-->AM,MU-->AM,MU-->AM,MU-->AM,MU-->AM,MU-->AM,MU-->AM,MU-->AM,MU-->AM,MU-->AM,MU-->AM,MU-->AM,MU-->AM
AW,ABW,Aruba,Oranjestad,Americas,Caribbean,,AW-->MU,AW-->MU,AW-->MU,AW-->MU,AW-->MU,AW-->MU,AW-->MU,AW-->MU,AW-->MU,AW-->MU,AW-->MU,AW-->MU,AW-->MU,AW-->MU,AW-->MU,AW-->MU,AW-->MU,AW-->MU,AW-->MU,,,,,,,,,,,,,,,,,MU-->AW,MU-->AW,MU-->AW,MU-->AW,MU-->AW,MU-->AW,MU-->AW,MU-->AW,MU-->AW,MU-->AW,MU-->AW,MU-->AW,MU-->AW,MU-->AW,MU-->AW,MU-->AW,MU-->AW,MU-->AW,MU-->AW
AU,AUS,Australia,Canberra,Oceania,Australia and New Zealand,,AU-->MU,AU-->MU,AU-->MU,AU-->MU,AU-->MU,AU-->MU,AU-->MU,AU-->MU,AU-->MU,AU-->MU,AU-->MU,AU-->MU,AU-->MU,AU-->MU,AU-->MU,AU-->MU,AU-->MU,AU-->MU,AU-->MU,,,,,,,,,,,,,,,,,MU-->AU,MU-->AU,MU-->AU,MU-->AU,MU-->AU,MU-->AU,MU-->AU,MU-->AU,MU-->AU,MU-->AU,MU-->AU,MU-->AU,MU-->AU,MU-->AU,MU-->AU,MU-->AU,MU-->AU,MU-->AU,MU-->AU
AT,AUT,Austria,Vienna,Europe,Western Europe,,AT-->MU,AT-->MU,AT-->MU,AT-->MU,AT-->MU,AT-->MU,AT-->MU,AT-->MU,AT-->MU,AT-->MU,AT-->MU,AT-->MU,AT-->MU,AT-->MU,AT-->MU,AT-->MU,AT-->MU,AT-->MU,AT-->MU,,,,,,,,,,,,,,,,,MU-->AT,MU-->AT,MU-->AT,MU-->AT,MU-->AT,MU-->AT,MU-->AT,MU-->AT,MU-->AT,MU-->AT,MU-->AT,MU-->AT,MU-->AT,MU-->AT,MU-->AT,MU-->AT,MU-->AT,MU-->AT,MU-->AT
AZ,AZE,Azerbaijan,Baku,Asia,Western Asia,,AZ-->MU,AZ-->MU,AZ-->MU,AZ-->MU,AZ-->MU,AZ-->MU,AZ-->MU,AZ-->MU,AZ-->MU,AZ-->MU,AZ-->MU,AZ-->MU,AZ-->MU,AZ-->MU,AZ-->MU,AZ-->MU,AZ-->MU,AZ-->MU,AZ-->MU,,,,,,,,,,,,,,,,,MU-->AZ,MU-->AZ,MU-->AZ,MU-->AZ,MU-->AZ,MU-->AZ,MU-->AZ,MU-->AZ,MU-->AZ,MU-->AZ,MU-->AZ,MU-->AZ,MU-->AZ,MU-->AZ,MU-->AZ,MU-->AZ,MU-->AZ,MU-->AZ,MU-->AZ
BS,BHS,The Bahamas,Nassau,Americas,Caribbean,,BS-->MU,BS-->MU,BS-->MU,BS-->MU,BS-->MU,BS-->MU,BS-->MU,BS-->MU,BS-->MU,BS-->MU,BS-->MU,BS-->MU,BS-->MU,BS-->MU,BS-->MU,BS-->MU,BS-->MU,BS-->MU,BS-->MU,,,,,,,,,,,,,,,,,MU-->BS,MU-->BS,MU-->BS,MU-->BS,MU-->BS,MU-->BS,MU-->BS,MU-->BS,MU-->BS,MU-->BS,MU-->BS,MU-->BS,MU-->BS,MU-->BS,MU-->BS,MU-->BS,MU-->BS,MU-->BS,MU-->BS
BH,BHR,Bahrain,Manama,Asia,Western Asia,,BH-->MU,BH-->MU,BH-->MU,BH-->MU,BH-->MU,BH-->MU,BH-->MU,BH-->MU,BH-->MU,BH-->MU,BH-->MU,BH-->MU,BH-->MU,BH-->MU,BH-->MU,BH-->MU,BH-->MU,BH-->MU,BH-->MU,,,,,,,,,,,,,,,,,MU-->BH,MU-->BH,MU-->BH,MU-->BH,MU-->BH,MU-->BH,MU-->BH,MU-->BH,MU-->BH,MU-->BH,MU-->BH,MU-->BH,MU-->BH,MU-->BH,MU-->BH,MU-->BH,MU-->BH,MU-->BH,MU-->BH
BD,BGD,Bangladesh,Dhaka,Asia,Southern Asia,,BD-->MU,BD-->MU,BD-->MU,BD-->MU,BD-->MU,BD-->MU,BD-->MU,BD-->MU,BD-->MU,BD-->MU,BD-->MU,BD-->MU,BD-->MU,BD-->MU,BD-->MU,BD-->MU,BD-->MU,BD-->MU,BD-->MU,,,,,,,,,,,,,,,,,MU-->BD,MU-->BD,MU-->BD,MU-->BD,MU-->BD,MU-->BD,MU-->BD,MU-->BD,MU-->BD,MU-->BD,MU-->BD,MU-->BD,MU-->BD,MU-->BD,MU-->BD,MU-->BD,MU-->BD,MU-->BD,MU-->BD
BB,BRB,Barbados,Bridgetown,Americas,Caribbean,,BB-->MU,BB-->MU,BB-->MU,BB-->MU,BB-->MU,BB-->MU,BB-->MU,BB-->MU,BB-->MU,BB-->MU,BB-->MU,BB-->MU,BB-->MU,BB-->MU,BB-->MU,BB-->MU,BB-->MU,BB-->MU,BB-->MU,,,,,,,,,,,,,,,,,MU-->BB,MU-->BB,MU-->BB,MU-->BB,MU-->BB,MU-->BB,MU-->BB,MU-->BB,MU-->BB,MU-->BB,MU-->BB,MU-->BB,MU-->BB,MU-->BB,MU-->BB,MU-->BB,MU-->BB,MU-->BB,MU-->BB
BY,BLR,Belarus,Minsk,Europe,Eastern Europe,,BY-->MU,BY-->MU,BY-->MU,BY-->MU,BY-->MU,BY-->MU,BY-->MU,BY-->MU,BY-->MU,BY-->MU,BY-->MU,BY-->MU,BY-->MU,BY-->MU,BY-->MU,BY-->MU,BY-->MU,BY-->MU,BY-->MU,,,,,,,,,,,,,,,,,MU-->BY,MU-->BY,MU-->BY,MU-->BY,MU-->BY,MU-->BY,MU-->BY,MU-->BY,MU-->BY,MU-->BY,MU-->BY,MU-->BY,MU-->BY,MU-->BY,MU-->BY,MU-->BY,MU-->BY,MU-->BY,MU-->BY
BE,BEL,Belgium,Brussels,Europe,Western Europe,,BE-->MU,BE-->MU,BE-->MU,BE-->MU,BE-->MU,BE-->MU,BE-->MU,BE-->MU,BE-->MU,BE-->MU,BE-->MU,BE-->MU,BE-->MU,BE-->MU,BE-->MU,BE-->MU,BE-->MU,BE-->MU,BE-->MU,,,,,,,,,,,,,,,,,MU-->BE,MU-->BE,MU-->BE,MU-->BE,MU-->BE,MU-->BE,MU-->BE,MU-->BE,MU-->BE,MU-->BE,MU-->BE,MU-->BE,MU-->BE,MU-->BE,MU-->BE,MU-->BE,MU-->BE,MU-->BE,MU-->BE
BZ,BLZ,Belize,Belmopan,Americas,Central America,,BZ-->MU,BZ-->MU,BZ-->MU,BZ-->MU,BZ-->MU,BZ-->MU,BZ-->MU,BZ-->MU,BZ-->MU,BZ-->MU,BZ-->MU,BZ-->MU,BZ-->MU,BZ-->MU,BZ-->MU,BZ-->MU,BZ-->MU,BZ-->MU,BZ-->MU,,,,,,,,,,,,,,,,,MU-->BZ,MU-->BZ,MU-->BZ,MU-->BZ,MU-->BZ,MU-->BZ,MU-->BZ,MU-->BZ,MU-->BZ,MU-->BZ,MU-->BZ,MU-->BZ,MU-->BZ,MU-->BZ,MU-->BZ,MU-->BZ,MU-->BZ,MU-->BZ,MU-->BZ
BJ,BEN,Benin,Porto-Novo,Africa,Western Africa,,BJ-->MU,BJ-->MU,BJ-->MU,BJ-->MU,BJ-->MU,BJ-->MU,BJ-->MU,BJ-->MU,BJ-->MU,BJ-->MU,BJ-->MU,BJ-->MU,BJ-->MU,BJ-->MU,BJ-->MU,BJ-->MU,BJ-->MU,BJ-->MU,BJ-->MU,,,,,,,,,,,,,,,,,MU-->BJ,MU-->BJ,MU-->BJ,MU-->BJ,MU-->BJ,MU-->BJ,MU-->BJ,MU-->BJ,MU-->BJ,MU-->BJ,MU-->BJ,MU-->BJ,MU-->BJ,MU-->BJ,MU-->BJ,MU-->BJ,MU-->BJ,MU-->BJ,MU-->BJ
BM,BMU,Bermuda,Hamilton,Americas,Northern America,,BM-->MU,BM-->MU,BM-->MU,BM-->MU,BM-->MU,BM-->MU,BM-->MU,BM-->MU,BM-->MU,BM-->MU,BM-->MU,BM-->MU,BM-->MU,BM-->MU,BM-->MU,BM-->MU,BM-->MU,BM-->MU,BM-->MU,,,,,,,,,,,,,,,,,MU-->BM,MU-->BM,MU-->BM,MU-->BM,MU-->BM,MU-->BM,MU-->BM,MU-->BM,MU-->BM,MU-->BM,MU-->BM,MU-->BM,MU-->BM,MU-->BM,MU-->BM,MU-->BM,MU-->BM,MU-->BM,MU-->BM
BT,BTN,Bhutan,Thimphu,Asia,Southern Asia,,BT-->MU,BT-->MU,BT-->MU,BT-->MU,BT-->MU,BT-->MU,BT-->MU,BT-->MU,BT-->MU,BT-->MU,BT-->MU,BT-->MU,BT-->MU,BT-->MU,BT-->MU,BT-->MU,BT-->MU,BT-->MU,BT-->MU,,,,,,,,,,,,,,,,,MU-->BT,MU-->BT,MU-->BT,MU-->BT,MU-->BT,MU-->BT,MU-->BT,MU-->BT,MU-->BT,MU-->BT,MU-->BT,MU-->BT,MU-->BT,MU-->BT,MU-->BT,MU-->BT,MU-->BT,MU-->BT,MU-->BT
BO,BOL,Bolivia,Sucre,Americas,South America,,BO-->MU,BO-->MU,BO-->MU,BO-->MU,BO-->MU,BO-->MU,BO-->MU,BO-->MU,BO-->MU,BO-->MU,BO-->MU,BO-->MU,BO-->MU,BO-->MU,BO-->MU,BO-->MU,BO-->MU,BO-->MU,BO-->MU,,,,,,,,,,,,,,,,,MU-->BO,MU-->BO,MU-->BO,MU-->BO,MU-->BO,MU-->BO,MU-->BO,MU-->BO,MU-->BO,MU-->BO,MU-->BO,MU-->BO,MU-->BO,MU-->BO,MU-->BO,MU-->BO,MU-->BO,MU-->BO,MU-->BO
BQ,BES,Bonaire,Kralendijk,Americas,Caribbean,,BQ-->MU,BQ-->MU,BQ-->MU,BQ-->MU,BQ-->MU,BQ-->MU,BQ-->MU,BQ-->MU,BQ-->MU,BQ-->MU,BQ-->MU,BQ-->MU,BQ-->MU,BQ-->MU,BQ-->MU,BQ-->MU,BQ-->MU,BQ-->MU,BQ-->MU,,,,,,,,,,,,,,,,,MU-->BQ,MU-->BQ,MU-->BQ,MU-->BQ,MU-->BQ,MU-->BQ,MU-->BQ,MU-->BQ,MU-->BQ,MU-->BQ,MU-->BQ,MU-->BQ,MU-->BQ,MU-->BQ,MU-->BQ,MU-->BQ,MU-->BQ,MU-->BQ,MU-->BQ
BA,BIH,Bosnia and Herzegovina,Sarajevo,Europe,Southern Europe,,BA-->MU,BA-->MU,BA-->MU,BA-->MU,BA-->MU,BA-->MU,BA-->MU,BA-->MU,BA-->MU,BA-->MU,BA-->MU,BA-->MU,BA-->MU,BA-->MU,BA-->MU,BA-->MU,BA-->MU,BA-->MU,BA-->MU,,,,,,,,,,,,,,,,,MU-->BA,MU-->BA,MU-->BA,MU-->BA,MU-->BA,MU-->BA,MU-->BA,MU-->BA,MU-->BA,MU-->BA,MU-->BA,MU-->BA,MU-->BA,MU-->BA,MU-->BA,MU-->BA,MU-->BA,MU-->BA,MU-->BA
BW,BWA,Botswana,Gaborone,Africa,Southern Africa,,BW-->MU,BW-->MU,BW-->MU,BW-->MU,BW-->MU,BW-->MU,BW-->MU,BW-->MU,BW-->MU,BW-->MU,BW-->MU,BW-->MU,BW-->MU,BW-->MU,BW-->MU,BW-->MU,BW-->MU,BW-->MU,BW-->MU,,,,,,,,,,,,,,,,,MU-->BW,MU-->BW,MU-->BW,MU-->BW,MU-->BW,MU-->BW,MU-->BW,MU-->BW,MU-->BW,MU-->BW,MU-->BW,MU-->BW,MU-->BW,MU-->BW,MU-->BW,MU-->BW,MU-->BW,MU-->BW,MU-->BW
BV,BVT,Bouvet Island,,,,,BV-->MU,BV-->MU,BV-->MU,BV-->MU,BV-->MU,BV-->MU,BV-->MU,BV-->MU,BV-->MU,BV-->MU,BV-->MU,BV-->MU,BV-->MU,BV-->MU,BV-->MU,BV-->MU,BV-->MU,BV-->MU,BV-->MU,,,,,,,,,,,,,,,,,MU-->BV,MU-->BV,MU-->BV,MU-->BV,MU-->BV,MU-->BV,MU-->BV,MU-->BV,MU-->BV,MU-->BV,MU-->BV,MU-->BV,MU-->BV,MU-->BV,MU-->BV,MU-->BV,MU-->BV,MU-->BV,MU-->BV
BR,BRA,Brazil,Brasília,Americas,South America,,BR-->MU,BR-->MU,BR-->MU,BR-->MU,BR-->MU,BR-->MU,BR-->MU,BR-->MU,BR-->MU,BR-->MU,BR-->MU,BR-->MU,BR-->MU,BR-->MU,BR-->MU,BR-->MU,BR-->MU,BR-->MU,BR-->MU,,,,,,,,,,,,,,,,,MU-->BR,MU-->BR,MU-->BR,MU-->BR,MU-->BR,MU-->BR,MU-->BR,MU-->BR,MU-->BR,MU-->BR,MU-->BR,MU-->BR,MU-->BR,MU-->BR,MU-->BR,MU-->BR,MU-->BR,MU-->BR,MU-->BR
IO,IOT,British Indian Ocean Territory,Diego Garcia,Africa,Eastern Africa,,IO-->MU,IO-->MU,IO-->MU,IO-->MU,IO-->MU,IO-->MU,IO-->MU,IO-->MU,IO-->MU,IO-->MU,IO-->MU,IO-->MU,IO-->MU,IO-->MU,IO-->MU,IO-->MU,IO-->MU,IO-->MU,IO-->MU,,,,,,,,,,,,,,,,,MU-->IO,MU-->IO,MU-->IO,MU-->IO,MU-->IO,MU-->IO,MU-->IO,MU-->IO,MU-->IO,MU-->IO,MU-->IO,MU-->IO,MU-->IO,MU-->IO,MU-->IO,MU-->IO,MU-->IO,MU-->IO,MU-->IO
UM,UMI,United States Minor Outlying Islands,,Americas,Northern America,,UM-->MU,UM-->MU,UM-->MU,UM-->MU,UM-->MU,UM-->MU,UM-->MU,UM-->MU,UM-->MU,UM-->MU,UM-->MU,UM-->MU,UM-->MU,UM-->MU,UM-->MU,UM-->MU,UM-->MU,UM-->MU,UM-->MU,,,,,,,,,,,,,,,,,MU-->UM,MU-->UM,MU-->UM,MU-->UM,MU-->UM,MU-->UM,MU-->UM,MU-->UM,MU-->UM,MU-->UM,MU-->UM,MU-->UM,MU-->UM,MU-->UM,MU-->UM,MU-->UM,MU-->UM,MU-->UM,MU-->UM
VG,VGB,Virgin Islands (British),Road Town,Americas,Caribbean,,VG-->MU,VG-->MU,VG-->MU,VG-->MU,VG-->MU,VG-->MU,VG-->MU,VG-->MU,VG-->MU,VG-->MU,VG-->MU,VG-->MU,VG-->MU,VG-->MU,VG-->MU,VG-->MU,VG-->MU,VG-->MU,VG-->MU,,,,,,,,,,,,,,,,,MU-->VG,MU-->VG,MU-->VG,MU-->VG,MU-->VG,MU-->VG,MU-->VG,MU-->VG,MU-->VG,MU-->VG,MU-->VG,MU-->VG,MU-->VG,MU-->VG,MU-->VG,MU-->VG,MU-->VG,MU-->VG,MU-->VG
VI,VIR,Virgin Islands (U.S.),Charlotte Amalie,Americas,Caribbean,,VI-->MU,VI-->MU,VI-->MU,VI-->MU,VI-->MU,VI-->MU,VI-->MU,VI-->MU,VI-->MU,VI-->MU,VI-->MU,VI-->MU,VI-->MU,VI-->MU,VI-->MU,VI-->MU,VI-->MU,VI-->MU,VI-->MU,,,,,,,,,,,,,,,,,MU-->VI,MU-->VI,MU-->VI,MU-->VI,MU-->VI,MU-->VI,MU-->VI,MU-->VI,MU-->VI,MU-->VI,MU-->VI,MU-->VI,MU-->VI,MU-->VI,MU-->VI,MU-->VI,MU-->VI,MU-->VI,MU-->VI
BN,BRN,Brunei,Bandar Seri Begawan,Asia,South-Eastern Asia,,BN-->MU,BN-->MU,BN-->MU,BN-->MU,BN-->MU,BN-->MU,BN-->MU,BN-->MU,BN-->MU,BN-->MU,BN-->MU,BN-->MU,BN-->MU,BN-->MU,BN-->MU,BN-->MU,BN-->MU,BN-->MU,BN-->MU,,,,,,,,,,,,,,,,,MU-->BN,MU-->BN,MU-->BN,MU-->BN,MU-->BN,MU-->BN,MU-->BN,MU-->BN,MU-->BN,MU-->BN,MU-->BN,MU-->BN,MU-->BN,MU-->BN,MU-->BN,MU-->BN,MU-->BN,MU-->BN,MU-->BN
BG,BGR,Bulgaria,Sofia,Europe,Eastern Europe,,BG-->MU,BG-->MU,BG-->MU,BG-->MU,BG-->MU,BG-->MU,BG-->MU,BG-->MU,BG-->MU,BG-->MU,BG-->MU,BG-->MU,BG-->MU,BG-->MU,BG-->MU,BG-->MU,BG-->MU,BG-->MU,BG-->MU,,,,,,,,,,,,,,,,,MU-->BG,MU-->BG,MU-->BG,MU-->BG,MU-->BG,MU-->BG,MU-->BG,MU-->BG,MU-->BG,MU-->BG,MU-->BG,MU-->BG,MU-->BG,MU-->BG,MU-->BG,MU-->BG,MU-->BG,MU-->BG,MU-->BG
BF,BFA,Burkina Faso,Ouagadougou,Africa,Western Africa,,BF-->MU,BF-->MU,BF-->MU,BF-->MU,BF-->MU,BF-->MU,BF-->MU,BF-->MU,BF-->MU,BF-->MU,BF-->MU,BF-->MU,BF-->MU,BF-->MU,BF-->MU,BF-->MU,BF-->MU,BF-->MU,BF-->MU,,,,,,,,,,,,,,,,,MU-->BF,MU-->BF,MU-->BF,MU-->BF,MU-->BF,MU-->BF,MU-->BF,MU-->BF,MU-->BF,MU-->BF,MU-->BF,MU-->BF,MU-->BF,MU-->BF,MU-->BF,MU-->BF,MU-->BF,MU-->BF,MU-->BF
BI,BDI,Burundi,Bujumbura,Africa,Eastern Africa,,BI-->MU,BI-->MU,BI-->MU,BI-->MU,BI-->MU,BI-->MU,BI-->MU,BI-->MU,BI-->MU,BI-->MU,BI-->MU,BI-->MU,BI-->MU,BI-->MU,BI-->MU,BI-->MU,BI-->MU,BI-->MU,BI-->MU,,,,,,,,,,,,,,,,,MU-->BI,MU-->BI,MU-->BI,MU-->BI,MU-->BI,MU-->BI,MU-->BI,MU-->BI,MU-->BI,MU-->BI,MU-->BI,MU-->BI,MU-->BI,MU-->BI,MU-->BI,MU-->BI,MU-->BI,MU-->BI,MU-->BI
KH,KHM,Cambodia,Phnom Penh,Asia,South-Eastern Asia,,KH-->MU,KH-->MU,KH-->MU,KH-->MU,KH-->MU,KH-->MU,KH-->MU,KH-->MU,KH-->MU,KH-->MU,KH-->MU,KH-->MU,KH-->MU,KH-->MU,KH-->MU,KH-->MU,KH-->MU,KH-->MU,KH-->MU,,,,,,,,,,,,,,,,,MU-->KH,MU-->KH,MU-->KH,MU-->KH,MU-->KH,MU-->KH,MU-->KH,MU-->KH,MU-->KH,MU-->KH,MU-->KH,MU-->KH,MU-->KH,MU-->KH,MU-->KH,MU-->KH,MU-->KH,MU-->KH,MU-->KH
CM,CMR,Cameroon,Yaoundé,Africa,Middle Africa,,CM-->MU,CM-->MU,CM-->MU,CM-->MU,CM-->MU,CM-->MU,CM-->MU,CM-->MU,CM-->MU,CM-->MU,CM-->MU,CM-->MU,CM-->MU,CM-->MU,CM-->MU,CM-->MU,CM-->MU,CM-->MU,CM-->MU,,,,,,,,,,,,,,,,,MU-->CM,MU-->CM,MU-->CM,MU-->CM,MU-->CM,MU-->CM,MU-->CM,MU-->CM,MU-->CM,MU-->CM,MU-->CM,MU-->CM,MU-->CM,MU-->CM,MU-->CM,MU-->CM,MU-->CM,MU-->CM,MU-->CM
CA,CAN,Canada,Ottawa,Americas,Northern America,,CA-->MU,CA-->MU,CA-->MU,CA-->MU,CA-->MU,CA-->MU,CA-->MU,CA-->MU,CA-->MU,CA-->MU,CA-->MU,CA-->MU,CA-->MU,CA-->MU,CA-->MU,CA-->MU,CA-->MU,CA-->MU,CA-->MU,,,,,,,,,,,,,,,,,MU-->CA,MU-->CA,MU-->CA,MU-->CA,MU-->CA,MU-->CA,MU-->CA,MU-->CA,MU-->CA,MU-->CA,MU-->CA,MU-->CA,MU-->CA,MU-->CA,MU-->CA,MU-->CA,MU-->CA,MU-->CA,MU-->CA
CV,CPV,Cape Verde,Praia,Africa,Western Africa,,CV-->MU,CV-->MU,CV-->MU,CV-->MU,CV-->MU,CV-->MU,CV-->MU,CV-->MU,CV-->MU,CV-->MU,CV-->MU,CV-->MU,CV-->MU,CV-->MU,CV-->MU,CV-->MU,CV-->MU,CV-->MU,CV-->MU,,,,,,,,,,,,,,,,,MU-->CV,MU-->CV,MU-->CV,MU-->CV,MU-->CV,MU-->CV,MU-->CV,MU-->CV,MU-->CV,MU-->CV,MU-->CV,MU-->CV,MU-->CV,MU-->CV,MU-->CV,MU-->CV,MU-->CV,MU-->CV,MU-->CV
KY,CYM,Cayman Islands,George Town,Americas,Caribbean,,KY-->MU,KY-->MU,KY-->MU,KY-->MU,KY-->MU,KY-->MU,KY-->MU,KY-->MU,KY-->MU,KY-->MU,KY-->MU,KY-->MU,KY-->MU,KY-->MU,KY-->MU,KY-->MU,KY-->MU,KY-->MU,KY-->MU,,,,,,,,,,,,,,,,,MU-->KY,MU-->KY,MU-->KY,MU-->KY,MU-->KY,MU-->KY,MU-->KY,MU-->KY,MU-->KY,MU-->KY,MU-->KY,MU-->KY,MU-->KY,MU-->KY,MU-->KY,MU-->KY,MU-->KY,MU-->KY,MU-->KY
CF,CAF,Central African Republic,Bangui,Africa,Middle Africa,,CF-->MU,CF-->MU,CF-->MU,CF-->MU,CF-->MU,CF-->MU,CF-->MU,CF-->MU,CF-->MU,CF-->MU,CF-->MU,CF-->MU,CF-->MU,CF-->MU,CF-->MU,CF-->MU,CF-->MU,CF-->MU,CF-->MU,,,,,,,,,,,,,,,,,MU-->CF,MU-->CF,MU-->CF,MU-->CF,MU-->CF,MU-->CF,MU-->CF,MU-->CF,MU-->CF,MU-->CF,MU-->CF,MU-->CF,MU-->CF,MU-->CF,MU-->CF,MU-->CF,MU-->CF,MU-->CF,MU-->CF
TD,TCD,Chad,N'Djamena,Africa,Middle Africa,,TD-->MU,TD-->MU,TD-->MU,TD-->MU,TD-->MU,TD-->MU,TD-->MU,TD-->MU,TD-->MU,TD-->MU,TD-->MU,TD-->MU,TD-->MU,TD-->MU,TD-->MU,TD-->MU,TD-->MU,TD-->MU,TD-->MU,,,,,,,,,,,,,,,,,MU-->TD,MU-->TD,MU-->TD,MU-->TD,MU-->TD,MU-->TD,MU-->TD,MU-->TD,MU-->TD,MU-->TD,MU-->TD,MU-->TD,MU-->TD,MU-->TD,MU-->TD,MU-->TD,MU-->TD,MU-->TD,MU-->TD
CL,CHL,Chile,Santiago,Americas,South America,,CL-->MU,CL-->MU,CL-->MU,CL-->MU,CL-->MU,CL-->MU,CL-->MU,CL-->MU,CL-->MU,CL-->MU,CL-->MU,CL-->MU,CL-->MU,CL-->MU,CL-->MU,CL-->MU,CL-->MU,CL-->MU,CL-->MU,,,,,,,,,,,,,,,,,MU-->CL,MU-->CL,MU-->CL,MU-->CL,MU-->CL,MU-->CL,MU-->CL,MU-->CL,MU-->CL,MU-->CL,MU-->CL,MU-->CL,MU-->CL,MU-->CL,MU-->CL,MU-->CL,MU-->CL,MU-->CL,MU-->CL
CN,CHN,China,Beijing,Asia,Eastern Asia,,CN-->MU,CN-->MU,CN-->MU,CN-->MU,CN-->MU,CN-->MU,CN-->MU,CN-->MU,CN-->MU,CN-->MU,CN-->MU,CN-->MU,CN-->MU,CN-->MU,CN-->MU,CN-->MU,CN-->MU,CN-->MU,CN-->MU,,,,,,,,,,,,,,,,,MU-->CN,MU-->CN,MU-->CN,MU-->CN,MU-->CN,MU-->CN,MU-->CN,MU-->CN,MU-->CN,MU-->CN,MU-->CN,MU-->CN,MU-->CN,MU-->CN,MU-->CN,MU-->CN,MU-->CN,MU-->CN,MU-->CN
CX,CXR,Christmas Island,Flying Fish Cove,Oceania,Australia and New Zealand,,CX-->MU,CX-->MU,CX-->MU,CX-->MU,CX-->MU,CX-->MU,CX-->MU,CX-->MU,CX-->MU,CX-->MU,CX-->MU,CX-->MU,CX-->MU,CX-->MU,CX-->MU,CX-->MU,CX-->MU,CX-->MU,CX-->MU,,,,,,,,,,,,,,,,,MU-->CX,MU-->CX,MU-->CX,MU-->CX,MU-->CX,MU-->CX,MU-->CX,MU-->CX,MU-->CX,MU-->CX,MU-->CX,MU-->CX,MU-->CX,MU-->CX,MU-->CX,MU-->CX,MU-->CX,MU-->CX,MU-->CX
CC,CCK,Cocos (Keeling) Islands,West Island,Oceania,Australia and New Zealand,,CC-->MU,CC-->MU,CC-->MU,CC-->MU,CC-->MU,CC-->MU,CC-->MU,CC-->MU,CC-->MU,CC-->MU,CC-->MU,CC-->MU,CC-->MU,CC-->MU,CC-->MU,CC-->MU,CC-->MU,CC-->MU,CC-->MU,,,,,,,,,,,,,,,,,MU-->CC,MU-->CC,MU-->CC,MU-->CC,MU-->CC,MU-->CC,MU-->CC,MU-->CC,MU-->CC,MU-->CC,MU-->CC,MU-->CC,MU-->CC,MU-->CC,MU-->CC,MU-->CC,MU-->CC,MU-->CC,MU-->CC
CO,COL,Colombia,Bogotá,Americas,South America,,CO-->MU,CO-->MU,CO-->MU,CO-->MU,CO-->MU,CO-->MU,CO-->MU,CO-->MU,CO-->MU,CO-->MU,CO-->MU,CO-->MU,CO-->MU,CO-->MU,CO-->MU,CO-->MU,CO-->MU,CO-->MU,CO-->MU,,,,,,,,,,,,,,,,,MU-->CO,MU-->CO,MU-->CO,MU-->CO,MU-->CO,MU-->CO,MU-->CO,MU-->CO,MU-->CO,MU-->CO,MU-->CO,MU-->CO,MU-->CO,MU-->CO,MU-->CO,MU-->CO,MU-->CO,MU-->CO,MU-->CO
KM,COM,Comoros,Moroni,Africa,Eastern Africa,,KM-->MU,KM-->MU,KM-->MU,KM-->MU,KM-->MU,KM-->MU,KM-->MU,KM-->MU,KM-->MU,KM-->MU,KM-->MU,KM-->MU,KM-->MU,KM-->MU,KM-->MU,KM-->MU,KM-->MU,KM-->MU,KM-->MU,,,,,,,,,,,,,,,,,MU-->KM,MU-->KM,MU-->KM,MU-->KM,MU-->KM,MU-->KM,MU-->KM,MU-->KM,MU-->KM,MU-->KM,MU-->KM,MU-->KM,MU-->KM,MU-->KM,MU-->KM,MU-->KM,MU-->KM,MU-->KM,MU-->KM
CG,COG,Republic of the Congo,Brazzaville,Africa,Middle Africa,,CG-->MU,CG-->MU,CG-->MU,CG-->MU,CG-->MU,CG-->MU,CG-->MU,CG-->MU,CG-->MU,CG-->MU,CG-->MU,CG-->MU,CG-->MU,CG-->MU,CG-->MU,CG-->MU,CG-->MU,CG-->MU,CG-->MU,,,,,,,,,,,,,,,,,MU-->CG,MU-->CG,MU-->CG,MU-->CG,MU-->CG,MU-->CG,MU-->CG,MU-->CG,MU-->CG,MU-->CG,MU-->CG,MU-->CG,MU-->CG,MU-->CG,MU-->CG,MU-->CG,MU-->CG,MU-->CG,MU-->CG
CD,COD,Democratic Republic of the Congo,Kinshasa,Africa,Middle Africa,,CD-->MU,CD-->MU,CD-->MU,CD-->MU,CD-->MU,CD-->MU,CD-->MU,CD-->MU,CD-->MU,CD-->MU,CD-->MU,CD-->MU,CD-->MU,CD-->MU,CD-->MU,CD-->MU,CD-->MU,CD-->MU,CD-->MU,,,,,,,,,,,,,,,,,MU-->CD,MU-->CD,MU-->CD,MU-->CD,MU-->CD,MU-->CD,MU-->CD,MU-->CD,MU-->CD,MU-->CD,MU-->CD,MU-->CD,MU-->CD,MU-->CD,MU-->CD,MU-->CD,MU-->CD,MU-->CD,MU-->CD
CK,COK,Cook Islands,Avarua,Oceania,Polynesia,,CK-->MU,CK-->MU,CK-->MU,CK-->MU,CK-->MU,CK-->MU,CK-->MU,CK-->MU,CK-->MU,CK-->MU,CK-->MU,CK-->MU,CK-->MU,CK-->MU,CK-->MU,CK-->MU,CK-->MU,CK-->MU,CK-->MU,,,,,,,,,,,,,,,,,MU-->CK,MU-->CK,MU-->CK,MU-->CK,MU-->CK,MU-->CK,MU-->CK,MU-->CK,MU-->CK,MU-->CK,MU-->CK,MU-->CK,MU-->CK,MU-->CK,MU-->CK,MU-->CK,MU-->CK,MU-->CK,MU-->CK
CR,CRI,Costa Rica,San José,Americas,Central America,,CR-->MU,CR-->MU,CR-->MU,CR-->MU,CR-->MU,CR-->MU,CR-->MU,CR-->MU,CR-->MU,CR-->MU,CR-->MU,CR-->MU,CR-->MU,CR-->MU,CR-->MU,CR-->MU,CR-->MU,CR-->MU,CR-->MU,,,,,,,,,,,,,,,,,MU-->CR,MU-->CR,MU-->CR,MU-->CR,MU-->CR,MU-->CR,MU-->CR,MU-->CR,MU-->CR,MU-->CR,MU-->CR,MU-->CR,MU-->CR,MU-->CR,MU-->CR,MU-->CR,MU-->CR,MU-->CR,MU-->CR
HR,HRV,Croatia,Zagreb,Europe,Southern Europe,,HR-->MU,HR-->MU,HR-->MU,HR-->MU,HR-->MU,HR-->MU,HR-->MU,HR-->MU,HR-->MU,HR-->MU,HR-->MU,HR-->MU,HR-->MU,HR-->MU,HR-->MU,HR-->MU,HR-->MU,HR-->MU,HR-->MU,,,,,,,,,,,,,,,,,MU-->HR,MU-->HR,MU-->HR,MU-->HR,MU-->HR,MU-->HR,MU-->HR,MU-->HR,MU-->HR,MU-->HR,MU-->HR,MU-->HR,MU-->HR,MU-->HR,MU-->HR,MU-->HR,MU-->HR,MU-->HR,MU-->HR
CU,CUB,Cuba,Havana,Americas,Caribbean,,CU-->MU,CU-->MU,CU-->MU,CU-->MU,CU-->MU,CU-->MU,CU-->MU,CU-->MU,CU-->MU,CU-->MU,CU-->MU,CU-->MU,CU-->MU,CU-->MU,CU-->MU,CU-->MU,CU-->MU,CU-->MU,CU-->MU,,,,,,,,,,,,,,,,,MU-->CU,MU-->CU,MU-->CU,MU-->CU,MU-->CU,MU-->CU,MU-->CU,MU-->CU,MU-->CU,MU-->CU,MU-->CU,MU-->CU,MU-->CU,MU-->CU,MU-->CU,MU-->CU,MU-->CU,MU-->CU,MU-->CU
CW,CUW,Curaçao,Willemstad,Americas,Caribbean,,CW-->MU,CW-->MU,CW-->MU,CW-->MU,CW-->MU,CW-->MU,CW-->MU,CW-->MU,CW-->MU,CW-->MU,CW-->MU,CW-->MU,CW-->MU,CW-->MU,CW-->MU,CW-->MU,CW-->MU,CW-->MU,CW-->MU,,,,,,,,,,,,,,,,,MU-->CW,MU-->CW,MU-->CW,MU-->CW,MU-->CW,MU-->CW,MU-->CW,MU-->CW,MU-->CW,MU-->CW,MU-->CW,MU-->CW,MU-->CW,MU-->CW,MU-->CW,MU-->CW,MU-->CW,MU-->CW,MU-->CW
CY,CYP,Cyprus,Nicosia,Europe,Southern Europe,,CY-->MU,CY-->MU,CY-->MU,CY-->MU,CY-->MU,CY-->MU,CY-->MU,CY-->MU,CY-->MU,CY-->MU,CY-->MU,CY-->MU,CY-->MU,CY-->MU,CY-->MU,CY-->MU,CY-->MU,CY-->MU,CY-->MU,,,,,,,,,,,,,,,,,MU-->CY,MU-->CY,MU-->CY,MU-->CY,MU-->CY,MU-->CY,MU-->CY,MU-->CY,MU-->CY,MU-->CY,MU-->CY,MU-->CY,MU-->CY,MU-->CY,MU-->CY,MU-->CY,MU-->CY,MU-->CY,MU-->CY
CZ,CZE,Czech Republic,Prague,Europe,Eastern Europe,,CZ-->MU,CZ-->MU,CZ-->MU,CZ-->MU,CZ-->MU,CZ-->MU,CZ-->MU,CZ-->MU,CZ-->MU,CZ-->MU,CZ-->MU,CZ-->MU,CZ-->MU,CZ-->MU,CZ-->MU,CZ-->MU,CZ-->MU,CZ-->MU,CZ-->MU,,,,,,,,,,,,,,,,,MU-->CZ,MU-->CZ,MU-->CZ,MU-->CZ,MU-->CZ,MU-->CZ,MU-->CZ,MU-->CZ,MU-->CZ,MU-->CZ,MU-->CZ,MU-->CZ,MU-->CZ,MU-->CZ,MU-->CZ,MU-->CZ,MU-->CZ,MU-->CZ,MU-->CZ
DK,DNK,Denmark,Copenhagen,Europe,Northern Europe,,DK-->MU,DK-->MU,DK-->MU,DK-->MU,DK-->MU,DK-->MU,DK-->MU,DK-->MU,DK-->MU,DK-->MU,DK-->MU,DK-->MU,DK-->MU,DK-->MU,DK-->MU,DK-->MU,DK-->MU,DK-->MU,DK-->MU,,,,,,,,,,,,,,,,,MU-->DK,MU-->DK,MU-->DK,MU-->DK,MU-->DK,MU-->DK,MU-->DK,MU-->DK,MU-->DK,MU-->DK,MU-->DK,MU-->DK,MU-->DK,MU-->DK,MU-->DK,MU-->DK,MU-->DK,MU-->DK,MU-->DK
DJ,DJI,Djibouti,Djibouti,Africa,Eastern Africa,,DJ-->MU,DJ-->MU,DJ-->MU,DJ-->MU,DJ-->MU,DJ-->MU,DJ-->MU,DJ-->MU,DJ-->MU,DJ-->MU,DJ-->MU,DJ-->MU,DJ-->MU,DJ-->MU,DJ-->MU,DJ-->MU,DJ-->MU,DJ-->MU,DJ-->MU,,,,,,,,,,,,,,,,,MU-->DJ,MU-->DJ,MU-->DJ,MU-->DJ,MU-->DJ,MU-->DJ,MU-->DJ,MU-->DJ,MU-->DJ,MU-->DJ,MU-->DJ,MU-->DJ,MU-->DJ,MU-->DJ,MU-->DJ,MU-->DJ,MU-->DJ,MU-->DJ,MU-->DJ
DM,DMA,Dominica,Roseau,Americas,Caribbean,,DM-->MU,DM-->MU,DM-->MU,DM-->MU,DM-->MU,DM-->MU,DM-->MU,DM-->MU,DM-->MU,DM-->MU,DM-->MU,DM-->MU,DM-->MU,DM-->MU,DM-->MU,DM-->MU,DM-->MU,DM-->MU,DM-->MU,,,,,,,,,,,,,,,,,MU-->DM,MU-->DM,MU-->DM,MU-->DM,MU-->DM,MU-->DM,MU-->DM,MU-->DM,MU-->DM,MU-->DM,MU-->DM,MU-->DM,MU-->DM,MU-->DM,MU-->DM,MU-->DM,MU-->DM,MU-->DM,MU-->DM
DO,DOM,Dominican Republic,Santo Domingo,Americas,Caribbean,,DO-->MU,DO-->MU,DO-->MU,DO-->MU,DO-->MU,DO-->MU,DO-->MU,DO-->MU,DO-->MU,DO-->MU,DO-->MU,DO-->MU,DO-->MU,DO-->MU,DO-->MU,DO-->MU,DO-->MU,DO-->MU,DO-->MU,,,,,,,,,,,,,,,,,MU-->DO,MU-->DO,MU-->DO,MU-->DO,MU-->DO,MU-->DO,MU-->DO,MU-->DO,MU-->DO,MU-->DO,MU-->DO,MU-->DO,MU-->DO,MU-->DO,MU-->DO,MU-->DO,MU-->DO,MU-->DO,MU-->DO
EC,ECU,Ecuador,Quito,Americas,South America,,EC-->MU,EC-->MU,EC-->MU,EC-->MU,EC-->MU,EC-->MU,EC-->MU,EC-->MU,EC-->MU,EC-->MU,EC-->MU,EC-->MU,EC-->MU,EC-->MU,EC-->MU,EC-->MU,EC-->MU,EC-->MU,EC-->MU,,,,,,,,,,,,,,,,,MU-->EC,MU-->EC,MU-->EC,MU-->EC,MU-->EC,MU-->EC,MU-->EC,MU-->EC,MU-->EC,MU-->EC,MU-->EC,MU-->EC,MU-->EC,MU-->EC,MU-->EC,MU-->EC,MU-->EC,MU-->EC,MU-->EC
EG,EGY,Egypt,Cairo,Africa,Northern Africa,,EG-->MU,EG-->MU,EG-->MU,EG-->MU,EG-->MU,EG-->MU,EG-->MU,EG-->MU,EG-->MU,EG-->MU,EG-->MU,EG-->MU,EG-->MU,EG-->MU,EG-->MU,EG-->MU,EG-->MU,EG-->MU,EG-->MU,,,,,,,,,,,,,,,,,MU-->EG,MU-->EG,MU-->EG,MU-->EG,MU-->EG,MU-->EG,MU-->EG,MU-->EG,MU-->EG,MU-->EG,MU-->EG,MU-->EG,MU-->EG,MU-->EG,MU-->EG,MU-->EG,MU-->EG,MU-->EG,MU-->EG
SV,SLV,El Salvador,San Salvador,Americas,Central America,,SV-->MU,SV-->MU,SV-->MU,SV-->MU,SV-->MU,SV-->MU,SV-->MU,SV-->MU,SV-->MU,SV-->MU,SV-->MU,SV-->MU,SV-->MU,SV-->MU,SV-->MU,SV-->MU,SV-->MU,SV-->MU,SV-->MU,,,,,,,,,,,,,,,,,MU-->SV,MU-->SV,MU-->SV,MU-->SV,MU-->SV,MU-->SV,MU-->SV,MU-->SV,MU-->SV,MU-->SV,MU-->SV,MU-->SV,MU-->SV,MU-->SV,MU-->SV,MU-->SV,MU-->SV,MU-->SV,MU-->SV
GQ,GNQ,Equatorial Guinea,Malabo,Africa,Middle Africa,,GQ-->MU,GQ-->MU,GQ-->MU,GQ-->MU,GQ-->MU,GQ-->MU,GQ-->MU,GQ-->MU,GQ-->MU,GQ-->MU,GQ-->MU,GQ-->MU,GQ-->MU,GQ-->MU,GQ-->MU,GQ-->MU,GQ-->MU,GQ-->MU,GQ-->MU,,,,,,,,,,,,,,,,,MU-->GQ,MU-->GQ,MU-->GQ,MU-->GQ,MU-->GQ,MU-->GQ,MU-->GQ,MU-->GQ,MU-->GQ,MU-->GQ,MU-->GQ,MU-->GQ,MU-->GQ,MU-->GQ,MU-->GQ,MU-->GQ,MU-->GQ,MU-->GQ,MU-->GQ
ER,ERI,Eritrea,Asmara,Africa,Eastern Africa,,ER-->MU,ER-->MU,ER-->MU,ER-->MU,ER-->MU,ER-->MU,ER-->MU,ER-->MU,ER-->MU,ER-->MU,ER-->MU,ER-->MU,ER-->MU,ER-->MU,ER-->MU,ER-->MU,ER-->MU,ER-->MU,ER-->MU,,,,,,,,,,,,,,,,,MU-->ER,MU-->ER,MU-->ER,MU-->ER,MU-->ER,MU-->ER,MU-->ER,MU-->ER,MU-->ER,MU-->ER,MU-->ER,MU-->ER,MU-->ER,MU-->ER,MU-->ER,MU-->ER,MU-->ER,MU-->ER,MU-->ER
EE,EST,Estonia,Tallinn,Europe,Northern Europe,,EE-->MU,EE-->MU,EE-->MU,EE-->MU,EE-->MU,EE-->MU,EE-->MU,EE-->MU,EE-->MU,EE-->MU,EE-->MU,EE-->MU,EE-->MU,EE-->MU,EE-->MU,EE-->MU,EE-->MU,EE-->MU,EE-->MU,,,,,,,,,,,,,,,,,MU-->EE,MU-->EE,MU-->EE,MU-->EE,MU-->EE,MU-->EE,MU-->EE,MU-->EE,MU-->EE,MU-->EE,MU-->EE,MU-->EE,MU-->EE,MU-->EE,MU-->EE,MU-->EE,MU-->EE,MU-->EE,MU-->EE
ET,ETH,Ethiopia,Addis Ababa,Africa,Eastern Africa,,ET-->MU,ET-->MU,ET-->MU,ET-->MU,ET-->MU,ET-->MU,ET-->MU,ET-->MU,ET-->MU,ET-->MU,ET-->MU,ET-->MU,ET-->MU,ET-->MU,ET-->MU,ET-->MU,ET-->MU,ET-->MU,ET-->MU,,,,,,,,,,,,,,,,,MU-->ET,MU-->ET,MU-->ET,MU-->ET,MU-->ET,MU-->ET,MU-->ET,MU-->ET,MU-->ET,MU-->ET,MU-->ET,MU-->ET,MU-->ET,MU-->ET,MU-->ET,MU-->ET,MU-->ET,MU-->ET,MU-->ET
FK,FLK,Falkland Islands,Stanley,Americas,South America,,FK-->MU,FK-->MU,FK-->MU,FK-->MU,FK-->MU,FK-->MU,FK-->MU,FK-->MU,FK-->MU,FK-->MU,FK-->MU,FK-->MU,FK-->MU,FK-->MU,FK-->MU,FK-->MU,FK-->MU,FK-->MU,FK-->MU,,,,,,,,,,,,,,,,,MU-->FK,MU-->FK,MU-->FK,MU-->FK,MU-->FK,MU-->FK,MU-->FK,MU-->FK,MU-->FK,MU-->FK,MU-->FK,MU-->FK,MU-->FK,MU-->FK,MU-->FK,MU-->FK,MU-->FK,MU-->FK,MU-->FK
FO,FRO,Faroe Islands,Tórshavn,Europe,Northern Europe,,FO-->MU,FO-->MU,FO-->MU,FO-->MU,FO-->MU,FO-->MU,FO-->MU,FO-->MU,FO-->MU,FO-->MU,FO-->MU,FO-->MU,FO-->MU,FO-->MU,FO-->MU,FO-->MU,FO-->MU,FO-->MU,FO-->MU,,,,,,,,,,,,,,,,,MU-->FO,MU-->FO,MU-->FO,MU-->FO,MU-->FO,MU-->FO,MU-->FO,MU-->FO,MU-->FO,MU-->FO,MU-->FO,MU-->FO,MU-->FO,MU-->FO,MU-->FO,MU-->FO,MU-->FO,MU-->FO,MU-->FO
FJ,FJI,Fiji,Suva,Oceania,Melanesia,,FJ-->MU,FJ-->MU,FJ-->MU,FJ-->MU,FJ-->MU,FJ-->MU,FJ-->MU,FJ-->MU,FJ-->MU,FJ-->MU,FJ-->MU,FJ-->MU,FJ-->MU,FJ-->MU,FJ-->MU,FJ-->MU,FJ-->MU,FJ-->MU,FJ-->MU,,,,,,,,,,,,,,,,,MU-->FJ,MU-->FJ,MU-->FJ,MU-->FJ,MU-->FJ,MU-->FJ,MU-->FJ,MU-->FJ,MU-->FJ,MU-->FJ,MU-->FJ,MU-->FJ,MU-->FJ,MU-->FJ,MU-->FJ,MU-->FJ,MU-->FJ,MU-->FJ,MU-->FJ
FI,FIN,Finland,Helsinki,Europe,Northern Europe,,FI-->MU,FI-->MU,FI-->MU,FI-->MU,FI-->MU,FI-->MU,FI-->MU,FI-->MU,FI-->MU,FI-->MU,FI-->MU,FI-->MU,FI-->MU,FI-->MU,FI-->MU,FI-->MU,FI-->MU,FI-->MU,FI-->MU,,,,,,,,,,,,,,,,,MU-->FI,MU-->FI,MU-->FI,MU-->FI,MU-->FI,MU-->FI,MU-->FI,MU-->FI,MU-->FI,MU-->FI,MU-->FI,MU-->FI,MU-->FI,MU-->FI,MU-->FI,MU-->FI,MU-->FI,MU-->FI,MU-->FI
FR,FRA,France,Paris,Europe,Western Europe,,FR-->MU,FR-->MU,FR-->MU,FR-->MU,FR-->MU,FR-->MU,FR-->MU,FR-->MU,FR-->MU,FR-->MU,FR-->MU,FR-->MU,FR-->MU,FR-->MU,FR-->MU,FR-->MU,FR-->MU,FR-->MU,FR-->MU,,,,,,,,,,,,,,,,,MU-->FR,MU-->FR,MU-->FR,MU-->FR,MU-->FR,MU-->FR,MU-->FR,MU-->FR,MU-->FR,MU-->FR,MU-->FR,MU-->FR,MU-->FR,MU-->FR,MU-->FR,MU-->FR,MU-->FR,MU-->FR,MU-->FR
GF,GUF,French Guiana,Cayenne,Americas,South America,,GF-->MU,GF-->MU,GF-->MU,GF-->MU,GF-->MU,GF-->MU,GF-->MU,GF-->MU,GF-->MU,GF-->MU,GF-->MU,GF-->MU,GF-->MU,GF-->MU,GF-->MU,GF-->MU,GF-->MU,GF-->MU,GF-->MU,,,,,,,,,,,,,,,,,MU-->GF,MU-->GF,MU-->GF,MU-->GF,MU-->GF,MU-->GF,MU-->GF,MU-->GF,MU-->GF,MU-->GF,MU-->GF,MU-->GF,MU-->GF,MU-->GF,MU-->GF,MU-->GF,MU-->GF,MU-->GF,MU-->GF
PF,PYF,French Polynesia,Papeetē,Oceania,Polynesia,,PF-->MU,PF-->MU,PF-->MU,PF-->MU,PF-->MU,PF-->MU,PF-->MU,PF-->MU,PF-->MU,PF-->MU,PF-->MU,PF-->MU,PF-->MU,PF-->MU,PF-->MU,PF-->MU,PF-->MU,PF-->MU,PF-->MU,,,,,,,,,,,,,,,,,MU-->PF,MU-->PF,MU-->PF,MU-->PF,MU-->PF,MU-->PF,MU-->PF,MU-->PF,MU-->PF,MU-->PF,MU-->PF,MU-->PF,MU-->PF,MU-->PF,MU-->PF,MU-->PF,MU-->PF,MU-->PF,MU-->PF
TF,ATF,French Southern and Antarctic Lands,Port-aux-Français,Africa,Southern Africa,,TF-->MU,TF-->MU,TF-->MU,TF-->MU,TF-->MU,TF-->MU,TF-->MU,TF-->MU,TF-->MU,TF-->MU,TF-->MU,TF-->MU,TF-->MU,TF-->MU,TF-->MU,TF-->MU,TF-->MU,TF-->MU,TF-->MU,,,,,,,,,,,,,,,,,MU-->TF,MU-->TF,MU-->TF,MU-->TF,MU-->TF,MU-->TF,MU-->TF,MU-->TF,MU-->TF,MU-->TF,MU-->TF,MU-->TF,MU-->TF,MU-->TF,MU-->TF,MU-->TF,MU-->TF,MU-->TF,MU-->TF
GA,GAB,Gabon,Libreville,Africa,Middle Africa,,GA-->MU,GA-->MU,GA-->MU,GA-->MU,GA-->MU,GA-->MU,GA-->MU,GA-->MU,GA-->MU,GA-->MU,GA-->MU,GA-->MU,GA-->MU,GA-->MU,GA-->MU,GA-->MU,GA-->MU,GA-->MU,GA-->MU,,,,,,,,,,,,,,,,,MU-->GA,MU-->GA,MU-->GA,MU-->GA,MU-->GA,MU-->GA,MU-->GA,MU-->GA,MU-->GA,MU-->GA,MU-->GA,MU-->GA,MU-->GA,MU-->GA,MU-->GA,MU-->GA,MU-->GA,MU-->GA,MU-->GA
GM,GMB,The Gambia,Banjul,Africa,Western Africa,,GM-->MU,GM-->MU,GM-->MU,GM-->MU,GM-->MU,GM-->MU,GM-->MU,GM-->MU,GM-->MU,GM-->MU,GM-->MU,GM-->MU,GM-->MU,GM-->MU,GM-->MU,GM-->MU,GM-->MU,GM-->MU,GM-->MU,,,,,,,,,,,,,,,,,MU-->GM,MU-->GM,MU-->GM,MU-->GM,MU-->GM,MU-->GM,MU-->GM,MU-->GM,MU-->GM,MU-->GM,MU-->GM,MU-->GM,MU-->GM,MU-->GM,MU-->GM,MU-->GM,MU-->GM,MU-->GM,MU-->GM
GE,GEO,Georgia,Tbilisi,Asia,Western Asia,,GE-->MU,GE-->MU,GE-->MU,GE-->MU,GE-->MU,GE-->MU,GE-->MU,GE-->MU,GE-->MU,GE-->MU,GE-->MU,GE-->MU,GE-->MU,GE-->MU,GE-->MU,GE-->MU,GE-->MU,GE-->MU,GE-->MU,,,,,,,,,,,,,,,,,MU-->GE,MU-->GE,MU-->GE,MU-->GE,MU-->GE,MU-->GE,MU-->GE,MU-->GE,MU-->GE,MU-->GE,MU-->GE,MU-->GE,MU-->GE,MU-->GE,MU-->GE,MU-->GE,MU-->GE,MU-->GE,MU-->GE
DE,DEU,Germany,Berlin,Europe,Western Europe,,DE-->MU,DE-->MU,DE-->MU,DE-->MU,DE-->MU,DE-->MU,DE-->MU,DE-->MU,DE-->MU,DE-->MU,DE-->MU,DE-->MU,DE-->MU,DE-->MU,DE-->MU,DE-->MU,DE-->MU,DE-->MU,DE-->MU,,,,,,,,,,,,,,,,,MU-->DE,MU-->DE,MU-->DE,MU-->DE,MU-->DE,MU-->DE,MU-->DE,MU-->DE,MU-->DE,MU-->DE,MU-->DE,MU-->DE,MU-->DE,MU-->DE,MU-->DE,MU-->DE,MU-->DE,MU-->DE,MU-->DE
GH,GHA,Ghana,Accra,Africa,Western Africa,,GH-->MU,GH-->MU,GH-->MU,GH-->MU,GH-->MU,GH-->MU,GH-->MU,GH-->MU,GH-->MU,GH-->MU,GH-->MU,GH-->MU,GH-->MU,GH-->MU,GH-->MU,GH-->MU,GH-->MU,GH-->MU,GH-->MU,,,,,,,,,,,,,,,,,MU-->GH,MU-->GH,MU-->GH,MU-->GH,MU-->GH,MU-->GH,MU-->GH,MU-->GH,MU-->GH,MU-->GH,MU-->GH,MU-->GH,MU-->GH,MU-->GH,MU-->GH,MU-->GH,MU-->GH,MU-->GH,MU-->GH
GI,GIB,Gibraltar,Gibraltar,Europe,Southern Europe,,GI-->MU,GI-->MU,GI-->MU,GI-->MU,GI-->MU,GI-->MU,GI-->MU,GI-->MU,GI-->MU,GI-->MU,GI-->MU,GI-->MU,GI-->MU,GI-->MU,GI-->MU,GI-->MU,GI-->MU,GI-->MU,GI-->MU,,,,,,,,,,,,,,,,,MU-->GI,MU-->GI,MU-->GI,MU-->GI,MU-->GI,MU-->GI,MU-->GI,MU-->GI,MU-->GI,MU-->GI,MU-->GI,MU-->GI,MU-->GI,MU-->GI,MU-->GI,MU-->GI,MU-->GI,MU-->GI,MU-->GI
GR,GRC,Greece,Athens,Europe,Southern Europe,,GR-->MU,GR-->MU,GR-->MU,GR-->MU,GR-->MU,GR-->MU,GR-->MU,GR-->MU,GR-->MU,GR-->MU,GR-->MU,GR-->MU,GR-->MU,GR-->MU,GR-->MU,GR-->MU,GR-->MU,GR-->MU,GR-->MU,,,,,,,,,,,,,,,,,MU-->GR,MU-->GR,MU-->GR,MU-->GR,MU-->GR,MU-->GR,MU-->GR,MU-->GR,MU-->GR,MU-->GR,MU-->GR,MU-->GR,MU-->GR,MU-->GR,MU-->GR,MU-->GR,MU-->GR,MU-->GR,MU-->GR
GL,GRL,Greenland,Nuuk,Americas,Northern America,,GL-->MU,GL-->MU,GL-->MU,GL-->MU,GL-->MU,GL-->MU,GL-->MU,GL-->MU,GL-->MU,GL-->MU,GL-->MU,GL-->MU,GL-->MU,GL-->MU,GL-->MU,GL-->MU,GL-->MU,GL-->MU,GL-->MU,,,,,,,,,,,,,,,,,MU-->GL,MU-->GL,MU-->GL,MU-->GL,MU-->GL,MU-->GL,MU-->GL,MU-->GL,MU-->GL,MU-->GL,MU-->GL,MU-->GL,MU-->GL,MU-->GL,MU-->GL,MU-->GL,MU-->GL,MU-->GL,MU-->GL
GD,GRD,Grenada,St. George's,Americas,Caribbean,,GD-->MU,GD-->MU,GD-->MU,GD-->MU,GD-->MU,GD-->MU,GD-->MU,GD-->MU,GD-->MU,GD-->MU,GD-->MU,GD-->MU,GD-->MU,GD-->MU,GD-->MU,GD-->MU,GD-->MU,GD-->MU,GD-->MU,,,,,,,,,,,,,,,,,MU-->GD,MU-->GD,MU-->GD,MU-->GD,MU-->GD,MU-->GD,MU-->GD,MU-->GD,MU-->GD,MU-->GD,MU-->GD,MU-->GD,MU-->GD,MU-->GD,MU-->GD,MU-->GD,MU-->GD,MU-->GD,MU-->GD
GP,GLP,Guadeloupe,Basse-Terre,Americas,Caribbean,,GP-->MU,GP-->MU,GP-->MU,GP-->MU,GP-->MU,GP-->MU,GP-->MU,GP-->MU,GP-->MU,GP-->MU,GP-->MU,GP-->MU,GP-->MU,GP-->MU,GP-->MU,GP-->MU,GP-->MU,GP-->MU,GP-->MU,,,,,,,,,,,,,,,,,MU-->GP,MU-->GP,MU-->GP,MU-->GP,MU-->GP,MU-->GP,MU-->GP,MU-->GP,MU-->GP,MU-->GP,MU-->GP,MU-->GP,MU-->GP,MU-->GP,MU-->GP,MU-->GP,MU-->GP,MU-->GP,MU-->GP
GU,GUM,Guam,Hagåtña,Oceania,Micronesia,,GU-->MU,GU-->MU,GU-->MU,GU-->MU,GU-->MU,GU-->MU,GU-->MU,GU-->MU,GU-->MU,GU-->MU,GU-->MU,GU-->MU,GU-->MU,GU-->MU,GU-->MU,GU-->MU,GU-->MU,GU-->MU,GU-->MU,,,,,,,,,,,,,,,,,MU-->GU,MU-->GU,MU-->GU,MU-->GU,MU-->GU,MU-->GU,MU-->GU,MU-->GU,MU-->GU,MU-->GU,MU-->GU,MU-->GU,MU-->GU,MU-->GU,MU-->GU,MU-->GU,MU-->GU,MU-->GU,MU-->GU
GT,GTM,Guatemala,Guatemala City,Americas,Central America,,GT-->MU,GT-->MU,GT-->MU,GT-->MU,GT-->MU,GT-->MU,GT-->MU,GT-->MU,GT-->MU,GT-->MU,GT-->MU,GT-->MU,GT-->MU,GT-->MU,GT-->MU,GT-->MU,GT-->MU,GT-->MU,GT-->MU,,,,,,,,,,,,,,,,,MU-->GT,MU-->GT,MU-->GT,MU-->GT,MU-->GT,MU-->GT,MU-->GT,MU-->GT,MU-->GT,MU-->GT,MU-->GT,MU-->GT,MU-->GT,MU-->GT,MU-->GT,MU-->GT,MU-->GT,MU-->GT,MU-->GT
GG,GGY,Guernsey,St. Peter Port,Europe,Northern Europe,,GG-->MU,GG-->MU,GG-->MU,GG-->MU,GG-->MU,GG-->MU,GG-->MU,GG-->MU,GG-->MU,GG-->MU,GG-->MU,GG-->MU,GG-->MU,GG-->MU,GG-->MU,GG-->MU,GG-->MU,GG-->MU,GG-->MU,,,,,,,,,,,,,,,,,MU-->GG,MU-->GG,MU-->GG,MU-->GG,MU-->GG,MU-->GG,MU-->GG,MU-->GG,MU-->GG,MU-->GG,MU-->GG,MU-->GG,MU-->GG,MU-->GG,MU-->GG,MU-->GG,MU-->GG,MU-->GG,MU-->GG
GN,GIN,Guinea,Conakry,Africa,Western Africa,,GN-->MU,GN-->MU,GN-->MU,GN-->MU,GN-->MU,GN-->MU,GN-->MU,GN-->MU,GN-->MU,GN-->MU,GN-->MU,GN-->MU,GN-->MU,GN-->MU,GN-->MU,GN-->MU,GN-->MU,GN-->MU,GN-->MU,,,,,,,,,,,,,,,,,MU-->GN,MU-->GN,MU-->GN,MU-->GN,MU-->GN,MU-->GN,MU-->GN,MU-->GN,MU-->GN,MU-->GN,MU-->GN,MU-->GN,MU-->GN,MU-->GN,MU-->GN,MU-->GN,MU-->GN,MU-->GN,MU-->GN
GW,GNB,Guinea-Bissau,Bissau,Africa,Western Africa,,GW-->MU,GW-->MU,GW-->MU,GW-->MU,GW-->MU,GW-->MU,GW-->MU,GW-->MU,GW-->MU,GW-->MU,GW-->MU,GW-->MU,GW-->MU,GW-->MU,GW-->MU,GW-->MU,GW-->MU,GW-->MU,GW-->MU,,,,,,,,,,,,,,,,,MU-->GW,MU-->GW,MU-->GW,MU-->GW,MU-->GW,MU-->GW,MU-->GW,MU-->GW,MU-->GW,MU-->GW,MU-->GW,MU-->GW,MU-->GW,MU-->GW,MU-->GW,MU-->GW,MU-->GW,MU-->GW,MU-->GW
GY,GUY,Guyana,Georgetown,Americas,South America,,GY-->MU,GY-->MU,GY-->MU,GY-->MU,GY-->MU,GY-->MU,GY-->MU,GY-->MU,GY-->MU,GY-->MU,GY-->MU,GY-->MU,GY-->MU,GY-->MU,GY-->MU,GY-->MU,GY-->MU,GY-->MU,GY-->MU,,,,,,,,,,,,,,,,,MU-->GY,MU-->GY,MU-->GY,MU-->GY,MU-->GY,MU-->GY,MU-->GY,MU-->GY,MU-->GY,MU-->GY,MU-->GY,MU-->GY,MU-->GY,MU-->GY,MU-->GY,MU-->GY,MU-->GY,MU-->GY,MU-->GY
HT,HTI,Haiti,Port-au-Prince,Americas,Caribbean,,HT-->MU,HT-->MU,HT-->MU,HT-->MU,HT-->MU,HT-->MU,HT-->MU,HT-->MU,HT-->MU,HT-->MU,HT-->MU,HT-->MU,HT-->MU,HT-->MU,HT-->MU,HT-->MU,HT-->MU,HT-->MU,HT-->MU,,,,,,,,,,,,,,,,,MU-->HT,MU-->HT,MU-->HT,MU-->HT,MU-->HT,MU-->HT,MU-->HT,MU-->HT,MU-->HT,MU-->HT,MU-->HT,MU-->HT,MU-->HT,MU-->HT,MU-->HT,MU-->HT,MU-->HT,MU-->HT,MU-->HT
HM,HMD,Heard Island and McDonald Islands,,,,,HM-->MU,HM-->MU,HM-->MU,HM-->MU,HM-->MU,HM-->MU,HM-->MU,HM-->MU,HM-->MU,HM-->MU,HM-->MU,HM-->MU,HM-->MU,HM-->MU,HM-->MU,HM-->MU,HM-->MU,HM-->MU,HM-->MU,,,,,,,,,,,,,,,,,MU-->HM,MU-->HM,MU-->HM,MU-->HM,MU-->HM,MU-->HM,MU-->HM,MU-->HM,MU-->HM,MU-->HM,MU-->HM,MU-->HM,MU-->HM,MU-->HM,MU-->HM,MU-->HM,MU-->HM,MU-->HM,MU-->HM
VA,VAT,Holy See,Rome,Europe,Southern Europe,,VA-->MU,VA-->MU,VA-->MU,VA-->MU,VA-->MU,VA-->MU,VA-->MU,VA-->MU,VA-->MU,VA-->MU,VA-->MU,VA-->MU,VA-->MU,VA-->MU,VA-->MU,VA-->MU,VA-->MU,VA-->MU,VA-->MU,,,,,,,,,,,,,,,,,MU-->VA,MU-->VA,MU-->VA,MU-->VA,MU-->VA,MU-->VA,MU-->VA,MU-->VA,MU-->VA,MU-->VA,MU-->VA,MU-->VA,MU-->VA,MU-->VA,MU-->VA,MU-->VA,MU-->VA,MU-->VA,MU-->VA
HN,HND,Honduras,Tegucigalpa,Americas,Central America,,HN-->MU,HN-->MU,HN-->MU,HN-->MU,HN-->MU,HN-->MU,HN-->MU,HN-->MU,HN-->MU,HN-->MU,HN-->MU,HN-->MU,HN-->MU,HN-->MU,HN-->MU,HN-->MU,HN-->MU,HN-->MU,HN-->MU,,,,,,,,,,,,,,,,,MU-->HN,MU-->HN,MU-->HN,MU-->HN,MU-->HN,MU-->HN,MU-->HN,MU-->HN,MU-->HN,MU-->HN,MU-->HN,MU-->HN,MU-->HN,MU-->HN,MU-->HN,MU-->HN,MU-->HN,MU-->HN,MU-->HN
HK,HKG,Hong Kong,City of Victoria,Asia,Eastern Asia,,HK-->MU,HK-->MU,HK-->MU,HK-->MU,HK-->MU,HK-->MU,HK-->MU,HK-->MU,HK-->MU,HK-->MU,HK-->MU,HK-->MU,HK-->MU,HK-->MU,HK-->MU,HK-->MU,HK-->MU,HK-->MU,HK-->MU,,,,,,,,,,,,,,,,,MU-->HK,MU-->HK,MU-->HK,MU-->HK,MU-->HK,MU-->HK,MU-->HK,MU-->HK,MU-->HK,MU-->HK,MU-->HK,MU-->HK,MU-->HK,MU-->HK,MU-->HK,MU-->HK,MU-->HK,MU-->HK,MU-->HK
HU,HUN,Hungary,Budapest,Europe,Eastern Europe,,HU-->MU,HU-->MU,HU-->MU,HU-->MU,HU-->MU,HU-->MU,HU-->MU,HU-->MU,HU-->MU,HU-->MU,HU-->MU,HU-->MU,HU-->MU,HU-->MU,HU-->MU,HU-->MU,HU-->MU,HU-->MU,HU-->MU,,,,,,,,,,,,,,,,,MU-->HU,MU-->HU,MU-->HU,MU-->HU,MU-->HU,MU-->HU,MU-->HU,MU-->HU,MU-->HU,MU-->HU,MU-->HU,MU-->HU,MU-->HU,MU-->HU,MU-->HU,MU-->HU,MU-->HU,MU-->HU,MU-->HU
IS,ISL,Iceland,Reykjavík,Europe,Northern Europe,,IS-->MU,IS-->MU,IS-->MU,IS-->MU,IS-->MU,IS-->MU,IS-->MU,IS-->MU,IS-->MU,IS-->MU,IS-->MU,IS-->MU,IS-->MU,IS-->MU,IS-->MU,IS-->MU,IS-->MU,IS-->MU,IS-->MU,,,,,,,,,,,,,,,,,MU-->IS,MU-->IS,MU-->IS,MU-->IS,MU-->IS,MU-->IS,MU-->IS,MU-->IS,MU-->IS,MU-->IS,MU-->IS,MU-->IS,MU-->IS,MU-->IS,MU-->IS,MU-->IS,MU-->IS,MU-->IS,MU-->IS
IN,IND,India,New Delhi,Asia,Southern Asia,,IN-->MU,IN-->MU,IN-->MU,IN-->MU,IN-->MU,IN-->MU,IN-->MU,IN-->MU,IN-->MU,IN-->MU,IN-->MU,IN-->MU,IN-->MU,IN-->MU,IN-->MU,IN-->MU,IN-->MU,IN-->MU,IN-->MU,,,,,,,,,,,,,,,,,MU-->IN,MU-->IN,MU-->IN,MU-->IN,MU-->IN,MU-->IN,MU-->IN,MU-->IN,MU-->IN,MU-->IN,MU-->IN,MU-->IN,MU-->IN,MU-->IN,MU-->IN,MU-->IN,MU-->IN,MU-->IN,MU-->IN
ID,IDN,Indonesia,Jakarta,Asia,South-Eastern Asia,,ID-->MU,ID-->MU,ID-->MU,ID-->MU,ID-->MU,ID-->MU,ID-->MU,ID-->MU,ID-->MU,ID-->MU,ID-->MU,ID-->MU,ID-->MU,ID-->MU,ID-->MU,ID-->MU,ID-->MU,ID-->MU,ID-->MU,,,,,,,,,,,,,,,,,MU-->ID,MU-->ID,MU-->ID,MU-->ID,MU-->ID,MU-->ID,MU-->ID,MU-->ID,MU-->ID,MU-->ID,MU-->ID,MU-->ID,MU-->ID,MU-->ID,MU-->ID,MU-->ID,MU-->ID,MU-->ID,MU-->ID
CI,CIV,Ivory Coast,Yamoussoukro,Africa,Western Africa,,CI-->MU,CI-->MU,CI-->MU,CI-->MU,CI-->MU,CI-->MU,CI-->MU,CI-->MU,CI-->MU,CI-->MU,CI-->MU,CI-->MU,CI-->MU,CI-->MU,CI-->MU,CI-->MU,CI-->MU,CI-->MU,CI-->MU,,,,,,,,,,,,,,,,,MU-->CI,MU-->CI,MU-->CI,MU-->CI,MU-->CI,MU-->CI,MU-->CI,MU-->CI,MU-->CI,MU-->CI,MU-->CI,MU-->CI,MU-->CI,MU-->CI,MU-->CI,MU-->CI,MU-->CI,MU-->CI,MU-->CI
IR,IRN,Iran,Tehran,Asia,Southern Asia,,IR-->MU,IR-->MU,IR-->MU,IR-->MU,IR-->MU,IR-->MU,IR-->MU,IR-->MU,IR-->MU,IR-->MU,IR-->MU,IR-->MU,IR-->MU,IR-->MU,IR-->MU,IR-->MU,IR-->MU,IR-->MU,IR-->MU,,,,,,,,,,,,,,,,,MU-->IR,MU-->IR,MU-->IR,MU-->IR,MU-->IR,MU-->IR,MU-->IR,MU-->IR,MU-->IR,MU-->IR,MU-->IR,MU-->IR,MU-->IR,MU-->IR,MU-->IR,MU-->IR,MU-->IR,MU-->IR,MU-->IR
IQ,IRQ,Iraq,Baghdad,Asia,Western Asia,,IQ-->MU,IQ-->MU,IQ-->MU,IQ-->MU,IQ-->MU,IQ-->MU,IQ-->MU,IQ-->MU,IQ-->MU,IQ-->MU,IQ-->MU,IQ-->MU,IQ-->MU,IQ-->MU,IQ-->MU,IQ-->MU,IQ-->MU,IQ-->MU,IQ-->MU,,,,,,,,,,,,,,,,,MU-->IQ,MU-->IQ,MU-->IQ,MU-->IQ,MU-->IQ,MU-->IQ,MU-->IQ,MU-->IQ,MU-->IQ,MU-->IQ,MU-->IQ,MU-->IQ,MU-->IQ,MU-->IQ,MU-->IQ,MU-->IQ,MU-->IQ,MU-->IQ,MU-->IQ
IE,IRL,Republic of Ireland,Dublin,Europe,Northern Europe,,IE-->MU,IE-->MU,IE-->MU,IE-->MU,IE-->MU,IE-->MU,IE-->MU,IE-->MU,IE-->MU,IE-->MU,IE-->MU,IE-->MU,IE-->MU,IE-->MU,IE-->MU,IE-->MU,IE-->MU,IE-->MU,IE-->MU,,,,,,,,,,,,,,,,,MU-->IE,MU-->IE,MU-->IE,MU-->IE,MU-->IE,MU-->IE,MU-->IE,MU-->IE,MU-->IE,MU-->IE,MU-->IE,MU-->IE,MU-->IE,MU-->IE,MU-->IE,MU-->IE,MU-->IE,MU-->IE,MU-->IE
IM,IMN,Isle of Man,Douglas,Europe,Northern Europe,,IM-->MU,IM-->MU,IM-->MU,IM-->MU,IM-->MU,IM-->MU,IM-->MU,IM-->MU,IM-->MU,IM-->MU,IM-->MU,IM-->MU,IM-->MU,IM-->MU,IM-->MU,IM-->MU,IM-->MU,IM-->MU,IM-->MU,,,,,,,,,,,,,,,,,MU-->IM,MU-->IM,MU-->IM,MU-->IM,MU-->IM,MU-->IM,MU-->IM,MU-->IM,MU-->IM,MU-->IM,MU-->IM,MU-->IM,MU-->IM,MU-->IM,MU-->IM,MU-->IM,MU-->IM,MU-->IM,MU-->IM
IL,ISR,Israel,Jerusalem,Asia,Western Asia,,IL-->MU,IL-->MU,IL-->MU,IL-->MU,IL-->MU,IL-->MU,IL-->MU,IL-->MU,IL-->MU,IL-->MU,IL-->MU,IL-->MU,IL-->MU,IL-->MU,IL-->MU,IL-->MU,IL-->MU,IL-->MU,IL-->MU,,,,,,,,,,,,,,,,,MU-->IL,MU-->IL,MU-->IL,MU-->IL,MU-->IL,MU-->IL,MU-->IL,MU-->IL,MU-->IL,MU-->IL,MU-->IL,MU-->IL,MU-->IL,MU-->IL,MU-->IL,MU-->IL,MU-->IL,MU-->IL,MU-->IL
IT,ITA,Italy,Rome,Europe,Southern Europe,,IT-->MU,IT-->MU,IT-->MU,IT-->MU,IT-->MU,IT-->MU,IT-->MU,IT-->MU,IT-->MU,IT-->MU,IT-->MU,IT-->MU,IT-->MU,IT-->MU,IT-->MU,IT-->MU,IT-->MU,IT-->MU,IT-->MU,,,,,,,,,,,,,,,,,MU-->IT,MU-->IT,MU-->IT,MU-->IT,MU-->IT,MU-->IT,MU-->IT,MU-->IT,MU-->IT,MU-->IT,MU-->IT,MU-->IT,MU-->IT,MU-->IT,MU-->IT,MU-->IT,MU-->IT,MU-->IT,MU-->IT
JM,JAM,Jamaica,Kingston,Americas,Caribbean,,JM-->MU,JM-->MU,JM-->MU,JM-->MU,JM-->MU,JM-->MU,JM-->MU,JM-->MU,JM-->MU,JM-->MU,JM-->MU,JM-->MU,JM-->MU,JM-->MU,JM-->MU,JM-->MU,JM-->MU,JM-->MU,JM-->MU,,,,,,,,,,,,,,,,,MU-->JM,MU-->JM,MU-->JM,MU-->JM,MU-->JM,MU-->JM,MU-->JM,MU-->JM,MU-->JM,MU-->JM,MU-->JM,MU-->JM,MU-->JM,MU-->JM,MU-->JM,MU-->JM,MU-->JM,MU-->JM,MU-->JM
JP,JPN,Japan,Tokyo,Asia,Eastern Asia,,JP-->MU,JP-->MU,JP-->MU,JP-->MU,JP-->MU,JP-->MU,JP-->MU,JP-->MU,JP-->MU,JP-->MU,JP-->MU,JP-->MU,JP-->MU,JP-->MU,JP-->MU,JP-->MU,JP-->MU,JP-->MU,JP-->MU,,,,,,,,,,,,,,,,,MU-->JP,MU-->JP,MU-->JP,MU-->JP,MU-->JP,MU-->JP,MU-->JP,MU-->JP,MU-->JP,MU-->JP,MU-->JP,MU-->JP,MU-->JP,MU-->JP,MU-->JP,MU-->JP,MU-->JP,MU-->JP,MU-->JP
JE,JEY,Jersey,Saint Helier,Europe,Northern Europe,,JE-->MU,JE-->MU,JE-->MU,JE-->MU,JE-->MU,JE-->MU,JE-->MU,JE-->MU,JE-->MU,JE-->MU,JE-->MU,JE-->MU,JE-->MU,JE-->MU,JE-->MU,JE-->MU,JE-->MU,JE-->MU,JE-->MU,,,,,,,,,,,,,,,,,MU-->JE,MU-->JE,MU-->JE,MU-->JE,MU-->JE,MU-->JE,MU-->JE,MU-->JE,MU-->JE,MU-->JE,MU-->JE,MU-->JE,MU-->JE,MU-->JE,MU-->JE,MU-->JE,MU-->JE,MU-->JE,MU-->JE
JO,JOR,Jordan,Amman,Asia,Western Asia,,JO-->MU,JO-->MU,JO-->MU,JO-->MU,JO-->MU,JO-->MU,JO-->MU,JO-->MU,JO-->MU,JO-->MU,JO-->MU,JO-->MU,JO-->MU,JO-->MU,JO-->MU,JO-->MU,JO-->MU,JO-->MU,JO-->MU,,,,,,,,,,,,,,,,,MU-->JO,MU-->JO,MU-->JO,MU-->JO,MU-->JO,MU-->JO,MU-->JO,MU-->JO,MU-->JO,MU-->JO,MU-->JO,MU-->JO,MU-->JO,MU-->JO,MU-->JO,MU-->JO,MU-->JO,MU-->JO,MU-->JO
KZ,KAZ,Kazakhstan,Astana,Asia,Central Asia,,KZ-->MU,KZ-->MU,KZ-->MU,KZ-->MU,KZ-->MU,KZ-->MU,KZ-->MU,KZ-->MU,KZ-->MU,KZ-->MU,KZ-->MU,KZ-->MU,KZ-->MU,KZ-->MU,KZ-->MU,KZ-->MU,KZ-->MU,KZ-->MU,KZ-->MU,,,,,,,,,,,,,,,,,MU-->KZ,MU-->KZ,MU-->KZ,MU-->KZ,MU-->KZ,MU-->KZ,MU-->KZ,MU-->KZ,MU-->KZ,MU-->KZ,MU-->KZ,MU-->KZ,MU-->KZ,MU-->KZ,MU-->KZ,MU-->KZ,MU-->KZ,MU-->KZ,MU-->KZ
KE,KEN,Kenya,Nairobi,Africa,Eastern Africa,,KE-->MU,KE-->MU,KE-->MU,KE-->MU,KE-->MU,KE-->MU,KE-->MU,KE-->MU,KE-->MU,KE-->MU,KE-->MU,KE-->MU,KE-->MU,KE-->MU,KE-->MU,KE-->MU,KE-->MU,KE-->MU,KE-->MU,,,,,,,,,,,,,,,,,MU-->KE,MU-->KE,MU-->KE,MU-->KE,MU-->KE,MU-->KE,MU-->KE,MU-->KE,MU-->KE,MU-->KE,MU-->KE,MU-->KE,MU-->KE,MU-->KE,MU-->KE,MU-->KE,MU-->KE,MU-->KE,MU-->KE
KI,KIR,Kiribati,South Tarawa,Oceania,Micronesia,,KI-->MU,KI-->MU,KI-->MU,KI-->MU,KI-->MU,KI-->MU,KI-->MU,KI-->MU,KI-->MU,KI-->MU,KI-->MU,KI-->MU,KI-->MU,KI-->MU,KI-->MU,KI-->MU,KI-->MU,KI-->MU,KI-->MU,,,,,,,,,,,,,,,,,MU-->KI,MU-->KI,MU-->KI,MU-->KI,MU-->KI,MU-->KI,MU-->KI,MU-->KI,MU-->KI,MU-->KI,MU-->KI,MU-->KI,MU-->KI,MU-->KI,MU-->KI,MU-->KI,MU-->KI,MU-->KI,MU-->KI
KW,KWT,Kuwait,Kuwait City,Asia,Western Asia,,KW-->MU,KW-->MU,KW-->MU,KW-->MU,KW-->MU,KW-->MU,KW-->MU,KW-->MU,KW-->MU,KW-->MU,KW-->MU,KW-->MU,KW-->MU,KW-->MU,KW-->MU,KW-->MU,KW-->MU,KW-->MU,KW-->MU,,,,,,,,,,,,,,,,,MU-->KW,MU-->KW,MU-->KW,MU-->KW,MU-->KW,MU-->KW,MU-->KW,MU-->KW,MU-->KW,MU-->KW,MU-->KW,MU-->KW,MU-->KW,MU-->KW,MU-->KW,MU-->KW,MU-->KW,MU-->KW,MU-->KW
KG,KGZ,Kyrgyzstan,Bishkek,Asia,Central Asia,,KG-->MU,KG-->MU,KG-->MU,KG-->MU,KG-->MU,KG-->MU,KG-->MU,KG-->MU,KG-->MU,KG-->MU,KG-->MU,KG-->MU,KG-->MU,KG-->MU,KG-->MU,KG-->MU,KG-->MU,KG-->MU,KG-->MU,,,,,,,,,,,,,,,,,MU-->KG,MU-->KG,MU-->KG,MU-->KG,MU-->KG,MU-->KG,MU-->KG,MU-->KG,MU-->KG,MU-->KG,MU-->KG,MU-->KG,MU-->KG,MU-->KG,MU-->KG,MU-->KG,MU-->KG,MU-->KG,MU-->KG
LA,LAO,Laos,Vientiane,Asia,South-Eastern Asia,,LA-->MU,LA-->MU,LA-->MU,LA-->MU,LA-->MU,LA-->MU,LA-->MU,LA-->MU,LA-->MU,LA-->MU,LA-->MU,LA-->MU,LA-->MU,LA-->MU,LA-->MU,LA-->MU,LA-->MU,LA-->MU,LA-->MU,,,,,,,,,,,,,,,,,MU-->LA,MU-->LA,MU-->LA,MU-->LA,MU-->LA,MU-->LA,MU-->LA,MU-->LA,MU-->LA,MU-->LA,MU-->LA,MU-->LA,MU-->LA,MU-->LA,MU-->LA,MU-->LA,MU-->LA,MU-->LA,MU-->LA
LV,LVA,Latvia,Riga,Europe,Northern Europe,,LV-->MU,LV-->MU,LV-->MU,LV-->MU,LV-->MU,LV-->MU,LV-->MU,LV-->MU,LV-->MU,LV-->MU,LV-->MU,LV-->MU,LV-->MU,LV-->MU,LV-->MU,LV-->MU,LV-->MU,LV-->MU,LV-->MU,,,,,,,,,,,,,,,,,MU-->LV,MU-->LV,MU-->LV,MU-->LV,MU-->LV,MU-->LV,MU-->LV,MU-->LV,MU-->LV,MU-->LV,MU-->LV,MU-->LV,MU-->LV,MU-->LV,MU-->LV,MU-->LV,MU-->LV,MU-->LV,MU-->LV
LB,LBN,Lebanon,Beirut,Asia,Western Asia,,LB-->MU,LB-->MU,LB-->MU,LB-->MU,LB-->MU,LB-->MU,LB-->MU,LB-->MU,LB-->MU,LB-->MU,LB-->MU,LB-->MU,LB-->MU,LB-->MU,LB-->MU,LB-->MU,LB-->MU,LB-->MU,LB-->MU,,,,,,,,,,,,,,,,,MU-->LB,MU-->LB,MU-->LB,MU-->LB,MU-->LB,MU-->LB,MU-->LB,MU-->LB,MU-->LB,MU-->LB,MU-->LB,MU-->LB,MU-->LB,MU-->LB,MU-->LB,MU-->LB,MU-->LB,MU-->LB,MU-->LB
LS,LSO,Lesotho,Maseru,Africa,Southern Africa,,LS-->MU,LS-->MU,LS-->MU,LS-->MU,LS-->MU,LS-->MU,LS-->MU,LS-->MU,LS-->MU,LS-->MU,LS-->MU,LS-->MU,LS-->MU,LS-->MU,LS-->MU,LS-->MU,LS-->MU,LS-->MU,LS-->MU,,,,,,,,,,,,,,,,,MU-->LS,MU-->LS,MU-->LS,MU-->LS,MU-->LS,MU-->LS,MU-->LS,MU-->LS,MU-->LS,MU-->LS,MU-->LS,MU-->LS,MU-->LS,MU-->LS,MU-->LS,MU-->LS,MU-->LS,MU-->LS,MU-->LS
LR,LBR,Liberia,Monrovia,Africa,Western Africa,,LR-->MU,LR-->MU,LR-->MU,LR-->MU,LR-->MU,LR-->MU,LR-->MU,LR-->MU,LR-->MU,LR-->MU,LR-->MU,LR-->MU,LR-->MU,LR-->MU,LR-->MU,LR-->MU,LR-->MU,LR-->MU,LR-->MU,,,,,,,,,,,,,,,,,MU-->LR,MU-->LR,MU-->LR,MU-->LR,MU-->LR,MU-->LR,MU-->LR,MU-->LR,MU-->LR,MU-->LR,MU-->LR,MU-->LR,MU-->LR,MU-->LR,MU-->LR,MU-->LR,MU-->LR,MU-->LR,MU-->LR
LY,LBY,Libya,Tripoli,Africa,Northern Africa,,LY-->MU,LY-->MU,LY-->MU,LY-->MU,LY-->MU,LY-->MU,LY-->MU,LY-->MU,LY-->MU,LY-->MU,LY-->MU,LY-->MU,LY-->MU,LY-->MU,LY-->MU,LY-->MU,LY-->MU,LY-->MU,LY-->MU,,,,,,,,,,,,,,,,,MU-->LY,MU-->LY,MU-->LY,MU-->LY,MU-->LY,MU-->LY,MU-->LY,MU-->LY,MU-->LY,MU-->LY,MU-->LY,MU-->LY,MU-->LY,MU-->LY,MU-->LY,MU-->LY,MU-->LY,MU-->LY,MU-->LY
LI,LIE,Liechtenstein,Vaduz,Europe,Western Europe,,LI-->MU,LI-->MU,LI-->MU,LI-->MU,LI-->MU,LI-->MU,LI-->MU,LI-->MU,LI-->MU,LI-->MU,LI-->MU,LI-->MU,LI-->MU,LI-->MU,LI-->MU,LI-->MU,LI-->MU,LI-->MU,LI-->MU,,,,,,,,,,,,,,,,,MU-->LI,MU-->LI,MU-->LI,MU-->LI,MU-->LI,MU-->LI,MU-->LI,MU-->LI,MU-->LI,MU-->LI,MU-->LI,MU-->LI,MU-->LI,MU-->LI,MU-->LI,MU-->LI,MU-->LI,MU-->LI,MU-->LI
LT,LTU,Lithuania,Vilnius,Europe,Northern Europe,,LT-->MU,LT-->MU,LT-->MU,LT-->MU,LT-->MU,LT-->MU,LT-->MU,LT-->MU,LT-->MU,LT-->MU,LT-->MU,LT-->MU,LT-->MU,LT-->MU,LT-->MU,LT-->MU,LT-->MU,LT-->MU,LT-->MU,,,,,,,,,,,,,,,,,MU-->LT,MU-->LT,MU-->LT,MU-->LT,MU-->LT,MU-->LT,MU-->LT,MU-->LT,MU-->LT,MU-->LT,MU-->LT,MU-->LT,MU-->LT,MU-->LT,MU-->LT,MU-->LT,MU-->LT,MU-->LT,MU-->LT
LU,LUX,Luxembourg,Luxembourg,Europe,Western Europe,,LU-->MU,LU-->MU,LU-->MU,LU-->MU,LU-->MU,LU-->MU,LU-->MU,LU-->MU,LU-->MU,LU-->MU,LU-->MU,LU-->MU,LU-->MU,LU-->MU,LU-->MU,LU-->MU,LU-->MU,LU-->MU,LU-->MU,,,,,,,,,,,,,,,,,MU-->LU,MU-->LU,MU-->LU,MU-->LU,MU-->LU,MU-->LU,MU-->LU,MU-->LU,MU-->LU,MU-->LU,MU-->LU,MU-->LU,MU-->LU,MU-->LU,MU-->LU,MU-->LU,MU-->LU,MU-->LU,MU-->LU
MO,MAC,Macau,,Asia,Eastern Asia,,MO-->MU,MO-->MU,MO-->MU,MO-->MU,MO-->MU,MO-->MU,MO-->MU,MO-->MU,MO-->MU,MO-->MU,MO-->MU,MO-->MU,MO-->MU,MO-->MU,MO-->MU,MO-->MU,MO-->MU,MO-->MU,MO-->MU,,,,,,,,,,,,,,,,,MU-->MO,MU-->MO,MU-->MO,MU-->MO,MU-->MO,MU-->MO,MU-->MO,MU-->MO,MU-->MO,MU-->MO,MU-->MO,MU-->MO,MU-->MO,MU-->MO,MU-->MO,MU-->MO,MU-->MO,MU-->MO,MU-->MO
MK,MKD,Republic of Macedonia,Skopje,Europe,Southern Europe,,MK-->MU,MK-->MU,MK-->MU,MK-->MU,MK-->MU,MK-->MU,MK-->MU,MK-->MU,MK-->MU,MK-->MU,MK-->MU,MK-->MU,MK-->MU,MK-->MU,MK-->MU,MK-->MU,MK-->MU,MK-->MU,MK-->MU,,,,,,,,,,,,,,,,,MU-->MK,MU-->MK,MU-->MK,MU-->MK,MU-->MK,MU-->MK,MU-->MK,MU-->MK,MU-->MK,MU-->MK,MU-->MK,MU-->MK,MU-->MK,MU-->MK,MU-->MK,MU-->MK,MU-->MK,MU-->MK,MU-->MK
MG,MDG,Madagascar,Antananarivo,Africa,Eastern Africa,,MG-->MU,MG-->MU,MG-->MU,MG-->MU,MG-->MU,MG-->MU,MG-->MU,MG-->MU,MG-->MU,MG-->MU,MG-->MU,MG-->MU,MG-->MU,MG-->MU,MG-->MU,MG-->MU,MG-->MU,MG-->MU,MG-->MU,,,,,,,,,,,,,,,,,MU-->MG,MU-->MG,MU-->MG,MU-->MG,MU-->MG,MU-->MG,MU-->MG,MU-->MG,MU-->MG,MU-->MG,MU-->MG,MU-->MG,MU-->MG,MU-->MG,MU-->MG,MU-->MG,MU-->MG,MU-->MG,MU-->MG
MW,MWI,Malawi,Lilongwe,Africa,Eastern Africa,,MW-->MU,MW-->MU,MW-->MU,MW-->MU,MW-->MU,MW-->MU,MW-->MU,MW-->MU,MW-->MU,MW-->MU,MW-->MU,MW-->MU,MW-->MU,MW-->MU,MW-->MU,MW-->MU,MW-->MU,MW-->MU,MW-->MU,,,,,,,,,,,,,,,,,MU-->MW,MU-->MW,MU-->MW,MU-->MW,MU-->MW,MU-->MW,MU-->MW,MU-->MW,MU-->MW,MU-->MW,MU-->MW,MU-->MW,MU-->MW,MU-->MW,MU-->MW,MU-->MW,MU-->MW,MU-->MW,MU-->MW
MY,MYS,Malaysia,Kuala Lumpur,Asia,South-Eastern Asia,,MY-->MU,MY-->MU,MY-->MU,MY-->MU,MY-->MU,MY-->MU,MY-->MU,MY-->MU,MY-->MU,MY-->MU,MY-->MU,MY-->MU,MY-->MU,MY-->MU,MY-->MU,MY-->MU,MY-->MU,MY-->MU,MY-->MU,,,,,,,,,,,,,,,,,MU-->MY,MU-->MY,MU-->MY,MU-->MY,MU-->MY,MU-->MY,MU-->MY,MU-->MY,MU-->MY,MU-->MY,MU-->MY,MU-->MY,MU-->MY,MU-->MY,MU-->MY,MU-->MY,MU-->MY,MU-->MY,MU-->MY
MV,MDV,Maldives,Malé,Asia,Southern Asia,,MV-->MU,MV-->MU,MV-->MU,MV-->MU,MV-->MU,MV-->MU,MV-->MU,MV-->MU,MV-->MU,MV-->MU,MV-->MU,MV-->MU,MV-->MU,MV-->MU,MV-->MU,MV-->MU,MV-->MU,MV-->MU,MV-->MU,,,,,,,,,,,,,,,,,MU-->MV,MU-->MV,MU-->MV,MU-->MV,MU-->MV,MU-->MV,MU-->MV,MU-->MV,MU-->MV,MU-->MV,MU-->MV,MU-->MV,MU-->MV,MU-->MV,MU-->MV,MU-->MV,MU-->MV,MU-->MV,MU-->MV
ML,MLI,Mali,Bamako,Africa,Western Africa,,ML-->MU,ML-->MU,ML-->MU,ML-->MU,ML-->MU,ML-->MU,ML-->MU,ML-->MU,ML-->MU,ML-->MU,ML-->MU,ML-->MU,ML-->MU,ML-->MU,ML-->MU,ML-->MU,ML-->MU,ML-->MU,ML-->MU,,,,,,,,,,,,,,,,,MU-->ML,MU-->ML,MU-->ML,MU-->ML,MU-->ML,MU-->ML,MU-->ML,MU-->ML,MU-->ML,MU-->ML,MU-->ML,MU-->ML,MU-->ML,MU-->ML,MU-->ML,MU-->ML,MU-->ML,MU-->ML,MU-->ML
MT,MLT,Malta,Valletta,Europe,Southern Europe,,MT-->MU,MT-->MU,MT-->MU,MT-->MU,MT-->MU,MT-->MU,MT-->MU,MT-->MU,MT-->MU,MT-->MU,MT-->MU,MT-->MU,MT-->MU,MT-->MU,MT-->MU,MT-->MU,MT-->MU,MT-->MU,MT-->MU,,,,,,,,,,,,,,,,,MU-->MT,MU-->MT,MU-->MT,MU-->MT,MU-->MT,MU-->MT,MU-->MT,MU-->MT,MU-->MT,MU-->MT,MU-->MT,MU-->MT,MU-->MT,MU-->MT,MU-->MT,MU-->MT,MU-->MT,MU-->MT,MU-->MT
MH,MHL,Marshall Islands,Majuro,Oceania,Micronesia,,MH-->MU,MH-->MU,MH-->MU,MH-->MU,MH-->MU,MH-->MU,MH-->MU,MH-->MU,MH-->MU,MH-->MU,MH-->MU,MH-->MU,MH-->MU,MH-->MU,MH-->MU,MH-->MU,MH-->MU,MH-->MU,MH-->MU,,,,,,,,,,,,,,,,,MU-->MH,MU-->MH,MU-->MH,MU-->MH,MU-->MH,MU-->MH,MU-->MH,MU-->MH,MU-->MH,MU-->MH,MU-->MH,MU-->MH,MU-->MH,MU-->MH,MU-->MH,MU-->MH,MU-->MH,MU-->MH,MU-->MH
MQ,MTQ,Martinique,Fort-de-France,Americas,Caribbean,,MQ-->MU,MQ-->MU,MQ-->MU,MQ-->MU,MQ-->MU,MQ-->MU,MQ-->MU,MQ-->MU,MQ-->MU,MQ-->MU,MQ-->MU,MQ-->MU,MQ-->MU,MQ-->MU,MQ-->MU,MQ-->MU,MQ-->MU,MQ-->MU,MQ-->MU,,,,,,,,,,,,,,,,,MU-->MQ,MU-->MQ,MU-->MQ,MU-->MQ,MU-->MQ,MU-->MQ,MU-->MQ,MU-->MQ,MU-->MQ,MU-->MQ,MU-->MQ,MU-->MQ,MU-->MQ,MU-->MQ,MU-->MQ,MU-->MQ,MU-->MQ,MU-->MQ,MU-->MQ
MR,MRT,Mauritania,Nouakchott,Africa,Western Africa,,MR-->MU,MR-->MU,MR-->MU,MR-->MU,MR-->MU,MR-->MU,MR-->MU,MR-->MU,MR-->MU,MR-->MU,MR-->MU,MR-->MU,MR-->MU,MR-->MU,MR-->MU,MR-->MU,MR-->MU,MR-->MU,MR-->MU,0.0,,,,,,,,,,,,,,,,MU-->MR,MU-->MR,MU-->MR,MU-->MR,MU-->MR,MU-->MR,MU-->MR,MU-->MR,MU-->MR,MU-->MR,MU-->MR,MU-->MR,MU-->MR,MU-->MR,MU-->MR,MU-->MR,MU-->MR,MU-->MR,MU-->MR
MU,MUS,Mauritius,Port Louis,Africa,Eastern Africa,,MU-->MU,MU-->MU,MU-->MU,MU-->MU,MU-->MU,MU-->MU,MU-->MU,MU-->MU,MU-->MU,MU-->MU,MU-->MU,MU-->MU,MU-->MU,MU-->MU,MU-->MU,MU-->MU,MU-->MU,MU-->MU,MU-->MU,,,,,,,,,,,,,,,,,MU-->MU,MU-->MU,MU-->MU,MU-->MU,MU-->MU,MU-->MU,MU-->MU,MU-->MU,MU-->MU,MU-->MU,MU-->MU,MU-->MU,MU-->MU,MU-->MU,MU-->MU,MU-->MU,MU-->MU,MU-->MU,MU-->MU
YT,MYT,Mayotte,Mamoudzou,Africa,Eastern Africa,,YT-->MU,YT-->MU,YT-->MU,YT-->MU,YT-->MU,YT-->MU,YT-->MU,YT-->MU,YT-->MU,YT-->MU,YT-->MU,YT-->MU,YT-->MU,YT-->MU,YT-->MU,YT-->MU,YT-->MU,YT-->MU,YT-->MU,,,,,,,,,,,,,,,,,MU-->YT,MU-->YT,MU-->YT,MU-->YT,MU-->YT,MU-->YT,MU-->YT,MU-->YT,MU-->YT,MU-->YT,MU-->YT,MU-->YT,MU-->YT,MU-->YT,MU-->YT,MU-->YT,MU-->YT,MU-->YT,MU-->YT
MX,MEX,Mexico,Mexico City,Americas,Central America,,MX-->MU,MX-->MU,MX-->MU,MX-->MU,MX-->MU,MX-->MU,MX-->MU,MX-->MU,MX-->MU,MX-->MU,MX-->MU,MX-->MU,MX-->MU,MX-->MU,MX-->MU,MX-->MU,MX-->MU,MX-->MU,MX-->MU,,,,,,,,,,,,,,,,,MU-->MX,MU-->MX,MU-->MX,MU-->MX,MU-->MX,MU-->MX,MU-->MX,MU-->MX,MU-->MX,MU-->MX,MU-->MX,MU-->MX,MU-->MX,MU-->MX,MU-->MX,MU-->MX,MU-->MX,MU-->MX,MU-->MX
FM,FSM,Federated States of Micronesia,Palikir,Oceania,Micronesia,,FM-->MU,FM-->MU,FM-->MU,FM-->MU,FM-->MU,FM-->MU,FM-->MU,FM-->MU,FM-->MU,FM-->MU,FM-->MU,FM-->MU,FM-->MU,FM-->MU,FM-->MU,FM-->MU,FM-->MU,FM-->MU,FM-->MU,,,,,,,,,,,,,,,,,MU-->FM,MU-->FM,MU-->FM,MU-->FM,MU-->FM,MU-->FM,MU-->FM,MU-->FM,MU-->FM,MU-->FM,MU-->FM,MU-->FM,MU-->FM,MU-->FM,MU-->FM,MU-->FM,MU-->FM,MU-->FM,MU-->FM
MD,MDA,Moldova,Chișinău,Europe,Eastern Europe,,MD-->MU,MD-->MU,MD-->MU,MD-->MU,MD-->MU,MD-->MU,MD-->MU,MD-->MU,MD-->MU,MD-->MU,MD-->MU,MD-->MU,MD-->MU,MD-->MU,MD-->MU,MD-->MU,MD-->MU,MD-->MU,MD-->MU,,,,,,,,,,,,,,,,,MU-->MD,MU-->MD,MU-->MD,MU-->MD,MU-->MD,MU-->MD,MU-->MD,MU-->MD,MU-->MD,MU-->MD,MU-->MD,MU-->MD,MU-->MD,MU-->MD,MU-->MD,MU-->MD,MU-->MD,MU-->MD,MU-->MD
MC,MCO,Monaco,Monaco,Europe,Western Europe,,MC-->MU,MC-->MU,MC-->MU,MC-->MU,MC-->MU,MC-->MU,MC-->MU,MC-->MU,MC-->MU,MC-->MU,MC-->MU,MC-->MU,MC-->MU,MC-->MU,MC-->MU,MC-->MU,MC-->MU,MC-->MU,MC-->MU,,,,,,,,,,,,,,,,,MU-->MC,MU-->MC,MU-->MC,MU-->MC,MU-->MC,MU-->MC,MU-->MC,MU-->MC,MU-->MC,MU-->MC,MU-->MC,MU-->MC,MU-->MC,MU-->MC,MU-->MC,MU-->MC,MU-->MC,MU-->MC,MU-->MC
MN,MNG,Mongolia,Ulan Bator,Asia,Eastern Asia,,MN-->MU,MN-->MU,MN-->MU,MN-->MU,MN-->MU,MN-->MU,MN-->MU,MN-->MU,MN-->MU,MN-->MU,MN-->MU,MN-->MU,MN-->MU,MN-->MU,MN-->MU,MN-->MU,MN-->MU,MN-->MU,MN-->MU,,,,,,,,,,,,,,,,,MU-->MN,MU-->MN,MU-->MN,MU-->MN,MU-->MN,MU-->MN,MU-->MN,MU-->MN,MU-->MN,MU-->MN,MU-->MN,MU-->MN,MU-->MN,MU-->MN,MU-->MN,MU-->MN,MU-->MN,MU-->MN,MU-->MN
ME,MNE,Montenegro,Podgorica,Europe,Southern Europe,,ME-->MU,ME-->MU,ME-->MU,ME-->MU,ME-->MU,ME-->MU,ME-->MU,ME-->MU,ME-->MU,ME-->MU,ME-->MU,ME-->MU,ME-->MU,ME-->MU,ME-->MU,ME-->MU,ME-->MU,ME-->MU,ME-->MU,,,,,,,,,,,,,,,,,MU-->ME,MU-->ME,MU-->ME,MU-->ME,MU-->ME,MU-->ME,MU-->ME,MU-->ME,MU-->ME,MU-->ME,MU-->ME,MU-->ME,MU-->ME,MU-->ME,MU-->ME,MU-->ME,MU-->ME,MU-->ME,MU-->ME
MS,MSR,Montserrat,Plymouth,Americas,Caribbean,,MS-->MU,MS-->MU,MS-->MU,MS-->MU,MS-->MU,MS-->MU,MS-->MU,MS-->MU,MS-->MU,MS-->MU,MS-->MU,MS-->MU,MS-->MU,MS-->MU,MS-->MU,MS-->MU,MS-->MU,MS-->MU,MS-->MU,,,,,,,,,,,,,,,,,MU-->MS,MU-->MS,MU-->MS,MU-->MS,MU-->MS,MU-->MS,MU-->MS,MU-->MS,MU-->MS,MU-->MS,MU-->MS,MU-->MS,MU-->MS,MU-->MS,MU-->MS,MU-->MS,MU-->MS,MU-->MS,MU-->MS
MA,MAR,Morocco,Rabat,Africa,Northern Africa,,MA-->MU,MA-->MU,MA-->MU,MA-->MU,MA-->MU,MA-->MU,MA-->MU,MA-->MU,MA-->MU,MA-->MU,MA-->MU,MA-->MU,MA-->MU,MA-->MU,MA-->MU,MA-->MU,MA-->MU,MA-->MU,MA-->MU,,,,,,,,,,,,,,,,,MU-->MA,MU-->MA,MU-->MA,MU-->MA,MU-->MA,MU-->MA,MU-->MA,MU-->MA,MU-->MA,MU-->MA,MU-->MA,MU-->MA,MU-->MA,MU-->MA,MU-->MA,MU-->MA,MU-->MA,MU-->MA,MU-->MA
MZ,MOZ,Mozambique,Maputo,Africa,Eastern Africa,,MZ-->MU,MZ-->MU,MZ-->MU,MZ-->MU,MZ-->MU,MZ-->MU,MZ-->MU,MZ-->MU,MZ-->MU,MZ-->MU,MZ-->MU,MZ-->MU,MZ-->MU,MZ-->MU,MZ-->MU,MZ-->MU,MZ-->MU,MZ-->MU,MZ-->MU,,,,,,,,,,,,,,,,,MU-->MZ,MU-->MZ,MU-->MZ,MU-->MZ,MU-->MZ,MU-->MZ,MU-->MZ,MU-->MZ,MU-->MZ,MU-->MZ,MU-->MZ,MU-->MZ,MU-->MZ,MU-->MZ,MU-->MZ,MU-->MZ,MU-->MZ,MU-->MZ,MU-->MZ
MM,MMR,Myanmar,Naypyidaw,Asia,South-Eastern Asia,,MM-->MU,MM-->MU,MM-->MU,MM-->MU,MM-->MU,MM-->MU,MM-->MU,MM-->MU,MM-->MU,MM-->MU,MM-->MU,MM-->MU,MM-->MU,MM-->MU,MM-->MU,MM-->MU,MM-->MU,MM-->MU,MM-->MU,,,,,,,,,,,,,,,,,MU-->MM,MU-->MM,MU-->MM,MU-->MM,MU-->MM,MU-->MM,MU-->MM,MU-->MM,MU-->MM,MU-->MM,MU-->MM,MU-->MM,MU-->MM,MU-->MM,MU-->MM,MU-->MM,MU-->MM,MU-->MM,MU-->MM
,NAM,Namibia,Windhoek,Africa,Southern Africa,,NA-->MU,NA-->MU,NA-->MU,NA-->MU,NA-->MU,NA-->MU,NA-->MU,NA-->MU,NA-->MU,NA-->MU,NA-->MU,NA-->MU,NA-->MU,NA-->MU,NA-->MU,NA-->MU,NA-->MU,NA-->MU,NA-->MU,,,,,,,,,,,,,,,,,MU-->NA,MU-->NA,MU-->NA,MU-->NA,MU-->NA,MU-->NA,MU-->NA,MU-->NA,MU-->NA,MU-->NA,MU-->NA,MU-->NA,MU-->NA,MU-->NA,MU-->NA,MU-->NA,MU-->NA,MU-->NA,MU-->NA
NR,NRU,Nauru,Yaren,Oceania,Micronesia,,NR-->MU,NR-->MU,NR-->MU,NR-->MU,NR-->MU,NR-->MU,NR-->MU,NR-->MU,NR-->MU,NR-->MU,NR-->MU,NR-->MU,NR-->MU,NR-->MU,NR-->MU,NR-->MU,NR-->MU,NR-->MU,NR-->MU,,,,,,,,,,,,,,,,,MU-->NR,MU-->NR,MU-->NR,MU-->NR,MU-->NR,MU-->NR,MU-->NR,MU-->NR,MU-->NR,MU-->NR,MU-->NR,MU-->NR,MU-->NR,MU-->NR,MU-->NR,MU-->NR,MU-->NR,MU-->NR,MU-->NR
NP,NPL,Nepal,Kathmandu,Asia,Southern Asia,,NP-->MU,NP-->MU,NP-->MU,NP-->MU,NP-->MU,NP-->MU,NP-->MU,NP-->MU,NP-->MU,NP-->MU,NP-->MU,NP-->MU,NP-->MU,NP-->MU,NP-->MU,NP-->MU,NP-->MU,NP-->MU,NP-->MU,,,,,,,,,,,,,,,,,MU-->NP,MU-->NP,MU-->NP,MU-->NP,MU-->NP,MU-->NP,MU-->NP,MU-->NP,MU-->NP,MU-->NP,MU-->NP,MU-->NP,MU-->NP,MU-->NP,MU-->NP,MU-->NP,MU-->NP,MU-->NP,MU-->NP
NL,NLD,Netherlands,Amsterdam,Europe,Western Europe,,NL-->MU,NL-->MU,NL-->MU,NL-->MU,NL-->MU,NL-->MU,NL-->MU,NL-->MU,NL-->MU,NL-->MU,NL-->MU,NL-->MU,NL-->MU,NL-->MU,NL-->MU,NL-->MU,NL-->MU,NL-->MU,NL-->MU,,,,,,,,,,,,,,,,,MU-->NL,MU-->NL,MU-->NL,MU-->NL,MU-->NL,MU-->NL,MU-->NL,MU-->NL,MU-->NL,MU-->NL,MU-->NL,MU-->NL,MU-->NL,MU-->NL,MU-->NL,MU-->NL,MU-->NL,MU-->NL,MU-->NL
NC,NCL,New Caledonia,Nouméa,Oceania,Melanesia,,NC-->MU,NC-->MU,NC-->MU,NC-->MU,NC-->MU,NC-->MU,NC-->MU,NC-->MU,NC-->MU,NC-->MU,NC-->MU,NC-->MU,NC-->MU,NC-->MU,NC-->MU,NC-->MU,NC-->MU,NC-->MU,NC-->MU,,,,,,,,,,,,,,,,,MU-->NC,MU-->NC,MU-->NC,MU-->NC,MU-->NC,MU-->NC,MU-->NC,MU-->NC,MU-->NC,MU-->NC,MU-->NC,MU-->NC,MU-->NC,MU-->NC,MU-->NC,MU-->NC,MU-->NC,MU-->NC,MU-->NC
NZ,NZL,New Zealand,Wellington,Oceania,Australia and New Zealand,,NZ-->MU,NZ-->MU,NZ-->MU,NZ-->MU,NZ-->MU,NZ-->MU,NZ-->MU,NZ-->MU,NZ-->MU,NZ-->MU,NZ-->MU,NZ-->MU,NZ-->MU,NZ-->MU,NZ-->MU,NZ-->MU,NZ-->MU,NZ-->MU,NZ-->MU,,,,,,,,,,,,,,,,,MU-->NZ,MU-->NZ,MU-->NZ,MU-->NZ,MU-->NZ,MU-->NZ,MU-->NZ,MU-->NZ,MU-->NZ,MU-->NZ,MU-->NZ,MU-->NZ,MU-->NZ,MU-->NZ,MU-->NZ,MU-->NZ,MU-->NZ,MU-->NZ,MU-->NZ
NI,NIC,Nicaragua,Managua,Americas,Central America,,NI-->MU,NI-->MU,NI-->MU,NI-->MU,NI-->MU,NI-->MU,NI-->MU,NI-->MU,NI-->MU,NI-->MU,NI-->MU,NI-->MU,NI-->MU,NI-->MU,NI-->MU,NI-->MU,NI-->MU,NI-->MU,NI-->MU,,,,,,,,,,,,,,,,,MU-->NI,MU-->NI,MU-->NI,MU-->NI,MU-->NI,MU-->NI,MU-->NI,MU-->NI,MU-->NI,MU-->NI,MU-->NI,MU-->NI,MU-->NI,MU-->NI,MU-->NI,MU-->NI,MU-->NI,MU-->NI,MU-->NI
NE,NER,Niger,Niamey,Africa,Western Africa,,NE-->MU,NE-->MU,NE-->MU,NE-->MU,NE-->MU,NE-->MU,NE-->MU,NE-->MU,NE-->MU,NE-->MU,NE-->MU,NE-->MU,NE-->MU,NE-->MU,NE-->MU,NE-->MU,NE-->MU,NE-->MU,NE-->MU,,,,,,,,,,,,,,,,,MU-->NE,MU-->NE,MU-->NE,MU-->NE,MU-->NE,MU-->NE,MU-->NE,MU-->NE,MU-->NE,MU-->NE,MU-->NE,MU-->NE,MU-->NE,MU-->NE,MU-->NE,MU-->NE,MU-->NE,MU-->NE,MU-->NE
NG,NGA,Nigeria,Abuja,Africa,Western Africa,,NG-->MU,NG-->MU,NG-->MU,NG-->MU,NG-->MU,NG-->MU,NG-->MU,NG-->MU,NG-->MU,NG-->MU,NG-->MU,NG-->MU,NG-->MU,NG-->MU,NG-->MU,NG-->MU,NG-->MU,NG-->MU,NG-->MU,,,,,,,,,,,,,,,,,MU-->NG,MU-->NG,MU-->NG,MU-->NG,MU-->NG,MU-->NG,MU-->NG,MU-->NG,MU-->NG,MU-->NG,MU-->NG,MU-->NG,MU-->NG,MU-->NG,MU-->NG,MU-->NG,MU-->NG,MU-->NG,MU-->NG
NU,NIU,Niue,Alofi,Oceania,Polynesia,,NU-->MU,NU-->MU,NU-->MU,NU-->MU,NU-->MU,NU-->MU,NU-->MU,NU-->MU,NU-->MU,NU-->MU,NU-->MU,NU-->MU,NU-->MU,NU-->MU,NU-->MU,NU-->MU,NU-->MU,NU-->MU,NU-->MU,,,,,,,,,,,,,,,,,MU-->NU,MU-->NU,MU-->NU,MU-->NU,MU-->NU,MU-->NU,MU-->NU,MU-->NU,MU-->NU,MU-->NU,MU-->NU,MU-->NU,MU-->NU,MU-->NU,MU-->NU,MU-->NU,MU-->NU,MU-->NU,MU-->NU
NF,NFK,Norfolk Island,Kingston,Oceania,Australia and New Zealand,,NF-->MU,NF-->MU,NF-->MU,NF-->MU,NF-->MU,NF-->MU,NF-->MU,NF-->MU,NF-->MU,NF-->MU,NF-->MU,NF-->MU,NF-->MU,NF-->MU,NF-->MU,NF-->MU,NF-->MU,NF-->MU,NF-->MU,,,,,,,,,,,,,,,,,MU-->NF,MU-->NF,MU-->NF,MU-->NF,MU-->NF,MU-->NF,MU-->NF,MU-->NF,MU-->NF,MU-->NF,MU-->NF,MU-->NF,MU-->NF,MU-->NF,MU-->NF,MU-->NF,MU-->NF,MU-->NF,MU-->NF
KP,PRK,North Korea,Pyongyang,Asia,Eastern Asia,,KP-->MU,KP-->MU,KP-->MU,KP-->MU,KP-->MU,KP-->MU,KP-->MU,KP-->MU,KP-->MU,KP-->MU,KP-->MU,KP-->MU,KP-->MU,KP-->MU,KP-->MU,KP-->MU,KP-->MU,KP-->MU,KP-->MU,,,,,,,,,,,,,,,,,MU-->KP,MU-->KP,MU-->KP,MU-->KP,MU-->KP,MU-->KP,MU-->KP,MU-->KP,MU-->KP,MU-->KP,MU-->KP,MU-->KP,MU-->KP,MU-->KP,MU-->KP,MU-->KP,MU-->KP,MU-->KP,MU-->KP
MP,MNP,Northern Mariana Islands,Saipan,Oceania,Micronesia,,MP-->MU,MP-->MU,MP-->MU,MP-->MU,MP-->MU,MP-->MU,MP-->MU,MP-->MU,MP-->MU,MP-->MU,MP-->MU,MP-->MU,MP-->MU,MP-->MU,MP-->MU,MP-->MU,MP-->MU,MP-->MU,MP-->MU,,,,,,,,,,,,,,,,,MU-->MP,MU-->MP,MU-->MP,MU-->MP,MU-->MP,MU-->MP,MU-->MP,MU-->MP,MU-->MP,MU-->MP,MU-->MP,MU-->MP,MU-->MP,MU-->MP,MU-->MP,MU-->MP,MU-->MP,MU-->MP,MU-->MP
NO,NOR,Norway,Oslo,Europe,Northern Europe,,NO-->MU,NO-->MU,NO-->MU,NO-->MU,NO-->MU,NO-->MU,NO-->MU,NO-->MU,NO-->MU,NO-->MU,NO-->MU,NO-->MU,NO-->MU,NO-->MU,NO-->MU,NO-->MU,NO-->MU,NO-->MU,NO-->MU,,,,,,,,,,,,,,,,,MU-->NO,MU-->NO,MU-->NO,MU-->NO,MU-->NO,MU-->NO,MU-->NO,MU-->NO,MU-->NO,MU-->NO,MU-->NO,MU-->NO,MU-->NO,MU-->NO,MU-->NO,MU-->NO,MU-->NO,MU-->NO,MU-->NO
OM,OMN,Oman,Muscat,Asia,Western Asia,,OM-->MU,OM-->MU,OM-->MU,OM-->MU,OM-->MU,OM-->MU,OM-->MU,OM-->MU,OM-->MU,OM-->MU,OM-->MU,OM-->MU,OM-->MU,OM-->MU,OM-->MU,OM-->MU,OM-->MU,OM-->MU,OM-->MU,,,,,,,,,,,,,,,,,MU-->OM,MU-->OM,MU-->OM,MU-->OM,MU-->OM,MU-->OM,MU-->OM,MU-->OM,MU-->OM,MU-->OM,MU-->OM,MU-->OM,MU-->OM,MU-->OM,MU-->OM,MU-->OM,MU-->OM,MU-->OM,MU-->OM
PK,PAK,Pakistan,Islamabad,Asia,Southern Asia,,PK-->MU,PK-->MU,PK-->MU,PK-->MU,PK-->MU,PK-->MU,PK-->MU,PK-->MU,PK-->MU,PK-->MU,PK-->MU,PK-->MU,PK-->MU,PK-->MU,PK-->MU,PK-->MU,PK-->MU,PK-->MU,PK-->MU,,,,,,,,,,,,,,,,,MU-->PK,MU-->PK,MU-->PK,MU-->PK,MU-->PK,MU-->PK,MU-->PK,MU-->PK,MU-->PK,MU-->PK,MU-->PK,MU-->PK,MU-->PK,MU-->PK,MU-->PK,MU-->PK,MU-->PK,MU-->PK,MU-->PK
PW,PLW,Palau,Ngerulmud,Oceania,Micronesia,,PW-->MU,PW-->MU,PW-->MU,PW-->MU,PW-->MU,PW-->MU,PW-->MU,PW-->MU,PW-->MU,PW-->MU,PW-->MU,PW-->MU,PW-->MU,PW-->MU,PW-->MU,PW-->MU,PW-->MU,PW-->MU,PW-->MU,,,,,,,,,,,,,,,,,MU-->PW,MU-->PW,MU-->PW,MU-->PW,MU-->PW,MU-->PW,MU-->PW,MU-->PW,MU-->PW,MU-->PW,MU-->PW,MU-->PW,MU-->PW,MU-->PW,MU-->PW,MU-->PW,MU-->PW,MU-->PW,MU-->PW
PS,PSE,Palestine,Ramallah,Asia,Western Asia,,PS-->MU,PS-->MU,PS-->MU,PS-->MU,PS-->MU,PS-->MU,PS-->MU,PS-->MU,PS-->MU,PS-->MU,PS-->MU,PS-->MU,PS-->MU,PS-->MU,PS-->MU,PS-->MU,PS-->MU,PS-->MU,PS-->MU,,,,,,,,,,,,,,,,,MU-->PS,MU-->PS,MU-->PS,MU-->PS,MU-->PS,MU-->PS,MU-->PS,MU-->PS,MU-->PS,MU-->PS,MU-->PS,MU-->PS,MU-->PS,MU-->PS,MU-->PS,MU-->PS,MU-->PS,MU-->PS,MU-->PS
PA,PAN,Panama,Panama City,Americas,Central America,,PA-->MU,PA-->MU,PA-->MU,PA-->MU,PA-->MU,PA-->MU,PA-->MU,PA-->MU,PA-->MU,PA-->MU,PA-->MU,PA-->MU,PA-->MU,PA-->MU,PA-->MU,PA-->MU,PA-->MU,PA-->MU,PA-->MU,,,,,,,,,,,,,,,,,MU-->PA,MU-->PA,MU-->PA,MU-->PA,MU-->PA,MU-->PA,MU-->PA,MU-->PA,MU-->PA,MU-->PA,MU-->PA,MU-->PA,MU-->PA,MU-->PA,MU-->PA,MU-->PA,MU-->PA,MU-->PA,MU-->PA
PG,PNG,Papua New Guinea,Port Moresby,Oceania,Melanesia,,PG-->MU,PG-->MU,PG-->MU,PG-->MU,PG-->MU,PG-->MU,PG-->MU,PG-->MU,PG-->MU,PG-->MU,PG-->MU,PG-->MU,PG-->MU,PG-->MU,PG-->MU,PG-->MU,PG-->MU,PG-->MU,PG-->MU,,,,,,,,,,,,,,,,,MU-->PG,MU-->PG,MU-->PG,MU-->PG,MU-->PG,MU-->PG,MU-->PG,MU-->PG,MU-->PG,MU-->PG,MU-->PG,MU-->PG,MU-->PG,MU-->PG,MU-->PG,MU-->PG,MU-->PG,MU-->PG,MU-->PG
PY,PRY,Paraguay,Asunción,Americas,South America,,PY-->MU,PY-->MU,PY-->MU,PY-->MU,PY-->MU,PY-->MU,PY-->MU,PY-->MU,PY-->MU,PY-->MU,PY-->MU,PY-->MU,PY-->MU,PY-->MU,PY-->MU,PY-->MU,PY-->MU,PY-->MU,PY-->MU,,,,,,,,,,,,,,,,,MU-->PY,MU-->PY,MU-->PY,MU-->PY,MU-->PY,MU-->PY,MU-->PY,MU-->PY,MU-->PY,MU-->PY,MU-->PY,MU-->PY,MU-->PY,MU-->PY,MU-->PY,MU-->PY,MU-->PY,MU-->PY,MU-->PY
PE,PER,Peru,Lima,Americas,South America,,PE-->MU,PE-->MU,PE-->MU,PE-->MU,PE-->MU,PE-->MU,PE-->MU,PE-->MU,PE-->MU,PE-->MU,PE-->MU,PE-->MU,PE-->MU,PE-->MU,PE-->MU,PE-->MU,PE-->MU,PE-->MU,PE-->MU,,,,,,,,,,,,,,,,,MU-->PE,MU-->PE,MU-->PE,MU-->PE,MU-->PE,MU-->PE,MU-->PE,MU-->PE,MU-->PE,MU-->PE,MU-->PE,MU-->PE,MU-->PE,MU-->PE,MU-->PE,MU-->PE,MU-->PE,MU-->PE,MU-->PE
PH,PHL,Philippines,Manila,Asia,South-Eastern Asia,,PH-->MU,PH-->MU,PH-->MU,PH-->MU,PH-->MU,PH-->MU,PH-->MU,PH-->MU,PH-->MU,PH-->MU,PH-->MU,PH-->MU,PH-->MU,PH-->MU,PH-->MU,PH-->MU,PH-->MU,PH-->MU,PH-->MU,,,,,,,,,,,,,,,,,MU-->PH,MU-->PH,MU-->PH,MU-->PH,MU-->PH,MU-->PH,MU-->PH,MU-->PH,MU-->PH,MU-->PH,MU-->PH,MU-->PH,MU-->PH,MU-->PH,MU-->PH,MU-->PH,MU-->PH,MU-->PH,MU-->PH
PN,PCN,Pitcairn Islands,Adamstown,Oceania,Polynesia,,PN-->MU,PN-->MU,PN-->MU,PN-->MU,PN-->MU,PN-->MU,PN-->MU,PN-->MU,PN-->MU,PN-->MU,PN-->MU,PN-->MU,PN-->MU,PN-->MU,PN-->MU,PN-->MU,PN-->MU,PN-->MU,PN-->MU,,,,,,,,,,,,,,,,,MU-->PN,MU-->PN,MU-->PN,MU-->PN,MU-->PN,MU-->PN,MU-->PN,MU-->PN,MU-->PN,MU-->PN,MU-->PN,MU-->PN,MU-->PN,MU-->PN,MU-->PN,MU-->PN,MU-->PN,MU-->PN,MU-->PN
PL,POL,Poland,Warsaw,Europe,Eastern Europe,,PL-->MU,PL-->MU,PL-->MU,PL-->MU,PL-->MU,PL-->MU,PL-->MU,PL-->MU,PL-->MU,PL-->MU,PL-->MU,PL-->MU,PL-->MU,PL-->MU,PL-->MU,PL-->MU,PL-->MU,PL-->MU,PL-->MU,,,,,,,,,,,,,,,,,MU-->PL,MU-->PL,MU-->PL,MU-->PL,MU-->PL,MU-->PL,MU-->PL,MU-->PL,MU-->PL,MU-->PL,MU-->PL,MU-->PL,MU-->PL,MU-->PL,MU-->PL,MU-->PL,MU-->PL,MU-->PL,MU-->PL
PT,PRT,Portugal,Lisbon,Europe,Southern Europe,,PT-->MU,PT-->MU,PT-->MU,PT-->MU,PT-->MU,PT-->MU,PT-->MU,PT-->MU,PT-->MU,PT-->MU,PT-->MU,PT-->MU,PT-->MU,PT-->MU,PT-->MU,PT-->MU,PT-->MU,PT-->MU,PT-->MU,,,,,,,,,,,,,,,,,MU-->PT,MU-->PT,MU-->PT,MU-->PT,MU-->PT,MU-->PT,MU-->PT,MU-->PT,MU-->PT,MU-->PT,MU-->PT,MU-->PT,MU-->PT,MU-->PT,MU-->PT,MU-->PT,MU-->PT,MU-->PT,MU-->PT
PR,PRI,Puerto Rico,San Juan,Americas,Caribbean,,PR-->MU,PR-->MU,PR-->MU,PR-->MU,PR-->MU,PR-->MU,PR-->MU,PR-->MU,PR-->MU,PR-->MU,PR-->MU,PR-->MU,PR-->MU,PR-->MU,PR-->MU,PR-->MU,PR-->MU,PR-->MU,PR-->MU,,,,,,,,,,,,,,,,,MU-->PR,MU-->PR,MU-->PR,MU-->PR,MU-->PR,MU-->PR,MU-->PR,MU-->PR,MU-->PR,MU-->PR,MU-->PR,MU-->PR,MU-->PR,MU-->PR,MU-->PR,MU-->PR,MU-->PR,MU-->PR,MU-->PR
QA,QAT,Qatar,Doha,Asia,Western Asia,,QA-->MU,QA-->MU,QA-->MU,QA-->MU,QA-->MU,QA-->MU,QA-->MU,QA-->MU,QA-->MU,QA-->MU,QA-->MU,QA-->MU,QA-->MU,QA-->MU,QA-->MU,QA-->MU,QA-->MU,QA-->MU,QA-->MU,,,,,,,,,,,,,,,,,MU-->QA,MU-->QA,MU-->QA,MU-->QA,MU-->QA,MU-->QA,MU-->QA,MU-->QA,MU-->QA,MU-->QA,MU-->QA,MU-->QA,MU-->QA,MU-->QA,MU-->QA,MU-->QA,MU-->QA,MU-->QA,MU-->QA
XK,KOS,Republic of Kosovo,Pristina,Europe,Eastern Europe,,XK-->MU,XK-->MU,XK-->MU,XK-->MU,XK-->MU,XK-->MU,XK-->MU,XK-->MU,XK-->MU,XK-->MU,XK-->MU,XK-->MU,XK-->MU,XK-->MU,XK-->MU,XK-->MU,XK-->MU,XK-->MU,XK-->MU,,,,,,,,,,,,,,,,,MU-->XK,MU-->XK,MU-->XK,MU-->XK,MU-->XK,MU-->XK,MU-->XK,MU-->XK,MU-->XK,MU-->XK,MU-->XK,MU-->XK,MU-->XK,MU-->XK,MU-->XK,MU-->XK,MU-->XK,MU-->XK,MU-->XK
RE,REU,Réunion,Saint-Denis,Africa,Eastern Africa,,RE-->MU,RE-->MU,RE-->MU,RE-->MU,RE-->MU,RE-->MU,RE-->MU,RE-->MU,RE-->MU,RE-->MU,RE-->MU,RE-->MU,RE-->MU,RE-->MU,RE-->MU,RE-->MU,RE-->MU,RE-->MU,RE-->MU,,,,,,,,,,,,,,,,,MU-->RE,MU-->RE,MU-->RE,MU-->RE,MU-->RE,MU-->RE,MU-->RE,MU-->RE,MU-->RE,MU-->RE,MU-->RE,MU-->RE,MU-->RE,MU-->RE,MU-->RE,MU-->RE,MU-->RE,MU-->RE,MU-->RE
RO,ROU,Romania,Bucharest,Europe,Eastern Europe,,RO-->MU,RO-->MU,RO-->MU,RO-->MU,RO-->MU,RO-->MU,RO-->MU,RO-->MU,RO-->MU,RO-->MU,RO-->MU,RO-->MU,RO-->MU,RO-->MU,RO-->MU,RO-->MU,RO-->MU,RO-->MU,RO-->MU,,,,,,,,,,,,,,,,,MU-->RO,MU-->RO,MU-->RO,MU-->RO,MU-->RO,MU-->RO,MU-->RO,MU-->RO,MU-->RO,MU-->RO,MU-->RO,MU-->RO,MU-->RO,MU-->RO,MU-->RO,MU-->RO,MU-->RO,MU-->RO,MU-->RO
RU,RUS,Russia,Moscow,Europe,Eastern Europe,,RU-->MU,RU-->MU,RU-->MU,RU-->MU,RU-->MU,RU-->MU,RU-->MU,RU-->MU,RU-->MU,RU-->MU,RU-->MU,RU-->MU,RU-->MU,RU-->MU,RU-->MU,RU-->MU,RU-->MU,RU-->MU,RU-->MU,,,,,,,,,,,,,,,,,MU-->RU,MU-->RU,MU-->RU,MU-->RU,MU-->RU,MU-->RU,MU-->RU,MU-->RU,MU-->RU,MU-->RU,MU-->RU,MU-->RU,MU-->RU,MU-->RU,MU-->RU,MU-->RU,MU-->RU,MU-->RU,MU-->RU
RW,RWA,Rwanda,Kigali,Africa,Eastern Africa,,RW-->MU,RW-->MU,RW-->MU,RW-->MU,RW-->MU,RW-->MU,RW-->MU,RW-->MU,RW-->MU,RW-->MU,RW-->MU,RW-->MU,RW-->MU,RW-->MU,RW-->MU,RW-->MU,RW-->MU,RW-->MU,RW-->MU,,,,,,,,,,,,,,,,,MU-->RW,MU-->RW,MU-->RW,MU-->RW,MU-->RW,MU-->RW,MU-->RW,MU-->RW,MU-->RW,MU-->RW,MU-->RW,MU-->RW,MU-->RW,MU-->RW,MU-->RW,MU-->RW,MU-->RW,MU-->RW,MU-->RW
BL,BLM,Saint Barthélemy,Gustavia,Americas,Caribbean,,BL-->MU,BL-->MU,BL-->MU,BL-->MU,BL-->MU,BL-->MU,BL-->MU,BL-->MU,BL-->MU,BL-->MU,BL-->MU,BL-->MU,BL-->MU,BL-->MU,BL-->MU,BL-->MU,BL-->MU,BL-->MU,BL-->MU,,,,,,,,,,,,,,,,,MU-->BL,MU-->BL,MU-->BL,MU-->BL,MU-->BL,MU-->BL,MU-->BL,MU-->BL,MU-->BL,MU-->BL,MU-->BL,MU-->BL,MU-->BL,MU-->BL,MU-->BL,MU-->BL,MU-->BL,MU-->BL,MU-->BL
SH,SHN,Saint Helena,Jamestown,Africa,Western Africa,,SH-->MU,SH-->MU,SH-->MU,SH-->MU,SH-->MU,SH-->MU,SH-->MU,SH-->MU,SH-->MU,SH-->MU,SH-->MU,SH-->MU,SH-->MU,SH-->MU,SH-->MU,SH-->MU,SH-->MU,SH-->MU,SH-->MU,,,,,,,,,,,,,,,,,MU-->SH,MU-->SH,MU-->SH,MU-->SH,MU-->SH,MU-->SH,MU-->SH,MU-->SH,MU-->SH,MU-->SH,MU-->SH,MU-->SH,MU-->SH,MU-->SH,MU-->SH,MU-->SH,MU-->SH,MU-->SH,MU-->SH
KN,KNA,Saint Kitts and Nevis,Basseterre,Americas,Caribbean,,KN-->MU,KN-->MU,KN-->MU,KN-->MU,KN-->MU,KN-->MU,KN-->MU,KN-->MU,KN-->MU,KN-->MU,KN-->MU,KN-->MU,KN-->MU,KN-->MU,KN-->MU,KN-->MU,KN-->MU,KN-->MU,KN-->MU,,,,,,,,,,,,,,,,,MU-->KN,MU-->KN,MU-->KN,MU-->KN,MU-->KN,MU-->KN,MU-->KN,MU-->KN,MU-->KN,MU-->KN,MU-->KN,MU-->KN,MU-->KN,MU-->KN,MU-->KN,MU-->KN,MU-->KN,MU-->KN,MU-->KN
LC,LCA,Saint Lucia,Castries,Americas,Caribbean,,LC-->MU,LC-->MU,LC-->MU,LC-->MU,LC-->MU,LC-->MU,LC-->MU,LC-->MU,LC-->MU,LC-->MU,LC-->MU,LC-->MU,LC-->MU,LC-->MU,LC-->MU,LC-->MU,LC-->MU,LC-->MU,LC-->MU,,,,,,,,,,,,,,,,,MU-->LC,MU-->LC,MU-->LC,MU-->LC,MU-->LC,MU-->LC,MU-->LC,MU-->LC,MU-->LC,MU-->LC,MU-->LC,MU-->LC,MU-->LC,MU-->LC,MU-->LC,MU-->LC,MU-->LC,MU-->LC,MU-->LC
MF,MAF,Saint Martin,Marigot,Americas,Caribbean,,MF-->MU,MF-->MU,MF-->MU,MF-->MU,MF-->MU,MF-->MU,MF-->MU,MF-->MU,MF-->MU,MF-->MU,MF-->MU,MF-->MU,MF-->MU,MF-->MU,MF-->MU,MF-->MU,MF-->MU,MF-->MU,MF-->MU,,,,,,,,,,,,,,,,,MU-->MF,MU-->MF,MU-->MF,MU-->MF,MU-->MF,MU-->MF,MU-->MF,MU-->MF,MU-->MF,MU-->MF,MU-->MF,MU-->MF,MU-->MF,MU-->MF,MU-->MF,MU-->MF,MU-->MF,MU-->MF,MU-->MF
PM,SPM,Saint Pierre and Miquelon,Saint-Pierre,Americas,Northern America,,PM-->MU,PM-->MU,PM-->MU,PM-->MU,PM-->MU,PM-->MU,PM-->MU,PM-->MU,PM-->MU,PM-->MU,PM-->MU,PM-->MU,PM-->MU,PM-->MU,PM-->MU,PM-->MU,PM-->MU,PM-->MU,PM-->MU,,,,,,,,,,,,,,,,,MU-->PM,MU-->PM,MU-->PM,MU-->PM,MU-->PM,MU-->PM,MU-->PM,MU-->PM,MU-->PM,MU-->PM,MU-->PM,MU-->PM,MU-->PM,MU-->PM,MU-->PM,MU-->PM,MU-->PM,MU-->PM,MU-->PM
VC,VCT,Saint Vincent and the Grenadines,Kingstown,Americas,Caribbean,,VC-->MU,VC-->MU,VC-->MU,VC-->MU,VC-->MU,VC-->MU,VC-->MU,VC-->MU,VC-->MU,VC-->MU,VC-->MU,VC-->MU,VC-->MU,VC-->MU,VC-->MU,VC-->MU,VC-->MU,VC-->MU,VC-->MU,,,,,,,,,,,,,,,,,MU-->VC,MU-->VC,MU-->VC,MU-->VC,MU-->VC,MU-->VC,MU-->VC,MU-->VC,MU-->VC,MU-->VC,MU-->VC,MU-->VC,MU-->VC,MU-->VC,MU-->VC,MU-->VC,MU-->VC,MU-->VC,MU-->VC
WS,WSM,Samoa,Apia,Oceania,Polynesia,,WS-->MU,WS-->MU,WS-->MU,WS-->MU,WS-->MU,WS-->MU,WS-->MU,WS-->MU,WS-->MU,WS-->MU,WS-->MU,WS-->MU,WS-->MU,WS-->MU,WS-->MU,WS-->MU,WS-->MU,WS-->MU,WS-->MU,,,,,,,,,,,,,,,,,MU-->WS,MU-->WS,MU-->WS,MU-->WS,MU-->WS,MU-->WS,MU-->WS,MU-->WS,MU-->WS,MU-->WS,MU-->WS,MU-->WS,MU-->WS,MU-->WS,MU-->WS,MU-->WS,MU-->WS,MU-->WS,MU-->WS
SM,SMR,San Marino,City of San Marino,Europe,Southern Europe,,SM-->MU,SM-->MU,SM-->MU,SM-->MU,SM-->MU,SM-->MU,SM-->MU,SM-->MU,SM-->MU,SM-->MU,SM-->MU,SM-->MU,SM-->MU,SM-->MU,SM-->MU,SM-->MU,SM-->MU,SM-->MU,SM-->MU,,,,,,,,,,,,,,,,,MU-->SM,MU-->SM,MU-->SM,MU-->SM,MU-->SM,MU-->SM,MU-->SM,MU-->SM,MU-->SM,MU-->SM,MU-->SM,MU-->SM,MU-->SM,MU-->SM,MU-->SM,MU-->SM,MU-->SM,MU-->SM,MU-->SM
ST,STP,São Tomé and Príncipe,São Tomé,Africa,Middle Africa,,ST-->MU,ST-->MU,ST-->MU,ST-->MU,ST-->MU,ST-->MU,ST-->MU,ST-->MU,ST-->MU,ST-->MU,ST-->MU,ST-->MU,ST-->MU,ST-->MU,ST-->MU,ST-->MU,ST-->MU,ST-->MU,ST-->MU,,,,,,,,,,,,,,,,,MU-->ST,MU-->ST,MU-->ST,MU-->ST,MU-->ST,MU-->ST,MU-->ST,MU-->ST,MU-->ST,MU-->ST,MU-->ST,MU-->ST,MU-->ST,MU-->ST,MU-->ST,MU-->ST,MU-->ST,MU-->ST,MU-->ST
SA,SAU,Saudi Arabia,Riyadh,Asia,Western Asia,,SA-->MU,SA-->MU,SA-->MU,SA-->MU,SA-->MU,SA-->MU,SA-->MU,SA-->MU,SA-->MU,SA-->MU,SA-->MU,SA-->MU,SA-->MU,SA-->MU,SA-->MU,SA-->MU,SA-->MU,SA-->MU,SA-->MU,,,,,,,,,,,,,,,,,MU-->SA,MU-->SA,MU-->SA,MU-->SA,MU-->SA,MU-->SA,MU-->SA,MU-->SA,MU-->SA,MU-->SA,MU-->SA,MU-->SA,MU-->SA,MU-->SA,MU-->SA,MU-->SA,MU-->SA,MU-->SA,MU-->SA
SN,SEN,Senegal,Dakar,Africa,Western Africa,,SN-->MU,SN-->MU,SN-->MU,SN-->MU,SN-->MU,SN-->MU,SN-->MU,SN-->MU,SN-->MU,SN-->MU,SN-->MU,SN-->MU,SN-->MU,SN-->MU,SN-->MU,SN-->MU,SN-->MU,SN-->MU,SN-->MU,,,,,,,,,,,,,,,,,MU-->SN,MU-->SN,MU-->SN,MU-->SN,MU-->SN,MU-->SN,MU-->SN,MU-->SN,MU-->SN,MU-->SN,MU-->SN,MU-->SN,MU-->SN,MU-->SN,MU-->SN,MU-->SN,MU-->SN,MU-->SN,MU-->SN
RS,SRB,Serbia,Belgrade,Europe,Southern Europe,,RS-->MU,RS-->MU,RS-->MU,RS-->MU,RS-->MU,RS-->MU,RS-->MU,RS-->MU,RS-->MU,RS-->MU,RS-->MU,RS-->MU,RS-->MU,RS-->MU,RS-->MU,RS-->MU,RS-->MU,RS-->MU,RS-->MU,,,,,,,,,,,,,,,,,MU-->RS,MU-->RS,MU-->RS,MU-->RS,MU-->RS,MU-->RS,MU-->RS,MU-->RS,MU-->RS,MU-->RS,MU-->RS,MU-->RS,MU-->RS,MU-->RS,MU-->RS,MU-->RS,MU-->RS,MU-->RS,MU-->RS
SC,SYC,Seychelles,Victoria,Africa,Eastern Africa,,SC-->MU,SC-->MU,SC-->MU,SC-->MU,SC-->MU,SC-->MU,SC-->MU,SC-->MU,SC-->MU,SC-->MU,SC-->MU,SC-->MU,SC-->MU,SC-->MU,SC-->MU,SC-->MU,SC-->MU,SC-->MU,SC-->MU,,,,,,,,,,,,,,,,,MU-->SC,MU-->SC,MU-->SC,MU-->SC,MU-->SC,MU-->SC,MU-->SC,MU-->SC,MU-->SC,MU-->SC,MU-->SC,MU-->SC,MU-->SC,MU-->SC,MU-->SC,MU-->SC,MU-->SC,MU-->SC,MU-->SC
SL,SLE,Sierra Leone,Freetown,Africa,Western Africa,,SL-->MU,SL-->MU,SL-->MU,SL-->MU,SL-->MU,SL-->MU,SL-->MU,SL-->MU,SL-->MU,SL-->MU,SL-->MU,SL-->MU,SL-->MU,SL-->MU,SL-->MU,SL-->MU,SL-->MU,SL-->MU,SL-->MU,,,,,,,,,,,,,,,,,MU-->SL,MU-->SL,MU-->SL,MU-->SL,MU-->SL,MU-->SL,MU-->SL,MU-->SL,MU-->SL,MU-->SL,MU-->SL,MU-->SL,MU-->SL,MU-->SL,MU-->SL,MU-->SL,MU-->SL,MU-->SL,MU-->SL
SG,SGP,Singapore,Singapore,Asia,South-Eastern Asia,,SG-->MU,SG-->MU,SG-->MU,SG-->MU,SG-->MU,SG-->MU,SG-->MU,SG-->MU,SG-->MU,SG-->MU,SG-->MU,SG-->MU,SG-->MU,SG-->MU,SG-->MU,SG-->MU,SG-->MU,SG-->MU,SG-->MU,,,,,,,,,,,,,,,,,MU-->SG,MU-->SG,MU-->SG,MU-->SG,MU-->SG,MU-->SG,MU-->SG,MU-->SG,MU-->SG,MU-->SG,MU-->SG,MU-->SG,MU-->SG,MU-->SG,MU-->SG,MU-->SG,MU-->SG,MU-->SG,MU-->SG
SX,SXM,Sint Maarten,Philipsburg,Americas,Caribbean,,SX-->MU,SX-->MU,SX-->MU,SX-->MU,SX-->MU,SX-->MU,SX-->MU,SX-->MU,SX-->MU,SX-->MU,SX-->MU,SX-->MU,SX-->MU,SX-->MU,SX-->MU,SX-->MU,SX-->MU,SX-->MU,SX-->MU,,,,,,,,,,,,,,,,,MU-->SX,MU-->SX,MU-->SX,MU-->SX,MU-->SX,MU-->SX,MU-->SX,MU-->SX,MU-->SX,MU-->SX,MU-->SX,MU-->SX,MU-->SX,MU-->SX,MU-->SX,MU-->SX,MU-->SX,MU-->SX,MU-->SX
SK,SVK,Slovakia,Bratislava,Europe,Eastern Europe,,SK-->MU,SK-->MU,SK-->MU,SK-->MU,SK-->MU,SK-->MU,SK-->MU,SK-->MU,SK-->MU,SK-->MU,SK-->MU,SK-->MU,SK-->MU,SK-->MU,SK-->MU,SK-->MU,SK-->MU,SK-->MU,SK-->MU,,,,,,,,,,,,,,,,,MU-->SK,MU-->SK,MU-->SK,MU-->SK,MU-->SK,MU-->SK,MU-->SK,MU-->SK,MU-->SK,MU-->SK,MU-->SK,MU-->SK,MU-->SK,MU-->SK,MU-->SK,MU-->SK,MU-->SK,MU-->SK,MU-->SK
SI,SVN,Slovenia,Ljubljana,Europe,Southern Europe,,SI-->MU,SI-->MU,SI-->MU,SI-->MU,SI-->MU,SI-->MU,SI-->MU,SI-->MU,SI-->MU,SI-->MU,SI-->MU,SI-->MU,SI-->MU,SI-->MU,SI-->MU,SI-->MU,SI-->MU,SI-->MU,SI-->MU,,,,,,,,,,,,,,,,,MU-->SI,MU-->SI,MU-->SI,MU-->SI,MU-->SI,MU-->SI,MU-->SI,MU-->SI,MU-->SI,MU-->SI,MU-->SI,MU-->SI,MU-->SI,MU-->SI,MU-->SI,MU-->SI,MU-->SI,MU-->SI,MU-->SI
SB,SLB,Solomon Islands,Honiara,Oceania,Melanesia,,SB-->MU,SB-->MU,SB-->MU,SB-->MU,SB-->MU,SB-->MU,SB-->MU,SB-->MU,SB-->MU,SB-->MU,SB-->MU,SB-->MU,SB-->MU,SB-->MU,SB-->MU,SB-->MU,SB-->MU,SB-->MU,SB-->MU,,,,,,,,,,,,,,,,,MU-->SB,MU-->SB,MU-->SB,MU-->SB,MU-->SB,MU-->SB,MU-->SB,MU-->SB,MU-->SB,MU-->SB,MU-->SB,MU-->SB,MU-->SB,MU-->SB,MU-->SB,MU-->SB,MU-->SB,MU-->SB,MU-->SB
SO,SOM,Somalia,Mogadishu,Africa,Eastern Africa,,SO-->MU,SO-->MU,SO-->MU,SO-->MU,SO-->MU,SO-->MU,SO-->MU,SO-->MU,SO-->MU,SO-->MU,SO-->MU,SO-->MU,SO-->MU,SO-->MU,SO-->MU,SO-->MU,SO-->MU,SO-->MU,SO-->MU,,,,,,,,,,,,,,,,,MU-->SO,MU-->SO,MU-->SO,MU-->SO,MU-->SO,MU-->SO,MU-->SO,MU-->SO,MU-->SO,MU-->SO,MU-->SO,MU-->SO,MU-->SO,MU-->SO,MU-->SO,MU-->SO,MU-->SO,MU-->SO,MU-->SO
ZA,ZAF,South Africa,Pretoria,Africa,Southern Africa,,ZA-->MU,ZA-->MU,ZA-->MU,ZA-->MU,ZA-->MU,ZA-->MU,ZA-->MU,ZA-->MU,ZA-->MU,ZA-->MU,ZA-->MU,ZA-->MU,ZA-->MU,ZA-->MU,ZA-->MU,ZA-->MU,ZA-->MU,ZA-->MU,ZA-->MU,,,,,,,,,,,,,,,,,MU-->ZA,MU-->ZA,MU-->ZA,MU-->ZA,MU-->ZA,MU-->ZA,MU-->ZA,MU-->ZA,MU-->ZA,MU-->ZA,MU-->ZA,MU-->ZA,MU-->ZA,MU-->ZA,MU-->ZA,MU-->ZA,MU-->ZA,MU-->ZA,MU-->ZA
GS,SGS,South Georgia,King Edward Point,Americas,South America,,GS-->MU,GS-->MU,GS-->MU,GS-->MU,GS-->MU,GS-->MU,GS-->MU,GS-->MU,GS-->MU,GS-->MU,GS-->MU,GS-->MU,GS-->MU,GS-->MU,GS-->MU,GS-->MU,GS-->MU,GS-->MU,GS-->MU,,,,,,,,,,,,,,,,,MU-->GS,MU-->GS,MU-->GS,MU-->GS,MU-->GS,MU-->GS,MU-->GS,MU-->GS,MU-->GS,MU-->GS,MU-->GS,MU-->GS,MU-->GS,MU-->GS,MU-->GS,MU-->GS,MU-->GS,MU-->GS,MU-->GS
KR,KOR,South Korea,Seoul,Asia,Eastern Asia,,KR-->MU,KR-->MU,KR-->MU,KR-->MU,KR-->MU,KR-->MU,KR-->MU,KR-->MU,KR-->MU,KR-->MU,KR-->MU,KR-->MU,KR-->MU,KR-->MU,KR-->MU,KR-->MU,KR-->MU,KR-->MU,KR-->MU,,,,,,,,,,,,,,,,,MU-->KR,MU-->KR,MU-->KR,MU-->KR,MU-->KR,MU-->KR,MU-->KR,MU-->KR,MU-->KR,MU-->KR,MU-->KR,MU-->KR,MU-->KR,MU-->KR,MU-->KR,MU-->KR,MU-->KR,MU-->KR,MU-->KR
SS,SSD,South Sudan,Juba,Africa,Middle Africa,,SS-->MU,SS-->MU,SS-->MU,SS-->MU,SS-->MU,SS-->MU,SS-->MU,SS-->MU,SS-->MU,SS-->MU,SS-->MU,SS-->MU,SS-->MU,SS-->MU,SS-->MU,SS-->MU,SS-->MU,SS-->MU,SS-->MU,,,,,,,,,,,,,,,,,MU-->SS,MU-->SS,MU-->SS,MU-->SS,MU-->SS,MU-->SS,MU-->SS,MU-->SS,MU-->SS,MU-->SS,MU-->SS,MU-->SS,MU-->SS,MU-->SS,MU-->SS,MU-->SS,MU-->SS,MU-->SS,MU-->SS
ES,ESP,Spain,Madrid,Europe,Southern Europe,,ES-->MU,ES-->MU,ES-->MU,ES-->MU,ES-->MU,ES-->MU,ES-->MU,ES-->MU,ES-->MU,ES-->MU,ES-->MU,ES-->MU,ES-->MU,ES-->MU,ES-->MU,ES-->MU,ES-->MU,ES-->MU,ES-->MU,,,,,,,,,,,,,,,,,MU-->ES,MU-->ES,MU-->ES,MU-->ES,MU-->ES,MU-->ES,MU-->ES,MU-->ES,MU-->ES,MU-->ES,MU-->ES,MU-->ES,MU-->ES,MU-->ES,MU-->ES,MU-->ES,MU-->ES,MU-->ES,MU-->ES
LK,LKA,Sri Lanka,Colombo,Asia,Southern Asia,,LK-->MU,LK-->MU,LK-->MU,LK-->MU,LK-->MU,LK-->MU,LK-->MU,LK-->MU,LK-->MU,LK-->MU,LK-->MU,LK-->MU,LK-->MU,LK-->MU,LK-->MU,LK-->MU,LK-->MU,LK-->MU,LK-->MU,,,,,,,,,,,,,,,,,MU-->LK,MU-->LK,MU-->LK,MU-->LK,MU-->LK,MU-->LK,MU-->LK,MU-->LK,MU-->LK,MU-->LK,MU-->LK,MU-->LK,MU-->LK,MU-->LK,MU-->LK,MU-->LK,MU-->LK,MU-->LK,MU-->LK
SD,SDN,Sudan,Khartoum,Africa,Northern Africa,,SD-->MU,SD-->MU,SD-->MU,SD-->MU,SD-->MU,SD-->MU,SD-->MU,SD-->MU,SD-->MU,SD-->MU,SD-->MU,SD-->MU,SD-->MU,SD-->MU,SD-->MU,SD-->MU,SD-->MU,SD-->MU,SD-->MU,,,,,,,,,,,,,,,,,MU-->SD,MU-->SD,MU-->SD,MU-->SD,MU-->SD,MU-->SD,MU-->SD,MU-->SD,MU-->SD,MU-->SD,MU-->SD,MU-->SD,MU-->SD,MU-->SD,MU-->SD,MU-->SD,MU-->SD,MU-->SD,MU-->SD
SR,SUR,Suriname,Paramaribo,Americas,South America,,SR-->MU,SR-->MU,SR-->MU,SR-->MU,SR-->MU,SR-->MU,SR-->MU,SR-->MU,SR-->MU,SR-->MU,SR-->MU,SR-->MU,SR-->MU,SR-->MU,SR-->MU,SR-->MU,SR-->MU,SR-->MU,SR-->MU,,,,,,,,,,,,,,,,,MU-->SR,MU-->SR,MU-->SR,MU-->SR,MU-->SR,MU-->SR,MU-->SR,MU-->SR,MU-->SR,MU-->SR,MU-->SR,MU-->SR,MU-->SR,MU-->SR,MU-->SR,MU-->SR,MU-->SR,MU-->SR,MU-->SR
SJ,SJM,Svalbard and Jan Mayen,Longyearbyen,Europe,Northern Europe,,SJ-->MU,SJ-->MU,SJ-->MU,SJ-->MU,SJ-->MU,SJ-->MU,SJ-->MU,SJ-->MU,SJ-->MU,SJ-->MU,SJ-->MU,SJ-->MU,SJ-->MU,SJ-->MU,SJ-->MU,SJ-->MU,SJ-->MU,SJ-->MU,SJ-->MU,,,,,,,,,,,,,,,,,MU-->SJ,MU-->SJ,MU-->SJ,MU-->SJ,MU-->SJ,MU-->SJ,MU-->SJ,MU-->SJ,MU-->SJ,MU-->SJ,MU-->SJ,MU-->SJ,MU-->SJ,MU-->SJ,MU-->SJ,MU-->SJ,MU-->SJ,MU-->SJ,MU-->SJ
SZ,SWZ,Swaziland,Lobamba,Africa,Southern Africa,,SZ-->MU,SZ-->MU,SZ-->MU,SZ-->MU,SZ-->MU,SZ-->MU,SZ-->MU,SZ-->MU,SZ-->MU,SZ-->MU,SZ-->MU,SZ-->MU,SZ-->MU,SZ-->MU,SZ-->MU,SZ-->MU,SZ-->MU,SZ-->MU,SZ-->MU,,,,,,,,,,,,,,,,,MU-->SZ,MU-->SZ,MU-->SZ,MU-->SZ,MU-->SZ,MU-->SZ,MU-->SZ,MU-->SZ,MU-->SZ,MU-->SZ,MU-->SZ,MU-->SZ,MU-->SZ,MU-->SZ,MU-->SZ,MU-->SZ,MU-->SZ,MU-->SZ,MU-->SZ
SE,SWE,Sweden,Stockholm,Europe,Northern Europe,,SE-->MU,SE-->MU,SE-->MU,SE-->MU,SE-->MU,SE-->MU,SE-->MU,SE-->MU,SE-->MU,SE-->MU,SE-->MU,SE-->MU,SE-->MU,SE-->MU,SE-->MU,SE-->MU,SE-->MU,SE-->MU,SE-->MU,,,,,,,,,,,,,,,,,MU-->SE,MU-->SE,MU-->SE,MU-->SE,MU-->SE,MU-->SE,MU-->SE,MU-->SE,MU-->SE,MU-->SE,MU-->SE,MU-->SE,MU-->SE,MU-->SE,MU-->SE,MU-->SE,MU-->SE,MU-->SE,MU-->SE
CH,CHE,Switzerland,Bern,Europe,Western Europe,,CH-->MU,CH-->MU,CH-->MU,CH-->MU,CH-->MU,CH-->MU,CH-->MU,CH-->MU,CH-->MU,CH-->MU,CH-->MU,CH-->MU,CH-->MU,CH-->MU,CH-->MU,CH-->MU,CH-->MU,CH-->MU,CH-->MU,,,,,,,,,,,,,,,,,MU-->CH,MU-->CH,MU-->CH,MU-->CH,MU-->CH,MU-->CH,MU-->CH,MU-->CH,MU-->CH,MU-->CH,MU-->CH,MU-->CH,MU-->CH,MU-->CH,MU-->CH,MU-->CH,MU-->CH,MU-->CH,MU-->CH
SY,SYR,Syria,Damascus,Asia,Western Asia,,SY-->MU,SY-->MU,SY-->MU,SY-->MU,SY-->MU,SY-->MU,SY-->MU,SY-->MU,SY-->MU,SY-->MU,SY-->MU,SY-->MU,SY-->MU,SY-->MU,SY-->MU,SY-->MU,SY-->MU,SY-->MU,SY-->MU,,,,,,,,,,,,,,,,,MU-->SY,MU-->SY,MU-->SY,MU-->SY,MU-->SY,MU-->SY,MU-->SY,MU-->SY,MU-->SY,MU-->SY,MU-->SY,MU-->SY,MU-->SY,MU-->SY,MU-->SY,MU-->SY,MU-->SY,MU-->SY,MU-->SY
TW,TWN,Taiwan,Taipei,Asia,Eastern Asia,,TW-->MU,TW-->MU,TW-->MU,TW-->MU,TW-->MU,TW-->MU,TW-->MU,TW-->MU,TW-->MU,TW-->MU,TW-->MU,TW-->MU,TW-->MU,TW-->MU,TW-->MU,TW-->MU,TW-->MU,TW-->MU,TW-->MU,,,,,,,,,,,,,,,,,MU-->TW,MU-->TW,MU-->TW,MU-->TW,MU-->TW,MU-->TW,MU-->TW,MU-->TW,MU-->TW,MU-->TW,MU-->TW,MU-->TW,MU-->TW,MU-->TW,MU-->TW,MU-->TW,MU-->TW,MU-->TW,MU-->TW
TJ,TJK,Tajikistan,Dushanbe,Asia,Central Asia,,TJ-->MU,TJ-->MU,TJ-->MU,TJ-->MU,TJ-->MU,TJ-->MU,TJ-->MU,TJ-->MU,TJ-->MU,TJ-->MU,TJ-->MU,TJ-->MU,TJ-->MU,TJ-->MU,TJ-->MU,TJ-->MU,TJ-->MU,TJ-->MU,TJ-->MU,,,,,,,,,,,,,,,,,MU-->TJ,MU-->TJ,MU-->TJ,MU-->TJ,MU-->TJ,MU-->TJ,MU-->TJ,MU-->TJ,MU-->TJ,MU-->TJ,MU-->TJ,MU-->TJ,MU-->TJ,MU-->TJ,MU-->TJ,MU-->TJ,MU-->TJ,MU-->TJ,MU-->TJ
TZ,TZA,Tanzania,Dodoma,Africa,Eastern Africa,,TZ-->MU,TZ-->MU,TZ-->MU,TZ-->MU,TZ-->MU,TZ-->MU,TZ-->MU,TZ-->MU,TZ-->MU,TZ-->MU,TZ-->MU,TZ-->MU,TZ-->MU,TZ-->MU,TZ-->MU,TZ-->MU,TZ-->MU,TZ-->MU,TZ-->MU,,,,,,,,,,,,,,,,,MU-->TZ,MU-->TZ,MU-->TZ,MU-->TZ,MU-->TZ,MU-->TZ,MU-->TZ,MU-->TZ,MU-->TZ,MU-->TZ,MU-->TZ,MU-->TZ,MU-->TZ,MU-->TZ,MU-->TZ,MU-->TZ,MU-->TZ,MU-->TZ,MU-->TZ
TH,THA,Thailand,Bangkok,Asia,South-Eastern Asia,,TH-->MU,TH-->MU,TH-->MU,TH-->MU,TH-->MU,TH-->MU,TH-->MU,TH-->MU,TH-->MU,TH-->MU,TH-->MU,TH-->MU,TH-->MU,TH-->MU,TH-->MU,TH-->MU,TH-->MU,TH-->MU,TH-->MU,,,,,,,,,,,,,,,,,MU-->TH,MU-->TH,MU-->TH,MU-->TH,MU-->TH,MU-->TH,MU-->TH,MU-->TH,MU-->TH,MU-->TH,MU-->TH,MU-->TH,MU-->TH,MU-->TH,MU-->TH,MU-->TH,MU-->TH,MU-->TH,MU-->TH
TL,TLS,East Timor,Dili,Asia,South-Eastern Asia,,TL-->MU,TL-->MU,TL-->MU,TL-->MU,TL-->MU,TL-->MU,TL-->MU,TL-->MU,TL-->MU,TL-->MU,TL-->MU,TL-->MU,TL-->MU,TL-->MU,TL-->MU,TL-->MU,TL-->MU,TL-->MU,TL-->MU,,,,,,,,,,,,,,,,,MU-->TL,MU-->TL,MU-->TL,MU-->TL,MU-->TL,MU-->TL,MU-->TL,MU-->TL,MU-->TL,MU-->TL,MU-->TL,MU-->TL,MU-->TL,MU-->TL,MU-->TL,MU-->TL,MU-->TL,MU-->TL,MU-->TL
TG,TGO,Togo,Lomé,Africa,Western Africa,,TG-->MU,TG-->MU,TG-->MU,TG-->MU,TG-->MU,TG-->MU,TG-->MU,TG-->MU,TG-->MU,TG-->MU,TG-->MU,TG-->MU,TG-->MU,TG-->MU,TG-->MU,TG-->MU,TG-->MU,TG-->MU,TG-->MU,,,,,,,,,,,,,,,,,MU-->TG,MU-->TG,MU-->TG,MU-->TG,MU-->TG,MU-->TG,MU-->TG,MU-->TG,MU-->TG,MU-->TG,MU-->TG,MU-->TG,MU-->TG,MU-->TG,MU-->TG,MU-->TG,MU-->TG,MU-->TG,MU-->TG
TK,TKL,Tokelau,Fakaofo,Oceania,Polynesia,,TK-->MU,TK-->MU,TK-->MU,TK-->MU,TK-->MU,TK-->MU,TK-->MU,TK-->MU,TK-->MU,TK-->MU,TK-->MU,TK-->MU,TK-->MU,TK-->MU,TK-->MU,TK-->MU,TK-->MU,TK-->MU,TK-->MU,,,,,,,,,,,,,,,,,MU-->TK,MU-->TK,MU-->TK,MU-->TK,MU-->TK,MU-->TK,MU-->TK,MU-->TK,MU-->TK,MU-->TK,MU-->TK,MU-->TK,MU-->TK,MU-->TK,MU-->TK,MU-->TK,MU-->TK,MU-->TK,MU-->TK
TO,TON,Tonga,Nuku'alofa,Oceania,Polynesia,,TO-->MU,TO-->MU,TO-->MU,TO-->MU,TO-->MU,TO-->MU,TO-->MU,TO-->MU,TO-->MU,TO-->MU,TO-->MU,TO-->MU,TO-->MU,TO-->MU,TO-->MU,TO-->MU,TO-->MU,TO-->MU,TO-->MU,,,,,,,,,,,,,,,,,MU-->TO,MU-->TO,MU-->TO,MU-->TO,MU-->TO,MU-->TO,MU-->TO,MU-->TO,MU-->TO,MU-->TO,MU-->TO,MU-->TO,MU-->TO,MU-->TO,MU-->TO,MU-->TO,MU-->TO,MU-->TO,MU-->TO
TT,TTO,Trinidad and Tobago,Port of Spain,Americas,Caribbean,,TT-->MU,TT-->MU,TT-->MU,TT-->MU,TT-->MU,TT-->MU,TT-->MU,TT-->MU,TT-->MU,TT-->MU,TT-->MU,TT-->MU,TT-->MU,TT-->MU,TT-->MU,TT-->MU,TT-->MU,TT-->MU,TT-->MU,,,,,,,,,,,,,,,,,MU-->TT,MU-->TT,MU-->TT,MU-->TT,MU-->TT,MU-->TT,MU-->TT,MU-->TT,MU-->TT,MU-->TT,MU-->TT,MU-->TT,MU-->TT,MU-->TT,MU-->TT,MU-->TT,MU-->TT,MU-->TT,MU-->TT
TN,TUN,Tunisia,Tunis,Africa,Northern Africa,,TN-->MU,TN-->MU,TN-->MU,TN-->MU,TN-->MU,TN-->MU,TN-->MU,TN-->MU,TN-->MU,TN-->MU,TN-->MU,TN-->MU,TN-->MU,TN-->MU,TN-->MU,TN-->MU,TN-->MU,TN-->MU,TN-->MU,,,,,,,,,,,,,,,,,MU-->TN,MU-->TN,MU-->TN,MU-->TN,MU-->TN,MU-->TN,MU-->TN,MU-->TN,MU-->TN,MU-->TN,MU-->TN,MU-->TN,MU-->TN,MU-->TN,MU-->TN,MU-->TN,MU-->TN,MU-->TN,MU-->TN
TR,TUR,Turkey,Ankara,Asia,Western Asia,,TR-->MU,TR-->MU,TR-->MU,TR-->MU,TR-->MU,TR-->MU,TR-->MU,TR-->MU,TR-->MU,TR-->MU,TR-->MU,TR-->MU,TR-->MU,TR-->MU,TR-->MU,TR-->MU,TR-->MU,TR-->MU,TR-->MU,,,,,,,,,,,,,,,,,MU-->TR,MU-->TR,MU-->TR,MU-->TR,MU-->TR,MU-->TR,MU-->TR,MU-->TR,MU-->TR,MU-->TR,MU-->TR,MU-->TR,MU-->TR,MU-->TR,MU-->TR,MU-->TR,MU-->TR,MU-->TR,MU-->TR
TM,TKM,Turkmenistan,Ashgabat,Asia,Central Asia,,TM-->MU,TM-->MU,TM-->MU,TM-->MU,TM-->MU,TM-->MU,TM-->MU,TM-->MU,TM-->MU,TM-->MU,TM-->MU,TM-->MU,TM-->MU,TM-->MU,TM-->MU,TM-->MU,TM-->MU,TM-->MU,TM-->MU,,,,,,,,,,,,,,,,,MU-->TM,MU-->TM,MU-->TM,MU-->TM,MU-->TM,MU-->TM,MU-->TM,MU-->TM,MU-->TM,MU-->TM,MU-->TM,MU-->TM,MU-->TM,MU-->TM,MU-->TM,MU-->TM,MU-->TM,MU-->TM,MU-->TM
TC,TCA,Turks and Caicos Islands,Cockburn Town,Americas,Caribbean,,TC-->MU,TC-->MU,TC-->MU,TC-->MU,TC-->MU,TC-->MU,TC-->MU,TC-->MU,TC-->MU,TC-->MU,TC-->MU,TC-->MU,TC-->MU,TC-->MU,TC-->MU,TC-->MU,TC-->MU,TC-->MU,TC-->MU,,,,,,,,,,,,,,,,,MU-->TC,MU-->TC,MU-->TC,MU-->TC,MU-->TC,MU-->TC,MU-->TC,MU-->TC,MU-->TC,MU-->TC,MU-->TC,MU-->TC,MU-->TC,MU-->TC,MU-->TC,MU-->TC,MU-->TC,MU-->TC,MU-->TC
TV,TUV,Tuvalu,Funafuti,Oceania,Polynesia,,TV-->MU,TV-->MU,TV-->MU,TV-->MU,TV-->MU,TV-->MU,TV-->MU,TV-->MU,TV-->MU,TV-->MU,TV-->MU,TV-->MU,TV-->MU,TV-->MU,TV-->MU,TV-->MU,TV-->MU,TV-->MU,TV-->MU,,,,,,,,,,,,,,,,,MU-->TV,MU-->TV,MU-->TV,MU-->TV,MU-->TV,MU-->TV,MU-->TV,MU-->TV,MU-->TV,MU-->TV,MU-->TV,MU-->TV,MU-->TV,MU-->TV,MU-->TV,MU-->TV,MU-->TV,MU-->TV,MU-->TV
UG,UGA,Uganda,Kampala,Africa,Eastern Africa,,UG-->MU,UG-->MU,UG-->MU,UG-->MU,UG-->MU,UG-->MU,UG-->MU,UG-->MU,UG-->MU,UG-->MU,UG-->MU,UG-->MU,UG-->MU,UG-->MU,UG-->MU,UG-->MU,UG-->MU,UG-->MU,UG-->MU,,,,,,,,,,,,,,,,,MU-->UG,MU-->UG,MU-->UG,MU-->UG,MU-->UG,MU-->UG,MU-->UG,MU-->UG,MU-->UG,MU-->UG,MU-->UG,MU-->UG,MU-->UG,MU-->UG,MU-->UG,MU-->UG,MU-->UG,MU-->UG,MU-->UG
UA,UKR,Ukraine,Kiev,Europe,Eastern Europe,,UA-->MU,UA-->MU,UA-->MU,UA-->MU,UA-->MU,UA-->MU,UA-->MU,UA-->MU,UA-->MU,UA-->MU,UA-->MU,UA-->MU,UA-->MU,UA-->MU,UA-->MU,UA-->MU,UA-->MU,UA-->MU,UA-->MU,,,,,,,,,,,,,,,,,MU-->UA,MU-->UA,MU-->UA,MU-->UA,MU-->UA,MU-->UA,MU-->UA,MU-->UA,MU-->UA,MU-->UA,MU-->UA,MU-->UA,MU-->UA,MU-->UA,MU-->UA,MU-->UA,MU-->UA,MU-->UA,MU-->UA
AE,ARE,United Arab Emirates,Abu Dhabi,Asia,Western Asia,,AE-->MU,AE-->MU,AE-->MU,AE-->MU,AE-->MU,AE-->MU,AE-->MU,AE-->MU,AE-->MU,AE-->MU,AE-->MU,AE-->MU,AE-->MU,AE-->MU,AE-->MU,AE-->MU,AE-->MU,AE-->MU,AE-->MU,,,,,,,,,,,,,,,,,MU-->AE,MU-->AE,MU-->AE,MU-->AE,MU-->AE,MU-->AE,MU-->AE,MU-->AE,MU-->AE,MU-->AE,MU-->AE,MU-->AE,MU-->AE,MU-->AE,MU-->AE,MU-->AE,MU-->AE,MU-->AE,MU-->AE
GB,GBR,United Kingdom,London,Europe,Northern Europe,,GB-->MU,GB-->MU,GB-->MU,GB-->MU,GB-->MU,GB-->MU,GB-->MU,GB-->MU,GB-->MU,GB-->MU,GB-->MU,GB-->MU,GB-->MU,GB-->MU,GB-->MU,GB-->MU,GB-->MU,GB-->MU,GB-->MU,,,,,,,,,,,,,,,,,MU-->GB,MU-->GB,MU-->GB,MU-->GB,MU-->GB,MU-->GB,MU-->GB,MU-->GB,MU-->GB,MU-->GB,MU-->GB,MU-->GB,MU-->GB,MU-->GB,MU-->GB,MU-->GB,MU-->GB,MU-->GB,MU-->GB
US,USA,United States,"Washington, D.C.",Americas,Northern America,,US-->MU,US-->MU,US-->MU,US-->MU,US-->MU,US-->MU,US-->MU,US-->MU,US-->MU,US-->MU,US-->MU,US-->MU,US-->MU,US-->MU,US-->MU,US-->MU,US-->MU,US-->MU,US-->MU,,,,,,,,,,,,,,,,,MU-->US,MU-->US,MU-->US,MU-->US,MU-->US,MU-->US,MU-->US,MU-->US,MU-->US,MU-->US,MU-->US,MU-->US,MU-->US,MU-->US,MU-->US,MU-->US,MU-->US,MU-->US,MU-->US
UY,URY,Uruguay,Montevideo,Americas,South America,,UY-->MU,UY-->MU,UY-->MU,UY-->MU,UY-->MU,UY-->MU,UY-->MU,UY-->MU,UY-->MU,UY-->MU,UY-->MU,UY-->MU,UY-->MU,UY-->MU,UY-->MU,UY-->MU,UY-->MU,UY-->MU,UY-->MU,,,,,,,,,,,,,,,,,MU-->UY,MU-->UY,MU-->UY,MU-->UY,MU-->UY,MU-->UY,MU-->UY,MU-->UY,MU-->UY,MU-->UY,MU-->UY,MU-->UY,MU-->UY,MU-->UY,MU-->UY,MU-->UY,MU-->UY,MU-->UY,MU-->UY
UZ,UZB,Uzbekistan,Tashkent,Asia,Central Asia,,UZ-->MU,UZ-->MU,UZ-->MU,UZ-->MU,UZ-->MU,UZ-->MU,UZ-->MU,UZ-->MU,UZ-->MU,UZ-->MU,UZ-->MU,UZ-->MU,UZ-->MU,UZ-->MU,UZ-->MU,UZ-->MU,UZ-->MU,UZ-->MU,UZ-->MU,,,,,,,,,,,,,,,,,MU-->UZ,MU-->UZ,MU-->UZ,MU-->UZ,MU-->UZ,MU-->UZ,MU-->UZ,MU-->UZ,MU-->UZ,MU-->UZ,MU-->UZ,MU-->UZ,MU-->UZ,MU-->UZ,MU-->UZ,MU-->UZ,MU-->UZ,MU-->UZ,MU-->UZ
VU,VUT,Vanuatu,Port Vila,Oceania,Melanesia,,VU-->MU,VU-->MU,VU-->MU,VU-->MU,VU-->MU,VU-->MU,VU-->MU,VU-->MU,VU-->MU,VU-->MU,VU-->MU,VU-->MU,VU-->MU,VU-->MU,VU-->MU,VU-->MU,VU-->MU,VU-->MU,VU-->MU,,,,,,,,,,,,,,,,,MU-->VU,MU-->VU,MU-->VU,MU-->VU,MU-->VU,MU-->VU,MU-->VU,MU-->VU,MU-->VU,MU-->VU,MU-->VU,MU-->VU,MU-->VU,MU-->VU,MU-->VU,MU-->VU,MU-->VU,MU-->VU,MU-->VU
VE,VEN,Venezuela,Caracas,Americas,South America,,VE-->MU,VE-->MU,VE-->MU,VE-->MU,VE-->MU,VE-->MU,VE-->MU,VE-->MU,VE-->MU,VE-->MU,VE-->MU,VE-->MU,VE-->MU,VE-->MU,VE-->MU,VE-->MU,VE-->MU,VE-->MU,VE-->MU,,,,,,,,,,,,,,,,,MU-->VE,MU-->VE,MU-->VE,MU-->VE,MU-->VE,MU-->VE,MU-->VE,MU-->VE,MU-->VE,MU-->VE,MU-->VE,MU-->VE,MU-->VE,MU-->VE,MU-->VE,MU-->VE,MU-->VE,MU-->VE,MU-->VE
VN,VNM,Vietnam,Hanoi,Asia,South-Eastern Asia,,VN-->MU,VN-->MU,VN-->MU,VN-->MU,VN-->MU,VN-->MU,VN-->MU,VN-->MU,VN-->MU,VN-->MU,VN-->MU,VN-->MU,VN-->MU,VN-->MU,VN-->MU,VN-->MU,VN-->MU,VN-->MU,VN-->MU,,,,,,,,,,,,,,,,,MU-->VN,MU-->VN,MU-->VN,MU-->VN,MU-->VN,MU-->VN,MU-->VN,MU-->VN,MU-->VN,MU-->VN,MU-->VN,MU-->VN,MU-->VN,MU-->VN,MU-->VN,MU-->VN,MU-->VN,MU-->VN,MU-->VN
WF,WLF,Wallis and Futuna,Mata-Utu,Oceania,Polynesia,,WF-->MU,WF-->MU,WF-->MU,WF-->MU,WF-->MU,WF-->MU,WF-->MU,WF-->MU,WF-->MU,WF-->MU,WF-->MU,WF-->MU,WF-->MU,WF-->MU,WF-->MU,WF-->MU,WF-->MU,WF-->MU,WF-->MU,,,,,,,,,,,,,,,,,MU-->WF,MU-->WF,MU-->WF,MU-->WF,MU-->WF,MU-->WF,MU-->WF,MU-->WF,MU-->WF,MU-->WF,MU-->WF,MU-->WF,MU-->WF,MU-->WF,MU-->WF,MU-->WF,MU-->WF,MU-->WF,MU-->WF
EH,ESH,Western Sahara,El Aaiún,Africa,Northern Africa,,EH-->MU,EH-->MU,EH-->MU,EH-->MU,EH-->MU,EH-->MU,EH-->MU,EH-->MU,EH-->MU,EH-->MU,EH-->MU,EH-->MU,EH-->MU,EH-->MU,EH-->MU,EH-->MU,EH-->MU,EH-->MU,EH-->MU,,,,,,,,,,,,,,,,,MU-->EH,MU-->EH,MU-->EH,MU-->EH,MU-->EH,MU-->EH,MU-->EH,MU-->EH,MU-->EH,MU-->EH,MU-->EH,MU-->EH,MU-->EH,MU-->EH,MU-->EH,MU-->EH,MU-->EH,MU-->EH,MU-->EH
YE,YEM,Yemen,Sana'a,Asia,Western Asia,,YE-->MU,YE-->MU,YE-->MU,YE-->MU,YE-->MU,YE-->MU,YE-->MU,YE-->MU,YE-->MU,YE-->MU,YE-->MU,YE-->MU,YE-->MU,YE-->MU,YE-->MU,YE-->MU,YE-->MU,YE-->MU,YE-->MU,,,,,,,,,,,,,,,,,MU-->YE,MU-->YE,MU-->YE,MU-->YE,MU-->YE,MU-->YE,MU-->YE,MU-->YE,MU-->YE,MU-->YE,MU-->YE,MU-->YE,MU-->YE,MU-->YE,MU-->YE,MU-->YE,MU-->YE,MU-->YE,MU-->YE
ZM,ZMB,Zambia,Lusaka,Africa,Eastern Africa,,ZM-->MU,ZM-->MU,ZM-->MU,ZM-->MU,ZM-->MU,ZM-->MU,ZM-->MU,ZM-->MU,ZM-->MU,ZM-->MU,ZM-->MU,ZM-->MU,ZM-->MU,ZM-->MU,ZM-->MU,ZM-->MU,ZM-->MU,ZM-->MU,ZM-->MU,,,,,,,,,,,,,,,,,MU-->ZM,MU-->ZM,MU-->ZM,MU-->ZM,MU-->ZM,MU-->ZM,MU-->ZM,MU-->ZM,MU-->ZM,MU-->ZM,MU-->ZM,MU-->ZM,MU-->ZM,MU-->ZM,MU-->ZM,MU-->ZM,MU-->ZM,MU-->ZM,MU-->ZM
ZW,ZWE,Zimbabwe,Harare,Africa,Eastern Africa,,ZW-->MU,ZW-->MU,ZW-->MU,ZW-->MU,ZW-->MU,ZW-->MU,ZW-->MU,ZW-->MU,ZW-->MU,ZW-->MU,ZW-->MU,ZW-->MU,ZW-->MU,ZW-->MU,ZW-->MU,ZW-->MU,ZW-->MU,ZW-->MU,ZW-->MU,,,,,,,,,,,,,,,,,MU-->ZW,MU-->ZW,MU-->ZW,MU-->ZW,MU-->ZW,MU-->ZW,MU-->ZW,MU-->ZW,MU-->ZW,MU-->ZW,MU-->ZW,MU-->ZW,MU-->ZW,MU-->ZW,MU-->ZW,MU-->ZW,MU-->ZW,MU-->ZW,MU-->ZW
