nu,code,name,capital,region,subregion,Unnamed: 6,quara/into/where/e,quara/into/where/v,quara/into/where/uv,quara/into/min/e,quara/into/min/v,quara/into/min/uv,quara/into/max/e,quara/into/max/v,quara/into/max/uv,quara/into/comment,test/into/pcr/e,test/into/pcr/v,test/into/pcr/uv,test/into/ag/e,test/into/ag/v,test/into/ag/uv,test/into/comment,visa/into,visa/into/comment,loadStates/into,Unnamed: 27,Unnamed: 28,Unnamed: 29,Unnamed: 30,Unnamed: 31,Unnamed: 32,Unnamed: 33,Unnamed: 34,Unnamed: 35,Unnamed: 36,Unnamed: 37,Unnamed: 38,Unnamed: 39,Unnamed: 40,Unnamed: 41,quara/out/where/e,quara/out/where/v,quara/out/where/uv,quara/out/min/e,quara/out/min/v,quara/out/min/uv,quara/out/max/e,quara/out/max/v,quara/out/max/uv,quara/out/comment,test/out/pcr/e,test/out/pcr/v,test/out/pcr/uv,test/out/ag/e,test/out/ag/v,test/out/ag/uv,test/out/comment,visa/out,visa/out/comment
AF,AFG,Afghanistan,Kabul,Asia,Southern Asia,,AF-->GE,AF-->GE,AF-->GE,AF-->GE,AF-->GE,AF-->GE,AF-->GE,AF-->GE,AF-->GE,AF-->GE,AF-->GE,AF-->GE,AF-->GE,AF-->GE,AF-->GE,AF-->GE,AF-->GE,AF-->GE,AF-->GE,,,,,,,,,,,,,,,,,GE-->AF,GE-->AF,GE-->AF,GE-->AF,GE-->AF,GE-->AF,GE-->AF,GE-->AF,GE-->AF,GE-->AF,GE-->AF,GE-->AF,GE-->AF,GE-->AF,GE-->AF,GE-->AF,GE-->AF,GE-->AF,GE-->AF
AX,ALA,Åland Islands,Mariehamn,Europe,Northern Europe,,AX-->GE,AX-->GE,AX-->GE,AX-->GE,AX-->GE,AX-->GE,AX-->GE,AX-->GE,AX-->GE,AX-->GE,AX-->GE,AX-->GE,AX-->GE,AX-->GE,AX-->GE,AX-->GE,AX-->GE,AX-->GE,AX-->GE,,,,,,,,,,,,,,,,,GE-->AX,GE-->AX,GE-->AX,GE-->AX,GE-->AX,GE-->AX,GE-->AX,GE-->AX,GE-->AX,GE-->AX,GE-->AX,GE-->AX,GE-->AX,GE-->AX,GE-->AX,GE-->AX,GE-->AX,GE-->AX,GE-->AX
AL,ALB,Albania,Tirana,Europe,Southern Europe,,AL-->GE,AL-->GE,AL-->GE,AL-->GE,AL-->GE,AL-->GE,AL-->GE,AL-->GE,AL-->GE,AL-->GE,AL-->GE,AL-->GE,AL-->GE,AL-->GE,AL-->GE,AL-->GE,AL-->GE,AL-->GE,AL-->GE,,,,,,,,,,,,,,,,,GE-->AL,GE-->AL,GE-->AL,GE-->AL,GE-->AL,GE-->AL,GE-->AL,GE-->AL,GE-->AL,GE-->AL,GE-->AL,GE-->AL,GE-->AL,GE-->AL,GE-->AL,GE-->AL,GE-->AL,GE-->AL,GE-->AL
DZ,DZA,Algeria,Algiers,Africa,Northern Africa,,DZ-->GE,DZ-->GE,DZ-->GE,DZ-->GE,DZ-->GE,DZ-->GE,DZ-->GE,DZ-->GE,DZ-->GE,DZ-->GE,DZ-->GE,DZ-->GE,DZ-->GE,DZ-->GE,DZ-->GE,DZ-->GE,DZ-->GE,DZ-->GE,DZ-->GE,,,,,,,,,,,,,,,,,GE-->DZ,GE-->DZ,GE-->DZ,GE-->DZ,GE-->DZ,GE-->DZ,GE-->DZ,GE-->DZ,GE-->DZ,GE-->DZ,GE-->DZ,GE-->DZ,GE-->DZ,GE-->DZ,GE-->DZ,GE-->DZ,GE-->DZ,GE-->DZ,GE-->DZ
AS,ASM,American Samoa,Pago Pago,Oceania,Polynesia,,AS-->GE,AS-->GE,AS-->GE,AS-->GE,AS-->GE,AS-->GE,AS-->GE,AS-->GE,AS-->GE,AS-->GE,AS-->GE,AS-->GE,AS-->GE,AS-->GE,AS-->GE,AS-->GE,AS-->GE,AS-->GE,AS-->GE,,,,,,,,,,,,,,,,,GE-->AS,GE-->AS,GE-->AS,GE-->AS,GE-->AS,GE-->AS,GE-->AS,GE-->AS,GE-->AS,GE-->AS,GE-->AS,GE-->AS,GE-->AS,GE-->AS,GE-->AS,GE-->AS,GE-->AS,GE-->AS,GE-->AS
AD,AND,Andorra,Andorra la Vella,Europe,Southern Europe,,AD-->GE,AD-->GE,AD-->GE,AD-->GE,AD-->GE,AD-->GE,AD-->GE,AD-->GE,AD-->GE,AD-->GE,AD-->GE,AD-->GE,AD-->GE,AD-->GE,AD-->GE,AD-->GE,AD-->GE,AD-->GE,AD-->GE,,,,,,,,,,,,,,,,,GE-->AD,GE-->AD,GE-->AD,GE-->AD,GE-->AD,GE-->AD,GE-->AD,GE-->AD,GE-->AD,GE-->AD,GE-->AD,GE-->AD,GE-->AD,GE-->AD,GE-->AD,GE-->AD,GE-->AD,GE-->AD,GE-->AD
AO,AGO,Angola,Luanda,Africa,Middle Africa,,AO-->GE,AO-->GE,AO-->GE,AO-->GE,AO-->GE,AO-->GE,AO-->GE,AO-->GE,AO-->GE,AO-->GE,AO-->GE,AO-->GE,AO-->GE,AO-->GE,AO-->GE,AO-->GE,AO-->GE,AO-->GE,AO-->GE,,,,,,,,,,,,,,,,,GE-->AO,GE-->AO,GE-->AO,GE-->AO,GE-->AO,GE-->AO,GE-->AO,GE-->AO,GE-->AO,GE-->AO,GE-->AO,GE-->AO,GE-->AO,GE-->AO,GE-->AO,GE-->AO,GE-->AO,GE-->AO,GE-->AO
AI,AIA,Anguilla,The Valley,Americas,Caribbean,,AI-->GE,AI-->GE,AI-->GE,AI-->GE,AI-->GE,AI-->GE,AI-->GE,AI-->GE,AI-->GE,AI-->GE,AI-->GE,AI-->GE,AI-->GE,AI-->GE,AI-->GE,AI-->GE,AI-->GE,AI-->GE,AI-->GE,,,,,,,,,,,,,,,,,GE-->AI,GE-->AI,GE-->AI,GE-->AI,GE-->AI,GE-->AI,GE-->AI,GE-->AI,GE-->AI,GE-->AI,GE-->AI,GE-->AI,GE-->AI,GE-->AI,GE-->AI,GE-->AI,GE-->AI,GE-->AI,GE-->AI
AQ,ATA,Antarctica,,Polar,,,AQ-->GE,AQ-->GE,AQ-->GE,AQ-->GE,AQ-->GE,AQ-->GE,AQ-->GE,AQ-->GE,AQ-->GE,AQ-->GE,AQ-->GE,AQ-->GE,AQ-->GE,AQ-->GE,AQ-->GE,AQ-->GE,AQ-->GE,AQ-->GE,AQ-->GE,,,,,,,,,,,,,,,,,GE-->AQ,GE-->AQ,GE-->AQ,GE-->AQ,GE-->AQ,GE-->AQ,GE-->AQ,GE-->AQ,GE-->AQ,GE-->AQ,GE-->AQ,GE-->AQ,GE-->AQ,GE-->AQ,GE-->AQ,GE-->AQ,GE-->AQ,GE-->AQ,GE-->AQ
AG,ATG,Antigua and Barbuda,Saint John's,Americas,Caribbean,,AG-->GE,AG-->GE,AG-->GE,AG-->GE,AG-->GE,AG-->GE,AG-->GE,AG-->GE,AG-->GE,AG-->GE,AG-->GE,AG-->GE,AG-->GE,AG-->GE,AG-->GE,AG-->GE,AG-->GE,AG-->GE,AG-->GE,,,,,,,,,,,,,,,,,GE-->AG,GE-->AG,GE-->AG,GE-->AG,GE-->AG,GE-->AG,GE-->AG,GE-->AG,GE-->AG,GE-->AG,GE-->AG,GE-->AG,GE-->AG,GE-->AG,GE-->AG,GE-->AG,GE-->AG,GE-->AG,GE-->AG
AR,ARG,Argentina,Buenos Aires,Americas,South America,,AR-->GE,AR-->GE,AR-->GE,AR-->GE,AR-->GE,AR-->GE,AR-->GE,AR-->GE,AR-->GE,AR-->GE,AR-->GE,AR-->GE,AR-->GE,AR-->GE,AR-->GE,AR-->GE,AR-->GE,AR-->GE,AR-->GE,,,,,,,,,,,,,,,,,GE-->AR,GE-->AR,GE-->AR,GE-->AR,GE-->AR,GE-->AR,GE-->AR,GE-->AR,GE-->AR,GE-->AR,GE-->AR,GE-->AR,GE-->AR,GE-->AR,GE-->AR,GE-->AR,GE-->AR,GE-->AR,GE-->AR
AM,ARM,Armenia,Yerevan,Asia,Western Asia,,AM-->GE,AM-->GE,AM-->GE,AM-->GE,AM-->GE,AM-->GE,AM-->GE,AM-->GE,AM-->GE,AM-->GE,AM-->GE,AM-->GE,AM-->GE,AM-->GE,AM-->GE,AM-->GE,AM-->GE,AM-->GE,AM-->GE,,,,,,,,,,,,,,,,,GE-->AM,GE-->AM,GE-->AM,GE-->AM,GE-->AM,GE-->AM,GE-->AM,GE-->AM,GE-->AM,GE-->AM,GE-->AM,GE-->AM,GE-->AM,GE-->AM,GE-->AM,GE-->AM,GE-->AM,GE-->AM,GE-->AM
AW,ABW,Aruba,Oranjestad,Americas,Caribbean,,AW-->GE,AW-->GE,AW-->GE,AW-->GE,AW-->GE,AW-->GE,AW-->GE,AW-->GE,AW-->GE,AW-->GE,AW-->GE,AW-->GE,AW-->GE,AW-->GE,AW-->GE,AW-->GE,AW-->GE,AW-->GE,AW-->GE,,,,,,,,,,,,,,,,,GE-->AW,GE-->AW,GE-->AW,GE-->AW,GE-->AW,GE-->AW,GE-->AW,GE-->AW,GE-->AW,GE-->AW,GE-->AW,GE-->AW,GE-->AW,GE-->AW,GE-->AW,GE-->AW,GE-->AW,GE-->AW,GE-->AW
AU,AUS,Australia,Canberra,Oceania,Australia and New Zealand,,AU-->GE,AU-->GE,AU-->GE,AU-->GE,AU-->GE,AU-->GE,AU-->GE,AU-->GE,AU-->GE,AU-->GE,AU-->GE,AU-->GE,AU-->GE,AU-->GE,AU-->GE,AU-->GE,AU-->GE,AU-->GE,AU-->GE,,,,,,,,,,,,,,,,,GE-->AU,GE-->AU,GE-->AU,GE-->AU,GE-->AU,GE-->AU,GE-->AU,GE-->AU,GE-->AU,GE-->AU,GE-->AU,GE-->AU,GE-->AU,GE-->AU,GE-->AU,GE-->AU,GE-->AU,GE-->AU,GE-->AU
AT,AUT,Austria,Vienna,Europe,Western Europe,,AT-->GE,AT-->GE,AT-->GE,AT-->GE,AT-->GE,AT-->GE,AT-->GE,AT-->GE,AT-->GE,AT-->GE,AT-->GE,AT-->GE,AT-->GE,AT-->GE,AT-->GE,AT-->GE,AT-->GE,AT-->GE,AT-->GE,,,,,,,,,,,,,,,,,GE-->AT,GE-->AT,GE-->AT,GE-->AT,GE-->AT,GE-->AT,GE-->AT,GE-->AT,GE-->AT,GE-->AT,GE-->AT,GE-->AT,GE-->AT,GE-->AT,GE-->AT,GE-->AT,GE-->AT,GE-->AT,GE-->AT
AZ,AZE,Azerbaijan,Baku,Asia,Western Asia,,AZ-->GE,AZ-->GE,AZ-->GE,AZ-->GE,AZ-->GE,AZ-->GE,AZ-->GE,AZ-->GE,AZ-->GE,AZ-->GE,AZ-->GE,AZ-->GE,AZ-->GE,AZ-->GE,AZ-->GE,AZ-->GE,AZ-->GE,AZ-->GE,AZ-->GE,,,,,,,,,,,,,,,,,GE-->AZ,GE-->AZ,GE-->AZ,GE-->AZ,GE-->AZ,GE-->AZ,GE-->AZ,GE-->AZ,GE-->AZ,GE-->AZ,GE-->AZ,GE-->AZ,GE-->AZ,GE-->AZ,GE-->AZ,GE-->AZ,GE-->AZ,GE-->AZ,GE-->AZ
BS,BHS,The Bahamas,Nassau,Americas,Caribbean,,BS-->GE,BS-->GE,BS-->GE,BS-->GE,BS-->GE,BS-->GE,BS-->GE,BS-->GE,BS-->GE,BS-->GE,BS-->GE,BS-->GE,BS-->GE,BS-->GE,BS-->GE,BS-->GE,BS-->GE,BS-->GE,BS-->GE,,,,,,,,,,,,,,,,,GE-->BS,GE-->BS,GE-->BS,GE-->BS,GE-->BS,GE-->BS,GE-->BS,GE-->BS,GE-->BS,GE-->BS,GE-->BS,GE-->BS,GE-->BS,GE-->BS,GE-->BS,GE-->BS,GE-->BS,GE-->BS,GE-->BS
BH,BHR,Bahrain,Manama,Asia,Western Asia,,BH-->GE,BH-->GE,BH-->GE,BH-->GE,BH-->GE,BH-->GE,BH-->GE,BH-->GE,BH-->GE,BH-->GE,BH-->GE,BH-->GE,BH-->GE,BH-->GE,BH-->GE,BH-->GE,BH-->GE,BH-->GE,BH-->GE,,,,,,,,,,,,,,,,,GE-->BH,GE-->BH,GE-->BH,GE-->BH,GE-->BH,GE-->BH,GE-->BH,GE-->BH,GE-->BH,GE-->BH,GE-->BH,GE-->BH,GE-->BH,GE-->BH,GE-->BH,GE-->BH,GE-->BH,GE-->BH,GE-->BH
BD,BGD,Bangladesh,Dhaka,Asia,Southern Asia,,BD-->GE,BD-->GE,BD-->GE,BD-->GE,BD-->GE,BD-->GE,BD-->GE,BD-->GE,BD-->GE,BD-->GE,BD-->GE,BD-->GE,BD-->GE,BD-->GE,BD-->GE,BD-->GE,BD-->GE,BD-->GE,BD-->GE,,,,,,,,,,,,,,,,,GE-->BD,GE-->BD,GE-->BD,GE-->BD,GE-->BD,GE-->BD,GE-->BD,GE-->BD,GE-->BD,GE-->BD,GE-->BD,GE-->BD,GE-->BD,GE-->BD,GE-->BD,GE-->BD,GE-->BD,GE-->BD,GE-->BD
BB,BRB,Barbados,Bridgetown,Americas,Caribbean,,BB-->GE,BB-->GE,BB-->GE,BB-->GE,BB-->GE,BB-->GE,BB-->GE,BB-->GE,BB-->GE,BB-->GE,BB-->GE,BB-->GE,BB-->GE,BB-->GE,BB-->GE,BB-->GE,BB-->GE,BB-->GE,BB-->GE,,,,,,,,,,,,,,,,,GE-->BB,GE-->BB,GE-->BB,GE-->BB,GE-->BB,GE-->BB,GE-->BB,GE-->BB,GE-->BB,GE-->BB,GE-->BB,GE-->BB,GE-->BB,GE-->BB,GE-->BB,GE-->BB,GE-->BB,GE-->BB,GE-->BB
BY,BLR,Belarus,Minsk,Europe,Eastern Europe,,BY-->GE,BY-->GE,BY-->GE,BY-->GE,BY-->GE,BY-->GE,BY-->GE,BY-->GE,BY-->GE,BY-->GE,BY-->GE,BY-->GE,BY-->GE,BY-->GE,BY-->GE,BY-->GE,BY-->GE,BY-->GE,BY-->GE,,,,,,,,,,,,,,,,,GE-->BY,GE-->BY,GE-->BY,GE-->BY,GE-->BY,GE-->BY,GE-->BY,GE-->BY,GE-->BY,GE-->BY,GE-->BY,GE-->BY,GE-->BY,GE-->BY,GE-->BY,GE-->BY,GE-->BY,GE-->BY,GE-->BY
BE,BEL,Belgium,Brussels,Europe,Western Europe,,BE-->GE,BE-->GE,BE-->GE,BE-->GE,BE-->GE,BE-->GE,BE-->GE,BE-->GE,BE-->GE,BE-->GE,BE-->GE,BE-->GE,BE-->GE,BE-->GE,BE-->GE,BE-->GE,BE-->GE,BE-->GE,BE-->GE,,,,,,,,,,,,,,,,,GE-->BE,GE-->BE,GE-->BE,GE-->BE,GE-->BE,GE-->BE,GE-->BE,GE-->BE,GE-->BE,GE-->BE,GE-->BE,GE-->BE,GE-->BE,GE-->BE,GE-->BE,GE-->BE,GE-->BE,GE-->BE,GE-->BE
BZ,BLZ,Belize,Belmopan,Americas,Central America,,BZ-->GE,BZ-->GE,BZ-->GE,BZ-->GE,BZ-->GE,BZ-->GE,BZ-->GE,BZ-->GE,BZ-->GE,BZ-->GE,BZ-->GE,BZ-->GE,BZ-->GE,BZ-->GE,BZ-->GE,BZ-->GE,BZ-->GE,BZ-->GE,BZ-->GE,,,,,,,,,,,,,,,,,GE-->BZ,GE-->BZ,GE-->BZ,GE-->BZ,GE-->BZ,GE-->BZ,GE-->BZ,GE-->BZ,GE-->BZ,GE-->BZ,GE-->BZ,GE-->BZ,GE-->BZ,GE-->BZ,GE-->BZ,GE-->BZ,GE-->BZ,GE-->BZ,GE-->BZ
BJ,BEN,Benin,Porto-Novo,Africa,Western Africa,,BJ-->GE,BJ-->GE,BJ-->GE,BJ-->GE,BJ-->GE,BJ-->GE,BJ-->GE,BJ-->GE,BJ-->GE,BJ-->GE,BJ-->GE,BJ-->GE,BJ-->GE,BJ-->GE,BJ-->GE,BJ-->GE,BJ-->GE,BJ-->GE,BJ-->GE,,,,,,,,,,,,,,,,,GE-->BJ,GE-->BJ,GE-->BJ,GE-->BJ,GE-->BJ,GE-->BJ,GE-->BJ,GE-->BJ,GE-->BJ,GE-->BJ,GE-->BJ,GE-->BJ,GE-->BJ,GE-->BJ,GE-->BJ,GE-->BJ,GE-->BJ,GE-->BJ,GE-->BJ
BM,BMU,Bermuda,Hamilton,Americas,Northern America,,BM-->GE,BM-->GE,BM-->GE,BM-->GE,BM-->GE,BM-->GE,BM-->GE,BM-->GE,BM-->GE,BM-->GE,BM-->GE,BM-->GE,BM-->GE,BM-->GE,BM-->GE,BM-->GE,BM-->GE,BM-->GE,BM-->GE,,,,,,,,,,,,,,,,,GE-->BM,GE-->BM,GE-->BM,GE-->BM,GE-->BM,GE-->BM,GE-->BM,GE-->BM,GE-->BM,GE-->BM,GE-->BM,GE-->BM,GE-->BM,GE-->BM,GE-->BM,GE-->BM,GE-->BM,GE-->BM,GE-->BM
BT,BTN,Bhutan,Thimphu,Asia,Southern Asia,,BT-->GE,BT-->GE,BT-->GE,BT-->GE,BT-->GE,BT-->GE,BT-->GE,BT-->GE,BT-->GE,BT-->GE,BT-->GE,BT-->GE,BT-->GE,BT-->GE,BT-->GE,BT-->GE,BT-->GE,BT-->GE,BT-->GE,,,,,,,,,,,,,,,,,GE-->BT,GE-->BT,GE-->BT,GE-->BT,GE-->BT,GE-->BT,GE-->BT,GE-->BT,GE-->BT,GE-->BT,GE-->BT,GE-->BT,GE-->BT,GE-->BT,GE-->BT,GE-->BT,GE-->BT,GE-->BT,GE-->BT
BO,BOL,Bolivia,Sucre,Americas,South America,,BO-->GE,BO-->GE,BO-->GE,BO-->GE,BO-->GE,BO-->GE,BO-->GE,BO-->GE,BO-->GE,BO-->GE,BO-->GE,BO-->GE,BO-->GE,BO-->GE,BO-->GE,BO-->GE,BO-->GE,BO-->GE,BO-->GE,,,,,,,,,,,,,,,,,GE-->BO,GE-->BO,GE-->BO,GE-->BO,GE-->BO,GE-->BO,GE-->BO,GE-->BO,GE-->BO,GE-->BO,GE-->BO,GE-->BO,GE-->BO,GE-->BO,GE-->BO,GE-->BO,GE-->BO,GE-->BO,GE-->BO
BQ,BES,Bonaire,Kralendijk,Americas,Caribbean,,BQ-->GE,BQ-->GE,BQ-->GE,BQ-->GE,BQ-->GE,BQ-->GE,BQ-->GE,BQ-->GE,BQ-->GE,BQ-->GE,BQ-->GE,BQ-->GE,BQ-->GE,BQ-->GE,BQ-->GE,BQ-->GE,BQ-->GE,BQ-->GE,BQ-->GE,,,,,,,,,,,,,,,,,GE-->BQ,GE-->BQ,GE-->BQ,GE-->BQ,GE-->BQ,GE-->BQ,GE-->BQ,GE-->BQ,GE-->BQ,GE-->BQ,GE-->BQ,GE-->BQ,GE-->BQ,GE-->BQ,GE-->BQ,GE-->BQ,GE-->BQ,GE-->BQ,GE-->BQ
BA,BIH,Bosnia and Herzegovina,Sarajevo,Europe,Southern Europe,,BA-->GE,BA-->GE,BA-->GE,BA-->GE,BA-->GE,BA-->GE,BA-->GE,BA-->GE,BA-->GE,BA-->GE,BA-->GE,BA-->GE,BA-->GE,BA-->GE,BA-->GE,BA-->GE,BA-->GE,BA-->GE,BA-->GE,,,,,,,,,,,,,,,,,GE-->BA,GE-->BA,GE-->BA,GE-->BA,GE-->BA,GE-->BA,GE-->BA,GE-->BA,GE-->BA,GE-->BA,GE-->BA,GE-->BA,GE-->BA,GE-->BA,GE-->BA,GE-->BA,GE-->BA,GE-->BA,GE-->BA
BW,BWA,Botswana,Gaborone,Africa,Southern Africa,,BW-->GE,BW-->GE,BW-->GE,BW-->GE,BW-->GE,BW-->GE,BW-->GE,BW-->GE,BW-->GE,BW-->GE,BW-->GE,BW-->GE,BW-->GE,BW-->GE,BW-->GE,BW-->GE,BW-->GE,BW-->GE,BW-->GE,,,,,,,,,,,,,,,,,GE-->BW,GE-->BW,GE-->BW,GE-->BW,GE-->BW,GE-->BW,GE-->BW,GE-->BW,GE-->BW,GE-->BW,GE-->BW,GE-->BW,GE-->BW,GE-->BW,GE-->BW,GE-->BW,GE-->BW,GE-->BW,GE-->BW
BV,BVT,Bouvet Island,,,,,BV-->GE,BV-->GE,BV-->GE,BV-->GE,BV-->GE,BV-->GE,BV-->GE,BV-->GE,BV-->GE,BV-->GE,BV-->GE,BV-->GE,BV-->GE,BV-->GE,BV-->GE,BV-->GE,BV-->GE,BV-->GE,BV-->GE,,,,,,,,,,,,,,,,,GE-->BV,GE-->BV,GE-->BV,GE-->BV,GE-->BV,GE-->BV,GE-->BV,GE-->BV,GE-->BV,GE-->BV,GE-->BV,GE-->BV,GE-->BV,GE-->BV,GE-->BV,GE-->BV,GE-->BV,GE-->BV,GE-->BV
BR,BRA,Brazil,Brasília,Americas,South America,,BR-->GE,BR-->GE,BR-->GE,BR-->GE,BR-->GE,BR-->GE,BR-->GE,BR-->GE,BR-->GE,BR-->GE,BR-->GE,BR-->GE,BR-->GE,BR-->GE,BR-->GE,BR-->GE,BR-->GE,BR-->GE,BR-->GE,,,,,,,,,,,,,,,,,GE-->BR,GE-->BR,GE-->BR,GE-->BR,GE-->BR,GE-->BR,GE-->BR,GE-->BR,GE-->BR,GE-->BR,GE-->BR,GE-->BR,GE-->BR,GE-->BR,GE-->BR,GE-->BR,GE-->BR,GE-->BR,GE-->BR
IO,IOT,British Indian Ocean Territory,Diego Garcia,Africa,Eastern Africa,,IO-->GE,IO-->GE,IO-->GE,IO-->GE,IO-->GE,IO-->GE,IO-->GE,IO-->GE,IO-->GE,IO-->GE,IO-->GE,IO-->GE,IO-->GE,IO-->GE,IO-->GE,IO-->GE,IO-->GE,IO-->GE,IO-->GE,,,,,,,,,,,,,,,,,GE-->IO,GE-->IO,GE-->IO,GE-->IO,GE-->IO,GE-->IO,GE-->IO,GE-->IO,GE-->IO,GE-->IO,GE-->IO,GE-->IO,GE-->IO,GE-->IO,GE-->IO,GE-->IO,GE-->IO,GE-->IO,GE-->IO
UM,UMI,United States Minor Outlying Islands,,Americas,Northern America,,UM-->GE,UM-->GE,UM-->GE,UM-->GE,UM-->GE,UM-->GE,UM-->GE,UM-->GE,UM-->GE,UM-->GE,UM-->GE,UM-->GE,UM-->GE,UM-->GE,UM-->GE,UM-->GE,UM-->GE,UM-->GE,UM-->GE,,,,,,,,,,,,,,,,,GE-->UM,GE-->UM,GE-->UM,GE-->UM,GE-->UM,GE-->UM,GE-->UM,GE-->UM,GE-->UM,GE-->UM,GE-->UM,GE-->UM,GE-->UM,GE-->UM,GE-->UM,GE-->UM,GE-->UM,GE-->UM,GE-->UM
VG,VGB,Virgin Islands (British),Road Town,Americas,Caribbean,,VG-->GE,VG-->GE,VG-->GE,VG-->GE,VG-->GE,VG-->GE,VG-->GE,VG-->GE,VG-->GE,VG-->GE,VG-->GE,VG-->GE,VG-->GE,VG-->GE,VG-->GE,VG-->GE,VG-->GE,VG-->GE,VG-->GE,,,,,,,,,,,,,,,,,GE-->VG,GE-->VG,GE-->VG,GE-->VG,GE-->VG,GE-->VG,GE-->VG,GE-->VG,GE-->VG,GE-->VG,GE-->VG,GE-->VG,GE-->VG,GE-->VG,GE-->VG,GE-->VG,GE-->VG,GE-->VG,GE-->VG
VI,VIR,Virgin Islands (U.S.),Charlotte Amalie,Americas,Caribbean,,VI-->GE,VI-->GE,VI-->GE,VI-->GE,VI-->GE,VI-->GE,VI-->GE,VI-->GE,VI-->GE,VI-->GE,VI-->GE,VI-->GE,VI-->GE,VI-->GE,VI-->GE,VI-->GE,VI-->GE,VI-->GE,VI-->GE,,,,,,,,,,,,,,,,,GE-->VI,GE-->VI,GE-->VI,GE-->VI,GE-->VI,GE-->VI,GE-->VI,GE-->VI,GE-->VI,GE-->VI,GE-->VI,GE-->VI,GE-->VI,GE-->VI,GE-->VI,GE-->VI,GE-->VI,GE-->VI,GE-->VI
BN,BRN,Brunei,Bandar Seri Begawan,Asia,South-Eastern Asia,,BN-->GE,BN-->GE,BN-->GE,BN-->GE,BN-->GE,BN-->GE,BN-->GE,BN-->GE,BN-->GE,BN-->GE,BN-->GE,BN-->GE,BN-->GE,BN-->GE,BN-->GE,BN-->GE,BN-->GE,BN-->GE,BN-->GE,,,,,,,,,,,,,,,,,GE-->BN,GE-->BN,GE-->BN,GE-->BN,GE-->BN,GE-->BN,GE-->BN,GE-->BN,GE-->BN,GE-->BN,GE-->BN,GE-->BN,GE-->BN,GE-->BN,GE-->BN,GE-->BN,GE-->BN,GE-->BN,GE-->BN
BG,BGR,Bulgaria,Sofia,Europe,Eastern Europe,,BG-->GE,BG-->GE,BG-->GE,BG-->GE,BG-->GE,BG-->GE,BG-->GE,BG-->GE,BG-->GE,BG-->GE,BG-->GE,BG-->GE,BG-->GE,BG-->GE,BG-->GE,BG-->GE,BG-->GE,BG-->GE,BG-->GE,,,,,,,,,,,,,,,,,GE-->BG,GE-->BG,GE-->BG,GE-->BG,GE-->BG,GE-->BG,GE-->BG,GE-->BG,GE-->BG,GE-->BG,GE-->BG,GE-->BG,GE-->BG,GE-->BG,GE-->BG,GE-->BG,GE-->BG,GE-->BG,GE-->BG
BF,BFA,Burkina Faso,Ouagadougou,Africa,Western Africa,,BF-->GE,BF-->GE,BF-->GE,BF-->GE,BF-->GE,BF-->GE,BF-->GE,BF-->GE,BF-->GE,BF-->GE,BF-->GE,BF-->GE,BF-->GE,BF-->GE,BF-->GE,BF-->GE,BF-->GE,BF-->GE,BF-->GE,,,,,,,,,,,,,,,,,GE-->BF,GE-->BF,GE-->BF,GE-->BF,GE-->BF,GE-->BF,GE-->BF,GE-->BF,GE-->BF,GE-->BF,GE-->BF,GE-->BF,GE-->BF,GE-->BF,GE-->BF,GE-->BF,GE-->BF,GE-->BF,GE-->BF
BI,BDI,Burundi,Bujumbura,Africa,Eastern Africa,,BI-->GE,BI-->GE,BI-->GE,BI-->GE,BI-->GE,BI-->GE,BI-->GE,BI-->GE,BI-->GE,BI-->GE,BI-->GE,BI-->GE,BI-->GE,BI-->GE,BI-->GE,BI-->GE,BI-->GE,BI-->GE,BI-->GE,,,,,,,,,,,,,,,,,GE-->BI,GE-->BI,GE-->BI,GE-->BI,GE-->BI,GE-->BI,GE-->BI,GE-->BI,GE-->BI,GE-->BI,GE-->BI,GE-->BI,GE-->BI,GE-->BI,GE-->BI,GE-->BI,GE-->BI,GE-->BI,GE-->BI
KH,KHM,Cambodia,Phnom Penh,Asia,South-Eastern Asia,,KH-->GE,KH-->GE,KH-->GE,KH-->GE,KH-->GE,KH-->GE,KH-->GE,KH-->GE,KH-->GE,KH-->GE,KH-->GE,KH-->GE,KH-->GE,KH-->GE,KH-->GE,KH-->GE,KH-->GE,KH-->GE,KH-->GE,,,,,,,,,,,,,,,,,GE-->KH,GE-->KH,GE-->KH,GE-->KH,GE-->KH,GE-->KH,GE-->KH,GE-->KH,GE-->KH,GE-->KH,GE-->KH,GE-->KH,GE-->KH,GE-->KH,GE-->KH,GE-->KH,GE-->KH,GE-->KH,GE-->KH
CM,CMR,Cameroon,Yaoundé,Africa,Middle Africa,,CM-->GE,CM-->GE,CM-->GE,CM-->GE,CM-->GE,CM-->GE,CM-->GE,CM-->GE,CM-->GE,CM-->GE,CM-->GE,CM-->GE,CM-->GE,CM-->GE,CM-->GE,CM-->GE,CM-->GE,CM-->GE,CM-->GE,,,,,,,,,,,,,,,,,GE-->CM,GE-->CM,GE-->CM,GE-->CM,GE-->CM,GE-->CM,GE-->CM,GE-->CM,GE-->CM,GE-->CM,GE-->CM,GE-->CM,GE-->CM,GE-->CM,GE-->CM,GE-->CM,GE-->CM,GE-->CM,GE-->CM
CA,CAN,Canada,Ottawa,Americas,Northern America,,CA-->GE,CA-->GE,CA-->GE,CA-->GE,CA-->GE,CA-->GE,CA-->GE,CA-->GE,CA-->GE,CA-->GE,CA-->GE,CA-->GE,CA-->GE,CA-->GE,CA-->GE,CA-->GE,CA-->GE,CA-->GE,CA-->GE,,,,,,,,,,,,,,,,,GE-->CA,GE-->CA,GE-->CA,GE-->CA,GE-->CA,GE-->CA,GE-->CA,GE-->CA,GE-->CA,GE-->CA,GE-->CA,GE-->CA,GE-->CA,GE-->CA,GE-->CA,GE-->CA,GE-->CA,GE-->CA,GE-->CA
CV,CPV,Cape Verde,Praia,Africa,Western Africa,,CV-->GE,CV-->GE,CV-->GE,CV-->GE,CV-->GE,CV-->GE,CV-->GE,CV-->GE,CV-->GE,CV-->GE,CV-->GE,CV-->GE,CV-->GE,CV-->GE,CV-->GE,CV-->GE,CV-->GE,CV-->GE,CV-->GE,,,,,,,,,,,,,,,,,GE-->CV,GE-->CV,GE-->CV,GE-->CV,GE-->CV,GE-->CV,GE-->CV,GE-->CV,GE-->CV,GE-->CV,GE-->CV,GE-->CV,GE-->CV,GE-->CV,GE-->CV,GE-->CV,GE-->CV,GE-->CV,GE-->CV
KY,CYM,Cayman Islands,George Town,Americas,Caribbean,,KY-->GE,KY-->GE,KY-->GE,KY-->GE,KY-->GE,KY-->GE,KY-->GE,KY-->GE,KY-->GE,KY-->GE,KY-->GE,KY-->GE,KY-->GE,KY-->GE,KY-->GE,KY-->GE,KY-->GE,KY-->GE,KY-->GE,,,,,,,,,,,,,,,,,GE-->KY,GE-->KY,GE-->KY,GE-->KY,GE-->KY,GE-->KY,GE-->KY,GE-->KY,GE-->KY,GE-->KY,GE-->KY,GE-->KY,GE-->KY,GE-->KY,GE-->KY,GE-->KY,GE-->KY,GE-->KY,GE-->KY
CF,CAF,Central African Republic,Bangui,Africa,Middle Africa,,CF-->GE,CF-->GE,CF-->GE,CF-->GE,CF-->GE,CF-->GE,CF-->GE,CF-->GE,CF-->GE,CF-->GE,CF-->GE,CF-->GE,CF-->GE,CF-->GE,CF-->GE,CF-->GE,CF-->GE,CF-->GE,CF-->GE,,,,,,,,,,,,,,,,,GE-->CF,GE-->CF,GE-->CF,GE-->CF,GE-->CF,GE-->CF,GE-->CF,GE-->CF,GE-->CF,GE-->CF,GE-->CF,GE-->CF,GE-->CF,GE-->CF,GE-->CF,GE-->CF,GE-->CF,GE-->CF,GE-->CF
TD,TCD,Chad,N'Djamena,Africa,Middle Africa,,TD-->GE,TD-->GE,TD-->GE,TD-->GE,TD-->GE,TD-->GE,TD-->GE,TD-->GE,TD-->GE,TD-->GE,TD-->GE,TD-->GE,TD-->GE,TD-->GE,TD-->GE,TD-->GE,TD-->GE,TD-->GE,TD-->GE,,,,,,,,,,,,,,,,,GE-->TD,GE-->TD,GE-->TD,GE-->TD,GE-->TD,GE-->TD,GE-->TD,GE-->TD,GE-->TD,GE-->TD,GE-->TD,GE-->TD,GE-->TD,GE-->TD,GE-->TD,GE-->TD,GE-->TD,GE-->TD,GE-->TD
CL,CHL,Chile,Santiago,Americas,South America,,CL-->GE,CL-->GE,CL-->GE,CL-->GE,CL-->GE,CL-->GE,CL-->GE,CL-->GE,CL-->GE,CL-->GE,CL-->GE,CL-->GE,CL-->GE,CL-->GE,CL-->GE,CL-->GE,CL-->GE,CL-->GE,CL-->GE,,,,,,,,,,,,,,,,,GE-->CL,GE-->CL,GE-->CL,GE-->CL,GE-->CL,GE-->CL,GE-->CL,GE-->CL,GE-->CL,GE-->CL,GE-->CL,GE-->CL,GE-->CL,GE-->CL,GE-->CL,GE-->CL,GE-->CL,GE-->CL,GE-->CL
CN,CHN,China,Beijing,Asia,Eastern Asia,,CN-->GE,CN-->GE,CN-->GE,CN-->GE,CN-->GE,CN-->GE,CN-->GE,CN-->GE,CN-->GE,CN-->GE,CN-->GE,CN-->GE,CN-->GE,CN-->GE,CN-->GE,CN-->GE,CN-->GE,CN-->GE,CN-->GE,,,,,,,,,,,,,,,,,GE-->CN,GE-->CN,GE-->CN,GE-->CN,GE-->CN,GE-->CN,GE-->CN,GE-->CN,GE-->CN,GE-->CN,GE-->CN,GE-->CN,GE-->CN,GE-->CN,GE-->CN,GE-->CN,GE-->CN,GE-->CN,GE-->CN
CX,CXR,Christmas Island,Flying Fish Cove,Oceania,Australia and New Zealand,,CX-->GE,CX-->GE,CX-->GE,CX-->GE,CX-->GE,CX-->GE,CX-->GE,CX-->GE,CX-->GE,CX-->GE,CX-->GE,CX-->GE,CX-->GE,CX-->GE,CX-->GE,CX-->GE,CX-->GE,CX-->GE,CX-->GE,,,,,,,,,,,,,,,,,GE-->CX,GE-->CX,GE-->CX,GE-->CX,GE-->CX,GE-->CX,GE-->CX,GE-->CX,GE-->CX,GE-->CX,GE-->CX,GE-->CX,GE-->CX,GE-->CX,GE-->CX,GE-->CX,GE-->CX,GE-->CX,GE-->CX
CC,CCK,Cocos (Keeling) Islands,West Island,Oceania,Australia and New Zealand,,CC-->GE,CC-->GE,CC-->GE,CC-->GE,CC-->GE,CC-->GE,CC-->GE,CC-->GE,CC-->GE,CC-->GE,CC-->GE,CC-->GE,CC-->GE,CC-->GE,CC-->GE,CC-->GE,CC-->GE,CC-->GE,CC-->GE,,,,,,,,,,,,,,,,,GE-->CC,GE-->CC,GE-->CC,GE-->CC,GE-->CC,GE-->CC,GE-->CC,GE-->CC,GE-->CC,GE-->CC,GE-->CC,GE-->CC,GE-->CC,GE-->CC,GE-->CC,GE-->CC,GE-->CC,GE-->CC,GE-->CC
CO,COL,Colombia,Bogotá,Americas,South America,,CO-->GE,CO-->GE,CO-->GE,CO-->GE,CO-->GE,CO-->GE,CO-->GE,CO-->GE,CO-->GE,CO-->GE,CO-->GE,CO-->GE,CO-->GE,CO-->GE,CO-->GE,CO-->GE,CO-->GE,CO-->GE,CO-->GE,,,,,,,,,,,,,,,,,GE-->CO,GE-->CO,GE-->CO,GE-->CO,GE-->CO,GE-->CO,GE-->CO,GE-->CO,GE-->CO,GE-->CO,GE-->CO,GE-->CO,GE-->CO,GE-->CO,GE-->CO,GE-->CO,GE-->CO,GE-->CO,GE-->CO
KM,COM,Comoros,Moroni,Africa,Eastern Africa,,KM-->GE,KM-->GE,KM-->GE,KM-->GE,KM-->GE,KM-->GE,KM-->GE,KM-->GE,KM-->GE,KM-->GE,KM-->GE,KM-->GE,KM-->GE,KM-->GE,KM-->GE,KM-->GE,KM-->GE,KM-->GE,KM-->GE,,,,,,,,,,,,,,,,,GE-->KM,GE-->KM,GE-->KM,GE-->KM,GE-->KM,GE-->KM,GE-->KM,GE-->KM,GE-->KM,GE-->KM,GE-->KM,GE-->KM,GE-->KM,GE-->KM,GE-->KM,GE-->KM,GE-->KM,GE-->KM,GE-->KM
CG,COG,Republic of the Congo,Brazzaville,Africa,Middle Africa,,CG-->GE,CG-->GE,CG-->GE,CG-->GE,CG-->GE,CG-->GE,CG-->GE,CG-->GE,CG-->GE,CG-->GE,CG-->GE,CG-->GE,CG-->GE,CG-->GE,CG-->GE,CG-->GE,CG-->GE,CG-->GE,CG-->GE,,,,,,,,,,,,,,,,,GE-->CG,GE-->CG,GE-->CG,GE-->CG,GE-->CG,GE-->CG,GE-->CG,GE-->CG,GE-->CG,GE-->CG,GE-->CG,GE-->CG,GE-->CG,GE-->CG,GE-->CG,GE-->CG,GE-->CG,GE-->CG,GE-->CG
CD,COD,Democratic Republic of the Congo,Kinshasa,Africa,Middle Africa,,CD-->GE,CD-->GE,CD-->GE,CD-->GE,CD-->GE,CD-->GE,CD-->GE,CD-->GE,CD-->GE,CD-->GE,CD-->GE,CD-->GE,CD-->GE,CD-->GE,CD-->GE,CD-->GE,CD-->GE,CD-->GE,CD-->GE,,,,,,,,,,,,,,,,,GE-->CD,GE-->CD,GE-->CD,GE-->CD,GE-->CD,GE-->CD,GE-->CD,GE-->CD,GE-->CD,GE-->CD,GE-->CD,GE-->CD,GE-->CD,GE-->CD,GE-->CD,GE-->CD,GE-->CD,GE-->CD,GE-->CD
CK,COK,Cook Islands,Avarua,Oceania,Polynesia,,CK-->GE,CK-->GE,CK-->GE,CK-->GE,CK-->GE,CK-->GE,CK-->GE,CK-->GE,CK-->GE,CK-->GE,CK-->GE,CK-->GE,CK-->GE,CK-->GE,CK-->GE,CK-->GE,CK-->GE,CK-->GE,CK-->GE,,,,,,,,,,,,,,,,,GE-->CK,GE-->CK,GE-->CK,GE-->CK,GE-->CK,GE-->CK,GE-->CK,GE-->CK,GE-->CK,GE-->CK,GE-->CK,GE-->CK,GE-->CK,GE-->CK,GE-->CK,GE-->CK,GE-->CK,GE-->CK,GE-->CK
CR,CRI,Costa Rica,San José,Americas,Central America,,CR-->GE,CR-->GE,CR-->GE,CR-->GE,CR-->GE,CR-->GE,CR-->GE,CR-->GE,CR-->GE,CR-->GE,CR-->GE,CR-->GE,CR-->GE,CR-->GE,CR-->GE,CR-->GE,CR-->GE,CR-->GE,CR-->GE,,,,,,,,,,,,,,,,,GE-->CR,GE-->CR,GE-->CR,GE-->CR,GE-->CR,GE-->CR,GE-->CR,GE-->CR,GE-->CR,GE-->CR,GE-->CR,GE-->CR,GE-->CR,GE-->CR,GE-->CR,GE-->CR,GE-->CR,GE-->CR,GE-->CR
HR,HRV,Croatia,Zagreb,Europe,Southern Europe,,HR-->GE,HR-->GE,HR-->GE,HR-->GE,HR-->GE,HR-->GE,HR-->GE,HR-->GE,HR-->GE,HR-->GE,HR-->GE,HR-->GE,HR-->GE,HR-->GE,HR-->GE,HR-->GE,HR-->GE,HR-->GE,HR-->GE,,,,,,,,,,,,,,,,,GE-->HR,GE-->HR,GE-->HR,GE-->HR,GE-->HR,GE-->HR,GE-->HR,GE-->HR,GE-->HR,GE-->HR,GE-->HR,GE-->HR,GE-->HR,GE-->HR,GE-->HR,GE-->HR,GE-->HR,GE-->HR,GE-->HR
CU,CUB,Cuba,Havana,Americas,Caribbean,,CU-->GE,CU-->GE,CU-->GE,CU-->GE,CU-->GE,CU-->GE,CU-->GE,CU-->GE,CU-->GE,CU-->GE,CU-->GE,CU-->GE,CU-->GE,CU-->GE,CU-->GE,CU-->GE,CU-->GE,CU-->GE,CU-->GE,,,,,,,,,,,,,,,,,GE-->CU,GE-->CU,GE-->CU,GE-->CU,GE-->CU,GE-->CU,GE-->CU,GE-->CU,GE-->CU,GE-->CU,GE-->CU,GE-->CU,GE-->CU,GE-->CU,GE-->CU,GE-->CU,GE-->CU,GE-->CU,GE-->CU
CW,CUW,Curaçao,Willemstad,Americas,Caribbean,,CW-->GE,CW-->GE,CW-->GE,CW-->GE,CW-->GE,CW-->GE,CW-->GE,CW-->GE,CW-->GE,CW-->GE,CW-->GE,CW-->GE,CW-->GE,CW-->GE,CW-->GE,CW-->GE,CW-->GE,CW-->GE,CW-->GE,,,,,,,,,,,,,,,,,GE-->CW,GE-->CW,GE-->CW,GE-->CW,GE-->CW,GE-->CW,GE-->CW,GE-->CW,GE-->CW,GE-->CW,GE-->CW,GE-->CW,GE-->CW,GE-->CW,GE-->CW,GE-->CW,GE-->CW,GE-->CW,GE-->CW
CY,CYP,Cyprus,Nicosia,Europe,Southern Europe,,CY-->GE,CY-->GE,CY-->GE,CY-->GE,CY-->GE,CY-->GE,CY-->GE,CY-->GE,CY-->GE,CY-->GE,CY-->GE,CY-->GE,CY-->GE,CY-->GE,CY-->GE,CY-->GE,CY-->GE,CY-->GE,CY-->GE,,,,,,,,,,,,,,,,,GE-->CY,GE-->CY,GE-->CY,GE-->CY,GE-->CY,GE-->CY,GE-->CY,GE-->CY,GE-->CY,GE-->CY,GE-->CY,GE-->CY,GE-->CY,GE-->CY,GE-->CY,GE-->CY,GE-->CY,GE-->CY,GE-->CY
CZ,CZE,Czech Republic,Prague,Europe,Eastern Europe,,CZ-->GE,CZ-->GE,CZ-->GE,CZ-->GE,CZ-->GE,CZ-->GE,CZ-->GE,CZ-->GE,CZ-->GE,CZ-->GE,CZ-->GE,CZ-->GE,CZ-->GE,CZ-->GE,CZ-->GE,CZ-->GE,CZ-->GE,CZ-->GE,CZ-->GE,,,,,,,,,,,,,,,,,GE-->CZ,GE-->CZ,GE-->CZ,GE-->CZ,GE-->CZ,GE-->CZ,GE-->CZ,GE-->CZ,GE-->CZ,GE-->CZ,GE-->CZ,GE-->CZ,GE-->CZ,GE-->CZ,GE-->CZ,GE-->CZ,GE-->CZ,GE-->CZ,GE-->CZ
DK,DNK,Denmark,Copenhagen,Europe,Northern Europe,,DK-->GE,DK-->GE,DK-->GE,DK-->GE,DK-->GE,DK-->GE,DK-->GE,DK-->GE,DK-->GE,DK-->GE,DK-->GE,DK-->GE,DK-->GE,DK-->GE,DK-->GE,DK-->GE,DK-->GE,DK-->GE,DK-->GE,,,,,,,,,,,,,,,,,GE-->DK,GE-->DK,GE-->DK,GE-->DK,GE-->DK,GE-->DK,GE-->DK,GE-->DK,GE-->DK,GE-->DK,GE-->DK,GE-->DK,GE-->DK,GE-->DK,GE-->DK,GE-->DK,GE-->DK,GE-->DK,GE-->DK
DJ,DJI,Djibouti,Djibouti,Africa,Eastern Africa,,DJ-->GE,DJ-->GE,DJ-->GE,DJ-->GE,DJ-->GE,DJ-->GE,DJ-->GE,DJ-->GE,DJ-->GE,DJ-->GE,DJ-->GE,DJ-->GE,DJ-->GE,DJ-->GE,DJ-->GE,DJ-->GE,DJ-->GE,DJ-->GE,DJ-->GE,,,,,,,,,,,,,,,,,GE-->DJ,GE-->DJ,GE-->DJ,GE-->DJ,GE-->DJ,GE-->DJ,GE-->DJ,GE-->DJ,GE-->DJ,GE-->DJ,GE-->DJ,GE-->DJ,GE-->DJ,GE-->DJ,GE-->DJ,GE-->DJ,GE-->DJ,GE-->DJ,GE-->DJ
DM,DMA,Dominica,Roseau,Americas,Caribbean,,DM-->GE,DM-->GE,DM-->GE,DM-->GE,DM-->GE,DM-->GE,DM-->GE,DM-->GE,DM-->GE,DM-->GE,DM-->GE,DM-->GE,DM-->GE,DM-->GE,DM-->GE,DM-->GE,DM-->GE,DM-->GE,DM-->GE,,,,,,,,,,,,,,,,,GE-->DM,GE-->DM,GE-->DM,GE-->DM,GE-->DM,GE-->DM,GE-->DM,GE-->DM,GE-->DM,GE-->DM,GE-->DM,GE-->DM,GE-->DM,GE-->DM,GE-->DM,GE-->DM,GE-->DM,GE-->DM,GE-->DM
DO,DOM,Dominican Republic,Santo Domingo,Americas,Caribbean,,DO-->GE,DO-->GE,DO-->GE,DO-->GE,DO-->GE,DO-->GE,DO-->GE,DO-->GE,DO-->GE,DO-->GE,DO-->GE,DO-->GE,DO-->GE,DO-->GE,DO-->GE,DO-->GE,DO-->GE,DO-->GE,DO-->GE,,,,,,,,,,,,,,,,,GE-->DO,GE-->DO,GE-->DO,GE-->DO,GE-->DO,GE-->DO,GE-->DO,GE-->DO,GE-->DO,GE-->DO,GE-->DO,GE-->DO,GE-->DO,GE-->DO,GE-->DO,GE-->DO,GE-->DO,GE-->DO,GE-->DO
EC,ECU,Ecuador,Quito,Americas,South America,,EC-->GE,EC-->GE,EC-->GE,EC-->GE,EC-->GE,EC-->GE,EC-->GE,EC-->GE,EC-->GE,EC-->GE,EC-->GE,EC-->GE,EC-->GE,EC-->GE,EC-->GE,EC-->GE,EC-->GE,EC-->GE,EC-->GE,,,,,,,,,,,,,,,,,GE-->EC,GE-->EC,GE-->EC,GE-->EC,GE-->EC,GE-->EC,GE-->EC,GE-->EC,GE-->EC,GE-->EC,GE-->EC,GE-->EC,GE-->EC,GE-->EC,GE-->EC,GE-->EC,GE-->EC,GE-->EC,GE-->EC
EG,EGY,Egypt,Cairo,Africa,Northern Africa,,EG-->GE,EG-->GE,EG-->GE,EG-->GE,EG-->GE,EG-->GE,EG-->GE,EG-->GE,EG-->GE,EG-->GE,EG-->GE,EG-->GE,EG-->GE,EG-->GE,EG-->GE,EG-->GE,EG-->GE,EG-->GE,EG-->GE,,,,,,,,,,,,,,,,,GE-->EG,GE-->EG,GE-->EG,GE-->EG,GE-->EG,GE-->EG,GE-->EG,GE-->EG,GE-->EG,GE-->EG,GE-->EG,GE-->EG,GE-->EG,GE-->EG,GE-->EG,GE-->EG,GE-->EG,GE-->EG,GE-->EG
SV,SLV,El Salvador,San Salvador,Americas,Central America,,SV-->GE,SV-->GE,SV-->GE,SV-->GE,SV-->GE,SV-->GE,SV-->GE,SV-->GE,SV-->GE,SV-->GE,SV-->GE,SV-->GE,SV-->GE,SV-->GE,SV-->GE,SV-->GE,SV-->GE,SV-->GE,SV-->GE,,,,,,,,,,,,,,,,,GE-->SV,GE-->SV,GE-->SV,GE-->SV,GE-->SV,GE-->SV,GE-->SV,GE-->SV,GE-->SV,GE-->SV,GE-->SV,GE-->SV,GE-->SV,GE-->SV,GE-->SV,GE-->SV,GE-->SV,GE-->SV,GE-->SV
GQ,GNQ,Equatorial Guinea,Malabo,Africa,Middle Africa,,GQ-->GE,GQ-->GE,GQ-->GE,GQ-->GE,GQ-->GE,GQ-->GE,GQ-->GE,GQ-->GE,GQ-->GE,GQ-->GE,GQ-->GE,GQ-->GE,GQ-->GE,GQ-->GE,GQ-->GE,GQ-->GE,GQ-->GE,GQ-->GE,GQ-->GE,,,,,,,,,,,,,,,,,GE-->GQ,GE-->GQ,GE-->GQ,GE-->GQ,GE-->GQ,GE-->GQ,GE-->GQ,GE-->GQ,GE-->GQ,GE-->GQ,GE-->GQ,GE-->GQ,GE-->GQ,GE-->GQ,GE-->GQ,GE-->GQ,GE-->GQ,GE-->GQ,GE-->GQ
ER,ERI,Eritrea,Asmara,Africa,Eastern Africa,,ER-->GE,ER-->GE,ER-->GE,ER-->GE,ER-->GE,ER-->GE,ER-->GE,ER-->GE,ER-->GE,ER-->GE,ER-->GE,ER-->GE,ER-->GE,ER-->GE,ER-->GE,ER-->GE,ER-->GE,ER-->GE,ER-->GE,,,,,,,,,,,,,,,,,GE-->ER,GE-->ER,GE-->ER,GE-->ER,GE-->ER,GE-->ER,GE-->ER,GE-->ER,GE-->ER,GE-->ER,GE-->ER,GE-->ER,GE-->ER,GE-->ER,GE-->ER,GE-->ER,GE-->ER,GE-->ER,GE-->ER
EE,EST,Estonia,Tallinn,Europe,Northern Europe,,EE-->GE,EE-->GE,EE-->GE,EE-->GE,EE-->GE,EE-->GE,EE-->GE,EE-->GE,EE-->GE,EE-->GE,EE-->GE,EE-->GE,EE-->GE,EE-->GE,EE-->GE,EE-->GE,EE-->GE,EE-->GE,EE-->GE,,,,,,,,,,,,,,,,,GE-->EE,GE-->EE,GE-->EE,GE-->EE,GE-->EE,GE-->EE,GE-->EE,GE-->EE,GE-->EE,GE-->EE,GE-->EE,GE-->EE,GE-->EE,GE-->EE,GE-->EE,GE-->EE,GE-->EE,GE-->EE,GE-->EE
ET,ETH,Ethiopia,Addis Ababa,Africa,Eastern Africa,,ET-->GE,ET-->GE,ET-->GE,ET-->GE,ET-->GE,ET-->GE,ET-->GE,ET-->GE,ET-->GE,ET-->GE,ET-->GE,ET-->GE,ET-->GE,ET-->GE,ET-->GE,ET-->GE,ET-->GE,ET-->GE,ET-->GE,,,,,,,,,,,,,,,,,GE-->ET,GE-->ET,GE-->ET,GE-->ET,GE-->ET,GE-->ET,GE-->ET,GE-->ET,GE-->ET,GE-->ET,GE-->ET,GE-->ET,GE-->ET,GE-->ET,GE-->ET,GE-->ET,GE-->ET,GE-->ET,GE-->ET
FK,FLK,Falkland Islands,Stanley,Americas,South America,,FK-->GE,FK-->GE,FK-->GE,FK-->GE,FK-->GE,FK-->GE,FK-->GE,FK-->GE,FK-->GE,FK-->GE,FK-->GE,FK-->GE,FK-->GE,FK-->GE,FK-->GE,FK-->GE,FK-->GE,FK-->GE,FK-->GE,,,,,,,,,,,,,,,,,GE-->FK,GE-->FK,GE-->FK,GE-->FK,GE-->FK,GE-->FK,GE-->FK,GE-->FK,GE-->FK,GE-->FK,GE-->FK,GE-->FK,GE-->FK,GE-->FK,GE-->FK,GE-->FK,GE-->FK,GE-->FK,GE-->FK
FO,FRO,Faroe Islands,Tórshavn,Europe,Northern Europe,,FO-->GE,FO-->GE,FO-->GE,FO-->GE,FO-->GE,FO-->GE,FO-->GE,FO-->GE,FO-->GE,FO-->GE,FO-->GE,FO-->GE,FO-->GE,FO-->GE,FO-->GE,FO-->GE,FO-->GE,FO-->GE,FO-->GE,,,,,,,,,,,,,,,,,GE-->FO,GE-->FO,GE-->FO,GE-->FO,GE-->FO,GE-->FO,GE-->FO,GE-->FO,GE-->FO,GE-->FO,GE-->FO,GE-->FO,GE-->FO,GE-->FO,GE-->FO,GE-->FO,GE-->FO,GE-->FO,GE-->FO
FJ,FJI,Fiji,Suva,Oceania,Melanesia,,FJ-->GE,FJ-->GE,FJ-->GE,FJ-->GE,FJ-->GE,FJ-->GE,FJ-->GE,FJ-->GE,FJ-->GE,FJ-->GE,FJ-->GE,FJ-->GE,FJ-->GE,FJ-->GE,FJ-->GE,FJ-->GE,FJ-->GE,FJ-->GE,FJ-->GE,,,,,,,,,,,,,,,,,GE-->FJ,GE-->FJ,GE-->FJ,GE-->FJ,GE-->FJ,GE-->FJ,GE-->FJ,GE-->FJ,GE-->FJ,GE-->FJ,GE-->FJ,GE-->FJ,GE-->FJ,GE-->FJ,GE-->FJ,GE-->FJ,GE-->FJ,GE-->FJ,GE-->FJ
FI,FIN,Finland,Helsinki,Europe,Northern Europe,,FI-->GE,FI-->GE,FI-->GE,FI-->GE,FI-->GE,FI-->GE,FI-->GE,FI-->GE,FI-->GE,FI-->GE,FI-->GE,FI-->GE,FI-->GE,FI-->GE,FI-->GE,FI-->GE,FI-->GE,FI-->GE,FI-->GE,,,,,,,,,,,,,,,,,GE-->FI,GE-->FI,GE-->FI,GE-->FI,GE-->FI,GE-->FI,GE-->FI,GE-->FI,GE-->FI,GE-->FI,GE-->FI,GE-->FI,GE-->FI,GE-->FI,GE-->FI,GE-->FI,GE-->FI,GE-->FI,GE-->FI
FR,FRA,France,Paris,Europe,Western Europe,,FR-->GE,FR-->GE,FR-->GE,FR-->GE,FR-->GE,FR-->GE,FR-->GE,FR-->GE,FR-->GE,FR-->GE,FR-->GE,FR-->GE,FR-->GE,FR-->GE,FR-->GE,FR-->GE,FR-->GE,FR-->GE,FR-->GE,,,,,,,,,,,,,,,,,GE-->FR,GE-->FR,GE-->FR,GE-->FR,GE-->FR,GE-->FR,GE-->FR,GE-->FR,GE-->FR,GE-->FR,GE-->FR,GE-->FR,GE-->FR,GE-->FR,GE-->FR,GE-->FR,GE-->FR,GE-->FR,GE-->FR
GF,GUF,French Guiana,Cayenne,Americas,South America,,GF-->GE,GF-->GE,GF-->GE,GF-->GE,GF-->GE,GF-->GE,GF-->GE,GF-->GE,GF-->GE,GF-->GE,GF-->GE,GF-->GE,GF-->GE,GF-->GE,GF-->GE,GF-->GE,GF-->GE,GF-->GE,GF-->GE,,,,,,,,,,,,,,,,,GE-->GF,GE-->GF,GE-->GF,GE-->GF,GE-->GF,GE-->GF,GE-->GF,GE-->GF,GE-->GF,GE-->GF,GE-->GF,GE-->GF,GE-->GF,GE-->GF,GE-->GF,GE-->GF,GE-->GF,GE-->GF,GE-->GF
PF,PYF,French Polynesia,Papeetē,Oceania,Polynesia,,PF-->GE,PF-->GE,PF-->GE,PF-->GE,PF-->GE,PF-->GE,PF-->GE,PF-->GE,PF-->GE,PF-->GE,PF-->GE,PF-->GE,PF-->GE,PF-->GE,PF-->GE,PF-->GE,PF-->GE,PF-->GE,PF-->GE,,,,,,,,,,,,,,,,,GE-->PF,GE-->PF,GE-->PF,GE-->PF,GE-->PF,GE-->PF,GE-->PF,GE-->PF,GE-->PF,GE-->PF,GE-->PF,GE-->PF,GE-->PF,GE-->PF,GE-->PF,GE-->PF,GE-->PF,GE-->PF,GE-->PF
TF,ATF,French Southern and Antarctic Lands,Port-aux-Français,Africa,Southern Africa,,TF-->GE,TF-->GE,TF-->GE,TF-->GE,TF-->GE,TF-->GE,TF-->GE,TF-->GE,TF-->GE,TF-->GE,TF-->GE,TF-->GE,TF-->GE,TF-->GE,TF-->GE,TF-->GE,TF-->GE,TF-->GE,TF-->GE,,,,,,,,,,,,,,,,,GE-->TF,GE-->TF,GE-->TF,GE-->TF,GE-->TF,GE-->TF,GE-->TF,GE-->TF,GE-->TF,GE-->TF,GE-->TF,GE-->TF,GE-->TF,GE-->TF,GE-->TF,GE-->TF,GE-->TF,GE-->TF,GE-->TF
GA,GAB,Gabon,Libreville,Africa,Middle Africa,,GA-->GE,GA-->GE,GA-->GE,GA-->GE,GA-->GE,GA-->GE,GA-->GE,GA-->GE,GA-->GE,GA-->GE,GA-->GE,GA-->GE,GA-->GE,GA-->GE,GA-->GE,GA-->GE,GA-->GE,GA-->GE,GA-->GE,,,,,,,,,,,,,,,,,GE-->GA,GE-->GA,GE-->GA,GE-->GA,GE-->GA,GE-->GA,GE-->GA,GE-->GA,GE-->GA,GE-->GA,GE-->GA,GE-->GA,GE-->GA,GE-->GA,GE-->GA,GE-->GA,GE-->GA,GE-->GA,GE-->GA
GM,GMB,The Gambia,Banjul,Africa,Western Africa,,GM-->GE,GM-->GE,GM-->GE,GM-->GE,GM-->GE,GM-->GE,GM-->GE,GM-->GE,GM-->GE,GM-->GE,GM-->GE,GM-->GE,GM-->GE,GM-->GE,GM-->GE,GM-->GE,GM-->GE,GM-->GE,GM-->GE,,,,,,,,,,,,,,,,,GE-->GM,GE-->GM,GE-->GM,GE-->GM,GE-->GM,GE-->GM,GE-->GM,GE-->GM,GE-->GM,GE-->GM,GE-->GM,GE-->GM,GE-->GM,GE-->GM,GE-->GM,GE-->GM,GE-->GM,GE-->GM,GE-->GM
GE,GEO,Georgia,Tbilisi,Asia,Western Asia,,GE-->GE,GE-->GE,GE-->GE,GE-->GE,GE-->GE,GE-->GE,GE-->GE,GE-->GE,GE-->GE,GE-->GE,GE-->GE,GE-->GE,GE-->GE,GE-->GE,GE-->GE,GE-->GE,GE-->GE,GE-->GE,GE-->GE,,,,,,,,,,,,,,,,,GE-->GE,GE-->GE,GE-->GE,GE-->GE,GE-->GE,GE-->GE,GE-->GE,GE-->GE,GE-->GE,GE-->GE,GE-->GE,GE-->GE,GE-->GE,GE-->GE,GE-->GE,GE-->GE,GE-->GE,GE-->GE,GE-->GE
DE,DEU,Germany,Berlin,Europe,Western Europe,,DE-->GE,DE-->GE,DE-->GE,DE-->GE,DE-->GE,DE-->GE,DE-->GE,DE-->GE,DE-->GE,DE-->GE,DE-->GE,DE-->GE,DE-->GE,DE-->GE,DE-->GE,DE-->GE,DE-->GE,DE-->GE,DE-->GE,,,,,,,,,,,,,,,,,GE-->DE,GE-->DE,GE-->DE,GE-->DE,GE-->DE,GE-->DE,GE-->DE,GE-->DE,GE-->DE,GE-->DE,GE-->DE,GE-->DE,GE-->DE,GE-->DE,GE-->DE,GE-->DE,GE-->DE,GE-->DE,GE-->DE
GH,GHA,Ghana,Accra,Africa,Western Africa,,GH-->GE,GH-->GE,GH-->GE,GH-->GE,GH-->GE,GH-->GE,GH-->GE,GH-->GE,GH-->GE,GH-->GE,GH-->GE,GH-->GE,GH-->GE,GH-->GE,GH-->GE,GH-->GE,GH-->GE,GH-->GE,GH-->GE,,,,,,,,,,,,,,,,,GE-->GH,GE-->GH,GE-->GH,GE-->GH,GE-->GH,GE-->GH,GE-->GH,GE-->GH,GE-->GH,GE-->GH,GE-->GH,GE-->GH,GE-->GH,GE-->GH,GE-->GH,GE-->GH,GE-->GH,GE-->GH,GE-->GH
GI,GIB,Gibraltar,Gibraltar,Europe,Southern Europe,,GI-->GE,GI-->GE,GI-->GE,GI-->GE,GI-->GE,GI-->GE,GI-->GE,GI-->GE,GI-->GE,GI-->GE,GI-->GE,GI-->GE,GI-->GE,GI-->GE,GI-->GE,GI-->GE,GI-->GE,GI-->GE,GI-->GE,,,,,,,,,,,,,,,,,GE-->GI,GE-->GI,GE-->GI,GE-->GI,GE-->GI,GE-->GI,GE-->GI,GE-->GI,GE-->GI,GE-->GI,GE-->GI,GE-->GI,GE-->GI,GE-->GI,GE-->GI,GE-->GI,GE-->GI,GE-->GI,GE-->GI
GR,GRC,Greece,Athens,Europe,Southern Europe,,GR-->GE,GR-->GE,GR-->GE,GR-->GE,GR-->GE,GR-->GE,GR-->GE,GR-->GE,GR-->GE,GR-->GE,GR-->GE,GR-->GE,GR-->GE,GR-->GE,GR-->GE,GR-->GE,GR-->GE,GR-->GE,GR-->GE,,,,,,,,,,,,,,,,,GE-->GR,GE-->GR,GE-->GR,GE-->GR,GE-->GR,GE-->GR,GE-->GR,GE-->GR,GE-->GR,GE-->GR,GE-->GR,GE-->GR,GE-->GR,GE-->GR,GE-->GR,GE-->GR,GE-->GR,GE-->GR,GE-->GR
GL,GRL,Greenland,Nuuk,Americas,Northern America,,GL-->GE,GL-->GE,GL-->GE,GL-->GE,GL-->GE,GL-->GE,GL-->GE,GL-->GE,GL-->GE,GL-->GE,GL-->GE,GL-->GE,GL-->GE,GL-->GE,GL-->GE,GL-->GE,GL-->GE,GL-->GE,GL-->GE,,,,,,,,,,,,,,,,,GE-->GL,GE-->GL,GE-->GL,GE-->GL,GE-->GL,GE-->GL,GE-->GL,GE-->GL,GE-->GL,GE-->GL,GE-->GL,GE-->GL,GE-->GL,GE-->GL,GE-->GL,GE-->GL,GE-->GL,GE-->GL,GE-->GL
GD,GRD,Grenada,St. George's,Americas,Caribbean,,GD-->GE,GD-->GE,GD-->GE,GD-->GE,GD-->GE,GD-->GE,GD-->GE,GD-->GE,GD-->GE,GD-->GE,GD-->GE,GD-->GE,GD-->GE,GD-->GE,GD-->GE,GD-->GE,GD-->GE,GD-->GE,GD-->GE,,,,,,,,,,,,,,,,,GE-->GD,GE-->GD,GE-->GD,GE-->GD,GE-->GD,GE-->GD,GE-->GD,GE-->GD,GE-->GD,GE-->GD,GE-->GD,GE-->GD,GE-->GD,GE-->GD,GE-->GD,GE-->GD,GE-->GD,GE-->GD,GE-->GD
GP,GLP,Guadeloupe,Basse-Terre,Americas,Caribbean,,GP-->GE,GP-->GE,GP-->GE,GP-->GE,GP-->GE,GP-->GE,GP-->GE,GP-->GE,GP-->GE,GP-->GE,GP-->GE,GP-->GE,GP-->GE,GP-->GE,GP-->GE,GP-->GE,GP-->GE,GP-->GE,GP-->GE,,,,,,,,,,,,,,,,,GE-->GP,GE-->GP,GE-->GP,GE-->GP,GE-->GP,GE-->GP,GE-->GP,GE-->GP,GE-->GP,GE-->GP,GE-->GP,GE-->GP,GE-->GP,GE-->GP,GE-->GP,GE-->GP,GE-->GP,GE-->GP,GE-->GP
GU,GUM,Guam,Hagåtña,Oceania,Micronesia,,GU-->GE,GU-->GE,GU-->GE,GU-->GE,GU-->GE,GU-->GE,GU-->GE,GU-->GE,GU-->GE,GU-->GE,GU-->GE,GU-->GE,GU-->GE,GU-->GE,GU-->GE,GU-->GE,GU-->GE,GU-->GE,GU-->GE,,,,,,,,,,,,,,,,,GE-->GU,GE-->GU,GE-->GU,GE-->GU,GE-->GU,GE-->GU,GE-->GU,GE-->GU,GE-->GU,GE-->GU,GE-->GU,GE-->GU,GE-->GU,GE-->GU,GE-->GU,GE-->GU,GE-->GU,GE-->GU,GE-->GU
GT,GTM,Guatemala,Guatemala City,Americas,Central America,,GT-->GE,GT-->GE,GT-->GE,GT-->GE,GT-->GE,GT-->GE,GT-->GE,GT-->GE,GT-->GE,GT-->GE,GT-->GE,GT-->GE,GT-->GE,GT-->GE,GT-->GE,GT-->GE,GT-->GE,GT-->GE,GT-->GE,,,,,,,,,,,,,,,,,GE-->GT,GE-->GT,GE-->GT,GE-->GT,GE-->GT,GE-->GT,GE-->GT,GE-->GT,GE-->GT,GE-->GT,GE-->GT,GE-->GT,GE-->GT,GE-->GT,GE-->GT,GE-->GT,GE-->GT,GE-->GT,GE-->GT
GG,GGY,Guernsey,St. Peter Port,Europe,Northern Europe,,GG-->GE,GG-->GE,GG-->GE,GG-->GE,GG-->GE,GG-->GE,GG-->GE,GG-->GE,GG-->GE,GG-->GE,GG-->GE,GG-->GE,GG-->GE,GG-->GE,GG-->GE,GG-->GE,GG-->GE,GG-->GE,GG-->GE,,,,,,,,,,,,,,,,,GE-->GG,GE-->GG,GE-->GG,GE-->GG,GE-->GG,GE-->GG,GE-->GG,GE-->GG,GE-->GG,GE-->GG,GE-->GG,GE-->GG,GE-->GG,GE-->GG,GE-->GG,GE-->GG,GE-->GG,GE-->GG,GE-->GG
GN,GIN,Guinea,Conakry,Africa,Western Africa,,GN-->GE,GN-->GE,GN-->GE,GN-->GE,GN-->GE,GN-->GE,GN-->GE,GN-->GE,GN-->GE,GN-->GE,GN-->GE,GN-->GE,GN-->GE,GN-->GE,GN-->GE,GN-->GE,GN-->GE,GN-->GE,GN-->GE,,,,,,,,,,,,,,,,,GE-->GN,GE-->GN,GE-->GN,GE-->GN,GE-->GN,GE-->GN,GE-->GN,GE-->GN,GE-->GN,GE-->GN,GE-->GN,GE-->GN,GE-->GN,GE-->GN,GE-->GN,GE-->GN,GE-->GN,GE-->GN,GE-->GN
GW,GNB,Guinea-Bissau,Bissau,Africa,Western Africa,,GW-->GE,GW-->GE,GW-->GE,GW-->GE,GW-->GE,GW-->GE,GW-->GE,GW-->GE,GW-->GE,GW-->GE,GW-->GE,GW-->GE,GW-->GE,GW-->GE,GW-->GE,GW-->GE,GW-->GE,GW-->GE,GW-->GE,,,,,,,,,,,,,,,,,GE-->GW,GE-->GW,GE-->GW,GE-->GW,GE-->GW,GE-->GW,GE-->GW,GE-->GW,GE-->GW,GE-->GW,GE-->GW,GE-->GW,GE-->GW,GE-->GW,GE-->GW,GE-->GW,GE-->GW,GE-->GW,GE-->GW
GY,GUY,Guyana,Georgetown,Americas,South America,,GY-->GE,GY-->GE,GY-->GE,GY-->GE,GY-->GE,GY-->GE,GY-->GE,GY-->GE,GY-->GE,GY-->GE,GY-->GE,GY-->GE,GY-->GE,GY-->GE,GY-->GE,GY-->GE,GY-->GE,GY-->GE,GY-->GE,,,,,,,,,,,,,,,,,GE-->GY,GE-->GY,GE-->GY,GE-->GY,GE-->GY,GE-->GY,GE-->GY,GE-->GY,GE-->GY,GE-->GY,GE-->GY,GE-->GY,GE-->GY,GE-->GY,GE-->GY,GE-->GY,GE-->GY,GE-->GY,GE-->GY
HT,HTI,Haiti,Port-au-Prince,Americas,Caribbean,,HT-->GE,HT-->GE,HT-->GE,HT-->GE,HT-->GE,HT-->GE,HT-->GE,HT-->GE,HT-->GE,HT-->GE,HT-->GE,HT-->GE,HT-->GE,HT-->GE,HT-->GE,HT-->GE,HT-->GE,HT-->GE,HT-->GE,,,,,,,,,,,,,,,,,GE-->HT,GE-->HT,GE-->HT,GE-->HT,GE-->HT,GE-->HT,GE-->HT,GE-->HT,GE-->HT,GE-->HT,GE-->HT,GE-->HT,GE-->HT,GE-->HT,GE-->HT,GE-->HT,GE-->HT,GE-->HT,GE-->HT
HM,HMD,Heard Island and McDonald Islands,,,,,HM-->GE,HM-->GE,HM-->GE,HM-->GE,HM-->GE,HM-->GE,HM-->GE,HM-->GE,HM-->GE,HM-->GE,HM-->GE,HM-->GE,HM-->GE,HM-->GE,HM-->GE,HM-->GE,HM-->GE,HM-->GE,HM-->GE,,,,,,,,,,,,,,,,,GE-->HM,GE-->HM,GE-->HM,GE-->HM,GE-->HM,GE-->HM,GE-->HM,GE-->HM,GE-->HM,GE-->HM,GE-->HM,GE-->HM,GE-->HM,GE-->HM,GE-->HM,GE-->HM,GE-->HM,GE-->HM,GE-->HM
VA,VAT,Holy See,Rome,Europe,Southern Europe,,VA-->GE,VA-->GE,VA-->GE,VA-->GE,VA-->GE,VA-->GE,VA-->GE,VA-->GE,VA-->GE,VA-->GE,VA-->GE,VA-->GE,VA-->GE,VA-->GE,VA-->GE,VA-->GE,VA-->GE,VA-->GE,VA-->GE,,,,,,,,,,,,,,,,,GE-->VA,GE-->VA,GE-->VA,GE-->VA,GE-->VA,GE-->VA,GE-->VA,GE-->VA,GE-->VA,GE-->VA,GE-->VA,GE-->VA,GE-->VA,GE-->VA,GE-->VA,GE-->VA,GE-->VA,GE-->VA,GE-->VA
HN,HND,Honduras,Tegucigalpa,Americas,Central America,,HN-->GE,HN-->GE,HN-->GE,HN-->GE,HN-->GE,HN-->GE,HN-->GE,HN-->GE,HN-->GE,HN-->GE,HN-->GE,HN-->GE,HN-->GE,HN-->GE,HN-->GE,HN-->GE,HN-->GE,HN-->GE,HN-->GE,,,,,,,,,,,,,,,,,GE-->HN,GE-->HN,GE-->HN,GE-->HN,GE-->HN,GE-->HN,GE-->HN,GE-->HN,GE-->HN,GE-->HN,GE-->HN,GE-->HN,GE-->HN,GE-->HN,GE-->HN,GE-->HN,GE-->HN,GE-->HN,GE-->HN
HK,HKG,Hong Kong,City of Victoria,Asia,Eastern Asia,,HK-->GE,HK-->GE,HK-->GE,HK-->GE,HK-->GE,HK-->GE,HK-->GE,HK-->GE,HK-->GE,HK-->GE,HK-->GE,HK-->GE,HK-->GE,HK-->GE,HK-->GE,HK-->GE,HK-->GE,HK-->GE,HK-->GE,,,,,,,,,,,,,,,,,GE-->HK,GE-->HK,GE-->HK,GE-->HK,GE-->HK,GE-->HK,GE-->HK,GE-->HK,GE-->HK,GE-->HK,GE-->HK,GE-->HK,GE-->HK,GE-->HK,GE-->HK,GE-->HK,GE-->HK,GE-->HK,GE-->HK
HU,HUN,Hungary,Budapest,Europe,Eastern Europe,,HU-->GE,HU-->GE,HU-->GE,HU-->GE,HU-->GE,HU-->GE,HU-->GE,HU-->GE,HU-->GE,HU-->GE,HU-->GE,HU-->GE,HU-->GE,HU-->GE,HU-->GE,HU-->GE,HU-->GE,HU-->GE,HU-->GE,,,,,,,,,,,,,,,,,GE-->HU,GE-->HU,GE-->HU,GE-->HU,GE-->HU,GE-->HU,GE-->HU,GE-->HU,GE-->HU,GE-->HU,GE-->HU,GE-->HU,GE-->HU,GE-->HU,GE-->HU,GE-->HU,GE-->HU,GE-->HU,GE-->HU
IS,ISL,Iceland,Reykjavík,Europe,Northern Europe,,IS-->GE,IS-->GE,IS-->GE,IS-->GE,IS-->GE,IS-->GE,IS-->GE,IS-->GE,IS-->GE,IS-->GE,IS-->GE,IS-->GE,IS-->GE,IS-->GE,IS-->GE,IS-->GE,IS-->GE,IS-->GE,IS-->GE,,,,,,,,,,,,,,,,,GE-->IS,GE-->IS,GE-->IS,GE-->IS,GE-->IS,GE-->IS,GE-->IS,GE-->IS,GE-->IS,GE-->IS,GE-->IS,GE-->IS,GE-->IS,GE-->IS,GE-->IS,GE-->IS,GE-->IS,GE-->IS,GE-->IS
IN,IND,India,New Delhi,Asia,Southern Asia,,IN-->GE,IN-->GE,IN-->GE,IN-->GE,IN-->GE,IN-->GE,IN-->GE,IN-->GE,IN-->GE,IN-->GE,IN-->GE,IN-->GE,IN-->GE,IN-->GE,IN-->GE,IN-->GE,IN-->GE,IN-->GE,IN-->GE,,,,,,,,,,,,,,,,,GE-->IN,GE-->IN,GE-->IN,GE-->IN,GE-->IN,GE-->IN,GE-->IN,GE-->IN,GE-->IN,GE-->IN,GE-->IN,GE-->IN,GE-->IN,GE-->IN,GE-->IN,GE-->IN,GE-->IN,GE-->IN,GE-->IN
ID,IDN,Indonesia,Jakarta,Asia,South-Eastern Asia,,ID-->GE,ID-->GE,ID-->GE,ID-->GE,ID-->GE,ID-->GE,ID-->GE,ID-->GE,ID-->GE,ID-->GE,ID-->GE,ID-->GE,ID-->GE,ID-->GE,ID-->GE,ID-->GE,ID-->GE,ID-->GE,ID-->GE,,,,,,,,,,,,,,,,,GE-->ID,GE-->ID,GE-->ID,GE-->ID,GE-->ID,GE-->ID,GE-->ID,GE-->ID,GE-->ID,GE-->ID,GE-->ID,GE-->ID,GE-->ID,GE-->ID,GE-->ID,GE-->ID,GE-->ID,GE-->ID,GE-->ID
CI,CIV,Ivory Coast,Yamoussoukro,Africa,Western Africa,,CI-->GE,CI-->GE,CI-->GE,CI-->GE,CI-->GE,CI-->GE,CI-->GE,CI-->GE,CI-->GE,CI-->GE,CI-->GE,CI-->GE,CI-->GE,CI-->GE,CI-->GE,CI-->GE,CI-->GE,CI-->GE,CI-->GE,,,,,,,,,,,,,,,,,GE-->CI,GE-->CI,GE-->CI,GE-->CI,GE-->CI,GE-->CI,GE-->CI,GE-->CI,GE-->CI,GE-->CI,GE-->CI,GE-->CI,GE-->CI,GE-->CI,GE-->CI,GE-->CI,GE-->CI,GE-->CI,GE-->CI
IR,IRN,Iran,Tehran,Asia,Southern Asia,,IR-->GE,IR-->GE,IR-->GE,IR-->GE,IR-->GE,IR-->GE,IR-->GE,IR-->GE,IR-->GE,IR-->GE,IR-->GE,IR-->GE,IR-->GE,IR-->GE,IR-->GE,IR-->GE,IR-->GE,IR-->GE,IR-->GE,,,,,,,,,,,,,,,,,GE-->IR,GE-->IR,GE-->IR,GE-->IR,GE-->IR,GE-->IR,GE-->IR,GE-->IR,GE-->IR,GE-->IR,GE-->IR,GE-->IR,GE-->IR,GE-->IR,GE-->IR,GE-->IR,GE-->IR,GE-->IR,GE-->IR
IQ,IRQ,Iraq,Baghdad,Asia,Western Asia,,IQ-->GE,IQ-->GE,IQ-->GE,IQ-->GE,IQ-->GE,IQ-->GE,IQ-->GE,IQ-->GE,IQ-->GE,IQ-->GE,IQ-->GE,IQ-->GE,IQ-->GE,IQ-->GE,IQ-->GE,IQ-->GE,IQ-->GE,IQ-->GE,IQ-->GE,,,,,,,,,,,,,,,,,GE-->IQ,GE-->IQ,GE-->IQ,GE-->IQ,GE-->IQ,GE-->IQ,GE-->IQ,GE-->IQ,GE-->IQ,GE-->IQ,GE-->IQ,GE-->IQ,GE-->IQ,GE-->IQ,GE-->IQ,GE-->IQ,GE-->IQ,GE-->IQ,GE-->IQ
IE,IRL,Republic of Ireland,Dublin,Europe,Northern Europe,,IE-->GE,IE-->GE,IE-->GE,IE-->GE,IE-->GE,IE-->GE,IE-->GE,IE-->GE,IE-->GE,IE-->GE,IE-->GE,IE-->GE,IE-->GE,IE-->GE,IE-->GE,IE-->GE,IE-->GE,IE-->GE,IE-->GE,,,,,,,,,,,,,,,,,GE-->IE,GE-->IE,GE-->IE,GE-->IE,GE-->IE,GE-->IE,GE-->IE,GE-->IE,GE-->IE,GE-->IE,GE-->IE,GE-->IE,GE-->IE,GE-->IE,GE-->IE,GE-->IE,GE-->IE,GE-->IE,GE-->IE
IM,IMN,Isle of Man,Douglas,Europe,Northern Europe,,IM-->GE,IM-->GE,IM-->GE,IM-->GE,IM-->GE,IM-->GE,IM-->GE,IM-->GE,IM-->GE,IM-->GE,IM-->GE,IM-->GE,IM-->GE,IM-->GE,IM-->GE,IM-->GE,IM-->GE,IM-->GE,IM-->GE,,,,,,,,,,,,,,,,,GE-->IM,GE-->IM,GE-->IM,GE-->IM,GE-->IM,GE-->IM,GE-->IM,GE-->IM,GE-->IM,GE-->IM,GE-->IM,GE-->IM,GE-->IM,GE-->IM,GE-->IM,GE-->IM,GE-->IM,GE-->IM,GE-->IM
IL,ISR,Israel,Jerusalem,Asia,Western Asia,,IL-->GE,IL-->GE,IL-->GE,IL-->GE,IL-->GE,IL-->GE,IL-->GE,IL-->GE,IL-->GE,IL-->GE,IL-->GE,IL-->GE,IL-->GE,IL-->GE,IL-->GE,IL-->GE,IL-->GE,IL-->GE,IL-->GE,,,,,,,,,,,,,,,,,GE-->IL,GE-->IL,GE-->IL,GE-->IL,GE-->IL,GE-->IL,GE-->IL,GE-->IL,GE-->IL,GE-->IL,GE-->IL,GE-->IL,GE-->IL,GE-->IL,GE-->IL,GE-->IL,GE-->IL,GE-->IL,GE-->IL
IT,ITA,Italy,Rome,Europe,Southern Europe,,IT-->GE,IT-->GE,IT-->GE,IT-->GE,IT-->GE,IT-->GE,IT-->GE,IT-->GE,IT-->GE,IT-->GE,IT-->GE,IT-->GE,IT-->GE,IT-->GE,IT-->GE,IT-->GE,IT-->GE,IT-->GE,IT-->GE,,,,,,,,,,,,,,,,,GE-->IT,GE-->IT,GE-->IT,GE-->IT,GE-->IT,GE-->IT,GE-->IT,GE-->IT,GE-->IT,GE-->IT,GE-->IT,GE-->IT,GE-->IT,GE-->IT,GE-->IT,GE-->IT,GE-->IT,GE-->IT,GE-->IT
JM,JAM,Jamaica,Kingston,Americas,Caribbean,,JM-->GE,JM-->GE,JM-->GE,JM-->GE,JM-->GE,JM-->GE,JM-->GE,JM-->GE,JM-->GE,JM-->GE,JM-->GE,JM-->GE,JM-->GE,JM-->GE,JM-->GE,JM-->GE,JM-->GE,JM-->GE,JM-->GE,,,,,,,,,,,,,,,,,GE-->JM,GE-->JM,GE-->JM,GE-->JM,GE-->JM,GE-->JM,GE-->JM,GE-->JM,GE-->JM,GE-->JM,GE-->JM,GE-->JM,GE-->JM,GE-->JM,GE-->JM,GE-->JM,GE-->JM,GE-->JM,GE-->JM
JP,JPN,Japan,Tokyo,Asia,Eastern Asia,,JP-->GE,JP-->GE,JP-->GE,JP-->GE,JP-->GE,JP-->GE,JP-->GE,JP-->GE,JP-->GE,JP-->GE,JP-->GE,JP-->GE,JP-->GE,JP-->GE,JP-->GE,JP-->GE,JP-->GE,JP-->GE,JP-->GE,,,,,,,,,,,,,,,,,GE-->JP,GE-->JP,GE-->JP,GE-->JP,GE-->JP,GE-->JP,GE-->JP,GE-->JP,GE-->JP,GE-->JP,GE-->JP,GE-->JP,GE-->JP,GE-->JP,GE-->JP,GE-->JP,GE-->JP,GE-->JP,GE-->JP
JE,JEY,Jersey,Saint Helier,Europe,Northern Europe,,JE-->GE,JE-->GE,JE-->GE,JE-->GE,JE-->GE,JE-->GE,JE-->GE,JE-->GE,JE-->GE,JE-->GE,JE-->GE,JE-->GE,JE-->GE,JE-->GE,JE-->GE,JE-->GE,JE-->GE,JE-->GE,JE-->GE,,,,,,,,,,,,,,,,,GE-->JE,GE-->JE,GE-->JE,GE-->JE,GE-->JE,GE-->JE,GE-->JE,GE-->JE,GE-->JE,GE-->JE,GE-->JE,GE-->JE,GE-->JE,GE-->JE,GE-->JE,GE-->JE,GE-->JE,GE-->JE,GE-->JE
JO,JOR,Jordan,Amman,Asia,Western Asia,,JO-->GE,JO-->GE,JO-->GE,JO-->GE,JO-->GE,JO-->GE,JO-->GE,JO-->GE,JO-->GE,JO-->GE,JO-->GE,JO-->GE,JO-->GE,JO-->GE,JO-->GE,JO-->GE,JO-->GE,JO-->GE,JO-->GE,,,,,,,,,,,,,,,,,GE-->JO,GE-->JO,GE-->JO,GE-->JO,GE-->JO,GE-->JO,GE-->JO,GE-->JO,GE-->JO,GE-->JO,GE-->JO,GE-->JO,GE-->JO,GE-->JO,GE-->JO,GE-->JO,GE-->JO,GE-->JO,GE-->JO
KZ,KAZ,Kazakhstan,Astana,Asia,Central Asia,,KZ-->GE,KZ-->GE,KZ-->GE,KZ-->GE,KZ-->GE,KZ-->GE,KZ-->GE,KZ-->GE,KZ-->GE,KZ-->GE,KZ-->GE,KZ-->GE,KZ-->GE,KZ-->GE,KZ-->GE,KZ-->GE,KZ-->GE,KZ-->GE,KZ-->GE,,,,,,,,,,,,,,,,,GE-->KZ,GE-->KZ,GE-->KZ,GE-->KZ,GE-->KZ,GE-->KZ,GE-->KZ,GE-->KZ,GE-->KZ,GE-->KZ,GE-->KZ,GE-->KZ,GE-->KZ,GE-->KZ,GE-->KZ,GE-->KZ,GE-->KZ,GE-->KZ,GE-->KZ
KE,KEN,Kenya,Nairobi,Africa,Eastern Africa,,KE-->GE,KE-->GE,KE-->GE,KE-->GE,KE-->GE,KE-->GE,KE-->GE,KE-->GE,KE-->GE,KE-->GE,KE-->GE,KE-->GE,KE-->GE,KE-->GE,KE-->GE,KE-->GE,KE-->GE,KE-->GE,KE-->GE,,,,,,,,,,,,,,,,,GE-->KE,GE-->KE,GE-->KE,GE-->KE,GE-->KE,GE-->KE,GE-->KE,GE-->KE,GE-->KE,GE-->KE,GE-->KE,GE-->KE,GE-->KE,GE-->KE,GE-->KE,GE-->KE,GE-->KE,GE-->KE,GE-->KE
KI,KIR,Kiribati,South Tarawa,Oceania,Micronesia,,KI-->GE,KI-->GE,KI-->GE,KI-->GE,KI-->GE,KI-->GE,KI-->GE,KI-->GE,KI-->GE,KI-->GE,KI-->GE,KI-->GE,KI-->GE,KI-->GE,KI-->GE,KI-->GE,KI-->GE,KI-->GE,KI-->GE,,,,,,,,,,,,,,,,,GE-->KI,GE-->KI,GE-->KI,GE-->KI,GE-->KI,GE-->KI,GE-->KI,GE-->KI,GE-->KI,GE-->KI,GE-->KI,GE-->KI,GE-->KI,GE-->KI,GE-->KI,GE-->KI,GE-->KI,GE-->KI,GE-->KI
KW,KWT,Kuwait,Kuwait City,Asia,Western Asia,,KW-->GE,KW-->GE,KW-->GE,KW-->GE,KW-->GE,KW-->GE,KW-->GE,KW-->GE,KW-->GE,KW-->GE,KW-->GE,KW-->GE,KW-->GE,KW-->GE,KW-->GE,KW-->GE,KW-->GE,KW-->GE,KW-->GE,,,,,,,,,,,,,,,,,GE-->KW,GE-->KW,GE-->KW,GE-->KW,GE-->KW,GE-->KW,GE-->KW,GE-->KW,GE-->KW,GE-->KW,GE-->KW,GE-->KW,GE-->KW,GE-->KW,GE-->KW,GE-->KW,GE-->KW,GE-->KW,GE-->KW
KG,KGZ,Kyrgyzstan,Bishkek,Asia,Central Asia,,KG-->GE,KG-->GE,KG-->GE,KG-->GE,KG-->GE,KG-->GE,KG-->GE,KG-->GE,KG-->GE,KG-->GE,KG-->GE,KG-->GE,KG-->GE,KG-->GE,KG-->GE,KG-->GE,KG-->GE,KG-->GE,KG-->GE,,,,,,,,,,,,,,,,,GE-->KG,GE-->KG,GE-->KG,GE-->KG,GE-->KG,GE-->KG,GE-->KG,GE-->KG,GE-->KG,GE-->KG,GE-->KG,GE-->KG,GE-->KG,GE-->KG,GE-->KG,GE-->KG,GE-->KG,GE-->KG,GE-->KG
LA,LAO,Laos,Vientiane,Asia,South-Eastern Asia,,LA-->GE,LA-->GE,LA-->GE,LA-->GE,LA-->GE,LA-->GE,LA-->GE,LA-->GE,LA-->GE,LA-->GE,LA-->GE,LA-->GE,LA-->GE,LA-->GE,LA-->GE,LA-->GE,LA-->GE,LA-->GE,LA-->GE,,,,,,,,,,,,,,,,,GE-->LA,GE-->LA,GE-->LA,GE-->LA,GE-->LA,GE-->LA,GE-->LA,GE-->LA,GE-->LA,GE-->LA,GE-->LA,GE-->LA,GE-->LA,GE-->LA,GE-->LA,GE-->LA,GE-->LA,GE-->LA,GE-->LA
LV,LVA,Latvia,Riga,Europe,Northern Europe,,LV-->GE,LV-->GE,LV-->GE,LV-->GE,LV-->GE,LV-->GE,LV-->GE,LV-->GE,LV-->GE,LV-->GE,LV-->GE,LV-->GE,LV-->GE,LV-->GE,LV-->GE,LV-->GE,LV-->GE,LV-->GE,LV-->GE,,,,,,,,,,,,,,,,,GE-->LV,GE-->LV,GE-->LV,GE-->LV,GE-->LV,GE-->LV,GE-->LV,GE-->LV,GE-->LV,GE-->LV,GE-->LV,GE-->LV,GE-->LV,GE-->LV,GE-->LV,GE-->LV,GE-->LV,GE-->LV,GE-->LV
LB,LBN,Lebanon,Beirut,Asia,Western Asia,,LB-->GE,LB-->GE,LB-->GE,LB-->GE,LB-->GE,LB-->GE,LB-->GE,LB-->GE,LB-->GE,LB-->GE,LB-->GE,LB-->GE,LB-->GE,LB-->GE,LB-->GE,LB-->GE,LB-->GE,LB-->GE,LB-->GE,,,,,,,,,,,,,,,,,GE-->LB,GE-->LB,GE-->LB,GE-->LB,GE-->LB,GE-->LB,GE-->LB,GE-->LB,GE-->LB,GE-->LB,GE-->LB,GE-->LB,GE-->LB,GE-->LB,GE-->LB,GE-->LB,GE-->LB,GE-->LB,GE-->LB
LS,LSO,Lesotho,Maseru,Africa,Southern Africa,,LS-->GE,LS-->GE,LS-->GE,LS-->GE,LS-->GE,LS-->GE,LS-->GE,LS-->GE,LS-->GE,LS-->GE,LS-->GE,LS-->GE,LS-->GE,LS-->GE,LS-->GE,LS-->GE,LS-->GE,LS-->GE,LS-->GE,,,,,,,,,,,,,,,,,GE-->LS,GE-->LS,GE-->LS,GE-->LS,GE-->LS,GE-->LS,GE-->LS,GE-->LS,GE-->LS,GE-->LS,GE-->LS,GE-->LS,GE-->LS,GE-->LS,GE-->LS,GE-->LS,GE-->LS,GE-->LS,GE-->LS
LR,LBR,Liberia,Monrovia,Africa,Western Africa,,LR-->GE,LR-->GE,LR-->GE,LR-->GE,LR-->GE,LR-->GE,LR-->GE,LR-->GE,LR-->GE,LR-->GE,LR-->GE,LR-->GE,LR-->GE,LR-->GE,LR-->GE,LR-->GE,LR-->GE,LR-->GE,LR-->GE,,,,,,,,,,,,,,,,,GE-->LR,GE-->LR,GE-->LR,GE-->LR,GE-->LR,GE-->LR,GE-->LR,GE-->LR,GE-->LR,GE-->LR,GE-->LR,GE-->LR,GE-->LR,GE-->LR,GE-->LR,GE-->LR,GE-->LR,GE-->LR,GE-->LR
LY,LBY,Libya,Tripoli,Africa,Northern Africa,,LY-->GE,LY-->GE,LY-->GE,LY-->GE,LY-->GE,LY-->GE,LY-->GE,LY-->GE,LY-->GE,LY-->GE,LY-->GE,LY-->GE,LY-->GE,LY-->GE,LY-->GE,LY-->GE,LY-->GE,LY-->GE,LY-->GE,,,,,,,,,,,,,,,,,GE-->LY,GE-->LY,GE-->LY,GE-->LY,GE-->LY,GE-->LY,GE-->LY,GE-->LY,GE-->LY,GE-->LY,GE-->LY,GE-->LY,GE-->LY,GE-->LY,GE-->LY,GE-->LY,GE-->LY,GE-->LY,GE-->LY
LI,LIE,Liechtenstein,Vaduz,Europe,Western Europe,,LI-->GE,LI-->GE,LI-->GE,LI-->GE,LI-->GE,LI-->GE,LI-->GE,LI-->GE,LI-->GE,LI-->GE,LI-->GE,LI-->GE,LI-->GE,LI-->GE,LI-->GE,LI-->GE,LI-->GE,LI-->GE,LI-->GE,,,,,,,,,,,,,,,,,GE-->LI,GE-->LI,GE-->LI,GE-->LI,GE-->LI,GE-->LI,GE-->LI,GE-->LI,GE-->LI,GE-->LI,GE-->LI,GE-->LI,GE-->LI,GE-->LI,GE-->LI,GE-->LI,GE-->LI,GE-->LI,GE-->LI
LT,LTU,Lithuania,Vilnius,Europe,Northern Europe,,LT-->GE,LT-->GE,LT-->GE,LT-->GE,LT-->GE,LT-->GE,LT-->GE,LT-->GE,LT-->GE,LT-->GE,LT-->GE,LT-->GE,LT-->GE,LT-->GE,LT-->GE,LT-->GE,LT-->GE,LT-->GE,LT-->GE,,,,,,,,,,,,,,,,,GE-->LT,GE-->LT,GE-->LT,GE-->LT,GE-->LT,GE-->LT,GE-->LT,GE-->LT,GE-->LT,GE-->LT,GE-->LT,GE-->LT,GE-->LT,GE-->LT,GE-->LT,GE-->LT,GE-->LT,GE-->LT,GE-->LT
LU,LUX,Luxembourg,Luxembourg,Europe,Western Europe,,LU-->GE,LU-->GE,LU-->GE,LU-->GE,LU-->GE,LU-->GE,LU-->GE,LU-->GE,LU-->GE,LU-->GE,LU-->GE,LU-->GE,LU-->GE,LU-->GE,LU-->GE,LU-->GE,LU-->GE,LU-->GE,LU-->GE,,,,,,,,,,,,,,,,,GE-->LU,GE-->LU,GE-->LU,GE-->LU,GE-->LU,GE-->LU,GE-->LU,GE-->LU,GE-->LU,GE-->LU,GE-->LU,GE-->LU,GE-->LU,GE-->LU,GE-->LU,GE-->LU,GE-->LU,GE-->LU,GE-->LU
MO,MAC,Macau,,Asia,Eastern Asia,,MO-->GE,MO-->GE,MO-->GE,MO-->GE,MO-->GE,MO-->GE,MO-->GE,MO-->GE,MO-->GE,MO-->GE,MO-->GE,MO-->GE,MO-->GE,MO-->GE,MO-->GE,MO-->GE,MO-->GE,MO-->GE,MO-->GE,,,,,,,,,,,,,,,,,GE-->MO,GE-->MO,GE-->MO,GE-->MO,GE-->MO,GE-->MO,GE-->MO,GE-->MO,GE-->MO,GE-->MO,GE-->MO,GE-->MO,GE-->MO,GE-->MO,GE-->MO,GE-->MO,GE-->MO,GE-->MO,GE-->MO
MK,MKD,Republic of Macedonia,Skopje,Europe,Southern Europe,,MK-->GE,MK-->GE,MK-->GE,MK-->GE,MK-->GE,MK-->GE,MK-->GE,MK-->GE,MK-->GE,MK-->GE,MK-->GE,MK-->GE,MK-->GE,MK-->GE,MK-->GE,MK-->GE,MK-->GE,MK-->GE,MK-->GE,,,,,,,,,,,,,,,,,GE-->MK,GE-->MK,GE-->MK,GE-->MK,GE-->MK,GE-->MK,GE-->MK,GE-->MK,GE-->MK,GE-->MK,GE-->MK,GE-->MK,GE-->MK,GE-->MK,GE-->MK,GE-->MK,GE-->MK,GE-->MK,GE-->MK
MG,MDG,Madagascar,Antananarivo,Africa,Eastern Africa,,MG-->GE,MG-->GE,MG-->GE,MG-->GE,MG-->GE,MG-->GE,MG-->GE,MG-->GE,MG-->GE,MG-->GE,MG-->GE,MG-->GE,MG-->GE,MG-->GE,MG-->GE,MG-->GE,MG-->GE,MG-->GE,MG-->GE,,,,,,,,,,,,,,,,,GE-->MG,GE-->MG,GE-->MG,GE-->MG,GE-->MG,GE-->MG,GE-->MG,GE-->MG,GE-->MG,GE-->MG,GE-->MG,GE-->MG,GE-->MG,GE-->MG,GE-->MG,GE-->MG,GE-->MG,GE-->MG,GE-->MG
MW,MWI,Malawi,Lilongwe,Africa,Eastern Africa,,MW-->GE,MW-->GE,MW-->GE,MW-->GE,MW-->GE,MW-->GE,MW-->GE,MW-->GE,MW-->GE,MW-->GE,MW-->GE,MW-->GE,MW-->GE,MW-->GE,MW-->GE,MW-->GE,MW-->GE,MW-->GE,MW-->GE,,,,,,,,,,,,,,,,,GE-->MW,GE-->MW,GE-->MW,GE-->MW,GE-->MW,GE-->MW,GE-->MW,GE-->MW,GE-->MW,GE-->MW,GE-->MW,GE-->MW,GE-->MW,GE-->MW,GE-->MW,GE-->MW,GE-->MW,GE-->MW,GE-->MW
MY,MYS,Malaysia,Kuala Lumpur,Asia,South-Eastern Asia,,MY-->GE,MY-->GE,MY-->GE,MY-->GE,MY-->GE,MY-->GE,MY-->GE,MY-->GE,MY-->GE,MY-->GE,MY-->GE,MY-->GE,MY-->GE,MY-->GE,MY-->GE,MY-->GE,MY-->GE,MY-->GE,MY-->GE,,,,,,,,,,,,,,,,,GE-->MY,GE-->MY,GE-->MY,GE-->MY,GE-->MY,GE-->MY,GE-->MY,GE-->MY,GE-->MY,GE-->MY,GE-->MY,GE-->MY,GE-->MY,GE-->MY,GE-->MY,GE-->MY,GE-->MY,GE-->MY,GE-->MY
MV,MDV,Maldives,Malé,Asia,Southern Asia,,MV-->GE,MV-->GE,MV-->GE,MV-->GE,MV-->GE,MV-->GE,MV-->GE,MV-->GE,MV-->GE,MV-->GE,MV-->GE,MV-->GE,MV-->GE,MV-->GE,MV-->GE,MV-->GE,MV-->GE,MV-->GE,MV-->GE,,,,,,,,,,,,,,,,,GE-->MV,GE-->MV,GE-->MV,GE-->MV,GE-->MV,GE-->MV,GE-->MV,GE-->MV,GE-->MV,GE-->MV,GE-->MV,GE-->MV,GE-->MV,GE-->MV,GE-->MV,GE-->MV,GE-->MV,GE-->MV,GE-->MV
ML,MLI,Mali,Bamako,Africa,Western Africa,,ML-->GE,ML-->GE,ML-->GE,ML-->GE,ML-->GE,ML-->GE,ML-->GE,ML-->GE,ML-->GE,ML-->GE,ML-->GE,ML-->GE,ML-->GE,ML-->GE,ML-->GE,ML-->GE,ML-->GE,ML-->GE,ML-->GE,,,,,,,,,,,,,,,,,GE-->ML,GE-->ML,GE-->ML,GE-->ML,GE-->ML,GE-->ML,GE-->ML,GE-->ML,GE-->ML,GE-->ML,GE-->ML,GE-->ML,GE-->ML,GE-->ML,GE-->ML,GE-->ML,GE-->ML,GE-->ML,GE-->ML
MT,MLT,Malta,Valletta,Europe,Southern Europe,,MT-->GE,MT-->GE,MT-->GE,MT-->GE,MT-->GE,MT-->GE,MT-->GE,MT-->GE,MT-->GE,MT-->GE,MT-->GE,MT-->GE,MT-->GE,MT-->GE,MT-->GE,MT-->GE,MT-->GE,MT-->GE,MT-->GE,,,,,,,,,,,,,,,,,GE-->MT,GE-->MT,GE-->MT,GE-->MT,GE-->MT,GE-->MT,GE-->MT,GE-->MT,GE-->MT,GE-->MT,GE-->MT,GE-->MT,GE-->MT,GE-->MT,GE-->MT,GE-->MT,GE-->MT,GE-->MT,GE-->MT
MH,MHL,Marshall Islands,Majuro,Oceania,Micronesia,,MH-->GE,MH-->GE,MH-->GE,MH-->GE,MH-->GE,MH-->GE,MH-->GE,MH-->GE,MH-->GE,MH-->GE,MH-->GE,MH-->GE,MH-->GE,MH-->GE,MH-->GE,MH-->GE,MH-->GE,MH-->GE,MH-->GE,,,,,,,,,,,,,,,,,GE-->MH,GE-->MH,GE-->MH,GE-->MH,GE-->MH,GE-->MH,GE-->MH,GE-->MH,GE-->MH,GE-->MH,GE-->MH,GE-->MH,GE-->MH,GE-->MH,GE-->MH,GE-->MH,GE-->MH,GE-->MH,GE-->MH
MQ,MTQ,Martinique,Fort-de-France,Americas,Caribbean,,MQ-->GE,MQ-->GE,MQ-->GE,MQ-->GE,MQ-->GE,MQ-->GE,MQ-->GE,MQ-->GE,MQ-->GE,MQ-->GE,MQ-->GE,MQ-->GE,MQ-->GE,MQ-->GE,MQ-->GE,MQ-->GE,MQ-->GE,MQ-->GE,MQ-->GE,,,,,,,,,,,,,,,,,GE-->MQ,GE-->MQ,GE-->MQ,GE-->MQ,GE-->MQ,GE-->MQ,GE-->MQ,GE-->MQ,GE-->MQ,GE-->MQ,GE-->MQ,GE-->MQ,GE-->MQ,GE-->MQ,GE-->MQ,GE-->MQ,GE-->MQ,GE-->MQ,GE-->MQ
MR,MRT,Mauritania,Nouakchott,Africa,Western Africa,,MR-->GE,MR-->GE,MR-->GE,MR-->GE,MR-->GE,MR-->GE,MR-->GE,MR-->GE,MR-->GE,MR-->GE,MR-->GE,MR-->GE,MR-->GE,MR-->GE,MR-->GE,MR-->GE,MR-->GE,MR-->GE,MR-->GE,0.0,,,,,,,,,,,,,,,,GE-->MR,GE-->MR,GE-->MR,GE-->MR,GE-->MR,GE-->MR,GE-->MR,GE-->MR,GE-->MR,GE-->MR,GE-->MR,GE-->MR,GE-->MR,GE-->MR,GE-->MR,GE-->MR,GE-->MR,GE-->MR,GE-->MR
MU,MUS,Mauritius,Port Louis,Africa,Eastern Africa,,MU-->GE,MU-->GE,MU-->GE,MU-->GE,MU-->GE,MU-->GE,MU-->GE,MU-->GE,MU-->GE,MU-->GE,MU-->GE,MU-->GE,MU-->GE,MU-->GE,MU-->GE,MU-->GE,MU-->GE,MU-->GE,MU-->GE,,,,,,,,,,,,,,,,,GE-->MU,GE-->MU,GE-->MU,GE-->MU,GE-->MU,GE-->MU,GE-->MU,GE-->MU,GE-->MU,GE-->MU,GE-->MU,GE-->MU,GE-->MU,GE-->MU,GE-->MU,GE-->MU,GE-->MU,GE-->MU,GE-->MU
YT,MYT,Mayotte,Mamoudzou,Africa,Eastern Africa,,YT-->GE,YT-->GE,YT-->GE,YT-->GE,YT-->GE,YT-->GE,YT-->GE,YT-->GE,YT-->GE,YT-->GE,YT-->GE,YT-->GE,YT-->GE,YT-->GE,YT-->GE,YT-->GE,YT-->GE,YT-->GE,YT-->GE,,,,,,,,,,,,,,,,,GE-->YT,GE-->YT,GE-->YT,GE-->YT,GE-->YT,GE-->YT,GE-->YT,GE-->YT,GE-->YT,GE-->YT,GE-->YT,GE-->YT,GE-->YT,GE-->YT,GE-->YT,GE-->YT,GE-->YT,GE-->YT,GE-->YT
MX,MEX,Mexico,Mexico City,Americas,Central America,,MX-->GE,MX-->GE,MX-->GE,MX-->GE,MX-->GE,MX-->GE,MX-->GE,MX-->GE,MX-->GE,MX-->GE,MX-->GE,MX-->GE,MX-->GE,MX-->GE,MX-->GE,MX-->GE,MX-->GE,MX-->GE,MX-->GE,,,,,,,,,,,,,,,,,GE-->MX,GE-->MX,GE-->MX,GE-->MX,GE-->MX,GE-->MX,GE-->MX,GE-->MX,GE-->MX,GE-->MX,GE-->MX,GE-->MX,GE-->MX,GE-->MX,GE-->MX,GE-->MX,GE-->MX,GE-->MX,GE-->MX
FM,FSM,Federated States of Micronesia,Palikir,Oceania,Micronesia,,FM-->GE,FM-->GE,FM-->GE,FM-->GE,FM-->GE,FM-->GE,FM-->GE,FM-->GE,FM-->GE,FM-->GE,FM-->GE,FM-->GE,FM-->GE,FM-->GE,FM-->GE,FM-->GE,FM-->GE,FM-->GE,FM-->GE,,,,,,,,,,,,,,,,,GE-->FM,GE-->FM,GE-->FM,GE-->FM,GE-->FM,GE-->FM,GE-->FM,GE-->FM,GE-->FM,GE-->FM,GE-->FM,GE-->FM,GE-->FM,GE-->FM,GE-->FM,GE-->FM,GE-->FM,GE-->FM,GE-->FM
MD,MDA,Moldova,Chișinău,Europe,Eastern Europe,,MD-->GE,MD-->GE,MD-->GE,MD-->GE,MD-->GE,MD-->GE,MD-->GE,MD-->GE,MD-->GE,MD-->GE,MD-->GE,MD-->GE,MD-->GE,MD-->GE,MD-->GE,MD-->GE,MD-->GE,MD-->GE,MD-->GE,,,,,,,,,,,,,,,,,GE-->MD,GE-->MD,GE-->MD,GE-->MD,GE-->MD,GE-->MD,GE-->MD,GE-->MD,GE-->MD,GE-->MD,GE-->MD,GE-->MD,GE-->MD,GE-->MD,GE-->MD,GE-->MD,GE-->MD,GE-->MD,GE-->MD
MC,MCO,Monaco,Monaco,Europe,Western Europe,,MC-->GE,MC-->GE,MC-->GE,MC-->GE,MC-->GE,MC-->GE,MC-->GE,MC-->GE,MC-->GE,MC-->GE,MC-->GE,MC-->GE,MC-->GE,MC-->GE,MC-->GE,MC-->GE,MC-->GE,MC-->GE,MC-->GE,,,,,,,,,,,,,,,,,GE-->MC,GE-->MC,GE-->MC,GE-->MC,GE-->MC,GE-->MC,GE-->MC,GE-->MC,GE-->MC,GE-->MC,GE-->MC,GE-->MC,GE-->MC,GE-->MC,GE-->MC,GE-->MC,GE-->MC,GE-->MC,GE-->MC
MN,MNG,Mongolia,Ulan Bator,Asia,Eastern Asia,,MN-->GE,MN-->GE,MN-->GE,MN-->GE,MN-->GE,MN-->GE,MN-->GE,MN-->GE,MN-->GE,MN-->GE,MN-->GE,MN-->GE,MN-->GE,MN-->GE,MN-->GE,MN-->GE,MN-->GE,MN-->GE,MN-->GE,,,,,,,,,,,,,,,,,GE-->MN,GE-->MN,GE-->MN,GE-->MN,GE-->MN,GE-->MN,GE-->MN,GE-->MN,GE-->MN,GE-->MN,GE-->MN,GE-->MN,GE-->MN,GE-->MN,GE-->MN,GE-->MN,GE-->MN,GE-->MN,GE-->MN
ME,MNE,Montenegro,Podgorica,Europe,Southern Europe,,ME-->GE,ME-->GE,ME-->GE,ME-->GE,ME-->GE,ME-->GE,ME-->GE,ME-->GE,ME-->GE,ME-->GE,ME-->GE,ME-->GE,ME-->GE,ME-->GE,ME-->GE,ME-->GE,ME-->GE,ME-->GE,ME-->GE,,,,,,,,,,,,,,,,,GE-->ME,GE-->ME,GE-->ME,GE-->ME,GE-->ME,GE-->ME,GE-->ME,GE-->ME,GE-->ME,GE-->ME,GE-->ME,GE-->ME,GE-->ME,GE-->ME,GE-->ME,GE-->ME,GE-->ME,GE-->ME,GE-->ME
MS,MSR,Montserrat,Plymouth,Americas,Caribbean,,MS-->GE,MS-->GE,MS-->GE,MS-->GE,MS-->GE,MS-->GE,MS-->GE,MS-->GE,MS-->GE,MS-->GE,MS-->GE,MS-->GE,MS-->GE,MS-->GE,MS-->GE,MS-->GE,MS-->GE,MS-->GE,MS-->GE,,,,,,,,,,,,,,,,,GE-->MS,GE-->MS,GE-->MS,GE-->MS,GE-->MS,GE-->MS,GE-->MS,GE-->MS,GE-->MS,GE-->MS,GE-->MS,GE-->MS,GE-->MS,GE-->MS,GE-->MS,GE-->MS,GE-->MS,GE-->MS,GE-->MS
MA,MAR,Morocco,Rabat,Africa,Northern Africa,,MA-->GE,MA-->GE,MA-->GE,MA-->GE,MA-->GE,MA-->GE,MA-->GE,MA-->GE,MA-->GE,MA-->GE,MA-->GE,MA-->GE,MA-->GE,MA-->GE,MA-->GE,MA-->GE,MA-->GE,MA-->GE,MA-->GE,,,,,,,,,,,,,,,,,GE-->MA,GE-->MA,GE-->MA,GE-->MA,GE-->MA,GE-->MA,GE-->MA,GE-->MA,GE-->MA,GE-->MA,GE-->MA,GE-->MA,GE-->MA,GE-->MA,GE-->MA,GE-->MA,GE-->MA,GE-->MA,GE-->MA
MZ,MOZ,Mozambique,Maputo,Africa,Eastern Africa,,MZ-->GE,MZ-->GE,MZ-->GE,MZ-->GE,MZ-->GE,MZ-->GE,MZ-->GE,MZ-->GE,MZ-->GE,MZ-->GE,MZ-->GE,MZ-->GE,MZ-->GE,MZ-->GE,MZ-->GE,MZ-->GE,MZ-->GE,MZ-->GE,MZ-->GE,,,,,,,,,,,,,,,,,GE-->MZ,GE-->MZ,GE-->MZ,GE-->MZ,GE-->MZ,GE-->MZ,GE-->MZ,GE-->MZ,GE-->MZ,GE-->MZ,GE-->MZ,GE-->MZ,GE-->MZ,GE-->MZ,GE-->MZ,GE-->MZ,GE-->MZ,GE-->MZ,GE-->MZ
MM,MMR,Myanmar,Naypyidaw,Asia,South-Eastern Asia,,MM-->GE,MM-->GE,MM-->GE,MM-->GE,MM-->GE,MM-->GE,MM-->GE,MM-->GE,MM-->GE,MM-->GE,MM-->GE,MM-->GE,MM-->GE,MM-->GE,MM-->GE,MM-->GE,MM-->GE,MM-->GE,MM-->GE,,,,,,,,,,,,,,,,,GE-->MM,GE-->MM,GE-->MM,GE-->MM,GE-->MM,GE-->MM,GE-->MM,GE-->MM,GE-->MM,GE-->MM,GE-->MM,GE-->MM,GE-->MM,GE-->MM,GE-->MM,GE-->MM,GE-->MM,GE-->MM,GE-->MM
,NAM,Namibia,Windhoek,Africa,Southern Africa,,NA-->GE,NA-->GE,NA-->GE,NA-->GE,NA-->GE,NA-->GE,NA-->GE,NA-->GE,NA-->GE,NA-->GE,NA-->GE,NA-->GE,NA-->GE,NA-->GE,NA-->GE,NA-->GE,NA-->GE,NA-->GE,NA-->GE,,,,,,,,,,,,,,,,,GE-->NA,GE-->NA,GE-->NA,GE-->NA,GE-->NA,GE-->NA,GE-->NA,GE-->NA,GE-->NA,GE-->NA,GE-->NA,GE-->NA,GE-->NA,GE-->NA,GE-->NA,GE-->NA,GE-->NA,GE-->NA,GE-->NA
NR,NRU,Nauru,Yaren,Oceania,Micronesia,,NR-->GE,NR-->GE,NR-->GE,NR-->GE,NR-->GE,NR-->GE,NR-->GE,NR-->GE,NR-->GE,NR-->GE,NR-->GE,NR-->GE,NR-->GE,NR-->GE,NR-->GE,NR-->GE,NR-->GE,NR-->GE,NR-->GE,,,,,,,,,,,,,,,,,GE-->NR,GE-->NR,GE-->NR,GE-->NR,GE-->NR,GE-->NR,GE-->NR,GE-->NR,GE-->NR,GE-->NR,GE-->NR,GE-->NR,GE-->NR,GE-->NR,GE-->NR,GE-->NR,GE-->NR,GE-->NR,GE-->NR
NP,NPL,Nepal,Kathmandu,Asia,Southern Asia,,NP-->GE,NP-->GE,NP-->GE,NP-->GE,NP-->GE,NP-->GE,NP-->GE,NP-->GE,NP-->GE,NP-->GE,NP-->GE,NP-->GE,NP-->GE,NP-->GE,NP-->GE,NP-->GE,NP-->GE,NP-->GE,NP-->GE,,,,,,,,,,,,,,,,,GE-->NP,GE-->NP,GE-->NP,GE-->NP,GE-->NP,GE-->NP,GE-->NP,GE-->NP,GE-->NP,GE-->NP,GE-->NP,GE-->NP,GE-->NP,GE-->NP,GE-->NP,GE-->NP,GE-->NP,GE-->NP,GE-->NP
NL,NLD,Netherlands,Amsterdam,Europe,Western Europe,,NL-->GE,NL-->GE,NL-->GE,NL-->GE,NL-->GE,NL-->GE,NL-->GE,NL-->GE,NL-->GE,NL-->GE,NL-->GE,NL-->GE,NL-->GE,NL-->GE,NL-->GE,NL-->GE,NL-->GE,NL-->GE,NL-->GE,,,,,,,,,,,,,,,,,GE-->NL,GE-->NL,GE-->NL,GE-->NL,GE-->NL,GE-->NL,GE-->NL,GE-->NL,GE-->NL,GE-->NL,GE-->NL,GE-->NL,GE-->NL,GE-->NL,GE-->NL,GE-->NL,GE-->NL,GE-->NL,GE-->NL
NC,NCL,New Caledonia,Nouméa,Oceania,Melanesia,,NC-->GE,NC-->GE,NC-->GE,NC-->GE,NC-->GE,NC-->GE,NC-->GE,NC-->GE,NC-->GE,NC-->GE,NC-->GE,NC-->GE,NC-->GE,NC-->GE,NC-->GE,NC-->GE,NC-->GE,NC-->GE,NC-->GE,,,,,,,,,,,,,,,,,GE-->NC,GE-->NC,GE-->NC,GE-->NC,GE-->NC,GE-->NC,GE-->NC,GE-->NC,GE-->NC,GE-->NC,GE-->NC,GE-->NC,GE-->NC,GE-->NC,GE-->NC,GE-->NC,GE-->NC,GE-->NC,GE-->NC
NZ,NZL,New Zealand,Wellington,Oceania,Australia and New Zealand,,NZ-->GE,NZ-->GE,NZ-->GE,NZ-->GE,NZ-->GE,NZ-->GE,NZ-->GE,NZ-->GE,NZ-->GE,NZ-->GE,NZ-->GE,NZ-->GE,NZ-->GE,NZ-->GE,NZ-->GE,NZ-->GE,NZ-->GE,NZ-->GE,NZ-->GE,,,,,,,,,,,,,,,,,GE-->NZ,GE-->NZ,GE-->NZ,GE-->NZ,GE-->NZ,GE-->NZ,GE-->NZ,GE-->NZ,GE-->NZ,GE-->NZ,GE-->NZ,GE-->NZ,GE-->NZ,GE-->NZ,GE-->NZ,GE-->NZ,GE-->NZ,GE-->NZ,GE-->NZ
NI,NIC,Nicaragua,Managua,Americas,Central America,,NI-->GE,NI-->GE,NI-->GE,NI-->GE,NI-->GE,NI-->GE,NI-->GE,NI-->GE,NI-->GE,NI-->GE,NI-->GE,NI-->GE,NI-->GE,NI-->GE,NI-->GE,NI-->GE,NI-->GE,NI-->GE,NI-->GE,,,,,,,,,,,,,,,,,GE-->NI,GE-->NI,GE-->NI,GE-->NI,GE-->NI,GE-->NI,GE-->NI,GE-->NI,GE-->NI,GE-->NI,GE-->NI,GE-->NI,GE-->NI,GE-->NI,GE-->NI,GE-->NI,GE-->NI,GE-->NI,GE-->NI
NE,NER,Niger,Niamey,Africa,Western Africa,,NE-->GE,NE-->GE,NE-->GE,NE-->GE,NE-->GE,NE-->GE,NE-->GE,NE-->GE,NE-->GE,NE-->GE,NE-->GE,NE-->GE,NE-->GE,NE-->GE,NE-->GE,NE-->GE,NE-->GE,NE-->GE,NE-->GE,,,,,,,,,,,,,,,,,GE-->NE,GE-->NE,GE-->NE,GE-->NE,GE-->NE,GE-->NE,GE-->NE,GE-->NE,GE-->NE,GE-->NE,GE-->NE,GE-->NE,GE-->NE,GE-->NE,GE-->NE,GE-->NE,GE-->NE,GE-->NE,GE-->NE
NG,NGA,Nigeria,Abuja,Africa,Western Africa,,NG-->GE,NG-->GE,NG-->GE,NG-->GE,NG-->GE,NG-->GE,NG-->GE,NG-->GE,NG-->GE,NG-->GE,NG-->GE,NG-->GE,NG-->GE,NG-->GE,NG-->GE,NG-->GE,NG-->GE,NG-->GE,NG-->GE,,,,,,,,,,,,,,,,,GE-->NG,GE-->NG,GE-->NG,GE-->NG,GE-->NG,GE-->NG,GE-->NG,GE-->NG,GE-->NG,GE-->NG,GE-->NG,GE-->NG,GE-->NG,GE-->NG,GE-->NG,GE-->NG,GE-->NG,GE-->NG,GE-->NG
NU,NIU,Niue,Alofi,Oceania,Polynesia,,NU-->GE,NU-->GE,NU-->GE,NU-->GE,NU-->GE,NU-->GE,NU-->GE,NU-->GE,NU-->GE,NU-->GE,NU-->GE,NU-->GE,NU-->GE,NU-->GE,NU-->GE,NU-->GE,NU-->GE,NU-->GE,NU-->GE,,,,,,,,,,,,,,,,,GE-->NU,GE-->NU,GE-->NU,GE-->NU,GE-->NU,GE-->NU,GE-->NU,GE-->NU,GE-->NU,GE-->NU,GE-->NU,GE-->NU,GE-->NU,GE-->NU,GE-->NU,GE-->NU,GE-->NU,GE-->NU,GE-->NU
NF,NFK,Norfolk Island,Kingston,Oceania,Australia and New Zealand,,NF-->GE,NF-->GE,NF-->GE,NF-->GE,NF-->GE,NF-->GE,NF-->GE,NF-->GE,NF-->GE,NF-->GE,NF-->GE,NF-->GE,NF-->GE,NF-->GE,NF-->GE,NF-->GE,NF-->GE,NF-->GE,NF-->GE,,,,,,,,,,,,,,,,,GE-->NF,GE-->NF,GE-->NF,GE-->NF,GE-->NF,GE-->NF,GE-->NF,GE-->NF,GE-->NF,GE-->NF,GE-->NF,GE-->NF,GE-->NF,GE-->NF,GE-->NF,GE-->NF,GE-->NF,GE-->NF,GE-->NF
KP,PRK,North Korea,Pyongyang,Asia,Eastern Asia,,KP-->GE,KP-->GE,KP-->GE,KP-->GE,KP-->GE,KP-->GE,KP-->GE,KP-->GE,KP-->GE,KP-->GE,KP-->GE,KP-->GE,KP-->GE,KP-->GE,KP-->GE,KP-->GE,KP-->GE,KP-->GE,KP-->GE,,,,,,,,,,,,,,,,,GE-->KP,GE-->KP,GE-->KP,GE-->KP,GE-->KP,GE-->KP,GE-->KP,GE-->KP,GE-->KP,GE-->KP,GE-->KP,GE-->KP,GE-->KP,GE-->KP,GE-->KP,GE-->KP,GE-->KP,GE-->KP,GE-->KP
MP,MNP,Northern Mariana Islands,Saipan,Oceania,Micronesia,,MP-->GE,MP-->GE,MP-->GE,MP-->GE,MP-->GE,MP-->GE,MP-->GE,MP-->GE,MP-->GE,MP-->GE,MP-->GE,MP-->GE,MP-->GE,MP-->GE,MP-->GE,MP-->GE,MP-->GE,MP-->GE,MP-->GE,,,,,,,,,,,,,,,,,GE-->MP,GE-->MP,GE-->MP,GE-->MP,GE-->MP,GE-->MP,GE-->MP,GE-->MP,GE-->MP,GE-->MP,GE-->MP,GE-->MP,GE-->MP,GE-->MP,GE-->MP,GE-->MP,GE-->MP,GE-->MP,GE-->MP
NO,NOR,Norway,Oslo,Europe,Northern Europe,,NO-->GE,NO-->GE,NO-->GE,NO-->GE,NO-->GE,NO-->GE,NO-->GE,NO-->GE,NO-->GE,NO-->GE,NO-->GE,NO-->GE,NO-->GE,NO-->GE,NO-->GE,NO-->GE,NO-->GE,NO-->GE,NO-->GE,,,,,,,,,,,,,,,,,GE-->NO,GE-->NO,GE-->NO,GE-->NO,GE-->NO,GE-->NO,GE-->NO,GE-->NO,GE-->NO,GE-->NO,GE-->NO,GE-->NO,GE-->NO,GE-->NO,GE-->NO,GE-->NO,GE-->NO,GE-->NO,GE-->NO
OM,OMN,Oman,Muscat,Asia,Western Asia,,OM-->GE,OM-->GE,OM-->GE,OM-->GE,OM-->GE,OM-->GE,OM-->GE,OM-->GE,OM-->GE,OM-->GE,OM-->GE,OM-->GE,OM-->GE,OM-->GE,OM-->GE,OM-->GE,OM-->GE,OM-->GE,OM-->GE,,,,,,,,,,,,,,,,,GE-->OM,GE-->OM,GE-->OM,GE-->OM,GE-->OM,GE-->OM,GE-->OM,GE-->OM,GE-->OM,GE-->OM,GE-->OM,GE-->OM,GE-->OM,GE-->OM,GE-->OM,GE-->OM,GE-->OM,GE-->OM,GE-->OM
PK,PAK,Pakistan,Islamabad,Asia,Southern Asia,,PK-->GE,PK-->GE,PK-->GE,PK-->GE,PK-->GE,PK-->GE,PK-->GE,PK-->GE,PK-->GE,PK-->GE,PK-->GE,PK-->GE,PK-->GE,PK-->GE,PK-->GE,PK-->GE,PK-->GE,PK-->GE,PK-->GE,,,,,,,,,,,,,,,,,GE-->PK,GE-->PK,GE-->PK,GE-->PK,GE-->PK,GE-->PK,GE-->PK,GE-->PK,GE-->PK,GE-->PK,GE-->PK,GE-->PK,GE-->PK,GE-->PK,GE-->PK,GE-->PK,GE-->PK,GE-->PK,GE-->PK
PW,PLW,Palau,Ngerulmud,Oceania,Micronesia,,PW-->GE,PW-->GE,PW-->GE,PW-->GE,PW-->GE,PW-->GE,PW-->GE,PW-->GE,PW-->GE,PW-->GE,PW-->GE,PW-->GE,PW-->GE,PW-->GE,PW-->GE,PW-->GE,PW-->GE,PW-->GE,PW-->GE,,,,,,,,,,,,,,,,,GE-->PW,GE-->PW,GE-->PW,GE-->PW,GE-->PW,GE-->PW,GE-->PW,GE-->PW,GE-->PW,GE-->PW,GE-->PW,GE-->PW,GE-->PW,GE-->PW,GE-->PW,GE-->PW,GE-->PW,GE-->PW,GE-->PW
PS,PSE,Palestine,Ramallah,Asia,Western Asia,,PS-->GE,PS-->GE,PS-->GE,PS-->GE,PS-->GE,PS-->GE,PS-->GE,PS-->GE,PS-->GE,PS-->GE,PS-->GE,PS-->GE,PS-->GE,PS-->GE,PS-->GE,PS-->GE,PS-->GE,PS-->GE,PS-->GE,,,,,,,,,,,,,,,,,GE-->PS,GE-->PS,GE-->PS,GE-->PS,GE-->PS,GE-->PS,GE-->PS,GE-->PS,GE-->PS,GE-->PS,GE-->PS,GE-->PS,GE-->PS,GE-->PS,GE-->PS,GE-->PS,GE-->PS,GE-->PS,GE-->PS
PA,PAN,Panama,Panama City,Americas,Central America,,PA-->GE,PA-->GE,PA-->GE,PA-->GE,PA-->GE,PA-->GE,PA-->GE,PA-->GE,PA-->GE,PA-->GE,PA-->GE,PA-->GE,PA-->GE,PA-->GE,PA-->GE,PA-->GE,PA-->GE,PA-->GE,PA-->GE,,,,,,,,,,,,,,,,,GE-->PA,GE-->PA,GE-->PA,GE-->PA,GE-->PA,GE-->PA,GE-->PA,GE-->PA,GE-->PA,GE-->PA,GE-->PA,GE-->PA,GE-->PA,GE-->PA,GE-->PA,GE-->PA,GE-->PA,GE-->PA,GE-->PA
PG,PNG,Papua New Guinea,Port Moresby,Oceania,Melanesia,,PG-->GE,PG-->GE,PG-->GE,PG-->GE,PG-->GE,PG-->GE,PG-->GE,PG-->GE,PG-->GE,PG-->GE,PG-->GE,PG-->GE,PG-->GE,PG-->GE,PG-->GE,PG-->GE,PG-->GE,PG-->GE,PG-->GE,,,,,,,,,,,,,,,,,GE-->PG,GE-->PG,GE-->PG,GE-->PG,GE-->PG,GE-->PG,GE-->PG,GE-->PG,GE-->PG,GE-->PG,GE-->PG,GE-->PG,GE-->PG,GE-->PG,GE-->PG,GE-->PG,GE-->PG,GE-->PG,GE-->PG
PY,PRY,Paraguay,Asunción,Americas,South America,,PY-->GE,PY-->GE,PY-->GE,PY-->GE,PY-->GE,PY-->GE,PY-->GE,PY-->GE,PY-->GE,PY-->GE,PY-->GE,PY-->GE,PY-->GE,PY-->GE,PY-->GE,PY-->GE,PY-->GE,PY-->GE,PY-->GE,,,,,,,,,,,,,,,,,GE-->PY,GE-->PY,GE-->PY,GE-->PY,GE-->PY,GE-->PY,GE-->PY,GE-->PY,GE-->PY,GE-->PY,GE-->PY,GE-->PY,GE-->PY,GE-->PY,GE-->PY,GE-->PY,GE-->PY,GE-->PY,GE-->PY
PE,PER,Peru,Lima,Americas,South America,,PE-->GE,PE-->GE,PE-->GE,PE-->GE,PE-->GE,PE-->GE,PE-->GE,PE-->GE,PE-->GE,PE-->GE,PE-->GE,PE-->GE,PE-->GE,PE-->GE,PE-->GE,PE-->GE,PE-->GE,PE-->GE,PE-->GE,,,,,,,,,,,,,,,,,GE-->PE,GE-->PE,GE-->PE,GE-->PE,GE-->PE,GE-->PE,GE-->PE,GE-->PE,GE-->PE,GE-->PE,GE-->PE,GE-->PE,GE-->PE,GE-->PE,GE-->PE,GE-->PE,GE-->PE,GE-->PE,GE-->PE
PH,PHL,Philippines,Manila,Asia,South-Eastern Asia,,PH-->GE,PH-->GE,PH-->GE,PH-->GE,PH-->GE,PH-->GE,PH-->GE,PH-->GE,PH-->GE,PH-->GE,PH-->GE,PH-->GE,PH-->GE,PH-->GE,PH-->GE,PH-->GE,PH-->GE,PH-->GE,PH-->GE,,,,,,,,,,,,,,,,,GE-->PH,GE-->PH,GE-->PH,GE-->PH,GE-->PH,GE-->PH,GE-->PH,GE-->PH,GE-->PH,GE-->PH,GE-->PH,GE-->PH,GE-->PH,GE-->PH,GE-->PH,GE-->PH,GE-->PH,GE-->PH,GE-->PH
PN,PCN,Pitcairn Islands,Adamstown,Oceania,Polynesia,,PN-->GE,PN-->GE,PN-->GE,PN-->GE,PN-->GE,PN-->GE,PN-->GE,PN-->GE,PN-->GE,PN-->GE,PN-->GE,PN-->GE,PN-->GE,PN-->GE,PN-->GE,PN-->GE,PN-->GE,PN-->GE,PN-->GE,,,,,,,,,,,,,,,,,GE-->PN,GE-->PN,GE-->PN,GE-->PN,GE-->PN,GE-->PN,GE-->PN,GE-->PN,GE-->PN,GE-->PN,GE-->PN,GE-->PN,GE-->PN,GE-->PN,GE-->PN,GE-->PN,GE-->PN,GE-->PN,GE-->PN
PL,POL,Poland,Warsaw,Europe,Eastern Europe,,PL-->GE,PL-->GE,PL-->GE,PL-->GE,PL-->GE,PL-->GE,PL-->GE,PL-->GE,PL-->GE,PL-->GE,PL-->GE,PL-->GE,PL-->GE,PL-->GE,PL-->GE,PL-->GE,PL-->GE,PL-->GE,PL-->GE,,,,,,,,,,,,,,,,,GE-->PL,GE-->PL,GE-->PL,GE-->PL,GE-->PL,GE-->PL,GE-->PL,GE-->PL,GE-->PL,GE-->PL,GE-->PL,GE-->PL,GE-->PL,GE-->PL,GE-->PL,GE-->PL,GE-->PL,GE-->PL,GE-->PL
PT,PRT,Portugal,Lisbon,Europe,Southern Europe,,PT-->GE,PT-->GE,PT-->GE,PT-->GE,PT-->GE,PT-->GE,PT-->GE,PT-->GE,PT-->GE,PT-->GE,PT-->GE,PT-->GE,PT-->GE,PT-->GE,PT-->GE,PT-->GE,PT-->GE,PT-->GE,PT-->GE,,,,,,,,,,,,,,,,,GE-->PT,GE-->PT,GE-->PT,GE-->PT,GE-->PT,GE-->PT,GE-->PT,GE-->PT,GE-->PT,GE-->PT,GE-->PT,GE-->PT,GE-->PT,GE-->PT,GE-->PT,GE-->PT,GE-->PT,GE-->PT,GE-->PT
PR,PRI,Puerto Rico,San Juan,Americas,Caribbean,,PR-->GE,PR-->GE,PR-->GE,PR-->GE,PR-->GE,PR-->GE,PR-->GE,PR-->GE,PR-->GE,PR-->GE,PR-->GE,PR-->GE,PR-->GE,PR-->GE,PR-->GE,PR-->GE,PR-->GE,PR-->GE,PR-->GE,,,,,,,,,,,,,,,,,GE-->PR,GE-->PR,GE-->PR,GE-->PR,GE-->PR,GE-->PR,GE-->PR,GE-->PR,GE-->PR,GE-->PR,GE-->PR,GE-->PR,GE-->PR,GE-->PR,GE-->PR,GE-->PR,GE-->PR,GE-->PR,GE-->PR
QA,QAT,Qatar,Doha,Asia,Western Asia,,QA-->GE,QA-->GE,QA-->GE,QA-->GE,QA-->GE,QA-->GE,QA-->GE,QA-->GE,QA-->GE,QA-->GE,QA-->GE,QA-->GE,QA-->GE,QA-->GE,QA-->GE,QA-->GE,QA-->GE,QA-->GE,QA-->GE,,,,,,,,,,,,,,,,,GE-->QA,GE-->QA,GE-->QA,GE-->QA,GE-->QA,GE-->QA,GE-->QA,GE-->QA,GE-->QA,GE-->QA,GE-->QA,GE-->QA,GE-->QA,GE-->QA,GE-->QA,GE-->QA,GE-->QA,GE-->QA,GE-->QA
XK,KOS,Republic of Kosovo,Pristina,Europe,Eastern Europe,,XK-->GE,XK-->GE,XK-->GE,XK-->GE,XK-->GE,XK-->GE,XK-->GE,XK-->GE,XK-->GE,XK-->GE,XK-->GE,XK-->GE,XK-->GE,XK-->GE,XK-->GE,XK-->GE,XK-->GE,XK-->GE,XK-->GE,,,,,,,,,,,,,,,,,GE-->XK,GE-->XK,GE-->XK,GE-->XK,GE-->XK,GE-->XK,GE-->XK,GE-->XK,GE-->XK,GE-->XK,GE-->XK,GE-->XK,GE-->XK,GE-->XK,GE-->XK,GE-->XK,GE-->XK,GE-->XK,GE-->XK
RE,REU,Réunion,Saint-Denis,Africa,Eastern Africa,,RE-->GE,RE-->GE,RE-->GE,RE-->GE,RE-->GE,RE-->GE,RE-->GE,RE-->GE,RE-->GE,RE-->GE,RE-->GE,RE-->GE,RE-->GE,RE-->GE,RE-->GE,RE-->GE,RE-->GE,RE-->GE,RE-->GE,,,,,,,,,,,,,,,,,GE-->RE,GE-->RE,GE-->RE,GE-->RE,GE-->RE,GE-->RE,GE-->RE,GE-->RE,GE-->RE,GE-->RE,GE-->RE,GE-->RE,GE-->RE,GE-->RE,GE-->RE,GE-->RE,GE-->RE,GE-->RE,GE-->RE
RO,ROU,Romania,Bucharest,Europe,Eastern Europe,,RO-->GE,RO-->GE,RO-->GE,RO-->GE,RO-->GE,RO-->GE,RO-->GE,RO-->GE,RO-->GE,RO-->GE,RO-->GE,RO-->GE,RO-->GE,RO-->GE,RO-->GE,RO-->GE,RO-->GE,RO-->GE,RO-->GE,,,,,,,,,,,,,,,,,GE-->RO,GE-->RO,GE-->RO,GE-->RO,GE-->RO,GE-->RO,GE-->RO,GE-->RO,GE-->RO,GE-->RO,GE-->RO,GE-->RO,GE-->RO,GE-->RO,GE-->RO,GE-->RO,GE-->RO,GE-->RO,GE-->RO
RU,RUS,Russia,Moscow,Europe,Eastern Europe,,RU-->GE,RU-->GE,RU-->GE,RU-->GE,RU-->GE,RU-->GE,RU-->GE,RU-->GE,RU-->GE,RU-->GE,RU-->GE,RU-->GE,RU-->GE,RU-->GE,RU-->GE,RU-->GE,RU-->GE,RU-->GE,RU-->GE,,,,,,,,,,,,,,,,,GE-->RU,GE-->RU,GE-->RU,GE-->RU,GE-->RU,GE-->RU,GE-->RU,GE-->RU,GE-->RU,GE-->RU,GE-->RU,GE-->RU,GE-->RU,GE-->RU,GE-->RU,GE-->RU,GE-->RU,GE-->RU,GE-->RU
RW,RWA,Rwanda,Kigali,Africa,Eastern Africa,,RW-->GE,RW-->GE,RW-->GE,RW-->GE,RW-->GE,RW-->GE,RW-->GE,RW-->GE,RW-->GE,RW-->GE,RW-->GE,RW-->GE,RW-->GE,RW-->GE,RW-->GE,RW-->GE,RW-->GE,RW-->GE,RW-->GE,,,,,,,,,,,,,,,,,GE-->RW,GE-->RW,GE-->RW,GE-->RW,GE-->RW,GE-->RW,GE-->RW,GE-->RW,GE-->RW,GE-->RW,GE-->RW,GE-->RW,GE-->RW,GE-->RW,GE-->RW,GE-->RW,GE-->RW,GE-->RW,GE-->RW
BL,BLM,Saint Barthélemy,Gustavia,Americas,Caribbean,,BL-->GE,BL-->GE,BL-->GE,BL-->GE,BL-->GE,BL-->GE,BL-->GE,BL-->GE,BL-->GE,BL-->GE,BL-->GE,BL-->GE,BL-->GE,BL-->GE,BL-->GE,BL-->GE,BL-->GE,BL-->GE,BL-->GE,,,,,,,,,,,,,,,,,GE-->BL,GE-->BL,GE-->BL,GE-->BL,GE-->BL,GE-->BL,GE-->BL,GE-->BL,GE-->BL,GE-->BL,GE-->BL,GE-->BL,GE-->BL,GE-->BL,GE-->BL,GE-->BL,GE-->BL,GE-->BL,GE-->BL
SH,SHN,Saint Helena,Jamestown,Africa,Western Africa,,SH-->GE,SH-->GE,SH-->GE,SH-->GE,SH-->GE,SH-->GE,SH-->GE,SH-->GE,SH-->GE,SH-->GE,SH-->GE,SH-->GE,SH-->GE,SH-->GE,SH-->GE,SH-->GE,SH-->GE,SH-->GE,SH-->GE,,,,,,,,,,,,,,,,,GE-->SH,GE-->SH,GE-->SH,GE-->SH,GE-->SH,GE-->SH,GE-->SH,GE-->SH,GE-->SH,GE-->SH,GE-->SH,GE-->SH,GE-->SH,GE-->SH,GE-->SH,GE-->SH,GE-->SH,GE-->SH,GE-->SH
KN,KNA,Saint Kitts and Nevis,Basseterre,Americas,Caribbean,,KN-->GE,KN-->GE,KN-->GE,KN-->GE,KN-->GE,KN-->GE,KN-->GE,KN-->GE,KN-->GE,KN-->GE,KN-->GE,KN-->GE,KN-->GE,KN-->GE,KN-->GE,KN-->GE,KN-->GE,KN-->GE,KN-->GE,,,,,,,,,,,,,,,,,GE-->KN,GE-->KN,GE-->KN,GE-->KN,GE-->KN,GE-->KN,GE-->KN,GE-->KN,GE-->KN,GE-->KN,GE-->KN,GE-->KN,GE-->KN,GE-->KN,GE-->KN,GE-->KN,GE-->KN,GE-->KN,GE-->KN
LC,LCA,Saint Lucia,Castries,Americas,Caribbean,,LC-->GE,LC-->GE,LC-->GE,LC-->GE,LC-->GE,LC-->GE,LC-->GE,LC-->GE,LC-->GE,LC-->GE,LC-->GE,LC-->GE,LC-->GE,LC-->GE,LC-->GE,LC-->GE,LC-->GE,LC-->GE,LC-->GE,,,,,,,,,,,,,,,,,GE-->LC,GE-->LC,GE-->LC,GE-->LC,GE-->LC,GE-->LC,GE-->LC,GE-->LC,GE-->LC,GE-->LC,GE-->LC,GE-->LC,GE-->LC,GE-->LC,GE-->LC,GE-->LC,GE-->LC,GE-->LC,GE-->LC
MF,MAF,Saint Martin,Marigot,Americas,Caribbean,,MF-->GE,MF-->GE,MF-->GE,MF-->GE,MF-->GE,MF-->GE,MF-->GE,MF-->GE,MF-->GE,MF-->GE,MF-->GE,MF-->GE,MF-->GE,MF-->GE,MF-->GE,MF-->GE,MF-->GE,MF-->GE,MF-->GE,,,,,,,,,,,,,,,,,GE-->MF,GE-->MF,GE-->MF,GE-->MF,GE-->MF,GE-->MF,GE-->MF,GE-->MF,GE-->MF,GE-->MF,GE-->MF,GE-->MF,GE-->MF,GE-->MF,GE-->MF,GE-->MF,GE-->MF,GE-->MF,GE-->MF
PM,SPM,Saint Pierre and Miquelon,Saint-Pierre,Americas,Northern America,,PM-->GE,PM-->GE,PM-->GE,PM-->GE,PM-->GE,PM-->GE,PM-->GE,PM-->GE,PM-->GE,PM-->GE,PM-->GE,PM-->GE,PM-->GE,PM-->GE,PM-->GE,PM-->GE,PM-->GE,PM-->GE,PM-->GE,,,,,,,,,,,,,,,,,GE-->PM,GE-->PM,GE-->PM,GE-->PM,GE-->PM,GE-->PM,GE-->PM,GE-->PM,GE-->PM,GE-->PM,GE-->PM,GE-->PM,GE-->PM,GE-->PM,GE-->PM,GE-->PM,GE-->PM,GE-->PM,GE-->PM
VC,VCT,Saint Vincent and the Grenadines,Kingstown,Americas,Caribbean,,VC-->GE,VC-->GE,VC-->GE,VC-->GE,VC-->GE,VC-->GE,VC-->GE,VC-->GE,VC-->GE,VC-->GE,VC-->GE,VC-->GE,VC-->GE,VC-->GE,VC-->GE,VC-->GE,VC-->GE,VC-->GE,VC-->GE,,,,,,,,,,,,,,,,,GE-->VC,GE-->VC,GE-->VC,GE-->VC,GE-->VC,GE-->VC,GE-->VC,GE-->VC,GE-->VC,GE-->VC,GE-->VC,GE-->VC,GE-->VC,GE-->VC,GE-->VC,GE-->VC,GE-->VC,GE-->VC,GE-->VC
WS,WSM,Samoa,Apia,Oceania,Polynesia,,WS-->GE,WS-->GE,WS-->GE,WS-->GE,WS-->GE,WS-->GE,WS-->GE,WS-->GE,WS-->GE,WS-->GE,WS-->GE,WS-->GE,WS-->GE,WS-->GE,WS-->GE,WS-->GE,WS-->GE,WS-->GE,WS-->GE,,,,,,,,,,,,,,,,,GE-->WS,GE-->WS,GE-->WS,GE-->WS,GE-->WS,GE-->WS,GE-->WS,GE-->WS,GE-->WS,GE-->WS,GE-->WS,GE-->WS,GE-->WS,GE-->WS,GE-->WS,GE-->WS,GE-->WS,GE-->WS,GE-->WS
SM,SMR,San Marino,City of San Marino,Europe,Southern Europe,,SM-->GE,SM-->GE,SM-->GE,SM-->GE,SM-->GE,SM-->GE,SM-->GE,SM-->GE,SM-->GE,SM-->GE,SM-->GE,SM-->GE,SM-->GE,SM-->GE,SM-->GE,SM-->GE,SM-->GE,SM-->GE,SM-->GE,,,,,,,,,,,,,,,,,GE-->SM,GE-->SM,GE-->SM,GE-->SM,GE-->SM,GE-->SM,GE-->SM,GE-->SM,GE-->SM,GE-->SM,GE-->SM,GE-->SM,GE-->SM,GE-->SM,GE-->SM,GE-->SM,GE-->SM,GE-->SM,GE-->SM
ST,STP,São Tomé and Príncipe,São Tomé,Africa,Middle Africa,,ST-->GE,ST-->GE,ST-->GE,ST-->GE,ST-->GE,ST-->GE,ST-->GE,ST-->GE,ST-->GE,ST-->GE,ST-->GE,ST-->GE,ST-->GE,ST-->GE,ST-->GE,ST-->GE,ST-->GE,ST-->GE,ST-->GE,,,,,,,,,,,,,,,,,GE-->ST,GE-->ST,GE-->ST,GE-->ST,GE-->ST,GE-->ST,GE-->ST,GE-->ST,GE-->ST,GE-->ST,GE-->ST,GE-->ST,GE-->ST,GE-->ST,GE-->ST,GE-->ST,GE-->ST,GE-->ST,GE-->ST
SA,SAU,Saudi Arabia,Riyadh,Asia,Western Asia,,SA-->GE,SA-->GE,SA-->GE,SA-->GE,SA-->GE,SA-->GE,SA-->GE,SA-->GE,SA-->GE,SA-->GE,SA-->GE,SA-->GE,SA-->GE,SA-->GE,SA-->GE,SA-->GE,SA-->GE,SA-->GE,SA-->GE,,,,,,,,,,,,,,,,,GE-->SA,GE-->SA,GE-->SA,GE-->SA,GE-->SA,GE-->SA,GE-->SA,GE-->SA,GE-->SA,GE-->SA,GE-->SA,GE-->SA,GE-->SA,GE-->SA,GE-->SA,GE-->SA,GE-->SA,GE-->SA,GE-->SA
SN,SEN,Senegal,Dakar,Africa,Western Africa,,SN-->GE,SN-->GE,SN-->GE,SN-->GE,SN-->GE,SN-->GE,SN-->GE,SN-->GE,SN-->GE,SN-->GE,SN-->GE,SN-->GE,SN-->GE,SN-->GE,SN-->GE,SN-->GE,SN-->GE,SN-->GE,SN-->GE,,,,,,,,,,,,,,,,,GE-->SN,GE-->SN,GE-->SN,GE-->SN,GE-->SN,GE-->SN,GE-->SN,GE-->SN,GE-->SN,GE-->SN,GE-->SN,GE-->SN,GE-->SN,GE-->SN,GE-->SN,GE-->SN,GE-->SN,GE-->SN,GE-->SN
RS,SRB,Serbia,Belgrade,Europe,Southern Europe,,RS-->GE,RS-->GE,RS-->GE,RS-->GE,RS-->GE,RS-->GE,RS-->GE,RS-->GE,RS-->GE,RS-->GE,RS-->GE,RS-->GE,RS-->GE,RS-->GE,RS-->GE,RS-->GE,RS-->GE,RS-->GE,RS-->GE,,,,,,,,,,,,,,,,,GE-->RS,GE-->RS,GE-->RS,GE-->RS,GE-->RS,GE-->RS,GE-->RS,GE-->RS,GE-->RS,GE-->RS,GE-->RS,GE-->RS,GE-->RS,GE-->RS,GE-->RS,GE-->RS,GE-->RS,GE-->RS,GE-->RS
SC,SYC,Seychelles,Victoria,Africa,Eastern Africa,,SC-->GE,SC-->GE,SC-->GE,SC-->GE,SC-->GE,SC-->GE,SC-->GE,SC-->GE,SC-->GE,SC-->GE,SC-->GE,SC-->GE,SC-->GE,SC-->GE,SC-->GE,SC-->GE,SC-->GE,SC-->GE,SC-->GE,,,,,,,,,,,,,,,,,GE-->SC,GE-->SC,GE-->SC,GE-->SC,GE-->SC,GE-->SC,GE-->SC,GE-->SC,GE-->SC,GE-->SC,GE-->SC,GE-->SC,GE-->SC,GE-->SC,GE-->SC,GE-->SC,GE-->SC,GE-->SC,GE-->SC
SL,SLE,Sierra Leone,Freetown,Africa,Western Africa,,SL-->GE,SL-->GE,SL-->GE,SL-->GE,SL-->GE,SL-->GE,SL-->GE,SL-->GE,SL-->GE,SL-->GE,SL-->GE,SL-->GE,SL-->GE,SL-->GE,SL-->GE,SL-->GE,SL-->GE,SL-->GE,SL-->GE,,,,,,,,,,,,,,,,,GE-->SL,GE-->SL,GE-->SL,GE-->SL,GE-->SL,GE-->SL,GE-->SL,GE-->SL,GE-->SL,GE-->SL,GE-->SL,GE-->SL,GE-->SL,GE-->SL,GE-->SL,GE-->SL,GE-->SL,GE-->SL,GE-->SL
SG,SGP,Singapore,Singapore,Asia,South-Eastern Asia,,SG-->GE,SG-->GE,SG-->GE,SG-->GE,SG-->GE,SG-->GE,SG-->GE,SG-->GE,SG-->GE,SG-->GE,SG-->GE,SG-->GE,SG-->GE,SG-->GE,SG-->GE,SG-->GE,SG-->GE,SG-->GE,SG-->GE,,,,,,,,,,,,,,,,,GE-->SG,GE-->SG,GE-->SG,GE-->SG,GE-->SG,GE-->SG,GE-->SG,GE-->SG,GE-->SG,GE-->SG,GE-->SG,GE-->SG,GE-->SG,GE-->SG,GE-->SG,GE-->SG,GE-->SG,GE-->SG,GE-->SG
SX,SXM,Sint Maarten,Philipsburg,Americas,Caribbean,,SX-->GE,SX-->GE,SX-->GE,SX-->GE,SX-->GE,SX-->GE,SX-->GE,SX-->GE,SX-->GE,SX-->GE,SX-->GE,SX-->GE,SX-->GE,SX-->GE,SX-->GE,SX-->GE,SX-->GE,SX-->GE,SX-->GE,,,,,,,,,,,,,,,,,GE-->SX,GE-->SX,GE-->SX,GE-->SX,GE-->SX,GE-->SX,GE-->SX,GE-->SX,GE-->SX,GE-->SX,GE-->SX,GE-->SX,GE-->SX,GE-->SX,GE-->SX,GE-->SX,GE-->SX,GE-->SX,GE-->SX
SK,SVK,Slovakia,Bratislava,Europe,Eastern Europe,,SK-->GE,SK-->GE,SK-->GE,SK-->GE,SK-->GE,SK-->GE,SK-->GE,SK-->GE,SK-->GE,SK-->GE,SK-->GE,SK-->GE,SK-->GE,SK-->GE,SK-->GE,SK-->GE,SK-->GE,SK-->GE,SK-->GE,,,,,,,,,,,,,,,,,GE-->SK,GE-->SK,GE-->SK,GE-->SK,GE-->SK,GE-->SK,GE-->SK,GE-->SK,GE-->SK,GE-->SK,GE-->SK,GE-->SK,GE-->SK,GE-->SK,GE-->SK,GE-->SK,GE-->SK,GE-->SK,GE-->SK
SI,SVN,Slovenia,Ljubljana,Europe,Southern Europe,,SI-->GE,SI-->GE,SI-->GE,SI-->GE,SI-->GE,SI-->GE,SI-->GE,SI-->GE,SI-->GE,SI-->GE,SI-->GE,SI-->GE,SI-->GE,SI-->GE,SI-->GE,SI-->GE,SI-->GE,SI-->GE,SI-->GE,,,,,,,,,,,,,,,,,GE-->SI,GE-->SI,GE-->SI,GE-->SI,GE-->SI,GE-->SI,GE-->SI,GE-->SI,GE-->SI,GE-->SI,GE-->SI,GE-->SI,GE-->SI,GE-->SI,GE-->SI,GE-->SI,GE-->SI,GE-->SI,GE-->SI
SB,SLB,Solomon Islands,Honiara,Oceania,Melanesia,,SB-->GE,SB-->GE,SB-->GE,SB-->GE,SB-->GE,SB-->GE,SB-->GE,SB-->GE,SB-->GE,SB-->GE,SB-->GE,SB-->GE,SB-->GE,SB-->GE,SB-->GE,SB-->GE,SB-->GE,SB-->GE,SB-->GE,,,,,,,,,,,,,,,,,GE-->SB,GE-->SB,GE-->SB,GE-->SB,GE-->SB,GE-->SB,GE-->SB,GE-->SB,GE-->SB,GE-->SB,GE-->SB,GE-->SB,GE-->SB,GE-->SB,GE-->SB,GE-->SB,GE-->SB,GE-->SB,GE-->SB
SO,SOM,Somalia,Mogadishu,Africa,Eastern Africa,,SO-->GE,SO-->GE,SO-->GE,SO-->GE,SO-->GE,SO-->GE,SO-->GE,SO-->GE,SO-->GE,SO-->GE,SO-->GE,SO-->GE,SO-->GE,SO-->GE,SO-->GE,SO-->GE,SO-->GE,SO-->GE,SO-->GE,,,,,,,,,,,,,,,,,GE-->SO,GE-->SO,GE-->SO,GE-->SO,GE-->SO,GE-->SO,GE-->SO,GE-->SO,GE-->SO,GE-->SO,GE-->SO,GE-->SO,GE-->SO,GE-->SO,GE-->SO,GE-->SO,GE-->SO,GE-->SO,GE-->SO
ZA,ZAF,South Africa,Pretoria,Africa,Southern Africa,,ZA-->GE,ZA-->GE,ZA-->GE,ZA-->GE,ZA-->GE,ZA-->GE,ZA-->GE,ZA-->GE,ZA-->GE,ZA-->GE,ZA-->GE,ZA-->GE,ZA-->GE,ZA-->GE,ZA-->GE,ZA-->GE,ZA-->GE,ZA-->GE,ZA-->GE,,,,,,,,,,,,,,,,,GE-->ZA,GE-->ZA,GE-->ZA,GE-->ZA,GE-->ZA,GE-->ZA,GE-->ZA,GE-->ZA,GE-->ZA,GE-->ZA,GE-->ZA,GE-->ZA,GE-->ZA,GE-->ZA,GE-->ZA,GE-->ZA,GE-->ZA,GE-->ZA,GE-->ZA
GS,SGS,South Georgia,King Edward Point,Americas,South America,,GS-->GE,GS-->GE,GS-->GE,GS-->GE,GS-->GE,GS-->GE,GS-->GE,GS-->GE,GS-->GE,GS-->GE,GS-->GE,GS-->GE,GS-->GE,GS-->GE,GS-->GE,GS-->GE,GS-->GE,GS-->GE,GS-->GE,,,,,,,,,,,,,,,,,GE-->GS,GE-->GS,GE-->GS,GE-->GS,GE-->GS,GE-->GS,GE-->GS,GE-->GS,GE-->GS,GE-->GS,GE-->GS,GE-->GS,GE-->GS,GE-->GS,GE-->GS,GE-->GS,GE-->GS,GE-->GS,GE-->GS
KR,KOR,South Korea,Seoul,Asia,Eastern Asia,,KR-->GE,KR-->GE,KR-->GE,KR-->GE,KR-->GE,KR-->GE,KR-->GE,KR-->GE,KR-->GE,KR-->GE,KR-->GE,KR-->GE,KR-->GE,KR-->GE,KR-->GE,KR-->GE,KR-->GE,KR-->GE,KR-->GE,,,,,,,,,,,,,,,,,GE-->KR,GE-->KR,GE-->KR,GE-->KR,GE-->KR,GE-->KR,GE-->KR,GE-->KR,GE-->KR,GE-->KR,GE-->KR,GE-->KR,GE-->KR,GE-->KR,GE-->KR,GE-->KR,GE-->KR,GE-->KR,GE-->KR
SS,SSD,South Sudan,Juba,Africa,Middle Africa,,SS-->GE,SS-->GE,SS-->GE,SS-->GE,SS-->GE,SS-->GE,SS-->GE,SS-->GE,SS-->GE,SS-->GE,SS-->GE,SS-->GE,SS-->GE,SS-->GE,SS-->GE,SS-->GE,SS-->GE,SS-->GE,SS-->GE,,,,,,,,,,,,,,,,,GE-->SS,GE-->SS,GE-->SS,GE-->SS,GE-->SS,GE-->SS,GE-->SS,GE-->SS,GE-->SS,GE-->SS,GE-->SS,GE-->SS,GE-->SS,GE-->SS,GE-->SS,GE-->SS,GE-->SS,GE-->SS,GE-->SS
ES,ESP,Spain,Madrid,Europe,Southern Europe,,ES-->GE,ES-->GE,ES-->GE,ES-->GE,ES-->GE,ES-->GE,ES-->GE,ES-->GE,ES-->GE,ES-->GE,ES-->GE,ES-->GE,ES-->GE,ES-->GE,ES-->GE,ES-->GE,ES-->GE,ES-->GE,ES-->GE,,,,,,,,,,,,,,,,,GE-->ES,GE-->ES,GE-->ES,GE-->ES,GE-->ES,GE-->ES,GE-->ES,GE-->ES,GE-->ES,GE-->ES,GE-->ES,GE-->ES,GE-->ES,GE-->ES,GE-->ES,GE-->ES,GE-->ES,GE-->ES,GE-->ES
LK,LKA,Sri Lanka,Colombo,Asia,Southern Asia,,LK-->GE,LK-->GE,LK-->GE,LK-->GE,LK-->GE,LK-->GE,LK-->GE,LK-->GE,LK-->GE,LK-->GE,LK-->GE,LK-->GE,LK-->GE,LK-->GE,LK-->GE,LK-->GE,LK-->GE,LK-->GE,LK-->GE,,,,,,,,,,,,,,,,,GE-->LK,GE-->LK,GE-->LK,GE-->LK,GE-->LK,GE-->LK,GE-->LK,GE-->LK,GE-->LK,GE-->LK,GE-->LK,GE-->LK,GE-->LK,GE-->LK,GE-->LK,GE-->LK,GE-->LK,GE-->LK,GE-->LK
SD,SDN,Sudan,Khartoum,Africa,Northern Africa,,SD-->GE,SD-->GE,SD-->GE,SD-->GE,SD-->GE,SD-->GE,SD-->GE,SD-->GE,SD-->GE,SD-->GE,SD-->GE,SD-->GE,SD-->GE,SD-->GE,SD-->GE,SD-->GE,SD-->GE,SD-->GE,SD-->GE,,,,,,,,,,,,,,,,,GE-->SD,GE-->SD,GE-->SD,GE-->SD,GE-->SD,GE-->SD,GE-->SD,GE-->SD,GE-->SD,GE-->SD,GE-->SD,GE-->SD,GE-->SD,GE-->SD,GE-->SD,GE-->SD,GE-->SD,GE-->SD,GE-->SD
SR,SUR,Suriname,Paramaribo,Americas,South America,,SR-->GE,SR-->GE,SR-->GE,SR-->GE,SR-->GE,SR-->GE,SR-->GE,SR-->GE,SR-->GE,SR-->GE,SR-->GE,SR-->GE,SR-->GE,SR-->GE,SR-->GE,SR-->GE,SR-->GE,SR-->GE,SR-->GE,,,,,,,,,,,,,,,,,GE-->SR,GE-->SR,GE-->SR,GE-->SR,GE-->SR,GE-->SR,GE-->SR,GE-->SR,GE-->SR,GE-->SR,GE-->SR,GE-->SR,GE-->SR,GE-->SR,GE-->SR,GE-->SR,GE-->SR,GE-->SR,GE-->SR
SJ,SJM,Svalbard and Jan Mayen,Longyearbyen,Europe,Northern Europe,,SJ-->GE,SJ-->GE,SJ-->GE,SJ-->GE,SJ-->GE,SJ-->GE,SJ-->GE,SJ-->GE,SJ-->GE,SJ-->GE,SJ-->GE,SJ-->GE,SJ-->GE,SJ-->GE,SJ-->GE,SJ-->GE,SJ-->GE,SJ-->GE,SJ-->GE,,,,,,,,,,,,,,,,,GE-->SJ,GE-->SJ,GE-->SJ,GE-->SJ,GE-->SJ,GE-->SJ,GE-->SJ,GE-->SJ,GE-->SJ,GE-->SJ,GE-->SJ,GE-->SJ,GE-->SJ,GE-->SJ,GE-->SJ,GE-->SJ,GE-->SJ,GE-->SJ,GE-->SJ
SZ,SWZ,Swaziland,Lobamba,Africa,Southern Africa,,SZ-->GE,SZ-->GE,SZ-->GE,SZ-->GE,SZ-->GE,SZ-->GE,SZ-->GE,SZ-->GE,SZ-->GE,SZ-->GE,SZ-->GE,SZ-->GE,SZ-->GE,SZ-->GE,SZ-->GE,SZ-->GE,SZ-->GE,SZ-->GE,SZ-->GE,,,,,,,,,,,,,,,,,GE-->SZ,GE-->SZ,GE-->SZ,GE-->SZ,GE-->SZ,GE-->SZ,GE-->SZ,GE-->SZ,GE-->SZ,GE-->SZ,GE-->SZ,GE-->SZ,GE-->SZ,GE-->SZ,GE-->SZ,GE-->SZ,GE-->SZ,GE-->SZ,GE-->SZ
SE,SWE,Sweden,Stockholm,Europe,Northern Europe,,SE-->GE,SE-->GE,SE-->GE,SE-->GE,SE-->GE,SE-->GE,SE-->GE,SE-->GE,SE-->GE,SE-->GE,SE-->GE,SE-->GE,SE-->GE,SE-->GE,SE-->GE,SE-->GE,SE-->GE,SE-->GE,SE-->GE,,,,,,,,,,,,,,,,,GE-->SE,GE-->SE,GE-->SE,GE-->SE,GE-->SE,GE-->SE,GE-->SE,GE-->SE,GE-->SE,GE-->SE,GE-->SE,GE-->SE,GE-->SE,GE-->SE,GE-->SE,GE-->SE,GE-->SE,GE-->SE,GE-->SE
CH,CHE,Switzerland,Bern,Europe,Western Europe,,CH-->GE,CH-->GE,CH-->GE,CH-->GE,CH-->GE,CH-->GE,CH-->GE,CH-->GE,CH-->GE,CH-->GE,CH-->GE,CH-->GE,CH-->GE,CH-->GE,CH-->GE,CH-->GE,CH-->GE,CH-->GE,CH-->GE,,,,,,,,,,,,,,,,,GE-->CH,GE-->CH,GE-->CH,GE-->CH,GE-->CH,GE-->CH,GE-->CH,GE-->CH,GE-->CH,GE-->CH,GE-->CH,GE-->CH,GE-->CH,GE-->CH,GE-->CH,GE-->CH,GE-->CH,GE-->CH,GE-->CH
SY,SYR,Syria,Damascus,Asia,Western Asia,,SY-->GE,SY-->GE,SY-->GE,SY-->GE,SY-->GE,SY-->GE,SY-->GE,SY-->GE,SY-->GE,SY-->GE,SY-->GE,SY-->GE,SY-->GE,SY-->GE,SY-->GE,SY-->GE,SY-->GE,SY-->GE,SY-->GE,,,,,,,,,,,,,,,,,GE-->SY,GE-->SY,GE-->SY,GE-->SY,GE-->SY,GE-->SY,GE-->SY,GE-->SY,GE-->SY,GE-->SY,GE-->SY,GE-->SY,GE-->SY,GE-->SY,GE-->SY,GE-->SY,GE-->SY,GE-->SY,GE-->SY
TW,TWN,Taiwan,Taipei,Asia,Eastern Asia,,TW-->GE,TW-->GE,TW-->GE,TW-->GE,TW-->GE,TW-->GE,TW-->GE,TW-->GE,TW-->GE,TW-->GE,TW-->GE,TW-->GE,TW-->GE,TW-->GE,TW-->GE,TW-->GE,TW-->GE,TW-->GE,TW-->GE,,,,,,,,,,,,,,,,,GE-->TW,GE-->TW,GE-->TW,GE-->TW,GE-->TW,GE-->TW,GE-->TW,GE-->TW,GE-->TW,GE-->TW,GE-->TW,GE-->TW,GE-->TW,GE-->TW,GE-->TW,GE-->TW,GE-->TW,GE-->TW,GE-->TW
TJ,TJK,Tajikistan,Dushanbe,Asia,Central Asia,,TJ-->GE,TJ-->GE,TJ-->GE,TJ-->GE,TJ-->GE,TJ-->GE,TJ-->GE,TJ-->GE,TJ-->GE,TJ-->GE,TJ-->GE,TJ-->GE,TJ-->GE,TJ-->GE,TJ-->GE,TJ-->GE,TJ-->GE,TJ-->GE,TJ-->GE,,,,,,,,,,,,,,,,,GE-->TJ,GE-->TJ,GE-->TJ,GE-->TJ,GE-->TJ,GE-->TJ,GE-->TJ,GE-->TJ,GE-->TJ,GE-->TJ,GE-->TJ,GE-->TJ,GE-->TJ,GE-->TJ,GE-->TJ,GE-->TJ,GE-->TJ,GE-->TJ,GE-->TJ
TZ,TZA,Tanzania,Dodoma,Africa,Eastern Africa,,TZ-->GE,TZ-->GE,TZ-->GE,TZ-->GE,TZ-->GE,TZ-->GE,TZ-->GE,TZ-->GE,TZ-->GE,TZ-->GE,TZ-->GE,TZ-->GE,TZ-->GE,TZ-->GE,TZ-->GE,TZ-->GE,TZ-->GE,TZ-->GE,TZ-->GE,,,,,,,,,,,,,,,,,GE-->TZ,GE-->TZ,GE-->TZ,GE-->TZ,GE-->TZ,GE-->TZ,GE-->TZ,GE-->TZ,GE-->TZ,GE-->TZ,GE-->TZ,GE-->TZ,GE-->TZ,GE-->TZ,GE-->TZ,GE-->TZ,GE-->TZ,GE-->TZ,GE-->TZ
TH,THA,Thailand,Bangkok,Asia,South-Eastern Asia,,TH-->GE,TH-->GE,TH-->GE,TH-->GE,TH-->GE,TH-->GE,TH-->GE,TH-->GE,TH-->GE,TH-->GE,TH-->GE,TH-->GE,TH-->GE,TH-->GE,TH-->GE,TH-->GE,TH-->GE,TH-->GE,TH-->GE,,,,,,,,,,,,,,,,,GE-->TH,GE-->TH,GE-->TH,GE-->TH,GE-->TH,GE-->TH,GE-->TH,GE-->TH,GE-->TH,GE-->TH,GE-->TH,GE-->TH,GE-->TH,GE-->TH,GE-->TH,GE-->TH,GE-->TH,GE-->TH,GE-->TH
TL,TLS,East Timor,Dili,Asia,South-Eastern Asia,,TL-->GE,TL-->GE,TL-->GE,TL-->GE,TL-->GE,TL-->GE,TL-->GE,TL-->GE,TL-->GE,TL-->GE,TL-->GE,TL-->GE,TL-->GE,TL-->GE,TL-->GE,TL-->GE,TL-->GE,TL-->GE,TL-->GE,,,,,,,,,,,,,,,,,GE-->TL,GE-->TL,GE-->TL,GE-->TL,GE-->TL,GE-->TL,GE-->TL,GE-->TL,GE-->TL,GE-->TL,GE-->TL,GE-->TL,GE-->TL,GE-->TL,GE-->TL,GE-->TL,GE-->TL,GE-->TL,GE-->TL
TG,TGO,Togo,Lomé,Africa,Western Africa,,TG-->GE,TG-->GE,TG-->GE,TG-->GE,TG-->GE,TG-->GE,TG-->GE,TG-->GE,TG-->GE,TG-->GE,TG-->GE,TG-->GE,TG-->GE,TG-->GE,TG-->GE,TG-->GE,TG-->GE,TG-->GE,TG-->GE,,,,,,,,,,,,,,,,,GE-->TG,GE-->TG,GE-->TG,GE-->TG,GE-->TG,GE-->TG,GE-->TG,GE-->TG,GE-->TG,GE-->TG,GE-->TG,GE-->TG,GE-->TG,GE-->TG,GE-->TG,GE-->TG,GE-->TG,GE-->TG,GE-->TG
TK,TKL,Tokelau,Fakaofo,Oceania,Polynesia,,TK-->GE,TK-->GE,TK-->GE,TK-->GE,TK-->GE,TK-->GE,TK-->GE,TK-->GE,TK-->GE,TK-->GE,TK-->GE,TK-->GE,TK-->GE,TK-->GE,TK-->GE,TK-->GE,TK-->GE,TK-->GE,TK-->GE,,,,,,,,,,,,,,,,,GE-->TK,GE-->TK,GE-->TK,GE-->TK,GE-->TK,GE-->TK,GE-->TK,GE-->TK,GE-->TK,GE-->TK,GE-->TK,GE-->TK,GE-->TK,GE-->TK,GE-->TK,GE-->TK,GE-->TK,GE-->TK,GE-->TK
TO,TON,Tonga,Nuku'alofa,Oceania,Polynesia,,TO-->GE,TO-->GE,TO-->GE,TO-->GE,TO-->GE,TO-->GE,TO-->GE,TO-->GE,TO-->GE,TO-->GE,TO-->GE,TO-->GE,TO-->GE,TO-->GE,TO-->GE,TO-->GE,TO-->GE,TO-->GE,TO-->GE,,,,,,,,,,,,,,,,,GE-->TO,GE-->TO,GE-->TO,GE-->TO,GE-->TO,GE-->TO,GE-->TO,GE-->TO,GE-->TO,GE-->TO,GE-->TO,GE-->TO,GE-->TO,GE-->TO,GE-->TO,GE-->TO,GE-->TO,GE-->TO,GE-->TO
TT,TTO,Trinidad and Tobago,Port of Spain,Americas,Caribbean,,TT-->GE,TT-->GE,TT-->GE,TT-->GE,TT-->GE,TT-->GE,TT-->GE,TT-->GE,TT-->GE,TT-->GE,TT-->GE,TT-->GE,TT-->GE,TT-->GE,TT-->GE,TT-->GE,TT-->GE,TT-->GE,TT-->GE,,,,,,,,,,,,,,,,,GE-->TT,GE-->TT,GE-->TT,GE-->TT,GE-->TT,GE-->TT,GE-->TT,GE-->TT,GE-->TT,GE-->TT,GE-->TT,GE-->TT,GE-->TT,GE-->TT,GE-->TT,GE-->TT,GE-->TT,GE-->TT,GE-->TT
TN,TUN,Tunisia,Tunis,Africa,Northern Africa,,TN-->GE,TN-->GE,TN-->GE,TN-->GE,TN-->GE,TN-->GE,TN-->GE,TN-->GE,TN-->GE,TN-->GE,TN-->GE,TN-->GE,TN-->GE,TN-->GE,TN-->GE,TN-->GE,TN-->GE,TN-->GE,TN-->GE,,,,,,,,,,,,,,,,,GE-->TN,GE-->TN,GE-->TN,GE-->TN,GE-->TN,GE-->TN,GE-->TN,GE-->TN,GE-->TN,GE-->TN,GE-->TN,GE-->TN,GE-->TN,GE-->TN,GE-->TN,GE-->TN,GE-->TN,GE-->TN,GE-->TN
TR,TUR,Turkey,Ankara,Asia,Western Asia,,TR-->GE,TR-->GE,TR-->GE,TR-->GE,TR-->GE,TR-->GE,TR-->GE,TR-->GE,TR-->GE,TR-->GE,TR-->GE,TR-->GE,TR-->GE,TR-->GE,TR-->GE,TR-->GE,TR-->GE,TR-->GE,TR-->GE,,,,,,,,,,,,,,,,,GE-->TR,GE-->TR,GE-->TR,GE-->TR,GE-->TR,GE-->TR,GE-->TR,GE-->TR,GE-->TR,GE-->TR,GE-->TR,GE-->TR,GE-->TR,GE-->TR,GE-->TR,GE-->TR,GE-->TR,GE-->TR,GE-->TR
TM,TKM,Turkmenistan,Ashgabat,Asia,Central Asia,,TM-->GE,TM-->GE,TM-->GE,TM-->GE,TM-->GE,TM-->GE,TM-->GE,TM-->GE,TM-->GE,TM-->GE,TM-->GE,TM-->GE,TM-->GE,TM-->GE,TM-->GE,TM-->GE,TM-->GE,TM-->GE,TM-->GE,,,,,,,,,,,,,,,,,GE-->TM,GE-->TM,GE-->TM,GE-->TM,GE-->TM,GE-->TM,GE-->TM,GE-->TM,GE-->TM,GE-->TM,GE-->TM,GE-->TM,GE-->TM,GE-->TM,GE-->TM,GE-->TM,GE-->TM,GE-->TM,GE-->TM
TC,TCA,Turks and Caicos Islands,Cockburn Town,Americas,Caribbean,,TC-->GE,TC-->GE,TC-->GE,TC-->GE,TC-->GE,TC-->GE,TC-->GE,TC-->GE,TC-->GE,TC-->GE,TC-->GE,TC-->GE,TC-->GE,TC-->GE,TC-->GE,TC-->GE,TC-->GE,TC-->GE,TC-->GE,,,,,,,,,,,,,,,,,GE-->TC,GE-->TC,GE-->TC,GE-->TC,GE-->TC,GE-->TC,GE-->TC,GE-->TC,GE-->TC,GE-->TC,GE-->TC,GE-->TC,GE-->TC,GE-->TC,GE-->TC,GE-->TC,GE-->TC,GE-->TC,GE-->TC
TV,TUV,Tuvalu,Funafuti,Oceania,Polynesia,,TV-->GE,TV-->GE,TV-->GE,TV-->GE,TV-->GE,TV-->GE,TV-->GE,TV-->GE,TV-->GE,TV-->GE,TV-->GE,TV-->GE,TV-->GE,TV-->GE,TV-->GE,TV-->GE,TV-->GE,TV-->GE,TV-->GE,,,,,,,,,,,,,,,,,GE-->TV,GE-->TV,GE-->TV,GE-->TV,GE-->TV,GE-->TV,GE-->TV,GE-->TV,GE-->TV,GE-->TV,GE-->TV,GE-->TV,GE-->TV,GE-->TV,GE-->TV,GE-->TV,GE-->TV,GE-->TV,GE-->TV
UG,UGA,Uganda,Kampala,Africa,Eastern Africa,,UG-->GE,UG-->GE,UG-->GE,UG-->GE,UG-->GE,UG-->GE,UG-->GE,UG-->GE,UG-->GE,UG-->GE,UG-->GE,UG-->GE,UG-->GE,UG-->GE,UG-->GE,UG-->GE,UG-->GE,UG-->GE,UG-->GE,,,,,,,,,,,,,,,,,GE-->UG,GE-->UG,GE-->UG,GE-->UG,GE-->UG,GE-->UG,GE-->UG,GE-->UG,GE-->UG,GE-->UG,GE-->UG,GE-->UG,GE-->UG,GE-->UG,GE-->UG,GE-->UG,GE-->UG,GE-->UG,GE-->UG
UA,UKR,Ukraine,Kiev,Europe,Eastern Europe,,UA-->GE,UA-->GE,UA-->GE,UA-->GE,UA-->GE,UA-->GE,UA-->GE,UA-->GE,UA-->GE,UA-->GE,UA-->GE,UA-->GE,UA-->GE,UA-->GE,UA-->GE,UA-->GE,UA-->GE,UA-->GE,UA-->GE,,,,,,,,,,,,,,,,,GE-->UA,GE-->UA,GE-->UA,GE-->UA,GE-->UA,GE-->UA,GE-->UA,GE-->UA,GE-->UA,GE-->UA,GE-->UA,GE-->UA,GE-->UA,GE-->UA,GE-->UA,GE-->UA,GE-->UA,GE-->UA,GE-->UA
AE,ARE,United Arab Emirates,Abu Dhabi,Asia,Western Asia,,AE-->GE,AE-->GE,AE-->GE,AE-->GE,AE-->GE,AE-->GE,AE-->GE,AE-->GE,AE-->GE,AE-->GE,AE-->GE,AE-->GE,AE-->GE,AE-->GE,AE-->GE,AE-->GE,AE-->GE,AE-->GE,AE-->GE,,,,,,,,,,,,,,,,,GE-->AE,GE-->AE,GE-->AE,GE-->AE,GE-->AE,GE-->AE,GE-->AE,GE-->AE,GE-->AE,GE-->AE,GE-->AE,GE-->AE,GE-->AE,GE-->AE,GE-->AE,GE-->AE,GE-->AE,GE-->AE,GE-->AE
GB,GBR,United Kingdom,London,Europe,Northern Europe,,GB-->GE,GB-->GE,GB-->GE,GB-->GE,GB-->GE,GB-->GE,GB-->GE,GB-->GE,GB-->GE,GB-->GE,GB-->GE,GB-->GE,GB-->GE,GB-->GE,GB-->GE,GB-->GE,GB-->GE,GB-->GE,GB-->GE,,,,,,,,,,,,,,,,,GE-->GB,GE-->GB,GE-->GB,GE-->GB,GE-->GB,GE-->GB,GE-->GB,GE-->GB,GE-->GB,GE-->GB,GE-->GB,GE-->GB,GE-->GB,GE-->GB,GE-->GB,GE-->GB,GE-->GB,GE-->GB,GE-->GB
US,USA,United States,"Washington, D.C.",Americas,Northern America,,US-->GE,US-->GE,US-->GE,US-->GE,US-->GE,US-->GE,US-->GE,US-->GE,US-->GE,US-->GE,US-->GE,US-->GE,US-->GE,US-->GE,US-->GE,US-->GE,US-->GE,US-->GE,US-->GE,,,,,,,,,,,,,,,,,GE-->US,GE-->US,GE-->US,GE-->US,GE-->US,GE-->US,GE-->US,GE-->US,GE-->US,GE-->US,GE-->US,GE-->US,GE-->US,GE-->US,GE-->US,GE-->US,GE-->US,GE-->US,GE-->US
UY,URY,Uruguay,Montevideo,Americas,South America,,UY-->GE,UY-->GE,UY-->GE,UY-->GE,UY-->GE,UY-->GE,UY-->GE,UY-->GE,UY-->GE,UY-->GE,UY-->GE,UY-->GE,UY-->GE,UY-->GE,UY-->GE,UY-->GE,UY-->GE,UY-->GE,UY-->GE,,,,,,,,,,,,,,,,,GE-->UY,GE-->UY,GE-->UY,GE-->UY,GE-->UY,GE-->UY,GE-->UY,GE-->UY,GE-->UY,GE-->UY,GE-->UY,GE-->UY,GE-->UY,GE-->UY,GE-->UY,GE-->UY,GE-->UY,GE-->UY,GE-->UY
UZ,UZB,Uzbekistan,Tashkent,Asia,Central Asia,,UZ-->GE,UZ-->GE,UZ-->GE,UZ-->GE,UZ-->GE,UZ-->GE,UZ-->GE,UZ-->GE,UZ-->GE,UZ-->GE,UZ-->GE,UZ-->GE,UZ-->GE,UZ-->GE,UZ-->GE,UZ-->GE,UZ-->GE,UZ-->GE,UZ-->GE,,,,,,,,,,,,,,,,,GE-->UZ,GE-->UZ,GE-->UZ,GE-->UZ,GE-->UZ,GE-->UZ,GE-->UZ,GE-->UZ,GE-->UZ,GE-->UZ,GE-->UZ,GE-->UZ,GE-->UZ,GE-->UZ,GE-->UZ,GE-->UZ,GE-->UZ,GE-->UZ,GE-->UZ
VU,VUT,Vanuatu,Port Vila,Oceania,Melanesia,,VU-->GE,VU-->GE,VU-->GE,VU-->GE,VU-->GE,VU-->GE,VU-->GE,VU-->GE,VU-->GE,VU-->GE,VU-->GE,VU-->GE,VU-->GE,VU-->GE,VU-->GE,VU-->GE,VU-->GE,VU-->GE,VU-->GE,,,,,,,,,,,,,,,,,GE-->VU,GE-->VU,GE-->VU,GE-->VU,GE-->VU,GE-->VU,GE-->VU,GE-->VU,GE-->VU,GE-->VU,GE-->VU,GE-->VU,GE-->VU,GE-->VU,GE-->VU,GE-->VU,GE-->VU,GE-->VU,GE-->VU
VE,VEN,Venezuela,Caracas,Americas,South America,,VE-->GE,VE-->GE,VE-->GE,VE-->GE,VE-->GE,VE-->GE,VE-->GE,VE-->GE,VE-->GE,VE-->GE,VE-->GE,VE-->GE,VE-->GE,VE-->GE,VE-->GE,VE-->GE,VE-->GE,VE-->GE,VE-->GE,,,,,,,,,,,,,,,,,GE-->VE,GE-->VE,GE-->VE,GE-->VE,GE-->VE,GE-->VE,GE-->VE,GE-->VE,GE-->VE,GE-->VE,GE-->VE,GE-->VE,GE-->VE,GE-->VE,GE-->VE,GE-->VE,GE-->VE,GE-->VE,GE-->VE
VN,VNM,Vietnam,Hanoi,Asia,South-Eastern Asia,,VN-->GE,VN-->GE,VN-->GE,VN-->GE,VN-->GE,VN-->GE,VN-->GE,VN-->GE,VN-->GE,VN-->GE,VN-->GE,VN-->GE,VN-->GE,VN-->GE,VN-->GE,VN-->GE,VN-->GE,VN-->GE,VN-->GE,,,,,,,,,,,,,,,,,GE-->VN,GE-->VN,GE-->VN,GE-->VN,GE-->VN,GE-->VN,GE-->VN,GE-->VN,GE-->VN,GE-->VN,GE-->VN,GE-->VN,GE-->VN,GE-->VN,GE-->VN,GE-->VN,GE-->VN,GE-->VN,GE-->VN
WF,WLF,Wallis and Futuna,Mata-Utu,Oceania,Polynesia,,WF-->GE,WF-->GE,WF-->GE,WF-->GE,WF-->GE,WF-->GE,WF-->GE,WF-->GE,WF-->GE,WF-->GE,WF-->GE,WF-->GE,WF-->GE,WF-->GE,WF-->GE,WF-->GE,WF-->GE,WF-->GE,WF-->GE,,,,,,,,,,,,,,,,,GE-->WF,GE-->WF,GE-->WF,GE-->WF,GE-->WF,GE-->WF,GE-->WF,GE-->WF,GE-->WF,GE-->WF,GE-->WF,GE-->WF,GE-->WF,GE-->WF,GE-->WF,GE-->WF,GE-->WF,GE-->WF,GE-->WF
EH,ESH,Western Sahara,El Aaiún,Africa,Northern Africa,,EH-->GE,EH-->GE,EH-->GE,EH-->GE,EH-->GE,EH-->GE,EH-->GE,EH-->GE,EH-->GE,EH-->GE,EH-->GE,EH-->GE,EH-->GE,EH-->GE,EH-->GE,EH-->GE,EH-->GE,EH-->GE,EH-->GE,,,,,,,,,,,,,,,,,GE-->EH,GE-->EH,GE-->EH,GE-->EH,GE-->EH,GE-->EH,GE-->EH,GE-->EH,GE-->EH,GE-->EH,GE-->EH,GE-->EH,GE-->EH,GE-->EH,GE-->EH,GE-->EH,GE-->EH,GE-->EH,GE-->EH
YE,YEM,Yemen,Sana'a,Asia,Western Asia,,YE-->GE,YE-->GE,YE-->GE,YE-->GE,YE-->GE,YE-->GE,YE-->GE,YE-->GE,YE-->GE,YE-->GE,YE-->GE,YE-->GE,YE-->GE,YE-->GE,YE-->GE,YE-->GE,YE-->GE,YE-->GE,YE-->GE,,,,,,,,,,,,,,,,,GE-->YE,GE-->YE,GE-->YE,GE-->YE,GE-->YE,GE-->YE,GE-->YE,GE-->YE,GE-->YE,GE-->YE,GE-->YE,GE-->YE,GE-->YE,GE-->YE,GE-->YE,GE-->YE,GE-->YE,GE-->YE,GE-->YE
ZM,ZMB,Zambia,Lusaka,Africa,Eastern Africa,,ZM-->GE,ZM-->GE,ZM-->GE,ZM-->GE,ZM-->GE,ZM-->GE,ZM-->GE,ZM-->GE,ZM-->GE,ZM-->GE,ZM-->GE,ZM-->GE,ZM-->GE,ZM-->GE,ZM-->GE,ZM-->GE,ZM-->GE,ZM-->GE,ZM-->GE,,,,,,,,,,,,,,,,,GE-->ZM,GE-->ZM,GE-->ZM,GE-->ZM,GE-->ZM,GE-->ZM,GE-->ZM,GE-->ZM,GE-->ZM,GE-->ZM,GE-->ZM,GE-->ZM,GE-->ZM,GE-->ZM,GE-->ZM,GE-->ZM,GE-->ZM,GE-->ZM,GE-->ZM
ZW,ZWE,Zimbabwe,Harare,Africa,Eastern Africa,,ZW-->GE,ZW-->GE,ZW-->GE,ZW-->GE,ZW-->GE,ZW-->GE,ZW-->GE,ZW-->GE,ZW-->GE,ZW-->GE,ZW-->GE,ZW-->GE,ZW-->GE,ZW-->GE,ZW-->GE,ZW-->GE,ZW-->GE,ZW-->GE,ZW-->GE,,,,,,,,,,,,,,,,,GE-->ZW,GE-->ZW,GE-->ZW,GE-->ZW,GE-->ZW,GE-->ZW,GE-->ZW,GE-->ZW,GE-->ZW,GE-->ZW,GE-->ZW,GE-->ZW,GE-->ZW,GE-->ZW,GE-->ZW,GE-->ZW,GE-->ZW,GE-->ZW,GE-->ZW
