nu,code,name,capital,region,subregion,Unnamed: 6,quara/into/where/e,quara/into/where/v,quara/into/where/uv,quara/into/min/e,quara/into/min/v,quara/into/min/uv,quara/into/max/e,quara/into/max/v,quara/into/max/uv,quara/into/comment,test/into/pcr/e,test/into/pcr/v,test/into/pcr/uv,test/into/ag/e,test/into/ag/v,test/into/ag/uv,test/into/comment,visa/into,visa/into/comment,loadStates/into,Unnamed: 27,Unnamed: 28,Unnamed: 29,Unnamed: 30,Unnamed: 31,Unnamed: 32,Unnamed: 33,Unnamed: 34,Unnamed: 35,Unnamed: 36,Unnamed: 37,Unnamed: 38,Unnamed: 39,Unnamed: 40,Unnamed: 41,quara/out/where/e,quara/out/where/v,quara/out/where/uv,quara/out/min/e,quara/out/min/v,quara/out/min/uv,quara/out/max/e,quara/out/max/v,quara/out/max/uv,quara/out/comment,test/out/pcr/e,test/out/pcr/v,test/out/pcr/uv,test/out/ag/e,test/out/ag/v,test/out/ag/uv,test/out/comment,visa/out,visa/out/comment
AF,AFG,Afghanistan,Kabul,Asia,Southern Asia,,AF-->KZ,AF-->KZ,AF-->KZ,AF-->KZ,AF-->KZ,AF-->KZ,AF-->KZ,AF-->KZ,AF-->KZ,AF-->KZ,AF-->KZ,AF-->KZ,AF-->KZ,AF-->KZ,AF-->KZ,AF-->KZ,AF-->KZ,AF-->KZ,AF-->KZ,,,,,,,,,,,,,,,,,KZ-->AF,KZ-->AF,KZ-->AF,KZ-->AF,KZ-->AF,KZ-->AF,KZ-->AF,KZ-->AF,KZ-->AF,KZ-->AF,KZ-->AF,KZ-->AF,KZ-->AF,KZ-->AF,KZ-->AF,KZ-->AF,KZ-->AF,KZ-->AF,KZ-->AF
AX,ALA,Åland Islands,Mariehamn,Europe,Northern Europe,,AX-->KZ,AX-->KZ,AX-->KZ,AX-->KZ,AX-->KZ,AX-->KZ,AX-->KZ,AX-->KZ,AX-->KZ,AX-->KZ,AX-->KZ,AX-->KZ,AX-->KZ,AX-->KZ,AX-->KZ,AX-->KZ,AX-->KZ,AX-->KZ,AX-->KZ,,,,,,,,,,,,,,,,,KZ-->AX,KZ-->AX,KZ-->AX,KZ-->AX,KZ-->AX,KZ-->AX,KZ-->AX,KZ-->AX,KZ-->AX,KZ-->AX,KZ-->AX,KZ-->AX,KZ-->AX,KZ-->AX,KZ-->AX,KZ-->AX,KZ-->AX,KZ-->AX,KZ-->AX
AL,ALB,Albania,Tirana,Europe,Southern Europe,,AL-->KZ,AL-->KZ,AL-->KZ,AL-->KZ,AL-->KZ,AL-->KZ,AL-->KZ,AL-->KZ,AL-->KZ,AL-->KZ,AL-->KZ,AL-->KZ,AL-->KZ,AL-->KZ,AL-->KZ,AL-->KZ,AL-->KZ,AL-->KZ,AL-->KZ,,,,,,,,,,,,,,,,,KZ-->AL,KZ-->AL,KZ-->AL,KZ-->AL,KZ-->AL,KZ-->AL,KZ-->AL,KZ-->AL,KZ-->AL,KZ-->AL,KZ-->AL,KZ-->AL,KZ-->AL,KZ-->AL,KZ-->AL,KZ-->AL,KZ-->AL,KZ-->AL,KZ-->AL
DZ,DZA,Algeria,Algiers,Africa,Northern Africa,,DZ-->KZ,DZ-->KZ,DZ-->KZ,DZ-->KZ,DZ-->KZ,DZ-->KZ,DZ-->KZ,DZ-->KZ,DZ-->KZ,DZ-->KZ,DZ-->KZ,DZ-->KZ,DZ-->KZ,DZ-->KZ,DZ-->KZ,DZ-->KZ,DZ-->KZ,DZ-->KZ,DZ-->KZ,,,,,,,,,,,,,,,,,KZ-->DZ,KZ-->DZ,KZ-->DZ,KZ-->DZ,KZ-->DZ,KZ-->DZ,KZ-->DZ,KZ-->DZ,KZ-->DZ,KZ-->DZ,KZ-->DZ,KZ-->DZ,KZ-->DZ,KZ-->DZ,KZ-->DZ,KZ-->DZ,KZ-->DZ,KZ-->DZ,KZ-->DZ
AS,ASM,American Samoa,Pago Pago,Oceania,Polynesia,,AS-->KZ,AS-->KZ,AS-->KZ,AS-->KZ,AS-->KZ,AS-->KZ,AS-->KZ,AS-->KZ,AS-->KZ,AS-->KZ,AS-->KZ,AS-->KZ,AS-->KZ,AS-->KZ,AS-->KZ,AS-->KZ,AS-->KZ,AS-->KZ,AS-->KZ,,,,,,,,,,,,,,,,,KZ-->AS,KZ-->AS,KZ-->AS,KZ-->AS,KZ-->AS,KZ-->AS,KZ-->AS,KZ-->AS,KZ-->AS,KZ-->AS,KZ-->AS,KZ-->AS,KZ-->AS,KZ-->AS,KZ-->AS,KZ-->AS,KZ-->AS,KZ-->AS,KZ-->AS
AD,AND,Andorra,Andorra la Vella,Europe,Southern Europe,,AD-->KZ,AD-->KZ,AD-->KZ,AD-->KZ,AD-->KZ,AD-->KZ,AD-->KZ,AD-->KZ,AD-->KZ,AD-->KZ,AD-->KZ,AD-->KZ,AD-->KZ,AD-->KZ,AD-->KZ,AD-->KZ,AD-->KZ,AD-->KZ,AD-->KZ,,,,,,,,,,,,,,,,,KZ-->AD,KZ-->AD,KZ-->AD,KZ-->AD,KZ-->AD,KZ-->AD,KZ-->AD,KZ-->AD,KZ-->AD,KZ-->AD,KZ-->AD,KZ-->AD,KZ-->AD,KZ-->AD,KZ-->AD,KZ-->AD,KZ-->AD,KZ-->AD,KZ-->AD
AO,AGO,Angola,Luanda,Africa,Middle Africa,,AO-->KZ,AO-->KZ,AO-->KZ,AO-->KZ,AO-->KZ,AO-->KZ,AO-->KZ,AO-->KZ,AO-->KZ,AO-->KZ,AO-->KZ,AO-->KZ,AO-->KZ,AO-->KZ,AO-->KZ,AO-->KZ,AO-->KZ,AO-->KZ,AO-->KZ,,,,,,,,,,,,,,,,,KZ-->AO,KZ-->AO,KZ-->AO,KZ-->AO,KZ-->AO,KZ-->AO,KZ-->AO,KZ-->AO,KZ-->AO,KZ-->AO,KZ-->AO,KZ-->AO,KZ-->AO,KZ-->AO,KZ-->AO,KZ-->AO,KZ-->AO,KZ-->AO,KZ-->AO
AI,AIA,Anguilla,The Valley,Americas,Caribbean,,AI-->KZ,AI-->KZ,AI-->KZ,AI-->KZ,AI-->KZ,AI-->KZ,AI-->KZ,AI-->KZ,AI-->KZ,AI-->KZ,AI-->KZ,AI-->KZ,AI-->KZ,AI-->KZ,AI-->KZ,AI-->KZ,AI-->KZ,AI-->KZ,AI-->KZ,,,,,,,,,,,,,,,,,KZ-->AI,KZ-->AI,KZ-->AI,KZ-->AI,KZ-->AI,KZ-->AI,KZ-->AI,KZ-->AI,KZ-->AI,KZ-->AI,KZ-->AI,KZ-->AI,KZ-->AI,KZ-->AI,KZ-->AI,KZ-->AI,KZ-->AI,KZ-->AI,KZ-->AI
AQ,ATA,Antarctica,,Polar,,,AQ-->KZ,AQ-->KZ,AQ-->KZ,AQ-->KZ,AQ-->KZ,AQ-->KZ,AQ-->KZ,AQ-->KZ,AQ-->KZ,AQ-->KZ,AQ-->KZ,AQ-->KZ,AQ-->KZ,AQ-->KZ,AQ-->KZ,AQ-->KZ,AQ-->KZ,AQ-->KZ,AQ-->KZ,,,,,,,,,,,,,,,,,KZ-->AQ,KZ-->AQ,KZ-->AQ,KZ-->AQ,KZ-->AQ,KZ-->AQ,KZ-->AQ,KZ-->AQ,KZ-->AQ,KZ-->AQ,KZ-->AQ,KZ-->AQ,KZ-->AQ,KZ-->AQ,KZ-->AQ,KZ-->AQ,KZ-->AQ,KZ-->AQ,KZ-->AQ
AG,ATG,Antigua and Barbuda,Saint John's,Americas,Caribbean,,AG-->KZ,AG-->KZ,AG-->KZ,AG-->KZ,AG-->KZ,AG-->KZ,AG-->KZ,AG-->KZ,AG-->KZ,AG-->KZ,AG-->KZ,AG-->KZ,AG-->KZ,AG-->KZ,AG-->KZ,AG-->KZ,AG-->KZ,AG-->KZ,AG-->KZ,,,,,,,,,,,,,,,,,KZ-->AG,KZ-->AG,KZ-->AG,KZ-->AG,KZ-->AG,KZ-->AG,KZ-->AG,KZ-->AG,KZ-->AG,KZ-->AG,KZ-->AG,KZ-->AG,KZ-->AG,KZ-->AG,KZ-->AG,KZ-->AG,KZ-->AG,KZ-->AG,KZ-->AG
AR,ARG,Argentina,Buenos Aires,Americas,South America,,AR-->KZ,AR-->KZ,AR-->KZ,AR-->KZ,AR-->KZ,AR-->KZ,AR-->KZ,AR-->KZ,AR-->KZ,AR-->KZ,AR-->KZ,AR-->KZ,AR-->KZ,AR-->KZ,AR-->KZ,AR-->KZ,AR-->KZ,AR-->KZ,AR-->KZ,,,,,,,,,,,,,,,,,KZ-->AR,KZ-->AR,KZ-->AR,KZ-->AR,KZ-->AR,KZ-->AR,KZ-->AR,KZ-->AR,KZ-->AR,KZ-->AR,KZ-->AR,KZ-->AR,KZ-->AR,KZ-->AR,KZ-->AR,KZ-->AR,KZ-->AR,KZ-->AR,KZ-->AR
AM,ARM,Armenia,Yerevan,Asia,Western Asia,,AM-->KZ,AM-->KZ,AM-->KZ,AM-->KZ,AM-->KZ,AM-->KZ,AM-->KZ,AM-->KZ,AM-->KZ,AM-->KZ,AM-->KZ,AM-->KZ,AM-->KZ,AM-->KZ,AM-->KZ,AM-->KZ,AM-->KZ,AM-->KZ,AM-->KZ,,,,,,,,,,,,,,,,,KZ-->AM,KZ-->AM,KZ-->AM,KZ-->AM,KZ-->AM,KZ-->AM,KZ-->AM,KZ-->AM,KZ-->AM,KZ-->AM,KZ-->AM,KZ-->AM,KZ-->AM,KZ-->AM,KZ-->AM,KZ-->AM,KZ-->AM,KZ-->AM,KZ-->AM
AW,ABW,Aruba,Oranjestad,Americas,Caribbean,,AW-->KZ,AW-->KZ,AW-->KZ,AW-->KZ,AW-->KZ,AW-->KZ,AW-->KZ,AW-->KZ,AW-->KZ,AW-->KZ,AW-->KZ,AW-->KZ,AW-->KZ,AW-->KZ,AW-->KZ,AW-->KZ,AW-->KZ,AW-->KZ,AW-->KZ,,,,,,,,,,,,,,,,,KZ-->AW,KZ-->AW,KZ-->AW,KZ-->AW,KZ-->AW,KZ-->AW,KZ-->AW,KZ-->AW,KZ-->AW,KZ-->AW,KZ-->AW,KZ-->AW,KZ-->AW,KZ-->AW,KZ-->AW,KZ-->AW,KZ-->AW,KZ-->AW,KZ-->AW
AU,AUS,Australia,Canberra,Oceania,Australia and New Zealand,,AU-->KZ,AU-->KZ,AU-->KZ,AU-->KZ,AU-->KZ,AU-->KZ,AU-->KZ,AU-->KZ,AU-->KZ,AU-->KZ,AU-->KZ,AU-->KZ,AU-->KZ,AU-->KZ,AU-->KZ,AU-->KZ,AU-->KZ,AU-->KZ,AU-->KZ,,,,,,,,,,,,,,,,,KZ-->AU,KZ-->AU,KZ-->AU,KZ-->AU,KZ-->AU,KZ-->AU,KZ-->AU,KZ-->AU,KZ-->AU,KZ-->AU,KZ-->AU,KZ-->AU,KZ-->AU,KZ-->AU,KZ-->AU,KZ-->AU,KZ-->AU,KZ-->AU,KZ-->AU
AT,AUT,Austria,Vienna,Europe,Western Europe,,AT-->KZ,AT-->KZ,AT-->KZ,AT-->KZ,AT-->KZ,AT-->KZ,AT-->KZ,AT-->KZ,AT-->KZ,AT-->KZ,AT-->KZ,AT-->KZ,AT-->KZ,AT-->KZ,AT-->KZ,AT-->KZ,AT-->KZ,AT-->KZ,AT-->KZ,,,,,,,,,,,,,,,,,KZ-->AT,KZ-->AT,KZ-->AT,KZ-->AT,KZ-->AT,KZ-->AT,KZ-->AT,KZ-->AT,KZ-->AT,KZ-->AT,KZ-->AT,KZ-->AT,KZ-->AT,KZ-->AT,KZ-->AT,KZ-->AT,KZ-->AT,KZ-->AT,KZ-->AT
AZ,AZE,Azerbaijan,Baku,Asia,Western Asia,,AZ-->KZ,AZ-->KZ,AZ-->KZ,AZ-->KZ,AZ-->KZ,AZ-->KZ,AZ-->KZ,AZ-->KZ,AZ-->KZ,AZ-->KZ,AZ-->KZ,AZ-->KZ,AZ-->KZ,AZ-->KZ,AZ-->KZ,AZ-->KZ,AZ-->KZ,AZ-->KZ,AZ-->KZ,,,,,,,,,,,,,,,,,KZ-->AZ,KZ-->AZ,KZ-->AZ,KZ-->AZ,KZ-->AZ,KZ-->AZ,KZ-->AZ,KZ-->AZ,KZ-->AZ,KZ-->AZ,KZ-->AZ,KZ-->AZ,KZ-->AZ,KZ-->AZ,KZ-->AZ,KZ-->AZ,KZ-->AZ,KZ-->AZ,KZ-->AZ
BS,BHS,The Bahamas,Nassau,Americas,Caribbean,,BS-->KZ,BS-->KZ,BS-->KZ,BS-->KZ,BS-->KZ,BS-->KZ,BS-->KZ,BS-->KZ,BS-->KZ,BS-->KZ,BS-->KZ,BS-->KZ,BS-->KZ,BS-->KZ,BS-->KZ,BS-->KZ,BS-->KZ,BS-->KZ,BS-->KZ,,,,,,,,,,,,,,,,,KZ-->BS,KZ-->BS,KZ-->BS,KZ-->BS,KZ-->BS,KZ-->BS,KZ-->BS,KZ-->BS,KZ-->BS,KZ-->BS,KZ-->BS,KZ-->BS,KZ-->BS,KZ-->BS,KZ-->BS,KZ-->BS,KZ-->BS,KZ-->BS,KZ-->BS
BH,BHR,Bahrain,Manama,Asia,Western Asia,,BH-->KZ,BH-->KZ,BH-->KZ,BH-->KZ,BH-->KZ,BH-->KZ,BH-->KZ,BH-->KZ,BH-->KZ,BH-->KZ,BH-->KZ,BH-->KZ,BH-->KZ,BH-->KZ,BH-->KZ,BH-->KZ,BH-->KZ,BH-->KZ,BH-->KZ,,,,,,,,,,,,,,,,,KZ-->BH,KZ-->BH,KZ-->BH,KZ-->BH,KZ-->BH,KZ-->BH,KZ-->BH,KZ-->BH,KZ-->BH,KZ-->BH,KZ-->BH,KZ-->BH,KZ-->BH,KZ-->BH,KZ-->BH,KZ-->BH,KZ-->BH,KZ-->BH,KZ-->BH
BD,BGD,Bangladesh,Dhaka,Asia,Southern Asia,,BD-->KZ,BD-->KZ,BD-->KZ,BD-->KZ,BD-->KZ,BD-->KZ,BD-->KZ,BD-->KZ,BD-->KZ,BD-->KZ,BD-->KZ,BD-->KZ,BD-->KZ,BD-->KZ,BD-->KZ,BD-->KZ,BD-->KZ,BD-->KZ,BD-->KZ,,,,,,,,,,,,,,,,,KZ-->BD,KZ-->BD,KZ-->BD,KZ-->BD,KZ-->BD,KZ-->BD,KZ-->BD,KZ-->BD,KZ-->BD,KZ-->BD,KZ-->BD,KZ-->BD,KZ-->BD,KZ-->BD,KZ-->BD,KZ-->BD,KZ-->BD,KZ-->BD,KZ-->BD
BB,BRB,Barbados,Bridgetown,Americas,Caribbean,,BB-->KZ,BB-->KZ,BB-->KZ,BB-->KZ,BB-->KZ,BB-->KZ,BB-->KZ,BB-->KZ,BB-->KZ,BB-->KZ,BB-->KZ,BB-->KZ,BB-->KZ,BB-->KZ,BB-->KZ,BB-->KZ,BB-->KZ,BB-->KZ,BB-->KZ,,,,,,,,,,,,,,,,,KZ-->BB,KZ-->BB,KZ-->BB,KZ-->BB,KZ-->BB,KZ-->BB,KZ-->BB,KZ-->BB,KZ-->BB,KZ-->BB,KZ-->BB,KZ-->BB,KZ-->BB,KZ-->BB,KZ-->BB,KZ-->BB,KZ-->BB,KZ-->BB,KZ-->BB
BY,BLR,Belarus,Minsk,Europe,Eastern Europe,,BY-->KZ,BY-->KZ,BY-->KZ,BY-->KZ,BY-->KZ,BY-->KZ,BY-->KZ,BY-->KZ,BY-->KZ,BY-->KZ,BY-->KZ,BY-->KZ,BY-->KZ,BY-->KZ,BY-->KZ,BY-->KZ,BY-->KZ,BY-->KZ,BY-->KZ,,,,,,,,,,,,,,,,,KZ-->BY,KZ-->BY,KZ-->BY,KZ-->BY,KZ-->BY,KZ-->BY,KZ-->BY,KZ-->BY,KZ-->BY,KZ-->BY,KZ-->BY,KZ-->BY,KZ-->BY,KZ-->BY,KZ-->BY,KZ-->BY,KZ-->BY,KZ-->BY,KZ-->BY
BE,BEL,Belgium,Brussels,Europe,Western Europe,,BE-->KZ,BE-->KZ,BE-->KZ,BE-->KZ,BE-->KZ,BE-->KZ,BE-->KZ,BE-->KZ,BE-->KZ,BE-->KZ,BE-->KZ,BE-->KZ,BE-->KZ,BE-->KZ,BE-->KZ,BE-->KZ,BE-->KZ,BE-->KZ,BE-->KZ,,,,,,,,,,,,,,,,,KZ-->BE,KZ-->BE,KZ-->BE,KZ-->BE,KZ-->BE,KZ-->BE,KZ-->BE,KZ-->BE,KZ-->BE,KZ-->BE,KZ-->BE,KZ-->BE,KZ-->BE,KZ-->BE,KZ-->BE,KZ-->BE,KZ-->BE,KZ-->BE,KZ-->BE
BZ,BLZ,Belize,Belmopan,Americas,Central America,,BZ-->KZ,BZ-->KZ,BZ-->KZ,BZ-->KZ,BZ-->KZ,BZ-->KZ,BZ-->KZ,BZ-->KZ,BZ-->KZ,BZ-->KZ,BZ-->KZ,BZ-->KZ,BZ-->KZ,BZ-->KZ,BZ-->KZ,BZ-->KZ,BZ-->KZ,BZ-->KZ,BZ-->KZ,,,,,,,,,,,,,,,,,KZ-->BZ,KZ-->BZ,KZ-->BZ,KZ-->BZ,KZ-->BZ,KZ-->BZ,KZ-->BZ,KZ-->BZ,KZ-->BZ,KZ-->BZ,KZ-->BZ,KZ-->BZ,KZ-->BZ,KZ-->BZ,KZ-->BZ,KZ-->BZ,KZ-->BZ,KZ-->BZ,KZ-->BZ
BJ,BEN,Benin,Porto-Novo,Africa,Western Africa,,BJ-->KZ,BJ-->KZ,BJ-->KZ,BJ-->KZ,BJ-->KZ,BJ-->KZ,BJ-->KZ,BJ-->KZ,BJ-->KZ,BJ-->KZ,BJ-->KZ,BJ-->KZ,BJ-->KZ,BJ-->KZ,BJ-->KZ,BJ-->KZ,BJ-->KZ,BJ-->KZ,BJ-->KZ,,,,,,,,,,,,,,,,,KZ-->BJ,KZ-->BJ,KZ-->BJ,KZ-->BJ,KZ-->BJ,KZ-->BJ,KZ-->BJ,KZ-->BJ,KZ-->BJ,KZ-->BJ,KZ-->BJ,KZ-->BJ,KZ-->BJ,KZ-->BJ,KZ-->BJ,KZ-->BJ,KZ-->BJ,KZ-->BJ,KZ-->BJ
BM,BMU,Bermuda,Hamilton,Americas,Northern America,,BM-->KZ,BM-->KZ,BM-->KZ,BM-->KZ,BM-->KZ,BM-->KZ,BM-->KZ,BM-->KZ,BM-->KZ,BM-->KZ,BM-->KZ,BM-->KZ,BM-->KZ,BM-->KZ,BM-->KZ,BM-->KZ,BM-->KZ,BM-->KZ,BM-->KZ,,,,,,,,,,,,,,,,,KZ-->BM,KZ-->BM,KZ-->BM,KZ-->BM,KZ-->BM,KZ-->BM,KZ-->BM,KZ-->BM,KZ-->BM,KZ-->BM,KZ-->BM,KZ-->BM,KZ-->BM,KZ-->BM,KZ-->BM,KZ-->BM,KZ-->BM,KZ-->BM,KZ-->BM
BT,BTN,Bhutan,Thimphu,Asia,Southern Asia,,BT-->KZ,BT-->KZ,BT-->KZ,BT-->KZ,BT-->KZ,BT-->KZ,BT-->KZ,BT-->KZ,BT-->KZ,BT-->KZ,BT-->KZ,BT-->KZ,BT-->KZ,BT-->KZ,BT-->KZ,BT-->KZ,BT-->KZ,BT-->KZ,BT-->KZ,,,,,,,,,,,,,,,,,KZ-->BT,KZ-->BT,KZ-->BT,KZ-->BT,KZ-->BT,KZ-->BT,KZ-->BT,KZ-->BT,KZ-->BT,KZ-->BT,KZ-->BT,KZ-->BT,KZ-->BT,KZ-->BT,KZ-->BT,KZ-->BT,KZ-->BT,KZ-->BT,KZ-->BT
BO,BOL,Bolivia,Sucre,Americas,South America,,BO-->KZ,BO-->KZ,BO-->KZ,BO-->KZ,BO-->KZ,BO-->KZ,BO-->KZ,BO-->KZ,BO-->KZ,BO-->KZ,BO-->KZ,BO-->KZ,BO-->KZ,BO-->KZ,BO-->KZ,BO-->KZ,BO-->KZ,BO-->KZ,BO-->KZ,,,,,,,,,,,,,,,,,KZ-->BO,KZ-->BO,KZ-->BO,KZ-->BO,KZ-->BO,KZ-->BO,KZ-->BO,KZ-->BO,KZ-->BO,KZ-->BO,KZ-->BO,KZ-->BO,KZ-->BO,KZ-->BO,KZ-->BO,KZ-->BO,KZ-->BO,KZ-->BO,KZ-->BO
BQ,BES,Bonaire,Kralendijk,Americas,Caribbean,,BQ-->KZ,BQ-->KZ,BQ-->KZ,BQ-->KZ,BQ-->KZ,BQ-->KZ,BQ-->KZ,BQ-->KZ,BQ-->KZ,BQ-->KZ,BQ-->KZ,BQ-->KZ,BQ-->KZ,BQ-->KZ,BQ-->KZ,BQ-->KZ,BQ-->KZ,BQ-->KZ,BQ-->KZ,,,,,,,,,,,,,,,,,KZ-->BQ,KZ-->BQ,KZ-->BQ,KZ-->BQ,KZ-->BQ,KZ-->BQ,KZ-->BQ,KZ-->BQ,KZ-->BQ,KZ-->BQ,KZ-->BQ,KZ-->BQ,KZ-->BQ,KZ-->BQ,KZ-->BQ,KZ-->BQ,KZ-->BQ,KZ-->BQ,KZ-->BQ
BA,BIH,Bosnia and Herzegovina,Sarajevo,Europe,Southern Europe,,BA-->KZ,BA-->KZ,BA-->KZ,BA-->KZ,BA-->KZ,BA-->KZ,BA-->KZ,BA-->KZ,BA-->KZ,BA-->KZ,BA-->KZ,BA-->KZ,BA-->KZ,BA-->KZ,BA-->KZ,BA-->KZ,BA-->KZ,BA-->KZ,BA-->KZ,,,,,,,,,,,,,,,,,KZ-->BA,KZ-->BA,KZ-->BA,KZ-->BA,KZ-->BA,KZ-->BA,KZ-->BA,KZ-->BA,KZ-->BA,KZ-->BA,KZ-->BA,KZ-->BA,KZ-->BA,KZ-->BA,KZ-->BA,KZ-->BA,KZ-->BA,KZ-->BA,KZ-->BA
BW,BWA,Botswana,Gaborone,Africa,Southern Africa,,BW-->KZ,BW-->KZ,BW-->KZ,BW-->KZ,BW-->KZ,BW-->KZ,BW-->KZ,BW-->KZ,BW-->KZ,BW-->KZ,BW-->KZ,BW-->KZ,BW-->KZ,BW-->KZ,BW-->KZ,BW-->KZ,BW-->KZ,BW-->KZ,BW-->KZ,,,,,,,,,,,,,,,,,KZ-->BW,KZ-->BW,KZ-->BW,KZ-->BW,KZ-->BW,KZ-->BW,KZ-->BW,KZ-->BW,KZ-->BW,KZ-->BW,KZ-->BW,KZ-->BW,KZ-->BW,KZ-->BW,KZ-->BW,KZ-->BW,KZ-->BW,KZ-->BW,KZ-->BW
BV,BVT,Bouvet Island,,,,,BV-->KZ,BV-->KZ,BV-->KZ,BV-->KZ,BV-->KZ,BV-->KZ,BV-->KZ,BV-->KZ,BV-->KZ,BV-->KZ,BV-->KZ,BV-->KZ,BV-->KZ,BV-->KZ,BV-->KZ,BV-->KZ,BV-->KZ,BV-->KZ,BV-->KZ,,,,,,,,,,,,,,,,,KZ-->BV,KZ-->BV,KZ-->BV,KZ-->BV,KZ-->BV,KZ-->BV,KZ-->BV,KZ-->BV,KZ-->BV,KZ-->BV,KZ-->BV,KZ-->BV,KZ-->BV,KZ-->BV,KZ-->BV,KZ-->BV,KZ-->BV,KZ-->BV,KZ-->BV
BR,BRA,Brazil,Brasília,Americas,South America,,BR-->KZ,BR-->KZ,BR-->KZ,BR-->KZ,BR-->KZ,BR-->KZ,BR-->KZ,BR-->KZ,BR-->KZ,BR-->KZ,BR-->KZ,BR-->KZ,BR-->KZ,BR-->KZ,BR-->KZ,BR-->KZ,BR-->KZ,BR-->KZ,BR-->KZ,,,,,,,,,,,,,,,,,KZ-->BR,KZ-->BR,KZ-->BR,KZ-->BR,KZ-->BR,KZ-->BR,KZ-->BR,KZ-->BR,KZ-->BR,KZ-->BR,KZ-->BR,KZ-->BR,KZ-->BR,KZ-->BR,KZ-->BR,KZ-->BR,KZ-->BR,KZ-->BR,KZ-->BR
IO,IOT,British Indian Ocean Territory,Diego Garcia,Africa,Eastern Africa,,IO-->KZ,IO-->KZ,IO-->KZ,IO-->KZ,IO-->KZ,IO-->KZ,IO-->KZ,IO-->KZ,IO-->KZ,IO-->KZ,IO-->KZ,IO-->KZ,IO-->KZ,IO-->KZ,IO-->KZ,IO-->KZ,IO-->KZ,IO-->KZ,IO-->KZ,,,,,,,,,,,,,,,,,KZ-->IO,KZ-->IO,KZ-->IO,KZ-->IO,KZ-->IO,KZ-->IO,KZ-->IO,KZ-->IO,KZ-->IO,KZ-->IO,KZ-->IO,KZ-->IO,KZ-->IO,KZ-->IO,KZ-->IO,KZ-->IO,KZ-->IO,KZ-->IO,KZ-->IO
UM,UMI,United States Minor Outlying Islands,,Americas,Northern America,,UM-->KZ,UM-->KZ,UM-->KZ,UM-->KZ,UM-->KZ,UM-->KZ,UM-->KZ,UM-->KZ,UM-->KZ,UM-->KZ,UM-->KZ,UM-->KZ,UM-->KZ,UM-->KZ,UM-->KZ,UM-->KZ,UM-->KZ,UM-->KZ,UM-->KZ,,,,,,,,,,,,,,,,,KZ-->UM,KZ-->UM,KZ-->UM,KZ-->UM,KZ-->UM,KZ-->UM,KZ-->UM,KZ-->UM,KZ-->UM,KZ-->UM,KZ-->UM,KZ-->UM,KZ-->UM,KZ-->UM,KZ-->UM,KZ-->UM,KZ-->UM,KZ-->UM,KZ-->UM
VG,VGB,Virgin Islands (British),Road Town,Americas,Caribbean,,VG-->KZ,VG-->KZ,VG-->KZ,VG-->KZ,VG-->KZ,VG-->KZ,VG-->KZ,VG-->KZ,VG-->KZ,VG-->KZ,VG-->KZ,VG-->KZ,VG-->KZ,VG-->KZ,VG-->KZ,VG-->KZ,VG-->KZ,VG-->KZ,VG-->KZ,,,,,,,,,,,,,,,,,KZ-->VG,KZ-->VG,KZ-->VG,KZ-->VG,KZ-->VG,KZ-->VG,KZ-->VG,KZ-->VG,KZ-->VG,KZ-->VG,KZ-->VG,KZ-->VG,KZ-->VG,KZ-->VG,KZ-->VG,KZ-->VG,KZ-->VG,KZ-->VG,KZ-->VG
VI,VIR,Virgin Islands (U.S.),Charlotte Amalie,Americas,Caribbean,,VI-->KZ,VI-->KZ,VI-->KZ,VI-->KZ,VI-->KZ,VI-->KZ,VI-->KZ,VI-->KZ,VI-->KZ,VI-->KZ,VI-->KZ,VI-->KZ,VI-->KZ,VI-->KZ,VI-->KZ,VI-->KZ,VI-->KZ,VI-->KZ,VI-->KZ,,,,,,,,,,,,,,,,,KZ-->VI,KZ-->VI,KZ-->VI,KZ-->VI,KZ-->VI,KZ-->VI,KZ-->VI,KZ-->VI,KZ-->VI,KZ-->VI,KZ-->VI,KZ-->VI,KZ-->VI,KZ-->VI,KZ-->VI,KZ-->VI,KZ-->VI,KZ-->VI,KZ-->VI
BN,BRN,Brunei,Bandar Seri Begawan,Asia,South-Eastern Asia,,BN-->KZ,BN-->KZ,BN-->KZ,BN-->KZ,BN-->KZ,BN-->KZ,BN-->KZ,BN-->KZ,BN-->KZ,BN-->KZ,BN-->KZ,BN-->KZ,BN-->KZ,BN-->KZ,BN-->KZ,BN-->KZ,BN-->KZ,BN-->KZ,BN-->KZ,,,,,,,,,,,,,,,,,KZ-->BN,KZ-->BN,KZ-->BN,KZ-->BN,KZ-->BN,KZ-->BN,KZ-->BN,KZ-->BN,KZ-->BN,KZ-->BN,KZ-->BN,KZ-->BN,KZ-->BN,KZ-->BN,KZ-->BN,KZ-->BN,KZ-->BN,KZ-->BN,KZ-->BN
BG,BGR,Bulgaria,Sofia,Europe,Eastern Europe,,BG-->KZ,BG-->KZ,BG-->KZ,BG-->KZ,BG-->KZ,BG-->KZ,BG-->KZ,BG-->KZ,BG-->KZ,BG-->KZ,BG-->KZ,BG-->KZ,BG-->KZ,BG-->KZ,BG-->KZ,BG-->KZ,BG-->KZ,BG-->KZ,BG-->KZ,,,,,,,,,,,,,,,,,KZ-->BG,KZ-->BG,KZ-->BG,KZ-->BG,KZ-->BG,KZ-->BG,KZ-->BG,KZ-->BG,KZ-->BG,KZ-->BG,KZ-->BG,KZ-->BG,KZ-->BG,KZ-->BG,KZ-->BG,KZ-->BG,KZ-->BG,KZ-->BG,KZ-->BG
BF,BFA,Burkina Faso,Ouagadougou,Africa,Western Africa,,BF-->KZ,BF-->KZ,BF-->KZ,BF-->KZ,BF-->KZ,BF-->KZ,BF-->KZ,BF-->KZ,BF-->KZ,BF-->KZ,BF-->KZ,BF-->KZ,BF-->KZ,BF-->KZ,BF-->KZ,BF-->KZ,BF-->KZ,BF-->KZ,BF-->KZ,,,,,,,,,,,,,,,,,KZ-->BF,KZ-->BF,KZ-->BF,KZ-->BF,KZ-->BF,KZ-->BF,KZ-->BF,KZ-->BF,KZ-->BF,KZ-->BF,KZ-->BF,KZ-->BF,KZ-->BF,KZ-->BF,KZ-->BF,KZ-->BF,KZ-->BF,KZ-->BF,KZ-->BF
BI,BDI,Burundi,Bujumbura,Africa,Eastern Africa,,BI-->KZ,BI-->KZ,BI-->KZ,BI-->KZ,BI-->KZ,BI-->KZ,BI-->KZ,BI-->KZ,BI-->KZ,BI-->KZ,BI-->KZ,BI-->KZ,BI-->KZ,BI-->KZ,BI-->KZ,BI-->KZ,BI-->KZ,BI-->KZ,BI-->KZ,,,,,,,,,,,,,,,,,KZ-->BI,KZ-->BI,KZ-->BI,KZ-->BI,KZ-->BI,KZ-->BI,KZ-->BI,KZ-->BI,KZ-->BI,KZ-->BI,KZ-->BI,KZ-->BI,KZ-->BI,KZ-->BI,KZ-->BI,KZ-->BI,KZ-->BI,KZ-->BI,KZ-->BI
KH,KHM,Cambodia,Phnom Penh,Asia,South-Eastern Asia,,KH-->KZ,KH-->KZ,KH-->KZ,KH-->KZ,KH-->KZ,KH-->KZ,KH-->KZ,KH-->KZ,KH-->KZ,KH-->KZ,KH-->KZ,KH-->KZ,KH-->KZ,KH-->KZ,KH-->KZ,KH-->KZ,KH-->KZ,KH-->KZ,KH-->KZ,,,,,,,,,,,,,,,,,KZ-->KH,KZ-->KH,KZ-->KH,KZ-->KH,KZ-->KH,KZ-->KH,KZ-->KH,KZ-->KH,KZ-->KH,KZ-->KH,KZ-->KH,KZ-->KH,KZ-->KH,KZ-->KH,KZ-->KH,KZ-->KH,KZ-->KH,KZ-->KH,KZ-->KH
CM,CMR,Cameroon,Yaoundé,Africa,Middle Africa,,CM-->KZ,CM-->KZ,CM-->KZ,CM-->KZ,CM-->KZ,CM-->KZ,CM-->KZ,CM-->KZ,CM-->KZ,CM-->KZ,CM-->KZ,CM-->KZ,CM-->KZ,CM-->KZ,CM-->KZ,CM-->KZ,CM-->KZ,CM-->KZ,CM-->KZ,,,,,,,,,,,,,,,,,KZ-->CM,KZ-->CM,KZ-->CM,KZ-->CM,KZ-->CM,KZ-->CM,KZ-->CM,KZ-->CM,KZ-->CM,KZ-->CM,KZ-->CM,KZ-->CM,KZ-->CM,KZ-->CM,KZ-->CM,KZ-->CM,KZ-->CM,KZ-->CM,KZ-->CM
CA,CAN,Canada,Ottawa,Americas,Northern America,,CA-->KZ,CA-->KZ,CA-->KZ,CA-->KZ,CA-->KZ,CA-->KZ,CA-->KZ,CA-->KZ,CA-->KZ,CA-->KZ,CA-->KZ,CA-->KZ,CA-->KZ,CA-->KZ,CA-->KZ,CA-->KZ,CA-->KZ,CA-->KZ,CA-->KZ,,,,,,,,,,,,,,,,,KZ-->CA,KZ-->CA,KZ-->CA,KZ-->CA,KZ-->CA,KZ-->CA,KZ-->CA,KZ-->CA,KZ-->CA,KZ-->CA,KZ-->CA,KZ-->CA,KZ-->CA,KZ-->CA,KZ-->CA,KZ-->CA,KZ-->CA,KZ-->CA,KZ-->CA
CV,CPV,Cape Verde,Praia,Africa,Western Africa,,CV-->KZ,CV-->KZ,CV-->KZ,CV-->KZ,CV-->KZ,CV-->KZ,CV-->KZ,CV-->KZ,CV-->KZ,CV-->KZ,CV-->KZ,CV-->KZ,CV-->KZ,CV-->KZ,CV-->KZ,CV-->KZ,CV-->KZ,CV-->KZ,CV-->KZ,,,,,,,,,,,,,,,,,KZ-->CV,KZ-->CV,KZ-->CV,KZ-->CV,KZ-->CV,KZ-->CV,KZ-->CV,KZ-->CV,KZ-->CV,KZ-->CV,KZ-->CV,KZ-->CV,KZ-->CV,KZ-->CV,KZ-->CV,KZ-->CV,KZ-->CV,KZ-->CV,KZ-->CV
KY,CYM,Cayman Islands,George Town,Americas,Caribbean,,KY-->KZ,KY-->KZ,KY-->KZ,KY-->KZ,KY-->KZ,KY-->KZ,KY-->KZ,KY-->KZ,KY-->KZ,KY-->KZ,KY-->KZ,KY-->KZ,KY-->KZ,KY-->KZ,KY-->KZ,KY-->KZ,KY-->KZ,KY-->KZ,KY-->KZ,,,,,,,,,,,,,,,,,KZ-->KY,KZ-->KY,KZ-->KY,KZ-->KY,KZ-->KY,KZ-->KY,KZ-->KY,KZ-->KY,KZ-->KY,KZ-->KY,KZ-->KY,KZ-->KY,KZ-->KY,KZ-->KY,KZ-->KY,KZ-->KY,KZ-->KY,KZ-->KY,KZ-->KY
CF,CAF,Central African Republic,Bangui,Africa,Middle Africa,,CF-->KZ,CF-->KZ,CF-->KZ,CF-->KZ,CF-->KZ,CF-->KZ,CF-->KZ,CF-->KZ,CF-->KZ,CF-->KZ,CF-->KZ,CF-->KZ,CF-->KZ,CF-->KZ,CF-->KZ,CF-->KZ,CF-->KZ,CF-->KZ,CF-->KZ,,,,,,,,,,,,,,,,,KZ-->CF,KZ-->CF,KZ-->CF,KZ-->CF,KZ-->CF,KZ-->CF,KZ-->CF,KZ-->CF,KZ-->CF,KZ-->CF,KZ-->CF,KZ-->CF,KZ-->CF,KZ-->CF,KZ-->CF,KZ-->CF,KZ-->CF,KZ-->CF,KZ-->CF
TD,TCD,Chad,N'Djamena,Africa,Middle Africa,,TD-->KZ,TD-->KZ,TD-->KZ,TD-->KZ,TD-->KZ,TD-->KZ,TD-->KZ,TD-->KZ,TD-->KZ,TD-->KZ,TD-->KZ,TD-->KZ,TD-->KZ,TD-->KZ,TD-->KZ,TD-->KZ,TD-->KZ,TD-->KZ,TD-->KZ,,,,,,,,,,,,,,,,,KZ-->TD,KZ-->TD,KZ-->TD,KZ-->TD,KZ-->TD,KZ-->TD,KZ-->TD,KZ-->TD,KZ-->TD,KZ-->TD,KZ-->TD,KZ-->TD,KZ-->TD,KZ-->TD,KZ-->TD,KZ-->TD,KZ-->TD,KZ-->TD,KZ-->TD
CL,CHL,Chile,Santiago,Americas,South America,,CL-->KZ,CL-->KZ,CL-->KZ,CL-->KZ,CL-->KZ,CL-->KZ,CL-->KZ,CL-->KZ,CL-->KZ,CL-->KZ,CL-->KZ,CL-->KZ,CL-->KZ,CL-->KZ,CL-->KZ,CL-->KZ,CL-->KZ,CL-->KZ,CL-->KZ,,,,,,,,,,,,,,,,,KZ-->CL,KZ-->CL,KZ-->CL,KZ-->CL,KZ-->CL,KZ-->CL,KZ-->CL,KZ-->CL,KZ-->CL,KZ-->CL,KZ-->CL,KZ-->CL,KZ-->CL,KZ-->CL,KZ-->CL,KZ-->CL,KZ-->CL,KZ-->CL,KZ-->CL
CN,CHN,China,Beijing,Asia,Eastern Asia,,CN-->KZ,CN-->KZ,CN-->KZ,CN-->KZ,CN-->KZ,CN-->KZ,CN-->KZ,CN-->KZ,CN-->KZ,CN-->KZ,CN-->KZ,CN-->KZ,CN-->KZ,CN-->KZ,CN-->KZ,CN-->KZ,CN-->KZ,CN-->KZ,CN-->KZ,,,,,,,,,,,,,,,,,KZ-->CN,KZ-->CN,KZ-->CN,KZ-->CN,KZ-->CN,KZ-->CN,KZ-->CN,KZ-->CN,KZ-->CN,KZ-->CN,KZ-->CN,KZ-->CN,KZ-->CN,KZ-->CN,KZ-->CN,KZ-->CN,KZ-->CN,KZ-->CN,KZ-->CN
CX,CXR,Christmas Island,Flying Fish Cove,Oceania,Australia and New Zealand,,CX-->KZ,CX-->KZ,CX-->KZ,CX-->KZ,CX-->KZ,CX-->KZ,CX-->KZ,CX-->KZ,CX-->KZ,CX-->KZ,CX-->KZ,CX-->KZ,CX-->KZ,CX-->KZ,CX-->KZ,CX-->KZ,CX-->KZ,CX-->KZ,CX-->KZ,,,,,,,,,,,,,,,,,KZ-->CX,KZ-->CX,KZ-->CX,KZ-->CX,KZ-->CX,KZ-->CX,KZ-->CX,KZ-->CX,KZ-->CX,KZ-->CX,KZ-->CX,KZ-->CX,KZ-->CX,KZ-->CX,KZ-->CX,KZ-->CX,KZ-->CX,KZ-->CX,KZ-->CX
CC,CCK,Cocos (Keeling) Islands,West Island,Oceania,Australia and New Zealand,,CC-->KZ,CC-->KZ,CC-->KZ,CC-->KZ,CC-->KZ,CC-->KZ,CC-->KZ,CC-->KZ,CC-->KZ,CC-->KZ,CC-->KZ,CC-->KZ,CC-->KZ,CC-->KZ,CC-->KZ,CC-->KZ,CC-->KZ,CC-->KZ,CC-->KZ,,,,,,,,,,,,,,,,,KZ-->CC,KZ-->CC,KZ-->CC,KZ-->CC,KZ-->CC,KZ-->CC,KZ-->CC,KZ-->CC,KZ-->CC,KZ-->CC,KZ-->CC,KZ-->CC,KZ-->CC,KZ-->CC,KZ-->CC,KZ-->CC,KZ-->CC,KZ-->CC,KZ-->CC
CO,COL,Colombia,Bogotá,Americas,South America,,CO-->KZ,CO-->KZ,CO-->KZ,CO-->KZ,CO-->KZ,CO-->KZ,CO-->KZ,CO-->KZ,CO-->KZ,CO-->KZ,CO-->KZ,CO-->KZ,CO-->KZ,CO-->KZ,CO-->KZ,CO-->KZ,CO-->KZ,CO-->KZ,CO-->KZ,,,,,,,,,,,,,,,,,KZ-->CO,KZ-->CO,KZ-->CO,KZ-->CO,KZ-->CO,KZ-->CO,KZ-->CO,KZ-->CO,KZ-->CO,KZ-->CO,KZ-->CO,KZ-->CO,KZ-->CO,KZ-->CO,KZ-->CO,KZ-->CO,KZ-->CO,KZ-->CO,KZ-->CO
KM,COM,Comoros,Moroni,Africa,Eastern Africa,,KM-->KZ,KM-->KZ,KM-->KZ,KM-->KZ,KM-->KZ,KM-->KZ,KM-->KZ,KM-->KZ,KM-->KZ,KM-->KZ,KM-->KZ,KM-->KZ,KM-->KZ,KM-->KZ,KM-->KZ,KM-->KZ,KM-->KZ,KM-->KZ,KM-->KZ,,,,,,,,,,,,,,,,,KZ-->KM,KZ-->KM,KZ-->KM,KZ-->KM,KZ-->KM,KZ-->KM,KZ-->KM,KZ-->KM,KZ-->KM,KZ-->KM,KZ-->KM,KZ-->KM,KZ-->KM,KZ-->KM,KZ-->KM,KZ-->KM,KZ-->KM,KZ-->KM,KZ-->KM
CG,COG,Republic of the Congo,Brazzaville,Africa,Middle Africa,,CG-->KZ,CG-->KZ,CG-->KZ,CG-->KZ,CG-->KZ,CG-->KZ,CG-->KZ,CG-->KZ,CG-->KZ,CG-->KZ,CG-->KZ,CG-->KZ,CG-->KZ,CG-->KZ,CG-->KZ,CG-->KZ,CG-->KZ,CG-->KZ,CG-->KZ,,,,,,,,,,,,,,,,,KZ-->CG,KZ-->CG,KZ-->CG,KZ-->CG,KZ-->CG,KZ-->CG,KZ-->CG,KZ-->CG,KZ-->CG,KZ-->CG,KZ-->CG,KZ-->CG,KZ-->CG,KZ-->CG,KZ-->CG,KZ-->CG,KZ-->CG,KZ-->CG,KZ-->CG
CD,COD,Democratic Republic of the Congo,Kinshasa,Africa,Middle Africa,,CD-->KZ,CD-->KZ,CD-->KZ,CD-->KZ,CD-->KZ,CD-->KZ,CD-->KZ,CD-->KZ,CD-->KZ,CD-->KZ,CD-->KZ,CD-->KZ,CD-->KZ,CD-->KZ,CD-->KZ,CD-->KZ,CD-->KZ,CD-->KZ,CD-->KZ,,,,,,,,,,,,,,,,,KZ-->CD,KZ-->CD,KZ-->CD,KZ-->CD,KZ-->CD,KZ-->CD,KZ-->CD,KZ-->CD,KZ-->CD,KZ-->CD,KZ-->CD,KZ-->CD,KZ-->CD,KZ-->CD,KZ-->CD,KZ-->CD,KZ-->CD,KZ-->CD,KZ-->CD
CK,COK,Cook Islands,Avarua,Oceania,Polynesia,,CK-->KZ,CK-->KZ,CK-->KZ,CK-->KZ,CK-->KZ,CK-->KZ,CK-->KZ,CK-->KZ,CK-->KZ,CK-->KZ,CK-->KZ,CK-->KZ,CK-->KZ,CK-->KZ,CK-->KZ,CK-->KZ,CK-->KZ,CK-->KZ,CK-->KZ,,,,,,,,,,,,,,,,,KZ-->CK,KZ-->CK,KZ-->CK,KZ-->CK,KZ-->CK,KZ-->CK,KZ-->CK,KZ-->CK,KZ-->CK,KZ-->CK,KZ-->CK,KZ-->CK,KZ-->CK,KZ-->CK,KZ-->CK,KZ-->CK,KZ-->CK,KZ-->CK,KZ-->CK
CR,CRI,Costa Rica,San José,Americas,Central America,,CR-->KZ,CR-->KZ,CR-->KZ,CR-->KZ,CR-->KZ,CR-->KZ,CR-->KZ,CR-->KZ,CR-->KZ,CR-->KZ,CR-->KZ,CR-->KZ,CR-->KZ,CR-->KZ,CR-->KZ,CR-->KZ,CR-->KZ,CR-->KZ,CR-->KZ,,,,,,,,,,,,,,,,,KZ-->CR,KZ-->CR,KZ-->CR,KZ-->CR,KZ-->CR,KZ-->CR,KZ-->CR,KZ-->CR,KZ-->CR,KZ-->CR,KZ-->CR,KZ-->CR,KZ-->CR,KZ-->CR,KZ-->CR,KZ-->CR,KZ-->CR,KZ-->CR,KZ-->CR
HR,HRV,Croatia,Zagreb,Europe,Southern Europe,,HR-->KZ,HR-->KZ,HR-->KZ,HR-->KZ,HR-->KZ,HR-->KZ,HR-->KZ,HR-->KZ,HR-->KZ,HR-->KZ,HR-->KZ,HR-->KZ,HR-->KZ,HR-->KZ,HR-->KZ,HR-->KZ,HR-->KZ,HR-->KZ,HR-->KZ,,,,,,,,,,,,,,,,,KZ-->HR,KZ-->HR,KZ-->HR,KZ-->HR,KZ-->HR,KZ-->HR,KZ-->HR,KZ-->HR,KZ-->HR,KZ-->HR,KZ-->HR,KZ-->HR,KZ-->HR,KZ-->HR,KZ-->HR,KZ-->HR,KZ-->HR,KZ-->HR,KZ-->HR
CU,CUB,Cuba,Havana,Americas,Caribbean,,CU-->KZ,CU-->KZ,CU-->KZ,CU-->KZ,CU-->KZ,CU-->KZ,CU-->KZ,CU-->KZ,CU-->KZ,CU-->KZ,CU-->KZ,CU-->KZ,CU-->KZ,CU-->KZ,CU-->KZ,CU-->KZ,CU-->KZ,CU-->KZ,CU-->KZ,,,,,,,,,,,,,,,,,KZ-->CU,KZ-->CU,KZ-->CU,KZ-->CU,KZ-->CU,KZ-->CU,KZ-->CU,KZ-->CU,KZ-->CU,KZ-->CU,KZ-->CU,KZ-->CU,KZ-->CU,KZ-->CU,KZ-->CU,KZ-->CU,KZ-->CU,KZ-->CU,KZ-->CU
CW,CUW,Curaçao,Willemstad,Americas,Caribbean,,CW-->KZ,CW-->KZ,CW-->KZ,CW-->KZ,CW-->KZ,CW-->KZ,CW-->KZ,CW-->KZ,CW-->KZ,CW-->KZ,CW-->KZ,CW-->KZ,CW-->KZ,CW-->KZ,CW-->KZ,CW-->KZ,CW-->KZ,CW-->KZ,CW-->KZ,,,,,,,,,,,,,,,,,KZ-->CW,KZ-->CW,KZ-->CW,KZ-->CW,KZ-->CW,KZ-->CW,KZ-->CW,KZ-->CW,KZ-->CW,KZ-->CW,KZ-->CW,KZ-->CW,KZ-->CW,KZ-->CW,KZ-->CW,KZ-->CW,KZ-->CW,KZ-->CW,KZ-->CW
CY,CYP,Cyprus,Nicosia,Europe,Southern Europe,,CY-->KZ,CY-->KZ,CY-->KZ,CY-->KZ,CY-->KZ,CY-->KZ,CY-->KZ,CY-->KZ,CY-->KZ,CY-->KZ,CY-->KZ,CY-->KZ,CY-->KZ,CY-->KZ,CY-->KZ,CY-->KZ,CY-->KZ,CY-->KZ,CY-->KZ,,,,,,,,,,,,,,,,,KZ-->CY,KZ-->CY,KZ-->CY,KZ-->CY,KZ-->CY,KZ-->CY,KZ-->CY,KZ-->CY,KZ-->CY,KZ-->CY,KZ-->CY,KZ-->CY,KZ-->CY,KZ-->CY,KZ-->CY,KZ-->CY,KZ-->CY,KZ-->CY,KZ-->CY
CZ,CZE,Czech Republic,Prague,Europe,Eastern Europe,,CZ-->KZ,CZ-->KZ,CZ-->KZ,CZ-->KZ,CZ-->KZ,CZ-->KZ,CZ-->KZ,CZ-->KZ,CZ-->KZ,CZ-->KZ,CZ-->KZ,CZ-->KZ,CZ-->KZ,CZ-->KZ,CZ-->KZ,CZ-->KZ,CZ-->KZ,CZ-->KZ,CZ-->KZ,,,,,,,,,,,,,,,,,KZ-->CZ,KZ-->CZ,KZ-->CZ,KZ-->CZ,KZ-->CZ,KZ-->CZ,KZ-->CZ,KZ-->CZ,KZ-->CZ,KZ-->CZ,KZ-->CZ,KZ-->CZ,KZ-->CZ,KZ-->CZ,KZ-->CZ,KZ-->CZ,KZ-->CZ,KZ-->CZ,KZ-->CZ
DK,DNK,Denmark,Copenhagen,Europe,Northern Europe,,DK-->KZ,DK-->KZ,DK-->KZ,DK-->KZ,DK-->KZ,DK-->KZ,DK-->KZ,DK-->KZ,DK-->KZ,DK-->KZ,DK-->KZ,DK-->KZ,DK-->KZ,DK-->KZ,DK-->KZ,DK-->KZ,DK-->KZ,DK-->KZ,DK-->KZ,,,,,,,,,,,,,,,,,KZ-->DK,KZ-->DK,KZ-->DK,KZ-->DK,KZ-->DK,KZ-->DK,KZ-->DK,KZ-->DK,KZ-->DK,KZ-->DK,KZ-->DK,KZ-->DK,KZ-->DK,KZ-->DK,KZ-->DK,KZ-->DK,KZ-->DK,KZ-->DK,KZ-->DK
DJ,DJI,Djibouti,Djibouti,Africa,Eastern Africa,,DJ-->KZ,DJ-->KZ,DJ-->KZ,DJ-->KZ,DJ-->KZ,DJ-->KZ,DJ-->KZ,DJ-->KZ,DJ-->KZ,DJ-->KZ,DJ-->KZ,DJ-->KZ,DJ-->KZ,DJ-->KZ,DJ-->KZ,DJ-->KZ,DJ-->KZ,DJ-->KZ,DJ-->KZ,,,,,,,,,,,,,,,,,KZ-->DJ,KZ-->DJ,KZ-->DJ,KZ-->DJ,KZ-->DJ,KZ-->DJ,KZ-->DJ,KZ-->DJ,KZ-->DJ,KZ-->DJ,KZ-->DJ,KZ-->DJ,KZ-->DJ,KZ-->DJ,KZ-->DJ,KZ-->DJ,KZ-->DJ,KZ-->DJ,KZ-->DJ
DM,DMA,Dominica,Roseau,Americas,Caribbean,,DM-->KZ,DM-->KZ,DM-->KZ,DM-->KZ,DM-->KZ,DM-->KZ,DM-->KZ,DM-->KZ,DM-->KZ,DM-->KZ,DM-->KZ,DM-->KZ,DM-->KZ,DM-->KZ,DM-->KZ,DM-->KZ,DM-->KZ,DM-->KZ,DM-->KZ,,,,,,,,,,,,,,,,,KZ-->DM,KZ-->DM,KZ-->DM,KZ-->DM,KZ-->DM,KZ-->DM,KZ-->DM,KZ-->DM,KZ-->DM,KZ-->DM,KZ-->DM,KZ-->DM,KZ-->DM,KZ-->DM,KZ-->DM,KZ-->DM,KZ-->DM,KZ-->DM,KZ-->DM
DO,DOM,Dominican Republic,Santo Domingo,Americas,Caribbean,,DO-->KZ,DO-->KZ,DO-->KZ,DO-->KZ,DO-->KZ,DO-->KZ,DO-->KZ,DO-->KZ,DO-->KZ,DO-->KZ,DO-->KZ,DO-->KZ,DO-->KZ,DO-->KZ,DO-->KZ,DO-->KZ,DO-->KZ,DO-->KZ,DO-->KZ,,,,,,,,,,,,,,,,,KZ-->DO,KZ-->DO,KZ-->DO,KZ-->DO,KZ-->DO,KZ-->DO,KZ-->DO,KZ-->DO,KZ-->DO,KZ-->DO,KZ-->DO,KZ-->DO,KZ-->DO,KZ-->DO,KZ-->DO,KZ-->DO,KZ-->DO,KZ-->DO,KZ-->DO
EC,ECU,Ecuador,Quito,Americas,South America,,EC-->KZ,EC-->KZ,EC-->KZ,EC-->KZ,EC-->KZ,EC-->KZ,EC-->KZ,EC-->KZ,EC-->KZ,EC-->KZ,EC-->KZ,EC-->KZ,EC-->KZ,EC-->KZ,EC-->KZ,EC-->KZ,EC-->KZ,EC-->KZ,EC-->KZ,,,,,,,,,,,,,,,,,KZ-->EC,KZ-->EC,KZ-->EC,KZ-->EC,KZ-->EC,KZ-->EC,KZ-->EC,KZ-->EC,KZ-->EC,KZ-->EC,KZ-->EC,KZ-->EC,KZ-->EC,KZ-->EC,KZ-->EC,KZ-->EC,KZ-->EC,KZ-->EC,KZ-->EC
EG,EGY,Egypt,Cairo,Africa,Northern Africa,,EG-->KZ,EG-->KZ,EG-->KZ,EG-->KZ,EG-->KZ,EG-->KZ,EG-->KZ,EG-->KZ,EG-->KZ,EG-->KZ,EG-->KZ,EG-->KZ,EG-->KZ,EG-->KZ,EG-->KZ,EG-->KZ,EG-->KZ,EG-->KZ,EG-->KZ,,,,,,,,,,,,,,,,,KZ-->EG,KZ-->EG,KZ-->EG,KZ-->EG,KZ-->EG,KZ-->EG,KZ-->EG,KZ-->EG,KZ-->EG,KZ-->EG,KZ-->EG,KZ-->EG,KZ-->EG,KZ-->EG,KZ-->EG,KZ-->EG,KZ-->EG,KZ-->EG,KZ-->EG
SV,SLV,El Salvador,San Salvador,Americas,Central America,,SV-->KZ,SV-->KZ,SV-->KZ,SV-->KZ,SV-->KZ,SV-->KZ,SV-->KZ,SV-->KZ,SV-->KZ,SV-->KZ,SV-->KZ,SV-->KZ,SV-->KZ,SV-->KZ,SV-->KZ,SV-->KZ,SV-->KZ,SV-->KZ,SV-->KZ,,,,,,,,,,,,,,,,,KZ-->SV,KZ-->SV,KZ-->SV,KZ-->SV,KZ-->SV,KZ-->SV,KZ-->SV,KZ-->SV,KZ-->SV,KZ-->SV,KZ-->SV,KZ-->SV,KZ-->SV,KZ-->SV,KZ-->SV,KZ-->SV,KZ-->SV,KZ-->SV,KZ-->SV
GQ,GNQ,Equatorial Guinea,Malabo,Africa,Middle Africa,,GQ-->KZ,GQ-->KZ,GQ-->KZ,GQ-->KZ,GQ-->KZ,GQ-->KZ,GQ-->KZ,GQ-->KZ,GQ-->KZ,GQ-->KZ,GQ-->KZ,GQ-->KZ,GQ-->KZ,GQ-->KZ,GQ-->KZ,GQ-->KZ,GQ-->KZ,GQ-->KZ,GQ-->KZ,,,,,,,,,,,,,,,,,KZ-->GQ,KZ-->GQ,KZ-->GQ,KZ-->GQ,KZ-->GQ,KZ-->GQ,KZ-->GQ,KZ-->GQ,KZ-->GQ,KZ-->GQ,KZ-->GQ,KZ-->GQ,KZ-->GQ,KZ-->GQ,KZ-->GQ,KZ-->GQ,KZ-->GQ,KZ-->GQ,KZ-->GQ
ER,ERI,Eritrea,Asmara,Africa,Eastern Africa,,ER-->KZ,ER-->KZ,ER-->KZ,ER-->KZ,ER-->KZ,ER-->KZ,ER-->KZ,ER-->KZ,ER-->KZ,ER-->KZ,ER-->KZ,ER-->KZ,ER-->KZ,ER-->KZ,ER-->KZ,ER-->KZ,ER-->KZ,ER-->KZ,ER-->KZ,,,,,,,,,,,,,,,,,KZ-->ER,KZ-->ER,KZ-->ER,KZ-->ER,KZ-->ER,KZ-->ER,KZ-->ER,KZ-->ER,KZ-->ER,KZ-->ER,KZ-->ER,KZ-->ER,KZ-->ER,KZ-->ER,KZ-->ER,KZ-->ER,KZ-->ER,KZ-->ER,KZ-->ER
EE,EST,Estonia,Tallinn,Europe,Northern Europe,,EE-->KZ,EE-->KZ,EE-->KZ,EE-->KZ,EE-->KZ,EE-->KZ,EE-->KZ,EE-->KZ,EE-->KZ,EE-->KZ,EE-->KZ,EE-->KZ,EE-->KZ,EE-->KZ,EE-->KZ,EE-->KZ,EE-->KZ,EE-->KZ,EE-->KZ,,,,,,,,,,,,,,,,,KZ-->EE,KZ-->EE,KZ-->EE,KZ-->EE,KZ-->EE,KZ-->EE,KZ-->EE,KZ-->EE,KZ-->EE,KZ-->EE,KZ-->EE,KZ-->EE,KZ-->EE,KZ-->EE,KZ-->EE,KZ-->EE,KZ-->EE,KZ-->EE,KZ-->EE
ET,ETH,Ethiopia,Addis Ababa,Africa,Eastern Africa,,ET-->KZ,ET-->KZ,ET-->KZ,ET-->KZ,ET-->KZ,ET-->KZ,ET-->KZ,ET-->KZ,ET-->KZ,ET-->KZ,ET-->KZ,ET-->KZ,ET-->KZ,ET-->KZ,ET-->KZ,ET-->KZ,ET-->KZ,ET-->KZ,ET-->KZ,,,,,,,,,,,,,,,,,KZ-->ET,KZ-->ET,KZ-->ET,KZ-->ET,KZ-->ET,KZ-->ET,KZ-->ET,KZ-->ET,KZ-->ET,KZ-->ET,KZ-->ET,KZ-->ET,KZ-->ET,KZ-->ET,KZ-->ET,KZ-->ET,KZ-->ET,KZ-->ET,KZ-->ET
FK,FLK,Falkland Islands,Stanley,Americas,South America,,FK-->KZ,FK-->KZ,FK-->KZ,FK-->KZ,FK-->KZ,FK-->KZ,FK-->KZ,FK-->KZ,FK-->KZ,FK-->KZ,FK-->KZ,FK-->KZ,FK-->KZ,FK-->KZ,FK-->KZ,FK-->KZ,FK-->KZ,FK-->KZ,FK-->KZ,,,,,,,,,,,,,,,,,KZ-->FK,KZ-->FK,KZ-->FK,KZ-->FK,KZ-->FK,KZ-->FK,KZ-->FK,KZ-->FK,KZ-->FK,KZ-->FK,KZ-->FK,KZ-->FK,KZ-->FK,KZ-->FK,KZ-->FK,KZ-->FK,KZ-->FK,KZ-->FK,KZ-->FK
FO,FRO,Faroe Islands,Tórshavn,Europe,Northern Europe,,FO-->KZ,FO-->KZ,FO-->KZ,FO-->KZ,FO-->KZ,FO-->KZ,FO-->KZ,FO-->KZ,FO-->KZ,FO-->KZ,FO-->KZ,FO-->KZ,FO-->KZ,FO-->KZ,FO-->KZ,FO-->KZ,FO-->KZ,FO-->KZ,FO-->KZ,,,,,,,,,,,,,,,,,KZ-->FO,KZ-->FO,KZ-->FO,KZ-->FO,KZ-->FO,KZ-->FO,KZ-->FO,KZ-->FO,KZ-->FO,KZ-->FO,KZ-->FO,KZ-->FO,KZ-->FO,KZ-->FO,KZ-->FO,KZ-->FO,KZ-->FO,KZ-->FO,KZ-->FO
FJ,FJI,Fiji,Suva,Oceania,Melanesia,,FJ-->KZ,FJ-->KZ,FJ-->KZ,FJ-->KZ,FJ-->KZ,FJ-->KZ,FJ-->KZ,FJ-->KZ,FJ-->KZ,FJ-->KZ,FJ-->KZ,FJ-->KZ,FJ-->KZ,FJ-->KZ,FJ-->KZ,FJ-->KZ,FJ-->KZ,FJ-->KZ,FJ-->KZ,,,,,,,,,,,,,,,,,KZ-->FJ,KZ-->FJ,KZ-->FJ,KZ-->FJ,KZ-->FJ,KZ-->FJ,KZ-->FJ,KZ-->FJ,KZ-->FJ,KZ-->FJ,KZ-->FJ,KZ-->FJ,KZ-->FJ,KZ-->FJ,KZ-->FJ,KZ-->FJ,KZ-->FJ,KZ-->FJ,KZ-->FJ
FI,FIN,Finland,Helsinki,Europe,Northern Europe,,FI-->KZ,FI-->KZ,FI-->KZ,FI-->KZ,FI-->KZ,FI-->KZ,FI-->KZ,FI-->KZ,FI-->KZ,FI-->KZ,FI-->KZ,FI-->KZ,FI-->KZ,FI-->KZ,FI-->KZ,FI-->KZ,FI-->KZ,FI-->KZ,FI-->KZ,,,,,,,,,,,,,,,,,KZ-->FI,KZ-->FI,KZ-->FI,KZ-->FI,KZ-->FI,KZ-->FI,KZ-->FI,KZ-->FI,KZ-->FI,KZ-->FI,KZ-->FI,KZ-->FI,KZ-->FI,KZ-->FI,KZ-->FI,KZ-->FI,KZ-->FI,KZ-->FI,KZ-->FI
FR,FRA,France,Paris,Europe,Western Europe,,FR-->KZ,FR-->KZ,FR-->KZ,FR-->KZ,FR-->KZ,FR-->KZ,FR-->KZ,FR-->KZ,FR-->KZ,FR-->KZ,FR-->KZ,FR-->KZ,FR-->KZ,FR-->KZ,FR-->KZ,FR-->KZ,FR-->KZ,FR-->KZ,FR-->KZ,,,,,,,,,,,,,,,,,KZ-->FR,KZ-->FR,KZ-->FR,KZ-->FR,KZ-->FR,KZ-->FR,KZ-->FR,KZ-->FR,KZ-->FR,KZ-->FR,KZ-->FR,KZ-->FR,KZ-->FR,KZ-->FR,KZ-->FR,KZ-->FR,KZ-->FR,KZ-->FR,KZ-->FR
GF,GUF,French Guiana,Cayenne,Americas,South America,,GF-->KZ,GF-->KZ,GF-->KZ,GF-->KZ,GF-->KZ,GF-->KZ,GF-->KZ,GF-->KZ,GF-->KZ,GF-->KZ,GF-->KZ,GF-->KZ,GF-->KZ,GF-->KZ,GF-->KZ,GF-->KZ,GF-->KZ,GF-->KZ,GF-->KZ,,,,,,,,,,,,,,,,,KZ-->GF,KZ-->GF,KZ-->GF,KZ-->GF,KZ-->GF,KZ-->GF,KZ-->GF,KZ-->GF,KZ-->GF,KZ-->GF,KZ-->GF,KZ-->GF,KZ-->GF,KZ-->GF,KZ-->GF,KZ-->GF,KZ-->GF,KZ-->GF,KZ-->GF
PF,PYF,French Polynesia,Papeetē,Oceania,Polynesia,,PF-->KZ,PF-->KZ,PF-->KZ,PF-->KZ,PF-->KZ,PF-->KZ,PF-->KZ,PF-->KZ,PF-->KZ,PF-->KZ,PF-->KZ,PF-->KZ,PF-->KZ,PF-->KZ,PF-->KZ,PF-->KZ,PF-->KZ,PF-->KZ,PF-->KZ,,,,,,,,,,,,,,,,,KZ-->PF,KZ-->PF,KZ-->PF,KZ-->PF,KZ-->PF,KZ-->PF,KZ-->PF,KZ-->PF,KZ-->PF,KZ-->PF,KZ-->PF,KZ-->PF,KZ-->PF,KZ-->PF,KZ-->PF,KZ-->PF,KZ-->PF,KZ-->PF,KZ-->PF
TF,ATF,French Southern and Antarctic Lands,Port-aux-Français,Africa,Southern Africa,,TF-->KZ,TF-->KZ,TF-->KZ,TF-->KZ,TF-->KZ,TF-->KZ,TF-->KZ,TF-->KZ,TF-->KZ,TF-->KZ,TF-->KZ,TF-->KZ,TF-->KZ,TF-->KZ,TF-->KZ,TF-->KZ,TF-->KZ,TF-->KZ,TF-->KZ,,,,,,,,,,,,,,,,,KZ-->TF,KZ-->TF,KZ-->TF,KZ-->TF,KZ-->TF,KZ-->TF,KZ-->TF,KZ-->TF,KZ-->TF,KZ-->TF,KZ-->TF,KZ-->TF,KZ-->TF,KZ-->TF,KZ-->TF,KZ-->TF,KZ-->TF,KZ-->TF,KZ-->TF
GA,GAB,Gabon,Libreville,Africa,Middle Africa,,GA-->KZ,GA-->KZ,GA-->KZ,GA-->KZ,GA-->KZ,GA-->KZ,GA-->KZ,GA-->KZ,GA-->KZ,GA-->KZ,GA-->KZ,GA-->KZ,GA-->KZ,GA-->KZ,GA-->KZ,GA-->KZ,GA-->KZ,GA-->KZ,GA-->KZ,,,,,,,,,,,,,,,,,KZ-->GA,KZ-->GA,KZ-->GA,KZ-->GA,KZ-->GA,KZ-->GA,KZ-->GA,KZ-->GA,KZ-->GA,KZ-->GA,KZ-->GA,KZ-->GA,KZ-->GA,KZ-->GA,KZ-->GA,KZ-->GA,KZ-->GA,KZ-->GA,KZ-->GA
GM,GMB,The Gambia,Banjul,Africa,Western Africa,,GM-->KZ,GM-->KZ,GM-->KZ,GM-->KZ,GM-->KZ,GM-->KZ,GM-->KZ,GM-->KZ,GM-->KZ,GM-->KZ,GM-->KZ,GM-->KZ,GM-->KZ,GM-->KZ,GM-->KZ,GM-->KZ,GM-->KZ,GM-->KZ,GM-->KZ,,,,,,,,,,,,,,,,,KZ-->GM,KZ-->GM,KZ-->GM,KZ-->GM,KZ-->GM,KZ-->GM,KZ-->GM,KZ-->GM,KZ-->GM,KZ-->GM,KZ-->GM,KZ-->GM,KZ-->GM,KZ-->GM,KZ-->GM,KZ-->GM,KZ-->GM,KZ-->GM,KZ-->GM
GE,GEO,Georgia,Tbilisi,Asia,Western Asia,,GE-->KZ,GE-->KZ,GE-->KZ,GE-->KZ,GE-->KZ,GE-->KZ,GE-->KZ,GE-->KZ,GE-->KZ,GE-->KZ,GE-->KZ,GE-->KZ,GE-->KZ,GE-->KZ,GE-->KZ,GE-->KZ,GE-->KZ,GE-->KZ,GE-->KZ,,,,,,,,,,,,,,,,,KZ-->GE,KZ-->GE,KZ-->GE,KZ-->GE,KZ-->GE,KZ-->GE,KZ-->GE,KZ-->GE,KZ-->GE,KZ-->GE,KZ-->GE,KZ-->GE,KZ-->GE,KZ-->GE,KZ-->GE,KZ-->GE,KZ-->GE,KZ-->GE,KZ-->GE
DE,DEU,Germany,Berlin,Europe,Western Europe,,DE-->KZ,DE-->KZ,DE-->KZ,DE-->KZ,DE-->KZ,DE-->KZ,DE-->KZ,DE-->KZ,DE-->KZ,DE-->KZ,DE-->KZ,DE-->KZ,DE-->KZ,DE-->KZ,DE-->KZ,DE-->KZ,DE-->KZ,DE-->KZ,DE-->KZ,,,,,,,,,,,,,,,,,KZ-->DE,KZ-->DE,KZ-->DE,KZ-->DE,KZ-->DE,KZ-->DE,KZ-->DE,KZ-->DE,KZ-->DE,KZ-->DE,KZ-->DE,KZ-->DE,KZ-->DE,KZ-->DE,KZ-->DE,KZ-->DE,KZ-->DE,KZ-->DE,KZ-->DE
GH,GHA,Ghana,Accra,Africa,Western Africa,,GH-->KZ,GH-->KZ,GH-->KZ,GH-->KZ,GH-->KZ,GH-->KZ,GH-->KZ,GH-->KZ,GH-->KZ,GH-->KZ,GH-->KZ,GH-->KZ,GH-->KZ,GH-->KZ,GH-->KZ,GH-->KZ,GH-->KZ,GH-->KZ,GH-->KZ,,,,,,,,,,,,,,,,,KZ-->GH,KZ-->GH,KZ-->GH,KZ-->GH,KZ-->GH,KZ-->GH,KZ-->GH,KZ-->GH,KZ-->GH,KZ-->GH,KZ-->GH,KZ-->GH,KZ-->GH,KZ-->GH,KZ-->GH,KZ-->GH,KZ-->GH,KZ-->GH,KZ-->GH
GI,GIB,Gibraltar,Gibraltar,Europe,Southern Europe,,GI-->KZ,GI-->KZ,GI-->KZ,GI-->KZ,GI-->KZ,GI-->KZ,GI-->KZ,GI-->KZ,GI-->KZ,GI-->KZ,GI-->KZ,GI-->KZ,GI-->KZ,GI-->KZ,GI-->KZ,GI-->KZ,GI-->KZ,GI-->KZ,GI-->KZ,,,,,,,,,,,,,,,,,KZ-->GI,KZ-->GI,KZ-->GI,KZ-->GI,KZ-->GI,KZ-->GI,KZ-->GI,KZ-->GI,KZ-->GI,KZ-->GI,KZ-->GI,KZ-->GI,KZ-->GI,KZ-->GI,KZ-->GI,KZ-->GI,KZ-->GI,KZ-->GI,KZ-->GI
GR,GRC,Greece,Athens,Europe,Southern Europe,,GR-->KZ,GR-->KZ,GR-->KZ,GR-->KZ,GR-->KZ,GR-->KZ,GR-->KZ,GR-->KZ,GR-->KZ,GR-->KZ,GR-->KZ,GR-->KZ,GR-->KZ,GR-->KZ,GR-->KZ,GR-->KZ,GR-->KZ,GR-->KZ,GR-->KZ,,,,,,,,,,,,,,,,,KZ-->GR,KZ-->GR,KZ-->GR,KZ-->GR,KZ-->GR,KZ-->GR,KZ-->GR,KZ-->GR,KZ-->GR,KZ-->GR,KZ-->GR,KZ-->GR,KZ-->GR,KZ-->GR,KZ-->GR,KZ-->GR,KZ-->GR,KZ-->GR,KZ-->GR
GL,GRL,Greenland,Nuuk,Americas,Northern America,,GL-->KZ,GL-->KZ,GL-->KZ,GL-->KZ,GL-->KZ,GL-->KZ,GL-->KZ,GL-->KZ,GL-->KZ,GL-->KZ,GL-->KZ,GL-->KZ,GL-->KZ,GL-->KZ,GL-->KZ,GL-->KZ,GL-->KZ,GL-->KZ,GL-->KZ,,,,,,,,,,,,,,,,,KZ-->GL,KZ-->GL,KZ-->GL,KZ-->GL,KZ-->GL,KZ-->GL,KZ-->GL,KZ-->GL,KZ-->GL,KZ-->GL,KZ-->GL,KZ-->GL,KZ-->GL,KZ-->GL,KZ-->GL,KZ-->GL,KZ-->GL,KZ-->GL,KZ-->GL
GD,GRD,Grenada,St. George's,Americas,Caribbean,,GD-->KZ,GD-->KZ,GD-->KZ,GD-->KZ,GD-->KZ,GD-->KZ,GD-->KZ,GD-->KZ,GD-->KZ,GD-->KZ,GD-->KZ,GD-->KZ,GD-->KZ,GD-->KZ,GD-->KZ,GD-->KZ,GD-->KZ,GD-->KZ,GD-->KZ,,,,,,,,,,,,,,,,,KZ-->GD,KZ-->GD,KZ-->GD,KZ-->GD,KZ-->GD,KZ-->GD,KZ-->GD,KZ-->GD,KZ-->GD,KZ-->GD,KZ-->GD,KZ-->GD,KZ-->GD,KZ-->GD,KZ-->GD,KZ-->GD,KZ-->GD,KZ-->GD,KZ-->GD
GP,GLP,Guadeloupe,Basse-Terre,Americas,Caribbean,,GP-->KZ,GP-->KZ,GP-->KZ,GP-->KZ,GP-->KZ,GP-->KZ,GP-->KZ,GP-->KZ,GP-->KZ,GP-->KZ,GP-->KZ,GP-->KZ,GP-->KZ,GP-->KZ,GP-->KZ,GP-->KZ,GP-->KZ,GP-->KZ,GP-->KZ,,,,,,,,,,,,,,,,,KZ-->GP,KZ-->GP,KZ-->GP,KZ-->GP,KZ-->GP,KZ-->GP,KZ-->GP,KZ-->GP,KZ-->GP,KZ-->GP,KZ-->GP,KZ-->GP,KZ-->GP,KZ-->GP,KZ-->GP,KZ-->GP,KZ-->GP,KZ-->GP,KZ-->GP
GU,GUM,Guam,Hagåtña,Oceania,Micronesia,,GU-->KZ,GU-->KZ,GU-->KZ,GU-->KZ,GU-->KZ,GU-->KZ,GU-->KZ,GU-->KZ,GU-->KZ,GU-->KZ,GU-->KZ,GU-->KZ,GU-->KZ,GU-->KZ,GU-->KZ,GU-->KZ,GU-->KZ,GU-->KZ,GU-->KZ,,,,,,,,,,,,,,,,,KZ-->GU,KZ-->GU,KZ-->GU,KZ-->GU,KZ-->GU,KZ-->GU,KZ-->GU,KZ-->GU,KZ-->GU,KZ-->GU,KZ-->GU,KZ-->GU,KZ-->GU,KZ-->GU,KZ-->GU,KZ-->GU,KZ-->GU,KZ-->GU,KZ-->GU
GT,GTM,Guatemala,Guatemala City,Americas,Central America,,GT-->KZ,GT-->KZ,GT-->KZ,GT-->KZ,GT-->KZ,GT-->KZ,GT-->KZ,GT-->KZ,GT-->KZ,GT-->KZ,GT-->KZ,GT-->KZ,GT-->KZ,GT-->KZ,GT-->KZ,GT-->KZ,GT-->KZ,GT-->KZ,GT-->KZ,,,,,,,,,,,,,,,,,KZ-->GT,KZ-->GT,KZ-->GT,KZ-->GT,KZ-->GT,KZ-->GT,KZ-->GT,KZ-->GT,KZ-->GT,KZ-->GT,KZ-->GT,KZ-->GT,KZ-->GT,KZ-->GT,KZ-->GT,KZ-->GT,KZ-->GT,KZ-->GT,KZ-->GT
GG,GGY,Guernsey,St. Peter Port,Europe,Northern Europe,,GG-->KZ,GG-->KZ,GG-->KZ,GG-->KZ,GG-->KZ,GG-->KZ,GG-->KZ,GG-->KZ,GG-->KZ,GG-->KZ,GG-->KZ,GG-->KZ,GG-->KZ,GG-->KZ,GG-->KZ,GG-->KZ,GG-->KZ,GG-->KZ,GG-->KZ,,,,,,,,,,,,,,,,,KZ-->GG,KZ-->GG,KZ-->GG,KZ-->GG,KZ-->GG,KZ-->GG,KZ-->GG,KZ-->GG,KZ-->GG,KZ-->GG,KZ-->GG,KZ-->GG,KZ-->GG,KZ-->GG,KZ-->GG,KZ-->GG,KZ-->GG,KZ-->GG,KZ-->GG
GN,GIN,Guinea,Conakry,Africa,Western Africa,,GN-->KZ,GN-->KZ,GN-->KZ,GN-->KZ,GN-->KZ,GN-->KZ,GN-->KZ,GN-->KZ,GN-->KZ,GN-->KZ,GN-->KZ,GN-->KZ,GN-->KZ,GN-->KZ,GN-->KZ,GN-->KZ,GN-->KZ,GN-->KZ,GN-->KZ,,,,,,,,,,,,,,,,,KZ-->GN,KZ-->GN,KZ-->GN,KZ-->GN,KZ-->GN,KZ-->GN,KZ-->GN,KZ-->GN,KZ-->GN,KZ-->GN,KZ-->GN,KZ-->GN,KZ-->GN,KZ-->GN,KZ-->GN,KZ-->GN,KZ-->GN,KZ-->GN,KZ-->GN
GW,GNB,Guinea-Bissau,Bissau,Africa,Western Africa,,GW-->KZ,GW-->KZ,GW-->KZ,GW-->KZ,GW-->KZ,GW-->KZ,GW-->KZ,GW-->KZ,GW-->KZ,GW-->KZ,GW-->KZ,GW-->KZ,GW-->KZ,GW-->KZ,GW-->KZ,GW-->KZ,GW-->KZ,GW-->KZ,GW-->KZ,,,,,,,,,,,,,,,,,KZ-->GW,KZ-->GW,KZ-->GW,KZ-->GW,KZ-->GW,KZ-->GW,KZ-->GW,KZ-->GW,KZ-->GW,KZ-->GW,KZ-->GW,KZ-->GW,KZ-->GW,KZ-->GW,KZ-->GW,KZ-->GW,KZ-->GW,KZ-->GW,KZ-->GW
GY,GUY,Guyana,Georgetown,Americas,South America,,GY-->KZ,GY-->KZ,GY-->KZ,GY-->KZ,GY-->KZ,GY-->KZ,GY-->KZ,GY-->KZ,GY-->KZ,GY-->KZ,GY-->KZ,GY-->KZ,GY-->KZ,GY-->KZ,GY-->KZ,GY-->KZ,GY-->KZ,GY-->KZ,GY-->KZ,,,,,,,,,,,,,,,,,KZ-->GY,KZ-->GY,KZ-->GY,KZ-->GY,KZ-->GY,KZ-->GY,KZ-->GY,KZ-->GY,KZ-->GY,KZ-->GY,KZ-->GY,KZ-->GY,KZ-->GY,KZ-->GY,KZ-->GY,KZ-->GY,KZ-->GY,KZ-->GY,KZ-->GY
HT,HTI,Haiti,Port-au-Prince,Americas,Caribbean,,HT-->KZ,HT-->KZ,HT-->KZ,HT-->KZ,HT-->KZ,HT-->KZ,HT-->KZ,HT-->KZ,HT-->KZ,HT-->KZ,HT-->KZ,HT-->KZ,HT-->KZ,HT-->KZ,HT-->KZ,HT-->KZ,HT-->KZ,HT-->KZ,HT-->KZ,,,,,,,,,,,,,,,,,KZ-->HT,KZ-->HT,KZ-->HT,KZ-->HT,KZ-->HT,KZ-->HT,KZ-->HT,KZ-->HT,KZ-->HT,KZ-->HT,KZ-->HT,KZ-->HT,KZ-->HT,KZ-->HT,KZ-->HT,KZ-->HT,KZ-->HT,KZ-->HT,KZ-->HT
HM,HMD,Heard Island and McDonald Islands,,,,,HM-->KZ,HM-->KZ,HM-->KZ,HM-->KZ,HM-->KZ,HM-->KZ,HM-->KZ,HM-->KZ,HM-->KZ,HM-->KZ,HM-->KZ,HM-->KZ,HM-->KZ,HM-->KZ,HM-->KZ,HM-->KZ,HM-->KZ,HM-->KZ,HM-->KZ,,,,,,,,,,,,,,,,,KZ-->HM,KZ-->HM,KZ-->HM,KZ-->HM,KZ-->HM,KZ-->HM,KZ-->HM,KZ-->HM,KZ-->HM,KZ-->HM,KZ-->HM,KZ-->HM,KZ-->HM,KZ-->HM,KZ-->HM,KZ-->HM,KZ-->HM,KZ-->HM,KZ-->HM
VA,VAT,Holy See,Rome,Europe,Southern Europe,,VA-->KZ,VA-->KZ,VA-->KZ,VA-->KZ,VA-->KZ,VA-->KZ,VA-->KZ,VA-->KZ,VA-->KZ,VA-->KZ,VA-->KZ,VA-->KZ,VA-->KZ,VA-->KZ,VA-->KZ,VA-->KZ,VA-->KZ,VA-->KZ,VA-->KZ,,,,,,,,,,,,,,,,,KZ-->VA,KZ-->VA,KZ-->VA,KZ-->VA,KZ-->VA,KZ-->VA,KZ-->VA,KZ-->VA,KZ-->VA,KZ-->VA,KZ-->VA,KZ-->VA,KZ-->VA,KZ-->VA,KZ-->VA,KZ-->VA,KZ-->VA,KZ-->VA,KZ-->VA
HN,HND,Honduras,Tegucigalpa,Americas,Central America,,HN-->KZ,HN-->KZ,HN-->KZ,HN-->KZ,HN-->KZ,HN-->KZ,HN-->KZ,HN-->KZ,HN-->KZ,HN-->KZ,HN-->KZ,HN-->KZ,HN-->KZ,HN-->KZ,HN-->KZ,HN-->KZ,HN-->KZ,HN-->KZ,HN-->KZ,,,,,,,,,,,,,,,,,KZ-->HN,KZ-->HN,KZ-->HN,KZ-->HN,KZ-->HN,KZ-->HN,KZ-->HN,KZ-->HN,KZ-->HN,KZ-->HN,KZ-->HN,KZ-->HN,KZ-->HN,KZ-->HN,KZ-->HN,KZ-->HN,KZ-->HN,KZ-->HN,KZ-->HN
HK,HKG,Hong Kong,City of Victoria,Asia,Eastern Asia,,HK-->KZ,HK-->KZ,HK-->KZ,HK-->KZ,HK-->KZ,HK-->KZ,HK-->KZ,HK-->KZ,HK-->KZ,HK-->KZ,HK-->KZ,HK-->KZ,HK-->KZ,HK-->KZ,HK-->KZ,HK-->KZ,HK-->KZ,HK-->KZ,HK-->KZ,,,,,,,,,,,,,,,,,KZ-->HK,KZ-->HK,KZ-->HK,KZ-->HK,KZ-->HK,KZ-->HK,KZ-->HK,KZ-->HK,KZ-->HK,KZ-->HK,KZ-->HK,KZ-->HK,KZ-->HK,KZ-->HK,KZ-->HK,KZ-->HK,KZ-->HK,KZ-->HK,KZ-->HK
HU,HUN,Hungary,Budapest,Europe,Eastern Europe,,HU-->KZ,HU-->KZ,HU-->KZ,HU-->KZ,HU-->KZ,HU-->KZ,HU-->KZ,HU-->KZ,HU-->KZ,HU-->KZ,HU-->KZ,HU-->KZ,HU-->KZ,HU-->KZ,HU-->KZ,HU-->KZ,HU-->KZ,HU-->KZ,HU-->KZ,,,,,,,,,,,,,,,,,KZ-->HU,KZ-->HU,KZ-->HU,KZ-->HU,KZ-->HU,KZ-->HU,KZ-->HU,KZ-->HU,KZ-->HU,KZ-->HU,KZ-->HU,KZ-->HU,KZ-->HU,KZ-->HU,KZ-->HU,KZ-->HU,KZ-->HU,KZ-->HU,KZ-->HU
IS,ISL,Iceland,Reykjavík,Europe,Northern Europe,,IS-->KZ,IS-->KZ,IS-->KZ,IS-->KZ,IS-->KZ,IS-->KZ,IS-->KZ,IS-->KZ,IS-->KZ,IS-->KZ,IS-->KZ,IS-->KZ,IS-->KZ,IS-->KZ,IS-->KZ,IS-->KZ,IS-->KZ,IS-->KZ,IS-->KZ,,,,,,,,,,,,,,,,,KZ-->IS,KZ-->IS,KZ-->IS,KZ-->IS,KZ-->IS,KZ-->IS,KZ-->IS,KZ-->IS,KZ-->IS,KZ-->IS,KZ-->IS,KZ-->IS,KZ-->IS,KZ-->IS,KZ-->IS,KZ-->IS,KZ-->IS,KZ-->IS,KZ-->IS
IN,IND,India,New Delhi,Asia,Southern Asia,,IN-->KZ,IN-->KZ,IN-->KZ,IN-->KZ,IN-->KZ,IN-->KZ,IN-->KZ,IN-->KZ,IN-->KZ,IN-->KZ,IN-->KZ,IN-->KZ,IN-->KZ,IN-->KZ,IN-->KZ,IN-->KZ,IN-->KZ,IN-->KZ,IN-->KZ,,,,,,,,,,,,,,,,,KZ-->IN,KZ-->IN,KZ-->IN,KZ-->IN,KZ-->IN,KZ-->IN,KZ-->IN,KZ-->IN,KZ-->IN,KZ-->IN,KZ-->IN,KZ-->IN,KZ-->IN,KZ-->IN,KZ-->IN,KZ-->IN,KZ-->IN,KZ-->IN,KZ-->IN
ID,IDN,Indonesia,Jakarta,Asia,South-Eastern Asia,,ID-->KZ,ID-->KZ,ID-->KZ,ID-->KZ,ID-->KZ,ID-->KZ,ID-->KZ,ID-->KZ,ID-->KZ,ID-->KZ,ID-->KZ,ID-->KZ,ID-->KZ,ID-->KZ,ID-->KZ,ID-->KZ,ID-->KZ,ID-->KZ,ID-->KZ,,,,,,,,,,,,,,,,,KZ-->ID,KZ-->ID,KZ-->ID,KZ-->ID,KZ-->ID,KZ-->ID,KZ-->ID,KZ-->ID,KZ-->ID,KZ-->ID,KZ-->ID,KZ-->ID,KZ-->ID,KZ-->ID,KZ-->ID,KZ-->ID,KZ-->ID,KZ-->ID,KZ-->ID
CI,CIV,Ivory Coast,Yamoussoukro,Africa,Western Africa,,CI-->KZ,CI-->KZ,CI-->KZ,CI-->KZ,CI-->KZ,CI-->KZ,CI-->KZ,CI-->KZ,CI-->KZ,CI-->KZ,CI-->KZ,CI-->KZ,CI-->KZ,CI-->KZ,CI-->KZ,CI-->KZ,CI-->KZ,CI-->KZ,CI-->KZ,,,,,,,,,,,,,,,,,KZ-->CI,KZ-->CI,KZ-->CI,KZ-->CI,KZ-->CI,KZ-->CI,KZ-->CI,KZ-->CI,KZ-->CI,KZ-->CI,KZ-->CI,KZ-->CI,KZ-->CI,KZ-->CI,KZ-->CI,KZ-->CI,KZ-->CI,KZ-->CI,KZ-->CI
IR,IRN,Iran,Tehran,Asia,Southern Asia,,IR-->KZ,IR-->KZ,IR-->KZ,IR-->KZ,IR-->KZ,IR-->KZ,IR-->KZ,IR-->KZ,IR-->KZ,IR-->KZ,IR-->KZ,IR-->KZ,IR-->KZ,IR-->KZ,IR-->KZ,IR-->KZ,IR-->KZ,IR-->KZ,IR-->KZ,,,,,,,,,,,,,,,,,KZ-->IR,KZ-->IR,KZ-->IR,KZ-->IR,KZ-->IR,KZ-->IR,KZ-->IR,KZ-->IR,KZ-->IR,KZ-->IR,KZ-->IR,KZ-->IR,KZ-->IR,KZ-->IR,KZ-->IR,KZ-->IR,KZ-->IR,KZ-->IR,KZ-->IR
IQ,IRQ,Iraq,Baghdad,Asia,Western Asia,,IQ-->KZ,IQ-->KZ,IQ-->KZ,IQ-->KZ,IQ-->KZ,IQ-->KZ,IQ-->KZ,IQ-->KZ,IQ-->KZ,IQ-->KZ,IQ-->KZ,IQ-->KZ,IQ-->KZ,IQ-->KZ,IQ-->KZ,IQ-->KZ,IQ-->KZ,IQ-->KZ,IQ-->KZ,,,,,,,,,,,,,,,,,KZ-->IQ,KZ-->IQ,KZ-->IQ,KZ-->IQ,KZ-->IQ,KZ-->IQ,KZ-->IQ,KZ-->IQ,KZ-->IQ,KZ-->IQ,KZ-->IQ,KZ-->IQ,KZ-->IQ,KZ-->IQ,KZ-->IQ,KZ-->IQ,KZ-->IQ,KZ-->IQ,KZ-->IQ
IE,IRL,Republic of Ireland,Dublin,Europe,Northern Europe,,IE-->KZ,IE-->KZ,IE-->KZ,IE-->KZ,IE-->KZ,IE-->KZ,IE-->KZ,IE-->KZ,IE-->KZ,IE-->KZ,IE-->KZ,IE-->KZ,IE-->KZ,IE-->KZ,IE-->KZ,IE-->KZ,IE-->KZ,IE-->KZ,IE-->KZ,,,,,,,,,,,,,,,,,KZ-->IE,KZ-->IE,KZ-->IE,KZ-->IE,KZ-->IE,KZ-->IE,KZ-->IE,KZ-->IE,KZ-->IE,KZ-->IE,KZ-->IE,KZ-->IE,KZ-->IE,KZ-->IE,KZ-->IE,KZ-->IE,KZ-->IE,KZ-->IE,KZ-->IE
IM,IMN,Isle of Man,Douglas,Europe,Northern Europe,,IM-->KZ,IM-->KZ,IM-->KZ,IM-->KZ,IM-->KZ,IM-->KZ,IM-->KZ,IM-->KZ,IM-->KZ,IM-->KZ,IM-->KZ,IM-->KZ,IM-->KZ,IM-->KZ,IM-->KZ,IM-->KZ,IM-->KZ,IM-->KZ,IM-->KZ,,,,,,,,,,,,,,,,,KZ-->IM,KZ-->IM,KZ-->IM,KZ-->IM,KZ-->IM,KZ-->IM,KZ-->IM,KZ-->IM,KZ-->IM,KZ-->IM,KZ-->IM,KZ-->IM,KZ-->IM,KZ-->IM,KZ-->IM,KZ-->IM,KZ-->IM,KZ-->IM,KZ-->IM
IL,ISR,Israel,Jerusalem,Asia,Western Asia,,IL-->KZ,IL-->KZ,IL-->KZ,IL-->KZ,IL-->KZ,IL-->KZ,IL-->KZ,IL-->KZ,IL-->KZ,IL-->KZ,IL-->KZ,IL-->KZ,IL-->KZ,IL-->KZ,IL-->KZ,IL-->KZ,IL-->KZ,IL-->KZ,IL-->KZ,,,,,,,,,,,,,,,,,KZ-->IL,KZ-->IL,KZ-->IL,KZ-->IL,KZ-->IL,KZ-->IL,KZ-->IL,KZ-->IL,KZ-->IL,KZ-->IL,KZ-->IL,KZ-->IL,KZ-->IL,KZ-->IL,KZ-->IL,KZ-->IL,KZ-->IL,KZ-->IL,KZ-->IL
IT,ITA,Italy,Rome,Europe,Southern Europe,,IT-->KZ,IT-->KZ,IT-->KZ,IT-->KZ,IT-->KZ,IT-->KZ,IT-->KZ,IT-->KZ,IT-->KZ,IT-->KZ,IT-->KZ,IT-->KZ,IT-->KZ,IT-->KZ,IT-->KZ,IT-->KZ,IT-->KZ,IT-->KZ,IT-->KZ,,,,,,,,,,,,,,,,,KZ-->IT,KZ-->IT,KZ-->IT,KZ-->IT,KZ-->IT,KZ-->IT,KZ-->IT,KZ-->IT,KZ-->IT,KZ-->IT,KZ-->IT,KZ-->IT,KZ-->IT,KZ-->IT,KZ-->IT,KZ-->IT,KZ-->IT,KZ-->IT,KZ-->IT
JM,JAM,Jamaica,Kingston,Americas,Caribbean,,JM-->KZ,JM-->KZ,JM-->KZ,JM-->KZ,JM-->KZ,JM-->KZ,JM-->KZ,JM-->KZ,JM-->KZ,JM-->KZ,JM-->KZ,JM-->KZ,JM-->KZ,JM-->KZ,JM-->KZ,JM-->KZ,JM-->KZ,JM-->KZ,JM-->KZ,,,,,,,,,,,,,,,,,KZ-->JM,KZ-->JM,KZ-->JM,KZ-->JM,KZ-->JM,KZ-->JM,KZ-->JM,KZ-->JM,KZ-->JM,KZ-->JM,KZ-->JM,KZ-->JM,KZ-->JM,KZ-->JM,KZ-->JM,KZ-->JM,KZ-->JM,KZ-->JM,KZ-->JM
JP,JPN,Japan,Tokyo,Asia,Eastern Asia,,JP-->KZ,JP-->KZ,JP-->KZ,JP-->KZ,JP-->KZ,JP-->KZ,JP-->KZ,JP-->KZ,JP-->KZ,JP-->KZ,JP-->KZ,JP-->KZ,JP-->KZ,JP-->KZ,JP-->KZ,JP-->KZ,JP-->KZ,JP-->KZ,JP-->KZ,,,,,,,,,,,,,,,,,KZ-->JP,KZ-->JP,KZ-->JP,KZ-->JP,KZ-->JP,KZ-->JP,KZ-->JP,KZ-->JP,KZ-->JP,KZ-->JP,KZ-->JP,KZ-->JP,KZ-->JP,KZ-->JP,KZ-->JP,KZ-->JP,KZ-->JP,KZ-->JP,KZ-->JP
JE,JEY,Jersey,Saint Helier,Europe,Northern Europe,,JE-->KZ,JE-->KZ,JE-->KZ,JE-->KZ,JE-->KZ,JE-->KZ,JE-->KZ,JE-->KZ,JE-->KZ,JE-->KZ,JE-->KZ,JE-->KZ,JE-->KZ,JE-->KZ,JE-->KZ,JE-->KZ,JE-->KZ,JE-->KZ,JE-->KZ,,,,,,,,,,,,,,,,,KZ-->JE,KZ-->JE,KZ-->JE,KZ-->JE,KZ-->JE,KZ-->JE,KZ-->JE,KZ-->JE,KZ-->JE,KZ-->JE,KZ-->JE,KZ-->JE,KZ-->JE,KZ-->JE,KZ-->JE,KZ-->JE,KZ-->JE,KZ-->JE,KZ-->JE
JO,JOR,Jordan,Amman,Asia,Western Asia,,JO-->KZ,JO-->KZ,JO-->KZ,JO-->KZ,JO-->KZ,JO-->KZ,JO-->KZ,JO-->KZ,JO-->KZ,JO-->KZ,JO-->KZ,JO-->KZ,JO-->KZ,JO-->KZ,JO-->KZ,JO-->KZ,JO-->KZ,JO-->KZ,JO-->KZ,,,,,,,,,,,,,,,,,KZ-->JO,KZ-->JO,KZ-->JO,KZ-->JO,KZ-->JO,KZ-->JO,KZ-->JO,KZ-->JO,KZ-->JO,KZ-->JO,KZ-->JO,KZ-->JO,KZ-->JO,KZ-->JO,KZ-->JO,KZ-->JO,KZ-->JO,KZ-->JO,KZ-->JO
KZ,KAZ,Kazakhstan,Astana,Asia,Central Asia,,KZ-->KZ,KZ-->KZ,KZ-->KZ,KZ-->KZ,KZ-->KZ,KZ-->KZ,KZ-->KZ,KZ-->KZ,KZ-->KZ,KZ-->KZ,KZ-->KZ,KZ-->KZ,KZ-->KZ,KZ-->KZ,KZ-->KZ,KZ-->KZ,KZ-->KZ,KZ-->KZ,KZ-->KZ,,,,,,,,,,,,,,,,,KZ-->KZ,KZ-->KZ,KZ-->KZ,KZ-->KZ,KZ-->KZ,KZ-->KZ,KZ-->KZ,KZ-->KZ,KZ-->KZ,KZ-->KZ,KZ-->KZ,KZ-->KZ,KZ-->KZ,KZ-->KZ,KZ-->KZ,KZ-->KZ,KZ-->KZ,KZ-->KZ,KZ-->KZ
KE,KEN,Kenya,Nairobi,Africa,Eastern Africa,,KE-->KZ,KE-->KZ,KE-->KZ,KE-->KZ,KE-->KZ,KE-->KZ,KE-->KZ,KE-->KZ,KE-->KZ,KE-->KZ,KE-->KZ,KE-->KZ,KE-->KZ,KE-->KZ,KE-->KZ,KE-->KZ,KE-->KZ,KE-->KZ,KE-->KZ,,,,,,,,,,,,,,,,,KZ-->KE,KZ-->KE,KZ-->KE,KZ-->KE,KZ-->KE,KZ-->KE,KZ-->KE,KZ-->KE,KZ-->KE,KZ-->KE,KZ-->KE,KZ-->KE,KZ-->KE,KZ-->KE,KZ-->KE,KZ-->KE,KZ-->KE,KZ-->KE,KZ-->KE
KI,KIR,Kiribati,South Tarawa,Oceania,Micronesia,,KI-->KZ,KI-->KZ,KI-->KZ,KI-->KZ,KI-->KZ,KI-->KZ,KI-->KZ,KI-->KZ,KI-->KZ,KI-->KZ,KI-->KZ,KI-->KZ,KI-->KZ,KI-->KZ,KI-->KZ,KI-->KZ,KI-->KZ,KI-->KZ,KI-->KZ,,,,,,,,,,,,,,,,,KZ-->KI,KZ-->KI,KZ-->KI,KZ-->KI,KZ-->KI,KZ-->KI,KZ-->KI,KZ-->KI,KZ-->KI,KZ-->KI,KZ-->KI,KZ-->KI,KZ-->KI,KZ-->KI,KZ-->KI,KZ-->KI,KZ-->KI,KZ-->KI,KZ-->KI
KW,KWT,Kuwait,Kuwait City,Asia,Western Asia,,KW-->KZ,KW-->KZ,KW-->KZ,KW-->KZ,KW-->KZ,KW-->KZ,KW-->KZ,KW-->KZ,KW-->KZ,KW-->KZ,KW-->KZ,KW-->KZ,KW-->KZ,KW-->KZ,KW-->KZ,KW-->KZ,KW-->KZ,KW-->KZ,KW-->KZ,,,,,,,,,,,,,,,,,KZ-->KW,KZ-->KW,KZ-->KW,KZ-->KW,KZ-->KW,KZ-->KW,KZ-->KW,KZ-->KW,KZ-->KW,KZ-->KW,KZ-->KW,KZ-->KW,KZ-->KW,KZ-->KW,KZ-->KW,KZ-->KW,KZ-->KW,KZ-->KW,KZ-->KW
KG,KGZ,Kyrgyzstan,Bishkek,Asia,Central Asia,,KG-->KZ,KG-->KZ,KG-->KZ,KG-->KZ,KG-->KZ,KG-->KZ,KG-->KZ,KG-->KZ,KG-->KZ,KG-->KZ,KG-->KZ,KG-->KZ,KG-->KZ,KG-->KZ,KG-->KZ,KG-->KZ,KG-->KZ,KG-->KZ,KG-->KZ,,,,,,,,,,,,,,,,,KZ-->KG,KZ-->KG,KZ-->KG,KZ-->KG,KZ-->KG,KZ-->KG,KZ-->KG,KZ-->KG,KZ-->KG,KZ-->KG,KZ-->KG,KZ-->KG,KZ-->KG,KZ-->KG,KZ-->KG,KZ-->KG,KZ-->KG,KZ-->KG,KZ-->KG
LA,LAO,Laos,Vientiane,Asia,South-Eastern Asia,,LA-->KZ,LA-->KZ,LA-->KZ,LA-->KZ,LA-->KZ,LA-->KZ,LA-->KZ,LA-->KZ,LA-->KZ,LA-->KZ,LA-->KZ,LA-->KZ,LA-->KZ,LA-->KZ,LA-->KZ,LA-->KZ,LA-->KZ,LA-->KZ,LA-->KZ,,,,,,,,,,,,,,,,,KZ-->LA,KZ-->LA,KZ-->LA,KZ-->LA,KZ-->LA,KZ-->LA,KZ-->LA,KZ-->LA,KZ-->LA,KZ-->LA,KZ-->LA,KZ-->LA,KZ-->LA,KZ-->LA,KZ-->LA,KZ-->LA,KZ-->LA,KZ-->LA,KZ-->LA
LV,LVA,Latvia,Riga,Europe,Northern Europe,,LV-->KZ,LV-->KZ,LV-->KZ,LV-->KZ,LV-->KZ,LV-->KZ,LV-->KZ,LV-->KZ,LV-->KZ,LV-->KZ,LV-->KZ,LV-->KZ,LV-->KZ,LV-->KZ,LV-->KZ,LV-->KZ,LV-->KZ,LV-->KZ,LV-->KZ,,,,,,,,,,,,,,,,,KZ-->LV,KZ-->LV,KZ-->LV,KZ-->LV,KZ-->LV,KZ-->LV,KZ-->LV,KZ-->LV,KZ-->LV,KZ-->LV,KZ-->LV,KZ-->LV,KZ-->LV,KZ-->LV,KZ-->LV,KZ-->LV,KZ-->LV,KZ-->LV,KZ-->LV
LB,LBN,Lebanon,Beirut,Asia,Western Asia,,LB-->KZ,LB-->KZ,LB-->KZ,LB-->KZ,LB-->KZ,LB-->KZ,LB-->KZ,LB-->KZ,LB-->KZ,LB-->KZ,LB-->KZ,LB-->KZ,LB-->KZ,LB-->KZ,LB-->KZ,LB-->KZ,LB-->KZ,LB-->KZ,LB-->KZ,,,,,,,,,,,,,,,,,KZ-->LB,KZ-->LB,KZ-->LB,KZ-->LB,KZ-->LB,KZ-->LB,KZ-->LB,KZ-->LB,KZ-->LB,KZ-->LB,KZ-->LB,KZ-->LB,KZ-->LB,KZ-->LB,KZ-->LB,KZ-->LB,KZ-->LB,KZ-->LB,KZ-->LB
LS,LSO,Lesotho,Maseru,Africa,Southern Africa,,LS-->KZ,LS-->KZ,LS-->KZ,LS-->KZ,LS-->KZ,LS-->KZ,LS-->KZ,LS-->KZ,LS-->KZ,LS-->KZ,LS-->KZ,LS-->KZ,LS-->KZ,LS-->KZ,LS-->KZ,LS-->KZ,LS-->KZ,LS-->KZ,LS-->KZ,,,,,,,,,,,,,,,,,KZ-->LS,KZ-->LS,KZ-->LS,KZ-->LS,KZ-->LS,KZ-->LS,KZ-->LS,KZ-->LS,KZ-->LS,KZ-->LS,KZ-->LS,KZ-->LS,KZ-->LS,KZ-->LS,KZ-->LS,KZ-->LS,KZ-->LS,KZ-->LS,KZ-->LS
LR,LBR,Liberia,Monrovia,Africa,Western Africa,,LR-->KZ,LR-->KZ,LR-->KZ,LR-->KZ,LR-->KZ,LR-->KZ,LR-->KZ,LR-->KZ,LR-->KZ,LR-->KZ,LR-->KZ,LR-->KZ,LR-->KZ,LR-->KZ,LR-->KZ,LR-->KZ,LR-->KZ,LR-->KZ,LR-->KZ,,,,,,,,,,,,,,,,,KZ-->LR,KZ-->LR,KZ-->LR,KZ-->LR,KZ-->LR,KZ-->LR,KZ-->LR,KZ-->LR,KZ-->LR,KZ-->LR,KZ-->LR,KZ-->LR,KZ-->LR,KZ-->LR,KZ-->LR,KZ-->LR,KZ-->LR,KZ-->LR,KZ-->LR
LY,LBY,Libya,Tripoli,Africa,Northern Africa,,LY-->KZ,LY-->KZ,LY-->KZ,LY-->KZ,LY-->KZ,LY-->KZ,LY-->KZ,LY-->KZ,LY-->KZ,LY-->KZ,LY-->KZ,LY-->KZ,LY-->KZ,LY-->KZ,LY-->KZ,LY-->KZ,LY-->KZ,LY-->KZ,LY-->KZ,,,,,,,,,,,,,,,,,KZ-->LY,KZ-->LY,KZ-->LY,KZ-->LY,KZ-->LY,KZ-->LY,KZ-->LY,KZ-->LY,KZ-->LY,KZ-->LY,KZ-->LY,KZ-->LY,KZ-->LY,KZ-->LY,KZ-->LY,KZ-->LY,KZ-->LY,KZ-->LY,KZ-->LY
LI,LIE,Liechtenstein,Vaduz,Europe,Western Europe,,LI-->KZ,LI-->KZ,LI-->KZ,LI-->KZ,LI-->KZ,LI-->KZ,LI-->KZ,LI-->KZ,LI-->KZ,LI-->KZ,LI-->KZ,LI-->KZ,LI-->KZ,LI-->KZ,LI-->KZ,LI-->KZ,LI-->KZ,LI-->KZ,LI-->KZ,,,,,,,,,,,,,,,,,KZ-->LI,KZ-->LI,KZ-->LI,KZ-->LI,KZ-->LI,KZ-->LI,KZ-->LI,KZ-->LI,KZ-->LI,KZ-->LI,KZ-->LI,KZ-->LI,KZ-->LI,KZ-->LI,KZ-->LI,KZ-->LI,KZ-->LI,KZ-->LI,KZ-->LI
LT,LTU,Lithuania,Vilnius,Europe,Northern Europe,,LT-->KZ,LT-->KZ,LT-->KZ,LT-->KZ,LT-->KZ,LT-->KZ,LT-->KZ,LT-->KZ,LT-->KZ,LT-->KZ,LT-->KZ,LT-->KZ,LT-->KZ,LT-->KZ,LT-->KZ,LT-->KZ,LT-->KZ,LT-->KZ,LT-->KZ,,,,,,,,,,,,,,,,,KZ-->LT,KZ-->LT,KZ-->LT,KZ-->LT,KZ-->LT,KZ-->LT,KZ-->LT,KZ-->LT,KZ-->LT,KZ-->LT,KZ-->LT,KZ-->LT,KZ-->LT,KZ-->LT,KZ-->LT,KZ-->LT,KZ-->LT,KZ-->LT,KZ-->LT
LU,LUX,Luxembourg,Luxembourg,Europe,Western Europe,,LU-->KZ,LU-->KZ,LU-->KZ,LU-->KZ,LU-->KZ,LU-->KZ,LU-->KZ,LU-->KZ,LU-->KZ,LU-->KZ,LU-->KZ,LU-->KZ,LU-->KZ,LU-->KZ,LU-->KZ,LU-->KZ,LU-->KZ,LU-->KZ,LU-->KZ,,,,,,,,,,,,,,,,,KZ-->LU,KZ-->LU,KZ-->LU,KZ-->LU,KZ-->LU,KZ-->LU,KZ-->LU,KZ-->LU,KZ-->LU,KZ-->LU,KZ-->LU,KZ-->LU,KZ-->LU,KZ-->LU,KZ-->LU,KZ-->LU,KZ-->LU,KZ-->LU,KZ-->LU
MO,MAC,Macau,,Asia,Eastern Asia,,MO-->KZ,MO-->KZ,MO-->KZ,MO-->KZ,MO-->KZ,MO-->KZ,MO-->KZ,MO-->KZ,MO-->KZ,MO-->KZ,MO-->KZ,MO-->KZ,MO-->KZ,MO-->KZ,MO-->KZ,MO-->KZ,MO-->KZ,MO-->KZ,MO-->KZ,,,,,,,,,,,,,,,,,KZ-->MO,KZ-->MO,KZ-->MO,KZ-->MO,KZ-->MO,KZ-->MO,KZ-->MO,KZ-->MO,KZ-->MO,KZ-->MO,KZ-->MO,KZ-->MO,KZ-->MO,KZ-->MO,KZ-->MO,KZ-->MO,KZ-->MO,KZ-->MO,KZ-->MO
MK,MKD,Republic of Macedonia,Skopje,Europe,Southern Europe,,MK-->KZ,MK-->KZ,MK-->KZ,MK-->KZ,MK-->KZ,MK-->KZ,MK-->KZ,MK-->KZ,MK-->KZ,MK-->KZ,MK-->KZ,MK-->KZ,MK-->KZ,MK-->KZ,MK-->KZ,MK-->KZ,MK-->KZ,MK-->KZ,MK-->KZ,,,,,,,,,,,,,,,,,KZ-->MK,KZ-->MK,KZ-->MK,KZ-->MK,KZ-->MK,KZ-->MK,KZ-->MK,KZ-->MK,KZ-->MK,KZ-->MK,KZ-->MK,KZ-->MK,KZ-->MK,KZ-->MK,KZ-->MK,KZ-->MK,KZ-->MK,KZ-->MK,KZ-->MK
MG,MDG,Madagascar,Antananarivo,Africa,Eastern Africa,,MG-->KZ,MG-->KZ,MG-->KZ,MG-->KZ,MG-->KZ,MG-->KZ,MG-->KZ,MG-->KZ,MG-->KZ,MG-->KZ,MG-->KZ,MG-->KZ,MG-->KZ,MG-->KZ,MG-->KZ,MG-->KZ,MG-->KZ,MG-->KZ,MG-->KZ,,,,,,,,,,,,,,,,,KZ-->MG,KZ-->MG,KZ-->MG,KZ-->MG,KZ-->MG,KZ-->MG,KZ-->MG,KZ-->MG,KZ-->MG,KZ-->MG,KZ-->MG,KZ-->MG,KZ-->MG,KZ-->MG,KZ-->MG,KZ-->MG,KZ-->MG,KZ-->MG,KZ-->MG
MW,MWI,Malawi,Lilongwe,Africa,Eastern Africa,,MW-->KZ,MW-->KZ,MW-->KZ,MW-->KZ,MW-->KZ,MW-->KZ,MW-->KZ,MW-->KZ,MW-->KZ,MW-->KZ,MW-->KZ,MW-->KZ,MW-->KZ,MW-->KZ,MW-->KZ,MW-->KZ,MW-->KZ,MW-->KZ,MW-->KZ,,,,,,,,,,,,,,,,,KZ-->MW,KZ-->MW,KZ-->MW,KZ-->MW,KZ-->MW,KZ-->MW,KZ-->MW,KZ-->MW,KZ-->MW,KZ-->MW,KZ-->MW,KZ-->MW,KZ-->MW,KZ-->MW,KZ-->MW,KZ-->MW,KZ-->MW,KZ-->MW,KZ-->MW
MY,MYS,Malaysia,Kuala Lumpur,Asia,South-Eastern Asia,,MY-->KZ,MY-->KZ,MY-->KZ,MY-->KZ,MY-->KZ,MY-->KZ,MY-->KZ,MY-->KZ,MY-->KZ,MY-->KZ,MY-->KZ,MY-->KZ,MY-->KZ,MY-->KZ,MY-->KZ,MY-->KZ,MY-->KZ,MY-->KZ,MY-->KZ,,,,,,,,,,,,,,,,,KZ-->MY,KZ-->MY,KZ-->MY,KZ-->MY,KZ-->MY,KZ-->MY,KZ-->MY,KZ-->MY,KZ-->MY,KZ-->MY,KZ-->MY,KZ-->MY,KZ-->MY,KZ-->MY,KZ-->MY,KZ-->MY,KZ-->MY,KZ-->MY,KZ-->MY
MV,MDV,Maldives,Malé,Asia,Southern Asia,,MV-->KZ,MV-->KZ,MV-->KZ,MV-->KZ,MV-->KZ,MV-->KZ,MV-->KZ,MV-->KZ,MV-->KZ,MV-->KZ,MV-->KZ,MV-->KZ,MV-->KZ,MV-->KZ,MV-->KZ,MV-->KZ,MV-->KZ,MV-->KZ,MV-->KZ,,,,,,,,,,,,,,,,,KZ-->MV,KZ-->MV,KZ-->MV,KZ-->MV,KZ-->MV,KZ-->MV,KZ-->MV,KZ-->MV,KZ-->MV,KZ-->MV,KZ-->MV,KZ-->MV,KZ-->MV,KZ-->MV,KZ-->MV,KZ-->MV,KZ-->MV,KZ-->MV,KZ-->MV
ML,MLI,Mali,Bamako,Africa,Western Africa,,ML-->KZ,ML-->KZ,ML-->KZ,ML-->KZ,ML-->KZ,ML-->KZ,ML-->KZ,ML-->KZ,ML-->KZ,ML-->KZ,ML-->KZ,ML-->KZ,ML-->KZ,ML-->KZ,ML-->KZ,ML-->KZ,ML-->KZ,ML-->KZ,ML-->KZ,,,,,,,,,,,,,,,,,KZ-->ML,KZ-->ML,KZ-->ML,KZ-->ML,KZ-->ML,KZ-->ML,KZ-->ML,KZ-->ML,KZ-->ML,KZ-->ML,KZ-->ML,KZ-->ML,KZ-->ML,KZ-->ML,KZ-->ML,KZ-->ML,KZ-->ML,KZ-->ML,KZ-->ML
MT,MLT,Malta,Valletta,Europe,Southern Europe,,MT-->KZ,MT-->KZ,MT-->KZ,MT-->KZ,MT-->KZ,MT-->KZ,MT-->KZ,MT-->KZ,MT-->KZ,MT-->KZ,MT-->KZ,MT-->KZ,MT-->KZ,MT-->KZ,MT-->KZ,MT-->KZ,MT-->KZ,MT-->KZ,MT-->KZ,,,,,,,,,,,,,,,,,KZ-->MT,KZ-->MT,KZ-->MT,KZ-->MT,KZ-->MT,KZ-->MT,KZ-->MT,KZ-->MT,KZ-->MT,KZ-->MT,KZ-->MT,KZ-->MT,KZ-->MT,KZ-->MT,KZ-->MT,KZ-->MT,KZ-->MT,KZ-->MT,KZ-->MT
MH,MHL,Marshall Islands,Majuro,Oceania,Micronesia,,MH-->KZ,MH-->KZ,MH-->KZ,MH-->KZ,MH-->KZ,MH-->KZ,MH-->KZ,MH-->KZ,MH-->KZ,MH-->KZ,MH-->KZ,MH-->KZ,MH-->KZ,MH-->KZ,MH-->KZ,MH-->KZ,MH-->KZ,MH-->KZ,MH-->KZ,,,,,,,,,,,,,,,,,KZ-->MH,KZ-->MH,KZ-->MH,KZ-->MH,KZ-->MH,KZ-->MH,KZ-->MH,KZ-->MH,KZ-->MH,KZ-->MH,KZ-->MH,KZ-->MH,KZ-->MH,KZ-->MH,KZ-->MH,KZ-->MH,KZ-->MH,KZ-->MH,KZ-->MH
MQ,MTQ,Martinique,Fort-de-France,Americas,Caribbean,,MQ-->KZ,MQ-->KZ,MQ-->KZ,MQ-->KZ,MQ-->KZ,MQ-->KZ,MQ-->KZ,MQ-->KZ,MQ-->KZ,MQ-->KZ,MQ-->KZ,MQ-->KZ,MQ-->KZ,MQ-->KZ,MQ-->KZ,MQ-->KZ,MQ-->KZ,MQ-->KZ,MQ-->KZ,,,,,,,,,,,,,,,,,KZ-->MQ,KZ-->MQ,KZ-->MQ,KZ-->MQ,KZ-->MQ,KZ-->MQ,KZ-->MQ,KZ-->MQ,KZ-->MQ,KZ-->MQ,KZ-->MQ,KZ-->MQ,KZ-->MQ,KZ-->MQ,KZ-->MQ,KZ-->MQ,KZ-->MQ,KZ-->MQ,KZ-->MQ
MR,MRT,Mauritania,Nouakchott,Africa,Western Africa,,MR-->KZ,MR-->KZ,MR-->KZ,MR-->KZ,MR-->KZ,MR-->KZ,MR-->KZ,MR-->KZ,MR-->KZ,MR-->KZ,MR-->KZ,MR-->KZ,MR-->KZ,MR-->KZ,MR-->KZ,MR-->KZ,MR-->KZ,MR-->KZ,MR-->KZ,0.0,,,,,,,,,,,,,,,,KZ-->MR,KZ-->MR,KZ-->MR,KZ-->MR,KZ-->MR,KZ-->MR,KZ-->MR,KZ-->MR,KZ-->MR,KZ-->MR,KZ-->MR,KZ-->MR,KZ-->MR,KZ-->MR,KZ-->MR,KZ-->MR,KZ-->MR,KZ-->MR,KZ-->MR
MU,MUS,Mauritius,Port Louis,Africa,Eastern Africa,,MU-->KZ,MU-->KZ,MU-->KZ,MU-->KZ,MU-->KZ,MU-->KZ,MU-->KZ,MU-->KZ,MU-->KZ,MU-->KZ,MU-->KZ,MU-->KZ,MU-->KZ,MU-->KZ,MU-->KZ,MU-->KZ,MU-->KZ,MU-->KZ,MU-->KZ,,,,,,,,,,,,,,,,,KZ-->MU,KZ-->MU,KZ-->MU,KZ-->MU,KZ-->MU,KZ-->MU,KZ-->MU,KZ-->MU,KZ-->MU,KZ-->MU,KZ-->MU,KZ-->MU,KZ-->MU,KZ-->MU,KZ-->MU,KZ-->MU,KZ-->MU,KZ-->MU,KZ-->MU
YT,MYT,Mayotte,Mamoudzou,Africa,Eastern Africa,,YT-->KZ,YT-->KZ,YT-->KZ,YT-->KZ,YT-->KZ,YT-->KZ,YT-->KZ,YT-->KZ,YT-->KZ,YT-->KZ,YT-->KZ,YT-->KZ,YT-->KZ,YT-->KZ,YT-->KZ,YT-->KZ,YT-->KZ,YT-->KZ,YT-->KZ,,,,,,,,,,,,,,,,,KZ-->YT,KZ-->YT,KZ-->YT,KZ-->YT,KZ-->YT,KZ-->YT,KZ-->YT,KZ-->YT,KZ-->YT,KZ-->YT,KZ-->YT,KZ-->YT,KZ-->YT,KZ-->YT,KZ-->YT,KZ-->YT,KZ-->YT,KZ-->YT,KZ-->YT
MX,MEX,Mexico,Mexico City,Americas,Central America,,MX-->KZ,MX-->KZ,MX-->KZ,MX-->KZ,MX-->KZ,MX-->KZ,MX-->KZ,MX-->KZ,MX-->KZ,MX-->KZ,MX-->KZ,MX-->KZ,MX-->KZ,MX-->KZ,MX-->KZ,MX-->KZ,MX-->KZ,MX-->KZ,MX-->KZ,,,,,,,,,,,,,,,,,KZ-->MX,KZ-->MX,KZ-->MX,KZ-->MX,KZ-->MX,KZ-->MX,KZ-->MX,KZ-->MX,KZ-->MX,KZ-->MX,KZ-->MX,KZ-->MX,KZ-->MX,KZ-->MX,KZ-->MX,KZ-->MX,KZ-->MX,KZ-->MX,KZ-->MX
FM,FSM,Federated States of Micronesia,Palikir,Oceania,Micronesia,,FM-->KZ,FM-->KZ,FM-->KZ,FM-->KZ,FM-->KZ,FM-->KZ,FM-->KZ,FM-->KZ,FM-->KZ,FM-->KZ,FM-->KZ,FM-->KZ,FM-->KZ,FM-->KZ,FM-->KZ,FM-->KZ,FM-->KZ,FM-->KZ,FM-->KZ,,,,,,,,,,,,,,,,,KZ-->FM,KZ-->FM,KZ-->FM,KZ-->FM,KZ-->FM,KZ-->FM,KZ-->FM,KZ-->FM,KZ-->FM,KZ-->FM,KZ-->FM,KZ-->FM,KZ-->FM,KZ-->FM,KZ-->FM,KZ-->FM,KZ-->FM,KZ-->FM,KZ-->FM
MD,MDA,Moldova,Chișinău,Europe,Eastern Europe,,MD-->KZ,MD-->KZ,MD-->KZ,MD-->KZ,MD-->KZ,MD-->KZ,MD-->KZ,MD-->KZ,MD-->KZ,MD-->KZ,MD-->KZ,MD-->KZ,MD-->KZ,MD-->KZ,MD-->KZ,MD-->KZ,MD-->KZ,MD-->KZ,MD-->KZ,,,,,,,,,,,,,,,,,KZ-->MD,KZ-->MD,KZ-->MD,KZ-->MD,KZ-->MD,KZ-->MD,KZ-->MD,KZ-->MD,KZ-->MD,KZ-->MD,KZ-->MD,KZ-->MD,KZ-->MD,KZ-->MD,KZ-->MD,KZ-->MD,KZ-->MD,KZ-->MD,KZ-->MD
MC,MCO,Monaco,Monaco,Europe,Western Europe,,MC-->KZ,MC-->KZ,MC-->KZ,MC-->KZ,MC-->KZ,MC-->KZ,MC-->KZ,MC-->KZ,MC-->KZ,MC-->KZ,MC-->KZ,MC-->KZ,MC-->KZ,MC-->KZ,MC-->KZ,MC-->KZ,MC-->KZ,MC-->KZ,MC-->KZ,,,,,,,,,,,,,,,,,KZ-->MC,KZ-->MC,KZ-->MC,KZ-->MC,KZ-->MC,KZ-->MC,KZ-->MC,KZ-->MC,KZ-->MC,KZ-->MC,KZ-->MC,KZ-->MC,KZ-->MC,KZ-->MC,KZ-->MC,KZ-->MC,KZ-->MC,KZ-->MC,KZ-->MC
MN,MNG,Mongolia,Ulan Bator,Asia,Eastern Asia,,MN-->KZ,MN-->KZ,MN-->KZ,MN-->KZ,MN-->KZ,MN-->KZ,MN-->KZ,MN-->KZ,MN-->KZ,MN-->KZ,MN-->KZ,MN-->KZ,MN-->KZ,MN-->KZ,MN-->KZ,MN-->KZ,MN-->KZ,MN-->KZ,MN-->KZ,,,,,,,,,,,,,,,,,KZ-->MN,KZ-->MN,KZ-->MN,KZ-->MN,KZ-->MN,KZ-->MN,KZ-->MN,KZ-->MN,KZ-->MN,KZ-->MN,KZ-->MN,KZ-->MN,KZ-->MN,KZ-->MN,KZ-->MN,KZ-->MN,KZ-->MN,KZ-->MN,KZ-->MN
ME,MNE,Montenegro,Podgorica,Europe,Southern Europe,,ME-->KZ,ME-->KZ,ME-->KZ,ME-->KZ,ME-->KZ,ME-->KZ,ME-->KZ,ME-->KZ,ME-->KZ,ME-->KZ,ME-->KZ,ME-->KZ,ME-->KZ,ME-->KZ,ME-->KZ,ME-->KZ,ME-->KZ,ME-->KZ,ME-->KZ,,,,,,,,,,,,,,,,,KZ-->ME,KZ-->ME,KZ-->ME,KZ-->ME,KZ-->ME,KZ-->ME,KZ-->ME,KZ-->ME,KZ-->ME,KZ-->ME,KZ-->ME,KZ-->ME,KZ-->ME,KZ-->ME,KZ-->ME,KZ-->ME,KZ-->ME,KZ-->ME,KZ-->ME
MS,MSR,Montserrat,Plymouth,Americas,Caribbean,,MS-->KZ,MS-->KZ,MS-->KZ,MS-->KZ,MS-->KZ,MS-->KZ,MS-->KZ,MS-->KZ,MS-->KZ,MS-->KZ,MS-->KZ,MS-->KZ,MS-->KZ,MS-->KZ,MS-->KZ,MS-->KZ,MS-->KZ,MS-->KZ,MS-->KZ,,,,,,,,,,,,,,,,,KZ-->MS,KZ-->MS,KZ-->MS,KZ-->MS,KZ-->MS,KZ-->MS,KZ-->MS,KZ-->MS,KZ-->MS,KZ-->MS,KZ-->MS,KZ-->MS,KZ-->MS,KZ-->MS,KZ-->MS,KZ-->MS,KZ-->MS,KZ-->MS,KZ-->MS
MA,MAR,Morocco,Rabat,Africa,Northern Africa,,MA-->KZ,MA-->KZ,MA-->KZ,MA-->KZ,MA-->KZ,MA-->KZ,MA-->KZ,MA-->KZ,MA-->KZ,MA-->KZ,MA-->KZ,MA-->KZ,MA-->KZ,MA-->KZ,MA-->KZ,MA-->KZ,MA-->KZ,MA-->KZ,MA-->KZ,,,,,,,,,,,,,,,,,KZ-->MA,KZ-->MA,KZ-->MA,KZ-->MA,KZ-->MA,KZ-->MA,KZ-->MA,KZ-->MA,KZ-->MA,KZ-->MA,KZ-->MA,KZ-->MA,KZ-->MA,KZ-->MA,KZ-->MA,KZ-->MA,KZ-->MA,KZ-->MA,KZ-->MA
MZ,MOZ,Mozambique,Maputo,Africa,Eastern Africa,,MZ-->KZ,MZ-->KZ,MZ-->KZ,MZ-->KZ,MZ-->KZ,MZ-->KZ,MZ-->KZ,MZ-->KZ,MZ-->KZ,MZ-->KZ,MZ-->KZ,MZ-->KZ,MZ-->KZ,MZ-->KZ,MZ-->KZ,MZ-->KZ,MZ-->KZ,MZ-->KZ,MZ-->KZ,,,,,,,,,,,,,,,,,KZ-->MZ,KZ-->MZ,KZ-->MZ,KZ-->MZ,KZ-->MZ,KZ-->MZ,KZ-->MZ,KZ-->MZ,KZ-->MZ,KZ-->MZ,KZ-->MZ,KZ-->MZ,KZ-->MZ,KZ-->MZ,KZ-->MZ,KZ-->MZ,KZ-->MZ,KZ-->MZ,KZ-->MZ
MM,MMR,Myanmar,Naypyidaw,Asia,South-Eastern Asia,,MM-->KZ,MM-->KZ,MM-->KZ,MM-->KZ,MM-->KZ,MM-->KZ,MM-->KZ,MM-->KZ,MM-->KZ,MM-->KZ,MM-->KZ,MM-->KZ,MM-->KZ,MM-->KZ,MM-->KZ,MM-->KZ,MM-->KZ,MM-->KZ,MM-->KZ,,,,,,,,,,,,,,,,,KZ-->MM,KZ-->MM,KZ-->MM,KZ-->MM,KZ-->MM,KZ-->MM,KZ-->MM,KZ-->MM,KZ-->MM,KZ-->MM,KZ-->MM,KZ-->MM,KZ-->MM,KZ-->MM,KZ-->MM,KZ-->MM,KZ-->MM,KZ-->MM,KZ-->MM
,NAM,Namibia,Windhoek,Africa,Southern Africa,,NA-->KZ,NA-->KZ,NA-->KZ,NA-->KZ,NA-->KZ,NA-->KZ,NA-->KZ,NA-->KZ,NA-->KZ,NA-->KZ,NA-->KZ,NA-->KZ,NA-->KZ,NA-->KZ,NA-->KZ,NA-->KZ,NA-->KZ,NA-->KZ,NA-->KZ,,,,,,,,,,,,,,,,,KZ-->NA,KZ-->NA,KZ-->NA,KZ-->NA,KZ-->NA,KZ-->NA,KZ-->NA,KZ-->NA,KZ-->NA,KZ-->NA,KZ-->NA,KZ-->NA,KZ-->NA,KZ-->NA,KZ-->NA,KZ-->NA,KZ-->NA,KZ-->NA,KZ-->NA
NR,NRU,Nauru,Yaren,Oceania,Micronesia,,NR-->KZ,NR-->KZ,NR-->KZ,NR-->KZ,NR-->KZ,NR-->KZ,NR-->KZ,NR-->KZ,NR-->KZ,NR-->KZ,NR-->KZ,NR-->KZ,NR-->KZ,NR-->KZ,NR-->KZ,NR-->KZ,NR-->KZ,NR-->KZ,NR-->KZ,,,,,,,,,,,,,,,,,KZ-->NR,KZ-->NR,KZ-->NR,KZ-->NR,KZ-->NR,KZ-->NR,KZ-->NR,KZ-->NR,KZ-->NR,KZ-->NR,KZ-->NR,KZ-->NR,KZ-->NR,KZ-->NR,KZ-->NR,KZ-->NR,KZ-->NR,KZ-->NR,KZ-->NR
NP,NPL,Nepal,Kathmandu,Asia,Southern Asia,,NP-->KZ,NP-->KZ,NP-->KZ,NP-->KZ,NP-->KZ,NP-->KZ,NP-->KZ,NP-->KZ,NP-->KZ,NP-->KZ,NP-->KZ,NP-->KZ,NP-->KZ,NP-->KZ,NP-->KZ,NP-->KZ,NP-->KZ,NP-->KZ,NP-->KZ,,,,,,,,,,,,,,,,,KZ-->NP,KZ-->NP,KZ-->NP,KZ-->NP,KZ-->NP,KZ-->NP,KZ-->NP,KZ-->NP,KZ-->NP,KZ-->NP,KZ-->NP,KZ-->NP,KZ-->NP,KZ-->NP,KZ-->NP,KZ-->NP,KZ-->NP,KZ-->NP,KZ-->NP
NL,NLD,Netherlands,Amsterdam,Europe,Western Europe,,NL-->KZ,NL-->KZ,NL-->KZ,NL-->KZ,NL-->KZ,NL-->KZ,NL-->KZ,NL-->KZ,NL-->KZ,NL-->KZ,NL-->KZ,NL-->KZ,NL-->KZ,NL-->KZ,NL-->KZ,NL-->KZ,NL-->KZ,NL-->KZ,NL-->KZ,,,,,,,,,,,,,,,,,KZ-->NL,KZ-->NL,KZ-->NL,KZ-->NL,KZ-->NL,KZ-->NL,KZ-->NL,KZ-->NL,KZ-->NL,KZ-->NL,KZ-->NL,KZ-->NL,KZ-->NL,KZ-->NL,KZ-->NL,KZ-->NL,KZ-->NL,KZ-->NL,KZ-->NL
NC,NCL,New Caledonia,Nouméa,Oceania,Melanesia,,NC-->KZ,NC-->KZ,NC-->KZ,NC-->KZ,NC-->KZ,NC-->KZ,NC-->KZ,NC-->KZ,NC-->KZ,NC-->KZ,NC-->KZ,NC-->KZ,NC-->KZ,NC-->KZ,NC-->KZ,NC-->KZ,NC-->KZ,NC-->KZ,NC-->KZ,,,,,,,,,,,,,,,,,KZ-->NC,KZ-->NC,KZ-->NC,KZ-->NC,KZ-->NC,KZ-->NC,KZ-->NC,KZ-->NC,KZ-->NC,KZ-->NC,KZ-->NC,KZ-->NC,KZ-->NC,KZ-->NC,KZ-->NC,KZ-->NC,KZ-->NC,KZ-->NC,KZ-->NC
NZ,NZL,New Zealand,Wellington,Oceania,Australia and New Zealand,,NZ-->KZ,NZ-->KZ,NZ-->KZ,NZ-->KZ,NZ-->KZ,NZ-->KZ,NZ-->KZ,NZ-->KZ,NZ-->KZ,NZ-->KZ,NZ-->KZ,NZ-->KZ,NZ-->KZ,NZ-->KZ,NZ-->KZ,NZ-->KZ,NZ-->KZ,NZ-->KZ,NZ-->KZ,,,,,,,,,,,,,,,,,KZ-->NZ,KZ-->NZ,KZ-->NZ,KZ-->NZ,KZ-->NZ,KZ-->NZ,KZ-->NZ,KZ-->NZ,KZ-->NZ,KZ-->NZ,KZ-->NZ,KZ-->NZ,KZ-->NZ,KZ-->NZ,KZ-->NZ,KZ-->NZ,KZ-->NZ,KZ-->NZ,KZ-->NZ
NI,NIC,Nicaragua,Managua,Americas,Central America,,NI-->KZ,NI-->KZ,NI-->KZ,NI-->KZ,NI-->KZ,NI-->KZ,NI-->KZ,NI-->KZ,NI-->KZ,NI-->KZ,NI-->KZ,NI-->KZ,NI-->KZ,NI-->KZ,NI-->KZ,NI-->KZ,NI-->KZ,NI-->KZ,NI-->KZ,,,,,,,,,,,,,,,,,KZ-->NI,KZ-->NI,KZ-->NI,KZ-->NI,KZ-->NI,KZ-->NI,KZ-->NI,KZ-->NI,KZ-->NI,KZ-->NI,KZ-->NI,KZ-->NI,KZ-->NI,KZ-->NI,KZ-->NI,KZ-->NI,KZ-->NI,KZ-->NI,KZ-->NI
NE,NER,Niger,Niamey,Africa,Western Africa,,NE-->KZ,NE-->KZ,NE-->KZ,NE-->KZ,NE-->KZ,NE-->KZ,NE-->KZ,NE-->KZ,NE-->KZ,NE-->KZ,NE-->KZ,NE-->KZ,NE-->KZ,NE-->KZ,NE-->KZ,NE-->KZ,NE-->KZ,NE-->KZ,NE-->KZ,,,,,,,,,,,,,,,,,KZ-->NE,KZ-->NE,KZ-->NE,KZ-->NE,KZ-->NE,KZ-->NE,KZ-->NE,KZ-->NE,KZ-->NE,KZ-->NE,KZ-->NE,KZ-->NE,KZ-->NE,KZ-->NE,KZ-->NE,KZ-->NE,KZ-->NE,KZ-->NE,KZ-->NE
NG,NGA,Nigeria,Abuja,Africa,Western Africa,,NG-->KZ,NG-->KZ,NG-->KZ,NG-->KZ,NG-->KZ,NG-->KZ,NG-->KZ,NG-->KZ,NG-->KZ,NG-->KZ,NG-->KZ,NG-->KZ,NG-->KZ,NG-->KZ,NG-->KZ,NG-->KZ,NG-->KZ,NG-->KZ,NG-->KZ,,,,,,,,,,,,,,,,,KZ-->NG,KZ-->NG,KZ-->NG,KZ-->NG,KZ-->NG,KZ-->NG,KZ-->NG,KZ-->NG,KZ-->NG,KZ-->NG,KZ-->NG,KZ-->NG,KZ-->NG,KZ-->NG,KZ-->NG,KZ-->NG,KZ-->NG,KZ-->NG,KZ-->NG
NU,NIU,Niue,Alofi,Oceania,Polynesia,,NU-->KZ,NU-->KZ,NU-->KZ,NU-->KZ,NU-->KZ,NU-->KZ,NU-->KZ,NU-->KZ,NU-->KZ,NU-->KZ,NU-->KZ,NU-->KZ,NU-->KZ,NU-->KZ,NU-->KZ,NU-->KZ,NU-->KZ,NU-->KZ,NU-->KZ,,,,,,,,,,,,,,,,,KZ-->NU,KZ-->NU,KZ-->NU,KZ-->NU,KZ-->NU,KZ-->NU,KZ-->NU,KZ-->NU,KZ-->NU,KZ-->NU,KZ-->NU,KZ-->NU,KZ-->NU,KZ-->NU,KZ-->NU,KZ-->NU,KZ-->NU,KZ-->NU,KZ-->NU
NF,NFK,Norfolk Island,Kingston,Oceania,Australia and New Zealand,,NF-->KZ,NF-->KZ,NF-->KZ,NF-->KZ,NF-->KZ,NF-->KZ,NF-->KZ,NF-->KZ,NF-->KZ,NF-->KZ,NF-->KZ,NF-->KZ,NF-->KZ,NF-->KZ,NF-->KZ,NF-->KZ,NF-->KZ,NF-->KZ,NF-->KZ,,,,,,,,,,,,,,,,,KZ-->NF,KZ-->NF,KZ-->NF,KZ-->NF,KZ-->NF,KZ-->NF,KZ-->NF,KZ-->NF,KZ-->NF,KZ-->NF,KZ-->NF,KZ-->NF,KZ-->NF,KZ-->NF,KZ-->NF,KZ-->NF,KZ-->NF,KZ-->NF,KZ-->NF
KP,PRK,North Korea,Pyongyang,Asia,Eastern Asia,,KP-->KZ,KP-->KZ,KP-->KZ,KP-->KZ,KP-->KZ,KP-->KZ,KP-->KZ,KP-->KZ,KP-->KZ,KP-->KZ,KP-->KZ,KP-->KZ,KP-->KZ,KP-->KZ,KP-->KZ,KP-->KZ,KP-->KZ,KP-->KZ,KP-->KZ,,,,,,,,,,,,,,,,,KZ-->KP,KZ-->KP,KZ-->KP,KZ-->KP,KZ-->KP,KZ-->KP,KZ-->KP,KZ-->KP,KZ-->KP,KZ-->KP,KZ-->KP,KZ-->KP,KZ-->KP,KZ-->KP,KZ-->KP,KZ-->KP,KZ-->KP,KZ-->KP,KZ-->KP
MP,MNP,Northern Mariana Islands,Saipan,Oceania,Micronesia,,MP-->KZ,MP-->KZ,MP-->KZ,MP-->KZ,MP-->KZ,MP-->KZ,MP-->KZ,MP-->KZ,MP-->KZ,MP-->KZ,MP-->KZ,MP-->KZ,MP-->KZ,MP-->KZ,MP-->KZ,MP-->KZ,MP-->KZ,MP-->KZ,MP-->KZ,,,,,,,,,,,,,,,,,KZ-->MP,KZ-->MP,KZ-->MP,KZ-->MP,KZ-->MP,KZ-->MP,KZ-->MP,KZ-->MP,KZ-->MP,KZ-->MP,KZ-->MP,KZ-->MP,KZ-->MP,KZ-->MP,KZ-->MP,KZ-->MP,KZ-->MP,KZ-->MP,KZ-->MP
NO,NOR,Norway,Oslo,Europe,Northern Europe,,NO-->KZ,NO-->KZ,NO-->KZ,NO-->KZ,NO-->KZ,NO-->KZ,NO-->KZ,NO-->KZ,NO-->KZ,NO-->KZ,NO-->KZ,NO-->KZ,NO-->KZ,NO-->KZ,NO-->KZ,NO-->KZ,NO-->KZ,NO-->KZ,NO-->KZ,,,,,,,,,,,,,,,,,KZ-->NO,KZ-->NO,KZ-->NO,KZ-->NO,KZ-->NO,KZ-->NO,KZ-->NO,KZ-->NO,KZ-->NO,KZ-->NO,KZ-->NO,KZ-->NO,KZ-->NO,KZ-->NO,KZ-->NO,KZ-->NO,KZ-->NO,KZ-->NO,KZ-->NO
OM,OMN,Oman,Muscat,Asia,Western Asia,,OM-->KZ,OM-->KZ,OM-->KZ,OM-->KZ,OM-->KZ,OM-->KZ,OM-->KZ,OM-->KZ,OM-->KZ,OM-->KZ,OM-->KZ,OM-->KZ,OM-->KZ,OM-->KZ,OM-->KZ,OM-->KZ,OM-->KZ,OM-->KZ,OM-->KZ,,,,,,,,,,,,,,,,,KZ-->OM,KZ-->OM,KZ-->OM,KZ-->OM,KZ-->OM,KZ-->OM,KZ-->OM,KZ-->OM,KZ-->OM,KZ-->OM,KZ-->OM,KZ-->OM,KZ-->OM,KZ-->OM,KZ-->OM,KZ-->OM,KZ-->OM,KZ-->OM,KZ-->OM
PK,PAK,Pakistan,Islamabad,Asia,Southern Asia,,PK-->KZ,PK-->KZ,PK-->KZ,PK-->KZ,PK-->KZ,PK-->KZ,PK-->KZ,PK-->KZ,PK-->KZ,PK-->KZ,PK-->KZ,PK-->KZ,PK-->KZ,PK-->KZ,PK-->KZ,PK-->KZ,PK-->KZ,PK-->KZ,PK-->KZ,,,,,,,,,,,,,,,,,KZ-->PK,KZ-->PK,KZ-->PK,KZ-->PK,KZ-->PK,KZ-->PK,KZ-->PK,KZ-->PK,KZ-->PK,KZ-->PK,KZ-->PK,KZ-->PK,KZ-->PK,KZ-->PK,KZ-->PK,KZ-->PK,KZ-->PK,KZ-->PK,KZ-->PK
PW,PLW,Palau,Ngerulmud,Oceania,Micronesia,,PW-->KZ,PW-->KZ,PW-->KZ,PW-->KZ,PW-->KZ,PW-->KZ,PW-->KZ,PW-->KZ,PW-->KZ,PW-->KZ,PW-->KZ,PW-->KZ,PW-->KZ,PW-->KZ,PW-->KZ,PW-->KZ,PW-->KZ,PW-->KZ,PW-->KZ,,,,,,,,,,,,,,,,,KZ-->PW,KZ-->PW,KZ-->PW,KZ-->PW,KZ-->PW,KZ-->PW,KZ-->PW,KZ-->PW,KZ-->PW,KZ-->PW,KZ-->PW,KZ-->PW,KZ-->PW,KZ-->PW,KZ-->PW,KZ-->PW,KZ-->PW,KZ-->PW,KZ-->PW
PS,PSE,Palestine,Ramallah,Asia,Western Asia,,PS-->KZ,PS-->KZ,PS-->KZ,PS-->KZ,PS-->KZ,PS-->KZ,PS-->KZ,PS-->KZ,PS-->KZ,PS-->KZ,PS-->KZ,PS-->KZ,PS-->KZ,PS-->KZ,PS-->KZ,PS-->KZ,PS-->KZ,PS-->KZ,PS-->KZ,,,,,,,,,,,,,,,,,KZ-->PS,KZ-->PS,KZ-->PS,KZ-->PS,KZ-->PS,KZ-->PS,KZ-->PS,KZ-->PS,KZ-->PS,KZ-->PS,KZ-->PS,KZ-->PS,KZ-->PS,KZ-->PS,KZ-->PS,KZ-->PS,KZ-->PS,KZ-->PS,KZ-->PS
PA,PAN,Panama,Panama City,Americas,Central America,,PA-->KZ,PA-->KZ,PA-->KZ,PA-->KZ,PA-->KZ,PA-->KZ,PA-->KZ,PA-->KZ,PA-->KZ,PA-->KZ,PA-->KZ,PA-->KZ,PA-->KZ,PA-->KZ,PA-->KZ,PA-->KZ,PA-->KZ,PA-->KZ,PA-->KZ,,,,,,,,,,,,,,,,,KZ-->PA,KZ-->PA,KZ-->PA,KZ-->PA,KZ-->PA,KZ-->PA,KZ-->PA,KZ-->PA,KZ-->PA,KZ-->PA,KZ-->PA,KZ-->PA,KZ-->PA,KZ-->PA,KZ-->PA,KZ-->PA,KZ-->PA,KZ-->PA,KZ-->PA
PG,PNG,Papua New Guinea,Port Moresby,Oceania,Melanesia,,PG-->KZ,PG-->KZ,PG-->KZ,PG-->KZ,PG-->KZ,PG-->KZ,PG-->KZ,PG-->KZ,PG-->KZ,PG-->KZ,PG-->KZ,PG-->KZ,PG-->KZ,PG-->KZ,PG-->KZ,PG-->KZ,PG-->KZ,PG-->KZ,PG-->KZ,,,,,,,,,,,,,,,,,KZ-->PG,KZ-->PG,KZ-->PG,KZ-->PG,KZ-->PG,KZ-->PG,KZ-->PG,KZ-->PG,KZ-->PG,KZ-->PG,KZ-->PG,KZ-->PG,KZ-->PG,KZ-->PG,KZ-->PG,KZ-->PG,KZ-->PG,KZ-->PG,KZ-->PG
PY,PRY,Paraguay,Asunción,Americas,South America,,PY-->KZ,PY-->KZ,PY-->KZ,PY-->KZ,PY-->KZ,PY-->KZ,PY-->KZ,PY-->KZ,PY-->KZ,PY-->KZ,PY-->KZ,PY-->KZ,PY-->KZ,PY-->KZ,PY-->KZ,PY-->KZ,PY-->KZ,PY-->KZ,PY-->KZ,,,,,,,,,,,,,,,,,KZ-->PY,KZ-->PY,KZ-->PY,KZ-->PY,KZ-->PY,KZ-->PY,KZ-->PY,KZ-->PY,KZ-->PY,KZ-->PY,KZ-->PY,KZ-->PY,KZ-->PY,KZ-->PY,KZ-->PY,KZ-->PY,KZ-->PY,KZ-->PY,KZ-->PY
PE,PER,Peru,Lima,Americas,South America,,PE-->KZ,PE-->KZ,PE-->KZ,PE-->KZ,PE-->KZ,PE-->KZ,PE-->KZ,PE-->KZ,PE-->KZ,PE-->KZ,PE-->KZ,PE-->KZ,PE-->KZ,PE-->KZ,PE-->KZ,PE-->KZ,PE-->KZ,PE-->KZ,PE-->KZ,,,,,,,,,,,,,,,,,KZ-->PE,KZ-->PE,KZ-->PE,KZ-->PE,KZ-->PE,KZ-->PE,KZ-->PE,KZ-->PE,KZ-->PE,KZ-->PE,KZ-->PE,KZ-->PE,KZ-->PE,KZ-->PE,KZ-->PE,KZ-->PE,KZ-->PE,KZ-->PE,KZ-->PE
PH,PHL,Philippines,Manila,Asia,South-Eastern Asia,,PH-->KZ,PH-->KZ,PH-->KZ,PH-->KZ,PH-->KZ,PH-->KZ,PH-->KZ,PH-->KZ,PH-->KZ,PH-->KZ,PH-->KZ,PH-->KZ,PH-->KZ,PH-->KZ,PH-->KZ,PH-->KZ,PH-->KZ,PH-->KZ,PH-->KZ,,,,,,,,,,,,,,,,,KZ-->PH,KZ-->PH,KZ-->PH,KZ-->PH,KZ-->PH,KZ-->PH,KZ-->PH,KZ-->PH,KZ-->PH,KZ-->PH,KZ-->PH,KZ-->PH,KZ-->PH,KZ-->PH,KZ-->PH,KZ-->PH,KZ-->PH,KZ-->PH,KZ-->PH
PN,PCN,Pitcairn Islands,Adamstown,Oceania,Polynesia,,PN-->KZ,PN-->KZ,PN-->KZ,PN-->KZ,PN-->KZ,PN-->KZ,PN-->KZ,PN-->KZ,PN-->KZ,PN-->KZ,PN-->KZ,PN-->KZ,PN-->KZ,PN-->KZ,PN-->KZ,PN-->KZ,PN-->KZ,PN-->KZ,PN-->KZ,,,,,,,,,,,,,,,,,KZ-->PN,KZ-->PN,KZ-->PN,KZ-->PN,KZ-->PN,KZ-->PN,KZ-->PN,KZ-->PN,KZ-->PN,KZ-->PN,KZ-->PN,KZ-->PN,KZ-->PN,KZ-->PN,KZ-->PN,KZ-->PN,KZ-->PN,KZ-->PN,KZ-->PN
PL,POL,Poland,Warsaw,Europe,Eastern Europe,,PL-->KZ,PL-->KZ,PL-->KZ,PL-->KZ,PL-->KZ,PL-->KZ,PL-->KZ,PL-->KZ,PL-->KZ,PL-->KZ,PL-->KZ,PL-->KZ,PL-->KZ,PL-->KZ,PL-->KZ,PL-->KZ,PL-->KZ,PL-->KZ,PL-->KZ,,,,,,,,,,,,,,,,,KZ-->PL,KZ-->PL,KZ-->PL,KZ-->PL,KZ-->PL,KZ-->PL,KZ-->PL,KZ-->PL,KZ-->PL,KZ-->PL,KZ-->PL,KZ-->PL,KZ-->PL,KZ-->PL,KZ-->PL,KZ-->PL,KZ-->PL,KZ-->PL,KZ-->PL
PT,PRT,Portugal,Lisbon,Europe,Southern Europe,,PT-->KZ,PT-->KZ,PT-->KZ,PT-->KZ,PT-->KZ,PT-->KZ,PT-->KZ,PT-->KZ,PT-->KZ,PT-->KZ,PT-->KZ,PT-->KZ,PT-->KZ,PT-->KZ,PT-->KZ,PT-->KZ,PT-->KZ,PT-->KZ,PT-->KZ,,,,,,,,,,,,,,,,,KZ-->PT,KZ-->PT,KZ-->PT,KZ-->PT,KZ-->PT,KZ-->PT,KZ-->PT,KZ-->PT,KZ-->PT,KZ-->PT,KZ-->PT,KZ-->PT,KZ-->PT,KZ-->PT,KZ-->PT,KZ-->PT,KZ-->PT,KZ-->PT,KZ-->PT
PR,PRI,Puerto Rico,San Juan,Americas,Caribbean,,PR-->KZ,PR-->KZ,PR-->KZ,PR-->KZ,PR-->KZ,PR-->KZ,PR-->KZ,PR-->KZ,PR-->KZ,PR-->KZ,PR-->KZ,PR-->KZ,PR-->KZ,PR-->KZ,PR-->KZ,PR-->KZ,PR-->KZ,PR-->KZ,PR-->KZ,,,,,,,,,,,,,,,,,KZ-->PR,KZ-->PR,KZ-->PR,KZ-->PR,KZ-->PR,KZ-->PR,KZ-->PR,KZ-->PR,KZ-->PR,KZ-->PR,KZ-->PR,KZ-->PR,KZ-->PR,KZ-->PR,KZ-->PR,KZ-->PR,KZ-->PR,KZ-->PR,KZ-->PR
QA,QAT,Qatar,Doha,Asia,Western Asia,,QA-->KZ,QA-->KZ,QA-->KZ,QA-->KZ,QA-->KZ,QA-->KZ,QA-->KZ,QA-->KZ,QA-->KZ,QA-->KZ,QA-->KZ,QA-->KZ,QA-->KZ,QA-->KZ,QA-->KZ,QA-->KZ,QA-->KZ,QA-->KZ,QA-->KZ,,,,,,,,,,,,,,,,,KZ-->QA,KZ-->QA,KZ-->QA,KZ-->QA,KZ-->QA,KZ-->QA,KZ-->QA,KZ-->QA,KZ-->QA,KZ-->QA,KZ-->QA,KZ-->QA,KZ-->QA,KZ-->QA,KZ-->QA,KZ-->QA,KZ-->QA,KZ-->QA,KZ-->QA
XK,KOS,Republic of Kosovo,Pristina,Europe,Eastern Europe,,XK-->KZ,XK-->KZ,XK-->KZ,XK-->KZ,XK-->KZ,XK-->KZ,XK-->KZ,XK-->KZ,XK-->KZ,XK-->KZ,XK-->KZ,XK-->KZ,XK-->KZ,XK-->KZ,XK-->KZ,XK-->KZ,XK-->KZ,XK-->KZ,XK-->KZ,,,,,,,,,,,,,,,,,KZ-->XK,KZ-->XK,KZ-->XK,KZ-->XK,KZ-->XK,KZ-->XK,KZ-->XK,KZ-->XK,KZ-->XK,KZ-->XK,KZ-->XK,KZ-->XK,KZ-->XK,KZ-->XK,KZ-->XK,KZ-->XK,KZ-->XK,KZ-->XK,KZ-->XK
RE,REU,Réunion,Saint-Denis,Africa,Eastern Africa,,RE-->KZ,RE-->KZ,RE-->KZ,RE-->KZ,RE-->KZ,RE-->KZ,RE-->KZ,RE-->KZ,RE-->KZ,RE-->KZ,RE-->KZ,RE-->KZ,RE-->KZ,RE-->KZ,RE-->KZ,RE-->KZ,RE-->KZ,RE-->KZ,RE-->KZ,,,,,,,,,,,,,,,,,KZ-->RE,KZ-->RE,KZ-->RE,KZ-->RE,KZ-->RE,KZ-->RE,KZ-->RE,KZ-->RE,KZ-->RE,KZ-->RE,KZ-->RE,KZ-->RE,KZ-->RE,KZ-->RE,KZ-->RE,KZ-->RE,KZ-->RE,KZ-->RE,KZ-->RE
RO,ROU,Romania,Bucharest,Europe,Eastern Europe,,RO-->KZ,RO-->KZ,RO-->KZ,RO-->KZ,RO-->KZ,RO-->KZ,RO-->KZ,RO-->KZ,RO-->KZ,RO-->KZ,RO-->KZ,RO-->KZ,RO-->KZ,RO-->KZ,RO-->KZ,RO-->KZ,RO-->KZ,RO-->KZ,RO-->KZ,,,,,,,,,,,,,,,,,KZ-->RO,KZ-->RO,KZ-->RO,KZ-->RO,KZ-->RO,KZ-->RO,KZ-->RO,KZ-->RO,KZ-->RO,KZ-->RO,KZ-->RO,KZ-->RO,KZ-->RO,KZ-->RO,KZ-->RO,KZ-->RO,KZ-->RO,KZ-->RO,KZ-->RO
RU,RUS,Russia,Moscow,Europe,Eastern Europe,,RU-->KZ,RU-->KZ,RU-->KZ,RU-->KZ,RU-->KZ,RU-->KZ,RU-->KZ,RU-->KZ,RU-->KZ,RU-->KZ,RU-->KZ,RU-->KZ,RU-->KZ,RU-->KZ,RU-->KZ,RU-->KZ,RU-->KZ,RU-->KZ,RU-->KZ,,,,,,,,,,,,,,,,,KZ-->RU,KZ-->RU,KZ-->RU,KZ-->RU,KZ-->RU,KZ-->RU,KZ-->RU,KZ-->RU,KZ-->RU,KZ-->RU,KZ-->RU,KZ-->RU,KZ-->RU,KZ-->RU,KZ-->RU,KZ-->RU,KZ-->RU,KZ-->RU,KZ-->RU
RW,RWA,Rwanda,Kigali,Africa,Eastern Africa,,RW-->KZ,RW-->KZ,RW-->KZ,RW-->KZ,RW-->KZ,RW-->KZ,RW-->KZ,RW-->KZ,RW-->KZ,RW-->KZ,RW-->KZ,RW-->KZ,RW-->KZ,RW-->KZ,RW-->KZ,RW-->KZ,RW-->KZ,RW-->KZ,RW-->KZ,,,,,,,,,,,,,,,,,KZ-->RW,KZ-->RW,KZ-->RW,KZ-->RW,KZ-->RW,KZ-->RW,KZ-->RW,KZ-->RW,KZ-->RW,KZ-->RW,KZ-->RW,KZ-->RW,KZ-->RW,KZ-->RW,KZ-->RW,KZ-->RW,KZ-->RW,KZ-->RW,KZ-->RW
BL,BLM,Saint Barthélemy,Gustavia,Americas,Caribbean,,BL-->KZ,BL-->KZ,BL-->KZ,BL-->KZ,BL-->KZ,BL-->KZ,BL-->KZ,BL-->KZ,BL-->KZ,BL-->KZ,BL-->KZ,BL-->KZ,BL-->KZ,BL-->KZ,BL-->KZ,BL-->KZ,BL-->KZ,BL-->KZ,BL-->KZ,,,,,,,,,,,,,,,,,KZ-->BL,KZ-->BL,KZ-->BL,KZ-->BL,KZ-->BL,KZ-->BL,KZ-->BL,KZ-->BL,KZ-->BL,KZ-->BL,KZ-->BL,KZ-->BL,KZ-->BL,KZ-->BL,KZ-->BL,KZ-->BL,KZ-->BL,KZ-->BL,KZ-->BL
SH,SHN,Saint Helena,Jamestown,Africa,Western Africa,,SH-->KZ,SH-->KZ,SH-->KZ,SH-->KZ,SH-->KZ,SH-->KZ,SH-->KZ,SH-->KZ,SH-->KZ,SH-->KZ,SH-->KZ,SH-->KZ,SH-->KZ,SH-->KZ,SH-->KZ,SH-->KZ,SH-->KZ,SH-->KZ,SH-->KZ,,,,,,,,,,,,,,,,,KZ-->SH,KZ-->SH,KZ-->SH,KZ-->SH,KZ-->SH,KZ-->SH,KZ-->SH,KZ-->SH,KZ-->SH,KZ-->SH,KZ-->SH,KZ-->SH,KZ-->SH,KZ-->SH,KZ-->SH,KZ-->SH,KZ-->SH,KZ-->SH,KZ-->SH
KN,KNA,Saint Kitts and Nevis,Basseterre,Americas,Caribbean,,KN-->KZ,KN-->KZ,KN-->KZ,KN-->KZ,KN-->KZ,KN-->KZ,KN-->KZ,KN-->KZ,KN-->KZ,KN-->KZ,KN-->KZ,KN-->KZ,KN-->KZ,KN-->KZ,KN-->KZ,KN-->KZ,KN-->KZ,KN-->KZ,KN-->KZ,,,,,,,,,,,,,,,,,KZ-->KN,KZ-->KN,KZ-->KN,KZ-->KN,KZ-->KN,KZ-->KN,KZ-->KN,KZ-->KN,KZ-->KN,KZ-->KN,KZ-->KN,KZ-->KN,KZ-->KN,KZ-->KN,KZ-->KN,KZ-->KN,KZ-->KN,KZ-->KN,KZ-->KN
LC,LCA,Saint Lucia,Castries,Americas,Caribbean,,LC-->KZ,LC-->KZ,LC-->KZ,LC-->KZ,LC-->KZ,LC-->KZ,LC-->KZ,LC-->KZ,LC-->KZ,LC-->KZ,LC-->KZ,LC-->KZ,LC-->KZ,LC-->KZ,LC-->KZ,LC-->KZ,LC-->KZ,LC-->KZ,LC-->KZ,,,,,,,,,,,,,,,,,KZ-->LC,KZ-->LC,KZ-->LC,KZ-->LC,KZ-->LC,KZ-->LC,KZ-->LC,KZ-->LC,KZ-->LC,KZ-->LC,KZ-->LC,KZ-->LC,KZ-->LC,KZ-->LC,KZ-->LC,KZ-->LC,KZ-->LC,KZ-->LC,KZ-->LC
MF,MAF,Saint Martin,Marigot,Americas,Caribbean,,MF-->KZ,MF-->KZ,MF-->KZ,MF-->KZ,MF-->KZ,MF-->KZ,MF-->KZ,MF-->KZ,MF-->KZ,MF-->KZ,MF-->KZ,MF-->KZ,MF-->KZ,MF-->KZ,MF-->KZ,MF-->KZ,MF-->KZ,MF-->KZ,MF-->KZ,,,,,,,,,,,,,,,,,KZ-->MF,KZ-->MF,KZ-->MF,KZ-->MF,KZ-->MF,KZ-->MF,KZ-->MF,KZ-->MF,KZ-->MF,KZ-->MF,KZ-->MF,KZ-->MF,KZ-->MF,KZ-->MF,KZ-->MF,KZ-->MF,KZ-->MF,KZ-->MF,KZ-->MF
PM,SPM,Saint Pierre and Miquelon,Saint-Pierre,Americas,Northern America,,PM-->KZ,PM-->KZ,PM-->KZ,PM-->KZ,PM-->KZ,PM-->KZ,PM-->KZ,PM-->KZ,PM-->KZ,PM-->KZ,PM-->KZ,PM-->KZ,PM-->KZ,PM-->KZ,PM-->KZ,PM-->KZ,PM-->KZ,PM-->KZ,PM-->KZ,,,,,,,,,,,,,,,,,KZ-->PM,KZ-->PM,KZ-->PM,KZ-->PM,KZ-->PM,KZ-->PM,KZ-->PM,KZ-->PM,KZ-->PM,KZ-->PM,KZ-->PM,KZ-->PM,KZ-->PM,KZ-->PM,KZ-->PM,KZ-->PM,KZ-->PM,KZ-->PM,KZ-->PM
VC,VCT,Saint Vincent and the Grenadines,Kingstown,Americas,Caribbean,,VC-->KZ,VC-->KZ,VC-->KZ,VC-->KZ,VC-->KZ,VC-->KZ,VC-->KZ,VC-->KZ,VC-->KZ,VC-->KZ,VC-->KZ,VC-->KZ,VC-->KZ,VC-->KZ,VC-->KZ,VC-->KZ,VC-->KZ,VC-->KZ,VC-->KZ,,,,,,,,,,,,,,,,,KZ-->VC,KZ-->VC,KZ-->VC,KZ-->VC,KZ-->VC,KZ-->VC,KZ-->VC,KZ-->VC,KZ-->VC,KZ-->VC,KZ-->VC,KZ-->VC,KZ-->VC,KZ-->VC,KZ-->VC,KZ-->VC,KZ-->VC,KZ-->VC,KZ-->VC
WS,WSM,Samoa,Apia,Oceania,Polynesia,,WS-->KZ,WS-->KZ,WS-->KZ,WS-->KZ,WS-->KZ,WS-->KZ,WS-->KZ,WS-->KZ,WS-->KZ,WS-->KZ,WS-->KZ,WS-->KZ,WS-->KZ,WS-->KZ,WS-->KZ,WS-->KZ,WS-->KZ,WS-->KZ,WS-->KZ,,,,,,,,,,,,,,,,,KZ-->WS,KZ-->WS,KZ-->WS,KZ-->WS,KZ-->WS,KZ-->WS,KZ-->WS,KZ-->WS,KZ-->WS,KZ-->WS,KZ-->WS,KZ-->WS,KZ-->WS,KZ-->WS,KZ-->WS,KZ-->WS,KZ-->WS,KZ-->WS,KZ-->WS
SM,SMR,San Marino,City of San Marino,Europe,Southern Europe,,SM-->KZ,SM-->KZ,SM-->KZ,SM-->KZ,SM-->KZ,SM-->KZ,SM-->KZ,SM-->KZ,SM-->KZ,SM-->KZ,SM-->KZ,SM-->KZ,SM-->KZ,SM-->KZ,SM-->KZ,SM-->KZ,SM-->KZ,SM-->KZ,SM-->KZ,,,,,,,,,,,,,,,,,KZ-->SM,KZ-->SM,KZ-->SM,KZ-->SM,KZ-->SM,KZ-->SM,KZ-->SM,KZ-->SM,KZ-->SM,KZ-->SM,KZ-->SM,KZ-->SM,KZ-->SM,KZ-->SM,KZ-->SM,KZ-->SM,KZ-->SM,KZ-->SM,KZ-->SM
ST,STP,São Tomé and Príncipe,São Tomé,Africa,Middle Africa,,ST-->KZ,ST-->KZ,ST-->KZ,ST-->KZ,ST-->KZ,ST-->KZ,ST-->KZ,ST-->KZ,ST-->KZ,ST-->KZ,ST-->KZ,ST-->KZ,ST-->KZ,ST-->KZ,ST-->KZ,ST-->KZ,ST-->KZ,ST-->KZ,ST-->KZ,,,,,,,,,,,,,,,,,KZ-->ST,KZ-->ST,KZ-->ST,KZ-->ST,KZ-->ST,KZ-->ST,KZ-->ST,KZ-->ST,KZ-->ST,KZ-->ST,KZ-->ST,KZ-->ST,KZ-->ST,KZ-->ST,KZ-->ST,KZ-->ST,KZ-->ST,KZ-->ST,KZ-->ST
SA,SAU,Saudi Arabia,Riyadh,Asia,Western Asia,,SA-->KZ,SA-->KZ,SA-->KZ,SA-->KZ,SA-->KZ,SA-->KZ,SA-->KZ,SA-->KZ,SA-->KZ,SA-->KZ,SA-->KZ,SA-->KZ,SA-->KZ,SA-->KZ,SA-->KZ,SA-->KZ,SA-->KZ,SA-->KZ,SA-->KZ,,,,,,,,,,,,,,,,,KZ-->SA,KZ-->SA,KZ-->SA,KZ-->SA,KZ-->SA,KZ-->SA,KZ-->SA,KZ-->SA,KZ-->SA,KZ-->SA,KZ-->SA,KZ-->SA,KZ-->SA,KZ-->SA,KZ-->SA,KZ-->SA,KZ-->SA,KZ-->SA,KZ-->SA
SN,SEN,Senegal,Dakar,Africa,Western Africa,,SN-->KZ,SN-->KZ,SN-->KZ,SN-->KZ,SN-->KZ,SN-->KZ,SN-->KZ,SN-->KZ,SN-->KZ,SN-->KZ,SN-->KZ,SN-->KZ,SN-->KZ,SN-->KZ,SN-->KZ,SN-->KZ,SN-->KZ,SN-->KZ,SN-->KZ,,,,,,,,,,,,,,,,,KZ-->SN,KZ-->SN,KZ-->SN,KZ-->SN,KZ-->SN,KZ-->SN,KZ-->SN,KZ-->SN,KZ-->SN,KZ-->SN,KZ-->SN,KZ-->SN,KZ-->SN,KZ-->SN,KZ-->SN,KZ-->SN,KZ-->SN,KZ-->SN,KZ-->SN
RS,SRB,Serbia,Belgrade,Europe,Southern Europe,,RS-->KZ,RS-->KZ,RS-->KZ,RS-->KZ,RS-->KZ,RS-->KZ,RS-->KZ,RS-->KZ,RS-->KZ,RS-->KZ,RS-->KZ,RS-->KZ,RS-->KZ,RS-->KZ,RS-->KZ,RS-->KZ,RS-->KZ,RS-->KZ,RS-->KZ,,,,,,,,,,,,,,,,,KZ-->RS,KZ-->RS,KZ-->RS,KZ-->RS,KZ-->RS,KZ-->RS,KZ-->RS,KZ-->RS,KZ-->RS,KZ-->RS,KZ-->RS,KZ-->RS,KZ-->RS,KZ-->RS,KZ-->RS,KZ-->RS,KZ-->RS,KZ-->RS,KZ-->RS
SC,SYC,Seychelles,Victoria,Africa,Eastern Africa,,SC-->KZ,SC-->KZ,SC-->KZ,SC-->KZ,SC-->KZ,SC-->KZ,SC-->KZ,SC-->KZ,SC-->KZ,SC-->KZ,SC-->KZ,SC-->KZ,SC-->KZ,SC-->KZ,SC-->KZ,SC-->KZ,SC-->KZ,SC-->KZ,SC-->KZ,,,,,,,,,,,,,,,,,KZ-->SC,KZ-->SC,KZ-->SC,KZ-->SC,KZ-->SC,KZ-->SC,KZ-->SC,KZ-->SC,KZ-->SC,KZ-->SC,KZ-->SC,KZ-->SC,KZ-->SC,KZ-->SC,KZ-->SC,KZ-->SC,KZ-->SC,KZ-->SC,KZ-->SC
SL,SLE,Sierra Leone,Freetown,Africa,Western Africa,,SL-->KZ,SL-->KZ,SL-->KZ,SL-->KZ,SL-->KZ,SL-->KZ,SL-->KZ,SL-->KZ,SL-->KZ,SL-->KZ,SL-->KZ,SL-->KZ,SL-->KZ,SL-->KZ,SL-->KZ,SL-->KZ,SL-->KZ,SL-->KZ,SL-->KZ,,,,,,,,,,,,,,,,,KZ-->SL,KZ-->SL,KZ-->SL,KZ-->SL,KZ-->SL,KZ-->SL,KZ-->SL,KZ-->SL,KZ-->SL,KZ-->SL,KZ-->SL,KZ-->SL,KZ-->SL,KZ-->SL,KZ-->SL,KZ-->SL,KZ-->SL,KZ-->SL,KZ-->SL
SG,SGP,Singapore,Singapore,Asia,South-Eastern Asia,,SG-->KZ,SG-->KZ,SG-->KZ,SG-->KZ,SG-->KZ,SG-->KZ,SG-->KZ,SG-->KZ,SG-->KZ,SG-->KZ,SG-->KZ,SG-->KZ,SG-->KZ,SG-->KZ,SG-->KZ,SG-->KZ,SG-->KZ,SG-->KZ,SG-->KZ,,,,,,,,,,,,,,,,,KZ-->SG,KZ-->SG,KZ-->SG,KZ-->SG,KZ-->SG,KZ-->SG,KZ-->SG,KZ-->SG,KZ-->SG,KZ-->SG,KZ-->SG,KZ-->SG,KZ-->SG,KZ-->SG,KZ-->SG,KZ-->SG,KZ-->SG,KZ-->SG,KZ-->SG
SX,SXM,Sint Maarten,Philipsburg,Americas,Caribbean,,SX-->KZ,SX-->KZ,SX-->KZ,SX-->KZ,SX-->KZ,SX-->KZ,SX-->KZ,SX-->KZ,SX-->KZ,SX-->KZ,SX-->KZ,SX-->KZ,SX-->KZ,SX-->KZ,SX-->KZ,SX-->KZ,SX-->KZ,SX-->KZ,SX-->KZ,,,,,,,,,,,,,,,,,KZ-->SX,KZ-->SX,KZ-->SX,KZ-->SX,KZ-->SX,KZ-->SX,KZ-->SX,KZ-->SX,KZ-->SX,KZ-->SX,KZ-->SX,KZ-->SX,KZ-->SX,KZ-->SX,KZ-->SX,KZ-->SX,KZ-->SX,KZ-->SX,KZ-->SX
SK,SVK,Slovakia,Bratislava,Europe,Eastern Europe,,SK-->KZ,SK-->KZ,SK-->KZ,SK-->KZ,SK-->KZ,SK-->KZ,SK-->KZ,SK-->KZ,SK-->KZ,SK-->KZ,SK-->KZ,SK-->KZ,SK-->KZ,SK-->KZ,SK-->KZ,SK-->KZ,SK-->KZ,SK-->KZ,SK-->KZ,,,,,,,,,,,,,,,,,KZ-->SK,KZ-->SK,KZ-->SK,KZ-->SK,KZ-->SK,KZ-->SK,KZ-->SK,KZ-->SK,KZ-->SK,KZ-->SK,KZ-->SK,KZ-->SK,KZ-->SK,KZ-->SK,KZ-->SK,KZ-->SK,KZ-->SK,KZ-->SK,KZ-->SK
SI,SVN,Slovenia,Ljubljana,Europe,Southern Europe,,SI-->KZ,SI-->KZ,SI-->KZ,SI-->KZ,SI-->KZ,SI-->KZ,SI-->KZ,SI-->KZ,SI-->KZ,SI-->KZ,SI-->KZ,SI-->KZ,SI-->KZ,SI-->KZ,SI-->KZ,SI-->KZ,SI-->KZ,SI-->KZ,SI-->KZ,,,,,,,,,,,,,,,,,KZ-->SI,KZ-->SI,KZ-->SI,KZ-->SI,KZ-->SI,KZ-->SI,KZ-->SI,KZ-->SI,KZ-->SI,KZ-->SI,KZ-->SI,KZ-->SI,KZ-->SI,KZ-->SI,KZ-->SI,KZ-->SI,KZ-->SI,KZ-->SI,KZ-->SI
SB,SLB,Solomon Islands,Honiara,Oceania,Melanesia,,SB-->KZ,SB-->KZ,SB-->KZ,SB-->KZ,SB-->KZ,SB-->KZ,SB-->KZ,SB-->KZ,SB-->KZ,SB-->KZ,SB-->KZ,SB-->KZ,SB-->KZ,SB-->KZ,SB-->KZ,SB-->KZ,SB-->KZ,SB-->KZ,SB-->KZ,,,,,,,,,,,,,,,,,KZ-->SB,KZ-->SB,KZ-->SB,KZ-->SB,KZ-->SB,KZ-->SB,KZ-->SB,KZ-->SB,KZ-->SB,KZ-->SB,KZ-->SB,KZ-->SB,KZ-->SB,KZ-->SB,KZ-->SB,KZ-->SB,KZ-->SB,KZ-->SB,KZ-->SB
SO,SOM,Somalia,Mogadishu,Africa,Eastern Africa,,SO-->KZ,SO-->KZ,SO-->KZ,SO-->KZ,SO-->KZ,SO-->KZ,SO-->KZ,SO-->KZ,SO-->KZ,SO-->KZ,SO-->KZ,SO-->KZ,SO-->KZ,SO-->KZ,SO-->KZ,SO-->KZ,SO-->KZ,SO-->KZ,SO-->KZ,,,,,,,,,,,,,,,,,KZ-->SO,KZ-->SO,KZ-->SO,KZ-->SO,KZ-->SO,KZ-->SO,KZ-->SO,KZ-->SO,KZ-->SO,KZ-->SO,KZ-->SO,KZ-->SO,KZ-->SO,KZ-->SO,KZ-->SO,KZ-->SO,KZ-->SO,KZ-->SO,KZ-->SO
ZA,ZAF,South Africa,Pretoria,Africa,Southern Africa,,ZA-->KZ,ZA-->KZ,ZA-->KZ,ZA-->KZ,ZA-->KZ,ZA-->KZ,ZA-->KZ,ZA-->KZ,ZA-->KZ,ZA-->KZ,ZA-->KZ,ZA-->KZ,ZA-->KZ,ZA-->KZ,ZA-->KZ,ZA-->KZ,ZA-->KZ,ZA-->KZ,ZA-->KZ,,,,,,,,,,,,,,,,,KZ-->ZA,KZ-->ZA,KZ-->ZA,KZ-->ZA,KZ-->ZA,KZ-->ZA,KZ-->ZA,KZ-->ZA,KZ-->ZA,KZ-->ZA,KZ-->ZA,KZ-->ZA,KZ-->ZA,KZ-->ZA,KZ-->ZA,KZ-->ZA,KZ-->ZA,KZ-->ZA,KZ-->ZA
GS,SGS,South Georgia,King Edward Point,Americas,South America,,GS-->KZ,GS-->KZ,GS-->KZ,GS-->KZ,GS-->KZ,GS-->KZ,GS-->KZ,GS-->KZ,GS-->KZ,GS-->KZ,GS-->KZ,GS-->KZ,GS-->KZ,GS-->KZ,GS-->KZ,GS-->KZ,GS-->KZ,GS-->KZ,GS-->KZ,,,,,,,,,,,,,,,,,KZ-->GS,KZ-->GS,KZ-->GS,KZ-->GS,KZ-->GS,KZ-->GS,KZ-->GS,KZ-->GS,KZ-->GS,KZ-->GS,KZ-->GS,KZ-->GS,KZ-->GS,KZ-->GS,KZ-->GS,KZ-->GS,KZ-->GS,KZ-->GS,KZ-->GS
KR,KOR,South Korea,Seoul,Asia,Eastern Asia,,KR-->KZ,KR-->KZ,KR-->KZ,KR-->KZ,KR-->KZ,KR-->KZ,KR-->KZ,KR-->KZ,KR-->KZ,KR-->KZ,KR-->KZ,KR-->KZ,KR-->KZ,KR-->KZ,KR-->KZ,KR-->KZ,KR-->KZ,KR-->KZ,KR-->KZ,,,,,,,,,,,,,,,,,KZ-->KR,KZ-->KR,KZ-->KR,KZ-->KR,KZ-->KR,KZ-->KR,KZ-->KR,KZ-->KR,KZ-->KR,KZ-->KR,KZ-->KR,KZ-->KR,KZ-->KR,KZ-->KR,KZ-->KR,KZ-->KR,KZ-->KR,KZ-->KR,KZ-->KR
SS,SSD,South Sudan,Juba,Africa,Middle Africa,,SS-->KZ,SS-->KZ,SS-->KZ,SS-->KZ,SS-->KZ,SS-->KZ,SS-->KZ,SS-->KZ,SS-->KZ,SS-->KZ,SS-->KZ,SS-->KZ,SS-->KZ,SS-->KZ,SS-->KZ,SS-->KZ,SS-->KZ,SS-->KZ,SS-->KZ,,,,,,,,,,,,,,,,,KZ-->SS,KZ-->SS,KZ-->SS,KZ-->SS,KZ-->SS,KZ-->SS,KZ-->SS,KZ-->SS,KZ-->SS,KZ-->SS,KZ-->SS,KZ-->SS,KZ-->SS,KZ-->SS,KZ-->SS,KZ-->SS,KZ-->SS,KZ-->SS,KZ-->SS
ES,ESP,Spain,Madrid,Europe,Southern Europe,,ES-->KZ,ES-->KZ,ES-->KZ,ES-->KZ,ES-->KZ,ES-->KZ,ES-->KZ,ES-->KZ,ES-->KZ,ES-->KZ,ES-->KZ,ES-->KZ,ES-->KZ,ES-->KZ,ES-->KZ,ES-->KZ,ES-->KZ,ES-->KZ,ES-->KZ,,,,,,,,,,,,,,,,,KZ-->ES,KZ-->ES,KZ-->ES,KZ-->ES,KZ-->ES,KZ-->ES,KZ-->ES,KZ-->ES,KZ-->ES,KZ-->ES,KZ-->ES,KZ-->ES,KZ-->ES,KZ-->ES,KZ-->ES,KZ-->ES,KZ-->ES,KZ-->ES,KZ-->ES
LK,LKA,Sri Lanka,Colombo,Asia,Southern Asia,,LK-->KZ,LK-->KZ,LK-->KZ,LK-->KZ,LK-->KZ,LK-->KZ,LK-->KZ,LK-->KZ,LK-->KZ,LK-->KZ,LK-->KZ,LK-->KZ,LK-->KZ,LK-->KZ,LK-->KZ,LK-->KZ,LK-->KZ,LK-->KZ,LK-->KZ,,,,,,,,,,,,,,,,,KZ-->LK,KZ-->LK,KZ-->LK,KZ-->LK,KZ-->LK,KZ-->LK,KZ-->LK,KZ-->LK,KZ-->LK,KZ-->LK,KZ-->LK,KZ-->LK,KZ-->LK,KZ-->LK,KZ-->LK,KZ-->LK,KZ-->LK,KZ-->LK,KZ-->LK
SD,SDN,Sudan,Khartoum,Africa,Northern Africa,,SD-->KZ,SD-->KZ,SD-->KZ,SD-->KZ,SD-->KZ,SD-->KZ,SD-->KZ,SD-->KZ,SD-->KZ,SD-->KZ,SD-->KZ,SD-->KZ,SD-->KZ,SD-->KZ,SD-->KZ,SD-->KZ,SD-->KZ,SD-->KZ,SD-->KZ,,,,,,,,,,,,,,,,,KZ-->SD,KZ-->SD,KZ-->SD,KZ-->SD,KZ-->SD,KZ-->SD,KZ-->SD,KZ-->SD,KZ-->SD,KZ-->SD,KZ-->SD,KZ-->SD,KZ-->SD,KZ-->SD,KZ-->SD,KZ-->SD,KZ-->SD,KZ-->SD,KZ-->SD
SR,SUR,Suriname,Paramaribo,Americas,South America,,SR-->KZ,SR-->KZ,SR-->KZ,SR-->KZ,SR-->KZ,SR-->KZ,SR-->KZ,SR-->KZ,SR-->KZ,SR-->KZ,SR-->KZ,SR-->KZ,SR-->KZ,SR-->KZ,SR-->KZ,SR-->KZ,SR-->KZ,SR-->KZ,SR-->KZ,,,,,,,,,,,,,,,,,KZ-->SR,KZ-->SR,KZ-->SR,KZ-->SR,KZ-->SR,KZ-->SR,KZ-->SR,KZ-->SR,KZ-->SR,KZ-->SR,KZ-->SR,KZ-->SR,KZ-->SR,KZ-->SR,KZ-->SR,KZ-->SR,KZ-->SR,KZ-->SR,KZ-->SR
SJ,SJM,Svalbard and Jan Mayen,Longyearbyen,Europe,Northern Europe,,SJ-->KZ,SJ-->KZ,SJ-->KZ,SJ-->KZ,SJ-->KZ,SJ-->KZ,SJ-->KZ,SJ-->KZ,SJ-->KZ,SJ-->KZ,SJ-->KZ,SJ-->KZ,SJ-->KZ,SJ-->KZ,SJ-->KZ,SJ-->KZ,SJ-->KZ,SJ-->KZ,SJ-->KZ,,,,,,,,,,,,,,,,,KZ-->SJ,KZ-->SJ,KZ-->SJ,KZ-->SJ,KZ-->SJ,KZ-->SJ,KZ-->SJ,KZ-->SJ,KZ-->SJ,KZ-->SJ,KZ-->SJ,KZ-->SJ,KZ-->SJ,KZ-->SJ,KZ-->SJ,KZ-->SJ,KZ-->SJ,KZ-->SJ,KZ-->SJ
SZ,SWZ,Swaziland,Lobamba,Africa,Southern Africa,,SZ-->KZ,SZ-->KZ,SZ-->KZ,SZ-->KZ,SZ-->KZ,SZ-->KZ,SZ-->KZ,SZ-->KZ,SZ-->KZ,SZ-->KZ,SZ-->KZ,SZ-->KZ,SZ-->KZ,SZ-->KZ,SZ-->KZ,SZ-->KZ,SZ-->KZ,SZ-->KZ,SZ-->KZ,,,,,,,,,,,,,,,,,KZ-->SZ,KZ-->SZ,KZ-->SZ,KZ-->SZ,KZ-->SZ,KZ-->SZ,KZ-->SZ,KZ-->SZ,KZ-->SZ,KZ-->SZ,KZ-->SZ,KZ-->SZ,KZ-->SZ,KZ-->SZ,KZ-->SZ,KZ-->SZ,KZ-->SZ,KZ-->SZ,KZ-->SZ
SE,SWE,Sweden,Stockholm,Europe,Northern Europe,,SE-->KZ,SE-->KZ,SE-->KZ,SE-->KZ,SE-->KZ,SE-->KZ,SE-->KZ,SE-->KZ,SE-->KZ,SE-->KZ,SE-->KZ,SE-->KZ,SE-->KZ,SE-->KZ,SE-->KZ,SE-->KZ,SE-->KZ,SE-->KZ,SE-->KZ,,,,,,,,,,,,,,,,,KZ-->SE,KZ-->SE,KZ-->SE,KZ-->SE,KZ-->SE,KZ-->SE,KZ-->SE,KZ-->SE,KZ-->SE,KZ-->SE,KZ-->SE,KZ-->SE,KZ-->SE,KZ-->SE,KZ-->SE,KZ-->SE,KZ-->SE,KZ-->SE,KZ-->SE
CH,CHE,Switzerland,Bern,Europe,Western Europe,,CH-->KZ,CH-->KZ,CH-->KZ,CH-->KZ,CH-->KZ,CH-->KZ,CH-->KZ,CH-->KZ,CH-->KZ,CH-->KZ,CH-->KZ,CH-->KZ,CH-->KZ,CH-->KZ,CH-->KZ,CH-->KZ,CH-->KZ,CH-->KZ,CH-->KZ,,,,,,,,,,,,,,,,,KZ-->CH,KZ-->CH,KZ-->CH,KZ-->CH,KZ-->CH,KZ-->CH,KZ-->CH,KZ-->CH,KZ-->CH,KZ-->CH,KZ-->CH,KZ-->CH,KZ-->CH,KZ-->CH,KZ-->CH,KZ-->CH,KZ-->CH,KZ-->CH,KZ-->CH
SY,SYR,Syria,Damascus,Asia,Western Asia,,SY-->KZ,SY-->KZ,SY-->KZ,SY-->KZ,SY-->KZ,SY-->KZ,SY-->KZ,SY-->KZ,SY-->KZ,SY-->KZ,SY-->KZ,SY-->KZ,SY-->KZ,SY-->KZ,SY-->KZ,SY-->KZ,SY-->KZ,SY-->KZ,SY-->KZ,,,,,,,,,,,,,,,,,KZ-->SY,KZ-->SY,KZ-->SY,KZ-->SY,KZ-->SY,KZ-->SY,KZ-->SY,KZ-->SY,KZ-->SY,KZ-->SY,KZ-->SY,KZ-->SY,KZ-->SY,KZ-->SY,KZ-->SY,KZ-->SY,KZ-->SY,KZ-->SY,KZ-->SY
TW,TWN,Taiwan,Taipei,Asia,Eastern Asia,,TW-->KZ,TW-->KZ,TW-->KZ,TW-->KZ,TW-->KZ,TW-->KZ,TW-->KZ,TW-->KZ,TW-->KZ,TW-->KZ,TW-->KZ,TW-->KZ,TW-->KZ,TW-->KZ,TW-->KZ,TW-->KZ,TW-->KZ,TW-->KZ,TW-->KZ,,,,,,,,,,,,,,,,,KZ-->TW,KZ-->TW,KZ-->TW,KZ-->TW,KZ-->TW,KZ-->TW,KZ-->TW,KZ-->TW,KZ-->TW,KZ-->TW,KZ-->TW,KZ-->TW,KZ-->TW,KZ-->TW,KZ-->TW,KZ-->TW,KZ-->TW,KZ-->TW,KZ-->TW
TJ,TJK,Tajikistan,Dushanbe,Asia,Central Asia,,TJ-->KZ,TJ-->KZ,TJ-->KZ,TJ-->KZ,TJ-->KZ,TJ-->KZ,TJ-->KZ,TJ-->KZ,TJ-->KZ,TJ-->KZ,TJ-->KZ,TJ-->KZ,TJ-->KZ,TJ-->KZ,TJ-->KZ,TJ-->KZ,TJ-->KZ,TJ-->KZ,TJ-->KZ,,,,,,,,,,,,,,,,,KZ-->TJ,KZ-->TJ,KZ-->TJ,KZ-->TJ,KZ-->TJ,KZ-->TJ,KZ-->TJ,KZ-->TJ,KZ-->TJ,KZ-->TJ,KZ-->TJ,KZ-->TJ,KZ-->TJ,KZ-->TJ,KZ-->TJ,KZ-->TJ,KZ-->TJ,KZ-->TJ,KZ-->TJ
TZ,TZA,Tanzania,Dodoma,Africa,Eastern Africa,,TZ-->KZ,TZ-->KZ,TZ-->KZ,TZ-->KZ,TZ-->KZ,TZ-->KZ,TZ-->KZ,TZ-->KZ,TZ-->KZ,TZ-->KZ,TZ-->KZ,TZ-->KZ,TZ-->KZ,TZ-->KZ,TZ-->KZ,TZ-->KZ,TZ-->KZ,TZ-->KZ,TZ-->KZ,,,,,,,,,,,,,,,,,KZ-->TZ,KZ-->TZ,KZ-->TZ,KZ-->TZ,KZ-->TZ,KZ-->TZ,KZ-->TZ,KZ-->TZ,KZ-->TZ,KZ-->TZ,KZ-->TZ,KZ-->TZ,KZ-->TZ,KZ-->TZ,KZ-->TZ,KZ-->TZ,KZ-->TZ,KZ-->TZ,KZ-->TZ
TH,THA,Thailand,Bangkok,Asia,South-Eastern Asia,,TH-->KZ,TH-->KZ,TH-->KZ,TH-->KZ,TH-->KZ,TH-->KZ,TH-->KZ,TH-->KZ,TH-->KZ,TH-->KZ,TH-->KZ,TH-->KZ,TH-->KZ,TH-->KZ,TH-->KZ,TH-->KZ,TH-->KZ,TH-->KZ,TH-->KZ,,,,,,,,,,,,,,,,,KZ-->TH,KZ-->TH,KZ-->TH,KZ-->TH,KZ-->TH,KZ-->TH,KZ-->TH,KZ-->TH,KZ-->TH,KZ-->TH,KZ-->TH,KZ-->TH,KZ-->TH,KZ-->TH,KZ-->TH,KZ-->TH,KZ-->TH,KZ-->TH,KZ-->TH
TL,TLS,East Timor,Dili,Asia,South-Eastern Asia,,TL-->KZ,TL-->KZ,TL-->KZ,TL-->KZ,TL-->KZ,TL-->KZ,TL-->KZ,TL-->KZ,TL-->KZ,TL-->KZ,TL-->KZ,TL-->KZ,TL-->KZ,TL-->KZ,TL-->KZ,TL-->KZ,TL-->KZ,TL-->KZ,TL-->KZ,,,,,,,,,,,,,,,,,KZ-->TL,KZ-->TL,KZ-->TL,KZ-->TL,KZ-->TL,KZ-->TL,KZ-->TL,KZ-->TL,KZ-->TL,KZ-->TL,KZ-->TL,KZ-->TL,KZ-->TL,KZ-->TL,KZ-->TL,KZ-->TL,KZ-->TL,KZ-->TL,KZ-->TL
TG,TGO,Togo,Lomé,Africa,Western Africa,,TG-->KZ,TG-->KZ,TG-->KZ,TG-->KZ,TG-->KZ,TG-->KZ,TG-->KZ,TG-->KZ,TG-->KZ,TG-->KZ,TG-->KZ,TG-->KZ,TG-->KZ,TG-->KZ,TG-->KZ,TG-->KZ,TG-->KZ,TG-->KZ,TG-->KZ,,,,,,,,,,,,,,,,,KZ-->TG,KZ-->TG,KZ-->TG,KZ-->TG,KZ-->TG,KZ-->TG,KZ-->TG,KZ-->TG,KZ-->TG,KZ-->TG,KZ-->TG,KZ-->TG,KZ-->TG,KZ-->TG,KZ-->TG,KZ-->TG,KZ-->TG,KZ-->TG,KZ-->TG
TK,TKL,Tokelau,Fakaofo,Oceania,Polynesia,,TK-->KZ,TK-->KZ,TK-->KZ,TK-->KZ,TK-->KZ,TK-->KZ,TK-->KZ,TK-->KZ,TK-->KZ,TK-->KZ,TK-->KZ,TK-->KZ,TK-->KZ,TK-->KZ,TK-->KZ,TK-->KZ,TK-->KZ,TK-->KZ,TK-->KZ,,,,,,,,,,,,,,,,,KZ-->TK,KZ-->TK,KZ-->TK,KZ-->TK,KZ-->TK,KZ-->TK,KZ-->TK,KZ-->TK,KZ-->TK,KZ-->TK,KZ-->TK,KZ-->TK,KZ-->TK,KZ-->TK,KZ-->TK,KZ-->TK,KZ-->TK,KZ-->TK,KZ-->TK
TO,TON,Tonga,Nuku'alofa,Oceania,Polynesia,,TO-->KZ,TO-->KZ,TO-->KZ,TO-->KZ,TO-->KZ,TO-->KZ,TO-->KZ,TO-->KZ,TO-->KZ,TO-->KZ,TO-->KZ,TO-->KZ,TO-->KZ,TO-->KZ,TO-->KZ,TO-->KZ,TO-->KZ,TO-->KZ,TO-->KZ,,,,,,,,,,,,,,,,,KZ-->TO,KZ-->TO,KZ-->TO,KZ-->TO,KZ-->TO,KZ-->TO,KZ-->TO,KZ-->TO,KZ-->TO,KZ-->TO,KZ-->TO,KZ-->TO,KZ-->TO,KZ-->TO,KZ-->TO,KZ-->TO,KZ-->TO,KZ-->TO,KZ-->TO
TT,TTO,Trinidad and Tobago,Port of Spain,Americas,Caribbean,,TT-->KZ,TT-->KZ,TT-->KZ,TT-->KZ,TT-->KZ,TT-->KZ,TT-->KZ,TT-->KZ,TT-->KZ,TT-->KZ,TT-->KZ,TT-->KZ,TT-->KZ,TT-->KZ,TT-->KZ,TT-->KZ,TT-->KZ,TT-->KZ,TT-->KZ,,,,,,,,,,,,,,,,,KZ-->TT,KZ-->TT,KZ-->TT,KZ-->TT,KZ-->TT,KZ-->TT,KZ-->TT,KZ-->TT,KZ-->TT,KZ-->TT,KZ-->TT,KZ-->TT,KZ-->TT,KZ-->TT,KZ-->TT,KZ-->TT,KZ-->TT,KZ-->TT,KZ-->TT
TN,TUN,Tunisia,Tunis,Africa,Northern Africa,,TN-->KZ,TN-->KZ,TN-->KZ,TN-->KZ,TN-->KZ,TN-->KZ,TN-->KZ,TN-->KZ,TN-->KZ,TN-->KZ,TN-->KZ,TN-->KZ,TN-->KZ,TN-->KZ,TN-->KZ,TN-->KZ,TN-->KZ,TN-->KZ,TN-->KZ,,,,,,,,,,,,,,,,,KZ-->TN,KZ-->TN,KZ-->TN,KZ-->TN,KZ-->TN,KZ-->TN,KZ-->TN,KZ-->TN,KZ-->TN,KZ-->TN,KZ-->TN,KZ-->TN,KZ-->TN,KZ-->TN,KZ-->TN,KZ-->TN,KZ-->TN,KZ-->TN,KZ-->TN
TR,TUR,Turkey,Ankara,Asia,Western Asia,,TR-->KZ,TR-->KZ,TR-->KZ,TR-->KZ,TR-->KZ,TR-->KZ,TR-->KZ,TR-->KZ,TR-->KZ,TR-->KZ,TR-->KZ,TR-->KZ,TR-->KZ,TR-->KZ,TR-->KZ,TR-->KZ,TR-->KZ,TR-->KZ,TR-->KZ,,,,,,,,,,,,,,,,,KZ-->TR,KZ-->TR,KZ-->TR,KZ-->TR,KZ-->TR,KZ-->TR,KZ-->TR,KZ-->TR,KZ-->TR,KZ-->TR,KZ-->TR,KZ-->TR,KZ-->TR,KZ-->TR,KZ-->TR,KZ-->TR,KZ-->TR,KZ-->TR,KZ-->TR
TM,TKM,Turkmenistan,Ashgabat,Asia,Central Asia,,TM-->KZ,TM-->KZ,TM-->KZ,TM-->KZ,TM-->KZ,TM-->KZ,TM-->KZ,TM-->KZ,TM-->KZ,TM-->KZ,TM-->KZ,TM-->KZ,TM-->KZ,TM-->KZ,TM-->KZ,TM-->KZ,TM-->KZ,TM-->KZ,TM-->KZ,,,,,,,,,,,,,,,,,KZ-->TM,KZ-->TM,KZ-->TM,KZ-->TM,KZ-->TM,KZ-->TM,KZ-->TM,KZ-->TM,KZ-->TM,KZ-->TM,KZ-->TM,KZ-->TM,KZ-->TM,KZ-->TM,KZ-->TM,KZ-->TM,KZ-->TM,KZ-->TM,KZ-->TM
TC,TCA,Turks and Caicos Islands,Cockburn Town,Americas,Caribbean,,TC-->KZ,TC-->KZ,TC-->KZ,TC-->KZ,TC-->KZ,TC-->KZ,TC-->KZ,TC-->KZ,TC-->KZ,TC-->KZ,TC-->KZ,TC-->KZ,TC-->KZ,TC-->KZ,TC-->KZ,TC-->KZ,TC-->KZ,TC-->KZ,TC-->KZ,,,,,,,,,,,,,,,,,KZ-->TC,KZ-->TC,KZ-->TC,KZ-->TC,KZ-->TC,KZ-->TC,KZ-->TC,KZ-->TC,KZ-->TC,KZ-->TC,KZ-->TC,KZ-->TC,KZ-->TC,KZ-->TC,KZ-->TC,KZ-->TC,KZ-->TC,KZ-->TC,KZ-->TC
TV,TUV,Tuvalu,Funafuti,Oceania,Polynesia,,TV-->KZ,TV-->KZ,TV-->KZ,TV-->KZ,TV-->KZ,TV-->KZ,TV-->KZ,TV-->KZ,TV-->KZ,TV-->KZ,TV-->KZ,TV-->KZ,TV-->KZ,TV-->KZ,TV-->KZ,TV-->KZ,TV-->KZ,TV-->KZ,TV-->KZ,,,,,,,,,,,,,,,,,KZ-->TV,KZ-->TV,KZ-->TV,KZ-->TV,KZ-->TV,KZ-->TV,KZ-->TV,KZ-->TV,KZ-->TV,KZ-->TV,KZ-->TV,KZ-->TV,KZ-->TV,KZ-->TV,KZ-->TV,KZ-->TV,KZ-->TV,KZ-->TV,KZ-->TV
UG,UGA,Uganda,Kampala,Africa,Eastern Africa,,UG-->KZ,UG-->KZ,UG-->KZ,UG-->KZ,UG-->KZ,UG-->KZ,UG-->KZ,UG-->KZ,UG-->KZ,UG-->KZ,UG-->KZ,UG-->KZ,UG-->KZ,UG-->KZ,UG-->KZ,UG-->KZ,UG-->KZ,UG-->KZ,UG-->KZ,,,,,,,,,,,,,,,,,KZ-->UG,KZ-->UG,KZ-->UG,KZ-->UG,KZ-->UG,KZ-->UG,KZ-->UG,KZ-->UG,KZ-->UG,KZ-->UG,KZ-->UG,KZ-->UG,KZ-->UG,KZ-->UG,KZ-->UG,KZ-->UG,KZ-->UG,KZ-->UG,KZ-->UG
UA,UKR,Ukraine,Kiev,Europe,Eastern Europe,,UA-->KZ,UA-->KZ,UA-->KZ,UA-->KZ,UA-->KZ,UA-->KZ,UA-->KZ,UA-->KZ,UA-->KZ,UA-->KZ,UA-->KZ,UA-->KZ,UA-->KZ,UA-->KZ,UA-->KZ,UA-->KZ,UA-->KZ,UA-->KZ,UA-->KZ,,,,,,,,,,,,,,,,,KZ-->UA,KZ-->UA,KZ-->UA,KZ-->UA,KZ-->UA,KZ-->UA,KZ-->UA,KZ-->UA,KZ-->UA,KZ-->UA,KZ-->UA,KZ-->UA,KZ-->UA,KZ-->UA,KZ-->UA,KZ-->UA,KZ-->UA,KZ-->UA,KZ-->UA
AE,ARE,United Arab Emirates,Abu Dhabi,Asia,Western Asia,,AE-->KZ,AE-->KZ,AE-->KZ,AE-->KZ,AE-->KZ,AE-->KZ,AE-->KZ,AE-->KZ,AE-->KZ,AE-->KZ,AE-->KZ,AE-->KZ,AE-->KZ,AE-->KZ,AE-->KZ,AE-->KZ,AE-->KZ,AE-->KZ,AE-->KZ,,,,,,,,,,,,,,,,,KZ-->AE,KZ-->AE,KZ-->AE,KZ-->AE,KZ-->AE,KZ-->AE,KZ-->AE,KZ-->AE,KZ-->AE,KZ-->AE,KZ-->AE,KZ-->AE,KZ-->AE,KZ-->AE,KZ-->AE,KZ-->AE,KZ-->AE,KZ-->AE,KZ-->AE
GB,GBR,United Kingdom,London,Europe,Northern Europe,,GB-->KZ,GB-->KZ,GB-->KZ,GB-->KZ,GB-->KZ,GB-->KZ,GB-->KZ,GB-->KZ,GB-->KZ,GB-->KZ,GB-->KZ,GB-->KZ,GB-->KZ,GB-->KZ,GB-->KZ,GB-->KZ,GB-->KZ,GB-->KZ,GB-->KZ,,,,,,,,,,,,,,,,,KZ-->GB,KZ-->GB,KZ-->GB,KZ-->GB,KZ-->GB,KZ-->GB,KZ-->GB,KZ-->GB,KZ-->GB,KZ-->GB,KZ-->GB,KZ-->GB,KZ-->GB,KZ-->GB,KZ-->GB,KZ-->GB,KZ-->GB,KZ-->GB,KZ-->GB
US,USA,United States,"Washington, D.C.",Americas,Northern America,,US-->KZ,US-->KZ,US-->KZ,US-->KZ,US-->KZ,US-->KZ,US-->KZ,US-->KZ,US-->KZ,US-->KZ,US-->KZ,US-->KZ,US-->KZ,US-->KZ,US-->KZ,US-->KZ,US-->KZ,US-->KZ,US-->KZ,,,,,,,,,,,,,,,,,KZ-->US,KZ-->US,KZ-->US,KZ-->US,KZ-->US,KZ-->US,KZ-->US,KZ-->US,KZ-->US,KZ-->US,KZ-->US,KZ-->US,KZ-->US,KZ-->US,KZ-->US,KZ-->US,KZ-->US,KZ-->US,KZ-->US
UY,URY,Uruguay,Montevideo,Americas,South America,,UY-->KZ,UY-->KZ,UY-->KZ,UY-->KZ,UY-->KZ,UY-->KZ,UY-->KZ,UY-->KZ,UY-->KZ,UY-->KZ,UY-->KZ,UY-->KZ,UY-->KZ,UY-->KZ,UY-->KZ,UY-->KZ,UY-->KZ,UY-->KZ,UY-->KZ,,,,,,,,,,,,,,,,,KZ-->UY,KZ-->UY,KZ-->UY,KZ-->UY,KZ-->UY,KZ-->UY,KZ-->UY,KZ-->UY,KZ-->UY,KZ-->UY,KZ-->UY,KZ-->UY,KZ-->UY,KZ-->UY,KZ-->UY,KZ-->UY,KZ-->UY,KZ-->UY,KZ-->UY
UZ,UZB,Uzbekistan,Tashkent,Asia,Central Asia,,UZ-->KZ,UZ-->KZ,UZ-->KZ,UZ-->KZ,UZ-->KZ,UZ-->KZ,UZ-->KZ,UZ-->KZ,UZ-->KZ,UZ-->KZ,UZ-->KZ,UZ-->KZ,UZ-->KZ,UZ-->KZ,UZ-->KZ,UZ-->KZ,UZ-->KZ,UZ-->KZ,UZ-->KZ,,,,,,,,,,,,,,,,,KZ-->UZ,KZ-->UZ,KZ-->UZ,KZ-->UZ,KZ-->UZ,KZ-->UZ,KZ-->UZ,KZ-->UZ,KZ-->UZ,KZ-->UZ,KZ-->UZ,KZ-->UZ,KZ-->UZ,KZ-->UZ,KZ-->UZ,KZ-->UZ,KZ-->UZ,KZ-->UZ,KZ-->UZ
VU,VUT,Vanuatu,Port Vila,Oceania,Melanesia,,VU-->KZ,VU-->KZ,VU-->KZ,VU-->KZ,VU-->KZ,VU-->KZ,VU-->KZ,VU-->KZ,VU-->KZ,VU-->KZ,VU-->KZ,VU-->KZ,VU-->KZ,VU-->KZ,VU-->KZ,VU-->KZ,VU-->KZ,VU-->KZ,VU-->KZ,,,,,,,,,,,,,,,,,KZ-->VU,KZ-->VU,KZ-->VU,KZ-->VU,KZ-->VU,KZ-->VU,KZ-->VU,KZ-->VU,KZ-->VU,KZ-->VU,KZ-->VU,KZ-->VU,KZ-->VU,KZ-->VU,KZ-->VU,KZ-->VU,KZ-->VU,KZ-->VU,KZ-->VU
VE,VEN,Venezuela,Caracas,Americas,South America,,VE-->KZ,VE-->KZ,VE-->KZ,VE-->KZ,VE-->KZ,VE-->KZ,VE-->KZ,VE-->KZ,VE-->KZ,VE-->KZ,VE-->KZ,VE-->KZ,VE-->KZ,VE-->KZ,VE-->KZ,VE-->KZ,VE-->KZ,VE-->KZ,VE-->KZ,,,,,,,,,,,,,,,,,KZ-->VE,KZ-->VE,KZ-->VE,KZ-->VE,KZ-->VE,KZ-->VE,KZ-->VE,KZ-->VE,KZ-->VE,KZ-->VE,KZ-->VE,KZ-->VE,KZ-->VE,KZ-->VE,KZ-->VE,KZ-->VE,KZ-->VE,KZ-->VE,KZ-->VE
VN,VNM,Vietnam,Hanoi,Asia,South-Eastern Asia,,VN-->KZ,VN-->KZ,VN-->KZ,VN-->KZ,VN-->KZ,VN-->KZ,VN-->KZ,VN-->KZ,VN-->KZ,VN-->KZ,VN-->KZ,VN-->KZ,VN-->KZ,VN-->KZ,VN-->KZ,VN-->KZ,VN-->KZ,VN-->KZ,VN-->KZ,,,,,,,,,,,,,,,,,KZ-->VN,KZ-->VN,KZ-->VN,KZ-->VN,KZ-->VN,KZ-->VN,KZ-->VN,KZ-->VN,KZ-->VN,KZ-->VN,KZ-->VN,KZ-->VN,KZ-->VN,KZ-->VN,KZ-->VN,KZ-->VN,KZ-->VN,KZ-->VN,KZ-->VN
WF,WLF,Wallis and Futuna,Mata-Utu,Oceania,Polynesia,,WF-->KZ,WF-->KZ,WF-->KZ,WF-->KZ,WF-->KZ,WF-->KZ,WF-->KZ,WF-->KZ,WF-->KZ,WF-->KZ,WF-->KZ,WF-->KZ,WF-->KZ,WF-->KZ,WF-->KZ,WF-->KZ,WF-->KZ,WF-->KZ,WF-->KZ,,,,,,,,,,,,,,,,,KZ-->WF,KZ-->WF,KZ-->WF,KZ-->WF,KZ-->WF,KZ-->WF,KZ-->WF,KZ-->WF,KZ-->WF,KZ-->WF,KZ-->WF,KZ-->WF,KZ-->WF,KZ-->WF,KZ-->WF,KZ-->WF,KZ-->WF,KZ-->WF,KZ-->WF
EH,ESH,Western Sahara,El Aaiún,Africa,Northern Africa,,EH-->KZ,EH-->KZ,EH-->KZ,EH-->KZ,EH-->KZ,EH-->KZ,EH-->KZ,EH-->KZ,EH-->KZ,EH-->KZ,EH-->KZ,EH-->KZ,EH-->KZ,EH-->KZ,EH-->KZ,EH-->KZ,EH-->KZ,EH-->KZ,EH-->KZ,,,,,,,,,,,,,,,,,KZ-->EH,KZ-->EH,KZ-->EH,KZ-->EH,KZ-->EH,KZ-->EH,KZ-->EH,KZ-->EH,KZ-->EH,KZ-->EH,KZ-->EH,KZ-->EH,KZ-->EH,KZ-->EH,KZ-->EH,KZ-->EH,KZ-->EH,KZ-->EH,KZ-->EH
YE,YEM,Yemen,Sana'a,Asia,Western Asia,,YE-->KZ,YE-->KZ,YE-->KZ,YE-->KZ,YE-->KZ,YE-->KZ,YE-->KZ,YE-->KZ,YE-->KZ,YE-->KZ,YE-->KZ,YE-->KZ,YE-->KZ,YE-->KZ,YE-->KZ,YE-->KZ,YE-->KZ,YE-->KZ,YE-->KZ,,,,,,,,,,,,,,,,,KZ-->YE,KZ-->YE,KZ-->YE,KZ-->YE,KZ-->YE,KZ-->YE,KZ-->YE,KZ-->YE,KZ-->YE,KZ-->YE,KZ-->YE,KZ-->YE,KZ-->YE,KZ-->YE,KZ-->YE,KZ-->YE,KZ-->YE,KZ-->YE,KZ-->YE
ZM,ZMB,Zambia,Lusaka,Africa,Eastern Africa,,ZM-->KZ,ZM-->KZ,ZM-->KZ,ZM-->KZ,ZM-->KZ,ZM-->KZ,ZM-->KZ,ZM-->KZ,ZM-->KZ,ZM-->KZ,ZM-->KZ,ZM-->KZ,ZM-->KZ,ZM-->KZ,ZM-->KZ,ZM-->KZ,ZM-->KZ,ZM-->KZ,ZM-->KZ,,,,,,,,,,,,,,,,,KZ-->ZM,KZ-->ZM,KZ-->ZM,KZ-->ZM,KZ-->ZM,KZ-->ZM,KZ-->ZM,KZ-->ZM,KZ-->ZM,KZ-->ZM,KZ-->ZM,KZ-->ZM,KZ-->ZM,KZ-->ZM,KZ-->ZM,KZ-->ZM,KZ-->ZM,KZ-->ZM,KZ-->ZM
ZW,ZWE,Zimbabwe,Harare,Africa,Eastern Africa,,ZW-->KZ,ZW-->KZ,ZW-->KZ,ZW-->KZ,ZW-->KZ,ZW-->KZ,ZW-->KZ,ZW-->KZ,ZW-->KZ,ZW-->KZ,ZW-->KZ,ZW-->KZ,ZW-->KZ,ZW-->KZ,ZW-->KZ,ZW-->KZ,ZW-->KZ,ZW-->KZ,ZW-->KZ,,,,,,,,,,,,,,,,,KZ-->ZW,KZ-->ZW,KZ-->ZW,KZ-->ZW,KZ-->ZW,KZ-->ZW,KZ-->ZW,KZ-->ZW,KZ-->ZW,KZ-->ZW,KZ-->ZW,KZ-->ZW,KZ-->ZW,KZ-->ZW,KZ-->ZW,KZ-->ZW,KZ-->ZW,KZ-->ZW,KZ-->ZW
