nu,code,name,capital,region,subregion,Unnamed: 6,quara/into/where/e,quara/into/where/v,quara/into/where/uv,quara/into/min/e,quara/into/min/v,quara/into/min/uv,quara/into/max/e,quara/into/max/v,quara/into/max/uv,quara/into/comment,test/into/pcr/e,test/into/pcr/v,test/into/pcr/uv,test/into/ag/e,test/into/ag/v,test/into/ag/uv,test/into/comment,visa/into,visa/into/comment,loadStates/into,Unnamed: 27,Unnamed: 28,Unnamed: 29,Unnamed: 30,Unnamed: 31,Unnamed: 32,Unnamed: 33,Unnamed: 34,Unnamed: 35,Unnamed: 36,Unnamed: 37,Unnamed: 38,Unnamed: 39,Unnamed: 40,Unnamed: 41,quara/out/where/e,quara/out/where/v,quara/out/where/uv,quara/out/min/e,quara/out/min/v,quara/out/min/uv,quara/out/max/e,quara/out/max/v,quara/out/max/uv,quara/out/comment,test/out/pcr/e,test/out/pcr/v,test/out/pcr/uv,test/out/ag/e,test/out/ag/v,test/out/ag/uv,test/out/comment,visa/out,visa/out/comment
AF,AFG,Afghanistan,Kabul,Asia,Southern Asia,,AF-->NI,AF-->NI,AF-->NI,AF-->NI,AF-->NI,AF-->NI,AF-->NI,AF-->NI,AF-->NI,AF-->NI,AF-->NI,AF-->NI,AF-->NI,AF-->NI,AF-->NI,AF-->NI,AF-->NI,AF-->NI,AF-->NI,,,,,,,,,,,,,,,,,NI-->AF,NI-->AF,NI-->AF,NI-->AF,NI-->AF,NI-->AF,NI-->AF,NI-->AF,NI-->AF,NI-->AF,NI-->AF,NI-->AF,NI-->AF,NI-->AF,NI-->AF,NI-->AF,NI-->AF,NI-->AF,NI-->AF
AX,ALA,Åland Islands,Mariehamn,Europe,Northern Europe,,AX-->NI,AX-->NI,AX-->NI,AX-->NI,AX-->NI,AX-->NI,AX-->NI,AX-->NI,AX-->NI,AX-->NI,AX-->NI,AX-->NI,AX-->NI,AX-->NI,AX-->NI,AX-->NI,AX-->NI,AX-->NI,AX-->NI,,,,,,,,,,,,,,,,,NI-->AX,NI-->AX,NI-->AX,NI-->AX,NI-->AX,NI-->AX,NI-->AX,NI-->AX,NI-->AX,NI-->AX,NI-->AX,NI-->AX,NI-->AX,NI-->AX,NI-->AX,NI-->AX,NI-->AX,NI-->AX,NI-->AX
AL,ALB,Albania,Tirana,Europe,Southern Europe,,AL-->NI,AL-->NI,AL-->NI,AL-->NI,AL-->NI,AL-->NI,AL-->NI,AL-->NI,AL-->NI,AL-->NI,AL-->NI,AL-->NI,AL-->NI,AL-->NI,AL-->NI,AL-->NI,AL-->NI,AL-->NI,AL-->NI,,,,,,,,,,,,,,,,,NI-->AL,NI-->AL,NI-->AL,NI-->AL,NI-->AL,NI-->AL,NI-->AL,NI-->AL,NI-->AL,NI-->AL,NI-->AL,NI-->AL,NI-->AL,NI-->AL,NI-->AL,NI-->AL,NI-->AL,NI-->AL,NI-->AL
DZ,DZA,Algeria,Algiers,Africa,Northern Africa,,DZ-->NI,DZ-->NI,DZ-->NI,DZ-->NI,DZ-->NI,DZ-->NI,DZ-->NI,DZ-->NI,DZ-->NI,DZ-->NI,DZ-->NI,DZ-->NI,DZ-->NI,DZ-->NI,DZ-->NI,DZ-->NI,DZ-->NI,DZ-->NI,DZ-->NI,,,,,,,,,,,,,,,,,NI-->DZ,NI-->DZ,NI-->DZ,NI-->DZ,NI-->DZ,NI-->DZ,NI-->DZ,NI-->DZ,NI-->DZ,NI-->DZ,NI-->DZ,NI-->DZ,NI-->DZ,NI-->DZ,NI-->DZ,NI-->DZ,NI-->DZ,NI-->DZ,NI-->DZ
AS,ASM,American Samoa,Pago Pago,Oceania,Polynesia,,AS-->NI,AS-->NI,AS-->NI,AS-->NI,AS-->NI,AS-->NI,AS-->NI,AS-->NI,AS-->NI,AS-->NI,AS-->NI,AS-->NI,AS-->NI,AS-->NI,AS-->NI,AS-->NI,AS-->NI,AS-->NI,AS-->NI,,,,,,,,,,,,,,,,,NI-->AS,NI-->AS,NI-->AS,NI-->AS,NI-->AS,NI-->AS,NI-->AS,NI-->AS,NI-->AS,NI-->AS,NI-->AS,NI-->AS,NI-->AS,NI-->AS,NI-->AS,NI-->AS,NI-->AS,NI-->AS,NI-->AS
AD,AND,Andorra,Andorra la Vella,Europe,Southern Europe,,AD-->NI,AD-->NI,AD-->NI,AD-->NI,AD-->NI,AD-->NI,AD-->NI,AD-->NI,AD-->NI,AD-->NI,AD-->NI,AD-->NI,AD-->NI,AD-->NI,AD-->NI,AD-->NI,AD-->NI,AD-->NI,AD-->NI,,,,,,,,,,,,,,,,,NI-->AD,NI-->AD,NI-->AD,NI-->AD,NI-->AD,NI-->AD,NI-->AD,NI-->AD,NI-->AD,NI-->AD,NI-->AD,NI-->AD,NI-->AD,NI-->AD,NI-->AD,NI-->AD,NI-->AD,NI-->AD,NI-->AD
AO,AGO,Angola,Luanda,Africa,Middle Africa,,AO-->NI,AO-->NI,AO-->NI,AO-->NI,AO-->NI,AO-->NI,AO-->NI,AO-->NI,AO-->NI,AO-->NI,AO-->NI,AO-->NI,AO-->NI,AO-->NI,AO-->NI,AO-->NI,AO-->NI,AO-->NI,AO-->NI,,,,,,,,,,,,,,,,,NI-->AO,NI-->AO,NI-->AO,NI-->AO,NI-->AO,NI-->AO,NI-->AO,NI-->AO,NI-->AO,NI-->AO,NI-->AO,NI-->AO,NI-->AO,NI-->AO,NI-->AO,NI-->AO,NI-->AO,NI-->AO,NI-->AO
AI,AIA,Anguilla,The Valley,Americas,Caribbean,,AI-->NI,AI-->NI,AI-->NI,AI-->NI,AI-->NI,AI-->NI,AI-->NI,AI-->NI,AI-->NI,AI-->NI,AI-->NI,AI-->NI,AI-->NI,AI-->NI,AI-->NI,AI-->NI,AI-->NI,AI-->NI,AI-->NI,,,,,,,,,,,,,,,,,NI-->AI,NI-->AI,NI-->AI,NI-->AI,NI-->AI,NI-->AI,NI-->AI,NI-->AI,NI-->AI,NI-->AI,NI-->AI,NI-->AI,NI-->AI,NI-->AI,NI-->AI,NI-->AI,NI-->AI,NI-->AI,NI-->AI
AQ,ATA,Antarctica,,Polar,,,AQ-->NI,AQ-->NI,AQ-->NI,AQ-->NI,AQ-->NI,AQ-->NI,AQ-->NI,AQ-->NI,AQ-->NI,AQ-->NI,AQ-->NI,AQ-->NI,AQ-->NI,AQ-->NI,AQ-->NI,AQ-->NI,AQ-->NI,AQ-->NI,AQ-->NI,,,,,,,,,,,,,,,,,NI-->AQ,NI-->AQ,NI-->AQ,NI-->AQ,NI-->AQ,NI-->AQ,NI-->AQ,NI-->AQ,NI-->AQ,NI-->AQ,NI-->AQ,NI-->AQ,NI-->AQ,NI-->AQ,NI-->AQ,NI-->AQ,NI-->AQ,NI-->AQ,NI-->AQ
AG,ATG,Antigua and Barbuda,Saint John's,Americas,Caribbean,,AG-->NI,AG-->NI,AG-->NI,AG-->NI,AG-->NI,AG-->NI,AG-->NI,AG-->NI,AG-->NI,AG-->NI,AG-->NI,AG-->NI,AG-->NI,AG-->NI,AG-->NI,AG-->NI,AG-->NI,AG-->NI,AG-->NI,,,,,,,,,,,,,,,,,NI-->AG,NI-->AG,NI-->AG,NI-->AG,NI-->AG,NI-->AG,NI-->AG,NI-->AG,NI-->AG,NI-->AG,NI-->AG,NI-->AG,NI-->AG,NI-->AG,NI-->AG,NI-->AG,NI-->AG,NI-->AG,NI-->AG
AR,ARG,Argentina,Buenos Aires,Americas,South America,,AR-->NI,AR-->NI,AR-->NI,AR-->NI,AR-->NI,AR-->NI,AR-->NI,AR-->NI,AR-->NI,AR-->NI,AR-->NI,AR-->NI,AR-->NI,AR-->NI,AR-->NI,AR-->NI,AR-->NI,AR-->NI,AR-->NI,,,,,,,,,,,,,,,,,NI-->AR,NI-->AR,NI-->AR,NI-->AR,NI-->AR,NI-->AR,NI-->AR,NI-->AR,NI-->AR,NI-->AR,NI-->AR,NI-->AR,NI-->AR,NI-->AR,NI-->AR,NI-->AR,NI-->AR,NI-->AR,NI-->AR
AM,ARM,Armenia,Yerevan,Asia,Western Asia,,AM-->NI,AM-->NI,AM-->NI,AM-->NI,AM-->NI,AM-->NI,AM-->NI,AM-->NI,AM-->NI,AM-->NI,AM-->NI,AM-->NI,AM-->NI,AM-->NI,AM-->NI,AM-->NI,AM-->NI,AM-->NI,AM-->NI,,,,,,,,,,,,,,,,,NI-->AM,NI-->AM,NI-->AM,NI-->AM,NI-->AM,NI-->AM,NI-->AM,NI-->AM,NI-->AM,NI-->AM,NI-->AM,NI-->AM,NI-->AM,NI-->AM,NI-->AM,NI-->AM,NI-->AM,NI-->AM,NI-->AM
AW,ABW,Aruba,Oranjestad,Americas,Caribbean,,AW-->NI,AW-->NI,AW-->NI,AW-->NI,AW-->NI,AW-->NI,AW-->NI,AW-->NI,AW-->NI,AW-->NI,AW-->NI,AW-->NI,AW-->NI,AW-->NI,AW-->NI,AW-->NI,AW-->NI,AW-->NI,AW-->NI,,,,,,,,,,,,,,,,,NI-->AW,NI-->AW,NI-->AW,NI-->AW,NI-->AW,NI-->AW,NI-->AW,NI-->AW,NI-->AW,NI-->AW,NI-->AW,NI-->AW,NI-->AW,NI-->AW,NI-->AW,NI-->AW,NI-->AW,NI-->AW,NI-->AW
AU,AUS,Australia,Canberra,Oceania,Australia and New Zealand,,AU-->NI,AU-->NI,AU-->NI,AU-->NI,AU-->NI,AU-->NI,AU-->NI,AU-->NI,AU-->NI,AU-->NI,AU-->NI,AU-->NI,AU-->NI,AU-->NI,AU-->NI,AU-->NI,AU-->NI,AU-->NI,AU-->NI,,,,,,,,,,,,,,,,,NI-->AU,NI-->AU,NI-->AU,NI-->AU,NI-->AU,NI-->AU,NI-->AU,NI-->AU,NI-->AU,NI-->AU,NI-->AU,NI-->AU,NI-->AU,NI-->AU,NI-->AU,NI-->AU,NI-->AU,NI-->AU,NI-->AU
AT,AUT,Austria,Vienna,Europe,Western Europe,,AT-->NI,AT-->NI,AT-->NI,AT-->NI,AT-->NI,AT-->NI,AT-->NI,AT-->NI,AT-->NI,AT-->NI,AT-->NI,AT-->NI,AT-->NI,AT-->NI,AT-->NI,AT-->NI,AT-->NI,AT-->NI,AT-->NI,,,,,,,,,,,,,,,,,NI-->AT,NI-->AT,NI-->AT,NI-->AT,NI-->AT,NI-->AT,NI-->AT,NI-->AT,NI-->AT,NI-->AT,NI-->AT,NI-->AT,NI-->AT,NI-->AT,NI-->AT,NI-->AT,NI-->AT,NI-->AT,NI-->AT
AZ,AZE,Azerbaijan,Baku,Asia,Western Asia,,AZ-->NI,AZ-->NI,AZ-->NI,AZ-->NI,AZ-->NI,AZ-->NI,AZ-->NI,AZ-->NI,AZ-->NI,AZ-->NI,AZ-->NI,AZ-->NI,AZ-->NI,AZ-->NI,AZ-->NI,AZ-->NI,AZ-->NI,AZ-->NI,AZ-->NI,,,,,,,,,,,,,,,,,NI-->AZ,NI-->AZ,NI-->AZ,NI-->AZ,NI-->AZ,NI-->AZ,NI-->AZ,NI-->AZ,NI-->AZ,NI-->AZ,NI-->AZ,NI-->AZ,NI-->AZ,NI-->AZ,NI-->AZ,NI-->AZ,NI-->AZ,NI-->AZ,NI-->AZ
BS,BHS,The Bahamas,Nassau,Americas,Caribbean,,BS-->NI,BS-->NI,BS-->NI,BS-->NI,BS-->NI,BS-->NI,BS-->NI,BS-->NI,BS-->NI,BS-->NI,BS-->NI,BS-->NI,BS-->NI,BS-->NI,BS-->NI,BS-->NI,BS-->NI,BS-->NI,BS-->NI,,,,,,,,,,,,,,,,,NI-->BS,NI-->BS,NI-->BS,NI-->BS,NI-->BS,NI-->BS,NI-->BS,NI-->BS,NI-->BS,NI-->BS,NI-->BS,NI-->BS,NI-->BS,NI-->BS,NI-->BS,NI-->BS,NI-->BS,NI-->BS,NI-->BS
BH,BHR,Bahrain,Manama,Asia,Western Asia,,BH-->NI,BH-->NI,BH-->NI,BH-->NI,BH-->NI,BH-->NI,BH-->NI,BH-->NI,BH-->NI,BH-->NI,BH-->NI,BH-->NI,BH-->NI,BH-->NI,BH-->NI,BH-->NI,BH-->NI,BH-->NI,BH-->NI,,,,,,,,,,,,,,,,,NI-->BH,NI-->BH,NI-->BH,NI-->BH,NI-->BH,NI-->BH,NI-->BH,NI-->BH,NI-->BH,NI-->BH,NI-->BH,NI-->BH,NI-->BH,NI-->BH,NI-->BH,NI-->BH,NI-->BH,NI-->BH,NI-->BH
BD,BGD,Bangladesh,Dhaka,Asia,Southern Asia,,BD-->NI,BD-->NI,BD-->NI,BD-->NI,BD-->NI,BD-->NI,BD-->NI,BD-->NI,BD-->NI,BD-->NI,BD-->NI,BD-->NI,BD-->NI,BD-->NI,BD-->NI,BD-->NI,BD-->NI,BD-->NI,BD-->NI,,,,,,,,,,,,,,,,,NI-->BD,NI-->BD,NI-->BD,NI-->BD,NI-->BD,NI-->BD,NI-->BD,NI-->BD,NI-->BD,NI-->BD,NI-->BD,NI-->BD,NI-->BD,NI-->BD,NI-->BD,NI-->BD,NI-->BD,NI-->BD,NI-->BD
BB,BRB,Barbados,Bridgetown,Americas,Caribbean,,BB-->NI,BB-->NI,BB-->NI,BB-->NI,BB-->NI,BB-->NI,BB-->NI,BB-->NI,BB-->NI,BB-->NI,BB-->NI,BB-->NI,BB-->NI,BB-->NI,BB-->NI,BB-->NI,BB-->NI,BB-->NI,BB-->NI,,,,,,,,,,,,,,,,,NI-->BB,NI-->BB,NI-->BB,NI-->BB,NI-->BB,NI-->BB,NI-->BB,NI-->BB,NI-->BB,NI-->BB,NI-->BB,NI-->BB,NI-->BB,NI-->BB,NI-->BB,NI-->BB,NI-->BB,NI-->BB,NI-->BB
BY,BLR,Belarus,Minsk,Europe,Eastern Europe,,BY-->NI,BY-->NI,BY-->NI,BY-->NI,BY-->NI,BY-->NI,BY-->NI,BY-->NI,BY-->NI,BY-->NI,BY-->NI,BY-->NI,BY-->NI,BY-->NI,BY-->NI,BY-->NI,BY-->NI,BY-->NI,BY-->NI,,,,,,,,,,,,,,,,,NI-->BY,NI-->BY,NI-->BY,NI-->BY,NI-->BY,NI-->BY,NI-->BY,NI-->BY,NI-->BY,NI-->BY,NI-->BY,NI-->BY,NI-->BY,NI-->BY,NI-->BY,NI-->BY,NI-->BY,NI-->BY,NI-->BY
BE,BEL,Belgium,Brussels,Europe,Western Europe,,BE-->NI,BE-->NI,BE-->NI,BE-->NI,BE-->NI,BE-->NI,BE-->NI,BE-->NI,BE-->NI,BE-->NI,BE-->NI,BE-->NI,BE-->NI,BE-->NI,BE-->NI,BE-->NI,BE-->NI,BE-->NI,BE-->NI,,,,,,,,,,,,,,,,,NI-->BE,NI-->BE,NI-->BE,NI-->BE,NI-->BE,NI-->BE,NI-->BE,NI-->BE,NI-->BE,NI-->BE,NI-->BE,NI-->BE,NI-->BE,NI-->BE,NI-->BE,NI-->BE,NI-->BE,NI-->BE,NI-->BE
BZ,BLZ,Belize,Belmopan,Americas,Central America,,BZ-->NI,BZ-->NI,BZ-->NI,BZ-->NI,BZ-->NI,BZ-->NI,BZ-->NI,BZ-->NI,BZ-->NI,BZ-->NI,BZ-->NI,BZ-->NI,BZ-->NI,BZ-->NI,BZ-->NI,BZ-->NI,BZ-->NI,BZ-->NI,BZ-->NI,,,,,,,,,,,,,,,,,NI-->BZ,NI-->BZ,NI-->BZ,NI-->BZ,NI-->BZ,NI-->BZ,NI-->BZ,NI-->BZ,NI-->BZ,NI-->BZ,NI-->BZ,NI-->BZ,NI-->BZ,NI-->BZ,NI-->BZ,NI-->BZ,NI-->BZ,NI-->BZ,NI-->BZ
BJ,BEN,Benin,Porto-Novo,Africa,Western Africa,,BJ-->NI,BJ-->NI,BJ-->NI,BJ-->NI,BJ-->NI,BJ-->NI,BJ-->NI,BJ-->NI,BJ-->NI,BJ-->NI,BJ-->NI,BJ-->NI,BJ-->NI,BJ-->NI,BJ-->NI,BJ-->NI,BJ-->NI,BJ-->NI,BJ-->NI,,,,,,,,,,,,,,,,,NI-->BJ,NI-->BJ,NI-->BJ,NI-->BJ,NI-->BJ,NI-->BJ,NI-->BJ,NI-->BJ,NI-->BJ,NI-->BJ,NI-->BJ,NI-->BJ,NI-->BJ,NI-->BJ,NI-->BJ,NI-->BJ,NI-->BJ,NI-->BJ,NI-->BJ
BM,BMU,Bermuda,Hamilton,Americas,Northern America,,BM-->NI,BM-->NI,BM-->NI,BM-->NI,BM-->NI,BM-->NI,BM-->NI,BM-->NI,BM-->NI,BM-->NI,BM-->NI,BM-->NI,BM-->NI,BM-->NI,BM-->NI,BM-->NI,BM-->NI,BM-->NI,BM-->NI,,,,,,,,,,,,,,,,,NI-->BM,NI-->BM,NI-->BM,NI-->BM,NI-->BM,NI-->BM,NI-->BM,NI-->BM,NI-->BM,NI-->BM,NI-->BM,NI-->BM,NI-->BM,NI-->BM,NI-->BM,NI-->BM,NI-->BM,NI-->BM,NI-->BM
BT,BTN,Bhutan,Thimphu,Asia,Southern Asia,,BT-->NI,BT-->NI,BT-->NI,BT-->NI,BT-->NI,BT-->NI,BT-->NI,BT-->NI,BT-->NI,BT-->NI,BT-->NI,BT-->NI,BT-->NI,BT-->NI,BT-->NI,BT-->NI,BT-->NI,BT-->NI,BT-->NI,,,,,,,,,,,,,,,,,NI-->BT,NI-->BT,NI-->BT,NI-->BT,NI-->BT,NI-->BT,NI-->BT,NI-->BT,NI-->BT,NI-->BT,NI-->BT,NI-->BT,NI-->BT,NI-->BT,NI-->BT,NI-->BT,NI-->BT,NI-->BT,NI-->BT
BO,BOL,Bolivia,Sucre,Americas,South America,,BO-->NI,BO-->NI,BO-->NI,BO-->NI,BO-->NI,BO-->NI,BO-->NI,BO-->NI,BO-->NI,BO-->NI,BO-->NI,BO-->NI,BO-->NI,BO-->NI,BO-->NI,BO-->NI,BO-->NI,BO-->NI,BO-->NI,,,,,,,,,,,,,,,,,NI-->BO,NI-->BO,NI-->BO,NI-->BO,NI-->BO,NI-->BO,NI-->BO,NI-->BO,NI-->BO,NI-->BO,NI-->BO,NI-->BO,NI-->BO,NI-->BO,NI-->BO,NI-->BO,NI-->BO,NI-->BO,NI-->BO
BQ,BES,Bonaire,Kralendijk,Americas,Caribbean,,BQ-->NI,BQ-->NI,BQ-->NI,BQ-->NI,BQ-->NI,BQ-->NI,BQ-->NI,BQ-->NI,BQ-->NI,BQ-->NI,BQ-->NI,BQ-->NI,BQ-->NI,BQ-->NI,BQ-->NI,BQ-->NI,BQ-->NI,BQ-->NI,BQ-->NI,,,,,,,,,,,,,,,,,NI-->BQ,NI-->BQ,NI-->BQ,NI-->BQ,NI-->BQ,NI-->BQ,NI-->BQ,NI-->BQ,NI-->BQ,NI-->BQ,NI-->BQ,NI-->BQ,NI-->BQ,NI-->BQ,NI-->BQ,NI-->BQ,NI-->BQ,NI-->BQ,NI-->BQ
BA,BIH,Bosnia and Herzegovina,Sarajevo,Europe,Southern Europe,,BA-->NI,BA-->NI,BA-->NI,BA-->NI,BA-->NI,BA-->NI,BA-->NI,BA-->NI,BA-->NI,BA-->NI,BA-->NI,BA-->NI,BA-->NI,BA-->NI,BA-->NI,BA-->NI,BA-->NI,BA-->NI,BA-->NI,,,,,,,,,,,,,,,,,NI-->BA,NI-->BA,NI-->BA,NI-->BA,NI-->BA,NI-->BA,NI-->BA,NI-->BA,NI-->BA,NI-->BA,NI-->BA,NI-->BA,NI-->BA,NI-->BA,NI-->BA,NI-->BA,NI-->BA,NI-->BA,NI-->BA
BW,BWA,Botswana,Gaborone,Africa,Southern Africa,,BW-->NI,BW-->NI,BW-->NI,BW-->NI,BW-->NI,BW-->NI,BW-->NI,BW-->NI,BW-->NI,BW-->NI,BW-->NI,BW-->NI,BW-->NI,BW-->NI,BW-->NI,BW-->NI,BW-->NI,BW-->NI,BW-->NI,,,,,,,,,,,,,,,,,NI-->BW,NI-->BW,NI-->BW,NI-->BW,NI-->BW,NI-->BW,NI-->BW,NI-->BW,NI-->BW,NI-->BW,NI-->BW,NI-->BW,NI-->BW,NI-->BW,NI-->BW,NI-->BW,NI-->BW,NI-->BW,NI-->BW
BV,BVT,Bouvet Island,,,,,BV-->NI,BV-->NI,BV-->NI,BV-->NI,BV-->NI,BV-->NI,BV-->NI,BV-->NI,BV-->NI,BV-->NI,BV-->NI,BV-->NI,BV-->NI,BV-->NI,BV-->NI,BV-->NI,BV-->NI,BV-->NI,BV-->NI,,,,,,,,,,,,,,,,,NI-->BV,NI-->BV,NI-->BV,NI-->BV,NI-->BV,NI-->BV,NI-->BV,NI-->BV,NI-->BV,NI-->BV,NI-->BV,NI-->BV,NI-->BV,NI-->BV,NI-->BV,NI-->BV,NI-->BV,NI-->BV,NI-->BV
BR,BRA,Brazil,Brasília,Americas,South America,,BR-->NI,BR-->NI,BR-->NI,BR-->NI,BR-->NI,BR-->NI,BR-->NI,BR-->NI,BR-->NI,BR-->NI,BR-->NI,BR-->NI,BR-->NI,BR-->NI,BR-->NI,BR-->NI,BR-->NI,BR-->NI,BR-->NI,,,,,,,,,,,,,,,,,NI-->BR,NI-->BR,NI-->BR,NI-->BR,NI-->BR,NI-->BR,NI-->BR,NI-->BR,NI-->BR,NI-->BR,NI-->BR,NI-->BR,NI-->BR,NI-->BR,NI-->BR,NI-->BR,NI-->BR,NI-->BR,NI-->BR
IO,IOT,British Indian Ocean Territory,Diego Garcia,Africa,Eastern Africa,,IO-->NI,IO-->NI,IO-->NI,IO-->NI,IO-->NI,IO-->NI,IO-->NI,IO-->NI,IO-->NI,IO-->NI,IO-->NI,IO-->NI,IO-->NI,IO-->NI,IO-->NI,IO-->NI,IO-->NI,IO-->NI,IO-->NI,,,,,,,,,,,,,,,,,NI-->IO,NI-->IO,NI-->IO,NI-->IO,NI-->IO,NI-->IO,NI-->IO,NI-->IO,NI-->IO,NI-->IO,NI-->IO,NI-->IO,NI-->IO,NI-->IO,NI-->IO,NI-->IO,NI-->IO,NI-->IO,NI-->IO
UM,UMI,United States Minor Outlying Islands,,Americas,Northern America,,UM-->NI,UM-->NI,UM-->NI,UM-->NI,UM-->NI,UM-->NI,UM-->NI,UM-->NI,UM-->NI,UM-->NI,UM-->NI,UM-->NI,UM-->NI,UM-->NI,UM-->NI,UM-->NI,UM-->NI,UM-->NI,UM-->NI,,,,,,,,,,,,,,,,,NI-->UM,NI-->UM,NI-->UM,NI-->UM,NI-->UM,NI-->UM,NI-->UM,NI-->UM,NI-->UM,NI-->UM,NI-->UM,NI-->UM,NI-->UM,NI-->UM,NI-->UM,NI-->UM,NI-->UM,NI-->UM,NI-->UM
VG,VGB,Virgin Islands (British),Road Town,Americas,Caribbean,,VG-->NI,VG-->NI,VG-->NI,VG-->NI,VG-->NI,VG-->NI,VG-->NI,VG-->NI,VG-->NI,VG-->NI,VG-->NI,VG-->NI,VG-->NI,VG-->NI,VG-->NI,VG-->NI,VG-->NI,VG-->NI,VG-->NI,,,,,,,,,,,,,,,,,NI-->VG,NI-->VG,NI-->VG,NI-->VG,NI-->VG,NI-->VG,NI-->VG,NI-->VG,NI-->VG,NI-->VG,NI-->VG,NI-->VG,NI-->VG,NI-->VG,NI-->VG,NI-->VG,NI-->VG,NI-->VG,NI-->VG
VI,VIR,Virgin Islands (U.S.),Charlotte Amalie,Americas,Caribbean,,VI-->NI,VI-->NI,VI-->NI,VI-->NI,VI-->NI,VI-->NI,VI-->NI,VI-->NI,VI-->NI,VI-->NI,VI-->NI,VI-->NI,VI-->NI,VI-->NI,VI-->NI,VI-->NI,VI-->NI,VI-->NI,VI-->NI,,,,,,,,,,,,,,,,,NI-->VI,NI-->VI,NI-->VI,NI-->VI,NI-->VI,NI-->VI,NI-->VI,NI-->VI,NI-->VI,NI-->VI,NI-->VI,NI-->VI,NI-->VI,NI-->VI,NI-->VI,NI-->VI,NI-->VI,NI-->VI,NI-->VI
BN,BRN,Brunei,Bandar Seri Begawan,Asia,South-Eastern Asia,,BN-->NI,BN-->NI,BN-->NI,BN-->NI,BN-->NI,BN-->NI,BN-->NI,BN-->NI,BN-->NI,BN-->NI,BN-->NI,BN-->NI,BN-->NI,BN-->NI,BN-->NI,BN-->NI,BN-->NI,BN-->NI,BN-->NI,,,,,,,,,,,,,,,,,NI-->BN,NI-->BN,NI-->BN,NI-->BN,NI-->BN,NI-->BN,NI-->BN,NI-->BN,NI-->BN,NI-->BN,NI-->BN,NI-->BN,NI-->BN,NI-->BN,NI-->BN,NI-->BN,NI-->BN,NI-->BN,NI-->BN
BG,BGR,Bulgaria,Sofia,Europe,Eastern Europe,,BG-->NI,BG-->NI,BG-->NI,BG-->NI,BG-->NI,BG-->NI,BG-->NI,BG-->NI,BG-->NI,BG-->NI,BG-->NI,BG-->NI,BG-->NI,BG-->NI,BG-->NI,BG-->NI,BG-->NI,BG-->NI,BG-->NI,,,,,,,,,,,,,,,,,NI-->BG,NI-->BG,NI-->BG,NI-->BG,NI-->BG,NI-->BG,NI-->BG,NI-->BG,NI-->BG,NI-->BG,NI-->BG,NI-->BG,NI-->BG,NI-->BG,NI-->BG,NI-->BG,NI-->BG,NI-->BG,NI-->BG
BF,BFA,Burkina Faso,Ouagadougou,Africa,Western Africa,,BF-->NI,BF-->NI,BF-->NI,BF-->NI,BF-->NI,BF-->NI,BF-->NI,BF-->NI,BF-->NI,BF-->NI,BF-->NI,BF-->NI,BF-->NI,BF-->NI,BF-->NI,BF-->NI,BF-->NI,BF-->NI,BF-->NI,,,,,,,,,,,,,,,,,NI-->BF,NI-->BF,NI-->BF,NI-->BF,NI-->BF,NI-->BF,NI-->BF,NI-->BF,NI-->BF,NI-->BF,NI-->BF,NI-->BF,NI-->BF,NI-->BF,NI-->BF,NI-->BF,NI-->BF,NI-->BF,NI-->BF
BI,BDI,Burundi,Bujumbura,Africa,Eastern Africa,,BI-->NI,BI-->NI,BI-->NI,BI-->NI,BI-->NI,BI-->NI,BI-->NI,BI-->NI,BI-->NI,BI-->NI,BI-->NI,BI-->NI,BI-->NI,BI-->NI,BI-->NI,BI-->NI,BI-->NI,BI-->NI,BI-->NI,,,,,,,,,,,,,,,,,NI-->BI,NI-->BI,NI-->BI,NI-->BI,NI-->BI,NI-->BI,NI-->BI,NI-->BI,NI-->BI,NI-->BI,NI-->BI,NI-->BI,NI-->BI,NI-->BI,NI-->BI,NI-->BI,NI-->BI,NI-->BI,NI-->BI
KH,KHM,Cambodia,Phnom Penh,Asia,South-Eastern Asia,,KH-->NI,KH-->NI,KH-->NI,KH-->NI,KH-->NI,KH-->NI,KH-->NI,KH-->NI,KH-->NI,KH-->NI,KH-->NI,KH-->NI,KH-->NI,KH-->NI,KH-->NI,KH-->NI,KH-->NI,KH-->NI,KH-->NI,,,,,,,,,,,,,,,,,NI-->KH,NI-->KH,NI-->KH,NI-->KH,NI-->KH,NI-->KH,NI-->KH,NI-->KH,NI-->KH,NI-->KH,NI-->KH,NI-->KH,NI-->KH,NI-->KH,NI-->KH,NI-->KH,NI-->KH,NI-->KH,NI-->KH
CM,CMR,Cameroon,Yaoundé,Africa,Middle Africa,,CM-->NI,CM-->NI,CM-->NI,CM-->NI,CM-->NI,CM-->NI,CM-->NI,CM-->NI,CM-->NI,CM-->NI,CM-->NI,CM-->NI,CM-->NI,CM-->NI,CM-->NI,CM-->NI,CM-->NI,CM-->NI,CM-->NI,,,,,,,,,,,,,,,,,NI-->CM,NI-->CM,NI-->CM,NI-->CM,NI-->CM,NI-->CM,NI-->CM,NI-->CM,NI-->CM,NI-->CM,NI-->CM,NI-->CM,NI-->CM,NI-->CM,NI-->CM,NI-->CM,NI-->CM,NI-->CM,NI-->CM
CA,CAN,Canada,Ottawa,Americas,Northern America,,CA-->NI,CA-->NI,CA-->NI,CA-->NI,CA-->NI,CA-->NI,CA-->NI,CA-->NI,CA-->NI,CA-->NI,CA-->NI,CA-->NI,CA-->NI,CA-->NI,CA-->NI,CA-->NI,CA-->NI,CA-->NI,CA-->NI,,,,,,,,,,,,,,,,,NI-->CA,NI-->CA,NI-->CA,NI-->CA,NI-->CA,NI-->CA,NI-->CA,NI-->CA,NI-->CA,NI-->CA,NI-->CA,NI-->CA,NI-->CA,NI-->CA,NI-->CA,NI-->CA,NI-->CA,NI-->CA,NI-->CA
CV,CPV,Cape Verde,Praia,Africa,Western Africa,,CV-->NI,CV-->NI,CV-->NI,CV-->NI,CV-->NI,CV-->NI,CV-->NI,CV-->NI,CV-->NI,CV-->NI,CV-->NI,CV-->NI,CV-->NI,CV-->NI,CV-->NI,CV-->NI,CV-->NI,CV-->NI,CV-->NI,,,,,,,,,,,,,,,,,NI-->CV,NI-->CV,NI-->CV,NI-->CV,NI-->CV,NI-->CV,NI-->CV,NI-->CV,NI-->CV,NI-->CV,NI-->CV,NI-->CV,NI-->CV,NI-->CV,NI-->CV,NI-->CV,NI-->CV,NI-->CV,NI-->CV
KY,CYM,Cayman Islands,George Town,Americas,Caribbean,,KY-->NI,KY-->NI,KY-->NI,KY-->NI,KY-->NI,KY-->NI,KY-->NI,KY-->NI,KY-->NI,KY-->NI,KY-->NI,KY-->NI,KY-->NI,KY-->NI,KY-->NI,KY-->NI,KY-->NI,KY-->NI,KY-->NI,,,,,,,,,,,,,,,,,NI-->KY,NI-->KY,NI-->KY,NI-->KY,NI-->KY,NI-->KY,NI-->KY,NI-->KY,NI-->KY,NI-->KY,NI-->KY,NI-->KY,NI-->KY,NI-->KY,NI-->KY,NI-->KY,NI-->KY,NI-->KY,NI-->KY
CF,CAF,Central African Republic,Bangui,Africa,Middle Africa,,CF-->NI,CF-->NI,CF-->NI,CF-->NI,CF-->NI,CF-->NI,CF-->NI,CF-->NI,CF-->NI,CF-->NI,CF-->NI,CF-->NI,CF-->NI,CF-->NI,CF-->NI,CF-->NI,CF-->NI,CF-->NI,CF-->NI,,,,,,,,,,,,,,,,,NI-->CF,NI-->CF,NI-->CF,NI-->CF,NI-->CF,NI-->CF,NI-->CF,NI-->CF,NI-->CF,NI-->CF,NI-->CF,NI-->CF,NI-->CF,NI-->CF,NI-->CF,NI-->CF,NI-->CF,NI-->CF,NI-->CF
TD,TCD,Chad,N'Djamena,Africa,Middle Africa,,TD-->NI,TD-->NI,TD-->NI,TD-->NI,TD-->NI,TD-->NI,TD-->NI,TD-->NI,TD-->NI,TD-->NI,TD-->NI,TD-->NI,TD-->NI,TD-->NI,TD-->NI,TD-->NI,TD-->NI,TD-->NI,TD-->NI,,,,,,,,,,,,,,,,,NI-->TD,NI-->TD,NI-->TD,NI-->TD,NI-->TD,NI-->TD,NI-->TD,NI-->TD,NI-->TD,NI-->TD,NI-->TD,NI-->TD,NI-->TD,NI-->TD,NI-->TD,NI-->TD,NI-->TD,NI-->TD,NI-->TD
CL,CHL,Chile,Santiago,Americas,South America,,CL-->NI,CL-->NI,CL-->NI,CL-->NI,CL-->NI,CL-->NI,CL-->NI,CL-->NI,CL-->NI,CL-->NI,CL-->NI,CL-->NI,CL-->NI,CL-->NI,CL-->NI,CL-->NI,CL-->NI,CL-->NI,CL-->NI,,,,,,,,,,,,,,,,,NI-->CL,NI-->CL,NI-->CL,NI-->CL,NI-->CL,NI-->CL,NI-->CL,NI-->CL,NI-->CL,NI-->CL,NI-->CL,NI-->CL,NI-->CL,NI-->CL,NI-->CL,NI-->CL,NI-->CL,NI-->CL,NI-->CL
CN,CHN,China,Beijing,Asia,Eastern Asia,,CN-->NI,CN-->NI,CN-->NI,CN-->NI,CN-->NI,CN-->NI,CN-->NI,CN-->NI,CN-->NI,CN-->NI,CN-->NI,CN-->NI,CN-->NI,CN-->NI,CN-->NI,CN-->NI,CN-->NI,CN-->NI,CN-->NI,,,,,,,,,,,,,,,,,NI-->CN,NI-->CN,NI-->CN,NI-->CN,NI-->CN,NI-->CN,NI-->CN,NI-->CN,NI-->CN,NI-->CN,NI-->CN,NI-->CN,NI-->CN,NI-->CN,NI-->CN,NI-->CN,NI-->CN,NI-->CN,NI-->CN
CX,CXR,Christmas Island,Flying Fish Cove,Oceania,Australia and New Zealand,,CX-->NI,CX-->NI,CX-->NI,CX-->NI,CX-->NI,CX-->NI,CX-->NI,CX-->NI,CX-->NI,CX-->NI,CX-->NI,CX-->NI,CX-->NI,CX-->NI,CX-->NI,CX-->NI,CX-->NI,CX-->NI,CX-->NI,,,,,,,,,,,,,,,,,NI-->CX,NI-->CX,NI-->CX,NI-->CX,NI-->CX,NI-->CX,NI-->CX,NI-->CX,NI-->CX,NI-->CX,NI-->CX,NI-->CX,NI-->CX,NI-->CX,NI-->CX,NI-->CX,NI-->CX,NI-->CX,NI-->CX
CC,CCK,Cocos (Keeling) Islands,West Island,Oceania,Australia and New Zealand,,CC-->NI,CC-->NI,CC-->NI,CC-->NI,CC-->NI,CC-->NI,CC-->NI,CC-->NI,CC-->NI,CC-->NI,CC-->NI,CC-->NI,CC-->NI,CC-->NI,CC-->NI,CC-->NI,CC-->NI,CC-->NI,CC-->NI,,,,,,,,,,,,,,,,,NI-->CC,NI-->CC,NI-->CC,NI-->CC,NI-->CC,NI-->CC,NI-->CC,NI-->CC,NI-->CC,NI-->CC,NI-->CC,NI-->CC,NI-->CC,NI-->CC,NI-->CC,NI-->CC,NI-->CC,NI-->CC,NI-->CC
CO,COL,Colombia,Bogotá,Americas,South America,,CO-->NI,CO-->NI,CO-->NI,CO-->NI,CO-->NI,CO-->NI,CO-->NI,CO-->NI,CO-->NI,CO-->NI,CO-->NI,CO-->NI,CO-->NI,CO-->NI,CO-->NI,CO-->NI,CO-->NI,CO-->NI,CO-->NI,,,,,,,,,,,,,,,,,NI-->CO,NI-->CO,NI-->CO,NI-->CO,NI-->CO,NI-->CO,NI-->CO,NI-->CO,NI-->CO,NI-->CO,NI-->CO,NI-->CO,NI-->CO,NI-->CO,NI-->CO,NI-->CO,NI-->CO,NI-->CO,NI-->CO
KM,COM,Comoros,Moroni,Africa,Eastern Africa,,KM-->NI,KM-->NI,KM-->NI,KM-->NI,KM-->NI,KM-->NI,KM-->NI,KM-->NI,KM-->NI,KM-->NI,KM-->NI,KM-->NI,KM-->NI,KM-->NI,KM-->NI,KM-->NI,KM-->NI,KM-->NI,KM-->NI,,,,,,,,,,,,,,,,,NI-->KM,NI-->KM,NI-->KM,NI-->KM,NI-->KM,NI-->KM,NI-->KM,NI-->KM,NI-->KM,NI-->KM,NI-->KM,NI-->KM,NI-->KM,NI-->KM,NI-->KM,NI-->KM,NI-->KM,NI-->KM,NI-->KM
CG,COG,Republic of the Congo,Brazzaville,Africa,Middle Africa,,CG-->NI,CG-->NI,CG-->NI,CG-->NI,CG-->NI,CG-->NI,CG-->NI,CG-->NI,CG-->NI,CG-->NI,CG-->NI,CG-->NI,CG-->NI,CG-->NI,CG-->NI,CG-->NI,CG-->NI,CG-->NI,CG-->NI,,,,,,,,,,,,,,,,,NI-->CG,NI-->CG,NI-->CG,NI-->CG,NI-->CG,NI-->CG,NI-->CG,NI-->CG,NI-->CG,NI-->CG,NI-->CG,NI-->CG,NI-->CG,NI-->CG,NI-->CG,NI-->CG,NI-->CG,NI-->CG,NI-->CG
CD,COD,Democratic Republic of the Congo,Kinshasa,Africa,Middle Africa,,CD-->NI,CD-->NI,CD-->NI,CD-->NI,CD-->NI,CD-->NI,CD-->NI,CD-->NI,CD-->NI,CD-->NI,CD-->NI,CD-->NI,CD-->NI,CD-->NI,CD-->NI,CD-->NI,CD-->NI,CD-->NI,CD-->NI,,,,,,,,,,,,,,,,,NI-->CD,NI-->CD,NI-->CD,NI-->CD,NI-->CD,NI-->CD,NI-->CD,NI-->CD,NI-->CD,NI-->CD,NI-->CD,NI-->CD,NI-->CD,NI-->CD,NI-->CD,NI-->CD,NI-->CD,NI-->CD,NI-->CD
CK,COK,Cook Islands,Avarua,Oceania,Polynesia,,CK-->NI,CK-->NI,CK-->NI,CK-->NI,CK-->NI,CK-->NI,CK-->NI,CK-->NI,CK-->NI,CK-->NI,CK-->NI,CK-->NI,CK-->NI,CK-->NI,CK-->NI,CK-->NI,CK-->NI,CK-->NI,CK-->NI,,,,,,,,,,,,,,,,,NI-->CK,NI-->CK,NI-->CK,NI-->CK,NI-->CK,NI-->CK,NI-->CK,NI-->CK,NI-->CK,NI-->CK,NI-->CK,NI-->CK,NI-->CK,NI-->CK,NI-->CK,NI-->CK,NI-->CK,NI-->CK,NI-->CK
CR,CRI,Costa Rica,San José,Americas,Central America,,CR-->NI,CR-->NI,CR-->NI,CR-->NI,CR-->NI,CR-->NI,CR-->NI,CR-->NI,CR-->NI,CR-->NI,CR-->NI,CR-->NI,CR-->NI,CR-->NI,CR-->NI,CR-->NI,CR-->NI,CR-->NI,CR-->NI,,,,,,,,,,,,,,,,,NI-->CR,NI-->CR,NI-->CR,NI-->CR,NI-->CR,NI-->CR,NI-->CR,NI-->CR,NI-->CR,NI-->CR,NI-->CR,NI-->CR,NI-->CR,NI-->CR,NI-->CR,NI-->CR,NI-->CR,NI-->CR,NI-->CR
HR,HRV,Croatia,Zagreb,Europe,Southern Europe,,HR-->NI,HR-->NI,HR-->NI,HR-->NI,HR-->NI,HR-->NI,HR-->NI,HR-->NI,HR-->NI,HR-->NI,HR-->NI,HR-->NI,HR-->NI,HR-->NI,HR-->NI,HR-->NI,HR-->NI,HR-->NI,HR-->NI,,,,,,,,,,,,,,,,,NI-->HR,NI-->HR,NI-->HR,NI-->HR,NI-->HR,NI-->HR,NI-->HR,NI-->HR,NI-->HR,NI-->HR,NI-->HR,NI-->HR,NI-->HR,NI-->HR,NI-->HR,NI-->HR,NI-->HR,NI-->HR,NI-->HR
CU,CUB,Cuba,Havana,Americas,Caribbean,,CU-->NI,CU-->NI,CU-->NI,CU-->NI,CU-->NI,CU-->NI,CU-->NI,CU-->NI,CU-->NI,CU-->NI,CU-->NI,CU-->NI,CU-->NI,CU-->NI,CU-->NI,CU-->NI,CU-->NI,CU-->NI,CU-->NI,,,,,,,,,,,,,,,,,NI-->CU,NI-->CU,NI-->CU,NI-->CU,NI-->CU,NI-->CU,NI-->CU,NI-->CU,NI-->CU,NI-->CU,NI-->CU,NI-->CU,NI-->CU,NI-->CU,NI-->CU,NI-->CU,NI-->CU,NI-->CU,NI-->CU
CW,CUW,Curaçao,Willemstad,Americas,Caribbean,,CW-->NI,CW-->NI,CW-->NI,CW-->NI,CW-->NI,CW-->NI,CW-->NI,CW-->NI,CW-->NI,CW-->NI,CW-->NI,CW-->NI,CW-->NI,CW-->NI,CW-->NI,CW-->NI,CW-->NI,CW-->NI,CW-->NI,,,,,,,,,,,,,,,,,NI-->CW,NI-->CW,NI-->CW,NI-->CW,NI-->CW,NI-->CW,NI-->CW,NI-->CW,NI-->CW,NI-->CW,NI-->CW,NI-->CW,NI-->CW,NI-->CW,NI-->CW,NI-->CW,NI-->CW,NI-->CW,NI-->CW
CY,CYP,Cyprus,Nicosia,Europe,Southern Europe,,CY-->NI,CY-->NI,CY-->NI,CY-->NI,CY-->NI,CY-->NI,CY-->NI,CY-->NI,CY-->NI,CY-->NI,CY-->NI,CY-->NI,CY-->NI,CY-->NI,CY-->NI,CY-->NI,CY-->NI,CY-->NI,CY-->NI,,,,,,,,,,,,,,,,,NI-->CY,NI-->CY,NI-->CY,NI-->CY,NI-->CY,NI-->CY,NI-->CY,NI-->CY,NI-->CY,NI-->CY,NI-->CY,NI-->CY,NI-->CY,NI-->CY,NI-->CY,NI-->CY,NI-->CY,NI-->CY,NI-->CY
CZ,CZE,Czech Republic,Prague,Europe,Eastern Europe,,CZ-->NI,CZ-->NI,CZ-->NI,CZ-->NI,CZ-->NI,CZ-->NI,CZ-->NI,CZ-->NI,CZ-->NI,CZ-->NI,CZ-->NI,CZ-->NI,CZ-->NI,CZ-->NI,CZ-->NI,CZ-->NI,CZ-->NI,CZ-->NI,CZ-->NI,,,,,,,,,,,,,,,,,NI-->CZ,NI-->CZ,NI-->CZ,NI-->CZ,NI-->CZ,NI-->CZ,NI-->CZ,NI-->CZ,NI-->CZ,NI-->CZ,NI-->CZ,NI-->CZ,NI-->CZ,NI-->CZ,NI-->CZ,NI-->CZ,NI-->CZ,NI-->CZ,NI-->CZ
DK,DNK,Denmark,Copenhagen,Europe,Northern Europe,,DK-->NI,DK-->NI,DK-->NI,DK-->NI,DK-->NI,DK-->NI,DK-->NI,DK-->NI,DK-->NI,DK-->NI,DK-->NI,DK-->NI,DK-->NI,DK-->NI,DK-->NI,DK-->NI,DK-->NI,DK-->NI,DK-->NI,,,,,,,,,,,,,,,,,NI-->DK,NI-->DK,NI-->DK,NI-->DK,NI-->DK,NI-->DK,NI-->DK,NI-->DK,NI-->DK,NI-->DK,NI-->DK,NI-->DK,NI-->DK,NI-->DK,NI-->DK,NI-->DK,NI-->DK,NI-->DK,NI-->DK
DJ,DJI,Djibouti,Djibouti,Africa,Eastern Africa,,DJ-->NI,DJ-->NI,DJ-->NI,DJ-->NI,DJ-->NI,DJ-->NI,DJ-->NI,DJ-->NI,DJ-->NI,DJ-->NI,DJ-->NI,DJ-->NI,DJ-->NI,DJ-->NI,DJ-->NI,DJ-->NI,DJ-->NI,DJ-->NI,DJ-->NI,,,,,,,,,,,,,,,,,NI-->DJ,NI-->DJ,NI-->DJ,NI-->DJ,NI-->DJ,NI-->DJ,NI-->DJ,NI-->DJ,NI-->DJ,NI-->DJ,NI-->DJ,NI-->DJ,NI-->DJ,NI-->DJ,NI-->DJ,NI-->DJ,NI-->DJ,NI-->DJ,NI-->DJ
DM,DMA,Dominica,Roseau,Americas,Caribbean,,DM-->NI,DM-->NI,DM-->NI,DM-->NI,DM-->NI,DM-->NI,DM-->NI,DM-->NI,DM-->NI,DM-->NI,DM-->NI,DM-->NI,DM-->NI,DM-->NI,DM-->NI,DM-->NI,DM-->NI,DM-->NI,DM-->NI,,,,,,,,,,,,,,,,,NI-->DM,NI-->DM,NI-->DM,NI-->DM,NI-->DM,NI-->DM,NI-->DM,NI-->DM,NI-->DM,NI-->DM,NI-->DM,NI-->DM,NI-->DM,NI-->DM,NI-->DM,NI-->DM,NI-->DM,NI-->DM,NI-->DM
DO,DOM,Dominican Republic,Santo Domingo,Americas,Caribbean,,DO-->NI,DO-->NI,DO-->NI,DO-->NI,DO-->NI,DO-->NI,DO-->NI,DO-->NI,DO-->NI,DO-->NI,DO-->NI,DO-->NI,DO-->NI,DO-->NI,DO-->NI,DO-->NI,DO-->NI,DO-->NI,DO-->NI,,,,,,,,,,,,,,,,,NI-->DO,NI-->DO,NI-->DO,NI-->DO,NI-->DO,NI-->DO,NI-->DO,NI-->DO,NI-->DO,NI-->DO,NI-->DO,NI-->DO,NI-->DO,NI-->DO,NI-->DO,NI-->DO,NI-->DO,NI-->DO,NI-->DO
EC,ECU,Ecuador,Quito,Americas,South America,,EC-->NI,EC-->NI,EC-->NI,EC-->NI,EC-->NI,EC-->NI,EC-->NI,EC-->NI,EC-->NI,EC-->NI,EC-->NI,EC-->NI,EC-->NI,EC-->NI,EC-->NI,EC-->NI,EC-->NI,EC-->NI,EC-->NI,,,,,,,,,,,,,,,,,NI-->EC,NI-->EC,NI-->EC,NI-->EC,NI-->EC,NI-->EC,NI-->EC,NI-->EC,NI-->EC,NI-->EC,NI-->EC,NI-->EC,NI-->EC,NI-->EC,NI-->EC,NI-->EC,NI-->EC,NI-->EC,NI-->EC
EG,EGY,Egypt,Cairo,Africa,Northern Africa,,EG-->NI,EG-->NI,EG-->NI,EG-->NI,EG-->NI,EG-->NI,EG-->NI,EG-->NI,EG-->NI,EG-->NI,EG-->NI,EG-->NI,EG-->NI,EG-->NI,EG-->NI,EG-->NI,EG-->NI,EG-->NI,EG-->NI,,,,,,,,,,,,,,,,,NI-->EG,NI-->EG,NI-->EG,NI-->EG,NI-->EG,NI-->EG,NI-->EG,NI-->EG,NI-->EG,NI-->EG,NI-->EG,NI-->EG,NI-->EG,NI-->EG,NI-->EG,NI-->EG,NI-->EG,NI-->EG,NI-->EG
SV,SLV,El Salvador,San Salvador,Americas,Central America,,SV-->NI,SV-->NI,SV-->NI,SV-->NI,SV-->NI,SV-->NI,SV-->NI,SV-->NI,SV-->NI,SV-->NI,SV-->NI,SV-->NI,SV-->NI,SV-->NI,SV-->NI,SV-->NI,SV-->NI,SV-->NI,SV-->NI,,,,,,,,,,,,,,,,,NI-->SV,NI-->SV,NI-->SV,NI-->SV,NI-->SV,NI-->SV,NI-->SV,NI-->SV,NI-->SV,NI-->SV,NI-->SV,NI-->SV,NI-->SV,NI-->SV,NI-->SV,NI-->SV,NI-->SV,NI-->SV,NI-->SV
GQ,GNQ,Equatorial Guinea,Malabo,Africa,Middle Africa,,GQ-->NI,GQ-->NI,GQ-->NI,GQ-->NI,GQ-->NI,GQ-->NI,GQ-->NI,GQ-->NI,GQ-->NI,GQ-->NI,GQ-->NI,GQ-->NI,GQ-->NI,GQ-->NI,GQ-->NI,GQ-->NI,GQ-->NI,GQ-->NI,GQ-->NI,,,,,,,,,,,,,,,,,NI-->GQ,NI-->GQ,NI-->GQ,NI-->GQ,NI-->GQ,NI-->GQ,NI-->GQ,NI-->GQ,NI-->GQ,NI-->GQ,NI-->GQ,NI-->GQ,NI-->GQ,NI-->GQ,NI-->GQ,NI-->GQ,NI-->GQ,NI-->GQ,NI-->GQ
ER,ERI,Eritrea,Asmara,Africa,Eastern Africa,,ER-->NI,ER-->NI,ER-->NI,ER-->NI,ER-->NI,ER-->NI,ER-->NI,ER-->NI,ER-->NI,ER-->NI,ER-->NI,ER-->NI,ER-->NI,ER-->NI,ER-->NI,ER-->NI,ER-->NI,ER-->NI,ER-->NI,,,,,,,,,,,,,,,,,NI-->ER,NI-->ER,NI-->ER,NI-->ER,NI-->ER,NI-->ER,NI-->ER,NI-->ER,NI-->ER,NI-->ER,NI-->ER,NI-->ER,NI-->ER,NI-->ER,NI-->ER,NI-->ER,NI-->ER,NI-->ER,NI-->ER
EE,EST,Estonia,Tallinn,Europe,Northern Europe,,EE-->NI,EE-->NI,EE-->NI,EE-->NI,EE-->NI,EE-->NI,EE-->NI,EE-->NI,EE-->NI,EE-->NI,EE-->NI,EE-->NI,EE-->NI,EE-->NI,EE-->NI,EE-->NI,EE-->NI,EE-->NI,EE-->NI,,,,,,,,,,,,,,,,,NI-->EE,NI-->EE,NI-->EE,NI-->EE,NI-->EE,NI-->EE,NI-->EE,NI-->EE,NI-->EE,NI-->EE,NI-->EE,NI-->EE,NI-->EE,NI-->EE,NI-->EE,NI-->EE,NI-->EE,NI-->EE,NI-->EE
ET,ETH,Ethiopia,Addis Ababa,Africa,Eastern Africa,,ET-->NI,ET-->NI,ET-->NI,ET-->NI,ET-->NI,ET-->NI,ET-->NI,ET-->NI,ET-->NI,ET-->NI,ET-->NI,ET-->NI,ET-->NI,ET-->NI,ET-->NI,ET-->NI,ET-->NI,ET-->NI,ET-->NI,,,,,,,,,,,,,,,,,NI-->ET,NI-->ET,NI-->ET,NI-->ET,NI-->ET,NI-->ET,NI-->ET,NI-->ET,NI-->ET,NI-->ET,NI-->ET,NI-->ET,NI-->ET,NI-->ET,NI-->ET,NI-->ET,NI-->ET,NI-->ET,NI-->ET
FK,FLK,Falkland Islands,Stanley,Americas,South America,,FK-->NI,FK-->NI,FK-->NI,FK-->NI,FK-->NI,FK-->NI,FK-->NI,FK-->NI,FK-->NI,FK-->NI,FK-->NI,FK-->NI,FK-->NI,FK-->NI,FK-->NI,FK-->NI,FK-->NI,FK-->NI,FK-->NI,,,,,,,,,,,,,,,,,NI-->FK,NI-->FK,NI-->FK,NI-->FK,NI-->FK,NI-->FK,NI-->FK,NI-->FK,NI-->FK,NI-->FK,NI-->FK,NI-->FK,NI-->FK,NI-->FK,NI-->FK,NI-->FK,NI-->FK,NI-->FK,NI-->FK
FO,FRO,Faroe Islands,Tórshavn,Europe,Northern Europe,,FO-->NI,FO-->NI,FO-->NI,FO-->NI,FO-->NI,FO-->NI,FO-->NI,FO-->NI,FO-->NI,FO-->NI,FO-->NI,FO-->NI,FO-->NI,FO-->NI,FO-->NI,FO-->NI,FO-->NI,FO-->NI,FO-->NI,,,,,,,,,,,,,,,,,NI-->FO,NI-->FO,NI-->FO,NI-->FO,NI-->FO,NI-->FO,NI-->FO,NI-->FO,NI-->FO,NI-->FO,NI-->FO,NI-->FO,NI-->FO,NI-->FO,NI-->FO,NI-->FO,NI-->FO,NI-->FO,NI-->FO
FJ,FJI,Fiji,Suva,Oceania,Melanesia,,FJ-->NI,FJ-->NI,FJ-->NI,FJ-->NI,FJ-->NI,FJ-->NI,FJ-->NI,FJ-->NI,FJ-->NI,FJ-->NI,FJ-->NI,FJ-->NI,FJ-->NI,FJ-->NI,FJ-->NI,FJ-->NI,FJ-->NI,FJ-->NI,FJ-->NI,,,,,,,,,,,,,,,,,NI-->FJ,NI-->FJ,NI-->FJ,NI-->FJ,NI-->FJ,NI-->FJ,NI-->FJ,NI-->FJ,NI-->FJ,NI-->FJ,NI-->FJ,NI-->FJ,NI-->FJ,NI-->FJ,NI-->FJ,NI-->FJ,NI-->FJ,NI-->FJ,NI-->FJ
FI,FIN,Finland,Helsinki,Europe,Northern Europe,,FI-->NI,FI-->NI,FI-->NI,FI-->NI,FI-->NI,FI-->NI,FI-->NI,FI-->NI,FI-->NI,FI-->NI,FI-->NI,FI-->NI,FI-->NI,FI-->NI,FI-->NI,FI-->NI,FI-->NI,FI-->NI,FI-->NI,,,,,,,,,,,,,,,,,NI-->FI,NI-->FI,NI-->FI,NI-->FI,NI-->FI,NI-->FI,NI-->FI,NI-->FI,NI-->FI,NI-->FI,NI-->FI,NI-->FI,NI-->FI,NI-->FI,NI-->FI,NI-->FI,NI-->FI,NI-->FI,NI-->FI
FR,FRA,France,Paris,Europe,Western Europe,,FR-->NI,FR-->NI,FR-->NI,FR-->NI,FR-->NI,FR-->NI,FR-->NI,FR-->NI,FR-->NI,FR-->NI,FR-->NI,FR-->NI,FR-->NI,FR-->NI,FR-->NI,FR-->NI,FR-->NI,FR-->NI,FR-->NI,,,,,,,,,,,,,,,,,NI-->FR,NI-->FR,NI-->FR,NI-->FR,NI-->FR,NI-->FR,NI-->FR,NI-->FR,NI-->FR,NI-->FR,NI-->FR,NI-->FR,NI-->FR,NI-->FR,NI-->FR,NI-->FR,NI-->FR,NI-->FR,NI-->FR
GF,GUF,French Guiana,Cayenne,Americas,South America,,GF-->NI,GF-->NI,GF-->NI,GF-->NI,GF-->NI,GF-->NI,GF-->NI,GF-->NI,GF-->NI,GF-->NI,GF-->NI,GF-->NI,GF-->NI,GF-->NI,GF-->NI,GF-->NI,GF-->NI,GF-->NI,GF-->NI,,,,,,,,,,,,,,,,,NI-->GF,NI-->GF,NI-->GF,NI-->GF,NI-->GF,NI-->GF,NI-->GF,NI-->GF,NI-->GF,NI-->GF,NI-->GF,NI-->GF,NI-->GF,NI-->GF,NI-->GF,NI-->GF,NI-->GF,NI-->GF,NI-->GF
PF,PYF,French Polynesia,Papeetē,Oceania,Polynesia,,PF-->NI,PF-->NI,PF-->NI,PF-->NI,PF-->NI,PF-->NI,PF-->NI,PF-->NI,PF-->NI,PF-->NI,PF-->NI,PF-->NI,PF-->NI,PF-->NI,PF-->NI,PF-->NI,PF-->NI,PF-->NI,PF-->NI,,,,,,,,,,,,,,,,,NI-->PF,NI-->PF,NI-->PF,NI-->PF,NI-->PF,NI-->PF,NI-->PF,NI-->PF,NI-->PF,NI-->PF,NI-->PF,NI-->PF,NI-->PF,NI-->PF,NI-->PF,NI-->PF,NI-->PF,NI-->PF,NI-->PF
TF,ATF,French Southern and Antarctic Lands,Port-aux-Français,Africa,Southern Africa,,TF-->NI,TF-->NI,TF-->NI,TF-->NI,TF-->NI,TF-->NI,TF-->NI,TF-->NI,TF-->NI,TF-->NI,TF-->NI,TF-->NI,TF-->NI,TF-->NI,TF-->NI,TF-->NI,TF-->NI,TF-->NI,TF-->NI,,,,,,,,,,,,,,,,,NI-->TF,NI-->TF,NI-->TF,NI-->TF,NI-->TF,NI-->TF,NI-->TF,NI-->TF,NI-->TF,NI-->TF,NI-->TF,NI-->TF,NI-->TF,NI-->TF,NI-->TF,NI-->TF,NI-->TF,NI-->TF,NI-->TF
GA,GAB,Gabon,Libreville,Africa,Middle Africa,,GA-->NI,GA-->NI,GA-->NI,GA-->NI,GA-->NI,GA-->NI,GA-->NI,GA-->NI,GA-->NI,GA-->NI,GA-->NI,GA-->NI,GA-->NI,GA-->NI,GA-->NI,GA-->NI,GA-->NI,GA-->NI,GA-->NI,,,,,,,,,,,,,,,,,NI-->GA,NI-->GA,NI-->GA,NI-->GA,NI-->GA,NI-->GA,NI-->GA,NI-->GA,NI-->GA,NI-->GA,NI-->GA,NI-->GA,NI-->GA,NI-->GA,NI-->GA,NI-->GA,NI-->GA,NI-->GA,NI-->GA
GM,GMB,The Gambia,Banjul,Africa,Western Africa,,GM-->NI,GM-->NI,GM-->NI,GM-->NI,GM-->NI,GM-->NI,GM-->NI,GM-->NI,GM-->NI,GM-->NI,GM-->NI,GM-->NI,GM-->NI,GM-->NI,GM-->NI,GM-->NI,GM-->NI,GM-->NI,GM-->NI,,,,,,,,,,,,,,,,,NI-->GM,NI-->GM,NI-->GM,NI-->GM,NI-->GM,NI-->GM,NI-->GM,NI-->GM,NI-->GM,NI-->GM,NI-->GM,NI-->GM,NI-->GM,NI-->GM,NI-->GM,NI-->GM,NI-->GM,NI-->GM,NI-->GM
GE,GEO,Georgia,Tbilisi,Asia,Western Asia,,GE-->NI,GE-->NI,GE-->NI,GE-->NI,GE-->NI,GE-->NI,GE-->NI,GE-->NI,GE-->NI,GE-->NI,GE-->NI,GE-->NI,GE-->NI,GE-->NI,GE-->NI,GE-->NI,GE-->NI,GE-->NI,GE-->NI,,,,,,,,,,,,,,,,,NI-->GE,NI-->GE,NI-->GE,NI-->GE,NI-->GE,NI-->GE,NI-->GE,NI-->GE,NI-->GE,NI-->GE,NI-->GE,NI-->GE,NI-->GE,NI-->GE,NI-->GE,NI-->GE,NI-->GE,NI-->GE,NI-->GE
DE,DEU,Germany,Berlin,Europe,Western Europe,,DE-->NI,DE-->NI,DE-->NI,DE-->NI,DE-->NI,DE-->NI,DE-->NI,DE-->NI,DE-->NI,DE-->NI,DE-->NI,DE-->NI,DE-->NI,DE-->NI,DE-->NI,DE-->NI,DE-->NI,DE-->NI,DE-->NI,,,,,,,,,,,,,,,,,NI-->DE,NI-->DE,NI-->DE,NI-->DE,NI-->DE,NI-->DE,NI-->DE,NI-->DE,NI-->DE,NI-->DE,NI-->DE,NI-->DE,NI-->DE,NI-->DE,NI-->DE,NI-->DE,NI-->DE,NI-->DE,NI-->DE
GH,GHA,Ghana,Accra,Africa,Western Africa,,GH-->NI,GH-->NI,GH-->NI,GH-->NI,GH-->NI,GH-->NI,GH-->NI,GH-->NI,GH-->NI,GH-->NI,GH-->NI,GH-->NI,GH-->NI,GH-->NI,GH-->NI,GH-->NI,GH-->NI,GH-->NI,GH-->NI,,,,,,,,,,,,,,,,,NI-->GH,NI-->GH,NI-->GH,NI-->GH,NI-->GH,NI-->GH,NI-->GH,NI-->GH,NI-->GH,NI-->GH,NI-->GH,NI-->GH,NI-->GH,NI-->GH,NI-->GH,NI-->GH,NI-->GH,NI-->GH,NI-->GH
GI,GIB,Gibraltar,Gibraltar,Europe,Southern Europe,,GI-->NI,GI-->NI,GI-->NI,GI-->NI,GI-->NI,GI-->NI,GI-->NI,GI-->NI,GI-->NI,GI-->NI,GI-->NI,GI-->NI,GI-->NI,GI-->NI,GI-->NI,GI-->NI,GI-->NI,GI-->NI,GI-->NI,,,,,,,,,,,,,,,,,NI-->GI,NI-->GI,NI-->GI,NI-->GI,NI-->GI,NI-->GI,NI-->GI,NI-->GI,NI-->GI,NI-->GI,NI-->GI,NI-->GI,NI-->GI,NI-->GI,NI-->GI,NI-->GI,NI-->GI,NI-->GI,NI-->GI
GR,GRC,Greece,Athens,Europe,Southern Europe,,GR-->NI,GR-->NI,GR-->NI,GR-->NI,GR-->NI,GR-->NI,GR-->NI,GR-->NI,GR-->NI,GR-->NI,GR-->NI,GR-->NI,GR-->NI,GR-->NI,GR-->NI,GR-->NI,GR-->NI,GR-->NI,GR-->NI,,,,,,,,,,,,,,,,,NI-->GR,NI-->GR,NI-->GR,NI-->GR,NI-->GR,NI-->GR,NI-->GR,NI-->GR,NI-->GR,NI-->GR,NI-->GR,NI-->GR,NI-->GR,NI-->GR,NI-->GR,NI-->GR,NI-->GR,NI-->GR,NI-->GR
GL,GRL,Greenland,Nuuk,Americas,Northern America,,GL-->NI,GL-->NI,GL-->NI,GL-->NI,GL-->NI,GL-->NI,GL-->NI,GL-->NI,GL-->NI,GL-->NI,GL-->NI,GL-->NI,GL-->NI,GL-->NI,GL-->NI,GL-->NI,GL-->NI,GL-->NI,GL-->NI,,,,,,,,,,,,,,,,,NI-->GL,NI-->GL,NI-->GL,NI-->GL,NI-->GL,NI-->GL,NI-->GL,NI-->GL,NI-->GL,NI-->GL,NI-->GL,NI-->GL,NI-->GL,NI-->GL,NI-->GL,NI-->GL,NI-->GL,NI-->GL,NI-->GL
GD,GRD,Grenada,St. George's,Americas,Caribbean,,GD-->NI,GD-->NI,GD-->NI,GD-->NI,GD-->NI,GD-->NI,GD-->NI,GD-->NI,GD-->NI,GD-->NI,GD-->NI,GD-->NI,GD-->NI,GD-->NI,GD-->NI,GD-->NI,GD-->NI,GD-->NI,GD-->NI,,,,,,,,,,,,,,,,,NI-->GD,NI-->GD,NI-->GD,NI-->GD,NI-->GD,NI-->GD,NI-->GD,NI-->GD,NI-->GD,NI-->GD,NI-->GD,NI-->GD,NI-->GD,NI-->GD,NI-->GD,NI-->GD,NI-->GD,NI-->GD,NI-->GD
GP,GLP,Guadeloupe,Basse-Terre,Americas,Caribbean,,GP-->NI,GP-->NI,GP-->NI,GP-->NI,GP-->NI,GP-->NI,GP-->NI,GP-->NI,GP-->NI,GP-->NI,GP-->NI,GP-->NI,GP-->NI,GP-->NI,GP-->NI,GP-->NI,GP-->NI,GP-->NI,GP-->NI,,,,,,,,,,,,,,,,,NI-->GP,NI-->GP,NI-->GP,NI-->GP,NI-->GP,NI-->GP,NI-->GP,NI-->GP,NI-->GP,NI-->GP,NI-->GP,NI-->GP,NI-->GP,NI-->GP,NI-->GP,NI-->GP,NI-->GP,NI-->GP,NI-->GP
GU,GUM,Guam,Hagåtña,Oceania,Micronesia,,GU-->NI,GU-->NI,GU-->NI,GU-->NI,GU-->NI,GU-->NI,GU-->NI,GU-->NI,GU-->NI,GU-->NI,GU-->NI,GU-->NI,GU-->NI,GU-->NI,GU-->NI,GU-->NI,GU-->NI,GU-->NI,GU-->NI,,,,,,,,,,,,,,,,,NI-->GU,NI-->GU,NI-->GU,NI-->GU,NI-->GU,NI-->GU,NI-->GU,NI-->GU,NI-->GU,NI-->GU,NI-->GU,NI-->GU,NI-->GU,NI-->GU,NI-->GU,NI-->GU,NI-->GU,NI-->GU,NI-->GU
GT,GTM,Guatemala,Guatemala City,Americas,Central America,,GT-->NI,GT-->NI,GT-->NI,GT-->NI,GT-->NI,GT-->NI,GT-->NI,GT-->NI,GT-->NI,GT-->NI,GT-->NI,GT-->NI,GT-->NI,GT-->NI,GT-->NI,GT-->NI,GT-->NI,GT-->NI,GT-->NI,,,,,,,,,,,,,,,,,NI-->GT,NI-->GT,NI-->GT,NI-->GT,NI-->GT,NI-->GT,NI-->GT,NI-->GT,NI-->GT,NI-->GT,NI-->GT,NI-->GT,NI-->GT,NI-->GT,NI-->GT,NI-->GT,NI-->GT,NI-->GT,NI-->GT
GG,GGY,Guernsey,St. Peter Port,Europe,Northern Europe,,GG-->NI,GG-->NI,GG-->NI,GG-->NI,GG-->NI,GG-->NI,GG-->NI,GG-->NI,GG-->NI,GG-->NI,GG-->NI,GG-->NI,GG-->NI,GG-->NI,GG-->NI,GG-->NI,GG-->NI,GG-->NI,GG-->NI,,,,,,,,,,,,,,,,,NI-->GG,NI-->GG,NI-->GG,NI-->GG,NI-->GG,NI-->GG,NI-->GG,NI-->GG,NI-->GG,NI-->GG,NI-->GG,NI-->GG,NI-->GG,NI-->GG,NI-->GG,NI-->GG,NI-->GG,NI-->GG,NI-->GG
GN,GIN,Guinea,Conakry,Africa,Western Africa,,GN-->NI,GN-->NI,GN-->NI,GN-->NI,GN-->NI,GN-->NI,GN-->NI,GN-->NI,GN-->NI,GN-->NI,GN-->NI,GN-->NI,GN-->NI,GN-->NI,GN-->NI,GN-->NI,GN-->NI,GN-->NI,GN-->NI,,,,,,,,,,,,,,,,,NI-->GN,NI-->GN,NI-->GN,NI-->GN,NI-->GN,NI-->GN,NI-->GN,NI-->GN,NI-->GN,NI-->GN,NI-->GN,NI-->GN,NI-->GN,NI-->GN,NI-->GN,NI-->GN,NI-->GN,NI-->GN,NI-->GN
GW,GNB,Guinea-Bissau,Bissau,Africa,Western Africa,,GW-->NI,GW-->NI,GW-->NI,GW-->NI,GW-->NI,GW-->NI,GW-->NI,GW-->NI,GW-->NI,GW-->NI,GW-->NI,GW-->NI,GW-->NI,GW-->NI,GW-->NI,GW-->NI,GW-->NI,GW-->NI,GW-->NI,,,,,,,,,,,,,,,,,NI-->GW,NI-->GW,NI-->GW,NI-->GW,NI-->GW,NI-->GW,NI-->GW,NI-->GW,NI-->GW,NI-->GW,NI-->GW,NI-->GW,NI-->GW,NI-->GW,NI-->GW,NI-->GW,NI-->GW,NI-->GW,NI-->GW
GY,GUY,Guyana,Georgetown,Americas,South America,,GY-->NI,GY-->NI,GY-->NI,GY-->NI,GY-->NI,GY-->NI,GY-->NI,GY-->NI,GY-->NI,GY-->NI,GY-->NI,GY-->NI,GY-->NI,GY-->NI,GY-->NI,GY-->NI,GY-->NI,GY-->NI,GY-->NI,,,,,,,,,,,,,,,,,NI-->GY,NI-->GY,NI-->GY,NI-->GY,NI-->GY,NI-->GY,NI-->GY,NI-->GY,NI-->GY,NI-->GY,NI-->GY,NI-->GY,NI-->GY,NI-->GY,NI-->GY,NI-->GY,NI-->GY,NI-->GY,NI-->GY
HT,HTI,Haiti,Port-au-Prince,Americas,Caribbean,,HT-->NI,HT-->NI,HT-->NI,HT-->NI,HT-->NI,HT-->NI,HT-->NI,HT-->NI,HT-->NI,HT-->NI,HT-->NI,HT-->NI,HT-->NI,HT-->NI,HT-->NI,HT-->NI,HT-->NI,HT-->NI,HT-->NI,,,,,,,,,,,,,,,,,NI-->HT,NI-->HT,NI-->HT,NI-->HT,NI-->HT,NI-->HT,NI-->HT,NI-->HT,NI-->HT,NI-->HT,NI-->HT,NI-->HT,NI-->HT,NI-->HT,NI-->HT,NI-->HT,NI-->HT,NI-->HT,NI-->HT
HM,HMD,Heard Island and McDonald Islands,,,,,HM-->NI,HM-->NI,HM-->NI,HM-->NI,HM-->NI,HM-->NI,HM-->NI,HM-->NI,HM-->NI,HM-->NI,HM-->NI,HM-->NI,HM-->NI,HM-->NI,HM-->NI,HM-->NI,HM-->NI,HM-->NI,HM-->NI,,,,,,,,,,,,,,,,,NI-->HM,NI-->HM,NI-->HM,NI-->HM,NI-->HM,NI-->HM,NI-->HM,NI-->HM,NI-->HM,NI-->HM,NI-->HM,NI-->HM,NI-->HM,NI-->HM,NI-->HM,NI-->HM,NI-->HM,NI-->HM,NI-->HM
VA,VAT,Holy See,Rome,Europe,Southern Europe,,VA-->NI,VA-->NI,VA-->NI,VA-->NI,VA-->NI,VA-->NI,VA-->NI,VA-->NI,VA-->NI,VA-->NI,VA-->NI,VA-->NI,VA-->NI,VA-->NI,VA-->NI,VA-->NI,VA-->NI,VA-->NI,VA-->NI,,,,,,,,,,,,,,,,,NI-->VA,NI-->VA,NI-->VA,NI-->VA,NI-->VA,NI-->VA,NI-->VA,NI-->VA,NI-->VA,NI-->VA,NI-->VA,NI-->VA,NI-->VA,NI-->VA,NI-->VA,NI-->VA,NI-->VA,NI-->VA,NI-->VA
HN,HND,Honduras,Tegucigalpa,Americas,Central America,,HN-->NI,HN-->NI,HN-->NI,HN-->NI,HN-->NI,HN-->NI,HN-->NI,HN-->NI,HN-->NI,HN-->NI,HN-->NI,HN-->NI,HN-->NI,HN-->NI,HN-->NI,HN-->NI,HN-->NI,HN-->NI,HN-->NI,,,,,,,,,,,,,,,,,NI-->HN,NI-->HN,NI-->HN,NI-->HN,NI-->HN,NI-->HN,NI-->HN,NI-->HN,NI-->HN,NI-->HN,NI-->HN,NI-->HN,NI-->HN,NI-->HN,NI-->HN,NI-->HN,NI-->HN,NI-->HN,NI-->HN
HK,HKG,Hong Kong,City of Victoria,Asia,Eastern Asia,,HK-->NI,HK-->NI,HK-->NI,HK-->NI,HK-->NI,HK-->NI,HK-->NI,HK-->NI,HK-->NI,HK-->NI,HK-->NI,HK-->NI,HK-->NI,HK-->NI,HK-->NI,HK-->NI,HK-->NI,HK-->NI,HK-->NI,,,,,,,,,,,,,,,,,NI-->HK,NI-->HK,NI-->HK,NI-->HK,NI-->HK,NI-->HK,NI-->HK,NI-->HK,NI-->HK,NI-->HK,NI-->HK,NI-->HK,NI-->HK,NI-->HK,NI-->HK,NI-->HK,NI-->HK,NI-->HK,NI-->HK
HU,HUN,Hungary,Budapest,Europe,Eastern Europe,,HU-->NI,HU-->NI,HU-->NI,HU-->NI,HU-->NI,HU-->NI,HU-->NI,HU-->NI,HU-->NI,HU-->NI,HU-->NI,HU-->NI,HU-->NI,HU-->NI,HU-->NI,HU-->NI,HU-->NI,HU-->NI,HU-->NI,,,,,,,,,,,,,,,,,NI-->HU,NI-->HU,NI-->HU,NI-->HU,NI-->HU,NI-->HU,NI-->HU,NI-->HU,NI-->HU,NI-->HU,NI-->HU,NI-->HU,NI-->HU,NI-->HU,NI-->HU,NI-->HU,NI-->HU,NI-->HU,NI-->HU
IS,ISL,Iceland,Reykjavík,Europe,Northern Europe,,IS-->NI,IS-->NI,IS-->NI,IS-->NI,IS-->NI,IS-->NI,IS-->NI,IS-->NI,IS-->NI,IS-->NI,IS-->NI,IS-->NI,IS-->NI,IS-->NI,IS-->NI,IS-->NI,IS-->NI,IS-->NI,IS-->NI,,,,,,,,,,,,,,,,,NI-->IS,NI-->IS,NI-->IS,NI-->IS,NI-->IS,NI-->IS,NI-->IS,NI-->IS,NI-->IS,NI-->IS,NI-->IS,NI-->IS,NI-->IS,NI-->IS,NI-->IS,NI-->IS,NI-->IS,NI-->IS,NI-->IS
IN,IND,India,New Delhi,Asia,Southern Asia,,IN-->NI,IN-->NI,IN-->NI,IN-->NI,IN-->NI,IN-->NI,IN-->NI,IN-->NI,IN-->NI,IN-->NI,IN-->NI,IN-->NI,IN-->NI,IN-->NI,IN-->NI,IN-->NI,IN-->NI,IN-->NI,IN-->NI,,,,,,,,,,,,,,,,,NI-->IN,NI-->IN,NI-->IN,NI-->IN,NI-->IN,NI-->IN,NI-->IN,NI-->IN,NI-->IN,NI-->IN,NI-->IN,NI-->IN,NI-->IN,NI-->IN,NI-->IN,NI-->IN,NI-->IN,NI-->IN,NI-->IN
ID,IDN,Indonesia,Jakarta,Asia,South-Eastern Asia,,ID-->NI,ID-->NI,ID-->NI,ID-->NI,ID-->NI,ID-->NI,ID-->NI,ID-->NI,ID-->NI,ID-->NI,ID-->NI,ID-->NI,ID-->NI,ID-->NI,ID-->NI,ID-->NI,ID-->NI,ID-->NI,ID-->NI,,,,,,,,,,,,,,,,,NI-->ID,NI-->ID,NI-->ID,NI-->ID,NI-->ID,NI-->ID,NI-->ID,NI-->ID,NI-->ID,NI-->ID,NI-->ID,NI-->ID,NI-->ID,NI-->ID,NI-->ID,NI-->ID,NI-->ID,NI-->ID,NI-->ID
CI,CIV,Ivory Coast,Yamoussoukro,Africa,Western Africa,,CI-->NI,CI-->NI,CI-->NI,CI-->NI,CI-->NI,CI-->NI,CI-->NI,CI-->NI,CI-->NI,CI-->NI,CI-->NI,CI-->NI,CI-->NI,CI-->NI,CI-->NI,CI-->NI,CI-->NI,CI-->NI,CI-->NI,,,,,,,,,,,,,,,,,NI-->CI,NI-->CI,NI-->CI,NI-->CI,NI-->CI,NI-->CI,NI-->CI,NI-->CI,NI-->CI,NI-->CI,NI-->CI,NI-->CI,NI-->CI,NI-->CI,NI-->CI,NI-->CI,NI-->CI,NI-->CI,NI-->CI
IR,IRN,Iran,Tehran,Asia,Southern Asia,,IR-->NI,IR-->NI,IR-->NI,IR-->NI,IR-->NI,IR-->NI,IR-->NI,IR-->NI,IR-->NI,IR-->NI,IR-->NI,IR-->NI,IR-->NI,IR-->NI,IR-->NI,IR-->NI,IR-->NI,IR-->NI,IR-->NI,,,,,,,,,,,,,,,,,NI-->IR,NI-->IR,NI-->IR,NI-->IR,NI-->IR,NI-->IR,NI-->IR,NI-->IR,NI-->IR,NI-->IR,NI-->IR,NI-->IR,NI-->IR,NI-->IR,NI-->IR,NI-->IR,NI-->IR,NI-->IR,NI-->IR
IQ,IRQ,Iraq,Baghdad,Asia,Western Asia,,IQ-->NI,IQ-->NI,IQ-->NI,IQ-->NI,IQ-->NI,IQ-->NI,IQ-->NI,IQ-->NI,IQ-->NI,IQ-->NI,IQ-->NI,IQ-->NI,IQ-->NI,IQ-->NI,IQ-->NI,IQ-->NI,IQ-->NI,IQ-->NI,IQ-->NI,,,,,,,,,,,,,,,,,NI-->IQ,NI-->IQ,NI-->IQ,NI-->IQ,NI-->IQ,NI-->IQ,NI-->IQ,NI-->IQ,NI-->IQ,NI-->IQ,NI-->IQ,NI-->IQ,NI-->IQ,NI-->IQ,NI-->IQ,NI-->IQ,NI-->IQ,NI-->IQ,NI-->IQ
IE,IRL,Republic of Ireland,Dublin,Europe,Northern Europe,,IE-->NI,IE-->NI,IE-->NI,IE-->NI,IE-->NI,IE-->NI,IE-->NI,IE-->NI,IE-->NI,IE-->NI,IE-->NI,IE-->NI,IE-->NI,IE-->NI,IE-->NI,IE-->NI,IE-->NI,IE-->NI,IE-->NI,,,,,,,,,,,,,,,,,NI-->IE,NI-->IE,NI-->IE,NI-->IE,NI-->IE,NI-->IE,NI-->IE,NI-->IE,NI-->IE,NI-->IE,NI-->IE,NI-->IE,NI-->IE,NI-->IE,NI-->IE,NI-->IE,NI-->IE,NI-->IE,NI-->IE
IM,IMN,Isle of Man,Douglas,Europe,Northern Europe,,IM-->NI,IM-->NI,IM-->NI,IM-->NI,IM-->NI,IM-->NI,IM-->NI,IM-->NI,IM-->NI,IM-->NI,IM-->NI,IM-->NI,IM-->NI,IM-->NI,IM-->NI,IM-->NI,IM-->NI,IM-->NI,IM-->NI,,,,,,,,,,,,,,,,,NI-->IM,NI-->IM,NI-->IM,NI-->IM,NI-->IM,NI-->IM,NI-->IM,NI-->IM,NI-->IM,NI-->IM,NI-->IM,NI-->IM,NI-->IM,NI-->IM,NI-->IM,NI-->IM,NI-->IM,NI-->IM,NI-->IM
IL,ISR,Israel,Jerusalem,Asia,Western Asia,,IL-->NI,IL-->NI,IL-->NI,IL-->NI,IL-->NI,IL-->NI,IL-->NI,IL-->NI,IL-->NI,IL-->NI,IL-->NI,IL-->NI,IL-->NI,IL-->NI,IL-->NI,IL-->NI,IL-->NI,IL-->NI,IL-->NI,,,,,,,,,,,,,,,,,NI-->IL,NI-->IL,NI-->IL,NI-->IL,NI-->IL,NI-->IL,NI-->IL,NI-->IL,NI-->IL,NI-->IL,NI-->IL,NI-->IL,NI-->IL,NI-->IL,NI-->IL,NI-->IL,NI-->IL,NI-->IL,NI-->IL
IT,ITA,Italy,Rome,Europe,Southern Europe,,IT-->NI,IT-->NI,IT-->NI,IT-->NI,IT-->NI,IT-->NI,IT-->NI,IT-->NI,IT-->NI,IT-->NI,IT-->NI,IT-->NI,IT-->NI,IT-->NI,IT-->NI,IT-->NI,IT-->NI,IT-->NI,IT-->NI,,,,,,,,,,,,,,,,,NI-->IT,NI-->IT,NI-->IT,NI-->IT,NI-->IT,NI-->IT,NI-->IT,NI-->IT,NI-->IT,NI-->IT,NI-->IT,NI-->IT,NI-->IT,NI-->IT,NI-->IT,NI-->IT,NI-->IT,NI-->IT,NI-->IT
JM,JAM,Jamaica,Kingston,Americas,Caribbean,,JM-->NI,JM-->NI,JM-->NI,JM-->NI,JM-->NI,JM-->NI,JM-->NI,JM-->NI,JM-->NI,JM-->NI,JM-->NI,JM-->NI,JM-->NI,JM-->NI,JM-->NI,JM-->NI,JM-->NI,JM-->NI,JM-->NI,,,,,,,,,,,,,,,,,NI-->JM,NI-->JM,NI-->JM,NI-->JM,NI-->JM,NI-->JM,NI-->JM,NI-->JM,NI-->JM,NI-->JM,NI-->JM,NI-->JM,NI-->JM,NI-->JM,NI-->JM,NI-->JM,NI-->JM,NI-->JM,NI-->JM
JP,JPN,Japan,Tokyo,Asia,Eastern Asia,,JP-->NI,JP-->NI,JP-->NI,JP-->NI,JP-->NI,JP-->NI,JP-->NI,JP-->NI,JP-->NI,JP-->NI,JP-->NI,JP-->NI,JP-->NI,JP-->NI,JP-->NI,JP-->NI,JP-->NI,JP-->NI,JP-->NI,,,,,,,,,,,,,,,,,NI-->JP,NI-->JP,NI-->JP,NI-->JP,NI-->JP,NI-->JP,NI-->JP,NI-->JP,NI-->JP,NI-->JP,NI-->JP,NI-->JP,NI-->JP,NI-->JP,NI-->JP,NI-->JP,NI-->JP,NI-->JP,NI-->JP
JE,JEY,Jersey,Saint Helier,Europe,Northern Europe,,JE-->NI,JE-->NI,JE-->NI,JE-->NI,JE-->NI,JE-->NI,JE-->NI,JE-->NI,JE-->NI,JE-->NI,JE-->NI,JE-->NI,JE-->NI,JE-->NI,JE-->NI,JE-->NI,JE-->NI,JE-->NI,JE-->NI,,,,,,,,,,,,,,,,,NI-->JE,NI-->JE,NI-->JE,NI-->JE,NI-->JE,NI-->JE,NI-->JE,NI-->JE,NI-->JE,NI-->JE,NI-->JE,NI-->JE,NI-->JE,NI-->JE,NI-->JE,NI-->JE,NI-->JE,NI-->JE,NI-->JE
JO,JOR,Jordan,Amman,Asia,Western Asia,,JO-->NI,JO-->NI,JO-->NI,JO-->NI,JO-->NI,JO-->NI,JO-->NI,JO-->NI,JO-->NI,JO-->NI,JO-->NI,JO-->NI,JO-->NI,JO-->NI,JO-->NI,JO-->NI,JO-->NI,JO-->NI,JO-->NI,,,,,,,,,,,,,,,,,NI-->JO,NI-->JO,NI-->JO,NI-->JO,NI-->JO,NI-->JO,NI-->JO,NI-->JO,NI-->JO,NI-->JO,NI-->JO,NI-->JO,NI-->JO,NI-->JO,NI-->JO,NI-->JO,NI-->JO,NI-->JO,NI-->JO
KZ,KAZ,Kazakhstan,Astana,Asia,Central Asia,,KZ-->NI,KZ-->NI,KZ-->NI,KZ-->NI,KZ-->NI,KZ-->NI,KZ-->NI,KZ-->NI,KZ-->NI,KZ-->NI,KZ-->NI,KZ-->NI,KZ-->NI,KZ-->NI,KZ-->NI,KZ-->NI,KZ-->NI,KZ-->NI,KZ-->NI,,,,,,,,,,,,,,,,,NI-->KZ,NI-->KZ,NI-->KZ,NI-->KZ,NI-->KZ,NI-->KZ,NI-->KZ,NI-->KZ,NI-->KZ,NI-->KZ,NI-->KZ,NI-->KZ,NI-->KZ,NI-->KZ,NI-->KZ,NI-->KZ,NI-->KZ,NI-->KZ,NI-->KZ
KE,KEN,Kenya,Nairobi,Africa,Eastern Africa,,KE-->NI,KE-->NI,KE-->NI,KE-->NI,KE-->NI,KE-->NI,KE-->NI,KE-->NI,KE-->NI,KE-->NI,KE-->NI,KE-->NI,KE-->NI,KE-->NI,KE-->NI,KE-->NI,KE-->NI,KE-->NI,KE-->NI,,,,,,,,,,,,,,,,,NI-->KE,NI-->KE,NI-->KE,NI-->KE,NI-->KE,NI-->KE,NI-->KE,NI-->KE,NI-->KE,NI-->KE,NI-->KE,NI-->KE,NI-->KE,NI-->KE,NI-->KE,NI-->KE,NI-->KE,NI-->KE,NI-->KE
KI,KIR,Kiribati,South Tarawa,Oceania,Micronesia,,KI-->NI,KI-->NI,KI-->NI,KI-->NI,KI-->NI,KI-->NI,KI-->NI,KI-->NI,KI-->NI,KI-->NI,KI-->NI,KI-->NI,KI-->NI,KI-->NI,KI-->NI,KI-->NI,KI-->NI,KI-->NI,KI-->NI,,,,,,,,,,,,,,,,,NI-->KI,NI-->KI,NI-->KI,NI-->KI,NI-->KI,NI-->KI,NI-->KI,NI-->KI,NI-->KI,NI-->KI,NI-->KI,NI-->KI,NI-->KI,NI-->KI,NI-->KI,NI-->KI,NI-->KI,NI-->KI,NI-->KI
KW,KWT,Kuwait,Kuwait City,Asia,Western Asia,,KW-->NI,KW-->NI,KW-->NI,KW-->NI,KW-->NI,KW-->NI,KW-->NI,KW-->NI,KW-->NI,KW-->NI,KW-->NI,KW-->NI,KW-->NI,KW-->NI,KW-->NI,KW-->NI,KW-->NI,KW-->NI,KW-->NI,,,,,,,,,,,,,,,,,NI-->KW,NI-->KW,NI-->KW,NI-->KW,NI-->KW,NI-->KW,NI-->KW,NI-->KW,NI-->KW,NI-->KW,NI-->KW,NI-->KW,NI-->KW,NI-->KW,NI-->KW,NI-->KW,NI-->KW,NI-->KW,NI-->KW
KG,KGZ,Kyrgyzstan,Bishkek,Asia,Central Asia,,KG-->NI,KG-->NI,KG-->NI,KG-->NI,KG-->NI,KG-->NI,KG-->NI,KG-->NI,KG-->NI,KG-->NI,KG-->NI,KG-->NI,KG-->NI,KG-->NI,KG-->NI,KG-->NI,KG-->NI,KG-->NI,KG-->NI,,,,,,,,,,,,,,,,,NI-->KG,NI-->KG,NI-->KG,NI-->KG,NI-->KG,NI-->KG,NI-->KG,NI-->KG,NI-->KG,NI-->KG,NI-->KG,NI-->KG,NI-->KG,NI-->KG,NI-->KG,NI-->KG,NI-->KG,NI-->KG,NI-->KG
LA,LAO,Laos,Vientiane,Asia,South-Eastern Asia,,LA-->NI,LA-->NI,LA-->NI,LA-->NI,LA-->NI,LA-->NI,LA-->NI,LA-->NI,LA-->NI,LA-->NI,LA-->NI,LA-->NI,LA-->NI,LA-->NI,LA-->NI,LA-->NI,LA-->NI,LA-->NI,LA-->NI,,,,,,,,,,,,,,,,,NI-->LA,NI-->LA,NI-->LA,NI-->LA,NI-->LA,NI-->LA,NI-->LA,NI-->LA,NI-->LA,NI-->LA,NI-->LA,NI-->LA,NI-->LA,NI-->LA,NI-->LA,NI-->LA,NI-->LA,NI-->LA,NI-->LA
LV,LVA,Latvia,Riga,Europe,Northern Europe,,LV-->NI,LV-->NI,LV-->NI,LV-->NI,LV-->NI,LV-->NI,LV-->NI,LV-->NI,LV-->NI,LV-->NI,LV-->NI,LV-->NI,LV-->NI,LV-->NI,LV-->NI,LV-->NI,LV-->NI,LV-->NI,LV-->NI,,,,,,,,,,,,,,,,,NI-->LV,NI-->LV,NI-->LV,NI-->LV,NI-->LV,NI-->LV,NI-->LV,NI-->LV,NI-->LV,NI-->LV,NI-->LV,NI-->LV,NI-->LV,NI-->LV,NI-->LV,NI-->LV,NI-->LV,NI-->LV,NI-->LV
LB,LBN,Lebanon,Beirut,Asia,Western Asia,,LB-->NI,LB-->NI,LB-->NI,LB-->NI,LB-->NI,LB-->NI,LB-->NI,LB-->NI,LB-->NI,LB-->NI,LB-->NI,LB-->NI,LB-->NI,LB-->NI,LB-->NI,LB-->NI,LB-->NI,LB-->NI,LB-->NI,,,,,,,,,,,,,,,,,NI-->LB,NI-->LB,NI-->LB,NI-->LB,NI-->LB,NI-->LB,NI-->LB,NI-->LB,NI-->LB,NI-->LB,NI-->LB,NI-->LB,NI-->LB,NI-->LB,NI-->LB,NI-->LB,NI-->LB,NI-->LB,NI-->LB
LS,LSO,Lesotho,Maseru,Africa,Southern Africa,,LS-->NI,LS-->NI,LS-->NI,LS-->NI,LS-->NI,LS-->NI,LS-->NI,LS-->NI,LS-->NI,LS-->NI,LS-->NI,LS-->NI,LS-->NI,LS-->NI,LS-->NI,LS-->NI,LS-->NI,LS-->NI,LS-->NI,,,,,,,,,,,,,,,,,NI-->LS,NI-->LS,NI-->LS,NI-->LS,NI-->LS,NI-->LS,NI-->LS,NI-->LS,NI-->LS,NI-->LS,NI-->LS,NI-->LS,NI-->LS,NI-->LS,NI-->LS,NI-->LS,NI-->LS,NI-->LS,NI-->LS
LR,LBR,Liberia,Monrovia,Africa,Western Africa,,LR-->NI,LR-->NI,LR-->NI,LR-->NI,LR-->NI,LR-->NI,LR-->NI,LR-->NI,LR-->NI,LR-->NI,LR-->NI,LR-->NI,LR-->NI,LR-->NI,LR-->NI,LR-->NI,LR-->NI,LR-->NI,LR-->NI,,,,,,,,,,,,,,,,,NI-->LR,NI-->LR,NI-->LR,NI-->LR,NI-->LR,NI-->LR,NI-->LR,NI-->LR,NI-->LR,NI-->LR,NI-->LR,NI-->LR,NI-->LR,NI-->LR,NI-->LR,NI-->LR,NI-->LR,NI-->LR,NI-->LR
LY,LBY,Libya,Tripoli,Africa,Northern Africa,,LY-->NI,LY-->NI,LY-->NI,LY-->NI,LY-->NI,LY-->NI,LY-->NI,LY-->NI,LY-->NI,LY-->NI,LY-->NI,LY-->NI,LY-->NI,LY-->NI,LY-->NI,LY-->NI,LY-->NI,LY-->NI,LY-->NI,,,,,,,,,,,,,,,,,NI-->LY,NI-->LY,NI-->LY,NI-->LY,NI-->LY,NI-->LY,NI-->LY,NI-->LY,NI-->LY,NI-->LY,NI-->LY,NI-->LY,NI-->LY,NI-->LY,NI-->LY,NI-->LY,NI-->LY,NI-->LY,NI-->LY
LI,LIE,Liechtenstein,Vaduz,Europe,Western Europe,,LI-->NI,LI-->NI,LI-->NI,LI-->NI,LI-->NI,LI-->NI,LI-->NI,LI-->NI,LI-->NI,LI-->NI,LI-->NI,LI-->NI,LI-->NI,LI-->NI,LI-->NI,LI-->NI,LI-->NI,LI-->NI,LI-->NI,,,,,,,,,,,,,,,,,NI-->LI,NI-->LI,NI-->LI,NI-->LI,NI-->LI,NI-->LI,NI-->LI,NI-->LI,NI-->LI,NI-->LI,NI-->LI,NI-->LI,NI-->LI,NI-->LI,NI-->LI,NI-->LI,NI-->LI,NI-->LI,NI-->LI
LT,LTU,Lithuania,Vilnius,Europe,Northern Europe,,LT-->NI,LT-->NI,LT-->NI,LT-->NI,LT-->NI,LT-->NI,LT-->NI,LT-->NI,LT-->NI,LT-->NI,LT-->NI,LT-->NI,LT-->NI,LT-->NI,LT-->NI,LT-->NI,LT-->NI,LT-->NI,LT-->NI,,,,,,,,,,,,,,,,,NI-->LT,NI-->LT,NI-->LT,NI-->LT,NI-->LT,NI-->LT,NI-->LT,NI-->LT,NI-->LT,NI-->LT,NI-->LT,NI-->LT,NI-->LT,NI-->LT,NI-->LT,NI-->LT,NI-->LT,NI-->LT,NI-->LT
LU,LUX,Luxembourg,Luxembourg,Europe,Western Europe,,LU-->NI,LU-->NI,LU-->NI,LU-->NI,LU-->NI,LU-->NI,LU-->NI,LU-->NI,LU-->NI,LU-->NI,LU-->NI,LU-->NI,LU-->NI,LU-->NI,LU-->NI,LU-->NI,LU-->NI,LU-->NI,LU-->NI,,,,,,,,,,,,,,,,,NI-->LU,NI-->LU,NI-->LU,NI-->LU,NI-->LU,NI-->LU,NI-->LU,NI-->LU,NI-->LU,NI-->LU,NI-->LU,NI-->LU,NI-->LU,NI-->LU,NI-->LU,NI-->LU,NI-->LU,NI-->LU,NI-->LU
MO,MAC,Macau,,Asia,Eastern Asia,,MO-->NI,MO-->NI,MO-->NI,MO-->NI,MO-->NI,MO-->NI,MO-->NI,MO-->NI,MO-->NI,MO-->NI,MO-->NI,MO-->NI,MO-->NI,MO-->NI,MO-->NI,MO-->NI,MO-->NI,MO-->NI,MO-->NI,,,,,,,,,,,,,,,,,NI-->MO,NI-->MO,NI-->MO,NI-->MO,NI-->MO,NI-->MO,NI-->MO,NI-->MO,NI-->MO,NI-->MO,NI-->MO,NI-->MO,NI-->MO,NI-->MO,NI-->MO,NI-->MO,NI-->MO,NI-->MO,NI-->MO
MK,MKD,Republic of Macedonia,Skopje,Europe,Southern Europe,,MK-->NI,MK-->NI,MK-->NI,MK-->NI,MK-->NI,MK-->NI,MK-->NI,MK-->NI,MK-->NI,MK-->NI,MK-->NI,MK-->NI,MK-->NI,MK-->NI,MK-->NI,MK-->NI,MK-->NI,MK-->NI,MK-->NI,,,,,,,,,,,,,,,,,NI-->MK,NI-->MK,NI-->MK,NI-->MK,NI-->MK,NI-->MK,NI-->MK,NI-->MK,NI-->MK,NI-->MK,NI-->MK,NI-->MK,NI-->MK,NI-->MK,NI-->MK,NI-->MK,NI-->MK,NI-->MK,NI-->MK
MG,MDG,Madagascar,Antananarivo,Africa,Eastern Africa,,MG-->NI,MG-->NI,MG-->NI,MG-->NI,MG-->NI,MG-->NI,MG-->NI,MG-->NI,MG-->NI,MG-->NI,MG-->NI,MG-->NI,MG-->NI,MG-->NI,MG-->NI,MG-->NI,MG-->NI,MG-->NI,MG-->NI,,,,,,,,,,,,,,,,,NI-->MG,NI-->MG,NI-->MG,NI-->MG,NI-->MG,NI-->MG,NI-->MG,NI-->MG,NI-->MG,NI-->MG,NI-->MG,NI-->MG,NI-->MG,NI-->MG,NI-->MG,NI-->MG,NI-->MG,NI-->MG,NI-->MG
MW,MWI,Malawi,Lilongwe,Africa,Eastern Africa,,MW-->NI,MW-->NI,MW-->NI,MW-->NI,MW-->NI,MW-->NI,MW-->NI,MW-->NI,MW-->NI,MW-->NI,MW-->NI,MW-->NI,MW-->NI,MW-->NI,MW-->NI,MW-->NI,MW-->NI,MW-->NI,MW-->NI,,,,,,,,,,,,,,,,,NI-->MW,NI-->MW,NI-->MW,NI-->MW,NI-->MW,NI-->MW,NI-->MW,NI-->MW,NI-->MW,NI-->MW,NI-->MW,NI-->MW,NI-->MW,NI-->MW,NI-->MW,NI-->MW,NI-->MW,NI-->MW,NI-->MW
MY,MYS,Malaysia,Kuala Lumpur,Asia,South-Eastern Asia,,MY-->NI,MY-->NI,MY-->NI,MY-->NI,MY-->NI,MY-->NI,MY-->NI,MY-->NI,MY-->NI,MY-->NI,MY-->NI,MY-->NI,MY-->NI,MY-->NI,MY-->NI,MY-->NI,MY-->NI,MY-->NI,MY-->NI,,,,,,,,,,,,,,,,,NI-->MY,NI-->MY,NI-->MY,NI-->MY,NI-->MY,NI-->MY,NI-->MY,NI-->MY,NI-->MY,NI-->MY,NI-->MY,NI-->MY,NI-->MY,NI-->MY,NI-->MY,NI-->MY,NI-->MY,NI-->MY,NI-->MY
MV,MDV,Maldives,Malé,Asia,Southern Asia,,MV-->NI,MV-->NI,MV-->NI,MV-->NI,MV-->NI,MV-->NI,MV-->NI,MV-->NI,MV-->NI,MV-->NI,MV-->NI,MV-->NI,MV-->NI,MV-->NI,MV-->NI,MV-->NI,MV-->NI,MV-->NI,MV-->NI,,,,,,,,,,,,,,,,,NI-->MV,NI-->MV,NI-->MV,NI-->MV,NI-->MV,NI-->MV,NI-->MV,NI-->MV,NI-->MV,NI-->MV,NI-->MV,NI-->MV,NI-->MV,NI-->MV,NI-->MV,NI-->MV,NI-->MV,NI-->MV,NI-->MV
ML,MLI,Mali,Bamako,Africa,Western Africa,,ML-->NI,ML-->NI,ML-->NI,ML-->NI,ML-->NI,ML-->NI,ML-->NI,ML-->NI,ML-->NI,ML-->NI,ML-->NI,ML-->NI,ML-->NI,ML-->NI,ML-->NI,ML-->NI,ML-->NI,ML-->NI,ML-->NI,,,,,,,,,,,,,,,,,NI-->ML,NI-->ML,NI-->ML,NI-->ML,NI-->ML,NI-->ML,NI-->ML,NI-->ML,NI-->ML,NI-->ML,NI-->ML,NI-->ML,NI-->ML,NI-->ML,NI-->ML,NI-->ML,NI-->ML,NI-->ML,NI-->ML
MT,MLT,Malta,Valletta,Europe,Southern Europe,,MT-->NI,MT-->NI,MT-->NI,MT-->NI,MT-->NI,MT-->NI,MT-->NI,MT-->NI,MT-->NI,MT-->NI,MT-->NI,MT-->NI,MT-->NI,MT-->NI,MT-->NI,MT-->NI,MT-->NI,MT-->NI,MT-->NI,,,,,,,,,,,,,,,,,NI-->MT,NI-->MT,NI-->MT,NI-->MT,NI-->MT,NI-->MT,NI-->MT,NI-->MT,NI-->MT,NI-->MT,NI-->MT,NI-->MT,NI-->MT,NI-->MT,NI-->MT,NI-->MT,NI-->MT,NI-->MT,NI-->MT
MH,MHL,Marshall Islands,Majuro,Oceania,Micronesia,,MH-->NI,MH-->NI,MH-->NI,MH-->NI,MH-->NI,MH-->NI,MH-->NI,MH-->NI,MH-->NI,MH-->NI,MH-->NI,MH-->NI,MH-->NI,MH-->NI,MH-->NI,MH-->NI,MH-->NI,MH-->NI,MH-->NI,,,,,,,,,,,,,,,,,NI-->MH,NI-->MH,NI-->MH,NI-->MH,NI-->MH,NI-->MH,NI-->MH,NI-->MH,NI-->MH,NI-->MH,NI-->MH,NI-->MH,NI-->MH,NI-->MH,NI-->MH,NI-->MH,NI-->MH,NI-->MH,NI-->MH
MQ,MTQ,Martinique,Fort-de-France,Americas,Caribbean,,MQ-->NI,MQ-->NI,MQ-->NI,MQ-->NI,MQ-->NI,MQ-->NI,MQ-->NI,MQ-->NI,MQ-->NI,MQ-->NI,MQ-->NI,MQ-->NI,MQ-->NI,MQ-->NI,MQ-->NI,MQ-->NI,MQ-->NI,MQ-->NI,MQ-->NI,,,,,,,,,,,,,,,,,NI-->MQ,NI-->MQ,NI-->MQ,NI-->MQ,NI-->MQ,NI-->MQ,NI-->MQ,NI-->MQ,NI-->MQ,NI-->MQ,NI-->MQ,NI-->MQ,NI-->MQ,NI-->MQ,NI-->MQ,NI-->MQ,NI-->MQ,NI-->MQ,NI-->MQ
MR,MRT,Mauritania,Nouakchott,Africa,Western Africa,,MR-->NI,MR-->NI,MR-->NI,MR-->NI,MR-->NI,MR-->NI,MR-->NI,MR-->NI,MR-->NI,MR-->NI,MR-->NI,MR-->NI,MR-->NI,MR-->NI,MR-->NI,MR-->NI,MR-->NI,MR-->NI,MR-->NI,0.0,,,,,,,,,,,,,,,,NI-->MR,NI-->MR,NI-->MR,NI-->MR,NI-->MR,NI-->MR,NI-->MR,NI-->MR,NI-->MR,NI-->MR,NI-->MR,NI-->MR,NI-->MR,NI-->MR,NI-->MR,NI-->MR,NI-->MR,NI-->MR,NI-->MR
MU,MUS,Mauritius,Port Louis,Africa,Eastern Africa,,MU-->NI,MU-->NI,MU-->NI,MU-->NI,MU-->NI,MU-->NI,MU-->NI,MU-->NI,MU-->NI,MU-->NI,MU-->NI,MU-->NI,MU-->NI,MU-->NI,MU-->NI,MU-->NI,MU-->NI,MU-->NI,MU-->NI,,,,,,,,,,,,,,,,,NI-->MU,NI-->MU,NI-->MU,NI-->MU,NI-->MU,NI-->MU,NI-->MU,NI-->MU,NI-->MU,NI-->MU,NI-->MU,NI-->MU,NI-->MU,NI-->MU,NI-->MU,NI-->MU,NI-->MU,NI-->MU,NI-->MU
YT,MYT,Mayotte,Mamoudzou,Africa,Eastern Africa,,YT-->NI,YT-->NI,YT-->NI,YT-->NI,YT-->NI,YT-->NI,YT-->NI,YT-->NI,YT-->NI,YT-->NI,YT-->NI,YT-->NI,YT-->NI,YT-->NI,YT-->NI,YT-->NI,YT-->NI,YT-->NI,YT-->NI,,,,,,,,,,,,,,,,,NI-->YT,NI-->YT,NI-->YT,NI-->YT,NI-->YT,NI-->YT,NI-->YT,NI-->YT,NI-->YT,NI-->YT,NI-->YT,NI-->YT,NI-->YT,NI-->YT,NI-->YT,NI-->YT,NI-->YT,NI-->YT,NI-->YT
MX,MEX,Mexico,Mexico City,Americas,Central America,,MX-->NI,MX-->NI,MX-->NI,MX-->NI,MX-->NI,MX-->NI,MX-->NI,MX-->NI,MX-->NI,MX-->NI,MX-->NI,MX-->NI,MX-->NI,MX-->NI,MX-->NI,MX-->NI,MX-->NI,MX-->NI,MX-->NI,,,,,,,,,,,,,,,,,NI-->MX,NI-->MX,NI-->MX,NI-->MX,NI-->MX,NI-->MX,NI-->MX,NI-->MX,NI-->MX,NI-->MX,NI-->MX,NI-->MX,NI-->MX,NI-->MX,NI-->MX,NI-->MX,NI-->MX,NI-->MX,NI-->MX
FM,FSM,Federated States of Micronesia,Palikir,Oceania,Micronesia,,FM-->NI,FM-->NI,FM-->NI,FM-->NI,FM-->NI,FM-->NI,FM-->NI,FM-->NI,FM-->NI,FM-->NI,FM-->NI,FM-->NI,FM-->NI,FM-->NI,FM-->NI,FM-->NI,FM-->NI,FM-->NI,FM-->NI,,,,,,,,,,,,,,,,,NI-->FM,NI-->FM,NI-->FM,NI-->FM,NI-->FM,NI-->FM,NI-->FM,NI-->FM,NI-->FM,NI-->FM,NI-->FM,NI-->FM,NI-->FM,NI-->FM,NI-->FM,NI-->FM,NI-->FM,NI-->FM,NI-->FM
MD,MDA,Moldova,Chișinău,Europe,Eastern Europe,,MD-->NI,MD-->NI,MD-->NI,MD-->NI,MD-->NI,MD-->NI,MD-->NI,MD-->NI,MD-->NI,MD-->NI,MD-->NI,MD-->NI,MD-->NI,MD-->NI,MD-->NI,MD-->NI,MD-->NI,MD-->NI,MD-->NI,,,,,,,,,,,,,,,,,NI-->MD,NI-->MD,NI-->MD,NI-->MD,NI-->MD,NI-->MD,NI-->MD,NI-->MD,NI-->MD,NI-->MD,NI-->MD,NI-->MD,NI-->MD,NI-->MD,NI-->MD,NI-->MD,NI-->MD,NI-->MD,NI-->MD
MC,MCO,Monaco,Monaco,Europe,Western Europe,,MC-->NI,MC-->NI,MC-->NI,MC-->NI,MC-->NI,MC-->NI,MC-->NI,MC-->NI,MC-->NI,MC-->NI,MC-->NI,MC-->NI,MC-->NI,MC-->NI,MC-->NI,MC-->NI,MC-->NI,MC-->NI,MC-->NI,,,,,,,,,,,,,,,,,NI-->MC,NI-->MC,NI-->MC,NI-->MC,NI-->MC,NI-->MC,NI-->MC,NI-->MC,NI-->MC,NI-->MC,NI-->MC,NI-->MC,NI-->MC,NI-->MC,NI-->MC,NI-->MC,NI-->MC,NI-->MC,NI-->MC
MN,MNG,Mongolia,Ulan Bator,Asia,Eastern Asia,,MN-->NI,MN-->NI,MN-->NI,MN-->NI,MN-->NI,MN-->NI,MN-->NI,MN-->NI,MN-->NI,MN-->NI,MN-->NI,MN-->NI,MN-->NI,MN-->NI,MN-->NI,MN-->NI,MN-->NI,MN-->NI,MN-->NI,,,,,,,,,,,,,,,,,NI-->MN,NI-->MN,NI-->MN,NI-->MN,NI-->MN,NI-->MN,NI-->MN,NI-->MN,NI-->MN,NI-->MN,NI-->MN,NI-->MN,NI-->MN,NI-->MN,NI-->MN,NI-->MN,NI-->MN,NI-->MN,NI-->MN
ME,MNE,Montenegro,Podgorica,Europe,Southern Europe,,ME-->NI,ME-->NI,ME-->NI,ME-->NI,ME-->NI,ME-->NI,ME-->NI,ME-->NI,ME-->NI,ME-->NI,ME-->NI,ME-->NI,ME-->NI,ME-->NI,ME-->NI,ME-->NI,ME-->NI,ME-->NI,ME-->NI,,,,,,,,,,,,,,,,,NI-->ME,NI-->ME,NI-->ME,NI-->ME,NI-->ME,NI-->ME,NI-->ME,NI-->ME,NI-->ME,NI-->ME,NI-->ME,NI-->ME,NI-->ME,NI-->ME,NI-->ME,NI-->ME,NI-->ME,NI-->ME,NI-->ME
MS,MSR,Montserrat,Plymouth,Americas,Caribbean,,MS-->NI,MS-->NI,MS-->NI,MS-->NI,MS-->NI,MS-->NI,MS-->NI,MS-->NI,MS-->NI,MS-->NI,MS-->NI,MS-->NI,MS-->NI,MS-->NI,MS-->NI,MS-->NI,MS-->NI,MS-->NI,MS-->NI,,,,,,,,,,,,,,,,,NI-->MS,NI-->MS,NI-->MS,NI-->MS,NI-->MS,NI-->MS,NI-->MS,NI-->MS,NI-->MS,NI-->MS,NI-->MS,NI-->MS,NI-->MS,NI-->MS,NI-->MS,NI-->MS,NI-->MS,NI-->MS,NI-->MS
MA,MAR,Morocco,Rabat,Africa,Northern Africa,,MA-->NI,MA-->NI,MA-->NI,MA-->NI,MA-->NI,MA-->NI,MA-->NI,MA-->NI,MA-->NI,MA-->NI,MA-->NI,MA-->NI,MA-->NI,MA-->NI,MA-->NI,MA-->NI,MA-->NI,MA-->NI,MA-->NI,,,,,,,,,,,,,,,,,NI-->MA,NI-->MA,NI-->MA,NI-->MA,NI-->MA,NI-->MA,NI-->MA,NI-->MA,NI-->MA,NI-->MA,NI-->MA,NI-->MA,NI-->MA,NI-->MA,NI-->MA,NI-->MA,NI-->MA,NI-->MA,NI-->MA
MZ,MOZ,Mozambique,Maputo,Africa,Eastern Africa,,MZ-->NI,MZ-->NI,MZ-->NI,MZ-->NI,MZ-->NI,MZ-->NI,MZ-->NI,MZ-->NI,MZ-->NI,MZ-->NI,MZ-->NI,MZ-->NI,MZ-->NI,MZ-->NI,MZ-->NI,MZ-->NI,MZ-->NI,MZ-->NI,MZ-->NI,,,,,,,,,,,,,,,,,NI-->MZ,NI-->MZ,NI-->MZ,NI-->MZ,NI-->MZ,NI-->MZ,NI-->MZ,NI-->MZ,NI-->MZ,NI-->MZ,NI-->MZ,NI-->MZ,NI-->MZ,NI-->MZ,NI-->MZ,NI-->MZ,NI-->MZ,NI-->MZ,NI-->MZ
MM,MMR,Myanmar,Naypyidaw,Asia,South-Eastern Asia,,MM-->NI,MM-->NI,MM-->NI,MM-->NI,MM-->NI,MM-->NI,MM-->NI,MM-->NI,MM-->NI,MM-->NI,MM-->NI,MM-->NI,MM-->NI,MM-->NI,MM-->NI,MM-->NI,MM-->NI,MM-->NI,MM-->NI,,,,,,,,,,,,,,,,,NI-->MM,NI-->MM,NI-->MM,NI-->MM,NI-->MM,NI-->MM,NI-->MM,NI-->MM,NI-->MM,NI-->MM,NI-->MM,NI-->MM,NI-->MM,NI-->MM,NI-->MM,NI-->MM,NI-->MM,NI-->MM,NI-->MM
,NAM,Namibia,Windhoek,Africa,Southern Africa,,NA-->NI,NA-->NI,NA-->NI,NA-->NI,NA-->NI,NA-->NI,NA-->NI,NA-->NI,NA-->NI,NA-->NI,NA-->NI,NA-->NI,NA-->NI,NA-->NI,NA-->NI,NA-->NI,NA-->NI,NA-->NI,NA-->NI,,,,,,,,,,,,,,,,,NI-->NA,NI-->NA,NI-->NA,NI-->NA,NI-->NA,NI-->NA,NI-->NA,NI-->NA,NI-->NA,NI-->NA,NI-->NA,NI-->NA,NI-->NA,NI-->NA,NI-->NA,NI-->NA,NI-->NA,NI-->NA,NI-->NA
NR,NRU,Nauru,Yaren,Oceania,Micronesia,,NR-->NI,NR-->NI,NR-->NI,NR-->NI,NR-->NI,NR-->NI,NR-->NI,NR-->NI,NR-->NI,NR-->NI,NR-->NI,NR-->NI,NR-->NI,NR-->NI,NR-->NI,NR-->NI,NR-->NI,NR-->NI,NR-->NI,,,,,,,,,,,,,,,,,NI-->NR,NI-->NR,NI-->NR,NI-->NR,NI-->NR,NI-->NR,NI-->NR,NI-->NR,NI-->NR,NI-->NR,NI-->NR,NI-->NR,NI-->NR,NI-->NR,NI-->NR,NI-->NR,NI-->NR,NI-->NR,NI-->NR
NP,NPL,Nepal,Kathmandu,Asia,Southern Asia,,NP-->NI,NP-->NI,NP-->NI,NP-->NI,NP-->NI,NP-->NI,NP-->NI,NP-->NI,NP-->NI,NP-->NI,NP-->NI,NP-->NI,NP-->NI,NP-->NI,NP-->NI,NP-->NI,NP-->NI,NP-->NI,NP-->NI,,,,,,,,,,,,,,,,,NI-->NP,NI-->NP,NI-->NP,NI-->NP,NI-->NP,NI-->NP,NI-->NP,NI-->NP,NI-->NP,NI-->NP,NI-->NP,NI-->NP,NI-->NP,NI-->NP,NI-->NP,NI-->NP,NI-->NP,NI-->NP,NI-->NP
NL,NLD,Netherlands,Amsterdam,Europe,Western Europe,,NL-->NI,NL-->NI,NL-->NI,NL-->NI,NL-->NI,NL-->NI,NL-->NI,NL-->NI,NL-->NI,NL-->NI,NL-->NI,NL-->NI,NL-->NI,NL-->NI,NL-->NI,NL-->NI,NL-->NI,NL-->NI,NL-->NI,,,,,,,,,,,,,,,,,NI-->NL,NI-->NL,NI-->NL,NI-->NL,NI-->NL,NI-->NL,NI-->NL,NI-->NL,NI-->NL,NI-->NL,NI-->NL,NI-->NL,NI-->NL,NI-->NL,NI-->NL,NI-->NL,NI-->NL,NI-->NL,NI-->NL
NC,NCL,New Caledonia,Nouméa,Oceania,Melanesia,,NC-->NI,NC-->NI,NC-->NI,NC-->NI,NC-->NI,NC-->NI,NC-->NI,NC-->NI,NC-->NI,NC-->NI,NC-->NI,NC-->NI,NC-->NI,NC-->NI,NC-->NI,NC-->NI,NC-->NI,NC-->NI,NC-->NI,,,,,,,,,,,,,,,,,NI-->NC,NI-->NC,NI-->NC,NI-->NC,NI-->NC,NI-->NC,NI-->NC,NI-->NC,NI-->NC,NI-->NC,NI-->NC,NI-->NC,NI-->NC,NI-->NC,NI-->NC,NI-->NC,NI-->NC,NI-->NC,NI-->NC
NZ,NZL,New Zealand,Wellington,Oceania,Australia and New Zealand,,NZ-->NI,NZ-->NI,NZ-->NI,NZ-->NI,NZ-->NI,NZ-->NI,NZ-->NI,NZ-->NI,NZ-->NI,NZ-->NI,NZ-->NI,NZ-->NI,NZ-->NI,NZ-->NI,NZ-->NI,NZ-->NI,NZ-->NI,NZ-->NI,NZ-->NI,,,,,,,,,,,,,,,,,NI-->NZ,NI-->NZ,NI-->NZ,NI-->NZ,NI-->NZ,NI-->NZ,NI-->NZ,NI-->NZ,NI-->NZ,NI-->NZ,NI-->NZ,NI-->NZ,NI-->NZ,NI-->NZ,NI-->NZ,NI-->NZ,NI-->NZ,NI-->NZ,NI-->NZ
NI,NIC,Nicaragua,Managua,Americas,Central America,,NI-->NI,NI-->NI,NI-->NI,NI-->NI,NI-->NI,NI-->NI,NI-->NI,NI-->NI,NI-->NI,NI-->NI,NI-->NI,NI-->NI,NI-->NI,NI-->NI,NI-->NI,NI-->NI,NI-->NI,NI-->NI,NI-->NI,,,,,,,,,,,,,,,,,NI-->NI,NI-->NI,NI-->NI,NI-->NI,NI-->NI,NI-->NI,NI-->NI,NI-->NI,NI-->NI,NI-->NI,NI-->NI,NI-->NI,NI-->NI,NI-->NI,NI-->NI,NI-->NI,NI-->NI,NI-->NI,NI-->NI
NE,NER,Niger,Niamey,Africa,Western Africa,,NE-->NI,NE-->NI,NE-->NI,NE-->NI,NE-->NI,NE-->NI,NE-->NI,NE-->NI,NE-->NI,NE-->NI,NE-->NI,NE-->NI,NE-->NI,NE-->NI,NE-->NI,NE-->NI,NE-->NI,NE-->NI,NE-->NI,,,,,,,,,,,,,,,,,NI-->NE,NI-->NE,NI-->NE,NI-->NE,NI-->NE,NI-->NE,NI-->NE,NI-->NE,NI-->NE,NI-->NE,NI-->NE,NI-->NE,NI-->NE,NI-->NE,NI-->NE,NI-->NE,NI-->NE,NI-->NE,NI-->NE
NG,NGA,Nigeria,Abuja,Africa,Western Africa,,NG-->NI,NG-->NI,NG-->NI,NG-->NI,NG-->NI,NG-->NI,NG-->NI,NG-->NI,NG-->NI,NG-->NI,NG-->NI,NG-->NI,NG-->NI,NG-->NI,NG-->NI,NG-->NI,NG-->NI,NG-->NI,NG-->NI,,,,,,,,,,,,,,,,,NI-->NG,NI-->NG,NI-->NG,NI-->NG,NI-->NG,NI-->NG,NI-->NG,NI-->NG,NI-->NG,NI-->NG,NI-->NG,NI-->NG,NI-->NG,NI-->NG,NI-->NG,NI-->NG,NI-->NG,NI-->NG,NI-->NG
NU,NIU,Niue,Alofi,Oceania,Polynesia,,NU-->NI,NU-->NI,NU-->NI,NU-->NI,NU-->NI,NU-->NI,NU-->NI,NU-->NI,NU-->NI,NU-->NI,NU-->NI,NU-->NI,NU-->NI,NU-->NI,NU-->NI,NU-->NI,NU-->NI,NU-->NI,NU-->NI,,,,,,,,,,,,,,,,,NI-->NU,NI-->NU,NI-->NU,NI-->NU,NI-->NU,NI-->NU,NI-->NU,NI-->NU,NI-->NU,NI-->NU,NI-->NU,NI-->NU,NI-->NU,NI-->NU,NI-->NU,NI-->NU,NI-->NU,NI-->NU,NI-->NU
NF,NFK,Norfolk Island,Kingston,Oceania,Australia and New Zealand,,NF-->NI,NF-->NI,NF-->NI,NF-->NI,NF-->NI,NF-->NI,NF-->NI,NF-->NI,NF-->NI,NF-->NI,NF-->NI,NF-->NI,NF-->NI,NF-->NI,NF-->NI,NF-->NI,NF-->NI,NF-->NI,NF-->NI,,,,,,,,,,,,,,,,,NI-->NF,NI-->NF,NI-->NF,NI-->NF,NI-->NF,NI-->NF,NI-->NF,NI-->NF,NI-->NF,NI-->NF,NI-->NF,NI-->NF,NI-->NF,NI-->NF,NI-->NF,NI-->NF,NI-->NF,NI-->NF,NI-->NF
KP,PRK,North Korea,Pyongyang,Asia,Eastern Asia,,KP-->NI,KP-->NI,KP-->NI,KP-->NI,KP-->NI,KP-->NI,KP-->NI,KP-->NI,KP-->NI,KP-->NI,KP-->NI,KP-->NI,KP-->NI,KP-->NI,KP-->NI,KP-->NI,KP-->NI,KP-->NI,KP-->NI,,,,,,,,,,,,,,,,,NI-->KP,NI-->KP,NI-->KP,NI-->KP,NI-->KP,NI-->KP,NI-->KP,NI-->KP,NI-->KP,NI-->KP,NI-->KP,NI-->KP,NI-->KP,NI-->KP,NI-->KP,NI-->KP,NI-->KP,NI-->KP,NI-->KP
MP,MNP,Northern Mariana Islands,Saipan,Oceania,Micronesia,,MP-->NI,MP-->NI,MP-->NI,MP-->NI,MP-->NI,MP-->NI,MP-->NI,MP-->NI,MP-->NI,MP-->NI,MP-->NI,MP-->NI,MP-->NI,MP-->NI,MP-->NI,MP-->NI,MP-->NI,MP-->NI,MP-->NI,,,,,,,,,,,,,,,,,NI-->MP,NI-->MP,NI-->MP,NI-->MP,NI-->MP,NI-->MP,NI-->MP,NI-->MP,NI-->MP,NI-->MP,NI-->MP,NI-->MP,NI-->MP,NI-->MP,NI-->MP,NI-->MP,NI-->MP,NI-->MP,NI-->MP
NO,NOR,Norway,Oslo,Europe,Northern Europe,,NO-->NI,NO-->NI,NO-->NI,NO-->NI,NO-->NI,NO-->NI,NO-->NI,NO-->NI,NO-->NI,NO-->NI,NO-->NI,NO-->NI,NO-->NI,NO-->NI,NO-->NI,NO-->NI,NO-->NI,NO-->NI,NO-->NI,,,,,,,,,,,,,,,,,NI-->NO,NI-->NO,NI-->NO,NI-->NO,NI-->NO,NI-->NO,NI-->NO,NI-->NO,NI-->NO,NI-->NO,NI-->NO,NI-->NO,NI-->NO,NI-->NO,NI-->NO,NI-->NO,NI-->NO,NI-->NO,NI-->NO
OM,OMN,Oman,Muscat,Asia,Western Asia,,OM-->NI,OM-->NI,OM-->NI,OM-->NI,OM-->NI,OM-->NI,OM-->NI,OM-->NI,OM-->NI,OM-->NI,OM-->NI,OM-->NI,OM-->NI,OM-->NI,OM-->NI,OM-->NI,OM-->NI,OM-->NI,OM-->NI,,,,,,,,,,,,,,,,,NI-->OM,NI-->OM,NI-->OM,NI-->OM,NI-->OM,NI-->OM,NI-->OM,NI-->OM,NI-->OM,NI-->OM,NI-->OM,NI-->OM,NI-->OM,NI-->OM,NI-->OM,NI-->OM,NI-->OM,NI-->OM,NI-->OM
PK,PAK,Pakistan,Islamabad,Asia,Southern Asia,,PK-->NI,PK-->NI,PK-->NI,PK-->NI,PK-->NI,PK-->NI,PK-->NI,PK-->NI,PK-->NI,PK-->NI,PK-->NI,PK-->NI,PK-->NI,PK-->NI,PK-->NI,PK-->NI,PK-->NI,PK-->NI,PK-->NI,,,,,,,,,,,,,,,,,NI-->PK,NI-->PK,NI-->PK,NI-->PK,NI-->PK,NI-->PK,NI-->PK,NI-->PK,NI-->PK,NI-->PK,NI-->PK,NI-->PK,NI-->PK,NI-->PK,NI-->PK,NI-->PK,NI-->PK,NI-->PK,NI-->PK
PW,PLW,Palau,Ngerulmud,Oceania,Micronesia,,PW-->NI,PW-->NI,PW-->NI,PW-->NI,PW-->NI,PW-->NI,PW-->NI,PW-->NI,PW-->NI,PW-->NI,PW-->NI,PW-->NI,PW-->NI,PW-->NI,PW-->NI,PW-->NI,PW-->NI,PW-->NI,PW-->NI,,,,,,,,,,,,,,,,,NI-->PW,NI-->PW,NI-->PW,NI-->PW,NI-->PW,NI-->PW,NI-->PW,NI-->PW,NI-->PW,NI-->PW,NI-->PW,NI-->PW,NI-->PW,NI-->PW,NI-->PW,NI-->PW,NI-->PW,NI-->PW,NI-->PW
PS,PSE,Palestine,Ramallah,Asia,Western Asia,,PS-->NI,PS-->NI,PS-->NI,PS-->NI,PS-->NI,PS-->NI,PS-->NI,PS-->NI,PS-->NI,PS-->NI,PS-->NI,PS-->NI,PS-->NI,PS-->NI,PS-->NI,PS-->NI,PS-->NI,PS-->NI,PS-->NI,,,,,,,,,,,,,,,,,NI-->PS,NI-->PS,NI-->PS,NI-->PS,NI-->PS,NI-->PS,NI-->PS,NI-->PS,NI-->PS,NI-->PS,NI-->PS,NI-->PS,NI-->PS,NI-->PS,NI-->PS,NI-->PS,NI-->PS,NI-->PS,NI-->PS
PA,PAN,Panama,Panama City,Americas,Central America,,PA-->NI,PA-->NI,PA-->NI,PA-->NI,PA-->NI,PA-->NI,PA-->NI,PA-->NI,PA-->NI,PA-->NI,PA-->NI,PA-->NI,PA-->NI,PA-->NI,PA-->NI,PA-->NI,PA-->NI,PA-->NI,PA-->NI,,,,,,,,,,,,,,,,,NI-->PA,NI-->PA,NI-->PA,NI-->PA,NI-->PA,NI-->PA,NI-->PA,NI-->PA,NI-->PA,NI-->PA,NI-->PA,NI-->PA,NI-->PA,NI-->PA,NI-->PA,NI-->PA,NI-->PA,NI-->PA,NI-->PA
PG,PNG,Papua New Guinea,Port Moresby,Oceania,Melanesia,,PG-->NI,PG-->NI,PG-->NI,PG-->NI,PG-->NI,PG-->NI,PG-->NI,PG-->NI,PG-->NI,PG-->NI,PG-->NI,PG-->NI,PG-->NI,PG-->NI,PG-->NI,PG-->NI,PG-->NI,PG-->NI,PG-->NI,,,,,,,,,,,,,,,,,NI-->PG,NI-->PG,NI-->PG,NI-->PG,NI-->PG,NI-->PG,NI-->PG,NI-->PG,NI-->PG,NI-->PG,NI-->PG,NI-->PG,NI-->PG,NI-->PG,NI-->PG,NI-->PG,NI-->PG,NI-->PG,NI-->PG
PY,PRY,Paraguay,Asunción,Americas,South America,,PY-->NI,PY-->NI,PY-->NI,PY-->NI,PY-->NI,PY-->NI,PY-->NI,PY-->NI,PY-->NI,PY-->NI,PY-->NI,PY-->NI,PY-->NI,PY-->NI,PY-->NI,PY-->NI,PY-->NI,PY-->NI,PY-->NI,,,,,,,,,,,,,,,,,NI-->PY,NI-->PY,NI-->PY,NI-->PY,NI-->PY,NI-->PY,NI-->PY,NI-->PY,NI-->PY,NI-->PY,NI-->PY,NI-->PY,NI-->PY,NI-->PY,NI-->PY,NI-->PY,NI-->PY,NI-->PY,NI-->PY
PE,PER,Peru,Lima,Americas,South America,,PE-->NI,PE-->NI,PE-->NI,PE-->NI,PE-->NI,PE-->NI,PE-->NI,PE-->NI,PE-->NI,PE-->NI,PE-->NI,PE-->NI,PE-->NI,PE-->NI,PE-->NI,PE-->NI,PE-->NI,PE-->NI,PE-->NI,,,,,,,,,,,,,,,,,NI-->PE,NI-->PE,NI-->PE,NI-->PE,NI-->PE,NI-->PE,NI-->PE,NI-->PE,NI-->PE,NI-->PE,NI-->PE,NI-->PE,NI-->PE,NI-->PE,NI-->PE,NI-->PE,NI-->PE,NI-->PE,NI-->PE
PH,PHL,Philippines,Manila,Asia,South-Eastern Asia,,PH-->NI,PH-->NI,PH-->NI,PH-->NI,PH-->NI,PH-->NI,PH-->NI,PH-->NI,PH-->NI,PH-->NI,PH-->NI,PH-->NI,PH-->NI,PH-->NI,PH-->NI,PH-->NI,PH-->NI,PH-->NI,PH-->NI,,,,,,,,,,,,,,,,,NI-->PH,NI-->PH,NI-->PH,NI-->PH,NI-->PH,NI-->PH,NI-->PH,NI-->PH,NI-->PH,NI-->PH,NI-->PH,NI-->PH,NI-->PH,NI-->PH,NI-->PH,NI-->PH,NI-->PH,NI-->PH,NI-->PH
PN,PCN,Pitcairn Islands,Adamstown,Oceania,Polynesia,,PN-->NI,PN-->NI,PN-->NI,PN-->NI,PN-->NI,PN-->NI,PN-->NI,PN-->NI,PN-->NI,PN-->NI,PN-->NI,PN-->NI,PN-->NI,PN-->NI,PN-->NI,PN-->NI,PN-->NI,PN-->NI,PN-->NI,,,,,,,,,,,,,,,,,NI-->PN,NI-->PN,NI-->PN,NI-->PN,NI-->PN,NI-->PN,NI-->PN,NI-->PN,NI-->PN,NI-->PN,NI-->PN,NI-->PN,NI-->PN,NI-->PN,NI-->PN,NI-->PN,NI-->PN,NI-->PN,NI-->PN
PL,POL,Poland,Warsaw,Europe,Eastern Europe,,PL-->NI,PL-->NI,PL-->NI,PL-->NI,PL-->NI,PL-->NI,PL-->NI,PL-->NI,PL-->NI,PL-->NI,PL-->NI,PL-->NI,PL-->NI,PL-->NI,PL-->NI,PL-->NI,PL-->NI,PL-->NI,PL-->NI,,,,,,,,,,,,,,,,,NI-->PL,NI-->PL,NI-->PL,NI-->PL,NI-->PL,NI-->PL,NI-->PL,NI-->PL,NI-->PL,NI-->PL,NI-->PL,NI-->PL,NI-->PL,NI-->PL,NI-->PL,NI-->PL,NI-->PL,NI-->PL,NI-->PL
PT,PRT,Portugal,Lisbon,Europe,Southern Europe,,PT-->NI,PT-->NI,PT-->NI,PT-->NI,PT-->NI,PT-->NI,PT-->NI,PT-->NI,PT-->NI,PT-->NI,PT-->NI,PT-->NI,PT-->NI,PT-->NI,PT-->NI,PT-->NI,PT-->NI,PT-->NI,PT-->NI,,,,,,,,,,,,,,,,,NI-->PT,NI-->PT,NI-->PT,NI-->PT,NI-->PT,NI-->PT,NI-->PT,NI-->PT,NI-->PT,NI-->PT,NI-->PT,NI-->PT,NI-->PT,NI-->PT,NI-->PT,NI-->PT,NI-->PT,NI-->PT,NI-->PT
PR,PRI,Puerto Rico,San Juan,Americas,Caribbean,,PR-->NI,PR-->NI,PR-->NI,PR-->NI,PR-->NI,PR-->NI,PR-->NI,PR-->NI,PR-->NI,PR-->NI,PR-->NI,PR-->NI,PR-->NI,PR-->NI,PR-->NI,PR-->NI,PR-->NI,PR-->NI,PR-->NI,,,,,,,,,,,,,,,,,NI-->PR,NI-->PR,NI-->PR,NI-->PR,NI-->PR,NI-->PR,NI-->PR,NI-->PR,NI-->PR,NI-->PR,NI-->PR,NI-->PR,NI-->PR,NI-->PR,NI-->PR,NI-->PR,NI-->PR,NI-->PR,NI-->PR
QA,QAT,Qatar,Doha,Asia,Western Asia,,QA-->NI,QA-->NI,QA-->NI,QA-->NI,QA-->NI,QA-->NI,QA-->NI,QA-->NI,QA-->NI,QA-->NI,QA-->NI,QA-->NI,QA-->NI,QA-->NI,QA-->NI,QA-->NI,QA-->NI,QA-->NI,QA-->NI,,,,,,,,,,,,,,,,,NI-->QA,NI-->QA,NI-->QA,NI-->QA,NI-->QA,NI-->QA,NI-->QA,NI-->QA,NI-->QA,NI-->QA,NI-->QA,NI-->QA,NI-->QA,NI-->QA,NI-->QA,NI-->QA,NI-->QA,NI-->QA,NI-->QA
XK,KOS,Republic of Kosovo,Pristina,Europe,Eastern Europe,,XK-->NI,XK-->NI,XK-->NI,XK-->NI,XK-->NI,XK-->NI,XK-->NI,XK-->NI,XK-->NI,XK-->NI,XK-->NI,XK-->NI,XK-->NI,XK-->NI,XK-->NI,XK-->NI,XK-->NI,XK-->NI,XK-->NI,,,,,,,,,,,,,,,,,NI-->XK,NI-->XK,NI-->XK,NI-->XK,NI-->XK,NI-->XK,NI-->XK,NI-->XK,NI-->XK,NI-->XK,NI-->XK,NI-->XK,NI-->XK,NI-->XK,NI-->XK,NI-->XK,NI-->XK,NI-->XK,NI-->XK
RE,REU,Réunion,Saint-Denis,Africa,Eastern Africa,,RE-->NI,RE-->NI,RE-->NI,RE-->NI,RE-->NI,RE-->NI,RE-->NI,RE-->NI,RE-->NI,RE-->NI,RE-->NI,RE-->NI,RE-->NI,RE-->NI,RE-->NI,RE-->NI,RE-->NI,RE-->NI,RE-->NI,,,,,,,,,,,,,,,,,NI-->RE,NI-->RE,NI-->RE,NI-->RE,NI-->RE,NI-->RE,NI-->RE,NI-->RE,NI-->RE,NI-->RE,NI-->RE,NI-->RE,NI-->RE,NI-->RE,NI-->RE,NI-->RE,NI-->RE,NI-->RE,NI-->RE
RO,ROU,Romania,Bucharest,Europe,Eastern Europe,,RO-->NI,RO-->NI,RO-->NI,RO-->NI,RO-->NI,RO-->NI,RO-->NI,RO-->NI,RO-->NI,RO-->NI,RO-->NI,RO-->NI,RO-->NI,RO-->NI,RO-->NI,RO-->NI,RO-->NI,RO-->NI,RO-->NI,,,,,,,,,,,,,,,,,NI-->RO,NI-->RO,NI-->RO,NI-->RO,NI-->RO,NI-->RO,NI-->RO,NI-->RO,NI-->RO,NI-->RO,NI-->RO,NI-->RO,NI-->RO,NI-->RO,NI-->RO,NI-->RO,NI-->RO,NI-->RO,NI-->RO
RU,RUS,Russia,Moscow,Europe,Eastern Europe,,RU-->NI,RU-->NI,RU-->NI,RU-->NI,RU-->NI,RU-->NI,RU-->NI,RU-->NI,RU-->NI,RU-->NI,RU-->NI,RU-->NI,RU-->NI,RU-->NI,RU-->NI,RU-->NI,RU-->NI,RU-->NI,RU-->NI,,,,,,,,,,,,,,,,,NI-->RU,NI-->RU,NI-->RU,NI-->RU,NI-->RU,NI-->RU,NI-->RU,NI-->RU,NI-->RU,NI-->RU,NI-->RU,NI-->RU,NI-->RU,NI-->RU,NI-->RU,NI-->RU,NI-->RU,NI-->RU,NI-->RU
RW,RWA,Rwanda,Kigali,Africa,Eastern Africa,,RW-->NI,RW-->NI,RW-->NI,RW-->NI,RW-->NI,RW-->NI,RW-->NI,RW-->NI,RW-->NI,RW-->NI,RW-->NI,RW-->NI,RW-->NI,RW-->NI,RW-->NI,RW-->NI,RW-->NI,RW-->NI,RW-->NI,,,,,,,,,,,,,,,,,NI-->RW,NI-->RW,NI-->RW,NI-->RW,NI-->RW,NI-->RW,NI-->RW,NI-->RW,NI-->RW,NI-->RW,NI-->RW,NI-->RW,NI-->RW,NI-->RW,NI-->RW,NI-->RW,NI-->RW,NI-->RW,NI-->RW
BL,BLM,Saint Barthélemy,Gustavia,Americas,Caribbean,,BL-->NI,BL-->NI,BL-->NI,BL-->NI,BL-->NI,BL-->NI,BL-->NI,BL-->NI,BL-->NI,BL-->NI,BL-->NI,BL-->NI,BL-->NI,BL-->NI,BL-->NI,BL-->NI,BL-->NI,BL-->NI,BL-->NI,,,,,,,,,,,,,,,,,NI-->BL,NI-->BL,NI-->BL,NI-->BL,NI-->BL,NI-->BL,NI-->BL,NI-->BL,NI-->BL,NI-->BL,NI-->BL,NI-->BL,NI-->BL,NI-->BL,NI-->BL,NI-->BL,NI-->BL,NI-->BL,NI-->BL
SH,SHN,Saint Helena,Jamestown,Africa,Western Africa,,SH-->NI,SH-->NI,SH-->NI,SH-->NI,SH-->NI,SH-->NI,SH-->NI,SH-->NI,SH-->NI,SH-->NI,SH-->NI,SH-->NI,SH-->NI,SH-->NI,SH-->NI,SH-->NI,SH-->NI,SH-->NI,SH-->NI,,,,,,,,,,,,,,,,,NI-->SH,NI-->SH,NI-->SH,NI-->SH,NI-->SH,NI-->SH,NI-->SH,NI-->SH,NI-->SH,NI-->SH,NI-->SH,NI-->SH,NI-->SH,NI-->SH,NI-->SH,NI-->SH,NI-->SH,NI-->SH,NI-->SH
KN,KNA,Saint Kitts and Nevis,Basseterre,Americas,Caribbean,,KN-->NI,KN-->NI,KN-->NI,KN-->NI,KN-->NI,KN-->NI,KN-->NI,KN-->NI,KN-->NI,KN-->NI,KN-->NI,KN-->NI,KN-->NI,KN-->NI,KN-->NI,KN-->NI,KN-->NI,KN-->NI,KN-->NI,,,,,,,,,,,,,,,,,NI-->KN,NI-->KN,NI-->KN,NI-->KN,NI-->KN,NI-->KN,NI-->KN,NI-->KN,NI-->KN,NI-->KN,NI-->KN,NI-->KN,NI-->KN,NI-->KN,NI-->KN,NI-->KN,NI-->KN,NI-->KN,NI-->KN
LC,LCA,Saint Lucia,Castries,Americas,Caribbean,,LC-->NI,LC-->NI,LC-->NI,LC-->NI,LC-->NI,LC-->NI,LC-->NI,LC-->NI,LC-->NI,LC-->NI,LC-->NI,LC-->NI,LC-->NI,LC-->NI,LC-->NI,LC-->NI,LC-->NI,LC-->NI,LC-->NI,,,,,,,,,,,,,,,,,NI-->LC,NI-->LC,NI-->LC,NI-->LC,NI-->LC,NI-->LC,NI-->LC,NI-->LC,NI-->LC,NI-->LC,NI-->LC,NI-->LC,NI-->LC,NI-->LC,NI-->LC,NI-->LC,NI-->LC,NI-->LC,NI-->LC
MF,MAF,Saint Martin,Marigot,Americas,Caribbean,,MF-->NI,MF-->NI,MF-->NI,MF-->NI,MF-->NI,MF-->NI,MF-->NI,MF-->NI,MF-->NI,MF-->NI,MF-->NI,MF-->NI,MF-->NI,MF-->NI,MF-->NI,MF-->NI,MF-->NI,MF-->NI,MF-->NI,,,,,,,,,,,,,,,,,NI-->MF,NI-->MF,NI-->MF,NI-->MF,NI-->MF,NI-->MF,NI-->MF,NI-->MF,NI-->MF,NI-->MF,NI-->MF,NI-->MF,NI-->MF,NI-->MF,NI-->MF,NI-->MF,NI-->MF,NI-->MF,NI-->MF
PM,SPM,Saint Pierre and Miquelon,Saint-Pierre,Americas,Northern America,,PM-->NI,PM-->NI,PM-->NI,PM-->NI,PM-->NI,PM-->NI,PM-->NI,PM-->NI,PM-->NI,PM-->NI,PM-->NI,PM-->NI,PM-->NI,PM-->NI,PM-->NI,PM-->NI,PM-->NI,PM-->NI,PM-->NI,,,,,,,,,,,,,,,,,NI-->PM,NI-->PM,NI-->PM,NI-->PM,NI-->PM,NI-->PM,NI-->PM,NI-->PM,NI-->PM,NI-->PM,NI-->PM,NI-->PM,NI-->PM,NI-->PM,NI-->PM,NI-->PM,NI-->PM,NI-->PM,NI-->PM
VC,VCT,Saint Vincent and the Grenadines,Kingstown,Americas,Caribbean,,VC-->NI,VC-->NI,VC-->NI,VC-->NI,VC-->NI,VC-->NI,VC-->NI,VC-->NI,VC-->NI,VC-->NI,VC-->NI,VC-->NI,VC-->NI,VC-->NI,VC-->NI,VC-->NI,VC-->NI,VC-->NI,VC-->NI,,,,,,,,,,,,,,,,,NI-->VC,NI-->VC,NI-->VC,NI-->VC,NI-->VC,NI-->VC,NI-->VC,NI-->VC,NI-->VC,NI-->VC,NI-->VC,NI-->VC,NI-->VC,NI-->VC,NI-->VC,NI-->VC,NI-->VC,NI-->VC,NI-->VC
WS,WSM,Samoa,Apia,Oceania,Polynesia,,WS-->NI,WS-->NI,WS-->NI,WS-->NI,WS-->NI,WS-->NI,WS-->NI,WS-->NI,WS-->NI,WS-->NI,WS-->NI,WS-->NI,WS-->NI,WS-->NI,WS-->NI,WS-->NI,WS-->NI,WS-->NI,WS-->NI,,,,,,,,,,,,,,,,,NI-->WS,NI-->WS,NI-->WS,NI-->WS,NI-->WS,NI-->WS,NI-->WS,NI-->WS,NI-->WS,NI-->WS,NI-->WS,NI-->WS,NI-->WS,NI-->WS,NI-->WS,NI-->WS,NI-->WS,NI-->WS,NI-->WS
SM,SMR,San Marino,City of San Marino,Europe,Southern Europe,,SM-->NI,SM-->NI,SM-->NI,SM-->NI,SM-->NI,SM-->NI,SM-->NI,SM-->NI,SM-->NI,SM-->NI,SM-->NI,SM-->NI,SM-->NI,SM-->NI,SM-->NI,SM-->NI,SM-->NI,SM-->NI,SM-->NI,,,,,,,,,,,,,,,,,NI-->SM,NI-->SM,NI-->SM,NI-->SM,NI-->SM,NI-->SM,NI-->SM,NI-->SM,NI-->SM,NI-->SM,NI-->SM,NI-->SM,NI-->SM,NI-->SM,NI-->SM,NI-->SM,NI-->SM,NI-->SM,NI-->SM
ST,STP,São Tomé and Príncipe,São Tomé,Africa,Middle Africa,,ST-->NI,ST-->NI,ST-->NI,ST-->NI,ST-->NI,ST-->NI,ST-->NI,ST-->NI,ST-->NI,ST-->NI,ST-->NI,ST-->NI,ST-->NI,ST-->NI,ST-->NI,ST-->NI,ST-->NI,ST-->NI,ST-->NI,,,,,,,,,,,,,,,,,NI-->ST,NI-->ST,NI-->ST,NI-->ST,NI-->ST,NI-->ST,NI-->ST,NI-->ST,NI-->ST,NI-->ST,NI-->ST,NI-->ST,NI-->ST,NI-->ST,NI-->ST,NI-->ST,NI-->ST,NI-->ST,NI-->ST
SA,SAU,Saudi Arabia,Riyadh,Asia,Western Asia,,SA-->NI,SA-->NI,SA-->NI,SA-->NI,SA-->NI,SA-->NI,SA-->NI,SA-->NI,SA-->NI,SA-->NI,SA-->NI,SA-->NI,SA-->NI,SA-->NI,SA-->NI,SA-->NI,SA-->NI,SA-->NI,SA-->NI,,,,,,,,,,,,,,,,,NI-->SA,NI-->SA,NI-->SA,NI-->SA,NI-->SA,NI-->SA,NI-->SA,NI-->SA,NI-->SA,NI-->SA,NI-->SA,NI-->SA,NI-->SA,NI-->SA,NI-->SA,NI-->SA,NI-->SA,NI-->SA,NI-->SA
SN,SEN,Senegal,Dakar,Africa,Western Africa,,SN-->NI,SN-->NI,SN-->NI,SN-->NI,SN-->NI,SN-->NI,SN-->NI,SN-->NI,SN-->NI,SN-->NI,SN-->NI,SN-->NI,SN-->NI,SN-->NI,SN-->NI,SN-->NI,SN-->NI,SN-->NI,SN-->NI,,,,,,,,,,,,,,,,,NI-->SN,NI-->SN,NI-->SN,NI-->SN,NI-->SN,NI-->SN,NI-->SN,NI-->SN,NI-->SN,NI-->SN,NI-->SN,NI-->SN,NI-->SN,NI-->SN,NI-->SN,NI-->SN,NI-->SN,NI-->SN,NI-->SN
RS,SRB,Serbia,Belgrade,Europe,Southern Europe,,RS-->NI,RS-->NI,RS-->NI,RS-->NI,RS-->NI,RS-->NI,RS-->NI,RS-->NI,RS-->NI,RS-->NI,RS-->NI,RS-->NI,RS-->NI,RS-->NI,RS-->NI,RS-->NI,RS-->NI,RS-->NI,RS-->NI,,,,,,,,,,,,,,,,,NI-->RS,NI-->RS,NI-->RS,NI-->RS,NI-->RS,NI-->RS,NI-->RS,NI-->RS,NI-->RS,NI-->RS,NI-->RS,NI-->RS,NI-->RS,NI-->RS,NI-->RS,NI-->RS,NI-->RS,NI-->RS,NI-->RS
SC,SYC,Seychelles,Victoria,Africa,Eastern Africa,,SC-->NI,SC-->NI,SC-->NI,SC-->NI,SC-->NI,SC-->NI,SC-->NI,SC-->NI,SC-->NI,SC-->NI,SC-->NI,SC-->NI,SC-->NI,SC-->NI,SC-->NI,SC-->NI,SC-->NI,SC-->NI,SC-->NI,,,,,,,,,,,,,,,,,NI-->SC,NI-->SC,NI-->SC,NI-->SC,NI-->SC,NI-->SC,NI-->SC,NI-->SC,NI-->SC,NI-->SC,NI-->SC,NI-->SC,NI-->SC,NI-->SC,NI-->SC,NI-->SC,NI-->SC,NI-->SC,NI-->SC
SL,SLE,Sierra Leone,Freetown,Africa,Western Africa,,SL-->NI,SL-->NI,SL-->NI,SL-->NI,SL-->NI,SL-->NI,SL-->NI,SL-->NI,SL-->NI,SL-->NI,SL-->NI,SL-->NI,SL-->NI,SL-->NI,SL-->NI,SL-->NI,SL-->NI,SL-->NI,SL-->NI,,,,,,,,,,,,,,,,,NI-->SL,NI-->SL,NI-->SL,NI-->SL,NI-->SL,NI-->SL,NI-->SL,NI-->SL,NI-->SL,NI-->SL,NI-->SL,NI-->SL,NI-->SL,NI-->SL,NI-->SL,NI-->SL,NI-->SL,NI-->SL,NI-->SL
SG,SGP,Singapore,Singapore,Asia,South-Eastern Asia,,SG-->NI,SG-->NI,SG-->NI,SG-->NI,SG-->NI,SG-->NI,SG-->NI,SG-->NI,SG-->NI,SG-->NI,SG-->NI,SG-->NI,SG-->NI,SG-->NI,SG-->NI,SG-->NI,SG-->NI,SG-->NI,SG-->NI,,,,,,,,,,,,,,,,,NI-->SG,NI-->SG,NI-->SG,NI-->SG,NI-->SG,NI-->SG,NI-->SG,NI-->SG,NI-->SG,NI-->SG,NI-->SG,NI-->SG,NI-->SG,NI-->SG,NI-->SG,NI-->SG,NI-->SG,NI-->SG,NI-->SG
SX,SXM,Sint Maarten,Philipsburg,Americas,Caribbean,,SX-->NI,SX-->NI,SX-->NI,SX-->NI,SX-->NI,SX-->NI,SX-->NI,SX-->NI,SX-->NI,SX-->NI,SX-->NI,SX-->NI,SX-->NI,SX-->NI,SX-->NI,SX-->NI,SX-->NI,SX-->NI,SX-->NI,,,,,,,,,,,,,,,,,NI-->SX,NI-->SX,NI-->SX,NI-->SX,NI-->SX,NI-->SX,NI-->SX,NI-->SX,NI-->SX,NI-->SX,NI-->SX,NI-->SX,NI-->SX,NI-->SX,NI-->SX,NI-->SX,NI-->SX,NI-->SX,NI-->SX
SK,SVK,Slovakia,Bratislava,Europe,Eastern Europe,,SK-->NI,SK-->NI,SK-->NI,SK-->NI,SK-->NI,SK-->NI,SK-->NI,SK-->NI,SK-->NI,SK-->NI,SK-->NI,SK-->NI,SK-->NI,SK-->NI,SK-->NI,SK-->NI,SK-->NI,SK-->NI,SK-->NI,,,,,,,,,,,,,,,,,NI-->SK,NI-->SK,NI-->SK,NI-->SK,NI-->SK,NI-->SK,NI-->SK,NI-->SK,NI-->SK,NI-->SK,NI-->SK,NI-->SK,NI-->SK,NI-->SK,NI-->SK,NI-->SK,NI-->SK,NI-->SK,NI-->SK
SI,SVN,Slovenia,Ljubljana,Europe,Southern Europe,,SI-->NI,SI-->NI,SI-->NI,SI-->NI,SI-->NI,SI-->NI,SI-->NI,SI-->NI,SI-->NI,SI-->NI,SI-->NI,SI-->NI,SI-->NI,SI-->NI,SI-->NI,SI-->NI,SI-->NI,SI-->NI,SI-->NI,,,,,,,,,,,,,,,,,NI-->SI,NI-->SI,NI-->SI,NI-->SI,NI-->SI,NI-->SI,NI-->SI,NI-->SI,NI-->SI,NI-->SI,NI-->SI,NI-->SI,NI-->SI,NI-->SI,NI-->SI,NI-->SI,NI-->SI,NI-->SI,NI-->SI
SB,SLB,Solomon Islands,Honiara,Oceania,Melanesia,,SB-->NI,SB-->NI,SB-->NI,SB-->NI,SB-->NI,SB-->NI,SB-->NI,SB-->NI,SB-->NI,SB-->NI,SB-->NI,SB-->NI,SB-->NI,SB-->NI,SB-->NI,SB-->NI,SB-->NI,SB-->NI,SB-->NI,,,,,,,,,,,,,,,,,NI-->SB,NI-->SB,NI-->SB,NI-->SB,NI-->SB,NI-->SB,NI-->SB,NI-->SB,NI-->SB,NI-->SB,NI-->SB,NI-->SB,NI-->SB,NI-->SB,NI-->SB,NI-->SB,NI-->SB,NI-->SB,NI-->SB
SO,SOM,Somalia,Mogadishu,Africa,Eastern Africa,,SO-->NI,SO-->NI,SO-->NI,SO-->NI,SO-->NI,SO-->NI,SO-->NI,SO-->NI,SO-->NI,SO-->NI,SO-->NI,SO-->NI,SO-->NI,SO-->NI,SO-->NI,SO-->NI,SO-->NI,SO-->NI,SO-->NI,,,,,,,,,,,,,,,,,NI-->SO,NI-->SO,NI-->SO,NI-->SO,NI-->SO,NI-->SO,NI-->SO,NI-->SO,NI-->SO,NI-->SO,NI-->SO,NI-->SO,NI-->SO,NI-->SO,NI-->SO,NI-->SO,NI-->SO,NI-->SO,NI-->SO
ZA,ZAF,South Africa,Pretoria,Africa,Southern Africa,,ZA-->NI,ZA-->NI,ZA-->NI,ZA-->NI,ZA-->NI,ZA-->NI,ZA-->NI,ZA-->NI,ZA-->NI,ZA-->NI,ZA-->NI,ZA-->NI,ZA-->NI,ZA-->NI,ZA-->NI,ZA-->NI,ZA-->NI,ZA-->NI,ZA-->NI,,,,,,,,,,,,,,,,,NI-->ZA,NI-->ZA,NI-->ZA,NI-->ZA,NI-->ZA,NI-->ZA,NI-->ZA,NI-->ZA,NI-->ZA,NI-->ZA,NI-->ZA,NI-->ZA,NI-->ZA,NI-->ZA,NI-->ZA,NI-->ZA,NI-->ZA,NI-->ZA,NI-->ZA
GS,SGS,South Georgia,King Edward Point,Americas,South America,,GS-->NI,GS-->NI,GS-->NI,GS-->NI,GS-->NI,GS-->NI,GS-->NI,GS-->NI,GS-->NI,GS-->NI,GS-->NI,GS-->NI,GS-->NI,GS-->NI,GS-->NI,GS-->NI,GS-->NI,GS-->NI,GS-->NI,,,,,,,,,,,,,,,,,NI-->GS,NI-->GS,NI-->GS,NI-->GS,NI-->GS,NI-->GS,NI-->GS,NI-->GS,NI-->GS,NI-->GS,NI-->GS,NI-->GS,NI-->GS,NI-->GS,NI-->GS,NI-->GS,NI-->GS,NI-->GS,NI-->GS
KR,KOR,South Korea,Seoul,Asia,Eastern Asia,,KR-->NI,KR-->NI,KR-->NI,KR-->NI,KR-->NI,KR-->NI,KR-->NI,KR-->NI,KR-->NI,KR-->NI,KR-->NI,KR-->NI,KR-->NI,KR-->NI,KR-->NI,KR-->NI,KR-->NI,KR-->NI,KR-->NI,,,,,,,,,,,,,,,,,NI-->KR,NI-->KR,NI-->KR,NI-->KR,NI-->KR,NI-->KR,NI-->KR,NI-->KR,NI-->KR,NI-->KR,NI-->KR,NI-->KR,NI-->KR,NI-->KR,NI-->KR,NI-->KR,NI-->KR,NI-->KR,NI-->KR
SS,SSD,South Sudan,Juba,Africa,Middle Africa,,SS-->NI,SS-->NI,SS-->NI,SS-->NI,SS-->NI,SS-->NI,SS-->NI,SS-->NI,SS-->NI,SS-->NI,SS-->NI,SS-->NI,SS-->NI,SS-->NI,SS-->NI,SS-->NI,SS-->NI,SS-->NI,SS-->NI,,,,,,,,,,,,,,,,,NI-->SS,NI-->SS,NI-->SS,NI-->SS,NI-->SS,NI-->SS,NI-->SS,NI-->SS,NI-->SS,NI-->SS,NI-->SS,NI-->SS,NI-->SS,NI-->SS,NI-->SS,NI-->SS,NI-->SS,NI-->SS,NI-->SS
ES,ESP,Spain,Madrid,Europe,Southern Europe,,ES-->NI,ES-->NI,ES-->NI,ES-->NI,ES-->NI,ES-->NI,ES-->NI,ES-->NI,ES-->NI,ES-->NI,ES-->NI,ES-->NI,ES-->NI,ES-->NI,ES-->NI,ES-->NI,ES-->NI,ES-->NI,ES-->NI,,,,,,,,,,,,,,,,,NI-->ES,NI-->ES,NI-->ES,NI-->ES,NI-->ES,NI-->ES,NI-->ES,NI-->ES,NI-->ES,NI-->ES,NI-->ES,NI-->ES,NI-->ES,NI-->ES,NI-->ES,NI-->ES,NI-->ES,NI-->ES,NI-->ES
LK,LKA,Sri Lanka,Colombo,Asia,Southern Asia,,LK-->NI,LK-->NI,LK-->NI,LK-->NI,LK-->NI,LK-->NI,LK-->NI,LK-->NI,LK-->NI,LK-->NI,LK-->NI,LK-->NI,LK-->NI,LK-->NI,LK-->NI,LK-->NI,LK-->NI,LK-->NI,LK-->NI,,,,,,,,,,,,,,,,,NI-->LK,NI-->LK,NI-->LK,NI-->LK,NI-->LK,NI-->LK,NI-->LK,NI-->LK,NI-->LK,NI-->LK,NI-->LK,NI-->LK,NI-->LK,NI-->LK,NI-->LK,NI-->LK,NI-->LK,NI-->LK,NI-->LK
SD,SDN,Sudan,Khartoum,Africa,Northern Africa,,SD-->NI,SD-->NI,SD-->NI,SD-->NI,SD-->NI,SD-->NI,SD-->NI,SD-->NI,SD-->NI,SD-->NI,SD-->NI,SD-->NI,SD-->NI,SD-->NI,SD-->NI,SD-->NI,SD-->NI,SD-->NI,SD-->NI,,,,,,,,,,,,,,,,,NI-->SD,NI-->SD,NI-->SD,NI-->SD,NI-->SD,NI-->SD,NI-->SD,NI-->SD,NI-->SD,NI-->SD,NI-->SD,NI-->SD,NI-->SD,NI-->SD,NI-->SD,NI-->SD,NI-->SD,NI-->SD,NI-->SD
SR,SUR,Suriname,Paramaribo,Americas,South America,,SR-->NI,SR-->NI,SR-->NI,SR-->NI,SR-->NI,SR-->NI,SR-->NI,SR-->NI,SR-->NI,SR-->NI,SR-->NI,SR-->NI,SR-->NI,SR-->NI,SR-->NI,SR-->NI,SR-->NI,SR-->NI,SR-->NI,,,,,,,,,,,,,,,,,NI-->SR,NI-->SR,NI-->SR,NI-->SR,NI-->SR,NI-->SR,NI-->SR,NI-->SR,NI-->SR,NI-->SR,NI-->SR,NI-->SR,NI-->SR,NI-->SR,NI-->SR,NI-->SR,NI-->SR,NI-->SR,NI-->SR
SJ,SJM,Svalbard and Jan Mayen,Longyearbyen,Europe,Northern Europe,,SJ-->NI,SJ-->NI,SJ-->NI,SJ-->NI,SJ-->NI,SJ-->NI,SJ-->NI,SJ-->NI,SJ-->NI,SJ-->NI,SJ-->NI,SJ-->NI,SJ-->NI,SJ-->NI,SJ-->NI,SJ-->NI,SJ-->NI,SJ-->NI,SJ-->NI,,,,,,,,,,,,,,,,,NI-->SJ,NI-->SJ,NI-->SJ,NI-->SJ,NI-->SJ,NI-->SJ,NI-->SJ,NI-->SJ,NI-->SJ,NI-->SJ,NI-->SJ,NI-->SJ,NI-->SJ,NI-->SJ,NI-->SJ,NI-->SJ,NI-->SJ,NI-->SJ,NI-->SJ
SZ,SWZ,Swaziland,Lobamba,Africa,Southern Africa,,SZ-->NI,SZ-->NI,SZ-->NI,SZ-->NI,SZ-->NI,SZ-->NI,SZ-->NI,SZ-->NI,SZ-->NI,SZ-->NI,SZ-->NI,SZ-->NI,SZ-->NI,SZ-->NI,SZ-->NI,SZ-->NI,SZ-->NI,SZ-->NI,SZ-->NI,,,,,,,,,,,,,,,,,NI-->SZ,NI-->SZ,NI-->SZ,NI-->SZ,NI-->SZ,NI-->SZ,NI-->SZ,NI-->SZ,NI-->SZ,NI-->SZ,NI-->SZ,NI-->SZ,NI-->SZ,NI-->SZ,NI-->SZ,NI-->SZ,NI-->SZ,NI-->SZ,NI-->SZ
SE,SWE,Sweden,Stockholm,Europe,Northern Europe,,SE-->NI,SE-->NI,SE-->NI,SE-->NI,SE-->NI,SE-->NI,SE-->NI,SE-->NI,SE-->NI,SE-->NI,SE-->NI,SE-->NI,SE-->NI,SE-->NI,SE-->NI,SE-->NI,SE-->NI,SE-->NI,SE-->NI,,,,,,,,,,,,,,,,,NI-->SE,NI-->SE,NI-->SE,NI-->SE,NI-->SE,NI-->SE,NI-->SE,NI-->SE,NI-->SE,NI-->SE,NI-->SE,NI-->SE,NI-->SE,NI-->SE,NI-->SE,NI-->SE,NI-->SE,NI-->SE,NI-->SE
CH,CHE,Switzerland,Bern,Europe,Western Europe,,CH-->NI,CH-->NI,CH-->NI,CH-->NI,CH-->NI,CH-->NI,CH-->NI,CH-->NI,CH-->NI,CH-->NI,CH-->NI,CH-->NI,CH-->NI,CH-->NI,CH-->NI,CH-->NI,CH-->NI,CH-->NI,CH-->NI,,,,,,,,,,,,,,,,,NI-->CH,NI-->CH,NI-->CH,NI-->CH,NI-->CH,NI-->CH,NI-->CH,NI-->CH,NI-->CH,NI-->CH,NI-->CH,NI-->CH,NI-->CH,NI-->CH,NI-->CH,NI-->CH,NI-->CH,NI-->CH,NI-->CH
SY,SYR,Syria,Damascus,Asia,Western Asia,,SY-->NI,SY-->NI,SY-->NI,SY-->NI,SY-->NI,SY-->NI,SY-->NI,SY-->NI,SY-->NI,SY-->NI,SY-->NI,SY-->NI,SY-->NI,SY-->NI,SY-->NI,SY-->NI,SY-->NI,SY-->NI,SY-->NI,,,,,,,,,,,,,,,,,NI-->SY,NI-->SY,NI-->SY,NI-->SY,NI-->SY,NI-->SY,NI-->SY,NI-->SY,NI-->SY,NI-->SY,NI-->SY,NI-->SY,NI-->SY,NI-->SY,NI-->SY,NI-->SY,NI-->SY,NI-->SY,NI-->SY
TW,TWN,Taiwan,Taipei,Asia,Eastern Asia,,TW-->NI,TW-->NI,TW-->NI,TW-->NI,TW-->NI,TW-->NI,TW-->NI,TW-->NI,TW-->NI,TW-->NI,TW-->NI,TW-->NI,TW-->NI,TW-->NI,TW-->NI,TW-->NI,TW-->NI,TW-->NI,TW-->NI,,,,,,,,,,,,,,,,,NI-->TW,NI-->TW,NI-->TW,NI-->TW,NI-->TW,NI-->TW,NI-->TW,NI-->TW,NI-->TW,NI-->TW,NI-->TW,NI-->TW,NI-->TW,NI-->TW,NI-->TW,NI-->TW,NI-->TW,NI-->TW,NI-->TW
TJ,TJK,Tajikistan,Dushanbe,Asia,Central Asia,,TJ-->NI,TJ-->NI,TJ-->NI,TJ-->NI,TJ-->NI,TJ-->NI,TJ-->NI,TJ-->NI,TJ-->NI,TJ-->NI,TJ-->NI,TJ-->NI,TJ-->NI,TJ-->NI,TJ-->NI,TJ-->NI,TJ-->NI,TJ-->NI,TJ-->NI,,,,,,,,,,,,,,,,,NI-->TJ,NI-->TJ,NI-->TJ,NI-->TJ,NI-->TJ,NI-->TJ,NI-->TJ,NI-->TJ,NI-->TJ,NI-->TJ,NI-->TJ,NI-->TJ,NI-->TJ,NI-->TJ,NI-->TJ,NI-->TJ,NI-->TJ,NI-->TJ,NI-->TJ
TZ,TZA,Tanzania,Dodoma,Africa,Eastern Africa,,TZ-->NI,TZ-->NI,TZ-->NI,TZ-->NI,TZ-->NI,TZ-->NI,TZ-->NI,TZ-->NI,TZ-->NI,TZ-->NI,TZ-->NI,TZ-->NI,TZ-->NI,TZ-->NI,TZ-->NI,TZ-->NI,TZ-->NI,TZ-->NI,TZ-->NI,,,,,,,,,,,,,,,,,NI-->TZ,NI-->TZ,NI-->TZ,NI-->TZ,NI-->TZ,NI-->TZ,NI-->TZ,NI-->TZ,NI-->TZ,NI-->TZ,NI-->TZ,NI-->TZ,NI-->TZ,NI-->TZ,NI-->TZ,NI-->TZ,NI-->TZ,NI-->TZ,NI-->TZ
TH,THA,Thailand,Bangkok,Asia,South-Eastern Asia,,TH-->NI,TH-->NI,TH-->NI,TH-->NI,TH-->NI,TH-->NI,TH-->NI,TH-->NI,TH-->NI,TH-->NI,TH-->NI,TH-->NI,TH-->NI,TH-->NI,TH-->NI,TH-->NI,TH-->NI,TH-->NI,TH-->NI,,,,,,,,,,,,,,,,,NI-->TH,NI-->TH,NI-->TH,NI-->TH,NI-->TH,NI-->TH,NI-->TH,NI-->TH,NI-->TH,NI-->TH,NI-->TH,NI-->TH,NI-->TH,NI-->TH,NI-->TH,NI-->TH,NI-->TH,NI-->TH,NI-->TH
TL,TLS,East Timor,Dili,Asia,South-Eastern Asia,,TL-->NI,TL-->NI,TL-->NI,TL-->NI,TL-->NI,TL-->NI,TL-->NI,TL-->NI,TL-->NI,TL-->NI,TL-->NI,TL-->NI,TL-->NI,TL-->NI,TL-->NI,TL-->NI,TL-->NI,TL-->NI,TL-->NI,,,,,,,,,,,,,,,,,NI-->TL,NI-->TL,NI-->TL,NI-->TL,NI-->TL,NI-->TL,NI-->TL,NI-->TL,NI-->TL,NI-->TL,NI-->TL,NI-->TL,NI-->TL,NI-->TL,NI-->TL,NI-->TL,NI-->TL,NI-->TL,NI-->TL
TG,TGO,Togo,Lomé,Africa,Western Africa,,TG-->NI,TG-->NI,TG-->NI,TG-->NI,TG-->NI,TG-->NI,TG-->NI,TG-->NI,TG-->NI,TG-->NI,TG-->NI,TG-->NI,TG-->NI,TG-->NI,TG-->NI,TG-->NI,TG-->NI,TG-->NI,TG-->NI,,,,,,,,,,,,,,,,,NI-->TG,NI-->TG,NI-->TG,NI-->TG,NI-->TG,NI-->TG,NI-->TG,NI-->TG,NI-->TG,NI-->TG,NI-->TG,NI-->TG,NI-->TG,NI-->TG,NI-->TG,NI-->TG,NI-->TG,NI-->TG,NI-->TG
TK,TKL,Tokelau,Fakaofo,Oceania,Polynesia,,TK-->NI,TK-->NI,TK-->NI,TK-->NI,TK-->NI,TK-->NI,TK-->NI,TK-->NI,TK-->NI,TK-->NI,TK-->NI,TK-->NI,TK-->NI,TK-->NI,TK-->NI,TK-->NI,TK-->NI,TK-->NI,TK-->NI,,,,,,,,,,,,,,,,,NI-->TK,NI-->TK,NI-->TK,NI-->TK,NI-->TK,NI-->TK,NI-->TK,NI-->TK,NI-->TK,NI-->TK,NI-->TK,NI-->TK,NI-->TK,NI-->TK,NI-->TK,NI-->TK,NI-->TK,NI-->TK,NI-->TK
TO,TON,Tonga,Nuku'alofa,Oceania,Polynesia,,TO-->NI,TO-->NI,TO-->NI,TO-->NI,TO-->NI,TO-->NI,TO-->NI,TO-->NI,TO-->NI,TO-->NI,TO-->NI,TO-->NI,TO-->NI,TO-->NI,TO-->NI,TO-->NI,TO-->NI,TO-->NI,TO-->NI,,,,,,,,,,,,,,,,,NI-->TO,NI-->TO,NI-->TO,NI-->TO,NI-->TO,NI-->TO,NI-->TO,NI-->TO,NI-->TO,NI-->TO,NI-->TO,NI-->TO,NI-->TO,NI-->TO,NI-->TO,NI-->TO,NI-->TO,NI-->TO,NI-->TO
TT,TTO,Trinidad and Tobago,Port of Spain,Americas,Caribbean,,TT-->NI,TT-->NI,TT-->NI,TT-->NI,TT-->NI,TT-->NI,TT-->NI,TT-->NI,TT-->NI,TT-->NI,TT-->NI,TT-->NI,TT-->NI,TT-->NI,TT-->NI,TT-->NI,TT-->NI,TT-->NI,TT-->NI,,,,,,,,,,,,,,,,,NI-->TT,NI-->TT,NI-->TT,NI-->TT,NI-->TT,NI-->TT,NI-->TT,NI-->TT,NI-->TT,NI-->TT,NI-->TT,NI-->TT,NI-->TT,NI-->TT,NI-->TT,NI-->TT,NI-->TT,NI-->TT,NI-->TT
TN,TUN,Tunisia,Tunis,Africa,Northern Africa,,TN-->NI,TN-->NI,TN-->NI,TN-->NI,TN-->NI,TN-->NI,TN-->NI,TN-->NI,TN-->NI,TN-->NI,TN-->NI,TN-->NI,TN-->NI,TN-->NI,TN-->NI,TN-->NI,TN-->NI,TN-->NI,TN-->NI,,,,,,,,,,,,,,,,,NI-->TN,NI-->TN,NI-->TN,NI-->TN,NI-->TN,NI-->TN,NI-->TN,NI-->TN,NI-->TN,NI-->TN,NI-->TN,NI-->TN,NI-->TN,NI-->TN,NI-->TN,NI-->TN,NI-->TN,NI-->TN,NI-->TN
TR,TUR,Turkey,Ankara,Asia,Western Asia,,TR-->NI,TR-->NI,TR-->NI,TR-->NI,TR-->NI,TR-->NI,TR-->NI,TR-->NI,TR-->NI,TR-->NI,TR-->NI,TR-->NI,TR-->NI,TR-->NI,TR-->NI,TR-->NI,TR-->NI,TR-->NI,TR-->NI,,,,,,,,,,,,,,,,,NI-->TR,NI-->TR,NI-->TR,NI-->TR,NI-->TR,NI-->TR,NI-->TR,NI-->TR,NI-->TR,NI-->TR,NI-->TR,NI-->TR,NI-->TR,NI-->TR,NI-->TR,NI-->TR,NI-->TR,NI-->TR,NI-->TR
TM,TKM,Turkmenistan,Ashgabat,Asia,Central Asia,,TM-->NI,TM-->NI,TM-->NI,TM-->NI,TM-->NI,TM-->NI,TM-->NI,TM-->NI,TM-->NI,TM-->NI,TM-->NI,TM-->NI,TM-->NI,TM-->NI,TM-->NI,TM-->NI,TM-->NI,TM-->NI,TM-->NI,,,,,,,,,,,,,,,,,NI-->TM,NI-->TM,NI-->TM,NI-->TM,NI-->TM,NI-->TM,NI-->TM,NI-->TM,NI-->TM,NI-->TM,NI-->TM,NI-->TM,NI-->TM,NI-->TM,NI-->TM,NI-->TM,NI-->TM,NI-->TM,NI-->TM
TC,TCA,Turks and Caicos Islands,Cockburn Town,Americas,Caribbean,,TC-->NI,TC-->NI,TC-->NI,TC-->NI,TC-->NI,TC-->NI,TC-->NI,TC-->NI,TC-->NI,TC-->NI,TC-->NI,TC-->NI,TC-->NI,TC-->NI,TC-->NI,TC-->NI,TC-->NI,TC-->NI,TC-->NI,,,,,,,,,,,,,,,,,NI-->TC,NI-->TC,NI-->TC,NI-->TC,NI-->TC,NI-->TC,NI-->TC,NI-->TC,NI-->TC,NI-->TC,NI-->TC,NI-->TC,NI-->TC,NI-->TC,NI-->TC,NI-->TC,NI-->TC,NI-->TC,NI-->TC
TV,TUV,Tuvalu,Funafuti,Oceania,Polynesia,,TV-->NI,TV-->NI,TV-->NI,TV-->NI,TV-->NI,TV-->NI,TV-->NI,TV-->NI,TV-->NI,TV-->NI,TV-->NI,TV-->NI,TV-->NI,TV-->NI,TV-->NI,TV-->NI,TV-->NI,TV-->NI,TV-->NI,,,,,,,,,,,,,,,,,NI-->TV,NI-->TV,NI-->TV,NI-->TV,NI-->TV,NI-->TV,NI-->TV,NI-->TV,NI-->TV,NI-->TV,NI-->TV,NI-->TV,NI-->TV,NI-->TV,NI-->TV,NI-->TV,NI-->TV,NI-->TV,NI-->TV
UG,UGA,Uganda,Kampala,Africa,Eastern Africa,,UG-->NI,UG-->NI,UG-->NI,UG-->NI,UG-->NI,UG-->NI,UG-->NI,UG-->NI,UG-->NI,UG-->NI,UG-->NI,UG-->NI,UG-->NI,UG-->NI,UG-->NI,UG-->NI,UG-->NI,UG-->NI,UG-->NI,,,,,,,,,,,,,,,,,NI-->UG,NI-->UG,NI-->UG,NI-->UG,NI-->UG,NI-->UG,NI-->UG,NI-->UG,NI-->UG,NI-->UG,NI-->UG,NI-->UG,NI-->UG,NI-->UG,NI-->UG,NI-->UG,NI-->UG,NI-->UG,NI-->UG
UA,UKR,Ukraine,Kiev,Europe,Eastern Europe,,UA-->NI,UA-->NI,UA-->NI,UA-->NI,UA-->NI,UA-->NI,UA-->NI,UA-->NI,UA-->NI,UA-->NI,UA-->NI,UA-->NI,UA-->NI,UA-->NI,UA-->NI,UA-->NI,UA-->NI,UA-->NI,UA-->NI,,,,,,,,,,,,,,,,,NI-->UA,NI-->UA,NI-->UA,NI-->UA,NI-->UA,NI-->UA,NI-->UA,NI-->UA,NI-->UA,NI-->UA,NI-->UA,NI-->UA,NI-->UA,NI-->UA,NI-->UA,NI-->UA,NI-->UA,NI-->UA,NI-->UA
AE,ARE,United Arab Emirates,Abu Dhabi,Asia,Western Asia,,AE-->NI,AE-->NI,AE-->NI,AE-->NI,AE-->NI,AE-->NI,AE-->NI,AE-->NI,AE-->NI,AE-->NI,AE-->NI,AE-->NI,AE-->NI,AE-->NI,AE-->NI,AE-->NI,AE-->NI,AE-->NI,AE-->NI,,,,,,,,,,,,,,,,,NI-->AE,NI-->AE,NI-->AE,NI-->AE,NI-->AE,NI-->AE,NI-->AE,NI-->AE,NI-->AE,NI-->AE,NI-->AE,NI-->AE,NI-->AE,NI-->AE,NI-->AE,NI-->AE,NI-->AE,NI-->AE,NI-->AE
GB,GBR,United Kingdom,London,Europe,Northern Europe,,GB-->NI,GB-->NI,GB-->NI,GB-->NI,GB-->NI,GB-->NI,GB-->NI,GB-->NI,GB-->NI,GB-->NI,GB-->NI,GB-->NI,GB-->NI,GB-->NI,GB-->NI,GB-->NI,GB-->NI,GB-->NI,GB-->NI,,,,,,,,,,,,,,,,,NI-->GB,NI-->GB,NI-->GB,NI-->GB,NI-->GB,NI-->GB,NI-->GB,NI-->GB,NI-->GB,NI-->GB,NI-->GB,NI-->GB,NI-->GB,NI-->GB,NI-->GB,NI-->GB,NI-->GB,NI-->GB,NI-->GB
US,USA,United States,"Washington, D.C.",Americas,Northern America,,US-->NI,US-->NI,US-->NI,US-->NI,US-->NI,US-->NI,US-->NI,US-->NI,US-->NI,US-->NI,US-->NI,US-->NI,US-->NI,US-->NI,US-->NI,US-->NI,US-->NI,US-->NI,US-->NI,,,,,,,,,,,,,,,,,NI-->US,NI-->US,NI-->US,NI-->US,NI-->US,NI-->US,NI-->US,NI-->US,NI-->US,NI-->US,NI-->US,NI-->US,NI-->US,NI-->US,NI-->US,NI-->US,NI-->US,NI-->US,NI-->US
UY,URY,Uruguay,Montevideo,Americas,South America,,UY-->NI,UY-->NI,UY-->NI,UY-->NI,UY-->NI,UY-->NI,UY-->NI,UY-->NI,UY-->NI,UY-->NI,UY-->NI,UY-->NI,UY-->NI,UY-->NI,UY-->NI,UY-->NI,UY-->NI,UY-->NI,UY-->NI,,,,,,,,,,,,,,,,,NI-->UY,NI-->UY,NI-->UY,NI-->UY,NI-->UY,NI-->UY,NI-->UY,NI-->UY,NI-->UY,NI-->UY,NI-->UY,NI-->UY,NI-->UY,NI-->UY,NI-->UY,NI-->UY,NI-->UY,NI-->UY,NI-->UY
UZ,UZB,Uzbekistan,Tashkent,Asia,Central Asia,,UZ-->NI,UZ-->NI,UZ-->NI,UZ-->NI,UZ-->NI,UZ-->NI,UZ-->NI,UZ-->NI,UZ-->NI,UZ-->NI,UZ-->NI,UZ-->NI,UZ-->NI,UZ-->NI,UZ-->NI,UZ-->NI,UZ-->NI,UZ-->NI,UZ-->NI,,,,,,,,,,,,,,,,,NI-->UZ,NI-->UZ,NI-->UZ,NI-->UZ,NI-->UZ,NI-->UZ,NI-->UZ,NI-->UZ,NI-->UZ,NI-->UZ,NI-->UZ,NI-->UZ,NI-->UZ,NI-->UZ,NI-->UZ,NI-->UZ,NI-->UZ,NI-->UZ,NI-->UZ
VU,VUT,Vanuatu,Port Vila,Oceania,Melanesia,,VU-->NI,VU-->NI,VU-->NI,VU-->NI,VU-->NI,VU-->NI,VU-->NI,VU-->NI,VU-->NI,VU-->NI,VU-->NI,VU-->NI,VU-->NI,VU-->NI,VU-->NI,VU-->NI,VU-->NI,VU-->NI,VU-->NI,,,,,,,,,,,,,,,,,NI-->VU,NI-->VU,NI-->VU,NI-->VU,NI-->VU,NI-->VU,NI-->VU,NI-->VU,NI-->VU,NI-->VU,NI-->VU,NI-->VU,NI-->VU,NI-->VU,NI-->VU,NI-->VU,NI-->VU,NI-->VU,NI-->VU
VE,VEN,Venezuela,Caracas,Americas,South America,,VE-->NI,VE-->NI,VE-->NI,VE-->NI,VE-->NI,VE-->NI,VE-->NI,VE-->NI,VE-->NI,VE-->NI,VE-->NI,VE-->NI,VE-->NI,VE-->NI,VE-->NI,VE-->NI,VE-->NI,VE-->NI,VE-->NI,,,,,,,,,,,,,,,,,NI-->VE,NI-->VE,NI-->VE,NI-->VE,NI-->VE,NI-->VE,NI-->VE,NI-->VE,NI-->VE,NI-->VE,NI-->VE,NI-->VE,NI-->VE,NI-->VE,NI-->VE,NI-->VE,NI-->VE,NI-->VE,NI-->VE
VN,VNM,Vietnam,Hanoi,Asia,South-Eastern Asia,,VN-->NI,VN-->NI,VN-->NI,VN-->NI,VN-->NI,VN-->NI,VN-->NI,VN-->NI,VN-->NI,VN-->NI,VN-->NI,VN-->NI,VN-->NI,VN-->NI,VN-->NI,VN-->NI,VN-->NI,VN-->NI,VN-->NI,,,,,,,,,,,,,,,,,NI-->VN,NI-->VN,NI-->VN,NI-->VN,NI-->VN,NI-->VN,NI-->VN,NI-->VN,NI-->VN,NI-->VN,NI-->VN,NI-->VN,NI-->VN,NI-->VN,NI-->VN,NI-->VN,NI-->VN,NI-->VN,NI-->VN
WF,WLF,Wallis and Futuna,Mata-Utu,Oceania,Polynesia,,WF-->NI,WF-->NI,WF-->NI,WF-->NI,WF-->NI,WF-->NI,WF-->NI,WF-->NI,WF-->NI,WF-->NI,WF-->NI,WF-->NI,WF-->NI,WF-->NI,WF-->NI,WF-->NI,WF-->NI,WF-->NI,WF-->NI,,,,,,,,,,,,,,,,,NI-->WF,NI-->WF,NI-->WF,NI-->WF,NI-->WF,NI-->WF,NI-->WF,NI-->WF,NI-->WF,NI-->WF,NI-->WF,NI-->WF,NI-->WF,NI-->WF,NI-->WF,NI-->WF,NI-->WF,NI-->WF,NI-->WF
EH,ESH,Western Sahara,El Aaiún,Africa,Northern Africa,,EH-->NI,EH-->NI,EH-->NI,EH-->NI,EH-->NI,EH-->NI,EH-->NI,EH-->NI,EH-->NI,EH-->NI,EH-->NI,EH-->NI,EH-->NI,EH-->NI,EH-->NI,EH-->NI,EH-->NI,EH-->NI,EH-->NI,,,,,,,,,,,,,,,,,NI-->EH,NI-->EH,NI-->EH,NI-->EH,NI-->EH,NI-->EH,NI-->EH,NI-->EH,NI-->EH,NI-->EH,NI-->EH,NI-->EH,NI-->EH,NI-->EH,NI-->EH,NI-->EH,NI-->EH,NI-->EH,NI-->EH
YE,YEM,Yemen,Sana'a,Asia,Western Asia,,YE-->NI,YE-->NI,YE-->NI,YE-->NI,YE-->NI,YE-->NI,YE-->NI,YE-->NI,YE-->NI,YE-->NI,YE-->NI,YE-->NI,YE-->NI,YE-->NI,YE-->NI,YE-->NI,YE-->NI,YE-->NI,YE-->NI,,,,,,,,,,,,,,,,,NI-->YE,NI-->YE,NI-->YE,NI-->YE,NI-->YE,NI-->YE,NI-->YE,NI-->YE,NI-->YE,NI-->YE,NI-->YE,NI-->YE,NI-->YE,NI-->YE,NI-->YE,NI-->YE,NI-->YE,NI-->YE,NI-->YE
ZM,ZMB,Zambia,Lusaka,Africa,Eastern Africa,,ZM-->NI,ZM-->NI,ZM-->NI,ZM-->NI,ZM-->NI,ZM-->NI,ZM-->NI,ZM-->NI,ZM-->NI,ZM-->NI,ZM-->NI,ZM-->NI,ZM-->NI,ZM-->NI,ZM-->NI,ZM-->NI,ZM-->NI,ZM-->NI,ZM-->NI,,,,,,,,,,,,,,,,,NI-->ZM,NI-->ZM,NI-->ZM,NI-->ZM,NI-->ZM,NI-->ZM,NI-->ZM,NI-->ZM,NI-->ZM,NI-->ZM,NI-->ZM,NI-->ZM,NI-->ZM,NI-->ZM,NI-->ZM,NI-->ZM,NI-->ZM,NI-->ZM,NI-->ZM
ZW,ZWE,Zimbabwe,Harare,Africa,Eastern Africa,,ZW-->NI,ZW-->NI,ZW-->NI,ZW-->NI,ZW-->NI,ZW-->NI,ZW-->NI,ZW-->NI,ZW-->NI,ZW-->NI,ZW-->NI,ZW-->NI,ZW-->NI,ZW-->NI,ZW-->NI,ZW-->NI,ZW-->NI,ZW-->NI,ZW-->NI,,,,,,,,,,,,,,,,,NI-->ZW,NI-->ZW,NI-->ZW,NI-->ZW,NI-->ZW,NI-->ZW,NI-->ZW,NI-->ZW,NI-->ZW,NI-->ZW,NI-->ZW,NI-->ZW,NI-->ZW,NI-->ZW,NI-->ZW,NI-->ZW,NI-->ZW,NI-->ZW,NI-->ZW
