nu,code,name,capital,region,subregion,Unnamed: 6,quara/into/where/e,quara/into/where/v,quara/into/where/uv,quara/into/min/e,quara/into/min/v,quara/into/min/uv,quara/into/max/e,quara/into/max/v,quara/into/max/uv,quara/into/comment,test/into/pcr/e,test/into/pcr/v,test/into/pcr/uv,test/into/ag/e,test/into/ag/v,test/into/ag/uv,test/into/comment,visa/into,visa/into/comment,loadStates/into,Unnamed: 27,Unnamed: 28,Unnamed: 29,Unnamed: 30,Unnamed: 31,Unnamed: 32,Unnamed: 33,Unnamed: 34,Unnamed: 35,Unnamed: 36,Unnamed: 37,Unnamed: 38,Unnamed: 39,Unnamed: 40,Unnamed: 41,quara/out/where/e,quara/out/where/v,quara/out/where/uv,quara/out/min/e,quara/out/min/v,quara/out/min/uv,quara/out/max/e,quara/out/max/v,quara/out/max/uv,quara/out/comment,test/out/pcr/e,test/out/pcr/v,test/out/pcr/uv,test/out/ag/e,test/out/ag/v,test/out/ag/uv,test/out/comment,visa/out,visa/out/comment
AF,AFG,Afghanistan,Kabul,Asia,Southern Asia,,AF-->MC,AF-->MC,AF-->MC,AF-->MC,AF-->MC,AF-->MC,AF-->MC,AF-->MC,AF-->MC,AF-->MC,AF-->MC,AF-->MC,AF-->MC,AF-->MC,AF-->MC,AF-->MC,AF-->MC,AF-->MC,AF-->MC,,,,,,,,,,,,,,,,,MC-->AF,MC-->AF,MC-->AF,MC-->AF,MC-->AF,MC-->AF,MC-->AF,MC-->AF,MC-->AF,MC-->AF,MC-->AF,MC-->AF,MC-->AF,MC-->AF,MC-->AF,MC-->AF,MC-->AF,MC-->AF,MC-->AF
AX,ALA,Åland Islands,Mariehamn,Europe,Northern Europe,,AX-->MC,AX-->MC,AX-->MC,AX-->MC,AX-->MC,AX-->MC,AX-->MC,AX-->MC,AX-->MC,AX-->MC,AX-->MC,AX-->MC,AX-->MC,AX-->MC,AX-->MC,AX-->MC,AX-->MC,AX-->MC,AX-->MC,,,,,,,,,,,,,,,,,MC-->AX,MC-->AX,MC-->AX,MC-->AX,MC-->AX,MC-->AX,MC-->AX,MC-->AX,MC-->AX,MC-->AX,MC-->AX,MC-->AX,MC-->AX,MC-->AX,MC-->AX,MC-->AX,MC-->AX,MC-->AX,MC-->AX
AL,ALB,Albania,Tirana,Europe,Southern Europe,,AL-->MC,AL-->MC,AL-->MC,AL-->MC,AL-->MC,AL-->MC,AL-->MC,AL-->MC,AL-->MC,AL-->MC,AL-->MC,AL-->MC,AL-->MC,AL-->MC,AL-->MC,AL-->MC,AL-->MC,AL-->MC,AL-->MC,,,,,,,,,,,,,,,,,MC-->AL,MC-->AL,MC-->AL,MC-->AL,MC-->AL,MC-->AL,MC-->AL,MC-->AL,MC-->AL,MC-->AL,MC-->AL,MC-->AL,MC-->AL,MC-->AL,MC-->AL,MC-->AL,MC-->AL,MC-->AL,MC-->AL
DZ,DZA,Algeria,Algiers,Africa,Northern Africa,,DZ-->MC,DZ-->MC,DZ-->MC,DZ-->MC,DZ-->MC,DZ-->MC,DZ-->MC,DZ-->MC,DZ-->MC,DZ-->MC,DZ-->MC,DZ-->MC,DZ-->MC,DZ-->MC,DZ-->MC,DZ-->MC,DZ-->MC,DZ-->MC,DZ-->MC,,,,,,,,,,,,,,,,,MC-->DZ,MC-->DZ,MC-->DZ,MC-->DZ,MC-->DZ,MC-->DZ,MC-->DZ,MC-->DZ,MC-->DZ,MC-->DZ,MC-->DZ,MC-->DZ,MC-->DZ,MC-->DZ,MC-->DZ,MC-->DZ,MC-->DZ,MC-->DZ,MC-->DZ
AS,ASM,American Samoa,Pago Pago,Oceania,Polynesia,,AS-->MC,AS-->MC,AS-->MC,AS-->MC,AS-->MC,AS-->MC,AS-->MC,AS-->MC,AS-->MC,AS-->MC,AS-->MC,AS-->MC,AS-->MC,AS-->MC,AS-->MC,AS-->MC,AS-->MC,AS-->MC,AS-->MC,,,,,,,,,,,,,,,,,MC-->AS,MC-->AS,MC-->AS,MC-->AS,MC-->AS,MC-->AS,MC-->AS,MC-->AS,MC-->AS,MC-->AS,MC-->AS,MC-->AS,MC-->AS,MC-->AS,MC-->AS,MC-->AS,MC-->AS,MC-->AS,MC-->AS
AD,AND,Andorra,Andorra la Vella,Europe,Southern Europe,,AD-->MC,AD-->MC,AD-->MC,AD-->MC,AD-->MC,AD-->MC,AD-->MC,AD-->MC,AD-->MC,AD-->MC,AD-->MC,AD-->MC,AD-->MC,AD-->MC,AD-->MC,AD-->MC,AD-->MC,AD-->MC,AD-->MC,,,,,,,,,,,,,,,,,MC-->AD,MC-->AD,MC-->AD,MC-->AD,MC-->AD,MC-->AD,MC-->AD,MC-->AD,MC-->AD,MC-->AD,MC-->AD,MC-->AD,MC-->AD,MC-->AD,MC-->AD,MC-->AD,MC-->AD,MC-->AD,MC-->AD
AO,AGO,Angola,Luanda,Africa,Middle Africa,,AO-->MC,AO-->MC,AO-->MC,AO-->MC,AO-->MC,AO-->MC,AO-->MC,AO-->MC,AO-->MC,AO-->MC,AO-->MC,AO-->MC,AO-->MC,AO-->MC,AO-->MC,AO-->MC,AO-->MC,AO-->MC,AO-->MC,,,,,,,,,,,,,,,,,MC-->AO,MC-->AO,MC-->AO,MC-->AO,MC-->AO,MC-->AO,MC-->AO,MC-->AO,MC-->AO,MC-->AO,MC-->AO,MC-->AO,MC-->AO,MC-->AO,MC-->AO,MC-->AO,MC-->AO,MC-->AO,MC-->AO
AI,AIA,Anguilla,The Valley,Americas,Caribbean,,AI-->MC,AI-->MC,AI-->MC,AI-->MC,AI-->MC,AI-->MC,AI-->MC,AI-->MC,AI-->MC,AI-->MC,AI-->MC,AI-->MC,AI-->MC,AI-->MC,AI-->MC,AI-->MC,AI-->MC,AI-->MC,AI-->MC,,,,,,,,,,,,,,,,,MC-->AI,MC-->AI,MC-->AI,MC-->AI,MC-->AI,MC-->AI,MC-->AI,MC-->AI,MC-->AI,MC-->AI,MC-->AI,MC-->AI,MC-->AI,MC-->AI,MC-->AI,MC-->AI,MC-->AI,MC-->AI,MC-->AI
AQ,ATA,Antarctica,,Polar,,,AQ-->MC,AQ-->MC,AQ-->MC,AQ-->MC,AQ-->MC,AQ-->MC,AQ-->MC,AQ-->MC,AQ-->MC,AQ-->MC,AQ-->MC,AQ-->MC,AQ-->MC,AQ-->MC,AQ-->MC,AQ-->MC,AQ-->MC,AQ-->MC,AQ-->MC,,,,,,,,,,,,,,,,,MC-->AQ,MC-->AQ,MC-->AQ,MC-->AQ,MC-->AQ,MC-->AQ,MC-->AQ,MC-->AQ,MC-->AQ,MC-->AQ,MC-->AQ,MC-->AQ,MC-->AQ,MC-->AQ,MC-->AQ,MC-->AQ,MC-->AQ,MC-->AQ,MC-->AQ
AG,ATG,Antigua and Barbuda,Saint John's,Americas,Caribbean,,AG-->MC,AG-->MC,AG-->MC,AG-->MC,AG-->MC,AG-->MC,AG-->MC,AG-->MC,AG-->MC,AG-->MC,AG-->MC,AG-->MC,AG-->MC,AG-->MC,AG-->MC,AG-->MC,AG-->MC,AG-->MC,AG-->MC,,,,,,,,,,,,,,,,,MC-->AG,MC-->AG,MC-->AG,MC-->AG,MC-->AG,MC-->AG,MC-->AG,MC-->AG,MC-->AG,MC-->AG,MC-->AG,MC-->AG,MC-->AG,MC-->AG,MC-->AG,MC-->AG,MC-->AG,MC-->AG,MC-->AG
AR,ARG,Argentina,Buenos Aires,Americas,South America,,AR-->MC,AR-->MC,AR-->MC,AR-->MC,AR-->MC,AR-->MC,AR-->MC,AR-->MC,AR-->MC,AR-->MC,AR-->MC,AR-->MC,AR-->MC,AR-->MC,AR-->MC,AR-->MC,AR-->MC,AR-->MC,AR-->MC,,,,,,,,,,,,,,,,,MC-->AR,MC-->AR,MC-->AR,MC-->AR,MC-->AR,MC-->AR,MC-->AR,MC-->AR,MC-->AR,MC-->AR,MC-->AR,MC-->AR,MC-->AR,MC-->AR,MC-->AR,MC-->AR,MC-->AR,MC-->AR,MC-->AR
AM,ARM,Armenia,Yerevan,Asia,Western Asia,,AM-->MC,AM-->MC,AM-->MC,AM-->MC,AM-->MC,AM-->MC,AM-->MC,AM-->MC,AM-->MC,AM-->MC,AM-->MC,AM-->MC,AM-->MC,AM-->MC,AM-->MC,AM-->MC,AM-->MC,AM-->MC,AM-->MC,,,,,,,,,,,,,,,,,MC-->AM,MC-->AM,MC-->AM,MC-->AM,MC-->AM,MC-->AM,MC-->AM,MC-->AM,MC-->AM,MC-->AM,MC-->AM,MC-->AM,MC-->AM,MC-->AM,MC-->AM,MC-->AM,MC-->AM,MC-->AM,MC-->AM
AW,ABW,Aruba,Oranjestad,Americas,Caribbean,,AW-->MC,AW-->MC,AW-->MC,AW-->MC,AW-->MC,AW-->MC,AW-->MC,AW-->MC,AW-->MC,AW-->MC,AW-->MC,AW-->MC,AW-->MC,AW-->MC,AW-->MC,AW-->MC,AW-->MC,AW-->MC,AW-->MC,,,,,,,,,,,,,,,,,MC-->AW,MC-->AW,MC-->AW,MC-->AW,MC-->AW,MC-->AW,MC-->AW,MC-->AW,MC-->AW,MC-->AW,MC-->AW,MC-->AW,MC-->AW,MC-->AW,MC-->AW,MC-->AW,MC-->AW,MC-->AW,MC-->AW
AU,AUS,Australia,Canberra,Oceania,Australia and New Zealand,,AU-->MC,AU-->MC,AU-->MC,AU-->MC,AU-->MC,AU-->MC,AU-->MC,AU-->MC,AU-->MC,AU-->MC,AU-->MC,AU-->MC,AU-->MC,AU-->MC,AU-->MC,AU-->MC,AU-->MC,AU-->MC,AU-->MC,,,,,,,,,,,,,,,,,MC-->AU,MC-->AU,MC-->AU,MC-->AU,MC-->AU,MC-->AU,MC-->AU,MC-->AU,MC-->AU,MC-->AU,MC-->AU,MC-->AU,MC-->AU,MC-->AU,MC-->AU,MC-->AU,MC-->AU,MC-->AU,MC-->AU
AT,AUT,Austria,Vienna,Europe,Western Europe,,AT-->MC,AT-->MC,AT-->MC,AT-->MC,AT-->MC,AT-->MC,AT-->MC,AT-->MC,AT-->MC,AT-->MC,AT-->MC,AT-->MC,AT-->MC,AT-->MC,AT-->MC,AT-->MC,AT-->MC,AT-->MC,AT-->MC,,,,,,,,,,,,,,,,,MC-->AT,MC-->AT,MC-->AT,MC-->AT,MC-->AT,MC-->AT,MC-->AT,MC-->AT,MC-->AT,MC-->AT,MC-->AT,MC-->AT,MC-->AT,MC-->AT,MC-->AT,MC-->AT,MC-->AT,MC-->AT,MC-->AT
AZ,AZE,Azerbaijan,Baku,Asia,Western Asia,,AZ-->MC,AZ-->MC,AZ-->MC,AZ-->MC,AZ-->MC,AZ-->MC,AZ-->MC,AZ-->MC,AZ-->MC,AZ-->MC,AZ-->MC,AZ-->MC,AZ-->MC,AZ-->MC,AZ-->MC,AZ-->MC,AZ-->MC,AZ-->MC,AZ-->MC,,,,,,,,,,,,,,,,,MC-->AZ,MC-->AZ,MC-->AZ,MC-->AZ,MC-->AZ,MC-->AZ,MC-->AZ,MC-->AZ,MC-->AZ,MC-->AZ,MC-->AZ,MC-->AZ,MC-->AZ,MC-->AZ,MC-->AZ,MC-->AZ,MC-->AZ,MC-->AZ,MC-->AZ
BS,BHS,The Bahamas,Nassau,Americas,Caribbean,,BS-->MC,BS-->MC,BS-->MC,BS-->MC,BS-->MC,BS-->MC,BS-->MC,BS-->MC,BS-->MC,BS-->MC,BS-->MC,BS-->MC,BS-->MC,BS-->MC,BS-->MC,BS-->MC,BS-->MC,BS-->MC,BS-->MC,,,,,,,,,,,,,,,,,MC-->BS,MC-->BS,MC-->BS,MC-->BS,MC-->BS,MC-->BS,MC-->BS,MC-->BS,MC-->BS,MC-->BS,MC-->BS,MC-->BS,MC-->BS,MC-->BS,MC-->BS,MC-->BS,MC-->BS,MC-->BS,MC-->BS
BH,BHR,Bahrain,Manama,Asia,Western Asia,,BH-->MC,BH-->MC,BH-->MC,BH-->MC,BH-->MC,BH-->MC,BH-->MC,BH-->MC,BH-->MC,BH-->MC,BH-->MC,BH-->MC,BH-->MC,BH-->MC,BH-->MC,BH-->MC,BH-->MC,BH-->MC,BH-->MC,,,,,,,,,,,,,,,,,MC-->BH,MC-->BH,MC-->BH,MC-->BH,MC-->BH,MC-->BH,MC-->BH,MC-->BH,MC-->BH,MC-->BH,MC-->BH,MC-->BH,MC-->BH,MC-->BH,MC-->BH,MC-->BH,MC-->BH,MC-->BH,MC-->BH
BD,BGD,Bangladesh,Dhaka,Asia,Southern Asia,,BD-->MC,BD-->MC,BD-->MC,BD-->MC,BD-->MC,BD-->MC,BD-->MC,BD-->MC,BD-->MC,BD-->MC,BD-->MC,BD-->MC,BD-->MC,BD-->MC,BD-->MC,BD-->MC,BD-->MC,BD-->MC,BD-->MC,,,,,,,,,,,,,,,,,MC-->BD,MC-->BD,MC-->BD,MC-->BD,MC-->BD,MC-->BD,MC-->BD,MC-->BD,MC-->BD,MC-->BD,MC-->BD,MC-->BD,MC-->BD,MC-->BD,MC-->BD,MC-->BD,MC-->BD,MC-->BD,MC-->BD
BB,BRB,Barbados,Bridgetown,Americas,Caribbean,,BB-->MC,BB-->MC,BB-->MC,BB-->MC,BB-->MC,BB-->MC,BB-->MC,BB-->MC,BB-->MC,BB-->MC,BB-->MC,BB-->MC,BB-->MC,BB-->MC,BB-->MC,BB-->MC,BB-->MC,BB-->MC,BB-->MC,,,,,,,,,,,,,,,,,MC-->BB,MC-->BB,MC-->BB,MC-->BB,MC-->BB,MC-->BB,MC-->BB,MC-->BB,MC-->BB,MC-->BB,MC-->BB,MC-->BB,MC-->BB,MC-->BB,MC-->BB,MC-->BB,MC-->BB,MC-->BB,MC-->BB
BY,BLR,Belarus,Minsk,Europe,Eastern Europe,,BY-->MC,BY-->MC,BY-->MC,BY-->MC,BY-->MC,BY-->MC,BY-->MC,BY-->MC,BY-->MC,BY-->MC,BY-->MC,BY-->MC,BY-->MC,BY-->MC,BY-->MC,BY-->MC,BY-->MC,BY-->MC,BY-->MC,,,,,,,,,,,,,,,,,MC-->BY,MC-->BY,MC-->BY,MC-->BY,MC-->BY,MC-->BY,MC-->BY,MC-->BY,MC-->BY,MC-->BY,MC-->BY,MC-->BY,MC-->BY,MC-->BY,MC-->BY,MC-->BY,MC-->BY,MC-->BY,MC-->BY
BE,BEL,Belgium,Brussels,Europe,Western Europe,,BE-->MC,BE-->MC,BE-->MC,BE-->MC,BE-->MC,BE-->MC,BE-->MC,BE-->MC,BE-->MC,BE-->MC,BE-->MC,BE-->MC,BE-->MC,BE-->MC,BE-->MC,BE-->MC,BE-->MC,BE-->MC,BE-->MC,,,,,,,,,,,,,,,,,MC-->BE,MC-->BE,MC-->BE,MC-->BE,MC-->BE,MC-->BE,MC-->BE,MC-->BE,MC-->BE,MC-->BE,MC-->BE,MC-->BE,MC-->BE,MC-->BE,MC-->BE,MC-->BE,MC-->BE,MC-->BE,MC-->BE
BZ,BLZ,Belize,Belmopan,Americas,Central America,,BZ-->MC,BZ-->MC,BZ-->MC,BZ-->MC,BZ-->MC,BZ-->MC,BZ-->MC,BZ-->MC,BZ-->MC,BZ-->MC,BZ-->MC,BZ-->MC,BZ-->MC,BZ-->MC,BZ-->MC,BZ-->MC,BZ-->MC,BZ-->MC,BZ-->MC,,,,,,,,,,,,,,,,,MC-->BZ,MC-->BZ,MC-->BZ,MC-->BZ,MC-->BZ,MC-->BZ,MC-->BZ,MC-->BZ,MC-->BZ,MC-->BZ,MC-->BZ,MC-->BZ,MC-->BZ,MC-->BZ,MC-->BZ,MC-->BZ,MC-->BZ,MC-->BZ,MC-->BZ
BJ,BEN,Benin,Porto-Novo,Africa,Western Africa,,BJ-->MC,BJ-->MC,BJ-->MC,BJ-->MC,BJ-->MC,BJ-->MC,BJ-->MC,BJ-->MC,BJ-->MC,BJ-->MC,BJ-->MC,BJ-->MC,BJ-->MC,BJ-->MC,BJ-->MC,BJ-->MC,BJ-->MC,BJ-->MC,BJ-->MC,,,,,,,,,,,,,,,,,MC-->BJ,MC-->BJ,MC-->BJ,MC-->BJ,MC-->BJ,MC-->BJ,MC-->BJ,MC-->BJ,MC-->BJ,MC-->BJ,MC-->BJ,MC-->BJ,MC-->BJ,MC-->BJ,MC-->BJ,MC-->BJ,MC-->BJ,MC-->BJ,MC-->BJ
BM,BMU,Bermuda,Hamilton,Americas,Northern America,,BM-->MC,BM-->MC,BM-->MC,BM-->MC,BM-->MC,BM-->MC,BM-->MC,BM-->MC,BM-->MC,BM-->MC,BM-->MC,BM-->MC,BM-->MC,BM-->MC,BM-->MC,BM-->MC,BM-->MC,BM-->MC,BM-->MC,,,,,,,,,,,,,,,,,MC-->BM,MC-->BM,MC-->BM,MC-->BM,MC-->BM,MC-->BM,MC-->BM,MC-->BM,MC-->BM,MC-->BM,MC-->BM,MC-->BM,MC-->BM,MC-->BM,MC-->BM,MC-->BM,MC-->BM,MC-->BM,MC-->BM
BT,BTN,Bhutan,Thimphu,Asia,Southern Asia,,BT-->MC,BT-->MC,BT-->MC,BT-->MC,BT-->MC,BT-->MC,BT-->MC,BT-->MC,BT-->MC,BT-->MC,BT-->MC,BT-->MC,BT-->MC,BT-->MC,BT-->MC,BT-->MC,BT-->MC,BT-->MC,BT-->MC,,,,,,,,,,,,,,,,,MC-->BT,MC-->BT,MC-->BT,MC-->BT,MC-->BT,MC-->BT,MC-->BT,MC-->BT,MC-->BT,MC-->BT,MC-->BT,MC-->BT,MC-->BT,MC-->BT,MC-->BT,MC-->BT,MC-->BT,MC-->BT,MC-->BT
BO,BOL,Bolivia,Sucre,Americas,South America,,BO-->MC,BO-->MC,BO-->MC,BO-->MC,BO-->MC,BO-->MC,BO-->MC,BO-->MC,BO-->MC,BO-->MC,BO-->MC,BO-->MC,BO-->MC,BO-->MC,BO-->MC,BO-->MC,BO-->MC,BO-->MC,BO-->MC,,,,,,,,,,,,,,,,,MC-->BO,MC-->BO,MC-->BO,MC-->BO,MC-->BO,MC-->BO,MC-->BO,MC-->BO,MC-->BO,MC-->BO,MC-->BO,MC-->BO,MC-->BO,MC-->BO,MC-->BO,MC-->BO,MC-->BO,MC-->BO,MC-->BO
BQ,BES,Bonaire,Kralendijk,Americas,Caribbean,,BQ-->MC,BQ-->MC,BQ-->MC,BQ-->MC,BQ-->MC,BQ-->MC,BQ-->MC,BQ-->MC,BQ-->MC,BQ-->MC,BQ-->MC,BQ-->MC,BQ-->MC,BQ-->MC,BQ-->MC,BQ-->MC,BQ-->MC,BQ-->MC,BQ-->MC,,,,,,,,,,,,,,,,,MC-->BQ,MC-->BQ,MC-->BQ,MC-->BQ,MC-->BQ,MC-->BQ,MC-->BQ,MC-->BQ,MC-->BQ,MC-->BQ,MC-->BQ,MC-->BQ,MC-->BQ,MC-->BQ,MC-->BQ,MC-->BQ,MC-->BQ,MC-->BQ,MC-->BQ
BA,BIH,Bosnia and Herzegovina,Sarajevo,Europe,Southern Europe,,BA-->MC,BA-->MC,BA-->MC,BA-->MC,BA-->MC,BA-->MC,BA-->MC,BA-->MC,BA-->MC,BA-->MC,BA-->MC,BA-->MC,BA-->MC,BA-->MC,BA-->MC,BA-->MC,BA-->MC,BA-->MC,BA-->MC,,,,,,,,,,,,,,,,,MC-->BA,MC-->BA,MC-->BA,MC-->BA,MC-->BA,MC-->BA,MC-->BA,MC-->BA,MC-->BA,MC-->BA,MC-->BA,MC-->BA,MC-->BA,MC-->BA,MC-->BA,MC-->BA,MC-->BA,MC-->BA,MC-->BA
BW,BWA,Botswana,Gaborone,Africa,Southern Africa,,BW-->MC,BW-->MC,BW-->MC,BW-->MC,BW-->MC,BW-->MC,BW-->MC,BW-->MC,BW-->MC,BW-->MC,BW-->MC,BW-->MC,BW-->MC,BW-->MC,BW-->MC,BW-->MC,BW-->MC,BW-->MC,BW-->MC,,,,,,,,,,,,,,,,,MC-->BW,MC-->BW,MC-->BW,MC-->BW,MC-->BW,MC-->BW,MC-->BW,MC-->BW,MC-->BW,MC-->BW,MC-->BW,MC-->BW,MC-->BW,MC-->BW,MC-->BW,MC-->BW,MC-->BW,MC-->BW,MC-->BW
BV,BVT,Bouvet Island,,,,,BV-->MC,BV-->MC,BV-->MC,BV-->MC,BV-->MC,BV-->MC,BV-->MC,BV-->MC,BV-->MC,BV-->MC,BV-->MC,BV-->MC,BV-->MC,BV-->MC,BV-->MC,BV-->MC,BV-->MC,BV-->MC,BV-->MC,,,,,,,,,,,,,,,,,MC-->BV,MC-->BV,MC-->BV,MC-->BV,MC-->BV,MC-->BV,MC-->BV,MC-->BV,MC-->BV,MC-->BV,MC-->BV,MC-->BV,MC-->BV,MC-->BV,MC-->BV,MC-->BV,MC-->BV,MC-->BV,MC-->BV
BR,BRA,Brazil,Brasília,Americas,South America,,BR-->MC,BR-->MC,BR-->MC,BR-->MC,BR-->MC,BR-->MC,BR-->MC,BR-->MC,BR-->MC,BR-->MC,BR-->MC,BR-->MC,BR-->MC,BR-->MC,BR-->MC,BR-->MC,BR-->MC,BR-->MC,BR-->MC,,,,,,,,,,,,,,,,,MC-->BR,MC-->BR,MC-->BR,MC-->BR,MC-->BR,MC-->BR,MC-->BR,MC-->BR,MC-->BR,MC-->BR,MC-->BR,MC-->BR,MC-->BR,MC-->BR,MC-->BR,MC-->BR,MC-->BR,MC-->BR,MC-->BR
IO,IOT,British Indian Ocean Territory,Diego Garcia,Africa,Eastern Africa,,IO-->MC,IO-->MC,IO-->MC,IO-->MC,IO-->MC,IO-->MC,IO-->MC,IO-->MC,IO-->MC,IO-->MC,IO-->MC,IO-->MC,IO-->MC,IO-->MC,IO-->MC,IO-->MC,IO-->MC,IO-->MC,IO-->MC,,,,,,,,,,,,,,,,,MC-->IO,MC-->IO,MC-->IO,MC-->IO,MC-->IO,MC-->IO,MC-->IO,MC-->IO,MC-->IO,MC-->IO,MC-->IO,MC-->IO,MC-->IO,MC-->IO,MC-->IO,MC-->IO,MC-->IO,MC-->IO,MC-->IO
UM,UMI,United States Minor Outlying Islands,,Americas,Northern America,,UM-->MC,UM-->MC,UM-->MC,UM-->MC,UM-->MC,UM-->MC,UM-->MC,UM-->MC,UM-->MC,UM-->MC,UM-->MC,UM-->MC,UM-->MC,UM-->MC,UM-->MC,UM-->MC,UM-->MC,UM-->MC,UM-->MC,,,,,,,,,,,,,,,,,MC-->UM,MC-->UM,MC-->UM,MC-->UM,MC-->UM,MC-->UM,MC-->UM,MC-->UM,MC-->UM,MC-->UM,MC-->UM,MC-->UM,MC-->UM,MC-->UM,MC-->UM,MC-->UM,MC-->UM,MC-->UM,MC-->UM
VG,VGB,Virgin Islands (British),Road Town,Americas,Caribbean,,VG-->MC,VG-->MC,VG-->MC,VG-->MC,VG-->MC,VG-->MC,VG-->MC,VG-->MC,VG-->MC,VG-->MC,VG-->MC,VG-->MC,VG-->MC,VG-->MC,VG-->MC,VG-->MC,VG-->MC,VG-->MC,VG-->MC,,,,,,,,,,,,,,,,,MC-->VG,MC-->VG,MC-->VG,MC-->VG,MC-->VG,MC-->VG,MC-->VG,MC-->VG,MC-->VG,MC-->VG,MC-->VG,MC-->VG,MC-->VG,MC-->VG,MC-->VG,MC-->VG,MC-->VG,MC-->VG,MC-->VG
VI,VIR,Virgin Islands (U.S.),Charlotte Amalie,Americas,Caribbean,,VI-->MC,VI-->MC,VI-->MC,VI-->MC,VI-->MC,VI-->MC,VI-->MC,VI-->MC,VI-->MC,VI-->MC,VI-->MC,VI-->MC,VI-->MC,VI-->MC,VI-->MC,VI-->MC,VI-->MC,VI-->MC,VI-->MC,,,,,,,,,,,,,,,,,MC-->VI,MC-->VI,MC-->VI,MC-->VI,MC-->VI,MC-->VI,MC-->VI,MC-->VI,MC-->VI,MC-->VI,MC-->VI,MC-->VI,MC-->VI,MC-->VI,MC-->VI,MC-->VI,MC-->VI,MC-->VI,MC-->VI
BN,BRN,Brunei,Bandar Seri Begawan,Asia,South-Eastern Asia,,BN-->MC,BN-->MC,BN-->MC,BN-->MC,BN-->MC,BN-->MC,BN-->MC,BN-->MC,BN-->MC,BN-->MC,BN-->MC,BN-->MC,BN-->MC,BN-->MC,BN-->MC,BN-->MC,BN-->MC,BN-->MC,BN-->MC,,,,,,,,,,,,,,,,,MC-->BN,MC-->BN,MC-->BN,MC-->BN,MC-->BN,MC-->BN,MC-->BN,MC-->BN,MC-->BN,MC-->BN,MC-->BN,MC-->BN,MC-->BN,MC-->BN,MC-->BN,MC-->BN,MC-->BN,MC-->BN,MC-->BN
BG,BGR,Bulgaria,Sofia,Europe,Eastern Europe,,BG-->MC,BG-->MC,BG-->MC,BG-->MC,BG-->MC,BG-->MC,BG-->MC,BG-->MC,BG-->MC,BG-->MC,BG-->MC,BG-->MC,BG-->MC,BG-->MC,BG-->MC,BG-->MC,BG-->MC,BG-->MC,BG-->MC,,,,,,,,,,,,,,,,,MC-->BG,MC-->BG,MC-->BG,MC-->BG,MC-->BG,MC-->BG,MC-->BG,MC-->BG,MC-->BG,MC-->BG,MC-->BG,MC-->BG,MC-->BG,MC-->BG,MC-->BG,MC-->BG,MC-->BG,MC-->BG,MC-->BG
BF,BFA,Burkina Faso,Ouagadougou,Africa,Western Africa,,BF-->MC,BF-->MC,BF-->MC,BF-->MC,BF-->MC,BF-->MC,BF-->MC,BF-->MC,BF-->MC,BF-->MC,BF-->MC,BF-->MC,BF-->MC,BF-->MC,BF-->MC,BF-->MC,BF-->MC,BF-->MC,BF-->MC,,,,,,,,,,,,,,,,,MC-->BF,MC-->BF,MC-->BF,MC-->BF,MC-->BF,MC-->BF,MC-->BF,MC-->BF,MC-->BF,MC-->BF,MC-->BF,MC-->BF,MC-->BF,MC-->BF,MC-->BF,MC-->BF,MC-->BF,MC-->BF,MC-->BF
BI,BDI,Burundi,Bujumbura,Africa,Eastern Africa,,BI-->MC,BI-->MC,BI-->MC,BI-->MC,BI-->MC,BI-->MC,BI-->MC,BI-->MC,BI-->MC,BI-->MC,BI-->MC,BI-->MC,BI-->MC,BI-->MC,BI-->MC,BI-->MC,BI-->MC,BI-->MC,BI-->MC,,,,,,,,,,,,,,,,,MC-->BI,MC-->BI,MC-->BI,MC-->BI,MC-->BI,MC-->BI,MC-->BI,MC-->BI,MC-->BI,MC-->BI,MC-->BI,MC-->BI,MC-->BI,MC-->BI,MC-->BI,MC-->BI,MC-->BI,MC-->BI,MC-->BI
KH,KHM,Cambodia,Phnom Penh,Asia,South-Eastern Asia,,KH-->MC,KH-->MC,KH-->MC,KH-->MC,KH-->MC,KH-->MC,KH-->MC,KH-->MC,KH-->MC,KH-->MC,KH-->MC,KH-->MC,KH-->MC,KH-->MC,KH-->MC,KH-->MC,KH-->MC,KH-->MC,KH-->MC,,,,,,,,,,,,,,,,,MC-->KH,MC-->KH,MC-->KH,MC-->KH,MC-->KH,MC-->KH,MC-->KH,MC-->KH,MC-->KH,MC-->KH,MC-->KH,MC-->KH,MC-->KH,MC-->KH,MC-->KH,MC-->KH,MC-->KH,MC-->KH,MC-->KH
CM,CMR,Cameroon,Yaoundé,Africa,Middle Africa,,CM-->MC,CM-->MC,CM-->MC,CM-->MC,CM-->MC,CM-->MC,CM-->MC,CM-->MC,CM-->MC,CM-->MC,CM-->MC,CM-->MC,CM-->MC,CM-->MC,CM-->MC,CM-->MC,CM-->MC,CM-->MC,CM-->MC,,,,,,,,,,,,,,,,,MC-->CM,MC-->CM,MC-->CM,MC-->CM,MC-->CM,MC-->CM,MC-->CM,MC-->CM,MC-->CM,MC-->CM,MC-->CM,MC-->CM,MC-->CM,MC-->CM,MC-->CM,MC-->CM,MC-->CM,MC-->CM,MC-->CM
CA,CAN,Canada,Ottawa,Americas,Northern America,,CA-->MC,CA-->MC,CA-->MC,CA-->MC,CA-->MC,CA-->MC,CA-->MC,CA-->MC,CA-->MC,CA-->MC,CA-->MC,CA-->MC,CA-->MC,CA-->MC,CA-->MC,CA-->MC,CA-->MC,CA-->MC,CA-->MC,,,,,,,,,,,,,,,,,MC-->CA,MC-->CA,MC-->CA,MC-->CA,MC-->CA,MC-->CA,MC-->CA,MC-->CA,MC-->CA,MC-->CA,MC-->CA,MC-->CA,MC-->CA,MC-->CA,MC-->CA,MC-->CA,MC-->CA,MC-->CA,MC-->CA
CV,CPV,Cape Verde,Praia,Africa,Western Africa,,CV-->MC,CV-->MC,CV-->MC,CV-->MC,CV-->MC,CV-->MC,CV-->MC,CV-->MC,CV-->MC,CV-->MC,CV-->MC,CV-->MC,CV-->MC,CV-->MC,CV-->MC,CV-->MC,CV-->MC,CV-->MC,CV-->MC,,,,,,,,,,,,,,,,,MC-->CV,MC-->CV,MC-->CV,MC-->CV,MC-->CV,MC-->CV,MC-->CV,MC-->CV,MC-->CV,MC-->CV,MC-->CV,MC-->CV,MC-->CV,MC-->CV,MC-->CV,MC-->CV,MC-->CV,MC-->CV,MC-->CV
KY,CYM,Cayman Islands,George Town,Americas,Caribbean,,KY-->MC,KY-->MC,KY-->MC,KY-->MC,KY-->MC,KY-->MC,KY-->MC,KY-->MC,KY-->MC,KY-->MC,KY-->MC,KY-->MC,KY-->MC,KY-->MC,KY-->MC,KY-->MC,KY-->MC,KY-->MC,KY-->MC,,,,,,,,,,,,,,,,,MC-->KY,MC-->KY,MC-->KY,MC-->KY,MC-->KY,MC-->KY,MC-->KY,MC-->KY,MC-->KY,MC-->KY,MC-->KY,MC-->KY,MC-->KY,MC-->KY,MC-->KY,MC-->KY,MC-->KY,MC-->KY,MC-->KY
CF,CAF,Central African Republic,Bangui,Africa,Middle Africa,,CF-->MC,CF-->MC,CF-->MC,CF-->MC,CF-->MC,CF-->MC,CF-->MC,CF-->MC,CF-->MC,CF-->MC,CF-->MC,CF-->MC,CF-->MC,CF-->MC,CF-->MC,CF-->MC,CF-->MC,CF-->MC,CF-->MC,,,,,,,,,,,,,,,,,MC-->CF,MC-->CF,MC-->CF,MC-->CF,MC-->CF,MC-->CF,MC-->CF,MC-->CF,MC-->CF,MC-->CF,MC-->CF,MC-->CF,MC-->CF,MC-->CF,MC-->CF,MC-->CF,MC-->CF,MC-->CF,MC-->CF
TD,TCD,Chad,N'Djamena,Africa,Middle Africa,,TD-->MC,TD-->MC,TD-->MC,TD-->MC,TD-->MC,TD-->MC,TD-->MC,TD-->MC,TD-->MC,TD-->MC,TD-->MC,TD-->MC,TD-->MC,TD-->MC,TD-->MC,TD-->MC,TD-->MC,TD-->MC,TD-->MC,,,,,,,,,,,,,,,,,MC-->TD,MC-->TD,MC-->TD,MC-->TD,MC-->TD,MC-->TD,MC-->TD,MC-->TD,MC-->TD,MC-->TD,MC-->TD,MC-->TD,MC-->TD,MC-->TD,MC-->TD,MC-->TD,MC-->TD,MC-->TD,MC-->TD
CL,CHL,Chile,Santiago,Americas,South America,,CL-->MC,CL-->MC,CL-->MC,CL-->MC,CL-->MC,CL-->MC,CL-->MC,CL-->MC,CL-->MC,CL-->MC,CL-->MC,CL-->MC,CL-->MC,CL-->MC,CL-->MC,CL-->MC,CL-->MC,CL-->MC,CL-->MC,,,,,,,,,,,,,,,,,MC-->CL,MC-->CL,MC-->CL,MC-->CL,MC-->CL,MC-->CL,MC-->CL,MC-->CL,MC-->CL,MC-->CL,MC-->CL,MC-->CL,MC-->CL,MC-->CL,MC-->CL,MC-->CL,MC-->CL,MC-->CL,MC-->CL
CN,CHN,China,Beijing,Asia,Eastern Asia,,CN-->MC,CN-->MC,CN-->MC,CN-->MC,CN-->MC,CN-->MC,CN-->MC,CN-->MC,CN-->MC,CN-->MC,CN-->MC,CN-->MC,CN-->MC,CN-->MC,CN-->MC,CN-->MC,CN-->MC,CN-->MC,CN-->MC,,,,,,,,,,,,,,,,,MC-->CN,MC-->CN,MC-->CN,MC-->CN,MC-->CN,MC-->CN,MC-->CN,MC-->CN,MC-->CN,MC-->CN,MC-->CN,MC-->CN,MC-->CN,MC-->CN,MC-->CN,MC-->CN,MC-->CN,MC-->CN,MC-->CN
CX,CXR,Christmas Island,Flying Fish Cove,Oceania,Australia and New Zealand,,CX-->MC,CX-->MC,CX-->MC,CX-->MC,CX-->MC,CX-->MC,CX-->MC,CX-->MC,CX-->MC,CX-->MC,CX-->MC,CX-->MC,CX-->MC,CX-->MC,CX-->MC,CX-->MC,CX-->MC,CX-->MC,CX-->MC,,,,,,,,,,,,,,,,,MC-->CX,MC-->CX,MC-->CX,MC-->CX,MC-->CX,MC-->CX,MC-->CX,MC-->CX,MC-->CX,MC-->CX,MC-->CX,MC-->CX,MC-->CX,MC-->CX,MC-->CX,MC-->CX,MC-->CX,MC-->CX,MC-->CX
CC,CCK,Cocos (Keeling) Islands,West Island,Oceania,Australia and New Zealand,,CC-->MC,CC-->MC,CC-->MC,CC-->MC,CC-->MC,CC-->MC,CC-->MC,CC-->MC,CC-->MC,CC-->MC,CC-->MC,CC-->MC,CC-->MC,CC-->MC,CC-->MC,CC-->MC,CC-->MC,CC-->MC,CC-->MC,,,,,,,,,,,,,,,,,MC-->CC,MC-->CC,MC-->CC,MC-->CC,MC-->CC,MC-->CC,MC-->CC,MC-->CC,MC-->CC,MC-->CC,MC-->CC,MC-->CC,MC-->CC,MC-->CC,MC-->CC,MC-->CC,MC-->CC,MC-->CC,MC-->CC
CO,COL,Colombia,Bogotá,Americas,South America,,CO-->MC,CO-->MC,CO-->MC,CO-->MC,CO-->MC,CO-->MC,CO-->MC,CO-->MC,CO-->MC,CO-->MC,CO-->MC,CO-->MC,CO-->MC,CO-->MC,CO-->MC,CO-->MC,CO-->MC,CO-->MC,CO-->MC,,,,,,,,,,,,,,,,,MC-->CO,MC-->CO,MC-->CO,MC-->CO,MC-->CO,MC-->CO,MC-->CO,MC-->CO,MC-->CO,MC-->CO,MC-->CO,MC-->CO,MC-->CO,MC-->CO,MC-->CO,MC-->CO,MC-->CO,MC-->CO,MC-->CO
KM,COM,Comoros,Moroni,Africa,Eastern Africa,,KM-->MC,KM-->MC,KM-->MC,KM-->MC,KM-->MC,KM-->MC,KM-->MC,KM-->MC,KM-->MC,KM-->MC,KM-->MC,KM-->MC,KM-->MC,KM-->MC,KM-->MC,KM-->MC,KM-->MC,KM-->MC,KM-->MC,,,,,,,,,,,,,,,,,MC-->KM,MC-->KM,MC-->KM,MC-->KM,MC-->KM,MC-->KM,MC-->KM,MC-->KM,MC-->KM,MC-->KM,MC-->KM,MC-->KM,MC-->KM,MC-->KM,MC-->KM,MC-->KM,MC-->KM,MC-->KM,MC-->KM
CG,COG,Republic of the Congo,Brazzaville,Africa,Middle Africa,,CG-->MC,CG-->MC,CG-->MC,CG-->MC,CG-->MC,CG-->MC,CG-->MC,CG-->MC,CG-->MC,CG-->MC,CG-->MC,CG-->MC,CG-->MC,CG-->MC,CG-->MC,CG-->MC,CG-->MC,CG-->MC,CG-->MC,,,,,,,,,,,,,,,,,MC-->CG,MC-->CG,MC-->CG,MC-->CG,MC-->CG,MC-->CG,MC-->CG,MC-->CG,MC-->CG,MC-->CG,MC-->CG,MC-->CG,MC-->CG,MC-->CG,MC-->CG,MC-->CG,MC-->CG,MC-->CG,MC-->CG
CD,COD,Democratic Republic of the Congo,Kinshasa,Africa,Middle Africa,,CD-->MC,CD-->MC,CD-->MC,CD-->MC,CD-->MC,CD-->MC,CD-->MC,CD-->MC,CD-->MC,CD-->MC,CD-->MC,CD-->MC,CD-->MC,CD-->MC,CD-->MC,CD-->MC,CD-->MC,CD-->MC,CD-->MC,,,,,,,,,,,,,,,,,MC-->CD,MC-->CD,MC-->CD,MC-->CD,MC-->CD,MC-->CD,MC-->CD,MC-->CD,MC-->CD,MC-->CD,MC-->CD,MC-->CD,MC-->CD,MC-->CD,MC-->CD,MC-->CD,MC-->CD,MC-->CD,MC-->CD
CK,COK,Cook Islands,Avarua,Oceania,Polynesia,,CK-->MC,CK-->MC,CK-->MC,CK-->MC,CK-->MC,CK-->MC,CK-->MC,CK-->MC,CK-->MC,CK-->MC,CK-->MC,CK-->MC,CK-->MC,CK-->MC,CK-->MC,CK-->MC,CK-->MC,CK-->MC,CK-->MC,,,,,,,,,,,,,,,,,MC-->CK,MC-->CK,MC-->CK,MC-->CK,MC-->CK,MC-->CK,MC-->CK,MC-->CK,MC-->CK,MC-->CK,MC-->CK,MC-->CK,MC-->CK,MC-->CK,MC-->CK,MC-->CK,MC-->CK,MC-->CK,MC-->CK
CR,CRI,Costa Rica,San José,Americas,Central America,,CR-->MC,CR-->MC,CR-->MC,CR-->MC,CR-->MC,CR-->MC,CR-->MC,CR-->MC,CR-->MC,CR-->MC,CR-->MC,CR-->MC,CR-->MC,CR-->MC,CR-->MC,CR-->MC,CR-->MC,CR-->MC,CR-->MC,,,,,,,,,,,,,,,,,MC-->CR,MC-->CR,MC-->CR,MC-->CR,MC-->CR,MC-->CR,MC-->CR,MC-->CR,MC-->CR,MC-->CR,MC-->CR,MC-->CR,MC-->CR,MC-->CR,MC-->CR,MC-->CR,MC-->CR,MC-->CR,MC-->CR
HR,HRV,Croatia,Zagreb,Europe,Southern Europe,,HR-->MC,HR-->MC,HR-->MC,HR-->MC,HR-->MC,HR-->MC,HR-->MC,HR-->MC,HR-->MC,HR-->MC,HR-->MC,HR-->MC,HR-->MC,HR-->MC,HR-->MC,HR-->MC,HR-->MC,HR-->MC,HR-->MC,,,,,,,,,,,,,,,,,MC-->HR,MC-->HR,MC-->HR,MC-->HR,MC-->HR,MC-->HR,MC-->HR,MC-->HR,MC-->HR,MC-->HR,MC-->HR,MC-->HR,MC-->HR,MC-->HR,MC-->HR,MC-->HR,MC-->HR,MC-->HR,MC-->HR
CU,CUB,Cuba,Havana,Americas,Caribbean,,CU-->MC,CU-->MC,CU-->MC,CU-->MC,CU-->MC,CU-->MC,CU-->MC,CU-->MC,CU-->MC,CU-->MC,CU-->MC,CU-->MC,CU-->MC,CU-->MC,CU-->MC,CU-->MC,CU-->MC,CU-->MC,CU-->MC,,,,,,,,,,,,,,,,,MC-->CU,MC-->CU,MC-->CU,MC-->CU,MC-->CU,MC-->CU,MC-->CU,MC-->CU,MC-->CU,MC-->CU,MC-->CU,MC-->CU,MC-->CU,MC-->CU,MC-->CU,MC-->CU,MC-->CU,MC-->CU,MC-->CU
CW,CUW,Curaçao,Willemstad,Americas,Caribbean,,CW-->MC,CW-->MC,CW-->MC,CW-->MC,CW-->MC,CW-->MC,CW-->MC,CW-->MC,CW-->MC,CW-->MC,CW-->MC,CW-->MC,CW-->MC,CW-->MC,CW-->MC,CW-->MC,CW-->MC,CW-->MC,CW-->MC,,,,,,,,,,,,,,,,,MC-->CW,MC-->CW,MC-->CW,MC-->CW,MC-->CW,MC-->CW,MC-->CW,MC-->CW,MC-->CW,MC-->CW,MC-->CW,MC-->CW,MC-->CW,MC-->CW,MC-->CW,MC-->CW,MC-->CW,MC-->CW,MC-->CW
CY,CYP,Cyprus,Nicosia,Europe,Southern Europe,,CY-->MC,CY-->MC,CY-->MC,CY-->MC,CY-->MC,CY-->MC,CY-->MC,CY-->MC,CY-->MC,CY-->MC,CY-->MC,CY-->MC,CY-->MC,CY-->MC,CY-->MC,CY-->MC,CY-->MC,CY-->MC,CY-->MC,,,,,,,,,,,,,,,,,MC-->CY,MC-->CY,MC-->CY,MC-->CY,MC-->CY,MC-->CY,MC-->CY,MC-->CY,MC-->CY,MC-->CY,MC-->CY,MC-->CY,MC-->CY,MC-->CY,MC-->CY,MC-->CY,MC-->CY,MC-->CY,MC-->CY
CZ,CZE,Czech Republic,Prague,Europe,Eastern Europe,,CZ-->MC,CZ-->MC,CZ-->MC,CZ-->MC,CZ-->MC,CZ-->MC,CZ-->MC,CZ-->MC,CZ-->MC,CZ-->MC,CZ-->MC,CZ-->MC,CZ-->MC,CZ-->MC,CZ-->MC,CZ-->MC,CZ-->MC,CZ-->MC,CZ-->MC,,,,,,,,,,,,,,,,,MC-->CZ,MC-->CZ,MC-->CZ,MC-->CZ,MC-->CZ,MC-->CZ,MC-->CZ,MC-->CZ,MC-->CZ,MC-->CZ,MC-->CZ,MC-->CZ,MC-->CZ,MC-->CZ,MC-->CZ,MC-->CZ,MC-->CZ,MC-->CZ,MC-->CZ
DK,DNK,Denmark,Copenhagen,Europe,Northern Europe,,DK-->MC,DK-->MC,DK-->MC,DK-->MC,DK-->MC,DK-->MC,DK-->MC,DK-->MC,DK-->MC,DK-->MC,DK-->MC,DK-->MC,DK-->MC,DK-->MC,DK-->MC,DK-->MC,DK-->MC,DK-->MC,DK-->MC,,,,,,,,,,,,,,,,,MC-->DK,MC-->DK,MC-->DK,MC-->DK,MC-->DK,MC-->DK,MC-->DK,MC-->DK,MC-->DK,MC-->DK,MC-->DK,MC-->DK,MC-->DK,MC-->DK,MC-->DK,MC-->DK,MC-->DK,MC-->DK,MC-->DK
DJ,DJI,Djibouti,Djibouti,Africa,Eastern Africa,,DJ-->MC,DJ-->MC,DJ-->MC,DJ-->MC,DJ-->MC,DJ-->MC,DJ-->MC,DJ-->MC,DJ-->MC,DJ-->MC,DJ-->MC,DJ-->MC,DJ-->MC,DJ-->MC,DJ-->MC,DJ-->MC,DJ-->MC,DJ-->MC,DJ-->MC,,,,,,,,,,,,,,,,,MC-->DJ,MC-->DJ,MC-->DJ,MC-->DJ,MC-->DJ,MC-->DJ,MC-->DJ,MC-->DJ,MC-->DJ,MC-->DJ,MC-->DJ,MC-->DJ,MC-->DJ,MC-->DJ,MC-->DJ,MC-->DJ,MC-->DJ,MC-->DJ,MC-->DJ
DM,DMA,Dominica,Roseau,Americas,Caribbean,,DM-->MC,DM-->MC,DM-->MC,DM-->MC,DM-->MC,DM-->MC,DM-->MC,DM-->MC,DM-->MC,DM-->MC,DM-->MC,DM-->MC,DM-->MC,DM-->MC,DM-->MC,DM-->MC,DM-->MC,DM-->MC,DM-->MC,,,,,,,,,,,,,,,,,MC-->DM,MC-->DM,MC-->DM,MC-->DM,MC-->DM,MC-->DM,MC-->DM,MC-->DM,MC-->DM,MC-->DM,MC-->DM,MC-->DM,MC-->DM,MC-->DM,MC-->DM,MC-->DM,MC-->DM,MC-->DM,MC-->DM
DO,DOM,Dominican Republic,Santo Domingo,Americas,Caribbean,,DO-->MC,DO-->MC,DO-->MC,DO-->MC,DO-->MC,DO-->MC,DO-->MC,DO-->MC,DO-->MC,DO-->MC,DO-->MC,DO-->MC,DO-->MC,DO-->MC,DO-->MC,DO-->MC,DO-->MC,DO-->MC,DO-->MC,,,,,,,,,,,,,,,,,MC-->DO,MC-->DO,MC-->DO,MC-->DO,MC-->DO,MC-->DO,MC-->DO,MC-->DO,MC-->DO,MC-->DO,MC-->DO,MC-->DO,MC-->DO,MC-->DO,MC-->DO,MC-->DO,MC-->DO,MC-->DO,MC-->DO
EC,ECU,Ecuador,Quito,Americas,South America,,EC-->MC,EC-->MC,EC-->MC,EC-->MC,EC-->MC,EC-->MC,EC-->MC,EC-->MC,EC-->MC,EC-->MC,EC-->MC,EC-->MC,EC-->MC,EC-->MC,EC-->MC,EC-->MC,EC-->MC,EC-->MC,EC-->MC,,,,,,,,,,,,,,,,,MC-->EC,MC-->EC,MC-->EC,MC-->EC,MC-->EC,MC-->EC,MC-->EC,MC-->EC,MC-->EC,MC-->EC,MC-->EC,MC-->EC,MC-->EC,MC-->EC,MC-->EC,MC-->EC,MC-->EC,MC-->EC,MC-->EC
EG,EGY,Egypt,Cairo,Africa,Northern Africa,,EG-->MC,EG-->MC,EG-->MC,EG-->MC,EG-->MC,EG-->MC,EG-->MC,EG-->MC,EG-->MC,EG-->MC,EG-->MC,EG-->MC,EG-->MC,EG-->MC,EG-->MC,EG-->MC,EG-->MC,EG-->MC,EG-->MC,,,,,,,,,,,,,,,,,MC-->EG,MC-->EG,MC-->EG,MC-->EG,MC-->EG,MC-->EG,MC-->EG,MC-->EG,MC-->EG,MC-->EG,MC-->EG,MC-->EG,MC-->EG,MC-->EG,MC-->EG,MC-->EG,MC-->EG,MC-->EG,MC-->EG
SV,SLV,El Salvador,San Salvador,Americas,Central America,,SV-->MC,SV-->MC,SV-->MC,SV-->MC,SV-->MC,SV-->MC,SV-->MC,SV-->MC,SV-->MC,SV-->MC,SV-->MC,SV-->MC,SV-->MC,SV-->MC,SV-->MC,SV-->MC,SV-->MC,SV-->MC,SV-->MC,,,,,,,,,,,,,,,,,MC-->SV,MC-->SV,MC-->SV,MC-->SV,MC-->SV,MC-->SV,MC-->SV,MC-->SV,MC-->SV,MC-->SV,MC-->SV,MC-->SV,MC-->SV,MC-->SV,MC-->SV,MC-->SV,MC-->SV,MC-->SV,MC-->SV
GQ,GNQ,Equatorial Guinea,Malabo,Africa,Middle Africa,,GQ-->MC,GQ-->MC,GQ-->MC,GQ-->MC,GQ-->MC,GQ-->MC,GQ-->MC,GQ-->MC,GQ-->MC,GQ-->MC,GQ-->MC,GQ-->MC,GQ-->MC,GQ-->MC,GQ-->MC,GQ-->MC,GQ-->MC,GQ-->MC,GQ-->MC,,,,,,,,,,,,,,,,,MC-->GQ,MC-->GQ,MC-->GQ,MC-->GQ,MC-->GQ,MC-->GQ,MC-->GQ,MC-->GQ,MC-->GQ,MC-->GQ,MC-->GQ,MC-->GQ,MC-->GQ,MC-->GQ,MC-->GQ,MC-->GQ,MC-->GQ,MC-->GQ,MC-->GQ
ER,ERI,Eritrea,Asmara,Africa,Eastern Africa,,ER-->MC,ER-->MC,ER-->MC,ER-->MC,ER-->MC,ER-->MC,ER-->MC,ER-->MC,ER-->MC,ER-->MC,ER-->MC,ER-->MC,ER-->MC,ER-->MC,ER-->MC,ER-->MC,ER-->MC,ER-->MC,ER-->MC,,,,,,,,,,,,,,,,,MC-->ER,MC-->ER,MC-->ER,MC-->ER,MC-->ER,MC-->ER,MC-->ER,MC-->ER,MC-->ER,MC-->ER,MC-->ER,MC-->ER,MC-->ER,MC-->ER,MC-->ER,MC-->ER,MC-->ER,MC-->ER,MC-->ER
EE,EST,Estonia,Tallinn,Europe,Northern Europe,,EE-->MC,EE-->MC,EE-->MC,EE-->MC,EE-->MC,EE-->MC,EE-->MC,EE-->MC,EE-->MC,EE-->MC,EE-->MC,EE-->MC,EE-->MC,EE-->MC,EE-->MC,EE-->MC,EE-->MC,EE-->MC,EE-->MC,,,,,,,,,,,,,,,,,MC-->EE,MC-->EE,MC-->EE,MC-->EE,MC-->EE,MC-->EE,MC-->EE,MC-->EE,MC-->EE,MC-->EE,MC-->EE,MC-->EE,MC-->EE,MC-->EE,MC-->EE,MC-->EE,MC-->EE,MC-->EE,MC-->EE
ET,ETH,Ethiopia,Addis Ababa,Africa,Eastern Africa,,ET-->MC,ET-->MC,ET-->MC,ET-->MC,ET-->MC,ET-->MC,ET-->MC,ET-->MC,ET-->MC,ET-->MC,ET-->MC,ET-->MC,ET-->MC,ET-->MC,ET-->MC,ET-->MC,ET-->MC,ET-->MC,ET-->MC,,,,,,,,,,,,,,,,,MC-->ET,MC-->ET,MC-->ET,MC-->ET,MC-->ET,MC-->ET,MC-->ET,MC-->ET,MC-->ET,MC-->ET,MC-->ET,MC-->ET,MC-->ET,MC-->ET,MC-->ET,MC-->ET,MC-->ET,MC-->ET,MC-->ET
FK,FLK,Falkland Islands,Stanley,Americas,South America,,FK-->MC,FK-->MC,FK-->MC,FK-->MC,FK-->MC,FK-->MC,FK-->MC,FK-->MC,FK-->MC,FK-->MC,FK-->MC,FK-->MC,FK-->MC,FK-->MC,FK-->MC,FK-->MC,FK-->MC,FK-->MC,FK-->MC,,,,,,,,,,,,,,,,,MC-->FK,MC-->FK,MC-->FK,MC-->FK,MC-->FK,MC-->FK,MC-->FK,MC-->FK,MC-->FK,MC-->FK,MC-->FK,MC-->FK,MC-->FK,MC-->FK,MC-->FK,MC-->FK,MC-->FK,MC-->FK,MC-->FK
FO,FRO,Faroe Islands,Tórshavn,Europe,Northern Europe,,FO-->MC,FO-->MC,FO-->MC,FO-->MC,FO-->MC,FO-->MC,FO-->MC,FO-->MC,FO-->MC,FO-->MC,FO-->MC,FO-->MC,FO-->MC,FO-->MC,FO-->MC,FO-->MC,FO-->MC,FO-->MC,FO-->MC,,,,,,,,,,,,,,,,,MC-->FO,MC-->FO,MC-->FO,MC-->FO,MC-->FO,MC-->FO,MC-->FO,MC-->FO,MC-->FO,MC-->FO,MC-->FO,MC-->FO,MC-->FO,MC-->FO,MC-->FO,MC-->FO,MC-->FO,MC-->FO,MC-->FO
FJ,FJI,Fiji,Suva,Oceania,Melanesia,,FJ-->MC,FJ-->MC,FJ-->MC,FJ-->MC,FJ-->MC,FJ-->MC,FJ-->MC,FJ-->MC,FJ-->MC,FJ-->MC,FJ-->MC,FJ-->MC,FJ-->MC,FJ-->MC,FJ-->MC,FJ-->MC,FJ-->MC,FJ-->MC,FJ-->MC,,,,,,,,,,,,,,,,,MC-->FJ,MC-->FJ,MC-->FJ,MC-->FJ,MC-->FJ,MC-->FJ,MC-->FJ,MC-->FJ,MC-->FJ,MC-->FJ,MC-->FJ,MC-->FJ,MC-->FJ,MC-->FJ,MC-->FJ,MC-->FJ,MC-->FJ,MC-->FJ,MC-->FJ
FI,FIN,Finland,Helsinki,Europe,Northern Europe,,FI-->MC,FI-->MC,FI-->MC,FI-->MC,FI-->MC,FI-->MC,FI-->MC,FI-->MC,FI-->MC,FI-->MC,FI-->MC,FI-->MC,FI-->MC,FI-->MC,FI-->MC,FI-->MC,FI-->MC,FI-->MC,FI-->MC,,,,,,,,,,,,,,,,,MC-->FI,MC-->FI,MC-->FI,MC-->FI,MC-->FI,MC-->FI,MC-->FI,MC-->FI,MC-->FI,MC-->FI,MC-->FI,MC-->FI,MC-->FI,MC-->FI,MC-->FI,MC-->FI,MC-->FI,MC-->FI,MC-->FI
FR,FRA,France,Paris,Europe,Western Europe,,FR-->MC,FR-->MC,FR-->MC,FR-->MC,FR-->MC,FR-->MC,FR-->MC,FR-->MC,FR-->MC,FR-->MC,FR-->MC,FR-->MC,FR-->MC,FR-->MC,FR-->MC,FR-->MC,FR-->MC,FR-->MC,FR-->MC,,,,,,,,,,,,,,,,,MC-->FR,MC-->FR,MC-->FR,MC-->FR,MC-->FR,MC-->FR,MC-->FR,MC-->FR,MC-->FR,MC-->FR,MC-->FR,MC-->FR,MC-->FR,MC-->FR,MC-->FR,MC-->FR,MC-->FR,MC-->FR,MC-->FR
GF,GUF,French Guiana,Cayenne,Americas,South America,,GF-->MC,GF-->MC,GF-->MC,GF-->MC,GF-->MC,GF-->MC,GF-->MC,GF-->MC,GF-->MC,GF-->MC,GF-->MC,GF-->MC,GF-->MC,GF-->MC,GF-->MC,GF-->MC,GF-->MC,GF-->MC,GF-->MC,,,,,,,,,,,,,,,,,MC-->GF,MC-->GF,MC-->GF,MC-->GF,MC-->GF,MC-->GF,MC-->GF,MC-->GF,MC-->GF,MC-->GF,MC-->GF,MC-->GF,MC-->GF,MC-->GF,MC-->GF,MC-->GF,MC-->GF,MC-->GF,MC-->GF
PF,PYF,French Polynesia,Papeetē,Oceania,Polynesia,,PF-->MC,PF-->MC,PF-->MC,PF-->MC,PF-->MC,PF-->MC,PF-->MC,PF-->MC,PF-->MC,PF-->MC,PF-->MC,PF-->MC,PF-->MC,PF-->MC,PF-->MC,PF-->MC,PF-->MC,PF-->MC,PF-->MC,,,,,,,,,,,,,,,,,MC-->PF,MC-->PF,MC-->PF,MC-->PF,MC-->PF,MC-->PF,MC-->PF,MC-->PF,MC-->PF,MC-->PF,MC-->PF,MC-->PF,MC-->PF,MC-->PF,MC-->PF,MC-->PF,MC-->PF,MC-->PF,MC-->PF
TF,ATF,French Southern and Antarctic Lands,Port-aux-Français,Africa,Southern Africa,,TF-->MC,TF-->MC,TF-->MC,TF-->MC,TF-->MC,TF-->MC,TF-->MC,TF-->MC,TF-->MC,TF-->MC,TF-->MC,TF-->MC,TF-->MC,TF-->MC,TF-->MC,TF-->MC,TF-->MC,TF-->MC,TF-->MC,,,,,,,,,,,,,,,,,MC-->TF,MC-->TF,MC-->TF,MC-->TF,MC-->TF,MC-->TF,MC-->TF,MC-->TF,MC-->TF,MC-->TF,MC-->TF,MC-->TF,MC-->TF,MC-->TF,MC-->TF,MC-->TF,MC-->TF,MC-->TF,MC-->TF
GA,GAB,Gabon,Libreville,Africa,Middle Africa,,GA-->MC,GA-->MC,GA-->MC,GA-->MC,GA-->MC,GA-->MC,GA-->MC,GA-->MC,GA-->MC,GA-->MC,GA-->MC,GA-->MC,GA-->MC,GA-->MC,GA-->MC,GA-->MC,GA-->MC,GA-->MC,GA-->MC,,,,,,,,,,,,,,,,,MC-->GA,MC-->GA,MC-->GA,MC-->GA,MC-->GA,MC-->GA,MC-->GA,MC-->GA,MC-->GA,MC-->GA,MC-->GA,MC-->GA,MC-->GA,MC-->GA,MC-->GA,MC-->GA,MC-->GA,MC-->GA,MC-->GA
GM,GMB,The Gambia,Banjul,Africa,Western Africa,,GM-->MC,GM-->MC,GM-->MC,GM-->MC,GM-->MC,GM-->MC,GM-->MC,GM-->MC,GM-->MC,GM-->MC,GM-->MC,GM-->MC,GM-->MC,GM-->MC,GM-->MC,GM-->MC,GM-->MC,GM-->MC,GM-->MC,,,,,,,,,,,,,,,,,MC-->GM,MC-->GM,MC-->GM,MC-->GM,MC-->GM,MC-->GM,MC-->GM,MC-->GM,MC-->GM,MC-->GM,MC-->GM,MC-->GM,MC-->GM,MC-->GM,MC-->GM,MC-->GM,MC-->GM,MC-->GM,MC-->GM
GE,GEO,Georgia,Tbilisi,Asia,Western Asia,,GE-->MC,GE-->MC,GE-->MC,GE-->MC,GE-->MC,GE-->MC,GE-->MC,GE-->MC,GE-->MC,GE-->MC,GE-->MC,GE-->MC,GE-->MC,GE-->MC,GE-->MC,GE-->MC,GE-->MC,GE-->MC,GE-->MC,,,,,,,,,,,,,,,,,MC-->GE,MC-->GE,MC-->GE,MC-->GE,MC-->GE,MC-->GE,MC-->GE,MC-->GE,MC-->GE,MC-->GE,MC-->GE,MC-->GE,MC-->GE,MC-->GE,MC-->GE,MC-->GE,MC-->GE,MC-->GE,MC-->GE
DE,DEU,Germany,Berlin,Europe,Western Europe,,DE-->MC,DE-->MC,DE-->MC,DE-->MC,DE-->MC,DE-->MC,DE-->MC,DE-->MC,DE-->MC,DE-->MC,DE-->MC,DE-->MC,DE-->MC,DE-->MC,DE-->MC,DE-->MC,DE-->MC,DE-->MC,DE-->MC,,,,,,,,,,,,,,,,,MC-->DE,MC-->DE,MC-->DE,MC-->DE,MC-->DE,MC-->DE,MC-->DE,MC-->DE,MC-->DE,MC-->DE,MC-->DE,MC-->DE,MC-->DE,MC-->DE,MC-->DE,MC-->DE,MC-->DE,MC-->DE,MC-->DE
GH,GHA,Ghana,Accra,Africa,Western Africa,,GH-->MC,GH-->MC,GH-->MC,GH-->MC,GH-->MC,GH-->MC,GH-->MC,GH-->MC,GH-->MC,GH-->MC,GH-->MC,GH-->MC,GH-->MC,GH-->MC,GH-->MC,GH-->MC,GH-->MC,GH-->MC,GH-->MC,,,,,,,,,,,,,,,,,MC-->GH,MC-->GH,MC-->GH,MC-->GH,MC-->GH,MC-->GH,MC-->GH,MC-->GH,MC-->GH,MC-->GH,MC-->GH,MC-->GH,MC-->GH,MC-->GH,MC-->GH,MC-->GH,MC-->GH,MC-->GH,MC-->GH
GI,GIB,Gibraltar,Gibraltar,Europe,Southern Europe,,GI-->MC,GI-->MC,GI-->MC,GI-->MC,GI-->MC,GI-->MC,GI-->MC,GI-->MC,GI-->MC,GI-->MC,GI-->MC,GI-->MC,GI-->MC,GI-->MC,GI-->MC,GI-->MC,GI-->MC,GI-->MC,GI-->MC,,,,,,,,,,,,,,,,,MC-->GI,MC-->GI,MC-->GI,MC-->GI,MC-->GI,MC-->GI,MC-->GI,MC-->GI,MC-->GI,MC-->GI,MC-->GI,MC-->GI,MC-->GI,MC-->GI,MC-->GI,MC-->GI,MC-->GI,MC-->GI,MC-->GI
GR,GRC,Greece,Athens,Europe,Southern Europe,,GR-->MC,GR-->MC,GR-->MC,GR-->MC,GR-->MC,GR-->MC,GR-->MC,GR-->MC,GR-->MC,GR-->MC,GR-->MC,GR-->MC,GR-->MC,GR-->MC,GR-->MC,GR-->MC,GR-->MC,GR-->MC,GR-->MC,,,,,,,,,,,,,,,,,MC-->GR,MC-->GR,MC-->GR,MC-->GR,MC-->GR,MC-->GR,MC-->GR,MC-->GR,MC-->GR,MC-->GR,MC-->GR,MC-->GR,MC-->GR,MC-->GR,MC-->GR,MC-->GR,MC-->GR,MC-->GR,MC-->GR
GL,GRL,Greenland,Nuuk,Americas,Northern America,,GL-->MC,GL-->MC,GL-->MC,GL-->MC,GL-->MC,GL-->MC,GL-->MC,GL-->MC,GL-->MC,GL-->MC,GL-->MC,GL-->MC,GL-->MC,GL-->MC,GL-->MC,GL-->MC,GL-->MC,GL-->MC,GL-->MC,,,,,,,,,,,,,,,,,MC-->GL,MC-->GL,MC-->GL,MC-->GL,MC-->GL,MC-->GL,MC-->GL,MC-->GL,MC-->GL,MC-->GL,MC-->GL,MC-->GL,MC-->GL,MC-->GL,MC-->GL,MC-->GL,MC-->GL,MC-->GL,MC-->GL
GD,GRD,Grenada,St. George's,Americas,Caribbean,,GD-->MC,GD-->MC,GD-->MC,GD-->MC,GD-->MC,GD-->MC,GD-->MC,GD-->MC,GD-->MC,GD-->MC,GD-->MC,GD-->MC,GD-->MC,GD-->MC,GD-->MC,GD-->MC,GD-->MC,GD-->MC,GD-->MC,,,,,,,,,,,,,,,,,MC-->GD,MC-->GD,MC-->GD,MC-->GD,MC-->GD,MC-->GD,MC-->GD,MC-->GD,MC-->GD,MC-->GD,MC-->GD,MC-->GD,MC-->GD,MC-->GD,MC-->GD,MC-->GD,MC-->GD,MC-->GD,MC-->GD
GP,GLP,Guadeloupe,Basse-Terre,Americas,Caribbean,,GP-->MC,GP-->MC,GP-->MC,GP-->MC,GP-->MC,GP-->MC,GP-->MC,GP-->MC,GP-->MC,GP-->MC,GP-->MC,GP-->MC,GP-->MC,GP-->MC,GP-->MC,GP-->MC,GP-->MC,GP-->MC,GP-->MC,,,,,,,,,,,,,,,,,MC-->GP,MC-->GP,MC-->GP,MC-->GP,MC-->GP,MC-->GP,MC-->GP,MC-->GP,MC-->GP,MC-->GP,MC-->GP,MC-->GP,MC-->GP,MC-->GP,MC-->GP,MC-->GP,MC-->GP,MC-->GP,MC-->GP
GU,GUM,Guam,Hagåtña,Oceania,Micronesia,,GU-->MC,GU-->MC,GU-->MC,GU-->MC,GU-->MC,GU-->MC,GU-->MC,GU-->MC,GU-->MC,GU-->MC,GU-->MC,GU-->MC,GU-->MC,GU-->MC,GU-->MC,GU-->MC,GU-->MC,GU-->MC,GU-->MC,,,,,,,,,,,,,,,,,MC-->GU,MC-->GU,MC-->GU,MC-->GU,MC-->GU,MC-->GU,MC-->GU,MC-->GU,MC-->GU,MC-->GU,MC-->GU,MC-->GU,MC-->GU,MC-->GU,MC-->GU,MC-->GU,MC-->GU,MC-->GU,MC-->GU
GT,GTM,Guatemala,Guatemala City,Americas,Central America,,GT-->MC,GT-->MC,GT-->MC,GT-->MC,GT-->MC,GT-->MC,GT-->MC,GT-->MC,GT-->MC,GT-->MC,GT-->MC,GT-->MC,GT-->MC,GT-->MC,GT-->MC,GT-->MC,GT-->MC,GT-->MC,GT-->MC,,,,,,,,,,,,,,,,,MC-->GT,MC-->GT,MC-->GT,MC-->GT,MC-->GT,MC-->GT,MC-->GT,MC-->GT,MC-->GT,MC-->GT,MC-->GT,MC-->GT,MC-->GT,MC-->GT,MC-->GT,MC-->GT,MC-->GT,MC-->GT,MC-->GT
GG,GGY,Guernsey,St. Peter Port,Europe,Northern Europe,,GG-->MC,GG-->MC,GG-->MC,GG-->MC,GG-->MC,GG-->MC,GG-->MC,GG-->MC,GG-->MC,GG-->MC,GG-->MC,GG-->MC,GG-->MC,GG-->MC,GG-->MC,GG-->MC,GG-->MC,GG-->MC,GG-->MC,,,,,,,,,,,,,,,,,MC-->GG,MC-->GG,MC-->GG,MC-->GG,MC-->GG,MC-->GG,MC-->GG,MC-->GG,MC-->GG,MC-->GG,MC-->GG,MC-->GG,MC-->GG,MC-->GG,MC-->GG,MC-->GG,MC-->GG,MC-->GG,MC-->GG
GN,GIN,Guinea,Conakry,Africa,Western Africa,,GN-->MC,GN-->MC,GN-->MC,GN-->MC,GN-->MC,GN-->MC,GN-->MC,GN-->MC,GN-->MC,GN-->MC,GN-->MC,GN-->MC,GN-->MC,GN-->MC,GN-->MC,GN-->MC,GN-->MC,GN-->MC,GN-->MC,,,,,,,,,,,,,,,,,MC-->GN,MC-->GN,MC-->GN,MC-->GN,MC-->GN,MC-->GN,MC-->GN,MC-->GN,MC-->GN,MC-->GN,MC-->GN,MC-->GN,MC-->GN,MC-->GN,MC-->GN,MC-->GN,MC-->GN,MC-->GN,MC-->GN
GW,GNB,Guinea-Bissau,Bissau,Africa,Western Africa,,GW-->MC,GW-->MC,GW-->MC,GW-->MC,GW-->MC,GW-->MC,GW-->MC,GW-->MC,GW-->MC,GW-->MC,GW-->MC,GW-->MC,GW-->MC,GW-->MC,GW-->MC,GW-->MC,GW-->MC,GW-->MC,GW-->MC,,,,,,,,,,,,,,,,,MC-->GW,MC-->GW,MC-->GW,MC-->GW,MC-->GW,MC-->GW,MC-->GW,MC-->GW,MC-->GW,MC-->GW,MC-->GW,MC-->GW,MC-->GW,MC-->GW,MC-->GW,MC-->GW,MC-->GW,MC-->GW,MC-->GW
GY,GUY,Guyana,Georgetown,Americas,South America,,GY-->MC,GY-->MC,GY-->MC,GY-->MC,GY-->MC,GY-->MC,GY-->MC,GY-->MC,GY-->MC,GY-->MC,GY-->MC,GY-->MC,GY-->MC,GY-->MC,GY-->MC,GY-->MC,GY-->MC,GY-->MC,GY-->MC,,,,,,,,,,,,,,,,,MC-->GY,MC-->GY,MC-->GY,MC-->GY,MC-->GY,MC-->GY,MC-->GY,MC-->GY,MC-->GY,MC-->GY,MC-->GY,MC-->GY,MC-->GY,MC-->GY,MC-->GY,MC-->GY,MC-->GY,MC-->GY,MC-->GY
HT,HTI,Haiti,Port-au-Prince,Americas,Caribbean,,HT-->MC,HT-->MC,HT-->MC,HT-->MC,HT-->MC,HT-->MC,HT-->MC,HT-->MC,HT-->MC,HT-->MC,HT-->MC,HT-->MC,HT-->MC,HT-->MC,HT-->MC,HT-->MC,HT-->MC,HT-->MC,HT-->MC,,,,,,,,,,,,,,,,,MC-->HT,MC-->HT,MC-->HT,MC-->HT,MC-->HT,MC-->HT,MC-->HT,MC-->HT,MC-->HT,MC-->HT,MC-->HT,MC-->HT,MC-->HT,MC-->HT,MC-->HT,MC-->HT,MC-->HT,MC-->HT,MC-->HT
HM,HMD,Heard Island and McDonald Islands,,,,,HM-->MC,HM-->MC,HM-->MC,HM-->MC,HM-->MC,HM-->MC,HM-->MC,HM-->MC,HM-->MC,HM-->MC,HM-->MC,HM-->MC,HM-->MC,HM-->MC,HM-->MC,HM-->MC,HM-->MC,HM-->MC,HM-->MC,,,,,,,,,,,,,,,,,MC-->HM,MC-->HM,MC-->HM,MC-->HM,MC-->HM,MC-->HM,MC-->HM,MC-->HM,MC-->HM,MC-->HM,MC-->HM,MC-->HM,MC-->HM,MC-->HM,MC-->HM,MC-->HM,MC-->HM,MC-->HM,MC-->HM
VA,VAT,Holy See,Rome,Europe,Southern Europe,,VA-->MC,VA-->MC,VA-->MC,VA-->MC,VA-->MC,VA-->MC,VA-->MC,VA-->MC,VA-->MC,VA-->MC,VA-->MC,VA-->MC,VA-->MC,VA-->MC,VA-->MC,VA-->MC,VA-->MC,VA-->MC,VA-->MC,,,,,,,,,,,,,,,,,MC-->VA,MC-->VA,MC-->VA,MC-->VA,MC-->VA,MC-->VA,MC-->VA,MC-->VA,MC-->VA,MC-->VA,MC-->VA,MC-->VA,MC-->VA,MC-->VA,MC-->VA,MC-->VA,MC-->VA,MC-->VA,MC-->VA
HN,HND,Honduras,Tegucigalpa,Americas,Central America,,HN-->MC,HN-->MC,HN-->MC,HN-->MC,HN-->MC,HN-->MC,HN-->MC,HN-->MC,HN-->MC,HN-->MC,HN-->MC,HN-->MC,HN-->MC,HN-->MC,HN-->MC,HN-->MC,HN-->MC,HN-->MC,HN-->MC,,,,,,,,,,,,,,,,,MC-->HN,MC-->HN,MC-->HN,MC-->HN,MC-->HN,MC-->HN,MC-->HN,MC-->HN,MC-->HN,MC-->HN,MC-->HN,MC-->HN,MC-->HN,MC-->HN,MC-->HN,MC-->HN,MC-->HN,MC-->HN,MC-->HN
HK,HKG,Hong Kong,City of Victoria,Asia,Eastern Asia,,HK-->MC,HK-->MC,HK-->MC,HK-->MC,HK-->MC,HK-->MC,HK-->MC,HK-->MC,HK-->MC,HK-->MC,HK-->MC,HK-->MC,HK-->MC,HK-->MC,HK-->MC,HK-->MC,HK-->MC,HK-->MC,HK-->MC,,,,,,,,,,,,,,,,,MC-->HK,MC-->HK,MC-->HK,MC-->HK,MC-->HK,MC-->HK,MC-->HK,MC-->HK,MC-->HK,MC-->HK,MC-->HK,MC-->HK,MC-->HK,MC-->HK,MC-->HK,MC-->HK,MC-->HK,MC-->HK,MC-->HK
HU,HUN,Hungary,Budapest,Europe,Eastern Europe,,HU-->MC,HU-->MC,HU-->MC,HU-->MC,HU-->MC,HU-->MC,HU-->MC,HU-->MC,HU-->MC,HU-->MC,HU-->MC,HU-->MC,HU-->MC,HU-->MC,HU-->MC,HU-->MC,HU-->MC,HU-->MC,HU-->MC,,,,,,,,,,,,,,,,,MC-->HU,MC-->HU,MC-->HU,MC-->HU,MC-->HU,MC-->HU,MC-->HU,MC-->HU,MC-->HU,MC-->HU,MC-->HU,MC-->HU,MC-->HU,MC-->HU,MC-->HU,MC-->HU,MC-->HU,MC-->HU,MC-->HU
IS,ISL,Iceland,Reykjavík,Europe,Northern Europe,,IS-->MC,IS-->MC,IS-->MC,IS-->MC,IS-->MC,IS-->MC,IS-->MC,IS-->MC,IS-->MC,IS-->MC,IS-->MC,IS-->MC,IS-->MC,IS-->MC,IS-->MC,IS-->MC,IS-->MC,IS-->MC,IS-->MC,,,,,,,,,,,,,,,,,MC-->IS,MC-->IS,MC-->IS,MC-->IS,MC-->IS,MC-->IS,MC-->IS,MC-->IS,MC-->IS,MC-->IS,MC-->IS,MC-->IS,MC-->IS,MC-->IS,MC-->IS,MC-->IS,MC-->IS,MC-->IS,MC-->IS
IN,IND,India,New Delhi,Asia,Southern Asia,,IN-->MC,IN-->MC,IN-->MC,IN-->MC,IN-->MC,IN-->MC,IN-->MC,IN-->MC,IN-->MC,IN-->MC,IN-->MC,IN-->MC,IN-->MC,IN-->MC,IN-->MC,IN-->MC,IN-->MC,IN-->MC,IN-->MC,,,,,,,,,,,,,,,,,MC-->IN,MC-->IN,MC-->IN,MC-->IN,MC-->IN,MC-->IN,MC-->IN,MC-->IN,MC-->IN,MC-->IN,MC-->IN,MC-->IN,MC-->IN,MC-->IN,MC-->IN,MC-->IN,MC-->IN,MC-->IN,MC-->IN
ID,IDN,Indonesia,Jakarta,Asia,South-Eastern Asia,,ID-->MC,ID-->MC,ID-->MC,ID-->MC,ID-->MC,ID-->MC,ID-->MC,ID-->MC,ID-->MC,ID-->MC,ID-->MC,ID-->MC,ID-->MC,ID-->MC,ID-->MC,ID-->MC,ID-->MC,ID-->MC,ID-->MC,,,,,,,,,,,,,,,,,MC-->ID,MC-->ID,MC-->ID,MC-->ID,MC-->ID,MC-->ID,MC-->ID,MC-->ID,MC-->ID,MC-->ID,MC-->ID,MC-->ID,MC-->ID,MC-->ID,MC-->ID,MC-->ID,MC-->ID,MC-->ID,MC-->ID
CI,CIV,Ivory Coast,Yamoussoukro,Africa,Western Africa,,CI-->MC,CI-->MC,CI-->MC,CI-->MC,CI-->MC,CI-->MC,CI-->MC,CI-->MC,CI-->MC,CI-->MC,CI-->MC,CI-->MC,CI-->MC,CI-->MC,CI-->MC,CI-->MC,CI-->MC,CI-->MC,CI-->MC,,,,,,,,,,,,,,,,,MC-->CI,MC-->CI,MC-->CI,MC-->CI,MC-->CI,MC-->CI,MC-->CI,MC-->CI,MC-->CI,MC-->CI,MC-->CI,MC-->CI,MC-->CI,MC-->CI,MC-->CI,MC-->CI,MC-->CI,MC-->CI,MC-->CI
IR,IRN,Iran,Tehran,Asia,Southern Asia,,IR-->MC,IR-->MC,IR-->MC,IR-->MC,IR-->MC,IR-->MC,IR-->MC,IR-->MC,IR-->MC,IR-->MC,IR-->MC,IR-->MC,IR-->MC,IR-->MC,IR-->MC,IR-->MC,IR-->MC,IR-->MC,IR-->MC,,,,,,,,,,,,,,,,,MC-->IR,MC-->IR,MC-->IR,MC-->IR,MC-->IR,MC-->IR,MC-->IR,MC-->IR,MC-->IR,MC-->IR,MC-->IR,MC-->IR,MC-->IR,MC-->IR,MC-->IR,MC-->IR,MC-->IR,MC-->IR,MC-->IR
IQ,IRQ,Iraq,Baghdad,Asia,Western Asia,,IQ-->MC,IQ-->MC,IQ-->MC,IQ-->MC,IQ-->MC,IQ-->MC,IQ-->MC,IQ-->MC,IQ-->MC,IQ-->MC,IQ-->MC,IQ-->MC,IQ-->MC,IQ-->MC,IQ-->MC,IQ-->MC,IQ-->MC,IQ-->MC,IQ-->MC,,,,,,,,,,,,,,,,,MC-->IQ,MC-->IQ,MC-->IQ,MC-->IQ,MC-->IQ,MC-->IQ,MC-->IQ,MC-->IQ,MC-->IQ,MC-->IQ,MC-->IQ,MC-->IQ,MC-->IQ,MC-->IQ,MC-->IQ,MC-->IQ,MC-->IQ,MC-->IQ,MC-->IQ
IE,IRL,Republic of Ireland,Dublin,Europe,Northern Europe,,IE-->MC,IE-->MC,IE-->MC,IE-->MC,IE-->MC,IE-->MC,IE-->MC,IE-->MC,IE-->MC,IE-->MC,IE-->MC,IE-->MC,IE-->MC,IE-->MC,IE-->MC,IE-->MC,IE-->MC,IE-->MC,IE-->MC,,,,,,,,,,,,,,,,,MC-->IE,MC-->IE,MC-->IE,MC-->IE,MC-->IE,MC-->IE,MC-->IE,MC-->IE,MC-->IE,MC-->IE,MC-->IE,MC-->IE,MC-->IE,MC-->IE,MC-->IE,MC-->IE,MC-->IE,MC-->IE,MC-->IE
IM,IMN,Isle of Man,Douglas,Europe,Northern Europe,,IM-->MC,IM-->MC,IM-->MC,IM-->MC,IM-->MC,IM-->MC,IM-->MC,IM-->MC,IM-->MC,IM-->MC,IM-->MC,IM-->MC,IM-->MC,IM-->MC,IM-->MC,IM-->MC,IM-->MC,IM-->MC,IM-->MC,,,,,,,,,,,,,,,,,MC-->IM,MC-->IM,MC-->IM,MC-->IM,MC-->IM,MC-->IM,MC-->IM,MC-->IM,MC-->IM,MC-->IM,MC-->IM,MC-->IM,MC-->IM,MC-->IM,MC-->IM,MC-->IM,MC-->IM,MC-->IM,MC-->IM
IL,ISR,Israel,Jerusalem,Asia,Western Asia,,IL-->MC,IL-->MC,IL-->MC,IL-->MC,IL-->MC,IL-->MC,IL-->MC,IL-->MC,IL-->MC,IL-->MC,IL-->MC,IL-->MC,IL-->MC,IL-->MC,IL-->MC,IL-->MC,IL-->MC,IL-->MC,IL-->MC,,,,,,,,,,,,,,,,,MC-->IL,MC-->IL,MC-->IL,MC-->IL,MC-->IL,MC-->IL,MC-->IL,MC-->IL,MC-->IL,MC-->IL,MC-->IL,MC-->IL,MC-->IL,MC-->IL,MC-->IL,MC-->IL,MC-->IL,MC-->IL,MC-->IL
IT,ITA,Italy,Rome,Europe,Southern Europe,,IT-->MC,IT-->MC,IT-->MC,IT-->MC,IT-->MC,IT-->MC,IT-->MC,IT-->MC,IT-->MC,IT-->MC,IT-->MC,IT-->MC,IT-->MC,IT-->MC,IT-->MC,IT-->MC,IT-->MC,IT-->MC,IT-->MC,,,,,,,,,,,,,,,,,MC-->IT,MC-->IT,MC-->IT,MC-->IT,MC-->IT,MC-->IT,MC-->IT,MC-->IT,MC-->IT,MC-->IT,MC-->IT,MC-->IT,MC-->IT,MC-->IT,MC-->IT,MC-->IT,MC-->IT,MC-->IT,MC-->IT
JM,JAM,Jamaica,Kingston,Americas,Caribbean,,JM-->MC,JM-->MC,JM-->MC,JM-->MC,JM-->MC,JM-->MC,JM-->MC,JM-->MC,JM-->MC,JM-->MC,JM-->MC,JM-->MC,JM-->MC,JM-->MC,JM-->MC,JM-->MC,JM-->MC,JM-->MC,JM-->MC,,,,,,,,,,,,,,,,,MC-->JM,MC-->JM,MC-->JM,MC-->JM,MC-->JM,MC-->JM,MC-->JM,MC-->JM,MC-->JM,MC-->JM,MC-->JM,MC-->JM,MC-->JM,MC-->JM,MC-->JM,MC-->JM,MC-->JM,MC-->JM,MC-->JM
JP,JPN,Japan,Tokyo,Asia,Eastern Asia,,JP-->MC,JP-->MC,JP-->MC,JP-->MC,JP-->MC,JP-->MC,JP-->MC,JP-->MC,JP-->MC,JP-->MC,JP-->MC,JP-->MC,JP-->MC,JP-->MC,JP-->MC,JP-->MC,JP-->MC,JP-->MC,JP-->MC,,,,,,,,,,,,,,,,,MC-->JP,MC-->JP,MC-->JP,MC-->JP,MC-->JP,MC-->JP,MC-->JP,MC-->JP,MC-->JP,MC-->JP,MC-->JP,MC-->JP,MC-->JP,MC-->JP,MC-->JP,MC-->JP,MC-->JP,MC-->JP,MC-->JP
JE,JEY,Jersey,Saint Helier,Europe,Northern Europe,,JE-->MC,JE-->MC,JE-->MC,JE-->MC,JE-->MC,JE-->MC,JE-->MC,JE-->MC,JE-->MC,JE-->MC,JE-->MC,JE-->MC,JE-->MC,JE-->MC,JE-->MC,JE-->MC,JE-->MC,JE-->MC,JE-->MC,,,,,,,,,,,,,,,,,MC-->JE,MC-->JE,MC-->JE,MC-->JE,MC-->JE,MC-->JE,MC-->JE,MC-->JE,MC-->JE,MC-->JE,MC-->JE,MC-->JE,MC-->JE,MC-->JE,MC-->JE,MC-->JE,MC-->JE,MC-->JE,MC-->JE
JO,JOR,Jordan,Amman,Asia,Western Asia,,JO-->MC,JO-->MC,JO-->MC,JO-->MC,JO-->MC,JO-->MC,JO-->MC,JO-->MC,JO-->MC,JO-->MC,JO-->MC,JO-->MC,JO-->MC,JO-->MC,JO-->MC,JO-->MC,JO-->MC,JO-->MC,JO-->MC,,,,,,,,,,,,,,,,,MC-->JO,MC-->JO,MC-->JO,MC-->JO,MC-->JO,MC-->JO,MC-->JO,MC-->JO,MC-->JO,MC-->JO,MC-->JO,MC-->JO,MC-->JO,MC-->JO,MC-->JO,MC-->JO,MC-->JO,MC-->JO,MC-->JO
KZ,KAZ,Kazakhstan,Astana,Asia,Central Asia,,KZ-->MC,KZ-->MC,KZ-->MC,KZ-->MC,KZ-->MC,KZ-->MC,KZ-->MC,KZ-->MC,KZ-->MC,KZ-->MC,KZ-->MC,KZ-->MC,KZ-->MC,KZ-->MC,KZ-->MC,KZ-->MC,KZ-->MC,KZ-->MC,KZ-->MC,,,,,,,,,,,,,,,,,MC-->KZ,MC-->KZ,MC-->KZ,MC-->KZ,MC-->KZ,MC-->KZ,MC-->KZ,MC-->KZ,MC-->KZ,MC-->KZ,MC-->KZ,MC-->KZ,MC-->KZ,MC-->KZ,MC-->KZ,MC-->KZ,MC-->KZ,MC-->KZ,MC-->KZ
KE,KEN,Kenya,Nairobi,Africa,Eastern Africa,,KE-->MC,KE-->MC,KE-->MC,KE-->MC,KE-->MC,KE-->MC,KE-->MC,KE-->MC,KE-->MC,KE-->MC,KE-->MC,KE-->MC,KE-->MC,KE-->MC,KE-->MC,KE-->MC,KE-->MC,KE-->MC,KE-->MC,,,,,,,,,,,,,,,,,MC-->KE,MC-->KE,MC-->KE,MC-->KE,MC-->KE,MC-->KE,MC-->KE,MC-->KE,MC-->KE,MC-->KE,MC-->KE,MC-->KE,MC-->KE,MC-->KE,MC-->KE,MC-->KE,MC-->KE,MC-->KE,MC-->KE
KI,KIR,Kiribati,South Tarawa,Oceania,Micronesia,,KI-->MC,KI-->MC,KI-->MC,KI-->MC,KI-->MC,KI-->MC,KI-->MC,KI-->MC,KI-->MC,KI-->MC,KI-->MC,KI-->MC,KI-->MC,KI-->MC,KI-->MC,KI-->MC,KI-->MC,KI-->MC,KI-->MC,,,,,,,,,,,,,,,,,MC-->KI,MC-->KI,MC-->KI,MC-->KI,MC-->KI,MC-->KI,MC-->KI,MC-->KI,MC-->KI,MC-->KI,MC-->KI,MC-->KI,MC-->KI,MC-->KI,MC-->KI,MC-->KI,MC-->KI,MC-->KI,MC-->KI
KW,KWT,Kuwait,Kuwait City,Asia,Western Asia,,KW-->MC,KW-->MC,KW-->MC,KW-->MC,KW-->MC,KW-->MC,KW-->MC,KW-->MC,KW-->MC,KW-->MC,KW-->MC,KW-->MC,KW-->MC,KW-->MC,KW-->MC,KW-->MC,KW-->MC,KW-->MC,KW-->MC,,,,,,,,,,,,,,,,,MC-->KW,MC-->KW,MC-->KW,MC-->KW,MC-->KW,MC-->KW,MC-->KW,MC-->KW,MC-->KW,MC-->KW,MC-->KW,MC-->KW,MC-->KW,MC-->KW,MC-->KW,MC-->KW,MC-->KW,MC-->KW,MC-->KW
KG,KGZ,Kyrgyzstan,Bishkek,Asia,Central Asia,,KG-->MC,KG-->MC,KG-->MC,KG-->MC,KG-->MC,KG-->MC,KG-->MC,KG-->MC,KG-->MC,KG-->MC,KG-->MC,KG-->MC,KG-->MC,KG-->MC,KG-->MC,KG-->MC,KG-->MC,KG-->MC,KG-->MC,,,,,,,,,,,,,,,,,MC-->KG,MC-->KG,MC-->KG,MC-->KG,MC-->KG,MC-->KG,MC-->KG,MC-->KG,MC-->KG,MC-->KG,MC-->KG,MC-->KG,MC-->KG,MC-->KG,MC-->KG,MC-->KG,MC-->KG,MC-->KG,MC-->KG
LA,LAO,Laos,Vientiane,Asia,South-Eastern Asia,,LA-->MC,LA-->MC,LA-->MC,LA-->MC,LA-->MC,LA-->MC,LA-->MC,LA-->MC,LA-->MC,LA-->MC,LA-->MC,LA-->MC,LA-->MC,LA-->MC,LA-->MC,LA-->MC,LA-->MC,LA-->MC,LA-->MC,,,,,,,,,,,,,,,,,MC-->LA,MC-->LA,MC-->LA,MC-->LA,MC-->LA,MC-->LA,MC-->LA,MC-->LA,MC-->LA,MC-->LA,MC-->LA,MC-->LA,MC-->LA,MC-->LA,MC-->LA,MC-->LA,MC-->LA,MC-->LA,MC-->LA
LV,LVA,Latvia,Riga,Europe,Northern Europe,,LV-->MC,LV-->MC,LV-->MC,LV-->MC,LV-->MC,LV-->MC,LV-->MC,LV-->MC,LV-->MC,LV-->MC,LV-->MC,LV-->MC,LV-->MC,LV-->MC,LV-->MC,LV-->MC,LV-->MC,LV-->MC,LV-->MC,,,,,,,,,,,,,,,,,MC-->LV,MC-->LV,MC-->LV,MC-->LV,MC-->LV,MC-->LV,MC-->LV,MC-->LV,MC-->LV,MC-->LV,MC-->LV,MC-->LV,MC-->LV,MC-->LV,MC-->LV,MC-->LV,MC-->LV,MC-->LV,MC-->LV
LB,LBN,Lebanon,Beirut,Asia,Western Asia,,LB-->MC,LB-->MC,LB-->MC,LB-->MC,LB-->MC,LB-->MC,LB-->MC,LB-->MC,LB-->MC,LB-->MC,LB-->MC,LB-->MC,LB-->MC,LB-->MC,LB-->MC,LB-->MC,LB-->MC,LB-->MC,LB-->MC,,,,,,,,,,,,,,,,,MC-->LB,MC-->LB,MC-->LB,MC-->LB,MC-->LB,MC-->LB,MC-->LB,MC-->LB,MC-->LB,MC-->LB,MC-->LB,MC-->LB,MC-->LB,MC-->LB,MC-->LB,MC-->LB,MC-->LB,MC-->LB,MC-->LB
LS,LSO,Lesotho,Maseru,Africa,Southern Africa,,LS-->MC,LS-->MC,LS-->MC,LS-->MC,LS-->MC,LS-->MC,LS-->MC,LS-->MC,LS-->MC,LS-->MC,LS-->MC,LS-->MC,LS-->MC,LS-->MC,LS-->MC,LS-->MC,LS-->MC,LS-->MC,LS-->MC,,,,,,,,,,,,,,,,,MC-->LS,MC-->LS,MC-->LS,MC-->LS,MC-->LS,MC-->LS,MC-->LS,MC-->LS,MC-->LS,MC-->LS,MC-->LS,MC-->LS,MC-->LS,MC-->LS,MC-->LS,MC-->LS,MC-->LS,MC-->LS,MC-->LS
LR,LBR,Liberia,Monrovia,Africa,Western Africa,,LR-->MC,LR-->MC,LR-->MC,LR-->MC,LR-->MC,LR-->MC,LR-->MC,LR-->MC,LR-->MC,LR-->MC,LR-->MC,LR-->MC,LR-->MC,LR-->MC,LR-->MC,LR-->MC,LR-->MC,LR-->MC,LR-->MC,,,,,,,,,,,,,,,,,MC-->LR,MC-->LR,MC-->LR,MC-->LR,MC-->LR,MC-->LR,MC-->LR,MC-->LR,MC-->LR,MC-->LR,MC-->LR,MC-->LR,MC-->LR,MC-->LR,MC-->LR,MC-->LR,MC-->LR,MC-->LR,MC-->LR
LY,LBY,Libya,Tripoli,Africa,Northern Africa,,LY-->MC,LY-->MC,LY-->MC,LY-->MC,LY-->MC,LY-->MC,LY-->MC,LY-->MC,LY-->MC,LY-->MC,LY-->MC,LY-->MC,LY-->MC,LY-->MC,LY-->MC,LY-->MC,LY-->MC,LY-->MC,LY-->MC,,,,,,,,,,,,,,,,,MC-->LY,MC-->LY,MC-->LY,MC-->LY,MC-->LY,MC-->LY,MC-->LY,MC-->LY,MC-->LY,MC-->LY,MC-->LY,MC-->LY,MC-->LY,MC-->LY,MC-->LY,MC-->LY,MC-->LY,MC-->LY,MC-->LY
LI,LIE,Liechtenstein,Vaduz,Europe,Western Europe,,LI-->MC,LI-->MC,LI-->MC,LI-->MC,LI-->MC,LI-->MC,LI-->MC,LI-->MC,LI-->MC,LI-->MC,LI-->MC,LI-->MC,LI-->MC,LI-->MC,LI-->MC,LI-->MC,LI-->MC,LI-->MC,LI-->MC,,,,,,,,,,,,,,,,,MC-->LI,MC-->LI,MC-->LI,MC-->LI,MC-->LI,MC-->LI,MC-->LI,MC-->LI,MC-->LI,MC-->LI,MC-->LI,MC-->LI,MC-->LI,MC-->LI,MC-->LI,MC-->LI,MC-->LI,MC-->LI,MC-->LI
LT,LTU,Lithuania,Vilnius,Europe,Northern Europe,,LT-->MC,LT-->MC,LT-->MC,LT-->MC,LT-->MC,LT-->MC,LT-->MC,LT-->MC,LT-->MC,LT-->MC,LT-->MC,LT-->MC,LT-->MC,LT-->MC,LT-->MC,LT-->MC,LT-->MC,LT-->MC,LT-->MC,,,,,,,,,,,,,,,,,MC-->LT,MC-->LT,MC-->LT,MC-->LT,MC-->LT,MC-->LT,MC-->LT,MC-->LT,MC-->LT,MC-->LT,MC-->LT,MC-->LT,MC-->LT,MC-->LT,MC-->LT,MC-->LT,MC-->LT,MC-->LT,MC-->LT
LU,LUX,Luxembourg,Luxembourg,Europe,Western Europe,,LU-->MC,LU-->MC,LU-->MC,LU-->MC,LU-->MC,LU-->MC,LU-->MC,LU-->MC,LU-->MC,LU-->MC,LU-->MC,LU-->MC,LU-->MC,LU-->MC,LU-->MC,LU-->MC,LU-->MC,LU-->MC,LU-->MC,,,,,,,,,,,,,,,,,MC-->LU,MC-->LU,MC-->LU,MC-->LU,MC-->LU,MC-->LU,MC-->LU,MC-->LU,MC-->LU,MC-->LU,MC-->LU,MC-->LU,MC-->LU,MC-->LU,MC-->LU,MC-->LU,MC-->LU,MC-->LU,MC-->LU
MO,MAC,Macau,,Asia,Eastern Asia,,MO-->MC,MO-->MC,MO-->MC,MO-->MC,MO-->MC,MO-->MC,MO-->MC,MO-->MC,MO-->MC,MO-->MC,MO-->MC,MO-->MC,MO-->MC,MO-->MC,MO-->MC,MO-->MC,MO-->MC,MO-->MC,MO-->MC,,,,,,,,,,,,,,,,,MC-->MO,MC-->MO,MC-->MO,MC-->MO,MC-->MO,MC-->MO,MC-->MO,MC-->MO,MC-->MO,MC-->MO,MC-->MO,MC-->MO,MC-->MO,MC-->MO,MC-->MO,MC-->MO,MC-->MO,MC-->MO,MC-->MO
MK,MKD,Republic of Macedonia,Skopje,Europe,Southern Europe,,MK-->MC,MK-->MC,MK-->MC,MK-->MC,MK-->MC,MK-->MC,MK-->MC,MK-->MC,MK-->MC,MK-->MC,MK-->MC,MK-->MC,MK-->MC,MK-->MC,MK-->MC,MK-->MC,MK-->MC,MK-->MC,MK-->MC,,,,,,,,,,,,,,,,,MC-->MK,MC-->MK,MC-->MK,MC-->MK,MC-->MK,MC-->MK,MC-->MK,MC-->MK,MC-->MK,MC-->MK,MC-->MK,MC-->MK,MC-->MK,MC-->MK,MC-->MK,MC-->MK,MC-->MK,MC-->MK,MC-->MK
MG,MDG,Madagascar,Antananarivo,Africa,Eastern Africa,,MG-->MC,MG-->MC,MG-->MC,MG-->MC,MG-->MC,MG-->MC,MG-->MC,MG-->MC,MG-->MC,MG-->MC,MG-->MC,MG-->MC,MG-->MC,MG-->MC,MG-->MC,MG-->MC,MG-->MC,MG-->MC,MG-->MC,,,,,,,,,,,,,,,,,MC-->MG,MC-->MG,MC-->MG,MC-->MG,MC-->MG,MC-->MG,MC-->MG,MC-->MG,MC-->MG,MC-->MG,MC-->MG,MC-->MG,MC-->MG,MC-->MG,MC-->MG,MC-->MG,MC-->MG,MC-->MG,MC-->MG
MW,MWI,Malawi,Lilongwe,Africa,Eastern Africa,,MW-->MC,MW-->MC,MW-->MC,MW-->MC,MW-->MC,MW-->MC,MW-->MC,MW-->MC,MW-->MC,MW-->MC,MW-->MC,MW-->MC,MW-->MC,MW-->MC,MW-->MC,MW-->MC,MW-->MC,MW-->MC,MW-->MC,,,,,,,,,,,,,,,,,MC-->MW,MC-->MW,MC-->MW,MC-->MW,MC-->MW,MC-->MW,MC-->MW,MC-->MW,MC-->MW,MC-->MW,MC-->MW,MC-->MW,MC-->MW,MC-->MW,MC-->MW,MC-->MW,MC-->MW,MC-->MW,MC-->MW
MY,MYS,Malaysia,Kuala Lumpur,Asia,South-Eastern Asia,,MY-->MC,MY-->MC,MY-->MC,MY-->MC,MY-->MC,MY-->MC,MY-->MC,MY-->MC,MY-->MC,MY-->MC,MY-->MC,MY-->MC,MY-->MC,MY-->MC,MY-->MC,MY-->MC,MY-->MC,MY-->MC,MY-->MC,,,,,,,,,,,,,,,,,MC-->MY,MC-->MY,MC-->MY,MC-->MY,MC-->MY,MC-->MY,MC-->MY,MC-->MY,MC-->MY,MC-->MY,MC-->MY,MC-->MY,MC-->MY,MC-->MY,MC-->MY,MC-->MY,MC-->MY,MC-->MY,MC-->MY
MV,MDV,Maldives,Malé,Asia,Southern Asia,,MV-->MC,MV-->MC,MV-->MC,MV-->MC,MV-->MC,MV-->MC,MV-->MC,MV-->MC,MV-->MC,MV-->MC,MV-->MC,MV-->MC,MV-->MC,MV-->MC,MV-->MC,MV-->MC,MV-->MC,MV-->MC,MV-->MC,,,,,,,,,,,,,,,,,MC-->MV,MC-->MV,MC-->MV,MC-->MV,MC-->MV,MC-->MV,MC-->MV,MC-->MV,MC-->MV,MC-->MV,MC-->MV,MC-->MV,MC-->MV,MC-->MV,MC-->MV,MC-->MV,MC-->MV,MC-->MV,MC-->MV
ML,MLI,Mali,Bamako,Africa,Western Africa,,ML-->MC,ML-->MC,ML-->MC,ML-->MC,ML-->MC,ML-->MC,ML-->MC,ML-->MC,ML-->MC,ML-->MC,ML-->MC,ML-->MC,ML-->MC,ML-->MC,ML-->MC,ML-->MC,ML-->MC,ML-->MC,ML-->MC,,,,,,,,,,,,,,,,,MC-->ML,MC-->ML,MC-->ML,MC-->ML,MC-->ML,MC-->ML,MC-->ML,MC-->ML,MC-->ML,MC-->ML,MC-->ML,MC-->ML,MC-->ML,MC-->ML,MC-->ML,MC-->ML,MC-->ML,MC-->ML,MC-->ML
MT,MLT,Malta,Valletta,Europe,Southern Europe,,MT-->MC,MT-->MC,MT-->MC,MT-->MC,MT-->MC,MT-->MC,MT-->MC,MT-->MC,MT-->MC,MT-->MC,MT-->MC,MT-->MC,MT-->MC,MT-->MC,MT-->MC,MT-->MC,MT-->MC,MT-->MC,MT-->MC,,,,,,,,,,,,,,,,,MC-->MT,MC-->MT,MC-->MT,MC-->MT,MC-->MT,MC-->MT,MC-->MT,MC-->MT,MC-->MT,MC-->MT,MC-->MT,MC-->MT,MC-->MT,MC-->MT,MC-->MT,MC-->MT,MC-->MT,MC-->MT,MC-->MT
MH,MHL,Marshall Islands,Majuro,Oceania,Micronesia,,MH-->MC,MH-->MC,MH-->MC,MH-->MC,MH-->MC,MH-->MC,MH-->MC,MH-->MC,MH-->MC,MH-->MC,MH-->MC,MH-->MC,MH-->MC,MH-->MC,MH-->MC,MH-->MC,MH-->MC,MH-->MC,MH-->MC,,,,,,,,,,,,,,,,,MC-->MH,MC-->MH,MC-->MH,MC-->MH,MC-->MH,MC-->MH,MC-->MH,MC-->MH,MC-->MH,MC-->MH,MC-->MH,MC-->MH,MC-->MH,MC-->MH,MC-->MH,MC-->MH,MC-->MH,MC-->MH,MC-->MH
MQ,MTQ,Martinique,Fort-de-France,Americas,Caribbean,,MQ-->MC,MQ-->MC,MQ-->MC,MQ-->MC,MQ-->MC,MQ-->MC,MQ-->MC,MQ-->MC,MQ-->MC,MQ-->MC,MQ-->MC,MQ-->MC,MQ-->MC,MQ-->MC,MQ-->MC,MQ-->MC,MQ-->MC,MQ-->MC,MQ-->MC,,,,,,,,,,,,,,,,,MC-->MQ,MC-->MQ,MC-->MQ,MC-->MQ,MC-->MQ,MC-->MQ,MC-->MQ,MC-->MQ,MC-->MQ,MC-->MQ,MC-->MQ,MC-->MQ,MC-->MQ,MC-->MQ,MC-->MQ,MC-->MQ,MC-->MQ,MC-->MQ,MC-->MQ
MR,MRT,Mauritania,Nouakchott,Africa,Western Africa,,MR-->MC,MR-->MC,MR-->MC,MR-->MC,MR-->MC,MR-->MC,MR-->MC,MR-->MC,MR-->MC,MR-->MC,MR-->MC,MR-->MC,MR-->MC,MR-->MC,MR-->MC,MR-->MC,MR-->MC,MR-->MC,MR-->MC,0.0,,,,,,,,,,,,,,,,MC-->MR,MC-->MR,MC-->MR,MC-->MR,MC-->MR,MC-->MR,MC-->MR,MC-->MR,MC-->MR,MC-->MR,MC-->MR,MC-->MR,MC-->MR,MC-->MR,MC-->MR,MC-->MR,MC-->MR,MC-->MR,MC-->MR
MU,MUS,Mauritius,Port Louis,Africa,Eastern Africa,,MU-->MC,MU-->MC,MU-->MC,MU-->MC,MU-->MC,MU-->MC,MU-->MC,MU-->MC,MU-->MC,MU-->MC,MU-->MC,MU-->MC,MU-->MC,MU-->MC,MU-->MC,MU-->MC,MU-->MC,MU-->MC,MU-->MC,,,,,,,,,,,,,,,,,MC-->MU,MC-->MU,MC-->MU,MC-->MU,MC-->MU,MC-->MU,MC-->MU,MC-->MU,MC-->MU,MC-->MU,MC-->MU,MC-->MU,MC-->MU,MC-->MU,MC-->MU,MC-->MU,MC-->MU,MC-->MU,MC-->MU
YT,MYT,Mayotte,Mamoudzou,Africa,Eastern Africa,,YT-->MC,YT-->MC,YT-->MC,YT-->MC,YT-->MC,YT-->MC,YT-->MC,YT-->MC,YT-->MC,YT-->MC,YT-->MC,YT-->MC,YT-->MC,YT-->MC,YT-->MC,YT-->MC,YT-->MC,YT-->MC,YT-->MC,,,,,,,,,,,,,,,,,MC-->YT,MC-->YT,MC-->YT,MC-->YT,MC-->YT,MC-->YT,MC-->YT,MC-->YT,MC-->YT,MC-->YT,MC-->YT,MC-->YT,MC-->YT,MC-->YT,MC-->YT,MC-->YT,MC-->YT,MC-->YT,MC-->YT
MX,MEX,Mexico,Mexico City,Americas,Central America,,MX-->MC,MX-->MC,MX-->MC,MX-->MC,MX-->MC,MX-->MC,MX-->MC,MX-->MC,MX-->MC,MX-->MC,MX-->MC,MX-->MC,MX-->MC,MX-->MC,MX-->MC,MX-->MC,MX-->MC,MX-->MC,MX-->MC,,,,,,,,,,,,,,,,,MC-->MX,MC-->MX,MC-->MX,MC-->MX,MC-->MX,MC-->MX,MC-->MX,MC-->MX,MC-->MX,MC-->MX,MC-->MX,MC-->MX,MC-->MX,MC-->MX,MC-->MX,MC-->MX,MC-->MX,MC-->MX,MC-->MX
FM,FSM,Federated States of Micronesia,Palikir,Oceania,Micronesia,,FM-->MC,FM-->MC,FM-->MC,FM-->MC,FM-->MC,FM-->MC,FM-->MC,FM-->MC,FM-->MC,FM-->MC,FM-->MC,FM-->MC,FM-->MC,FM-->MC,FM-->MC,FM-->MC,FM-->MC,FM-->MC,FM-->MC,,,,,,,,,,,,,,,,,MC-->FM,MC-->FM,MC-->FM,MC-->FM,MC-->FM,MC-->FM,MC-->FM,MC-->FM,MC-->FM,MC-->FM,MC-->FM,MC-->FM,MC-->FM,MC-->FM,MC-->FM,MC-->FM,MC-->FM,MC-->FM,MC-->FM
MD,MDA,Moldova,Chișinău,Europe,Eastern Europe,,MD-->MC,MD-->MC,MD-->MC,MD-->MC,MD-->MC,MD-->MC,MD-->MC,MD-->MC,MD-->MC,MD-->MC,MD-->MC,MD-->MC,MD-->MC,MD-->MC,MD-->MC,MD-->MC,MD-->MC,MD-->MC,MD-->MC,,,,,,,,,,,,,,,,,MC-->MD,MC-->MD,MC-->MD,MC-->MD,MC-->MD,MC-->MD,MC-->MD,MC-->MD,MC-->MD,MC-->MD,MC-->MD,MC-->MD,MC-->MD,MC-->MD,MC-->MD,MC-->MD,MC-->MD,MC-->MD,MC-->MD
MC,MCO,Monaco,Monaco,Europe,Western Europe,,MC-->MC,MC-->MC,MC-->MC,MC-->MC,MC-->MC,MC-->MC,MC-->MC,MC-->MC,MC-->MC,MC-->MC,MC-->MC,MC-->MC,MC-->MC,MC-->MC,MC-->MC,MC-->MC,MC-->MC,MC-->MC,MC-->MC,,,,,,,,,,,,,,,,,MC-->MC,MC-->MC,MC-->MC,MC-->MC,MC-->MC,MC-->MC,MC-->MC,MC-->MC,MC-->MC,MC-->MC,MC-->MC,MC-->MC,MC-->MC,MC-->MC,MC-->MC,MC-->MC,MC-->MC,MC-->MC,MC-->MC
MN,MNG,Mongolia,Ulan Bator,Asia,Eastern Asia,,MN-->MC,MN-->MC,MN-->MC,MN-->MC,MN-->MC,MN-->MC,MN-->MC,MN-->MC,MN-->MC,MN-->MC,MN-->MC,MN-->MC,MN-->MC,MN-->MC,MN-->MC,MN-->MC,MN-->MC,MN-->MC,MN-->MC,,,,,,,,,,,,,,,,,MC-->MN,MC-->MN,MC-->MN,MC-->MN,MC-->MN,MC-->MN,MC-->MN,MC-->MN,MC-->MN,MC-->MN,MC-->MN,MC-->MN,MC-->MN,MC-->MN,MC-->MN,MC-->MN,MC-->MN,MC-->MN,MC-->MN
ME,MNE,Montenegro,Podgorica,Europe,Southern Europe,,ME-->MC,ME-->MC,ME-->MC,ME-->MC,ME-->MC,ME-->MC,ME-->MC,ME-->MC,ME-->MC,ME-->MC,ME-->MC,ME-->MC,ME-->MC,ME-->MC,ME-->MC,ME-->MC,ME-->MC,ME-->MC,ME-->MC,,,,,,,,,,,,,,,,,MC-->ME,MC-->ME,MC-->ME,MC-->ME,MC-->ME,MC-->ME,MC-->ME,MC-->ME,MC-->ME,MC-->ME,MC-->ME,MC-->ME,MC-->ME,MC-->ME,MC-->ME,MC-->ME,MC-->ME,MC-->ME,MC-->ME
MS,MSR,Montserrat,Plymouth,Americas,Caribbean,,MS-->MC,MS-->MC,MS-->MC,MS-->MC,MS-->MC,MS-->MC,MS-->MC,MS-->MC,MS-->MC,MS-->MC,MS-->MC,MS-->MC,MS-->MC,MS-->MC,MS-->MC,MS-->MC,MS-->MC,MS-->MC,MS-->MC,,,,,,,,,,,,,,,,,MC-->MS,MC-->MS,MC-->MS,MC-->MS,MC-->MS,MC-->MS,MC-->MS,MC-->MS,MC-->MS,MC-->MS,MC-->MS,MC-->MS,MC-->MS,MC-->MS,MC-->MS,MC-->MS,MC-->MS,MC-->MS,MC-->MS
MA,MAR,Morocco,Rabat,Africa,Northern Africa,,MA-->MC,MA-->MC,MA-->MC,MA-->MC,MA-->MC,MA-->MC,MA-->MC,MA-->MC,MA-->MC,MA-->MC,MA-->MC,MA-->MC,MA-->MC,MA-->MC,MA-->MC,MA-->MC,MA-->MC,MA-->MC,MA-->MC,,,,,,,,,,,,,,,,,MC-->MA,MC-->MA,MC-->MA,MC-->MA,MC-->MA,MC-->MA,MC-->MA,MC-->MA,MC-->MA,MC-->MA,MC-->MA,MC-->MA,MC-->MA,MC-->MA,MC-->MA,MC-->MA,MC-->MA,MC-->MA,MC-->MA
MZ,MOZ,Mozambique,Maputo,Africa,Eastern Africa,,MZ-->MC,MZ-->MC,MZ-->MC,MZ-->MC,MZ-->MC,MZ-->MC,MZ-->MC,MZ-->MC,MZ-->MC,MZ-->MC,MZ-->MC,MZ-->MC,MZ-->MC,MZ-->MC,MZ-->MC,MZ-->MC,MZ-->MC,MZ-->MC,MZ-->MC,,,,,,,,,,,,,,,,,MC-->MZ,MC-->MZ,MC-->MZ,MC-->MZ,MC-->MZ,MC-->MZ,MC-->MZ,MC-->MZ,MC-->MZ,MC-->MZ,MC-->MZ,MC-->MZ,MC-->MZ,MC-->MZ,MC-->MZ,MC-->MZ,MC-->MZ,MC-->MZ,MC-->MZ
MM,MMR,Myanmar,Naypyidaw,Asia,South-Eastern Asia,,MM-->MC,MM-->MC,MM-->MC,MM-->MC,MM-->MC,MM-->MC,MM-->MC,MM-->MC,MM-->MC,MM-->MC,MM-->MC,MM-->MC,MM-->MC,MM-->MC,MM-->MC,MM-->MC,MM-->MC,MM-->MC,MM-->MC,,,,,,,,,,,,,,,,,MC-->MM,MC-->MM,MC-->MM,MC-->MM,MC-->MM,MC-->MM,MC-->MM,MC-->MM,MC-->MM,MC-->MM,MC-->MM,MC-->MM,MC-->MM,MC-->MM,MC-->MM,MC-->MM,MC-->MM,MC-->MM,MC-->MM
,NAM,Namibia,Windhoek,Africa,Southern Africa,,NA-->MC,NA-->MC,NA-->MC,NA-->MC,NA-->MC,NA-->MC,NA-->MC,NA-->MC,NA-->MC,NA-->MC,NA-->MC,NA-->MC,NA-->MC,NA-->MC,NA-->MC,NA-->MC,NA-->MC,NA-->MC,NA-->MC,,,,,,,,,,,,,,,,,MC-->NA,MC-->NA,MC-->NA,MC-->NA,MC-->NA,MC-->NA,MC-->NA,MC-->NA,MC-->NA,MC-->NA,MC-->NA,MC-->NA,MC-->NA,MC-->NA,MC-->NA,MC-->NA,MC-->NA,MC-->NA,MC-->NA
NR,NRU,Nauru,Yaren,Oceania,Micronesia,,NR-->MC,NR-->MC,NR-->MC,NR-->MC,NR-->MC,NR-->MC,NR-->MC,NR-->MC,NR-->MC,NR-->MC,NR-->MC,NR-->MC,NR-->MC,NR-->MC,NR-->MC,NR-->MC,NR-->MC,NR-->MC,NR-->MC,,,,,,,,,,,,,,,,,MC-->NR,MC-->NR,MC-->NR,MC-->NR,MC-->NR,MC-->NR,MC-->NR,MC-->NR,MC-->NR,MC-->NR,MC-->NR,MC-->NR,MC-->NR,MC-->NR,MC-->NR,MC-->NR,MC-->NR,MC-->NR,MC-->NR
NP,NPL,Nepal,Kathmandu,Asia,Southern Asia,,NP-->MC,NP-->MC,NP-->MC,NP-->MC,NP-->MC,NP-->MC,NP-->MC,NP-->MC,NP-->MC,NP-->MC,NP-->MC,NP-->MC,NP-->MC,NP-->MC,NP-->MC,NP-->MC,NP-->MC,NP-->MC,NP-->MC,,,,,,,,,,,,,,,,,MC-->NP,MC-->NP,MC-->NP,MC-->NP,MC-->NP,MC-->NP,MC-->NP,MC-->NP,MC-->NP,MC-->NP,MC-->NP,MC-->NP,MC-->NP,MC-->NP,MC-->NP,MC-->NP,MC-->NP,MC-->NP,MC-->NP
NL,NLD,Netherlands,Amsterdam,Europe,Western Europe,,NL-->MC,NL-->MC,NL-->MC,NL-->MC,NL-->MC,NL-->MC,NL-->MC,NL-->MC,NL-->MC,NL-->MC,NL-->MC,NL-->MC,NL-->MC,NL-->MC,NL-->MC,NL-->MC,NL-->MC,NL-->MC,NL-->MC,,,,,,,,,,,,,,,,,MC-->NL,MC-->NL,MC-->NL,MC-->NL,MC-->NL,MC-->NL,MC-->NL,MC-->NL,MC-->NL,MC-->NL,MC-->NL,MC-->NL,MC-->NL,MC-->NL,MC-->NL,MC-->NL,MC-->NL,MC-->NL,MC-->NL
NC,NCL,New Caledonia,Nouméa,Oceania,Melanesia,,NC-->MC,NC-->MC,NC-->MC,NC-->MC,NC-->MC,NC-->MC,NC-->MC,NC-->MC,NC-->MC,NC-->MC,NC-->MC,NC-->MC,NC-->MC,NC-->MC,NC-->MC,NC-->MC,NC-->MC,NC-->MC,NC-->MC,,,,,,,,,,,,,,,,,MC-->NC,MC-->NC,MC-->NC,MC-->NC,MC-->NC,MC-->NC,MC-->NC,MC-->NC,MC-->NC,MC-->NC,MC-->NC,MC-->NC,MC-->NC,MC-->NC,MC-->NC,MC-->NC,MC-->NC,MC-->NC,MC-->NC
NZ,NZL,New Zealand,Wellington,Oceania,Australia and New Zealand,,NZ-->MC,NZ-->MC,NZ-->MC,NZ-->MC,NZ-->MC,NZ-->MC,NZ-->MC,NZ-->MC,NZ-->MC,NZ-->MC,NZ-->MC,NZ-->MC,NZ-->MC,NZ-->MC,NZ-->MC,NZ-->MC,NZ-->MC,NZ-->MC,NZ-->MC,,,,,,,,,,,,,,,,,MC-->NZ,MC-->NZ,MC-->NZ,MC-->NZ,MC-->NZ,MC-->NZ,MC-->NZ,MC-->NZ,MC-->NZ,MC-->NZ,MC-->NZ,MC-->NZ,MC-->NZ,MC-->NZ,MC-->NZ,MC-->NZ,MC-->NZ,MC-->NZ,MC-->NZ
NI,NIC,Nicaragua,Managua,Americas,Central America,,NI-->MC,NI-->MC,NI-->MC,NI-->MC,NI-->MC,NI-->MC,NI-->MC,NI-->MC,NI-->MC,NI-->MC,NI-->MC,NI-->MC,NI-->MC,NI-->MC,NI-->MC,NI-->MC,NI-->MC,NI-->MC,NI-->MC,,,,,,,,,,,,,,,,,MC-->NI,MC-->NI,MC-->NI,MC-->NI,MC-->NI,MC-->NI,MC-->NI,MC-->NI,MC-->NI,MC-->NI,MC-->NI,MC-->NI,MC-->NI,MC-->NI,MC-->NI,MC-->NI,MC-->NI,MC-->NI,MC-->NI
NE,NER,Niger,Niamey,Africa,Western Africa,,NE-->MC,NE-->MC,NE-->MC,NE-->MC,NE-->MC,NE-->MC,NE-->MC,NE-->MC,NE-->MC,NE-->MC,NE-->MC,NE-->MC,NE-->MC,NE-->MC,NE-->MC,NE-->MC,NE-->MC,NE-->MC,NE-->MC,,,,,,,,,,,,,,,,,MC-->NE,MC-->NE,MC-->NE,MC-->NE,MC-->NE,MC-->NE,MC-->NE,MC-->NE,MC-->NE,MC-->NE,MC-->NE,MC-->NE,MC-->NE,MC-->NE,MC-->NE,MC-->NE,MC-->NE,MC-->NE,MC-->NE
NG,NGA,Nigeria,Abuja,Africa,Western Africa,,NG-->MC,NG-->MC,NG-->MC,NG-->MC,NG-->MC,NG-->MC,NG-->MC,NG-->MC,NG-->MC,NG-->MC,NG-->MC,NG-->MC,NG-->MC,NG-->MC,NG-->MC,NG-->MC,NG-->MC,NG-->MC,NG-->MC,,,,,,,,,,,,,,,,,MC-->NG,MC-->NG,MC-->NG,MC-->NG,MC-->NG,MC-->NG,MC-->NG,MC-->NG,MC-->NG,MC-->NG,MC-->NG,MC-->NG,MC-->NG,MC-->NG,MC-->NG,MC-->NG,MC-->NG,MC-->NG,MC-->NG
NU,NIU,Niue,Alofi,Oceania,Polynesia,,NU-->MC,NU-->MC,NU-->MC,NU-->MC,NU-->MC,NU-->MC,NU-->MC,NU-->MC,NU-->MC,NU-->MC,NU-->MC,NU-->MC,NU-->MC,NU-->MC,NU-->MC,NU-->MC,NU-->MC,NU-->MC,NU-->MC,,,,,,,,,,,,,,,,,MC-->NU,MC-->NU,MC-->NU,MC-->NU,MC-->NU,MC-->NU,MC-->NU,MC-->NU,MC-->NU,MC-->NU,MC-->NU,MC-->NU,MC-->NU,MC-->NU,MC-->NU,MC-->NU,MC-->NU,MC-->NU,MC-->NU
NF,NFK,Norfolk Island,Kingston,Oceania,Australia and New Zealand,,NF-->MC,NF-->MC,NF-->MC,NF-->MC,NF-->MC,NF-->MC,NF-->MC,NF-->MC,NF-->MC,NF-->MC,NF-->MC,NF-->MC,NF-->MC,NF-->MC,NF-->MC,NF-->MC,NF-->MC,NF-->MC,NF-->MC,,,,,,,,,,,,,,,,,MC-->NF,MC-->NF,MC-->NF,MC-->NF,MC-->NF,MC-->NF,MC-->NF,MC-->NF,MC-->NF,MC-->NF,MC-->NF,MC-->NF,MC-->NF,MC-->NF,MC-->NF,MC-->NF,MC-->NF,MC-->NF,MC-->NF
KP,PRK,North Korea,Pyongyang,Asia,Eastern Asia,,KP-->MC,KP-->MC,KP-->MC,KP-->MC,KP-->MC,KP-->MC,KP-->MC,KP-->MC,KP-->MC,KP-->MC,KP-->MC,KP-->MC,KP-->MC,KP-->MC,KP-->MC,KP-->MC,KP-->MC,KP-->MC,KP-->MC,,,,,,,,,,,,,,,,,MC-->KP,MC-->KP,MC-->KP,MC-->KP,MC-->KP,MC-->KP,MC-->KP,MC-->KP,MC-->KP,MC-->KP,MC-->KP,MC-->KP,MC-->KP,MC-->KP,MC-->KP,MC-->KP,MC-->KP,MC-->KP,MC-->KP
MP,MNP,Northern Mariana Islands,Saipan,Oceania,Micronesia,,MP-->MC,MP-->MC,MP-->MC,MP-->MC,MP-->MC,MP-->MC,MP-->MC,MP-->MC,MP-->MC,MP-->MC,MP-->MC,MP-->MC,MP-->MC,MP-->MC,MP-->MC,MP-->MC,MP-->MC,MP-->MC,MP-->MC,,,,,,,,,,,,,,,,,MC-->MP,MC-->MP,MC-->MP,MC-->MP,MC-->MP,MC-->MP,MC-->MP,MC-->MP,MC-->MP,MC-->MP,MC-->MP,MC-->MP,MC-->MP,MC-->MP,MC-->MP,MC-->MP,MC-->MP,MC-->MP,MC-->MP
NO,NOR,Norway,Oslo,Europe,Northern Europe,,NO-->MC,NO-->MC,NO-->MC,NO-->MC,NO-->MC,NO-->MC,NO-->MC,NO-->MC,NO-->MC,NO-->MC,NO-->MC,NO-->MC,NO-->MC,NO-->MC,NO-->MC,NO-->MC,NO-->MC,NO-->MC,NO-->MC,,,,,,,,,,,,,,,,,MC-->NO,MC-->NO,MC-->NO,MC-->NO,MC-->NO,MC-->NO,MC-->NO,MC-->NO,MC-->NO,MC-->NO,MC-->NO,MC-->NO,MC-->NO,MC-->NO,MC-->NO,MC-->NO,MC-->NO,MC-->NO,MC-->NO
OM,OMN,Oman,Muscat,Asia,Western Asia,,OM-->MC,OM-->MC,OM-->MC,OM-->MC,OM-->MC,OM-->MC,OM-->MC,OM-->MC,OM-->MC,OM-->MC,OM-->MC,OM-->MC,OM-->MC,OM-->MC,OM-->MC,OM-->MC,OM-->MC,OM-->MC,OM-->MC,,,,,,,,,,,,,,,,,MC-->OM,MC-->OM,MC-->OM,MC-->OM,MC-->OM,MC-->OM,MC-->OM,MC-->OM,MC-->OM,MC-->OM,MC-->OM,MC-->OM,MC-->OM,MC-->OM,MC-->OM,MC-->OM,MC-->OM,MC-->OM,MC-->OM
PK,PAK,Pakistan,Islamabad,Asia,Southern Asia,,PK-->MC,PK-->MC,PK-->MC,PK-->MC,PK-->MC,PK-->MC,PK-->MC,PK-->MC,PK-->MC,PK-->MC,PK-->MC,PK-->MC,PK-->MC,PK-->MC,PK-->MC,PK-->MC,PK-->MC,PK-->MC,PK-->MC,,,,,,,,,,,,,,,,,MC-->PK,MC-->PK,MC-->PK,MC-->PK,MC-->PK,MC-->PK,MC-->PK,MC-->PK,MC-->PK,MC-->PK,MC-->PK,MC-->PK,MC-->PK,MC-->PK,MC-->PK,MC-->PK,MC-->PK,MC-->PK,MC-->PK
PW,PLW,Palau,Ngerulmud,Oceania,Micronesia,,PW-->MC,PW-->MC,PW-->MC,PW-->MC,PW-->MC,PW-->MC,PW-->MC,PW-->MC,PW-->MC,PW-->MC,PW-->MC,PW-->MC,PW-->MC,PW-->MC,PW-->MC,PW-->MC,PW-->MC,PW-->MC,PW-->MC,,,,,,,,,,,,,,,,,MC-->PW,MC-->PW,MC-->PW,MC-->PW,MC-->PW,MC-->PW,MC-->PW,MC-->PW,MC-->PW,MC-->PW,MC-->PW,MC-->PW,MC-->PW,MC-->PW,MC-->PW,MC-->PW,MC-->PW,MC-->PW,MC-->PW
PS,PSE,Palestine,Ramallah,Asia,Western Asia,,PS-->MC,PS-->MC,PS-->MC,PS-->MC,PS-->MC,PS-->MC,PS-->MC,PS-->MC,PS-->MC,PS-->MC,PS-->MC,PS-->MC,PS-->MC,PS-->MC,PS-->MC,PS-->MC,PS-->MC,PS-->MC,PS-->MC,,,,,,,,,,,,,,,,,MC-->PS,MC-->PS,MC-->PS,MC-->PS,MC-->PS,MC-->PS,MC-->PS,MC-->PS,MC-->PS,MC-->PS,MC-->PS,MC-->PS,MC-->PS,MC-->PS,MC-->PS,MC-->PS,MC-->PS,MC-->PS,MC-->PS
PA,PAN,Panama,Panama City,Americas,Central America,,PA-->MC,PA-->MC,PA-->MC,PA-->MC,PA-->MC,PA-->MC,PA-->MC,PA-->MC,PA-->MC,PA-->MC,PA-->MC,PA-->MC,PA-->MC,PA-->MC,PA-->MC,PA-->MC,PA-->MC,PA-->MC,PA-->MC,,,,,,,,,,,,,,,,,MC-->PA,MC-->PA,MC-->PA,MC-->PA,MC-->PA,MC-->PA,MC-->PA,MC-->PA,MC-->PA,MC-->PA,MC-->PA,MC-->PA,MC-->PA,MC-->PA,MC-->PA,MC-->PA,MC-->PA,MC-->PA,MC-->PA
PG,PNG,Papua New Guinea,Port Moresby,Oceania,Melanesia,,PG-->MC,PG-->MC,PG-->MC,PG-->MC,PG-->MC,PG-->MC,PG-->MC,PG-->MC,PG-->MC,PG-->MC,PG-->MC,PG-->MC,PG-->MC,PG-->MC,PG-->MC,PG-->MC,PG-->MC,PG-->MC,PG-->MC,,,,,,,,,,,,,,,,,MC-->PG,MC-->PG,MC-->PG,MC-->PG,MC-->PG,MC-->PG,MC-->PG,MC-->PG,MC-->PG,MC-->PG,MC-->PG,MC-->PG,MC-->PG,MC-->PG,MC-->PG,MC-->PG,MC-->PG,MC-->PG,MC-->PG
PY,PRY,Paraguay,Asunción,Americas,South America,,PY-->MC,PY-->MC,PY-->MC,PY-->MC,PY-->MC,PY-->MC,PY-->MC,PY-->MC,PY-->MC,PY-->MC,PY-->MC,PY-->MC,PY-->MC,PY-->MC,PY-->MC,PY-->MC,PY-->MC,PY-->MC,PY-->MC,,,,,,,,,,,,,,,,,MC-->PY,MC-->PY,MC-->PY,MC-->PY,MC-->PY,MC-->PY,MC-->PY,MC-->PY,MC-->PY,MC-->PY,MC-->PY,MC-->PY,MC-->PY,MC-->PY,MC-->PY,MC-->PY,MC-->PY,MC-->PY,MC-->PY
PE,PER,Peru,Lima,Americas,South America,,PE-->MC,PE-->MC,PE-->MC,PE-->MC,PE-->MC,PE-->MC,PE-->MC,PE-->MC,PE-->MC,PE-->MC,PE-->MC,PE-->MC,PE-->MC,PE-->MC,PE-->MC,PE-->MC,PE-->MC,PE-->MC,PE-->MC,,,,,,,,,,,,,,,,,MC-->PE,MC-->PE,MC-->PE,MC-->PE,MC-->PE,MC-->PE,MC-->PE,MC-->PE,MC-->PE,MC-->PE,MC-->PE,MC-->PE,MC-->PE,MC-->PE,MC-->PE,MC-->PE,MC-->PE,MC-->PE,MC-->PE
PH,PHL,Philippines,Manila,Asia,South-Eastern Asia,,PH-->MC,PH-->MC,PH-->MC,PH-->MC,PH-->MC,PH-->MC,PH-->MC,PH-->MC,PH-->MC,PH-->MC,PH-->MC,PH-->MC,PH-->MC,PH-->MC,PH-->MC,PH-->MC,PH-->MC,PH-->MC,PH-->MC,,,,,,,,,,,,,,,,,MC-->PH,MC-->PH,MC-->PH,MC-->PH,MC-->PH,MC-->PH,MC-->PH,MC-->PH,MC-->PH,MC-->PH,MC-->PH,MC-->PH,MC-->PH,MC-->PH,MC-->PH,MC-->PH,MC-->PH,MC-->PH,MC-->PH
PN,PCN,Pitcairn Islands,Adamstown,Oceania,Polynesia,,PN-->MC,PN-->MC,PN-->MC,PN-->MC,PN-->MC,PN-->MC,PN-->MC,PN-->MC,PN-->MC,PN-->MC,PN-->MC,PN-->MC,PN-->MC,PN-->MC,PN-->MC,PN-->MC,PN-->MC,PN-->MC,PN-->MC,,,,,,,,,,,,,,,,,MC-->PN,MC-->PN,MC-->PN,MC-->PN,MC-->PN,MC-->PN,MC-->PN,MC-->PN,MC-->PN,MC-->PN,MC-->PN,MC-->PN,MC-->PN,MC-->PN,MC-->PN,MC-->PN,MC-->PN,MC-->PN,MC-->PN
PL,POL,Poland,Warsaw,Europe,Eastern Europe,,PL-->MC,PL-->MC,PL-->MC,PL-->MC,PL-->MC,PL-->MC,PL-->MC,PL-->MC,PL-->MC,PL-->MC,PL-->MC,PL-->MC,PL-->MC,PL-->MC,PL-->MC,PL-->MC,PL-->MC,PL-->MC,PL-->MC,,,,,,,,,,,,,,,,,MC-->PL,MC-->PL,MC-->PL,MC-->PL,MC-->PL,MC-->PL,MC-->PL,MC-->PL,MC-->PL,MC-->PL,MC-->PL,MC-->PL,MC-->PL,MC-->PL,MC-->PL,MC-->PL,MC-->PL,MC-->PL,MC-->PL
PT,PRT,Portugal,Lisbon,Europe,Southern Europe,,PT-->MC,PT-->MC,PT-->MC,PT-->MC,PT-->MC,PT-->MC,PT-->MC,PT-->MC,PT-->MC,PT-->MC,PT-->MC,PT-->MC,PT-->MC,PT-->MC,PT-->MC,PT-->MC,PT-->MC,PT-->MC,PT-->MC,,,,,,,,,,,,,,,,,MC-->PT,MC-->PT,MC-->PT,MC-->PT,MC-->PT,MC-->PT,MC-->PT,MC-->PT,MC-->PT,MC-->PT,MC-->PT,MC-->PT,MC-->PT,MC-->PT,MC-->PT,MC-->PT,MC-->PT,MC-->PT,MC-->PT
PR,PRI,Puerto Rico,San Juan,Americas,Caribbean,,PR-->MC,PR-->MC,PR-->MC,PR-->MC,PR-->MC,PR-->MC,PR-->MC,PR-->MC,PR-->MC,PR-->MC,PR-->MC,PR-->MC,PR-->MC,PR-->MC,PR-->MC,PR-->MC,PR-->MC,PR-->MC,PR-->MC,,,,,,,,,,,,,,,,,MC-->PR,MC-->PR,MC-->PR,MC-->PR,MC-->PR,MC-->PR,MC-->PR,MC-->PR,MC-->PR,MC-->PR,MC-->PR,MC-->PR,MC-->PR,MC-->PR,MC-->PR,MC-->PR,MC-->PR,MC-->PR,MC-->PR
QA,QAT,Qatar,Doha,Asia,Western Asia,,QA-->MC,QA-->MC,QA-->MC,QA-->MC,QA-->MC,QA-->MC,QA-->MC,QA-->MC,QA-->MC,QA-->MC,QA-->MC,QA-->MC,QA-->MC,QA-->MC,QA-->MC,QA-->MC,QA-->MC,QA-->MC,QA-->MC,,,,,,,,,,,,,,,,,MC-->QA,MC-->QA,MC-->QA,MC-->QA,MC-->QA,MC-->QA,MC-->QA,MC-->QA,MC-->QA,MC-->QA,MC-->QA,MC-->QA,MC-->QA,MC-->QA,MC-->QA,MC-->QA,MC-->QA,MC-->QA,MC-->QA
XK,KOS,Republic of Kosovo,Pristina,Europe,Eastern Europe,,XK-->MC,XK-->MC,XK-->MC,XK-->MC,XK-->MC,XK-->MC,XK-->MC,XK-->MC,XK-->MC,XK-->MC,XK-->MC,XK-->MC,XK-->MC,XK-->MC,XK-->MC,XK-->MC,XK-->MC,XK-->MC,XK-->MC,,,,,,,,,,,,,,,,,MC-->XK,MC-->XK,MC-->XK,MC-->XK,MC-->XK,MC-->XK,MC-->XK,MC-->XK,MC-->XK,MC-->XK,MC-->XK,MC-->XK,MC-->XK,MC-->XK,MC-->XK,MC-->XK,MC-->XK,MC-->XK,MC-->XK
RE,REU,Réunion,Saint-Denis,Africa,Eastern Africa,,RE-->MC,RE-->MC,RE-->MC,RE-->MC,RE-->MC,RE-->MC,RE-->MC,RE-->MC,RE-->MC,RE-->MC,RE-->MC,RE-->MC,RE-->MC,RE-->MC,RE-->MC,RE-->MC,RE-->MC,RE-->MC,RE-->MC,,,,,,,,,,,,,,,,,MC-->RE,MC-->RE,MC-->RE,MC-->RE,MC-->RE,MC-->RE,MC-->RE,MC-->RE,MC-->RE,MC-->RE,MC-->RE,MC-->RE,MC-->RE,MC-->RE,MC-->RE,MC-->RE,MC-->RE,MC-->RE,MC-->RE
RO,ROU,Romania,Bucharest,Europe,Eastern Europe,,RO-->MC,RO-->MC,RO-->MC,RO-->MC,RO-->MC,RO-->MC,RO-->MC,RO-->MC,RO-->MC,RO-->MC,RO-->MC,RO-->MC,RO-->MC,RO-->MC,RO-->MC,RO-->MC,RO-->MC,RO-->MC,RO-->MC,,,,,,,,,,,,,,,,,MC-->RO,MC-->RO,MC-->RO,MC-->RO,MC-->RO,MC-->RO,MC-->RO,MC-->RO,MC-->RO,MC-->RO,MC-->RO,MC-->RO,MC-->RO,MC-->RO,MC-->RO,MC-->RO,MC-->RO,MC-->RO,MC-->RO
RU,RUS,Russia,Moscow,Europe,Eastern Europe,,RU-->MC,RU-->MC,RU-->MC,RU-->MC,RU-->MC,RU-->MC,RU-->MC,RU-->MC,RU-->MC,RU-->MC,RU-->MC,RU-->MC,RU-->MC,RU-->MC,RU-->MC,RU-->MC,RU-->MC,RU-->MC,RU-->MC,,,,,,,,,,,,,,,,,MC-->RU,MC-->RU,MC-->RU,MC-->RU,MC-->RU,MC-->RU,MC-->RU,MC-->RU,MC-->RU,MC-->RU,MC-->RU,MC-->RU,MC-->RU,MC-->RU,MC-->RU,MC-->RU,MC-->RU,MC-->RU,MC-->RU
RW,RWA,Rwanda,Kigali,Africa,Eastern Africa,,RW-->MC,RW-->MC,RW-->MC,RW-->MC,RW-->MC,RW-->MC,RW-->MC,RW-->MC,RW-->MC,RW-->MC,RW-->MC,RW-->MC,RW-->MC,RW-->MC,RW-->MC,RW-->MC,RW-->MC,RW-->MC,RW-->MC,,,,,,,,,,,,,,,,,MC-->RW,MC-->RW,MC-->RW,MC-->RW,MC-->RW,MC-->RW,MC-->RW,MC-->RW,MC-->RW,MC-->RW,MC-->RW,MC-->RW,MC-->RW,MC-->RW,MC-->RW,MC-->RW,MC-->RW,MC-->RW,MC-->RW
BL,BLM,Saint Barthélemy,Gustavia,Americas,Caribbean,,BL-->MC,BL-->MC,BL-->MC,BL-->MC,BL-->MC,BL-->MC,BL-->MC,BL-->MC,BL-->MC,BL-->MC,BL-->MC,BL-->MC,BL-->MC,BL-->MC,BL-->MC,BL-->MC,BL-->MC,BL-->MC,BL-->MC,,,,,,,,,,,,,,,,,MC-->BL,MC-->BL,MC-->BL,MC-->BL,MC-->BL,MC-->BL,MC-->BL,MC-->BL,MC-->BL,MC-->BL,MC-->BL,MC-->BL,MC-->BL,MC-->BL,MC-->BL,MC-->BL,MC-->BL,MC-->BL,MC-->BL
SH,SHN,Saint Helena,Jamestown,Africa,Western Africa,,SH-->MC,SH-->MC,SH-->MC,SH-->MC,SH-->MC,SH-->MC,SH-->MC,SH-->MC,SH-->MC,SH-->MC,SH-->MC,SH-->MC,SH-->MC,SH-->MC,SH-->MC,SH-->MC,SH-->MC,SH-->MC,SH-->MC,,,,,,,,,,,,,,,,,MC-->SH,MC-->SH,MC-->SH,MC-->SH,MC-->SH,MC-->SH,MC-->SH,MC-->SH,MC-->SH,MC-->SH,MC-->SH,MC-->SH,MC-->SH,MC-->SH,MC-->SH,MC-->SH,MC-->SH,MC-->SH,MC-->SH
KN,KNA,Saint Kitts and Nevis,Basseterre,Americas,Caribbean,,KN-->MC,KN-->MC,KN-->MC,KN-->MC,KN-->MC,KN-->MC,KN-->MC,KN-->MC,KN-->MC,KN-->MC,KN-->MC,KN-->MC,KN-->MC,KN-->MC,KN-->MC,KN-->MC,KN-->MC,KN-->MC,KN-->MC,,,,,,,,,,,,,,,,,MC-->KN,MC-->KN,MC-->KN,MC-->KN,MC-->KN,MC-->KN,MC-->KN,MC-->KN,MC-->KN,MC-->KN,MC-->KN,MC-->KN,MC-->KN,MC-->KN,MC-->KN,MC-->KN,MC-->KN,MC-->KN,MC-->KN
LC,LCA,Saint Lucia,Castries,Americas,Caribbean,,LC-->MC,LC-->MC,LC-->MC,LC-->MC,LC-->MC,LC-->MC,LC-->MC,LC-->MC,LC-->MC,LC-->MC,LC-->MC,LC-->MC,LC-->MC,LC-->MC,LC-->MC,LC-->MC,LC-->MC,LC-->MC,LC-->MC,,,,,,,,,,,,,,,,,MC-->LC,MC-->LC,MC-->LC,MC-->LC,MC-->LC,MC-->LC,MC-->LC,MC-->LC,MC-->LC,MC-->LC,MC-->LC,MC-->LC,MC-->LC,MC-->LC,MC-->LC,MC-->LC,MC-->LC,MC-->LC,MC-->LC
MF,MAF,Saint Martin,Marigot,Americas,Caribbean,,MF-->MC,MF-->MC,MF-->MC,MF-->MC,MF-->MC,MF-->MC,MF-->MC,MF-->MC,MF-->MC,MF-->MC,MF-->MC,MF-->MC,MF-->MC,MF-->MC,MF-->MC,MF-->MC,MF-->MC,MF-->MC,MF-->MC,,,,,,,,,,,,,,,,,MC-->MF,MC-->MF,MC-->MF,MC-->MF,MC-->MF,MC-->MF,MC-->MF,MC-->MF,MC-->MF,MC-->MF,MC-->MF,MC-->MF,MC-->MF,MC-->MF,MC-->MF,MC-->MF,MC-->MF,MC-->MF,MC-->MF
PM,SPM,Saint Pierre and Miquelon,Saint-Pierre,Americas,Northern America,,PM-->MC,PM-->MC,PM-->MC,PM-->MC,PM-->MC,PM-->MC,PM-->MC,PM-->MC,PM-->MC,PM-->MC,PM-->MC,PM-->MC,PM-->MC,PM-->MC,PM-->MC,PM-->MC,PM-->MC,PM-->MC,PM-->MC,,,,,,,,,,,,,,,,,MC-->PM,MC-->PM,MC-->PM,MC-->PM,MC-->PM,MC-->PM,MC-->PM,MC-->PM,MC-->PM,MC-->PM,MC-->PM,MC-->PM,MC-->PM,MC-->PM,MC-->PM,MC-->PM,MC-->PM,MC-->PM,MC-->PM
VC,VCT,Saint Vincent and the Grenadines,Kingstown,Americas,Caribbean,,VC-->MC,VC-->MC,VC-->MC,VC-->MC,VC-->MC,VC-->MC,VC-->MC,VC-->MC,VC-->MC,VC-->MC,VC-->MC,VC-->MC,VC-->MC,VC-->MC,VC-->MC,VC-->MC,VC-->MC,VC-->MC,VC-->MC,,,,,,,,,,,,,,,,,MC-->VC,MC-->VC,MC-->VC,MC-->VC,MC-->VC,MC-->VC,MC-->VC,MC-->VC,MC-->VC,MC-->VC,MC-->VC,MC-->VC,MC-->VC,MC-->VC,MC-->VC,MC-->VC,MC-->VC,MC-->VC,MC-->VC
WS,WSM,Samoa,Apia,Oceania,Polynesia,,WS-->MC,WS-->MC,WS-->MC,WS-->MC,WS-->MC,WS-->MC,WS-->MC,WS-->MC,WS-->MC,WS-->MC,WS-->MC,WS-->MC,WS-->MC,WS-->MC,WS-->MC,WS-->MC,WS-->MC,WS-->MC,WS-->MC,,,,,,,,,,,,,,,,,MC-->WS,MC-->WS,MC-->WS,MC-->WS,MC-->WS,MC-->WS,MC-->WS,MC-->WS,MC-->WS,MC-->WS,MC-->WS,MC-->WS,MC-->WS,MC-->WS,MC-->WS,MC-->WS,MC-->WS,MC-->WS,MC-->WS
SM,SMR,San Marino,City of San Marino,Europe,Southern Europe,,SM-->MC,SM-->MC,SM-->MC,SM-->MC,SM-->MC,SM-->MC,SM-->MC,SM-->MC,SM-->MC,SM-->MC,SM-->MC,SM-->MC,SM-->MC,SM-->MC,SM-->MC,SM-->MC,SM-->MC,SM-->MC,SM-->MC,,,,,,,,,,,,,,,,,MC-->SM,MC-->SM,MC-->SM,MC-->SM,MC-->SM,MC-->SM,MC-->SM,MC-->SM,MC-->SM,MC-->SM,MC-->SM,MC-->SM,MC-->SM,MC-->SM,MC-->SM,MC-->SM,MC-->SM,MC-->SM,MC-->SM
ST,STP,São Tomé and Príncipe,São Tomé,Africa,Middle Africa,,ST-->MC,ST-->MC,ST-->MC,ST-->MC,ST-->MC,ST-->MC,ST-->MC,ST-->MC,ST-->MC,ST-->MC,ST-->MC,ST-->MC,ST-->MC,ST-->MC,ST-->MC,ST-->MC,ST-->MC,ST-->MC,ST-->MC,,,,,,,,,,,,,,,,,MC-->ST,MC-->ST,MC-->ST,MC-->ST,MC-->ST,MC-->ST,MC-->ST,MC-->ST,MC-->ST,MC-->ST,MC-->ST,MC-->ST,MC-->ST,MC-->ST,MC-->ST,MC-->ST,MC-->ST,MC-->ST,MC-->ST
SA,SAU,Saudi Arabia,Riyadh,Asia,Western Asia,,SA-->MC,SA-->MC,SA-->MC,SA-->MC,SA-->MC,SA-->MC,SA-->MC,SA-->MC,SA-->MC,SA-->MC,SA-->MC,SA-->MC,SA-->MC,SA-->MC,SA-->MC,SA-->MC,SA-->MC,SA-->MC,SA-->MC,,,,,,,,,,,,,,,,,MC-->SA,MC-->SA,MC-->SA,MC-->SA,MC-->SA,MC-->SA,MC-->SA,MC-->SA,MC-->SA,MC-->SA,MC-->SA,MC-->SA,MC-->SA,MC-->SA,MC-->SA,MC-->SA,MC-->SA,MC-->SA,MC-->SA
SN,SEN,Senegal,Dakar,Africa,Western Africa,,SN-->MC,SN-->MC,SN-->MC,SN-->MC,SN-->MC,SN-->MC,SN-->MC,SN-->MC,SN-->MC,SN-->MC,SN-->MC,SN-->MC,SN-->MC,SN-->MC,SN-->MC,SN-->MC,SN-->MC,SN-->MC,SN-->MC,,,,,,,,,,,,,,,,,MC-->SN,MC-->SN,MC-->SN,MC-->SN,MC-->SN,MC-->SN,MC-->SN,MC-->SN,MC-->SN,MC-->SN,MC-->SN,MC-->SN,MC-->SN,MC-->SN,MC-->SN,MC-->SN,MC-->SN,MC-->SN,MC-->SN
RS,SRB,Serbia,Belgrade,Europe,Southern Europe,,RS-->MC,RS-->MC,RS-->MC,RS-->MC,RS-->MC,RS-->MC,RS-->MC,RS-->MC,RS-->MC,RS-->MC,RS-->MC,RS-->MC,RS-->MC,RS-->MC,RS-->MC,RS-->MC,RS-->MC,RS-->MC,RS-->MC,,,,,,,,,,,,,,,,,MC-->RS,MC-->RS,MC-->RS,MC-->RS,MC-->RS,MC-->RS,MC-->RS,MC-->RS,MC-->RS,MC-->RS,MC-->RS,MC-->RS,MC-->RS,MC-->RS,MC-->RS,MC-->RS,MC-->RS,MC-->RS,MC-->RS
SC,SYC,Seychelles,Victoria,Africa,Eastern Africa,,SC-->MC,SC-->MC,SC-->MC,SC-->MC,SC-->MC,SC-->MC,SC-->MC,SC-->MC,SC-->MC,SC-->MC,SC-->MC,SC-->MC,SC-->MC,SC-->MC,SC-->MC,SC-->MC,SC-->MC,SC-->MC,SC-->MC,,,,,,,,,,,,,,,,,MC-->SC,MC-->SC,MC-->SC,MC-->SC,MC-->SC,MC-->SC,MC-->SC,MC-->SC,MC-->SC,MC-->SC,MC-->SC,MC-->SC,MC-->SC,MC-->SC,MC-->SC,MC-->SC,MC-->SC,MC-->SC,MC-->SC
SL,SLE,Sierra Leone,Freetown,Africa,Western Africa,,SL-->MC,SL-->MC,SL-->MC,SL-->MC,SL-->MC,SL-->MC,SL-->MC,SL-->MC,SL-->MC,SL-->MC,SL-->MC,SL-->MC,SL-->MC,SL-->MC,SL-->MC,SL-->MC,SL-->MC,SL-->MC,SL-->MC,,,,,,,,,,,,,,,,,MC-->SL,MC-->SL,MC-->SL,MC-->SL,MC-->SL,MC-->SL,MC-->SL,MC-->SL,MC-->SL,MC-->SL,MC-->SL,MC-->SL,MC-->SL,MC-->SL,MC-->SL,MC-->SL,MC-->SL,MC-->SL,MC-->SL
SG,SGP,Singapore,Singapore,Asia,South-Eastern Asia,,SG-->MC,SG-->MC,SG-->MC,SG-->MC,SG-->MC,SG-->MC,SG-->MC,SG-->MC,SG-->MC,SG-->MC,SG-->MC,SG-->MC,SG-->MC,SG-->MC,SG-->MC,SG-->MC,SG-->MC,SG-->MC,SG-->MC,,,,,,,,,,,,,,,,,MC-->SG,MC-->SG,MC-->SG,MC-->SG,MC-->SG,MC-->SG,MC-->SG,MC-->SG,MC-->SG,MC-->SG,MC-->SG,MC-->SG,MC-->SG,MC-->SG,MC-->SG,MC-->SG,MC-->SG,MC-->SG,MC-->SG
SX,SXM,Sint Maarten,Philipsburg,Americas,Caribbean,,SX-->MC,SX-->MC,SX-->MC,SX-->MC,SX-->MC,SX-->MC,SX-->MC,SX-->MC,SX-->MC,SX-->MC,SX-->MC,SX-->MC,SX-->MC,SX-->MC,SX-->MC,SX-->MC,SX-->MC,SX-->MC,SX-->MC,,,,,,,,,,,,,,,,,MC-->SX,MC-->SX,MC-->SX,MC-->SX,MC-->SX,MC-->SX,MC-->SX,MC-->SX,MC-->SX,MC-->SX,MC-->SX,MC-->SX,MC-->SX,MC-->SX,MC-->SX,MC-->SX,MC-->SX,MC-->SX,MC-->SX
SK,SVK,Slovakia,Bratislava,Europe,Eastern Europe,,SK-->MC,SK-->MC,SK-->MC,SK-->MC,SK-->MC,SK-->MC,SK-->MC,SK-->MC,SK-->MC,SK-->MC,SK-->MC,SK-->MC,SK-->MC,SK-->MC,SK-->MC,SK-->MC,SK-->MC,SK-->MC,SK-->MC,,,,,,,,,,,,,,,,,MC-->SK,MC-->SK,MC-->SK,MC-->SK,MC-->SK,MC-->SK,MC-->SK,MC-->SK,MC-->SK,MC-->SK,MC-->SK,MC-->SK,MC-->SK,MC-->SK,MC-->SK,MC-->SK,MC-->SK,MC-->SK,MC-->SK
SI,SVN,Slovenia,Ljubljana,Europe,Southern Europe,,SI-->MC,SI-->MC,SI-->MC,SI-->MC,SI-->MC,SI-->MC,SI-->MC,SI-->MC,SI-->MC,SI-->MC,SI-->MC,SI-->MC,SI-->MC,SI-->MC,SI-->MC,SI-->MC,SI-->MC,SI-->MC,SI-->MC,,,,,,,,,,,,,,,,,MC-->SI,MC-->SI,MC-->SI,MC-->SI,MC-->SI,MC-->SI,MC-->SI,MC-->SI,MC-->SI,MC-->SI,MC-->SI,MC-->SI,MC-->SI,MC-->SI,MC-->SI,MC-->SI,MC-->SI,MC-->SI,MC-->SI
SB,SLB,Solomon Islands,Honiara,Oceania,Melanesia,,SB-->MC,SB-->MC,SB-->MC,SB-->MC,SB-->MC,SB-->MC,SB-->MC,SB-->MC,SB-->MC,SB-->MC,SB-->MC,SB-->MC,SB-->MC,SB-->MC,SB-->MC,SB-->MC,SB-->MC,SB-->MC,SB-->MC,,,,,,,,,,,,,,,,,MC-->SB,MC-->SB,MC-->SB,MC-->SB,MC-->SB,MC-->SB,MC-->SB,MC-->SB,MC-->SB,MC-->SB,MC-->SB,MC-->SB,MC-->SB,MC-->SB,MC-->SB,MC-->SB,MC-->SB,MC-->SB,MC-->SB
SO,SOM,Somalia,Mogadishu,Africa,Eastern Africa,,SO-->MC,SO-->MC,SO-->MC,SO-->MC,SO-->MC,SO-->MC,SO-->MC,SO-->MC,SO-->MC,SO-->MC,SO-->MC,SO-->MC,SO-->MC,SO-->MC,SO-->MC,SO-->MC,SO-->MC,SO-->MC,SO-->MC,,,,,,,,,,,,,,,,,MC-->SO,MC-->SO,MC-->SO,MC-->SO,MC-->SO,MC-->SO,MC-->SO,MC-->SO,MC-->SO,MC-->SO,MC-->SO,MC-->SO,MC-->SO,MC-->SO,MC-->SO,MC-->SO,MC-->SO,MC-->SO,MC-->SO
ZA,ZAF,South Africa,Pretoria,Africa,Southern Africa,,ZA-->MC,ZA-->MC,ZA-->MC,ZA-->MC,ZA-->MC,ZA-->MC,ZA-->MC,ZA-->MC,ZA-->MC,ZA-->MC,ZA-->MC,ZA-->MC,ZA-->MC,ZA-->MC,ZA-->MC,ZA-->MC,ZA-->MC,ZA-->MC,ZA-->MC,,,,,,,,,,,,,,,,,MC-->ZA,MC-->ZA,MC-->ZA,MC-->ZA,MC-->ZA,MC-->ZA,MC-->ZA,MC-->ZA,MC-->ZA,MC-->ZA,MC-->ZA,MC-->ZA,MC-->ZA,MC-->ZA,MC-->ZA,MC-->ZA,MC-->ZA,MC-->ZA,MC-->ZA
GS,SGS,South Georgia,King Edward Point,Americas,South America,,GS-->MC,GS-->MC,GS-->MC,GS-->MC,GS-->MC,GS-->MC,GS-->MC,GS-->MC,GS-->MC,GS-->MC,GS-->MC,GS-->MC,GS-->MC,GS-->MC,GS-->MC,GS-->MC,GS-->MC,GS-->MC,GS-->MC,,,,,,,,,,,,,,,,,MC-->GS,MC-->GS,MC-->GS,MC-->GS,MC-->GS,MC-->GS,MC-->GS,MC-->GS,MC-->GS,MC-->GS,MC-->GS,MC-->GS,MC-->GS,MC-->GS,MC-->GS,MC-->GS,MC-->GS,MC-->GS,MC-->GS
KR,KOR,South Korea,Seoul,Asia,Eastern Asia,,KR-->MC,KR-->MC,KR-->MC,KR-->MC,KR-->MC,KR-->MC,KR-->MC,KR-->MC,KR-->MC,KR-->MC,KR-->MC,KR-->MC,KR-->MC,KR-->MC,KR-->MC,KR-->MC,KR-->MC,KR-->MC,KR-->MC,,,,,,,,,,,,,,,,,MC-->KR,MC-->KR,MC-->KR,MC-->KR,MC-->KR,MC-->KR,MC-->KR,MC-->KR,MC-->KR,MC-->KR,MC-->KR,MC-->KR,MC-->KR,MC-->KR,MC-->KR,MC-->KR,MC-->KR,MC-->KR,MC-->KR
SS,SSD,South Sudan,Juba,Africa,Middle Africa,,SS-->MC,SS-->MC,SS-->MC,SS-->MC,SS-->MC,SS-->MC,SS-->MC,SS-->MC,SS-->MC,SS-->MC,SS-->MC,SS-->MC,SS-->MC,SS-->MC,SS-->MC,SS-->MC,SS-->MC,SS-->MC,SS-->MC,,,,,,,,,,,,,,,,,MC-->SS,MC-->SS,MC-->SS,MC-->SS,MC-->SS,MC-->SS,MC-->SS,MC-->SS,MC-->SS,MC-->SS,MC-->SS,MC-->SS,MC-->SS,MC-->SS,MC-->SS,MC-->SS,MC-->SS,MC-->SS,MC-->SS
ES,ESP,Spain,Madrid,Europe,Southern Europe,,ES-->MC,ES-->MC,ES-->MC,ES-->MC,ES-->MC,ES-->MC,ES-->MC,ES-->MC,ES-->MC,ES-->MC,ES-->MC,ES-->MC,ES-->MC,ES-->MC,ES-->MC,ES-->MC,ES-->MC,ES-->MC,ES-->MC,,,,,,,,,,,,,,,,,MC-->ES,MC-->ES,MC-->ES,MC-->ES,MC-->ES,MC-->ES,MC-->ES,MC-->ES,MC-->ES,MC-->ES,MC-->ES,MC-->ES,MC-->ES,MC-->ES,MC-->ES,MC-->ES,MC-->ES,MC-->ES,MC-->ES
LK,LKA,Sri Lanka,Colombo,Asia,Southern Asia,,LK-->MC,LK-->MC,LK-->MC,LK-->MC,LK-->MC,LK-->MC,LK-->MC,LK-->MC,LK-->MC,LK-->MC,LK-->MC,LK-->MC,LK-->MC,LK-->MC,LK-->MC,LK-->MC,LK-->MC,LK-->MC,LK-->MC,,,,,,,,,,,,,,,,,MC-->LK,MC-->LK,MC-->LK,MC-->LK,MC-->LK,MC-->LK,MC-->LK,MC-->LK,MC-->LK,MC-->LK,MC-->LK,MC-->LK,MC-->LK,MC-->LK,MC-->LK,MC-->LK,MC-->LK,MC-->LK,MC-->LK
SD,SDN,Sudan,Khartoum,Africa,Northern Africa,,SD-->MC,SD-->MC,SD-->MC,SD-->MC,SD-->MC,SD-->MC,SD-->MC,SD-->MC,SD-->MC,SD-->MC,SD-->MC,SD-->MC,SD-->MC,SD-->MC,SD-->MC,SD-->MC,SD-->MC,SD-->MC,SD-->MC,,,,,,,,,,,,,,,,,MC-->SD,MC-->SD,MC-->SD,MC-->SD,MC-->SD,MC-->SD,MC-->SD,MC-->SD,MC-->SD,MC-->SD,MC-->SD,MC-->SD,MC-->SD,MC-->SD,MC-->SD,MC-->SD,MC-->SD,MC-->SD,MC-->SD
SR,SUR,Suriname,Paramaribo,Americas,South America,,SR-->MC,SR-->MC,SR-->MC,SR-->MC,SR-->MC,SR-->MC,SR-->MC,SR-->MC,SR-->MC,SR-->MC,SR-->MC,SR-->MC,SR-->MC,SR-->MC,SR-->MC,SR-->MC,SR-->MC,SR-->MC,SR-->MC,,,,,,,,,,,,,,,,,MC-->SR,MC-->SR,MC-->SR,MC-->SR,MC-->SR,MC-->SR,MC-->SR,MC-->SR,MC-->SR,MC-->SR,MC-->SR,MC-->SR,MC-->SR,MC-->SR,MC-->SR,MC-->SR,MC-->SR,MC-->SR,MC-->SR
SJ,SJM,Svalbard and Jan Mayen,Longyearbyen,Europe,Northern Europe,,SJ-->MC,SJ-->MC,SJ-->MC,SJ-->MC,SJ-->MC,SJ-->MC,SJ-->MC,SJ-->MC,SJ-->MC,SJ-->MC,SJ-->MC,SJ-->MC,SJ-->MC,SJ-->MC,SJ-->MC,SJ-->MC,SJ-->MC,SJ-->MC,SJ-->MC,,,,,,,,,,,,,,,,,MC-->SJ,MC-->SJ,MC-->SJ,MC-->SJ,MC-->SJ,MC-->SJ,MC-->SJ,MC-->SJ,MC-->SJ,MC-->SJ,MC-->SJ,MC-->SJ,MC-->SJ,MC-->SJ,MC-->SJ,MC-->SJ,MC-->SJ,MC-->SJ,MC-->SJ
SZ,SWZ,Swaziland,Lobamba,Africa,Southern Africa,,SZ-->MC,SZ-->MC,SZ-->MC,SZ-->MC,SZ-->MC,SZ-->MC,SZ-->MC,SZ-->MC,SZ-->MC,SZ-->MC,SZ-->MC,SZ-->MC,SZ-->MC,SZ-->MC,SZ-->MC,SZ-->MC,SZ-->MC,SZ-->MC,SZ-->MC,,,,,,,,,,,,,,,,,MC-->SZ,MC-->SZ,MC-->SZ,MC-->SZ,MC-->SZ,MC-->SZ,MC-->SZ,MC-->SZ,MC-->SZ,MC-->SZ,MC-->SZ,MC-->SZ,MC-->SZ,MC-->SZ,MC-->SZ,MC-->SZ,MC-->SZ,MC-->SZ,MC-->SZ
SE,SWE,Sweden,Stockholm,Europe,Northern Europe,,SE-->MC,SE-->MC,SE-->MC,SE-->MC,SE-->MC,SE-->MC,SE-->MC,SE-->MC,SE-->MC,SE-->MC,SE-->MC,SE-->MC,SE-->MC,SE-->MC,SE-->MC,SE-->MC,SE-->MC,SE-->MC,SE-->MC,,,,,,,,,,,,,,,,,MC-->SE,MC-->SE,MC-->SE,MC-->SE,MC-->SE,MC-->SE,MC-->SE,MC-->SE,MC-->SE,MC-->SE,MC-->SE,MC-->SE,MC-->SE,MC-->SE,MC-->SE,MC-->SE,MC-->SE,MC-->SE,MC-->SE
CH,CHE,Switzerland,Bern,Europe,Western Europe,,CH-->MC,CH-->MC,CH-->MC,CH-->MC,CH-->MC,CH-->MC,CH-->MC,CH-->MC,CH-->MC,CH-->MC,CH-->MC,CH-->MC,CH-->MC,CH-->MC,CH-->MC,CH-->MC,CH-->MC,CH-->MC,CH-->MC,,,,,,,,,,,,,,,,,MC-->CH,MC-->CH,MC-->CH,MC-->CH,MC-->CH,MC-->CH,MC-->CH,MC-->CH,MC-->CH,MC-->CH,MC-->CH,MC-->CH,MC-->CH,MC-->CH,MC-->CH,MC-->CH,MC-->CH,MC-->CH,MC-->CH
SY,SYR,Syria,Damascus,Asia,Western Asia,,SY-->MC,SY-->MC,SY-->MC,SY-->MC,SY-->MC,SY-->MC,SY-->MC,SY-->MC,SY-->MC,SY-->MC,SY-->MC,SY-->MC,SY-->MC,SY-->MC,SY-->MC,SY-->MC,SY-->MC,SY-->MC,SY-->MC,,,,,,,,,,,,,,,,,MC-->SY,MC-->SY,MC-->SY,MC-->SY,MC-->SY,MC-->SY,MC-->SY,MC-->SY,MC-->SY,MC-->SY,MC-->SY,MC-->SY,MC-->SY,MC-->SY,MC-->SY,MC-->SY,MC-->SY,MC-->SY,MC-->SY
TW,TWN,Taiwan,Taipei,Asia,Eastern Asia,,TW-->MC,TW-->MC,TW-->MC,TW-->MC,TW-->MC,TW-->MC,TW-->MC,TW-->MC,TW-->MC,TW-->MC,TW-->MC,TW-->MC,TW-->MC,TW-->MC,TW-->MC,TW-->MC,TW-->MC,TW-->MC,TW-->MC,,,,,,,,,,,,,,,,,MC-->TW,MC-->TW,MC-->TW,MC-->TW,MC-->TW,MC-->TW,MC-->TW,MC-->TW,MC-->TW,MC-->TW,MC-->TW,MC-->TW,MC-->TW,MC-->TW,MC-->TW,MC-->TW,MC-->TW,MC-->TW,MC-->TW
TJ,TJK,Tajikistan,Dushanbe,Asia,Central Asia,,TJ-->MC,TJ-->MC,TJ-->MC,TJ-->MC,TJ-->MC,TJ-->MC,TJ-->MC,TJ-->MC,TJ-->MC,TJ-->MC,TJ-->MC,TJ-->MC,TJ-->MC,TJ-->MC,TJ-->MC,TJ-->MC,TJ-->MC,TJ-->MC,TJ-->MC,,,,,,,,,,,,,,,,,MC-->TJ,MC-->TJ,MC-->TJ,MC-->TJ,MC-->TJ,MC-->TJ,MC-->TJ,MC-->TJ,MC-->TJ,MC-->TJ,MC-->TJ,MC-->TJ,MC-->TJ,MC-->TJ,MC-->TJ,MC-->TJ,MC-->TJ,MC-->TJ,MC-->TJ
TZ,TZA,Tanzania,Dodoma,Africa,Eastern Africa,,TZ-->MC,TZ-->MC,TZ-->MC,TZ-->MC,TZ-->MC,TZ-->MC,TZ-->MC,TZ-->MC,TZ-->MC,TZ-->MC,TZ-->MC,TZ-->MC,TZ-->MC,TZ-->MC,TZ-->MC,TZ-->MC,TZ-->MC,TZ-->MC,TZ-->MC,,,,,,,,,,,,,,,,,MC-->TZ,MC-->TZ,MC-->TZ,MC-->TZ,MC-->TZ,MC-->TZ,MC-->TZ,MC-->TZ,MC-->TZ,MC-->TZ,MC-->TZ,MC-->TZ,MC-->TZ,MC-->TZ,MC-->TZ,MC-->TZ,MC-->TZ,MC-->TZ,MC-->TZ
TH,THA,Thailand,Bangkok,Asia,South-Eastern Asia,,TH-->MC,TH-->MC,TH-->MC,TH-->MC,TH-->MC,TH-->MC,TH-->MC,TH-->MC,TH-->MC,TH-->MC,TH-->MC,TH-->MC,TH-->MC,TH-->MC,TH-->MC,TH-->MC,TH-->MC,TH-->MC,TH-->MC,,,,,,,,,,,,,,,,,MC-->TH,MC-->TH,MC-->TH,MC-->TH,MC-->TH,MC-->TH,MC-->TH,MC-->TH,MC-->TH,MC-->TH,MC-->TH,MC-->TH,MC-->TH,MC-->TH,MC-->TH,MC-->TH,MC-->TH,MC-->TH,MC-->TH
TL,TLS,East Timor,Dili,Asia,South-Eastern Asia,,TL-->MC,TL-->MC,TL-->MC,TL-->MC,TL-->MC,TL-->MC,TL-->MC,TL-->MC,TL-->MC,TL-->MC,TL-->MC,TL-->MC,TL-->MC,TL-->MC,TL-->MC,TL-->MC,TL-->MC,TL-->MC,TL-->MC,,,,,,,,,,,,,,,,,MC-->TL,MC-->TL,MC-->TL,MC-->TL,MC-->TL,MC-->TL,MC-->TL,MC-->TL,MC-->TL,MC-->TL,MC-->TL,MC-->TL,MC-->TL,MC-->TL,MC-->TL,MC-->TL,MC-->TL,MC-->TL,MC-->TL
TG,TGO,Togo,Lomé,Africa,Western Africa,,TG-->MC,TG-->MC,TG-->MC,TG-->MC,TG-->MC,TG-->MC,TG-->MC,TG-->MC,TG-->MC,TG-->MC,TG-->MC,TG-->MC,TG-->MC,TG-->MC,TG-->MC,TG-->MC,TG-->MC,TG-->MC,TG-->MC,,,,,,,,,,,,,,,,,MC-->TG,MC-->TG,MC-->TG,MC-->TG,MC-->TG,MC-->TG,MC-->TG,MC-->TG,MC-->TG,MC-->TG,MC-->TG,MC-->TG,MC-->TG,MC-->TG,MC-->TG,MC-->TG,MC-->TG,MC-->TG,MC-->TG
TK,TKL,Tokelau,Fakaofo,Oceania,Polynesia,,TK-->MC,TK-->MC,TK-->MC,TK-->MC,TK-->MC,TK-->MC,TK-->MC,TK-->MC,TK-->MC,TK-->MC,TK-->MC,TK-->MC,TK-->MC,TK-->MC,TK-->MC,TK-->MC,TK-->MC,TK-->MC,TK-->MC,,,,,,,,,,,,,,,,,MC-->TK,MC-->TK,MC-->TK,MC-->TK,MC-->TK,MC-->TK,MC-->TK,MC-->TK,MC-->TK,MC-->TK,MC-->TK,MC-->TK,MC-->TK,MC-->TK,MC-->TK,MC-->TK,MC-->TK,MC-->TK,MC-->TK
TO,TON,Tonga,Nuku'alofa,Oceania,Polynesia,,TO-->MC,TO-->MC,TO-->MC,TO-->MC,TO-->MC,TO-->MC,TO-->MC,TO-->MC,TO-->MC,TO-->MC,TO-->MC,TO-->MC,TO-->MC,TO-->MC,TO-->MC,TO-->MC,TO-->MC,TO-->MC,TO-->MC,,,,,,,,,,,,,,,,,MC-->TO,MC-->TO,MC-->TO,MC-->TO,MC-->TO,MC-->TO,MC-->TO,MC-->TO,MC-->TO,MC-->TO,MC-->TO,MC-->TO,MC-->TO,MC-->TO,MC-->TO,MC-->TO,MC-->TO,MC-->TO,MC-->TO
TT,TTO,Trinidad and Tobago,Port of Spain,Americas,Caribbean,,TT-->MC,TT-->MC,TT-->MC,TT-->MC,TT-->MC,TT-->MC,TT-->MC,TT-->MC,TT-->MC,TT-->MC,TT-->MC,TT-->MC,TT-->MC,TT-->MC,TT-->MC,TT-->MC,TT-->MC,TT-->MC,TT-->MC,,,,,,,,,,,,,,,,,MC-->TT,MC-->TT,MC-->TT,MC-->TT,MC-->TT,MC-->TT,MC-->TT,MC-->TT,MC-->TT,MC-->TT,MC-->TT,MC-->TT,MC-->TT,MC-->TT,MC-->TT,MC-->TT,MC-->TT,MC-->TT,MC-->TT
TN,TUN,Tunisia,Tunis,Africa,Northern Africa,,TN-->MC,TN-->MC,TN-->MC,TN-->MC,TN-->MC,TN-->MC,TN-->MC,TN-->MC,TN-->MC,TN-->MC,TN-->MC,TN-->MC,TN-->MC,TN-->MC,TN-->MC,TN-->MC,TN-->MC,TN-->MC,TN-->MC,,,,,,,,,,,,,,,,,MC-->TN,MC-->TN,MC-->TN,MC-->TN,MC-->TN,MC-->TN,MC-->TN,MC-->TN,MC-->TN,MC-->TN,MC-->TN,MC-->TN,MC-->TN,MC-->TN,MC-->TN,MC-->TN,MC-->TN,MC-->TN,MC-->TN
TR,TUR,Turkey,Ankara,Asia,Western Asia,,TR-->MC,TR-->MC,TR-->MC,TR-->MC,TR-->MC,TR-->MC,TR-->MC,TR-->MC,TR-->MC,TR-->MC,TR-->MC,TR-->MC,TR-->MC,TR-->MC,TR-->MC,TR-->MC,TR-->MC,TR-->MC,TR-->MC,,,,,,,,,,,,,,,,,MC-->TR,MC-->TR,MC-->TR,MC-->TR,MC-->TR,MC-->TR,MC-->TR,MC-->TR,MC-->TR,MC-->TR,MC-->TR,MC-->TR,MC-->TR,MC-->TR,MC-->TR,MC-->TR,MC-->TR,MC-->TR,MC-->TR
TM,TKM,Turkmenistan,Ashgabat,Asia,Central Asia,,TM-->MC,TM-->MC,TM-->MC,TM-->MC,TM-->MC,TM-->MC,TM-->MC,TM-->MC,TM-->MC,TM-->MC,TM-->MC,TM-->MC,TM-->MC,TM-->MC,TM-->MC,TM-->MC,TM-->MC,TM-->MC,TM-->MC,,,,,,,,,,,,,,,,,MC-->TM,MC-->TM,MC-->TM,MC-->TM,MC-->TM,MC-->TM,MC-->TM,MC-->TM,MC-->TM,MC-->TM,MC-->TM,MC-->TM,MC-->TM,MC-->TM,MC-->TM,MC-->TM,MC-->TM,MC-->TM,MC-->TM
TC,TCA,Turks and Caicos Islands,Cockburn Town,Americas,Caribbean,,TC-->MC,TC-->MC,TC-->MC,TC-->MC,TC-->MC,TC-->MC,TC-->MC,TC-->MC,TC-->MC,TC-->MC,TC-->MC,TC-->MC,TC-->MC,TC-->MC,TC-->MC,TC-->MC,TC-->MC,TC-->MC,TC-->MC,,,,,,,,,,,,,,,,,MC-->TC,MC-->TC,MC-->TC,MC-->TC,MC-->TC,MC-->TC,MC-->TC,MC-->TC,MC-->TC,MC-->TC,MC-->TC,MC-->TC,MC-->TC,MC-->TC,MC-->TC,MC-->TC,MC-->TC,MC-->TC,MC-->TC
TV,TUV,Tuvalu,Funafuti,Oceania,Polynesia,,TV-->MC,TV-->MC,TV-->MC,TV-->MC,TV-->MC,TV-->MC,TV-->MC,TV-->MC,TV-->MC,TV-->MC,TV-->MC,TV-->MC,TV-->MC,TV-->MC,TV-->MC,TV-->MC,TV-->MC,TV-->MC,TV-->MC,,,,,,,,,,,,,,,,,MC-->TV,MC-->TV,MC-->TV,MC-->TV,MC-->TV,MC-->TV,MC-->TV,MC-->TV,MC-->TV,MC-->TV,MC-->TV,MC-->TV,MC-->TV,MC-->TV,MC-->TV,MC-->TV,MC-->TV,MC-->TV,MC-->TV
UG,UGA,Uganda,Kampala,Africa,Eastern Africa,,UG-->MC,UG-->MC,UG-->MC,UG-->MC,UG-->MC,UG-->MC,UG-->MC,UG-->MC,UG-->MC,UG-->MC,UG-->MC,UG-->MC,UG-->MC,UG-->MC,UG-->MC,UG-->MC,UG-->MC,UG-->MC,UG-->MC,,,,,,,,,,,,,,,,,MC-->UG,MC-->UG,MC-->UG,MC-->UG,MC-->UG,MC-->UG,MC-->UG,MC-->UG,MC-->UG,MC-->UG,MC-->UG,MC-->UG,MC-->UG,MC-->UG,MC-->UG,MC-->UG,MC-->UG,MC-->UG,MC-->UG
UA,UKR,Ukraine,Kiev,Europe,Eastern Europe,,UA-->MC,UA-->MC,UA-->MC,UA-->MC,UA-->MC,UA-->MC,UA-->MC,UA-->MC,UA-->MC,UA-->MC,UA-->MC,UA-->MC,UA-->MC,UA-->MC,UA-->MC,UA-->MC,UA-->MC,UA-->MC,UA-->MC,,,,,,,,,,,,,,,,,MC-->UA,MC-->UA,MC-->UA,MC-->UA,MC-->UA,MC-->UA,MC-->UA,MC-->UA,MC-->UA,MC-->UA,MC-->UA,MC-->UA,MC-->UA,MC-->UA,MC-->UA,MC-->UA,MC-->UA,MC-->UA,MC-->UA
AE,ARE,United Arab Emirates,Abu Dhabi,Asia,Western Asia,,AE-->MC,AE-->MC,AE-->MC,AE-->MC,AE-->MC,AE-->MC,AE-->MC,AE-->MC,AE-->MC,AE-->MC,AE-->MC,AE-->MC,AE-->MC,AE-->MC,AE-->MC,AE-->MC,AE-->MC,AE-->MC,AE-->MC,,,,,,,,,,,,,,,,,MC-->AE,MC-->AE,MC-->AE,MC-->AE,MC-->AE,MC-->AE,MC-->AE,MC-->AE,MC-->AE,MC-->AE,MC-->AE,MC-->AE,MC-->AE,MC-->AE,MC-->AE,MC-->AE,MC-->AE,MC-->AE,MC-->AE
GB,GBR,United Kingdom,London,Europe,Northern Europe,,GB-->MC,GB-->MC,GB-->MC,GB-->MC,GB-->MC,GB-->MC,GB-->MC,GB-->MC,GB-->MC,GB-->MC,GB-->MC,GB-->MC,GB-->MC,GB-->MC,GB-->MC,GB-->MC,GB-->MC,GB-->MC,GB-->MC,,,,,,,,,,,,,,,,,MC-->GB,MC-->GB,MC-->GB,MC-->GB,MC-->GB,MC-->GB,MC-->GB,MC-->GB,MC-->GB,MC-->GB,MC-->GB,MC-->GB,MC-->GB,MC-->GB,MC-->GB,MC-->GB,MC-->GB,MC-->GB,MC-->GB
US,USA,United States,"Washington, D.C.",Americas,Northern America,,US-->MC,US-->MC,US-->MC,US-->MC,US-->MC,US-->MC,US-->MC,US-->MC,US-->MC,US-->MC,US-->MC,US-->MC,US-->MC,US-->MC,US-->MC,US-->MC,US-->MC,US-->MC,US-->MC,,,,,,,,,,,,,,,,,MC-->US,MC-->US,MC-->US,MC-->US,MC-->US,MC-->US,MC-->US,MC-->US,MC-->US,MC-->US,MC-->US,MC-->US,MC-->US,MC-->US,MC-->US,MC-->US,MC-->US,MC-->US,MC-->US
UY,URY,Uruguay,Montevideo,Americas,South America,,UY-->MC,UY-->MC,UY-->MC,UY-->MC,UY-->MC,UY-->MC,UY-->MC,UY-->MC,UY-->MC,UY-->MC,UY-->MC,UY-->MC,UY-->MC,UY-->MC,UY-->MC,UY-->MC,UY-->MC,UY-->MC,UY-->MC,,,,,,,,,,,,,,,,,MC-->UY,MC-->UY,MC-->UY,MC-->UY,MC-->UY,MC-->UY,MC-->UY,MC-->UY,MC-->UY,MC-->UY,MC-->UY,MC-->UY,MC-->UY,MC-->UY,MC-->UY,MC-->UY,MC-->UY,MC-->UY,MC-->UY
UZ,UZB,Uzbekistan,Tashkent,Asia,Central Asia,,UZ-->MC,UZ-->MC,UZ-->MC,UZ-->MC,UZ-->MC,UZ-->MC,UZ-->MC,UZ-->MC,UZ-->MC,UZ-->MC,UZ-->MC,UZ-->MC,UZ-->MC,UZ-->MC,UZ-->MC,UZ-->MC,UZ-->MC,UZ-->MC,UZ-->MC,,,,,,,,,,,,,,,,,MC-->UZ,MC-->UZ,MC-->UZ,MC-->UZ,MC-->UZ,MC-->UZ,MC-->UZ,MC-->UZ,MC-->UZ,MC-->UZ,MC-->UZ,MC-->UZ,MC-->UZ,MC-->UZ,MC-->UZ,MC-->UZ,MC-->UZ,MC-->UZ,MC-->UZ
VU,VUT,Vanuatu,Port Vila,Oceania,Melanesia,,VU-->MC,VU-->MC,VU-->MC,VU-->MC,VU-->MC,VU-->MC,VU-->MC,VU-->MC,VU-->MC,VU-->MC,VU-->MC,VU-->MC,VU-->MC,VU-->MC,VU-->MC,VU-->MC,VU-->MC,VU-->MC,VU-->MC,,,,,,,,,,,,,,,,,MC-->VU,MC-->VU,MC-->VU,MC-->VU,MC-->VU,MC-->VU,MC-->VU,MC-->VU,MC-->VU,MC-->VU,MC-->VU,MC-->VU,MC-->VU,MC-->VU,MC-->VU,MC-->VU,MC-->VU,MC-->VU,MC-->VU
VE,VEN,Venezuela,Caracas,Americas,South America,,VE-->MC,VE-->MC,VE-->MC,VE-->MC,VE-->MC,VE-->MC,VE-->MC,VE-->MC,VE-->MC,VE-->MC,VE-->MC,VE-->MC,VE-->MC,VE-->MC,VE-->MC,VE-->MC,VE-->MC,VE-->MC,VE-->MC,,,,,,,,,,,,,,,,,MC-->VE,MC-->VE,MC-->VE,MC-->VE,MC-->VE,MC-->VE,MC-->VE,MC-->VE,MC-->VE,MC-->VE,MC-->VE,MC-->VE,MC-->VE,MC-->VE,MC-->VE,MC-->VE,MC-->VE,MC-->VE,MC-->VE
VN,VNM,Vietnam,Hanoi,Asia,South-Eastern Asia,,VN-->MC,VN-->MC,VN-->MC,VN-->MC,VN-->MC,VN-->MC,VN-->MC,VN-->MC,VN-->MC,VN-->MC,VN-->MC,VN-->MC,VN-->MC,VN-->MC,VN-->MC,VN-->MC,VN-->MC,VN-->MC,VN-->MC,,,,,,,,,,,,,,,,,MC-->VN,MC-->VN,MC-->VN,MC-->VN,MC-->VN,MC-->VN,MC-->VN,MC-->VN,MC-->VN,MC-->VN,MC-->VN,MC-->VN,MC-->VN,MC-->VN,MC-->VN,MC-->VN,MC-->VN,MC-->VN,MC-->VN
WF,WLF,Wallis and Futuna,Mata-Utu,Oceania,Polynesia,,WF-->MC,WF-->MC,WF-->MC,WF-->MC,WF-->MC,WF-->MC,WF-->MC,WF-->MC,WF-->MC,WF-->MC,WF-->MC,WF-->MC,WF-->MC,WF-->MC,WF-->MC,WF-->MC,WF-->MC,WF-->MC,WF-->MC,,,,,,,,,,,,,,,,,MC-->WF,MC-->WF,MC-->WF,MC-->WF,MC-->WF,MC-->WF,MC-->WF,MC-->WF,MC-->WF,MC-->WF,MC-->WF,MC-->WF,MC-->WF,MC-->WF,MC-->WF,MC-->WF,MC-->WF,MC-->WF,MC-->WF
EH,ESH,Western Sahara,El Aaiún,Africa,Northern Africa,,EH-->MC,EH-->MC,EH-->MC,EH-->MC,EH-->MC,EH-->MC,EH-->MC,EH-->MC,EH-->MC,EH-->MC,EH-->MC,EH-->MC,EH-->MC,EH-->MC,EH-->MC,EH-->MC,EH-->MC,EH-->MC,EH-->MC,,,,,,,,,,,,,,,,,MC-->EH,MC-->EH,MC-->EH,MC-->EH,MC-->EH,MC-->EH,MC-->EH,MC-->EH,MC-->EH,MC-->EH,MC-->EH,MC-->EH,MC-->EH,MC-->EH,MC-->EH,MC-->EH,MC-->EH,MC-->EH,MC-->EH
YE,YEM,Yemen,Sana'a,Asia,Western Asia,,YE-->MC,YE-->MC,YE-->MC,YE-->MC,YE-->MC,YE-->MC,YE-->MC,YE-->MC,YE-->MC,YE-->MC,YE-->MC,YE-->MC,YE-->MC,YE-->MC,YE-->MC,YE-->MC,YE-->MC,YE-->MC,YE-->MC,,,,,,,,,,,,,,,,,MC-->YE,MC-->YE,MC-->YE,MC-->YE,MC-->YE,MC-->YE,MC-->YE,MC-->YE,MC-->YE,MC-->YE,MC-->YE,MC-->YE,MC-->YE,MC-->YE,MC-->YE,MC-->YE,MC-->YE,MC-->YE,MC-->YE
ZM,ZMB,Zambia,Lusaka,Africa,Eastern Africa,,ZM-->MC,ZM-->MC,ZM-->MC,ZM-->MC,ZM-->MC,ZM-->MC,ZM-->MC,ZM-->MC,ZM-->MC,ZM-->MC,ZM-->MC,ZM-->MC,ZM-->MC,ZM-->MC,ZM-->MC,ZM-->MC,ZM-->MC,ZM-->MC,ZM-->MC,,,,,,,,,,,,,,,,,MC-->ZM,MC-->ZM,MC-->ZM,MC-->ZM,MC-->ZM,MC-->ZM,MC-->ZM,MC-->ZM,MC-->ZM,MC-->ZM,MC-->ZM,MC-->ZM,MC-->ZM,MC-->ZM,MC-->ZM,MC-->ZM,MC-->ZM,MC-->ZM,MC-->ZM
ZW,ZWE,Zimbabwe,Harare,Africa,Eastern Africa,,ZW-->MC,ZW-->MC,ZW-->MC,ZW-->MC,ZW-->MC,ZW-->MC,ZW-->MC,ZW-->MC,ZW-->MC,ZW-->MC,ZW-->MC,ZW-->MC,ZW-->MC,ZW-->MC,ZW-->MC,ZW-->MC,ZW-->MC,ZW-->MC,ZW-->MC,,,,,,,,,,,,,,,,,MC-->ZW,MC-->ZW,MC-->ZW,MC-->ZW,MC-->ZW,MC-->ZW,MC-->ZW,MC-->ZW,MC-->ZW,MC-->ZW,MC-->ZW,MC-->ZW,MC-->ZW,MC-->ZW,MC-->ZW,MC-->ZW,MC-->ZW,MC-->ZW,MC-->ZW
