nu,code,name,capital,region,subregion,Unnamed: 6,quara/into/where/e,quara/into/where/v,quara/into/where/uv,quara/into/min/e,quara/into/min/v,quara/into/min/uv,quara/into/max/e,quara/into/max/v,quara/into/max/uv,quara/into/comment,test/into/pcr/e,test/into/pcr/v,test/into/pcr/uv,test/into/ag/e,test/into/ag/v,test/into/ag/uv,test/into/comment,visa/into,visa/into/comment,loadStates/into,Unnamed: 27,Unnamed: 28,Unnamed: 29,Unnamed: 30,Unnamed: 31,Unnamed: 32,Unnamed: 33,Unnamed: 34,Unnamed: 35,Unnamed: 36,Unnamed: 37,Unnamed: 38,Unnamed: 39,Unnamed: 40,Unnamed: 41,quara/out/where/e,quara/out/where/v,quara/out/where/uv,quara/out/min/e,quara/out/min/v,quara/out/min/uv,quara/out/max/e,quara/out/max/v,quara/out/max/uv,quara/out/comment,test/out/pcr/e,test/out/pcr/v,test/out/pcr/uv,test/out/ag/e,test/out/ag/v,test/out/ag/uv,test/out/comment,visa/out,visa/out/comment
AF,AFG,Afghanistan,Kabul,Asia,Southern Asia,,AF-->CA,AF-->CA,AF-->CA,AF-->CA,AF-->CA,AF-->CA,AF-->CA,AF-->CA,AF-->CA,AF-->CA,AF-->CA,AF-->CA,AF-->CA,AF-->CA,AF-->CA,AF-->CA,AF-->CA,AF-->CA,AF-->CA,,,,,,,,,,,,,,,,,CA-->AF,CA-->AF,CA-->AF,CA-->AF,CA-->AF,CA-->AF,CA-->AF,CA-->AF,CA-->AF,CA-->AF,CA-->AF,CA-->AF,CA-->AF,CA-->AF,CA-->AF,CA-->AF,CA-->AF,CA-->AF,CA-->AF
AX,ALA,Åland Islands,Mariehamn,Europe,Northern Europe,,AX-->CA,AX-->CA,AX-->CA,AX-->CA,AX-->CA,AX-->CA,AX-->CA,AX-->CA,AX-->CA,AX-->CA,AX-->CA,AX-->CA,AX-->CA,AX-->CA,AX-->CA,AX-->CA,AX-->CA,AX-->CA,AX-->CA,,,,,,,,,,,,,,,,,CA-->AX,CA-->AX,CA-->AX,CA-->AX,CA-->AX,CA-->AX,CA-->AX,CA-->AX,CA-->AX,CA-->AX,CA-->AX,CA-->AX,CA-->AX,CA-->AX,CA-->AX,CA-->AX,CA-->AX,CA-->AX,CA-->AX
AL,ALB,Albania,Tirana,Europe,Southern Europe,,AL-->CA,AL-->CA,AL-->CA,AL-->CA,AL-->CA,AL-->CA,AL-->CA,AL-->CA,AL-->CA,AL-->CA,AL-->CA,AL-->CA,AL-->CA,AL-->CA,AL-->CA,AL-->CA,AL-->CA,AL-->CA,AL-->CA,,,,,,,,,,,,,,,,,CA-->AL,CA-->AL,CA-->AL,CA-->AL,CA-->AL,CA-->AL,CA-->AL,CA-->AL,CA-->AL,CA-->AL,CA-->AL,CA-->AL,CA-->AL,CA-->AL,CA-->AL,CA-->AL,CA-->AL,CA-->AL,CA-->AL
DZ,DZA,Algeria,Algiers,Africa,Northern Africa,,DZ-->CA,DZ-->CA,DZ-->CA,DZ-->CA,DZ-->CA,DZ-->CA,DZ-->CA,DZ-->CA,DZ-->CA,DZ-->CA,DZ-->CA,DZ-->CA,DZ-->CA,DZ-->CA,DZ-->CA,DZ-->CA,DZ-->CA,DZ-->CA,DZ-->CA,,,,,,,,,,,,,,,,,CA-->DZ,CA-->DZ,CA-->DZ,CA-->DZ,CA-->DZ,CA-->DZ,CA-->DZ,CA-->DZ,CA-->DZ,CA-->DZ,CA-->DZ,CA-->DZ,CA-->DZ,CA-->DZ,CA-->DZ,CA-->DZ,CA-->DZ,CA-->DZ,CA-->DZ
AS,ASM,American Samoa,Pago Pago,Oceania,Polynesia,,AS-->CA,AS-->CA,AS-->CA,AS-->CA,AS-->CA,AS-->CA,AS-->CA,AS-->CA,AS-->CA,AS-->CA,AS-->CA,AS-->CA,AS-->CA,AS-->CA,AS-->CA,AS-->CA,AS-->CA,AS-->CA,AS-->CA,,,,,,,,,,,,,,,,,CA-->AS,CA-->AS,CA-->AS,CA-->AS,CA-->AS,CA-->AS,CA-->AS,CA-->AS,CA-->AS,CA-->AS,CA-->AS,CA-->AS,CA-->AS,CA-->AS,CA-->AS,CA-->AS,CA-->AS,CA-->AS,CA-->AS
AD,AND,Andorra,Andorra la Vella,Europe,Southern Europe,,AD-->CA,AD-->CA,AD-->CA,AD-->CA,AD-->CA,AD-->CA,AD-->CA,AD-->CA,AD-->CA,AD-->CA,AD-->CA,AD-->CA,AD-->CA,AD-->CA,AD-->CA,AD-->CA,AD-->CA,AD-->CA,AD-->CA,,,,,,,,,,,,,,,,,CA-->AD,CA-->AD,CA-->AD,CA-->AD,CA-->AD,CA-->AD,CA-->AD,CA-->AD,CA-->AD,CA-->AD,CA-->AD,CA-->AD,CA-->AD,CA-->AD,CA-->AD,CA-->AD,CA-->AD,CA-->AD,CA-->AD
AO,AGO,Angola,Luanda,Africa,Middle Africa,,AO-->CA,AO-->CA,AO-->CA,AO-->CA,AO-->CA,AO-->CA,AO-->CA,AO-->CA,AO-->CA,AO-->CA,AO-->CA,AO-->CA,AO-->CA,AO-->CA,AO-->CA,AO-->CA,AO-->CA,AO-->CA,AO-->CA,,,,,,,,,,,,,,,,,CA-->AO,CA-->AO,CA-->AO,CA-->AO,CA-->AO,CA-->AO,CA-->AO,CA-->AO,CA-->AO,CA-->AO,CA-->AO,CA-->AO,CA-->AO,CA-->AO,CA-->AO,CA-->AO,CA-->AO,CA-->AO,CA-->AO
AI,AIA,Anguilla,The Valley,Americas,Caribbean,,AI-->CA,AI-->CA,AI-->CA,AI-->CA,AI-->CA,AI-->CA,AI-->CA,AI-->CA,AI-->CA,AI-->CA,AI-->CA,AI-->CA,AI-->CA,AI-->CA,AI-->CA,AI-->CA,AI-->CA,AI-->CA,AI-->CA,,,,,,,,,,,,,,,,,CA-->AI,CA-->AI,CA-->AI,CA-->AI,CA-->AI,CA-->AI,CA-->AI,CA-->AI,CA-->AI,CA-->AI,CA-->AI,CA-->AI,CA-->AI,CA-->AI,CA-->AI,CA-->AI,CA-->AI,CA-->AI,CA-->AI
AQ,ATA,Antarctica,,Polar,,,AQ-->CA,AQ-->CA,AQ-->CA,AQ-->CA,AQ-->CA,AQ-->CA,AQ-->CA,AQ-->CA,AQ-->CA,AQ-->CA,AQ-->CA,AQ-->CA,AQ-->CA,AQ-->CA,AQ-->CA,AQ-->CA,AQ-->CA,AQ-->CA,AQ-->CA,,,,,,,,,,,,,,,,,CA-->AQ,CA-->AQ,CA-->AQ,CA-->AQ,CA-->AQ,CA-->AQ,CA-->AQ,CA-->AQ,CA-->AQ,CA-->AQ,CA-->AQ,CA-->AQ,CA-->AQ,CA-->AQ,CA-->AQ,CA-->AQ,CA-->AQ,CA-->AQ,CA-->AQ
AG,ATG,Antigua and Barbuda,Saint John's,Americas,Caribbean,,AG-->CA,AG-->CA,AG-->CA,AG-->CA,AG-->CA,AG-->CA,AG-->CA,AG-->CA,AG-->CA,AG-->CA,AG-->CA,AG-->CA,AG-->CA,AG-->CA,AG-->CA,AG-->CA,AG-->CA,AG-->CA,AG-->CA,,,,,,,,,,,,,,,,,CA-->AG,CA-->AG,CA-->AG,CA-->AG,CA-->AG,CA-->AG,CA-->AG,CA-->AG,CA-->AG,CA-->AG,CA-->AG,CA-->AG,CA-->AG,CA-->AG,CA-->AG,CA-->AG,CA-->AG,CA-->AG,CA-->AG
AR,ARG,Argentina,Buenos Aires,Americas,South America,,AR-->CA,AR-->CA,AR-->CA,AR-->CA,AR-->CA,AR-->CA,AR-->CA,AR-->CA,AR-->CA,AR-->CA,AR-->CA,AR-->CA,AR-->CA,AR-->CA,AR-->CA,AR-->CA,AR-->CA,AR-->CA,AR-->CA,,,,,,,,,,,,,,,,,CA-->AR,CA-->AR,CA-->AR,CA-->AR,CA-->AR,CA-->AR,CA-->AR,CA-->AR,CA-->AR,CA-->AR,CA-->AR,CA-->AR,CA-->AR,CA-->AR,CA-->AR,CA-->AR,CA-->AR,CA-->AR,CA-->AR
AM,ARM,Armenia,Yerevan,Asia,Western Asia,,AM-->CA,AM-->CA,AM-->CA,AM-->CA,AM-->CA,AM-->CA,AM-->CA,AM-->CA,AM-->CA,AM-->CA,AM-->CA,AM-->CA,AM-->CA,AM-->CA,AM-->CA,AM-->CA,AM-->CA,AM-->CA,AM-->CA,,,,,,,,,,,,,,,,,CA-->AM,CA-->AM,CA-->AM,CA-->AM,CA-->AM,CA-->AM,CA-->AM,CA-->AM,CA-->AM,CA-->AM,CA-->AM,CA-->AM,CA-->AM,CA-->AM,CA-->AM,CA-->AM,CA-->AM,CA-->AM,CA-->AM
AW,ABW,Aruba,Oranjestad,Americas,Caribbean,,AW-->CA,AW-->CA,AW-->CA,AW-->CA,AW-->CA,AW-->CA,AW-->CA,AW-->CA,AW-->CA,AW-->CA,AW-->CA,AW-->CA,AW-->CA,AW-->CA,AW-->CA,AW-->CA,AW-->CA,AW-->CA,AW-->CA,,,,,,,,,,,,,,,,,CA-->AW,CA-->AW,CA-->AW,CA-->AW,CA-->AW,CA-->AW,CA-->AW,CA-->AW,CA-->AW,CA-->AW,CA-->AW,CA-->AW,CA-->AW,CA-->AW,CA-->AW,CA-->AW,CA-->AW,CA-->AW,CA-->AW
AU,AUS,Australia,Canberra,Oceania,Australia and New Zealand,,AU-->CA,AU-->CA,AU-->CA,AU-->CA,AU-->CA,AU-->CA,AU-->CA,AU-->CA,AU-->CA,AU-->CA,AU-->CA,AU-->CA,AU-->CA,AU-->CA,AU-->CA,AU-->CA,AU-->CA,AU-->CA,AU-->CA,,,,,,,,,,,,,,,,,CA-->AU,CA-->AU,CA-->AU,CA-->AU,CA-->AU,CA-->AU,CA-->AU,CA-->AU,CA-->AU,CA-->AU,CA-->AU,CA-->AU,CA-->AU,CA-->AU,CA-->AU,CA-->AU,CA-->AU,CA-->AU,CA-->AU
AT,AUT,Austria,Vienna,Europe,Western Europe,,AT-->CA,AT-->CA,AT-->CA,AT-->CA,AT-->CA,AT-->CA,AT-->CA,AT-->CA,AT-->CA,AT-->CA,AT-->CA,AT-->CA,AT-->CA,AT-->CA,AT-->CA,AT-->CA,AT-->CA,AT-->CA,AT-->CA,,,,,,,,,,,,,,,,,CA-->AT,CA-->AT,CA-->AT,CA-->AT,CA-->AT,CA-->AT,CA-->AT,CA-->AT,CA-->AT,CA-->AT,CA-->AT,CA-->AT,CA-->AT,CA-->AT,CA-->AT,CA-->AT,CA-->AT,CA-->AT,CA-->AT
AZ,AZE,Azerbaijan,Baku,Asia,Western Asia,,AZ-->CA,AZ-->CA,AZ-->CA,AZ-->CA,AZ-->CA,AZ-->CA,AZ-->CA,AZ-->CA,AZ-->CA,AZ-->CA,AZ-->CA,AZ-->CA,AZ-->CA,AZ-->CA,AZ-->CA,AZ-->CA,AZ-->CA,AZ-->CA,AZ-->CA,,,,,,,,,,,,,,,,,CA-->AZ,CA-->AZ,CA-->AZ,CA-->AZ,CA-->AZ,CA-->AZ,CA-->AZ,CA-->AZ,CA-->AZ,CA-->AZ,CA-->AZ,CA-->AZ,CA-->AZ,CA-->AZ,CA-->AZ,CA-->AZ,CA-->AZ,CA-->AZ,CA-->AZ
BS,BHS,The Bahamas,Nassau,Americas,Caribbean,,BS-->CA,BS-->CA,BS-->CA,BS-->CA,BS-->CA,BS-->CA,BS-->CA,BS-->CA,BS-->CA,BS-->CA,BS-->CA,BS-->CA,BS-->CA,BS-->CA,BS-->CA,BS-->CA,BS-->CA,BS-->CA,BS-->CA,,,,,,,,,,,,,,,,,CA-->BS,CA-->BS,CA-->BS,CA-->BS,CA-->BS,CA-->BS,CA-->BS,CA-->BS,CA-->BS,CA-->BS,CA-->BS,CA-->BS,CA-->BS,CA-->BS,CA-->BS,CA-->BS,CA-->BS,CA-->BS,CA-->BS
BH,BHR,Bahrain,Manama,Asia,Western Asia,,BH-->CA,BH-->CA,BH-->CA,BH-->CA,BH-->CA,BH-->CA,BH-->CA,BH-->CA,BH-->CA,BH-->CA,BH-->CA,BH-->CA,BH-->CA,BH-->CA,BH-->CA,BH-->CA,BH-->CA,BH-->CA,BH-->CA,,,,,,,,,,,,,,,,,CA-->BH,CA-->BH,CA-->BH,CA-->BH,CA-->BH,CA-->BH,CA-->BH,CA-->BH,CA-->BH,CA-->BH,CA-->BH,CA-->BH,CA-->BH,CA-->BH,CA-->BH,CA-->BH,CA-->BH,CA-->BH,CA-->BH
BD,BGD,Bangladesh,Dhaka,Asia,Southern Asia,,BD-->CA,BD-->CA,BD-->CA,BD-->CA,BD-->CA,BD-->CA,BD-->CA,BD-->CA,BD-->CA,BD-->CA,BD-->CA,BD-->CA,BD-->CA,BD-->CA,BD-->CA,BD-->CA,BD-->CA,BD-->CA,BD-->CA,,,,,,,,,,,,,,,,,CA-->BD,CA-->BD,CA-->BD,CA-->BD,CA-->BD,CA-->BD,CA-->BD,CA-->BD,CA-->BD,CA-->BD,CA-->BD,CA-->BD,CA-->BD,CA-->BD,CA-->BD,CA-->BD,CA-->BD,CA-->BD,CA-->BD
BB,BRB,Barbados,Bridgetown,Americas,Caribbean,,BB-->CA,BB-->CA,BB-->CA,BB-->CA,BB-->CA,BB-->CA,BB-->CA,BB-->CA,BB-->CA,BB-->CA,BB-->CA,BB-->CA,BB-->CA,BB-->CA,BB-->CA,BB-->CA,BB-->CA,BB-->CA,BB-->CA,,,,,,,,,,,,,,,,,CA-->BB,CA-->BB,CA-->BB,CA-->BB,CA-->BB,CA-->BB,CA-->BB,CA-->BB,CA-->BB,CA-->BB,CA-->BB,CA-->BB,CA-->BB,CA-->BB,CA-->BB,CA-->BB,CA-->BB,CA-->BB,CA-->BB
BY,BLR,Belarus,Minsk,Europe,Eastern Europe,,BY-->CA,BY-->CA,BY-->CA,BY-->CA,BY-->CA,BY-->CA,BY-->CA,BY-->CA,BY-->CA,BY-->CA,BY-->CA,BY-->CA,BY-->CA,BY-->CA,BY-->CA,BY-->CA,BY-->CA,BY-->CA,BY-->CA,,,,,,,,,,,,,,,,,CA-->BY,CA-->BY,CA-->BY,CA-->BY,CA-->BY,CA-->BY,CA-->BY,CA-->BY,CA-->BY,CA-->BY,CA-->BY,CA-->BY,CA-->BY,CA-->BY,CA-->BY,CA-->BY,CA-->BY,CA-->BY,CA-->BY
BE,BEL,Belgium,Brussels,Europe,Western Europe,,BE-->CA,BE-->CA,BE-->CA,BE-->CA,BE-->CA,BE-->CA,BE-->CA,BE-->CA,BE-->CA,BE-->CA,BE-->CA,BE-->CA,BE-->CA,BE-->CA,BE-->CA,BE-->CA,BE-->CA,BE-->CA,BE-->CA,,,,,,,,,,,,,,,,,CA-->BE,CA-->BE,CA-->BE,CA-->BE,CA-->BE,CA-->BE,CA-->BE,CA-->BE,CA-->BE,CA-->BE,CA-->BE,CA-->BE,CA-->BE,CA-->BE,CA-->BE,CA-->BE,CA-->BE,CA-->BE,CA-->BE
BZ,BLZ,Belize,Belmopan,Americas,Central America,,BZ-->CA,BZ-->CA,BZ-->CA,BZ-->CA,BZ-->CA,BZ-->CA,BZ-->CA,BZ-->CA,BZ-->CA,BZ-->CA,BZ-->CA,BZ-->CA,BZ-->CA,BZ-->CA,BZ-->CA,BZ-->CA,BZ-->CA,BZ-->CA,BZ-->CA,,,,,,,,,,,,,,,,,CA-->BZ,CA-->BZ,CA-->BZ,CA-->BZ,CA-->BZ,CA-->BZ,CA-->BZ,CA-->BZ,CA-->BZ,CA-->BZ,CA-->BZ,CA-->BZ,CA-->BZ,CA-->BZ,CA-->BZ,CA-->BZ,CA-->BZ,CA-->BZ,CA-->BZ
BJ,BEN,Benin,Porto-Novo,Africa,Western Africa,,BJ-->CA,BJ-->CA,BJ-->CA,BJ-->CA,BJ-->CA,BJ-->CA,BJ-->CA,BJ-->CA,BJ-->CA,BJ-->CA,BJ-->CA,BJ-->CA,BJ-->CA,BJ-->CA,BJ-->CA,BJ-->CA,BJ-->CA,BJ-->CA,BJ-->CA,,,,,,,,,,,,,,,,,CA-->BJ,CA-->BJ,CA-->BJ,CA-->BJ,CA-->BJ,CA-->BJ,CA-->BJ,CA-->BJ,CA-->BJ,CA-->BJ,CA-->BJ,CA-->BJ,CA-->BJ,CA-->BJ,CA-->BJ,CA-->BJ,CA-->BJ,CA-->BJ,CA-->BJ
BM,BMU,Bermuda,Hamilton,Americas,Northern America,,BM-->CA,BM-->CA,BM-->CA,BM-->CA,BM-->CA,BM-->CA,BM-->CA,BM-->CA,BM-->CA,BM-->CA,BM-->CA,BM-->CA,BM-->CA,BM-->CA,BM-->CA,BM-->CA,BM-->CA,BM-->CA,BM-->CA,,,,,,,,,,,,,,,,,CA-->BM,CA-->BM,CA-->BM,CA-->BM,CA-->BM,CA-->BM,CA-->BM,CA-->BM,CA-->BM,CA-->BM,CA-->BM,CA-->BM,CA-->BM,CA-->BM,CA-->BM,CA-->BM,CA-->BM,CA-->BM,CA-->BM
BT,BTN,Bhutan,Thimphu,Asia,Southern Asia,,BT-->CA,BT-->CA,BT-->CA,BT-->CA,BT-->CA,BT-->CA,BT-->CA,BT-->CA,BT-->CA,BT-->CA,BT-->CA,BT-->CA,BT-->CA,BT-->CA,BT-->CA,BT-->CA,BT-->CA,BT-->CA,BT-->CA,,,,,,,,,,,,,,,,,CA-->BT,CA-->BT,CA-->BT,CA-->BT,CA-->BT,CA-->BT,CA-->BT,CA-->BT,CA-->BT,CA-->BT,CA-->BT,CA-->BT,CA-->BT,CA-->BT,CA-->BT,CA-->BT,CA-->BT,CA-->BT,CA-->BT
BO,BOL,Bolivia,Sucre,Americas,South America,,BO-->CA,BO-->CA,BO-->CA,BO-->CA,BO-->CA,BO-->CA,BO-->CA,BO-->CA,BO-->CA,BO-->CA,BO-->CA,BO-->CA,BO-->CA,BO-->CA,BO-->CA,BO-->CA,BO-->CA,BO-->CA,BO-->CA,,,,,,,,,,,,,,,,,CA-->BO,CA-->BO,CA-->BO,CA-->BO,CA-->BO,CA-->BO,CA-->BO,CA-->BO,CA-->BO,CA-->BO,CA-->BO,CA-->BO,CA-->BO,CA-->BO,CA-->BO,CA-->BO,CA-->BO,CA-->BO,CA-->BO
BQ,BES,Bonaire,Kralendijk,Americas,Caribbean,,BQ-->CA,BQ-->CA,BQ-->CA,BQ-->CA,BQ-->CA,BQ-->CA,BQ-->CA,BQ-->CA,BQ-->CA,BQ-->CA,BQ-->CA,BQ-->CA,BQ-->CA,BQ-->CA,BQ-->CA,BQ-->CA,BQ-->CA,BQ-->CA,BQ-->CA,,,,,,,,,,,,,,,,,CA-->BQ,CA-->BQ,CA-->BQ,CA-->BQ,CA-->BQ,CA-->BQ,CA-->BQ,CA-->BQ,CA-->BQ,CA-->BQ,CA-->BQ,CA-->BQ,CA-->BQ,CA-->BQ,CA-->BQ,CA-->BQ,CA-->BQ,CA-->BQ,CA-->BQ
BA,BIH,Bosnia and Herzegovina,Sarajevo,Europe,Southern Europe,,BA-->CA,BA-->CA,BA-->CA,BA-->CA,BA-->CA,BA-->CA,BA-->CA,BA-->CA,BA-->CA,BA-->CA,BA-->CA,BA-->CA,BA-->CA,BA-->CA,BA-->CA,BA-->CA,BA-->CA,BA-->CA,BA-->CA,,,,,,,,,,,,,,,,,CA-->BA,CA-->BA,CA-->BA,CA-->BA,CA-->BA,CA-->BA,CA-->BA,CA-->BA,CA-->BA,CA-->BA,CA-->BA,CA-->BA,CA-->BA,CA-->BA,CA-->BA,CA-->BA,CA-->BA,CA-->BA,CA-->BA
BW,BWA,Botswana,Gaborone,Africa,Southern Africa,,BW-->CA,BW-->CA,BW-->CA,BW-->CA,BW-->CA,BW-->CA,BW-->CA,BW-->CA,BW-->CA,BW-->CA,BW-->CA,BW-->CA,BW-->CA,BW-->CA,BW-->CA,BW-->CA,BW-->CA,BW-->CA,BW-->CA,,,,,,,,,,,,,,,,,CA-->BW,CA-->BW,CA-->BW,CA-->BW,CA-->BW,CA-->BW,CA-->BW,CA-->BW,CA-->BW,CA-->BW,CA-->BW,CA-->BW,CA-->BW,CA-->BW,CA-->BW,CA-->BW,CA-->BW,CA-->BW,CA-->BW
BV,BVT,Bouvet Island,,,,,BV-->CA,BV-->CA,BV-->CA,BV-->CA,BV-->CA,BV-->CA,BV-->CA,BV-->CA,BV-->CA,BV-->CA,BV-->CA,BV-->CA,BV-->CA,BV-->CA,BV-->CA,BV-->CA,BV-->CA,BV-->CA,BV-->CA,,,,,,,,,,,,,,,,,CA-->BV,CA-->BV,CA-->BV,CA-->BV,CA-->BV,CA-->BV,CA-->BV,CA-->BV,CA-->BV,CA-->BV,CA-->BV,CA-->BV,CA-->BV,CA-->BV,CA-->BV,CA-->BV,CA-->BV,CA-->BV,CA-->BV
BR,BRA,Brazil,Brasília,Americas,South America,,BR-->CA,BR-->CA,BR-->CA,BR-->CA,BR-->CA,BR-->CA,BR-->CA,BR-->CA,BR-->CA,BR-->CA,BR-->CA,BR-->CA,BR-->CA,BR-->CA,BR-->CA,BR-->CA,BR-->CA,BR-->CA,BR-->CA,,,,,,,,,,,,,,,,,CA-->BR,CA-->BR,CA-->BR,CA-->BR,CA-->BR,CA-->BR,CA-->BR,CA-->BR,CA-->BR,CA-->BR,CA-->BR,CA-->BR,CA-->BR,CA-->BR,CA-->BR,CA-->BR,CA-->BR,CA-->BR,CA-->BR
IO,IOT,British Indian Ocean Territory,Diego Garcia,Africa,Eastern Africa,,IO-->CA,IO-->CA,IO-->CA,IO-->CA,IO-->CA,IO-->CA,IO-->CA,IO-->CA,IO-->CA,IO-->CA,IO-->CA,IO-->CA,IO-->CA,IO-->CA,IO-->CA,IO-->CA,IO-->CA,IO-->CA,IO-->CA,,,,,,,,,,,,,,,,,CA-->IO,CA-->IO,CA-->IO,CA-->IO,CA-->IO,CA-->IO,CA-->IO,CA-->IO,CA-->IO,CA-->IO,CA-->IO,CA-->IO,CA-->IO,CA-->IO,CA-->IO,CA-->IO,CA-->IO,CA-->IO,CA-->IO
UM,UMI,United States Minor Outlying Islands,,Americas,Northern America,,UM-->CA,UM-->CA,UM-->CA,UM-->CA,UM-->CA,UM-->CA,UM-->CA,UM-->CA,UM-->CA,UM-->CA,UM-->CA,UM-->CA,UM-->CA,UM-->CA,UM-->CA,UM-->CA,UM-->CA,UM-->CA,UM-->CA,,,,,,,,,,,,,,,,,CA-->UM,CA-->UM,CA-->UM,CA-->UM,CA-->UM,CA-->UM,CA-->UM,CA-->UM,CA-->UM,CA-->UM,CA-->UM,CA-->UM,CA-->UM,CA-->UM,CA-->UM,CA-->UM,CA-->UM,CA-->UM,CA-->UM
VG,VGB,Virgin Islands (British),Road Town,Americas,Caribbean,,VG-->CA,VG-->CA,VG-->CA,VG-->CA,VG-->CA,VG-->CA,VG-->CA,VG-->CA,VG-->CA,VG-->CA,VG-->CA,VG-->CA,VG-->CA,VG-->CA,VG-->CA,VG-->CA,VG-->CA,VG-->CA,VG-->CA,,,,,,,,,,,,,,,,,CA-->VG,CA-->VG,CA-->VG,CA-->VG,CA-->VG,CA-->VG,CA-->VG,CA-->VG,CA-->VG,CA-->VG,CA-->VG,CA-->VG,CA-->VG,CA-->VG,CA-->VG,CA-->VG,CA-->VG,CA-->VG,CA-->VG
VI,VIR,Virgin Islands (U.S.),Charlotte Amalie,Americas,Caribbean,,VI-->CA,VI-->CA,VI-->CA,VI-->CA,VI-->CA,VI-->CA,VI-->CA,VI-->CA,VI-->CA,VI-->CA,VI-->CA,VI-->CA,VI-->CA,VI-->CA,VI-->CA,VI-->CA,VI-->CA,VI-->CA,VI-->CA,,,,,,,,,,,,,,,,,CA-->VI,CA-->VI,CA-->VI,CA-->VI,CA-->VI,CA-->VI,CA-->VI,CA-->VI,CA-->VI,CA-->VI,CA-->VI,CA-->VI,CA-->VI,CA-->VI,CA-->VI,CA-->VI,CA-->VI,CA-->VI,CA-->VI
BN,BRN,Brunei,Bandar Seri Begawan,Asia,South-Eastern Asia,,BN-->CA,BN-->CA,BN-->CA,BN-->CA,BN-->CA,BN-->CA,BN-->CA,BN-->CA,BN-->CA,BN-->CA,BN-->CA,BN-->CA,BN-->CA,BN-->CA,BN-->CA,BN-->CA,BN-->CA,BN-->CA,BN-->CA,,,,,,,,,,,,,,,,,CA-->BN,CA-->BN,CA-->BN,CA-->BN,CA-->BN,CA-->BN,CA-->BN,CA-->BN,CA-->BN,CA-->BN,CA-->BN,CA-->BN,CA-->BN,CA-->BN,CA-->BN,CA-->BN,CA-->BN,CA-->BN,CA-->BN
BG,BGR,Bulgaria,Sofia,Europe,Eastern Europe,,BG-->CA,BG-->CA,BG-->CA,BG-->CA,BG-->CA,BG-->CA,BG-->CA,BG-->CA,BG-->CA,BG-->CA,BG-->CA,BG-->CA,BG-->CA,BG-->CA,BG-->CA,BG-->CA,BG-->CA,BG-->CA,BG-->CA,,,,,,,,,,,,,,,,,CA-->BG,CA-->BG,CA-->BG,CA-->BG,CA-->BG,CA-->BG,CA-->BG,CA-->BG,CA-->BG,CA-->BG,CA-->BG,CA-->BG,CA-->BG,CA-->BG,CA-->BG,CA-->BG,CA-->BG,CA-->BG,CA-->BG
BF,BFA,Burkina Faso,Ouagadougou,Africa,Western Africa,,BF-->CA,BF-->CA,BF-->CA,BF-->CA,BF-->CA,BF-->CA,BF-->CA,BF-->CA,BF-->CA,BF-->CA,BF-->CA,BF-->CA,BF-->CA,BF-->CA,BF-->CA,BF-->CA,BF-->CA,BF-->CA,BF-->CA,,,,,,,,,,,,,,,,,CA-->BF,CA-->BF,CA-->BF,CA-->BF,CA-->BF,CA-->BF,CA-->BF,CA-->BF,CA-->BF,CA-->BF,CA-->BF,CA-->BF,CA-->BF,CA-->BF,CA-->BF,CA-->BF,CA-->BF,CA-->BF,CA-->BF
BI,BDI,Burundi,Bujumbura,Africa,Eastern Africa,,BI-->CA,BI-->CA,BI-->CA,BI-->CA,BI-->CA,BI-->CA,BI-->CA,BI-->CA,BI-->CA,BI-->CA,BI-->CA,BI-->CA,BI-->CA,BI-->CA,BI-->CA,BI-->CA,BI-->CA,BI-->CA,BI-->CA,,,,,,,,,,,,,,,,,CA-->BI,CA-->BI,CA-->BI,CA-->BI,CA-->BI,CA-->BI,CA-->BI,CA-->BI,CA-->BI,CA-->BI,CA-->BI,CA-->BI,CA-->BI,CA-->BI,CA-->BI,CA-->BI,CA-->BI,CA-->BI,CA-->BI
KH,KHM,Cambodia,Phnom Penh,Asia,South-Eastern Asia,,KH-->CA,KH-->CA,KH-->CA,KH-->CA,KH-->CA,KH-->CA,KH-->CA,KH-->CA,KH-->CA,KH-->CA,KH-->CA,KH-->CA,KH-->CA,KH-->CA,KH-->CA,KH-->CA,KH-->CA,KH-->CA,KH-->CA,,,,,,,,,,,,,,,,,CA-->KH,CA-->KH,CA-->KH,CA-->KH,CA-->KH,CA-->KH,CA-->KH,CA-->KH,CA-->KH,CA-->KH,CA-->KH,CA-->KH,CA-->KH,CA-->KH,CA-->KH,CA-->KH,CA-->KH,CA-->KH,CA-->KH
CM,CMR,Cameroon,Yaoundé,Africa,Middle Africa,,CM-->CA,CM-->CA,CM-->CA,CM-->CA,CM-->CA,CM-->CA,CM-->CA,CM-->CA,CM-->CA,CM-->CA,CM-->CA,CM-->CA,CM-->CA,CM-->CA,CM-->CA,CM-->CA,CM-->CA,CM-->CA,CM-->CA,,,,,,,,,,,,,,,,,CA-->CM,CA-->CM,CA-->CM,CA-->CM,CA-->CM,CA-->CM,CA-->CM,CA-->CM,CA-->CM,CA-->CM,CA-->CM,CA-->CM,CA-->CM,CA-->CM,CA-->CM,CA-->CM,CA-->CM,CA-->CM,CA-->CM
CA,CAN,Canada,Ottawa,Americas,Northern America,,CA-->CA,CA-->CA,CA-->CA,CA-->CA,CA-->CA,CA-->CA,CA-->CA,CA-->CA,CA-->CA,CA-->CA,CA-->CA,CA-->CA,CA-->CA,CA-->CA,CA-->CA,CA-->CA,CA-->CA,CA-->CA,CA-->CA,,,,,,,,,,,,,,,,,CA-->CA,CA-->CA,CA-->CA,CA-->CA,CA-->CA,CA-->CA,CA-->CA,CA-->CA,CA-->CA,CA-->CA,CA-->CA,CA-->CA,CA-->CA,CA-->CA,CA-->CA,CA-->CA,CA-->CA,CA-->CA,CA-->CA
CV,CPV,Cape Verde,Praia,Africa,Western Africa,,CV-->CA,CV-->CA,CV-->CA,CV-->CA,CV-->CA,CV-->CA,CV-->CA,CV-->CA,CV-->CA,CV-->CA,CV-->CA,CV-->CA,CV-->CA,CV-->CA,CV-->CA,CV-->CA,CV-->CA,CV-->CA,CV-->CA,,,,,,,,,,,,,,,,,CA-->CV,CA-->CV,CA-->CV,CA-->CV,CA-->CV,CA-->CV,CA-->CV,CA-->CV,CA-->CV,CA-->CV,CA-->CV,CA-->CV,CA-->CV,CA-->CV,CA-->CV,CA-->CV,CA-->CV,CA-->CV,CA-->CV
KY,CYM,Cayman Islands,George Town,Americas,Caribbean,,KY-->CA,KY-->CA,KY-->CA,KY-->CA,KY-->CA,KY-->CA,KY-->CA,KY-->CA,KY-->CA,KY-->CA,KY-->CA,KY-->CA,KY-->CA,KY-->CA,KY-->CA,KY-->CA,KY-->CA,KY-->CA,KY-->CA,,,,,,,,,,,,,,,,,CA-->KY,CA-->KY,CA-->KY,CA-->KY,CA-->KY,CA-->KY,CA-->KY,CA-->KY,CA-->KY,CA-->KY,CA-->KY,CA-->KY,CA-->KY,CA-->KY,CA-->KY,CA-->KY,CA-->KY,CA-->KY,CA-->KY
CF,CAF,Central African Republic,Bangui,Africa,Middle Africa,,CF-->CA,CF-->CA,CF-->CA,CF-->CA,CF-->CA,CF-->CA,CF-->CA,CF-->CA,CF-->CA,CF-->CA,CF-->CA,CF-->CA,CF-->CA,CF-->CA,CF-->CA,CF-->CA,CF-->CA,CF-->CA,CF-->CA,,,,,,,,,,,,,,,,,CA-->CF,CA-->CF,CA-->CF,CA-->CF,CA-->CF,CA-->CF,CA-->CF,CA-->CF,CA-->CF,CA-->CF,CA-->CF,CA-->CF,CA-->CF,CA-->CF,CA-->CF,CA-->CF,CA-->CF,CA-->CF,CA-->CF
TD,TCD,Chad,N'Djamena,Africa,Middle Africa,,TD-->CA,TD-->CA,TD-->CA,TD-->CA,TD-->CA,TD-->CA,TD-->CA,TD-->CA,TD-->CA,TD-->CA,TD-->CA,TD-->CA,TD-->CA,TD-->CA,TD-->CA,TD-->CA,TD-->CA,TD-->CA,TD-->CA,,,,,,,,,,,,,,,,,CA-->TD,CA-->TD,CA-->TD,CA-->TD,CA-->TD,CA-->TD,CA-->TD,CA-->TD,CA-->TD,CA-->TD,CA-->TD,CA-->TD,CA-->TD,CA-->TD,CA-->TD,CA-->TD,CA-->TD,CA-->TD,CA-->TD
CL,CHL,Chile,Santiago,Americas,South America,,CL-->CA,CL-->CA,CL-->CA,CL-->CA,CL-->CA,CL-->CA,CL-->CA,CL-->CA,CL-->CA,CL-->CA,CL-->CA,CL-->CA,CL-->CA,CL-->CA,CL-->CA,CL-->CA,CL-->CA,CL-->CA,CL-->CA,,,,,,,,,,,,,,,,,CA-->CL,CA-->CL,CA-->CL,CA-->CL,CA-->CL,CA-->CL,CA-->CL,CA-->CL,CA-->CL,CA-->CL,CA-->CL,CA-->CL,CA-->CL,CA-->CL,CA-->CL,CA-->CL,CA-->CL,CA-->CL,CA-->CL
CN,CHN,China,Beijing,Asia,Eastern Asia,,CN-->CA,CN-->CA,CN-->CA,CN-->CA,CN-->CA,CN-->CA,CN-->CA,CN-->CA,CN-->CA,CN-->CA,CN-->CA,CN-->CA,CN-->CA,CN-->CA,CN-->CA,CN-->CA,CN-->CA,CN-->CA,CN-->CA,,,,,,,,,,,,,,,,,CA-->CN,CA-->CN,CA-->CN,CA-->CN,CA-->CN,CA-->CN,CA-->CN,CA-->CN,CA-->CN,CA-->CN,CA-->CN,CA-->CN,CA-->CN,CA-->CN,CA-->CN,CA-->CN,CA-->CN,CA-->CN,CA-->CN
CX,CXR,Christmas Island,Flying Fish Cove,Oceania,Australia and New Zealand,,CX-->CA,CX-->CA,CX-->CA,CX-->CA,CX-->CA,CX-->CA,CX-->CA,CX-->CA,CX-->CA,CX-->CA,CX-->CA,CX-->CA,CX-->CA,CX-->CA,CX-->CA,CX-->CA,CX-->CA,CX-->CA,CX-->CA,,,,,,,,,,,,,,,,,CA-->CX,CA-->CX,CA-->CX,CA-->CX,CA-->CX,CA-->CX,CA-->CX,CA-->CX,CA-->CX,CA-->CX,CA-->CX,CA-->CX,CA-->CX,CA-->CX,CA-->CX,CA-->CX,CA-->CX,CA-->CX,CA-->CX
CC,CCK,Cocos (Keeling) Islands,West Island,Oceania,Australia and New Zealand,,CC-->CA,CC-->CA,CC-->CA,CC-->CA,CC-->CA,CC-->CA,CC-->CA,CC-->CA,CC-->CA,CC-->CA,CC-->CA,CC-->CA,CC-->CA,CC-->CA,CC-->CA,CC-->CA,CC-->CA,CC-->CA,CC-->CA,,,,,,,,,,,,,,,,,CA-->CC,CA-->CC,CA-->CC,CA-->CC,CA-->CC,CA-->CC,CA-->CC,CA-->CC,CA-->CC,CA-->CC,CA-->CC,CA-->CC,CA-->CC,CA-->CC,CA-->CC,CA-->CC,CA-->CC,CA-->CC,CA-->CC
CO,COL,Colombia,Bogotá,Americas,South America,,CO-->CA,CO-->CA,CO-->CA,CO-->CA,CO-->CA,CO-->CA,CO-->CA,CO-->CA,CO-->CA,CO-->CA,CO-->CA,CO-->CA,CO-->CA,CO-->CA,CO-->CA,CO-->CA,CO-->CA,CO-->CA,CO-->CA,,,,,,,,,,,,,,,,,CA-->CO,CA-->CO,CA-->CO,CA-->CO,CA-->CO,CA-->CO,CA-->CO,CA-->CO,CA-->CO,CA-->CO,CA-->CO,CA-->CO,CA-->CO,CA-->CO,CA-->CO,CA-->CO,CA-->CO,CA-->CO,CA-->CO
KM,COM,Comoros,Moroni,Africa,Eastern Africa,,KM-->CA,KM-->CA,KM-->CA,KM-->CA,KM-->CA,KM-->CA,KM-->CA,KM-->CA,KM-->CA,KM-->CA,KM-->CA,KM-->CA,KM-->CA,KM-->CA,KM-->CA,KM-->CA,KM-->CA,KM-->CA,KM-->CA,,,,,,,,,,,,,,,,,CA-->KM,CA-->KM,CA-->KM,CA-->KM,CA-->KM,CA-->KM,CA-->KM,CA-->KM,CA-->KM,CA-->KM,CA-->KM,CA-->KM,CA-->KM,CA-->KM,CA-->KM,CA-->KM,CA-->KM,CA-->KM,CA-->KM
CG,COG,Republic of the Congo,Brazzaville,Africa,Middle Africa,,CG-->CA,CG-->CA,CG-->CA,CG-->CA,CG-->CA,CG-->CA,CG-->CA,CG-->CA,CG-->CA,CG-->CA,CG-->CA,CG-->CA,CG-->CA,CG-->CA,CG-->CA,CG-->CA,CG-->CA,CG-->CA,CG-->CA,,,,,,,,,,,,,,,,,CA-->CG,CA-->CG,CA-->CG,CA-->CG,CA-->CG,CA-->CG,CA-->CG,CA-->CG,CA-->CG,CA-->CG,CA-->CG,CA-->CG,CA-->CG,CA-->CG,CA-->CG,CA-->CG,CA-->CG,CA-->CG,CA-->CG
CD,COD,Democratic Republic of the Congo,Kinshasa,Africa,Middle Africa,,CD-->CA,CD-->CA,CD-->CA,CD-->CA,CD-->CA,CD-->CA,CD-->CA,CD-->CA,CD-->CA,CD-->CA,CD-->CA,CD-->CA,CD-->CA,CD-->CA,CD-->CA,CD-->CA,CD-->CA,CD-->CA,CD-->CA,,,,,,,,,,,,,,,,,CA-->CD,CA-->CD,CA-->CD,CA-->CD,CA-->CD,CA-->CD,CA-->CD,CA-->CD,CA-->CD,CA-->CD,CA-->CD,CA-->CD,CA-->CD,CA-->CD,CA-->CD,CA-->CD,CA-->CD,CA-->CD,CA-->CD
CK,COK,Cook Islands,Avarua,Oceania,Polynesia,,CK-->CA,CK-->CA,CK-->CA,CK-->CA,CK-->CA,CK-->CA,CK-->CA,CK-->CA,CK-->CA,CK-->CA,CK-->CA,CK-->CA,CK-->CA,CK-->CA,CK-->CA,CK-->CA,CK-->CA,CK-->CA,CK-->CA,,,,,,,,,,,,,,,,,CA-->CK,CA-->CK,CA-->CK,CA-->CK,CA-->CK,CA-->CK,CA-->CK,CA-->CK,CA-->CK,CA-->CK,CA-->CK,CA-->CK,CA-->CK,CA-->CK,CA-->CK,CA-->CK,CA-->CK,CA-->CK,CA-->CK
CR,CRI,Costa Rica,San José,Americas,Central America,,CR-->CA,CR-->CA,CR-->CA,CR-->CA,CR-->CA,CR-->CA,CR-->CA,CR-->CA,CR-->CA,CR-->CA,CR-->CA,CR-->CA,CR-->CA,CR-->CA,CR-->CA,CR-->CA,CR-->CA,CR-->CA,CR-->CA,,,,,,,,,,,,,,,,,CA-->CR,CA-->CR,CA-->CR,CA-->CR,CA-->CR,CA-->CR,CA-->CR,CA-->CR,CA-->CR,CA-->CR,CA-->CR,CA-->CR,CA-->CR,CA-->CR,CA-->CR,CA-->CR,CA-->CR,CA-->CR,CA-->CR
HR,HRV,Croatia,Zagreb,Europe,Southern Europe,,HR-->CA,HR-->CA,HR-->CA,HR-->CA,HR-->CA,HR-->CA,HR-->CA,HR-->CA,HR-->CA,HR-->CA,HR-->CA,HR-->CA,HR-->CA,HR-->CA,HR-->CA,HR-->CA,HR-->CA,HR-->CA,HR-->CA,,,,,,,,,,,,,,,,,CA-->HR,CA-->HR,CA-->HR,CA-->HR,CA-->HR,CA-->HR,CA-->HR,CA-->HR,CA-->HR,CA-->HR,CA-->HR,CA-->HR,CA-->HR,CA-->HR,CA-->HR,CA-->HR,CA-->HR,CA-->HR,CA-->HR
CU,CUB,Cuba,Havana,Americas,Caribbean,,CU-->CA,CU-->CA,CU-->CA,CU-->CA,CU-->CA,CU-->CA,CU-->CA,CU-->CA,CU-->CA,CU-->CA,CU-->CA,CU-->CA,CU-->CA,CU-->CA,CU-->CA,CU-->CA,CU-->CA,CU-->CA,CU-->CA,,,,,,,,,,,,,,,,,CA-->CU,CA-->CU,CA-->CU,CA-->CU,CA-->CU,CA-->CU,CA-->CU,CA-->CU,CA-->CU,CA-->CU,CA-->CU,CA-->CU,CA-->CU,CA-->CU,CA-->CU,CA-->CU,CA-->CU,CA-->CU,CA-->CU
CW,CUW,Curaçao,Willemstad,Americas,Caribbean,,CW-->CA,CW-->CA,CW-->CA,CW-->CA,CW-->CA,CW-->CA,CW-->CA,CW-->CA,CW-->CA,CW-->CA,CW-->CA,CW-->CA,CW-->CA,CW-->CA,CW-->CA,CW-->CA,CW-->CA,CW-->CA,CW-->CA,,,,,,,,,,,,,,,,,CA-->CW,CA-->CW,CA-->CW,CA-->CW,CA-->CW,CA-->CW,CA-->CW,CA-->CW,CA-->CW,CA-->CW,CA-->CW,CA-->CW,CA-->CW,CA-->CW,CA-->CW,CA-->CW,CA-->CW,CA-->CW,CA-->CW
CY,CYP,Cyprus,Nicosia,Europe,Southern Europe,,CY-->CA,CY-->CA,CY-->CA,CY-->CA,CY-->CA,CY-->CA,CY-->CA,CY-->CA,CY-->CA,CY-->CA,CY-->CA,CY-->CA,CY-->CA,CY-->CA,CY-->CA,CY-->CA,CY-->CA,CY-->CA,CY-->CA,,,,,,,,,,,,,,,,,CA-->CY,CA-->CY,CA-->CY,CA-->CY,CA-->CY,CA-->CY,CA-->CY,CA-->CY,CA-->CY,CA-->CY,CA-->CY,CA-->CY,CA-->CY,CA-->CY,CA-->CY,CA-->CY,CA-->CY,CA-->CY,CA-->CY
CZ,CZE,Czech Republic,Prague,Europe,Eastern Europe,,CZ-->CA,CZ-->CA,CZ-->CA,CZ-->CA,CZ-->CA,CZ-->CA,CZ-->CA,CZ-->CA,CZ-->CA,CZ-->CA,CZ-->CA,CZ-->CA,CZ-->CA,CZ-->CA,CZ-->CA,CZ-->CA,CZ-->CA,CZ-->CA,CZ-->CA,,,,,,,,,,,,,,,,,CA-->CZ,CA-->CZ,CA-->CZ,CA-->CZ,CA-->CZ,CA-->CZ,CA-->CZ,CA-->CZ,CA-->CZ,CA-->CZ,CA-->CZ,CA-->CZ,CA-->CZ,CA-->CZ,CA-->CZ,CA-->CZ,CA-->CZ,CA-->CZ,CA-->CZ
DK,DNK,Denmark,Copenhagen,Europe,Northern Europe,,DK-->CA,DK-->CA,DK-->CA,DK-->CA,DK-->CA,DK-->CA,DK-->CA,DK-->CA,DK-->CA,DK-->CA,DK-->CA,DK-->CA,DK-->CA,DK-->CA,DK-->CA,DK-->CA,DK-->CA,DK-->CA,DK-->CA,,,,,,,,,,,,,,,,,CA-->DK,CA-->DK,CA-->DK,CA-->DK,CA-->DK,CA-->DK,CA-->DK,CA-->DK,CA-->DK,CA-->DK,CA-->DK,CA-->DK,CA-->DK,CA-->DK,CA-->DK,CA-->DK,CA-->DK,CA-->DK,CA-->DK
DJ,DJI,Djibouti,Djibouti,Africa,Eastern Africa,,DJ-->CA,DJ-->CA,DJ-->CA,DJ-->CA,DJ-->CA,DJ-->CA,DJ-->CA,DJ-->CA,DJ-->CA,DJ-->CA,DJ-->CA,DJ-->CA,DJ-->CA,DJ-->CA,DJ-->CA,DJ-->CA,DJ-->CA,DJ-->CA,DJ-->CA,,,,,,,,,,,,,,,,,CA-->DJ,CA-->DJ,CA-->DJ,CA-->DJ,CA-->DJ,CA-->DJ,CA-->DJ,CA-->DJ,CA-->DJ,CA-->DJ,CA-->DJ,CA-->DJ,CA-->DJ,CA-->DJ,CA-->DJ,CA-->DJ,CA-->DJ,CA-->DJ,CA-->DJ
DM,DMA,Dominica,Roseau,Americas,Caribbean,,DM-->CA,DM-->CA,DM-->CA,DM-->CA,DM-->CA,DM-->CA,DM-->CA,DM-->CA,DM-->CA,DM-->CA,DM-->CA,DM-->CA,DM-->CA,DM-->CA,DM-->CA,DM-->CA,DM-->CA,DM-->CA,DM-->CA,,,,,,,,,,,,,,,,,CA-->DM,CA-->DM,CA-->DM,CA-->DM,CA-->DM,CA-->DM,CA-->DM,CA-->DM,CA-->DM,CA-->DM,CA-->DM,CA-->DM,CA-->DM,CA-->DM,CA-->DM,CA-->DM,CA-->DM,CA-->DM,CA-->DM
DO,DOM,Dominican Republic,Santo Domingo,Americas,Caribbean,,DO-->CA,DO-->CA,DO-->CA,DO-->CA,DO-->CA,DO-->CA,DO-->CA,DO-->CA,DO-->CA,DO-->CA,DO-->CA,DO-->CA,DO-->CA,DO-->CA,DO-->CA,DO-->CA,DO-->CA,DO-->CA,DO-->CA,,,,,,,,,,,,,,,,,CA-->DO,CA-->DO,CA-->DO,CA-->DO,CA-->DO,CA-->DO,CA-->DO,CA-->DO,CA-->DO,CA-->DO,CA-->DO,CA-->DO,CA-->DO,CA-->DO,CA-->DO,CA-->DO,CA-->DO,CA-->DO,CA-->DO
EC,ECU,Ecuador,Quito,Americas,South America,,EC-->CA,EC-->CA,EC-->CA,EC-->CA,EC-->CA,EC-->CA,EC-->CA,EC-->CA,EC-->CA,EC-->CA,EC-->CA,EC-->CA,EC-->CA,EC-->CA,EC-->CA,EC-->CA,EC-->CA,EC-->CA,EC-->CA,,,,,,,,,,,,,,,,,CA-->EC,CA-->EC,CA-->EC,CA-->EC,CA-->EC,CA-->EC,CA-->EC,CA-->EC,CA-->EC,CA-->EC,CA-->EC,CA-->EC,CA-->EC,CA-->EC,CA-->EC,CA-->EC,CA-->EC,CA-->EC,CA-->EC
EG,EGY,Egypt,Cairo,Africa,Northern Africa,,EG-->CA,EG-->CA,EG-->CA,EG-->CA,EG-->CA,EG-->CA,EG-->CA,EG-->CA,EG-->CA,EG-->CA,EG-->CA,EG-->CA,EG-->CA,EG-->CA,EG-->CA,EG-->CA,EG-->CA,EG-->CA,EG-->CA,,,,,,,,,,,,,,,,,CA-->EG,CA-->EG,CA-->EG,CA-->EG,CA-->EG,CA-->EG,CA-->EG,CA-->EG,CA-->EG,CA-->EG,CA-->EG,CA-->EG,CA-->EG,CA-->EG,CA-->EG,CA-->EG,CA-->EG,CA-->EG,CA-->EG
SV,SLV,El Salvador,San Salvador,Americas,Central America,,SV-->CA,SV-->CA,SV-->CA,SV-->CA,SV-->CA,SV-->CA,SV-->CA,SV-->CA,SV-->CA,SV-->CA,SV-->CA,SV-->CA,SV-->CA,SV-->CA,SV-->CA,SV-->CA,SV-->CA,SV-->CA,SV-->CA,,,,,,,,,,,,,,,,,CA-->SV,CA-->SV,CA-->SV,CA-->SV,CA-->SV,CA-->SV,CA-->SV,CA-->SV,CA-->SV,CA-->SV,CA-->SV,CA-->SV,CA-->SV,CA-->SV,CA-->SV,CA-->SV,CA-->SV,CA-->SV,CA-->SV
GQ,GNQ,Equatorial Guinea,Malabo,Africa,Middle Africa,,GQ-->CA,GQ-->CA,GQ-->CA,GQ-->CA,GQ-->CA,GQ-->CA,GQ-->CA,GQ-->CA,GQ-->CA,GQ-->CA,GQ-->CA,GQ-->CA,GQ-->CA,GQ-->CA,GQ-->CA,GQ-->CA,GQ-->CA,GQ-->CA,GQ-->CA,,,,,,,,,,,,,,,,,CA-->GQ,CA-->GQ,CA-->GQ,CA-->GQ,CA-->GQ,CA-->GQ,CA-->GQ,CA-->GQ,CA-->GQ,CA-->GQ,CA-->GQ,CA-->GQ,CA-->GQ,CA-->GQ,CA-->GQ,CA-->GQ,CA-->GQ,CA-->GQ,CA-->GQ
ER,ERI,Eritrea,Asmara,Africa,Eastern Africa,,ER-->CA,ER-->CA,ER-->CA,ER-->CA,ER-->CA,ER-->CA,ER-->CA,ER-->CA,ER-->CA,ER-->CA,ER-->CA,ER-->CA,ER-->CA,ER-->CA,ER-->CA,ER-->CA,ER-->CA,ER-->CA,ER-->CA,,,,,,,,,,,,,,,,,CA-->ER,CA-->ER,CA-->ER,CA-->ER,CA-->ER,CA-->ER,CA-->ER,CA-->ER,CA-->ER,CA-->ER,CA-->ER,CA-->ER,CA-->ER,CA-->ER,CA-->ER,CA-->ER,CA-->ER,CA-->ER,CA-->ER
EE,EST,Estonia,Tallinn,Europe,Northern Europe,,EE-->CA,EE-->CA,EE-->CA,EE-->CA,EE-->CA,EE-->CA,EE-->CA,EE-->CA,EE-->CA,EE-->CA,EE-->CA,EE-->CA,EE-->CA,EE-->CA,EE-->CA,EE-->CA,EE-->CA,EE-->CA,EE-->CA,,,,,,,,,,,,,,,,,CA-->EE,CA-->EE,CA-->EE,CA-->EE,CA-->EE,CA-->EE,CA-->EE,CA-->EE,CA-->EE,CA-->EE,CA-->EE,CA-->EE,CA-->EE,CA-->EE,CA-->EE,CA-->EE,CA-->EE,CA-->EE,CA-->EE
ET,ETH,Ethiopia,Addis Ababa,Africa,Eastern Africa,,ET-->CA,ET-->CA,ET-->CA,ET-->CA,ET-->CA,ET-->CA,ET-->CA,ET-->CA,ET-->CA,ET-->CA,ET-->CA,ET-->CA,ET-->CA,ET-->CA,ET-->CA,ET-->CA,ET-->CA,ET-->CA,ET-->CA,,,,,,,,,,,,,,,,,CA-->ET,CA-->ET,CA-->ET,CA-->ET,CA-->ET,CA-->ET,CA-->ET,CA-->ET,CA-->ET,CA-->ET,CA-->ET,CA-->ET,CA-->ET,CA-->ET,CA-->ET,CA-->ET,CA-->ET,CA-->ET,CA-->ET
FK,FLK,Falkland Islands,Stanley,Americas,South America,,FK-->CA,FK-->CA,FK-->CA,FK-->CA,FK-->CA,FK-->CA,FK-->CA,FK-->CA,FK-->CA,FK-->CA,FK-->CA,FK-->CA,FK-->CA,FK-->CA,FK-->CA,FK-->CA,FK-->CA,FK-->CA,FK-->CA,,,,,,,,,,,,,,,,,CA-->FK,CA-->FK,CA-->FK,CA-->FK,CA-->FK,CA-->FK,CA-->FK,CA-->FK,CA-->FK,CA-->FK,CA-->FK,CA-->FK,CA-->FK,CA-->FK,CA-->FK,CA-->FK,CA-->FK,CA-->FK,CA-->FK
FO,FRO,Faroe Islands,Tórshavn,Europe,Northern Europe,,FO-->CA,FO-->CA,FO-->CA,FO-->CA,FO-->CA,FO-->CA,FO-->CA,FO-->CA,FO-->CA,FO-->CA,FO-->CA,FO-->CA,FO-->CA,FO-->CA,FO-->CA,FO-->CA,FO-->CA,FO-->CA,FO-->CA,,,,,,,,,,,,,,,,,CA-->FO,CA-->FO,CA-->FO,CA-->FO,CA-->FO,CA-->FO,CA-->FO,CA-->FO,CA-->FO,CA-->FO,CA-->FO,CA-->FO,CA-->FO,CA-->FO,CA-->FO,CA-->FO,CA-->FO,CA-->FO,CA-->FO
FJ,FJI,Fiji,Suva,Oceania,Melanesia,,FJ-->CA,FJ-->CA,FJ-->CA,FJ-->CA,FJ-->CA,FJ-->CA,FJ-->CA,FJ-->CA,FJ-->CA,FJ-->CA,FJ-->CA,FJ-->CA,FJ-->CA,FJ-->CA,FJ-->CA,FJ-->CA,FJ-->CA,FJ-->CA,FJ-->CA,,,,,,,,,,,,,,,,,CA-->FJ,CA-->FJ,CA-->FJ,CA-->FJ,CA-->FJ,CA-->FJ,CA-->FJ,CA-->FJ,CA-->FJ,CA-->FJ,CA-->FJ,CA-->FJ,CA-->FJ,CA-->FJ,CA-->FJ,CA-->FJ,CA-->FJ,CA-->FJ,CA-->FJ
FI,FIN,Finland,Helsinki,Europe,Northern Europe,,FI-->CA,FI-->CA,FI-->CA,FI-->CA,FI-->CA,FI-->CA,FI-->CA,FI-->CA,FI-->CA,FI-->CA,FI-->CA,FI-->CA,FI-->CA,FI-->CA,FI-->CA,FI-->CA,FI-->CA,FI-->CA,FI-->CA,,,,,,,,,,,,,,,,,CA-->FI,CA-->FI,CA-->FI,CA-->FI,CA-->FI,CA-->FI,CA-->FI,CA-->FI,CA-->FI,CA-->FI,CA-->FI,CA-->FI,CA-->FI,CA-->FI,CA-->FI,CA-->FI,CA-->FI,CA-->FI,CA-->FI
FR,FRA,France,Paris,Europe,Western Europe,,FR-->CA,FR-->CA,FR-->CA,FR-->CA,FR-->CA,FR-->CA,FR-->CA,FR-->CA,FR-->CA,FR-->CA,FR-->CA,FR-->CA,FR-->CA,FR-->CA,FR-->CA,FR-->CA,FR-->CA,FR-->CA,FR-->CA,,,,,,,,,,,,,,,,,CA-->FR,CA-->FR,CA-->FR,CA-->FR,CA-->FR,CA-->FR,CA-->FR,CA-->FR,CA-->FR,CA-->FR,CA-->FR,CA-->FR,CA-->FR,CA-->FR,CA-->FR,CA-->FR,CA-->FR,CA-->FR,CA-->FR
GF,GUF,French Guiana,Cayenne,Americas,South America,,GF-->CA,GF-->CA,GF-->CA,GF-->CA,GF-->CA,GF-->CA,GF-->CA,GF-->CA,GF-->CA,GF-->CA,GF-->CA,GF-->CA,GF-->CA,GF-->CA,GF-->CA,GF-->CA,GF-->CA,GF-->CA,GF-->CA,,,,,,,,,,,,,,,,,CA-->GF,CA-->GF,CA-->GF,CA-->GF,CA-->GF,CA-->GF,CA-->GF,CA-->GF,CA-->GF,CA-->GF,CA-->GF,CA-->GF,CA-->GF,CA-->GF,CA-->GF,CA-->GF,CA-->GF,CA-->GF,CA-->GF
PF,PYF,French Polynesia,Papeetē,Oceania,Polynesia,,PF-->CA,PF-->CA,PF-->CA,PF-->CA,PF-->CA,PF-->CA,PF-->CA,PF-->CA,PF-->CA,PF-->CA,PF-->CA,PF-->CA,PF-->CA,PF-->CA,PF-->CA,PF-->CA,PF-->CA,PF-->CA,PF-->CA,,,,,,,,,,,,,,,,,CA-->PF,CA-->PF,CA-->PF,CA-->PF,CA-->PF,CA-->PF,CA-->PF,CA-->PF,CA-->PF,CA-->PF,CA-->PF,CA-->PF,CA-->PF,CA-->PF,CA-->PF,CA-->PF,CA-->PF,CA-->PF,CA-->PF
TF,ATF,French Southern and Antarctic Lands,Port-aux-Français,Africa,Southern Africa,,TF-->CA,TF-->CA,TF-->CA,TF-->CA,TF-->CA,TF-->CA,TF-->CA,TF-->CA,TF-->CA,TF-->CA,TF-->CA,TF-->CA,TF-->CA,TF-->CA,TF-->CA,TF-->CA,TF-->CA,TF-->CA,TF-->CA,,,,,,,,,,,,,,,,,CA-->TF,CA-->TF,CA-->TF,CA-->TF,CA-->TF,CA-->TF,CA-->TF,CA-->TF,CA-->TF,CA-->TF,CA-->TF,CA-->TF,CA-->TF,CA-->TF,CA-->TF,CA-->TF,CA-->TF,CA-->TF,CA-->TF
GA,GAB,Gabon,Libreville,Africa,Middle Africa,,GA-->CA,GA-->CA,GA-->CA,GA-->CA,GA-->CA,GA-->CA,GA-->CA,GA-->CA,GA-->CA,GA-->CA,GA-->CA,GA-->CA,GA-->CA,GA-->CA,GA-->CA,GA-->CA,GA-->CA,GA-->CA,GA-->CA,,,,,,,,,,,,,,,,,CA-->GA,CA-->GA,CA-->GA,CA-->GA,CA-->GA,CA-->GA,CA-->GA,CA-->GA,CA-->GA,CA-->GA,CA-->GA,CA-->GA,CA-->GA,CA-->GA,CA-->GA,CA-->GA,CA-->GA,CA-->GA,CA-->GA
GM,GMB,The Gambia,Banjul,Africa,Western Africa,,GM-->CA,GM-->CA,GM-->CA,GM-->CA,GM-->CA,GM-->CA,GM-->CA,GM-->CA,GM-->CA,GM-->CA,GM-->CA,GM-->CA,GM-->CA,GM-->CA,GM-->CA,GM-->CA,GM-->CA,GM-->CA,GM-->CA,,,,,,,,,,,,,,,,,CA-->GM,CA-->GM,CA-->GM,CA-->GM,CA-->GM,CA-->GM,CA-->GM,CA-->GM,CA-->GM,CA-->GM,CA-->GM,CA-->GM,CA-->GM,CA-->GM,CA-->GM,CA-->GM,CA-->GM,CA-->GM,CA-->GM
GE,GEO,Georgia,Tbilisi,Asia,Western Asia,,GE-->CA,GE-->CA,GE-->CA,GE-->CA,GE-->CA,GE-->CA,GE-->CA,GE-->CA,GE-->CA,GE-->CA,GE-->CA,GE-->CA,GE-->CA,GE-->CA,GE-->CA,GE-->CA,GE-->CA,GE-->CA,GE-->CA,,,,,,,,,,,,,,,,,CA-->GE,CA-->GE,CA-->GE,CA-->GE,CA-->GE,CA-->GE,CA-->GE,CA-->GE,CA-->GE,CA-->GE,CA-->GE,CA-->GE,CA-->GE,CA-->GE,CA-->GE,CA-->GE,CA-->GE,CA-->GE,CA-->GE
DE,DEU,Germany,Berlin,Europe,Western Europe,,DE-->CA,DE-->CA,DE-->CA,DE-->CA,DE-->CA,DE-->CA,DE-->CA,DE-->CA,DE-->CA,DE-->CA,DE-->CA,DE-->CA,DE-->CA,DE-->CA,DE-->CA,DE-->CA,DE-->CA,DE-->CA,DE-->CA,,,,,,,,,,,,,,,,,CA-->DE,CA-->DE,CA-->DE,CA-->DE,CA-->DE,CA-->DE,CA-->DE,CA-->DE,CA-->DE,CA-->DE,CA-->DE,CA-->DE,CA-->DE,CA-->DE,CA-->DE,CA-->DE,CA-->DE,CA-->DE,CA-->DE
GH,GHA,Ghana,Accra,Africa,Western Africa,,GH-->CA,GH-->CA,GH-->CA,GH-->CA,GH-->CA,GH-->CA,GH-->CA,GH-->CA,GH-->CA,GH-->CA,GH-->CA,GH-->CA,GH-->CA,GH-->CA,GH-->CA,GH-->CA,GH-->CA,GH-->CA,GH-->CA,,,,,,,,,,,,,,,,,CA-->GH,CA-->GH,CA-->GH,CA-->GH,CA-->GH,CA-->GH,CA-->GH,CA-->GH,CA-->GH,CA-->GH,CA-->GH,CA-->GH,CA-->GH,CA-->GH,CA-->GH,CA-->GH,CA-->GH,CA-->GH,CA-->GH
GI,GIB,Gibraltar,Gibraltar,Europe,Southern Europe,,GI-->CA,GI-->CA,GI-->CA,GI-->CA,GI-->CA,GI-->CA,GI-->CA,GI-->CA,GI-->CA,GI-->CA,GI-->CA,GI-->CA,GI-->CA,GI-->CA,GI-->CA,GI-->CA,GI-->CA,GI-->CA,GI-->CA,,,,,,,,,,,,,,,,,CA-->GI,CA-->GI,CA-->GI,CA-->GI,CA-->GI,CA-->GI,CA-->GI,CA-->GI,CA-->GI,CA-->GI,CA-->GI,CA-->GI,CA-->GI,CA-->GI,CA-->GI,CA-->GI,CA-->GI,CA-->GI,CA-->GI
GR,GRC,Greece,Athens,Europe,Southern Europe,,GR-->CA,GR-->CA,GR-->CA,GR-->CA,GR-->CA,GR-->CA,GR-->CA,GR-->CA,GR-->CA,GR-->CA,GR-->CA,GR-->CA,GR-->CA,GR-->CA,GR-->CA,GR-->CA,GR-->CA,GR-->CA,GR-->CA,,,,,,,,,,,,,,,,,CA-->GR,CA-->GR,CA-->GR,CA-->GR,CA-->GR,CA-->GR,CA-->GR,CA-->GR,CA-->GR,CA-->GR,CA-->GR,CA-->GR,CA-->GR,CA-->GR,CA-->GR,CA-->GR,CA-->GR,CA-->GR,CA-->GR
GL,GRL,Greenland,Nuuk,Americas,Northern America,,GL-->CA,GL-->CA,GL-->CA,GL-->CA,GL-->CA,GL-->CA,GL-->CA,GL-->CA,GL-->CA,GL-->CA,GL-->CA,GL-->CA,GL-->CA,GL-->CA,GL-->CA,GL-->CA,GL-->CA,GL-->CA,GL-->CA,,,,,,,,,,,,,,,,,CA-->GL,CA-->GL,CA-->GL,CA-->GL,CA-->GL,CA-->GL,CA-->GL,CA-->GL,CA-->GL,CA-->GL,CA-->GL,CA-->GL,CA-->GL,CA-->GL,CA-->GL,CA-->GL,CA-->GL,CA-->GL,CA-->GL
GD,GRD,Grenada,St. George's,Americas,Caribbean,,GD-->CA,GD-->CA,GD-->CA,GD-->CA,GD-->CA,GD-->CA,GD-->CA,GD-->CA,GD-->CA,GD-->CA,GD-->CA,GD-->CA,GD-->CA,GD-->CA,GD-->CA,GD-->CA,GD-->CA,GD-->CA,GD-->CA,,,,,,,,,,,,,,,,,CA-->GD,CA-->GD,CA-->GD,CA-->GD,CA-->GD,CA-->GD,CA-->GD,CA-->GD,CA-->GD,CA-->GD,CA-->GD,CA-->GD,CA-->GD,CA-->GD,CA-->GD,CA-->GD,CA-->GD,CA-->GD,CA-->GD
GP,GLP,Guadeloupe,Basse-Terre,Americas,Caribbean,,GP-->CA,GP-->CA,GP-->CA,GP-->CA,GP-->CA,GP-->CA,GP-->CA,GP-->CA,GP-->CA,GP-->CA,GP-->CA,GP-->CA,GP-->CA,GP-->CA,GP-->CA,GP-->CA,GP-->CA,GP-->CA,GP-->CA,,,,,,,,,,,,,,,,,CA-->GP,CA-->GP,CA-->GP,CA-->GP,CA-->GP,CA-->GP,CA-->GP,CA-->GP,CA-->GP,CA-->GP,CA-->GP,CA-->GP,CA-->GP,CA-->GP,CA-->GP,CA-->GP,CA-->GP,CA-->GP,CA-->GP
GU,GUM,Guam,Hagåtña,Oceania,Micronesia,,GU-->CA,GU-->CA,GU-->CA,GU-->CA,GU-->CA,GU-->CA,GU-->CA,GU-->CA,GU-->CA,GU-->CA,GU-->CA,GU-->CA,GU-->CA,GU-->CA,GU-->CA,GU-->CA,GU-->CA,GU-->CA,GU-->CA,,,,,,,,,,,,,,,,,CA-->GU,CA-->GU,CA-->GU,CA-->GU,CA-->GU,CA-->GU,CA-->GU,CA-->GU,CA-->GU,CA-->GU,CA-->GU,CA-->GU,CA-->GU,CA-->GU,CA-->GU,CA-->GU,CA-->GU,CA-->GU,CA-->GU
GT,GTM,Guatemala,Guatemala City,Americas,Central America,,GT-->CA,GT-->CA,GT-->CA,GT-->CA,GT-->CA,GT-->CA,GT-->CA,GT-->CA,GT-->CA,GT-->CA,GT-->CA,GT-->CA,GT-->CA,GT-->CA,GT-->CA,GT-->CA,GT-->CA,GT-->CA,GT-->CA,,,,,,,,,,,,,,,,,CA-->GT,CA-->GT,CA-->GT,CA-->GT,CA-->GT,CA-->GT,CA-->GT,CA-->GT,CA-->GT,CA-->GT,CA-->GT,CA-->GT,CA-->GT,CA-->GT,CA-->GT,CA-->GT,CA-->GT,CA-->GT,CA-->GT
GG,GGY,Guernsey,St. Peter Port,Europe,Northern Europe,,GG-->CA,GG-->CA,GG-->CA,GG-->CA,GG-->CA,GG-->CA,GG-->CA,GG-->CA,GG-->CA,GG-->CA,GG-->CA,GG-->CA,GG-->CA,GG-->CA,GG-->CA,GG-->CA,GG-->CA,GG-->CA,GG-->CA,,,,,,,,,,,,,,,,,CA-->GG,CA-->GG,CA-->GG,CA-->GG,CA-->GG,CA-->GG,CA-->GG,CA-->GG,CA-->GG,CA-->GG,CA-->GG,CA-->GG,CA-->GG,CA-->GG,CA-->GG,CA-->GG,CA-->GG,CA-->GG,CA-->GG
GN,GIN,Guinea,Conakry,Africa,Western Africa,,GN-->CA,GN-->CA,GN-->CA,GN-->CA,GN-->CA,GN-->CA,GN-->CA,GN-->CA,GN-->CA,GN-->CA,GN-->CA,GN-->CA,GN-->CA,GN-->CA,GN-->CA,GN-->CA,GN-->CA,GN-->CA,GN-->CA,,,,,,,,,,,,,,,,,CA-->GN,CA-->GN,CA-->GN,CA-->GN,CA-->GN,CA-->GN,CA-->GN,CA-->GN,CA-->GN,CA-->GN,CA-->GN,CA-->GN,CA-->GN,CA-->GN,CA-->GN,CA-->GN,CA-->GN,CA-->GN,CA-->GN
GW,GNB,Guinea-Bissau,Bissau,Africa,Western Africa,,GW-->CA,GW-->CA,GW-->CA,GW-->CA,GW-->CA,GW-->CA,GW-->CA,GW-->CA,GW-->CA,GW-->CA,GW-->CA,GW-->CA,GW-->CA,GW-->CA,GW-->CA,GW-->CA,GW-->CA,GW-->CA,GW-->CA,,,,,,,,,,,,,,,,,CA-->GW,CA-->GW,CA-->GW,CA-->GW,CA-->GW,CA-->GW,CA-->GW,CA-->GW,CA-->GW,CA-->GW,CA-->GW,CA-->GW,CA-->GW,CA-->GW,CA-->GW,CA-->GW,CA-->GW,CA-->GW,CA-->GW
GY,GUY,Guyana,Georgetown,Americas,South America,,GY-->CA,GY-->CA,GY-->CA,GY-->CA,GY-->CA,GY-->CA,GY-->CA,GY-->CA,GY-->CA,GY-->CA,GY-->CA,GY-->CA,GY-->CA,GY-->CA,GY-->CA,GY-->CA,GY-->CA,GY-->CA,GY-->CA,,,,,,,,,,,,,,,,,CA-->GY,CA-->GY,CA-->GY,CA-->GY,CA-->GY,CA-->GY,CA-->GY,CA-->GY,CA-->GY,CA-->GY,CA-->GY,CA-->GY,CA-->GY,CA-->GY,CA-->GY,CA-->GY,CA-->GY,CA-->GY,CA-->GY
HT,HTI,Haiti,Port-au-Prince,Americas,Caribbean,,HT-->CA,HT-->CA,HT-->CA,HT-->CA,HT-->CA,HT-->CA,HT-->CA,HT-->CA,HT-->CA,HT-->CA,HT-->CA,HT-->CA,HT-->CA,HT-->CA,HT-->CA,HT-->CA,HT-->CA,HT-->CA,HT-->CA,,,,,,,,,,,,,,,,,CA-->HT,CA-->HT,CA-->HT,CA-->HT,CA-->HT,CA-->HT,CA-->HT,CA-->HT,CA-->HT,CA-->HT,CA-->HT,CA-->HT,CA-->HT,CA-->HT,CA-->HT,CA-->HT,CA-->HT,CA-->HT,CA-->HT
HM,HMD,Heard Island and McDonald Islands,,,,,HM-->CA,HM-->CA,HM-->CA,HM-->CA,HM-->CA,HM-->CA,HM-->CA,HM-->CA,HM-->CA,HM-->CA,HM-->CA,HM-->CA,HM-->CA,HM-->CA,HM-->CA,HM-->CA,HM-->CA,HM-->CA,HM-->CA,,,,,,,,,,,,,,,,,CA-->HM,CA-->HM,CA-->HM,CA-->HM,CA-->HM,CA-->HM,CA-->HM,CA-->HM,CA-->HM,CA-->HM,CA-->HM,CA-->HM,CA-->HM,CA-->HM,CA-->HM,CA-->HM,CA-->HM,CA-->HM,CA-->HM
VA,VAT,Holy See,Rome,Europe,Southern Europe,,VA-->CA,VA-->CA,VA-->CA,VA-->CA,VA-->CA,VA-->CA,VA-->CA,VA-->CA,VA-->CA,VA-->CA,VA-->CA,VA-->CA,VA-->CA,VA-->CA,VA-->CA,VA-->CA,VA-->CA,VA-->CA,VA-->CA,,,,,,,,,,,,,,,,,CA-->VA,CA-->VA,CA-->VA,CA-->VA,CA-->VA,CA-->VA,CA-->VA,CA-->VA,CA-->VA,CA-->VA,CA-->VA,CA-->VA,CA-->VA,CA-->VA,CA-->VA,CA-->VA,CA-->VA,CA-->VA,CA-->VA
HN,HND,Honduras,Tegucigalpa,Americas,Central America,,HN-->CA,HN-->CA,HN-->CA,HN-->CA,HN-->CA,HN-->CA,HN-->CA,HN-->CA,HN-->CA,HN-->CA,HN-->CA,HN-->CA,HN-->CA,HN-->CA,HN-->CA,HN-->CA,HN-->CA,HN-->CA,HN-->CA,,,,,,,,,,,,,,,,,CA-->HN,CA-->HN,CA-->HN,CA-->HN,CA-->HN,CA-->HN,CA-->HN,CA-->HN,CA-->HN,CA-->HN,CA-->HN,CA-->HN,CA-->HN,CA-->HN,CA-->HN,CA-->HN,CA-->HN,CA-->HN,CA-->HN
HK,HKG,Hong Kong,City of Victoria,Asia,Eastern Asia,,HK-->CA,HK-->CA,HK-->CA,HK-->CA,HK-->CA,HK-->CA,HK-->CA,HK-->CA,HK-->CA,HK-->CA,HK-->CA,HK-->CA,HK-->CA,HK-->CA,HK-->CA,HK-->CA,HK-->CA,HK-->CA,HK-->CA,,,,,,,,,,,,,,,,,CA-->HK,CA-->HK,CA-->HK,CA-->HK,CA-->HK,CA-->HK,CA-->HK,CA-->HK,CA-->HK,CA-->HK,CA-->HK,CA-->HK,CA-->HK,CA-->HK,CA-->HK,CA-->HK,CA-->HK,CA-->HK,CA-->HK
HU,HUN,Hungary,Budapest,Europe,Eastern Europe,,HU-->CA,HU-->CA,HU-->CA,HU-->CA,HU-->CA,HU-->CA,HU-->CA,HU-->CA,HU-->CA,HU-->CA,HU-->CA,HU-->CA,HU-->CA,HU-->CA,HU-->CA,HU-->CA,HU-->CA,HU-->CA,HU-->CA,,,,,,,,,,,,,,,,,CA-->HU,CA-->HU,CA-->HU,CA-->HU,CA-->HU,CA-->HU,CA-->HU,CA-->HU,CA-->HU,CA-->HU,CA-->HU,CA-->HU,CA-->HU,CA-->HU,CA-->HU,CA-->HU,CA-->HU,CA-->HU,CA-->HU
IS,ISL,Iceland,Reykjavík,Europe,Northern Europe,,IS-->CA,IS-->CA,IS-->CA,IS-->CA,IS-->CA,IS-->CA,IS-->CA,IS-->CA,IS-->CA,IS-->CA,IS-->CA,IS-->CA,IS-->CA,IS-->CA,IS-->CA,IS-->CA,IS-->CA,IS-->CA,IS-->CA,,,,,,,,,,,,,,,,,CA-->IS,CA-->IS,CA-->IS,CA-->IS,CA-->IS,CA-->IS,CA-->IS,CA-->IS,CA-->IS,CA-->IS,CA-->IS,CA-->IS,CA-->IS,CA-->IS,CA-->IS,CA-->IS,CA-->IS,CA-->IS,CA-->IS
IN,IND,India,New Delhi,Asia,Southern Asia,,IN-->CA,IN-->CA,IN-->CA,IN-->CA,IN-->CA,IN-->CA,IN-->CA,IN-->CA,IN-->CA,IN-->CA,IN-->CA,IN-->CA,IN-->CA,IN-->CA,IN-->CA,IN-->CA,IN-->CA,IN-->CA,IN-->CA,,,,,,,,,,,,,,,,,CA-->IN,CA-->IN,CA-->IN,CA-->IN,CA-->IN,CA-->IN,CA-->IN,CA-->IN,CA-->IN,CA-->IN,CA-->IN,CA-->IN,CA-->IN,CA-->IN,CA-->IN,CA-->IN,CA-->IN,CA-->IN,CA-->IN
ID,IDN,Indonesia,Jakarta,Asia,South-Eastern Asia,,ID-->CA,ID-->CA,ID-->CA,ID-->CA,ID-->CA,ID-->CA,ID-->CA,ID-->CA,ID-->CA,ID-->CA,ID-->CA,ID-->CA,ID-->CA,ID-->CA,ID-->CA,ID-->CA,ID-->CA,ID-->CA,ID-->CA,,,,,,,,,,,,,,,,,CA-->ID,CA-->ID,CA-->ID,CA-->ID,CA-->ID,CA-->ID,CA-->ID,CA-->ID,CA-->ID,CA-->ID,CA-->ID,CA-->ID,CA-->ID,CA-->ID,CA-->ID,CA-->ID,CA-->ID,CA-->ID,CA-->ID
CI,CIV,Ivory Coast,Yamoussoukro,Africa,Western Africa,,CI-->CA,CI-->CA,CI-->CA,CI-->CA,CI-->CA,CI-->CA,CI-->CA,CI-->CA,CI-->CA,CI-->CA,CI-->CA,CI-->CA,CI-->CA,CI-->CA,CI-->CA,CI-->CA,CI-->CA,CI-->CA,CI-->CA,,,,,,,,,,,,,,,,,CA-->CI,CA-->CI,CA-->CI,CA-->CI,CA-->CI,CA-->CI,CA-->CI,CA-->CI,CA-->CI,CA-->CI,CA-->CI,CA-->CI,CA-->CI,CA-->CI,CA-->CI,CA-->CI,CA-->CI,CA-->CI,CA-->CI
IR,IRN,Iran,Tehran,Asia,Southern Asia,,IR-->CA,IR-->CA,IR-->CA,IR-->CA,IR-->CA,IR-->CA,IR-->CA,IR-->CA,IR-->CA,IR-->CA,IR-->CA,IR-->CA,IR-->CA,IR-->CA,IR-->CA,IR-->CA,IR-->CA,IR-->CA,IR-->CA,,,,,,,,,,,,,,,,,CA-->IR,CA-->IR,CA-->IR,CA-->IR,CA-->IR,CA-->IR,CA-->IR,CA-->IR,CA-->IR,CA-->IR,CA-->IR,CA-->IR,CA-->IR,CA-->IR,CA-->IR,CA-->IR,CA-->IR,CA-->IR,CA-->IR
IQ,IRQ,Iraq,Baghdad,Asia,Western Asia,,IQ-->CA,IQ-->CA,IQ-->CA,IQ-->CA,IQ-->CA,IQ-->CA,IQ-->CA,IQ-->CA,IQ-->CA,IQ-->CA,IQ-->CA,IQ-->CA,IQ-->CA,IQ-->CA,IQ-->CA,IQ-->CA,IQ-->CA,IQ-->CA,IQ-->CA,,,,,,,,,,,,,,,,,CA-->IQ,CA-->IQ,CA-->IQ,CA-->IQ,CA-->IQ,CA-->IQ,CA-->IQ,CA-->IQ,CA-->IQ,CA-->IQ,CA-->IQ,CA-->IQ,CA-->IQ,CA-->IQ,CA-->IQ,CA-->IQ,CA-->IQ,CA-->IQ,CA-->IQ
IE,IRL,Republic of Ireland,Dublin,Europe,Northern Europe,,IE-->CA,IE-->CA,IE-->CA,IE-->CA,IE-->CA,IE-->CA,IE-->CA,IE-->CA,IE-->CA,IE-->CA,IE-->CA,IE-->CA,IE-->CA,IE-->CA,IE-->CA,IE-->CA,IE-->CA,IE-->CA,IE-->CA,,,,,,,,,,,,,,,,,CA-->IE,CA-->IE,CA-->IE,CA-->IE,CA-->IE,CA-->IE,CA-->IE,CA-->IE,CA-->IE,CA-->IE,CA-->IE,CA-->IE,CA-->IE,CA-->IE,CA-->IE,CA-->IE,CA-->IE,CA-->IE,CA-->IE
IM,IMN,Isle of Man,Douglas,Europe,Northern Europe,,IM-->CA,IM-->CA,IM-->CA,IM-->CA,IM-->CA,IM-->CA,IM-->CA,IM-->CA,IM-->CA,IM-->CA,IM-->CA,IM-->CA,IM-->CA,IM-->CA,IM-->CA,IM-->CA,IM-->CA,IM-->CA,IM-->CA,,,,,,,,,,,,,,,,,CA-->IM,CA-->IM,CA-->IM,CA-->IM,CA-->IM,CA-->IM,CA-->IM,CA-->IM,CA-->IM,CA-->IM,CA-->IM,CA-->IM,CA-->IM,CA-->IM,CA-->IM,CA-->IM,CA-->IM,CA-->IM,CA-->IM
IL,ISR,Israel,Jerusalem,Asia,Western Asia,,IL-->CA,IL-->CA,IL-->CA,IL-->CA,IL-->CA,IL-->CA,IL-->CA,IL-->CA,IL-->CA,IL-->CA,IL-->CA,IL-->CA,IL-->CA,IL-->CA,IL-->CA,IL-->CA,IL-->CA,IL-->CA,IL-->CA,,,,,,,,,,,,,,,,,CA-->IL,CA-->IL,CA-->IL,CA-->IL,CA-->IL,CA-->IL,CA-->IL,CA-->IL,CA-->IL,CA-->IL,CA-->IL,CA-->IL,CA-->IL,CA-->IL,CA-->IL,CA-->IL,CA-->IL,CA-->IL,CA-->IL
IT,ITA,Italy,Rome,Europe,Southern Europe,,IT-->CA,IT-->CA,IT-->CA,IT-->CA,IT-->CA,IT-->CA,IT-->CA,IT-->CA,IT-->CA,IT-->CA,IT-->CA,IT-->CA,IT-->CA,IT-->CA,IT-->CA,IT-->CA,IT-->CA,IT-->CA,IT-->CA,,,,,,,,,,,,,,,,,CA-->IT,CA-->IT,CA-->IT,CA-->IT,CA-->IT,CA-->IT,CA-->IT,CA-->IT,CA-->IT,CA-->IT,CA-->IT,CA-->IT,CA-->IT,CA-->IT,CA-->IT,CA-->IT,CA-->IT,CA-->IT,CA-->IT
JM,JAM,Jamaica,Kingston,Americas,Caribbean,,JM-->CA,JM-->CA,JM-->CA,JM-->CA,JM-->CA,JM-->CA,JM-->CA,JM-->CA,JM-->CA,JM-->CA,JM-->CA,JM-->CA,JM-->CA,JM-->CA,JM-->CA,JM-->CA,JM-->CA,JM-->CA,JM-->CA,,,,,,,,,,,,,,,,,CA-->JM,CA-->JM,CA-->JM,CA-->JM,CA-->JM,CA-->JM,CA-->JM,CA-->JM,CA-->JM,CA-->JM,CA-->JM,CA-->JM,CA-->JM,CA-->JM,CA-->JM,CA-->JM,CA-->JM,CA-->JM,CA-->JM
JP,JPN,Japan,Tokyo,Asia,Eastern Asia,,JP-->CA,JP-->CA,JP-->CA,JP-->CA,JP-->CA,JP-->CA,JP-->CA,JP-->CA,JP-->CA,JP-->CA,JP-->CA,JP-->CA,JP-->CA,JP-->CA,JP-->CA,JP-->CA,JP-->CA,JP-->CA,JP-->CA,,,,,,,,,,,,,,,,,CA-->JP,CA-->JP,CA-->JP,CA-->JP,CA-->JP,CA-->JP,CA-->JP,CA-->JP,CA-->JP,CA-->JP,CA-->JP,CA-->JP,CA-->JP,CA-->JP,CA-->JP,CA-->JP,CA-->JP,CA-->JP,CA-->JP
JE,JEY,Jersey,Saint Helier,Europe,Northern Europe,,JE-->CA,JE-->CA,JE-->CA,JE-->CA,JE-->CA,JE-->CA,JE-->CA,JE-->CA,JE-->CA,JE-->CA,JE-->CA,JE-->CA,JE-->CA,JE-->CA,JE-->CA,JE-->CA,JE-->CA,JE-->CA,JE-->CA,,,,,,,,,,,,,,,,,CA-->JE,CA-->JE,CA-->JE,CA-->JE,CA-->JE,CA-->JE,CA-->JE,CA-->JE,CA-->JE,CA-->JE,CA-->JE,CA-->JE,CA-->JE,CA-->JE,CA-->JE,CA-->JE,CA-->JE,CA-->JE,CA-->JE
JO,JOR,Jordan,Amman,Asia,Western Asia,,JO-->CA,JO-->CA,JO-->CA,JO-->CA,JO-->CA,JO-->CA,JO-->CA,JO-->CA,JO-->CA,JO-->CA,JO-->CA,JO-->CA,JO-->CA,JO-->CA,JO-->CA,JO-->CA,JO-->CA,JO-->CA,JO-->CA,,,,,,,,,,,,,,,,,CA-->JO,CA-->JO,CA-->JO,CA-->JO,CA-->JO,CA-->JO,CA-->JO,CA-->JO,CA-->JO,CA-->JO,CA-->JO,CA-->JO,CA-->JO,CA-->JO,CA-->JO,CA-->JO,CA-->JO,CA-->JO,CA-->JO
KZ,KAZ,Kazakhstan,Astana,Asia,Central Asia,,KZ-->CA,KZ-->CA,KZ-->CA,KZ-->CA,KZ-->CA,KZ-->CA,KZ-->CA,KZ-->CA,KZ-->CA,KZ-->CA,KZ-->CA,KZ-->CA,KZ-->CA,KZ-->CA,KZ-->CA,KZ-->CA,KZ-->CA,KZ-->CA,KZ-->CA,,,,,,,,,,,,,,,,,CA-->KZ,CA-->KZ,CA-->KZ,CA-->KZ,CA-->KZ,CA-->KZ,CA-->KZ,CA-->KZ,CA-->KZ,CA-->KZ,CA-->KZ,CA-->KZ,CA-->KZ,CA-->KZ,CA-->KZ,CA-->KZ,CA-->KZ,CA-->KZ,CA-->KZ
KE,KEN,Kenya,Nairobi,Africa,Eastern Africa,,KE-->CA,KE-->CA,KE-->CA,KE-->CA,KE-->CA,KE-->CA,KE-->CA,KE-->CA,KE-->CA,KE-->CA,KE-->CA,KE-->CA,KE-->CA,KE-->CA,KE-->CA,KE-->CA,KE-->CA,KE-->CA,KE-->CA,,,,,,,,,,,,,,,,,CA-->KE,CA-->KE,CA-->KE,CA-->KE,CA-->KE,CA-->KE,CA-->KE,CA-->KE,CA-->KE,CA-->KE,CA-->KE,CA-->KE,CA-->KE,CA-->KE,CA-->KE,CA-->KE,CA-->KE,CA-->KE,CA-->KE
KI,KIR,Kiribati,South Tarawa,Oceania,Micronesia,,KI-->CA,KI-->CA,KI-->CA,KI-->CA,KI-->CA,KI-->CA,KI-->CA,KI-->CA,KI-->CA,KI-->CA,KI-->CA,KI-->CA,KI-->CA,KI-->CA,KI-->CA,KI-->CA,KI-->CA,KI-->CA,KI-->CA,,,,,,,,,,,,,,,,,CA-->KI,CA-->KI,CA-->KI,CA-->KI,CA-->KI,CA-->KI,CA-->KI,CA-->KI,CA-->KI,CA-->KI,CA-->KI,CA-->KI,CA-->KI,CA-->KI,CA-->KI,CA-->KI,CA-->KI,CA-->KI,CA-->KI
KW,KWT,Kuwait,Kuwait City,Asia,Western Asia,,KW-->CA,KW-->CA,KW-->CA,KW-->CA,KW-->CA,KW-->CA,KW-->CA,KW-->CA,KW-->CA,KW-->CA,KW-->CA,KW-->CA,KW-->CA,KW-->CA,KW-->CA,KW-->CA,KW-->CA,KW-->CA,KW-->CA,,,,,,,,,,,,,,,,,CA-->KW,CA-->KW,CA-->KW,CA-->KW,CA-->KW,CA-->KW,CA-->KW,CA-->KW,CA-->KW,CA-->KW,CA-->KW,CA-->KW,CA-->KW,CA-->KW,CA-->KW,CA-->KW,CA-->KW,CA-->KW,CA-->KW
KG,KGZ,Kyrgyzstan,Bishkek,Asia,Central Asia,,KG-->CA,KG-->CA,KG-->CA,KG-->CA,KG-->CA,KG-->CA,KG-->CA,KG-->CA,KG-->CA,KG-->CA,KG-->CA,KG-->CA,KG-->CA,KG-->CA,KG-->CA,KG-->CA,KG-->CA,KG-->CA,KG-->CA,,,,,,,,,,,,,,,,,CA-->KG,CA-->KG,CA-->KG,CA-->KG,CA-->KG,CA-->KG,CA-->KG,CA-->KG,CA-->KG,CA-->KG,CA-->KG,CA-->KG,CA-->KG,CA-->KG,CA-->KG,CA-->KG,CA-->KG,CA-->KG,CA-->KG
LA,LAO,Laos,Vientiane,Asia,South-Eastern Asia,,LA-->CA,LA-->CA,LA-->CA,LA-->CA,LA-->CA,LA-->CA,LA-->CA,LA-->CA,LA-->CA,LA-->CA,LA-->CA,LA-->CA,LA-->CA,LA-->CA,LA-->CA,LA-->CA,LA-->CA,LA-->CA,LA-->CA,,,,,,,,,,,,,,,,,CA-->LA,CA-->LA,CA-->LA,CA-->LA,CA-->LA,CA-->LA,CA-->LA,CA-->LA,CA-->LA,CA-->LA,CA-->LA,CA-->LA,CA-->LA,CA-->LA,CA-->LA,CA-->LA,CA-->LA,CA-->LA,CA-->LA
LV,LVA,Latvia,Riga,Europe,Northern Europe,,LV-->CA,LV-->CA,LV-->CA,LV-->CA,LV-->CA,LV-->CA,LV-->CA,LV-->CA,LV-->CA,LV-->CA,LV-->CA,LV-->CA,LV-->CA,LV-->CA,LV-->CA,LV-->CA,LV-->CA,LV-->CA,LV-->CA,,,,,,,,,,,,,,,,,CA-->LV,CA-->LV,CA-->LV,CA-->LV,CA-->LV,CA-->LV,CA-->LV,CA-->LV,CA-->LV,CA-->LV,CA-->LV,CA-->LV,CA-->LV,CA-->LV,CA-->LV,CA-->LV,CA-->LV,CA-->LV,CA-->LV
LB,LBN,Lebanon,Beirut,Asia,Western Asia,,LB-->CA,LB-->CA,LB-->CA,LB-->CA,LB-->CA,LB-->CA,LB-->CA,LB-->CA,LB-->CA,LB-->CA,LB-->CA,LB-->CA,LB-->CA,LB-->CA,LB-->CA,LB-->CA,LB-->CA,LB-->CA,LB-->CA,,,,,,,,,,,,,,,,,CA-->LB,CA-->LB,CA-->LB,CA-->LB,CA-->LB,CA-->LB,CA-->LB,CA-->LB,CA-->LB,CA-->LB,CA-->LB,CA-->LB,CA-->LB,CA-->LB,CA-->LB,CA-->LB,CA-->LB,CA-->LB,CA-->LB
LS,LSO,Lesotho,Maseru,Africa,Southern Africa,,LS-->CA,LS-->CA,LS-->CA,LS-->CA,LS-->CA,LS-->CA,LS-->CA,LS-->CA,LS-->CA,LS-->CA,LS-->CA,LS-->CA,LS-->CA,LS-->CA,LS-->CA,LS-->CA,LS-->CA,LS-->CA,LS-->CA,,,,,,,,,,,,,,,,,CA-->LS,CA-->LS,CA-->LS,CA-->LS,CA-->LS,CA-->LS,CA-->LS,CA-->LS,CA-->LS,CA-->LS,CA-->LS,CA-->LS,CA-->LS,CA-->LS,CA-->LS,CA-->LS,CA-->LS,CA-->LS,CA-->LS
LR,LBR,Liberia,Monrovia,Africa,Western Africa,,LR-->CA,LR-->CA,LR-->CA,LR-->CA,LR-->CA,LR-->CA,LR-->CA,LR-->CA,LR-->CA,LR-->CA,LR-->CA,LR-->CA,LR-->CA,LR-->CA,LR-->CA,LR-->CA,LR-->CA,LR-->CA,LR-->CA,,,,,,,,,,,,,,,,,CA-->LR,CA-->LR,CA-->LR,CA-->LR,CA-->LR,CA-->LR,CA-->LR,CA-->LR,CA-->LR,CA-->LR,CA-->LR,CA-->LR,CA-->LR,CA-->LR,CA-->LR,CA-->LR,CA-->LR,CA-->LR,CA-->LR
LY,LBY,Libya,Tripoli,Africa,Northern Africa,,LY-->CA,LY-->CA,LY-->CA,LY-->CA,LY-->CA,LY-->CA,LY-->CA,LY-->CA,LY-->CA,LY-->CA,LY-->CA,LY-->CA,LY-->CA,LY-->CA,LY-->CA,LY-->CA,LY-->CA,LY-->CA,LY-->CA,,,,,,,,,,,,,,,,,CA-->LY,CA-->LY,CA-->LY,CA-->LY,CA-->LY,CA-->LY,CA-->LY,CA-->LY,CA-->LY,CA-->LY,CA-->LY,CA-->LY,CA-->LY,CA-->LY,CA-->LY,CA-->LY,CA-->LY,CA-->LY,CA-->LY
LI,LIE,Liechtenstein,Vaduz,Europe,Western Europe,,LI-->CA,LI-->CA,LI-->CA,LI-->CA,LI-->CA,LI-->CA,LI-->CA,LI-->CA,LI-->CA,LI-->CA,LI-->CA,LI-->CA,LI-->CA,LI-->CA,LI-->CA,LI-->CA,LI-->CA,LI-->CA,LI-->CA,,,,,,,,,,,,,,,,,CA-->LI,CA-->LI,CA-->LI,CA-->LI,CA-->LI,CA-->LI,CA-->LI,CA-->LI,CA-->LI,CA-->LI,CA-->LI,CA-->LI,CA-->LI,CA-->LI,CA-->LI,CA-->LI,CA-->LI,CA-->LI,CA-->LI
LT,LTU,Lithuania,Vilnius,Europe,Northern Europe,,LT-->CA,LT-->CA,LT-->CA,LT-->CA,LT-->CA,LT-->CA,LT-->CA,LT-->CA,LT-->CA,LT-->CA,LT-->CA,LT-->CA,LT-->CA,LT-->CA,LT-->CA,LT-->CA,LT-->CA,LT-->CA,LT-->CA,,,,,,,,,,,,,,,,,CA-->LT,CA-->LT,CA-->LT,CA-->LT,CA-->LT,CA-->LT,CA-->LT,CA-->LT,CA-->LT,CA-->LT,CA-->LT,CA-->LT,CA-->LT,CA-->LT,CA-->LT,CA-->LT,CA-->LT,CA-->LT,CA-->LT
LU,LUX,Luxembourg,Luxembourg,Europe,Western Europe,,LU-->CA,LU-->CA,LU-->CA,LU-->CA,LU-->CA,LU-->CA,LU-->CA,LU-->CA,LU-->CA,LU-->CA,LU-->CA,LU-->CA,LU-->CA,LU-->CA,LU-->CA,LU-->CA,LU-->CA,LU-->CA,LU-->CA,,,,,,,,,,,,,,,,,CA-->LU,CA-->LU,CA-->LU,CA-->LU,CA-->LU,CA-->LU,CA-->LU,CA-->LU,CA-->LU,CA-->LU,CA-->LU,CA-->LU,CA-->LU,CA-->LU,CA-->LU,CA-->LU,CA-->LU,CA-->LU,CA-->LU
MO,MAC,Macau,,Asia,Eastern Asia,,MO-->CA,MO-->CA,MO-->CA,MO-->CA,MO-->CA,MO-->CA,MO-->CA,MO-->CA,MO-->CA,MO-->CA,MO-->CA,MO-->CA,MO-->CA,MO-->CA,MO-->CA,MO-->CA,MO-->CA,MO-->CA,MO-->CA,,,,,,,,,,,,,,,,,CA-->MO,CA-->MO,CA-->MO,CA-->MO,CA-->MO,CA-->MO,CA-->MO,CA-->MO,CA-->MO,CA-->MO,CA-->MO,CA-->MO,CA-->MO,CA-->MO,CA-->MO,CA-->MO,CA-->MO,CA-->MO,CA-->MO
MK,MKD,Republic of Macedonia,Skopje,Europe,Southern Europe,,MK-->CA,MK-->CA,MK-->CA,MK-->CA,MK-->CA,MK-->CA,MK-->CA,MK-->CA,MK-->CA,MK-->CA,MK-->CA,MK-->CA,MK-->CA,MK-->CA,MK-->CA,MK-->CA,MK-->CA,MK-->CA,MK-->CA,,,,,,,,,,,,,,,,,CA-->MK,CA-->MK,CA-->MK,CA-->MK,CA-->MK,CA-->MK,CA-->MK,CA-->MK,CA-->MK,CA-->MK,CA-->MK,CA-->MK,CA-->MK,CA-->MK,CA-->MK,CA-->MK,CA-->MK,CA-->MK,CA-->MK
MG,MDG,Madagascar,Antananarivo,Africa,Eastern Africa,,MG-->CA,MG-->CA,MG-->CA,MG-->CA,MG-->CA,MG-->CA,MG-->CA,MG-->CA,MG-->CA,MG-->CA,MG-->CA,MG-->CA,MG-->CA,MG-->CA,MG-->CA,MG-->CA,MG-->CA,MG-->CA,MG-->CA,,,,,,,,,,,,,,,,,CA-->MG,CA-->MG,CA-->MG,CA-->MG,CA-->MG,CA-->MG,CA-->MG,CA-->MG,CA-->MG,CA-->MG,CA-->MG,CA-->MG,CA-->MG,CA-->MG,CA-->MG,CA-->MG,CA-->MG,CA-->MG,CA-->MG
MW,MWI,Malawi,Lilongwe,Africa,Eastern Africa,,MW-->CA,MW-->CA,MW-->CA,MW-->CA,MW-->CA,MW-->CA,MW-->CA,MW-->CA,MW-->CA,MW-->CA,MW-->CA,MW-->CA,MW-->CA,MW-->CA,MW-->CA,MW-->CA,MW-->CA,MW-->CA,MW-->CA,,,,,,,,,,,,,,,,,CA-->MW,CA-->MW,CA-->MW,CA-->MW,CA-->MW,CA-->MW,CA-->MW,CA-->MW,CA-->MW,CA-->MW,CA-->MW,CA-->MW,CA-->MW,CA-->MW,CA-->MW,CA-->MW,CA-->MW,CA-->MW,CA-->MW
MY,MYS,Malaysia,Kuala Lumpur,Asia,South-Eastern Asia,,MY-->CA,MY-->CA,MY-->CA,MY-->CA,MY-->CA,MY-->CA,MY-->CA,MY-->CA,MY-->CA,MY-->CA,MY-->CA,MY-->CA,MY-->CA,MY-->CA,MY-->CA,MY-->CA,MY-->CA,MY-->CA,MY-->CA,,,,,,,,,,,,,,,,,CA-->MY,CA-->MY,CA-->MY,CA-->MY,CA-->MY,CA-->MY,CA-->MY,CA-->MY,CA-->MY,CA-->MY,CA-->MY,CA-->MY,CA-->MY,CA-->MY,CA-->MY,CA-->MY,CA-->MY,CA-->MY,CA-->MY
MV,MDV,Maldives,Malé,Asia,Southern Asia,,MV-->CA,MV-->CA,MV-->CA,MV-->CA,MV-->CA,MV-->CA,MV-->CA,MV-->CA,MV-->CA,MV-->CA,MV-->CA,MV-->CA,MV-->CA,MV-->CA,MV-->CA,MV-->CA,MV-->CA,MV-->CA,MV-->CA,,,,,,,,,,,,,,,,,CA-->MV,CA-->MV,CA-->MV,CA-->MV,CA-->MV,CA-->MV,CA-->MV,CA-->MV,CA-->MV,CA-->MV,CA-->MV,CA-->MV,CA-->MV,CA-->MV,CA-->MV,CA-->MV,CA-->MV,CA-->MV,CA-->MV
ML,MLI,Mali,Bamako,Africa,Western Africa,,ML-->CA,ML-->CA,ML-->CA,ML-->CA,ML-->CA,ML-->CA,ML-->CA,ML-->CA,ML-->CA,ML-->CA,ML-->CA,ML-->CA,ML-->CA,ML-->CA,ML-->CA,ML-->CA,ML-->CA,ML-->CA,ML-->CA,,,,,,,,,,,,,,,,,CA-->ML,CA-->ML,CA-->ML,CA-->ML,CA-->ML,CA-->ML,CA-->ML,CA-->ML,CA-->ML,CA-->ML,CA-->ML,CA-->ML,CA-->ML,CA-->ML,CA-->ML,CA-->ML,CA-->ML,CA-->ML,CA-->ML
MT,MLT,Malta,Valletta,Europe,Southern Europe,,MT-->CA,MT-->CA,MT-->CA,MT-->CA,MT-->CA,MT-->CA,MT-->CA,MT-->CA,MT-->CA,MT-->CA,MT-->CA,MT-->CA,MT-->CA,MT-->CA,MT-->CA,MT-->CA,MT-->CA,MT-->CA,MT-->CA,,,,,,,,,,,,,,,,,CA-->MT,CA-->MT,CA-->MT,CA-->MT,CA-->MT,CA-->MT,CA-->MT,CA-->MT,CA-->MT,CA-->MT,CA-->MT,CA-->MT,CA-->MT,CA-->MT,CA-->MT,CA-->MT,CA-->MT,CA-->MT,CA-->MT
MH,MHL,Marshall Islands,Majuro,Oceania,Micronesia,,MH-->CA,MH-->CA,MH-->CA,MH-->CA,MH-->CA,MH-->CA,MH-->CA,MH-->CA,MH-->CA,MH-->CA,MH-->CA,MH-->CA,MH-->CA,MH-->CA,MH-->CA,MH-->CA,MH-->CA,MH-->CA,MH-->CA,,,,,,,,,,,,,,,,,CA-->MH,CA-->MH,CA-->MH,CA-->MH,CA-->MH,CA-->MH,CA-->MH,CA-->MH,CA-->MH,CA-->MH,CA-->MH,CA-->MH,CA-->MH,CA-->MH,CA-->MH,CA-->MH,CA-->MH,CA-->MH,CA-->MH
MQ,MTQ,Martinique,Fort-de-France,Americas,Caribbean,,MQ-->CA,MQ-->CA,MQ-->CA,MQ-->CA,MQ-->CA,MQ-->CA,MQ-->CA,MQ-->CA,MQ-->CA,MQ-->CA,MQ-->CA,MQ-->CA,MQ-->CA,MQ-->CA,MQ-->CA,MQ-->CA,MQ-->CA,MQ-->CA,MQ-->CA,,,,,,,,,,,,,,,,,CA-->MQ,CA-->MQ,CA-->MQ,CA-->MQ,CA-->MQ,CA-->MQ,CA-->MQ,CA-->MQ,CA-->MQ,CA-->MQ,CA-->MQ,CA-->MQ,CA-->MQ,CA-->MQ,CA-->MQ,CA-->MQ,CA-->MQ,CA-->MQ,CA-->MQ
MR,MRT,Mauritania,Nouakchott,Africa,Western Africa,,MR-->CA,MR-->CA,MR-->CA,MR-->CA,MR-->CA,MR-->CA,MR-->CA,MR-->CA,MR-->CA,MR-->CA,MR-->CA,MR-->CA,MR-->CA,MR-->CA,MR-->CA,MR-->CA,MR-->CA,MR-->CA,MR-->CA,0.0,,,,,,,,,,,,,,,,CA-->MR,CA-->MR,CA-->MR,CA-->MR,CA-->MR,CA-->MR,CA-->MR,CA-->MR,CA-->MR,CA-->MR,CA-->MR,CA-->MR,CA-->MR,CA-->MR,CA-->MR,CA-->MR,CA-->MR,CA-->MR,CA-->MR
MU,MUS,Mauritius,Port Louis,Africa,Eastern Africa,,MU-->CA,MU-->CA,MU-->CA,MU-->CA,MU-->CA,MU-->CA,MU-->CA,MU-->CA,MU-->CA,MU-->CA,MU-->CA,MU-->CA,MU-->CA,MU-->CA,MU-->CA,MU-->CA,MU-->CA,MU-->CA,MU-->CA,,,,,,,,,,,,,,,,,CA-->MU,CA-->MU,CA-->MU,CA-->MU,CA-->MU,CA-->MU,CA-->MU,CA-->MU,CA-->MU,CA-->MU,CA-->MU,CA-->MU,CA-->MU,CA-->MU,CA-->MU,CA-->MU,CA-->MU,CA-->MU,CA-->MU
YT,MYT,Mayotte,Mamoudzou,Africa,Eastern Africa,,YT-->CA,YT-->CA,YT-->CA,YT-->CA,YT-->CA,YT-->CA,YT-->CA,YT-->CA,YT-->CA,YT-->CA,YT-->CA,YT-->CA,YT-->CA,YT-->CA,YT-->CA,YT-->CA,YT-->CA,YT-->CA,YT-->CA,,,,,,,,,,,,,,,,,CA-->YT,CA-->YT,CA-->YT,CA-->YT,CA-->YT,CA-->YT,CA-->YT,CA-->YT,CA-->YT,CA-->YT,CA-->YT,CA-->YT,CA-->YT,CA-->YT,CA-->YT,CA-->YT,CA-->YT,CA-->YT,CA-->YT
MX,MEX,Mexico,Mexico City,Americas,Central America,,MX-->CA,MX-->CA,MX-->CA,MX-->CA,MX-->CA,MX-->CA,MX-->CA,MX-->CA,MX-->CA,MX-->CA,MX-->CA,MX-->CA,MX-->CA,MX-->CA,MX-->CA,MX-->CA,MX-->CA,MX-->CA,MX-->CA,,,,,,,,,,,,,,,,,CA-->MX,CA-->MX,CA-->MX,CA-->MX,CA-->MX,CA-->MX,CA-->MX,CA-->MX,CA-->MX,CA-->MX,CA-->MX,CA-->MX,CA-->MX,CA-->MX,CA-->MX,CA-->MX,CA-->MX,CA-->MX,CA-->MX
FM,FSM,Federated States of Micronesia,Palikir,Oceania,Micronesia,,FM-->CA,FM-->CA,FM-->CA,FM-->CA,FM-->CA,FM-->CA,FM-->CA,FM-->CA,FM-->CA,FM-->CA,FM-->CA,FM-->CA,FM-->CA,FM-->CA,FM-->CA,FM-->CA,FM-->CA,FM-->CA,FM-->CA,,,,,,,,,,,,,,,,,CA-->FM,CA-->FM,CA-->FM,CA-->FM,CA-->FM,CA-->FM,CA-->FM,CA-->FM,CA-->FM,CA-->FM,CA-->FM,CA-->FM,CA-->FM,CA-->FM,CA-->FM,CA-->FM,CA-->FM,CA-->FM,CA-->FM
MD,MDA,Moldova,Chișinău,Europe,Eastern Europe,,MD-->CA,MD-->CA,MD-->CA,MD-->CA,MD-->CA,MD-->CA,MD-->CA,MD-->CA,MD-->CA,MD-->CA,MD-->CA,MD-->CA,MD-->CA,MD-->CA,MD-->CA,MD-->CA,MD-->CA,MD-->CA,MD-->CA,,,,,,,,,,,,,,,,,CA-->MD,CA-->MD,CA-->MD,CA-->MD,CA-->MD,CA-->MD,CA-->MD,CA-->MD,CA-->MD,CA-->MD,CA-->MD,CA-->MD,CA-->MD,CA-->MD,CA-->MD,CA-->MD,CA-->MD,CA-->MD,CA-->MD
MC,MCO,Monaco,Monaco,Europe,Western Europe,,MC-->CA,MC-->CA,MC-->CA,MC-->CA,MC-->CA,MC-->CA,MC-->CA,MC-->CA,MC-->CA,MC-->CA,MC-->CA,MC-->CA,MC-->CA,MC-->CA,MC-->CA,MC-->CA,MC-->CA,MC-->CA,MC-->CA,,,,,,,,,,,,,,,,,CA-->MC,CA-->MC,CA-->MC,CA-->MC,CA-->MC,CA-->MC,CA-->MC,CA-->MC,CA-->MC,CA-->MC,CA-->MC,CA-->MC,CA-->MC,CA-->MC,CA-->MC,CA-->MC,CA-->MC,CA-->MC,CA-->MC
MN,MNG,Mongolia,Ulan Bator,Asia,Eastern Asia,,MN-->CA,MN-->CA,MN-->CA,MN-->CA,MN-->CA,MN-->CA,MN-->CA,MN-->CA,MN-->CA,MN-->CA,MN-->CA,MN-->CA,MN-->CA,MN-->CA,MN-->CA,MN-->CA,MN-->CA,MN-->CA,MN-->CA,,,,,,,,,,,,,,,,,CA-->MN,CA-->MN,CA-->MN,CA-->MN,CA-->MN,CA-->MN,CA-->MN,CA-->MN,CA-->MN,CA-->MN,CA-->MN,CA-->MN,CA-->MN,CA-->MN,CA-->MN,CA-->MN,CA-->MN,CA-->MN,CA-->MN
ME,MNE,Montenegro,Podgorica,Europe,Southern Europe,,ME-->CA,ME-->CA,ME-->CA,ME-->CA,ME-->CA,ME-->CA,ME-->CA,ME-->CA,ME-->CA,ME-->CA,ME-->CA,ME-->CA,ME-->CA,ME-->CA,ME-->CA,ME-->CA,ME-->CA,ME-->CA,ME-->CA,,,,,,,,,,,,,,,,,CA-->ME,CA-->ME,CA-->ME,CA-->ME,CA-->ME,CA-->ME,CA-->ME,CA-->ME,CA-->ME,CA-->ME,CA-->ME,CA-->ME,CA-->ME,CA-->ME,CA-->ME,CA-->ME,CA-->ME,CA-->ME,CA-->ME
MS,MSR,Montserrat,Plymouth,Americas,Caribbean,,MS-->CA,MS-->CA,MS-->CA,MS-->CA,MS-->CA,MS-->CA,MS-->CA,MS-->CA,MS-->CA,MS-->CA,MS-->CA,MS-->CA,MS-->CA,MS-->CA,MS-->CA,MS-->CA,MS-->CA,MS-->CA,MS-->CA,,,,,,,,,,,,,,,,,CA-->MS,CA-->MS,CA-->MS,CA-->MS,CA-->MS,CA-->MS,CA-->MS,CA-->MS,CA-->MS,CA-->MS,CA-->MS,CA-->MS,CA-->MS,CA-->MS,CA-->MS,CA-->MS,CA-->MS,CA-->MS,CA-->MS
MA,MAR,Morocco,Rabat,Africa,Northern Africa,,MA-->CA,MA-->CA,MA-->CA,MA-->CA,MA-->CA,MA-->CA,MA-->CA,MA-->CA,MA-->CA,MA-->CA,MA-->CA,MA-->CA,MA-->CA,MA-->CA,MA-->CA,MA-->CA,MA-->CA,MA-->CA,MA-->CA,,,,,,,,,,,,,,,,,CA-->MA,CA-->MA,CA-->MA,CA-->MA,CA-->MA,CA-->MA,CA-->MA,CA-->MA,CA-->MA,CA-->MA,CA-->MA,CA-->MA,CA-->MA,CA-->MA,CA-->MA,CA-->MA,CA-->MA,CA-->MA,CA-->MA
MZ,MOZ,Mozambique,Maputo,Africa,Eastern Africa,,MZ-->CA,MZ-->CA,MZ-->CA,MZ-->CA,MZ-->CA,MZ-->CA,MZ-->CA,MZ-->CA,MZ-->CA,MZ-->CA,MZ-->CA,MZ-->CA,MZ-->CA,MZ-->CA,MZ-->CA,MZ-->CA,MZ-->CA,MZ-->CA,MZ-->CA,,,,,,,,,,,,,,,,,CA-->MZ,CA-->MZ,CA-->MZ,CA-->MZ,CA-->MZ,CA-->MZ,CA-->MZ,CA-->MZ,CA-->MZ,CA-->MZ,CA-->MZ,CA-->MZ,CA-->MZ,CA-->MZ,CA-->MZ,CA-->MZ,CA-->MZ,CA-->MZ,CA-->MZ
MM,MMR,Myanmar,Naypyidaw,Asia,South-Eastern Asia,,MM-->CA,MM-->CA,MM-->CA,MM-->CA,MM-->CA,MM-->CA,MM-->CA,MM-->CA,MM-->CA,MM-->CA,MM-->CA,MM-->CA,MM-->CA,MM-->CA,MM-->CA,MM-->CA,MM-->CA,MM-->CA,MM-->CA,,,,,,,,,,,,,,,,,CA-->MM,CA-->MM,CA-->MM,CA-->MM,CA-->MM,CA-->MM,CA-->MM,CA-->MM,CA-->MM,CA-->MM,CA-->MM,CA-->MM,CA-->MM,CA-->MM,CA-->MM,CA-->MM,CA-->MM,CA-->MM,CA-->MM
,NAM,Namibia,Windhoek,Africa,Southern Africa,,NA-->CA,NA-->CA,NA-->CA,NA-->CA,NA-->CA,NA-->CA,NA-->CA,NA-->CA,NA-->CA,NA-->CA,NA-->CA,NA-->CA,NA-->CA,NA-->CA,NA-->CA,NA-->CA,NA-->CA,NA-->CA,NA-->CA,,,,,,,,,,,,,,,,,CA-->NA,CA-->NA,CA-->NA,CA-->NA,CA-->NA,CA-->NA,CA-->NA,CA-->NA,CA-->NA,CA-->NA,CA-->NA,CA-->NA,CA-->NA,CA-->NA,CA-->NA,CA-->NA,CA-->NA,CA-->NA,CA-->NA
NR,NRU,Nauru,Yaren,Oceania,Micronesia,,NR-->CA,NR-->CA,NR-->CA,NR-->CA,NR-->CA,NR-->CA,NR-->CA,NR-->CA,NR-->CA,NR-->CA,NR-->CA,NR-->CA,NR-->CA,NR-->CA,NR-->CA,NR-->CA,NR-->CA,NR-->CA,NR-->CA,,,,,,,,,,,,,,,,,CA-->NR,CA-->NR,CA-->NR,CA-->NR,CA-->NR,CA-->NR,CA-->NR,CA-->NR,CA-->NR,CA-->NR,CA-->NR,CA-->NR,CA-->NR,CA-->NR,CA-->NR,CA-->NR,CA-->NR,CA-->NR,CA-->NR
NP,NPL,Nepal,Kathmandu,Asia,Southern Asia,,NP-->CA,NP-->CA,NP-->CA,NP-->CA,NP-->CA,NP-->CA,NP-->CA,NP-->CA,NP-->CA,NP-->CA,NP-->CA,NP-->CA,NP-->CA,NP-->CA,NP-->CA,NP-->CA,NP-->CA,NP-->CA,NP-->CA,,,,,,,,,,,,,,,,,CA-->NP,CA-->NP,CA-->NP,CA-->NP,CA-->NP,CA-->NP,CA-->NP,CA-->NP,CA-->NP,CA-->NP,CA-->NP,CA-->NP,CA-->NP,CA-->NP,CA-->NP,CA-->NP,CA-->NP,CA-->NP,CA-->NP
NL,NLD,Netherlands,Amsterdam,Europe,Western Europe,,NL-->CA,NL-->CA,NL-->CA,NL-->CA,NL-->CA,NL-->CA,NL-->CA,NL-->CA,NL-->CA,NL-->CA,NL-->CA,NL-->CA,NL-->CA,NL-->CA,NL-->CA,NL-->CA,NL-->CA,NL-->CA,NL-->CA,,,,,,,,,,,,,,,,,CA-->NL,CA-->NL,CA-->NL,CA-->NL,CA-->NL,CA-->NL,CA-->NL,CA-->NL,CA-->NL,CA-->NL,CA-->NL,CA-->NL,CA-->NL,CA-->NL,CA-->NL,CA-->NL,CA-->NL,CA-->NL,CA-->NL
NC,NCL,New Caledonia,Nouméa,Oceania,Melanesia,,NC-->CA,NC-->CA,NC-->CA,NC-->CA,NC-->CA,NC-->CA,NC-->CA,NC-->CA,NC-->CA,NC-->CA,NC-->CA,NC-->CA,NC-->CA,NC-->CA,NC-->CA,NC-->CA,NC-->CA,NC-->CA,NC-->CA,,,,,,,,,,,,,,,,,CA-->NC,CA-->NC,CA-->NC,CA-->NC,CA-->NC,CA-->NC,CA-->NC,CA-->NC,CA-->NC,CA-->NC,CA-->NC,CA-->NC,CA-->NC,CA-->NC,CA-->NC,CA-->NC,CA-->NC,CA-->NC,CA-->NC
NZ,NZL,New Zealand,Wellington,Oceania,Australia and New Zealand,,NZ-->CA,NZ-->CA,NZ-->CA,NZ-->CA,NZ-->CA,NZ-->CA,NZ-->CA,NZ-->CA,NZ-->CA,NZ-->CA,NZ-->CA,NZ-->CA,NZ-->CA,NZ-->CA,NZ-->CA,NZ-->CA,NZ-->CA,NZ-->CA,NZ-->CA,,,,,,,,,,,,,,,,,CA-->NZ,CA-->NZ,CA-->NZ,CA-->NZ,CA-->NZ,CA-->NZ,CA-->NZ,CA-->NZ,CA-->NZ,CA-->NZ,CA-->NZ,CA-->NZ,CA-->NZ,CA-->NZ,CA-->NZ,CA-->NZ,CA-->NZ,CA-->NZ,CA-->NZ
NI,NIC,Nicaragua,Managua,Americas,Central America,,NI-->CA,NI-->CA,NI-->CA,NI-->CA,NI-->CA,NI-->CA,NI-->CA,NI-->CA,NI-->CA,NI-->CA,NI-->CA,NI-->CA,NI-->CA,NI-->CA,NI-->CA,NI-->CA,NI-->CA,NI-->CA,NI-->CA,,,,,,,,,,,,,,,,,CA-->NI,CA-->NI,CA-->NI,CA-->NI,CA-->NI,CA-->NI,CA-->NI,CA-->NI,CA-->NI,CA-->NI,CA-->NI,CA-->NI,CA-->NI,CA-->NI,CA-->NI,CA-->NI,CA-->NI,CA-->NI,CA-->NI
NE,NER,Niger,Niamey,Africa,Western Africa,,NE-->CA,NE-->CA,NE-->CA,NE-->CA,NE-->CA,NE-->CA,NE-->CA,NE-->CA,NE-->CA,NE-->CA,NE-->CA,NE-->CA,NE-->CA,NE-->CA,NE-->CA,NE-->CA,NE-->CA,NE-->CA,NE-->CA,,,,,,,,,,,,,,,,,CA-->NE,CA-->NE,CA-->NE,CA-->NE,CA-->NE,CA-->NE,CA-->NE,CA-->NE,CA-->NE,CA-->NE,CA-->NE,CA-->NE,CA-->NE,CA-->NE,CA-->NE,CA-->NE,CA-->NE,CA-->NE,CA-->NE
NG,NGA,Nigeria,Abuja,Africa,Western Africa,,NG-->CA,NG-->CA,NG-->CA,NG-->CA,NG-->CA,NG-->CA,NG-->CA,NG-->CA,NG-->CA,NG-->CA,NG-->CA,NG-->CA,NG-->CA,NG-->CA,NG-->CA,NG-->CA,NG-->CA,NG-->CA,NG-->CA,,,,,,,,,,,,,,,,,CA-->NG,CA-->NG,CA-->NG,CA-->NG,CA-->NG,CA-->NG,CA-->NG,CA-->NG,CA-->NG,CA-->NG,CA-->NG,CA-->NG,CA-->NG,CA-->NG,CA-->NG,CA-->NG,CA-->NG,CA-->NG,CA-->NG
NU,NIU,Niue,Alofi,Oceania,Polynesia,,NU-->CA,NU-->CA,NU-->CA,NU-->CA,NU-->CA,NU-->CA,NU-->CA,NU-->CA,NU-->CA,NU-->CA,NU-->CA,NU-->CA,NU-->CA,NU-->CA,NU-->CA,NU-->CA,NU-->CA,NU-->CA,NU-->CA,,,,,,,,,,,,,,,,,CA-->NU,CA-->NU,CA-->NU,CA-->NU,CA-->NU,CA-->NU,CA-->NU,CA-->NU,CA-->NU,CA-->NU,CA-->NU,CA-->NU,CA-->NU,CA-->NU,CA-->NU,CA-->NU,CA-->NU,CA-->NU,CA-->NU
NF,NFK,Norfolk Island,Kingston,Oceania,Australia and New Zealand,,NF-->CA,NF-->CA,NF-->CA,NF-->CA,NF-->CA,NF-->CA,NF-->CA,NF-->CA,NF-->CA,NF-->CA,NF-->CA,NF-->CA,NF-->CA,NF-->CA,NF-->CA,NF-->CA,NF-->CA,NF-->CA,NF-->CA,,,,,,,,,,,,,,,,,CA-->NF,CA-->NF,CA-->NF,CA-->NF,CA-->NF,CA-->NF,CA-->NF,CA-->NF,CA-->NF,CA-->NF,CA-->NF,CA-->NF,CA-->NF,CA-->NF,CA-->NF,CA-->NF,CA-->NF,CA-->NF,CA-->NF
KP,PRK,North Korea,Pyongyang,Asia,Eastern Asia,,KP-->CA,KP-->CA,KP-->CA,KP-->CA,KP-->CA,KP-->CA,KP-->CA,KP-->CA,KP-->CA,KP-->CA,KP-->CA,KP-->CA,KP-->CA,KP-->CA,KP-->CA,KP-->CA,KP-->CA,KP-->CA,KP-->CA,,,,,,,,,,,,,,,,,CA-->KP,CA-->KP,CA-->KP,CA-->KP,CA-->KP,CA-->KP,CA-->KP,CA-->KP,CA-->KP,CA-->KP,CA-->KP,CA-->KP,CA-->KP,CA-->KP,CA-->KP,CA-->KP,CA-->KP,CA-->KP,CA-->KP
MP,MNP,Northern Mariana Islands,Saipan,Oceania,Micronesia,,MP-->CA,MP-->CA,MP-->CA,MP-->CA,MP-->CA,MP-->CA,MP-->CA,MP-->CA,MP-->CA,MP-->CA,MP-->CA,MP-->CA,MP-->CA,MP-->CA,MP-->CA,MP-->CA,MP-->CA,MP-->CA,MP-->CA,,,,,,,,,,,,,,,,,CA-->MP,CA-->MP,CA-->MP,CA-->MP,CA-->MP,CA-->MP,CA-->MP,CA-->MP,CA-->MP,CA-->MP,CA-->MP,CA-->MP,CA-->MP,CA-->MP,CA-->MP,CA-->MP,CA-->MP,CA-->MP,CA-->MP
NO,NOR,Norway,Oslo,Europe,Northern Europe,,NO-->CA,NO-->CA,NO-->CA,NO-->CA,NO-->CA,NO-->CA,NO-->CA,NO-->CA,NO-->CA,NO-->CA,NO-->CA,NO-->CA,NO-->CA,NO-->CA,NO-->CA,NO-->CA,NO-->CA,NO-->CA,NO-->CA,,,,,,,,,,,,,,,,,CA-->NO,CA-->NO,CA-->NO,CA-->NO,CA-->NO,CA-->NO,CA-->NO,CA-->NO,CA-->NO,CA-->NO,CA-->NO,CA-->NO,CA-->NO,CA-->NO,CA-->NO,CA-->NO,CA-->NO,CA-->NO,CA-->NO
OM,OMN,Oman,Muscat,Asia,Western Asia,,OM-->CA,OM-->CA,OM-->CA,OM-->CA,OM-->CA,OM-->CA,OM-->CA,OM-->CA,OM-->CA,OM-->CA,OM-->CA,OM-->CA,OM-->CA,OM-->CA,OM-->CA,OM-->CA,OM-->CA,OM-->CA,OM-->CA,,,,,,,,,,,,,,,,,CA-->OM,CA-->OM,CA-->OM,CA-->OM,CA-->OM,CA-->OM,CA-->OM,CA-->OM,CA-->OM,CA-->OM,CA-->OM,CA-->OM,CA-->OM,CA-->OM,CA-->OM,CA-->OM,CA-->OM,CA-->OM,CA-->OM
PK,PAK,Pakistan,Islamabad,Asia,Southern Asia,,PK-->CA,PK-->CA,PK-->CA,PK-->CA,PK-->CA,PK-->CA,PK-->CA,PK-->CA,PK-->CA,PK-->CA,PK-->CA,PK-->CA,PK-->CA,PK-->CA,PK-->CA,PK-->CA,PK-->CA,PK-->CA,PK-->CA,,,,,,,,,,,,,,,,,CA-->PK,CA-->PK,CA-->PK,CA-->PK,CA-->PK,CA-->PK,CA-->PK,CA-->PK,CA-->PK,CA-->PK,CA-->PK,CA-->PK,CA-->PK,CA-->PK,CA-->PK,CA-->PK,CA-->PK,CA-->PK,CA-->PK
PW,PLW,Palau,Ngerulmud,Oceania,Micronesia,,PW-->CA,PW-->CA,PW-->CA,PW-->CA,PW-->CA,PW-->CA,PW-->CA,PW-->CA,PW-->CA,PW-->CA,PW-->CA,PW-->CA,PW-->CA,PW-->CA,PW-->CA,PW-->CA,PW-->CA,PW-->CA,PW-->CA,,,,,,,,,,,,,,,,,CA-->PW,CA-->PW,CA-->PW,CA-->PW,CA-->PW,CA-->PW,CA-->PW,CA-->PW,CA-->PW,CA-->PW,CA-->PW,CA-->PW,CA-->PW,CA-->PW,CA-->PW,CA-->PW,CA-->PW,CA-->PW,CA-->PW
PS,PSE,Palestine,Ramallah,Asia,Western Asia,,PS-->CA,PS-->CA,PS-->CA,PS-->CA,PS-->CA,PS-->CA,PS-->CA,PS-->CA,PS-->CA,PS-->CA,PS-->CA,PS-->CA,PS-->CA,PS-->CA,PS-->CA,PS-->CA,PS-->CA,PS-->CA,PS-->CA,,,,,,,,,,,,,,,,,CA-->PS,CA-->PS,CA-->PS,CA-->PS,CA-->PS,CA-->PS,CA-->PS,CA-->PS,CA-->PS,CA-->PS,CA-->PS,CA-->PS,CA-->PS,CA-->PS,CA-->PS,CA-->PS,CA-->PS,CA-->PS,CA-->PS
PA,PAN,Panama,Panama City,Americas,Central America,,PA-->CA,PA-->CA,PA-->CA,PA-->CA,PA-->CA,PA-->CA,PA-->CA,PA-->CA,PA-->CA,PA-->CA,PA-->CA,PA-->CA,PA-->CA,PA-->CA,PA-->CA,PA-->CA,PA-->CA,PA-->CA,PA-->CA,,,,,,,,,,,,,,,,,CA-->PA,CA-->PA,CA-->PA,CA-->PA,CA-->PA,CA-->PA,CA-->PA,CA-->PA,CA-->PA,CA-->PA,CA-->PA,CA-->PA,CA-->PA,CA-->PA,CA-->PA,CA-->PA,CA-->PA,CA-->PA,CA-->PA
PG,PNG,Papua New Guinea,Port Moresby,Oceania,Melanesia,,PG-->CA,PG-->CA,PG-->CA,PG-->CA,PG-->CA,PG-->CA,PG-->CA,PG-->CA,PG-->CA,PG-->CA,PG-->CA,PG-->CA,PG-->CA,PG-->CA,PG-->CA,PG-->CA,PG-->CA,PG-->CA,PG-->CA,,,,,,,,,,,,,,,,,CA-->PG,CA-->PG,CA-->PG,CA-->PG,CA-->PG,CA-->PG,CA-->PG,CA-->PG,CA-->PG,CA-->PG,CA-->PG,CA-->PG,CA-->PG,CA-->PG,CA-->PG,CA-->PG,CA-->PG,CA-->PG,CA-->PG
PY,PRY,Paraguay,Asunción,Americas,South America,,PY-->CA,PY-->CA,PY-->CA,PY-->CA,PY-->CA,PY-->CA,PY-->CA,PY-->CA,PY-->CA,PY-->CA,PY-->CA,PY-->CA,PY-->CA,PY-->CA,PY-->CA,PY-->CA,PY-->CA,PY-->CA,PY-->CA,,,,,,,,,,,,,,,,,CA-->PY,CA-->PY,CA-->PY,CA-->PY,CA-->PY,CA-->PY,CA-->PY,CA-->PY,CA-->PY,CA-->PY,CA-->PY,CA-->PY,CA-->PY,CA-->PY,CA-->PY,CA-->PY,CA-->PY,CA-->PY,CA-->PY
PE,PER,Peru,Lima,Americas,South America,,PE-->CA,PE-->CA,PE-->CA,PE-->CA,PE-->CA,PE-->CA,PE-->CA,PE-->CA,PE-->CA,PE-->CA,PE-->CA,PE-->CA,PE-->CA,PE-->CA,PE-->CA,PE-->CA,PE-->CA,PE-->CA,PE-->CA,,,,,,,,,,,,,,,,,CA-->PE,CA-->PE,CA-->PE,CA-->PE,CA-->PE,CA-->PE,CA-->PE,CA-->PE,CA-->PE,CA-->PE,CA-->PE,CA-->PE,CA-->PE,CA-->PE,CA-->PE,CA-->PE,CA-->PE,CA-->PE,CA-->PE
PH,PHL,Philippines,Manila,Asia,South-Eastern Asia,,PH-->CA,PH-->CA,PH-->CA,PH-->CA,PH-->CA,PH-->CA,PH-->CA,PH-->CA,PH-->CA,PH-->CA,PH-->CA,PH-->CA,PH-->CA,PH-->CA,PH-->CA,PH-->CA,PH-->CA,PH-->CA,PH-->CA,,,,,,,,,,,,,,,,,CA-->PH,CA-->PH,CA-->PH,CA-->PH,CA-->PH,CA-->PH,CA-->PH,CA-->PH,CA-->PH,CA-->PH,CA-->PH,CA-->PH,CA-->PH,CA-->PH,CA-->PH,CA-->PH,CA-->PH,CA-->PH,CA-->PH
PN,PCN,Pitcairn Islands,Adamstown,Oceania,Polynesia,,PN-->CA,PN-->CA,PN-->CA,PN-->CA,PN-->CA,PN-->CA,PN-->CA,PN-->CA,PN-->CA,PN-->CA,PN-->CA,PN-->CA,PN-->CA,PN-->CA,PN-->CA,PN-->CA,PN-->CA,PN-->CA,PN-->CA,,,,,,,,,,,,,,,,,CA-->PN,CA-->PN,CA-->PN,CA-->PN,CA-->PN,CA-->PN,CA-->PN,CA-->PN,CA-->PN,CA-->PN,CA-->PN,CA-->PN,CA-->PN,CA-->PN,CA-->PN,CA-->PN,CA-->PN,CA-->PN,CA-->PN
PL,POL,Poland,Warsaw,Europe,Eastern Europe,,PL-->CA,PL-->CA,PL-->CA,PL-->CA,PL-->CA,PL-->CA,PL-->CA,PL-->CA,PL-->CA,PL-->CA,PL-->CA,PL-->CA,PL-->CA,PL-->CA,PL-->CA,PL-->CA,PL-->CA,PL-->CA,PL-->CA,,,,,,,,,,,,,,,,,CA-->PL,CA-->PL,CA-->PL,CA-->PL,CA-->PL,CA-->PL,CA-->PL,CA-->PL,CA-->PL,CA-->PL,CA-->PL,CA-->PL,CA-->PL,CA-->PL,CA-->PL,CA-->PL,CA-->PL,CA-->PL,CA-->PL
PT,PRT,Portugal,Lisbon,Europe,Southern Europe,,PT-->CA,PT-->CA,PT-->CA,PT-->CA,PT-->CA,PT-->CA,PT-->CA,PT-->CA,PT-->CA,PT-->CA,PT-->CA,PT-->CA,PT-->CA,PT-->CA,PT-->CA,PT-->CA,PT-->CA,PT-->CA,PT-->CA,,,,,,,,,,,,,,,,,CA-->PT,CA-->PT,CA-->PT,CA-->PT,CA-->PT,CA-->PT,CA-->PT,CA-->PT,CA-->PT,CA-->PT,CA-->PT,CA-->PT,CA-->PT,CA-->PT,CA-->PT,CA-->PT,CA-->PT,CA-->PT,CA-->PT
PR,PRI,Puerto Rico,San Juan,Americas,Caribbean,,PR-->CA,PR-->CA,PR-->CA,PR-->CA,PR-->CA,PR-->CA,PR-->CA,PR-->CA,PR-->CA,PR-->CA,PR-->CA,PR-->CA,PR-->CA,PR-->CA,PR-->CA,PR-->CA,PR-->CA,PR-->CA,PR-->CA,,,,,,,,,,,,,,,,,CA-->PR,CA-->PR,CA-->PR,CA-->PR,CA-->PR,CA-->PR,CA-->PR,CA-->PR,CA-->PR,CA-->PR,CA-->PR,CA-->PR,CA-->PR,CA-->PR,CA-->PR,CA-->PR,CA-->PR,CA-->PR,CA-->PR
QA,QAT,Qatar,Doha,Asia,Western Asia,,QA-->CA,QA-->CA,QA-->CA,QA-->CA,QA-->CA,QA-->CA,QA-->CA,QA-->CA,QA-->CA,QA-->CA,QA-->CA,QA-->CA,QA-->CA,QA-->CA,QA-->CA,QA-->CA,QA-->CA,QA-->CA,QA-->CA,,,,,,,,,,,,,,,,,CA-->QA,CA-->QA,CA-->QA,CA-->QA,CA-->QA,CA-->QA,CA-->QA,CA-->QA,CA-->QA,CA-->QA,CA-->QA,CA-->QA,CA-->QA,CA-->QA,CA-->QA,CA-->QA,CA-->QA,CA-->QA,CA-->QA
XK,KOS,Republic of Kosovo,Pristina,Europe,Eastern Europe,,XK-->CA,XK-->CA,XK-->CA,XK-->CA,XK-->CA,XK-->CA,XK-->CA,XK-->CA,XK-->CA,XK-->CA,XK-->CA,XK-->CA,XK-->CA,XK-->CA,XK-->CA,XK-->CA,XK-->CA,XK-->CA,XK-->CA,,,,,,,,,,,,,,,,,CA-->XK,CA-->XK,CA-->XK,CA-->XK,CA-->XK,CA-->XK,CA-->XK,CA-->XK,CA-->XK,CA-->XK,CA-->XK,CA-->XK,CA-->XK,CA-->XK,CA-->XK,CA-->XK,CA-->XK,CA-->XK,CA-->XK
RE,REU,Réunion,Saint-Denis,Africa,Eastern Africa,,RE-->CA,RE-->CA,RE-->CA,RE-->CA,RE-->CA,RE-->CA,RE-->CA,RE-->CA,RE-->CA,RE-->CA,RE-->CA,RE-->CA,RE-->CA,RE-->CA,RE-->CA,RE-->CA,RE-->CA,RE-->CA,RE-->CA,,,,,,,,,,,,,,,,,CA-->RE,CA-->RE,CA-->RE,CA-->RE,CA-->RE,CA-->RE,CA-->RE,CA-->RE,CA-->RE,CA-->RE,CA-->RE,CA-->RE,CA-->RE,CA-->RE,CA-->RE,CA-->RE,CA-->RE,CA-->RE,CA-->RE
RO,ROU,Romania,Bucharest,Europe,Eastern Europe,,RO-->CA,RO-->CA,RO-->CA,RO-->CA,RO-->CA,RO-->CA,RO-->CA,RO-->CA,RO-->CA,RO-->CA,RO-->CA,RO-->CA,RO-->CA,RO-->CA,RO-->CA,RO-->CA,RO-->CA,RO-->CA,RO-->CA,,,,,,,,,,,,,,,,,CA-->RO,CA-->RO,CA-->RO,CA-->RO,CA-->RO,CA-->RO,CA-->RO,CA-->RO,CA-->RO,CA-->RO,CA-->RO,CA-->RO,CA-->RO,CA-->RO,CA-->RO,CA-->RO,CA-->RO,CA-->RO,CA-->RO
RU,RUS,Russia,Moscow,Europe,Eastern Europe,,RU-->CA,RU-->CA,RU-->CA,RU-->CA,RU-->CA,RU-->CA,RU-->CA,RU-->CA,RU-->CA,RU-->CA,RU-->CA,RU-->CA,RU-->CA,RU-->CA,RU-->CA,RU-->CA,RU-->CA,RU-->CA,RU-->CA,,,,,,,,,,,,,,,,,CA-->RU,CA-->RU,CA-->RU,CA-->RU,CA-->RU,CA-->RU,CA-->RU,CA-->RU,CA-->RU,CA-->RU,CA-->RU,CA-->RU,CA-->RU,CA-->RU,CA-->RU,CA-->RU,CA-->RU,CA-->RU,CA-->RU
RW,RWA,Rwanda,Kigali,Africa,Eastern Africa,,RW-->CA,RW-->CA,RW-->CA,RW-->CA,RW-->CA,RW-->CA,RW-->CA,RW-->CA,RW-->CA,RW-->CA,RW-->CA,RW-->CA,RW-->CA,RW-->CA,RW-->CA,RW-->CA,RW-->CA,RW-->CA,RW-->CA,,,,,,,,,,,,,,,,,CA-->RW,CA-->RW,CA-->RW,CA-->RW,CA-->RW,CA-->RW,CA-->RW,CA-->RW,CA-->RW,CA-->RW,CA-->RW,CA-->RW,CA-->RW,CA-->RW,CA-->RW,CA-->RW,CA-->RW,CA-->RW,CA-->RW
BL,BLM,Saint Barthélemy,Gustavia,Americas,Caribbean,,BL-->CA,BL-->CA,BL-->CA,BL-->CA,BL-->CA,BL-->CA,BL-->CA,BL-->CA,BL-->CA,BL-->CA,BL-->CA,BL-->CA,BL-->CA,BL-->CA,BL-->CA,BL-->CA,BL-->CA,BL-->CA,BL-->CA,,,,,,,,,,,,,,,,,CA-->BL,CA-->BL,CA-->BL,CA-->BL,CA-->BL,CA-->BL,CA-->BL,CA-->BL,CA-->BL,CA-->BL,CA-->BL,CA-->BL,CA-->BL,CA-->BL,CA-->BL,CA-->BL,CA-->BL,CA-->BL,CA-->BL
SH,SHN,Saint Helena,Jamestown,Africa,Western Africa,,SH-->CA,SH-->CA,SH-->CA,SH-->CA,SH-->CA,SH-->CA,SH-->CA,SH-->CA,SH-->CA,SH-->CA,SH-->CA,SH-->CA,SH-->CA,SH-->CA,SH-->CA,SH-->CA,SH-->CA,SH-->CA,SH-->CA,,,,,,,,,,,,,,,,,CA-->SH,CA-->SH,CA-->SH,CA-->SH,CA-->SH,CA-->SH,CA-->SH,CA-->SH,CA-->SH,CA-->SH,CA-->SH,CA-->SH,CA-->SH,CA-->SH,CA-->SH,CA-->SH,CA-->SH,CA-->SH,CA-->SH
KN,KNA,Saint Kitts and Nevis,Basseterre,Americas,Caribbean,,KN-->CA,KN-->CA,KN-->CA,KN-->CA,KN-->CA,KN-->CA,KN-->CA,KN-->CA,KN-->CA,KN-->CA,KN-->CA,KN-->CA,KN-->CA,KN-->CA,KN-->CA,KN-->CA,KN-->CA,KN-->CA,KN-->CA,,,,,,,,,,,,,,,,,CA-->KN,CA-->KN,CA-->KN,CA-->KN,CA-->KN,CA-->KN,CA-->KN,CA-->KN,CA-->KN,CA-->KN,CA-->KN,CA-->KN,CA-->KN,CA-->KN,CA-->KN,CA-->KN,CA-->KN,CA-->KN,CA-->KN
LC,LCA,Saint Lucia,Castries,Americas,Caribbean,,LC-->CA,LC-->CA,LC-->CA,LC-->CA,LC-->CA,LC-->CA,LC-->CA,LC-->CA,LC-->CA,LC-->CA,LC-->CA,LC-->CA,LC-->CA,LC-->CA,LC-->CA,LC-->CA,LC-->CA,LC-->CA,LC-->CA,,,,,,,,,,,,,,,,,CA-->LC,CA-->LC,CA-->LC,CA-->LC,CA-->LC,CA-->LC,CA-->LC,CA-->LC,CA-->LC,CA-->LC,CA-->LC,CA-->LC,CA-->LC,CA-->LC,CA-->LC,CA-->LC,CA-->LC,CA-->LC,CA-->LC
MF,MAF,Saint Martin,Marigot,Americas,Caribbean,,MF-->CA,MF-->CA,MF-->CA,MF-->CA,MF-->CA,MF-->CA,MF-->CA,MF-->CA,MF-->CA,MF-->CA,MF-->CA,MF-->CA,MF-->CA,MF-->CA,MF-->CA,MF-->CA,MF-->CA,MF-->CA,MF-->CA,,,,,,,,,,,,,,,,,CA-->MF,CA-->MF,CA-->MF,CA-->MF,CA-->MF,CA-->MF,CA-->MF,CA-->MF,CA-->MF,CA-->MF,CA-->MF,CA-->MF,CA-->MF,CA-->MF,CA-->MF,CA-->MF,CA-->MF,CA-->MF,CA-->MF
PM,SPM,Saint Pierre and Miquelon,Saint-Pierre,Americas,Northern America,,PM-->CA,PM-->CA,PM-->CA,PM-->CA,PM-->CA,PM-->CA,PM-->CA,PM-->CA,PM-->CA,PM-->CA,PM-->CA,PM-->CA,PM-->CA,PM-->CA,PM-->CA,PM-->CA,PM-->CA,PM-->CA,PM-->CA,,,,,,,,,,,,,,,,,CA-->PM,CA-->PM,CA-->PM,CA-->PM,CA-->PM,CA-->PM,CA-->PM,CA-->PM,CA-->PM,CA-->PM,CA-->PM,CA-->PM,CA-->PM,CA-->PM,CA-->PM,CA-->PM,CA-->PM,CA-->PM,CA-->PM
VC,VCT,Saint Vincent and the Grenadines,Kingstown,Americas,Caribbean,,VC-->CA,VC-->CA,VC-->CA,VC-->CA,VC-->CA,VC-->CA,VC-->CA,VC-->CA,VC-->CA,VC-->CA,VC-->CA,VC-->CA,VC-->CA,VC-->CA,VC-->CA,VC-->CA,VC-->CA,VC-->CA,VC-->CA,,,,,,,,,,,,,,,,,CA-->VC,CA-->VC,CA-->VC,CA-->VC,CA-->VC,CA-->VC,CA-->VC,CA-->VC,CA-->VC,CA-->VC,CA-->VC,CA-->VC,CA-->VC,CA-->VC,CA-->VC,CA-->VC,CA-->VC,CA-->VC,CA-->VC
WS,WSM,Samoa,Apia,Oceania,Polynesia,,WS-->CA,WS-->CA,WS-->CA,WS-->CA,WS-->CA,WS-->CA,WS-->CA,WS-->CA,WS-->CA,WS-->CA,WS-->CA,WS-->CA,WS-->CA,WS-->CA,WS-->CA,WS-->CA,WS-->CA,WS-->CA,WS-->CA,,,,,,,,,,,,,,,,,CA-->WS,CA-->WS,CA-->WS,CA-->WS,CA-->WS,CA-->WS,CA-->WS,CA-->WS,CA-->WS,CA-->WS,CA-->WS,CA-->WS,CA-->WS,CA-->WS,CA-->WS,CA-->WS,CA-->WS,CA-->WS,CA-->WS
SM,SMR,San Marino,City of San Marino,Europe,Southern Europe,,SM-->CA,SM-->CA,SM-->CA,SM-->CA,SM-->CA,SM-->CA,SM-->CA,SM-->CA,SM-->CA,SM-->CA,SM-->CA,SM-->CA,SM-->CA,SM-->CA,SM-->CA,SM-->CA,SM-->CA,SM-->CA,SM-->CA,,,,,,,,,,,,,,,,,CA-->SM,CA-->SM,CA-->SM,CA-->SM,CA-->SM,CA-->SM,CA-->SM,CA-->SM,CA-->SM,CA-->SM,CA-->SM,CA-->SM,CA-->SM,CA-->SM,CA-->SM,CA-->SM,CA-->SM,CA-->SM,CA-->SM
ST,STP,São Tomé and Príncipe,São Tomé,Africa,Middle Africa,,ST-->CA,ST-->CA,ST-->CA,ST-->CA,ST-->CA,ST-->CA,ST-->CA,ST-->CA,ST-->CA,ST-->CA,ST-->CA,ST-->CA,ST-->CA,ST-->CA,ST-->CA,ST-->CA,ST-->CA,ST-->CA,ST-->CA,,,,,,,,,,,,,,,,,CA-->ST,CA-->ST,CA-->ST,CA-->ST,CA-->ST,CA-->ST,CA-->ST,CA-->ST,CA-->ST,CA-->ST,CA-->ST,CA-->ST,CA-->ST,CA-->ST,CA-->ST,CA-->ST,CA-->ST,CA-->ST,CA-->ST
SA,SAU,Saudi Arabia,Riyadh,Asia,Western Asia,,SA-->CA,SA-->CA,SA-->CA,SA-->CA,SA-->CA,SA-->CA,SA-->CA,SA-->CA,SA-->CA,SA-->CA,SA-->CA,SA-->CA,SA-->CA,SA-->CA,SA-->CA,SA-->CA,SA-->CA,SA-->CA,SA-->CA,,,,,,,,,,,,,,,,,CA-->SA,CA-->SA,CA-->SA,CA-->SA,CA-->SA,CA-->SA,CA-->SA,CA-->SA,CA-->SA,CA-->SA,CA-->SA,CA-->SA,CA-->SA,CA-->SA,CA-->SA,CA-->SA,CA-->SA,CA-->SA,CA-->SA
SN,SEN,Senegal,Dakar,Africa,Western Africa,,SN-->CA,SN-->CA,SN-->CA,SN-->CA,SN-->CA,SN-->CA,SN-->CA,SN-->CA,SN-->CA,SN-->CA,SN-->CA,SN-->CA,SN-->CA,SN-->CA,SN-->CA,SN-->CA,SN-->CA,SN-->CA,SN-->CA,,,,,,,,,,,,,,,,,CA-->SN,CA-->SN,CA-->SN,CA-->SN,CA-->SN,CA-->SN,CA-->SN,CA-->SN,CA-->SN,CA-->SN,CA-->SN,CA-->SN,CA-->SN,CA-->SN,CA-->SN,CA-->SN,CA-->SN,CA-->SN,CA-->SN
RS,SRB,Serbia,Belgrade,Europe,Southern Europe,,RS-->CA,RS-->CA,RS-->CA,RS-->CA,RS-->CA,RS-->CA,RS-->CA,RS-->CA,RS-->CA,RS-->CA,RS-->CA,RS-->CA,RS-->CA,RS-->CA,RS-->CA,RS-->CA,RS-->CA,RS-->CA,RS-->CA,,,,,,,,,,,,,,,,,CA-->RS,CA-->RS,CA-->RS,CA-->RS,CA-->RS,CA-->RS,CA-->RS,CA-->RS,CA-->RS,CA-->RS,CA-->RS,CA-->RS,CA-->RS,CA-->RS,CA-->RS,CA-->RS,CA-->RS,CA-->RS,CA-->RS
SC,SYC,Seychelles,Victoria,Africa,Eastern Africa,,SC-->CA,SC-->CA,SC-->CA,SC-->CA,SC-->CA,SC-->CA,SC-->CA,SC-->CA,SC-->CA,SC-->CA,SC-->CA,SC-->CA,SC-->CA,SC-->CA,SC-->CA,SC-->CA,SC-->CA,SC-->CA,SC-->CA,,,,,,,,,,,,,,,,,CA-->SC,CA-->SC,CA-->SC,CA-->SC,CA-->SC,CA-->SC,CA-->SC,CA-->SC,CA-->SC,CA-->SC,CA-->SC,CA-->SC,CA-->SC,CA-->SC,CA-->SC,CA-->SC,CA-->SC,CA-->SC,CA-->SC
SL,SLE,Sierra Leone,Freetown,Africa,Western Africa,,SL-->CA,SL-->CA,SL-->CA,SL-->CA,SL-->CA,SL-->CA,SL-->CA,SL-->CA,SL-->CA,SL-->CA,SL-->CA,SL-->CA,SL-->CA,SL-->CA,SL-->CA,SL-->CA,SL-->CA,SL-->CA,SL-->CA,,,,,,,,,,,,,,,,,CA-->SL,CA-->SL,CA-->SL,CA-->SL,CA-->SL,CA-->SL,CA-->SL,CA-->SL,CA-->SL,CA-->SL,CA-->SL,CA-->SL,CA-->SL,CA-->SL,CA-->SL,CA-->SL,CA-->SL,CA-->SL,CA-->SL
SG,SGP,Singapore,Singapore,Asia,South-Eastern Asia,,SG-->CA,SG-->CA,SG-->CA,SG-->CA,SG-->CA,SG-->CA,SG-->CA,SG-->CA,SG-->CA,SG-->CA,SG-->CA,SG-->CA,SG-->CA,SG-->CA,SG-->CA,SG-->CA,SG-->CA,SG-->CA,SG-->CA,,,,,,,,,,,,,,,,,CA-->SG,CA-->SG,CA-->SG,CA-->SG,CA-->SG,CA-->SG,CA-->SG,CA-->SG,CA-->SG,CA-->SG,CA-->SG,CA-->SG,CA-->SG,CA-->SG,CA-->SG,CA-->SG,CA-->SG,CA-->SG,CA-->SG
SX,SXM,Sint Maarten,Philipsburg,Americas,Caribbean,,SX-->CA,SX-->CA,SX-->CA,SX-->CA,SX-->CA,SX-->CA,SX-->CA,SX-->CA,SX-->CA,SX-->CA,SX-->CA,SX-->CA,SX-->CA,SX-->CA,SX-->CA,SX-->CA,SX-->CA,SX-->CA,SX-->CA,,,,,,,,,,,,,,,,,CA-->SX,CA-->SX,CA-->SX,CA-->SX,CA-->SX,CA-->SX,CA-->SX,CA-->SX,CA-->SX,CA-->SX,CA-->SX,CA-->SX,CA-->SX,CA-->SX,CA-->SX,CA-->SX,CA-->SX,CA-->SX,CA-->SX
SK,SVK,Slovakia,Bratislava,Europe,Eastern Europe,,SK-->CA,SK-->CA,SK-->CA,SK-->CA,SK-->CA,SK-->CA,SK-->CA,SK-->CA,SK-->CA,SK-->CA,SK-->CA,SK-->CA,SK-->CA,SK-->CA,SK-->CA,SK-->CA,SK-->CA,SK-->CA,SK-->CA,,,,,,,,,,,,,,,,,CA-->SK,CA-->SK,CA-->SK,CA-->SK,CA-->SK,CA-->SK,CA-->SK,CA-->SK,CA-->SK,CA-->SK,CA-->SK,CA-->SK,CA-->SK,CA-->SK,CA-->SK,CA-->SK,CA-->SK,CA-->SK,CA-->SK
SI,SVN,Slovenia,Ljubljana,Europe,Southern Europe,,SI-->CA,SI-->CA,SI-->CA,SI-->CA,SI-->CA,SI-->CA,SI-->CA,SI-->CA,SI-->CA,SI-->CA,SI-->CA,SI-->CA,SI-->CA,SI-->CA,SI-->CA,SI-->CA,SI-->CA,SI-->CA,SI-->CA,,,,,,,,,,,,,,,,,CA-->SI,CA-->SI,CA-->SI,CA-->SI,CA-->SI,CA-->SI,CA-->SI,CA-->SI,CA-->SI,CA-->SI,CA-->SI,CA-->SI,CA-->SI,CA-->SI,CA-->SI,CA-->SI,CA-->SI,CA-->SI,CA-->SI
SB,SLB,Solomon Islands,Honiara,Oceania,Melanesia,,SB-->CA,SB-->CA,SB-->CA,SB-->CA,SB-->CA,SB-->CA,SB-->CA,SB-->CA,SB-->CA,SB-->CA,SB-->CA,SB-->CA,SB-->CA,SB-->CA,SB-->CA,SB-->CA,SB-->CA,SB-->CA,SB-->CA,,,,,,,,,,,,,,,,,CA-->SB,CA-->SB,CA-->SB,CA-->SB,CA-->SB,CA-->SB,CA-->SB,CA-->SB,CA-->SB,CA-->SB,CA-->SB,CA-->SB,CA-->SB,CA-->SB,CA-->SB,CA-->SB,CA-->SB,CA-->SB,CA-->SB
SO,SOM,Somalia,Mogadishu,Africa,Eastern Africa,,SO-->CA,SO-->CA,SO-->CA,SO-->CA,SO-->CA,SO-->CA,SO-->CA,SO-->CA,SO-->CA,SO-->CA,SO-->CA,SO-->CA,SO-->CA,SO-->CA,SO-->CA,SO-->CA,SO-->CA,SO-->CA,SO-->CA,,,,,,,,,,,,,,,,,CA-->SO,CA-->SO,CA-->SO,CA-->SO,CA-->SO,CA-->SO,CA-->SO,CA-->SO,CA-->SO,CA-->SO,CA-->SO,CA-->SO,CA-->SO,CA-->SO,CA-->SO,CA-->SO,CA-->SO,CA-->SO,CA-->SO
ZA,ZAF,South Africa,Pretoria,Africa,Southern Africa,,ZA-->CA,ZA-->CA,ZA-->CA,ZA-->CA,ZA-->CA,ZA-->CA,ZA-->CA,ZA-->CA,ZA-->CA,ZA-->CA,ZA-->CA,ZA-->CA,ZA-->CA,ZA-->CA,ZA-->CA,ZA-->CA,ZA-->CA,ZA-->CA,ZA-->CA,,,,,,,,,,,,,,,,,CA-->ZA,CA-->ZA,CA-->ZA,CA-->ZA,CA-->ZA,CA-->ZA,CA-->ZA,CA-->ZA,CA-->ZA,CA-->ZA,CA-->ZA,CA-->ZA,CA-->ZA,CA-->ZA,CA-->ZA,CA-->ZA,CA-->ZA,CA-->ZA,CA-->ZA
GS,SGS,South Georgia,King Edward Point,Americas,South America,,GS-->CA,GS-->CA,GS-->CA,GS-->CA,GS-->CA,GS-->CA,GS-->CA,GS-->CA,GS-->CA,GS-->CA,GS-->CA,GS-->CA,GS-->CA,GS-->CA,GS-->CA,GS-->CA,GS-->CA,GS-->CA,GS-->CA,,,,,,,,,,,,,,,,,CA-->GS,CA-->GS,CA-->GS,CA-->GS,CA-->GS,CA-->GS,CA-->GS,CA-->GS,CA-->GS,CA-->GS,CA-->GS,CA-->GS,CA-->GS,CA-->GS,CA-->GS,CA-->GS,CA-->GS,CA-->GS,CA-->GS
KR,KOR,South Korea,Seoul,Asia,Eastern Asia,,KR-->CA,KR-->CA,KR-->CA,KR-->CA,KR-->CA,KR-->CA,KR-->CA,KR-->CA,KR-->CA,KR-->CA,KR-->CA,KR-->CA,KR-->CA,KR-->CA,KR-->CA,KR-->CA,KR-->CA,KR-->CA,KR-->CA,,,,,,,,,,,,,,,,,CA-->KR,CA-->KR,CA-->KR,CA-->KR,CA-->KR,CA-->KR,CA-->KR,CA-->KR,CA-->KR,CA-->KR,CA-->KR,CA-->KR,CA-->KR,CA-->KR,CA-->KR,CA-->KR,CA-->KR,CA-->KR,CA-->KR
SS,SSD,South Sudan,Juba,Africa,Middle Africa,,SS-->CA,SS-->CA,SS-->CA,SS-->CA,SS-->CA,SS-->CA,SS-->CA,SS-->CA,SS-->CA,SS-->CA,SS-->CA,SS-->CA,SS-->CA,SS-->CA,SS-->CA,SS-->CA,SS-->CA,SS-->CA,SS-->CA,,,,,,,,,,,,,,,,,CA-->SS,CA-->SS,CA-->SS,CA-->SS,CA-->SS,CA-->SS,CA-->SS,CA-->SS,CA-->SS,CA-->SS,CA-->SS,CA-->SS,CA-->SS,CA-->SS,CA-->SS,CA-->SS,CA-->SS,CA-->SS,CA-->SS
ES,ESP,Spain,Madrid,Europe,Southern Europe,,ES-->CA,ES-->CA,ES-->CA,ES-->CA,ES-->CA,ES-->CA,ES-->CA,ES-->CA,ES-->CA,ES-->CA,ES-->CA,ES-->CA,ES-->CA,ES-->CA,ES-->CA,ES-->CA,ES-->CA,ES-->CA,ES-->CA,,,,,,,,,,,,,,,,,CA-->ES,CA-->ES,CA-->ES,CA-->ES,CA-->ES,CA-->ES,CA-->ES,CA-->ES,CA-->ES,CA-->ES,CA-->ES,CA-->ES,CA-->ES,CA-->ES,CA-->ES,CA-->ES,CA-->ES,CA-->ES,CA-->ES
LK,LKA,Sri Lanka,Colombo,Asia,Southern Asia,,LK-->CA,LK-->CA,LK-->CA,LK-->CA,LK-->CA,LK-->CA,LK-->CA,LK-->CA,LK-->CA,LK-->CA,LK-->CA,LK-->CA,LK-->CA,LK-->CA,LK-->CA,LK-->CA,LK-->CA,LK-->CA,LK-->CA,,,,,,,,,,,,,,,,,CA-->LK,CA-->LK,CA-->LK,CA-->LK,CA-->LK,CA-->LK,CA-->LK,CA-->LK,CA-->LK,CA-->LK,CA-->LK,CA-->LK,CA-->LK,CA-->LK,CA-->LK,CA-->LK,CA-->LK,CA-->LK,CA-->LK
SD,SDN,Sudan,Khartoum,Africa,Northern Africa,,SD-->CA,SD-->CA,SD-->CA,SD-->CA,SD-->CA,SD-->CA,SD-->CA,SD-->CA,SD-->CA,SD-->CA,SD-->CA,SD-->CA,SD-->CA,SD-->CA,SD-->CA,SD-->CA,SD-->CA,SD-->CA,SD-->CA,,,,,,,,,,,,,,,,,CA-->SD,CA-->SD,CA-->SD,CA-->SD,CA-->SD,CA-->SD,CA-->SD,CA-->SD,CA-->SD,CA-->SD,CA-->SD,CA-->SD,CA-->SD,CA-->SD,CA-->SD,CA-->SD,CA-->SD,CA-->SD,CA-->SD
SR,SUR,Suriname,Paramaribo,Americas,South America,,SR-->CA,SR-->CA,SR-->CA,SR-->CA,SR-->CA,SR-->CA,SR-->CA,SR-->CA,SR-->CA,SR-->CA,SR-->CA,SR-->CA,SR-->CA,SR-->CA,SR-->CA,SR-->CA,SR-->CA,SR-->CA,SR-->CA,,,,,,,,,,,,,,,,,CA-->SR,CA-->SR,CA-->SR,CA-->SR,CA-->SR,CA-->SR,CA-->SR,CA-->SR,CA-->SR,CA-->SR,CA-->SR,CA-->SR,CA-->SR,CA-->SR,CA-->SR,CA-->SR,CA-->SR,CA-->SR,CA-->SR
SJ,SJM,Svalbard and Jan Mayen,Longyearbyen,Europe,Northern Europe,,SJ-->CA,SJ-->CA,SJ-->CA,SJ-->CA,SJ-->CA,SJ-->CA,SJ-->CA,SJ-->CA,SJ-->CA,SJ-->CA,SJ-->CA,SJ-->CA,SJ-->CA,SJ-->CA,SJ-->CA,SJ-->CA,SJ-->CA,SJ-->CA,SJ-->CA,,,,,,,,,,,,,,,,,CA-->SJ,CA-->SJ,CA-->SJ,CA-->SJ,CA-->SJ,CA-->SJ,CA-->SJ,CA-->SJ,CA-->SJ,CA-->SJ,CA-->SJ,CA-->SJ,CA-->SJ,CA-->SJ,CA-->SJ,CA-->SJ,CA-->SJ,CA-->SJ,CA-->SJ
SZ,SWZ,Swaziland,Lobamba,Africa,Southern Africa,,SZ-->CA,SZ-->CA,SZ-->CA,SZ-->CA,SZ-->CA,SZ-->CA,SZ-->CA,SZ-->CA,SZ-->CA,SZ-->CA,SZ-->CA,SZ-->CA,SZ-->CA,SZ-->CA,SZ-->CA,SZ-->CA,SZ-->CA,SZ-->CA,SZ-->CA,,,,,,,,,,,,,,,,,CA-->SZ,CA-->SZ,CA-->SZ,CA-->SZ,CA-->SZ,CA-->SZ,CA-->SZ,CA-->SZ,CA-->SZ,CA-->SZ,CA-->SZ,CA-->SZ,CA-->SZ,CA-->SZ,CA-->SZ,CA-->SZ,CA-->SZ,CA-->SZ,CA-->SZ
SE,SWE,Sweden,Stockholm,Europe,Northern Europe,,SE-->CA,SE-->CA,SE-->CA,SE-->CA,SE-->CA,SE-->CA,SE-->CA,SE-->CA,SE-->CA,SE-->CA,SE-->CA,SE-->CA,SE-->CA,SE-->CA,SE-->CA,SE-->CA,SE-->CA,SE-->CA,SE-->CA,,,,,,,,,,,,,,,,,CA-->SE,CA-->SE,CA-->SE,CA-->SE,CA-->SE,CA-->SE,CA-->SE,CA-->SE,CA-->SE,CA-->SE,CA-->SE,CA-->SE,CA-->SE,CA-->SE,CA-->SE,CA-->SE,CA-->SE,CA-->SE,CA-->SE
CH,CHE,Switzerland,Bern,Europe,Western Europe,,CH-->CA,CH-->CA,CH-->CA,CH-->CA,CH-->CA,CH-->CA,CH-->CA,CH-->CA,CH-->CA,CH-->CA,CH-->CA,CH-->CA,CH-->CA,CH-->CA,CH-->CA,CH-->CA,CH-->CA,CH-->CA,CH-->CA,,,,,,,,,,,,,,,,,CA-->CH,CA-->CH,CA-->CH,CA-->CH,CA-->CH,CA-->CH,CA-->CH,CA-->CH,CA-->CH,CA-->CH,CA-->CH,CA-->CH,CA-->CH,CA-->CH,CA-->CH,CA-->CH,CA-->CH,CA-->CH,CA-->CH
SY,SYR,Syria,Damascus,Asia,Western Asia,,SY-->CA,SY-->CA,SY-->CA,SY-->CA,SY-->CA,SY-->CA,SY-->CA,SY-->CA,SY-->CA,SY-->CA,SY-->CA,SY-->CA,SY-->CA,SY-->CA,SY-->CA,SY-->CA,SY-->CA,SY-->CA,SY-->CA,,,,,,,,,,,,,,,,,CA-->SY,CA-->SY,CA-->SY,CA-->SY,CA-->SY,CA-->SY,CA-->SY,CA-->SY,CA-->SY,CA-->SY,CA-->SY,CA-->SY,CA-->SY,CA-->SY,CA-->SY,CA-->SY,CA-->SY,CA-->SY,CA-->SY
TW,TWN,Taiwan,Taipei,Asia,Eastern Asia,,TW-->CA,TW-->CA,TW-->CA,TW-->CA,TW-->CA,TW-->CA,TW-->CA,TW-->CA,TW-->CA,TW-->CA,TW-->CA,TW-->CA,TW-->CA,TW-->CA,TW-->CA,TW-->CA,TW-->CA,TW-->CA,TW-->CA,,,,,,,,,,,,,,,,,CA-->TW,CA-->TW,CA-->TW,CA-->TW,CA-->TW,CA-->TW,CA-->TW,CA-->TW,CA-->TW,CA-->TW,CA-->TW,CA-->TW,CA-->TW,CA-->TW,CA-->TW,CA-->TW,CA-->TW,CA-->TW,CA-->TW
TJ,TJK,Tajikistan,Dushanbe,Asia,Central Asia,,TJ-->CA,TJ-->CA,TJ-->CA,TJ-->CA,TJ-->CA,TJ-->CA,TJ-->CA,TJ-->CA,TJ-->CA,TJ-->CA,TJ-->CA,TJ-->CA,TJ-->CA,TJ-->CA,TJ-->CA,TJ-->CA,TJ-->CA,TJ-->CA,TJ-->CA,,,,,,,,,,,,,,,,,CA-->TJ,CA-->TJ,CA-->TJ,CA-->TJ,CA-->TJ,CA-->TJ,CA-->TJ,CA-->TJ,CA-->TJ,CA-->TJ,CA-->TJ,CA-->TJ,CA-->TJ,CA-->TJ,CA-->TJ,CA-->TJ,CA-->TJ,CA-->TJ,CA-->TJ
TZ,TZA,Tanzania,Dodoma,Africa,Eastern Africa,,TZ-->CA,TZ-->CA,TZ-->CA,TZ-->CA,TZ-->CA,TZ-->CA,TZ-->CA,TZ-->CA,TZ-->CA,TZ-->CA,TZ-->CA,TZ-->CA,TZ-->CA,TZ-->CA,TZ-->CA,TZ-->CA,TZ-->CA,TZ-->CA,TZ-->CA,,,,,,,,,,,,,,,,,CA-->TZ,CA-->TZ,CA-->TZ,CA-->TZ,CA-->TZ,CA-->TZ,CA-->TZ,CA-->TZ,CA-->TZ,CA-->TZ,CA-->TZ,CA-->TZ,CA-->TZ,CA-->TZ,CA-->TZ,CA-->TZ,CA-->TZ,CA-->TZ,CA-->TZ
TH,THA,Thailand,Bangkok,Asia,South-Eastern Asia,,TH-->CA,TH-->CA,TH-->CA,TH-->CA,TH-->CA,TH-->CA,TH-->CA,TH-->CA,TH-->CA,TH-->CA,TH-->CA,TH-->CA,TH-->CA,TH-->CA,TH-->CA,TH-->CA,TH-->CA,TH-->CA,TH-->CA,,,,,,,,,,,,,,,,,CA-->TH,CA-->TH,CA-->TH,CA-->TH,CA-->TH,CA-->TH,CA-->TH,CA-->TH,CA-->TH,CA-->TH,CA-->TH,CA-->TH,CA-->TH,CA-->TH,CA-->TH,CA-->TH,CA-->TH,CA-->TH,CA-->TH
TL,TLS,East Timor,Dili,Asia,South-Eastern Asia,,TL-->CA,TL-->CA,TL-->CA,TL-->CA,TL-->CA,TL-->CA,TL-->CA,TL-->CA,TL-->CA,TL-->CA,TL-->CA,TL-->CA,TL-->CA,TL-->CA,TL-->CA,TL-->CA,TL-->CA,TL-->CA,TL-->CA,,,,,,,,,,,,,,,,,CA-->TL,CA-->TL,CA-->TL,CA-->TL,CA-->TL,CA-->TL,CA-->TL,CA-->TL,CA-->TL,CA-->TL,CA-->TL,CA-->TL,CA-->TL,CA-->TL,CA-->TL,CA-->TL,CA-->TL,CA-->TL,CA-->TL
TG,TGO,Togo,Lomé,Africa,Western Africa,,TG-->CA,TG-->CA,TG-->CA,TG-->CA,TG-->CA,TG-->CA,TG-->CA,TG-->CA,TG-->CA,TG-->CA,TG-->CA,TG-->CA,TG-->CA,TG-->CA,TG-->CA,TG-->CA,TG-->CA,TG-->CA,TG-->CA,,,,,,,,,,,,,,,,,CA-->TG,CA-->TG,CA-->TG,CA-->TG,CA-->TG,CA-->TG,CA-->TG,CA-->TG,CA-->TG,CA-->TG,CA-->TG,CA-->TG,CA-->TG,CA-->TG,CA-->TG,CA-->TG,CA-->TG,CA-->TG,CA-->TG
TK,TKL,Tokelau,Fakaofo,Oceania,Polynesia,,TK-->CA,TK-->CA,TK-->CA,TK-->CA,TK-->CA,TK-->CA,TK-->CA,TK-->CA,TK-->CA,TK-->CA,TK-->CA,TK-->CA,TK-->CA,TK-->CA,TK-->CA,TK-->CA,TK-->CA,TK-->CA,TK-->CA,,,,,,,,,,,,,,,,,CA-->TK,CA-->TK,CA-->TK,CA-->TK,CA-->TK,CA-->TK,CA-->TK,CA-->TK,CA-->TK,CA-->TK,CA-->TK,CA-->TK,CA-->TK,CA-->TK,CA-->TK,CA-->TK,CA-->TK,CA-->TK,CA-->TK
TO,TON,Tonga,Nuku'alofa,Oceania,Polynesia,,TO-->CA,TO-->CA,TO-->CA,TO-->CA,TO-->CA,TO-->CA,TO-->CA,TO-->CA,TO-->CA,TO-->CA,TO-->CA,TO-->CA,TO-->CA,TO-->CA,TO-->CA,TO-->CA,TO-->CA,TO-->CA,TO-->CA,,,,,,,,,,,,,,,,,CA-->TO,CA-->TO,CA-->TO,CA-->TO,CA-->TO,CA-->TO,CA-->TO,CA-->TO,CA-->TO,CA-->TO,CA-->TO,CA-->TO,CA-->TO,CA-->TO,CA-->TO,CA-->TO,CA-->TO,CA-->TO,CA-->TO
TT,TTO,Trinidad and Tobago,Port of Spain,Americas,Caribbean,,TT-->CA,TT-->CA,TT-->CA,TT-->CA,TT-->CA,TT-->CA,TT-->CA,TT-->CA,TT-->CA,TT-->CA,TT-->CA,TT-->CA,TT-->CA,TT-->CA,TT-->CA,TT-->CA,TT-->CA,TT-->CA,TT-->CA,,,,,,,,,,,,,,,,,CA-->TT,CA-->TT,CA-->TT,CA-->TT,CA-->TT,CA-->TT,CA-->TT,CA-->TT,CA-->TT,CA-->TT,CA-->TT,CA-->TT,CA-->TT,CA-->TT,CA-->TT,CA-->TT,CA-->TT,CA-->TT,CA-->TT
TN,TUN,Tunisia,Tunis,Africa,Northern Africa,,TN-->CA,TN-->CA,TN-->CA,TN-->CA,TN-->CA,TN-->CA,TN-->CA,TN-->CA,TN-->CA,TN-->CA,TN-->CA,TN-->CA,TN-->CA,TN-->CA,TN-->CA,TN-->CA,TN-->CA,TN-->CA,TN-->CA,,,,,,,,,,,,,,,,,CA-->TN,CA-->TN,CA-->TN,CA-->TN,CA-->TN,CA-->TN,CA-->TN,CA-->TN,CA-->TN,CA-->TN,CA-->TN,CA-->TN,CA-->TN,CA-->TN,CA-->TN,CA-->TN,CA-->TN,CA-->TN,CA-->TN
TR,TUR,Turkey,Ankara,Asia,Western Asia,,TR-->CA,TR-->CA,TR-->CA,TR-->CA,TR-->CA,TR-->CA,TR-->CA,TR-->CA,TR-->CA,TR-->CA,TR-->CA,TR-->CA,TR-->CA,TR-->CA,TR-->CA,TR-->CA,TR-->CA,TR-->CA,TR-->CA,,,,,,,,,,,,,,,,,CA-->TR,CA-->TR,CA-->TR,CA-->TR,CA-->TR,CA-->TR,CA-->TR,CA-->TR,CA-->TR,CA-->TR,CA-->TR,CA-->TR,CA-->TR,CA-->TR,CA-->TR,CA-->TR,CA-->TR,CA-->TR,CA-->TR
TM,TKM,Turkmenistan,Ashgabat,Asia,Central Asia,,TM-->CA,TM-->CA,TM-->CA,TM-->CA,TM-->CA,TM-->CA,TM-->CA,TM-->CA,TM-->CA,TM-->CA,TM-->CA,TM-->CA,TM-->CA,TM-->CA,TM-->CA,TM-->CA,TM-->CA,TM-->CA,TM-->CA,,,,,,,,,,,,,,,,,CA-->TM,CA-->TM,CA-->TM,CA-->TM,CA-->TM,CA-->TM,CA-->TM,CA-->TM,CA-->TM,CA-->TM,CA-->TM,CA-->TM,CA-->TM,CA-->TM,CA-->TM,CA-->TM,CA-->TM,CA-->TM,CA-->TM
TC,TCA,Turks and Caicos Islands,Cockburn Town,Americas,Caribbean,,TC-->CA,TC-->CA,TC-->CA,TC-->CA,TC-->CA,TC-->CA,TC-->CA,TC-->CA,TC-->CA,TC-->CA,TC-->CA,TC-->CA,TC-->CA,TC-->CA,TC-->CA,TC-->CA,TC-->CA,TC-->CA,TC-->CA,,,,,,,,,,,,,,,,,CA-->TC,CA-->TC,CA-->TC,CA-->TC,CA-->TC,CA-->TC,CA-->TC,CA-->TC,CA-->TC,CA-->TC,CA-->TC,CA-->TC,CA-->TC,CA-->TC,CA-->TC,CA-->TC,CA-->TC,CA-->TC,CA-->TC
TV,TUV,Tuvalu,Funafuti,Oceania,Polynesia,,TV-->CA,TV-->CA,TV-->CA,TV-->CA,TV-->CA,TV-->CA,TV-->CA,TV-->CA,TV-->CA,TV-->CA,TV-->CA,TV-->CA,TV-->CA,TV-->CA,TV-->CA,TV-->CA,TV-->CA,TV-->CA,TV-->CA,,,,,,,,,,,,,,,,,CA-->TV,CA-->TV,CA-->TV,CA-->TV,CA-->TV,CA-->TV,CA-->TV,CA-->TV,CA-->TV,CA-->TV,CA-->TV,CA-->TV,CA-->TV,CA-->TV,CA-->TV,CA-->TV,CA-->TV,CA-->TV,CA-->TV
UG,UGA,Uganda,Kampala,Africa,Eastern Africa,,UG-->CA,UG-->CA,UG-->CA,UG-->CA,UG-->CA,UG-->CA,UG-->CA,UG-->CA,UG-->CA,UG-->CA,UG-->CA,UG-->CA,UG-->CA,UG-->CA,UG-->CA,UG-->CA,UG-->CA,UG-->CA,UG-->CA,,,,,,,,,,,,,,,,,CA-->UG,CA-->UG,CA-->UG,CA-->UG,CA-->UG,CA-->UG,CA-->UG,CA-->UG,CA-->UG,CA-->UG,CA-->UG,CA-->UG,CA-->UG,CA-->UG,CA-->UG,CA-->UG,CA-->UG,CA-->UG,CA-->UG
UA,UKR,Ukraine,Kiev,Europe,Eastern Europe,,UA-->CA,UA-->CA,UA-->CA,UA-->CA,UA-->CA,UA-->CA,UA-->CA,UA-->CA,UA-->CA,UA-->CA,UA-->CA,UA-->CA,UA-->CA,UA-->CA,UA-->CA,UA-->CA,UA-->CA,UA-->CA,UA-->CA,,,,,,,,,,,,,,,,,CA-->UA,CA-->UA,CA-->UA,CA-->UA,CA-->UA,CA-->UA,CA-->UA,CA-->UA,CA-->UA,CA-->UA,CA-->UA,CA-->UA,CA-->UA,CA-->UA,CA-->UA,CA-->UA,CA-->UA,CA-->UA,CA-->UA
AE,ARE,United Arab Emirates,Abu Dhabi,Asia,Western Asia,,AE-->CA,AE-->CA,AE-->CA,AE-->CA,AE-->CA,AE-->CA,AE-->CA,AE-->CA,AE-->CA,AE-->CA,AE-->CA,AE-->CA,AE-->CA,AE-->CA,AE-->CA,AE-->CA,AE-->CA,AE-->CA,AE-->CA,,,,,,,,,,,,,,,,,CA-->AE,CA-->AE,CA-->AE,CA-->AE,CA-->AE,CA-->AE,CA-->AE,CA-->AE,CA-->AE,CA-->AE,CA-->AE,CA-->AE,CA-->AE,CA-->AE,CA-->AE,CA-->AE,CA-->AE,CA-->AE,CA-->AE
GB,GBR,United Kingdom,London,Europe,Northern Europe,,GB-->CA,GB-->CA,GB-->CA,GB-->CA,GB-->CA,GB-->CA,GB-->CA,GB-->CA,GB-->CA,GB-->CA,GB-->CA,GB-->CA,GB-->CA,GB-->CA,GB-->CA,GB-->CA,GB-->CA,GB-->CA,GB-->CA,,,,,,,,,,,,,,,,,CA-->GB,CA-->GB,CA-->GB,CA-->GB,CA-->GB,CA-->GB,CA-->GB,CA-->GB,CA-->GB,CA-->GB,CA-->GB,CA-->GB,CA-->GB,CA-->GB,CA-->GB,CA-->GB,CA-->GB,CA-->GB,CA-->GB
US,USA,United States,"Washington, D.C.",Americas,Northern America,,US-->CA,US-->CA,US-->CA,US-->CA,US-->CA,US-->CA,US-->CA,US-->CA,US-->CA,US-->CA,US-->CA,US-->CA,US-->CA,US-->CA,US-->CA,US-->CA,US-->CA,US-->CA,US-->CA,,,,,,,,,,,,,,,,,CA-->US,CA-->US,CA-->US,CA-->US,CA-->US,CA-->US,CA-->US,CA-->US,CA-->US,CA-->US,CA-->US,CA-->US,CA-->US,CA-->US,CA-->US,CA-->US,CA-->US,CA-->US,CA-->US
UY,URY,Uruguay,Montevideo,Americas,South America,,UY-->CA,UY-->CA,UY-->CA,UY-->CA,UY-->CA,UY-->CA,UY-->CA,UY-->CA,UY-->CA,UY-->CA,UY-->CA,UY-->CA,UY-->CA,UY-->CA,UY-->CA,UY-->CA,UY-->CA,UY-->CA,UY-->CA,,,,,,,,,,,,,,,,,CA-->UY,CA-->UY,CA-->UY,CA-->UY,CA-->UY,CA-->UY,CA-->UY,CA-->UY,CA-->UY,CA-->UY,CA-->UY,CA-->UY,CA-->UY,CA-->UY,CA-->UY,CA-->UY,CA-->UY,CA-->UY,CA-->UY
UZ,UZB,Uzbekistan,Tashkent,Asia,Central Asia,,UZ-->CA,UZ-->CA,UZ-->CA,UZ-->CA,UZ-->CA,UZ-->CA,UZ-->CA,UZ-->CA,UZ-->CA,UZ-->CA,UZ-->CA,UZ-->CA,UZ-->CA,UZ-->CA,UZ-->CA,UZ-->CA,UZ-->CA,UZ-->CA,UZ-->CA,,,,,,,,,,,,,,,,,CA-->UZ,CA-->UZ,CA-->UZ,CA-->UZ,CA-->UZ,CA-->UZ,CA-->UZ,CA-->UZ,CA-->UZ,CA-->UZ,CA-->UZ,CA-->UZ,CA-->UZ,CA-->UZ,CA-->UZ,CA-->UZ,CA-->UZ,CA-->UZ,CA-->UZ
VU,VUT,Vanuatu,Port Vila,Oceania,Melanesia,,VU-->CA,VU-->CA,VU-->CA,VU-->CA,VU-->CA,VU-->CA,VU-->CA,VU-->CA,VU-->CA,VU-->CA,VU-->CA,VU-->CA,VU-->CA,VU-->CA,VU-->CA,VU-->CA,VU-->CA,VU-->CA,VU-->CA,,,,,,,,,,,,,,,,,CA-->VU,CA-->VU,CA-->VU,CA-->VU,CA-->VU,CA-->VU,CA-->VU,CA-->VU,CA-->VU,CA-->VU,CA-->VU,CA-->VU,CA-->VU,CA-->VU,CA-->VU,CA-->VU,CA-->VU,CA-->VU,CA-->VU
VE,VEN,Venezuela,Caracas,Americas,South America,,VE-->CA,VE-->CA,VE-->CA,VE-->CA,VE-->CA,VE-->CA,VE-->CA,VE-->CA,VE-->CA,VE-->CA,VE-->CA,VE-->CA,VE-->CA,VE-->CA,VE-->CA,VE-->CA,VE-->CA,VE-->CA,VE-->CA,,,,,,,,,,,,,,,,,CA-->VE,CA-->VE,CA-->VE,CA-->VE,CA-->VE,CA-->VE,CA-->VE,CA-->VE,CA-->VE,CA-->VE,CA-->VE,CA-->VE,CA-->VE,CA-->VE,CA-->VE,CA-->VE,CA-->VE,CA-->VE,CA-->VE
VN,VNM,Vietnam,Hanoi,Asia,South-Eastern Asia,,VN-->CA,VN-->CA,VN-->CA,VN-->CA,VN-->CA,VN-->CA,VN-->CA,VN-->CA,VN-->CA,VN-->CA,VN-->CA,VN-->CA,VN-->CA,VN-->CA,VN-->CA,VN-->CA,VN-->CA,VN-->CA,VN-->CA,,,,,,,,,,,,,,,,,CA-->VN,CA-->VN,CA-->VN,CA-->VN,CA-->VN,CA-->VN,CA-->VN,CA-->VN,CA-->VN,CA-->VN,CA-->VN,CA-->VN,CA-->VN,CA-->VN,CA-->VN,CA-->VN,CA-->VN,CA-->VN,CA-->VN
WF,WLF,Wallis and Futuna,Mata-Utu,Oceania,Polynesia,,WF-->CA,WF-->CA,WF-->CA,WF-->CA,WF-->CA,WF-->CA,WF-->CA,WF-->CA,WF-->CA,WF-->CA,WF-->CA,WF-->CA,WF-->CA,WF-->CA,WF-->CA,WF-->CA,WF-->CA,WF-->CA,WF-->CA,,,,,,,,,,,,,,,,,CA-->WF,CA-->WF,CA-->WF,CA-->WF,CA-->WF,CA-->WF,CA-->WF,CA-->WF,CA-->WF,CA-->WF,CA-->WF,CA-->WF,CA-->WF,CA-->WF,CA-->WF,CA-->WF,CA-->WF,CA-->WF,CA-->WF
EH,ESH,Western Sahara,El Aaiún,Africa,Northern Africa,,EH-->CA,EH-->CA,EH-->CA,EH-->CA,EH-->CA,EH-->CA,EH-->CA,EH-->CA,EH-->CA,EH-->CA,EH-->CA,EH-->CA,EH-->CA,EH-->CA,EH-->CA,EH-->CA,EH-->CA,EH-->CA,EH-->CA,,,,,,,,,,,,,,,,,CA-->EH,CA-->EH,CA-->EH,CA-->EH,CA-->EH,CA-->EH,CA-->EH,CA-->EH,CA-->EH,CA-->EH,CA-->EH,CA-->EH,CA-->EH,CA-->EH,CA-->EH,CA-->EH,CA-->EH,CA-->EH,CA-->EH
YE,YEM,Yemen,Sana'a,Asia,Western Asia,,YE-->CA,YE-->CA,YE-->CA,YE-->CA,YE-->CA,YE-->CA,YE-->CA,YE-->CA,YE-->CA,YE-->CA,YE-->CA,YE-->CA,YE-->CA,YE-->CA,YE-->CA,YE-->CA,YE-->CA,YE-->CA,YE-->CA,,,,,,,,,,,,,,,,,CA-->YE,CA-->YE,CA-->YE,CA-->YE,CA-->YE,CA-->YE,CA-->YE,CA-->YE,CA-->YE,CA-->YE,CA-->YE,CA-->YE,CA-->YE,CA-->YE,CA-->YE,CA-->YE,CA-->YE,CA-->YE,CA-->YE
ZM,ZMB,Zambia,Lusaka,Africa,Eastern Africa,,ZM-->CA,ZM-->CA,ZM-->CA,ZM-->CA,ZM-->CA,ZM-->CA,ZM-->CA,ZM-->CA,ZM-->CA,ZM-->CA,ZM-->CA,ZM-->CA,ZM-->CA,ZM-->CA,ZM-->CA,ZM-->CA,ZM-->CA,ZM-->CA,ZM-->CA,,,,,,,,,,,,,,,,,CA-->ZM,CA-->ZM,CA-->ZM,CA-->ZM,CA-->ZM,CA-->ZM,CA-->ZM,CA-->ZM,CA-->ZM,CA-->ZM,CA-->ZM,CA-->ZM,CA-->ZM,CA-->ZM,CA-->ZM,CA-->ZM,CA-->ZM,CA-->ZM,CA-->ZM
ZW,ZWE,Zimbabwe,Harare,Africa,Eastern Africa,,ZW-->CA,ZW-->CA,ZW-->CA,ZW-->CA,ZW-->CA,ZW-->CA,ZW-->CA,ZW-->CA,ZW-->CA,ZW-->CA,ZW-->CA,ZW-->CA,ZW-->CA,ZW-->CA,ZW-->CA,ZW-->CA,ZW-->CA,ZW-->CA,ZW-->CA,,,,,,,,,,,,,,,,,CA-->ZW,CA-->ZW,CA-->ZW,CA-->ZW,CA-->ZW,CA-->ZW,CA-->ZW,CA-->ZW,CA-->ZW,CA-->ZW,CA-->ZW,CA-->ZW,CA-->ZW,CA-->ZW,CA-->ZW,CA-->ZW,CA-->ZW,CA-->ZW,CA-->ZW
