nu,code,name,capital,region,subregion,Unnamed: 6,quara/into/where/e,quara/into/where/v,quara/into/where/uv,quara/into/min/e,quara/into/min/v,quara/into/min/uv,quara/into/max/e,quara/into/max/v,quara/into/max/uv,quara/into/comment,test/into/pcr/e,test/into/pcr/v,test/into/pcr/uv,test/into/ag/e,test/into/ag/v,test/into/ag/uv,test/into/comment,visa/into,visa/into/comment,loadStates/into,Unnamed: 27,Unnamed: 28,Unnamed: 29,Unnamed: 30,Unnamed: 31,Unnamed: 32,Unnamed: 33,Unnamed: 34,Unnamed: 35,Unnamed: 36,Unnamed: 37,Unnamed: 38,Unnamed: 39,Unnamed: 40,Unnamed: 41,quara/out/where/e,quara/out/where/v,quara/out/where/uv,quara/out/min/e,quara/out/min/v,quara/out/min/uv,quara/out/max/e,quara/out/max/v,quara/out/max/uv,quara/out/comment,test/out/pcr/e,test/out/pcr/v,test/out/pcr/uv,test/out/ag/e,test/out/ag/v,test/out/ag/uv,test/out/comment,visa/out,visa/out/comment
AF,AFG,Afghanistan,Kabul,Asia,Southern Asia,,AF-->TO,AF-->TO,AF-->TO,AF-->TO,AF-->TO,AF-->TO,AF-->TO,AF-->TO,AF-->TO,AF-->TO,AF-->TO,AF-->TO,AF-->TO,AF-->TO,AF-->TO,AF-->TO,AF-->TO,AF-->TO,AF-->TO,,,,,,,,,,,,,,,,,TO-->AF,TO-->AF,TO-->AF,TO-->AF,TO-->AF,TO-->AF,TO-->AF,TO-->AF,TO-->AF,TO-->AF,TO-->AF,TO-->AF,TO-->AF,TO-->AF,TO-->AF,TO-->AF,TO-->AF,TO-->AF,TO-->AF
AX,ALA,Åland Islands,Mariehamn,Europe,Northern Europe,,AX-->TO,AX-->TO,AX-->TO,AX-->TO,AX-->TO,AX-->TO,AX-->TO,AX-->TO,AX-->TO,AX-->TO,AX-->TO,AX-->TO,AX-->TO,AX-->TO,AX-->TO,AX-->TO,AX-->TO,AX-->TO,AX-->TO,,,,,,,,,,,,,,,,,TO-->AX,TO-->AX,TO-->AX,TO-->AX,TO-->AX,TO-->AX,TO-->AX,TO-->AX,TO-->AX,TO-->AX,TO-->AX,TO-->AX,TO-->AX,TO-->AX,TO-->AX,TO-->AX,TO-->AX,TO-->AX,TO-->AX
AL,ALB,Albania,Tirana,Europe,Southern Europe,,AL-->TO,AL-->TO,AL-->TO,AL-->TO,AL-->TO,AL-->TO,AL-->TO,AL-->TO,AL-->TO,AL-->TO,AL-->TO,AL-->TO,AL-->TO,AL-->TO,AL-->TO,AL-->TO,AL-->TO,AL-->TO,AL-->TO,,,,,,,,,,,,,,,,,TO-->AL,TO-->AL,TO-->AL,TO-->AL,TO-->AL,TO-->AL,TO-->AL,TO-->AL,TO-->AL,TO-->AL,TO-->AL,TO-->AL,TO-->AL,TO-->AL,TO-->AL,TO-->AL,TO-->AL,TO-->AL,TO-->AL
DZ,DZA,Algeria,Algiers,Africa,Northern Africa,,DZ-->TO,DZ-->TO,DZ-->TO,DZ-->TO,DZ-->TO,DZ-->TO,DZ-->TO,DZ-->TO,DZ-->TO,DZ-->TO,DZ-->TO,DZ-->TO,DZ-->TO,DZ-->TO,DZ-->TO,DZ-->TO,DZ-->TO,DZ-->TO,DZ-->TO,,,,,,,,,,,,,,,,,TO-->DZ,TO-->DZ,TO-->DZ,TO-->DZ,TO-->DZ,TO-->DZ,TO-->DZ,TO-->DZ,TO-->DZ,TO-->DZ,TO-->DZ,TO-->DZ,TO-->DZ,TO-->DZ,TO-->DZ,TO-->DZ,TO-->DZ,TO-->DZ,TO-->DZ
AS,ASM,American Samoa,Pago Pago,Oceania,Polynesia,,AS-->TO,AS-->TO,AS-->TO,AS-->TO,AS-->TO,AS-->TO,AS-->TO,AS-->TO,AS-->TO,AS-->TO,AS-->TO,AS-->TO,AS-->TO,AS-->TO,AS-->TO,AS-->TO,AS-->TO,AS-->TO,AS-->TO,,,,,,,,,,,,,,,,,TO-->AS,TO-->AS,TO-->AS,TO-->AS,TO-->AS,TO-->AS,TO-->AS,TO-->AS,TO-->AS,TO-->AS,TO-->AS,TO-->AS,TO-->AS,TO-->AS,TO-->AS,TO-->AS,TO-->AS,TO-->AS,TO-->AS
AD,AND,Andorra,Andorra la Vella,Europe,Southern Europe,,AD-->TO,AD-->TO,AD-->TO,AD-->TO,AD-->TO,AD-->TO,AD-->TO,AD-->TO,AD-->TO,AD-->TO,AD-->TO,AD-->TO,AD-->TO,AD-->TO,AD-->TO,AD-->TO,AD-->TO,AD-->TO,AD-->TO,,,,,,,,,,,,,,,,,TO-->AD,TO-->AD,TO-->AD,TO-->AD,TO-->AD,TO-->AD,TO-->AD,TO-->AD,TO-->AD,TO-->AD,TO-->AD,TO-->AD,TO-->AD,TO-->AD,TO-->AD,TO-->AD,TO-->AD,TO-->AD,TO-->AD
AO,AGO,Angola,Luanda,Africa,Middle Africa,,AO-->TO,AO-->TO,AO-->TO,AO-->TO,AO-->TO,AO-->TO,AO-->TO,AO-->TO,AO-->TO,AO-->TO,AO-->TO,AO-->TO,AO-->TO,AO-->TO,AO-->TO,AO-->TO,AO-->TO,AO-->TO,AO-->TO,,,,,,,,,,,,,,,,,TO-->AO,TO-->AO,TO-->AO,TO-->AO,TO-->AO,TO-->AO,TO-->AO,TO-->AO,TO-->AO,TO-->AO,TO-->AO,TO-->AO,TO-->AO,TO-->AO,TO-->AO,TO-->AO,TO-->AO,TO-->AO,TO-->AO
AI,AIA,Anguilla,The Valley,Americas,Caribbean,,AI-->TO,AI-->TO,AI-->TO,AI-->TO,AI-->TO,AI-->TO,AI-->TO,AI-->TO,AI-->TO,AI-->TO,AI-->TO,AI-->TO,AI-->TO,AI-->TO,AI-->TO,AI-->TO,AI-->TO,AI-->TO,AI-->TO,,,,,,,,,,,,,,,,,TO-->AI,TO-->AI,TO-->AI,TO-->AI,TO-->AI,TO-->AI,TO-->AI,TO-->AI,TO-->AI,TO-->AI,TO-->AI,TO-->AI,TO-->AI,TO-->AI,TO-->AI,TO-->AI,TO-->AI,TO-->AI,TO-->AI
AQ,ATA,Antarctica,,Polar,,,AQ-->TO,AQ-->TO,AQ-->TO,AQ-->TO,AQ-->TO,AQ-->TO,AQ-->TO,AQ-->TO,AQ-->TO,AQ-->TO,AQ-->TO,AQ-->TO,AQ-->TO,AQ-->TO,AQ-->TO,AQ-->TO,AQ-->TO,AQ-->TO,AQ-->TO,,,,,,,,,,,,,,,,,TO-->AQ,TO-->AQ,TO-->AQ,TO-->AQ,TO-->AQ,TO-->AQ,TO-->AQ,TO-->AQ,TO-->AQ,TO-->AQ,TO-->AQ,TO-->AQ,TO-->AQ,TO-->AQ,TO-->AQ,TO-->AQ,TO-->AQ,TO-->AQ,TO-->AQ
AG,ATG,Antigua and Barbuda,Saint John's,Americas,Caribbean,,AG-->TO,AG-->TO,AG-->TO,AG-->TO,AG-->TO,AG-->TO,AG-->TO,AG-->TO,AG-->TO,AG-->TO,AG-->TO,AG-->TO,AG-->TO,AG-->TO,AG-->TO,AG-->TO,AG-->TO,AG-->TO,AG-->TO,,,,,,,,,,,,,,,,,TO-->AG,TO-->AG,TO-->AG,TO-->AG,TO-->AG,TO-->AG,TO-->AG,TO-->AG,TO-->AG,TO-->AG,TO-->AG,TO-->AG,TO-->AG,TO-->AG,TO-->AG,TO-->AG,TO-->AG,TO-->AG,TO-->AG
AR,ARG,Argentina,Buenos Aires,Americas,South America,,AR-->TO,AR-->TO,AR-->TO,AR-->TO,AR-->TO,AR-->TO,AR-->TO,AR-->TO,AR-->TO,AR-->TO,AR-->TO,AR-->TO,AR-->TO,AR-->TO,AR-->TO,AR-->TO,AR-->TO,AR-->TO,AR-->TO,,,,,,,,,,,,,,,,,TO-->AR,TO-->AR,TO-->AR,TO-->AR,TO-->AR,TO-->AR,TO-->AR,TO-->AR,TO-->AR,TO-->AR,TO-->AR,TO-->AR,TO-->AR,TO-->AR,TO-->AR,TO-->AR,TO-->AR,TO-->AR,TO-->AR
AM,ARM,Armenia,Yerevan,Asia,Western Asia,,AM-->TO,AM-->TO,AM-->TO,AM-->TO,AM-->TO,AM-->TO,AM-->TO,AM-->TO,AM-->TO,AM-->TO,AM-->TO,AM-->TO,AM-->TO,AM-->TO,AM-->TO,AM-->TO,AM-->TO,AM-->TO,AM-->TO,,,,,,,,,,,,,,,,,TO-->AM,TO-->AM,TO-->AM,TO-->AM,TO-->AM,TO-->AM,TO-->AM,TO-->AM,TO-->AM,TO-->AM,TO-->AM,TO-->AM,TO-->AM,TO-->AM,TO-->AM,TO-->AM,TO-->AM,TO-->AM,TO-->AM
AW,ABW,Aruba,Oranjestad,Americas,Caribbean,,AW-->TO,AW-->TO,AW-->TO,AW-->TO,AW-->TO,AW-->TO,AW-->TO,AW-->TO,AW-->TO,AW-->TO,AW-->TO,AW-->TO,AW-->TO,AW-->TO,AW-->TO,AW-->TO,AW-->TO,AW-->TO,AW-->TO,,,,,,,,,,,,,,,,,TO-->AW,TO-->AW,TO-->AW,TO-->AW,TO-->AW,TO-->AW,TO-->AW,TO-->AW,TO-->AW,TO-->AW,TO-->AW,TO-->AW,TO-->AW,TO-->AW,TO-->AW,TO-->AW,TO-->AW,TO-->AW,TO-->AW
AU,AUS,Australia,Canberra,Oceania,Australia and New Zealand,,AU-->TO,AU-->TO,AU-->TO,AU-->TO,AU-->TO,AU-->TO,AU-->TO,AU-->TO,AU-->TO,AU-->TO,AU-->TO,AU-->TO,AU-->TO,AU-->TO,AU-->TO,AU-->TO,AU-->TO,AU-->TO,AU-->TO,,,,,,,,,,,,,,,,,TO-->AU,TO-->AU,TO-->AU,TO-->AU,TO-->AU,TO-->AU,TO-->AU,TO-->AU,TO-->AU,TO-->AU,TO-->AU,TO-->AU,TO-->AU,TO-->AU,TO-->AU,TO-->AU,TO-->AU,TO-->AU,TO-->AU
AT,AUT,Austria,Vienna,Europe,Western Europe,,AT-->TO,AT-->TO,AT-->TO,AT-->TO,AT-->TO,AT-->TO,AT-->TO,AT-->TO,AT-->TO,AT-->TO,AT-->TO,AT-->TO,AT-->TO,AT-->TO,AT-->TO,AT-->TO,AT-->TO,AT-->TO,AT-->TO,,,,,,,,,,,,,,,,,TO-->AT,TO-->AT,TO-->AT,TO-->AT,TO-->AT,TO-->AT,TO-->AT,TO-->AT,TO-->AT,TO-->AT,TO-->AT,TO-->AT,TO-->AT,TO-->AT,TO-->AT,TO-->AT,TO-->AT,TO-->AT,TO-->AT
AZ,AZE,Azerbaijan,Baku,Asia,Western Asia,,AZ-->TO,AZ-->TO,AZ-->TO,AZ-->TO,AZ-->TO,AZ-->TO,AZ-->TO,AZ-->TO,AZ-->TO,AZ-->TO,AZ-->TO,AZ-->TO,AZ-->TO,AZ-->TO,AZ-->TO,AZ-->TO,AZ-->TO,AZ-->TO,AZ-->TO,,,,,,,,,,,,,,,,,TO-->AZ,TO-->AZ,TO-->AZ,TO-->AZ,TO-->AZ,TO-->AZ,TO-->AZ,TO-->AZ,TO-->AZ,TO-->AZ,TO-->AZ,TO-->AZ,TO-->AZ,TO-->AZ,TO-->AZ,TO-->AZ,TO-->AZ,TO-->AZ,TO-->AZ
BS,BHS,The Bahamas,Nassau,Americas,Caribbean,,BS-->TO,BS-->TO,BS-->TO,BS-->TO,BS-->TO,BS-->TO,BS-->TO,BS-->TO,BS-->TO,BS-->TO,BS-->TO,BS-->TO,BS-->TO,BS-->TO,BS-->TO,BS-->TO,BS-->TO,BS-->TO,BS-->TO,,,,,,,,,,,,,,,,,TO-->BS,TO-->BS,TO-->BS,TO-->BS,TO-->BS,TO-->BS,TO-->BS,TO-->BS,TO-->BS,TO-->BS,TO-->BS,TO-->BS,TO-->BS,TO-->BS,TO-->BS,TO-->BS,TO-->BS,TO-->BS,TO-->BS
BH,BHR,Bahrain,Manama,Asia,Western Asia,,BH-->TO,BH-->TO,BH-->TO,BH-->TO,BH-->TO,BH-->TO,BH-->TO,BH-->TO,BH-->TO,BH-->TO,BH-->TO,BH-->TO,BH-->TO,BH-->TO,BH-->TO,BH-->TO,BH-->TO,BH-->TO,BH-->TO,,,,,,,,,,,,,,,,,TO-->BH,TO-->BH,TO-->BH,TO-->BH,TO-->BH,TO-->BH,TO-->BH,TO-->BH,TO-->BH,TO-->BH,TO-->BH,TO-->BH,TO-->BH,TO-->BH,TO-->BH,TO-->BH,TO-->BH,TO-->BH,TO-->BH
BD,BGD,Bangladesh,Dhaka,Asia,Southern Asia,,BD-->TO,BD-->TO,BD-->TO,BD-->TO,BD-->TO,BD-->TO,BD-->TO,BD-->TO,BD-->TO,BD-->TO,BD-->TO,BD-->TO,BD-->TO,BD-->TO,BD-->TO,BD-->TO,BD-->TO,BD-->TO,BD-->TO,,,,,,,,,,,,,,,,,TO-->BD,TO-->BD,TO-->BD,TO-->BD,TO-->BD,TO-->BD,TO-->BD,TO-->BD,TO-->BD,TO-->BD,TO-->BD,TO-->BD,TO-->BD,TO-->BD,TO-->BD,TO-->BD,TO-->BD,TO-->BD,TO-->BD
BB,BRB,Barbados,Bridgetown,Americas,Caribbean,,BB-->TO,BB-->TO,BB-->TO,BB-->TO,BB-->TO,BB-->TO,BB-->TO,BB-->TO,BB-->TO,BB-->TO,BB-->TO,BB-->TO,BB-->TO,BB-->TO,BB-->TO,BB-->TO,BB-->TO,BB-->TO,BB-->TO,,,,,,,,,,,,,,,,,TO-->BB,TO-->BB,TO-->BB,TO-->BB,TO-->BB,TO-->BB,TO-->BB,TO-->BB,TO-->BB,TO-->BB,TO-->BB,TO-->BB,TO-->BB,TO-->BB,TO-->BB,TO-->BB,TO-->BB,TO-->BB,TO-->BB
BY,BLR,Belarus,Minsk,Europe,Eastern Europe,,BY-->TO,BY-->TO,BY-->TO,BY-->TO,BY-->TO,BY-->TO,BY-->TO,BY-->TO,BY-->TO,BY-->TO,BY-->TO,BY-->TO,BY-->TO,BY-->TO,BY-->TO,BY-->TO,BY-->TO,BY-->TO,BY-->TO,,,,,,,,,,,,,,,,,TO-->BY,TO-->BY,TO-->BY,TO-->BY,TO-->BY,TO-->BY,TO-->BY,TO-->BY,TO-->BY,TO-->BY,TO-->BY,TO-->BY,TO-->BY,TO-->BY,TO-->BY,TO-->BY,TO-->BY,TO-->BY,TO-->BY
BE,BEL,Belgium,Brussels,Europe,Western Europe,,BE-->TO,BE-->TO,BE-->TO,BE-->TO,BE-->TO,BE-->TO,BE-->TO,BE-->TO,BE-->TO,BE-->TO,BE-->TO,BE-->TO,BE-->TO,BE-->TO,BE-->TO,BE-->TO,BE-->TO,BE-->TO,BE-->TO,,,,,,,,,,,,,,,,,TO-->BE,TO-->BE,TO-->BE,TO-->BE,TO-->BE,TO-->BE,TO-->BE,TO-->BE,TO-->BE,TO-->BE,TO-->BE,TO-->BE,TO-->BE,TO-->BE,TO-->BE,TO-->BE,TO-->BE,TO-->BE,TO-->BE
BZ,BLZ,Belize,Belmopan,Americas,Central America,,BZ-->TO,BZ-->TO,BZ-->TO,BZ-->TO,BZ-->TO,BZ-->TO,BZ-->TO,BZ-->TO,BZ-->TO,BZ-->TO,BZ-->TO,BZ-->TO,BZ-->TO,BZ-->TO,BZ-->TO,BZ-->TO,BZ-->TO,BZ-->TO,BZ-->TO,,,,,,,,,,,,,,,,,TO-->BZ,TO-->BZ,TO-->BZ,TO-->BZ,TO-->BZ,TO-->BZ,TO-->BZ,TO-->BZ,TO-->BZ,TO-->BZ,TO-->BZ,TO-->BZ,TO-->BZ,TO-->BZ,TO-->BZ,TO-->BZ,TO-->BZ,TO-->BZ,TO-->BZ
BJ,BEN,Benin,Porto-Novo,Africa,Western Africa,,BJ-->TO,BJ-->TO,BJ-->TO,BJ-->TO,BJ-->TO,BJ-->TO,BJ-->TO,BJ-->TO,BJ-->TO,BJ-->TO,BJ-->TO,BJ-->TO,BJ-->TO,BJ-->TO,BJ-->TO,BJ-->TO,BJ-->TO,BJ-->TO,BJ-->TO,,,,,,,,,,,,,,,,,TO-->BJ,TO-->BJ,TO-->BJ,TO-->BJ,TO-->BJ,TO-->BJ,TO-->BJ,TO-->BJ,TO-->BJ,TO-->BJ,TO-->BJ,TO-->BJ,TO-->BJ,TO-->BJ,TO-->BJ,TO-->BJ,TO-->BJ,TO-->BJ,TO-->BJ
BM,BMU,Bermuda,Hamilton,Americas,Northern America,,BM-->TO,BM-->TO,BM-->TO,BM-->TO,BM-->TO,BM-->TO,BM-->TO,BM-->TO,BM-->TO,BM-->TO,BM-->TO,BM-->TO,BM-->TO,BM-->TO,BM-->TO,BM-->TO,BM-->TO,BM-->TO,BM-->TO,,,,,,,,,,,,,,,,,TO-->BM,TO-->BM,TO-->BM,TO-->BM,TO-->BM,TO-->BM,TO-->BM,TO-->BM,TO-->BM,TO-->BM,TO-->BM,TO-->BM,TO-->BM,TO-->BM,TO-->BM,TO-->BM,TO-->BM,TO-->BM,TO-->BM
BT,BTN,Bhutan,Thimphu,Asia,Southern Asia,,BT-->TO,BT-->TO,BT-->TO,BT-->TO,BT-->TO,BT-->TO,BT-->TO,BT-->TO,BT-->TO,BT-->TO,BT-->TO,BT-->TO,BT-->TO,BT-->TO,BT-->TO,BT-->TO,BT-->TO,BT-->TO,BT-->TO,,,,,,,,,,,,,,,,,TO-->BT,TO-->BT,TO-->BT,TO-->BT,TO-->BT,TO-->BT,TO-->BT,TO-->BT,TO-->BT,TO-->BT,TO-->BT,TO-->BT,TO-->BT,TO-->BT,TO-->BT,TO-->BT,TO-->BT,TO-->BT,TO-->BT
BO,BOL,Bolivia,Sucre,Americas,South America,,BO-->TO,BO-->TO,BO-->TO,BO-->TO,BO-->TO,BO-->TO,BO-->TO,BO-->TO,BO-->TO,BO-->TO,BO-->TO,BO-->TO,BO-->TO,BO-->TO,BO-->TO,BO-->TO,BO-->TO,BO-->TO,BO-->TO,,,,,,,,,,,,,,,,,TO-->BO,TO-->BO,TO-->BO,TO-->BO,TO-->BO,TO-->BO,TO-->BO,TO-->BO,TO-->BO,TO-->BO,TO-->BO,TO-->BO,TO-->BO,TO-->BO,TO-->BO,TO-->BO,TO-->BO,TO-->BO,TO-->BO
BQ,BES,Bonaire,Kralendijk,Americas,Caribbean,,BQ-->TO,BQ-->TO,BQ-->TO,BQ-->TO,BQ-->TO,BQ-->TO,BQ-->TO,BQ-->TO,BQ-->TO,BQ-->TO,BQ-->TO,BQ-->TO,BQ-->TO,BQ-->TO,BQ-->TO,BQ-->TO,BQ-->TO,BQ-->TO,BQ-->TO,,,,,,,,,,,,,,,,,TO-->BQ,TO-->BQ,TO-->BQ,TO-->BQ,TO-->BQ,TO-->BQ,TO-->BQ,TO-->BQ,TO-->BQ,TO-->BQ,TO-->BQ,TO-->BQ,TO-->BQ,TO-->BQ,TO-->BQ,TO-->BQ,TO-->BQ,TO-->BQ,TO-->BQ
BA,BIH,Bosnia and Herzegovina,Sarajevo,Europe,Southern Europe,,BA-->TO,BA-->TO,BA-->TO,BA-->TO,BA-->TO,BA-->TO,BA-->TO,BA-->TO,BA-->TO,BA-->TO,BA-->TO,BA-->TO,BA-->TO,BA-->TO,BA-->TO,BA-->TO,BA-->TO,BA-->TO,BA-->TO,,,,,,,,,,,,,,,,,TO-->BA,TO-->BA,TO-->BA,TO-->BA,TO-->BA,TO-->BA,TO-->BA,TO-->BA,TO-->BA,TO-->BA,TO-->BA,TO-->BA,TO-->BA,TO-->BA,TO-->BA,TO-->BA,TO-->BA,TO-->BA,TO-->BA
BW,BWA,Botswana,Gaborone,Africa,Southern Africa,,BW-->TO,BW-->TO,BW-->TO,BW-->TO,BW-->TO,BW-->TO,BW-->TO,BW-->TO,BW-->TO,BW-->TO,BW-->TO,BW-->TO,BW-->TO,BW-->TO,BW-->TO,BW-->TO,BW-->TO,BW-->TO,BW-->TO,,,,,,,,,,,,,,,,,TO-->BW,TO-->BW,TO-->BW,TO-->BW,TO-->BW,TO-->BW,TO-->BW,TO-->BW,TO-->BW,TO-->BW,TO-->BW,TO-->BW,TO-->BW,TO-->BW,TO-->BW,TO-->BW,TO-->BW,TO-->BW,TO-->BW
BV,BVT,Bouvet Island,,,,,BV-->TO,BV-->TO,BV-->TO,BV-->TO,BV-->TO,BV-->TO,BV-->TO,BV-->TO,BV-->TO,BV-->TO,BV-->TO,BV-->TO,BV-->TO,BV-->TO,BV-->TO,BV-->TO,BV-->TO,BV-->TO,BV-->TO,,,,,,,,,,,,,,,,,TO-->BV,TO-->BV,TO-->BV,TO-->BV,TO-->BV,TO-->BV,TO-->BV,TO-->BV,TO-->BV,TO-->BV,TO-->BV,TO-->BV,TO-->BV,TO-->BV,TO-->BV,TO-->BV,TO-->BV,TO-->BV,TO-->BV
BR,BRA,Brazil,Brasília,Americas,South America,,BR-->TO,BR-->TO,BR-->TO,BR-->TO,BR-->TO,BR-->TO,BR-->TO,BR-->TO,BR-->TO,BR-->TO,BR-->TO,BR-->TO,BR-->TO,BR-->TO,BR-->TO,BR-->TO,BR-->TO,BR-->TO,BR-->TO,,,,,,,,,,,,,,,,,TO-->BR,TO-->BR,TO-->BR,TO-->BR,TO-->BR,TO-->BR,TO-->BR,TO-->BR,TO-->BR,TO-->BR,TO-->BR,TO-->BR,TO-->BR,TO-->BR,TO-->BR,TO-->BR,TO-->BR,TO-->BR,TO-->BR
IO,IOT,British Indian Ocean Territory,Diego Garcia,Africa,Eastern Africa,,IO-->TO,IO-->TO,IO-->TO,IO-->TO,IO-->TO,IO-->TO,IO-->TO,IO-->TO,IO-->TO,IO-->TO,IO-->TO,IO-->TO,IO-->TO,IO-->TO,IO-->TO,IO-->TO,IO-->TO,IO-->TO,IO-->TO,,,,,,,,,,,,,,,,,TO-->IO,TO-->IO,TO-->IO,TO-->IO,TO-->IO,TO-->IO,TO-->IO,TO-->IO,TO-->IO,TO-->IO,TO-->IO,TO-->IO,TO-->IO,TO-->IO,TO-->IO,TO-->IO,TO-->IO,TO-->IO,TO-->IO
UM,UMI,United States Minor Outlying Islands,,Americas,Northern America,,UM-->TO,UM-->TO,UM-->TO,UM-->TO,UM-->TO,UM-->TO,UM-->TO,UM-->TO,UM-->TO,UM-->TO,UM-->TO,UM-->TO,UM-->TO,UM-->TO,UM-->TO,UM-->TO,UM-->TO,UM-->TO,UM-->TO,,,,,,,,,,,,,,,,,TO-->UM,TO-->UM,TO-->UM,TO-->UM,TO-->UM,TO-->UM,TO-->UM,TO-->UM,TO-->UM,TO-->UM,TO-->UM,TO-->UM,TO-->UM,TO-->UM,TO-->UM,TO-->UM,TO-->UM,TO-->UM,TO-->UM
VG,VGB,Virgin Islands (British),Road Town,Americas,Caribbean,,VG-->TO,VG-->TO,VG-->TO,VG-->TO,VG-->TO,VG-->TO,VG-->TO,VG-->TO,VG-->TO,VG-->TO,VG-->TO,VG-->TO,VG-->TO,VG-->TO,VG-->TO,VG-->TO,VG-->TO,VG-->TO,VG-->TO,,,,,,,,,,,,,,,,,TO-->VG,TO-->VG,TO-->VG,TO-->VG,TO-->VG,TO-->VG,TO-->VG,TO-->VG,TO-->VG,TO-->VG,TO-->VG,TO-->VG,TO-->VG,TO-->VG,TO-->VG,TO-->VG,TO-->VG,TO-->VG,TO-->VG
VI,VIR,Virgin Islands (U.S.),Charlotte Amalie,Americas,Caribbean,,VI-->TO,VI-->TO,VI-->TO,VI-->TO,VI-->TO,VI-->TO,VI-->TO,VI-->TO,VI-->TO,VI-->TO,VI-->TO,VI-->TO,VI-->TO,VI-->TO,VI-->TO,VI-->TO,VI-->TO,VI-->TO,VI-->TO,,,,,,,,,,,,,,,,,TO-->VI,TO-->VI,TO-->VI,TO-->VI,TO-->VI,TO-->VI,TO-->VI,TO-->VI,TO-->VI,TO-->VI,TO-->VI,TO-->VI,TO-->VI,TO-->VI,TO-->VI,TO-->VI,TO-->VI,TO-->VI,TO-->VI
BN,BRN,Brunei,Bandar Seri Begawan,Asia,South-Eastern Asia,,BN-->TO,BN-->TO,BN-->TO,BN-->TO,BN-->TO,BN-->TO,BN-->TO,BN-->TO,BN-->TO,BN-->TO,BN-->TO,BN-->TO,BN-->TO,BN-->TO,BN-->TO,BN-->TO,BN-->TO,BN-->TO,BN-->TO,,,,,,,,,,,,,,,,,TO-->BN,TO-->BN,TO-->BN,TO-->BN,TO-->BN,TO-->BN,TO-->BN,TO-->BN,TO-->BN,TO-->BN,TO-->BN,TO-->BN,TO-->BN,TO-->BN,TO-->BN,TO-->BN,TO-->BN,TO-->BN,TO-->BN
BG,BGR,Bulgaria,Sofia,Europe,Eastern Europe,,BG-->TO,BG-->TO,BG-->TO,BG-->TO,BG-->TO,BG-->TO,BG-->TO,BG-->TO,BG-->TO,BG-->TO,BG-->TO,BG-->TO,BG-->TO,BG-->TO,BG-->TO,BG-->TO,BG-->TO,BG-->TO,BG-->TO,,,,,,,,,,,,,,,,,TO-->BG,TO-->BG,TO-->BG,TO-->BG,TO-->BG,TO-->BG,TO-->BG,TO-->BG,TO-->BG,TO-->BG,TO-->BG,TO-->BG,TO-->BG,TO-->BG,TO-->BG,TO-->BG,TO-->BG,TO-->BG,TO-->BG
BF,BFA,Burkina Faso,Ouagadougou,Africa,Western Africa,,BF-->TO,BF-->TO,BF-->TO,BF-->TO,BF-->TO,BF-->TO,BF-->TO,BF-->TO,BF-->TO,BF-->TO,BF-->TO,BF-->TO,BF-->TO,BF-->TO,BF-->TO,BF-->TO,BF-->TO,BF-->TO,BF-->TO,,,,,,,,,,,,,,,,,TO-->BF,TO-->BF,TO-->BF,TO-->BF,TO-->BF,TO-->BF,TO-->BF,TO-->BF,TO-->BF,TO-->BF,TO-->BF,TO-->BF,TO-->BF,TO-->BF,TO-->BF,TO-->BF,TO-->BF,TO-->BF,TO-->BF
BI,BDI,Burundi,Bujumbura,Africa,Eastern Africa,,BI-->TO,BI-->TO,BI-->TO,BI-->TO,BI-->TO,BI-->TO,BI-->TO,BI-->TO,BI-->TO,BI-->TO,BI-->TO,BI-->TO,BI-->TO,BI-->TO,BI-->TO,BI-->TO,BI-->TO,BI-->TO,BI-->TO,,,,,,,,,,,,,,,,,TO-->BI,TO-->BI,TO-->BI,TO-->BI,TO-->BI,TO-->BI,TO-->BI,TO-->BI,TO-->BI,TO-->BI,TO-->BI,TO-->BI,TO-->BI,TO-->BI,TO-->BI,TO-->BI,TO-->BI,TO-->BI,TO-->BI
KH,KHM,Cambodia,Phnom Penh,Asia,South-Eastern Asia,,KH-->TO,KH-->TO,KH-->TO,KH-->TO,KH-->TO,KH-->TO,KH-->TO,KH-->TO,KH-->TO,KH-->TO,KH-->TO,KH-->TO,KH-->TO,KH-->TO,KH-->TO,KH-->TO,KH-->TO,KH-->TO,KH-->TO,,,,,,,,,,,,,,,,,TO-->KH,TO-->KH,TO-->KH,TO-->KH,TO-->KH,TO-->KH,TO-->KH,TO-->KH,TO-->KH,TO-->KH,TO-->KH,TO-->KH,TO-->KH,TO-->KH,TO-->KH,TO-->KH,TO-->KH,TO-->KH,TO-->KH
CM,CMR,Cameroon,Yaoundé,Africa,Middle Africa,,CM-->TO,CM-->TO,CM-->TO,CM-->TO,CM-->TO,CM-->TO,CM-->TO,CM-->TO,CM-->TO,CM-->TO,CM-->TO,CM-->TO,CM-->TO,CM-->TO,CM-->TO,CM-->TO,CM-->TO,CM-->TO,CM-->TO,,,,,,,,,,,,,,,,,TO-->CM,TO-->CM,TO-->CM,TO-->CM,TO-->CM,TO-->CM,TO-->CM,TO-->CM,TO-->CM,TO-->CM,TO-->CM,TO-->CM,TO-->CM,TO-->CM,TO-->CM,TO-->CM,TO-->CM,TO-->CM,TO-->CM
CA,CAN,Canada,Ottawa,Americas,Northern America,,CA-->TO,CA-->TO,CA-->TO,CA-->TO,CA-->TO,CA-->TO,CA-->TO,CA-->TO,CA-->TO,CA-->TO,CA-->TO,CA-->TO,CA-->TO,CA-->TO,CA-->TO,CA-->TO,CA-->TO,CA-->TO,CA-->TO,,,,,,,,,,,,,,,,,TO-->CA,TO-->CA,TO-->CA,TO-->CA,TO-->CA,TO-->CA,TO-->CA,TO-->CA,TO-->CA,TO-->CA,TO-->CA,TO-->CA,TO-->CA,TO-->CA,TO-->CA,TO-->CA,TO-->CA,TO-->CA,TO-->CA
CV,CPV,Cape Verde,Praia,Africa,Western Africa,,CV-->TO,CV-->TO,CV-->TO,CV-->TO,CV-->TO,CV-->TO,CV-->TO,CV-->TO,CV-->TO,CV-->TO,CV-->TO,CV-->TO,CV-->TO,CV-->TO,CV-->TO,CV-->TO,CV-->TO,CV-->TO,CV-->TO,,,,,,,,,,,,,,,,,TO-->CV,TO-->CV,TO-->CV,TO-->CV,TO-->CV,TO-->CV,TO-->CV,TO-->CV,TO-->CV,TO-->CV,TO-->CV,TO-->CV,TO-->CV,TO-->CV,TO-->CV,TO-->CV,TO-->CV,TO-->CV,TO-->CV
KY,CYM,Cayman Islands,George Town,Americas,Caribbean,,KY-->TO,KY-->TO,KY-->TO,KY-->TO,KY-->TO,KY-->TO,KY-->TO,KY-->TO,KY-->TO,KY-->TO,KY-->TO,KY-->TO,KY-->TO,KY-->TO,KY-->TO,KY-->TO,KY-->TO,KY-->TO,KY-->TO,,,,,,,,,,,,,,,,,TO-->KY,TO-->KY,TO-->KY,TO-->KY,TO-->KY,TO-->KY,TO-->KY,TO-->KY,TO-->KY,TO-->KY,TO-->KY,TO-->KY,TO-->KY,TO-->KY,TO-->KY,TO-->KY,TO-->KY,TO-->KY,TO-->KY
CF,CAF,Central African Republic,Bangui,Africa,Middle Africa,,CF-->TO,CF-->TO,CF-->TO,CF-->TO,CF-->TO,CF-->TO,CF-->TO,CF-->TO,CF-->TO,CF-->TO,CF-->TO,CF-->TO,CF-->TO,CF-->TO,CF-->TO,CF-->TO,CF-->TO,CF-->TO,CF-->TO,,,,,,,,,,,,,,,,,TO-->CF,TO-->CF,TO-->CF,TO-->CF,TO-->CF,TO-->CF,TO-->CF,TO-->CF,TO-->CF,TO-->CF,TO-->CF,TO-->CF,TO-->CF,TO-->CF,TO-->CF,TO-->CF,TO-->CF,TO-->CF,TO-->CF
TD,TCD,Chad,N'Djamena,Africa,Middle Africa,,TD-->TO,TD-->TO,TD-->TO,TD-->TO,TD-->TO,TD-->TO,TD-->TO,TD-->TO,TD-->TO,TD-->TO,TD-->TO,TD-->TO,TD-->TO,TD-->TO,TD-->TO,TD-->TO,TD-->TO,TD-->TO,TD-->TO,,,,,,,,,,,,,,,,,TO-->TD,TO-->TD,TO-->TD,TO-->TD,TO-->TD,TO-->TD,TO-->TD,TO-->TD,TO-->TD,TO-->TD,TO-->TD,TO-->TD,TO-->TD,TO-->TD,TO-->TD,TO-->TD,TO-->TD,TO-->TD,TO-->TD
CL,CHL,Chile,Santiago,Americas,South America,,CL-->TO,CL-->TO,CL-->TO,CL-->TO,CL-->TO,CL-->TO,CL-->TO,CL-->TO,CL-->TO,CL-->TO,CL-->TO,CL-->TO,CL-->TO,CL-->TO,CL-->TO,CL-->TO,CL-->TO,CL-->TO,CL-->TO,,,,,,,,,,,,,,,,,TO-->CL,TO-->CL,TO-->CL,TO-->CL,TO-->CL,TO-->CL,TO-->CL,TO-->CL,TO-->CL,TO-->CL,TO-->CL,TO-->CL,TO-->CL,TO-->CL,TO-->CL,TO-->CL,TO-->CL,TO-->CL,TO-->CL
CN,CHN,China,Beijing,Asia,Eastern Asia,,CN-->TO,CN-->TO,CN-->TO,CN-->TO,CN-->TO,CN-->TO,CN-->TO,CN-->TO,CN-->TO,CN-->TO,CN-->TO,CN-->TO,CN-->TO,CN-->TO,CN-->TO,CN-->TO,CN-->TO,CN-->TO,CN-->TO,,,,,,,,,,,,,,,,,TO-->CN,TO-->CN,TO-->CN,TO-->CN,TO-->CN,TO-->CN,TO-->CN,TO-->CN,TO-->CN,TO-->CN,TO-->CN,TO-->CN,TO-->CN,TO-->CN,TO-->CN,TO-->CN,TO-->CN,TO-->CN,TO-->CN
CX,CXR,Christmas Island,Flying Fish Cove,Oceania,Australia and New Zealand,,CX-->TO,CX-->TO,CX-->TO,CX-->TO,CX-->TO,CX-->TO,CX-->TO,CX-->TO,CX-->TO,CX-->TO,CX-->TO,CX-->TO,CX-->TO,CX-->TO,CX-->TO,CX-->TO,CX-->TO,CX-->TO,CX-->TO,,,,,,,,,,,,,,,,,TO-->CX,TO-->CX,TO-->CX,TO-->CX,TO-->CX,TO-->CX,TO-->CX,TO-->CX,TO-->CX,TO-->CX,TO-->CX,TO-->CX,TO-->CX,TO-->CX,TO-->CX,TO-->CX,TO-->CX,TO-->CX,TO-->CX
CC,CCK,Cocos (Keeling) Islands,West Island,Oceania,Australia and New Zealand,,CC-->TO,CC-->TO,CC-->TO,CC-->TO,CC-->TO,CC-->TO,CC-->TO,CC-->TO,CC-->TO,CC-->TO,CC-->TO,CC-->TO,CC-->TO,CC-->TO,CC-->TO,CC-->TO,CC-->TO,CC-->TO,CC-->TO,,,,,,,,,,,,,,,,,TO-->CC,TO-->CC,TO-->CC,TO-->CC,TO-->CC,TO-->CC,TO-->CC,TO-->CC,TO-->CC,TO-->CC,TO-->CC,TO-->CC,TO-->CC,TO-->CC,TO-->CC,TO-->CC,TO-->CC,TO-->CC,TO-->CC
CO,COL,Colombia,Bogotá,Americas,South America,,CO-->TO,CO-->TO,CO-->TO,CO-->TO,CO-->TO,CO-->TO,CO-->TO,CO-->TO,CO-->TO,CO-->TO,CO-->TO,CO-->TO,CO-->TO,CO-->TO,CO-->TO,CO-->TO,CO-->TO,CO-->TO,CO-->TO,,,,,,,,,,,,,,,,,TO-->CO,TO-->CO,TO-->CO,TO-->CO,TO-->CO,TO-->CO,TO-->CO,TO-->CO,TO-->CO,TO-->CO,TO-->CO,TO-->CO,TO-->CO,TO-->CO,TO-->CO,TO-->CO,TO-->CO,TO-->CO,TO-->CO
KM,COM,Comoros,Moroni,Africa,Eastern Africa,,KM-->TO,KM-->TO,KM-->TO,KM-->TO,KM-->TO,KM-->TO,KM-->TO,KM-->TO,KM-->TO,KM-->TO,KM-->TO,KM-->TO,KM-->TO,KM-->TO,KM-->TO,KM-->TO,KM-->TO,KM-->TO,KM-->TO,,,,,,,,,,,,,,,,,TO-->KM,TO-->KM,TO-->KM,TO-->KM,TO-->KM,TO-->KM,TO-->KM,TO-->KM,TO-->KM,TO-->KM,TO-->KM,TO-->KM,TO-->KM,TO-->KM,TO-->KM,TO-->KM,TO-->KM,TO-->KM,TO-->KM
CG,COG,Republic of the Congo,Brazzaville,Africa,Middle Africa,,CG-->TO,CG-->TO,CG-->TO,CG-->TO,CG-->TO,CG-->TO,CG-->TO,CG-->TO,CG-->TO,CG-->TO,CG-->TO,CG-->TO,CG-->TO,CG-->TO,CG-->TO,CG-->TO,CG-->TO,CG-->TO,CG-->TO,,,,,,,,,,,,,,,,,TO-->CG,TO-->CG,TO-->CG,TO-->CG,TO-->CG,TO-->CG,TO-->CG,TO-->CG,TO-->CG,TO-->CG,TO-->CG,TO-->CG,TO-->CG,TO-->CG,TO-->CG,TO-->CG,TO-->CG,TO-->CG,TO-->CG
CD,COD,Democratic Republic of the Congo,Kinshasa,Africa,Middle Africa,,CD-->TO,CD-->TO,CD-->TO,CD-->TO,CD-->TO,CD-->TO,CD-->TO,CD-->TO,CD-->TO,CD-->TO,CD-->TO,CD-->TO,CD-->TO,CD-->TO,CD-->TO,CD-->TO,CD-->TO,CD-->TO,CD-->TO,,,,,,,,,,,,,,,,,TO-->CD,TO-->CD,TO-->CD,TO-->CD,TO-->CD,TO-->CD,TO-->CD,TO-->CD,TO-->CD,TO-->CD,TO-->CD,TO-->CD,TO-->CD,TO-->CD,TO-->CD,TO-->CD,TO-->CD,TO-->CD,TO-->CD
CK,COK,Cook Islands,Avarua,Oceania,Polynesia,,CK-->TO,CK-->TO,CK-->TO,CK-->TO,CK-->TO,CK-->TO,CK-->TO,CK-->TO,CK-->TO,CK-->TO,CK-->TO,CK-->TO,CK-->TO,CK-->TO,CK-->TO,CK-->TO,CK-->TO,CK-->TO,CK-->TO,,,,,,,,,,,,,,,,,TO-->CK,TO-->CK,TO-->CK,TO-->CK,TO-->CK,TO-->CK,TO-->CK,TO-->CK,TO-->CK,TO-->CK,TO-->CK,TO-->CK,TO-->CK,TO-->CK,TO-->CK,TO-->CK,TO-->CK,TO-->CK,TO-->CK
CR,CRI,Costa Rica,San José,Americas,Central America,,CR-->TO,CR-->TO,CR-->TO,CR-->TO,CR-->TO,CR-->TO,CR-->TO,CR-->TO,CR-->TO,CR-->TO,CR-->TO,CR-->TO,CR-->TO,CR-->TO,CR-->TO,CR-->TO,CR-->TO,CR-->TO,CR-->TO,,,,,,,,,,,,,,,,,TO-->CR,TO-->CR,TO-->CR,TO-->CR,TO-->CR,TO-->CR,TO-->CR,TO-->CR,TO-->CR,TO-->CR,TO-->CR,TO-->CR,TO-->CR,TO-->CR,TO-->CR,TO-->CR,TO-->CR,TO-->CR,TO-->CR
HR,HRV,Croatia,Zagreb,Europe,Southern Europe,,HR-->TO,HR-->TO,HR-->TO,HR-->TO,HR-->TO,HR-->TO,HR-->TO,HR-->TO,HR-->TO,HR-->TO,HR-->TO,HR-->TO,HR-->TO,HR-->TO,HR-->TO,HR-->TO,HR-->TO,HR-->TO,HR-->TO,,,,,,,,,,,,,,,,,TO-->HR,TO-->HR,TO-->HR,TO-->HR,TO-->HR,TO-->HR,TO-->HR,TO-->HR,TO-->HR,TO-->HR,TO-->HR,TO-->HR,TO-->HR,TO-->HR,TO-->HR,TO-->HR,TO-->HR,TO-->HR,TO-->HR
CU,CUB,Cuba,Havana,Americas,Caribbean,,CU-->TO,CU-->TO,CU-->TO,CU-->TO,CU-->TO,CU-->TO,CU-->TO,CU-->TO,CU-->TO,CU-->TO,CU-->TO,CU-->TO,CU-->TO,CU-->TO,CU-->TO,CU-->TO,CU-->TO,CU-->TO,CU-->TO,,,,,,,,,,,,,,,,,TO-->CU,TO-->CU,TO-->CU,TO-->CU,TO-->CU,TO-->CU,TO-->CU,TO-->CU,TO-->CU,TO-->CU,TO-->CU,TO-->CU,TO-->CU,TO-->CU,TO-->CU,TO-->CU,TO-->CU,TO-->CU,TO-->CU
CW,CUW,Curaçao,Willemstad,Americas,Caribbean,,CW-->TO,CW-->TO,CW-->TO,CW-->TO,CW-->TO,CW-->TO,CW-->TO,CW-->TO,CW-->TO,CW-->TO,CW-->TO,CW-->TO,CW-->TO,CW-->TO,CW-->TO,CW-->TO,CW-->TO,CW-->TO,CW-->TO,,,,,,,,,,,,,,,,,TO-->CW,TO-->CW,TO-->CW,TO-->CW,TO-->CW,TO-->CW,TO-->CW,TO-->CW,TO-->CW,TO-->CW,TO-->CW,TO-->CW,TO-->CW,TO-->CW,TO-->CW,TO-->CW,TO-->CW,TO-->CW,TO-->CW
CY,CYP,Cyprus,Nicosia,Europe,Southern Europe,,CY-->TO,CY-->TO,CY-->TO,CY-->TO,CY-->TO,CY-->TO,CY-->TO,CY-->TO,CY-->TO,CY-->TO,CY-->TO,CY-->TO,CY-->TO,CY-->TO,CY-->TO,CY-->TO,CY-->TO,CY-->TO,CY-->TO,,,,,,,,,,,,,,,,,TO-->CY,TO-->CY,TO-->CY,TO-->CY,TO-->CY,TO-->CY,TO-->CY,TO-->CY,TO-->CY,TO-->CY,TO-->CY,TO-->CY,TO-->CY,TO-->CY,TO-->CY,TO-->CY,TO-->CY,TO-->CY,TO-->CY
CZ,CZE,Czech Republic,Prague,Europe,Eastern Europe,,CZ-->TO,CZ-->TO,CZ-->TO,CZ-->TO,CZ-->TO,CZ-->TO,CZ-->TO,CZ-->TO,CZ-->TO,CZ-->TO,CZ-->TO,CZ-->TO,CZ-->TO,CZ-->TO,CZ-->TO,CZ-->TO,CZ-->TO,CZ-->TO,CZ-->TO,,,,,,,,,,,,,,,,,TO-->CZ,TO-->CZ,TO-->CZ,TO-->CZ,TO-->CZ,TO-->CZ,TO-->CZ,TO-->CZ,TO-->CZ,TO-->CZ,TO-->CZ,TO-->CZ,TO-->CZ,TO-->CZ,TO-->CZ,TO-->CZ,TO-->CZ,TO-->CZ,TO-->CZ
DK,DNK,Denmark,Copenhagen,Europe,Northern Europe,,DK-->TO,DK-->TO,DK-->TO,DK-->TO,DK-->TO,DK-->TO,DK-->TO,DK-->TO,DK-->TO,DK-->TO,DK-->TO,DK-->TO,DK-->TO,DK-->TO,DK-->TO,DK-->TO,DK-->TO,DK-->TO,DK-->TO,,,,,,,,,,,,,,,,,TO-->DK,TO-->DK,TO-->DK,TO-->DK,TO-->DK,TO-->DK,TO-->DK,TO-->DK,TO-->DK,TO-->DK,TO-->DK,TO-->DK,TO-->DK,TO-->DK,TO-->DK,TO-->DK,TO-->DK,TO-->DK,TO-->DK
DJ,DJI,Djibouti,Djibouti,Africa,Eastern Africa,,DJ-->TO,DJ-->TO,DJ-->TO,DJ-->TO,DJ-->TO,DJ-->TO,DJ-->TO,DJ-->TO,DJ-->TO,DJ-->TO,DJ-->TO,DJ-->TO,DJ-->TO,DJ-->TO,DJ-->TO,DJ-->TO,DJ-->TO,DJ-->TO,DJ-->TO,,,,,,,,,,,,,,,,,TO-->DJ,TO-->DJ,TO-->DJ,TO-->DJ,TO-->DJ,TO-->DJ,TO-->DJ,TO-->DJ,TO-->DJ,TO-->DJ,TO-->DJ,TO-->DJ,TO-->DJ,TO-->DJ,TO-->DJ,TO-->DJ,TO-->DJ,TO-->DJ,TO-->DJ
DM,DMA,Dominica,Roseau,Americas,Caribbean,,DM-->TO,DM-->TO,DM-->TO,DM-->TO,DM-->TO,DM-->TO,DM-->TO,DM-->TO,DM-->TO,DM-->TO,DM-->TO,DM-->TO,DM-->TO,DM-->TO,DM-->TO,DM-->TO,DM-->TO,DM-->TO,DM-->TO,,,,,,,,,,,,,,,,,TO-->DM,TO-->DM,TO-->DM,TO-->DM,TO-->DM,TO-->DM,TO-->DM,TO-->DM,TO-->DM,TO-->DM,TO-->DM,TO-->DM,TO-->DM,TO-->DM,TO-->DM,TO-->DM,TO-->DM,TO-->DM,TO-->DM
DO,DOM,Dominican Republic,Santo Domingo,Americas,Caribbean,,DO-->TO,DO-->TO,DO-->TO,DO-->TO,DO-->TO,DO-->TO,DO-->TO,DO-->TO,DO-->TO,DO-->TO,DO-->TO,DO-->TO,DO-->TO,DO-->TO,DO-->TO,DO-->TO,DO-->TO,DO-->TO,DO-->TO,,,,,,,,,,,,,,,,,TO-->DO,TO-->DO,TO-->DO,TO-->DO,TO-->DO,TO-->DO,TO-->DO,TO-->DO,TO-->DO,TO-->DO,TO-->DO,TO-->DO,TO-->DO,TO-->DO,TO-->DO,TO-->DO,TO-->DO,TO-->DO,TO-->DO
EC,ECU,Ecuador,Quito,Americas,South America,,EC-->TO,EC-->TO,EC-->TO,EC-->TO,EC-->TO,EC-->TO,EC-->TO,EC-->TO,EC-->TO,EC-->TO,EC-->TO,EC-->TO,EC-->TO,EC-->TO,EC-->TO,EC-->TO,EC-->TO,EC-->TO,EC-->TO,,,,,,,,,,,,,,,,,TO-->EC,TO-->EC,TO-->EC,TO-->EC,TO-->EC,TO-->EC,TO-->EC,TO-->EC,TO-->EC,TO-->EC,TO-->EC,TO-->EC,TO-->EC,TO-->EC,TO-->EC,TO-->EC,TO-->EC,TO-->EC,TO-->EC
EG,EGY,Egypt,Cairo,Africa,Northern Africa,,EG-->TO,EG-->TO,EG-->TO,EG-->TO,EG-->TO,EG-->TO,EG-->TO,EG-->TO,EG-->TO,EG-->TO,EG-->TO,EG-->TO,EG-->TO,EG-->TO,EG-->TO,EG-->TO,EG-->TO,EG-->TO,EG-->TO,,,,,,,,,,,,,,,,,TO-->EG,TO-->EG,TO-->EG,TO-->EG,TO-->EG,TO-->EG,TO-->EG,TO-->EG,TO-->EG,TO-->EG,TO-->EG,TO-->EG,TO-->EG,TO-->EG,TO-->EG,TO-->EG,TO-->EG,TO-->EG,TO-->EG
SV,SLV,El Salvador,San Salvador,Americas,Central America,,SV-->TO,SV-->TO,SV-->TO,SV-->TO,SV-->TO,SV-->TO,SV-->TO,SV-->TO,SV-->TO,SV-->TO,SV-->TO,SV-->TO,SV-->TO,SV-->TO,SV-->TO,SV-->TO,SV-->TO,SV-->TO,SV-->TO,,,,,,,,,,,,,,,,,TO-->SV,TO-->SV,TO-->SV,TO-->SV,TO-->SV,TO-->SV,TO-->SV,TO-->SV,TO-->SV,TO-->SV,TO-->SV,TO-->SV,TO-->SV,TO-->SV,TO-->SV,TO-->SV,TO-->SV,TO-->SV,TO-->SV
GQ,GNQ,Equatorial Guinea,Malabo,Africa,Middle Africa,,GQ-->TO,GQ-->TO,GQ-->TO,GQ-->TO,GQ-->TO,GQ-->TO,GQ-->TO,GQ-->TO,GQ-->TO,GQ-->TO,GQ-->TO,GQ-->TO,GQ-->TO,GQ-->TO,GQ-->TO,GQ-->TO,GQ-->TO,GQ-->TO,GQ-->TO,,,,,,,,,,,,,,,,,TO-->GQ,TO-->GQ,TO-->GQ,TO-->GQ,TO-->GQ,TO-->GQ,TO-->GQ,TO-->GQ,TO-->GQ,TO-->GQ,TO-->GQ,TO-->GQ,TO-->GQ,TO-->GQ,TO-->GQ,TO-->GQ,TO-->GQ,TO-->GQ,TO-->GQ
ER,ERI,Eritrea,Asmara,Africa,Eastern Africa,,ER-->TO,ER-->TO,ER-->TO,ER-->TO,ER-->TO,ER-->TO,ER-->TO,ER-->TO,ER-->TO,ER-->TO,ER-->TO,ER-->TO,ER-->TO,ER-->TO,ER-->TO,ER-->TO,ER-->TO,ER-->TO,ER-->TO,,,,,,,,,,,,,,,,,TO-->ER,TO-->ER,TO-->ER,TO-->ER,TO-->ER,TO-->ER,TO-->ER,TO-->ER,TO-->ER,TO-->ER,TO-->ER,TO-->ER,TO-->ER,TO-->ER,TO-->ER,TO-->ER,TO-->ER,TO-->ER,TO-->ER
EE,EST,Estonia,Tallinn,Europe,Northern Europe,,EE-->TO,EE-->TO,EE-->TO,EE-->TO,EE-->TO,EE-->TO,EE-->TO,EE-->TO,EE-->TO,EE-->TO,EE-->TO,EE-->TO,EE-->TO,EE-->TO,EE-->TO,EE-->TO,EE-->TO,EE-->TO,EE-->TO,,,,,,,,,,,,,,,,,TO-->EE,TO-->EE,TO-->EE,TO-->EE,TO-->EE,TO-->EE,TO-->EE,TO-->EE,TO-->EE,TO-->EE,TO-->EE,TO-->EE,TO-->EE,TO-->EE,TO-->EE,TO-->EE,TO-->EE,TO-->EE,TO-->EE
ET,ETH,Ethiopia,Addis Ababa,Africa,Eastern Africa,,ET-->TO,ET-->TO,ET-->TO,ET-->TO,ET-->TO,ET-->TO,ET-->TO,ET-->TO,ET-->TO,ET-->TO,ET-->TO,ET-->TO,ET-->TO,ET-->TO,ET-->TO,ET-->TO,ET-->TO,ET-->TO,ET-->TO,,,,,,,,,,,,,,,,,TO-->ET,TO-->ET,TO-->ET,TO-->ET,TO-->ET,TO-->ET,TO-->ET,TO-->ET,TO-->ET,TO-->ET,TO-->ET,TO-->ET,TO-->ET,TO-->ET,TO-->ET,TO-->ET,TO-->ET,TO-->ET,TO-->ET
FK,FLK,Falkland Islands,Stanley,Americas,South America,,FK-->TO,FK-->TO,FK-->TO,FK-->TO,FK-->TO,FK-->TO,FK-->TO,FK-->TO,FK-->TO,FK-->TO,FK-->TO,FK-->TO,FK-->TO,FK-->TO,FK-->TO,FK-->TO,FK-->TO,FK-->TO,FK-->TO,,,,,,,,,,,,,,,,,TO-->FK,TO-->FK,TO-->FK,TO-->FK,TO-->FK,TO-->FK,TO-->FK,TO-->FK,TO-->FK,TO-->FK,TO-->FK,TO-->FK,TO-->FK,TO-->FK,TO-->FK,TO-->FK,TO-->FK,TO-->FK,TO-->FK
FO,FRO,Faroe Islands,Tórshavn,Europe,Northern Europe,,FO-->TO,FO-->TO,FO-->TO,FO-->TO,FO-->TO,FO-->TO,FO-->TO,FO-->TO,FO-->TO,FO-->TO,FO-->TO,FO-->TO,FO-->TO,FO-->TO,FO-->TO,FO-->TO,FO-->TO,FO-->TO,FO-->TO,,,,,,,,,,,,,,,,,TO-->FO,TO-->FO,TO-->FO,TO-->FO,TO-->FO,TO-->FO,TO-->FO,TO-->FO,TO-->FO,TO-->FO,TO-->FO,TO-->FO,TO-->FO,TO-->FO,TO-->FO,TO-->FO,TO-->FO,TO-->FO,TO-->FO
FJ,FJI,Fiji,Suva,Oceania,Melanesia,,FJ-->TO,FJ-->TO,FJ-->TO,FJ-->TO,FJ-->TO,FJ-->TO,FJ-->TO,FJ-->TO,FJ-->TO,FJ-->TO,FJ-->TO,FJ-->TO,FJ-->TO,FJ-->TO,FJ-->TO,FJ-->TO,FJ-->TO,FJ-->TO,FJ-->TO,,,,,,,,,,,,,,,,,TO-->FJ,TO-->FJ,TO-->FJ,TO-->FJ,TO-->FJ,TO-->FJ,TO-->FJ,TO-->FJ,TO-->FJ,TO-->FJ,TO-->FJ,TO-->FJ,TO-->FJ,TO-->FJ,TO-->FJ,TO-->FJ,TO-->FJ,TO-->FJ,TO-->FJ
FI,FIN,Finland,Helsinki,Europe,Northern Europe,,FI-->TO,FI-->TO,FI-->TO,FI-->TO,FI-->TO,FI-->TO,FI-->TO,FI-->TO,FI-->TO,FI-->TO,FI-->TO,FI-->TO,FI-->TO,FI-->TO,FI-->TO,FI-->TO,FI-->TO,FI-->TO,FI-->TO,,,,,,,,,,,,,,,,,TO-->FI,TO-->FI,TO-->FI,TO-->FI,TO-->FI,TO-->FI,TO-->FI,TO-->FI,TO-->FI,TO-->FI,TO-->FI,TO-->FI,TO-->FI,TO-->FI,TO-->FI,TO-->FI,TO-->FI,TO-->FI,TO-->FI
FR,FRA,France,Paris,Europe,Western Europe,,FR-->TO,FR-->TO,FR-->TO,FR-->TO,FR-->TO,FR-->TO,FR-->TO,FR-->TO,FR-->TO,FR-->TO,FR-->TO,FR-->TO,FR-->TO,FR-->TO,FR-->TO,FR-->TO,FR-->TO,FR-->TO,FR-->TO,,,,,,,,,,,,,,,,,TO-->FR,TO-->FR,TO-->FR,TO-->FR,TO-->FR,TO-->FR,TO-->FR,TO-->FR,TO-->FR,TO-->FR,TO-->FR,TO-->FR,TO-->FR,TO-->FR,TO-->FR,TO-->FR,TO-->FR,TO-->FR,TO-->FR
GF,GUF,French Guiana,Cayenne,Americas,South America,,GF-->TO,GF-->TO,GF-->TO,GF-->TO,GF-->TO,GF-->TO,GF-->TO,GF-->TO,GF-->TO,GF-->TO,GF-->TO,GF-->TO,GF-->TO,GF-->TO,GF-->TO,GF-->TO,GF-->TO,GF-->TO,GF-->TO,,,,,,,,,,,,,,,,,TO-->GF,TO-->GF,TO-->GF,TO-->GF,TO-->GF,TO-->GF,TO-->GF,TO-->GF,TO-->GF,TO-->GF,TO-->GF,TO-->GF,TO-->GF,TO-->GF,TO-->GF,TO-->GF,TO-->GF,TO-->GF,TO-->GF
PF,PYF,French Polynesia,Papeetē,Oceania,Polynesia,,PF-->TO,PF-->TO,PF-->TO,PF-->TO,PF-->TO,PF-->TO,PF-->TO,PF-->TO,PF-->TO,PF-->TO,PF-->TO,PF-->TO,PF-->TO,PF-->TO,PF-->TO,PF-->TO,PF-->TO,PF-->TO,PF-->TO,,,,,,,,,,,,,,,,,TO-->PF,TO-->PF,TO-->PF,TO-->PF,TO-->PF,TO-->PF,TO-->PF,TO-->PF,TO-->PF,TO-->PF,TO-->PF,TO-->PF,TO-->PF,TO-->PF,TO-->PF,TO-->PF,TO-->PF,TO-->PF,TO-->PF
TF,ATF,French Southern and Antarctic Lands,Port-aux-Français,Africa,Southern Africa,,TF-->TO,TF-->TO,TF-->TO,TF-->TO,TF-->TO,TF-->TO,TF-->TO,TF-->TO,TF-->TO,TF-->TO,TF-->TO,TF-->TO,TF-->TO,TF-->TO,TF-->TO,TF-->TO,TF-->TO,TF-->TO,TF-->TO,,,,,,,,,,,,,,,,,TO-->TF,TO-->TF,TO-->TF,TO-->TF,TO-->TF,TO-->TF,TO-->TF,TO-->TF,TO-->TF,TO-->TF,TO-->TF,TO-->TF,TO-->TF,TO-->TF,TO-->TF,TO-->TF,TO-->TF,TO-->TF,TO-->TF
GA,GAB,Gabon,Libreville,Africa,Middle Africa,,GA-->TO,GA-->TO,GA-->TO,GA-->TO,GA-->TO,GA-->TO,GA-->TO,GA-->TO,GA-->TO,GA-->TO,GA-->TO,GA-->TO,GA-->TO,GA-->TO,GA-->TO,GA-->TO,GA-->TO,GA-->TO,GA-->TO,,,,,,,,,,,,,,,,,TO-->GA,TO-->GA,TO-->GA,TO-->GA,TO-->GA,TO-->GA,TO-->GA,TO-->GA,TO-->GA,TO-->GA,TO-->GA,TO-->GA,TO-->GA,TO-->GA,TO-->GA,TO-->GA,TO-->GA,TO-->GA,TO-->GA
GM,GMB,The Gambia,Banjul,Africa,Western Africa,,GM-->TO,GM-->TO,GM-->TO,GM-->TO,GM-->TO,GM-->TO,GM-->TO,GM-->TO,GM-->TO,GM-->TO,GM-->TO,GM-->TO,GM-->TO,GM-->TO,GM-->TO,GM-->TO,GM-->TO,GM-->TO,GM-->TO,,,,,,,,,,,,,,,,,TO-->GM,TO-->GM,TO-->GM,TO-->GM,TO-->GM,TO-->GM,TO-->GM,TO-->GM,TO-->GM,TO-->GM,TO-->GM,TO-->GM,TO-->GM,TO-->GM,TO-->GM,TO-->GM,TO-->GM,TO-->GM,TO-->GM
GE,GEO,Georgia,Tbilisi,Asia,Western Asia,,GE-->TO,GE-->TO,GE-->TO,GE-->TO,GE-->TO,GE-->TO,GE-->TO,GE-->TO,GE-->TO,GE-->TO,GE-->TO,GE-->TO,GE-->TO,GE-->TO,GE-->TO,GE-->TO,GE-->TO,GE-->TO,GE-->TO,,,,,,,,,,,,,,,,,TO-->GE,TO-->GE,TO-->GE,TO-->GE,TO-->GE,TO-->GE,TO-->GE,TO-->GE,TO-->GE,TO-->GE,TO-->GE,TO-->GE,TO-->GE,TO-->GE,TO-->GE,TO-->GE,TO-->GE,TO-->GE,TO-->GE
DE,DEU,Germany,Berlin,Europe,Western Europe,,DE-->TO,DE-->TO,DE-->TO,DE-->TO,DE-->TO,DE-->TO,DE-->TO,DE-->TO,DE-->TO,DE-->TO,DE-->TO,DE-->TO,DE-->TO,DE-->TO,DE-->TO,DE-->TO,DE-->TO,DE-->TO,DE-->TO,,,,,,,,,,,,,,,,,TO-->DE,TO-->DE,TO-->DE,TO-->DE,TO-->DE,TO-->DE,TO-->DE,TO-->DE,TO-->DE,TO-->DE,TO-->DE,TO-->DE,TO-->DE,TO-->DE,TO-->DE,TO-->DE,TO-->DE,TO-->DE,TO-->DE
GH,GHA,Ghana,Accra,Africa,Western Africa,,GH-->TO,GH-->TO,GH-->TO,GH-->TO,GH-->TO,GH-->TO,GH-->TO,GH-->TO,GH-->TO,GH-->TO,GH-->TO,GH-->TO,GH-->TO,GH-->TO,GH-->TO,GH-->TO,GH-->TO,GH-->TO,GH-->TO,,,,,,,,,,,,,,,,,TO-->GH,TO-->GH,TO-->GH,TO-->GH,TO-->GH,TO-->GH,TO-->GH,TO-->GH,TO-->GH,TO-->GH,TO-->GH,TO-->GH,TO-->GH,TO-->GH,TO-->GH,TO-->GH,TO-->GH,TO-->GH,TO-->GH
GI,GIB,Gibraltar,Gibraltar,Europe,Southern Europe,,GI-->TO,GI-->TO,GI-->TO,GI-->TO,GI-->TO,GI-->TO,GI-->TO,GI-->TO,GI-->TO,GI-->TO,GI-->TO,GI-->TO,GI-->TO,GI-->TO,GI-->TO,GI-->TO,GI-->TO,GI-->TO,GI-->TO,,,,,,,,,,,,,,,,,TO-->GI,TO-->GI,TO-->GI,TO-->GI,TO-->GI,TO-->GI,TO-->GI,TO-->GI,TO-->GI,TO-->GI,TO-->GI,TO-->GI,TO-->GI,TO-->GI,TO-->GI,TO-->GI,TO-->GI,TO-->GI,TO-->GI
GR,GRC,Greece,Athens,Europe,Southern Europe,,GR-->TO,GR-->TO,GR-->TO,GR-->TO,GR-->TO,GR-->TO,GR-->TO,GR-->TO,GR-->TO,GR-->TO,GR-->TO,GR-->TO,GR-->TO,GR-->TO,GR-->TO,GR-->TO,GR-->TO,GR-->TO,GR-->TO,,,,,,,,,,,,,,,,,TO-->GR,TO-->GR,TO-->GR,TO-->GR,TO-->GR,TO-->GR,TO-->GR,TO-->GR,TO-->GR,TO-->GR,TO-->GR,TO-->GR,TO-->GR,TO-->GR,TO-->GR,TO-->GR,TO-->GR,TO-->GR,TO-->GR
GL,GRL,Greenland,Nuuk,Americas,Northern America,,GL-->TO,GL-->TO,GL-->TO,GL-->TO,GL-->TO,GL-->TO,GL-->TO,GL-->TO,GL-->TO,GL-->TO,GL-->TO,GL-->TO,GL-->TO,GL-->TO,GL-->TO,GL-->TO,GL-->TO,GL-->TO,GL-->TO,,,,,,,,,,,,,,,,,TO-->GL,TO-->GL,TO-->GL,TO-->GL,TO-->GL,TO-->GL,TO-->GL,TO-->GL,TO-->GL,TO-->GL,TO-->GL,TO-->GL,TO-->GL,TO-->GL,TO-->GL,TO-->GL,TO-->GL,TO-->GL,TO-->GL
GD,GRD,Grenada,St. George's,Americas,Caribbean,,GD-->TO,GD-->TO,GD-->TO,GD-->TO,GD-->TO,GD-->TO,GD-->TO,GD-->TO,GD-->TO,GD-->TO,GD-->TO,GD-->TO,GD-->TO,GD-->TO,GD-->TO,GD-->TO,GD-->TO,GD-->TO,GD-->TO,,,,,,,,,,,,,,,,,TO-->GD,TO-->GD,TO-->GD,TO-->GD,TO-->GD,TO-->GD,TO-->GD,TO-->GD,TO-->GD,TO-->GD,TO-->GD,TO-->GD,TO-->GD,TO-->GD,TO-->GD,TO-->GD,TO-->GD,TO-->GD,TO-->GD
GP,GLP,Guadeloupe,Basse-Terre,Americas,Caribbean,,GP-->TO,GP-->TO,GP-->TO,GP-->TO,GP-->TO,GP-->TO,GP-->TO,GP-->TO,GP-->TO,GP-->TO,GP-->TO,GP-->TO,GP-->TO,GP-->TO,GP-->TO,GP-->TO,GP-->TO,GP-->TO,GP-->TO,,,,,,,,,,,,,,,,,TO-->GP,TO-->GP,TO-->GP,TO-->GP,TO-->GP,TO-->GP,TO-->GP,TO-->GP,TO-->GP,TO-->GP,TO-->GP,TO-->GP,TO-->GP,TO-->GP,TO-->GP,TO-->GP,TO-->GP,TO-->GP,TO-->GP
GU,GUM,Guam,Hagåtña,Oceania,Micronesia,,GU-->TO,GU-->TO,GU-->TO,GU-->TO,GU-->TO,GU-->TO,GU-->TO,GU-->TO,GU-->TO,GU-->TO,GU-->TO,GU-->TO,GU-->TO,GU-->TO,GU-->TO,GU-->TO,GU-->TO,GU-->TO,GU-->TO,,,,,,,,,,,,,,,,,TO-->GU,TO-->GU,TO-->GU,TO-->GU,TO-->GU,TO-->GU,TO-->GU,TO-->GU,TO-->GU,TO-->GU,TO-->GU,TO-->GU,TO-->GU,TO-->GU,TO-->GU,TO-->GU,TO-->GU,TO-->GU,TO-->GU
GT,GTM,Guatemala,Guatemala City,Americas,Central America,,GT-->TO,GT-->TO,GT-->TO,GT-->TO,GT-->TO,GT-->TO,GT-->TO,GT-->TO,GT-->TO,GT-->TO,GT-->TO,GT-->TO,GT-->TO,GT-->TO,GT-->TO,GT-->TO,GT-->TO,GT-->TO,GT-->TO,,,,,,,,,,,,,,,,,TO-->GT,TO-->GT,TO-->GT,TO-->GT,TO-->GT,TO-->GT,TO-->GT,TO-->GT,TO-->GT,TO-->GT,TO-->GT,TO-->GT,TO-->GT,TO-->GT,TO-->GT,TO-->GT,TO-->GT,TO-->GT,TO-->GT
GG,GGY,Guernsey,St. Peter Port,Europe,Northern Europe,,GG-->TO,GG-->TO,GG-->TO,GG-->TO,GG-->TO,GG-->TO,GG-->TO,GG-->TO,GG-->TO,GG-->TO,GG-->TO,GG-->TO,GG-->TO,GG-->TO,GG-->TO,GG-->TO,GG-->TO,GG-->TO,GG-->TO,,,,,,,,,,,,,,,,,TO-->GG,TO-->GG,TO-->GG,TO-->GG,TO-->GG,TO-->GG,TO-->GG,TO-->GG,TO-->GG,TO-->GG,TO-->GG,TO-->GG,TO-->GG,TO-->GG,TO-->GG,TO-->GG,TO-->GG,TO-->GG,TO-->GG
GN,GIN,Guinea,Conakry,Africa,Western Africa,,GN-->TO,GN-->TO,GN-->TO,GN-->TO,GN-->TO,GN-->TO,GN-->TO,GN-->TO,GN-->TO,GN-->TO,GN-->TO,GN-->TO,GN-->TO,GN-->TO,GN-->TO,GN-->TO,GN-->TO,GN-->TO,GN-->TO,,,,,,,,,,,,,,,,,TO-->GN,TO-->GN,TO-->GN,TO-->GN,TO-->GN,TO-->GN,TO-->GN,TO-->GN,TO-->GN,TO-->GN,TO-->GN,TO-->GN,TO-->GN,TO-->GN,TO-->GN,TO-->GN,TO-->GN,TO-->GN,TO-->GN
GW,GNB,Guinea-Bissau,Bissau,Africa,Western Africa,,GW-->TO,GW-->TO,GW-->TO,GW-->TO,GW-->TO,GW-->TO,GW-->TO,GW-->TO,GW-->TO,GW-->TO,GW-->TO,GW-->TO,GW-->TO,GW-->TO,GW-->TO,GW-->TO,GW-->TO,GW-->TO,GW-->TO,,,,,,,,,,,,,,,,,TO-->GW,TO-->GW,TO-->GW,TO-->GW,TO-->GW,TO-->GW,TO-->GW,TO-->GW,TO-->GW,TO-->GW,TO-->GW,TO-->GW,TO-->GW,TO-->GW,TO-->GW,TO-->GW,TO-->GW,TO-->GW,TO-->GW
GY,GUY,Guyana,Georgetown,Americas,South America,,GY-->TO,GY-->TO,GY-->TO,GY-->TO,GY-->TO,GY-->TO,GY-->TO,GY-->TO,GY-->TO,GY-->TO,GY-->TO,GY-->TO,GY-->TO,GY-->TO,GY-->TO,GY-->TO,GY-->TO,GY-->TO,GY-->TO,,,,,,,,,,,,,,,,,TO-->GY,TO-->GY,TO-->GY,TO-->GY,TO-->GY,TO-->GY,TO-->GY,TO-->GY,TO-->GY,TO-->GY,TO-->GY,TO-->GY,TO-->GY,TO-->GY,TO-->GY,TO-->GY,TO-->GY,TO-->GY,TO-->GY
HT,HTI,Haiti,Port-au-Prince,Americas,Caribbean,,HT-->TO,HT-->TO,HT-->TO,HT-->TO,HT-->TO,HT-->TO,HT-->TO,HT-->TO,HT-->TO,HT-->TO,HT-->TO,HT-->TO,HT-->TO,HT-->TO,HT-->TO,HT-->TO,HT-->TO,HT-->TO,HT-->TO,,,,,,,,,,,,,,,,,TO-->HT,TO-->HT,TO-->HT,TO-->HT,TO-->HT,TO-->HT,TO-->HT,TO-->HT,TO-->HT,TO-->HT,TO-->HT,TO-->HT,TO-->HT,TO-->HT,TO-->HT,TO-->HT,TO-->HT,TO-->HT,TO-->HT
HM,HMD,Heard Island and McDonald Islands,,,,,HM-->TO,HM-->TO,HM-->TO,HM-->TO,HM-->TO,HM-->TO,HM-->TO,HM-->TO,HM-->TO,HM-->TO,HM-->TO,HM-->TO,HM-->TO,HM-->TO,HM-->TO,HM-->TO,HM-->TO,HM-->TO,HM-->TO,,,,,,,,,,,,,,,,,TO-->HM,TO-->HM,TO-->HM,TO-->HM,TO-->HM,TO-->HM,TO-->HM,TO-->HM,TO-->HM,TO-->HM,TO-->HM,TO-->HM,TO-->HM,TO-->HM,TO-->HM,TO-->HM,TO-->HM,TO-->HM,TO-->HM
VA,VAT,Holy See,Rome,Europe,Southern Europe,,VA-->TO,VA-->TO,VA-->TO,VA-->TO,VA-->TO,VA-->TO,VA-->TO,VA-->TO,VA-->TO,VA-->TO,VA-->TO,VA-->TO,VA-->TO,VA-->TO,VA-->TO,VA-->TO,VA-->TO,VA-->TO,VA-->TO,,,,,,,,,,,,,,,,,TO-->VA,TO-->VA,TO-->VA,TO-->VA,TO-->VA,TO-->VA,TO-->VA,TO-->VA,TO-->VA,TO-->VA,TO-->VA,TO-->VA,TO-->VA,TO-->VA,TO-->VA,TO-->VA,TO-->VA,TO-->VA,TO-->VA
HN,HND,Honduras,Tegucigalpa,Americas,Central America,,HN-->TO,HN-->TO,HN-->TO,HN-->TO,HN-->TO,HN-->TO,HN-->TO,HN-->TO,HN-->TO,HN-->TO,HN-->TO,HN-->TO,HN-->TO,HN-->TO,HN-->TO,HN-->TO,HN-->TO,HN-->TO,HN-->TO,,,,,,,,,,,,,,,,,TO-->HN,TO-->HN,TO-->HN,TO-->HN,TO-->HN,TO-->HN,TO-->HN,TO-->HN,TO-->HN,TO-->HN,TO-->HN,TO-->HN,TO-->HN,TO-->HN,TO-->HN,TO-->HN,TO-->HN,TO-->HN,TO-->HN
HK,HKG,Hong Kong,City of Victoria,Asia,Eastern Asia,,HK-->TO,HK-->TO,HK-->TO,HK-->TO,HK-->TO,HK-->TO,HK-->TO,HK-->TO,HK-->TO,HK-->TO,HK-->TO,HK-->TO,HK-->TO,HK-->TO,HK-->TO,HK-->TO,HK-->TO,HK-->TO,HK-->TO,,,,,,,,,,,,,,,,,TO-->HK,TO-->HK,TO-->HK,TO-->HK,TO-->HK,TO-->HK,TO-->HK,TO-->HK,TO-->HK,TO-->HK,TO-->HK,TO-->HK,TO-->HK,TO-->HK,TO-->HK,TO-->HK,TO-->HK,TO-->HK,TO-->HK
HU,HUN,Hungary,Budapest,Europe,Eastern Europe,,HU-->TO,HU-->TO,HU-->TO,HU-->TO,HU-->TO,HU-->TO,HU-->TO,HU-->TO,HU-->TO,HU-->TO,HU-->TO,HU-->TO,HU-->TO,HU-->TO,HU-->TO,HU-->TO,HU-->TO,HU-->TO,HU-->TO,,,,,,,,,,,,,,,,,TO-->HU,TO-->HU,TO-->HU,TO-->HU,TO-->HU,TO-->HU,TO-->HU,TO-->HU,TO-->HU,TO-->HU,TO-->HU,TO-->HU,TO-->HU,TO-->HU,TO-->HU,TO-->HU,TO-->HU,TO-->HU,TO-->HU
IS,ISL,Iceland,Reykjavík,Europe,Northern Europe,,IS-->TO,IS-->TO,IS-->TO,IS-->TO,IS-->TO,IS-->TO,IS-->TO,IS-->TO,IS-->TO,IS-->TO,IS-->TO,IS-->TO,IS-->TO,IS-->TO,IS-->TO,IS-->TO,IS-->TO,IS-->TO,IS-->TO,,,,,,,,,,,,,,,,,TO-->IS,TO-->IS,TO-->IS,TO-->IS,TO-->IS,TO-->IS,TO-->IS,TO-->IS,TO-->IS,TO-->IS,TO-->IS,TO-->IS,TO-->IS,TO-->IS,TO-->IS,TO-->IS,TO-->IS,TO-->IS,TO-->IS
IN,IND,India,New Delhi,Asia,Southern Asia,,IN-->TO,IN-->TO,IN-->TO,IN-->TO,IN-->TO,IN-->TO,IN-->TO,IN-->TO,IN-->TO,IN-->TO,IN-->TO,IN-->TO,IN-->TO,IN-->TO,IN-->TO,IN-->TO,IN-->TO,IN-->TO,IN-->TO,,,,,,,,,,,,,,,,,TO-->IN,TO-->IN,TO-->IN,TO-->IN,TO-->IN,TO-->IN,TO-->IN,TO-->IN,TO-->IN,TO-->IN,TO-->IN,TO-->IN,TO-->IN,TO-->IN,TO-->IN,TO-->IN,TO-->IN,TO-->IN,TO-->IN
ID,IDN,Indonesia,Jakarta,Asia,South-Eastern Asia,,ID-->TO,ID-->TO,ID-->TO,ID-->TO,ID-->TO,ID-->TO,ID-->TO,ID-->TO,ID-->TO,ID-->TO,ID-->TO,ID-->TO,ID-->TO,ID-->TO,ID-->TO,ID-->TO,ID-->TO,ID-->TO,ID-->TO,,,,,,,,,,,,,,,,,TO-->ID,TO-->ID,TO-->ID,TO-->ID,TO-->ID,TO-->ID,TO-->ID,TO-->ID,TO-->ID,TO-->ID,TO-->ID,TO-->ID,TO-->ID,TO-->ID,TO-->ID,TO-->ID,TO-->ID,TO-->ID,TO-->ID
CI,CIV,Ivory Coast,Yamoussoukro,Africa,Western Africa,,CI-->TO,CI-->TO,CI-->TO,CI-->TO,CI-->TO,CI-->TO,CI-->TO,CI-->TO,CI-->TO,CI-->TO,CI-->TO,CI-->TO,CI-->TO,CI-->TO,CI-->TO,CI-->TO,CI-->TO,CI-->TO,CI-->TO,,,,,,,,,,,,,,,,,TO-->CI,TO-->CI,TO-->CI,TO-->CI,TO-->CI,TO-->CI,TO-->CI,TO-->CI,TO-->CI,TO-->CI,TO-->CI,TO-->CI,TO-->CI,TO-->CI,TO-->CI,TO-->CI,TO-->CI,TO-->CI,TO-->CI
IR,IRN,Iran,Tehran,Asia,Southern Asia,,IR-->TO,IR-->TO,IR-->TO,IR-->TO,IR-->TO,IR-->TO,IR-->TO,IR-->TO,IR-->TO,IR-->TO,IR-->TO,IR-->TO,IR-->TO,IR-->TO,IR-->TO,IR-->TO,IR-->TO,IR-->TO,IR-->TO,,,,,,,,,,,,,,,,,TO-->IR,TO-->IR,TO-->IR,TO-->IR,TO-->IR,TO-->IR,TO-->IR,TO-->IR,TO-->IR,TO-->IR,TO-->IR,TO-->IR,TO-->IR,TO-->IR,TO-->IR,TO-->IR,TO-->IR,TO-->IR,TO-->IR
IQ,IRQ,Iraq,Baghdad,Asia,Western Asia,,IQ-->TO,IQ-->TO,IQ-->TO,IQ-->TO,IQ-->TO,IQ-->TO,IQ-->TO,IQ-->TO,IQ-->TO,IQ-->TO,IQ-->TO,IQ-->TO,IQ-->TO,IQ-->TO,IQ-->TO,IQ-->TO,IQ-->TO,IQ-->TO,IQ-->TO,,,,,,,,,,,,,,,,,TO-->IQ,TO-->IQ,TO-->IQ,TO-->IQ,TO-->IQ,TO-->IQ,TO-->IQ,TO-->IQ,TO-->IQ,TO-->IQ,TO-->IQ,TO-->IQ,TO-->IQ,TO-->IQ,TO-->IQ,TO-->IQ,TO-->IQ,TO-->IQ,TO-->IQ
IE,IRL,Republic of Ireland,Dublin,Europe,Northern Europe,,IE-->TO,IE-->TO,IE-->TO,IE-->TO,IE-->TO,IE-->TO,IE-->TO,IE-->TO,IE-->TO,IE-->TO,IE-->TO,IE-->TO,IE-->TO,IE-->TO,IE-->TO,IE-->TO,IE-->TO,IE-->TO,IE-->TO,,,,,,,,,,,,,,,,,TO-->IE,TO-->IE,TO-->IE,TO-->IE,TO-->IE,TO-->IE,TO-->IE,TO-->IE,TO-->IE,TO-->IE,TO-->IE,TO-->IE,TO-->IE,TO-->IE,TO-->IE,TO-->IE,TO-->IE,TO-->IE,TO-->IE
IM,IMN,Isle of Man,Douglas,Europe,Northern Europe,,IM-->TO,IM-->TO,IM-->TO,IM-->TO,IM-->TO,IM-->TO,IM-->TO,IM-->TO,IM-->TO,IM-->TO,IM-->TO,IM-->TO,IM-->TO,IM-->TO,IM-->TO,IM-->TO,IM-->TO,IM-->TO,IM-->TO,,,,,,,,,,,,,,,,,TO-->IM,TO-->IM,TO-->IM,TO-->IM,TO-->IM,TO-->IM,TO-->IM,TO-->IM,TO-->IM,TO-->IM,TO-->IM,TO-->IM,TO-->IM,TO-->IM,TO-->IM,TO-->IM,TO-->IM,TO-->IM,TO-->IM
IL,ISR,Israel,Jerusalem,Asia,Western Asia,,IL-->TO,IL-->TO,IL-->TO,IL-->TO,IL-->TO,IL-->TO,IL-->TO,IL-->TO,IL-->TO,IL-->TO,IL-->TO,IL-->TO,IL-->TO,IL-->TO,IL-->TO,IL-->TO,IL-->TO,IL-->TO,IL-->TO,,,,,,,,,,,,,,,,,TO-->IL,TO-->IL,TO-->IL,TO-->IL,TO-->IL,TO-->IL,TO-->IL,TO-->IL,TO-->IL,TO-->IL,TO-->IL,TO-->IL,TO-->IL,TO-->IL,TO-->IL,TO-->IL,TO-->IL,TO-->IL,TO-->IL
IT,ITA,Italy,Rome,Europe,Southern Europe,,IT-->TO,IT-->TO,IT-->TO,IT-->TO,IT-->TO,IT-->TO,IT-->TO,IT-->TO,IT-->TO,IT-->TO,IT-->TO,IT-->TO,IT-->TO,IT-->TO,IT-->TO,IT-->TO,IT-->TO,IT-->TO,IT-->TO,,,,,,,,,,,,,,,,,TO-->IT,TO-->IT,TO-->IT,TO-->IT,TO-->IT,TO-->IT,TO-->IT,TO-->IT,TO-->IT,TO-->IT,TO-->IT,TO-->IT,TO-->IT,TO-->IT,TO-->IT,TO-->IT,TO-->IT,TO-->IT,TO-->IT
JM,JAM,Jamaica,Kingston,Americas,Caribbean,,JM-->TO,JM-->TO,JM-->TO,JM-->TO,JM-->TO,JM-->TO,JM-->TO,JM-->TO,JM-->TO,JM-->TO,JM-->TO,JM-->TO,JM-->TO,JM-->TO,JM-->TO,JM-->TO,JM-->TO,JM-->TO,JM-->TO,,,,,,,,,,,,,,,,,TO-->JM,TO-->JM,TO-->JM,TO-->JM,TO-->JM,TO-->JM,TO-->JM,TO-->JM,TO-->JM,TO-->JM,TO-->JM,TO-->JM,TO-->JM,TO-->JM,TO-->JM,TO-->JM,TO-->JM,TO-->JM,TO-->JM
JP,JPN,Japan,Tokyo,Asia,Eastern Asia,,JP-->TO,JP-->TO,JP-->TO,JP-->TO,JP-->TO,JP-->TO,JP-->TO,JP-->TO,JP-->TO,JP-->TO,JP-->TO,JP-->TO,JP-->TO,JP-->TO,JP-->TO,JP-->TO,JP-->TO,JP-->TO,JP-->TO,,,,,,,,,,,,,,,,,TO-->JP,TO-->JP,TO-->JP,TO-->JP,TO-->JP,TO-->JP,TO-->JP,TO-->JP,TO-->JP,TO-->JP,TO-->JP,TO-->JP,TO-->JP,TO-->JP,TO-->JP,TO-->JP,TO-->JP,TO-->JP,TO-->JP
JE,JEY,Jersey,Saint Helier,Europe,Northern Europe,,JE-->TO,JE-->TO,JE-->TO,JE-->TO,JE-->TO,JE-->TO,JE-->TO,JE-->TO,JE-->TO,JE-->TO,JE-->TO,JE-->TO,JE-->TO,JE-->TO,JE-->TO,JE-->TO,JE-->TO,JE-->TO,JE-->TO,,,,,,,,,,,,,,,,,TO-->JE,TO-->JE,TO-->JE,TO-->JE,TO-->JE,TO-->JE,TO-->JE,TO-->JE,TO-->JE,TO-->JE,TO-->JE,TO-->JE,TO-->JE,TO-->JE,TO-->JE,TO-->JE,TO-->JE,TO-->JE,TO-->JE
JO,JOR,Jordan,Amman,Asia,Western Asia,,JO-->TO,JO-->TO,JO-->TO,JO-->TO,JO-->TO,JO-->TO,JO-->TO,JO-->TO,JO-->TO,JO-->TO,JO-->TO,JO-->TO,JO-->TO,JO-->TO,JO-->TO,JO-->TO,JO-->TO,JO-->TO,JO-->TO,,,,,,,,,,,,,,,,,TO-->JO,TO-->JO,TO-->JO,TO-->JO,TO-->JO,TO-->JO,TO-->JO,TO-->JO,TO-->JO,TO-->JO,TO-->JO,TO-->JO,TO-->JO,TO-->JO,TO-->JO,TO-->JO,TO-->JO,TO-->JO,TO-->JO
KZ,KAZ,Kazakhstan,Astana,Asia,Central Asia,,KZ-->TO,KZ-->TO,KZ-->TO,KZ-->TO,KZ-->TO,KZ-->TO,KZ-->TO,KZ-->TO,KZ-->TO,KZ-->TO,KZ-->TO,KZ-->TO,KZ-->TO,KZ-->TO,KZ-->TO,KZ-->TO,KZ-->TO,KZ-->TO,KZ-->TO,,,,,,,,,,,,,,,,,TO-->KZ,TO-->KZ,TO-->KZ,TO-->KZ,TO-->KZ,TO-->KZ,TO-->KZ,TO-->KZ,TO-->KZ,TO-->KZ,TO-->KZ,TO-->KZ,TO-->KZ,TO-->KZ,TO-->KZ,TO-->KZ,TO-->KZ,TO-->KZ,TO-->KZ
KE,KEN,Kenya,Nairobi,Africa,Eastern Africa,,KE-->TO,KE-->TO,KE-->TO,KE-->TO,KE-->TO,KE-->TO,KE-->TO,KE-->TO,KE-->TO,KE-->TO,KE-->TO,KE-->TO,KE-->TO,KE-->TO,KE-->TO,KE-->TO,KE-->TO,KE-->TO,KE-->TO,,,,,,,,,,,,,,,,,TO-->KE,TO-->KE,TO-->KE,TO-->KE,TO-->KE,TO-->KE,TO-->KE,TO-->KE,TO-->KE,TO-->KE,TO-->KE,TO-->KE,TO-->KE,TO-->KE,TO-->KE,TO-->KE,TO-->KE,TO-->KE,TO-->KE
KI,KIR,Kiribati,South Tarawa,Oceania,Micronesia,,KI-->TO,KI-->TO,KI-->TO,KI-->TO,KI-->TO,KI-->TO,KI-->TO,KI-->TO,KI-->TO,KI-->TO,KI-->TO,KI-->TO,KI-->TO,KI-->TO,KI-->TO,KI-->TO,KI-->TO,KI-->TO,KI-->TO,,,,,,,,,,,,,,,,,TO-->KI,TO-->KI,TO-->KI,TO-->KI,TO-->KI,TO-->KI,TO-->KI,TO-->KI,TO-->KI,TO-->KI,TO-->KI,TO-->KI,TO-->KI,TO-->KI,TO-->KI,TO-->KI,TO-->KI,TO-->KI,TO-->KI
KW,KWT,Kuwait,Kuwait City,Asia,Western Asia,,KW-->TO,KW-->TO,KW-->TO,KW-->TO,KW-->TO,KW-->TO,KW-->TO,KW-->TO,KW-->TO,KW-->TO,KW-->TO,KW-->TO,KW-->TO,KW-->TO,KW-->TO,KW-->TO,KW-->TO,KW-->TO,KW-->TO,,,,,,,,,,,,,,,,,TO-->KW,TO-->KW,TO-->KW,TO-->KW,TO-->KW,TO-->KW,TO-->KW,TO-->KW,TO-->KW,TO-->KW,TO-->KW,TO-->KW,TO-->KW,TO-->KW,TO-->KW,TO-->KW,TO-->KW,TO-->KW,TO-->KW
KG,KGZ,Kyrgyzstan,Bishkek,Asia,Central Asia,,KG-->TO,KG-->TO,KG-->TO,KG-->TO,KG-->TO,KG-->TO,KG-->TO,KG-->TO,KG-->TO,KG-->TO,KG-->TO,KG-->TO,KG-->TO,KG-->TO,KG-->TO,KG-->TO,KG-->TO,KG-->TO,KG-->TO,,,,,,,,,,,,,,,,,TO-->KG,TO-->KG,TO-->KG,TO-->KG,TO-->KG,TO-->KG,TO-->KG,TO-->KG,TO-->KG,TO-->KG,TO-->KG,TO-->KG,TO-->KG,TO-->KG,TO-->KG,TO-->KG,TO-->KG,TO-->KG,TO-->KG
LA,LAO,Laos,Vientiane,Asia,South-Eastern Asia,,LA-->TO,LA-->TO,LA-->TO,LA-->TO,LA-->TO,LA-->TO,LA-->TO,LA-->TO,LA-->TO,LA-->TO,LA-->TO,LA-->TO,LA-->TO,LA-->TO,LA-->TO,LA-->TO,LA-->TO,LA-->TO,LA-->TO,,,,,,,,,,,,,,,,,TO-->LA,TO-->LA,TO-->LA,TO-->LA,TO-->LA,TO-->LA,TO-->LA,TO-->LA,TO-->LA,TO-->LA,TO-->LA,TO-->LA,TO-->LA,TO-->LA,TO-->LA,TO-->LA,TO-->LA,TO-->LA,TO-->LA
LV,LVA,Latvia,Riga,Europe,Northern Europe,,LV-->TO,LV-->TO,LV-->TO,LV-->TO,LV-->TO,LV-->TO,LV-->TO,LV-->TO,LV-->TO,LV-->TO,LV-->TO,LV-->TO,LV-->TO,LV-->TO,LV-->TO,LV-->TO,LV-->TO,LV-->TO,LV-->TO,,,,,,,,,,,,,,,,,TO-->LV,TO-->LV,TO-->LV,TO-->LV,TO-->LV,TO-->LV,TO-->LV,TO-->LV,TO-->LV,TO-->LV,TO-->LV,TO-->LV,TO-->LV,TO-->LV,TO-->LV,TO-->LV,TO-->LV,TO-->LV,TO-->LV
LB,LBN,Lebanon,Beirut,Asia,Western Asia,,LB-->TO,LB-->TO,LB-->TO,LB-->TO,LB-->TO,LB-->TO,LB-->TO,LB-->TO,LB-->TO,LB-->TO,LB-->TO,LB-->TO,LB-->TO,LB-->TO,LB-->TO,LB-->TO,LB-->TO,LB-->TO,LB-->TO,,,,,,,,,,,,,,,,,TO-->LB,TO-->LB,TO-->LB,TO-->LB,TO-->LB,TO-->LB,TO-->LB,TO-->LB,TO-->LB,TO-->LB,TO-->LB,TO-->LB,TO-->LB,TO-->LB,TO-->LB,TO-->LB,TO-->LB,TO-->LB,TO-->LB
LS,LSO,Lesotho,Maseru,Africa,Southern Africa,,LS-->TO,LS-->TO,LS-->TO,LS-->TO,LS-->TO,LS-->TO,LS-->TO,LS-->TO,LS-->TO,LS-->TO,LS-->TO,LS-->TO,LS-->TO,LS-->TO,LS-->TO,LS-->TO,LS-->TO,LS-->TO,LS-->TO,,,,,,,,,,,,,,,,,TO-->LS,TO-->LS,TO-->LS,TO-->LS,TO-->LS,TO-->LS,TO-->LS,TO-->LS,TO-->LS,TO-->LS,TO-->LS,TO-->LS,TO-->LS,TO-->LS,TO-->LS,TO-->LS,TO-->LS,TO-->LS,TO-->LS
LR,LBR,Liberia,Monrovia,Africa,Western Africa,,LR-->TO,LR-->TO,LR-->TO,LR-->TO,LR-->TO,LR-->TO,LR-->TO,LR-->TO,LR-->TO,LR-->TO,LR-->TO,LR-->TO,LR-->TO,LR-->TO,LR-->TO,LR-->TO,LR-->TO,LR-->TO,LR-->TO,,,,,,,,,,,,,,,,,TO-->LR,TO-->LR,TO-->LR,TO-->LR,TO-->LR,TO-->LR,TO-->LR,TO-->LR,TO-->LR,TO-->LR,TO-->LR,TO-->LR,TO-->LR,TO-->LR,TO-->LR,TO-->LR,TO-->LR,TO-->LR,TO-->LR
LY,LBY,Libya,Tripoli,Africa,Northern Africa,,LY-->TO,LY-->TO,LY-->TO,LY-->TO,LY-->TO,LY-->TO,LY-->TO,LY-->TO,LY-->TO,LY-->TO,LY-->TO,LY-->TO,LY-->TO,LY-->TO,LY-->TO,LY-->TO,LY-->TO,LY-->TO,LY-->TO,,,,,,,,,,,,,,,,,TO-->LY,TO-->LY,TO-->LY,TO-->LY,TO-->LY,TO-->LY,TO-->LY,TO-->LY,TO-->LY,TO-->LY,TO-->LY,TO-->LY,TO-->LY,TO-->LY,TO-->LY,TO-->LY,TO-->LY,TO-->LY,TO-->LY
LI,LIE,Liechtenstein,Vaduz,Europe,Western Europe,,LI-->TO,LI-->TO,LI-->TO,LI-->TO,LI-->TO,LI-->TO,LI-->TO,LI-->TO,LI-->TO,LI-->TO,LI-->TO,LI-->TO,LI-->TO,LI-->TO,LI-->TO,LI-->TO,LI-->TO,LI-->TO,LI-->TO,,,,,,,,,,,,,,,,,TO-->LI,TO-->LI,TO-->LI,TO-->LI,TO-->LI,TO-->LI,TO-->LI,TO-->LI,TO-->LI,TO-->LI,TO-->LI,TO-->LI,TO-->LI,TO-->LI,TO-->LI,TO-->LI,TO-->LI,TO-->LI,TO-->LI
LT,LTU,Lithuania,Vilnius,Europe,Northern Europe,,LT-->TO,LT-->TO,LT-->TO,LT-->TO,LT-->TO,LT-->TO,LT-->TO,LT-->TO,LT-->TO,LT-->TO,LT-->TO,LT-->TO,LT-->TO,LT-->TO,LT-->TO,LT-->TO,LT-->TO,LT-->TO,LT-->TO,,,,,,,,,,,,,,,,,TO-->LT,TO-->LT,TO-->LT,TO-->LT,TO-->LT,TO-->LT,TO-->LT,TO-->LT,TO-->LT,TO-->LT,TO-->LT,TO-->LT,TO-->LT,TO-->LT,TO-->LT,TO-->LT,TO-->LT,TO-->LT,TO-->LT
LU,LUX,Luxembourg,Luxembourg,Europe,Western Europe,,LU-->TO,LU-->TO,LU-->TO,LU-->TO,LU-->TO,LU-->TO,LU-->TO,LU-->TO,LU-->TO,LU-->TO,LU-->TO,LU-->TO,LU-->TO,LU-->TO,LU-->TO,LU-->TO,LU-->TO,LU-->TO,LU-->TO,,,,,,,,,,,,,,,,,TO-->LU,TO-->LU,TO-->LU,TO-->LU,TO-->LU,TO-->LU,TO-->LU,TO-->LU,TO-->LU,TO-->LU,TO-->LU,TO-->LU,TO-->LU,TO-->LU,TO-->LU,TO-->LU,TO-->LU,TO-->LU,TO-->LU
MO,MAC,Macau,,Asia,Eastern Asia,,MO-->TO,MO-->TO,MO-->TO,MO-->TO,MO-->TO,MO-->TO,MO-->TO,MO-->TO,MO-->TO,MO-->TO,MO-->TO,MO-->TO,MO-->TO,MO-->TO,MO-->TO,MO-->TO,MO-->TO,MO-->TO,MO-->TO,,,,,,,,,,,,,,,,,TO-->MO,TO-->MO,TO-->MO,TO-->MO,TO-->MO,TO-->MO,TO-->MO,TO-->MO,TO-->MO,TO-->MO,TO-->MO,TO-->MO,TO-->MO,TO-->MO,TO-->MO,TO-->MO,TO-->MO,TO-->MO,TO-->MO
MK,MKD,Republic of Macedonia,Skopje,Europe,Southern Europe,,MK-->TO,MK-->TO,MK-->TO,MK-->TO,MK-->TO,MK-->TO,MK-->TO,MK-->TO,MK-->TO,MK-->TO,MK-->TO,MK-->TO,MK-->TO,MK-->TO,MK-->TO,MK-->TO,MK-->TO,MK-->TO,MK-->TO,,,,,,,,,,,,,,,,,TO-->MK,TO-->MK,TO-->MK,TO-->MK,TO-->MK,TO-->MK,TO-->MK,TO-->MK,TO-->MK,TO-->MK,TO-->MK,TO-->MK,TO-->MK,TO-->MK,TO-->MK,TO-->MK,TO-->MK,TO-->MK,TO-->MK
MG,MDG,Madagascar,Antananarivo,Africa,Eastern Africa,,MG-->TO,MG-->TO,MG-->TO,MG-->TO,MG-->TO,MG-->TO,MG-->TO,MG-->TO,MG-->TO,MG-->TO,MG-->TO,MG-->TO,MG-->TO,MG-->TO,MG-->TO,MG-->TO,MG-->TO,MG-->TO,MG-->TO,,,,,,,,,,,,,,,,,TO-->MG,TO-->MG,TO-->MG,TO-->MG,TO-->MG,TO-->MG,TO-->MG,TO-->MG,TO-->MG,TO-->MG,TO-->MG,TO-->MG,TO-->MG,TO-->MG,TO-->MG,TO-->MG,TO-->MG,TO-->MG,TO-->MG
MW,MWI,Malawi,Lilongwe,Africa,Eastern Africa,,MW-->TO,MW-->TO,MW-->TO,MW-->TO,MW-->TO,MW-->TO,MW-->TO,MW-->TO,MW-->TO,MW-->TO,MW-->TO,MW-->TO,MW-->TO,MW-->TO,MW-->TO,MW-->TO,MW-->TO,MW-->TO,MW-->TO,,,,,,,,,,,,,,,,,TO-->MW,TO-->MW,TO-->MW,TO-->MW,TO-->MW,TO-->MW,TO-->MW,TO-->MW,TO-->MW,TO-->MW,TO-->MW,TO-->MW,TO-->MW,TO-->MW,TO-->MW,TO-->MW,TO-->MW,TO-->MW,TO-->MW
MY,MYS,Malaysia,Kuala Lumpur,Asia,South-Eastern Asia,,MY-->TO,MY-->TO,MY-->TO,MY-->TO,MY-->TO,MY-->TO,MY-->TO,MY-->TO,MY-->TO,MY-->TO,MY-->TO,MY-->TO,MY-->TO,MY-->TO,MY-->TO,MY-->TO,MY-->TO,MY-->TO,MY-->TO,,,,,,,,,,,,,,,,,TO-->MY,TO-->MY,TO-->MY,TO-->MY,TO-->MY,TO-->MY,TO-->MY,TO-->MY,TO-->MY,TO-->MY,TO-->MY,TO-->MY,TO-->MY,TO-->MY,TO-->MY,TO-->MY,TO-->MY,TO-->MY,TO-->MY
MV,MDV,Maldives,Malé,Asia,Southern Asia,,MV-->TO,MV-->TO,MV-->TO,MV-->TO,MV-->TO,MV-->TO,MV-->TO,MV-->TO,MV-->TO,MV-->TO,MV-->TO,MV-->TO,MV-->TO,MV-->TO,MV-->TO,MV-->TO,MV-->TO,MV-->TO,MV-->TO,,,,,,,,,,,,,,,,,TO-->MV,TO-->MV,TO-->MV,TO-->MV,TO-->MV,TO-->MV,TO-->MV,TO-->MV,TO-->MV,TO-->MV,TO-->MV,TO-->MV,TO-->MV,TO-->MV,TO-->MV,TO-->MV,TO-->MV,TO-->MV,TO-->MV
ML,MLI,Mali,Bamako,Africa,Western Africa,,ML-->TO,ML-->TO,ML-->TO,ML-->TO,ML-->TO,ML-->TO,ML-->TO,ML-->TO,ML-->TO,ML-->TO,ML-->TO,ML-->TO,ML-->TO,ML-->TO,ML-->TO,ML-->TO,ML-->TO,ML-->TO,ML-->TO,,,,,,,,,,,,,,,,,TO-->ML,TO-->ML,TO-->ML,TO-->ML,TO-->ML,TO-->ML,TO-->ML,TO-->ML,TO-->ML,TO-->ML,TO-->ML,TO-->ML,TO-->ML,TO-->ML,TO-->ML,TO-->ML,TO-->ML,TO-->ML,TO-->ML
MT,MLT,Malta,Valletta,Europe,Southern Europe,,MT-->TO,MT-->TO,MT-->TO,MT-->TO,MT-->TO,MT-->TO,MT-->TO,MT-->TO,MT-->TO,MT-->TO,MT-->TO,MT-->TO,MT-->TO,MT-->TO,MT-->TO,MT-->TO,MT-->TO,MT-->TO,MT-->TO,,,,,,,,,,,,,,,,,TO-->MT,TO-->MT,TO-->MT,TO-->MT,TO-->MT,TO-->MT,TO-->MT,TO-->MT,TO-->MT,TO-->MT,TO-->MT,TO-->MT,TO-->MT,TO-->MT,TO-->MT,TO-->MT,TO-->MT,TO-->MT,TO-->MT
MH,MHL,Marshall Islands,Majuro,Oceania,Micronesia,,MH-->TO,MH-->TO,MH-->TO,MH-->TO,MH-->TO,MH-->TO,MH-->TO,MH-->TO,MH-->TO,MH-->TO,MH-->TO,MH-->TO,MH-->TO,MH-->TO,MH-->TO,MH-->TO,MH-->TO,MH-->TO,MH-->TO,,,,,,,,,,,,,,,,,TO-->MH,TO-->MH,TO-->MH,TO-->MH,TO-->MH,TO-->MH,TO-->MH,TO-->MH,TO-->MH,TO-->MH,TO-->MH,TO-->MH,TO-->MH,TO-->MH,TO-->MH,TO-->MH,TO-->MH,TO-->MH,TO-->MH
MQ,MTQ,Martinique,Fort-de-France,Americas,Caribbean,,MQ-->TO,MQ-->TO,MQ-->TO,MQ-->TO,MQ-->TO,MQ-->TO,MQ-->TO,MQ-->TO,MQ-->TO,MQ-->TO,MQ-->TO,MQ-->TO,MQ-->TO,MQ-->TO,MQ-->TO,MQ-->TO,MQ-->TO,MQ-->TO,MQ-->TO,,,,,,,,,,,,,,,,,TO-->MQ,TO-->MQ,TO-->MQ,TO-->MQ,TO-->MQ,TO-->MQ,TO-->MQ,TO-->MQ,TO-->MQ,TO-->MQ,TO-->MQ,TO-->MQ,TO-->MQ,TO-->MQ,TO-->MQ,TO-->MQ,TO-->MQ,TO-->MQ,TO-->MQ
MR,MRT,Mauritania,Nouakchott,Africa,Western Africa,,MR-->TO,MR-->TO,MR-->TO,MR-->TO,MR-->TO,MR-->TO,MR-->TO,MR-->TO,MR-->TO,MR-->TO,MR-->TO,MR-->TO,MR-->TO,MR-->TO,MR-->TO,MR-->TO,MR-->TO,MR-->TO,MR-->TO,0.0,,,,,,,,,,,,,,,,TO-->MR,TO-->MR,TO-->MR,TO-->MR,TO-->MR,TO-->MR,TO-->MR,TO-->MR,TO-->MR,TO-->MR,TO-->MR,TO-->MR,TO-->MR,TO-->MR,TO-->MR,TO-->MR,TO-->MR,TO-->MR,TO-->MR
MU,MUS,Mauritius,Port Louis,Africa,Eastern Africa,,MU-->TO,MU-->TO,MU-->TO,MU-->TO,MU-->TO,MU-->TO,MU-->TO,MU-->TO,MU-->TO,MU-->TO,MU-->TO,MU-->TO,MU-->TO,MU-->TO,MU-->TO,MU-->TO,MU-->TO,MU-->TO,MU-->TO,,,,,,,,,,,,,,,,,TO-->MU,TO-->MU,TO-->MU,TO-->MU,TO-->MU,TO-->MU,TO-->MU,TO-->MU,TO-->MU,TO-->MU,TO-->MU,TO-->MU,TO-->MU,TO-->MU,TO-->MU,TO-->MU,TO-->MU,TO-->MU,TO-->MU
YT,MYT,Mayotte,Mamoudzou,Africa,Eastern Africa,,YT-->TO,YT-->TO,YT-->TO,YT-->TO,YT-->TO,YT-->TO,YT-->TO,YT-->TO,YT-->TO,YT-->TO,YT-->TO,YT-->TO,YT-->TO,YT-->TO,YT-->TO,YT-->TO,YT-->TO,YT-->TO,YT-->TO,,,,,,,,,,,,,,,,,TO-->YT,TO-->YT,TO-->YT,TO-->YT,TO-->YT,TO-->YT,TO-->YT,TO-->YT,TO-->YT,TO-->YT,TO-->YT,TO-->YT,TO-->YT,TO-->YT,TO-->YT,TO-->YT,TO-->YT,TO-->YT,TO-->YT
MX,MEX,Mexico,Mexico City,Americas,Central America,,MX-->TO,MX-->TO,MX-->TO,MX-->TO,MX-->TO,MX-->TO,MX-->TO,MX-->TO,MX-->TO,MX-->TO,MX-->TO,MX-->TO,MX-->TO,MX-->TO,MX-->TO,MX-->TO,MX-->TO,MX-->TO,MX-->TO,,,,,,,,,,,,,,,,,TO-->MX,TO-->MX,TO-->MX,TO-->MX,TO-->MX,TO-->MX,TO-->MX,TO-->MX,TO-->MX,TO-->MX,TO-->MX,TO-->MX,TO-->MX,TO-->MX,TO-->MX,TO-->MX,TO-->MX,TO-->MX,TO-->MX
FM,FSM,Federated States of Micronesia,Palikir,Oceania,Micronesia,,FM-->TO,FM-->TO,FM-->TO,FM-->TO,FM-->TO,FM-->TO,FM-->TO,FM-->TO,FM-->TO,FM-->TO,FM-->TO,FM-->TO,FM-->TO,FM-->TO,FM-->TO,FM-->TO,FM-->TO,FM-->TO,FM-->TO,,,,,,,,,,,,,,,,,TO-->FM,TO-->FM,TO-->FM,TO-->FM,TO-->FM,TO-->FM,TO-->FM,TO-->FM,TO-->FM,TO-->FM,TO-->FM,TO-->FM,TO-->FM,TO-->FM,TO-->FM,TO-->FM,TO-->FM,TO-->FM,TO-->FM
MD,MDA,Moldova,Chișinău,Europe,Eastern Europe,,MD-->TO,MD-->TO,MD-->TO,MD-->TO,MD-->TO,MD-->TO,MD-->TO,MD-->TO,MD-->TO,MD-->TO,MD-->TO,MD-->TO,MD-->TO,MD-->TO,MD-->TO,MD-->TO,MD-->TO,MD-->TO,MD-->TO,,,,,,,,,,,,,,,,,TO-->MD,TO-->MD,TO-->MD,TO-->MD,TO-->MD,TO-->MD,TO-->MD,TO-->MD,TO-->MD,TO-->MD,TO-->MD,TO-->MD,TO-->MD,TO-->MD,TO-->MD,TO-->MD,TO-->MD,TO-->MD,TO-->MD
MC,MCO,Monaco,Monaco,Europe,Western Europe,,MC-->TO,MC-->TO,MC-->TO,MC-->TO,MC-->TO,MC-->TO,MC-->TO,MC-->TO,MC-->TO,MC-->TO,MC-->TO,MC-->TO,MC-->TO,MC-->TO,MC-->TO,MC-->TO,MC-->TO,MC-->TO,MC-->TO,,,,,,,,,,,,,,,,,TO-->MC,TO-->MC,TO-->MC,TO-->MC,TO-->MC,TO-->MC,TO-->MC,TO-->MC,TO-->MC,TO-->MC,TO-->MC,TO-->MC,TO-->MC,TO-->MC,TO-->MC,TO-->MC,TO-->MC,TO-->MC,TO-->MC
MN,MNG,Mongolia,Ulan Bator,Asia,Eastern Asia,,MN-->TO,MN-->TO,MN-->TO,MN-->TO,MN-->TO,MN-->TO,MN-->TO,MN-->TO,MN-->TO,MN-->TO,MN-->TO,MN-->TO,MN-->TO,MN-->TO,MN-->TO,MN-->TO,MN-->TO,MN-->TO,MN-->TO,,,,,,,,,,,,,,,,,TO-->MN,TO-->MN,TO-->MN,TO-->MN,TO-->MN,TO-->MN,TO-->MN,TO-->MN,TO-->MN,TO-->MN,TO-->MN,TO-->MN,TO-->MN,TO-->MN,TO-->MN,TO-->MN,TO-->MN,TO-->MN,TO-->MN
ME,MNE,Montenegro,Podgorica,Europe,Southern Europe,,ME-->TO,ME-->TO,ME-->TO,ME-->TO,ME-->TO,ME-->TO,ME-->TO,ME-->TO,ME-->TO,ME-->TO,ME-->TO,ME-->TO,ME-->TO,ME-->TO,ME-->TO,ME-->TO,ME-->TO,ME-->TO,ME-->TO,,,,,,,,,,,,,,,,,TO-->ME,TO-->ME,TO-->ME,TO-->ME,TO-->ME,TO-->ME,TO-->ME,TO-->ME,TO-->ME,TO-->ME,TO-->ME,TO-->ME,TO-->ME,TO-->ME,TO-->ME,TO-->ME,TO-->ME,TO-->ME,TO-->ME
MS,MSR,Montserrat,Plymouth,Americas,Caribbean,,MS-->TO,MS-->TO,MS-->TO,MS-->TO,MS-->TO,MS-->TO,MS-->TO,MS-->TO,MS-->TO,MS-->TO,MS-->TO,MS-->TO,MS-->TO,MS-->TO,MS-->TO,MS-->TO,MS-->TO,MS-->TO,MS-->TO,,,,,,,,,,,,,,,,,TO-->MS,TO-->MS,TO-->MS,TO-->MS,TO-->MS,TO-->MS,TO-->MS,TO-->MS,TO-->MS,TO-->MS,TO-->MS,TO-->MS,TO-->MS,TO-->MS,TO-->MS,TO-->MS,TO-->MS,TO-->MS,TO-->MS
MA,MAR,Morocco,Rabat,Africa,Northern Africa,,MA-->TO,MA-->TO,MA-->TO,MA-->TO,MA-->TO,MA-->TO,MA-->TO,MA-->TO,MA-->TO,MA-->TO,MA-->TO,MA-->TO,MA-->TO,MA-->TO,MA-->TO,MA-->TO,MA-->TO,MA-->TO,MA-->TO,,,,,,,,,,,,,,,,,TO-->MA,TO-->MA,TO-->MA,TO-->MA,TO-->MA,TO-->MA,TO-->MA,TO-->MA,TO-->MA,TO-->MA,TO-->MA,TO-->MA,TO-->MA,TO-->MA,TO-->MA,TO-->MA,TO-->MA,TO-->MA,TO-->MA
MZ,MOZ,Mozambique,Maputo,Africa,Eastern Africa,,MZ-->TO,MZ-->TO,MZ-->TO,MZ-->TO,MZ-->TO,MZ-->TO,MZ-->TO,MZ-->TO,MZ-->TO,MZ-->TO,MZ-->TO,MZ-->TO,MZ-->TO,MZ-->TO,MZ-->TO,MZ-->TO,MZ-->TO,MZ-->TO,MZ-->TO,,,,,,,,,,,,,,,,,TO-->MZ,TO-->MZ,TO-->MZ,TO-->MZ,TO-->MZ,TO-->MZ,TO-->MZ,TO-->MZ,TO-->MZ,TO-->MZ,TO-->MZ,TO-->MZ,TO-->MZ,TO-->MZ,TO-->MZ,TO-->MZ,TO-->MZ,TO-->MZ,TO-->MZ
MM,MMR,Myanmar,Naypyidaw,Asia,South-Eastern Asia,,MM-->TO,MM-->TO,MM-->TO,MM-->TO,MM-->TO,MM-->TO,MM-->TO,MM-->TO,MM-->TO,MM-->TO,MM-->TO,MM-->TO,MM-->TO,MM-->TO,MM-->TO,MM-->TO,MM-->TO,MM-->TO,MM-->TO,,,,,,,,,,,,,,,,,TO-->MM,TO-->MM,TO-->MM,TO-->MM,TO-->MM,TO-->MM,TO-->MM,TO-->MM,TO-->MM,TO-->MM,TO-->MM,TO-->MM,TO-->MM,TO-->MM,TO-->MM,TO-->MM,TO-->MM,TO-->MM,TO-->MM
,NAM,Namibia,Windhoek,Africa,Southern Africa,,NA-->TO,NA-->TO,NA-->TO,NA-->TO,NA-->TO,NA-->TO,NA-->TO,NA-->TO,NA-->TO,NA-->TO,NA-->TO,NA-->TO,NA-->TO,NA-->TO,NA-->TO,NA-->TO,NA-->TO,NA-->TO,NA-->TO,,,,,,,,,,,,,,,,,TO-->NA,TO-->NA,TO-->NA,TO-->NA,TO-->NA,TO-->NA,TO-->NA,TO-->NA,TO-->NA,TO-->NA,TO-->NA,TO-->NA,TO-->NA,TO-->NA,TO-->NA,TO-->NA,TO-->NA,TO-->NA,TO-->NA
NR,NRU,Nauru,Yaren,Oceania,Micronesia,,NR-->TO,NR-->TO,NR-->TO,NR-->TO,NR-->TO,NR-->TO,NR-->TO,NR-->TO,NR-->TO,NR-->TO,NR-->TO,NR-->TO,NR-->TO,NR-->TO,NR-->TO,NR-->TO,NR-->TO,NR-->TO,NR-->TO,,,,,,,,,,,,,,,,,TO-->NR,TO-->NR,TO-->NR,TO-->NR,TO-->NR,TO-->NR,TO-->NR,TO-->NR,TO-->NR,TO-->NR,TO-->NR,TO-->NR,TO-->NR,TO-->NR,TO-->NR,TO-->NR,TO-->NR,TO-->NR,TO-->NR
NP,NPL,Nepal,Kathmandu,Asia,Southern Asia,,NP-->TO,NP-->TO,NP-->TO,NP-->TO,NP-->TO,NP-->TO,NP-->TO,NP-->TO,NP-->TO,NP-->TO,NP-->TO,NP-->TO,NP-->TO,NP-->TO,NP-->TO,NP-->TO,NP-->TO,NP-->TO,NP-->TO,,,,,,,,,,,,,,,,,TO-->NP,TO-->NP,TO-->NP,TO-->NP,TO-->NP,TO-->NP,TO-->NP,TO-->NP,TO-->NP,TO-->NP,TO-->NP,TO-->NP,TO-->NP,TO-->NP,TO-->NP,TO-->NP,TO-->NP,TO-->NP,TO-->NP
NL,NLD,Netherlands,Amsterdam,Europe,Western Europe,,NL-->TO,NL-->TO,NL-->TO,NL-->TO,NL-->TO,NL-->TO,NL-->TO,NL-->TO,NL-->TO,NL-->TO,NL-->TO,NL-->TO,NL-->TO,NL-->TO,NL-->TO,NL-->TO,NL-->TO,NL-->TO,NL-->TO,,,,,,,,,,,,,,,,,TO-->NL,TO-->NL,TO-->NL,TO-->NL,TO-->NL,TO-->NL,TO-->NL,TO-->NL,TO-->NL,TO-->NL,TO-->NL,TO-->NL,TO-->NL,TO-->NL,TO-->NL,TO-->NL,TO-->NL,TO-->NL,TO-->NL
NC,NCL,New Caledonia,Nouméa,Oceania,Melanesia,,NC-->TO,NC-->TO,NC-->TO,NC-->TO,NC-->TO,NC-->TO,NC-->TO,NC-->TO,NC-->TO,NC-->TO,NC-->TO,NC-->TO,NC-->TO,NC-->TO,NC-->TO,NC-->TO,NC-->TO,NC-->TO,NC-->TO,,,,,,,,,,,,,,,,,TO-->NC,TO-->NC,TO-->NC,TO-->NC,TO-->NC,TO-->NC,TO-->NC,TO-->NC,TO-->NC,TO-->NC,TO-->NC,TO-->NC,TO-->NC,TO-->NC,TO-->NC,TO-->NC,TO-->NC,TO-->NC,TO-->NC
NZ,NZL,New Zealand,Wellington,Oceania,Australia and New Zealand,,NZ-->TO,NZ-->TO,NZ-->TO,NZ-->TO,NZ-->TO,NZ-->TO,NZ-->TO,NZ-->TO,NZ-->TO,NZ-->TO,NZ-->TO,NZ-->TO,NZ-->TO,NZ-->TO,NZ-->TO,NZ-->TO,NZ-->TO,NZ-->TO,NZ-->TO,,,,,,,,,,,,,,,,,TO-->NZ,TO-->NZ,TO-->NZ,TO-->NZ,TO-->NZ,TO-->NZ,TO-->NZ,TO-->NZ,TO-->NZ,TO-->NZ,TO-->NZ,TO-->NZ,TO-->NZ,TO-->NZ,TO-->NZ,TO-->NZ,TO-->NZ,TO-->NZ,TO-->NZ
NI,NIC,Nicaragua,Managua,Americas,Central America,,NI-->TO,NI-->TO,NI-->TO,NI-->TO,NI-->TO,NI-->TO,NI-->TO,NI-->TO,NI-->TO,NI-->TO,NI-->TO,NI-->TO,NI-->TO,NI-->TO,NI-->TO,NI-->TO,NI-->TO,NI-->TO,NI-->TO,,,,,,,,,,,,,,,,,TO-->NI,TO-->NI,TO-->NI,TO-->NI,TO-->NI,TO-->NI,TO-->NI,TO-->NI,TO-->NI,TO-->NI,TO-->NI,TO-->NI,TO-->NI,TO-->NI,TO-->NI,TO-->NI,TO-->NI,TO-->NI,TO-->NI
NE,NER,Niger,Niamey,Africa,Western Africa,,NE-->TO,NE-->TO,NE-->TO,NE-->TO,NE-->TO,NE-->TO,NE-->TO,NE-->TO,NE-->TO,NE-->TO,NE-->TO,NE-->TO,NE-->TO,NE-->TO,NE-->TO,NE-->TO,NE-->TO,NE-->TO,NE-->TO,,,,,,,,,,,,,,,,,TO-->NE,TO-->NE,TO-->NE,TO-->NE,TO-->NE,TO-->NE,TO-->NE,TO-->NE,TO-->NE,TO-->NE,TO-->NE,TO-->NE,TO-->NE,TO-->NE,TO-->NE,TO-->NE,TO-->NE,TO-->NE,TO-->NE
NG,NGA,Nigeria,Abuja,Africa,Western Africa,,NG-->TO,NG-->TO,NG-->TO,NG-->TO,NG-->TO,NG-->TO,NG-->TO,NG-->TO,NG-->TO,NG-->TO,NG-->TO,NG-->TO,NG-->TO,NG-->TO,NG-->TO,NG-->TO,NG-->TO,NG-->TO,NG-->TO,,,,,,,,,,,,,,,,,TO-->NG,TO-->NG,TO-->NG,TO-->NG,TO-->NG,TO-->NG,TO-->NG,TO-->NG,TO-->NG,TO-->NG,TO-->NG,TO-->NG,TO-->NG,TO-->NG,TO-->NG,TO-->NG,TO-->NG,TO-->NG,TO-->NG
NU,NIU,Niue,Alofi,Oceania,Polynesia,,NU-->TO,NU-->TO,NU-->TO,NU-->TO,NU-->TO,NU-->TO,NU-->TO,NU-->TO,NU-->TO,NU-->TO,NU-->TO,NU-->TO,NU-->TO,NU-->TO,NU-->TO,NU-->TO,NU-->TO,NU-->TO,NU-->TO,,,,,,,,,,,,,,,,,TO-->NU,TO-->NU,TO-->NU,TO-->NU,TO-->NU,TO-->NU,TO-->NU,TO-->NU,TO-->NU,TO-->NU,TO-->NU,TO-->NU,TO-->NU,TO-->NU,TO-->NU,TO-->NU,TO-->NU,TO-->NU,TO-->NU
NF,NFK,Norfolk Island,Kingston,Oceania,Australia and New Zealand,,NF-->TO,NF-->TO,NF-->TO,NF-->TO,NF-->TO,NF-->TO,NF-->TO,NF-->TO,NF-->TO,NF-->TO,NF-->TO,NF-->TO,NF-->TO,NF-->TO,NF-->TO,NF-->TO,NF-->TO,NF-->TO,NF-->TO,,,,,,,,,,,,,,,,,TO-->NF,TO-->NF,TO-->NF,TO-->NF,TO-->NF,TO-->NF,TO-->NF,TO-->NF,TO-->NF,TO-->NF,TO-->NF,TO-->NF,TO-->NF,TO-->NF,TO-->NF,TO-->NF,TO-->NF,TO-->NF,TO-->NF
KP,PRK,North Korea,Pyongyang,Asia,Eastern Asia,,KP-->TO,KP-->TO,KP-->TO,KP-->TO,KP-->TO,KP-->TO,KP-->TO,KP-->TO,KP-->TO,KP-->TO,KP-->TO,KP-->TO,KP-->TO,KP-->TO,KP-->TO,KP-->TO,KP-->TO,KP-->TO,KP-->TO,,,,,,,,,,,,,,,,,TO-->KP,TO-->KP,TO-->KP,TO-->KP,TO-->KP,TO-->KP,TO-->KP,TO-->KP,TO-->KP,TO-->KP,TO-->KP,TO-->KP,TO-->KP,TO-->KP,TO-->KP,TO-->KP,TO-->KP,TO-->KP,TO-->KP
MP,MNP,Northern Mariana Islands,Saipan,Oceania,Micronesia,,MP-->TO,MP-->TO,MP-->TO,MP-->TO,MP-->TO,MP-->TO,MP-->TO,MP-->TO,MP-->TO,MP-->TO,MP-->TO,MP-->TO,MP-->TO,MP-->TO,MP-->TO,MP-->TO,MP-->TO,MP-->TO,MP-->TO,,,,,,,,,,,,,,,,,TO-->MP,TO-->MP,TO-->MP,TO-->MP,TO-->MP,TO-->MP,TO-->MP,TO-->MP,TO-->MP,TO-->MP,TO-->MP,TO-->MP,TO-->MP,TO-->MP,TO-->MP,TO-->MP,TO-->MP,TO-->MP,TO-->MP
NO,NOR,Norway,Oslo,Europe,Northern Europe,,NO-->TO,NO-->TO,NO-->TO,NO-->TO,NO-->TO,NO-->TO,NO-->TO,NO-->TO,NO-->TO,NO-->TO,NO-->TO,NO-->TO,NO-->TO,NO-->TO,NO-->TO,NO-->TO,NO-->TO,NO-->TO,NO-->TO,,,,,,,,,,,,,,,,,TO-->NO,TO-->NO,TO-->NO,TO-->NO,TO-->NO,TO-->NO,TO-->NO,TO-->NO,TO-->NO,TO-->NO,TO-->NO,TO-->NO,TO-->NO,TO-->NO,TO-->NO,TO-->NO,TO-->NO,TO-->NO,TO-->NO
OM,OMN,Oman,Muscat,Asia,Western Asia,,OM-->TO,OM-->TO,OM-->TO,OM-->TO,OM-->TO,OM-->TO,OM-->TO,OM-->TO,OM-->TO,OM-->TO,OM-->TO,OM-->TO,OM-->TO,OM-->TO,OM-->TO,OM-->TO,OM-->TO,OM-->TO,OM-->TO,,,,,,,,,,,,,,,,,TO-->OM,TO-->OM,TO-->OM,TO-->OM,TO-->OM,TO-->OM,TO-->OM,TO-->OM,TO-->OM,TO-->OM,TO-->OM,TO-->OM,TO-->OM,TO-->OM,TO-->OM,TO-->OM,TO-->OM,TO-->OM,TO-->OM
PK,PAK,Pakistan,Islamabad,Asia,Southern Asia,,PK-->TO,PK-->TO,PK-->TO,PK-->TO,PK-->TO,PK-->TO,PK-->TO,PK-->TO,PK-->TO,PK-->TO,PK-->TO,PK-->TO,PK-->TO,PK-->TO,PK-->TO,PK-->TO,PK-->TO,PK-->TO,PK-->TO,,,,,,,,,,,,,,,,,TO-->PK,TO-->PK,TO-->PK,TO-->PK,TO-->PK,TO-->PK,TO-->PK,TO-->PK,TO-->PK,TO-->PK,TO-->PK,TO-->PK,TO-->PK,TO-->PK,TO-->PK,TO-->PK,TO-->PK,TO-->PK,TO-->PK
PW,PLW,Palau,Ngerulmud,Oceania,Micronesia,,PW-->TO,PW-->TO,PW-->TO,PW-->TO,PW-->TO,PW-->TO,PW-->TO,PW-->TO,PW-->TO,PW-->TO,PW-->TO,PW-->TO,PW-->TO,PW-->TO,PW-->TO,PW-->TO,PW-->TO,PW-->TO,PW-->TO,,,,,,,,,,,,,,,,,TO-->PW,TO-->PW,TO-->PW,TO-->PW,TO-->PW,TO-->PW,TO-->PW,TO-->PW,TO-->PW,TO-->PW,TO-->PW,TO-->PW,TO-->PW,TO-->PW,TO-->PW,TO-->PW,TO-->PW,TO-->PW,TO-->PW
PS,PSE,Palestine,Ramallah,Asia,Western Asia,,PS-->TO,PS-->TO,PS-->TO,PS-->TO,PS-->TO,PS-->TO,PS-->TO,PS-->TO,PS-->TO,PS-->TO,PS-->TO,PS-->TO,PS-->TO,PS-->TO,PS-->TO,PS-->TO,PS-->TO,PS-->TO,PS-->TO,,,,,,,,,,,,,,,,,TO-->PS,TO-->PS,TO-->PS,TO-->PS,TO-->PS,TO-->PS,TO-->PS,TO-->PS,TO-->PS,TO-->PS,TO-->PS,TO-->PS,TO-->PS,TO-->PS,TO-->PS,TO-->PS,TO-->PS,TO-->PS,TO-->PS
PA,PAN,Panama,Panama City,Americas,Central America,,PA-->TO,PA-->TO,PA-->TO,PA-->TO,PA-->TO,PA-->TO,PA-->TO,PA-->TO,PA-->TO,PA-->TO,PA-->TO,PA-->TO,PA-->TO,PA-->TO,PA-->TO,PA-->TO,PA-->TO,PA-->TO,PA-->TO,,,,,,,,,,,,,,,,,TO-->PA,TO-->PA,TO-->PA,TO-->PA,TO-->PA,TO-->PA,TO-->PA,TO-->PA,TO-->PA,TO-->PA,TO-->PA,TO-->PA,TO-->PA,TO-->PA,TO-->PA,TO-->PA,TO-->PA,TO-->PA,TO-->PA
PG,PNG,Papua New Guinea,Port Moresby,Oceania,Melanesia,,PG-->TO,PG-->TO,PG-->TO,PG-->TO,PG-->TO,PG-->TO,PG-->TO,PG-->TO,PG-->TO,PG-->TO,PG-->TO,PG-->TO,PG-->TO,PG-->TO,PG-->TO,PG-->TO,PG-->TO,PG-->TO,PG-->TO,,,,,,,,,,,,,,,,,TO-->PG,TO-->PG,TO-->PG,TO-->PG,TO-->PG,TO-->PG,TO-->PG,TO-->PG,TO-->PG,TO-->PG,TO-->PG,TO-->PG,TO-->PG,TO-->PG,TO-->PG,TO-->PG,TO-->PG,TO-->PG,TO-->PG
PY,PRY,Paraguay,Asunción,Americas,South America,,PY-->TO,PY-->TO,PY-->TO,PY-->TO,PY-->TO,PY-->TO,PY-->TO,PY-->TO,PY-->TO,PY-->TO,PY-->TO,PY-->TO,PY-->TO,PY-->TO,PY-->TO,PY-->TO,PY-->TO,PY-->TO,PY-->TO,,,,,,,,,,,,,,,,,TO-->PY,TO-->PY,TO-->PY,TO-->PY,TO-->PY,TO-->PY,TO-->PY,TO-->PY,TO-->PY,TO-->PY,TO-->PY,TO-->PY,TO-->PY,TO-->PY,TO-->PY,TO-->PY,TO-->PY,TO-->PY,TO-->PY
PE,PER,Peru,Lima,Americas,South America,,PE-->TO,PE-->TO,PE-->TO,PE-->TO,PE-->TO,PE-->TO,PE-->TO,PE-->TO,PE-->TO,PE-->TO,PE-->TO,PE-->TO,PE-->TO,PE-->TO,PE-->TO,PE-->TO,PE-->TO,PE-->TO,PE-->TO,,,,,,,,,,,,,,,,,TO-->PE,TO-->PE,TO-->PE,TO-->PE,TO-->PE,TO-->PE,TO-->PE,TO-->PE,TO-->PE,TO-->PE,TO-->PE,TO-->PE,TO-->PE,TO-->PE,TO-->PE,TO-->PE,TO-->PE,TO-->PE,TO-->PE
PH,PHL,Philippines,Manila,Asia,South-Eastern Asia,,PH-->TO,PH-->TO,PH-->TO,PH-->TO,PH-->TO,PH-->TO,PH-->TO,PH-->TO,PH-->TO,PH-->TO,PH-->TO,PH-->TO,PH-->TO,PH-->TO,PH-->TO,PH-->TO,PH-->TO,PH-->TO,PH-->TO,,,,,,,,,,,,,,,,,TO-->PH,TO-->PH,TO-->PH,TO-->PH,TO-->PH,TO-->PH,TO-->PH,TO-->PH,TO-->PH,TO-->PH,TO-->PH,TO-->PH,TO-->PH,TO-->PH,TO-->PH,TO-->PH,TO-->PH,TO-->PH,TO-->PH
PN,PCN,Pitcairn Islands,Adamstown,Oceania,Polynesia,,PN-->TO,PN-->TO,PN-->TO,PN-->TO,PN-->TO,PN-->TO,PN-->TO,PN-->TO,PN-->TO,PN-->TO,PN-->TO,PN-->TO,PN-->TO,PN-->TO,PN-->TO,PN-->TO,PN-->TO,PN-->TO,PN-->TO,,,,,,,,,,,,,,,,,TO-->PN,TO-->PN,TO-->PN,TO-->PN,TO-->PN,TO-->PN,TO-->PN,TO-->PN,TO-->PN,TO-->PN,TO-->PN,TO-->PN,TO-->PN,TO-->PN,TO-->PN,TO-->PN,TO-->PN,TO-->PN,TO-->PN
PL,POL,Poland,Warsaw,Europe,Eastern Europe,,PL-->TO,PL-->TO,PL-->TO,PL-->TO,PL-->TO,PL-->TO,PL-->TO,PL-->TO,PL-->TO,PL-->TO,PL-->TO,PL-->TO,PL-->TO,PL-->TO,PL-->TO,PL-->TO,PL-->TO,PL-->TO,PL-->TO,,,,,,,,,,,,,,,,,TO-->PL,TO-->PL,TO-->PL,TO-->PL,TO-->PL,TO-->PL,TO-->PL,TO-->PL,TO-->PL,TO-->PL,TO-->PL,TO-->PL,TO-->PL,TO-->PL,TO-->PL,TO-->PL,TO-->PL,TO-->PL,TO-->PL
PT,PRT,Portugal,Lisbon,Europe,Southern Europe,,PT-->TO,PT-->TO,PT-->TO,PT-->TO,PT-->TO,PT-->TO,PT-->TO,PT-->TO,PT-->TO,PT-->TO,PT-->TO,PT-->TO,PT-->TO,PT-->TO,PT-->TO,PT-->TO,PT-->TO,PT-->TO,PT-->TO,,,,,,,,,,,,,,,,,TO-->PT,TO-->PT,TO-->PT,TO-->PT,TO-->PT,TO-->PT,TO-->PT,TO-->PT,TO-->PT,TO-->PT,TO-->PT,TO-->PT,TO-->PT,TO-->PT,TO-->PT,TO-->PT,TO-->PT,TO-->PT,TO-->PT
PR,PRI,Puerto Rico,San Juan,Americas,Caribbean,,PR-->TO,PR-->TO,PR-->TO,PR-->TO,PR-->TO,PR-->TO,PR-->TO,PR-->TO,PR-->TO,PR-->TO,PR-->TO,PR-->TO,PR-->TO,PR-->TO,PR-->TO,PR-->TO,PR-->TO,PR-->TO,PR-->TO,,,,,,,,,,,,,,,,,TO-->PR,TO-->PR,TO-->PR,TO-->PR,TO-->PR,TO-->PR,TO-->PR,TO-->PR,TO-->PR,TO-->PR,TO-->PR,TO-->PR,TO-->PR,TO-->PR,TO-->PR,TO-->PR,TO-->PR,TO-->PR,TO-->PR
QA,QAT,Qatar,Doha,Asia,Western Asia,,QA-->TO,QA-->TO,QA-->TO,QA-->TO,QA-->TO,QA-->TO,QA-->TO,QA-->TO,QA-->TO,QA-->TO,QA-->TO,QA-->TO,QA-->TO,QA-->TO,QA-->TO,QA-->TO,QA-->TO,QA-->TO,QA-->TO,,,,,,,,,,,,,,,,,TO-->QA,TO-->QA,TO-->QA,TO-->QA,TO-->QA,TO-->QA,TO-->QA,TO-->QA,TO-->QA,TO-->QA,TO-->QA,TO-->QA,TO-->QA,TO-->QA,TO-->QA,TO-->QA,TO-->QA,TO-->QA,TO-->QA
XK,KOS,Republic of Kosovo,Pristina,Europe,Eastern Europe,,XK-->TO,XK-->TO,XK-->TO,XK-->TO,XK-->TO,XK-->TO,XK-->TO,XK-->TO,XK-->TO,XK-->TO,XK-->TO,XK-->TO,XK-->TO,XK-->TO,XK-->TO,XK-->TO,XK-->TO,XK-->TO,XK-->TO,,,,,,,,,,,,,,,,,TO-->XK,TO-->XK,TO-->XK,TO-->XK,TO-->XK,TO-->XK,TO-->XK,TO-->XK,TO-->XK,TO-->XK,TO-->XK,TO-->XK,TO-->XK,TO-->XK,TO-->XK,TO-->XK,TO-->XK,TO-->XK,TO-->XK
RE,REU,Réunion,Saint-Denis,Africa,Eastern Africa,,RE-->TO,RE-->TO,RE-->TO,RE-->TO,RE-->TO,RE-->TO,RE-->TO,RE-->TO,RE-->TO,RE-->TO,RE-->TO,RE-->TO,RE-->TO,RE-->TO,RE-->TO,RE-->TO,RE-->TO,RE-->TO,RE-->TO,,,,,,,,,,,,,,,,,TO-->RE,TO-->RE,TO-->RE,TO-->RE,TO-->RE,TO-->RE,TO-->RE,TO-->RE,TO-->RE,TO-->RE,TO-->RE,TO-->RE,TO-->RE,TO-->RE,TO-->RE,TO-->RE,TO-->RE,TO-->RE,TO-->RE
RO,ROU,Romania,Bucharest,Europe,Eastern Europe,,RO-->TO,RO-->TO,RO-->TO,RO-->TO,RO-->TO,RO-->TO,RO-->TO,RO-->TO,RO-->TO,RO-->TO,RO-->TO,RO-->TO,RO-->TO,RO-->TO,RO-->TO,RO-->TO,RO-->TO,RO-->TO,RO-->TO,,,,,,,,,,,,,,,,,TO-->RO,TO-->RO,TO-->RO,TO-->RO,TO-->RO,TO-->RO,TO-->RO,TO-->RO,TO-->RO,TO-->RO,TO-->RO,TO-->RO,TO-->RO,TO-->RO,TO-->RO,TO-->RO,TO-->RO,TO-->RO,TO-->RO
RU,RUS,Russia,Moscow,Europe,Eastern Europe,,RU-->TO,RU-->TO,RU-->TO,RU-->TO,RU-->TO,RU-->TO,RU-->TO,RU-->TO,RU-->TO,RU-->TO,RU-->TO,RU-->TO,RU-->TO,RU-->TO,RU-->TO,RU-->TO,RU-->TO,RU-->TO,RU-->TO,,,,,,,,,,,,,,,,,TO-->RU,TO-->RU,TO-->RU,TO-->RU,TO-->RU,TO-->RU,TO-->RU,TO-->RU,TO-->RU,TO-->RU,TO-->RU,TO-->RU,TO-->RU,TO-->RU,TO-->RU,TO-->RU,TO-->RU,TO-->RU,TO-->RU
RW,RWA,Rwanda,Kigali,Africa,Eastern Africa,,RW-->TO,RW-->TO,RW-->TO,RW-->TO,RW-->TO,RW-->TO,RW-->TO,RW-->TO,RW-->TO,RW-->TO,RW-->TO,RW-->TO,RW-->TO,RW-->TO,RW-->TO,RW-->TO,RW-->TO,RW-->TO,RW-->TO,,,,,,,,,,,,,,,,,TO-->RW,TO-->RW,TO-->RW,TO-->RW,TO-->RW,TO-->RW,TO-->RW,TO-->RW,TO-->RW,TO-->RW,TO-->RW,TO-->RW,TO-->RW,TO-->RW,TO-->RW,TO-->RW,TO-->RW,TO-->RW,TO-->RW
BL,BLM,Saint Barthélemy,Gustavia,Americas,Caribbean,,BL-->TO,BL-->TO,BL-->TO,BL-->TO,BL-->TO,BL-->TO,BL-->TO,BL-->TO,BL-->TO,BL-->TO,BL-->TO,BL-->TO,BL-->TO,BL-->TO,BL-->TO,BL-->TO,BL-->TO,BL-->TO,BL-->TO,,,,,,,,,,,,,,,,,TO-->BL,TO-->BL,TO-->BL,TO-->BL,TO-->BL,TO-->BL,TO-->BL,TO-->BL,TO-->BL,TO-->BL,TO-->BL,TO-->BL,TO-->BL,TO-->BL,TO-->BL,TO-->BL,TO-->BL,TO-->BL,TO-->BL
SH,SHN,Saint Helena,Jamestown,Africa,Western Africa,,SH-->TO,SH-->TO,SH-->TO,SH-->TO,SH-->TO,SH-->TO,SH-->TO,SH-->TO,SH-->TO,SH-->TO,SH-->TO,SH-->TO,SH-->TO,SH-->TO,SH-->TO,SH-->TO,SH-->TO,SH-->TO,SH-->TO,,,,,,,,,,,,,,,,,TO-->SH,TO-->SH,TO-->SH,TO-->SH,TO-->SH,TO-->SH,TO-->SH,TO-->SH,TO-->SH,TO-->SH,TO-->SH,TO-->SH,TO-->SH,TO-->SH,TO-->SH,TO-->SH,TO-->SH,TO-->SH,TO-->SH
KN,KNA,Saint Kitts and Nevis,Basseterre,Americas,Caribbean,,KN-->TO,KN-->TO,KN-->TO,KN-->TO,KN-->TO,KN-->TO,KN-->TO,KN-->TO,KN-->TO,KN-->TO,KN-->TO,KN-->TO,KN-->TO,KN-->TO,KN-->TO,KN-->TO,KN-->TO,KN-->TO,KN-->TO,,,,,,,,,,,,,,,,,TO-->KN,TO-->KN,TO-->KN,TO-->KN,TO-->KN,TO-->KN,TO-->KN,TO-->KN,TO-->KN,TO-->KN,TO-->KN,TO-->KN,TO-->KN,TO-->KN,TO-->KN,TO-->KN,TO-->KN,TO-->KN,TO-->KN
LC,LCA,Saint Lucia,Castries,Americas,Caribbean,,LC-->TO,LC-->TO,LC-->TO,LC-->TO,LC-->TO,LC-->TO,LC-->TO,LC-->TO,LC-->TO,LC-->TO,LC-->TO,LC-->TO,LC-->TO,LC-->TO,LC-->TO,LC-->TO,LC-->TO,LC-->TO,LC-->TO,,,,,,,,,,,,,,,,,TO-->LC,TO-->LC,TO-->LC,TO-->LC,TO-->LC,TO-->LC,TO-->LC,TO-->LC,TO-->LC,TO-->LC,TO-->LC,TO-->LC,TO-->LC,TO-->LC,TO-->LC,TO-->LC,TO-->LC,TO-->LC,TO-->LC
MF,MAF,Saint Martin,Marigot,Americas,Caribbean,,MF-->TO,MF-->TO,MF-->TO,MF-->TO,MF-->TO,MF-->TO,MF-->TO,MF-->TO,MF-->TO,MF-->TO,MF-->TO,MF-->TO,MF-->TO,MF-->TO,MF-->TO,MF-->TO,MF-->TO,MF-->TO,MF-->TO,,,,,,,,,,,,,,,,,TO-->MF,TO-->MF,TO-->MF,TO-->MF,TO-->MF,TO-->MF,TO-->MF,TO-->MF,TO-->MF,TO-->MF,TO-->MF,TO-->MF,TO-->MF,TO-->MF,TO-->MF,TO-->MF,TO-->MF,TO-->MF,TO-->MF
PM,SPM,Saint Pierre and Miquelon,Saint-Pierre,Americas,Northern America,,PM-->TO,PM-->TO,PM-->TO,PM-->TO,PM-->TO,PM-->TO,PM-->TO,PM-->TO,PM-->TO,PM-->TO,PM-->TO,PM-->TO,PM-->TO,PM-->TO,PM-->TO,PM-->TO,PM-->TO,PM-->TO,PM-->TO,,,,,,,,,,,,,,,,,TO-->PM,TO-->PM,TO-->PM,TO-->PM,TO-->PM,TO-->PM,TO-->PM,TO-->PM,TO-->PM,TO-->PM,TO-->PM,TO-->PM,TO-->PM,TO-->PM,TO-->PM,TO-->PM,TO-->PM,TO-->PM,TO-->PM
VC,VCT,Saint Vincent and the Grenadines,Kingstown,Americas,Caribbean,,VC-->TO,VC-->TO,VC-->TO,VC-->TO,VC-->TO,VC-->TO,VC-->TO,VC-->TO,VC-->TO,VC-->TO,VC-->TO,VC-->TO,VC-->TO,VC-->TO,VC-->TO,VC-->TO,VC-->TO,VC-->TO,VC-->TO,,,,,,,,,,,,,,,,,TO-->VC,TO-->VC,TO-->VC,TO-->VC,TO-->VC,TO-->VC,TO-->VC,TO-->VC,TO-->VC,TO-->VC,TO-->VC,TO-->VC,TO-->VC,TO-->VC,TO-->VC,TO-->VC,TO-->VC,TO-->VC,TO-->VC
WS,WSM,Samoa,Apia,Oceania,Polynesia,,WS-->TO,WS-->TO,WS-->TO,WS-->TO,WS-->TO,WS-->TO,WS-->TO,WS-->TO,WS-->TO,WS-->TO,WS-->TO,WS-->TO,WS-->TO,WS-->TO,WS-->TO,WS-->TO,WS-->TO,WS-->TO,WS-->TO,,,,,,,,,,,,,,,,,TO-->WS,TO-->WS,TO-->WS,TO-->WS,TO-->WS,TO-->WS,TO-->WS,TO-->WS,TO-->WS,TO-->WS,TO-->WS,TO-->WS,TO-->WS,TO-->WS,TO-->WS,TO-->WS,TO-->WS,TO-->WS,TO-->WS
SM,SMR,San Marino,City of San Marino,Europe,Southern Europe,,SM-->TO,SM-->TO,SM-->TO,SM-->TO,SM-->TO,SM-->TO,SM-->TO,SM-->TO,SM-->TO,SM-->TO,SM-->TO,SM-->TO,SM-->TO,SM-->TO,SM-->TO,SM-->TO,SM-->TO,SM-->TO,SM-->TO,,,,,,,,,,,,,,,,,TO-->SM,TO-->SM,TO-->SM,TO-->SM,TO-->SM,TO-->SM,TO-->SM,TO-->SM,TO-->SM,TO-->SM,TO-->SM,TO-->SM,TO-->SM,TO-->SM,TO-->SM,TO-->SM,TO-->SM,TO-->SM,TO-->SM
ST,STP,São Tomé and Príncipe,São Tomé,Africa,Middle Africa,,ST-->TO,ST-->TO,ST-->TO,ST-->TO,ST-->TO,ST-->TO,ST-->TO,ST-->TO,ST-->TO,ST-->TO,ST-->TO,ST-->TO,ST-->TO,ST-->TO,ST-->TO,ST-->TO,ST-->TO,ST-->TO,ST-->TO,,,,,,,,,,,,,,,,,TO-->ST,TO-->ST,TO-->ST,TO-->ST,TO-->ST,TO-->ST,TO-->ST,TO-->ST,TO-->ST,TO-->ST,TO-->ST,TO-->ST,TO-->ST,TO-->ST,TO-->ST,TO-->ST,TO-->ST,TO-->ST,TO-->ST
SA,SAU,Saudi Arabia,Riyadh,Asia,Western Asia,,SA-->TO,SA-->TO,SA-->TO,SA-->TO,SA-->TO,SA-->TO,SA-->TO,SA-->TO,SA-->TO,SA-->TO,SA-->TO,SA-->TO,SA-->TO,SA-->TO,SA-->TO,SA-->TO,SA-->TO,SA-->TO,SA-->TO,,,,,,,,,,,,,,,,,TO-->SA,TO-->SA,TO-->SA,TO-->SA,TO-->SA,TO-->SA,TO-->SA,TO-->SA,TO-->SA,TO-->SA,TO-->SA,TO-->SA,TO-->SA,TO-->SA,TO-->SA,TO-->SA,TO-->SA,TO-->SA,TO-->SA
SN,SEN,Senegal,Dakar,Africa,Western Africa,,SN-->TO,SN-->TO,SN-->TO,SN-->TO,SN-->TO,SN-->TO,SN-->TO,SN-->TO,SN-->TO,SN-->TO,SN-->TO,SN-->TO,SN-->TO,SN-->TO,SN-->TO,SN-->TO,SN-->TO,SN-->TO,SN-->TO,,,,,,,,,,,,,,,,,TO-->SN,TO-->SN,TO-->SN,TO-->SN,TO-->SN,TO-->SN,TO-->SN,TO-->SN,TO-->SN,TO-->SN,TO-->SN,TO-->SN,TO-->SN,TO-->SN,TO-->SN,TO-->SN,TO-->SN,TO-->SN,TO-->SN
RS,SRB,Serbia,Belgrade,Europe,Southern Europe,,RS-->TO,RS-->TO,RS-->TO,RS-->TO,RS-->TO,RS-->TO,RS-->TO,RS-->TO,RS-->TO,RS-->TO,RS-->TO,RS-->TO,RS-->TO,RS-->TO,RS-->TO,RS-->TO,RS-->TO,RS-->TO,RS-->TO,,,,,,,,,,,,,,,,,TO-->RS,TO-->RS,TO-->RS,TO-->RS,TO-->RS,TO-->RS,TO-->RS,TO-->RS,TO-->RS,TO-->RS,TO-->RS,TO-->RS,TO-->RS,TO-->RS,TO-->RS,TO-->RS,TO-->RS,TO-->RS,TO-->RS
SC,SYC,Seychelles,Victoria,Africa,Eastern Africa,,SC-->TO,SC-->TO,SC-->TO,SC-->TO,SC-->TO,SC-->TO,SC-->TO,SC-->TO,SC-->TO,SC-->TO,SC-->TO,SC-->TO,SC-->TO,SC-->TO,SC-->TO,SC-->TO,SC-->TO,SC-->TO,SC-->TO,,,,,,,,,,,,,,,,,TO-->SC,TO-->SC,TO-->SC,TO-->SC,TO-->SC,TO-->SC,TO-->SC,TO-->SC,TO-->SC,TO-->SC,TO-->SC,TO-->SC,TO-->SC,TO-->SC,TO-->SC,TO-->SC,TO-->SC,TO-->SC,TO-->SC
SL,SLE,Sierra Leone,Freetown,Africa,Western Africa,,SL-->TO,SL-->TO,SL-->TO,SL-->TO,SL-->TO,SL-->TO,SL-->TO,SL-->TO,SL-->TO,SL-->TO,SL-->TO,SL-->TO,SL-->TO,SL-->TO,SL-->TO,SL-->TO,SL-->TO,SL-->TO,SL-->TO,,,,,,,,,,,,,,,,,TO-->SL,TO-->SL,TO-->SL,TO-->SL,TO-->SL,TO-->SL,TO-->SL,TO-->SL,TO-->SL,TO-->SL,TO-->SL,TO-->SL,TO-->SL,TO-->SL,TO-->SL,TO-->SL,TO-->SL,TO-->SL,TO-->SL
SG,SGP,Singapore,Singapore,Asia,South-Eastern Asia,,SG-->TO,SG-->TO,SG-->TO,SG-->TO,SG-->TO,SG-->TO,SG-->TO,SG-->TO,SG-->TO,SG-->TO,SG-->TO,SG-->TO,SG-->TO,SG-->TO,SG-->TO,SG-->TO,SG-->TO,SG-->TO,SG-->TO,,,,,,,,,,,,,,,,,TO-->SG,TO-->SG,TO-->SG,TO-->SG,TO-->SG,TO-->SG,TO-->SG,TO-->SG,TO-->SG,TO-->SG,TO-->SG,TO-->SG,TO-->SG,TO-->SG,TO-->SG,TO-->SG,TO-->SG,TO-->SG,TO-->SG
SX,SXM,Sint Maarten,Philipsburg,Americas,Caribbean,,SX-->TO,SX-->TO,SX-->TO,SX-->TO,SX-->TO,SX-->TO,SX-->TO,SX-->TO,SX-->TO,SX-->TO,SX-->TO,SX-->TO,SX-->TO,SX-->TO,SX-->TO,SX-->TO,SX-->TO,SX-->TO,SX-->TO,,,,,,,,,,,,,,,,,TO-->SX,TO-->SX,TO-->SX,TO-->SX,TO-->SX,TO-->SX,TO-->SX,TO-->SX,TO-->SX,TO-->SX,TO-->SX,TO-->SX,TO-->SX,TO-->SX,TO-->SX,TO-->SX,TO-->SX,TO-->SX,TO-->SX
SK,SVK,Slovakia,Bratislava,Europe,Eastern Europe,,SK-->TO,SK-->TO,SK-->TO,SK-->TO,SK-->TO,SK-->TO,SK-->TO,SK-->TO,SK-->TO,SK-->TO,SK-->TO,SK-->TO,SK-->TO,SK-->TO,SK-->TO,SK-->TO,SK-->TO,SK-->TO,SK-->TO,,,,,,,,,,,,,,,,,TO-->SK,TO-->SK,TO-->SK,TO-->SK,TO-->SK,TO-->SK,TO-->SK,TO-->SK,TO-->SK,TO-->SK,TO-->SK,TO-->SK,TO-->SK,TO-->SK,TO-->SK,TO-->SK,TO-->SK,TO-->SK,TO-->SK
SI,SVN,Slovenia,Ljubljana,Europe,Southern Europe,,SI-->TO,SI-->TO,SI-->TO,SI-->TO,SI-->TO,SI-->TO,SI-->TO,SI-->TO,SI-->TO,SI-->TO,SI-->TO,SI-->TO,SI-->TO,SI-->TO,SI-->TO,SI-->TO,SI-->TO,SI-->TO,SI-->TO,,,,,,,,,,,,,,,,,TO-->SI,TO-->SI,TO-->SI,TO-->SI,TO-->SI,TO-->SI,TO-->SI,TO-->SI,TO-->SI,TO-->SI,TO-->SI,TO-->SI,TO-->SI,TO-->SI,TO-->SI,TO-->SI,TO-->SI,TO-->SI,TO-->SI
SB,SLB,Solomon Islands,Honiara,Oceania,Melanesia,,SB-->TO,SB-->TO,SB-->TO,SB-->TO,SB-->TO,SB-->TO,SB-->TO,SB-->TO,SB-->TO,SB-->TO,SB-->TO,SB-->TO,SB-->TO,SB-->TO,SB-->TO,SB-->TO,SB-->TO,SB-->TO,SB-->TO,,,,,,,,,,,,,,,,,TO-->SB,TO-->SB,TO-->SB,TO-->SB,TO-->SB,TO-->SB,TO-->SB,TO-->SB,TO-->SB,TO-->SB,TO-->SB,TO-->SB,TO-->SB,TO-->SB,TO-->SB,TO-->SB,TO-->SB,TO-->SB,TO-->SB
SO,SOM,Somalia,Mogadishu,Africa,Eastern Africa,,SO-->TO,SO-->TO,SO-->TO,SO-->TO,SO-->TO,SO-->TO,SO-->TO,SO-->TO,SO-->TO,SO-->TO,SO-->TO,SO-->TO,SO-->TO,SO-->TO,SO-->TO,SO-->TO,SO-->TO,SO-->TO,SO-->TO,,,,,,,,,,,,,,,,,TO-->SO,TO-->SO,TO-->SO,TO-->SO,TO-->SO,TO-->SO,TO-->SO,TO-->SO,TO-->SO,TO-->SO,TO-->SO,TO-->SO,TO-->SO,TO-->SO,TO-->SO,TO-->SO,TO-->SO,TO-->SO,TO-->SO
ZA,ZAF,South Africa,Pretoria,Africa,Southern Africa,,ZA-->TO,ZA-->TO,ZA-->TO,ZA-->TO,ZA-->TO,ZA-->TO,ZA-->TO,ZA-->TO,ZA-->TO,ZA-->TO,ZA-->TO,ZA-->TO,ZA-->TO,ZA-->TO,ZA-->TO,ZA-->TO,ZA-->TO,ZA-->TO,ZA-->TO,,,,,,,,,,,,,,,,,TO-->ZA,TO-->ZA,TO-->ZA,TO-->ZA,TO-->ZA,TO-->ZA,TO-->ZA,TO-->ZA,TO-->ZA,TO-->ZA,TO-->ZA,TO-->ZA,TO-->ZA,TO-->ZA,TO-->ZA,TO-->ZA,TO-->ZA,TO-->ZA,TO-->ZA
GS,SGS,South Georgia,King Edward Point,Americas,South America,,GS-->TO,GS-->TO,GS-->TO,GS-->TO,GS-->TO,GS-->TO,GS-->TO,GS-->TO,GS-->TO,GS-->TO,GS-->TO,GS-->TO,GS-->TO,GS-->TO,GS-->TO,GS-->TO,GS-->TO,GS-->TO,GS-->TO,,,,,,,,,,,,,,,,,TO-->GS,TO-->GS,TO-->GS,TO-->GS,TO-->GS,TO-->GS,TO-->GS,TO-->GS,TO-->GS,TO-->GS,TO-->GS,TO-->GS,TO-->GS,TO-->GS,TO-->GS,TO-->GS,TO-->GS,TO-->GS,TO-->GS
KR,KOR,South Korea,Seoul,Asia,Eastern Asia,,KR-->TO,KR-->TO,KR-->TO,KR-->TO,KR-->TO,KR-->TO,KR-->TO,KR-->TO,KR-->TO,KR-->TO,KR-->TO,KR-->TO,KR-->TO,KR-->TO,KR-->TO,KR-->TO,KR-->TO,KR-->TO,KR-->TO,,,,,,,,,,,,,,,,,TO-->KR,TO-->KR,TO-->KR,TO-->KR,TO-->KR,TO-->KR,TO-->KR,TO-->KR,TO-->KR,TO-->KR,TO-->KR,TO-->KR,TO-->KR,TO-->KR,TO-->KR,TO-->KR,TO-->KR,TO-->KR,TO-->KR
SS,SSD,South Sudan,Juba,Africa,Middle Africa,,SS-->TO,SS-->TO,SS-->TO,SS-->TO,SS-->TO,SS-->TO,SS-->TO,SS-->TO,SS-->TO,SS-->TO,SS-->TO,SS-->TO,SS-->TO,SS-->TO,SS-->TO,SS-->TO,SS-->TO,SS-->TO,SS-->TO,,,,,,,,,,,,,,,,,TO-->SS,TO-->SS,TO-->SS,TO-->SS,TO-->SS,TO-->SS,TO-->SS,TO-->SS,TO-->SS,TO-->SS,TO-->SS,TO-->SS,TO-->SS,TO-->SS,TO-->SS,TO-->SS,TO-->SS,TO-->SS,TO-->SS
ES,ESP,Spain,Madrid,Europe,Southern Europe,,ES-->TO,ES-->TO,ES-->TO,ES-->TO,ES-->TO,ES-->TO,ES-->TO,ES-->TO,ES-->TO,ES-->TO,ES-->TO,ES-->TO,ES-->TO,ES-->TO,ES-->TO,ES-->TO,ES-->TO,ES-->TO,ES-->TO,,,,,,,,,,,,,,,,,TO-->ES,TO-->ES,TO-->ES,TO-->ES,TO-->ES,TO-->ES,TO-->ES,TO-->ES,TO-->ES,TO-->ES,TO-->ES,TO-->ES,TO-->ES,TO-->ES,TO-->ES,TO-->ES,TO-->ES,TO-->ES,TO-->ES
LK,LKA,Sri Lanka,Colombo,Asia,Southern Asia,,LK-->TO,LK-->TO,LK-->TO,LK-->TO,LK-->TO,LK-->TO,LK-->TO,LK-->TO,LK-->TO,LK-->TO,LK-->TO,LK-->TO,LK-->TO,LK-->TO,LK-->TO,LK-->TO,LK-->TO,LK-->TO,LK-->TO,,,,,,,,,,,,,,,,,TO-->LK,TO-->LK,TO-->LK,TO-->LK,TO-->LK,TO-->LK,TO-->LK,TO-->LK,TO-->LK,TO-->LK,TO-->LK,TO-->LK,TO-->LK,TO-->LK,TO-->LK,TO-->LK,TO-->LK,TO-->LK,TO-->LK
SD,SDN,Sudan,Khartoum,Africa,Northern Africa,,SD-->TO,SD-->TO,SD-->TO,SD-->TO,SD-->TO,SD-->TO,SD-->TO,SD-->TO,SD-->TO,SD-->TO,SD-->TO,SD-->TO,SD-->TO,SD-->TO,SD-->TO,SD-->TO,SD-->TO,SD-->TO,SD-->TO,,,,,,,,,,,,,,,,,TO-->SD,TO-->SD,TO-->SD,TO-->SD,TO-->SD,TO-->SD,TO-->SD,TO-->SD,TO-->SD,TO-->SD,TO-->SD,TO-->SD,TO-->SD,TO-->SD,TO-->SD,TO-->SD,TO-->SD,TO-->SD,TO-->SD
SR,SUR,Suriname,Paramaribo,Americas,South America,,SR-->TO,SR-->TO,SR-->TO,SR-->TO,SR-->TO,SR-->TO,SR-->TO,SR-->TO,SR-->TO,SR-->TO,SR-->TO,SR-->TO,SR-->TO,SR-->TO,SR-->TO,SR-->TO,SR-->TO,SR-->TO,SR-->TO,,,,,,,,,,,,,,,,,TO-->SR,TO-->SR,TO-->SR,TO-->SR,TO-->SR,TO-->SR,TO-->SR,TO-->SR,TO-->SR,TO-->SR,TO-->SR,TO-->SR,TO-->SR,TO-->SR,TO-->SR,TO-->SR,TO-->SR,TO-->SR,TO-->SR
SJ,SJM,Svalbard and Jan Mayen,Longyearbyen,Europe,Northern Europe,,SJ-->TO,SJ-->TO,SJ-->TO,SJ-->TO,SJ-->TO,SJ-->TO,SJ-->TO,SJ-->TO,SJ-->TO,SJ-->TO,SJ-->TO,SJ-->TO,SJ-->TO,SJ-->TO,SJ-->TO,SJ-->TO,SJ-->TO,SJ-->TO,SJ-->TO,,,,,,,,,,,,,,,,,TO-->SJ,TO-->SJ,TO-->SJ,TO-->SJ,TO-->SJ,TO-->SJ,TO-->SJ,TO-->SJ,TO-->SJ,TO-->SJ,TO-->SJ,TO-->SJ,TO-->SJ,TO-->SJ,TO-->SJ,TO-->SJ,TO-->SJ,TO-->SJ,TO-->SJ
SZ,SWZ,Swaziland,Lobamba,Africa,Southern Africa,,SZ-->TO,SZ-->TO,SZ-->TO,SZ-->TO,SZ-->TO,SZ-->TO,SZ-->TO,SZ-->TO,SZ-->TO,SZ-->TO,SZ-->TO,SZ-->TO,SZ-->TO,SZ-->TO,SZ-->TO,SZ-->TO,SZ-->TO,SZ-->TO,SZ-->TO,,,,,,,,,,,,,,,,,TO-->SZ,TO-->SZ,TO-->SZ,TO-->SZ,TO-->SZ,TO-->SZ,TO-->SZ,TO-->SZ,TO-->SZ,TO-->SZ,TO-->SZ,TO-->SZ,TO-->SZ,TO-->SZ,TO-->SZ,TO-->SZ,TO-->SZ,TO-->SZ,TO-->SZ
SE,SWE,Sweden,Stockholm,Europe,Northern Europe,,SE-->TO,SE-->TO,SE-->TO,SE-->TO,SE-->TO,SE-->TO,SE-->TO,SE-->TO,SE-->TO,SE-->TO,SE-->TO,SE-->TO,SE-->TO,SE-->TO,SE-->TO,SE-->TO,SE-->TO,SE-->TO,SE-->TO,,,,,,,,,,,,,,,,,TO-->SE,TO-->SE,TO-->SE,TO-->SE,TO-->SE,TO-->SE,TO-->SE,TO-->SE,TO-->SE,TO-->SE,TO-->SE,TO-->SE,TO-->SE,TO-->SE,TO-->SE,TO-->SE,TO-->SE,TO-->SE,TO-->SE
CH,CHE,Switzerland,Bern,Europe,Western Europe,,CH-->TO,CH-->TO,CH-->TO,CH-->TO,CH-->TO,CH-->TO,CH-->TO,CH-->TO,CH-->TO,CH-->TO,CH-->TO,CH-->TO,CH-->TO,CH-->TO,CH-->TO,CH-->TO,CH-->TO,CH-->TO,CH-->TO,,,,,,,,,,,,,,,,,TO-->CH,TO-->CH,TO-->CH,TO-->CH,TO-->CH,TO-->CH,TO-->CH,TO-->CH,TO-->CH,TO-->CH,TO-->CH,TO-->CH,TO-->CH,TO-->CH,TO-->CH,TO-->CH,TO-->CH,TO-->CH,TO-->CH
SY,SYR,Syria,Damascus,Asia,Western Asia,,SY-->TO,SY-->TO,SY-->TO,SY-->TO,SY-->TO,SY-->TO,SY-->TO,SY-->TO,SY-->TO,SY-->TO,SY-->TO,SY-->TO,SY-->TO,SY-->TO,SY-->TO,SY-->TO,SY-->TO,SY-->TO,SY-->TO,,,,,,,,,,,,,,,,,TO-->SY,TO-->SY,TO-->SY,TO-->SY,TO-->SY,TO-->SY,TO-->SY,TO-->SY,TO-->SY,TO-->SY,TO-->SY,TO-->SY,TO-->SY,TO-->SY,TO-->SY,TO-->SY,TO-->SY,TO-->SY,TO-->SY
TW,TWN,Taiwan,Taipei,Asia,Eastern Asia,,TW-->TO,TW-->TO,TW-->TO,TW-->TO,TW-->TO,TW-->TO,TW-->TO,TW-->TO,TW-->TO,TW-->TO,TW-->TO,TW-->TO,TW-->TO,TW-->TO,TW-->TO,TW-->TO,TW-->TO,TW-->TO,TW-->TO,,,,,,,,,,,,,,,,,TO-->TW,TO-->TW,TO-->TW,TO-->TW,TO-->TW,TO-->TW,TO-->TW,TO-->TW,TO-->TW,TO-->TW,TO-->TW,TO-->TW,TO-->TW,TO-->TW,TO-->TW,TO-->TW,TO-->TW,TO-->TW,TO-->TW
TJ,TJK,Tajikistan,Dushanbe,Asia,Central Asia,,TJ-->TO,TJ-->TO,TJ-->TO,TJ-->TO,TJ-->TO,TJ-->TO,TJ-->TO,TJ-->TO,TJ-->TO,TJ-->TO,TJ-->TO,TJ-->TO,TJ-->TO,TJ-->TO,TJ-->TO,TJ-->TO,TJ-->TO,TJ-->TO,TJ-->TO,,,,,,,,,,,,,,,,,TO-->TJ,TO-->TJ,TO-->TJ,TO-->TJ,TO-->TJ,TO-->TJ,TO-->TJ,TO-->TJ,TO-->TJ,TO-->TJ,TO-->TJ,TO-->TJ,TO-->TJ,TO-->TJ,TO-->TJ,TO-->TJ,TO-->TJ,TO-->TJ,TO-->TJ
TZ,TZA,Tanzania,Dodoma,Africa,Eastern Africa,,TZ-->TO,TZ-->TO,TZ-->TO,TZ-->TO,TZ-->TO,TZ-->TO,TZ-->TO,TZ-->TO,TZ-->TO,TZ-->TO,TZ-->TO,TZ-->TO,TZ-->TO,TZ-->TO,TZ-->TO,TZ-->TO,TZ-->TO,TZ-->TO,TZ-->TO,,,,,,,,,,,,,,,,,TO-->TZ,TO-->TZ,TO-->TZ,TO-->TZ,TO-->TZ,TO-->TZ,TO-->TZ,TO-->TZ,TO-->TZ,TO-->TZ,TO-->TZ,TO-->TZ,TO-->TZ,TO-->TZ,TO-->TZ,TO-->TZ,TO-->TZ,TO-->TZ,TO-->TZ
TH,THA,Thailand,Bangkok,Asia,South-Eastern Asia,,TH-->TO,TH-->TO,TH-->TO,TH-->TO,TH-->TO,TH-->TO,TH-->TO,TH-->TO,TH-->TO,TH-->TO,TH-->TO,TH-->TO,TH-->TO,TH-->TO,TH-->TO,TH-->TO,TH-->TO,TH-->TO,TH-->TO,,,,,,,,,,,,,,,,,TO-->TH,TO-->TH,TO-->TH,TO-->TH,TO-->TH,TO-->TH,TO-->TH,TO-->TH,TO-->TH,TO-->TH,TO-->TH,TO-->TH,TO-->TH,TO-->TH,TO-->TH,TO-->TH,TO-->TH,TO-->TH,TO-->TH
TL,TLS,East Timor,Dili,Asia,South-Eastern Asia,,TL-->TO,TL-->TO,TL-->TO,TL-->TO,TL-->TO,TL-->TO,TL-->TO,TL-->TO,TL-->TO,TL-->TO,TL-->TO,TL-->TO,TL-->TO,TL-->TO,TL-->TO,TL-->TO,TL-->TO,TL-->TO,TL-->TO,,,,,,,,,,,,,,,,,TO-->TL,TO-->TL,TO-->TL,TO-->TL,TO-->TL,TO-->TL,TO-->TL,TO-->TL,TO-->TL,TO-->TL,TO-->TL,TO-->TL,TO-->TL,TO-->TL,TO-->TL,TO-->TL,TO-->TL,TO-->TL,TO-->TL
TG,TGO,Togo,Lomé,Africa,Western Africa,,TG-->TO,TG-->TO,TG-->TO,TG-->TO,TG-->TO,TG-->TO,TG-->TO,TG-->TO,TG-->TO,TG-->TO,TG-->TO,TG-->TO,TG-->TO,TG-->TO,TG-->TO,TG-->TO,TG-->TO,TG-->TO,TG-->TO,,,,,,,,,,,,,,,,,TO-->TG,TO-->TG,TO-->TG,TO-->TG,TO-->TG,TO-->TG,TO-->TG,TO-->TG,TO-->TG,TO-->TG,TO-->TG,TO-->TG,TO-->TG,TO-->TG,TO-->TG,TO-->TG,TO-->TG,TO-->TG,TO-->TG
TK,TKL,Tokelau,Fakaofo,Oceania,Polynesia,,TK-->TO,TK-->TO,TK-->TO,TK-->TO,TK-->TO,TK-->TO,TK-->TO,TK-->TO,TK-->TO,TK-->TO,TK-->TO,TK-->TO,TK-->TO,TK-->TO,TK-->TO,TK-->TO,TK-->TO,TK-->TO,TK-->TO,,,,,,,,,,,,,,,,,TO-->TK,TO-->TK,TO-->TK,TO-->TK,TO-->TK,TO-->TK,TO-->TK,TO-->TK,TO-->TK,TO-->TK,TO-->TK,TO-->TK,TO-->TK,TO-->TK,TO-->TK,TO-->TK,TO-->TK,TO-->TK,TO-->TK
TO,TON,Tonga,Nuku'alofa,Oceania,Polynesia,,TO-->TO,TO-->TO,TO-->TO,TO-->TO,TO-->TO,TO-->TO,TO-->TO,TO-->TO,TO-->TO,TO-->TO,TO-->TO,TO-->TO,TO-->TO,TO-->TO,TO-->TO,TO-->TO,TO-->TO,TO-->TO,TO-->TO,,,,,,,,,,,,,,,,,TO-->TO,TO-->TO,TO-->TO,TO-->TO,TO-->TO,TO-->TO,TO-->TO,TO-->TO,TO-->TO,TO-->TO,TO-->TO,TO-->TO,TO-->TO,TO-->TO,TO-->TO,TO-->TO,TO-->TO,TO-->TO,TO-->TO
TT,TTO,Trinidad and Tobago,Port of Spain,Americas,Caribbean,,TT-->TO,TT-->TO,TT-->TO,TT-->TO,TT-->TO,TT-->TO,TT-->TO,TT-->TO,TT-->TO,TT-->TO,TT-->TO,TT-->TO,TT-->TO,TT-->TO,TT-->TO,TT-->TO,TT-->TO,TT-->TO,TT-->TO,,,,,,,,,,,,,,,,,TO-->TT,TO-->TT,TO-->TT,TO-->TT,TO-->TT,TO-->TT,TO-->TT,TO-->TT,TO-->TT,TO-->TT,TO-->TT,TO-->TT,TO-->TT,TO-->TT,TO-->TT,TO-->TT,TO-->TT,TO-->TT,TO-->TT
TN,TUN,Tunisia,Tunis,Africa,Northern Africa,,TN-->TO,TN-->TO,TN-->TO,TN-->TO,TN-->TO,TN-->TO,TN-->TO,TN-->TO,TN-->TO,TN-->TO,TN-->TO,TN-->TO,TN-->TO,TN-->TO,TN-->TO,TN-->TO,TN-->TO,TN-->TO,TN-->TO,,,,,,,,,,,,,,,,,TO-->TN,TO-->TN,TO-->TN,TO-->TN,TO-->TN,TO-->TN,TO-->TN,TO-->TN,TO-->TN,TO-->TN,TO-->TN,TO-->TN,TO-->TN,TO-->TN,TO-->TN,TO-->TN,TO-->TN,TO-->TN,TO-->TN
TR,TUR,Turkey,Ankara,Asia,Western Asia,,TR-->TO,TR-->TO,TR-->TO,TR-->TO,TR-->TO,TR-->TO,TR-->TO,TR-->TO,TR-->TO,TR-->TO,TR-->TO,TR-->TO,TR-->TO,TR-->TO,TR-->TO,TR-->TO,TR-->TO,TR-->TO,TR-->TO,,,,,,,,,,,,,,,,,TO-->TR,TO-->TR,TO-->TR,TO-->TR,TO-->TR,TO-->TR,TO-->TR,TO-->TR,TO-->TR,TO-->TR,TO-->TR,TO-->TR,TO-->TR,TO-->TR,TO-->TR,TO-->TR,TO-->TR,TO-->TR,TO-->TR
TM,TKM,Turkmenistan,Ashgabat,Asia,Central Asia,,TM-->TO,TM-->TO,TM-->TO,TM-->TO,TM-->TO,TM-->TO,TM-->TO,TM-->TO,TM-->TO,TM-->TO,TM-->TO,TM-->TO,TM-->TO,TM-->TO,TM-->TO,TM-->TO,TM-->TO,TM-->TO,TM-->TO,,,,,,,,,,,,,,,,,TO-->TM,TO-->TM,TO-->TM,TO-->TM,TO-->TM,TO-->TM,TO-->TM,TO-->TM,TO-->TM,TO-->TM,TO-->TM,TO-->TM,TO-->TM,TO-->TM,TO-->TM,TO-->TM,TO-->TM,TO-->TM,TO-->TM
TC,TCA,Turks and Caicos Islands,Cockburn Town,Americas,Caribbean,,TC-->TO,TC-->TO,TC-->TO,TC-->TO,TC-->TO,TC-->TO,TC-->TO,TC-->TO,TC-->TO,TC-->TO,TC-->TO,TC-->TO,TC-->TO,TC-->TO,TC-->TO,TC-->TO,TC-->TO,TC-->TO,TC-->TO,,,,,,,,,,,,,,,,,TO-->TC,TO-->TC,TO-->TC,TO-->TC,TO-->TC,TO-->TC,TO-->TC,TO-->TC,TO-->TC,TO-->TC,TO-->TC,TO-->TC,TO-->TC,TO-->TC,TO-->TC,TO-->TC,TO-->TC,TO-->TC,TO-->TC
TV,TUV,Tuvalu,Funafuti,Oceania,Polynesia,,TV-->TO,TV-->TO,TV-->TO,TV-->TO,TV-->TO,TV-->TO,TV-->TO,TV-->TO,TV-->TO,TV-->TO,TV-->TO,TV-->TO,TV-->TO,TV-->TO,TV-->TO,TV-->TO,TV-->TO,TV-->TO,TV-->TO,,,,,,,,,,,,,,,,,TO-->TV,TO-->TV,TO-->TV,TO-->TV,TO-->TV,TO-->TV,TO-->TV,TO-->TV,TO-->TV,TO-->TV,TO-->TV,TO-->TV,TO-->TV,TO-->TV,TO-->TV,TO-->TV,TO-->TV,TO-->TV,TO-->TV
UG,UGA,Uganda,Kampala,Africa,Eastern Africa,,UG-->TO,UG-->TO,UG-->TO,UG-->TO,UG-->TO,UG-->TO,UG-->TO,UG-->TO,UG-->TO,UG-->TO,UG-->TO,UG-->TO,UG-->TO,UG-->TO,UG-->TO,UG-->TO,UG-->TO,UG-->TO,UG-->TO,,,,,,,,,,,,,,,,,TO-->UG,TO-->UG,TO-->UG,TO-->UG,TO-->UG,TO-->UG,TO-->UG,TO-->UG,TO-->UG,TO-->UG,TO-->UG,TO-->UG,TO-->UG,TO-->UG,TO-->UG,TO-->UG,TO-->UG,TO-->UG,TO-->UG
UA,UKR,Ukraine,Kiev,Europe,Eastern Europe,,UA-->TO,UA-->TO,UA-->TO,UA-->TO,UA-->TO,UA-->TO,UA-->TO,UA-->TO,UA-->TO,UA-->TO,UA-->TO,UA-->TO,UA-->TO,UA-->TO,UA-->TO,UA-->TO,UA-->TO,UA-->TO,UA-->TO,,,,,,,,,,,,,,,,,TO-->UA,TO-->UA,TO-->UA,TO-->UA,TO-->UA,TO-->UA,TO-->UA,TO-->UA,TO-->UA,TO-->UA,TO-->UA,TO-->UA,TO-->UA,TO-->UA,TO-->UA,TO-->UA,TO-->UA,TO-->UA,TO-->UA
AE,ARE,United Arab Emirates,Abu Dhabi,Asia,Western Asia,,AE-->TO,AE-->TO,AE-->TO,AE-->TO,AE-->TO,AE-->TO,AE-->TO,AE-->TO,AE-->TO,AE-->TO,AE-->TO,AE-->TO,AE-->TO,AE-->TO,AE-->TO,AE-->TO,AE-->TO,AE-->TO,AE-->TO,,,,,,,,,,,,,,,,,TO-->AE,TO-->AE,TO-->AE,TO-->AE,TO-->AE,TO-->AE,TO-->AE,TO-->AE,TO-->AE,TO-->AE,TO-->AE,TO-->AE,TO-->AE,TO-->AE,TO-->AE,TO-->AE,TO-->AE,TO-->AE,TO-->AE
GB,GBR,United Kingdom,London,Europe,Northern Europe,,GB-->TO,GB-->TO,GB-->TO,GB-->TO,GB-->TO,GB-->TO,GB-->TO,GB-->TO,GB-->TO,GB-->TO,GB-->TO,GB-->TO,GB-->TO,GB-->TO,GB-->TO,GB-->TO,GB-->TO,GB-->TO,GB-->TO,,,,,,,,,,,,,,,,,TO-->GB,TO-->GB,TO-->GB,TO-->GB,TO-->GB,TO-->GB,TO-->GB,TO-->GB,TO-->GB,TO-->GB,TO-->GB,TO-->GB,TO-->GB,TO-->GB,TO-->GB,TO-->GB,TO-->GB,TO-->GB,TO-->GB
US,USA,United States,"Washington, D.C.",Americas,Northern America,,US-->TO,US-->TO,US-->TO,US-->TO,US-->TO,US-->TO,US-->TO,US-->TO,US-->TO,US-->TO,US-->TO,US-->TO,US-->TO,US-->TO,US-->TO,US-->TO,US-->TO,US-->TO,US-->TO,,,,,,,,,,,,,,,,,TO-->US,TO-->US,TO-->US,TO-->US,TO-->US,TO-->US,TO-->US,TO-->US,TO-->US,TO-->US,TO-->US,TO-->US,TO-->US,TO-->US,TO-->US,TO-->US,TO-->US,TO-->US,TO-->US
UY,URY,Uruguay,Montevideo,Americas,South America,,UY-->TO,UY-->TO,UY-->TO,UY-->TO,UY-->TO,UY-->TO,UY-->TO,UY-->TO,UY-->TO,UY-->TO,UY-->TO,UY-->TO,UY-->TO,UY-->TO,UY-->TO,UY-->TO,UY-->TO,UY-->TO,UY-->TO,,,,,,,,,,,,,,,,,TO-->UY,TO-->UY,TO-->UY,TO-->UY,TO-->UY,TO-->UY,TO-->UY,TO-->UY,TO-->UY,TO-->UY,TO-->UY,TO-->UY,TO-->UY,TO-->UY,TO-->UY,TO-->UY,TO-->UY,TO-->UY,TO-->UY
UZ,UZB,Uzbekistan,Tashkent,Asia,Central Asia,,UZ-->TO,UZ-->TO,UZ-->TO,UZ-->TO,UZ-->TO,UZ-->TO,UZ-->TO,UZ-->TO,UZ-->TO,UZ-->TO,UZ-->TO,UZ-->TO,UZ-->TO,UZ-->TO,UZ-->TO,UZ-->TO,UZ-->TO,UZ-->TO,UZ-->TO,,,,,,,,,,,,,,,,,TO-->UZ,TO-->UZ,TO-->UZ,TO-->UZ,TO-->UZ,TO-->UZ,TO-->UZ,TO-->UZ,TO-->UZ,TO-->UZ,TO-->UZ,TO-->UZ,TO-->UZ,TO-->UZ,TO-->UZ,TO-->UZ,TO-->UZ,TO-->UZ,TO-->UZ
VU,VUT,Vanuatu,Port Vila,Oceania,Melanesia,,VU-->TO,VU-->TO,VU-->TO,VU-->TO,VU-->TO,VU-->TO,VU-->TO,VU-->TO,VU-->TO,VU-->TO,VU-->TO,VU-->TO,VU-->TO,VU-->TO,VU-->TO,VU-->TO,VU-->TO,VU-->TO,VU-->TO,,,,,,,,,,,,,,,,,TO-->VU,TO-->VU,TO-->VU,TO-->VU,TO-->VU,TO-->VU,TO-->VU,TO-->VU,TO-->VU,TO-->VU,TO-->VU,TO-->VU,TO-->VU,TO-->VU,TO-->VU,TO-->VU,TO-->VU,TO-->VU,TO-->VU
VE,VEN,Venezuela,Caracas,Americas,South America,,VE-->TO,VE-->TO,VE-->TO,VE-->TO,VE-->TO,VE-->TO,VE-->TO,VE-->TO,VE-->TO,VE-->TO,VE-->TO,VE-->TO,VE-->TO,VE-->TO,VE-->TO,VE-->TO,VE-->TO,VE-->TO,VE-->TO,,,,,,,,,,,,,,,,,TO-->VE,TO-->VE,TO-->VE,TO-->VE,TO-->VE,TO-->VE,TO-->VE,TO-->VE,TO-->VE,TO-->VE,TO-->VE,TO-->VE,TO-->VE,TO-->VE,TO-->VE,TO-->VE,TO-->VE,TO-->VE,TO-->VE
VN,VNM,Vietnam,Hanoi,Asia,South-Eastern Asia,,VN-->TO,VN-->TO,VN-->TO,VN-->TO,VN-->TO,VN-->TO,VN-->TO,VN-->TO,VN-->TO,VN-->TO,VN-->TO,VN-->TO,VN-->TO,VN-->TO,VN-->TO,VN-->TO,VN-->TO,VN-->TO,VN-->TO,,,,,,,,,,,,,,,,,TO-->VN,TO-->VN,TO-->VN,TO-->VN,TO-->VN,TO-->VN,TO-->VN,TO-->VN,TO-->VN,TO-->VN,TO-->VN,TO-->VN,TO-->VN,TO-->VN,TO-->VN,TO-->VN,TO-->VN,TO-->VN,TO-->VN
WF,WLF,Wallis and Futuna,Mata-Utu,Oceania,Polynesia,,WF-->TO,WF-->TO,WF-->TO,WF-->TO,WF-->TO,WF-->TO,WF-->TO,WF-->TO,WF-->TO,WF-->TO,WF-->TO,WF-->TO,WF-->TO,WF-->TO,WF-->TO,WF-->TO,WF-->TO,WF-->TO,WF-->TO,,,,,,,,,,,,,,,,,TO-->WF,TO-->WF,TO-->WF,TO-->WF,TO-->WF,TO-->WF,TO-->WF,TO-->WF,TO-->WF,TO-->WF,TO-->WF,TO-->WF,TO-->WF,TO-->WF,TO-->WF,TO-->WF,TO-->WF,TO-->WF,TO-->WF
EH,ESH,Western Sahara,El Aaiún,Africa,Northern Africa,,EH-->TO,EH-->TO,EH-->TO,EH-->TO,EH-->TO,EH-->TO,EH-->TO,EH-->TO,EH-->TO,EH-->TO,EH-->TO,EH-->TO,EH-->TO,EH-->TO,EH-->TO,EH-->TO,EH-->TO,EH-->TO,EH-->TO,,,,,,,,,,,,,,,,,TO-->EH,TO-->EH,TO-->EH,TO-->EH,TO-->EH,TO-->EH,TO-->EH,TO-->EH,TO-->EH,TO-->EH,TO-->EH,TO-->EH,TO-->EH,TO-->EH,TO-->EH,TO-->EH,TO-->EH,TO-->EH,TO-->EH
YE,YEM,Yemen,Sana'a,Asia,Western Asia,,YE-->TO,YE-->TO,YE-->TO,YE-->TO,YE-->TO,YE-->TO,YE-->TO,YE-->TO,YE-->TO,YE-->TO,YE-->TO,YE-->TO,YE-->TO,YE-->TO,YE-->TO,YE-->TO,YE-->TO,YE-->TO,YE-->TO,,,,,,,,,,,,,,,,,TO-->YE,TO-->YE,TO-->YE,TO-->YE,TO-->YE,TO-->YE,TO-->YE,TO-->YE,TO-->YE,TO-->YE,TO-->YE,TO-->YE,TO-->YE,TO-->YE,TO-->YE,TO-->YE,TO-->YE,TO-->YE,TO-->YE
ZM,ZMB,Zambia,Lusaka,Africa,Eastern Africa,,ZM-->TO,ZM-->TO,ZM-->TO,ZM-->TO,ZM-->TO,ZM-->TO,ZM-->TO,ZM-->TO,ZM-->TO,ZM-->TO,ZM-->TO,ZM-->TO,ZM-->TO,ZM-->TO,ZM-->TO,ZM-->TO,ZM-->TO,ZM-->TO,ZM-->TO,,,,,,,,,,,,,,,,,TO-->ZM,TO-->ZM,TO-->ZM,TO-->ZM,TO-->ZM,TO-->ZM,TO-->ZM,TO-->ZM,TO-->ZM,TO-->ZM,TO-->ZM,TO-->ZM,TO-->ZM,TO-->ZM,TO-->ZM,TO-->ZM,TO-->ZM,TO-->ZM,TO-->ZM
ZW,ZWE,Zimbabwe,Harare,Africa,Eastern Africa,,ZW-->TO,ZW-->TO,ZW-->TO,ZW-->TO,ZW-->TO,ZW-->TO,ZW-->TO,ZW-->TO,ZW-->TO,ZW-->TO,ZW-->TO,ZW-->TO,ZW-->TO,ZW-->TO,ZW-->TO,ZW-->TO,ZW-->TO,ZW-->TO,ZW-->TO,,,,,,,,,,,,,,,,,TO-->ZW,TO-->ZW,TO-->ZW,TO-->ZW,TO-->ZW,TO-->ZW,TO-->ZW,TO-->ZW,TO-->ZW,TO-->ZW,TO-->ZW,TO-->ZW,TO-->ZW,TO-->ZW,TO-->ZW,TO-->ZW,TO-->ZW,TO-->ZW,TO-->ZW
