nu,code,name,capital,region,subregion,Unnamed: 6,quara/into/where/e,quara/into/where/v,quara/into/where/uv,quara/into/min/e,quara/into/min/v,quara/into/min/uv,quara/into/max/e,quara/into/max/v,quara/into/max/uv,quara/into/comment,test/into/pcr/e,test/into/pcr/v,test/into/pcr/uv,test/into/ag/e,test/into/ag/v,test/into/ag/uv,test/into/comment,visa/into,visa/into/comment,loadStates/into,Unnamed: 27,Unnamed: 28,Unnamed: 29,Unnamed: 30,Unnamed: 31,Unnamed: 32,Unnamed: 33,Unnamed: 34,Unnamed: 35,Unnamed: 36,Unnamed: 37,Unnamed: 38,Unnamed: 39,Unnamed: 40,Unnamed: 41,quara/out/where/e,quara/out/where/v,quara/out/where/uv,quara/out/min/e,quara/out/min/v,quara/out/min/uv,quara/out/max/e,quara/out/max/v,quara/out/max/uv,quara/out/comment,test/out/pcr/e,test/out/pcr/v,test/out/pcr/uv,test/out/ag/e,test/out/ag/v,test/out/ag/uv,test/out/comment,visa/out,visa/out/comment
AF,AFG,Afghanistan,Kabul,Asia,Southern Asia,,AF-->GT,AF-->GT,AF-->GT,AF-->GT,AF-->GT,AF-->GT,AF-->GT,AF-->GT,AF-->GT,AF-->GT,AF-->GT,AF-->GT,AF-->GT,AF-->GT,AF-->GT,AF-->GT,AF-->GT,AF-->GT,AF-->GT,,,,,,,,,,,,,,,,,GT-->AF,GT-->AF,GT-->AF,GT-->AF,GT-->AF,GT-->AF,GT-->AF,GT-->AF,GT-->AF,GT-->AF,GT-->AF,GT-->AF,GT-->AF,GT-->AF,GT-->AF,GT-->AF,GT-->AF,GT-->AF,GT-->AF
AX,ALA,Åland Islands,Mariehamn,Europe,Northern Europe,,AX-->GT,AX-->GT,AX-->GT,AX-->GT,AX-->GT,AX-->GT,AX-->GT,AX-->GT,AX-->GT,AX-->GT,AX-->GT,AX-->GT,AX-->GT,AX-->GT,AX-->GT,AX-->GT,AX-->GT,AX-->GT,AX-->GT,,,,,,,,,,,,,,,,,GT-->AX,GT-->AX,GT-->AX,GT-->AX,GT-->AX,GT-->AX,GT-->AX,GT-->AX,GT-->AX,GT-->AX,GT-->AX,GT-->AX,GT-->AX,GT-->AX,GT-->AX,GT-->AX,GT-->AX,GT-->AX,GT-->AX
AL,ALB,Albania,Tirana,Europe,Southern Europe,,AL-->GT,AL-->GT,AL-->GT,AL-->GT,AL-->GT,AL-->GT,AL-->GT,AL-->GT,AL-->GT,AL-->GT,AL-->GT,AL-->GT,AL-->GT,AL-->GT,AL-->GT,AL-->GT,AL-->GT,AL-->GT,AL-->GT,,,,,,,,,,,,,,,,,GT-->AL,GT-->AL,GT-->AL,GT-->AL,GT-->AL,GT-->AL,GT-->AL,GT-->AL,GT-->AL,GT-->AL,GT-->AL,GT-->AL,GT-->AL,GT-->AL,GT-->AL,GT-->AL,GT-->AL,GT-->AL,GT-->AL
DZ,DZA,Algeria,Algiers,Africa,Northern Africa,,DZ-->GT,DZ-->GT,DZ-->GT,DZ-->GT,DZ-->GT,DZ-->GT,DZ-->GT,DZ-->GT,DZ-->GT,DZ-->GT,DZ-->GT,DZ-->GT,DZ-->GT,DZ-->GT,DZ-->GT,DZ-->GT,DZ-->GT,DZ-->GT,DZ-->GT,,,,,,,,,,,,,,,,,GT-->DZ,GT-->DZ,GT-->DZ,GT-->DZ,GT-->DZ,GT-->DZ,GT-->DZ,GT-->DZ,GT-->DZ,GT-->DZ,GT-->DZ,GT-->DZ,GT-->DZ,GT-->DZ,GT-->DZ,GT-->DZ,GT-->DZ,GT-->DZ,GT-->DZ
AS,ASM,American Samoa,Pago Pago,Oceania,Polynesia,,AS-->GT,AS-->GT,AS-->GT,AS-->GT,AS-->GT,AS-->GT,AS-->GT,AS-->GT,AS-->GT,AS-->GT,AS-->GT,AS-->GT,AS-->GT,AS-->GT,AS-->GT,AS-->GT,AS-->GT,AS-->GT,AS-->GT,,,,,,,,,,,,,,,,,GT-->AS,GT-->AS,GT-->AS,GT-->AS,GT-->AS,GT-->AS,GT-->AS,GT-->AS,GT-->AS,GT-->AS,GT-->AS,GT-->AS,GT-->AS,GT-->AS,GT-->AS,GT-->AS,GT-->AS,GT-->AS,GT-->AS
AD,AND,Andorra,Andorra la Vella,Europe,Southern Europe,,AD-->GT,AD-->GT,AD-->GT,AD-->GT,AD-->GT,AD-->GT,AD-->GT,AD-->GT,AD-->GT,AD-->GT,AD-->GT,AD-->GT,AD-->GT,AD-->GT,AD-->GT,AD-->GT,AD-->GT,AD-->GT,AD-->GT,,,,,,,,,,,,,,,,,GT-->AD,GT-->AD,GT-->AD,GT-->AD,GT-->AD,GT-->AD,GT-->AD,GT-->AD,GT-->AD,GT-->AD,GT-->AD,GT-->AD,GT-->AD,GT-->AD,GT-->AD,GT-->AD,GT-->AD,GT-->AD,GT-->AD
AO,AGO,Angola,Luanda,Africa,Middle Africa,,AO-->GT,AO-->GT,AO-->GT,AO-->GT,AO-->GT,AO-->GT,AO-->GT,AO-->GT,AO-->GT,AO-->GT,AO-->GT,AO-->GT,AO-->GT,AO-->GT,AO-->GT,AO-->GT,AO-->GT,AO-->GT,AO-->GT,,,,,,,,,,,,,,,,,GT-->AO,GT-->AO,GT-->AO,GT-->AO,GT-->AO,GT-->AO,GT-->AO,GT-->AO,GT-->AO,GT-->AO,GT-->AO,GT-->AO,GT-->AO,GT-->AO,GT-->AO,GT-->AO,GT-->AO,GT-->AO,GT-->AO
AI,AIA,Anguilla,The Valley,Americas,Caribbean,,AI-->GT,AI-->GT,AI-->GT,AI-->GT,AI-->GT,AI-->GT,AI-->GT,AI-->GT,AI-->GT,AI-->GT,AI-->GT,AI-->GT,AI-->GT,AI-->GT,AI-->GT,AI-->GT,AI-->GT,AI-->GT,AI-->GT,,,,,,,,,,,,,,,,,GT-->AI,GT-->AI,GT-->AI,GT-->AI,GT-->AI,GT-->AI,GT-->AI,GT-->AI,GT-->AI,GT-->AI,GT-->AI,GT-->AI,GT-->AI,GT-->AI,GT-->AI,GT-->AI,GT-->AI,GT-->AI,GT-->AI
AQ,ATA,Antarctica,,Polar,,,AQ-->GT,AQ-->GT,AQ-->GT,AQ-->GT,AQ-->GT,AQ-->GT,AQ-->GT,AQ-->GT,AQ-->GT,AQ-->GT,AQ-->GT,AQ-->GT,AQ-->GT,AQ-->GT,AQ-->GT,AQ-->GT,AQ-->GT,AQ-->GT,AQ-->GT,,,,,,,,,,,,,,,,,GT-->AQ,GT-->AQ,GT-->AQ,GT-->AQ,GT-->AQ,GT-->AQ,GT-->AQ,GT-->AQ,GT-->AQ,GT-->AQ,GT-->AQ,GT-->AQ,GT-->AQ,GT-->AQ,GT-->AQ,GT-->AQ,GT-->AQ,GT-->AQ,GT-->AQ
AG,ATG,Antigua and Barbuda,Saint John's,Americas,Caribbean,,AG-->GT,AG-->GT,AG-->GT,AG-->GT,AG-->GT,AG-->GT,AG-->GT,AG-->GT,AG-->GT,AG-->GT,AG-->GT,AG-->GT,AG-->GT,AG-->GT,AG-->GT,AG-->GT,AG-->GT,AG-->GT,AG-->GT,,,,,,,,,,,,,,,,,GT-->AG,GT-->AG,GT-->AG,GT-->AG,GT-->AG,GT-->AG,GT-->AG,GT-->AG,GT-->AG,GT-->AG,GT-->AG,GT-->AG,GT-->AG,GT-->AG,GT-->AG,GT-->AG,GT-->AG,GT-->AG,GT-->AG
AR,ARG,Argentina,Buenos Aires,Americas,South America,,AR-->GT,AR-->GT,AR-->GT,AR-->GT,AR-->GT,AR-->GT,AR-->GT,AR-->GT,AR-->GT,AR-->GT,AR-->GT,AR-->GT,AR-->GT,AR-->GT,AR-->GT,AR-->GT,AR-->GT,AR-->GT,AR-->GT,,,,,,,,,,,,,,,,,GT-->AR,GT-->AR,GT-->AR,GT-->AR,GT-->AR,GT-->AR,GT-->AR,GT-->AR,GT-->AR,GT-->AR,GT-->AR,GT-->AR,GT-->AR,GT-->AR,GT-->AR,GT-->AR,GT-->AR,GT-->AR,GT-->AR
AM,ARM,Armenia,Yerevan,Asia,Western Asia,,AM-->GT,AM-->GT,AM-->GT,AM-->GT,AM-->GT,AM-->GT,AM-->GT,AM-->GT,AM-->GT,AM-->GT,AM-->GT,AM-->GT,AM-->GT,AM-->GT,AM-->GT,AM-->GT,AM-->GT,AM-->GT,AM-->GT,,,,,,,,,,,,,,,,,GT-->AM,GT-->AM,GT-->AM,GT-->AM,GT-->AM,GT-->AM,GT-->AM,GT-->AM,GT-->AM,GT-->AM,GT-->AM,GT-->AM,GT-->AM,GT-->AM,GT-->AM,GT-->AM,GT-->AM,GT-->AM,GT-->AM
AW,ABW,Aruba,Oranjestad,Americas,Caribbean,,AW-->GT,AW-->GT,AW-->GT,AW-->GT,AW-->GT,AW-->GT,AW-->GT,AW-->GT,AW-->GT,AW-->GT,AW-->GT,AW-->GT,AW-->GT,AW-->GT,AW-->GT,AW-->GT,AW-->GT,AW-->GT,AW-->GT,,,,,,,,,,,,,,,,,GT-->AW,GT-->AW,GT-->AW,GT-->AW,GT-->AW,GT-->AW,GT-->AW,GT-->AW,GT-->AW,GT-->AW,GT-->AW,GT-->AW,GT-->AW,GT-->AW,GT-->AW,GT-->AW,GT-->AW,GT-->AW,GT-->AW
AU,AUS,Australia,Canberra,Oceania,Australia and New Zealand,,AU-->GT,AU-->GT,AU-->GT,AU-->GT,AU-->GT,AU-->GT,AU-->GT,AU-->GT,AU-->GT,AU-->GT,AU-->GT,AU-->GT,AU-->GT,AU-->GT,AU-->GT,AU-->GT,AU-->GT,AU-->GT,AU-->GT,,,,,,,,,,,,,,,,,GT-->AU,GT-->AU,GT-->AU,GT-->AU,GT-->AU,GT-->AU,GT-->AU,GT-->AU,GT-->AU,GT-->AU,GT-->AU,GT-->AU,GT-->AU,GT-->AU,GT-->AU,GT-->AU,GT-->AU,GT-->AU,GT-->AU
AT,AUT,Austria,Vienna,Europe,Western Europe,,AT-->GT,AT-->GT,AT-->GT,AT-->GT,AT-->GT,AT-->GT,AT-->GT,AT-->GT,AT-->GT,AT-->GT,AT-->GT,AT-->GT,AT-->GT,AT-->GT,AT-->GT,AT-->GT,AT-->GT,AT-->GT,AT-->GT,,,,,,,,,,,,,,,,,GT-->AT,GT-->AT,GT-->AT,GT-->AT,GT-->AT,GT-->AT,GT-->AT,GT-->AT,GT-->AT,GT-->AT,GT-->AT,GT-->AT,GT-->AT,GT-->AT,GT-->AT,GT-->AT,GT-->AT,GT-->AT,GT-->AT
AZ,AZE,Azerbaijan,Baku,Asia,Western Asia,,AZ-->GT,AZ-->GT,AZ-->GT,AZ-->GT,AZ-->GT,AZ-->GT,AZ-->GT,AZ-->GT,AZ-->GT,AZ-->GT,AZ-->GT,AZ-->GT,AZ-->GT,AZ-->GT,AZ-->GT,AZ-->GT,AZ-->GT,AZ-->GT,AZ-->GT,,,,,,,,,,,,,,,,,GT-->AZ,GT-->AZ,GT-->AZ,GT-->AZ,GT-->AZ,GT-->AZ,GT-->AZ,GT-->AZ,GT-->AZ,GT-->AZ,GT-->AZ,GT-->AZ,GT-->AZ,GT-->AZ,GT-->AZ,GT-->AZ,GT-->AZ,GT-->AZ,GT-->AZ
BS,BHS,The Bahamas,Nassau,Americas,Caribbean,,BS-->GT,BS-->GT,BS-->GT,BS-->GT,BS-->GT,BS-->GT,BS-->GT,BS-->GT,BS-->GT,BS-->GT,BS-->GT,BS-->GT,BS-->GT,BS-->GT,BS-->GT,BS-->GT,BS-->GT,BS-->GT,BS-->GT,,,,,,,,,,,,,,,,,GT-->BS,GT-->BS,GT-->BS,GT-->BS,GT-->BS,GT-->BS,GT-->BS,GT-->BS,GT-->BS,GT-->BS,GT-->BS,GT-->BS,GT-->BS,GT-->BS,GT-->BS,GT-->BS,GT-->BS,GT-->BS,GT-->BS
BH,BHR,Bahrain,Manama,Asia,Western Asia,,BH-->GT,BH-->GT,BH-->GT,BH-->GT,BH-->GT,BH-->GT,BH-->GT,BH-->GT,BH-->GT,BH-->GT,BH-->GT,BH-->GT,BH-->GT,BH-->GT,BH-->GT,BH-->GT,BH-->GT,BH-->GT,BH-->GT,,,,,,,,,,,,,,,,,GT-->BH,GT-->BH,GT-->BH,GT-->BH,GT-->BH,GT-->BH,GT-->BH,GT-->BH,GT-->BH,GT-->BH,GT-->BH,GT-->BH,GT-->BH,GT-->BH,GT-->BH,GT-->BH,GT-->BH,GT-->BH,GT-->BH
BD,BGD,Bangladesh,Dhaka,Asia,Southern Asia,,BD-->GT,BD-->GT,BD-->GT,BD-->GT,BD-->GT,BD-->GT,BD-->GT,BD-->GT,BD-->GT,BD-->GT,BD-->GT,BD-->GT,BD-->GT,BD-->GT,BD-->GT,BD-->GT,BD-->GT,BD-->GT,BD-->GT,,,,,,,,,,,,,,,,,GT-->BD,GT-->BD,GT-->BD,GT-->BD,GT-->BD,GT-->BD,GT-->BD,GT-->BD,GT-->BD,GT-->BD,GT-->BD,GT-->BD,GT-->BD,GT-->BD,GT-->BD,GT-->BD,GT-->BD,GT-->BD,GT-->BD
BB,BRB,Barbados,Bridgetown,Americas,Caribbean,,BB-->GT,BB-->GT,BB-->GT,BB-->GT,BB-->GT,BB-->GT,BB-->GT,BB-->GT,BB-->GT,BB-->GT,BB-->GT,BB-->GT,BB-->GT,BB-->GT,BB-->GT,BB-->GT,BB-->GT,BB-->GT,BB-->GT,,,,,,,,,,,,,,,,,GT-->BB,GT-->BB,GT-->BB,GT-->BB,GT-->BB,GT-->BB,GT-->BB,GT-->BB,GT-->BB,GT-->BB,GT-->BB,GT-->BB,GT-->BB,GT-->BB,GT-->BB,GT-->BB,GT-->BB,GT-->BB,GT-->BB
BY,BLR,Belarus,Minsk,Europe,Eastern Europe,,BY-->GT,BY-->GT,BY-->GT,BY-->GT,BY-->GT,BY-->GT,BY-->GT,BY-->GT,BY-->GT,BY-->GT,BY-->GT,BY-->GT,BY-->GT,BY-->GT,BY-->GT,BY-->GT,BY-->GT,BY-->GT,BY-->GT,,,,,,,,,,,,,,,,,GT-->BY,GT-->BY,GT-->BY,GT-->BY,GT-->BY,GT-->BY,GT-->BY,GT-->BY,GT-->BY,GT-->BY,GT-->BY,GT-->BY,GT-->BY,GT-->BY,GT-->BY,GT-->BY,GT-->BY,GT-->BY,GT-->BY
BE,BEL,Belgium,Brussels,Europe,Western Europe,,BE-->GT,BE-->GT,BE-->GT,BE-->GT,BE-->GT,BE-->GT,BE-->GT,BE-->GT,BE-->GT,BE-->GT,BE-->GT,BE-->GT,BE-->GT,BE-->GT,BE-->GT,BE-->GT,BE-->GT,BE-->GT,BE-->GT,,,,,,,,,,,,,,,,,GT-->BE,GT-->BE,GT-->BE,GT-->BE,GT-->BE,GT-->BE,GT-->BE,GT-->BE,GT-->BE,GT-->BE,GT-->BE,GT-->BE,GT-->BE,GT-->BE,GT-->BE,GT-->BE,GT-->BE,GT-->BE,GT-->BE
BZ,BLZ,Belize,Belmopan,Americas,Central America,,BZ-->GT,BZ-->GT,BZ-->GT,BZ-->GT,BZ-->GT,BZ-->GT,BZ-->GT,BZ-->GT,BZ-->GT,BZ-->GT,BZ-->GT,BZ-->GT,BZ-->GT,BZ-->GT,BZ-->GT,BZ-->GT,BZ-->GT,BZ-->GT,BZ-->GT,,,,,,,,,,,,,,,,,GT-->BZ,GT-->BZ,GT-->BZ,GT-->BZ,GT-->BZ,GT-->BZ,GT-->BZ,GT-->BZ,GT-->BZ,GT-->BZ,GT-->BZ,GT-->BZ,GT-->BZ,GT-->BZ,GT-->BZ,GT-->BZ,GT-->BZ,GT-->BZ,GT-->BZ
BJ,BEN,Benin,Porto-Novo,Africa,Western Africa,,BJ-->GT,BJ-->GT,BJ-->GT,BJ-->GT,BJ-->GT,BJ-->GT,BJ-->GT,BJ-->GT,BJ-->GT,BJ-->GT,BJ-->GT,BJ-->GT,BJ-->GT,BJ-->GT,BJ-->GT,BJ-->GT,BJ-->GT,BJ-->GT,BJ-->GT,,,,,,,,,,,,,,,,,GT-->BJ,GT-->BJ,GT-->BJ,GT-->BJ,GT-->BJ,GT-->BJ,GT-->BJ,GT-->BJ,GT-->BJ,GT-->BJ,GT-->BJ,GT-->BJ,GT-->BJ,GT-->BJ,GT-->BJ,GT-->BJ,GT-->BJ,GT-->BJ,GT-->BJ
BM,BMU,Bermuda,Hamilton,Americas,Northern America,,BM-->GT,BM-->GT,BM-->GT,BM-->GT,BM-->GT,BM-->GT,BM-->GT,BM-->GT,BM-->GT,BM-->GT,BM-->GT,BM-->GT,BM-->GT,BM-->GT,BM-->GT,BM-->GT,BM-->GT,BM-->GT,BM-->GT,,,,,,,,,,,,,,,,,GT-->BM,GT-->BM,GT-->BM,GT-->BM,GT-->BM,GT-->BM,GT-->BM,GT-->BM,GT-->BM,GT-->BM,GT-->BM,GT-->BM,GT-->BM,GT-->BM,GT-->BM,GT-->BM,GT-->BM,GT-->BM,GT-->BM
BT,BTN,Bhutan,Thimphu,Asia,Southern Asia,,BT-->GT,BT-->GT,BT-->GT,BT-->GT,BT-->GT,BT-->GT,BT-->GT,BT-->GT,BT-->GT,BT-->GT,BT-->GT,BT-->GT,BT-->GT,BT-->GT,BT-->GT,BT-->GT,BT-->GT,BT-->GT,BT-->GT,,,,,,,,,,,,,,,,,GT-->BT,GT-->BT,GT-->BT,GT-->BT,GT-->BT,GT-->BT,GT-->BT,GT-->BT,GT-->BT,GT-->BT,GT-->BT,GT-->BT,GT-->BT,GT-->BT,GT-->BT,GT-->BT,GT-->BT,GT-->BT,GT-->BT
BO,BOL,Bolivia,Sucre,Americas,South America,,BO-->GT,BO-->GT,BO-->GT,BO-->GT,BO-->GT,BO-->GT,BO-->GT,BO-->GT,BO-->GT,BO-->GT,BO-->GT,BO-->GT,BO-->GT,BO-->GT,BO-->GT,BO-->GT,BO-->GT,BO-->GT,BO-->GT,,,,,,,,,,,,,,,,,GT-->BO,GT-->BO,GT-->BO,GT-->BO,GT-->BO,GT-->BO,GT-->BO,GT-->BO,GT-->BO,GT-->BO,GT-->BO,GT-->BO,GT-->BO,GT-->BO,GT-->BO,GT-->BO,GT-->BO,GT-->BO,GT-->BO
BQ,BES,Bonaire,Kralendijk,Americas,Caribbean,,BQ-->GT,BQ-->GT,BQ-->GT,BQ-->GT,BQ-->GT,BQ-->GT,BQ-->GT,BQ-->GT,BQ-->GT,BQ-->GT,BQ-->GT,BQ-->GT,BQ-->GT,BQ-->GT,BQ-->GT,BQ-->GT,BQ-->GT,BQ-->GT,BQ-->GT,,,,,,,,,,,,,,,,,GT-->BQ,GT-->BQ,GT-->BQ,GT-->BQ,GT-->BQ,GT-->BQ,GT-->BQ,GT-->BQ,GT-->BQ,GT-->BQ,GT-->BQ,GT-->BQ,GT-->BQ,GT-->BQ,GT-->BQ,GT-->BQ,GT-->BQ,GT-->BQ,GT-->BQ
BA,BIH,Bosnia and Herzegovina,Sarajevo,Europe,Southern Europe,,BA-->GT,BA-->GT,BA-->GT,BA-->GT,BA-->GT,BA-->GT,BA-->GT,BA-->GT,BA-->GT,BA-->GT,BA-->GT,BA-->GT,BA-->GT,BA-->GT,BA-->GT,BA-->GT,BA-->GT,BA-->GT,BA-->GT,,,,,,,,,,,,,,,,,GT-->BA,GT-->BA,GT-->BA,GT-->BA,GT-->BA,GT-->BA,GT-->BA,GT-->BA,GT-->BA,GT-->BA,GT-->BA,GT-->BA,GT-->BA,GT-->BA,GT-->BA,GT-->BA,GT-->BA,GT-->BA,GT-->BA
BW,BWA,Botswana,Gaborone,Africa,Southern Africa,,BW-->GT,BW-->GT,BW-->GT,BW-->GT,BW-->GT,BW-->GT,BW-->GT,BW-->GT,BW-->GT,BW-->GT,BW-->GT,BW-->GT,BW-->GT,BW-->GT,BW-->GT,BW-->GT,BW-->GT,BW-->GT,BW-->GT,,,,,,,,,,,,,,,,,GT-->BW,GT-->BW,GT-->BW,GT-->BW,GT-->BW,GT-->BW,GT-->BW,GT-->BW,GT-->BW,GT-->BW,GT-->BW,GT-->BW,GT-->BW,GT-->BW,GT-->BW,GT-->BW,GT-->BW,GT-->BW,GT-->BW
BV,BVT,Bouvet Island,,,,,BV-->GT,BV-->GT,BV-->GT,BV-->GT,BV-->GT,BV-->GT,BV-->GT,BV-->GT,BV-->GT,BV-->GT,BV-->GT,BV-->GT,BV-->GT,BV-->GT,BV-->GT,BV-->GT,BV-->GT,BV-->GT,BV-->GT,,,,,,,,,,,,,,,,,GT-->BV,GT-->BV,GT-->BV,GT-->BV,GT-->BV,GT-->BV,GT-->BV,GT-->BV,GT-->BV,GT-->BV,GT-->BV,GT-->BV,GT-->BV,GT-->BV,GT-->BV,GT-->BV,GT-->BV,GT-->BV,GT-->BV
BR,BRA,Brazil,Brasília,Americas,South America,,BR-->GT,BR-->GT,BR-->GT,BR-->GT,BR-->GT,BR-->GT,BR-->GT,BR-->GT,BR-->GT,BR-->GT,BR-->GT,BR-->GT,BR-->GT,BR-->GT,BR-->GT,BR-->GT,BR-->GT,BR-->GT,BR-->GT,,,,,,,,,,,,,,,,,GT-->BR,GT-->BR,GT-->BR,GT-->BR,GT-->BR,GT-->BR,GT-->BR,GT-->BR,GT-->BR,GT-->BR,GT-->BR,GT-->BR,GT-->BR,GT-->BR,GT-->BR,GT-->BR,GT-->BR,GT-->BR,GT-->BR
IO,IOT,British Indian Ocean Territory,Diego Garcia,Africa,Eastern Africa,,IO-->GT,IO-->GT,IO-->GT,IO-->GT,IO-->GT,IO-->GT,IO-->GT,IO-->GT,IO-->GT,IO-->GT,IO-->GT,IO-->GT,IO-->GT,IO-->GT,IO-->GT,IO-->GT,IO-->GT,IO-->GT,IO-->GT,,,,,,,,,,,,,,,,,GT-->IO,GT-->IO,GT-->IO,GT-->IO,GT-->IO,GT-->IO,GT-->IO,GT-->IO,GT-->IO,GT-->IO,GT-->IO,GT-->IO,GT-->IO,GT-->IO,GT-->IO,GT-->IO,GT-->IO,GT-->IO,GT-->IO
UM,UMI,United States Minor Outlying Islands,,Americas,Northern America,,UM-->GT,UM-->GT,UM-->GT,UM-->GT,UM-->GT,UM-->GT,UM-->GT,UM-->GT,UM-->GT,UM-->GT,UM-->GT,UM-->GT,UM-->GT,UM-->GT,UM-->GT,UM-->GT,UM-->GT,UM-->GT,UM-->GT,,,,,,,,,,,,,,,,,GT-->UM,GT-->UM,GT-->UM,GT-->UM,GT-->UM,GT-->UM,GT-->UM,GT-->UM,GT-->UM,GT-->UM,GT-->UM,GT-->UM,GT-->UM,GT-->UM,GT-->UM,GT-->UM,GT-->UM,GT-->UM,GT-->UM
VG,VGB,Virgin Islands (British),Road Town,Americas,Caribbean,,VG-->GT,VG-->GT,VG-->GT,VG-->GT,VG-->GT,VG-->GT,VG-->GT,VG-->GT,VG-->GT,VG-->GT,VG-->GT,VG-->GT,VG-->GT,VG-->GT,VG-->GT,VG-->GT,VG-->GT,VG-->GT,VG-->GT,,,,,,,,,,,,,,,,,GT-->VG,GT-->VG,GT-->VG,GT-->VG,GT-->VG,GT-->VG,GT-->VG,GT-->VG,GT-->VG,GT-->VG,GT-->VG,GT-->VG,GT-->VG,GT-->VG,GT-->VG,GT-->VG,GT-->VG,GT-->VG,GT-->VG
VI,VIR,Virgin Islands (U.S.),Charlotte Amalie,Americas,Caribbean,,VI-->GT,VI-->GT,VI-->GT,VI-->GT,VI-->GT,VI-->GT,VI-->GT,VI-->GT,VI-->GT,VI-->GT,VI-->GT,VI-->GT,VI-->GT,VI-->GT,VI-->GT,VI-->GT,VI-->GT,VI-->GT,VI-->GT,,,,,,,,,,,,,,,,,GT-->VI,GT-->VI,GT-->VI,GT-->VI,GT-->VI,GT-->VI,GT-->VI,GT-->VI,GT-->VI,GT-->VI,GT-->VI,GT-->VI,GT-->VI,GT-->VI,GT-->VI,GT-->VI,GT-->VI,GT-->VI,GT-->VI
BN,BRN,Brunei,Bandar Seri Begawan,Asia,South-Eastern Asia,,BN-->GT,BN-->GT,BN-->GT,BN-->GT,BN-->GT,BN-->GT,BN-->GT,BN-->GT,BN-->GT,BN-->GT,BN-->GT,BN-->GT,BN-->GT,BN-->GT,BN-->GT,BN-->GT,BN-->GT,BN-->GT,BN-->GT,,,,,,,,,,,,,,,,,GT-->BN,GT-->BN,GT-->BN,GT-->BN,GT-->BN,GT-->BN,GT-->BN,GT-->BN,GT-->BN,GT-->BN,GT-->BN,GT-->BN,GT-->BN,GT-->BN,GT-->BN,GT-->BN,GT-->BN,GT-->BN,GT-->BN
BG,BGR,Bulgaria,Sofia,Europe,Eastern Europe,,BG-->GT,BG-->GT,BG-->GT,BG-->GT,BG-->GT,BG-->GT,BG-->GT,BG-->GT,BG-->GT,BG-->GT,BG-->GT,BG-->GT,BG-->GT,BG-->GT,BG-->GT,BG-->GT,BG-->GT,BG-->GT,BG-->GT,,,,,,,,,,,,,,,,,GT-->BG,GT-->BG,GT-->BG,GT-->BG,GT-->BG,GT-->BG,GT-->BG,GT-->BG,GT-->BG,GT-->BG,GT-->BG,GT-->BG,GT-->BG,GT-->BG,GT-->BG,GT-->BG,GT-->BG,GT-->BG,GT-->BG
BF,BFA,Burkina Faso,Ouagadougou,Africa,Western Africa,,BF-->GT,BF-->GT,BF-->GT,BF-->GT,BF-->GT,BF-->GT,BF-->GT,BF-->GT,BF-->GT,BF-->GT,BF-->GT,BF-->GT,BF-->GT,BF-->GT,BF-->GT,BF-->GT,BF-->GT,BF-->GT,BF-->GT,,,,,,,,,,,,,,,,,GT-->BF,GT-->BF,GT-->BF,GT-->BF,GT-->BF,GT-->BF,GT-->BF,GT-->BF,GT-->BF,GT-->BF,GT-->BF,GT-->BF,GT-->BF,GT-->BF,GT-->BF,GT-->BF,GT-->BF,GT-->BF,GT-->BF
BI,BDI,Burundi,Bujumbura,Africa,Eastern Africa,,BI-->GT,BI-->GT,BI-->GT,BI-->GT,BI-->GT,BI-->GT,BI-->GT,BI-->GT,BI-->GT,BI-->GT,BI-->GT,BI-->GT,BI-->GT,BI-->GT,BI-->GT,BI-->GT,BI-->GT,BI-->GT,BI-->GT,,,,,,,,,,,,,,,,,GT-->BI,GT-->BI,GT-->BI,GT-->BI,GT-->BI,GT-->BI,GT-->BI,GT-->BI,GT-->BI,GT-->BI,GT-->BI,GT-->BI,GT-->BI,GT-->BI,GT-->BI,GT-->BI,GT-->BI,GT-->BI,GT-->BI
KH,KHM,Cambodia,Phnom Penh,Asia,South-Eastern Asia,,KH-->GT,KH-->GT,KH-->GT,KH-->GT,KH-->GT,KH-->GT,KH-->GT,KH-->GT,KH-->GT,KH-->GT,KH-->GT,KH-->GT,KH-->GT,KH-->GT,KH-->GT,KH-->GT,KH-->GT,KH-->GT,KH-->GT,,,,,,,,,,,,,,,,,GT-->KH,GT-->KH,GT-->KH,GT-->KH,GT-->KH,GT-->KH,GT-->KH,GT-->KH,GT-->KH,GT-->KH,GT-->KH,GT-->KH,GT-->KH,GT-->KH,GT-->KH,GT-->KH,GT-->KH,GT-->KH,GT-->KH
CM,CMR,Cameroon,Yaoundé,Africa,Middle Africa,,CM-->GT,CM-->GT,CM-->GT,CM-->GT,CM-->GT,CM-->GT,CM-->GT,CM-->GT,CM-->GT,CM-->GT,CM-->GT,CM-->GT,CM-->GT,CM-->GT,CM-->GT,CM-->GT,CM-->GT,CM-->GT,CM-->GT,,,,,,,,,,,,,,,,,GT-->CM,GT-->CM,GT-->CM,GT-->CM,GT-->CM,GT-->CM,GT-->CM,GT-->CM,GT-->CM,GT-->CM,GT-->CM,GT-->CM,GT-->CM,GT-->CM,GT-->CM,GT-->CM,GT-->CM,GT-->CM,GT-->CM
CA,CAN,Canada,Ottawa,Americas,Northern America,,CA-->GT,CA-->GT,CA-->GT,CA-->GT,CA-->GT,CA-->GT,CA-->GT,CA-->GT,CA-->GT,CA-->GT,CA-->GT,CA-->GT,CA-->GT,CA-->GT,CA-->GT,CA-->GT,CA-->GT,CA-->GT,CA-->GT,,,,,,,,,,,,,,,,,GT-->CA,GT-->CA,GT-->CA,GT-->CA,GT-->CA,GT-->CA,GT-->CA,GT-->CA,GT-->CA,GT-->CA,GT-->CA,GT-->CA,GT-->CA,GT-->CA,GT-->CA,GT-->CA,GT-->CA,GT-->CA,GT-->CA
CV,CPV,Cape Verde,Praia,Africa,Western Africa,,CV-->GT,CV-->GT,CV-->GT,CV-->GT,CV-->GT,CV-->GT,CV-->GT,CV-->GT,CV-->GT,CV-->GT,CV-->GT,CV-->GT,CV-->GT,CV-->GT,CV-->GT,CV-->GT,CV-->GT,CV-->GT,CV-->GT,,,,,,,,,,,,,,,,,GT-->CV,GT-->CV,GT-->CV,GT-->CV,GT-->CV,GT-->CV,GT-->CV,GT-->CV,GT-->CV,GT-->CV,GT-->CV,GT-->CV,GT-->CV,GT-->CV,GT-->CV,GT-->CV,GT-->CV,GT-->CV,GT-->CV
KY,CYM,Cayman Islands,George Town,Americas,Caribbean,,KY-->GT,KY-->GT,KY-->GT,KY-->GT,KY-->GT,KY-->GT,KY-->GT,KY-->GT,KY-->GT,KY-->GT,KY-->GT,KY-->GT,KY-->GT,KY-->GT,KY-->GT,KY-->GT,KY-->GT,KY-->GT,KY-->GT,,,,,,,,,,,,,,,,,GT-->KY,GT-->KY,GT-->KY,GT-->KY,GT-->KY,GT-->KY,GT-->KY,GT-->KY,GT-->KY,GT-->KY,GT-->KY,GT-->KY,GT-->KY,GT-->KY,GT-->KY,GT-->KY,GT-->KY,GT-->KY,GT-->KY
CF,CAF,Central African Republic,Bangui,Africa,Middle Africa,,CF-->GT,CF-->GT,CF-->GT,CF-->GT,CF-->GT,CF-->GT,CF-->GT,CF-->GT,CF-->GT,CF-->GT,CF-->GT,CF-->GT,CF-->GT,CF-->GT,CF-->GT,CF-->GT,CF-->GT,CF-->GT,CF-->GT,,,,,,,,,,,,,,,,,GT-->CF,GT-->CF,GT-->CF,GT-->CF,GT-->CF,GT-->CF,GT-->CF,GT-->CF,GT-->CF,GT-->CF,GT-->CF,GT-->CF,GT-->CF,GT-->CF,GT-->CF,GT-->CF,GT-->CF,GT-->CF,GT-->CF
TD,TCD,Chad,N'Djamena,Africa,Middle Africa,,TD-->GT,TD-->GT,TD-->GT,TD-->GT,TD-->GT,TD-->GT,TD-->GT,TD-->GT,TD-->GT,TD-->GT,TD-->GT,TD-->GT,TD-->GT,TD-->GT,TD-->GT,TD-->GT,TD-->GT,TD-->GT,TD-->GT,,,,,,,,,,,,,,,,,GT-->TD,GT-->TD,GT-->TD,GT-->TD,GT-->TD,GT-->TD,GT-->TD,GT-->TD,GT-->TD,GT-->TD,GT-->TD,GT-->TD,GT-->TD,GT-->TD,GT-->TD,GT-->TD,GT-->TD,GT-->TD,GT-->TD
CL,CHL,Chile,Santiago,Americas,South America,,CL-->GT,CL-->GT,CL-->GT,CL-->GT,CL-->GT,CL-->GT,CL-->GT,CL-->GT,CL-->GT,CL-->GT,CL-->GT,CL-->GT,CL-->GT,CL-->GT,CL-->GT,CL-->GT,CL-->GT,CL-->GT,CL-->GT,,,,,,,,,,,,,,,,,GT-->CL,GT-->CL,GT-->CL,GT-->CL,GT-->CL,GT-->CL,GT-->CL,GT-->CL,GT-->CL,GT-->CL,GT-->CL,GT-->CL,GT-->CL,GT-->CL,GT-->CL,GT-->CL,GT-->CL,GT-->CL,GT-->CL
CN,CHN,China,Beijing,Asia,Eastern Asia,,CN-->GT,CN-->GT,CN-->GT,CN-->GT,CN-->GT,CN-->GT,CN-->GT,CN-->GT,CN-->GT,CN-->GT,CN-->GT,CN-->GT,CN-->GT,CN-->GT,CN-->GT,CN-->GT,CN-->GT,CN-->GT,CN-->GT,,,,,,,,,,,,,,,,,GT-->CN,GT-->CN,GT-->CN,GT-->CN,GT-->CN,GT-->CN,GT-->CN,GT-->CN,GT-->CN,GT-->CN,GT-->CN,GT-->CN,GT-->CN,GT-->CN,GT-->CN,GT-->CN,GT-->CN,GT-->CN,GT-->CN
CX,CXR,Christmas Island,Flying Fish Cove,Oceania,Australia and New Zealand,,CX-->GT,CX-->GT,CX-->GT,CX-->GT,CX-->GT,CX-->GT,CX-->GT,CX-->GT,CX-->GT,CX-->GT,CX-->GT,CX-->GT,CX-->GT,CX-->GT,CX-->GT,CX-->GT,CX-->GT,CX-->GT,CX-->GT,,,,,,,,,,,,,,,,,GT-->CX,GT-->CX,GT-->CX,GT-->CX,GT-->CX,GT-->CX,GT-->CX,GT-->CX,GT-->CX,GT-->CX,GT-->CX,GT-->CX,GT-->CX,GT-->CX,GT-->CX,GT-->CX,GT-->CX,GT-->CX,GT-->CX
CC,CCK,Cocos (Keeling) Islands,West Island,Oceania,Australia and New Zealand,,CC-->GT,CC-->GT,CC-->GT,CC-->GT,CC-->GT,CC-->GT,CC-->GT,CC-->GT,CC-->GT,CC-->GT,CC-->GT,CC-->GT,CC-->GT,CC-->GT,CC-->GT,CC-->GT,CC-->GT,CC-->GT,CC-->GT,,,,,,,,,,,,,,,,,GT-->CC,GT-->CC,GT-->CC,GT-->CC,GT-->CC,GT-->CC,GT-->CC,GT-->CC,GT-->CC,GT-->CC,GT-->CC,GT-->CC,GT-->CC,GT-->CC,GT-->CC,GT-->CC,GT-->CC,GT-->CC,GT-->CC
CO,COL,Colombia,Bogotá,Americas,South America,,CO-->GT,CO-->GT,CO-->GT,CO-->GT,CO-->GT,CO-->GT,CO-->GT,CO-->GT,CO-->GT,CO-->GT,CO-->GT,CO-->GT,CO-->GT,CO-->GT,CO-->GT,CO-->GT,CO-->GT,CO-->GT,CO-->GT,,,,,,,,,,,,,,,,,GT-->CO,GT-->CO,GT-->CO,GT-->CO,GT-->CO,GT-->CO,GT-->CO,GT-->CO,GT-->CO,GT-->CO,GT-->CO,GT-->CO,GT-->CO,GT-->CO,GT-->CO,GT-->CO,GT-->CO,GT-->CO,GT-->CO
KM,COM,Comoros,Moroni,Africa,Eastern Africa,,KM-->GT,KM-->GT,KM-->GT,KM-->GT,KM-->GT,KM-->GT,KM-->GT,KM-->GT,KM-->GT,KM-->GT,KM-->GT,KM-->GT,KM-->GT,KM-->GT,KM-->GT,KM-->GT,KM-->GT,KM-->GT,KM-->GT,,,,,,,,,,,,,,,,,GT-->KM,GT-->KM,GT-->KM,GT-->KM,GT-->KM,GT-->KM,GT-->KM,GT-->KM,GT-->KM,GT-->KM,GT-->KM,GT-->KM,GT-->KM,GT-->KM,GT-->KM,GT-->KM,GT-->KM,GT-->KM,GT-->KM
CG,COG,Republic of the Congo,Brazzaville,Africa,Middle Africa,,CG-->GT,CG-->GT,CG-->GT,CG-->GT,CG-->GT,CG-->GT,CG-->GT,CG-->GT,CG-->GT,CG-->GT,CG-->GT,CG-->GT,CG-->GT,CG-->GT,CG-->GT,CG-->GT,CG-->GT,CG-->GT,CG-->GT,,,,,,,,,,,,,,,,,GT-->CG,GT-->CG,GT-->CG,GT-->CG,GT-->CG,GT-->CG,GT-->CG,GT-->CG,GT-->CG,GT-->CG,GT-->CG,GT-->CG,GT-->CG,GT-->CG,GT-->CG,GT-->CG,GT-->CG,GT-->CG,GT-->CG
CD,COD,Democratic Republic of the Congo,Kinshasa,Africa,Middle Africa,,CD-->GT,CD-->GT,CD-->GT,CD-->GT,CD-->GT,CD-->GT,CD-->GT,CD-->GT,CD-->GT,CD-->GT,CD-->GT,CD-->GT,CD-->GT,CD-->GT,CD-->GT,CD-->GT,CD-->GT,CD-->GT,CD-->GT,,,,,,,,,,,,,,,,,GT-->CD,GT-->CD,GT-->CD,GT-->CD,GT-->CD,GT-->CD,GT-->CD,GT-->CD,GT-->CD,GT-->CD,GT-->CD,GT-->CD,GT-->CD,GT-->CD,GT-->CD,GT-->CD,GT-->CD,GT-->CD,GT-->CD
CK,COK,Cook Islands,Avarua,Oceania,Polynesia,,CK-->GT,CK-->GT,CK-->GT,CK-->GT,CK-->GT,CK-->GT,CK-->GT,CK-->GT,CK-->GT,CK-->GT,CK-->GT,CK-->GT,CK-->GT,CK-->GT,CK-->GT,CK-->GT,CK-->GT,CK-->GT,CK-->GT,,,,,,,,,,,,,,,,,GT-->CK,GT-->CK,GT-->CK,GT-->CK,GT-->CK,GT-->CK,GT-->CK,GT-->CK,GT-->CK,GT-->CK,GT-->CK,GT-->CK,GT-->CK,GT-->CK,GT-->CK,GT-->CK,GT-->CK,GT-->CK,GT-->CK
CR,CRI,Costa Rica,San José,Americas,Central America,,CR-->GT,CR-->GT,CR-->GT,CR-->GT,CR-->GT,CR-->GT,CR-->GT,CR-->GT,CR-->GT,CR-->GT,CR-->GT,CR-->GT,CR-->GT,CR-->GT,CR-->GT,CR-->GT,CR-->GT,CR-->GT,CR-->GT,,,,,,,,,,,,,,,,,GT-->CR,GT-->CR,GT-->CR,GT-->CR,GT-->CR,GT-->CR,GT-->CR,GT-->CR,GT-->CR,GT-->CR,GT-->CR,GT-->CR,GT-->CR,GT-->CR,GT-->CR,GT-->CR,GT-->CR,GT-->CR,GT-->CR
HR,HRV,Croatia,Zagreb,Europe,Southern Europe,,HR-->GT,HR-->GT,HR-->GT,HR-->GT,HR-->GT,HR-->GT,HR-->GT,HR-->GT,HR-->GT,HR-->GT,HR-->GT,HR-->GT,HR-->GT,HR-->GT,HR-->GT,HR-->GT,HR-->GT,HR-->GT,HR-->GT,,,,,,,,,,,,,,,,,GT-->HR,GT-->HR,GT-->HR,GT-->HR,GT-->HR,GT-->HR,GT-->HR,GT-->HR,GT-->HR,GT-->HR,GT-->HR,GT-->HR,GT-->HR,GT-->HR,GT-->HR,GT-->HR,GT-->HR,GT-->HR,GT-->HR
CU,CUB,Cuba,Havana,Americas,Caribbean,,CU-->GT,CU-->GT,CU-->GT,CU-->GT,CU-->GT,CU-->GT,CU-->GT,CU-->GT,CU-->GT,CU-->GT,CU-->GT,CU-->GT,CU-->GT,CU-->GT,CU-->GT,CU-->GT,CU-->GT,CU-->GT,CU-->GT,,,,,,,,,,,,,,,,,GT-->CU,GT-->CU,GT-->CU,GT-->CU,GT-->CU,GT-->CU,GT-->CU,GT-->CU,GT-->CU,GT-->CU,GT-->CU,GT-->CU,GT-->CU,GT-->CU,GT-->CU,GT-->CU,GT-->CU,GT-->CU,GT-->CU
CW,CUW,Curaçao,Willemstad,Americas,Caribbean,,CW-->GT,CW-->GT,CW-->GT,CW-->GT,CW-->GT,CW-->GT,CW-->GT,CW-->GT,CW-->GT,CW-->GT,CW-->GT,CW-->GT,CW-->GT,CW-->GT,CW-->GT,CW-->GT,CW-->GT,CW-->GT,CW-->GT,,,,,,,,,,,,,,,,,GT-->CW,GT-->CW,GT-->CW,GT-->CW,GT-->CW,GT-->CW,GT-->CW,GT-->CW,GT-->CW,GT-->CW,GT-->CW,GT-->CW,GT-->CW,GT-->CW,GT-->CW,GT-->CW,GT-->CW,GT-->CW,GT-->CW
CY,CYP,Cyprus,Nicosia,Europe,Southern Europe,,CY-->GT,CY-->GT,CY-->GT,CY-->GT,CY-->GT,CY-->GT,CY-->GT,CY-->GT,CY-->GT,CY-->GT,CY-->GT,CY-->GT,CY-->GT,CY-->GT,CY-->GT,CY-->GT,CY-->GT,CY-->GT,CY-->GT,,,,,,,,,,,,,,,,,GT-->CY,GT-->CY,GT-->CY,GT-->CY,GT-->CY,GT-->CY,GT-->CY,GT-->CY,GT-->CY,GT-->CY,GT-->CY,GT-->CY,GT-->CY,GT-->CY,GT-->CY,GT-->CY,GT-->CY,GT-->CY,GT-->CY
CZ,CZE,Czech Republic,Prague,Europe,Eastern Europe,,CZ-->GT,CZ-->GT,CZ-->GT,CZ-->GT,CZ-->GT,CZ-->GT,CZ-->GT,CZ-->GT,CZ-->GT,CZ-->GT,CZ-->GT,CZ-->GT,CZ-->GT,CZ-->GT,CZ-->GT,CZ-->GT,CZ-->GT,CZ-->GT,CZ-->GT,,,,,,,,,,,,,,,,,GT-->CZ,GT-->CZ,GT-->CZ,GT-->CZ,GT-->CZ,GT-->CZ,GT-->CZ,GT-->CZ,GT-->CZ,GT-->CZ,GT-->CZ,GT-->CZ,GT-->CZ,GT-->CZ,GT-->CZ,GT-->CZ,GT-->CZ,GT-->CZ,GT-->CZ
DK,DNK,Denmark,Copenhagen,Europe,Northern Europe,,DK-->GT,DK-->GT,DK-->GT,DK-->GT,DK-->GT,DK-->GT,DK-->GT,DK-->GT,DK-->GT,DK-->GT,DK-->GT,DK-->GT,DK-->GT,DK-->GT,DK-->GT,DK-->GT,DK-->GT,DK-->GT,DK-->GT,,,,,,,,,,,,,,,,,GT-->DK,GT-->DK,GT-->DK,GT-->DK,GT-->DK,GT-->DK,GT-->DK,GT-->DK,GT-->DK,GT-->DK,GT-->DK,GT-->DK,GT-->DK,GT-->DK,GT-->DK,GT-->DK,GT-->DK,GT-->DK,GT-->DK
DJ,DJI,Djibouti,Djibouti,Africa,Eastern Africa,,DJ-->GT,DJ-->GT,DJ-->GT,DJ-->GT,DJ-->GT,DJ-->GT,DJ-->GT,DJ-->GT,DJ-->GT,DJ-->GT,DJ-->GT,DJ-->GT,DJ-->GT,DJ-->GT,DJ-->GT,DJ-->GT,DJ-->GT,DJ-->GT,DJ-->GT,,,,,,,,,,,,,,,,,GT-->DJ,GT-->DJ,GT-->DJ,GT-->DJ,GT-->DJ,GT-->DJ,GT-->DJ,GT-->DJ,GT-->DJ,GT-->DJ,GT-->DJ,GT-->DJ,GT-->DJ,GT-->DJ,GT-->DJ,GT-->DJ,GT-->DJ,GT-->DJ,GT-->DJ
DM,DMA,Dominica,Roseau,Americas,Caribbean,,DM-->GT,DM-->GT,DM-->GT,DM-->GT,DM-->GT,DM-->GT,DM-->GT,DM-->GT,DM-->GT,DM-->GT,DM-->GT,DM-->GT,DM-->GT,DM-->GT,DM-->GT,DM-->GT,DM-->GT,DM-->GT,DM-->GT,,,,,,,,,,,,,,,,,GT-->DM,GT-->DM,GT-->DM,GT-->DM,GT-->DM,GT-->DM,GT-->DM,GT-->DM,GT-->DM,GT-->DM,GT-->DM,GT-->DM,GT-->DM,GT-->DM,GT-->DM,GT-->DM,GT-->DM,GT-->DM,GT-->DM
DO,DOM,Dominican Republic,Santo Domingo,Americas,Caribbean,,DO-->GT,DO-->GT,DO-->GT,DO-->GT,DO-->GT,DO-->GT,DO-->GT,DO-->GT,DO-->GT,DO-->GT,DO-->GT,DO-->GT,DO-->GT,DO-->GT,DO-->GT,DO-->GT,DO-->GT,DO-->GT,DO-->GT,,,,,,,,,,,,,,,,,GT-->DO,GT-->DO,GT-->DO,GT-->DO,GT-->DO,GT-->DO,GT-->DO,GT-->DO,GT-->DO,GT-->DO,GT-->DO,GT-->DO,GT-->DO,GT-->DO,GT-->DO,GT-->DO,GT-->DO,GT-->DO,GT-->DO
EC,ECU,Ecuador,Quito,Americas,South America,,EC-->GT,EC-->GT,EC-->GT,EC-->GT,EC-->GT,EC-->GT,EC-->GT,EC-->GT,EC-->GT,EC-->GT,EC-->GT,EC-->GT,EC-->GT,EC-->GT,EC-->GT,EC-->GT,EC-->GT,EC-->GT,EC-->GT,,,,,,,,,,,,,,,,,GT-->EC,GT-->EC,GT-->EC,GT-->EC,GT-->EC,GT-->EC,GT-->EC,GT-->EC,GT-->EC,GT-->EC,GT-->EC,GT-->EC,GT-->EC,GT-->EC,GT-->EC,GT-->EC,GT-->EC,GT-->EC,GT-->EC
EG,EGY,Egypt,Cairo,Africa,Northern Africa,,EG-->GT,EG-->GT,EG-->GT,EG-->GT,EG-->GT,EG-->GT,EG-->GT,EG-->GT,EG-->GT,EG-->GT,EG-->GT,EG-->GT,EG-->GT,EG-->GT,EG-->GT,EG-->GT,EG-->GT,EG-->GT,EG-->GT,,,,,,,,,,,,,,,,,GT-->EG,GT-->EG,GT-->EG,GT-->EG,GT-->EG,GT-->EG,GT-->EG,GT-->EG,GT-->EG,GT-->EG,GT-->EG,GT-->EG,GT-->EG,GT-->EG,GT-->EG,GT-->EG,GT-->EG,GT-->EG,GT-->EG
SV,SLV,El Salvador,San Salvador,Americas,Central America,,SV-->GT,SV-->GT,SV-->GT,SV-->GT,SV-->GT,SV-->GT,SV-->GT,SV-->GT,SV-->GT,SV-->GT,SV-->GT,SV-->GT,SV-->GT,SV-->GT,SV-->GT,SV-->GT,SV-->GT,SV-->GT,SV-->GT,,,,,,,,,,,,,,,,,GT-->SV,GT-->SV,GT-->SV,GT-->SV,GT-->SV,GT-->SV,GT-->SV,GT-->SV,GT-->SV,GT-->SV,GT-->SV,GT-->SV,GT-->SV,GT-->SV,GT-->SV,GT-->SV,GT-->SV,GT-->SV,GT-->SV
GQ,GNQ,Equatorial Guinea,Malabo,Africa,Middle Africa,,GQ-->GT,GQ-->GT,GQ-->GT,GQ-->GT,GQ-->GT,GQ-->GT,GQ-->GT,GQ-->GT,GQ-->GT,GQ-->GT,GQ-->GT,GQ-->GT,GQ-->GT,GQ-->GT,GQ-->GT,GQ-->GT,GQ-->GT,GQ-->GT,GQ-->GT,,,,,,,,,,,,,,,,,GT-->GQ,GT-->GQ,GT-->GQ,GT-->GQ,GT-->GQ,GT-->GQ,GT-->GQ,GT-->GQ,GT-->GQ,GT-->GQ,GT-->GQ,GT-->GQ,GT-->GQ,GT-->GQ,GT-->GQ,GT-->GQ,GT-->GQ,GT-->GQ,GT-->GQ
ER,ERI,Eritrea,Asmara,Africa,Eastern Africa,,ER-->GT,ER-->GT,ER-->GT,ER-->GT,ER-->GT,ER-->GT,ER-->GT,ER-->GT,ER-->GT,ER-->GT,ER-->GT,ER-->GT,ER-->GT,ER-->GT,ER-->GT,ER-->GT,ER-->GT,ER-->GT,ER-->GT,,,,,,,,,,,,,,,,,GT-->ER,GT-->ER,GT-->ER,GT-->ER,GT-->ER,GT-->ER,GT-->ER,GT-->ER,GT-->ER,GT-->ER,GT-->ER,GT-->ER,GT-->ER,GT-->ER,GT-->ER,GT-->ER,GT-->ER,GT-->ER,GT-->ER
EE,EST,Estonia,Tallinn,Europe,Northern Europe,,EE-->GT,EE-->GT,EE-->GT,EE-->GT,EE-->GT,EE-->GT,EE-->GT,EE-->GT,EE-->GT,EE-->GT,EE-->GT,EE-->GT,EE-->GT,EE-->GT,EE-->GT,EE-->GT,EE-->GT,EE-->GT,EE-->GT,,,,,,,,,,,,,,,,,GT-->EE,GT-->EE,GT-->EE,GT-->EE,GT-->EE,GT-->EE,GT-->EE,GT-->EE,GT-->EE,GT-->EE,GT-->EE,GT-->EE,GT-->EE,GT-->EE,GT-->EE,GT-->EE,GT-->EE,GT-->EE,GT-->EE
ET,ETH,Ethiopia,Addis Ababa,Africa,Eastern Africa,,ET-->GT,ET-->GT,ET-->GT,ET-->GT,ET-->GT,ET-->GT,ET-->GT,ET-->GT,ET-->GT,ET-->GT,ET-->GT,ET-->GT,ET-->GT,ET-->GT,ET-->GT,ET-->GT,ET-->GT,ET-->GT,ET-->GT,,,,,,,,,,,,,,,,,GT-->ET,GT-->ET,GT-->ET,GT-->ET,GT-->ET,GT-->ET,GT-->ET,GT-->ET,GT-->ET,GT-->ET,GT-->ET,GT-->ET,GT-->ET,GT-->ET,GT-->ET,GT-->ET,GT-->ET,GT-->ET,GT-->ET
FK,FLK,Falkland Islands,Stanley,Americas,South America,,FK-->GT,FK-->GT,FK-->GT,FK-->GT,FK-->GT,FK-->GT,FK-->GT,FK-->GT,FK-->GT,FK-->GT,FK-->GT,FK-->GT,FK-->GT,FK-->GT,FK-->GT,FK-->GT,FK-->GT,FK-->GT,FK-->GT,,,,,,,,,,,,,,,,,GT-->FK,GT-->FK,GT-->FK,GT-->FK,GT-->FK,GT-->FK,GT-->FK,GT-->FK,GT-->FK,GT-->FK,GT-->FK,GT-->FK,GT-->FK,GT-->FK,GT-->FK,GT-->FK,GT-->FK,GT-->FK,GT-->FK
FO,FRO,Faroe Islands,Tórshavn,Europe,Northern Europe,,FO-->GT,FO-->GT,FO-->GT,FO-->GT,FO-->GT,FO-->GT,FO-->GT,FO-->GT,FO-->GT,FO-->GT,FO-->GT,FO-->GT,FO-->GT,FO-->GT,FO-->GT,FO-->GT,FO-->GT,FO-->GT,FO-->GT,,,,,,,,,,,,,,,,,GT-->FO,GT-->FO,GT-->FO,GT-->FO,GT-->FO,GT-->FO,GT-->FO,GT-->FO,GT-->FO,GT-->FO,GT-->FO,GT-->FO,GT-->FO,GT-->FO,GT-->FO,GT-->FO,GT-->FO,GT-->FO,GT-->FO
FJ,FJI,Fiji,Suva,Oceania,Melanesia,,FJ-->GT,FJ-->GT,FJ-->GT,FJ-->GT,FJ-->GT,FJ-->GT,FJ-->GT,FJ-->GT,FJ-->GT,FJ-->GT,FJ-->GT,FJ-->GT,FJ-->GT,FJ-->GT,FJ-->GT,FJ-->GT,FJ-->GT,FJ-->GT,FJ-->GT,,,,,,,,,,,,,,,,,GT-->FJ,GT-->FJ,GT-->FJ,GT-->FJ,GT-->FJ,GT-->FJ,GT-->FJ,GT-->FJ,GT-->FJ,GT-->FJ,GT-->FJ,GT-->FJ,GT-->FJ,GT-->FJ,GT-->FJ,GT-->FJ,GT-->FJ,GT-->FJ,GT-->FJ
FI,FIN,Finland,Helsinki,Europe,Northern Europe,,FI-->GT,FI-->GT,FI-->GT,FI-->GT,FI-->GT,FI-->GT,FI-->GT,FI-->GT,FI-->GT,FI-->GT,FI-->GT,FI-->GT,FI-->GT,FI-->GT,FI-->GT,FI-->GT,FI-->GT,FI-->GT,FI-->GT,,,,,,,,,,,,,,,,,GT-->FI,GT-->FI,GT-->FI,GT-->FI,GT-->FI,GT-->FI,GT-->FI,GT-->FI,GT-->FI,GT-->FI,GT-->FI,GT-->FI,GT-->FI,GT-->FI,GT-->FI,GT-->FI,GT-->FI,GT-->FI,GT-->FI
FR,FRA,France,Paris,Europe,Western Europe,,FR-->GT,FR-->GT,FR-->GT,FR-->GT,FR-->GT,FR-->GT,FR-->GT,FR-->GT,FR-->GT,FR-->GT,FR-->GT,FR-->GT,FR-->GT,FR-->GT,FR-->GT,FR-->GT,FR-->GT,FR-->GT,FR-->GT,,,,,,,,,,,,,,,,,GT-->FR,GT-->FR,GT-->FR,GT-->FR,GT-->FR,GT-->FR,GT-->FR,GT-->FR,GT-->FR,GT-->FR,GT-->FR,GT-->FR,GT-->FR,GT-->FR,GT-->FR,GT-->FR,GT-->FR,GT-->FR,GT-->FR
GF,GUF,French Guiana,Cayenne,Americas,South America,,GF-->GT,GF-->GT,GF-->GT,GF-->GT,GF-->GT,GF-->GT,GF-->GT,GF-->GT,GF-->GT,GF-->GT,GF-->GT,GF-->GT,GF-->GT,GF-->GT,GF-->GT,GF-->GT,GF-->GT,GF-->GT,GF-->GT,,,,,,,,,,,,,,,,,GT-->GF,GT-->GF,GT-->GF,GT-->GF,GT-->GF,GT-->GF,GT-->GF,GT-->GF,GT-->GF,GT-->GF,GT-->GF,GT-->GF,GT-->GF,GT-->GF,GT-->GF,GT-->GF,GT-->GF,GT-->GF,GT-->GF
PF,PYF,French Polynesia,Papeetē,Oceania,Polynesia,,PF-->GT,PF-->GT,PF-->GT,PF-->GT,PF-->GT,PF-->GT,PF-->GT,PF-->GT,PF-->GT,PF-->GT,PF-->GT,PF-->GT,PF-->GT,PF-->GT,PF-->GT,PF-->GT,PF-->GT,PF-->GT,PF-->GT,,,,,,,,,,,,,,,,,GT-->PF,GT-->PF,GT-->PF,GT-->PF,GT-->PF,GT-->PF,GT-->PF,GT-->PF,GT-->PF,GT-->PF,GT-->PF,GT-->PF,GT-->PF,GT-->PF,GT-->PF,GT-->PF,GT-->PF,GT-->PF,GT-->PF
TF,ATF,French Southern and Antarctic Lands,Port-aux-Français,Africa,Southern Africa,,TF-->GT,TF-->GT,TF-->GT,TF-->GT,TF-->GT,TF-->GT,TF-->GT,TF-->GT,TF-->GT,TF-->GT,TF-->GT,TF-->GT,TF-->GT,TF-->GT,TF-->GT,TF-->GT,TF-->GT,TF-->GT,TF-->GT,,,,,,,,,,,,,,,,,GT-->TF,GT-->TF,GT-->TF,GT-->TF,GT-->TF,GT-->TF,GT-->TF,GT-->TF,GT-->TF,GT-->TF,GT-->TF,GT-->TF,GT-->TF,GT-->TF,GT-->TF,GT-->TF,GT-->TF,GT-->TF,GT-->TF
GA,GAB,Gabon,Libreville,Africa,Middle Africa,,GA-->GT,GA-->GT,GA-->GT,GA-->GT,GA-->GT,GA-->GT,GA-->GT,GA-->GT,GA-->GT,GA-->GT,GA-->GT,GA-->GT,GA-->GT,GA-->GT,GA-->GT,GA-->GT,GA-->GT,GA-->GT,GA-->GT,,,,,,,,,,,,,,,,,GT-->GA,GT-->GA,GT-->GA,GT-->GA,GT-->GA,GT-->GA,GT-->GA,GT-->GA,GT-->GA,GT-->GA,GT-->GA,GT-->GA,GT-->GA,GT-->GA,GT-->GA,GT-->GA,GT-->GA,GT-->GA,GT-->GA
GM,GMB,The Gambia,Banjul,Africa,Western Africa,,GM-->GT,GM-->GT,GM-->GT,GM-->GT,GM-->GT,GM-->GT,GM-->GT,GM-->GT,GM-->GT,GM-->GT,GM-->GT,GM-->GT,GM-->GT,GM-->GT,GM-->GT,GM-->GT,GM-->GT,GM-->GT,GM-->GT,,,,,,,,,,,,,,,,,GT-->GM,GT-->GM,GT-->GM,GT-->GM,GT-->GM,GT-->GM,GT-->GM,GT-->GM,GT-->GM,GT-->GM,GT-->GM,GT-->GM,GT-->GM,GT-->GM,GT-->GM,GT-->GM,GT-->GM,GT-->GM,GT-->GM
GE,GEO,Georgia,Tbilisi,Asia,Western Asia,,GE-->GT,GE-->GT,GE-->GT,GE-->GT,GE-->GT,GE-->GT,GE-->GT,GE-->GT,GE-->GT,GE-->GT,GE-->GT,GE-->GT,GE-->GT,GE-->GT,GE-->GT,GE-->GT,GE-->GT,GE-->GT,GE-->GT,,,,,,,,,,,,,,,,,GT-->GE,GT-->GE,GT-->GE,GT-->GE,GT-->GE,GT-->GE,GT-->GE,GT-->GE,GT-->GE,GT-->GE,GT-->GE,GT-->GE,GT-->GE,GT-->GE,GT-->GE,GT-->GE,GT-->GE,GT-->GE,GT-->GE
DE,DEU,Germany,Berlin,Europe,Western Europe,,DE-->GT,DE-->GT,DE-->GT,DE-->GT,DE-->GT,DE-->GT,DE-->GT,DE-->GT,DE-->GT,DE-->GT,DE-->GT,DE-->GT,DE-->GT,DE-->GT,DE-->GT,DE-->GT,DE-->GT,DE-->GT,DE-->GT,,,,,,,,,,,,,,,,,GT-->DE,GT-->DE,GT-->DE,GT-->DE,GT-->DE,GT-->DE,GT-->DE,GT-->DE,GT-->DE,GT-->DE,GT-->DE,GT-->DE,GT-->DE,GT-->DE,GT-->DE,GT-->DE,GT-->DE,GT-->DE,GT-->DE
GH,GHA,Ghana,Accra,Africa,Western Africa,,GH-->GT,GH-->GT,GH-->GT,GH-->GT,GH-->GT,GH-->GT,GH-->GT,GH-->GT,GH-->GT,GH-->GT,GH-->GT,GH-->GT,GH-->GT,GH-->GT,GH-->GT,GH-->GT,GH-->GT,GH-->GT,GH-->GT,,,,,,,,,,,,,,,,,GT-->GH,GT-->GH,GT-->GH,GT-->GH,GT-->GH,GT-->GH,GT-->GH,GT-->GH,GT-->GH,GT-->GH,GT-->GH,GT-->GH,GT-->GH,GT-->GH,GT-->GH,GT-->GH,GT-->GH,GT-->GH,GT-->GH
GI,GIB,Gibraltar,Gibraltar,Europe,Southern Europe,,GI-->GT,GI-->GT,GI-->GT,GI-->GT,GI-->GT,GI-->GT,GI-->GT,GI-->GT,GI-->GT,GI-->GT,GI-->GT,GI-->GT,GI-->GT,GI-->GT,GI-->GT,GI-->GT,GI-->GT,GI-->GT,GI-->GT,,,,,,,,,,,,,,,,,GT-->GI,GT-->GI,GT-->GI,GT-->GI,GT-->GI,GT-->GI,GT-->GI,GT-->GI,GT-->GI,GT-->GI,GT-->GI,GT-->GI,GT-->GI,GT-->GI,GT-->GI,GT-->GI,GT-->GI,GT-->GI,GT-->GI
GR,GRC,Greece,Athens,Europe,Southern Europe,,GR-->GT,GR-->GT,GR-->GT,GR-->GT,GR-->GT,GR-->GT,GR-->GT,GR-->GT,GR-->GT,GR-->GT,GR-->GT,GR-->GT,GR-->GT,GR-->GT,GR-->GT,GR-->GT,GR-->GT,GR-->GT,GR-->GT,,,,,,,,,,,,,,,,,GT-->GR,GT-->GR,GT-->GR,GT-->GR,GT-->GR,GT-->GR,GT-->GR,GT-->GR,GT-->GR,GT-->GR,GT-->GR,GT-->GR,GT-->GR,GT-->GR,GT-->GR,GT-->GR,GT-->GR,GT-->GR,GT-->GR
GL,GRL,Greenland,Nuuk,Americas,Northern America,,GL-->GT,GL-->GT,GL-->GT,GL-->GT,GL-->GT,GL-->GT,GL-->GT,GL-->GT,GL-->GT,GL-->GT,GL-->GT,GL-->GT,GL-->GT,GL-->GT,GL-->GT,GL-->GT,GL-->GT,GL-->GT,GL-->GT,,,,,,,,,,,,,,,,,GT-->GL,GT-->GL,GT-->GL,GT-->GL,GT-->GL,GT-->GL,GT-->GL,GT-->GL,GT-->GL,GT-->GL,GT-->GL,GT-->GL,GT-->GL,GT-->GL,GT-->GL,GT-->GL,GT-->GL,GT-->GL,GT-->GL
GD,GRD,Grenada,St. George's,Americas,Caribbean,,GD-->GT,GD-->GT,GD-->GT,GD-->GT,GD-->GT,GD-->GT,GD-->GT,GD-->GT,GD-->GT,GD-->GT,GD-->GT,GD-->GT,GD-->GT,GD-->GT,GD-->GT,GD-->GT,GD-->GT,GD-->GT,GD-->GT,,,,,,,,,,,,,,,,,GT-->GD,GT-->GD,GT-->GD,GT-->GD,GT-->GD,GT-->GD,GT-->GD,GT-->GD,GT-->GD,GT-->GD,GT-->GD,GT-->GD,GT-->GD,GT-->GD,GT-->GD,GT-->GD,GT-->GD,GT-->GD,GT-->GD
GP,GLP,Guadeloupe,Basse-Terre,Americas,Caribbean,,GP-->GT,GP-->GT,GP-->GT,GP-->GT,GP-->GT,GP-->GT,GP-->GT,GP-->GT,GP-->GT,GP-->GT,GP-->GT,GP-->GT,GP-->GT,GP-->GT,GP-->GT,GP-->GT,GP-->GT,GP-->GT,GP-->GT,,,,,,,,,,,,,,,,,GT-->GP,GT-->GP,GT-->GP,GT-->GP,GT-->GP,GT-->GP,GT-->GP,GT-->GP,GT-->GP,GT-->GP,GT-->GP,GT-->GP,GT-->GP,GT-->GP,GT-->GP,GT-->GP,GT-->GP,GT-->GP,GT-->GP
GU,GUM,Guam,Hagåtña,Oceania,Micronesia,,GU-->GT,GU-->GT,GU-->GT,GU-->GT,GU-->GT,GU-->GT,GU-->GT,GU-->GT,GU-->GT,GU-->GT,GU-->GT,GU-->GT,GU-->GT,GU-->GT,GU-->GT,GU-->GT,GU-->GT,GU-->GT,GU-->GT,,,,,,,,,,,,,,,,,GT-->GU,GT-->GU,GT-->GU,GT-->GU,GT-->GU,GT-->GU,GT-->GU,GT-->GU,GT-->GU,GT-->GU,GT-->GU,GT-->GU,GT-->GU,GT-->GU,GT-->GU,GT-->GU,GT-->GU,GT-->GU,GT-->GU
GT,GTM,Guatemala,Guatemala City,Americas,Central America,,GT-->GT,GT-->GT,GT-->GT,GT-->GT,GT-->GT,GT-->GT,GT-->GT,GT-->GT,GT-->GT,GT-->GT,GT-->GT,GT-->GT,GT-->GT,GT-->GT,GT-->GT,GT-->GT,GT-->GT,GT-->GT,GT-->GT,,,,,,,,,,,,,,,,,GT-->GT,GT-->GT,GT-->GT,GT-->GT,GT-->GT,GT-->GT,GT-->GT,GT-->GT,GT-->GT,GT-->GT,GT-->GT,GT-->GT,GT-->GT,GT-->GT,GT-->GT,GT-->GT,GT-->GT,GT-->GT,GT-->GT
GG,GGY,Guernsey,St. Peter Port,Europe,Northern Europe,,GG-->GT,GG-->GT,GG-->GT,GG-->GT,GG-->GT,GG-->GT,GG-->GT,GG-->GT,GG-->GT,GG-->GT,GG-->GT,GG-->GT,GG-->GT,GG-->GT,GG-->GT,GG-->GT,GG-->GT,GG-->GT,GG-->GT,,,,,,,,,,,,,,,,,GT-->GG,GT-->GG,GT-->GG,GT-->GG,GT-->GG,GT-->GG,GT-->GG,GT-->GG,GT-->GG,GT-->GG,GT-->GG,GT-->GG,GT-->GG,GT-->GG,GT-->GG,GT-->GG,GT-->GG,GT-->GG,GT-->GG
GN,GIN,Guinea,Conakry,Africa,Western Africa,,GN-->GT,GN-->GT,GN-->GT,GN-->GT,GN-->GT,GN-->GT,GN-->GT,GN-->GT,GN-->GT,GN-->GT,GN-->GT,GN-->GT,GN-->GT,GN-->GT,GN-->GT,GN-->GT,GN-->GT,GN-->GT,GN-->GT,,,,,,,,,,,,,,,,,GT-->GN,GT-->GN,GT-->GN,GT-->GN,GT-->GN,GT-->GN,GT-->GN,GT-->GN,GT-->GN,GT-->GN,GT-->GN,GT-->GN,GT-->GN,GT-->GN,GT-->GN,GT-->GN,GT-->GN,GT-->GN,GT-->GN
GW,GNB,Guinea-Bissau,Bissau,Africa,Western Africa,,GW-->GT,GW-->GT,GW-->GT,GW-->GT,GW-->GT,GW-->GT,GW-->GT,GW-->GT,GW-->GT,GW-->GT,GW-->GT,GW-->GT,GW-->GT,GW-->GT,GW-->GT,GW-->GT,GW-->GT,GW-->GT,GW-->GT,,,,,,,,,,,,,,,,,GT-->GW,GT-->GW,GT-->GW,GT-->GW,GT-->GW,GT-->GW,GT-->GW,GT-->GW,GT-->GW,GT-->GW,GT-->GW,GT-->GW,GT-->GW,GT-->GW,GT-->GW,GT-->GW,GT-->GW,GT-->GW,GT-->GW
GY,GUY,Guyana,Georgetown,Americas,South America,,GY-->GT,GY-->GT,GY-->GT,GY-->GT,GY-->GT,GY-->GT,GY-->GT,GY-->GT,GY-->GT,GY-->GT,GY-->GT,GY-->GT,GY-->GT,GY-->GT,GY-->GT,GY-->GT,GY-->GT,GY-->GT,GY-->GT,,,,,,,,,,,,,,,,,GT-->GY,GT-->GY,GT-->GY,GT-->GY,GT-->GY,GT-->GY,GT-->GY,GT-->GY,GT-->GY,GT-->GY,GT-->GY,GT-->GY,GT-->GY,GT-->GY,GT-->GY,GT-->GY,GT-->GY,GT-->GY,GT-->GY
HT,HTI,Haiti,Port-au-Prince,Americas,Caribbean,,HT-->GT,HT-->GT,HT-->GT,HT-->GT,HT-->GT,HT-->GT,HT-->GT,HT-->GT,HT-->GT,HT-->GT,HT-->GT,HT-->GT,HT-->GT,HT-->GT,HT-->GT,HT-->GT,HT-->GT,HT-->GT,HT-->GT,,,,,,,,,,,,,,,,,GT-->HT,GT-->HT,GT-->HT,GT-->HT,GT-->HT,GT-->HT,GT-->HT,GT-->HT,GT-->HT,GT-->HT,GT-->HT,GT-->HT,GT-->HT,GT-->HT,GT-->HT,GT-->HT,GT-->HT,GT-->HT,GT-->HT
HM,HMD,Heard Island and McDonald Islands,,,,,HM-->GT,HM-->GT,HM-->GT,HM-->GT,HM-->GT,HM-->GT,HM-->GT,HM-->GT,HM-->GT,HM-->GT,HM-->GT,HM-->GT,HM-->GT,HM-->GT,HM-->GT,HM-->GT,HM-->GT,HM-->GT,HM-->GT,,,,,,,,,,,,,,,,,GT-->HM,GT-->HM,GT-->HM,GT-->HM,GT-->HM,GT-->HM,GT-->HM,GT-->HM,GT-->HM,GT-->HM,GT-->HM,GT-->HM,GT-->HM,GT-->HM,GT-->HM,GT-->HM,GT-->HM,GT-->HM,GT-->HM
VA,VAT,Holy See,Rome,Europe,Southern Europe,,VA-->GT,VA-->GT,VA-->GT,VA-->GT,VA-->GT,VA-->GT,VA-->GT,VA-->GT,VA-->GT,VA-->GT,VA-->GT,VA-->GT,VA-->GT,VA-->GT,VA-->GT,VA-->GT,VA-->GT,VA-->GT,VA-->GT,,,,,,,,,,,,,,,,,GT-->VA,GT-->VA,GT-->VA,GT-->VA,GT-->VA,GT-->VA,GT-->VA,GT-->VA,GT-->VA,GT-->VA,GT-->VA,GT-->VA,GT-->VA,GT-->VA,GT-->VA,GT-->VA,GT-->VA,GT-->VA,GT-->VA
HN,HND,Honduras,Tegucigalpa,Americas,Central America,,HN-->GT,HN-->GT,HN-->GT,HN-->GT,HN-->GT,HN-->GT,HN-->GT,HN-->GT,HN-->GT,HN-->GT,HN-->GT,HN-->GT,HN-->GT,HN-->GT,HN-->GT,HN-->GT,HN-->GT,HN-->GT,HN-->GT,,,,,,,,,,,,,,,,,GT-->HN,GT-->HN,GT-->HN,GT-->HN,GT-->HN,GT-->HN,GT-->HN,GT-->HN,GT-->HN,GT-->HN,GT-->HN,GT-->HN,GT-->HN,GT-->HN,GT-->HN,GT-->HN,GT-->HN,GT-->HN,GT-->HN
HK,HKG,Hong Kong,City of Victoria,Asia,Eastern Asia,,HK-->GT,HK-->GT,HK-->GT,HK-->GT,HK-->GT,HK-->GT,HK-->GT,HK-->GT,HK-->GT,HK-->GT,HK-->GT,HK-->GT,HK-->GT,HK-->GT,HK-->GT,HK-->GT,HK-->GT,HK-->GT,HK-->GT,,,,,,,,,,,,,,,,,GT-->HK,GT-->HK,GT-->HK,GT-->HK,GT-->HK,GT-->HK,GT-->HK,GT-->HK,GT-->HK,GT-->HK,GT-->HK,GT-->HK,GT-->HK,GT-->HK,GT-->HK,GT-->HK,GT-->HK,GT-->HK,GT-->HK
HU,HUN,Hungary,Budapest,Europe,Eastern Europe,,HU-->GT,HU-->GT,HU-->GT,HU-->GT,HU-->GT,HU-->GT,HU-->GT,HU-->GT,HU-->GT,HU-->GT,HU-->GT,HU-->GT,HU-->GT,HU-->GT,HU-->GT,HU-->GT,HU-->GT,HU-->GT,HU-->GT,,,,,,,,,,,,,,,,,GT-->HU,GT-->HU,GT-->HU,GT-->HU,GT-->HU,GT-->HU,GT-->HU,GT-->HU,GT-->HU,GT-->HU,GT-->HU,GT-->HU,GT-->HU,GT-->HU,GT-->HU,GT-->HU,GT-->HU,GT-->HU,GT-->HU
IS,ISL,Iceland,Reykjavík,Europe,Northern Europe,,IS-->GT,IS-->GT,IS-->GT,IS-->GT,IS-->GT,IS-->GT,IS-->GT,IS-->GT,IS-->GT,IS-->GT,IS-->GT,IS-->GT,IS-->GT,IS-->GT,IS-->GT,IS-->GT,IS-->GT,IS-->GT,IS-->GT,,,,,,,,,,,,,,,,,GT-->IS,GT-->IS,GT-->IS,GT-->IS,GT-->IS,GT-->IS,GT-->IS,GT-->IS,GT-->IS,GT-->IS,GT-->IS,GT-->IS,GT-->IS,GT-->IS,GT-->IS,GT-->IS,GT-->IS,GT-->IS,GT-->IS
IN,IND,India,New Delhi,Asia,Southern Asia,,IN-->GT,IN-->GT,IN-->GT,IN-->GT,IN-->GT,IN-->GT,IN-->GT,IN-->GT,IN-->GT,IN-->GT,IN-->GT,IN-->GT,IN-->GT,IN-->GT,IN-->GT,IN-->GT,IN-->GT,IN-->GT,IN-->GT,,,,,,,,,,,,,,,,,GT-->IN,GT-->IN,GT-->IN,GT-->IN,GT-->IN,GT-->IN,GT-->IN,GT-->IN,GT-->IN,GT-->IN,GT-->IN,GT-->IN,GT-->IN,GT-->IN,GT-->IN,GT-->IN,GT-->IN,GT-->IN,GT-->IN
ID,IDN,Indonesia,Jakarta,Asia,South-Eastern Asia,,ID-->GT,ID-->GT,ID-->GT,ID-->GT,ID-->GT,ID-->GT,ID-->GT,ID-->GT,ID-->GT,ID-->GT,ID-->GT,ID-->GT,ID-->GT,ID-->GT,ID-->GT,ID-->GT,ID-->GT,ID-->GT,ID-->GT,,,,,,,,,,,,,,,,,GT-->ID,GT-->ID,GT-->ID,GT-->ID,GT-->ID,GT-->ID,GT-->ID,GT-->ID,GT-->ID,GT-->ID,GT-->ID,GT-->ID,GT-->ID,GT-->ID,GT-->ID,GT-->ID,GT-->ID,GT-->ID,GT-->ID
CI,CIV,Ivory Coast,Yamoussoukro,Africa,Western Africa,,CI-->GT,CI-->GT,CI-->GT,CI-->GT,CI-->GT,CI-->GT,CI-->GT,CI-->GT,CI-->GT,CI-->GT,CI-->GT,CI-->GT,CI-->GT,CI-->GT,CI-->GT,CI-->GT,CI-->GT,CI-->GT,CI-->GT,,,,,,,,,,,,,,,,,GT-->CI,GT-->CI,GT-->CI,GT-->CI,GT-->CI,GT-->CI,GT-->CI,GT-->CI,GT-->CI,GT-->CI,GT-->CI,GT-->CI,GT-->CI,GT-->CI,GT-->CI,GT-->CI,GT-->CI,GT-->CI,GT-->CI
IR,IRN,Iran,Tehran,Asia,Southern Asia,,IR-->GT,IR-->GT,IR-->GT,IR-->GT,IR-->GT,IR-->GT,IR-->GT,IR-->GT,IR-->GT,IR-->GT,IR-->GT,IR-->GT,IR-->GT,IR-->GT,IR-->GT,IR-->GT,IR-->GT,IR-->GT,IR-->GT,,,,,,,,,,,,,,,,,GT-->IR,GT-->IR,GT-->IR,GT-->IR,GT-->IR,GT-->IR,GT-->IR,GT-->IR,GT-->IR,GT-->IR,GT-->IR,GT-->IR,GT-->IR,GT-->IR,GT-->IR,GT-->IR,GT-->IR,GT-->IR,GT-->IR
IQ,IRQ,Iraq,Baghdad,Asia,Western Asia,,IQ-->GT,IQ-->GT,IQ-->GT,IQ-->GT,IQ-->GT,IQ-->GT,IQ-->GT,IQ-->GT,IQ-->GT,IQ-->GT,IQ-->GT,IQ-->GT,IQ-->GT,IQ-->GT,IQ-->GT,IQ-->GT,IQ-->GT,IQ-->GT,IQ-->GT,,,,,,,,,,,,,,,,,GT-->IQ,GT-->IQ,GT-->IQ,GT-->IQ,GT-->IQ,GT-->IQ,GT-->IQ,GT-->IQ,GT-->IQ,GT-->IQ,GT-->IQ,GT-->IQ,GT-->IQ,GT-->IQ,GT-->IQ,GT-->IQ,GT-->IQ,GT-->IQ,GT-->IQ
IE,IRL,Republic of Ireland,Dublin,Europe,Northern Europe,,IE-->GT,IE-->GT,IE-->GT,IE-->GT,IE-->GT,IE-->GT,IE-->GT,IE-->GT,IE-->GT,IE-->GT,IE-->GT,IE-->GT,IE-->GT,IE-->GT,IE-->GT,IE-->GT,IE-->GT,IE-->GT,IE-->GT,,,,,,,,,,,,,,,,,GT-->IE,GT-->IE,GT-->IE,GT-->IE,GT-->IE,GT-->IE,GT-->IE,GT-->IE,GT-->IE,GT-->IE,GT-->IE,GT-->IE,GT-->IE,GT-->IE,GT-->IE,GT-->IE,GT-->IE,GT-->IE,GT-->IE
IM,IMN,Isle of Man,Douglas,Europe,Northern Europe,,IM-->GT,IM-->GT,IM-->GT,IM-->GT,IM-->GT,IM-->GT,IM-->GT,IM-->GT,IM-->GT,IM-->GT,IM-->GT,IM-->GT,IM-->GT,IM-->GT,IM-->GT,IM-->GT,IM-->GT,IM-->GT,IM-->GT,,,,,,,,,,,,,,,,,GT-->IM,GT-->IM,GT-->IM,GT-->IM,GT-->IM,GT-->IM,GT-->IM,GT-->IM,GT-->IM,GT-->IM,GT-->IM,GT-->IM,GT-->IM,GT-->IM,GT-->IM,GT-->IM,GT-->IM,GT-->IM,GT-->IM
IL,ISR,Israel,Jerusalem,Asia,Western Asia,,IL-->GT,IL-->GT,IL-->GT,IL-->GT,IL-->GT,IL-->GT,IL-->GT,IL-->GT,IL-->GT,IL-->GT,IL-->GT,IL-->GT,IL-->GT,IL-->GT,IL-->GT,IL-->GT,IL-->GT,IL-->GT,IL-->GT,,,,,,,,,,,,,,,,,GT-->IL,GT-->IL,GT-->IL,GT-->IL,GT-->IL,GT-->IL,GT-->IL,GT-->IL,GT-->IL,GT-->IL,GT-->IL,GT-->IL,GT-->IL,GT-->IL,GT-->IL,GT-->IL,GT-->IL,GT-->IL,GT-->IL
IT,ITA,Italy,Rome,Europe,Southern Europe,,IT-->GT,IT-->GT,IT-->GT,IT-->GT,IT-->GT,IT-->GT,IT-->GT,IT-->GT,IT-->GT,IT-->GT,IT-->GT,IT-->GT,IT-->GT,IT-->GT,IT-->GT,IT-->GT,IT-->GT,IT-->GT,IT-->GT,,,,,,,,,,,,,,,,,GT-->IT,GT-->IT,GT-->IT,GT-->IT,GT-->IT,GT-->IT,GT-->IT,GT-->IT,GT-->IT,GT-->IT,GT-->IT,GT-->IT,GT-->IT,GT-->IT,GT-->IT,GT-->IT,GT-->IT,GT-->IT,GT-->IT
JM,JAM,Jamaica,Kingston,Americas,Caribbean,,JM-->GT,JM-->GT,JM-->GT,JM-->GT,JM-->GT,JM-->GT,JM-->GT,JM-->GT,JM-->GT,JM-->GT,JM-->GT,JM-->GT,JM-->GT,JM-->GT,JM-->GT,JM-->GT,JM-->GT,JM-->GT,JM-->GT,,,,,,,,,,,,,,,,,GT-->JM,GT-->JM,GT-->JM,GT-->JM,GT-->JM,GT-->JM,GT-->JM,GT-->JM,GT-->JM,GT-->JM,GT-->JM,GT-->JM,GT-->JM,GT-->JM,GT-->JM,GT-->JM,GT-->JM,GT-->JM,GT-->JM
JP,JPN,Japan,Tokyo,Asia,Eastern Asia,,JP-->GT,JP-->GT,JP-->GT,JP-->GT,JP-->GT,JP-->GT,JP-->GT,JP-->GT,JP-->GT,JP-->GT,JP-->GT,JP-->GT,JP-->GT,JP-->GT,JP-->GT,JP-->GT,JP-->GT,JP-->GT,JP-->GT,,,,,,,,,,,,,,,,,GT-->JP,GT-->JP,GT-->JP,GT-->JP,GT-->JP,GT-->JP,GT-->JP,GT-->JP,GT-->JP,GT-->JP,GT-->JP,GT-->JP,GT-->JP,GT-->JP,GT-->JP,GT-->JP,GT-->JP,GT-->JP,GT-->JP
JE,JEY,Jersey,Saint Helier,Europe,Northern Europe,,JE-->GT,JE-->GT,JE-->GT,JE-->GT,JE-->GT,JE-->GT,JE-->GT,JE-->GT,JE-->GT,JE-->GT,JE-->GT,JE-->GT,JE-->GT,JE-->GT,JE-->GT,JE-->GT,JE-->GT,JE-->GT,JE-->GT,,,,,,,,,,,,,,,,,GT-->JE,GT-->JE,GT-->JE,GT-->JE,GT-->JE,GT-->JE,GT-->JE,GT-->JE,GT-->JE,GT-->JE,GT-->JE,GT-->JE,GT-->JE,GT-->JE,GT-->JE,GT-->JE,GT-->JE,GT-->JE,GT-->JE
JO,JOR,Jordan,Amman,Asia,Western Asia,,JO-->GT,JO-->GT,JO-->GT,JO-->GT,JO-->GT,JO-->GT,JO-->GT,JO-->GT,JO-->GT,JO-->GT,JO-->GT,JO-->GT,JO-->GT,JO-->GT,JO-->GT,JO-->GT,JO-->GT,JO-->GT,JO-->GT,,,,,,,,,,,,,,,,,GT-->JO,GT-->JO,GT-->JO,GT-->JO,GT-->JO,GT-->JO,GT-->JO,GT-->JO,GT-->JO,GT-->JO,GT-->JO,GT-->JO,GT-->JO,GT-->JO,GT-->JO,GT-->JO,GT-->JO,GT-->JO,GT-->JO
KZ,KAZ,Kazakhstan,Astana,Asia,Central Asia,,KZ-->GT,KZ-->GT,KZ-->GT,KZ-->GT,KZ-->GT,KZ-->GT,KZ-->GT,KZ-->GT,KZ-->GT,KZ-->GT,KZ-->GT,KZ-->GT,KZ-->GT,KZ-->GT,KZ-->GT,KZ-->GT,KZ-->GT,KZ-->GT,KZ-->GT,,,,,,,,,,,,,,,,,GT-->KZ,GT-->KZ,GT-->KZ,GT-->KZ,GT-->KZ,GT-->KZ,GT-->KZ,GT-->KZ,GT-->KZ,GT-->KZ,GT-->KZ,GT-->KZ,GT-->KZ,GT-->KZ,GT-->KZ,GT-->KZ,GT-->KZ,GT-->KZ,GT-->KZ
KE,KEN,Kenya,Nairobi,Africa,Eastern Africa,,KE-->GT,KE-->GT,KE-->GT,KE-->GT,KE-->GT,KE-->GT,KE-->GT,KE-->GT,KE-->GT,KE-->GT,KE-->GT,KE-->GT,KE-->GT,KE-->GT,KE-->GT,KE-->GT,KE-->GT,KE-->GT,KE-->GT,,,,,,,,,,,,,,,,,GT-->KE,GT-->KE,GT-->KE,GT-->KE,GT-->KE,GT-->KE,GT-->KE,GT-->KE,GT-->KE,GT-->KE,GT-->KE,GT-->KE,GT-->KE,GT-->KE,GT-->KE,GT-->KE,GT-->KE,GT-->KE,GT-->KE
KI,KIR,Kiribati,South Tarawa,Oceania,Micronesia,,KI-->GT,KI-->GT,KI-->GT,KI-->GT,KI-->GT,KI-->GT,KI-->GT,KI-->GT,KI-->GT,KI-->GT,KI-->GT,KI-->GT,KI-->GT,KI-->GT,KI-->GT,KI-->GT,KI-->GT,KI-->GT,KI-->GT,,,,,,,,,,,,,,,,,GT-->KI,GT-->KI,GT-->KI,GT-->KI,GT-->KI,GT-->KI,GT-->KI,GT-->KI,GT-->KI,GT-->KI,GT-->KI,GT-->KI,GT-->KI,GT-->KI,GT-->KI,GT-->KI,GT-->KI,GT-->KI,GT-->KI
KW,KWT,Kuwait,Kuwait City,Asia,Western Asia,,KW-->GT,KW-->GT,KW-->GT,KW-->GT,KW-->GT,KW-->GT,KW-->GT,KW-->GT,KW-->GT,KW-->GT,KW-->GT,KW-->GT,KW-->GT,KW-->GT,KW-->GT,KW-->GT,KW-->GT,KW-->GT,KW-->GT,,,,,,,,,,,,,,,,,GT-->KW,GT-->KW,GT-->KW,GT-->KW,GT-->KW,GT-->KW,GT-->KW,GT-->KW,GT-->KW,GT-->KW,GT-->KW,GT-->KW,GT-->KW,GT-->KW,GT-->KW,GT-->KW,GT-->KW,GT-->KW,GT-->KW
KG,KGZ,Kyrgyzstan,Bishkek,Asia,Central Asia,,KG-->GT,KG-->GT,KG-->GT,KG-->GT,KG-->GT,KG-->GT,KG-->GT,KG-->GT,KG-->GT,KG-->GT,KG-->GT,KG-->GT,KG-->GT,KG-->GT,KG-->GT,KG-->GT,KG-->GT,KG-->GT,KG-->GT,,,,,,,,,,,,,,,,,GT-->KG,GT-->KG,GT-->KG,GT-->KG,GT-->KG,GT-->KG,GT-->KG,GT-->KG,GT-->KG,GT-->KG,GT-->KG,GT-->KG,GT-->KG,GT-->KG,GT-->KG,GT-->KG,GT-->KG,GT-->KG,GT-->KG
LA,LAO,Laos,Vientiane,Asia,South-Eastern Asia,,LA-->GT,LA-->GT,LA-->GT,LA-->GT,LA-->GT,LA-->GT,LA-->GT,LA-->GT,LA-->GT,LA-->GT,LA-->GT,LA-->GT,LA-->GT,LA-->GT,LA-->GT,LA-->GT,LA-->GT,LA-->GT,LA-->GT,,,,,,,,,,,,,,,,,GT-->LA,GT-->LA,GT-->LA,GT-->LA,GT-->LA,GT-->LA,GT-->LA,GT-->LA,GT-->LA,GT-->LA,GT-->LA,GT-->LA,GT-->LA,GT-->LA,GT-->LA,GT-->LA,GT-->LA,GT-->LA,GT-->LA
LV,LVA,Latvia,Riga,Europe,Northern Europe,,LV-->GT,LV-->GT,LV-->GT,LV-->GT,LV-->GT,LV-->GT,LV-->GT,LV-->GT,LV-->GT,LV-->GT,LV-->GT,LV-->GT,LV-->GT,LV-->GT,LV-->GT,LV-->GT,LV-->GT,LV-->GT,LV-->GT,,,,,,,,,,,,,,,,,GT-->LV,GT-->LV,GT-->LV,GT-->LV,GT-->LV,GT-->LV,GT-->LV,GT-->LV,GT-->LV,GT-->LV,GT-->LV,GT-->LV,GT-->LV,GT-->LV,GT-->LV,GT-->LV,GT-->LV,GT-->LV,GT-->LV
LB,LBN,Lebanon,Beirut,Asia,Western Asia,,LB-->GT,LB-->GT,LB-->GT,LB-->GT,LB-->GT,LB-->GT,LB-->GT,LB-->GT,LB-->GT,LB-->GT,LB-->GT,LB-->GT,LB-->GT,LB-->GT,LB-->GT,LB-->GT,LB-->GT,LB-->GT,LB-->GT,,,,,,,,,,,,,,,,,GT-->LB,GT-->LB,GT-->LB,GT-->LB,GT-->LB,GT-->LB,GT-->LB,GT-->LB,GT-->LB,GT-->LB,GT-->LB,GT-->LB,GT-->LB,GT-->LB,GT-->LB,GT-->LB,GT-->LB,GT-->LB,GT-->LB
LS,LSO,Lesotho,Maseru,Africa,Southern Africa,,LS-->GT,LS-->GT,LS-->GT,LS-->GT,LS-->GT,LS-->GT,LS-->GT,LS-->GT,LS-->GT,LS-->GT,LS-->GT,LS-->GT,LS-->GT,LS-->GT,LS-->GT,LS-->GT,LS-->GT,LS-->GT,LS-->GT,,,,,,,,,,,,,,,,,GT-->LS,GT-->LS,GT-->LS,GT-->LS,GT-->LS,GT-->LS,GT-->LS,GT-->LS,GT-->LS,GT-->LS,GT-->LS,GT-->LS,GT-->LS,GT-->LS,GT-->LS,GT-->LS,GT-->LS,GT-->LS,GT-->LS
LR,LBR,Liberia,Monrovia,Africa,Western Africa,,LR-->GT,LR-->GT,LR-->GT,LR-->GT,LR-->GT,LR-->GT,LR-->GT,LR-->GT,LR-->GT,LR-->GT,LR-->GT,LR-->GT,LR-->GT,LR-->GT,LR-->GT,LR-->GT,LR-->GT,LR-->GT,LR-->GT,,,,,,,,,,,,,,,,,GT-->LR,GT-->LR,GT-->LR,GT-->LR,GT-->LR,GT-->LR,GT-->LR,GT-->LR,GT-->LR,GT-->LR,GT-->LR,GT-->LR,GT-->LR,GT-->LR,GT-->LR,GT-->LR,GT-->LR,GT-->LR,GT-->LR
LY,LBY,Libya,Tripoli,Africa,Northern Africa,,LY-->GT,LY-->GT,LY-->GT,LY-->GT,LY-->GT,LY-->GT,LY-->GT,LY-->GT,LY-->GT,LY-->GT,LY-->GT,LY-->GT,LY-->GT,LY-->GT,LY-->GT,LY-->GT,LY-->GT,LY-->GT,LY-->GT,,,,,,,,,,,,,,,,,GT-->LY,GT-->LY,GT-->LY,GT-->LY,GT-->LY,GT-->LY,GT-->LY,GT-->LY,GT-->LY,GT-->LY,GT-->LY,GT-->LY,GT-->LY,GT-->LY,GT-->LY,GT-->LY,GT-->LY,GT-->LY,GT-->LY
LI,LIE,Liechtenstein,Vaduz,Europe,Western Europe,,LI-->GT,LI-->GT,LI-->GT,LI-->GT,LI-->GT,LI-->GT,LI-->GT,LI-->GT,LI-->GT,LI-->GT,LI-->GT,LI-->GT,LI-->GT,LI-->GT,LI-->GT,LI-->GT,LI-->GT,LI-->GT,LI-->GT,,,,,,,,,,,,,,,,,GT-->LI,GT-->LI,GT-->LI,GT-->LI,GT-->LI,GT-->LI,GT-->LI,GT-->LI,GT-->LI,GT-->LI,GT-->LI,GT-->LI,GT-->LI,GT-->LI,GT-->LI,GT-->LI,GT-->LI,GT-->LI,GT-->LI
LT,LTU,Lithuania,Vilnius,Europe,Northern Europe,,LT-->GT,LT-->GT,LT-->GT,LT-->GT,LT-->GT,LT-->GT,LT-->GT,LT-->GT,LT-->GT,LT-->GT,LT-->GT,LT-->GT,LT-->GT,LT-->GT,LT-->GT,LT-->GT,LT-->GT,LT-->GT,LT-->GT,,,,,,,,,,,,,,,,,GT-->LT,GT-->LT,GT-->LT,GT-->LT,GT-->LT,GT-->LT,GT-->LT,GT-->LT,GT-->LT,GT-->LT,GT-->LT,GT-->LT,GT-->LT,GT-->LT,GT-->LT,GT-->LT,GT-->LT,GT-->LT,GT-->LT
LU,LUX,Luxembourg,Luxembourg,Europe,Western Europe,,LU-->GT,LU-->GT,LU-->GT,LU-->GT,LU-->GT,LU-->GT,LU-->GT,LU-->GT,LU-->GT,LU-->GT,LU-->GT,LU-->GT,LU-->GT,LU-->GT,LU-->GT,LU-->GT,LU-->GT,LU-->GT,LU-->GT,,,,,,,,,,,,,,,,,GT-->LU,GT-->LU,GT-->LU,GT-->LU,GT-->LU,GT-->LU,GT-->LU,GT-->LU,GT-->LU,GT-->LU,GT-->LU,GT-->LU,GT-->LU,GT-->LU,GT-->LU,GT-->LU,GT-->LU,GT-->LU,GT-->LU
MO,MAC,Macau,,Asia,Eastern Asia,,MO-->GT,MO-->GT,MO-->GT,MO-->GT,MO-->GT,MO-->GT,MO-->GT,MO-->GT,MO-->GT,MO-->GT,MO-->GT,MO-->GT,MO-->GT,MO-->GT,MO-->GT,MO-->GT,MO-->GT,MO-->GT,MO-->GT,,,,,,,,,,,,,,,,,GT-->MO,GT-->MO,GT-->MO,GT-->MO,GT-->MO,GT-->MO,GT-->MO,GT-->MO,GT-->MO,GT-->MO,GT-->MO,GT-->MO,GT-->MO,GT-->MO,GT-->MO,GT-->MO,GT-->MO,GT-->MO,GT-->MO
MK,MKD,Republic of Macedonia,Skopje,Europe,Southern Europe,,MK-->GT,MK-->GT,MK-->GT,MK-->GT,MK-->GT,MK-->GT,MK-->GT,MK-->GT,MK-->GT,MK-->GT,MK-->GT,MK-->GT,MK-->GT,MK-->GT,MK-->GT,MK-->GT,MK-->GT,MK-->GT,MK-->GT,,,,,,,,,,,,,,,,,GT-->MK,GT-->MK,GT-->MK,GT-->MK,GT-->MK,GT-->MK,GT-->MK,GT-->MK,GT-->MK,GT-->MK,GT-->MK,GT-->MK,GT-->MK,GT-->MK,GT-->MK,GT-->MK,GT-->MK,GT-->MK,GT-->MK
MG,MDG,Madagascar,Antananarivo,Africa,Eastern Africa,,MG-->GT,MG-->GT,MG-->GT,MG-->GT,MG-->GT,MG-->GT,MG-->GT,MG-->GT,MG-->GT,MG-->GT,MG-->GT,MG-->GT,MG-->GT,MG-->GT,MG-->GT,MG-->GT,MG-->GT,MG-->GT,MG-->GT,,,,,,,,,,,,,,,,,GT-->MG,GT-->MG,GT-->MG,GT-->MG,GT-->MG,GT-->MG,GT-->MG,GT-->MG,GT-->MG,GT-->MG,GT-->MG,GT-->MG,GT-->MG,GT-->MG,GT-->MG,GT-->MG,GT-->MG,GT-->MG,GT-->MG
MW,MWI,Malawi,Lilongwe,Africa,Eastern Africa,,MW-->GT,MW-->GT,MW-->GT,MW-->GT,MW-->GT,MW-->GT,MW-->GT,MW-->GT,MW-->GT,MW-->GT,MW-->GT,MW-->GT,MW-->GT,MW-->GT,MW-->GT,MW-->GT,MW-->GT,MW-->GT,MW-->GT,,,,,,,,,,,,,,,,,GT-->MW,GT-->MW,GT-->MW,GT-->MW,GT-->MW,GT-->MW,GT-->MW,GT-->MW,GT-->MW,GT-->MW,GT-->MW,GT-->MW,GT-->MW,GT-->MW,GT-->MW,GT-->MW,GT-->MW,GT-->MW,GT-->MW
MY,MYS,Malaysia,Kuala Lumpur,Asia,South-Eastern Asia,,MY-->GT,MY-->GT,MY-->GT,MY-->GT,MY-->GT,MY-->GT,MY-->GT,MY-->GT,MY-->GT,MY-->GT,MY-->GT,MY-->GT,MY-->GT,MY-->GT,MY-->GT,MY-->GT,MY-->GT,MY-->GT,MY-->GT,,,,,,,,,,,,,,,,,GT-->MY,GT-->MY,GT-->MY,GT-->MY,GT-->MY,GT-->MY,GT-->MY,GT-->MY,GT-->MY,GT-->MY,GT-->MY,GT-->MY,GT-->MY,GT-->MY,GT-->MY,GT-->MY,GT-->MY,GT-->MY,GT-->MY
MV,MDV,Maldives,Malé,Asia,Southern Asia,,MV-->GT,MV-->GT,MV-->GT,MV-->GT,MV-->GT,MV-->GT,MV-->GT,MV-->GT,MV-->GT,MV-->GT,MV-->GT,MV-->GT,MV-->GT,MV-->GT,MV-->GT,MV-->GT,MV-->GT,MV-->GT,MV-->GT,,,,,,,,,,,,,,,,,GT-->MV,GT-->MV,GT-->MV,GT-->MV,GT-->MV,GT-->MV,GT-->MV,GT-->MV,GT-->MV,GT-->MV,GT-->MV,GT-->MV,GT-->MV,GT-->MV,GT-->MV,GT-->MV,GT-->MV,GT-->MV,GT-->MV
ML,MLI,Mali,Bamako,Africa,Western Africa,,ML-->GT,ML-->GT,ML-->GT,ML-->GT,ML-->GT,ML-->GT,ML-->GT,ML-->GT,ML-->GT,ML-->GT,ML-->GT,ML-->GT,ML-->GT,ML-->GT,ML-->GT,ML-->GT,ML-->GT,ML-->GT,ML-->GT,,,,,,,,,,,,,,,,,GT-->ML,GT-->ML,GT-->ML,GT-->ML,GT-->ML,GT-->ML,GT-->ML,GT-->ML,GT-->ML,GT-->ML,GT-->ML,GT-->ML,GT-->ML,GT-->ML,GT-->ML,GT-->ML,GT-->ML,GT-->ML,GT-->ML
MT,MLT,Malta,Valletta,Europe,Southern Europe,,MT-->GT,MT-->GT,MT-->GT,MT-->GT,MT-->GT,MT-->GT,MT-->GT,MT-->GT,MT-->GT,MT-->GT,MT-->GT,MT-->GT,MT-->GT,MT-->GT,MT-->GT,MT-->GT,MT-->GT,MT-->GT,MT-->GT,,,,,,,,,,,,,,,,,GT-->MT,GT-->MT,GT-->MT,GT-->MT,GT-->MT,GT-->MT,GT-->MT,GT-->MT,GT-->MT,GT-->MT,GT-->MT,GT-->MT,GT-->MT,GT-->MT,GT-->MT,GT-->MT,GT-->MT,GT-->MT,GT-->MT
MH,MHL,Marshall Islands,Majuro,Oceania,Micronesia,,MH-->GT,MH-->GT,MH-->GT,MH-->GT,MH-->GT,MH-->GT,MH-->GT,MH-->GT,MH-->GT,MH-->GT,MH-->GT,MH-->GT,MH-->GT,MH-->GT,MH-->GT,MH-->GT,MH-->GT,MH-->GT,MH-->GT,,,,,,,,,,,,,,,,,GT-->MH,GT-->MH,GT-->MH,GT-->MH,GT-->MH,GT-->MH,GT-->MH,GT-->MH,GT-->MH,GT-->MH,GT-->MH,GT-->MH,GT-->MH,GT-->MH,GT-->MH,GT-->MH,GT-->MH,GT-->MH,GT-->MH
MQ,MTQ,Martinique,Fort-de-France,Americas,Caribbean,,MQ-->GT,MQ-->GT,MQ-->GT,MQ-->GT,MQ-->GT,MQ-->GT,MQ-->GT,MQ-->GT,MQ-->GT,MQ-->GT,MQ-->GT,MQ-->GT,MQ-->GT,MQ-->GT,MQ-->GT,MQ-->GT,MQ-->GT,MQ-->GT,MQ-->GT,,,,,,,,,,,,,,,,,GT-->MQ,GT-->MQ,GT-->MQ,GT-->MQ,GT-->MQ,GT-->MQ,GT-->MQ,GT-->MQ,GT-->MQ,GT-->MQ,GT-->MQ,GT-->MQ,GT-->MQ,GT-->MQ,GT-->MQ,GT-->MQ,GT-->MQ,GT-->MQ,GT-->MQ
MR,MRT,Mauritania,Nouakchott,Africa,Western Africa,,MR-->GT,MR-->GT,MR-->GT,MR-->GT,MR-->GT,MR-->GT,MR-->GT,MR-->GT,MR-->GT,MR-->GT,MR-->GT,MR-->GT,MR-->GT,MR-->GT,MR-->GT,MR-->GT,MR-->GT,MR-->GT,MR-->GT,0.0,,,,,,,,,,,,,,,,GT-->MR,GT-->MR,GT-->MR,GT-->MR,GT-->MR,GT-->MR,GT-->MR,GT-->MR,GT-->MR,GT-->MR,GT-->MR,GT-->MR,GT-->MR,GT-->MR,GT-->MR,GT-->MR,GT-->MR,GT-->MR,GT-->MR
MU,MUS,Mauritius,Port Louis,Africa,Eastern Africa,,MU-->GT,MU-->GT,MU-->GT,MU-->GT,MU-->GT,MU-->GT,MU-->GT,MU-->GT,MU-->GT,MU-->GT,MU-->GT,MU-->GT,MU-->GT,MU-->GT,MU-->GT,MU-->GT,MU-->GT,MU-->GT,MU-->GT,,,,,,,,,,,,,,,,,GT-->MU,GT-->MU,GT-->MU,GT-->MU,GT-->MU,GT-->MU,GT-->MU,GT-->MU,GT-->MU,GT-->MU,GT-->MU,GT-->MU,GT-->MU,GT-->MU,GT-->MU,GT-->MU,GT-->MU,GT-->MU,GT-->MU
YT,MYT,Mayotte,Mamoudzou,Africa,Eastern Africa,,YT-->GT,YT-->GT,YT-->GT,YT-->GT,YT-->GT,YT-->GT,YT-->GT,YT-->GT,YT-->GT,YT-->GT,YT-->GT,YT-->GT,YT-->GT,YT-->GT,YT-->GT,YT-->GT,YT-->GT,YT-->GT,YT-->GT,,,,,,,,,,,,,,,,,GT-->YT,GT-->YT,GT-->YT,GT-->YT,GT-->YT,GT-->YT,GT-->YT,GT-->YT,GT-->YT,GT-->YT,GT-->YT,GT-->YT,GT-->YT,GT-->YT,GT-->YT,GT-->YT,GT-->YT,GT-->YT,GT-->YT
MX,MEX,Mexico,Mexico City,Americas,Central America,,MX-->GT,MX-->GT,MX-->GT,MX-->GT,MX-->GT,MX-->GT,MX-->GT,MX-->GT,MX-->GT,MX-->GT,MX-->GT,MX-->GT,MX-->GT,MX-->GT,MX-->GT,MX-->GT,MX-->GT,MX-->GT,MX-->GT,,,,,,,,,,,,,,,,,GT-->MX,GT-->MX,GT-->MX,GT-->MX,GT-->MX,GT-->MX,GT-->MX,GT-->MX,GT-->MX,GT-->MX,GT-->MX,GT-->MX,GT-->MX,GT-->MX,GT-->MX,GT-->MX,GT-->MX,GT-->MX,GT-->MX
FM,FSM,Federated States of Micronesia,Palikir,Oceania,Micronesia,,FM-->GT,FM-->GT,FM-->GT,FM-->GT,FM-->GT,FM-->GT,FM-->GT,FM-->GT,FM-->GT,FM-->GT,FM-->GT,FM-->GT,FM-->GT,FM-->GT,FM-->GT,FM-->GT,FM-->GT,FM-->GT,FM-->GT,,,,,,,,,,,,,,,,,GT-->FM,GT-->FM,GT-->FM,GT-->FM,GT-->FM,GT-->FM,GT-->FM,GT-->FM,GT-->FM,GT-->FM,GT-->FM,GT-->FM,GT-->FM,GT-->FM,GT-->FM,GT-->FM,GT-->FM,GT-->FM,GT-->FM
MD,MDA,Moldova,Chișinău,Europe,Eastern Europe,,MD-->GT,MD-->GT,MD-->GT,MD-->GT,MD-->GT,MD-->GT,MD-->GT,MD-->GT,MD-->GT,MD-->GT,MD-->GT,MD-->GT,MD-->GT,MD-->GT,MD-->GT,MD-->GT,MD-->GT,MD-->GT,MD-->GT,,,,,,,,,,,,,,,,,GT-->MD,GT-->MD,GT-->MD,GT-->MD,GT-->MD,GT-->MD,GT-->MD,GT-->MD,GT-->MD,GT-->MD,GT-->MD,GT-->MD,GT-->MD,GT-->MD,GT-->MD,GT-->MD,GT-->MD,GT-->MD,GT-->MD
MC,MCO,Monaco,Monaco,Europe,Western Europe,,MC-->GT,MC-->GT,MC-->GT,MC-->GT,MC-->GT,MC-->GT,MC-->GT,MC-->GT,MC-->GT,MC-->GT,MC-->GT,MC-->GT,MC-->GT,MC-->GT,MC-->GT,MC-->GT,MC-->GT,MC-->GT,MC-->GT,,,,,,,,,,,,,,,,,GT-->MC,GT-->MC,GT-->MC,GT-->MC,GT-->MC,GT-->MC,GT-->MC,GT-->MC,GT-->MC,GT-->MC,GT-->MC,GT-->MC,GT-->MC,GT-->MC,GT-->MC,GT-->MC,GT-->MC,GT-->MC,GT-->MC
MN,MNG,Mongolia,Ulan Bator,Asia,Eastern Asia,,MN-->GT,MN-->GT,MN-->GT,MN-->GT,MN-->GT,MN-->GT,MN-->GT,MN-->GT,MN-->GT,MN-->GT,MN-->GT,MN-->GT,MN-->GT,MN-->GT,MN-->GT,MN-->GT,MN-->GT,MN-->GT,MN-->GT,,,,,,,,,,,,,,,,,GT-->MN,GT-->MN,GT-->MN,GT-->MN,GT-->MN,GT-->MN,GT-->MN,GT-->MN,GT-->MN,GT-->MN,GT-->MN,GT-->MN,GT-->MN,GT-->MN,GT-->MN,GT-->MN,GT-->MN,GT-->MN,GT-->MN
ME,MNE,Montenegro,Podgorica,Europe,Southern Europe,,ME-->GT,ME-->GT,ME-->GT,ME-->GT,ME-->GT,ME-->GT,ME-->GT,ME-->GT,ME-->GT,ME-->GT,ME-->GT,ME-->GT,ME-->GT,ME-->GT,ME-->GT,ME-->GT,ME-->GT,ME-->GT,ME-->GT,,,,,,,,,,,,,,,,,GT-->ME,GT-->ME,GT-->ME,GT-->ME,GT-->ME,GT-->ME,GT-->ME,GT-->ME,GT-->ME,GT-->ME,GT-->ME,GT-->ME,GT-->ME,GT-->ME,GT-->ME,GT-->ME,GT-->ME,GT-->ME,GT-->ME
MS,MSR,Montserrat,Plymouth,Americas,Caribbean,,MS-->GT,MS-->GT,MS-->GT,MS-->GT,MS-->GT,MS-->GT,MS-->GT,MS-->GT,MS-->GT,MS-->GT,MS-->GT,MS-->GT,MS-->GT,MS-->GT,MS-->GT,MS-->GT,MS-->GT,MS-->GT,MS-->GT,,,,,,,,,,,,,,,,,GT-->MS,GT-->MS,GT-->MS,GT-->MS,GT-->MS,GT-->MS,GT-->MS,GT-->MS,GT-->MS,GT-->MS,GT-->MS,GT-->MS,GT-->MS,GT-->MS,GT-->MS,GT-->MS,GT-->MS,GT-->MS,GT-->MS
MA,MAR,Morocco,Rabat,Africa,Northern Africa,,MA-->GT,MA-->GT,MA-->GT,MA-->GT,MA-->GT,MA-->GT,MA-->GT,MA-->GT,MA-->GT,MA-->GT,MA-->GT,MA-->GT,MA-->GT,MA-->GT,MA-->GT,MA-->GT,MA-->GT,MA-->GT,MA-->GT,,,,,,,,,,,,,,,,,GT-->MA,GT-->MA,GT-->MA,GT-->MA,GT-->MA,GT-->MA,GT-->MA,GT-->MA,GT-->MA,GT-->MA,GT-->MA,GT-->MA,GT-->MA,GT-->MA,GT-->MA,GT-->MA,GT-->MA,GT-->MA,GT-->MA
MZ,MOZ,Mozambique,Maputo,Africa,Eastern Africa,,MZ-->GT,MZ-->GT,MZ-->GT,MZ-->GT,MZ-->GT,MZ-->GT,MZ-->GT,MZ-->GT,MZ-->GT,MZ-->GT,MZ-->GT,MZ-->GT,MZ-->GT,MZ-->GT,MZ-->GT,MZ-->GT,MZ-->GT,MZ-->GT,MZ-->GT,,,,,,,,,,,,,,,,,GT-->MZ,GT-->MZ,GT-->MZ,GT-->MZ,GT-->MZ,GT-->MZ,GT-->MZ,GT-->MZ,GT-->MZ,GT-->MZ,GT-->MZ,GT-->MZ,GT-->MZ,GT-->MZ,GT-->MZ,GT-->MZ,GT-->MZ,GT-->MZ,GT-->MZ
MM,MMR,Myanmar,Naypyidaw,Asia,South-Eastern Asia,,MM-->GT,MM-->GT,MM-->GT,MM-->GT,MM-->GT,MM-->GT,MM-->GT,MM-->GT,MM-->GT,MM-->GT,MM-->GT,MM-->GT,MM-->GT,MM-->GT,MM-->GT,MM-->GT,MM-->GT,MM-->GT,MM-->GT,,,,,,,,,,,,,,,,,GT-->MM,GT-->MM,GT-->MM,GT-->MM,GT-->MM,GT-->MM,GT-->MM,GT-->MM,GT-->MM,GT-->MM,GT-->MM,GT-->MM,GT-->MM,GT-->MM,GT-->MM,GT-->MM,GT-->MM,GT-->MM,GT-->MM
,NAM,Namibia,Windhoek,Africa,Southern Africa,,NA-->GT,NA-->GT,NA-->GT,NA-->GT,NA-->GT,NA-->GT,NA-->GT,NA-->GT,NA-->GT,NA-->GT,NA-->GT,NA-->GT,NA-->GT,NA-->GT,NA-->GT,NA-->GT,NA-->GT,NA-->GT,NA-->GT,,,,,,,,,,,,,,,,,GT-->NA,GT-->NA,GT-->NA,GT-->NA,GT-->NA,GT-->NA,GT-->NA,GT-->NA,GT-->NA,GT-->NA,GT-->NA,GT-->NA,GT-->NA,GT-->NA,GT-->NA,GT-->NA,GT-->NA,GT-->NA,GT-->NA
NR,NRU,Nauru,Yaren,Oceania,Micronesia,,NR-->GT,NR-->GT,NR-->GT,NR-->GT,NR-->GT,NR-->GT,NR-->GT,NR-->GT,NR-->GT,NR-->GT,NR-->GT,NR-->GT,NR-->GT,NR-->GT,NR-->GT,NR-->GT,NR-->GT,NR-->GT,NR-->GT,,,,,,,,,,,,,,,,,GT-->NR,GT-->NR,GT-->NR,GT-->NR,GT-->NR,GT-->NR,GT-->NR,GT-->NR,GT-->NR,GT-->NR,GT-->NR,GT-->NR,GT-->NR,GT-->NR,GT-->NR,GT-->NR,GT-->NR,GT-->NR,GT-->NR
NP,NPL,Nepal,Kathmandu,Asia,Southern Asia,,NP-->GT,NP-->GT,NP-->GT,NP-->GT,NP-->GT,NP-->GT,NP-->GT,NP-->GT,NP-->GT,NP-->GT,NP-->GT,NP-->GT,NP-->GT,NP-->GT,NP-->GT,NP-->GT,NP-->GT,NP-->GT,NP-->GT,,,,,,,,,,,,,,,,,GT-->NP,GT-->NP,GT-->NP,GT-->NP,GT-->NP,GT-->NP,GT-->NP,GT-->NP,GT-->NP,GT-->NP,GT-->NP,GT-->NP,GT-->NP,GT-->NP,GT-->NP,GT-->NP,GT-->NP,GT-->NP,GT-->NP
NL,NLD,Netherlands,Amsterdam,Europe,Western Europe,,NL-->GT,NL-->GT,NL-->GT,NL-->GT,NL-->GT,NL-->GT,NL-->GT,NL-->GT,NL-->GT,NL-->GT,NL-->GT,NL-->GT,NL-->GT,NL-->GT,NL-->GT,NL-->GT,NL-->GT,NL-->GT,NL-->GT,,,,,,,,,,,,,,,,,GT-->NL,GT-->NL,GT-->NL,GT-->NL,GT-->NL,GT-->NL,GT-->NL,GT-->NL,GT-->NL,GT-->NL,GT-->NL,GT-->NL,GT-->NL,GT-->NL,GT-->NL,GT-->NL,GT-->NL,GT-->NL,GT-->NL
NC,NCL,New Caledonia,Nouméa,Oceania,Melanesia,,NC-->GT,NC-->GT,NC-->GT,NC-->GT,NC-->GT,NC-->GT,NC-->GT,NC-->GT,NC-->GT,NC-->GT,NC-->GT,NC-->GT,NC-->GT,NC-->GT,NC-->GT,NC-->GT,NC-->GT,NC-->GT,NC-->GT,,,,,,,,,,,,,,,,,GT-->NC,GT-->NC,GT-->NC,GT-->NC,GT-->NC,GT-->NC,GT-->NC,GT-->NC,GT-->NC,GT-->NC,GT-->NC,GT-->NC,GT-->NC,GT-->NC,GT-->NC,GT-->NC,GT-->NC,GT-->NC,GT-->NC
NZ,NZL,New Zealand,Wellington,Oceania,Australia and New Zealand,,NZ-->GT,NZ-->GT,NZ-->GT,NZ-->GT,NZ-->GT,NZ-->GT,NZ-->GT,NZ-->GT,NZ-->GT,NZ-->GT,NZ-->GT,NZ-->GT,NZ-->GT,NZ-->GT,NZ-->GT,NZ-->GT,NZ-->GT,NZ-->GT,NZ-->GT,,,,,,,,,,,,,,,,,GT-->NZ,GT-->NZ,GT-->NZ,GT-->NZ,GT-->NZ,GT-->NZ,GT-->NZ,GT-->NZ,GT-->NZ,GT-->NZ,GT-->NZ,GT-->NZ,GT-->NZ,GT-->NZ,GT-->NZ,GT-->NZ,GT-->NZ,GT-->NZ,GT-->NZ
NI,NIC,Nicaragua,Managua,Americas,Central America,,NI-->GT,NI-->GT,NI-->GT,NI-->GT,NI-->GT,NI-->GT,NI-->GT,NI-->GT,NI-->GT,NI-->GT,NI-->GT,NI-->GT,NI-->GT,NI-->GT,NI-->GT,NI-->GT,NI-->GT,NI-->GT,NI-->GT,,,,,,,,,,,,,,,,,GT-->NI,GT-->NI,GT-->NI,GT-->NI,GT-->NI,GT-->NI,GT-->NI,GT-->NI,GT-->NI,GT-->NI,GT-->NI,GT-->NI,GT-->NI,GT-->NI,GT-->NI,GT-->NI,GT-->NI,GT-->NI,GT-->NI
NE,NER,Niger,Niamey,Africa,Western Africa,,NE-->GT,NE-->GT,NE-->GT,NE-->GT,NE-->GT,NE-->GT,NE-->GT,NE-->GT,NE-->GT,NE-->GT,NE-->GT,NE-->GT,NE-->GT,NE-->GT,NE-->GT,NE-->GT,NE-->GT,NE-->GT,NE-->GT,,,,,,,,,,,,,,,,,GT-->NE,GT-->NE,GT-->NE,GT-->NE,GT-->NE,GT-->NE,GT-->NE,GT-->NE,GT-->NE,GT-->NE,GT-->NE,GT-->NE,GT-->NE,GT-->NE,GT-->NE,GT-->NE,GT-->NE,GT-->NE,GT-->NE
NG,NGA,Nigeria,Abuja,Africa,Western Africa,,NG-->GT,NG-->GT,NG-->GT,NG-->GT,NG-->GT,NG-->GT,NG-->GT,NG-->GT,NG-->GT,NG-->GT,NG-->GT,NG-->GT,NG-->GT,NG-->GT,NG-->GT,NG-->GT,NG-->GT,NG-->GT,NG-->GT,,,,,,,,,,,,,,,,,GT-->NG,GT-->NG,GT-->NG,GT-->NG,GT-->NG,GT-->NG,GT-->NG,GT-->NG,GT-->NG,GT-->NG,GT-->NG,GT-->NG,GT-->NG,GT-->NG,GT-->NG,GT-->NG,GT-->NG,GT-->NG,GT-->NG
NU,NIU,Niue,Alofi,Oceania,Polynesia,,NU-->GT,NU-->GT,NU-->GT,NU-->GT,NU-->GT,NU-->GT,NU-->GT,NU-->GT,NU-->GT,NU-->GT,NU-->GT,NU-->GT,NU-->GT,NU-->GT,NU-->GT,NU-->GT,NU-->GT,NU-->GT,NU-->GT,,,,,,,,,,,,,,,,,GT-->NU,GT-->NU,GT-->NU,GT-->NU,GT-->NU,GT-->NU,GT-->NU,GT-->NU,GT-->NU,GT-->NU,GT-->NU,GT-->NU,GT-->NU,GT-->NU,GT-->NU,GT-->NU,GT-->NU,GT-->NU,GT-->NU
NF,NFK,Norfolk Island,Kingston,Oceania,Australia and New Zealand,,NF-->GT,NF-->GT,NF-->GT,NF-->GT,NF-->GT,NF-->GT,NF-->GT,NF-->GT,NF-->GT,NF-->GT,NF-->GT,NF-->GT,NF-->GT,NF-->GT,NF-->GT,NF-->GT,NF-->GT,NF-->GT,NF-->GT,,,,,,,,,,,,,,,,,GT-->NF,GT-->NF,GT-->NF,GT-->NF,GT-->NF,GT-->NF,GT-->NF,GT-->NF,GT-->NF,GT-->NF,GT-->NF,GT-->NF,GT-->NF,GT-->NF,GT-->NF,GT-->NF,GT-->NF,GT-->NF,GT-->NF
KP,PRK,North Korea,Pyongyang,Asia,Eastern Asia,,KP-->GT,KP-->GT,KP-->GT,KP-->GT,KP-->GT,KP-->GT,KP-->GT,KP-->GT,KP-->GT,KP-->GT,KP-->GT,KP-->GT,KP-->GT,KP-->GT,KP-->GT,KP-->GT,KP-->GT,KP-->GT,KP-->GT,,,,,,,,,,,,,,,,,GT-->KP,GT-->KP,GT-->KP,GT-->KP,GT-->KP,GT-->KP,GT-->KP,GT-->KP,GT-->KP,GT-->KP,GT-->KP,GT-->KP,GT-->KP,GT-->KP,GT-->KP,GT-->KP,GT-->KP,GT-->KP,GT-->KP
MP,MNP,Northern Mariana Islands,Saipan,Oceania,Micronesia,,MP-->GT,MP-->GT,MP-->GT,MP-->GT,MP-->GT,MP-->GT,MP-->GT,MP-->GT,MP-->GT,MP-->GT,MP-->GT,MP-->GT,MP-->GT,MP-->GT,MP-->GT,MP-->GT,MP-->GT,MP-->GT,MP-->GT,,,,,,,,,,,,,,,,,GT-->MP,GT-->MP,GT-->MP,GT-->MP,GT-->MP,GT-->MP,GT-->MP,GT-->MP,GT-->MP,GT-->MP,GT-->MP,GT-->MP,GT-->MP,GT-->MP,GT-->MP,GT-->MP,GT-->MP,GT-->MP,GT-->MP
NO,NOR,Norway,Oslo,Europe,Northern Europe,,NO-->GT,NO-->GT,NO-->GT,NO-->GT,NO-->GT,NO-->GT,NO-->GT,NO-->GT,NO-->GT,NO-->GT,NO-->GT,NO-->GT,NO-->GT,NO-->GT,NO-->GT,NO-->GT,NO-->GT,NO-->GT,NO-->GT,,,,,,,,,,,,,,,,,GT-->NO,GT-->NO,GT-->NO,GT-->NO,GT-->NO,GT-->NO,GT-->NO,GT-->NO,GT-->NO,GT-->NO,GT-->NO,GT-->NO,GT-->NO,GT-->NO,GT-->NO,GT-->NO,GT-->NO,GT-->NO,GT-->NO
OM,OMN,Oman,Muscat,Asia,Western Asia,,OM-->GT,OM-->GT,OM-->GT,OM-->GT,OM-->GT,OM-->GT,OM-->GT,OM-->GT,OM-->GT,OM-->GT,OM-->GT,OM-->GT,OM-->GT,OM-->GT,OM-->GT,OM-->GT,OM-->GT,OM-->GT,OM-->GT,,,,,,,,,,,,,,,,,GT-->OM,GT-->OM,GT-->OM,GT-->OM,GT-->OM,GT-->OM,GT-->OM,GT-->OM,GT-->OM,GT-->OM,GT-->OM,GT-->OM,GT-->OM,GT-->OM,GT-->OM,GT-->OM,GT-->OM,GT-->OM,GT-->OM
PK,PAK,Pakistan,Islamabad,Asia,Southern Asia,,PK-->GT,PK-->GT,PK-->GT,PK-->GT,PK-->GT,PK-->GT,PK-->GT,PK-->GT,PK-->GT,PK-->GT,PK-->GT,PK-->GT,PK-->GT,PK-->GT,PK-->GT,PK-->GT,PK-->GT,PK-->GT,PK-->GT,,,,,,,,,,,,,,,,,GT-->PK,GT-->PK,GT-->PK,GT-->PK,GT-->PK,GT-->PK,GT-->PK,GT-->PK,GT-->PK,GT-->PK,GT-->PK,GT-->PK,GT-->PK,GT-->PK,GT-->PK,GT-->PK,GT-->PK,GT-->PK,GT-->PK
PW,PLW,Palau,Ngerulmud,Oceania,Micronesia,,PW-->GT,PW-->GT,PW-->GT,PW-->GT,PW-->GT,PW-->GT,PW-->GT,PW-->GT,PW-->GT,PW-->GT,PW-->GT,PW-->GT,PW-->GT,PW-->GT,PW-->GT,PW-->GT,PW-->GT,PW-->GT,PW-->GT,,,,,,,,,,,,,,,,,GT-->PW,GT-->PW,GT-->PW,GT-->PW,GT-->PW,GT-->PW,GT-->PW,GT-->PW,GT-->PW,GT-->PW,GT-->PW,GT-->PW,GT-->PW,GT-->PW,GT-->PW,GT-->PW,GT-->PW,GT-->PW,GT-->PW
PS,PSE,Palestine,Ramallah,Asia,Western Asia,,PS-->GT,PS-->GT,PS-->GT,PS-->GT,PS-->GT,PS-->GT,PS-->GT,PS-->GT,PS-->GT,PS-->GT,PS-->GT,PS-->GT,PS-->GT,PS-->GT,PS-->GT,PS-->GT,PS-->GT,PS-->GT,PS-->GT,,,,,,,,,,,,,,,,,GT-->PS,GT-->PS,GT-->PS,GT-->PS,GT-->PS,GT-->PS,GT-->PS,GT-->PS,GT-->PS,GT-->PS,GT-->PS,GT-->PS,GT-->PS,GT-->PS,GT-->PS,GT-->PS,GT-->PS,GT-->PS,GT-->PS
PA,PAN,Panama,Panama City,Americas,Central America,,PA-->GT,PA-->GT,PA-->GT,PA-->GT,PA-->GT,PA-->GT,PA-->GT,PA-->GT,PA-->GT,PA-->GT,PA-->GT,PA-->GT,PA-->GT,PA-->GT,PA-->GT,PA-->GT,PA-->GT,PA-->GT,PA-->GT,,,,,,,,,,,,,,,,,GT-->PA,GT-->PA,GT-->PA,GT-->PA,GT-->PA,GT-->PA,GT-->PA,GT-->PA,GT-->PA,GT-->PA,GT-->PA,GT-->PA,GT-->PA,GT-->PA,GT-->PA,GT-->PA,GT-->PA,GT-->PA,GT-->PA
PG,PNG,Papua New Guinea,Port Moresby,Oceania,Melanesia,,PG-->GT,PG-->GT,PG-->GT,PG-->GT,PG-->GT,PG-->GT,PG-->GT,PG-->GT,PG-->GT,PG-->GT,PG-->GT,PG-->GT,PG-->GT,PG-->GT,PG-->GT,PG-->GT,PG-->GT,PG-->GT,PG-->GT,,,,,,,,,,,,,,,,,GT-->PG,GT-->PG,GT-->PG,GT-->PG,GT-->PG,GT-->PG,GT-->PG,GT-->PG,GT-->PG,GT-->PG,GT-->PG,GT-->PG,GT-->PG,GT-->PG,GT-->PG,GT-->PG,GT-->PG,GT-->PG,GT-->PG
PY,PRY,Paraguay,Asunción,Americas,South America,,PY-->GT,PY-->GT,PY-->GT,PY-->GT,PY-->GT,PY-->GT,PY-->GT,PY-->GT,PY-->GT,PY-->GT,PY-->GT,PY-->GT,PY-->GT,PY-->GT,PY-->GT,PY-->GT,PY-->GT,PY-->GT,PY-->GT,,,,,,,,,,,,,,,,,GT-->PY,GT-->PY,GT-->PY,GT-->PY,GT-->PY,GT-->PY,GT-->PY,GT-->PY,GT-->PY,GT-->PY,GT-->PY,GT-->PY,GT-->PY,GT-->PY,GT-->PY,GT-->PY,GT-->PY,GT-->PY,GT-->PY
PE,PER,Peru,Lima,Americas,South America,,PE-->GT,PE-->GT,PE-->GT,PE-->GT,PE-->GT,PE-->GT,PE-->GT,PE-->GT,PE-->GT,PE-->GT,PE-->GT,PE-->GT,PE-->GT,PE-->GT,PE-->GT,PE-->GT,PE-->GT,PE-->GT,PE-->GT,,,,,,,,,,,,,,,,,GT-->PE,GT-->PE,GT-->PE,GT-->PE,GT-->PE,GT-->PE,GT-->PE,GT-->PE,GT-->PE,GT-->PE,GT-->PE,GT-->PE,GT-->PE,GT-->PE,GT-->PE,GT-->PE,GT-->PE,GT-->PE,GT-->PE
PH,PHL,Philippines,Manila,Asia,South-Eastern Asia,,PH-->GT,PH-->GT,PH-->GT,PH-->GT,PH-->GT,PH-->GT,PH-->GT,PH-->GT,PH-->GT,PH-->GT,PH-->GT,PH-->GT,PH-->GT,PH-->GT,PH-->GT,PH-->GT,PH-->GT,PH-->GT,PH-->GT,,,,,,,,,,,,,,,,,GT-->PH,GT-->PH,GT-->PH,GT-->PH,GT-->PH,GT-->PH,GT-->PH,GT-->PH,GT-->PH,GT-->PH,GT-->PH,GT-->PH,GT-->PH,GT-->PH,GT-->PH,GT-->PH,GT-->PH,GT-->PH,GT-->PH
PN,PCN,Pitcairn Islands,Adamstown,Oceania,Polynesia,,PN-->GT,PN-->GT,PN-->GT,PN-->GT,PN-->GT,PN-->GT,PN-->GT,PN-->GT,PN-->GT,PN-->GT,PN-->GT,PN-->GT,PN-->GT,PN-->GT,PN-->GT,PN-->GT,PN-->GT,PN-->GT,PN-->GT,,,,,,,,,,,,,,,,,GT-->PN,GT-->PN,GT-->PN,GT-->PN,GT-->PN,GT-->PN,GT-->PN,GT-->PN,GT-->PN,GT-->PN,GT-->PN,GT-->PN,GT-->PN,GT-->PN,GT-->PN,GT-->PN,GT-->PN,GT-->PN,GT-->PN
PL,POL,Poland,Warsaw,Europe,Eastern Europe,,PL-->GT,PL-->GT,PL-->GT,PL-->GT,PL-->GT,PL-->GT,PL-->GT,PL-->GT,PL-->GT,PL-->GT,PL-->GT,PL-->GT,PL-->GT,PL-->GT,PL-->GT,PL-->GT,PL-->GT,PL-->GT,PL-->GT,,,,,,,,,,,,,,,,,GT-->PL,GT-->PL,GT-->PL,GT-->PL,GT-->PL,GT-->PL,GT-->PL,GT-->PL,GT-->PL,GT-->PL,GT-->PL,GT-->PL,GT-->PL,GT-->PL,GT-->PL,GT-->PL,GT-->PL,GT-->PL,GT-->PL
PT,PRT,Portugal,Lisbon,Europe,Southern Europe,,PT-->GT,PT-->GT,PT-->GT,PT-->GT,PT-->GT,PT-->GT,PT-->GT,PT-->GT,PT-->GT,PT-->GT,PT-->GT,PT-->GT,PT-->GT,PT-->GT,PT-->GT,PT-->GT,PT-->GT,PT-->GT,PT-->GT,,,,,,,,,,,,,,,,,GT-->PT,GT-->PT,GT-->PT,GT-->PT,GT-->PT,GT-->PT,GT-->PT,GT-->PT,GT-->PT,GT-->PT,GT-->PT,GT-->PT,GT-->PT,GT-->PT,GT-->PT,GT-->PT,GT-->PT,GT-->PT,GT-->PT
PR,PRI,Puerto Rico,San Juan,Americas,Caribbean,,PR-->GT,PR-->GT,PR-->GT,PR-->GT,PR-->GT,PR-->GT,PR-->GT,PR-->GT,PR-->GT,PR-->GT,PR-->GT,PR-->GT,PR-->GT,PR-->GT,PR-->GT,PR-->GT,PR-->GT,PR-->GT,PR-->GT,,,,,,,,,,,,,,,,,GT-->PR,GT-->PR,GT-->PR,GT-->PR,GT-->PR,GT-->PR,GT-->PR,GT-->PR,GT-->PR,GT-->PR,GT-->PR,GT-->PR,GT-->PR,GT-->PR,GT-->PR,GT-->PR,GT-->PR,GT-->PR,GT-->PR
QA,QAT,Qatar,Doha,Asia,Western Asia,,QA-->GT,QA-->GT,QA-->GT,QA-->GT,QA-->GT,QA-->GT,QA-->GT,QA-->GT,QA-->GT,QA-->GT,QA-->GT,QA-->GT,QA-->GT,QA-->GT,QA-->GT,QA-->GT,QA-->GT,QA-->GT,QA-->GT,,,,,,,,,,,,,,,,,GT-->QA,GT-->QA,GT-->QA,GT-->QA,GT-->QA,GT-->QA,GT-->QA,GT-->QA,GT-->QA,GT-->QA,GT-->QA,GT-->QA,GT-->QA,GT-->QA,GT-->QA,GT-->QA,GT-->QA,GT-->QA,GT-->QA
XK,KOS,Republic of Kosovo,Pristina,Europe,Eastern Europe,,XK-->GT,XK-->GT,XK-->GT,XK-->GT,XK-->GT,XK-->GT,XK-->GT,XK-->GT,XK-->GT,XK-->GT,XK-->GT,XK-->GT,XK-->GT,XK-->GT,XK-->GT,XK-->GT,XK-->GT,XK-->GT,XK-->GT,,,,,,,,,,,,,,,,,GT-->XK,GT-->XK,GT-->XK,GT-->XK,GT-->XK,GT-->XK,GT-->XK,GT-->XK,GT-->XK,GT-->XK,GT-->XK,GT-->XK,GT-->XK,GT-->XK,GT-->XK,GT-->XK,GT-->XK,GT-->XK,GT-->XK
RE,REU,Réunion,Saint-Denis,Africa,Eastern Africa,,RE-->GT,RE-->GT,RE-->GT,RE-->GT,RE-->GT,RE-->GT,RE-->GT,RE-->GT,RE-->GT,RE-->GT,RE-->GT,RE-->GT,RE-->GT,RE-->GT,RE-->GT,RE-->GT,RE-->GT,RE-->GT,RE-->GT,,,,,,,,,,,,,,,,,GT-->RE,GT-->RE,GT-->RE,GT-->RE,GT-->RE,GT-->RE,GT-->RE,GT-->RE,GT-->RE,GT-->RE,GT-->RE,GT-->RE,GT-->RE,GT-->RE,GT-->RE,GT-->RE,GT-->RE,GT-->RE,GT-->RE
RO,ROU,Romania,Bucharest,Europe,Eastern Europe,,RO-->GT,RO-->GT,RO-->GT,RO-->GT,RO-->GT,RO-->GT,RO-->GT,RO-->GT,RO-->GT,RO-->GT,RO-->GT,RO-->GT,RO-->GT,RO-->GT,RO-->GT,RO-->GT,RO-->GT,RO-->GT,RO-->GT,,,,,,,,,,,,,,,,,GT-->RO,GT-->RO,GT-->RO,GT-->RO,GT-->RO,GT-->RO,GT-->RO,GT-->RO,GT-->RO,GT-->RO,GT-->RO,GT-->RO,GT-->RO,GT-->RO,GT-->RO,GT-->RO,GT-->RO,GT-->RO,GT-->RO
RU,RUS,Russia,Moscow,Europe,Eastern Europe,,RU-->GT,RU-->GT,RU-->GT,RU-->GT,RU-->GT,RU-->GT,RU-->GT,RU-->GT,RU-->GT,RU-->GT,RU-->GT,RU-->GT,RU-->GT,RU-->GT,RU-->GT,RU-->GT,RU-->GT,RU-->GT,RU-->GT,,,,,,,,,,,,,,,,,GT-->RU,GT-->RU,GT-->RU,GT-->RU,GT-->RU,GT-->RU,GT-->RU,GT-->RU,GT-->RU,GT-->RU,GT-->RU,GT-->RU,GT-->RU,GT-->RU,GT-->RU,GT-->RU,GT-->RU,GT-->RU,GT-->RU
RW,RWA,Rwanda,Kigali,Africa,Eastern Africa,,RW-->GT,RW-->GT,RW-->GT,RW-->GT,RW-->GT,RW-->GT,RW-->GT,RW-->GT,RW-->GT,RW-->GT,RW-->GT,RW-->GT,RW-->GT,RW-->GT,RW-->GT,RW-->GT,RW-->GT,RW-->GT,RW-->GT,,,,,,,,,,,,,,,,,GT-->RW,GT-->RW,GT-->RW,GT-->RW,GT-->RW,GT-->RW,GT-->RW,GT-->RW,GT-->RW,GT-->RW,GT-->RW,GT-->RW,GT-->RW,GT-->RW,GT-->RW,GT-->RW,GT-->RW,GT-->RW,GT-->RW
BL,BLM,Saint Barthélemy,Gustavia,Americas,Caribbean,,BL-->GT,BL-->GT,BL-->GT,BL-->GT,BL-->GT,BL-->GT,BL-->GT,BL-->GT,BL-->GT,BL-->GT,BL-->GT,BL-->GT,BL-->GT,BL-->GT,BL-->GT,BL-->GT,BL-->GT,BL-->GT,BL-->GT,,,,,,,,,,,,,,,,,GT-->BL,GT-->BL,GT-->BL,GT-->BL,GT-->BL,GT-->BL,GT-->BL,GT-->BL,GT-->BL,GT-->BL,GT-->BL,GT-->BL,GT-->BL,GT-->BL,GT-->BL,GT-->BL,GT-->BL,GT-->BL,GT-->BL
SH,SHN,Saint Helena,Jamestown,Africa,Western Africa,,SH-->GT,SH-->GT,SH-->GT,SH-->GT,SH-->GT,SH-->GT,SH-->GT,SH-->GT,SH-->GT,SH-->GT,SH-->GT,SH-->GT,SH-->GT,SH-->GT,SH-->GT,SH-->GT,SH-->GT,SH-->GT,SH-->GT,,,,,,,,,,,,,,,,,GT-->SH,GT-->SH,GT-->SH,GT-->SH,GT-->SH,GT-->SH,GT-->SH,GT-->SH,GT-->SH,GT-->SH,GT-->SH,GT-->SH,GT-->SH,GT-->SH,GT-->SH,GT-->SH,GT-->SH,GT-->SH,GT-->SH
KN,KNA,Saint Kitts and Nevis,Basseterre,Americas,Caribbean,,KN-->GT,KN-->GT,KN-->GT,KN-->GT,KN-->GT,KN-->GT,KN-->GT,KN-->GT,KN-->GT,KN-->GT,KN-->GT,KN-->GT,KN-->GT,KN-->GT,KN-->GT,KN-->GT,KN-->GT,KN-->GT,KN-->GT,,,,,,,,,,,,,,,,,GT-->KN,GT-->KN,GT-->KN,GT-->KN,GT-->KN,GT-->KN,GT-->KN,GT-->KN,GT-->KN,GT-->KN,GT-->KN,GT-->KN,GT-->KN,GT-->KN,GT-->KN,GT-->KN,GT-->KN,GT-->KN,GT-->KN
LC,LCA,Saint Lucia,Castries,Americas,Caribbean,,LC-->GT,LC-->GT,LC-->GT,LC-->GT,LC-->GT,LC-->GT,LC-->GT,LC-->GT,LC-->GT,LC-->GT,LC-->GT,LC-->GT,LC-->GT,LC-->GT,LC-->GT,LC-->GT,LC-->GT,LC-->GT,LC-->GT,,,,,,,,,,,,,,,,,GT-->LC,GT-->LC,GT-->LC,GT-->LC,GT-->LC,GT-->LC,GT-->LC,GT-->LC,GT-->LC,GT-->LC,GT-->LC,GT-->LC,GT-->LC,GT-->LC,GT-->LC,GT-->LC,GT-->LC,GT-->LC,GT-->LC
MF,MAF,Saint Martin,Marigot,Americas,Caribbean,,MF-->GT,MF-->GT,MF-->GT,MF-->GT,MF-->GT,MF-->GT,MF-->GT,MF-->GT,MF-->GT,MF-->GT,MF-->GT,MF-->GT,MF-->GT,MF-->GT,MF-->GT,MF-->GT,MF-->GT,MF-->GT,MF-->GT,,,,,,,,,,,,,,,,,GT-->MF,GT-->MF,GT-->MF,GT-->MF,GT-->MF,GT-->MF,GT-->MF,GT-->MF,GT-->MF,GT-->MF,GT-->MF,GT-->MF,GT-->MF,GT-->MF,GT-->MF,GT-->MF,GT-->MF,GT-->MF,GT-->MF
PM,SPM,Saint Pierre and Miquelon,Saint-Pierre,Americas,Northern America,,PM-->GT,PM-->GT,PM-->GT,PM-->GT,PM-->GT,PM-->GT,PM-->GT,PM-->GT,PM-->GT,PM-->GT,PM-->GT,PM-->GT,PM-->GT,PM-->GT,PM-->GT,PM-->GT,PM-->GT,PM-->GT,PM-->GT,,,,,,,,,,,,,,,,,GT-->PM,GT-->PM,GT-->PM,GT-->PM,GT-->PM,GT-->PM,GT-->PM,GT-->PM,GT-->PM,GT-->PM,GT-->PM,GT-->PM,GT-->PM,GT-->PM,GT-->PM,GT-->PM,GT-->PM,GT-->PM,GT-->PM
VC,VCT,Saint Vincent and the Grenadines,Kingstown,Americas,Caribbean,,VC-->GT,VC-->GT,VC-->GT,VC-->GT,VC-->GT,VC-->GT,VC-->GT,VC-->GT,VC-->GT,VC-->GT,VC-->GT,VC-->GT,VC-->GT,VC-->GT,VC-->GT,VC-->GT,VC-->GT,VC-->GT,VC-->GT,,,,,,,,,,,,,,,,,GT-->VC,GT-->VC,GT-->VC,GT-->VC,GT-->VC,GT-->VC,GT-->VC,GT-->VC,GT-->VC,GT-->VC,GT-->VC,GT-->VC,GT-->VC,GT-->VC,GT-->VC,GT-->VC,GT-->VC,GT-->VC,GT-->VC
WS,WSM,Samoa,Apia,Oceania,Polynesia,,WS-->GT,WS-->GT,WS-->GT,WS-->GT,WS-->GT,WS-->GT,WS-->GT,WS-->GT,WS-->GT,WS-->GT,WS-->GT,WS-->GT,WS-->GT,WS-->GT,WS-->GT,WS-->GT,WS-->GT,WS-->GT,WS-->GT,,,,,,,,,,,,,,,,,GT-->WS,GT-->WS,GT-->WS,GT-->WS,GT-->WS,GT-->WS,GT-->WS,GT-->WS,GT-->WS,GT-->WS,GT-->WS,GT-->WS,GT-->WS,GT-->WS,GT-->WS,GT-->WS,GT-->WS,GT-->WS,GT-->WS
SM,SMR,San Marino,City of San Marino,Europe,Southern Europe,,SM-->GT,SM-->GT,SM-->GT,SM-->GT,SM-->GT,SM-->GT,SM-->GT,SM-->GT,SM-->GT,SM-->GT,SM-->GT,SM-->GT,SM-->GT,SM-->GT,SM-->GT,SM-->GT,SM-->GT,SM-->GT,SM-->GT,,,,,,,,,,,,,,,,,GT-->SM,GT-->SM,GT-->SM,GT-->SM,GT-->SM,GT-->SM,GT-->SM,GT-->SM,GT-->SM,GT-->SM,GT-->SM,GT-->SM,GT-->SM,GT-->SM,GT-->SM,GT-->SM,GT-->SM,GT-->SM,GT-->SM
ST,STP,São Tomé and Príncipe,São Tomé,Africa,Middle Africa,,ST-->GT,ST-->GT,ST-->GT,ST-->GT,ST-->GT,ST-->GT,ST-->GT,ST-->GT,ST-->GT,ST-->GT,ST-->GT,ST-->GT,ST-->GT,ST-->GT,ST-->GT,ST-->GT,ST-->GT,ST-->GT,ST-->GT,,,,,,,,,,,,,,,,,GT-->ST,GT-->ST,GT-->ST,GT-->ST,GT-->ST,GT-->ST,GT-->ST,GT-->ST,GT-->ST,GT-->ST,GT-->ST,GT-->ST,GT-->ST,GT-->ST,GT-->ST,GT-->ST,GT-->ST,GT-->ST,GT-->ST
SA,SAU,Saudi Arabia,Riyadh,Asia,Western Asia,,SA-->GT,SA-->GT,SA-->GT,SA-->GT,SA-->GT,SA-->GT,SA-->GT,SA-->GT,SA-->GT,SA-->GT,SA-->GT,SA-->GT,SA-->GT,SA-->GT,SA-->GT,SA-->GT,SA-->GT,SA-->GT,SA-->GT,,,,,,,,,,,,,,,,,GT-->SA,GT-->SA,GT-->SA,GT-->SA,GT-->SA,GT-->SA,GT-->SA,GT-->SA,GT-->SA,GT-->SA,GT-->SA,GT-->SA,GT-->SA,GT-->SA,GT-->SA,GT-->SA,GT-->SA,GT-->SA,GT-->SA
SN,SEN,Senegal,Dakar,Africa,Western Africa,,SN-->GT,SN-->GT,SN-->GT,SN-->GT,SN-->GT,SN-->GT,SN-->GT,SN-->GT,SN-->GT,SN-->GT,SN-->GT,SN-->GT,SN-->GT,SN-->GT,SN-->GT,SN-->GT,SN-->GT,SN-->GT,SN-->GT,,,,,,,,,,,,,,,,,GT-->SN,GT-->SN,GT-->SN,GT-->SN,GT-->SN,GT-->SN,GT-->SN,GT-->SN,GT-->SN,GT-->SN,GT-->SN,GT-->SN,GT-->SN,GT-->SN,GT-->SN,GT-->SN,GT-->SN,GT-->SN,GT-->SN
RS,SRB,Serbia,Belgrade,Europe,Southern Europe,,RS-->GT,RS-->GT,RS-->GT,RS-->GT,RS-->GT,RS-->GT,RS-->GT,RS-->GT,RS-->GT,RS-->GT,RS-->GT,RS-->GT,RS-->GT,RS-->GT,RS-->GT,RS-->GT,RS-->GT,RS-->GT,RS-->GT,,,,,,,,,,,,,,,,,GT-->RS,GT-->RS,GT-->RS,GT-->RS,GT-->RS,GT-->RS,GT-->RS,GT-->RS,GT-->RS,GT-->RS,GT-->RS,GT-->RS,GT-->RS,GT-->RS,GT-->RS,GT-->RS,GT-->RS,GT-->RS,GT-->RS
SC,SYC,Seychelles,Victoria,Africa,Eastern Africa,,SC-->GT,SC-->GT,SC-->GT,SC-->GT,SC-->GT,SC-->GT,SC-->GT,SC-->GT,SC-->GT,SC-->GT,SC-->GT,SC-->GT,SC-->GT,SC-->GT,SC-->GT,SC-->GT,SC-->GT,SC-->GT,SC-->GT,,,,,,,,,,,,,,,,,GT-->SC,GT-->SC,GT-->SC,GT-->SC,GT-->SC,GT-->SC,GT-->SC,GT-->SC,GT-->SC,GT-->SC,GT-->SC,GT-->SC,GT-->SC,GT-->SC,GT-->SC,GT-->SC,GT-->SC,GT-->SC,GT-->SC
SL,SLE,Sierra Leone,Freetown,Africa,Western Africa,,SL-->GT,SL-->GT,SL-->GT,SL-->GT,SL-->GT,SL-->GT,SL-->GT,SL-->GT,SL-->GT,SL-->GT,SL-->GT,SL-->GT,SL-->GT,SL-->GT,SL-->GT,SL-->GT,SL-->GT,SL-->GT,SL-->GT,,,,,,,,,,,,,,,,,GT-->SL,GT-->SL,GT-->SL,GT-->SL,GT-->SL,GT-->SL,GT-->SL,GT-->SL,GT-->SL,GT-->SL,GT-->SL,GT-->SL,GT-->SL,GT-->SL,GT-->SL,GT-->SL,GT-->SL,GT-->SL,GT-->SL
SG,SGP,Singapore,Singapore,Asia,South-Eastern Asia,,SG-->GT,SG-->GT,SG-->GT,SG-->GT,SG-->GT,SG-->GT,SG-->GT,SG-->GT,SG-->GT,SG-->GT,SG-->GT,SG-->GT,SG-->GT,SG-->GT,SG-->GT,SG-->GT,SG-->GT,SG-->GT,SG-->GT,,,,,,,,,,,,,,,,,GT-->SG,GT-->SG,GT-->SG,GT-->SG,GT-->SG,GT-->SG,GT-->SG,GT-->SG,GT-->SG,GT-->SG,GT-->SG,GT-->SG,GT-->SG,GT-->SG,GT-->SG,GT-->SG,GT-->SG,GT-->SG,GT-->SG
SX,SXM,Sint Maarten,Philipsburg,Americas,Caribbean,,SX-->GT,SX-->GT,SX-->GT,SX-->GT,SX-->GT,SX-->GT,SX-->GT,SX-->GT,SX-->GT,SX-->GT,SX-->GT,SX-->GT,SX-->GT,SX-->GT,SX-->GT,SX-->GT,SX-->GT,SX-->GT,SX-->GT,,,,,,,,,,,,,,,,,GT-->SX,GT-->SX,GT-->SX,GT-->SX,GT-->SX,GT-->SX,GT-->SX,GT-->SX,GT-->SX,GT-->SX,GT-->SX,GT-->SX,GT-->SX,GT-->SX,GT-->SX,GT-->SX,GT-->SX,GT-->SX,GT-->SX
SK,SVK,Slovakia,Bratislava,Europe,Eastern Europe,,SK-->GT,SK-->GT,SK-->GT,SK-->GT,SK-->GT,SK-->GT,SK-->GT,SK-->GT,SK-->GT,SK-->GT,SK-->GT,SK-->GT,SK-->GT,SK-->GT,SK-->GT,SK-->GT,SK-->GT,SK-->GT,SK-->GT,,,,,,,,,,,,,,,,,GT-->SK,GT-->SK,GT-->SK,GT-->SK,GT-->SK,GT-->SK,GT-->SK,GT-->SK,GT-->SK,GT-->SK,GT-->SK,GT-->SK,GT-->SK,GT-->SK,GT-->SK,GT-->SK,GT-->SK,GT-->SK,GT-->SK
SI,SVN,Slovenia,Ljubljana,Europe,Southern Europe,,SI-->GT,SI-->GT,SI-->GT,SI-->GT,SI-->GT,SI-->GT,SI-->GT,SI-->GT,SI-->GT,SI-->GT,SI-->GT,SI-->GT,SI-->GT,SI-->GT,SI-->GT,SI-->GT,SI-->GT,SI-->GT,SI-->GT,,,,,,,,,,,,,,,,,GT-->SI,GT-->SI,GT-->SI,GT-->SI,GT-->SI,GT-->SI,GT-->SI,GT-->SI,GT-->SI,GT-->SI,GT-->SI,GT-->SI,GT-->SI,GT-->SI,GT-->SI,GT-->SI,GT-->SI,GT-->SI,GT-->SI
SB,SLB,Solomon Islands,Honiara,Oceania,Melanesia,,SB-->GT,SB-->GT,SB-->GT,SB-->GT,SB-->GT,SB-->GT,SB-->GT,SB-->GT,SB-->GT,SB-->GT,SB-->GT,SB-->GT,SB-->GT,SB-->GT,SB-->GT,SB-->GT,SB-->GT,SB-->GT,SB-->GT,,,,,,,,,,,,,,,,,GT-->SB,GT-->SB,GT-->SB,GT-->SB,GT-->SB,GT-->SB,GT-->SB,GT-->SB,GT-->SB,GT-->SB,GT-->SB,GT-->SB,GT-->SB,GT-->SB,GT-->SB,GT-->SB,GT-->SB,GT-->SB,GT-->SB
SO,SOM,Somalia,Mogadishu,Africa,Eastern Africa,,SO-->GT,SO-->GT,SO-->GT,SO-->GT,SO-->GT,SO-->GT,SO-->GT,SO-->GT,SO-->GT,SO-->GT,SO-->GT,SO-->GT,SO-->GT,SO-->GT,SO-->GT,SO-->GT,SO-->GT,SO-->GT,SO-->GT,,,,,,,,,,,,,,,,,GT-->SO,GT-->SO,GT-->SO,GT-->SO,GT-->SO,GT-->SO,GT-->SO,GT-->SO,GT-->SO,GT-->SO,GT-->SO,GT-->SO,GT-->SO,GT-->SO,GT-->SO,GT-->SO,GT-->SO,GT-->SO,GT-->SO
ZA,ZAF,South Africa,Pretoria,Africa,Southern Africa,,ZA-->GT,ZA-->GT,ZA-->GT,ZA-->GT,ZA-->GT,ZA-->GT,ZA-->GT,ZA-->GT,ZA-->GT,ZA-->GT,ZA-->GT,ZA-->GT,ZA-->GT,ZA-->GT,ZA-->GT,ZA-->GT,ZA-->GT,ZA-->GT,ZA-->GT,,,,,,,,,,,,,,,,,GT-->ZA,GT-->ZA,GT-->ZA,GT-->ZA,GT-->ZA,GT-->ZA,GT-->ZA,GT-->ZA,GT-->ZA,GT-->ZA,GT-->ZA,GT-->ZA,GT-->ZA,GT-->ZA,GT-->ZA,GT-->ZA,GT-->ZA,GT-->ZA,GT-->ZA
GS,SGS,South Georgia,King Edward Point,Americas,South America,,GS-->GT,GS-->GT,GS-->GT,GS-->GT,GS-->GT,GS-->GT,GS-->GT,GS-->GT,GS-->GT,GS-->GT,GS-->GT,GS-->GT,GS-->GT,GS-->GT,GS-->GT,GS-->GT,GS-->GT,GS-->GT,GS-->GT,,,,,,,,,,,,,,,,,GT-->GS,GT-->GS,GT-->GS,GT-->GS,GT-->GS,GT-->GS,GT-->GS,GT-->GS,GT-->GS,GT-->GS,GT-->GS,GT-->GS,GT-->GS,GT-->GS,GT-->GS,GT-->GS,GT-->GS,GT-->GS,GT-->GS
KR,KOR,South Korea,Seoul,Asia,Eastern Asia,,KR-->GT,KR-->GT,KR-->GT,KR-->GT,KR-->GT,KR-->GT,KR-->GT,KR-->GT,KR-->GT,KR-->GT,KR-->GT,KR-->GT,KR-->GT,KR-->GT,KR-->GT,KR-->GT,KR-->GT,KR-->GT,KR-->GT,,,,,,,,,,,,,,,,,GT-->KR,GT-->KR,GT-->KR,GT-->KR,GT-->KR,GT-->KR,GT-->KR,GT-->KR,GT-->KR,GT-->KR,GT-->KR,GT-->KR,GT-->KR,GT-->KR,GT-->KR,GT-->KR,GT-->KR,GT-->KR,GT-->KR
SS,SSD,South Sudan,Juba,Africa,Middle Africa,,SS-->GT,SS-->GT,SS-->GT,SS-->GT,SS-->GT,SS-->GT,SS-->GT,SS-->GT,SS-->GT,SS-->GT,SS-->GT,SS-->GT,SS-->GT,SS-->GT,SS-->GT,SS-->GT,SS-->GT,SS-->GT,SS-->GT,,,,,,,,,,,,,,,,,GT-->SS,GT-->SS,GT-->SS,GT-->SS,GT-->SS,GT-->SS,GT-->SS,GT-->SS,GT-->SS,GT-->SS,GT-->SS,GT-->SS,GT-->SS,GT-->SS,GT-->SS,GT-->SS,GT-->SS,GT-->SS,GT-->SS
ES,ESP,Spain,Madrid,Europe,Southern Europe,,ES-->GT,ES-->GT,ES-->GT,ES-->GT,ES-->GT,ES-->GT,ES-->GT,ES-->GT,ES-->GT,ES-->GT,ES-->GT,ES-->GT,ES-->GT,ES-->GT,ES-->GT,ES-->GT,ES-->GT,ES-->GT,ES-->GT,,,,,,,,,,,,,,,,,GT-->ES,GT-->ES,GT-->ES,GT-->ES,GT-->ES,GT-->ES,GT-->ES,GT-->ES,GT-->ES,GT-->ES,GT-->ES,GT-->ES,GT-->ES,GT-->ES,GT-->ES,GT-->ES,GT-->ES,GT-->ES,GT-->ES
LK,LKA,Sri Lanka,Colombo,Asia,Southern Asia,,LK-->GT,LK-->GT,LK-->GT,LK-->GT,LK-->GT,LK-->GT,LK-->GT,LK-->GT,LK-->GT,LK-->GT,LK-->GT,LK-->GT,LK-->GT,LK-->GT,LK-->GT,LK-->GT,LK-->GT,LK-->GT,LK-->GT,,,,,,,,,,,,,,,,,GT-->LK,GT-->LK,GT-->LK,GT-->LK,GT-->LK,GT-->LK,GT-->LK,GT-->LK,GT-->LK,GT-->LK,GT-->LK,GT-->LK,GT-->LK,GT-->LK,GT-->LK,GT-->LK,GT-->LK,GT-->LK,GT-->LK
SD,SDN,Sudan,Khartoum,Africa,Northern Africa,,SD-->GT,SD-->GT,SD-->GT,SD-->GT,SD-->GT,SD-->GT,SD-->GT,SD-->GT,SD-->GT,SD-->GT,SD-->GT,SD-->GT,SD-->GT,SD-->GT,SD-->GT,SD-->GT,SD-->GT,SD-->GT,SD-->GT,,,,,,,,,,,,,,,,,GT-->SD,GT-->SD,GT-->SD,GT-->SD,GT-->SD,GT-->SD,GT-->SD,GT-->SD,GT-->SD,GT-->SD,GT-->SD,GT-->SD,GT-->SD,GT-->SD,GT-->SD,GT-->SD,GT-->SD,GT-->SD,GT-->SD
SR,SUR,Suriname,Paramaribo,Americas,South America,,SR-->GT,SR-->GT,SR-->GT,SR-->GT,SR-->GT,SR-->GT,SR-->GT,SR-->GT,SR-->GT,SR-->GT,SR-->GT,SR-->GT,SR-->GT,SR-->GT,SR-->GT,SR-->GT,SR-->GT,SR-->GT,SR-->GT,,,,,,,,,,,,,,,,,GT-->SR,GT-->SR,GT-->SR,GT-->SR,GT-->SR,GT-->SR,GT-->SR,GT-->SR,GT-->SR,GT-->SR,GT-->SR,GT-->SR,GT-->SR,GT-->SR,GT-->SR,GT-->SR,GT-->SR,GT-->SR,GT-->SR
SJ,SJM,Svalbard and Jan Mayen,Longyearbyen,Europe,Northern Europe,,SJ-->GT,SJ-->GT,SJ-->GT,SJ-->GT,SJ-->GT,SJ-->GT,SJ-->GT,SJ-->GT,SJ-->GT,SJ-->GT,SJ-->GT,SJ-->GT,SJ-->GT,SJ-->GT,SJ-->GT,SJ-->GT,SJ-->GT,SJ-->GT,SJ-->GT,,,,,,,,,,,,,,,,,GT-->SJ,GT-->SJ,GT-->SJ,GT-->SJ,GT-->SJ,GT-->SJ,GT-->SJ,GT-->SJ,GT-->SJ,GT-->SJ,GT-->SJ,GT-->SJ,GT-->SJ,GT-->SJ,GT-->SJ,GT-->SJ,GT-->SJ,GT-->SJ,GT-->SJ
SZ,SWZ,Swaziland,Lobamba,Africa,Southern Africa,,SZ-->GT,SZ-->GT,SZ-->GT,SZ-->GT,SZ-->GT,SZ-->GT,SZ-->GT,SZ-->GT,SZ-->GT,SZ-->GT,SZ-->GT,SZ-->GT,SZ-->GT,SZ-->GT,SZ-->GT,SZ-->GT,SZ-->GT,SZ-->GT,SZ-->GT,,,,,,,,,,,,,,,,,GT-->SZ,GT-->SZ,GT-->SZ,GT-->SZ,GT-->SZ,GT-->SZ,GT-->SZ,GT-->SZ,GT-->SZ,GT-->SZ,GT-->SZ,GT-->SZ,GT-->SZ,GT-->SZ,GT-->SZ,GT-->SZ,GT-->SZ,GT-->SZ,GT-->SZ
SE,SWE,Sweden,Stockholm,Europe,Northern Europe,,SE-->GT,SE-->GT,SE-->GT,SE-->GT,SE-->GT,SE-->GT,SE-->GT,SE-->GT,SE-->GT,SE-->GT,SE-->GT,SE-->GT,SE-->GT,SE-->GT,SE-->GT,SE-->GT,SE-->GT,SE-->GT,SE-->GT,,,,,,,,,,,,,,,,,GT-->SE,GT-->SE,GT-->SE,GT-->SE,GT-->SE,GT-->SE,GT-->SE,GT-->SE,GT-->SE,GT-->SE,GT-->SE,GT-->SE,GT-->SE,GT-->SE,GT-->SE,GT-->SE,GT-->SE,GT-->SE,GT-->SE
CH,CHE,Switzerland,Bern,Europe,Western Europe,,CH-->GT,CH-->GT,CH-->GT,CH-->GT,CH-->GT,CH-->GT,CH-->GT,CH-->GT,CH-->GT,CH-->GT,CH-->GT,CH-->GT,CH-->GT,CH-->GT,CH-->GT,CH-->GT,CH-->GT,CH-->GT,CH-->GT,,,,,,,,,,,,,,,,,GT-->CH,GT-->CH,GT-->CH,GT-->CH,GT-->CH,GT-->CH,GT-->CH,GT-->CH,GT-->CH,GT-->CH,GT-->CH,GT-->CH,GT-->CH,GT-->CH,GT-->CH,GT-->CH,GT-->CH,GT-->CH,GT-->CH
SY,SYR,Syria,Damascus,Asia,Western Asia,,SY-->GT,SY-->GT,SY-->GT,SY-->GT,SY-->GT,SY-->GT,SY-->GT,SY-->GT,SY-->GT,SY-->GT,SY-->GT,SY-->GT,SY-->GT,SY-->GT,SY-->GT,SY-->GT,SY-->GT,SY-->GT,SY-->GT,,,,,,,,,,,,,,,,,GT-->SY,GT-->SY,GT-->SY,GT-->SY,GT-->SY,GT-->SY,GT-->SY,GT-->SY,GT-->SY,GT-->SY,GT-->SY,GT-->SY,GT-->SY,GT-->SY,GT-->SY,GT-->SY,GT-->SY,GT-->SY,GT-->SY
TW,TWN,Taiwan,Taipei,Asia,Eastern Asia,,TW-->GT,TW-->GT,TW-->GT,TW-->GT,TW-->GT,TW-->GT,TW-->GT,TW-->GT,TW-->GT,TW-->GT,TW-->GT,TW-->GT,TW-->GT,TW-->GT,TW-->GT,TW-->GT,TW-->GT,TW-->GT,TW-->GT,,,,,,,,,,,,,,,,,GT-->TW,GT-->TW,GT-->TW,GT-->TW,GT-->TW,GT-->TW,GT-->TW,GT-->TW,GT-->TW,GT-->TW,GT-->TW,GT-->TW,GT-->TW,GT-->TW,GT-->TW,GT-->TW,GT-->TW,GT-->TW,GT-->TW
TJ,TJK,Tajikistan,Dushanbe,Asia,Central Asia,,TJ-->GT,TJ-->GT,TJ-->GT,TJ-->GT,TJ-->GT,TJ-->GT,TJ-->GT,TJ-->GT,TJ-->GT,TJ-->GT,TJ-->GT,TJ-->GT,TJ-->GT,TJ-->GT,TJ-->GT,TJ-->GT,TJ-->GT,TJ-->GT,TJ-->GT,,,,,,,,,,,,,,,,,GT-->TJ,GT-->TJ,GT-->TJ,GT-->TJ,GT-->TJ,GT-->TJ,GT-->TJ,GT-->TJ,GT-->TJ,GT-->TJ,GT-->TJ,GT-->TJ,GT-->TJ,GT-->TJ,GT-->TJ,GT-->TJ,GT-->TJ,GT-->TJ,GT-->TJ
TZ,TZA,Tanzania,Dodoma,Africa,Eastern Africa,,TZ-->GT,TZ-->GT,TZ-->GT,TZ-->GT,TZ-->GT,TZ-->GT,TZ-->GT,TZ-->GT,TZ-->GT,TZ-->GT,TZ-->GT,TZ-->GT,TZ-->GT,TZ-->GT,TZ-->GT,TZ-->GT,TZ-->GT,TZ-->GT,TZ-->GT,,,,,,,,,,,,,,,,,GT-->TZ,GT-->TZ,GT-->TZ,GT-->TZ,GT-->TZ,GT-->TZ,GT-->TZ,GT-->TZ,GT-->TZ,GT-->TZ,GT-->TZ,GT-->TZ,GT-->TZ,GT-->TZ,GT-->TZ,GT-->TZ,GT-->TZ,GT-->TZ,GT-->TZ
TH,THA,Thailand,Bangkok,Asia,South-Eastern Asia,,TH-->GT,TH-->GT,TH-->GT,TH-->GT,TH-->GT,TH-->GT,TH-->GT,TH-->GT,TH-->GT,TH-->GT,TH-->GT,TH-->GT,TH-->GT,TH-->GT,TH-->GT,TH-->GT,TH-->GT,TH-->GT,TH-->GT,,,,,,,,,,,,,,,,,GT-->TH,GT-->TH,GT-->TH,GT-->TH,GT-->TH,GT-->TH,GT-->TH,GT-->TH,GT-->TH,GT-->TH,GT-->TH,GT-->TH,GT-->TH,GT-->TH,GT-->TH,GT-->TH,GT-->TH,GT-->TH,GT-->TH
TL,TLS,East Timor,Dili,Asia,South-Eastern Asia,,TL-->GT,TL-->GT,TL-->GT,TL-->GT,TL-->GT,TL-->GT,TL-->GT,TL-->GT,TL-->GT,TL-->GT,TL-->GT,TL-->GT,TL-->GT,TL-->GT,TL-->GT,TL-->GT,TL-->GT,TL-->GT,TL-->GT,,,,,,,,,,,,,,,,,GT-->TL,GT-->TL,GT-->TL,GT-->TL,GT-->TL,GT-->TL,GT-->TL,GT-->TL,GT-->TL,GT-->TL,GT-->TL,GT-->TL,GT-->TL,GT-->TL,GT-->TL,GT-->TL,GT-->TL,GT-->TL,GT-->TL
TG,TGO,Togo,Lomé,Africa,Western Africa,,TG-->GT,TG-->GT,TG-->GT,TG-->GT,TG-->GT,TG-->GT,TG-->GT,TG-->GT,TG-->GT,TG-->GT,TG-->GT,TG-->GT,TG-->GT,TG-->GT,TG-->GT,TG-->GT,TG-->GT,TG-->GT,TG-->GT,,,,,,,,,,,,,,,,,GT-->TG,GT-->TG,GT-->TG,GT-->TG,GT-->TG,GT-->TG,GT-->TG,GT-->TG,GT-->TG,GT-->TG,GT-->TG,GT-->TG,GT-->TG,GT-->TG,GT-->TG,GT-->TG,GT-->TG,GT-->TG,GT-->TG
TK,TKL,Tokelau,Fakaofo,Oceania,Polynesia,,TK-->GT,TK-->GT,TK-->GT,TK-->GT,TK-->GT,TK-->GT,TK-->GT,TK-->GT,TK-->GT,TK-->GT,TK-->GT,TK-->GT,TK-->GT,TK-->GT,TK-->GT,TK-->GT,TK-->GT,TK-->GT,TK-->GT,,,,,,,,,,,,,,,,,GT-->TK,GT-->TK,GT-->TK,GT-->TK,GT-->TK,GT-->TK,GT-->TK,GT-->TK,GT-->TK,GT-->TK,GT-->TK,GT-->TK,GT-->TK,GT-->TK,GT-->TK,GT-->TK,GT-->TK,GT-->TK,GT-->TK
TO,TON,Tonga,Nuku'alofa,Oceania,Polynesia,,TO-->GT,TO-->GT,TO-->GT,TO-->GT,TO-->GT,TO-->GT,TO-->GT,TO-->GT,TO-->GT,TO-->GT,TO-->GT,TO-->GT,TO-->GT,TO-->GT,TO-->GT,TO-->GT,TO-->GT,TO-->GT,TO-->GT,,,,,,,,,,,,,,,,,GT-->TO,GT-->TO,GT-->TO,GT-->TO,GT-->TO,GT-->TO,GT-->TO,GT-->TO,GT-->TO,GT-->TO,GT-->TO,GT-->TO,GT-->TO,GT-->TO,GT-->TO,GT-->TO,GT-->TO,GT-->TO,GT-->TO
TT,TTO,Trinidad and Tobago,Port of Spain,Americas,Caribbean,,TT-->GT,TT-->GT,TT-->GT,TT-->GT,TT-->GT,TT-->GT,TT-->GT,TT-->GT,TT-->GT,TT-->GT,TT-->GT,TT-->GT,TT-->GT,TT-->GT,TT-->GT,TT-->GT,TT-->GT,TT-->GT,TT-->GT,,,,,,,,,,,,,,,,,GT-->TT,GT-->TT,GT-->TT,GT-->TT,GT-->TT,GT-->TT,GT-->TT,GT-->TT,GT-->TT,GT-->TT,GT-->TT,GT-->TT,GT-->TT,GT-->TT,GT-->TT,GT-->TT,GT-->TT,GT-->TT,GT-->TT
TN,TUN,Tunisia,Tunis,Africa,Northern Africa,,TN-->GT,TN-->GT,TN-->GT,TN-->GT,TN-->GT,TN-->GT,TN-->GT,TN-->GT,TN-->GT,TN-->GT,TN-->GT,TN-->GT,TN-->GT,TN-->GT,TN-->GT,TN-->GT,TN-->GT,TN-->GT,TN-->GT,,,,,,,,,,,,,,,,,GT-->TN,GT-->TN,GT-->TN,GT-->TN,GT-->TN,GT-->TN,GT-->TN,GT-->TN,GT-->TN,GT-->TN,GT-->TN,GT-->TN,GT-->TN,GT-->TN,GT-->TN,GT-->TN,GT-->TN,GT-->TN,GT-->TN
TR,TUR,Turkey,Ankara,Asia,Western Asia,,TR-->GT,TR-->GT,TR-->GT,TR-->GT,TR-->GT,TR-->GT,TR-->GT,TR-->GT,TR-->GT,TR-->GT,TR-->GT,TR-->GT,TR-->GT,TR-->GT,TR-->GT,TR-->GT,TR-->GT,TR-->GT,TR-->GT,,,,,,,,,,,,,,,,,GT-->TR,GT-->TR,GT-->TR,GT-->TR,GT-->TR,GT-->TR,GT-->TR,GT-->TR,GT-->TR,GT-->TR,GT-->TR,GT-->TR,GT-->TR,GT-->TR,GT-->TR,GT-->TR,GT-->TR,GT-->TR,GT-->TR
TM,TKM,Turkmenistan,Ashgabat,Asia,Central Asia,,TM-->GT,TM-->GT,TM-->GT,TM-->GT,TM-->GT,TM-->GT,TM-->GT,TM-->GT,TM-->GT,TM-->GT,TM-->GT,TM-->GT,TM-->GT,TM-->GT,TM-->GT,TM-->GT,TM-->GT,TM-->GT,TM-->GT,,,,,,,,,,,,,,,,,GT-->TM,GT-->TM,GT-->TM,GT-->TM,GT-->TM,GT-->TM,GT-->TM,GT-->TM,GT-->TM,GT-->TM,GT-->TM,GT-->TM,GT-->TM,GT-->TM,GT-->TM,GT-->TM,GT-->TM,GT-->TM,GT-->TM
TC,TCA,Turks and Caicos Islands,Cockburn Town,Americas,Caribbean,,TC-->GT,TC-->GT,TC-->GT,TC-->GT,TC-->GT,TC-->GT,TC-->GT,TC-->GT,TC-->GT,TC-->GT,TC-->GT,TC-->GT,TC-->GT,TC-->GT,TC-->GT,TC-->GT,TC-->GT,TC-->GT,TC-->GT,,,,,,,,,,,,,,,,,GT-->TC,GT-->TC,GT-->TC,GT-->TC,GT-->TC,GT-->TC,GT-->TC,GT-->TC,GT-->TC,GT-->TC,GT-->TC,GT-->TC,GT-->TC,GT-->TC,GT-->TC,GT-->TC,GT-->TC,GT-->TC,GT-->TC
TV,TUV,Tuvalu,Funafuti,Oceania,Polynesia,,TV-->GT,TV-->GT,TV-->GT,TV-->GT,TV-->GT,TV-->GT,TV-->GT,TV-->GT,TV-->GT,TV-->GT,TV-->GT,TV-->GT,TV-->GT,TV-->GT,TV-->GT,TV-->GT,TV-->GT,TV-->GT,TV-->GT,,,,,,,,,,,,,,,,,GT-->TV,GT-->TV,GT-->TV,GT-->TV,GT-->TV,GT-->TV,GT-->TV,GT-->TV,GT-->TV,GT-->TV,GT-->TV,GT-->TV,GT-->TV,GT-->TV,GT-->TV,GT-->TV,GT-->TV,GT-->TV,GT-->TV
UG,UGA,Uganda,Kampala,Africa,Eastern Africa,,UG-->GT,UG-->GT,UG-->GT,UG-->GT,UG-->GT,UG-->GT,UG-->GT,UG-->GT,UG-->GT,UG-->GT,UG-->GT,UG-->GT,UG-->GT,UG-->GT,UG-->GT,UG-->GT,UG-->GT,UG-->GT,UG-->GT,,,,,,,,,,,,,,,,,GT-->UG,GT-->UG,GT-->UG,GT-->UG,GT-->UG,GT-->UG,GT-->UG,GT-->UG,GT-->UG,GT-->UG,GT-->UG,GT-->UG,GT-->UG,GT-->UG,GT-->UG,GT-->UG,GT-->UG,GT-->UG,GT-->UG
UA,UKR,Ukraine,Kiev,Europe,Eastern Europe,,UA-->GT,UA-->GT,UA-->GT,UA-->GT,UA-->GT,UA-->GT,UA-->GT,UA-->GT,UA-->GT,UA-->GT,UA-->GT,UA-->GT,UA-->GT,UA-->GT,UA-->GT,UA-->GT,UA-->GT,UA-->GT,UA-->GT,,,,,,,,,,,,,,,,,GT-->UA,GT-->UA,GT-->UA,GT-->UA,GT-->UA,GT-->UA,GT-->UA,GT-->UA,GT-->UA,GT-->UA,GT-->UA,GT-->UA,GT-->UA,GT-->UA,GT-->UA,GT-->UA,GT-->UA,GT-->UA,GT-->UA
AE,ARE,United Arab Emirates,Abu Dhabi,Asia,Western Asia,,AE-->GT,AE-->GT,AE-->GT,AE-->GT,AE-->GT,AE-->GT,AE-->GT,AE-->GT,AE-->GT,AE-->GT,AE-->GT,AE-->GT,AE-->GT,AE-->GT,AE-->GT,AE-->GT,AE-->GT,AE-->GT,AE-->GT,,,,,,,,,,,,,,,,,GT-->AE,GT-->AE,GT-->AE,GT-->AE,GT-->AE,GT-->AE,GT-->AE,GT-->AE,GT-->AE,GT-->AE,GT-->AE,GT-->AE,GT-->AE,GT-->AE,GT-->AE,GT-->AE,GT-->AE,GT-->AE,GT-->AE
GB,GBR,United Kingdom,London,Europe,Northern Europe,,GB-->GT,GB-->GT,GB-->GT,GB-->GT,GB-->GT,GB-->GT,GB-->GT,GB-->GT,GB-->GT,GB-->GT,GB-->GT,GB-->GT,GB-->GT,GB-->GT,GB-->GT,GB-->GT,GB-->GT,GB-->GT,GB-->GT,,,,,,,,,,,,,,,,,GT-->GB,GT-->GB,GT-->GB,GT-->GB,GT-->GB,GT-->GB,GT-->GB,GT-->GB,GT-->GB,GT-->GB,GT-->GB,GT-->GB,GT-->GB,GT-->GB,GT-->GB,GT-->GB,GT-->GB,GT-->GB,GT-->GB
US,USA,United States,"Washington, D.C.",Americas,Northern America,,US-->GT,US-->GT,US-->GT,US-->GT,US-->GT,US-->GT,US-->GT,US-->GT,US-->GT,US-->GT,US-->GT,US-->GT,US-->GT,US-->GT,US-->GT,US-->GT,US-->GT,US-->GT,US-->GT,,,,,,,,,,,,,,,,,GT-->US,GT-->US,GT-->US,GT-->US,GT-->US,GT-->US,GT-->US,GT-->US,GT-->US,GT-->US,GT-->US,GT-->US,GT-->US,GT-->US,GT-->US,GT-->US,GT-->US,GT-->US,GT-->US
UY,URY,Uruguay,Montevideo,Americas,South America,,UY-->GT,UY-->GT,UY-->GT,UY-->GT,UY-->GT,UY-->GT,UY-->GT,UY-->GT,UY-->GT,UY-->GT,UY-->GT,UY-->GT,UY-->GT,UY-->GT,UY-->GT,UY-->GT,UY-->GT,UY-->GT,UY-->GT,,,,,,,,,,,,,,,,,GT-->UY,GT-->UY,GT-->UY,GT-->UY,GT-->UY,GT-->UY,GT-->UY,GT-->UY,GT-->UY,GT-->UY,GT-->UY,GT-->UY,GT-->UY,GT-->UY,GT-->UY,GT-->UY,GT-->UY,GT-->UY,GT-->UY
UZ,UZB,Uzbekistan,Tashkent,Asia,Central Asia,,UZ-->GT,UZ-->GT,UZ-->GT,UZ-->GT,UZ-->GT,UZ-->GT,UZ-->GT,UZ-->GT,UZ-->GT,UZ-->GT,UZ-->GT,UZ-->GT,UZ-->GT,UZ-->GT,UZ-->GT,UZ-->GT,UZ-->GT,UZ-->GT,UZ-->GT,,,,,,,,,,,,,,,,,GT-->UZ,GT-->UZ,GT-->UZ,GT-->UZ,GT-->UZ,GT-->UZ,GT-->UZ,GT-->UZ,GT-->UZ,GT-->UZ,GT-->UZ,GT-->UZ,GT-->UZ,GT-->UZ,GT-->UZ,GT-->UZ,GT-->UZ,GT-->UZ,GT-->UZ
VU,VUT,Vanuatu,Port Vila,Oceania,Melanesia,,VU-->GT,VU-->GT,VU-->GT,VU-->GT,VU-->GT,VU-->GT,VU-->GT,VU-->GT,VU-->GT,VU-->GT,VU-->GT,VU-->GT,VU-->GT,VU-->GT,VU-->GT,VU-->GT,VU-->GT,VU-->GT,VU-->GT,,,,,,,,,,,,,,,,,GT-->VU,GT-->VU,GT-->VU,GT-->VU,GT-->VU,GT-->VU,GT-->VU,GT-->VU,GT-->VU,GT-->VU,GT-->VU,GT-->VU,GT-->VU,GT-->VU,GT-->VU,GT-->VU,GT-->VU,GT-->VU,GT-->VU
VE,VEN,Venezuela,Caracas,Americas,South America,,VE-->GT,VE-->GT,VE-->GT,VE-->GT,VE-->GT,VE-->GT,VE-->GT,VE-->GT,VE-->GT,VE-->GT,VE-->GT,VE-->GT,VE-->GT,VE-->GT,VE-->GT,VE-->GT,VE-->GT,VE-->GT,VE-->GT,,,,,,,,,,,,,,,,,GT-->VE,GT-->VE,GT-->VE,GT-->VE,GT-->VE,GT-->VE,GT-->VE,GT-->VE,GT-->VE,GT-->VE,GT-->VE,GT-->VE,GT-->VE,GT-->VE,GT-->VE,GT-->VE,GT-->VE,GT-->VE,GT-->VE
VN,VNM,Vietnam,Hanoi,Asia,South-Eastern Asia,,VN-->GT,VN-->GT,VN-->GT,VN-->GT,VN-->GT,VN-->GT,VN-->GT,VN-->GT,VN-->GT,VN-->GT,VN-->GT,VN-->GT,VN-->GT,VN-->GT,VN-->GT,VN-->GT,VN-->GT,VN-->GT,VN-->GT,,,,,,,,,,,,,,,,,GT-->VN,GT-->VN,GT-->VN,GT-->VN,GT-->VN,GT-->VN,GT-->VN,GT-->VN,GT-->VN,GT-->VN,GT-->VN,GT-->VN,GT-->VN,GT-->VN,GT-->VN,GT-->VN,GT-->VN,GT-->VN,GT-->VN
WF,WLF,Wallis and Futuna,Mata-Utu,Oceania,Polynesia,,WF-->GT,WF-->GT,WF-->GT,WF-->GT,WF-->GT,WF-->GT,WF-->GT,WF-->GT,WF-->GT,WF-->GT,WF-->GT,WF-->GT,WF-->GT,WF-->GT,WF-->GT,WF-->GT,WF-->GT,WF-->GT,WF-->GT,,,,,,,,,,,,,,,,,GT-->WF,GT-->WF,GT-->WF,GT-->WF,GT-->WF,GT-->WF,GT-->WF,GT-->WF,GT-->WF,GT-->WF,GT-->WF,GT-->WF,GT-->WF,GT-->WF,GT-->WF,GT-->WF,GT-->WF,GT-->WF,GT-->WF
EH,ESH,Western Sahara,El Aaiún,Africa,Northern Africa,,EH-->GT,EH-->GT,EH-->GT,EH-->GT,EH-->GT,EH-->GT,EH-->GT,EH-->GT,EH-->GT,EH-->GT,EH-->GT,EH-->GT,EH-->GT,EH-->GT,EH-->GT,EH-->GT,EH-->GT,EH-->GT,EH-->GT,,,,,,,,,,,,,,,,,GT-->EH,GT-->EH,GT-->EH,GT-->EH,GT-->EH,GT-->EH,GT-->EH,GT-->EH,GT-->EH,GT-->EH,GT-->EH,GT-->EH,GT-->EH,GT-->EH,GT-->EH,GT-->EH,GT-->EH,GT-->EH,GT-->EH
YE,YEM,Yemen,Sana'a,Asia,Western Asia,,YE-->GT,YE-->GT,YE-->GT,YE-->GT,YE-->GT,YE-->GT,YE-->GT,YE-->GT,YE-->GT,YE-->GT,YE-->GT,YE-->GT,YE-->GT,YE-->GT,YE-->GT,YE-->GT,YE-->GT,YE-->GT,YE-->GT,,,,,,,,,,,,,,,,,GT-->YE,GT-->YE,GT-->YE,GT-->YE,GT-->YE,GT-->YE,GT-->YE,GT-->YE,GT-->YE,GT-->YE,GT-->YE,GT-->YE,GT-->YE,GT-->YE,GT-->YE,GT-->YE,GT-->YE,GT-->YE,GT-->YE
ZM,ZMB,Zambia,Lusaka,Africa,Eastern Africa,,ZM-->GT,ZM-->GT,ZM-->GT,ZM-->GT,ZM-->GT,ZM-->GT,ZM-->GT,ZM-->GT,ZM-->GT,ZM-->GT,ZM-->GT,ZM-->GT,ZM-->GT,ZM-->GT,ZM-->GT,ZM-->GT,ZM-->GT,ZM-->GT,ZM-->GT,,,,,,,,,,,,,,,,,GT-->ZM,GT-->ZM,GT-->ZM,GT-->ZM,GT-->ZM,GT-->ZM,GT-->ZM,GT-->ZM,GT-->ZM,GT-->ZM,GT-->ZM,GT-->ZM,GT-->ZM,GT-->ZM,GT-->ZM,GT-->ZM,GT-->ZM,GT-->ZM,GT-->ZM
ZW,ZWE,Zimbabwe,Harare,Africa,Eastern Africa,,ZW-->GT,ZW-->GT,ZW-->GT,ZW-->GT,ZW-->GT,ZW-->GT,ZW-->GT,ZW-->GT,ZW-->GT,ZW-->GT,ZW-->GT,ZW-->GT,ZW-->GT,ZW-->GT,ZW-->GT,ZW-->GT,ZW-->GT,ZW-->GT,ZW-->GT,,,,,,,,,,,,,,,,,GT-->ZW,GT-->ZW,GT-->ZW,GT-->ZW,GT-->ZW,GT-->ZW,GT-->ZW,GT-->ZW,GT-->ZW,GT-->ZW,GT-->ZW,GT-->ZW,GT-->ZW,GT-->ZW,GT-->ZW,GT-->ZW,GT-->ZW,GT-->ZW,GT-->ZW
